schedule,cg_tol,rung,iter,compliance,change_design,max_dphys,mean_dphys,class_frac,class_count,solid,cg_iters,mg_used,hier_built,mg_levels,cycles,active_frac,beta,plateau,infeasible,vf,mnd,mfv,mnd_proj,mfv_proj,draft,traj_tol
base,1e-09,0,1,281.11555,0.1998,-1,-1,-1,-1,3456,114,1,1,3,114,1.0000,0,0,0,0.09003,0.276792,48,0.276792,48,0,1.00e-09
base,1e-09,0,2,95.226788,0.1998,0.1998,0.0602909,0,0,3456,92,1,1,3,92,0.8663,0,0,0,0.09521,0.277692,48,0.277692,48,0,1.00e-09
base,1e-09,0,3,33.132194,0.1998,0.198004,0.037973,0.0225694,78,3456,96,1,1,3,96,0.8403,0,0,0,0.10325,0.27293,26,0.27293,26,0,1.00e-09
base,1e-09,0,4,15.384317,0.176512,0.146352,0.0174192,0.00868056,30,3456,81,1,1,3,81,0.8108,0,0,0,0.11495,0.283066,30,0.283066,30,0,1.00e-09
base,1e-09,0,5,9.5412939,0.176853,0.149122,0.00889025,0.00925926,32,3456,79,1,1,3,79,0.8038,0,0,0,0.11864,0.275495,62,0.275495,62,0,1.00e-09
base,1e-09,0,6,7.9674474,0.183042,0.144243,0.0066394,0.0150463,52,3456,80,1,1,3,80,0.7743,0,0,0,0.11900,0.267618,84,0.267618,84,0,1.00e-09
base,1e-09,0,7,7.2672441,0.1998,0.147626,0.0066286,0.0104167,36,3456,84,1,1,3,84,0.7691,0,0,0,0.11896,0.258045,108,0.258045,108,0,1.00e-09
base,1e-09,0,8,6.6699313,0.183191,0.0927634,0.006546,0.0104167,36,3456,75,1,1,3,75,0.7656,0,0,0,0.11907,0.248229,118,0.248229,118,0,1.00e-09
base,1e-09,0,9,6.1377699,0.144867,0.0876999,0.00667349,0.00868056,30,3456,73,1,1,3,73,0.7517,0,0,0,0.11909,0.237941,140,0.237941,140,0,1.00e-09
base,1e-09,0,10,5.6653076,0.129935,0.0789085,0.00647492,0.00636574,22,3456,86,1,1,3,86,0.7274,0,0,0,0.11909,0.227783,158,0.227783,158,0,1.00e-09
base,1e-09,0,11,5.2483664,0.165944,0.0962736,0.00721752,0.00983796,34,3456,93,1,1,3,93,0.7205,0,0,0,0.11899,0.216112,154,0.216112,154,0,1.00e-09
base,1e-09,0,12,4.840655,0.1998,0.10427,0.0079008,0.00578704,20,3456,91,1,1,3,91,0.7188,0,0,0,0.11892,0.203319,148,0.203319,148,0,1.00e-09
base,1e-09,0,13,4.4410587,0.199372,0.103798,0.00836428,0.00868056,30,3456,94,1,1,3,94,0.7101,0,0,0,0.11879,0.189346,144,0.189346,144,0,1.00e-09
base,1e-09,0,14,4.0761995,0.1998,0.113713,0.00799568,0.00520833,18,3456,104,1,1,3,104,0.7031,0,0,0,0.11887,0.175659,162,0.175659,162,0,1.00e-09
base,1e-09,0,15,3.7673775,0.1998,0.124453,0.00697493,0.00578704,20,3456,114,1,1,3,114,0.7031,0,0,0,0.11902,0.163304,154,0.163304,154,0,1.00e-09
base,1e-09,0,16,3.5438933,0.1998,0.119405,0.00523577,0.00520833,18,3456,125,1,1,3,125,0.7014,0,0,0,0.11940,0.155478,176,0.155478,176,0,1.00e-09
base,1e-09,0,17,3.3897622,0.1998,0.10784,0.00408364,0.00578704,20,3456,135,1,1,3,135,0.6997,0,0,0,0.11958,0.150792,170,0.150792,170,0,1.00e-09
base,1e-09,0,18,3.2899683,0.1998,0.095884,0.0035367,0.00289352,10,3456,133,1,1,3,133,0.6927,0,0,0,0.11966,0.147234,174,0.147234,174,0,1.00e-09
base,1e-09,0,19,3.2185099,0.1998,0.0709464,0.00297444,0.00289352,10,3456,124,1,1,3,124,0.6771,0,0,0,0.11974,0.1441,184,0.1441,184,0,1.00e-09
base,1e-09,0,20,3.1644753,0.1998,0.0705585,0.00268606,0.00231481,8,3456,135,1,1,3,135,0.6753,0,0,0,0.11979,0.141713,196,0.141713,196,0,1.00e-09
base,1e-09,0,21,3.1233316,0.185627,0.0844643,0.00229093,0.00289352,10,3456,127,1,1,3,127,0.6753,0,0,0,0.11986,0.140047,204,0.140047,204,0,1.00e-09
base,1e-09,0,22,3.0922765,0.186584,0.0782428,0.00194004,0.00173611,6,3456,132,1,1,3,132,0.6753,0,0,0,0.11989,0.138854,214,0.138854,214,0,1.00e-09
base,1e-09,0,23,3.0711067,0.1998,0.0952707,0.00183016,0.000578704,2,3456,132,1,1,3,132,0.6753,0,0,0,0.11990,0.137769,216,0.137769,216,0,1.00e-09
base,1e-09,0,24,3.0515299,0.1998,0.0582973,0.00131054,0.000578704,2,3456,133,1,1,3,133,0.6753,0,0,0,0.11995,0.137198,202,0.137198,202,0,1.00e-09
base,1e-09,0,25,3.0386746,0.165609,0.0599008,0.000892102,0.00115741,4,3456,134,1,1,3,134,0.6771,0,0,0,0.11997,0.1371,198,0.1371,198,0,1.00e-09
base,1e-09,0,26,3.0320954,0.165768,0.0497886,0.000834813,0.00231481,8,3456,133,1,1,3,133,0.6771,0,0,0,0.11997,0.137118,202,0.137118,202,0,1.00e-09
base,1e-09,0,27,3.0273272,0.1247,0.0414321,0.000858095,0.00115741,4,3456,140,1,1,3,140,0.6771,0,0,0,0.11997,0.137182,206,0.137182,206,0,1.00e-09
base,1e-09,0,28,3.022736,0.163102,0.0473755,0.00088122,0.000578704,2,3456,135,1,1,3,135,0.6771,0,0,0,0.11997,0.137342,208,0.137342,208,0,1.00e-09
base,1e-09,0,29,3.0181309,0.1903,0.0509382,0.00084125,0,0,3456,134,1,1,3,134,0.6788,0,0,0,0.11998,0.137493,208,0.137493,208,0,1.00e-09
base,1e-09,0,30,3.0139871,0.180735,0.0638884,0.000772083,0.00173611,6,3456,131,1,1,3,131,0.6788,0,0,0,0.11998,0.137744,220,0.137744,220,0,1.00e-09
base,1e-09,0,31,3.0108525,0.1998,0.0718939,0.000863309,0.000578704,2,3456,133,1,1,3,133,0.6788,0,0,0,0.11998,0.138045,218,0.138045,218,0,1.00e-09
base,1e-09,0,32,3.0066287,0.1998,0.0719198,0.000918796,0.00115741,4,3456,132,1,1,3,132,0.6788,0,0,0,0.11997,0.138259,218,0.138259,218,0,1.00e-09
base,1e-09,0,33,3.0020688,0.1998,0.0599853,0.000932549,0,0,3456,127,1,1,3,127,0.6788,0,0,0,0.11997,0.138376,218,0.138376,218,0,1.00e-09
base,1e-09,0,34,2.9982645,0.1563,0.0503382,0.000721831,0.000578704,2,3456,126,1,1,3,126,0.6788,0,0,0,0.11998,0.138431,216,0.138431,216,0,1.00e-09
base,1e-09,0,35,2.9952718,0.15058,0.0489158,0.000706697,0.00173611,6,3456,126,1,1,3,126,0.6788,0,0,0,0.11999,0.138451,214,0.138451,214,0,1.00e-09
base,1e-09,0,36,2.9932116,0.147432,0.0472695,0.000655933,0.00231481,8,3456,129,1,1,3,129,0.6788,0,0,0,0.11999,0.138462,210,0.138462,210,0,1.00e-09
base,1e-09,0,37,2.9916079,0.159504,0.0512043,0.000584749,0,0,3456,126,1,1,3,126,0.6788,0,0,0,0.11999,0.138445,210,0.138445,210,0,1.00e-09
base,1e-09,0,38,2.9903477,0.132854,0.042785,0.00047734,0,0,3456,127,1,1,3,127,0.6806,0,0,0,0.11999,0.138444,210,0.138444,210,0,1.00e-09
base,1e-09,0,39,2.9893788,0.0732287,0.0234392,0.00033921,0,0,3456,127,1,1,3,127,0.6806,0,0,0,0.12000,0.138483,210,0.138483,210,0,1.00e-09
base,1e-09,0,40,2.9888115,0.0598203,0.0204846,0.00033104,0.000578704,2,3456,127,1,1,3,127,0.6806,0,0,0,0.12000,0.138564,208,0.138564,208,0,1.00e-09
base,1e-09,0,41,2.9883197,0.0617183,0.0223236,0.000340644,0.000578704,2,3456,130,1,1,3,130,0.6806,0,0,0,0.12000,0.13864,210,0.13864,210,0,1.00e-09
base,1e-09,0,42,2.9877841,0.0758826,0.0274468,0.000332936,0,0,3456,127,1,1,3,127,0.6806,0,0,0,0.12000,0.13883,210,0.13883,210,0,1.00e-09
base,1e-09,0,43,2.9871736,0.0857103,0.0301171,0.000328883,0,0,3456,126,1,1,3,126,0.6806,0,0,0,0.12000,0.13901,210,0.13901,210,0,1.00e-09
base,1e-09,0,44,2.986383,0.099805,0.0347742,0.000371296,0,0,3456,126,1,1,3,126,0.6806,0,0,0,0.11999,0.139203,210,0.139203,210,0,1.00e-09
base,1e-09,0,45,2.9852541,0.133566,0.0438896,0.000482765,0.000578704,2,3456,126,1,1,3,126,0.6806,0,0,0,0.11999,0.139382,212,0.139382,212,0,1.00e-09
base,1e-09,0,46,2.9835381,0.179548,0.0598039,0.000655758,0,0,3456,129,1,1,3,129,0.6806,0,0,0,0.11998,0.139508,212,0.139508,212,0,1.00e-09
base,1e-09,0,47,2.9809036,0.1998,0.0678877,0.000800204,0.00231481,8,3456,126,1,1,3,126,0.6806,0,0,0,0.11998,0.139484,212,0.139484,212,0,1.00e-09
base,1e-09,0,48,2.977364,0.1998,0.0700576,0.000798878,0.00115741,4,3456,125,1,1,3,125,0.6806,0,0,0,0.11998,0.139296,212,0.139296,212,0,1.00e-09
base,1e-09,0,49,2.9737997,0.109564,0.0383438,0.000500079,0,0,3456,124,1,1,3,124,0.6788,0,0,0,0.11999,0.139132,212,0.139132,212,0,1.00e-09
base,1e-09,0,50,2.9717538,0.138308,0.0375197,0.000389696,0.00115741,4,3456,124,1,1,3,124,0.6806,0,0,0,0.11999,0.139059,212,0.139059,212,0,1.00e-09
base,1e-09,0,51,2.970555,0.151091,0.0447723,0.000430429,0,0,3456,124,1,1,3,124,0.6806,0,0,0,0.11999,0.138949,212,0.138949,212,0,1.00e-09
base,1e-09,0,52,2.9692714,0.168013,0.0516502,0.000482031,0.00115741,4,3456,124,1,1,3,124,0.6806,0,0,0,0.11999,0.138788,216,0.138788,216,0,1.00e-09
base,1e-09,0,53,2.9678459,0.171676,0.0484595,0.000519355,0,0,3456,124,1,1,3,124,0.6806,0,0,0,0.11999,0.138603,216,0.138603,216,0,1.00e-09
base,1e-09,0,54,2.9662648,0.140599,0.0475679,0.000522988,0,0,3456,124,1,1,3,124,0.6806,0,0,0,0.11999,0.138441,216,0.138441,216,0,1.00e-09
base,1e-09,0,55,2.9645697,0.143728,0.0493692,0.000505546,0,0,3456,124,1,1,3,124,0.6806,0,0,0,0.11999,0.138339,216,0.138339,216,0,1.00e-09
base,1e-09,0,56,2.9629264,0.138697,0.0433719,0.000482362,0.000578704,2,3456,124,1,1,3,124,0.6806,0,0,0,0.11999,0.138257,218,0.138257,218,0,1.00e-09
base,1e-09,0,57,2.9611846,0.158933,0.050623,0.000456274,0.000578704,2,3456,123,1,1,3,123,0.6806,0,0,0,0.11999,0.138205,220,0.138205,220,0,1.00e-09
base,1e-09,0,58,2.9594529,0.181215,0.0552336,0.0004904,0.00173611,6,3456,124,1,1,3,124,0.6806,0,0,0,0.11999,0.138096,218,0.138096,218,0,1.00e-09
base,1e-09,0,59,2.9576051,0.125203,0.0472603,0.000413649,0.000578704,2,3456,127,1,1,3,127,0.6806,0,0,0,0.11999,0.138026,220,0.138026,220,0,1.00e-09
base,1e-09,0,60,2.9561484,0.110351,0.0425637,0.000334841,0,0,3456,125,1,1,3,125,0.6823,0,0,0,0.12000,0.137958,220,0.137958,220,0,1.00e-09
base,1e-09,0,61,2.9554292,0.0786312,0.0315643,0.00031443,0.000578704,2,3456,125,1,1,3,125,0.6823,0,0,0,0.12000,0.137907,218,0.137907,218,0,1.00e-09
base,1e-09,0,62,2.954855,0.069216,0.0250354,0.000296267,0,0,3456,127,1,1,3,127,0.6840,0,0,0,0.12000,0.137874,218,0.137874,218,0,1.00e-09
base,1e-09,0,63,2.9543138,0.0762711,0.0275873,0.000295983,0,0,3456,125,1,1,3,125,0.6840,0,0,0,0.12000,0.137871,218,0.137871,218,0,1.00e-09
base,1e-09,0,64,2.9537097,0.0922775,0.0333768,0.000307097,0,0,3456,125,1,1,3,125,0.6840,0,0,0,0.12000,0.137879,218,0.137879,218,0,1.00e-09
base,1e-09,0,65,2.9529631,0.128159,0.0463551,0.000363869,0,0,3456,125,1,1,3,125,0.6840,0,0,0,0.11999,0.137868,218,0.137868,218,0,1.00e-09
base,1e-09,0,66,2.9519742,0.1998,0.0722678,0.000472538,0,0,3456,125,1,1,3,125,0.6840,0,0,0,0.11999,0.137786,218,0.137786,218,0,1.00e-09
base,1e-09,0,67,2.9505428,0.146597,0.0462877,0.000476247,0,0,3456,125,1,1,3,125,0.6840,0,0,0,0.11999,0.137778,218,0.137778,218,0,1.00e-09
base,1e-09,0,68,2.9490541,0.152807,0.0481112,0.000465501,0.00115741,4,3456,126,1,1,3,126,0.6840,0,0,0,0.11999,0.137762,218,0.137762,218,0,1.00e-09
base,1e-09,0,69,2.9478242,0.144184,0.0453672,0.00050124,0.00115741,4,3456,125,1,1,3,125,0.6840,0,0,0,0.11999,0.137693,218,0.137693,218,0,1.00e-09
base,1e-09,0,70,2.9466126,0.136336,0.0436388,0.00044453,0,0,3456,125,1,1,3,125,0.6840,0,0,0,0.11999,0.137631,218,0.137631,218,0,1.00e-09
base,1e-09,0,71,2.9455539,0.10061,0.027293,0.000326272,0.000578704,2,3456,125,1,1,3,125,0.6840,0,0,0,0.12000,0.137575,216,0.137575,216,0,1.00e-09
base,1e-09,0,72,2.9448731,0.125584,0.0340678,0.000210989,0,0,3456,125,1,1,3,125,0.6840,0,0,0,0.12000,0.13755,216,0.13755,216,0,1.00e-09
base,1e-09,0,73,2.9445803,0.133779,0.0362911,0.000193871,0.000578704,2,3456,125,1,1,3,125,0.6840,0,0,0,0.12000,0.137498,214,0.137498,214,0,1.00e-09
base,1e-09,0,74,2.9443359,0.137604,0.0373284,0.000184825,0,0,3456,125,1,1,3,125,0.6840,0,0,0,0.12000,0.137444,214,0.137444,214,0,1.00e-09
base,1e-09,0,75,2.9440942,0.136108,0.0369228,0.000183539,0.000578704,2,3456,125,1,1,3,125,0.6840,0,0,0,0.12000,0.137374,212,0.137374,212,0,1.00e-09
base,1e-09,0,76,2.943871,0.126247,0.0342478,0.000170257,0.000578704,2,3456,125,1,1,3,125,0.6840,0,0,0,0.12000,0.137306,226,0.137306,226,0,1.00e-09
base,1e-09,0,77,2.9436734,0.111318,0.0301978,0.000158702,0.00115741,4,3456,125,1,1,3,125,0.6840,0,0,0,0.12000,0.137236,224,0.137236,224,0,1.00e-09
base,1e-09,0,78,2.9435029,0.0625382,0.0226201,9.18134e-05,0,0,3456,125,1,1,3,125,0.6840,0,0,0,0.12000,0.13723,224,0.13723,224,0,1.00e-09
base,1e-09,0,79,2.9434223,0.057839,0.0209204,8.46473e-05,0.000578704,2,3456,125,1,1,3,125,0.6858,0,0,0,0.12000,0.137241,226,0.137241,226,0,1.00e-09
base,1e-09,0,80,2.943371,0.0600151,0.0217075,8.49482e-05,0,0,3456,125,1,1,3,125,0.6858,0,0,0,0.12000,0.137251,226,0.137251,226,0,1.00e-09
base,1e-09,0,81,2.9433156,0.0657439,0.0237796,9.20503e-05,0,0,3456,125,1,1,3,125,0.6858,0,1,0,0.12000,0.137263,226,0.137263,226,0,1.00e-09
base,1e-09,0,82,5.1251643,0.1998,0.228919,0.0242841,0.0138889,48,3456,108,1,1,3,108,0.8507,1,0,0,0.11710,0.187188,228,0.179333,228,0,1.00e-09
base,1e-09,0,83,3.9571868,0.157329,0.100539,0.00786828,0.00462963,16,3456,121,1,1,3,121,0.7639,1,0,0,0.11896,0.170788,232,0.16305,232,0,1.00e-09
base,1e-09,0,84,3.433272,0.121702,0.0599939,0.00536281,0.00231481,8,3456,128,1,1,3,128,0.7552,1,0,0,0.11967,0.158954,228,0.151322,228,0,1.00e-09
base,1e-09,0,85,3.1783041,0.107983,0.0498395,0.00355794,0.00173611,6,3456,127,1,1,3,127,0.7378,1,0,0,0.12012,0.152267,226,0.144651,226,0,1.00e-09
base,1e-09,0,86,3.0494316,0.118715,0.0418606,0.00260378,0.00115741,4,3456,122,1,1,3,122,0.7083,1,0,0,0.12029,0.148051,230,0.140434,230,0,1.00e-09
base,1e-09,0,87,2.9768757,0.124132,0.0441846,0.00219697,0.000578704,2,3456,124,1,1,3,124,0.7066,1,0,0,0.12040,0.145387,232,0.137755,232,0,1.00e-09
base,1e-09,0,88,2.9312281,0.104015,0.0412415,0.00189419,0.000578704,2,3456,123,1,1,3,123,0.7031,1,0,0,0.12046,0.143542,218,0.135906,218,0,1.00e-09
base,1e-09,0,89,2.9038132,0.105914,0.0406799,0.00140066,0.000578704,2,3456,123,1,1,3,123,0.7031,1,0,0,0.12051,0.142425,220,0.134789,220,0,1.00e-09
base,1e-09,0,90,2.8869826,0.109195,0.0418137,0.00135278,0.00115741,4,3456,138,1,1,3,138,0.6997,1,0,0,0.12051,0.141455,236,0.133814,236,0,1.00e-09
base,1e-09,0,91,2.8741829,0.114162,0.0412924,0.00123289,0.00115741,4,3456,138,1,1,3,138,0.6962,1,0,0,0.12052,0.140711,240,0.133055,240,0,1.00e-09
base,1e-09,0,92,2.8633834,0.130654,0.0408497,0.00101931,0.000578704,2,3456,135,1,1,3,135,0.6944,1,0,0,0.12054,0.140088,242,0.132429,242,0,1.00e-09
base,1e-09,0,93,2.8557548,0.0951328,0.0311449,0.000924417,0,0,3456,139,1,1,3,139,0.6944,1,0,0,0.12055,0.13952,242,0.131861,242,0,1.00e-09
base,1e-09,0,94,2.8503685,0.0831032,0.0308949,0.000687738,0,0,3456,135,1,1,3,135,0.6944,1,0,0,0.12056,0.139076,242,0.131417,242,0,1.00e-09
base,1e-09,0,95,2.8468623,0.0900743,0.0293977,0.000599153,0.000578704,2,3456,137,1,1,3,137,0.6927,1,0,0,0.12056,0.13875,240,0.131097,240,0,1.00e-09
base,1e-09,0,96,2.8442729,0.094949,0.0284912,0.000618392,0.000578704,2,3456,138,1,1,3,138,0.6927,1,0,0,0.12056,0.138404,242,0.130757,242,0,1.00e-09
base,1e-09,0,97,2.8415223,0.106611,0.0341245,0.000630649,0,0,3456,129,1,1,3,129,0.6910,1,0,0,0.12056,0.138138,242,0.130494,242,0,1.00e-09
base,1e-09,0,98,2.838727,0.114935,0.0355387,0.000549001,0.00115741,4,3456,132,1,1,3,132,0.6892,1,0,0,0.12056,0.138086,242,0.130444,242,0,1.00e-09
base,1e-09,0,99,2.8362266,0.135148,0.0411527,0.000569555,0.00289352,10,3456,134,1,1,3,134,0.6892,1,0,0,0.12057,0.138046,240,0.130404,240,0,1.00e-09
base,1e-09,0,100,2.8337906,0.104992,0.039776,0.000507511,0.00115741,4,3456,138,1,1,3,138,0.6892,1,0,0,0.12057,0.138032,256,0.130387,256,0,1.00e-09
base,1e-09,0,101,2.8320312,0.144769,0.0552704,0.000445747,0.00115741,4,3456,137,1,1,3,137,0.6892,1,0,0,0.12058,0.137938,252,0.130297,252,0,1.00e-09
base,1e-09,0,102,2.8311465,0.107875,0.0411849,0.000286912,0,0,3456,156,1,1,3,156,0.6892,1,0,0,0.12058,0.137882,252,0.13024,252,0,1.00e-09
base,1e-09,0,103,2.830744,0.0783601,0.0236322,0.000228382,0,0,3456,143,1,1,3,143,0.6892,1,0,0,0.12058,0.137848,252,0.130203,252,0,1.00e-09
base,1e-09,0,104,2.8304942,0.074101,0.0217245,0.000195321,0,0,3456,138,1,1,3,138,0.6892,1,0,0,0.12058,0.137833,252,0.130186,252,0,1.00e-09
base,1e-09,0,105,2.8303099,0.0800459,0.0229747,0.000172696,0,0,3456,147,1,1,3,147,0.6892,1,0,0,0.12059,0.137811,252,0.130161,252,0,1.00e-09
base,1e-09,0,106,2.8301128,0.0931302,0.0265265,0.000178243,0,0,3456,147,1,1,3,147,0.6892,1,0,0,0.12059,0.137785,252,0.13013,252,0,1.00e-09
base,1e-09,0,107,2.829865,0.0591603,0.0175037,0.000153105,0,0,3456,146,1,1,3,146,0.6892,1,0,0,0.12059,0.137759,252,0.130098,252,0,1.00e-09
base,1e-09,0,108,2.8296546,0.0633227,0.0202685,0.000163918,0,0,3456,140,1,1,3,140,0.6892,1,0,0,0.12059,0.137755,252,0.13009,252,0,1.00e-09
base,1e-09,0,109,2.8294225,0.0796442,0.0254927,0.000176516,0,0,3456,148,1,1,3,148,0.6892,1,0,0,0.12059,0.137753,252,0.130084,252,0,1.00e-09
base,1e-09,0,110,2.8291407,0.095805,0.0306655,0.000199313,0.000578704,2,3456,145,1,1,3,145,0.6892,1,0,0,0.12059,0.137743,250,0.13007,250,0,1.00e-09
base,1e-09,0,111,2.8287953,0.107966,0.0345579,0.000210095,0,0,3456,148,1,1,3,148,0.6892,1,0,0,0.12059,0.137738,250,0.13006,250,0,1.00e-09
base,1e-09,0,112,2.8284136,0.107874,0.0345285,0.000190169,0,0,3456,143,1,1,3,143,0.6892,1,1,0,0.12059,0.137787,250,0.130105,250,0,1.00e-09
base,1e-09,0,113,2.651792,0.0990473,0.0395528,0.00115229,0.00115741,4,3456,146,1,1,3,146,0.6892,2,0,0,0.12176,0.138871,252,0.111705,252,0,1.00e-09
base,1e-09,0,114,2.6189368,0.0364008,0.0131662,0.000289054,0,0,3456,142,1,1,3,142,0.6927,2,0,0,0.12183,0.138742,252,0.111574,252,0,1.00e-09
base,1e-09,0,115,2.6150031,0.0323693,0.011708,0.000200045,0,0,3456,145,1,1,3,145,0.6910,2,0,0,0.12183,0.138644,252,0.11147,252,0,1.00e-09
base,1e-09,0,116,2.6139962,0.033458,0.0121018,0.000173151,0,0,3456,145,1,1,3,145,0.6910,2,0,0,0.12183,0.138611,252,0.111424,252,0,1.00e-09
base,1e-09,0,117,2.613262,0.0361504,0.0121557,0.000144125,0.000578704,2,3456,145,1,1,3,145,0.6910,2,0,0,0.12183,0.138616,254,0.111412,254,0,1.00e-09
base,1e-09,0,118,2.6127273,0.0427277,0.0136764,0.000145406,0,0,3456,145,1,1,3,145,0.6910,2,0,0,0.12183,0.138624,254,0.111406,254,0,1.00e-09
base,1e-09,0,119,2.6122781,0.0521452,0.0166908,0.00016025,0,0,3456,146,1,1,3,146,0.6910,2,0,0,0.12182,0.138635,254,0.111402,254,0,1.00e-09
base,1e-09,0,120,2.6118192,0.063708,0.0203918,0.000186215,0,0,3456,144,1,1,3,144,0.6910,2,0,0,0.12182,0.138659,254,0.111407,254,0,1.00e-09
base,1e-09,0,121,2.6113163,0.0766268,0.0245269,0.000209691,0,0,3456,143,1,1,3,143,0.6910,2,0,0,0.12182,0.13871,254,0.111433,254,0,1.00e-09
base,1e-09,0,122,2.610757,0.0903047,0.0289049,0.000244866,0,0,3456,144,1,1,3,144,0.6910,2,0,0,0.12182,0.138771,254,0.111465,254,0,1.00e-09
base,1e-09,0,123,2.6101198,0.105787,0.0338605,0.00025227,0.00115741,4,3456,150,1,1,3,150,0.6910,2,0,0,0.12182,0.138838,254,0.111502,254,0,1.00e-09
base,1e-09,0,124,2.6094767,0.105136,0.0336523,0.000277275,0,0,3456,149,1,1,3,149,0.6910,2,0,0,0.12182,0.138909,254,0.111537,254,0,1.00e-09
base,1e-09,0,125,2.6088434,0.094802,0.0303445,0.000306122,0.000578704,2,3456,149,1,1,3,149,0.6910,2,0,0,0.12183,0.138976,256,0.111563,256,0,1.00e-09
base,1e-09,0,126,2.6081903,0.129423,0.041426,0.000322512,0,0,3456,146,1,1,3,146,0.6910,2,0,0,0.12183,0.139051,256,0.111589,256,0,1.00e-09
base,1e-09,0,127,2.6074892,0.153359,0.0490875,0.000323308,0,0,3456,150,1,1,3,150,0.6910,2,0,0,0.12182,0.139124,256,0.111614,256,0,1.00e-09
base,1e-09,0,128,2.6067885,0.148136,0.0474156,0.000299186,0.000578704,2,3456,150,1,1,3,150,0.6910,2,0,0,0.12182,0.139162,242,0.111605,242,0,1.00e-09
base,1e-09,0,129,2.6061731,0.140332,0.0380685,0.000266529,0.00173611,6,3456,148,1,1,3,148,0.6910,2,0,0,0.12181,0.13916,244,0.111566,244,0,1.00e-09
base,1e-09,0,130,2.6056963,0.0446423,0.0142892,0.000154897,0,0,3456,145,1,1,3,145,0.6910,2,0,0,0.12181,0.139196,244,0.111579,244,0,1.00e-09
base,1e-09,0,131,2.6055523,0.0366948,0.0118907,0.000148216,0,0,3456,151,1,1,3,151,0.6910,2,0,0,0.12181,0.139207,244,0.111567,244,0,1.00e-09
base,1e-09,0,132,2.6054683,0.0520031,0.0168892,0.000159633,0,0,3456,141,1,1,3,141,0.6927,2,0,0,0.12181,0.139207,244,0.111541,244,0,1.00e-09
base,1e-09,0,133,2.6053641,0.0737758,0.0240137,0.000192688,0,0,3456,142,1,1,3,142,0.6927,2,0,0,0.12181,0.13919,244,0.111492,244,0,1.00e-09
base,1e-09,0,134,2.6052002,0.103068,0.0336456,0.000211241,0,0,3456,138,1,1,3,138,0.6927,2,0,0,0.12181,0.139213,244,0.111473,244,0,1.00e-09
base,1e-09,0,135,2.6049538,0.128796,0.0412223,0.000251002,0,0,3456,142,1,1,3,142,0.6927,2,0,0,0.12181,0.139228,244,0.111443,244,0,1.00e-09
base,1e-09,0,136,2.6046041,0.169178,0.0458939,0.000288393,0,0,3456,144,1,1,3,144,0.6944,2,0,0,0.12180,0.139227,244,0.111407,244,0,1.00e-09
base,1e-09,0,137,2.6041814,0.167591,0.0454632,0.000294201,0,0,3456,145,1,1,3,145,0.6944,2,0,0,0.12178,0.139194,244,0.111352,244,0,1.00e-09
base,1e-09,0,138,2.6037227,0.116776,0.0385618,0.000237215,0,0,3456,144,1,1,3,144,0.6944,2,0,0,0.12179,0.139329,244,0.111469,244,0,1.00e-09
base,1e-09,0,139,2.6035237,0.0953348,0.0302539,0.000184014,0.000578704,2,3456,141,1,1,3,141,0.6944,2,0,0,0.12179,0.139369,242,0.111493,242,0,1.00e-09
base,1e-09,0,140,2.6033964,0.0596184,0.0194512,9.8476e-05,0,0,3456,137,1,1,3,137,0.6944,2,1,0,0.12179,0.139425,242,0.111542,242,0,1.00e-09
base,1e-09,0,141,2.250036,0.125236,0.052516,0.00190637,0.00115741,4,3456,151,1,1,3,151,0.6927,4,0,0,0.12372,0.142842,246,0.0669139,246,0,1.00e-09
base,1e-09,0,142,2.2192684,0.0355522,0.0121857,0.000381923,0.000578704,2,3456,147,1,1,3,147,0.6944,4,0,0,0.12384,0.142935,248,0.0668463,248,0,1.00e-09
base,1e-09,0,143,2.2159778,0.0282679,0.00922523,0.000227492,0,0,3456,146,1,1,3,146,0.6927,4,0,0,0.12380,0.142768,248,0.0667375,248,0,1.00e-09
base,1e-09,0,144,2.2154647,0.0277259,0.00891496,0.000190162,0,0,3456,148,1,1,3,148,0.6927,4,0,0,0.12377,0.142648,248,0.0666527,248,0,1.00e-09
base,1e-09,0,145,2.2151307,0.0277108,0.00880884,0.000154991,0,0,3456,156,1,1,3,156,0.6962,4,0,0,0.12374,0.142559,248,0.0665986,248,0,1.00e-09
base,1e-09,0,146,2.2148711,0.0330444,0.0105769,0.000150513,0,0,3456,159,1,1,3,159,0.6962,4,0,0,0.12371,0.142472,248,0.0665473,248,0,1.00e-09
base,1e-09,0,147,2.2146428,0.039474,0.0126349,0.000149095,0,0,3456,157,1,1,3,157,0.6962,4,0,0,0.12368,0.142402,248,0.0664998,248,0,1.00e-09
base,1e-09,0,148,2.214422,0.0460238,0.0147314,0.000148243,0,0,3456,157,1,1,3,157,0.6962,4,0,0,0.12366,0.142334,248,0.0664597,248,0,1.00e-09
base,1e-09,0,149,2.2142236,0.0507136,0.0162325,0.000145453,0,0,3456,157,1,1,3,157,0.6962,4,0,0,0.12363,0.14228,248,0.0664278,248,0,1.00e-09
base,1e-09,0,150,2.2140435,0.0518002,0.0165803,0.000142979,0,0,3456,157,1,1,3,157,0.6962,4,0,0,0.12360,0.142239,248,0.0664041,248,0,1.00e-09
base,1e-09,0,151,2.2138867,0.0479793,0.0153573,0.000141119,0,0,3456,157,1,1,3,157,0.6962,4,0,0,0.12358,0.142212,248,0.0663979,248,0,1.00e-09
base,1e-09,0,152,2.2137634,0.0388121,0.0124231,0.000138,0,0,3456,157,1,1,3,157,0.6962,4,0,0,0.12355,0.142205,248,0.066407,248,0,1.00e-09
base,1e-09,0,153,2.2136701,0.0391294,0.0123424,0.000135873,0.000578704,2,3456,157,1,1,3,157,0.6962,4,0,0,0.12353,0.142205,250,0.066432,250,0,1.00e-09
base,1e-09,0,154,2.2135946,0.0444765,0.0139485,0.000138022,0,0,3456,161,1,1,3,161,0.6962,4,1,0,0.12351,0.142222,250,0.0664715,250,0,1.00e-09
base,1e-09,0,155,1.941472,0.0989035,0.0504564,0.00252511,0.00115741,4,3456,174,1,1,3,174,0.6753,8,0,0,0.12282,0.146324,246,0.0219163,246,0,1.00e-09
base,1e-09,0,156,1.9492024,0.0682477,0.0341456,0.00168371,0.000578704,2,3456,177,1,1,3,177,0.6753,8,0,0,0.12412,0.149103,260,0.0215567,260,0,1.00e-09
base,1e-09,0,157,1.9437286,0.0671409,0.0287353,0.00123229,0,0,3456,176,1,1,3,176,0.6753,8,0,0,0.12499,0.151218,260,0.0213015,260,0,1.00e-09
base,1e-09,0,158,1.941032,0.0820793,0.0252101,0.00101434,0,0,3456,182,1,1,3,182,0.6753,8,0,0,0.12567,0.152599,260,0.0209262,260,0,1.00e-09
base,1e-09,0,159,1.938666,0.116934,0.0311661,0.00102195,0,0,3456,189,1,1,3,189,0.6753,8,0,0,0.12631,0.153847,260,0.0204497,260,0,1.00e-09
base,1e-09,0,160,1.9363344,0.1998,0.0527225,0.000902465,0,0,3456,215,1,1,3,215,0.6736,8,0,0,0.12681,0.154854,260,0.0200278,260,0,1.00e-09
base,1e-09,0,161,1.9343414,0.194967,0.045864,0.000696287,0,0,3456,211,1,1,3,211,0.6736,8,0,0,0.12714,0.155557,260,0.0197529,260,0,1.00e-09
base,1e-09,0,162,1.9332148,0.122055,0.0263891,0.000530923,0.000578704,2,3456,220,1,1,3,220,0.6719,8,0,0,0.12736,0.156011,258,0.0196237,258,0,1.00e-09
base,1e-09,0,163,1.9325043,0.106434,0.0266463,0.000523282,0,0,3456,216,1,1,3,216,0.6719,8,0,0,0.12759,0.156466,258,0.0194742,258,0,1.00e-09
base,1e-09,0,164,1.9318531,0.171145,0.0508899,0.000581652,0,0,3456,221,1,1,3,221,0.6719,8,0,0,0.12783,0.156835,258,0.0192643,258,0,1.00e-09
base,1e-09,0,165,1.9308959,0.1998,0.0555023,0.000581483,0,0,3456,220,1,1,3,220,0.6719,8,0,0,0.12802,0.157131,258,0.0191156,258,0,1.00e-09
base,1e-09,0,166,1.9300767,0.1998,0.111806,0.00114961,0,0,3456,224,1,1,3,224,0.6719,8,0,0,0.12811,0.157012,258,0.0188586,258,0,1.00e-09
base,1e-09,0,167,1.9309845,0.1998,0.118642,0.00217713,0,0,3456,244,1,1,3,244,0.6719,8,0,0,0.12786,0.156611,258,0.019347,258,0,1.00e-09
base,1e-09,0,168,1.9306747,0.1998,0.118642,0.00282259,0,0,3456,217,1,1,3,217,0.6736,8,0,0,0.12843,0.157495,258,0.018927,258,0,1.00e-09
base,1e-09,0,169,1.9306377,0.1998,0.116952,0.00285868,0,0,3456,230,1,1,3,230,0.6719,8,0,0,0.12774,0.156374,258,0.0192704,258,0,1.00e-09
base,1e-09,0,170,1.9309595,0.1998,0.0808486,0.00199569,0,0,3456,232,1,1,3,232,0.6719,8,0,0,0.12816,0.157,258,0.0187751,258,0,1.00e-09
base,1e-09,0,171,1.9301111,0.153504,0.051359,0.000930817,0,0,3456,245,1,1,3,245,0.6719,8,0,0,0.12795,0.156789,258,0.0188705,258,0,1.00e-09
base,1e-09,0,172,1.9301694,0.0462193,0.0156361,0.000178588,0,0,3456,231,1,1,3,231,0.6719,8,0,0,0.12801,0.156872,258,0.0188502,258,0,1.00e-09
base,1e-09,0,173,1.9300172,0.00768608,0.00217416,2.71283e-05,0,0,3456,244,1,1,3,244,0.6719,8,0,0,0.12801,0.1569,258,0.0188551,258,0,1.00e-09
base,1e-09,0,174,1.9300067,0.00789966,0.00194692,2.16612e-05,0,0,3456,250,1,1,3,250,0.6719,8,1,0,0.12802,0.156919,258,0.0188569,258,0,1.00e-09
base,1e-09,0,175,1.8603911,0.0999,0.0726202,0.003091,0.000578704,2,3456,227,1,1,3,227,0.6059,16,0,0,0.12550,0.160311,256,0.00346778,256,0,1.00e-09
base,1e-09,0,176,1.8698872,0.0792399,0.045689,0.00199131,0,0,3456,275,1,1,3,275,0.6059,16,0,0,0.12712,0.162952,256,0.00309127,256,0,1.00e-09
base,1e-09,0,177,1.8672522,0.0709519,0.033342,0.00231801,0,0,3456,222,1,1,3,222,0.6181,16,0,0,0.12906,0.165438,256,0.00263569,256,0,1.00e-09
base,1e-09,0,178,1.8655729,0.0999,0.0383048,0.00151401,0,0,3456,217,1,1,3,217,0.6319,16,0,0,0.12995,0.166617,256,0.00219292,256,0,1.00e-09
base,1e-09,0,179,1.8645251,0.0999,0.0549597,0.00118765,0,0,3456,229,1,1,3,229,0.6319,16,0,0,0.12991,0.166732,256,0.00222328,256,0,1.00e-09
base,1e-09,0,180,1.8644479,0.0999,0.0614279,0.00200455,0,0,3456,230,1,1,3,230,0.6319,16,0,0,0.13058,0.167637,256,0.00199002,256,0,1.00e-09
base,1e-09,0,181,1.8643594,0.0999,0.0717455,0.00235882,0,0,3456,220,1,1,3,220,0.6319,16,0,0,0.12968,0.166491,256,0.00228344,256,0,1.00e-09
base,1e-09,0,182,1.8645252,0.0999,0.0618245,0.00231308,0,0,3456,237,1,1,3,237,0.6198,16,0,0,0.13081,0.168139,256,0.00196534,256,0,1.00e-09
base,1e-09,0,183,1.863991,0.0680126,0.0412146,0.00133798,0,0,3456,229,1,1,3,229,0.6319,16,0,0,0.13012,0.167169,256,0.00210156,256,0,1.00e-09
base,1e-09,0,184,1.8641223,0.0999,0.033027,0.000604469,0,0,3456,224,1,1,3,224,0.6319,16,0,0,0.13052,0.167653,256,0.00198489,256,0,1.00e-09
base,1e-09,0,185,1.8638314,0.0262596,0.00743693,0.000112016,0,0,3456,223,1,1,3,223,0.6319,16,1,0,0.13048,0.167584,256,0.00198955,256,0,1.00e-09
base,1e-09,0,186,1.8576671,0.04995,0.0493053,0.00789638,0.000578704,2,3456,265,1,1,3,265,0.5885,32,0,0,0.12248,0.168789,254,0.00125967,254,0,1.00e-09
base,1e-09,0,187,1.8645427,0.04995,0.04995,0.00742113,0.000578704,2,3456,267,1,1,3,267,0.5885,32,0,0,0.12981,0.173017,256,0.00104714,256,0,1.00e-09
base,1e-09,0,188,1.8620976,0.04995,0.0477115,0.00436656,0,0,3456,429,0,1,0,300,0.5885,32,0,0,0.12744,0.170944,256,0.00100969,256,0,1.00e-09
base,1e-09,0,189,1.8607396,0.04995,0.0472696,0.0041178,0,0,3456,269,1,1,3,269,0.5885,32,0,0,0.13145,0.174086,256,0.000959344,256,0,1.00e-09
base,1e-09,0,190,1.8604967,0.04995,0.0469907,0.00298641,0,0,3456,265,1,1,3,265,0.5885,32,0,0,0.12921,0.171962,256,0.000937059,256,0,1.00e-09
base,1e-09,0,191,1.8604294,0.04995,0.0310028,0.00179438,0,0,3456,271,1,1,3,271,0.5885,32,0,0,0.13078,0.173335,256,0.000936802,256,0,1.00e-09
base,1e-09,0,192,1.8604309,0.0406063,0.0184896,0.000717008,0,0,3456,259,1,1,3,259,0.5885,32,0,0,0.13074,0.173274,256,0.000934871,256,0,1.00e-09
base,1e-09,0,193,1.8604224,0.0438652,0.0164179,0.000543731,0,0,3456,263,1,1,3,263,0.5885,32,0,0,0.13107,0.173886,256,0.00093458,256,0,1.00e-09
base,1e-09,0,194,1.8604214,0.0481875,0.0170541,0.000449197,0,0,3456,291,1,1,3,291,0.5885,32,0,0,0.13130,0.174411,256,0.000934702,256,0,1.00e-09
base,1e-09,0,195,1.8604203,0.04995,0.0183023,0.000430431,0,0,3456,260,1,1,3,260,0.5885,32,0,0,0.13151,0.174955,256,0.000934966,256,0,1.00e-09
base,1e-09,0,196,1.8604196,0.04995,0.0177318,0.00040768,0,0,3456,260,1,1,3,260,0.5885,32,1,0,0.13174,0.175475,256,0.00093523,256,0,1.00e-09
base,1e-09,1,1,701.4165,0.1998,-1,-1,-1,-1,3456,125,1,1,3,125,1.0000,0,0,0,0.06480,0.204891,48,0.204891,48,0,1.00e-09
base,1e-09,1,2,594.89425,0.1998,0.1998,0.0618864,0,0,3456,108,1,1,3,108,0.7917,0,0,0,0.06224,0.194896,48,0.194896,48,0,1.00e-09
base,1e-09,1,3,242.66858,0.1998,0.1998,0.04575,0,0,3456,119,1,1,3,119,0.7951,0,0,0,0.05919,0.178434,48,0.178434,48,0,1.00e-09
base,1e-09,1,4,114.0733,0.1998,0.182956,0.0241992,0,0,3456,104,1,1,3,104,0.7552,0,0,0,0.07097,0.209149,48,0.209149,48,0,1.00e-09
base,1e-09,1,5,34.903419,0.1998,0.144577,0.0129841,0.00868056,30,3456,86,1,1,3,86,0.7778,0,0,0,0.08299,0.226118,54,0.226118,54,0,1.00e-09
base,1e-09,1,6,20.009341,0.159854,0.108396,0.00588324,0.00752315,26,3456,89,1,1,3,89,0.7500,0,0,0,0.08699,0.227459,68,0.227459,68,0,1.00e-09
base,1e-09,1,7,16.033303,0.107136,0.0852955,0.0046172,0.00578704,20,3456,89,1,1,3,89,0.7326,0,0,0,0.08763,0.222989,64,0.222989,64,0,1.00e-09
base,1e-09,1,8,14.429299,0.105308,0.0754923,0.00453885,0.00520833,18,3456,92,1,1,3,92,0.7292,0,0,0,0.08771,0.217169,82,0.217169,82,0,1.00e-09
base,1e-09,1,9,13.228915,0.106146,0.0688327,0.00504412,0.00462963,16,3456,103,1,1,3,103,0.7240,0,0,0,0.08762,0.210182,94,0.210182,94,0,1.00e-09
base,1e-09,1,10,12.039985,0.153218,0.0699074,0.00558056,0.00636574,22,3456,101,1,1,3,101,0.7135,0,0,0,0.08748,0.202441,116,0.202441,116,0,1.00e-09
base,1e-09,1,11,10.842234,0.134171,0.0785543,0.00643186,0.00925926,32,3456,122,1,1,3,122,0.7101,0,0,0,0.08730,0.192674,140,0.192674,140,0,1.00e-09
base,1e-09,1,12,9.6029744,0.169488,0.0903853,0.00666569,0.0115741,40,3456,118,1,1,3,118,0.7066,0,0,0,0.08722,0.181727,152,0.181727,152,0,1.00e-09
base,1e-09,1,13,8.4410259,0.171579,0.111423,0.00656198,0.00694444,24,3456,144,1,1,3,144,0.7049,0,0,0,0.08723,0.170734,160,0.170734,160,0,1.00e-09
base,1e-09,1,14,7.478875,0.183639,0.0738102,0.00517919,0.00752315,26,3456,170,1,1,3,170,0.6997,0,0,0,0.08760,0.162236,182,0.162236,182,0,1.00e-09
base,1e-09,1,15,6.7909266,0.138828,0.0755961,0.00469597,0.00405093,14,3456,222,1,1,3,222,0.6806,0,0,0,0.08769,0.154212,196,0.154212,196,0,1.00e-09
base,1e-09,1,16,6.2919626,0.153206,0.0887088,0.00466533,0.00347222,12,3456,167,1,1,3,167,0.6771,0,0,0,0.08774,0.146358,196,0.146358,196,0,1.00e-09
base,1e-09,1,17,5.8802022,0.15325,0.0846405,0.00402347,0.00347222,12,3456,156,1,1,3,156,0.6736,0,0,0,0.08789,0.140183,200,0.140183,200,0,1.00e-09
base,1e-09,1,18,5.5808674,0.146711,0.0788435,0.00376457,0.00173611,6,3456,158,1,1,3,158,0.6719,0,0,0,0.08801,0.134665,206,0.134665,206,0,1.00e-09
base,1e-09,1,19,5.3480037,0.178971,0.0809289,0.00310137,0.000578704,2,3456,151,1,1,3,151,0.6719,0,0,0,0.08808,0.130079,204,0.130079,204,0,1.00e-09
base,1e-09,1,20,5.1742402,0.163609,0.0788129,0.00234991,0.00173611,6,3456,153,1,1,3,153,0.6719,0,0,0,0.08821,0.127463,202,0.127463,202,0,1.00e-09
base,1e-09,1,21,5.0599414,0.190683,0.109542,0.00203622,0.00173611,6,3456,154,1,1,3,154,0.6701,0,0,0,0.08827,0.125817,208,0.125817,208,0,1.00e-09
base,1e-09,1,22,4.9829106,0.1998,0.116409,0.00193028,0.00231481,8,3456,157,1,1,3,157,0.6719,0,0,0,0.08831,0.1246,216,0.1246,216,0,1.00e-09
base,1e-09,1,23,4.9227687,0.181269,0.0548478,0.00178551,0.000578704,2,3456,156,1,1,3,156,0.6719,0,0,0,0.08833,0.123564,214,0.123564,214,0,1.00e-09
base,1e-09,1,24,4.8743324,0.1998,0.0644712,0.00162672,0.00173611,6,3456,156,1,1,3,156,0.6736,0,0,0,0.08835,0.122932,224,0.122932,224,0,1.00e-09
base,1e-09,1,25,4.8338634,0.1998,0.0655099,0.00165464,0.00405093,14,3456,155,1,1,3,155,0.6736,0,0,0,0.08835,0.122576,238,0.122576,238,0,1.00e-09
base,1e-09,1,26,4.7965271,0.1998,0.0699798,0.00151017,0.00115741,4,3456,156,1,1,3,156,0.6736,0,0,0,0.08837,0.122273,238,0.122273,238,0,1.00e-09
base,1e-09,1,27,4.766072,0.1998,0.0716193,0.00145263,0,0,3456,150,1,1,3,150,0.6753,0,0,0,0.08838,0.121646,238,0.121646,238,0,1.00e-09
base,1e-09,1,28,4.7390974,0.1998,0.0694455,0.00123835,0.00115741,4,3456,150,1,1,3,150,0.6753,0,0,0,0.08840,0.121121,234,0.121121,234,0,1.00e-09
base,1e-09,1,29,4.7180268,0.1998,0.0577852,0.000975335,0,0,3456,155,1,1,3,155,0.6771,0,0,0,0.08841,0.120884,234,0.120884,234,0,1.00e-09
base,1e-09,1,30,4.7023103,0.198072,0.0624724,0.000737597,0.000578704,2,3456,157,1,1,3,157,0.6771,0,0,0,0.08842,0.120917,236,0.120917,236,0,1.00e-09
base,1e-09,1,31,4.6909138,0.1998,0.0760284,0.000608035,0.000578704,2,3456,162,1,1,3,162,0.6771,0,0,0,0.08843,0.121162,238,0.121162,238,0,1.00e-09
base,1e-09,1,32,4.6829109,0.1998,0.0830125,0.000519123,0.00115741,4,3456,161,1,1,3,161,0.6771,0,0,0,0.08844,0.121357,242,0.121357,242,0,1.00e-09
base,1e-09,1,33,4.6774192,0.1998,0.0888157,0.000578543,0.000578704,2,3456,163,1,1,3,163,0.6771,0,0,0,0.08844,0.121472,240,0.121472,240,0,1.00e-09
base,1e-09,1,34,4.671691,0.1998,0.0957819,0.000540274,0.00115741,4,3456,169,1,1,3,169,0.6788,0,0,0,0.08844,0.121468,236,0.121468,236,0,1.00e-09
base,1e-09,1,35,4.6652306,0.1998,0.0837371,0.000445931,0,0,3456,164,1,1,3,164,0.6806,0,0,0,0.08844,0.121455,236,0.121455,236,0,1.00e-09
base,1e-09,1,36,4.6600372,0.1998,0.0837371,0.000460573,0,0,3456,164,1,1,3,164,0.6806,0,0,0,0.08844,0.12138,236,0.12138,236,0,1.00e-09
base,1e-09,1,37,4.6546743,0.0864605,0.0318019,0.000235034,0.000578704,2,3456,168,1,1,3,168,0.6806,0,0,0,0.08845,0.12143,238,0.12143,238,0,1.00e-09
base,1e-09,1,38,4.651783,0.0396299,0.0126848,0.000148234,0,0,3456,167,1,1,3,167,0.6823,0,0,0,0.08845,0.121518,238,0.121518,238,0,1.00e-09
base,1e-09,1,39,4.6511949,0.0453069,0.014502,0.000138393,0,0,3456,168,1,1,3,168,0.6840,0,0,0,0.08845,0.12162,238,0.12162,238,0,1.00e-09
base,1e-09,1,40,4.6507289,0.0503562,0.0161181,0.000144967,0,0,3456,168,1,1,3,168,0.6840,0,0,0,0.08845,0.121731,238,0.121731,238,0,1.00e-09
base,1e-09,1,41,4.6502335,0.0540745,0.0173083,0.000154591,0,0,3456,171,1,1,3,171,0.6840,0,0,0,0.08845,0.121851,238,0.121851,238,0,1.00e-09
base,1e-09,1,42,4.6497027,0.0558302,0.0178703,0.000166507,0.000578704,2,3456,171,1,1,3,171,0.6840,0,0,0,0.08845,0.121978,236,0.121978,236,0,1.00e-09
base,1e-09,1,43,4.6491437,0.0595519,0.0192543,0.000177321,0,0,3456,170,1,1,3,170,0.6840,0,0,0,0.08845,0.122106,236,0.122106,236,0,1.00e-09
base,1e-09,1,44,4.6485703,0.0687567,0.02221,0.000185763,0,0,3456,168,1,1,3,168,0.6840,0,0,0,0.08845,0.122233,236,0.122233,236,0,1.00e-09
base,1e-09,1,45,4.6480061,0.0744342,0.0240195,0.000189983,0,0,3456,167,1,1,3,167,0.6840,0,0,0,0.08845,0.122354,236,0.122354,236,0,1.00e-09
base,1e-09,1,46,4.6474851,0.0737293,0.0237833,0.000192808,0,0,3456,171,1,1,3,171,0.6840,0,0,0,0.08845,0.122471,236,0.122471,236,0,1.00e-09
base,1e-09,1,47,4.647031,0.0649608,0.0209534,0.000198649,0,0,3456,168,1,1,3,168,0.6840,0,0,0,0.08845,0.122596,236,0.122596,236,0,1.00e-09
base,1e-09,1,48,4.6466321,0.0871519,0.0278958,0.000209935,0,0,3456,165,1,1,3,165,0.6840,0,0,0,0.08845,0.122739,236,0.122739,236,0,1.00e-09
base,1e-09,1,49,4.6462089,0.114536,0.0366609,0.000226649,0,0,3456,166,1,1,3,166,0.6840,0,0,0,0.08845,0.122895,236,0.122895,236,0,1.00e-09
base,1e-09,1,50,4.6456657,0.128419,0.0411046,0.000247739,0.000578704,2,3456,168,1,1,3,168,0.6840,0,0,0,0.08845,0.123055,238,0.123055,238,0,1.00e-09
base,1e-09,1,51,4.6449354,0.127849,0.0409224,0.000278163,0,0,3456,163,1,1,3,163,0.6840,0,0,0,0.08845,0.123214,238,0.123214,238,0,1.00e-09
base,1e-09,1,52,4.6439457,0.173465,0.0637311,0.000341409,0.000578704,2,3456,165,1,1,3,165,0.6840,0,0,0,0.08845,0.12337,236,0.12337,236,0,1.00e-09
base,1e-09,1,53,4.6425034,0.1998,0.0734066,0.00037991,0.00115741,4,3456,163,1,1,3,163,0.6840,0,0,0,0.08845,0.123479,244,0.123479,244,0,1.00e-09
base,1e-09,1,54,4.6404609,0.1998,0.0734066,0.000405237,0,0,3456,162,1,1,3,162,0.6840,0,0,0,0.08845,0.12351,244,0.12351,244,0,1.00e-09
base,1e-09,1,55,4.6378525,0.113093,0.0367971,0.000328334,0,0,3456,165,1,1,3,165,0.6840,0,0,0,0.08845,0.123457,244,0.123457,244,0,1.00e-09
base,1e-09,1,56,4.6358583,0.105412,0.023525,0.000214968,0,0,3456,164,1,1,3,164,0.6840,0,0,0,0.08845,0.123382,244,0.123382,244,0,1.00e-09
base,1e-09,1,57,4.6350386,0.113371,0.027101,0.000142413,0,0,3456,162,1,1,3,162,0.6840,0,0,0,0.08845,0.123326,244,0.123326,244,0,1.00e-09
base,1e-09,1,58,4.6343768,0.0392993,0.0150038,0.000120248,0,0,3456,164,1,1,3,164,0.6840,0,0,0,0.08845,0.123346,244,0.123346,244,0,1.00e-09
base,1e-09,1,59,4.6338778,0.047985,0.0183199,0.00010139,0,0,3456,183,1,1,3,183,0.6840,0,0,0,0.08845,0.123384,244,0.123384,244,0,1.00e-09
base,1e-09,1,60,4.633326,0.0601681,0.0229712,0.00011285,0,0,3456,162,1,1,3,162,0.6840,0,0,0,0.08845,0.123435,244,0.123435,244,0,1.00e-09
base,1e-09,1,61,4.6326195,0.074195,0.0283264,0.000140177,0,0,3456,162,1,1,3,162,0.6840,0,0,0,0.08845,0.123499,244,0.123499,244,0,1.00e-09
base,1e-09,1,62,4.6316977,0.0893771,0.0341227,0.000172718,0,0,3456,165,1,1,3,165,0.6840,0,0,0,0.08845,0.123573,244,0.123573,244,0,1.00e-09
base,1e-09,1,63,4.6305061,0.103737,0.0396049,0.000219237,0,0,3456,162,1,1,3,162,0.6840,0,0,0,0.08845,0.123653,244,0.123653,244,0,1.00e-09
base,1e-09,1,64,4.6289904,0.115602,0.0441348,0.000272463,0.000578704,2,3456,164,1,1,3,164,0.6840,0,0,0,0.08844,0.123734,246,0.123734,246,0,1.00e-09
base,1e-09,1,65,4.6270947,0.124024,0.0473502,0.000321781,0.00115741,4,3456,165,1,1,3,165,0.6840,0,0,0,0.08844,0.123803,250,0.123803,250,0,1.00e-09
base,1e-09,1,66,4.6247756,0.135573,0.0492504,0.000377511,0.000578704,2,3456,165,1,1,3,165,0.6840,0,0,0,0.08844,0.123847,256,0.123847,256,0,1.00e-09
base,1e-09,1,67,4.6220347,0.161824,0.051797,0.000432065,0,0,3456,163,1,1,3,163,0.6840,0,0,0,0.08844,0.123846,256,0.123846,256,0,1.00e-09
base,1e-09,1,68,4.6189652,0.184721,0.059126,0.00035094,0.000578704,2,3456,165,1,1,3,165,0.6840,0,0,0,0.08844,0.123869,258,0.123869,258,0,1.00e-09
base,1e-09,1,69,4.6164136,0.116517,0.0372949,0.0002243,0,0,3456,166,1,1,3,166,0.6840,0,0,0,0.08845,0.123854,258,0.123854,258,0,1.00e-09
base,1e-09,1,70,4.6148903,0.0646979,0.017112,0.000148632,0,0,3456,165,1,1,3,165,0.6840,0,0,0,0.08845,0.12383,258,0.12383,258,0,1.00e-09
base,1e-09,1,71,4.6145407,0.0655941,0.0171752,0.000116551,0,0,3456,166,1,1,3,166,0.6840,0,0,0,0.08845,0.123805,258,0.123805,258,0,1.00e-09
base,1e-09,1,72,4.6143663,0.0640628,0.0166379,9.48993e-05,0,0,3456,166,1,1,3,166,0.6840,0,0,0,0.08845,0.123776,258,0.123776,258,0,1.00e-09
base,1e-09,1,73,4.6141885,0.0410913,0.0111471,6.54405e-05,0,0,3456,164,1,1,3,164,0.6840,0,0,0,0.08845,0.123749,258,0.123749,258,0,1.00e-09
base,1e-09,1,74,4.6141116,0.0345403,0.00936992,5.12684e-05,0,0,3456,167,1,1,3,167,0.6840,0,0,0,0.08845,0.12373,258,0.12373,258,0,1.00e-09
base,1e-09,1,75,4.6140617,0.0319388,0.011047,4.65905e-05,0,0,3456,166,1,1,3,166,0.6840,0,0,0,0.08845,0.123717,258,0.123717,258,0,1.00e-09
base,1e-09,1,76,4.6140025,0.0419696,0.0175896,5.22056e-05,0,0,3456,166,1,1,3,166,0.6840,0,0,0,0.08845,0.123709,258,0.123709,258,0,1.00e-09
base,1e-09,1,77,4.6139061,0.0688752,0.0288659,7.63348e-05,0,0,3456,168,1,1,3,168,0.6840,0,0,0,0.08845,0.123707,258,0.123707,258,0,1.00e-09
base,1e-09,1,78,4.6137117,0.117976,0.0494445,0.000130451,0.00115741,4,3456,167,1,1,3,167,0.6840,0,0,0,0.08845,0.123713,250,0.123713,250,0,1.00e-09
base,1e-09,1,79,4.6132575,0.1998,0.0837371,0.000220386,0,0,3456,164,1,1,3,164,0.6840,0,1,0,0.08845,0.123703,250,0.123703,250,0,1.00e-09
base,1e-09,1,80,10.039869,0.1998,0.241487,0.0233058,0.0144676,50,3456,146,1,1,3,146,0.8420,1,0,0,0.08645,0.170338,224,0.163189,224,0,1.00e-09
base,1e-09,1,81,7.049414,0.149483,0.0973176,0.00757985,0.00520833,18,3456,155,1,1,3,155,0.7622,1,0,0,0.08759,0.155347,238,0.148296,238,0,1.00e-09
base,1e-09,1,82,5.7858497,0.127603,0.0651891,0.00572335,0.00115741,4,3456,156,1,1,3,156,0.7517,1,0,0,0.08826,0.143524,242,0.136506,242,0,1.00e-09
base,1e-09,1,83,5.1051031,0.135814,0.0582264,0.00385516,0.00173611,6,3456,155,1,1,3,155,0.7188,1,0,0,0.08870,0.136657,244,0.129587,244,0,1.00e-09
base,1e-09,1,84,4.7854987,0.148359,0.052203,0.00295194,0.00347222,12,3456,161,1,1,3,161,0.7031,1,0,0,0.08886,0.132333,256,0.125223,256,0,1.00e-09
base,1e-09,1,85,4.6267783,0.157748,0.0530973,0.00223854,0.00231481,8,3456,170,1,1,3,170,0.6979,1,0,0,0.08897,0.129524,256,0.122392,256,0,1.00e-09
base,1e-09,1,86,4.5326091,0.114834,0.0478912,0.00155468,0.00115741,4,3456,172,1,1,3,172,0.6979,1,0,0,0.08903,0.127846,252,0.1207,252,0,1.00e-09
base,1e-09,1,87,4.4792856,0.105456,0.0409675,0.00114562,0.000578704,2,3456,167,1,1,3,167,0.6944,1,0,0,0.08908,0.126943,254,0.119791,254,0,1.00e-09
base,1e-09,1,88,4.4478178,0.148343,0.0610733,0.000929308,0.00115741,4,3456,173,1,1,3,173,0.6927,1,0,0,0.08909,0.126424,258,0.119268,258,0,1.00e-09
base,1e-09,1,89,4.4275727,0.116422,0.0434982,0.000776113,0,0,3456,160,1,1,3,160,0.6910,1,0,0,0.08911,0.126229,258,0.119066,258,0,1.00e-09
base,1e-09,1,90,4.4144129,0.096701,0.0361299,0.000637962,0.000578704,2,3456,161,1,1,3,161,0.6892,1,0,0,0.08912,0.126163,256,0.118995,256,0,1.00e-09
base,1e-09,1,91,4.4069184,0.0986285,0.0255241,0.000572759,0.00173611,6,3456,165,1,1,3,165,0.6892,1,0,0,0.08912,0.126046,262,0.118872,262,0,1.00e-09
base,1e-09,1,92,4.4011338,0.0592504,0.0249002,0.000364513,0.00115741,4,3456,174,1,1,3,174,0.6892,1,0,0,0.08913,0.125968,262,0.118795,262,0,1.00e-09
base,1e-09,1,93,4.3981701,0.061539,0.0260215,0.000348842,0.000578704,2,3456,174,1,1,3,174,0.6875,1,0,0,0.08913,0.125894,260,0.118721,260,0,1.00e-09
base,1e-09,1,94,4.3963186,0.0674776,0.0307514,0.0003578,0,0,3456,173,1,1,3,173,0.6875,1,0,0,0.08913,0.125854,260,0.11868,260,0,1.00e-09
base,1e-09,1,95,4.3945639,0.0846145,0.0378906,0.000396457,0,0,3456,174,1,1,3,174,0.6875,1,0,0,0.08913,0.125826,260,0.118653,260,0,1.00e-09
base,1e-09,1,96,4.3925326,0.11183,0.0433236,0.00042392,0.000578704,2,3456,176,1,1,3,176,0.6875,1,0,0,0.08913,0.125793,262,0.118622,262,0,1.00e-09
base,1e-09,1,97,4.3900333,0.0911673,0.0318049,0.000373624,0,0,3456,170,1,1,3,170,0.6875,1,0,0,0.08913,0.125877,262,0.118711,262,0,1.00e-09
base,1e-09,1,98,4.3878401,0.116843,0.0383126,0.000354526,0.000578704,2,3456,172,1,1,3,172,0.6875,1,0,0,0.08913,0.125946,260,0.118782,260,0,1.00e-09
base,1e-09,1,99,4.3859409,0.132118,0.0433364,0.00038985,0.000578704,2,3456,169,1,1,3,169,0.6875,1,0,0,0.08913,0.125968,258,0.118805,258,0,1.00e-09
base,1e-09,1,100,4.3840017,0.159161,0.0513021,0.000417755,0.00173611,6,3456,167,1,1,3,167,0.6875,1,0,0,0.08913,0.125929,260,0.118763,260,0,1.00e-09
base,1e-09,1,101,4.3819132,0.139238,0.0439168,0.000405111,0,0,3456,164,1,1,3,164,0.6875,1,0,0,0.08913,0.125862,260,0.118693,260,0,1.00e-09
base,1e-09,1,102,4.3798051,0.126451,0.0351945,0.00031112,0,0,3456,168,1,1,3,168,0.6875,1,0,0,0.08913,0.125761,260,0.118589,260,0,1.00e-09
base,1e-09,1,103,4.3783541,0.135236,0.0446533,0.000364084,0,0,3456,167,1,1,3,167,0.6875,1,0,0,0.08914,0.125662,260,0.118488,260,0,1.00e-09
base,1e-09,1,104,4.377052,0.095941,0.0260098,0.000346751,0.00115741,4,3456,168,1,1,3,168,0.6875,1,0,0,0.08914,0.125496,256,0.11832,256,0,1.00e-09
base,1e-09,1,105,4.375819,0.0896334,0.0292822,0.000248175,0,0,3456,166,1,1,3,166,0.6858,1,0,0,0.08914,0.125489,256,0.118317,256,0,1.00e-09
base,1e-09,1,106,4.375144,0.0773322,0.0185852,0.000167837,0.000578704,2,3456,169,1,1,3,169,0.6858,1,0,0,0.08915,0.125436,254,0.118264,254,0,1.00e-09
base,1e-09,1,107,4.3746679,0.0791816,0.0185128,0.00014891,0,0,3456,172,1,1,3,172,0.6858,1,0,0,0.08915,0.125394,254,0.118222,254,0,1.00e-09
base,1e-09,1,108,4.3742453,0.0529507,0.0166495,0.000137295,0,0,3456,173,1,1,3,173,0.6875,1,0,0,0.08915,0.125349,254,0.118174,254,0,1.00e-09
base,1e-09,1,109,4.3739025,0.0549831,0.0176034,0.000115646,0.000578704,2,3456,172,1,1,3,172,0.6875,1,0,0,0.08915,0.125343,252,0.118165,252,0,1.00e-09
base,1e-09,1,110,4.3735662,0.0533357,0.0170718,0.000124916,0,0,3456,172,1,1,3,172,0.6875,1,0,0,0.08915,0.125342,252,0.11816,252,0,1.00e-09
base,1e-09,1,111,4.3731443,0.0754909,0.0217996,0.00014652,0,0,3456,169,1,1,3,169,0.6875,1,0,0,0.08915,0.125334,252,0.118147,252,0,1.00e-09
base,1e-09,1,112,4.3725514,0.119444,0.0327461,0.000188998,0,0,3456,169,1,1,3,169,0.6875,1,0,0,0.08915,0.125299,252,0.118106,252,0,1.00e-09
base,1e-09,1,113,4.3716478,0.184975,0.0507375,0.000256888,0,0,3456,167,1,1,3,167,0.6875,1,0,0,0.08915,0.1252,252,0.117996,252,0,1.00e-09
base,1e-09,1,114,4.3701003,0.1998,0.0531368,0.000313908,0,0,3456,170,1,1,3,170,0.6875,1,0,0,0.08915,0.125061,252,0.117849,252,0,1.00e-09
base,1e-09,1,115,4.3676501,0.0958938,0.0306939,0.000200174,0,0,3456,167,1,1,3,167,0.6875,1,0,0,0.08915,0.125061,252,0.117849,252,0,1.00e-09
base,1e-09,1,116,4.3663075,0.0532823,0.0170547,0.000107912,0,0,3456,169,1,1,3,169,0.6875,1,0,0,0.08915,0.125106,252,0.117896,252,0,1.00e-09
base,1e-09,1,117,4.3660493,0.0429292,0.00984569,8.42021e-05,0,0,3456,167,1,1,3,167,0.6875,1,0,0,0.08915,0.125105,252,0.117893,252,0,1.00e-09
base,1e-09,1,118,4.365906,0.058829,0.0156623,0.000103332,0,0,3456,169,1,1,3,169,0.6875,1,0,0,0.08916,0.125112,252,0.117901,252,0,1.00e-09
base,1e-09,1,119,4.3657451,0.0636705,0.0148431,0.000101403,0.000578704,2,3456,168,1,1,3,168,0.6875,1,0,0,0.08915,0.125088,250,0.117875,250,0,1.00e-09
base,1e-09,1,120,4.3655293,0.0976923,0.0260429,0.000135974,0.000578704,2,3456,171,1,1,3,171,0.6875,1,0,0,0.08916,0.125051,252,0.117837,252,0,1.00e-09
base,1e-09,1,121,4.3651843,0.125203,0.0304488,0.000161495,0.000578704,2,3456,169,1,1,3,169,0.6875,1,0,0,0.08915,0.124981,254,0.117763,254,0,1.00e-09
base,1e-09,1,122,4.3645802,0.197449,0.0578508,0.000252779,0,0,3456,171,1,1,3,171,0.6875,1,0,0,0.08915,0.12487,254,0.117646,254,0,1.00e-09
base,1e-09,1,123,4.3634075,0.1998,0.0653519,0.000307706,0,0,3456,170,1,1,3,170,0.6875,1,0,0,0.08915,0.124704,254,0.117473,254,0,1.00e-09
base,1e-09,1,124,4.3616509,0.183009,0.0606001,0.000360489,0,0,3456,168,1,1,3,168,0.6875,1,0,0,0.08915,0.124514,254,0.117277,254,0,1.00e-09
base,1e-09,1,125,4.359211,0.0981267,0.0293059,0.00027186,0.000578704,2,3456,167,1,1,3,167,0.6875,1,0,0,0.08915,0.124463,252,0.117227,252,0,1.00e-09
base,1e-09,1,126,4.3584563,0.064582,0.0178816,0.000157528,0,0,3456,166,1,1,3,166,0.6875,1,0,0,0.08915,0.124464,252,0.11723,252,0,1.00e-09
base,1e-09,1,127,4.3580313,0.0642324,0.0164244,0.000101306,0,0,3456,168,1,1,3,168,0.6875,1,0,0,0.08915,0.124449,252,0.117216,252,0,1.00e-09
base,1e-09,1,128,4.3578195,0.052837,0.0135505,8.47472e-05,0,0,3456,171,1,1,3,171,0.6875,1,0,0,0.08915,0.124452,252,0.117219,252,0,1.00e-09
base,1e-09,1,129,4.3576824,0.0458054,0.0120257,6.99027e-05,0,0,3456,167,1,1,3,167,0.6875,1,0,0,0.08915,0.124454,252,0.117223,252,0,1.00e-09
base,1e-09,1,130,4.357595,0.0330083,0.00798682,6.3623e-05,0,0,3456,167,1,1,3,167,0.6875,1,0,0,0.08915,0.124465,252,0.117234,252,0,1.00e-09
base,1e-09,1,131,4.3575393,0.0286558,0.00721754,5.23022e-05,0,0,3456,169,1,1,3,169,0.6875,1,0,0,0.08915,0.124472,252,0.117241,252,0,1.00e-09
base,1e-09,1,132,4.3575017,0.0234466,0.00591871,4.19977e-05,0,0,3456,168,1,1,3,168,0.6875,1,0,0,0.08915,0.124479,252,0.117248,252,0,1.00e-09
base,1e-09,1,133,4.3574762,0.0196627,0.00505708,3.40523e-05,0.000578704,2,3456,168,1,1,3,168,0.6875,1,0,0,0.08915,0.124483,254,0.117252,254,0,1.00e-09
base,1e-09,1,134,4.3574589,0.0158638,0.00407367,2.78773e-05,0,0,3456,166,1,1,3,166,0.6875,1,1,0,0.08916,0.124487,254,0.117256,254,0,1.00e-09
base,1e-09,1,135,4.0077621,0.0852488,0.0342044,0.00132826,0.00115741,4,3456,177,1,1,3,177,0.6875,2,0,0,0.09050,0.125916,258,0.10013,258,0,1.00e-09
base,1e-09,1,136,3.9357437,0.0541597,0.0144085,0.000484772,0.000578704,2,3456,171,1,1,3,171,0.7031,2,0,0,0.09059,0.125644,260,0.0998505,260,0,1.00e-09
base,1e-09,1,137,3.9236508,0.044139,0.0119738,0.000252504,0,0,3456,182,1,1,3,182,0.6910,2,0,0,0.09059,0.125558,260,0.0997397,260,0,1.00e-09
base,1e-09,1,138,3.9201085,0.0427525,0.0115977,0.000150058,0,0,3456,182,1,1,3,182,0.6927,2,0,0,0.09059,0.125555,260,0.099724,260,0,1.00e-09
base,1e-09,1,139,3.9185495,0.0453075,0.0122908,0.000114209,0,0,3456,181,1,1,3,181,0.6927,2,0,0,0.09059,0.125585,260,0.0997479,260,0,1.00e-09
base,1e-09,1,140,3.9176629,0.0522159,0.0141649,0.000113428,0,0,3456,179,1,1,3,179,0.6927,2,0,0,0.09059,0.125613,260,0.0997745,260,0,1.00e-09
base,1e-09,1,141,3.9169316,0.0620603,0.0168354,0.000128611,0,0,3456,179,1,1,3,179,0.6927,2,0,0,0.09059,0.12564,260,0.0998006,260,0,1.00e-09
base,1e-09,1,142,3.9160964,0.0712502,0.0193284,0.000126682,0,0,3456,179,1,1,3,179,0.6927,2,0,0,0.09058,0.125697,260,0.0998537,260,0,1.00e-09
base,1e-09,1,143,3.9152377,0.0811459,0.0220129,0.000140755,0,0,3456,181,1,1,3,181,0.6927,2,0,0,0.09059,0.12578,260,0.0999306,260,0,1.00e-09
base,1e-09,1,144,3.9143656,0.0905323,0.0245592,0.000160045,0,0,3456,185,1,1,3,185,0.6927,2,0,0,0.09059,0.12588,260,0.100023,260,0,1.00e-09
base,1e-09,1,145,3.9134484,0.0986201,0.0267532,0.000182196,0.00115741,4,3456,182,1,1,3,182,0.6927,2,0,0,0.09059,0.125984,256,0.100123,256,0,1.00e-09
base,1e-09,1,146,3.912547,0.105758,0.0286896,0.00021364,0,0,3456,180,1,1,3,180,0.6927,2,0,0,0.09060,0.126089,256,0.100224,256,0,1.00e-09
base,1e-09,1,147,3.9116185,0.10987,0.0298049,0.000249908,0.000578704,2,3456,183,1,1,3,183,0.6927,2,0,0,0.09060,0.126195,254,0.100324,254,0,1.00e-09
base,1e-09,1,148,3.9106577,0.0723593,0.023161,0.000239652,0.000578704,2,3456,184,1,1,3,184,0.6927,2,0,0,0.09061,0.126303,252,0.100433,252,0,1.00e-09
base,1e-09,1,149,3.9097426,0.0865437,0.0277011,0.000232216,0,0,3456,186,1,1,3,186,0.6910,2,0,0,0.09061,0.126411,252,0.10055,252,0,1.00e-09
base,1e-09,1,150,3.9090083,0.111411,0.0356609,0.000278164,0,0,3456,186,1,1,3,186,0.6910,2,0,0,0.09061,0.126521,252,0.100672,252,0,1.00e-09
base,1e-09,1,151,3.9081886,0.120535,0.038581,0.000309897,0.000578704,2,3456,196,1,1,3,196,0.6910,2,0,0,0.09061,0.126629,250,0.100791,250,0,1.00e-09
base,1e-09,1,152,3.9073148,0.101044,0.0323424,0.000304323,0.00115741,4,3456,186,1,1,3,186,0.6910,2,0,0,0.09062,0.126742,250,0.100909,250,0,1.00e-09
base,1e-09,1,153,3.9065265,0.0843928,0.0229771,0.000255067,0.000578704,2,3456,187,1,1,3,187,0.6910,2,0,0,0.09062,0.126855,252,0.101022,252,0,1.00e-09
base,1e-09,1,154,3.9058688,0.0962365,0.0261066,0.000225908,0,0,3456,185,1,1,3,185,0.6910,2,0,0,0.09062,0.126946,252,0.10111,252,0,1.00e-09
base,1e-09,1,155,3.9052897,0.102741,0.0278712,0.000194928,0.000578704,2,3456,185,1,1,3,185,0.6910,2,0,0,0.09063,0.127014,250,0.101171,250,0,1.00e-09
base,1e-09,1,156,3.9047956,0.0978629,0.0265478,0.00016311,0,0,3456,184,1,1,3,184,0.6910,2,0,0,0.09063,0.127054,250,0.101202,250,0,1.00e-09
base,1e-09,1,157,3.9044018,0.0817546,0.022178,0.000159412,0,0,3456,184,1,1,3,184,0.6910,2,0,0,0.09063,0.127077,250,0.101212,250,0,1.00e-09
base,1e-09,1,158,3.9040936,0.0666497,0.0180804,0.000161199,0.000578704,2,3456,183,1,1,3,183,0.6910,2,0,0,0.09064,0.127113,252,0.101238,252,0,1.00e-09
base,1e-09,1,159,3.9038588,0.0445184,0.0120767,0.0001311,0,0,3456,185,1,1,3,185,0.6910,2,0,0,0.09064,0.127124,252,0.101237,252,0,1.00e-09
base,1e-09,1,160,3.9036857,0.0427133,0.0112319,0.000125317,0,0,3456,186,1,1,3,186,0.6910,2,0,0,0.09064,0.127145,252,0.10125,252,0,1.00e-09
base,1e-09,1,161,3.9035407,0.0471056,0.0115716,0.000109552,0.000578704,2,3456,185,1,1,3,185,0.6910,2,0,0,0.09064,0.127126,254,0.101223,254,0,1.00e-09
base,1e-09,1,162,3.9034004,0.0631741,0.0178498,0.000120741,0,0,3456,187,1,1,3,187,0.6910,2,0,0,0.09064,0.127128,254,0.101221,254,0,1.00e-09
base,1e-09,1,163,3.9032492,0.0544602,0.0160412,0.000110393,0,0,3456,186,1,1,3,186,0.6910,2,1,0,0.09064,0.127084,254,0.101169,254,0,1.00e-09
base,1e-09,1,164,3.233685,0.10393,0.0507277,0.00201327,0.000578704,2,3456,200,1,1,3,200,0.6910,4,0,0,0.09268,0.130645,256,0.0600476,256,0,1.00e-09
base,1e-09,1,165,3.1722468,0.0483671,0.0167453,0.000566201,0,0,3456,198,1,1,3,198,0.7031,4,0,0,0.09269,0.130335,256,0.0598242,256,0,1.00e-09
base,1e-09,1,166,3.1645128,0.0342079,0.00993368,0.000351193,0.000578704,2,3456,199,1,1,3,199,0.7153,4,0,0,0.09261,0.129991,258,0.05966,258,0,1.00e-09
base,1e-09,1,167,3.1622663,0.0332753,0.00873967,0.000270616,0,0,3456,199,1,1,3,199,0.7153,4,0,0,0.09255,0.129719,258,0.0595511,258,0,1.00e-09
base,1e-09,1,168,3.1610387,0.0312103,0.00846658,0.000210397,0,0,3456,197,1,1,3,197,0.7153,4,0,0,0.09251,0.129554,258,0.0594867,258,0,1.00e-09
base,1e-09,1,169,3.1601955,0.0348168,0.00944495,0.000187569,0,0,3456,199,1,1,3,199,0.7153,4,0,0,0.09248,0.129436,258,0.0594522,258,0,1.00e-09
base,1e-09,1,170,3.1595651,0.0386861,0.0104946,0.000181491,0.000578704,2,3456,199,1,1,3,199,0.7153,4,0,0,0.09245,0.129332,256,0.0594192,256,0,1.00e-09
base,1e-09,1,171,3.1589791,0.0413803,0.0117703,0.000159114,0,0,3456,199,1,1,3,199,0.7153,4,0,0,0.09244,0.129279,256,0.0594092,256,0,1.00e-09
base,1e-09,1,172,3.1584735,0.0437442,0.0130344,0.000158199,0,0,3456,197,1,1,3,197,0.7153,4,0,0,0.09243,0.129255,256,0.0594193,256,0,1.00e-09
base,1e-09,1,173,3.1580401,0.0453421,0.0135429,0.000161084,0,0,3456,198,1,1,3,198,0.7153,4,0,0,0.09243,0.129227,256,0.0594293,256,0,1.00e-09
base,1e-09,1,174,3.1576416,0.0429307,0.0129209,0.000136218,0,0,3456,196,1,1,3,196,0.7153,4,0,0,0.09242,0.129243,256,0.0594641,256,0,1.00e-09
base,1e-09,1,175,3.1573108,0.040509,0.0120776,0.000121346,0,0,3456,200,1,1,3,200,0.7153,4,0,0,0.09242,0.129273,256,0.0595109,256,0,1.00e-09
base,1e-09,1,176,3.1570518,0.0383739,0.0122828,0.000114849,0,0,3456,202,1,1,3,202,0.7153,4,0,0,0.09241,0.12932,256,0.059571,256,0,1.00e-09
base,1e-09,1,177,3.156817,0.0468783,0.0150049,0.000114505,0.000578704,2,3456,191,1,1,3,191,0.7153,4,0,0,0.09242,0.129376,254,0.059639,254,0,1.00e-09
base,1e-09,1,178,3.1565808,0.0606091,0.0193999,0.000125892,0,0,3456,199,1,1,3,199,0.7153,4,0,0,0.09242,0.129437,254,0.0597128,254,0,1.00e-09
base,1e-09,1,179,3.1563125,0.0803935,0.0257325,0.000152669,0,0,3456,199,1,1,3,199,0.7153,4,0,0,0.09243,0.129512,254,0.0597981,254,0,1.00e-09
base,1e-09,1,180,3.1559683,0.0920477,0.0294629,0.000174396,0,0,3456,192,1,1,3,192,0.7153,4,0,0,0.09243,0.129567,254,0.0598643,254,0,1.00e-09
base,1e-09,1,181,3.1556115,0.0621293,0.0198865,0.000149935,0,0,3456,198,1,1,3,198,0.7153,4,0,0,0.09243,0.129631,254,0.0599289,254,0,1.00e-09
base,1e-09,1,182,3.1554467,0.0332914,0.00975249,0.000110689,0,0,3456,199,1,1,3,199,0.7153,4,1,0,0.09244,0.129701,254,0.0599863,254,0,1.00e-09
base,1e-09,1,183,2.6537994,0.119226,0.0684895,0.00242288,0.00115741,4,3456,232,1,1,3,232,0.6701,8,0,0,0.09014,0.131254,250,0.0223797,250,0,1.00e-09
base,1e-09,1,184,2.7222161,0.0764554,0.0290464,0.0017222,0,0,3456,238,1,1,3,238,0.6684,8,0,0,0.09164,0.133596,250,0.0215366,250,0,1.00e-09
base,1e-09,1,185,2.7007708,0.0903063,0.0276165,0.000987857,0.000578704,2,3456,259,1,1,3,259,0.6667,8,0,0,0.09230,0.135177,252,0.0213036,252,0,1.00e-09
base,1e-09,1,186,2.6956969,0.0862969,0.0242514,0.00081091,0,0,3456,270,1,1,3,270,0.6667,8,0,0,0.09284,0.136524,252,0.0211832,252,0,1.00e-09
base,1e-09,1,187,2.6928339,0.0672976,0.0184926,0.000669299,0.000578704,2,3456,273,1,1,3,273,0.6667,8,0,0,0.09324,0.137601,254,0.0210931,254,0,1.00e-09
base,1e-09,1,188,2.6906657,0.0654223,0.0193369,0.000598671,0,0,3456,266,1,1,3,266,0.6684,8,0,0,0.09357,0.138487,254,0.021003,254,0,1.00e-09
base,1e-09,1,189,2.6886632,0.073961,0.0215593,0.000559341,0,0,3456,278,1,1,3,278,0.6684,8,0,0,0.09389,0.139266,254,0.0208574,254,0,1.00e-09
base,1e-09,1,190,2.6867839,0.0798259,0.0222019,0.000590475,0,0,3456,277,1,1,3,277,0.6684,8,0,0,0.09426,0.140161,254,0.0206888,254,0,1.00e-09
base,1e-09,1,191,2.6851121,0.0723476,0.0324262,0.000595322,0.000578704,2,3456,291,1,1,3,291,0.6684,8,0,0,0.09460,0.140915,252,0.0204206,252,0,1.00e-09
base,1e-09,1,192,2.6833214,0.1998,0.0834581,0.000870369,0,0,3456,290,1,1,3,290,0.6684,8,0,0,0.09503,0.141762,252,0.0198082,252,0,1.00e-09
base,1e-09,1,193,2.678879,0.1998,0.0851314,0.000795958,0,0,3456,284,1,1,3,284,0.6684,8,1,0,0.09532,0.142389,252,0.0193137,252,0,1.00e-09
base,1e-09,1,194,2.5306606,0.0999,0.0789433,0.00542165,0.00347222,12,3456,490,0,1,0,300,0.5903,16,0,0,0.08983,0.141611,240,0.00874308,240,0,1.00e-09
base,1e-09,1,195,2.629975,0.0999,0.0682182,0.00396335,0.000578704,2,3456,500,0,1,0,300,0.5868,16,0,0,0.09328,0.146986,242,0.00702552,242,0,1.00e-09
base,1e-09,1,196,2.5914278,0.0889011,0.0385676,0.0039869,0.00115741,4,3456,495,0,1,0,300,0.5885,16,0,0,0.09690,0.152535,242,0.0059478,242,0,1.00e-09
base,1e-09,1,197,2.5754382,0.0820171,0.0294014,0.00207574,0.000578704,2,3456,496,0,0,0,0,0.5920,16,0,0,0.09815,0.154639,244,0.00521572,244,0,1.00e-09
base,1e-09,1,198,2.567924,0.0999,0.0436003,0.00192559,0,0,3456,727,0,0,0,0,0.5920,16,0,0,0.09953,0.157123,244,0.00429471,244,0,1.00e-09
base,1e-09,1,199,2.5614546,0.0999,0.0428004,0.00132953,0,0,3456,501,0,0,0,0,0.5903,16,0,0,0.10004,0.158334,244,0.00384373,244,0,1.00e-09
base,1e-09,1,200,2.5582928,0.0999,0.0318624,0.00106173,0,0,3456,500,0,0,0,0,0.5920,16,0,0,0.10035,0.158792,244,0.00360271,244,0,1.00e-09
base,1e-09,1,201,2.5567584,0.0999,0.0290473,0.000925152,0,0,3456,724,0,0,0,0,0.5920,16,0,0,0.10025,0.158602,244,0.00351297,244,0,1.00e-09
base,1e-09,1,202,2.5558592,0.0862494,0.0220486,0.000705418,0,0,3456,727,0,0,0,0,0.5920,16,0,0,0.10040,0.158788,244,0.00338091,244,0,1.00e-09
base,1e-09,1,203,2.5548747,0.0781397,0.026725,0.000813639,0,0,3456,728,0,0,0,0,0.5920,16,0,0,0.10005,0.158032,244,0.00338863,244,0,1.00e-09
base,1e-09,1,204,2.5546732,0.0815528,0.0252766,0.000884623,0,0,3456,499,0,0,0,0,0.5903,16,1,0,0.10068,0.159143,244,0.00327676,244,0,1.00e-09
base,1e-09,1,205,2.5304335,0.04995,0.0490356,0.00786342,0.00115741,4,3456,504,0,0,0,0,0.5851,32,1,0,0.09271,0.155441,240,0.00355674,240,0,1.00e-09
base,1e-09,1,206,2.5824233,0.04995,0.0496471,0.00613773,0,0,3456,762,0,0,0,0,0.5851,32,1,0,0.09890,0.160842,240,0.00244713,240,0,1.00e-09
base,1e-09,1,207,2.562086,0.04995,0.0442444,0.00274723,0.00115741,4,3456,760,0,0,0,0,0.5851,32,1,0,0.09900,0.161263,244,0.00226045,244,0,1.00e-09
base,1e-09,1,208,2.5500442,0.0461068,0.0294364,0.00179629,0,0,3456,748,0,0,0,0,0.5851,32,1,0,0.10052,0.16238,244,0.00228081,244,0,1.00e-09
base,1e-09,1,209,2.5476952,0.0357941,0.0179607,0.000925573,0,0,3456,748,0,0,0,0,0.5851,32,1,0,0.10070,0.16277,244,0.00231531,244,0,1.00e-09
base,1e-09,1,210,2.5474517,0.0463484,0.0224863,0.000790944,0,0,3456,745,0,0,0,0,0.5851,32,1,0,0.10136,0.163512,244,0.00231525,244,0,1.00e-09
base,1e-09,1,211,2.5473493,0.048988,0.0138249,0.000566687,0,0,3456,734,0,0,0,0,0.5851,32,1,0,0.10160,0.163821,244,0.00232521,244,0,1.00e-09
base,1e-09,1,212,2.5473114,0.04995,0.011896,0.000492823,0,0,3456,734,0,0,0,0,0.5851,32,1,0,0.10194,0.16435,244,0.00232551,244,0,1.00e-09
base,1e-09,1,213,2.5472925,0.04995,0.0107875,0.000424645,0,0,3456,733,0,0,0,0,0.5851,32,1,0,0.10208,0.164571,244,0.00232627,244,0,1.00e-09
base,1e-09,1,214,2.5472792,0.0488007,0.0133876,0.000412519,0,0,3456,733,0,0,0,0,0.5851,32,1,0,0.10231,0.164911,244,0.00232653,244,0,1.00e-09
base,1e-09,1,215,2.5472788,0.0469721,0.0120409,0.00037092,0,0,3456,734,0,0,0,0,0.5851,32,1,0,0.10233,0.165028,244,0.00232688,244,0,1.00e-09
base,1e-09,2,1,2154.0013,0.1998,-1,-1,-1,-1,3456,894,0,0,0,0,1.0000,0,0,0,0.04278,0.137146,48,0.137146,48,0,1.00e-09
base,1e-09,2,2,138309.9,0.1998,0.1998,0.0624025,0,0,3456,742,0,0,0,0,0.7031,0,0,0,0.03657,0.123632,48,0.123632,48,0,1.00e-09
base,1e-09,2,3,11664883,0.1998,0.1998,0.0611855,0,0,3456,3423,0,0,0,0,1.0000,0,0,0,0.03205,0.109465,48,0.109465,48,0,1.00e-09
base,1e-09,2,4,3.3945458e+08,0.1998,0.1998,0.0502935,0,0,3456,7656,0,0,0,0,1.0000,0,0,0,0.02926,0.0958705,48,0.0958705,48,0,1.00e-09
base,1e-09,2,5,32217836,0.1998,0.1998,0.0586138,0,0,3456,3035,0,0,0,0,1.0000,0,0,0,0.03300,0.117942,48,0.117942,48,0,1.00e-09
base,1e-09,2,6,3.8680337e+08,0.1998,0.190358,0.0480183,0,0,3456,8484,0,0,0,0,1.0000,0,0,0,0.01804,0.0632592,48,0.0632592,48,0,1.00e-09
base,1e-09,2,7,45221652,0.1998,0.180662,0.0460944,0,0,3456,3228,0,0,0,0,1.0000,0,0,0,0.03396,0.123998,48,0.123998,48,0,1.00e-09
base,1e-09,2,8,25480217,0.1998,0.180662,0.0439321,0,0,3456,2201,0,0,0,0,1.0000,0,0,0,0.01540,0.0561211,48,0.0561211,48,0,1.00e-09
base,1e-09,2,9,42182417,0.189823,0.144671,0.039839,0,0,3456,6545,0,0,0,0,1.0000,0,0,0,0.03179,0.118796,48,0.118796,48,0,1.00e-09
base,1e-09,2,10,113960.15,0.192282,0.133502,0.0359119,0,0,3456,942,0,0,0,0,1.0000,0,0,0,0.01919,0.0708574,48,0.0708574,48,0,1.00e-09
base,1e-09,2,11,34639.124,0.15182,0.100597,0.0206959,0,0,3456,695,0,0,0,0,1.0000,0,0,0,0.03140,0.11676,48,0.11676,48,0,1.00e-09
base,1e-09,2,12,2121.4492,0.138049,0.0954495,0.0197781,0,0,3456,555,0,0,0,0,1.0000,0,0,0,0.03726,0.133475,48,0.133475,48,0,1.00e-09
base,1e-09,2,13,554.10985,0.0917572,0.0857183,0.0116628,0,0,3456,357,0,0,0,0,1.0000,0,0,0,0.04791,0.165449,48,0.165449,48,0,1.00e-09
base,1e-09,2,14,235.44877,0.0753089,0.0690185,0.00884368,0,0,3456,334,0,0,0,0,1.0000,0,0,0,0.05547,0.185845,48,0.185845,48,0,1.00e-09
base,1e-09,2,15,135.68166,0.0598433,0.0457407,0.00559843,0,0,3456,321,0,0,0,0,1.0000,0,0,0,0.05903,0.194148,48,0.194148,48,0,1.00e-09
base,1e-09,2,16,100.11012,0.0525022,0.0316209,0.00393912,0,0,3456,298,0,0,0,0,1.0000,0,0,0,0.05995,0.195026,48,0.195026,48,0,1.00e-09
base,1e-09,2,17,85.340563,0.0611446,0.0369667,0.00325536,0.000578704,2,3456,296,0,0,0,0,1.0000,0,0,0,0.06023,0.194221,50,0.194221,50,0,1.00e-09
base,1e-09,2,18,76.539847,0.0688418,0.0350394,0.00320349,0.00173611,6,3456,294,0,0,0,0,1.0000,0,0,0,0.06027,0.192515,56,0.192515,56,0,1.00e-09
base,1e-09,2,19,69.627583,0.0759588,0.0434097,0.00335659,0.000578704,2,3456,295,0,0,0,0,1.0000,0,0,0,0.06027,0.190356,58,0.190356,58,0,1.00e-09
base,1e-09,2,20,63.240246,0.0822379,0.0523024,0.00345329,0,0,3456,296,0,0,0,0,1.0000,0,0,0,0.06028,0.18795,58,0.18795,58,0,1.00e-09
base,1e-09,2,21,57.353286,0.0998514,0.06114,0.00352986,0.00173611,6,3456,292,0,0,0,0,1.0000,0,0,0,0.06030,0.18541,48,0.18541,48,0,1.00e-09
base,1e-09,2,22,51.963652,0.124009,0.0735312,0.00395074,0.00231481,8,3456,293,0,0,0,0,1.0000,0,0,0,0.06022,0.182093,56,0.182093,56,0,1.00e-09
base,1e-09,2,23,46.678386,0.118917,0.0831569,0.00452065,0,0,3456,297,0,0,0,0,1.0000,0,0,0,0.06015,0.177997,56,0.177997,56,0,1.00e-09
base,1e-09,2,24,41.185688,0.124071,0.0661538,0.00479433,0.00173611,6,3456,304,0,0,0,0,1.0000,0,0,0,0.06010,0.173886,62,0.173886,62,0,1.00e-09
base,1e-09,2,25,36.01782,0.131441,0.0694091,0.00536594,0.00405093,14,3456,314,0,0,0,0,1.0000,0,0,0,0.05999,0.169024,76,0.169024,76,0,1.00e-09
base,1e-09,2,26,31.099682,0.17303,0.0872493,0.00651134,0.00347222,12,3456,335,0,0,0,0,1.0000,0,0,0,0.05978,0.162437,88,0.162437,88,0,1.00e-09
base,1e-09,2,27,26.052893,0.1998,0.114863,0.00690525,0.00289352,10,3456,372,0,0,0,0,1.0000,0,0,0,0.05968,0.154944,94,0.154944,94,0,1.00e-09
base,1e-09,2,28,21.464897,0.157215,0.0787232,0.00593339,0.00462963,16,3456,402,0,0,0,0,1.0000,0,0,0,0.05983,0.149059,110,0.149059,110,0,1.00e-09
base,1e-09,2,29,18.155104,0.1998,0.0849058,0.00544554,0.00983796,34,3456,434,0,0,0,0,1.0000,0,0,0,0.05994,0.143227,144,0.143227,144,0,1.00e-09
base,1e-09,2,30,15.736818,0.1998,0.113596,0.00556851,0.00752315,26,3456,455,0,0,0,0,1.0000,0,0,0,0.05995,0.136302,170,0.136302,170,0,1.00e-09
base,1e-09,2,31,13.704104,0.1998,0.113252,0.00487023,0.00462963,16,3456,486,0,0,0,0,1.0000,0,0,0,0.06013,0.130029,186,0.130029,186,0,1.00e-09
base,1e-09,2,32,12.145107,0.1998,0.0869956,0.00410469,0.00462963,16,3456,507,0,0,0,0,1.0000,0,0,0,0.06026,0.12431,202,0.12431,202,0,1.00e-09
base,1e-09,2,33,11.063573,0.1998,0.0901624,0.0034584,0.00289352,10,3456,504,0,0,0,0,1.0000,0,0,0,0.06037,0.119977,212,0.119977,212,0,1.00e-09
base,1e-09,2,34,10.327351,0.1998,0.0954182,0.00327171,0.00520833,18,3456,504,0,0,0,0,1.0000,0,0,0,0.06045,0.11595,222,0.11595,222,0,1.00e-09
base,1e-09,2,35,9.8087686,0.172638,0.064801,0.00252043,0.00289352,10,3456,491,0,0,0,0,1.0000,0,0,0,0.06059,0.11311,224,0.11311,224,0,1.00e-09
base,1e-09,2,36,9.4285119,0.185584,0.0637683,0.00196287,0.00347222,12,3456,496,0,0,0,0,1.0000,0,0,0,0.06067,0.111419,232,0.111419,232,0,1.00e-09
base,1e-09,2,37,9.1944117,0.1998,0.0733912,0.00198984,0.00115741,4,3456,497,0,0,0,0,1.0000,0,0,0,0.06069,0.109843,232,0.109843,232,0,1.00e-09
base,1e-09,2,38,8.9913291,0.1998,0.0827643,0.00195232,0.00173611,6,3456,497,0,0,0,0,1.0000,0,0,0,0.06070,0.10821,234,0.10821,234,0,1.00e-09
base,1e-09,2,39,8.8085819,0.1998,0.0766514,0.00171061,0,0,3456,486,0,0,0,0,1.0000,0,0,0,0.06073,0.106809,234,0.106809,234,0,1.00e-09
base,1e-09,2,40,8.664796,0.1998,0.076762,0.000959788,0.000578704,2,3456,483,0,0,0,0,1.0000,0,0,0,0.06078,0.10617,236,0.10617,236,0,1.00e-09
base,1e-09,2,41,8.5858756,0.190219,0.0609393,0.000629638,0.000578704,2,3456,482,0,0,0,0,1.0000,0,0,0,0.06081,0.105759,238,0.105759,238,0,1.00e-09
base,1e-09,2,42,8.5416538,0.14028,0.0398499,0.000431274,0,0,3456,485,0,0,0,0,1.0000,0,0,0,0.06082,0.105399,238,0.105399,238,0,1.00e-09
base,1e-09,2,43,8.5131795,0.190335,0.0566247,0.000378051,0,0,3456,493,0,0,0,0,1.0000,0,0,0,0.06083,0.105145,238,0.105145,238,0,1.00e-09
base,1e-09,2,44,8.4935151,0.1998,0.0591269,0.000424302,0.000578704,2,3456,493,0,0,0,0,1.0000,0,0,0,0.06083,0.104844,240,0.104844,240,0,1.00e-09
base,1e-09,2,45,8.4725823,0.1998,0.0595353,0.000300317,0,0,3456,496,0,0,0,0,1.0000,0,0,0,0.06083,0.104674,240,0.104674,240,0,1.00e-09
base,1e-09,2,46,8.4530268,0.142371,0.0439611,0.000251133,0.000578704,2,3456,489,0,0,0,0,1.0000,0,0,0,0.06084,0.104573,242,0.104573,242,0,1.00e-09
base,1e-09,2,47,8.4421786,0.0898452,0.0287579,0.000169911,0.000578704,2,3456,486,0,0,0,0,1.0000,0,0,0,0.06084,0.104681,244,0.104681,244,0,1.00e-09
base,1e-09,2,48,8.4385653,0.10516,0.03366,0.000181735,0,0,3456,487,0,0,0,0,1.0000,0,0,0,0.06084,0.104799,244,0.104799,244,0,1.00e-09
base,1e-09,2,49,8.4353532,0.116928,0.0374267,0.000164962,0,0,3456,483,0,0,0,0,1.0000,0,0,0,0.06084,0.104931,244,0.104931,244,0,1.00e-09
base,1e-09,2,50,8.4333153,0.119977,0.0384026,0.000170458,0,0,3456,481,0,0,0,0,1.0000,0,0,0,0.06084,0.10504,244,0.10504,244,0,1.00e-09
base,1e-09,2,51,8.4317396,0.0935641,0.0299482,0.000133817,0.000578704,2,3456,479,0,0,0,0,1.0000,0,0,0,0.06084,0.105118,238,0.105118,238,0,1.00e-09
base,1e-09,2,52,8.430624,0.0699892,0.0224023,8.95352e-05,0,0,3456,472,0,0,0,0,1.0000,0,0,0,0.06084,0.10515,238,0.10515,238,0,1.00e-09
base,1e-09,2,53,8.4300466,0.0450927,0.0144334,6.12574e-05,0,0,3456,469,0,0,0,0,1.0000,0,0,0,0.06084,0.105159,238,0.105159,238,0,1.00e-09
base,1e-09,2,54,8.429779,0.0255824,0.00818848,3.72106e-05,0,0,3456,474,0,0,0,0,1.0000,0,0,0,0.06084,0.105163,238,0.105163,238,0,1.00e-09
base,1e-09,2,55,8.4296663,0.0139359,0.00446062,2.83456e-05,0,0,3456,474,0,0,0,0,1.0000,0,0,0,0.06085,0.105161,238,0.105161,238,0,1.00e-09
base,1e-09,2,56,8.4296167,0.00892002,0.00244405,1.86555e-05,0,0,3456,462,0,0,0,0,1.0000,0,0,0,0.06085,0.10516,238,0.10516,238,0,1.00e-09
base,1e-09,2,57,8.4295949,0.00811743,0.00222489,1.82632e-05,0,0,3456,473,0,0,0,0,1.0000,0,0,0,0.06085,0.105155,238,0.105155,238,0,1.00e-09
base,1e-09,2,58,8.4295871,0.00906452,0.0034967,2.33826e-05,0,0,3456,470,0,0,0,0,1.0000,0,0,0,0.06085,0.105158,238,0.105158,238,0,1.00e-09
base,1e-09,2,59,8.4295929,0.0134614,0.00558492,3.38779e-05,0.000578704,2,3456,477,0,0,0,0,1.0000,0,1,0,0.06085,0.105152,236,0.105152,236,0,1.00e-09
base,1e-09,2,60,24.794073,0.1998,0.241866,0.0197092,0.0248843,86,3456,763,0,0,0,0,0.8229,1,0,0,0.05971,0.142083,174,0.135726,174,0,1.00e-09
base,1e-09,2,61,15.523807,0.142469,0.0853882,0.00599076,0.0138889,48,3456,774,0,0,0,0,0.7413,1,0,0,0.06084,0.132988,222,0.126932,222,0,1.00e-09
base,1e-09,2,62,12.086403,0.120652,0.0657965,0.00499779,0.00462963,16,3456,791,0,0,0,0,0.7309,1,0,0,0.06102,0.123496,222,0.117629,222,0,1.00e-09
base,1e-09,2,63,10.233565,0.116418,0.0536305,0.00370415,0.00231481,8,3456,805,0,0,0,0,0.6927,1,0,0,0.06123,0.116867,230,0.11105,230,0,1.00e-09
base,1e-09,2,64,9.1682624,0.107845,0.0482963,0.00261331,0.000578704,2,3456,815,0,0,0,0,0.6892,1,0,0,0.06143,0.112801,232,0.106993,232,0,1.00e-09
base,1e-09,2,65,8.6291018,0.129528,0.040387,0.00174866,0.00115741,4,3456,829,0,0,0,0,0.6858,1,0,0,0.06154,0.110242,236,0.104446,236,0,1.00e-09
base,1e-09,2,66,8.34433,0.096594,0.0349283,0.00109735,0,0,3456,714,0,0,0,0,0.6771,1,0,0,0.06162,0.108875,236,0.103083,236,0,1.00e-09
base,1e-09,2,67,8.200351,0.10727,0.0405915,0.000952597,0.00173611,6,3456,834,0,0,0,0,0.6719,1,0,0,0.06163,0.107839,238,0.102053,238,0,1.00e-09
base,1e-09,2,68,8.1238693,0.108622,0.0348458,0.000709817,0.000578704,2,3456,838,0,0,0,0,0.6667,1,0,0,0.06164,0.107152,240,0.101361,240,0,1.00e-09
base,1e-09,2,69,8.0735449,0.0812231,0.0311283,0.000571589,0,0,3456,795,0,0,0,0,0.6632,1,0,0,0.06165,0.106759,240,0.10096,240,0,1.00e-09
base,1e-09,2,70,8.0426156,0.10122,0.0439959,0.000509664,0.00115741,4,3456,832,0,0,0,0,0.6615,1,0,0,0.06164,0.10642,244,0.100619,244,0,1.00e-09
base,1e-09,2,71,8.0171845,0.130544,0.0325736,0.000449861,0,0,3456,653,0,0,0,0,0.6615,1,0,0,0.06164,0.10623,244,0.100428,244,0,1.00e-09
base,1e-09,2,72,7.9983716,0.090831,0.029631,0.000431833,0.00115741,4,3456,582,0,0,0,0,0.6615,1,0,0,0.06164,0.106088,244,0.100287,244,0,1.00e-09
base,1e-09,2,73,7.9856435,0.0860926,0.0340405,0.000436094,0,0,3456,547,0,0,0,0,0.6615,1,0,0,0.06164,0.105902,244,0.100103,244,0,1.00e-09
base,1e-09,2,74,7.9748782,0.100032,0.0397628,0.000410746,0.00115741,4,3456,849,0,0,0,0,0.6580,1,0,0,0.06164,0.105757,244,0.0999611,244,0,1.00e-09
base,1e-09,2,75,7.9662278,0.0678478,0.0237431,0.000265367,0,0,3456,643,0,0,0,0,0.6580,1,0,0,0.06165,0.105637,244,0.0998364,244,0,1.00e-09
base,1e-09,2,76,7.9613417,0.0667957,0.0213801,0.000210054,0,0,3456,594,0,0,0,0,0.6580,1,0,0,0.06165,0.105541,244,0.0997379,244,0,1.00e-09
base,1e-09,2,77,7.958491,0.0724376,0.023186,0.000162175,0,0,3456,585,0,0,0,0,0.6580,1,0,0,0.06165,0.105525,244,0.099723,244,0,1.00e-09
base,1e-09,2,78,7.956567,0.0754245,0.0241421,0.000135204,0.000578704,2,3456,568,0,0,0,0,0.6580,1,0,0,0.06165,0.10552,238,0.099718,238,0,1.00e-09
base,1e-09,2,79,7.9550387,0.0770086,0.0246491,0.000125022,0,0,3456,532,0,0,0,0,0.6580,1,0,0,0.06165,0.105503,238,0.0997012,238,0,1.00e-09
base,1e-09,2,80,7.9536937,0.0752207,0.0240768,0.000121468,0,0,3456,500,0,0,0,0,0.6580,1,0,0,0.06165,0.105472,238,0.0996697,238,0,1.00e-09
base,1e-09,2,81,7.9525454,0.0575631,0.018425,9.45272e-05,0,0,3456,479,0,0,0,0,0.6580,1,0,0,0.06165,0.105417,238,0.0996145,238,0,1.00e-09
base,1e-09,2,82,7.9518547,0.0497592,0.015927,8.43145e-05,0,0,3456,466,0,0,0,0,0.6580,1,0,0,0.06165,0.10536,238,0.099558,238,0,1.00e-09
base,1e-09,2,83,7.951422,0.0362755,0.0116111,6.29532e-05,0,0,3456,452,0,0,0,0,0.6580,1,0,0,0.06165,0.105372,238,0.0995715,238,0,1.00e-09
base,1e-09,2,84,7.9512955,0.0256491,0.0103122,8.77947e-05,0,0,3456,446,0,0,0,0,0.6580,1,0,0,0.06165,0.105386,238,0.0995876,238,0,1.00e-09
base,1e-09,2,85,7.9512766,0.0334275,0.0132161,8.00136e-05,0,0,3456,441,0,0,0,0,0.6580,1,0,0,0.06165,0.105387,238,0.0995896,238,0,1.00e-09
base,1e-09,2,86,7.9512383,0.0170651,0.00705397,6.04462e-05,0,0,3456,429,0,0,0,0,0.6580,1,0,0,0.06165,0.105399,238,0.0996032,238,0,1.00e-09
base,1e-09,2,87,7.9511467,0.0163317,0.0052275,2.20534e-05,0,0,3456,415,0,0,0,0,0.6580,1,1,0,0.06165,0.105403,238,0.0996075,238,0,1.00e-09
base,1e-09,2,88,7.2471829,0.0807594,0.040222,0.00155224,0,0,3456,423,0,0,0,0,0.6580,2,0,0,0.06323,0.107499,238,0.0866094,238,0,1.00e-09
base,1e-09,2,89,6.9947184,0.0397212,0.0166408,0.00050993,0,0,3456,837,0,0,0,0,0.6788,2,0,0,0.06334,0.107234,238,0.0863677,238,0,1.00e-09
base,1e-09,2,90,6.9536972,0.0300976,0.0100921,0.000283616,0,0,3456,862,0,0,0,0,0.6771,2,0,0,0.06334,0.107022,238,0.0861771,238,0,1.00e-09
base,1e-09,2,91,6.9430582,0.027367,0.00927347,0.000171694,0.000578704,2,3456,815,0,0,0,0,0.6788,2,0,0,0.06333,0.106919,224,0.086081,224,0,1.00e-09
base,1e-09,2,92,6.9379486,0.0290167,0.00942148,0.000144141,0,0,3456,827,0,0,0,0,0.6667,2,0,0,0.06332,0.106846,224,0.0860151,224,0,1.00e-09
base,1e-09,2,93,6.9347674,0.0317242,0.00962944,0.000128239,0,0,3456,828,0,0,0,0,0.6649,2,0,0,0.06332,0.10678,224,0.0859646,224,0,1.00e-09
base,1e-09,2,94,6.9322648,0.0339898,0.0108795,0.000114674,0,0,3456,608,0,0,0,0,0.6649,2,0,0,0.06331,0.106732,224,0.0859376,224,0,1.00e-09
base,1e-09,2,95,6.9303396,0.0365332,0.0116937,0.000106257,0,0,3456,856,0,0,0,0,0.6597,2,0,0,0.06331,0.106721,224,0.0859429,224,0,1.00e-09
base,1e-09,2,96,6.9291318,0.0416529,0.0133324,0.000112581,0,0,3456,575,0,0,0,0,0.6597,2,0,0,0.06331,0.106716,224,0.0859513,224,0,1.00e-09
base,1e-09,2,97,6.9279992,0.0488094,0.015623,0.000128659,0,0,3456,510,0,0,0,0,0.6597,2,0,0,0.06331,0.106694,224,0.0859459,224,0,1.00e-09
base,1e-09,2,98,6.9267239,0.0538307,0.0172303,0.000130522,0,0,3456,501,0,0,0,0,0.6597,2,0,0,0.06330,0.106678,224,0.0859458,224,0,1.00e-09
base,1e-09,2,99,6.9255969,0.0276517,0.00917606,0.000107137,0,0,3456,509,0,0,0,0,0.6597,2,0,0,0.06330,0.106663,224,0.0859419,224,0,1.00e-09
base,1e-09,2,100,6.9247353,0.0307071,0.0100698,8.99596e-05,0,0,3456,489,0,0,0,0,0.6597,2,0,0,0.06330,0.106655,224,0.0859439,224,0,1.00e-09
base,1e-09,2,101,6.9242542,0.0302345,0.00978184,7.77712e-05,0,0,3456,481,0,0,0,0,0.6597,2,0,0,0.06330,0.106658,224,0.0859562,224,0,1.00e-09
base,1e-09,2,102,6.9239354,0.031159,0.0100292,7.77369e-05,0,0,3456,478,0,0,0,0,0.6597,2,0,0,0.06329,0.106656,224,0.0859625,224,0,1.00e-09
base,1e-09,2,103,6.9236582,0.0307029,0.00987448,7.90091e-05,0,0,3456,469,0,0,0,0,0.6597,2,0,0,0.06329,0.106644,224,0.0859589,224,0,1.00e-09
base,1e-09,2,104,6.9233944,0.028165,0.00961937,7.9994e-05,0,0,3456,462,0,0,0,0,0.6597,2,0,0,0.06329,0.10662,224,0.0859437,224,0,1.00e-09
base,1e-09,2,105,6.9231504,0.0242763,0.00676955,5.9287e-05,0,0,3456,551,0,0,0,0,0.6580,2,0,0,0.06328,0.106602,224,0.0859323,224,0,1.00e-09
base,1e-09,2,106,6.9230022,0.0167829,0.00474188,3.46197e-05,0,0,3456,758,0,0,0,0,0.6580,2,1,0,0.06328,0.106594,224,0.0859277,224,0,1.00e-09
base,1e-09,2,107,5.5094051,0.128457,0.0560883,0.00246795,0.00115741,4,3456,795,0,0,0,0,0.6580,4,0,0,0.06578,0.111304,228,0.053458,228,0,1.00e-09
base,1e-09,2,108,5.2960393,0.0470044,0.0176142,0.000556254,0,0,3456,501,0,0,0,0,0.6788,4,0,0,0.06592,0.111296,228,0.0534449,228,0,1.00e-09
base,1e-09,2,109,5.2687767,0.0380235,0.0120622,0.000349869,0,0,3456,747,0,0,0,0,0.6788,4,0,0,0.06587,0.111032,228,0.0533403,228,0,1.00e-09
base,1e-09,2,110,5.2630289,0.0371843,0.0116917,0.000289066,0,0,3456,674,0,0,0,0,0.6788,4,0,0,0.06582,0.110778,228,0.0532499,228,0,1.00e-09
base,1e-09,2,111,5.2592965,0.0356912,0.0108683,0.000248037,0,0,3456,677,0,0,0,0,0.6788,4,0,0,0.06577,0.110552,228,0.0531794,228,0,1.00e-09
base,1e-09,2,112,5.2566574,0.0355663,0.010524,0.000214249,0,0,3456,749,0,0,0,0,0.6788,4,0,0,0.06573,0.110362,228,0.0531296,228,0,1.00e-09
base,1e-09,2,113,5.2547462,0.0360803,0.0107841,0.000175123,0,0,3456,747,0,0,0,0,0.6788,4,0,0,0.06570,0.110231,228,0.0531041,228,0,1.00e-09
base,1e-09,2,114,5.2532775,0.0368619,0.011381,0.00014866,0.000578704,2,3456,747,0,0,0,0,0.6788,4,0,0,0.06568,0.110146,226,0.0530959,226,0,1.00e-09
base,1e-09,2,115,5.2522069,0.0378328,0.0118511,0.000138758,0,0,3456,750,0,0,0,0,0.6788,4,0,0,0.06566,0.110087,226,0.0531037,226,0,1.00e-09
base,1e-09,2,116,5.2513294,0.0390979,0.0121895,0.000139914,0,0,3456,757,0,0,0,0,0.6788,4,0,0,0.06565,0.110043,226,0.0531221,226,0,1.00e-09
base,1e-09,2,117,5.250482,0.0414895,0.0129019,0.000147691,0,0,3456,760,0,0,0,0,0.6788,4,0,0,0.06564,0.110012,226,0.0531494,226,0,1.00e-09
base,1e-09,2,118,5.249617,0.0445516,0.0138388,0.000157159,0,0,3456,501,0,0,0,0,0.6771,4,0,0,0.06563,0.109986,226,0.0531857,226,0,1.00e-09
base,1e-09,2,119,5.248679,0.0497866,0.0164229,0.000167262,0,0,3456,743,0,0,0,0,0.6771,4,0,0,0.06563,0.110002,226,0.0532539,226,0,1.00e-09
base,1e-09,2,120,5.2475709,0.0678497,0.0223392,0.000197981,0,0,3456,747,0,0,0,0,0.6771,4,0,0,0.06562,0.110031,226,0.0533197,226,0,1.00e-09
base,1e-09,2,121,5.2460917,0.0812874,0.0289003,0.000242316,0,0,3456,503,0,0,0,0,0.6753,4,0,0,0.06561,0.110053,226,0.053369,226,0,1.00e-09
base,1e-09,2,122,5.2440096,0.124914,0.0450493,0.000331904,0.000578704,2,3456,756,0,0,0,0,0.6753,4,0,0,0.06559,0.10998,228,0.0533533,228,0,1.00e-09
base,1e-09,2,123,5.2415403,0.197822,0.0721779,0.000528267,0.00115741,4,3456,768,0,0,0,0,0.6753,4,0,0,0.06556,0.109871,220,0.0532096,220,0,1.00e-09
base,1e-09,2,124,5.2378249,0.122909,0.0457237,0.000374094,0,0,3456,776,0,0,0,0,0.6753,4,0,0,0.06557,0.109888,220,0.0531054,220,0,1.00e-09
base,1e-09,2,125,5.233792,0.0610014,0.0165482,0.000168335,0,0,3456,777,0,0,0,0,0.6753,4,0,0,0.06559,0.109982,220,0.0531212,220,0,1.00e-09
base,1e-09,2,126,5.2323214,0.0699584,0.018978,0.000127988,0,0,3456,778,0,0,0,0,0.6753,4,0,0,0.06559,0.109991,220,0.0531164,220,0,1.00e-09
base,1e-09,2,127,5.2318584,0.0749704,0.0203376,0.00013445,0,0,3456,778,0,0,0,0,0.6753,4,0,0,0.06559,0.110069,220,0.053162,220,0,1.00e-09
base,1e-09,2,128,5.2314534,0.0827834,0.0224571,0.000140329,0,0,3456,779,0,0,0,0,0.6753,4,0,0,0.06558,0.110087,220,0.0531756,220,0,1.00e-09
base,1e-09,2,129,5.2310187,0.0863817,0.0234332,0.000191599,0,0,3456,779,0,0,0,0,0.6753,4,0,0,0.06558,0.110161,220,0.0532296,220,0,1.00e-09
base,1e-09,2,130,5.2306968,0.0904917,0.025343,0.000166026,0,0,3456,772,0,0,0,0,0.6753,4,0,0,0.06557,0.11014,220,0.053201,220,0,1.00e-09
base,1e-09,2,131,5.2303491,0.0600257,0.0162835,0.000185366,0,0,3456,776,0,0,0,0,0.6753,4,0,0,0.06557,0.110198,220,0.0532393,220,0,1.00e-09
base,1e-09,2,132,5.2301707,0.0396331,0.0107515,0.000103458,0.000578704,2,3456,781,0,0,0,0,0.6753,4,0,0,0.06557,0.110231,218,0.0532539,218,0,1.00e-09
base,1e-09,2,133,5.2300375,0.0226607,0.00947167,6.80063e-05,0,0,3456,780,0,0,0,0,0.6753,4,0,0,0.06557,0.11024,218,0.0532616,218,0,1.00e-09
base,1e-09,2,134,5.229954,0.0155538,0.00477062,4.18528e-05,0,0,3456,745,0,0,0,0,0.6753,4,0,0,0.06558,0.110275,218,0.0532847,218,0,1.00e-09
base,1e-09,2,135,5.2299248,0.00967991,0.00309837,2.72157e-05,0,0,3456,780,0,0,0,0,0.6753,4,1,0,0.06558,0.110294,218,0.0533004,218,0,1.00e-09
base,1e-09,2,136,4.0725996,0.118735,0.0579797,0.00208115,0.00115741,4,3456,516,0,0,0,0,0.6372,8,0,0,0.06360,0.110568,218,0.0207533,218,0,1.00e-09
base,1e-09,2,137,4.2383391,0.0889205,0.0411662,0.00139616,0,0,3456,809,0,0,0,0,0.6372,8,0,0,0.06471,0.113026,218,0.0202658,218,0,1.00e-09
base,1e-09,2,138,4.1843113,0.0818794,0.0357765,0.00102104,0,0,3456,804,0,0,0,0,0.6372,8,0,0,0.06539,0.114901,218,0.0201532,218,0,1.00e-09
base,1e-09,2,139,4.167272,0.061618,0.0220587,0.000947458,0,0,3456,807,0,0,0,0,0.6372,8,0,0,0.06599,0.116591,218,0.0201349,218,0,1.00e-09
base,1e-09,2,140,4.1558263,0.0656036,0.0199705,0.000908502,0,0,3456,811,0,0,0,0,0.6372,8,0,0,0.06660,0.118208,218,0.0201283,218,0,1.00e-09
base,1e-09,2,141,4.1463676,0.068919,0.0185122,0.000835061,0,0,3456,787,0,0,0,0,0.6372,8,0,0,0.06718,0.119663,218,0.0201062,218,0,1.00e-09
base,1e-09,2,142,4.1384699,0.0656034,0.0164893,0.000736437,0,0,3456,772,0,0,0,0,0.6372,8,0,0,0.06768,0.120887,218,0.0200766,218,0,1.00e-09
base,1e-09,2,143,4.1324469,0.0737729,0.0177897,0.000665033,0,0,3456,749,0,0,0,0,0.6372,8,0,0,0.06811,0.121963,218,0.0200236,218,0,1.00e-09
base,1e-09,2,144,4.1274293,0.107124,0.0260599,0.000613924,0,0,3456,720,0,0,0,0,0.6372,8,0,0,0.06852,0.122926,218,0.0199346,218,0,1.00e-09
base,1e-09,2,145,4.1230197,0.129469,0.0310929,0.000542866,0.000578704,2,3456,654,0,0,0,0,0.6372,8,0,0,0.06886,0.123754,216,0.0198301,216,0,1.00e-09
base,1e-09,2,146,4.1194295,0.0837715,0.0209432,0.000421962,0,0,3456,635,0,0,0,0,0.6372,8,1,0,0.06910,0.12438,216,0.0197925,216,0,1.00e-09
base,1e-09,2,147,3.7090691,0.0999,0.0958747,0.00926462,0.00231481,8,3456,531,0,0,0,0,0.5538,16,0,0,0.05970,0.118377,208,0.0154438,208,0,1.00e-09
base,1e-09,2,148,4.3308141,0.0999,0.0937785,0.00575927,0.00173611,6,3456,834,0,0,0,0,0.5538,16,0,0,0.06516,0.12873,214,0.0111275,214,0,1.00e-09
base,1e-09,2,149,4.0243505,0.0999,0.0693999,0.00565486,0.00115741,4,3456,808,0,0,0,0,0.5538,16,0,0,0.06938,0.135894,210,0.0086045,210,0,1.00e-09
base,1e-09,2,150,3.9306937,0.0999,0.0629016,0.00491625,0.00115741,4,3456,542,0,0,0,0,0.5573,16,0,0,0.07363,0.142504,210,0.00699314,210,0,1.00e-09
base,1e-09,2,151,3.8611385,0.0999,0.0587603,0.0036244,0,0,3456,548,0,0,0,0,0.5920,16,0,0,0.07554,0.14507,210,0.005973,210,0,1.00e-09
base,1e-09,2,152,3.8353623,0.0999,0.0522621,0.00233311,0,0,3456,551,0,0,0,0,0.5833,16,0,0,0.07628,0.14566,210,0.0055594,210,0,1.00e-09
base,1e-09,2,153,3.8264999,0.0999,0.0428999,0.00177053,0,0,3456,833,0,0,0,0,0.5833,16,0,0,0.07664,0.145599,210,0.00520358,210,0,1.00e-09
base,1e-09,2,154,3.8228912,0.0999,0.0409724,0.0015455,0,0,3456,836,0,0,0,0,0.5833,16,0,0,0.07708,0.14605,210,0.00482756,210,0,1.00e-09
base,1e-09,2,155,3.8199965,0.0999,0.0505,0.0015779,0,0,3456,839,0,0,0,0,0.5833,16,0,0,0.07754,0.146394,210,0.00428446,210,0,1.00e-09
base,1e-09,2,156,3.815712,0.0999,0.0408199,0.00153651,0,0,3456,842,0,0,0,0,0.5833,16,0,0,0.07781,0.146831,210,0.00395792,210,0,1.00e-09
base,1e-09,2,157,3.8128123,0.0999,0.0546552,0.00191957,0,0,3456,553,0,0,0,0,0.5868,16,1,0,0.07798,0.146993,210,0.00358262,210,0,1.00e-09
base,1e-09,2,158,3.7720141,0.04995,0.0353403,0.00240719,0.000578704,2,3456,546,0,0,0,0,0.5538,32,1,0,0.07768,0.148202,208,0.00136183,208,0,1.00e-09
base,1e-09,2,159,3.7851254,0.04995,0.0409031,0.0030339,0,0,3456,846,0,0,0,0,0.5538,32,1,0,0.07984,0.152309,208,0.00079599,208,0,1.00e-09
base,1e-09,2,160,3.7806401,0.04995,0.0445155,0.00362386,0,0,3456,844,0,0,0,0,0.5538,32,1,0,0.07761,0.149316,208,0.00121509,208,0,1.00e-09
base,1e-09,2,161,3.7840406,0.04995,0.0464217,0.00444545,0,0,3456,850,0,0,0,0,0.5538,32,1,0,0.08106,0.155214,208,0.000792926,208,0,1.00e-09
base,1e-09,2,162,3.7809285,0.04995,0.0489032,0.00475151,0,0,3456,844,0,0,0,0,0.5538,32,1,0,0.07739,0.150073,208,0.00111405,208,0,1.00e-09
base,1e-09,2,163,3.7833095,0.04995,0.0495577,0.00426938,0,0,3456,838,0,0,0,0,0.5538,32,1,0,0.08112,0.155554,208,0.00078992,208,0,1.00e-09
base,1e-09,2,164,3.7804372,0.04995,0.0483642,0.00340275,0,0,3456,844,0,0,0,0,0.5538,32,1,0,0.07845,0.151425,208,0.000846236,208,0,1.00e-09
base,1e-09,2,165,3.7801563,0.04995,0.0400361,0.00200952,0,0,3456,846,0,0,0,0,0.5538,32,1,0,0.08023,0.153489,208,0.000757195,208,0,1.00e-09
base,1e-09,2,166,3.7789973,0.04995,0.0321257,0.00117151,0,0,3456,842,0,0,0,0,0.5538,32,1,0,0.07948,0.15215,208,0.000752738,208,0,1.00e-09
base,1e-09,2,167,3.7788268,0.04995,0.0185312,0.000596689,0,0,3456,840,0,0,0,0,0.5538,32,1,0,0.07937,0.152017,208,0.000734172,208,0,1.00e-09
base,1e-09,2,168,3.7787126,0.04995,0.0174876,0.000372182,0,0,3456,842,0,0,0,0,0.5538,32,1,0,0.07951,0.151994,208,0.000737858,208,0,1.00e-09
base,1e-09,3,1,9436.84,0.1998,-1,-1,-1,-1,3456,1042,0,0,0,0,1.0000,0,0,0,0.02506,0.0809649,48,0.0809649,48,0,1.00e-09
base,1e-09,3,2,1.5966894e+08,0.1998,0.1998,0.039498,0,0,3456,1512,0,0,0,0,0.5729,0,0,0,0.02168,0.0741747,48,0.0741747,48,0,1.00e-09
base,1e-09,3,3,34257240,0.1998,0.1998,0.0373401,0,0,3456,4769,0,0,0,0,1.0000,0,0,0,0.02006,0.069294,48,0.069294,48,0,1.00e-09
base,1e-09,3,4,3.3391519e+08,0.1998,0.1998,0.0339459,0,0,3456,7804,0,0,0,0,1.0000,0,0,0,0.01824,0.0613561,48,0.0613561,48,0,1.00e-09
base,1e-09,3,5,48191320,0.1998,0.1998,0.0362311,0,0,3456,5512,0,0,0,0,1.0000,0,0,0,0.02128,0.0763584,48,0.0763584,48,0,1.00e-09
base,1e-09,3,6,3.677761e+08,0.1998,0.159289,0.0297473,0,0,3456,5461,0,0,0,0,1.0000,0,0,0,0.01148,0.0403121,48,0.0403121,48,0,1.00e-09
base,1e-09,3,7,69632823,0.14586,0.129524,0.0315262,0,0,3456,2112,0,0,0,0,1.0000,0,0,0,0.02412,0.0897725,48,0.0897725,48,0,1.00e-09
base,1e-09,3,8,1690466,0.181253,0.125388,0.029402,0,0,3456,1680,0,0,0,0,1.0000,0,0,0,0.01103,0.04049,48,0.04049,48,0,1.00e-09
base,1e-09,3,9,50983458,0.154196,0.11269,0.0299973,0,0,3456,2770,0,0,0,0,1.0000,0,0,0,0.02351,0.0881953,48,0.0881953,48,0,1.00e-09
base,1e-09,3,10,1420005.3,0.1998,0.131818,0.0283747,0,0,3456,1610,0,0,0,0,1.0000,0,0,0,0.01157,0.0434416,48,0.0434416,48,0,1.00e-09
base,1e-09,3,11,33947663,0.1998,0.13087,0.0300086,0,0,3456,2292,0,0,0,0,1.0000,0,0,0,0.02365,0.0886907,48,0.0886907,48,0,1.00e-09
base,1e-09,3,12,1806710.7,0.178134,0.114123,0.0275414,0,0,3456,2191,0,0,0,0,1.0000,0,0,0,0.01074,0.0406183,48,0.0406183,48,0,1.00e-09
base,1e-09,3,13,18040046,0.178134,0.128924,0.0277331,0,0,3456,2173,0,0,0,0,1.0000,0,0,0,0.02236,0.0833304,48,0.0833304,48,0,1.00e-09
base,1e-09,3,14,1433828.8,0.139834,0.128924,0.0249548,0,0,3456,3346,0,0,0,0,1.0000,0,0,0,0.01115,0.0428968,48,0.0428968,48,0,1.00e-09
base,1e-09,3,15,116173.03,0.148254,0.103854,0.0153581,0,0,3456,725,0,0,0,0,1.0000,0,0,0,0.02380,0.09021,48,0.09021,48,0,1.00e-09
base,1e-09,3,16,17845.582,0.148254,0.100314,0.0150016,0,0,3456,1024,0,0,0,0,1.0000,0,0,0,0.02374,0.0898108,48,0.0898108,48,0,1.00e-09
base,1e-09,3,17,5708.4362,0.0766309,0.0591394,0.00710902,0,0,3456,549,0,0,0,0,1.0000,0,0,0,0.02946,0.109881,48,0.109881,48,0,1.00e-09
base,1e-09,3,18,2463.5961,0.0641048,0.0492581,0.0050838,0,0,3456,414,0,0,0,0,1.0000,0,0,0,0.03359,0.123702,48,0.123702,48,0,1.00e-09
base,1e-09,3,19,1388.2398,0.0444612,0.0318826,0.00391058,0,0,3456,374,0,0,0,0,1.0000,0,0,0,0.03562,0.129933,48,0.129933,48,0,1.00e-09
base,1e-09,3,20,969.46262,0.0705755,0.0305474,0.00321218,0,0,3456,358,0,0,0,0,1.0000,0,0,0,0.03632,0.131543,48,0.131543,48,0,1.00e-09
base,1e-09,3,21,773.84904,0.0274841,0.0191588,0.00286949,0,0,3456,321,0,0,0,0,1.0000,0,0,0,0.03653,0.131575,48,0.131575,48,0,1.00e-09
base,1e-09,3,22,653.90488,0.0397562,0.0234452,0.00280628,0,0,3456,313,0,0,0,0,1.0000,0,0,0,0.03661,0.131124,48,0.131124,48,0,1.00e-09
base,1e-09,3,23,562.75462,0.0359058,0.0216422,0.00279592,0,0,3456,311,0,0,0,0,1.0000,0,0,0,0.03665,0.130536,48,0.130536,48,0,1.00e-09
base,1e-09,3,24,487.62367,0.0353542,0.017115,0.00264815,0,0,3456,305,0,0,0,0,1.0000,0,0,0,0.03671,0.130029,48,0.130029,48,0,1.00e-09
base,1e-09,3,25,426.39867,0.0426826,0.0240955,0.00258737,0,0,3456,309,0,0,0,0,1.0000,0,0,0,0.03674,0.129425,48,0.129425,48,0,1.00e-09
base,1e-09,3,26,375.26994,0.0578651,0.0344573,0.00249226,0,0,3456,315,0,0,0,0,1.0000,0,0,0,0.03677,0.128823,48,0.128823,48,0,1.00e-09
base,1e-09,3,27,332.65276,0.0530521,0.0214024,0.00251747,0,0,3456,315,0,0,0,0,1.0000,0,0,0,0.03678,0.128039,48,0.128039,48,0,1.00e-09
base,1e-09,3,28,294.97659,0.0584019,0.0320002,0.00259712,0,0,3456,321,0,0,0,0,1.0000,0,0,0,0.03677,0.127058,48,0.127058,48,0,1.00e-09
base,1e-09,3,29,260.63702,0.0473184,0.0252862,0.00276548,0,0,3456,339,0,0,0,0,1.0000,0,0,0,0.03675,0.125882,48,0.125882,48,0,1.00e-09
base,1e-09,3,30,228.22105,0.0562038,0.0301241,0.00301937,0,0,3456,356,0,0,0,0,1.0000,0,0,0,0.03671,0.1244,48,0.1244,48,0,1.00e-09
base,1e-09,3,31,197.37406,0.0765127,0.0347488,0.00330266,0,0,3456,401,0,0,0,0,1.0000,0,0,0,0.03665,0.12256,48,0.12256,48,0,1.00e-09
base,1e-09,3,32,168.36811,0.117092,0.0526208,0.00369018,0,0,3456,425,0,0,0,0,1.0000,0,0,0,0.03659,0.120295,48,0.120295,48,0,1.00e-09
base,1e-09,3,33,140.81732,0.13381,0.07745,0.0041561,0,0,3456,463,0,0,0,0,1.0000,0,0,0,0.03650,0.117352,48,0.117352,48,0,1.00e-09
base,1e-09,3,34,115.06189,0.153583,0.0902468,0.00444359,0,0,3456,522,0,0,0,0,1.0000,0,0,0,0.03642,0.113792,48,0.113792,48,0,1.00e-09
base,1e-09,3,35,91.98967,0.190415,0.0651618,0.00440915,0.00173611,6,3456,562,0,0,0,0,1.0000,0,0,0,0.03643,0.110038,54,0.110038,54,0,1.00e-09
base,1e-09,3,36,73.311836,0.132315,0.05646,0.00357789,0.00173611,6,3456,583,0,0,0,0,1.0000,0,0,0,0.03660,0.107151,60,0.107151,60,0,1.00e-09
base,1e-09,3,37,60.654667,0.161313,0.0578623,0.00312964,0.00289352,10,3456,590,0,0,0,0,1.0000,0,0,0,0.03668,0.104306,70,0.104306,70,0,1.00e-09
base,1e-09,3,38,51.975344,0.1254,0.0582344,0.00253126,0.00173611,6,3456,602,0,0,0,0,1.0000,0,0,0,0.03681,0.102159,76,0.102159,76,0,1.00e-09
base,1e-09,3,39,46.035249,0.1594,0.0436993,0.00174493,0.000578704,2,3456,596,0,0,0,0,1.0000,0,0,0,0.03696,0.100733,78,0.100733,78,0,1.00e-09
base,1e-09,3,40,42.484832,0.131074,0.0385792,0.00149466,0.00173611,6,3456,592,0,0,0,0,1.0000,0,0,0,0.03702,0.0996398,84,0.0996398,84,0,1.00e-09
base,1e-09,3,41,40.351334,0.117264,0.0373083,0.00152337,0.00173611,6,3456,586,0,0,0,0,1.0000,0,0,0,0.03704,0.0984441,86,0.0984441,86,0,1.00e-09
base,1e-09,3,42,38.608611,0.112536,0.039029,0.0017291,0.00231481,8,3456,553,0,0,0,0,1.0000,0,0,0,0.03704,0.0970197,90,0.0970197,90,0,1.00e-09
base,1e-09,3,43,36.993407,0.1998,0.0752802,0.00159911,0.00347222,12,3456,568,0,0,0,0,1.0000,0,0,0,0.03706,0.0960844,102,0.0960844,102,0,1.00e-09
base,1e-09,3,44,35.753701,0.1998,0.0831704,0.00187309,0.00578704,20,3456,575,0,0,0,0,1.0000,0,0,0,0.03706,0.0948804,106,0.0948804,106,0,1.00e-09
base,1e-09,3,45,34.822224,0.1998,0.105985,0.00159875,0.00231481,8,3456,587,0,0,0,0,1.0000,0,0,0,0.03708,0.0944372,114,0.0944372,114,0,1.00e-09
base,1e-09,3,46,34.294434,0.1998,0.103282,0.00141617,0.00173611,6,3456,584,0,0,0,0,1.0000,0,0,0,0.03709,0.0940452,112,0.0940452,112,0,1.00e-09
base,1e-09,3,47,33.844971,0.1998,0.11424,0.00119181,0.00115741,4,3456,587,0,0,0,0,1.0000,0,0,0,0.03710,0.0936656,116,0.0936656,116,0,1.00e-09
base,1e-09,3,48,33.560651,0.1998,0.104185,0.000954871,0.00173611,6,3456,589,0,0,0,0,1.0000,0,0,0,0.03712,0.0936141,118,0.0936141,118,0,1.00e-09
base,1e-09,3,49,33.304072,0.131834,0.064968,0.00058126,0.00231481,8,3456,596,0,0,0,0,1.0000,0,0,0,0.03715,0.0935037,114,0.0935037,114,0,1.00e-09
base,1e-09,3,50,33.070701,0.0821677,0.0254364,0.000352773,0.00115741,4,3456,586,0,0,0,0,1.0000,0,0,0,0.03717,0.0933887,118,0.0933887,118,0,1.00e-09
base,1e-09,3,51,32.917775,0.0681595,0.0216887,0.000315115,0,0,3456,582,0,0,0,0,1.0000,0,0,0,0.03717,0.0933555,118,0.0933555,118,0,1.00e-09
base,1e-09,3,52,32.819315,0.0690443,0.024139,0.000319812,0.000578704,2,3456,585,0,0,0,0,1.0000,0,0,0,0.03717,0.0932873,120,0.0932873,120,0,1.00e-09
base,1e-09,3,53,32.744452,0.120186,0.0345274,0.000370509,0,0,3456,585,0,0,0,0,1.0000,0,0,0,0.03717,0.0932127,120,0.0932127,120,0,1.00e-09
base,1e-09,3,54,32.67141,0.12681,0.0394607,0.000410962,0.00173611,6,3456,586,0,0,0,0,1.0000,0,0,0,0.03717,0.0930639,122,0.0930639,122,0,1.00e-09
base,1e-09,3,55,32.580209,0.128394,0.0488631,0.000524275,0.000578704,2,3456,579,0,0,0,0,1.0000,0,0,0,0.03717,0.0928632,120,0.0928632,120,0,1.00e-09
base,1e-09,3,56,32.491985,0.104767,0.0354556,0.000460669,0.00173611,6,3456,581,0,0,0,0,1.0000,0,0,0,0.03717,0.0929007,122,0.0929007,122,0,1.00e-09
base,1e-09,3,57,32.425875,0.150639,0.0584645,0.00051163,0.00115741,4,3456,582,0,0,0,0,1.0000,0,0,0,0.03717,0.0927132,118,0.0927132,118,0,1.00e-09
base,1e-09,3,58,32.374293,0.119195,0.0548888,0.000429633,0.00289352,10,3456,572,0,0,0,0,1.0000,0,0,0,0.03717,0.0927839,124,0.0927839,124,0,1.00e-09
base,1e-09,3,59,32.31179,0.0761462,0.0266693,0.00030415,0.00115741,4,3456,582,0,0,0,0,1.0000,0,0,0,0.03718,0.0927725,120,0.0927725,120,0,1.00e-09
base,1e-09,3,60,32.258788,0.065322,0.0218567,0.000340953,0.00115741,4,3456,578,0,0,0,0,1.0000,0,0,0,0.03718,0.0927379,124,0.0927379,124,0,1.00e-09
base,1e-09,3,61,32.225072,0.159324,0.05575,0.000414072,0.000289352,1,3456,576,0,0,0,0,1.0000,0,0,0,0.03718,0.0927361,125,0.0927361,125,0,1.00e-09
base,1e-09,3,62,32.206933,0.1998,0.0741541,0.000678511,0.00144676,5,3456,567,0,0,0,0,1.0000,0,0,0,0.03717,0.0925474,120,0.0925474,120,0,1.00e-09
base,1e-09,3,63,32.237699,0.1998,0.0784554,0.000921959,0.00289352,10,3456,577,0,0,0,0,1.0000,0,0,0,0.03716,0.0926207,122,0.0926207,122,0,1.00e-09
base,1e-09,3,64,32.249472,0.1998,0.110245,0.00111988,0.00347222,12,3456,560,0,0,0,0,1.0000,0,0,0,0.03715,0.0924694,128,0.0924694,128,0,1.00e-09
base,1e-09,3,65,32.308778,0.1998,0.110245,0.00101195,0.00115741,4,3456,561,0,0,0,0,1.0000,0,0,0,0.03714,0.0922686,128,0.0922686,128,0,1.00e-09
base,1e-09,3,66,32.060698,0.1998,0.093074,0.000808327,0.000868056,3,3456,558,0,0,0,0,1.0000,0,0,0,0.03716,0.092044,127,0.092044,127,0,1.00e-09
base,1e-09,3,67,31.836739,0.1998,0.0900725,0.000603083,0.00115741,4,3456,576,0,0,0,0,1.0000,0,0,0,0.03716,0.0917037,125,0.0917037,125,0,1.00e-09
base,1e-09,3,68,31.657348,0.152495,0.0557685,0.000400725,0.000289352,1,3456,569,0,0,0,0,1.0000,0,0,0,0.03717,0.0915176,126,0.0915176,126,0,1.00e-09
base,1e-09,3,69,31.507353,0.192731,0.0664721,0.000359497,0.000578704,2,3456,563,0,0,0,0,1.0000,0,0,0,0.03717,0.0914318,124,0.0914318,124,0,1.00e-09
base,1e-09,3,70,31.398708,0.184638,0.0571314,0.000313341,0.000868056,3,3456,559,0,0,0,0,1.0000,0,0,0,0.03717,0.0913415,127,0.0913415,127,0,1.00e-09
base,1e-09,3,71,31.302664,0.19613,0.0637444,0.000336044,0,0,3456,565,0,0,0,0,1.0000,0,0,0,0.03717,0.0912826,127,0.0912826,127,0,1.00e-09
base,1e-09,3,72,31.226431,0.0923686,0.0307215,0.000281547,0.00173611,6,3456,563,0,0,0,0,1.0000,0,0,0,0.03718,0.0911956,129,0.0911956,129,0,1.00e-09
base,1e-09,3,73,31.163356,0.0911656,0.0291805,0.00025414,0.000289352,1,3456,558,0,0,0,0,1.0000,0,0,0,0.03718,0.0911143,130,0.0911143,130,0,1.00e-09
base,1e-09,3,74,31.124593,0.105611,0.0338044,0.000289042,0.000289352,1,3456,570,0,0,0,0,1.0000,0,0,0,0.03718,0.0910013,131,0.0910013,131,0,1.00e-09
base,1e-09,3,75,31.083456,0.122898,0.0393376,0.000349977,0.000578704,2,3456,549,0,0,0,0,1.0000,0,0,0,0.03718,0.0908407,131,0.0908407,131,0,1.00e-09
base,1e-09,3,76,31.03211,0.16607,0.0531561,0.0004372,0.000578704,2,3456,547,0,0,0,0,1.0000,0,0,0,0.03717,0.0905959,133,0.0905959,133,0,1.00e-09
base,1e-09,3,77,30.959828,0.199762,0.0640879,0.000477559,0.000868056,3,3456,549,0,0,0,0,1.0000,0,0,0,0.03717,0.0903156,130,0.0903156,130,0,1.00e-09
base,1e-09,3,78,30.874108,0.185512,0.0593791,0.00037885,0.000578704,2,3456,546,0,0,0,0,1.0000,0,0,0,0.03718,0.0900691,132,0.0900691,132,0,1.00e-09
base,1e-09,3,79,30.816803,0.131385,0.0408049,0.000293402,0.000289352,1,3456,539,0,0,0,0,1.0000,0,0,0,0.03718,0.0898759,133,0.0898759,133,0,1.00e-09
base,1e-09,3,80,30.774755,0.0858648,0.026833,0.000222893,0.000578704,2,3456,530,0,0,0,0,1.0000,0,0,0,0.03718,0.0897525,133,0.0897525,133,0,1.00e-09
base,1e-09,3,81,30.740324,0.0770781,0.026692,0.000185447,0.000578704,2,3456,527,0,0,0,0,1.0000,0,0,0,0.03718,0.0896954,135,0.0896954,135,0,1.00e-09
base,1e-09,3,82,30.711825,0.0708181,0.01841,0.000177579,0.000289352,1,3456,523,0,0,0,0,1.0000,0,0,0,0.03718,0.0896326,136,0.0896326,136,0,1.00e-09
base,1e-09,3,83,30.684735,0.0777179,0.0222592,0.00020825,0,0,3456,513,0,0,0,0,1.0000,0,0,0,0.03718,0.089578,136,0.089578,136,0,1.00e-09
base,1e-09,3,84,30.656409,0.067915,0.0260929,0.000258095,0.000289352,1,3456,517,0,0,0,0,1.0000,0,0,0,0.03718,0.089495,135,0.089495,135,0,1.00e-09
base,1e-09,3,85,30.623442,0.12063,0.0475488,0.000329856,0.000578704,2,3456,536,0,0,0,0,1.0000,0,0,0,0.03718,0.0894237,135,0.0894237,135,0,1.00e-09
base,1e-09,3,86,30.570821,0.159606,0.0596003,0.000469859,0.000578704,2,3456,545,0,0,0,0,1.0000,0,0,0,0.03717,0.0892845,135,0.0892845,135,0,1.00e-09
base,1e-09,3,87,30.46851,0.1998,0.0752211,0.000579747,0.000289352,1,3456,544,0,0,0,0,1.0000,0,0,0,0.03717,0.0891727,134,0.0891727,134,0,1.00e-09
base,1e-09,3,88,30.337415,0.1998,0.0951943,0.000840946,0.00144676,5,3456,526,0,0,0,0,1.0000,0,0,0,0.03716,0.0889701,135,0.0889701,135,0,1.00e-09
base,1e-09,3,89,30.175892,0.1998,0.110767,0.00106942,0.00231481,8,3456,534,0,0,0,0,1.0000,0,0,0,0.03715,0.0885819,137,0.0885819,137,0,1.00e-09
base,1e-09,3,90,29.955606,0.1998,0.130417,0.00127402,0.00347222,12,3456,526,0,0,0,0,1.0000,0,0,0,0.03715,0.0885399,139,0.0885399,139,0,1.00e-09
base,1e-09,3,91,29.77568,0.1998,0.131562,0.00135908,0.00260417,9,3456,529,0,0,0,0,1.0000,0,0,0,0.03714,0.088087,140,0.088087,140,0,1.00e-09
base,1e-09,3,92,29.682389,0.1998,0.126256,0.00135166,0.00347222,12,3456,524,0,0,0,0,1.0000,0,0,0,0.03713,0.0882893,142,0.0882893,142,0,1.00e-09
base,1e-09,3,93,29.591335,0.1998,0.0820221,0.00105637,0.00289352,10,3456,522,0,0,0,0,1.0000,0,0,0,0.03714,0.0880809,140,0.0880809,140,0,1.00e-09
base,1e-09,3,94,29.474105,0.1998,0.0838887,0.000747763,0.00144676,5,3456,511,0,0,0,0,1.0000,0,0,0,0.03716,0.0880374,141,0.0880374,141,0,1.00e-09
base,1e-09,3,95,29.310604,0.177549,0.0618818,0.000424382,0.000578704,2,3456,509,0,0,0,0,1.0000,0,0,0,0.03717,0.088041,141,0.088041,141,0,1.00e-09
base,1e-09,3,96,29.217779,0.1998,0.064561,0.000415976,0.000289352,1,3456,503,0,0,0,0,1.0000,0,0,0,0.03717,0.0879145,142,0.0879145,142,0,1.00e-09
base,1e-09,3,97,29.118086,0.168171,0.0571295,0.000350983,0.000868056,3,3456,497,0,0,0,0,1.0000,0,0,0,0.03717,0.0878083,141,0.0878083,141,0,1.00e-09
base,1e-09,3,98,29.001573,0.188041,0.0715828,0.000384741,0.000289352,1,3456,495,0,0,0,0,1.0000,0,0,0,0.03716,0.0876286,142,0.0876286,142,0,1.00e-09
base,1e-09,3,99,28.8511,0.1998,0.08527,0.000368615,0.00115741,4,3456,495,0,0,0,0,1.0000,0,0,0,0.03717,0.087489,144,0.087489,144,0,1.00e-09
base,1e-09,3,100,28.727395,0.1998,0.0676922,0.000332591,0.000578704,2,3456,491,0,0,0,0,1.0000,0,0,0,0.03717,0.0873172,146,0.0873172,146,0,1.00e-09
base,1e-09,3,101,28.612078,0.0903128,0.029358,0.000278812,0.000289352,1,3456,491,0,0,0,0,1.0000,0,0,0,0.03718,0.0872117,147,0.0872117,147,0,1.00e-09
base,1e-09,3,102,28.538843,0.0639452,0.020522,0.000209121,0.000289352,1,3456,493,0,0,0,0,1.0000,0,0,0,0.03718,0.0871955,146,0.0871955,146,0,1.00e-09
base,1e-09,3,103,28.509612,0.0618611,0.0203608,0.000194358,0.000289352,1,3456,489,0,0,0,0,1.0000,0,0,0,0.03718,0.0871537,147,0.0871537,147,0,1.00e-09
base,1e-09,3,104,28.485885,0.0577328,0.0209525,0.000207376,0.000578704,2,3456,487,0,0,0,0,1.0000,0,0,0,0.03718,0.087172,147,0.087172,147,0,1.00e-09
base,1e-09,3,105,28.465181,0.0943204,0.0327818,0.000250674,0,0,3456,486,0,0,0,0,1.0000,0,0,0,0.03718,0.0871185,147,0.0871185,147,0,1.00e-09
base,1e-09,3,106,28.447781,0.112635,0.039055,0.00033426,0.000289352,1,3456,489,0,0,0,0,1.0000,0,0,0,0.03718,0.0872002,146,0.0872002,146,0,1.00e-09
base,1e-09,3,107,28.43725,0.171965,0.0584739,0.000413187,0.000868056,3,3456,491,0,0,0,0,1.0000,0,0,0,0.03718,0.0871172,149,0.0871172,149,0,1.00e-09
base,1e-09,3,108,28.427898,0.1998,0.0685913,0.000486149,0.000868056,3,3456,488,0,0,0,0,1.0000,0,0,0,0.03717,0.0872315,146,0.0872315,146,0,1.00e-09
base,1e-09,3,109,28.425485,0.1998,0.0694973,0.000409623,0.00115741,4,3456,492,0,0,0,0,1.0000,0,0,0,0.03717,0.0871715,146,0.0871715,146,0,1.00e-09
base,1e-09,3,110,28.391939,0.123174,0.0470259,0.000255279,0.000578704,2,3456,483,0,0,0,0,1.0000,0,0,0,0.03718,0.0872032,146,0.0872032,146,0,1.00e-09
base,1e-09,3,111,28.361706,0.164479,0.0627953,0.000254706,0,0,3456,493,0,0,0,0,1.0000,0,0,0,0.03718,0.0871549,146,0.0871549,146,0,1.00e-09
base,1e-09,3,112,28.329548,0.135986,0.051917,0.000194417,0.000289352,1,3456,495,0,0,0,0,1.0000,0,0,0,0.03718,0.0871383,145,0.0871383,145,0,1.00e-09
base,1e-09,3,113,28.29245,0.1194,0.0390323,0.000210421,0,0,3456,501,0,0,0,0,1.0000,0,0,0,0.03718,0.0871518,145,0.0871518,145,0,1.00e-09
base,1e-09,3,114,28.258784,0.112964,0.0378111,0.000222398,0,0,3456,502,0,0,0,0,1.0000,0,0,0,0.03718,0.0871626,145,0.0871626,145,0,1.00e-09
base,1e-09,3,115,28.21143,0.1998,0.066208,0.000349587,0.000578704,2,3456,502,0,0,0,0,1.0000,0,0,0,0.03717,0.0871217,147,0.0871217,147,0,1.00e-09
base,1e-09,3,116,28.135899,0.193826,0.06606,0.000417551,0.000868056,3,3456,512,0,0,0,0,1.0000,0,0,0,0.03717,0.0870657,150,0.0870657,150,0,1.00e-09
base,1e-09,3,117,28.02915,0.1998,0.0665203,0.000475111,0,0,3456,511,0,0,0,0,1.0000,0,0,0,0.03717,0.0869678,150,0.0869678,150,0,1.00e-09
base,1e-09,3,118,27.883774,0.1998,0.0636174,0.000459603,0.000578704,2,3456,537,0,0,0,0,1.0000,0,0,0,0.03717,0.0868624,150,0.0868624,150,0,1.00e-09
base,1e-09,3,119,27.810351,0.15734,0.0491211,0.000398741,0.000578704,2,3456,535,0,0,0,0,1.0000,0,0,0,0.03717,0.0869494,152,0.0869494,152,0,1.00e-09
base,1e-09,3,120,27.784472,0.176369,0.0586195,0.000319949,0.00115741,4,3456,542,0,0,0,0,1.0000,0,0,0,0.03718,0.0868514,148,0.0868514,148,0,1.00e-09
base,1e-09,3,121,27.764977,0.194128,0.0691008,0.00034749,0.00173611,6,3456,529,0,0,0,0,1.0000,0,0,0,0.03718,0.0869484,152,0.0869484,152,0,1.00e-09
base,1e-09,3,122,27.763745,0.15713,0.0572586,0.000276499,0.00144676,5,3456,519,0,0,0,0,1.0000,0,0,0,0.03718,0.0868761,149,0.0868761,149,0,1.00e-09
base,1e-09,3,123,27.748785,0.0783,0.0292969,0.000147275,0.000578704,2,3456,519,0,0,0,0,1.0000,0,0,0,0.03718,0.0869227,151,0.0869227,151,0,1.00e-09
base,1e-09,3,124,27.737557,0.0342163,0.015644,8.80131e-05,0.000289352,1,3456,519,0,0,0,0,1.0000,0,0,0,0.03718,0.0869081,152,0.0869081,152,0,1.00e-09
base,1e-09,3,125,27.730516,0.0337193,0.00958431,6.71212e-05,0.000289352,1,3456,517,0,0,0,0,1.0000,0,0,0,0.03718,0.086924,151,0.086924,151,0,1.00e-09
base,1e-09,3,126,27.725418,0.0398159,0.010895,7.26981e-05,0,0,3456,517,0,0,0,0,1.0000,0,0,0,0.03718,0.0869371,151,0.0869371,151,0,1.00e-09
base,1e-09,3,127,27.720267,0.0445603,0.0121468,8.05798e-05,0.000578704,2,3456,513,0,0,0,0,1.0000,0,0,0,0.03718,0.0869532,151,0.0869532,151,0,1.00e-09
base,1e-09,3,128,27.714355,0.0481555,0.0131904,9.60038e-05,0,0,3456,515,0,0,0,0,1.0000,0,0,0,0.03718,0.0869676,151,0.0869676,151,0,1.00e-09
base,1e-09,3,129,27.707507,0.0484148,0.0146265,0.000111285,0.000289352,1,3456,515,0,0,0,0,1.0000,0,0,0,0.03718,0.0869831,150,0.0869831,150,0,1.00e-09
base,1e-09,3,130,27.699522,0.0543041,0.0175769,0.000132853,0,0,3456,496,0,0,0,0,1.0000,0,0,0,0.03718,0.0869925,150,0.0869925,150,0,1.00e-09
base,1e-09,3,131,27.689845,0.0592336,0.0192067,0.000155641,0,0,3456,502,0,0,0,0,1.0000,0,0,0,0.03718,0.0869968,150,0.0869968,150,0,1.00e-09
base,1e-09,3,132,27.676898,0.0739171,0.0245875,0.000190689,0,0,3456,501,0,0,0,0,1.0000,0,0,0,0.03718,0.0869937,150,0.0869937,150,0,1.00e-09
base,1e-09,3,133,27.657259,0.0848596,0.0290975,0.000237982,0.000289352,1,3456,506,0,0,0,0,1.0000,0,0,0,0.03718,0.0869601,151,0.0869601,151,0,1.00e-09
base,1e-09,3,134,27.623376,0.176591,0.0586967,0.000322826,0.000578704,2,3456,504,0,0,0,0,1.0000,0,0,0,0.03717,0.086942,153,0.086942,153,0,1.00e-09
base,1e-09,3,135,27.570891,0.1998,0.068281,0.000476736,0.00144676,5,3456,522,0,0,0,0,1.0000,0,0,0,0.03717,0.0867959,156,0.0867959,156,0,1.00e-09
base,1e-09,3,136,27.500813,0.1998,0.0701341,0.000445334,0.00144676,5,3456,515,0,0,0,0,1.0000,0,0,0,0.03717,0.0867943,155,0.0867943,155,0,1.00e-09
base,1e-09,3,137,27.399608,0.193896,0.0614075,0.000311347,0.00173611,6,3456,526,0,0,0,0,1.0000,0,0,0,0.03718,0.0866723,159,0.0866723,159,0,1.00e-09
base,1e-09,3,138,27.33302,0.1998,0.0689439,0.000341608,0.00115741,4,3456,527,0,0,0,0,1.0000,0,0,0,0.03717,0.0866913,157,0.0866913,157,0,1.00e-09
base,1e-09,3,139,27.317345,0.1998,0.0786756,0.00035733,0.00115741,4,3456,537,0,0,0,0,1.0000,0,0,0,0.03718,0.0866531,157,0.0866531,157,0,1.00e-09
base,1e-09,3,140,27.329457,0.1998,0.078767,0.000333279,0.000868056,3,3456,533,0,0,0,0,1.0000,0,0,0,0.03717,0.0866261,156,0.0866261,156,0,1.00e-09
base,1e-09,3,141,27.304876,0.113224,0.043714,0.000218743,0.000868056,3,3456,541,0,0,0,0,1.0000,0,0,0,0.03718,0.0866463,159,0.0866463,159,0,1.00e-09
base,1e-09,3,142,27.292464,0.0827584,0.0333364,0.000119589,0.000578704,2,3456,535,0,0,0,0,1.0000,0,0,0,0.03718,0.0866258,157,0.0866258,157,0,1.00e-09
base,1e-09,3,143,27.282531,0.0268049,0.00855754,4.65676e-05,0,0,3456,518,0,0,0,0,1.0000,0,0,0,0.03718,0.0866123,157,0.0866123,157,0,1.00e-09
base,1e-09,3,144,27.277964,0.0270069,0.00864445,3.23806e-05,0,0,3456,513,0,0,0,0,1.0000,0,0,0,0.03718,0.0865984,157,0.0865984,157,0,1.00e-09
base,1e-09,3,145,27.276496,0.0348627,0.0111589,3.31949e-05,0.000289352,1,3456,519,0,0,0,0,1.0000,0,0,0,0.03718,0.0865778,158,0.0865778,158,0,1.00e-09
base,1e-09,3,146,27.275307,0.0392034,0.0125483,3.59817e-05,0,0,3456,519,0,0,0,0,1.0000,0,0,0,0.03718,0.0865572,158,0.0865572,158,0,1.00e-09
base,1e-09,3,147,27.274073,0.0295417,0.00821857,2.81778e-05,0,0,3456,518,0,0,0,0,1.0000,0,0,0,0.03718,0.0865422,158,0.0865422,158,0,1.00e-09
base,1e-09,3,148,27.272984,0.0163043,0.00432238,1.85877e-05,0,0,3456,516,0,0,0,0,1.0000,0,0,0,0.03718,0.0865425,158,0.0865425,158,0,1.00e-09
base,1e-09,3,149,27.272311,0.0139229,0.00385307,1.7683e-05,0,0,3456,509,0,0,0,0,1.0000,0,0,0,0.03718,0.0865418,158,0.0865418,158,0,1.00e-09
base,1e-09,3,150,27.271917,0.0129762,0.00433699,1.58738e-05,0,0,3456,516,0,0,0,0,1.0000,0,0,0,0.03718,0.086542,158,0.086542,158,0,1.00e-09
base,1e-09,3,151,27.271632,0.012086,0.00379541,1.82867e-05,0,0,3456,512,0,0,0,0,1.0000,0,0,0,0.03718,0.0865346,158,0.0865346,158,0,1.00e-09
base,1e-09,3,152,27.271452,0.0151243,0.00706986,2.92159e-05,0,0,3456,515,0,0,0,0,1.0000,0,1,0,0.03718,0.0865474,158,0.0865474,158,0,1.00e-09
base,1e-09,3,153,123.3631,0.1998,0.30917,0.0149599,0.0286458,99,3456,947,0,0,0,0,0.7899,1,0,0,0.03718,0.10908,59,0.102605,59,0,1.00e-09
base,1e-09,3,154,68.359699,0.151203,0.105547,0.0053253,0.00347222,12,3456,867,0,0,0,0,0.7431,1,0,0,0.03798,0.10525,71,0.0995211,71,0,1.00e-09
base,1e-09,3,155,48.641162,0.152554,0.0769161,0.00321241,0.00202546,7,3456,889,0,0,0,0,0.7049,1,0,0,0.03836,0.102007,78,0.0967272,78,0,1.00e-09
base,1e-09,3,156,39.404274,0.107837,0.0398856,0.00204771,0.00231481,8,3456,896,0,0,0,0,0.6994,1,0,0,0.03854,0.0996586,86,0.0945941,86,0,1.00e-09
base,1e-09,3,157,35.0433,0.121971,0.0387081,0.00167406,0.00434028,15,3456,912,0,0,0,0,0.6944,1,0,0,0.03851,0.0975535,101,0.0926264,101,0,1.00e-09
base,1e-09,3,158,32.332491,0.109757,0.0446478,0.00167121,0.00434028,15,3456,926,0,0,0,0,0.6904,1,0,0,0.03845,0.0953926,116,0.0905888,116,0,1.00e-09
base,1e-09,3,159,30.147188,0.117474,0.0369172,0.00154411,0.00462963,16,3456,934,0,0,0,0,0.6852,1,0,0,0.03840,0.093496,130,0.088784,130,0,1.00e-09
base,1e-09,3,160,28.393737,0.119976,0.047666,0.00135868,0.00405093,14,3456,952,0,0,0,0,0.6748,1,0,0,0.03840,0.0920401,142,0.0873883,142,0,1.00e-09
base,1e-09,3,161,27.138926,0.144547,0.0437746,0.00121307,0.00231481,8,3456,963,0,0,0,0,0.6696,1,0,0,0.03840,0.0910679,148,0.0864493,148,0,1.00e-09
base,1e-09,3,162,26.360807,0.144106,0.0536257,0.00117343,0.00144676,5,3456,973,0,0,0,0,0.6684,1,0,0,0.03839,0.0900725,151,0.0854731,151,0,1.00e-09
base,1e-09,3,163,25.808733,0.139817,0.0502825,0.000993866,0.000868056,3,3456,979,0,0,0,0,0.6672,1,0,0,0.03839,0.0893044,152,0.084718,152,0,1.00e-09
base,1e-09,3,164,25.394008,0.149268,0.0698845,0.000849414,0.000289352,1,3456,986,0,0,0,0,0.6655,1,0,0,0.03837,0.0885577,153,0.0839809,153,0,1.00e-09
base,1e-09,3,165,25.0776,0.190247,0.0809204,0.000738211,0.00115741,4,3456,987,0,0,0,0,0.6620,1,0,0,0.03837,0.0881175,157,0.0835606,157,0,1.00e-09
base,1e-09,3,166,24.855322,0.193865,0.0857276,0.000674026,0.00144676,5,3456,988,0,0,0,0,0.6591,1,0,0,0.03836,0.0876569,156,0.0831096,156,0,1.00e-09
base,1e-09,3,167,24.717351,0.167137,0.0638654,0.00049448,0.000868056,3,3456,990,0,0,0,0,0.6554,1,0,0,0.03837,0.0875565,157,0.083021,157,0,1.00e-09
base,1e-09,3,168,24.632172,0.111723,0.0444225,0.000377118,0.000578704,2,3456,984,0,0,0,0,0.6415,1,0,0,0.03837,0.0874033,157,0.0828698,157,0,1.00e-09
base,1e-09,3,169,24.581941,0.0763438,0.019936,0.00024742,0,0,3456,989,0,0,0,0,0.6403,1,0,0,0.03837,0.0874225,157,0.082891,157,0,1.00e-09
base,1e-09,3,170,24.547304,0.0925216,0.0217378,0.000156804,0,0,3456,989,0,0,0,0,0.6380,1,0,0,0.03838,0.0874088,157,0.0828757,157,0,1.00e-09
base,1e-09,3,171,24.530024,0.10617,0.0249258,0.000126092,0.000868056,3,3456,743,0,0,0,0,0.6380,1,0,0,0.03838,0.0873946,158,0.0828598,158,0,1.00e-09
base,1e-09,3,172,24.515765,0.0708685,0.0253235,0.000120478,0,0,3456,621,0,0,0,0,0.6380,1,0,0,0.03838,0.0873757,158,0.082838,158,0,1.00e-09
base,1e-09,3,173,24.504985,0.0556477,0.0183933,0.000107118,0,0,3456,513,0,0,0,0,0.6380,1,0,0,0.03838,0.0873511,158,0.0828104,158,0,1.00e-09
base,1e-09,3,174,24.499097,0.063153,0.0185891,0.000107739,0.000289352,1,3456,505,0,0,0,0,0.6380,1,0,0,0.03838,0.0873206,159,0.0827768,159,0,1.00e-09
base,1e-09,3,175,24.493422,0.0746834,0.021963,0.000128301,0.000578704,2,3456,479,0,0,0,0,0.6380,1,0,0,0.03838,0.0872789,161,0.082731,161,0,1.00e-09
base,1e-09,3,176,24.48653,0.0840422,0.0243752,0.000149665,0,0,3456,465,0,0,0,0,0.6380,1,0,0,0.03838,0.087216,161,0.0826633,161,0,1.00e-09
base,1e-09,3,177,24.4778,0.0976301,0.0284038,0.000192228,0,0,3456,478,0,0,0,0,0.6380,1,0,0,0.03837,0.0871241,161,0.0825651,161,0,1.00e-09
base,1e-09,3,178,24.464398,0.113436,0.0364071,0.000284353,0.000578704,2,3456,469,0,0,0,0,0.6380,1,0,0,0.03837,0.0870002,163,0.082432,163,0,1.00e-09
base,1e-09,3,179,24.44149,0.186541,0.0588058,0.00037842,0,0,3456,469,0,0,0,0,0.6380,1,0,0,0.03836,0.0868259,163,0.0822488,163,0,1.00e-09
base,1e-09,3,180,24.402765,0.1998,0.0644906,0.000431771,0.000289352,1,3456,468,0,0,0,0,0.6380,1,0,0,0.03835,0.0865759,164,0.0819953,164,0,1.00e-09
base,1e-09,3,181,24.335345,0.1998,0.0585351,0.000360019,0.000289352,1,3456,465,0,0,0,0,0.6380,1,0,0,0.03835,0.0864116,165,0.0818208,165,0,1.00e-09
base,1e-09,3,182,24.274251,0.1998,0.0572936,0.000309074,0,0,3456,460,0,0,0,0,0.6380,1,0,0,0.03835,0.0863197,165,0.0817235,165,0,1.00e-09
base,1e-09,3,183,24.226563,0.1998,0.0548629,0.000349481,0.000289352,1,3456,465,0,0,0,0,0.6380,1,0,0,0.03835,0.0862107,164,0.0816085,164,0,1.00e-09
base,1e-09,3,184,24.182575,0.1998,0.07958,0.000339518,0,0,3456,459,0,0,0,0,0.6380,1,0,0,0.03834,0.0862409,164,0.0816385,164,0,1.00e-09
base,1e-09,3,185,24.155705,0.1998,0.107713,0.000513636,0.000289352,1,3456,456,0,0,0,0,0.6380,1,0,0,0.03834,0.0861854,165,0.0815806,165,0,1.00e-09
base,1e-09,3,186,24.14985,0.1998,0.112207,0.000612953,0.000578704,2,3456,459,0,0,0,0,0.6380,1,0,0,0.03833,0.086147,163,0.0815432,163,0,1.00e-09
base,1e-09,3,187,24.107822,0.1998,0.0967217,0.000551442,0.000289352,1,3456,455,0,0,0,0,0.6380,1,0,0,0.03833,0.0861294,164,0.0815287,164,0,1.00e-09
base,1e-09,3,188,24.058142,0.1998,0.0707423,0.000415093,0.000289352,1,3456,458,0,0,0,0,0.6380,1,0,0,0.03833,0.0860865,163,0.081484,163,0,1.00e-09
base,1e-09,3,189,24.006667,0.119538,0.0365638,0.000284354,0.000289352,1,3456,454,0,0,0,0,0.6380,1,0,0,0.03834,0.0861501,164,0.08155,164,0,1.00e-09
base,1e-09,3,190,23.95936,0.121905,0.0325436,0.000171834,0,0,3456,455,0,0,0,0,0.6380,1,0,0,0.03834,0.0861124,164,0.0815128,164,0,1.00e-09
base,1e-09,3,191,23.927313,0.11472,0.0316112,0.000175847,0.000289352,1,3456,455,0,0,0,0,0.6380,1,0,0,0.03834,0.0861282,163,0.0815273,163,0,1.00e-09
base,1e-09,3,192,23.90268,0.116339,0.0373574,0.000154151,0.000289352,1,3456,451,0,0,0,0,0.6380,1,0,0,0.03834,0.0861496,164,0.0815465,164,0,1.00e-09
base,1e-09,3,193,23.882405,0.124335,0.0389965,0.000157381,0,0,3456,442,0,0,0,0,0.6380,1,0,0,0.03834,0.0861649,164,0.0815587,164,0,1.00e-09
base,1e-09,3,194,23.865221,0.135661,0.0457473,0.000160346,0,0,3456,453,0,0,0,0,0.6380,1,0,0,0.03834,0.0861665,164,0.0815569,164,0,1.00e-09
base,1e-09,3,195,23.849963,0.147392,0.0548737,0.000157811,0.000289352,1,3456,446,0,0,0,0,0.6380,1,0,0,0.03835,0.086156,163,0.0815429,163,0,1.00e-09
base,1e-09,3,196,23.836381,0.156883,0.0598953,0.000112723,0.000289352,1,3456,449,0,0,0,0,0.6380,1,0,0,0.03835,0.0861438,164,0.0815284,164,0,1.00e-09
base,1e-09,3,197,23.826843,0.0895406,0.0341851,7.58959e-05,0,0,3456,444,0,0,0,0,0.6380,1,0,0,0.03835,0.0861473,164,0.0815319,164,0,1.00e-09
base,1e-09,3,198,23.823243,0.0333524,0.0110336,5.17908e-05,0,0,3456,445,0,0,0,0,0.6380,1,0,0,0.03835,0.0861584,164,0.0815436,164,0,1.00e-09
base,1e-09,3,199,23.821556,0.0260795,0.0083476,3.98111e-05,0,0,3456,447,0,0,0,0,0.6380,1,0,0,0.03835,0.086171,164,0.0815568,164,0,1.00e-09
base,1e-09,3,200,23.820488,0.0177692,0.00504661,3.10662e-05,0,0,3456,449,0,0,0,0,0.6380,1,0,0,0.03835,0.0861836,164,0.08157,164,0,1.00e-09
base,1e-09,3,201,23.819853,0.0159774,0.00334026,2.33695e-05,0,0,3456,448,0,0,0,0,0.6380,1,0,0,0.03835,0.0861904,164,0.0815769,164,0,1.00e-09
base,1e-09,3,202,23.819343,0.017085,0.00336463,1.90171e-05,0,0,3456,444,0,0,0,0,0.6380,1,0,0,0.03835,0.0861947,164,0.0815814,164,0,1.00e-09
base,1e-09,3,203,23.818847,0.0152434,0.00488386,1.94069e-05,0,0,3456,442,0,0,0,0,0.6380,1,0,0,0.03835,0.0861951,164,0.0815816,164,0,1.00e-09
base,1e-09,3,204,23.818295,0.0227253,0.00735509,2.37398e-05,0,0,3456,437,0,0,0,0,0.6380,1,0,0,0.03835,0.0861995,164,0.0815863,164,0,1.00e-09
base,1e-09,3,205,23.817654,0.0242946,0.00927998,4.267e-05,0,0,3456,445,0,0,0,0,0.6380,1,0,0,0.03835,0.0861942,164,0.0815804,164,0,1.00e-09
base,1e-09,3,206,23.816995,0.0523806,0.0154823,7.31366e-05,0,0,3456,444,0,0,0,0,0.6380,1,1,0,0.03835,0.0862036,164,0.081591,164,0,1.00e-09
base,1e-09,3,207,22.603894,0.118859,0.0709271,0.00234659,0.000868056,3,3456,461,0,0,0,0,0.6380,2,0,0,0.04073,0.0906615,167,0.0738953,167,0,1.00e-09
base,1e-09,3,208,20.251671,0.0566062,0.0220996,0.00061633,0.000578704,2,3456,1005,0,0,0,0,0.6751,2,0,0,0.04098,0.0907177,169,0.073966,169,0,1.00e-09
base,1e-09,3,209,19.858461,0.0490198,0.0169787,0.000386941,0,0,3456,1001,0,0,0,0,0.6742,2,0,0,0.04097,0.0904551,169,0.0737707,169,0,1.00e-09
base,1e-09,3,210,19.766299,0.0471138,0.0165359,0.0003109,0.000289352,1,3456,1002,0,0,0,0,0.6658,2,0,0,0.04094,0.0902511,170,0.0736283,170,0,1.00e-09
base,1e-09,3,211,19.717274,0.0452941,0.0163676,0.000244658,0.000289352,1,3456,1002,0,0,0,0,0.6655,2,0,0,0.04093,0.090114,171,0.0735384,171,0,1.00e-09
base,1e-09,3,212,19.684152,0.0461108,0.0163523,0.000205368,0.000289352,1,3456,1003,0,0,0,0,0.6644,2,0,0,0.04092,0.0900035,172,0.0734686,172,0,1.00e-09
base,1e-09,3,213,19.661941,0.0484393,0.016965,0.000173457,0.000289352,1,3456,1002,0,0,0,0,0.6574,2,0,0,0.04090,0.0899192,171,0.073417,171,0,1.00e-09
base,1e-09,3,214,19.646621,0.0519524,0.0187181,0.000141118,0,0,3456,1003,0,0,0,0,0.6429,2,0,0,0.04090,0.0898651,171,0.0733849,171,0,1.00e-09
base,1e-09,3,215,19.635187,0.0579485,0.0221238,0.000123401,0.000289352,1,3456,768,0,0,0,0,0.6429,2,0,0,0.04089,0.0898257,170,0.0733638,170,0,1.00e-09
base,1e-09,3,216,19.625636,0.0643804,0.0245794,0.000102495,0,0,3456,649,0,0,0,0,0.6429,2,0,0,0.04089,0.089805,170,0.073356,170,0,1.00e-09
base,1e-09,3,217,19.618243,0.0755778,0.0288543,0.000107372,0,0,3456,568,0,0,0,0,0.6429,2,0,0,0.04089,0.0897825,170,0.0733442,170,0,1.00e-09
base,1e-09,3,218,19.610561,0.0899383,0.0343369,0.00011749,0,0,3456,503,0,0,0,0,0.6429,2,0,0,0.04088,0.0897507,170,0.0733229,170,0,1.00e-09
base,1e-09,3,219,19.601826,0.105344,0.0402186,0.000124682,0.000578704,2,3456,489,0,0,0,0,0.6429,2,0,0,0.04087,0.0897072,170,0.0732909,170,0,1.00e-09
base,1e-09,3,220,19.59253,0.0776706,0.0296533,0.000112239,0.000289352,1,3456,478,0,0,0,0,0.6429,2,0,0,0.04087,0.0896805,169,0.0732705,169,0,1.00e-09
base,1e-09,3,221,19.586967,0.0447161,0.0141275,0.000103517,0,0,3456,999,0,0,0,0,0.6427,2,0,0,0.04087,0.0896701,169,0.0732633,169,0,1.00e-09
base,1e-09,3,222,19.583171,0.0497799,0.0158073,0.000117253,0,0,3456,997,0,0,0,0,0.6424,2,0,0,0.04087,0.0896699,169,0.0732661,169,0,1.00e-09
base,1e-09,3,223,19.579409,0.0501973,0.0168838,0.00012758,0.000289352,1,3456,933,0,0,0,0,0.6424,2,0,0,0.04086,0.0896556,170,0.073256,170,0,1.00e-09
base,1e-09,3,224,19.575483,0.0853251,0.0300627,0.000224084,0.000578704,2,3456,998,0,0,0,0,0.6421,2,0,0,0.04086,0.0896796,170,0.073286,170,0,1.00e-09
base,1e-09,3,225,19.573919,0.199477,0.0750967,0.000370179,0.00202546,7,3456,995,0,0,0,0,0.6409,2,0,0,0.04085,0.0896404,173,0.0732438,173,0,1.00e-09
base,1e-09,3,226,19.587347,0.1998,0.0848413,0.000604182,0.00202546,7,3456,996,0,0,0,0,0.6429,2,0,0,0.04084,0.089629,168,0.0732552,168,0,1.00e-09
base,1e-09,3,227,19.609941,0.1998,0.0811733,0.000706179,0.00173611,6,3456,997,0,0,0,0,0.6409,2,0,0,0.04084,0.0897218,172,0.0733319,172,0,1.00e-09
base,1e-09,3,228,19.613405,0.1998,0.0713396,0.000486841,0.00173611,6,3456,994,0,0,0,0,0.6415,2,0,0,0.04084,0.0896328,168,0.0732586,168,0,1.00e-09
base,1e-09,3,229,19.569983,0.1998,0.0643524,0.000264337,0,0,3456,996,0,0,0,0,0.6412,2,0,0,0.04085,0.0897104,168,0.0733444,168,0,1.00e-09
base,1e-09,3,230,19.541334,0.0726431,0.0244375,0.000122463,0.000289352,1,3456,719,0,0,0,0,0.6412,2,0,0,0.04086,0.0897058,167,0.0733344,167,0,1.00e-09
base,1e-09,3,231,19.527882,0.074698,0.0245644,0.000124486,0.000289352,1,3456,995,0,0,0,0,0.6415,2,0,0,0.04086,0.089713,168,0.0733462,168,0,1.00e-09
base,1e-09,3,232,19.515483,0.0885499,0.0291411,0.000144069,0.000289352,1,3456,732,0,0,0,0,0.6415,2,0,0,0.04086,0.0897201,169,0.0733567,169,0,1.00e-09
base,1e-09,3,233,19.501992,0.101498,0.0334039,0.000174317,0.000289352,1,3456,589,0,0,0,0,0.6415,2,0,0,0.04085,0.0897107,168,0.0733538,168,0,1.00e-09
base,1e-09,3,234,19.484823,0.110588,0.0353973,0.000191881,0.000289352,1,3456,993,0,0,0,0,0.6409,2,0,0,0.04085,0.0896966,169,0.0733444,169,0,1.00e-09
base,1e-09,3,235,19.46464,0.151014,0.048337,0.000216568,0,0,3456,727,0,0,0,0,0.6409,2,0,0,0.04085,0.0896942,169,0.0733433,169,0,1.00e-09
base,1e-09,3,236,19.445193,0.115696,0.0370322,0.000199219,0.000289352,1,3456,575,0,0,0,0,0.6409,2,0,0,0.04085,0.0896814,170,0.0733328,170,0,1.00e-09
base,1e-09,3,237,19.429679,0.0799846,0.026487,0.000135049,0,0,3456,491,0,0,0,0,0.6409,2,0,0,0.04085,0.0896721,170,0.0733267,170,0,1.00e-09
base,1e-09,3,238,19.421231,0.0574553,0.0188467,0.000115691,0.000289352,1,3456,489,0,0,0,0,0.6409,2,0,0,0.04085,0.0896733,169,0.0733293,169,0,1.00e-09
base,1e-09,3,239,19.416449,0.0423331,0.0130734,8.3942e-05,0.000289352,1,3456,985,0,0,0,0,0.6403,2,0,0,0.04085,0.0896766,170,0.0733323,170,0,1.00e-09
base,1e-09,3,240,19.413629,0.0328693,0.0105209,7.73254e-05,0,0,3456,988,0,0,0,0,0.6406,2,0,0,0.04085,0.0896737,170,0.0733314,170,0,1.00e-09
base,1e-09,3,241,19.411645,0.0519761,0.0164054,7.43072e-05,0,0,3456,750,0,0,0,0,0.6406,2,0,0,0.04085,0.089659,170,0.0733147,170,0,1.00e-09
base,1e-09,3,242,19.410465,0.096832,0.0317871,0.000124374,0,0,3456,602,0,0,0,0,0.6406,2,0,0,0.04085,0.0896896,170,0.0733466,170,0,1.00e-09
base,1e-09,3,243,19.411868,0.175819,0.0590801,0.000251342,0,0,3456,523,0,0,0,0,0.6406,2,0,0,0.04084,0.0896047,170,0.073263,170,0,1.00e-09
base,1e-09,3,244,19.418202,0.1998,0.0693622,0.000380463,0,0,3456,499,0,0,0,0,0.6406,2,0,0,0.04085,0.0896898,170,0.0733374,170,0,1.00e-09
base,1e-09,3,245,19.431424,0.1998,0.0807478,0.000516515,0.000578704,2,3456,490,0,0,0,0,0.6406,2,0,0,0.04083,0.0895575,172,0.0732417,172,0,1.00e-09
base,1e-09,3,246,19.441057,0.1998,0.108312,0.000500979,0.000578704,2,3456,984,0,0,0,0,0.6403,2,0,0,0.04084,0.0896548,170,0.0732864,170,0,1.00e-09
base,1e-09,3,247,19.431051,0.166548,0.0808524,0.000294194,0,0,3456,988,0,0,0,0,0.6406,2,1,0,0.04084,0.0896293,170,0.0733022,170,0,1.00e-09
base,1e-09,3,248,15.619001,0.164733,0.0827456,0.00476455,0.00434028,15,3456,1030,0,0,0,0,0.6386,4,0,0,0.04567,0.10045,185,0.0518733,185,0,1.00e-09
base,1e-09,3,249,13.188386,0.0677219,0.0294668,0.00125256,0,0,3456,1020,0,0,0,0,0.6782,4,0,0,0.04622,0.101316,185,0.0523535,185,0,1.00e-09
base,1e-09,3,250,12.835943,0.0442391,0.0157986,0.000501462,0,0,3456,1027,0,0,0,0,0.6782,4,0,0,0.04621,0.101172,185,0.0522948,185,0,1.00e-09
base,1e-09,3,251,12.779285,0.0418969,0.0112386,0.000339654,0,0,3456,805,0,0,0,0,0.6782,4,0,0,0.04618,0.100993,185,0.0522156,185,0,1.00e-09
base,1e-09,3,252,12.754304,0.045007,0.0118843,0.000297368,0,0,3456,672,0,0,0,0,0.6782,4,0,0,0.04613,0.100814,185,0.0521327,185,0,1.00e-09
base,1e-09,3,253,12.737292,0.0495022,0.0129434,0.000262972,0.000289352,1,3456,602,0,0,0,0,0.6782,4,0,0,0.04609,0.100662,186,0.0520566,186,0,1.00e-09
base,1e-09,3,254,12.723551,0.0545166,0.0140953,0.000235888,0,0,3456,522,0,0,0,0,0.6782,4,0,0,0.04606,0.100532,186,0.0519913,186,0,1.00e-09
base,1e-09,3,255,12.712221,0.0595376,0.0155229,0.000225941,0,0,3456,514,0,0,0,0,0.6782,4,0,0,0.04602,0.100401,186,0.051927,186,0,1.00e-09
base,1e-09,3,256,12.702774,0.0641825,0.0167406,0.000222788,0,0,3456,507,0,0,0,0,0.6782,4,0,0,0.04598,0.100258,186,0.051866,186,0,1.00e-09
base,1e-09,3,257,12.694553,0.067662,0.0177815,0.000212413,0.000289352,1,3456,493,0,0,0,0,0.6782,4,0,0,0.04594,0.100122,185,0.0518116,185,0,1.00e-09
base,1e-09,3,258,12.687454,0.0679163,0.0176907,0.000201074,0,0,3456,487,0,0,0,0,0.6782,4,0,0,0.04591,0.0999962,185,0.0517629,185,0,1.00e-09
base,1e-09,3,259,12.681707,0.0655925,0.0169474,0.000187297,0,0,3456,477,0,0,0,0,0.6782,4,0,0,0.04587,0.0998682,185,0.0517142,185,0,1.00e-09
base,1e-09,3,260,12.677197,0.0600162,0.015534,0.000176559,0,0,3456,474,0,0,0,0,0.6782,4,0,0,0.04584,0.0997613,185,0.0516721,185,0,1.00e-09
base,1e-09,3,261,12.673676,0.0484098,0.0123802,0.000162677,0,0,3456,1020,0,0,0,0,0.6777,4,0,0,0.04582,0.0996769,185,0.0516359,185,0,1.00e-09
base,1e-09,3,262,12.670717,0.0561796,0.0173612,0.000162228,0,0,3456,787,0,0,0,0,0.6777,4,0,0,0.04580,0.0996178,185,0.0516036,185,0,1.00e-09
base,1e-09,3,263,12.667743,0.0876941,0.0269686,0.000181445,0,0,3456,652,0,0,0,0,0.6777,4,0,0,0.04579,0.0995678,185,0.0515618,185,0,1.00e-09
base,1e-09,3,264,12.66436,0.129961,0.0396947,0.000284969,0,0,3456,604,0,0,0,0,0.6777,4,0,0,0.04579,0.0995419,185,0.0515218,185,0,1.00e-09
base,1e-09,3,265,12.661336,0.146291,0.0452211,0.000595479,0,0,3456,543,0,0,0,0,0.6777,4,0,0,0.04581,0.0996404,185,0.0515429,185,0,1.00e-09
base,1e-09,3,266,12.668397,0.1998,0.120634,0.0011661,0,0,3456,518,0,0,0,0,0.6777,4,0,0,0.04568,0.099098,185,0.0513085,185,0,1.00e-09
base,1e-09,3,267,12.697394,0.1998,0.121398,0.00142938,0,0,3456,1015,0,0,0,0,0.6759,4,0,0,0.04585,0.0998133,185,0.051596,185,0,1.00e-09
base,1e-09,3,268,12.69624,0.1998,0.113543,0.00134301,0,0,3456,1017,0,0,0,0,0.6777,4,0,0,0.04565,0.0990585,185,0.0512872,185,0,1.00e-09
base,1e-09,3,269,12.695898,0.1998,0.108,0.00106282,0,0,3456,1012,0,0,0,0,0.6765,4,0,0,0.04580,0.0996265,185,0.0515305,185,0,1.00e-09
base,1e-09,3,270,12.676218,0.118015,0.0400988,0.000467645,0,0,3456,1022,0,0,0,0,0.6777,4,0,0,0.04575,0.0994231,185,0.0514443,185,0,1.00e-09
base,1e-09,3,271,12.658874,0.0503177,0.0166879,0.000104253,0,0,3456,730,0,0,0,0,0.6777,4,0,0,0.04576,0.0994574,185,0.0514616,185,0,1.00e-09
base,1e-09,3,272,12.655169,0.00984956,0.00271405,1.99668e-05,0,0,3456,583,0,0,0,0,0.6777,4,0,0,0.04576,0.099452,185,0.0514601,185,0,1.00e-09
base,1e-09,3,273,12.65482,0.00991973,0.00273339,1.61514e-05,0,0,3456,547,0,0,0,0,0.6777,4,0,0,0.04576,0.0994494,185,0.0514605,185,0,1.00e-09
base,1e-09,3,274,12.65468,0.0100243,0.00276221,1.60459e-05,0,0,3456,510,0,0,0,0,0.6777,4,1,0,0.04576,0.099446,185,0.0514605,185,0,1.00e-09
base,1e-09,3,275,8.8182493,0.110307,0.0513503,0.00243478,0,0,3456,1037,0,0,0,0,0.6140,8,0,0,0.04801,0.104993,185,0.0213743,185,0,1.00e-09
base,1e-09,3,276,8.4935585,0.0745469,0.0311972,0.000977486,0,0,3456,793,0,0,0,0,0.6140,8,0,0,0.04865,0.10655,185,0.0211422,185,0,1.00e-09
base,1e-09,3,277,8.4223185,0.0741429,0.0224722,0.000682446,0.000289352,1,3456,652,0,0,0,0,0.6140,8,0,0,0.04909,0.107728,184,0.0209625,184,0,1.00e-09
base,1e-09,3,278,8.3901377,0.06916,0.0186788,0.000617021,0,0,3456,591,0,0,0,0,0.6140,8,0,0,0.04949,0.108809,184,0.0207562,184,0,1.00e-09
base,1e-09,3,279,8.3636192,0.0911719,0.024913,0.000623184,0,0,3456,552,0,0,0,0,0.6140,8,0,0,0.04990,0.109921,184,0.020556,184,0,1.00e-09
base,1e-09,3,280,8.3399091,0.108636,0.0296387,0.000598186,0.000289352,1,3456,1041,0,0,0,0,0.6134,8,0,0,0.05027,0.110935,185,0.0203539,185,0,1.00e-09
base,1e-09,3,281,8.3193639,0.084026,0.0251534,0.000546244,0,0,3456,803,0,0,0,0,0.6134,8,0,0,0.05061,0.111848,185,0.0201963,185,0,1.00e-09
base,1e-09,3,282,8.303407,0.081383,0.0236207,0.000475756,0,0,3456,663,0,0,0,0,0.6134,8,0,0,0.05089,0.112613,185,0.0200666,185,0,1.00e-09
base,1e-09,3,283,8.291094,0.142046,0.0450406,0.00045293,0.000578704,2,3456,587,0,0,0,0,0.6134,8,0,0,0.05116,0.113311,183,0.0199508,183,0,1.00e-09
base,1e-09,3,284,8.2792448,0.170456,0.0534439,0.00040875,0.000578704,2,3456,540,0,0,0,0,0.6134,8,0,0,0.05136,0.113866,181,0.0198725,181,0,1.00e-09
base,1e-09,3,285,8.2718576,0.0766239,0.0321558,0.000297695,0.000289352,1,3456,513,0,0,0,0,0.6134,8,0,0,0.05148,0.114188,180,0.019845,180,0,1.00e-09
base,1e-09,3,286,8.2694585,0.0802326,0.0231101,0.000389752,0,0,3456,498,0,0,0,0,0.6134,8,0,0,0.05157,0.114463,180,0.0198163,180,0,1.00e-09
base,1e-09,3,287,8.2660346,0.183652,0.0533752,0.000951007,0.000578704,2,3456,487,0,0,0,0,0.6134,8,0,0,0.05185,0.115022,182,0.0198037,182,0,1.00e-09
base,1e-09,3,288,8.2732108,0.1998,0.0895834,0.0022474,0.000578704,2,3456,483,0,0,0,0,0.6134,8,0,0,0.05143,0.114199,180,0.0198895,180,0,1.00e-09
base,1e-09,3,289,8.3022828,0.1998,0.0932634,0.00361058,0.000289352,1,3456,485,0,0,0,0,0.6134,8,0,0,0.05217,0.115609,179,0.0202704,179,0,1.00e-09
base,1e-09,3,290,8.350496,0.1998,0.0930845,0.00453084,0,0,3456,502,0,0,0,0,0.6134,8,0,0,0.05121,0.113763,179,0.0201382,179,0,1.00e-09
base,1e-09,3,291,8.3887736,0.1998,0.108419,0.00403227,0,0,3456,491,0,0,0,0,0.6134,8,0,0,0.05196,0.115376,179,0.0201252,179,0,1.00e-09
base,1e-09,3,292,8.3603242,0.1998,0.107327,0.00233166,0,0,3456,502,0,0,0,0,0.6134,8,0,0,0.05162,0.114742,179,0.0197657,179,0,1.00e-09
base,1e-09,3,293,8.306108,0.1998,0.0801615,0.00103937,0,0,3456,491,0,0,0,0,0.6134,8,0,0,0.05187,0.11524,179,0.0197162,179,0,1.00e-09
base,1e-09,3,294,8.2685563,0.130252,0.0412955,0.000239242,0,0,3456,487,0,0,0,0,0.6134,8,0,0,0.05193,0.115358,179,0.0196909,179,0,1.00e-09
base,1e-09,3,295,8.2605433,0.103503,0.03015,0.000126064,0,0,3456,476,0,0,0,0,0.6134,8,0,0,0.05196,0.115419,179,0.0196796,179,0,1.00e-09
base,1e-09,3,296,8.2587002,0.0156661,0.00456105,5.42246e-05,0,0,3456,474,0,0,0,0,0.6134,8,0,0,0.05197,0.115453,179,0.0196731,179,0,1.00e-09
base,1e-09,3,297,8.2581891,0.0140726,0.00378186,3.93257e-05,0,0,3456,478,0,0,0,0,0.6134,8,1,0,0.05198,0.115482,179,0.0196678,179,0,1.00e-09
base,1e-09,3,298,7.0754145,0.0749891,0.0501765,0.00203666,0.00115741,4,3456,1053,0,0,0,0,0.5420,16,0,0,0.05041,0.113651,175,0.00647735,175,0,1.00e-09
base,1e-09,3,299,7.4567455,0.0999,0.0775949,0.00192487,0.000578704,2,3456,834,0,0,0,0,0.5420,16,0,0,0.05174,0.11697,177,0.005439,177,0,1.00e-09
base,1e-09,3,300,7.3384449,0.0999,0.0775299,0.00213052,0,0,3456,1066,0,0,0,0,0.5532,16,0,0,0.05285,0.118851,177,0.00500447,177,0,1.00e-09
base,1e-09,3,301,7.281865,0.0999,0.0600456,0.00107576,0.000578704,2,3456,1059,0,0,0,0,0.5570,16,0,0,0.05297,0.11905,179,0.00461708,179,0,1.00e-09
base,1e-09,3,302,7.2362681,0.0851463,0.0408024,0.000716934,0,0,3456,1067,0,0,0,0,0.5587,16,0,0,0.05342,0.119824,179,0.00461491,179,0,1.00e-09
base,1e-09,3,303,7.23426,0.0999,0.0632694,0.000644203,0,0,3456,1059,0,0,0,0,0.5611,16,0,0,0.05320,0.119327,179,0.00454151,179,0,1.00e-09
base,1e-09,3,304,7.2303305,0.0999,0.043785,0.000468697,0,0,3456,1069,0,0,0,0,0.5602,16,0,0,0.05350,0.119867,179,0.0045638,179,0,1.00e-09
base,1e-09,3,305,7.230687,0.0999,0.052299,0.000432649,0,0,3456,1068,0,0,0,0,0.5605,16,0,0,0.05338,0.119591,179,0.00451832,179,0,1.00e-09
base,1e-09,3,306,7.2290828,0.0767079,0.0345651,0.000307033,0.000289352,1,3456,1068,0,0,0,0,0.5582,16,0,0,0.05358,0.119989,178,0.00450681,178,0,1.00e-09
base,1e-09,3,307,7.2285197,0.0235811,0.0076857,0.00018834,0,0,3456,1070,0,0,0,0,0.5611,16,0,0,0.05363,0.120088,178,0.00447631,178,0,1.00e-09
base,1e-09,3,308,7.2274551,0.032189,0.00987815,0.000216502,0,0,3456,805,0,0,0,0,0.5611,16,1,0,0.05375,0.120348,178,0.00441117,178,0,1.00e-09
base,1e-09,3,309,7.0117436,0.04995,0.0460131,0.00243754,0.00115741,4,3456,1067,0,0,0,0,0.5162,32,0,0,0.05158,0.117718,174,0.00331052,174,0,1.00e-09
base,1e-09,3,310,7.5079873,0.04995,0.04995,0.00186311,0.000578704,2,3456,834,0,0,0,0,0.5162,32,0,0,0.05305,0.120943,176,0.00249979,176,0,1.00e-09
base,1e-09,3,311,7.2466265,0.04995,0.0475341,0.00180996,0.000578704,2,3456,689,0,0,0,0,0.5162,32,0,0,0.05341,0.121843,174,0.0024742,174,0,1.00e-09
base,1e-09,3,312,7.4002728,0.04995,0.0496474,0.00150102,0.000578704,2,3456,622,0,0,0,0,0.5162,32,0,0,0.05355,0.122297,176,0.00283324,176,0,1.00e-09
base,1e-09,3,313,7.2909351,0.04995,0.0326934,0.00155608,0,0,3456,575,0,0,0,0,0.5162,32,0,0,0.05453,0.124206,176,0.00217343,176,0,1.00e-09
base,1e-09,3,314,7.2089321,0.04995,0.0449646,0.00164366,0,0,3456,532,0,0,0,0,0.5162,32,0,0,0.05592,0.126808,176,0.00165705,176,0,1.00e-09
base,1e-09,3,315,7.1651728,0.04995,0.0449149,0.0014706,0,0,3456,530,0,0,0,0,0.5162,32,0,0,0.05577,0.126615,176,0.00139363,176,0,1.00e-09
base,1e-09,3,316,7.1517194,0.04995,0.0367643,0.00113079,0,0,3456,521,0,0,0,0,0.5162,32,0,0,0.05626,0.127405,176,0.00138595,176,0,1.00e-09
base,1e-09,3,317,7.1495856,0.04995,0.0366,0.0009706,0,0,3456,498,0,0,0,0,0.5162,32,0,0,0.05619,0.127342,176,0.0013157,176,0,1.00e-09
base,1e-09,3,318,7.1467485,0.04995,0.0243206,0.00071952,0,0,3456,501,0,0,0,0,0.5162,32,0,0,0.05638,0.127637,176,0.00131573,176,0,1.00e-09
base,1e-09,3,319,7.1466327,0.04995,0.0281561,0.000542012,0,0,3456,1076,0,0,0,0,0.5156,32,1,0,0.05652,0.127834,176,0.00130128,176,0,1.00e-09
