iu,iv,u_mm,v_mm,depth_mm,status
46,12,46.5000,12.5000,1.37870,ok
47,12,47.5000,12.5000,3.78774,ok
48,12,48.5000,12.5000,3.79828,ok
49,12,49.5000,12.5000,3.80355,ok
50,12,50.5000,12.5000,3.80355,ok
51,12,51.5000,12.5000,3.79828,ok
52,12,52.5000,12.5000,3.78774,ok
53,12,53.5000,12.5000,1.37870,ok
42,13,42.5000,13.5000,1.39218,ok
43,13,43.5000,13.5000,3.87277,ok
44,13,44.5000,13.5000,nan,beyond_data
45,13,45.5000,13.5000,nan,beyond_data
46,13,46.5000,13.5000,nan,beyond_data
47,13,47.5000,13.5000,nan,beyond_data
48,13,48.5000,13.5000,nan,beyond_data
49,13,49.5000,13.5000,nan,beyond_data
50,13,50.5000,13.5000,nan,beyond_data
51,13,51.5000,13.5000,nan,beyond_data
52,13,52.5000,13.5000,nan,beyond_data
53,13,53.5000,13.5000,nan,beyond_data
54,13,54.5000,13.5000,nan,beyond_data
55,13,55.5000,13.5000,nan,beyond_data
56,13,56.5000,13.5000,3.87277,ok
57,13,57.5000,13.5000,1.39218,ok
40,14,40.5000,14.5000,3.92575,ok
41,14,41.5000,14.5000,nan,beyond_data
42,14,42.5000,14.5000,nan,beyond_data
43,14,43.5000,14.5000,nan,beyond_data
44,14,44.5000,14.5000,nan,beyond_data
45,14,45.5000,14.5000,nan,beyond_data
46,14,46.5000,14.5000,nan,beyond_data
47,14,47.5000,14.5000,nan,beyond_data
48,14,48.5000,14.5000,nan,beyond_data
49,14,49.5000,14.5000,nan,beyond_data
50,14,50.5000,14.5000,nan,beyond_data
51,14,51.5000,14.5000,nan,beyond_data
52,14,52.5000,14.5000,nan,beyond_data
53,14,53.5000,14.5000,nan,beyond_data
54,14,54.5000,14.5000,nan,beyond_data
55,14,55.5000,14.5000,nan,beyond_data
56,14,56.5000,14.5000,nan,beyond_data
57,14,57.5000,14.5000,nan,beyond_data
58,14,58.5000,14.5000,nan,beyond_data
59,14,59.5000,14.5000,3.92575,ok
38,15,38.5000,15.5000,nan,beyond_data
39,15,39.5000,15.5000,nan,beyond_data
40,15,40.5000,15.5000,nan,beyond_data
41,15,41.5000,15.5000,nan,beyond_data
42,15,42.5000,15.5000,nan,beyond_data
43,15,43.5000,15.5000,nan,beyond_data
44,15,44.5000,15.5000,nan,beyond_data
45,15,45.5000,15.5000,nan,beyond_data
46,15,46.5000,15.5000,nan,beyond_data
47,15,47.5000,15.5000,nan,beyond_data
48,15,48.5000,15.5000,nan,beyond_data
49,15,49.5000,15.5000,nan,beyond_data
50,15,50.5000,15.5000,nan,beyond_data
51,15,51.5000,15.5000,nan,beyond_data
52,15,52.5000,15.5000,nan,beyond_data
53,15,53.5000,15.5000,nan,beyond_data
54,15,54.5000,15.5000,nan,beyond_data
55,15,55.5000,15.5000,nan,beyond_data
56,15,56.5000,15.5000,nan,beyond_data
57,15,57.5000,15.5000,nan,beyond_data
58,15,58.5000,15.5000,nan,beyond_data
59,15,59.5000,15.5000,nan,beyond_data
60,15,60.5000,15.5000,nan,beyond_data
61,15,61.5000,15.5000,nan,beyond_data
36,16,36.5000,16.5000,4.02940,extrapolated
37,16,37.5000,16.5000,nan,beyond_data
38,16,38.5000,16.5000,nan,beyond_data
39,16,39.5000,16.5000,nan,beyond_data
40,16,40.5000,16.5000,nan,beyond_data
41,16,41.5000,16.5000,nan,beyond_data
42,16,42.5000,16.5000,nan,beyond_data
43,16,43.5000,16.5000,nan,beyond_data
44,16,44.5000,16.5000,nan,beyond_data
45,16,45.5000,16.5000,nan,beyond_data
46,16,46.5000,16.5000,nan,beyond_data
47,16,47.5000,16.5000,nan,beyond_data
48,16,48.5000,16.5000,nan,beyond_data
49,16,49.5000,16.5000,nan,beyond_data
50,16,50.5000,16.5000,nan,beyond_data
51,16,51.5000,16.5000,nan,beyond_data
52,16,52.5000,16.5000,nan,beyond_data
53,16,53.5000,16.5000,nan,beyond_data
54,16,54.5000,16.5000,nan,beyond_data
55,16,55.5000,16.5000,nan,beyond_data
56,16,56.5000,16.5000,nan,beyond_data
57,16,57.5000,16.5000,nan,beyond_data
58,16,58.5000,16.5000,nan,beyond_data
59,16,59.5000,16.5000,nan,beyond_data
60,16,60.5000,16.5000,nan,beyond_data
61,16,61.5000,16.5000,nan,beyond_data
62,16,62.5000,16.5000,nan,beyond_data
63,16,63.5000,16.5000,4.02940,extrapolated
34,17,34.5000,17.5000,1.43526,ok
35,17,35.5000,17.5000,nan,beyond_data
36,17,36.5000,17.5000,nan,beyond_data
37,17,37.5000,17.5000,nan,beyond_data
38,17,38.5000,17.5000,nan,beyond_data
39,17,39.5000,17.5000,nan,beyond_data
40,17,40.5000,17.5000,nan,beyond_data
41,17,41.5000,17.5000,nan,beyond_data
42,17,42.5000,17.5000,nan,beyond_data
43,17,43.5000,17.5000,nan,beyond_data
44,17,44.5000,17.5000,nan,beyond_data
45,17,45.5000,17.5000,nan,beyond_data
46,17,46.5000,17.5000,nan,beyond_data
47,17,47.5000,17.5000,nan,beyond_data
48,17,48.5000,17.5000,nan,beyond_data
49,17,49.5000,17.5000,nan,beyond_data
50,17,50.5000,17.5000,nan,beyond_data
51,17,51.5000,17.5000,nan,beyond_data
52,17,52.5000,17.5000,nan,beyond_data
53,17,53.5000,17.5000,nan,beyond_data
54,17,54.5000,17.5000,nan,beyond_data
55,17,55.5000,17.5000,nan,beyond_data
56,17,56.5000,17.5000,nan,beyond_data
57,17,57.5000,17.5000,nan,beyond_data
58,17,58.5000,17.5000,nan,beyond_data
59,17,59.5000,17.5000,nan,beyond_data
60,17,60.5000,17.5000,nan,beyond_data
61,17,61.5000,17.5000,nan,beyond_data
62,17,62.5000,17.5000,nan,beyond_data
63,17,63.5000,17.5000,nan,beyond_data
64,17,64.5000,17.5000,nan,beyond_data
65,17,65.5000,17.5000,1.43526,ok
33,18,33.5000,18.5000,1.45016,ok
34,18,34.5000,18.5000,nan,beyond_data
35,18,35.5000,18.5000,nan,beyond_data
36,18,36.5000,18.5000,nan,beyond_data
37,18,37.5000,18.5000,nan,beyond_data
38,18,38.5000,18.5000,nan,beyond_data
39,18,39.5000,18.5000,nan,beyond_data
40,18,40.5000,18.5000,nan,beyond_data
41,18,41.5000,18.5000,nan,beyond_data
42,18,42.5000,18.5000,nan,beyond_data
43,18,43.5000,18.5000,nan,beyond_data
44,18,44.5000,18.5000,nan,beyond_data
45,18,45.5000,18.5000,nan,beyond_data
46,18,46.5000,18.5000,nan,beyond_data
47,18,47.5000,18.5000,nan,beyond_data
48,18,48.5000,18.5000,nan,beyond_data
49,18,49.5000,18.5000,nan,beyond_data
50,18,50.5000,18.5000,nan,beyond_data
51,18,51.5000,18.5000,nan,beyond_data
52,18,52.5000,18.5000,nan,beyond_data
53,18,53.5000,18.5000,nan,beyond_data
54,18,54.5000,18.5000,nan,beyond_data
55,18,55.5000,18.5000,nan,beyond_data
56,18,56.5000,18.5000,nan,beyond_data
57,18,57.5000,18.5000,nan,beyond_data
58,18,58.5000,18.5000,nan,beyond_data
59,18,59.5000,18.5000,nan,beyond_data
60,18,60.5000,18.5000,nan,beyond_data
61,18,61.5000,18.5000,nan,beyond_data
62,18,62.5000,18.5000,nan,beyond_data
63,18,63.5000,18.5000,nan,beyond_data
64,18,64.5000,18.5000,nan,beyond_data
65,18,65.5000,18.5000,nan,beyond_data
66,18,66.5000,18.5000,1.45016,ok
32,19,32.5000,19.5000,1.46290,ok
33,19,33.5000,19.5000,nan,beyond_data
34,19,34.5000,19.5000,nan,beyond_data
35,19,35.5000,19.5000,nan,beyond_data
36,19,36.5000,19.5000,nan,beyond_data
37,19,37.5000,19.5000,nan,beyond_data
38,19,38.5000,19.5000,nan,beyond_data
39,19,39.5000,19.5000,nan,beyond_data
40,19,40.5000,19.5000,nan,beyond_data
41,19,41.5000,19.5000,nan,beyond_data
42,19,42.5000,19.5000,nan,beyond_data
43,19,43.5000,19.5000,nan,beyond_data
44,19,44.5000,19.5000,nan,beyond_data
45,19,45.5000,19.5000,nan,beyond_data
46,19,46.5000,19.5000,nan,beyond_data
47,19,47.5000,19.5000,nan,beyond_data
48,19,48.5000,19.5000,nan,beyond_data
49,19,49.5000,19.5000,nan,beyond_data
50,19,50.5000,19.5000,nan,beyond_data
51,19,51.5000,19.5000,nan,beyond_data
52,19,52.5000,19.5000,nan,beyond_data
53,19,53.5000,19.5000,nan,beyond_data
54,19,54.5000,19.5000,nan,beyond_data
55,19,55.5000,19.5000,nan,beyond_data
56,19,56.5000,19.5000,nan,beyond_data
57,19,57.5000,19.5000,nan,beyond_data
58,19,58.5000,19.5000,nan,beyond_data
59,19,59.5000,19.5000,nan,beyond_data
60,19,60.5000,19.5000,nan,beyond_data
61,19,61.5000,19.5000,nan,beyond_data
62,19,62.5000,19.5000,nan,beyond_data
63,19,63.5000,19.5000,nan,beyond_data
64,19,64.5000,19.5000,nan,beyond_data
65,19,65.5000,19.5000,nan,beyond_data
66,19,66.5000,19.5000,nan,beyond_data
67,19,67.5000,19.5000,1.46290,ok
31,20,31.5000,20.5000,nan,beyond_data
32,20,32.5000,20.5000,nan,beyond_data
33,20,33.5000,20.5000,nan,beyond_data
34,20,34.5000,20.5000,nan,beyond_data
35,20,35.5000,20.5000,nan,beyond_data
36,20,36.5000,20.5000,nan,beyond_data
37,20,37.5000,20.5000,nan,beyond_data
38,20,38.5000,20.5000,nan,beyond_data
39,20,39.5000,20.5000,nan,beyond_data
40,20,40.5000,20.5000,nan,beyond_data
41,20,41.5000,20.5000,nan,beyond_data
42,20,42.5000,20.5000,nan,beyond_data
43,20,43.5000,20.5000,nan,beyond_data
44,20,44.5000,20.5000,nan,beyond_data
45,20,45.5000,20.5000,nan,beyond_data
46,20,46.5000,20.5000,nan,beyond_data
47,20,47.5000,20.5000,nan,beyond_data
48,20,48.5000,20.5000,nan,beyond_data
49,20,49.5000,20.5000,nan,beyond_data
50,20,50.5000,20.5000,nan,beyond_data
51,20,51.5000,20.5000,nan,beyond_data
52,20,52.5000,20.5000,nan,beyond_data
53,20,53.5000,20.5000,nan,beyond_data
54,20,54.5000,20.5000,nan,beyond_data
55,20,55.5000,20.5000,nan,beyond_data
56,20,56.5000,20.5000,nan,beyond_data
57,20,57.5000,20.5000,nan,beyond_data
58,20,58.5000,20.5000,nan,beyond_data
59,20,59.5000,20.5000,nan,beyond_data
60,20,60.5000,20.5000,nan,beyond_data
61,20,61.5000,20.5000,nan,beyond_data
62,20,62.5000,20.5000,nan,beyond_data
63,20,63.5000,20.5000,nan,beyond_data
64,20,64.5000,20.5000,nan,beyond_data
65,20,65.5000,20.5000,nan,beyond_data
66,20,66.5000,20.5000,nan,beyond_data
67,20,67.5000,20.5000,nan,beyond_data
68,20,68.5000,20.5000,nan,beyond_data
30,21,30.5000,21.5000,4.27745,extrapolated
31,21,31.5000,21.5000,nan,beyond_data
32,21,32.5000,21.5000,nan,beyond_data
33,21,33.5000,21.5000,nan,beyond_data
34,21,34.5000,21.5000,nan,beyond_data
35,21,35.5000,21.5000,nan,beyond_data
36,21,36.5000,21.5000,nan,beyond_data
37,21,37.5000,21.5000,nan,beyond_data
38,21,38.5000,21.5000,nan,beyond_data
39,21,39.5000,21.5000,nan,beyond_data
40,21,40.5000,21.5000,nan,beyond_data
41,21,41.5000,21.5000,nan,beyond_data
42,21,42.5000,21.5000,nan,beyond_data
43,21,43.5000,21.5000,nan,beyond_data
44,21,44.5000,21.5000,nan,beyond_data
45,21,45.5000,21.5000,nan,beyond_data
46,21,46.5000,21.5000,nan,beyond_data
47,21,47.5000,21.5000,nan,beyond_data
48,21,48.5000,21.5000,nan,beyond_data
49,21,49.5000,21.5000,nan,beyond_data
50,21,50.5000,21.5000,nan,beyond_data
51,21,51.5000,21.5000,nan,beyond_data
52,21,52.5000,21.5000,nan,beyond_data
53,21,53.5000,21.5000,nan,beyond_data
54,21,54.5000,21.5000,nan,beyond_data
55,21,55.5000,21.5000,nan,beyond_data
56,21,56.5000,21.5000,nan,beyond_data
57,21,57.5000,21.5000,nan,beyond_data
58,21,58.5000,21.5000,nan,beyond_data
59,21,59.5000,21.5000,nan,beyond_data
60,21,60.5000,21.5000,nan,beyond_data
61,21,61.5000,21.5000,nan,beyond_data
62,21,62.5000,21.5000,nan,beyond_data
63,21,63.5000,21.5000,nan,beyond_data
64,21,64.5000,21.5000,nan,beyond_data
65,21,65.5000,21.5000,nan,beyond_data
66,21,66.5000,21.5000,nan,beyond_data
67,21,67.5000,21.5000,nan,beyond_data
68,21,68.5000,21.5000,nan,beyond_data
69,21,69.5000,21.5000,4.27745,extrapolated
29,22,29.5000,22.5000,1.48932,ok
30,22,30.5000,22.5000,nan,beyond_data
31,22,31.5000,22.5000,nan,beyond_data
32,22,32.5000,22.5000,nan,beyond_data
33,22,33.5000,22.5000,nan,beyond_data
34,22,34.5000,22.5000,nan,beyond_data
35,22,35.5000,22.5000,nan,beyond_data
36,22,36.5000,22.5000,nan,beyond_data
37,22,37.5000,22.5000,nan,beyond_data
38,22,38.5000,22.5000,nan,beyond_data
39,22,39.5000,22.5000,nan,beyond_data
40,22,40.5000,22.5000,nan,beyond_data
41,22,41.5000,22.5000,nan,beyond_data
42,22,42.5000,22.5000,nan,beyond_data
43,22,43.5000,22.5000,nan,beyond_data
44,22,44.5000,22.5000,nan,beyond_data
45,22,45.5000,22.5000,nan,beyond_data
46,22,46.5000,22.5000,nan,beyond_data
47,22,47.5000,22.5000,nan,beyond_data
48,22,48.5000,22.5000,nan,beyond_data
49,22,49.5000,22.5000,nan,beyond_data
50,22,50.5000,22.5000,nan,beyond_data
51,22,51.5000,22.5000,nan,beyond_data
52,22,52.5000,22.5000,nan,beyond_data
53,22,53.5000,22.5000,nan,beyond_data
54,22,54.5000,22.5000,nan,beyond_data
55,22,55.5000,22.5000,nan,beyond_data
56,22,56.5000,22.5000,nan,beyond_data
57,22,57.5000,22.5000,nan,beyond_data
58,22,58.5000,22.5000,nan,beyond_data
59,22,59.5000,22.5000,nan,beyond_data
60,22,60.5000,22.5000,nan,beyond_data
61,22,61.5000,22.5000,nan,beyond_data
62,22,62.5000,22.5000,nan,beyond_data
63,22,63.5000,22.5000,nan,beyond_data
64,22,64.5000,22.5000,nan,beyond_data
65,22,65.5000,22.5000,nan,beyond_data
66,22,66.5000,22.5000,nan,beyond_data
67,22,67.5000,22.5000,nan,beyond_data
68,22,68.5000,22.5000,nan,beyond_data
69,22,69.5000,22.5000,nan,beyond_data
70,22,70.5000,22.5000,1.48932,ok
28,23,28.5000,23.5000,1.49446,ok
29,23,29.5000,23.5000,nan,beyond_data
30,23,30.5000,23.5000,nan,beyond_data
31,23,31.5000,23.5000,nan,beyond_data
32,23,32.5000,23.5000,nan,beyond_data
33,23,33.5000,23.5000,nan,beyond_data
34,23,34.5000,23.5000,nan,beyond_data
35,23,35.5000,23.5000,nan,beyond_data
36,23,36.5000,23.5000,nan,beyond_data
37,23,37.5000,23.5000,nan,beyond_data
38,23,38.5000,23.5000,nan,beyond_data
39,23,39.5000,23.5000,nan,beyond_data
40,23,40.5000,23.5000,nan,beyond_data
41,23,41.5000,23.5000,nan,beyond_data
42,23,42.5000,23.5000,nan,beyond_data
43,23,43.5000,23.5000,nan,beyond_data
44,23,44.5000,23.5000,nan,beyond_data
45,23,45.5000,23.5000,nan,beyond_data
46,23,46.5000,23.5000,nan,beyond_data
47,23,47.5000,23.5000,nan,beyond_data
48,23,48.5000,23.5000,nan,beyond_data
49,23,49.5000,23.5000,nan,beyond_data
50,23,50.5000,23.5000,nan,beyond_data
51,23,51.5000,23.5000,nan,beyond_data
52,23,52.5000,23.5000,nan,beyond_data
53,23,53.5000,23.5000,nan,beyond_data
54,23,54.5000,23.5000,nan,beyond_data
55,23,55.5000,23.5000,nan,beyond_data
56,23,56.5000,23.5000,nan,beyond_data
57,23,57.5000,23.5000,nan,beyond_data
58,23,58.5000,23.5000,nan,beyond_data
59,23,59.5000,23.5000,nan,beyond_data
60,23,60.5000,23.5000,nan,beyond_data
61,23,61.5000,23.5000,nan,beyond_data
62,23,62.5000,23.5000,nan,beyond_data
63,23,63.5000,23.5000,nan,beyond_data
64,23,64.5000,23.5000,nan,beyond_data
65,23,65.5000,23.5000,nan,beyond_data
66,23,66.5000,23.5000,nan,beyond_data
67,23,67.5000,23.5000,nan,beyond_data
68,23,68.5000,23.5000,nan,beyond_data
69,23,69.5000,23.5000,nan,beyond_data
70,23,70.5000,23.5000,nan,beyond_data
71,23,71.5000,23.5000,1.49446,ok
28,24,28.5000,24.5000,nan,beyond_data
29,24,29.5000,24.5000,nan,beyond_data
30,24,30.5000,24.5000,nan,beyond_data
31,24,31.5000,24.5000,nan,beyond_data
32,24,32.5000,24.5000,nan,beyond_data
33,24,33.5000,24.5000,nan,beyond_data
34,24,34.5000,24.5000,nan,beyond_data
35,24,35.5000,24.5000,nan,beyond_data
36,24,36.5000,24.5000,nan,beyond_data
37,24,37.5000,24.5000,nan,beyond_data
38,24,38.5000,24.5000,nan,beyond_data
39,24,39.5000,24.5000,nan,beyond_data
40,24,40.5000,24.5000,nan,beyond_data
41,24,41.5000,24.5000,nan,beyond_data
42,24,42.5000,24.5000,nan,beyond_data
43,24,43.5000,24.5000,nan,beyond_data
44,24,44.5000,24.5000,nan,beyond_data
45,24,45.5000,24.5000,nan,beyond_data
46,24,46.5000,24.5000,nan,beyond_data
47,24,47.5000,24.5000,nan,beyond_data
48,24,48.5000,24.5000,nan,beyond_data
49,24,49.5000,24.5000,nan,beyond_data
50,24,50.5000,24.5000,nan,beyond_data
51,24,51.5000,24.5000,nan,beyond_data
52,24,52.5000,24.5000,nan,beyond_data
53,24,53.5000,24.5000,nan,beyond_data
54,24,54.5000,24.5000,nan,beyond_data
55,24,55.5000,24.5000,nan,beyond_data
56,24,56.5000,24.5000,nan,beyond_data
57,24,57.5000,24.5000,nan,beyond_data
58,24,58.5000,24.5000,nan,beyond_data
59,24,59.5000,24.5000,nan,beyond_data
60,24,60.5000,24.5000,nan,beyond_data
61,24,61.5000,24.5000,nan,beyond_data
62,24,62.5000,24.5000,nan,beyond_data
63,24,63.5000,24.5000,nan,beyond_data
64,24,64.5000,24.5000,nan,beyond_data
65,24,65.5000,24.5000,nan,beyond_data
66,24,66.5000,24.5000,nan,beyond_data
67,24,67.5000,24.5000,nan,beyond_data
68,24,68.5000,24.5000,nan,beyond_data
69,24,69.5000,24.5000,nan,beyond_data
70,24,70.5000,24.5000,nan,beyond_data
71,24,71.5000,24.5000,nan,beyond_data
27,25,27.5000,25.5000,nan,beyond_data
28,25,28.5000,25.5000,nan,beyond_data
29,25,29.5000,25.5000,nan,beyond_data
30,25,30.5000,25.5000,nan,beyond_data
31,25,31.5000,25.5000,nan,beyond_data
32,25,32.5000,25.5000,nan,beyond_data
33,25,33.5000,25.5000,nan,beyond_data
34,25,34.5000,25.5000,nan,beyond_data
35,25,35.5000,25.5000,nan,beyond_data
36,25,36.5000,25.5000,nan,beyond_data
37,25,37.5000,25.5000,nan,beyond_data
38,25,38.5000,25.5000,nan,beyond_data
39,25,39.5000,25.5000,nan,beyond_data
40,25,40.5000,25.5000,nan,beyond_data
41,25,41.5000,25.5000,nan,beyond_data
42,25,42.5000,25.5000,nan,beyond_data
43,25,43.5000,25.5000,nan,beyond_data
44,25,44.5000,25.5000,nan,beyond_data
45,25,45.5000,25.5000,nan,beyond_data
46,25,46.5000,25.5000,nan,beyond_data
47,25,47.5000,25.5000,nan,beyond_data
48,25,48.5000,25.5000,nan,beyond_data
49,25,49.5000,25.5000,nan,beyond_data
50,25,50.5000,25.5000,nan,beyond_data
51,25,51.5000,25.5000,nan,beyond_data
52,25,52.5000,25.5000,nan,beyond_data
53,25,53.5000,25.5000,nan,beyond_data
54,25,54.5000,25.5000,nan,beyond_data
55,25,55.5000,25.5000,nan,beyond_data
56,25,56.5000,25.5000,nan,beyond_data
57,25,57.5000,25.5000,nan,beyond_data
58,25,58.5000,25.5000,nan,beyond_data
59,25,59.5000,25.5000,nan,beyond_data
60,25,60.5000,25.5000,nan,beyond_data
61,25,61.5000,25.5000,nan,beyond_data
62,25,62.5000,25.5000,nan,beyond_data
63,25,63.5000,25.5000,nan,beyond_data
64,25,64.5000,25.5000,nan,beyond_data
65,25,65.5000,25.5000,nan,beyond_data
66,25,66.5000,25.5000,nan,beyond_data
67,25,67.5000,25.5000,nan,beyond_data
68,25,68.5000,25.5000,nan,beyond_data
69,25,69.5000,25.5000,nan,beyond_data
70,25,70.5000,25.5000,nan,beyond_data
71,25,71.5000,25.5000,nan,beyond_data
72,25,72.5000,25.5000,nan,beyond_data
26,26,26.5000,26.5000,1.51959,ok
27,26,27.5000,26.5000,nan,beyond_data
28,26,28.5000,26.5000,nan,beyond_data
29,26,29.5000,26.5000,nan,beyond_data
30,26,30.5000,26.5000,nan,beyond_data
31,26,31.5000,26.5000,nan,beyond_data
32,26,32.5000,26.5000,nan,beyond_data
33,26,33.5000,26.5000,nan,beyond_data
34,26,34.5000,26.5000,nan,beyond_data
35,26,35.5000,26.5000,nan,beyond_data
36,26,36.5000,26.5000,nan,beyond_data
37,26,37.5000,26.5000,nan,beyond_data
38,26,38.5000,26.5000,nan,beyond_data
39,26,39.5000,26.5000,nan,beyond_data
40,26,40.5000,26.5000,nan,beyond_data
41,26,41.5000,26.5000,nan,beyond_data
42,26,42.5000,26.5000,nan,beyond_data
43,26,43.5000,26.5000,nan,beyond_data
44,26,44.5000,26.5000,nan,beyond_data
45,26,45.5000,26.5000,nan,beyond_data
46,26,46.5000,26.5000,nan,beyond_data
47,26,47.5000,26.5000,nan,beyond_data
48,26,48.5000,26.5000,nan,beyond_data
49,26,49.5000,26.5000,nan,beyond_data
50,26,50.5000,26.5000,nan,beyond_data
51,26,51.5000,26.5000,nan,beyond_data
52,26,52.5000,26.5000,nan,beyond_data
53,26,53.5000,26.5000,nan,beyond_data
54,26,54.5000,26.5000,nan,beyond_data
55,26,55.5000,26.5000,nan,beyond_data
56,26,56.5000,26.5000,nan,beyond_data
57,26,57.5000,26.5000,nan,beyond_data
58,26,58.5000,26.5000,nan,beyond_data
59,26,59.5000,26.5000,nan,beyond_data
60,26,60.5000,26.5000,nan,beyond_data
61,26,61.5000,26.5000,nan,beyond_data
62,26,62.5000,26.5000,nan,beyond_data
63,26,63.5000,26.5000,nan,beyond_data
64,26,64.5000,26.5000,nan,beyond_data
65,26,65.5000,26.5000,nan,beyond_data
66,26,66.5000,26.5000,nan,beyond_data
67,26,67.5000,26.5000,nan,beyond_data
68,26,68.5000,26.5000,nan,beyond_data
69,26,69.5000,26.5000,nan,beyond_data
70,26,70.5000,26.5000,nan,beyond_data
71,26,71.5000,26.5000,nan,beyond_data
72,26,72.5000,26.5000,nan,beyond_data
73,26,73.5000,26.5000,1.51959,ok
26,27,26.5000,27.5000,nan,beyond_data
27,27,27.5000,27.5000,nan,beyond_data
28,27,28.5000,27.5000,nan,beyond_data
29,27,29.5000,27.5000,nan,beyond_data
30,27,30.5000,27.5000,nan,beyond_data
31,27,31.5000,27.5000,nan,beyond_data
32,27,32.5000,27.5000,nan,beyond_data
33,27,33.5000,27.5000,nan,beyond_data
34,27,34.5000,27.5000,nan,beyond_data
35,27,35.5000,27.5000,nan,beyond_data
36,27,36.5000,27.5000,nan,beyond_data
37,27,37.5000,27.5000,nan,beyond_data
38,27,38.5000,27.5000,nan,beyond_data
39,27,39.5000,27.5000,nan,beyond_data
40,27,40.5000,27.5000,nan,beyond_data
41,27,41.5000,27.5000,nan,beyond_data
42,27,42.5000,27.5000,nan,beyond_data
43,27,43.5000,27.5000,nan,beyond_data
44,27,44.5000,27.5000,nan,beyond_data
45,27,45.5000,27.5000,nan,beyond_data
46,27,46.5000,27.5000,nan,beyond_data
47,27,47.5000,27.5000,nan,beyond_data
48,27,48.5000,27.5000,nan,beyond_data
49,27,49.5000,27.5000,nan,beyond_data
50,27,50.5000,27.5000,nan,beyond_data
51,27,51.5000,27.5000,nan,beyond_data
52,27,52.5000,27.5000,nan,beyond_data
53,27,53.5000,27.5000,nan,beyond_data
54,27,54.5000,27.5000,nan,beyond_data
55,27,55.5000,27.5000,nan,beyond_data
56,27,56.5000,27.5000,nan,beyond_data
57,27,57.5000,27.5000,nan,beyond_data
58,27,58.5000,27.5000,nan,beyond_data
59,27,59.5000,27.5000,nan,beyond_data
60,27,60.5000,27.5000,nan,beyond_data
61,27,61.5000,27.5000,nan,beyond_data
62,27,62.5000,27.5000,nan,beyond_data
63,27,63.5000,27.5000,nan,beyond_data
64,27,64.5000,27.5000,nan,beyond_data
65,27,65.5000,27.5000,nan,beyond_data
66,27,66.5000,27.5000,nan,beyond_data
67,27,67.5000,27.5000,nan,beyond_data
68,27,68.5000,27.5000,nan,beyond_data
69,27,69.5000,27.5000,nan,beyond_data
70,27,70.5000,27.5000,nan,beyond_data
71,27,71.5000,27.5000,nan,beyond_data
72,27,72.5000,27.5000,nan,beyond_data
73,27,73.5000,27.5000,nan,beyond_data
25,28,25.5000,28.5000,4.54570,extrapolated
26,28,26.5000,28.5000,nan,beyond_data
27,28,27.5000,28.5000,nan,beyond_data
28,28,28.5000,28.5000,nan,beyond_data
29,28,29.5000,28.5000,nan,beyond_data
30,28,30.5000,28.5000,nan,beyond_data
31,28,31.5000,28.5000,nan,beyond_data
32,28,32.5000,28.5000,nan,beyond_data
33,28,33.5000,28.5000,nan,beyond_data
34,28,34.5000,28.5000,nan,beyond_data
35,28,35.5000,28.5000,nan,beyond_data
36,28,36.5000,28.5000,nan,beyond_data
37,28,37.5000,28.5000,nan,beyond_data
38,28,38.5000,28.5000,nan,beyond_data
39,28,39.5000,28.5000,nan,beyond_data
40,28,40.5000,28.5000,nan,beyond_data
41,28,41.5000,28.5000,nan,beyond_data
42,28,42.5000,28.5000,nan,beyond_data
43,28,43.5000,28.5000,nan,beyond_data
44,28,44.5000,28.5000,nan,beyond_data
45,28,45.5000,28.5000,nan,beyond_data
46,28,46.5000,28.5000,nan,beyond_data
47,28,47.5000,28.5000,nan,beyond_data
48,28,48.5000,28.5000,nan,beyond_data
49,28,49.5000,28.5000,nan,beyond_data
50,28,50.5000,28.5000,nan,beyond_data
51,28,51.5000,28.5000,nan,beyond_data
52,28,52.5000,28.5000,nan,beyond_data
53,28,53.5000,28.5000,nan,beyond_data
54,28,54.5000,28.5000,nan,beyond_data
55,28,55.5000,28.5000,nan,beyond_data
56,28,56.5000,28.5000,nan,beyond_data
57,28,57.5000,28.5000,nan,beyond_data
58,28,58.5000,28.5000,nan,beyond_data
59,28,59.5000,28.5000,nan,beyond_data
60,28,60.5000,28.5000,nan,beyond_data
61,28,61.5000,28.5000,nan,beyond_data
62,28,62.5000,28.5000,nan,beyond_data
63,28,63.5000,28.5000,nan,beyond_data
64,28,64.5000,28.5000,nan,beyond_data
65,28,65.5000,28.5000,nan,beyond_data
66,28,66.5000,28.5000,nan,beyond_data
67,28,67.5000,28.5000,nan,beyond_data
68,28,68.5000,28.5000,nan,beyond_data
69,28,69.5000,28.5000,nan,beyond_data
70,28,70.5000,28.5000,nan,beyond_data
71,28,71.5000,28.5000,nan,beyond_data
72,28,72.5000,28.5000,nan,beyond_data
73,28,73.5000,28.5000,nan,beyond_data
74,28,74.5000,28.5000,4.54570,extrapolated
25,29,25.5000,29.5000,nan,beyond_data
26,29,26.5000,29.5000,nan,beyond_data
27,29,27.5000,29.5000,nan,beyond_data
28,29,28.5000,29.5000,nan,beyond_data
29,29,29.5000,29.5000,nan,beyond_data
30,29,30.5000,29.5000,nan,beyond_data
31,29,31.5000,29.5000,nan,beyond_data
32,29,32.5000,29.5000,nan,beyond_data
33,29,33.5000,29.5000,nan,beyond_data
34,29,34.5000,29.5000,nan,beyond_data
35,29,35.5000,29.5000,nan,beyond_data
36,29,36.5000,29.5000,nan,beyond_data
37,29,37.5000,29.5000,nan,beyond_data
38,29,38.5000,29.5000,nan,beyond_data
39,29,39.5000,29.5000,nan,beyond_data
40,29,40.5000,29.5000,nan,beyond_data
41,29,41.5000,29.5000,nan,beyond_data
42,29,42.5000,29.5000,nan,beyond_data
43,29,43.5000,29.5000,nan,beyond_data
44,29,44.5000,29.5000,nan,beyond_data
45,29,45.5000,29.5000,nan,beyond_data
46,29,46.5000,29.5000,nan,beyond_data
47,29,47.5000,29.5000,nan,beyond_data
48,29,48.5000,29.5000,nan,beyond_data
49,29,49.5000,29.5000,nan,beyond_data
50,29,50.5000,29.5000,nan,beyond_data
51,29,51.5000,29.5000,nan,beyond_data
52,29,52.5000,29.5000,nan,beyond_data
53,29,53.5000,29.5000,nan,beyond_data
54,29,54.5000,29.5000,nan,beyond_data
55,29,55.5000,29.5000,nan,beyond_data
56,29,56.5000,29.5000,nan,beyond_data
57,29,57.5000,29.5000,nan,beyond_data
58,29,58.5000,29.5000,nan,beyond_data
59,29,59.5000,29.5000,nan,beyond_data
60,29,60.5000,29.5000,nan,beyond_data
61,29,61.5000,29.5000,nan,beyond_data
62,29,62.5000,29.5000,nan,beyond_data
63,29,63.5000,29.5000,nan,beyond_data
64,29,64.5000,29.5000,nan,beyond_data
65,29,65.5000,29.5000,nan,beyond_data
66,29,66.5000,29.5000,nan,beyond_data
67,29,67.5000,29.5000,nan,beyond_data
68,29,68.5000,29.5000,nan,beyond_data
69,29,69.5000,29.5000,nan,beyond_data
70,29,70.5000,29.5000,nan,beyond_data
71,29,71.5000,29.5000,nan,beyond_data
72,29,72.5000,29.5000,nan,beyond_data
73,29,73.5000,29.5000,nan,beyond_data
74,29,74.5000,29.5000,nan,beyond_data
24,30,24.5000,30.5000,4.60951,extrapolated
25,30,25.5000,30.5000,nan,beyond_data
26,30,26.5000,30.5000,nan,beyond_data
27,30,27.5000,30.5000,nan,beyond_data
28,30,28.5000,30.5000,nan,beyond_data
29,30,29.5000,30.5000,nan,beyond_data
30,30,30.5000,30.5000,nan,beyond_data
31,30,31.5000,30.5000,nan,beyond_data
32,30,32.5000,30.5000,nan,beyond_data
33,30,33.5000,30.5000,nan,beyond_data
34,30,34.5000,30.5000,nan,beyond_data
35,30,35.5000,30.5000,nan,beyond_data
36,30,36.5000,30.5000,nan,beyond_data
37,30,37.5000,30.5000,nan,beyond_data
38,30,38.5000,30.5000,nan,beyond_data
39,30,39.5000,30.5000,nan,beyond_data
40,30,40.5000,30.5000,nan,beyond_data
41,30,41.5000,30.5000,nan,beyond_data
42,30,42.5000,30.5000,nan,beyond_data
43,30,43.5000,30.5000,nan,beyond_data
44,30,44.5000,30.5000,nan,beyond_data
45,30,45.5000,30.5000,nan,beyond_data
46,30,46.5000,30.5000,nan,beyond_data
47,30,47.5000,30.5000,nan,beyond_data
48,30,48.5000,30.5000,nan,beyond_data
49,30,49.5000,30.5000,nan,beyond_data
50,30,50.5000,30.5000,nan,beyond_data
51,30,51.5000,30.5000,nan,beyond_data
52,30,52.5000,30.5000,nan,beyond_data
53,30,53.5000,30.5000,nan,beyond_data
54,30,54.5000,30.5000,nan,beyond_data
55,30,55.5000,30.5000,nan,beyond_data
56,30,56.5000,30.5000,nan,beyond_data
57,30,57.5000,30.5000,nan,beyond_data
58,30,58.5000,30.5000,nan,beyond_data
59,30,59.5000,30.5000,nan,beyond_data
60,30,60.5000,30.5000,nan,beyond_data
61,30,61.5000,30.5000,nan,beyond_data
62,30,62.5000,30.5000,nan,beyond_data
63,30,63.5000,30.5000,nan,beyond_data
64,30,64.5000,30.5000,nan,beyond_data
65,30,65.5000,30.5000,nan,beyond_data
66,30,66.5000,30.5000,nan,beyond_data
67,30,67.5000,30.5000,nan,beyond_data
68,30,68.5000,30.5000,nan,beyond_data
69,30,69.5000,30.5000,nan,beyond_data
70,30,70.5000,30.5000,nan,beyond_data
71,30,71.5000,30.5000,nan,beyond_data
72,30,72.5000,30.5000,nan,beyond_data
73,30,73.5000,30.5000,nan,beyond_data
74,30,74.5000,30.5000,nan,beyond_data
75,30,75.5000,30.5000,4.60951,extrapolated
24,31,24.5000,31.5000,nan,beyond_data
25,31,25.5000,31.5000,nan,beyond_data
26,31,26.5000,31.5000,nan,beyond_data
27,31,27.5000,31.5000,nan,beyond_data
28,31,28.5000,31.5000,nan,beyond_data
29,31,29.5000,31.5000,nan,beyond_data
30,31,30.5000,31.5000,nan,beyond_data
31,31,31.5000,31.5000,nan,beyond_data
32,31,32.5000,31.5000,nan,beyond_data
33,31,33.5000,31.5000,nan,beyond_data
34,31,34.5000,31.5000,nan,beyond_data
35,31,35.5000,31.5000,nan,beyond_data
36,31,36.5000,31.5000,nan,beyond_data
37,31,37.5000,31.5000,nan,beyond_data
38,31,38.5000,31.5000,nan,beyond_data
39,31,39.5000,31.5000,nan,beyond_data
40,31,40.5000,31.5000,nan,beyond_data
41,31,41.5000,31.5000,nan,beyond_data
42,31,42.5000,31.5000,nan,beyond_data
43,31,43.5000,31.5000,nan,beyond_data
44,31,44.5000,31.5000,nan,beyond_data
45,31,45.5000,31.5000,nan,beyond_data
46,31,46.5000,31.5000,nan,beyond_data
47,31,47.5000,31.5000,nan,beyond_data
48,31,48.5000,31.5000,nan,beyond_data
49,31,49.5000,31.5000,nan,beyond_data
50,31,50.5000,31.5000,nan,beyond_data
51,31,51.5000,31.5000,nan,beyond_data
52,31,52.5000,31.5000,nan,beyond_data
53,31,53.5000,31.5000,nan,beyond_data
54,31,54.5000,31.5000,nan,beyond_data
55,31,55.5000,31.5000,nan,beyond_data
56,31,56.5000,31.5000,nan,beyond_data
57,31,57.5000,31.5000,nan,beyond_data
58,31,58.5000,31.5000,nan,beyond_data
59,31,59.5000,31.5000,nan,beyond_data
60,31,60.5000,31.5000,nan,beyond_data
61,31,61.5000,31.5000,nan,beyond_data
62,31,62.5000,31.5000,nan,beyond_data
63,31,63.5000,31.5000,nan,beyond_data
64,31,64.5000,31.5000,nan,beyond_data
65,31,65.5000,31.5000,nan,beyond_data
66,31,66.5000,31.5000,nan,beyond_data
67,31,67.5000,31.5000,nan,beyond_data
68,31,68.5000,31.5000,nan,beyond_data
69,31,69.5000,31.5000,nan,beyond_data
70,31,70.5000,31.5000,nan,beyond_data
71,31,71.5000,31.5000,nan,beyond_data
72,31,72.5000,31.5000,nan,beyond_data
73,31,73.5000,31.5000,nan,beyond_data
74,31,74.5000,31.5000,nan,beyond_data
75,31,75.5000,31.5000,nan,beyond_data
23,32,23.5000,32.5000,4.65359,extrapolated
24,32,24.5000,32.5000,nan,beyond_data
25,32,25.5000,32.5000,nan,beyond_data
26,32,26.5000,32.5000,nan,beyond_data
27,32,27.5000,32.5000,nan,beyond_data
28,32,28.5000,32.5000,nan,beyond_data
29,32,29.5000,32.5000,nan,beyond_data
30,32,30.5000,32.5000,nan,beyond_data
31,32,31.5000,32.5000,nan,beyond_data
32,32,32.5000,32.5000,nan,beyond_data
33,32,33.5000,32.5000,nan,beyond_data
34,32,34.5000,32.5000,nan,beyond_data
35,32,35.5000,32.5000,nan,beyond_data
36,32,36.5000,32.5000,nan,beyond_data
37,32,37.5000,32.5000,nan,beyond_data
38,32,38.5000,32.5000,nan,beyond_data
39,32,39.5000,32.5000,nan,beyond_data
40,32,40.5000,32.5000,nan,beyond_data
41,32,41.5000,32.5000,nan,beyond_data
42,32,42.5000,32.5000,nan,beyond_data
43,32,43.5000,32.5000,nan,beyond_data
44,32,44.5000,32.5000,nan,beyond_data
45,32,45.5000,32.5000,nan,beyond_data
46,32,46.5000,32.5000,nan,beyond_data
47,32,47.5000,32.5000,nan,beyond_data
48,32,48.5000,32.5000,nan,beyond_data
49,32,49.5000,32.5000,nan,beyond_data
50,32,50.5000,32.5000,nan,beyond_data
51,32,51.5000,32.5000,nan,beyond_data
52,32,52.5000,32.5000,nan,beyond_data
53,32,53.5000,32.5000,nan,beyond_data
54,32,54.5000,32.5000,nan,beyond_data
55,32,55.5000,32.5000,nan,beyond_data
56,32,56.5000,32.5000,nan,beyond_data
57,32,57.5000,32.5000,nan,beyond_data
58,32,58.5000,32.5000,nan,beyond_data
59,32,59.5000,32.5000,nan,beyond_data
60,32,60.5000,32.5000,nan,beyond_data
61,32,61.5000,32.5000,nan,beyond_data
62,32,62.5000,32.5000,nan,beyond_data
63,32,63.5000,32.5000,nan,beyond_data
64,32,64.5000,32.5000,nan,beyond_data
65,32,65.5000,32.5000,nan,beyond_data
66,32,66.5000,32.5000,nan,beyond_data
67,32,67.5000,32.5000,nan,beyond_data
68,32,68.5000,32.5000,nan,beyond_data
69,32,69.5000,32.5000,nan,beyond_data
70,32,70.5000,32.5000,nan,beyond_data
71,32,71.5000,32.5000,nan,beyond_data
72,32,72.5000,32.5000,nan,beyond_data
73,32,73.5000,32.5000,nan,beyond_data
74,32,74.5000,32.5000,nan,beyond_data
75,32,75.5000,32.5000,nan,beyond_data
76,32,76.5000,32.5000,4.65359,extrapolated
23,33,23.5000,33.5000,nan,beyond_data
24,33,24.5000,33.5000,nan,beyond_data
25,33,25.5000,33.5000,nan,beyond_data
26,33,26.5000,33.5000,nan,beyond_data
27,33,27.5000,33.5000,nan,beyond_data
28,33,28.5000,33.5000,nan,beyond_data
29,33,29.5000,33.5000,nan,beyond_data
30,33,30.5000,33.5000,nan,beyond_data
31,33,31.5000,33.5000,nan,beyond_data
32,33,32.5000,33.5000,nan,beyond_data
33,33,33.5000,33.5000,nan,beyond_data
34,33,34.5000,33.5000,nan,beyond_data
35,33,35.5000,33.5000,nan,beyond_data
36,33,36.5000,33.5000,nan,beyond_data
37,33,37.5000,33.5000,nan,beyond_data
38,33,38.5000,33.5000,nan,beyond_data
39,33,39.5000,33.5000,nan,beyond_data
40,33,40.5000,33.5000,nan,beyond_data
41,33,41.5000,33.5000,nan,beyond_data
42,33,42.5000,33.5000,nan,beyond_data
43,33,43.5000,33.5000,nan,beyond_data
44,33,44.5000,33.5000,nan,beyond_data
45,33,45.5000,33.5000,nan,beyond_data
46,33,46.5000,33.5000,nan,beyond_data
47,33,47.5000,33.5000,nan,beyond_data
48,33,48.5000,33.5000,nan,beyond_data
49,33,49.5000,33.5000,nan,beyond_data
50,33,50.5000,33.5000,nan,beyond_data
51,33,51.5000,33.5000,nan,beyond_data
52,33,52.5000,33.5000,nan,beyond_data
53,33,53.5000,33.5000,nan,beyond_data
54,33,54.5000,33.5000,nan,beyond_data
55,33,55.5000,33.5000,nan,beyond_data
56,33,56.5000,33.5000,nan,beyond_data
57,33,57.5000,33.5000,nan,beyond_data
58,33,58.5000,33.5000,nan,beyond_data
59,33,59.5000,33.5000,nan,beyond_data
60,33,60.5000,33.5000,nan,beyond_data
61,33,61.5000,33.5000,nan,beyond_data
62,33,62.5000,33.5000,nan,beyond_data
63,33,63.5000,33.5000,nan,beyond_data
64,33,64.5000,33.5000,nan,beyond_data
65,33,65.5000,33.5000,nan,beyond_data
66,33,66.5000,33.5000,nan,beyond_data
67,33,67.5000,33.5000,nan,beyond_data
68,33,68.5000,33.5000,nan,beyond_data
69,33,69.5000,33.5000,nan,beyond_data
70,33,70.5000,33.5000,nan,beyond_data
71,33,71.5000,33.5000,nan,beyond_data
72,33,72.5000,33.5000,nan,beyond_data
73,33,73.5000,33.5000,nan,beyond_data
74,33,74.5000,33.5000,nan,beyond_data
75,33,75.5000,33.5000,nan,beyond_data
76,33,76.5000,33.5000,nan,beyond_data
22,34,22.5000,34.5000,1.56335,ok
23,34,23.5000,34.5000,nan,beyond_data
24,34,24.5000,34.5000,nan,beyond_data
25,34,25.5000,34.5000,nan,beyond_data
26,34,26.5000,34.5000,nan,beyond_data
27,34,27.5000,34.5000,nan,beyond_data
28,34,28.5000,34.5000,nan,beyond_data
29,34,29.5000,34.5000,nan,beyond_data
30,34,30.5000,34.5000,nan,beyond_data
31,34,31.5000,34.5000,nan,beyond_data
32,34,32.5000,34.5000,nan,beyond_data
33,34,33.5000,34.5000,nan,beyond_data
34,34,34.5000,34.5000,nan,beyond_data
35,34,35.5000,34.5000,nan,beyond_data
36,34,36.5000,34.5000,nan,beyond_data
37,34,37.5000,34.5000,nan,beyond_data
38,34,38.5000,34.5000,nan,beyond_data
39,34,39.5000,34.5000,nan,beyond_data
40,34,40.5000,34.5000,nan,beyond_data
41,34,41.5000,34.5000,nan,beyond_data
42,34,42.5000,34.5000,nan,beyond_data
43,34,43.5000,34.5000,nan,beyond_data
44,34,44.5000,34.5000,nan,beyond_data
45,34,45.5000,34.5000,nan,beyond_data
46,34,46.5000,34.5000,nan,beyond_data
47,34,47.5000,34.5000,nan,beyond_data
48,34,48.5000,34.5000,nan,beyond_data
49,34,49.5000,34.5000,nan,beyond_data
50,34,50.5000,34.5000,nan,beyond_data
51,34,51.5000,34.5000,nan,beyond_data
52,34,52.5000,34.5000,nan,beyond_data
53,34,53.5000,34.5000,nan,beyond_data
54,34,54.5000,34.5000,nan,beyond_data
55,34,55.5000,34.5000,nan,beyond_data
56,34,56.5000,34.5000,nan,beyond_data
57,34,57.5000,34.5000,nan,beyond_data
58,34,58.5000,34.5000,nan,beyond_data
59,34,59.5000,34.5000,nan,beyond_data
60,34,60.5000,34.5000,nan,beyond_data
61,34,61.5000,34.5000,nan,beyond_data
62,34,62.5000,34.5000,nan,beyond_data
63,34,63.5000,34.5000,nan,beyond_data
64,34,64.5000,34.5000,nan,beyond_data
65,34,65.5000,34.5000,nan,beyond_data
66,34,66.5000,34.5000,nan,beyond_data
67,34,67.5000,34.5000,nan,beyond_data
68,34,68.5000,34.5000,nan,beyond_data
69,34,69.5000,34.5000,nan,beyond_data
70,34,70.5000,34.5000,nan,beyond_data
71,34,71.5000,34.5000,nan,beyond_data
72,34,72.5000,34.5000,nan,beyond_data
73,34,73.5000,34.5000,nan,beyond_data
74,34,74.5000,34.5000,nan,beyond_data
75,34,75.5000,34.5000,nan,beyond_data
76,34,76.5000,34.5000,nan,beyond_data
77,34,77.5000,34.5000,1.56335,ok
22,35,22.5000,35.5000,4.73766,extrapolated
23,35,23.5000,35.5000,nan,beyond_data
24,35,24.5000,35.5000,nan,beyond_data
25,35,25.5000,35.5000,nan,beyond_data
26,35,26.5000,35.5000,nan,beyond_data
27,35,27.5000,35.5000,nan,beyond_data
28,35,28.5000,35.5000,nan,beyond_data
29,35,29.5000,35.5000,nan,beyond_data
30,35,30.5000,35.5000,nan,beyond_data
31,35,31.5000,35.5000,nan,beyond_data
32,35,32.5000,35.5000,nan,beyond_data
33,35,33.5000,35.5000,nan,beyond_data
34,35,34.5000,35.5000,nan,beyond_data
35,35,35.5000,35.5000,nan,beyond_data
36,35,36.5000,35.5000,nan,beyond_data
37,35,37.5000,35.5000,nan,beyond_data
38,35,38.5000,35.5000,nan,beyond_data
39,35,39.5000,35.5000,nan,beyond_data
40,35,40.5000,35.5000,nan,beyond_data
41,35,41.5000,35.5000,nan,beyond_data
42,35,42.5000,35.5000,nan,beyond_data
43,35,43.5000,35.5000,nan,beyond_data
44,35,44.5000,35.5000,nan,beyond_data
45,35,45.5000,35.5000,nan,beyond_data
46,35,46.5000,35.5000,nan,beyond_data
47,35,47.5000,35.5000,nan,beyond_data
48,35,48.5000,35.5000,nan,beyond_data
49,35,49.5000,35.5000,nan,beyond_data
50,35,50.5000,35.5000,nan,beyond_data
51,35,51.5000,35.5000,nan,beyond_data
52,35,52.5000,35.5000,nan,beyond_data
53,35,53.5000,35.5000,nan,beyond_data
54,35,54.5000,35.5000,nan,beyond_data
55,35,55.5000,35.5000,nan,beyond_data
56,35,56.5000,35.5000,nan,beyond_data
57,35,57.5000,35.5000,nan,beyond_data
58,35,58.5000,35.5000,nan,beyond_data
59,35,59.5000,35.5000,nan,beyond_data
60,35,60.5000,35.5000,nan,beyond_data
61,35,61.5000,35.5000,nan,beyond_data
62,35,62.5000,35.5000,nan,beyond_data
63,35,63.5000,35.5000,nan,beyond_data
64,35,64.5000,35.5000,nan,beyond_data
65,35,65.5000,35.5000,nan,beyond_data
66,35,66.5000,35.5000,nan,beyond_data
67,35,67.5000,35.5000,nan,beyond_data
68,35,68.5000,35.5000,nan,beyond_data
69,35,69.5000,35.5000,nan,beyond_data
70,35,70.5000,35.5000,nan,beyond_data
71,35,71.5000,35.5000,nan,beyond_data
72,35,72.5000,35.5000,nan,beyond_data
73,35,73.5000,35.5000,nan,beyond_data
74,35,74.5000,35.5000,nan,beyond_data
75,35,75.5000,35.5000,nan,beyond_data
76,35,76.5000,35.5000,nan,beyond_data
77,35,77.5000,35.5000,4.73766,extrapolated
22,36,22.5000,36.5000,nan,beyond_data
23,36,23.5000,36.5000,nan,beyond_data
24,36,24.5000,36.5000,nan,beyond_data
25,36,25.5000,36.5000,nan,beyond_data
26,36,26.5000,36.5000,nan,beyond_data
27,36,27.5000,36.5000,nan,beyond_data
28,36,28.5000,36.5000,nan,beyond_data
29,36,29.5000,36.5000,nan,beyond_data
30,36,30.5000,36.5000,nan,beyond_data
31,36,31.5000,36.5000,nan,beyond_data
32,36,32.5000,36.5000,nan,beyond_data
33,36,33.5000,36.5000,nan,beyond_data
34,36,34.5000,36.5000,nan,beyond_data
35,36,35.5000,36.5000,nan,beyond_data
36,36,36.5000,36.5000,nan,beyond_data
37,36,37.5000,36.5000,nan,beyond_data
38,36,38.5000,36.5000,nan,beyond_data
39,36,39.5000,36.5000,nan,beyond_data
40,36,40.5000,36.5000,nan,beyond_data
41,36,41.5000,36.5000,nan,beyond_data
42,36,42.5000,36.5000,nan,beyond_data
43,36,43.5000,36.5000,nan,beyond_data
44,36,44.5000,36.5000,nan,beyond_data
45,36,45.5000,36.5000,nan,beyond_data
46,36,46.5000,36.5000,nan,beyond_data
47,36,47.5000,36.5000,nan,beyond_data
48,36,48.5000,36.5000,nan,beyond_data
49,36,49.5000,36.5000,nan,beyond_data
50,36,50.5000,36.5000,nan,beyond_data
51,36,51.5000,36.5000,nan,beyond_data
52,36,52.5000,36.5000,nan,beyond_data
53,36,53.5000,36.5000,nan,beyond_data
54,36,54.5000,36.5000,nan,beyond_data
55,36,55.5000,36.5000,nan,beyond_data
56,36,56.5000,36.5000,nan,beyond_data
57,36,57.5000,36.5000,nan,beyond_data
58,36,58.5000,36.5000,nan,beyond_data
59,36,59.5000,36.5000,nan,beyond_data
60,36,60.5000,36.5000,nan,beyond_data
61,36,61.5000,36.5000,nan,beyond_data
62,36,62.5000,36.5000,nan,beyond_data
63,36,63.5000,36.5000,nan,beyond_data
64,36,64.5000,36.5000,nan,beyond_data
65,36,65.5000,36.5000,nan,beyond_data
66,36,66.5000,36.5000,nan,beyond_data
67,36,67.5000,36.5000,nan,beyond_data
68,36,68.5000,36.5000,nan,beyond_data
69,36,69.5000,36.5000,nan,beyond_data
70,36,70.5000,36.5000,nan,beyond_data
71,36,71.5000,36.5000,nan,beyond_data
72,36,72.5000,36.5000,nan,beyond_data
73,36,73.5000,36.5000,nan,beyond_data
74,36,74.5000,36.5000,nan,beyond_data
75,36,75.5000,36.5000,nan,beyond_data
76,36,76.5000,36.5000,nan,beyond_data
77,36,77.5000,36.5000,nan,beyond_data
21,37,21.5000,37.5000,1.57491,ok
22,37,22.5000,37.5000,nan,beyond_data
23,37,23.5000,37.5000,nan,beyond_data
24,37,24.5000,37.5000,nan,beyond_data
25,37,25.5000,37.5000,nan,beyond_data
26,37,26.5000,37.5000,nan,beyond_data
27,37,27.5000,37.5000,nan,beyond_data
28,37,28.5000,37.5000,nan,beyond_data
29,37,29.5000,37.5000,nan,beyond_data
30,37,30.5000,37.5000,nan,beyond_data
31,37,31.5000,37.5000,nan,beyond_data
32,37,32.5000,37.5000,nan,beyond_data
33,37,33.5000,37.5000,nan,beyond_data
34,37,34.5000,37.5000,nan,beyond_data
35,37,35.5000,37.5000,nan,beyond_data
36,37,36.5000,37.5000,nan,beyond_data
37,37,37.5000,37.5000,nan,beyond_data
38,37,38.5000,37.5000,nan,beyond_data
39,37,39.5000,37.5000,nan,beyond_data
40,37,40.5000,37.5000,nan,beyond_data
41,37,41.5000,37.5000,nan,beyond_data
42,37,42.5000,37.5000,nan,beyond_data
43,37,43.5000,37.5000,nan,beyond_data
44,37,44.5000,37.5000,nan,beyond_data
45,37,45.5000,37.5000,nan,beyond_data
46,37,46.5000,37.5000,nan,beyond_data
47,37,47.5000,37.5000,nan,beyond_data
48,37,48.5000,37.5000,nan,beyond_data
49,37,49.5000,37.5000,nan,beyond_data
50,37,50.5000,37.5000,nan,beyond_data
51,37,51.5000,37.5000,nan,beyond_data
52,37,52.5000,37.5000,nan,beyond_data
53,37,53.5000,37.5000,nan,beyond_data
54,37,54.5000,37.5000,nan,beyond_data
55,37,55.5000,37.5000,nan,beyond_data
56,37,56.5000,37.5000,nan,beyond_data
57,37,57.5000,37.5000,nan,beyond_data
58,37,58.5000,37.5000,nan,beyond_data
59,37,59.5000,37.5000,nan,beyond_data
60,37,60.5000,37.5000,nan,beyond_data
61,37,61.5000,37.5000,nan,beyond_data
62,37,62.5000,37.5000,nan,beyond_data
63,37,63.5000,37.5000,nan,beyond_data
64,37,64.5000,37.5000,nan,beyond_data
65,37,65.5000,37.5000,nan,beyond_data
66,37,66.5000,37.5000,nan,beyond_data
67,37,67.5000,37.5000,nan,beyond_data
68,37,68.5000,37.5000,nan,beyond_data
69,37,69.5000,37.5000,nan,beyond_data
70,37,70.5000,37.5000,nan,beyond_data
71,37,71.5000,37.5000,nan,beyond_data
72,37,72.5000,37.5000,nan,beyond_data
73,37,73.5000,37.5000,nan,beyond_data
74,37,74.5000,37.5000,nan,beyond_data
75,37,75.5000,37.5000,nan,beyond_data
76,37,76.5000,37.5000,nan,beyond_data
77,37,77.5000,37.5000,nan,beyond_data
78,37,78.5000,37.5000,1.57491,ok
21,38,21.5000,38.5000,4.78396,extrapolated
22,38,22.5000,38.5000,nan,beyond_data
23,38,23.5000,38.5000,nan,beyond_data
24,38,24.5000,38.5000,nan,beyond_data
25,38,25.5000,38.5000,nan,beyond_data
26,38,26.5000,38.5000,nan,beyond_data
27,38,27.5000,38.5000,nan,beyond_data
28,38,28.5000,38.5000,nan,beyond_data
29,38,29.5000,38.5000,nan,beyond_data
30,38,30.5000,38.5000,nan,beyond_data
31,38,31.5000,38.5000,nan,beyond_data
32,38,32.5000,38.5000,nan,beyond_data
33,38,33.5000,38.5000,nan,beyond_data
34,38,34.5000,38.5000,nan,beyond_data
35,38,35.5000,38.5000,nan,beyond_data
36,38,36.5000,38.5000,nan,beyond_data
37,38,37.5000,38.5000,nan,beyond_data
38,38,38.5000,38.5000,nan,beyond_data
39,38,39.5000,38.5000,nan,beyond_data
40,38,40.5000,38.5000,nan,beyond_data
41,38,41.5000,38.5000,nan,beyond_data
42,38,42.5000,38.5000,nan,beyond_data
43,38,43.5000,38.5000,nan,beyond_data
44,38,44.5000,38.5000,nan,beyond_data
45,38,45.5000,38.5000,nan,beyond_data
46,38,46.5000,38.5000,4.87869,extrapolated
47,38,47.5000,38.5000,4.36669,extrapolated
48,38,48.5000,38.5000,4.06003,extrapolated
49,38,49.5000,38.5000,3.91636,ok
50,38,50.5000,38.5000,3.91636,ok
51,38,51.5000,38.5000,4.06003,extrapolated
52,38,52.5000,38.5000,4.36669,extrapolated
53,38,53.5000,38.5000,4.87869,extrapolated
54,38,54.5000,38.5000,nan,beyond_data
55,38,55.5000,38.5000,nan,beyond_data
56,38,56.5000,38.5000,nan,beyond_data
57,38,57.5000,38.5000,nan,beyond_data
58,38,58.5000,38.5000,nan,beyond_data
59,38,59.5000,38.5000,nan,beyond_data
60,38,60.5000,38.5000,nan,beyond_data
61,38,61.5000,38.5000,nan,beyond_data
62,38,62.5000,38.5000,nan,beyond_data
63,38,63.5000,38.5000,nan,beyond_data
64,38,64.5000,38.5000,nan,beyond_data
65,38,65.5000,38.5000,nan,beyond_data
66,38,66.5000,38.5000,nan,beyond_data
67,38,67.5000,38.5000,nan,beyond_data
68,38,68.5000,38.5000,nan,beyond_data
69,38,69.5000,38.5000,nan,beyond_data
70,38,70.5000,38.5000,nan,beyond_data
71,38,71.5000,38.5000,nan,beyond_data
72,38,72.5000,38.5000,nan,beyond_data
73,38,73.5000,38.5000,nan,beyond_data
74,38,74.5000,38.5000,nan,beyond_data
75,38,75.5000,38.5000,nan,beyond_data
76,38,76.5000,38.5000,nan,beyond_data
77,38,77.5000,38.5000,nan,beyond_data
78,38,78.5000,38.5000,4.78396,extrapolated
21,39,21.5000,39.5000,nan,beyond_data
22,39,22.5000,39.5000,nan,beyond_data
23,39,23.5000,39.5000,nan,beyond_data
24,39,24.5000,39.5000,nan,beyond_data
25,39,25.5000,39.5000,nan,beyond_data
26,39,26.5000,39.5000,nan,beyond_data
27,39,27.5000,39.5000,nan,beyond_data
28,39,28.5000,39.5000,nan,beyond_data
29,39,29.5000,39.5000,nan,beyond_data
30,39,30.5000,39.5000,nan,beyond_data
31,39,31.5000,39.5000,nan,beyond_data
32,39,32.5000,39.5000,nan,beyond_data
33,39,33.5000,39.5000,nan,beyond_data
34,39,34.5000,39.5000,nan,beyond_data
35,39,35.5000,39.5000,nan,beyond_data
36,39,36.5000,39.5000,nan,beyond_data
37,39,37.5000,39.5000,nan,beyond_data
38,39,38.5000,39.5000,nan,beyond_data
39,39,39.5000,39.5000,nan,beyond_data
40,39,40.5000,39.5000,nan,beyond_data
41,39,41.5000,39.5000,nan,beyond_data
42,39,42.5000,39.5000,nan,beyond_data
43,39,43.5000,39.5000,nan,beyond_data
44,39,44.5000,39.5000,nan,beyond_data
45,39,45.5000,39.5000,4.47077,extrapolated
46,39,46.5000,39.5000,3.89600,ok
47,39,47.5000,39.5000,3.52761,ok
48,39,48.5000,39.5000,3.30882,ok
49,39,49.5000,39.5000,3.20690,ok
50,39,50.5000,39.5000,3.20690,ok
51,39,51.5000,39.5000,3.30882,ok
52,39,52.5000,39.5000,3.52761,ok
53,39,53.5000,39.5000,3.89600,ok
54,39,54.5000,39.5000,4.47077,extrapolated
55,39,55.5000,39.5000,nan,beyond_data
56,39,56.5000,39.5000,nan,beyond_data
57,39,57.5000,39.5000,nan,beyond_data
58,39,58.5000,39.5000,nan,beyond_data
59,39,59.5000,39.5000,nan,beyond_data
60,39,60.5000,39.5000,nan,beyond_data
61,39,61.5000,39.5000,nan,beyond_data
62,39,62.5000,39.5000,nan,beyond_data
63,39,63.5000,39.5000,nan,beyond_data
64,39,64.5000,39.5000,nan,beyond_data
65,39,65.5000,39.5000,nan,beyond_data
66,39,66.5000,39.5000,nan,beyond_data
67,39,67.5000,39.5000,nan,beyond_data
68,39,68.5000,39.5000,nan,beyond_data
69,39,69.5000,39.5000,nan,beyond_data
70,39,70.5000,39.5000,nan,beyond_data
71,39,71.5000,39.5000,nan,beyond_data
72,39,72.5000,39.5000,nan,beyond_data
73,39,73.5000,39.5000,nan,beyond_data
74,39,74.5000,39.5000,nan,beyond_data
75,39,75.5000,39.5000,nan,beyond_data
76,39,76.5000,39.5000,nan,beyond_data
77,39,77.5000,39.5000,nan,beyond_data
78,39,78.5000,39.5000,nan,beyond_data
21,40,21.5000,40.5000,nan,beyond_data
22,40,22.5000,40.5000,nan,beyond_data
23,40,23.5000,40.5000,nan,beyond_data
24,40,24.5000,40.5000,nan,beyond_data
25,40,25.5000,40.5000,nan,beyond_data
26,40,26.5000,40.5000,nan,beyond_data
27,40,27.5000,40.5000,nan,beyond_data
28,40,28.5000,40.5000,nan,beyond_data
29,40,29.5000,40.5000,nan,beyond_data
30,40,30.5000,40.5000,nan,beyond_data
31,40,31.5000,40.5000,nan,beyond_data
32,40,32.5000,40.5000,nan,beyond_data
33,40,33.5000,40.5000,nan,beyond_data
34,40,34.5000,40.5000,nan,beyond_data
35,40,35.5000,40.5000,nan,beyond_data
36,40,36.5000,40.5000,nan,beyond_data
37,40,37.5000,40.5000,nan,beyond_data
38,40,38.5000,40.5000,nan,beyond_data
39,40,39.5000,40.5000,nan,beyond_data
40,40,40.5000,40.5000,nan,beyond_data
41,40,41.5000,40.5000,nan,beyond_data
42,40,42.5000,40.5000,nan,beyond_data
43,40,43.5000,40.5000,nan,beyond_data
44,40,44.5000,40.5000,4.35081,extrapolated
45,40,45.5000,40.5000,3.69952,ok
46,40,46.5000,40.5000,3.27615,ok
47,40,47.5000,40.5000,3.00839,ok
48,40,48.5000,40.5000,2.85134,ok
49,40,49.5000,40.5000,2.77884,ok
50,40,50.5000,40.5000,2.77884,ok
51,40,51.5000,40.5000,2.85134,ok
52,40,52.5000,40.5000,3.00839,ok
53,40,53.5000,40.5000,3.27615,ok
54,40,54.5000,40.5000,3.69952,ok
55,40,55.5000,40.5000,4.35081,extrapolated
56,40,56.5000,40.5000,nan,beyond_data
57,40,57.5000,40.5000,nan,beyond_data
58,40,58.5000,40.5000,nan,beyond_data
59,40,59.5000,40.5000,nan,beyond_data
60,40,60.5000,40.5000,nan,beyond_data
61,40,61.5000,40.5000,nan,beyond_data
62,40,62.5000,40.5000,nan,beyond_data
63,40,63.5000,40.5000,nan,beyond_data
64,40,64.5000,40.5000,nan,beyond_data
65,40,65.5000,40.5000,nan,beyond_data
66,40,66.5000,40.5000,nan,beyond_data
67,40,67.5000,40.5000,nan,beyond_data
68,40,68.5000,40.5000,nan,beyond_data
69,40,69.5000,40.5000,nan,beyond_data
70,40,70.5000,40.5000,nan,beyond_data
71,40,71.5000,40.5000,nan,beyond_data
72,40,72.5000,40.5000,nan,beyond_data
73,40,73.5000,40.5000,nan,beyond_data
74,40,74.5000,40.5000,nan,beyond_data
75,40,75.5000,40.5000,nan,beyond_data
76,40,76.5000,40.5000,nan,beyond_data
77,40,77.5000,40.5000,nan,beyond_data
78,40,78.5000,40.5000,nan,beyond_data
20,41,20.5000,41.5000,1.58615,ok
21,41,21.5000,41.5000,nan,beyond_data
22,41,22.5000,41.5000,nan,beyond_data
23,41,23.5000,41.5000,nan,beyond_data
24,41,24.5000,41.5000,nan,beyond_data
25,41,25.5000,41.5000,nan,beyond_data
26,41,26.5000,41.5000,nan,beyond_data
27,41,27.5000,41.5000,nan,beyond_data
28,41,28.5000,41.5000,nan,beyond_data
29,41,29.5000,41.5000,nan,beyond_data
30,41,30.5000,41.5000,nan,beyond_data
31,41,31.5000,41.5000,nan,beyond_data
32,41,32.5000,41.5000,nan,beyond_data
33,41,33.5000,41.5000,nan,beyond_data
34,41,34.5000,41.5000,nan,beyond_data
35,41,35.5000,41.5000,nan,beyond_data
36,41,36.5000,41.5000,nan,beyond_data
37,41,37.5000,41.5000,nan,beyond_data
38,41,38.5000,41.5000,nan,beyond_data
39,41,39.5000,41.5000,nan,beyond_data
40,41,40.5000,41.5000,nan,beyond_data
41,41,41.5000,41.5000,nan,beyond_data
42,41,42.5000,41.5000,nan,beyond_data
43,41,43.5000,41.5000,4.45871,extrapolated
44,41,44.5000,41.5000,3.69576,ok
45,41,45.5000,41.5000,3.20250,ok
46,41,46.5000,41.5000,2.88733,ok
47,41,47.5000,41.5000,2.69192,ok
48,41,48.5000,41.5000,2.57952,ok
49,41,49.5000,41.5000,2.52834,ok
50,41,50.5000,41.5000,2.52834,ok
51,41,51.5000,41.5000,2.57952,ok
52,41,52.5000,41.5000,2.69192,ok
53,41,53.5000,41.5000,2.88733,ok
54,41,54.5000,41.5000,3.20250,ok
55,41,55.5000,41.5000,3.69576,ok
56,41,56.5000,41.5000,4.45871,extrapolated
57,41,57.5000,41.5000,nan,beyond_data
58,41,58.5000,41.5000,nan,beyond_data
59,41,59.5000,41.5000,nan,beyond_data
60,41,60.5000,41.5000,nan,beyond_data
61,41,61.5000,41.5000,nan,beyond_data
62,41,62.5000,41.5000,nan,beyond_data
63,41,63.5000,41.5000,nan,beyond_data
64,41,64.5000,41.5000,nan,beyond_data
65,41,65.5000,41.5000,nan,beyond_data
66,41,66.5000,41.5000,nan,beyond_data
67,41,67.5000,41.5000,nan,beyond_data
68,41,68.5000,41.5000,nan,beyond_data
69,41,69.5000,41.5000,nan,beyond_data
70,41,70.5000,41.5000,nan,beyond_data
71,41,71.5000,41.5000,nan,beyond_data
72,41,72.5000,41.5000,nan,beyond_data
73,41,73.5000,41.5000,nan,beyond_data
74,41,74.5000,41.5000,nan,beyond_data
75,41,75.5000,41.5000,nan,beyond_data
76,41,76.5000,41.5000,nan,beyond_data
77,41,77.5000,41.5000,nan,beyond_data
78,41,78.5000,41.5000,nan,beyond_data
79,41,79.5000,41.5000,1.58615,ok
20,42,20.5000,42.5000,4.82495,extrapolated
21,42,21.5000,42.5000,nan,beyond_data
22,42,22.5000,42.5000,nan,beyond_data
23,42,23.5000,42.5000,nan,beyond_data
24,42,24.5000,42.5000,nan,beyond_data
25,42,25.5000,42.5000,nan,beyond_data
26,42,26.5000,42.5000,nan,beyond_data
27,42,27.5000,42.5000,nan,beyond_data
28,42,28.5000,42.5000,nan,beyond_data
29,42,29.5000,42.5000,nan,beyond_data
30,42,30.5000,42.5000,nan,beyond_data
31,42,31.5000,42.5000,nan,beyond_data
32,42,32.5000,42.5000,nan,beyond_data
33,42,33.5000,42.5000,nan,beyond_data
34,42,34.5000,42.5000,nan,beyond_data
35,42,35.5000,42.5000,nan,beyond_data
36,42,36.5000,42.5000,nan,beyond_data
37,42,37.5000,42.5000,nan,beyond_data
38,42,38.5000,42.5000,nan,beyond_data
39,42,39.5000,42.5000,nan,beyond_data
40,42,40.5000,42.5000,nan,beyond_data
41,42,41.5000,42.5000,nan,beyond_data
42,42,42.5000,42.5000,4.79250,extrapolated
43,42,43.5000,42.5000,3.85855,ok
44,42,44.5000,42.5000,3.26174,ok
45,42,45.5000,42.5000,2.88288,ok
46,42,46.5000,42.5000,2.64660,ok
47,42,47.5000,42.5000,2.50427,ok
48,42,48.5000,42.5000,2.42474,ok
49,42,49.5000,42.5000,2.38927,ok
50,42,50.5000,42.5000,2.38927,ok
51,42,51.5000,42.5000,2.42474,ok
52,42,52.5000,42.5000,2.50427,ok
53,42,53.5000,42.5000,2.64660,ok
54,42,54.5000,42.5000,2.88288,ok
55,42,55.5000,42.5000,3.26174,ok
56,42,56.5000,42.5000,3.85855,ok
57,42,57.5000,42.5000,4.79250,extrapolated
58,42,58.5000,42.5000,nan,beyond_data
59,42,59.5000,42.5000,nan,beyond_data
60,42,60.5000,42.5000,nan,beyond_data
61,42,61.5000,42.5000,nan,beyond_data
62,42,62.5000,42.5000,nan,beyond_data
63,42,63.5000,42.5000,nan,beyond_data
64,42,64.5000,42.5000,nan,beyond_data
65,42,65.5000,42.5000,nan,beyond_data
66,42,66.5000,42.5000,nan,beyond_data
67,42,67.5000,42.5000,nan,beyond_data
68,42,68.5000,42.5000,nan,beyond_data
69,42,69.5000,42.5000,nan,beyond_data
70,42,70.5000,42.5000,nan,beyond_data
71,42,71.5000,42.5000,nan,beyond_data
72,42,72.5000,42.5000,nan,beyond_data
73,42,73.5000,42.5000,nan,beyond_data
74,42,74.5000,42.5000,nan,beyond_data
75,42,75.5000,42.5000,nan,beyond_data
76,42,76.5000,42.5000,nan,beyond_data
77,42,77.5000,42.5000,nan,beyond_data
78,42,78.5000,42.5000,nan,beyond_data
79,42,79.5000,42.5000,4.82495,extrapolated
20,43,20.5000,43.5000,4.85344,extrapolated
21,43,21.5000,43.5000,nan,beyond_data
22,43,22.5000,43.5000,nan,beyond_data
23,43,23.5000,43.5000,nan,beyond_data
24,43,24.5000,43.5000,nan,beyond_data
25,43,25.5000,43.5000,nan,beyond_data
26,43,26.5000,43.5000,nan,beyond_data
27,43,27.5000,43.5000,nan,beyond_data
28,43,28.5000,43.5000,nan,beyond_data
29,43,29.5000,43.5000,nan,beyond_data
30,43,30.5000,43.5000,nan,beyond_data
31,43,31.5000,43.5000,nan,beyond_data
32,43,32.5000,43.5000,nan,beyond_data
33,43,33.5000,43.5000,nan,beyond_data
34,43,34.5000,43.5000,nan,beyond_data
35,43,35.5000,43.5000,nan,beyond_data
36,43,36.5000,43.5000,nan,beyond_data
37,43,37.5000,43.5000,nan,beyond_data
38,43,38.5000,43.5000,nan,beyond_data
39,43,39.5000,43.5000,nan,beyond_data
40,43,40.5000,43.5000,nan,beyond_data
41,43,41.5000,43.5000,nan,beyond_data
42,43,42.5000,43.5000,4.20616,extrapolated
43,43,43.5000,43.5000,3.44942,ok
44,43,44.5000,43.5000,2.97369,ok
45,43,45.5000,43.5000,2.67872,ok
46,43,46.5000,43.5000,2.50056,ok
47,43,47.5000,43.5000,2.39740,ok
48,43,48.5000,43.5000,2.33499,ok
49,43,49.5000,43.5000,2.30771,ok
50,43,50.5000,43.5000,2.30771,ok
51,43,51.5000,43.5000,2.33499,ok
52,43,52.5000,43.5000,2.39740,ok
53,43,53.5000,43.5000,2.50056,ok
54,43,54.5000,43.5000,2.67872,ok
55,43,55.5000,43.5000,2.97369,ok
56,43,56.5000,43.5000,3.44942,ok
57,43,57.5000,43.5000,4.20616,extrapolated
58,43,58.5000,43.5000,nan,beyond_data
59,43,59.5000,43.5000,nan,beyond_data
60,43,60.5000,43.5000,nan,beyond_data
61,43,61.5000,43.5000,nan,beyond_data
62,43,62.5000,43.5000,nan,beyond_data
63,43,63.5000,43.5000,nan,beyond_data
64,43,64.5000,43.5000,nan,beyond_data
65,43,65.5000,43.5000,nan,beyond_data
66,43,66.5000,43.5000,nan,beyond_data
67,43,67.5000,43.5000,nan,beyond_data
68,43,68.5000,43.5000,nan,beyond_data
69,43,69.5000,43.5000,nan,beyond_data
70,43,70.5000,43.5000,nan,beyond_data
71,43,71.5000,43.5000,nan,beyond_data
72,43,72.5000,43.5000,nan,beyond_data
73,43,73.5000,43.5000,nan,beyond_data
74,43,74.5000,43.5000,nan,beyond_data
75,43,75.5000,43.5000,nan,beyond_data
76,43,76.5000,43.5000,nan,beyond_data
77,43,77.5000,43.5000,nan,beyond_data
78,43,78.5000,43.5000,nan,beyond_data
79,43,79.5000,43.5000,4.85344,extrapolated
20,44,20.5000,44.5000,4.87798,extrapolated
21,44,21.5000,44.5000,nan,beyond_data
22,44,22.5000,44.5000,nan,beyond_data
23,44,23.5000,44.5000,nan,beyond_data
24,44,24.5000,44.5000,nan,beyond_data
25,44,25.5000,44.5000,nan,beyond_data
26,44,26.5000,44.5000,nan,beyond_data
27,44,27.5000,44.5000,nan,beyond_data
28,44,28.5000,44.5000,nan,beyond_data
29,44,29.5000,44.5000,nan,beyond_data
30,44,30.5000,44.5000,nan,beyond_data
31,44,31.5000,44.5000,nan,beyond_data
32,44,32.5000,44.5000,nan,beyond_data
33,44,33.5000,44.5000,nan,beyond_data
34,44,34.5000,44.5000,nan,beyond_data
35,44,35.5000,44.5000,nan,beyond_data
36,44,36.5000,44.5000,nan,beyond_data
37,44,37.5000,44.5000,nan,beyond_data
38,44,38.5000,44.5000,nan,beyond_data
39,44,39.5000,44.5000,nan,beyond_data
40,44,40.5000,44.5000,nan,beyond_data
41,44,41.5000,44.5000,4.80376,extrapolated
42,44,42.5000,44.5000,3.79725,ok
43,44,43.5000,44.5000,3.16986,ok
44,44,44.5000,44.5000,2.78288,ok
45,44,45.5000,44.5000,2.54964,ok
46,44,46.5000,44.5000,2.41421,ok
47,44,47.5000,44.5000,2.33221,ok
48,44,48.5000,44.5000,2.28928,ok
49,44,49.5000,44.5000,2.27158,ok
50,44,50.5000,44.5000,2.27158,ok
51,44,51.5000,44.5000,2.28928,ok
52,44,52.5000,44.5000,2.33221,ok
53,44,53.5000,44.5000,2.41421,ok
54,44,54.5000,44.5000,2.54964,ok
55,44,55.5000,44.5000,2.78288,ok
56,44,56.5000,44.5000,3.16986,ok
57,44,57.5000,44.5000,3.79725,ok
58,44,58.5000,44.5000,4.80376,extrapolated
59,44,59.5000,44.5000,nan,beyond_data
60,44,60.5000,44.5000,nan,beyond_data
61,44,61.5000,44.5000,nan,beyond_data
62,44,62.5000,44.5000,nan,beyond_data
63,44,63.5000,44.5000,nan,beyond_data
64,44,64.5000,44.5000,nan,beyond_data
65,44,65.5000,44.5000,nan,beyond_data
66,44,66.5000,44.5000,nan,beyond_data
67,44,67.5000,44.5000,nan,beyond_data
68,44,68.5000,44.5000,nan,beyond_data
69,44,69.5000,44.5000,nan,beyond_data
70,44,70.5000,44.5000,nan,beyond_data
71,44,71.5000,44.5000,nan,beyond_data
72,44,72.5000,44.5000,nan,beyond_data
73,44,73.5000,44.5000,nan,beyond_data
74,44,74.5000,44.5000,nan,beyond_data
75,44,75.5000,44.5000,nan,beyond_data
76,44,76.5000,44.5000,nan,beyond_data
77,44,77.5000,44.5000,nan,beyond_data
78,44,78.5000,44.5000,nan,beyond_data
79,44,79.5000,44.5000,4.87798,extrapolated
20,45,20.5000,45.5000,nan,beyond_data
21,45,21.5000,45.5000,nan,beyond_data
22,45,22.5000,45.5000,nan,beyond_data
23,45,23.5000,45.5000,nan,beyond_data
24,45,24.5000,45.5000,nan,beyond_data
25,45,25.5000,45.5000,nan,beyond_data
26,45,26.5000,45.5000,nan,beyond_data
27,45,27.5000,45.5000,nan,beyond_data
28,45,28.5000,45.5000,nan,beyond_data
29,45,29.5000,45.5000,nan,beyond_data
30,45,30.5000,45.5000,nan,beyond_data
31,45,31.5000,45.5000,nan,beyond_data
32,45,32.5000,45.5000,nan,beyond_data
33,45,33.5000,45.5000,nan,beyond_data
34,45,34.5000,45.5000,nan,beyond_data
35,45,35.5000,45.5000,nan,beyond_data
36,45,36.5000,45.5000,nan,beyond_data
37,45,37.5000,45.5000,nan,beyond_data
38,45,38.5000,45.5000,nan,beyond_data
39,45,39.5000,45.5000,nan,beyond_data
40,45,40.5000,45.5000,nan,beyond_data
41,45,41.5000,45.5000,4.37868,extrapolated
42,45,42.5000,45.5000,3.51213,ok
43,45,43.5000,45.5000,2.97913,ok
44,45,44.5000,45.5000,2.65711,ok
45,45,45.5000,45.5000,2.46901,ok
46,45,46.5000,45.5000,2.36087,ok
47,45,47.5000,45.5000,2.29896,ok
48,45,48.5000,45.5000,2.27008,ok
49,45,49.5000,45.5000,2.25868,ok
50,45,50.5000,45.5000,2.25868,ok
51,45,51.5000,45.5000,2.27008,ok
52,45,52.5000,45.5000,2.29896,ok
53,45,53.5000,45.5000,2.36087,ok
54,45,54.5000,45.5000,2.46901,ok
55,45,55.5000,45.5000,2.65711,ok
56,45,56.5000,45.5000,2.97913,ok
57,45,57.5000,45.5000,3.51213,ok
58,45,58.5000,45.5000,4.37868,extrapolated
59,45,59.5000,45.5000,nan,beyond_data
60,45,60.5000,45.5000,nan,beyond_data
61,45,61.5000,45.5000,nan,beyond_data
62,45,62.5000,45.5000,nan,beyond_data
63,45,63.5000,45.5000,nan,beyond_data
64,45,64.5000,45.5000,nan,beyond_data
65,45,65.5000,45.5000,nan,beyond_data
66,45,66.5000,45.5000,nan,beyond_data
67,45,67.5000,45.5000,nan,beyond_data
68,45,68.5000,45.5000,nan,beyond_data
69,45,69.5000,45.5000,nan,beyond_data
70,45,70.5000,45.5000,nan,beyond_data
71,45,71.5000,45.5000,nan,beyond_data
72,45,72.5000,45.5000,nan,beyond_data
73,45,73.5000,45.5000,nan,beyond_data
74,45,74.5000,45.5000,nan,beyond_data
75,45,75.5000,45.5000,nan,beyond_data
76,45,76.5000,45.5000,nan,beyond_data
77,45,77.5000,45.5000,nan,beyond_data
78,45,78.5000,45.5000,nan,beyond_data
79,45,79.5000,45.5000,nan,beyond_data
20,46,20.5000,46.5000,nan,beyond_data
21,46,21.5000,46.5000,nan,beyond_data
22,46,22.5000,46.5000,nan,beyond_data
23,46,23.5000,46.5000,nan,beyond_data
24,46,24.5000,46.5000,nan,beyond_data
25,46,25.5000,46.5000,nan,beyond_data
26,46,26.5000,46.5000,nan,beyond_data
27,46,27.5000,46.5000,nan,beyond_data
28,46,28.5000,46.5000,nan,beyond_data
29,46,29.5000,46.5000,nan,beyond_data
30,46,30.5000,46.5000,nan,beyond_data
31,46,31.5000,46.5000,nan,beyond_data
32,46,32.5000,46.5000,nan,beyond_data
33,46,33.5000,46.5000,nan,beyond_data
34,46,34.5000,46.5000,nan,beyond_data
35,46,35.5000,46.5000,nan,beyond_data
36,46,36.5000,46.5000,nan,beyond_data
37,46,37.5000,46.5000,nan,beyond_data
38,46,38.5000,46.5000,nan,beyond_data
39,46,39.5000,46.5000,nan,beyond_data
40,46,40.5000,46.5000,nan,beyond_data
41,46,41.5000,46.5000,4.08146,extrapolated
42,46,42.5000,46.5000,3.31539,ok
43,46,43.5000,46.5000,2.85032,ok
44,46,44.5000,46.5000,2.57513,ok
45,46,45.5000,46.5000,2.41939,ok
46,46,46.5000,46.5000,2.32898,ok
47,46,47.5000,46.5000,2.28350,ok
48,46,48.5000,46.5000,2.26379,ok
49,46,49.5000,46.5000,2.25644,ok
50,46,50.5000,46.5000,2.25644,ok
51,46,51.5000,46.5000,2.26379,ok
52,46,52.5000,46.5000,2.28350,ok
53,46,53.5000,46.5000,2.32898,ok
54,46,54.5000,46.5000,2.41939,ok
55,46,55.5000,46.5000,2.57513,ok
56,46,56.5000,46.5000,2.85032,ok
57,46,57.5000,46.5000,3.31539,ok
58,46,58.5000,46.5000,4.08146,extrapolated
59,46,59.5000,46.5000,nan,beyond_data
60,46,60.5000,46.5000,nan,beyond_data
61,46,61.5000,46.5000,nan,beyond_data
62,46,62.5000,46.5000,nan,beyond_data
63,46,63.5000,46.5000,nan,beyond_data
64,46,64.5000,46.5000,nan,beyond_data
65,46,65.5000,46.5000,nan,beyond_data
66,46,66.5000,46.5000,nan,beyond_data
67,46,67.5000,46.5000,nan,beyond_data
68,46,68.5000,46.5000,nan,beyond_data
69,46,69.5000,46.5000,nan,beyond_data
70,46,70.5000,46.5000,nan,beyond_data
71,46,71.5000,46.5000,nan,beyond_data
72,46,72.5000,46.5000,nan,beyond_data
73,46,73.5000,46.5000,nan,beyond_data
74,46,74.5000,46.5000,nan,beyond_data
75,46,75.5000,46.5000,nan,beyond_data
76,46,76.5000,46.5000,nan,beyond_data
77,46,77.5000,46.5000,nan,beyond_data
78,46,78.5000,46.5000,nan,beyond_data
79,46,79.5000,46.5000,nan,beyond_data
20,47,20.5000,47.5000,nan,beyond_data
21,47,21.5000,47.5000,nan,beyond_data
22,47,22.5000,47.5000,nan,beyond_data
23,47,23.5000,47.5000,nan,beyond_data
24,47,24.5000,47.5000,nan,beyond_data
25,47,25.5000,47.5000,nan,beyond_data
26,47,26.5000,47.5000,nan,beyond_data
27,47,27.5000,47.5000,nan,beyond_data
28,47,28.5000,47.5000,nan,beyond_data
29,47,29.5000,47.5000,nan,beyond_data
30,47,30.5000,47.5000,nan,beyond_data
31,47,31.5000,47.5000,nan,beyond_data
32,47,32.5000,47.5000,nan,beyond_data
33,47,33.5000,47.5000,nan,beyond_data
34,47,34.5000,47.5000,nan,beyond_data
35,47,35.5000,47.5000,nan,beyond_data
36,47,36.5000,47.5000,nan,beyond_data
37,47,37.5000,47.5000,nan,beyond_data
38,47,38.5000,47.5000,nan,beyond_data
39,47,39.5000,47.5000,nan,beyond_data
40,47,40.5000,47.5000,nan,beyond_data
41,47,41.5000,47.5000,3.88046,ok
42,47,42.5000,47.5000,3.18385,ok
43,47,43.5000,47.5000,2.76590,ok
44,47,44.5000,47.5000,2.52321,ok
45,47,45.5000,47.5000,2.38979,ok
46,47,46.5000,47.5000,2.31224,ok
47,47,47.5000,47.5000,2.27741,ok
48,47,48.5000,47.5000,2.26357,ok
49,47,49.5000,47.5000,2.25878,ok
50,47,50.5000,47.5000,2.25878,ok
51,47,51.5000,47.5000,2.26357,ok
52,47,52.5000,47.5000,2.27741,ok
53,47,53.5000,47.5000,2.31224,ok
54,47,54.5000,47.5000,2.38979,ok
55,47,55.5000,47.5000,2.52321,ok
56,47,56.5000,47.5000,2.76590,ok
57,47,57.5000,47.5000,3.18385,ok
58,47,58.5000,47.5000,3.88046,ok
59,47,59.5000,47.5000,nan,beyond_data
60,47,60.5000,47.5000,nan,beyond_data
61,47,61.5000,47.5000,nan,beyond_data
62,47,62.5000,47.5000,nan,beyond_data
63,47,63.5000,47.5000,nan,beyond_data
64,47,64.5000,47.5000,nan,beyond_data
65,47,65.5000,47.5000,nan,beyond_data
66,47,66.5000,47.5000,nan,beyond_data
67,47,67.5000,47.5000,nan,beyond_data
68,47,68.5000,47.5000,nan,beyond_data
69,47,69.5000,47.5000,nan,beyond_data
70,47,70.5000,47.5000,nan,beyond_data
71,47,71.5000,47.5000,nan,beyond_data
72,47,72.5000,47.5000,nan,beyond_data
73,47,73.5000,47.5000,nan,beyond_data
74,47,74.5000,47.5000,nan,beyond_data
75,47,75.5000,47.5000,nan,beyond_data
76,47,76.5000,47.5000,nan,beyond_data
77,47,77.5000,47.5000,nan,beyond_data
78,47,78.5000,47.5000,nan,beyond_data
79,47,79.5000,47.5000,nan,beyond_data
20,48,20.5000,48.5000,nan,beyond_data
21,48,21.5000,48.5000,nan,beyond_data
22,48,22.5000,48.5000,nan,beyond_data
23,48,23.5000,48.5000,nan,beyond_data
24,48,24.5000,48.5000,nan,beyond_data
25,48,25.5000,48.5000,nan,beyond_data
26,48,26.5000,48.5000,nan,beyond_data
27,48,27.5000,48.5000,nan,beyond_data
28,48,28.5000,48.5000,nan,beyond_data
29,48,29.5000,48.5000,nan,beyond_data
30,48,30.5000,48.5000,nan,beyond_data
31,48,31.5000,48.5000,nan,beyond_data
32,48,32.5000,48.5000,nan,beyond_data
33,48,33.5000,48.5000,nan,beyond_data
34,48,34.5000,48.5000,nan,beyond_data
35,48,35.5000,48.5000,nan,beyond_data
36,48,36.5000,48.5000,nan,beyond_data
37,48,37.5000,48.5000,nan,beyond_data
38,48,38.5000,48.5000,nan,beyond_data
39,48,39.5000,48.5000,nan,beyond_data
40,48,40.5000,48.5000,4.83422,extrapolated
41,48,41.5000,48.5000,3.75598,ok
42,48,42.5000,48.5000,3.10312,ok
43,48,43.5000,48.5000,2.71494,ok
44,48,44.5000,48.5000,2.49277,ok
45,48,45.5000,48.5000,2.37105,ok
46,48,46.5000,48.5000,2.30396,ok
47,48,47.5000,48.5000,2.27544,ok
48,48,48.5000,48.5000,2.26497,ok
49,48,49.5000,48.5000,2.26162,ok
50,48,50.5000,48.5000,2.26162,ok
51,48,51.5000,48.5000,2.26497,ok
52,48,52.5000,48.5000,2.27544,ok
53,48,53.5000,48.5000,2.30396,ok
54,48,54.5000,48.5000,2.37105,ok
55,48,55.5000,48.5000,2.49277,ok
56,48,56.5000,48.5000,2.71494,ok
57,48,57.5000,48.5000,3.10312,ok
58,48,58.5000,48.5000,3.75598,ok
59,48,59.5000,48.5000,4.83422,extrapolated
60,48,60.5000,48.5000,nan,beyond_data
61,48,61.5000,48.5000,nan,beyond_data
62,48,62.5000,48.5000,nan,beyond_data
63,48,63.5000,48.5000,nan,beyond_data
64,48,64.5000,48.5000,nan,beyond_data
65,48,65.5000,48.5000,nan,beyond_data
66,48,66.5000,48.5000,nan,beyond_data
67,48,67.5000,48.5000,nan,beyond_data
68,48,68.5000,48.5000,nan,beyond_data
69,48,69.5000,48.5000,nan,beyond_data
70,48,70.5000,48.5000,nan,beyond_data
71,48,71.5000,48.5000,nan,beyond_data
72,48,72.5000,48.5000,nan,beyond_data
73,48,73.5000,48.5000,nan,beyond_data
74,48,74.5000,48.5000,nan,beyond_data
75,48,75.5000,48.5000,nan,beyond_data
76,48,76.5000,48.5000,nan,beyond_data
77,48,77.5000,48.5000,nan,beyond_data
78,48,78.5000,48.5000,nan,beyond_data
79,48,79.5000,48.5000,nan,beyond_data
20,49,20.5000,49.5000,nan,beyond_data
21,49,21.5000,49.5000,nan,beyond_data
22,49,22.5000,49.5000,nan,beyond_data
23,49,23.5000,49.5000,nan,beyond_data
24,49,24.5000,49.5000,nan,beyond_data
25,49,25.5000,49.5000,nan,beyond_data
26,49,26.5000,49.5000,nan,beyond_data
27,49,27.5000,49.5000,nan,beyond_data
28,49,28.5000,49.5000,nan,beyond_data
29,49,29.5000,49.5000,nan,beyond_data
30,49,30.5000,49.5000,nan,beyond_data
31,49,31.5000,49.5000,nan,beyond_data
32,49,32.5000,49.5000,nan,beyond_data
33,49,33.5000,49.5000,nan,beyond_data
34,49,34.5000,49.5000,nan,beyond_data
35,49,35.5000,49.5000,nan,beyond_data
36,49,36.5000,49.5000,nan,beyond_data
37,49,37.5000,49.5000,nan,beyond_data
38,49,38.5000,49.5000,nan,beyond_data
39,49,39.5000,49.5000,nan,beyond_data
40,49,40.5000,49.5000,4.74284,extrapolated
41,49,41.5000,49.5000,3.69636,ok
42,49,42.5000,49.5000,3.06464,ok
43,49,43.5000,49.5000,2.69088,ok
44,49,44.5000,49.5000,2.47863,ok
45,49,45.5000,49.5000,2.36247,ok
46,49,46.5000,49.5000,2.30049,ok
47,49,47.5000,49.5000,2.27489,ok
48,49,48.5000,49.5000,2.26595,ok
49,49,49.5000,49.5000,2.26325,ok
50,49,50.5000,49.5000,2.26325,ok
51,49,51.5000,49.5000,2.26595,ok
52,49,52.5000,49.5000,2.27489,ok
53,49,53.5000,49.5000,2.30049,ok
54,49,54.5000,49.5000,2.36247,ok
55,49,55.5000,49.5000,2.47863,ok
56,49,56.5000,49.5000,2.69088,ok
57,49,57.5000,49.5000,3.06464,ok
58,49,58.5000,49.5000,3.69636,ok
59,49,59.5000,49.5000,4.74284,extrapolated
60,49,60.5000,49.5000,nan,beyond_data
61,49,61.5000,49.5000,nan,beyond_data
62,49,62.5000,49.5000,nan,beyond_data
63,49,63.5000,49.5000,nan,beyond_data
64,49,64.5000,49.5000,nan,beyond_data
65,49,65.5000,49.5000,nan,beyond_data
66,49,66.5000,49.5000,nan,beyond_data
67,49,67.5000,49.5000,nan,beyond_data
68,49,68.5000,49.5000,nan,beyond_data
69,49,69.5000,49.5000,nan,beyond_data
70,49,70.5000,49.5000,nan,beyond_data
71,49,71.5000,49.5000,nan,beyond_data
72,49,72.5000,49.5000,nan,beyond_data
73,49,73.5000,49.5000,nan,beyond_data
74,49,74.5000,49.5000,nan,beyond_data
75,49,75.5000,49.5000,nan,beyond_data
76,49,76.5000,49.5000,nan,beyond_data
77,49,77.5000,49.5000,nan,beyond_data
78,49,78.5000,49.5000,nan,beyond_data
79,49,79.5000,49.5000,nan,beyond_data
20,50,20.5000,50.5000,nan,beyond_data
21,50,21.5000,50.5000,nan,beyond_data
22,50,22.5000,50.5000,nan,beyond_data
23,50,23.5000,50.5000,nan,beyond_data
24,50,24.5000,50.5000,nan,beyond_data
25,50,25.5000,50.5000,nan,beyond_data
26,50,26.5000,50.5000,nan,beyond_data
27,50,27.5000,50.5000,nan,beyond_data
28,50,28.5000,50.5000,nan,beyond_data
29,50,29.5000,50.5000,nan,beyond_data
30,50,30.5000,50.5000,nan,beyond_data
31,50,31.5000,50.5000,nan,beyond_data
32,50,32.5000,50.5000,nan,beyond_data
33,50,33.5000,50.5000,nan,beyond_data
34,50,34.5000,50.5000,nan,beyond_data
35,50,35.5000,50.5000,nan,beyond_data
36,50,36.5000,50.5000,nan,beyond_data
37,50,37.5000,50.5000,nan,beyond_data
38,50,38.5000,50.5000,nan,beyond_data
39,50,39.5000,50.5000,nan,beyond_data
40,50,40.5000,50.5000,4.74284,extrapolated
41,50,41.5000,50.5000,3.69636,ok
42,50,42.5000,50.5000,3.06464,ok
43,50,43.5000,50.5000,2.69088,ok
44,50,44.5000,50.5000,2.47863,ok
45,50,45.5000,50.5000,2.36247,ok
46,50,46.5000,50.5000,2.30049,ok
47,50,47.5000,50.5000,2.27489,ok
48,50,48.5000,50.5000,2.26595,ok
49,50,49.5000,50.5000,2.26325,ok
50,50,50.5000,50.5000,2.26325,ok
51,50,51.5000,50.5000,2.26595,ok
52,50,52.5000,50.5000,2.27489,ok
53,50,53.5000,50.5000,2.30049,ok
54,50,54.5000,50.5000,2.36247,ok
55,50,55.5000,50.5000,2.47863,ok
56,50,56.5000,50.5000,2.69088,ok
57,50,57.5000,50.5000,3.06464,ok
58,50,58.5000,50.5000,3.69636,ok
59,50,59.5000,50.5000,4.74284,extrapolated
60,50,60.5000,50.5000,nan,beyond_data
61,50,61.5000,50.5000,nan,beyond_data
62,50,62.5000,50.5000,nan,beyond_data
63,50,63.5000,50.5000,nan,beyond_data
64,50,64.5000,50.5000,nan,beyond_data
65,50,65.5000,50.5000,nan,beyond_data
66,50,66.5000,50.5000,nan,beyond_data
67,50,67.5000,50.5000,nan,beyond_data
68,50,68.5000,50.5000,nan,beyond_data
69,50,69.5000,50.5000,nan,beyond_data
70,50,70.5000,50.5000,nan,beyond_data
71,50,71.5000,50.5000,nan,beyond_data
72,50,72.5000,50.5000,nan,beyond_data
73,50,73.5000,50.5000,nan,beyond_data
74,50,74.5000,50.5000,nan,beyond_data
75,50,75.5000,50.5000,nan,beyond_data
76,50,76.5000,50.5000,nan,beyond_data
77,50,77.5000,50.5000,nan,beyond_data
78,50,78.5000,50.5000,nan,beyond_data
79,50,79.5000,50.5000,nan,beyond_data
20,51,20.5000,51.5000,nan,beyond_data
21,51,21.5000,51.5000,nan,beyond_data
22,51,22.5000,51.5000,nan,beyond_data
23,51,23.5000,51.5000,nan,beyond_data
24,51,24.5000,51.5000,nan,beyond_data
25,51,25.5000,51.5000,nan,beyond_data
26,51,26.5000,51.5000,nan,beyond_data
27,51,27.5000,51.5000,nan,beyond_data
28,51,28.5000,51.5000,nan,beyond_data
29,51,29.5000,51.5000,nan,beyond_data
30,51,30.5000,51.5000,nan,beyond_data
31,51,31.5000,51.5000,nan,beyond_data
32,51,32.5000,51.5000,nan,beyond_data
33,51,33.5000,51.5000,nan,beyond_data
34,51,34.5000,51.5000,nan,beyond_data
35,51,35.5000,51.5000,nan,beyond_data
36,51,36.5000,51.5000,nan,beyond_data
37,51,37.5000,51.5000,nan,beyond_data
38,51,38.5000,51.5000,nan,beyond_data
39,51,39.5000,51.5000,nan,beyond_data
40,51,40.5000,51.5000,4.83422,extrapolated
41,51,41.5000,51.5000,3.75598,ok
42,51,42.5000,51.5000,3.10312,ok
43,51,43.5000,51.5000,2.71494,ok
44,51,44.5000,51.5000,2.49277,ok
45,51,45.5000,51.5000,2.37105,ok
46,51,46.5000,51.5000,2.30396,ok
47,51,47.5000,51.5000,2.27544,ok
48,51,48.5000,51.5000,2.26497,ok
49,51,49.5000,51.5000,2.26162,ok
50,51,50.5000,51.5000,2.26162,ok
51,51,51.5000,51.5000,2.26497,ok
52,51,52.5000,51.5000,2.27544,ok
53,51,53.5000,51.5000,2.30396,ok
54,51,54.5000,51.5000,2.37105,ok
55,51,55.5000,51.5000,2.49277,ok
56,51,56.5000,51.5000,2.71494,ok
57,51,57.5000,51.5000,3.10312,ok
58,51,58.5000,51.5000,3.75598,ok
59,51,59.5000,51.5000,4.83422,extrapolated
60,51,60.5000,51.5000,nan,beyond_data
61,51,61.5000,51.5000,nan,beyond_data
62,51,62.5000,51.5000,nan,beyond_data
63,51,63.5000,51.5000,nan,beyond_data
64,51,64.5000,51.5000,nan,beyond_data
65,51,65.5000,51.5000,nan,beyond_data
66,51,66.5000,51.5000,nan,beyond_data
67,51,67.5000,51.5000,nan,beyond_data
68,51,68.5000,51.5000,nan,beyond_data
69,51,69.5000,51.5000,nan,beyond_data
70,51,70.5000,51.5000,nan,beyond_data
71,51,71.5000,51.5000,nan,beyond_data
72,51,72.5000,51.5000,nan,beyond_data
73,51,73.5000,51.5000,nan,beyond_data
74,51,74.5000,51.5000,nan,beyond_data
75,51,75.5000,51.5000,nan,beyond_data
76,51,76.5000,51.5000,nan,beyond_data
77,51,77.5000,51.5000,nan,beyond_data
78,51,78.5000,51.5000,nan,beyond_data
79,51,79.5000,51.5000,nan,beyond_data
20,52,20.5000,52.5000,nan,beyond_data
21,52,21.5000,52.5000,nan,beyond_data
22,52,22.5000,52.5000,nan,beyond_data
23,52,23.5000,52.5000,nan,beyond_data
24,52,24.5000,52.5000,nan,beyond_data
25,52,25.5000,52.5000,nan,beyond_data
26,52,26.5000,52.5000,nan,beyond_data
27,52,27.5000,52.5000,nan,beyond_data
28,52,28.5000,52.5000,nan,beyond_data
29,52,29.5000,52.5000,nan,beyond_data
30,52,30.5000,52.5000,nan,beyond_data
31,52,31.5000,52.5000,nan,beyond_data
32,52,32.5000,52.5000,nan,beyond_data
33,52,33.5000,52.5000,nan,beyond_data
34,52,34.5000,52.5000,nan,beyond_data
35,52,35.5000,52.5000,nan,beyond_data
36,52,36.5000,52.5000,nan,beyond_data
37,52,37.5000,52.5000,nan,beyond_data
38,52,38.5000,52.5000,nan,beyond_data
39,52,39.5000,52.5000,nan,beyond_data
40,52,40.5000,52.5000,nan,beyond_data
41,52,41.5000,52.5000,3.88046,ok
42,52,42.5000,52.5000,3.18385,ok
43,52,43.5000,52.5000,2.76590,ok
44,52,44.5000,52.5000,2.52321,ok
45,52,45.5000,52.5000,2.38979,ok
46,52,46.5000,52.5000,2.31224,ok
47,52,47.5000,52.5000,2.27741,ok
48,52,48.5000,52.5000,2.26357,ok
49,52,49.5000,52.5000,2.25878,ok
50,52,50.5000,52.5000,2.25878,ok
51,52,51.5000,52.5000,2.26357,ok
52,52,52.5000,52.5000,2.27741,ok
53,52,53.5000,52.5000,2.31224,ok
54,52,54.5000,52.5000,2.38979,ok
55,52,55.5000,52.5000,2.52321,ok
56,52,56.5000,52.5000,2.76590,ok
57,52,57.5000,52.5000,3.18385,ok
58,52,58.5000,52.5000,3.88046,ok
59,52,59.5000,52.5000,nan,beyond_data
60,52,60.5000,52.5000,nan,beyond_data
61,52,61.5000,52.5000,nan,beyond_data
62,52,62.5000,52.5000,nan,beyond_data
63,52,63.5000,52.5000,nan,beyond_data
64,52,64.5000,52.5000,nan,beyond_data
65,52,65.5000,52.5000,nan,beyond_data
66,52,66.5000,52.5000,nan,beyond_data
67,52,67.5000,52.5000,nan,beyond_data
68,52,68.5000,52.5000,nan,beyond_data
69,52,69.5000,52.5000,nan,beyond_data
70,52,70.5000,52.5000,nan,beyond_data
71,52,71.5000,52.5000,nan,beyond_data
72,52,72.5000,52.5000,nan,beyond_data
73,52,73.5000,52.5000,nan,beyond_data
74,52,74.5000,52.5000,nan,beyond_data
75,52,75.5000,52.5000,nan,beyond_data
76,52,76.5000,52.5000,nan,beyond_data
77,52,77.5000,52.5000,nan,beyond_data
78,52,78.5000,52.5000,nan,beyond_data
79,52,79.5000,52.5000,nan,beyond_data
20,53,20.5000,53.5000,nan,beyond_data
21,53,21.5000,53.5000,nan,beyond_data
22,53,22.5000,53.5000,nan,beyond_data
23,53,23.5000,53.5000,nan,beyond_data
24,53,24.5000,53.5000,nan,beyond_data
25,53,25.5000,53.5000,nan,beyond_data
26,53,26.5000,53.5000,nan,beyond_data
27,53,27.5000,53.5000,nan,beyond_data
28,53,28.5000,53.5000,nan,beyond_data
29,53,29.5000,53.5000,nan,beyond_data
30,53,30.5000,53.5000,nan,beyond_data
31,53,31.5000,53.5000,nan,beyond_data
32,53,32.5000,53.5000,nan,beyond_data
33,53,33.5000,53.5000,nan,beyond_data
34,53,34.5000,53.5000,nan,beyond_data
35,53,35.5000,53.5000,nan,beyond_data
36,53,36.5000,53.5000,nan,beyond_data
37,53,37.5000,53.5000,nan,beyond_data
38,53,38.5000,53.5000,nan,beyond_data
39,53,39.5000,53.5000,nan,beyond_data
40,53,40.5000,53.5000,nan,beyond_data
41,53,41.5000,53.5000,4.08146,extrapolated
42,53,42.5000,53.5000,3.31539,ok
43,53,43.5000,53.5000,2.85032,ok
44,53,44.5000,53.5000,2.57513,ok
45,53,45.5000,53.5000,2.41939,ok
46,53,46.5000,53.5000,2.32898,ok
47,53,47.5000,53.5000,2.28350,ok
48,53,48.5000,53.5000,2.26379,ok
49,53,49.5000,53.5000,2.25644,ok
50,53,50.5000,53.5000,2.25644,ok
51,53,51.5000,53.5000,2.26379,ok
52,53,52.5000,53.5000,2.28350,ok
53,53,53.5000,53.5000,2.32898,ok
54,53,54.5000,53.5000,2.41939,ok
55,53,55.5000,53.5000,2.57513,ok
56,53,56.5000,53.5000,2.85032,ok
57,53,57.5000,53.5000,3.31539,ok
58,53,58.5000,53.5000,4.08146,extrapolated
59,53,59.5000,53.5000,nan,beyond_data
60,53,60.5000,53.5000,nan,beyond_data
61,53,61.5000,53.5000,nan,beyond_data
62,53,62.5000,53.5000,nan,beyond_data
63,53,63.5000,53.5000,nan,beyond_data
64,53,64.5000,53.5000,nan,beyond_data
65,53,65.5000,53.5000,nan,beyond_data
66,53,66.5000,53.5000,nan,beyond_data
67,53,67.5000,53.5000,nan,beyond_data
68,53,68.5000,53.5000,nan,beyond_data
69,53,69.5000,53.5000,nan,beyond_data
70,53,70.5000,53.5000,nan,beyond_data
71,53,71.5000,53.5000,nan,beyond_data
72,53,72.5000,53.5000,nan,beyond_data
73,53,73.5000,53.5000,nan,beyond_data
74,53,74.5000,53.5000,nan,beyond_data
75,53,75.5000,53.5000,nan,beyond_data
76,53,76.5000,53.5000,nan,beyond_data
77,53,77.5000,53.5000,nan,beyond_data
78,53,78.5000,53.5000,nan,beyond_data
79,53,79.5000,53.5000,nan,beyond_data
20,54,20.5000,54.5000,nan,beyond_data
21,54,21.5000,54.5000,nan,beyond_data
22,54,22.5000,54.5000,nan,beyond_data
23,54,23.5000,54.5000,nan,beyond_data
24,54,24.5000,54.5000,nan,beyond_data
25,54,25.5000,54.5000,nan,beyond_data
26,54,26.5000,54.5000,nan,beyond_data
27,54,27.5000,54.5000,nan,beyond_data
28,54,28.5000,54.5000,nan,beyond_data
29,54,29.5000,54.5000,nan,beyond_data
30,54,30.5000,54.5000,nan,beyond_data
31,54,31.5000,54.5000,nan,beyond_data
32,54,32.5000,54.5000,nan,beyond_data
33,54,33.5000,54.5000,nan,beyond_data
34,54,34.5000,54.5000,nan,beyond_data
35,54,35.5000,54.5000,nan,beyond_data
36,54,36.5000,54.5000,nan,beyond_data
37,54,37.5000,54.5000,nan,beyond_data
38,54,38.5000,54.5000,nan,beyond_data
39,54,39.5000,54.5000,nan,beyond_data
40,54,40.5000,54.5000,nan,beyond_data
41,54,41.5000,54.5000,4.37868,extrapolated
42,54,42.5000,54.5000,3.51213,ok
43,54,43.5000,54.5000,2.97913,ok
44,54,44.5000,54.5000,2.65711,ok
45,54,45.5000,54.5000,2.46901,ok
46,54,46.5000,54.5000,2.36087,ok
47,54,47.5000,54.5000,2.29896,ok
48,54,48.5000,54.5000,2.27008,ok
49,54,49.5000,54.5000,2.25868,ok
50,54,50.5000,54.5000,2.25868,ok
51,54,51.5000,54.5000,2.27008,ok
52,54,52.5000,54.5000,2.29896,ok
53,54,53.5000,54.5000,2.36087,ok
54,54,54.5000,54.5000,2.46901,ok
55,54,55.5000,54.5000,2.65711,ok
56,54,56.5000,54.5000,2.97913,ok
57,54,57.5000,54.5000,3.51213,ok
58,54,58.5000,54.5000,4.37868,extrapolated
59,54,59.5000,54.5000,nan,beyond_data
60,54,60.5000,54.5000,nan,beyond_data
61,54,61.5000,54.5000,nan,beyond_data
62,54,62.5000,54.5000,nan,beyond_data
63,54,63.5000,54.5000,nan,beyond_data
64,54,64.5000,54.5000,nan,beyond_data
65,54,65.5000,54.5000,nan,beyond_data
66,54,66.5000,54.5000,nan,beyond_data
67,54,67.5000,54.5000,nan,beyond_data
68,54,68.5000,54.5000,nan,beyond_data
69,54,69.5000,54.5000,nan,beyond_data
70,54,70.5000,54.5000,nan,beyond_data
71,54,71.5000,54.5000,nan,beyond_data
72,54,72.5000,54.5000,nan,beyond_data
73,54,73.5000,54.5000,nan,beyond_data
74,54,74.5000,54.5000,nan,beyond_data
75,54,75.5000,54.5000,nan,beyond_data
76,54,76.5000,54.5000,nan,beyond_data
77,54,77.5000,54.5000,nan,beyond_data
78,54,78.5000,54.5000,nan,beyond_data
79,54,79.5000,54.5000,nan,beyond_data
20,55,20.5000,55.5000,4.87798,extrapolated
21,55,21.5000,55.5000,nan,beyond_data
22,55,22.5000,55.5000,nan,beyond_data
23,55,23.5000,55.5000,nan,beyond_data
24,55,24.5000,55.5000,nan,beyond_data
25,55,25.5000,55.5000,nan,beyond_data
26,55,26.5000,55.5000,nan,beyond_data
27,55,27.5000,55.5000,nan,beyond_data
28,55,28.5000,55.5000,nan,beyond_data
29,55,29.5000,55.5000,nan,beyond_data
30,55,30.5000,55.5000,nan,beyond_data
31,55,31.5000,55.5000,nan,beyond_data
32,55,32.5000,55.5000,nan,beyond_data
33,55,33.5000,55.5000,nan,beyond_data
34,55,34.5000,55.5000,nan,beyond_data
35,55,35.5000,55.5000,nan,beyond_data
36,55,36.5000,55.5000,nan,beyond_data
37,55,37.5000,55.5000,nan,beyond_data
38,55,38.5000,55.5000,nan,beyond_data
39,55,39.5000,55.5000,nan,beyond_data
40,55,40.5000,55.5000,nan,beyond_data
41,55,41.5000,55.5000,4.80376,extrapolated
42,55,42.5000,55.5000,3.79725,ok
43,55,43.5000,55.5000,3.16986,ok
44,55,44.5000,55.5000,2.78288,ok
45,55,45.5000,55.5000,2.54964,ok
46,55,46.5000,55.5000,2.41421,ok
47,55,47.5000,55.5000,2.33221,ok
48,55,48.5000,55.5000,2.28928,ok
49,55,49.5000,55.5000,2.27158,ok
50,55,50.5000,55.5000,2.27158,ok
51,55,51.5000,55.5000,2.28928,ok
52,55,52.5000,55.5000,2.33221,ok
53,55,53.5000,55.5000,2.41421,ok
54,55,54.5000,55.5000,2.54964,ok
55,55,55.5000,55.5000,2.78288,ok
56,55,56.5000,55.5000,3.16986,ok
57,55,57.5000,55.5000,3.79725,ok
58,55,58.5000,55.5000,4.80376,extrapolated
59,55,59.5000,55.5000,nan,beyond_data
60,55,60.5000,55.5000,nan,beyond_data
61,55,61.5000,55.5000,nan,beyond_data
62,55,62.5000,55.5000,nan,beyond_data
63,55,63.5000,55.5000,nan,beyond_data
64,55,64.5000,55.5000,nan,beyond_data
65,55,65.5000,55.5000,nan,beyond_data
66,55,66.5000,55.5000,nan,beyond_data
67,55,67.5000,55.5000,nan,beyond_data
68,55,68.5000,55.5000,nan,beyond_data
69,55,69.5000,55.5000,nan,beyond_data
70,55,70.5000,55.5000,nan,beyond_data
71,55,71.5000,55.5000,nan,beyond_data
72,55,72.5000,55.5000,nan,beyond_data
73,55,73.5000,55.5000,nan,beyond_data
74,55,74.5000,55.5000,nan,beyond_data
75,55,75.5000,55.5000,nan,beyond_data
76,55,76.5000,55.5000,nan,beyond_data
77,55,77.5000,55.5000,nan,beyond_data
78,55,78.5000,55.5000,nan,beyond_data
79,55,79.5000,55.5000,4.87798,extrapolated
20,56,20.5000,56.5000,4.85344,extrapolated
21,56,21.5000,56.5000,nan,beyond_data
22,56,22.5000,56.5000,nan,beyond_data
23,56,23.5000,56.5000,nan,beyond_data
24,56,24.5000,56.5000,nan,beyond_data
25,56,25.5000,56.5000,nan,beyond_data
26,56,26.5000,56.5000,nan,beyond_data
27,56,27.5000,56.5000,nan,beyond_data
28,56,28.5000,56.5000,nan,beyond_data
29,56,29.5000,56.5000,nan,beyond_data
30,56,30.5000,56.5000,nan,beyond_data
31,56,31.5000,56.5000,nan,beyond_data
32,56,32.5000,56.5000,nan,beyond_data
33,56,33.5000,56.5000,nan,beyond_data
34,56,34.5000,56.5000,nan,beyond_data
35,56,35.5000,56.5000,nan,beyond_data
36,56,36.5000,56.5000,nan,beyond_data
37,56,37.5000,56.5000,nan,beyond_data
38,56,38.5000,56.5000,nan,beyond_data
39,56,39.5000,56.5000,nan,beyond_data
40,56,40.5000,56.5000,nan,beyond_data
41,56,41.5000,56.5000,nan,beyond_data
42,56,42.5000,56.5000,4.20616,extrapolated
43,56,43.5000,56.5000,3.44942,ok
44,56,44.5000,56.5000,2.97369,ok
45,56,45.5000,56.5000,2.67872,ok
46,56,46.5000,56.5000,2.50056,ok
47,56,47.5000,56.5000,2.39740,ok
48,56,48.5000,56.5000,2.33499,ok
49,56,49.5000,56.5000,2.30771,ok
50,56,50.5000,56.5000,2.30771,ok
51,56,51.5000,56.5000,2.33499,ok
52,56,52.5000,56.5000,2.39740,ok
53,56,53.5000,56.5000,2.50056,ok
54,56,54.5000,56.5000,2.67872,ok
55,56,55.5000,56.5000,2.97369,ok
56,56,56.5000,56.5000,3.44942,ok
57,56,57.5000,56.5000,4.20616,extrapolated
58,56,58.5000,56.5000,nan,beyond_data
59,56,59.5000,56.5000,nan,beyond_data
60,56,60.5000,56.5000,nan,beyond_data
61,56,61.5000,56.5000,nan,beyond_data
62,56,62.5000,56.5000,nan,beyond_data
63,56,63.5000,56.5000,nan,beyond_data
64,56,64.5000,56.5000,nan,beyond_data
65,56,65.5000,56.5000,nan,beyond_data
66,56,66.5000,56.5000,nan,beyond_data
67,56,67.5000,56.5000,nan,beyond_data
68,56,68.5000,56.5000,nan,beyond_data
69,56,69.5000,56.5000,nan,beyond_data
70,56,70.5000,56.5000,nan,beyond_data
71,56,71.5000,56.5000,nan,beyond_data
72,56,72.5000,56.5000,nan,beyond_data
73,56,73.5000,56.5000,nan,beyond_data
74,56,74.5000,56.5000,nan,beyond_data
75,56,75.5000,56.5000,nan,beyond_data
76,56,76.5000,56.5000,nan,beyond_data
77,56,77.5000,56.5000,nan,beyond_data
78,56,78.5000,56.5000,nan,beyond_data
79,56,79.5000,56.5000,4.85344,extrapolated
20,57,20.5000,57.5000,4.82495,extrapolated
21,57,21.5000,57.5000,nan,beyond_data
22,57,22.5000,57.5000,nan,beyond_data
23,57,23.5000,57.5000,nan,beyond_data
24,57,24.5000,57.5000,nan,beyond_data
25,57,25.5000,57.5000,nan,beyond_data
26,57,26.5000,57.5000,nan,beyond_data
27,57,27.5000,57.5000,nan,beyond_data
28,57,28.5000,57.5000,nan,beyond_data
29,57,29.5000,57.5000,nan,beyond_data
30,57,30.5000,57.5000,nan,beyond_data
31,57,31.5000,57.5000,nan,beyond_data
32,57,32.5000,57.5000,nan,beyond_data
33,57,33.5000,57.5000,nan,beyond_data
34,57,34.5000,57.5000,nan,beyond_data
35,57,35.5000,57.5000,nan,beyond_data
36,57,36.5000,57.5000,nan,beyond_data
37,57,37.5000,57.5000,nan,beyond_data
38,57,38.5000,57.5000,nan,beyond_data
39,57,39.5000,57.5000,nan,beyond_data
40,57,40.5000,57.5000,nan,beyond_data
41,57,41.5000,57.5000,nan,beyond_data
42,57,42.5000,57.5000,4.79250,extrapolated
43,57,43.5000,57.5000,3.85855,ok
44,57,44.5000,57.5000,3.26174,ok
45,57,45.5000,57.5000,2.88288,ok
46,57,46.5000,57.5000,2.64660,ok
47,57,47.5000,57.5000,2.50427,ok
48,57,48.5000,57.5000,2.42474,ok
49,57,49.5000,57.5000,2.38927,ok
50,57,50.5000,57.5000,2.38927,ok
51,57,51.5000,57.5000,2.42474,ok
52,57,52.5000,57.5000,2.50427,ok
53,57,53.5000,57.5000,2.64660,ok
54,57,54.5000,57.5000,2.88288,ok
55,57,55.5000,57.5000,3.26174,ok
56,57,56.5000,57.5000,3.85855,ok
57,57,57.5000,57.5000,4.79250,extrapolated
58,57,58.5000,57.5000,nan,beyond_data
59,57,59.5000,57.5000,nan,beyond_data
60,57,60.5000,57.5000,nan,beyond_data
61,57,61.5000,57.5000,nan,beyond_data
62,57,62.5000,57.5000,nan,beyond_data
63,57,63.5000,57.5000,nan,beyond_data
64,57,64.5000,57.5000,nan,beyond_data
65,57,65.5000,57.5000,nan,beyond_data
66,57,66.5000,57.5000,nan,beyond_data
67,57,67.5000,57.5000,nan,beyond_data
68,57,68.5000,57.5000,nan,beyond_data
69,57,69.5000,57.5000,nan,beyond_data
70,57,70.5000,57.5000,nan,beyond_data
71,57,71.5000,57.5000,nan,beyond_data
72,57,72.5000,57.5000,nan,beyond_data
73,57,73.5000,57.5000,nan,beyond_data
74,57,74.5000,57.5000,nan,beyond_data
75,57,75.5000,57.5000,nan,beyond_data
76,57,76.5000,57.5000,nan,beyond_data
77,57,77.5000,57.5000,nan,beyond_data
78,57,78.5000,57.5000,nan,beyond_data
79,57,79.5000,57.5000,4.82495,extrapolated
20,58,20.5000,58.5000,1.58615,ok
21,58,21.5000,58.5000,nan,beyond_data
22,58,22.5000,58.5000,nan,beyond_data
23,58,23.5000,58.5000,nan,beyond_data
24,58,24.5000,58.5000,nan,beyond_data
25,58,25.5000,58.5000,nan,beyond_data
26,58,26.5000,58.5000,nan,beyond_data
27,58,27.5000,58.5000,nan,beyond_data
28,58,28.5000,58.5000,nan,beyond_data
29,58,29.5000,58.5000,nan,beyond_data
30,58,30.5000,58.5000,nan,beyond_data
31,58,31.5000,58.5000,nan,beyond_data
32,58,32.5000,58.5000,nan,beyond_data
33,58,33.5000,58.5000,nan,beyond_data
34,58,34.5000,58.5000,nan,beyond_data
35,58,35.5000,58.5000,nan,beyond_data
36,58,36.5000,58.5000,nan,beyond_data
37,58,37.5000,58.5000,nan,beyond_data
38,58,38.5000,58.5000,nan,beyond_data
39,58,39.5000,58.5000,nan,beyond_data
40,58,40.5000,58.5000,nan,beyond_data
41,58,41.5000,58.5000,nan,beyond_data
42,58,42.5000,58.5000,nan,beyond_data
43,58,43.5000,58.5000,4.45871,extrapolated
44,58,44.5000,58.5000,3.69576,ok
45,58,45.5000,58.5000,3.20250,ok
46,58,46.5000,58.5000,2.88733,ok
47,58,47.5000,58.5000,2.69192,ok
48,58,48.5000,58.5000,2.57952,ok
49,58,49.5000,58.5000,2.52834,ok
50,58,50.5000,58.5000,2.52834,ok
51,58,51.5000,58.5000,2.57952,ok
52,58,52.5000,58.5000,2.69192,ok
53,58,53.5000,58.5000,2.88733,ok
54,58,54.5000,58.5000,3.20250,ok
55,58,55.5000,58.5000,3.69576,ok
56,58,56.5000,58.5000,4.45871,extrapolated
57,58,57.5000,58.5000,nan,beyond_data
58,58,58.5000,58.5000,nan,beyond_data
59,58,59.5000,58.5000,nan,beyond_data
60,58,60.5000,58.5000,nan,beyond_data
61,58,61.5000,58.5000,nan,beyond_data
62,58,62.5000,58.5000,nan,beyond_data
63,58,63.5000,58.5000,nan,beyond_data
64,58,64.5000,58.5000,nan,beyond_data
65,58,65.5000,58.5000,nan,beyond_data
66,58,66.5000,58.5000,nan,beyond_data
67,58,67.5000,58.5000,nan,beyond_data
68,58,68.5000,58.5000,nan,beyond_data
69,58,69.5000,58.5000,nan,beyond_data
70,58,70.5000,58.5000,nan,beyond_data
71,58,71.5000,58.5000,nan,beyond_data
72,58,72.5000,58.5000,nan,beyond_data
73,58,73.5000,58.5000,nan,beyond_data
74,58,74.5000,58.5000,nan,beyond_data
75,58,75.5000,58.5000,nan,beyond_data
76,58,76.5000,58.5000,nan,beyond_data
77,58,77.5000,58.5000,nan,beyond_data
78,58,78.5000,58.5000,nan,beyond_data
79,58,79.5000,58.5000,1.58615,ok
21,59,21.5000,59.5000,nan,beyond_data
22,59,22.5000,59.5000,nan,beyond_data
23,59,23.5000,59.5000,nan,beyond_data
24,59,24.5000,59.5000,nan,beyond_data
25,59,25.5000,59.5000,nan,beyond_data
26,59,26.5000,59.5000,nan,beyond_data
27,59,27.5000,59.5000,nan,beyond_data
28,59,28.5000,59.5000,nan,beyond_data
29,59,29.5000,59.5000,nan,beyond_data
30,59,30.5000,59.5000,nan,beyond_data
31,59,31.5000,59.5000,nan,beyond_data
32,59,32.5000,59.5000,nan,beyond_data
33,59,33.5000,59.5000,nan,beyond_data
34,59,34.5000,59.5000,nan,beyond_data
35,59,35.5000,59.5000,nan,beyond_data
36,59,36.5000,59.5000,nan,beyond_data
37,59,37.5000,59.5000,nan,beyond_data
38,59,38.5000,59.5000,nan,beyond_data
39,59,39.5000,59.5000,nan,beyond_data
40,59,40.5000,59.5000,nan,beyond_data
41,59,41.5000,59.5000,nan,beyond_data
42,59,42.5000,59.5000,nan,beyond_data
43,59,43.5000,59.5000,nan,beyond_data
44,59,44.5000,59.5000,4.35081,extrapolated
45,59,45.5000,59.5000,3.69952,ok
46,59,46.5000,59.5000,3.27615,ok
47,59,47.5000,59.5000,3.00839,ok
48,59,48.5000,59.5000,2.85134,ok
49,59,49.5000,59.5000,2.77884,ok
50,59,50.5000,59.5000,2.77884,ok
51,59,51.5000,59.5000,2.85134,ok
52,59,52.5000,59.5000,3.00839,ok
53,59,53.5000,59.5000,3.27615,ok
54,59,54.5000,59.5000,3.69952,ok
55,59,55.5000,59.5000,4.35081,extrapolated
56,59,56.5000,59.5000,nan,beyond_data
57,59,57.5000,59.5000,nan,beyond_data
58,59,58.5000,59.5000,nan,beyond_data
59,59,59.5000,59.5000,nan,beyond_data
60,59,60.5000,59.5000,nan,beyond_data
61,59,61.5000,59.5000,nan,beyond_data
62,59,62.5000,59.5000,nan,beyond_data
63,59,63.5000,59.5000,nan,beyond_data
64,59,64.5000,59.5000,nan,beyond_data
65,59,65.5000,59.5000,nan,beyond_data
66,59,66.5000,59.5000,nan,beyond_data
67,59,67.5000,59.5000,nan,beyond_data
68,59,68.5000,59.5000,nan,beyond_data
69,59,69.5000,59.5000,nan,beyond_data
70,59,70.5000,59.5000,nan,beyond_data
71,59,71.5000,59.5000,nan,beyond_data
72,59,72.5000,59.5000,nan,beyond_data
73,59,73.5000,59.5000,nan,beyond_data
74,59,74.5000,59.5000,nan,beyond_data
75,59,75.5000,59.5000,nan,beyond_data
76,59,76.5000,59.5000,nan,beyond_data
77,59,77.5000,59.5000,nan,beyond_data
78,59,78.5000,59.5000,nan,beyond_data
21,60,21.5000,60.5000,nan,beyond_data
22,60,22.5000,60.5000,nan,beyond_data
23,60,23.5000,60.5000,nan,beyond_data
24,60,24.5000,60.5000,nan,beyond_data
25,60,25.5000,60.5000,nan,beyond_data
26,60,26.5000,60.5000,nan,beyond_data
27,60,27.5000,60.5000,nan,beyond_data
28,60,28.5000,60.5000,nan,beyond_data
29,60,29.5000,60.5000,nan,beyond_data
30,60,30.5000,60.5000,nan,beyond_data
31,60,31.5000,60.5000,nan,beyond_data
32,60,32.5000,60.5000,nan,beyond_data
33,60,33.5000,60.5000,nan,beyond_data
34,60,34.5000,60.5000,nan,beyond_data
35,60,35.5000,60.5000,nan,beyond_data
36,60,36.5000,60.5000,nan,beyond_data
37,60,37.5000,60.5000,nan,beyond_data
38,60,38.5000,60.5000,nan,beyond_data
39,60,39.5000,60.5000,nan,beyond_data
40,60,40.5000,60.5000,nan,beyond_data
41,60,41.5000,60.5000,nan,beyond_data
42,60,42.5000,60.5000,nan,beyond_data
43,60,43.5000,60.5000,nan,beyond_data
44,60,44.5000,60.5000,nan,beyond_data
45,60,45.5000,60.5000,4.47077,extrapolated
46,60,46.5000,60.5000,3.89600,ok
47,60,47.5000,60.5000,3.52761,ok
48,60,48.5000,60.5000,3.30882,ok
49,60,49.5000,60.5000,3.20690,ok
50,60,50.5000,60.5000,3.20690,ok
51,60,51.5000,60.5000,3.30882,ok
52,60,52.5000,60.5000,3.52761,ok
53,60,53.5000,60.5000,3.89600,ok
54,60,54.5000,60.5000,4.47077,extrapolated
55,60,55.5000,60.5000,nan,beyond_data
56,60,56.5000,60.5000,nan,beyond_data
57,60,57.5000,60.5000,nan,beyond_data
58,60,58.5000,60.5000,nan,beyond_data
59,60,59.5000,60.5000,nan,beyond_data
60,60,60.5000,60.5000,nan,beyond_data
61,60,61.5000,60.5000,nan,beyond_data
62,60,62.5000,60.5000,nan,beyond_data
63,60,63.5000,60.5000,nan,beyond_data
64,60,64.5000,60.5000,nan,beyond_data
65,60,65.5000,60.5000,nan,beyond_data
66,60,66.5000,60.5000,nan,beyond_data
67,60,67.5000,60.5000,nan,beyond_data
68,60,68.5000,60.5000,nan,beyond_data
69,60,69.5000,60.5000,nan,beyond_data
70,60,70.5000,60.5000,nan,beyond_data
71,60,71.5000,60.5000,nan,beyond_data
72,60,72.5000,60.5000,nan,beyond_data
73,60,73.5000,60.5000,nan,beyond_data
74,60,74.5000,60.5000,nan,beyond_data
75,60,75.5000,60.5000,nan,beyond_data
76,60,76.5000,60.5000,nan,beyond_data
77,60,77.5000,60.5000,nan,beyond_data
78,60,78.5000,60.5000,nan,beyond_data
21,61,21.5000,61.5000,4.78396,extrapolated
22,61,22.5000,61.5000,nan,beyond_data
23,61,23.5000,61.5000,nan,beyond_data
24,61,24.5000,61.5000,nan,beyond_data
25,61,25.5000,61.5000,nan,beyond_data
26,61,26.5000,61.5000,nan,beyond_data
27,61,27.5000,61.5000,nan,beyond_data
28,61,28.5000,61.5000,nan,beyond_data
29,61,29.5000,61.5000,nan,beyond_data
30,61,30.5000,61.5000,nan,beyond_data
31,61,31.5000,61.5000,nan,beyond_data
32,61,32.5000,61.5000,nan,beyond_data
33,61,33.5000,61.5000,nan,beyond_data
34,61,34.5000,61.5000,nan,beyond_data
35,61,35.5000,61.5000,nan,beyond_data
36,61,36.5000,61.5000,nan,beyond_data
37,61,37.5000,61.5000,nan,beyond_data
38,61,38.5000,61.5000,nan,beyond_data
39,61,39.5000,61.5000,nan,beyond_data
40,61,40.5000,61.5000,nan,beyond_data
41,61,41.5000,61.5000,nan,beyond_data
42,61,42.5000,61.5000,nan,beyond_data
43,61,43.5000,61.5000,nan,beyond_data
44,61,44.5000,61.5000,nan,beyond_data
45,61,45.5000,61.5000,nan,beyond_data
46,61,46.5000,61.5000,4.87869,extrapolated
47,61,47.5000,61.5000,4.36669,extrapolated
48,61,48.5000,61.5000,4.06003,extrapolated
49,61,49.5000,61.5000,3.91636,ok
50,61,50.5000,61.5000,3.91636,ok
51,61,51.5000,61.5000,4.06003,extrapolated
52,61,52.5000,61.5000,4.36669,extrapolated
53,61,53.5000,61.5000,4.87869,extrapolated
54,61,54.5000,61.5000,nan,beyond_data
55,61,55.5000,61.5000,nan,beyond_data
56,61,56.5000,61.5000,nan,beyond_data
57,61,57.5000,61.5000,nan,beyond_data
58,61,58.5000,61.5000,nan,beyond_data
59,61,59.5000,61.5000,nan,beyond_data
60,61,60.5000,61.5000,nan,beyond_data
61,61,61.5000,61.5000,nan,beyond_data
62,61,62.5000,61.5000,nan,beyond_data
63,61,63.5000,61.5000,nan,beyond_data
64,61,64.5000,61.5000,nan,beyond_data
65,61,65.5000,61.5000,nan,beyond_data
66,61,66.5000,61.5000,nan,beyond_data
67,61,67.5000,61.5000,nan,beyond_data
68,61,68.5000,61.5000,nan,beyond_data
69,61,69.5000,61.5000,nan,beyond_data
70,61,70.5000,61.5000,nan,beyond_data
71,61,71.5000,61.5000,nan,beyond_data
72,61,72.5000,61.5000,nan,beyond_data
73,61,73.5000,61.5000,nan,beyond_data
74,61,74.5000,61.5000,nan,beyond_data
75,61,75.5000,61.5000,nan,beyond_data
76,61,76.5000,61.5000,nan,beyond_data
77,61,77.5000,61.5000,nan,beyond_data
78,61,78.5000,61.5000,4.78396,extrapolated
21,62,21.5000,62.5000,1.57491,ok
22,62,22.5000,62.5000,nan,beyond_data
23,62,23.5000,62.5000,nan,beyond_data
24,62,24.5000,62.5000,nan,beyond_data
25,62,25.5000,62.5000,nan,beyond_data
26,62,26.5000,62.5000,nan,beyond_data
27,62,27.5000,62.5000,nan,beyond_data
28,62,28.5000,62.5000,nan,beyond_data
29,62,29.5000,62.5000,nan,beyond_data
30,62,30.5000,62.5000,nan,beyond_data
31,62,31.5000,62.5000,nan,beyond_data
32,62,32.5000,62.5000,nan,beyond_data
33,62,33.5000,62.5000,nan,beyond_data
34,62,34.5000,62.5000,nan,beyond_data
35,62,35.5000,62.5000,nan,beyond_data
36,62,36.5000,62.5000,nan,beyond_data
37,62,37.5000,62.5000,nan,beyond_data
38,62,38.5000,62.5000,nan,beyond_data
39,62,39.5000,62.5000,nan,beyond_data
40,62,40.5000,62.5000,nan,beyond_data
41,62,41.5000,62.5000,nan,beyond_data
42,62,42.5000,62.5000,nan,beyond_data
43,62,43.5000,62.5000,nan,beyond_data
44,62,44.5000,62.5000,nan,beyond_data
45,62,45.5000,62.5000,nan,beyond_data
46,62,46.5000,62.5000,nan,beyond_data
47,62,47.5000,62.5000,nan,beyond_data
48,62,48.5000,62.5000,nan,beyond_data
49,62,49.5000,62.5000,nan,beyond_data
50,62,50.5000,62.5000,nan,beyond_data
51,62,51.5000,62.5000,nan,beyond_data
52,62,52.5000,62.5000,nan,beyond_data
53,62,53.5000,62.5000,nan,beyond_data
54,62,54.5000,62.5000,nan,beyond_data
55,62,55.5000,62.5000,nan,beyond_data
56,62,56.5000,62.5000,nan,beyond_data
57,62,57.5000,62.5000,nan,beyond_data
58,62,58.5000,62.5000,nan,beyond_data
59,62,59.5000,62.5000,nan,beyond_data
60,62,60.5000,62.5000,nan,beyond_data
61,62,61.5000,62.5000,nan,beyond_data
62,62,62.5000,62.5000,nan,beyond_data
63,62,63.5000,62.5000,nan,beyond_data
64,62,64.5000,62.5000,nan,beyond_data
65,62,65.5000,62.5000,nan,beyond_data
66,62,66.5000,62.5000,nan,beyond_data
67,62,67.5000,62.5000,nan,beyond_data
68,62,68.5000,62.5000,nan,beyond_data
69,62,69.5000,62.5000,nan,beyond_data
70,62,70.5000,62.5000,nan,beyond_data
71,62,71.5000,62.5000,nan,beyond_data
72,62,72.5000,62.5000,nan,beyond_data
73,62,73.5000,62.5000,nan,beyond_data
74,62,74.5000,62.5000,nan,beyond_data
75,62,75.5000,62.5000,nan,beyond_data
76,62,76.5000,62.5000,nan,beyond_data
77,62,77.5000,62.5000,nan,beyond_data
78,62,78.5000,62.5000,1.57491,ok
22,63,22.5000,63.5000,nan,beyond_data
23,63,23.5000,63.5000,nan,beyond_data
24,63,24.5000,63.5000,nan,beyond_data
25,63,25.5000,63.5000,nan,beyond_data
26,63,26.5000,63.5000,nan,beyond_data
27,63,27.5000,63.5000,nan,beyond_data
28,63,28.5000,63.5000,nan,beyond_data
29,63,29.5000,63.5000,nan,beyond_data
30,63,30.5000,63.5000,nan,beyond_data
31,63,31.5000,63.5000,nan,beyond_data
32,63,32.5000,63.5000,nan,beyond_data
33,63,33.5000,63.5000,nan,beyond_data
34,63,34.5000,63.5000,nan,beyond_data
35,63,35.5000,63.5000,nan,beyond_data
36,63,36.5000,63.5000,nan,beyond_data
37,63,37.5000,63.5000,nan,beyond_data
38,63,38.5000,63.5000,nan,beyond_data
39,63,39.5000,63.5000,nan,beyond_data
40,63,40.5000,63.5000,nan,beyond_data
41,63,41.5000,63.5000,nan,beyond_data
42,63,42.5000,63.5000,nan,beyond_data
43,63,43.5000,63.5000,nan,beyond_data
44,63,44.5000,63.5000,nan,beyond_data
45,63,45.5000,63.5000,nan,beyond_data
46,63,46.5000,63.5000,nan,beyond_data
47,63,47.5000,63.5000,nan,beyond_data
48,63,48.5000,63.5000,nan,beyond_data
49,63,49.5000,63.5000,nan,beyond_data
50,63,50.5000,63.5000,nan,beyond_data
51,63,51.5000,63.5000,nan,beyond_data
52,63,52.5000,63.5000,nan,beyond_data
53,63,53.5000,63.5000,nan,beyond_data
54,63,54.5000,63.5000,nan,beyond_data
55,63,55.5000,63.5000,nan,beyond_data
56,63,56.5000,63.5000,nan,beyond_data
57,63,57.5000,63.5000,nan,beyond_data
58,63,58.5000,63.5000,nan,beyond_data
59,63,59.5000,63.5000,nan,beyond_data
60,63,60.5000,63.5000,nan,beyond_data
61,63,61.5000,63.5000,nan,beyond_data
62,63,62.5000,63.5000,nan,beyond_data
63,63,63.5000,63.5000,nan,beyond_data
64,63,64.5000,63.5000,nan,beyond_data
65,63,65.5000,63.5000,nan,beyond_data
66,63,66.5000,63.5000,nan,beyond_data
67,63,67.5000,63.5000,nan,beyond_data
68,63,68.5000,63.5000,nan,beyond_data
69,63,69.5000,63.5000,nan,beyond_data
70,63,70.5000,63.5000,nan,beyond_data
71,63,71.5000,63.5000,nan,beyond_data
72,63,72.5000,63.5000,nan,beyond_data
73,63,73.5000,63.5000,nan,beyond_data
74,63,74.5000,63.5000,nan,beyond_data
75,63,75.5000,63.5000,nan,beyond_data
76,63,76.5000,63.5000,nan,beyond_data
77,63,77.5000,63.5000,nan,beyond_data
22,64,22.5000,64.5000,4.73766,extrapolated
23,64,23.5000,64.5000,nan,beyond_data
24,64,24.5000,64.5000,nan,beyond_data
25,64,25.5000,64.5000,nan,beyond_data
26,64,26.5000,64.5000,nan,beyond_data
27,64,27.5000,64.5000,nan,beyond_data
28,64,28.5000,64.5000,nan,beyond_data
29,64,29.5000,64.5000,nan,beyond_data
30,64,30.5000,64.5000,nan,beyond_data
31,64,31.5000,64.5000,nan,beyond_data
32,64,32.5000,64.5000,nan,beyond_data
33,64,33.5000,64.5000,nan,beyond_data
34,64,34.5000,64.5000,nan,beyond_data
35,64,35.5000,64.5000,nan,beyond_data
36,64,36.5000,64.5000,nan,beyond_data
37,64,37.5000,64.5000,nan,beyond_data
38,64,38.5000,64.5000,nan,beyond_data
39,64,39.5000,64.5000,nan,beyond_data
40,64,40.5000,64.5000,nan,beyond_data
41,64,41.5000,64.5000,nan,beyond_data
42,64,42.5000,64.5000,nan,beyond_data
43,64,43.5000,64.5000,nan,beyond_data
44,64,44.5000,64.5000,nan,beyond_data
45,64,45.5000,64.5000,nan,beyond_data
46,64,46.5000,64.5000,nan,beyond_data
47,64,47.5000,64.5000,nan,beyond_data
48,64,48.5000,64.5000,nan,beyond_data
49,64,49.5000,64.5000,nan,beyond_data
50,64,50.5000,64.5000,nan,beyond_data
51,64,51.5000,64.5000,nan,beyond_data
52,64,52.5000,64.5000,nan,beyond_data
53,64,53.5000,64.5000,nan,beyond_data
54,64,54.5000,64.5000,nan,beyond_data
55,64,55.5000,64.5000,nan,beyond_data
56,64,56.5000,64.5000,nan,beyond_data
57,64,57.5000,64.5000,nan,beyond_data
58,64,58.5000,64.5000,nan,beyond_data
59,64,59.5000,64.5000,nan,beyond_data
60,64,60.5000,64.5000,nan,beyond_data
61,64,61.5000,64.5000,nan,beyond_data
62,64,62.5000,64.5000,nan,beyond_data
63,64,63.5000,64.5000,nan,beyond_data
64,64,64.5000,64.5000,nan,beyond_data
65,64,65.5000,64.5000,nan,beyond_data
66,64,66.5000,64.5000,nan,beyond_data
67,64,67.5000,64.5000,nan,beyond_data
68,64,68.5000,64.5000,nan,beyond_data
69,64,69.5000,64.5000,nan,beyond_data
70,64,70.5000,64.5000,nan,beyond_data
71,64,71.5000,64.5000,nan,beyond_data
72,64,72.5000,64.5000,nan,beyond_data
73,64,73.5000,64.5000,nan,beyond_data
74,64,74.5000,64.5000,nan,beyond_data
75,64,75.5000,64.5000,nan,beyond_data
76,64,76.5000,64.5000,nan,beyond_data
77,64,77.5000,64.5000,4.73766,extrapolated
22,65,22.5000,65.5000,1.56335,ok
23,65,23.5000,65.5000,nan,beyond_data
24,65,24.5000,65.5000,nan,beyond_data
25,65,25.5000,65.5000,nan,beyond_data
26,65,26.5000,65.5000,nan,beyond_data
27,65,27.5000,65.5000,nan,beyond_data
28,65,28.5000,65.5000,nan,beyond_data
29,65,29.5000,65.5000,nan,beyond_data
30,65,30.5000,65.5000,nan,beyond_data
31,65,31.5000,65.5000,nan,beyond_data
32,65,32.5000,65.5000,nan,beyond_data
33,65,33.5000,65.5000,nan,beyond_data
34,65,34.5000,65.5000,nan,beyond_data
35,65,35.5000,65.5000,nan,beyond_data
36,65,36.5000,65.5000,nan,beyond_data
37,65,37.5000,65.5000,nan,beyond_data
38,65,38.5000,65.5000,nan,beyond_data
39,65,39.5000,65.5000,nan,beyond_data
40,65,40.5000,65.5000,nan,beyond_data
41,65,41.5000,65.5000,nan,beyond_data
42,65,42.5000,65.5000,nan,beyond_data
43,65,43.5000,65.5000,nan,beyond_data
44,65,44.5000,65.5000,nan,beyond_data
45,65,45.5000,65.5000,nan,beyond_data
46,65,46.5000,65.5000,nan,beyond_data
47,65,47.5000,65.5000,nan,beyond_data
48,65,48.5000,65.5000,nan,beyond_data
49,65,49.5000,65.5000,nan,beyond_data
50,65,50.5000,65.5000,nan,beyond_data
51,65,51.5000,65.5000,nan,beyond_data
52,65,52.5000,65.5000,nan,beyond_data
53,65,53.5000,65.5000,nan,beyond_data
54,65,54.5000,65.5000,nan,beyond_data
55,65,55.5000,65.5000,nan,beyond_data
56,65,56.5000,65.5000,nan,beyond_data
57,65,57.5000,65.5000,nan,beyond_data
58,65,58.5000,65.5000,nan,beyond_data
59,65,59.5000,65.5000,nan,beyond_data
60,65,60.5000,65.5000,nan,beyond_data
61,65,61.5000,65.5000,nan,beyond_data
62,65,62.5000,65.5000,nan,beyond_data
63,65,63.5000,65.5000,nan,beyond_data
64,65,64.5000,65.5000,nan,beyond_data
65,65,65.5000,65.5000,nan,beyond_data
66,65,66.5000,65.5000,nan,beyond_data
67,65,67.5000,65.5000,nan,beyond_data
68,65,68.5000,65.5000,nan,beyond_data
69,65,69.5000,65.5000,nan,beyond_data
70,65,70.5000,65.5000,nan,beyond_data
71,65,71.5000,65.5000,nan,beyond_data
72,65,72.5000,65.5000,nan,beyond_data
73,65,73.5000,65.5000,nan,beyond_data
74,65,74.5000,65.5000,nan,beyond_data
75,65,75.5000,65.5000,nan,beyond_data
76,65,76.5000,65.5000,nan,beyond_data
77,65,77.5000,65.5000,1.56335,ok
23,66,23.5000,66.5000,nan,beyond_data
24,66,24.5000,66.5000,nan,beyond_data
25,66,25.5000,66.5000,nan,beyond_data
26,66,26.5000,66.5000,nan,beyond_data
27,66,27.5000,66.5000,nan,beyond_data
28,66,28.5000,66.5000,nan,beyond_data
29,66,29.5000,66.5000,nan,beyond_data
30,66,30.5000,66.5000,nan,beyond_data
31,66,31.5000,66.5000,nan,beyond_data
32,66,32.5000,66.5000,nan,beyond_data
33,66,33.5000,66.5000,nan,beyond_data
34,66,34.5000,66.5000,nan,beyond_data
35,66,35.5000,66.5000,nan,beyond_data
36,66,36.5000,66.5000,nan,beyond_data
37,66,37.5000,66.5000,nan,beyond_data
38,66,38.5000,66.5000,nan,beyond_data
39,66,39.5000,66.5000,nan,beyond_data
40,66,40.5000,66.5000,nan,beyond_data
41,66,41.5000,66.5000,nan,beyond_data
42,66,42.5000,66.5000,nan,beyond_data
43,66,43.5000,66.5000,nan,beyond_data
44,66,44.5000,66.5000,nan,beyond_data
45,66,45.5000,66.5000,nan,beyond_data
46,66,46.5000,66.5000,nan,beyond_data
47,66,47.5000,66.5000,nan,beyond_data
48,66,48.5000,66.5000,nan,beyond_data
49,66,49.5000,66.5000,nan,beyond_data
50,66,50.5000,66.5000,nan,beyond_data
51,66,51.5000,66.5000,nan,beyond_data
52,66,52.5000,66.5000,nan,beyond_data
53,66,53.5000,66.5000,nan,beyond_data
54,66,54.5000,66.5000,nan,beyond_data
55,66,55.5000,66.5000,nan,beyond_data
56,66,56.5000,66.5000,nan,beyond_data
57,66,57.5000,66.5000,nan,beyond_data
58,66,58.5000,66.5000,nan,beyond_data
59,66,59.5000,66.5000,nan,beyond_data
60,66,60.5000,66.5000,nan,beyond_data
61,66,61.5000,66.5000,nan,beyond_data
62,66,62.5000,66.5000,nan,beyond_data
63,66,63.5000,66.5000,nan,beyond_data
64,66,64.5000,66.5000,nan,beyond_data
65,66,65.5000,66.5000,nan,beyond_data
66,66,66.5000,66.5000,nan,beyond_data
67,66,67.5000,66.5000,nan,beyond_data
68,66,68.5000,66.5000,nan,beyond_data
69,66,69.5000,66.5000,nan,beyond_data
70,66,70.5000,66.5000,nan,beyond_data
71,66,71.5000,66.5000,nan,beyond_data
72,66,72.5000,66.5000,nan,beyond_data
73,66,73.5000,66.5000,nan,beyond_data
74,66,74.5000,66.5000,nan,beyond_data
75,66,75.5000,66.5000,nan,beyond_data
76,66,76.5000,66.5000,nan,beyond_data
23,67,23.5000,67.5000,4.65359,extrapolated
24,67,24.5000,67.5000,nan,beyond_data
25,67,25.5000,67.5000,nan,beyond_data
26,67,26.5000,67.5000,nan,beyond_data
27,67,27.5000,67.5000,nan,beyond_data
28,67,28.5000,67.5000,nan,beyond_data
29,67,29.5000,67.5000,nan,beyond_data
30,67,30.5000,67.5000,nan,beyond_data
31,67,31.5000,67.5000,nan,beyond_data
32,67,32.5000,67.5000,nan,beyond_data
33,67,33.5000,67.5000,nan,beyond_data
34,67,34.5000,67.5000,nan,beyond_data
35,67,35.5000,67.5000,nan,beyond_data
36,67,36.5000,67.5000,nan,beyond_data
37,67,37.5000,67.5000,nan,beyond_data
38,67,38.5000,67.5000,nan,beyond_data
39,67,39.5000,67.5000,nan,beyond_data
40,67,40.5000,67.5000,nan,beyond_data
41,67,41.5000,67.5000,nan,beyond_data
42,67,42.5000,67.5000,nan,beyond_data
43,67,43.5000,67.5000,nan,beyond_data
44,67,44.5000,67.5000,nan,beyond_data
45,67,45.5000,67.5000,nan,beyond_data
46,67,46.5000,67.5000,nan,beyond_data
47,67,47.5000,67.5000,nan,beyond_data
48,67,48.5000,67.5000,nan,beyond_data
49,67,49.5000,67.5000,nan,beyond_data
50,67,50.5000,67.5000,nan,beyond_data
51,67,51.5000,67.5000,nan,beyond_data
52,67,52.5000,67.5000,nan,beyond_data
53,67,53.5000,67.5000,nan,beyond_data
54,67,54.5000,67.5000,nan,beyond_data
55,67,55.5000,67.5000,nan,beyond_data
56,67,56.5000,67.5000,nan,beyond_data
57,67,57.5000,67.5000,nan,beyond_data
58,67,58.5000,67.5000,nan,beyond_data
59,67,59.5000,67.5000,nan,beyond_data
60,67,60.5000,67.5000,nan,beyond_data
61,67,61.5000,67.5000,nan,beyond_data
62,67,62.5000,67.5000,nan,beyond_data
63,67,63.5000,67.5000,nan,beyond_data
64,67,64.5000,67.5000,nan,beyond_data
65,67,65.5000,67.5000,nan,beyond_data
66,67,66.5000,67.5000,nan,beyond_data
67,67,67.5000,67.5000,nan,beyond_data
68,67,68.5000,67.5000,nan,beyond_data
69,67,69.5000,67.5000,nan,beyond_data
70,67,70.5000,67.5000,nan,beyond_data
71,67,71.5000,67.5000,nan,beyond_data
72,67,72.5000,67.5000,nan,beyond_data
73,67,73.5000,67.5000,nan,beyond_data
74,67,74.5000,67.5000,nan,beyond_data
75,67,75.5000,67.5000,nan,beyond_data
76,67,76.5000,67.5000,4.65359,extrapolated
24,68,24.5000,68.5000,nan,beyond_data
25,68,25.5000,68.5000,nan,beyond_data
26,68,26.5000,68.5000,nan,beyond_data
27,68,27.5000,68.5000,nan,beyond_data
28,68,28.5000,68.5000,nan,beyond_data
29,68,29.5000,68.5000,nan,beyond_data
30,68,30.5000,68.5000,nan,beyond_data
31,68,31.5000,68.5000,nan,beyond_data
32,68,32.5000,68.5000,nan,beyond_data
33,68,33.5000,68.5000,nan,beyond_data
34,68,34.5000,68.5000,nan,beyond_data
35,68,35.5000,68.5000,nan,beyond_data
36,68,36.5000,68.5000,nan,beyond_data
37,68,37.5000,68.5000,nan,beyond_data
38,68,38.5000,68.5000,nan,beyond_data
39,68,39.5000,68.5000,nan,beyond_data
40,68,40.5000,68.5000,nan,beyond_data
41,68,41.5000,68.5000,nan,beyond_data
42,68,42.5000,68.5000,nan,beyond_data
43,68,43.5000,68.5000,nan,beyond_data
44,68,44.5000,68.5000,nan,beyond_data
45,68,45.5000,68.5000,nan,beyond_data
46,68,46.5000,68.5000,nan,beyond_data
47,68,47.5000,68.5000,nan,beyond_data
48,68,48.5000,68.5000,nan,beyond_data
49,68,49.5000,68.5000,nan,beyond_data
50,68,50.5000,68.5000,nan,beyond_data
51,68,51.5000,68.5000,nan,beyond_data
52,68,52.5000,68.5000,nan,beyond_data
53,68,53.5000,68.5000,nan,beyond_data
54,68,54.5000,68.5000,nan,beyond_data
55,68,55.5000,68.5000,nan,beyond_data
56,68,56.5000,68.5000,nan,beyond_data
57,68,57.5000,68.5000,nan,beyond_data
58,68,58.5000,68.5000,nan,beyond_data
59,68,59.5000,68.5000,nan,beyond_data
60,68,60.5000,68.5000,nan,beyond_data
61,68,61.5000,68.5000,nan,beyond_data
62,68,62.5000,68.5000,nan,beyond_data
63,68,63.5000,68.5000,nan,beyond_data
64,68,64.5000,68.5000,nan,beyond_data
65,68,65.5000,68.5000,nan,beyond_data
66,68,66.5000,68.5000,nan,beyond_data
67,68,67.5000,68.5000,nan,beyond_data
68,68,68.5000,68.5000,nan,beyond_data
69,68,69.5000,68.5000,nan,beyond_data
70,68,70.5000,68.5000,nan,beyond_data
71,68,71.5000,68.5000,nan,beyond_data
72,68,72.5000,68.5000,nan,beyond_data
73,68,73.5000,68.5000,nan,beyond_data
74,68,74.5000,68.5000,nan,beyond_data
75,68,75.5000,68.5000,nan,beyond_data
24,69,24.5000,69.5000,4.60951,extrapolated
25,69,25.5000,69.5000,nan,beyond_data
26,69,26.5000,69.5000,nan,beyond_data
27,69,27.5000,69.5000,nan,beyond_data
28,69,28.5000,69.5000,nan,beyond_data
29,69,29.5000,69.5000,nan,beyond_data
30,69,30.5000,69.5000,nan,beyond_data
31,69,31.5000,69.5000,nan,beyond_data
32,69,32.5000,69.5000,nan,beyond_data
33,69,33.5000,69.5000,nan,beyond_data
34,69,34.5000,69.5000,nan,beyond_data
35,69,35.5000,69.5000,nan,beyond_data
36,69,36.5000,69.5000,nan,beyond_data
37,69,37.5000,69.5000,nan,beyond_data
38,69,38.5000,69.5000,nan,beyond_data
39,69,39.5000,69.5000,nan,beyond_data
40,69,40.5000,69.5000,nan,beyond_data
41,69,41.5000,69.5000,nan,beyond_data
42,69,42.5000,69.5000,nan,beyond_data
43,69,43.5000,69.5000,nan,beyond_data
44,69,44.5000,69.5000,nan,beyond_data
45,69,45.5000,69.5000,nan,beyond_data
46,69,46.5000,69.5000,nan,beyond_data
47,69,47.5000,69.5000,nan,beyond_data
48,69,48.5000,69.5000,nan,beyond_data
49,69,49.5000,69.5000,nan,beyond_data
50,69,50.5000,69.5000,nan,beyond_data
51,69,51.5000,69.5000,nan,beyond_data
52,69,52.5000,69.5000,nan,beyond_data
53,69,53.5000,69.5000,nan,beyond_data
54,69,54.5000,69.5000,nan,beyond_data
55,69,55.5000,69.5000,nan,beyond_data
56,69,56.5000,69.5000,nan,beyond_data
57,69,57.5000,69.5000,nan,beyond_data
58,69,58.5000,69.5000,nan,beyond_data
59,69,59.5000,69.5000,nan,beyond_data
60,69,60.5000,69.5000,nan,beyond_data
61,69,61.5000,69.5000,nan,beyond_data
62,69,62.5000,69.5000,nan,beyond_data
63,69,63.5000,69.5000,nan,beyond_data
64,69,64.5000,69.5000,nan,beyond_data
65,69,65.5000,69.5000,nan,beyond_data
66,69,66.5000,69.5000,nan,beyond_data
67,69,67.5000,69.5000,nan,beyond_data
68,69,68.5000,69.5000,nan,beyond_data
69,69,69.5000,69.5000,nan,beyond_data
70,69,70.5000,69.5000,nan,beyond_data
71,69,71.5000,69.5000,nan,beyond_data
72,69,72.5000,69.5000,nan,beyond_data
73,69,73.5000,69.5000,nan,beyond_data
74,69,74.5000,69.5000,nan,beyond_data
75,69,75.5000,69.5000,4.60951,extrapolated
25,70,25.5000,70.5000,nan,beyond_data
26,70,26.5000,70.5000,nan,beyond_data
27,70,27.5000,70.5000,nan,beyond_data
28,70,28.5000,70.5000,nan,beyond_data
29,70,29.5000,70.5000,nan,beyond_data
30,70,30.5000,70.5000,nan,beyond_data
31,70,31.5000,70.5000,nan,beyond_data
32,70,32.5000,70.5000,nan,beyond_data
33,70,33.5000,70.5000,nan,beyond_data
34,70,34.5000,70.5000,nan,beyond_data
35,70,35.5000,70.5000,nan,beyond_data
36,70,36.5000,70.5000,nan,beyond_data
37,70,37.5000,70.5000,nan,beyond_data
38,70,38.5000,70.5000,nan,beyond_data
39,70,39.5000,70.5000,nan,beyond_data
40,70,40.5000,70.5000,nan,beyond_data
41,70,41.5000,70.5000,nan,beyond_data
42,70,42.5000,70.5000,nan,beyond_data
43,70,43.5000,70.5000,nan,beyond_data
44,70,44.5000,70.5000,nan,beyond_data
45,70,45.5000,70.5000,nan,beyond_data
46,70,46.5000,70.5000,nan,beyond_data
47,70,47.5000,70.5000,nan,beyond_data
48,70,48.5000,70.5000,nan,beyond_data
49,70,49.5000,70.5000,nan,beyond_data
50,70,50.5000,70.5000,nan,beyond_data
51,70,51.5000,70.5000,nan,beyond_data
52,70,52.5000,70.5000,nan,beyond_data
53,70,53.5000,70.5000,nan,beyond_data
54,70,54.5000,70.5000,nan,beyond_data
55,70,55.5000,70.5000,nan,beyond_data
56,70,56.5000,70.5000,nan,beyond_data
57,70,57.5000,70.5000,nan,beyond_data
58,70,58.5000,70.5000,nan,beyond_data
59,70,59.5000,70.5000,nan,beyond_data
60,70,60.5000,70.5000,nan,beyond_data
61,70,61.5000,70.5000,nan,beyond_data
62,70,62.5000,70.5000,nan,beyond_data
63,70,63.5000,70.5000,nan,beyond_data
64,70,64.5000,70.5000,nan,beyond_data
65,70,65.5000,70.5000,nan,beyond_data
66,70,66.5000,70.5000,nan,beyond_data
67,70,67.5000,70.5000,nan,beyond_data
68,70,68.5000,70.5000,nan,beyond_data
69,70,69.5000,70.5000,nan,beyond_data
70,70,70.5000,70.5000,nan,beyond_data
71,70,71.5000,70.5000,nan,beyond_data
72,70,72.5000,70.5000,nan,beyond_data
73,70,73.5000,70.5000,nan,beyond_data
74,70,74.5000,70.5000,nan,beyond_data
25,71,25.5000,71.5000,4.54570,extrapolated
26,71,26.5000,71.5000,nan,beyond_data
27,71,27.5000,71.5000,nan,beyond_data
28,71,28.5000,71.5000,nan,beyond_data
29,71,29.5000,71.5000,nan,beyond_data
30,71,30.5000,71.5000,nan,beyond_data
31,71,31.5000,71.5000,nan,beyond_data
32,71,32.5000,71.5000,nan,beyond_data
33,71,33.5000,71.5000,nan,beyond_data
34,71,34.5000,71.5000,nan,beyond_data
35,71,35.5000,71.5000,nan,beyond_data
36,71,36.5000,71.5000,nan,beyond_data
37,71,37.5000,71.5000,nan,beyond_data
38,71,38.5000,71.5000,nan,beyond_data
39,71,39.5000,71.5000,nan,beyond_data
40,71,40.5000,71.5000,nan,beyond_data
41,71,41.5000,71.5000,nan,beyond_data
42,71,42.5000,71.5000,nan,beyond_data
43,71,43.5000,71.5000,nan,beyond_data
44,71,44.5000,71.5000,nan,beyond_data
45,71,45.5000,71.5000,nan,beyond_data
46,71,46.5000,71.5000,nan,beyond_data
47,71,47.5000,71.5000,nan,beyond_data
48,71,48.5000,71.5000,nan,beyond_data
49,71,49.5000,71.5000,nan,beyond_data
50,71,50.5000,71.5000,nan,beyond_data
51,71,51.5000,71.5000,nan,beyond_data
52,71,52.5000,71.5000,nan,beyond_data
53,71,53.5000,71.5000,nan,beyond_data
54,71,54.5000,71.5000,nan,beyond_data
55,71,55.5000,71.5000,nan,beyond_data
56,71,56.5000,71.5000,nan,beyond_data
57,71,57.5000,71.5000,nan,beyond_data
58,71,58.5000,71.5000,nan,beyond_data
59,71,59.5000,71.5000,nan,beyond_data
60,71,60.5000,71.5000,nan,beyond_data
61,71,61.5000,71.5000,nan,beyond_data
62,71,62.5000,71.5000,nan,beyond_data
63,71,63.5000,71.5000,nan,beyond_data
64,71,64.5000,71.5000,nan,beyond_data
65,71,65.5000,71.5000,nan,beyond_data
66,71,66.5000,71.5000,nan,beyond_data
67,71,67.5000,71.5000,nan,beyond_data
68,71,68.5000,71.5000,nan,beyond_data
69,71,69.5000,71.5000,nan,beyond_data
70,71,70.5000,71.5000,nan,beyond_data
71,71,71.5000,71.5000,nan,beyond_data
72,71,72.5000,71.5000,nan,beyond_data
73,71,73.5000,71.5000,nan,beyond_data
74,71,74.5000,71.5000,4.54570,extrapolated
26,72,26.5000,72.5000,nan,beyond_data
27,72,27.5000,72.5000,nan,beyond_data
28,72,28.5000,72.5000,nan,beyond_data
29,72,29.5000,72.5000,nan,beyond_data
30,72,30.5000,72.5000,nan,beyond_data
31,72,31.5000,72.5000,nan,beyond_data
32,72,32.5000,72.5000,nan,beyond_data
33,72,33.5000,72.5000,nan,beyond_data
34,72,34.5000,72.5000,nan,beyond_data
35,72,35.5000,72.5000,nan,beyond_data
36,72,36.5000,72.5000,nan,beyond_data
37,72,37.5000,72.5000,nan,beyond_data
38,72,38.5000,72.5000,nan,beyond_data
39,72,39.5000,72.5000,nan,beyond_data
40,72,40.5000,72.5000,nan,beyond_data
41,72,41.5000,72.5000,nan,beyond_data
42,72,42.5000,72.5000,nan,beyond_data
43,72,43.5000,72.5000,nan,beyond_data
44,72,44.5000,72.5000,nan,beyond_data
45,72,45.5000,72.5000,nan,beyond_data
46,72,46.5000,72.5000,nan,beyond_data
47,72,47.5000,72.5000,nan,beyond_data
48,72,48.5000,72.5000,nan,beyond_data
49,72,49.5000,72.5000,nan,beyond_data
50,72,50.5000,72.5000,nan,beyond_data
51,72,51.5000,72.5000,nan,beyond_data
52,72,52.5000,72.5000,nan,beyond_data
53,72,53.5000,72.5000,nan,beyond_data
54,72,54.5000,72.5000,nan,beyond_data
55,72,55.5000,72.5000,nan,beyond_data
56,72,56.5000,72.5000,nan,beyond_data
57,72,57.5000,72.5000,nan,beyond_data
58,72,58.5000,72.5000,nan,beyond_data
59,72,59.5000,72.5000,nan,beyond_data
60,72,60.5000,72.5000,nan,beyond_data
61,72,61.5000,72.5000,nan,beyond_data
62,72,62.5000,72.5000,nan,beyond_data
63,72,63.5000,72.5000,nan,beyond_data
64,72,64.5000,72.5000,nan,beyond_data
65,72,65.5000,72.5000,nan,beyond_data
66,72,66.5000,72.5000,nan,beyond_data
67,72,67.5000,72.5000,nan,beyond_data
68,72,68.5000,72.5000,nan,beyond_data
69,72,69.5000,72.5000,nan,beyond_data
70,72,70.5000,72.5000,nan,beyond_data
71,72,71.5000,72.5000,nan,beyond_data
72,72,72.5000,72.5000,nan,beyond_data
73,72,73.5000,72.5000,nan,beyond_data
26,73,26.5000,73.5000,1.51959,ok
27,73,27.5000,73.5000,nan,beyond_data
28,73,28.5000,73.5000,nan,beyond_data
29,73,29.5000,73.5000,nan,beyond_data
30,73,30.5000,73.5000,nan,beyond_data
31,73,31.5000,73.5000,nan,beyond_data
32,73,32.5000,73.5000,nan,beyond_data
33,73,33.5000,73.5000,nan,beyond_data
34,73,34.5000,73.5000,nan,beyond_data
35,73,35.5000,73.5000,nan,beyond_data
36,73,36.5000,73.5000,nan,beyond_data
37,73,37.5000,73.5000,nan,beyond_data
38,73,38.5000,73.5000,nan,beyond_data
39,73,39.5000,73.5000,nan,beyond_data
40,73,40.5000,73.5000,nan,beyond_data
41,73,41.5000,73.5000,nan,beyond_data
42,73,42.5000,73.5000,nan,beyond_data
43,73,43.5000,73.5000,nan,beyond_data
44,73,44.5000,73.5000,nan,beyond_data
45,73,45.5000,73.5000,nan,beyond_data
46,73,46.5000,73.5000,nan,beyond_data
47,73,47.5000,73.5000,nan,beyond_data
48,73,48.5000,73.5000,nan,beyond_data
49,73,49.5000,73.5000,nan,beyond_data
50,73,50.5000,73.5000,nan,beyond_data
51,73,51.5000,73.5000,nan,beyond_data
52,73,52.5000,73.5000,nan,beyond_data
53,73,53.5000,73.5000,nan,beyond_data
54,73,54.5000,73.5000,nan,beyond_data
55,73,55.5000,73.5000,nan,beyond_data
56,73,56.5000,73.5000,nan,beyond_data
57,73,57.5000,73.5000,nan,beyond_data
58,73,58.5000,73.5000,nan,beyond_data
59,73,59.5000,73.5000,nan,beyond_data
60,73,60.5000,73.5000,nan,beyond_data
61,73,61.5000,73.5000,nan,beyond_data
62,73,62.5000,73.5000,nan,beyond_data
63,73,63.5000,73.5000,nan,beyond_data
64,73,64.5000,73.5000,nan,beyond_data
65,73,65.5000,73.5000,nan,beyond_data
66,73,66.5000,73.5000,nan,beyond_data
67,73,67.5000,73.5000,nan,beyond_data
68,73,68.5000,73.5000,nan,beyond_data
69,73,69.5000,73.5000,nan,beyond_data
70,73,70.5000,73.5000,nan,beyond_data
71,73,71.5000,73.5000,nan,beyond_data
72,73,72.5000,73.5000,nan,beyond_data
73,73,73.5000,73.5000,1.51959,ok
27,74,27.5000,74.5000,nan,beyond_data
28,74,28.5000,74.5000,nan,beyond_data
29,74,29.5000,74.5000,nan,beyond_data
30,74,30.5000,74.5000,nan,beyond_data
31,74,31.5000,74.5000,nan,beyond_data
32,74,32.5000,74.5000,nan,beyond_data
33,74,33.5000,74.5000,nan,beyond_data
34,74,34.5000,74.5000,nan,beyond_data
35,74,35.5000,74.5000,nan,beyond_data
36,74,36.5000,74.5000,nan,beyond_data
37,74,37.5000,74.5000,nan,beyond_data
38,74,38.5000,74.5000,nan,beyond_data
39,74,39.5000,74.5000,nan,beyond_data
40,74,40.5000,74.5000,nan,beyond_data
41,74,41.5000,74.5000,nan,beyond_data
42,74,42.5000,74.5000,nan,beyond_data
43,74,43.5000,74.5000,nan,beyond_data
44,74,44.5000,74.5000,nan,beyond_data
45,74,45.5000,74.5000,nan,beyond_data
46,74,46.5000,74.5000,nan,beyond_data
47,74,47.5000,74.5000,nan,beyond_data
48,74,48.5000,74.5000,nan,beyond_data
49,74,49.5000,74.5000,nan,beyond_data
50,74,50.5000,74.5000,nan,beyond_data
51,74,51.5000,74.5000,nan,beyond_data
52,74,52.5000,74.5000,nan,beyond_data
53,74,53.5000,74.5000,nan,beyond_data
54,74,54.5000,74.5000,nan,beyond_data
55,74,55.5000,74.5000,nan,beyond_data
56,74,56.5000,74.5000,nan,beyond_data
57,74,57.5000,74.5000,nan,beyond_data
58,74,58.5000,74.5000,nan,beyond_data
59,74,59.5000,74.5000,nan,beyond_data
60,74,60.5000,74.5000,nan,beyond_data
61,74,61.5000,74.5000,nan,beyond_data
62,74,62.5000,74.5000,nan,beyond_data
63,74,63.5000,74.5000,nan,beyond_data
64,74,64.5000,74.5000,nan,beyond_data
65,74,65.5000,74.5000,nan,beyond_data
66,74,66.5000,74.5000,nan,beyond_data
67,74,67.5000,74.5000,nan,beyond_data
68,74,68.5000,74.5000,nan,beyond_data
69,74,69.5000,74.5000,nan,beyond_data
70,74,70.5000,74.5000,nan,beyond_data
71,74,71.5000,74.5000,nan,beyond_data
72,74,72.5000,74.5000,nan,beyond_data
28,75,28.5000,75.5000,nan,beyond_data
29,75,29.5000,75.5000,nan,beyond_data
30,75,30.5000,75.5000,nan,beyond_data
31,75,31.5000,75.5000,nan,beyond_data
32,75,32.5000,75.5000,nan,beyond_data
33,75,33.5000,75.5000,nan,beyond_data
34,75,34.5000,75.5000,nan,beyond_data
35,75,35.5000,75.5000,nan,beyond_data
36,75,36.5000,75.5000,nan,beyond_data
37,75,37.5000,75.5000,nan,beyond_data
38,75,38.5000,75.5000,nan,beyond_data
39,75,39.5000,75.5000,nan,beyond_data
40,75,40.5000,75.5000,nan,beyond_data
41,75,41.5000,75.5000,nan,beyond_data
42,75,42.5000,75.5000,nan,beyond_data
43,75,43.5000,75.5000,nan,beyond_data
44,75,44.5000,75.5000,nan,beyond_data
45,75,45.5000,75.5000,nan,beyond_data
46,75,46.5000,75.5000,nan,beyond_data
47,75,47.5000,75.5000,nan,beyond_data
48,75,48.5000,75.5000,nan,beyond_data
49,75,49.5000,75.5000,nan,beyond_data
50,75,50.5000,75.5000,nan,beyond_data
51,75,51.5000,75.5000,nan,beyond_data
52,75,52.5000,75.5000,nan,beyond_data
53,75,53.5000,75.5000,nan,beyond_data
54,75,54.5000,75.5000,nan,beyond_data
55,75,55.5000,75.5000,nan,beyond_data
56,75,56.5000,75.5000,nan,beyond_data
57,75,57.5000,75.5000,nan,beyond_data
58,75,58.5000,75.5000,nan,beyond_data
59,75,59.5000,75.5000,nan,beyond_data
60,75,60.5000,75.5000,nan,beyond_data
61,75,61.5000,75.5000,nan,beyond_data
62,75,62.5000,75.5000,nan,beyond_data
63,75,63.5000,75.5000,nan,beyond_data
64,75,64.5000,75.5000,nan,beyond_data
65,75,65.5000,75.5000,nan,beyond_data
66,75,66.5000,75.5000,nan,beyond_data
67,75,67.5000,75.5000,nan,beyond_data
68,75,68.5000,75.5000,nan,beyond_data
69,75,69.5000,75.5000,nan,beyond_data
70,75,70.5000,75.5000,nan,beyond_data
71,75,71.5000,75.5000,nan,beyond_data
28,76,28.5000,76.5000,1.49446,ok
29,76,29.5000,76.5000,nan,beyond_data
30,76,30.5000,76.5000,nan,beyond_data
31,76,31.5000,76.5000,nan,beyond_data
32,76,32.5000,76.5000,nan,beyond_data
33,76,33.5000,76.5000,nan,beyond_data
34,76,34.5000,76.5000,nan,beyond_data
35,76,35.5000,76.5000,nan,beyond_data
36,76,36.5000,76.5000,nan,beyond_data
37,76,37.5000,76.5000,nan,beyond_data
38,76,38.5000,76.5000,nan,beyond_data
39,76,39.5000,76.5000,nan,beyond_data
40,76,40.5000,76.5000,nan,beyond_data
41,76,41.5000,76.5000,nan,beyond_data
42,76,42.5000,76.5000,nan,beyond_data
43,76,43.5000,76.5000,nan,beyond_data
44,76,44.5000,76.5000,nan,beyond_data
45,76,45.5000,76.5000,nan,beyond_data
46,76,46.5000,76.5000,nan,beyond_data
47,76,47.5000,76.5000,nan,beyond_data
48,76,48.5000,76.5000,nan,beyond_data
49,76,49.5000,76.5000,nan,beyond_data
50,76,50.5000,76.5000,nan,beyond_data
51,76,51.5000,76.5000,nan,beyond_data
52,76,52.5000,76.5000,nan,beyond_data
53,76,53.5000,76.5000,nan,beyond_data
54,76,54.5000,76.5000,nan,beyond_data
55,76,55.5000,76.5000,nan,beyond_data
56,76,56.5000,76.5000,nan,beyond_data
57,76,57.5000,76.5000,nan,beyond_data
58,76,58.5000,76.5000,nan,beyond_data
59,76,59.5000,76.5000,nan,beyond_data
60,76,60.5000,76.5000,nan,beyond_data
61,76,61.5000,76.5000,nan,beyond_data
62,76,62.5000,76.5000,nan,beyond_data
63,76,63.5000,76.5000,nan,beyond_data
64,76,64.5000,76.5000,nan,beyond_data
65,76,65.5000,76.5000,nan,beyond_data
66,76,66.5000,76.5000,nan,beyond_data
67,76,67.5000,76.5000,nan,beyond_data
68,76,68.5000,76.5000,nan,beyond_data
69,76,69.5000,76.5000,nan,beyond_data
70,76,70.5000,76.5000,nan,beyond_data
71,76,71.5000,76.5000,1.49446,ok
29,77,29.5000,77.5000,1.48932,ok
30,77,30.5000,77.5000,nan,beyond_data
31,77,31.5000,77.5000,nan,beyond_data
32,77,32.5000,77.5000,nan,beyond_data
33,77,33.5000,77.5000,nan,beyond_data
34,77,34.5000,77.5000,nan,beyond_data
35,77,35.5000,77.5000,nan,beyond_data
36,77,36.5000,77.5000,nan,beyond_data
37,77,37.5000,77.5000,nan,beyond_data
38,77,38.5000,77.5000,nan,beyond_data
39,77,39.5000,77.5000,nan,beyond_data
40,77,40.5000,77.5000,nan,beyond_data
41,77,41.5000,77.5000,nan,beyond_data
42,77,42.5000,77.5000,nan,beyond_data
43,77,43.5000,77.5000,nan,beyond_data
44,77,44.5000,77.5000,nan,beyond_data
45,77,45.5000,77.5000,nan,beyond_data
46,77,46.5000,77.5000,nan,beyond_data
47,77,47.5000,77.5000,nan,beyond_data
48,77,48.5000,77.5000,nan,beyond_data
49,77,49.5000,77.5000,nan,beyond_data
50,77,50.5000,77.5000,nan,beyond_data
51,77,51.5000,77.5000,nan,beyond_data
52,77,52.5000,77.5000,nan,beyond_data
53,77,53.5000,77.5000,nan,beyond_data
54,77,54.5000,77.5000,nan,beyond_data
55,77,55.5000,77.5000,nan,beyond_data
56,77,56.5000,77.5000,nan,beyond_data
57,77,57.5000,77.5000,nan,beyond_data
58,77,58.5000,77.5000,nan,beyond_data
59,77,59.5000,77.5000,nan,beyond_data
60,77,60.5000,77.5000,nan,beyond_data
61,77,61.5000,77.5000,nan,beyond_data
62,77,62.5000,77.5000,nan,beyond_data
63,77,63.5000,77.5000,nan,beyond_data
64,77,64.5000,77.5000,nan,beyond_data
65,77,65.5000,77.5000,nan,beyond_data
66,77,66.5000,77.5000,nan,beyond_data
67,77,67.5000,77.5000,nan,beyond_data
68,77,68.5000,77.5000,nan,beyond_data
69,77,69.5000,77.5000,nan,beyond_data
70,77,70.5000,77.5000,1.48932,ok
30,78,30.5000,78.5000,4.27745,extrapolated
31,78,31.5000,78.5000,nan,beyond_data
32,78,32.5000,78.5000,nan,beyond_data
33,78,33.5000,78.5000,nan,beyond_data
34,78,34.5000,78.5000,nan,beyond_data
35,78,35.5000,78.5000,nan,beyond_data
36,78,36.5000,78.5000,nan,beyond_data
37,78,37.5000,78.5000,nan,beyond_data
38,78,38.5000,78.5000,nan,beyond_data
39,78,39.5000,78.5000,nan,beyond_data
40,78,40.5000,78.5000,nan,beyond_data
41,78,41.5000,78.5000,nan,beyond_data
42,78,42.5000,78.5000,nan,beyond_data
43,78,43.5000,78.5000,nan,beyond_data
44,78,44.5000,78.5000,nan,beyond_data
45,78,45.5000,78.5000,nan,beyond_data
46,78,46.5000,78.5000,nan,beyond_data
47,78,47.5000,78.5000,nan,beyond_data
48,78,48.5000,78.5000,nan,beyond_data
49,78,49.5000,78.5000,nan,beyond_data
50,78,50.5000,78.5000,nan,beyond_data
51,78,51.5000,78.5000,nan,beyond_data
52,78,52.5000,78.5000,nan,beyond_data
53,78,53.5000,78.5000,nan,beyond_data
54,78,54.5000,78.5000,nan,beyond_data
55,78,55.5000,78.5000,nan,beyond_data
56,78,56.5000,78.5000,nan,beyond_data
57,78,57.5000,78.5000,nan,beyond_data
58,78,58.5000,78.5000,nan,beyond_data
59,78,59.5000,78.5000,nan,beyond_data
60,78,60.5000,78.5000,nan,beyond_data
61,78,61.5000,78.5000,nan,beyond_data
62,78,62.5000,78.5000,nan,beyond_data
63,78,63.5000,78.5000,nan,beyond_data
64,78,64.5000,78.5000,nan,beyond_data
65,78,65.5000,78.5000,nan,beyond_data
66,78,66.5000,78.5000,nan,beyond_data
67,78,67.5000,78.5000,nan,beyond_data
68,78,68.5000,78.5000,nan,beyond_data
69,78,69.5000,78.5000,4.27745,extrapolated
31,79,31.5000,79.5000,nan,beyond_data
32,79,32.5000,79.5000,nan,beyond_data
33,79,33.5000,79.5000,nan,beyond_data
34,79,34.5000,79.5000,nan,beyond_data
35,79,35.5000,79.5000,nan,beyond_data
36,79,36.5000,79.5000,nan,beyond_data
37,79,37.5000,79.5000,nan,beyond_data
38,79,38.5000,79.5000,nan,beyond_data
39,79,39.5000,79.5000,nan,beyond_data
40,79,40.5000,79.5000,nan,beyond_data
41,79,41.5000,79.5000,nan,beyond_data
42,79,42.5000,79.5000,nan,beyond_data
43,79,43.5000,79.5000,nan,beyond_data
44,79,44.5000,79.5000,nan,beyond_data
45,79,45.5000,79.5000,nan,beyond_data
46,79,46.5000,79.5000,nan,beyond_data
47,79,47.5000,79.5000,nan,beyond_data
48,79,48.5000,79.5000,nan,beyond_data
49,79,49.5000,79.5000,nan,beyond_data
50,79,50.5000,79.5000,nan,beyond_data
51,79,51.5000,79.5000,nan,beyond_data
52,79,52.5000,79.5000,nan,beyond_data
53,79,53.5000,79.5000,nan,beyond_data
54,79,54.5000,79.5000,nan,beyond_data
55,79,55.5000,79.5000,nan,beyond_data
56,79,56.5000,79.5000,nan,beyond_data
57,79,57.5000,79.5000,nan,beyond_data
58,79,58.5000,79.5000,nan,beyond_data
59,79,59.5000,79.5000,nan,beyond_data
60,79,60.5000,79.5000,nan,beyond_data
61,79,61.5000,79.5000,nan,beyond_data
62,79,62.5000,79.5000,nan,beyond_data
63,79,63.5000,79.5000,nan,beyond_data
64,79,64.5000,79.5000,nan,beyond_data
65,79,65.5000,79.5000,nan,beyond_data
66,79,66.5000,79.5000,nan,beyond_data
67,79,67.5000,79.5000,nan,beyond_data
68,79,68.5000,79.5000,nan,beyond_data
32,80,32.5000,80.5000,1.46290,ok
33,80,33.5000,80.5000,nan,beyond_data
34,80,34.5000,80.5000,nan,beyond_data
35,80,35.5000,80.5000,nan,beyond_data
36,80,36.5000,80.5000,nan,beyond_data
37,80,37.5000,80.5000,nan,beyond_data
38,80,38.5000,80.5000,nan,beyond_data
39,80,39.5000,80.5000,nan,beyond_data
40,80,40.5000,80.5000,nan,beyond_data
41,80,41.5000,80.5000,nan,beyond_data
42,80,42.5000,80.5000,nan,beyond_data
43,80,43.5000,80.5000,nan,beyond_data
44,80,44.5000,80.5000,nan,beyond_data
45,80,45.5000,80.5000,nan,beyond_data
46,80,46.5000,80.5000,nan,beyond_data
47,80,47.5000,80.5000,nan,beyond_data
48,80,48.5000,80.5000,nan,beyond_data
49,80,49.5000,80.5000,nan,beyond_data
50,80,50.5000,80.5000,nan,beyond_data
51,80,51.5000,80.5000,nan,beyond_data
52,80,52.5000,80.5000,nan,beyond_data
53,80,53.5000,80.5000,nan,beyond_data
54,80,54.5000,80.5000,nan,beyond_data
55,80,55.5000,80.5000,nan,beyond_data
56,80,56.5000,80.5000,nan,beyond_data
57,80,57.5000,80.5000,nan,beyond_data
58,80,58.5000,80.5000,nan,beyond_data
59,80,59.5000,80.5000,nan,beyond_data
60,80,60.5000,80.5000,nan,beyond_data
61,80,61.5000,80.5000,nan,beyond_data
62,80,62.5000,80.5000,nan,beyond_data
63,80,63.5000,80.5000,nan,beyond_data
64,80,64.5000,80.5000,nan,beyond_data
65,80,65.5000,80.5000,nan,beyond_data
66,80,66.5000,80.5000,nan,beyond_data
67,80,67.5000,80.5000,1.46290,ok
33,81,33.5000,81.5000,1.45016,ok
34,81,34.5000,81.5000,nan,beyond_data
35,81,35.5000,81.5000,nan,beyond_data
36,81,36.5000,81.5000,nan,beyond_data
37,81,37.5000,81.5000,nan,beyond_data
38,81,38.5000,81.5000,nan,beyond_data
39,81,39.5000,81.5000,nan,beyond_data
40,81,40.5000,81.5000,nan,beyond_data
41,81,41.5000,81.5000,nan,beyond_data
42,81,42.5000,81.5000,nan,beyond_data
43,81,43.5000,81.5000,nan,beyond_data
44,81,44.5000,81.5000,nan,beyond_data
45,81,45.5000,81.5000,nan,beyond_data
46,81,46.5000,81.5000,nan,beyond_data
47,81,47.5000,81.5000,nan,beyond_data
48,81,48.5000,81.5000,nan,beyond_data
49,81,49.5000,81.5000,nan,beyond_data
50,81,50.5000,81.5000,nan,beyond_data
51,81,51.5000,81.5000,nan,beyond_data
52,81,52.5000,81.5000,nan,beyond_data
53,81,53.5000,81.5000,nan,beyond_data
54,81,54.5000,81.5000,nan,beyond_data
55,81,55.5000,81.5000,nan,beyond_data
56,81,56.5000,81.5000,nan,beyond_data
57,81,57.5000,81.5000,nan,beyond_data
58,81,58.5000,81.5000,nan,beyond_data
59,81,59.5000,81.5000,nan,beyond_data
60,81,60.5000,81.5000,nan,beyond_data
61,81,61.5000,81.5000,nan,beyond_data
62,81,62.5000,81.5000,nan,beyond_data
63,81,63.5000,81.5000,nan,beyond_data
64,81,64.5000,81.5000,nan,beyond_data
65,81,65.5000,81.5000,nan,beyond_data
66,81,66.5000,81.5000,1.45016,ok
34,82,34.5000,82.5000,1.43526,ok
35,82,35.5000,82.5000,nan,beyond_data
36,82,36.5000,82.5000,nan,beyond_data
37,82,37.5000,82.5000,nan,beyond_data
38,82,38.5000,82.5000,nan,beyond_data
39,82,39.5000,82.5000,nan,beyond_data
40,82,40.5000,82.5000,nan,beyond_data
41,82,41.5000,82.5000,nan,beyond_data
42,82,42.5000,82.5000,nan,beyond_data
43,82,43.5000,82.5000,nan,beyond_data
44,82,44.5000,82.5000,nan,beyond_data
45,82,45.5000,82.5000,nan,beyond_data
46,82,46.5000,82.5000,nan,beyond_data
47,82,47.5000,82.5000,nan,beyond_data
48,82,48.5000,82.5000,nan,beyond_data
49,82,49.5000,82.5000,nan,beyond_data
50,82,50.5000,82.5000,nan,beyond_data
51,82,51.5000,82.5000,nan,beyond_data
52,82,52.5000,82.5000,nan,beyond_data
53,82,53.5000,82.5000,nan,beyond_data
54,82,54.5000,82.5000,nan,beyond_data
55,82,55.5000,82.5000,nan,beyond_data
56,82,56.5000,82.5000,nan,beyond_data
57,82,57.5000,82.5000,nan,beyond_data
58,82,58.5000,82.5000,nan,beyond_data
59,82,59.5000,82.5000,nan,beyond_data
60,82,60.5000,82.5000,nan,beyond_data
61,82,61.5000,82.5000,nan,beyond_data
62,82,62.5000,82.5000,nan,beyond_data
63,82,63.5000,82.5000,nan,beyond_data
64,82,64.5000,82.5000,nan,beyond_data
65,82,65.5000,82.5000,1.43526,ok
36,83,36.5000,83.5000,4.02940,extrapolated
37,83,37.5000,83.5000,nan,beyond_data
38,83,38.5000,83.5000,nan,beyond_data
39,83,39.5000,83.5000,nan,beyond_data
40,83,40.5000,83.5000,nan,beyond_data
41,83,41.5000,83.5000,nan,beyond_data
42,83,42.5000,83.5000,nan,beyond_data
43,83,43.5000,83.5000,nan,beyond_data
44,83,44.5000,83.5000,nan,beyond_data
45,83,45.5000,83.5000,nan,beyond_data
46,83,46.5000,83.5000,nan,beyond_data
47,83,47.5000,83.5000,nan,beyond_data
48,83,48.5000,83.5000,nan,beyond_data
49,83,49.5000,83.5000,nan,beyond_data
50,83,50.5000,83.5000,nan,beyond_data
51,83,51.5000,83.5000,nan,beyond_data
52,83,52.5000,83.5000,nan,beyond_data
53,83,53.5000,83.5000,nan,beyond_data
54,83,54.5000,83.5000,nan,beyond_data
55,83,55.5000,83.5000,nan,beyond_data
56,83,56.5000,83.5000,nan,beyond_data
57,83,57.5000,83.5000,nan,beyond_data
58,83,58.5000,83.5000,nan,beyond_data
59,83,59.5000,83.5000,nan,beyond_data
60,83,60.5000,83.5000,nan,beyond_data
61,83,61.5000,83.5000,nan,beyond_data
62,83,62.5000,83.5000,nan,beyond_data
63,83,63.5000,83.5000,4.02940,extrapolated
38,84,38.5000,84.5000,nan,beyond_data
39,84,39.5000,84.5000,nan,beyond_data
40,84,40.5000,84.5000,nan,beyond_data
41,84,41.5000,84.5000,nan,beyond_data
42,84,42.5000,84.5000,nan,beyond_data
43,84,43.5000,84.5000,nan,beyond_data
44,84,44.5000,84.5000,nan,beyond_data
45,84,45.5000,84.5000,nan,beyond_data
46,84,46.5000,84.5000,nan,beyond_data
47,84,47.5000,84.5000,nan,beyond_data
48,84,48.5000,84.5000,nan,beyond_data
49,84,49.5000,84.5000,nan,beyond_data
50,84,50.5000,84.5000,nan,beyond_data
51,84,51.5000,84.5000,nan,beyond_data
52,84,52.5000,84.5000,nan,beyond_data
53,84,53.5000,84.5000,nan,beyond_data
54,84,54.5000,84.5000,nan,beyond_data
55,84,55.5000,84.5000,nan,beyond_data
56,84,56.5000,84.5000,nan,beyond_data
57,84,57.5000,84.5000,nan,beyond_data
58,84,58.5000,84.5000,nan,beyond_data
59,84,59.5000,84.5000,nan,beyond_data
60,84,60.5000,84.5000,nan,beyond_data
61,84,61.5000,84.5000,nan,beyond_data
40,85,40.5000,85.5000,3.92575,ok
41,85,41.5000,85.5000,nan,beyond_data
42,85,42.5000,85.5000,nan,beyond_data
43,85,43.5000,85.5000,nan,beyond_data
44,85,44.5000,85.5000,nan,beyond_data
45,85,45.5000,85.5000,nan,beyond_data
46,85,46.5000,85.5000,nan,beyond_data
47,85,47.5000,85.5000,nan,beyond_data
48,85,48.5000,85.5000,nan,beyond_data
49,85,49.5000,85.5000,nan,beyond_data
50,85,50.5000,85.5000,nan,beyond_data
51,85,51.5000,85.5000,nan,beyond_data
52,85,52.5000,85.5000,nan,beyond_data
53,85,53.5000,85.5000,nan,beyond_data
54,85,54.5000,85.5000,nan,beyond_data
55,85,55.5000,85.5000,nan,beyond_data
56,85,56.5000,85.5000,nan,beyond_data
57,85,57.5000,85.5000,nan,beyond_data
58,85,58.5000,85.5000,nan,beyond_data
59,85,59.5000,85.5000,3.92575,ok
42,86,42.5000,86.5000,1.39218,ok
43,86,43.5000,86.5000,3.87277,ok
44,86,44.5000,86.5000,nan,beyond_data
45,86,45.5000,86.5000,nan,beyond_data
46,86,46.5000,86.5000,nan,beyond_data
47,86,47.5000,86.5000,nan,beyond_data
48,86,48.5000,86.5000,nan,beyond_data
49,86,49.5000,86.5000,nan,beyond_data
50,86,50.5000,86.5000,nan,beyond_data
51,86,51.5000,86.5000,nan,beyond_data
52,86,52.5000,86.5000,nan,beyond_data
53,86,53.5000,86.5000,nan,beyond_data
54,86,54.5000,86.5000,nan,beyond_data
55,86,55.5000,86.5000,nan,beyond_data
56,86,56.5000,86.5000,3.87277,ok
57,86,57.5000,86.5000,1.39218,ok
46,87,46.5000,87.5000,1.37870,ok
47,87,47.5000,87.5000,3.78774,ok
48,87,48.5000,87.5000,3.79828,ok
49,87,49.5000,87.5000,3.80355,ok
50,87,50.5000,87.5000,3.80355,ok
51,87,51.5000,87.5000,3.79828,ok
52,87,52.5000,87.5000,3.78774,ok
53,87,53.5000,87.5000,1.37870,ok
