# sdf_geometry_probe port, evaluated at the reference's own grid points
x y z port_sdf reference_sdf diff
-3 -3 -3 -11.5135676 -1e+10 9.99999999e+09
-2 -3 -3 -10.9562983 -1e+10 9.99999999e+09
-1 -3 -3 -10.4494503 -1e+10 9.99999999e+09
0 -3 -3 -10.0058125 -1e+10 9.99999999e+09
1 -3 -3 -9.61532053 -1e+10 9.99999999e+09
2 -3 -3 -9.26333687 -1e+10 9.99999999e+09
3 -3 -3 -8.99402891 -1e+10 9.99999999e+09
4 -3 -3 -8.81844614 -1e+10 9.99999999e+09
5 -3 -3 -8.69782565 -1e+10 9.99999999e+09
6 -3 -3 -8.64715357 -1e+10 9.99999999e+09
7 -3 -3 -8.69782565 -1e+10 9.99999999e+09
8 -3 -3 -8.81844614 -1e+10 9.99999999e+09
9 -3 -3 -8.99402891 -1e+10 9.99999999e+09
10 -3 -3 -9.26333687 -1e+10 9.99999999e+09
11 -3 -3 -9.61532053 -1e+10 9.99999999e+09
12 -3 -3 -10.0058125 -1e+10 9.99999999e+09
13 -3 -3 -10.4494503 -1e+10 9.99999999e+09
14 -3 -3 -10.9562983 -1e+10 9.99999999e+09
15 -3 -3 -11.5135676 -1e+10 9.99999999e+09
-3 -2 -3 -10.9562983 -1e+10 9.99999999e+09
-2 -2 -3 -10.3794432 -1e+10 9.99999999e+09
-1 -2 -3 -9.84688301 -1e+10 9.99999999e+09
0 -2 -3 -9.37910763 -1e+10 9.99999999e+09
1 -2 -3 -8.97238005 -1e+10 9.99999999e+09
2 -2 -3 -8.60282287 -1e+10 9.99999999e+09
3 -2 -3 -8.31451695 -1e+10 9.99999999e+09
4 -2 -3 -8.12485667 -1e+10 9.99999999e+09
5 -2 -3 -8.00413903 -1e+10 9.99999999e+09
6 -2 -3 -7.94904763 -1e+10 9.99999999e+09
7 -2 -3 -8.00414046 -1e+10 9.99999999e+09
8 -2 -3 -8.12485667 -1e+10 9.99999999e+09
9 -2 -3 -8.31451695 -1e+10 9.99999999e+09
10 -2 -3 -8.60282287 -1e+10 9.99999999e+09
11 -2 -3 -8.97237976 -1e+10 9.99999999e+09
12 -2 -3 -9.37910763 -1e+10 9.99999999e+09
13 -2 -3 -9.84688301 -1e+10 9.99999999e+09
14 -2 -3 -10.3794432 -1e+10 9.99999999e+09
15 -2 -3 -10.9562983 -1e+10 9.99999999e+09
-3 -1 -3 -10.4494503 -1e+10 9.99999999e+09
-2 -1 -3 -9.84688301 -1e+10 9.99999999e+09
-1 -1 -3 -9.28984058 -1e+10 9.99999999e+09
0 -1 -3 -8.79462822 -1e+10 9.99999999e+09
1 -1 -3 -8.36726609 -1e+10 9.99999999e+09
2 -1 -3 -7.9897796 -1e+10 9.99999999e+09
3 -1 -3 -7.68089471 -1e+10 9.99999999e+09
4 -1 -3 -7.47876303 -1e+10 9.99999999e+09
5 -1 -3 -7.35723556 -1e+10 9.99999999e+09
6 -1 -3 -7.29807264 -1e+10 9.99999999e+09
7 -1 -3 -7.35723556 -1e+10 9.99999999e+09
8 -1 -3 -7.47876303 -1e+10 9.99999999e+09
9 -1 -3 -7.68089471 -1e+10 9.99999999e+09
10 -1 -3 -7.9897796 -1e+10 9.99999999e+09
11 -1 -3 -8.36726609 -1e+10 9.99999999e+09
12 -1 -3 -8.79462822 -1e+10 9.99999999e+09
13 -1 -3 -9.28984058 -1e+10 9.99999999e+09
14 -1 -3 -9.84688301 -1e+10 9.99999999e+09
15 -1 -3 -10.4494503 -1e+10 9.99999999e+09
-3 0 -3 -10.0058125 -1e+10 9.99999999e+09
-2 0 -3 -9.37910763 -1e+10 9.99999999e+09
-1 0 -3 -8.79462822 -1e+10 9.99999999e+09
0 0 -3 -8.27133897 -1e+10 9.99999999e+09
1 0 -3 -7.82133502 -1e+10 9.99999999e+09
2 0 -3 -7.43225234 -1e+10 9.99999999e+09
3 0 -3 -7.10761213 -1e+10 9.99999999e+09
4 0 -3 -6.89139322 -1e+10 9.99999999e+09
5 0 -3 -6.76907149 -1e+10 9.99999999e+09
6 0 -3 -6.70609475 -1e+10 9.99999999e+09
7 0 -3 -6.76907149 -1e+10 9.99999999e+09
8 0 -3 -6.89139322 -1e+10 9.99999999e+09
9 0 -3 -7.10761213 -1e+10 9.99999999e+09
10 0 -3 -7.43225234 -1e+10 9.99999999e+09
11 0 -3 -7.82133502 -1e+10 9.99999999e+09
12 0 -3 -8.27133897 -1e+10 9.99999999e+09
13 0 -3 -8.79462822 -1e+10 9.99999999e+09
14 0 -3 -9.37910763 -1e+10 9.99999999e+09
15 0 -3 -10.0058125 -1e+10 9.99999999e+09
-3 1 -3 -9.61532053 -1e+10 9.99999999e+09
-2 1 -3 -8.97237976 -1e+10 9.99999999e+09
-1 1 -3 -8.36726609 -1e+10 9.99999999e+09
0 1 -3 -7.82133502 -1e+10 9.99999999e+09
1 1 -3 -7.3541052 -1e+10 9.99999999e+09
2 1 -3 -6.95014993 -1e+10 9.99999999e+09
3 1 -3 -6.60940777 -1e+10 9.99999999e+09
4 1 -3 -6.3781993 -1e+10 9.99999999e+09
5 1 -3 -6.25033827 -1e+10 9.99999999e+09
6 1 -3 -6.183505 -1e+10 9.99999999e+09
7 1 -3 -6.25033827 -1e+10 9.99999999e+09
8 1 -3 -6.3781993 -1e+10 9.99999999e+09
9 1 -3 -6.60940777 -1e+10 9.99999999e+09
10 1 -3 -6.95014993 -1e+10 9.99999999e+09
11 1 -3 -7.35418628 -1e+10 9.99999999e+09
12 1 -3 -7.82133502 -1e+10 9.99999999e+09
13 1 -3 -8.36726609 -1e+10 9.99999999e+09
14 1 -3 -8.97238005 -1e+10 9.99999999e+09
15 1 -3 -9.61532053 -1e+10 9.99999999e+09
-3 2 -3 -9.26333687 -1e+10 9.99999999e+09
-2 2 -3 -8.60282287 -1e+10 9.99999999e+09
-1 2 -3 -7.9897796 -1e+10 9.99999999e+09
0 2 -3 -7.43225234 -1e+10 9.99999999e+09
1 2 -3 -6.95014993 -1e+10 9.99999999e+09
2 2 -3 -6.55491397 -1e+10 9.99999999e+09
3 2 -3 -6.20917976 -1e+10 9.99999999e+09
4 2 -3 -5.96515594 -1e+10 9.99999999e+09
5 2 -3 -5.83306756 -1e+10 9.99999999e+09
6 2 -3 -5.76236236 -1e+10 9.99999999e+09
7 2 -3 -5.83305147 -1e+10 9.99999999e+09
8 2 -3 -5.96515594 -1e+10 9.99999999e+09
9 2 -3 -6.20917976 -1e+10 9.99999999e+09
10 2 -3 -6.55491397 -1e+10 9.99999999e+09
11 2 -3 -6.95014993 -1e+10 9.99999999e+09
12 2 -3 -7.43225234 -1e+10 9.99999999e+09
13 2 -3 -7.9897796 -1e+10 9.99999999e+09
14 2 -3 -8.60282287 -1e+10 9.99999999e+09
15 2 -3 -9.26333687 -1e+10 9.99999999e+09
-3 3 -3 -8.99402891 -1e+10 9.99999999e+09
-2 3 -3 -8.31451695 -1e+10 9.99999999e+09
-1 3 -3 -7.68089471 -1e+10 9.99999999e+09
0 3 -3 -7.10761213 -1e+10 9.99999999e+09
1 3 -3 -6.60940777 -1e+10 9.99999999e+09
2 3 -3 -6.20917976 -1e+10 9.99999999e+09
3 3 -3 -5.87517136 -1e+10 9.99999999e+09
4 3 -3 -5.62114643 -1e+10 9.99999999e+09
5 3 -3 -5.48438672 -1e+10 9.99999999e+09
6 3 -3 -5.40874813 -1e+10 9.99999999e+09
7 3 -3 -5.48441512 -1e+10 9.99999999e+09
8 3 -3 -5.62114643 -1e+10 9.99999999e+09
9 3 -3 -5.87514423 -1e+10 9.99999999e+09
10 3 -3 -6.20917976 -1e+10 9.99999999e+09
11 3 -3 -6.60940777 -1e+10 9.99999999e+09
12 3 -3 -7.10761213 -1e+10 9.99999999e+09
13 3 -3 -7.68089471 -1e+10 9.99999999e+09
14 3 -3 -8.31451695 -1e+10 9.99999999e+09
15 3 -3 -8.99402891 -1e+10 9.99999999e+09
-3 4 -3 -8.81847237 -1e+10 9.99999999e+09
-2 4 -3 -8.12485667 -1e+10 9.99999999e+09
-1 4 -3 -7.47876303 -1e+10 9.99999999e+09
0 4 -3 -6.89139322 -1e+10 9.99999999e+09
1 4 -3 -6.3781993 -1e+10 9.99999999e+09
2 4 -3 -5.96515594 -1e+10 9.99999999e+09
3 4 -3 -5.62114643 -1e+10 9.99999999e+09
4 4 -3 -5.35631049 -1e+10 9.99999999e+09
5 4 -3 -5.20877086 -1e+10 9.99999999e+09
6 4 -3 -5.12580997 -1e+10 9.99999999e+09
7 4 -3 -5.20877086 -1e+10 9.99999999e+09
8 4 -3 -5.35631049 -1e+10 9.99999999e+09
9 4 -3 -5.62114643 -1e+10 9.99999999e+09
10 4 -3 -5.96515594 -1e+10 9.99999999e+09
11 4 -3 -6.3781993 -1e+10 9.99999999e+09
12 4 -3 -6.89139322 -1e+10 9.99999999e+09
13 4 -3 -7.47876303 -1e+10 9.99999999e+09
14 4 -3 -8.12485667 -1e+10 9.99999999e+09
15 4 -3 -8.81844614 -1e+10 9.99999999e+09
-3 5 -3 -8.69782565 -1e+10 9.99999999e+09
-2 5 -3 -8.00414046 -1e+10 9.99999999e+09
-1 5 -3 -7.35723556 -1e+10 9.99999999e+09
0 5 -3 -6.76907149 -1e+10 9.99999999e+09
1 5 -3 -6.25033827 -1e+10 9.99999999e+09
2 5 -3 -5.83306756 -1e+10 9.99999999e+09
3 5 -3 -5.48438672 -1e+10 9.99999999e+09
4 5 -3 -5.20877086 -1e+10 9.99999999e+09
5 5 -3 -5.0466436 -1e+10 9.99999999e+09
6 5 -3 -4.96053704 -1e+10 1e+10
7 5 -3 -5.0466436 -1e+10 9.99999999e+09
8 5 -3 -5.20877086 -1e+10 9.99999999e+09
9 5 -3 -5.48441512 -1e+10 9.99999999e+09
10 5 -3 -5.83305147 -1e+10 9.99999999e+09
11 5 -3 -6.25033827 -1e+10 9.99999999e+09
12 5 -3 -6.76907149 -1e+10 9.99999999e+09
13 5 -3 -7.35723556 -1e+10 9.99999999e+09
14 5 -3 -8.00413903 -1e+10 9.99999999e+09
15 5 -3 -8.69782565 -1e+10 9.99999999e+09
-3 6 -3 -8.64715357 -1e+10 9.99999999e+09
-2 6 -3 -7.94904763 -1e+10 9.99999999e+09
-1 6 -3 -7.29807264 -1e+10 9.99999999e+09
0 6 -3 -6.70609475 -1e+10 9.99999999e+09
1 6 -3 -6.183505 -1e+10 9.99999999e+09
2 6 -3 -5.76236236 -1e+10 9.99999999e+09
3 6 -3 -5.40874813 -1e+10 9.99999999e+09
4 6 -3 -5.12580997 -1e+10 9.99999999e+09
5 6 -3 -4.96053704 -1e+10 1e+10
6 6 -3 -4.87342077 -1e+10 1e+10
7 6 -3 -4.96053704 -1e+10 1e+10
8 6 -3 -5.12580997 -1e+10 9.99999999e+09
9 6 -3 -5.40874813 -1e+10 9.99999999e+09
10 6 -3 -5.76236236 -1e+10 9.99999999e+09
11 6 -3 -6.183505 -1e+10 9.99999999e+09
12 6 -3 -6.70609475 -1e+10 9.99999999e+09
13 6 -3 -7.29807264 -1e+10 9.99999999e+09
14 6 -3 -7.94904763 -1e+10 9.99999999e+09
15 6 -3 -8.64715357 -1e+10 9.99999999e+09
-3 7 -3 -8.69782565 -1e+10 9.99999999e+09
-2 7 -3 -8.00413903 -1e+10 9.99999999e+09
-1 7 -3 -7.35723556 -1e+10 9.99999999e+09
0 7 -3 -6.76907149 -1e+10 9.99999999e+09
1 7 -3 -6.25033827 -1e+10 9.99999999e+09
2 7 -3 -5.83305147 -1e+10 9.99999999e+09
3 7 -3 -5.48441512 -1e+10 9.99999999e+09
4 7 -3 -5.20877086 -1e+10 9.99999999e+09
5 7 -3 -5.0466436 -1e+10 9.99999999e+09
6 7 -3 -4.96053704 -1e+10 1e+10
7 7 -3 -5.0466436 -1e+10 9.99999999e+09
8 7 -3 -5.20877086 -1e+10 9.99999999e+09
9 7 -3 -5.48438672 -1e+10 9.99999999e+09
10 7 -3 -5.83306756 -1e+10 9.99999999e+09
11 7 -3 -6.25033827 -1e+10 9.99999999e+09
12 7 -3 -6.76907149 -1e+10 9.99999999e+09
13 7 -3 -7.35723556 -1e+10 9.99999999e+09
14 7 -3 -8.00414046 -1e+10 9.99999999e+09
15 7 -3 -8.69782565 -1e+10 9.99999999e+09
-3 8 -3 -8.81844614 -1e+10 9.99999999e+09
-2 8 -3 -8.12485667 -1e+10 9.99999999e+09
-1 8 -3 -7.47876303 -1e+10 9.99999999e+09
0 8 -3 -6.89139322 -1e+10 9.99999999e+09
1 8 -3 -6.3781993 -1e+10 9.99999999e+09
2 8 -3 -5.96515594 -1e+10 9.99999999e+09
3 8 -3 -5.62114643 -1e+10 9.99999999e+09
4 8 -3 -5.35631049 -1e+10 9.99999999e+09
5 8 -3 -5.20877086 -1e+10 9.99999999e+09
6 8 -3 -5.12580997 -1e+10 9.99999999e+09
7 8 -3 -5.20877086 -1e+10 9.99999999e+09
8 8 -3 -5.35631049 -1e+10 9.99999999e+09
9 8 -3 -5.62114643 -1e+10 9.99999999e+09
10 8 -3 -5.96515594 -1e+10 9.99999999e+09
11 8 -3 -6.3781993 -1e+10 9.99999999e+09
12 8 -3 -6.89139322 -1e+10 9.99999999e+09
13 8 -3 -7.47876303 -1e+10 9.99999999e+09
14 8 -3 -8.12485667 -1e+10 9.99999999e+09
15 8 -3 -8.81844614 -1e+10 9.99999999e+09
-3 9 -3 -8.99402891 -1e+10 9.99999999e+09
-2 9 -3 -8.31451695 -1e+10 9.99999999e+09
-1 9 -3 -7.68089471 -1e+10 9.99999999e+09
0 9 -3 -7.10761213 -1e+10 9.99999999e+09
1 9 -3 -6.60940777 -1e+10 9.99999999e+09
2 9 -3 -6.20917976 -1e+10 9.99999999e+09
3 9 -3 -5.87514423 -1e+10 9.99999999e+09
4 9 -3 -5.62114643 -1e+10 9.99999999e+09
5 9 -3 -5.48441512 -1e+10 9.99999999e+09
6 9 -3 -5.40874813 -1e+10 9.99999999e+09
7 9 -3 -5.48438672 -1e+10 9.99999999e+09
8 9 -3 -5.62114643 -1e+10 9.99999999e+09
9 9 -3 -5.87517136 -1e+10 9.99999999e+09
10 9 -3 -6.20917976 -1e+10 9.99999999e+09
11 9 -3 -6.60940777 -1e+10 9.99999999e+09
12 9 -3 -7.10761213 -1e+10 9.99999999e+09
13 9 -3 -7.68089471 -1e+10 9.99999999e+09
14 9 -3 -8.31451695 -1e+10 9.99999999e+09
15 9 -3 -8.99402891 -1e+10 9.99999999e+09
-3 10 -3 -9.26333687 -1e+10 9.99999999e+09
-2 10 -3 -8.60282287 -1e+10 9.99999999e+09
-1 10 -3 -7.9897796 -1e+10 9.99999999e+09
0 10 -3 -7.43225234 -1e+10 9.99999999e+09
1 10 -3 -6.95014993 -1e+10 9.99999999e+09
2 10 -3 -6.55491397 -1e+10 9.99999999e+09
3 10 -3 -6.20917976 -1e+10 9.99999999e+09
4 10 -3 -5.96515594 -1e+10 9.99999999e+09
5 10 -3 -5.83305147 -1e+10 9.99999999e+09
6 10 -3 -5.76236236 -1e+10 9.99999999e+09
7 10 -3 -5.83306756 -1e+10 9.99999999e+09
8 10 -3 -5.96515594 -1e+10 9.99999999e+09
9 10 -3 -6.20917976 -1e+10 9.99999999e+09
10 10 -3 -6.55491397 -1e+10 9.99999999e+09
11 10 -3 -6.95014993 -1e+10 9.99999999e+09
12 10 -3 -7.43225234 -1e+10 9.99999999e+09
13 10 -3 -7.9897796 -1e+10 9.99999999e+09
14 10 -3 -8.60282287 -1e+10 9.99999999e+09
15 10 -3 -9.26333687 -1e+10 9.99999999e+09
-3 11 -3 -9.61532053 -1e+10 9.99999999e+09
-2 11 -3 -8.97238005 -1e+10 9.99999999e+09
-1 11 -3 -8.36726609 -1e+10 9.99999999e+09
0 11 -3 -7.82133502 -1e+10 9.99999999e+09
1 11 -3 -7.35417535 -1e+10 9.99999999e+09
2 11 -3 -6.95014993 -1e+10 9.99999999e+09
3 11 -3 -6.60940777 -1e+10 9.99999999e+09
4 11 -3 -6.3781993 -1e+10 9.99999999e+09
5 11 -3 -6.25033827 -1e+10 9.99999999e+09
6 11 -3 -6.183505 -1e+10 9.99999999e+09
7 11 -3 -6.25033827 -1e+10 9.99999999e+09
8 11 -3 -6.3781993 -1e+10 9.99999999e+09
9 11 -3 -6.60940777 -1e+10 9.99999999e+09
10 11 -3 -6.95014993 -1e+10 9.99999999e+09
11 11 -3 -7.35418628 -1e+10 9.99999999e+09
12 11 -3 -7.82133502 -1e+10 9.99999999e+09
13 11 -3 -8.36726609 -1e+10 9.99999999e+09
14 11 -3 -8.97237976 -1e+10 9.99999999e+09
15 11 -3 -9.61532053 -1e+10 9.99999999e+09
-3 12 -3 -10.0058125 -1e+10 9.99999999e+09
-2 12 -3 -9.37910763 -1e+10 9.99999999e+09
-1 12 -3 -8.79462822 -1e+10 9.99999999e+09
0 12 -3 -8.27133897 -1e+10 9.99999999e+09
1 12 -3 -7.82133502 -1e+10 9.99999999e+09
2 12 -3 -7.43225234 -1e+10 9.99999999e+09
3 12 -3 -7.10761213 -1e+10 9.99999999e+09
4 12 -3 -6.89139322 -1e+10 9.99999999e+09
5 12 -3 -6.76907149 -1e+10 9.99999999e+09
6 12 -3 -6.70609475 -1e+10 9.99999999e+09
7 12 -3 -6.76907149 -1e+10 9.99999999e+09
8 12 -3 -6.89139322 -1e+10 9.99999999e+09
9 12 -3 -7.10761213 -1e+10 9.99999999e+09
10 12 -3 -7.43225234 -1e+10 9.99999999e+09
11 12 -3 -7.82133502 -1e+10 9.99999999e+09
12 12 -3 -8.27133897 -1e+10 9.99999999e+09
13 12 -3 -8.79462822 -1e+10 9.99999999e+09
14 12 -3 -9.37910763 -1e+10 9.99999999e+09
15 12 -3 -10.0058125 -1e+10 9.99999999e+09
-3 13 -3 -10.4494503 -1e+10 9.99999999e+09
-2 13 -3 -9.84688301 -1e+10 9.99999999e+09
-1 13 -3 -9.28984058 -1e+10 9.99999999e+09
0 13 -3 -8.79462822 -1e+10 9.99999999e+09
1 13 -3 -8.36726609 -1e+10 9.99999999e+09
2 13 -3 -7.9897796 -1e+10 9.99999999e+09
3 13 -3 -7.68089471 -1e+10 9.99999999e+09
4 13 -3 -7.47876303 -1e+10 9.99999999e+09
5 13 -3 -7.35723556 -1e+10 9.99999999e+09
6 13 -3 -7.29807264 -1e+10 9.99999999e+09
7 13 -3 -7.35723556 -1e+10 9.99999999e+09
8 13 -3 -7.47876303 -1e+10 9.99999999e+09
9 13 -3 -7.68089471 -1e+10 9.99999999e+09
10 13 -3 -7.9897796 -1e+10 9.99999999e+09
11 13 -3 -8.36726609 -1e+10 9.99999999e+09
12 13 -3 -8.79462822 -1e+10 9.99999999e+09
13 13 -3 -9.28984058 -1e+10 9.99999999e+09
14 13 -3 -9.84688301 -1e+10 9.99999999e+09
15 13 -3 -10.4494503 -1e+10 9.99999999e+09
-3 14 -3 -10.9562983 -1e+10 9.99999999e+09
-2 14 -3 -10.3794432 -1e+10 9.99999999e+09
-1 14 -3 -9.84688301 -1e+10 9.99999999e+09
0 14 -3 -9.37910763 -1e+10 9.99999999e+09
1 14 -3 -8.97237976 -1e+10 9.99999999e+09
2 14 -3 -8.60282287 -1e+10 9.99999999e+09
3 14 -3 -8.31451695 -1e+10 9.99999999e+09
4 14 -3 -8.12485667 -1e+10 9.99999999e+09
5 14 -3 -8.00414046 -1e+10 9.99999999e+09
6 14 -3 -7.94904763 -1e+10 9.99999999e+09
7 14 -3 -8.00413903 -1e+10 9.99999999e+09
8 14 -3 -8.12485667 -1e+10 9.99999999e+09
9 14 -3 -8.31451695 -1e+10 9.99999999e+09
10 14 -3 -8.60282287 -1e+10 9.99999999e+09
11 14 -3 -8.97238005 -1e+10 9.99999999e+09
12 14 -3 -9.37910763 -1e+10 9.99999999e+09
13 14 -3 -9.84688301 -1e+10 9.99999999e+09
14 14 -3 -10.3794432 -1e+10 9.99999999e+09
15 14 -3 -10.9562983 -1e+10 9.99999999e+09
-3 15 -3 -11.5135676 -1e+10 9.99999999e+09
-2 15 -3 -10.9562983 -1e+10 9.99999999e+09
-1 15 -3 -10.4494503 -1e+10 9.99999999e+09
0 15 -3 -10.0058125 -1e+10 9.99999999e+09
1 15 -3 -9.61532053 -1e+10 9.99999999e+09
2 15 -3 -9.26333687 -1e+10 9.99999999e+09
3 15 -3 -8.99402891 -1e+10 9.99999999e+09
4 15 -3 -8.81847237 -1e+10 9.99999999e+09
5 15 -3 -8.69782565 -1e+10 9.99999999e+09
6 15 -3 -8.64715357 -1e+10 9.99999999e+09
7 15 -3 -8.69782565 -1e+10 9.99999999e+09
8 15 -3 -8.81844614 -1e+10 9.99999999e+09
9 15 -3 -8.99402891 -1e+10 9.99999999e+09
10 15 -3 -9.26333687 -1e+10 9.99999999e+09
11 15 -3 -9.61532053 -1e+10 9.99999999e+09
12 15 -3 -10.0058125 -1e+10 9.99999999e+09
13 15 -3 -10.4494503 -1e+10 9.99999999e+09
14 15 -3 -10.9562983 -1e+10 9.99999999e+09
15 15 -3 -11.5135676 -1e+10 9.99999999e+09
-3 -3 -2 -10.9562983 -1e+10 9.99999999e+09
-2 -3 -2 -10.3794432 -1e+10 9.99999999e+09
-1 -3 -2 -9.84688301 -1e+10 9.99999999e+09
0 -3 -2 -9.37910763 -1e+10 9.99999999e+09
1 -3 -2 -8.97237976 -1e+10 9.99999999e+09
2 -3 -2 -8.60282287 -1e+10 9.99999999e+09
3 -3 -2 -8.31451695 -1e+10 9.99999999e+09
4 -3 -2 -8.12485667 -1e+10 9.99999999e+09
5 -3 -2 -8.00414046 -1e+10 9.99999999e+09
6 -3 -2 -7.94904763 -1e+10 9.99999999e+09
7 -3 -2 -8.00413903 -1e+10 9.99999999e+09
8 -3 -2 -8.12485667 -1e+10 9.99999999e+09
9 -3 -2 -8.31451695 -1e+10 9.99999999e+09
10 -3 -2 -8.60282287 -1e+10 9.99999999e+09
11 -3 -2 -8.97238005 -1e+10 9.99999999e+09
12 -3 -2 -9.37910763 -1e+10 9.99999999e+09
13 -3 -2 -9.84688301 -1e+10 9.99999999e+09
14 -3 -2 -10.3794432 -1e+10 9.99999999e+09
15 -3 -2 -10.9562983 -1e+10 9.99999999e+09
-3 -2 -2 -10.3794432 -1e+10 9.99999999e+09
-2 -2 -2 -9.78151675 -1e+10 9.99999999e+09
-1 -2 -2 -9.22708784 -1e+10 9.99999999e+09
0 -2 -2 -8.73229714 -1e+10 9.99999999e+09
1 -2 -2 -8.31000279 -1e+10 9.99999999e+09
2 -2 -2 -7.93341573 -1e+10 9.99999999e+09
3 -2 -2 -7.62141647 -1e+10 9.99999999e+09
4 -2 -2 -7.4166401 -1e+10 9.99999999e+09
5 -2 -2 -7.29291521 -1e+10 9.99999999e+09
6 -2 -2 -7.23294001 -1e+10 9.99999999e+09
7 -2 -2 -7.29291521 -1e+10 9.99999999e+09
8 -2 -2 -7.4166401 -1e+10 9.99999999e+09
9 -2 -2 -7.62141647 -1e+10 9.99999999e+09
10 -2 -2 -7.93341573 -1e+10 9.99999999e+09
11 -2 -2 -8.31000279 -1e+10 9.99999999e+09
12 -2 -2 -8.73229714 -1e+10 9.99999999e+09
13 -2 -2 -9.22708784 -1e+10 9.99999999e+09
14 -2 -2 -9.78151675 -1e+10 9.99999999e+09
15 -2 -2 -10.3794432 -1e+10 9.99999999e+09
-3 -1 -2 -9.84688301 -1e+10 9.99999999e+09
-2 -1 -2 -9.22708784 -1e+10 9.99999999e+09
-1 -1 -2 -8.64954218 -1e+10 9.99999999e+09
0 -1 -2 -8.12516358 -1e+10 9.99999999e+09
1 -1 -2 -7.67783895 -1e+10 9.99999999e+09
2 -1 -2 -7.28385578 -1e+10 9.99999999e+09
3 -1 -2 -6.94846571 -1e+10 9.99999999e+09
4 -1 -2 -6.72692485 -1e+10 9.99999999e+09
5 -1 -2 -6.6005447 -1e+10 9.99999999e+09
6 -1 -2 -6.53592753 -1e+10 9.99999999e+09
7 -1 -2 -6.6005447 -1e+10 9.99999999e+09
8 -1 -2 -6.72692485 -1e+10 9.99999999e+09
9 -1 -2 -6.94846571 -1e+10 9.99999999e+09
10 -1 -2 -7.28385578 -1e+10 9.99999999e+09
11 -1 -2 -7.67783895 -1e+10 9.99999999e+09
12 -1 -2 -8.12516358 -1e+10 9.99999999e+09
13 -1 -2 -8.64954218 -1e+10 9.99999999e+09
14 -1 -2 -9.22708784 -1e+10 9.99999999e+09
15 -1 -2 -9.84688301 -1e+10 9.99999999e+09
-3 0 -2 -9.37910763 -1e+10 9.99999999e+09
-2 0 -2 -8.73228947 -1e+10 9.99999999e+09
-1 0 -2 -8.12516358 -1e+10 9.99999999e+09
0 0 -2 -7.56945284 -1e+10 9.99999999e+09
1 0 -2 -7.09003664 -1e+10 9.99999999e+09
2 0 -2 -6.68218153 -1e+10 9.99999999e+09
3 0 -2 -6.33176501 -1e+10 9.99999999e+09
4 0 -2 -6.09175814 -1e+10 9.99999999e+09
5 0 -2 -5.96268395 -1e+10 9.99999999e+09
6 0 -2 -5.89428874 -1e+10 9.99999999e+09
7 0 -2 -5.96268395 -1e+10 9.99999999e+09
8 0 -2 -6.09175814 -1e+10 9.99999999e+09
9 0 -2 -6.33176501 -1e+10 9.99999999e+09
10 0 -2 -6.68218153 -1e+10 9.99999999e+09
11 0 -2 -7.09003664 -1e+10 9.99999999e+09
12 0 -2 -7.56945284 -1e+10 9.99999999e+09
13 0 -2 -8.12516358 -1e+10 9.99999999e+09
14 0 -2 -8.73229714 -1e+10 9.99999999e+09
15 0 -2 -9.37910763 -1e+10 9.99999999e+09
-3 1 -2 -8.97238005 -1e+10 9.99999999e+09
-2 1 -2 -8.31000279 -1e+10 9.99999999e+09
-1 1 -2 -7.67783895 -1e+10 9.99999999e+09
0 1 -2 -7.09003664 -1e+10 9.99999999e+09
1 1 -2 -6.57755672 -1e+10 9.99999999e+09
2 1 -2 -6.15084042 -1e+10 9.99999999e+09
3 1 -2 -5.78740532 -1e+10 9.99999999e+09
4 1 -2 -5.52801252 -1e+10 9.99999999e+09
5 1 -2 -5.39441674 -1e+10 9.99999999e+09
6 1 -2 -5.32214553 -1e+10 9.99999999e+09
7 1 -2 -5.39435374 -1e+10 9.99999999e+09
8 1 -2 -5.52801252 -1e+10 9.99999999e+09
9 1 -2 -5.78740532 -1e+10 9.99999999e+09
10 1 -2 -6.15084042 -1e+10 9.99999999e+09
11 1 -2 -6.57755672 -1e+10 9.99999999e+09
12 1 -2 -7.09003664 -1e+10 9.99999999e+09
13 1 -2 -7.67783895 -1e+10 9.99999999e+09
14 1 -2 -8.31000279 -1e+10 9.99999999e+09
15 1 -2 -8.97237976 -1e+10 9.99999999e+09
-3 2 -2 -8.60282287 -1e+10 9.99999999e+09
-2 2 -2 -7.93341573 -1e+10 9.99999999e+09
-1 2 -2 -7.28385578 -1e+10 9.99999999e+09
0 2 -2 -6.68218153 -1e+10 9.99999999e+09
1 2 -2 -6.15084042 -1e+10 9.99999999e+09
2 2 -2 -5.71494204 -1e+10 9.99999999e+09
3 2 -2 -5.33982128 -1e+10 9.99999999e+09
4 2 -2 -5.06075008 -1e+10 9.99999999e+09
5 2 -2 -4.91839649 -1e+10 1e+10
6 2 -2 -4.84192311 -1e+10 1e+10
7 2 -2 -4.91839649 -1e+10 1e+10
8 2 -2 -5.06075008 -1e+10 9.99999999e+09
9 2 -2 -5.33982128 -1e+10 9.99999999e+09
10 2 -2 -5.71494204 -1e+10 9.99999999e+09
11 2 -2 -6.15084042 -1e+10 9.99999999e+09
12 2 -2 -6.68218153 -1e+10 9.99999999e+09
13 2 -2 -7.28385578 -1e+10 9.99999999e+09
14 2 -2 -7.93341573 -1e+10 9.99999999e+09
15 2 -2 -8.60282287 -1e+10 9.99999999e+09
-3 3 -2 -8.31451695 -1e+10 9.99999999e+09
-2 3 -2 -7.62141647 -1e+10 9.99999999e+09
-1 3 -2 -6.94846571 -1e+10 9.99999999e+09
0 3 -2 -6.33176501 -1e+10 9.99999999e+09
1 3 -2 -5.78740532 -1e+10 9.99999999e+09
2 3 -2 -5.33982128 -1e+10 9.99999999e+09
3 3 -2 -4.98508573 -1e+10 1e+10
4 3 -2 -4.69960264 -1e+10 1e+10
5 3 -2 -4.55167322 -1e+10 1e+10
6 3 -2 -4.47132498 -1e+10 1e+10
7 3 -2 -4.55167322 -1e+10 1e+10
8 3 -2 -4.69959923 -1e+10 1e+10
9 3 -2 -4.98508573 -1e+10 1e+10
10 3 -2 -5.33982128 -1e+10 9.99999999e+09
11 3 -2 -5.78740532 -1e+10 9.99999999e+09
12 3 -2 -6.33176501 -1e+10 9.99999999e+09
13 3 -2 -6.94846571 -1e+10 9.99999999e+09
14 3 -2 -7.62141647 -1e+10 9.99999999e+09
15 3 -2 -8.31451695 -1e+10 9.99999999e+09
-3 4 -2 -8.12485667 -1e+10 9.99999999e+09
-2 4 -2 -7.4166401 -1e+10 9.99999999e+09
-1 4 -2 -6.72692485 -1e+10 9.99999999e+09
0 4 -2 -6.09175814 -1e+10 9.99999999e+09
1 4 -2 -5.52801252 -1e+10 9.99999999e+09
2 4 -2 -5.06075008 -1e+10 9.99999999e+09
3 4 -2 -4.69959923 -1e+10 1e+10
4 4 -2 -4.40393739 -1e+10 1e+10
5 4 -2 -4.24565622 -1e+10 1e+10
6 4 -2 -4.1527058 -1e+10 1e+10
7 4 -2 -4.24565852 -1e+10 1e+10
8 4 -2 -4.40393739 -1e+10 1e+10
9 4 -2 -4.69960264 -1e+10 1e+10
10 4 -2 -5.06075008 -1e+10 9.99999999e+09
11 4 -2 -5.52801252 -1e+10 9.99999999e+09
12 4 -2 -6.09175814 -1e+10 9.99999999e+09
13 4 -2 -6.72692485 -1e+10 9.99999999e+09
14 4 -2 -7.4166401 -1e+10 9.99999999e+09
15 4 -2 -8.12485667 -1e+10 9.99999999e+09
-3 5 -2 -8.00413903 -1e+10 9.99999999e+09
-2 5 -2 -7.29291521 -1e+10 9.99999999e+09
-1 5 -2 -6.6005447 -1e+10 9.99999999e+09
0 5 -2 -5.96268395 -1e+10 9.99999999e+09
1 5 -2 -5.39435374 -1e+10 9.99999999e+09
2 5 -2 -4.91839649 -1e+10 1e+10
3 5 -2 -4.55167322 -1e+10 1e+10
4 5 -2 -4.24565622 -1e+10 1e+10
5 5 -2 -4.07165204 -1e+10 1e+10
6 5 -2 -3.97400074 -1e+10 1e+10
7 5 -2 -4.07163601 -1e+10 1e+10
8 5 -2 -4.24565852 -1e+10 1e+10
9 5 -2 -4.55167322 -1e+10 1e+10
10 5 -2 -4.91839649 -1e+10 1e+10
11 5 -2 -5.39441674 -1e+10 9.99999999e+09
12 5 -2 -5.96268395 -1e+10 9.99999999e+09
13 5 -2 -6.6005447 -1e+10 9.99999999e+09
14 5 -2 -7.29291521 -1e+10 9.99999999e+09
15 5 -2 -8.00414046 -1e+10 9.99999999e+09
-3 6 -2 -7.94904763 -1e+10 9.99999999e+09
-2 6 -2 -7.23294001 -1e+10 9.99999999e+09
-1 6 -2 -6.53592753 -1e+10 9.99999999e+09
0 6 -2 -5.89428874 -1e+10 9.99999999e+09
1 6 -2 -5.32214553 -1e+10 9.99999999e+09
2 6 -2 -4.84192311 -1e+10 1e+10
3 6 -2 -4.47132498 -1e+10 1e+10
4 6 -2 -4.1527058 -1e+10 1e+10
5 6 -2 -3.97400074 -1e+10 1e+10
6 6 -2 -3.87342077 -1e+10 1e+10
7 6 -2 -3.97400074 -1e+10 1e+10
8 6 -2 -4.1527058 -1e+10 1e+10
9 6 -2 -4.47132498 -1e+10 1e+10
10 6 -2 -4.84192311 -1e+10 1e+10
11 6 -2 -5.32214553 -1e+10 9.99999999e+09
12 6 -2 -5.89428874 -1e+10 9.99999999e+09
13 6 -2 -6.53592753 -1e+10 9.99999999e+09
14 6 -2 -7.23294001 -1e+10 9.99999999e+09
15 6 -2 -7.94904763 -1e+10 9.99999999e+09
-3 7 -2 -8.00414046 -1e+10 9.99999999e+09
-2 7 -2 -7.29291521 -1e+10 9.99999999e+09
-1 7 -2 -6.6005447 -1e+10 9.99999999e+09
0 7 -2 -5.96268395 -1e+10 9.99999999e+09
1 7 -2 -5.39441674 -1e+10 9.99999999e+09
2 7 -2 -4.91839649 -1e+10 1e+10
3 7 -2 -4.55167322 -1e+10 1e+10
4 7 -2 -4.24565852 -1e+10 1e+10
5 7 -2 -4.07163601 -1e+10 1e+10
6 7 -2 -3.97400074 -1e+10 1e+10
7 7 -2 -4.07165204 -1e+10 1e+10
8 7 -2 -4.24565622 -1e+10 1e+10
9 7 -2 -4.55167322 -1e+10 1e+10
10 7 -2 -4.91839649 -1e+10 1e+10
11 7 -2 -5.39435374 -1e+10 9.99999999e+09
12 7 -2 -5.96268395 -1e+10 9.99999999e+09
13 7 -2 -6.6005447 -1e+10 9.99999999e+09
14 7 -2 -7.29291521 -1e+10 9.99999999e+09
15 7 -2 -8.00413903 -1e+10 9.99999999e+09
-3 8 -2 -8.12485667 -1e+10 9.99999999e+09
-2 8 -2 -7.4166401 -1e+10 9.99999999e+09
-1 8 -2 -6.72692485 -1e+10 9.99999999e+09
0 8 -2 -6.09175814 -1e+10 9.99999999e+09
1 8 -2 -5.52801252 -1e+10 9.99999999e+09
2 8 -2 -5.06075008 -1e+10 9.99999999e+09
3 8 -2 -4.69960264 -1e+10 1e+10
4 8 -2 -4.40393739 -1e+10 1e+10
5 8 -2 -4.24565852 -1e+10 1e+10
6 8 -2 -4.1527058 -1e+10 1e+10
7 8 -2 -4.24565622 -1e+10 1e+10
8 8 -2 -4.40393739 -1e+10 1e+10
9 8 -2 -4.69959923 -1e+10 1e+10
10 8 -2 -5.06075008 -1e+10 9.99999999e+09
11 8 -2 -5.52801252 -1e+10 9.99999999e+09
12 8 -2 -6.09175814 -1e+10 9.99999999e+09
13 8 -2 -6.72692485 -1e+10 9.99999999e+09
14 8 -2 -7.4166401 -1e+10 9.99999999e+09
15 8 -2 -8.12485667 -1e+10 9.99999999e+09
-3 9 -2 -8.31451695 -1e+10 9.99999999e+09
-2 9 -2 -7.62141647 -1e+10 9.99999999e+09
-1 9 -2 -6.94846571 -1e+10 9.99999999e+09
0 9 -2 -6.33176501 -1e+10 9.99999999e+09
1 9 -2 -5.78740532 -1e+10 9.99999999e+09
2 9 -2 -5.33982128 -1e+10 9.99999999e+09
3 9 -2 -4.98508573 -1e+10 1e+10
4 9 -2 -4.69959923 -1e+10 1e+10
5 9 -2 -4.55167322 -1e+10 1e+10
6 9 -2 -4.47132498 -1e+10 1e+10
7 9 -2 -4.55167322 -1e+10 1e+10
8 9 -2 -4.69960264 -1e+10 1e+10
9 9 -2 -4.98508573 -1e+10 1e+10
10 9 -2 -5.33982128 -1e+10 9.99999999e+09
11 9 -2 -5.78740532 -1e+10 9.99999999e+09
12 9 -2 -6.33176501 -1e+10 9.99999999e+09
13 9 -2 -6.94846571 -1e+10 9.99999999e+09
14 9 -2 -7.62141647 -1e+10 9.99999999e+09
15 9 -2 -8.31451695 -1e+10 9.99999999e+09
-3 10 -2 -8.60282287 -1e+10 9.99999999e+09
-2 10 -2 -7.93341573 -1e+10 9.99999999e+09
-1 10 -2 -7.28385578 -1e+10 9.99999999e+09
0 10 -2 -6.68218153 -1e+10 9.99999999e+09
1 10 -2 -6.15084042 -1e+10 9.99999999e+09
2 10 -2 -5.71494204 -1e+10 9.99999999e+09
3 10 -2 -5.33982128 -1e+10 9.99999999e+09
4 10 -2 -5.06075008 -1e+10 9.99999999e+09
5 10 -2 -4.91839649 -1e+10 1e+10
6 10 -2 -4.84192311 -1e+10 1e+10
7 10 -2 -4.91839649 -1e+10 1e+10
8 10 -2 -5.06075008 -1e+10 9.99999999e+09
9 10 -2 -5.33982128 -1e+10 9.99999999e+09
10 10 -2 -5.71494204 -1e+10 9.99999999e+09
11 10 -2 -6.15084042 -1e+10 9.99999999e+09
12 10 -2 -6.68218153 -1e+10 9.99999999e+09
13 10 -2 -7.28385578 -1e+10 9.99999999e+09
14 10 -2 -7.93341573 -1e+10 9.99999999e+09
15 10 -2 -8.60282287 -1e+10 9.99999999e+09
-3 11 -2 -8.97237976 -1e+10 9.99999999e+09
-2 11 -2 -8.31000279 -1e+10 9.99999999e+09
-1 11 -2 -7.67783895 -1e+10 9.99999999e+09
0 11 -2 -7.09003664 -1e+10 9.99999999e+09
1 11 -2 -6.57755672 -1e+10 9.99999999e+09
2 11 -2 -6.15084042 -1e+10 9.99999999e+09
3 11 -2 -5.78740532 -1e+10 9.99999999e+09
4 11 -2 -5.52801252 -1e+10 9.99999999e+09
5 11 -2 -5.39435374 -1e+10 9.99999999e+09
6 11 -2 -5.32214553 -1e+10 9.99999999e+09
7 11 -2 -5.39441674 -1e+10 9.99999999e+09
8 11 -2 -5.52801252 -1e+10 9.99999999e+09
9 11 -2 -5.78740532 -1e+10 9.99999999e+09
10 11 -2 -6.15084042 -1e+10 9.99999999e+09
11 11 -2 -6.57755672 -1e+10 9.99999999e+09
12 11 -2 -7.09003664 -1e+10 9.99999999e+09
13 11 -2 -7.67783895 -1e+10 9.99999999e+09
14 11 -2 -8.31000279 -1e+10 9.99999999e+09
15 11 -2 -8.97238005 -1e+10 9.99999999e+09
-3 12 -2 -9.37910763 -1e+10 9.99999999e+09
-2 12 -2 -8.73229714 -1e+10 9.99999999e+09
-1 12 -2 -8.12516358 -1e+10 9.99999999e+09
0 12 -2 -7.56945284 -1e+10 9.99999999e+09
1 12 -2 -7.09003664 -1e+10 9.99999999e+09
2 12 -2 -6.68218153 -1e+10 9.99999999e+09
3 12 -2 -6.33176501 -1e+10 9.99999999e+09
4 12 -2 -6.09175814 -1e+10 9.99999999e+09
5 12 -2 -5.96268395 -1e+10 9.99999999e+09
6 12 -2 -5.89428874 -1e+10 9.99999999e+09
7 12 -2 -5.96268395 -1e+10 9.99999999e+09
8 12 -2 -6.09175814 -1e+10 9.99999999e+09
9 12 -2 -6.33176501 -1e+10 9.99999999e+09
10 12 -2 -6.68218153 -1e+10 9.99999999e+09
11 12 -2 -7.09003664 -1e+10 9.99999999e+09
12 12 -2 -7.56945284 -1e+10 9.99999999e+09
13 12 -2 -8.12516358 -1e+10 9.99999999e+09
14 12 -2 -8.73229714 -1e+10 9.99999999e+09
15 12 -2 -9.37910763 -1e+10 9.99999999e+09
-3 13 -2 -9.84688301 -1e+10 9.99999999e+09
-2 13 -2 -9.22708784 -1e+10 9.99999999e+09
-1 13 -2 -8.64954218 -1e+10 9.99999999e+09
0 13 -2 -8.12516358 -1e+10 9.99999999e+09
1 13 -2 -7.67783895 -1e+10 9.99999999e+09
2 13 -2 -7.28385578 -1e+10 9.99999999e+09
3 13 -2 -6.94846571 -1e+10 9.99999999e+09
4 13 -2 -6.72692485 -1e+10 9.99999999e+09
5 13 -2 -6.6005447 -1e+10 9.99999999e+09
6 13 -2 -6.53592753 -1e+10 9.99999999e+09
7 13 -2 -6.6005447 -1e+10 9.99999999e+09
8 13 -2 -6.72692485 -1e+10 9.99999999e+09
9 13 -2 -6.94846571 -1e+10 9.99999999e+09
10 13 -2 -7.28385578 -1e+10 9.99999999e+09
11 13 -2 -7.67783895 -1e+10 9.99999999e+09
12 13 -2 -8.12516358 -1e+10 9.99999999e+09
13 13 -2 -8.64954218 -1e+10 9.99999999e+09
14 13 -2 -9.22708784 -1e+10 9.99999999e+09
15 13 -2 -9.84688301 -1e+10 9.99999999e+09
-3 14 -2 -10.3794432 -1e+10 9.99999999e+09
-2 14 -2 -9.78151675 -1e+10 9.99999999e+09
-1 14 -2 -9.22708784 -1e+10 9.99999999e+09
0 14 -2 -8.73228947 -1e+10 9.99999999e+09
1 14 -2 -8.31000279 -1e+10 9.99999999e+09
2 14 -2 -7.93341573 -1e+10 9.99999999e+09
3 14 -2 -7.62141647 -1e+10 9.99999999e+09
4 14 -2 -7.4166401 -1e+10 9.99999999e+09
5 14 -2 -7.29291521 -1e+10 9.99999999e+09
6 14 -2 -7.23294001 -1e+10 9.99999999e+09
7 14 -2 -7.29291521 -1e+10 9.99999999e+09
8 14 -2 -7.4166401 -1e+10 9.99999999e+09
9 14 -2 -7.62141647 -1e+10 9.99999999e+09
10 14 -2 -7.93341573 -1e+10 9.99999999e+09
11 14 -2 -8.31000279 -1e+10 9.99999999e+09
12 14 -2 -8.73229714 -1e+10 9.99999999e+09
13 14 -2 -9.22708784 -1e+10 9.99999999e+09
14 14 -2 -9.78151675 -1e+10 9.99999999e+09
15 14 -2 -10.3794432 -1e+10 9.99999999e+09
-3 15 -2 -10.9562983 -1e+10 9.99999999e+09
-2 15 -2 -10.3794432 -1e+10 9.99999999e+09
-1 15 -2 -9.84688301 -1e+10 9.99999999e+09
0 15 -2 -9.37910763 -1e+10 9.99999999e+09
1 15 -2 -8.97238005 -1e+10 9.99999999e+09
2 15 -2 -8.60282287 -1e+10 9.99999999e+09
3 15 -2 -8.31451695 -1e+10 9.99999999e+09
4 15 -2 -8.12485667 -1e+10 9.99999999e+09
5 15 -2 -8.00413903 -1e+10 9.99999999e+09
6 15 -2 -7.94904763 -1e+10 9.99999999e+09
7 15 -2 -8.00414046 -1e+10 9.99999999e+09
8 15 -2 -8.12485667 -1e+10 9.99999999e+09
9 15 -2 -8.31451695 -1e+10 9.99999999e+09
10 15 -2 -8.60282287 -1e+10 9.99999999e+09
11 15 -2 -8.97237976 -1e+10 9.99999999e+09
12 15 -2 -9.37910763 -1e+10 9.99999999e+09
13 15 -2 -9.84688301 -1e+10 9.99999999e+09
14 15 -2 -10.3794432 -1e+10 9.99999999e+09
15 15 -2 -10.9562983 -1e+10 9.99999999e+09
-3 -3 -1 -10.4494503 -1e+10 9.99999999e+09
-2 -3 -1 -9.84688301 -1e+10 9.99999999e+09
-1 -3 -1 -9.28984058 -1e+10 9.99999999e+09
0 -3 -1 -8.79462822 -1e+10 9.99999999e+09
1 -3 -1 -8.36726609 -1e+10 9.99999999e+09
2 -3 -1 -7.9897796 -1e+10 9.99999999e+09
3 -3 -1 -7.68089471 -1e+10 9.99999999e+09
4 -3 -1 -7.47876303 -1e+10 9.99999999e+09
5 -3 -1 -7.35723556 -1e+10 9.99999999e+09
6 -3 -1 -7.29807264 -1e+10 9.99999999e+09
7 -3 -1 -7.35723556 -1e+10 9.99999999e+09
8 -3 -1 -7.47876303 -1e+10 9.99999999e+09
9 -3 -1 -7.68089471 -1e+10 9.99999999e+09
10 -3 -1 -7.9897796 -1e+10 9.99999999e+09
11 -3 -1 -8.36726609 -1e+10 9.99999999e+09
12 -3 -1 -8.79462822 -1e+10 9.99999999e+09
13 -3 -1 -9.28984058 -1e+10 9.99999999e+09
14 -3 -1 -9.84688301 -1e+10 9.99999999e+09
15 -3 -1 -10.4494503 -1e+10 9.99999999e+09
-3 -2 -1 -9.84688301 -1e+10 9.99999999e+09
-2 -2 -1 -9.22708784 -1e+10 9.99999999e+09
-1 -2 -1 -8.64954218 -1e+10 9.99999999e+09
0 -2 -1 -8.12516358 -1e+10 9.99999999e+09
1 -2 -1 -7.67783895 -1e+10 9.99999999e+09
2 -2 -1 -7.28385578 -1e+10 9.99999999e+09
3 -2 -1 -6.94846571 -1e+10 9.99999999e+09
4 -2 -1 -6.72692485 -1e+10 9.99999999e+09
5 -2 -1 -6.6005447 -1e+10 9.99999999e+09
6 -2 -1 -6.53592753 -1e+10 9.99999999e+09
7 -2 -1 -6.6005447 -1e+10 9.99999999e+09
8 -2 -1 -6.72692485 -1e+10 9.99999999e+09
9 -2 -1 -6.94846571 -1e+10 9.99999999e+09
10 -2 -1 -7.28385578 -1e+10 9.99999999e+09
11 -2 -1 -7.67783895 -1e+10 9.99999999e+09
12 -2 -1 -8.12516358 -1e+10 9.99999999e+09
13 -2 -1 -8.64954218 -1e+10 9.99999999e+09
14 -2 -1 -9.22708784 -1e+10 9.99999999e+09
15 -2 -1 -9.84688301 -1e+10 9.99999999e+09
-3 -1 -1 -9.28984058 -1e+10 9.99999999e+09
-2 -1 -1 -8.64954218 -1e+10 9.99999999e+09
-1 -1 -1 -8.04946594 -1e+10 9.99999999e+09
0 -1 -1 -7.49800424 -1e+10 9.99999999e+09
1 -1 -1 -7.01891152 -1e+10 9.99999999e+09
2 -1 -1 -6.61870633 -1e+10 9.99999999e+09
3 -1 -1 -6.26398977 -1e+10 9.99999999e+09
4 -1 -1 -6.02042612 -1e+10 9.99999999e+09
5 -1 -1 -5.88868143 -1e+10 9.99999999e+09
6 -1 -1 -5.81872644 -1e+10 9.99999999e+09
7 -1 -1 -5.88868143 -1e+10 9.99999999e+09
8 -1 -1 -6.02042612 -1e+10 9.99999999e+09
9 -1 -1 -6.26398977 -1e+10 9.99999999e+09
10 -1 -1 -6.61870633 -1e+10 9.99999999e+09
11 -1 -1 -7.01891152 -1e+10 9.99999999e+09
12 -1 -1 -7.49800424 -1e+10 9.99999999e+09
13 -1 -1 -8.04946594 -1e+10 9.99999999e+09
14 -1 -1 -8.64954218 -1e+10 9.99999999e+09
15 -1 -1 -9.28984058 -1e+10 9.99999999e+09
-3 0 -1 -8.79462822 -1e+10 9.99999999e+09
-2 0 -1 -8.12516358 -1e+10 9.99999999e+09
-1 0 -1 -7.49800424 -1e+10 9.99999999e+09
0 0 -1 -6.92015737 -1e+10 9.99999999e+09
1 0 -1 -6.40832806 -1e+10 9.99999999e+09
2 0 -1 -5.98086352 -1e+10 9.99999999e+09
3 0 -1 -5.60598739 -1e+10 9.99999999e+09
4 0 -1 -5.33725018 -1e+10 9.99999999e+09
5 0 -1 -5.19769368 -1e+10 9.99999999e+09
6 0 -1 -5.12332115 -1e+10 9.99999999e+09
7 0 -1 -5.19769368 -1e+10 9.99999999e+09
8 0 -1 -5.33725018 -1e+10 9.99999999e+09
9 0 -1 -5.60598739 -1e+10 9.99999999e+09
10 0 -1 -5.98086352 -1e+10 9.99999999e+09
11 0 -1 -6.40805744 -1e+10 9.99999999e+09
12 0 -1 -6.92015737 -1e+10 9.99999999e+09
13 0 -1 -7.49800424 -1e+10 9.99999999e+09
14 0 -1 -8.12516358 -1e+10 9.99999999e+09
15 0 -1 -8.79462822 -1e+10 9.99999999e+09
-3 1 -1 -8.36726609 -1e+10 9.99999999e+09
-2 1 -1 -7.67783895 -1e+10 9.99999999e+09
-1 1 -1 -7.01891152 -1e+10 9.99999999e+09
0 1 -1 -6.40825197 -1e+10 9.99999999e+09
1 1 -1 -5.85594524 -1e+10 9.99999999e+09
2 1 -1 -5.39477018 -1e+10 9.99999999e+09
3 1 -1 -5.01185001 -1e+10 9.99999999e+09
4 1 -1 -4.71912412 -1e+10 1e+10
5 1 -1 -4.57206461 -1e+10 1e+10
6 1 -1 -4.49480819 -1e+10 1e+10
7 1 -1 -4.57206461 -1e+10 1e+10
8 1 -1 -4.71912412 -1e+10 1e+10
9 1 -1 -5.01185001 -1e+10 9.99999999e+09
10 1 -1 -5.39477018 -1e+10 9.99999999e+09
11 1 -1 -5.85594524 -1e+10 9.99999999e+09
12 1 -1 -6.40817006 -1e+10 9.99999999e+09
13 1 -1 -7.01891152 -1e+10 9.99999999e+09
14 1 -1 -7.67783895 -1e+10 9.99999999e+09
15 1 -1 -8.36726609 -1e+10 9.99999999e+09
-3 2 -1 -7.9897796 -1e+10 9.99999999e+09
-2 2 -1 -7.28385578 -1e+10 9.99999999e+09
-1 2 -1 -6.61870633 -1e+10 9.99999999e+09
0 2 -1 -5.98086352 -1e+10 9.99999999e+09
1 2 -1 -5.39477018 -1e+10 9.99999999e+09
2 2 -1 -4.90639001 -1e+10 1e+10
3 2 -1 -4.50468982 -1e+10 1e+10
4 2 -1 -4.18973577 -1e+10 1e+10
5 2 -1 -4.03118383 -1e+10 1e+10
6 2 -1 -3.94916085 -1e+10 1e+10
7 2 -1 -4.03118383 -1e+10 1e+10
8 2 -1 -4.18973577 -1e+10 1e+10
9 2 -1 -4.50468982 -1e+10 1e+10
10 2 -1 -4.90710544 -1e+10 1e+10
11 2 -1 -5.39477018 -1e+10 9.99999999e+09
12 2 -1 -5.98086352 -1e+10 9.99999999e+09
13 2 -1 -6.61870633 -1e+10 9.99999999e+09
14 2 -1 -7.28385578 -1e+10 9.99999999e+09
15 2 -1 -7.9897796 -1e+10 9.99999999e+09
-3 3 -1 -7.68089471 -1e+10 9.99999999e+09
-2 3 -1 -6.94846571 -1e+10 9.99999999e+09
-1 3 -1 -6.26398977 -1e+10 9.99999999e+09
0 3 -1 -5.60598739 -1e+10 9.99999999e+09
1 3 -1 -5.01185001 -1e+10 9.99999999e+09
2 3 -1 -4.50468982 -1e+10 1e+10
3 3 -1 -4.11221123 -4.70814207 0.595930843
4 3 -1 -3.78898594 -4.19119266 0.402206721
5 3 -1 -3.62278139 -3.8165555 0.193774113
6 3 -1 -3.53623892 -3.68321815 0.146979227
7 3 -1 -3.62278057 -3.8165555 0.193774929
8 3 -1 -3.78898594 -4.19119266 0.402206721
9 3 -1 -4.11221123 -1e+10 1e+10
10 3 -1 -4.50468982 -1e+10 1e+10
11 3 -1 -5.01185001 -1e+10 9.99999999e+09
12 3 -1 -5.60598739 -1e+10 9.99999999e+09
13 3 -1 -6.26398977 -1e+10 9.99999999e+09
14 3 -1 -6.94846571 -1e+10 9.99999999e+09
15 3 -1 -7.68089471 -1e+10 9.99999999e+09
-3 4 -1 -7.47876303 -1e+10 9.99999999e+09
-2 4 -1 -6.72692485 -1e+10 9.99999999e+09
-1 4 -1 -6.02042612 -1e+10 9.99999999e+09
0 4 -1 -5.33725018 -1e+10 9.99999999e+09
1 4 -1 -4.71912412 -1e+10 1e+10
2 4 -1 -4.18973577 -1e+10 1e+10
3 4 -1 -3.78898594 -4.19119266 0.402206721
4 4 -1 -3.46398329 -3.72872957 0.264746274
5 4 -1 -3.28703953 -3.36041826 0.073378734
6 4 -1 -3.19065651 -3.20817875 0.0175222392
7 4 -1 -3.28703953 -3.36041826 0.073378734
8 4 -1 -3.46398329 -3.72872957 0.264746274
9 4 -1 -3.78898594 -1e+10 1e+10
10 4 -1 -4.18973577 -1e+10 1e+10
11 4 -1 -4.71912412 -1e+10 1e+10
12 4 -1 -5.33725018 -1e+10 9.99999999e+09
13 4 -1 -6.02042612 -1e+10 9.99999999e+09
14 4 -1 -6.72692485 -1e+10 9.99999999e+09
15 4 -1 -7.47876303 -1e+10 9.99999999e+09
-3 5 -1 -7.35723556 -1e+10 9.99999999e+09
-2 5 -1 -6.6005447 -1e+10 9.99999999e+09
-1 5 -1 -5.88868195 -1e+10 9.99999999e+09
0 5 -1 -5.19769368 -1e+10 9.99999999e+09
1 5 -1 -4.57206461 -1e+10 1e+10
2 5 -1 -4.03118383 -1e+10 1e+10
3 5 -1 -3.62278139 -3.8165555 0.193774113
4 5 -1 -3.28703953 -3.36041826 0.073378734
5 5 -1 -3.09569724 -3.10487465 0.00917741157
6 5 -1 -2.98723041 -2.97769802 -0.00953239633
7 5 -1 -3.09567732 -3.10487465 0.00919733429
8 5 -1 -3.28703953 -3.36041826 0.073378734
9 5 -1 -3.62278057 -1e+10 1e+10
10 5 -1 -4.03118383 -1e+10 1e+10
11 5 -1 -4.57206461 -1e+10 1e+10
12 5 -1 -5.19769368 -1e+10 9.99999999e+09
13 5 -1 -5.88868143 -1e+10 9.99999999e+09
14 5 -1 -6.6005447 -1e+10 9.99999999e+09
15 5 -1 -7.35723556 -1e+10 9.99999999e+09
-3 6 -1 -7.29807264 -1e+10 9.99999999e+09
-2 6 -1 -6.53592753 -1e+10 9.99999999e+09
-1 6 -1 -5.81872644 -1e+10 9.99999999e+09
0 6 -1 -5.12332115 -1e+10 9.99999999e+09
1 6 -1 -4.49480819 -1e+10 1e+10
2 6 -1 -3.94916085 -1e+10 1e+10
3 6 -1 -3.53623892 -3.68321815 0.146979227
4 6 -1 -3.19065651 -3.20817875 0.0175222392
5 6 -1 -2.98723041 -2.97769802 -0.00953239633
6 6 -1 -2.87342077 -2.85375218 -0.0196685964
7 6 -1 -2.98723041 -2.97769802 -0.00953239633
8 6 -1 -3.19065651 -3.20817875 0.0175222392
9 6 -1 -3.53623892 -1e+10 1e+10
10 6 -1 -3.94916085 -1e+10 1e+10
11 6 -1 -4.49480819 -1e+10 1e+10
12 6 -1 -5.12332115 -1e+10 9.99999999e+09
13 6 -1 -5.81872644 -1e+10 9.99999999e+09
14 6 -1 -6.53592753 -1e+10 9.99999999e+09
15 6 -1 -7.29807264 -1e+10 9.99999999e+09
-3 7 -1 -7.35723556 -1e+10 9.99999999e+09
-2 7 -1 -6.6005447 -1e+10 9.99999999e+09
-1 7 -1 -5.88868143 -1e+10 9.99999999e+09
0 7 -1 -5.19769368 -1e+10 9.99999999e+09
1 7 -1 -4.57206461 -1e+10 1e+10
2 7 -1 -4.03118383 -1e+10 1e+10
3 7 -1 -3.62278057 -3.8165555 0.193774929
4 7 -1 -3.28703953 -3.36041826 0.073378734
5 7 -1 -3.09567732 -3.10487465 0.00919733429
6 7 -1 -2.98723041 -2.97769802 -0.00953239633
7 7 -1 -3.09569724 -3.10487465 0.00917741157
8 7 -1 -3.28703953 -3.36041826 0.073378734
9 7 -1 -3.62278139 -1e+10 1e+10
10 7 -1 -4.03118383 -1e+10 1e+10
11 7 -1 -4.57206461 -1e+10 1e+10
12 7 -1 -5.19769368 -1e+10 9.99999999e+09
13 7 -1 -5.88868143 -1e+10 9.99999999e+09
14 7 -1 -6.6005447 -1e+10 9.99999999e+09
15 7 -1 -7.35723556 -1e+10 9.99999999e+09
-3 8 -1 -7.47876303 -1e+10 9.99999999e+09
-2 8 -1 -6.72692485 -1e+10 9.99999999e+09
-1 8 -1 -6.02042612 -1e+10 9.99999999e+09
0 8 -1 -5.33725018 -1e+10 9.99999999e+09
1 8 -1 -4.71912412 -1e+10 1e+10
2 8 -1 -4.18973577 -1e+10 1e+10
3 8 -1 -3.78898594 -4.19119266 0.402206721
4 8 -1 -3.46398329 -3.72872957 0.264746274
5 8 -1 -3.28703953 -3.36041826 0.073378734
6 8 -1 -3.19065651 -3.20817875 0.0175222392
7 8 -1 -3.28703953 -3.36041826 0.073378734
8 8 -1 -3.46398329 -3.72872957 0.264746274
9 8 -1 -3.78898594 -1e+10 1e+10
10 8 -1 -4.18973577 -1e+10 1e+10
11 8 -1 -4.71912412 -1e+10 1e+10
12 8 -1 -5.33725018 -1e+10 9.99999999e+09
13 8 -1 -6.02042612 -1e+10 9.99999999e+09
14 8 -1 -6.72692485 -1e+10 9.99999999e+09
15 8 -1 -7.47876303 -1e+10 9.99999999e+09
-3 9 -1 -7.68089471 -1e+10 9.99999999e+09
-2 9 -1 -6.94846571 -1e+10 9.99999999e+09
-1 9 -1 -6.26398977 -1e+10 9.99999999e+09
0 9 -1 -5.60598739 -1e+10 9.99999999e+09
1 9 -1 -5.01185001 -1e+10 9.99999999e+09
2 9 -1 -4.50468982 -1e+10 1e+10
3 9 -1 -4.11221123 -1e+10 1e+10
4 9 -1 -3.78898594 -1e+10 1e+10
5 9 -1 -3.62278057 -1e+10 1e+10
6 9 -1 -3.53623892 -1e+10 1e+10
7 9 -1 -3.62278139 -1e+10 1e+10
8 9 -1 -3.78898594 -1e+10 1e+10
9 9 -1 -4.11221123 -1e+10 1e+10
10 9 -1 -4.50468982 -1e+10 1e+10
11 9 -1 -5.01185001 -1e+10 9.99999999e+09
12 9 -1 -5.60598739 -1e+10 9.99999999e+09
13 9 -1 -6.26398977 -1e+10 9.99999999e+09
14 9 -1 -6.94846571 -1e+10 9.99999999e+09
15 9 -1 -7.68089471 -1e+10 9.99999999e+09
-3 10 -1 -7.9897796 -1e+10 9.99999999e+09
-2 10 -1 -7.28385578 -1e+10 9.99999999e+09
-1 10 -1 -6.61870633 -1e+10 9.99999999e+09
0 10 -1 -5.98086352 -1e+10 9.99999999e+09
1 10 -1 -5.39477018 -1e+10 9.99999999e+09
2 10 -1 -4.90709234 -1e+10 1e+10
3 10 -1 -4.50468982 -1e+10 1e+10
4 10 -1 -4.18973577 -1e+10 1e+10
5 10 -1 -4.03118383 -1e+10 1e+10
6 10 -1 -3.94916085 -1e+10 1e+10
7 10 -1 -4.03118383 -1e+10 1e+10
8 10 -1 -4.18973577 -1e+10 1e+10
9 10 -1 -4.50468982 -1e+10 1e+10
10 10 -1 -4.90710544 -1e+10 1e+10
11 10 -1 -5.39477018 -1e+10 9.99999999e+09
12 10 -1 -5.98086352 -1e+10 9.99999999e+09
13 10 -1 -6.61870633 -1e+10 9.99999999e+09
14 10 -1 -7.28385578 -1e+10 9.99999999e+09
15 10 -1 -7.9897796 -1e+10 9.99999999e+09
-3 11 -1 -8.36726609 -1e+10 9.99999999e+09
-2 11 -1 -7.67783895 -1e+10 9.99999999e+09
-1 11 -1 -7.01891152 -1e+10 9.99999999e+09
0 11 -1 -6.40825461 -1e+10 9.99999999e+09
1 11 -1 -5.85594524 -1e+10 9.99999999e+09
2 11 -1 -5.39477018 -1e+10 9.99999999e+09
3 11 -1 -5.01185001 -1e+10 9.99999999e+09
4 11 -1 -4.71912412 -1e+10 1e+10
5 11 -1 -4.57206461 -1e+10 1e+10
6 11 -1 -4.49480819 -1e+10 1e+10
7 11 -1 -4.57206461 -1e+10 1e+10
8 11 -1 -4.71912412 -1e+10 1e+10
9 11 -1 -5.01185001 -1e+10 9.99999999e+09
10 11 -1 -5.39477018 -1e+10 9.99999999e+09
11 11 -1 -5.85594524 -1e+10 9.99999999e+09
12 11 -1 -6.40805744 -1e+10 9.99999999e+09
13 11 -1 -7.01891152 -1e+10 9.99999999e+09
14 11 -1 -7.67783895 -1e+10 9.99999999e+09
15 11 -1 -8.36726609 -1e+10 9.99999999e+09
-3 12 -1 -8.79462822 -1e+10 9.99999999e+09
-2 12 -1 -8.12516358 -1e+10 9.99999999e+09
-1 12 -1 -7.49800424 -1e+10 9.99999999e+09
0 12 -1 -6.92015737 -1e+10 9.99999999e+09
1 12 -1 -6.40805744 -1e+10 9.99999999e+09
2 12 -1 -5.98086352 -1e+10 9.99999999e+09
3 12 -1 -5.60598739 -1e+10 9.99999999e+09
4 12 -1 -5.33725018 -1e+10 9.99999999e+09
5 12 -1 -5.19769368 -1e+10 9.99999999e+09
6 12 -1 -5.12332115 -1e+10 9.99999999e+09
7 12 -1 -5.19769368 -1e+10 9.99999999e+09
8 12 -1 -5.33725018 -1e+10 9.99999999e+09
9 12 -1 -5.60598739 -1e+10 9.99999999e+09
10 12 -1 -5.98086352 -1e+10 9.99999999e+09
11 12 -1 -6.40817006 -1e+10 9.99999999e+09
12 12 -1 -6.92015737 -1e+10 9.99999999e+09
13 12 -1 -7.49800424 -1e+10 9.99999999e+09
14 12 -1 -8.12516358 -1e+10 9.99999999e+09
15 12 -1 -8.79462822 -1e+10 9.99999999e+09
-3 13 -1 -9.28984058 -1e+10 9.99999999e+09
-2 13 -1 -8.64954218 -1e+10 9.99999999e+09
-1 13 -1 -8.04946594 -1e+10 9.99999999e+09
0 13 -1 -7.49800424 -1e+10 9.99999999e+09
1 13 -1 -7.01891152 -1e+10 9.99999999e+09
2 13 -1 -6.61870633 -1e+10 9.99999999e+09
3 13 -1 -6.26398977 -1e+10 9.99999999e+09
4 13 -1 -6.02042612 -1e+10 9.99999999e+09
5 13 -1 -5.88868195 -1e+10 9.99999999e+09
6 13 -1 -5.81872644 -1e+10 9.99999999e+09
7 13 -1 -5.88868143 -1e+10 9.99999999e+09
8 13 -1 -6.02042612 -1e+10 9.99999999e+09
9 13 -1 -6.26398977 -1e+10 9.99999999e+09
10 13 -1 -6.61870633 -1e+10 9.99999999e+09
11 13 -1 -7.01891152 -1e+10 9.99999999e+09
12 13 -1 -7.49800424 -1e+10 9.99999999e+09
13 13 -1 -8.04946594 -1e+10 9.99999999e+09
14 13 -1 -8.64954218 -1e+10 9.99999999e+09
15 13 -1 -9.28984058 -1e+10 9.99999999e+09
-3 14 -1 -9.84688301 -1e+10 9.99999999e+09
-2 14 -1 -9.22708784 -1e+10 9.99999999e+09
-1 14 -1 -8.64954218 -1e+10 9.99999999e+09
0 14 -1 -8.12516358 -1e+10 9.99999999e+09
1 14 -1 -7.67783895 -1e+10 9.99999999e+09
2 14 -1 -7.28385578 -1e+10 9.99999999e+09
3 14 -1 -6.94846571 -1e+10 9.99999999e+09
4 14 -1 -6.72692485 -1e+10 9.99999999e+09
5 14 -1 -6.6005447 -1e+10 9.99999999e+09
6 14 -1 -6.53592753 -1e+10 9.99999999e+09
7 14 -1 -6.6005447 -1e+10 9.99999999e+09
8 14 -1 -6.72692485 -1e+10 9.99999999e+09
9 14 -1 -6.94846571 -1e+10 9.99999999e+09
10 14 -1 -7.28385578 -1e+10 9.99999999e+09
11 14 -1 -7.67783895 -1e+10 9.99999999e+09
12 14 -1 -8.12516358 -1e+10 9.99999999e+09
13 14 -1 -8.64954218 -1e+10 9.99999999e+09
14 14 -1 -9.22708784 -1e+10 9.99999999e+09
15 14 -1 -9.84688301 -1e+10 9.99999999e+09
-3 15 -1 -10.4494503 -1e+10 9.99999999e+09
-2 15 -1 -9.84688301 -1e+10 9.99999999e+09
-1 15 -1 -9.28984058 -1e+10 9.99999999e+09
0 15 -1 -8.79462822 -1e+10 9.99999999e+09
1 15 -1 -8.36726609 -1e+10 9.99999999e+09
2 15 -1 -7.9897796 -1e+10 9.99999999e+09
3 15 -1 -7.68089471 -1e+10 9.99999999e+09
4 15 -1 -7.47876303 -1e+10 9.99999999e+09
5 15 -1 -7.35723556 -1e+10 9.99999999e+09
6 15 -1 -7.29807264 -1e+10 9.99999999e+09
7 15 -1 -7.35723556 -1e+10 9.99999999e+09
8 15 -1 -7.47876303 -1e+10 9.99999999e+09
9 15 -1 -7.68089471 -1e+10 9.99999999e+09
10 15 -1 -7.9897796 -1e+10 9.99999999e+09
11 15 -1 -8.36726609 -1e+10 9.99999999e+09
12 15 -1 -8.79462822 -1e+10 9.99999999e+09
13 15 -1 -9.28984058 -1e+10 9.99999999e+09
14 15 -1 -9.84688301 -1e+10 9.99999999e+09
15 15 -1 -10.4494503 -1e+10 9.99999999e+09
-3 -3 0 -10.0058125 -1e+10 9.99999999e+09
-2 -3 0 -9.37910763 -1e+10 9.99999999e+09
-1 -3 0 -8.79462822 -1e+10 9.99999999e+09
0 -3 0 -8.27133897 -1e+10 9.99999999e+09
1 -3 0 -7.82133502 -1e+10 9.99999999e+09
2 -3 0 -7.43225234 -1e+10 9.99999999e+09
3 -3 0 -7.10761213 -1e+10 9.99999999e+09
4 -3 0 -6.89139322 -1e+10 9.99999999e+09
5 -3 0 -6.76907149 -1e+10 9.99999999e+09
6 -3 0 -6.70609475 -1e+10 9.99999999e+09
7 -3 0 -6.76907149 -1e+10 9.99999999e+09
8 -3 0 -6.89139322 -1e+10 9.99999999e+09
9 -3 0 -7.10761213 -1e+10 9.99999999e+09
10 -3 0 -7.43225234 -1e+10 9.99999999e+09
11 -3 0 -7.82133502 -1e+10 9.99999999e+09
12 -3 0 -8.27133897 -1e+10 9.99999999e+09
13 -3 0 -8.79462822 -1e+10 9.99999999e+09
14 -3 0 -9.37910763 -1e+10 9.99999999e+09
15 -3 0 -10.0058125 -1e+10 9.99999999e+09
-3 -2 0 -9.37910763 -1e+10 9.99999999e+09
-2 -2 0 -8.73229714 -1e+10 9.99999999e+09
-1 -2 0 -8.12516358 -1e+10 9.99999999e+09
0 -2 0 -7.56945284 -1e+10 9.99999999e+09
1 -2 0 -7.09003664 -1e+10 9.99999999e+09
2 -2 0 -6.68218153 -1e+10 9.99999999e+09
3 -2 0 -6.33176501 -1e+10 9.99999999e+09
4 -2 0 -6.09175814 -1e+10 9.99999999e+09
5 -2 0 -5.96268395 -1e+10 9.99999999e+09
6 -2 0 -5.89428874 -1e+10 9.99999999e+09
7 -2 0 -5.96268395 -1e+10 9.99999999e+09
8 -2 0 -6.09175814 -1e+10 9.99999999e+09
9 -2 0 -6.33176501 -1e+10 9.99999999e+09
10 -2 0 -6.68218153 -1e+10 9.99999999e+09
11 -2 0 -7.09003664 -1e+10 9.99999999e+09
12 -2 0 -7.56945284 -1e+10 9.99999999e+09
13 -2 0 -8.12516358 -1e+10 9.99999999e+09
14 -2 0 -8.73228947 -1e+10 9.99999999e+09
15 -2 0 -9.37910763 -1e+10 9.99999999e+09
-3 -1 0 -8.79462822 -1e+10 9.99999999e+09
-2 -1 0 -8.12516358 -1e+10 9.99999999e+09
-1 -1 0 -7.49800424 -1e+10 9.99999999e+09
0 -1 0 -6.92015737 -1e+10 9.99999999e+09
1 -1 0 -6.40805744 -1e+10 9.99999999e+09
2 -1 0 -5.98086352 -1e+10 9.99999999e+09
3 -1 0 -5.60598739 -1e+10 9.99999999e+09
4 -1 0 -5.33725018 -1e+10 9.99999999e+09
5 -1 0 -5.19769368 -1e+10 9.99999999e+09
6 -1 0 -5.12332115 -1e+10 9.99999999e+09
7 -1 0 -5.19769368 -1e+10 9.99999999e+09
8 -1 0 -5.33725018 -1e+10 9.99999999e+09
9 -1 0 -5.60598739 -1e+10 9.99999999e+09
10 -1 0 -5.98086352 -1e+10 9.99999999e+09
11 -1 0 -6.40832806 -1e+10 9.99999999e+09
12 -1 0 -6.92015737 -1e+10 9.99999999e+09
13 -1 0 -7.49800424 -1e+10 9.99999999e+09
14 -1 0 -8.12516358 -1e+10 9.99999999e+09
15 -1 0 -8.79462822 -1e+10 9.99999999e+09
-3 0 0 -8.27133897 -1e+10 9.99999999e+09
-2 0 0 -7.56945284 -1e+10 9.99999999e+09
-1 0 0 -6.92015737 -1e+10 9.99999999e+09
0 0 0 -6.31741513 -1e+10 9.99999999e+09
1 0 0 -5.77036356 -1e+10 9.99999999e+09
2 0 0 -5.3169224 -1e+10 9.99999999e+09
3 0 0 -4.93455377 -1e+10 1e+10
4 0 0 -4.63513721 -1e+10 1e+10
5 0 0 -4.48479204 -1e+10 1e+10
6 0 0 -4.40451288 -1e+10 1e+10
7 0 0 -4.48479204 -1e+10 1e+10
8 0 0 -4.63513721 -1e+10 1e+10
9 0 0 -4.93455377 -1e+10 1e+10
10 0 0 -5.3169224 -1e+10 9.99999999e+09
11 0 0 -5.77036356 -1e+10 9.99999999e+09
12 0 0 -6.31741513 -1e+10 9.99999999e+09
13 0 0 -6.92015737 -1e+10 9.99999999e+09
14 0 0 -7.56945284 -1e+10 9.99999999e+09
15 0 0 -8.27133897 -1e+10 9.99999999e+09
-3 1 0 -7.82133502 -1e+10 9.99999999e+09
-2 1 0 -7.09003664 -1e+10 9.99999999e+09
-1 1 0 -6.40805744 -1e+10 9.99999999e+09
0 1 0 -5.77036356 -1e+10 9.99999999e+09
1 1 0 -5.1921692 -1e+10 9.99999999e+09
2 1 0 -4.69507047 -4.70560761 0.0105371381
3 1 0 -4.28952983 -4.28915315 -0.000376671882
4 1 0 -3.96085079 -3.95400624 -0.00684455347
5 1 0 -3.796531 -3.79618631 -0.000344686025
6 1 0 -3.71182561 -3.7046711 -0.00715450576
7 1 0 -3.79651754 -3.79618631 -0.000331231105
8 1 0 -3.96085079 -3.95400624 -0.00684455347
9 1 0 -4.28952983 -4.28915315 -0.000376671882
10 1 0 -4.69507047 -1e+10 1e+10
11 1 0 -5.1921692 -1e+10 9.99999999e+09
12 1 0 -5.77036356 -1e+10 9.99999999e+09
13 1 0 -6.40825461 -1e+10 9.99999999e+09
14 1 0 -7.09003664 -1e+10 9.99999999e+09
15 1 0 -7.82133502 -1e+10 9.99999999e+09
-3 2 0 -7.43225234 -1e+10 9.99999999e+09
-2 2 0 -6.68218153 -1e+10 9.99999999e+09
-1 2 0 -5.98086352 -1e+10 9.99999999e+09
0 2 0 -5.3169224 -1e+10 9.99999999e+09
1 2 0 -4.69507047 -4.70560761 0.0105371381
2 2 0 -4.14881436 -4.14418334 -0.00463102208
3 2 0 -3.71369047 -3.71319714 -0.000493328298
4 2 0 -3.36611783 -3.3634051 -0.00271272589
5 2 0 -3.188239 -3.18780478 -0.00043421504
6 2 0 -3.10062731 -3.09364541 -0.00698189906
7 2 0 -3.188239 -3.18780478 -0.00043421504
8 2 0 -3.36611783 -3.3634051 -0.00271272589
9 2 0 -3.71369047 -3.71319714 -0.000493328298
10 2 0 -4.14881436 -4.1442908 -0.00452355471
11 2 0 -4.69507047 -1e+10 1e+10
12 2 0 -5.3169224 -1e+10 9.99999999e+09
13 2 0 -5.98086352 -1e+10 9.99999999e+09
14 2 0 -6.68218153 -1e+10 9.99999999e+09
15 2 0 -7.43225234 -1e+10 9.99999999e+09
-3 3 0 -7.10761213 -1e+10 9.99999999e+09
-2 3 0 -6.33176501 -1e+10 9.99999999e+09
-1 3 0 -5.60598739 -1e+10 9.99999999e+09
0 3 0 -4.93457847 -1e+10 1e+10
1 3 0 -4.28952983 -4.28915315 -0.000376671882
2 3 0 -3.71369047 -3.71319714 -0.000493328298
3 3 0 -3.26581526 -3.26554995 -0.000265316665
4 3 0 -2.89997032 -2.89975753 -0.00021278406
5 3 0 -2.70058959 -2.69987018 -0.000719408959
6 3 0 -2.60701353 -2.597369 -0.00964452563
7 3 0 -2.70058959 -2.69987018 -0.000719408959
8 3 0 -2.89997032 -2.89975753 -0.00021278406
9 3 0 -3.26581526 -3.26554995 -0.000265316665
10 3 0 -3.71369047 -3.71319714 -0.000493328298
11 3 0 -4.28952983 -1e+10 1e+10
12 3 0 -4.9345184 -1e+10 1e+10
13 3 0 -5.60598739 -1e+10 9.99999999e+09
14 3 0 -6.33176501 -1e+10 9.99999999e+09
15 3 0 -7.10761213 -1e+10 9.99999999e+09
-3 4 0 -6.89139322 -1e+10 9.99999999e+09
-2 4 0 -6.09175814 -1e+10 9.99999999e+09
-1 4 0 -5.33725018 -1e+10 9.99999999e+09
0 4 0 -4.63513721 -1e+10 1e+10
1 4 0 -3.96085079 -3.95400624 -0.00684455347
2 4 0 -3.36611783 -3.3634051 -0.00271272589
3 4 0 -2.89997032 -2.89975753 -0.00021278406
4 4 0 -2.559039 -2.55902909 -9.91141442e-06
5 4 0 -2.34747844 -2.34742283 -5.56176909e-05
6 4 0 -2.24847011 -2.2405951 -0.00787500867
7 4 0 -2.34749432 -2.34742283 -7.14941197e-05
8 4 0 -2.559039 -2.55902909 -9.91141442e-06
9 4 0 -2.89997032 -2.89975753 -0.00021278406
10 4 0 -3.36611783 -3.3634051 -0.00271272589
11 4 0 -3.96085079 -1e+10 1e+10
12 4 0 -4.63513721 -1e+10 1e+10
13 4 0 -5.33725018 -1e+10 9.99999999e+09
14 4 0 -6.09175814 -1e+10 9.99999999e+09
15 4 0 -6.89139322 -1e+10 9.99999999e+09
-3 5 0 -6.76907149 -1e+10 9.99999999e+09
-2 5 0 -5.96268395 -1e+10 9.99999999e+09
-1 5 0 -5.19769368 -1e+10 9.99999999e+09
0 5 0 -4.48479204 -1e+10 1e+10
1 5 0 -3.79651754 -3.79618631 -0.000331231105
2 5 0 -3.188239 -3.18780478 -0.00043421504
3 5 0 -2.70058959 -2.69987018 -0.000719408959
4 5 0 -2.34749432 -2.34742283 -7.14941197e-05
5 5 0 -2.11868437 -2.11872718 4.28102714e-05
6 5 0 -1.99944261 -1.99250119 -0.00694141441
7 5 0 -2.11871039 -2.11872718 1.6789002e-05
8 5 0 -2.34747844 -2.34742283 -5.56176909e-05
9 5 0 -2.70058959 -2.69987018 -0.000719408959
10 5 0 -3.188239 -3.18780478 -0.00043421504
11 5 0 -3.796531 -1e+10 1e+10
12 5 0 -4.48479204 -1e+10 1e+10
13 5 0 -5.19769368 -1e+10 9.99999999e+09
14 5 0 -5.96268395 -1e+10 9.99999999e+09
15 5 0 -6.76907149 -1e+10 9.99999999e+09
-3 6 0 -6.70609475 -1e+10 9.99999999e+09
-2 6 0 -5.89428874 -1e+10 9.99999999e+09
-1 6 0 -5.12332115 -1e+10 9.99999999e+09
0 6 0 -4.40451288 -1e+10 1e+10
1 6 0 -3.71182561 -3.7046711 -0.00715450576
2 6 0 -3.10062731 -3.09364541 -0.00698189906
3 6 0 -2.60701353 -2.597369 -0.00964452563
4 6 0 -2.24847011 -2.2405951 -0.00787500867
5 6 0 -1.99944261 -1.99250119 -0.00694141441
6 6 0 -1.87342077 -1.85375218 -0.0196685964
7 6 0 -1.99944261 -1.99250119 -0.00694141441
8 6 0 -2.24847011 -2.2405951 -0.00787500867
9 6 0 -2.60701353 -2.597369 -0.00964452563
10 6 0 -3.10062731 -3.09364541 -0.00698189906
11 6 0 -3.71182561 -1e+10 1e+10
12 6 0 -4.40451288 -1e+10 1e+10
13 6 0 -5.12332115 -1e+10 9.99999999e+09
14 6 0 -5.89428874 -1e+10 9.99999999e+09
15 6 0 -6.70609475 -1e+10 9.99999999e+09
-3 7 0 -6.76907149 -1e+10 9.99999999e+09
-2 7 0 -5.96268395 -1e+10 9.99999999e+09
-1 7 0 -5.19769368 -1e+10 9.99999999e+09
0 7 0 -4.48479204 -1e+10 1e+10
1 7 0 -3.796531 -3.79618631 -0.000344686025
2 7 0 -3.188239 -3.18780478 -0.00043421504
3 7 0 -2.70058959 -2.69987018 -0.000719408959
4 7 0 -2.34747844 -2.34742283 -5.56176909e-05
5 7 0 -2.11871039 -2.11872718 1.6789002e-05
6 7 0 -1.99944261 -1.99250119 -0.00694141441
7 7 0 -2.11868437 -2.11872718 4.28102714e-05
8 7 0 -2.34749432 -2.34742283 -7.14941197e-05
9 7 0 -2.70058959 -2.69987018 -0.000719408959
10 7 0 -3.188239 -3.18780478 -0.00043421504
11 7 0 -3.79651754 -1e+10 1e+10
12 7 0 -4.48479204 -1e+10 1e+10
13 7 0 -5.19769368 -1e+10 9.99999999e+09
14 7 0 -5.96268395 -1e+10 9.99999999e+09
15 7 0 -6.76907149 -1e+10 9.99999999e+09
-3 8 0 -6.89139322 -1e+10 9.99999999e+09
-2 8 0 -6.09175814 -1e+10 9.99999999e+09
-1 8 0 -5.33725018 -1e+10 9.99999999e+09
0 8 0 -4.63513721 -1e+10 1e+10
1 8 0 -3.96085079 -3.95400624 -0.00684455347
2 8 0 -3.36611783 -3.3634051 -0.00271272589
3 8 0 -2.89997032 -2.89975753 -0.00021278406
4 8 0 -2.559039 -2.55902909 -9.91141442e-06
5 8 0 -2.34749432 -2.34742283 -7.14941197e-05
6 8 0 -2.24847011 -2.2405951 -0.00787500867
7 8 0 -2.34747844 -2.34742283 -5.56176909e-05
8 8 0 -2.559039 -2.55902909 -9.91141442e-06
9 8 0 -2.89997032 -2.89975753 -0.00021278406
10 8 0 -3.36611783 -3.3634051 -0.00271272589
11 8 0 -3.96085079 -1e+10 1e+10
12 8 0 -4.63513721 -1e+10 1e+10
13 8 0 -5.33725018 -1e+10 9.99999999e+09
14 8 0 -6.09175814 -1e+10 9.99999999e+09
15 8 0 -6.89139322 -1e+10 9.99999999e+09
-3 9 0 -7.10761213 -1e+10 9.99999999e+09
-2 9 0 -6.33176501 -1e+10 9.99999999e+09
-1 9 0 -5.60598739 -1e+10 9.99999999e+09
0 9 0 -4.9345184 -1e+10 1e+10
1 9 0 -4.28952983 -4.28915315 -0.000376671882
2 9 0 -3.71369047 -3.71319714 -0.000493328298
3 9 0 -3.26581526 -3.26554995 -0.000265316665
4 9 0 -2.89997032 -2.89975753 -0.00021278406
5 9 0 -2.70058959 -2.69987018 -0.000719408959
6 9 0 -2.60701353 -2.597369 -0.00964452563
7 9 0 -2.70058959 -2.69987018 -0.000719408959
8 9 0 -2.89997032 -2.89975753 -0.00021278406
9 9 0 -3.26581526 -3.26554995 -0.000265316665
10 9 0 -3.71369047 -3.71319714 -0.000493328298
11 9 0 -4.28952983 -1e+10 1e+10
12 9 0 -4.93455377 -1e+10 1e+10
13 9 0 -5.60598739 -1e+10 9.99999999e+09
14 9 0 -6.33176501 -1e+10 9.99999999e+09
15 9 0 -7.10761213 -1e+10 9.99999999e+09
-3 10 0 -7.43225234 -1e+10 9.99999999e+09
-2 10 0 -6.68218153 -1e+10 9.99999999e+09
-1 10 0 -5.98086352 -1e+10 9.99999999e+09
0 10 0 -5.3169224 -1e+10 9.99999999e+09
1 10 0 -4.69507047 -1e+10 1e+10
2 10 0 -4.14881436 -4.1442908 -0.00452355471
3 10 0 -3.71369047 -3.71319714 -0.000493328298
4 10 0 -3.36611783 -3.3634051 -0.00271272589
5 10 0 -3.188239 -3.18780478 -0.00043421504
6 10 0 -3.10062731 -3.09364541 -0.00698189906
7 10 0 -3.188239 -3.18780478 -0.00043421504
8 10 0 -3.36611783 -3.3634051 -0.00271272589
9 10 0 -3.71369047 -3.71319714 -0.000493328298
10 10 0 -4.14881436 -1e+10 1e+10
11 10 0 -4.69507047 -1e+10 1e+10
12 10 0 -5.3169224 -1e+10 9.99999999e+09
13 10 0 -5.98086352 -1e+10 9.99999999e+09
14 10 0 -6.68218153 -1e+10 9.99999999e+09
15 10 0 -7.43225234 -1e+10 9.99999999e+09
-3 11 0 -7.82133502 -1e+10 9.99999999e+09
-2 11 0 -7.09003664 -1e+10 9.99999999e+09
-1 11 0 -6.40817006 -1e+10 9.99999999e+09
0 11 0 -5.77036356 -1e+10 9.99999999e+09
1 11 0 -5.1921692 -1e+10 9.99999999e+09
2 11 0 -4.69507047 -1e+10 1e+10
3 11 0 -4.28952983 -1e+10 1e+10
4 11 0 -3.96085079 -1e+10 1e+10
5 11 0 -3.79651754 -1e+10 1e+10
6 11 0 -3.71182561 -1e+10 1e+10
7 11 0 -3.796531 -1e+10 1e+10
8 11 0 -3.96085079 -1e+10 1e+10
9 11 0 -4.28952983 -1e+10 1e+10
10 11 0 -4.69507047 -1e+10 1e+10
11 11 0 -5.1921692 -1e+10 9.99999999e+09
12 11 0 -5.77036356 -1e+10 9.99999999e+09
13 11 0 -6.40832806 -1e+10 9.99999999e+09
14 11 0 -7.09003664 -1e+10 9.99999999e+09
15 11 0 -7.82133502 -1e+10 9.99999999e+09
-3 12 0 -8.27133897 -1e+10 9.99999999e+09
-2 12 0 -7.56945284 -1e+10 9.99999999e+09
-1 12 0 -6.92015737 -1e+10 9.99999999e+09
0 12 0 -6.31741513 -1e+10 9.99999999e+09
1 12 0 -5.77036356 -1e+10 9.99999999e+09
2 12 0 -5.3169224 -1e+10 9.99999999e+09
3 12 0 -4.93457847 -1e+10 1e+10
4 12 0 -4.63513721 -1e+10 1e+10
5 12 0 -4.48479204 -1e+10 1e+10
6 12 0 -4.40451288 -1e+10 1e+10
7 12 0 -4.48479204 -1e+10 1e+10
8 12 0 -4.63513721 -1e+10 1e+10
9 12 0 -4.9345184 -1e+10 1e+10
10 12 0 -5.3169224 -1e+10 9.99999999e+09
11 12 0 -5.77036356 -1e+10 9.99999999e+09
12 12 0 -6.31741513 -1e+10 9.99999999e+09
13 12 0 -6.92015737 -1e+10 9.99999999e+09
14 12 0 -7.56945284 -1e+10 9.99999999e+09
15 12 0 -8.27133897 -1e+10 9.99999999e+09
-3 13 0 -8.79462822 -1e+10 9.99999999e+09
-2 13 0 -8.12516358 -1e+10 9.99999999e+09
-1 13 0 -7.49800424 -1e+10 9.99999999e+09
0 13 0 -6.92015737 -1e+10 9.99999999e+09
1 13 0 -6.40825197 -1e+10 9.99999999e+09
2 13 0 -5.98086352 -1e+10 9.99999999e+09
3 13 0 -5.60598739 -1e+10 9.99999999e+09
4 13 0 -5.33725018 -1e+10 9.99999999e+09
5 13 0 -5.19769368 -1e+10 9.99999999e+09
6 13 0 -5.12332115 -1e+10 9.99999999e+09
7 13 0 -5.19769368 -1e+10 9.99999999e+09
8 13 0 -5.33725018 -1e+10 9.99999999e+09
9 13 0 -5.60598739 -1e+10 9.99999999e+09
10 13 0 -5.98086352 -1e+10 9.99999999e+09
11 13 0 -6.40825461 -1e+10 9.99999999e+09
12 13 0 -6.92015737 -1e+10 9.99999999e+09
13 13 0 -7.49800424 -1e+10 9.99999999e+09
14 13 0 -8.12516358 -1e+10 9.99999999e+09
15 13 0 -8.79462822 -1e+10 9.99999999e+09
-3 14 0 -9.37910763 -1e+10 9.99999999e+09
-2 14 0 -8.73229714 -1e+10 9.99999999e+09
-1 14 0 -8.12516358 -1e+10 9.99999999e+09
0 14 0 -7.56945284 -1e+10 9.99999999e+09
1 14 0 -7.09003664 -1e+10 9.99999999e+09
2 14 0 -6.68218153 -1e+10 9.99999999e+09
3 14 0 -6.33176501 -1e+10 9.99999999e+09
4 14 0 -6.09175814 -1e+10 9.99999999e+09
5 14 0 -5.96268395 -1e+10 9.99999999e+09
6 14 0 -5.89428874 -1e+10 9.99999999e+09
7 14 0 -5.96268395 -1e+10 9.99999999e+09
8 14 0 -6.09175814 -1e+10 9.99999999e+09
9 14 0 -6.33176501 -1e+10 9.99999999e+09
10 14 0 -6.68218153 -1e+10 9.99999999e+09
11 14 0 -7.09003664 -1e+10 9.99999999e+09
12 14 0 -7.56945284 -1e+10 9.99999999e+09
13 14 0 -8.12516358 -1e+10 9.99999999e+09
14 14 0 -8.73228947 -1e+10 9.99999999e+09
15 14 0 -9.37910763 -1e+10 9.99999999e+09
-3 15 0 -10.0058125 -1e+10 9.99999999e+09
-2 15 0 -9.37910763 -1e+10 9.99999999e+09
-1 15 0 -8.79462822 -1e+10 9.99999999e+09
0 15 0 -8.27133897 -1e+10 9.99999999e+09
1 15 0 -7.82133502 -1e+10 9.99999999e+09
2 15 0 -7.43225234 -1e+10 9.99999999e+09
3 15 0 -7.10761213 -1e+10 9.99999999e+09
4 15 0 -6.89139322 -1e+10 9.99999999e+09
5 15 0 -6.76907149 -1e+10 9.99999999e+09
6 15 0 -6.70609475 -1e+10 9.99999999e+09
7 15 0 -6.76907149 -1e+10 9.99999999e+09
8 15 0 -6.89139322 -1e+10 9.99999999e+09
9 15 0 -7.10761213 -1e+10 9.99999999e+09
10 15 0 -7.43225234 -1e+10 9.99999999e+09
11 15 0 -7.82133502 -1e+10 9.99999999e+09
12 15 0 -8.27133897 -1e+10 9.99999999e+09
13 15 0 -8.79462822 -1e+10 9.99999999e+09
14 15 0 -9.37910763 -1e+10 9.99999999e+09
15 15 0 -10.0058125 -1e+10 9.99999999e+09
-3 -3 1 -9.61532053 -1e+10 9.99999999e+09
-2 -3 1 -8.97238005 -1e+10 9.99999999e+09
-1 -3 1 -8.36726609 -1e+10 9.99999999e+09
0 -3 1 -7.82133502 -1e+10 9.99999999e+09
1 -3 1 -7.35418628 -1e+10 9.99999999e+09
2 -3 1 -6.95014993 -1e+10 9.99999999e+09
3 -3 1 -6.60940777 -1e+10 9.99999999e+09
4 -3 1 -6.3781993 -1e+10 9.99999999e+09
5 -3 1 -6.25033827 -1e+10 9.99999999e+09
6 -3 1 -6.183505 -1e+10 9.99999999e+09
7 -3 1 -6.25033827 -1e+10 9.99999999e+09
8 -3 1 -6.3781993 -1e+10 9.99999999e+09
9 -3 1 -6.60940777 -1e+10 9.99999999e+09
10 -3 1 -6.95014993 -1e+10 9.99999999e+09
11 -3 1 -7.3541052 -1e+10 9.99999999e+09
12 -3 1 -7.82133502 -1e+10 9.99999999e+09
13 -3 1 -8.36726609 -1e+10 9.99999999e+09
14 -3 1 -8.97237976 -1e+10 9.99999999e+09
15 -3 1 -9.61532053 -1e+10 9.99999999e+09
-3 -2 1 -8.97237976 -1e+10 9.99999999e+09
-2 -2 1 -8.31000279 -1e+10 9.99999999e+09
-1 -2 1 -7.67783895 -1e+10 9.99999999e+09
0 -2 1 -7.09003664 -1e+10 9.99999999e+09
1 -2 1 -6.57755672 -1e+10 9.99999999e+09
2 -2 1 -6.15084042 -1e+10 9.99999999e+09
3 -2 1 -5.78740532 -1e+10 9.99999999e+09
4 -2 1 -5.52801252 -1e+10 9.99999999e+09
5 -2 1 -5.39435374 -1e+10 9.99999999e+09
6 -2 1 -5.32214553 -1e+10 9.99999999e+09
7 -2 1 -5.39441674 -1e+10 9.99999999e+09
8 -2 1 -5.52801252 -1e+10 9.99999999e+09
9 -2 1 -5.78740532 -1e+10 9.99999999e+09
10 -2 1 -6.15084042 -1e+10 9.99999999e+09
11 -2 1 -6.57755672 -1e+10 9.99999999e+09
12 -2 1 -7.09003664 -1e+10 9.99999999e+09
13 -2 1 -7.67783895 -1e+10 9.99999999e+09
14 -2 1 -8.31000279 -1e+10 9.99999999e+09
15 -2 1 -8.97238005 -1e+10 9.99999999e+09
-3 -1 1 -8.36726609 -1e+10 9.99999999e+09
-2 -1 1 -7.67783895 -1e+10 9.99999999e+09
-1 -1 1 -7.01891152 -1e+10 9.99999999e+09
0 -1 1 -6.40817006 -1e+10 9.99999999e+09
1 -1 1 -5.85594524 -1e+10 9.99999999e+09
2 -1 1 -5.39477018 -1e+10 9.99999999e+09
3 -1 1 -5.01185001 -1e+10 9.99999999e+09
4 -1 1 -4.71912412 -1e+10 1e+10
5 -1 1 -4.57206461 -1e+10 1e+10
6 -1 1 -4.49480819 -1e+10 1e+10
7 -1 1 -4.57206461 -1e+10 1e+10
8 -1 1 -4.71912412 -1e+10 1e+10
9 -1 1 -5.01185001 -1e+10 9.99999999e+09
10 -1 1 -5.39477018 -1e+10 9.99999999e+09
11 -1 1 -5.85594524 -1e+10 9.99999999e+09
12 -1 1 -6.40825197 -1e+10 9.99999999e+09
13 -1 1 -7.01891152 -1e+10 9.99999999e+09
14 -1 1 -7.67783895 -1e+10 9.99999999e+09
15 -1 1 -8.36726609 -1e+10 9.99999999e+09
-3 0 1 -7.82133502 -1e+10 9.99999999e+09
-2 0 1 -7.09003664 -1e+10 9.99999999e+09
-1 0 1 -6.40825461 -1e+10 9.99999999e+09
0 0 1 -5.77036356 -1e+10 9.99999999e+09
1 0 1 -5.1921692 -1e+10 9.99999999e+09
2 0 1 -4.69507047 -4.70560761 0.0105371381
3 0 1 -4.28952983 -4.28915315 -0.000376671882
4 0 1 -3.96085079 -3.95400624 -0.00684455347
5 0 1 -3.79651754 -3.79618631 -0.000331231105
6 0 1 -3.71182561 -3.7046711 -0.00715450576
7 0 1 -3.796531 -3.79618631 -0.000344686025
8 0 1 -3.96085079 -3.95400624 -0.00684455347
9 0 1 -4.28952983 -4.28915315 -0.000376671882
10 0 1 -4.69507047 -1e+10 1e+10
11 0 1 -5.1921692 -1e+10 9.99999999e+09
12 0 1 -5.77036356 -1e+10 9.99999999e+09
13 0 1 -6.40805744 -1e+10 9.99999999e+09
14 0 1 -7.09003664 -1e+10 9.99999999e+09
15 0 1 -7.82133502 -1e+10 9.99999999e+09
-3 1 1 -7.35417535 -1e+10 9.99999999e+09
-2 1 1 -6.57755672 -1e+10 9.99999999e+09
-1 1 1 -5.85594524 -1e+10 9.99999999e+09
0 1 1 -5.1921692 -1e+10 9.99999999e+09
1 1 1 -4.58536432 -4.58448455 -0.000879768273
2 1 1 -4.04649524 -4.04383535 -0.00265989583
3 1 1 -3.62312695 -3.62286286 -0.000264091575
4 1 1 -3.26584227 -3.26251028 -0.00333198506
5 1 1 -3.08118514 -3.08119336 8.22414688e-06
6 1 1 -2.99029932 -2.98322031 -0.00707901143
7 1 1 -3.08118514 -3.08119336 8.22414688e-06
8 1 1 -3.26584227 -3.26251028 -0.00333198506
9 1 1 -3.62312695 -3.62286286 -0.000264091575
10 1 1 -4.04649524 -4.04383535 -0.00265989581
11 1 1 -4.58536432 -1e+10 1e+10
12 1 1 -5.1921692 -1e+10 9.99999999e+09
13 1 1 -5.85594524 -1e+10 9.99999999e+09
14 1 1 -6.57755672 -1e+10 9.99999999e+09
15 1 1 -7.35417535 -1e+10 9.99999999e+09
-3 2 1 -6.95014993 -1e+10 9.99999999e+09
-2 2 1 -6.15084042 -1e+10 9.99999999e+09
-1 2 1 -5.39477018 -1e+10 9.99999999e+09
0 2 1 -4.69507047 -4.70560761 0.0105371381
1 2 1 -4.04649524 -4.04383535 -0.00265989583
2 2 1 -3.46596613 -3.46518916 -0.00077697755
3 2 1 -2.99456388 -2.99433824 -0.000225636198
4 2 1 -2.61163429 -2.61119908 -0.000435209175
5 2 1 -2.39630038 -2.39627574 -2.46382163e-05
6 2 1 -2.30273511 -2.29475095 -0.00798416694
7 2 1 -2.39630038 -2.39627574 -2.46382163e-05
8 2 1 -2.61163429 -2.61119908 -0.000435209175
9 2 1 -2.99456388 -2.99433824 -0.000225636198
10 2 1 -3.46578003 -3.46518916 -0.000590873087
11 2 1 -4.04649524 -4.14037957 0.0938843293
12 2 1 -4.69507047 -1e+10 1e+10
13 2 1 -5.39477018 -1e+10 9.99999999e+09
14 2 1 -6.15084042 -1e+10 9.99999999e+09
15 2 1 -6.95014993 -1e+10 9.99999999e+09
-3 3 1 -6.60940777 -1e+10 9.99999999e+09
-2 3 1 -5.78740532 -1e+10 9.99999999e+09
-1 3 1 -5.01185001 -1e+10 9.99999999e+09
0 3 1 -4.28952983 -4.28915315 -0.000376671882
1 3 1 -3.62311275 -3.62286286 -0.000249884816
2 3 1 -2.99456388 -2.99433824 -0.000225636198
3 3 1 -2.4609503 -2.46063981 -0.000310495541
4 3 1 -2.06004379 -2.05684303 -0.00320076448
5 3 1 -1.81498965 -1.81496953 -2.01156181e-05
6 3 1 -1.7188053 -1.71118882 -0.00761647536
7 3 1 -1.81498965 -1.81496953 -2.01156181e-05
8 3 1 -2.06004379 -2.05684303 -0.00320076448
9 3 1 -2.4612093 -2.46063981 -0.000569495798
10 3 1 -2.99456388 -2.99433824 -0.000225636198
11 3 1 -3.62312695 -3.66132081 0.038193861
12 3 1 -4.28952983 -1e+10 1e+10
13 3 1 -5.01185001 -1e+10 9.99999999e+09
14 3 1 -5.78740532 -1e+10 9.99999999e+09
15 3 1 -6.60940777 -1e+10 9.99999999e+09
-3 4 1 -6.3781993 -1e+10 9.99999999e+09
-2 4 1 -5.52801252 -1e+10 9.99999999e+09
-1 4 1 -4.71912412 -1e+10 1e+10
0 4 1 -3.96085079 -3.95400624 -0.00684455347
1 4 1 -3.26584227 -3.26251028 -0.00333198506
2 4 1 -2.61163429 -2.61119908 -0.000435209175
3 4 1 -2.06004379 -2.05684303 -0.00320076448
4 4 1 -1.67367852 -1.67359108 -8.7443663e-05
5 4 1 -1.41449246 -1.41447674 -1.57228112e-05
6 4 1 -1.3113284 -1.30384658 -0.00748181316
7 4 1 -1.41449877 -1.41447674 -2.20346695e-05
8 4 1 -1.67367852 -1.67359108 -8.7443663e-05
9 4 1 -2.06004379 -2.05684303 -0.00320076448
10 4 1 -2.61163429 -2.61119908 -0.000435209175
11 4 1 -3.26584227 -3.27359845 0.00775618618
12 4 1 -3.96085079 -1e+10 1e+10
13 4 1 -4.71912412 -1e+10 1e+10
14 4 1 -5.52801252 -1e+10 9.99999999e+09
15 4 1 -6.3781993 -1e+10 9.99999999e+09
-3 5 1 -6.25033827 -1e+10 9.99999999e+09
-2 5 1 -5.39441674 -1e+10 9.99999999e+09
-1 5 1 -4.57206461 -1e+10 1e+10
0 5 1 -3.796531 -3.79618631 -0.000344686025
1 5 1 -3.08118514 -3.08119336 8.22414688e-06
2 5 1 -2.39630038 -2.39627574 -2.46382163e-05
3 5 1 -1.81498965 -1.81496953 -2.01156181e-05
4 5 1 -1.41449877 -1.41447674 -2.20346695e-05
5 5 1 -1.13725131 -1.13729244 4.11270836e-05
6 5 1 -1.01174272 -1.00827043 -0.00347228526
7 5 1 -1.13727625 -1.13729244 1.61842648e-05
8 5 1 -1.41449246 -1.41447674 -1.57228112e-05
9 5 1 -1.81498965 -1.81496953 -2.01156181e-05
10 5 1 -2.39630038 -2.39627574 -2.46382163e-05
11 5 1 -3.08118514 -3.08838353 0.00719839163
12 5 1 -3.79651754 -1e+10 1e+10
13 5 1 -4.57206461 -1e+10 1e+10
14 5 1 -5.39435374 -1e+10 9.99999999e+09
15 5 1 -6.25033827 -1e+10 9.99999999e+09
-3 6 1 -6.183505 -1e+10 9.99999999e+09
-2 6 1 -5.32214553 -1e+10 9.99999999e+09
-1 6 1 -4.49480819 -1e+10 1e+10
0 6 1 -3.71182561 -3.7046711 -0.00715450576
1 6 1 -2.99029932 -2.98322031 -0.00707901143
2 6 1 -2.30273511 -2.29475095 -0.00798416694
3 6 1 -1.7188053 -1.71118882 -0.00761647536
4 6 1 -1.3113284 -1.30384658 -0.00748181316
5 6 1 -1.01174272 -1.00827043 -0.00347228526
6 6 1 -0.873420774 -0.853752178 -0.0196685964
7 6 1 -1.01174272 -1.00827043 -0.00347228526
8 6 1 -1.3113284 -1.30384658 -0.00748181316
9 6 1 -1.7188053 -1.71118882 -0.00761647536
10 6 1 -2.30273511 -2.29475095 -0.00798416694
11 6 1 -2.99029932 -2.98617286 -0.00412646268
12 6 1 -3.71182561 -1e+10 1e+10
13 6 1 -4.49480819 -1e+10 1e+10
14 6 1 -5.32214553 -1e+10 9.99999999e+09
15 6 1 -6.183505 -1e+10 9.99999999e+09
-3 7 1 -6.25033827 -1e+10 9.99999999e+09
-2 7 1 -5.39435374 -1e+10 9.99999999e+09
-1 7 1 -4.57206461 -1e+10 1e+10
0 7 1 -3.79651754 -3.79618631 -0.000331231105
1 7 1 -3.08118514 -3.08119336 8.22414688e-06
2 7 1 -2.39630038 -2.39627574 -2.46382163e-05
3 7 1 -1.81498965 -1.81496953 -2.01156181e-05
4 7 1 -1.41449246 -1.41447674 -1.57228112e-05
5 7 1 -1.13727625 -1.13729244 1.61842648e-05
6 7 1 -1.01174272 -1.00827043 -0.00347228526
7 7 1 -1.13725131 -1.13729244 4.11270836e-05
8 7 1 -1.41449877 -1.41447674 -2.20346695e-05
9 7 1 -1.81498965 -1.81496953 -2.01156181e-05
10 7 1 -2.39630038 -2.39627574 -2.46382163e-05
11 7 1 -3.08118514 -3.08838353 0.00719839163
12 7 1 -3.796531 -1e+10 1e+10
13 7 1 -4.57206461 -1e+10 1e+10
14 7 1 -5.39441674 -1e+10 9.99999999e+09
15 7 1 -6.25033827 -1e+10 9.99999999e+09
-3 8 1 -6.3781993 -1e+10 9.99999999e+09
-2 8 1 -5.52801252 -1e+10 9.99999999e+09
-1 8 1 -4.71912412 -1e+10 1e+10
0 8 1 -3.96085079 -3.95400624 -0.00684455347
1 8 1 -3.26584227 -3.26251028 -0.00333198506
2 8 1 -2.61163429 -2.61119908 -0.000435209175
3 8 1 -2.06004379 -2.05684303 -0.00320076448
4 8 1 -1.67367852 -1.67359108 -8.7443663e-05
5 8 1 -1.41449877 -1.41447674 -2.20346695e-05
6 8 1 -1.3113284 -1.30384658 -0.00748181316
7 8 1 -1.41449246 -1.41447674 -1.57228112e-05
8 8 1 -1.67367852 -1.67359108 -8.7443663e-05
9 8 1 -2.06004379 -2.05684303 -0.00320076448
10 8 1 -2.61163429 -2.61119908 -0.000435209175
11 8 1 -3.26584227 -3.27359845 0.00775618618
12 8 1 -3.96085079 -1e+10 1e+10
13 8 1 -4.71912412 -1e+10 1e+10
14 8 1 -5.52801252 -1e+10 9.99999999e+09
15 8 1 -6.3781993 -1e+10 9.99999999e+09
-3 9 1 -6.60940777 -1e+10 9.99999999e+09
-2 9 1 -5.78740532 -1e+10 9.99999999e+09
-1 9 1 -5.01185001 -1e+10 9.99999999e+09
0 9 1 -4.28952983 -4.28915315 -0.000376671882
1 9 1 -3.62312695 -3.62286286 -0.000264091575
2 9 1 -2.99456388 -2.99433824 -0.000225636198
3 9 1 -2.46101839 -2.46063981 -0.000378580374
4 9 1 -2.06004379 -2.05684303 -0.00320076448
5 9 1 -1.81498965 -1.81496953 -2.01156181e-05
6 9 1 -1.7188053 -1.71118882 -0.00761647536
7 9 1 -1.81498965 -1.81496953 -2.01156181e-05
8 9 1 -2.06004379 -2.05684303 -0.00320076448
9 9 1 -2.4612093 -2.46063981 -0.000569495798
10 9 1 -2.99456388 -2.99433824 -0.000225636198
11 9 1 -3.62312695 -3.66132081 0.038193861
12 9 1 -4.28952983 -1e+10 1e+10
13 9 1 -5.01185001 -1e+10 9.99999999e+09
14 9 1 -5.78740532 -1e+10 9.99999999e+09
15 9 1 -6.60940777 -1e+10 9.99999999e+09
-3 10 1 -6.95014993 -1e+10 9.99999999e+09
-2 10 1 -6.15084042 -1e+10 9.99999999e+09
-1 10 1 -5.39477018 -1e+10 9.99999999e+09
0 10 1 -4.69507047 -1e+10 1e+10
1 10 1 -4.04649524 -4.04383535 -0.00265989581
2 10 1 -3.46584002 -3.46518916 -0.000650859458
3 10 1 -2.99456388 -2.99433824 -0.000225636198
4 10 1 -2.61163429 -2.61119908 -0.000435209175
5 10 1 -2.39630038 -2.39627574 -2.46382163e-05
6 10 1 -2.30273511 -2.29475095 -0.00798416694
7 10 1 -2.39630038 -2.39627574 -2.46382163e-05
8 10 1 -2.61163429 -2.61119908 -0.000435209175
9 10 1 -2.99456388 -2.99433824 -0.000225636198
10 10 1 -3.46578003 -3.46518916 -0.000590873087
11 10 1 -4.04649524 -1e+10 1e+10
12 10 1 -4.69507047 -1e+10 1e+10
13 10 1 -5.39477018 -1e+10 9.99999999e+09
14 10 1 -6.15084042 -1e+10 9.99999999e+09
15 10 1 -6.95014993 -1e+10 9.99999999e+09
-3 11 1 -7.35418628 -1e+10 9.99999999e+09
-2 11 1 -6.57755672 -1e+10 9.99999999e+09
-1 11 1 -5.85594524 -1e+10 9.99999999e+09
0 11 1 -5.1921692 -1e+10 9.99999999e+09
1 11 1 -4.58536432 -1e+10 1e+10
2 11 1 -4.04649524 -4.14037957 0.0938843293
3 11 1 -3.62311275 -3.66132081 0.0382080678
4 11 1 -3.26584227 -3.27359845 0.00775618618
5 11 1 -3.08118514 -3.08838353 0.00719839163
6 11 1 -2.99029932 -2.98617286 -0.00412646268
7 11 1 -3.08118514 -3.08838353 0.00719839163
8 11 1 -3.26584227 -3.27359845 0.00775618618
9 11 1 -3.62312695 -3.66132081 0.038193861
10 11 1 -4.04649524 -1e+10 1e+10
11 11 1 -4.58536432 -1e+10 1e+10
12 11 1 -5.1921692 -1e+10 9.99999999e+09
13 11 1 -5.85594524 -1e+10 9.99999999e+09
14 11 1 -6.57755672 -1e+10 9.99999999e+09
15 11 1 -7.3541052 -1e+10 9.99999999e+09
-3 12 1 -7.82133502 -1e+10 9.99999999e+09
-2 12 1 -7.09003664 -1e+10 9.99999999e+09
-1 12 1 -6.40805744 -1e+10 9.99999999e+09
0 12 1 -5.77036356 -1e+10 9.99999999e+09
1 12 1 -5.1921692 -1e+10 9.99999999e+09
2 12 1 -4.69507047 -1e+10 1e+10
3 12 1 -4.28952983 -1e+10 1e+10
4 12 1 -3.96085079 -1e+10 1e+10
5 12 1 -3.796531 -1e+10 1e+10
6 12 1 -3.71182561 -1e+10 1e+10
7 12 1 -3.79651754 -1e+10 1e+10
8 12 1 -3.96085079 -1e+10 1e+10
9 12 1 -4.28952983 -1e+10 1e+10
10 12 1 -4.69507047 -1e+10 1e+10
11 12 1 -5.1921692 -1e+10 9.99999999e+09
12 12 1 -5.77036356 -1e+10 9.99999999e+09
13 12 1 -6.40825197 -1e+10 9.99999999e+09
14 12 1 -7.09003664 -1e+10 9.99999999e+09
15 12 1 -7.82133502 -1e+10 9.99999999e+09
-3 13 1 -8.36726609 -1e+10 9.99999999e+09
-2 13 1 -7.67783895 -1e+10 9.99999999e+09
-1 13 1 -7.01891152 -1e+10 9.99999999e+09
0 13 1 -6.40832806 -1e+10 9.99999999e+09
1 13 1 -5.85594524 -1e+10 9.99999999e+09
2 13 1 -5.39477018 -1e+10 9.99999999e+09
3 13 1 -5.01185001 -1e+10 9.99999999e+09
4 13 1 -4.71912412 -1e+10 1e+10
5 13 1 -4.57206461 -1e+10 1e+10
6 13 1 -4.49480819 -1e+10 1e+10
7 13 1 -4.57206461 -1e+10 1e+10
8 13 1 -4.71912412 -1e+10 1e+10
9 13 1 -5.01185001 -1e+10 9.99999999e+09
10 13 1 -5.39477018 -1e+10 9.99999999e+09
11 13 1 -5.85594524 -1e+10 9.99999999e+09
12 13 1 -6.40805744 -1e+10 9.99999999e+09
13 13 1 -7.01891152 -1e+10 9.99999999e+09
14 13 1 -7.67783895 -1e+10 9.99999999e+09
15 13 1 -8.36726609 -1e+10 9.99999999e+09
-3 14 1 -8.97238005 -1e+10 9.99999999e+09
-2 14 1 -8.31000279 -1e+10 9.99999999e+09
-1 14 1 -7.67783895 -1e+10 9.99999999e+09
0 14 1 -7.09003664 -1e+10 9.99999999e+09
1 14 1 -6.57755672 -1e+10 9.99999999e+09
2 14 1 -6.15084042 -1e+10 9.99999999e+09
3 14 1 -5.78740532 -1e+10 9.99999999e+09
4 14 1 -5.52801252 -1e+10 9.99999999e+09
5 14 1 -5.39441674 -1e+10 9.99999999e+09
6 14 1 -5.32214553 -1e+10 9.99999999e+09
7 14 1 -5.39435374 -1e+10 9.99999999e+09
8 14 1 -5.52801252 -1e+10 9.99999999e+09
9 14 1 -5.78740532 -1e+10 9.99999999e+09
10 14 1 -6.15084042 -1e+10 9.99999999e+09
11 14 1 -6.57755672 -1e+10 9.99999999e+09
12 14 1 -7.09003664 -1e+10 9.99999999e+09
13 14 1 -7.67783895 -1e+10 9.99999999e+09
14 14 1 -8.31000279 -1e+10 9.99999999e+09
15 14 1 -8.97237976 -1e+10 9.99999999e+09
-3 15 1 -9.61532053 -1e+10 9.99999999e+09
-2 15 1 -8.97237976 -1e+10 9.99999999e+09
-1 15 1 -8.36726609 -1e+10 9.99999999e+09
0 15 1 -7.82133502 -1e+10 9.99999999e+09
1 15 1 -7.3541052 -1e+10 9.99999999e+09
2 15 1 -6.95014993 -1e+10 9.99999999e+09
3 15 1 -6.60940777 -1e+10 9.99999999e+09
4 15 1 -6.3781993 -1e+10 9.99999999e+09
5 15 1 -6.25033827 -1e+10 9.99999999e+09
6 15 1 -6.183505 -1e+10 9.99999999e+09
7 15 1 -6.25033827 -1e+10 9.99999999e+09
8 15 1 -6.3781993 -1e+10 9.99999999e+09
9 15 1 -6.60940777 -1e+10 9.99999999e+09
10 15 1 -6.95014993 -1e+10 9.99999999e+09
11 15 1 -7.35417535 -1e+10 9.99999999e+09
12 15 1 -7.82133502 -1e+10 9.99999999e+09
13 15 1 -8.36726609 -1e+10 9.99999999e+09
14 15 1 -8.97238005 -1e+10 9.99999999e+09
15 15 1 -9.61532053 -1e+10 9.99999999e+09
-3 -3 2 -9.26333687 -1e+10 9.99999999e+09
-2 -3 2 -8.60282287 -1e+10 9.99999999e+09
-1 -3 2 -7.9897796 -1e+10 9.99999999e+09
0 -3 2 -7.43225234 -1e+10 9.99999999e+09
1 -3 2 -6.95014993 -1e+10 9.99999999e+09
2 -3 2 -6.55491397 -1e+10 9.99999999e+09
3 -3 2 -6.20917976 -1e+10 9.99999999e+09
4 -3 2 -5.96515594 -1e+10 9.99999999e+09
5 -3 2 -5.83306756 -1e+10 9.99999999e+09
6 -3 2 -5.76236236 -1e+10 9.99999999e+09
7 -3 2 -5.83305147 -1e+10 9.99999999e+09
8 -3 2 -5.96515594 -1e+10 9.99999999e+09
9 -3 2 -6.20917976 -1e+10 9.99999999e+09
10 -3 2 -6.55491397 -1e+10 9.99999999e+09
11 -3 2 -6.95014993 -1e+10 9.99999999e+09
12 -3 2 -7.43225234 -1e+10 9.99999999e+09
13 -3 2 -7.9897796 -1e+10 9.99999999e+09
14 -3 2 -8.60282287 -1e+10 9.99999999e+09
15 -3 2 -9.26333687 -1e+10 9.99999999e+09
-3 -2 2 -8.60282287 -1e+10 9.99999999e+09
-2 -2 2 -7.93341573 -1e+10 9.99999999e+09
-1 -2 2 -7.28385578 -1e+10 9.99999999e+09
0 -2 2 -6.68218153 -1e+10 9.99999999e+09
1 -2 2 -6.15084042 -1e+10 9.99999999e+09
2 -2 2 -5.71494204 -1e+10 9.99999999e+09
3 -2 2 -5.33982128 -1e+10 9.99999999e+09
4 -2 2 -5.06075008 -1e+10 9.99999999e+09
5 -2 2 -4.91839649 -1e+10 1e+10
6 -2 2 -4.84192311 -1e+10 1e+10
7 -2 2 -4.91839649 -1e+10 1e+10
8 -2 2 -5.06075008 -1e+10 9.99999999e+09
9 -2 2 -5.33982128 -1e+10 9.99999999e+09
10 -2 2 -5.71494204 -1e+10 9.99999999e+09
11 -2 2 -6.15084042 -1e+10 9.99999999e+09
12 -2 2 -6.68218153 -1e+10 9.99999999e+09
13 -2 2 -7.28385578 -1e+10 9.99999999e+09
14 -2 2 -7.93341573 -1e+10 9.99999999e+09
15 -2 2 -8.60282287 -1e+10 9.99999999e+09
-3 -1 2 -7.9897796 -1e+10 9.99999999e+09
-2 -1 2 -7.28385578 -1e+10 9.99999999e+09
-1 -1 2 -6.61870633 -1e+10 9.99999999e+09
0 -1 2 -5.98086352 -1e+10 9.99999999e+09
1 -1 2 -5.39477018 -1e+10 9.99999999e+09
2 -1 2 -4.90710544 -1e+10 1e+10
3 -1 2 -4.50468982 -1e+10 1e+10
4 -1 2 -4.18973577 -1e+10 1e+10
5 -1 2 -4.03118383 -1e+10 1e+10
6 -1 2 -3.94916085 -1e+10 1e+10
7 -1 2 -4.03118383 -1e+10 1e+10
8 -1 2 -4.18973577 -1e+10 1e+10
9 -1 2 -4.50468982 -1e+10 1e+10
10 -1 2 -4.90639001 -1e+10 1e+10
11 -1 2 -5.39477018 -1e+10 9.99999999e+09
12 -1 2 -5.98086352 -1e+10 9.99999999e+09
13 -1 2 -6.61870633 -1e+10 9.99999999e+09
14 -1 2 -7.28385578 -1e+10 9.99999999e+09
15 -1 2 -7.9897796 -1e+10 9.99999999e+09
-3 0 2 -7.43225234 -1e+10 9.99999999e+09
-2 0 2 -6.68218153 -1e+10 9.99999999e+09
-1 0 2 -5.98086352 -1e+10 9.99999999e+09
0 0 2 -5.3169224 -1e+10 9.99999999e+09
1 0 2 -4.69507047 -4.70560761 0.0105371381
2 0 2 -4.14881436 -4.14418334 -0.00463102208
3 0 2 -3.71369047 -3.71319714 -0.000493328298
4 0 2 -3.36611783 -3.3634051 -0.00271272589
5 0 2 -3.188239 -3.18780478 -0.00043421504
6 0 2 -3.10062731 -3.09364541 -0.00698189906
7 0 2 -3.188239 -3.18780478 -0.00043421504
8 0 2 -3.36611783 -3.3634051 -0.00271272589
9 0 2 -3.71369047 -3.71319714 -0.000493328298
10 0 2 -4.14881436 -4.1442908 -0.00452355471
11 0 2 -4.69507047 -1e+10 1e+10
12 0 2 -5.3169224 -1e+10 9.99999999e+09
13 0 2 -5.98086352 -1e+10 9.99999999e+09
14 0 2 -6.68218153 -1e+10 9.99999999e+09
15 0 2 -7.43225234 -1e+10 9.99999999e+09
-3 1 2 -6.95014993 -1e+10 9.99999999e+09
-2 1 2 -6.15084042 -1e+10 9.99999999e+09
-1 1 2 -5.39477018 -1e+10 9.99999999e+09
0 1 2 -4.69507047 -4.70560761 0.0105371381
1 1 2 -4.04649524 -4.04383535 -0.00265989583
2 1 2 -3.46578003 -3.46518916 -0.000590873087
3 1 2 -2.99456388 -2.99433824 -0.000225636198
4 1 2 -2.61163429 -2.61119908 -0.000435209175
5 1 2 -2.39630038 -2.39627574 -2.46382163e-05
6 1 2 -2.30273511 -2.29475095 -0.00798416694
7 1 2 -2.39630038 -2.39627574 -2.46382163e-05
8 1 2 -2.61163429 -2.61119908 -0.000435209174
9 1 2 -2.99456388 -2.99433824 -0.000225636198
10 1 2 -3.46596613 -3.46518916 -0.00077697755
11 1 2 -4.04649524 -4.14037957 0.0938843293
12 1 2 -4.69507047 -1e+10 1e+10
13 1 2 -5.39477018 -1e+10 9.99999999e+09
14 1 2 -6.15084042 -1e+10 9.99999999e+09
15 1 2 -6.95014993 -1e+10 9.99999999e+09
-3 2 2 -6.55491397 -1e+10 9.99999999e+09
-2 2 2 -5.71494204 -1e+10 9.99999999e+09
-1 2 2 -4.90709234 -1e+10 1e+10
0 2 2 -4.14881436 -4.14418334 -0.00463102208
1 2 2 -3.46584002 -3.46518916 -0.000650859458
2 2 2 -2.85331351 -2.85243375 -0.000879768274
3 2 2 -2.32935027 -2.32631413 -0.00303613976
4 2 2 -1.93602628 -1.93590797 -0.000118311314
5 2 2 -1.6778487 -1.6778408 -7.89287206e-06
6 2 2 -1.57608576 -1.56900674 -0.00707901165
7 2 2 -1.6778487 -1.6778408 -7.89287206e-06
8 2 2 -1.93602628 -1.93590797 -0.000118311314
9 2 2 -2.32935027 -2.32631413 -0.00303613976
10 2 2 -2.85331351 -2.85243375 -0.000879768274
11 2 2 -3.46584002 -3.48916258 0.0233225656
12 2 2 -4.14881436 -1e+10 1e+10
13 2 2 -4.90709234 -1e+10 1e+10
14 2 2 -5.71494204 -1e+10 9.99999999e+09
15 2 2 -6.55491397 -1e+10 9.99999999e+09
-3 3 2 -6.20917976 -1e+10 9.99999999e+09
-2 3 2 -5.33982128 -1e+10 9.99999999e+09
-1 3 2 -4.50468982 -1e+10 1e+10
0 3 2 -3.71369047 -3.71319714 -0.000493328298
1 3 2 -2.99456388 -2.99433824 -0.000225636198
2 3 2 -2.32935027 -2.32631413 -0.00303613976
3 3 2 -1.74026435 -1.74019337 -7.09817218e-05
4 3 2 -1.30051238 -1.29997905 -0.000533325346
5 3 2 -1.00013266 -0.999245208 -0.000887449274
6 3 2 -0.894957865 -0.88782221 -0.00713565553
7 3 2 -1.0001001 -0.999245208 -0.000854892585
8 3 2 -1.30056172 -1.29997905 -0.000582664322
9 3 2 -1.74026435 -1.74019337 -7.09817218e-05
10 3 2 -2.32935027 -2.32631413 -0.00303613976
11 3 2 -2.99456388 -2.99505292 0.000489044302
12 3 2 -3.71369047 -1e+10 1e+10
13 3 2 -4.50468982 -1e+10 1e+10
14 3 2 -5.33982128 -1e+10 9.99999999e+09
15 3 2 -6.20917976 -1e+10 9.99999999e+09
-3 4 2 -5.96515594 -1e+10 9.99999999e+09
-2 4 2 -5.06075008 -1e+10 9.99999999e+09
-1 4 2 -4.18973577 -1e+10 1e+10
0 4 2 -3.36611783 -3.3634051 -0.00271272589
1 4 2 -2.61163429 -2.61119908 -0.000435209175
2 4 2 -1.93603499 -1.93590797 -0.000127016919
3 4 2 -1.30056172 -1.29997905 -0.000582664322
4 4 2 -0.816987177 -0.816919348 -6.78292732e-05
5 4 2 -0.48864354 -0.48860953 -3.40101752e-05
6 4 2 -0.377451642 -0.370005412 -0.00744622949
7 4 2 -0.48864354 -0.48860953 -3.40101752e-05
8 4 2 -0.816986502 -0.816919348 -6.71539358e-05
9 4 2 -1.30051238 -1.29997905 -0.000533325346
10 4 2 -1.93602628 -1.93590797 -0.000118311314
11 4 2 -2.61163429 -2.61119908 -0.000435209174
12 4 2 -3.36611783 -1e+10 1e+10
13 4 2 -4.18973577 -1e+10 1e+10
14 4 2 -5.06075008 -1e+10 9.99999999e+09
15 4 2 -5.96515594 -1e+10 9.99999999e+09
-3 5 2 -5.83305147 -1e+10 9.99999999e+09
-2 5 2 -4.91839649 -1e+10 1e+10
-1 5 2 -4.03118383 -1e+10 1e+10
0 5 2 -3.188239 -3.18780478 -0.00043421504
1 5 2 -2.39630038 -2.39627574 -2.46382163e-05
2 5 2 -1.6778487 -1.6778408 -7.89287206e-06
3 5 2 -1.0001001 -0.999245208 -0.000854892585
4 5 2 -0.48864354 -0.48860953 -3.40101752e-05
5 5 2 -0.161969508 -0.155363861 -0.00660564654
6 5 2 -0.0309366742 -0.0197315844 -0.0112050898
7 5 2 -0.161969508 -0.155363861 -0.00660564654
8 5 2 -0.48864354 -0.48860953 -3.40101752e-05
9 5 2 -1.00013266 -0.999245208 -0.000887449274
10 5 2 -1.6778487 -1.6778408 -7.89287206e-06
11 5 2 -2.39630038 -2.39627574 -2.46382163e-05
12 5 2 -3.188239 -1e+10 1e+10
13 5 2 -4.03118383 -1e+10 1e+10
14 5 2 -4.91839649 -1e+10 1e+10
15 5 2 -5.83305147 -1e+10 9.99999999e+09
-3 6 2 -5.76236236 -1e+10 9.99999999e+09
-2 6 2 -4.84192311 -1e+10 1e+10
-1 6 2 -3.94916085 -1e+10 1e+10
0 6 2 -3.10062731 -3.09364541 -0.00698189906
1 6 2 -2.30273511 -2.29475095 -0.00798416694
2 6 2 -1.57608576 -1.56900674 -0.00707901165
3 6 2 -0.894957865 -0.88782221 -0.00713565553
4 6 2 -0.377451642 -0.370005412 -0.00744622949
5 6 2 -0.0309366742 -0.0197315844 -0.0112050898
6 6 2 0.126579226 0.14280407 -0.0162248445
7 6 2 -0.0309366742 -0.0197315844 -0.0112050898
8 6 2 -0.377451642 -0.370005412 -0.00744622949
9 6 2 -0.894957865 -0.88782221 -0.00713565553
10 6 2 -1.57608576 -1.56900674 -0.00707901165
11 6 2 -2.30273511 -2.29475095 -0.00798416694
12 6 2 -3.10062731 -1e+10 1e+10
13 6 2 -3.94916085 -1e+10 1e+10
14 6 2 -4.84192311 -1e+10 1e+10
15 6 2 -5.76236236 -1e+10 9.99999999e+09
-3 7 2 -5.83306756 -1e+10 9.99999999e+09
-2 7 2 -4.91839649 -1e+10 1e+10
-1 7 2 -4.03118383 -1e+10 1e+10
0 7 2 -3.188239 -3.18780478 -0.00043421504
1 7 2 -2.39630038 -2.39627574 -2.46382163e-05
2 7 2 -1.6778487 -1.6778408 -7.89287206e-06
3 7 2 -1.00013266 -0.999245208 -0.000887449274
4 7 2 -0.48864354 -0.48860953 -3.40101752e-05
5 7 2 -0.161969508 -0.155363861 -0.00660564654
6 7 2 -0.0309366742 -0.0197315844 -0.0112050898
7 7 2 -0.161969508 -0.155363861 -0.00660564654
8 7 2 -0.48864354 -0.48860953 -3.40101752e-05
9 7 2 -1.0001001 -0.999245208 -0.000854892585
10 7 2 -1.6778487 -1.6778408 -7.89287206e-06
11 7 2 -2.39630038 -2.39627574 -2.46382163e-05
12 7 2 -3.188239 -1e+10 1e+10
13 7 2 -4.03118383 -1e+10 1e+10
14 7 2 -4.91839649 -1e+10 1e+10
15 7 2 -5.83306756 -1e+10 9.99999999e+09
-3 8 2 -5.96515594 -1e+10 9.99999999e+09
-2 8 2 -5.06075008 -1e+10 9.99999999e+09
-1 8 2 -4.18973577 -1e+10 1e+10
0 8 2 -3.36611783 -3.3634051 -0.00271272589
1 8 2 -2.61163429 -2.61119908 -0.000435209175
2 8 2 -1.93602628 -1.93590797 -0.000118311314
3 8 2 -1.30051238 -1.29997905 -0.000533325346
4 8 2 -0.816986502 -0.816919348 -6.71539358e-05
5 8 2 -0.48864354 -0.48860953 -3.40101752e-05
6 8 2 -0.377451642 -0.370005412 -0.00744622949
7 8 2 -0.48864354 -0.48860953 -3.40101752e-05
8 8 2 -0.816987177 -0.816919348 -6.78292732e-05
9 8 2 -1.30056172 -1.29997905 -0.000582664322
10 8 2 -1.93602628 -1.93590797 -0.000118311314
11 8 2 -2.61163429 -2.61119908 -0.000435209174
12 8 2 -3.36611783 -1e+10 1e+10
13 8 2 -4.18973577 -1e+10 1e+10
14 8 2 -5.06075008 -1e+10 9.99999999e+09
15 8 2 -5.96515594 -1e+10 9.99999999e+09
-3 9 2 -6.20917976 -1e+10 9.99999999e+09
-2 9 2 -5.33982128 -1e+10 9.99999999e+09
-1 9 2 -4.50468982 -1e+10 1e+10
0 9 2 -3.71369047 -3.71319714 -0.000493328298
1 9 2 -2.99456388 -2.99433824 -0.000225636198
2 9 2 -2.32935027 -2.32631413 -0.00303613976
3 9 2 -1.74026435 -1.74019337 -7.09817218e-05
4 9 2 -1.30056172 -1.29997905 -0.000582664322
5 9 2 -1.0001001 -0.999245208 -0.000854892585
6 9 2 -0.894957865 -0.88782221 -0.00713565553
7 9 2 -1.00013266 -0.999245208 -0.000887449274
8 9 2 -1.30051238 -1.29997905 -0.000533325346
9 9 2 -1.74026435 -1.74019337 -7.09817218e-05
10 9 2 -2.32935027 -2.32631413 -0.00303613976
11 9 2 -2.99456388 -2.99505292 0.000489044302
12 9 2 -3.71369047 -1e+10 1e+10
13 9 2 -4.50468982 -1e+10 1e+10
14 9 2 -5.33982128 -1e+10 9.99999999e+09
15 9 2 -6.20917976 -1e+10 9.99999999e+09
-3 10 2 -6.55491397 -1e+10 9.99999999e+09
-2 10 2 -5.71494204 -1e+10 9.99999999e+09
-1 10 2 -4.90710544 -1e+10 1e+10
0 10 2 -4.14881436 -4.1442908 -0.00452355471
1 10 2 -3.46578003 -3.46518916 -0.000590873087
2 10 2 -2.85331351 -2.85243375 -0.000879768274
3 10 2 -2.32935027 -2.32631413 -0.00303613976
4 10 2 -1.93603499 -1.93590797 -0.000127016919
5 10 2 -1.6778487 -1.6778408 -7.89287206e-06
6 10 2 -1.57608576 -1.56900674 -0.00707901165
7 10 2 -1.6778487 -1.6778408 -7.89287206e-06
8 10 2 -1.93602628 -1.93590797 -0.000118311314
9 10 2 -2.32935027 -2.32631413 -0.00303613976
10 10 2 -2.85331351 -2.85243375 -0.000879768274
11 10 2 -3.46596613 -3.48929022 0.023324089
12 10 2 -4.14881436 -1e+10 1e+10
13 10 2 -4.90639001 -1e+10 1e+10
14 10 2 -5.71494204 -1e+10 9.99999999e+09
15 10 2 -6.55491397 -1e+10 9.99999999e+09
-3 11 2 -6.95014993 -1e+10 9.99999999e+09
-2 11 2 -6.15084042 -1e+10 9.99999999e+09
-1 11 2 -5.39477018 -1e+10 9.99999999e+09
0 11 2 -4.69507047 -1e+10 1e+10
1 11 2 -4.04649524 -4.14037957 0.0938843293
2 11 2 -3.46596613 -3.48916258 0.0231964475
3 11 2 -2.99456388 -2.99505292 0.000489044302
4 11 2 -2.61163429 -2.61119908 -0.000435209174
5 11 2 -2.39630038 -2.39627574 -2.46382163e-05
6 11 2 -2.30273511 -2.29475095 -0.00798416694
7 11 2 -2.39630038 -2.39627574 -2.46382163e-05
8 11 2 -2.61163429 -2.61119908 -0.000435209174
9 11 2 -2.99456388 -2.99505292 0.000489044302
10 11 2 -3.46584002 -3.48929022 0.0234502071
11 11 2 -4.04649524 -1e+10 1e+10
12 11 2 -4.69507047 -1e+10 1e+10
13 11 2 -5.39477018 -1e+10 9.99999999e+09
14 11 2 -6.15084042 -1e+10 9.99999999e+09
15 11 2 -6.95014993 -1e+10 9.99999999e+09
-3 12 2 -7.43225234 -1e+10 9.99999999e+09
-2 12 2 -6.68218153 -1e+10 9.99999999e+09
-1 12 2 -5.98086352 -1e+10 9.99999999e+09
0 12 2 -5.3169224 -1e+10 9.99999999e+09
1 12 2 -4.69507047 -1e+10 1e+10
2 12 2 -4.14881436 -1e+10 1e+10
3 12 2 -3.71369047 -1e+10 1e+10
4 12 2 -3.36611783 -1e+10 1e+10
5 12 2 -3.188239 -1e+10 1e+10
6 12 2 -3.10062731 -1e+10 1e+10
7 12 2 -3.188239 -1e+10 1e+10
8 12 2 -3.36611783 -1e+10 1e+10
9 12 2 -3.71369047 -1e+10 1e+10
10 12 2 -4.14881436 -1e+10 1e+10
11 12 2 -4.69507047 -1e+10 1e+10
12 12 2 -5.3169224 -1e+10 9.99999999e+09
13 12 2 -5.98086352 -1e+10 9.99999999e+09
14 12 2 -6.68218153 -1e+10 9.99999999e+09
15 12 2 -7.43225234 -1e+10 9.99999999e+09
-3 13 2 -7.9897796 -1e+10 9.99999999e+09
-2 13 2 -7.28385578 -1e+10 9.99999999e+09
-1 13 2 -6.61870633 -1e+10 9.99999999e+09
0 13 2 -5.98086352 -1e+10 9.99999999e+09
1 13 2 -5.39477018 -1e+10 9.99999999e+09
2 13 2 -4.90639001 -1e+10 1e+10
3 13 2 -4.50468982 -1e+10 1e+10
4 13 2 -4.18973577 -1e+10 1e+10
5 13 2 -4.03118383 -1e+10 1e+10
6 13 2 -3.94916085 -1e+10 1e+10
7 13 2 -4.03118383 -1e+10 1e+10
8 13 2 -4.18973577 -1e+10 1e+10
9 13 2 -4.50468982 -1e+10 1e+10
10 13 2 -4.90709234 -1e+10 1e+10
11 13 2 -5.39477018 -1e+10 9.99999999e+09
12 13 2 -5.98086352 -1e+10 9.99999999e+09
13 13 2 -6.61870633 -1e+10 9.99999999e+09
14 13 2 -7.28385578 -1e+10 9.99999999e+09
15 13 2 -7.9897796 -1e+10 9.99999999e+09
-3 14 2 -8.60282287 -1e+10 9.99999999e+09
-2 14 2 -7.93341573 -1e+10 9.99999999e+09
-1 14 2 -7.28385578 -1e+10 9.99999999e+09
0 14 2 -6.68218153 -1e+10 9.99999999e+09
1 14 2 -6.15084042 -1e+10 9.99999999e+09
2 14 2 -5.71494204 -1e+10 9.99999999e+09
3 14 2 -5.33982128 -1e+10 9.99999999e+09
4 14 2 -5.06075008 -1e+10 9.99999999e+09
5 14 2 -4.91839649 -1e+10 1e+10
6 14 2 -4.84192311 -1e+10 1e+10
7 14 2 -4.91839649 -1e+10 1e+10
8 14 2 -5.06075008 -1e+10 9.99999999e+09
9 14 2 -5.33982128 -1e+10 9.99999999e+09
10 14 2 -5.71494204 -1e+10 9.99999999e+09
11 14 2 -6.15084042 -1e+10 9.99999999e+09
12 14 2 -6.68218153 -1e+10 9.99999999e+09
13 14 2 -7.28385578 -1e+10 9.99999999e+09
14 14 2 -7.93341573 -1e+10 9.99999999e+09
15 14 2 -8.60282287 -1e+10 9.99999999e+09
-3 15 2 -9.26333687 -1e+10 9.99999999e+09
-2 15 2 -8.60282287 -1e+10 9.99999999e+09
-1 15 2 -7.9897796 -1e+10 9.99999999e+09
0 15 2 -7.43225234 -1e+10 9.99999999e+09
1 15 2 -6.95014993 -1e+10 9.99999999e+09
2 15 2 -6.55491397 -1e+10 9.99999999e+09
3 15 2 -6.20917976 -1e+10 9.99999999e+09
4 15 2 -5.96515594 -1e+10 9.99999999e+09
5 15 2 -5.83306756 -1e+10 9.99999999e+09
6 15 2 -5.76236236 -1e+10 9.99999999e+09
7 15 2 -5.83305147 -1e+10 9.99999999e+09
8 15 2 -5.96515594 -1e+10 9.99999999e+09
9 15 2 -6.20917976 -1e+10 9.99999999e+09
10 15 2 -6.55491397 -1e+10 9.99999999e+09
11 15 2 -6.95014993 -1e+10 9.99999999e+09
12 15 2 -7.43225234 -1e+10 9.99999999e+09
13 15 2 -7.9897796 -1e+10 9.99999999e+09
14 15 2 -8.60282287 -1e+10 9.99999999e+09
15 15 2 -9.26333687 -1e+10 9.99999999e+09
-3 -3 3 -8.99402891 -1e+10 9.99999999e+09
-2 -3 3 -8.31451695 -1e+10 9.99999999e+09
-1 -3 3 -7.68089471 -1e+10 9.99999999e+09
0 -3 3 -7.10761213 -1e+10 9.99999999e+09
1 -3 3 -6.60940777 -1e+10 9.99999999e+09
2 -3 3 -6.20917976 -1e+10 9.99999999e+09
3 -3 3 -5.87517136 -1e+10 9.99999999e+09
4 -3 3 -5.62114643 -1e+10 9.99999999e+09
5 -3 3 -5.48438672 -1e+10 9.99999999e+09
6 -3 3 -5.40874813 -1e+10 9.99999999e+09
7 -3 3 -5.48441512 -1e+10 9.99999999e+09
8 -3 3 -5.62114643 -1e+10 9.99999999e+09
9 -3 3 -5.87514423 -1e+10 9.99999999e+09
10 -3 3 -6.20917976 -1e+10 9.99999999e+09
11 -3 3 -6.60940777 -1e+10 9.99999999e+09
12 -3 3 -7.10761213 -1e+10 9.99999999e+09
13 -3 3 -7.68089471 -1e+10 9.99999999e+09
14 -3 3 -8.31451695 -1e+10 9.99999999e+09
15 -3 3 -8.99402891 -1e+10 9.99999999e+09
-3 -2 3 -8.31451695 -1e+10 9.99999999e+09
-2 -2 3 -7.62141647 -1e+10 9.99999999e+09
-1 -2 3 -6.94846571 -1e+10 9.99999999e+09
0 -2 3 -6.33176501 -1e+10 9.99999999e+09
1 -2 3 -5.78740532 -1e+10 9.99999999e+09
2 -2 3 -5.33982128 -1e+10 9.99999999e+09
3 -2 3 -4.98508573 -1e+10 1e+10
4 -2 3 -4.69959923 -1e+10 1e+10
5 -2 3 -4.55167322 -1e+10 1e+10
6 -2 3 -4.47132498 -1e+10 1e+10
7 -2 3 -4.55167322 -1e+10 1e+10
8 -2 3 -4.69960264 -1e+10 1e+10
9 -2 3 -4.98508573 -1e+10 1e+10
10 -2 3 -5.33982128 -1e+10 9.99999999e+09
11 -2 3 -5.78740532 -1e+10 9.99999999e+09
12 -2 3 -6.33176501 -1e+10 9.99999999e+09
13 -2 3 -6.94846571 -1e+10 9.99999999e+09
14 -2 3 -7.62141647 -1e+10 9.99999999e+09
15 -2 3 -8.31451695 -1e+10 9.99999999e+09
-3 -1 3 -7.68089471 -1e+10 9.99999999e+09
-2 -1 3 -6.94846571 -1e+10 9.99999999e+09
-1 -1 3 -6.26398977 -1e+10 9.99999999e+09
0 -1 3 -5.60598739 -1e+10 9.99999999e+09
1 -1 3 -5.01185001 -1e+10 9.99999999e+09
2 -1 3 -4.50468982 -1e+10 1e+10
3 -1 3 -4.11221123 -4.70814207 0.595930843
4 -1 3 -3.78898594 -4.19119266 0.402206721
5 -1 3 -3.62278139 -3.8165555 0.193774113
6 -1 3 -3.53623892 -3.68321815 0.146979227
7 -1 3 -3.62278057 -3.8165555 0.193774929
8 -1 3 -3.78898594 -4.19119266 0.402206721
9 -1 3 -4.11221123 -1e+10 1e+10
10 -1 3 -4.50468982 -1e+10 1e+10
11 -1 3 -5.01185001 -1e+10 9.99999999e+09
12 -1 3 -5.60598739 -1e+10 9.99999999e+09
13 -1 3 -6.26398977 -1e+10 9.99999999e+09
14 -1 3 -6.94846571 -1e+10 9.99999999e+09
15 -1 3 -7.68089471 -1e+10 9.99999999e+09
-3 0 3 -7.10761213 -1e+10 9.99999999e+09
-2 0 3 -6.33176501 -1e+10 9.99999999e+09
-1 0 3 -5.60598739 -1e+10 9.99999999e+09
0 0 3 -4.9345184 -1e+10 1e+10
1 0 3 -4.28952983 -4.28915315 -0.000376671882
2 0 3 -3.71369047 -3.71319714 -0.000493328298
3 0 3 -3.26581526 -3.26554995 -0.000265316665
4 0 3 -2.89997032 -2.89975753 -0.00021278406
5 0 3 -2.70058959 -2.69987018 -0.000719408959
6 0 3 -2.60701353 -2.597369 -0.00964452563
7 0 3 -2.70058959 -2.69987018 -0.000719408959
8 0 3 -2.89997032 -2.89975753 -0.00021278406
9 0 3 -3.26581526 -3.26554995 -0.000265316665
10 0 3 -3.71369047 -3.71319714 -0.000493328298
11 0 3 -4.28952983 -1e+10 1e+10
12 0 3 -4.93457847 -1e+10 1e+10
13 0 3 -5.60598739 -1e+10 9.99999999e+09
14 0 3 -6.33176501 -1e+10 9.99999999e+09
15 0 3 -7.10761213 -1e+10 9.99999999e+09
-3 1 3 -6.60940777 -1e+10 9.99999999e+09
-2 1 3 -5.78740532 -1e+10 9.99999999e+09
-1 1 3 -5.01185001 -1e+10 9.99999999e+09
0 1 3 -4.28952983 -4.28915315 -0.000376671882
1 1 3 -3.62312695 -3.62286286 -0.000264091575
2 1 3 -2.99456388 -2.99433824 -0.000225636198
3 1 3 -2.4612093 -2.46063981 -0.000569495798
4 1 3 -2.06004379 -2.05684303 -0.00320076448
5 1 3 -1.81498965 -1.81496953 -2.01156181e-05
6 1 3 -1.7188053 -1.71118882 -0.00761647536
7 1 3 -1.81498965 -1.81496953 -2.01156181e-05
8 1 3 -2.06004379 -2.05684303 -0.00320076448
9 1 3 -2.4609503 -2.46063981 -0.000310495541
10 1 3 -2.99456388 -2.99433824 -0.000225636198
11 1 3 -3.62311275 -3.66132081 0.0382080678
12 1 3 -4.28952983 -1e+10 1e+10
13 1 3 -5.01185001 -1e+10 9.99999999e+09
14 1 3 -5.78740532 -1e+10 9.99999999e+09
15 1 3 -6.60940777 -1e+10 9.99999999e+09
-3 2 3 -6.20917976 -1e+10 9.99999999e+09
-2 2 3 -5.33982128 -1e+10 9.99999999e+09
-1 2 3 -4.50468982 -1e+10 1e+10
0 2 3 -3.71369047 -3.71319714 -0.000493328298
1 2 3 -2.99456388 -2.99433824 -0.000225636198
2 2 3 -2.32935027 -2.32631413 -0.00303613976
3 2 3 -1.74026435 -1.74019337 -7.09817218e-05
4 2 3 -1.30056172 -1.29997905 -0.000582664322
5 2 3 -1.0001001 -0.999245208 -0.000854892585
6 2 3 -0.894957865 -0.88782221 -0.00713565553
7 2 3 -1.00013266 -0.999245208 -0.000887449274
8 2 3 -1.30051238 -1.29997905 -0.000533325346
9 2 3 -1.74026435 -1.74019337 -7.09817218e-05
10 2 3 -2.32935027 -2.32631413 -0.00303613976
11 2 3 -2.99456388 -2.99505292 0.000489044302
12 2 3 -3.71369047 -1e+10 1e+10
13 2 3 -4.50468982 -1e+10 1e+10
14 2 3 -5.33982128 -1e+10 9.99999999e+09
15 2 3 -6.20917976 -1e+10 9.99999999e+09
-3 3 3 -5.87514423 -1e+10 9.99999999e+09
-2 3 3 -4.98508573 -1e+10 1e+10
-1 3 3 -4.11221123 -4.70814207 0.595930843
0 3 3 -3.26581526 -3.26554995 -0.000265316665
1 3 3 -2.46101839 -2.46063981 -0.000378580374
2 3 3 -1.74026435 -1.74019337 -7.09817218e-05
3 3 3 -1.12126271 -1.12038294 -0.000879768275
4 3 3 -0.628909142 -0.628674741 -0.00023440128
5 3 3 -0.276240186 -0.274816745 -0.00142344062
6 3 3 -0.161872194 -0.154793182 -0.00707901163
7 3 3 -0.276240186 -0.274816745 -0.00142344062
8 3 3 -0.628909142 -0.628674741 -0.00023440128
9 3 3 -1.12126271 -1.12038294 -0.000879768275
10 3 3 -1.74026435 -1.74019337 -7.09817218e-05
11 3 3 -2.46101839 -2.46063981 -0.000378580374
12 3 3 -3.26581526 -4.1432598 0.877444538
13 3 3 -4.11221123 -1e+10 1e+10
14 3 3 -4.98508573 -1e+10 1e+10
15 3 3 -5.87514423 -1e+10 9.99999999e+09
-3 4 3 -5.62114643 -1e+10 9.99999999e+09
-2 4 3 -4.69960264 -1e+10 1e+10
-1 4 3 -3.78898594 -4.19119266 0.402206721
0 4 3 -2.89997032 -2.89975753 -0.00021278406
1 4 3 -2.06004379 -2.05684303 -0.00320076448
2 4 3 -1.30051238 -1.29997905 -0.000533325346
3 4 3 -0.628909142 -0.628674741 -0.00023440128
4 4 3 -0.0272306029 -0.020189581 -0.00704102188
5 4 3 0.370990196 0.371516306 -0.000526110338
6 4 3 0.504416713 0.508419856 -0.00400314292
7 4 3 0.37067921 0.371516306 -0.00083709601
8 4 3 -0.0272306029 -0.020189581 -0.00704102188
9 4 3 -0.628909142 -0.628674741 -0.00023440128
10 4 3 -1.30056172 -1.29997905 -0.000582664322
11 4 3 -2.06004379 -2.05684303 -0.00320076448
12 4 3 -2.89997032 -3.54486895 0.644898636
13 4 3 -3.78898594 -1e+10 1e+10
14 4 3 -4.69959923 -1e+10 1e+10
15 4 3 -5.62114643 -1e+10 9.99999999e+09
-3 5 3 -5.48441512 -1e+10 9.99999999e+09
-2 5 3 -4.55167322 -1e+10 1e+10
-1 5 3 -3.62278057 -3.8165555 0.193774929
0 5 3 -2.70058959 -2.69987018 -0.000719408959
1 5 3 -1.81498965 -1.81496953 -2.01156181e-05
2 5 3 -1.00013266 -0.999245208 -0.000887449274
3 5 3 -0.276240186 -0.274816745 -0.00142344062
4 5 3 0.371056272 0.371516306 -0.000460034126
5 5 3 0.75627906 0.756454074 -0.000175014146
6 5 3 0.912264809 0.913078814 -0.000814004256
7 5 3 0.75627906 0.756454074 -0.000175014146
8 5 3 0.37067921 0.371516306 -0.00083709601
9 5 3 -0.276240186 -0.274816745 -0.00142344062
10 5 3 -1.0001001 -0.999245208 -0.000854892585
11 5 3 -1.81498965 -1.81496953 -2.01156181e-05
12 5 3 -2.70058959 -3.09291059 0.392320999
13 5 3 -3.62278057 -1e+10 1e+10
14 5 3 -4.55167322 -1e+10 1e+10
15 5 3 -5.48441512 -1e+10 9.99999999e+09
-3 6 3 -5.40874813 -1e+10 9.99999999e+09
-2 6 3 -4.47132498 -1e+10 1e+10
-1 6 3 -3.53623892 -3.68321815 0.146979227
0 6 3 -2.60701353 -2.597369 -0.00964452563
1 6 3 -1.7188053 -1.71118882 -0.00761647536
2 6 3 -0.894957865 -0.88782221 -0.00713565553
3 6 3 -0.161872194 -0.154793182 -0.00707901163
4 6 3 0.504416713 0.508419856 -0.00400314292
5 6 3 0.912264809 0.913078814 -0.000814004256
6 6 3 1.11771452 1.11777196 -5.74465637e-05
7 6 3 0.912264809 0.913078814 -0.000814004256
8 6 3 0.504416713 0.508419856 -0.00400314292
9 6 3 -0.161872194 -0.154793182 -0.00707901163
10 6 3 -0.894957865 -0.88782221 -0.00713565553
11 6 3 -1.7188053 -1.71118882 -0.00761647536
12 6 3 -2.60701353 -2.92678935 0.319775823
13 6 3 -3.53623892 -1e+10 1e+10
14 6 3 -4.47132498 -1e+10 1e+10
15 6 3 -5.40874813 -1e+10 9.99999999e+09
-3 7 3 -5.48438672 -1e+10 9.99999999e+09
-2 7 3 -4.55167322 -1e+10 1e+10
-1 7 3 -3.62278139 -3.8165555 0.193774113
0 7 3 -2.70058959 -2.69987018 -0.000719408959
1 7 3 -1.81498965 -1.81496953 -2.01156181e-05
2 7 3 -1.0001001 -0.999245208 -0.000854892585
3 7 3 -0.276240186 -0.274816745 -0.00142344062
4 7 3 0.370726209 0.371516306 -0.000790097631
5 7 3 0.75627906 0.756454074 -0.000175014146
6 7 3 0.912264809 0.913078814 -0.000814004256
7 7 3 0.75627906 0.756454074 -0.000175014146
8 7 3 0.37067921 0.371516306 -0.00083709601
9 7 3 -0.276240186 -0.274816745 -0.00142344062
10 7 3 -1.00013266 -0.999245208 -0.000887449274
11 7 3 -1.81498965 -1.81496953 -2.01156181e-05
12 7 3 -2.70058959 -3.09291059 0.392320999
13 7 3 -3.62278139 -1e+10 1e+10
14 7 3 -4.55167322 -1e+10 1e+10
15 7 3 -5.48438672 -1e+10 9.99999999e+09
-3 8 3 -5.62114643 -1e+10 9.99999999e+09
-2 8 3 -4.69959923 -1e+10 1e+10
-1 8 3 -3.78898594 -4.19119266 0.402206721
0 8 3 -2.89997032 -2.89975753 -0.00021278406
1 8 3 -2.06004379 -2.05684303 -0.00320076448
2 8 3 -1.30056172 -1.29997905 -0.000582664322
3 8 3 -0.628909142 -0.628674741 -0.00023440128
4 8 3 -0.0272306029 -0.020189581 -0.00704102188
5 8 3 0.370875099 0.371516306 -0.000641207229
6 8 3 0.504416713 0.508419856 -0.00400314292
7 8 3 0.37067921 0.371516306 -0.00083709601
8 8 3 -0.0272306029 -0.020189581 -0.00704102188
9 8 3 -0.628909142 -0.628674741 -0.00023440128
10 8 3 -1.30051238 -1.29997905 -0.000533325346
11 8 3 -2.06004379 -2.05684303 -0.00320076448
12 8 3 -2.89997032 -3.54486895 0.644898636
13 8 3 -3.78898594 -1e+10 1e+10
14 8 3 -4.69960264 -1e+10 1e+10
15 8 3 -5.62114643 -1e+10 9.99999999e+09
-3 9 3 -5.87517136 -1e+10 9.99999999e+09
-2 9 3 -4.98508573 -1e+10 1e+10
-1 9 3 -4.11221123 -1e+10 1e+10
0 9 3 -3.26581526 -3.26554995 -0.000265316665
1 9 3 -2.4612093 -2.46063981 -0.000569495798
2 9 3 -1.74026435 -1.74019337 -7.09817218e-05
3 9 3 -1.12126271 -1.12038294 -0.000879768275
4 9 3 -0.628909142 -0.628674741 -0.00023440128
5 9 3 -0.276240186 -0.274816745 -0.00142344062
6 9 3 -0.161872194 -0.154793182 -0.00707901163
7 9 3 -0.276240186 -0.274816745 -0.00142344062
8 9 3 -0.628909142 -0.628674741 -0.00023440128
9 9 3 -1.12126271 -1.12038294 -0.000879768275
10 9 3 -1.74026435 -1.74019337 -7.09817218e-05
11 9 3 -2.4609503 -2.46063981 -0.000310495541
12 9 3 -3.26581526 -1e+10 1e+10
13 9 3 -4.11221123 -1e+10 1e+10
14 9 3 -4.98508573 -1e+10 1e+10
15 9 3 -5.87517136 -1e+10 9.99999999e+09
-3 10 3 -6.20917976 -1e+10 9.99999999e+09
-2 10 3 -5.33982128 -1e+10 9.99999999e+09
-1 10 3 -4.50468982 -1e+10 1e+10
0 10 3 -3.71369047 -3.71319714 -0.000493328298
1 10 3 -2.99456388 -2.99433824 -0.000225636198
2 10 3 -2.32935027 -2.32631413 -0.00303613976
3 10 3 -1.74026435 -1.74019337 -7.09817218e-05
4 10 3 -1.30051238 -1.29997905 -0.000533325346
5 10 3 -1.00013266 -0.999245208 -0.000887449274
6 10 3 -0.894957865 -0.88782221 -0.00713565553
7 10 3 -1.0001001 -0.999245208 -0.000854892585
8 10 3 -1.30056172 -1.29997905 -0.000582664322
9 10 3 -1.74026435 -1.74019337 -7.09817218e-05
10 10 3 -2.32935027 -2.32631413 -0.00303613976
11 10 3 -2.99456388 -2.99505292 0.000489044302
12 10 3 -3.71369047 -1e+10 1e+10
13 10 3 -4.50468982 -1e+10 1e+10
14 10 3 -5.33982128 -1e+10 9.99999999e+09
15 10 3 -6.20917976 -1e+10 9.99999999e+09
-3 11 3 -6.60940777 -1e+10 9.99999999e+09
-2 11 3 -5.78740532 -1e+10 9.99999999e+09
-1 11 3 -5.01185001 -1e+10 9.99999999e+09
0 11 3 -4.28952983 -1e+10 1e+10
1 11 3 -3.62312695 -3.66132081 0.038193861
2 11 3 -2.99456388 -2.99505292 0.000489044302
3 11 3 -2.4609503 -2.46063981 -0.000310495541
4 11 3 -2.06004379 -2.05684303 -0.00320076448
5 11 3 -1.81498965 -1.81496953 -2.01156181e-05
6 11 3 -1.7188053 -1.71118882 -0.00761647536
7 11 3 -1.81498965 -1.81496953 -2.01156181e-05
8 11 3 -2.06004379 -2.05684303 -0.00320076448
9 11 3 -2.46101839 -2.46063981 -0.000378580374
10 11 3 -2.99456388 -2.99505292 0.000489044302
11 11 3 -3.62311275 -1e+10 1e+10
12 11 3 -4.28952983 -1e+10 1e+10
13 11 3 -5.01185001 -1e+10 9.99999999e+09
14 11 3 -5.78740532 -1e+10 9.99999999e+09
15 11 3 -6.60940777 -1e+10 9.99999999e+09
-3 12 3 -7.10761213 -1e+10 9.99999999e+09
-2 12 3 -6.33176501 -1e+10 9.99999999e+09
-1 12 3 -5.60598739 -1e+10 9.99999999e+09
0 12 3 -4.93455377 -1e+10 1e+10
1 12 3 -4.28952983 -1e+10 1e+10
2 12 3 -3.71369047 -1e+10 1e+10
3 12 3 -3.26581526 -4.1432598 0.877444538
4 12 3 -2.89997032 -3.54486895 0.644898636
5 12 3 -2.70058959 -3.09291059 0.392320999
6 12 3 -2.60701353 -2.92678935 0.319775823
7 12 3 -2.70058959 -3.09291059 0.392320999
8 12 3 -2.89997032 -3.54486895 0.644898636
9 12 3 -3.26581526 -1e+10 1e+10
10 12 3 -3.71369047 -1e+10 1e+10
11 12 3 -4.28952983 -1e+10 1e+10
12 12 3 -4.93457847 -1e+10 1e+10
13 12 3 -5.60598739 -1e+10 9.99999999e+09
14 12 3 -6.33176501 -1e+10 9.99999999e+09
15 12 3 -7.10761213 -1e+10 9.99999999e+09
-3 13 3 -7.68089471 -1e+10 9.99999999e+09
-2 13 3 -6.94846571 -1e+10 9.99999999e+09
-1 13 3 -6.26398977 -1e+10 9.99999999e+09
0 13 3 -5.60598739 -1e+10 9.99999999e+09
1 13 3 -5.01185001 -1e+10 9.99999999e+09
2 13 3 -4.50468982 -1e+10 1e+10
3 13 3 -4.11221123 -1e+10 1e+10
4 13 3 -3.78898594 -1e+10 1e+10
5 13 3 -3.62278139 -1e+10 1e+10
6 13 3 -3.53623892 -1e+10 1e+10
7 13 3 -3.62278057 -1e+10 1e+10
8 13 3 -3.78898594 -1e+10 1e+10
9 13 3 -4.11221123 -1e+10 1e+10
10 13 3 -4.50468982 -1e+10 1e+10
11 13 3 -5.01185001 -1e+10 9.99999999e+09
12 13 3 -5.60598739 -1e+10 9.99999999e+09
13 13 3 -6.26398977 -1e+10 9.99999999e+09
14 13 3 -6.94846571 -1e+10 9.99999999e+09
15 13 3 -7.68089471 -1e+10 9.99999999e+09
-3 14 3 -8.31451695 -1e+10 9.99999999e+09
-2 14 3 -7.62141647 -1e+10 9.99999999e+09
-1 14 3 -6.94846571 -1e+10 9.99999999e+09
0 14 3 -6.33176501 -1e+10 9.99999999e+09
1 14 3 -5.78740532 -1e+10 9.99999999e+09
2 14 3 -5.33982128 -1e+10 9.99999999e+09
3 14 3 -4.98508573 -1e+10 1e+10
4 14 3 -4.69960264 -1e+10 1e+10
5 14 3 -4.55167322 -1e+10 1e+10
6 14 3 -4.47132498 -1e+10 1e+10
7 14 3 -4.55167322 -1e+10 1e+10
8 14 3 -4.69959923 -1e+10 1e+10
9 14 3 -4.98508573 -1e+10 1e+10
10 14 3 -5.33982128 -1e+10 9.99999999e+09
11 14 3 -5.78740532 -1e+10 9.99999999e+09
12 14 3 -6.33176501 -1e+10 9.99999999e+09
13 14 3 -6.94846571 -1e+10 9.99999999e+09
14 14 3 -7.62141647 -1e+10 9.99999999e+09
15 14 3 -8.31451695 -1e+10 9.99999999e+09
-3 15 3 -8.99402891 -1e+10 9.99999999e+09
-2 15 3 -8.31451695 -1e+10 9.99999999e+09
-1 15 3 -7.68089471 -1e+10 9.99999999e+09
0 15 3 -7.10761213 -1e+10 9.99999999e+09
1 15 3 -6.60940777 -1e+10 9.99999999e+09
2 15 3 -6.20917976 -1e+10 9.99999999e+09
3 15 3 -5.87517136 -1e+10 9.99999999e+09
4 15 3 -5.62114643 -1e+10 9.99999999e+09
5 15 3 -5.48438672 -1e+10 9.99999999e+09
6 15 3 -5.40874813 -1e+10 9.99999999e+09
7 15 3 -5.48441512 -1e+10 9.99999999e+09
8 15 3 -5.62114643 -1e+10 9.99999999e+09
9 15 3 -5.87514423 -1e+10 9.99999999e+09
10 15 3 -6.20917976 -1e+10 9.99999999e+09
11 15 3 -6.60940777 -1e+10 9.99999999e+09
12 15 3 -7.10761213 -1e+10 9.99999999e+09
13 15 3 -7.68089471 -1e+10 9.99999999e+09
14 15 3 -8.31451695 -1e+10 9.99999999e+09
15 15 3 -8.99402891 -1e+10 9.99999999e+09
-3 -3 4 -8.81844614 -1e+10 9.99999999e+09
-2 -3 4 -8.12485667 -1e+10 9.99999999e+09
-1 -3 4 -7.47876303 -1e+10 9.99999999e+09
0 -3 4 -6.89139322 -1e+10 9.99999999e+09
1 -3 4 -6.3781993 -1e+10 9.99999999e+09
2 -3 4 -5.96515594 -1e+10 9.99999999e+09
3 -3 4 -5.62114643 -1e+10 9.99999999e+09
4 -3 4 -5.35631049 -1e+10 9.99999999e+09
5 -3 4 -5.20877086 -1e+10 9.99999999e+09
6 -3 4 -5.12580997 -1e+10 9.99999999e+09
7 -3 4 -5.20877086 -1e+10 9.99999999e+09
8 -3 4 -5.35631049 -1e+10 9.99999999e+09
9 -3 4 -5.62114643 -1e+10 9.99999999e+09
10 -3 4 -5.96515594 -1e+10 9.99999999e+09
11 -3 4 -6.3781993 -1e+10 9.99999999e+09
12 -3 4 -6.89139322 -1e+10 9.99999999e+09
13 -3 4 -7.47876303 -1e+10 9.99999999e+09
14 -3 4 -8.12485667 -1e+10 9.99999999e+09
15 -3 4 -8.81847237 -1e+10 9.99999999e+09
-3 -2 4 -8.12485667 -1e+10 9.99999999e+09
-2 -2 4 -7.4166401 -1e+10 9.99999999e+09
-1 -2 4 -6.72692485 -1e+10 9.99999999e+09
0 -2 4 -6.09175814 -1e+10 9.99999999e+09
1 -2 4 -5.52801252 -1e+10 9.99999999e+09
2 -2 4 -5.06075008 -1e+10 9.99999999e+09
3 -2 4 -4.69960264 -1e+10 1e+10
4 -2 4 -4.40393739 -1e+10 1e+10
5 -2 4 -4.24565622 -1e+10 1e+10
6 -2 4 -4.1527058 -1e+10 1e+10
7 -2 4 -4.24565852 -1e+10 1e+10
8 -2 4 -4.40393739 -1e+10 1e+10
9 -2 4 -4.69959923 -1e+10 1e+10
10 -2 4 -5.06075008 -1e+10 9.99999999e+09
11 -2 4 -5.52801252 -1e+10 9.99999999e+09
12 -2 4 -6.09175814 -1e+10 9.99999999e+09
13 -2 4 -6.72692485 -1e+10 9.99999999e+09
14 -2 4 -7.4166401 -1e+10 9.99999999e+09
15 -2 4 -8.12485667 -1e+10 9.99999999e+09
-3 -1 4 -7.47876303 -1e+10 9.99999999e+09
-2 -1 4 -6.72692485 -1e+10 9.99999999e+09
-1 -1 4 -6.02042612 -1e+10 9.99999999e+09
0 -1 4 -5.33725018 -1e+10 9.99999999e+09
1 -1 4 -4.71912412 -1e+10 1e+10
2 -1 4 -4.18973577 -1e+10 1e+10
3 -1 4 -3.78898594 -4.19119266 0.402206721
4 -1 4 -3.46398329 -3.72872957 0.264746274
5 -1 4 -3.28703953 -3.36041826 0.073378734
6 -1 4 -3.19065651 -3.20817875 0.0175222392
7 -1 4 -3.28703953 -3.36041826 0.073378734
8 -1 4 -3.46398329 -3.72872957 0.264746274
9 -1 4 -3.78898594 -1e+10 1e+10
10 -1 4 -4.18973577 -1e+10 1e+10
11 -1 4 -4.71912412 -1e+10 1e+10
12 -1 4 -5.33725018 -1e+10 9.99999999e+09
13 -1 4 -6.02042612 -1e+10 9.99999999e+09
14 -1 4 -6.72692485 -1e+10 9.99999999e+09
15 -1 4 -7.47876303 -1e+10 9.99999999e+09
-3 0 4 -6.89139322 -1e+10 9.99999999e+09
-2 0 4 -6.09175814 -1e+10 9.99999999e+09
-1 0 4 -5.33725018 -1e+10 9.99999999e+09
0 0 4 -4.63513721 -1e+10 1e+10
1 0 4 -3.96085079 -3.95400624 -0.00684455347
2 0 4 -3.36611783 -3.3634051 -0.00271272589
3 0 4 -2.89997032 -2.89975753 -0.00021278406
4 0 4 -2.559039 -2.55902909 -9.91141442e-06
5 0 4 -2.34749432 -2.34742283 -7.14941197e-05
6 0 4 -2.24847011 -2.2405951 -0.00787500867
7 0 4 -2.34747844 -2.34742283 -5.56176909e-05
8 0 4 -2.559039 -2.55902909 -9.91141442e-06
9 0 4 -2.89997032 -2.89975753 -0.00021278406
10 0 4 -3.36611783 -3.3634051 -0.00271272589
11 0 4 -3.96085079 -1e+10 1e+10
12 0 4 -4.63513721 -1e+10 1e+10
13 0 4 -5.33725018 -1e+10 9.99999999e+09
14 0 4 -6.09175814 -1e+10 9.99999999e+09
15 0 4 -6.89139322 -1e+10 9.99999999e+09
-3 1 4 -6.3781993 -1e+10 9.99999999e+09
-2 1 4 -5.52801252 -1e+10 9.99999999e+09
-1 1 4 -4.71912412 -1e+10 1e+10
0 1 4 -3.96085079 -3.95400624 -0.00684455347
1 1 4 -3.26584227 -3.26251028 -0.00333198506
2 1 4 -2.61163429 -2.61119908 -0.000435209175
3 1 4 -2.06004379 -2.05684303 -0.00320076448
4 1 4 -1.67367852 -1.67359108 -8.7443663e-05
5 1 4 -1.41449877 -1.41447674 -2.20346695e-05
6 1 4 -1.3113284 -1.30384658 -0.00748181316
7 1 4 -1.41449246 -1.41447674 -1.57228112e-05
8 1 4 -1.67367852 -1.67359108 -8.7443663e-05
9 1 4 -2.06004379 -2.05684303 -0.00320076448
10 1 4 -2.61163429 -2.61119908 -0.000435209175
11 1 4 -3.26584227 -3.27359845 0.00775618618
12 1 4 -3.96085079 -1e+10 1e+10
13 1 4 -4.71912412 -1e+10 1e+10
14 1 4 -5.52801252 -1e+10 9.99999999e+09
15 1 4 -6.3781993 -1e+10 9.99999999e+09
-3 2 4 -5.96515594 -1e+10 9.99999999e+09
-2 2 4 -5.06075008 -1e+10 9.99999999e+09
-1 2 4 -4.18973577 -1e+10 1e+10
0 2 4 -3.36611783 -3.3634051 -0.00271272589
1 2 4 -2.61163429 -2.61119908 -0.000435209175
2 2 4 -1.93602628 -1.93590797 -0.000118311314
3 2 4 -1.30051238 -1.29997905 -0.000533325346
4 2 4 -0.816987177 -0.816919348 -6.78292732e-05
5 2 4 -0.48864354 -0.48860953 -3.40101752e-05
6 2 4 -0.377451642 -0.370005412 -0.00744622949
7 2 4 -0.48864354 -0.48860953 -3.40101752e-05
8 2 4 -0.816986502 -0.816919348 -6.71539358e-05
9 2 4 -1.30056172 -1.29997905 -0.000582664322
10 2 4 -1.93603499 -1.93590797 -0.000127016919
11 2 4 -2.61163429 -2.61119908 -0.000435209174
12 2 4 -3.36611783 -1e+10 1e+10
13 2 4 -4.18973577 -1e+10 1e+10
14 2 4 -5.06075008 -1e+10 9.99999999e+09
15 2 4 -5.96515594 -1e+10 9.99999999e+09
-3 3 4 -5.62114643 -1e+10 9.99999999e+09
-2 3 4 -4.69959923 -1e+10 1e+10
-1 3 4 -3.78898594 -4.19119266 0.402206721
0 3 4 -2.89997032 -2.89975753 -0.00021278406
1 3 4 -2.06004379 -2.05684303 -0.00320076448
2 3 4 -1.30056172 -1.29997905 -0.000582664322
3 3 4 -0.628909142 -0.628674741 -0.00023440128
4 3 4 -0.0272306029 -0.020189581 -0.00704102188
5 3 4 0.37067921 0.371516306 -0.00083709601
6 3 4 0.504416713 0.508419856 -0.00400314292
7 3 4 0.370990196 0.371516306 -0.000526110338
8 3 4 -0.0272306029 -0.020189581 -0.00704102188
9 3 4 -0.628909142 -0.628674741 -0.00023440128
10 3 4 -1.30051238 -1.29997905 -0.000533325346
11 3 4 -2.06004379 -2.05684303 -0.00320076448
12 3 4 -2.89997032 -3.54486895 0.644898636
13 3 4 -3.78898594 -1e+10 1e+10
14 3 4 -4.69960264 -1e+10 1e+10
15 3 4 -5.62114643 -1e+10 9.99999999e+09
-3 4 4 -5.35631049 -1e+10 9.99999999e+09
-2 4 4 -4.40393739 -1e+10 1e+10
-1 4 4 -3.46398329 -3.72872957 0.264746274
0 4 4 -2.559039 -2.55902909 -9.91141442e-06
1 4 4 -1.67367852 -1.67359108 -8.7443663e-05
2 4 4 -0.816986502 -0.816919348 -6.71539358e-05
3 4 4 -0.0272306029 -0.020189581 -0.00704102188
4 4 4 0.6107881 0.611667868 -0.000879768035
5 4 4 1.06170012 1.06182538 -0.000125260861
6 4 4 1.25108764 1.2508471 0.000240538699
7 4 4 1.06170012 1.06182538 -0.000125260861
8 4 4 0.6107881 0.611667868 -0.000879768035
9 4 4 -0.0272306029 -0.020189581 -0.00704102188
10 4 4 -0.816986502 -0.816919348 -6.71539358e-05
11 4 4 -1.67367852 -1.67359108 -8.7443663e-05
12 4 4 -2.559039 -2.98386062 0.424821613
13 4 4 -3.46398329 -1e+10 1e+10
14 4 4 -4.40393739 -1e+10 1e+10
15 4 4 -5.35631049 -1e+10 9.99999999e+09
-3 5 4 -5.20877086 -1e+10 9.99999999e+09
-2 5 4 -4.24565852 -1e+10 1e+10
-1 5 4 -3.28703953 -3.36041826 0.073378734
0 5 4 -2.34747844 -2.34742283 -5.56176909e-05
1 5 4 -1.41449246 -1.41447674 -1.57228112e-05
2 5 4 -0.48864354 -0.48860953 -3.40101752e-05
3 5 4 0.370875099 0.371516306 -0.000641207229
4 5 4 1.06170012 1.06182538 -0.000125260861
5 5 4 1.62928424 1.63033852 -0.00105428451
6 5 4 1.8427289 1.84280701 -7.81103684e-05
7 5 4 1.6300695 1.63033852 -0.000269016882
8 5 4 1.06170012 1.06182538 -0.000125260861
9 5 4 0.370726209 0.371516306 -0.000790097631
10 5 4 -0.48864354 -0.48860953 -3.40101752e-05
11 5 4 -1.41449877 -1.41447674 -2.20346695e-05
12 5 4 -2.34749432 -2.50846784 0.160973517
13 5 4 -3.28703953 -1e+10 1e+10
14 5 4 -4.24565852 -1e+10 1e+10
15 5 4 -5.20877086 -1e+10 9.99999999e+09
-3 6 4 -5.12580997 -1e+10 9.99999999e+09
-2 6 4 -4.1527058 -1e+10 1e+10
-1 6 4 -3.19065651 -3.20817875 0.0175222392
0 6 4 -2.24847011 -2.2405951 -0.00787500867
1 6 4 -1.3113284 -1.30384658 -0.00748181316
2 6 4 -0.377451642 -0.370005412 -0.00744622949
3 6 4 0.504416713 0.508419856 -0.00400314292
4 6 4 1.25108764 1.2508471 0.000240538699
5 6 4 1.8427289 1.84280701 -7.81103684e-05
6 6 4 2.09227096 2.0921446 0.000126359022
7 6 4 1.8427289 1.84280701 -7.81103684e-05
8 6 4 1.25108764 1.2508471 0.000240538699
9 6 4 0.504416713 0.508419856 -0.00400314292
10 6 4 -0.377451642 -0.370005412 -0.00744622949
11 6 4 -1.3113284 -1.30384658 -0.00748181316
12 6 4 -2.24847011 -2.30052405 0.0520539364
13 6 4 -3.19065651 -1e+10 1e+10
14 6 4 -4.1527058 -1e+10 1e+10
15 6 4 -5.12580997 -1e+10 9.99999999e+09
-3 7 4 -5.20877086 -1e+10 9.99999999e+09
-2 7 4 -4.24565622 -1e+10 1e+10
-1 7 4 -3.28703953 -3.36041826 0.073378734
0 7 4 -2.34749432 -2.34742283 -7.14941197e-05
1 7 4 -1.41449877 -1.41447674 -2.20346695e-05
2 7 4 -0.48864354 -0.48860953 -3.40101752e-05
3 7 4 0.37067921 0.371516306 -0.00083709601
4 7 4 1.06170012 1.06182538 -0.000125260861
5 7 4 1.6300695 1.63033852 -0.000269016882
6 7 4 1.8427289 1.84280701 -7.81103684e-05
7 7 4 1.62928424 1.63033852 -0.00105428451
8 7 4 1.06170012 1.06182538 -0.000125260861
9 7 4 0.370990196 0.371516306 -0.000526110338
10 7 4 -0.48864354 -0.48860953 -3.40101752e-05
11 7 4 -1.41449246 -1.41447674 -1.57228112e-05
12 7 4 -2.34747844 -2.50846784 0.160989393
13 7 4 -3.28703953 -1e+10 1e+10
14 7 4 -4.24565622 -1e+10 1e+10
15 7 4 -5.20877086 -1e+10 9.99999999e+09
-3 8 4 -5.35631049 -1e+10 9.99999999e+09
-2 8 4 -4.40393739 -1e+10 1e+10
-1 8 4 -3.46398329 -3.72872957 0.264746274
0 8 4 -2.559039 -2.55902909 -9.91141442e-06
1 8 4 -1.67367852 -1.67359108 -8.7443663e-05
2 8 4 -0.816987177 -0.816919348 -6.78292732e-05
3 8 4 -0.0272306029 -0.020189581 -0.00704102188
4 8 4 0.6107881 0.611667868 -0.000879768035
5 8 4 1.06170012 1.06182538 -0.000125260861
6 8 4 1.25108764 1.2508471 0.000240538699
7 8 4 1.06170012 1.06182538 -0.000125260861
8 8 4 0.6107881 0.611667868 -0.000879768035
9 8 4 -0.0272306029 -0.020189581 -0.00704102188
10 8 4 -0.816987177 -0.816919348 -6.78292732e-05
11 8 4 -1.67367852 -1.67359108 -8.7443663e-05
12 8 4 -2.559039 -2.98386062 0.424821613
13 8 4 -3.46398329 -1e+10 1e+10
14 8 4 -4.40393739 -1e+10 1e+10
15 8 4 -5.35631049 -1e+10 9.99999999e+09
-3 9 4 -5.62114643 -1e+10 9.99999999e+09
-2 9 4 -4.69960264 -1e+10 1e+10
-1 9 4 -3.78898594 -1e+10 1e+10
0 9 4 -2.89997032 -2.89975753 -0.00021278406
1 9 4 -2.06004379 -2.05684303 -0.00320076448
2 9 4 -1.30051238 -1.29997905 -0.000533325346
3 9 4 -0.628909142 -0.628674741 -0.00023440128
4 9 4 -0.0272306029 -0.020189581 -0.00704102188
5 9 4 0.371056272 0.371516306 -0.000460034126
6 9 4 0.504416713 0.508419856 -0.00400314292
7 9 4 0.370726209 0.371516306 -0.000790097631
8 9 4 -0.0272306029 -0.020189581 -0.00704102188
9 9 4 -0.628909142 -0.628674741 -0.00023440128
10 9 4 -1.30056172 -1.29997905 -0.000582664322
11 9 4 -2.06004379 -2.05684303 -0.00320076448
12 9 4 -2.89997032 -1e+10 1e+10
13 9 4 -3.78898594 -1e+10 1e+10
14 9 4 -4.69959923 -1e+10 1e+10
15 9 4 -5.62114643 -1e+10 9.99999999e+09
-3 10 4 -5.96515594 -1e+10 9.99999999e+09
-2 10 4 -5.06075008 -1e+10 9.99999999e+09
-1 10 4 -4.18973577 -1e+10 1e+10
0 10 4 -3.36611783 -3.3634051 -0.00271272589
1 10 4 -2.61163429 -2.61119908 -0.000435209175
2 10 4 -1.93602628 -1.93590797 -0.000118311314
3 10 4 -1.30056172 -1.29997905 -0.000582664322
4 10 4 -0.816987177 -0.816919348 -6.78292732e-05
5 10 4 -0.48864354 -0.48860953 -3.40101752e-05
6 10 4 -0.377451642 -0.370005412 -0.00744622949
7 10 4 -0.48864354 -0.48860953 -3.40101752e-05
8 10 4 -0.816986502 -0.816919348 -6.71539358e-05
9 10 4 -1.30051238 -1.29997905 -0.000533325346
10 10 4 -1.93603499 -1.93590797 -0.000127016919
11 10 4 -2.61163429 -2.61119908 -0.000435209175
12 10 4 -3.36611783 -1e+10 1e+10
13 10 4 -4.18973577 -1e+10 1e+10
14 10 4 -5.06075008 -1e+10 9.99999999e+09
15 10 4 -5.96515594 -1e+10 9.99999999e+09
-3 11 4 -6.3781993 -1e+10 9.99999999e+09
-2 11 4 -5.52801252 -1e+10 9.99999999e+09
-1 11 4 -4.71912412 -1e+10 1e+10
0 11 4 -3.96085079 -1e+10 1e+10
1 11 4 -3.26584227 -3.27359845 0.00775618618
2 11 4 -2.61163429 -2.61119908 -0.000435209174
3 11 4 -2.06004379 -2.05684303 -0.00320076448
4 11 4 -1.67367852 -1.67359108 -8.7443663e-05
5 11 4 -1.41449246 -1.41447674 -1.57228112e-05
6 11 4 -1.3113284 -1.30384658 -0.00748181316
7 11 4 -1.41449877 -1.41447674 -2.20346695e-05
8 11 4 -1.67367852 -1.67359108 -8.7443663e-05
9 11 4 -2.06004379 -2.05684303 -0.00320076448
10 11 4 -2.61163429 -2.61119908 -0.000435209175
11 11 4 -3.26584227 -1e+10 1e+10
12 11 4 -3.96085079 -1e+10 1e+10
13 11 4 -4.71912412 -1e+10 1e+10
14 11 4 -5.52801252 -1e+10 9.99999999e+09
15 11 4 -6.3781993 -1e+10 9.99999999e+09
-3 12 4 -6.89139322 -1e+10 9.99999999e+09
-2 12 4 -6.09175814 -1e+10 9.99999999e+09
-1 12 4 -5.33725018 -1e+10 9.99999999e+09
0 12 4 -4.63513721 -1e+10 1e+10
1 12 4 -3.96085079 -1e+10 1e+10
2 12 4 -3.36611783 -1e+10 1e+10
3 12 4 -2.89997032 -3.54486895 0.644898636
4 12 4 -2.559039 -2.98386062 0.424821613
5 12 4 -2.34747844 -2.50846784 0.160989393
6 12 4 -2.24847011 -2.30052405 0.0520539364
7 12 4 -2.34749432 -2.50846784 0.160973517
8 12 4 -2.559039 -2.98386062 0.424821613
9 12 4 -2.89997032 -1e+10 1e+10
10 12 4 -3.36611783 -1e+10 1e+10
11 12 4 -3.96085079 -1e+10 1e+10
12 12 4 -4.63513721 -1e+10 1e+10
13 12 4 -5.33725018 -1e+10 9.99999999e+09
14 12 4 -6.09175814 -1e+10 9.99999999e+09
15 12 4 -6.89139322 -1e+10 9.99999999e+09
-3 13 4 -7.47876303 -1e+10 9.99999999e+09
-2 13 4 -6.72692485 -1e+10 9.99999999e+09
-1 13 4 -6.02042612 -1e+10 9.99999999e+09
0 13 4 -5.33725018 -1e+10 9.99999999e+09
1 13 4 -4.71912412 -1e+10 1e+10
2 13 4 -4.18973577 -1e+10 1e+10
3 13 4 -3.78898594 -1e+10 1e+10
4 13 4 -3.46398329 -1e+10 1e+10
5 13 4 -3.28703953 -1e+10 1e+10
6 13 4 -3.19065651 -1e+10 1e+10
7 13 4 -3.28703953 -1e+10 1e+10
8 13 4 -3.46398329 -1e+10 1e+10
9 13 4 -3.78898594 -1e+10 1e+10
10 13 4 -4.18973577 -1e+10 1e+10
11 13 4 -4.71912412 -1e+10 1e+10
12 13 4 -5.33725018 -1e+10 9.99999999e+09
13 13 4 -6.02042612 -1e+10 9.99999999e+09
14 13 4 -6.72692485 -1e+10 9.99999999e+09
15 13 4 -7.47876303 -1e+10 9.99999999e+09
-3 14 4 -8.12485667 -1e+10 9.99999999e+09
-2 14 4 -7.4166401 -1e+10 9.99999999e+09
-1 14 4 -6.72692485 -1e+10 9.99999999e+09
0 14 4 -6.09175814 -1e+10 9.99999999e+09
1 14 4 -5.52801252 -1e+10 9.99999999e+09
2 14 4 -5.06075008 -1e+10 9.99999999e+09
3 14 4 -4.69959923 -1e+10 1e+10
4 14 4 -4.40393739 -1e+10 1e+10
5 14 4 -4.24565622 -1e+10 1e+10
6 14 4 -4.1527058 -1e+10 1e+10
7 14 4 -4.24565852 -1e+10 1e+10
8 14 4 -4.40393739 -1e+10 1e+10
9 14 4 -4.69960264 -1e+10 1e+10
10 14 4 -5.06075008 -1e+10 9.99999999e+09
11 14 4 -5.52801252 -1e+10 9.99999999e+09
12 14 4 -6.09175814 -1e+10 9.99999999e+09
13 14 4 -6.72692485 -1e+10 9.99999999e+09
14 14 4 -7.4166401 -1e+10 9.99999999e+09
15 14 4 -8.12485667 -1e+10 9.99999999e+09
-3 15 4 -8.81844614 -1e+10 9.99999999e+09
-2 15 4 -8.12485667 -1e+10 9.99999999e+09
-1 15 4 -7.47876303 -1e+10 9.99999999e+09
0 15 4 -6.89139322 -1e+10 9.99999999e+09
1 15 4 -6.3781993 -1e+10 9.99999999e+09
2 15 4 -5.96515594 -1e+10 9.99999999e+09
3 15 4 -5.62114643 -1e+10 9.99999999e+09
4 15 4 -5.35631049 -1e+10 9.99999999e+09
5 15 4 -5.20877086 -1e+10 9.99999999e+09
6 15 4 -5.12580997 -1e+10 9.99999999e+09
7 15 4 -5.20877086 -1e+10 9.99999999e+09
8 15 4 -5.35631049 -1e+10 9.99999999e+09
9 15 4 -5.62114643 -1e+10 9.99999999e+09
10 15 4 -5.96515594 -1e+10 9.99999999e+09
11 15 4 -6.3781993 -1e+10 9.99999999e+09
12 15 4 -6.89139322 -1e+10 9.99999999e+09
13 15 4 -7.47876303 -1e+10 9.99999999e+09
14 15 4 -8.12485667 -1e+10 9.99999999e+09
15 15 4 -8.81847237 -1e+10 9.99999999e+09
-3 -3 5 -8.69782565 -1e+10 9.99999999e+09
-2 -3 5 -8.00413903 -1e+10 9.99999999e+09
-1 -3 5 -7.35723556 -1e+10 9.99999999e+09
0 -3 5 -6.76907149 -1e+10 9.99999999e+09
1 -3 5 -6.25033827 -1e+10 9.99999999e+09
2 -3 5 -5.83306756 -1e+10 9.99999999e+09
3 -3 5 -5.48438672 -1e+10 9.99999999e+09
4 -3 5 -5.20877086 -1e+10 9.99999999e+09
5 -3 5 -5.0466436 -1e+10 9.99999999e+09
6 -3 5 -4.96053704 -1e+10 1e+10
7 -3 5 -5.0466436 -1e+10 9.99999999e+09
8 -3 5 -5.20877086 -1e+10 9.99999999e+09
9 -3 5 -5.48441512 -1e+10 9.99999999e+09
10 -3 5 -5.83305147 -1e+10 9.99999999e+09
11 -3 5 -6.25033827 -1e+10 9.99999999e+09
12 -3 5 -6.76907149 -1e+10 9.99999999e+09
13 -3 5 -7.35723556 -1e+10 9.99999999e+09
14 -3 5 -8.00414046 -1e+10 9.99999999e+09
15 -3 5 -8.69782565 -1e+10 9.99999999e+09
-3 -2 5 -8.00414046 -1e+10 9.99999999e+09
-2 -2 5 -7.29291521 -1e+10 9.99999999e+09
-1 -2 5 -6.6005447 -1e+10 9.99999999e+09
0 -2 5 -5.96268395 -1e+10 9.99999999e+09
1 -2 5 -5.39441674 -1e+10 9.99999999e+09
2 -2 5 -4.91839649 -1e+10 1e+10
3 -2 5 -4.55167322 -1e+10 1e+10
4 -2 5 -4.24565622 -1e+10 1e+10
5 -2 5 -4.07165204 -1e+10 1e+10
6 -2 5 -3.97400074 -1e+10 1e+10
7 -2 5 -4.07163601 -1e+10 1e+10
8 -2 5 -4.24565852 -1e+10 1e+10
9 -2 5 -4.55167322 -1e+10 1e+10
10 -2 5 -4.91839649 -1e+10 1e+10
11 -2 5 -5.39435374 -1e+10 9.99999999e+09
12 -2 5 -5.96268395 -1e+10 9.99999999e+09
13 -2 5 -6.6005447 -1e+10 9.99999999e+09
14 -2 5 -7.29291521 -1e+10 9.99999999e+09
15 -2 5 -8.00413903 -1e+10 9.99999999e+09
-3 -1 5 -7.35723556 -1e+10 9.99999999e+09
-2 -1 5 -6.6005447 -1e+10 9.99999999e+09
-1 -1 5 -5.88868143 -1e+10 9.99999999e+09
0 -1 5 -5.19769368 -1e+10 9.99999999e+09
1 -1 5 -4.57206461 -1e+10 1e+10
2 -1 5 -4.03118383 -1e+10 1e+10
3 -1 5 -3.62278139 -3.8165555 0.193774113
4 -1 5 -3.28703953 -3.36041826 0.073378734
5 -1 5 -3.09569724 -3.10487465 0.00917741157
6 -1 5 -2.98723041 -2.97769802 -0.00953239633
7 -1 5 -3.09567732 -3.10487465 0.00919733429
8 -1 5 -3.28703953 -3.36041826 0.073378734
9 -1 5 -3.62278057 -1e+10 1e+10
10 -1 5 -4.03118383 -1e+10 1e+10
11 -1 5 -4.57206461 -1e+10 1e+10
12 -1 5 -5.19769368 -1e+10 9.99999999e+09
13 -1 5 -5.88868195 -1e+10 9.99999999e+09
14 -1 5 -6.6005447 -1e+10 9.99999999e+09
15 -1 5 -7.35723556 -1e+10 9.99999999e+09
-3 0 5 -6.76907149 -1e+10 9.99999999e+09
-2 0 5 -5.96268395 -1e+10 9.99999999e+09
-1 0 5 -5.19769368 -1e+10 9.99999999e+09
0 0 5 -4.48479204 -1e+10 1e+10
1 0 5 -3.796531 -3.79618631 -0.000344686025
2 0 5 -3.188239 -3.18780478 -0.00043421504
3 0 5 -2.70058959 -2.69987018 -0.000719408959
4 0 5 -2.34747844 -2.34742283 -5.56176909e-05
5 0 5 -2.11868437 -2.11872718 4.28102714e-05
6 0 5 -1.99944261 -1.99250119 -0.00694141441
7 0 5 -2.11871039 -2.11872718 1.6789002e-05
8 0 5 -2.34749432 -2.34742283 -7.14941197e-05
9 0 5 -2.70058959 -2.69987018 -0.000719408959
10 0 5 -3.188239 -3.18780478 -0.00043421504
11 0 5 -3.79651754 -1e+10 1e+10
12 0 5 -4.48479204 -1e+10 1e+10
13 0 5 -5.19769368 -1e+10 9.99999999e+09
14 0 5 -5.96268395 -1e+10 9.99999999e+09
15 0 5 -6.76907149 -1e+10 9.99999999e+09
-3 1 5 -6.25033827 -1e+10 9.99999999e+09
-2 1 5 -5.39435374 -1e+10 9.99999999e+09
-1 1 5 -4.57206461 -1e+10 1e+10
0 1 5 -3.79651754 -3.79618631 -0.000331231105
1 1 5 -3.08118514 -3.08119336 8.22414688e-06
2 1 5 -2.39630038 -2.39627574 -2.46382163e-05
3 1 5 -1.81498965 -1.81496953 -2.01156181e-05
4 1 5 -1.41449246 -1.41447674 -1.57228112e-05
5 1 5 -1.13725131 -1.13729244 4.11270836e-05
6 1 5 -1.01174272 -1.00827043 -0.00347228526
7 1 5 -1.13727625 -1.13729244 1.61842648e-05
8 1 5 -1.41449877 -1.41447674 -2.20346695e-05
9 1 5 -1.81498965 -1.81496953 -2.01156181e-05
10 1 5 -2.39630038 -2.39627574 -2.46382163e-05
11 1 5 -3.08118514 -3.08838353 0.00719839163
12 1 5 -3.796531 -1e+10 1e+10
13 1 5 -4.57206461 -1e+10 1e+10
14 1 5 -5.39441674 -1e+10 9.99999999e+09
15 1 5 -6.25033827 -1e+10 9.99999999e+09
-3 2 5 -5.83305147 -1e+10 9.99999999e+09
-2 2 5 -4.91839649 -1e+10 1e+10
-1 2 5 -4.03118383 -1e+10 1e+10
0 2 5 -3.188239 -3.18780478 -0.00043421504
1 2 5 -2.39630038 -2.39627574 -2.46382163e-05
2 2 5 -1.6778487 -1.6778408 -7.89287206e-06
3 2 5 -1.00013266 -0.999245208 -0.000887449274
4 2 5 -0.48864354 -0.48860953 -3.40101752e-05
5 2 5 -0.161969508 -0.155363861 -0.00660564654
6 2 5 -0.0309366742 -0.0197315844 -0.0112050898
7 2 5 -0.161969508 -0.155363861 -0.00660564654
8 2 5 -0.48864354 -0.48860953 -3.40101752e-05
9 2 5 -1.0001001 -0.999245208 -0.000854892585
10 2 5 -1.6778487 -1.6778408 -7.89287206e-06
11 2 5 -2.39630038 -2.39627574 -2.46382163e-05
12 2 5 -3.188239 -1e+10 1e+10
13 2 5 -4.03118383 -1e+10 1e+10
14 2 5 -4.91839649 -1e+10 1e+10
15 2 5 -5.83305147 -1e+10 9.99999999e+09
-3 3 5 -5.48441512 -1e+10 9.99999999e+09
-2 3 5 -4.55167322 -1e+10 1e+10
-1 3 5 -3.62278057 -3.8165555 0.193774929
0 3 5 -2.70058959 -2.69987018 -0.000719408959
1 3 5 -1.81498965 -1.81496953 -2.01156181e-05
2 3 5 -1.0001001 -0.999245208 -0.000854892585
3 3 5 -0.276240186 -0.274816745 -0.00142344062
4 3 5 0.37067921 0.371516306 -0.00083709601
5 3 5 0.75627906 0.756454074 -0.000175014146
6 3 5 0.912264809 0.913078814 -0.000814004256
7 3 5 0.75627906 0.756454074 -0.000175014146
8 3 5 0.371056272 0.371516306 -0.000460034126
9 3 5 -0.276240186 -0.274816745 -0.00142344062
10 3 5 -1.00013266 -0.999245208 -0.000887449274
11 3 5 -1.81498965 -1.81496953 -2.01156181e-05
12 3 5 -2.70058959 -3.09291059 0.392320999
13 3 5 -3.62278057 -1e+10 1e+10
14 3 5 -4.55167322 -1e+10 1e+10
15 3 5 -5.48441512 -1e+10 9.99999999e+09
-3 4 5 -5.20877086 -1e+10 9.99999999e+09
-2 4 5 -4.24565852 -1e+10 1e+10
-1 4 5 -3.28703953 -3.36041826 0.073378734
0 4 5 -2.34749432 -2.34742283 -7.14941197e-05
1 4 5 -1.41449877 -1.41447674 -2.20346695e-05
2 4 5 -0.48864354 -0.48860953 -3.40101752e-05
3 4 5 0.370726209 0.371516306 -0.000790097631
4 4 5 1.06170012 1.06182538 -0.000125260861
5 4 5 1.62928424 1.63033852 -0.00105428451
6 4 5 1.8427289 1.84280701 -7.81103684e-05
7 4 5 1.6300695 1.63033852 -0.000269016882
8 4 5 1.06170012 1.06182538 -0.000125260861
9 4 5 0.370875099 0.371516306 -0.000641207229
10 4 5 -0.48864354 -0.48860953 -3.40101752e-05
11 4 5 -1.41449246 -1.41447674 -1.57228112e-05
12 4 5 -2.34747844 -2.50846784 0.160989393
13 4 5 -3.28703953 -1e+10 1e+10
14 4 5 -4.24565852 -1e+10 1e+10
15 4 5 -5.20877086 -1e+10 9.99999999e+09
-3 5 5 -5.0466436 -1e+10 9.99999999e+09
-2 5 5 -4.07163601 -1e+10 1e+10
-1 5 5 -3.09567732 -3.10487465 0.00919733429
0 5 5 -2.11871039 -2.11872718 1.6789002e-05
1 5 5 -1.13727625 -1.13729244 1.61842648e-05
2 5 5 -0.161969508 -0.155363861 -0.00660564654
3 5 5 0.75627906 0.756454074 -0.000175014146
4 5 5 1.6300695 1.63033852 -0.000269016882
5 5 5 2.34283891 2.34371868 -0.000879768037
6 5 5 2.65529008 2.65512405 0.000166027268
7 5 5 2.34283891 2.34371868 -0.000879768037
8 5 5 1.6300695 1.63033852 -0.000269016882
9 5 5 0.75627906 0.756454074 -0.000175014146
10 5 5 -0.161969508 -0.155363861 -0.00660564654
11 5 5 -1.13727625 -1.13729244 1.61842648e-05
12 5 5 -2.11871039 -2.15412316 0.0354127741
13 5 5 -3.09567732 -1e+10 1e+10
14 5 5 -4.07163601 -1e+10 1e+10
15 5 5 -5.0466436 -1e+10 9.99999999e+09
-3 6 5 -4.96053704 -1e+10 1e+10
-2 6 5 -3.97400074 -1e+10 1e+10
-1 6 5 -2.98723041 -2.97769802 -0.00953239633
0 6 5 -1.99944261 -1.99250119 -0.00694141441
1 6 5 -1.01174272 -1.00827043 -0.00347228526
2 6 5 -0.0309366742 -0.0197315844 -0.0112050898
3 6 5 0.912264809 0.913078814 -0.000814004256
4 6 5 1.8427289 1.84280701 -7.81103684e-05
5 6 5 2.65529008 2.65512405 0.000166027268
6 6 5 3.06833848 3.39558375 -0.32724527
7 6 5 2.65529008 2.65512405 0.000166027268
8 6 5 1.8427289 1.84280701 -7.81103684e-05
9 6 5 0.912264809 0.913078814 -0.000814004256
10 6 5 -0.0309366742 -0.0197315844 -0.0112050898
11 6 5 -1.01174272 -1.00827043 -0.00347228526
12 6 5 -1.99944261 -1.99250119 -0.00694141441
13 6 5 -2.98723041 -1e+10 1e+10
14 6 5 -3.97400074 -1e+10 1e+10
15 6 5 -4.96053704 -1e+10 1e+10
-3 7 5 -5.0466436 -1e+10 9.99999999e+09
-2 7 5 -4.07165204 -1e+10 1e+10
-1 7 5 -3.09569724 -3.10487465 0.00917741157
0 7 5 -2.11868437 -2.11872718 4.28102714e-05
1 7 5 -1.13725131 -1.13729244 4.11270836e-05
2 7 5 -0.161969508 -0.155363861 -0.00660564654
3 7 5 0.75627906 0.756454074 -0.000175014146
4 7 5 1.62928424 1.63033852 -0.00105428451
5 7 5 2.34283891 2.34371868 -0.000879768037
6 7 5 2.65529008 2.65512405 0.000166027268
7 7 5 2.34283891 2.34371868 -0.000879768037
8 7 5 1.62928424 1.63033852 -0.00105428451
9 7 5 0.75627906 0.756454074 -0.000175014146
10 7 5 -0.161969508 -0.155363861 -0.00660564654
11 7 5 -1.13725131 -1.13729244 4.11270836e-05
12 7 5 -2.11868437 -2.15412316 0.0354387954
13 7 5 -3.09569724 -1e+10 1e+10
14 7 5 -4.07165204 -1e+10 1e+10
15 7 5 -5.0466436 -1e+10 9.99999999e+09
-3 8 5 -5.20877086 -1e+10 9.99999999e+09
-2 8 5 -4.24565622 -1e+10 1e+10
-1 8 5 -3.28703953 -3.36041826 0.073378734
0 8 5 -2.34747844 -2.34742283 -5.56176909e-05
1 8 5 -1.41449246 -1.41447674 -1.57228112e-05
2 8 5 -0.48864354 -0.48860953 -3.40101752e-05
3 8 5 0.37067921 0.371516306 -0.00083709601
4 8 5 1.06170012 1.06182538 -0.000125260861
5 8 5 1.62928424 1.63033852 -0.00105428451
6 8 5 1.8427289 1.84280701 -7.81103684e-05
7 8 5 1.6300695 1.63033852 -0.000269016882
8 8 5 1.06170012 1.06182538 -0.000125260861
9 8 5 0.371056272 0.371516306 -0.000460034126
10 8 5 -0.48864354 -0.48860953 -3.40101752e-05
11 8 5 -1.41449877 -1.41447674 -2.20346695e-05
12 8 5 -2.34749432 -2.50846784 0.160973517
13 8 5 -3.28703953 -1e+10 1e+10
14 8 5 -4.24565622 -1e+10 1e+10
15 8 5 -5.20877086 -1e+10 9.99999999e+09
-3 9 5 -5.48438672 -1e+10 9.99999999e+09
-2 9 5 -4.55167322 -1e+10 1e+10
-1 9 5 -3.62278139 -1e+10 1e+10
0 9 5 -2.70058959 -2.69987018 -0.000719408959
1 9 5 -1.81498965 -1.81496953 -2.01156181e-05
2 9 5 -1.00013266 -0.999245208 -0.000887449274
3 9 5 -0.276240186 -0.274816745 -0.00142344062
4 9 5 0.370990196 0.371516306 -0.000526110338
5 9 5 0.75627906 0.756454074 -0.000175014146
6 9 5 0.912264809 0.913078814 -0.000814004256
7 9 5 0.75627906 0.756454074 -0.000175014146
8 9 5 0.370875099 0.371516306 -0.000641207229
9 9 5 -0.276240186 -0.274816745 -0.00142344062
10 9 5 -1.0001001 -0.999245208 -0.000854892585
11 9 5 -1.81498965 -1.81496953 -2.01156181e-05
12 9 5 -2.70058959 -1e+10 1e+10
13 9 5 -3.62278139 -1e+10 1e+10
14 9 5 -4.55167322 -1e+10 1e+10
15 9 5 -5.48438672 -1e+10 9.99999999e+09
-3 10 5 -5.83306756 -1e+10 9.99999999e+09
-2 10 5 -4.91839649 -1e+10 1e+10
-1 10 5 -4.03118383 -1e+10 1e+10
0 10 5 -3.188239 -3.18780478 -0.00043421504
1 10 5 -2.39630038 -2.39627574 -2.46382163e-05
2 10 5 -1.6778487 -1.6778408 -7.89287206e-06
3 10 5 -1.0001001 -0.999245208 -0.000854892585
4 10 5 -0.48864354 -0.48860953 -3.40101752e-05
5 10 5 -0.161969508 -0.155363861 -0.00660564654
6 10 5 -0.0309366742 -0.0197315844 -0.0112050898
7 10 5 -0.161969508 -0.155363861 -0.00660564654
8 10 5 -0.48864354 -0.48860953 -3.40101752e-05
9 10 5 -1.00013266 -0.999245208 -0.000887449274
10 10 5 -1.6778487 -1.6778408 -7.89287206e-06
11 10 5 -2.39630038 -2.39627574 -2.46382163e-05
12 10 5 -3.188239 -1e+10 1e+10
13 10 5 -4.03118383 -1e+10 1e+10
14 10 5 -4.91839649 -1e+10 1e+10
15 10 5 -5.83306756 -1e+10 9.99999999e+09
-3 11 5 -6.25033827 -1e+10 9.99999999e+09
-2 11 5 -5.39441674 -1e+10 9.99999999e+09
-1 11 5 -4.57206461 -1e+10 1e+10
0 11 5 -3.796531 -1e+10 1e+10
1 11 5 -3.08118514 -3.08838353 0.00719839163
2 11 5 -2.39630038 -2.39627574 -2.46382163e-05
3 11 5 -1.81498965 -1.81496953 -2.01156181e-05
4 11 5 -1.41449877 -1.41447674 -2.20346695e-05
5 11 5 -1.13725131 -1.13729244 4.11270836e-05
6 11 5 -1.01174272 -1.00827043 -0.00347228526
7 11 5 -1.13727625 -1.13729244 1.61842648e-05
8 11 5 -1.41449246 -1.41447674 -1.57228112e-05
9 11 5 -1.81498965 -1.81496953 -2.01156181e-05
10 11 5 -2.39630038 -2.39627574 -2.46382163e-05
11 11 5 -3.08118514 -1e+10 1e+10
12 11 5 -3.79651754 -1e+10 1e+10
13 11 5 -4.57206461 -1e+10 1e+10
14 11 5 -5.39435374 -1e+10 9.99999999e+09
15 11 5 -6.25033827 -1e+10 9.99999999e+09
-3 12 5 -6.76907149 -1e+10 9.99999999e+09
-2 12 5 -5.96268395 -1e+10 9.99999999e+09
-1 12 5 -5.19769368 -1e+10 9.99999999e+09
0 12 5 -4.48479204 -1e+10 1e+10
1 12 5 -3.79651754 -1e+10 1e+10
2 12 5 -3.188239 -1e+10 1e+10
3 12 5 -2.70058959 -3.09291059 0.392320999
4 12 5 -2.34749432 -2.50846784 0.160973517
5 12 5 -2.11868437 -2.15412316 0.0354387954
6 12 5 -1.99944261 -1.99250119 -0.00694141441
7 12 5 -2.11871039 -2.15412316 0.0354127741
8 12 5 -2.34747844 -2.50846784 0.160989393
9 12 5 -2.70058959 -1e+10 1e+10
10 12 5 -3.188239 -1e+10 1e+10
11 12 5 -3.796531 -1e+10 1e+10
12 12 5 -4.48479204 -1e+10 1e+10
13 12 5 -5.19769368 -1e+10 9.99999999e+09
14 12 5 -5.96268395 -1e+10 9.99999999e+09
15 12 5 -6.76907149 -1e+10 9.99999999e+09
-3 13 5 -7.35723556 -1e+10 9.99999999e+09
-2 13 5 -6.6005447 -1e+10 9.99999999e+09
-1 13 5 -5.88868143 -1e+10 9.99999999e+09
0 13 5 -5.19769368 -1e+10 9.99999999e+09
1 13 5 -4.57206461 -1e+10 1e+10
2 13 5 -4.03118383 -1e+10 1e+10
3 13 5 -3.62278139 -1e+10 1e+10
4 13 5 -3.28703953 -1e+10 1e+10
5 13 5 -3.09569724 -1e+10 1e+10
6 13 5 -2.98723041 -1e+10 1e+10
7 13 5 -3.09567732 -1e+10 1e+10
8 13 5 -3.28703953 -1e+10 1e+10
9 13 5 -3.62278057 -1e+10 1e+10
10 13 5 -4.03118383 -1e+10 1e+10
11 13 5 -4.57206461 -1e+10 1e+10
12 13 5 -5.19769368 -1e+10 9.99999999e+09
13 13 5 -5.88868195 -1e+10 9.99999999e+09
14 13 5 -6.6005447 -1e+10 9.99999999e+09
15 13 5 -7.35723556 -1e+10 9.99999999e+09
-3 14 5 -8.00413903 -1e+10 9.99999999e+09
-2 14 5 -7.29291521 -1e+10 9.99999999e+09
-1 14 5 -6.6005447 -1e+10 9.99999999e+09
0 14 5 -5.96268395 -1e+10 9.99999999e+09
1 14 5 -5.39435374 -1e+10 9.99999999e+09
2 14 5 -4.91839649 -1e+10 1e+10
3 14 5 -4.55167322 -1e+10 1e+10
4 14 5 -4.24565622 -1e+10 1e+10
5 14 5 -4.07165204 -1e+10 1e+10
6 14 5 -3.97400074 -1e+10 1e+10
7 14 5 -4.07163601 -1e+10 1e+10
8 14 5 -4.24565852 -1e+10 1e+10
9 14 5 -4.55167322 -1e+10 1e+10
10 14 5 -4.91839649 -1e+10 1e+10
11 14 5 -5.39441674 -1e+10 9.99999999e+09
12 14 5 -5.96268395 -1e+10 9.99999999e+09
13 14 5 -6.6005447 -1e+10 9.99999999e+09
14 14 5 -7.29291521 -1e+10 9.99999999e+09
15 14 5 -8.00414046 -1e+10 9.99999999e+09
-3 15 5 -8.69782565 -1e+10 9.99999999e+09
-2 15 5 -8.00414046 -1e+10 9.99999999e+09
-1 15 5 -7.35723556 -1e+10 9.99999999e+09
0 15 5 -6.76907149 -1e+10 9.99999999e+09
1 15 5 -6.25033827 -1e+10 9.99999999e+09
2 15 5 -5.83306756 -1e+10 9.99999999e+09
3 15 5 -5.48438672 -1e+10 9.99999999e+09
4 15 5 -5.20877086 -1e+10 9.99999999e+09
5 15 5 -5.0466436 -1e+10 9.99999999e+09
6 15 5 -4.96053704 -1e+10 1e+10
7 15 5 -5.0466436 -1e+10 9.99999999e+09
8 15 5 -5.20877086 -1e+10 9.99999999e+09
9 15 5 -5.48441512 -1e+10 9.99999999e+09
10 15 5 -5.83305147 -1e+10 9.99999999e+09
11 15 5 -6.25033827 -1e+10 9.99999999e+09
12 15 5 -6.76907149 -1e+10 9.99999999e+09
13 15 5 -7.35723556 -1e+10 9.99999999e+09
14 15 5 -8.00413903 -1e+10 9.99999999e+09
15 15 5 -8.69782565 -1e+10 9.99999999e+09
-3 -3 6 -8.64715357 -1e+10 9.99999999e+09
-2 -3 6 -7.94904763 -1e+10 9.99999999e+09
-1 -3 6 -7.29807264 -1e+10 9.99999999e+09
0 -3 6 -6.70609475 -1e+10 9.99999999e+09
1 -3 6 -6.183505 -1e+10 9.99999999e+09
2 -3 6 -5.76236236 -1e+10 9.99999999e+09
3 -3 6 -5.40874813 -1e+10 9.99999999e+09
4 -3 6 -5.12580997 -1e+10 9.99999999e+09
5 -3 6 -4.96053704 -1e+10 1e+10
6 -3 6 -4.87342077 -1e+10 1e+10
7 -3 6 -4.96053704 -1e+10 1e+10
8 -3 6 -5.12580997 -1e+10 9.99999999e+09
9 -3 6 -5.40874813 -1e+10 9.99999999e+09
10 -3 6 -5.76236236 -1e+10 9.99999999e+09
11 -3 6 -6.183505 -1e+10 9.99999999e+09
12 -3 6 -6.70609475 -1e+10 9.99999999e+09
13 -3 6 -7.29807264 -1e+10 9.99999999e+09
14 -3 6 -7.94904763 -1e+10 9.99999999e+09
15 -3 6 -8.64715357 -1e+10 9.99999999e+09
-3 -2 6 -7.94904763 -1e+10 9.99999999e+09
-2 -2 6 -7.23294001 -1e+10 9.99999999e+09
-1 -2 6 -6.53592753 -1e+10 9.99999999e+09
0 -2 6 -5.89428874 -1e+10 9.99999999e+09
1 -2 6 -5.32214553 -1e+10 9.99999999e+09
2 -2 6 -4.84192311 -1e+10 1e+10
3 -2 6 -4.47132498 -1e+10 1e+10
4 -2 6 -4.1527058 -1e+10 1e+10
5 -2 6 -3.97400074 -1e+10 1e+10
6 -2 6 -3.87342077 -1e+10 1e+10
7 -2 6 -3.97400074 -1e+10 1e+10
8 -2 6 -4.1527058 -1e+10 1e+10
9 -2 6 -4.47132498 -1e+10 1e+10
10 -2 6 -4.84192311 -1e+10 1e+10
11 -2 6 -5.32214553 -1e+10 9.99999999e+09
12 -2 6 -5.89428874 -1e+10 9.99999999e+09
13 -2 6 -6.53592753 -1e+10 9.99999999e+09
14 -2 6 -7.23294001 -1e+10 9.99999999e+09
15 -2 6 -7.94904763 -1e+10 9.99999999e+09
-3 -1 6 -7.29807264 -1e+10 9.99999999e+09
-2 -1 6 -6.53592753 -1e+10 9.99999999e+09
-1 -1 6 -5.81872644 -1e+10 9.99999999e+09
0 -1 6 -5.12332115 -1e+10 9.99999999e+09
1 -1 6 -4.49480819 -1e+10 1e+10
2 -1 6 -3.94916085 -1e+10 1e+10
3 -1 6 -3.53623892 -3.68321815 0.146979227
4 -1 6 -3.19065651 -3.20817875 0.0175222392
5 -1 6 -2.98723041 -2.97769802 -0.00953239633
6 -1 6 -2.87342077 -2.85375218 -0.0196685964
7 -1 6 -2.98723041 -2.97769802 -0.00953239633
8 -1 6 -3.19065651 -3.20817875 0.0175222392
9 -1 6 -3.53623892 -1e+10 1e+10
10 -1 6 -3.94916085 -1e+10 1e+10
11 -1 6 -4.49480819 -1e+10 1e+10
12 -1 6 -5.12332115 -1e+10 9.99999999e+09
13 -1 6 -5.81872644 -1e+10 9.99999999e+09
14 -1 6 -6.53592753 -1e+10 9.99999999e+09
15 -1 6 -7.29807264 -1e+10 9.99999999e+09
-3 0 6 -6.70609475 -1e+10 9.99999999e+09
-2 0 6 -5.89428874 -1e+10 9.99999999e+09
-1 0 6 -5.12332115 -1e+10 9.99999999e+09
0 0 6 -4.40451288 -1e+10 1e+10
1 0 6 -3.71182561 -3.7046711 -0.00715450576
2 0 6 -3.10062731 -3.09364541 -0.00698189906
3 0 6 -2.60701353 -2.597369 -0.00964452563
4 0 6 -2.24847011 -2.2405951 -0.00787500867
5 0 6 -1.99944261 -1.99250119 -0.00694141441
6 0 6 -1.87342077 -1.85375218 -0.0196685964
7 0 6 -1.99944261 -1.99250119 -0.00694141441
8 0 6 -2.24847011 -2.2405951 -0.00787500867
9 0 6 -2.60701353 -2.597369 -0.00964452563
10 0 6 -3.10062731 -3.09364541 -0.00698189906
11 0 6 -3.71182561 -1e+10 1e+10
12 0 6 -4.40451288 -1e+10 1e+10
13 0 6 -5.12332115 -1e+10 9.99999999e+09
14 0 6 -5.89428874 -1e+10 9.99999999e+09
15 0 6 -6.70609475 -1e+10 9.99999999e+09
-3 1 6 -6.183505 -1e+10 9.99999999e+09
-2 1 6 -5.32214553 -1e+10 9.99999999e+09
-1 1 6 -4.49480819 -1e+10 1e+10
0 1 6 -3.71182561 -3.7046711 -0.00715450576
1 1 6 -2.99029932 -2.98322031 -0.00707901143
2 1 6 -2.30273511 -2.29475095 -0.00798416694
3 1 6 -1.7188053 -1.71118882 -0.00761647536
4 1 6 -1.3113284 -1.30384658 -0.00748181316
5 1 6 -1.01174272 -1.00827043 -0.00347228526
6 1 6 -0.873420774 -0.853752178 -0.0196685964
7 1 6 -1.01174272 -1.00827043 -0.00347228526
8 1 6 -1.3113284 -1.30384658 -0.00748181316
9 1 6 -1.7188053 -1.71118882 -0.00761647536
10 1 6 -2.30273511 -2.29475095 -0.00798416694
11 1 6 -2.99029932 -2.98617286 -0.00412646268
12 1 6 -3.71182561 -1e+10 1e+10
13 1 6 -4.49480819 -1e+10 1e+10
14 1 6 -5.32214553 -1e+10 9.99999999e+09
15 1 6 -6.183505 -1e+10 9.99999999e+09
-3 2 6 -5.76236236 -1e+10 9.99999999e+09
-2 2 6 -4.84192311 -1e+10 1e+10
-1 2 6 -3.94916085 -1e+10 1e+10
0 2 6 -3.10062731 -3.09364541 -0.00698189906
1 2 6 -2.30273511 -2.29475095 -0.00798416694
2 2 6 -1.57608576 -1.56900674 -0.00707901165
3 2 6 -0.894957865 -0.88782221 -0.00713565553
4 2 6 -0.377451642 -0.370005412 -0.00744622949
5 2 6 -0.0309366742 -0.0197315844 -0.0112050898
6 2 6 0.126579226 0.14280407 -0.0162248445
7 2 6 -0.0309366742 -0.0197315844 -0.0112050898
8 2 6 -0.377451642 -0.370005412 -0.00744622949
9 2 6 -0.894957865 -0.88782221 -0.00713565553
10 2 6 -1.57608576 -1.56900674 -0.00707901165
11 2 6 -2.30273511 -2.29475095 -0.00798416694
12 2 6 -3.10062731 -1e+10 1e+10
13 2 6 -3.94916085 -1e+10 1e+10
14 2 6 -4.84192311 -1e+10 1e+10
15 2 6 -5.76236236 -1e+10 9.99999999e+09
-3 3 6 -5.40874813 -1e+10 9.99999999e+09
-2 3 6 -4.47132498 -1e+10 1e+10
-1 3 6 -3.53623892 -3.68321815 0.146979227
0 3 6 -2.60701353 -2.597369 -0.00964452563
1 3 6 -1.7188053 -1.71118882 -0.00761647536
2 3 6 -0.894957865 -0.88782221 -0.00713565553
3 3 6 -0.161872194 -0.154793182 -0.00707901163
4 3 6 0.504416713 0.508419856 -0.00400314292
5 3 6 0.912264809 0.913078814 -0.000814004256
6 3 6 1.11771452 1.11777196 -5.74465637e-05
7 3 6 0.912264809 0.913078814 -0.000814004256
8 3 6 0.504416713 0.508419856 -0.00400314292
9 3 6 -0.161872194 -0.154793182 -0.00707901163
10 3 6 -0.894957865 -0.88782221 -0.00713565553
11 3 6 -1.7188053 -1.71118882 -0.00761647536
12 3 6 -2.60701353 -2.92678935 0.319775823
13 3 6 -3.53623892 -1e+10 1e+10
14 3 6 -4.47132498 -1e+10 1e+10
15 3 6 -5.40874813 -1e+10 9.99999999e+09
-3 4 6 -5.12580997 -1e+10 9.99999999e+09
-2 4 6 -4.1527058 -1e+10 1e+10
-1 4 6 -3.19065651 -3.20817875 0.0175222392
0 4 6 -2.24847011 -2.2405951 -0.00787500867
1 4 6 -1.3113284 -1.30384658 -0.00748181316
2 4 6 -0.377451642 -0.370005412 -0.00744622949
3 4 6 0.504416713 0.508419856 -0.00400314292
4 4 6 1.25108764 1.2508471 0.000240538699
5 4 6 1.8427289 1.84280701 -7.81103684e-05
6 4 6 2.09227096 2.0921446 0.000126359022
7 4 6 1.8427289 1.84280701 -7.81103684e-05
8 4 6 1.25108764 1.2508471 0.000240538699
9 4 6 0.504416713 0.508419856 -0.00400314292
10 4 6 -0.377451642 -0.370005412 -0.00744622949
11 4 6 -1.3113284 -1.30384658 -0.00748181316
12 4 6 -2.24847011 -2.30052405 0.0520539364
13 4 6 -3.19065651 -1e+10 1e+10
14 4 6 -4.1527058 -1e+10 1e+10
15 4 6 -5.12580997 -1e+10 9.99999999e+09
-3 5 6 -4.96053704 -1e+10 1e+10
-2 5 6 -3.97400074 -1e+10 1e+10
-1 5 6 -2.98723041 -2.97769802 -0.00953239633
0 5 6 -1.99944261 -1.99250119 -0.00694141441
1 5 6 -1.01174272 -1.00827043 -0.00347228526
2 5 6 -0.0309366742 -0.0197315844 -0.0112050898
3 5 6 0.912264809 0.913078814 -0.000814004256
4 5 6 1.8427289 1.84280701 -7.81103684e-05
5 5 6 2.65529008 2.65512405 0.000166027268
6 5 6 3.06833848 3.39558375 -0.32724527
7 5 6 2.65529008 2.65512405 0.000166027268
8 5 6 1.8427289 1.84280701 -7.81103684e-05
9 5 6 0.912264809 0.913078814 -0.000814004256
10 5 6 -0.0309366742 -0.0197315844 -0.0112050898
11 5 6 -1.01174272 -1.00827043 -0.00347228526
12 5 6 -1.99944261 -1.99250119 -0.00694141441
13 5 6 -2.98723041 -1e+10 1e+10
14 5 6 -3.97400074 -1e+10 1e+10
15 5 6 -4.96053704 -1e+10 1e+10
-3 6 6 -4.87342077 -1e+10 1e+10
-2 6 6 -3.87342077 -1e+10 1e+10
-1 6 6 -2.87342077 -2.85375218 -0.0196685964
0 6 6 -1.87342077 -1.85375218 -0.0196685964
1 6 6 -0.873420774 -0.853752178 -0.0196685964
2 6 6 0.126579226 0.14280407 -0.0162248445
3 6 6 1.11771452 1.11777196 -5.74465637e-05
4 6 6 2.09227096 2.0921446 0.000126359022
5 6 6 3.06833848 3.39558375 -0.32724527
6 6 6 4.0439994 4.05819818 -0.0141987831
7 6 6 3.06833848 3.06219334 0.00614514363
8 6 6 2.09227096 2.08963828 0.00263268012
9 6 6 1.11771452 1.11777196 -5.74465637e-05
10 6 6 0.126579226 0.14280407 -0.0162248445
11 6 6 -0.873420774 -0.853752178 -0.0196685964
12 6 6 -1.87342077 -1.85375218 -0.0196685964
13 6 6 -2.87342077 -1e+10 1e+10
14 6 6 -3.87342077 -1e+10 1e+10
15 6 6 -4.87342077 -1e+10 1e+10
-3 7 6 -4.96053704 -1e+10 1e+10
-2 7 6 -3.97400074 -1e+10 1e+10
-1 7 6 -2.98723041 -2.97769802 -0.00953239633
0 7 6 -1.99944261 -1.99250119 -0.00694141441
1 7 6 -1.01174272 -1.00827043 -0.00347228526
2 7 6 -0.0309366742 -0.0197315844 -0.0112050898
3 7 6 0.912264809 0.913078814 -0.000814004256
4 7 6 1.8427289 1.84280701 -7.81103684e-05
5 7 6 2.65529008 2.65512405 0.000166027268
6 7 6 3.06833848 3.06219334 0.00614514363
7 7 6 2.65529008 2.65512405 0.000166027268
8 7 6 1.8427289 1.84280701 -7.81103684e-05
9 7 6 0.912264809 0.913078814 -0.000814004256
10 7 6 -0.0309366742 -0.0197315844 -0.0112050898
11 7 6 -1.01174272 -1.00827043 -0.00347228526
12 7 6 -1.99944261 -1.99250119 -0.00694141441
13 7 6 -2.98723041 -1e+10 1e+10
14 7 6 -3.97400074 -1e+10 1e+10
15 7 6 -4.96053704 -1e+10 1e+10
-3 8 6 -5.12580997 -1e+10 9.99999999e+09
-2 8 6 -4.1527058 -1e+10 1e+10
-1 8 6 -3.19065651 -3.20817875 0.0175222392
0 8 6 -2.24847011 -2.2405951 -0.00787500867
1 8 6 -1.3113284 -1.30384658 -0.00748181316
2 8 6 -0.377451642 -0.370005412 -0.00744622949
3 8 6 0.504416713 0.508419856 -0.00400314292
4 8 6 1.25108764 1.2508471 0.000240538699
5 8 6 1.8427289 1.84280701 -7.81103684e-05
6 8 6 2.09227096 2.08963828 0.00263268012
7 8 6 1.8427289 1.84280701 -7.81103684e-05
8 8 6 1.25108764 1.2508471 0.000240538699
9 8 6 0.504416713 0.508419856 -0.00400314292
10 8 6 -0.377451642 -0.370005412 -0.00744622949
11 8 6 -1.3113284 -1.30384658 -0.00748181316
12 8 6 -2.24847011 -2.30052405 0.0520539364
13 8 6 -3.19065651 -1e+10 1e+10
14 8 6 -4.1527058 -1e+10 1e+10
15 8 6 -5.12580997 -1e+10 9.99999999e+09
-3 9 6 -5.40874813 -1e+10 9.99999999e+09
-2 9 6 -4.47132498 -1e+10 1e+10
-1 9 6 -3.53623892 -1e+10 1e+10
0 9 6 -2.60701353 -2.597369 -0.00964452563
1 9 6 -1.7188053 -1.71118882 -0.00761647536
2 9 6 -0.894957865 -0.88782221 -0.00713565553
3 9 6 -0.161872194 -0.154793182 -0.00707901163
4 9 6 0.504416713 0.508419856 -0.00400314292
5 9 6 0.912264809 0.913078814 -0.000814004256
6 9 6 1.11771452 1.11777196 -5.74465637e-05
7 9 6 0.912264809 0.913078814 -0.000814004256
8 9 6 0.504416713 0.508419856 -0.00400314292
9 9 6 -0.161872194 -0.154793182 -0.00707901163
10 9 6 -0.894957865 -0.88782221 -0.00713565553
11 9 6 -1.7188053 -1.71118882 -0.00761647536
12 9 6 -2.60701353 -1e+10 1e+10
13 9 6 -3.53623892 -1e+10 1e+10
14 9 6 -4.47132498 -1e+10 1e+10
15 9 6 -5.40874813 -1e+10 9.99999999e+09
-3 10 6 -5.76236236 -1e+10 9.99999999e+09
-2 10 6 -4.84192311 -1e+10 1e+10
-1 10 6 -3.94916085 -1e+10 1e+10
0 10 6 -3.10062731 -3.09364541 -0.00698189906
1 10 6 -2.30273511 -2.29475095 -0.00798416694
2 10 6 -1.57608576 -1.56900674 -0.00707901165
3 10 6 -0.894957865 -0.88782221 -0.00713565553
4 10 6 -0.377451642 -0.370005412 -0.00744622949
5 10 6 -0.0309366742 -0.0197315844 -0.0112050898
6 10 6 0.126579226 0.14280407 -0.0162248445
7 10 6 -0.0309366742 -0.0197315844 -0.0112050898
8 10 6 -0.377451642 -0.370005412 -0.00744622949
9 10 6 -0.894957865 -0.88782221 -0.00713565553
10 10 6 -1.57608576 -1.56900674 -0.00707901165
11 10 6 -2.30273511 -2.29475095 -0.00798416694
12 10 6 -3.10062731 -1e+10 1e+10
13 10 6 -3.94916085 -1e+10 1e+10
14 10 6 -4.84192311 -1e+10 1e+10
15 10 6 -5.76236236 -1e+10 9.99999999e+09
-3 11 6 -6.183505 -1e+10 9.99999999e+09
-2 11 6 -5.32214553 -1e+10 9.99999999e+09
-1 11 6 -4.49480819 -1e+10 1e+10
0 11 6 -3.71182561 -1e+10 1e+10
1 11 6 -2.99029932 -2.98617286 -0.00412646268
2 11 6 -2.30273511 -2.29475095 -0.00798416694
3 11 6 -1.7188053 -1.71118882 -0.00761647536
4 11 6 -1.3113284 -1.30384658 -0.00748181316
5 11 6 -1.01174272 -1.00827043 -0.00347228526
6 11 6 -0.873420774 -0.853752178 -0.0196685964
7 11 6 -1.01174272 -1.00827043 -0.00347228526
8 11 6 -1.3113284 -1.30384658 -0.00748181316
9 11 6 -1.7188053 -1.71118882 -0.00761647536
10 11 6 -2.30273511 -2.29475095 -0.00798416694
11 11 6 -2.99029932 -1e+10 1e+10
12 11 6 -3.71182561 -1e+10 1e+10
13 11 6 -4.49480819 -1e+10 1e+10
14 11 6 -5.32214553 -1e+10 9.99999999e+09
15 11 6 -6.183505 -1e+10 9.99999999e+09
-3 12 6 -6.70609475 -1e+10 9.99999999e+09
-2 12 6 -5.89428874 -1e+10 9.99999999e+09
-1 12 6 -5.12332115 -1e+10 9.99999999e+09
0 12 6 -4.40451288 -1e+10 1e+10
1 12 6 -3.71182561 -1e+10 1e+10
2 12 6 -3.10062731 -1e+10 1e+10
3 12 6 -2.60701353 -2.92678935 0.319775823
4 12 6 -2.24847011 -2.30052405 0.0520539364
5 12 6 -1.99944261 -1.99250119 -0.00694141441
6 12 6 -1.87342077 -1.85375218 -0.0196685964
7 12 6 -1.99944261 -1.99250119 -0.00694141441
8 12 6 -2.24847011 -2.30052405 0.0520539364
9 12 6 -2.60701353 -1e+10 1e+10
10 12 6 -3.10062731 -1e+10 1e+10
11 12 6 -3.71182561 -1e+10 1e+10
12 12 6 -4.40451288 -1e+10 1e+10
13 12 6 -5.12332115 -1e+10 9.99999999e+09
14 12 6 -5.89428874 -1e+10 9.99999999e+09
15 12 6 -6.70609475 -1e+10 9.99999999e+09
-3 13 6 -7.29807264 -1e+10 9.99999999e+09
-2 13 6 -6.53592753 -1e+10 9.99999999e+09
-1 13 6 -5.81872644 -1e+10 9.99999999e+09
0 13 6 -5.12332115 -1e+10 9.99999999e+09
1 13 6 -4.49480819 -1e+10 1e+10
2 13 6 -3.94916085 -1e+10 1e+10
3 13 6 -3.53623892 -1e+10 1e+10
4 13 6 -3.19065651 -1e+10 1e+10
5 13 6 -2.98723041 -1e+10 1e+10
6 13 6 -2.87342077 -1e+10 1e+10
7 13 6 -2.98723041 -1e+10 1e+10
8 13 6 -3.19065651 -1e+10 1e+10
9 13 6 -3.53623892 -1e+10 1e+10
10 13 6 -3.94916085 -1e+10 1e+10
11 13 6 -4.49480819 -1e+10 1e+10
12 13 6 -5.12332115 -1e+10 9.99999999e+09
13 13 6 -5.81872644 -1e+10 9.99999999e+09
14 13 6 -6.53592753 -1e+10 9.99999999e+09
15 13 6 -7.29807264 -1e+10 9.99999999e+09
-3 14 6 -7.94904763 -1e+10 9.99999999e+09
-2 14 6 -7.23294001 -1e+10 9.99999999e+09
-1 14 6 -6.53592753 -1e+10 9.99999999e+09
0 14 6 -5.89428874 -1e+10 9.99999999e+09
1 14 6 -5.32214553 -1e+10 9.99999999e+09
2 14 6 -4.84192311 -1e+10 1e+10
3 14 6 -4.47132498 -1e+10 1e+10
4 14 6 -4.1527058 -1e+10 1e+10
5 14 6 -3.97400074 -1e+10 1e+10
6 14 6 -3.87342077 -1e+10 1e+10
7 14 6 -3.97400074 -1e+10 1e+10
8 14 6 -4.1527058 -1e+10 1e+10
9 14 6 -4.47132498 -1e+10 1e+10
10 14 6 -4.84192311 -1e+10 1e+10
11 14 6 -5.32214553 -1e+10 9.99999999e+09
12 14 6 -5.89428874 -1e+10 9.99999999e+09
13 14 6 -6.53592753 -1e+10 9.99999999e+09
14 14 6 -7.23294001 -1e+10 9.99999999e+09
15 14 6 -7.94904763 -1e+10 9.99999999e+09
-3 15 6 -8.64715357 -1e+10 9.99999999e+09
-2 15 6 -7.94904763 -1e+10 9.99999999e+09
-1 15 6 -7.29807264 -1e+10 9.99999999e+09
0 15 6 -6.70609475 -1e+10 9.99999999e+09
1 15 6 -6.183505 -1e+10 9.99999999e+09
2 15 6 -5.76236236 -1e+10 9.99999999e+09
3 15 6 -5.40874813 -1e+10 9.99999999e+09
4 15 6 -5.12580997 -1e+10 9.99999999e+09
5 15 6 -4.96053704 -1e+10 1e+10
6 15 6 -4.87342077 -1e+10 1e+10
7 15 6 -4.96053704 -1e+10 1e+10
8 15 6 -5.12580997 -1e+10 9.99999999e+09
9 15 6 -5.40874813 -1e+10 9.99999999e+09
10 15 6 -5.76236236 -1e+10 9.99999999e+09
11 15 6 -6.183505 -1e+10 9.99999999e+09
12 15 6 -6.70609475 -1e+10 9.99999999e+09
13 15 6 -7.29807264 -1e+10 9.99999999e+09
14 15 6 -7.94904763 -1e+10 9.99999999e+09
15 15 6 -8.64715357 -1e+10 9.99999999e+09
-3 -3 7 -8.69782565 -1e+10 9.99999999e+09
-2 -3 7 -8.00414046 -1e+10 9.99999999e+09
-1 -3 7 -7.35723556 -1e+10 9.99999999e+09
0 -3 7 -6.76907149 -1e+10 9.99999999e+09
1 -3 7 -6.25033827 -1e+10 9.99999999e+09
2 -3 7 -5.83305147 -1e+10 9.99999999e+09
3 -3 7 -5.48441512 -1e+10 9.99999999e+09
4 -3 7 -5.20877086 -1e+10 9.99999999e+09
5 -3 7 -5.0466436 -1e+10 9.99999999e+09
6 -3 7 -4.96053704 -1e+10 1e+10
7 -3 7 -5.0466436 -1e+10 9.99999999e+09
8 -3 7 -5.20877086 -1e+10 9.99999999e+09
9 -3 7 -5.48438672 -1e+10 9.99999999e+09
10 -3 7 -5.83306756 -1e+10 9.99999999e+09
11 -3 7 -6.25033827 -1e+10 9.99999999e+09
12 -3 7 -6.76907149 -1e+10 9.99999999e+09
13 -3 7 -7.35723556 -1e+10 9.99999999e+09
14 -3 7 -8.00413903 -1e+10 9.99999999e+09
15 -3 7 -8.69782565 -1e+10 9.99999999e+09
-3 -2 7 -8.00413903 -1e+10 9.99999999e+09
-2 -2 7 -7.29291521 -1e+10 9.99999999e+09
-1 -2 7 -6.6005447 -1e+10 9.99999999e+09
0 -2 7 -5.96268395 -1e+10 9.99999999e+09
1 -2 7 -5.39435374 -1e+10 9.99999999e+09
2 -2 7 -4.91839649 -1e+10 1e+10
3 -2 7 -4.55167322 -1e+10 1e+10
4 -2 7 -4.24565852 -1e+10 1e+10
5 -2 7 -4.07163601 -1e+10 1e+10
6 -2 7 -3.97400074 -1e+10 1e+10
7 -2 7 -4.07165204 -1e+10 1e+10
8 -2 7 -4.24565622 -1e+10 1e+10
9 -2 7 -4.55167322 -1e+10 1e+10
10 -2 7 -4.91839649 -1e+10 1e+10
11 -2 7 -5.39441674 -1e+10 9.99999999e+09
12 -2 7 -5.96268395 -1e+10 9.99999999e+09
13 -2 7 -6.6005447 -1e+10 9.99999999e+09
14 -2 7 -7.29291521 -1e+10 9.99999999e+09
15 -2 7 -8.00414046 -1e+10 9.99999999e+09
-3 -1 7 -7.35723556 -1e+10 9.99999999e+09
-2 -1 7 -6.6005447 -1e+10 9.99999999e+09
-1 -1 7 -5.88868195 -1e+10 9.99999999e+09
0 -1 7 -5.19769368 -1e+10 9.99999999e+09
1 -1 7 -4.57206461 -1e+10 1e+10
2 -1 7 -4.03118383 -1e+10 1e+10
3 -1 7 -3.62278057 -3.8165555 0.193774929
4 -1 7 -3.28703953 -3.36041826 0.073378734
5 -1 7 -3.09567732 -3.10487465 0.00919733429
6 -1 7 -2.98723041 -2.97769802 -0.00953239633
7 -1 7 -3.09569724 -3.10487465 0.00917741157
8 -1 7 -3.28703953 -3.36041826 0.073378734
9 -1 7 -3.62278139 -1e+10 1e+10
10 -1 7 -4.03118383 -1e+10 1e+10
11 -1 7 -4.57206461 -1e+10 1e+10
12 -1 7 -5.19769368 -1e+10 9.99999999e+09
13 -1 7 -5.88868143 -1e+10 9.99999999e+09
14 -1 7 -6.6005447 -1e+10 9.99999999e+09
15 -1 7 -7.35723556 -1e+10 9.99999999e+09
-3 0 7 -6.76907149 -1e+10 9.99999999e+09
-2 0 7 -5.96268395 -1e+10 9.99999999e+09
-1 0 7 -5.19769368 -1e+10 9.99999999e+09
0 0 7 -4.48479204 -1e+10 1e+10
1 0 7 -3.79651754 -3.79618631 -0.000331231105
2 0 7 -3.188239 -3.18780478 -0.00043421504
3 0 7 -2.70058959 -2.69987018 -0.000719408959
4 0 7 -2.34749432 -2.34742283 -7.14941197e-05
5 0 7 -2.11871039 -2.11872718 1.6789002e-05
6 0 7 -1.99944261 -1.99250119 -0.00694141441
7 0 7 -2.11868437 -2.11872718 4.28102714e-05
8 0 7 -2.34747844 -2.34742283 -5.56176909e-05
9 0 7 -2.70058959 -2.69987018 -0.000719408959
10 0 7 -3.188239 -3.18780478 -0.00043421504
11 0 7 -3.796531 -1e+10 1e+10
12 0 7 -4.48479204 -1e+10 1e+10
13 0 7 -5.19769368 -1e+10 9.99999999e+09
14 0 7 -5.96268395 -1e+10 9.99999999e+09
15 0 7 -6.76907149 -1e+10 9.99999999e+09
-3 1 7 -6.25033827 -1e+10 9.99999999e+09
-2 1 7 -5.39441674 -1e+10 9.99999999e+09
-1 1 7 -4.57206461 -1e+10 1e+10
0 1 7 -3.796531 -3.79618631 -0.000344686025
1 1 7 -3.08118514 -3.08119336 8.22414688e-06
2 1 7 -2.39630038 -2.39627574 -2.46382163e-05
3 1 7 -1.81498965 -1.81496953 -2.01156181e-05
4 1 7 -1.41449877 -1.41447674 -2.20346695e-05
5 1 7 -1.13727625 -1.13729244 1.61842648e-05
6 1 7 -1.01174272 -1.00827043 -0.00347228526
7 1 7 -1.13725131 -1.13729244 4.11270836e-05
8 1 7 -1.41449246 -1.41447674 -1.57228112e-05
9 1 7 -1.81498965 -1.81496953 -2.01156181e-05
10 1 7 -2.39630038 -2.39627574 -2.46382163e-05
11 1 7 -3.08118514 -3.08838353 0.00719839163
12 1 7 -3.79651754 -1e+10 1e+10
13 1 7 -4.57206461 -1e+10 1e+10
14 1 7 -5.39435374 -1e+10 9.99999999e+09
15 1 7 -6.25033827 -1e+10 9.99999999e+09
-3 2 7 -5.83306756 -1e+10 9.99999999e+09
-2 2 7 -4.91839649 -1e+10 1e+10
-1 2 7 -4.03118383 -1e+10 1e+10
0 2 7 -3.188239 -3.18780478 -0.00043421504
1 2 7 -2.39630038 -2.39627574 -2.46382163e-05
2 2 7 -1.6778487 -1.6778408 -7.89287206e-06
3 2 7 -1.0001001 -0.999245208 -0.000854892585
4 2 7 -0.48864354 -0.48860953 -3.40101752e-05
5 2 7 -0.161969508 -0.155363861 -0.00660564654
6 2 7 -0.0309366742 -0.0197315844 -0.0112050898
7 2 7 -0.161969508 -0.155363861 -0.00660564654
8 2 7 -0.48864354 -0.48860953 -3.40101752e-05
9 2 7 -1.00013266 -0.999245208 -0.000887449274
10 2 7 -1.6778487 -1.6778408 -7.89287206e-06
11 2 7 -2.39630038 -2.39627574 -2.46382163e-05
12 2 7 -3.188239 -1e+10 1e+10
13 2 7 -4.03118383 -1e+10 1e+10
14 2 7 -4.91839649 -1e+10 1e+10
15 2 7 -5.83306756 -1e+10 9.99999999e+09
-3 3 7 -5.48438672 -1e+10 9.99999999e+09
-2 3 7 -4.55167322 -1e+10 1e+10
-1 3 7 -3.62278139 -3.8165555 0.193774113
0 3 7 -2.70058959 -2.69987018 -0.000719408959
1 3 7 -1.81498965 -1.81496953 -2.01156181e-05
2 3 7 -1.00013266 -0.999245208 -0.000887449274
3 3 7 -0.276240186 -0.274816745 -0.00142344062
4 3 7 0.370875099 0.371516306 -0.000641207229
5 3 7 0.75627906 0.756454074 -0.000175014146
6 3 7 0.912264809 0.913078814 -0.000814004256
7 3 7 0.75627906 0.756454074 -0.000175014146
8 3 7 0.370990196 0.371516306 -0.000526110338
9 3 7 -0.276240186 -0.274816745 -0.00142344062
10 3 7 -1.0001001 -0.999245208 -0.000854892585
11 3 7 -1.81498965 -1.81496953 -2.01156181e-05
12 3 7 -2.70058959 -3.09291059 0.392320999
13 3 7 -3.62278139 -1e+10 1e+10
14 3 7 -4.55167322 -1e+10 1e+10
15 3 7 -5.48438672 -1e+10 9.99999999e+09
-3 4 7 -5.20877086 -1e+10 9.99999999e+09
-2 4 7 -4.24565622 -1e+10 1e+10
-1 4 7 -3.28703953 -3.36041826 0.073378734
0 4 7 -2.34747844 -2.34742283 -5.56176909e-05
1 4 7 -1.41449246 -1.41447674 -1.57228112e-05
2 4 7 -0.48864354 -0.48860953 -3.40101752e-05
3 4 7 0.371056272 0.371516306 -0.000460034126
4 4 7 1.06170012 1.06182538 -0.000125260861
5 4 7 1.6300695 1.63033852 -0.000269016882
6 4 7 1.8427289 1.84280701 -7.81103684e-05
7 4 7 1.62928424 1.63033852 -0.00105428451
8 4 7 1.06170012 1.06182538 -0.000125260861
9 4 7 0.37067921 0.371516306 -0.00083709601
10 4 7 -0.48864354 -0.48860953 -3.40101752e-05
11 4 7 -1.41449877 -1.41447674 -2.20346695e-05
12 4 7 -2.34749432 -2.50846784 0.160973517
13 4 7 -3.28703953 -1e+10 1e+10
14 4 7 -4.24565622 -1e+10 1e+10
15 4 7 -5.20877086 -1e+10 9.99999999e+09
-3 5 7 -5.0466436 -1e+10 9.99999999e+09
-2 5 7 -4.07165204 -1e+10 1e+10
-1 5 7 -3.09569724 -3.10487465 0.00917741157
0 5 7 -2.11868437 -2.11872718 4.28102714e-05
1 5 7 -1.13725131 -1.13729244 4.11270836e-05
2 5 7 -0.161969508 -0.155363861 -0.00660564654
3 5 7 0.75627906 0.756454074 -0.000175014146
4 5 7 1.62928424 1.63033852 -0.00105428451
5 5 7 2.34283891 2.34371868 -0.000879768037
6 5 7 2.65529008 2.65512405 0.000166027268
7 5 7 2.34283891 2.34371868 -0.000879768037
8 5 7 1.62928424 1.63033852 -0.00105428451
9 5 7 0.75627906 0.756454074 -0.000175014146
10 5 7 -0.161969508 -0.155363861 -0.00660564654
11 5 7 -1.13725131 -1.13729244 4.11270836e-05
12 5 7 -2.11868437 -2.15412316 0.0354387954
13 5 7 -3.09569724 -1e+10 1e+10
14 5 7 -4.07165204 -1e+10 1e+10
15 5 7 -5.0466436 -1e+10 9.99999999e+09
-3 6 7 -4.96053704 -1e+10 1e+10
-2 6 7 -3.97400074 -1e+10 1e+10
-1 6 7 -2.98723041 -2.97769802 -0.00953239633
0 6 7 -1.99944261 -1.99250119 -0.00694141441
1 6 7 -1.01174272 -1.00827043 -0.00347228526
2 6 7 -0.0309366742 -0.0197315844 -0.0112050898
3 6 7 0.912264809 0.913078814 -0.000814004256
4 6 7 1.8427289 1.84280701 -7.81103684e-05
5 6 7 2.65529008 2.65512405 0.000166027268
6 6 7 3.06833848 3.06219334 0.00614514363
7 6 7 2.65529008 2.65512405 0.000166027268
8 6 7 1.8427289 1.84280701 -7.81103684e-05
9 6 7 0.912264809 0.913078814 -0.000814004256
10 6 7 -0.0309366742 -0.0197315844 -0.0112050898
11 6 7 -1.01174272 -1.00827043 -0.00347228526
12 6 7 -1.99944261 -1.99250119 -0.00694141441
13 6 7 -2.98723041 -1e+10 1e+10
14 6 7 -3.97400074 -1e+10 1e+10
15 6 7 -4.96053704 -1e+10 1e+10
-3 7 7 -5.0466436 -1e+10 9.99999999e+09
-2 7 7 -4.07163601 -1e+10 1e+10
-1 7 7 -3.09567732 -3.10487465 0.00919733429
0 7 7 -2.11871039 -2.11872718 1.6789002e-05
1 7 7 -1.13727625 -1.13729244 1.61842648e-05
2 7 7 -0.161969508 -0.155363861 -0.00660564654
3 7 7 0.75627906 0.756454074 -0.000175014146
4 7 7 1.6300695 1.63033852 -0.000269016882
5 7 7 2.34283891 2.34371868 -0.000879768037
6 7 7 2.65529008 2.65512405 0.000166027268
7 7 7 2.34283891 2.34371868 -0.000879768037
8 7 7 1.6300695 1.63033852 -0.000269016882
9 7 7 0.75627906 0.756454074 -0.000175014146
10 7 7 -0.161969508 -0.155363861 -0.00660564654
11 7 7 -1.13727625 -1.13729244 1.61842648e-05
12 7 7 -2.11871039 -2.15412316 0.0354127741
13 7 7 -3.09567732 -1e+10 1e+10
14 7 7 -4.07163601 -1e+10 1e+10
15 7 7 -5.0466436 -1e+10 9.99999999e+09
-3 8 7 -5.20877086 -1e+10 9.99999999e+09
-2 8 7 -4.24565852 -1e+10 1e+10
-1 8 7 -3.28703953 -3.36041826 0.073378734
0 8 7 -2.34749432 -2.34742283 -7.14941197e-05
1 8 7 -1.41449877 -1.41447674 -2.20346695e-05
2 8 7 -0.48864354 -0.48860953 -3.40101752e-05
3 8 7 0.370875099 0.371516306 -0.000641207229
4 8 7 1.06170012 1.06182538 -0.000125260861
5 8 7 1.6300695 1.63033852 -0.000269016882
6 8 7 1.8427289 1.84280701 -7.81103684e-05
7 8 7 1.62928424 1.63033852 -0.00105428451
8 8 7 1.06170012 1.06182538 -0.000125260861
9 8 7 0.370726209 0.371516306 -0.000790097631
10 8 7 -0.48864354 -0.48860953 -3.40101752e-05
11 8 7 -1.41449246 -1.41447674 -1.57228112e-05
12 8 7 -2.34747844 -2.50846784 0.160989393
13 8 7 -3.28703953 -1e+10 1e+10
14 8 7 -4.24565852 -1e+10 1e+10
15 8 7 -5.20877086 -1e+10 9.99999999e+09
-3 9 7 -5.48441512 -1e+10 9.99999999e+09
-2 9 7 -4.55167322 -1e+10 1e+10
-1 9 7 -3.62278057 -1e+10 1e+10
0 9 7 -2.70058959 -2.69987018 -0.000719408959
1 9 7 -1.81498965 -1.81496953 -2.01156181e-05
2 9 7 -1.0001001 -0.999245208 -0.000854892585
3 9 7 -0.276240186 -0.274816745 -0.00142344062
4 9 7 0.371056272 0.371516306 -0.000460034126
5 9 7 0.75627906 0.756454074 -0.000175014146
6 9 7 0.912264809 0.913078814 -0.000814004256
7 9 7 0.75627906 0.756454074 -0.000175014146
8 9 7 0.37067921 0.371516306 -0.00083709601
9 9 7 -0.276240186 -0.274816745 -0.00142344062
10 9 7 -1.00013266 -0.999245208 -0.000887449274
11 9 7 -1.81498965 -1.81496953 -2.01156181e-05
12 9 7 -2.70058959 -1e+10 1e+10
13 9 7 -3.62278057 -1e+10 1e+10
14 9 7 -4.55167322 -1e+10 1e+10
15 9 7 -5.48441512 -1e+10 9.99999999e+09
-3 10 7 -5.83305147 -1e+10 9.99999999e+09
-2 10 7 -4.91839649 -1e+10 1e+10
-1 10 7 -4.03118383 -1e+10 1e+10
0 10 7 -3.188239 -3.18780478 -0.00043421504
1 10 7 -2.39630038 -2.39627574 -2.46382163e-05
2 10 7 -1.6778487 -1.6778408 -7.89287206e-06
3 10 7 -1.00013266 -0.999245208 -0.000887449274
4 10 7 -0.48864354 -0.48860953 -3.40101752e-05
5 10 7 -0.161969508 -0.155363861 -0.00660564654
6 10 7 -0.0309366742 -0.0197315844 -0.0112050898
7 10 7 -0.161969508 -0.155363861 -0.00660564654
8 10 7 -0.48864354 -0.48860953 -3.40101752e-05
9 10 7 -1.0001001 -0.999245208 -0.000854892585
10 10 7 -1.6778487 -1.6778408 -7.89287206e-06
11 10 7 -2.39630038 -2.39627574 -2.46382163e-05
12 10 7 -3.188239 -1e+10 1e+10
13 10 7 -4.03118383 -1e+10 1e+10
14 10 7 -4.91839649 -1e+10 1e+10
15 10 7 -5.83305147 -1e+10 9.99999999e+09
-3 11 7 -6.25033827 -1e+10 9.99999999e+09
-2 11 7 -5.39435374 -1e+10 9.99999999e+09
-1 11 7 -4.57206461 -1e+10 1e+10
0 11 7 -3.79651754 -1e+10 1e+10
1 11 7 -3.08118514 -3.08838353 0.00719839163
2 11 7 -2.39630038 -2.39627574 -2.46382163e-05
3 11 7 -1.81498965 -1.81496953 -2.01156181e-05
4 11 7 -1.41449246 -1.41447674 -1.57228112e-05
5 11 7 -1.13727625 -1.13729244 1.61842648e-05
6 11 7 -1.01174272 -1.00827043 -0.00347228526
7 11 7 -1.13725131 -1.13729244 4.11270836e-05
8 11 7 -1.41449877 -1.41447674 -2.20346695e-05
9 11 7 -1.81498965 -1.81496953 -2.01156181e-05
10 11 7 -2.39630038 -2.39627574 -2.46382163e-05
11 11 7 -3.08118514 -1e+10 1e+10
12 11 7 -3.796531 -1e+10 1e+10
13 11 7 -4.57206461 -1e+10 1e+10
14 11 7 -5.39441674 -1e+10 9.99999999e+09
15 11 7 -6.25033827 -1e+10 9.99999999e+09
-3 12 7 -6.76907149 -1e+10 9.99999999e+09
-2 12 7 -5.96268395 -1e+10 9.99999999e+09
-1 12 7 -5.19769368 -1e+10 9.99999999e+09
0 12 7 -4.48479204 -1e+10 1e+10
1 12 7 -3.796531 -1e+10 1e+10
2 12 7 -3.188239 -1e+10 1e+10
3 12 7 -2.70058959 -3.09291059 0.392320999
4 12 7 -2.34747844 -2.50846784 0.160989393
5 12 7 -2.11871039 -2.15412316 0.0354127741
6 12 7 -1.99944261 -1.99250119 -0.00694141441
7 12 7 -2.11868437 -2.15412316 0.0354387954
8 12 7 -2.34749432 -2.50846784 0.160973517
9 12 7 -2.70058959 -1e+10 1e+10
10 12 7 -3.188239 -1e+10 1e+10
11 12 7 -3.79651754 -1e+10 1e+10
12 12 7 -4.48479204 -1e+10 1e+10
13 12 7 -5.19769368 -1e+10 9.99999999e+09
14 12 7 -5.96268395 -1e+10 9.99999999e+09
15 12 7 -6.76907149 -1e+10 9.99999999e+09
-3 13 7 -7.35723556 -1e+10 9.99999999e+09
-2 13 7 -6.6005447 -1e+10 9.99999999e+09
-1 13 7 -5.88868195 -1e+10 9.99999999e+09
0 13 7 -5.19769368 -1e+10 9.99999999e+09
1 13 7 -4.57206461 -1e+10 1e+10
2 13 7 -4.03118383 -1e+10 1e+10
3 13 7 -3.62278057 -1e+10 1e+10
4 13 7 -3.28703953 -1e+10 1e+10
5 13 7 -3.09567732 -1e+10 1e+10
6 13 7 -2.98723041 -1e+10 1e+10
7 13 7 -3.09569724 -1e+10 1e+10
8 13 7 -3.28703953 -1e+10 1e+10
9 13 7 -3.62278139 -1e+10 1e+10
10 13 7 -4.03118383 -1e+10 1e+10
11 13 7 -4.57206461 -1e+10 1e+10
12 13 7 -5.19769368 -1e+10 9.99999999e+09
13 13 7 -5.88868143 -1e+10 9.99999999e+09
14 13 7 -6.6005447 -1e+10 9.99999999e+09
15 13 7 -7.35723556 -1e+10 9.99999999e+09
-3 14 7 -8.00414046 -1e+10 9.99999999e+09
-2 14 7 -7.29291521 -1e+10 9.99999999e+09
-1 14 7 -6.6005447 -1e+10 9.99999999e+09
0 14 7 -5.96268395 -1e+10 9.99999999e+09
1 14 7 -5.39441674 -1e+10 9.99999999e+09
2 14 7 -4.91839649 -1e+10 1e+10
3 14 7 -4.55167322 -1e+10 1e+10
4 14 7 -4.24565852 -1e+10 1e+10
5 14 7 -4.07163601 -1e+10 1e+10
6 14 7 -3.97400074 -1e+10 1e+10
7 14 7 -4.07165204 -1e+10 1e+10
8 14 7 -4.24565622 -1e+10 1e+10
9 14 7 -4.55167322 -1e+10 1e+10
10 14 7 -4.91839649 -1e+10 1e+10
11 14 7 -5.39435374 -1e+10 9.99999999e+09
12 14 7 -5.96268395 -1e+10 9.99999999e+09
13 14 7 -6.6005447 -1e+10 9.99999999e+09
14 14 7 -7.29291521 -1e+10 9.99999999e+09
15 14 7 -8.00413903 -1e+10 9.99999999e+09
-3 15 7 -8.69782565 -1e+10 9.99999999e+09
-2 15 7 -8.00413903 -1e+10 9.99999999e+09
-1 15 7 -7.35723556 -1e+10 9.99999999e+09
0 15 7 -6.76907149 -1e+10 9.99999999e+09
1 15 7 -6.25033827 -1e+10 9.99999999e+09
2 15 7 -5.83305147 -1e+10 9.99999999e+09
3 15 7 -5.48441512 -1e+10 9.99999999e+09
4 15 7 -5.20877086 -1e+10 9.99999999e+09
5 15 7 -5.0466436 -1e+10 9.99999999e+09
6 15 7 -4.96053704 -1e+10 1e+10
7 15 7 -5.0466436 -1e+10 9.99999999e+09
8 15 7 -5.20877086 -1e+10 9.99999999e+09
9 15 7 -5.48438672 -1e+10 9.99999999e+09
10 15 7 -5.83306756 -1e+10 9.99999999e+09
11 15 7 -6.25033827 -1e+10 9.99999999e+09
12 15 7 -6.76907149 -1e+10 9.99999999e+09
13 15 7 -7.35723556 -1e+10 9.99999999e+09
14 15 7 -8.00414046 -1e+10 9.99999999e+09
15 15 7 -8.69782565 -1e+10 9.99999999e+09
-3 -3 8 -8.81847237 -1e+10 9.99999999e+09
-2 -3 8 -8.12485667 -1e+10 9.99999999e+09
-1 -3 8 -7.47876303 -1e+10 9.99999999e+09
0 -3 8 -6.89139322 -1e+10 9.99999999e+09
1 -3 8 -6.3781993 -1e+10 9.99999999e+09
2 -3 8 -5.96515594 -1e+10 9.99999999e+09
3 -3 8 -5.62114643 -1e+10 9.99999999e+09
4 -3 8 -5.35631049 -1e+10 9.99999999e+09
5 -3 8 -5.20877086 -1e+10 9.99999999e+09
6 -3 8 -5.12580997 -1e+10 9.99999999e+09
7 -3 8 -5.20877086 -1e+10 9.99999999e+09
8 -3 8 -5.35631049 -1e+10 9.99999999e+09
9 -3 8 -5.62114643 -1e+10 9.99999999e+09
10 -3 8 -5.96515594 -1e+10 9.99999999e+09
11 -3 8 -6.3781993 -1e+10 9.99999999e+09
12 -3 8 -6.89139322 -1e+10 9.99999999e+09
13 -3 8 -7.47876303 -1e+10 9.99999999e+09
14 -3 8 -8.12485667 -1e+10 9.99999999e+09
15 -3 8 -8.81844614 -1e+10 9.99999999e+09
-3 -2 8 -8.12485667 -1e+10 9.99999999e+09
-2 -2 8 -7.4166401 -1e+10 9.99999999e+09
-1 -2 8 -6.72692485 -1e+10 9.99999999e+09
0 -2 8 -6.09175814 -1e+10 9.99999999e+09
1 -2 8 -5.52801252 -1e+10 9.99999999e+09
2 -2 8 -5.06075008 -1e+10 9.99999999e+09
3 -2 8 -4.69959923 -1e+10 1e+10
4 -2 8 -4.40393739 -1e+10 1e+10
5 -2 8 -4.24565852 -1e+10 1e+10
6 -2 8 -4.1527058 -1e+10 1e+10
7 -2 8 -4.24565622 -1e+10 1e+10
8 -2 8 -4.40393739 -1e+10 1e+10
9 -2 8 -4.69960264 -1e+10 1e+10
10 -2 8 -5.06075008 -1e+10 9.99999999e+09
11 -2 8 -5.52801252 -1e+10 9.99999999e+09
12 -2 8 -6.09175814 -1e+10 9.99999999e+09
13 -2 8 -6.72692485 -1e+10 9.99999999e+09
14 -2 8 -7.4166401 -1e+10 9.99999999e+09
15 -2 8 -8.12485667 -1e+10 9.99999999e+09
-3 -1 8 -7.47876303 -1e+10 9.99999999e+09
-2 -1 8 -6.72692485 -1e+10 9.99999999e+09
-1 -1 8 -6.02042612 -1e+10 9.99999999e+09
0 -1 8 -5.33725018 -1e+10 9.99999999e+09
1 -1 8 -4.71912412 -1e+10 1e+10
2 -1 8 -4.18973577 -1e+10 1e+10
3 -1 8 -3.78898594 -4.19119266 0.402206721
4 -1 8 -3.46398329 -3.72872957 0.264746274
5 -1 8 -3.28703953 -3.36041826 0.073378734
6 -1 8 -3.19065651 -3.20817875 0.0175222392
7 -1 8 -3.28703953 -3.36041826 0.073378734
8 -1 8 -3.46398329 -3.72872957 0.264746274
9 -1 8 -3.78898594 -1e+10 1e+10
10 -1 8 -4.18973577 -1e+10 1e+10
11 -1 8 -4.71912412 -1e+10 1e+10
12 -1 8 -5.33725018 -1e+10 9.99999999e+09
13 -1 8 -6.02042612 -1e+10 9.99999999e+09
14 -1 8 -6.72692485 -1e+10 9.99999999e+09
15 -1 8 -7.47876303 -1e+10 9.99999999e+09
-3 0 8 -6.89139322 -1e+10 9.99999999e+09
-2 0 8 -6.09175814 -1e+10 9.99999999e+09
-1 0 8 -5.33725018 -1e+10 9.99999999e+09
0 0 8 -4.63513721 -1e+10 1e+10
1 0 8 -3.96085079 -3.95400624 -0.00684455347
2 0 8 -3.36611783 -3.3634051 -0.00271272589
3 0 8 -2.89997032 -2.89975753 -0.00021278406
4 0 8 -2.559039 -2.55902909 -9.91141442e-06
5 0 8 -2.34747844 -2.34742283 -5.56176909e-05
6 0 8 -2.24847011 -2.2405951 -0.00787500867
7 0 8 -2.34749432 -2.34742283 -7.14941197e-05
8 0 8 -2.559039 -2.55902909 -9.91141442e-06
9 0 8 -2.89997032 -2.89975753 -0.00021278406
10 0 8 -3.36611783 -3.3634051 -0.00271272589
11 0 8 -3.96085079 -1e+10 1e+10
12 0 8 -4.63513721 -1e+10 1e+10
13 0 8 -5.33725018 -1e+10 9.99999999e+09
14 0 8 -6.09175814 -1e+10 9.99999999e+09
15 0 8 -6.89139322 -1e+10 9.99999999e+09
-3 1 8 -6.3781993 -1e+10 9.99999999e+09
-2 1 8 -5.52801252 -1e+10 9.99999999e+09
-1 1 8 -4.71912412 -1e+10 1e+10
0 1 8 -3.96085079 -3.95400624 -0.00684455347
1 1 8 -3.26584227 -3.26251028 -0.00333198506
2 1 8 -2.61163429 -2.61119908 -0.000435209175
3 1 8 -2.06004379 -2.05684303 -0.00320076448
4 1 8 -1.67367852 -1.67359108 -8.7443663e-05
5 1 8 -1.41449246 -1.41447674 -1.57228112e-05
6 1 8 -1.3113284 -1.30384658 -0.00748181316
7 1 8 -1.41449877 -1.41447674 -2.20346695e-05
8 1 8 -1.67367852 -1.67359108 -8.7443663e-05
9 1 8 -2.06004379 -2.05684303 -0.00320076448
10 1 8 -2.61163429 -2.61119908 -0.000435209175
11 1 8 -3.26584227 -3.27359845 0.00775618618
12 1 8 -3.96085079 -1e+10 1e+10
13 1 8 -4.71912412 -1e+10 1e+10
14 1 8 -5.52801252 -1e+10 9.99999999e+09
15 1 8 -6.3781993 -1e+10 9.99999999e+09
-3 2 8 -5.96515594 -1e+10 9.99999999e+09
-2 2 8 -5.06075008 -1e+10 9.99999999e+09
-1 2 8 -4.18973577 -1e+10 1e+10
0 2 8 -3.36611783 -3.3634051 -0.00271272589
1 2 8 -2.61163429 -2.61119908 -0.000435209175
2 2 8 -1.93603499 -1.93590797 -0.000127016919
3 2 8 -1.30056172 -1.29997905 -0.000582664322
4 2 8 -0.816986502 -0.816919348 -6.71539358e-05
5 2 8 -0.48864354 -0.48860953 -3.40101752e-05
6 2 8 -0.377451642 -0.370005412 -0.00744622949
7 2 8 -0.48864354 -0.48860953 -3.40101752e-05
8 2 8 -0.816987177 -0.816919348 -6.78292732e-05
9 2 8 -1.30051238 -1.29997905 -0.000533325346
10 2 8 -1.93602628 -1.93590797 -0.000118311314
11 2 8 -2.61163429 -2.61119908 -0.000435209174
12 2 8 -3.36611783 -1e+10 1e+10
13 2 8 -4.18973577 -1e+10 1e+10
14 2 8 -5.06075008 -1e+10 9.99999999e+09
15 2 8 -5.96515594 -1e+10 9.99999999e+09
-3 3 8 -5.62114643 -1e+10 9.99999999e+09
-2 3 8 -4.69960264 -1e+10 1e+10
-1 3 8 -3.78898594 -4.19119266 0.402206721
0 3 8 -2.89997032 -2.89975753 -0.00021278406
1 3 8 -2.06004379 -2.05684303 -0.00320076448
2 3 8 -1.30051238 -1.29997905 -0.000533325346
3 3 8 -0.628909142 -0.628674741 -0.00023440128
4 3 8 -0.0272306029 -0.020189581 -0.00704102188
5 3 8 0.370726209 0.371516306 -0.000790097631
6 3 8 0.504416713 0.508419856 -0.00400314292
7 3 8 0.371056272 0.371516306 -0.000460034126
8 3 8 -0.0272306029 -0.020189581 -0.00704102188
9 3 8 -0.628909142 -0.628674741 -0.00023440128
10 3 8 -1.30056172 -1.29997905 -0.000582664322
11 3 8 -2.06004379 -2.05684303 -0.00320076448
12 3 8 -2.89997032 -3.54486895 0.644898636
13 3 8 -3.78898594 -1e+10 1e+10
14 3 8 -4.69959923 -1e+10 1e+10
15 3 8 -5.62114643 -1e+10 9.99999999e+09
-3 4 8 -5.35631049 -1e+10 9.99999999e+09
-2 4 8 -4.40393739 -1e+10 1e+10
-1 4 8 -3.46398329 -3.72872957 0.264746274
0 4 8 -2.559039 -2.55902909 -9.91141442e-06
1 4 8 -1.67367852 -1.67359108 -8.7443663e-05
2 4 8 -0.816987177 -0.816919348 -6.78292732e-05
3 4 8 -0.0272306029 -0.020189581 -0.00704102188
4 4 8 0.6107881 0.611667868 -0.000879768035
5 4 8 1.06170012 1.06182538 -0.000125260861
6 4 8 1.25108764 1.2508471 0.000240538699
7 4 8 1.06170012 1.06182538 -0.000125260861
8 4 8 0.6107881 0.611667868 -0.000879768035
9 4 8 -0.0272306029 -0.020189581 -0.00704102188
10 4 8 -0.816987177 -0.816919348 -6.78292732e-05
11 4 8 -1.67367852 -1.67359108 -8.7443663e-05
12 4 8 -2.559039 -2.98386062 0.424821613
13 4 8 -3.46398329 -1e+10 1e+10
14 4 8 -4.40393739 -1e+10 1e+10
15 4 8 -5.35631049 -1e+10 9.99999999e+09
-3 5 8 -5.20877086 -1e+10 9.99999999e+09
-2 5 8 -4.24565622 -1e+10 1e+10
-1 5 8 -3.28703953 -3.36041826 0.073378734
0 5 8 -2.34749432 -2.34742283 -7.14941197e-05
1 5 8 -1.41449877 -1.41447674 -2.20346695e-05
2 5 8 -0.48864354 -0.48860953 -3.40101752e-05
3 5 8 0.370990196 0.371516306 -0.000526110338
4 5 8 1.06170012 1.06182538 -0.000125260861
5 5 8 1.62928424 1.63033852 -0.00105428451
6 5 8 1.8427289 1.84280701 -7.81103684e-05
7 5 8 1.6300695 1.63033852 -0.000269016882
8 5 8 1.06170012 1.06182538 -0.000125260861
9 5 8 0.37067921 0.371516306 -0.00083709601
10 5 8 -0.48864354 -0.48860953 -3.40101752e-05
11 5 8 -1.41449246 -1.41447674 -1.57228112e-05
12 5 8 -2.34747844 -2.50846784 0.160989393
13 5 8 -3.28703953 -1e+10 1e+10
14 5 8 -4.24565622 -1e+10 1e+10
15 5 8 -5.20877086 -1e+10 9.99999999e+09
-3 6 8 -5.12580997 -1e+10 9.99999999e+09
-2 6 8 -4.1527058 -1e+10 1e+10
-1 6 8 -3.19065651 -3.20817875 0.0175222392
0 6 8 -2.24847011 -2.2405951 -0.00787500867
1 6 8 -1.3113284 -1.30384658 -0.00748181316
2 6 8 -0.377451642 -0.370005412 -0.00744622949
3 6 8 0.504416713 0.508419856 -0.00400314292
4 6 8 1.25108764 1.2508471 0.000240538699
5 6 8 1.8427289 1.84280701 -7.81103684e-05
6 6 8 2.09227096 2.08963828 0.00263268012
7 6 8 1.8427289 1.84280701 -7.81103684e-05
8 6 8 1.25108764 1.2508471 0.000240538699
9 6 8 0.504416713 0.508419856 -0.00400314292
10 6 8 -0.377451642 -0.370005412 -0.00744622949
11 6 8 -1.3113284 -1.30384658 -0.00748181316
12 6 8 -2.24847011 -2.30052405 0.0520539364
13 6 8 -3.19065651 -1e+10 1e+10
14 6 8 -4.1527058 -1e+10 1e+10
15 6 8 -5.12580997 -1e+10 9.99999999e+09
-3 7 8 -5.20877086 -1e+10 9.99999999e+09
-2 7 8 -4.24565852 -1e+10 1e+10
-1 7 8 -3.28703953 -3.36041826 0.073378734
0 7 8 -2.34747844 -2.34742283 -5.56176909e-05
1 7 8 -1.41449246 -1.41447674 -1.57228112e-05
2 7 8 -0.48864354 -0.48860953 -3.40101752e-05
3 7 8 0.370726209 0.371516306 -0.000790097631
4 7 8 1.06170012 1.06182538 -0.000125260861
5 7 8 1.6300695 1.63033852 -0.000269016882
6 7 8 1.8427289 1.84280701 -7.81103684e-05
7 7 8 1.62928424 1.63033852 -0.00105428451
8 7 8 1.06170012 1.06182538 -0.000125260861
9 7 8 0.370875099 0.371516306 -0.000641207229
10 7 8 -0.48864354 -0.48860953 -3.40101752e-05
11 7 8 -1.41449877 -1.41447674 -2.20346695e-05
12 7 8 -2.34749432 -2.50846784 0.160973517
13 7 8 -3.28703953 -1e+10 1e+10
14 7 8 -4.24565852 -1e+10 1e+10
15 7 8 -5.20877086 -1e+10 9.99999999e+09
-3 8 8 -5.35631049 -1e+10 9.99999999e+09
-2 8 8 -4.40393739 -1e+10 1e+10
-1 8 8 -3.46398329 -3.72872957 0.264746274
0 8 8 -2.559039 -2.55902909 -9.91141442e-06
1 8 8 -1.67367852 -1.67359108 -8.7443663e-05
2 8 8 -0.816986502 -0.816919348 -6.71539358e-05
3 8 8 -0.0272306029 -0.020189581 -0.00704102188
4 8 8 0.6107881 0.611667868 -0.000879768035
5 8 8 1.06170012 1.06182538 -0.000125260861
6 8 8 1.25108764 1.2508471 0.000240538699
7 8 8 1.06170012 1.06182538 -0.000125260861
8 8 8 0.6107881 0.611667868 -0.000879768035
9 8 8 -0.0272306029 -0.020189581 -0.00704102188
10 8 8 -0.816986502 -0.816919348 -6.71539358e-05
11 8 8 -1.67367852 -1.67359108 -8.7443663e-05
12 8 8 -2.559039 -2.98386062 0.424821613
13 8 8 -3.46398329 -1e+10 1e+10
14 8 8 -4.40393739 -1e+10 1e+10
15 8 8 -5.35631049 -1e+10 9.99999999e+09
-3 9 8 -5.62114643 -1e+10 9.99999999e+09
-2 9 8 -4.69959923 -1e+10 1e+10
-1 9 8 -3.78898594 -1e+10 1e+10
0 9 8 -2.89997032 -2.89975753 -0.00021278406
1 9 8 -2.06004379 -2.05684303 -0.00320076448
2 9 8 -1.30056172 -1.29997905 -0.000582664322
3 9 8 -0.628909142 -0.628674741 -0.00023440128
4 9 8 -0.0272306029 -0.020189581 -0.00704102188
5 9 8 0.370990196 0.371516306 -0.000526110338
6 9 8 0.504416713 0.508419856 -0.00400314292
7 9 8 0.37067921 0.371516306 -0.00083709601
8 9 8 -0.0272306029 -0.020189581 -0.00704102188
9 9 8 -0.628909142 -0.628674741 -0.00023440128
10 9 8 -1.30051238 -1.29997905 -0.000533325346
11 9 8 -2.06004379 -2.05684303 -0.00320076448
12 9 8 -2.89997032 -1e+10 1e+10
13 9 8 -3.78898594 -1e+10 1e+10
14 9 8 -4.69960264 -1e+10 1e+10
15 9 8 -5.62114643 -1e+10 9.99999999e+09
-3 10 8 -5.96515594 -1e+10 9.99999999e+09
-2 10 8 -5.06075008 -1e+10 9.99999999e+09
-1 10 8 -4.18973577 -1e+10 1e+10
0 10 8 -3.36611783 -3.3634051 -0.00271272589
1 10 8 -2.61163429 -2.61119908 -0.000435209175
2 10 8 -1.93603499 -1.93590797 -0.000127016919
3 10 8 -1.30051238 -1.29997905 -0.000533325346
4 10 8 -0.816986502 -0.816919348 -6.71539358e-05
5 10 8 -0.48864354 -0.48860953 -3.40101752e-05
6 10 8 -0.377451642 -0.370005412 -0.00744622949
7 10 8 -0.48864354 -0.48860953 -3.40101752e-05
8 10 8 -0.816987177 -0.816919348 -6.78292732e-05
9 10 8 -1.30056172 -1.29997905 -0.000582664322
10 10 8 -1.93602628 -1.93590797 -0.000118311314
11 10 8 -2.61163429 -2.61119908 -0.000435209175
12 10 8 -3.36611783 -1e+10 1e+10
13 10 8 -4.18973577 -1e+10 1e+10
14 10 8 -5.06075008 -1e+10 9.99999999e+09
15 10 8 -5.96515594 -1e+10 9.99999999e+09
-3 11 8 -6.3781993 -1e+10 9.99999999e+09
-2 11 8 -5.52801252 -1e+10 9.99999999e+09
-1 11 8 -4.71912412 -1e+10 1e+10
0 11 8 -3.96085079 -1e+10 1e+10
1 11 8 -3.26584227 -3.27359845 0.00775618618
2 11 8 -2.61163429 -2.61119908 -0.000435209174
3 11 8 -2.06004379 -2.05684303 -0.00320076448
4 11 8 -1.67367852 -1.67359108 -8.7443663e-05
5 11 8 -1.41449877 -1.41447674 -2.20346695e-05
6 11 8 -1.3113284 -1.30384658 -0.00748181316
7 11 8 -1.41449246 -1.41447674 -1.57228112e-05
8 11 8 -1.67367852 -1.67359108 -8.7443663e-05
9 11 8 -2.06004379 -2.05684303 -0.00320076448
10 11 8 -2.61163429 -2.61119908 -0.000435209175
11 11 8 -3.26584227 -1e+10 1e+10
12 11 8 -3.96085079 -1e+10 1e+10
13 11 8 -4.71912412 -1e+10 1e+10
14 11 8 -5.52801252 -1e+10 9.99999999e+09
15 11 8 -6.3781993 -1e+10 9.99999999e+09
-3 12 8 -6.89139322 -1e+10 9.99999999e+09
-2 12 8 -6.09175814 -1e+10 9.99999999e+09
-1 12 8 -5.33725018 -1e+10 9.99999999e+09
0 12 8 -4.63513721 -1e+10 1e+10
1 12 8 -3.96085079 -1e+10 1e+10
2 12 8 -3.36611783 -1e+10 1e+10
3 12 8 -2.89997032 -3.54486895 0.644898636
4 12 8 -2.559039 -2.98386062 0.424821613
5 12 8 -2.34749432 -2.50846784 0.160973517
6 12 8 -2.24847011 -2.30052405 0.0520539364
7 12 8 -2.34747844 -2.50846784 0.160989393
8 12 8 -2.559039 -2.98386062 0.424821613
9 12 8 -2.89997032 -1e+10 1e+10
10 12 8 -3.36611783 -1e+10 1e+10
11 12 8 -3.96085079 -1e+10 1e+10
12 12 8 -4.63513721 -1e+10 1e+10
13 12 8 -5.33725018 -1e+10 9.99999999e+09
14 12 8 -6.09175814 -1e+10 9.99999999e+09
15 12 8 -6.89139322 -1e+10 9.99999999e+09
-3 13 8 -7.47876303 -1e+10 9.99999999e+09
-2 13 8 -6.72692485 -1e+10 9.99999999e+09
-1 13 8 -6.02042612 -1e+10 9.99999999e+09
0 13 8 -5.33725018 -1e+10 9.99999999e+09
1 13 8 -4.71912412 -1e+10 1e+10
2 13 8 -4.18973577 -1e+10 1e+10
3 13 8 -3.78898594 -1e+10 1e+10
4 13 8 -3.46398329 -1e+10 1e+10
5 13 8 -3.28703953 -1e+10 1e+10
6 13 8 -3.19065651 -1e+10 1e+10
7 13 8 -3.28703953 -1e+10 1e+10
8 13 8 -3.46398329 -1e+10 1e+10
9 13 8 -3.78898594 -1e+10 1e+10
10 13 8 -4.18973577 -1e+10 1e+10
11 13 8 -4.71912412 -1e+10 1e+10
12 13 8 -5.33725018 -1e+10 9.99999999e+09
13 13 8 -6.02042612 -1e+10 9.99999999e+09
14 13 8 -6.72692485 -1e+10 9.99999999e+09
15 13 8 -7.47876303 -1e+10 9.99999999e+09
-3 14 8 -8.12485667 -1e+10 9.99999999e+09
-2 14 8 -7.4166401 -1e+10 9.99999999e+09
-1 14 8 -6.72692485 -1e+10 9.99999999e+09
0 14 8 -6.09175814 -1e+10 9.99999999e+09
1 14 8 -5.52801252 -1e+10 9.99999999e+09
2 14 8 -5.06075008 -1e+10 9.99999999e+09
3 14 8 -4.69960264 -1e+10 1e+10
4 14 8 -4.40393739 -1e+10 1e+10
5 14 8 -4.24565852 -1e+10 1e+10
6 14 8 -4.1527058 -1e+10 1e+10
7 14 8 -4.24565622 -1e+10 1e+10
8 14 8 -4.40393739 -1e+10 1e+10
9 14 8 -4.69959923 -1e+10 1e+10
10 14 8 -5.06075008 -1e+10 9.99999999e+09
11 14 8 -5.52801252 -1e+10 9.99999999e+09
12 14 8 -6.09175814 -1e+10 9.99999999e+09
13 14 8 -6.72692485 -1e+10 9.99999999e+09
14 14 8 -7.4166401 -1e+10 9.99999999e+09
15 14 8 -8.12485667 -1e+10 9.99999999e+09
-3 15 8 -8.81847237 -1e+10 9.99999999e+09
-2 15 8 -8.12485667 -1e+10 9.99999999e+09
-1 15 8 -7.47876303 -1e+10 9.99999999e+09
0 15 8 -6.89139322 -1e+10 9.99999999e+09
1 15 8 -6.3781993 -1e+10 9.99999999e+09
2 15 8 -5.96515594 -1e+10 9.99999999e+09
3 15 8 -5.62114643 -1e+10 9.99999999e+09
4 15 8 -5.35631049 -1e+10 9.99999999e+09
5 15 8 -5.20877086 -1e+10 9.99999999e+09
6 15 8 -5.12580997 -1e+10 9.99999999e+09
7 15 8 -5.20877086 -1e+10 9.99999999e+09
8 15 8 -5.35631049 -1e+10 9.99999999e+09
9 15 8 -5.62114643 -1e+10 9.99999999e+09
10 15 8 -5.96515594 -1e+10 9.99999999e+09
11 15 8 -6.3781993 -1e+10 9.99999999e+09
12 15 8 -6.89139322 -1e+10 9.99999999e+09
13 15 8 -7.47876303 -1e+10 9.99999999e+09
14 15 8 -8.12485667 -1e+10 9.99999999e+09
15 15 8 -8.81844614 -1e+10 9.99999999e+09
-3 -3 9 -8.99402891 -1e+10 9.99999999e+09
-2 -3 9 -8.31451695 -1e+10 9.99999999e+09
-1 -3 9 -7.68089471 -1e+10 9.99999999e+09
0 -3 9 -7.10761213 -1e+10 9.99999999e+09
1 -3 9 -6.60940777 -1e+10 9.99999999e+09
2 -3 9 -6.20917976 -1e+10 9.99999999e+09
3 -3 9 -5.87514423 -1e+10 9.99999999e+09
4 -3 9 -5.62114643 -1e+10 9.99999999e+09
5 -3 9 -5.48441512 -1e+10 9.99999999e+09
6 -3 9 -5.40874813 -1e+10 9.99999999e+09
7 -3 9 -5.48438672 -1e+10 9.99999999e+09
8 -3 9 -5.62114643 -1e+10 9.99999999e+09
9 -3 9 -5.87517136 -1e+10 9.99999999e+09
10 -3 9 -6.20917976 -1e+10 9.99999999e+09
11 -3 9 -6.60940777 -1e+10 9.99999999e+09
12 -3 9 -7.10761213 -1e+10 9.99999999e+09
13 -3 9 -7.68089471 -1e+10 9.99999999e+09
14 -3 9 -8.31451695 -1e+10 9.99999999e+09
15 -3 9 -8.99402891 -1e+10 9.99999999e+09
-3 -2 9 -8.31451695 -1e+10 9.99999999e+09
-2 -2 9 -7.62141647 -1e+10 9.99999999e+09
-1 -2 9 -6.94846571 -1e+10 9.99999999e+09
0 -2 9 -6.33176501 -1e+10 9.99999999e+09
1 -2 9 -5.78740532 -1e+10 9.99999999e+09
2 -2 9 -5.33982128 -1e+10 9.99999999e+09
3 -2 9 -4.98508573 -1e+10 1e+10
4 -2 9 -4.69960264 -1e+10 1e+10
5 -2 9 -4.55167322 -1e+10 1e+10
6 -2 9 -4.47132498 -1e+10 1e+10
7 -2 9 -4.55167322 -1e+10 1e+10
8 -2 9 -4.69959923 -1e+10 1e+10
9 -2 9 -4.98508573 -1e+10 1e+10
10 -2 9 -5.33982128 -1e+10 9.99999999e+09
11 -2 9 -5.78740532 -1e+10 9.99999999e+09
12 -2 9 -6.33176501 -1e+10 9.99999999e+09
13 -2 9 -6.94846571 -1e+10 9.99999999e+09
14 -2 9 -7.62141647 -1e+10 9.99999999e+09
15 -2 9 -8.31451695 -1e+10 9.99999999e+09
-3 -1 9 -7.68089471 -1e+10 9.99999999e+09
-2 -1 9 -6.94846571 -1e+10 9.99999999e+09
-1 -1 9 -6.26398977 -1e+10 9.99999999e+09
0 -1 9 -5.60598739 -1e+10 9.99999999e+09
1 -1 9 -5.01185001 -1e+10 9.99999999e+09
2 -1 9 -4.50468982 -1e+10 1e+10
3 -1 9 -4.11221123 -1e+10 1e+10
4 -1 9 -3.78898594 -1e+10 1e+10
5 -1 9 -3.62278057 -1e+10 1e+10
6 -1 9 -3.53623892 -1e+10 1e+10
7 -1 9 -3.62278139 -1e+10 1e+10
8 -1 9 -3.78898594 -1e+10 1e+10
9 -1 9 -4.11221123 -1e+10 1e+10
10 -1 9 -4.50468982 -1e+10 1e+10
11 -1 9 -5.01185001 -1e+10 9.99999999e+09
12 -1 9 -5.60598739 -1e+10 9.99999999e+09
13 -1 9 -6.26398977 -1e+10 9.99999999e+09
14 -1 9 -6.94846571 -1e+10 9.99999999e+09
15 -1 9 -7.68089471 -1e+10 9.99999999e+09
-3 0 9 -7.10761213 -1e+10 9.99999999e+09
-2 0 9 -6.33176501 -1e+10 9.99999999e+09
-1 0 9 -5.60598739 -1e+10 9.99999999e+09
0 0 9 -4.93457847 -1e+10 1e+10
1 0 9 -4.28952983 -4.28915315 -0.000376671882
2 0 9 -3.71369047 -3.71319714 -0.000493328298
3 0 9 -3.26581526 -3.26554995 -0.000265316665
4 0 9 -2.89997032 -2.89975753 -0.00021278406
5 0 9 -2.70058959 -2.69987018 -0.000719408959
6 0 9 -2.60701353 -2.597369 -0.00964452563
7 0 9 -2.70058959 -2.69987018 -0.000719408959
8 0 9 -2.89997032 -2.89975753 -0.00021278406
9 0 9 -3.26581526 -3.26554995 -0.000265316665
10 0 9 -3.71369047 -3.71319714 -0.000493328298
11 0 9 -4.28952983 -1e+10 1e+10
12 0 9 -4.93455377 -1e+10 1e+10
13 0 9 -5.60598739 -1e+10 9.99999999e+09
14 0 9 -6.33176501 -1e+10 9.99999999e+09
15 0 9 -7.10761213 -1e+10 9.99999999e+09
-3 1 9 -6.60940777 -1e+10 9.99999999e+09
-2 1 9 -5.78740532 -1e+10 9.99999999e+09
-1 1 9 -5.01185001 -1e+10 9.99999999e+09
0 1 9 -4.28952983 -4.28915315 -0.000376671882
1 1 9 -3.62311275 -3.62286286 -0.000249884816
2 1 9 -2.99456388 -2.99433824 -0.000225636198
3 1 9 -2.46101839 -2.46063981 -0.000378580374
4 1 9 -2.06004379 -2.05684303 -0.00320076448
5 1 9 -1.81498965 -1.81496953 -2.01156181e-05
6 1 9 -1.7188053 -1.71118882 -0.00761647536
7 1 9 -1.81498965 -1.81496953 -2.01156181e-05
8 1 9 -2.06004379 -2.05684303 -0.00320076448
9 1 9 -2.4609503 -2.46063981 -0.000310495541
10 1 9 -2.99456388 -2.99433824 -0.000225636198
11 1 9 -3.62312695 -3.66132081 0.038193861
12 1 9 -4.28952983 -1e+10 1e+10
13 1 9 -5.01185001 -1e+10 9.99999999e+09
14 1 9 -5.78740532 -1e+10 9.99999999e+09
15 1 9 -6.60940777 -1e+10 9.99999999e+09
-3 2 9 -6.20917976 -1e+10 9.99999999e+09
-2 2 9 -5.33982128 -1e+10 9.99999999e+09
-1 2 9 -4.50468982 -1e+10 1e+10
0 2 9 -3.71369047 -3.71319714 -0.000493328298
1 2 9 -2.99456388 -2.99433824 -0.000225636198
2 2 9 -2.32935027 -2.32631413 -0.00303613976
3 2 9 -1.74026435 -1.74019337 -7.09817218e-05
4 2 9 -1.30051238 -1.29997905 -0.000533325346
5 2 9 -1.00013266 -0.999245208 -0.000887449274
6 2 9 -0.894957865 -0.88782221 -0.00713565553
7 2 9 -1.0001001 -0.999245208 -0.000854892585
8 2 9 -1.30056172 -1.29997905 -0.000582664322
9 2 9 -1.74026435 -1.74019337 -7.09817218e-05
10 2 9 -2.32935027 -2.32631413 -0.00303613976
11 2 9 -2.99456388 -2.99505292 0.000489044302
12 2 9 -3.71369047 -1e+10 1e+10
13 2 9 -4.50468982 -1e+10 1e+10
14 2 9 -5.33982128 -1e+10 9.99999999e+09
15 2 9 -6.20917976 -1e+10 9.99999999e+09
-3 3 9 -5.87517136 -1e+10 9.99999999e+09
-2 3 9 -4.98508573 -1e+10 1e+10
-1 3 9 -4.11221123 -1e+10 1e+10
0 3 9 -3.26581526 -3.26554995 -0.000265316665
1 3 9 -2.4609503 -2.46063981 -0.000310495541
2 3 9 -1.74026435 -1.74019337 -7.09817218e-05
3 3 9 -1.12126271 -1.12038294 -0.000879768275
4 3 9 -0.628909142 -0.628674741 -0.00023440128
5 3 9 -0.276240186 -0.274816745 -0.00142344062
6 3 9 -0.161872194 -0.154793182 -0.00707901163
7 3 9 -0.276240186 -0.274816745 -0.00142344062
8 3 9 -0.628909142 -0.628674741 -0.00023440128
9 3 9 -1.12126271 -1.12038294 -0.000879768275
10 3 9 -1.74026435 -1.74019337 -7.09817218e-05
11 3 9 -2.4612093 -2.46063981 -0.000569495798
12 3 9 -3.26581526 -1e+10 1e+10
13 3 9 -4.11221123 -1e+10 1e+10
14 3 9 -4.98508573 -1e+10 1e+10
15 3 9 -5.87517136 -1e+10 9.99999999e+09
-3 4 9 -5.62114643 -1e+10 9.99999999e+09
-2 4 9 -4.69959923 -1e+10 1e+10
-1 4 9 -3.78898594 -1e+10 1e+10
0 4 9 -2.89997032 -2.89975753 -0.00021278406
1 4 9 -2.06004379 -2.05684303 -0.00320076448
2 4 9 -1.30056172 -1.29997905 -0.000582664322
3 4 9 -0.628909142 -0.628674741 -0.00023440128
4 4 9 -0.0272306029 -0.020189581 -0.00704102188
5 4 9 0.37067921 0.371516306 -0.00083709601
6 4 9 0.504416713 0.508419856 -0.00400314292
7 4 9 0.370875099 0.371516306 -0.000641207229
8 4 9 -0.0272306029 -0.020189581 -0.00704102188
9 4 9 -0.628909142 -0.628674741 -0.00023440128
10 4 9 -1.30051238 -1.29997905 -0.000533325346
11 4 9 -2.06004379 -2.05684303 -0.00320076448
12 4 9 -2.89997032 -1e+10 1e+10
13 4 9 -3.78898594 -1e+10 1e+10
14 4 9 -4.69960264 -1e+10 1e+10
15 4 9 -5.62114643 -1e+10 9.99999999e+09
-3 5 9 -5.48438672 -1e+10 9.99999999e+09
-2 5 9 -4.55167322 -1e+10 1e+10
-1 5 9 -3.62278139 -1e+10 1e+10
0 5 9 -2.70058959 -2.69987018 -0.000719408959
1 5 9 -1.81498965 -1.81496953 -2.01156181e-05
2 5 9 -1.0001001 -0.999245208 -0.000854892585
3 5 9 -0.276240186 -0.274816745 -0.00142344062
4 5 9 0.37067921 0.371516306 -0.00083709601
5 5 9 0.75627906 0.756454074 -0.000175014146
6 5 9 0.912264809 0.913078814 -0.000814004256
7 5 9 0.75627906 0.756454074 -0.000175014146
8 5 9 0.370726209 0.371516306 -0.000790097631
9 5 9 -0.276240186 -0.274816745 -0.00142344062
10 5 9 -1.00013266 -0.999245208 -0.000887449274
11 5 9 -1.81498965 -1.81496953 -2.01156181e-05
12 5 9 -2.70058959 -1e+10 1e+10
13 5 9 -3.62278139 -1e+10 1e+10
14 5 9 -4.55167322 -1e+10 1e+10
15 5 9 -5.48438672 -1e+10 9.99999999e+09
-3 6 9 -5.40874813 -1e+10 9.99999999e+09
-2 6 9 -4.47132498 -1e+10 1e+10
-1 6 9 -3.53623892 -1e+10 1e+10
0 6 9 -2.60701353 -2.597369 -0.00964452563
1 6 9 -1.7188053 -1.71118882 -0.00761647536
2 6 9 -0.894957865 -0.88782221 -0.00713565553
3 6 9 -0.161872194 -0.154793182 -0.00707901163
4 6 9 0.504416713 0.508419856 -0.00400314292
5 6 9 0.912264809 0.913078814 -0.000814004256
6 6 9 1.11771452 1.11777196 -5.74465637e-05
7 6 9 0.912264809 0.913078814 -0.000814004256
8 6 9 0.504416713 0.508419856 -0.00400314292
9 6 9 -0.161872194 -0.154793182 -0.00707901163
10 6 9 -0.894957865 -0.88782221 -0.00713565553
11 6 9 -1.7188053 -1.71118882 -0.00761647536
12 6 9 -2.60701353 -1e+10 1e+10
13 6 9 -3.53623892 -1e+10 1e+10
14 6 9 -4.47132498 -1e+10 1e+10
15 6 9 -5.40874813 -1e+10 9.99999999e+09
-3 7 9 -5.48441512 -1e+10 9.99999999e+09
-2 7 9 -4.55167322 -1e+10 1e+10
-1 7 9 -3.62278057 -1e+10 1e+10
0 7 9 -2.70058959 -2.69987018 -0.000719408959
1 7 9 -1.81498965 -1.81496953 -2.01156181e-05
2 7 9 -1.00013266 -0.999245208 -0.000887449274
3 7 9 -0.276240186 -0.274816745 -0.00142344062
4 7 9 0.37067921 0.371516306 -0.00083709601
5 7 9 0.75627906 0.756454074 -0.000175014146
6 7 9 0.912264809 0.913078814 -0.000814004256
7 7 9 0.75627906 0.756454074 -0.000175014146
8 7 9 0.371056272 0.371516306 -0.000460034126
9 7 9 -0.276240186 -0.274816745 -0.00142344062
10 7 9 -1.0001001 -0.999245208 -0.000854892585
11 7 9 -1.81498965 -1.81496953 -2.01156181e-05
12 7 9 -2.70058959 -1e+10 1e+10
13 7 9 -3.62278057 -1e+10 1e+10
14 7 9 -4.55167322 -1e+10 1e+10
15 7 9 -5.48441512 -1e+10 9.99999999e+09
-3 8 9 -5.62114643 -1e+10 9.99999999e+09
-2 8 9 -4.69960264 -1e+10 1e+10
-1 8 9 -3.78898594 -1e+10 1e+10
0 8 9 -2.89997032 -2.89975753 -0.00021278406
1 8 9 -2.06004379 -2.05684303 -0.00320076448
2 8 9 -1.30051238 -1.29997905 -0.000533325346
3 8 9 -0.628909142 -0.628674741 -0.00023440128
4 8 9 -0.0272306029 -0.020189581 -0.00704102188
5 8 9 0.37067921 0.371516306 -0.00083709601
6 8 9 0.504416713 0.508419856 -0.00400314292
7 8 9 0.370990196 0.371516306 -0.000526110338
8 8 9 -0.0272306029 -0.020189581 -0.00704102188
9 8 9 -0.628909142 -0.628674741 -0.00023440128
10 8 9 -1.30056172 -1.29997905 -0.000582664322
11 8 9 -2.06004379 -2.05684303 -0.00320076448
12 8 9 -2.89997032 -1e+10 1e+10
13 8 9 -3.78898594 -1e+10 1e+10
14 8 9 -4.69959923 -1e+10 1e+10
15 8 9 -5.62114643 -1e+10 9.99999999e+09
-3 9 9 -5.87514423 -1e+10 9.99999999e+09
-2 9 9 -4.98508573 -1e+10 1e+10
-1 9 9 -4.11221123 -1e+10 1e+10
0 9 9 -3.26581526 -3.26554995 -0.000265316665
1 9 9 -2.46101839 -2.46063981 -0.000378580374
2 9 9 -1.74026435 -1.74019337 -7.09817218e-05
3 9 9 -1.12126271 -1.12038294 -0.000879768275
4 9 9 -0.628909142 -0.628674741 -0.00023440128
5 9 9 -0.276240186 -0.274816745 -0.00142344062
6 9 9 -0.161872194 -0.154793182 -0.00707901163
7 9 9 -0.276240186 -0.274816745 -0.00142344062
8 9 9 -0.628909142 -0.628674741 -0.00023440128
9 9 9 -1.12126271 -1.12038294 -0.000879768275
10 9 9 -1.74026435 -1.74019337 -7.09817218e-05
11 9 9 -2.46101839 -2.46063981 -0.000378580374
12 9 9 -3.26581526 -1e+10 1e+10
13 9 9 -4.11221123 -1e+10 1e+10
14 9 9 -4.98508573 -1e+10 1e+10
15 9 9 -5.87514423 -1e+10 9.99999999e+09
-3 10 9 -6.20917976 -1e+10 9.99999999e+09
-2 10 9 -5.33982128 -1e+10 9.99999999e+09
-1 10 9 -4.50468982 -1e+10 1e+10
0 10 9 -3.71369047 -3.71319714 -0.000493328298
1 10 9 -2.99456388 -2.99433824 -0.000225636198
2 10 9 -2.32935027 -2.32631413 -0.00303613976
3 10 9 -1.74026435 -1.74019337 -7.09817218e-05
4 10 9 -1.30056172 -1.29997905 -0.000582664322
5 10 9 -1.0001001 -0.999245208 -0.000854892585
6 10 9 -0.894957865 -0.88782221 -0.00713565553
7 10 9 -1.00013266 -0.999245208 -0.000887449274
8 10 9 -1.30051238 -1.29997905 -0.000533325346
9 10 9 -1.74026435 -1.74019337 -7.09817218e-05
10 10 9 -2.32935027 -2.32631413 -0.00303613976
11 10 9 -2.99456388 -2.99505292 0.000489044302
12 10 9 -3.71369047 -1e+10 1e+10
13 10 9 -4.50468982 -1e+10 1e+10
14 10 9 -5.33982128 -1e+10 9.99999999e+09
15 10 9 -6.20917976 -1e+10 9.99999999e+09
-3 11 9 -6.60940777 -1e+10 9.99999999e+09
-2 11 9 -5.78740532 -1e+10 9.99999999e+09
-1 11 9 -5.01185001 -1e+10 9.99999999e+09
0 11 9 -4.28952983 -1e+10 1e+10
1 11 9 -3.62311275 -3.66132081 0.0382080678
2 11 9 -2.99456388 -2.99505292 0.000489044302
3 11 9 -2.4609503 -2.46063981 -0.000310495541
4 11 9 -2.06004379 -2.05684303 -0.00320076448
5 11 9 -1.81498965 -1.81496953 -2.01156181e-05
6 11 9 -1.7188053 -1.71118882 -0.00761647536
7 11 9 -1.81498965 -1.81496953 -2.01156181e-05
8 11 9 -2.06004379 -2.05684303 -0.00320076448
9 11 9 -2.4612093 -2.46063981 -0.000569495798
10 11 9 -2.99456388 -2.99505292 0.000489044302
11 11 9 -3.62312695 -1e+10 1e+10
12 11 9 -4.28952983 -1e+10 1e+10
13 11 9 -5.01185001 -1e+10 9.99999999e+09
14 11 9 -5.78740532 -1e+10 9.99999999e+09
15 11 9 -6.60940777 -1e+10 9.99999999e+09
-3 12 9 -7.10761213 -1e+10 9.99999999e+09
-2 12 9 -6.33176501 -1e+10 9.99999999e+09
-1 12 9 -5.60598739 -1e+10 9.99999999e+09
0 12 9 -4.93457847 -1e+10 1e+10
1 12 9 -4.28952983 -1e+10 1e+10
2 12 9 -3.71369047 -1e+10 1e+10
3 12 9 -3.26581526 -1e+10 1e+10
4 12 9 -2.89997032 -1e+10 1e+10
5 12 9 -2.70058959 -1e+10 1e+10
6 12 9 -2.60701353 -1e+10 1e+10
7 12 9 -2.70058959 -1e+10 1e+10
8 12 9 -2.89997032 -1e+10 1e+10
9 12 9 -3.26581526 -1e+10 1e+10
10 12 9 -3.71369047 -1e+10 1e+10
11 12 9 -4.28952983 -1e+10 1e+10
12 12 9 -4.9345184 -1e+10 1e+10
13 12 9 -5.60598739 -1e+10 9.99999999e+09
14 12 9 -6.33176501 -1e+10 9.99999999e+09
15 12 9 -7.10761213 -1e+10 9.99999999e+09
-3 13 9 -7.68089471 -1e+10 9.99999999e+09
-2 13 9 -6.94846571 -1e+10 9.99999999e+09
-1 13 9 -6.26398977 -1e+10 9.99999999e+09
0 13 9 -5.60598739 -1e+10 9.99999999e+09
1 13 9 -5.01185001 -1e+10 9.99999999e+09
2 13 9 -4.50468982 -1e+10 1e+10
3 13 9 -4.11221123 -1e+10 1e+10
4 13 9 -3.78898594 -1e+10 1e+10
5 13 9 -3.62278057 -1e+10 1e+10
6 13 9 -3.53623892 -1e+10 1e+10
7 13 9 -3.62278139 -1e+10 1e+10
8 13 9 -3.78898594 -1e+10 1e+10
9 13 9 -4.11221123 -1e+10 1e+10
10 13 9 -4.50468982 -1e+10 1e+10
11 13 9 -5.01185001 -1e+10 9.99999999e+09
12 13 9 -5.60598739 -1e+10 9.99999999e+09
13 13 9 -6.26398977 -1e+10 9.99999999e+09
14 13 9 -6.94846571 -1e+10 9.99999999e+09
15 13 9 -7.68089471 -1e+10 9.99999999e+09
-3 14 9 -8.31451695 -1e+10 9.99999999e+09
-2 14 9 -7.62141647 -1e+10 9.99999999e+09
-1 14 9 -6.94846571 -1e+10 9.99999999e+09
0 14 9 -6.33176501 -1e+10 9.99999999e+09
1 14 9 -5.78740532 -1e+10 9.99999999e+09
2 14 9 -5.33982128 -1e+10 9.99999999e+09
3 14 9 -4.98508573 -1e+10 1e+10
4 14 9 -4.69959923 -1e+10 1e+10
5 14 9 -4.55167322 -1e+10 1e+10
6 14 9 -4.47132498 -1e+10 1e+10
7 14 9 -4.55167322 -1e+10 1e+10
8 14 9 -4.69960264 -1e+10 1e+10
9 14 9 -4.98508573 -1e+10 1e+10
10 14 9 -5.33982128 -1e+10 9.99999999e+09
11 14 9 -5.78740532 -1e+10 9.99999999e+09
12 14 9 -6.33176501 -1e+10 9.99999999e+09
13 14 9 -6.94846571 -1e+10 9.99999999e+09
14 14 9 -7.62141647 -1e+10 9.99999999e+09
15 14 9 -8.31451695 -1e+10 9.99999999e+09
-3 15 9 -8.99402891 -1e+10 9.99999999e+09
-2 15 9 -8.31451695 -1e+10 9.99999999e+09
-1 15 9 -7.68089471 -1e+10 9.99999999e+09
0 15 9 -7.10761213 -1e+10 9.99999999e+09
1 15 9 -6.60940777 -1e+10 9.99999999e+09
2 15 9 -6.20917976 -1e+10 9.99999999e+09
3 15 9 -5.87514423 -1e+10 9.99999999e+09
4 15 9 -5.62114643 -1e+10 9.99999999e+09
5 15 9 -5.48441512 -1e+10 9.99999999e+09
6 15 9 -5.40874813 -1e+10 9.99999999e+09
7 15 9 -5.48438672 -1e+10 9.99999999e+09
8 15 9 -5.62114643 -1e+10 9.99999999e+09
9 15 9 -5.87517136 -1e+10 9.99999999e+09
10 15 9 -6.20917976 -1e+10 9.99999999e+09
11 15 9 -6.60940777 -1e+10 9.99999999e+09
12 15 9 -7.10761213 -1e+10 9.99999999e+09
13 15 9 -7.68089471 -1e+10 9.99999999e+09
14 15 9 -8.31451695 -1e+10 9.99999999e+09
15 15 9 -8.99402891 -1e+10 9.99999999e+09
-3 -3 10 -9.26333687 -1e+10 9.99999999e+09
-2 -3 10 -8.60282287 -1e+10 9.99999999e+09
-1 -3 10 -7.9897796 -1e+10 9.99999999e+09
0 -3 10 -7.43225234 -1e+10 9.99999999e+09
1 -3 10 -6.95014993 -1e+10 9.99999999e+09
2 -3 10 -6.55491397 -1e+10 9.99999999e+09
3 -3 10 -6.20917976 -1e+10 9.99999999e+09
4 -3 10 -5.96515594 -1e+10 9.99999999e+09
5 -3 10 -5.83305147 -1e+10 9.99999999e+09
6 -3 10 -5.76236236 -1e+10 9.99999999e+09
7 -3 10 -5.83306756 -1e+10 9.99999999e+09
8 -3 10 -5.96515594 -1e+10 9.99999999e+09
9 -3 10 -6.20917976 -1e+10 9.99999999e+09
10 -3 10 -6.55491397 -1e+10 9.99999999e+09
11 -3 10 -6.95014993 -1e+10 9.99999999e+09
12 -3 10 -7.43225234 -1e+10 9.99999999e+09
13 -3 10 -7.9897796 -1e+10 9.99999999e+09
14 -3 10 -8.60282287 -1e+10 9.99999999e+09
15 -3 10 -9.26333687 -1e+10 9.99999999e+09
-3 -2 10 -8.60282287 -1e+10 9.99999999e+09
-2 -2 10 -7.93341573 -1e+10 9.99999999e+09
-1 -2 10 -7.28385578 -1e+10 9.99999999e+09
0 -2 10 -6.68218153 -1e+10 9.99999999e+09
1 -2 10 -6.15084042 -1e+10 9.99999999e+09
2 -2 10 -5.71494204 -1e+10 9.99999999e+09
3 -2 10 -5.33982128 -1e+10 9.99999999e+09
4 -2 10 -5.06075008 -1e+10 9.99999999e+09
5 -2 10 -4.91839649 -1e+10 1e+10
6 -2 10 -4.84192311 -1e+10 1e+10
7 -2 10 -4.91839649 -1e+10 1e+10
8 -2 10 -5.06075008 -1e+10 9.99999999e+09
9 -2 10 -5.33982128 -1e+10 9.99999999e+09
10 -2 10 -5.71494204 -1e+10 9.99999999e+09
11 -2 10 -6.15084042 -1e+10 9.99999999e+09
12 -2 10 -6.68218153 -1e+10 9.99999999e+09
13 -2 10 -7.28385578 -1e+10 9.99999999e+09
14 -2 10 -7.93341573 -1e+10 9.99999999e+09
15 -2 10 -8.60282287 -1e+10 9.99999999e+09
-3 -1 10 -7.9897796 -1e+10 9.99999999e+09
-2 -1 10 -7.28385578 -1e+10 9.99999999e+09
-1 -1 10 -6.61870633 -1e+10 9.99999999e+09
0 -1 10 -5.98086352 -1e+10 9.99999999e+09
1 -1 10 -5.39477018 -1e+10 9.99999999e+09
2 -1 10 -4.90709234 -1e+10 1e+10
3 -1 10 -4.50468982 -1e+10 1e+10
4 -1 10 -4.18973577 -1e+10 1e+10
5 -1 10 -4.03118383 -1e+10 1e+10
6 -1 10 -3.94916085 -1e+10 1e+10
7 -1 10 -4.03118383 -1e+10 1e+10
8 -1 10 -4.18973577 -1e+10 1e+10
9 -1 10 -4.50468982 -1e+10 1e+10
10 -1 10 -4.90639001 -1e+10 1e+10
11 -1 10 -5.39477018 -1e+10 9.99999999e+09
12 -1 10 -5.98086352 -1e+10 9.99999999e+09
13 -1 10 -6.61870633 -1e+10 9.99999999e+09
14 -1 10 -7.28385578 -1e+10 9.99999999e+09
15 -1 10 -7.9897796 -1e+10 9.99999999e+09
-3 0 10 -7.43225234 -1e+10 9.99999999e+09
-2 0 10 -6.68218153 -1e+10 9.99999999e+09
-1 0 10 -5.98086352 -1e+10 9.99999999e+09
0 0 10 -5.3169224 -1e+10 9.99999999e+09
1 0 10 -4.69507047 -1e+10 1e+10
2 0 10 -4.14881436 -4.1442908 -0.00452355471
3 0 10 -3.71369047 -3.71319714 -0.000493328298
4 0 10 -3.36611783 -3.3634051 -0.00271272589
5 0 10 -3.188239 -3.18780478 -0.00043421504
6 0 10 -3.10062731 -3.09364541 -0.00698189906
7 0 10 -3.188239 -3.18780478 -0.00043421504
8 0 10 -3.36611783 -3.3634051 -0.00271272589
9 0 10 -3.71369047 -3.71319714 -0.000493328298
10 0 10 -4.14881436 -1e+10 1e+10
11 0 10 -4.69507047 -1e+10 1e+10
12 0 10 -5.3169224 -1e+10 9.99999999e+09
13 0 10 -5.98086352 -1e+10 9.99999999e+09
14 0 10 -6.68218153 -1e+10 9.99999999e+09
15 0 10 -7.43225234 -1e+10 9.99999999e+09
-3 1 10 -6.95014993 -1e+10 9.99999999e+09
-2 1 10 -6.15084042 -1e+10 9.99999999e+09
-1 1 10 -5.39477018 -1e+10 9.99999999e+09
0 1 10 -4.69507047 -1e+10 1e+10
1 1 10 -4.04649524 -4.04383535 -0.00265989581
2 1 10 -3.46584002 -3.46518916 -0.000650859458
3 1 10 -2.99456388 -2.99433824 -0.000225636198
4 1 10 -2.61163429 -2.61119908 -0.000435209175
5 1 10 -2.39630038 -2.39627574 -2.46382163e-05
6 1 10 -2.30273511 -2.29475095 -0.00798416694
7 1 10 -2.39630038 -2.39627574 -2.46382163e-05
8 1 10 -2.61163429 -2.61119908 -0.000435209175
9 1 10 -2.99456388 -2.99433824 -0.000225636198
10 1 10 -3.46596613 -3.46518916 -0.00077697755
11 1 10 -4.04649524 -1e+10 1e+10
12 1 10 -4.69507047 -1e+10 1e+10
13 1 10 -5.39477018 -1e+10 9.99999999e+09
14 1 10 -6.15084042 -1e+10 9.99999999e+09
15 1 10 -6.95014993 -1e+10 9.99999999e+09
-3 2 10 -6.55491397 -1e+10 9.99999999e+09
-2 2 10 -5.71494204 -1e+10 9.99999999e+09
-1 2 10 -4.90639001 -1e+10 1e+10
0 2 10 -4.14881436 -4.1442908 -0.00452355471
1 2 10 -3.46596613 -3.46518916 -0.00077697755
2 2 10 -2.85331351 -2.85243375 -0.000879768274
3 2 10 -2.32935027 -2.32631413 -0.00303613976
4 2 10 -1.93602628 -1.93590797 -0.000118311314
5 2 10 -1.6778487 -1.6778408 -7.89287206e-06
6 2 10 -1.57608576 -1.56900674 -0.00707901165
7 2 10 -1.6778487 -1.6778408 -7.89287206e-06
8 2 10 -1.93603499 -1.93590797 -0.000127016919
9 2 10 -2.32935027 -2.32631413 -0.00303613976
10 2 10 -2.85331351 -2.85243375 -0.000879768274
11 2 10 -3.46578003 -3.48929022 0.0235101935
12 2 10 -4.14881436 -1e+10 1e+10
13 2 10 -4.90710544 -1e+10 1e+10
14 2 10 -5.71494204 -1e+10 9.99999999e+09
15 2 10 -6.55491397 -1e+10 9.99999999e+09
-3 3 10 -6.20917976 -1e+10 9.99999999e+09
-2 3 10 -5.33982128 -1e+10 9.99999999e+09
-1 3 10 -4.50468982 -1e+10 1e+10
0 3 10 -3.71369047 -3.71319714 -0.000493328298
1 3 10 -2.99456388 -2.99433824 -0.000225636198
2 3 10 -2.32935027 -2.32631413 -0.00303613976
3 3 10 -1.74026435 -1.74019337 -7.09817218e-05
4 3 10 -1.30056172 -1.29997905 -0.000582664322
5 3 10 -1.0001001 -0.999245208 -0.000854892585
6 3 10 -0.894957865 -0.88782221 -0.00713565553
7 3 10 -1.00013266 -0.999245208 -0.000887449274
8 3 10 -1.30051238 -1.29997905 -0.000533325346
9 3 10 -1.74026435 -1.74019337 -7.09817218e-05
10 3 10 -2.32935027 -2.32631413 -0.00303613976
11 3 10 -2.99456388 -2.99505292 0.000489044302
12 3 10 -3.71369047 -1e+10 1e+10
13 3 10 -4.50468982 -1e+10 1e+10
14 3 10 -5.33982128 -1e+10 9.99999999e+09
15 3 10 -6.20917976 -1e+10 9.99999999e+09
-3 4 10 -5.96515594 -1e+10 9.99999999e+09
-2 4 10 -5.06075008 -1e+10 9.99999999e+09
-1 4 10 -4.18973577 -1e+10 1e+10
0 4 10 -3.36611783 -3.3634051 -0.00271272589
1 4 10 -2.61163429 -2.61119908 -0.000435209175
2 4 10 -1.93602628 -1.93590797 -0.000118311314
3 4 10 -1.30051238 -1.29997905 -0.000533325346
4 4 10 -0.816987177 -0.816919348 -6.78292732e-05
5 4 10 -0.48864354 -0.48860953 -3.40101752e-05
6 4 10 -0.377451642 -0.370005412 -0.00744622949
7 4 10 -0.48864354 -0.48860953 -3.40101752e-05
8 4 10 -0.816986502 -0.816919348 -6.71539358e-05
9 4 10 -1.30056172 -1.29997905 -0.000582664322
10 4 10 -1.93602628 -1.93590797 -0.000118311314
11 4 10 -2.61163429 -2.61119908 -0.000435209175
12 4 10 -3.36611783 -1e+10 1e+10
13 4 10 -4.18973577 -1e+10 1e+10
14 4 10 -5.06075008 -1e+10 9.99999999e+09
15 4 10 -5.96515594 -1e+10 9.99999999e+09
-3 5 10 -5.83306756 -1e+10 9.99999999e+09
-2 5 10 -4.91839649 -1e+10 1e+10
-1 5 10 -4.03118383 -1e+10 1e+10
0 5 10 -3.188239 -3.18780478 -0.00043421504
1 5 10 -2.39630038 -2.39627574 -2.46382163e-05
2 5 10 -1.6778487 -1.6778408 -7.89287206e-06
3 5 10 -1.00013266 -0.999245208 -0.000887449274
4 5 10 -0.48864354 -0.48860953 -3.40101752e-05
5 5 10 -0.161969508 -0.155363861 -0.00660564654
6 5 10 -0.0309366742 -0.0197315844 -0.0112050898
7 5 10 -0.161969508 -0.155363861 -0.00660564654
8 5 10 -0.48864354 -0.48860953 -3.40101752e-05
9 5 10 -1.0001001 -0.999245208 -0.000854892585
10 5 10 -1.6778487 -1.6778408 -7.89287206e-06
11 5 10 -2.39630038 -2.39627574 -2.46382163e-05
12 5 10 -3.188239 -1e+10 1e+10
13 5 10 -4.03118383 -1e+10 1e+10
14 5 10 -4.91839649 -1e+10 1e+10
15 5 10 -5.83306756 -1e+10 9.99999999e+09
-3 6 10 -5.76236236 -1e+10 9.99999999e+09
-2 6 10 -4.84192311 -1e+10 1e+10
-1 6 10 -3.94916085 -1e+10 1e+10
0 6 10 -3.10062731 -3.09364541 -0.00698189906
1 6 10 -2.30273511 -2.29475095 -0.00798416694
2 6 10 -1.57608576 -1.56900674 -0.00707901165
3 6 10 -0.894957865 -0.88782221 -0.00713565553
4 6 10 -0.377451642 -0.370005412 -0.00744622949
5 6 10 -0.0309366742 -0.0197315844 -0.0112050898
6 6 10 0.126579226 0.14280407 -0.0162248445
7 6 10 -0.0309366742 -0.0197315844 -0.0112050898
8 6 10 -0.377451642 -0.370005412 -0.00744622949
9 6 10 -0.894957865 -0.88782221 -0.00713565553
10 6 10 -1.57608576 -1.56900674 -0.00707901165
11 6 10 -2.30273511 -2.29475095 -0.00798416694
12 6 10 -3.10062731 -1e+10 1e+10
13 6 10 -3.94916085 -1e+10 1e+10
14 6 10 -4.84192311 -1e+10 1e+10
15 6 10 -5.76236236 -1e+10 9.99999999e+09
-3 7 10 -5.83305147 -1e+10 9.99999999e+09
-2 7 10 -4.91839649 -1e+10 1e+10
-1 7 10 -4.03118383 -1e+10 1e+10
0 7 10 -3.188239 -3.18780478 -0.00043421504
1 7 10 -2.39630038 -2.39627574 -2.46382163e-05
2 7 10 -1.6778487 -1.6778408 -7.89287206e-06
3 7 10 -1.0001001 -0.999245208 -0.000854892585
4 7 10 -0.48864354 -0.48860953 -3.40101752e-05
5 7 10 -0.161969508 -0.155363861 -0.00660564654
6 7 10 -0.0309366742 -0.0197315844 -0.0112050898
7 7 10 -0.161969508 -0.155363861 -0.00660564654
8 7 10 -0.48864354 -0.48860953 -3.40101752e-05
9 7 10 -1.00013266 -0.999245208 -0.000887449274
10 7 10 -1.6778487 -1.6778408 -7.89287206e-06
11 7 10 -2.39630038 -2.39627574 -2.46382163e-05
12 7 10 -3.188239 -1e+10 1e+10
13 7 10 -4.03118383 -1e+10 1e+10
14 7 10 -4.91839649 -1e+10 1e+10
15 7 10 -5.83305147 -1e+10 9.99999999e+09
-3 8 10 -5.96515594 -1e+10 9.99999999e+09
-2 8 10 -5.06075008 -1e+10 9.99999999e+09
-1 8 10 -4.18973577 -1e+10 1e+10
0 8 10 -3.36611783 -3.3634051 -0.00271272589
1 8 10 -2.61163429 -2.61119908 -0.000435209175
2 8 10 -1.93602628 -1.93590797 -0.000118311314
3 8 10 -1.30056172 -1.29997905 -0.000582664322
4 8 10 -0.816986502 -0.816919348 -6.71539358e-05
5 8 10 -0.48864354 -0.48860953 -3.40101752e-05
6 8 10 -0.377451642 -0.370005412 -0.00744622949
7 8 10 -0.48864354 -0.48860953 -3.40101752e-05
8 8 10 -0.816987177 -0.816919348 -6.78292732e-05
9 8 10 -1.30051238 -1.29997905 -0.000533325346
10 8 10 -1.93603499 -1.93590797 -0.000127016919
11 8 10 -2.61163429 -2.61119908 -0.000435209175
12 8 10 -3.36611783 -1e+10 1e+10
13 8 10 -4.18973577 -1e+10 1e+10
14 8 10 -5.06075008 -1e+10 9.99999999e+09
15 8 10 -5.96515594 -1e+10 9.99999999e+09
-3 9 10 -6.20917976 -1e+10 9.99999999e+09
-2 9 10 -5.33982128 -1e+10 9.99999999e+09
-1 9 10 -4.50468982 -1e+10 1e+10
0 9 10 -3.71369047 -3.71319714 -0.000493328298
1 9 10 -2.99456388 -2.99433824 -0.000225636198
2 9 10 -2.32935027 -2.32631413 -0.00303613976
3 9 10 -1.74026435 -1.74019337 -7.09817218e-05
4 9 10 -1.30051238 -1.29997905 -0.000533325346
5 9 10 -1.00013266 -0.999245208 -0.000887449274
6 9 10 -0.894957865 -0.88782221 -0.00713565553
7 9 10 -1.0001001 -0.999245208 -0.000854892585
8 9 10 -1.30056172 -1.29997905 -0.000582664322
9 9 10 -1.74026435 -1.74019337 -7.09817218e-05
10 9 10 -2.32935027 -2.32631413 -0.00303613976
11 9 10 -2.99456388 -2.99505292 0.000489044302
12 9 10 -3.71369047 -1e+10 1e+10
13 9 10 -4.50468982 -1e+10 1e+10
14 9 10 -5.33982128 -1e+10 9.99999999e+09
15 9 10 -6.20917976 -1e+10 9.99999999e+09
-3 10 10 -6.55491397 -1e+10 9.99999999e+09
-2 10 10 -5.71494204 -1e+10 9.99999999e+09
-1 10 10 -4.90709234 -1e+10 1e+10
0 10 10 -4.14881436 -1e+10 1e+10
1 10 10 -3.46584002 -3.46518916 -0.000650859458
2 10 10 -2.85331351 -2.85243375 -0.000879768274
3 10 10 -2.32935027 -2.32631413 -0.00303613976
4 10 10 -1.93602628 -1.93590797 -0.000118311314
5 10 10 -1.6778487 -1.6778408 -7.89287206e-06
6 10 10 -1.57608576 -1.56900674 -0.00707901165
7 10 10 -1.6778487 -1.6778408 -7.89287206e-06
8 10 10 -1.93602628 -1.93590797 -0.000118311314
9 10 10 -2.32935027 -2.32631413 -0.00303613976
10 10 10 -2.85331351 -2.85243375 -0.000879768274
11 10 10 -3.46584002 -1e+10 1e+10
12 10 10 -4.14881436 -1e+10 1e+10
13 10 10 -4.90709234 -1e+10 1e+10
14 10 10 -5.71494204 -1e+10 9.99999999e+09
15 10 10 -6.55491397 -1e+10 9.99999999e+09
-3 11 10 -6.95014993 -1e+10 9.99999999e+09
-2 11 10 -6.15084042 -1e+10 9.99999999e+09
-1 11 10 -5.39477018 -1e+10 9.99999999e+09
0 11 10 -4.69507047 -1e+10 1e+10
1 11 10 -4.04649524 -1e+10 1e+10
2 11 10 -3.46596613 -3.48929022 0.023324089
3 11 10 -2.99456388 -2.99505292 0.000489044302
4 11 10 -2.61163429 -2.61119908 -0.000435209175
5 11 10 -2.39630038 -2.39627574 -2.46382163e-05
6 11 10 -2.30273511 -2.29475095 -0.00798416694
7 11 10 -2.39630038 -2.39627574 -2.46382163e-05
8 11 10 -2.61163429 -2.61119908 -0.000435209175
9 11 10 -2.99456388 -2.99505292 0.000489044302
10 11 10 -3.46578003 -1e+10 1e+10
11 11 10 -4.04649524 -1e+10 1e+10
12 11 10 -4.69507047 -1e+10 1e+10
13 11 10 -5.39477018 -1e+10 9.99999999e+09
14 11 10 -6.15084042 -1e+10 9.99999999e+09
15 11 10 -6.95014993 -1e+10 9.99999999e+09
-3 12 10 -7.43225234 -1e+10 9.99999999e+09
-2 12 10 -6.68218153 -1e+10 9.99999999e+09
-1 12 10 -5.98086352 -1e+10 9.99999999e+09
0 12 10 -5.3169224 -1e+10 9.99999999e+09
1 12 10 -4.69507047 -1e+10 1e+10
2 12 10 -4.14881436 -1e+10 1e+10
3 12 10 -3.71369047 -1e+10 1e+10
4 12 10 -3.36611783 -1e+10 1e+10
5 12 10 -3.188239 -1e+10 1e+10
6 12 10 -3.10062731 -1e+10 1e+10
7 12 10 -3.188239 -1e+10 1e+10
8 12 10 -3.36611783 -1e+10 1e+10
9 12 10 -3.71369047 -1e+10 1e+10
10 12 10 -4.14881436 -1e+10 1e+10
11 12 10 -4.69507047 -1e+10 1e+10
12 12 10 -5.3169224 -1e+10 9.99999999e+09
13 12 10 -5.98086352 -1e+10 9.99999999e+09
14 12 10 -6.68218153 -1e+10 9.99999999e+09
15 12 10 -7.43225234 -1e+10 9.99999999e+09
-3 13 10 -7.9897796 -1e+10 9.99999999e+09
-2 13 10 -7.28385578 -1e+10 9.99999999e+09
-1 13 10 -6.61870633 -1e+10 9.99999999e+09
0 13 10 -5.98086352 -1e+10 9.99999999e+09
1 13 10 -5.39477018 -1e+10 9.99999999e+09
2 13 10 -4.90639001 -1e+10 1e+10
3 13 10 -4.50468982 -1e+10 1e+10
4 13 10 -4.18973577 -1e+10 1e+10
5 13 10 -4.03118383 -1e+10 1e+10
6 13 10 -3.94916085 -1e+10 1e+10
7 13 10 -4.03118383 -1e+10 1e+10
8 13 10 -4.18973577 -1e+10 1e+10
9 13 10 -4.50468982 -1e+10 1e+10
10 13 10 -4.90710544 -1e+10 1e+10
11 13 10 -5.39477018 -1e+10 9.99999999e+09
12 13 10 -5.98086352 -1e+10 9.99999999e+09
13 13 10 -6.61870633 -1e+10 9.99999999e+09
14 13 10 -7.28385578 -1e+10 9.99999999e+09
15 13 10 -7.9897796 -1e+10 9.99999999e+09
-3 14 10 -8.60282287 -1e+10 9.99999999e+09
-2 14 10 -7.93341573 -1e+10 9.99999999e+09
-1 14 10 -7.28385578 -1e+10 9.99999999e+09
0 14 10 -6.68218153 -1e+10 9.99999999e+09
1 14 10 -6.15084042 -1e+10 9.99999999e+09
2 14 10 -5.71494204 -1e+10 9.99999999e+09
3 14 10 -5.33982128 -1e+10 9.99999999e+09
4 14 10 -5.06075008 -1e+10 9.99999999e+09
5 14 10 -4.91839649 -1e+10 1e+10
6 14 10 -4.84192311 -1e+10 1e+10
7 14 10 -4.91839649 -1e+10 1e+10
8 14 10 -5.06075008 -1e+10 9.99999999e+09
9 14 10 -5.33982128 -1e+10 9.99999999e+09
10 14 10 -5.71494204 -1e+10 9.99999999e+09
11 14 10 -6.15084042 -1e+10 9.99999999e+09
12 14 10 -6.68218153 -1e+10 9.99999999e+09
13 14 10 -7.28385578 -1e+10 9.99999999e+09
14 14 10 -7.93341573 -1e+10 9.99999999e+09
15 14 10 -8.60282287 -1e+10 9.99999999e+09
-3 15 10 -9.26333687 -1e+10 9.99999999e+09
-2 15 10 -8.60282287 -1e+10 9.99999999e+09
-1 15 10 -7.9897796 -1e+10 9.99999999e+09
0 15 10 -7.43225234 -1e+10 9.99999999e+09
1 15 10 -6.95014993 -1e+10 9.99999999e+09
2 15 10 -6.55491397 -1e+10 9.99999999e+09
3 15 10 -6.20917976 -1e+10 9.99999999e+09
4 15 10 -5.96515594 -1e+10 9.99999999e+09
5 15 10 -5.83305147 -1e+10 9.99999999e+09
6 15 10 -5.76236236 -1e+10 9.99999999e+09
7 15 10 -5.83306756 -1e+10 9.99999999e+09
8 15 10 -5.96515594 -1e+10 9.99999999e+09
9 15 10 -6.20917976 -1e+10 9.99999999e+09
10 15 10 -6.55491397 -1e+10 9.99999999e+09
11 15 10 -6.95014993 -1e+10 9.99999999e+09
12 15 10 -7.43225234 -1e+10 9.99999999e+09
13 15 10 -7.9897796 -1e+10 9.99999999e+09
14 15 10 -8.60282287 -1e+10 9.99999999e+09
15 15 10 -9.26333687 -1e+10 9.99999999e+09
-3 -3 11 -9.61532053 -1e+10 9.99999999e+09
-2 -3 11 -8.97237976 -1e+10 9.99999999e+09
-1 -3 11 -8.36726609 -1e+10 9.99999999e+09
0 -3 11 -7.82133502 -1e+10 9.99999999e+09
1 -3 11 -7.35417535 -1e+10 9.99999999e+09
2 -3 11 -6.95014993 -1e+10 9.99999999e+09
3 -3 11 -6.60940777 -1e+10 9.99999999e+09
4 -3 11 -6.3781993 -1e+10 9.99999999e+09
5 -3 11 -6.25033827 -1e+10 9.99999999e+09
6 -3 11 -6.183505 -1e+10 9.99999999e+09
7 -3 11 -6.25033827 -1e+10 9.99999999e+09
8 -3 11 -6.3781993 -1e+10 9.99999999e+09
9 -3 11 -6.60940777 -1e+10 9.99999999e+09
10 -3 11 -6.95014993 -1e+10 9.99999999e+09
11 -3 11 -7.3541052 -1e+10 9.99999999e+09
12 -3 11 -7.82133502 -1e+10 9.99999999e+09
13 -3 11 -8.36726609 -1e+10 9.99999999e+09
14 -3 11 -8.97238005 -1e+10 9.99999999e+09
15 -3 11 -9.61532053 -1e+10 9.99999999e+09
-3 -2 11 -8.97238005 -1e+10 9.99999999e+09
-2 -2 11 -8.31000279 -1e+10 9.99999999e+09
-1 -2 11 -7.67783895 -1e+10 9.99999999e+09
0 -2 11 -7.09003664 -1e+10 9.99999999e+09
1 -2 11 -6.57755672 -1e+10 9.99999999e+09
2 -2 11 -6.15084042 -1e+10 9.99999999e+09
3 -2 11 -5.78740532 -1e+10 9.99999999e+09
4 -2 11 -5.52801252 -1e+10 9.99999999e+09
5 -2 11 -5.39441674 -1e+10 9.99999999e+09
6 -2 11 -5.32214553 -1e+10 9.99999999e+09
7 -2 11 -5.39435374 -1e+10 9.99999999e+09
8 -2 11 -5.52801252 -1e+10 9.99999999e+09
9 -2 11 -5.78740532 -1e+10 9.99999999e+09
10 -2 11 -6.15084042 -1e+10 9.99999999e+09
11 -2 11 -6.57755672 -1e+10 9.99999999e+09
12 -2 11 -7.09003664 -1e+10 9.99999999e+09
13 -2 11 -7.67783895 -1e+10 9.99999999e+09
14 -2 11 -8.31000279 -1e+10 9.99999999e+09
15 -2 11 -8.97237976 -1e+10 9.99999999e+09
-3 -1 11 -8.36726609 -1e+10 9.99999999e+09
-2 -1 11 -7.67783895 -1e+10 9.99999999e+09
-1 -1 11 -7.01891152 -1e+10 9.99999999e+09
0 -1 11 -6.40805744 -1e+10 9.99999999e+09
1 -1 11 -5.85594524 -1e+10 9.99999999e+09
2 -1 11 -5.39477018 -1e+10 9.99999999e+09
3 -1 11 -5.01185001 -1e+10 9.99999999e+09
4 -1 11 -4.71912412 -1e+10 1e+10
5 -1 11 -4.57206461 -1e+10 1e+10
6 -1 11 -4.49480819 -1e+10 1e+10
7 -1 11 -4.57206461 -1e+10 1e+10
8 -1 11 -4.71912412 -1e+10 1e+10
9 -1 11 -5.01185001 -1e+10 9.99999999e+09
10 -1 11 -5.39477018 -1e+10 9.99999999e+09
11 -1 11 -5.85594524 -1e+10 9.99999999e+09
12 -1 11 -6.40832806 -1e+10 9.99999999e+09
13 -1 11 -7.01891152 -1e+10 9.99999999e+09
14 -1 11 -7.67783895 -1e+10 9.99999999e+09
15 -1 11 -8.36726609 -1e+10 9.99999999e+09
-3 0 11 -7.82133502 -1e+10 9.99999999e+09
-2 0 11 -7.09003664 -1e+10 9.99999999e+09
-1 0 11 -6.40825197 -1e+10 9.99999999e+09
0 0 11 -5.77036356 -1e+10 9.99999999e+09
1 0 11 -5.1921692 -1e+10 9.99999999e+09
2 0 11 -4.69507047 -1e+10 1e+10
3 0 11 -4.28952983 -1e+10 1e+10
4 0 11 -3.96085079 -1e+10 1e+10
5 0 11 -3.796531 -1e+10 1e+10
6 0 11 -3.71182561 -1e+10 1e+10
7 0 11 -3.79651754 -1e+10 1e+10
8 0 11 -3.96085079 -1e+10 1e+10
9 0 11 -4.28952983 -1e+10 1e+10
10 0 11 -4.69507047 -1e+10 1e+10
11 0 11 -5.1921692 -1e+10 9.99999999e+09
12 0 11 -5.77036356 -1e+10 9.99999999e+09
13 0 11 -6.40805744 -1e+10 9.99999999e+09
14 0 11 -7.09003664 -1e+10 9.99999999e+09
15 0 11 -7.82133502 -1e+10 9.99999999e+09
-3 1 11 -7.3541052 -1e+10 9.99999999e+09
-2 1 11 -6.57755672 -1e+10 9.99999999e+09
-1 1 11 -5.85594524 -1e+10 9.99999999e+09
0 1 11 -5.1921692 -1e+10 9.99999999e+09
1 1 11 -4.58536432 -1e+10 1e+10
2 1 11 -4.04649524 -4.14037957 0.0938843293
3 1 11 -3.62312695 -3.66132081 0.038193861
4 1 11 -3.26584227 -3.27359845 0.00775618618
5 1 11 -3.08118514 -3.08838353 0.00719839163
6 1 11 -2.99029932 -2.98617286 -0.00412646268
7 1 11 -3.08118514 -3.08838353 0.00719839163
8 1 11 -3.26584227 -3.27359845 0.00775618618
9 1 11 -3.62311275 -3.66132081 0.0382080678
10 1 11 -4.04649524 -1e+10 1e+10
11 1 11 -4.58536432 -1e+10 1e+10
12 1 11 -5.1921692 -1e+10 9.99999999e+09
13 1 11 -5.85594524 -1e+10 9.99999999e+09
14 1 11 -6.57755672 -1e+10 9.99999999e+09
15 1 11 -7.35418628 -1e+10 9.99999999e+09
-3 2 11 -6.95014993 -1e+10 9.99999999e+09
-2 2 11 -6.15084042 -1e+10 9.99999999e+09
-1 2 11 -5.39477018 -1e+10 9.99999999e+09
0 2 11 -4.69507047 -1e+10 1e+10
1 2 11 -4.04649524 -4.14037957 0.0938843293
2 2 11 -3.46578003 -3.48916258 0.0233825519
3 2 11 -2.99456388 -2.99505292 0.000489044302
4 2 11 -2.61163429 -2.61119908 -0.000435209174
5 2 11 -2.39630038 -2.39627574 -2.46382163e-05
6 2 11 -2.30273511 -2.29475095 -0.00798416694
7 2 11 -2.39630038 -2.39627574 -2.46382163e-05
8 2 11 -2.61163429 -2.61119908 -0.000435209174
9 2 11 -2.99456388 -2.99505292 0.000489044302
10 2 11 -3.46584002 -3.48929022 0.0234502071
11 2 11 -4.04649524 -1e+10 1e+10
12 2 11 -4.69507047 -1e+10 1e+10
13 2 11 -5.39477018 -1e+10 9.99999999e+09
14 2 11 -6.15084042 -1e+10 9.99999999e+09
15 2 11 -6.95014993 -1e+10 9.99999999e+09
-3 3 11 -6.60940777 -1e+10 9.99999999e+09
-2 3 11 -5.78740532 -1e+10 9.99999999e+09
-1 3 11 -5.01185001 -1e+10 9.99999999e+09
0 3 11 -4.28952983 -1e+10 1e+10
1 3 11 -3.62312695 -3.66132081 0.038193861
2 3 11 -2.99456388 -2.99505292 0.000489044302
3 3 11 -2.4612093 -2.46063981 -0.000569495798
4 3 11 -2.06004379 -2.05684303 -0.00320076448
5 3 11 -1.81498965 -1.81496953 -2.01156181e-05
6 3 11 -1.7188053 -1.71118882 -0.00761647536
7 3 11 -1.81498965 -1.81496953 -2.01156181e-05
8 3 11 -2.06004379 -2.05684303 -0.00320076448
9 3 11 -2.46101839 -2.46063981 -0.000378580374
10 3 11 -2.99456388 -2.99505292 0.000489044302
11 3 11 -3.62312695 -1e+10 1e+10
12 3 11 -4.28952983 -1e+10 1e+10
13 3 11 -5.01185001 -1e+10 9.99999999e+09
14 3 11 -5.78740532 -1e+10 9.99999999e+09
15 3 11 -6.60940777 -1e+10 9.99999999e+09
-3 4 11 -6.3781993 -1e+10 9.99999999e+09
-2 4 11 -5.52801252 -1e+10 9.99999999e+09
-1 4 11 -4.71912412 -1e+10 1e+10
0 4 11 -3.96085079 -1e+10 1e+10
1 4 11 -3.26584227 -3.27359845 0.00775618618
2 4 11 -2.61163429 -2.61119908 -0.000435209174
3 4 11 -2.06004379 -2.05684303 -0.00320076448
4 4 11 -1.67367852 -1.67359108 -8.7443663e-05
5 4 11 -1.41449877 -1.41447674 -2.20346695e-05
6 4 11 -1.3113284 -1.30384658 -0.00748181316
7 4 11 -1.41449246 -1.41447674 -1.57228112e-05
8 4 11 -1.67367852 -1.67359108 -8.7443663e-05
9 4 11 -2.06004379 -2.05684303 -0.00320076448
10 4 11 -2.61163429 -2.61119908 -0.000435209175
11 4 11 -3.26584227 -1e+10 1e+10
12 4 11 -3.96085079 -1e+10 1e+10
13 4 11 -4.71912412 -1e+10 1e+10
14 4 11 -5.52801252 -1e+10 9.99999999e+09
15 4 11 -6.3781993 -1e+10 9.99999999e+09
-3 5 11 -6.25033827 -1e+10 9.99999999e+09
-2 5 11 -5.39435374 -1e+10 9.99999999e+09
-1 5 11 -4.57206461 -1e+10 1e+10
0 5 11 -3.79651754 -1e+10 1e+10
1 5 11 -3.08118514 -3.08838353 0.00719839163
2 5 11 -2.39630038 -2.39627574 -2.46382163e-05
3 5 11 -1.81498965 -1.81496953 -2.01156181e-05
4 5 11 -1.41449246 -1.41447674 -1.57228112e-05
5 5 11 -1.13725131 -1.13729244 4.11270836e-05
6 5 11 -1.01174272 -1.00827043 -0.00347228526
7 5 11 -1.13727625 -1.13729244 1.61842648e-05
8 5 11 -1.41449877 -1.41447674 -2.20346695e-05
9 5 11 -1.81498965 -1.81496953 -2.01156181e-05
10 5 11 -2.39630038 -2.39627574 -2.46382163e-05
11 5 11 -3.08118514 -1e+10 1e+10
12 5 11 -3.796531 -1e+10 1e+10
13 5 11 -4.57206461 -1e+10 1e+10
14 5 11 -5.39441674 -1e+10 9.99999999e+09
15 5 11 -6.25033827 -1e+10 9.99999999e+09
-3 6 11 -6.183505 -1e+10 9.99999999e+09
-2 6 11 -5.32214553 -1e+10 9.99999999e+09
-1 6 11 -4.49480819 -1e+10 1e+10
0 6 11 -3.71182561 -1e+10 1e+10
1 6 11 -2.99029932 -2.98617286 -0.00412646268
2 6 11 -2.30273511 -2.29475095 -0.00798416694
3 6 11 -1.7188053 -1.71118882 -0.00761647536
4 6 11 -1.3113284 -1.30384658 -0.00748181316
5 6 11 -1.01174272 -1.00827043 -0.00347228526
6 6 11 -0.873420774 -0.853752178 -0.0196685964
7 6 11 -1.01174272 -1.00827043 -0.00347228526
8 6 11 -1.3113284 -1.30384658 -0.00748181316
9 6 11 -1.7188053 -1.71118882 -0.00761647536
10 6 11 -2.30273511 -2.29475095 -0.00798416694
11 6 11 -2.99029932 -1e+10 1e+10
12 6 11 -3.71182561 -1e+10 1e+10
13 6 11 -4.49480819 -1e+10 1e+10
14 6 11 -5.32214553 -1e+10 9.99999999e+09
15 6 11 -6.183505 -1e+10 9.99999999e+09
-3 7 11 -6.25033827 -1e+10 9.99999999e+09
-2 7 11 -5.39441674 -1e+10 9.99999999e+09
-1 7 11 -4.57206461 -1e+10 1e+10
0 7 11 -3.796531 -1e+10 1e+10
1 7 11 -3.08118514 -3.08838353 0.00719839163
2 7 11 -2.39630038 -2.39627574 -2.46382163e-05
3 7 11 -1.81498965 -1.81496953 -2.01156181e-05
4 7 11 -1.41449877 -1.41447674 -2.20346695e-05
5 7 11 -1.13727625 -1.13729244 1.61842648e-05
6 7 11 -1.01174272 -1.00827043 -0.00347228526
7 7 11 -1.13725131 -1.13729244 4.11270836e-05
8 7 11 -1.41449246 -1.41447674 -1.57228112e-05
9 7 11 -1.81498965 -1.81496953 -2.01156181e-05
10 7 11 -2.39630038 -2.39627574 -2.46382163e-05
11 7 11 -3.08118514 -1e+10 1e+10
12 7 11 -3.79651754 -1e+10 1e+10
13 7 11 -4.57206461 -1e+10 1e+10
14 7 11 -5.39435374 -1e+10 9.99999999e+09
15 7 11 -6.25033827 -1e+10 9.99999999e+09
-3 8 11 -6.3781993 -1e+10 9.99999999e+09
-2 8 11 -5.52801252 -1e+10 9.99999999e+09
-1 8 11 -4.71912412 -1e+10 1e+10
0 8 11 -3.96085079 -1e+10 1e+10
1 8 11 -3.26584227 -3.27359845 0.00775618618
2 8 11 -2.61163429 -2.61119908 -0.000435209174
3 8 11 -2.06004379 -2.05684303 -0.00320076448
4 8 11 -1.67367852 -1.67359108 -8.7443663e-05
5 8 11 -1.41449246 -1.41447674 -1.57228112e-05
6 8 11 -1.3113284 -1.30384658 -0.00748181316
7 8 11 -1.41449877 -1.41447674 -2.20346695e-05
8 8 11 -1.67367852 -1.67359108 -8.7443663e-05
9 8 11 -2.06004379 -2.05684303 -0.00320076448
10 8 11 -2.61163429 -2.61119908 -0.000435209175
11 8 11 -3.26584227 -1e+10 1e+10
12 8 11 -3.96085079 -1e+10 1e+10
13 8 11 -4.71912412 -1e+10 1e+10
14 8 11 -5.52801252 -1e+10 9.99999999e+09
15 8 11 -6.3781993 -1e+10 9.99999999e+09
-3 9 11 -6.60940777 -1e+10 9.99999999e+09
-2 9 11 -5.78740532 -1e+10 9.99999999e+09
-1 9 11 -5.01185001 -1e+10 9.99999999e+09
0 9 11 -4.28952983 -1e+10 1e+10
1 9 11 -3.62312695 -3.66132081 0.038193861
2 9 11 -2.99456388 -2.99505292 0.000489044302
3 9 11 -2.4612093 -2.46063981 -0.000569495798
4 9 11 -2.06004379 -2.05684303 -0.00320076448
5 9 11 -1.81498965 -1.81496953 -2.01156181e-05
6 9 11 -1.7188053 -1.71118882 -0.00761647536
7 9 11 -1.81498965 -1.81496953 -2.01156181e-05
8 9 11 -2.06004379 -2.05684303 -0.00320076448
9 9 11 -2.4609503 -2.46063981 -0.000310495541
10 9 11 -2.99456388 -2.99505292 0.000489044302
11 9 11 -3.62311275 -1e+10 1e+10
12 9 11 -4.28952983 -1e+10 1e+10
13 9 11 -5.01185001 -1e+10 9.99999999e+09
14 9 11 -5.78740532 -1e+10 9.99999999e+09
15 9 11 -6.60940777 -1e+10 9.99999999e+09
-3 10 11 -6.95014993 -1e+10 9.99999999e+09
-2 10 11 -6.15084042 -1e+10 9.99999999e+09
-1 10 11 -5.39477018 -1e+10 9.99999999e+09
0 10 11 -4.69507047 -1e+10 1e+10
1 10 11 -4.04649524 -1e+10 1e+10
2 10 11 -3.46578003 -3.48929022 0.0235101935
3 10 11 -2.99456388 -2.99505292 0.000489044302
4 10 11 -2.61163429 -2.61119908 -0.000435209175
5 10 11 -2.39630038 -2.39627574 -2.46382163e-05
6 10 11 -2.30273511 -2.29475095 -0.00798416694
7 10 11 -2.39630038 -2.39627574 -2.46382163e-05
8 10 11 -2.61163429 -2.61119908 -0.000435209175
9 10 11 -2.99456388 -2.99505292 0.000489044302
10 10 11 -3.46596613 -1e+10 1e+10
11 10 11 -4.04649524 -1e+10 1e+10
12 10 11 -4.69507047 -1e+10 1e+10
13 10 11 -5.39477018 -1e+10 9.99999999e+09
14 10 11 -6.15084042 -1e+10 9.99999999e+09
15 10 11 -6.95014993 -1e+10 9.99999999e+09
-3 11 11 -7.35417535 -1e+10 9.99999999e+09
-2 11 11 -6.57755672 -1e+10 9.99999999e+09
-1 11 11 -5.85594524 -1e+10 9.99999999e+09
0 11 11 -5.1921692 -1e+10 9.99999999e+09
1 11 11 -4.58536432 -1e+10 1e+10
2 11 11 -4.04649524 -1e+10 1e+10
3 11 11 -3.62312695 -1e+10 1e+10
4 11 11 -3.26584227 -1e+10 1e+10
5 11 11 -3.08118514 -1e+10 1e+10
6 11 11 -2.99029932 -1e+10 1e+10
7 11 11 -3.08118514 -1e+10 1e+10
8 11 11 -3.26584227 -1e+10 1e+10
9 11 11 -3.62312695 -1e+10 1e+10
10 11 11 -4.04649524 -1e+10 1e+10
11 11 11 -4.58536432 -1e+10 1e+10
12 11 11 -5.1921692 -1e+10 9.99999999e+09
13 11 11 -5.85594524 -1e+10 9.99999999e+09
14 11 11 -6.57755672 -1e+10 9.99999999e+09
15 11 11 -7.35417535 -1e+10 9.99999999e+09
-3 12 11 -7.82133502 -1e+10 9.99999999e+09
-2 12 11 -7.09003664 -1e+10 9.99999999e+09
-1 12 11 -6.40805744 -1e+10 9.99999999e+09
0 12 11 -5.77036356 -1e+10 9.99999999e+09
1 12 11 -5.1921692 -1e+10 9.99999999e+09
2 12 11 -4.69507047 -1e+10 1e+10
3 12 11 -4.28952983 -1e+10 1e+10
4 12 11 -3.96085079 -1e+10 1e+10
5 12 11 -3.79651754 -1e+10 1e+10
6 12 11 -3.71182561 -1e+10 1e+10
7 12 11 -3.796531 -1e+10 1e+10
8 12 11 -3.96085079 -1e+10 1e+10
9 12 11 -4.28952983 -1e+10 1e+10
10 12 11 -4.69507047 -1e+10 1e+10
11 12 11 -5.1921692 -1e+10 9.99999999e+09
12 12 11 -5.77036356 -1e+10 9.99999999e+09
13 12 11 -6.40825461 -1e+10 9.99999999e+09
14 12 11 -7.09003664 -1e+10 9.99999999e+09
15 12 11 -7.82133502 -1e+10 9.99999999e+09
-3 13 11 -8.36726609 -1e+10 9.99999999e+09
-2 13 11 -7.67783895 -1e+10 9.99999999e+09
-1 13 11 -7.01891152 -1e+10 9.99999999e+09
0 13 11 -6.40825197 -1e+10 9.99999999e+09
1 13 11 -5.85594524 -1e+10 9.99999999e+09
2 13 11 -5.39477018 -1e+10 9.99999999e+09
3 13 11 -5.01185001 -1e+10 9.99999999e+09
4 13 11 -4.71912412 -1e+10 1e+10
5 13 11 -4.57206461 -1e+10 1e+10
6 13 11 -4.49480819 -1e+10 1e+10
7 13 11 -4.57206461 -1e+10 1e+10
8 13 11 -4.71912412 -1e+10 1e+10
9 13 11 -5.01185001 -1e+10 9.99999999e+09
10 13 11 -5.39477018 -1e+10 9.99999999e+09
11 13 11 -5.85594524 -1e+10 9.99999999e+09
12 13 11 -6.40817006 -1e+10 9.99999999e+09
13 13 11 -7.01891152 -1e+10 9.99999999e+09
14 13 11 -7.67783895 -1e+10 9.99999999e+09
15 13 11 -8.36726609 -1e+10 9.99999999e+09
-3 14 11 -8.97237976 -1e+10 9.99999999e+09
-2 14 11 -8.31000279 -1e+10 9.99999999e+09
-1 14 11 -7.67783895 -1e+10 9.99999999e+09
0 14 11 -7.09003664 -1e+10 9.99999999e+09
1 14 11 -6.57755672 -1e+10 9.99999999e+09
2 14 11 -6.15084042 -1e+10 9.99999999e+09
3 14 11 -5.78740532 -1e+10 9.99999999e+09
4 14 11 -5.52801252 -1e+10 9.99999999e+09
5 14 11 -5.39435374 -1e+10 9.99999999e+09
6 14 11 -5.32214553 -1e+10 9.99999999e+09
7 14 11 -5.39441674 -1e+10 9.99999999e+09
8 14 11 -5.52801252 -1e+10 9.99999999e+09
9 14 11 -5.78740532 -1e+10 9.99999999e+09
10 14 11 -6.15084042 -1e+10 9.99999999e+09
11 14 11 -6.57755672 -1e+10 9.99999999e+09
12 14 11 -7.09003664 -1e+10 9.99999999e+09
13 14 11 -7.67783895 -1e+10 9.99999999e+09
14 14 11 -8.31000279 -1e+10 9.99999999e+09
15 14 11 -8.97238005 -1e+10 9.99999999e+09
-3 15 11 -9.61532053 -1e+10 9.99999999e+09
-2 15 11 -8.97238005 -1e+10 9.99999999e+09
-1 15 11 -8.36726609 -1e+10 9.99999999e+09
0 15 11 -7.82133502 -1e+10 9.99999999e+09
1 15 11 -7.3541052 -1e+10 9.99999999e+09
2 15 11 -6.95014993 -1e+10 9.99999999e+09
3 15 11 -6.60940777 -1e+10 9.99999999e+09
4 15 11 -6.3781993 -1e+10 9.99999999e+09
5 15 11 -6.25033827 -1e+10 9.99999999e+09
6 15 11 -6.183505 -1e+10 9.99999999e+09
7 15 11 -6.25033827 -1e+10 9.99999999e+09
8 15 11 -6.3781993 -1e+10 9.99999999e+09
9 15 11 -6.60940777 -1e+10 9.99999999e+09
10 15 11 -6.95014993 -1e+10 9.99999999e+09
11 15 11 -7.35418628 -1e+10 9.99999999e+09
12 15 11 -7.82133502 -1e+10 9.99999999e+09
13 15 11 -8.36726609 -1e+10 9.99999999e+09
14 15 11 -8.97237976 -1e+10 9.99999999e+09
15 15 11 -9.61532053 -1e+10 9.99999999e+09
-3 -3 12 -10.0058125 -1e+10 9.99999999e+09
-2 -3 12 -9.37910763 -1e+10 9.99999999e+09
-1 -3 12 -8.79462822 -1e+10 9.99999999e+09
0 -3 12 -8.27133897 -1e+10 9.99999999e+09
1 -3 12 -7.82133502 -1e+10 9.99999999e+09
2 -3 12 -7.43225234 -1e+10 9.99999999e+09
3 -3 12 -7.10761213 -1e+10 9.99999999e+09
4 -3 12 -6.89139322 -1e+10 9.99999999e+09
5 -3 12 -6.76907149 -1e+10 9.99999999e+09
6 -3 12 -6.70609475 -1e+10 9.99999999e+09
7 -3 12 -6.76907149 -1e+10 9.99999999e+09
8 -3 12 -6.89139322 -1e+10 9.99999999e+09
9 -3 12 -7.10761213 -1e+10 9.99999999e+09
10 -3 12 -7.43225234 -1e+10 9.99999999e+09
11 -3 12 -7.82133502 -1e+10 9.99999999e+09
12 -3 12 -8.27133897 -1e+10 9.99999999e+09
13 -3 12 -8.79462822 -1e+10 9.99999999e+09
14 -3 12 -9.37910763 -1e+10 9.99999999e+09
15 -3 12 -10.0058125 -1e+10 9.99999999e+09
-3 -2 12 -9.37910763 -1e+10 9.99999999e+09
-2 -2 12 -8.73228947 -1e+10 9.99999999e+09
-1 -2 12 -8.12516358 -1e+10 9.99999999e+09
0 -2 12 -7.56945284 -1e+10 9.99999999e+09
1 -2 12 -7.09003664 -1e+10 9.99999999e+09
2 -2 12 -6.68218153 -1e+10 9.99999999e+09
3 -2 12 -6.33176501 -1e+10 9.99999999e+09
4 -2 12 -6.09175814 -1e+10 9.99999999e+09
5 -2 12 -5.96268395 -1e+10 9.99999999e+09
6 -2 12 -5.89428874 -1e+10 9.99999999e+09
7 -2 12 -5.96268395 -1e+10 9.99999999e+09
8 -2 12 -6.09175814 -1e+10 9.99999999e+09
9 -2 12 -6.33176501 -1e+10 9.99999999e+09
10 -2 12 -6.68218153 -1e+10 9.99999999e+09
11 -2 12 -7.09003664 -1e+10 9.99999999e+09
12 -2 12 -7.56945284 -1e+10 9.99999999e+09
13 -2 12 -8.12516358 -1e+10 9.99999999e+09
14 -2 12 -8.73229714 -1e+10 9.99999999e+09
15 -2 12 -9.37910763 -1e+10 9.99999999e+09
-3 -1 12 -8.79462822 -1e+10 9.99999999e+09
-2 -1 12 -8.12516358 -1e+10 9.99999999e+09
-1 -1 12 -7.49800424 -1e+10 9.99999999e+09
0 -1 12 -6.92015737 -1e+10 9.99999999e+09
1 -1 12 -6.40825461 -1e+10 9.99999999e+09
2 -1 12 -5.98086352 -1e+10 9.99999999e+09
3 -1 12 -5.60598739 -1e+10 9.99999999e+09
4 -1 12 -5.33725018 -1e+10 9.99999999e+09
5 -1 12 -5.19769368 -1e+10 9.99999999e+09
6 -1 12 -5.12332115 -1e+10 9.99999999e+09
7 -1 12 -5.19769368 -1e+10 9.99999999e+09
8 -1 12 -5.33725018 -1e+10 9.99999999e+09
9 -1 12 -5.60598739 -1e+10 9.99999999e+09
10 -1 12 -5.98086352 -1e+10 9.99999999e+09
11 -1 12 -6.40825197 -1e+10 9.99999999e+09
12 -1 12 -6.92015737 -1e+10 9.99999999e+09
13 -1 12 -7.49800424 -1e+10 9.99999999e+09
14 -1 12 -8.12516358 -1e+10 9.99999999e+09
15 -1 12 -8.79462822 -1e+10 9.99999999e+09
-3 0 12 -8.27133897 -1e+10 9.99999999e+09
-2 0 12 -7.56945284 -1e+10 9.99999999e+09
-1 0 12 -6.92015737 -1e+10 9.99999999e+09
0 0 12 -6.31741513 -1e+10 9.99999999e+09
1 0 12 -5.77036356 -1e+10 9.99999999e+09
2 0 12 -5.3169224 -1e+10 9.99999999e+09
3 0 12 -4.9345184 -1e+10 1e+10
4 0 12 -4.63513721 -1e+10 1e+10
5 0 12 -4.48479204 -1e+10 1e+10
6 0 12 -4.40451288 -1e+10 1e+10
7 0 12 -4.48479204 -1e+10 1e+10
8 0 12 -4.63513721 -1e+10 1e+10
9 0 12 -4.93457847 -1e+10 1e+10
10 0 12 -5.3169224 -1e+10 9.99999999e+09
11 0 12 -5.77036356 -1e+10 9.99999999e+09
12 0 12 -6.31741513 -1e+10 9.99999999e+09
13 0 12 -6.92015737 -1e+10 9.99999999e+09
14 0 12 -7.56945284 -1e+10 9.99999999e+09
15 0 12 -8.27133897 -1e+10 9.99999999e+09
-3 1 12 -7.82133502 -1e+10 9.99999999e+09
-2 1 12 -7.09003664 -1e+10 9.99999999e+09
-1 1 12 -6.40832806 -1e+10 9.99999999e+09
0 1 12 -5.77036356 -1e+10 9.99999999e+09
1 1 12 -5.1921692 -1e+10 9.99999999e+09
2 1 12 -4.69507047 -1e+10 1e+10
3 1 12 -4.28952983 -1e+10 1e+10
4 1 12 -3.96085079 -1e+10 1e+10
5 1 12 -3.79651754 -1e+10 1e+10
6 1 12 -3.71182561 -1e+10 1e+10
7 1 12 -3.796531 -1e+10 1e+10
8 1 12 -3.96085079 -1e+10 1e+10
9 1 12 -4.28952983 -1e+10 1e+10
10 1 12 -4.69507047 -1e+10 1e+10
11 1 12 -5.1921692 -1e+10 9.99999999e+09
12 1 12 -5.77036356 -1e+10 9.99999999e+09
13 1 12 -6.40817006 -1e+10 9.99999999e+09
14 1 12 -7.09003664 -1e+10 9.99999999e+09
15 1 12 -7.82133502 -1e+10 9.99999999e+09
-3 2 12 -7.43225234 -1e+10 9.99999999e+09
-2 2 12 -6.68218153 -1e+10 9.99999999e+09
-1 2 12 -5.98086352 -1e+10 9.99999999e+09
0 2 12 -5.3169224 -1e+10 9.99999999e+09
1 2 12 -4.69507047 -1e+10 1e+10
2 2 12 -4.14881436 -1e+10 1e+10
3 2 12 -3.71369047 -1e+10 1e+10
4 2 12 -3.36611783 -1e+10 1e+10
5 2 12 -3.188239 -1e+10 1e+10
6 2 12 -3.10062731 -1e+10 1e+10
7 2 12 -3.188239 -1e+10 1e+10
8 2 12 -3.36611783 -1e+10 1e+10
9 2 12 -3.71369047 -1e+10 1e+10
10 2 12 -4.14881436 -1e+10 1e+10
11 2 12 -4.69507047 -1e+10 1e+10
12 2 12 -5.3169224 -1e+10 9.99999999e+09
13 2 12 -5.98086352 -1e+10 9.99999999e+09
14 2 12 -6.68218153 -1e+10 9.99999999e+09
15 2 12 -7.43225234 -1e+10 9.99999999e+09
-3 3 12 -7.10761213 -1e+10 9.99999999e+09
-2 3 12 -6.33176501 -1e+10 9.99999999e+09
-1 3 12 -5.60598739 -1e+10 9.99999999e+09
0 3 12 -4.93455377 -1e+10 1e+10
1 3 12 -4.28952983 -1e+10 1e+10
2 3 12 -3.71369047 -1e+10 1e+10
3 3 12 -3.26581526 -4.1432598 0.877444538
4 3 12 -2.89997032 -3.54486895 0.644898636
5 3 12 -2.70058959 -3.09291059 0.392320999
6 3 12 -2.60701353 -2.92678935 0.319775823
7 3 12 -2.70058959 -3.09291059 0.392320999
8 3 12 -2.89997032 -3.54486895 0.644898636
9 3 12 -3.26581526 -1e+10 1e+10
10 3 12 -3.71369047 -1e+10 1e+10
11 3 12 -4.28952983 -1e+10 1e+10
12 3 12 -4.9345184 -1e+10 1e+10
13 3 12 -5.60598739 -1e+10 9.99999999e+09
14 3 12 -6.33176501 -1e+10 9.99999999e+09
15 3 12 -7.10761213 -1e+10 9.99999999e+09
-3 4 12 -6.89139322 -1e+10 9.99999999e+09
-2 4 12 -6.09175814 -1e+10 9.99999999e+09
-1 4 12 -5.33725018 -1e+10 9.99999999e+09
0 4 12 -4.63513721 -1e+10 1e+10
1 4 12 -3.96085079 -1e+10 1e+10
2 4 12 -3.36611783 -1e+10 1e+10
3 4 12 -2.89997032 -3.54486895 0.644898636
4 4 12 -2.559039 -2.98386062 0.424821613
5 4 12 -2.34749432 -2.50846784 0.160973517
6 4 12 -2.24847011 -2.30052405 0.0520539364
7 4 12 -2.34747844 -2.50846784 0.160989393
8 4 12 -2.559039 -2.98386062 0.424821613
9 4 12 -2.89997032 -1e+10 1e+10
10 4 12 -3.36611783 -1e+10 1e+10
11 4 12 -3.96085079 -1e+10 1e+10
12 4 12 -4.63513721 -1e+10 1e+10
13 4 12 -5.33725018 -1e+10 9.99999999e+09
14 4 12 -6.09175814 -1e+10 9.99999999e+09
15 4 12 -6.89139322 -1e+10 9.99999999e+09
-3 5 12 -6.76907149 -1e+10 9.99999999e+09
-2 5 12 -5.96268395 -1e+10 9.99999999e+09
-1 5 12 -5.19769368 -1e+10 9.99999999e+09
0 5 12 -4.48479204 -1e+10 1e+10
1 5 12 -3.796531 -1e+10 1e+10
2 5 12 -3.188239 -1e+10 1e+10
3 5 12 -2.70058959 -3.09291059 0.392320999
4 5 12 -2.34747844 -2.50846784 0.160989393
5 5 12 -2.11868437 -2.15412316 0.0354387954
6 5 12 -1.99944261 -1.99250119 -0.00694141441
7 5 12 -2.11871039 -2.15412316 0.0354127741
8 5 12 -2.34749432 -2.50846784 0.160973517
9 5 12 -2.70058959 -1e+10 1e+10
10 5 12 -3.188239 -1e+10 1e+10
11 5 12 -3.79651754 -1e+10 1e+10
12 5 12 -4.48479204 -1e+10 1e+10
13 5 12 -5.19769368 -1e+10 9.99999999e+09
14 5 12 -5.96268395 -1e+10 9.99999999e+09
15 5 12 -6.76907149 -1e+10 9.99999999e+09
-3 6 12 -6.70609475 -1e+10 9.99999999e+09
-2 6 12 -5.89428874 -1e+10 9.99999999e+09
-1 6 12 -5.12332115 -1e+10 9.99999999e+09
0 6 12 -4.40451288 -1e+10 1e+10
1 6 12 -3.71182561 -1e+10 1e+10
2 6 12 -3.10062731 -1e+10 1e+10
3 6 12 -2.60701353 -2.92678935 0.319775823
4 6 12 -2.24847011 -2.30052405 0.0520539364
5 6 12 -1.99944261 -1.99250119 -0.00694141441
6 6 12 -1.87342077 -1.85375218 -0.0196685964
7 6 12 -1.99944261 -1.99250119 -0.00694141441
8 6 12 -2.24847011 -2.30052405 0.0520539364
9 6 12 -2.60701353 -1e+10 1e+10
10 6 12 -3.10062731 -1e+10 1e+10
11 6 12 -3.71182561 -1e+10 1e+10
12 6 12 -4.40451288 -1e+10 1e+10
13 6 12 -5.12332115 -1e+10 9.99999999e+09
14 6 12 -5.89428874 -1e+10 9.99999999e+09
15 6 12 -6.70609475 -1e+10 9.99999999e+09
-3 7 12 -6.76907149 -1e+10 9.99999999e+09
-2 7 12 -5.96268395 -1e+10 9.99999999e+09
-1 7 12 -5.19769368 -1e+10 9.99999999e+09
0 7 12 -4.48479204 -1e+10 1e+10
1 7 12 -3.79651754 -1e+10 1e+10
2 7 12 -3.188239 -1e+10 1e+10
3 7 12 -2.70058959 -3.09291059 0.392320999
4 7 12 -2.34749432 -2.50846784 0.160973517
5 7 12 -2.11871039 -2.15412316 0.0354127741
6 7 12 -1.99944261 -1.99250119 -0.00694141441
7 7 12 -2.11868437 -2.15412316 0.0354387954
8 7 12 -2.34747844 -2.50846784 0.160989393
9 7 12 -2.70058959 -1e+10 1e+10
10 7 12 -3.188239 -1e+10 1e+10
11 7 12 -3.796531 -1e+10 1e+10
12 7 12 -4.48479204 -1e+10 1e+10
13 7 12 -5.19769368 -1e+10 9.99999999e+09
14 7 12 -5.96268395 -1e+10 9.99999999e+09
15 7 12 -6.76907149 -1e+10 9.99999999e+09
-3 8 12 -6.89139322 -1e+10 9.99999999e+09
-2 8 12 -6.09175814 -1e+10 9.99999999e+09
-1 8 12 -5.33725018 -1e+10 9.99999999e+09
0 8 12 -4.63513721 -1e+10 1e+10
1 8 12 -3.96085079 -1e+10 1e+10
2 8 12 -3.36611783 -1e+10 1e+10
3 8 12 -2.89997032 -3.54486895 0.644898636
4 8 12 -2.559039 -2.98386062 0.424821613
5 8 12 -2.34747844 -2.50846784 0.160989393
6 8 12 -2.24847011 -2.30052405 0.0520539364
7 8 12 -2.34749432 -2.50846784 0.160973517
8 8 12 -2.559039 -2.98386062 0.424821613
9 8 12 -2.89997032 -1e+10 1e+10
10 8 12 -3.36611783 -1e+10 1e+10
11 8 12 -3.96085079 -1e+10 1e+10
12 8 12 -4.63513721 -1e+10 1e+10
13 8 12 -5.33725018 -1e+10 9.99999999e+09
14 8 12 -6.09175814 -1e+10 9.99999999e+09
15 8 12 -6.89139322 -1e+10 9.99999999e+09
-3 9 12 -7.10761213 -1e+10 9.99999999e+09
-2 9 12 -6.33176501 -1e+10 9.99999999e+09
-1 9 12 -5.60598739 -1e+10 9.99999999e+09
0 9 12 -4.9345184 -1e+10 1e+10
1 9 12 -4.28952983 -1e+10 1e+10
2 9 12 -3.71369047 -1e+10 1e+10
3 9 12 -3.26581526 -1e+10 1e+10
4 9 12 -2.89997032 -1e+10 1e+10
5 9 12 -2.70058959 -1e+10 1e+10
6 9 12 -2.60701353 -1e+10 1e+10
7 9 12 -2.70058959 -1e+10 1e+10
8 9 12 -2.89997032 -1e+10 1e+10
9 9 12 -3.26581526 -1e+10 1e+10
10 9 12 -3.71369047 -1e+10 1e+10
11 9 12 -4.28952983 -1e+10 1e+10
12 9 12 -4.93457847 -1e+10 1e+10
13 9 12 -5.60598739 -1e+10 9.99999999e+09
14 9 12 -6.33176501 -1e+10 9.99999999e+09
15 9 12 -7.10761213 -1e+10 9.99999999e+09
-3 10 12 -7.43225234 -1e+10 9.99999999e+09
-2 10 12 -6.68218153 -1e+10 9.99999999e+09
-1 10 12 -5.98086352 -1e+10 9.99999999e+09
0 10 12 -5.3169224 -1e+10 9.99999999e+09
1 10 12 -4.69507047 -1e+10 1e+10
2 10 12 -4.14881436 -1e+10 1e+10
3 10 12 -3.71369047 -1e+10 1e+10
4 10 12 -3.36611783 -1e+10 1e+10
5 10 12 -3.188239 -1e+10 1e+10
6 10 12 -3.10062731 -1e+10 1e+10
7 10 12 -3.188239 -1e+10 1e+10
8 10 12 -3.36611783 -1e+10 1e+10
9 10 12 -3.71369047 -1e+10 1e+10
10 10 12 -4.14881436 -1e+10 1e+10
11 10 12 -4.69507047 -1e+10 1e+10
12 10 12 -5.3169224 -1e+10 9.99999999e+09
13 10 12 -5.98086352 -1e+10 9.99999999e+09
14 10 12 -6.68218153 -1e+10 9.99999999e+09
15 10 12 -7.43225234 -1e+10 9.99999999e+09
-3 11 12 -7.82133502 -1e+10 9.99999999e+09
-2 11 12 -7.09003664 -1e+10 9.99999999e+09
-1 11 12 -6.40825461 -1e+10 9.99999999e+09
0 11 12 -5.77036356 -1e+10 9.99999999e+09
1 11 12 -5.1921692 -1e+10 9.99999999e+09
2 11 12 -4.69507047 -1e+10 1e+10
3 11 12 -4.28952983 -1e+10 1e+10
4 11 12 -3.96085079 -1e+10 1e+10
5 11 12 -3.796531 -1e+10 1e+10
6 11 12 -3.71182561 -1e+10 1e+10
7 11 12 -3.79651754 -1e+10 1e+10
8 11 12 -3.96085079 -1e+10 1e+10
9 11 12 -4.28952983 -1e+10 1e+10
10 11 12 -4.69507047 -1e+10 1e+10
11 11 12 -5.1921692 -1e+10 9.99999999e+09
12 11 12 -5.77036356 -1e+10 9.99999999e+09
13 11 12 -6.40805744 -1e+10 9.99999999e+09
14 11 12 -7.09003664 -1e+10 9.99999999e+09
15 11 12 -7.82133502 -1e+10 9.99999999e+09
-3 12 12 -8.27133897 -1e+10 9.99999999e+09
-2 12 12 -7.56945284 -1e+10 9.99999999e+09
-1 12 12 -6.92015737 -1e+10 9.99999999e+09
0 12 12 -6.31741513 -1e+10 9.99999999e+09
1 12 12 -5.77036356 -1e+10 9.99999999e+09
2 12 12 -5.3169224 -1e+10 9.99999999e+09
3 12 12 -4.93455377 -1e+10 1e+10
4 12 12 -4.63513721 -1e+10 1e+10
5 12 12 -4.48479204 -1e+10 1e+10
6 12 12 -4.40451288 -1e+10 1e+10
7 12 12 -4.48479204 -1e+10 1e+10
8 12 12 -4.63513721 -1e+10 1e+10
9 12 12 -4.93455377 -1e+10 1e+10
10 12 12 -5.3169224 -1e+10 9.99999999e+09
11 12 12 -5.77036356 -1e+10 9.99999999e+09
12 12 12 -6.31741513 -1e+10 9.99999999e+09
13 12 12 -6.92015737 -1e+10 9.99999999e+09
14 12 12 -7.56945284 -1e+10 9.99999999e+09
15 12 12 -8.27133897 -1e+10 9.99999999e+09
-3 13 12 -8.79462822 -1e+10 9.99999999e+09
-2 13 12 -8.12516358 -1e+10 9.99999999e+09
-1 13 12 -7.49800424 -1e+10 9.99999999e+09
0 13 12 -6.92015737 -1e+10 9.99999999e+09
1 13 12 -6.40832806 -1e+10 9.99999999e+09
2 13 12 -5.98086352 -1e+10 9.99999999e+09
3 13 12 -5.60598739 -1e+10 9.99999999e+09
4 13 12 -5.33725018 -1e+10 9.99999999e+09
5 13 12 -5.19769368 -1e+10 9.99999999e+09
6 13 12 -5.12332115 -1e+10 9.99999999e+09
7 13 12 -5.19769368 -1e+10 9.99999999e+09
8 13 12 -5.33725018 -1e+10 9.99999999e+09
9 13 12 -5.60598739 -1e+10 9.99999999e+09
10 13 12 -5.98086352 -1e+10 9.99999999e+09
11 13 12 -6.40805744 -1e+10 9.99999999e+09
12 13 12 -6.92015737 -1e+10 9.99999999e+09
13 13 12 -7.49800424 -1e+10 9.99999999e+09
14 13 12 -8.12516358 -1e+10 9.99999999e+09
15 13 12 -8.79462822 -1e+10 9.99999999e+09
-3 14 12 -9.37910763 -1e+10 9.99999999e+09
-2 14 12 -8.73228947 -1e+10 9.99999999e+09
-1 14 12 -8.12516358 -1e+10 9.99999999e+09
0 14 12 -7.56945284 -1e+10 9.99999999e+09
1 14 12 -7.09003664 -1e+10 9.99999999e+09
2 14 12 -6.68218153 -1e+10 9.99999999e+09
3 14 12 -6.33176501 -1e+10 9.99999999e+09
4 14 12 -6.09175814 -1e+10 9.99999999e+09
5 14 12 -5.96268395 -1e+10 9.99999999e+09
6 14 12 -5.89428874 -1e+10 9.99999999e+09
7 14 12 -5.96268395 -1e+10 9.99999999e+09
8 14 12 -6.09175814 -1e+10 9.99999999e+09
9 14 12 -6.33176501 -1e+10 9.99999999e+09
10 14 12 -6.68218153 -1e+10 9.99999999e+09
11 14 12 -7.09003664 -1e+10 9.99999999e+09
12 14 12 -7.56945284 -1e+10 9.99999999e+09
13 14 12 -8.12516358 -1e+10 9.99999999e+09
14 14 12 -8.73229714 -1e+10 9.99999999e+09
15 14 12 -9.37910763 -1e+10 9.99999999e+09
-3 15 12 -10.0058125 -1e+10 9.99999999e+09
-2 15 12 -9.37910763 -1e+10 9.99999999e+09
-1 15 12 -8.79462822 -1e+10 9.99999999e+09
0 15 12 -8.27133897 -1e+10 9.99999999e+09
1 15 12 -7.82133502 -1e+10 9.99999999e+09
2 15 12 -7.43225234 -1e+10 9.99999999e+09
3 15 12 -7.10761213 -1e+10 9.99999999e+09
4 15 12 -6.89139322 -1e+10 9.99999999e+09
5 15 12 -6.76907149 -1e+10 9.99999999e+09
6 15 12 -6.70609475 -1e+10 9.99999999e+09
7 15 12 -6.76907149 -1e+10 9.99999999e+09
8 15 12 -6.89139322 -1e+10 9.99999999e+09
9 15 12 -7.10761213 -1e+10 9.99999999e+09
10 15 12 -7.43225234 -1e+10 9.99999999e+09
11 15 12 -7.82133502 -1e+10 9.99999999e+09
12 15 12 -8.27133897 -1e+10 9.99999999e+09
13 15 12 -8.79462822 -1e+10 9.99999999e+09
14 15 12 -9.37910763 -1e+10 9.99999999e+09
15 15 12 -10.0058125 -1e+10 9.99999999e+09
-3 -3 13 -10.4494503 -1e+10 9.99999999e+09
-2 -3 13 -9.84688301 -1e+10 9.99999999e+09
-1 -3 13 -9.28984058 -1e+10 9.99999999e+09
0 -3 13 -8.79462822 -1e+10 9.99999999e+09
1 -3 13 -8.36726609 -1e+10 9.99999999e+09
2 -3 13 -7.9897796 -1e+10 9.99999999e+09
3 -3 13 -7.68089471 -1e+10 9.99999999e+09
4 -3 13 -7.47876303 -1e+10 9.99999999e+09
5 -3 13 -7.35723556 -1e+10 9.99999999e+09
6 -3 13 -7.29807264 -1e+10 9.99999999e+09
7 -3 13 -7.35723556 -1e+10 9.99999999e+09
8 -3 13 -7.47876303 -1e+10 9.99999999e+09
9 -3 13 -7.68089471 -1e+10 9.99999999e+09
10 -3 13 -7.9897796 -1e+10 9.99999999e+09
11 -3 13 -8.36726609 -1e+10 9.99999999e+09
12 -3 13 -8.79462822 -1e+10 9.99999999e+09
13 -3 13 -9.28984058 -1e+10 9.99999999e+09
14 -3 13 -9.84688301 -1e+10 9.99999999e+09
15 -3 13 -10.4494503 -1e+10 9.99999999e+09
-3 -2 13 -9.84688301 -1e+10 9.99999999e+09
-2 -2 13 -9.22708784 -1e+10 9.99999999e+09
-1 -2 13 -8.64954218 -1e+10 9.99999999e+09
0 -2 13 -8.12516358 -1e+10 9.99999999e+09
1 -2 13 -7.67783895 -1e+10 9.99999999e+09
2 -2 13 -7.28385578 -1e+10 9.99999999e+09
3 -2 13 -6.94846571 -1e+10 9.99999999e+09
4 -2 13 -6.72692485 -1e+10 9.99999999e+09
5 -2 13 -6.6005447 -1e+10 9.99999999e+09
6 -2 13 -6.53592753 -1e+10 9.99999999e+09
7 -2 13 -6.6005447 -1e+10 9.99999999e+09
8 -2 13 -6.72692485 -1e+10 9.99999999e+09
9 -2 13 -6.94846571 -1e+10 9.99999999e+09
10 -2 13 -7.28385578 -1e+10 9.99999999e+09
11 -2 13 -7.67783895 -1e+10 9.99999999e+09
12 -2 13 -8.12516358 -1e+10 9.99999999e+09
13 -2 13 -8.64954218 -1e+10 9.99999999e+09
14 -2 13 -9.22708784 -1e+10 9.99999999e+09
15 -2 13 -9.84688301 -1e+10 9.99999999e+09
-3 -1 13 -9.28984058 -1e+10 9.99999999e+09
-2 -1 13 -8.64954218 -1e+10 9.99999999e+09
-1 -1 13 -8.04946594 -1e+10 9.99999999e+09
0 -1 13 -7.49800424 -1e+10 9.99999999e+09
1 -1 13 -7.01891152 -1e+10 9.99999999e+09
2 -1 13 -6.61870633 -1e+10 9.99999999e+09
3 -1 13 -6.26398977 -1e+10 9.99999999e+09
4 -1 13 -6.02042612 -1e+10 9.99999999e+09
5 -1 13 -5.88868143 -1e+10 9.99999999e+09
6 -1 13 -5.81872644 -1e+10 9.99999999e+09
7 -1 13 -5.88868195 -1e+10 9.99999999e+09
8 -1 13 -6.02042612 -1e+10 9.99999999e+09
9 -1 13 -6.26398977 -1e+10 9.99999999e+09
10 -1 13 -6.61870633 -1e+10 9.99999999e+09
11 -1 13 -7.01891152 -1e+10 9.99999999e+09
12 -1 13 -7.49800424 -1e+10 9.99999999e+09
13 -1 13 -8.04946594 -1e+10 9.99999999e+09
14 -1 13 -8.64954218 -1e+10 9.99999999e+09
15 -1 13 -9.28984058 -1e+10 9.99999999e+09
-3 0 13 -8.79462822 -1e+10 9.99999999e+09
-2 0 13 -8.12516358 -1e+10 9.99999999e+09
-1 0 13 -7.49800424 -1e+10 9.99999999e+09
0 0 13 -6.92015737 -1e+10 9.99999999e+09
1 0 13 -6.40817006 -1e+10 9.99999999e+09
2 0 13 -5.98086352 -1e+10 9.99999999e+09
3 0 13 -5.60598739 -1e+10 9.99999999e+09
4 0 13 -5.33725018 -1e+10 9.99999999e+09
5 0 13 -5.19769368 -1e+10 9.99999999e+09
6 0 13 -5.12332115 -1e+10 9.99999999e+09
7 0 13 -5.19769368 -1e+10 9.99999999e+09
8 0 13 -5.33725018 -1e+10 9.99999999e+09
9 0 13 -5.60598739 -1e+10 9.99999999e+09
10 0 13 -5.98086352 -1e+10 9.99999999e+09
11 0 13 -6.40805744 -1e+10 9.99999999e+09
12 0 13 -6.92015737 -1e+10 9.99999999e+09
13 0 13 -7.49800424 -1e+10 9.99999999e+09
14 0 13 -8.12516358 -1e+10 9.99999999e+09
15 0 13 -8.79462822 -1e+10 9.99999999e+09
-3 1 13 -8.36726609 -1e+10 9.99999999e+09
-2 1 13 -7.67783895 -1e+10 9.99999999e+09
-1 1 13 -7.01891152 -1e+10 9.99999999e+09
0 1 13 -6.40805744 -1e+10 9.99999999e+09
1 1 13 -5.85594524 -1e+10 9.99999999e+09
2 1 13 -5.39477018 -1e+10 9.99999999e+09
3 1 13 -5.01185001 -1e+10 9.99999999e+09
4 1 13 -4.71912412 -1e+10 1e+10
5 1 13 -4.57206461 -1e+10 1e+10
6 1 13 -4.49480819 -1e+10 1e+10
7 1 13 -4.57206461 -1e+10 1e+10
8 1 13 -4.71912412 -1e+10 1e+10
9 1 13 -5.01185001 -1e+10 9.99999999e+09
10 1 13 -5.39477018 -1e+10 9.99999999e+09
11 1 13 -5.85594524 -1e+10 9.99999999e+09
12 1 13 -6.40825461 -1e+10 9.99999999e+09
13 1 13 -7.01891152 -1e+10 9.99999999e+09
14 1 13 -7.67783895 -1e+10 9.99999999e+09
15 1 13 -8.36726609 -1e+10 9.99999999e+09
-3 2 13 -7.9897796 -1e+10 9.99999999e+09
-2 2 13 -7.28385578 -1e+10 9.99999999e+09
-1 2 13 -6.61870633 -1e+10 9.99999999e+09
0 2 13 -5.98086352 -1e+10 9.99999999e+09
1 2 13 -5.39477018 -1e+10 9.99999999e+09
2 2 13 -4.90710544 -1e+10 1e+10
3 2 13 -4.50468982 -1e+10 1e+10
4 2 13 -4.18973577 -1e+10 1e+10
5 2 13 -4.03118383 -1e+10 1e+10
6 2 13 -3.94916085 -1e+10 1e+10
7 2 13 -4.03118383 -1e+10 1e+10
8 2 13 -4.18973577 -1e+10 1e+10
9 2 13 -4.50468982 -1e+10 1e+10
10 2 13 -4.90709234 -1e+10 1e+10
11 2 13 -5.39477018 -1e+10 9.99999999e+09
12 2 13 -5.98086352 -1e+10 9.99999999e+09
13 2 13 -6.61870633 -1e+10 9.99999999e+09
14 2 13 -7.28385578 -1e+10 9.99999999e+09
15 2 13 -7.9897796 -1e+10 9.99999999e+09
-3 3 13 -7.68089471 -1e+10 9.99999999e+09
-2 3 13 -6.94846571 -1e+10 9.99999999e+09
-1 3 13 -6.26398977 -1e+10 9.99999999e+09
0 3 13 -5.60598739 -1e+10 9.99999999e+09
1 3 13 -5.01185001 -1e+10 9.99999999e+09
2 3 13 -4.50468982 -1e+10 1e+10
3 3 13 -4.11221123 -1e+10 1e+10
4 3 13 -3.78898594 -1e+10 1e+10
5 3 13 -3.62278139 -1e+10 1e+10
6 3 13 -3.53623892 -1e+10 1e+10
7 3 13 -3.62278057 -1e+10 1e+10
8 3 13 -3.78898594 -1e+10 1e+10
9 3 13 -4.11221123 -1e+10 1e+10
10 3 13 -4.50468982 -1e+10 1e+10
11 3 13 -5.01185001 -1e+10 9.99999999e+09
12 3 13 -5.60598739 -1e+10 9.99999999e+09
13 3 13 -6.26398977 -1e+10 9.99999999e+09
14 3 13 -6.94846571 -1e+10 9.99999999e+09
15 3 13 -7.68089471 -1e+10 9.99999999e+09
-3 4 13 -7.47876303 -1e+10 9.99999999e+09
-2 4 13 -6.72692485 -1e+10 9.99999999e+09
-1 4 13 -6.02042612 -1e+10 9.99999999e+09
0 4 13 -5.33725018 -1e+10 9.99999999e+09
1 4 13 -4.71912412 -1e+10 1e+10
2 4 13 -4.18973577 -1e+10 1e+10
3 4 13 -3.78898594 -1e+10 1e+10
4 4 13 -3.46398329 -1e+10 1e+10
5 4 13 -3.28703953 -1e+10 1e+10
6 4 13 -3.19065651 -1e+10 1e+10
7 4 13 -3.28703953 -1e+10 1e+10
8 4 13 -3.46398329 -1e+10 1e+10
9 4 13 -3.78898594 -1e+10 1e+10
10 4 13 -4.18973577 -1e+10 1e+10
11 4 13 -4.71912412 -1e+10 1e+10
12 4 13 -5.33725018 -1e+10 9.99999999e+09
13 4 13 -6.02042612 -1e+10 9.99999999e+09
14 4 13 -6.72692485 -1e+10 9.99999999e+09
15 4 13 -7.47876303 -1e+10 9.99999999e+09
-3 5 13 -7.35723556 -1e+10 9.99999999e+09
-2 5 13 -6.6005447 -1e+10 9.99999999e+09
-1 5 13 -5.88868143 -1e+10 9.99999999e+09
0 5 13 -5.19769368 -1e+10 9.99999999e+09
1 5 13 -4.57206461 -1e+10 1e+10
2 5 13 -4.03118383 -1e+10 1e+10
3 5 13 -3.62278139 -1e+10 1e+10
4 5 13 -3.28703953 -1e+10 1e+10
5 5 13 -3.09569724 -1e+10 1e+10
6 5 13 -2.98723041 -1e+10 1e+10
7 5 13 -3.09567732 -1e+10 1e+10
8 5 13 -3.28703953 -1e+10 1e+10
9 5 13 -3.62278057 -1e+10 1e+10
10 5 13 -4.03118383 -1e+10 1e+10
11 5 13 -4.57206461 -1e+10 1e+10
12 5 13 -5.19769368 -1e+10 9.99999999e+09
13 5 13 -5.88868143 -1e+10 9.99999999e+09
14 5 13 -6.6005447 -1e+10 9.99999999e+09
15 5 13 -7.35723556 -1e+10 9.99999999e+09
-3 6 13 -7.29807264 -1e+10 9.99999999e+09
-2 6 13 -6.53592753 -1e+10 9.99999999e+09
-1 6 13 -5.81872644 -1e+10 9.99999999e+09
0 6 13 -5.12332115 -1e+10 9.99999999e+09
1 6 13 -4.49480819 -1e+10 1e+10
2 6 13 -3.94916085 -1e+10 1e+10
3 6 13 -3.53623892 -1e+10 1e+10
4 6 13 -3.19065651 -1e+10 1e+10
5 6 13 -2.98723041 -1e+10 1e+10
6 6 13 -2.87342077 -1e+10 1e+10
7 6 13 -2.98723041 -1e+10 1e+10
8 6 13 -3.19065651 -1e+10 1e+10
9 6 13 -3.53623892 -1e+10 1e+10
10 6 13 -3.94916085 -1e+10 1e+10
11 6 13 -4.49480819 -1e+10 1e+10
12 6 13 -5.12332115 -1e+10 9.99999999e+09
13 6 13 -5.81872644 -1e+10 9.99999999e+09
14 6 13 -6.53592753 -1e+10 9.99999999e+09
15 6 13 -7.29807264 -1e+10 9.99999999e+09
-3 7 13 -7.35723556 -1e+10 9.99999999e+09
-2 7 13 -6.6005447 -1e+10 9.99999999e+09
-1 7 13 -5.88868143 -1e+10 9.99999999e+09
0 7 13 -5.19769368 -1e+10 9.99999999e+09
1 7 13 -4.57206461 -1e+10 1e+10
2 7 13 -4.03118383 -1e+10 1e+10
3 7 13 -3.62278057 -1e+10 1e+10
4 7 13 -3.28703953 -1e+10 1e+10
5 7 13 -3.09567732 -1e+10 1e+10
6 7 13 -2.98723041 -1e+10 1e+10
7 7 13 -3.09569724 -1e+10 1e+10
8 7 13 -3.28703953 -1e+10 1e+10
9 7 13 -3.62278139 -1e+10 1e+10
10 7 13 -4.03118383 -1e+10 1e+10
11 7 13 -4.57206461 -1e+10 1e+10
12 7 13 -5.19769368 -1e+10 9.99999999e+09
13 7 13 -5.88868195 -1e+10 9.99999999e+09
14 7 13 -6.6005447 -1e+10 9.99999999e+09
15 7 13 -7.35723556 -1e+10 9.99999999e+09
-3 8 13 -7.47876303 -1e+10 9.99999999e+09
-2 8 13 -6.72692485 -1e+10 9.99999999e+09
-1 8 13 -6.02042612 -1e+10 9.99999999e+09
0 8 13 -5.33725018 -1e+10 9.99999999e+09
1 8 13 -4.71912412 -1e+10 1e+10
2 8 13 -4.18973577 -1e+10 1e+10
3 8 13 -3.78898594 -1e+10 1e+10
4 8 13 -3.46398329 -1e+10 1e+10
5 8 13 -3.28703953 -1e+10 1e+10
6 8 13 -3.19065651 -1e+10 1e+10
7 8 13 -3.28703953 -1e+10 1e+10
8 8 13 -3.46398329 -1e+10 1e+10
9 8 13 -3.78898594 -1e+10 1e+10
10 8 13 -4.18973577 -1e+10 1e+10
11 8 13 -4.71912412 -1e+10 1e+10
12 8 13 -5.33725018 -1e+10 9.99999999e+09
13 8 13 -6.02042612 -1e+10 9.99999999e+09
14 8 13 -6.72692485 -1e+10 9.99999999e+09
15 8 13 -7.47876303 -1e+10 9.99999999e+09
-3 9 13 -7.68089471 -1e+10 9.99999999e+09
-2 9 13 -6.94846571 -1e+10 9.99999999e+09
-1 9 13 -6.26398977 -1e+10 9.99999999e+09
0 9 13 -5.60598739 -1e+10 9.99999999e+09
1 9 13 -5.01185001 -1e+10 9.99999999e+09
2 9 13 -4.50468982 -1e+10 1e+10
3 9 13 -4.11221123 -1e+10 1e+10
4 9 13 -3.78898594 -1e+10 1e+10
5 9 13 -3.62278057 -1e+10 1e+10
6 9 13 -3.53623892 -1e+10 1e+10
7 9 13 -3.62278139 -1e+10 1e+10
8 9 13 -3.78898594 -1e+10 1e+10
9 9 13 -4.11221123 -1e+10 1e+10
10 9 13 -4.50468982 -1e+10 1e+10
11 9 13 -5.01185001 -1e+10 9.99999999e+09
12 9 13 -5.60598739 -1e+10 9.99999999e+09
13 9 13 -6.26398977 -1e+10 9.99999999e+09
14 9 13 -6.94846571 -1e+10 9.99999999e+09
15 9 13 -7.68089471 -1e+10 9.99999999e+09
-3 10 13 -7.9897796 -1e+10 9.99999999e+09
-2 10 13 -7.28385578 -1e+10 9.99999999e+09
-1 10 13 -6.61870633 -1e+10 9.99999999e+09
0 10 13 -5.98086352 -1e+10 9.99999999e+09
1 10 13 -5.39477018 -1e+10 9.99999999e+09
2 10 13 -4.90710544 -1e+10 1e+10
3 10 13 -4.50468982 -1e+10 1e+10
4 10 13 -4.18973577 -1e+10 1e+10
5 10 13 -4.03118383 -1e+10 1e+10
6 10 13 -3.94916085 -1e+10 1e+10
7 10 13 -4.03118383 -1e+10 1e+10
8 10 13 -4.18973577 -1e+10 1e+10
9 10 13 -4.50468982 -1e+10 1e+10
10 10 13 -4.90639001 -1e+10 1e+10
11 10 13 -5.39477018 -1e+10 9.99999999e+09
12 10 13 -5.98086352 -1e+10 9.99999999e+09
13 10 13 -6.61870633 -1e+10 9.99999999e+09
14 10 13 -7.28385578 -1e+10 9.99999999e+09
15 10 13 -7.9897796 -1e+10 9.99999999e+09
-3 11 13 -8.36726609 -1e+10 9.99999999e+09
-2 11 13 -7.67783895 -1e+10 9.99999999e+09
-1 11 13 -7.01891152 -1e+10 9.99999999e+09
0 11 13 -6.40817006 -1e+10 9.99999999e+09
1 11 13 -5.85594524 -1e+10 9.99999999e+09
2 11 13 -5.39477018 -1e+10 9.99999999e+09
3 11 13 -5.01185001 -1e+10 9.99999999e+09
4 11 13 -4.71912412 -1e+10 1e+10
5 11 13 -4.57206461 -1e+10 1e+10
6 11 13 -4.49480819 -1e+10 1e+10
7 11 13 -4.57206461 -1e+10 1e+10
8 11 13 -4.71912412 -1e+10 1e+10
9 11 13 -5.01185001 -1e+10 9.99999999e+09
10 11 13 -5.39477018 -1e+10 9.99999999e+09
11 11 13 -5.85594524 -1e+10 9.99999999e+09
12 11 13 -6.40825197 -1e+10 9.99999999e+09
13 11 13 -7.01891152 -1e+10 9.99999999e+09
14 11 13 -7.67783895 -1e+10 9.99999999e+09
15 11 13 -8.36726609 -1e+10 9.99999999e+09
-3 12 13 -8.79462822 -1e+10 9.99999999e+09
-2 12 13 -8.12516358 -1e+10 9.99999999e+09
-1 12 13 -7.49800424 -1e+10 9.99999999e+09
0 12 13 -6.92015737 -1e+10 9.99999999e+09
1 12 13 -6.40805744 -1e+10 9.99999999e+09
2 12 13 -5.98086352 -1e+10 9.99999999e+09
3 12 13 -5.60598739 -1e+10 9.99999999e+09
4 12 13 -5.33725018 -1e+10 9.99999999e+09
5 12 13 -5.19769368 -1e+10 9.99999999e+09
6 12 13 -5.12332115 -1e+10 9.99999999e+09
7 12 13 -5.19769368 -1e+10 9.99999999e+09
8 12 13 -5.33725018 -1e+10 9.99999999e+09
9 12 13 -5.60598739 -1e+10 9.99999999e+09
10 12 13 -5.98086352 -1e+10 9.99999999e+09
11 12 13 -6.40832806 -1e+10 9.99999999e+09
12 12 13 -6.92015737 -1e+10 9.99999999e+09
13 12 13 -7.49800424 -1e+10 9.99999999e+09
14 12 13 -8.12516358 -1e+10 9.99999999e+09
15 12 13 -8.79462822 -1e+10 9.99999999e+09
-3 13 13 -9.28984058 -1e+10 9.99999999e+09
-2 13 13 -8.64954218 -1e+10 9.99999999e+09
-1 13 13 -8.04946594 -1e+10 9.99999999e+09
0 13 13 -7.49800424 -1e+10 9.99999999e+09
1 13 13 -7.01891152 -1e+10 9.99999999e+09
2 13 13 -6.61870633 -1e+10 9.99999999e+09
3 13 13 -6.26398977 -1e+10 9.99999999e+09
4 13 13 -6.02042612 -1e+10 9.99999999e+09
5 13 13 -5.88868143 -1e+10 9.99999999e+09
6 13 13 -5.81872644 -1e+10 9.99999999e+09
7 13 13 -5.88868143 -1e+10 9.99999999e+09
8 13 13 -6.02042612 -1e+10 9.99999999e+09
9 13 13 -6.26398977 -1e+10 9.99999999e+09
10 13 13 -6.61870633 -1e+10 9.99999999e+09
11 13 13 -7.01891152 -1e+10 9.99999999e+09
12 13 13 -7.49800424 -1e+10 9.99999999e+09
13 13 13 -8.04946594 -1e+10 9.99999999e+09
14 13 13 -8.64954218 -1e+10 9.99999999e+09
15 13 13 -9.28984058 -1e+10 9.99999999e+09
-3 14 13 -9.84688301 -1e+10 9.99999999e+09
-2 14 13 -9.22708784 -1e+10 9.99999999e+09
-1 14 13 -8.64954218 -1e+10 9.99999999e+09
0 14 13 -8.12516358 -1e+10 9.99999999e+09
1 14 13 -7.67783895 -1e+10 9.99999999e+09
2 14 13 -7.28385578 -1e+10 9.99999999e+09
3 14 13 -6.94846571 -1e+10 9.99999999e+09
4 14 13 -6.72692485 -1e+10 9.99999999e+09
5 14 13 -6.6005447 -1e+10 9.99999999e+09
6 14 13 -6.53592753 -1e+10 9.99999999e+09
7 14 13 -6.6005447 -1e+10 9.99999999e+09
8 14 13 -6.72692485 -1e+10 9.99999999e+09
9 14 13 -6.94846571 -1e+10 9.99999999e+09
10 14 13 -7.28385578 -1e+10 9.99999999e+09
11 14 13 -7.67783895 -1e+10 9.99999999e+09
12 14 13 -8.12516358 -1e+10 9.99999999e+09
13 14 13 -8.64954218 -1e+10 9.99999999e+09
14 14 13 -9.22708784 -1e+10 9.99999999e+09
15 14 13 -9.84688301 -1e+10 9.99999999e+09
-3 15 13 -10.4494503 -1e+10 9.99999999e+09
-2 15 13 -9.84688301 -1e+10 9.99999999e+09
-1 15 13 -9.28984058 -1e+10 9.99999999e+09
0 15 13 -8.79462822 -1e+10 9.99999999e+09
1 15 13 -8.36726609 -1e+10 9.99999999e+09
2 15 13 -7.9897796 -1e+10 9.99999999e+09
3 15 13 -7.68089471 -1e+10 9.99999999e+09
4 15 13 -7.47876303 -1e+10 9.99999999e+09
5 15 13 -7.35723556 -1e+10 9.99999999e+09
6 15 13 -7.29807264 -1e+10 9.99999999e+09
7 15 13 -7.35723556 -1e+10 9.99999999e+09
8 15 13 -7.47876303 -1e+10 9.99999999e+09
9 15 13 -7.68089471 -1e+10 9.99999999e+09
10 15 13 -7.9897796 -1e+10 9.99999999e+09
11 15 13 -8.36726609 -1e+10 9.99999999e+09
12 15 13 -8.79462822 -1e+10 9.99999999e+09
13 15 13 -9.28984058 -1e+10 9.99999999e+09
14 15 13 -9.84688301 -1e+10 9.99999999e+09
15 15 13 -10.4494503 -1e+10 9.99999999e+09
-3 -3 14 -10.9562983 -1e+10 9.99999999e+09
-2 -3 14 -10.3794432 -1e+10 9.99999999e+09
-1 -3 14 -9.84688301 -1e+10 9.99999999e+09
0 -3 14 -9.37910763 -1e+10 9.99999999e+09
1 -3 14 -8.97238005 -1e+10 9.99999999e+09
2 -3 14 -8.60282287 -1e+10 9.99999999e+09
3 -3 14 -8.31451695 -1e+10 9.99999999e+09
4 -3 14 -8.12485667 -1e+10 9.99999999e+09
5 -3 14 -8.00413903 -1e+10 9.99999999e+09
6 -3 14 -7.94904763 -1e+10 9.99999999e+09
7 -3 14 -8.00414046 -1e+10 9.99999999e+09
8 -3 14 -8.12485667 -1e+10 9.99999999e+09
9 -3 14 -8.31451695 -1e+10 9.99999999e+09
10 -3 14 -8.60282287 -1e+10 9.99999999e+09
11 -3 14 -8.97237976 -1e+10 9.99999999e+09
12 -3 14 -9.37910763 -1e+10 9.99999999e+09
13 -3 14 -9.84688301 -1e+10 9.99999999e+09
14 -3 14 -10.3794432 -1e+10 9.99999999e+09
15 -3 14 -10.9562983 -1e+10 9.99999999e+09
-3 -2 14 -10.3794432 -1e+10 9.99999999e+09
-2 -2 14 -9.78151675 -1e+10 9.99999999e+09
-1 -2 14 -9.22708784 -1e+10 9.99999999e+09
0 -2 14 -8.73229714 -1e+10 9.99999999e+09
1 -2 14 -8.31000279 -1e+10 9.99999999e+09
2 -2 14 -7.93341573 -1e+10 9.99999999e+09
3 -2 14 -7.62141647 -1e+10 9.99999999e+09
4 -2 14 -7.4166401 -1e+10 9.99999999e+09
5 -2 14 -7.29291521 -1e+10 9.99999999e+09
6 -2 14 -7.23294001 -1e+10 9.99999999e+09
7 -2 14 -7.29291521 -1e+10 9.99999999e+09
8 -2 14 -7.4166401 -1e+10 9.99999999e+09
9 -2 14 -7.62141647 -1e+10 9.99999999e+09
10 -2 14 -7.93341573 -1e+10 9.99999999e+09
11 -2 14 -8.31000279 -1e+10 9.99999999e+09
12 -2 14 -8.73228947 -1e+10 9.99999999e+09
13 -2 14 -9.22708784 -1e+10 9.99999999e+09
14 -2 14 -9.78151675 -1e+10 9.99999999e+09
15 -2 14 -10.3794432 -1e+10 9.99999999e+09
-3 -1 14 -9.84688301 -1e+10 9.99999999e+09
-2 -1 14 -9.22708784 -1e+10 9.99999999e+09
-1 -1 14 -8.64954218 -1e+10 9.99999999e+09
0 -1 14 -8.12516358 -1e+10 9.99999999e+09
1 -1 14 -7.67783895 -1e+10 9.99999999e+09
2 -1 14 -7.28385578 -1e+10 9.99999999e+09
3 -1 14 -6.94846571 -1e+10 9.99999999e+09
4 -1 14 -6.72692485 -1e+10 9.99999999e+09
5 -1 14 -6.6005447 -1e+10 9.99999999e+09
6 -1 14 -6.53592753 -1e+10 9.99999999e+09
7 -1 14 -6.6005447 -1e+10 9.99999999e+09
8 -1 14 -6.72692485 -1e+10 9.99999999e+09
9 -1 14 -6.94846571 -1e+10 9.99999999e+09
10 -1 14 -7.28385578 -1e+10 9.99999999e+09
11 -1 14 -7.67783895 -1e+10 9.99999999e+09
12 -1 14 -8.12516358 -1e+10 9.99999999e+09
13 -1 14 -8.64954218 -1e+10 9.99999999e+09
14 -1 14 -9.22708784 -1e+10 9.99999999e+09
15 -1 14 -9.84688301 -1e+10 9.99999999e+09
-3 0 14 -9.37910763 -1e+10 9.99999999e+09
-2 0 14 -8.73229714 -1e+10 9.99999999e+09
-1 0 14 -8.12516358 -1e+10 9.99999999e+09
0 0 14 -7.56945284 -1e+10 9.99999999e+09
1 0 14 -7.09003664 -1e+10 9.99999999e+09
2 0 14 -6.68218153 -1e+10 9.99999999e+09
3 0 14 -6.33176501 -1e+10 9.99999999e+09
4 0 14 -6.09175814 -1e+10 9.99999999e+09
5 0 14 -5.96268395 -1e+10 9.99999999e+09
6 0 14 -5.89428874 -1e+10 9.99999999e+09
7 0 14 -5.96268395 -1e+10 9.99999999e+09
8 0 14 -6.09175814 -1e+10 9.99999999e+09
9 0 14 -6.33176501 -1e+10 9.99999999e+09
10 0 14 -6.68218153 -1e+10 9.99999999e+09
11 0 14 -7.09003664 -1e+10 9.99999999e+09
12 0 14 -7.56945284 -1e+10 9.99999999e+09
13 0 14 -8.12516358 -1e+10 9.99999999e+09
14 0 14 -8.73229714 -1e+10 9.99999999e+09
15 0 14 -9.37910763 -1e+10 9.99999999e+09
-3 1 14 -8.97237976 -1e+10 9.99999999e+09
-2 1 14 -8.31000279 -1e+10 9.99999999e+09
-1 1 14 -7.67783895 -1e+10 9.99999999e+09
0 1 14 -7.09003664 -1e+10 9.99999999e+09
1 1 14 -6.57755672 -1e+10 9.99999999e+09
2 1 14 -6.15084042 -1e+10 9.99999999e+09
3 1 14 -5.78740532 -1e+10 9.99999999e+09
4 1 14 -5.52801252 -1e+10 9.99999999e+09
5 1 14 -5.39435374 -1e+10 9.99999999e+09
6 1 14 -5.32214553 -1e+10 9.99999999e+09
7 1 14 -5.39441674 -1e+10 9.99999999e+09
8 1 14 -5.52801252 -1e+10 9.99999999e+09
9 1 14 -5.78740532 -1e+10 9.99999999e+09
10 1 14 -6.15084042 -1e+10 9.99999999e+09
11 1 14 -6.57755672 -1e+10 9.99999999e+09
12 1 14 -7.09003664 -1e+10 9.99999999e+09
13 1 14 -7.67783895 -1e+10 9.99999999e+09
14 1 14 -8.31000279 -1e+10 9.99999999e+09
15 1 14 -8.97238005 -1e+10 9.99999999e+09
-3 2 14 -8.60282287 -1e+10 9.99999999e+09
-2 2 14 -7.93341573 -1e+10 9.99999999e+09
-1 2 14 -7.28385578 -1e+10 9.99999999e+09
0 2 14 -6.68218153 -1e+10 9.99999999e+09
1 2 14 -6.15084042 -1e+10 9.99999999e+09
2 2 14 -5.71494204 -1e+10 9.99999999e+09
3 2 14 -5.33982128 -1e+10 9.99999999e+09
4 2 14 -5.06075008 -1e+10 9.99999999e+09
5 2 14 -4.91839649 -1e+10 1e+10
6 2 14 -4.84192311 -1e+10 1e+10
7 2 14 -4.91839649 -1e+10 1e+10
8 2 14 -5.06075008 -1e+10 9.99999999e+09
9 2 14 -5.33982128 -1e+10 9.99999999e+09
10 2 14 -5.71494204 -1e+10 9.99999999e+09
11 2 14 -6.15084042 -1e+10 9.99999999e+09
12 2 14 -6.68218153 -1e+10 9.99999999e+09
13 2 14 -7.28385578 -1e+10 9.99999999e+09
14 2 14 -7.93341573 -1e+10 9.99999999e+09
15 2 14 -8.60282287 -1e+10 9.99999999e+09
-3 3 14 -8.31451695 -1e+10 9.99999999e+09
-2 3 14 -7.62141647 -1e+10 9.99999999e+09
-1 3 14 -6.94846571 -1e+10 9.99999999e+09
0 3 14 -6.33176501 -1e+10 9.99999999e+09
1 3 14 -5.78740532 -1e+10 9.99999999e+09
2 3 14 -5.33982128 -1e+10 9.99999999e+09
3 3 14 -4.98508573 -1e+10 1e+10
4 3 14 -4.69959923 -1e+10 1e+10
5 3 14 -4.55167322 -1e+10 1e+10
6 3 14 -4.47132498 -1e+10 1e+10
7 3 14 -4.55167322 -1e+10 1e+10
8 3 14 -4.69960264 -1e+10 1e+10
9 3 14 -4.98508573 -1e+10 1e+10
10 3 14 -5.33982128 -1e+10 9.99999999e+09
11 3 14 -5.78740532 -1e+10 9.99999999e+09
12 3 14 -6.33176501 -1e+10 9.99999999e+09
13 3 14 -6.94846571 -1e+10 9.99999999e+09
14 3 14 -7.62141647 -1e+10 9.99999999e+09
15 3 14 -8.31451695 -1e+10 9.99999999e+09
-3 4 14 -8.12485667 -1e+10 9.99999999e+09
-2 4 14 -7.4166401 -1e+10 9.99999999e+09
-1 4 14 -6.72692485 -1e+10 9.99999999e+09
0 4 14 -6.09175814 -1e+10 9.99999999e+09
1 4 14 -5.52801252 -1e+10 9.99999999e+09
2 4 14 -5.06075008 -1e+10 9.99999999e+09
3 4 14 -4.69960264 -1e+10 1e+10
4 4 14 -4.40393739 -1e+10 1e+10
5 4 14 -4.24565622 -1e+10 1e+10
6 4 14 -4.1527058 -1e+10 1e+10
7 4 14 -4.24565852 -1e+10 1e+10
8 4 14 -4.40393739 -1e+10 1e+10
9 4 14 -4.69959923 -1e+10 1e+10
10 4 14 -5.06075008 -1e+10 9.99999999e+09
11 4 14 -5.52801252 -1e+10 9.99999999e+09
12 4 14 -6.09175814 -1e+10 9.99999999e+09
13 4 14 -6.72692485 -1e+10 9.99999999e+09
14 4 14 -7.4166401 -1e+10 9.99999999e+09
15 4 14 -8.12485667 -1e+10 9.99999999e+09
-3 5 14 -8.00414046 -1e+10 9.99999999e+09
-2 5 14 -7.29291521 -1e+10 9.99999999e+09
-1 5 14 -6.6005447 -1e+10 9.99999999e+09
0 5 14 -5.96268395 -1e+10 9.99999999e+09
1 5 14 -5.39441674 -1e+10 9.99999999e+09
2 5 14 -4.91839649 -1e+10 1e+10
3 5 14 -4.55167322 -1e+10 1e+10
4 5 14 -4.24565622 -1e+10 1e+10
5 5 14 -4.07165204 -1e+10 1e+10
6 5 14 -3.97400074 -1e+10 1e+10
7 5 14 -4.07163601 -1e+10 1e+10
8 5 14 -4.24565852 -1e+10 1e+10
9 5 14 -4.55167322 -1e+10 1e+10
10 5 14 -4.91839649 -1e+10 1e+10
11 5 14 -5.39435374 -1e+10 9.99999999e+09
12 5 14 -5.96268395 -1e+10 9.99999999e+09
13 5 14 -6.6005447 -1e+10 9.99999999e+09
14 5 14 -7.29291521 -1e+10 9.99999999e+09
15 5 14 -8.00413903 -1e+10 9.99999999e+09
-3 6 14 -7.94904763 -1e+10 9.99999999e+09
-2 6 14 -7.23294001 -1e+10 9.99999999e+09
-1 6 14 -6.53592753 -1e+10 9.99999999e+09
0 6 14 -5.89428874 -1e+10 9.99999999e+09
1 6 14 -5.32214553 -1e+10 9.99999999e+09
2 6 14 -4.84192311 -1e+10 1e+10
3 6 14 -4.47132498 -1e+10 1e+10
4 6 14 -4.1527058 -1e+10 1e+10
5 6 14 -3.97400074 -1e+10 1e+10
6 6 14 -3.87342077 -1e+10 1e+10
7 6 14 -3.97400074 -1e+10 1e+10
8 6 14 -4.1527058 -1e+10 1e+10
9 6 14 -4.47132498 -1e+10 1e+10
10 6 14 -4.84192311 -1e+10 1e+10
11 6 14 -5.32214553 -1e+10 9.99999999e+09
12 6 14 -5.89428874 -1e+10 9.99999999e+09
13 6 14 -6.53592753 -1e+10 9.99999999e+09
14 6 14 -7.23294001 -1e+10 9.99999999e+09
15 6 14 -7.94904763 -1e+10 9.99999999e+09
-3 7 14 -8.00413903 -1e+10 9.99999999e+09
-2 7 14 -7.29291521 -1e+10 9.99999999e+09
-1 7 14 -6.6005447 -1e+10 9.99999999e+09
0 7 14 -5.96268395 -1e+10 9.99999999e+09
1 7 14 -5.39435374 -1e+10 9.99999999e+09
2 7 14 -4.91839649 -1e+10 1e+10
3 7 14 -4.55167322 -1e+10 1e+10
4 7 14 -4.24565852 -1e+10 1e+10
5 7 14 -4.07163601 -1e+10 1e+10
6 7 14 -3.97400074 -1e+10 1e+10
7 7 14 -4.07165204 -1e+10 1e+10
8 7 14 -4.24565622 -1e+10 1e+10
9 7 14 -4.55167322 -1e+10 1e+10
10 7 14 -4.91839649 -1e+10 1e+10
11 7 14 -5.39441674 -1e+10 9.99999999e+09
12 7 14 -5.96268395 -1e+10 9.99999999e+09
13 7 14 -6.6005447 -1e+10 9.99999999e+09
14 7 14 -7.29291521 -1e+10 9.99999999e+09
15 7 14 -8.00414046 -1e+10 9.99999999e+09
-3 8 14 -8.12485667 -1e+10 9.99999999e+09
-2 8 14 -7.4166401 -1e+10 9.99999999e+09
-1 8 14 -6.72692485 -1e+10 9.99999999e+09
0 8 14 -6.09175814 -1e+10 9.99999999e+09
1 8 14 -5.52801252 -1e+10 9.99999999e+09
2 8 14 -5.06075008 -1e+10 9.99999999e+09
3 8 14 -4.69959923 -1e+10 1e+10
4 8 14 -4.40393739 -1e+10 1e+10
5 8 14 -4.24565852 -1e+10 1e+10
6 8 14 -4.1527058 -1e+10 1e+10
7 8 14 -4.24565622 -1e+10 1e+10
8 8 14 -4.40393739 -1e+10 1e+10
9 8 14 -4.69960264 -1e+10 1e+10
10 8 14 -5.06075008 -1e+10 9.99999999e+09
11 8 14 -5.52801252 -1e+10 9.99999999e+09
12 8 14 -6.09175814 -1e+10 9.99999999e+09
13 8 14 -6.72692485 -1e+10 9.99999999e+09
14 8 14 -7.4166401 -1e+10 9.99999999e+09
15 8 14 -8.12485667 -1e+10 9.99999999e+09
-3 9 14 -8.31451695 -1e+10 9.99999999e+09
-2 9 14 -7.62141647 -1e+10 9.99999999e+09
-1 9 14 -6.94846571 -1e+10 9.99999999e+09
0 9 14 -6.33176501 -1e+10 9.99999999e+09
1 9 14 -5.78740532 -1e+10 9.99999999e+09
2 9 14 -5.33982128 -1e+10 9.99999999e+09
3 9 14 -4.98508573 -1e+10 1e+10
4 9 14 -4.69960264 -1e+10 1e+10
5 9 14 -4.55167322 -1e+10 1e+10
6 9 14 -4.47132498 -1e+10 1e+10
7 9 14 -4.55167322 -1e+10 1e+10
8 9 14 -4.69959923 -1e+10 1e+10
9 9 14 -4.98508573 -1e+10 1e+10
10 9 14 -5.33982128 -1e+10 9.99999999e+09
11 9 14 -5.78740532 -1e+10 9.99999999e+09
12 9 14 -6.33176501 -1e+10 9.99999999e+09
13 9 14 -6.94846571 -1e+10 9.99999999e+09
14 9 14 -7.62141647 -1e+10 9.99999999e+09
15 9 14 -8.31451695 -1e+10 9.99999999e+09
-3 10 14 -8.60282287 -1e+10 9.99999999e+09
-2 10 14 -7.93341573 -1e+10 9.99999999e+09
-1 10 14 -7.28385578 -1e+10 9.99999999e+09
0 10 14 -6.68218153 -1e+10 9.99999999e+09
1 10 14 -6.15084042 -1e+10 9.99999999e+09
2 10 14 -5.71494204 -1e+10 9.99999999e+09
3 10 14 -5.33982128 -1e+10 9.99999999e+09
4 10 14 -5.06075008 -1e+10 9.99999999e+09
5 10 14 -4.91839649 -1e+10 1e+10
6 10 14 -4.84192311 -1e+10 1e+10
7 10 14 -4.91839649 -1e+10 1e+10
8 10 14 -5.06075008 -1e+10 9.99999999e+09
9 10 14 -5.33982128 -1e+10 9.99999999e+09
10 10 14 -5.71494204 -1e+10 9.99999999e+09
11 10 14 -6.15084042 -1e+10 9.99999999e+09
12 10 14 -6.68218153 -1e+10 9.99999999e+09
13 10 14 -7.28385578 -1e+10 9.99999999e+09
14 10 14 -7.93341573 -1e+10 9.99999999e+09
15 10 14 -8.60282287 -1e+10 9.99999999e+09
-3 11 14 -8.97238005 -1e+10 9.99999999e+09
-2 11 14 -8.31000279 -1e+10 9.99999999e+09
-1 11 14 -7.67783895 -1e+10 9.99999999e+09
0 11 14 -7.09003664 -1e+10 9.99999999e+09
1 11 14 -6.57755672 -1e+10 9.99999999e+09
2 11 14 -6.15084042 -1e+10 9.99999999e+09
3 11 14 -5.78740532 -1e+10 9.99999999e+09
4 11 14 -5.52801252 -1e+10 9.99999999e+09
5 11 14 -5.39441674 -1e+10 9.99999999e+09
6 11 14 -5.32214553 -1e+10 9.99999999e+09
7 11 14 -5.39435374 -1e+10 9.99999999e+09
8 11 14 -5.52801252 -1e+10 9.99999999e+09
9 11 14 -5.78740532 -1e+10 9.99999999e+09
10 11 14 -6.15084042 -1e+10 9.99999999e+09
11 11 14 -6.57755672 -1e+10 9.99999999e+09
12 11 14 -7.09003664 -1e+10 9.99999999e+09
13 11 14 -7.67783895 -1e+10 9.99999999e+09
14 11 14 -8.31000279 -1e+10 9.99999999e+09
15 11 14 -8.97237976 -1e+10 9.99999999e+09
-3 12 14 -9.37910763 -1e+10 9.99999999e+09
-2 12 14 -8.73229714 -1e+10 9.99999999e+09
-1 12 14 -8.12516358 -1e+10 9.99999999e+09
0 12 14 -7.56945284 -1e+10 9.99999999e+09
1 12 14 -7.09003664 -1e+10 9.99999999e+09
2 12 14 -6.68218153 -1e+10 9.99999999e+09
3 12 14 -6.33176501 -1e+10 9.99999999e+09
4 12 14 -6.09175814 -1e+10 9.99999999e+09
5 12 14 -5.96268395 -1e+10 9.99999999e+09
6 12 14 -5.89428874 -1e+10 9.99999999e+09
7 12 14 -5.96268395 -1e+10 9.99999999e+09
8 12 14 -6.09175814 -1e+10 9.99999999e+09
9 12 14 -6.33176501 -1e+10 9.99999999e+09
10 12 14 -6.68218153 -1e+10 9.99999999e+09
11 12 14 -7.09003664 -1e+10 9.99999999e+09
12 12 14 -7.56945284 -1e+10 9.99999999e+09
13 12 14 -8.12516358 -1e+10 9.99999999e+09
14 12 14 -8.73228947 -1e+10 9.99999999e+09
15 12 14 -9.37910763 -1e+10 9.99999999e+09
-3 13 14 -9.84688301 -1e+10 9.99999999e+09
-2 13 14 -9.22708784 -1e+10 9.99999999e+09
-1 13 14 -8.64954218 -1e+10 9.99999999e+09
0 13 14 -8.12516358 -1e+10 9.99999999e+09
1 13 14 -7.67783895 -1e+10 9.99999999e+09
2 13 14 -7.28385578 -1e+10 9.99999999e+09
3 13 14 -6.94846571 -1e+10 9.99999999e+09
4 13 14 -6.72692485 -1e+10 9.99999999e+09
5 13 14 -6.6005447 -1e+10 9.99999999e+09
6 13 14 -6.53592753 -1e+10 9.99999999e+09
7 13 14 -6.6005447 -1e+10 9.99999999e+09
8 13 14 -6.72692485 -1e+10 9.99999999e+09
9 13 14 -6.94846571 -1e+10 9.99999999e+09
10 13 14 -7.28385578 -1e+10 9.99999999e+09
11 13 14 -7.67783895 -1e+10 9.99999999e+09
12 13 14 -8.12516358 -1e+10 9.99999999e+09
13 13 14 -8.64954218 -1e+10 9.99999999e+09
14 13 14 -9.22708784 -1e+10 9.99999999e+09
15 13 14 -9.84688301 -1e+10 9.99999999e+09
-3 14 14 -10.3794432 -1e+10 9.99999999e+09
-2 14 14 -9.78151675 -1e+10 9.99999999e+09
-1 14 14 -9.22708784 -1e+10 9.99999999e+09
0 14 14 -8.73229714 -1e+10 9.99999999e+09
1 14 14 -8.31000279 -1e+10 9.99999999e+09
2 14 14 -7.93341573 -1e+10 9.99999999e+09
3 14 14 -7.62141647 -1e+10 9.99999999e+09
4 14 14 -7.4166401 -1e+10 9.99999999e+09
5 14 14 -7.29291521 -1e+10 9.99999999e+09
6 14 14 -7.23294001 -1e+10 9.99999999e+09
7 14 14 -7.29291521 -1e+10 9.99999999e+09
8 14 14 -7.4166401 -1e+10 9.99999999e+09
9 14 14 -7.62141647 -1e+10 9.99999999e+09
10 14 14 -7.93341573 -1e+10 9.99999999e+09
11 14 14 -8.31000279 -1e+10 9.99999999e+09
12 14 14 -8.73229714 -1e+10 9.99999999e+09
13 14 14 -9.22708784 -1e+10 9.99999999e+09
14 14 14 -9.78151675 -1e+10 9.99999999e+09
15 14 14 -10.3794432 -1e+10 9.99999999e+09
-3 15 14 -10.9562983 -1e+10 9.99999999e+09
-2 15 14 -10.3794432 -1e+10 9.99999999e+09
-1 15 14 -9.84688301 -1e+10 9.99999999e+09
0 15 14 -9.37910763 -1e+10 9.99999999e+09
1 15 14 -8.97237976 -1e+10 9.99999999e+09
2 15 14 -8.60282287 -1e+10 9.99999999e+09
3 15 14 -8.31451695 -1e+10 9.99999999e+09
4 15 14 -8.12485667 -1e+10 9.99999999e+09
5 15 14 -8.00414046 -1e+10 9.99999999e+09
6 15 14 -7.94904763 -1e+10 9.99999999e+09
7 15 14 -8.00413903 -1e+10 9.99999999e+09
8 15 14 -8.12485667 -1e+10 9.99999999e+09
9 15 14 -8.31451695 -1e+10 9.99999999e+09
10 15 14 -8.60282287 -1e+10 9.99999999e+09
11 15 14 -8.97238005 -1e+10 9.99999999e+09
12 15 14 -9.37910763 -1e+10 9.99999999e+09
13 15 14 -9.84688301 -1e+10 9.99999999e+09
14 15 14 -10.3794432 -1e+10 9.99999999e+09
15 15 14 -10.9562983 -1e+10 9.99999999e+09
-3 -3 15 -11.5135676 -1e+10 9.99999999e+09
-2 -3 15 -10.9562983 -1e+10 9.99999999e+09
-1 -3 15 -10.4494503 -1e+10 9.99999999e+09
0 -3 15 -10.0058125 -1e+10 9.99999999e+09
1 -3 15 -9.61532053 -1e+10 9.99999999e+09
2 -3 15 -9.26333687 -1e+10 9.99999999e+09
3 -3 15 -8.99402891 -1e+10 9.99999999e+09
4 -3 15 -8.81844614 -1e+10 9.99999999e+09
5 -3 15 -8.69782565 -1e+10 9.99999999e+09
6 -3 15 -8.64715357 -1e+10 9.99999999e+09
7 -3 15 -8.69782565 -1e+10 9.99999999e+09
8 -3 15 -8.81847237 -1e+10 9.99999999e+09
9 -3 15 -8.99402891 -1e+10 9.99999999e+09
10 -3 15 -9.26333687 -1e+10 9.99999999e+09
11 -3 15 -9.61532053 -1e+10 9.99999999e+09
12 -3 15 -10.0058125 -1e+10 9.99999999e+09
13 -3 15 -10.4494503 -1e+10 9.99999999e+09
14 -3 15 -10.9562983 -1e+10 9.99999999e+09
15 -3 15 -11.5135676 -1e+10 9.99999999e+09
-3 -2 15 -10.9562983 -1e+10 9.99999999e+09
-2 -2 15 -10.3794432 -1e+10 9.99999999e+09
-1 -2 15 -9.84688301 -1e+10 9.99999999e+09
0 -2 15 -9.37910763 -1e+10 9.99999999e+09
1 -2 15 -8.97237976 -1e+10 9.99999999e+09
2 -2 15 -8.60282287 -1e+10 9.99999999e+09
3 -2 15 -8.31451695 -1e+10 9.99999999e+09
4 -2 15 -8.12485667 -1e+10 9.99999999e+09
5 -2 15 -8.00414046 -1e+10 9.99999999e+09
6 -2 15 -7.94904763 -1e+10 9.99999999e+09
7 -2 15 -8.00413903 -1e+10 9.99999999e+09
8 -2 15 -8.12485667 -1e+10 9.99999999e+09
9 -2 15 -8.31451695 -1e+10 9.99999999e+09
10 -2 15 -8.60282287 -1e+10 9.99999999e+09
11 -2 15 -8.97238005 -1e+10 9.99999999e+09
12 -2 15 -9.37910763 -1e+10 9.99999999e+09
13 -2 15 -9.84688301 -1e+10 9.99999999e+09
14 -2 15 -10.3794432 -1e+10 9.99999999e+09
15 -2 15 -10.9562983 -1e+10 9.99999999e+09
-3 -1 15 -10.4494503 -1e+10 9.99999999e+09
-2 -1 15 -9.84688301 -1e+10 9.99999999e+09
-1 -1 15 -9.28984058 -1e+10 9.99999999e+09
0 -1 15 -8.79462822 -1e+10 9.99999999e+09
1 -1 15 -8.36726609 -1e+10 9.99999999e+09
2 -1 15 -7.9897796 -1e+10 9.99999999e+09
3 -1 15 -7.68089471 -1e+10 9.99999999e+09
4 -1 15 -7.47876303 -1e+10 9.99999999e+09
5 -1 15 -7.35723556 -1e+10 9.99999999e+09
6 -1 15 -7.29807264 -1e+10 9.99999999e+09
7 -1 15 -7.35723556 -1e+10 9.99999999e+09
8 -1 15 -7.47876303 -1e+10 9.99999999e+09
9 -1 15 -7.68089471 -1e+10 9.99999999e+09
10 -1 15 -7.9897796 -1e+10 9.99999999e+09
11 -1 15 -8.36726609 -1e+10 9.99999999e+09
12 -1 15 -8.79462822 -1e+10 9.99999999e+09
13 -1 15 -9.28984058 -1e+10 9.99999999e+09
14 -1 15 -9.84688301 -1e+10 9.99999999e+09
15 -1 15 -10.4494503 -1e+10 9.99999999e+09
-3 0 15 -10.0058125 -1e+10 9.99999999e+09
-2 0 15 -9.37910763 -1e+10 9.99999999e+09
-1 0 15 -8.79462822 -1e+10 9.99999999e+09
0 0 15 -8.27133897 -1e+10 9.99999999e+09
1 0 15 -7.82133502 -1e+10 9.99999999e+09
2 0 15 -7.43225234 -1e+10 9.99999999e+09
3 0 15 -7.10761213 -1e+10 9.99999999e+09
4 0 15 -6.89139322 -1e+10 9.99999999e+09
5 0 15 -6.76907149 -1e+10 9.99999999e+09
6 0 15 -6.70609475 -1e+10 9.99999999e+09
7 0 15 -6.76907149 -1e+10 9.99999999e+09
8 0 15 -6.89139322 -1e+10 9.99999999e+09
9 0 15 -7.10761213 -1e+10 9.99999999e+09
10 0 15 -7.43225234 -1e+10 9.99999999e+09
11 0 15 -7.82133502 -1e+10 9.99999999e+09
12 0 15 -8.27133897 -1e+10 9.99999999e+09
13 0 15 -8.79462822 -1e+10 9.99999999e+09
14 0 15 -9.37910763 -1e+10 9.99999999e+09
15 0 15 -10.0058125 -1e+10 9.99999999e+09
-3 1 15 -9.61532053 -1e+10 9.99999999e+09
-2 1 15 -8.97238005 -1e+10 9.99999999e+09
-1 1 15 -8.36726609 -1e+10 9.99999999e+09
0 1 15 -7.82133502 -1e+10 9.99999999e+09
1 1 15 -7.35418628 -1e+10 9.99999999e+09
2 1 15 -6.95014993 -1e+10 9.99999999e+09
3 1 15 -6.60940777 -1e+10 9.99999999e+09
4 1 15 -6.3781993 -1e+10 9.99999999e+09
5 1 15 -6.25033827 -1e+10 9.99999999e+09
6 1 15 -6.183505 -1e+10 9.99999999e+09
7 1 15 -6.25033827 -1e+10 9.99999999e+09
8 1 15 -6.3781993 -1e+10 9.99999999e+09
9 1 15 -6.60940777 -1e+10 9.99999999e+09
10 1 15 -6.95014993 -1e+10 9.99999999e+09
11 1 15 -7.35417535 -1e+10 9.99999999e+09
12 1 15 -7.82133502 -1e+10 9.99999999e+09
13 1 15 -8.36726609 -1e+10 9.99999999e+09
14 1 15 -8.97237976 -1e+10 9.99999999e+09
15 1 15 -9.61532053 -1e+10 9.99999999e+09
-3 2 15 -9.26333687 -1e+10 9.99999999e+09
-2 2 15 -8.60282287 -1e+10 9.99999999e+09
-1 2 15 -7.9897796 -1e+10 9.99999999e+09
0 2 15 -7.43225234 -1e+10 9.99999999e+09
1 2 15 -6.95014993 -1e+10 9.99999999e+09
2 2 15 -6.55491397 -1e+10 9.99999999e+09
3 2 15 -6.20917976 -1e+10 9.99999999e+09
4 2 15 -5.96515594 -1e+10 9.99999999e+09
5 2 15 -5.83306756 -1e+10 9.99999999e+09
6 2 15 -5.76236236 -1e+10 9.99999999e+09
7 2 15 -5.83305147 -1e+10 9.99999999e+09
8 2 15 -5.96515594 -1e+10 9.99999999e+09
9 2 15 -6.20917976 -1e+10 9.99999999e+09
10 2 15 -6.55491397 -1e+10 9.99999999e+09
11 2 15 -6.95014993 -1e+10 9.99999999e+09
12 2 15 -7.43225234 -1e+10 9.99999999e+09
13 2 15 -7.9897796 -1e+10 9.99999999e+09
14 2 15 -8.60282287 -1e+10 9.99999999e+09
15 2 15 -9.26333687 -1e+10 9.99999999e+09
-3 3 15 -8.99402891 -1e+10 9.99999999e+09
-2 3 15 -8.31451695 -1e+10 9.99999999e+09
-1 3 15 -7.68089471 -1e+10 9.99999999e+09
0 3 15 -7.10761213 -1e+10 9.99999999e+09
1 3 15 -6.60940777 -1e+10 9.99999999e+09
2 3 15 -6.20917976 -1e+10 9.99999999e+09
3 3 15 -5.87517136 -1e+10 9.99999999e+09
4 3 15 -5.62114643 -1e+10 9.99999999e+09
5 3 15 -5.48438672 -1e+10 9.99999999e+09
6 3 15 -5.40874813 -1e+10 9.99999999e+09
7 3 15 -5.48441512 -1e+10 9.99999999e+09
8 3 15 -5.62114643 -1e+10 9.99999999e+09
9 3 15 -5.87514423 -1e+10 9.99999999e+09
10 3 15 -6.20917976 -1e+10 9.99999999e+09
11 3 15 -6.60940777 -1e+10 9.99999999e+09
12 3 15 -7.10761213 -1e+10 9.99999999e+09
13 3 15 -7.68089471 -1e+10 9.99999999e+09
14 3 15 -8.31451695 -1e+10 9.99999999e+09
15 3 15 -8.99402891 -1e+10 9.99999999e+09
-3 4 15 -8.81844614 -1e+10 9.99999999e+09
-2 4 15 -8.12485667 -1e+10 9.99999999e+09
-1 4 15 -7.47876303 -1e+10 9.99999999e+09
0 4 15 -6.89139322 -1e+10 9.99999999e+09
1 4 15 -6.3781993 -1e+10 9.99999999e+09
2 4 15 -5.96515594 -1e+10 9.99999999e+09
3 4 15 -5.62114643 -1e+10 9.99999999e+09
4 4 15 -5.35631049 -1e+10 9.99999999e+09
5 4 15 -5.20877086 -1e+10 9.99999999e+09
6 4 15 -5.12580997 -1e+10 9.99999999e+09
7 4 15 -5.20877086 -1e+10 9.99999999e+09
8 4 15 -5.35631049 -1e+10 9.99999999e+09
9 4 15 -5.62114643 -1e+10 9.99999999e+09
10 4 15 -5.96515594 -1e+10 9.99999999e+09
11 4 15 -6.3781993 -1e+10 9.99999999e+09
12 4 15 -6.89139322 -1e+10 9.99999999e+09
13 4 15 -7.47876303 -1e+10 9.99999999e+09
14 4 15 -8.12485667 -1e+10 9.99999999e+09
15 4 15 -8.81844614 -1e+10 9.99999999e+09
-3 5 15 -8.69782565 -1e+10 9.99999999e+09
-2 5 15 -8.00413903 -1e+10 9.99999999e+09
-1 5 15 -7.35723556 -1e+10 9.99999999e+09
0 5 15 -6.76907149 -1e+10 9.99999999e+09
1 5 15 -6.25033827 -1e+10 9.99999999e+09
2 5 15 -5.83306756 -1e+10 9.99999999e+09
3 5 15 -5.48438672 -1e+10 9.99999999e+09
4 5 15 -5.20877086 -1e+10 9.99999999e+09
5 5 15 -5.0466436 -1e+10 9.99999999e+09
6 5 15 -4.96053704 -1e+10 1e+10
7 5 15 -5.0466436 -1e+10 9.99999999e+09
8 5 15 -5.20877086 -1e+10 9.99999999e+09
9 5 15 -5.48441512 -1e+10 9.99999999e+09
10 5 15 -5.83305147 -1e+10 9.99999999e+09
11 5 15 -6.25033827 -1e+10 9.99999999e+09
12 5 15 -6.76907149 -1e+10 9.99999999e+09
13 5 15 -7.35723556 -1e+10 9.99999999e+09
14 5 15 -8.00414046 -1e+10 9.99999999e+09
15 5 15 -8.69782565 -1e+10 9.99999999e+09
-3 6 15 -8.64715357 -1e+10 9.99999999e+09
-2 6 15 -7.94904763 -1e+10 9.99999999e+09
-1 6 15 -7.29807264 -1e+10 9.99999999e+09
0 6 15 -6.70609475 -1e+10 9.99999999e+09
1 6 15 -6.183505 -1e+10 9.99999999e+09
2 6 15 -5.76236236 -1e+10 9.99999999e+09
3 6 15 -5.40874813 -1e+10 9.99999999e+09
4 6 15 -5.12580997 -1e+10 9.99999999e+09
5 6 15 -4.96053704 -1e+10 1e+10
6 6 15 -4.87342077 -1e+10 1e+10
7 6 15 -4.96053704 -1e+10 1e+10
8 6 15 -5.12580997 -1e+10 9.99999999e+09
9 6 15 -5.40874813 -1e+10 9.99999999e+09
10 6 15 -5.76236236 -1e+10 9.99999999e+09
11 6 15 -6.183505 -1e+10 9.99999999e+09
12 6 15 -6.70609475 -1e+10 9.99999999e+09
13 6 15 -7.29807264 -1e+10 9.99999999e+09
14 6 15 -7.94904763 -1e+10 9.99999999e+09
15 6 15 -8.64715357 -1e+10 9.99999999e+09
-3 7 15 -8.69782565 -1e+10 9.99999999e+09
-2 7 15 -8.00414046 -1e+10 9.99999999e+09
-1 7 15 -7.35723556 -1e+10 9.99999999e+09
0 7 15 -6.76907149 -1e+10 9.99999999e+09
1 7 15 -6.25033827 -1e+10 9.99999999e+09
2 7 15 -5.83305147 -1e+10 9.99999999e+09
3 7 15 -5.48441512 -1e+10 9.99999999e+09
4 7 15 -5.20877086 -1e+10 9.99999999e+09
5 7 15 -5.0466436 -1e+10 9.99999999e+09
6 7 15 -4.96053704 -1e+10 1e+10
7 7 15 -5.0466436 -1e+10 9.99999999e+09
8 7 15 -5.20877086 -1e+10 9.99999999e+09
9 7 15 -5.48438672 -1e+10 9.99999999e+09
10 7 15 -5.83306756 -1e+10 9.99999999e+09
11 7 15 -6.25033827 -1e+10 9.99999999e+09
12 7 15 -6.76907149 -1e+10 9.99999999e+09
13 7 15 -7.35723556 -1e+10 9.99999999e+09
14 7 15 -8.00413903 -1e+10 9.99999999e+09
15 7 15 -8.69782565 -1e+10 9.99999999e+09
-3 8 15 -8.81844614 -1e+10 9.99999999e+09
-2 8 15 -8.12485667 -1e+10 9.99999999e+09
-1 8 15 -7.47876303 -1e+10 9.99999999e+09
0 8 15 -6.89139322 -1e+10 9.99999999e+09
1 8 15 -6.3781993 -1e+10 9.99999999e+09
2 8 15 -5.96515594 -1e+10 9.99999999e+09
3 8 15 -5.62114643 -1e+10 9.99999999e+09
4 8 15 -5.35631049 -1e+10 9.99999999e+09
5 8 15 -5.20877086 -1e+10 9.99999999e+09
6 8 15 -5.12580997 -1e+10 9.99999999e+09
7 8 15 -5.20877086 -1e+10 9.99999999e+09
8 8 15 -5.35631049 -1e+10 9.99999999e+09
9 8 15 -5.62114643 -1e+10 9.99999999e+09
10 8 15 -5.96515594 -1e+10 9.99999999e+09
11 8 15 -6.3781993 -1e+10 9.99999999e+09
12 8 15 -6.89139322 -1e+10 9.99999999e+09
13 8 15 -7.47876303 -1e+10 9.99999999e+09
14 8 15 -8.12485667 -1e+10 9.99999999e+09
15 8 15 -8.81847237 -1e+10 9.99999999e+09
-3 9 15 -8.99402891 -1e+10 9.99999999e+09
-2 9 15 -8.31451695 -1e+10 9.99999999e+09
-1 9 15 -7.68089471 -1e+10 9.99999999e+09
0 9 15 -7.10761213 -1e+10 9.99999999e+09
1 9 15 -6.60940777 -1e+10 9.99999999e+09
2 9 15 -6.20917976 -1e+10 9.99999999e+09
3 9 15 -5.87514423 -1e+10 9.99999999e+09
4 9 15 -5.62114643 -1e+10 9.99999999e+09
5 9 15 -5.48441512 -1e+10 9.99999999e+09
6 9 15 -5.40874813 -1e+10 9.99999999e+09
7 9 15 -5.48438672 -1e+10 9.99999999e+09
8 9 15 -5.62114643 -1e+10 9.99999999e+09
9 9 15 -5.87517136 -1e+10 9.99999999e+09
10 9 15 -6.20917976 -1e+10 9.99999999e+09
11 9 15 -6.60940777 -1e+10 9.99999999e+09
12 9 15 -7.10761213 -1e+10 9.99999999e+09
13 9 15 -7.68089471 -1e+10 9.99999999e+09
14 9 15 -8.31451695 -1e+10 9.99999999e+09
15 9 15 -8.99402891 -1e+10 9.99999999e+09
-3 10 15 -9.26333687 -1e+10 9.99999999e+09
-2 10 15 -8.60282287 -1e+10 9.99999999e+09
-1 10 15 -7.9897796 -1e+10 9.99999999e+09
0 10 15 -7.43225234 -1e+10 9.99999999e+09
1 10 15 -6.95014993 -1e+10 9.99999999e+09
2 10 15 -6.55491397 -1e+10 9.99999999e+09
3 10 15 -6.20917976 -1e+10 9.99999999e+09
4 10 15 -5.96515594 -1e+10 9.99999999e+09
5 10 15 -5.83305147 -1e+10 9.99999999e+09
6 10 15 -5.76236236 -1e+10 9.99999999e+09
7 10 15 -5.83306756 -1e+10 9.99999999e+09
8 10 15 -5.96515594 -1e+10 9.99999999e+09
9 10 15 -6.20917976 -1e+10 9.99999999e+09
10 10 15 -6.55491397 -1e+10 9.99999999e+09
11 10 15 -6.95014993 -1e+10 9.99999999e+09
12 10 15 -7.43225234 -1e+10 9.99999999e+09
13 10 15 -7.9897796 -1e+10 9.99999999e+09
14 10 15 -8.60282287 -1e+10 9.99999999e+09
15 10 15 -9.26333687 -1e+10 9.99999999e+09
-3 11 15 -9.61532053 -1e+10 9.99999999e+09
-2 11 15 -8.97237976 -1e+10 9.99999999e+09
-1 11 15 -8.36726609 -1e+10 9.99999999e+09
0 11 15 -7.82133502 -1e+10 9.99999999e+09
1 11 15 -7.35418628 -1e+10 9.99999999e+09
2 11 15 -6.95014993 -1e+10 9.99999999e+09
3 11 15 -6.60940777 -1e+10 9.99999999e+09
4 11 15 -6.3781993 -1e+10 9.99999999e+09
5 11 15 -6.25033827 -1e+10 9.99999999e+09
6 11 15 -6.183505 -1e+10 9.99999999e+09
7 11 15 -6.25033827 -1e+10 9.99999999e+09
8 11 15 -6.3781993 -1e+10 9.99999999e+09
9 11 15 -6.60940777 -1e+10 9.99999999e+09
10 11 15 -6.95014993 -1e+10 9.99999999e+09
11 11 15 -7.3541052 -1e+10 9.99999999e+09
12 11 15 -7.82133502 -1e+10 9.99999999e+09
13 11 15 -8.36726609 -1e+10 9.99999999e+09
14 11 15 -8.97238005 -1e+10 9.99999999e+09
15 11 15 -9.61532053 -1e+10 9.99999999e+09
-3 12 15 -10.0058125 -1e+10 9.99999999e+09
-2 12 15 -9.37910763 -1e+10 9.99999999e+09
-1 12 15 -8.79462822 -1e+10 9.99999999e+09
0 12 15 -8.27133897 -1e+10 9.99999999e+09
1 12 15 -7.82133502 -1e+10 9.99999999e+09
2 12 15 -7.43225234 -1e+10 9.99999999e+09
3 12 15 -7.10761213 -1e+10 9.99999999e+09
4 12 15 -6.89139322 -1e+10 9.99999999e+09
5 12 15 -6.76907149 -1e+10 9.99999999e+09
6 12 15 -6.70609475 -1e+10 9.99999999e+09
7 12 15 -6.76907149 -1e+10 9.99999999e+09
8 12 15 -6.89139322 -1e+10 9.99999999e+09
9 12 15 -7.10761213 -1e+10 9.99999999e+09
10 12 15 -7.43225234 -1e+10 9.99999999e+09
11 12 15 -7.82133502 -1e+10 9.99999999e+09
12 12 15 -8.27133897 -1e+10 9.99999999e+09
13 12 15 -8.79462822 -1e+10 9.99999999e+09
14 12 15 -9.37910763 -1e+10 9.99999999e+09
15 12 15 -10.0058125 -1e+10 9.99999999e+09
-3 13 15 -10.4494503 -1e+10 9.99999999e+09
-2 13 15 -9.84688301 -1e+10 9.99999999e+09
-1 13 15 -9.28984058 -1e+10 9.99999999e+09
0 13 15 -8.79462822 -1e+10 9.99999999e+09
1 13 15 -8.36726609 -1e+10 9.99999999e+09
2 13 15 -7.9897796 -1e+10 9.99999999e+09
3 13 15 -7.68089471 -1e+10 9.99999999e+09
4 13 15 -7.47876303 -1e+10 9.99999999e+09
5 13 15 -7.35723556 -1e+10 9.99999999e+09
6 13 15 -7.29807264 -1e+10 9.99999999e+09
7 13 15 -7.35723556 -1e+10 9.99999999e+09
8 13 15 -7.47876303 -1e+10 9.99999999e+09
9 13 15 -7.68089471 -1e+10 9.99999999e+09
10 13 15 -7.9897796 -1e+10 9.99999999e+09
11 13 15 -8.36726609 -1e+10 9.99999999e+09
12 13 15 -8.79462822 -1e+10 9.99999999e+09
13 13 15 -9.28984058 -1e+10 9.99999999e+09
14 13 15 -9.84688301 -1e+10 9.99999999e+09
15 13 15 -10.4494503 -1e+10 9.99999999e+09
-3 14 15 -10.9562983 -1e+10 9.99999999e+09
-2 14 15 -10.3794432 -1e+10 9.99999999e+09
-1 14 15 -9.84688301 -1e+10 9.99999999e+09
0 14 15 -9.37910763 -1e+10 9.99999999e+09
1 14 15 -8.97238005 -1e+10 9.99999999e+09
2 14 15 -8.60282287 -1e+10 9.99999999e+09
3 14 15 -8.31451695 -1e+10 9.99999999e+09
4 14 15 -8.12485667 -1e+10 9.99999999e+09
5 14 15 -8.00413903 -1e+10 9.99999999e+09
6 14 15 -7.94904763 -1e+10 9.99999999e+09
7 14 15 -8.00414046 -1e+10 9.99999999e+09
8 14 15 -8.12485667 -1e+10 9.99999999e+09
9 14 15 -8.31451695 -1e+10 9.99999999e+09
10 14 15 -8.60282287 -1e+10 9.99999999e+09
11 14 15 -8.97237976 -1e+10 9.99999999e+09
12 14 15 -9.37910763 -1e+10 9.99999999e+09
13 14 15 -9.84688301 -1e+10 9.99999999e+09
14 14 15 -10.3794432 -1e+10 9.99999999e+09
15 14 15 -10.9562983 -1e+10 9.99999999e+09
-3 15 15 -11.5135676 -1e+10 9.99999999e+09
-2 15 15 -10.9562983 -1e+10 9.99999999e+09
-1 15 15 -10.4494503 -1e+10 9.99999999e+09
0 15 15 -10.0058125 -1e+10 9.99999999e+09
1 15 15 -9.61532053 -1e+10 9.99999999e+09
2 15 15 -9.26333687 -1e+10 9.99999999e+09
3 15 15 -8.99402891 -1e+10 9.99999999e+09
4 15 15 -8.81844614 -1e+10 9.99999999e+09
5 15 15 -8.69782565 -1e+10 9.99999999e+09
6 15 15 -8.64715357 -1e+10 9.99999999e+09
7 15 15 -8.69782565 -1e+10 9.99999999e+09
8 15 15 -8.81844614 -1e+10 9.99999999e+09
9 15 15 -8.99402891 -1e+10 9.99999999e+09
10 15 15 -9.26333687 -1e+10 9.99999999e+09
11 15 15 -9.61532053 -1e+10 9.99999999e+09
12 15 15 -10.0058125 -1e+10 9.99999999e+09
13 15 15 -10.4494503 -1e+10 9.99999999e+09
14 15 15 -10.9562983 -1e+10 9.99999999e+09
15 15 15 -11.5135676 -1e+10 9.99999999e+09
