rung,iter,wall_ms,compliance,achieved_vf,plateau,cg_iters,cg_multigrid,beta,hier_built,mg_cycles_attempted,infeasible,recycle_dim,active_fraction,total_ms,tail_prev_ms,filter_ms,project_ms,solve_ms,fea_ms,sens_ms,update_ms,analysis_ms,observe_ms,residual_ms,solver_build_ms,mg_build_ms,mg_ms,cg_ms,geneo_setup_ms,geneo_apply_ms,recycle_ms,fea_solves,matvecs,geneo_dim,geneo_action,geneo_burn,geneo_threshold,rss_mb,peak_rss_mb,compressed_mb,available_mb,major_faults,swapins
0,1,1786151287853,0.0042011018,0.633478,0,881,0,0,1,300,0,0,1.000000,94613.450,0.000,3.410,0.167,94569.630,94555.855,13.767,38.574,1.216,0.066,0.387,57.458,703.299,10246.635,6568.791,73707.786,3044.638,224.287,1,3760,1674,3,500,0,508.74,508.74,42.84,4995.16,207,0
0,2,1786151307217,0.003363267927,0.642622,0,1095,0,0,1,300,0,16,1.000000,19364.343,0.016,2.033,0.166,19338.893,19326.208,12.681,21.923,1.039,0.044,0.244,15.728,633.426,8159.285,6945.711,1.779,0.000,3567.892,1,2316,1674,5,1095,4610,572.80,648.75,18.36,5077.20,207,0
0,3,1786151325366,0.00271717069,0.652093,0,939,0,0,1,300,0,16,1.000000,18148.310,0.005,2.610,0.160,18114.321,18101.524,12.794,29.859,1.047,0.060,0.254,10.697,591.704,8334.614,5946.210,1.739,0.000,3215.121,1,2160,1674,5,939,4610,505.47,657.33,12.41,5057.62,207,0
0,4,1786151335024,0.002522719838,0.663893,0,999,0,0,0,0,0,16,1.000000,9658.285,0.003,2.214,0.328,9628.384,9614.006,14.375,25.698,1.064,0.045,0.552,14.598,0.000,0.000,6258.991,1.820,0.000,3337.222,1,1017,1674,5,999,4610,505.45,657.33,8.95,5048.91,207,0
0,5,1786151343332,0.002454032329,0.675471,0,850,0,0,0,0,0,16,1.000000,8307.764,0.004,2.212,0.178,8277.717,8263.674,14.036,26.045,1.323,0.047,0.242,10.752,0.000,0.000,5279.476,1.961,0.000,2970.099,1,868,1674,5,850,4610,505.45,657.33,8.95,4876.39,207,0
0,6,1786151350771,0.002427871812,0.678148,0,745,0,0,0,0,0,16,1.000000,7439.031,0.002,2.050,0.161,7409.717,7397.103,12.611,25.729,1.053,0.047,0.275,10.635,0.000,0.000,4683.066,1.954,0.000,2700.043,1,763,1674,5,745,4610,505.45,657.33,8.95,5026.92,207,0
0,7,1786151359163,0.002418675285,0.678763,0,866,0,0,0,0,0,16,1.000000,8392.853,0.002,2.201,0.167,8361.048,8348.260,12.785,28.001,1.105,0.059,0.272,11.121,0.000,0.000,5329.957,1.797,0.000,3004.116,1,884,1674,5,866,4610,446.74,657.33,8.95,5056.28,207,0
0,8,1786151367223,0.002414043521,0.679086,0,807,0,0,0,0,0,16,1.000000,8059.774,0.003,2.183,0.170,8030.542,8018.211,12.330,25.490,1.066,0.046,0.277,11.275,0.000,0.000,5132.416,1.942,0.000,2871.250,1,825,1674,5,807,4610,446.72,657.33,8.94,5044.84,207,0
0,9,1786151374424,0.002410994922,0.679209,0,733,0,0,0,0,0,16,1.000000,7201.156,0.003,2.126,0.174,7170.084,7157.641,12.442,27.233,1.250,0.055,0.234,11.582,0.000,0.000,4455.289,1.785,0.000,2687.654,1,751,1674,5,733,4610,446.72,657.33,8.94,4946.09,207,0
0,10,1786151381710,0.002408679538,0.679343,0,667,0,0,0,0,0,16,1.000000,7285.806,0.003,2.531,0.168,7255.942,7242.801,13.138,25.743,1.095,0.047,0.279,13.016,0.000,0.000,4591.436,1.758,0.000,2635.256,1,685,1674,5,667,4610,450.08,657.33,10.39,4966.73,207,0
0,11,1786151389208,0.00240680237,0.679565,0,741,0,0,0,0,0,16,1.000000,7498.334,0.004,2.123,0.167,7465.612,7449.665,15.944,29.038,1.064,0.066,0.264,11.910,0.000,0.000,4705.254,1.788,0.000,2729.132,1,759,1674,5,741,4610,450.08,657.33,14.23,4675.16,207,0
0,12,1786151396533,0.002405487887,0.679699,0,656,0,0,0,0,0,16,1.000000,7323.557,0.003,4.021,0.180,7273.516,7260.692,12.820,42.549,1.383,0.084,1.824,16.377,0.000,0.000,4644.152,2.026,0.000,2595.560,1,674,1674,5,656,4610,475.92,657.33,97.66,4351.28,207,0
0,13,1786151406481,0.002404627084,0.679768,0,783,0,0,0,0,0,16,1.000000,9948.552,0.007,3.656,0.170,9902.455,9888.116,14.335,40.709,1.163,0.045,0.354,18.139,0.000,0.000,6760.699,1.728,0.000,3105.257,1,801,1674,5,783,4610,475.92,657.33,148.86,4117.05,207,0
0,14,1786151416496,0.002403985097,0.679816,0,794,0,0,0,0,0,16,1.000000,10014.538,0.012,2.551,0.189,9979.237,9965.846,13.388,31.124,1.078,0.049,0.310,17.582,0.000,0.000,6861.280,1.810,0.000,3083.547,1,812,1674,5,794,4610,476.52,657.33,133.59,4372.80,207,0
0,15,1786151426492,0.002403462862,0.679836,0,799,0,0,0,0,0,16,1.000000,9995.896,0.003,2.652,0.168,9966.951,9952.922,14.024,24.707,1.069,0.045,0.303,10.801,0.000,0.000,6852.796,1.759,0.000,3085.699,1,817,1674,5,799,4610,476.52,657.33,132.78,4372.00,207,0
0,16,1786151444004,0.00240300462,0.679873,0,1442,0,0,0,0,0,16,1.000000,17512.091,0.020,2.199,0.168,17474.913,17462.613,12.297,32.756,1.065,0.062,0.929,13.810,0.000,0.000,12544.020,1.796,0.000,4900.777,1,1460,1674,5,1442,4610,476.52,657.33,130.22,4287.61,207,0
0,17,1786151455954,0.002402616796,0.679893,0,950,0,0,0,0,0,16,1.000000,11950.480,0.003,2.324,0.166,11913.722,11900.899,12.818,32.722,1.160,0.052,0.334,13.122,0.000,0.000,8326.156,1.765,0.000,3558.512,1,968,1674,5,950,4610,476.52,657.33,129.64,4204.88,207,0
0,18,1786151465952,0.002402301669,0.679914,0,712,0,0,0,0,0,16,1.000000,9997.881,0.003,2.205,0.168,9955.200,9941.151,14.045,38.751,1.068,0.066,0.423,13.849,0.000,0.000,6735.196,1.801,0.000,3188.130,1,730,1674,5,712,4610,476.52,657.33,149.33,4128.61,207,0
0,19,1786151476900,0.002402046912,0.679919,0,822,0,0,0,0,0,16,1.000000,10947.911,0.003,2.200,0.162,10909.844,10897.565,12.276,34.048,1.071,0.054,0.531,14.307,0.000,0.000,7558.690,1.807,0.000,3321.246,1,840,1674,5,822,4610,476.52,657.33,134.25,4292.17,207,0
0,20,1786151485967,0.002401821703,0.679925,0,687,0,0,0,0,0,16,1.000000,9067.356,0.003,2.250,0.163,9027.806,9015.542,12.259,35.717,1.055,0.050,0.314,13.184,0.000,0.000,6111.463,1.823,0.000,2887.591,1,705,1674,5,687,4610,476.52,657.33,130.05,4305.47,207,0
0,21,1786151496901,0.002401591165,0.679929,0,833,0,0,0,0,0,16,1.000000,10933.376,0.003,2.098,0.162,10895.200,10882.013,13.184,34.479,1.058,0.057,0.321,12.986,0.000,0.000,7504.559,1.796,0.000,3360.397,1,851,1674,5,833,4610,476.52,657.33,129.81,4326.08,207,0
0,22,1786151507638,0.002401351037,0.679932,0,854,0,0,0,0,0,16,1.000000,10737.334,0.002,3.403,0.195,10701.094,10686.566,14.525,31.104,1.153,0.054,0.331,13.092,0.000,0.000,7406.975,1.779,0.000,3263.307,1,872,1674,5,854,4610,476.52,657.33,129.81,4567.53,207,0
0,23,1786151518282,0.002401122971,0.679937,0,836,0,0,0,0,0,16,1.000000,10643.821,0.003,2.380,0.175,10611.162,10597.293,13.864,28.568,1.126,0.062,0.347,11.394,0.000,0.000,7351.718,1.736,0.000,3231.132,1,854,1674,5,836,4610,476.52,657.33,129.81,4790.84,207,0
0,24,1786151528025,0.002400920911,0.679939,0,741,0,0,0,0,0,16,1.000000,9742.987,0.003,2.503,0.182,9703.336,9691.004,12.328,34.699,1.114,0.066,1.087,11.324,0.000,0.000,6611.636,2.095,0.000,3063.836,1,759,1674,5,741,4610,476.52,657.33,129.81,4535.78,207,0
0,25,1786151537431,0.00240073668,0.679941,0,730,0,0,0,0,0,16,1.000000,9406.570,0.003,2.218,0.196,9368.762,9356.092,12.666,32.500,1.640,0.934,0.320,14.057,0.000,0.000,6336.349,1.728,0.000,3002.597,1,748,1674,5,730,4610,476.52,657.33,129.77,4456.48,207,0
0,26,1786151549523,0.002400556137,0.679943,0,931,0,0,0,0,0,16,1.000000,12091.205,0.004,2.215,0.177,12052.213,12039.071,13.139,35.135,1.078,0.058,0.329,14.379,0.000,0.000,8418.099,1.775,0.000,3603.471,1,949,1674,5,931,4610,476.52,657.33,129.75,4503.28,207,0
0,27,1786151560914,0.002400383709,0.679951,1,906,0,0,0,0,0,16,1.000000,11391.060,0.004,2.251,0.182,11354.816,11342.640,12.172,32.420,1.045,0.059,0.287,14.280,0.000,0.000,7907.110,1.812,0.000,3418.008,1,924,1674,5,906,4610,476.52,657.33,129.75,4526.69,207,0
1,1,1786151621416,0.00360323114,0.499494,0,904,0,0,0,0,0,16,1.000000,11467.882,0.000,3.002,0.168,11426.855,11413.057,13.793,35.703,1.176,0.062,0.916,17.692,0.000,0.000,7918.418,1.809,0.000,3472.684,1,922,1674,5,904,4610,540.34,657.33,120.28,4421.31,207,0
1,2,1786151630825,0.003199999435,0.512566,0,724,0,0,0,0,0,16,1.000000,9409.404,0.003,2.232,0.169,9369.324,9355.887,13.432,36.240,1.056,0.067,0.316,14.696,0.000,0.000,6407.654,1.800,0.000,2929.752,1,742,1674,5,724,4610,543.94,657.33,120.28,4406.75,207,0
1,3,1786151641141,0.002891184742,0.516249,0,813,0,0,0,0,0,16,1.000000,10315.706,0.007,2.385,0.187,10279.286,10266.416,12.866,32.253,1.088,0.058,0.451,13.714,0.000,0.000,7028.103,1.767,0.000,3221.114,1,831,1674,5,813,4610,554.86,657.33,120.31,3989.78,207,0
1,4,1786151650490,0.002790524487,0.516907,0,712,0,0,0,0,0,16,1.000000,9349.433,0.002,2.221,0.165,9312.112,9299.618,12.492,33.540,1.057,0.054,0.284,15.844,0.000,0.000,6316.045,1.999,0.000,2963.875,1,730,1674,5,712,4610,563.80,657.33,171.81,4422.48,207,0
1,5,1786151660594,0.002730769701,0.517026,0,792,0,0,0,0,0,16,1.000000,10103.837,0.004,2.621,0.191,10068.092,10053.828,14.259,31.338,1.134,0.059,0.402,13.774,0.000,0.000,6917.956,2.084,0.000,3118.224,1,810,1674,5,792,4610,567.67,657.33,168.94,4352.39,207,0
1,6,1786151671196,0.002683295003,0.517495,0,824,0,0,0,0,0,16,1.000000,10601.899,0.003,2.154,0.168,10552.913,10535.445,17.463,44.667,1.075,0.225,0.698,11.920,0.000,0.000,7320.950,1.755,0.000,3198.882,1,842,1674,5,824,4610,567.89,657.33,168.94,4390.11,207,0
1,7,1786151680857,0.002644547145,0.518264,0,724,0,0,0,0,0,16,1.000000,9660.518,0.002,2.646,0.168,9627.238,9613.786,13.447,28.927,1.066,0.077,0.396,12.330,0.000,0.000,6599.537,1.971,0.000,2998.304,1,742,1674,5,724,4610,567.89,657.33,168.94,4343.92,207,0
1,8,1786151690296,0.00261826162,0.518913,0,732,0,0,0,0,0,16,1.000000,9439.860,0.024,2.189,0.203,9401.045,9387.736,13.301,34.788,1.075,0.057,0.504,10.682,0.000,0.000,6395.339,1.784,0.000,2978.482,1,750,1674,5,732,4610,567.89,657.33,168.92,4330.00,207,0
1,9,1786151699542,0.002602465218,0.519266,0,718,0,0,0,0,0,16,1.000000,9245.214,0.003,2.833,0.177,9206.466,9192.900,13.562,34.156,1.091,0.103,0.390,12.438,0.000,0.000,6242.250,1.772,0.000,2934.789,1,736,1674,5,718,4610,567.89,657.33,168.89,4249.69,207,0
1,10,1786151709020,0.002592946483,0.519417,0,701,0,0,0,0,0,16,1.000000,9477.909,0.004,2.351,0.161,9443.713,9430.597,13.113,29.936,1.366,0.065,0.316,13.724,0.000,0.000,6435.048,2.319,0.000,2977.749,1,719,1674,5,701,4610,583.84,657.33,206.97,4113.62,207,0
1,11,1786151718288,0.002586462683,0.519513,0,720,0,0,0,0,0,16,1.000000,9268.816,0.004,2.054,0.167,9242.032,9229.438,12.590,23.128,1.072,0.052,0.310,16.584,0.000,0.000,6325.267,2.292,0.000,2883.736,1,738,1674,5,720,4610,583.84,657.33,190.66,4246.28,207,0
1,12,1786151727589,0.002581453377,0.519616,0,721,0,0,0,0,0,16,1.000000,9300.588,0.005,2.330,0.168,9265.370,9252.432,12.936,30.530,1.847,0.053,0.291,10.770,0.000,0.000,6288.539,1.742,0.000,2949.740,1,739,1674,5,721,4610,583.84,657.33,189.23,4285.17,207,0
1,13,1786151737665,0.002577666743,0.519714,0,746,0,0,0,0,0,16,1.000000,10076.142,0.014,2.681,0.172,10037.462,10024.615,12.843,34.337,1.094,0.074,0.323,12.874,0.000,0.000,6960.330,1.790,0.000,3048.099,1,764,1674,5,746,4610,584.02,657.33,215.09,4337.66,207,0
1,14,1786151747085,0.002574911926,0.519783,0,743,0,0,0,0,0,16,1.000000,9420.221,0.014,2.825,0.172,9387.564,9372.369,15.190,28.129,1.075,0.058,0.399,13.173,0.000,0.000,6422.847,1.790,0.000,2932.715,1,761,1674,5,743,4610,584.02,657.33,215.06,4308.67,207,0
1,15,1786151757065,0.002572926216,0.519830,0,764,0,0,0,0,0,16,1.000000,9979.810,0.013,2.616,0.169,9932.536,9918.486,14.046,42.281,1.126,0.058,1.025,13.323,0.000,0.000,6829.000,2.866,0.000,3071.122,1,782,1674,5,764,4610,584.05,657.33,225.14,4243.91,207,0
1,16,1786151766515,0.002571339675,0.519867,0,741,0,0,0,0,0,16,1.000000,9449.754,0.019,2.293,0.171,9416.083,9403.327,12.752,29.737,1.059,0.062,0.349,14.648,0.000,0.000,6402.316,1.927,0.000,2982.976,1,759,1674,5,741,4610,584.05,657.33,248.00,4400.48,207,0
1,17,1786151775911,0.002570087149,0.519895,0,727,0,0,0,0,0,16,1.000000,9396.399,0.003,2.427,0.168,9346.557,9330.737,15.791,45.237,1.218,0.055,0.738,16.104,0.000,0.000,6383.229,3.249,0.000,2926.641,1,745,1674,5,727,4610,584.05,657.33,237.33,4305.75,207,0
1,18,1786151785018,0.002569032765,0.519918,0,713,0,0,0,0,0,16,1.000000,9107.094,0.021,2.308,0.173,9069.455,9056.312,13.140,33.669,1.058,0.057,0.375,17.698,0.000,0.000,6158.873,3.105,0.000,2874.773,1,731,1674,5,713,4610,584.05,657.33,237.31,4362.89,207,0
1,19,1786151794086,0.002568130288,0.519940,0,736,0,0,0,0,0,16,1.000000,9067.820,0.004,2.119,0.171,9041.243,9028.902,12.339,22.898,1.068,0.058,0.262,12.456,0.000,0.000,6121.052,1.767,0.000,2891.861,1,754,1674,5,736,4610,516.66,657.33,183.28,4334.92,207,0
1,20,1786151802816,0.002567412986,0.519956,0,713,0,0,0,0,0,16,1.000000,8729.797,0.003,2.155,0.166,8700.012,8687.289,12.720,26.009,1.078,0.062,0.314,11.691,0.000,0.000,5890.344,1.716,0.000,2782.016,1,731,1674,5,713,4610,518.05,657.33,183.72,4337.36,207,0
1,21,1786151811399,0.002566898486,0.519962,0,717,0,0,0,0,0,16,1.000000,8582.817,0.004,2.072,0.164,8547.783,8535.813,11.969,31.463,1.055,0.046,0.234,10.993,0.000,0.000,5790.352,2.982,0.000,2729.206,1,735,1674,5,717,4610,518.27,657.33,183.72,4332.09,207,0
1,22,1786151819830,0.002566475764,0.519968,0,704,0,0,0,0,0,16,1.000000,8430.885,0.003,2.095,0.167,8402.782,8389.650,13.129,24.463,1.068,0.051,0.258,10.992,0.000,0.000,5634.588,1.991,0.000,2740.592,1,722,1674,5,704,4610,518.27,657.33,183.72,4483.55,207,0
1,23,1786151828403,0.002566121136,0.519976,0,697,0,0,0,0,0,16,1.000000,8573.464,0.003,2.134,0.173,8543.751,8529.576,14.173,24.630,1.051,0.055,1.669,11.045,0.000,0.000,5789.135,1.784,0.000,2726.111,1,715,1674,5,697,4610,518.28,657.33,183.67,4352.22,207,0
1,24,1786151836702,0.002565860671,0.519977,0,682,0,0,0,0,0,16,1.000000,8298.679,0.003,1.964,0.161,8263.341,8250.984,12.353,31.787,1.042,0.057,0.328,10.976,0.000,0.000,5574.976,1.783,0.000,2661.793,1,700,1674,5,682,4610,518.28,657.33,183.70,4331.50,207,0
1,25,1786151845155,0.002565621355,0.519981,0,701,0,0,0,0,0,16,1.000000,8453.573,0.003,2.294,0.173,8418.747,8405.213,13.532,30.813,1.103,0.055,0.388,13.092,0.000,0.000,5687.420,1.811,0.000,2701.372,1,719,1674,5,701,4610,518.28,657.33,183.25,4305.09,207,0
1,26,1786151854402,0.002565408735,0.519984,0,769,0,0,0,0,0,16,1.000000,9246.853,0.015,2.136,0.177,9220.094,9207.695,12.396,23.071,1.069,0.058,0.249,11.411,0.000,0.000,6277.970,1.745,0.000,2915.162,1,787,1674,5,769,4610,518.28,657.33,183.23,4310.33,207,0
1,27,1786151862703,0.002565224802,0.519986,0,687,0,0,0,0,0,16,1.000000,8300.376,0.004,2.098,0.165,8271.935,8258.539,13.393,24.555,1.055,0.050,0.516,11.062,0.000,0.000,5582.117,1.747,0.000,2662.214,1,705,1674,5,687,4610,518.28,657.33,183.19,4353.30,207,0
1,28,1786151869960,0.002565069919,0.519988,0,591,0,0,0,0,0,16,1.000000,7257.823,0.003,3.361,0.174,7228.149,7215.487,12.660,24.726,1.042,0.051,0.319,15.420,0.000,0.000,4752.573,1.725,0.000,2444.363,1,609,1674,5,591,4610,518.28,657.33,183.19,4357.75,207,0
1,29,1786151876473,0.002564943238,0.519989,0,515,0,0,0,0,0,16,1.000000,6512.309,0.003,1.952,0.161,6479.350,6467.057,12.289,29.470,1.079,0.034,0.263,10.478,0.000,0.000,4195.112,1.767,0.000,2258.282,1,533,1674,5,515,4610,518.28,657.33,183.19,4342.09,207,0
1,30,1786151883253,0.002564820885,0.519989,0,546,0,0,0,0,0,16,1.000000,6780.728,0.016,2.001,0.168,6745.303,6732.871,12.428,31.862,1.044,0.058,0.291,10.415,0.000,0.000,4363.870,1.742,0.000,2355.510,1,564,1674,5,546,4610,518.28,657.33,183.16,4175.05,207,0
1,31,1786151890524,0.002564694937,0.519989,1,588,0,0,0,0,0,16,1.000000,7270.364,0.003,2.096,0.169,7237.621,7224.303,13.314,29.000,1.055,0.054,0.369,12.340,0.000,0.000,4799.057,1.743,0.000,2409.795,1,606,1674,5,588,4610,518.88,657.33,183.16,4321.23,207,0
1,32,1786151917747,0.002609146231,0.517783,0,598,0,1,0,0,0,16,1.000000,6484.378,0.000,3.567,0.851,6459.372,6447.260,12.111,19.149,1.042,0.055,0.342,12.137,0.000,0.000,4121.971,1.997,0.000,2309.669,1,616,1674,5,598,4610,528.38,657.33,173.94,5297.72,207,0
1,33,1786151924071,0.002592116413,0.518253,0,713,0,1,0,0,0,16,1.000000,6323.721,0.003,2.977,0.668,6299.782,6287.669,12.111,18.995,1.019,0.046,0.233,10.165,0.000,0.000,3822.722,1.720,0.000,2451.777,1,731,1674,5,713,4610,534.02,657.33,173.91,5261.81,207,0
1,34,1786151932783,0.00257906388,0.518938,0,1035,0,1,0,0,0,16,1.000000,8712.838,0.002,2.955,0.680,8689.202,8677.308,11.893,18.687,1.031,0.044,0.238,9.933,0.000,0.000,5502.479,1.740,0.000,3161.903,1,1053,1674,5,1035,4610,534.02,657.33,173.91,5246.75,207,0
1,35,1786151941404,0.002570186805,0.519462,0,999,0,1,0,0,0,16,1.000000,8620.782,0.005,2.957,0.661,8596.899,8584.832,12.065,18.945,1.029,0.052,0.239,9.796,0.000,0.000,5493.247,1.756,0.000,3078.624,1,1017,1674,5,999,4610,534.02,657.33,173.86,4668.19,207,0
1,36,1786151949089,0.002565820536,0.519696,0,873,0,1,0,0,0,16,1.000000,7684.562,0.003,3.042,0.676,7655.738,7642.669,13.067,23.701,1.091,0.043,0.272,10.024,0.000,0.000,4787.040,1.743,0.000,2842.594,1,891,1674,5,873,4610,534.02,657.33,173.86,4902.61,207,0
1,37,1786151955746,0.002563781993,0.519795,0,709,0,1,0,0,0,16,1.000000,6657.178,0.004,3.378,0.715,6627.383,6614.660,12.720,24.310,1.081,0.038,0.272,10.953,0.000,0.000,4217.724,1.938,0.000,2382.677,1,727,1674,5,709,4610,534.02,657.33,173.78,4915.69,207,0
1,38,1786151962552,0.002562662225,0.519849,0,701,0,1,0,0,0,16,1.000000,6806.369,0.003,3.082,0.721,6773.938,6761.275,12.660,27.146,1.049,0.050,0.383,10.686,0.000,0.000,4320.435,1.757,0.000,2426.896,1,719,1674,5,701,4610,500.27,657.33,171.36,4884.77,207,0
1,39,1786151969310,0.002561963603,0.519880,0,691,0,1,0,0,0,16,1.000000,6757.343,0.020,3.557,0.718,6727.556,6713.974,13.578,24.106,1.050,0.060,0.296,11.754,0.000,0.000,4285.931,1.755,0.000,2413.197,1,709,1674,5,691,4610,501.41,657.33,171.34,4814.55,207,0
1,40,1786151975280,0.002561480116,0.519895,0,601,0,1,0,0,0,16,1.000000,5970.398,0.003,3.232,0.671,5941.655,5929.151,12.502,23.470,1.065,0.050,0.254,10.769,0.000,0.000,3693.693,1.895,0.000,2221.095,1,619,1674,5,601,4610,501.41,657.33,171.33,4728.73,207,0
1,41,1786151982220,0.002561093222,0.519908,0,664,0,1,0,0,0,16,1.000000,6940.466,0.002,3.434,0.701,6910.955,6897.862,13.090,23.971,1.065,0.055,0.284,10.620,0.000,0.000,4433.500,1.728,0.000,2450.645,1,682,1674,5,664,4610,509.03,657.33,172.20,4677.50,207,0
1,42,1786151988156,0.002560764743,0.519918,0,606,0,1,0,0,0,16,1.000000,5934.835,0.003,3.232,0.691,5906.516,5894.157,12.356,22.802,1.302,0.038,0.253,11.057,0.000,0.000,3656.680,2.028,0.000,2222.928,1,624,1674,5,606,4610,509.03,657.33,172.20,4690.50,207,0
1,43,1786151993631,0.002560496099,0.519927,0,554,0,1,0,0,0,16,1.000000,5475.285,0.004,3.742,0.959,5441.974,5427.975,13.995,27.162,1.145,0.036,0.267,11.555,0.000,0.000,3277.228,1.798,0.000,2136.005,1,572,1674,5,554,4610,512.39,657.33,172.12,4677.08,207,0
1,44,1786151999364,0.002560269977,0.519933,0,574,0,1,0,0,0,16,1.000000,5733.045,0.004,3.271,0.677,5703.827,5690.987,12.836,23.851,1.089,0.048,0.282,11.987,0.000,0.000,3499.830,2.210,0.000,2175.612,1,592,1674,5,574,4610,512.39,657.33,172.12,4750.12,207,0
1,45,1786152004726,0.002560079096,0.519939,0,548,0,1,0,0,0,16,1.000000,5361.446,0.006,3.192,0.682,5333.007,5320.079,12.925,23.155,1.092,0.066,0.252,11.344,0.000,0.000,3253.399,1.996,0.000,2051.959,1,566,1674,5,548,4610,512.39,657.33,172.88,4575.41,207,0
1,46,1786152010431,0.002559912175,0.519946,0,576,0,1,0,0,0,16,1.000000,5704.224,0.003,3.132,0.684,5675.278,5662.870,12.406,23.646,1.183,0.062,0.239,10.696,0.000,0.000,3506.544,1.976,0.000,2142.249,1,594,1674,5,576,4610,512.39,657.33,172.88,4661.47,207,0
1,47,1786152015502,0.002559773688,0.519950,0,516,0,1,0,0,0,16,1.000000,5071.511,0.003,3.461,0.695,5042.504,5029.858,12.643,23.298,1.072,0.052,0.428,10.356,0.000,0.000,3048.353,1.934,0.000,1967.681,1,534,1674,5,516,4610,512.39,657.33,172.89,4678.67,207,0
1,48,1786152020855,0.002559651144,0.519955,0,539,0,1,0,0,0,16,1.000000,5351.818,0.007,3.364,0.702,5320.631,5307.651,12.976,25.749,1.052,0.033,0.287,10.615,0.000,0.000,3255.076,1.814,0.000,2038.747,1,557,1674,5,539,4610,512.39,657.33,172.89,4592.39,207,0
1,49,1786152026616,0.002559548692,0.519958,0,532,0,1,0,0,0,16,1.000000,5760.873,0.013,4.805,0.926,5727.598,5714.735,12.859,25.473,1.065,0.048,0.958,11.210,0.000,0.000,3470.422,1.808,0.000,2229.238,1,550,1674,5,532,4610,512.39,657.33,173.64,4678.53,207,0
1,50,1786152032760,0.002559463559,0.519960,0,572,0,1,0,0,0,16,1.000000,6143.591,0.007,3.325,0.691,6114.313,6101.777,12.533,23.835,1.069,0.052,0.307,12.600,0.000,0.000,3695.719,1.824,0.000,2390.276,1,590,1674,5,572,4610,512.39,657.33,173.64,4631.92,207,0
1,51,1786152039216,0.002559382851,0.519961,0,619,0,1,0,0,0,16,1.000000,6456.091,0.003,4.137,0.681,6426.772,6414.282,12.488,23.102,1.094,0.053,0.252,11.254,0.000,0.000,4014.478,1.817,0.000,2385.377,1,637,1674,5,619,4610,512.39,657.33,173.64,4731.59,207,0
1,52,1786152045366,0.002559297879,0.519963,0,603,0,1,0,0,0,16,1.000000,6149.175,0.003,3.542,0.694,6118.723,6106.273,12.446,24.756,1.147,0.053,0.261,11.601,0.000,0.000,3758.953,1.838,0.000,2332.524,1,621,1674,5,603,4610,512.39,657.33,173.64,4705.27,207,0
1,53,1786152052410,0.002559210627,0.519964,0,630,0,1,0,0,0,16,1.000000,7043.926,0.016,34.246,0.675,6947.134,6899.364,47.764,59.470,1.424,0.074,0.902,11.008,0.000,0.000,4376.313,1.812,0.000,2495.973,1,648,1674,5,630,4610,525.20,657.33,209.77,4119.95,207,0
1,54,1786152060982,0.002559119382,0.519967,0,655,0,1,0,0,0,16,1.000000,8571.532,0.007,6.249,0.734,8530.906,8517.977,12.925,29.918,1.110,0.071,2.544,20.843,0.000,0.000,5726.291,1.809,0.000,2765.565,1,673,1674,5,655,4610,525.20,657.33,231.19,3614.38,207,0
1,55,1786152068946,0.00255903964,0.519969,0,601,0,1,0,0,0,16,1.000000,7960.967,0.030,3.334,0.716,7928.380,7915.058,13.318,26.577,1.420,0.058,0.481,20.466,0.000,0.000,5290.547,1.851,0.000,2600.636,1,619,1674,5,601,4610,525.20,657.33,210.55,4238.19,207,0
1,56,1786152077623,0.002558980305,0.519969,0,672,0,1,0,0,0,16,1.000000,8676.101,0.009,3.604,0.706,8631.198,8614.644,16.550,36.885,1.105,2.184,0.419,11.673,0.000,0.000,5819.557,1.819,0.000,2780.115,1,690,1674,5,672,4610,525.20,657.33,210.45,4140.98,207,0
1,57,1786152086145,0.002558929994,0.519970,0,675,0,1,0,0,0,16,1.000000,8522.675,0.014,4.883,0.722,8483.426,8469.109,14.312,32.081,1.094,0.059,0.411,11.986,0.000,0.000,5710.212,2.118,0.000,2743.061,1,693,1674,5,675,4610,525.20,657.33,210.41,4285.27,207,0
1,58,1786152094924,0.00255889145,0.519970,0,677,0,1,0,0,0,16,1.000000,8777.953,0.006,5.236,1.059,8736.713,8722.008,14.700,33.286,1.124,0.056,0.478,16.414,0.000,0.000,5944.143,1.772,0.000,2757.130,1,695,1674,5,677,4610,525.20,657.33,195.52,4243.95,207,0
1,59,1786152103779,0.002558852072,0.519970,0,673,0,1,0,0,0,16,1.000000,8855.172,0.004,4.257,0.770,8813.384,8798.559,14.821,35.173,1.101,0.066,0.422,12.201,0.000,0.000,5990.018,1.782,0.000,2791.034,1,691,1674,5,673,4610,525.20,657.33,195.50,4350.66,207,0
1,60,1786152112303,0.002558810772,0.519970,0,678,0,1,0,0,0,16,1.000000,8522.781,0.007,4.769,0.707,8484.447,8471.771,12.674,31.331,1.110,0.059,0.358,12.831,0.000,0.000,5687.876,2.148,0.000,2767.253,1,696,1674,5,678,4610,525.20,657.33,198.14,4358.78,207,0
1,61,1786152121899,0.002558770187,0.519971,0,732,0,1,0,0,0,16,1.000000,9596.898,0.020,4.248,0.758,9559.535,9545.805,13.726,28.927,1.223,0.067,2.139,12.691,0.000,0.000,6533.761,1.940,0.000,2995.582,1,750,1674,5,732,4610,525.20,657.33,208.58,3908.69,207,0
1,62,1786152130206,0.002558734982,0.519971,0,626,0,1,0,0,0,16,1.000000,8305.372,0.004,3.389,0.692,8273.841,8260.194,13.645,25.741,1.090,0.066,0.553,17.147,0.000,0.000,5549.941,1.814,0.000,2689.827,1,644,1674,5,626,4610,525.20,657.33,210.08,4060.22,207,0
1,63,1786152138879,0.002558701301,0.519972,0,660,0,1,0,0,0,16,1.000000,8672.720,0.006,3.733,0.751,8631.571,8618.975,12.592,35.203,1.088,0.056,0.319,12.148,0.000,0.000,5842.434,1.787,0.000,2761.004,1,678,1674,5,660,4610,525.20,657.33,209.67,4148.08,207,0
1,64,1786152147346,0.00255867086,0.519972,0,621,0,1,0,0,0,16,1.000000,8466.174,0.008,6.863,0.725,8425.230,8410.415,14.810,31.764,1.083,0.063,0.446,17.528,0.000,0.000,5683.338,2.731,0.000,2705.257,1,639,1674,5,621,4610,525.20,657.33,194.80,3995.27,207,0
1,65,1786152156124,0.002558644996,0.519972,0,667,0,1,0,0,0,16,1.000000,8777.765,0.019,3.832,0.816,8744.709,8731.847,12.859,26.937,1.088,0.059,0.323,12.817,0.000,0.000,5928.784,1.810,0.000,2786.531,1,685,1674,5,667,4610,526.33,657.33,194.69,3992.25,207,0
1,66,1786152163571,0.002558618538,0.519973,0,564,0,1,0,0,0,16,1.000000,7446.406,0.007,3.421,0.720,7407.303,7394.819,12.481,33.449,1.082,0.058,0.374,14.823,0.000,0.000,4878.192,1.911,0.000,2498.187,1,582,1674,5,564,4610,526.33,657.33,194.69,4000.14,207,0
1,67,1786152171448,0.002558593067,0.519973,0,599,0,1,0,0,0,16,1.000000,7877.067,0.004,4.153,0.730,7839.938,7826.420,13.514,30.764,1.074,0.057,0.351,14.089,0.000,0.000,5225.407,1.764,0.000,2583.735,1,617,1674,5,599,4610,526.33,657.33,195.81,3950.08,207,0
1,68,1786152180058,0.002558568974,0.519975,0,649,0,1,0,0,0,16,1.000000,8608.578,0.005,3.570,0.748,8564.900,8550.966,13.929,37.866,1.152,0.058,0.284,13.091,0.000,0.000,5765.466,1.834,0.000,2768.161,1,667,1674,5,649,4610,526.33,657.33,195.78,3626.16,207,0
1,69,1786152187966,0.002558549339,0.519975,0,598,0,1,0,0,0,16,1.000000,7908.116,0.004,3.411,0.706,7873.173,7860.828,12.341,29.238,1.163,0.053,0.373,12.908,0.000,0.000,5278.314,1.813,0.000,2565.855,1,616,1674,5,598,4610,526.33,657.33,195.80,3916.39,207,0
1,70,1786152195290,0.002558534866,0.519975,0,548,0,1,0,0,0,16,1.000000,7323.587,0.004,3.405,0.672,7289.672,7277.020,12.649,28.296,1.081,0.065,0.397,13.436,0.000,0.000,4769.726,1.790,0.000,2490.624,1,566,1674,5,548,4610,526.33,657.33,195.80,3987.84,207,0
1,71,1786152202545,0.002558518915,0.519975,0,530,0,1,0,0,0,16,1.000000,7254.878,0.005,4.100,0.751,7218.194,7203.219,14.972,29.327,1.269,0.284,0.952,13.041,0.000,0.000,4780.442,1.780,0.000,2406.215,1,548,1674,5,530,4610,526.33,657.33,195.80,3932.41,207,0
1,72,1786152209733,0.002558501167,0.519974,1,528,0,1,0,0,0,16,1.000000,7188.156,0.004,3.330,0.728,7148.064,7135.191,12.870,34.339,1.139,0.050,0.506,12.957,0.000,0.000,4726.702,1.801,0.000,2392.276,1,546,1674,5,528,4610,526.33,657.33,195.78,4069.28,207,0
1,73,1786152216735,0.002550174257,0.519917,0,530,0,2,0,0,0,16,1.000000,6997.409,0.042,3.616,0.737,6957.610,6944.973,12.608,33.997,1.071,0.054,0.324,13.785,0.000,0.000,4554.604,1.847,0.000,2373.227,1,548,1674,5,530,4610,526.33,657.33,194.97,4008.83,207,0
1,74,1786152233306,0.002550249403,0.519918,0,1349,0,2,0,0,0,16,1.000000,16570.991,0.020,4.202,0.714,16533.950,16517.881,16.064,29.264,2.475,0.067,0.319,12.687,0.000,0.000,11885.203,1.803,0.000,4616.720,1,1367,1674,5,1349,4610,526.33,657.33,193.52,4045.05,207,0
1,75,1786152249467,0.002550241852,0.519918,0,1295,0,2,0,0,0,16,1.000000,16160.632,0.018,5.231,0.697,16120.883,16108.198,12.680,32.005,1.073,0.365,0.377,11.353,0.000,0.000,11592.713,1.716,0.000,4500.869,1,1313,1674,5,1295,4610,527.75,657.33,204.64,3910.42,207,0
1,76,1786152264123,0.002550235146,0.519917,0,1188,0,2,0,0,0,16,1.000000,14655.957,0.020,3.383,0.703,14620.350,14606.313,14.033,29.971,1.109,0.113,0.328,13.102,0.000,0.000,10427.816,1.756,0.000,4162.103,1,1206,1674,5,1188,4610,527.75,657.33,198.25,3996.33,207,0
1,77,1786152277715,0.002550226404,0.519916,0,1063,0,2,0,0,0,16,1.000000,13590.829,0.006,3.991,0.825,13553.856,13540.520,13.332,30.647,1.058,0.045,0.407,17.354,0.000,0.000,9617.772,1.735,0.000,3901.934,1,1081,1674,5,1063,4610,527.75,657.33,197.44,3751.92,207,0
1,78,1786152288466,0.002550214641,0.519915,0,850,0,2,0,0,0,16,1.000000,10750.867,0.005,3.644,0.713,10714.012,10701.385,12.623,30.006,1.422,0.051,1.020,17.470,0.000,0.000,7420.036,1.823,0.000,3260.175,1,868,1674,5,850,4610,527.75,657.33,198.20,3822.36,207,0
1,79,1786152296064,0.002550198547,0.519913,0,577,0,2,0,0,0,16,1.000000,7597.321,0.011,3.227,0.705,7565.121,7552.192,12.925,26.781,1.049,0.074,0.364,15.699,0.000,0.000,5008.668,1.975,0.000,2524.347,1,595,1674,5,577,4610,527.75,657.33,191.66,3821.80,207,0
1,80,1786152303247,0.00255017761,0.519912,0,542,0,2,0,0,0,16,1.000000,7183.274,0.005,4.123,0.709,7141.570,7126.860,14.706,34.961,1.290,0.145,0.477,13.388,0.000,0.000,4694.932,2.693,0.000,2414.268,1,560,1674,5,542,4610,527.75,657.33,197.73,3549.91,207,0
1,81,1786152314294,0.002550158542,0.519911,0,877,0,2,0,0,0,16,1.000000,11045.969,0.014,3.728,0.705,11005.879,10992.737,13.139,34.027,1.113,0.081,0.436,24.459,0.000,0.000,7621.850,2.153,0.000,3342.326,1,895,1674,5,877,4610,527.75,657.33,193.08,3756.39,207,0
1,82,1786152322153,0.002550139379,0.519908,0,600,0,2,0,0,0,16,1.000000,7858.233,0.005,3.275,0.695,7820.114,7805.049,15.062,32.806,1.041,0.046,0.255,11.650,0.000,0.000,5243.527,1.778,0.000,2546.673,1,618,1674,5,600,4610,527.75,657.33,193.08,3760.89,207,0
1,83,1786152330910,0.002550116156,0.519906,0,652,0,2,0,0,0,16,1.000000,8757.412,0.003,5.134,0.657,8719.976,8706.854,13.118,30.142,1.059,0.069,0.375,11.604,0.000,0.000,5893.659,1.775,0.000,2797.468,1,670,1674,5,652,4610,527.75,657.33,193.08,3917.92,207,0
1,84,1786152339848,0.002533340132,0.519832,0,655,0,4,0,0,0,16,1.000000,8937.474,0.048,3.896,0.744,8896.888,8883.067,13.816,34.283,1.219,0.052,0.392,13.567,0.000,0.000,5976.285,1.811,0.000,2889.670,1,673,1674,5,655,4610,527.75,657.33,189.41,3907.78,207,0
1,85,1786152354540,0.00253337782,0.519830,0,1187,0,4,0,0,0,16,1.000000,14691.795,0.023,4.193,0.763,14656.472,14643.892,12.576,28.734,1.107,0.061,0.465,12.971,0.000,0.000,10457.005,3.229,0.000,4168.482,1,1205,1674,5,1187,4610,529.92,657.33,192.28,4089.62,207,0
1,86,1786152369623,0.002533350629,0.519825,0,1224,0,4,0,0,0,16,1.000000,15082.116,0.006,3.729,0.868,15048.050,15035.322,12.724,27.959,1.077,0.053,0.380,14.200,0.000,0.000,10755.329,1.776,0.000,4262.426,1,1242,1674,5,1224,4610,529.92,657.33,192.27,4308.56,207,0
1,87,1786152384200,0.002533325367,0.519818,0,1194,0,4,0,0,0,16,1.000000,14576.093,0.030,3.485,0.919,14532.128,14517.488,14.638,38.070,1.127,0.043,0.321,14.172,0.000,0.000,10366.154,1.796,0.000,4133.741,1,1212,1674,5,1194,4610,529.92,657.33,189.34,4327.44,207,0
1,88,1786152398475,0.002533298855,0.519810,0,1156,0,4,0,0,0,16,1.000000,14275.376,0.022,3.360,0.768,14235.496,14222.494,12.999,34.157,1.181,0.056,0.357,13.879,0.000,0.000,10139.376,1.784,0.000,4065.972,1,1174,1674,5,1156,4610,502.72,657.33,187.83,4144.58,207,0
1,89,1786152409615,0.002533269306,0.519802,0,886,0,4,0,0,0,16,1.000000,11139.733,0.010,3.779,0.750,11102.282,11089.056,13.223,31.440,1.122,0.052,0.308,12.747,0.000,0.000,7735.546,1.818,0.000,3337.369,1,904,1674,5,886,4610,504.13,657.33,187.81,4273.55,207,0
1,90,1786152418994,0.002533232248,0.519794,0,728,0,4,0,0,0,16,1.000000,9379.244,0.005,3.376,0.751,9334.537,9316.410,18.122,39.110,1.066,0.051,0.354,14.541,0.000,0.000,6347.439,1.772,0.000,2951.055,1,746,1674,5,728,4610,504.13,657.33,187.81,4382.84,207,0
1,91,1786152426292,0.002533191646,0.519786,0,535,0,4,0,0,0,16,1.000000,7297.943,0.004,3.462,0.733,7260.402,7246.232,14.165,31.656,1.117,0.058,0.516,11.048,0.000,0.000,4795.853,1.767,0.000,2436.016,1,553,1674,5,535,4610,490.34,657.33,184.08,4405.83,207,0
1,92,1786152434527,0.002533143984,0.519778,0,629,0,4,0,0,0,16,1.000000,8233.942,0.041,4.147,0.941,8194.670,8176.894,17.772,32.568,1.076,0.055,0.486,13.276,0.000,0.000,5497.040,1.781,0.000,2663.070,1,647,1674,5,629,4610,496.64,657.33,183.97,4377.89,207,0
1,93,1786152443684,0.002533088171,0.519774,0,716,0,4,0,0,0,16,1.000000,9156.885,0.005,3.393,0.752,9114.664,9100.648,14.012,36.603,1.079,0.052,0.342,12.629,0.000,0.000,6184.373,1.801,0.000,2899.934,1,734,1674,5,716,4610,496.64,657.33,183.97,4361.48,207,0
1,94,1786152452534,0.002533027307,0.519774,0,681,0,4,0,0,0,16,1.000000,8849.903,0.003,3.397,0.746,8817.276,8803.776,13.497,26.973,1.090,0.067,0.354,14.701,0.000,0.000,5956.849,1.785,0.000,2829.035,1,699,1674,5,681,4610,496.64,657.33,183.94,4369.22,207,0
1,95,1786152462674,0.002520566,0.520217,0,766,0,8,0,0,0,16,1.000000,10139.515,0.005,3.622,0.824,10102.375,10089.577,12.794,31.113,1.078,0.071,0.432,13.505,0.000,0.000,6951.014,1.788,0.000,3121.710,1,784,1674,5,766,4610,496.64,657.33,183.94,4374.64,207,0
1,96,1786152476555,0.002520270011,0.520289,0,1118,0,8,0,0,0,16,1.000000,13880.840,0.006,3.378,0.792,13847.030,13833.558,13.466,28.035,1.089,0.056,0.462,12.330,0.000,0.000,9837.476,1.794,0.000,3979.848,1,1136,1674,5,1118,4610,496.64,657.33,183.91,4434.69,207,0
1,97,1786152489550,0.002520142431,0.520296,0,1036,0,8,0,0,0,16,1.000000,12993.369,0.010,3.984,0.923,12956.563,12943.254,13.305,29.762,1.080,0.062,0.994,12.554,0.000,0.000,9146.036,1.740,0.000,3780.843,1,1054,1674,5,1036,4610,496.64,657.33,183.86,4405.64,207,0
1,98,1786152500790,0.002520039882,0.520303,0,886,0,8,0,0,0,16,1.000000,11240.564,0.015,3.429,0.734,11202.827,11189.442,13.381,32.068,1.072,0.054,0.380,12.834,0.000,0.000,7757.838,1.799,0.000,3415.468,1,904,1674,5,886,4610,496.64,657.33,183.84,4456.42,207,0
1,99,1786152511647,0.002519969902,0.520330,0,842,0,8,0,0,0,16,1.000000,10856.439,0.004,3.502,0.799,10822.819,10809.072,13.743,27.691,1.073,0.170,0.384,12.249,0.000,0.000,7548.172,1.840,0.000,3245.311,1,860,1674,5,842,4610,496.64,657.33,183.84,4454.33,207,0
1,100,1786152523363,0.002519928342,0.520346,0,941,0,8,0,0,0,16,1.000000,11716.050,0.005,4.451,0.806,11677.904,11665.387,12.513,31.257,1.218,0.072,0.343,11.903,0.000,0.000,8137.516,1.977,0.000,3512.494,1,959,1674,5,941,4610,496.64,657.33,183.84,4443.20,207,0
1,101,1786152534914,0.002519903416,0.520369,0,911,0,8,0,0,0,16,1.000000,11551.238,0.006,4.458,0.763,11514.591,11502.079,12.510,29.964,1.085,0.050,0.327,11.734,0.000,0.000,8037.231,1.786,0.000,3449.849,1,929,1674,5,911,4610,496.64,657.33,183.84,4448.12,207,0
1,102,1786152548029,0.002519884288,0.520379,0,1064,0,8,0,0,0,16,1.000000,13114.535,0.005,3.654,0.794,13077.775,13065.171,12.601,30.863,1.048,0.057,0.344,10.942,0.000,0.000,9265.451,1.789,0.000,3785.421,1,1082,1674,5,1064,4610,496.64,657.33,184.55,4422.34,207,0
1,103,1786152557648,0.002519868851,0.520399,0,750,0,8,0,0,0,16,1.000000,9618.089,0.004,3.473,0.768,9586.231,9572.698,13.530,25.877,1.137,0.236,0.368,11.234,0.000,0.000,6555.397,1.789,0.000,3002.627,1,768,1674,5,750,4610,496.64,657.33,184.53,4432.59,207,0
1,104,1786152567985,0.002519854166,0.520387,0,815,0,8,0,0,0,16,1.000000,10337.412,0.005,3.469,0.774,10305.037,10292.876,12.159,26.714,1.079,0.054,0.284,11.790,0.000,0.000,7117.195,1.874,0.000,3160.453,1,833,1674,5,815,4610,497.50,657.33,184.56,4437.78,207,0
1,105,1786152577540,0.002519830259,0.520364,0,713,0,8,0,0,0,16,1.000000,9554.567,0.005,3.578,0.754,9518.304,9505.118,13.184,30.455,1.102,0.069,0.304,10.692,0.000,0.000,6496.575,1.839,0.000,2994.509,1,731,1674,5,713,4610,507.44,657.33,184.56,4258.12,207,0
1,106,1786152588068,0.002517450625,0.526135,0,832,0,16,0,0,0,16,1.000000,10527.372,0.010,3.945,0.850,10485.565,10473.129,12.434,35.308,1.312,0.061,0.331,12.464,0.000,0.000,7236.718,1.792,0.000,3220.649,1,850,1674,5,832,4610,507.44,657.33,184.56,4422.12,207,0
1,107,1786152605361,0.002517337977,0.525639,0,1367,0,16,0,0,0,16,1.000000,17291.692,0.004,26.781,0.766,17227.029,17201.361,25.644,34.116,1.513,0.083,1.405,12.772,0.000,0.000,12322.301,1.998,0.000,4861.932,1,1385,1674,5,1367,4610,515.52,657.33,204.19,4177.06,207,0
1,108,1786152620043,0.00251730784,0.524951,0,1367,0,16,0,0,0,16,1.000000,14682.130,0.015,4.048,0.761,14651.834,14638.843,12.988,24.092,1.075,0.045,0.274,19.507,0.000,0.000,10198.377,1.770,0.000,4417.522,1,1385,1674,5,1367,4610,519.75,657.33,197.30,4972.97,207,0
1,109,1786152633360,0.002517275208,0.523303,0,1380,0,16,0,0,0,16,1.000000,13316.246,0.019,3.229,0.735,13287.262,13274.333,12.927,23.568,1.064,0.096,0.291,10.672,0.000,0.000,8937.594,1.810,0.000,4322.860,1,1398,1674,5,1380,4610,519.75,657.33,197.27,4792.69,207,0
1,110,1786152646280,0.002517246622,0.522734,0,1388,0,16,0,0,0,16,1.000000,12920.005,0.008,3.164,0.744,12888.715,12876.057,12.655,26.008,1.073,0.056,0.244,10.963,0.000,0.000,8634.182,1.917,0.000,4227.604,1,1406,1674,5,1388,4610,519.75,657.33,197.27,4877.27,207,0
1,111,1786152659154,0.00251723151,0.522843,0,1397,0,16,0,0,0,16,1.000000,12873.826,0.003,3.360,0.742,12843.302,12830.758,12.540,24.980,1.076,0.055,0.312,10.478,0.000,0.000,8601.012,1.737,0.000,4215.235,1,1415,1674,5,1397,4610,519.75,657.33,197.27,4998.20,207,0
1,112,1786152672238,0.002517224728,0.523312,0,1391,0,16,0,0,0,16,1.000000,13084.614,0.004,3.304,0.725,13055.653,13043.006,12.644,23.536,1.095,0.047,0.254,11.158,0.000,0.000,8746.979,2.055,0.000,4281.385,1,1409,1674,5,1391,4610,519.75,657.33,197.25,4900.66,207,0
1,113,1786152685111,0.002517221462,0.523091,0,1389,0,16,0,0,0,16,1.000000,12872.423,0.008,3.462,0.715,12836.179,12823.566,12.610,30.496,1.057,0.056,0.458,10.955,0.000,0.000,8682.078,1.908,0.000,4127.250,1,1407,1674,5,1389,4610,496.31,657.33,186.81,4894.92,207,0
1,114,1786152698184,0.002517220918,0.523194,0,1390,0,16,0,0,0,16,1.000000,13073.312,0.003,2.999,0.738,13048.811,13036.850,11.959,19.429,1.046,0.053,0.237,13.031,0.000,0.000,8752.859,1.790,0.000,4267.642,1,1408,1674,5,1390,4610,511.53,657.33,184.70,4887.31,207,0
1,115,1786152710999,0.002517220346,0.523173,0,1390,0,16,0,0,0,16,1.000000,12814.610,0.004,3.038,0.694,12785.570,12772.334,13.233,23.898,1.078,0.055,0.276,10.089,0.000,0.000,8549.317,1.790,0.000,4209.825,1,1408,1674,5,1390,4610,511.53,657.33,184.70,4913.84,207,0
1,116,1786152724124,0.002517220196,0.523182,0,1389,0,16,0,0,0,16,1.000000,13125.019,0.003,5.911,0.755,13071.787,13055.272,16.512,43.289,2.153,0.095,1.030,10.616,0.000,0.000,8751.279,1.780,0.000,4290.282,1,1407,1674,5,1389,4610,484.30,657.33,183.41,4800.78,207,0
1,117,1786152737066,0.002517174383,0.527836,0,1390,0,32,0,0,0,16,1.000000,12942.048,0.020,3.361,0.812,12929.492,12916.869,12.621,7.015,1.059,0.052,0.258,17.503,0.000,0.000,8635.169,2.912,0.000,4259.723,1,1408,1674,5,1390,4610,489.92,657.33,183.39,4802.08,207,0
1,118,1786152754022,0.002517174326,0.532515,0,1692,0,32,0,0,0,16,1.000000,16956.020,0.003,7.442,0.738,16931.209,16916.333,14.869,12.851,1.357,0.086,2.337,11.710,0.000,0.000,11765.038,1.941,0.000,5135.008,1,1710,1674,5,1692,4610,506.52,657.33,205.94,4064.48,207,0
1,119,1786152774162,0.002517172482,0.527046,0,1691,0,32,0,0,0,16,1.000000,20140.257,0.026,3.868,0.811,20102.387,20088.361,14.020,30.990,1.146,0.052,1.004,17.152,0.000,0.000,14597.964,1.724,0.000,5469.920,1,1709,1674,5,1691,4610,516.19,657.33,203.61,4142.11,207,0
1,120,1786152794275,0.002517053506,0.521495,0,1691,0,32,0,0,0,16,1.000000,20113.196,0.024,3.361,0.788,20076.194,20063.374,12.816,31.286,1.079,0.080,0.409,13.850,0.000,0.000,14569.608,2.441,0.000,5475.680,1,1709,1674,5,1691,4610,518.45,657.33,197.27,4264.66,207,0
1,121,1786152814355,0.002517046286,0.522727,0,1691,0,32,0,0,0,16,1.000000,20079.541,0.005,3.699,0.753,20044.417,20028.416,15.996,28.304,1.114,0.031,1.224,12.968,0.000,0.000,14538.859,2.104,0.000,5472.992,1,1709,1674,5,1691,4610,518.47,657.33,195.20,4584.64,207,0
1,122,1786152834675,0.002517030044,0.518910,0,1691,0,32,0,0,0,16,1.000000,20319.724,0.002,3.621,0.754,20282.013,20253.263,28.747,31.882,1.073,0.067,0.314,15.595,0.000,0.000,14707.143,2.955,0.000,5525.331,1,1709,1674,5,1691,4610,518.47,657.33,193.03,4599.98,207,0
1,123,1786152855383,0.002517121963,0.520663,0,1700,0,32,0,0,0,16,1.000000,20708.387,0.005,3.420,0.821,20670.045,20657.665,12.376,32.640,1.091,0.050,0.320,14.102,0.000,0.000,15009.539,1.797,0.000,5630.582,1,1718,1674,5,1700,4610,518.47,657.33,184.81,4486.27,207,0
1,124,1786152875925,0.002517094732,0.521103,0,1695,0,32,0,0,0,16,1.000000,20540.893,0.005,4.351,0.741,20490.345,20477.168,13.170,42.948,1.552,0.044,0.911,11.132,0.000,0.000,14860.316,1.978,0.000,5602.143,1,1713,1674,5,1695,4610,502.00,657.33,184.41,4487.52,207,0
1,125,1786152897523,0.002517078071,0.524546,0,1699,0,32,0,0,0,16,1.000000,21537.318,0.003,9.209,1.085,21490.000,21476.439,13.556,33.159,1.432,0.060,2.373,22.224,0.000,0.000,15350.211,4.689,0.000,6097.220,1,1717,1674,5,1699,4610,508.70,657.33,195.56,4445.95,207,0
1,126,1786152917984,0.002517074411,0.523453,0,1678,0,32,0,0,0,16,1.000000,20460.962,0.014,4.309,0.882,20425.033,20412.616,12.413,29.313,1.044,0.052,0.330,15.961,0.000,0.000,14799.137,1.741,0.000,5594.253,1,1696,1674,5,1678,4610,514.38,657.33,190.53,4469.28,207,0
1,127,1786152938692,0.002517063295,0.520518,0,1693,0,32,0,0,0,16,1.000000,20706.523,0.005,3.363,0.956,20669.148,20655.222,13.924,31.538,1.207,0.055,0.257,13.289,0.000,0.000,15000.830,1.813,0.000,5637.544,1,1711,1674,5,1693,4610,515.77,657.33,188.67,4541.44,207,0
2,1,1786153002338,0.004194540752,0.373862,0,935,0,0,0,0,0,16,1.000000,11759.936,0.000,2.907,0.169,11718.982,11703.688,15.290,36.368,1.136,0.057,0.318,15.734,0.000,0.000,8173.736,2.136,0.000,3509.647,1,953,1674,5,935,4610,543.99,657.33,144.67,4341.23,207,0
2,2,1786153016156,0.003958166811,0.376569,0,1116,0,0,0,0,0,16,1.000000,13816.426,0.006,2.488,0.160,13779.859,13765.826,14.029,32.473,1.075,0.057,0.314,14.965,0.000,0.000,9743.700,1.776,0.000,4002.196,1,1134,1674,5,1116,4610,549.16,657.33,144.66,4369.50,207,0
2,3,1786153029012,0.003737694195,0.376787,0,1022,0,0,0,0,0,16,1.000000,12856.349,0.004,2.187,0.166,12820.061,12801.995,18.060,32.374,1.125,0.054,0.382,11.448,0.000,0.000,9027.240,1.756,0.000,3759.768,1,1040,1674,5,1022,4610,550.67,657.33,144.64,4368.03,207,0
2,4,1786153040982,0.003561959675,0.376934,0,964,0,0,0,0,0,16,1.000000,11968.952,0.004,2.071,0.170,11933.265,11919.183,14.079,31.891,1.057,0.051,0.447,13.153,0.000,0.000,8346.559,1.825,0.000,3556.044,1,982,1674,5,964,4610,551.14,657.33,144.64,4344.58,207,0
2,5,1786153051503,0.003403132383,0.377083,0,811,0,0,0,0,0,16,1.000000,10520.690,0.005,2.260,0.163,10482.410,10468.274,14.133,34.307,1.092,0.050,0.408,14.526,0.000,0.000,7209.765,1.812,0.000,3240.547,1,829,1674,5,811,4610,551.53,657.33,145.77,4345.78,207,0
2,6,1786153061088,0.003270893388,0.377506,0,740,0,0,0,0,0,16,1.000000,9584.256,0.002,2.249,0.163,9549.043,9535.831,13.208,31.297,1.072,0.074,0.358,15.687,0.000,0.000,6540.361,1.783,0.000,2976.184,1,758,1674,5,740,4610,554.50,657.33,160.06,4349.12,207,0
2,7,1786153070719,0.003170685767,0.378083,0,749,0,0,0,0,0,16,1.000000,9630.702,0.006,2.219,0.178,9601.799,9589.725,12.072,25.073,1.052,0.050,0.331,14.193,0.000,0.000,6568.118,1.787,0.000,3004.095,1,767,1674,5,749,4610,554.50,657.33,160.05,4418.88,207,0
2,8,1786153080543,0.003100866846,0.378656,0,767,0,0,0,0,0,16,1.000000,9823.189,0.005,2.552,0.162,9786.876,9769.766,17.106,31.352,1.815,0.066,0.365,11.059,0.000,0.000,6691.169,1.779,0.000,3064.288,1,785,1674,5,767,4610,554.50,657.33,160.05,4013.42,207,0
2,9,1786153090552,0.003057070831,0.379093,0,783,0,0,0,0,0,16,1.000000,10009.142,0.004,2.421,0.229,9971.771,9958.962,12.805,33.278,1.099,0.053,0.292,12.862,0.000,0.000,6836.005,3.214,0.000,3104.925,1,801,1674,5,783,4610,558.83,657.33,189.67,4380.52,207,0
2,10,1786153100843,0.003029450222,0.379421,0,807,0,0,0,0,0,16,1.000000,10289.918,0.022,2.291,0.204,10250.202,10237.066,13.133,35.826,1.041,0.055,0.300,11.002,0.000,0.000,7099.315,1.763,0.000,3123.444,1,825,1674,5,807,4610,558.83,657.33,189.09,4356.20,207,0
2,11,1786153110842,0.003012487574,0.379626,0,784,0,0,0,0,0,16,1.000000,9998.920,0.004,2.236,0.180,9963.058,9950.351,12.701,31.922,1.090,0.047,0.387,12.412,0.000,0.000,6871.017,1.748,0.000,3063.258,1,802,1674,5,784,4610,560.22,657.33,188.75,4380.25,207,0
2,12,1786153120966,0.003002189442,0.379745,0,781,0,0,0,0,0,16,1.000000,10123.353,0.019,2.472,0.164,10084.361,10071.751,12.607,34.570,1.068,0.052,0.667,12.098,0.000,0.000,6923.631,1.909,0.000,3132.148,1,799,1674,5,781,4610,568.74,657.33,188.38,4429.41,207,0
2,13,1786153131433,0.002995564261,0.379814,0,834,0,0,0,0,0,16,1.000000,10466.710,0.004,2.172,0.164,10432.027,10417.318,14.708,30.721,1.242,0.049,0.334,11.630,0.000,0.000,7197.175,1.756,0.000,3205.205,1,852,1674,5,834,4610,568.74,657.33,188.36,4448.55,207,0
2,14,1786153141609,0.00299102406,0.379854,0,803,0,0,0,0,0,16,1.000000,10174.804,0.011,3.000,0.169,10135.337,10118.946,16.387,34.778,1.085,0.054,0.382,11.925,0.000,0.000,6985.545,1.742,0.000,3118.138,1,821,1674,5,803,4610,568.74,657.33,188.34,4149.98,207,0
2,15,1786153151629,0.002987528057,0.379887,0,785,0,0,0,0,0,16,1.000000,10019.913,0.003,2.148,0.178,9985.655,9972.722,12.930,29.519,1.115,0.066,1.233,14.799,0.000,0.000,6900.826,2.113,0.000,3052.964,1,803,1674,5,785,4610,570.58,657.33,194.31,4412.08,207,0
2,16,1786153161881,0.002984799032,0.379918,0,795,0,0,0,0,0,16,1.000000,10251.271,0.026,2.268,0.164,10211.397,10198.388,13.005,35.289,1.633,0.068,0.452,12.492,0.000,0.000,7039.024,1.958,0.000,3142.648,1,813,1674,5,795,4610,570.58,657.33,194.91,4445.50,207,0
2,17,1786153171986,0.002982675593,0.379940,0,802,0,0,0,0,0,16,1.000000,10103.912,0.004,2.345,0.163,10071.835,10059.200,12.632,28.068,1.054,0.050,0.396,14.349,0.000,0.000,6959.728,2.072,0.000,3081.491,1,820,1674,5,802,4610,570.58,657.33,194.91,4449.12,207,0
2,18,1786153182917,0.002981082641,0.379954,0,802,0,0,0,0,0,16,1.000000,10931.287,0.003,2.152,0.167,10898.536,10885.734,12.798,28.191,1.854,0.064,0.324,12.879,0.000,0.000,7615.508,1.783,0.000,3254.042,1,820,1674,5,802,4610,575.69,657.33,196.75,4391.23,207,0
2,19,1786153192611,0.002979841804,0.379961,0,766,0,0,0,0,0,16,1.000000,9692.917,0.004,2.051,0.171,9654.929,9641.161,13.764,33.986,1.201,0.048,0.532,16.868,0.000,0.000,6605.576,1.807,0.000,3015.039,1,784,1674,5,766,4610,575.69,657.33,196.75,4458.30,207,0
2,20,1786153202542,0.002978788368,0.379967,0,773,0,0,0,0,0,16,1.000000,9929.959,0.008,3.353,0.197,9875.332,9860.373,14.957,48.351,1.401,0.054,1.272,11.538,0.000,0.000,6756.987,1.804,0.000,3088.377,1,791,1674,5,773,4610,582.74,657.33,282.00,4235.02,207,0
2,21,1786153212080,0.002977867711,0.379971,0,756,0,0,0,0,0,16,1.000000,9538.256,0.005,3.412,0.166,9492.009,9479.490,12.512,40.869,1.093,0.150,0.557,21.118,0.000,0.000,6476.798,1.804,0.000,2978.150,1,774,1674,5,756,4610,585.34,657.33,246.33,4275.31,207,0
2,22,1786153221965,0.002977057898,0.379974,0,762,0,0,0,0,0,16,1.000000,9884.322,0.019,2.280,0.171,9850.670,9837.521,13.146,29.662,1.136,0.061,0.342,12.440,0.000,0.000,6744.891,2.130,0.000,3076.419,1,780,1674,5,762,4610,585.34,657.33,247.77,4258.94,207,0
2,23,1786153231674,0.002976281316,0.379977,0,748,0,0,0,0,0,16,1.000000,9708.730,0.005,2.307,0.163,9665.877,9653.157,12.716,38.974,1.050,0.058,0.302,12.919,0.000,0.000,6599.488,1.806,0.000,3037.216,1,766,1674,5,748,4610,585.34,657.33,247.77,4305.11,207,0
2,24,1786153241768,0.002975564482,0.379980,0,763,0,0,0,0,0,16,1.000000,10093.304,0.003,2.570,0.228,10057.622,10044.836,12.781,31.192,1.193,0.049,0.450,14.781,0.000,0.000,6895.624,2.050,0.000,3130.621,1,781,1674,5,763,4610,585.34,657.33,242.08,4342.55,207,0
2,25,1786153251558,0.002974963898,0.379982,0,750,0,0,0,0,0,16,1.000000,9789.809,0.007,2.292,0.167,9759.296,9745.574,13.718,26.600,1.092,0.060,0.302,12.338,0.000,0.000,6722.649,1.781,0.000,3007.333,1,768,1674,5,750,4610,585.34,657.33,240.30,4366.25,207,0
2,26,1786153261095,0.002974431693,0.379984,0,739,0,0,0,0,0,16,1.000000,9536.739,0.015,2.815,0.339,9496.066,9480.178,15.885,35.981,1.188,0.057,0.293,12.636,0.000,0.000,6513.940,2.700,0.000,2949.344,1,757,1674,5,739,4610,585.34,657.33,240.28,3951.41,207,0
2,27,1786153270751,0.002973947103,0.379986,0,748,0,0,0,0,0,16,1.000000,9656.494,0.004,2.190,0.163,9626.934,9614.199,12.730,25.658,1.074,0.060,0.415,11.651,0.000,0.000,6607.864,1.739,0.000,2991.073,1,766,1674,5,748,4610,585.34,657.33,240.28,4474.22,207,0
2,28,1786153280778,0.002973512397,0.379986,0,773,0,0,0,0,0,16,1.000000,10026.660,0.004,2.137,0.171,9994.699,9981.918,12.776,28.024,1.091,0.048,0.488,15.939,0.000,0.000,6843.199,1.754,0.000,3118.344,1,791,1674,5,773,4610,585.34,657.33,240.28,4465.22,207,0
2,29,1786153290532,0.002973105338,0.379987,0,755,0,0,0,0,0,16,1.000000,9753.602,0.003,2.236,0.160,9716.024,9701.662,14.359,33.371,1.243,0.061,0.506,11.674,0.000,0.000,6683.789,1.791,0.000,3002.702,1,773,1674,5,755,4610,585.34,657.33,240.28,4473.45,207,0
2,30,1786153300810,0.002972718967,0.379987,0,783,0,0,0,0,0,16,1.000000,10277.273,0.023,2.306,0.160,10242.344,10229.216,13.122,30.053,1.710,0.120,0.580,11.322,0.000,0.000,7079.735,1.932,0.000,3134.542,1,801,1674,5,783,4610,585.34,657.33,240.27,4480.22,207,0
2,31,1786153311031,0.002972319201,0.379988,0,801,0,0,0,0,0,16,1.000000,10220.147,0.007,2.218,0.171,10184.507,10171.469,13.034,30.424,1.053,0.049,1.725,11.544,0.000,0.000,7055.888,1.947,0.000,3100.530,1,819,1674,5,801,4610,585.34,657.33,240.25,4435.00,207,0
2,32,1786153321388,0.002971921901,0.379989,0,811,0,0,0,0,0,16,1.000000,10356.112,0.005,2.158,0.172,10323.773,10310.798,12.972,28.515,1.043,0.062,0.390,15.262,0.000,0.000,7176.585,3.030,0.000,3114.097,1,829,1674,5,811,4610,585.34,657.33,242.91,4205.62,207,0
2,33,1786153331129,0.002971581428,0.379990,0,751,0,0,0,0,0,16,1.000000,9741.299,0.004,2.026,0.173,9708.264,9695.671,12.590,29.243,1.147,0.057,0.390,13.049,0.000,0.000,6631.741,1.979,0.000,3047.400,1,769,1674,5,751,4610,585.34,657.33,242.89,4456.06,207,0
2,34,1786153340085,0.002971282111,0.379991,0,701,0,0,0,0,0,16,1.000000,8955.432,0.008,2.181,0.180,8921.996,8909.649,12.345,29.391,1.237,0.057,0.389,12.858,0.000,0.000,6038.410,1.772,0.000,2854.742,1,719,1674,5,701,4610,585.34,657.33,242.84,4456.02,207,0
2,35,1786153347512,0.002970992939,0.379992,0,689,0,0,0,0,0,16,1.000000,7426.284,0.007,2.134,0.157,7398.210,7382.768,15.439,24.330,1.109,0.051,0.292,11.390,0.000,0.000,4670.599,1.791,0.000,2697.204,1,707,1674,5,689,4610,585.34,657.33,242.84,5047.22,207,0
2,36,1786153354291,0.0029707344,0.379992,0,658,0,0,0,0,0,16,1.000000,6778.941,0.003,2.318,0.168,6749.861,6735.050,14.809,25.009,1.235,0.051,0.299,11.912,0.000,0.000,4180.887,1.773,0.000,2538.512,1,676,1674,5,658,4610,585.34,657.33,242.83,4822.83,207,0
2,37,1786153361627,0.00297049643,0.379993,0,720,0,0,0,0,0,16,1.000000,7335.409,0.003,2.093,0.163,7306.703,7293.955,12.745,25.019,1.062,0.069,0.300,12.028,0.000,0.000,4615.159,1.813,0.000,2663.506,1,738,1674,5,720,4610,585.34,657.33,242.83,4764.11,207,0
2,38,1786153369197,0.002970288205,0.379992,0,744,0,0,0,0,0,16,1.000000,7570.357,0.007,2.138,0.172,7540.355,7527.342,13.010,26.148,1.230,0.046,0.269,10.974,0.000,0.000,4756.368,2.012,0.000,2756.526,1,762,1674,5,744,4610,585.34,657.33,242.83,4696.14,207,0
2,39,1786153376437,0.002970095986,0.379992,0,707,0,0,0,0,0,16,1.000000,7239.634,0.003,2.148,0.230,7211.426,7197.818,13.604,24.317,1.043,0.049,0.422,10.579,0.000,0.000,4527.980,1.757,0.000,2655.980,1,725,1674,5,707,4610,585.34,657.33,250.95,4645.69,207,0
2,40,1786153383925,0.002969902816,0.379992,1,744,0,0,0,0,0,16,1.000000,7488.162,0.005,2.271,0.164,7456.525,7443.469,13.052,27.495,1.067,0.052,0.588,13.206,0.000,0.000,4736.623,1.816,0.000,2690.396,1,762,1674,5,744,4610,585.34,657.33,242.86,4618.77,207,0
2,41,1786153410330,0.003105385814,0.377402,0,809,0,1,0,0,0,16,1.000000,7931.209,0.000,3.417,0.720,7900.476,7887.698,12.775,24.965,1.250,0.052,0.329,10.608,0.000,0.000,5010.796,1.779,0.000,2863.028,1,827,1674,5,809,4610,592.61,657.33,236.00,4819.81,207,0
2,42,1786153418214,0.003047095887,0.378259,0,780,0,1,0,0,0,16,1.000000,7884.070,0.004,3.154,0.704,7854.538,7841.590,12.945,23.712,1.624,0.046,0.291,11.355,0.000,0.000,5018.246,1.822,0.000,2808.629,1,798,1674,5,780,4610,596.20,657.33,235.94,4822.78,207,0
2,43,1786153429023,0.003008571117,0.379060,0,1127,0,1,0,0,0,16,1.000000,10808.838,0.003,3.188,0.759,10779.061,10765.389,13.669,24.465,1.055,0.051,0.259,10.992,0.000,0.000,7094.865,1.774,0.000,3656.205,1,1145,1674,5,1127,4610,596.36,657.33,235.94,4772.89,207,0
2,44,1786153438955,0.002984527678,0.379606,0,1027,0,1,0,0,0,16,1.000000,9931.830,0.012,3.085,0.711,9900.777,9888.067,12.707,25.815,1.091,0.054,0.296,12.528,0.000,0.000,6506.145,1.826,0.000,3366.069,1,1045,1674,5,1027,4610,596.36,657.33,235.89,5033.59,207,0
2,45,1786153448373,0.002973017703,0.379822,0,972,0,1,0,0,0,16,1.000000,9416.900,0.025,3.103,0.708,9389.948,9377.646,12.301,21.799,1.049,0.053,0.238,13.371,0.000,0.000,6144.972,1.805,0.000,3216.087,1,990,1674,5,972,4610,558.52,657.33,220.36,4849.25,207,0
2,46,1786153458102,0.002967493043,0.379912,0,1024,0,1,0,0,0,16,1.000000,9729.648,0.002,3.298,0.690,9695.431,9682.389,13.040,28.759,1.173,0.042,0.257,10.689,0.000,0.000,6320.001,1.775,0.000,3348.512,1,1042,1674,5,1024,4610,528.61,657.33,218.36,4802.00,207,0
2,47,1786153468392,0.002964223077,0.379968,0,1085,0,1,0,0,0,16,1.000000,10289.448,0.003,3.165,0.688,10255.286,10241.177,14.106,28.871,1.073,0.045,0.319,12.075,0.000,0.000,6699.381,1.809,0.000,3525.776,1,1103,1674,5,1085,4610,534.66,657.33,218.36,4817.86,207,0
2,48,1786153478231,0.002962140077,0.380001,0,943,0,1,0,0,0,16,1.000000,9838.588,0.035,14.426,0.775,9782.735,9756.068,26.663,35.683,1.709,0.064,3.195,13.825,0.000,0.000,6460.867,1.946,0.000,3276.996,1,961,1674,5,943,4610,555.11,657.33,260.20,4157.58,207,0
2,49,1786153487851,0.002960747293,0.380021,0,776,0,1,0,0,0,16,1.000000,9619.312,0.020,4.911,0.719,9575.291,9561.823,13.464,36.860,1.146,0.061,0.324,22.335,0.000,0.000,6462.747,1.935,0.000,3073.186,1,794,1674,5,776,4610,559.49,657.33,251.31,4015.78,207,0
2,50,1786153499351,0.002959717957,0.380031,0,921,0,1,0,0,0,16,1.000000,11499.560,0.014,5.722,0.740,11459.347,11444.658,14.685,31.562,1.069,0.053,1.066,18.115,0.000,0.000,7977.575,1.822,0.000,3444.865,1,939,1674,5,921,4610,561.33,657.33,235.77,4140.84,207,0
2,51,1786153508472,0.002958879072,0.380044,0,704,0,1,0,0,0,16,1.000000,9120.305,0.003,3.580,0.663,9082.793,9069.663,13.125,31.731,1.103,0.067,0.368,12.617,0.000,0.000,6113.235,1.805,0.000,2940.418,1,722,1674,5,704,4610,561.70,657.33,264.25,3839.14,207,0
2,52,1786153517999,0.002958211058,0.380050,0,750,0,1,0,0,0,16,1.000000,9526.596,0.014,3.302,0.709,9490.972,9476.776,14.192,30.195,1.071,0.050,0.297,16.666,0.000,0.000,6498.514,1.986,0.000,2957.942,1,768,1674,5,750,4610,561.70,657.33,239.92,3968.30,207,0
2,53,1786153526936,0.002957650957,0.380056,0,706,0,1,0,0,0,16,1.000000,8936.537,0.003,3.477,0.735,8898.306,8884.501,13.802,32.515,1.114,0.047,0.343,10.875,0.000,0.000,6053.404,1.764,0.000,2816.530,1,724,1674,5,706,4610,561.70,657.33,239.52,4252.47,207,0
2,54,1786153536168,0.002957160131,0.380062,0,689,0,1,0,0,0,16,1.000000,9231.659,0.015,3.635,0.729,9197.424,9184.865,12.556,28.394,1.088,0.057,0.331,11.742,0.000,0.000,6270.453,1.938,0.000,2899.033,1,707,1674,5,689,4610,561.70,657.33,239.11,4485.66,207,0
2,55,1786153545965,0.002956733574,0.380066,0,757,0,1,0,0,0,16,1.000000,9796.463,0.010,3.720,0.707,9763.499,9750.543,12.952,26.993,1.154,0.062,0.328,12.623,0.000,0.000,6732.765,1.928,0.000,3001.671,1,775,1674,5,757,4610,562.11,657.33,234.84,4414.72,207,0
2,56,1786153554862,0.002956357923,0.380072,0,681,0,1,0,0,0,16,1.000000,8897.031,0.020,4.702,0.730,8855.870,8843.093,12.775,34.232,1.075,0.123,0.298,13.170,0.000,0.000,6042.662,1.812,0.000,2782.683,1,699,1674,5,681,4610,562.11,657.33,234.81,4405.77,207,0
2,57,1786153564125,0.002956060995,0.380074,0,708,0,1,0,0,0,16,1.000000,9262.381,0.004,3.674,0.756,9228.386,9214.324,14.058,27.333,1.085,0.055,1.091,11.610,0.000,0.000,6315.565,1.839,0.000,2883.370,1,726,1674,5,708,4610,562.11,657.33,234.83,4494.92,207,0
2,58,1786153573159,0.002955813289,0.380078,0,687,0,1,0,0,0,16,1.000000,9033.695,0.015,3.444,1.484,8993.716,8981.070,12.642,33.618,1.047,0.050,0.335,14.443,0.000,0.000,6106.552,1.955,0.000,2856.357,1,705,1674,5,687,4610,562.80,657.33,234.66,4466.80,207,0
2,59,1786153581994,0.002955620308,0.380079,0,675,0,1,0,0,0,16,1.000000,8834.262,0.003,3.513,0.715,8797.721,8785.173,12.546,30.618,1.308,0.054,0.332,12.437,0.000,0.000,5933.860,1.797,0.000,2835.489,1,693,1674,5,675,4610,562.80,657.33,234.66,4445.25,207,0
2,60,1786153590808,0.002955444978,0.380080,0,688,0,1,0,0,0,16,1.000000,8813.956,0.004,3.514,0.708,8775.946,8763.021,12.920,32.338,1.062,0.059,0.329,11.705,0.000,0.000,5950.932,1.752,0.000,2796.908,1,706,1674,5,688,4610,531.02,657.33,231.83,4462.78,207,0
2,61,1786153599710,0.002955279421,0.380081,0,675,0,1,0,0,0,16,1.000000,8902.283,0.004,4.952,0.725,8864.083,8851.365,12.715,31.129,1.039,0.051,0.303,13.652,0.000,0.000,5972.880,1.826,0.000,2861.550,1,693,1674,5,675,4610,537.33,657.33,231.83,4569.83,207,0
2,62,1786153608411,0.00295514486,0.380082,0,672,0,1,0,0,0,16,1.000000,8701.153,0.017,3.879,0.823,8663.782,8650.442,13.335,31.109,1.094,0.054,0.412,14.831,0.000,0.000,5860.703,1.917,0.000,2771.134,1,690,1674,5,672,4610,537.33,657.33,231.81,4547.80,207,0
2,63,1786153617450,0.002955020754,0.380082,0,693,0,1,0,0,0,16,1.000000,9038.321,0.004,3.609,0.693,9002.769,8989.152,13.614,29.715,1.146,0.050,0.340,11.572,0.000,0.000,6097.322,1.930,0.000,2876.728,1,711,1674,5,693,4610,537.33,657.33,231.81,4768.31,207,0
2,64,1786153626377,0.002954900424,0.380083,0,686,0,1,0,0,0,16,1.000000,8927.139,0.005,3.745,0.683,8890.711,8876.297,14.410,28.911,2.628,0.051,0.411,12.129,0.000,0.000,5992.933,2.168,0.000,2867.307,1,704,1674,5,686,4610,537.33,657.33,231.81,4570.61,207,0
2,65,1786153635338,0.002954786016,0.380084,0,674,0,1,0,0,0,16,1.000000,8958.953,0.278,4.745,0.755,8922.221,8909.783,12.436,29.669,1.215,0.052,0.296,13.713,0.000,0.000,6035.388,2.663,0.000,2856.454,1,692,1674,5,674,4610,537.33,657.33,231.89,4528.36,207,0
2,66,1786153643941,0.002954691808,0.380085,0,662,0,1,0,0,0,16,1.000000,8603.350,0.012,3.186,0.712,8567.813,8554.657,13.153,30.204,1.091,0.057,0.286,13.327,0.000,0.000,5772.578,1.794,0.000,2765.269,1,680,1674,5,662,4610,537.33,657.33,232.56,4544.64,207,0
2,67,1786153653140,0.002954612999,0.380085,0,724,0,1,0,0,0,16,1.000000,9197.875,0.005,4.498,0.714,9162.703,9149.059,13.641,28.457,1.114,0.047,0.341,12.809,0.000,0.000,6241.042,2.530,0.000,2891.115,1,742,1674,5,724,4610,537.63,657.33,232.45,4536.16,207,0
2,68,1786153662100,0.002954546326,0.380086,0,691,0,1,0,0,0,16,1.000000,8959.256,0.004,3.785,0.669,8922.813,8909.561,13.246,30.429,1.089,0.052,0.419,14.474,0.000,0.000,6066.855,1.803,0.000,2824.974,1,709,1674,5,691,4610,537.63,657.33,232.45,4540.17,207,0
2,69,1786153671161,0.002954487801,0.380086,0,690,0,1,0,0,0,16,1.000000,9060.535,0.005,3.464,1.012,9020.163,9007.098,13.061,34.408,1.083,0.052,0.354,12.400,0.000,0.000,6095.711,2.208,0.000,2894.418,1,708,1674,5,690,4610,538.75,657.33,232.52,4489.95,207,0
2,70,1786153679862,0.002954442251,0.380087,0,664,0,1,0,0,0,16,1.000000,8700.945,0.023,5.570,0.751,8668.936,8656.453,12.481,23.611,1.036,0.051,0.989,12.133,0.000,0.000,5896.191,1.799,0.000,2743.923,1,682,1674,5,664,4610,543.13,657.33,232.56,4628.86,207,0
2,71,1786153688883,0.002954400307,0.380087,0,682,0,1,0,0,0,16,1.000000,9020.349,0.005,3.465,0.667,8987.591,8975.399,12.191,27.142,1.132,0.081,0.270,13.436,0.000,0.000,6046.984,1.881,0.000,2911.577,1,700,1674,5,682,4610,560.52,657.33,266.91,4227.64,207,0
2,72,1786153697176,0.002954358683,0.380087,0,674,0,1,0,0,0,16,1.000000,8292.169,0.004,3.054,1.283,8253.586,8238.488,15.096,32.890,1.020,0.052,0.284,16.664,0.000,0.000,5546.380,1.783,0.000,2670.309,1,692,1674,5,674,4610,560.66,657.33,247.81,4239.38,207,0
2,73,1786153705533,0.00295431558,0.380086,0,679,0,1,0,0,0,16,1.000000,8355.999,0.004,3.170,0.684,8325.449,8312.333,13.114,25.264,1.107,0.069,0.256,15.468,0.000,0.000,5569.290,2.424,0.000,2723.680,1,697,1674,5,679,4610,560.66,657.33,233.70,4249.89,207,0
2,74,1786153713876,0.00295426333,0.380086,0,693,0,1,0,0,0,16,1.000000,8342.219,0.014,3.402,0.700,8305.823,8292.060,13.760,30.863,1.056,0.056,0.318,9.911,0.000,0.000,5601.710,1.723,0.000,2677.379,1,711,1674,5,693,4610,560.66,657.33,233.17,4249.94,207,0
2,75,1786153722908,0.002954209316,0.380087,0,758,0,1,0,0,0,16,1.000000,9031.831,0.004,4.349,0.682,9001.392,8985.642,15.747,24.000,1.021,0.058,0.328,15.690,0.000,0.000,6069.813,1.805,0.000,2896.861,1,776,1674,5,758,4610,560.66,657.33,232.28,4443.34,207,0
2,76,1786153731227,0.002954160318,0.380087,0,670,0,1,0,0,0,16,1.000000,8319.291,0.005,3.161,0.670,8291.501,8278.508,12.989,22.470,1.040,0.076,0.372,14.645,0.000,0.000,5577.042,1.932,0.000,2683.390,1,688,1674,5,670,4610,560.66,657.33,231.92,4455.64,207,0
2,77,1786153739875,0.002954118855,0.380087,0,714,0,1,0,0,0,16,1.000000,8647.793,0.006,3.184,0.703,8618.876,8603.076,15.795,23.619,1.056,0.049,0.307,12.394,0.000,0.000,5842.218,3.024,0.000,2743.939,1,732,1674,5,714,4610,560.66,657.33,231.92,4444.69,207,0
2,78,1786153748805,0.002954076792,0.380087,0,738,0,1,0,0,0,16,1.000000,8929.466,0.006,3.342,0.695,8898.368,8885.159,13.207,25.631,1.066,0.066,0.299,10.157,0.000,0.000,6028.355,1.765,0.000,2843.385,1,756,1674,5,738,4610,560.66,657.33,231.92,4371.16,207,0
2,79,1786153757989,0.002954037324,0.380087,0,771,0,1,0,0,0,16,1.000000,9183.408,0.004,3.172,0.708,9155.143,9142.928,12.213,22.976,1.048,0.051,0.310,11.094,0.000,0.000,6226.182,1.745,0.000,2902.512,1,789,1674,5,771,4610,560.66,657.33,231.91,4394.55,207,0
2,80,1786153767273,0.002954001192,0.380088,0,776,0,1,0,0,0,16,1.000000,9283.619,0.004,3.275,0.664,9252.191,9238.705,13.483,25.869,1.299,0.047,0.274,10.382,0.000,0.000,6288.281,1.793,0.000,2936.776,1,794,1674,5,776,4610,560.66,657.33,231.91,4387.66,207,0
2,81,1786153776662,0.002953975995,0.380088,0,759,0,1,0,0,0,16,1.000000,9389.184,0.004,5.215,0.680,9351.551,9332.495,19.052,30.334,1.084,0.048,0.271,11.030,0.000,0.000,6269.893,2.593,0.000,3047.319,1,777,1674,5,759,4610,560.66,657.33,232.05,4216.11,207,0
2,82,1786153785828,0.002953953365,0.380088,0,748,0,1,0,0,0,16,1.000000,9165.435,0.017,3.055,0.740,9128.023,9116.010,12.011,32.242,1.041,0.051,0.284,12.987,0.000,0.000,6204.779,1.795,0.000,2895.027,1,766,1674,5,748,4610,560.66,657.33,232.02,4402.38,207,0
2,83,1786153794620,0.002953924929,0.380087,0,751,0,1,0,0,0,16,1.000000,8792.619,0.003,3.556,0.730,8757.836,8745.457,12.378,29.093,1.099,0.044,0.259,13.415,0.000,0.000,5948.131,1.770,0.000,2780.641,1,769,1674,5,751,4610,560.66,657.33,232.00,4301.38,207,0
2,84,1786153803341,0.002953891991,0.380087,0,713,0,1,0,0,0,16,1.000000,8720.245,0.003,4.619,0.790,8687.688,8670.582,17.102,24.845,1.998,0.050,0.256,10.704,0.000,0.000,5842.113,1.760,0.000,2814.514,1,731,1674,5,713,4610,560.66,657.33,232.00,4194.86,207,0
2,85,1786153812528,0.002953859402,0.380088,1,758,0,1,0,0,0,16,1.000000,9186.503,0.007,3.262,0.691,9156.875,9144.394,12.480,24.103,1.040,0.060,0.471,12.933,0.000,0.000,6232.759,1.715,0.000,2895.577,1,776,1674,5,758,4610,560.66,657.33,232.02,4312.31,207,0
2,86,1786153821198,0.002931253348,0.380268,0,706,0,2,0,0,0,16,1.000000,8668.590,0.046,3.641,0.683,8635.526,8621.066,14.456,25.578,2.737,0.042,0.384,13.580,0.000,0.000,5812.866,1.846,0.000,2791.138,1,724,1674,5,706,4610,560.66,657.33,231.31,4274.84,207,0
2,87,1786153839434,0.00293059745,0.380276,0,1576,0,2,0,0,0,16,1.000000,18235.594,0.018,4.372,0.700,18196.796,18183.851,12.941,31.846,1.494,0.047,0.338,10.751,0.000,0.000,13098.289,1.809,0.000,5071.466,1,1594,1674,5,1576,4610,560.66,657.33,231.27,4385.48,207,0
2,88,1786153859448,0.002930532629,0.380277,0,1723,0,2,0,0,0,16,1.000000,20014.297,0.006,4.789,0.701,19977.437,19964.702,12.733,28.681,2.327,0.044,0.317,12.589,0.000,0.000,14531.839,1.927,0.000,5416.564,1,1741,1674,5,1723,4610,562.09,657.33,231.27,4395.45,207,0
2,89,1786153879100,0.002930506519,0.380277,0,1666,0,2,0,0,0,16,1.000000,19650.434,0.024,5.728,0.720,19613.175,19598.300,14.871,28.533,1.093,0.056,1.131,12.197,0.000,0.000,14216.000,1.753,0.000,5365.744,1,1684,1674,5,1666,4610,562.09,657.33,231.70,4358.94,207,0
2,90,1786153896516,0.002930481244,0.380277,0,1488,0,2,0,0,0,16,1.000000,17415.307,0.026,4.905,0.788,17380.053,17367.265,12.784,27.926,1.053,0.065,0.518,14.110,0.000,0.000,12469.893,1.941,0.000,4879.784,1,1506,1674,5,1488,4610,562.09,657.33,230.97,4417.00,207,0
2,91,1786153910977,0.002930450073,0.380276,0,1209,0,2,0,0,0,16,1.000000,14459.842,0.006,3.526,0.731,14429.691,14415.975,13.712,24.390,1.056,0.064,0.383,15.562,0.000,0.000,10242.468,1.753,0.000,4153.434,1,1227,1674,5,1209,4610,562.09,657.33,230.97,4420.06,207,0
2,92,1786153919767,0.002930405198,0.380275,0,706,0,2,0,0,0,16,1.000000,8789.753,0.005,3.196,0.703,8752.856,8740.425,12.428,31.601,1.046,0.066,0.285,12.466,0.000,0.000,5961.266,1.872,0.000,2763.170,1,724,1674,5,706,4610,562.09,657.33,230.97,4518.44,207,0
2,93,1786153928230,0.002930343637,0.380275,0,674,0,2,0,0,0,16,1.000000,8463.020,0.004,3.400,0.707,8431.062,8416.229,14.828,26.261,1.078,0.052,0.461,13.364,0.000,0.000,5698.628,1.778,0.000,2700.834,1,692,1674,5,674,4610,562.09,657.33,235.67,4399.11,207,0
2,94,1786153936730,0.002930289431,0.380274,0,674,0,2,0,0,0,16,1.000000,8499.709,0.045,4.590,0.762,8462.792,8449.122,13.666,30.117,1.074,0.054,0.319,14.191,0.000,0.000,5726.965,1.821,0.000,2704.559,1,692,1674,5,674,4610,562.09,657.33,231.36,4400.56,207,0
2,95,1786153945647,0.002930242391,0.380274,0,681,0,2,0,0,0,16,1.000000,8916.947,0.007,5.071,0.711,8876.194,8857.006,19.184,32.891,1.626,0.058,0.396,12.670,0.000,0.000,5948.106,1.797,0.000,2892.803,1,699,1674,5,681,4610,562.09,657.33,232.25,4347.05,207,0
2,96,1786153954843,0.002930202004,0.380273,1,690,0,2,0,0,0,16,1.000000,9195.151,0.004,3.320,0.691,9161.652,9148.207,13.441,27.531,1.548,0.056,0.354,14.147,0.000,0.000,6228.675,2.008,0.000,2901.557,1,708,1674,5,690,4610,562.09,657.33,232.25,4255.70,207,0
2,97,1786153968328,0.002884474334,0.380632,0,1090,0,4,0,0,0,16,1.000000,13485.100,0.021,3.545,0.732,13449.668,13436.785,12.880,29.761,1.070,0.047,0.277,11.304,0.000,0.000,9506.231,1.855,0.000,3915.960,1,1108,1674,5,1090,4610,562.09,657.33,231.42,4201.45,207,0
2,98,1786153980198,0.002883528326,0.380636,0,1248,0,4,0,0,0,16,1.000000,11869.082,0.015,3.168,0.734,11838.293,11825.547,12.743,25.272,1.330,0.045,0.242,15.124,0.000,0.000,7853.174,2.499,0.000,3953.218,1,1266,1674,5,1248,4610,562.11,657.33,231.05,4525.09,207,0
2,99,1786153994418,0.002883396422,0.380627,0,1530,0,4,0,0,0,16,1.000000,14219.958,0.006,3.351,0.739,14187.744,14174.568,13.172,26.677,1.067,0.059,0.320,11.258,0.000,0.000,9563.577,2.002,0.000,4596.265,1,1548,1674,5,1530,4610,562.11,657.33,231.05,4747.55,207,0
2,100,1786154007977,0.002883325239,0.380615,0,1449,0,4,0,0,0,16,1.000000,13559.081,0.026,3.197,0.752,13529.005,13515.804,13.198,24.760,1.080,0.043,0.244,11.218,0.000,0.000,9065.710,1.914,0.000,4435.480,1,1467,1674,5,1449,4610,562.11,657.33,231.03,4577.80,207,0
2,101,1786154019128,0.002883243788,0.380602,0,1153,0,4,0,0,0,16,1.000000,11150.946,0.008,3.100,0.722,11122.373,11108.623,13.746,23.262,1.114,0.054,0.321,10.970,0.000,0.000,7317.490,1.824,0.000,3776.641,1,1171,1674,5,1153,4610,562.11,657.33,241.62,4552.42,207,0
2,102,1786154029483,0.002883144584,0.380588,0,1089,0,4,0,0,0,16,1.000000,10353.938,0.005,3.168,0.726,10324.580,10311.724,12.852,23.992,1.071,0.044,0.357,11.111,0.000,0.000,6752.542,2.118,0.000,3544.533,1,1107,1674,5,1089,4610,562.11,657.33,241.61,4592.78,207,0
2,103,1786154036736,0.002883047478,0.380576,0,737,0,4,0,0,0,16,1.000000,7252.072,0.007,3.132,0.744,7222.087,7209.390,12.696,24.679,1.072,0.047,0.311,12.123,0.000,0.000,4513.106,1.792,0.000,2680.748,1,755,1674,5,737,4610,562.11,657.33,241.61,4695.00,207,0
2,104,1786154044989,0.002882944817,0.380563,0,840,0,4,0,0,0,16,1.000000,8253.763,0.003,3.048,0.737,8223.847,8210.913,12.931,24.485,1.067,0.054,0.526,11.309,0.000,0.000,5302.515,1.807,0.000,2893.853,1,858,1674,5,840,4610,562.11,657.33,241.59,4558.64,207,0
2,105,1786154055556,0.00288282897,0.380547,0,1111,0,4,0,0,0,16,1.000000,10565.395,0.009,3.548,0.850,10533.534,10518.122,15.409,26.019,1.098,0.054,0.292,10.709,0.000,0.000,6848.862,1.960,0.000,3654.986,1,1129,1674,5,1111,4610,562.11,657.33,240.23,4586.03,207,0
2,106,1786154063173,0.002882668268,0.380536,0,767,0,4,0,0,0,16,1.000000,7612.570,0.003,3.446,1.128,7582.281,7569.358,12.920,24.307,1.078,0.044,0.285,10.817,0.000,0.000,4819.325,1.756,0.000,2735.207,1,785,1674,5,767,4610,562.11,657.33,240.50,4626.91,207,0
2,107,1786154071194,0.00288248169,0.380537,1,809,0,4,0,0,0,16,1.000000,8017.892,0.003,3.929,0.721,7987.459,7974.917,12.541,24.357,1.052,0.067,0.307,12.010,0.000,0.000,5068.413,1.993,0.000,2890.787,1,827,1674,5,809,4610,562.11,657.33,240.44,4631.00,207,0
2,108,1786154079242,0.002847742605,0.380968,0,780,0,8,0,0,0,16,1.000000,8044.635,0.009,5.249,0.754,8012.334,7998.968,13.363,24.065,1.198,0.044,0.990,11.098,0.000,0.000,5139.337,1.815,0.000,2845.332,1,798,1674,5,780,4610,562.11,657.33,240.11,4497.61,207,0
2,109,1786154091796,0.002847146349,0.381174,0,1345,0,8,0,0,0,16,1.000000,12552.387,0.004,3.236,0.751,12522.573,12508.944,13.625,24.358,1.108,0.056,0.305,10.581,0.000,0.000,8381.922,1.771,0.000,4113.041,1,1363,1674,5,1345,4610,562.11,657.33,240.09,4646.98,207,0
2,110,1786154100982,0.002846845425,0.381301,0,938,0,8,0,0,0,16,1.000000,9185.269,0.004,3.385,0.783,9149.809,9135.905,13.901,29.890,1.070,0.056,0.276,11.404,0.000,0.000,5904.215,1.784,0.000,3217.052,1,956,1674,5,938,4610,562.11,657.33,240.81,4120.41,207,0
2,111,1786154111042,0.002846641819,0.381397,0,903,0,8,0,0,0,16,1.000000,10058.911,0.056,8.129,0.777,10007.272,9992.315,14.953,38.917,1.386,0.061,2.369,14.495,0.000,0.000,6733.992,1.761,0.000,3239.258,1,921,1674,5,903,4610,562.11,657.33,262.23,3781.91,207,0
2,112,1786154122098,0.002846497888,0.381473,0,878,0,8,0,0,0,16,1.000000,11054.908,0.020,4.717,0.778,11018.053,11000.170,17.879,29.746,1.214,0.057,0.343,17.552,0.000,0.000,7633.443,1.920,0.000,3345.664,1,896,1674,5,878,4610,562.17,657.33,249.95,3917.16,207,0
2,113,1786154134734,0.002846394239,0.381508,0,979,0,8,0,0,0,16,1.000000,12634.952,0.005,3.482,0.873,12601.825,12588.421,13.400,27.365,1.073,0.045,0.290,15.074,0.000,0.000,8864.609,1.797,0.000,3705.012,1,997,1674,5,979,4610,562.17,657.33,236.31,3992.69,207,0
2,114,1786154145836,0.002846328863,0.381538,0,891,0,8,0,0,0,16,1.000000,11101.009,0.005,5.961,0.737,11062.223,11048.301,13.918,29.901,1.063,0.058,1.067,12.372,0.000,0.000,7693.257,1.765,0.000,3338.594,1,909,1674,5,891,4610,562.17,657.33,234.22,3905.02,207,0
2,115,1786154156108,0.002846280871,0.381550,0,818,0,8,0,0,0,16,1.000000,10271.767,0.026,3.415,0.761,10234.630,10221.529,13.097,31.487,1.085,0.060,0.329,13.726,0.000,0.000,7055.903,1.784,0.000,3147.137,1,836,1674,5,818,4610,562.17,657.33,234.22,3903.81,207,0
2,116,1786154164154,0.002846234617,0.381582,0,622,0,8,0,0,0,16,1.000000,8046.046,0.021,3.600,0.759,8007.118,7993.946,13.167,32.690,1.052,0.057,0.770,12.279,0.000,0.000,5347.654,1.777,0.000,2630.739,1,640,1674,5,622,4610,562.17,657.33,245.69,4003.02,207,0
2,117,1786154173440,0.002846189419,0.381600,0,720,0,8,0,0,0,16,1.000000,9285.032,0.008,3.581,0.805,9251.744,9238.735,13.005,27.400,1.095,0.053,0.354,14.184,0.000,0.000,6298.714,2.046,0.000,2921.960,1,738,1674,5,720,4610,563.63,657.33,238.78,4106.25,207,0
2,118,1786154183213,0.002846154961,0.381645,1,731,0,8,0,0,0,16,1.000000,9773.212,0.009,4.042,0.803,9738.148,9725.220,12.925,28.693,1.070,0.057,0.399,16.334,0.000,0.000,6690.166,1.794,0.000,3015.324,1,749,1674,5,731,4610,563.63,657.33,234.80,4428.09,207,0
2,119,1786154192368,0.002839480793,0.384152,0,700,0,16,0,0,0,16,1.000000,9154.820,0.030,4.952,0.753,9117.886,9102.697,15.184,29.610,1.123,0.074,0.423,12.153,0.000,0.000,6151.159,1.772,0.000,2935.972,1,718,1674,5,700,4610,563.63,657.33,232.25,4451.66,207,0
2,120,1786154209949,0.002839273122,0.385130,0,1425,0,16,0,0,0,16,1.000000,17580.143,0.023,3.670,0.753,17538.183,17523.113,15.066,35.488,1.632,0.054,0.363,12.017,0.000,0.000,12589.001,1.752,0.000,4918.836,1,1443,1674,5,1425,4610,563.63,657.33,232.22,4399.50,207,0
2,121,1786154227264,0.002839214406,0.385672,0,1425,0,16,0,0,0,16,1.000000,17314.637,0.015,3.340,0.780,17281.235,17266.324,14.907,27.829,1.083,0.057,0.314,12.922,0.000,0.000,12357.700,1.850,0.000,4892.030,1,1443,1674,5,1425,4610,539.42,657.33,231.11,4386.16,207,0
2,122,1786154244942,0.002839192888,0.385862,0,1423,0,16,0,0,0,16,1.000000,17677.206,0.030,3.519,0.769,17640.139,17626.741,13.395,31.329,1.095,0.060,0.294,14.307,0.000,0.000,12699.108,2.121,0.000,4909.649,1,1441,1674,5,1423,4610,545.36,657.33,234.88,4208.00,207,0
2,123,1786154262336,0.002839188128,0.385779,0,1425,0,16,0,0,0,16,1.000000,17393.063,0.035,3.994,0.764,17357.895,17345.077,12.813,28.734,1.057,0.054,0.565,13.617,0.000,0.000,12469.348,1.804,0.000,4858.798,1,1443,1674,5,1425,4610,545.36,657.33,231.03,4399.09,207,0
2,124,1786154279642,0.002839181726,0.385741,0,1425,0,16,0,0,0,16,1.000000,17304.410,0.005,3.337,0.714,17270.497,17257.490,13.003,28.387,1.042,0.071,0.361,15.064,0.000,0.000,12397.438,3.034,0.000,4840.344,1,1443,1674,5,1425,4610,545.41,657.33,231.03,4364.44,207,0
2,125,1786154297072,0.002839181526,0.385718,0,1425,0,16,0,0,0,16,1.000000,17429.892,0.004,5.716,0.798,17384.560,17371.246,13.310,36.614,1.236,0.040,0.929,15.988,0.000,0.000,12540.512,1.805,0.000,4810.668,1,1443,1674,5,1425,4610,546.22,657.33,231.17,4276.02,207,0
2,126,1786154314448,0.002839180446,0.385485,0,1423,0,16,0,0,0,16,1.000000,17375.838,0.009,3.467,0.925,17342.572,17327.571,14.997,27.306,1.200,0.065,0.303,13.521,0.000,0.000,12431.276,2.041,0.000,4877.590,1,1441,1674,5,1423,4610,546.22,657.33,231.17,4285.45,207,0
2,127,1786154332016,0.002839180784,0.385743,0,1424,0,16,0,0,0,16,1.000000,17566.469,0.005,3.333,0.735,17523.421,17510.419,12.997,37.453,1.138,0.053,0.336,13.146,0.000,0.000,12597.368,1.771,0.000,4895.765,1,1442,1674,5,1424,4610,546.22,657.33,231.17,3993.16,207,0
2,128,1786154349473,0.00283917892,0.385479,0,1425,0,16,0,0,0,16,1.000000,17455.929,0.006,3.592,0.700,17418.377,17405.600,12.773,31.682,1.110,0.070,0.398,14.399,0.000,0.000,12563.401,1.800,0.000,4824.481,1,1443,1674,5,1425,4610,559.99,657.33,245.67,4200.39,207,0
2,129,1786154366806,0.002839180231,0.385595,1,1425,0,16,0,0,0,16,1.000000,17331.964,0.008,4.441,0.768,17294.318,17279.513,14.802,30.692,1.343,0.068,0.332,14.368,0.000,0.000,12462.396,3.130,0.000,4796.242,1,1443,1674,5,1425,4610,559.99,657.33,234.45,4259.88,207,0
2,130,1786154384677,0.002839059195,0.390412,1,1425,0,32,0,0,0,16,1.000000,17870.099,0.027,3.384,0.742,17855.632,17842.496,13.133,7.717,1.067,1.115,0.441,14.397,0.000,0.000,12909.753,1.799,0.000,4915.056,1,1443,1674,5,1425,4610,561.28,657.33,236.00,4204.39,207,0
2,131,1786154405321,0.002839059027,0.394971,1,1713,0,32,0,0,0,16,1.000000,20642.689,0.019,5.846,0.763,20623.804,20610.966,12.834,9.081,1.102,0.064,2.030,15.304,0.000,0.000,15007.381,1.734,0.000,5584.218,1,1731,1674,5,1713,4610,561.28,657.33,236.22,3959.31,207,0
2,132,1786154426100,0.002839049631,0.388658,1,1715,0,32,0,0,0,16,1.000000,20778.671,0.019,3.573,0.770,20742.721,20730.137,12.582,30.211,1.045,0.069,0.282,13.892,0.000,0.000,15099.707,1.755,0.000,5612.911,1,1733,1674,5,1715,4610,562.70,657.33,234.70,4088.20,207,0
2,133,1786154447140,0.002838758487,0.382698,1,1714,0,32,0,0,0,16,1.000000,21038.951,0.026,3.567,0.829,21007.865,20995.408,12.453,25.045,1.025,0.057,0.562,13.617,0.000,0.000,15281.949,1.868,0.000,5696.367,1,1732,1674,5,1714,4610,562.70,657.33,234.02,4220.80,207,0
2,134,1786154467706,0.002838916851,0.386273,1,1714,0,32,0,0,0,16,1.000000,20564.529,0.018,3.262,0.713,20527.641,20514.068,13.570,31.296,1.146,0.056,0.414,13.782,0.000,0.000,14965.744,1.776,0.000,5531.036,1,1732,1674,5,1714,4610,562.70,657.33,233.56,4230.69,207,0
2,135,1786154488692,0.002838822172,0.381532,1,1715,0,32,0,0,0,16,1.000000,20985.467,0.004,3.648,0.751,20953.769,20941.399,12.368,25.892,1.065,0.066,0.275,14.605,0.000,0.000,15260.704,1.740,0.000,5662.948,1,1733,1674,5,1715,4610,562.70,657.33,233.08,4211.30,207,0
2,136,1786154509444,0.002838861063,0.382832,1,1714,0,32,0,0,0,16,1.000000,20750.803,0.011,3.193,1.261,20712.256,20700.068,12.188,32.515,1.032,0.053,0.492,12.766,0.000,0.000,15013.968,2.047,0.000,5669.577,1,1732,1674,5,1714,4610,562.70,657.33,233.08,4267.48,207,0
2,137,1786154530279,0.002838875381,0.382630,1,1714,0,32,0,0,0,16,1.000000,20834.053,0.011,3.515,0.895,20794.636,20782.159,12.475,32.354,1.097,1.158,0.400,11.032,0.000,0.000,15138.304,1.874,0.000,5629.493,1,1732,1674,5,1714,4610,562.70,657.33,234.28,4242.38,207,0
2,138,1786154550796,0.002838859769,0.382839,1,1711,0,32,0,0,0,16,1.000000,20516.592,0.016,3.823,0.760,20478.961,20465.580,13.377,31.472,1.053,0.048,0.475,11.448,0.000,0.000,14831.116,1.759,0.000,5619.755,1,1729,1674,5,1711,4610,562.70,657.33,233.23,4249.45,207,0
2,139,1786154571737,0.002838857792,0.382638,1,1714,0,32,0,0,0,16,1.000000,20940.050,0.025,5.805,0.820,20901.383,20888.176,13.203,29.969,1.039,0.055,0.979,12.159,0.000,0.000,15191.679,2.067,0.000,5679.814,1,1732,1674,5,1714,4610,562.70,657.33,233.23,4229.56,207,0
2,140,1786154592608,0.002838857518,0.382951,1,1714,0,32,0,0,0,16,1.000000,20870.087,0.005,4.633,0.807,20838.270,20825.014,13.254,24.865,1.053,0.055,0.404,14.349,0.000,0.000,15100.985,2.976,0.000,5705.104,1,1732,1674,5,1714,4610,562.70,657.33,248.14,4126.16,207,0
3,1,1786154657315,0.005585061394,0.255892,0,951,0,0,0,0,0,16,1.000000,12292.945,0.000,2.168,1.162,12255.850,12242.981,12.864,32.183,1.093,0.078,0.411,15.501,0.000,0.000,8543.010,1.838,0.000,3680.259,1,969,1674,5,951,4610,691.31,691.31,222.75,4126.11,207,0
3,2,1786154670045,0.005253571156,0.257673,0,1023,0,0,0,0,0,16,1.000000,12728.614,0.004,2.424,0.187,12693.850,12680.661,13.185,30.623,1.084,0.071,0.375,13.404,0.000,0.000,8926.090,1.775,0.000,3737.355,1,1041,1674,5,1023,4610,714.97,714.97,218.61,4112.45,207,0
3,3,1786154682793,0.004984174109,0.257683,0,966,0,0,0,0,0,16,1.000000,12746.917,0.007,2.414,0.168,12701.404,12681.126,20.275,39.573,1.320,0.056,1.982,12.534,0.000,0.000,8899.922,1.817,0.000,3762.983,1,984,1674,5,966,4610,714.97,714.97,285.58,4025.28,207,0
3,4,1786154693240,0.004771940646,0.257526,0,810,0,0,0,0,0,16,1.000000,10445.892,0.003,2.429,0.163,10409.125,10395.851,13.271,32.654,1.069,0.060,0.393,15.328,0.000,0.000,7185.540,1.813,0.000,3191.429,1,828,1674,5,810,4610,714.97,714.97,279.44,4063.39,207,0
3,5,1786154701668,0.004555756338,0.257567,0,845,0,0,0,0,0,16,1.000000,8427.519,0.003,2.355,0.201,8397.728,8384.621,13.103,25.797,1.083,0.048,0.307,13.115,0.000,0.000,5413.529,1.792,0.000,2954.197,1,863,1674,5,845,4610,717.67,717.67,279.03,4354.06,207,0
3,6,1786154710099,0.004343227437,0.257895,0,870,0,0,0,0,0,16,1.000000,8431.381,0.002,2.037,0.165,8400.672,8386.169,14.500,27.111,1.080,0.052,0.264,11.054,0.000,0.000,5390.295,2.032,0.000,2981.264,1,888,1674,5,870,4610,717.67,717.67,278.53,4461.66,207,0
3,7,1786154718708,0.004166803158,0.258249,0,874,0,0,0,0,0,16,1.000000,8609.199,0.002,2.061,0.167,8581.928,8568.278,13.647,23.621,1.091,0.054,0.277,11.055,0.000,0.000,5514.473,1.885,0.000,3039.287,1,892,1674,5,874,4610,717.67,717.67,278.17,4440.97,207,0
3,8,1786154726132,0.004032509206,0.258753,0,764,0,0,0,0,0,16,1.000000,7423.616,0.010,2.044,0.158,7392.573,7379.279,13.291,27.082,1.077,0.052,0.630,10.832,0.000,0.000,4653.534,2.275,0.000,2710.299,1,782,1674,5,764,4610,668.49,717.67,276.27,4465.69,207,0
3,9,1786154734084,0.003945298143,0.259235,0,783,0,0,0,0,0,16,1.000000,7951.401,0.004,2.200,0.174,7923.655,7909.839,13.814,23.980,1.071,0.052,0.269,11.521,0.000,0.000,5045.993,1.805,0.000,2848.949,1,801,1674,5,783,4610,670.33,717.67,276.25,4505.02,207,0
3,10,1786154741957,0.003895581717,0.259491,0,807,0,0,0,0,0,16,1.000000,7873.355,0.005,2.039,0.161,7845.425,7832.315,13.106,24.270,1.053,0.050,0.357,11.102,0.000,0.000,5014.732,2.005,0.000,2802.956,1,825,1674,5,807,4610,612.33,717.67,252.92,4461.45,207,0
3,11,1786154749815,0.003866611422,0.259632,0,804,0,0,0,0,0,16,1.000000,7856.859,0.003,1.979,0.175,7825.439,7812.668,12.769,27.842,1.064,0.055,0.305,12.052,0.000,0.000,4951.027,1.810,0.000,2846.264,1,822,1674,5,804,4610,577.19,717.67,237.39,4426.02,207,0
3,12,1786154757615,0.003846540282,0.259747,0,801,0,0,0,0,0,16,1.000000,7799.532,0.006,1.984,0.165,7770.553,7757.451,13.099,25.418,1.085,0.050,0.277,11.704,0.000,0.000,4916.185,2.576,0.000,2825.120,1,819,1674,5,801,4610,582.83,717.67,277.95,4737.59,207,0
3,13,1786154765554,0.003832389485,0.259823,0,806,0,0,0,0,0,16,1.000000,7937.929,0.005,2.041,0.160,7910.060,7897.207,12.851,24.264,1.084,0.049,0.271,10.954,0.000,0.000,5067.822,1.795,0.000,2815.179,1,824,1674,5,806,4610,582.83,717.67,277.94,4484.44,207,0
3,14,1786154773382,0.003822373173,0.259877,0,797,0,0,0,0,0,16,1.000000,7827.937,0.009,2.008,0.407,7798.309,7784.823,13.485,25.876,1.033,0.050,0.255,11.755,0.000,0.000,4956.970,1.838,0.000,2812.784,1,815,1674,5,797,4610,584.02,717.67,277.92,4513.00,207,0
3,15,1786154781200,0.003815141049,0.259911,0,795,0,0,0,0,0,16,1.000000,7817.095,0.018,3.046,0.204,7786.937,7774.004,12.931,25.418,1.194,0.036,0.260,12.593,0.000,0.000,4939.426,1.775,0.000,2818.768,1,813,1674,5,795,4610,585.64,717.67,277.89,4508.89,207,0
3,16,1786154788908,0.003809830671,0.259937,0,796,0,0,0,0,0,16,1.000000,7708.691,0.015,2.256,0.168,7679.895,7666.890,13.002,24.987,1.064,0.051,0.270,10.828,0.000,0.000,4894.836,1.828,0.000,2757.735,1,814,1674,5,796,4610,585.64,717.67,277.88,4709.56,207,0
3,17,1786154796659,0.003805912063,0.259951,0,794,0,0,0,0,0,16,1.000000,7750.723,0.003,2.071,0.161,7721.466,7707.714,13.749,25.644,1.058,0.050,0.272,11.238,0.000,0.000,4909.979,1.766,0.000,2783.232,1,812,1674,5,794,4610,585.64,717.67,277.88,4711.33,207,0
3,18,1786154804450,0.003802997589,0.259958,0,792,0,0,0,0,0,16,1.000000,7790.790,0.002,2.091,0.186,7763.146,7750.266,12.878,24.008,1.054,0.052,0.254,11.574,0.000,0.000,4945.266,1.774,0.000,2789.985,1,810,1674,5,792,4610,585.64,717.67,277.88,4717.05,207,0
3,19,1786154812360,0.003800551661,0.259964,0,807,0,0,0,0,0,16,1.000000,7909.258,0.003,2.307,0.160,7880.218,7867.548,12.666,25.091,1.116,0.046,0.320,10.645,0.000,0.000,5038.374,2.422,0.000,2814.429,1,825,1674,5,807,4610,585.64,717.67,277.88,4663.11,207,0
3,20,1786154820368,0.003798411807,0.259967,0,799,0,0,0,0,0,16,1.000000,8007.845,0.003,1.989,0.175,7982.647,7969.505,13.139,21.252,1.363,0.051,0.368,11.095,0.000,0.000,5106.299,1.793,0.000,2848.865,1,817,1674,5,799,4610,585.64,717.67,277.88,4410.23,207,0
3,21,1786154828623,0.003796411509,0.259970,0,831,0,0,0,0,0,16,1.000000,8254.890,0.003,2.225,0.162,8229.461,8216.889,12.570,21.716,1.035,0.049,0.243,10.380,0.000,0.000,5324.443,1.745,0.000,2878.864,1,849,1674,5,831,4610,595.06,717.67,287.38,4199.28,207,0
3,22,1786154837959,0.00379453014,0.259972,0,787,0,0,0,0,0,16,1.000000,9335.993,0.003,2.055,0.168,9283.787,9270.004,13.779,46.027,1.360,0.072,2.525,10.965,0.000,0.000,6339.961,1.782,0.000,2914.782,1,805,1674,5,787,4610,617.22,717.67,322.12,3925.12,207,0
3,23,1786154847997,0.003792635883,0.259976,0,795,0,0,0,0,0,16,1.000000,10037.614,0.006,2.665,0.189,10000.678,9987.242,13.432,32.561,1.081,0.066,0.373,17.499,0.000,0.000,6845.158,1.971,0.000,3120.809,1,813,1674,5,795,4610,617.58,717.67,297.44,3980.67,207,0
3,24,1786154857973,0.003790905921,0.259979,0,803,0,0,0,0,0,16,1.000000,9975.595,0.003,2.223,0.164,9934.410,9921.648,12.758,37.341,1.052,0.058,0.348,11.526,0.000,0.000,6821.137,1.776,0.000,3085.508,1,821,1674,5,803,4610,617.58,717.67,304.80,4006.44,207,0
3,25,1786154868046,0.00378936854,0.259979,0,807,0,0,0,0,0,16,1.000000,10072.165,0.008,2.347,0.161,10035.028,10016.412,18.613,31.630,1.110,0.041,1.847,11.738,0.000,0.000,6865.289,1.794,0.000,3136.090,1,825,1674,5,807,4610,617.58,717.67,304.41,4055.19,207,0
3,26,1786154877831,0.003787851519,0.259980,0,786,0,0,0,0,0,16,1.000000,9784.403,0.012,3.340,0.206,9747.126,9732.200,14.921,32.100,1.083,0.060,0.489,11.779,0.000,0.000,6669.429,1.813,0.000,3045.883,1,804,1674,5,786,4610,617.58,717.67,304.39,4060.89,207,0
3,27,1786154887599,0.00378640943,0.259980,0,761,0,0,0,0,0,16,1.000000,9767.343,0.010,3.041,0.169,9725.140,9712.015,13.121,36.622,1.096,0.091,1.186,12.300,0.000,0.000,6660.062,1.988,0.000,3035.372,1,779,1674,5,761,4610,617.58,717.67,308.81,3852.23,207,0
3,28,1786154897786,0.00378492184,0.259982,0,790,0,0,0,0,0,16,1.000000,10186.228,0.008,2.269,0.166,10148.960,10135.742,13.214,33.302,1.112,0.061,0.358,16.987,0.000,0.000,6991.878,1.793,0.000,3122.902,1,808,1674,5,790,4610,617.59,717.67,311.02,3914.38,207,0
3,29,1786154907513,0.003783468878,0.259983,0,753,0,0,0,0,0,16,1.000000,9726.292,0.007,2.519,0.180,9690.757,9674.568,16.184,31.141,1.104,0.066,0.526,19.082,0.000,0.000,6618.516,1.848,0.000,3033.504,1,771,1674,5,753,4610,617.59,717.67,295.17,3940.59,207,0
3,30,1786154917429,0.003782193011,0.259984,0,759,0,0,0,0,0,16,1.000000,9914.886,0.031,2.764,0.172,9877.815,9864.902,12.909,32.259,1.450,0.055,0.371,12.958,0.000,0.000,6778.079,1.814,0.000,3070.400,1,777,1674,5,759,4610,617.59,717.67,296.86,3936.16,207,0
3,31,1786154928935,0.003781060936,0.259984,0,892,0,0,0,0,0,16,1.000000,11505.808,0.005,2.246,0.169,11465.026,11449.551,15.470,36.606,1.194,0.060,0.509,12.969,0.000,0.000,7979.593,1.958,0.000,3453.298,1,910,1674,5,892,4610,617.59,717.67,296.52,3865.94,207,0
3,32,1786154938661,0.003780008573,0.259983,0,754,0,0,0,0,0,16,1.000000,9724.369,0.005,2.953,0.175,9688.757,9674.627,14.126,31.068,1.061,0.053,0.301,12.152,0.000,0.000,6623.486,2.599,0.000,3034.814,1,772,1674,5,754,4610,617.59,717.67,296.56,3883.20,207,0
3,33,1786154948495,0.003778896102,0.259984,0,743,0,0,0,0,0,16,1.000000,9834.306,0.004,2.150,0.160,9790.638,9775.593,15.043,37.358,2.333,0.061,1.606,13.741,0.000,0.000,6682.719,1.793,0.000,3073.405,1,761,1674,5,743,4610,617.59,717.67,291.97,3756.59,207,0
3,34,1786154958609,0.003777808508,0.259985,0,788,0,0,0,0,0,16,1.000000,10112.231,0.015,3.047,0.161,10077.260,10064.400,12.855,30.265,1.055,0.057,0.386,12.915,0.000,0.000,6942.653,2.075,0.000,3105.069,1,806,1674,5,788,4610,617.59,717.67,291.45,3761.69,207,0
3,35,1786154968599,0.003776755615,0.259986,0,779,0,0,0,0,0,16,1.000000,9989.135,0.005,2.382,0.180,9958.782,9944.538,14.241,26.095,1.281,0.067,0.348,12.500,0.000,0.000,6789.986,1.786,0.000,3138.605,1,797,1674,5,779,4610,617.59,717.67,291.06,3791.08,207,0
3,36,1786154978404,0.003775838027,0.259987,0,694,0,0,0,0,0,16,1.000000,9804.899,0.005,2.303,0.170,9733.370,9711.597,21.769,67.449,1.203,0.052,0.351,15.953,0.000,0.000,6634.669,1.755,0.000,3057.057,1,712,1674,5,694,4610,617.59,717.67,314.25,3533.91,207,0
3,37,1786154988456,0.003774989785,0.259988,0,782,0,0,0,0,0,16,1.000000,10052.332,0.004,2.470,0.170,10014.916,10001.925,12.984,32.904,1.335,0.068,0.470,12.849,0.000,0.000,6832.306,1.982,0.000,3153.145,1,800,1674,5,782,4610,617.59,717.67,308.59,3674.17,207,0
3,38,1786154998580,0.003774253646,0.259987,0,789,0,0,0,0,0,16,1.000000,10122.906,0.005,2.332,0.169,10087.758,10074.996,12.759,31.150,1.079,0.058,0.359,17.177,0.000,0.000,6929.968,1.813,0.000,3124.334,1,807,1674,5,789,4610,617.59,717.67,297.41,3723.78,207,0
3,39,1786155008834,0.003773459118,0.259987,0,789,0,0,0,0,0,16,1.000000,10253.141,0.006,2.168,0.202,10203.654,10186.674,16.976,43.143,1.464,0.097,2.412,12.852,0.000,0.000,6980.392,1.850,0.000,3188.058,1,807,1674,5,789,4610,617.59,717.67,322.61,3514.69,207,0
3,40,1786155018811,0.003772639513,0.259987,0,785,0,0,0,0,0,16,1.000000,9976.053,0.008,3.312,0.215,9942.050,9927.973,14.073,28.890,1.180,0.053,0.354,16.951,0.000,0.000,6809.302,1.867,0.000,3097.497,1,803,1674,5,785,4610,617.59,717.67,306.67,3697.06,207,0
3,41,1786155028319,0.003771786407,0.259987,0,722,0,0,0,0,0,16,1.000000,9507.269,0.005,3.105,0.167,9466.285,9452.204,14.078,35.699,1.337,0.050,0.626,15.837,0.000,0.000,6418.681,1.806,0.000,3014.356,1,740,1674,5,722,4610,617.59,717.67,292.25,3797.72,207,0
3,42,1786155039876,0.003770939696,0.259988,0,923,0,0,0,0,0,16,1.000000,11556.457,0.011,2.014,0.172,11520.851,11506.857,13.990,32.024,1.064,0.060,0.273,13.409,0.000,0.000,7975.148,1.797,0.000,3514.391,1,941,1674,5,923,4610,618.08,717.67,292.20,3868.69,207,0
3,43,1786155049866,0.003770102563,0.259988,0,785,0,0,0,0,0,16,1.000000,9990.137,0.004,2.409,0.160,9950.172,9936.406,13.762,35.443,1.275,0.129,0.550,12.406,0.000,0.000,6825.098,1.754,0.000,3095.657,1,803,1674,5,785,4610,618.13,717.67,291.41,3859.97,207,0
3,44,1786155059795,0.003769320599,0.259989,0,788,0,0,0,0,0,16,1.000000,9928.357,0.003,2.175,0.225,9892.798,9879.089,13.704,29.511,2.001,0.058,1.589,12.987,0.000,0.000,6784.714,1.819,0.000,3077.600,1,806,1674,5,788,4610,618.25,717.67,290.98,3855.39,207,0
3,45,1786155070449,0.003768582246,0.259990,0,832,0,0,0,0,0,16,1.000000,10654.365,0.003,2.152,0.158,10616.937,10603.331,13.602,33.686,1.078,0.040,0.314,12.176,0.000,0.000,7330.430,1.783,0.000,3257.431,1,850,1674,5,832,4610,618.61,717.67,306.66,4066.67,207,0
3,46,1786155079712,0.003767921558,0.259990,0,710,0,0,0,0,0,16,1.000000,9261.747,0.007,2.617,0.176,9222.540,9207.430,15.106,34.910,1.077,0.042,0.385,16.087,0.000,0.000,6198.254,1.980,0.000,2989.331,1,728,1674,5,710,4610,618.61,717.67,293.17,3958.34,207,0
3,47,1786155089870,0.00376725494,0.259991,0,794,0,0,0,0,0,16,1.000000,10157.971,0.003,2.111,0.167,10120.175,10098.067,22.105,34.008,1.112,0.057,0.341,13.267,0.000,0.000,6940.648,1.783,0.000,3140.755,1,812,1674,5,794,4610,619.14,717.67,293.11,4095.34,207,0
3,48,1786155100714,0.003766653027,0.259991,0,818,0,0,0,0,0,16,1.000000,10842.936,0.007,4.019,0.172,10789.074,10769.278,19.792,45.327,1.315,0.055,2.973,11.409,0.000,0.000,7473.648,1.775,0.000,3279.963,1,836,1674,5,818,4610,619.14,717.67,293.11,3991.31,207,0
3,49,1786155110568,0.003766100813,0.259990,0,761,0,0,0,0,0,16,1.000000,9852.818,0.011,3.400,0.188,9818.254,9803.503,14.746,29.276,1.092,0.118,0.490,12.454,0.000,0.000,6691.088,1.786,0.000,3096.366,1,779,1674,5,761,4610,619.66,717.67,292.80,4147.84,207,0
3,50,1786155120739,0.003765526015,0.259990,0,801,0,0,0,0,0,16,1.000000,10282.887,0.014,2.391,0.170,10241.766,10228.516,13.246,37.048,1.101,0.076,0.336,16.106,0.000,0.000,6999.375,1.807,0.000,3209.583,1,819,1674,5,801,4610,619.66,717.67,292.42,3781.56,207,0
3,51,1786155131591,0.003764934333,0.259990,0,810,0,0,0,0,0,16,1.000000,10852.170,0.006,2.921,0.242,10816.873,10803.871,12.998,30.648,1.111,0.058,0.316,13.883,0.000,0.000,7339.608,2.134,0.000,3446.476,1,828,1674,5,810,4610,619.66,717.67,295.81,4054.02,207,0
3,52,1786155142051,0.003764319438,0.259991,0,828,0,0,0,0,0,16,1.000000,10459.792,0.005,2.220,0.162,10422.315,10408.323,13.988,33.514,1.090,0.056,0.435,15.602,0.000,0.000,7193.277,2.322,0.000,3195.551,1,846,1674,5,828,4610,619.66,717.67,294.94,4100.11,207,0
3,53,1786155152309,0.003763708414,0.259992,0,788,0,0,0,0,0,16,1.000000,10257.168,0.004,3.611,0.173,10222.480,10209.020,13.456,29.424,1.044,0.053,0.382,11.900,0.000,0.000,7054.348,1.797,0.000,3139.355,1,806,1674,5,788,4610,619.66,717.67,294.94,4181.62,207,0
3,54,1786155162903,0.003763177774,0.259993,0,800,0,0,0,0,0,16,1.000000,10594.799,0.005,2.329,0.163,10557.834,10543.028,14.801,32.925,1.060,0.070,0.418,13.694,0.000,0.000,7304.881,2.013,0.000,3219.891,1,818,1674,5,800,4610,619.75,717.67,294.31,4112.45,207,0
3,55,1786155173023,0.003762715107,0.259993,0,789,0,0,0,0,0,16,1.000000,10118.826,0.009,2.298,0.167,10083.873,10070.554,13.315,30.796,1.076,0.077,0.538,12.144,0.000,0.000,6910.795,1.824,0.000,3144.135,1,807,1674,5,789,4610,619.75,717.67,293.95,4156.56,207,0
3,56,1786155183693,0.003762262299,0.259993,0,832,0,0,0,0,0,16,1.000000,10669.365,0.009,2.365,0.167,10628.481,10613.035,15.443,36.165,1.080,0.066,1.041,14.055,0.000,0.000,7388.765,1.814,0.000,3205.262,1,850,1674,5,832,4610,619.75,717.67,294.38,4015.44,207,0
3,57,1786155193947,0.003761823485,0.259993,0,811,0,0,0,0,0,16,1.000000,10253.751,0.005,2.819,0.164,10222.207,10207.340,14.864,27.060,1.067,0.062,0.371,13.888,0.000,0.000,7064.510,1.795,0.000,3125.021,1,829,1674,5,811,4610,619.75,717.67,293.56,3997.17,207,0
3,58,1786155204450,0.003761397097,0.259993,0,808,0,0,0,0,0,16,1.000000,10502.850,0.016,2.035,0.167,10467.460,10454.756,12.701,31.711,1.068,0.052,0.358,15.092,0.000,0.000,7230.387,1.967,0.000,3205.052,1,826,1674,5,808,4610,619.75,717.67,293.53,4134.50,207,0
3,59,1786155214627,0.003760952737,0.259992,0,797,0,0,0,0,0,16,1.000000,10177.106,0.003,2.473,0.186,10145.012,10130.435,14.574,27.848,1.269,0.061,0.257,12.783,0.000,0.000,6992.276,1.821,0.000,3121.986,1,815,1674,5,797,4610,619.81,717.67,293.48,4127.81,207,0
3,60,1786155224888,0.003760473224,0.259992,0,796,0,0,0,0,0,16,1.000000,10260.874,0.006,2.113,0.164,10227.324,10213.245,14.075,29.741,1.086,0.056,0.390,11.620,0.000,0.000,7061.310,1.748,0.000,3137.050,1,814,1674,5,796,4610,619.81,717.67,293.12,4132.23,207,0
3,61,1786155235145,0.003759992388,0.259992,0,807,0,0,0,0,0,16,1.000000,10257.320,0.005,2.748,0.166,10208.379,10189.338,19.036,43.406,1.788,0.034,0.799,11.212,0.000,0.000,7021.974,1.759,0.000,3150.688,1,825,1674,5,807,4610,619.81,717.67,293.12,4121.75,207,0
3,62,1786155244767,0.003759491268,0.259993,0,738,0,0,0,0,0,16,1.000000,9620.955,0.004,2.157,0.165,9584.983,9569.100,15.879,32.166,1.093,0.052,0.338,11.875,0.000,0.000,6573.656,2.390,0.000,2979.347,1,756,1674,5,738,4610,619.81,717.67,293.14,4117.48,207,0
3,63,1786155255174,0.003759015316,0.259994,0,795,0,0,0,0,0,16,1.000000,10406.784,0.004,2.017,0.168,10367.885,10344.397,23.484,35.197,1.071,0.051,0.395,12.649,0.000,0.000,7140.477,1.809,0.000,3187.799,1,813,1674,5,795,4610,619.81,717.67,293.12,4074.05,207,0
3,64,1786155266086,0.003758581209,0.259994,0,844,0,0,0,0,0,16,1.000000,10911.759,0.005,2.139,0.169,10876.212,10862.264,13.945,31.827,1.058,0.041,0.313,10.668,0.000,0.000,7519.190,1.764,0.000,3328.161,1,862,1674,5,844,4610,619.81,717.67,293.12,4116.45,207,0
3,65,1786155276689,0.003758243969,0.259994,0,799,0,0,0,0,0,16,1.000000,10603.656,0.008,3.175,0.171,10551.094,10532.481,18.609,47.413,1.239,0.023,0.541,12.938,0.000,0.000,7122.900,2.468,0.000,3391.421,1,817,1674,5,799,4610,619.81,717.67,291.75,4039.47,207,0
3,66,1786155287083,0.003757922833,0.259995,0,806,0,0,0,0,0,16,1.000000,10392.992,0.004,3.191,0.169,10351.332,10336.321,15.006,36.118,1.434,0.048,0.699,19.251,0.000,0.000,7051.009,1.801,0.000,3261.781,1,824,1674,5,806,4610,620.28,717.67,294.50,4080.16,207,0
3,67,1786155297006,0.003757633117,0.259995,0,767,0,0,0,0,0,16,1.000000,9923.737,0.003,2.393,0.166,9887.447,9873.285,14.157,32.144,1.087,0.045,0.455,13.184,0.000,0.000,6758.332,1.806,0.000,3098.305,1,785,1674,5,767,4610,620.58,717.67,295.38,4007.28,207,0
3,68,1786155307451,0.003757354489,0.259996,0,795,0,0,0,0,0,16,1.000000,10444.841,0.004,2.183,0.334,10399.568,10385.669,13.895,39.020,1.374,0.063,2.298,12.221,0.000,0.000,7128.582,1.761,0.000,3239.417,1,813,1674,5,795,4610,620.58,717.67,322.98,3871.33,207,0
3,69,1786155317095,0.003757109223,0.259996,0,749,0,0,0,0,0,16,1.000000,9643.391,0.009,4.583,0.180,9603.465,9589.496,13.965,32.955,1.415,0.049,0.744,16.886,0.000,0.000,6542.034,2.052,0.000,3026.810,1,767,1674,5,749,4610,620.58,717.67,296.48,3944.14,207,0
3,70,1786155326911,0.003756872122,0.259996,1,756,0,0,0,0,0,16,1.000000,9815.734,0.003,2.811,0.178,9782.934,9765.170,17.759,28.121,1.119,0.054,0.518,13.206,0.000,0.000,6732.705,1.800,0.000,3015.495,1,774,1674,5,756,4610,620.58,717.67,296.48,3990.70,207,0
3,71,1786155362112,0.004074332194,0.257346,0,819,0,1,0,0,0,16,1.000000,10262.250,0.000,3.447,0.737,10228.577,10212.354,16.220,28.039,1.091,0.046,0.314,11.605,0.000,0.000,7018.405,3.944,0.000,3176.742,1,837,1674,5,819,4610,624.80,717.67,279.81,3874.30,207,0
3,72,1786155371963,0.003933619422,0.258323,0,944,0,1,0,0,0,16,1.000000,9850.307,0.006,6.404,1.416,9816.346,9803.431,12.913,24.228,1.064,0.044,0.804,13.574,0.000,0.000,6508.169,2.555,0.000,3277.277,1,962,1674,5,944,4610,630.05,717.67,280.03,4913.83,207,0
3,73,1786155382639,0.003845765288,0.259085,0,1131,0,1,0,0,0,16,1.000000,10676.003,0.007,3.980,0.719,10643.984,10629.779,14.202,25.947,1.050,0.052,0.272,11.727,0.000,0.000,6983.684,1.817,0.000,3630.933,1,1149,1674,5,1131,4610,630.05,717.67,279.42,4856.94,207,0
3,74,1786155393195,0.003789805637,0.259679,0,1091,0,1,0,0,0,16,1.000000,10555.919,0.002,3.488,0.704,10521.847,10508.780,13.065,28.461,1.097,0.047,0.274,10.777,0.000,0.000,6961.730,1.794,0.000,3532.953,1,1109,1674,5,1091,4610,630.05,717.67,279.38,4821.83,207,0
3,75,1786155401122,0.003762398659,0.259920,0,803,0,1,0,0,0,16,1.000000,7927.137,0.023,3.263,0.751,7895.156,7881.686,13.467,26.437,1.063,0.056,0.411,12.441,0.000,0.000,5009.712,1.823,0.000,2856.126,1,821,1674,5,803,4610,630.05,717.67,277.67,4939.41,207,0
3,76,1786155408879,0.003750277799,0.260007,0,789,0,1,0,0,0,16,1.000000,7757.228,0.003,3.152,0.968,7727.493,7714.497,12.994,24.058,1.083,0.041,0.432,10.803,0.000,0.000,4915.488,1.774,0.000,2784.820,1,807,1674,5,789,4610,630.05,717.67,277.66,4946.64,207,0
3,77,1786155416919,0.003743536418,0.260057,0,810,0,1,0,0,0,16,1.000000,8040.374,0.002,3.063,0.701,8011.481,7997.566,13.912,23.724,1.067,0.051,0.287,11.196,0.000,0.000,5131.958,1.794,0.000,2851.201,1,828,1674,5,810,4610,630.05,717.67,277.66,5000.77,207,0
3,78,1786155427293,0.003739253575,0.260082,0,1083,0,1,0,0,0,16,1.000000,10373.999,0.021,3.563,0.724,10344.877,10330.710,14.165,23.347,1.153,0.046,0.288,10.868,0.000,0.000,6835.308,1.783,0.000,3481.288,1,1101,1674,5,1083,4610,630.05,717.67,277.64,4736.72,207,0
3,79,1786155436645,0.003736227675,0.260100,0,969,0,1,0,0,0,16,1.000000,9351.859,0.003,3.299,0.704,9317.735,9305.017,12.713,28.742,1.070,0.057,0.253,10.815,0.000,0.000,6054.690,1.786,0.000,3236.318,1,987,1674,5,969,4610,630.05,717.67,277.64,4729.91,207,0
3,80,1786155443714,0.003733904152,0.260112,0,708,0,1,0,0,0,16,1.000000,7069.083,0.013,3.118,0.688,7040.757,7026.857,13.897,23.110,1.096,0.039,0.273,11.833,0.000,0.000,4398.823,1.773,0.000,2612.819,1,726,1674,5,708,4610,630.05,717.67,277.61,4736.88,207,0
3,81,1786155451543,0.003732114282,0.260121,0,813,0,1,0,0,0,16,1.000000,7829.422,0.003,3.273,0.681,7800.252,7787.527,12.722,23.614,1.276,0.051,0.275,12.489,0.000,0.000,4918.567,1.796,0.000,2853.147,1,831,1674,5,813,4610,630.05,717.67,277.59,4740.09,207,0
3,82,1786155459932,0.003730719455,0.260126,0,844,0,1,0,0,0,16,1.000000,8388.507,0.016,3.185,0.699,8355.925,8343.184,12.738,27.269,1.078,0.062,0.289,11.287,0.000,0.000,5344.340,1.829,0.000,2983.656,1,862,1674,5,844,4610,591.80,717.67,273.44,4739.34,207,0
3,83,1786155468300,0.003729532408,0.260129,0,813,0,1,0,0,0,16,1.000000,8368.472,0.003,3.095,0.693,8336.555,8323.209,13.342,26.623,1.077,0.056,0.372,13.175,0.000,0.000,5349.370,1.930,0.000,2957.217,1,831,1674,5,813,4610,597.44,717.67,273.42,4551.55,207,0
3,84,1786155476457,0.003728403805,0.260134,0,816,0,1,0,0,0,16,1.000000,8157.305,0.010,3.303,0.704,8127.429,8114.462,12.964,24.499,1.060,0.054,0.257,11.342,0.000,0.000,5202.776,2.690,0.000,2896.106,1,834,1674,5,816,4610,597.44,717.67,273.41,4848.86,207,0
3,85,1786155484692,0.003727432304,0.260137,0,843,0,1,0,0,0,16,1.000000,8233.954,0.026,3.370,0.679,8204.725,8190.668,14.054,23.788,1.068,0.042,0.283,10.948,0.000,0.000,5227.659,1.955,0.000,2948.618,1,861,1674,5,843,4610,597.44,717.67,273.39,4512.48,207,0
3,86,1786155493070,0.003726711101,0.260139,0,855,0,1,0,0,0,16,1.000000,8377.575,0.004,3.334,0.684,8349.195,8336.435,12.757,22.919,1.105,0.060,0.277,11.816,0.000,0.000,5323.602,1.795,0.000,2997.754,1,873,1674,5,855,4610,597.44,717.67,273.39,4718.50,207,0
3,87,1786155502094,0.003726167657,0.260141,0,881,0,1,0,0,0,16,1.000000,9024.600,0.003,3.388,0.680,8990.963,8976.247,14.713,28.186,1.063,0.048,0.271,12.689,0.000,0.000,5948.326,1.761,0.000,3011.991,1,899,1674,5,881,4610,597.83,717.67,275.02,4391.86,207,0
3,88,1786155512686,0.003725736604,0.260143,0,859,0,1,0,0,0,16,1.000000,10590.526,0.013,7.905,0.705,10549.109,10535.767,13.339,30.254,1.439,0.074,1.040,12.527,0.000,0.000,7257.863,1.766,0.000,3260.740,1,877,1674,5,859,4610,625.05,717.67,330.84,4036.97,207,0
3,89,1786155523468,0.003725367957,0.260143,0,864,0,1,0,0,0,16,1.000000,10781.623,0.010,4.224,0.697,10743.327,10728.937,14.386,31.542,1.478,0.022,0.332,16.459,0.000,0.000,7429.679,1.752,0.000,3279.457,1,882,1674,5,864,4610,627.20,717.67,304.52,4018.52,207,0
3,90,1786155534823,0.003725024974,0.260143,0,878,0,1,0,0,0,16,1.000000,11354.733,0.008,4.110,0.778,11314.792,11302.120,12.669,33.478,1.105,0.045,0.425,12.798,0.000,0.000,7886.984,1.787,0.000,3398.938,1,896,1674,5,878,4610,627.20,717.67,303.53,3958.52,207,0
3,91,1786155545310,0.003724671294,0.260144,0,809,0,1,0,0,0,16,1.000000,10487.335,0.027,8.799,0.860,10441.375,10427.763,13.609,33.044,2.063,0.062,1.132,17.502,0.000,0.000,7164.699,1.805,0.000,3240.917,1,827,1674,5,809,4610,638.39,717.67,346.50,3814.22,207,0
3,92,1786155555921,0.003724324759,0.260144,0,849,0,1,0,0,0,16,1.000000,10610.460,0.009,4.153,0.717,10572.888,10558.795,14.090,30.929,1.046,0.048,0.678,15.919,0.000,0.000,7279.444,1.973,0.000,3259.861,1,867,1674,5,849,4610,638.39,717.67,324.72,3844.91,207,0
3,93,1786155565570,0.003723984899,0.260145,0,756,0,1,0,0,0,16,1.000000,9648.365,0.004,3.406,0.684,9614.936,9601.601,13.333,27.711,1.258,0.088,0.282,17.342,0.000,0.000,6593.348,1.837,0.000,2987.470,1,774,1674,5,756,4610,638.39,717.67,311.55,4251.80,207,0
3,94,1786155576038,0.00372366956,0.260145,0,799,0,1,0,0,0,16,1.000000,10468.933,0.005,3.837,0.657,10409.193,10387.251,21.938,53.689,1.153,0.040,0.363,12.135,0.000,0.000,7157.499,1.949,0.000,3213.819,1,817,1674,5,799,4610,638.39,717.67,311.25,4268.72,207,0
3,95,1786155586557,0.003723348057,0.260145,0,787,0,1,0,0,0,16,1.000000,10518.560,0.004,5.431,1.254,10468.277,10454.157,14.117,41.989,1.287,0.053,0.268,22.035,0.000,0.000,7170.054,2.303,0.000,3256.609,1,805,1674,5,787,4610,638.39,717.67,311.33,4191.75,207,0
3,96,1786155596788,0.003723048151,0.260145,1,798,0,1,0,0,0,16,1.000000,10230.226,0.025,3.788,0.684,10190.940,10175.798,15.137,33.273,1.127,0.057,0.357,13.858,0.000,0.000,6949.622,1.813,0.000,3208.599,1,816,1674,5,798,4610,638.39,717.67,311.31,4200.91,207,0
3,97,1786155607520,0.003674161189,0.260441,0,818,0,2,0,0,0,16,1.000000,10731.616,0.040,6.248,0.819,10690.501,10677.259,13.240,32.423,1.168,0.085,0.372,11.919,0.000,0.000,7361.023,1.752,0.000,3300.178,1,836,1674,5,818,4610,638.39,717.67,317.55,3847.73,207,0
3,98,1786155620259,0.00367175791,0.260461,0,1006,0,2,0,0,0,16,1.000000,12739.122,0.017,4.369,0.714,12704.020,12683.016,21.000,27.508,1.601,0.056,0.854,14.388,0.000,0.000,8904.257,1.822,0.000,3760.172,1,1024,1674,5,1006,4610,639.77,717.67,320.75,3932.05,207,0
3,99,1786155639411,0.003671443567,0.260461,0,1558,0,2,0,0,0,16,1.000000,19150.789,0.006,3.476,0.683,19113.281,19100.152,13.124,31.743,1.048,0.061,0.497,17.082,0.000,0.000,13859.958,2.617,0.000,5218.429,1,1576,1674,5,1558,4610,639.77,717.67,311.78,3999.41,207,0
3,100,1786155657951,0.003671329451,0.260461,0,1538,0,2,0,0,0,16,1.000000,18540.717,0.031,3.485,0.691,18509.623,18496.804,12.814,25.304,1.059,0.057,0.499,11.667,0.000,0.000,13367.851,1.762,0.000,5114.046,1,1556,1674,5,1538,4610,639.77,717.67,311.56,4038.72,207,0
3,101,1786155676159,0.003671229208,0.260460,0,1472,0,2,0,0,0,16,1.000000,18207.288,0.076,3.750,0.711,18170.748,18157.116,13.628,29.640,1.488,0.060,0.893,14.072,0.000,0.000,13071.279,1.945,0.000,5068.052,1,1490,1674,5,1472,4610,639.77,717.67,311.34,4057.22,207,0
3,102,1786155693279,0.003671126161,0.260459,0,1402,0,2,0,0,0,16,1.000000,17119.511,0.009,3.984,0.718,17084.262,17070.334,13.924,29.067,1.048,0.070,0.361,16.418,0.000,0.000,12335.409,1.830,0.000,4715.044,1,1420,1674,5,1402,4610,639.77,717.67,311.31,4049.03,207,0
3,103,1786155709069,0.003671009287,0.260458,0,1261,0,2,0,0,0,16,1.000000,15790.176,0.010,3.843,0.694,15753.842,15739.596,14.241,30.095,1.120,0.069,0.513,13.653,0.000,0.000,11247.277,3.108,0.000,4473.917,1,1279,1674,5,1261,4610,639.77,717.67,310.20,4071.58,207,0
3,104,1786155722373,0.00367087563,0.260457,0,1045,0,2,0,0,0,16,1.000000,13303.196,0.008,3.710,0.679,13262.261,13247.756,14.501,35.096,1.081,0.061,0.307,11.726,0.000,0.000,9359.866,1.933,0.000,3872.477,1,1063,1674,5,1045,4610,639.77,717.67,309.98,4048.56,207,0
3,105,1786155733070,0.003670724631,0.260456,0,833,0,2,0,0,0,16,1.000000,10696.428,0.004,3.626,0.696,10657.131,10642.416,14.711,32.958,1.602,0.052,0.363,12.556,0.000,0.000,7345.596,1.769,0.000,3280.924,1,851,1674,5,833,4610,639.77,717.67,309.86,4055.11,207,0
3,106,1786155743727,0.003670544657,0.260455,0,832,0,2,0,0,0,16,1.000000,10657.192,0.004,3.676,0.707,10616.808,10602.835,13.968,34.374,1.059,0.049,0.519,11.902,0.000,0.000,7363.004,1.739,0.000,3223.971,1,850,1674,5,832,4610,639.78,717.67,308.53,4049.91,207,0
3,107,1786155754463,0.003670360145,0.260455,0,844,0,2,0,0,0,16,1.000000,10735.916,0.005,3.457,0.743,10702.007,10689.353,12.651,28.111,1.187,0.066,0.346,13.003,0.000,0.000,7448.252,1.847,0.000,3224.487,1,862,1674,5,844,4610,639.78,717.67,308.53,4062.97,207,0
3,108,1786155764737,0.003670209121,0.260454,1,761,0,2,0,0,0,16,1.000000,10273.285,0.004,3.190,0.661,10237.192,10224.512,12.675,30.616,1.126,0.047,0.453,11.299,0.000,0.000,7079.950,1.804,0.000,3129.737,1,779,1674,5,761,4610,639.78,717.67,308.48,4102.73,207,0
3,109,1786155775847,0.003571564387,0.260999,0,882,0,4,0,0,0,16,1.000000,11110.549,0.022,3.536,0.821,11072.579,11058.043,14.532,32.044,1.135,0.058,0.375,11.607,0.000,0.000,7718.196,1.773,0.000,3324.187,1,900,1674,5,882,4610,639.78,717.67,308.47,4083.80,207,0
3,110,1786155791281,0.003568635743,0.261002,0,1231,0,4,0,0,0,16,1.000000,15433.719,0.005,7.724,0.740,15387.880,15373.597,14.274,35.725,1.186,0.062,0.401,12.982,0.000,0.000,11019.631,1.823,0.000,4335.638,1,1249,1674,5,1231,4610,639.78,717.67,311.31,4098.52,207,0
3,111,1786155810092,0.003568201591,0.260989,0,1533,0,4,0,0,0,16,1.000000,18810.256,0.044,3.631,0.729,18772.159,18758.773,13.383,32.225,1.110,0.068,0.334,16.003,0.000,0.000,13645.169,1.786,0.000,5094.054,1,1551,1674,5,1533,4610,639.78,717.67,309.69,4191.44,207,0
3,112,1786155828426,0.003568005077,0.260974,0,1544,0,4,0,0,0,16,1.000000,18333.598,0.022,3.421,0.729,18298.255,18286.032,12.222,29.742,1.036,0.070,0.346,12.554,0.000,0.000,13303.805,1.799,0.000,4966.315,1,1562,1674,5,1544,4610,639.78,717.67,309.66,4208.28,207,0
3,113,1786155844759,0.003567831633,0.260962,0,1438,0,4,0,0,0,16,1.000000,16332.274,0.004,3.397,0.739,16298.130,16285.931,12.198,28.082,1.119,0.054,0.753,14.761,0.000,0.000,11748.611,1.764,0.000,4519.215,1,1456,1674,5,1438,4610,639.78,717.67,332.22,4113.42,207,0
3,114,1786155859834,0.003567654294,0.260951,0,1302,0,4,0,0,0,16,1.000000,15075.043,0.004,3.242,0.724,15037.193,15024.689,12.502,31.917,1.082,0.427,0.459,14.857,0.000,0.000,10734.009,1.785,0.000,4272.539,1,1320,1674,5,1302,4610,639.78,717.67,322.77,4086.67,207,0
3,115,1786155874652,0.003567469915,0.260939,0,1271,0,4,0,0,0,16,1.000000,14817.831,0.005,3.235,0.688,14788.180,14776.062,12.117,24.333,1.108,0.050,0.237,11.730,0.000,0.000,10556.499,1.793,0.000,4204.412,1,1289,1674,5,1271,4610,639.78,717.67,322.34,4068.44,207,0
3,116,1786155885962,0.003567265267,0.260927,0,928,0,4,0,0,0,16,1.000000,11309.367,0.014,3.492,0.768,11277.251,11263.466,13.782,26.402,1.031,0.053,0.369,11.939,0.000,0.000,7830.426,1.762,0.000,3417.511,1,946,1674,5,928,4610,639.78,717.67,325.19,3906.78,207,0
3,117,1786155896463,0.003566980911,0.260913,0,878,0,4,0,0,0,16,1.000000,10501.138,0.007,4.919,0.740,10470.499,10455.669,14.826,23.490,1.075,0.052,0.363,16.141,0.000,0.000,7267.647,1.801,0.000,3167.719,1,896,1674,5,878,4610,639.78,717.67,325.12,3940.38,207,0
3,118,1786155906850,0.003566646962,0.260903,0,862,0,4,0,0,0,16,1.000000,10386.451,0.009,4.479,0.731,10346.187,10333.803,12.382,32.822,1.223,0.070,0.940,13.554,0.000,0.000,7153.426,1.842,0.000,3162.080,1,880,1674,5,862,4610,639.78,717.67,341.47,3696.05,207,0
3,119,1786155917419,0.003566319949,0.260899,0,890,0,4,0,0,0,16,1.000000,10568.366,0.003,3.197,0.698,10536.339,10522.262,14.073,26.690,1.068,0.034,0.340,14.821,0.000,0.000,7308.859,2.262,0.000,3194.608,1,908,1674,5,890,4610,639.78,717.67,326.95,3877.42,207,0
3,120,1786155929249,0.003566024555,0.260892,1,909,0,4,0,0,0,16,1.000000,11829.551,0.009,5.180,0.730,11796.014,11783.143,12.870,25.851,1.068,0.049,0.658,15.093,0.000,0.000,8177.472,1.777,0.000,3586.613,1,927,1674,5,909,4610,639.78,717.67,318.25,3918.41,207,0
3,121,1786155941569,0.003490636185,0.261172,0,1004,0,8,0,0,0,16,1.000000,12320.266,0.023,4.358,0.781,12283.894,12271.634,12.258,28.048,1.233,0.062,1.890,14.489,0.000,0.000,8654.564,1.780,0.000,3599.046,1,1022,1674,5,1004,4610,639.78,717.67,360.41,3889.98,207,0
3,122,1786155956353,0.003489665264,0.261376,0,1328,0,8,0,0,0,16,1.000000,14783.498,0.023,9.387,0.741,14736.502,14721.400,15.095,34.874,1.193,0.047,0.754,17.626,0.000,0.000,10383.552,1.814,0.000,4312.342,1,1346,1674,5,1328,4610,639.78,717.67,333.89,3526.27,207,0
3,123,1786155974066,0.00348910979,0.261504,0,1515,0,8,0,0,0,16,1.000000,17712.975,0.011,8.340,0.757,17658.668,17642.905,15.756,41.773,1.415,0.072,1.951,15.454,0.000,0.000,12648.548,1.824,0.000,4974.541,1,1533,1674,5,1515,4610,639.78,717.67,354.95,3725.33,207,0
3,124,1786155989553,0.003488751916,0.261601,0,1273,0,8,0,0,0,16,1.000000,15486.636,0.022,6.250,0.863,15442.081,15428.523,13.553,34.313,1.236,0.071,1.823,35.471,0.000,0.000,10982.074,1.949,0.000,4405.838,1,1291,1674,5,1273,4610,639.78,717.67,354.09,3283.47,207,0
