	 Executed 10 tests, with 0 failures (0 unexpected) in 0.006 (0.008) seconds
	 Executed 10 tests, with 0 failures (0 unexpected) in 0.041 (0.043) seconds
	 Executed 10 tests, with 0 failures (0 unexpected) in 0.608 (0.610) seconds
	 Executed 1061 tests, with 14 tests skipped and 8 failures (0 unexpected) in 97.913 (98.327) seconds
	 Executed 1061 tests, with 14 tests skipped and 8 failures (0 unexpected) in 97.913 (98.328) seconds
	 Executed 11 tests, with 0 failures (0 unexpected) in 0.006 (0.012) seconds
	 Executed 11 tests, with 0 failures (0 unexpected) in 0.010 (0.013) seconds
	 Executed 11 tests, with 0 failures (0 unexpected) in 0.024 (0.026) seconds
	 Executed 12 tests, with 0 failures (0 unexpected) in 0.009 (0.019) seconds
	 Executed 13 tests, with 0 failures (0 unexpected) in 0.008 (0.010) seconds
	 Executed 13 tests, with 0 failures (0 unexpected) in 0.009 (0.012) seconds
	 Executed 13 tests, with 0 failures (0 unexpected) in 0.009 (0.013) seconds
	 Executed 13 tests, with 0 failures (0 unexpected) in 0.013 (0.015) seconds
	 Executed 14 tests, with 0 failures (0 unexpected) in 0.009 (0.015) seconds
	 Executed 14 tests, with 0 failures (0 unexpected) in 0.015 (0.018) seconds
	 Executed 14 tests, with 0 failures (0 unexpected) in 0.631 (0.636) seconds
	 Executed 15 tests, with 0 failures (0 unexpected) in 0.016 (0.020) seconds
	 Executed 15 tests, with 0 failures (0 unexpected) in 0.036 (0.039) seconds
	 Executed 15 tests, with 0 failures (0 unexpected) in 0.062 (0.065) seconds
	 Executed 15 tests, with 1 test skipped and 0 failures (0 unexpected) in 0.035 (0.038) seconds
	 Executed 16 tests, with 0 failures (0 unexpected) in 0.018 (0.023) seconds
	 Executed 16 tests, with 0 failures (0 unexpected) in 0.029 (0.049) seconds
	 Executed 16 tests, with 0 failures (0 unexpected) in 0.040 (0.048) seconds
	 Executed 17 tests, with 0 failures (0 unexpected) in 0.017 (0.022) seconds
	 Executed 18 tests, with 0 failures (0 unexpected) in 0.011 (0.019) seconds
	 Executed 19 tests, with 0 failures (0 unexpected) in 0.014 (0.025) seconds
	 Executed 19 tests, with 0 failures (0 unexpected) in 0.014 (0.026) seconds
	 Executed 2 tests, with 0 failures (0 unexpected) in 0.048 (0.049) seconds
	 Executed 2 tests, with 0 failures (0 unexpected) in 0.062 (0.063) seconds
	 Executed 2 tests, with 0 failures (0 unexpected) in 0.161 (0.162) seconds
	 Executed 2 tests, with 2 tests skipped and 0 failures (0 unexpected) in 0.002 (0.002) seconds
	 Executed 2 tests, with 2 tests skipped and 0 failures (0 unexpected) in 0.002 (0.003) seconds
	 Executed 2 tests, with 2 tests skipped and 0 failures (0 unexpected) in 0.004 (0.006) seconds
	 Executed 20 tests, with 0 failures (0 unexpected) in 0.048 (0.052) seconds
	 Executed 21 tests, with 0 failures (0 unexpected) in 0.069 (0.074) seconds
	 Executed 22 tests, with 0 failures (0 unexpected) in 0.155 (0.160) seconds
	 Executed 23 tests, with 0 failures (0 unexpected) in 0.030 (0.034) seconds
	 Executed 24 tests, with 0 failures (0 unexpected) in 0.019 (0.028) seconds
	 Executed 25 tests, with 0 failures (0 unexpected) in 0.401 (0.406) seconds
	 Executed 28 tests, with 0 failures (0 unexpected) in 0.022 (0.037) seconds
	 Executed 3 tests, with 0 failures (0 unexpected) in 0.002 (0.002) seconds
	 Executed 3 tests, with 0 failures (0 unexpected) in 0.002 (0.003) seconds
	 Executed 3 tests, with 0 failures (0 unexpected) in 0.002 (0.004) seconds
	 Executed 3 tests, with 0 failures (0 unexpected) in 0.007 (0.008) seconds
	 Executed 3 tests, with 0 failures (0 unexpected) in 0.024 (0.025) seconds
	 Executed 3 tests, with 0 failures (0 unexpected) in 0.113 (0.114) seconds
	 Executed 3 tests, with 0 failures (0 unexpected) in 1.646 (1.647) seconds
	 Executed 30 tests, with 0 failures (0 unexpected) in 12.942 (12.960) seconds
	 Executed 30 tests, with 0 failures (0 unexpected) in 12.942 (12.961) seconds
	 Executed 30 tests, with 0 failures (0 unexpected) in 12.942 (12.962) seconds
	 Executed 31 tests, with 0 failures (0 unexpected) in 0.054 (0.061) seconds
	 Executed 31 tests, with 8 failures (0 unexpected) in 1.282 (1.290) seconds
	 Executed 33 tests, with 0 failures (0 unexpected) in 0.109 (0.116) seconds
	 Executed 34 tests, with 0 failures (0 unexpected) in 0.035 (0.047) seconds
	 Executed 34 tests, with 0 failures (0 unexpected) in 0.190 (0.200) seconds
	 Executed 36 tests, with 0 failures (0 unexpected) in 0.111 (0.118) seconds
	 Executed 4 tests, with 0 failures (0 unexpected) in 0.003 (0.004) seconds
	 Executed 4 tests, with 0 failures (0 unexpected) in 0.005 (0.006) seconds
	 Executed 4 tests, with 0 failures (0 unexpected) in 0.117 (0.119) seconds
	 Executed 4 tests, with 0 failures (0 unexpected) in 0.120 (0.122) seconds
	 Executed 4 tests, with 0 failures (0 unexpected) in 0.369 (0.372) seconds
	 Executed 45 tests, with 0 failures (0 unexpected) in 0.032 (0.046) seconds
	 Executed 5 tests, with 0 failures (0 unexpected) in 0.010 (0.011) seconds
	 Executed 5 tests, with 0 failures (0 unexpected) in 0.019 (0.020) seconds
	 Executed 51 tests, with 0 failures (0 unexpected) in 67.458 (67.492) seconds
	 Executed 6 tests, with 0 failures (0 unexpected) in 0.005 (0.008) seconds
	 Executed 6 tests, with 0 failures (0 unexpected) in 0.005 (0.010) seconds
	 Executed 6 tests, with 0 failures (0 unexpected) in 0.123 (0.125) seconds
	 Executed 6 tests, with 0 failures (0 unexpected) in 0.434 (0.435) seconds
	 Executed 6 tests, with 0 failures (0 unexpected) in 0.659 (0.661) seconds
	 Executed 6 tests, with 0 failures (0 unexpected) in 0.871 (0.873) seconds
	 Executed 7 tests, with 0 failures (0 unexpected) in 0.020 (0.023) seconds
	 Executed 7 tests, with 0 failures (0 unexpected) in 0.097 (0.099) seconds
	 Executed 7 tests, with 1 test skipped and 0 failures (0 unexpected) in 7.320 (7.322) seconds
	 Executed 79 tests, with 0 failures (0 unexpected) in 0.106 (0.151) seconds
	 Executed 8 tests, with 0 failures (0 unexpected) in 0.007 (0.009) seconds
	 Executed 8 tests, with 0 failures (0 unexpected) in 0.008 (0.010) seconds
	 Executed 8 tests, with 0 failures (0 unexpected) in 0.011 (0.014) seconds
	 Executed 8 tests, with 0 failures (0 unexpected) in 0.012 (0.014) seconds
	 Executed 9 tests, with 0 failures (0 unexpected) in 0.005 (0.007) seconds
	 Executed 9 tests, with 0 failures (0 unexpected) in 0.009 (0.011) seconds
	 Executed 9 tests, with 0 failures (0 unexpected) in 0.067 (0.071) seconds
	 Executed 9 tests, with 0 failures (0 unexpected) in 0.100 (0.102) seconds
Test Case '-[TopOptDesignTests.TopOptDesignTests testAccentOptionsMatchDesignAppearanceSet]' passed (0.001 seconds).
Test Case '-[TopOptDesignTests.TopOptDesignTests testBlurRadii]' passed (0.001 seconds).
Test Case '-[TopOptDesignTests.TopOptDesignTests testCorePalette]' passed (0.001 seconds).
Test Case '-[TopOptDesignTests.TopOptDesignTests testGlassSurfaces]' passed (0.001 seconds).
Test Case '-[TopOptDesignTests.TopOptDesignTests testGroupPaletteMatchesDesignCOLORS]' passed (0.001 seconds).
Test Case '-[TopOptDesignTests.TopOptDesignTests testLiquidGlassIntensityClamps]' passed (0.001 seconds).
Test Case '-[TopOptDesignTests.TopOptDesignTests testLiquidGlassTintTokens]' passed (0.001 seconds).
Test Case '-[TopOptDesignTests.TopOptDesignTests testOpacityKeepsChannelsChangesAlpha]' passed (0.001 seconds).
Test Case '-[TopOptDesignTests.TopOptDesignTests testProgressBarClampsValue]' passed (0.001 seconds).
Test Case '-[TopOptDesignTests.TopOptDesignTests testRGBAHexDecodesToChannels]' passed (0.001 seconds).
Test Case '-[TopOptDesignTests.TopOptDesignTests testRadii]' passed (0.001 seconds).
Test Case '-[TopOptDesignTests.TopOptDesignTests testShadowTokens]' passed (0.001 seconds).
Test Case '-[TopOptDesignTests.TopOptDesignTests testSpacingScale]' passed (0.001 seconds).
Test Case '-[TopOptDesignTests.TopOptDesignTests testStrokesAndFills]' passed (0.000 seconds).
Test Case '-[TopOptDesignTests.TopOptDesignTests testTextRampOpacities]' passed (0.001 seconds).
Test Case '-[TopOptDesignTests.TopOptDesignTests testToastDwell]' passed (0.001 seconds).
Test Case '-[TopOptDesignTests.TopOptDesignTests testTypeSizes]' passed (0.000 seconds).
Test Case '-[TopOptDesignTests.TopOptDesignTests testTypeWeightsAndTracking]' passed (0.001 seconds).
Test Case '-[TopOptDesignTests.TopOptDesignTests testViewsInstantiate]' passed (0.001 seconds).
Test Case '-[TopOptFlowsTests.AppModelTests testBackHomeReturnsToHome]' passed (0.028 seconds).
Test Case '-[TopOptFlowsTests.AppModelTests testBrokenMeshIsRefusedWithASheetNotAToast]' passed (0.002 seconds).
Test Case '-[TopOptFlowsTests.AppModelTests testCanContinueRequiresFileAndMaterial]' passed (0.002 seconds).
Test Case '-[TopOptFlowsTests.AppModelTests testCancelImportDismisses]' passed (0.001 seconds).
Test Case '-[TopOptFlowsTests.AppModelTests testCancellingTheUnitPromptImportsNothing]' passed (0.001 seconds).
Test Case '-[TopOptFlowsTests.AppModelTests testCleanMeshAsksForUnitsThenImports]' passed (0.001 seconds).
Test Case '-[TopOptFlowsTests.AppModelTests testContinueBlockedWithoutFile]' passed (0.001 seconds).
Test Case '-[TopOptFlowsTests.AppModelTests testContinueGeneratesLibraryThumbnail]' passed (0.010 seconds).
Test Case '-[TopOptFlowsTests.AppModelTests testContinueRecordsRecentAndEntersWorkspace]' passed (0.008 seconds).
Test Case '-[TopOptFlowsTests.AppModelTests testCurrentMaterialsFollowProcess]' passed (0.002 seconds).
Test Case '-[TopOptFlowsTests.AppModelTests testDefaultSelectionSeededPerFamily]' passed (0.002 seconds).
Test Case '-[TopOptFlowsTests.AppModelTests testDeleteOpenProjectReturnsHome]' passed (0.008 seconds).
Test Case '-[TopOptFlowsTests.AppModelTests testDeletePersistsAcrossRelaunch]' passed (0.014 seconds).
Test Case '-[TopOptFlowsTests.AppModelTests testDeleteRemovesProjectFromRecentsAndDisk]' passed (0.019 seconds).
Test Case '-[TopOptFlowsTests.AppModelTests testImportFileStillRejectsABrokenMesh]' passed (0.002 seconds).
Test Case '-[TopOptFlowsTests.AppModelTests testImportMissingFileToastsDiagnostic]' passed (0.001 seconds).
Test Case '-[TopOptFlowsTests.AppModelTests testImportRejectClearsPriorAcceptedFile]' passed (0.002 seconds).
Test Case '-[TopOptFlowsTests.AppModelTests testImportWatertightAccepts]' passed (0.001 seconds).
Test Case '-[TopOptFlowsTests.AppModelTests testInchUnitChoiceRescalesTheWorkingCopy]' passed (0.003 seconds).
Test Case '-[TopOptFlowsTests.AppModelTests testMaterialsLoadErrorToasts]' passed (0.001 seconds).
Test Case '-[TopOptFlowsTests.AppModelTests testMaterialsSplitByFamily]' passed (0.002 seconds).
Test Case '-[TopOptFlowsTests.AppModelTests testNewTopOptOpensSheetAndClearsFile]' passed (0.001 seconds).
Test Case '-[TopOptFlowsTests.AppModelTests testOpenRecentNavigatesAndRestoresProcess]' passed (0.002 seconds).
Test Case '-[TopOptFlowsTests.AppModelTests testOptimizedFlagDefaultsFalseAndPersists]' passed (0.010 seconds).
Test Case '-[TopOptFlowsTests.AppModelTests testRenameRecentIgnoresBlankName]' passed (0.007 seconds).
Test Case '-[TopOptFlowsTests.AppModelTests testRenameRecentUpdatesGridAndSnapshot]' passed (0.012 seconds).
Test Case '-[TopOptFlowsTests.AppModelTests testReopenedThreeMFProjectReimportsTheStlWorkingCopy]' failed (1.115 seconds).
Test Case '-[TopOptFlowsTests.AppModelTests testScreensInstantiate]' passed (0.007 seconds).
Test Case '-[TopOptFlowsTests.AppModelTests testSelectMaterialIsPerFamily]' passed (0.005 seconds).
Test Case '-[TopOptFlowsTests.AppModelTests testThreeMFImportNormalisesToStlWorkingCopyAndKeepsProvenance]' failed (0.010 seconds).
Test Case '-[TopOptFlowsTests.AppModelTests testThreeMFImportOptimisesOnDeviceEndToEnd]' failed (0.003 seconds).
Test Case '-[TopOptFlowsTests.BuildOrientationTests testADeclaredPlateNormalEmitsTheRootKey]' passed (0.001 seconds).
Test Case '-[TopOptFlowsTests.BuildOrientationTests testAMalformedReceiptIsShownAsAbsentNotAsHalfARanking]' passed (0.001 seconds).
Test Case '-[TopOptFlowsTests.BuildOrientationTests testANonUnitPlateNormalIsNormalized]' passed (0.001 seconds).
Test Case '-[TopOptFlowsTests.BuildOrientationTests testAPreBakeReceiptStillDecodesAndClaimsNothingWasApplied]' passed (0.000 seconds).
Test Case '-[TopOptFlowsTests.BuildOrientationTests testAnAutoAppliedOrientationDecodesAsAChoiceThatWasMadeForYou]' passed (0.001 seconds).
Test Case '-[TopOptFlowsTests.BuildOrientationTests testAnUndeclaredPlateNormalEmitsNoBuildDirectionKey]' passed (0.001 seconds).
Test Case '-[TopOptFlowsTests.BuildOrientationTests testAnUndeclaredPlateNormalIsAssumedFromGravityAndSaysSo]' passed (0.000 seconds).
Test Case '-[TopOptFlowsTests.BuildOrientationTests testTheAppAsksForThePreBakePipelineUntilTheViewerIsFrameAware]' passed (0.001 seconds).
Test Case '-[TopOptFlowsTests.BuildOrientationTests testTheDissentReportNamesWhereTheCriteriaDisagree]' passed (0.001 seconds).
Test Case '-[TopOptFlowsTests.BuildOrientationTests testTheGateConstraintIsCarriedSoTheTradeOffIsVisible]' passed (0.001 seconds).
Test Case '-[TopOptFlowsTests.BuildOrientationTests testTheRecommendationDoesNotBecomeTheVerdict]' passed (0.001 seconds).
Test Case '-[TopOptFlowsTests.BuildOrientationTests testTheSixCriteriaSurviveDecodingSeparately]' passed (0.001 seconds).
Test Case '-[TopOptFlowsTests.BuildOrientationTests testTheTwoDirectionsAreIndependent]' passed (0.001 seconds).
Test Case '-[TopOptFlowsTests.CameraProjectionTests testAzimuthAndElevationAreIndependent]' passed (0.001 seconds).
Test Case '-[TopOptFlowsTests.CameraProjectionTests testDegenerateViewportIsUnusable]' passed (0.001 seconds).
Test Case '-[TopOptFlowsTests.CameraProjectionTests testElevationClampsAtPoles]' passed (0.001 seconds).
Test Case '-[TopOptFlowsTests.CameraProjectionTests testElevationOrbitChangesViewMatrix]' passed (0.001 seconds).
Test Case '-[TopOptFlowsTests.CameraProjectionTests testMovingRightInCameraSpaceIncreasesScreenX]' passed (0.002 seconds).
Test Case '-[TopOptFlowsTests.CameraProjectionTests testMovingUpInCameraSpaceDecreasesScreenY]' passed (0.001 seconds).
Test Case '-[TopOptFlowsTests.CameraProjectionTests testPointBehindCameraProjectsToNil]' passed (0.001 seconds).
Test Case '-[TopOptFlowsTests.CameraProjectionTests testRayNilOnDegenerateViewport]' passed (0.001 seconds).
Test Case '-[TopOptFlowsTests.CameraProjectionTests testRayThroughProjectedPointHitsThatPoint]' passed (0.001 seconds).
Test Case '-[TopOptFlowsTests.CameraProjectionTests testRayThroughViewportCentreLooksAtTarget]' passed (0.001 seconds).
Test Case '-[TopOptFlowsTests.CameraProjectionTests testTargetProjectsToViewportCentre]' passed (0.001 seconds).
Test Case '-[TopOptFlowsTests.ClearanceChipLayoutTests testCollapseIsPerGroup]' passed (0.001 seconds).
Test Case '-[TopOptFlowsTests.ClearanceChipLayoutTests testKindLabel]' passed (0.000 seconds).
Test Case '-[TopOptFlowsTests.ClearanceChipLayoutTests testRowModeEmpty]' passed (0.001 seconds).
Test Case '-[TopOptFlowsTests.ClearanceChipLayoutTests testRowModeSingle]' passed (0.000 seconds).
Test Case '-[TopOptFlowsTests.ClearanceChipLayoutTests testRowModeThreeMixedSynced]' passed (0.001 seconds).
Test Case '-[TopOptFlowsTests.ClearanceChipLayoutTests testRowModeThreeMixedUnsynced]' passed (0.000 seconds).
Test Case '-[TopOptFlowsTests.ClearanceChipLayoutTests testSinglePrimitivePassesThrough]' passed (0.000 seconds).
Test Case '-[TopOptFlowsTests.ClearanceChipLayoutTests testSyncedCollapsesDuplicatePlanesToRepresentative]' passed (0.001 seconds).
Test Case '-[TopOptFlowsTests.ClearanceChipLayoutTests testSyncedCountLabel]' passed (0.001 seconds).
Test Case '-[TopOptFlowsTests.ClearanceChipLayoutTests testSyncedMixedKeepsFirstBoreAndFirstPlane]' passed (0.001 seconds).
Test Case '-[TopOptFlowsTests.ClearanceChipLayoutTests testUnsyncedKeepsEveryPrimitive]' passed (0.000 seconds).
Test Case '-[TopOptFlowsTests.ClearanceDerivationTests testAnchoredBoreAutoClearanceIsDerived]' passed (0.001 seconds).
Test Case '-[TopOptFlowsTests.ClearanceDerivationTests testAutoSuppressionOverrideDropsTheClearance]' passed (0.001 seconds).
Test Case '-[TopOptFlowsTests.ClearanceDerivationTests testBoreHandlesMatchTheRenderedVolume]' passed (0.001 seconds).
Test Case '-[TopOptFlowsTests.ClearanceDerivationTests testBoreVolumeUsesExactRadiusAndAutoSuggestion]' passed (0.001 seconds).
Test Case '-[TopOptFlowsTests.ClearanceDerivationTests testConvexBossDoesNotAutoClear]' passed (0.001 seconds).
Test Case '-[TopOptFlowsTests.ClearanceDerivationTests testExplicitAffixOnPlaneAddsSlab]' passed (0.001 seconds).
Test Case '-[TopOptFlowsTests.ClearanceDerivationTests testExplicitPlaneAffixAddsDepthHandle]' passed (0.001 seconds).
Test Case '-[TopOptFlowsTests.ClearanceDerivationTests testFastenerBoreAcceptsConcaveFullHole]' passed (0.001 seconds).
Test Case '-[TopOptFlowsTests.ClearanceDerivationTests testFastenerBoreRejectsConvexRim]' passed (0.001 seconds).
Test Case '-[TopOptFlowsTests.ClearanceDerivationTests testFastenerBoreRejectsNonCylinderCurvedFace]' passed (0.001 seconds).
Test Case '-[TopOptFlowsTests.ClearanceDerivationTests testFastenerBoreRejectsShallowArc]' passed (0.000 seconds).
Test Case '-[TopOptFlowsTests.ClearanceDerivationTests testManualPrimitiveUnaffectedByGate]' passed (0.003 seconds).
Test Case '-[TopOptFlowsTests.ClearanceDerivationTests testNoKeepClearMeansEmptySpecs]' passed (0.001 seconds).
Test Case '-[TopOptFlowsTests.ClearanceDerivationTests testNonBoreCurvedFaceProducesNoBlankClearance]' passed (0.001 seconds).
Test Case '-[TopOptFlowsTests.ClearanceDerivationTests testOverrideThreadsThroughToSpec]' passed (0.001 seconds).
Test Case '-[TopOptFlowsTests.ClearanceDerivationTests testSuppressedBoreDrawsNoVolume]' passed (0.001 seconds).
Test Case '-[TopOptFlowsTests.ClearanceDerivationTests testSuppressedBoreHasNoHandles]' passed (0.002 seconds).
Test Case '-[TopOptFlowsTests.ClearanceGeometryTests testAxialAndSlabValueWritePath]' passed (0.001 seconds).
Test Case '-[TopOptFlowsTests.ClearanceGeometryTests testAxialClearanceFromCapDrag]' passed (0.001 seconds).
Test Case '-[TopOptFlowsTests.ClearanceGeometryTests testAxialClearanceLowCapSignAndClamp]' passed (0.000 seconds).
Test Case '-[TopOptFlowsTests.ClearanceGeometryTests testBoltVolumeDegenerateOnNonCylinder]' passed (0.000 seconds).
Test Case '-[TopOptFlowsTests.ClearanceGeometryTests testBoltVolumeDegenerateWhenSpanMissing]' passed (0.001 seconds).
Test Case '-[TopOptFlowsTests.ClearanceGeometryTests testBoltVolumeUsesExactRadiusAndTessellationSpan]' passed (0.001 seconds).
Test Case '-[TopOptFlowsTests.ClearanceGeometryTests testCylinderHandlesAnchorsAndGeometry]' passed (0.001 seconds).
Test Case '-[TopOptFlowsTests.ClearanceGeometryTests testDegenerateVolumeHasNoHandles]' passed (0.002 seconds).
Test Case '-[TopOptFlowsTests.ClearanceGeometryTests testDragMathNilOnZeroDirection]' passed (0.001 seconds).
Test Case '-[TopOptFlowsTests.ClearanceGeometryTests testMarginValueWritePathFromRaySequence]' passed (0.001 seconds).
Test Case '-[TopOptFlowsTests.ClearanceGeometryTests testPlaneOutlineFitsBoundingRectangle]' passed (0.000 seconds).
Test Case '-[TopOptFlowsTests.ClearanceGeometryTests testQuantizeNeverNegativeAndFloatMatchesDouble]' passed (0.001 seconds).
Test Case '-[TopOptFlowsTests.ClearanceGeometryTests testQuantizeSnapsToQuarterMillimetreGrid]' passed (0.001 seconds).
Test Case '-[TopOptFlowsTests.ClearanceGeometryTests testRadialMarginClampsAtZeroInsideBore]' passed (0.001 seconds).
Test Case '-[TopOptFlowsTests.ClearanceGeometryTests testRadialMarginFromWallDrag]' passed (0.000 seconds).
Test Case '-[TopOptFlowsTests.ClearanceGeometryTests testScrubDirectionAndClampAtZero]' passed (0.000 seconds).
Test Case '-[TopOptFlowsTests.ClearanceGeometryTests testScrubStepIsFinerWhenSlow]' passed (0.001 seconds).
Test Case '-[TopOptFlowsTests.ClearanceGeometryTests testSettledHandlePreservesValueUnderRigidTransform]' passed (0.003 seconds).
Test Case '-[TopOptFlowsTests.ClearanceGeometryTests testSlabDepthClampsBehindPlane]' passed (0.001 seconds).
Test Case '-[TopOptFlowsTests.ClearanceGeometryTests testSlabDepthFromNormalDrag]' passed (0.001 seconds).
Test Case '-[TopOptFlowsTests.ClearanceGeometryTests testSlabHandleAnchorAndGeometry]' passed (0.000 seconds).
Test Case '-[TopOptFlowsTests.ClearanceGeometryTests testSlabVolumeDegenerateOnNonPlane]' passed (0.001 seconds).
Test Case '-[TopOptFlowsTests.ClearanceGeometryTests testSlabVolumeExtrudesOutlineAlongNormal]' passed (0.001 seconds).
Test Case '-[TopOptFlowsTests.ClearanceGeometryTests testSuggestionsMirrorCoreDefaults]' passed (0.001 seconds).
Test Case '-[TopOptFlowsTests.ClearanceHeuristicBracketTests testShelfBracketClearanceSpecs]' passed (0.025 seconds).
Test Case '-[TopOptFlowsTests.ClearanceHeuristicBracketTests testShelfBracketFastenerCensus]' passed (0.037 seconds).
Test Case '-[TopOptFlowsTests.ColdLaunchReattachTests testBannerNamesProjectAgeAndWorker]' passed (0.001 seconds).
Test Case '-[TopOptFlowsTests.ColdLaunchReattachTests testBannerWithoutMetadataStaysHonest]' passed (0.001 seconds).
Test Case '-[TopOptFlowsTests.ColdLaunchReattachTests testDismissClearsWithoutReattaching]' passed (0.003 seconds).
Test Case '-[TopOptFlowsTests.ColdLaunchReattachTests testLiveJobSurfacesOnRelaunchAsPendingReattach]' passed (0.002 seconds).
Test Case '-[TopOptFlowsTests.ColdLaunchReattachTests testNoRecordMeansNoBanner]' passed (0.001 seconds).
Test Case '-[TopOptFlowsTests.ColdLaunchReattachTests testPre119RecordStillDecodes]' passed (0.002 seconds).
Test Case '-[TopOptFlowsTests.ColdLaunchReattachTests testReattachOnCompletedJobBuildsOutcomeAndLandsOnResults]' passed (0.003 seconds).
Test Case '-[TopOptFlowsTests.ColdLaunchReattachTests testReattachWithMissingProjectIsHonest]' passed (0.002 seconds).
Test Case '-[TopOptFlowsTests.ColdLaunchReattachTests testReattachedResultsShowFieldsAndTheWorkersDuration]' passed (0.003 seconds).
Test Case '-[TopOptFlowsTests.ColdLaunchReattachTests testRelativeAgeBuckets]' passed (0.001 seconds).
Test Case '-[TopOptFlowsTests.ColdLaunchReattachTests testUnreachableJobFailsHonestlyAndClearsOnDismissOnly]' passed (0.003 seconds).
Test Case '-[TopOptFlowsTests.ComputeLocationTests testLocalIsDefaultAndByteIdentical]' passed (0.001 seconds).
Test Case '-[TopOptFlowsTests.ComputeLocationTests testManualSelectionBuildsRemoteConfig]' passed (0.002 seconds).
Test Case '-[TopOptFlowsTests.ComputeLocationTests testSelectionPersistsPerDevice]' passed (0.002 seconds).
Test Case '-[TopOptFlowsTests.ComputeLocationTests testSkewFlagAndMessage]' passed (0.001 seconds).
Test Case '-[TopOptFlowsTests.ComputeLocationTests testSwitchingBackToLocalClearsRemote]' passed (0.002 seconds).
Test Case '-[TopOptFlowsTests.ContactShadingTests testContactAndPrepassShadersCompile]' passed (0.001 seconds).
Test Case '-[TopOptFlowsTests.ContactShadingTests testContactChangesPictureForClearanceCylinder]' passed (0.035 seconds).
Test Case '-[TopOptFlowsTests.ContactShadingTests testContactChangesPictureForDesignBox]' passed (0.028 seconds).
Test Case '-[TopOptFlowsTests.ContactShadingTests testContactPipelinesBuild]' passed (0.002 seconds).
Test Case '-[TopOptFlowsTests.ContactShadingTests testDepthPrepassFrameCostIsBounded]' passed (0.179 seconds).
Test Case '-[TopOptFlowsTests.ContactShadingTests testDetentPulseSetsPulsingAndRendersDifferently]' passed (0.188 seconds).
Test Case '-[TopOptFlowsTests.DesignBoxTests testAddAndRemoveKeepOut]' passed (0.001 seconds).
Test Case '-[TopOptFlowsTests.DesignBoxTests testAppModelMakeRunRequestOmitsBoxByDefault]' passed (0.078 seconds).
Test Case '-[TopOptFlowsTests.DesignBoxTests testAxisDeltaIsZeroForEdgeOnAxis]' passed (0.001 seconds).
Test Case '-[TopOptFlowsTests.DesignBoxTests testAxisDeltaMapsScreenDragToModelUnits]' passed (0.001 seconds).
Test Case '-[TopOptFlowsTests.DesignBoxTests testBaseCapturedOncePerDrag]' passed (0.000 seconds).
Test Case '-[TopOptFlowsTests.DesignBoxTests testBoundsNormalizeMinMax]' passed (0.001 seconds).
Test Case '-[TopOptFlowsTests.DesignBoxTests testBridgeBoxIsModelSpaceIdentity]' passed (0.001 seconds).
Test Case '-[TopOptFlowsTests.DesignBoxTests testBridgeKeepOutsConvertInOrder]' passed (0.000 seconds).
Test Case '-[TopOptFlowsTests.DesignBoxTests testCandidateBuilderProducesCanonicalHandleSet]' passed (0.001 seconds).
Test Case '-[TopOptFlowsTests.DesignBoxTests testConcurrentSecondHandleIsRejected]' passed (0.000 seconds).
Test Case '-[TopOptFlowsTests.DesignBoxTests testDefaultBoxEnclosesAndExceedsThePart]' passed (0.000 seconds).
Test Case '-[TopOptFlowsTests.DesignBoxTests testDesignBoxCodableRoundTripInSnapshot]' passed (0.001 seconds).
Test Case '-[TopOptFlowsTests.DesignBoxTests testDesignBoxSurvivesAppRelaunch]' passed (0.012 seconds).
Test Case '-[TopOptFlowsTests.DesignBoxTests testDetentCandidatesFromFaceGeometryAndAABB]' passed (0.001 seconds).
Test Case '-[TopOptFlowsTests.DesignBoxTests testDetentReleaseHysteresis]' passed (0.001 seconds).
Test Case '-[TopOptFlowsTests.DesignBoxTests testDetentSnapEntersWithinThreshold]' passed (0.001 seconds).
Test Case '-[TopOptFlowsTests.DesignBoxTests testDetentSwitchingReportsFreshSnap]' passed (0.001 seconds).
Test Case '-[TopOptFlowsTests.DesignBoxTests testDisableRevertsToNoBoxAndDropsKeepOuts]' passed (0.001 seconds).
Test Case '-[TopOptFlowsTests.DesignBoxTests testDragReleasesAndNextHandleClaimsFreshBase]' passed (0.000 seconds).
Test Case '-[TopOptFlowsTests.DesignBoxTests testEnableIsIdempotentAndResetRestoresDefault]' passed (0.001 seconds).
Test Case '-[TopOptFlowsTests.DesignBoxTests testFaceDragPipelineSnapsHoldsAndReleases]' passed (0.001 seconds).
Test Case '-[TopOptFlowsTests.DesignBoxTests testFaceDragSnapToAABBExtentHasNoFace]' passed (0.001 seconds).
Test Case '-[TopOptFlowsTests.DesignBoxTests testFreshModelIsInactiveAndPassesNoBox]' passed (0.000 seconds).
Test Case '-[TopOptFlowsTests.DesignBoxTests testHitTestPicksNearestHandle]' passed (0.000 seconds).
Test Case '-[TopOptFlowsTests.DesignBoxTests testHitTestRejectsTouchOutsideRadius]' passed (0.000 seconds).
Test Case '-[TopOptFlowsTests.DesignBoxTests testHitTestSeparatesKeepOutFromDesignBox]' passed (0.001 seconds).
Test Case '-[TopOptFlowsTests.DesignBoxTests testHitTestTieBreakIsDeterministicAndOrderIndependent]' passed (0.002 seconds).
Test Case '-[TopOptFlowsTests.DesignBoxTests testInterleavedWritesMatchOwnerOnlyDrag]' passed (0.001 seconds).
Test Case '-[TopOptFlowsTests.DesignBoxTests testKeepOutsAreIgnoredWithoutABox]' passed (0.000 seconds).
Test Case '-[TopOptFlowsTests.DesignBoxTests testLegacySnapshotWithoutDesignBoxDecodesAsOff]' passed (0.001 seconds).
Test Case '-[TopOptFlowsTests.DesignBoxTests testMatchedFaceNilWhenNoPerpendicularPlane]' passed (0.001 seconds).
Test Case '-[TopOptFlowsTests.DesignBoxTests testMatchedFaceReturnsPerpendicularPlaneFace]' passed (0.003 seconds).
Test Case '-[TopOptFlowsTests.DesignBoxTests testMoveTranslatesWholeBox]' passed (0.000 seconds).
Test Case '-[TopOptFlowsTests.DesignBoxTests testResizeFaceCannotInvertTheBox]' passed (0.000 seconds).
Test Case '-[TopOptFlowsTests.DesignBoxTests testResizeFaceGrowsBeyondThePart]' passed (0.000 seconds).
Test Case '-[TopOptFlowsTests.DesignBoxTests testStaleEndFromNonOwnerIsIgnored]' passed (0.000 seconds).
Test Case '-[TopOptFlowsTests.DesignOverhaulRound2Tests testChipsEqualWidthKeepsDefaultOrder]' passed (0.001 seconds).
Test Case '-[TopOptFlowsTests.DesignOverhaulRound2Tests testChipsOrderAscendingByWidth]' passed (0.000 seconds).
Test Case '-[TopOptFlowsTests.DesignOverhaulRound2Tests testChipsUnmeasuredParksAtBottom]' passed (0.001 seconds).
Test Case '-[TopOptFlowsTests.DesignOverhaulRound2Tests testChipsUnmeasuredUseDefaultOrder]' passed (0.001 seconds).
Test Case '-[TopOptFlowsTests.DesignOverhaulRound2Tests testClearanceRowSyncDefaultsChecked]' passed (0.003 seconds).
Test Case '-[TopOptFlowsTests.DesignOverhaulRound2Tests testGizmoControlsShareEqualInset]' passed (0.000 seconds).
Test Case '-[TopOptFlowsTests.DesignOverhaulRound2Tests testGizmoHousingIsCentred]' passed (0.001 seconds).
Test Case '-[TopOptFlowsTests.DesignOverhaulRound2Tests testGizmoInsetScalesWithSize]' passed (0.001 seconds).
Test Case '-[TopOptFlowsTests.DesignOverhaulRound2Tests testGizmoStandardSizeIsShared]' passed (0.001 seconds).
Test Case '-[TopOptFlowsTests.FaceProtectionTests testAppliedFaceProtectionsRoundTrip]' passed (0.001 seconds).
Test Case '-[TopOptFlowsTests.FaceProtectionTests testDefaultGlobalDepthMatchesCoreDefault]' passed (0.000 seconds).
Test Case '-[TopOptFlowsTests.FaceProtectionTests testFaceProtectionNotesFormatting]' passed (0.000 seconds).
Test Case '-[TopOptFlowsTests.FaceProtectionTests testFaceProtectionNotesSurfacedOnResultsModel]' passed (0.000 seconds).
Test Case '-[TopOptFlowsTests.FaceProtectionTests testLegacyBlobWithoutProtectionsDecodes]' passed (0.001 seconds).
Test Case '-[TopOptFlowsTests.FaceProtectionTests testNoProtectionYieldsEmptySpecs]' passed (0.001 seconds).
Test Case '-[TopOptFlowsTests.FaceProtectionTests testProtectAffixTogglesAndIsExplicit]' passed (0.001 seconds).
Test Case '-[TopOptFlowsTests.FaceProtectionTests testProtectOnlyGroupIsACompleteDeclaration]' passed (0.001 seconds).
Test Case '-[TopOptFlowsTests.FaceProtectionTests testProtectStateRoundTripsThroughCodable]' passed (0.001 seconds).
Test Case '-[TopOptFlowsTests.FaceProtectionTests testProtectedGroupFacesAndGlobalDepthAreDerived]' passed (0.001 seconds).
Test Case '-[TopOptFlowsTests.FaceProtectionTests testProtectionFreeSnapshotOmitsTheKeys]' passed (0.000 seconds).
Test Case '-[TopOptFlowsTests.FaceProtectionTests testViewerShaderCompiles]' passed (0.002 seconds).
Test Case '-[TopOptFlowsTests.FaceSelectionTests testAdjacencyIsSymmetric]' passed (0.001 seconds).
Test Case '-[TopOptFlowsTests.FaceSelectionTests testCurvatureClassification]' passed (0.001 seconds).
Test Case '-[TopOptFlowsTests.FaceSelectionTests testIDBufferReadbackMatchesCPUPick]' passed (0.006 seconds).
Test Case '-[TopOptFlowsTests.FaceSelectionTests testLBracketHolesAreSingleFaceLoops]' passed (0.040 seconds).
Test Case '-[TopOptFlowsTests.FaceSelectionTests testLoopWalksAdjacentCurvedFaces]' passed (0.001 seconds).
Test Case '-[TopOptFlowsTests.FaceSelectionTests testPickMapsPixelToFaceID]' passed (0.001 seconds).
Test Case '-[TopOptFlowsTests.FaceSelectionTests testPickMissesOffMesh]' passed (0.001 seconds).
Test Case '-[TopOptFlowsTests.FaceSelectionTests testPickTriangleWorksWithoutFaceIDs]' passed (0.001 seconds).
Test Case '-[TopOptFlowsTests.FaceSelectionTests testShelfBracketTapSelectsSinglePseudoFace]' passed (0.018 seconds).
Test Case '-[TopOptFlowsTests.ForceModelTests testArrowConventionD6]' passed (0.001 seconds).
Test Case '-[TopOptFlowsTests.ForceModelTests testCanOptimizeWithMinimizePlastic]' passed (0.001 seconds).
Test Case '-[TopOptFlowsTests.ForceModelTests testCannotOptimizeUntilGravityAnchorAndLoad]' passed (0.001 seconds).
Test Case '-[TopOptFlowsTests.ForceModelTests testChangeGravityReentersSetupButKeepsVector]' passed (0.000 seconds).
Test Case '-[TopOptFlowsTests.ForceModelTests testChangingGravityDisablesOptimize]' passed (0.001 seconds).
Test Case '-[TopOptFlowsTests.ForceModelTests testClearanceOverridesRoundTripAndRevertToAuto]' passed (0.001 seconds).
Test Case '-[TopOptFlowsTests.ForceModelTests testDecodeMigratesLegacyClearanceRole]' passed (0.001 seconds).
Test Case '-[TopOptFlowsTests.ForceModelTests testDirectionVectors]' passed (0.000 seconds).
Test Case '-[TopOptFlowsTests.ForceModelTests testFaceCentroidAveragesFaceVertices]' passed (0.001 seconds).
Test Case '-[TopOptFlowsTests.ForceModelTests testFaceNormalAveragesTriangleNormalsPerFace]' passed (0.000 seconds).
Test Case '-[TopOptFlowsTests.ForceModelTests testFaceNormalNilForFacelessMesh]' passed (0.001 seconds).
Test Case '-[TopOptFlowsTests.ForceModelTests testForceModelCodableCarriesKeepClearState]' passed (0.001 seconds).
Test Case '-[TopOptFlowsTests.ForceModelTests testForceVectorInNewtons]' passed (0.002 seconds).
Test Case '-[TopOptFlowsTests.ForceModelTests testFormattedWeightKgAndLbs]' passed (0.001 seconds).
Test Case '-[TopOptFlowsTests.ForceModelTests testFreshGroupIsPending]' passed (0.001 seconds).
Test Case '-[TopOptFlowsTests.ForceModelTests testInitialPhaseIsGravitySetup]' passed (0.000 seconds).
Test Case '-[TopOptFlowsTests.ForceModelTests testKeepClearAffixIsAttributeNotRole]' passed (0.000 seconds).
Test Case '-[TopOptFlowsTests.ForceModelTests testKeepClearEffectiveStateAndAutoSuppression]' passed (0.003 seconds).
Test Case '-[TopOptFlowsTests.ForceModelTests testLegacySyncClearancesKeyStillDecodes]' passed (0.001 seconds).
Test Case '-[TopOptFlowsTests.ForceModelTests testLoadForceVectorModelFrame]' passed (0.000 seconds).
Test Case '-[TopOptFlowsTests.ForceModelTests testMakeAnchorAndMakeLoad]' passed (0.000 seconds).
Test Case '-[TopOptFlowsTests.ForceModelTests testMakeLoadResetsDirectionButKeepsWeight]' passed (0.001 seconds).
Test Case '-[TopOptFlowsTests.ForceModelTests testMembershipAndBoreOverridesPersist]' passed (0.001 seconds).
Test Case '-[TopOptFlowsTests.ForceModelTests testOptimizeSummaryNeedsMessages]' passed (0.001 seconds).
Test Case '-[TopOptFlowsTests.ForceModelTests testPanelKindLabel]' passed (0.000 seconds).
Test Case '-[TopOptFlowsTests.ForceModelTests testPluralizedSummary]' passed (0.000 seconds).
Test Case '-[TopOptFlowsTests.ForceModelTests testRecheckAdoptsAutoWhenSharedUnedited]' passed (0.001 seconds).
Test Case '-[TopOptFlowsTests.ForceModelTests testRecheckAdoptsSharedDroppingDivergence]' passed (0.000 seconds).
Test Case '-[TopOptFlowsTests.ForceModelTests testScrubStepsInDisplayUnitAndClamps]' passed (0.000 seconds).
Test Case '-[TopOptFlowsTests.ForceModelTests testSetDirectionAndWeightOnlyAffectLoads]' passed (0.000 seconds).
Test Case '-[TopOptFlowsTests.ForceModelTests testSetGravityStoresModelSpaceUnitNormalAndEntersEdit]' passed (0.000 seconds).
Test Case '-[TopOptFlowsTests.ForceModelTests testSetKeepClearStoresMinimalDeviation]' passed (0.000 seconds).
Test Case '-[TopOptFlowsTests.ForceModelTests testSettleRotationAlignsGravityWithWorldDown]' passed (0.001 seconds).
Test Case '-[TopOptFlowsTests.ForceModelTests testSettleRotationHandlesAntiparallelNormal]' passed (0.000 seconds).
Test Case '-[TopOptFlowsTests.ForceModelTests testSyncDefaultsChecked]' passed (0.000 seconds).
Test Case '-[TopOptFlowsTests.ForceModelTests testSyncPrunesClearanceOverridesAndKeepClearForRemovedGroups]' passed (0.000 seconds).
Test Case '-[TopOptFlowsTests.ForceModelTests testSyncPrunesRemovedGroups]' passed (0.003 seconds).
Test Case '-[TopOptFlowsTests.ForceModelTests testSyncRetainsLiveGroupBoreOverrides]' passed (0.001 seconds).
Test Case '-[TopOptFlowsTests.ForceModelTests testSyncedDepthSharesWithinGroupIndependentOfMargin]' passed (0.001 seconds).
Test Case '-[TopOptFlowsTests.ForceModelTests testSyncedGroupBoresShareOneValue]' passed (0.000 seconds).
Test Case '-[TopOptFlowsTests.ForceModelTests testTotalLoadKg]' passed (0.000 seconds).
Test Case '-[TopOptFlowsTests.ForceModelTests testTwoGroupsNeverCrossTalk]' passed (0.000 seconds).
Test Case '-[TopOptFlowsTests.ForceModelTests testUncheckSeedsBoresFromShared]' passed (0.000 seconds).
Test Case '-[TopOptFlowsTests.ForceModelTests testUnsyncedGroupBoresAreIndependent]' passed (0.001 seconds).
Test Case '-[TopOptFlowsTests.ForceModelTests testWeightIsClamped]' passed (0.001 seconds).
Test Case '-[TopOptFlowsTests.GizmoShaderCompileTests testGizmoShaderSourceCompiles]' passed (0.001 seconds).
Test Case '-[TopOptFlowsTests.GravityDirectionTests testAxesOnlyMissesTheFaceThatFaceTargetsCatch]' passed (0.001 seconds).
Test Case '-[TopOptFlowsTests.GravityDirectionTests testAxisWinsTieOverCoincidentFaceNormal]' passed (0.001 seconds).
Test Case '-[TopOptFlowsTests.GravityDirectionTests testBaseAndDirectionAreIndependent]' passed (0.003 seconds).
Test Case '-[TopOptFlowsTests.GravityDirectionTests testBaseMagnetAttachesToBracketSurface]' passed (0.025 seconds).
Test Case '-[TopOptFlowsTests.GravityDirectionTests testBasePositionDoesNotChangeTheJob]' passed (0.007 seconds).
Test Case '-[TopOptFlowsTests.GravityDirectionTests testBasePositionRoundTrips]' passed (0.001 seconds).
Test Case '-[TopOptFlowsTests.GravityDirectionTests testBothSettersStoreTheSameVector]' passed (0.001 seconds).
Test Case '-[TopOptFlowsTests.GravityDirectionTests testClosestPointOnTriangleCases]' passed (0.001 seconds).
Test Case '-[TopOptFlowsTests.GravityDirectionTests testDragResolvesTowardMovedTip]' passed (0.001 seconds).
Test Case '-[TopOptFlowsTests.GravityDirectionTests testFaceSnapEngagesOnTheRealBracket]' passed (0.025 seconds).
Test Case '-[TopOptFlowsTests.GravityDirectionTests testFlatFaceSelectionRejectsCurvature]' passed (0.037 seconds).
Test Case '-[TopOptFlowsTests.GravityDirectionTests testOffAxisDirectionDoesNotSnap]' passed (0.001 seconds).
Test Case '-[TopOptFlowsTests.GravityDirectionTests testPreChangeSnapshotDecodesGravityUnchanged]' passed (0.001 seconds).
Test Case '-[TopOptFlowsTests.GravityDirectionTests testPreRound2SnapshotHasNilBaseAndUnchangedGravity]' passed (0.001 seconds).
Test Case '-[TopOptFlowsTests.GravityDirectionTests testSnapCoversEverySignedAxisExactly]' passed (0.001 seconds).
Test Case '-[TopOptFlowsTests.GravityDirectionTests testSnapReturnsExactAxisNotApproximate]' passed (0.001 seconds).
Test Case '-[TopOptFlowsTests.GravityDirectionTests testSnapToFaceNormalIsExact]' passed (0.001 seconds).
Test Case '-[TopOptFlowsTests.GravityDirectionTests testSnapToleranceBoundary]' passed (0.001 seconds).
Test Case '-[TopOptFlowsTests.GravityDirectionTests testWidgetAndFaceTapProduceIdenticalJob]' passed (0.009 seconds).
Test Case '-[TopOptFlowsTests.GravityDirectionTests testWidgetGravityIsUndoable]' passed (0.008 seconds).
Test Case '-[TopOptFlowsTests.GravityDirectionTests testWidgetGravityWithBaseIsSingleUndo]' passed (0.029 seconds).
Test Case '-[TopOptFlowsTests.GravityDirectionTests testWidgetSetGravityAlsoRoundTrips]' passed (0.001 seconds).
Test Case '-[TopOptFlowsTests.ImportInspectionTests testAClassicInchExportIsLeftAmbiguousRatherThanGuessed]' passed (0.000 seconds).
Test Case '-[TopOptFlowsTests.ImportInspectionTests testAMeshRepairIsSuggestedOnlyForTopologyDefects]' passed (0.001 seconds).
Test Case '-[TopOptFlowsTests.ImportInspectionTests testAPartSizedFileInMillimetresRecommendsMillimetres]' passed (0.000 seconds).
Test Case '-[TopOptFlowsTests.ImportInspectionTests testASingleEdgeIsNotPluralised]' passed (0.002 seconds).
Test Case '-[TopOptFlowsTests.ImportInspectionTests testATinyFileRecommendsInches]' passed (0.001 seconds).
Test Case '-[TopOptFlowsTests.ImportInspectionTests testAnAmbiguousSizeMakesNoRecommendation]' passed (0.000 seconds).
Test Case '-[TopOptFlowsTests.ImportInspectionTests testAnUnreadableFileFallsBackToTheCoreMessage]' passed (0.001 seconds).
Test Case '-[TopOptFlowsTests.ImportInspectionTests testEveryDefectProducesPlainLanguageAndASuggestion]' passed (0.001 seconds).
Test Case '-[TopOptFlowsTests.ImportInspectionTests testMillimetresIsTheDefaultAndTheScaleIsCorrect]' passed (0.001 seconds).
Test Case '-[TopOptFlowsTests.ImportInspectionTests testOpenBoundaryReasonQuotesTheMeasuredCount]' passed (0.001 seconds).
Test Case '-[TopOptFlowsTests.ImportInspectionTests testRepairNoteNamesWhatChangedAndIsAbsentWhenNothingDid]' passed (0.001 seconds).
Test Case '-[TopOptFlowsTests.ImportInspectionTests testRepairNoteReportsPhase2Repairs]' passed (0.001 seconds).
Test Case '-[TopOptFlowsTests.ImportInspectionTests testSTEPPartsAreNeverAnnotatedWithARepairNote]' passed (0.000 seconds).
Test Case '-[TopOptFlowsTests.ImportInspectionTests testSizeHintReportsBothReadings]' passed (0.000 seconds).
Test Case '-[TopOptFlowsTests.ImportSheetCaptureTests testCaptureRefusalSheetForABrokenMesh]' passed (0.113 seconds).
Test Case '-[TopOptFlowsTests.ImportSheetCaptureTests testCaptureUnitPromptForAUnitlessMesh]' passed (0.049 seconds).
Test Case '-[TopOptFlowsTests.JobJSONEquivalenceTests testMeshAndStepJobsAreFieldEquivalentExceptModel]' passed (0.001 seconds).
Test Case '-[TopOptFlowsTests.JobJSONEquivalenceTests testMeshJobCarriesTheFullLoadCaseNotASkeleton]' passed (0.001 seconds).
Test Case '-[TopOptFlowsTests.JobJSONEquivalenceTests testMeshNoLoadCaseMatchesStepNoLoadCase]' passed (0.001 seconds).
Test Case '-[TopOptFlowsTests.JobJSONEquivalenceTests testSourceFormatEmittedOnlyForANormalisedPart]' passed (0.001 seconds).
Test Case '-[TopOptFlowsTests.JobJSONEquivalenceTests testWallLineWidthsAgreeAcrossBridgeAndCLI]' passed (0.001 seconds).
Test Case '-[TopOptFlowsTests.JobJSONEquivalenceTests testWallLineWidthsDefaultToTheStatedFDMDefaults]' passed (0.001 seconds).
Test Case '-[TopOptFlowsTests.JobJSONEquivalenceTests testWallLoopsAgreeAcrossBridgeAndCLI]' passed (0.001 seconds).
Test Case '-[TopOptFlowsTests.JobJSONEquivalenceTests testWallLoopsDefaultsToTheFDMDefaultNotZero]' passed (0.001 seconds).
Test Case '-[TopOptFlowsTests.LatticeModeTests testCellsPerMemberCeilingComesFromCoreAndEngages]' passed (0.006 seconds).
Test Case '-[TopOptFlowsTests.LatticeModeTests testCertifiableBandComesFromCore]' passed (0.000 seconds).
Test Case '-[TopOptFlowsTests.LatticeModeTests testClampsSayWhy]' passed (0.001 seconds).
Test Case '-[TopOptFlowsTests.LatticeModeTests testLatticeIsInTheUndoSlice]' passed (0.001 seconds).
Test Case '-[TopOptFlowsTests.LatticeModeTests testLatticeOffProducesNoLatticeKey]' passed (0.001 seconds).
Test Case '-[TopOptFlowsTests.LatticeModeTests testLatticeOnAddsOnlyTheLatticeBlock]' passed (0.001 seconds).
Test Case '-[TopOptFlowsTests.LatticeModeTests testLatticeReportRoundTripThroughOutcomeStore]' passed (0.001 seconds).
Test Case '-[TopOptFlowsTests.LatticeModeTests testNoHardcodedCertifiableBandLiteralsInControlSources]' passed (0.021 seconds).
Test Case '-[TopOptFlowsTests.LatticeModeTests testNonCertifiableTopologyIsPreviewOnlyWithReason]' passed (0.001 seconds).
Test Case '-[TopOptFlowsTests.LatticeModeTests testPreLatticeOutcomeBlobDecodes]' passed (0.001 seconds).
Test Case '-[TopOptFlowsTests.LatticeModeTests testPreLatticeSnapshotStillDecodes]' passed (0.001 seconds).
Test Case '-[TopOptFlowsTests.LatticeModeTests testRegionMemberWidthFromPrimitive]' passed (0.001 seconds).
Test Case '-[TopOptFlowsTests.LatticeModeTests testRunSpecGating]' passed (0.001 seconds).
Test Case '-[TopOptFlowsTests.LatticeModeTests testSettingsRoundTripThroughSnapshot]' passed (0.001 seconds).
Test Case '-[TopOptFlowsTests.LatticeModeTests testStrutStrengthReportRoundTripAndSeparateNotes]' passed (0.001 seconds).
Test Case '-[TopOptFlowsTests.LatticePageRound2Tests testChromeSpacingIsOneConstant]' passed (0.008 seconds).
Test Case '-[TopOptFlowsTests.LatticePageRound2Tests testConvertingAnAutoClearanceListsExactlyOnePrimitive]' passed (0.001 seconds).
Test Case '-[TopOptFlowsTests.LatticePageRound2Tests testDefaultWeightUnitIsLbs]' passed (0.000 seconds).
Test Case '-[TopOptFlowsTests.LatticePageRound2Tests testGroupRolesRoundTripAndLegacyDecode]' passed (0.001 seconds).
Test Case '-[TopOptFlowsTests.LatticePageRound2Tests testIncludeAndExcludeRegionsReachTheEmittedJobJSON]' passed (0.001 seconds).
Test Case '-[TopOptFlowsTests.LatticePageRound2Tests testLatticeEntryButtonGate]' passed (0.000 seconds).
Test Case '-[TopOptFlowsTests.LatticePageRound2Tests testLatticePageRendersFromTheSameGroupModelAsTheTOPage]' passed (0.001 seconds).
Test Case '-[TopOptFlowsTests.LatticePageRound2Tests testLatticePageSourceHasNoSecondSelectionUI]' passed (0.012 seconds).
Test Case '-[TopOptFlowsTests.LatticePageRound2Tests testNoLatticePageInteractionCanRemoveATOFaceOrGroup]' passed (0.001 seconds).
Test Case '-[TopOptFlowsTests.LatticePageRound2Tests testOverlayMapsAVaryingFieldAndSelectionsDrawAbove]' passed (0.001 seconds).
Test Case '-[TopOptFlowsTests.LatticePageRound2Tests testRegionSpecMappingAndValidity]' passed (0.001 seconds).
Test Case '-[TopOptFlowsTests.LatticePageRound2Tests testRoleGroupPrimitivesLeaveClearancesAndJoinRegions]' passed (0.001 seconds).
Test Case '-[TopOptFlowsTests.LatticePageRound2Tests testTopologyListShowsOneFootnoteNotPerRowBadges]' passed (0.003 seconds).
Test Case '-[TopOptFlowsTests.LatticePageRound2Tests testTransientNoteLifecycle]' passed (0.001 seconds).
Test Case '-[TopOptFlowsTests.LatticePageTests testAutoAvailableFromVariantEntryWithNoSim]' passed (0.000 seconds).
Test Case '-[TopOptFlowsTests.LatticePageTests testAutoNotOfferedWithoutAField]' passed (0.000 seconds).
Test Case '-[TopOptFlowsTests.LatticePageTests testAutoShowsProvenanceAndAgeForASimField]' passed (0.001 seconds).
Test Case '-[TopOptFlowsTests.LatticePageTests testBadgeShowsBothPropertiesIndependently]' passed (0.001 seconds).
Test Case '-[TopOptFlowsTests.LatticePageTests testBannerForEveryPageState]' passed (0.005 seconds).
Test Case '-[TopOptFlowsTests.LatticePageTests testBoundaryIsAThreeWayAndSkinWithoutRimIsUnrepresentable]' passed (0.001 seconds).
Test Case '-[TopOptFlowsTests.LatticePageTests testBoundaryReachesTheJob]' passed (0.001 seconds).
Test Case '-[TopOptFlowsTests.LatticePageTests testCertifiableButNotGeneratableCannotRun]' passed (0.000 seconds).
Test Case '-[TopOptFlowsTests.LatticePageTests testClearanceAndExcludeProduceDifferentJobs]' passed (0.001 seconds).
Test Case '-[TopOptFlowsTests.LatticePageTests testDefaultTopologyIsCertifiableAndGeneratable]' passed (0.001 seconds).
Test Case '-[TopOptFlowsTests.LatticePageTests testDensityBandChangesWithSelectionAndMatchesCore]' passed (0.001 seconds).
Test Case '-[TopOptFlowsTests.LatticePageTests testExactlyOneOptimizeEverFires]' passed (0.001 seconds).
Test Case '-[TopOptFlowsTests.LatticePageTests testGateGovernsBothEntryPoints]' passed (0.001 seconds).
Test Case '-[TopOptFlowsTests.LatticePageTests testGateStatesWhatIsMissing]' passed (0.000 seconds).
Test Case '-[TopOptFlowsTests.LatticePageTests testLanesSayWhoHonoursASubVoxelSize]' passed (0.001 seconds).
Test Case '-[TopOptFlowsTests.LatticePageTests testLatticeJobCarriesPageOneInputs]' passed (0.001 seconds).
Test Case '-[TopOptFlowsTests.LatticePageTests testLegacyRegionSnapshotMigratesIntoIncludeList]' passed (0.001 seconds).
Test Case '-[TopOptFlowsTests.LatticePageTests testPickerMatchesCoreExactly]' passed (0.000 seconds).
Test Case '-[TopOptFlowsTests.LatticePageTests testRoleHelpersMapToDistinctStores]' passed (0.001 seconds).
Test Case '-[TopOptFlowsTests.LatticePageTests testSimGating]' passed (0.001 seconds).
Test Case '-[TopOptFlowsTests.LatticePageTests testSimModelDrivesRunCompleteStaleAndCancel]' passed (0.331 seconds).
Test Case '-[TopOptFlowsTests.LatticePageTests testSimModelSurfacesFailureAndNonConvergenceHonestly]' passed (0.051 seconds).
Test Case '-[TopOptFlowsTests.LatticePageTests testStaleFieldIsFlaggedAndAutoNeverSilentlyUniform]' passed (0.001 seconds).
Test Case '-[TopOptFlowsTests.LatticePageTests testTOOnlyJobByteIdenticalByHash]' passed (0.001 seconds).
Test Case '-[TopOptFlowsTests.LatticePageTests testVoxelMinimumIsLiveNotAConstant]' passed (0.001 seconds).
Test Case '-[TopOptFlowsTests.LatticeProxyKeepOutTests testLegendClearsEveryControl]' passed (0.001 seconds).
Test Case '-[TopOptFlowsTests.LatticeProxyKeepOutTests testLegendFloatsClearOfGizmoInBusyScene]' passed (0.000 seconds).
Test Case '-[TopOptFlowsTests.LatticeProxyKeepOutTests testLegendPriorityIsLowest]' passed (0.000 seconds).
Test Case '-[TopOptFlowsTests.LatticeProxyProfileTests testProxyVsRealOnMaintainerBracket]' passed (0.496 seconds).
Test Case '-[TopOptFlowsTests.LatticeProxyTests testCanonicalStrutCountsMatchWorker]' passed (0.001 seconds).
Test Case '-[TopOptFlowsTests.LatticeProxyTests testCanonicalStrutLengthMatchesDensityTxt]' passed (0.001 seconds).
Test Case '-[TopOptFlowsTests.LatticeProxyTests testDensityColourDistinctFromStressAndMonotoneLuma]' passed (0.001 seconds).
Test Case '-[TopOptFlowsTests.LatticeProxyTests testDensityRadiusMapIsWorkerLaw]' passed (0.001 seconds).
Test Case '-[TopOptFlowsTests.LatticeProxyTests testEmptyOrZeroFieldFallsBackToUniform]' passed (0.001 seconds).
Test Case '-[TopOptFlowsTests.LatticeProxyTests testGradedShadingFollowsDemandField]' passed (0.001 seconds).
Test Case '-[TopOptFlowsTests.LatticeProxyTests testLegendFractionInvertsGrading]' passed (0.001 seconds).
Test Case '-[TopOptFlowsTests.LatticeProxyTests testParamChangeReshadesLocally]' passed (0.000 seconds).
Test Case '-[TopOptFlowsTests.LatticeProxyTests testProxyIsOrdersCheaperThanRealAtEveryCell]' passed (0.001 seconds).
Test Case '-[TopOptFlowsTests.LatticeProxyTests testRealTrianglesReproduceCommittedReferenceAt8mm]' passed (0.001 seconds).
Test Case '-[TopOptFlowsTests.LatticeProxyTests testRealTrianglesScaleAsInverseCellCubed]' passed (0.000 seconds).
Test Case '-[TopOptFlowsTests.LatticeProxyTests testRelativeDensityGradingEndpointsAndMonotone]' passed (0.001 seconds).
Test Case '-[TopOptFlowsTests.LatticeProxyTests testUniformFallbackWhenNoField]' passed (0.001 seconds).
Test Case '-[TopOptFlowsTests.LatticeSDFAlignmentTests testAlignmentExactAgainstBodyTransform]' passed (2.510 seconds).
Test Case '-[TopOptFlowsTests.LatticeSDFAlignmentTests testFaceTintVolumeLockstep]' passed (0.096 seconds).
Test Case '-[TopOptFlowsTests.LatticeSDFAlignmentTests testNoBakeAcrossDrawsOrShadeParamChanges]' passed (0.088 seconds).
Test Case '-[TopOptFlowsTests.LatticeSDFAlignmentTests testOrbitProjectionMonotone]' passed (4.588 seconds).
Test Case '-[TopOptFlowsTests.LatticeSDFAlignmentTests testPickingUnchangedWithBodyInvisible]' passed (0.013 seconds).
Test Case '-[TopOptFlowsTests.LatticeSDFAlignmentTests testPreviewOffRenderAndPickHash]' passed (0.025 seconds).
Test Case '-[TopOptFlowsTests.LatticeSDFProfileTests testRaymarchCostOnMaintainerBracket]' passed (12.949 seconds).
Test Case '-[TopOptFlowsTests.LatticeSDFTests testAlwaysApproximateAndLabelled]' passed (0.013 seconds).
Test Case '-[TopOptFlowsTests.LatticeSDFTests testDemandFieldPicksNewestAcceptedWithField]' passed (0.001 seconds).
Test Case '-[TopOptFlowsTests.LatticeSDFTests testDemandNilWithoutField]' passed (0.003 seconds).
Test Case '-[TopOptFlowsTests.LatticeSDFTests testGradingRoundTrips]' passed (0.011 seconds).
Test Case '-[TopOptFlowsTests.LatticeSDFTests testOccupancyContainsAUnitCube]' passed (0.005 seconds).
Test Case '-[TopOptFlowsTests.LatticeSDFTests testOctetSegmentsCoverAndAreFaithful]' passed (0.031 seconds).
Test Case '-[TopOptFlowsTests.LatticeSDFTests testSignedDistanceOfCube]' passed (0.032 seconds).
Test Case '-[TopOptFlowsTests.LatticeSamplePatchTests testCentredOnOrigin]' passed (0.022 seconds).
Test Case '-[TopOptFlowsTests.LatticeSamplePatchTests testDeterministic]' passed (0.042 seconds).
Test Case '-[TopOptFlowsTests.LatticeSamplePatchTests testPatchStaysSmall]' passed (0.001 seconds).
Test Case '-[TopOptFlowsTests.LatticeSamplePatchTests testPrimitiveTriangleCounts]' passed (0.001 seconds).
Test Case '-[TopOptFlowsTests.LatticeSamplePatchTests testThicknessGrowsWithDensity]' passed (0.008 seconds).
Test Case '-[TopOptFlowsTests.LatticeSamplePatchTests testTriangleCountMatchesBuiltMesh]' passed (0.050 seconds).
Test Case '-[TopOptFlowsTests.LatticeVariantTests testADifferentLoadCaseIsDetectedKeyByKey]' passed (0.001 seconds).
Test Case '-[TopOptFlowsTests.LatticeVariantTests testAGradedRelatticeJobShipsAGradingBlockNotAUniformFill]' passed (0.001 seconds).
Test Case '-[TopOptFlowsTests.LatticeVariantTests testAJobWithNoLatticeSettingsIsRefusedBeforeSubmission]' passed (0.002 seconds).
Test Case '-[TopOptFlowsTests.LatticeVariantTests testContextCarriesTheVariantsOwnMesh]' passed (0.001 seconds).
Test Case '-[TopOptFlowsTests.LatticeVariantTests testDefaultsKeepEveryExistingCallerUnchanged]' passed (0.001 seconds).
Test Case '-[TopOptFlowsTests.LatticeVariantTests testLatticeRoleGroupDoesNotBlockOptimize]' passed (0.001 seconds).
Test Case '-[TopOptFlowsTests.LatticeVariantTests testLatticeRoleGroupReadsAsItsRoleNotPending]' passed (0.001 seconds).
Test Case '-[TopOptFlowsTests.LatticeVariantTests testRegionsRideTheRelatticeJob]' passed (0.001 seconds).
Test Case '-[TopOptFlowsTests.LatticeVariantTests testRelatticeIsRefusedWithAReasonWhenTheRunKeptNoDesign]' passed (0.002 seconds).
Test Case '-[TopOptFlowsTests.LatticeVariantTests testRelatticeJobChangesOnlyTheLatticeQuestion]' passed (0.001 seconds).
Test Case '-[TopOptFlowsTests.LatticeVariantTests testRunningDisablesBothActions]' passed (0.001 seconds).
Test Case '-[TopOptFlowsTests.LatticeVariantTests testTheVariantIsNamedUnambiguously]' passed (0.001 seconds).
Test Case '-[TopOptFlowsTests.LatticeVariantTests testVariantAuthoringTurnsFaceTappingOffWithAReason]' passed (0.003 seconds).
Test Case '-[TopOptFlowsTests.LatticeVariantTests testVariantEmissionEmitsPrimitivesAndRefusesFaces]' passed (0.001 seconds).
Test Case '-[TopOptFlowsTests.LatticeVariantTests testVariantEntryOffersTwoDistinctlyLabelledActions]' passed (0.001 seconds).
Test Case '-[TopOptFlowsTests.LatticeVariantTests testWorkspaceEntryKeepsTheSingleOptimizeButton]' passed (0.001 seconds).
Test Case '-[TopOptFlowsTests.LoadAnchorFlowTests testAnchorCurvesOnePerLoadAndEmptyWithoutAnchors]' passed (0.002 seconds).
Test Case '-[TopOptFlowsTests.LoadAnchorFlowTests testAnchorModeBuildsCurveAndEmptyWithoutAnchors]' passed (0.001 seconds).
Test Case '-[TopOptFlowsTests.LoadAnchorFlowTests testAnchorVoxelSetContainsAndBuild]' passed (0.000 seconds).
Test Case '-[TopOptFlowsTests.LoadAnchorFlowTests testEmptyTensorFieldIsEmptyAndZero]' passed (0.001 seconds).
Test Case '-[TopOptFlowsTests.LoadAnchorFlowTests testFluxStreamlineReachesAnchorWhenSigmaDHatPointsToIt]' passed (0.001 seconds).
Test Case '-[TopOptFlowsTests.LoadAnchorFlowTests testModeSwitchSwapsCurvesButDownstreamIsIdentical]' passed (0.003 seconds).
Test Case '-[TopOptFlowsTests.LoadAnchorFlowTests testSetFlowModeResetsIsolationAndClock]' passed (0.001 seconds).
Test Case '-[TopOptFlowsTests.LoadAnchorFlowTests testStopConditionExceededLength]' passed (0.002 seconds).
Test Case '-[TopOptFlowsTests.LoadAnchorFlowTests testStopConditionLeftMaterial]' passed (0.001 seconds).
Test Case '-[TopOptFlowsTests.LoadAnchorFlowTests testStopConditionReachedAnchor]' passed (0.001 seconds).
Test Case '-[TopOptFlowsTests.LoadAnchorFlowTests testStressTensorFieldReconstructsVonMisesMatchingScalar]' passed (0.001 seconds).
Test Case '-[TopOptFlowsTests.LoadAnchorFlowTests testStressTensorMatrixIsSymmetricWithTrueShear]' passed (0.001 seconds).
Test Case '-[TopOptFlowsTests.LoadAnchorFlowTests testTensorFieldIsPlumbedThroughResultsModel]' passed (0.001 seconds).
Test Case '-[TopOptFlowsTests.LoadAnchorFlowTests testWrongContractionDoesNotReachAnchor]' passed (0.001 seconds).
Test Case '-[TopOptFlowsTests.LoadCaseTaggerTests testAnchorAndLoadTagThenMaskEveryFace]' passed (0.001 seconds).
Test Case '-[TopOptFlowsTests.LoadCaseTaggerTests testPendingGroupRejectedBeforeAnyBridgeCall]' passed (0.001 seconds).
Test Case '-[TopOptFlowsTests.LoadCaseTaggerTests testShellDepthClampedToAtLeastOne]' passed (0.000 seconds).
Test Case '-[TopOptFlowsTests.LoadFaceFitTests testLargeFaceNeverWarns]' passed (0.001 seconds).
Test Case '-[TopOptFlowsTests.LoadFaceFitTests testPreflightAllowsHealthyOrEmpty]' passed (0.001 seconds).
Test Case '-[TopOptFlowsTests.LoadFaceFitTests testPreflightBlocksAllDeadWithActionableMessage]' passed (0.001 seconds).
Test Case '-[TopOptFlowsTests.LoadFaceFitTests testPreflightWarnsWhenOnlySomeDead]' passed (0.000 seconds).
Test Case '-[TopOptFlowsTests.LoadFaceFitTests testSpacingIsLongestAxisOverResolution]' passed (0.003 seconds).
Test Case '-[TopOptFlowsTests.LoadFaceFitTests testSubVoxelFaceWarnsAtFastNotAtFine]' passed (0.001 seconds).
Test Case '-[TopOptFlowsTests.LoadFaceFitTests testTiltedThinExtentMeasuredInPlane]' passed (0.001 seconds).
Test Case '-[TopOptFlowsTests.LoadFaceFitTests testWarningCopyIsHedged]' passed (0.001 seconds).
Test Case '-[TopOptFlowsTests.LoadFlowTests testAdvancingFlowClockMovesHeadsUnlessReduced]' passed (0.004 seconds).
Test Case '-[TopOptFlowsTests.LoadFlowTests testCometHeadAdvancesWithClock]' passed (0.001 seconds).
Test Case '-[TopOptFlowsTests.LoadFlowTests testCometHeadStaysOnCurveAndWiggleZeroIsClean]' passed (0.001 seconds).
Test Case '-[TopOptFlowsTests.LoadFlowTests testCometMeshLayoutAndEmptiness]' passed (0.001 seconds).
Test Case '-[TopOptFlowsTests.LoadFlowTests testCometReducedMotionIsStatic]' passed (0.000 seconds).
Test Case '-[TopOptFlowsTests.LoadFlowTests testCurvesStressPointOnePerSeedAndEmptyWithoutHotSpot]' passed (0.002 seconds).
Test Case '-[TopOptFlowsTests.LoadFlowTests testEpicenterHeatsAtHeadAndCoolsWithDistance]' passed (0.001 seconds).
Test Case '-[TopOptFlowsTests.LoadFlowTests testFlowCurvesTerminateAtHotSpotFromEachLoad]' passed (0.002 seconds).
Test Case '-[TopOptFlowsTests.LoadFlowTests testFlowFallsBackToMaxDeflectionWhenNoLoadsTagged]' passed (0.002 seconds).
Test Case '-[TopOptFlowsTests.LoadFlowTests testFlowIsolationRestrictsVisibleCurves]' passed (0.002 seconds).
Test Case '-[TopOptFlowsTests.LoadFlowTests testFlowStressTintsBloomNearArrowHeads]' passed (0.002 seconds).
Test Case '-[TopOptFlowsTests.LoadFlowTests testRendererDrawsCometFlowAndTranslucentBody]' passed (0.021 seconds).
Test Case '-[TopOptFlowsTests.LoadFlowTests testResampleDegenerateIsEmpty]' passed (0.001 seconds).
Test Case '-[TopOptFlowsTests.LoadFlowTests testResampleStraightLineIsEquallySpaced]' passed (0.001 seconds).
Test Case '-[TopOptFlowsTests.LoadFlowTests testSampleAtInterpolatesAndClamps]' passed (0.001 seconds).
Test Case '-[TopOptFlowsTests.LoadFlowTests testStaticStressReadoutUnchangedByFlowClock]' passed (0.002 seconds).
Test Case '-[TopOptFlowsTests.LoadFlowTests testStreamlineBendsWithFieldButStillConverges]' passed (0.002 seconds).
Test Case '-[TopOptFlowsTests.LoadFlowTests testStreamlineSignsPrincipalAxisTowardTarget]' passed (0.001 seconds).
Test Case '-[TopOptFlowsTests.LoadFlowTests testStreamlineTerminatesAtHotSpot]' passed (0.001 seconds).
Test Case '-[TopOptFlowsTests.LoadFlowTests testToggleLoadPathResetsFlowAndIsExclusiveWithFlex]' passed (0.001 seconds).
Test Case '-[TopOptFlowsTests.LoadPathTests testBuildEmptyOnEmptyField]' passed (0.001 seconds).
Test Case '-[TopOptFlowsTests.LoadPathTests testBuildProducesAlignedGlyphsOverPrintedVoxels]' passed (0.001 seconds).
Test Case '-[TopOptFlowsTests.LoadPathTests testBuildRespectsGlyphBudget]' passed (0.004 seconds).
Test Case '-[TopOptFlowsTests.LoadPathTests testBuildSkipsVoidVoxelsViaStressGate]' passed (0.001 seconds).
Test Case '-[TopOptFlowsTests.LoadPathTests testEigenOfDiagonalIsSortedDiagonal]' passed (0.000 seconds).
Test Case '-[TopOptFlowsTests.LoadPathTests testEigenReconstructsAndIsOrthonormal]' passed (0.001 seconds).
Test Case '-[TopOptFlowsTests.LoadPathTests testGlyphDominantDirectionIsStretchAxis]' passed (0.001 seconds).
Test Case '-[TopOptFlowsTests.LoadPathTests testGlyphNilOnUndeformedVoxel]' passed (0.001 seconds).
Test Case '-[TopOptFlowsTests.LoadPathTests testGlyphShearDirectionIs45Degrees]' passed (0.001 seconds).
Test Case '-[TopOptFlowsTests.LoadPathTests testHasLoadPathReflectsDisplacementField]' passed (0.001 seconds).
Test Case '-[TopOptFlowsTests.LoadPathTests testLoadPathCopyIsHonestEstimate]' passed (0.001 seconds).
Test Case '-[TopOptFlowsTests.LoadPathTests testLoadPathFlowAdvancesWrapsAndResets]' passed (0.001 seconds).
Test Case '-[TopOptFlowsTests.LoadPathTests testLoadPathSegmentsBufferLayoutAndColor]' passed (0.001 seconds).
Test Case '-[TopOptFlowsTests.LoadPathTests testRendererDrawsAnimatedLoadPathRibbon]' passed (0.009 seconds).
Test Case '-[TopOptFlowsTests.LoadPathTests testRendererDrawsLoadPathLinesInsideTheSolid]' passed (0.022 seconds).
Test Case '-[TopOptFlowsTests.LoadPathTests testRendererDrawsLoadPathLines]' passed (0.019 seconds).
Test Case '-[TopOptFlowsTests.LoadPathTests testSelectedLoadPathIsDerivedAndCached]' passed (0.002 seconds).
Test Case '-[TopOptFlowsTests.LoadPathTests testSelectingVariantResetsLoadPathFlow]' passed (0.001 seconds).
Test Case '-[TopOptFlowsTests.LoadPathTests testStrainSimpleShearIsSymmetric]' passed (0.001 seconds).
Test Case '-[TopOptFlowsTests.LoadPathTests testStrainUniaxialStretch]' passed (0.001 seconds).
Test Case '-[TopOptFlowsTests.LoadPathTests testToggleLoadPathAndMutualExclusionWithFlex]' passed (0.001 seconds).
Test Case '-[TopOptFlowsTests.ManualPrimitiveJobTests testAutoOnlyJobHasNoGeometryOrManualKeys]' passed (0.001 seconds).
Test Case '-[TopOptFlowsTests.ManualPrimitiveJobTests testManualAndAutoBoltAreFieldEquivalentExceptSource]' passed (0.002 seconds).
Test Case '-[TopOptFlowsTests.ManualPrimitiveJobTests testManualBoltSerializesGeometryNotFaceID]' passed (0.001 seconds).
Test Case '-[TopOptFlowsTests.ManualPrimitiveJobTests testManualFaceSerializesGeometryNotFaceID]' passed (0.001 seconds).
Test Case '-[TopOptFlowsTests.ManualPrimitiveTests testAddManualBoltEmitsAManualClearanceSpec]' passed (0.002 seconds).
Test Case '-[TopOptFlowsTests.ManualPrimitiveTests testAddManualFaceEmitsASlabSpec]' passed (0.001 seconds).
Test Case '-[TopOptFlowsTests.ManualPrimitiveTests testAutoBoreMetricMatchesRenderedVolume]' passed (0.001 seconds).
Test Case '-[TopOptFlowsTests.ManualPrimitiveTests testConvertAutoBoreToManualPreservesTheClearance]' passed (0.001 seconds).
Test Case '-[TopOptFlowsTests.ManualPrimitiveTests testCopyAddsASecondRunClearance]' passed (0.001 seconds).
Test Case '-[TopOptFlowsTests.ManualPrimitiveTests testCopyProducesIndependentPrimitive]' passed (0.001 seconds).
Test Case '-[TopOptFlowsTests.ManualPrimitiveTests testDeleteAutoClearanceDropsItFromTheRun]' passed (0.001 seconds).
Test Case '-[TopOptFlowsTests.ManualPrimitiveTests testDeletionSurvivesAReDeriveAndAResolutionChange]' passed (0.001 seconds).
Test Case '-[TopOptFlowsTests.ManualPrimitiveTests testDetentLeavesAFarPlacementFree]' passed (0.000 seconds).
Test Case '-[TopOptFlowsTests.ManualPrimitiveTests testDetentSnapsAxisToWorldZAndCentreToBoreAxis]' passed (0.001 seconds).
Test Case '-[TopOptFlowsTests.ManualPrimitiveTests testEditedPlaneExtentsReachTheJobJSON]' passed (0.001 seconds).
Test Case '-[TopOptFlowsTests.ManualPrimitiveTests testEmptySidecarIsDeletedNotWritten]' passed (0.002 seconds).
Test Case '-[TopOptFlowsTests.ManualPrimitiveTests testGizmoMoveReachesTheJob]' passed (0.001 seconds).
Test Case '-[TopOptFlowsTests.ManualPrimitiveTests testLeavingClearsTheActiveGroup]' passed (0.001 seconds).
Test Case '-[TopOptFlowsTests.ManualPrimitiveTests testLoadingSuppressionsReappliesDeletions]' passed (0.002 seconds).
Test Case '-[TopOptFlowsTests.ManualPrimitiveTests testManualBoltMetricIsOneValueAcrossSurfaces]' passed (0.001 seconds).
Test Case '-[TopOptFlowsTests.ManualPrimitiveTests testManualPlaneMetricIsOneValue]' passed (0.001 seconds).
Test Case '-[TopOptFlowsTests.ManualPrimitiveTests testNewManualPlaneDefaultsToASquareFootprint]' passed (0.001 seconds).
Test Case '-[TopOptFlowsTests.ManualPrimitiveTests testPlaneExtentIgnoresNilAndFloorsNonPositive]' passed (0.001 seconds).
Test Case '-[TopOptFlowsTests.ManualPrimitiveTests testRenameChangesOnlyTheName]' passed (0.001 seconds).
Test Case '-[TopOptFlowsTests.ManualPrimitiveTests testRenderedSlabMatchesEnteredExtents]' passed (0.001 seconds).
Test Case '-[TopOptFlowsTests.ManualPrimitiveTests testRestoreAutoClearanceUndeletesIt]' passed (0.001 seconds).
Test Case '-[TopOptFlowsTests.ManualPrimitiveTests testRotateManualPrimitiveTurnsAxisKeepsCentreUndoable]' passed (0.001 seconds).
Test Case '-[TopOptFlowsTests.ManualPrimitiveTests testRotatedAxisReachesTheRun]' passed (0.001 seconds).
Test Case '-[TopOptFlowsTests.ManualPrimitiveTests testSetPlaneLengthWidthConvertsFullToHalfAndReachesSpec]' passed (0.001 seconds).
Test Case '-[TopOptFlowsTests.ManualPrimitiveTests testSidecarRoundTripsSuppressionsAndManualPrimitives]' passed (0.002 seconds).
Test Case '-[TopOptFlowsTests.ManualPrimitiveTests testSnapOverrideKeepsAFreePlacement]' passed (0.001 seconds).
Test Case '-[TopOptFlowsTests.ManualPrimitiveTests testTappingGroupLocksInWithoutRenaming]' passed (0.001 seconds).
Test Case '-[TopOptFlowsTests.ManualPrimitiveTests testUndoCoversAutoDeletion]' passed (0.002 seconds).
Test Case '-[TopOptFlowsTests.ManualPrimitiveTests testUndoRedoCoversAPlaneExtentEdit]' passed (0.001 seconds).
Test Case '-[TopOptFlowsTests.ManualPrimitiveTests testUndoRedoCoversAdd]' passed (0.001 seconds).
Test Case '-[TopOptFlowsTests.ManualPrimitiveTests testUndoRedoCoversDelete]' passed (0.001 seconds).
Test Case '-[TopOptFlowsTests.ManualPrimitiveTests testUndoRedoCoversMove]' passed (0.001 seconds).
Test Case '-[TopOptFlowsTests.ManualPrimitiveTests testWriteClearanceMetricReachesManualPrimitiveAndRun]' passed (0.002 seconds).
Test Case '-[TopOptFlowsTests.MeshExportTests testBinarySTLRoundTrip]' passed (0.001 seconds).
Test Case '-[TopOptFlowsTests.MeshExportTests testDegenerateTriangleNormalIsZero]' passed (0.001 seconds).
Test Case '-[TopOptFlowsTests.MeshExportTests testEmptyMeshExportsHeaderAndZeroCount]' passed (0.001 seconds).
Test Case '-[TopOptFlowsTests.MeshExportTests testFacetNormalsAreUnitAndAxisAligned]' passed (0.000 seconds).
Test Case '-[TopOptFlowsTests.MeshExportTests testHeaderIsExactly80BytesAndNamesApp]' passed (0.001 seconds).
Test Case '-[TopOptFlowsTests.MeshExportTests testMeshMassFromDensity]' passed (0.001 seconds).
Test Case '-[TopOptFlowsTests.MeshExportTests testOpenMeshIsNotWatertight]' passed (0.001 seconds).
Test Case '-[TopOptFlowsTests.MeshExportTests testOutOfRangeIndexTriangleIsDropped]' passed (0.001 seconds).
Test Case '-[TopOptFlowsTests.MeshExportTests testTriangleCountFieldIsCorrect]' passed (0.001 seconds).
Test Case '-[TopOptFlowsTests.MeshExportTests testTwoCubeBoxScalesCorrectly]' passed (0.001 seconds).
Test Case '-[TopOptFlowsTests.MeshExportTests testUnitCubeVolumeIsOne]' passed (0.001 seconds).
Test Case '-[TopOptFlowsTests.MeshExportTests testVolumeIsOrientationIndependent]' passed (0.001 seconds).
Test Case '-[TopOptFlowsTests.MeshExportTests testWatertightCubeIsWatertight]' passed (0.000 seconds).
Test Case '-[TopOptFlowsTests.MeshThumbnailTests testEmptyMeshHasNoThumbnail]' passed (0.000 seconds).
Test Case '-[TopOptFlowsTests.MeshThumbnailTests testImageFromBGRAHasRequestedDimensions]' passed (0.001 seconds).
Test Case '-[TopOptFlowsTests.MeshThumbnailTests testImageRejectsWrongByteCount]' passed (0.000 seconds).
Test Case '-[TopOptFlowsTests.NumberPadEvidenceCaptureTests testCaptureIntegerPad]' passed (0.035 seconds).
Test Case '-[TopOptFlowsTests.NumberPadEvidenceCaptureTests testCapturePadAnchoredBesideChip]' passed (0.023 seconds).
Test Case '-[TopOptFlowsTests.NumberPadEvidenceCaptureTests testCaptureReplaceOnFirstKeystroke]' passed (0.036 seconds).
Test Case '-[TopOptFlowsTests.NumberPadEvidenceCaptureTests testCaptureTheNumberPad]' passed (0.023 seconds).
Test Case '-[TopOptFlowsTests.NumberPadTests testDecimalEntryBuildsAValue]' passed (0.001 seconds).
Test Case '-[TopOptFlowsTests.NumberPadTests testDecimalKeyIgnoredOnIntegerPad]' passed (0.001 seconds).
Test Case '-[TopOptFlowsTests.NumberPadTests testDeleteBackspacesTheCurrentValue]' passed (0.000 seconds).
Test Case '-[TopOptFlowsTests.NumberPadTests testEmptyFieldParsesToNil]' passed (0.001 seconds).
Test Case '-[TopOptFlowsTests.NumberPadTests testFirstDigitReplacesTheSeed]' passed (0.001 seconds).
Test Case '-[TopOptFlowsTests.NumberPadTests testLeadingDecimalReadsAsZeroPoint]' passed (0.001 seconds).
Test Case '-[TopOptFlowsTests.NumberPadTests testMaxLengthCap]' passed (0.000 seconds).
Test Case '-[TopOptFlowsTests.NumberPadTests testNoLeadingZeros]' passed (0.000 seconds).
Test Case '-[TopOptFlowsTests.NumberPadTests testOnlyOneDecimalPoint]' passed (0.000 seconds).
Test Case '-[TopOptFlowsTests.NumberPadTests testSeedStringFormatting]' passed (0.000 seconds).
Test Case '-[TopOptFlowsTests.NumberPadTests testSubsequentDigitsAppendAfterTheReplace]' passed (0.000 seconds).
Test Case '-[TopOptFlowsTests.NumberPadTests testTrailingDotDoesNotFlickerToNil]' passed (0.001 seconds).
Test Case '-[TopOptFlowsTests.NumberPadTests testUndoCoversClearanceMarginEnteredThroughTheNumberPad]' passed (0.005 seconds).
Test Case '-[TopOptFlowsTests.NumberPadTests testUndoRedoCoversLoadWeightEnteredThroughTheNumberPad]' passed (0.618 seconds).
Test Case '-[TopOptFlowsTests.OrientationGizmoTests testAFreeDragCanReachACleanFrontView]' passed (0.001 seconds).
Test Case '-[TopOptFlowsTests.OrientationGizmoTests testAllTwentySixRegionsExist]' passed (0.001 seconds).
Test Case '-[TopOptFlowsTests.OrientationGizmoTests testAzimuthAndElevationBothChangeTheView]' passed (0.001 seconds).
Test Case '-[TopOptFlowsTests.OrientationGizmoTests testElevationCannotFlipPastVertical]' passed (0.001 seconds).
Test Case '-[TopOptFlowsTests.OrientationGizmoTests testEveryAnchorHasAReachableClickableTarget]' passed (0.002 seconds).
Test Case '-[TopOptFlowsTests.OrientationGizmoTests testFrontFaceFacesViewerAtFrontView]' passed (0.001 seconds).
Test Case '-[TopOptFlowsTests.OrientationGizmoTests testGizmoRotationIsTheCameraRotation]' passed (0.001 seconds).
Test Case '-[TopOptFlowsTests.OrientationGizmoTests testHitTestCornerAndEdgeCentresResolve]' passed (0.001 seconds).
Test Case '-[TopOptFlowsTests.OrientationGizmoTests testHitTestFaceCentresResolveToThatFace]' passed (0.001 seconds).
Test Case '-[TopOptFlowsTests.OrientationGizmoTests testHomeLevelsRoll]' passed (0.001 seconds).
Test Case '-[TopOptFlowsTests.OrientationGizmoTests testHomeResetsPan]' passed (0.001 seconds).
Test Case '-[TopOptFlowsTests.OrientationGizmoTests testHomeRestoresExactDefault]' passed (0.001 seconds).
Test Case '-[TopOptFlowsTests.OrientationGizmoTests testModelOrbitRoutesAndClamps]' passed (0.001 seconds).
Test Case '-[TopOptFlowsTests.OrientationGizmoTests testModelRollByRoutesAndCancelsSnap]' passed (0.000 seconds).
Test Case '-[TopOptFlowsTests.OrientationGizmoTests testNumericIdMatchesSharedGlobalIdScheme]' passed (0.001 seconds).
Test Case '-[TopOptFlowsTests.OrientationGizmoTests testPickReturnsRegionOrMiss]' passed (0.001 seconds).
Test Case '-[TopOptFlowsTests.OrientationGizmoTests testRollFlowsIntoViewRotationAndWraps]' passed (0.001 seconds).
Test Case '-[TopOptFlowsTests.OrientationGizmoTests testRollFortyFiveIsTheRotatedDelta]' passed (0.001 seconds).
Test Case '-[TopOptFlowsTests.OrientationGizmoTests testRollNinetyScreenDownDrivesAzimuthNotElevation]' passed (0.000 seconds).
Test Case '-[TopOptFlowsTests.OrientationGizmoTests testRollTiltsUpButNotEyeOrDirection]' passed (0.001 seconds).
Test Case '-[TopOptFlowsTests.OrientationGizmoTests testRollZeroMatchesPreRollViewMatrix]' passed (0.001 seconds).
Test Case '-[TopOptFlowsTests.OrientationGizmoTests testRollZeroOrbitIsBitIdenticalToClassic]' passed (0.001 seconds).
Test Case '-[TopOptFlowsTests.OrientationGizmoTests testSnapCorner]' passed (0.001 seconds).
Test Case '-[TopOptFlowsTests.OrientationGizmoTests testSnapFront]' passed (0.000 seconds).
Test Case '-[TopOptFlowsTests.OrientationGizmoTests testSnapLevelsRoll]' passed (0.002 seconds).
Test Case '-[TopOptFlowsTests.OrientationGizmoTests testSnapTopLooksStraightDown]' passed (0.001 seconds).
Test Case '-[TopOptFlowsTests.OrientationGizmoTests testSyntheticRaysOnFrontViewResolveFaceEdgeCorner]' passed (0.001 seconds).
Test Case '-[TopOptFlowsTests.OrientationGizmoTests testTapOutsideGlassMisses]' passed (0.001 seconds).
Test Case '-[TopOptFlowsTests.OutcomeStoreTests testComputedRemotelySurvivesRoundTrip]' passed (0.002 seconds).
Test Case '-[TopOptFlowsTests.OutcomeStoreTests testDecodesLegacyBlobWithoutAppliedClearances]' passed (0.001 seconds).
Test Case '-[TopOptFlowsTests.OutcomeStoreTests testDecodesLegacyBlobWithoutComputedRemotely]' passed (0.001 seconds).
Test Case '-[TopOptFlowsTests.OutcomeStoreTests testDecodesLegacyBlobWithoutDisplacementField]' passed (0.001 seconds).
Test Case '-[TopOptFlowsTests.OutcomeStoreTests testDecodesLegacyBlobWithoutStressTensorField]' passed (0.004 seconds).
Test Case '-[TopOptFlowsTests.OutcomeStoreTests testOutcomeRoundTripsThroughEncodeDecode]' passed (0.001 seconds).
Test Case '-[TopOptFlowsTests.OutcomeStoreTests testRestoreOutcomeSetsOutcomeOnIdleRunOnce]' passed (0.000 seconds).
Test Case '-[TopOptFlowsTests.OutcomeStoreTests testStoreSavesAndLoadsResultsBlob]' passed (0.002 seconds).
Test Case '-[TopOptFlowsTests.PaintModeUITests testPaintStrokeAddsPaintedFaceToActiveGroup]' passed (0.002 seconds).
Test Case '-[TopOptFlowsTests.PaintModeUITests testPaintedAnchorMatchesTappedSelectionThroughReimport]' passed (0.003 seconds).
Test Case '-[TopOptFlowsTests.PaintModeUITests testShelfBracketBackFacePaintedAnchorMatchesTap]' passed (0.020 seconds).
Test Case '-[TopOptFlowsTests.PaintModeUITests testShelfBracketWrongFaceFailsPaintedEqualsTap]' passed (0.019 seconds).
Test Case '-[TopOptFlowsTests.PaintModeUITests testUndoRedoRevertsAndRestoresAStroke]' passed (0.003 seconds).
Test Case '-[TopOptFlowsTests.PaintModeUITests testUndoRevertsAFaceExtendingStrokeSelectionDidNotChange]' passed (0.612 seconds).
Test Case '-[TopOptFlowsTests.PaintTests testApplyAddOverridesEffectiveFaceIDs]' passed (0.001 seconds).
Test Case '-[TopOptFlowsTests.PaintTests testBrushCoversTrianglesUnderIt]' passed (0.001 seconds).
Test Case '-[TopOptFlowsTests.PaintTests testBrushFollowsTheSettledModel]' passed (0.001 seconds).
Test Case '-[TopOptFlowsTests.PaintTests testBrushFrontFaceCullSkipsBackSide]' passed (0.001 seconds).
Test Case '-[TopOptFlowsTests.PaintTests testDeterministicRegardlessOfStrokeOrder]' passed (0.001 seconds).
Test Case '-[TopOptFlowsTests.PaintTests testEraseEmptyingPaintedFaceRemovesItFromGroup]' passed (0.001 seconds).
Test Case '-[TopOptFlowsTests.PaintTests testEraseRevertsToNative]' passed (0.001 seconds).
Test Case '-[TopOptFlowsTests.PaintTests testExportRemapPacksPaintedIdsDensely]' passed (0.001 seconds).
Test Case '-[TopOptFlowsTests.PaintTests testHistoryIgnoresNoOpEdits]' passed (0.001 seconds).
Test Case '-[TopOptFlowsTests.PaintTests testHistoryUndoRedoAndRedoBranchDrop]' passed (0.001 seconds).
Test Case '-[TopOptFlowsTests.PaintTests testPaintedFaceSurvivesResolvedReimport]' passed (0.005 seconds).
Test Case '-[TopOptFlowsTests.PaintTests testReapplyingSameStrokeIsNoOp]' passed (0.001 seconds).
Test Case '-[TopOptFlowsTests.PaintTests testStrokeAddsToActiveGroupAndMintsOnePaintedFace]' passed (0.001 seconds).
Test Case '-[TopOptFlowsTests.PaintTests testTapPreviewResolvesFaceAndTriangles]' passed (0.001 seconds).
Test Case '-[TopOptFlowsTests.PaintTests testUndoRedoRestoreExactly]' passed (0.000 seconds).
Test Case '-[TopOptFlowsTests.PlaneExtentsEvidenceCaptureTests testCaptureBeforeAfter]' passed (0.033 seconds).
Test Case '-[TopOptFlowsTests.PlaneExtentsEvidenceCaptureTests testCaptureManualPlaneRowWithLengthWidthDepth]' passed (0.015 seconds).
Test Case '-[TopOptFlowsTests.PlaybackVideoTests testExportModelSucceeds]' passed (0.001 seconds).
Test Case '-[TopOptFlowsTests.PlaybackVideoTests testExportModelSurfacesFailures]' passed (0.002 seconds).
Test Case '-[TopOptFlowsTests.PlaybackVideoTests testExporterProducesAValidMP4]' passed (0.366 seconds).
Test Case '-[TopOptFlowsTests.PlaybackVideoTests testExporterRejectsEmptyKeyframes]' passed (0.001 seconds).
Test Case '-[TopOptFlowsTests.PrimitiveGizmoTests testFreeTranslateUsesTheViewFacingPlane]' passed (0.001 seconds).
Test Case '-[TopOptFlowsTests.PrimitiveGizmoTests testGrabRayIsIdentity]' passed (0.000 seconds).
Test Case '-[TopOptFlowsTests.PrimitiveGizmoTests testParallelRayLeavesThePrimitivePut]' passed (0.001 seconds).
Test Case '-[TopOptFlowsTests.PrimitiveGizmoTests testRingAngleIsSignedRightHanded]' passed (0.001 seconds).
Test Case '-[TopOptFlowsTests.PrimitiveGizmoTests testRotateHandleTurnsAxisAboutTheRing]' passed (0.001 seconds).
Test Case '-[TopOptFlowsTests.PrimitiveGizmoTests testRotateVectorAboutAxis]' passed (0.001 seconds).
Test Case '-[TopOptFlowsTests.PrimitiveGizmoTests testTranslateAlongAxisMovesOnlyOnThatAxis]' passed (0.002 seconds).
Test Case '-[TopOptFlowsTests.PrimitiveGizmoTests testTranslateInPlaneIgnoresTheNormalComponent]' passed (0.003 seconds).
Test Case '-[TopOptFlowsTests.PrintParamsTests testAllPresetsAlwaysLeadsWithBuiltInDefault]' passed (0.003 seconds).
Test Case '-[TopOptFlowsTests.PrintParamsTests testApplyPresetIsNoOpOnceLocked]' passed (0.013 seconds).
Test Case '-[TopOptFlowsTests.PrintParamsTests testApplyPresetLoadsValuesIntoOpenProject]' passed (0.009 seconds).
Test Case '-[TopOptFlowsTests.PrintParamsTests testClampLeavesValidValuesUntouched]' passed (0.002 seconds).
Test Case '-[TopOptFlowsTests.PrintParamsTests testClampLineWidthsToBounds]' passed (0.001 seconds).
Test Case '-[TopOptFlowsTests.PrintParamsTests testClampToSaneFDMBounds]' passed (0.001 seconds).
Test Case '-[TopOptFlowsTests.PrintParamsTests testClosePrintParamsClampsAndPersists]' passed (0.008 seconds).
Test Case '-[TopOptFlowsTests.PrintParamsTests testFDMDefaults]' passed (0.000 seconds).
Test Case '-[TopOptFlowsTests.PrintParamsTests testInfillIsPartOfRequestIdentity]' passed (0.001 seconds).
Test Case '-[TopOptFlowsTests.PrintParamsTests testInfillSliderValuePinsIntoTrack]' passed (0.000 seconds).
Test Case '-[TopOptFlowsTests.PrintParamsTests testLegacyPrintParamsJSONDecodesWidthsToDefault]' passed (0.000 seconds).
Test Case '-[TopOptFlowsTests.PrintParamsTests testLineWidthsArePartOfRequestIdentity]' passed (0.002 seconds).
Test Case '-[TopOptFlowsTests.PrintParamsTests testNewProjectStartsUnlockedThenLocksOnCreationSheetDone]' passed (0.011 seconds).
Test Case '-[TopOptFlowsTests.PrintParamsTests testOpenPrintParamsNoOpWithoutProject]' passed (0.002 seconds).
Test Case '-[TopOptFlowsTests.PrintParamsTests testOpeningRecentDoesNotAutoPresentSheet]' passed (0.028 seconds).
Test Case '-[TopOptFlowsTests.PrintParamsTests testPreParamsSnapshotDecodesToDefault]' passed (0.002 seconds).
Test Case '-[TopOptFlowsTests.PrintParamsTests testPresetButtonLabelTracksSelectionAndDirtiness]' passed (0.013 seconds).
Test Case '-[TopOptFlowsTests.PrintParamsTests testPresetSelectionResetsWhenAnotherProjectOpens]' passed (0.014 seconds).
Test Case '-[TopOptFlowsTests.PrintParamsTests testPresetStoreRoundTrip]' passed (0.002 seconds).
Test Case '-[TopOptFlowsTests.PrintParamsTests testPrintParamsCodableRoundTripCarriesWidths]' passed (0.001 seconds).
Test Case '-[TopOptFlowsTests.PrintParamsTests testPrintParamsSurviveAppRelaunch]' passed (0.017 seconds).
Test Case '-[TopOptFlowsTests.PrintParamsTests testRestoredProjectIsLocked]' passed (0.016 seconds).
Test Case '-[TopOptFlowsTests.PrintParamsTests testRunRequestCarriesInfillOverride]' passed (0.009 seconds).
Test Case '-[TopOptFlowsTests.PrintParamsTests testSavePresetIgnoresBlankName]' passed (0.001 seconds).
Test Case '-[TopOptFlowsTests.PrintParamsTests testSavePresetPersistsAppWideAcrossLaunches]' passed (0.002 seconds).
Test Case '-[TopOptFlowsTests.PrintParamsTests testSheetAutoPresentsAfterImport]' passed (0.007 seconds).
Test Case '-[TopOptFlowsTests.PrintParamsTests testSheetRoundTripThroughAutoPresentPersists]' passed (0.014 seconds).
Test Case '-[TopOptFlowsTests.PrintParamsTests testSlicerOverrideDropsLayerHeight]' passed (0.002 seconds).
Test Case '-[TopOptFlowsTests.PrintParamsTests testSnapshotCarriesPrintParams]' passed (0.002 seconds).
Test Case '-[TopOptFlowsTests.PrintParamsTests testStepperBoundsAgreeWithClamp]' passed (0.001 seconds).
Test Case '-[TopOptFlowsTests.PrintParamsTests testSteppingCountsClampToBounds]' passed (0.001 seconds).
Test Case '-[TopOptFlowsTests.PrintParamsTests testSteppingInfillClampsToRange]' passed (0.001 seconds).
Test Case '-[TopOptFlowsTests.PrintParamsTests testSteppingLayerHeightNudgesAndClamps]' passed (0.001 seconds).
Test Case '-[TopOptFlowsTests.PrintParamsTests testSteppingLineWidthsNudgeAndClamp]' passed (0.002 seconds).
Test Case '-[TopOptFlowsTests.ProjectModelTests testLegacyRecentWithoutLiveProjectOpensEmpty]' passed (0.002 seconds).
Test Case '-[TopOptFlowsTests.ProjectModelTests testLoadCaseAssemblesAnchorsAndLoads]' passed (0.009 seconds).
Test Case '-[TopOptFlowsTests.ProjectModelTests testMakeRunRequestCarriesLoadCaseAndFlag]' passed (0.009 seconds).
Test Case '-[TopOptFlowsTests.ProjectModelTests testMakeRunRequestReadsFromProject]' passed (0.012 seconds).
Test Case '-[TopOptFlowsTests.ProjectModelTests testMinimizePlasticPersistsAcrossReload]' passed (0.018 seconds).
Test Case '-[TopOptFlowsTests.ProjectModelTests testNewImportStartsAFreshEmptyProject]' passed (0.020 seconds).
Test Case '-[TopOptFlowsTests.ProjectModelTests testProjectBuildsViewerMeshFromImport]' passed (0.012 seconds).
Test Case '-[TopOptFlowsTests.ProjectModelTests testRenameAndMaterialChangeUpdateProjectAndRecents]' passed (0.010 seconds).
Test Case '-[TopOptFlowsTests.ProjectModelTests testWorkspaceStateSurvivesHomeAndBack]' passed (0.008 seconds).
Test Case '-[TopOptFlowsTests.ProjectStoreSidecarTests testQ1PaintedGroupsResolveToSameFacesAfterReopen]' passed (0.024 seconds).
Test Case '-[TopOptFlowsTests.ProjectStoreSidecarTests testQ2LegacyProjectWithoutSidecarOpensWithNamedWarning]' passed (0.015 seconds).
Test Case '-[TopOptFlowsTests.ProjectStoreSidecarTests testQ2WarningNilWhenEveryGroupResolves]' passed (0.002 seconds).
Test Case '-[TopOptFlowsTests.ProjectStoreSidecarTests testQ3RoundTripRunSimResolvesDeclaredLoad]' passed (0.816 seconds).
Test Case '-[TopOptFlowsTests.ProjectStoreSidecarTests testQ4BridgeRefusalNamesGroupAndReason]' passed (0.003 seconds).
Test Case '-[TopOptFlowsTests.ProjectStoreSidecarTests testQ6SaveSyncsSidecarsDeterministicallyAndDropsStaleOnes]' passed (0.011 seconds).
Test Case '-[TopOptFlowsTests.ProjectStoreTests testProjectSurvivesAppRelaunch]' passed (0.012 seconds).
Test Case '-[TopOptFlowsTests.ProjectStoreTests testSnapshotCodableRoundTrip]' passed (0.001 seconds).
Test Case '-[TopOptFlowsTests.ProjectStoreTests testStoreSavesSnapshotAndCopiesModel]' passed (0.002 seconds).
Test Case '-[TopOptFlowsTests.ProjectStoreTests testStoreSkipsNewerSchema]' passed (0.002 seconds).
Test Case '-[TopOptFlowsTests.ProjectStoreTests testUnknownRecentWithNoDiskOpensEmpty]' passed (0.001 seconds).
Test Case '-[TopOptFlowsTests.RemoteFieldsTests testEmptyContainerParses]' passed (0.001 seconds).
Test Case '-[TopOptFlowsTests.RemoteFieldsTests testRejectsTruncatedBuffer]' passed (0.001 seconds).
Test Case '-[TopOptFlowsTests.RemoteFieldsTests testRejectsUnknownVersion]' passed (0.001 seconds).
Test Case '-[TopOptFlowsTests.RemoteFieldsTests testRoundTripTwoVariants]' passed (0.001 seconds).
Test Case '-[TopOptFlowsTests.RemoteJobStoreMultiSlotTests testClearRemovesEverything]' passed (0.003 seconds).
Test Case '-[TopOptFlowsTests.RemoteJobStoreMultiSlotTests testDismissAllClearsListAndStore]' passed (0.005 seconds).
Test Case '-[TopOptFlowsTests.RemoteJobStoreMultiSlotTests testDismissOneJobLeavesTheOthersOnAppModel]' passed (0.004 seconds).
Test Case '-[TopOptFlowsTests.RemoteJobStoreMultiSlotTests testLegacyMergesWithExistingMultiSlot]' passed (0.004 seconds).
Test Case '-[TopOptFlowsTests.RemoteJobStoreMultiSlotTests testLegacySingleSlotMigratesOnDecode]' passed (0.004 seconds).
Test Case '-[TopOptFlowsTests.RemoteJobStoreMultiSlotTests testRelaunchedAppSurfacesAllOutstandingJobs]' passed (0.005 seconds).
Test Case '-[TopOptFlowsTests.RemoteJobStoreMultiSlotTests testRemoveOneLeavesTheOthers]' passed (0.005 seconds).
Test Case '-[TopOptFlowsTests.RemoteJobStoreMultiSlotTests testSaveSameJobIDUpsertsInPlace]' passed (0.003 seconds).
Test Case '-[TopOptFlowsTests.RemoteJobStoreMultiSlotTests testSecondSubmitDoesNotOverwriteFirst]' passed (0.003 seconds).
Test Case '-[TopOptFlowsTests.RemoteJobStoreMultiSlotTests testTwoJobsRoundTripNewestLast]' passed (0.004 seconds).
Test Case '-[TopOptFlowsTests.RemoteLivenessUnitTests testConfigHasNoWallClockCeiling]' passed (0.002 seconds).
Test Case '-[TopOptFlowsTests.RemoteLivenessUnitTests testFreshnessNoteAppearsOnceStale]' passed (0.001 seconds).
Test Case '-[TopOptFlowsTests.RemoteLivenessUnitTests testFreshnessNoteHiddenWhileFresh]' passed (0.001 seconds).
Test Case '-[TopOptFlowsTests.RemoteLivenessUnitTests testFreshnessNoteNilWithoutABaseline]' passed (0.000 seconds).
Test Case '-[TopOptFlowsTests.RemoteLivenessUnitTests testFreshnessScalesWithHeartbeat]' passed (0.000 seconds).
Test Case '-[TopOptFlowsTests.RemoteLivenessUnitTests testJobStoreOverwriteAndClear]' passed (0.011 seconds).
Test Case '-[TopOptFlowsTests.RemoteLivenessUnitTests testJobStoreRoundTrips]' passed (0.003 seconds).
Test Case '-[TopOptFlowsTests.RemoteLongStreamMemoryTests testPartialFrameIsBufferedThenParsedNotLeaked]' passed (0.010 seconds).
Test Case '-[TopOptFlowsTests.RemoteLongStreamMemoryTests testReconnectReplayIsDedupedAndAddsNoRetention]' passed (0.065 seconds).
Test Case '-[TopOptFlowsTests.RemoteLongStreamMemoryTests testResidentFootprintReaderReturnsALiveValue]' passed (0.001 seconds).
Test Case '-[TopOptFlowsTests.RemoteLongStreamMemoryTests testThousandsOfProgressEventsRetainOnlyABoundedHighWaterMark]' passed (0.044 seconds).
Test Case '-[TopOptFlowsTests.ResultsExportTests testCanExportWithMesh]' passed (0.001 seconds).
Test Case '-[TopOptFlowsTests.ResultsExportTests testCannotExportWithoutMesh]' passed (0.000 seconds).
Test Case '-[TopOptFlowsTests.ResultsExportTests testExportFilenameFormat]' passed (0.000 seconds).
Test Case '-[TopOptFlowsTests.ResultsExportTests testExportFilenameSanitizesNames]' passed (0.000 seconds).
Test Case '-[TopOptFlowsTests.ResultsExportTests testExportSTLDataIsValidBinarySTL]' passed (0.001 seconds).
Test Case '-[TopOptFlowsTests.ResultsExportTests testFileTokenFallsBackWhenEmpty]' passed (0.000 seconds).
Test Case '-[TopOptFlowsTests.ResultsExportTests testMassComparisonNilWithoutDensity]' passed (0.001 seconds).
Test Case '-[TopOptFlowsTests.ResultsExportTests testMassComparisonShowsBothWhenDiverging]' passed (0.001 seconds).
Test Case '-[TopOptFlowsTests.ResultsExportTests testMassComparisonSingleNumberWhenAgreeing]' passed (0.001 seconds).
Test Case '-[TopOptFlowsTests.ResultsExportTests testNonWatertightMeshMassIsEstimate]' passed (0.001 seconds).
Test Case '-[TopOptFlowsTests.ResultsExportTests testRemoteVariantExportsIdentically]' passed (0.001 seconds).
Test Case '-[TopOptFlowsTests.ResultsExportTests testRemoteVariantWithFetchedFieldsShowsVoxelEstimate]' passed (0.001 seconds).
Test Case '-[TopOptFlowsTests.ResultsExportTests testRemoteVariantWithoutFieldsHasNoVoxelEstimate]' passed (0.005 seconds).
Test Case '-[TopOptFlowsTests.ResultsModelTests testAdvanceFlexWrapsAndIsNoOpWhenOff]' passed (0.000 seconds).
Test Case '-[TopOptFlowsTests.ResultsModelTests testClearanceNotesFormatting]' passed (0.001 seconds).
Test Case '-[TopOptFlowsTests.ResultsModelTests testClearanceNotesSurfacedOnResultsModel]' passed (0.001 seconds).
Test Case '-[TopOptFlowsTests.ResultsModelTests testDefaultSelectedIsRecommendedLightest]' passed (0.005 seconds).
Test Case '-[TopOptFlowsTests.ResultsModelTests testDefaultSelectedIsZeroWhenSingle]' passed (0.001 seconds).
Test Case '-[TopOptFlowsTests.ResultsModelTests testDisplacementFieldEmptyRaggedAndOutOfRange]' passed (0.001 seconds).
Test Case '-[TopOptFlowsTests.ResultsModelTests testDisplacementFieldSamplesNearestNode]' passed (0.001 seconds).
Test Case '-[TopOptFlowsTests.ResultsModelTests testFailureIsOneInfillAdjustedValue]' passed (0.001 seconds).
Test Case '-[TopOptFlowsTests.ResultsModelTests testFailureLoadInEachUnit]' passed (0.001 seconds).
Test Case '-[TopOptFlowsTests.ResultsModelTests testFailureLoadLabelFormatting]' passed (0.000 seconds).
Test Case '-[TopOptFlowsTests.ResultsModelTests testFailureMultiplierAndLoadFromPeakYieldAndAppliedLoad]' passed (0.001 seconds).
Test Case '-[TopOptFlowsTests.ResultsModelTests testFailureMultiplierGuards]' passed (0.001 seconds).
Test Case '-[TopOptFlowsTests.ResultsModelTests testFailureMutuallyExclusiveWithFlexAndLoadPath]' passed (0.001 seconds).
Test Case '-[TopOptFlowsTests.ResultsModelTests testFailurePredictionCachedPerSelection]' passed (0.001 seconds).
Test Case '-[TopOptFlowsTests.ResultsModelTests testFailurePredictionNilOnMissingInputs]' passed (0.002 seconds).
Test Case '-[TopOptFlowsTests.ResultsModelTests testFailureSolidHasNoInfillSuffixAndFullStrength]' passed (0.001 seconds).
Test Case '-[TopOptFlowsTests.ResultsModelTests testFlexAmplitudeAndScaleWithReduceMotion]' passed (0.001 seconds).
Test Case '-[TopOptFlowsTests.ResultsModelTests testFlexAmplitudeIsRestFullRest]' passed (0.001 seconds).
Test Case '-[TopOptFlowsTests.ResultsModelTests testFlexDisplacedPositionScalesLinearly]' passed (0.001 seconds).
Test Case '-[TopOptFlowsTests.ResultsModelTests testFlexDisplacementsBufferRestAndFullFrames]' passed (0.000 seconds).
Test Case '-[TopOptFlowsTests.ResultsModelTests testFlexExaggerationClampAndDefaultInBand]' passed (0.000 seconds).
Test Case '-[TopOptFlowsTests.ResultsModelTests testFlexLoopFlushesPeakVoxelToRedAtFullDeflection]' passed (0.002 seconds).
Test Case '-[TopOptFlowsTests.ResultsModelTests testFlexToggleResetsPhaseAndClampsExaggeration]' passed (0.003 seconds).
Test Case '-[TopOptFlowsTests.ResultsModelTests testHasFlexReflectsDisplacementField]' passed (0.001 seconds).
Test Case '-[TopOptFlowsTests.ResultsModelTests testHistoryPlaybackSelectsKeyframes]' passed (0.001 seconds).
Test Case '-[TopOptFlowsTests.ResultsModelTests testHotSpotMarginAtOrAboveYield]' passed (0.001 seconds).
Test Case '-[TopOptFlowsTests.ResultsModelTests testHotSpotNilWithoutStressField]' passed (0.000 seconds).
Test Case '-[TopOptFlowsTests.ResultsModelTests testHotSpotTracksSelectedVariant]' passed (0.001 seconds).
Test Case '-[TopOptFlowsTests.ResultsModelTests testHotSpotValueAndMarginAgainstYield]' passed (0.001 seconds).
Test Case '-[TopOptFlowsTests.ResultsModelTests testHotSpotWithoutMaterialYield]' passed (0.001 seconds).
Test Case '-[TopOptFlowsTests.ResultsModelTests testInfillKnockdownMatchesCoreCurve]' passed (0.001 seconds).
Test Case '-[TopOptFlowsTests.ResultsModelTests testInfillKnocksDownEveryDisplayedStrengthFigureConsistently]' passed (0.000 seconds).
Test Case '-[TopOptFlowsTests.ResultsModelTests testInfillKnocksDownLayerShearClassification]' passed (0.001 seconds).
Test Case '-[TopOptFlowsTests.ResultsModelTests testInfillWeakensFailureLoadVsSolid]' passed (0.001 seconds).
Test Case '-[TopOptFlowsTests.ResultsModelTests testKeyframeIndexMapping]' passed (0.000 seconds).
Test Case '-[TopOptFlowsTests.ResultsModelTests testLayerShearClassification]' passed (0.001 seconds).
Test Case '-[TopOptFlowsTests.ResultsModelTests testMassLabelFormatting]' passed (0.000 seconds).
Test Case '-[TopOptFlowsTests.ResultsModelTests testOnlyAcceptedVariantsBecomeTabs]' passed (0.001 seconds).
Test Case '-[TopOptFlowsTests.ResultsModelTests testOrientationSummaryOmitsPrintTime]' passed (0.005 seconds).
Test Case '-[TopOptFlowsTests.ResultsModelTests testPeakToRedMultiplierKeyedToYieldEqualsFailureMultiple]' passed (0.002 seconds).
Test Case '-[TopOptFlowsTests.ResultsModelTests testPositiveMassStillFormats]' passed (0.003 seconds).
Test Case '-[TopOptFlowsTests.ResultsModelTests testPushDegradesGracefullyWithoutDisplacementField]' passed (0.002 seconds).
Test Case '-[TopOptFlowsTests.ResultsModelTests testPushExaggerationProportionalAndBounded]' passed (0.002 seconds).
Test Case '-[TopOptFlowsTests.ResultsModelTests testPushReadoutReadsNaturallyAndFlipsAtYield]' passed (0.001 seconds).
Test Case '-[TopOptFlowsTests.ResultsModelTests testPushScrubClampAtFailureAndScale]' passed (0.001 seconds).
Test Case '-[TopOptFlowsTests.ResultsModelTests testPushScrubSweepMonotonicDeflectionAndYieldTrigger]' passed (0.001 seconds).
Test Case '-[TopOptFlowsTests.ResultsModelTests testSavingsAndMassLabels]' passed (0.001 seconds).
Test Case '-[TopOptFlowsTests.ResultsModelTests testScrubClamps]' passed (0.002 seconds).
Test Case '-[TopOptFlowsTests.ResultsModelTests testSelectResetsScrubAndClampsRange]' passed (0.001 seconds).
Test Case '-[TopOptFlowsTests.ResultsModelTests testSelectedMeshAndFieldFromVariant]' passed (0.001 seconds).
Test Case '-[TopOptFlowsTests.ResultsModelTests testShowsHistoryMorphIgnoresStressToggle]' passed (0.001 seconds).
Test Case '-[TopOptFlowsTests.ResultsModelTests testSolidProjectLeavesPhysicsFiguresUnknockedDown]' passed (0.001 seconds).
Test Case '-[TopOptFlowsTests.ResultsModelTests testStressColorClamps]' passed (0.001 seconds).
Test Case '-[TopOptFlowsTests.ResultsModelTests testStressColorMultiplierDefaultsToOne]' passed (0.001 seconds).
Test Case '-[TopOptFlowsTests.ResultsModelTests testStressColorMultiplierFollowsFailurePush]' passed (0.000 seconds).
Test Case '-[TopOptFlowsTests.ResultsModelTests testStressColorMultiplierFollowsFlexAmplitude]' passed (0.007 seconds).
Test Case '-[TopOptFlowsTests.ResultsModelTests testStressColorRampEndpointsAndMidpoint]' passed (0.001 seconds).
Test Case '-[TopOptFlowsTests.ResultsModelTests testStressFieldEmptyIsZero]' passed (0.002 seconds).
Test Case '-[TopOptFlowsTests.ResultsModelTests testStressFieldPeakArgmaxAndPosition]' passed (0.001 seconds).
Test Case '-[TopOptFlowsTests.ResultsModelTests testStressFieldPeakLocatesInteriorMaxWithOriginAndSpacing]' passed (0.001 seconds).
Test Case '-[TopOptFlowsTests.ResultsModelTests testStressFieldPeakNilWhenEmptyOrAllZero]' passed (0.001 seconds).
Test Case '-[TopOptFlowsTests.ResultsModelTests testStressFieldSamplingMatchesGridIndex]' passed (0.004 seconds).
Test Case '-[TopOptFlowsTests.ResultsModelTests testStressFractionMonotonicAndClampedAgainstYield]' passed (0.002 seconds).
Test Case '-[TopOptFlowsTests.ResultsModelTests testStressLegendFallsBackWhenNoMaterialYield]' passed (0.000 seconds).
Test Case '-[TopOptFlowsTests.ResultsModelTests testStressLegendStatesMaterialAndYield]' passed (0.001 seconds).
Test Case '-[TopOptFlowsTests.ResultsModelTests testStressScaleKeyedToMaterialYieldNotDataRange]' passed (0.001 seconds).
Test Case '-[TopOptFlowsTests.ResultsModelTests testStressScaleUnchangedBySelectionAndStreaming]' passed (0.008 seconds).
Test Case '-[TopOptFlowsTests.ResultsModelTests testStressSharedScaleAcrossVariants]' passed (0.002 seconds).
Test Case '-[TopOptFlowsTests.ResultsModelTests testStressTintsPerFlatVertexColored]' passed (0.001 seconds).
Test Case '-[TopOptFlowsTests.ResultsModelTests testStressTintsScaleWithMultiplier]' passed (0.000 seconds).
Test Case '-[TopOptFlowsTests.ResultsModelTests testStressYieldBoundaryMapsToRedAndZeroToBlue]' passed (0.001 seconds).
Test Case '-[TopOptFlowsTests.ResultsModelTests testSupportEstimateCm3]' passed (0.001 seconds).
Test Case '-[TopOptFlowsTests.ResultsModelTests testTiltedOrientation]' passed (0.000 seconds).
Test Case '-[TopOptFlowsTests.ResultsModelTests testTogglePlayRestartsFromEnd]' passed (0.001 seconds).
Test Case '-[TopOptFlowsTests.ResultsModelTests testToggleStress]' passed (0.000 seconds).
Test Case '-[TopOptFlowsTests.ResultsModelTests testUpdateAppendsStreamedVariantsAndFollowsRecommendation]' passed (0.001 seconds).
Test Case '-[TopOptFlowsTests.ResultsModelTests testUprightOrientation]' passed (0.005 seconds).
Test Case '-[TopOptFlowsTests.ResultsModelTests testZeroMassRendersNAneverZeroGrams]' passed (0.001 seconds).
Test Case '-[TopOptFlowsTests.ResultsModelTests testZeroSupportReadsMinimal]' passed (0.001 seconds).
Test Case '-[TopOptFlowsTests.ResultsRemoteFieldsTests testLocalOutcomeUnchanged]' passed (0.001 seconds).
Test Case '-[TopOptFlowsTests.ResultsRemoteFieldsTests testRemoteFieldsSurvivePersistRoundTrip]' passed (0.001 seconds).
Test Case '-[TopOptFlowsTests.ResultsRemoteFieldsTests testRemoteHonestySurvivesPersistRoundTrip]' passed (0.001 seconds).
Test Case '-[TopOptFlowsTests.ResultsRemoteFieldsTests testRemoteMarksUnavailableFields]' passed (0.001 seconds).
Test Case '-[TopOptFlowsTests.ResultsRemoteFieldsTests testRemotePartialFetchKeepsNoteForMissingFields]' passed (0.001 seconds).
Test Case '-[TopOptFlowsTests.ResultsRemoteFieldsTests testRemoteWithFieldsLightsUpOverlays]' passed (0.001 seconds).
Test Case '-[TopOptFlowsTests.RibbonRotationTests testOwnAxisRibbonIsANoOpByConstruction]' passed (0.001 seconds).
Test Case '-[TopOptFlowsTests.RibbonRotationTests testRotatedOrientationSurvivesSerialization]' passed (0.001 seconds).
Test Case '-[TopOptFlowsTests.RibbonRotationTests testRotationStillSnapsToADifferentAxis]' passed (0.001 seconds).
Test Case '-[TopOptFlowsTests.RibbonRotationTests testSmallRibbonDragChangesStoredOrientation]' passed (0.001 seconds).
Test Case '-[TopOptFlowsTests.RibbonRotationTests testTiltingRibbonsRotateBoltAndFace]' passed (0.001 seconds).
Test Case '-[TopOptFlowsTests.RibbonRotationTests testTranslateHandleStillMovesCentreNotAxis]' passed (0.001 seconds).
Test Case '-[TopOptFlowsTests.Round6EvidenceCaptureTests testCaptureGizmoRotationDirection]' passed (0.056 seconds).
Test Case '-[TopOptFlowsTests.Round6EvidenceCaptureTests testCapturePanelRowBeforeAfter]' passed (0.032 seconds).
Test Case '-[TopOptFlowsTests.Round6EvidenceCaptureTests testCaptureViewportChipBeforeAfter]' passed (0.025 seconds).
Test Case '-[TopOptFlowsTests.RunDurationTests testAStreamedPartialDoesNotEraseTheDuration]' passed (0.002 seconds).
Test Case '-[TopOptFlowsTests.RunDurationTests testAnchorRejectsAFutureStart]' passed (0.002 seconds).
Test Case '-[TopOptFlowsTests.RunDurationTests testClockFormatsAcrossMagnitudes]' passed (0.001 seconds).
Test Case '-[TopOptFlowsTests.RunDurationTests testDurationSurvivesThePersistRoundTrip]' passed (0.002 seconds).
Test Case '-[TopOptFlowsTests.RunDurationTests testFromWorkerUsesFinishedMinusStarted]' passed (0.001 seconds).
Test Case '-[TopOptFlowsTests.RunDurationTests testFromWorkerWithoutAFinishHasNoDuration]' passed (0.002 seconds).
Test Case '-[TopOptFlowsTests.RunDurationTests testFromWorkerWithoutAStartAttributesTheWholeSpanToTheSolve]' passed (0.001 seconds).
Test Case '-[TopOptFlowsTests.RunDurationTests testLocalRunStampsItsMeasuredDuration]' passed (0.001 seconds).
Test Case '-[TopOptFlowsTests.RunDurationTests testNegativeSpansClampRatherThanRenderNonsense]' passed (0.001 seconds).
Test Case '-[TopOptFlowsTests.RunDurationTests testPre134BlobDecodesWithNoDuration]' passed (0.002 seconds).
Test Case '-[TopOptFlowsTests.RunDurationTests testReattachAnchorsTheElapsedClockToWhenTheRunBegan]' passed (0.000 seconds).
Test Case '-[TopOptFlowsTests.RunDurationTests testRemoteRunCarriesTheWorkersDurationUnchanged]' passed (0.010 seconds).
Test Case '-[TopOptFlowsTests.RunDurationTests testRemoteRunWithoutAWorkerRecordShowsNoDurationAtAll]' passed (0.002 seconds).
Test Case '-[TopOptFlowsTests.RunDurationTests testResultsModelShowsNoDurationWhenTheRunRecordedNone]' passed (0.002 seconds).
Test Case '-[TopOptFlowsTests.RunDurationTests testResultsModelShowsTheRecordedDuration]' passed (0.000 seconds).
Test Case '-[TopOptFlowsTests.RunDurationTests testSummaryNamesTheSolveAndOnlyARealQueueWait]' passed (0.000 seconds).
Test Case '-[TopOptFlowsTests.RunModelTests testAllRejectedOnMarginIsAFailureSheetWithNumbers]' passed (0.001 seconds).
Test Case '-[TopOptFlowsTests.RunModelTests testCancelBeforeAnyVariantStillDiscardsCleanly]' passed (0.001 seconds).
Test Case '-[TopOptFlowsTests.RunModelTests testCancelStopsTheCallbackAndYieldsCancelledPhase]' passed (0.009 seconds).
Test Case '-[TopOptFlowsTests.RunModelTests testCancelledRemoteRunDoesNotNotify]' passed (0.001 seconds).
Test Case '-[TopOptFlowsTests.RunModelTests testDismissFailureReturnsToIdle]' passed (0.001 seconds).
Test Case '-[TopOptFlowsTests.RunModelTests testDismissingAStallCancelsTheBackgroundRun]' passed (0.001 seconds).
Test Case '-[TopOptFlowsTests.RunModelTests testETAcountsDownAsARungProgresses]' passed (0.000 seconds).
Test Case '-[TopOptFlowsTests.RunModelTests testETAisNilDuringWarmup]' passed (0.000 seconds).
Test Case '-[TopOptFlowsTests.RunModelTests testETAisUpperBoundBeforeFirstRungCompletes]' passed (0.001 seconds).
Test Case '-[TopOptFlowsTests.RunModelTests testETAplateauEarlyIsBoundedByTheUpperEstimate]' passed (0.000 seconds).
Test Case '-[TopOptFlowsTests.RunModelTests testETAsurvivesAReconnectGap]' passed (0.002 seconds).
Test Case '-[TopOptFlowsTests.RunModelTests testETAswitchesToApproximateAfterARungCompletes]' passed (0.002 seconds).
Test Case '-[TopOptFlowsTests.RunModelTests testETAtracksASlowerRung]' passed (0.001 seconds).
Test Case '-[TopOptFlowsTests.RunModelTests testFailureMessages]' passed (0.001 seconds).
Test Case '-[TopOptFlowsTests.RunModelTests testForegroundRemoteCompletionNotifies]' passed (0.005 seconds).
Test Case '-[TopOptFlowsTests.RunModelTests testForegroundRunDoesNotNotify]' passed (0.002 seconds).
Test Case '-[TopOptFlowsTests.RunModelTests testFractionMonotoneWithinAndAcrossRungs]' passed (0.001 seconds).
Test Case '-[TopOptFlowsTests.RunModelTests testFractionNeverReachesOne]' passed (0.002 seconds).
Test Case '-[TopOptFlowsTests.RunModelTests testFractionZeroBeforeFirstIteration]' passed (0.001 seconds).
Test Case '-[TopOptFlowsTests.RunModelTests testGateDiagnosisDecodesTheCoreDocument]' passed (0.001 seconds).
Test Case '-[TopOptFlowsTests.RunModelTests testKeepWaitingReArmsTheGuardAndResumes]' passed (0.001 seconds).
Test Case '-[TopOptFlowsTests.RunModelTests testLateReturnFromAStalledRunIsDroppedForTheNewRun]' passed (0.009 seconds).
Test Case '-[TopOptFlowsTests.RunModelTests testLocalRunArmsTheLocalWatchdog]' passed (0.000 seconds).
Test Case '-[TopOptFlowsTests.RunModelTests testMinFeatureViolationsDoNotBlockAcceptance]' passed (0.001 seconds).
Test Case '-[TopOptFlowsTests.RunModelTests testMinimizedFailureIsRestoredSoTheSheetShows]' passed (0.001 seconds).
Test Case '-[TopOptFlowsTests.RunModelTests testMotivatingRunDialogNamesBothMarginsAndTheRealFix]' passed (0.002 seconds).
Test Case '-[TopOptFlowsTests.RunModelTests testNoSettingFixesThisIsStatedPlainly]' passed (0.001 seconds).
Test Case '-[TopOptFlowsTests.RunModelTests testProductionMultigridPathTerminatesAndReportsProgress]' passed (60.439 seconds).
Test Case '-[TopOptFlowsTests.RunModelTests testProgressClampsDegenerateInputs]' passed (0.001 seconds).
Test Case '-[TopOptFlowsTests.RunModelTests testProgressPublishedFromCallback]' passed (0.001 seconds).
Test Case '-[TopOptFlowsTests.RunModelTests testRealMinimizePlasticRunReachesTerminalPhase]' passed (6.955 seconds).
Test Case '-[TopOptFlowsTests.RunModelTests testRemainingEstimateCountsDownWithinARung]' passed (0.001 seconds).
Test Case '-[TopOptFlowsTests.RunModelTests testRemainingEstimateNilUntilFirstRungCompletes]' passed (0.000 seconds).
Test Case '-[TopOptFlowsTests.RunModelTests testRemainingEstimateNonNegativeWhenCurrentRungRunsLong]' passed (0.000 seconds).
Test Case '-[TopOptFlowsTests.RunModelTests testRemainingEstimateProjectsFromCompletedRungs]' passed (0.000 seconds).
Test Case '-[TopOptFlowsTests.RunModelTests testRemoteRunDoesNotArmTheLocalWatchdog]' passed (0.001 seconds).
Test Case '-[TopOptFlowsTests.RunModelTests testRestoreReopensAMinimizedRun]' passed (0.001 seconds).
Test Case '-[TopOptFlowsTests.RunModelTests testRunInBackgroundMinimizesAndNotifiesOnCompletion]' passed (0.001 seconds).
Test Case '-[TopOptFlowsTests.RunModelTests testRunRequestIsStepModel]' passed (0.001 seconds).
Test Case '-[TopOptFlowsTests.RunModelTests testRungFractionIsDiscreteAndFlatWithinARung]' passed (0.001 seconds).
Test Case '-[TopOptFlowsTests.RunModelTests testSetupStallBecomesAFailureSheet]' passed (0.001 seconds).
Test Case '-[TopOptFlowsTests.RunModelTests testSetupStallWithDesignBoxNamesTheBox]' passed (0.001 seconds).
Test Case '-[TopOptFlowsTests.RunModelTests testSeveredLoadPathIsNotReportedAsAMarginNumber]' passed (0.001 seconds).
Test Case '-[TopOptFlowsTests.RunModelTests testSolverThrowIsAFailureSheetWithDiagnostic]' passed (0.001 seconds).
Test Case '-[TopOptFlowsTests.RunModelTests testStageLabelSingleVsMultiRung]' passed (0.001 seconds).
Test Case '-[TopOptFlowsTests.RunModelTests testStartIsNoOpWhileRunning]' passed (0.001 seconds).
Test Case '-[TopOptFlowsTests.RunModelTests testStartSetsStartedAtAndResetClearsIt]' passed (0.001 seconds).
Test Case '-[TopOptFlowsTests.RunModelTests testStreamedAcceptedVariantSurvivesLeavingAnInFlightRun]' passed (0.001 seconds).
Test Case '-[TopOptFlowsTests.RunModelTests testStreamedVariantsAppearBeforeFinish]' passed (0.001 seconds).
Test Case '-[TopOptFlowsTests.RunModelTests testSuccessStoresOutcomeAndClearsProgress]' passed (0.001 seconds).
Test Case '-[TopOptFlowsTests.RunModelTests testWatchdogDisarmsOnFirstProgress]' passed (0.001 seconds).
Test Case '-[TopOptFlowsTests.SelectionModelTests testAddGroupAutoNamesAndColours]' passed (0.000 seconds).
Test Case '-[TopOptFlowsTests.SelectionModelTests testClearActiveDeselectsAndDropsEmptyGroups]' passed (0.003 seconds).
Test Case '-[TopOptFlowsTests.SelectionModelTests testColourAndGroupForFace]' passed (0.001 seconds).
Test Case '-[TopOptFlowsTests.SelectionModelTests testColoursCycleThroughPalette]' passed (0.001 seconds).
Test Case '-[TopOptFlowsTests.SelectionModelTests testDeselectSubset]' passed (0.001 seconds).
Test Case '-[TopOptFlowsTests.SelectionModelTests testEmptyInitially]' passed (0.000 seconds).
Test Case '-[TopOptFlowsTests.SelectionModelTests testFaceToGroupMap]' passed (0.000 seconds).
Test Case '-[TopOptFlowsTests.SelectionModelTests testNamesWrapAfterZ]' passed (0.000 seconds).
Test Case '-[TopOptFlowsTests.SelectionModelTests testPickAddsAndDedups]' passed (0.001 seconds).
Test Case '-[TopOptFlowsTests.SelectionModelTests testPickEmptyIsNoOp]' passed (0.000 seconds).
Test Case '-[TopOptFlowsTests.SelectionModelTests testPickWithNoActiveCreatesGroup]' passed (0.000 seconds).
Test Case '-[TopOptFlowsTests.SelectionModelTests testRemoveActiveClearsActive]' passed (0.001 seconds).
Test Case '-[TopOptFlowsTests.SelectionModelTests testRemoveNonActiveKeepsActive]' passed (0.000 seconds).
Test Case '-[TopOptFlowsTests.SelectionModelTests testRename]' passed (0.000 seconds).
Test Case '-[TopOptFlowsTests.SelectionModelTests testSetActive]' passed (0.001 seconds).
Test Case '-[TopOptFlowsTests.SelectionModelTests testStealEmptyingOtherGroupRemovesIt]' passed (0.000 seconds).
Test Case '-[TopOptFlowsTests.SelectionModelTests testStealMovesFaceBetweenGroups]' passed (0.000 seconds).
Test Case '-[TopOptFlowsTests.SelectionModelTests testTapAgainDeselects]' passed (0.001 seconds).
Test Case '-[TopOptFlowsTests.SelectionTaggingTests testEmptyGroupMakesNoCalls]' passed (0.001 seconds).
Test Case '-[TopOptFlowsTests.SelectionTaggingTests testFixtureAndLoadTagWithRightFaceIDs]' passed (0.001 seconds).
Test Case '-[TopOptFlowsTests.SelectionTaggingTests testFrozenGroupMasksInsteadOfThrowing]' passed (0.001 seconds).
Test Case '-[TopOptFlowsTests.SmoothingModelTests testCertifiedExposesOnlySmoothedNumbers]' passed (0.003 seconds).
Test Case '-[TopOptFlowsTests.SmoothingModelTests testDriftLineFlagsExceedingTheBound]' passed (0.001 seconds).
Test Case '-[TopOptFlowsTests.SmoothingModelTests testDriftLineUnderBoundIsPlain]' passed (0.001 seconds).
Test Case '-[TopOptFlowsTests.SmoothingModelTests testHardFailureSurfacesMessageAndNoNumbers]' passed (0.001 seconds).
Test Case '-[TopOptFlowsTests.SmoothingModelTests testIdleExposesNoNumbers]' passed (0.001 seconds).
Test Case '-[TopOptFlowsTests.SmoothingModelTests testNonConvergentBecomesCouldNotCertifyWithNoNumbers]' passed (0.001 seconds).
Test Case '-[TopOptFlowsTests.SmoothingModelTests testPillTextIsStable]' passed (0.001 seconds).
Test Case '-[TopOptFlowsTests.SmoothingModelTests testQuantizationInfoDisclosesTheVoxelGap]' passed (0.001 seconds).
Test Case '-[TopOptFlowsTests.SmoothingModelTests testResetClearsTheReceipt]' passed (0.001 seconds).
Test Case '-[TopOptFlowsTests.SmoothingModelTests testStrengthZeroDisablesApply]' passed (0.000 seconds).
Test Case '-[TopOptFlowsTests.SmoothingModelTests testWeakenedBelowGateReportsRejectedNotAccepted]' passed (0.001 seconds).
Test Case '-[TopOptFlowsTests.SmoothingPageTests testAHardFailureIsAlsoAStateAndNeverACrash]' passed (0.001 seconds).
Test Case '-[TopOptFlowsTests.SmoothingPageTests testALatticedRunIsNotOfferedSmoothing]' passed (0.001 seconds).
Test Case '-[TopOptFlowsTests.SmoothingPageTests testANonConvergentSmoothingIsNeverKeepable]' passed (0.001 seconds).
Test Case '-[TopOptFlowsTests.SmoothingPageTests testARunThatKeptNoJobIsRefusedRatherThanFallingBack]' passed (0.001 seconds).
Test Case '-[TopOptFlowsTests.SmoothingPageTests testASelfWeightRunIsRefusedWithItsOwnReason]' passed (0.001 seconds).
Test Case '-[TopOptFlowsTests.SmoothingPageTests testASmoothedVariantGoesToTheLatticePageOnItsSmoothedGeometry]' passed (0.001 seconds).
Test Case '-[TopOptFlowsTests.SmoothingPageTests testAVerdictDropIsNamedAsSuch]' passed (0.001 seconds).
Test Case '-[TopOptFlowsTests.SmoothingPageTests testAllThreePagesReadTheSharedChromeTokens]' passed (0.015 seconds).
Test Case '-[TopOptFlowsTests.SmoothingPageTests testAnUncertifiableBaselineIsNamedAsItsOwnFailure]' passed (0.001 seconds).
Test Case '-[TopOptFlowsTests.SmoothingPageTests testBothColumnsComeFromTheCertificationEngine]' passed (0.001 seconds).
Test Case '-[TopOptFlowsTests.SmoothingPageTests testBrushIsInertUntilCoreHasAnsweredWhatIsFrozen]' passed (0.001 seconds).
Test Case '-[TopOptFlowsTests.SmoothingPageTests testBrushRefusesATriangleWhoseEveryVertexIsFrozen]' passed (0.001 seconds).
Test Case '-[TopOptFlowsTests.SmoothingPageTests testBrushStrokesAreExactlyInvertible]' passed (0.000 seconds).
Test Case '-[TopOptFlowsTests.SmoothingPageTests testChromeGeometryIsOneSharedConstantSet]' passed (0.001 seconds).
Test Case '-[TopOptFlowsTests.SmoothingPageTests testDiscardReturnsTheOriginalVariantBitIdentically]' passed (0.001 seconds).
Test Case '-[TopOptFlowsTests.SmoothingPageTests testEveryDisabledActionStatesItsReason]' passed (0.001 seconds).
Test Case '-[TopOptFlowsTests.SmoothingPageTests testFrozenVerticesAreTintedBeforeAnythingIsPainted]' passed (0.001 seconds).
Test Case '-[TopOptFlowsTests.SmoothingPageTests testFrozenVerticesNeverReceiveAWeightEvenWhenPaintedOver]' passed (0.001 seconds).
Test Case '-[TopOptFlowsTests.SmoothingPageTests testLoadCaseIsReadFromTheRetainedJobDocument]' passed (0.001 seconds).
Test Case '-[TopOptFlowsTests.SmoothingPageTests testMinFeatureIsReportedBothWays]' passed (0.001 seconds).
Test Case '-[TopOptFlowsTests.SmoothingPageTests testNonConvergenceIsLegibleAndTheOldReceiptIsMarkedStale]' passed (0.001 seconds).
Test Case '-[TopOptFlowsTests.SmoothingPageTests testNothingSmoothedMeansTheStageShowsTheOriginal]' passed (0.001 seconds).
Test Case '-[TopOptFlowsTests.SmoothingPageTests testPaintedRegionsTintByTheirOwnStrengthAndFrozenStillWins]' passed (0.000 seconds).
Test Case '-[TopOptFlowsTests.SmoothingPageTests testSendToLatticeIsGatedOnAKeptSmoothing]' passed (0.001 seconds).
Test Case '-[TopOptFlowsTests.SmoothingPageTests testStrengthIsPerRegionAndTheStrongestRegionWins]' passed (0.001 seconds).
Test Case '-[TopOptFlowsTests.SmoothingPageTests testStrengthIsReversibleWithoutRepainting]' passed (0.000 seconds).
Test Case '-[TopOptFlowsTests.SmoothingPageTests testSubstitutingTheProjectsCurrentStateWouldFail]' passed (0.006 seconds).
Test Case '-[TopOptFlowsTests.SmoothingPageTests testTheBrushIsInvisibleUntilTheFreezeMaskIsKnown]' passed (0.001 seconds).
Test Case '-[TopOptFlowsTests.SmoothingPageTests testTheReceiptShowsEveryRowTheTaskNames]' passed (0.001 seconds).
Test Case '-[TopOptFlowsTests.SmoothingPageTests testTheReceiptStatesTheAnalyzedVsPrintedGap]' passed (0.001 seconds).
Test Case '-[TopOptFlowsTests.SmoothingPageTests testTheSmoothingPageHasNoSecondSelectionSystem]' passed (0.012 seconds).
Test Case '-[TopOptFlowsTests.StageBackdropTests testStageBackdropIsGated]' passed (0.004 seconds).
Test Case '-[TopOptFlowsTests.StageBackdropTests testStagePipelineBuilds]' passed (0.002 seconds).
Test Case '-[TopOptFlowsTests.StageBackdropTests testStageShaderCompiles]' passed (0.001 seconds).
Test Case '-[TopOptFlowsTests.StreamedVariantVisibilityTests testETAResolvesToANumberOnceARungHasCompleted]' passed (0.804 seconds).
Test Case '-[TopOptFlowsTests.StreamedVariantVisibilityTests testSecondStreamedVariantAppearsWithoutLeavingTheProject]' passed (0.841 seconds).
Test Case '-[TopOptFlowsTests.StreamedVariantVisibilityTests testStreamedVariantsStillSurviveLeavingAnInFlightRun]' passed (0.001 seconds).
Test Case '-[TopOptFlowsTests.TapOverselectCaptureTests testCaptureShelfBracketTapBeforeAfter]' passed (0.181 seconds).
Test Case '-[TopOptFlowsTests.TransformGizmoTests testArrowheadsPickTheirAxis]' passed (0.001 seconds).
Test Case '-[TopOptFlowsTests.TransformGizmoTests testAxisAndPlaneMapsMatchPrimitiveGizmo]' passed (0.001 seconds).
Test Case '-[TopOptFlowsTests.TransformGizmoTests testDegenerateSizeMisses]' passed (0.001 seconds).
Test Case '-[TopOptFlowsTests.TransformGizmoTests testEmptyMarginMisses]' passed (0.001 seconds).
Test Case '-[TopOptFlowsTests.TransformGizmoTests testHubCentreIsFreeMove]' passed (0.001 seconds).
Test Case '-[TopOptFlowsTests.TransformGizmoTests testPlaneSquarePicksItsPlane]' passed (0.000 seconds).
Test Case '-[TopOptFlowsTests.TransformGizmoTests testRibbonPicksRotate]' passed (0.000 seconds).
Test Case '-[TopOptFlowsTests.TransformGizmoTests testShaderIsGeneratedFromTheSingleConstantSource]' passed (0.001 seconds).
Test Case '-[TopOptFlowsTests.TransformGizmoTests testShaftPicksItsAxis]' passed (0.000 seconds).
Test Case '-[TopOptFlowsTests.TransformGizmoTests testTouchTargetsAreFingerSized]' passed (0.001 seconds).
Test Case '-[TopOptFlowsTests.UndoHistoryTests testCanUndoNowEnablesImmediatelyOnEditBeforeDebounce]' passed (0.001 seconds).
Test Case '-[TopOptFlowsTests.UndoHistoryTests testCommitRecordsOnlyRealChanges]' passed (0.001 seconds).
Test Case '-[TopOptFlowsTests.UndoHistoryTests testDebouncedAutoCommitRecordsSettledEdit]' passed (0.601 seconds).
Test Case '-[TopOptFlowsTests.UndoHistoryTests testDepthBoundDropsOldest]' passed (0.001 seconds).
Test Case '-[TopOptFlowsTests.UndoHistoryTests testNewCommitClearsRedo]' passed (0.001 seconds).
Test Case '-[TopOptFlowsTests.UndoHistoryTests testPerformUndoRedoRestoresSelection]' passed (0.001 seconds).
Test Case '-[TopOptFlowsTests.UndoHistoryTests testPerformUndoRestoresDesignBoxAndForce]' passed (0.001 seconds).
Test Case '-[TopOptFlowsTests.UndoHistoryTests testResetSeedsBaselineWithNoHistory]' passed (0.001 seconds).
Test Case '-[TopOptFlowsTests.UndoHistoryTests testUndoBaselineIsRestoredStateNotEmpty]' passed (0.001 seconds).
Test Case '-[TopOptFlowsTests.UndoHistoryTests testUndoRedoRoundTrip]' passed (0.000 seconds).
Test Case '-[TopOptFlowsTests.VariantEntryGatingTests testAHealthyWorkerRunEnablesBothEntries]' passed (0.002 seconds).
Test Case '-[TopOptFlowsTests.VariantEntryGatingTests testALatticeRunWithADesignBoxIsRefusedAtTheBUTTON]' passed (0.001 seconds).
Test Case '-[TopOptFlowsTests.VariantEntryGatingTests testAllBlockingReasonsAreReportedNotJustTheFirst]' passed (0.001 seconds).
Test Case '-[TopOptFlowsTests.VariantEntryGatingTests testBothPageOpenersRefuseABlockedVariantBeforeOpeningAnything]' passed (0.006 seconds).
Test Case '-[TopOptFlowsTests.VariantEntryGatingTests testEveryBlockingPreconditionDisablesLatticeWithItsOwnReason]' passed (0.001 seconds).
Test Case '-[TopOptFlowsTests.VariantEntryGatingTests testEveryBlockingPreconditionDisablesSmoothingWithItsOwnReason]' passed (0.001 seconds).
Test Case '-[TopOptFlowsTests.VariantEntryGatingTests testEveryUnavailabilityReasonIsDistinctAndSpecific]' passed (0.001 seconds).
Test Case '-[TopOptFlowsTests.VariantEntryGatingTests testHalfARetentionPairIsRefused]' passed (0.001 seconds).
Test Case '-[TopOptFlowsTests.VariantEntryGatingTests testTheAppBlockExistsBecauseTheCoreRefusalDoes]' passed (0.009 seconds).
Test Case '-[TopOptFlowsTests.VariantEntryGatingTests testTheDesignBoxFactIsReadFromTheJobsOwnKey]' passed (0.001 seconds).
Test Case '-[TopOptFlowsTests.VariantEntryGatingTests testTheGateIsDeterministic]' passed (0.003 seconds).
Test Case '-[TopOptFlowsTests.VariantEntryGatingTests testTheMachineIsStampedOnTheOutcomeAndSurfacedOnRunAndVariant]' passed (0.001 seconds).
Test Case '-[TopOptFlowsTests.VariantEntryGatingTests testTheMachineSurvivesTheResultsRoundTrip]' passed (0.001 seconds).
Test Case '-[TopOptFlowsTests.VariantEntryGatingTests testTheOnDeviceRefusalAndTheMachineAgree]' passed (0.001 seconds).
Test Case '-[TopOptFlowsTests.VariantEntryGatingTests testTheResultsEntryControlsAreGated]' passed (0.010 seconds).
Test Case '-[TopOptFlowsTests.VariantEntryGatingTests testTheSolvingMachineIsResolvedFromTheRunsOwnRecord]' passed (0.001 seconds).
Test Case '-[TopOptFlowsTests.VariantRetentionTests testANewRunNamesWhatItWillReplaceBeforeReplacingIt]' passed (0.001 seconds).
Test Case '-[TopOptFlowsTests.VariantRetentionTests testARefusedRunDoesNotDestroyTheCompletedRunsVariants]' passed (0.001 seconds).
Test Case '-[TopOptFlowsTests.VariantRetentionTests testASaveWhileTheRunHasNoOutcomeDoesNotOrphanThePersistedResults]' passed (0.030 seconds).
Test Case '-[TopOptFlowsTests.VariantRetentionTests testAStalledRunReturnsThePreviousResultsOnlyWhenAbandoned]' passed (0.001 seconds).
Test Case '-[TopOptFlowsTests.VariantRetentionTests testASuccessfulRunReplacesThePreviousResults]' passed (0.002 seconds).
Test Case '-[TopOptFlowsTests.VariantRetentionTests testAnOnDeviceRunDoesNotInheritThePreviousRunsRetentionPair]' passed (0.003 seconds).
Test Case '-[TopOptFlowsTests.VariantRetentionTests testCancellingANewRunDoesNotDestroyThePreviousOne]' passed (0.001 seconds).
Test Case '-[TopOptFlowsTests.VariantRetentionTests testEveryVariantSurvivesEveryKindOfSetupEdit]' passed (0.002 seconds).
Test Case '-[TopOptFlowsTests.VariantRetentionTests testStreamedVariantsDoNotSpliceOntoThePreviousRun]' passed (0.001 seconds).
Test Case '-[TopOptFlowsTests.VariantRetentionTests testTheDesignBoxVerdictComesFromTheRetainedJobNotTheLiveSetup]' passed (0.001 seconds).
Test Case '-[TopOptFlowsTests.VariantRetentionTests testTheGateCannotReachLiveProjectState]' passed (0.004 seconds).
Test Case '-[TopOptFlowsTests.VariantRetentionTests testTheInFlightRunsReportedPairIsAdoptedOnlyOnSuccess]' passed (0.001 seconds).
Test Case '-[TopOptFlowsTests.VariantRetentionTests testTheOptimizeButtonRoutesThroughTheConfirmation]' passed (0.011 seconds).
Test Case '-[TopOptFlowsTests.VariantRetentionTests testTheRetainedJobComesBackWithTheRestoredVariants]' passed (0.001 seconds).
Test Case '-[TopOptFlowsTests.VariantRetentionTests testTheWorkspaceBuildsTheFactsFromTheRunNotTheProject]' passed (0.003 seconds).
Test Case '-[TopOptFlowsTests.ViewerTests testAppModelClearsGeometryOnReject]' passed (0.049 seconds).
Test Case '-[TopOptFlowsTests.ViewerTests testAppModelRetainsImportedGeometry]' passed (0.017 seconds).
Test Case '-[TopOptFlowsTests.ViewerTests testBoundsOfEmptyIsEmpty]' passed (0.000 seconds).
Test Case '-[TopOptFlowsTests.ViewerTests testBoundsOfUnitCube]' passed (0.001 seconds).
Test Case '-[TopOptFlowsTests.ViewerTests testCubeNormalsPointOutwardAndAreUnit]' passed (0.000 seconds).
Test Case '-[TopOptFlowsTests.ViewerTests testCubeYieldsSixDistinctFaceNormals]' passed (0.001 seconds).
Test Case '-[TopOptFlowsTests.ViewerTests testElevationClampsAtPoles]' passed (0.001 seconds).
Test Case '-[TopOptFlowsTests.ViewerTests testEyeIsDistanceFromTarget]' passed (0.000 seconds).
Test Case '-[TopOptFlowsTests.ViewerTests testFaceNormalOfSingleTriangleIsGeometric]' passed (0.001 seconds).
Test Case '-[TopOptFlowsTests.ViewerTests testFlatBufferHasThreeVerticesPerTriangle]' passed (0.000 seconds).
Test Case '-[TopOptFlowsTests.ViewerTests testFlatNormalsAreConstantPerTriangleAndEqualFaceNormal]' passed (0.001 seconds).
Test Case '-[TopOptFlowsTests.ViewerTests testFrameCentersAndFits]' passed (0.000 seconds).
Test Case '-[TopOptFlowsTests.ViewerTests testFrameEmptyMeshStaysUsable]' passed (0.000 seconds).
Test Case '-[TopOptFlowsTests.ViewerTests testInitClampsElevation]' passed (0.000 seconds).
Test Case '-[TopOptFlowsTests.ViewerTests testNormalMatrixColumnsAreOrthonormal]' passed (0.000 seconds).
Test Case '-[TopOptFlowsTests.ViewerTests testNormalsIgnoreOutOfRangeIndices]' passed (0.001 seconds).
Test Case '-[TopOptFlowsTests.ViewerTests testOrbitTurnsAzimuthBySensitivity]' passed (0.003 seconds).
Test Case '-[TopOptFlowsTests.ViewerTests testPanIgnoresDegenerateViewport]' passed (0.000 seconds).
Test Case '-[TopOptFlowsTests.ViewerTests testPanMovesTargetInTheViewPlane]' passed (0.001 seconds).
Test Case '-[TopOptFlowsTests.ViewerTests testPanSignsFollowTheCameraBasis]' passed (0.000 seconds).
Test Case '-[TopOptFlowsTests.ViewerTests testPanThenOrbitOrbitsAboutTheNewTarget]' passed (0.001 seconds).
Test Case '-[TopOptFlowsTests.ViewerTests testRendererFlexDisplacesGeometry]' passed (0.021 seconds).
Test Case '-[TopOptFlowsTests.ViewerTests testRendererRasterizesMeshToPixels]' passed (0.004 seconds).
Test Case '-[TopOptFlowsTests.ViewerTests testResetPanReturnsToFramedCentre]' passed (0.000 seconds).
Test Case '-[TopOptFlowsTests.ViewerTests testSingleTriangleNormal]' passed (0.000 seconds).
Test Case '-[TopOptFlowsTests.ViewerTests testSmoothFlatBufferMatchesFlatPositionsButUsesSmoothNormals]' passed (0.001 seconds).
Test Case '-[TopOptFlowsTests.ViewerTests testSmoothShadedViewerMeshLeavesGeometryUnchanged]' passed (0.001 seconds).
Test Case '-[TopOptFlowsTests.ViewerTests testTargetProjectsToClipCenter]' passed (0.001 seconds).
Test Case '-[TopOptFlowsTests.ViewerTests testViewMatrixMapsEyeAndTarget]' passed (0.001 seconds).
Test Case '-[TopOptFlowsTests.ViewerTests testViewerMeshEmpty]' passed (0.001 seconds).
Test Case '-[TopOptFlowsTests.ViewerTests testViewerMeshShape]' passed (0.001 seconds).
Test Case '-[TopOptFlowsTests.ViewerTests testZoomClampsToLimits]' passed (0.000 seconds).
Test Case '-[TopOptFlowsTests.ViewerTests testZoomIgnoresNonPositiveFactor]' passed (0.001 seconds).
Test Case '-[TopOptFlowsTests.ViewerVisibilityRegressionTests testBodyRendersOpaqueByDefault]' passed (0.013 seconds).
Test Case '-[TopOptFlowsTests.ViewerVisibilityRegressionTests testResultsViewStartsFullyFormedAndOpaque]' passed (0.001 seconds).
Test Case '-[TopOptFlowsTests.ViewerVisibilityRegressionTests testStepImportHandsNonEmptyMeshToViewer]' passed (0.011 seconds).
Test Case '-[TopOptFlowsTests.ViewportKeepOutTests testBestCandidatePrefersHomeThenLeastOverlap]' passed (0.001 seconds).
Test Case '-[TopOptFlowsTests.ViewportKeepOutTests testBusyProjectBeforeAfterCaptureHasNoOverlap]' passed (0.001 seconds).
Test Case '-[TopOptFlowsTests.ViewportKeepOutTests testClearanceKnobsSlideOffGizmoAndDontStack]' passed (0.001 seconds).
Test Case '-[TopOptFlowsTests.ViewportKeepOutTests testClearanceRingCentreFallback]' passed (0.001 seconds).
Test Case '-[TopOptFlowsTests.ViewportKeepOutTests testClearanceRingKeepsBoundaryOutsideRing]' passed (0.001 seconds).
Test Case '-[TopOptFlowsTests.ViewportKeepOutTests testClearanceRingPillSeatsBeyondKnob]' passed (0.001 seconds).
Test Case '-[TopOptFlowsTests.ViewportKeepOutTests testClearanceRingPushesInsidePointOutToRing]' passed (0.000 seconds).
Test Case '-[TopOptFlowsTests.ViewportKeepOutTests testDensePileResolvesToZeroOverlap]' passed (0.001 seconds).
Test Case '-[TopOptFlowsTests.ViewportKeepOutTests testDeterministicIndependentOfInputOrder]' passed (0.001 seconds).
Test Case '-[TopOptFlowsTests.ViewportKeepOutTests testDeterministicSameInputSameOutput]' passed (0.001 seconds).
Test Case '-[TopOptFlowsTests.ViewportKeepOutTests testHigherPriorityStaysCloserToAnchorThanLower]' passed (0.000 seconds).
Test Case '-[TopOptFlowsTests.ViewportKeepOutTests testLeaderLineKicksInPastThreshold]' passed (0.000 seconds).
Test Case '-[TopOptFlowsTests.ViewportKeepOutTests testLocusKnobSlidesToClearCandidate]' passed (0.000 seconds).
Test Case '-[TopOptFlowsTests.ViewportKeepOutTests testMaxShiftCapsDisplacementAndKeepsVisible]' passed (0.001 seconds).
Test Case '-[TopOptFlowsTests.ViewportKeepOutTests testMinimumTouchIsEnforced]' passed (0.000 seconds).
Test Case '-[TopOptFlowsTests.ViewportKeepOutTests testNoRoomHidesLowestPriorityNeverStacks]' passed (0.001 seconds).
Test Case '-[TopOptFlowsTests.ViewportKeepOutTests testRawProjectedAnchorsOverlapButPassSeparatesThem]' passed (0.004 seconds).
Test Case '-[TopOptFlowsTests.ViewportKeepOutTests testResolvesOnTouchBoundsNotDrawnBounds]' passed (0.001 seconds).
Test Case '-[TopOptFlowsTests.ViewportKeepOutTests testRigidGizmoNeverMovesAndDisplacesOthers]' passed (0.001 seconds).
Test Case '-[TopOptFlowsTests.ViewportKeepOutTests testSlowOrbitIsStableAndWritesCapture]' passed (0.015 seconds).
Test Case '-[TopOptFlowsTests.ViewportKeepOutTests testStabilizerConvergesMonotoneNoOvershoot]' passed (0.001 seconds).
Test Case '-[TopOptFlowsTests.ViewportKeepOutTests testStabilizerDeadBandHoldsStill]' passed (0.000 seconds).
Test Case '-[TopOptFlowsTests.ViewportKeepOutTests testUncappedElementStillSeparatesFully]' passed (0.000 seconds).
Test Case '-[TopOptFlowsTests.WorkspaceInteractionTests testMultiFaceLoopNeverPullsFacesFromASetGroup]' passed (0.001 seconds).
Test Case '-[TopOptFlowsTests.WorkspaceInteractionTests testSelectedCommittedGroupGrowsOnTap]' passed (0.000 seconds).
Test Case '-[TopOptFlowsTests.WorkspaceInteractionTests testTapAFaceInTheActiveGroupDeselectsIt]' passed (0.000 seconds).
Test Case '-[TopOptFlowsTests.WorkspaceInteractionTests testTapAnotherGroupsFaceReselectsItWithoutStealing]' passed (0.000 seconds).
Test Case '-[TopOptFlowsTests.WorkspaceInteractionTests testTapDeselectDoesNotTouchInactiveGroups]' passed (0.000 seconds).
Test Case '-[TopOptFlowsTests.WorkspaceInteractionTests testTapNewFaceAfterCommitStartsAFreshGroup]' passed (0.001 seconds).
Test Case '-[TopOptFlowsTests.WorkspaceInteractionTests testTapNewFaceGrowsAPendingSelection]' passed (0.000 seconds).
Test Case '-[TopOptFlowsTests.WorkspaceInteractionTests testTapNewFaceWithNothingActiveStartsAGroup]' passed (0.001 seconds).
Test Case '-[TopOptFlowsTests.WorkspaceInteractionTests testTapTheOnlyFaceInTheActiveGroupDropsTheGroup]' passed (0.001 seconds).
Test Case '-[TopOptKitTests.TopOptKitTests testAmbiguousJunctionIsRefusedWithTheRealReason]' passed (0.005 seconds).
Test Case '-[TopOptKitTests.TopOptKitTests testBridgeSmoke]' passed (0.005 seconds).
Test Case '-[TopOptKitTests.TopOptKitTests testCoreVersionNonEmpty]' passed (0.001 seconds).
Test Case '-[TopOptKitTests.TopOptKitTests testDuplicateFacetMeshRepairsAndImports]' passed (0.003 seconds).
Test Case '-[TopOptKitTests.TopOptKitTests testExportSTLRoundTrip]' passed (0.005 seconds).
Test Case '-[TopOptKitTests.TopOptKitTests testImportBrokenSTLIsRefusedWithADiagnosis]' passed (0.003 seconds).
Test Case '-[TopOptKitTests.TopOptKitTests testImportCubeSTL]' passed (0.001 seconds).
Test Case '-[TopOptKitTests.TopOptKitTests testImportMissingFileThrows]' passed (0.001 seconds).
Test Case '-[TopOptKitTests.TopOptKitTests testImportStepFaces]' passed (0.013 seconds).
Test Case '-[TopOptKitTests.TopOptKitTests testInspectCleanSTLIsAcceptable]' passed (0.002 seconds).
Test Case '-[TopOptKitTests.TopOptKitTests testLoadMaterialsMissingFileThrows]' passed (0.001 seconds).
Test Case '-[TopOptKitTests.TopOptKitTests testLoadMaterials]' passed (0.001 seconds).
Test Case '-[TopOptKitTests.TopOptKitTests testMaskStepFaceBadDepthThrows]' passed (0.007 seconds).
Test Case '-[TopOptKitTests.TopOptKitTests testMaskStepFaceOutOfRangeThrows]' passed (0.010 seconds).
Test Case '-[TopOptKitTests.TopOptKitTests testMaskStepFace]' passed (0.229 seconds).
Test Case '-[TopOptKitTests.TopOptKitTests testMinimizePlasticCancel]' passed (0.017 seconds).
Test Case '-[TopOptKitTests.TopOptKitTests testMinimizePlasticLoadCaseDesignBoxExpandsTheGrid]' passed (4.247 seconds).
Test Case '-[TopOptKitTests.TopOptKitTests testMinimizePlasticLoadCaseUsesDeclaredForces]' passed (0.811 seconds).
Test Case '-[TopOptKitTests.TopOptKitTests testMinimizePlasticResultsFields]' passed (3.468 seconds).
Test Case '-[TopOptKitTests.TopOptKitTests testMinimizePlasticUnknownMaterialThrows]' passed (0.001 seconds).
Test Case '-[TopOptKitTests.TopOptKitTests testMinimizePlasticWithProgress]' passed (3.871 seconds).
Test Case '-[TopOptKitTests.TopOptKitTests testPseudoFaceIDsAreDeterministicAcrossReimports]' passed (0.015 seconds).
Test Case '-[TopOptKitTests.TopOptKitTests testRescalePartAppliesAUnitChoice]' passed (0.002 seconds).
Test Case '-[TopOptKitTests.TopOptKitTests testSmallHoleMeshRepairsAndImports]' passed (0.002 seconds).
Test Case '-[TopOptKitTests.TopOptKitTests testStepImportProducesMeshOnThisPlatform]' passed (0.026 seconds).
Test Case '-[TopOptKitTests.TopOptKitTests testTagStepFaceOutOfRangeThrows]' passed (0.012 seconds).
Test Case '-[TopOptKitTests.TopOptKitTests testTagStepFace]' passed (0.168 seconds).
Test Case '-[TopOptKitTests.TopOptKitTests testVoxelizeBadResolutionThrows]' passed (0.010 seconds).
Test Case '-[TopOptKitTests.TopOptKitTests testVoxelizeCube]' passed (0.001 seconds).
Test Case '-[TopOptKitTests.TopOptKitTests testWallSizedHoleIsRefusedAfterSafeCapping]' passed (0.005 seconds).
