iu,iv,u_mm,v_mm,area_mm2,latticed_height_mm,exit_face,s,pressure_mpa,target_depth_mm,target_strain,status,target_density,nearest_depth_mm,clamped_density,clamped_depth_mm,sigma_mm,buildable_density,buildable_depth_mm,buildable_ok,buildable_extrapolated,cell_mm,tier,band,depth_band_lo_mm,depth_band_hi_mm
0,0,0.5000,0.5000,1.0000,60.0000,0,0.368177,0.02725,2.20906,0.036818,ok,0.235847,,0.235847,2.20906,2.7527,0.226749,2.41627,1,0,5.7263,literature,0.40,1.44976,3.38278
1,0,1.5000,0.5000,1.0000,60.0000,0,0.376778,0.02725,2.26067,0.037678,ok,0.233425,,0.233425,2.26067,2.7813,0.225582,2.44487,1,0,5.7559,literature,0.40,1.46692,3.42282
2,0,2.5000,0.5000,1.0000,60.0000,0,0.385836,0.02725,2.31502,0.038584,ok,0.230991,,0.230991,2.31502,2.8106,0.224186,2.47821,1,0,5.7917,literature,0.40,1.48692,3.46949
3,0,3.5000,0.5000,1.0000,60.0000,0,0.395300,0.02725,2.37180,0.039530,ok,0.228567,,0.228567,2.37180,2.8404,0.222560,2.51823,1,0,5.8341,literature,0.40,1.51094,3.52552
4,0,4.5000,0.5000,1.0000,60.0000,0,0.405114,0.02725,2.43068,0.040511,ok,0.226173,,0.226173,2.43068,2.8704,0.220724,2.56497,1,0,5.8826,literature,0.40,1.53898,3.59096
5,0,5.5000,0.5000,1.0000,60.0000,0,0.415225,0.02725,2.49135,0.041522,ok,0.223647,,0.223647,2.49135,2.9029,0.218718,2.61808,1,0,5.9366,literature,0.40,1.57085,3.66531
6,0,6.5000,0.5000,1.0000,60.0000,0,0.425578,0.02725,2.55347,0.042558,ok,0.221169,,0.221169,2.55347,2.9354,0.216607,2.67638,1,0,5.9944,literature,0.40,1.60583,3.74694
7,0,7.5000,0.5000,1.0000,60.0000,0,0.436120,0.02725,2.61672,0.043612,ok,0.218768,,0.218768,2.61672,2.9676,0.214452,2.73863,1,0,6.0546,literature,0.40,1.64318,3.83408
8,0,8.5000,0.5000,1.0000,60.0000,0,0.446797,0.02725,2.68078,0.044680,ok,0.216451,,0.216451,2.68078,2.9994,0.212306,2.80359,1,0,6.1158,literature,0.40,1.68215,3.92503
9,0,9.5000,0.5000,1.0000,60.0000,0,0.457555,0.02725,2.74533,0.045756,ok,0.214226,,0.214226,2.74533,3.0305,0.210181,2.87101,1,0,6.1777,literature,0.40,1.72261,4.01941
10,0,10.5000,0.5000,1.0000,60.0000,0,0.468340,0.02725,2.81004,0.046834,ok,0.212099,,0.212099,2.81004,3.0609,0.208151,2.93855,1,0,6.2379,literature,0.40,1.76313,4.11397
11,0,11.5000,0.5000,1.0000,60.0000,0,0.479098,0.02725,2.87459,0.047910,ok,0.210071,,0.210071,2.87459,3.0904,0.206200,3.00649,1,0,6.2970,literature,0.40,1.80390,4.20909
12,0,12.5000,0.5000,1.0000,60.0000,0,0.489775,0.02725,2.93865,0.048977,ok,0.208148,,0.208148,2.93865,3.1190,0.204346,3.07405,1,0,6.3541,literature,0.40,1.84443,4.30367
13,0,13.5000,0.5000,1.0000,60.0000,0,0.500317,0.02725,3.00190,0.050032,ok,0.206329,,0.206329,3.00190,3.1465,0.202590,3.14085,1,0,6.4091,literature,0.40,1.88451,4.39718
14,0,14.5000,0.5000,1.0000,60.0000,0,0.510670,0.02725,3.06402,0.051067,ok,0.204615,,0.204615,3.06402,3.1729,0.200936,3.20653,1,0,6.4619,literature,0.40,1.92392,4.48914
15,0,15.5000,0.5000,1.0000,60.0000,0,0.520781,0.02725,3.12469,0.052078,ok,0.203008,,0.203008,3.12469,3.1980,0.199383,3.27073,1,0,6.5122,literature,0.40,1.96244,4.57902
16,0,16.5000,0.5000,1.0000,60.0000,0,0.530595,0.02725,3.18357,0.053060,ok,0.201507,,0.201507,3.18357,3.2218,0.197932,3.33309,1,0,6.5600,literature,0.40,1.99985,4.66633
17,0,17.5000,0.5000,1.0000,60.0000,0,0.540059,0.02725,3.24035,0.054006,ok,0.200110,,0.200110,3.24035,3.2443,0.196583,3.39325,1,0,6.6050,literature,0.40,2.03595,4.75055
18,0,18.5000,0.5000,1.0000,60.0000,0,0.549118,0.02725,3.29471,0.054912,ok,0.198819,,0.198819,3.29471,3.2654,0.195335,3.45085,1,0,6.6472,literature,0.40,2.07051,4.83119
19,0,19.5000,0.5000,1.0000,60.0000,0,0.557718,0.02725,3.34631,0.055772,ok,0.197631,,0.197631,3.34631,3.2850,0.194188,3.50552,1,0,6.6864,literature,0.40,2.10331,4.90773
20,0,20.5000,0.5000,1.0000,60.0000,0,0.565806,0.02725,3.39484,0.056581,ok,0.196548,,0.196548,3.39484,3.3031,0.193143,3.55690,1,0,6.7226,literature,0.40,2.13414,4.97967
21,0,21.5000,0.5000,1.0000,60.0000,0,0.573328,0.02725,3.43997,0.057333,ok,0.195567,,0.195567,3.43997,3.3196,0.192199,3.60463,1,0,6.7557,literature,0.40,2.16278,5.04648
22,0,22.5000,0.5000,1.0000,60.0000,0,0.580229,0.02725,3.48138,0.058023,ok,0.194690,,0.194690,3.48138,3.3346,0.191349,3.64867,1,0,6.7857,literature,0.40,2.18920,5.10814
23,0,23.5000,0.5000,1.0000,60.0000,0,0.586457,0.02725,3.51874,0.058646,ok,0.193916,,0.193916,3.51874,3.3479,0.190608,3.68800,1,0,6.8120,literature,0.40,2.21280,5.16319
24,0,24.5000,0.5000,1.0000,60.0000,0,0.591956,0.02725,3.55174,0.059196,ok,0.193247,,0.193247,3.55174,3.3595,0.189969,3.72256,1,0,6.8350,literature,0.40,2.23354,5.21159
25,0,25.5000,0.5000,1.0000,60.0000,0,0.596673,0.02725,3.58004,0.059667,ok,0.192682,,0.192682,3.58004,3.3694,0.189434,3.75203,1,0,6.8543,literature,0.40,2.25122,5.25284
26,0,26.5000,0.5000,1.0000,60.0000,0,0.600554,0.02725,3.60333,0.060055,ok,0.192224,,0.192224,3.60333,3.3774,0.189004,3.77607,1,0,6.8699,literature,0.40,2.26564,5.28650
27,0,27.5000,0.5000,1.0000,60.0000,0,0.603545,0.02725,3.62127,0.060355,ok,0.191875,,0.191875,3.62127,3.3835,0.188679,3.79439,1,0,6.8817,literature,0.40,2.27663,5.31214
28,0,28.5000,0.5000,1.0000,60.0000,0,0.605593,0.02725,3.63356,0.060559,ok,0.191638,,0.191638,3.63356,3.3877,0.188462,3.80675,1,0,6.8896,literature,0.40,2.28405,5.32944
29,0,29.5000,0.5000,1.0000,60.0000,0,0.606642,0.02725,3.63985,0.060664,ok,0.191518,,0.191518,3.63985,3.3898,0.188353,3.81297,1,0,6.8936,literature,0.40,2.28778,5.33816
30,0,30.5000,0.5000,1.0000,60.0000,0,0.606642,0.02725,3.63985,0.060664,ok,0.191518,,0.191518,3.63985,3.3898,0.188353,3.81297,1,0,6.8936,literature,0.40,2.28778,5.33816
31,0,31.5000,0.5000,1.0000,60.0000,0,0.605593,0.02725,3.63356,0.060559,ok,0.191638,,0.191638,3.63356,3.3877,0.188462,3.80675,1,0,6.8896,literature,0.40,2.28405,5.32944
32,0,32.5000,0.5000,1.0000,60.0000,0,0.603545,0.02725,3.62127,0.060355,ok,0.191875,,0.191875,3.62127,3.3835,0.188679,3.79439,1,0,6.8817,literature,0.40,2.27663,5.31214
33,0,33.5000,0.5000,1.0000,60.0000,0,0.600554,0.02725,3.60333,0.060055,ok,0.192224,,0.192224,3.60333,3.3774,0.189004,3.77607,1,0,6.8699,literature,0.40,2.26564,5.28650
34,0,34.5000,0.5000,1.0000,60.0000,0,0.596673,0.02725,3.58004,0.059667,ok,0.192682,,0.192682,3.58004,3.3694,0.189434,3.75203,1,0,6.8543,literature,0.40,2.25122,5.25284
35,0,35.5000,0.5000,1.0000,60.0000,0,0.591956,0.02725,3.55174,0.059196,ok,0.193247,,0.193247,3.55174,3.3595,0.189969,3.72256,1,0,6.8350,literature,0.40,2.23354,5.21159
36,0,36.5000,0.5000,1.0000,60.0000,0,0.586457,0.02725,3.51874,0.058646,ok,0.193916,,0.193916,3.51874,3.3479,0.190608,3.68800,1,0,6.8120,literature,0.40,2.21280,5.16319
37,0,37.5000,0.5000,1.0000,60.0000,0,0.580229,0.02725,3.48138,0.058023,ok,0.194690,,0.194690,3.48138,3.3346,0.191349,3.64867,1,0,6.7857,literature,0.40,2.18920,5.10814
38,0,38.5000,0.5000,1.0000,60.0000,0,0.573328,0.02725,3.43997,0.057333,ok,0.195567,,0.195567,3.43997,3.3196,0.192199,3.60463,1,0,6.7557,literature,0.40,2.16278,5.04648
39,0,39.5000,0.5000,1.0000,60.0000,0,0.565806,0.02725,3.39484,0.056581,ok,0.196548,,0.196548,3.39484,3.3031,0.193143,3.55690,1,0,6.7226,literature,0.40,2.13414,4.97967
40,0,40.5000,0.5000,1.0000,60.0000,0,0.557718,0.02725,3.34631,0.055772,ok,0.197631,,0.197631,3.34631,3.2850,0.194188,3.50552,1,0,6.6864,literature,0.40,2.10331,4.90773
41,0,41.5000,0.5000,1.0000,60.0000,0,0.549118,0.02725,3.29471,0.054912,ok,0.198819,,0.198819,3.29471,3.2654,0.195335,3.45085,1,0,6.6472,literature,0.40,2.07051,4.83119
42,0,42.5000,0.5000,1.0000,60.0000,0,0.540059,0.02725,3.24035,0.054006,ok,0.200110,,0.200110,3.24035,3.2443,0.196583,3.39325,1,0,6.6050,literature,0.40,2.03595,4.75055
43,0,43.5000,0.5000,1.0000,60.0000,0,0.530595,0.02725,3.18357,0.053060,ok,0.201507,,0.201507,3.18357,3.2218,0.197932,3.33309,1,0,6.5600,literature,0.40,1.99985,4.66633
44,0,44.5000,0.5000,1.0000,60.0000,0,0.520781,0.02725,3.12469,0.052078,ok,0.203008,,0.203008,3.12469,3.1980,0.199383,3.27073,1,0,6.5122,literature,0.40,1.96244,4.57902
45,0,45.5000,0.5000,1.0000,60.0000,0,0.510670,0.02725,3.06402,0.051067,ok,0.204615,,0.204615,3.06402,3.1729,0.200936,3.20653,1,0,6.4619,literature,0.40,1.92392,4.48914
46,0,46.5000,0.5000,1.0000,60.0000,0,0.500317,0.02725,3.00190,0.050032,ok,0.206329,,0.206329,3.00190,3.1465,0.202590,3.14085,1,0,6.4091,literature,0.40,1.88451,4.39718
47,0,47.5000,0.5000,1.0000,60.0000,0,0.489775,0.02725,2.93865,0.048977,ok,0.208148,,0.208148,2.93865,3.1190,0.204346,3.07405,1,0,6.3541,literature,0.40,1.84443,4.30367
48,0,48.5000,0.5000,1.0000,60.0000,0,0.479098,0.02725,2.87459,0.047910,ok,0.210071,,0.210071,2.87459,3.0904,0.206200,3.00649,1,0,6.2970,literature,0.40,1.80390,4.20909
49,0,49.5000,0.5000,1.0000,60.0000,0,0.468340,0.02725,2.81004,0.046834,ok,0.212099,,0.212099,2.81004,3.0609,0.208151,2.93855,1,0,6.2379,literature,0.40,1.76313,4.11397
50,0,50.5000,0.5000,1.0000,60.0000,0,0.457555,0.02725,2.74533,0.045756,ok,0.214226,,0.214226,2.74533,3.0305,0.210181,2.87101,1,0,6.1777,literature,0.40,1.72261,4.01941
51,0,51.5000,0.5000,1.0000,60.0000,0,0.446797,0.02725,2.68078,0.044680,ok,0.216451,,0.216451,2.68078,2.9994,0.212306,2.80359,1,0,6.1158,literature,0.40,1.68215,3.92503
52,0,52.5000,0.5000,1.0000,60.0000,0,0.436120,0.02725,2.61672,0.043612,ok,0.218768,,0.218768,2.61672,2.9676,0.214452,2.73863,1,0,6.0546,literature,0.40,1.64318,3.83408
53,0,53.5000,0.5000,1.0000,60.0000,0,0.425578,0.02725,2.55347,0.042558,ok,0.221169,,0.221169,2.55347,2.9354,0.216607,2.67638,1,0,5.9944,literature,0.40,1.60583,3.74694
54,0,54.5000,0.5000,1.0000,60.0000,0,0.415225,0.02725,2.49135,0.041522,ok,0.223647,,0.223647,2.49135,2.9029,0.218718,2.61808,1,0,5.9366,literature,0.40,1.57085,3.66531
55,0,55.5000,0.5000,1.0000,60.0000,0,0.405114,0.02725,2.43068,0.040511,ok,0.226173,,0.226173,2.43068,2.8704,0.220724,2.56497,1,0,5.8826,literature,0.40,1.53898,3.59096
56,0,56.5000,0.5000,1.0000,60.0000,0,0.395300,0.02725,2.37180,0.039530,ok,0.228567,,0.228567,2.37180,2.8404,0.222560,2.51823,1,0,5.8341,literature,0.40,1.51094,3.52552
57,0,57.5000,0.5000,1.0000,60.0000,0,0.385836,0.02725,2.31502,0.038584,ok,0.230991,,0.230991,2.31502,2.8106,0.224186,2.47821,1,0,5.7917,literature,0.40,1.48692,3.46949
58,0,58.5000,0.5000,1.0000,60.0000,0,0.376778,0.02725,2.26067,0.037678,ok,0.233425,,0.233425,2.26067,2.7813,0.225582,2.44487,1,0,5.7559,literature,0.40,1.46692,3.42282
59,0,59.5000,0.5000,1.0000,60.0000,0,0.368177,0.02725,2.20906,0.036818,ok,0.235847,,0.235847,2.20906,2.7527,0.226749,2.41627,1,0,5.7263,literature,0.40,1.44976,3.38278
0,1,0.5000,1.5000,1.0000,60.0000,0,0.376778,0.02725,2.26067,0.037678,ok,0.233425,,0.233425,2.26067,2.7813,0.225582,2.44487,1,0,5.7559,literature,0.40,1.46692,3.42282
1,1,1.5000,1.5000,1.0000,60.0000,0,0.385579,0.02725,2.31347,0.038558,ok,0.231059,,0.231059,2.31347,2.8097,0.224427,2.47239,1,0,5.7855,literature,0.40,1.48344,3.46135
2,1,2.5000,1.5000,1.0000,60.0000,0,0.394849,0.02725,2.36910,0.039485,ok,0.228680,,0.228680,2.36910,2.8390,0.223048,2.50608,1,0,5.8213,literature,0.40,1.50365,3.50851
3,1,3.5000,1.5000,1.0000,60.0000,0,0.404534,0.02725,2.42720,0.040453,ok,0.226312,,0.226312,2.42720,2.8687,0.221443,2.54645,1,0,5.8635,literature,0.40,1.52787,3.56503
4,1,4.5000,1.5000,1.0000,60.0000,0,0.414577,0.02725,2.48746,0.041458,ok,0.223806,,0.223806,2.48746,2.9008,0.219628,2.59371,1,0,5.9119,literature,0.40,1.55622,3.63119
5,1,5.5000,1.5000,1.0000,60.0000,0,0.424924,0.02725,2.54954,0.042492,ok,0.221322,,0.221322,2.54954,2.9333,0.217652,2.64720,1,0,5.9656,literature,0.40,1.58832,3.70607
6,1,6.5000,1.5000,1.0000,60.0000,0,0.435519,0.02725,2.61312,0.043552,ok,0.218902,,0.218902,2.61312,2.9658,0.215572,2.70591,1,0,6.0232,literature,0.40,1.62355,3.78828
7,1,7.5000,1.5000,1.0000,60.0000,0,0.446308,0.02725,2.67785,0.044631,ok,0.216555,,0.216555,2.67785,2.9979,0.213449,2.76864,1,0,6.0831,literature,0.40,1.66118,3.87609
8,1,8.5000,1.5000,1.0000,60.0000,0,0.457234,0.02725,2.74341,0.045723,ok,0.214291,,0.214291,2.74341,3.0296,0.211308,2.83487,1,0,6.1447,literature,0.40,1.70092,3.96881
9,1,9.5000,1.5000,1.0000,60.0000,0,0.468243,0.02725,2.80946,0.046824,ok,0.212117,,0.212117,2.80946,3.0606,0.209233,2.90216,1,0,6.2057,literature,0.40,1.74129,4.06302
10,1,10.5000,1.5000,1.0000,60.0000,0,0.479280,0.02725,2.87568,0.047928,ok,0.210038,,0.210038,2.87568,3.0909,0.207227,2.97032,1,0,6.2657,literature,0.40,1.78219,4.15844
11,1,11.5000,1.5000,1.0000,60.0000,0,0.490289,0.02725,2.94174,0.049029,ok,0.208057,,0.208057,2.94174,3.1204,0.205299,3.03892,1,0,6.3246,literature,0.40,1.82335,4.25449
12,1,12.5000,1.5000,1.0000,60.0000,0,0.501216,0.02725,3.00730,0.050122,ok,0.206177,,0.206177,3.00730,3.1488,0.203467,3.10714,1,0,6.3815,literature,0.40,1.86428,4.34999
13,1,13.5000,1.5000,1.0000,60.0000,0,0.512004,0.02725,3.07203,0.051200,ok,0.204400,,0.204400,3.07203,3.1762,0.201732,3.17459,1,0,6.4364,literature,0.40,1.90475,4.44442
14,1,14.5000,1.5000,1.0000,60.0000,0,0.522600,0.02725,3.13560,0.052260,ok,0.202726,,0.202726,3.13560,3.2024,0.200097,3.24091,1,0,6.4890,literature,0.40,1.94455,4.53727
15,1,15.5000,1.5000,1.0000,60.0000,0,0.532946,0.02725,3.19768,0.053295,ok,0.201155,,0.201155,3.19768,3.2274,0.198562,3.30574,1,0,6.5392,literature,0.40,1.98345,4.62804
16,1,16.5000,1.5000,1.0000,60.0000,0,0.542990,0.02725,3.25794,0.054299,ok,0.199688,,0.199688,3.25794,3.2512,0.197127,3.36872,1,0,6.5868,literature,0.40,2.02123,4.71621
17,1,17.5000,1.5000,1.0000,60.0000,0,0.552674,0.02725,3.31605,0.055267,ok,0.198323,,0.198323,3.31605,3.2735,0.195793,3.42948,1,0,6.6316,literature,0.40,2.05769,4.80127
18,1,18.5000,1.5000,1.0000,60.0000,0,0.561945,0.02725,3.37167,0.056194,ok,0.197061,,0.197061,3.37167,3.2945,0.194559,3.48765,1,0,6.6737,literature,0.40,2.09259,4.88271
19,1,19.5000,1.5000,1.0000,60.0000,0,0.570746,0.02725,3.42448,0.057075,ok,0.195901,,0.195901,3.42448,3.3140,0.193426,3.54287,1,0,6.7128,literature,0.40,2.12572,4.96002
20,1,20.5000,1.5000,1.0000,60.0000,0,0.579023,0.02725,3.47414,0.057902,ok,0.194842,,0.194842,3.47414,3.3320,0.192392,3.59477,1,0,6.7489,literature,0.40,2.15686,5.03268
21,1,21.5000,1.5000,1.0000,60.0000,0,0.586721,0.02725,3.52032,0.058672,ok,0.193884,,0.193884,3.52032,3.3485,0.191452,3.64327,1,0,6.7820,literature,0.40,2.18596,5.10058
22,1,22.5000,1.5000,1.0000,60.0000,0,0.593783,0.02725,3.56270,0.059378,ok,0.193027,,0.193027,3.56270,3.3633,0.190618,3.68743,1,0,6.8117,literature,0.40,2.21246,5.16241
23,1,23.5000,1.5000,1.0000,60.0000,0,0.600156,0.02725,3.60094,0.060016,ok,0.192271,,0.192271,3.60094,3.3766,0.189885,3.72717,1,0,6.8380,literature,0.40,2.23630,5.21804
24,1,24.5000,1.5000,1.0000,60.0000,0,0.605784,0.02725,3.63470,0.060578,ok,0.191616,,0.191616,3.63470,3.3881,0.189253,3.76211,1,0,6.8608,literature,0.40,2.25726,5.26695
25,1,25.5000,1.5000,1.0000,60.0000,0,0.610611,0.02725,3.66367,0.061061,ok,0.191065,,0.191065,3.66367,3.3979,0.188723,3.79189,1,0,6.8801,literature,0.40,2.27513,5.30865
26,1,26.5000,1.5000,1.0000,60.0000,0,0.614583,0.02725,3.68750,0.061458,ok,0.190617,,0.190617,3.68750,3.4059,0.188297,3.81619,1,0,6.8956,literature,0.40,2.28972,5.34267
27,1,27.5000,1.5000,1.0000,60.0000,0,0.617644,0.02725,3.70586,0.061764,ok,0.190276,,0.190276,3.70586,3.4120,0.187976,3.83471,1,0,6.9074,literature,0.40,2.30083,5.36860
28,1,28.5000,1.5000,1.0000,60.0000,0,0.619739,0.02725,3.71843,0.061974,ok,0.190045,,0.190045,3.71843,3.4161,0.187761,3.84721,1,0,6.9153,literature,0.40,2.30833,5.38609
29,1,29.5000,1.5000,1.0000,60.0000,0,0.620813,0.02725,3.72488,0.062081,ok,0.189927,,0.189927,3.72488,3.4182,0.187654,3.85350,1,0,6.9193,literature,0.40,2.31210,5.39491
30,1,30.5000,1.5000,1.0000,60.0000,0,0.620813,0.02725,3.72488,0.062081,ok,0.189927,,0.189927,3.72488,3.4182,0.187654,3.85350,1,0,6.9193,literature,0.40,2.31210,5.39491
31,1,31.5000,1.5000,1.0000,60.0000,0,0.619739,0.02725,3.71843,0.061974,ok,0.190045,,0.190045,3.71843,3.4161,0.187761,3.84721,1,0,6.9153,literature,0.40,2.30833,5.38609
32,1,32.5000,1.5000,1.0000,60.0000,0,0.617644,0.02725,3.70586,0.061764,ok,0.190276,,0.190276,3.70586,3.4120,0.187976,3.83471,1,0,6.9074,literature,0.40,2.30083,5.36860
33,1,33.5000,1.5000,1.0000,60.0000,0,0.614583,0.02725,3.68750,0.061458,ok,0.190617,,0.190617,3.68750,3.4059,0.188297,3.81619,1,0,6.8956,literature,0.40,2.28972,5.34267
34,1,34.5000,1.5000,1.0000,60.0000,0,0.610611,0.02725,3.66367,0.061061,ok,0.191065,,0.191065,3.66367,3.3979,0.188723,3.79189,1,0,6.8801,literature,0.40,2.27513,5.30865
35,1,35.5000,1.5000,1.0000,60.0000,0,0.605784,0.02725,3.63470,0.060578,ok,0.191616,,0.191616,3.63470,3.3881,0.189253,3.76211,1,0,6.8608,literature,0.40,2.25726,5.26695
36,1,36.5000,1.5000,1.0000,60.0000,0,0.600156,0.02725,3.60094,0.060016,ok,0.192271,,0.192271,3.60094,3.3766,0.189885,3.72717,1,0,6.8380,literature,0.40,2.23630,5.21804
37,1,37.5000,1.5000,1.0000,60.0000,0,0.593783,0.02725,3.56270,0.059378,ok,0.193027,,0.193027,3.56270,3.3633,0.190618,3.68743,1,0,6.8117,literature,0.40,2.21246,5.16241
38,1,38.5000,1.5000,1.0000,60.0000,0,0.586721,0.02725,3.52032,0.058672,ok,0.193884,,0.193884,3.52032,3.3485,0.191452,3.64327,1,0,6.7820,literature,0.40,2.18596,5.10058
39,1,39.5000,1.5000,1.0000,60.0000,0,0.579023,0.02725,3.47414,0.057902,ok,0.194842,,0.194842,3.47414,3.3320,0.192392,3.59477,1,0,6.7489,literature,0.40,2.15686,5.03268
40,1,40.5000,1.5000,1.0000,60.0000,0,0.570746,0.02725,3.42448,0.057075,ok,0.195901,,0.195901,3.42448,3.3140,0.193426,3.54287,1,0,6.7128,literature,0.40,2.12572,4.96002
41,1,41.5000,1.5000,1.0000,60.0000,0,0.561945,0.02725,3.37167,0.056194,ok,0.197061,,0.197061,3.37167,3.2945,0.194559,3.48765,1,0,6.6737,literature,0.40,2.09259,4.88271
42,1,42.5000,1.5000,1.0000,60.0000,0,0.552674,0.02725,3.31605,0.055267,ok,0.198323,,0.198323,3.31605,3.2735,0.195793,3.42948,1,0,6.6316,literature,0.40,2.05769,4.80127
43,1,43.5000,1.5000,1.0000,60.0000,0,0.542990,0.02725,3.25794,0.054299,ok,0.199688,,0.199688,3.25794,3.2512,0.197127,3.36872,1,0,6.5868,literature,0.40,2.02123,4.71621
44,1,44.5000,1.5000,1.0000,60.0000,0,0.532946,0.02725,3.19768,0.053295,ok,0.201155,,0.201155,3.19768,3.2274,0.198562,3.30574,1,0,6.5392,literature,0.40,1.98345,4.62804
45,1,45.5000,1.5000,1.0000,60.0000,0,0.522600,0.02725,3.13560,0.052260,ok,0.202726,,0.202726,3.13560,3.2024,0.200097,3.24091,1,0,6.4890,literature,0.40,1.94455,4.53727
46,1,46.5000,1.5000,1.0000,60.0000,0,0.512004,0.02725,3.07203,0.051200,ok,0.204400,,0.204400,3.07203,3.1762,0.201732,3.17459,1,0,6.4364,literature,0.40,1.90475,4.44442
47,1,47.5000,1.5000,1.0000,60.0000,0,0.501216,0.02725,3.00730,0.050122,ok,0.206177,,0.206177,3.00730,3.1488,0.203467,3.10714,1,0,6.3815,literature,0.40,1.86428,4.34999
48,1,48.5000,1.5000,1.0000,60.0000,0,0.490289,0.02725,2.94174,0.049029,ok,0.208057,,0.208057,2.94174,3.1204,0.205299,3.03892,1,0,6.3246,literature,0.40,1.82335,4.25449
49,1,49.5000,1.5000,1.0000,60.0000,0,0.479280,0.02725,2.87568,0.047928,ok,0.210038,,0.210038,2.87568,3.0909,0.207227,2.97032,1,0,6.2657,literature,0.40,1.78219,4.15844
50,1,50.5000,1.5000,1.0000,60.0000,0,0.468243,0.02725,2.80946,0.046824,ok,0.212117,,0.212117,2.80946,3.0606,0.209233,2.90216,1,0,6.2057,literature,0.40,1.74129,4.06302
51,1,51.5000,1.5000,1.0000,60.0000,0,0.457234,0.02725,2.74341,0.045723,ok,0.214291,,0.214291,2.74341,3.0296,0.211308,2.83487,1,0,6.1447,literature,0.40,1.70092,3.96881
52,1,52.5000,1.5000,1.0000,60.0000,0,0.446308,0.02725,2.67785,0.044631,ok,0.216555,,0.216555,2.67785,2.9979,0.213449,2.76864,1,0,6.0831,literature,0.40,1.66118,3.87609
53,1,53.5000,1.5000,1.0000,60.0000,0,0.435519,0.02725,2.61312,0.043552,ok,0.218902,,0.218902,2.61312,2.9658,0.215572,2.70591,1,0,6.0232,literature,0.40,1.62355,3.78828
54,1,54.5000,1.5000,1.0000,60.0000,0,0.424924,0.02725,2.54954,0.042492,ok,0.221322,,0.221322,2.54954,2.9333,0.217652,2.64720,1,0,5.9656,literature,0.40,1.58832,3.70607
55,1,55.5000,1.5000,1.0000,60.0000,0,0.414577,0.02725,2.48746,0.041458,ok,0.223806,,0.223806,2.48746,2.9008,0.219628,2.59371,1,0,5.9119,literature,0.40,1.55622,3.63119
56,1,56.5000,1.5000,1.0000,60.0000,0,0.404534,0.02725,2.42720,0.040453,ok,0.226312,,0.226312,2.42720,2.8687,0.221443,2.54645,1,0,5.8635,literature,0.40,1.52787,3.56503
57,1,57.5000,1.5000,1.0000,60.0000,0,0.394849,0.02725,2.36910,0.039485,ok,0.228680,,0.228680,2.36910,2.8390,0.223048,2.50608,1,0,5.8213,literature,0.40,1.50365,3.50851
58,1,58.5000,1.5000,1.0000,60.0000,0,0.385579,0.02725,2.31347,0.038558,ok,0.231059,,0.231059,2.31347,2.8097,0.224427,2.47239,1,0,5.7855,literature,0.40,1.48344,3.46135
59,1,59.5000,1.5000,1.0000,60.0000,0,0.376778,0.02725,2.26067,0.037678,ok,0.233425,,0.233425,2.26067,2.7813,0.225582,2.44487,1,0,5.7559,literature,0.40,1.46692,3.42282
0,2,0.5000,2.5000,1.0000,60.0000,0,0.385836,0.02725,2.31502,0.038584,ok,0.230991,,0.230991,2.31502,2.8106,0.224186,2.47821,1,0,5.7917,literature,0.40,1.48692,3.46949
1,2,1.5000,2.5000,1.0000,60.0000,0,0.394849,0.02725,2.36910,0.039485,ok,0.228680,,0.228680,2.36910,2.8390,0.223048,2.50608,1,0,5.8213,literature,0.40,1.50365,3.50851
2,2,2.5000,2.5000,1.0000,60.0000,0,0.404343,0.02725,2.42606,0.040434,ok,0.226357,,0.226357,2.42606,2.8681,0.221691,2.54013,1,0,5.8569,literature,0.40,1.52408,3.55618
3,2,3.5000,2.5000,1.0000,60.0000,0,0.414260,0.02725,2.48556,0.041426,ok,0.223884,,0.223884,2.48556,2.8998,0.220109,2.58103,1,0,5.8990,literature,0.40,1.54862,3.61344
4,2,4.5000,2.5000,1.0000,60.0000,0,0.424545,0.02725,2.54727,0.042455,ok,0.221411,,0.221411,2.54727,2.9322,0.218327,2.62868,1,0,5.9472,literature,0.40,1.57721,3.68015
5,2,5.5000,2.5000,1.0000,60.0000,0,0.435141,0.02725,2.61084,0.043514,ok,0.218986,,0.218986,2.61084,2.9646,0.216388,2.68257,1,0,6.0005,literature,0.40,1.60954,3.75560
6,2,6.5000,2.5000,1.0000,60.0000,0,0.445991,0.02725,2.67594,0.044599,ok,0.216622,,0.216622,2.67594,2.9970,0.214347,2.74175,1,0,6.0576,literature,0.40,1.64505,3.83844
7,2,7.5000,2.5000,1.0000,60.0000,0,0.457038,0.02725,2.74223,0.045704,ok,0.214331,,0.214331,2.74223,3.0290,0.212239,2.80569,1,0,6.1178,literature,0.40,1.68341,3.92796
8,2,8.5000,2.5000,1.0000,60.0000,0,0.468228,0.02725,2.80937,0.046823,ok,0.212120,,0.212120,2.80937,3.0606,0.210155,2.87186,1,0,6.1784,literature,0.40,1.72312,4.02061
9,2,9.5000,2.5000,1.0000,60.0000,0,0.479502,0.02725,2.87701,0.047950,ok,0.209997,,0.209997,2.87701,3.0915,0.208114,2.93980,1,0,6.2390,literature,0.40,1.76388,4.11572
10,2,10.5000,2.5000,1.0000,60.0000,0,0.490804,0.02725,2.94482,0.049080,ok,0.207967,,0.207967,2.94482,3.1217,0.206139,3.00865,1,0,6.2988,literature,0.40,1.80519,4.21211
11,2,11.5000,2.5000,1.0000,60.0000,0,0.502078,0.02725,3.01247,0.050208,ok,0.206032,,0.206032,3.01247,3.1510,0.204240,3.07800,1,0,6.3574,literature,0.40,1.84680,4.30920
12,2,12.5000,2.5000,1.0000,60.0000,0,0.513267,0.02725,3.07960,0.051327,ok,0.204197,,0.204197,3.07960,3.1794,0.202434,3.14695,1,0,6.4141,literature,0.40,1.88817,4.40573
13,2,13.5000,2.5000,1.0000,60.0000,0,0.524315,0.02725,3.14589,0.052431,ok,0.202461,,0.202461,3.14589,3.2066,0.200724,3.21513,1,0,6.4687,literature,0.40,1.92908,4.50118
14,2,14.5000,2.5000,1.0000,60.0000,0,0.535165,0.02725,3.21099,0.053516,ok,0.200826,,0.200826,3.21099,3.2327,0.199113,3.28217,1,0,6.5211,literature,0.40,1.96930,4.59503
15,2,15.5000,2.5000,1.0000,60.0000,0,0.545760,0.02725,3.27456,0.054576,ok,0.199292,,0.199292,3.27456,3.2576,0.197600,3.34770,1,0,6.5710,literature,0.40,2.00862,4.68678
16,2,16.5000,2.5000,1.0000,60.0000,0,0.556045,0.02725,3.33627,0.055604,ok,0.197859,,0.197859,3.33627,3.2812,0.196186,3.41137,1,0,6.6184,literature,0.40,2.04682,4.77591
17,2,17.5000,2.5000,1.0000,60.0000,0,0.565962,0.02725,3.39577,0.056596,ok,0.196527,,0.196527,3.39577,3.3034,0.194870,3.47279,1,0,6.6630,literature,0.40,2.08368,4.86191
18,2,18.5000,2.5000,1.0000,60.0000,0,0.575456,0.02725,3.45273,0.057546,ok,0.195295,,0.195295,3.45273,3.3243,0.193654,3.53161,1,0,6.7049,literature,0.40,2.11897,4.94426
19,2,19.5000,2.5000,1.0000,60.0000,0,0.584469,0.02725,3.50681,0.058447,ok,0.194162,,0.194162,3.50681,3.3437,0.192531,3.58769,1,0,6.7440,literature,0.40,2.15261,5.02277
20,2,20.5000,2.5000,1.0000,60.0000,0,0.592945,0.02725,3.55767,0.059294,ok,0.193128,,0.193128,3.55767,3.3616,0.191511,3.64020,1,0,6.7799,literature,0.40,2.18412,5.09629
21,2,21.5000,2.5000,1.0000,60.0000,0,0.600827,0.02725,3.60496,0.060083,ok,0.192192,,0.192192,3.60496,3.3779,0.190589,3.68900,1,0,6.8127,literature,0.40,2.21340,5.16459
22,2,22.5000,2.5000,1.0000,60.0000,0,0.608060,0.02725,3.64836,0.060806,ok,0.191355,,0.191355,3.64836,3.3927,0.189766,3.73369,1,0,6.8423,literature,0.40,2.24022,5.22717
23,2,23.5000,2.5000,1.0000,60.0000,0,0.614586,0.02725,3.68752,0.061459,ok,0.190617,,0.190617,3.68752,3.4059,0.189042,3.77391,1,0,6.8685,literature,0.40,2.26435,5.28348
24,2,24.5000,2.5000,1.0000,60.0000,0,0.620349,0.02725,3.72209,0.062035,ok,0.189978,,0.189978,3.72209,3.4173,0.188418,3.80929,1,0,6.8912,literature,0.40,2.28558,5.33301
25,2,25.5000,2.5000,1.0000,60.0000,0,0.625292,0.02725,3.75175,0.062529,ok,0.189439,,0.189439,3.75175,3.4270,0.187894,3.83946,1,0,6.9104,literature,0.40,2.30368,5.37525
26,2,26.5000,2.5000,1.0000,60.0000,0,0.629360,0.02725,3.77616,0.062936,ok,0.189002,,0.189002,3.77616,3.4350,0.187473,3.86408,1,0,6.9259,literature,0.40,2.31845,5.40971
27,2,27.5000,2.5000,1.0000,60.0000,0,0.632494,0.02725,3.79496,0.063249,ok,0.188669,,0.188669,3.79496,3.4410,0.187156,3.88285,1,0,6.9377,literature,0.40,2.32971,5.43599
28,2,28.5000,2.5000,1.0000,60.0000,0,0.634640,0.02725,3.80784,0.063464,ok,0.188443,,0.188443,3.80784,3.4452,0.186944,3.89551,1,0,6.9456,literature,0.40,2.33731,5.45372
29,2,29.5000,2.5000,1.0000,60.0000,0,0.635740,0.02725,3.81444,0.063574,ok,0.188328,,0.188328,3.81444,3.4473,0.186837,3.90189,1,0,6.9495,literature,0.40,2.34114,5.46265
30,2,30.5000,2.5000,1.0000,60.0000,0,0.635740,0.02725,3.81444,0.063574,ok,0.188328,,0.188328,3.81444,3.4473,0.186837,3.90189,1,0,6.9495,literature,0.40,2.34114,5.46265
31,2,31.5000,2.5000,1.0000,60.0000,0,0.634640,0.02725,3.80784,0.063464,ok,0.188443,,0.188443,3.80784,3.4452,0.186944,3.89551,1,0,6.9456,literature,0.40,2.33731,5.45372
32,2,32.5000,2.5000,1.0000,60.0000,0,0.632494,0.02725,3.79496,0.063249,ok,0.188669,,0.188669,3.79496,3.4410,0.187156,3.88285,1,0,6.9377,literature,0.40,2.32971,5.43599
33,2,33.5000,2.5000,1.0000,60.0000,0,0.629360,0.02725,3.77616,0.062936,ok,0.189002,,0.189002,3.77616,3.4350,0.187473,3.86408,1,0,6.9259,literature,0.40,2.31845,5.40971
34,2,34.5000,2.5000,1.0000,60.0000,0,0.625292,0.02725,3.75175,0.062529,ok,0.189439,,0.189439,3.75175,3.4270,0.187894,3.83946,1,0,6.9104,literature,0.40,2.30368,5.37525
35,2,35.5000,2.5000,1.0000,60.0000,0,0.620349,0.02725,3.72209,0.062035,ok,0.189978,,0.189978,3.72209,3.4173,0.188418,3.80929,1,0,6.8912,literature,0.40,2.28558,5.33301
36,2,36.5000,2.5000,1.0000,60.0000,0,0.614586,0.02725,3.68752,0.061459,ok,0.190617,,0.190617,3.68752,3.4059,0.189042,3.77391,1,0,6.8685,literature,0.40,2.26435,5.28348
37,2,37.5000,2.5000,1.0000,60.0000,0,0.608060,0.02725,3.64836,0.060806,ok,0.191355,,0.191355,3.64836,3.3927,0.189766,3.73369,1,0,6.8423,literature,0.40,2.24022,5.22717
38,2,38.5000,2.5000,1.0000,60.0000,0,0.600827,0.02725,3.60496,0.060083,ok,0.192192,,0.192192,3.60496,3.3779,0.190589,3.68900,1,0,6.8127,literature,0.40,2.21340,5.16459
39,2,39.5000,2.5000,1.0000,60.0000,0,0.592945,0.02725,3.55767,0.059294,ok,0.193128,,0.193128,3.55767,3.3616,0.191511,3.64020,1,0,6.7799,literature,0.40,2.18412,5.09629
40,2,40.5000,2.5000,1.0000,60.0000,0,0.584469,0.02725,3.50681,0.058447,ok,0.194162,,0.194162,3.50681,3.3437,0.192531,3.58769,1,0,6.7440,literature,0.40,2.15261,5.02277
41,2,41.5000,2.5000,1.0000,60.0000,0,0.575456,0.02725,3.45273,0.057546,ok,0.195295,,0.195295,3.45273,3.3243,0.193654,3.53161,1,0,6.7049,literature,0.40,2.11897,4.94426
42,2,42.5000,2.5000,1.0000,60.0000,0,0.565962,0.02725,3.39577,0.056596,ok,0.196527,,0.196527,3.39577,3.3034,0.194870,3.47279,1,0,6.6630,literature,0.40,2.08368,4.86191
43,2,43.5000,2.5000,1.0000,60.0000,0,0.556045,0.02725,3.33627,0.055604,ok,0.197859,,0.197859,3.33627,3.2812,0.196186,3.41137,1,0,6.6184,literature,0.40,2.04682,4.77591
44,2,44.5000,2.5000,1.0000,60.0000,0,0.545760,0.02725,3.27456,0.054576,ok,0.199292,,0.199292,3.27456,3.2576,0.197600,3.34770,1,0,6.5710,literature,0.40,2.00862,4.68678
45,2,45.5000,2.5000,1.0000,60.0000,0,0.535165,0.02725,3.21099,0.053516,ok,0.200826,,0.200826,3.21099,3.2327,0.199113,3.28217,1,0,6.5211,literature,0.40,1.96930,4.59503
46,2,46.5000,2.5000,1.0000,60.0000,0,0.524315,0.02725,3.14589,0.052431,ok,0.202461,,0.202461,3.14589,3.2066,0.200724,3.21513,1,0,6.4687,literature,0.40,1.92908,4.50118
47,2,47.5000,2.5000,1.0000,60.0000,0,0.513267,0.02725,3.07960,0.051327,ok,0.204197,,0.204197,3.07960,3.1794,0.202434,3.14695,1,0,6.4141,literature,0.40,1.88817,4.40573
48,2,48.5000,2.5000,1.0000,60.0000,0,0.502078,0.02725,3.01247,0.050208,ok,0.206032,,0.206032,3.01247,3.1510,0.204240,3.07800,1,0,6.3574,literature,0.40,1.84680,4.30920
49,2,49.5000,2.5000,1.0000,60.0000,0,0.490804,0.02725,2.94482,0.049080,ok,0.207967,,0.207967,2.94482,3.1217,0.206139,3.00865,1,0,6.2988,literature,0.40,1.80519,4.21211
50,2,50.5000,2.5000,1.0000,60.0000,0,0.479502,0.02725,2.87701,0.047950,ok,0.209997,,0.209997,2.87701,3.0915,0.208114,2.93980,1,0,6.2390,literature,0.40,1.76388,4.11572
51,2,51.5000,2.5000,1.0000,60.0000,0,0.468228,0.02725,2.80937,0.046823,ok,0.212120,,0.212120,2.80937,3.0606,0.210155,2.87186,1,0,6.1784,literature,0.40,1.72312,4.02061
52,2,52.5000,2.5000,1.0000,60.0000,0,0.457038,0.02725,2.74223,0.045704,ok,0.214331,,0.214331,2.74223,3.0290,0.212239,2.80569,1,0,6.1178,literature,0.40,1.68341,3.92796
53,2,53.5000,2.5000,1.0000,60.0000,0,0.445991,0.02725,2.67594,0.044599,ok,0.216622,,0.216622,2.67594,2.9970,0.214347,2.74175,1,0,6.0576,literature,0.40,1.64505,3.83844
54,2,54.5000,2.5000,1.0000,60.0000,0,0.435141,0.02725,2.61084,0.043514,ok,0.218986,,0.218986,2.61084,2.9646,0.216388,2.68257,1,0,6.0005,literature,0.40,1.60954,3.75560
55,2,55.5000,2.5000,1.0000,60.0000,0,0.424545,0.02725,2.54727,0.042455,ok,0.221411,,0.221411,2.54727,2.9322,0.218327,2.62868,1,0,5.9472,literature,0.40,1.57721,3.68015
56,2,56.5000,2.5000,1.0000,60.0000,0,0.414260,0.02725,2.48556,0.041426,ok,0.223884,,0.223884,2.48556,2.8998,0.220109,2.58103,1,0,5.8990,literature,0.40,1.54862,3.61344
57,2,57.5000,2.5000,1.0000,60.0000,0,0.404343,0.02725,2.42606,0.040434,ok,0.226357,,0.226357,2.42606,2.8681,0.221691,2.54013,1,0,5.8569,literature,0.40,1.52408,3.55618
58,2,58.5000,2.5000,1.0000,60.0000,0,0.394849,0.02725,2.36910,0.039485,ok,0.228680,,0.228680,2.36910,2.8390,0.223048,2.50608,1,0,5.8213,literature,0.40,1.50365,3.50851
59,2,59.5000,2.5000,1.0000,60.0000,0,0.385836,0.02725,2.31502,0.038584,ok,0.230991,,0.230991,2.31502,2.8106,0.224186,2.47821,1,0,5.7917,literature,0.40,1.48692,3.46949
0,3,0.5000,3.5000,1.0000,60.0000,0,0.395300,0.02725,2.37180,0.039530,ok,0.228567,,0.228567,2.37180,2.8404,0.222560,2.51823,1,0,5.8341,literature,0.40,1.51094,3.52552
1,3,1.5000,3.5000,1.0000,60.0000,0,0.404534,0.02725,2.42720,0.040453,ok,0.226312,,0.226312,2.42720,2.8687,0.221443,2.54645,1,0,5.8635,literature,0.40,1.52787,3.56503
2,3,2.5000,3.5000,1.0000,60.0000,0,0.414260,0.02725,2.48556,0.041426,ok,0.223884,,0.223884,2.48556,2.8998,0.220109,2.58103,1,0,5.8990,literature,0.40,1.54862,3.61344
3,3,3.5000,3.5000,1.0000,60.0000,0,0.424421,0.02725,2.54653,0.042442,ok,0.221440,,0.221440,2.54653,2.9318,0.218561,2.62232,1,0,5.9408,literature,0.40,1.57339,3.67125
4,3,4.5000,3.5000,1.0000,60.0000,0,0.434958,0.02725,2.60975,0.043496,ok,0.219027,,0.219027,2.60975,2.9641,0.216820,2.67037,1,0,5.9885,literature,0.40,1.60222,3.73852
5,3,5.5000,3.5000,1.0000,60.0000,0,0.445813,0.02725,2.67488,0.044581,ok,0.216660,,0.216660,2.67488,2.9965,0.214926,2.72471,1,0,6.0413,literature,0.40,1.63482,3.81459
6,3,6.5000,3.5000,1.0000,60.0000,0,0.456930,0.02725,2.74158,0.045693,ok,0.214353,,0.214353,2.74158,3.0287,0.212908,2.78506,1,0,6.0985,literature,0.40,1.67104,3.89909
7,3,7.5000,3.5000,1.0000,60.0000,0,0.468248,0.02725,2.80949,0.046825,ok,0.212116,,0.212116,2.80949,3.0607,0.210865,2.84898,1,0,6.1576,literature,0.40,1.70939,3.98857
8,3,8.5000,3.5000,1.0000,60.0000,0,0.479712,0.02725,2.87827,0.047971,ok,0.209959,,0.209959,2.87827,3.0921,0.208824,2.91581,1,0,6.2178,literature,0.40,1.74949,4.08213
9,3,9.5000,3.5000,1.0000,60.0000,0,0.491262,0.02725,2.94757,0.049126,ok,0.207886,,0.207886,2.94757,3.1229,0.206822,2.98448,1,0,6.2780,literature,0.40,1.79069,4.17827
10,3,10.5000,3.5000,1.0000,60.0000,0,0.502842,0.02725,3.01705,0.050284,ok,0.205904,,0.205904,3.01705,3.1530,0.204885,3.05409,1,0,6.3374,literature,0.40,1.83246,4.27573
11,3,11.5000,3.5000,1.0000,60.0000,0,0.514392,0.02725,3.08635,0.051439,ok,0.204016,,0.204016,3.08635,3.1822,0.203019,3.12427,1,0,6.3956,literature,0.40,1.87456,4.37398
12,3,12.5000,3.5000,1.0000,60.0000,0,0.525856,0.02725,3.15513,0.052586,ok,0.202225,,0.202225,3.15513,3.2104,0.201245,3.19404,1,0,6.4520,literature,0.40,1.91642,4.47165
13,3,13.5000,3.5000,1.0000,60.0000,0,0.537174,0.02725,3.22305,0.053717,ok,0.200531,,0.200531,3.22305,3.2375,0.199566,3.26303,1,0,6.5063,literature,0.40,1.95782,4.56824
14,3,14.5000,3.5000,1.0000,60.0000,0,0.548291,0.02725,3.28974,0.054829,ok,0.198935,,0.198935,3.28974,3.2635,0.197983,3.33087,1,0,6.5583,literature,0.40,1.99852,4.66322
15,3,15.5000,3.5000,1.0000,60.0000,0,0.559146,0.02725,3.35488,0.055915,ok,0.197438,,0.197438,3.35488,3.2882,0.196496,3.39720,1,0,6.6079,literature,0.40,2.03832,4.75608
16,3,16.5000,3.5000,1.0000,60.0000,0,0.569683,0.02725,3.41810,0.056968,ok,0.196039,,0.196039,3.41810,3.3117,0.195106,3.46164,1,0,6.6550,literature,0.40,2.07698,4.84630
17,3,17.5000,3.5000,1.0000,60.0000,0,0.579844,0.02725,3.47906,0.057984,ok,0.194739,,0.194739,3.47906,3.3338,0.193808,3.52402,1,0,6.6996,literature,0.40,2.11441,4.93363
18,3,18.5000,3.5000,1.0000,60.0000,0,0.589570,0.02725,3.53742,0.058957,ok,0.193536,,0.193536,3.53742,3.3545,0.192612,3.58360,1,0,6.7412,literature,0.40,2.15016,5.01704
19,3,19.5000,3.5000,1.0000,60.0000,0,0.598804,0.02725,3.59282,0.059880,ok,0.192430,,0.192430,3.59282,3.3738,0.191511,3.64018,1,0,6.7799,literature,0.40,2.18411,5.09625
20,3,20.5000,3.5000,1.0000,60.0000,0,0.607488,0.02725,3.64493,0.060749,ok,0.191421,,0.191421,3.64493,3.3916,0.190507,3.69339,1,0,6.8156,literature,0.40,2.21603,5.17074
21,3,21.5000,3.5000,1.0000,60.0000,0,0.615564,0.02725,3.69338,0.061556,ok,0.190508,,0.190508,3.69338,3.4078,0.189600,3.74285,1,0,6.8483,literature,0.40,2.24571,5.23999
22,3,22.5000,3.5000,1.0000,60.0000,0,0.622974,0.02725,3.73784,0.062297,ok,0.189691,,0.189691,3.73784,3.4225,0.188789,3.78818,1,0,6.8777,literature,0.40,2.27291,5.30345
23,3,23.5000,3.5000,1.0000,60.0000,0,0.629660,0.02725,3.77796,0.062966,ok,0.188970,,0.188970,3.77796,3.4355,0.188075,3.82899,1,0,6.9038,literature,0.40,2.29739,5.36059
24,3,24.5000,3.5000,1.0000,60.0000,0,0.635564,0.02725,3.81339,0.063556,ok,0.188346,,0.188346,3.81339,3.4469,0.187459,3.86490,1,0,6.9265,literature,0.40,2.31894,5.41086
25,3,25.5000,3.5000,1.0000,60.0000,0,0.640629,0.02725,3.84377,0.064063,ok,0.187820,,0.187820,3.84377,3.4566,0.186943,3.89554,1,0,6.9456,literature,0.40,2.33732,5.45376
26,3,26.5000,3.5000,1.0000,60.0000,0,0.644796,0.02725,3.86878,0.064480,ok,0.187394,,0.187394,3.86878,3.4644,0.186528,3.92055,1,0,6.9611,literature,0.40,2.35233,5.48878
27,3,27.5000,3.5000,1.0000,60.0000,0,0.648007,0.02725,3.88804,0.064801,ok,0.187069,,0.187069,3.88804,3.4705,0.186215,3.93963,1,0,6.9728,literature,0.40,2.36378,5.51548
28,3,28.5000,3.5000,1.0000,60.0000,0,0.650206,0.02725,3.90123,0.065021,ok,0.186848,,0.186848,3.90123,3.4746,0.186005,3.95250,1,0,6.9806,literature,0.40,2.37150,5.53350
29,3,29.5000,3.5000,1.0000,60.0000,0,0.651332,0.02725,3.90799,0.065133,ok,0.186736,,0.186736,3.90799,3.4767,0.185900,3.95899,1,0,6.9846,literature,0.40,2.37539,5.54258
30,3,30.5000,3.5000,1.0000,60.0000,0,0.651332,0.02725,3.90799,0.065133,ok,0.186736,,0.186736,3.90799,3.4767,0.185900,3.95899,1,0,6.9846,literature,0.40,2.37539,5.54258
31,3,31.5000,3.5000,1.0000,60.0000,0,0.650206,0.02725,3.90123,0.065021,ok,0.186848,,0.186848,3.90123,3.4746,0.186005,3.95250,1,0,6.9806,literature,0.40,2.37150,5.53350
32,3,32.5000,3.5000,1.0000,60.0000,0,0.648007,0.02725,3.88804,0.064801,ok,0.187069,,0.187069,3.88804,3.4705,0.186215,3.93963,1,0,6.9728,literature,0.40,2.36378,5.51548
33,3,33.5000,3.5000,1.0000,60.0000,0,0.644796,0.02725,3.86878,0.064480,ok,0.187394,,0.187394,3.86878,3.4644,0.186528,3.92055,1,0,6.9611,literature,0.40,2.35233,5.48878
34,3,34.5000,3.5000,1.0000,60.0000,0,0.640629,0.02725,3.84377,0.064063,ok,0.187820,,0.187820,3.84377,3.4566,0.186943,3.89554,1,0,6.9456,literature,0.40,2.33732,5.45376
35,3,35.5000,3.5000,1.0000,60.0000,0,0.635564,0.02725,3.81339,0.063556,ok,0.188346,,0.188346,3.81339,3.4469,0.187459,3.86490,1,0,6.9265,literature,0.40,2.31894,5.41086
36,3,36.5000,3.5000,1.0000,60.0000,0,0.629660,0.02725,3.77796,0.062966,ok,0.188970,,0.188970,3.77796,3.4355,0.188075,3.82899,1,0,6.9038,literature,0.40,2.29739,5.36059
37,3,37.5000,3.5000,1.0000,60.0000,0,0.622974,0.02725,3.73784,0.062297,ok,0.189691,,0.189691,3.73784,3.4225,0.188789,3.78818,1,0,6.8777,literature,0.40,2.27291,5.30345
38,3,38.5000,3.5000,1.0000,60.0000,0,0.615564,0.02725,3.69338,0.061556,ok,0.190508,,0.190508,3.69338,3.4078,0.189600,3.74285,1,0,6.8483,literature,0.40,2.24571,5.23999
39,3,39.5000,3.5000,1.0000,60.0000,0,0.607488,0.02725,3.64493,0.060749,ok,0.191421,,0.191421,3.64493,3.3916,0.190507,3.69339,1,0,6.8156,literature,0.40,2.21603,5.17074
40,3,40.5000,3.5000,1.0000,60.0000,0,0.598804,0.02725,3.59282,0.059880,ok,0.192430,,0.192430,3.59282,3.3738,0.191511,3.64018,1,0,6.7799,literature,0.40,2.18411,5.09625
41,3,41.5000,3.5000,1.0000,60.0000,0,0.589570,0.02725,3.53742,0.058957,ok,0.193536,,0.193536,3.53742,3.3545,0.192612,3.58360,1,0,6.7412,literature,0.40,2.15016,5.01704
42,3,42.5000,3.5000,1.0000,60.0000,0,0.579844,0.02725,3.47906,0.057984,ok,0.194739,,0.194739,3.47906,3.3338,0.193808,3.52402,1,0,6.6996,literature,0.40,2.11441,4.93363
43,3,43.5000,3.5000,1.0000,60.0000,0,0.569683,0.02725,3.41810,0.056968,ok,0.196039,,0.196039,3.41810,3.3117,0.195106,3.46164,1,0,6.6550,literature,0.40,2.07698,4.84630
44,3,44.5000,3.5000,1.0000,60.0000,0,0.559146,0.02725,3.35488,0.055915,ok,0.197438,,0.197438,3.35488,3.2882,0.196496,3.39720,1,0,6.6079,literature,0.40,2.03832,4.75608
45,3,45.5000,3.5000,1.0000,60.0000,0,0.548291,0.02725,3.28974,0.054829,ok,0.198935,,0.198935,3.28974,3.2635,0.197983,3.33087,1,0,6.5583,literature,0.40,1.99852,4.66322
46,3,46.5000,3.5000,1.0000,60.0000,0,0.537174,0.02725,3.22305,0.053717,ok,0.200531,,0.200531,3.22305,3.2375,0.199566,3.26303,1,0,6.5063,literature,0.40,1.95782,4.56824
47,3,47.5000,3.5000,1.0000,60.0000,0,0.525856,0.02725,3.15513,0.052586,ok,0.202225,,0.202225,3.15513,3.2104,0.201245,3.19404,1,0,6.4520,literature,0.40,1.91642,4.47165
48,3,48.5000,3.5000,1.0000,60.0000,0,0.514392,0.02725,3.08635,0.051439,ok,0.204016,,0.204016,3.08635,3.1822,0.203019,3.12427,1,0,6.3956,literature,0.40,1.87456,4.37398
49,3,49.5000,3.5000,1.0000,60.0000,0,0.502842,0.02725,3.01705,0.050284,ok,0.205904,,0.205904,3.01705,3.1530,0.204885,3.05409,1,0,6.3374,literature,0.40,1.83246,4.27573
50,3,50.5000,3.5000,1.0000,60.0000,0,0.491262,0.02725,2.94757,0.049126,ok,0.207886,,0.207886,2.94757,3.1229,0.206822,2.98448,1,0,6.2780,literature,0.40,1.79069,4.17827
51,3,51.5000,3.5000,1.0000,60.0000,0,0.479712,0.02725,2.87827,0.047971,ok,0.209959,,0.209959,2.87827,3.0921,0.208824,2.91581,1,0,6.2178,literature,0.40,1.74949,4.08213
52,3,52.5000,3.5000,1.0000,60.0000,0,0.468248,0.02725,2.80949,0.046825,ok,0.212116,,0.212116,2.80949,3.0607,0.210865,2.84898,1,0,6.1576,literature,0.40,1.70939,3.98857
53,3,53.5000,3.5000,1.0000,60.0000,0,0.456930,0.02725,2.74158,0.045693,ok,0.214353,,0.214353,2.74158,3.0287,0.212908,2.78506,1,0,6.0985,literature,0.40,1.67104,3.89909
54,3,54.5000,3.5000,1.0000,60.0000,0,0.445813,0.02725,2.67488,0.044581,ok,0.216660,,0.216660,2.67488,2.9965,0.214926,2.72471,1,0,6.0413,literature,0.40,1.63482,3.81459
55,3,55.5000,3.5000,1.0000,60.0000,0,0.434958,0.02725,2.60975,0.043496,ok,0.219027,,0.219027,2.60975,2.9641,0.216820,2.67037,1,0,5.9885,literature,0.40,1.60222,3.73852
56,3,56.5000,3.5000,1.0000,60.0000,0,0.424421,0.02725,2.54653,0.042442,ok,0.221440,,0.221440,2.54653,2.9318,0.218561,2.62232,1,0,5.9408,literature,0.40,1.57339,3.67125
57,3,57.5000,3.5000,1.0000,60.0000,0,0.414260,0.02725,2.48556,0.041426,ok,0.223884,,0.223884,2.48556,2.8998,0.220109,2.58103,1,0,5.8990,literature,0.40,1.54862,3.61344
58,3,58.5000,3.5000,1.0000,60.0000,0,0.404534,0.02725,2.42720,0.040453,ok,0.226312,,0.226312,2.42720,2.8687,0.221443,2.54645,1,0,5.8635,literature,0.40,1.52787,3.56503
59,3,59.5000,3.5000,1.0000,60.0000,0,0.395300,0.02725,2.37180,0.039530,ok,0.228567,,0.228567,2.37180,2.8404,0.222560,2.51823,1,0,5.8341,literature,0.40,1.51094,3.52552
0,4,0.5000,4.5000,1.0000,60.0000,0,0.405114,0.02725,2.43068,0.040511,ok,0.226173,,0.226173,2.43068,2.8704,0.220724,2.56497,1,0,5.8826,literature,0.40,1.53898,3.59096
1,4,1.5000,4.5000,1.0000,60.0000,0,0.414577,0.02725,2.48746,0.041458,ok,0.223806,,0.223806,2.48746,2.9008,0.219628,2.59371,1,0,5.9119,literature,0.40,1.55622,3.63119
2,4,2.5000,4.5000,1.0000,60.0000,0,0.424545,0.02725,2.54727,0.042455,ok,0.221411,,0.221411,2.54727,2.9322,0.218327,2.62868,1,0,5.9472,literature,0.40,1.57721,3.68015
3,4,3.5000,4.5000,1.0000,60.0000,0,0.434958,0.02725,2.60975,0.043496,ok,0.219027,,0.219027,2.60975,2.9641,0.216820,2.67037,1,0,5.9885,literature,0.40,1.60222,3.73852
4,4,4.5000,4.5000,1.0000,60.0000,0,0.445757,0.02725,2.67454,0.044576,ok,0.216672,,0.216672,2.67454,2.9963,0.215126,2.71886,1,0,6.0357,literature,0.40,1.63132,3.80640
5,4,5.5000,4.5000,1.0000,60.0000,0,0.456882,0.02725,2.74129,0.045688,ok,0.214363,,0.214363,2.74129,3.0286,0.213260,2.77435,1,0,6.0885,literature,0.40,1.66461,3.88408
6,4,6.5000,4.5000,1.0000,60.0000,0,0.468274,0.02725,2.80964,0.046827,ok,0.212111,,0.212111,2.80964,3.0607,0.211314,2.83468,1,0,6.1446,literature,0.40,1.70081,3.96855
7,4,7.5000,4.5000,1.0000,60.0000,0,0.479873,0.02725,2.87924,0.047987,ok,0.209929,,0.209929,2.87924,3.0925,0.209321,2.89925,1,0,6.2031,literature,0.40,1.73955,4.05895
8,4,8.5000,4.5000,1.0000,60.0000,0,0.491622,0.02725,2.94973,0.049162,ok,0.207823,,0.207823,2.94973,3.1239,0.207328,2.96683,1,0,6.2627,literature,0.40,1.78010,4.15357
9,4,9.5000,4.5000,1.0000,60.0000,0,0.503459,0.02725,3.02075,0.050346,ok,0.205801,,0.205801,3.02075,3.1546,0.205371,3.03631,1,0,6.3224,literature,0.40,1.82179,4.25084
10,4,10.5000,4.5000,1.0000,60.0000,0,0.515326,0.02725,3.09195,0.051533,ok,0.203868,,0.203868,3.09195,3.1845,0.203476,3.10679,1,0,6.3813,literature,0.40,1.86407,4.34951
11,4,11.5000,4.5000,1.0000,60.0000,0,0.527163,0.02725,3.16298,0.052716,ok,0.202025,,0.202025,3.16298,3.2135,0.201649,3.17789,1,0,6.4391,literature,0.40,1.90674,4.44905
12,4,12.5000,4.5000,1.0000,60.0000,0,0.538911,0.02725,3.23347,0.053891,ok,0.200277,,0.200277,3.23347,3.2416,0.199912,3.24859,1,0,6.4950,literature,0.40,1.94915,4.54802
13,4,13.5000,4.5000,1.0000,60.0000,0,0.550511,0.02725,3.30306,0.055051,ok,0.198624,,0.198624,3.30306,3.2686,0.198267,3.31849,1,0,6.5489,literature,0.40,1.99110,4.64589
14,4,14.5000,4.5000,1.0000,60.0000,0,0.561903,0.02725,3.37142,0.056190,ok,0.197067,,0.197067,3.37142,3.2944,0.196715,3.38725,1,0,6.6006,literature,0.40,2.03235,4.74214
15,4,15.5000,4.5000,1.0000,60.0000,0,0.573028,0.02725,3.43817,0.057303,ok,0.195606,,0.195606,3.43817,3.3190,0.195258,3.45447,1,0,6.6498,literature,0.40,2.07268,4.83626
16,4,16.5000,4.5000,1.0000,60.0000,0,0.583827,0.02725,3.50296,0.058383,ok,0.194241,,0.194241,3.50296,3.3423,0.193891,3.51998,1,0,6.6967,literature,0.40,2.11199,4.92797
17,4,17.5000,4.5000,1.0000,60.0000,0,0.594239,0.02725,3.56544,0.059424,ok,0.192972,,0.192972,3.56544,3.3643,0.192622,3.58306,1,0,6.7408,literature,0.40,2.14983,5.01628
18,4,18.5000,4.5000,1.0000,60.0000,0,0.604207,0.02725,3.62524,0.060421,ok,0.191799,,0.191799,3.62524,3.3849,0.191448,3.64349,1,0,6.7822,literature,0.40,2.18610,5.10089
19,4,19.5000,4.5000,1.0000,60.0000,0,0.613670,0.02725,3.68202,0.061367,ok,0.190719,,0.190719,3.68202,3.4040,0.190368,3.70092,1,0,6.8206,literature,0.40,2.22055,5.18129
20,4,20.5000,4.5000,1.0000,60.0000,0,0.622570,0.02725,3.73542,0.062257,ok,0.189735,,0.189735,3.73542,3.4217,0.189381,3.75496,1,0,6.8562,literature,0.40,2.25298,5.25695
21,4,21.5000,4.5000,1.0000,60.0000,0,0.630846,0.02725,3.78508,0.063085,ok,0.188844,,0.188844,3.78508,3.4378,0.188489,3.80523,1,0,6.8886,literature,0.40,2.28314,5.32732
22,4,22.5000,4.5000,1.0000,60.0000,0,0.638440,0.02725,3.83064,0.063844,ok,0.188046,,0.188046,3.83064,3.4524,0.187691,3.85132,1,0,6.9179,literature,0.40,2.31079,5.39185
23,4,23.5000,4.5000,1.0000,60.0000,0,0.645292,0.02725,3.87175,0.064529,ok,0.187343,,0.187343,3.87175,3.4654,0.186988,3.89286,1,0,6.9439,literature,0.40,2.33572,5.45000
24,4,24.5000,4.5000,1.0000,60.0000,0,0.651343,0.02725,3.90806,0.065134,ok,0.186735,,0.186735,3.90806,3.4767,0.186382,3.92943,1,0,6.9665,literature,0.40,2.35766,5.50120
25,4,25.5000,4.5000,1.0000,60.0000,0,0.656534,0.02725,3.93920,0.065653,ok,0.186221,,0.186221,3.93920,3.4863,0.185873,3.96065,1,0,6.9856,literature,0.40,2.37639,5.54492
26,4,26.5000,4.5000,1.0000,60.0000,0,0.660804,0.02725,3.96482,0.066080,ok,0.185805,,0.185805,3.96482,3.4941,0.185463,3.98616,1,0,7.0010,literature,0.40,2.39170,5.58062
27,4,27.5000,4.5000,1.0000,60.0000,0,0.664095,0.02725,3.98457,0.066410,ok,0.185488,,0.185488,3.98457,3.5000,0.185154,4.00562,1,0,7.0127,literature,0.40,2.40337,5.60786
28,4,28.5000,4.5000,1.0000,60.0000,0,0.666348,0.02725,3.99809,0.066635,ok,0.185273,,0.185273,3.99809,3.5041,0.184947,4.01875,1,0,7.0206,literature,0.40,2.41125,5.62625
29,4,29.5000,4.5000,1.0000,60.0000,0,0.667503,0.02725,4.00502,0.066750,ok,0.185163,,0.185163,4.00502,3.5062,0.184843,4.02537,1,0,7.0245,literature,0.40,2.41522,5.63552
30,4,30.5000,4.5000,1.0000,60.0000,0,0.667503,0.02725,4.00502,0.066750,ok,0.185163,,0.185163,4.00502,3.5062,0.184843,4.02537,1,0,7.0245,literature,0.40,2.41522,5.63552
31,4,31.5000,4.5000,1.0000,60.0000,0,0.666348,0.02725,3.99809,0.066635,ok,0.185273,,0.185273,3.99809,3.5041,0.184947,4.01875,1,0,7.0206,literature,0.40,2.41125,5.62625
32,4,32.5000,4.5000,1.0000,60.0000,0,0.664095,0.02725,3.98457,0.066410,ok,0.185488,,0.185488,3.98457,3.5000,0.185154,4.00562,1,0,7.0127,literature,0.40,2.40337,5.60786
33,4,33.5000,4.5000,1.0000,60.0000,0,0.660804,0.02725,3.96482,0.066080,ok,0.185805,,0.185805,3.96482,3.4941,0.185463,3.98616,1,0,7.0010,literature,0.40,2.39170,5.58062
34,4,34.5000,4.5000,1.0000,60.0000,0,0.656534,0.02725,3.93920,0.065653,ok,0.186221,,0.186221,3.93920,3.4863,0.185873,3.96065,1,0,6.9856,literature,0.40,2.37639,5.54492
35,4,35.5000,4.5000,1.0000,60.0000,0,0.651343,0.02725,3.90806,0.065134,ok,0.186735,,0.186735,3.90806,3.4767,0.186382,3.92943,1,0,6.9665,literature,0.40,2.35766,5.50120
36,4,36.5000,4.5000,1.0000,60.0000,0,0.645292,0.02725,3.87175,0.064529,ok,0.187343,,0.187343,3.87175,3.4654,0.186988,3.89286,1,0,6.9439,literature,0.40,2.33572,5.45000
37,4,37.5000,4.5000,1.0000,60.0000,0,0.638440,0.02725,3.83064,0.063844,ok,0.188046,,0.188046,3.83064,3.4524,0.187691,3.85132,1,0,6.9179,literature,0.40,2.31079,5.39185
38,4,38.5000,4.5000,1.0000,60.0000,0,0.630846,0.02725,3.78508,0.063085,ok,0.188844,,0.188844,3.78508,3.4378,0.188489,3.80523,1,0,6.8886,literature,0.40,2.28314,5.32732
39,4,39.5000,4.5000,1.0000,60.0000,0,0.622570,0.02725,3.73542,0.062257,ok,0.189735,,0.189735,3.73542,3.4217,0.189381,3.75496,1,0,6.8562,literature,0.40,2.25298,5.25695
40,4,40.5000,4.5000,1.0000,60.0000,0,0.613670,0.02725,3.68202,0.061367,ok,0.190719,,0.190719,3.68202,3.4040,0.190368,3.70092,1,0,6.8206,literature,0.40,2.22055,5.18129
41,4,41.5000,4.5000,1.0000,60.0000,0,0.604207,0.02725,3.62524,0.060421,ok,0.191799,,0.191799,3.62524,3.3849,0.191448,3.64349,1,0,6.7822,literature,0.40,2.18610,5.10089
42,4,42.5000,4.5000,1.0000,60.0000,0,0.594239,0.02725,3.56544,0.059424,ok,0.192972,,0.192972,3.56544,3.3643,0.192622,3.58306,1,0,6.7408,literature,0.40,2.14983,5.01628
43,4,43.5000,4.5000,1.0000,60.0000,0,0.583827,0.02725,3.50296,0.058383,ok,0.194241,,0.194241,3.50296,3.3423,0.193891,3.51998,1,0,6.6967,literature,0.40,2.11199,4.92797
44,4,44.5000,4.5000,1.0000,60.0000,0,0.573028,0.02725,3.43817,0.057303,ok,0.195606,,0.195606,3.43817,3.3190,0.195258,3.45447,1,0,6.6498,literature,0.40,2.07268,4.83626
45,4,45.5000,4.5000,1.0000,60.0000,0,0.561903,0.02725,3.37142,0.056190,ok,0.197067,,0.197067,3.37142,3.2944,0.196715,3.38725,1,0,6.6006,literature,0.40,2.03235,4.74214
46,4,46.5000,4.5000,1.0000,60.0000,0,0.550511,0.02725,3.30306,0.055051,ok,0.198624,,0.198624,3.30306,3.2686,0.198267,3.31849,1,0,6.5489,literature,0.40,1.99110,4.64589
47,4,47.5000,4.5000,1.0000,60.0000,0,0.538911,0.02725,3.23347,0.053891,ok,0.200277,,0.200277,3.23347,3.2416,0.199912,3.24859,1,0,6.4950,literature,0.40,1.94915,4.54802
48,4,48.5000,4.5000,1.0000,60.0000,0,0.527163,0.02725,3.16298,0.052716,ok,0.202025,,0.202025,3.16298,3.2135,0.201649,3.17789,1,0,6.4391,literature,0.40,1.90674,4.44905
49,4,49.5000,4.5000,1.0000,60.0000,0,0.515326,0.02725,3.09195,0.051533,ok,0.203868,,0.203868,3.09195,3.1845,0.203476,3.10679,1,0,6.3813,literature,0.40,1.86407,4.34951
50,4,50.5000,4.5000,1.0000,60.0000,0,0.503459,0.02725,3.02075,0.050346,ok,0.205801,,0.205801,3.02075,3.1546,0.205371,3.03631,1,0,6.3224,literature,0.40,1.82179,4.25084
51,4,51.5000,4.5000,1.0000,60.0000,0,0.491622,0.02725,2.94973,0.049162,ok,0.207823,,0.207823,2.94973,3.1239,0.207328,2.96683,1,0,6.2627,literature,0.40,1.78010,4.15357
52,4,52.5000,4.5000,1.0000,60.0000,0,0.479873,0.02725,2.87924,0.047987,ok,0.209929,,0.209929,2.87924,3.0925,0.209321,2.89925,1,0,6.2031,literature,0.40,1.73955,4.05895
53,4,53.5000,4.5000,1.0000,60.0000,0,0.468274,0.02725,2.80964,0.046827,ok,0.212111,,0.212111,2.80964,3.0607,0.211314,2.83468,1,0,6.1446,literature,0.40,1.70081,3.96855
54,4,54.5000,4.5000,1.0000,60.0000,0,0.456882,0.02725,2.74129,0.045688,ok,0.214363,,0.214363,2.74129,3.0286,0.213260,2.77435,1,0,6.0885,literature,0.40,1.66461,3.88408
55,4,55.5000,4.5000,1.0000,60.0000,0,0.445757,0.02725,2.67454,0.044576,ok,0.216672,,0.216672,2.67454,2.9963,0.215126,2.71886,1,0,6.0357,literature,0.40,1.63132,3.80640
56,4,56.5000,4.5000,1.0000,60.0000,0,0.434958,0.02725,2.60975,0.043496,ok,0.219027,,0.219027,2.60975,2.9641,0.216820,2.67037,1,0,5.9885,literature,0.40,1.60222,3.73852
57,4,57.5000,4.5000,1.0000,60.0000,0,0.424545,0.02725,2.54727,0.042455,ok,0.221411,,0.221411,2.54727,2.9322,0.218327,2.62868,1,0,5.9472,literature,0.40,1.57721,3.68015
58,4,58.5000,4.5000,1.0000,60.0000,0,0.414577,0.02725,2.48746,0.041458,ok,0.223806,,0.223806,2.48746,2.9008,0.219628,2.59371,1,0,5.9119,literature,0.40,1.55622,3.63119
59,4,59.5000,4.5000,1.0000,60.0000,0,0.405114,0.02725,2.43068,0.040511,ok,0.226173,,0.226173,2.43068,2.8704,0.220724,2.56497,1,0,5.8826,literature,0.40,1.53898,3.59096
0,5,0.5000,5.5000,1.0000,60.0000,0,0.415225,0.02725,2.49135,0.041522,ok,0.223647,,0.223647,2.49135,2.9029,0.218718,2.61808,1,0,5.9366,literature,0.40,1.57085,3.66531
1,5,1.5000,5.5000,1.0000,60.0000,0,0.424924,0.02725,2.54954,0.042492,ok,0.221322,,0.221322,2.54954,2.9333,0.217652,2.64720,1,0,5.9656,literature,0.40,1.58832,3.70607
2,5,2.5000,5.5000,1.0000,60.0000,0,0.435141,0.02725,2.61084,0.043514,ok,0.218986,,0.218986,2.61084,2.9646,0.216388,2.68257,1,0,6.0005,literature,0.40,1.60954,3.75560
3,5,3.5000,5.5000,1.0000,60.0000,0,0.445813,0.02725,2.67488,0.044581,ok,0.216660,,0.216660,2.67488,2.9965,0.214926,2.72471,1,0,6.0413,literature,0.40,1.63482,3.81459
4,5,4.5000,5.5000,1.0000,60.0000,0,0.456882,0.02725,2.74129,0.045688,ok,0.214363,,0.214363,2.74129,3.0286,0.213260,2.77435,1,0,6.0885,literature,0.40,1.66461,3.88408
5,5,5.5000,5.5000,1.0000,60.0000,0,0.468284,0.02725,2.80971,0.046828,ok,0.212109,,0.212109,2.80971,3.0608,0.211468,2.82981,1,0,6.1401,literature,0.40,1.69789,3.96173
6,5,6.5000,5.5000,1.0000,60.0000,0,0.479961,0.02725,2.87976,0.047996,ok,0.209913,,0.209913,2.87976,3.0928,0.209577,2.89080,1,0,6.1955,literature,0.40,1.73448,4.04711
7,5,7.5000,5.5000,1.0000,60.0000,0,0.491850,0.02725,2.95110,0.049185,ok,0.207784,,0.207784,2.95110,3.1245,0.207637,2.95612,1,0,6.2534,literature,0.40,1.77367,4.13857
8,5,8.5000,5.5000,1.0000,60.0000,0,0.503891,0.02725,3.02335,0.050389,ok,0.205729,,0.205729,3.02335,3.1557,0.205696,3.02455,1,0,6.3124,literature,0.40,1.81473,4.23437
9,5,9.5000,5.5000,1.0000,60.0000,0,0.516024,0.02725,3.09614,0.051602,ok,0.203757,,0.203757,3.09614,3.1862,0.203788,3.09495,1,0,6.3715,literature,0.40,1.85697,4.33293
10,5,10.5000,5.5000,1.0000,60.0000,0,0.528187,0.02725,3.16912,0.052819,ok,0.201870,,0.201870,3.16912,3.2160,0.201939,3.16641,1,0,6.4298,literature,0.40,1.89984,4.43297
11,5,11.5000,5.5000,1.0000,60.0000,0,0.540320,0.02725,3.24192,0.054032,ok,0.200072,,0.200072,3.24192,3.2449,0.200154,3.23856,1,0,6.4872,literature,0.40,1.94313,4.53398
12,5,12.5000,5.5000,1.0000,60.0000,0,0.552361,0.02725,3.31417,0.055236,ok,0.198367,,0.198367,3.31417,3.2728,0.198456,3.31029,1,0,6.5427,literature,0.40,1.98618,4.63441
13,5,13.5000,5.5000,1.0000,60.0000,0,0.564250,0.02725,3.38550,0.056425,ok,0.196754,,0.196754,3.38550,3.2996,0.196848,3.38124,1,0,6.5961,literature,0.40,2.02874,4.73374
14,5,14.5000,5.5000,1.0000,60.0000,0,0.575927,0.02725,3.45556,0.057593,ok,0.195235,,0.195235,3.45556,3.3253,0.195331,3.45103,1,0,6.6473,literature,0.40,2.07062,4.83144
15,5,15.5000,5.5000,1.0000,60.0000,0,0.587329,0.02725,3.52398,0.058733,ok,0.193809,,0.193809,3.52398,3.3498,0.193902,3.51946,1,0,6.6963,literature,0.40,2.11168,4.92725
16,5,16.5000,5.5000,1.0000,60.0000,0,0.598397,0.02725,3.59038,0.059840,ok,0.192478,,0.192478,3.59038,3.3729,0.192568,3.58583,1,0,6.7427,literature,0.40,2.15150,5.02016
17,5,17.5000,5.5000,1.0000,60.0000,0,0.609070,0.02725,3.65442,0.060907,ok,0.191240,,0.191240,3.65442,3.3948,0.191325,3.64993,1,0,6.7865,literature,0.40,2.18996,5.10990
18,5,18.5000,5.5000,1.0000,60.0000,0,0.619287,0.02725,3.71572,0.061929,ok,0.190095,,0.190095,3.71572,3.4152,0.190174,3.71139,1,0,6.8276,literature,0.40,2.22683,5.19594
19,5,19.5000,5.5000,1.0000,60.0000,0,0.628986,0.02725,3.77392,0.062899,ok,0.189042,,0.189042,3.77392,3.4342,0.189115,3.76983,1,0,6.8658,literature,0.40,2.26190,5.27777
20,5,20.5000,5.5000,1.0000,60.0000,0,0.638108,0.02725,3.82865,0.063811,ok,0.188081,,0.188081,3.82865,3.4518,0.188146,3.82488,1,0,6.9012,literature,0.40,2.29493,5.35483
21,5,21.5000,5.5000,1.0000,60.0000,0,0.646591,0.02725,3.87955,0.064659,ok,0.187212,,0.187212,3.87955,3.4678,0.187269,3.87613,1,0,6.9335,literature,0.40,2.32568,5.42658
22,5,22.5000,5.5000,1.0000,60.0000,0,0.654374,0.02725,3.92625,0.065437,ok,0.186434,,0.186434,3.92625,3.4823,0.186485,3.92317,1,0,6.9627,literature,0.40,2.35390,5.49244
23,5,23.5000,5.5000,1.0000,60.0000,0,0.661397,0.02725,3.96838,0.066140,ok,0.185748,,0.185748,3.96838,3.4951,0.185793,3.96560,1,0,6.9886,literature,0.40,2.37936,5.55184
24,5,24.5000,5.5000,1.0000,60.0000,0,0.667599,0.02725,4.00560,0.066760,ok,0.185154,,0.185154,4.00560,3.5064,0.185195,4.00300,1,0,7.0111,literature,0.40,2.40180,5.60420
25,5,25.5000,5.5000,1.0000,60.0000,0,0.672919,0.02725,4.03751,0.067292,ok,0.184653,,0.184653,4.03751,3.5159,0.184693,4.03495,1,0,7.0302,literature,0.40,2.42097,5.64893
26,5,26.5000,5.5000,1.0000,60.0000,0,0.677296,0.02725,4.06378,0.067730,ok,0.184247,,0.184247,4.06378,3.5236,0.184289,4.06107,1,0,7.0456,literature,0.40,2.43664,5.68549
27,5,27.5000,5.5000,1.0000,60.0000,0,0.680670,0.02725,4.08402,0.068067,ok,0.183938,,0.183938,4.08402,3.5295,0.183984,4.08100,1,0,7.0573,literature,0.40,2.44860,5.71340
28,5,28.5000,5.5000,1.0000,60.0000,0,0.682979,0.02725,4.09787,0.068298,ok,0.183728,,0.183728,4.09787,3.5336,0.183779,4.09447,1,0,7.0652,literature,0.40,2.45668,5.73225
29,5,29.5000,5.5000,1.0000,60.0000,0,0.684162,0.02725,4.10497,0.068416,ok,0.183621,,0.183621,4.10497,3.5356,0.183677,4.10125,1,0,7.0691,literature,0.40,2.46075,5.74175
30,5,30.5000,5.5000,1.0000,60.0000,0,0.684162,0.02725,4.10497,0.068416,ok,0.183621,,0.183621,4.10497,3.5356,0.183677,4.10125,1,0,7.0691,literature,0.40,2.46075,5.74175
31,5,31.5000,5.5000,1.0000,60.0000,0,0.682979,0.02725,4.09787,0.068298,ok,0.183728,,0.183728,4.09787,3.5336,0.183779,4.09447,1,0,7.0652,literature,0.40,2.45668,5.73225
32,5,32.5000,5.5000,1.0000,60.0000,0,0.680670,0.02725,4.08402,0.068067,ok,0.183938,,0.183938,4.08402,3.5295,0.183984,4.08100,1,0,7.0573,literature,0.40,2.44860,5.71340
33,5,33.5000,5.5000,1.0000,60.0000,0,0.677296,0.02725,4.06378,0.067730,ok,0.184247,,0.184247,4.06378,3.5236,0.184289,4.06107,1,0,7.0456,literature,0.40,2.43664,5.68549
34,5,34.5000,5.5000,1.0000,60.0000,0,0.672919,0.02725,4.03751,0.067292,ok,0.184653,,0.184653,4.03751,3.5159,0.184693,4.03495,1,0,7.0302,literature,0.40,2.42097,5.64893
35,5,35.5000,5.5000,1.0000,60.0000,0,0.667599,0.02725,4.00560,0.066760,ok,0.185154,,0.185154,4.00560,3.5064,0.185195,4.00300,1,0,7.0111,literature,0.40,2.40180,5.60420
36,5,36.5000,5.5000,1.0000,60.0000,0,0.661397,0.02725,3.96838,0.066140,ok,0.185748,,0.185748,3.96838,3.4951,0.185793,3.96560,1,0,6.9886,literature,0.40,2.37936,5.55184
37,5,37.5000,5.5000,1.0000,60.0000,0,0.654374,0.02725,3.92625,0.065437,ok,0.186434,,0.186434,3.92625,3.4823,0.186485,3.92317,1,0,6.9627,literature,0.40,2.35390,5.49244
38,5,38.5000,5.5000,1.0000,60.0000,0,0.646591,0.02725,3.87955,0.064659,ok,0.187212,,0.187212,3.87955,3.4678,0.187269,3.87613,1,0,6.9335,literature,0.40,2.32568,5.42658
39,5,39.5000,5.5000,1.0000,60.0000,0,0.638108,0.02725,3.82865,0.063811,ok,0.188081,,0.188081,3.82865,3.4518,0.188146,3.82488,1,0,6.9012,literature,0.40,2.29493,5.35483
40,5,40.5000,5.5000,1.0000,60.0000,0,0.628986,0.02725,3.77392,0.062899,ok,0.189042,,0.189042,3.77392,3.4342,0.189115,3.76983,1,0,6.8658,literature,0.40,2.26190,5.27777
41,5,41.5000,5.5000,1.0000,60.0000,0,0.619287,0.02725,3.71572,0.061929,ok,0.190095,,0.190095,3.71572,3.4152,0.190174,3.71139,1,0,6.8276,literature,0.40,2.22683,5.19594
42,5,42.5000,5.5000,1.0000,60.0000,0,0.609070,0.02725,3.65442,0.060907,ok,0.191240,,0.191240,3.65442,3.3948,0.191325,3.64993,1,0,6.7865,literature,0.40,2.18996,5.10990
43,5,43.5000,5.5000,1.0000,60.0000,0,0.598397,0.02725,3.59038,0.059840,ok,0.192478,,0.192478,3.59038,3.3729,0.192568,3.58583,1,0,6.7427,literature,0.40,2.15150,5.02016
44,5,44.5000,5.5000,1.0000,60.0000,0,0.587329,0.02725,3.52398,0.058733,ok,0.193809,,0.193809,3.52398,3.3498,0.193902,3.51946,1,0,6.6963,literature,0.40,2.11168,4.92725
45,5,45.5000,5.5000,1.0000,60.0000,0,0.575927,0.02725,3.45556,0.057593,ok,0.195235,,0.195235,3.45556,3.3253,0.195331,3.45103,1,0,6.6473,literature,0.40,2.07062,4.83144
46,5,46.5000,5.5000,1.0000,60.0000,0,0.564250,0.02725,3.38550,0.056425,ok,0.196754,,0.196754,3.38550,3.2996,0.196848,3.38124,1,0,6.5961,literature,0.40,2.02874,4.73374
47,5,47.5000,5.5000,1.0000,60.0000,0,0.552361,0.02725,3.31417,0.055236,ok,0.198367,,0.198367,3.31417,3.2728,0.198456,3.31029,1,0,6.5427,literature,0.40,1.98618,4.63441
48,5,48.5000,5.5000,1.0000,60.0000,0,0.540320,0.02725,3.24192,0.054032,ok,0.200072,,0.200072,3.24192,3.2449,0.200154,3.23856,1,0,6.4872,literature,0.40,1.94313,4.53398
49,5,49.5000,5.5000,1.0000,60.0000,0,0.528187,0.02725,3.16912,0.052819,ok,0.201870,,0.201870,3.16912,3.2160,0.201939,3.16641,1,0,6.4298,literature,0.40,1.89984,4.43297
50,5,50.5000,5.5000,1.0000,60.0000,0,0.516024,0.02725,3.09614,0.051602,ok,0.203757,,0.203757,3.09614,3.1862,0.203788,3.09495,1,0,6.3715,literature,0.40,1.85697,4.33293
51,5,51.5000,5.5000,1.0000,60.0000,0,0.503891,0.02725,3.02335,0.050389,ok,0.205729,,0.205729,3.02335,3.1557,0.205696,3.02455,1,0,6.3124,literature,0.40,1.81473,4.23437
52,5,52.5000,5.5000,1.0000,60.0000,0,0.491850,0.02725,2.95110,0.049185,ok,0.207784,,0.207784,2.95110,3.1245,0.207637,2.95612,1,0,6.2534,literature,0.40,1.77367,4.13857
53,5,53.5000,5.5000,1.0000,60.0000,0,0.479961,0.02725,2.87976,0.047996,ok,0.209913,,0.209913,2.87976,3.0928,0.209577,2.89080,1,0,6.1955,literature,0.40,1.73448,4.04711
54,5,54.5000,5.5000,1.0000,60.0000,0,0.468284,0.02725,2.80971,0.046828,ok,0.212109,,0.212109,2.80971,3.0608,0.211468,2.82981,1,0,6.1401,literature,0.40,1.69789,3.96173
55,5,55.5000,5.5000,1.0000,60.0000,0,0.456882,0.02725,2.74129,0.045688,ok,0.214363,,0.214363,2.74129,3.0286,0.213260,2.77435,1,0,6.0885,literature,0.40,1.66461,3.88408
56,5,56.5000,5.5000,1.0000,60.0000,0,0.445813,0.02725,2.67488,0.044581,ok,0.216660,,0.216660,2.67488,2.9965,0.214926,2.72471,1,0,6.0413,literature,0.40,1.63482,3.81459
57,5,57.5000,5.5000,1.0000,60.0000,0,0.435141,0.02725,2.61084,0.043514,ok,0.218986,,0.218986,2.61084,2.9646,0.216388,2.68257,1,0,6.0005,literature,0.40,1.60954,3.75560
58,5,58.5000,5.5000,1.0000,60.0000,0,0.424924,0.02725,2.54954,0.042492,ok,0.221322,,0.221322,2.54954,2.9333,0.217652,2.64720,1,0,5.9656,literature,0.40,1.58832,3.70607
59,5,59.5000,5.5000,1.0000,60.0000,0,0.415225,0.02725,2.49135,0.041522,ok,0.223647,,0.223647,2.49135,2.9029,0.218718,2.61808,1,0,5.9366,literature,0.40,1.57085,3.66531
0,6,0.5000,6.5000,1.0000,60.0000,0,0.425578,0.02725,2.55347,0.042558,ok,0.221169,,0.221169,2.55347,2.9354,0.216607,2.67638,1,0,5.9944,literature,0.40,1.60583,3.74694
1,6,1.5000,6.5000,1.0000,60.0000,0,0.435519,0.02725,2.61312,0.043552,ok,0.218902,,0.218902,2.61312,2.9658,0.215572,2.70591,1,0,6.0232,literature,0.40,1.62355,3.78828
2,6,2.5000,6.5000,1.0000,60.0000,0,0.445991,0.02725,2.67594,0.044599,ok,0.216622,,0.216622,2.67594,2.9970,0.214347,2.74175,1,0,6.0576,literature,0.40,1.64505,3.83844
3,6,3.5000,6.5000,1.0000,60.0000,0,0.456930,0.02725,2.74158,0.045693,ok,0.214353,,0.214353,2.74158,3.0287,0.212908,2.78506,1,0,6.0985,literature,0.40,1.67104,3.89909
4,6,4.5000,6.5000,1.0000,60.0000,0,0.468274,0.02725,2.80964,0.046827,ok,0.212111,,0.212111,2.80964,3.0607,0.211314,2.83468,1,0,6.1446,literature,0.40,1.70081,3.96855
5,6,5.5000,6.5000,1.0000,60.0000,0,0.479961,0.02725,2.87976,0.047996,ok,0.209913,,0.209913,2.87976,3.0928,0.209577,2.89080,1,0,6.1955,literature,0.40,1.73448,4.04711
6,6,6.5000,6.5000,1.0000,60.0000,0,0.491928,0.02725,2.95157,0.049193,ok,0.207770,,0.207770,2.95157,3.1247,0.207742,2.95254,1,0,6.2502,literature,0.40,1.77152,4.13355
7,6,7.5000,6.5000,1.0000,60.0000,0,0.504114,0.02725,3.02468,0.050411,ok,0.205692,,0.205692,3.02468,3.1562,0.205858,3.01873,1,0,6.3074,literature,0.40,1.81124,4.22622
8,6,8.5000,6.5000,1.0000,60.0000,0,0.516456,0.02725,3.09873,0.051646,ok,0.203688,,0.203688,3.09873,3.1873,0.203969,3.08812,1,0,6.3658,literature,0.40,1.85287,4.32337
9,6,9.5000,6.5000,1.0000,60.0000,0,0.528891,0.02725,3.17334,0.052889,ok,0.201763,,0.201763,3.17334,3.2177,0.202112,3.15957,1,0,6.4243,literature,0.40,1.89574,4.42340
10,6,10.5000,6.5000,1.0000,60.0000,0,0.541357,0.02725,3.24814,0.054136,ok,0.199922,,0.199922,3.24814,3.2473,0.200310,3.23212,1,0,6.4821,literature,0.40,1.93927,4.52497
11,6,11.5000,6.5000,1.0000,60.0000,0,0.553792,0.02725,3.32275,0.055379,ok,0.198169,,0.198169,3.32275,3.2761,0.198568,3.30546,1,0,6.5390,literature,0.40,1.98328,4.62765
12,6,12.5000,6.5000,1.0000,60.0000,0,0.566134,0.02725,3.39680,0.056613,ok,0.196504,,0.196504,3.39680,3.3038,0.196912,3.37839,1,0,6.5940,literature,0.40,2.02703,4.72974
13,6,13.5000,6.5000,1.0000,60.0000,0,0.578320,0.02725,3.46992,0.057832,ok,0.194931,,0.194931,3.46992,3.3305,0.195342,3.45052,1,0,6.6470,literature,0.40,2.07031,4.83073
14,6,14.5000,6.5000,1.0000,60.0000,0,0.590287,0.02725,3.54172,0.059029,ok,0.193449,,0.193449,3.54172,3.3560,0.193856,3.52168,1,0,6.6979,literature,0.40,2.11301,4.93035
15,6,15.5000,6.5000,1.0000,60.0000,0,0.601974,0.02725,3.61184,0.060197,ok,0.192058,,0.192058,3.61184,3.3803,0.192463,3.59114,1,0,6.7464,literature,0.40,2.15468,5.02760
16,6,16.5000,6.5000,1.0000,60.0000,0,0.613318,0.02725,3.67991,0.061332,ok,0.190759,,0.190759,3.67991,3.4033,0.191158,3.65871,1,0,6.7924,literature,0.40,2.19523,5.12220
17,6,17.5000,6.5000,1.0000,60.0000,0,0.624257,0.02725,3.74554,0.062426,ok,0.189551,,0.189551,3.74554,3.4250,0.189942,3.72403,1,0,6.8359,literature,0.40,2.23442,5.21364
18,6,18.5000,6.5000,1.0000,60.0000,0,0.634728,0.02725,3.80837,0.063473,ok,0.188434,,0.188434,3.80837,3.4453,0.188815,3.78672,1,0,6.8767,literature,0.40,2.27203,5.30140
19,6,19.5000,6.5000,1.0000,60.0000,0,0.644670,0.02725,3.86802,0.064467,ok,0.187407,,0.187407,3.86802,3.4642,0.187775,3.84639,1,0,6.9148,literature,0.40,2.30784,5.38495
20,6,20.5000,6.5000,1.0000,60.0000,0,0.654019,0.02725,3.92411,0.065402,ok,0.186469,,0.186469,3.92411,3.4816,0.186824,3.90267,1,0,6.9500,literature,0.40,2.34160,5.46373
21,6,21.5000,6.5000,1.0000,60.0000,0,0.662713,0.02725,3.97628,0.066271,ok,0.185621,,0.185621,3.97628,3.4975,0.185962,3.95512,1,0,6.9822,literature,0.40,2.37307,5.53717
22,6,22.5000,6.5000,1.0000,60.0000,0,0.670691,0.02725,4.02414,0.067069,ok,0.184862,,0.184862,4.02414,3.5119,0.185190,4.00334,1,0,7.0113,literature,0.40,2.40200,5.60467
23,6,23.5000,6.5000,1.0000,60.0000,0,0.677889,0.02725,4.06733,0.067789,ok,0.184193,,0.184193,4.06733,3.5246,0.184508,4.04688,1,0,7.0373,literature,0.40,2.42813,5.66563
24,6,24.5000,6.5000,1.0000,60.0000,0,0.684245,0.02725,4.10547,0.068425,ok,0.183613,,0.183613,4.10547,3.5358,0.183919,4.08529,1,0,7.0598,literature,0.40,2.45117,5.71940
25,6,25.5000,6.5000,1.0000,60.0000,0,0.689698,0.02725,4.13819,0.068970,ok,0.183125,,0.183125,4.13819,3.5452,0.183423,4.11814,1,0,7.0789,literature,0.40,2.47088,5.76540
26,6,26.5000,6.5000,1.0000,60.0000,0,0.694184,0.02725,4.16511,0.069418,ok,0.182729,,0.182729,4.16511,3.5529,0.183024,4.14502,1,0,7.0943,literature,0.40,2.48701,5.80302
27,6,27.5000,6.5000,1.0000,60.0000,0,0.697642,0.02725,4.18585,0.069764,ok,0.182427,,0.182427,4.18585,3.5588,0.182722,4.16554,1,0,7.1060,literature,0.40,2.49932,5.83176
28,6,28.5000,6.5000,1.0000,60.0000,0,0.700008,0.02725,4.20005,0.070001,ok,0.182222,,0.182222,4.20005,3.5628,0.182520,4.17941,1,0,7.1139,literature,0.40,2.50764,5.85117
29,6,29.5000,6.5000,1.0000,60.0000,0,0.701221,0.02725,4.20733,0.070122,ok,0.182117,,0.182117,4.20733,3.5648,0.182419,4.18640,1,0,7.1178,literature,0.40,2.51184,5.86096
30,6,30.5000,6.5000,1.0000,60.0000,0,0.701221,0.02725,4.20733,0.070122,ok,0.182117,,0.182117,4.20733,3.5648,0.182419,4.18640,1,0,7.1178,literature,0.40,2.51184,5.86096
31,6,31.5000,6.5000,1.0000,60.0000,0,0.700008,0.02725,4.20005,0.070001,ok,0.182222,,0.182222,4.20005,3.5628,0.182520,4.17941,1,0,7.1139,literature,0.40,2.50764,5.85117
32,6,32.5000,6.5000,1.0000,60.0000,0,0.697642,0.02725,4.18585,0.069764,ok,0.182427,,0.182427,4.18585,3.5588,0.182722,4.16554,1,0,7.1060,literature,0.40,2.49932,5.83176
33,6,33.5000,6.5000,1.0000,60.0000,0,0.694184,0.02725,4.16511,0.069418,ok,0.182729,,0.182729,4.16511,3.5529,0.183024,4.14502,1,0,7.0943,literature,0.40,2.48701,5.80302
34,6,34.5000,6.5000,1.0000,60.0000,0,0.689698,0.02725,4.13819,0.068970,ok,0.183125,,0.183125,4.13819,3.5452,0.183423,4.11814,1,0,7.0789,literature,0.40,2.47088,5.76540
35,6,35.5000,6.5000,1.0000,60.0000,0,0.684245,0.02725,4.10547,0.068425,ok,0.183613,,0.183613,4.10547,3.5358,0.183919,4.08529,1,0,7.0598,literature,0.40,2.45117,5.71940
36,6,36.5000,6.5000,1.0000,60.0000,0,0.677889,0.02725,4.06733,0.067789,ok,0.184193,,0.184193,4.06733,3.5246,0.184508,4.04688,1,0,7.0373,literature,0.40,2.42813,5.66563
37,6,37.5000,6.5000,1.0000,60.0000,0,0.670691,0.02725,4.02414,0.067069,ok,0.184862,,0.184862,4.02414,3.5119,0.185190,4.00334,1,0,7.0113,literature,0.40,2.40200,5.60467
38,6,38.5000,6.5000,1.0000,60.0000,0,0.662713,0.02725,3.97628,0.066271,ok,0.185621,,0.185621,3.97628,3.4975,0.185962,3.95512,1,0,6.9822,literature,0.40,2.37307,5.53717
39,6,39.5000,6.5000,1.0000,60.0000,0,0.654019,0.02725,3.92411,0.065402,ok,0.186469,,0.186469,3.92411,3.4816,0.186824,3.90267,1,0,6.9500,literature,0.40,2.34160,5.46373
40,6,40.5000,6.5000,1.0000,60.0000,0,0.644670,0.02725,3.86802,0.064467,ok,0.187407,,0.187407,3.86802,3.4642,0.187775,3.84639,1,0,6.9148,literature,0.40,2.30784,5.38495
41,6,41.5000,6.5000,1.0000,60.0000,0,0.634728,0.02725,3.80837,0.063473,ok,0.188434,,0.188434,3.80837,3.4453,0.188815,3.78672,1,0,6.8767,literature,0.40,2.27203,5.30140
42,6,42.5000,6.5000,1.0000,60.0000,0,0.624257,0.02725,3.74554,0.062426,ok,0.189551,,0.189551,3.74554,3.4250,0.189942,3.72403,1,0,6.8359,literature,0.40,2.23442,5.21364
43,6,43.5000,6.5000,1.0000,60.0000,0,0.613318,0.02725,3.67991,0.061332,ok,0.190759,,0.190759,3.67991,3.4033,0.191158,3.65871,1,0,6.7924,literature,0.40,2.19523,5.12220
44,6,44.5000,6.5000,1.0000,60.0000,0,0.601974,0.02725,3.61184,0.060197,ok,0.192058,,0.192058,3.61184,3.3803,0.192463,3.59114,1,0,6.7464,literature,0.40,2.15468,5.02760
45,6,45.5000,6.5000,1.0000,60.0000,0,0.590287,0.02725,3.54172,0.059029,ok,0.193449,,0.193449,3.54172,3.3560,0.193856,3.52168,1,0,6.6979,literature,0.40,2.11301,4.93035
46,6,46.5000,6.5000,1.0000,60.0000,0,0.578320,0.02725,3.46992,0.057832,ok,0.194931,,0.194931,3.46992,3.3305,0.195342,3.45052,1,0,6.6470,literature,0.40,2.07031,4.83073
47,6,47.5000,6.5000,1.0000,60.0000,0,0.566134,0.02725,3.39680,0.056613,ok,0.196504,,0.196504,3.39680,3.3038,0.196912,3.37839,1,0,6.5940,literature,0.40,2.02703,4.72974
48,6,48.5000,6.5000,1.0000,60.0000,0,0.553792,0.02725,3.32275,0.055379,ok,0.198169,,0.198169,3.32275,3.2761,0.198568,3.30546,1,0,6.5390,literature,0.40,1.98328,4.62765
49,6,49.5000,6.5000,1.0000,60.0000,0,0.541357,0.02725,3.24814,0.054136,ok,0.199922,,0.199922,3.24814,3.2473,0.200310,3.23212,1,0,6.4821,literature,0.40,1.93927,4.52497
50,6,50.5000,6.5000,1.0000,60.0000,0,0.528891,0.02725,3.17334,0.052889,ok,0.201763,,0.201763,3.17334,3.2177,0.202112,3.15957,1,0,6.4243,literature,0.40,1.89574,4.42340
51,6,51.5000,6.5000,1.0000,60.0000,0,0.516456,0.02725,3.09873,0.051646,ok,0.203688,,0.203688,3.09873,3.1873,0.203969,3.08812,1,0,6.3658,literature,0.40,1.85287,4.32337
52,6,52.5000,6.5000,1.0000,60.0000,0,0.504114,0.02725,3.02468,0.050411,ok,0.205692,,0.205692,3.02468,3.1562,0.205858,3.01873,1,0,6.3074,literature,0.40,1.81124,4.22622
53,6,53.5000,6.5000,1.0000,60.0000,0,0.491928,0.02725,2.95157,0.049193,ok,0.207770,,0.207770,2.95157,3.1247,0.207742,2.95254,1,0,6.2502,literature,0.40,1.77152,4.13355
54,6,54.5000,6.5000,1.0000,60.0000,0,0.479961,0.02725,2.87976,0.047996,ok,0.209913,,0.209913,2.87976,3.0928,0.209577,2.89080,1,0,6.1955,literature,0.40,1.73448,4.04711
55,6,55.5000,6.5000,1.0000,60.0000,0,0.468274,0.02725,2.80964,0.046827,ok,0.212111,,0.212111,2.80964,3.0607,0.211314,2.83468,1,0,6.1446,literature,0.40,1.70081,3.96855
56,6,56.5000,6.5000,1.0000,60.0000,0,0.456930,0.02725,2.74158,0.045693,ok,0.214353,,0.214353,2.74158,3.0287,0.212908,2.78506,1,0,6.0985,literature,0.40,1.67104,3.89909
57,6,57.5000,6.5000,1.0000,60.0000,0,0.445991,0.02725,2.67594,0.044599,ok,0.216622,,0.216622,2.67594,2.9970,0.214347,2.74175,1,0,6.0576,literature,0.40,1.64505,3.83844
58,6,58.5000,6.5000,1.0000,60.0000,0,0.435519,0.02725,2.61312,0.043552,ok,0.218902,,0.218902,2.61312,2.9658,0.215572,2.70591,1,0,6.0232,literature,0.40,1.62355,3.78828
59,6,59.5000,6.5000,1.0000,60.0000,0,0.425578,0.02725,2.55347,0.042558,ok,0.221169,,0.221169,2.55347,2.9354,0.216607,2.67638,1,0,5.9944,literature,0.40,1.60583,3.74694
0,7,0.5000,7.5000,1.0000,60.0000,0,0.436120,0.02725,2.61672,0.043612,ok,0.218768,,0.218768,2.61672,2.9676,0.214452,2.73863,1,0,6.0546,literature,0.40,1.64318,3.83408
1,7,1.5000,7.5000,1.0000,60.0000,0,0.446308,0.02725,2.67785,0.044631,ok,0.216555,,0.216555,2.67785,2.9979,0.213449,2.76864,1,0,6.0831,literature,0.40,1.66118,3.87609
2,7,2.5000,7.5000,1.0000,60.0000,0,0.457038,0.02725,2.74223,0.045704,ok,0.214331,,0.214331,2.74223,3.0290,0.212239,2.80569,1,0,6.1178,literature,0.40,1.68341,3.92796
3,7,3.5000,7.5000,1.0000,60.0000,0,0.468248,0.02725,2.80949,0.046825,ok,0.212116,,0.212116,2.80949,3.0607,0.210865,2.84898,1,0,6.1576,literature,0.40,1.70939,3.98857
4,7,4.5000,7.5000,1.0000,60.0000,0,0.479873,0.02725,2.87924,0.047987,ok,0.209929,,0.209929,2.87924,3.0925,0.209321,2.89925,1,0,6.2031,literature,0.40,1.73955,4.05895
5,7,5.5000,7.5000,1.0000,60.0000,0,0.491850,0.02725,2.95110,0.049185,ok,0.207784,,0.207784,2.95110,3.1245,0.207637,2.95612,1,0,6.2534,literature,0.40,1.77367,4.13857
6,7,6.5000,7.5000,1.0000,60.0000,0,0.504114,0.02725,3.02468,0.050411,ok,0.205692,,0.205692,3.02468,3.1562,0.205858,3.01873,1,0,6.3074,literature,0.40,1.81124,4.22622
7,7,7.5000,7.5000,1.0000,60.0000,0,0.516602,0.02725,3.09961,0.051660,ok,0.203665,,0.203665,3.09961,3.1877,0.204028,3.08590,1,0,6.3640,literature,0.40,1.85154,4.32026
8,7,8.5000,7.5000,1.0000,60.0000,0,0.529249,0.02725,3.17549,0.052925,ok,0.201709,,0.201709,3.17549,3.2186,0.202193,3.15638,1,0,6.4217,literature,0.40,1.89383,4.41893
9,7,9.5000,7.5000,1.0000,60.0000,0,0.541992,0.02725,3.25195,0.054199,ok,0.199831,,0.199831,3.25195,3.2488,0.200385,3.22900,1,0,6.4797,literature,0.40,1.93740,4.52061
10,7,10.5000,7.5000,1.0000,60.0000,0,0.554767,0.02725,3.32860,0.055477,ok,0.198035,,0.198035,3.32860,3.2783,0.198630,3.30280,1,0,6.5369,literature,0.40,1.98168,4.62392
11,7,11.5000,7.5000,1.0000,60.0000,0,0.567510,0.02725,3.40506,0.056751,ok,0.196323,,0.196323,3.40506,3.3069,0.196932,3.37748,1,0,6.5933,literature,0.40,2.02649,4.72847
12,7,12.5000,7.5000,1.0000,60.0000,0,0.580158,0.02725,3.48095,0.058016,ok,0.194699,,0.194699,3.48095,3.3345,0.195312,3.45192,1,0,6.6480,literature,0.40,2.07115,4.83269
13,7,13.5000,7.5000,1.0000,60.0000,0,0.592645,0.02725,3.55587,0.059265,ok,0.193164,,0.193164,3.55587,3.3610,0.193780,3.52542,1,0,6.7005,literature,0.40,2.11525,4.93559
14,7,14.5000,7.5000,1.0000,60.0000,0,0.604909,0.02725,3.62946,0.060491,ok,0.191717,,0.191717,3.62946,3.3863,0.192333,3.59778,1,0,6.7510,literature,0.40,2.15867,5.03689
15,7,15.5000,7.5000,1.0000,60.0000,0,0.616886,0.02725,3.70131,0.061689,ok,0.190360,,0.190360,3.70131,3.4105,0.190971,3.66864,1,0,6.7991,literature,0.40,2.20118,5.13609
16,7,16.5000,7.5000,1.0000,60.0000,0,0.628511,0.02725,3.77107,0.062851,ok,0.189093,,0.189093,3.77107,3.4333,0.189694,3.73763,1,0,6.8448,literature,0.40,2.24258,5.23268
17,7,17.5000,7.5000,1.0000,60.0000,0,0.639721,0.02725,3.83832,0.063972,ok,0.187914,,0.187914,3.83832,3.4549,0.188503,3.80440,1,0,6.8881,literature,0.40,2.28264,5.32616
18,7,18.5000,7.5000,1.0000,60.0000,0,0.650451,0.02725,3.90271,0.065045,ok,0.186824,,0.186824,3.90271,3.4750,0.187397,3.86856,1,0,6.9288,literature,0.40,2.32114,5.41599
19,7,19.5000,7.5000,1.0000,60.0000,0,0.660639,0.02725,3.96383,0.066064,ok,0.185821,,0.185821,3.96383,3.4938,0.186377,3.92973,1,0,6.9667,literature,0.40,2.35784,5.50162
20,7,20.5000,7.5000,1.0000,60.0000,0,0.670220,0.02725,4.02132,0.067022,ok,0.184906,,0.184906,4.02132,3.5110,0.185442,3.98750,1,0,7.0018,literature,0.40,2.39250,5.58249
21,7,21.5000,7.5000,1.0000,60.0000,0,0.679130,0.02725,4.07478,0.067913,ok,0.184079,,0.184079,4.07478,3.5268,0.184593,4.04143,1,0,7.0340,literature,0.40,2.42486,5.65800
22,7,22.5000,7.5000,1.0000,60.0000,0,0.687305,0.02725,4.12383,0.068730,ok,0.183338,,0.183338,4.12383,3.5411,0.183831,4.09107,1,0,7.0632,literature,0.40,2.45464,5.72749
23,7,23.5000,7.5000,1.0000,60.0000,0,0.694681,0.02725,4.16809,0.069468,ok,0.182685,,0.182685,4.16809,3.5537,0.183158,4.13595,1,0,7.0891,literature,0.40,2.48157,5.79033
24,7,24.5000,7.5000,1.0000,60.0000,0,0.701195,0.02725,4.20717,0.070120,ok,0.182120,,0.182120,4.20717,3.5648,0.182576,4.17560,1,0,7.1117,literature,0.40,2.50536,5.84584
25,7,25.5000,7.5000,1.0000,60.0000,0,0.706783,0.02725,4.24070,0.070678,ok,0.181643,,0.181643,4.24070,3.5741,0.182086,4.20954,1,0,7.1309,literature,0.40,2.52572,5.89335
26,7,26.5000,7.5000,1.0000,60.0000,0,0.711380,0.02725,4.26828,0.071138,ok,0.181256,,0.181256,4.26828,3.5817,0.181691,4.23732,1,0,7.1464,literature,0.40,2.54239,5.93225
27,7,27.5000,7.5000,1.0000,60.0000,0,0.714923,0.02725,4.28954,0.071492,ok,0.180962,,0.180962,4.28954,3.5876,0.181392,4.25856,1,0,7.1581,literature,0.40,2.55514,5.96198
28,7,28.5000,7.5000,1.0000,60.0000,0,0.717348,0.02725,4.30409,0.071735,ok,0.180762,,0.180762,4.30409,3.5915,0.181192,4.27291,1,0,7.1660,literature,0.40,2.56375,5.98208
29,7,29.5000,7.5000,1.0000,60.0000,0,0.718592,0.02725,4.31155,0.071859,ok,0.180660,,0.180660,4.31155,3.5936,0.181092,4.28015,1,0,7.1700,literature,0.40,2.56809,5.99221
30,7,30.5000,7.5000,1.0000,60.0000,0,0.718592,0.02725,4.31155,0.071859,ok,0.180660,,0.180660,4.31155,3.5936,0.181092,4.28015,1,0,7.1700,literature,0.40,2.56809,5.99221
31,7,31.5000,7.5000,1.0000,60.0000,0,0.717348,0.02725,4.30409,0.071735,ok,0.180762,,0.180762,4.30409,3.5915,0.181192,4.27291,1,0,7.1660,literature,0.40,2.56375,5.98208
32,7,32.5000,7.5000,1.0000,60.0000,0,0.714923,0.02725,4.28954,0.071492,ok,0.180962,,0.180962,4.28954,3.5876,0.181392,4.25856,1,0,7.1581,literature,0.40,2.55514,5.96198
33,7,33.5000,7.5000,1.0000,60.0000,0,0.711380,0.02725,4.26828,0.071138,ok,0.181256,,0.181256,4.26828,3.5817,0.181691,4.23732,1,0,7.1464,literature,0.40,2.54239,5.93225
34,7,34.5000,7.5000,1.0000,60.0000,0,0.706783,0.02725,4.24070,0.070678,ok,0.181643,,0.181643,4.24070,3.5741,0.182086,4.20954,1,0,7.1309,literature,0.40,2.52572,5.89335
35,7,35.5000,7.5000,1.0000,60.0000,0,0.701195,0.02725,4.20717,0.070120,ok,0.182120,,0.182120,4.20717,3.5648,0.182576,4.17560,1,0,7.1117,literature,0.40,2.50536,5.84584
36,7,36.5000,7.5000,1.0000,60.0000,0,0.694681,0.02725,4.16809,0.069468,ok,0.182685,,0.182685,4.16809,3.5537,0.183158,4.13595,1,0,7.0891,literature,0.40,2.48157,5.79033
37,7,37.5000,7.5000,1.0000,60.0000,0,0.687305,0.02725,4.12383,0.068730,ok,0.183338,,0.183338,4.12383,3.5411,0.183831,4.09107,1,0,7.0632,literature,0.40,2.45464,5.72749
38,7,38.5000,7.5000,1.0000,60.0000,0,0.679130,0.02725,4.07478,0.067913,ok,0.184079,,0.184079,4.07478,3.5268,0.184593,4.04143,1,0,7.0340,literature,0.40,2.42486,5.65800
39,7,39.5000,7.5000,1.0000,60.0000,0,0.670220,0.02725,4.02132,0.067022,ok,0.184906,,0.184906,4.02132,3.5110,0.185442,3.98750,1,0,7.0018,literature,0.40,2.39250,5.58249
40,7,40.5000,7.5000,1.0000,60.0000,0,0.660639,0.02725,3.96383,0.066064,ok,0.185821,,0.185821,3.96383,3.4938,0.186377,3.92973,1,0,6.9667,literature,0.40,2.35784,5.50162
41,7,41.5000,7.5000,1.0000,60.0000,0,0.650451,0.02725,3.90271,0.065045,ok,0.186824,,0.186824,3.90271,3.4750,0.187397,3.86856,1,0,6.9288,literature,0.40,2.32114,5.41599
42,7,42.5000,7.5000,1.0000,60.0000,0,0.639721,0.02725,3.83832,0.063972,ok,0.187914,,0.187914,3.83832,3.4549,0.188503,3.80440,1,0,6.8881,literature,0.40,2.28264,5.32616
43,7,43.5000,7.5000,1.0000,60.0000,0,0.628511,0.02725,3.77107,0.062851,ok,0.189093,,0.189093,3.77107,3.4333,0.189694,3.73763,1,0,6.8448,literature,0.40,2.24258,5.23268
44,7,44.5000,7.5000,1.0000,60.0000,0,0.616886,0.02725,3.70131,0.061689,ok,0.190360,,0.190360,3.70131,3.4105,0.190971,3.66864,1,0,6.7991,literature,0.40,2.20118,5.13609
45,7,45.5000,7.5000,1.0000,60.0000,0,0.604909,0.02725,3.62946,0.060491,ok,0.191717,,0.191717,3.62946,3.3863,0.192333,3.59778,1,0,6.7510,literature,0.40,2.15867,5.03689
46,7,46.5000,7.5000,1.0000,60.0000,0,0.592645,0.02725,3.55587,0.059265,ok,0.193164,,0.193164,3.55587,3.3610,0.193780,3.52542,1,0,6.7005,literature,0.40,2.11525,4.93559
47,7,47.5000,7.5000,1.0000,60.0000,0,0.580158,0.02725,3.48095,0.058016,ok,0.194699,,0.194699,3.48095,3.3345,0.195312,3.45192,1,0,6.6480,literature,0.40,2.07115,4.83269
48,7,48.5000,7.5000,1.0000,60.0000,0,0.567510,0.02725,3.40506,0.056751,ok,0.196323,,0.196323,3.40506,3.3069,0.196932,3.37748,1,0,6.5933,literature,0.40,2.02649,4.72847
49,7,49.5000,7.5000,1.0000,60.0000,0,0.554767,0.02725,3.32860,0.055477,ok,0.198035,,0.198035,3.32860,3.2783,0.198630,3.30280,1,0,6.5369,literature,0.40,1.98168,4.62392
50,7,50.5000,7.5000,1.0000,60.0000,0,0.541992,0.02725,3.25195,0.054199,ok,0.199831,,0.199831,3.25195,3.2488,0.200385,3.22900,1,0,6.4797,literature,0.40,1.93740,4.52061
51,7,51.5000,7.5000,1.0000,60.0000,0,0.529249,0.02725,3.17549,0.052925,ok,0.201709,,0.201709,3.17549,3.2186,0.202193,3.15638,1,0,6.4217,literature,0.40,1.89383,4.41893
52,7,52.5000,7.5000,1.0000,60.0000,0,0.516602,0.02725,3.09961,0.051660,ok,0.203665,,0.203665,3.09961,3.1877,0.204028,3.08590,1,0,6.3640,literature,0.40,1.85154,4.32026
53,7,53.5000,7.5000,1.0000,60.0000,0,0.504114,0.02725,3.02468,0.050411,ok,0.205692,,0.205692,3.02468,3.1562,0.205858,3.01873,1,0,6.3074,literature,0.40,1.81124,4.22622
54,7,54.5000,7.5000,1.0000,60.0000,0,0.491850,0.02725,2.95110,0.049185,ok,0.207784,,0.207784,2.95110,3.1245,0.207637,2.95612,1,0,6.2534,literature,0.40,1.77367,4.13857
55,7,55.5000,7.5000,1.0000,60.0000,0,0.479873,0.02725,2.87924,0.047987,ok,0.209929,,0.209929,2.87924,3.0925,0.209321,2.89925,1,0,6.2031,literature,0.40,1.73955,4.05895
56,7,56.5000,7.5000,1.0000,60.0000,0,0.468248,0.02725,2.80949,0.046825,ok,0.212116,,0.212116,2.80949,3.0607,0.210865,2.84898,1,0,6.1576,literature,0.40,1.70939,3.98857
57,7,57.5000,7.5000,1.0000,60.0000,0,0.457038,0.02725,2.74223,0.045704,ok,0.214331,,0.214331,2.74223,3.0290,0.212239,2.80569,1,0,6.1178,literature,0.40,1.68341,3.92796
58,7,58.5000,7.5000,1.0000,60.0000,0,0.446308,0.02725,2.67785,0.044631,ok,0.216555,,0.216555,2.67785,2.9979,0.213449,2.76864,1,0,6.0831,literature,0.40,1.66118,3.87609
59,7,59.5000,7.5000,1.0000,60.0000,0,0.436120,0.02725,2.61672,0.043612,ok,0.218768,,0.218768,2.61672,2.9676,0.214452,2.73863,1,0,6.0546,literature,0.40,1.64318,3.83408
0,8,0.5000,8.5000,1.0000,60.0000,0,0.446797,0.02725,2.68078,0.044680,ok,0.216451,,0.216451,2.68078,2.9994,0.212306,2.80359,1,0,6.1158,literature,0.40,1.68215,3.92503
1,8,1.5000,8.5000,1.0000,60.0000,0,0.457234,0.02725,2.74341,0.045723,ok,0.214291,,0.214291,2.74341,3.0296,0.211308,2.83487,1,0,6.1447,literature,0.40,1.70092,3.96881
2,8,2.5000,8.5000,1.0000,60.0000,0,0.468228,0.02725,2.80937,0.046823,ok,0.212120,,0.212120,2.80937,3.0606,0.210155,2.87186,1,0,6.1784,literature,0.40,1.72312,4.02061
3,8,3.5000,8.5000,1.0000,60.0000,0,0.479712,0.02725,2.87827,0.047971,ok,0.209959,,0.209959,2.87827,3.0921,0.208824,2.91581,1,0,6.2178,literature,0.40,1.74949,4.08213
4,8,4.5000,8.5000,1.0000,60.0000,0,0.491622,0.02725,2.94973,0.049162,ok,0.207823,,0.207823,2.94973,3.1239,0.207328,2.96683,1,0,6.2627,literature,0.40,1.78010,4.15357
5,8,5.5000,8.5000,1.0000,60.0000,0,0.503891,0.02725,3.02335,0.050389,ok,0.205729,,0.205729,3.02335,3.1557,0.205696,3.02455,1,0,6.3124,literature,0.40,1.81473,4.23437
6,8,6.5000,8.5000,1.0000,60.0000,0,0.516456,0.02725,3.09873,0.051646,ok,0.203688,,0.203688,3.09873,3.1873,0.203969,3.08812,1,0,6.3658,literature,0.40,1.85287,4.32337
7,8,7.5000,8.5000,1.0000,60.0000,0,0.529249,0.02725,3.17549,0.052925,ok,0.201709,,0.201709,3.17549,3.2186,0.202193,3.15638,1,0,6.4217,literature,0.40,1.89383,4.41893
8,8,8.5000,8.5000,1.0000,60.0000,0,0.542206,0.02725,3.25324,0.054221,ok,0.199800,,0.199800,3.25324,3.2493,0.200408,3.22806,1,0,6.4789,literature,0.40,1.93684,4.51929
9,8,9.5000,8.5000,1.0000,60.0000,0,0.555261,0.02725,3.33157,0.055526,ok,0.197967,,0.197967,3.33157,3.2794,0.198649,3.30199,1,0,6.5363,literature,0.40,1.98119,4.62279
10,8,10.5000,8.5000,1.0000,60.0000,0,0.568349,0.02725,3.41009,0.056835,ok,0.196213,,0.196213,3.41009,3.3087,0.196939,3.37717,1,0,6.5931,literature,0.40,2.02630,4.72803
11,8,11.5000,8.5000,1.0000,60.0000,0,0.581404,0.02725,3.48842,0.058140,ok,0.194543,,0.194543,3.48842,3.3371,0.195278,3.45351,1,0,6.6491,literature,0.40,2.07210,4.83491
12,8,12.5000,8.5000,1.0000,60.0000,0,0.594361,0.02725,3.56617,0.059436,ok,0.192958,,0.192958,3.56617,3.3645,0.193701,3.52930,1,0,6.7033,literature,0.40,2.11758,4.94101
13,8,13.5000,8.5000,1.0000,60.0000,0,0.607154,0.02725,3.64293,0.060715,ok,0.191459,,0.191459,3.64293,3.3909,0.192204,3.60434,1,0,6.7555,literature,0.40,2.16260,5.04607
14,8,14.5000,8.5000,1.0000,60.0000,0,0.619719,0.02725,3.71831,0.061972,ok,0.190047,,0.190047,3.71831,3.4161,0.190790,3.67827,1,0,6.8056,literature,0.40,2.20696,5.14958
15,8,15.5000,8.5000,1.0000,60.0000,0,0.631988,0.02725,3.79193,0.063199,ok,0.188723,,0.188723,3.79193,3.4400,0.189457,3.75075,1,0,6.8534,literature,0.40,2.25045,5.25105
16,8,16.5000,8.5000,1.0000,60.0000,0,0.643898,0.02725,3.86339,0.064390,ok,0.187485,,0.187485,3.86339,3.4628,0.188206,3.82142,1,0,6.8990,literature,0.40,2.29285,5.34998
17,8,17.5000,8.5000,1.0000,60.0000,0,0.655382,0.02725,3.93229,0.065538,ok,0.186335,,0.186335,3.93229,3.4841,0.187038,3.88990,1,0,6.9421,literature,0.40,2.33394,5.44586
18,8,18.5000,8.5000,1.0000,60.0000,0,0.666376,0.02725,3.99825,0.066638,ok,0.185270,,0.185270,3.99825,3.5041,0.185951,3.95582,1,0,6.9826,literature,0.40,2.37349,5.53815
19,8,19.5000,8.5000,1.0000,60.0000,0,0.676813,0.02725,4.06088,0.067681,ok,0.184292,,0.184292,4.06088,3.5228,0.184946,4.01877,1,0,7.0206,literature,0.40,2.41126,5.62628
20,8,20.5000,8.5000,1.0000,60.0000,0,0.686628,0.02725,4.11977,0.068663,ok,0.183399,,0.183399,4.11977,3.5399,0.184025,4.07833,1,0,7.0557,literature,0.40,2.44700,5.70966
21,8,21.5000,8.5000,1.0000,60.0000,0,0.695756,0.02725,4.17454,0.069576,ok,0.182591,,0.182591,4.17454,3.5556,0.183187,4.13401,1,0,7.0880,literature,0.40,2.48041,5.78762
22,8,22.5000,8.5000,1.0000,60.0000,0,0.704131,0.02725,4.22479,0.070413,ok,0.181868,,0.181868,4.22479,3.5697,0.182434,4.18535,1,0,7.1173,literature,0.40,2.51121,5.85949
23,8,23.5000,8.5000,1.0000,60.0000,0,0.711688,0.02725,4.27013,0.071169,ok,0.181231,,0.181231,4.27013,3.5823,0.181768,4.23183,1,0,7.1433,literature,0.40,2.53910,5.92456
24,8,24.5000,8.5000,1.0000,60.0000,0,0.718362,0.02725,4.31017,0.071836,ok,0.180679,,0.180679,4.31017,3.5932,0.181192,4.27293,1,0,7.1661,literature,0.40,2.56376,5.98210
25,8,25.5000,8.5000,1.0000,60.0000,0,0.724086,0.02725,4.34452,0.072409,ok,0.180214,,0.180214,4.34452,3.6025,0.180707,4.30814,1,0,7.1853,literature,0.40,2.58489,6.03140
26,8,26.5000,8.5000,1.0000,60.0000,0,0.728796,0.02725,4.37278,0.072880,ok,0.179805,,0.179805,4.37278,3.6107,0.180315,4.33699,1,0,7.2009,literature,0.40,2.60219,6.07178
27,8,27.5000,8.5000,1.0000,60.0000,0,0.732426,0.02725,4.39456,0.073243,ok,0.179463,,0.179463,4.39456,3.6175,0.180019,4.35903,1,0,7.2127,literature,0.40,2.61542,6.10264
28,8,28.5000,8.5000,1.0000,60.0000,0,0.734910,0.02725,4.40946,0.073491,ok,0.179231,,0.179231,4.40946,3.6222,0.179821,4.37179,1,0,7.2207,literature,0.40,2.62307,6.12050
29,8,29.5000,8.5000,1.0000,60.0000,0,0.736184,0.02725,4.41710,0.073618,ok,0.179113,,0.179113,4.41710,3.6246,0.179721,4.37810,1,0,7.2247,literature,0.40,2.62686,6.12934
30,8,30.5000,8.5000,1.0000,60.0000,0,0.736184,0.02725,4.41710,0.073618,ok,0.179113,,0.179113,4.41710,3.6246,0.179721,4.37810,1,0,7.2247,literature,0.40,2.62686,6.12934
31,8,31.5000,8.5000,1.0000,60.0000,0,0.734910,0.02725,4.40946,0.073491,ok,0.179231,,0.179231,4.40946,3.6222,0.179821,4.37179,1,0,7.2207,literature,0.40,2.62307,6.12050
32,8,32.5000,8.5000,1.0000,60.0000,0,0.732426,0.02725,4.39456,0.073243,ok,0.179463,,0.179463,4.39456,3.6175,0.180019,4.35903,1,0,7.2127,literature,0.40,2.61542,6.10264
33,8,33.5000,8.5000,1.0000,60.0000,0,0.728796,0.02725,4.37278,0.072880,ok,0.179805,,0.179805,4.37278,3.6107,0.180315,4.33699,1,0,7.2009,literature,0.40,2.60219,6.07178
34,8,34.5000,8.5000,1.0000,60.0000,0,0.724086,0.02725,4.34452,0.072409,ok,0.180214,,0.180214,4.34452,3.6025,0.180707,4.30814,1,0,7.1853,literature,0.40,2.58489,6.03140
35,8,35.5000,8.5000,1.0000,60.0000,0,0.718362,0.02725,4.31017,0.071836,ok,0.180679,,0.180679,4.31017,3.5932,0.181192,4.27293,1,0,7.1661,literature,0.40,2.56376,5.98210
36,8,36.5000,8.5000,1.0000,60.0000,0,0.711688,0.02725,4.27013,0.071169,ok,0.181231,,0.181231,4.27013,3.5823,0.181768,4.23183,1,0,7.1433,literature,0.40,2.53910,5.92456
37,8,37.5000,8.5000,1.0000,60.0000,0,0.704131,0.02725,4.22479,0.070413,ok,0.181868,,0.181868,4.22479,3.5697,0.182434,4.18535,1,0,7.1173,literature,0.40,2.51121,5.85949
38,8,38.5000,8.5000,1.0000,60.0000,0,0.695756,0.02725,4.17454,0.069576,ok,0.182591,,0.182591,4.17454,3.5556,0.183187,4.13401,1,0,7.0880,literature,0.40,2.48041,5.78762
39,8,39.5000,8.5000,1.0000,60.0000,0,0.686628,0.02725,4.11977,0.068663,ok,0.183399,,0.183399,4.11977,3.5399,0.184025,4.07833,1,0,7.0557,literature,0.40,2.44700,5.70966
40,8,40.5000,8.5000,1.0000,60.0000,0,0.676813,0.02725,4.06088,0.067681,ok,0.184292,,0.184292,4.06088,3.5228,0.184946,4.01877,1,0,7.0206,literature,0.40,2.41126,5.62628
41,8,41.5000,8.5000,1.0000,60.0000,0,0.666376,0.02725,3.99825,0.066638,ok,0.185270,,0.185270,3.99825,3.5041,0.185951,3.95582,1,0,6.9826,literature,0.40,2.37349,5.53815
42,8,42.5000,8.5000,1.0000,60.0000,0,0.655382,0.02725,3.93229,0.065538,ok,0.186335,,0.186335,3.93229,3.4841,0.187038,3.88990,1,0,6.9421,literature,0.40,2.33394,5.44586
43,8,43.5000,8.5000,1.0000,60.0000,0,0.643898,0.02725,3.86339,0.064390,ok,0.187485,,0.187485,3.86339,3.4628,0.188206,3.82142,1,0,6.8990,literature,0.40,2.29285,5.34998
44,8,44.5000,8.5000,1.0000,60.0000,0,0.631988,0.02725,3.79193,0.063199,ok,0.188723,,0.188723,3.79193,3.4400,0.189457,3.75075,1,0,6.8534,literature,0.40,2.25045,5.25105
45,8,45.5000,8.5000,1.0000,60.0000,0,0.619719,0.02725,3.71831,0.061972,ok,0.190047,,0.190047,3.71831,3.4161,0.190790,3.67827,1,0,6.8056,literature,0.40,2.20696,5.14958
46,8,46.5000,8.5000,1.0000,60.0000,0,0.607154,0.02725,3.64293,0.060715,ok,0.191459,,0.191459,3.64293,3.3909,0.192204,3.60434,1,0,6.7555,literature,0.40,2.16260,5.04607
47,8,47.5000,8.5000,1.0000,60.0000,0,0.594361,0.02725,3.56617,0.059436,ok,0.192958,,0.192958,3.56617,3.3645,0.193701,3.52930,1,0,6.7033,literature,0.40,2.11758,4.94101
48,8,48.5000,8.5000,1.0000,60.0000,0,0.581404,0.02725,3.48842,0.058140,ok,0.194543,,0.194543,3.48842,3.3371,0.195278,3.45351,1,0,6.6491,literature,0.40,2.07210,4.83491
49,8,49.5000,8.5000,1.0000,60.0000,0,0.568349,0.02725,3.41009,0.056835,ok,0.196213,,0.196213,3.41009,3.3087,0.196939,3.37717,1,0,6.5931,literature,0.40,2.02630,4.72803
50,8,50.5000,8.5000,1.0000,60.0000,0,0.555261,0.02725,3.33157,0.055526,ok,0.197967,,0.197967,3.33157,3.2794,0.198649,3.30199,1,0,6.5363,literature,0.40,1.98119,4.62279
51,8,51.5000,8.5000,1.0000,60.0000,0,0.542206,0.02725,3.25324,0.054221,ok,0.199800,,0.199800,3.25324,3.2493,0.200408,3.22806,1,0,6.4789,literature,0.40,1.93684,4.51929
52,8,52.5000,8.5000,1.0000,60.0000,0,0.529249,0.02725,3.17549,0.052925,ok,0.201709,,0.201709,3.17549,3.2186,0.202193,3.15638,1,0,6.4217,literature,0.40,1.89383,4.41893
53,8,53.5000,8.5000,1.0000,60.0000,0,0.516456,0.02725,3.09873,0.051646,ok,0.203688,,0.203688,3.09873,3.1873,0.203969,3.08812,1,0,6.3658,literature,0.40,1.85287,4.32337
54,8,54.5000,8.5000,1.0000,60.0000,0,0.503891,0.02725,3.02335,0.050389,ok,0.205729,,0.205729,3.02335,3.1557,0.205696,3.02455,1,0,6.3124,literature,0.40,1.81473,4.23437
55,8,55.5000,8.5000,1.0000,60.0000,0,0.491622,0.02725,2.94973,0.049162,ok,0.207823,,0.207823,2.94973,3.1239,0.207328,2.96683,1,0,6.2627,literature,0.40,1.78010,4.15357
56,8,56.5000,8.5000,1.0000,60.0000,0,0.479712,0.02725,2.87827,0.047971,ok,0.209959,,0.209959,2.87827,3.0921,0.208824,2.91581,1,0,6.2178,literature,0.40,1.74949,4.08213
57,8,57.5000,8.5000,1.0000,60.0000,0,0.468228,0.02725,2.80937,0.046823,ok,0.212120,,0.212120,2.80937,3.0606,0.210155,2.87186,1,0,6.1784,literature,0.40,1.72312,4.02061
58,8,58.5000,8.5000,1.0000,60.0000,0,0.457234,0.02725,2.74341,0.045723,ok,0.214291,,0.214291,2.74341,3.0296,0.211308,2.83487,1,0,6.1447,literature,0.40,1.70092,3.96881
59,8,59.5000,8.5000,1.0000,60.0000,0,0.446797,0.02725,2.68078,0.044680,ok,0.216451,,0.216451,2.68078,2.9994,0.212306,2.80359,1,0,6.1158,literature,0.40,1.68215,3.92503
0,9,0.5000,9.5000,1.0000,60.0000,0,0.457555,0.02725,2.74533,0.045756,ok,0.214226,,0.214226,2.74533,3.0305,0.210181,2.87101,1,0,6.1777,literature,0.40,1.72261,4.01941
1,9,1.5000,9.5000,1.0000,60.0000,0,0.468243,0.02725,2.80946,0.046824,ok,0.212117,,0.212117,2.80946,3.0606,0.209233,2.90216,1,0,6.2057,literature,0.40,1.74129,4.06302
2,9,2.5000,9.5000,1.0000,60.0000,0,0.479502,0.02725,2.87701,0.047950,ok,0.209997,,0.209997,2.87701,3.0915,0.208114,2.93980,1,0,6.2390,literature,0.40,1.76388,4.11572
3,9,3.5000,9.5000,1.0000,60.0000,0,0.491262,0.02725,2.94757,0.049126,ok,0.207886,,0.207886,2.94757,3.1229,0.206822,2.98448,1,0,6.2780,literature,0.40,1.79069,4.17827
4,9,4.5000,9.5000,1.0000,60.0000,0,0.503459,0.02725,3.02075,0.050346,ok,0.205801,,0.205801,3.02075,3.1546,0.205371,3.03631,1,0,6.3224,literature,0.40,1.82179,4.25084
5,9,5.5000,9.5000,1.0000,60.0000,0,0.516024,0.02725,3.09614,0.051602,ok,0.203757,,0.203757,3.09614,3.1862,0.203788,3.09495,1,0,6.3715,literature,0.40,1.85697,4.33293
6,9,6.5000,9.5000,1.0000,60.0000,0,0.528891,0.02725,3.17334,0.052889,ok,0.201763,,0.201763,3.17334,3.2177,0.202112,3.15957,1,0,6.4243,literature,0.40,1.89574,4.42340
7,9,7.5000,9.5000,1.0000,60.0000,0,0.541992,0.02725,3.25195,0.054199,ok,0.199831,,0.199831,3.25195,3.2488,0.200385,3.22900,1,0,6.4797,literature,0.40,1.93740,4.52061
8,9,8.5000,9.5000,1.0000,60.0000,0,0.555261,0.02725,3.33157,0.055526,ok,0.197967,,0.197967,3.33157,3.2794,0.198649,3.30199,1,0,6.5363,literature,0.40,1.98119,4.62279
9,9,9.5000,9.5000,1.0000,60.0000,0,0.568631,0.02725,3.41178,0.056863,ok,0.196177,,0.196177,3.41178,3.3093,0.196935,3.37733,1,0,6.5932,literature,0.40,2.02640,4.72826
10,9,10.5000,9.5000,1.0000,60.0000,0,0.582034,0.02725,3.49220,0.058203,ok,0.194464,,0.194464,3.49220,3.3385,0.195253,3.45471,1,0,6.6500,literature,0.40,2.07283,4.83660
11,9,11.5000,9.5000,1.0000,60.0000,0,0.595403,0.02725,3.57242,0.059540,ok,0.192833,,0.192833,3.57242,3.3667,0.193646,3.53199,1,0,6.7052,literature,0.40,2.11920,4.94479
12,9,12.5000,9.5000,1.0000,60.0000,0,0.608672,0.02725,3.65203,0.060867,ok,0.191285,,0.191285,3.65203,3.3940,0.192104,3.60946,1,0,6.7590,literature,0.40,2.16568,5.05325
13,9,13.5000,9.5000,1.0000,60.0000,0,0.621773,0.02725,3.73064,0.062177,ok,0.189822,,0.189822,3.73064,3.4201,0.190641,3.68623,1,0,6.8109,literature,0.40,2.21174,5.16073
14,9,14.5000,9.5000,1.0000,60.0000,0,0.634640,0.02725,3.80784,0.063464,ok,0.188443,,0.188443,3.80784,3.4452,0.189255,3.76196,1,0,6.8607,literature,0.40,2.25718,5.26675
15,9,15.5000,9.5000,1.0000,60.0000,0,0.647205,0.02725,3.88323,0.064721,ok,0.187150,,0.187150,3.88323,3.4690,0.187949,3.83631,1,0,6.9084,literature,0.40,2.30179,5.37083
16,9,16.5000,9.5000,1.0000,60.0000,0,0.659402,0.02725,3.95641,0.065940,ok,0.185941,,0.185941,3.95641,3.4915,0.186720,3.90891,1,0,6.9539,literature,0.40,2.34535,5.47248
17,9,17.5000,9.5000,1.0000,60.0000,0,0.671162,0.02725,4.02697,0.067116,ok,0.184818,,0.184818,4.02697,3.5127,0.185571,3.97940,1,0,6.9969,literature,0.40,2.38764,5.57116
18,9,18.5000,9.5000,1.0000,60.0000,0,0.682421,0.02725,4.09452,0.068242,ok,0.183779,,0.183779,4.09452,3.5326,0.184500,4.04738,1,0,7.0376,literature,0.40,2.42843,5.66634
19,9,19.5000,9.5000,1.0000,60.0000,0,0.693109,0.02725,4.15865,0.069311,ok,0.182823,,0.182823,4.15865,3.5511,0.183509,4.11242,1,0,7.0756,literature,0.40,2.46745,5.75739
20,9,20.5000,9.5000,1.0000,60.0000,0,0.703160,0.02725,4.21896,0.070316,ok,0.181951,,0.181951,4.21896,3.5681,0.182598,4.17406,1,0,7.1109,literature,0.40,2.50443,5.84368
21,9,21.5000,9.5000,1.0000,60.0000,0,0.712508,0.02725,4.27505,0.071251,ok,0.181162,,0.181162,4.27505,3.5836,0.181769,4.23178,1,0,7.1433,literature,0.40,2.53907,5.92449
22,9,22.5000,9.5000,1.0000,60.0000,0,0.721085,0.02725,4.32651,0.072109,ok,0.180457,,0.180457,4.32651,3.5976,0.181024,4.28507,1,0,7.1727,literature,0.40,2.57104,5.99910
23,9,23.5000,9.5000,1.0000,60.0000,0,0.728824,0.02725,4.37294,0.072882,ok,0.179803,,0.179803,4.37294,3.6107,0.180364,4.33336,1,0,7.1989,literature,0.40,2.60002,6.06670
24,9,24.5000,9.5000,1.0000,60.0000,0,0.735658,0.02725,4.41395,0.073566,ok,0.179162,,0.179162,4.41395,3.6236,0.179793,4.37358,1,0,7.2218,literature,0.40,2.62415,6.12301
25,9,25.5000,9.5000,1.0000,60.0000,0,0.741521,0.02725,4.44912,0.074152,ok,0.178622,,0.178622,4.44912,3.6346,0.179312,4.40430,1,0,7.2412,literature,0.40,2.64258,6.16602
26,9,26.5000,9.5000,1.0000,60.0000,0,0.746344,0.02725,4.47806,0.074634,ok,0.178183,,0.178183,4.47806,3.6435,0.178923,4.42941,1,0,7.2569,literature,0.40,2.65765,6.20118
27,9,27.5000,9.5000,1.0000,60.0000,0,0.750061,0.02725,4.50037,0.075006,ok,0.177850,,0.177850,4.50037,3.6504,0.178630,4.44858,1,0,7.2688,literature,0.40,2.66915,6.22802
28,9,28.5000,9.5000,1.0000,60.0000,0,0.752605,0.02725,4.51563,0.075261,ok,0.177623,,0.177623,4.51563,3.6550,0.178433,4.46153,1,0,7.2768,literature,0.40,2.67692,6.24614
29,9,29.5000,9.5000,1.0000,60.0000,0,0.753910,0.02725,4.52346,0.075391,ok,0.177507,,0.177507,4.52346,3.6574,0.178334,4.46805,1,0,7.2809,literature,0.40,2.68083,6.25527
30,9,30.5000,9.5000,1.0000,60.0000,0,0.753910,0.02725,4.52346,0.075391,ok,0.177507,,0.177507,4.52346,3.6574,0.178334,4.46805,1,0,7.2809,literature,0.40,2.68083,6.25527
31,9,31.5000,9.5000,1.0000,60.0000,0,0.752605,0.02725,4.51563,0.075261,ok,0.177623,,0.177623,4.51563,3.6550,0.178433,4.46153,1,0,7.2768,literature,0.40,2.67692,6.24614
32,9,32.5000,9.5000,1.0000,60.0000,0,0.750061,0.02725,4.50037,0.075006,ok,0.177850,,0.177850,4.50037,3.6504,0.178630,4.44858,1,0,7.2688,literature,0.40,2.66915,6.22802
33,9,33.5000,9.5000,1.0000,60.0000,0,0.746344,0.02725,4.47806,0.074634,ok,0.178183,,0.178183,4.47806,3.6435,0.178923,4.42941,1,0,7.2569,literature,0.40,2.65765,6.20118
34,9,34.5000,9.5000,1.0000,60.0000,0,0.741521,0.02725,4.44912,0.074152,ok,0.178622,,0.178622,4.44912,3.6346,0.179312,4.40430,1,0,7.2412,literature,0.40,2.64258,6.16602
35,9,35.5000,9.5000,1.0000,60.0000,0,0.735658,0.02725,4.41395,0.073566,ok,0.179162,,0.179162,4.41395,3.6236,0.179793,4.37358,1,0,7.2218,literature,0.40,2.62415,6.12301
36,9,36.5000,9.5000,1.0000,60.0000,0,0.728824,0.02725,4.37294,0.072882,ok,0.179803,,0.179803,4.37294,3.6107,0.180364,4.33336,1,0,7.1989,literature,0.40,2.60002,6.06670
37,9,37.5000,9.5000,1.0000,60.0000,0,0.721085,0.02725,4.32651,0.072109,ok,0.180457,,0.180457,4.32651,3.5976,0.181024,4.28507,1,0,7.1727,literature,0.40,2.57104,5.99910
38,9,38.5000,9.5000,1.0000,60.0000,0,0.712508,0.02725,4.27505,0.071251,ok,0.181162,,0.181162,4.27505,3.5836,0.181769,4.23178,1,0,7.1433,literature,0.40,2.53907,5.92449
39,9,39.5000,9.5000,1.0000,60.0000,0,0.703160,0.02725,4.21896,0.070316,ok,0.181951,,0.181951,4.21896,3.5681,0.182598,4.17406,1,0,7.1109,literature,0.40,2.50443,5.84368
40,9,40.5000,9.5000,1.0000,60.0000,0,0.693109,0.02725,4.15865,0.069311,ok,0.182823,,0.182823,4.15865,3.5511,0.183509,4.11242,1,0,7.0756,literature,0.40,2.46745,5.75739
41,9,41.5000,9.5000,1.0000,60.0000,0,0.682421,0.02725,4.09452,0.068242,ok,0.183779,,0.183779,4.09452,3.5326,0.184500,4.04738,1,0,7.0376,literature,0.40,2.42843,5.66634
42,9,42.5000,9.5000,1.0000,60.0000,0,0.671162,0.02725,4.02697,0.067116,ok,0.184818,,0.184818,4.02697,3.5127,0.185571,3.97940,1,0,6.9969,literature,0.40,2.38764,5.57116
43,9,43.5000,9.5000,1.0000,60.0000,0,0.659402,0.02725,3.95641,0.065940,ok,0.185941,,0.185941,3.95641,3.4915,0.186720,3.90891,1,0,6.9539,literature,0.40,2.34535,5.47248
44,9,44.5000,9.5000,1.0000,60.0000,0,0.647205,0.02725,3.88323,0.064721,ok,0.187150,,0.187150,3.88323,3.4690,0.187949,3.83631,1,0,6.9084,literature,0.40,2.30179,5.37083
45,9,45.5000,9.5000,1.0000,60.0000,0,0.634640,0.02725,3.80784,0.063464,ok,0.188443,,0.188443,3.80784,3.4452,0.189255,3.76196,1,0,6.8607,literature,0.40,2.25718,5.26675
46,9,46.5000,9.5000,1.0000,60.0000,0,0.621773,0.02725,3.73064,0.062177,ok,0.189822,,0.189822,3.73064,3.4201,0.190641,3.68623,1,0,6.8109,literature,0.40,2.21174,5.16073
47,9,47.5000,9.5000,1.0000,60.0000,0,0.608672,0.02725,3.65203,0.060867,ok,0.191285,,0.191285,3.65203,3.3940,0.192104,3.60946,1,0,6.7590,literature,0.40,2.16568,5.05325
48,9,48.5000,9.5000,1.0000,60.0000,0,0.595403,0.02725,3.57242,0.059540,ok,0.192833,,0.192833,3.57242,3.3667,0.193646,3.53199,1,0,6.7052,literature,0.40,2.11920,4.94479
49,9,49.5000,9.5000,1.0000,60.0000,0,0.582034,0.02725,3.49220,0.058203,ok,0.194464,,0.194464,3.49220,3.3385,0.195253,3.45471,1,0,6.6500,literature,0.40,2.07283,4.83660
50,9,50.5000,9.5000,1.0000,60.0000,0,0.568631,0.02725,3.41178,0.056863,ok,0.196177,,0.196177,3.41178,3.3093,0.196935,3.37733,1,0,6.5932,literature,0.40,2.02640,4.72826
51,9,51.5000,9.5000,1.0000,60.0000,0,0.555261,0.02725,3.33157,0.055526,ok,0.197967,,0.197967,3.33157,3.2794,0.198649,3.30199,1,0,6.5363,literature,0.40,1.98119,4.62279
52,9,52.5000,9.5000,1.0000,60.0000,0,0.541992,0.02725,3.25195,0.054199,ok,0.199831,,0.199831,3.25195,3.2488,0.200385,3.22900,1,0,6.4797,literature,0.40,1.93740,4.52061
53,9,53.5000,9.5000,1.0000,60.0000,0,0.528891,0.02725,3.17334,0.052889,ok,0.201763,,0.201763,3.17334,3.2177,0.202112,3.15957,1,0,6.4243,literature,0.40,1.89574,4.42340
54,9,54.5000,9.5000,1.0000,60.0000,0,0.516024,0.02725,3.09614,0.051602,ok,0.203757,,0.203757,3.09614,3.1862,0.203788,3.09495,1,0,6.3715,literature,0.40,1.85697,4.33293
55,9,55.5000,9.5000,1.0000,60.0000,0,0.503459,0.02725,3.02075,0.050346,ok,0.205801,,0.205801,3.02075,3.1546,0.205371,3.03631,1,0,6.3224,literature,0.40,1.82179,4.25084
56,9,56.5000,9.5000,1.0000,60.0000,0,0.491262,0.02725,2.94757,0.049126,ok,0.207886,,0.207886,2.94757,3.1229,0.206822,2.98448,1,0,6.2780,literature,0.40,1.79069,4.17827
57,9,57.5000,9.5000,1.0000,60.0000,0,0.479502,0.02725,2.87701,0.047950,ok,0.209997,,0.209997,2.87701,3.0915,0.208114,2.93980,1,0,6.2390,literature,0.40,1.76388,4.11572
58,9,58.5000,9.5000,1.0000,60.0000,0,0.468243,0.02725,2.80946,0.046824,ok,0.212117,,0.212117,2.80946,3.0606,0.209233,2.90216,1,0,6.2057,literature,0.40,1.74129,4.06302
59,9,59.5000,9.5000,1.0000,60.0000,0,0.457555,0.02725,2.74533,0.045756,ok,0.214226,,0.214226,2.74533,3.0305,0.210181,2.87101,1,0,6.1777,literature,0.40,1.72261,4.01941
0,10,0.5000,10.5000,1.0000,60.0000,0,0.468340,0.02725,2.81004,0.046834,ok,0.212099,,0.212099,2.81004,3.0609,0.208151,2.93855,1,0,6.2379,literature,0.40,1.76313,4.11397
1,10,1.5000,10.5000,1.0000,60.0000,0,0.479280,0.02725,2.87568,0.047928,ok,0.210038,,0.210038,2.87568,3.0909,0.207227,2.97032,1,0,6.2657,literature,0.40,1.78219,4.15844
2,10,2.5000,10.5000,1.0000,60.0000,0,0.490804,0.02725,2.94482,0.049080,ok,0.207967,,0.207967,2.94482,3.1217,0.206139,3.00865,1,0,6.2988,literature,0.40,1.80519,4.21211
3,10,3.5000,10.5000,1.0000,60.0000,0,0.502842,0.02725,3.01705,0.050284,ok,0.205904,,0.205904,3.01705,3.1530,0.204885,3.05409,1,0,6.3374,literature,0.40,1.83246,4.27573
4,10,4.5000,10.5000,1.0000,60.0000,0,0.515326,0.02725,3.09195,0.051533,ok,0.203868,,0.203868,3.09195,3.1845,0.203476,3.10679,1,0,6.3813,literature,0.40,1.86407,4.34951
5,10,5.5000,10.5000,1.0000,60.0000,0,0.528187,0.02725,3.16912,0.052819,ok,0.201870,,0.201870,3.16912,3.2160,0.201939,3.16641,1,0,6.4298,literature,0.40,1.89984,4.43297
6,10,6.5000,10.5000,1.0000,60.0000,0,0.541357,0.02725,3.24814,0.054136,ok,0.199922,,0.199922,3.24814,3.2473,0.200310,3.23212,1,0,6.4821,literature,0.40,1.93927,4.52497
7,10,7.5000,10.5000,1.0000,60.0000,0,0.554767,0.02725,3.32860,0.055477,ok,0.198035,,0.198035,3.32860,3.2783,0.198630,3.30280,1,0,6.5369,literature,0.40,1.98168,4.62392
8,10,8.5000,10.5000,1.0000,60.0000,0,0.568349,0.02725,3.41009,0.056835,ok,0.196213,,0.196213,3.41009,3.3087,0.196939,3.37717,1,0,6.5931,literature,0.40,2.02630,4.72803
9,10,9.5000,10.5000,1.0000,60.0000,0,0.582034,0.02725,3.49220,0.058203,ok,0.194464,,0.194464,3.49220,3.3385,0.195253,3.45471,1,0,6.6500,literature,0.40,2.07283,4.83660
10,10,10.5000,10.5000,1.0000,60.0000,0,0.595752,0.02725,3.57451,0.059575,ok,0.192792,,0.192792,3.57451,3.3674,0.193624,3.53307,1,0,6.7059,literature,0.40,2.11984,4.94630
11,10,11.5000,10.5000,1.0000,60.0000,0,0.609437,0.02725,3.65662,0.060944,ok,0.191198,,0.191198,3.65662,3.3955,0.192054,3.61207,1,0,6.7608,literature,0.40,2.16724,5.05689
12,10,12.5000,10.5000,1.0000,60.0000,0,0.623019,0.02725,3.73811,0.062302,ok,0.189686,,0.189686,3.73811,3.4226,0.190545,3.69138,1,0,6.8143,literature,0.40,2.21483,5.16793
13,10,13.5000,10.5000,1.0000,60.0000,0,0.636429,0.02725,3.81857,0.063643,ok,0.188256,,0.188256,3.81857,3.4486,0.189110,3.77008,1,0,6.8660,literature,0.40,2.26205,5.27811
14,10,14.5000,10.5000,1.0000,60.0000,0,0.649599,0.02725,3.89759,0.064960,ok,0.186909,,0.186909,3.89759,3.4734,0.187751,3.84783,1,0,6.9157,literature,0.40,2.30870,5.38696
15,10,15.5000,10.5000,1.0000,60.0000,0,0.662460,0.02725,3.97476,0.066246,ok,0.185645,,0.185645,3.97476,3.4971,0.186466,3.92429,1,0,6.9634,literature,0.40,2.35458,5.49401
16,10,16.5000,10.5000,1.0000,60.0000,0,0.674944,0.02725,4.04967,0.067494,ok,0.184465,,0.184465,4.04967,3.5195,0.185257,3.99911,1,0,7.0088,literature,0.40,2.39947,5.59876
17,10,17.5000,10.5000,1.0000,60.0000,0,0.686982,0.02725,4.12189,0.068698,ok,0.183367,,0.183367,4.12189,3.5405,0.184123,4.07190,1,0,7.0520,literature,0.40,2.44314,5.70066
18,10,18.5000,10.5000,1.0000,60.0000,0,0.698506,0.02725,4.19103,0.069851,ok,0.182352,,0.182352,4.19103,3.5602,0.183065,4.14223,1,0,7.0927,literature,0.40,2.48534,5.79912
19,10,19.5000,10.5000,1.0000,60.0000,0,0.709446,0.02725,4.25668,0.070945,ok,0.181419,,0.181419,4.25668,3.5785,0.182084,4.20964,1,0,7.1309,literature,0.40,2.52579,5.89350
20,10,20.5000,10.5000,1.0000,60.0000,0,0.719734,0.02725,4.31841,0.071973,ok,0.180567,,0.180567,4.31841,3.5954,0.181182,4.27363,1,0,7.1664,literature,0.40,2.56418,5.98308
21,10,21.5000,10.5000,1.0000,60.0000,0,0.729302,0.02725,4.37581,0.072930,ok,0.179757,,0.179757,4.37581,3.6116,0.180360,4.33362,1,0,7.1991,literature,0.40,2.60017,6.06707
22,10,22.5000,10.5000,1.0000,60.0000,0,0.738082,0.02725,4.42849,0.073808,ok,0.178937,,0.178937,4.42849,3.6282,0.179622,4.38445,1,0,7.2287,literature,0.40,2.63067,6.13823
23,10,23.5000,10.5000,1.0000,60.0000,0,0.746003,0.02725,4.47602,0.074600,ok,0.178214,,0.178214,4.47602,3.6429,0.178967,4.42654,1,0,7.2551,literature,0.40,2.65592,6.19716
24,10,24.5000,10.5000,1.0000,60.0000,0,0.752998,0.02725,4.51799,0.075300,ok,0.177588,,0.177588,4.51799,3.6557,0.178400,4.46369,1,0,7.2782,literature,0.40,2.67821,6.24916
25,10,25.5000,10.5000,1.0000,60.0000,0,0.758999,0.02725,4.55399,0.075900,ok,0.177060,,0.177060,4.55399,3.6666,0.177923,4.49546,1,0,7.2977,literature,0.40,2.69727,6.29364
26,10,26.5000,10.5000,1.0000,60.0000,0,0.763936,0.02725,4.58361,0.076394,ok,0.176632,,0.176632,4.58361,3.6755,0.177537,4.52147,1,0,7.3136,literature,0.40,2.71288,6.33005
27,10,27.5000,10.5000,1.0000,60.0000,0,0.767741,0.02725,4.60644,0.076774,ok,0.176306,,0.176306,4.60644,3.6823,0.177246,4.54129,1,0,7.3256,literature,0.40,2.72477,6.35780
28,10,28.5000,10.5000,1.0000,60.0000,0,0.770345,0.02725,4.62207,0.077034,ok,0.176085,,0.176085,4.62207,3.6869,0.177051,4.55467,1,0,7.3337,literature,0.40,2.73280,6.37654
29,10,29.5000,10.5000,1.0000,60.0000,0,0.771680,0.02725,4.63008,0.077168,ok,0.175972,,0.175972,4.63008,3.6893,0.176953,4.56141,1,0,7.3377,literature,0.40,2.73685,6.38598
30,10,30.5000,10.5000,1.0000,60.0000,0,0.771680,0.02725,4.63008,0.077168,ok,0.175972,,0.175972,4.63008,3.6893,0.176953,4.56141,1,0,7.3377,literature,0.40,2.73685,6.38598
31,10,31.5000,10.5000,1.0000,60.0000,0,0.770345,0.02725,4.62207,0.077034,ok,0.176085,,0.176085,4.62207,3.6869,0.177051,4.55467,1,0,7.3337,literature,0.40,2.73280,6.37654
32,10,32.5000,10.5000,1.0000,60.0000,0,0.767741,0.02725,4.60644,0.076774,ok,0.176306,,0.176306,4.60644,3.6823,0.177246,4.54129,1,0,7.3256,literature,0.40,2.72477,6.35780
33,10,33.5000,10.5000,1.0000,60.0000,0,0.763936,0.02725,4.58361,0.076394,ok,0.176632,,0.176632,4.58361,3.6755,0.177537,4.52147,1,0,7.3136,literature,0.40,2.71288,6.33005
34,10,34.5000,10.5000,1.0000,60.0000,0,0.758999,0.02725,4.55399,0.075900,ok,0.177060,,0.177060,4.55399,3.6666,0.177923,4.49546,1,0,7.2977,literature,0.40,2.69727,6.29364
35,10,35.5000,10.5000,1.0000,60.0000,0,0.752998,0.02725,4.51799,0.075300,ok,0.177588,,0.177588,4.51799,3.6557,0.178400,4.46369,1,0,7.2782,literature,0.40,2.67821,6.24916
36,10,36.5000,10.5000,1.0000,60.0000,0,0.746003,0.02725,4.47602,0.074600,ok,0.178214,,0.178214,4.47602,3.6429,0.178967,4.42654,1,0,7.2551,literature,0.40,2.65592,6.19716
37,10,37.5000,10.5000,1.0000,60.0000,0,0.738082,0.02725,4.42849,0.073808,ok,0.178937,,0.178937,4.42849,3.6282,0.179622,4.38445,1,0,7.2287,literature,0.40,2.63067,6.13823
38,10,38.5000,10.5000,1.0000,60.0000,0,0.729302,0.02725,4.37581,0.072930,ok,0.179757,,0.179757,4.37581,3.6116,0.180360,4.33362,1,0,7.1991,literature,0.40,2.60017,6.06707
39,10,39.5000,10.5000,1.0000,60.0000,0,0.719734,0.02725,4.31841,0.071973,ok,0.180567,,0.180567,4.31841,3.5954,0.181182,4.27363,1,0,7.1664,literature,0.40,2.56418,5.98308
40,10,40.5000,10.5000,1.0000,60.0000,0,0.709446,0.02725,4.25668,0.070945,ok,0.181419,,0.181419,4.25668,3.5785,0.182084,4.20964,1,0,7.1309,literature,0.40,2.52579,5.89350
41,10,41.5000,10.5000,1.0000,60.0000,0,0.698506,0.02725,4.19103,0.069851,ok,0.182352,,0.182352,4.19103,3.5602,0.183065,4.14223,1,0,7.0927,literature,0.40,2.48534,5.79912
42,10,42.5000,10.5000,1.0000,60.0000,0,0.686982,0.02725,4.12189,0.068698,ok,0.183367,,0.183367,4.12189,3.5405,0.184123,4.07190,1,0,7.0520,literature,0.40,2.44314,5.70066
43,10,43.5000,10.5000,1.0000,60.0000,0,0.674944,0.02725,4.04967,0.067494,ok,0.184465,,0.184465,4.04967,3.5195,0.185257,3.99911,1,0,7.0088,literature,0.40,2.39947,5.59876
44,10,44.5000,10.5000,1.0000,60.0000,0,0.662460,0.02725,3.97476,0.066246,ok,0.185645,,0.185645,3.97476,3.4971,0.186466,3.92429,1,0,6.9634,literature,0.40,2.35458,5.49401
45,10,45.5000,10.5000,1.0000,60.0000,0,0.649599,0.02725,3.89759,0.064960,ok,0.186909,,0.186909,3.89759,3.4734,0.187751,3.84783,1,0,6.9157,literature,0.40,2.30870,5.38696
46,10,46.5000,10.5000,1.0000,60.0000,0,0.636429,0.02725,3.81857,0.063643,ok,0.188256,,0.188256,3.81857,3.4486,0.189110,3.77008,1,0,6.8660,literature,0.40,2.26205,5.27811
47,10,47.5000,10.5000,1.0000,60.0000,0,0.623019,0.02725,3.73811,0.062302,ok,0.189686,,0.189686,3.73811,3.4226,0.190545,3.69138,1,0,6.8143,literature,0.40,2.21483,5.16793
48,10,48.5000,10.5000,1.0000,60.0000,0,0.609437,0.02725,3.65662,0.060944,ok,0.191198,,0.191198,3.65662,3.3955,0.192054,3.61207,1,0,6.7608,literature,0.40,2.16724,5.05689
49,10,49.5000,10.5000,1.0000,60.0000,0,0.595752,0.02725,3.57451,0.059575,ok,0.192792,,0.192792,3.57451,3.3674,0.193624,3.53307,1,0,6.7059,literature,0.40,2.11984,4.94630
50,10,50.5000,10.5000,1.0000,60.0000,0,0.582034,0.02725,3.49220,0.058203,ok,0.194464,,0.194464,3.49220,3.3385,0.195253,3.45471,1,0,6.6500,literature,0.40,2.07283,4.83660
51,10,51.5000,10.5000,1.0000,60.0000,0,0.568349,0.02725,3.41009,0.056835,ok,0.196213,,0.196213,3.41009,3.3087,0.196939,3.37717,1,0,6.5931,literature,0.40,2.02630,4.72803
52,10,52.5000,10.5000,1.0000,60.0000,0,0.554767,0.02725,3.32860,0.055477,ok,0.198035,,0.198035,3.32860,3.2783,0.198630,3.30280,1,0,6.5369,literature,0.40,1.98168,4.62392
53,10,53.5000,10.5000,1.0000,60.0000,0,0.541357,0.02725,3.24814,0.054136,ok,0.199922,,0.199922,3.24814,3.2473,0.200310,3.23212,1,0,6.4821,literature,0.40,1.93927,4.52497
54,10,54.5000,10.5000,1.0000,60.0000,0,0.528187,0.02725,3.16912,0.052819,ok,0.201870,,0.201870,3.16912,3.2160,0.201939,3.16641,1,0,6.4298,literature,0.40,1.89984,4.43297
55,10,55.5000,10.5000,1.0000,60.0000,0,0.515326,0.02725,3.09195,0.051533,ok,0.203868,,0.203868,3.09195,3.1845,0.203476,3.10679,1,0,6.3813,literature,0.40,1.86407,4.34951
56,10,56.5000,10.5000,1.0000,60.0000,0,0.502842,0.02725,3.01705,0.050284,ok,0.205904,,0.205904,3.01705,3.1530,0.204885,3.05409,1,0,6.3374,literature,0.40,1.83246,4.27573
57,10,57.5000,10.5000,1.0000,60.0000,0,0.490804,0.02725,2.94482,0.049080,ok,0.207967,,0.207967,2.94482,3.1217,0.206139,3.00865,1,0,6.2988,literature,0.40,1.80519,4.21211
58,10,58.5000,10.5000,1.0000,60.0000,0,0.479280,0.02725,2.87568,0.047928,ok,0.210038,,0.210038,2.87568,3.0909,0.207227,2.97032,1,0,6.2657,literature,0.40,1.78219,4.15844
59,10,59.5000,10.5000,1.0000,60.0000,0,0.468340,0.02725,2.81004,0.046834,ok,0.212099,,0.212099,2.81004,3.0609,0.208151,2.93855,1,0,6.2379,literature,0.40,1.76313,4.11397
0,11,0.5000,11.5000,1.0000,60.0000,0,0.479098,0.02725,2.87459,0.047910,ok,0.210071,,0.210071,2.87459,3.0904,0.206200,3.00649,1,0,6.2970,literature,0.40,1.80390,4.20909
1,11,1.5000,11.5000,1.0000,60.0000,0,0.490289,0.02725,2.94174,0.049029,ok,0.208057,,0.208057,2.94174,3.1204,0.205299,3.03892,1,0,6.3246,literature,0.40,1.82335,4.25449
2,11,2.5000,11.5000,1.0000,60.0000,0,0.502078,0.02725,3.01247,0.050208,ok,0.206032,,0.206032,3.01247,3.1510,0.204240,3.07800,1,0,6.3574,literature,0.40,1.84680,4.30920
3,11,3.5000,11.5000,1.0000,60.0000,0,0.514392,0.02725,3.08635,0.051439,ok,0.204016,,0.204016,3.08635,3.1822,0.203019,3.12427,1,0,6.3956,literature,0.40,1.87456,4.37398
4,11,4.5000,11.5000,1.0000,60.0000,0,0.527163,0.02725,3.16298,0.052716,ok,0.202025,,0.202025,3.16298,3.2135,0.201649,3.17789,1,0,6.4391,literature,0.40,1.90674,4.44905
5,11,5.5000,11.5000,1.0000,60.0000,0,0.540320,0.02725,3.24192,0.054032,ok,0.200072,,0.200072,3.24192,3.2449,0.200154,3.23856,1,0,6.4872,literature,0.40,1.94313,4.53398
6,11,6.5000,11.5000,1.0000,60.0000,0,0.553792,0.02725,3.32275,0.055379,ok,0.198169,,0.198169,3.32275,3.2761,0.198568,3.30546,1,0,6.5390,literature,0.40,1.98328,4.62765
7,11,7.5000,11.5000,1.0000,60.0000,0,0.567510,0.02725,3.40506,0.056751,ok,0.196323,,0.196323,3.40506,3.3069,0.196932,3.37748,1,0,6.5933,literature,0.40,2.02649,4.72847
8,11,8.5000,11.5000,1.0000,60.0000,0,0.581404,0.02725,3.48842,0.058140,ok,0.194543,,0.194543,3.48842,3.3371,0.195278,3.45351,1,0,6.6491,literature,0.40,2.07210,4.83491
9,11,9.5000,11.5000,1.0000,60.0000,0,0.595403,0.02725,3.57242,0.059540,ok,0.192833,,0.192833,3.57242,3.3667,0.193646,3.53199,1,0,6.7052,literature,0.40,2.11920,4.94479
10,11,10.5000,11.5000,1.0000,60.0000,0,0.609437,0.02725,3.65662,0.060944,ok,0.191198,,0.191198,3.65662,3.3955,0.192054,3.61207,1,0,6.7608,literature,0.40,2.16724,5.05689
11,11,11.5000,11.5000,1.0000,60.0000,0,0.623436,0.02725,3.74062,0.062344,ok,0.189640,,0.189640,3.74062,3.4234,0.190516,3.69291,1,0,6.8153,literature,0.40,2.21575,5.17007
12,11,12.5000,11.5000,1.0000,60.0000,0,0.637330,0.02725,3.82398,0.063733,ok,0.188162,,0.188162,3.82398,3.4503,0.189036,3.77423,1,0,6.8687,literature,0.40,2.26454,5.28392
13,11,13.5000,11.5000,1.0000,60.0000,0,0.651048,0.02725,3.90629,0.065105,ok,0.186764,,0.186764,3.90629,3.4761,0.187627,3.85506,1,0,6.9203,literature,0.40,2.31303,5.39708
14,11,14.5000,11.5000,1.0000,60.0000,0,0.664520,0.02725,3.98712,0.066452,ok,0.185447,,0.185447,3.98712,3.5008,0.186289,3.93506,1,0,6.9700,literature,0.40,2.36103,5.50908
15,11,15.5000,11.5000,1.0000,60.0000,0,0.677677,0.02725,4.06606,0.067768,ok,0.184212,,0.184212,4.06606,3.5243,0.185023,4.01389,1,0,7.0177,literature,0.40,2.40834,5.61945
16,11,16.5000,11.5000,1.0000,60.0000,0,0.690448,0.02725,4.14269,0.069045,ok,0.183058,,0.183058,4.14269,3.5465,0.183829,4.09119,1,0,7.0632,literature,0.40,2.45472,5.72767
17,11,17.5000,11.5000,1.0000,60.0000,0,0.702762,0.02725,4.21657,0.070276,ok,0.181985,,0.181985,4.21657,3.5674,0.182708,4.16655,1,0,7.1066,literature,0.40,2.49993,5.83317
18,11,18.5000,11.5000,1.0000,60.0000,0,0.714551,0.02725,4.28730,0.071455,ok,0.180993,,0.180993,4.28730,3.5870,0.181660,4.23950,1,0,7.1476,literature,0.40,2.54370,5.93529
19,11,19.5000,11.5000,1.0000,60.0000,0,0.725742,0.02725,4.35445,0.072574,ok,0.180080,,0.180080,4.35445,3.6051,0.180688,4.30953,1,0,7.1861,literature,0.40,2.58572,6.03334
20,11,20.5000,11.5000,1.0000,60.0000,0,0.736267,0.02725,4.41760,0.073627,ok,0.179105,,0.179105,4.41760,3.6248,0.179793,4.37353,1,0,7.2218,literature,0.40,2.62412,6.12294
21,11,21.5000,11.5000,1.0000,60.0000,0,0.746055,0.02725,4.47633,0.074605,ok,0.178210,,0.178210,4.47633,3.6430,0.178978,4.42583,1,0,7.2547,literature,0.40,2.65550,6.19616
22,11,22.5000,11.5000,1.0000,60.0000,0,0.755036,0.02725,4.53021,0.075504,ok,0.177408,,0.177408,4.53021,3.6594,0.178245,4.47398,1,0,7.2845,literature,0.40,2.68439,6.26358
23,11,23.5000,11.5000,1.0000,60.0000,0,0.763139,0.02725,4.57883,0.076314,ok,0.176701,,0.176701,4.57883,3.6741,0.177595,4.51755,1,0,7.3112,literature,0.40,2.71053,6.32457
24,11,24.5000,11.5000,1.0000,60.0000,0,0.770295,0.02725,4.62177,0.077029,ok,0.176089,,0.176089,4.62177,3.6869,0.177032,4.55596,1,0,7.3344,literature,0.40,2.73357,6.37834
25,11,25.5000,11.5000,1.0000,60.0000,0,0.776433,0.02725,4.65860,0.077643,ok,0.175573,,0.175573,4.65860,3.6977,0.176558,4.58880,1,0,7.3541,literature,0.40,2.75328,6.42432
26,11,26.5000,11.5000,1.0000,60.0000,0,0.781484,0.02725,4.68890,0.078148,ok,0.175155,,0.175155,4.68890,3.7065,0.176176,4.61565,1,0,7.3701,literature,0.40,2.76939,6.46192
27,11,27.5000,11.5000,1.0000,60.0000,0,0.785376,0.02725,4.71226,0.078538,ok,0.174836,,0.174836,4.71226,3.7133,0.175887,4.63615,1,0,7.3822,literature,0.40,2.78169,6.49060
28,11,28.5000,11.5000,1.0000,60.0000,0,0.788040,0.02725,4.72824,0.078804,ok,0.174619,,0.174619,4.72824,3.7179,0.175693,4.64998,1,0,7.3903,literature,0.40,2.78999,6.50997
29,11,29.5000,11.5000,1.0000,60.0000,0,0.789406,0.02725,4.73643,0.078941,ok,0.174509,,0.174509,4.73643,3.7202,0.175596,4.65695,1,0,7.3944,literature,0.40,2.79417,6.51973
30,11,30.5000,11.5000,1.0000,60.0000,0,0.789406,0.02725,4.73643,0.078941,ok,0.174509,,0.174509,4.73643,3.7202,0.175596,4.65695,1,0,7.3944,literature,0.40,2.79417,6.51973
31,11,31.5000,11.5000,1.0000,60.0000,0,0.788040,0.02725,4.72824,0.078804,ok,0.174619,,0.174619,4.72824,3.7179,0.175693,4.64998,1,0,7.3903,literature,0.40,2.78999,6.50997
32,11,32.5000,11.5000,1.0000,60.0000,0,0.785376,0.02725,4.71226,0.078538,ok,0.174836,,0.174836,4.71226,3.7133,0.175887,4.63615,1,0,7.3822,literature,0.40,2.78169,6.49060
33,11,33.5000,11.5000,1.0000,60.0000,0,0.781484,0.02725,4.68890,0.078148,ok,0.175155,,0.175155,4.68890,3.7065,0.176176,4.61565,1,0,7.3701,literature,0.40,2.76939,6.46192
34,11,34.5000,11.5000,1.0000,60.0000,0,0.776433,0.02725,4.65860,0.077643,ok,0.175573,,0.175573,4.65860,3.6977,0.176558,4.58880,1,0,7.3541,literature,0.40,2.75328,6.42432
35,11,35.5000,11.5000,1.0000,60.0000,0,0.770295,0.02725,4.62177,0.077029,ok,0.176089,,0.176089,4.62177,3.6869,0.177032,4.55596,1,0,7.3344,literature,0.40,2.73357,6.37834
36,11,36.5000,11.5000,1.0000,60.0000,0,0.763139,0.02725,4.57883,0.076314,ok,0.176701,,0.176701,4.57883,3.6741,0.177595,4.51755,1,0,7.3112,literature,0.40,2.71053,6.32457
37,11,37.5000,11.5000,1.0000,60.0000,0,0.755036,0.02725,4.53021,0.075504,ok,0.177408,,0.177408,4.53021,3.6594,0.178245,4.47398,1,0,7.2845,literature,0.40,2.68439,6.26358
38,11,38.5000,11.5000,1.0000,60.0000,0,0.746055,0.02725,4.47633,0.074605,ok,0.178210,,0.178210,4.47633,3.6430,0.178978,4.42583,1,0,7.2547,literature,0.40,2.65550,6.19616
39,11,39.5000,11.5000,1.0000,60.0000,0,0.736267,0.02725,4.41760,0.073627,ok,0.179105,,0.179105,4.41760,3.6248,0.179793,4.37353,1,0,7.2218,literature,0.40,2.62412,6.12294
40,11,40.5000,11.5000,1.0000,60.0000,0,0.725742,0.02725,4.35445,0.072574,ok,0.180080,,0.180080,4.35445,3.6051,0.180688,4.30953,1,0,7.1861,literature,0.40,2.58572,6.03334
41,11,41.5000,11.5000,1.0000,60.0000,0,0.714551,0.02725,4.28730,0.071455,ok,0.180993,,0.180993,4.28730,3.5870,0.181660,4.23950,1,0,7.1476,literature,0.40,2.54370,5.93529
42,11,42.5000,11.5000,1.0000,60.0000,0,0.702762,0.02725,4.21657,0.070276,ok,0.181985,,0.181985,4.21657,3.5674,0.182708,4.16655,1,0,7.1066,literature,0.40,2.49993,5.83317
43,11,43.5000,11.5000,1.0000,60.0000,0,0.690448,0.02725,4.14269,0.069045,ok,0.183058,,0.183058,4.14269,3.5465,0.183829,4.09119,1,0,7.0632,literature,0.40,2.45472,5.72767
44,11,44.5000,11.5000,1.0000,60.0000,0,0.677677,0.02725,4.06606,0.067768,ok,0.184212,,0.184212,4.06606,3.5243,0.185023,4.01389,1,0,7.0177,literature,0.40,2.40834,5.61945
45,11,45.5000,11.5000,1.0000,60.0000,0,0.664520,0.02725,3.98712,0.066452,ok,0.185447,,0.185447,3.98712,3.5008,0.186289,3.93506,1,0,6.9700,literature,0.40,2.36103,5.50908
46,11,46.5000,11.5000,1.0000,60.0000,0,0.651048,0.02725,3.90629,0.065105,ok,0.186764,,0.186764,3.90629,3.4761,0.187627,3.85506,1,0,6.9203,literature,0.40,2.31303,5.39708
47,11,47.5000,11.5000,1.0000,60.0000,0,0.637330,0.02725,3.82398,0.063733,ok,0.188162,,0.188162,3.82398,3.4503,0.189036,3.77423,1,0,6.8687,literature,0.40,2.26454,5.28392
48,11,48.5000,11.5000,1.0000,60.0000,0,0.623436,0.02725,3.74062,0.062344,ok,0.189640,,0.189640,3.74062,3.4234,0.190516,3.69291,1,0,6.8153,literature,0.40,2.21575,5.17007
49,11,49.5000,11.5000,1.0000,60.0000,0,0.609437,0.02725,3.65662,0.060944,ok,0.191198,,0.191198,3.65662,3.3955,0.192054,3.61207,1,0,6.7608,literature,0.40,2.16724,5.05689
50,11,50.5000,11.5000,1.0000,60.0000,0,0.595403,0.02725,3.57242,0.059540,ok,0.192833,,0.192833,3.57242,3.3667,0.193646,3.53199,1,0,6.7052,literature,0.40,2.11920,4.94479
51,11,51.5000,11.5000,1.0000,60.0000,0,0.581404,0.02725,3.48842,0.058140,ok,0.194543,,0.194543,3.48842,3.3371,0.195278,3.45351,1,0,6.6491,literature,0.40,2.07210,4.83491
52,11,52.5000,11.5000,1.0000,60.0000,0,0.567510,0.02725,3.40506,0.056751,ok,0.196323,,0.196323,3.40506,3.3069,0.196932,3.37748,1,0,6.5933,literature,0.40,2.02649,4.72847
53,11,53.5000,11.5000,1.0000,60.0000,0,0.553792,0.02725,3.32275,0.055379,ok,0.198169,,0.198169,3.32275,3.2761,0.198568,3.30546,1,0,6.5390,literature,0.40,1.98328,4.62765
54,11,54.5000,11.5000,1.0000,60.0000,0,0.540320,0.02725,3.24192,0.054032,ok,0.200072,,0.200072,3.24192,3.2449,0.200154,3.23856,1,0,6.4872,literature,0.40,1.94313,4.53398
55,11,55.5000,11.5000,1.0000,60.0000,0,0.527163,0.02725,3.16298,0.052716,ok,0.202025,,0.202025,3.16298,3.2135,0.201649,3.17789,1,0,6.4391,literature,0.40,1.90674,4.44905
56,11,56.5000,11.5000,1.0000,60.0000,0,0.514392,0.02725,3.08635,0.051439,ok,0.204016,,0.204016,3.08635,3.1822,0.203019,3.12427,1,0,6.3956,literature,0.40,1.87456,4.37398
57,11,57.5000,11.5000,1.0000,60.0000,0,0.502078,0.02725,3.01247,0.050208,ok,0.206032,,0.206032,3.01247,3.1510,0.204240,3.07800,1,0,6.3574,literature,0.40,1.84680,4.30920
58,11,58.5000,11.5000,1.0000,60.0000,0,0.490289,0.02725,2.94174,0.049029,ok,0.208057,,0.208057,2.94174,3.1204,0.205299,3.03892,1,0,6.3246,literature,0.40,1.82335,4.25449
59,11,59.5000,11.5000,1.0000,60.0000,0,0.479098,0.02725,2.87459,0.047910,ok,0.210071,,0.210071,2.87459,3.0904,0.206200,3.00649,1,0,6.2970,literature,0.40,1.80390,4.20909
0,12,0.5000,12.5000,1.0000,60.0000,0,0.489775,0.02725,2.93865,0.048977,ok,0.208148,,0.208148,2.93865,3.1190,0.204346,3.07405,1,0,6.3541,literature,0.40,1.84443,4.30367
1,12,1.5000,12.5000,1.0000,60.0000,0,0.501216,0.02725,3.00730,0.050122,ok,0.206177,,0.206177,3.00730,3.1488,0.203467,3.10714,1,0,6.3815,literature,0.40,1.86428,4.34999
2,12,2.5000,12.5000,1.0000,60.0000,0,0.513267,0.02725,3.07960,0.051327,ok,0.204197,,0.204197,3.07960,3.1794,0.202434,3.14695,1,0,6.4141,literature,0.40,1.88817,4.40573
3,12,3.5000,12.5000,1.0000,60.0000,0,0.525856,0.02725,3.15513,0.052586,ok,0.202225,,0.202225,3.15513,3.2104,0.201245,3.19404,1,0,6.4520,literature,0.40,1.91642,4.47165
4,12,4.5000,12.5000,1.0000,60.0000,0,0.538911,0.02725,3.23347,0.053891,ok,0.200277,,0.200277,3.23347,3.2416,0.199912,3.24859,1,0,6.4950,literature,0.40,1.94915,4.54802
5,12,5.5000,12.5000,1.0000,60.0000,0,0.552361,0.02725,3.31417,0.055236,ok,0.198367,,0.198367,3.31417,3.2728,0.198456,3.31029,1,0,6.5427,literature,0.40,1.98618,4.63441
6,12,6.5000,12.5000,1.0000,60.0000,0,0.566134,0.02725,3.39680,0.056613,ok,0.196504,,0.196504,3.39680,3.3038,0.196912,3.37839,1,0,6.5940,literature,0.40,2.02703,4.72974
7,12,7.5000,12.5000,1.0000,60.0000,0,0.580158,0.02725,3.48095,0.058016,ok,0.194699,,0.194699,3.48095,3.3345,0.195312,3.45192,1,0,6.6480,literature,0.40,2.07115,4.83269
8,12,8.5000,12.5000,1.0000,60.0000,0,0.594361,0.02725,3.56617,0.059436,ok,0.192958,,0.192958,3.56617,3.3645,0.193701,3.52930,1,0,6.7033,literature,0.40,2.11758,4.94101
9,12,9.5000,12.5000,1.0000,60.0000,0,0.608672,0.02725,3.65203,0.060867,ok,0.191285,,0.191285,3.65203,3.3940,0.192104,3.60946,1,0,6.7590,literature,0.40,2.16568,5.05325
10,12,10.5000,12.5000,1.0000,60.0000,0,0.623019,0.02725,3.73811,0.062302,ok,0.189686,,0.189686,3.73811,3.4226,0.190545,3.69138,1,0,6.8143,literature,0.40,2.21483,5.16793
11,12,11.5000,12.5000,1.0000,60.0000,0,0.637330,0.02725,3.82398,0.063733,ok,0.188162,,0.188162,3.82398,3.4503,0.189036,3.77423,1,0,6.8687,literature,0.40,2.26454,5.28392
12,12,12.5000,12.5000,1.0000,60.0000,0,0.651533,0.02725,3.90920,0.065153,ok,0.186716,,0.186716,3.90920,3.4770,0.187581,3.85777,1,0,6.9220,literature,0.40,2.31466,5.40087
13,12,13.5000,12.5000,1.0000,60.0000,0,0.665557,0.02725,3.99334,0.066556,ok,0.185348,,0.185348,3.99334,3.5027,0.186193,3.94095,1,0,6.9736,literature,0.40,2.36457,5.51733
14,12,14.5000,12.5000,1.0000,60.0000,0,0.679330,0.02725,4.07598,0.067933,ok,0.184060,,0.184060,4.07598,3.5272,0.184873,4.02347,1,0,7.0234,literature,0.40,2.41408,5.63285
15,12,15.5000,12.5000,1.0000,60.0000,0,0.692780,0.02725,4.15668,0.069278,ok,0.182852,,0.182852,4.15668,3.5505,0.183621,4.10496,1,0,7.0712,literature,0.40,2.46297,5.74694
16,12,16.5000,12.5000,1.0000,60.0000,0,0.705835,0.02725,4.23501,0.070583,ok,0.181723,,0.181723,4.23501,3.5725,0.182439,4.18503,1,0,7.1171,literature,0.40,2.51102,5.85904
17,12,17.5000,12.5000,1.0000,60.0000,0,0.718424,0.02725,4.31054,0.071842,ok,0.180674,,0.180674,4.31054,3.5933,0.181327,4.26323,1,0,7.1607,literature,0.40,2.55794,5.96852
18,12,18.5000,12.5000,1.0000,60.0000,0,0.730475,0.02725,4.38285,0.073047,ok,0.179647,,0.179647,4.38285,3.6138,0.180287,4.33902,1,0,7.2020,literature,0.40,2.60341,6.07463
19,12,19.5000,12.5000,1.0000,60.0000,0,0.741916,0.02725,4.45149,0.074192,ok,0.178585,,0.178585,4.45149,3.6353,0.179323,4.40356,1,0,7.2407,literature,0.40,2.64214,6.16499
20,12,20.5000,12.5000,1.0000,60.0000,0,0.752675,0.02725,4.51605,0.075268,ok,0.177617,,0.177617,4.51605,3.6551,0.178435,4.46143,1,0,7.2768,literature,0.40,2.67686,6.24600
21,12,21.5000,12.5000,1.0000,60.0000,0,0.762681,0.02725,4.57609,0.076268,ok,0.176741,,0.176741,4.57609,3.6733,0.177634,4.51490,1,0,7.3096,literature,0.40,2.70894,6.32086
22,12,22.5000,12.5000,1.0000,60.0000,0,0.771862,0.02725,4.63117,0.077186,ok,0.175957,,0.175957,4.63117,3.6896,0.176906,4.56467,1,0,7.3397,literature,0.40,2.73880,6.39053
23,12,23.5000,12.5000,1.0000,60.0000,0,0.780146,0.02725,4.68088,0.078015,ok,0.175265,,0.175265,4.68088,3.7042,0.176261,4.60964,1,0,7.3665,literature,0.40,2.76579,6.45350
24,12,24.5000,12.5000,1.0000,60.0000,0,0.787461,0.02725,4.72477,0.078746,ok,0.174666,,0.174666,4.72477,3.7169,0.175702,4.64933,1,0,7.3899,literature,0.40,2.78960,6.50907
25,12,25.5000,12.5000,1.0000,60.0000,0,0.793736,0.02725,4.76242,0.079374,ok,0.174162,,0.174162,4.76242,3.7277,0.175232,4.68326,1,0,7.4098,literature,0.40,2.80996,6.55656
26,12,26.5000,12.5000,1.0000,60.0000,0,0.798899,0.02725,4.79340,0.079890,ok,0.173752,,0.173752,4.79340,3.7364,0.174853,4.71099,1,0,7.4258,literature,0.40,2.82659,6.59539
27,12,27.5000,12.5000,1.0000,60.0000,0,0.802878,0.02725,4.81727,0.080288,ok,0.173440,,0.173440,4.81727,3.7432,0.174567,4.73215,1,0,7.4380,literature,0.40,2.83929,6.62500
28,12,28.5000,12.5000,1.0000,60.0000,0,0.805602,0.02725,4.83361,0.080560,ok,0.173229,,0.173229,4.83361,3.7477,0.174375,4.74642,1,0,7.4462,literature,0.40,2.84785,6.64499
29,12,29.5000,12.5000,1.0000,60.0000,0,0.806998,0.02725,4.84199,0.080700,ok,0.173121,,0.173121,4.84199,3.7501,0.174279,4.75362,1,0,7.4503,literature,0.40,2.85217,6.65506
30,12,30.5000,12.5000,1.0000,60.0000,0,0.806998,0.02725,4.84199,0.080700,ok,0.173121,,0.173121,4.84199,3.7501,0.174279,4.75362,1,0,7.4503,literature,0.40,2.85217,6.65506
31,12,31.5000,12.5000,1.0000,60.0000,0,0.805602,0.02725,4.83361,0.080560,ok,0.173229,,0.173229,4.83361,3.7477,0.174375,4.74642,1,0,7.4462,literature,0.40,2.84785,6.64499
32,12,32.5000,12.5000,1.0000,60.0000,0,0.802878,0.02725,4.81727,0.080288,ok,0.173440,,0.173440,4.81727,3.7432,0.174567,4.73215,1,0,7.4380,literature,0.40,2.83929,6.62500
33,12,33.5000,12.5000,1.0000,60.0000,0,0.798899,0.02725,4.79340,0.079890,ok,0.173752,,0.173752,4.79340,3.7364,0.174853,4.71099,1,0,7.4258,literature,0.40,2.82659,6.59539
34,12,34.5000,12.5000,1.0000,60.0000,0,0.793736,0.02725,4.76242,0.079374,ok,0.174162,,0.174162,4.76242,3.7277,0.175232,4.68326,1,0,7.4098,literature,0.40,2.80996,6.55656
35,12,35.5000,12.5000,1.0000,60.0000,0,0.787461,0.02725,4.72477,0.078746,ok,0.174666,,0.174666,4.72477,3.7169,0.175702,4.64933,1,0,7.3899,literature,0.40,2.78960,6.50907
36,12,36.5000,12.5000,1.0000,60.0000,0,0.780146,0.02725,4.68088,0.078015,ok,0.175265,,0.175265,4.68088,3.7042,0.176261,4.60964,1,0,7.3665,literature,0.40,2.76579,6.45350
37,12,37.5000,12.5000,1.0000,60.0000,0,0.771862,0.02725,4.63117,0.077186,ok,0.175957,,0.175957,4.63117,3.6896,0.176906,4.56467,1,0,7.3397,literature,0.40,2.73880,6.39053
38,12,38.5000,12.5000,1.0000,60.0000,0,0.762681,0.02725,4.57609,0.076268,ok,0.176741,,0.176741,4.57609,3.6733,0.177634,4.51490,1,0,7.3096,literature,0.40,2.70894,6.32086
39,12,39.5000,12.5000,1.0000,60.0000,0,0.752675,0.02725,4.51605,0.075268,ok,0.177617,,0.177617,4.51605,3.6551,0.178435,4.46143,1,0,7.2768,literature,0.40,2.67686,6.24600
40,12,40.5000,12.5000,1.0000,60.0000,0,0.741916,0.02725,4.45149,0.074192,ok,0.178585,,0.178585,4.45149,3.6353,0.179323,4.40356,1,0,7.2407,literature,0.40,2.64214,6.16499
41,12,41.5000,12.5000,1.0000,60.0000,0,0.730475,0.02725,4.38285,0.073047,ok,0.179647,,0.179647,4.38285,3.6138,0.180287,4.33902,1,0,7.2020,literature,0.40,2.60341,6.07463
42,12,42.5000,12.5000,1.0000,60.0000,0,0.718424,0.02725,4.31054,0.071842,ok,0.180674,,0.180674,4.31054,3.5933,0.181327,4.26323,1,0,7.1607,literature,0.40,2.55794,5.96852
43,12,43.5000,12.5000,1.0000,60.0000,0,0.705835,0.02725,4.23501,0.070583,ok,0.181723,,0.181723,4.23501,3.5725,0.182439,4.18503,1,0,7.1171,literature,0.40,2.51102,5.85904
44,12,44.5000,12.5000,1.0000,60.0000,0,0.692780,0.02725,4.15668,0.069278,ok,0.182852,,0.182852,4.15668,3.5505,0.183621,4.10496,1,0,7.0712,literature,0.40,2.46297,5.74694
45,12,45.5000,12.5000,1.0000,60.0000,0,0.679330,0.02725,4.07598,0.067933,ok,0.184060,,0.184060,4.07598,3.5272,0.184873,4.02347,1,0,7.0234,literature,0.40,2.41408,5.63285
46,12,46.5000,12.5000,1.0000,60.0000,0,0.665557,0.02725,3.99334,0.066556,ok,0.185348,,0.185348,3.99334,3.5027,0.186193,3.94095,1,0,6.9736,literature,0.40,2.36457,5.51733
47,12,47.5000,12.5000,1.0000,60.0000,0,0.651533,0.02725,3.90920,0.065153,ok,0.186716,,0.186716,3.90920,3.4770,0.187581,3.85777,1,0,6.9220,literature,0.40,2.31466,5.40087
48,12,48.5000,12.5000,1.0000,60.0000,0,0.637330,0.02725,3.82398,0.063733,ok,0.188162,,0.188162,3.82398,3.4503,0.189036,3.77423,1,0,6.8687,literature,0.40,2.26454,5.28392
49,12,49.5000,12.5000,1.0000,60.0000,0,0.623019,0.02725,3.73811,0.062302,ok,0.189686,,0.189686,3.73811,3.4226,0.190545,3.69138,1,0,6.8143,literature,0.40,2.21483,5.16793
50,12,50.5000,12.5000,1.0000,60.0000,0,0.608672,0.02725,3.65203,0.060867,ok,0.191285,,0.191285,3.65203,3.3940,0.192104,3.60946,1,0,6.7590,literature,0.40,2.16568,5.05325
51,12,51.5000,12.5000,1.0000,60.0000,0,0.594361,0.02725,3.56617,0.059436,ok,0.192958,,0.192958,3.56617,3.3645,0.193701,3.52930,1,0,6.7033,literature,0.40,2.11758,4.94101
52,12,52.5000,12.5000,1.0000,60.0000,0,0.580158,0.02725,3.48095,0.058016,ok,0.194699,,0.194699,3.48095,3.3345,0.195312,3.45192,1,0,6.6480,literature,0.40,2.07115,4.83269
53,12,53.5000,12.5000,1.0000,60.0000,0,0.566134,0.02725,3.39680,0.056613,ok,0.196504,,0.196504,3.39680,3.3038,0.196912,3.37839,1,0,6.5940,literature,0.40,2.02703,4.72974
54,12,54.5000,12.5000,1.0000,60.0000,0,0.552361,0.02725,3.31417,0.055236,ok,0.198367,,0.198367,3.31417,3.2728,0.198456,3.31029,1,0,6.5427,literature,0.40,1.98618,4.63441
55,12,55.5000,12.5000,1.0000,60.0000,0,0.538911,0.02725,3.23347,0.053891,ok,0.200277,,0.200277,3.23347,3.2416,0.199912,3.24859,1,0,6.4950,literature,0.40,1.94915,4.54802
56,12,56.5000,12.5000,1.0000,60.0000,0,0.525856,0.02725,3.15513,0.052586,ok,0.202225,,0.202225,3.15513,3.2104,0.201245,3.19404,1,0,6.4520,literature,0.40,1.91642,4.47165
57,12,57.5000,12.5000,1.0000,60.0000,0,0.513267,0.02725,3.07960,0.051327,ok,0.204197,,0.204197,3.07960,3.1794,0.202434,3.14695,1,0,6.4141,literature,0.40,1.88817,4.40573
58,12,58.5000,12.5000,1.0000,60.0000,0,0.501216,0.02725,3.00730,0.050122,ok,0.206177,,0.206177,3.00730,3.1488,0.203467,3.10714,1,0,6.3815,literature,0.40,1.86428,4.34999
59,12,59.5000,12.5000,1.0000,60.0000,0,0.489775,0.02725,2.93865,0.048977,ok,0.208148,,0.208148,2.93865,3.1190,0.204346,3.07405,1,0,6.3541,literature,0.40,1.84443,4.30367
0,13,0.5000,13.5000,1.0000,60.0000,0,0.500317,0.02725,3.00190,0.050032,ok,0.206329,,0.206329,3.00190,3.1465,0.202590,3.14085,1,0,6.4091,literature,0.40,1.88451,4.39718
1,13,1.5000,13.5000,1.0000,60.0000,0,0.512004,0.02725,3.07203,0.051200,ok,0.204400,,0.204400,3.07203,3.1762,0.201732,3.17459,1,0,6.4364,literature,0.40,1.90475,4.44442
2,13,2.5000,13.5000,1.0000,60.0000,0,0.524315,0.02725,3.14589,0.052431,ok,0.202461,,0.202461,3.14589,3.2066,0.200724,3.21513,1,0,6.4687,literature,0.40,1.92908,4.50118
3,13,3.5000,13.5000,1.0000,60.0000,0,0.537174,0.02725,3.22305,0.053717,ok,0.200531,,0.200531,3.22305,3.2375,0.199566,3.26303,1,0,6.5063,literature,0.40,1.95782,4.56824
4,13,4.5000,13.5000,1.0000,60.0000,0,0.550511,0.02725,3.30306,0.055051,ok,0.198624,,0.198624,3.30306,3.2686,0.198267,3.31849,1,0,6.5489,literature,0.40,1.99110,4.64589
5,13,5.5000,13.5000,1.0000,60.0000,0,0.564250,0.02725,3.38550,0.056425,ok,0.196754,,0.196754,3.38550,3.2996,0.196848,3.38124,1,0,6.5961,literature,0.40,2.02874,4.73374
6,13,6.5000,13.5000,1.0000,60.0000,0,0.578320,0.02725,3.46992,0.057832,ok,0.194931,,0.194931,3.46992,3.3305,0.195342,3.45052,1,0,6.6470,literature,0.40,2.07031,4.83073
7,13,7.5000,13.5000,1.0000,60.0000,0,0.592645,0.02725,3.55587,0.059265,ok,0.193164,,0.193164,3.55587,3.3610,0.193780,3.52542,1,0,6.7005,literature,0.40,2.11525,4.93559
8,13,8.5000,13.5000,1.0000,60.0000,0,0.607154,0.02725,3.64293,0.060715,ok,0.191459,,0.191459,3.64293,3.3909,0.192204,3.60434,1,0,6.7555,literature,0.40,2.16260,5.04607
9,13,9.5000,13.5000,1.0000,60.0000,0,0.621773,0.02725,3.73064,0.062177,ok,0.189822,,0.189822,3.73064,3.4201,0.190641,3.68623,1,0,6.8109,literature,0.40,2.21174,5.16073
10,13,10.5000,13.5000,1.0000,60.0000,0,0.636429,0.02725,3.81857,0.063643,ok,0.188256,,0.188256,3.81857,3.4486,0.189110,3.77008,1,0,6.8660,literature,0.40,2.26205,5.27811
11,13,11.5000,13.5000,1.0000,60.0000,0,0.651048,0.02725,3.90629,0.065105,ok,0.186764,,0.186764,3.90629,3.4761,0.187627,3.85506,1,0,6.9203,literature,0.40,2.31303,5.39708
12,13,12.5000,13.5000,1.0000,60.0000,0,0.665557,0.02725,3.99334,0.066556,ok,0.185348,,0.185348,3.99334,3.5027,0.186193,3.94095,1,0,6.9736,literature,0.40,2.36457,5.51733
13,13,13.5000,13.5000,1.0000,60.0000,0,0.679883,0.02725,4.07930,0.067988,ok,0.184010,,0.184010,4.07930,3.5282,0.184823,4.02667,1,0,7.0253,literature,0.40,2.41600,5.63734
14,13,14.5000,13.5000,1.0000,60.0000,0,0.693952,0.02725,4.16371,0.069395,ok,0.182749,,0.182749,4.16371,3.5525,0.183517,4.11189,1,0,7.0753,literature,0.40,2.46713,5.75664
15,13,15.5000,13.5000,1.0000,60.0000,0,0.707691,0.02725,4.24615,0.070769,ok,0.181566,,0.181566,4.24615,3.5756,0.182277,4.19623,1,0,7.1234,literature,0.40,2.51774,5.87472
16,13,16.5000,13.5000,1.0000,60.0000,0,0.721028,0.02725,4.32617,0.072103,ok,0.180461,,0.180461,4.32617,3.5975,0.181104,4.27925,1,0,7.1695,literature,0.40,2.56755,5.99095
17,13,17.5000,13.5000,1.0000,60.0000,0,0.733888,0.02725,4.40333,0.073389,ok,0.179327,,0.179327,4.40333,3.6203,0.180001,4.36040,1,0,7.2135,literature,0.40,2.61624,6.10456
18,13,18.5000,13.5000,1.0000,60.0000,0,0.746198,0.02725,4.47719,0.074620,ok,0.178197,,0.178197,4.47719,3.6433,0.178969,4.42643,1,0,7.2550,literature,0.40,2.65586,6.19700
19,13,19.5000,13.5000,1.0000,60.0000,0,0.757885,0.02725,4.54731,0.075789,ok,0.177158,,0.177158,4.54731,3.6646,0.178011,4.48958,1,0,7.2941,literature,0.40,2.69375,6.28541
20,13,20.5000,13.5000,1.0000,60.0000,0,0.768876,0.02725,4.61326,0.076888,ok,0.176209,,0.176209,4.61326,3.6843,0.177137,4.54871,1,0,7.3301,literature,0.40,2.72922,6.36819
21,13,21.5000,13.5000,1.0000,60.0000,0,0.779097,0.02725,4.67458,0.077910,ok,0.175352,,0.175352,4.67458,3.7024,0.176333,4.60454,1,0,7.3635,literature,0.40,2.76272,6.44635
22,13,22.5000,13.5000,1.0000,60.0000,0,0.788476,0.02725,4.73086,0.078848,ok,0.174584,,0.174584,4.73086,3.7186,0.175610,4.65594,1,0,7.3938,literature,0.40,2.79356,6.51831
23,13,23.5000,13.5000,1.0000,60.0000,0,0.796938,0.02725,4.78163,0.079694,ok,0.173907,,0.173907,4.78163,3.7331,0.174970,4.70238,1,0,7.4209,literature,0.40,2.82143,6.58333
24,13,24.5000,13.5000,1.0000,60.0000,0,0.804411,0.02725,4.82647,0.080441,ok,0.173321,,0.173321,4.82647,3.7457,0.174416,4.74334,1,0,7.4444,literature,0.40,2.84600,6.64067
25,13,25.5000,13.5000,1.0000,60.0000,0,0.810821,0.02725,4.86493,0.081082,ok,0.172827,,0.172827,4.86493,3.7564,0.173951,4.77833,1,0,7.4644,literature,0.40,2.86700,6.68967
26,13,26.5000,13.5000,1.0000,60.0000,0,0.816095,0.02725,4.89657,0.081610,ok,0.172426,,0.172426,4.89657,3.7652,0.173575,4.80692,1,0,7.4805,literature,0.40,2.88415,6.72969
27,13,27.5000,13.5000,1.0000,60.0000,0,0.820160,0.02725,4.92096,0.082016,ok,0.172121,,0.172121,4.92096,3.7718,0.173292,4.82873,1,0,7.4927,literature,0.40,2.89724,6.76022
28,13,28.5000,13.5000,1.0000,60.0000,0,0.822942,0.02725,4.93765,0.082294,ok,0.171914,,0.171914,4.93765,3.7764,0.173102,4.84344,1,0,7.5009,literature,0.40,2.90606,6.78081
29,13,29.5000,13.5000,1.0000,60.0000,0,0.824368,0.02725,4.94621,0.082437,ok,0.171808,,0.171808,4.94621,3.7787,0.173007,4.85085,1,0,7.5051,literature,0.40,2.91051,6.79119
30,13,30.5000,13.5000,1.0000,60.0000,0,0.824368,0.02725,4.94621,0.082437,ok,0.171808,,0.171808,4.94621,3.7787,0.173007,4.85085,1,0,7.5051,literature,0.40,2.91051,6.79119
31,13,31.5000,13.5000,1.0000,60.0000,0,0.822942,0.02725,4.93765,0.082294,ok,0.171914,,0.171914,4.93765,3.7764,0.173102,4.84344,1,0,7.5009,literature,0.40,2.90606,6.78081
32,13,32.5000,13.5000,1.0000,60.0000,0,0.820160,0.02725,4.92096,0.082016,ok,0.172121,,0.172121,4.92096,3.7718,0.173292,4.82873,1,0,7.4927,literature,0.40,2.89724,6.76022
33,13,33.5000,13.5000,1.0000,60.0000,0,0.816095,0.02725,4.89657,0.081610,ok,0.172426,,0.172426,4.89657,3.7652,0.173575,4.80692,1,0,7.4805,literature,0.40,2.88415,6.72969
34,13,34.5000,13.5000,1.0000,60.0000,0,0.810821,0.02725,4.86493,0.081082,ok,0.172827,,0.172827,4.86493,3.7564,0.173951,4.77833,1,0,7.4644,literature,0.40,2.86700,6.68967
35,13,35.5000,13.5000,1.0000,60.0000,0,0.804411,0.02725,4.82647,0.080441,ok,0.173321,,0.173321,4.82647,3.7457,0.174416,4.74334,1,0,7.4444,literature,0.40,2.84600,6.64067
36,13,36.5000,13.5000,1.0000,60.0000,0,0.796938,0.02725,4.78163,0.079694,ok,0.173907,,0.173907,4.78163,3.7331,0.174970,4.70238,1,0,7.4209,literature,0.40,2.82143,6.58333
37,13,37.5000,13.5000,1.0000,60.0000,0,0.788476,0.02725,4.73086,0.078848,ok,0.174584,,0.174584,4.73086,3.7186,0.175610,4.65594,1,0,7.3938,literature,0.40,2.79356,6.51831
38,13,38.5000,13.5000,1.0000,60.0000,0,0.779097,0.02725,4.67458,0.077910,ok,0.175352,,0.175352,4.67458,3.7024,0.176333,4.60454,1,0,7.3635,literature,0.40,2.76272,6.44635
39,13,39.5000,13.5000,1.0000,60.0000,0,0.768876,0.02725,4.61326,0.076888,ok,0.176209,,0.176209,4.61326,3.6843,0.177137,4.54871,1,0,7.3301,literature,0.40,2.72922,6.36819
40,13,40.5000,13.5000,1.0000,60.0000,0,0.757885,0.02725,4.54731,0.075789,ok,0.177158,,0.177158,4.54731,3.6646,0.178011,4.48958,1,0,7.2941,literature,0.40,2.69375,6.28541
41,13,41.5000,13.5000,1.0000,60.0000,0,0.746198,0.02725,4.47719,0.074620,ok,0.178197,,0.178197,4.47719,3.6433,0.178969,4.42643,1,0,7.2550,literature,0.40,2.65586,6.19700
42,13,42.5000,13.5000,1.0000,60.0000,0,0.733888,0.02725,4.40333,0.073389,ok,0.179327,,0.179327,4.40333,3.6203,0.180001,4.36040,1,0,7.2135,literature,0.40,2.61624,6.10456
43,13,43.5000,13.5000,1.0000,60.0000,0,0.721028,0.02725,4.32617,0.072103,ok,0.180461,,0.180461,4.32617,3.5975,0.181104,4.27925,1,0,7.1695,literature,0.40,2.56755,5.99095
44,13,44.5000,13.5000,1.0000,60.0000,0,0.707691,0.02725,4.24615,0.070769,ok,0.181566,,0.181566,4.24615,3.5756,0.182277,4.19623,1,0,7.1234,literature,0.40,2.51774,5.87472
45,13,45.5000,13.5000,1.0000,60.0000,0,0.693952,0.02725,4.16371,0.069395,ok,0.182749,,0.182749,4.16371,3.5525,0.183517,4.11189,1,0,7.0753,literature,0.40,2.46713,5.75664
46,13,46.5000,13.5000,1.0000,60.0000,0,0.679883,0.02725,4.07930,0.067988,ok,0.184010,,0.184010,4.07930,3.5282,0.184823,4.02667,1,0,7.0253,literature,0.40,2.41600,5.63734
47,13,47.5000,13.5000,1.0000,60.0000,0,0.665557,0.02725,3.99334,0.066556,ok,0.185348,,0.185348,3.99334,3.5027,0.186193,3.94095,1,0,6.9736,literature,0.40,2.36457,5.51733
48,13,48.5000,13.5000,1.0000,60.0000,0,0.651048,0.02725,3.90629,0.065105,ok,0.186764,,0.186764,3.90629,3.4761,0.187627,3.85506,1,0,6.9203,literature,0.40,2.31303,5.39708
49,13,49.5000,13.5000,1.0000,60.0000,0,0.636429,0.02725,3.81857,0.063643,ok,0.188256,,0.188256,3.81857,3.4486,0.189110,3.77008,1,0,6.8660,literature,0.40,2.26205,5.27811
50,13,50.5000,13.5000,1.0000,60.0000,0,0.621773,0.02725,3.73064,0.062177,ok,0.189822,,0.189822,3.73064,3.4201,0.190641,3.68623,1,0,6.8109,literature,0.40,2.21174,5.16073
51,13,51.5000,13.5000,1.0000,60.0000,0,0.607154,0.02725,3.64293,0.060715,ok,0.191459,,0.191459,3.64293,3.3909,0.192204,3.60434,1,0,6.7555,literature,0.40,2.16260,5.04607
52,13,52.5000,13.5000,1.0000,60.0000,0,0.592645,0.02725,3.55587,0.059265,ok,0.193164,,0.193164,3.55587,3.3610,0.193780,3.52542,1,0,6.7005,literature,0.40,2.11525,4.93559
53,13,53.5000,13.5000,1.0000,60.0000,0,0.578320,0.02725,3.46992,0.057832,ok,0.194931,,0.194931,3.46992,3.3305,0.195342,3.45052,1,0,6.6470,literature,0.40,2.07031,4.83073
54,13,54.5000,13.5000,1.0000,60.0000,0,0.564250,0.02725,3.38550,0.056425,ok,0.196754,,0.196754,3.38550,3.2996,0.196848,3.38124,1,0,6.5961,literature,0.40,2.02874,4.73374
55,13,55.5000,13.5000,1.0000,60.0000,0,0.550511,0.02725,3.30306,0.055051,ok,0.198624,,0.198624,3.30306,3.2686,0.198267,3.31849,1,0,6.5489,literature,0.40,1.99110,4.64589
56,13,56.5000,13.5000,1.0000,60.0000,0,0.537174,0.02725,3.22305,0.053717,ok,0.200531,,0.200531,3.22305,3.2375,0.199566,3.26303,1,0,6.5063,literature,0.40,1.95782,4.56824
57,13,57.5000,13.5000,1.0000,60.0000,0,0.524315,0.02725,3.14589,0.052431,ok,0.202461,,0.202461,3.14589,3.2066,0.200724,3.21513,1,0,6.4687,literature,0.40,1.92908,4.50118
58,13,58.5000,13.5000,1.0000,60.0000,0,0.512004,0.02725,3.07203,0.051200,ok,0.204400,,0.204400,3.07203,3.1762,0.201732,3.17459,1,0,6.4364,literature,0.40,1.90475,4.44442
59,13,59.5000,13.5000,1.0000,60.0000,0,0.500317,0.02725,3.00190,0.050032,ok,0.206329,,0.206329,3.00190,3.1465,0.202590,3.14085,1,0,6.4091,literature,0.40,1.88451,4.39718
0,14,0.5000,14.5000,1.0000,60.0000,0,0.510670,0.02725,3.06402,0.051067,ok,0.204615,,0.204615,3.06402,3.1729,0.200936,3.20653,1,0,6.4619,literature,0.40,1.92392,4.48914
1,14,1.5000,14.5000,1.0000,60.0000,0,0.522600,0.02725,3.13560,0.052260,ok,0.202726,,0.202726,3.13560,3.2024,0.200097,3.24091,1,0,6.4890,literature,0.40,1.94455,4.53727
2,14,2.5000,14.5000,1.0000,60.0000,0,0.535165,0.02725,3.21099,0.053516,ok,0.200826,,0.200826,3.21099,3.2327,0.199113,3.28217,1,0,6.5211,literature,0.40,1.96930,4.59503
3,14,3.5000,14.5000,1.0000,60.0000,0,0.548291,0.02725,3.28974,0.054829,ok,0.198935,,0.198935,3.28974,3.2635,0.197983,3.33087,1,0,6.5583,literature,0.40,1.99852,4.66322
4,14,4.5000,14.5000,1.0000,60.0000,0,0.561903,0.02725,3.37142,0.056190,ok,0.197067,,0.197067,3.37142,3.2944,0.196715,3.38725,1,0,6.6006,literature,0.40,2.03235,4.74214
5,14,5.5000,14.5000,1.0000,60.0000,0,0.575927,0.02725,3.45556,0.057593,ok,0.195235,,0.195235,3.45556,3.3253,0.195331,3.45103,1,0,6.6473,literature,0.40,2.07062,4.83144
6,14,6.5000,14.5000,1.0000,60.0000,0,0.590287,0.02725,3.54172,0.059029,ok,0.193449,,0.193449,3.54172,3.3560,0.193856,3.52168,1,0,6.6979,literature,0.40,2.11301,4.93035
7,14,7.5000,14.5000,1.0000,60.0000,0,0.604909,0.02725,3.62946,0.060491,ok,0.191717,,0.191717,3.62946,3.3863,0.192333,3.59778,1,0,6.7510,literature,0.40,2.15867,5.03689
8,14,8.5000,14.5000,1.0000,60.0000,0,0.619719,0.02725,3.71831,0.061972,ok,0.190047,,0.190047,3.71831,3.4161,0.190790,3.67827,1,0,6.8056,literature,0.40,2.20696,5.14958
9,14,9.5000,14.5000,1.0000,60.0000,0,0.634640,0.02725,3.80784,0.063464,ok,0.188443,,0.188443,3.80784,3.4452,0.189255,3.76196,1,0,6.8607,literature,0.40,2.25718,5.26675
10,14,10.5000,14.5000,1.0000,60.0000,0,0.649599,0.02725,3.89759,0.064960,ok,0.186909,,0.186909,3.89759,3.4734,0.187751,3.84783,1,0,6.9157,literature,0.40,2.30870,5.38696
11,14,11.5000,14.5000,1.0000,60.0000,0,0.664520,0.02725,3.98712,0.066452,ok,0.185447,,0.185447,3.98712,3.5008,0.186289,3.93506,1,0,6.9700,literature,0.40,2.36103,5.50908
12,14,12.5000,14.5000,1.0000,60.0000,0,0.679330,0.02725,4.07598,0.067933,ok,0.184060,,0.184060,4.07598,3.5272,0.184873,4.02347,1,0,7.0234,literature,0.40,2.41408,5.63285
13,14,13.5000,14.5000,1.0000,60.0000,0,0.693952,0.02725,4.16371,0.069395,ok,0.182749,,0.182749,4.16371,3.5525,0.183517,4.11189,1,0,7.0753,literature,0.40,2.46713,5.75664
14,14,14.5000,14.5000,1.0000,60.0000,0,0.708312,0.02725,4.24987,0.070831,ok,0.181514,,0.181514,4.24987,3.5767,0.182223,4.19998,1,0,7.1255,literature,0.40,2.51999,5.87997
15,14,15.5000,14.5000,1.0000,60.0000,0,0.722336,0.02725,4.33402,0.072234,ok,0.180355,,0.180355,4.33402,3.5997,0.180993,4.28732,1,0,7.1739,literature,0.40,2.57239,6.00225
16,14,16.5000,14.5000,1.0000,60.0000,0,0.735948,0.02725,4.41569,0.073595,ok,0.179135,,0.179135,4.41569,3.6242,0.179829,4.37130,1,0,7.2204,literature,0.40,2.62278,6.11982
17,14,17.5000,14.5000,1.0000,60.0000,0,0.749075,0.02725,4.49445,0.074907,ok,0.177938,,0.177938,4.49445,3.6485,0.178733,4.44183,1,0,7.2646,literature,0.40,2.66510,6.21856
18,14,18.5000,14.5000,1.0000,60.0000,0,0.761639,0.02725,4.56984,0.076164,ok,0.176831,,0.176831,4.56984,3.6714,0.177717,4.50932,1,0,7.3062,literature,0.40,2.70559,6.31304
19,14,19.5000,14.5000,1.0000,60.0000,0,0.773569,0.02725,4.64141,0.077357,ok,0.175813,,0.175813,4.64141,3.6926,0.176765,4.57442,1,0,7.3455,literature,0.40,2.74465,6.40419
20,14,20.5000,14.5000,1.0000,60.0000,0,0.784787,0.02725,4.70872,0.078479,ok,0.174884,,0.174884,4.70872,3.7123,0.175888,4.63603,1,0,7.3821,literature,0.40,2.78162,6.49045
21,14,21.5000,14.5000,1.0000,60.0000,0,0.795220,0.02725,4.77132,0.079522,ok,0.174043,,0.174043,4.77132,3.7302,0.175090,4.69361,1,0,7.4158,literature,0.40,2.81616,6.57105
22,14,22.5000,14.5000,1.0000,60.0000,0,0.804792,0.02725,4.82875,0.080479,ok,0.173292,,0.173292,4.82875,3.7464,0.174373,4.74658,1,0,7.4463,literature,0.40,2.84795,6.64522
23,14,23.5000,14.5000,1.0000,60.0000,0,0.813430,0.02725,4.88058,0.081343,ok,0.172628,,0.172628,4.88058,3.7608,0.173739,4.79442,1,0,7.4735,literature,0.40,2.87665,6.71219
24,14,24.5000,14.5000,1.0000,60.0000,0,0.821057,0.02725,4.92634,0.082106,ok,0.172054,,0.172054,4.92634,3.7733,0.173190,4.83658,1,0,7.4971,literature,0.40,2.90195,6.77122
25,14,25.5000,14.5000,1.0000,60.0000,0,0.827600,0.02725,4.96560,0.082760,ok,0.171570,,0.171570,4.96560,3.7840,0.172730,4.87259,1,0,7.5171,literature,0.40,2.92355,6.82163
26,14,26.5000,14.5000,1.0000,60.0000,0,0.832983,0.02725,4.99790,0.083298,ok,0.171178,,0.171178,4.99790,3.7926,0.172358,4.90199,1,0,7.5333,literature,0.40,2.94119,6.86278
27,14,27.5000,14.5000,1.0000,60.0000,0,0.837132,0.02725,5.02279,0.083713,ok,0.170878,,0.170878,5.02279,3.7993,0.172078,4.92440,1,0,7.5456,literature,0.40,2.95464,6.89416
28,14,28.5000,14.5000,1.0000,60.0000,0,0.839972,0.02725,5.03983,0.083997,ok,0.170675,,0.170675,5.03983,3.8038,0.171891,4.93951,1,0,7.5538,literature,0.40,2.96371,6.91532
29,14,29.5000,14.5000,1.0000,60.0000,0,0.841427,0.02725,5.04856,0.084143,ok,0.170572,,0.170572,5.04856,3.8061,0.171797,4.94713,1,0,7.5579,literature,0.40,2.96828,6.92598
30,14,30.5000,14.5000,1.0000,60.0000,0,0.841427,0.02725,5.04856,0.084143,ok,0.170572,,0.170572,5.04856,3.8061,0.171797,4.94713,1,0,7.5579,literature,0.40,2.96828,6.92598
31,14,31.5000,14.5000,1.0000,60.0000,0,0.839972,0.02725,5.03983,0.083997,ok,0.170675,,0.170675,5.03983,3.8038,0.171891,4.93951,1,0,7.5538,literature,0.40,2.96371,6.91532
32,14,32.5000,14.5000,1.0000,60.0000,0,0.837132,0.02725,5.02279,0.083713,ok,0.170878,,0.170878,5.02279,3.7993,0.172078,4.92440,1,0,7.5456,literature,0.40,2.95464,6.89416
33,14,33.5000,14.5000,1.0000,60.0000,0,0.832983,0.02725,4.99790,0.083298,ok,0.171178,,0.171178,4.99790,3.7926,0.172358,4.90199,1,0,7.5333,literature,0.40,2.94119,6.86278
34,14,34.5000,14.5000,1.0000,60.0000,0,0.827600,0.02725,4.96560,0.082760,ok,0.171570,,0.171570,4.96560,3.7840,0.172730,4.87259,1,0,7.5171,literature,0.40,2.92355,6.82163
35,14,35.5000,14.5000,1.0000,60.0000,0,0.821057,0.02725,4.92634,0.082106,ok,0.172054,,0.172054,4.92634,3.7733,0.173190,4.83658,1,0,7.4971,literature,0.40,2.90195,6.77122
36,14,36.5000,14.5000,1.0000,60.0000,0,0.813430,0.02725,4.88058,0.081343,ok,0.172628,,0.172628,4.88058,3.7608,0.173739,4.79442,1,0,7.4735,literature,0.40,2.87665,6.71219
37,14,37.5000,14.5000,1.0000,60.0000,0,0.804792,0.02725,4.82875,0.080479,ok,0.173292,,0.173292,4.82875,3.7464,0.174373,4.74658,1,0,7.4463,literature,0.40,2.84795,6.64522
38,14,38.5000,14.5000,1.0000,60.0000,0,0.795220,0.02725,4.77132,0.079522,ok,0.174043,,0.174043,4.77132,3.7302,0.175090,4.69361,1,0,7.4158,literature,0.40,2.81616,6.57105
39,14,39.5000,14.5000,1.0000,60.0000,0,0.784787,0.02725,4.70872,0.078479,ok,0.174884,,0.174884,4.70872,3.7123,0.175888,4.63603,1,0,7.3821,literature,0.40,2.78162,6.49045
40,14,40.5000,14.5000,1.0000,60.0000,0,0.773569,0.02725,4.64141,0.077357,ok,0.175813,,0.175813,4.64141,3.6926,0.176765,4.57442,1,0,7.3455,literature,0.40,2.74465,6.40419
41,14,41.5000,14.5000,1.0000,60.0000,0,0.761639,0.02725,4.56984,0.076164,ok,0.176831,,0.176831,4.56984,3.6714,0.177717,4.50932,1,0,7.3062,literature,0.40,2.70559,6.31304
42,14,42.5000,14.5000,1.0000,60.0000,0,0.749075,0.02725,4.49445,0.074907,ok,0.177938,,0.177938,4.49445,3.6485,0.178733,4.44183,1,0,7.2646,literature,0.40,2.66510,6.21856
43,14,43.5000,14.5000,1.0000,60.0000,0,0.735948,0.02725,4.41569,0.073595,ok,0.179135,,0.179135,4.41569,3.6242,0.179829,4.37130,1,0,7.2204,literature,0.40,2.62278,6.11982
44,14,44.5000,14.5000,1.0000,60.0000,0,0.722336,0.02725,4.33402,0.072234,ok,0.180355,,0.180355,4.33402,3.5997,0.180993,4.28732,1,0,7.1739,literature,0.40,2.57239,6.00225
45,14,45.5000,14.5000,1.0000,60.0000,0,0.708312,0.02725,4.24987,0.070831,ok,0.181514,,0.181514,4.24987,3.5767,0.182223,4.19998,1,0,7.1255,literature,0.40,2.51999,5.87997
46,14,46.5000,14.5000,1.0000,60.0000,0,0.693952,0.02725,4.16371,0.069395,ok,0.182749,,0.182749,4.16371,3.5525,0.183517,4.11189,1,0,7.0753,literature,0.40,2.46713,5.75664
47,14,47.5000,14.5000,1.0000,60.0000,0,0.679330,0.02725,4.07598,0.067933,ok,0.184060,,0.184060,4.07598,3.5272,0.184873,4.02347,1,0,7.0234,literature,0.40,2.41408,5.63285
48,14,48.5000,14.5000,1.0000,60.0000,0,0.664520,0.02725,3.98712,0.066452,ok,0.185447,,0.185447,3.98712,3.5008,0.186289,3.93506,1,0,6.9700,literature,0.40,2.36103,5.50908
49,14,49.5000,14.5000,1.0000,60.0000,0,0.649599,0.02725,3.89759,0.064960,ok,0.186909,,0.186909,3.89759,3.4734,0.187751,3.84783,1,0,6.9157,literature,0.40,2.30870,5.38696
50,14,50.5000,14.5000,1.0000,60.0000,0,0.634640,0.02725,3.80784,0.063464,ok,0.188443,,0.188443,3.80784,3.4452,0.189255,3.76196,1,0,6.8607,literature,0.40,2.25718,5.26675
51,14,51.5000,14.5000,1.0000,60.0000,0,0.619719,0.02725,3.71831,0.061972,ok,0.190047,,0.190047,3.71831,3.4161,0.190790,3.67827,1,0,6.8056,literature,0.40,2.20696,5.14958
52,14,52.5000,14.5000,1.0000,60.0000,0,0.604909,0.02725,3.62946,0.060491,ok,0.191717,,0.191717,3.62946,3.3863,0.192333,3.59778,1,0,6.7510,literature,0.40,2.15867,5.03689
53,14,53.5000,14.5000,1.0000,60.0000,0,0.590287,0.02725,3.54172,0.059029,ok,0.193449,,0.193449,3.54172,3.3560,0.193856,3.52168,1,0,6.6979,literature,0.40,2.11301,4.93035
54,14,54.5000,14.5000,1.0000,60.0000,0,0.575927,0.02725,3.45556,0.057593,ok,0.195235,,0.195235,3.45556,3.3253,0.195331,3.45103,1,0,6.6473,literature,0.40,2.07062,4.83144
55,14,55.5000,14.5000,1.0000,60.0000,0,0.561903,0.02725,3.37142,0.056190,ok,0.197067,,0.197067,3.37142,3.2944,0.196715,3.38725,1,0,6.6006,literature,0.40,2.03235,4.74214
56,14,56.5000,14.5000,1.0000,60.0000,0,0.548291,0.02725,3.28974,0.054829,ok,0.198935,,0.198935,3.28974,3.2635,0.197983,3.33087,1,0,6.5583,literature,0.40,1.99852,4.66322
57,14,57.5000,14.5000,1.0000,60.0000,0,0.535165,0.02725,3.21099,0.053516,ok,0.200826,,0.200826,3.21099,3.2327,0.199113,3.28217,1,0,6.5211,literature,0.40,1.96930,4.59503
58,14,58.5000,14.5000,1.0000,60.0000,0,0.522600,0.02725,3.13560,0.052260,ok,0.202726,,0.202726,3.13560,3.2024,0.200097,3.24091,1,0,6.4890,literature,0.40,1.94455,4.53727
59,14,59.5000,14.5000,1.0000,60.0000,0,0.510670,0.02725,3.06402,0.051067,ok,0.204615,,0.204615,3.06402,3.1729,0.200936,3.20653,1,0,6.4619,literature,0.40,1.92392,4.48914
0,15,0.5000,15.5000,1.0000,60.0000,0,0.520781,0.02725,3.12469,0.052078,ok,0.203008,,0.203008,3.12469,3.1980,0.199383,3.27073,1,0,6.5122,literature,0.40,1.96244,4.57902
1,15,1.5000,15.5000,1.0000,60.0000,0,0.532946,0.02725,3.19768,0.053295,ok,0.201155,,0.201155,3.19768,3.2274,0.198562,3.30574,1,0,6.5392,literature,0.40,1.98345,4.62804
2,15,2.5000,15.5000,1.0000,60.0000,0,0.545760,0.02725,3.27456,0.054576,ok,0.199292,,0.199292,3.27456,3.2576,0.197600,3.34770,1,0,6.5710,literature,0.40,2.00862,4.68678
3,15,3.5000,15.5000,1.0000,60.0000,0,0.559146,0.02725,3.35488,0.055915,ok,0.197438,,0.197438,3.35488,3.2882,0.196496,3.39720,1,0,6.6079,literature,0.40,2.03832,4.75608
4,15,4.5000,15.5000,1.0000,60.0000,0,0.573028,0.02725,3.43817,0.057303,ok,0.195606,,0.195606,3.43817,3.3190,0.195258,3.45447,1,0,6.6498,literature,0.40,2.07268,4.83626
5,15,5.5000,15.5000,1.0000,60.0000,0,0.587329,0.02725,3.52398,0.058733,ok,0.193809,,0.193809,3.52398,3.3498,0.193902,3.51946,1,0,6.6963,literature,0.40,2.11168,4.92725
6,15,6.5000,15.5000,1.0000,60.0000,0,0.601974,0.02725,3.61184,0.060197,ok,0.192058,,0.192058,3.61184,3.3803,0.192463,3.59114,1,0,6.7464,literature,0.40,2.15468,5.02760
7,15,7.5000,15.5000,1.0000,60.0000,0,0.616886,0.02725,3.70131,0.061689,ok,0.190360,,0.190360,3.70131,3.4105,0.190971,3.66864,1,0,6.7991,literature,0.40,2.20118,5.13609
8,15,8.5000,15.5000,1.0000,60.0000,0,0.631988,0.02725,3.79193,0.063199,ok,0.188723,,0.188723,3.79193,3.4400,0.189457,3.75075,1,0,6.8534,literature,0.40,2.25045,5.25105
9,15,9.5000,15.5000,1.0000,60.0000,0,0.647205,0.02725,3.88323,0.064721,ok,0.187150,,0.187150,3.88323,3.4690,0.187949,3.83631,1,0,6.9084,literature,0.40,2.30179,5.37083
10,15,10.5000,15.5000,1.0000,60.0000,0,0.662460,0.02725,3.97476,0.066246,ok,0.185645,,0.185645,3.97476,3.4971,0.186466,3.92429,1,0,6.9634,literature,0.40,2.35458,5.49401
11,15,11.5000,15.5000,1.0000,60.0000,0,0.677677,0.02725,4.06606,0.067768,ok,0.184212,,0.184212,4.06606,3.5243,0.185023,4.01389,1,0,7.0177,literature,0.40,2.40834,5.61945
12,15,12.5000,15.5000,1.0000,60.0000,0,0.692780,0.02725,4.15668,0.069278,ok,0.182852,,0.182852,4.15668,3.5505,0.183621,4.10496,1,0,7.0712,literature,0.40,2.46297,5.74694
13,15,13.5000,15.5000,1.0000,60.0000,0,0.707691,0.02725,4.24615,0.070769,ok,0.181566,,0.181566,4.24615,3.5756,0.182277,4.19623,1,0,7.1234,literature,0.40,2.51774,5.87472
14,15,14.5000,15.5000,1.0000,60.0000,0,0.722336,0.02725,4.33402,0.072234,ok,0.180355,,0.180355,4.33402,3.5997,0.180993,4.28732,1,0,7.1739,literature,0.40,2.57239,6.00225
15,15,15.5000,15.5000,1.0000,60.0000,0,0.736638,0.02725,4.41983,0.073664,ok,0.179071,,0.179071,4.41983,3.6255,0.179771,4.37494,1,0,7.2227,literature,0.40,2.62497,6.12492
16,15,16.5000,15.5000,1.0000,60.0000,0,0.750519,0.02725,4.50312,0.075052,ok,0.177809,,0.177809,4.50312,3.6512,0.178615,4.44958,1,0,7.2695,literature,0.40,2.66975,6.22941
17,15,17.5000,15.5000,1.0000,60.0000,0,0.763905,0.02725,4.58343,0.076391,ok,0.176635,,0.176635,4.58343,3.6755,0.177535,4.52162,1,0,7.3137,literature,0.40,2.71297,6.33027
18,15,18.5000,15.5000,1.0000,60.0000,0,0.776719,0.02725,4.66031,0.077672,ok,0.175549,,0.175549,4.66031,3.6982,0.176516,4.59173,1,0,7.3559,literature,0.40,2.75504,6.42842
19,15,19.5000,15.5000,1.0000,60.0000,0,0.788884,0.02725,4.73331,0.078888,ok,0.174551,,0.174551,4.73331,3.7193,0.175570,4.65879,1,0,7.3955,literature,0.40,2.79527,6.52230
20,15,20.5000,15.5000,1.0000,60.0000,0,0.800325,0.02725,4.80195,0.080032,ok,0.173640,,0.173640,4.80195,3.7389,0.174701,4.72222,1,0,7.4323,literature,0.40,2.83333,6.61111
21,15,21.5000,15.5000,1.0000,60.0000,0,0.810964,0.02725,4.86579,0.081096,ok,0.172816,,0.172816,4.86579,3.7567,0.173909,4.78146,1,0,7.4661,literature,0.40,2.86888,6.69405
22,15,22.5000,15.5000,1.0000,60.0000,0,0.820726,0.02725,4.92436,0.082073,ok,0.172079,,0.172079,4.92436,3.7728,0.173199,4.83593,1,0,7.4968,literature,0.40,2.90156,6.77031
23,15,23.5000,15.5000,1.0000,60.0000,0,0.829535,0.02725,4.97721,0.082953,ok,0.171428,,0.171428,4.97721,3.7871,0.172571,4.88508,1,0,7.5240,literature,0.40,2.93105,6.83911
24,15,24.5000,15.5000,1.0000,60.0000,0,0.837313,0.02725,5.02388,0.083731,ok,0.170865,,0.170865,5.02388,3.7996,0.172029,4.92837,1,0,7.5477,literature,0.40,2.95702,6.89972
25,15,25.5000,15.5000,1.0000,60.0000,0,0.843986,0.02725,5.06391,0.084399,ok,0.170391,,0.170391,5.06391,3.8102,0.171574,4.96532,1,0,7.5678,literature,0.40,2.97919,6.95144
26,15,26.5000,15.5000,1.0000,60.0000,0,0.849475,0.02725,5.09685,0.084948,ok,0.170006,,0.170006,5.09685,3.8188,0.171207,4.99546,1,0,7.5840,literature,0.40,2.99728,6.99365
27,15,27.5000,15.5000,1.0000,60.0000,0,0.853706,0.02725,5.12224,0.085371,ok,0.169713,,0.169713,5.12224,3.8254,0.170931,5.01844,1,0,7.5962,literature,0.40,3.01106,7.02581
28,15,28.5000,15.5000,1.0000,60.0000,0,0.856602,0.02725,5.13961,0.085660,ok,0.169513,,0.169513,5.13961,3.8299,0.170746,5.03392,1,0,7.6045,literature,0.40,3.02035,7.04749
29,15,29.5000,15.5000,1.0000,60.0000,0,0.858087,0.02725,5.14852,0.085809,ok,0.169412,,0.169412,5.14852,3.8322,0.170653,5.04172,1,0,7.6086,literature,0.40,3.02503,7.05841
30,15,30.5000,15.5000,1.0000,60.0000,0,0.858087,0.02725,5.14852,0.085809,ok,0.169412,,0.169412,5.14852,3.8322,0.170653,5.04172,1,0,7.6086,literature,0.40,3.02503,7.05841
31,15,31.5000,15.5000,1.0000,60.0000,0,0.856602,0.02725,5.13961,0.085660,ok,0.169513,,0.169513,5.13961,3.8299,0.170746,5.03392,1,0,7.6045,literature,0.40,3.02035,7.04749
32,15,32.5000,15.5000,1.0000,60.0000,0,0.853706,0.02725,5.12224,0.085371,ok,0.169713,,0.169713,5.12224,3.8254,0.170931,5.01844,1,0,7.5962,literature,0.40,3.01106,7.02581
33,15,33.5000,15.5000,1.0000,60.0000,0,0.849475,0.02725,5.09685,0.084948,ok,0.170006,,0.170006,5.09685,3.8188,0.171207,4.99546,1,0,7.5840,literature,0.40,2.99728,6.99365
34,15,34.5000,15.5000,1.0000,60.0000,0,0.843986,0.02725,5.06391,0.084399,ok,0.170391,,0.170391,5.06391,3.8102,0.171574,4.96532,1,0,7.5678,literature,0.40,2.97919,6.95144
35,15,35.5000,15.5000,1.0000,60.0000,0,0.837313,0.02725,5.02388,0.083731,ok,0.170865,,0.170865,5.02388,3.7996,0.172029,4.92837,1,0,7.5477,literature,0.40,2.95702,6.89972
36,15,36.5000,15.5000,1.0000,60.0000,0,0.829535,0.02725,4.97721,0.082953,ok,0.171428,,0.171428,4.97721,3.7871,0.172571,4.88508,1,0,7.5240,literature,0.40,2.93105,6.83911
37,15,37.5000,15.5000,1.0000,60.0000,0,0.820726,0.02725,4.92436,0.082073,ok,0.172079,,0.172079,4.92436,3.7728,0.173199,4.83593,1,0,7.4968,literature,0.40,2.90156,6.77031
38,15,38.5000,15.5000,1.0000,60.0000,0,0.810964,0.02725,4.86579,0.081096,ok,0.172816,,0.172816,4.86579,3.7567,0.173909,4.78146,1,0,7.4661,literature,0.40,2.86888,6.69405
39,15,39.5000,15.5000,1.0000,60.0000,0,0.800325,0.02725,4.80195,0.080032,ok,0.173640,,0.173640,4.80195,3.7389,0.174701,4.72222,1,0,7.4323,literature,0.40,2.83333,6.61111
40,15,40.5000,15.5000,1.0000,60.0000,0,0.788884,0.02725,4.73331,0.078888,ok,0.174551,,0.174551,4.73331,3.7193,0.175570,4.65879,1,0,7.3955,literature,0.40,2.79527,6.52230
41,15,41.5000,15.5000,1.0000,60.0000,0,0.776719,0.02725,4.66031,0.077672,ok,0.175549,,0.175549,4.66031,3.6982,0.176516,4.59173,1,0,7.3559,literature,0.40,2.75504,6.42842
42,15,42.5000,15.5000,1.0000,60.0000,0,0.763905,0.02725,4.58343,0.076391,ok,0.176635,,0.176635,4.58343,3.6755,0.177535,4.52162,1,0,7.3137,literature,0.40,2.71297,6.33027
43,15,43.5000,15.5000,1.0000,60.0000,0,0.750519,0.02725,4.50312,0.075052,ok,0.177809,,0.177809,4.50312,3.6512,0.178615,4.44958,1,0,7.2695,literature,0.40,2.66975,6.22941
44,15,44.5000,15.5000,1.0000,60.0000,0,0.736638,0.02725,4.41983,0.073664,ok,0.179071,,0.179071,4.41983,3.6255,0.179771,4.37494,1,0,7.2227,literature,0.40,2.62497,6.12492
45,15,45.5000,15.5000,1.0000,60.0000,0,0.722336,0.02725,4.33402,0.072234,ok,0.180355,,0.180355,4.33402,3.5997,0.180993,4.28732,1,0,7.1739,literature,0.40,2.57239,6.00225
46,15,46.5000,15.5000,1.0000,60.0000,0,0.707691,0.02725,4.24615,0.070769,ok,0.181566,,0.181566,4.24615,3.5756,0.182277,4.19623,1,0,7.1234,literature,0.40,2.51774,5.87472
47,15,47.5000,15.5000,1.0000,60.0000,0,0.692780,0.02725,4.15668,0.069278,ok,0.182852,,0.182852,4.15668,3.5505,0.183621,4.10496,1,0,7.0712,literature,0.40,2.46297,5.74694
48,15,48.5000,15.5000,1.0000,60.0000,0,0.677677,0.02725,4.06606,0.067768,ok,0.184212,,0.184212,4.06606,3.5243,0.185023,4.01389,1,0,7.0177,literature,0.40,2.40834,5.61945
49,15,49.5000,15.5000,1.0000,60.0000,0,0.662460,0.02725,3.97476,0.066246,ok,0.185645,,0.185645,3.97476,3.4971,0.186466,3.92429,1,0,6.9634,literature,0.40,2.35458,5.49401
50,15,50.5000,15.5000,1.0000,60.0000,0,0.647205,0.02725,3.88323,0.064721,ok,0.187150,,0.187150,3.88323,3.4690,0.187949,3.83631,1,0,6.9084,literature,0.40,2.30179,5.37083
51,15,51.5000,15.5000,1.0000,60.0000,0,0.631988,0.02725,3.79193,0.063199,ok,0.188723,,0.188723,3.79193,3.4400,0.189457,3.75075,1,0,6.8534,literature,0.40,2.25045,5.25105
52,15,52.5000,15.5000,1.0000,60.0000,0,0.616886,0.02725,3.70131,0.061689,ok,0.190360,,0.190360,3.70131,3.4105,0.190971,3.66864,1,0,6.7991,literature,0.40,2.20118,5.13609
53,15,53.5000,15.5000,1.0000,60.0000,0,0.601974,0.02725,3.61184,0.060197,ok,0.192058,,0.192058,3.61184,3.3803,0.192463,3.59114,1,0,6.7464,literature,0.40,2.15468,5.02760
54,15,54.5000,15.5000,1.0000,60.0000,0,0.587329,0.02725,3.52398,0.058733,ok,0.193809,,0.193809,3.52398,3.3498,0.193902,3.51946,1,0,6.6963,literature,0.40,2.11168,4.92725
55,15,55.5000,15.5000,1.0000,60.0000,0,0.573028,0.02725,3.43817,0.057303,ok,0.195606,,0.195606,3.43817,3.3190,0.195258,3.45447,1,0,6.6498,literature,0.40,2.07268,4.83626
56,15,56.5000,15.5000,1.0000,60.0000,0,0.559146,0.02725,3.35488,0.055915,ok,0.197438,,0.197438,3.35488,3.2882,0.196496,3.39720,1,0,6.6079,literature,0.40,2.03832,4.75608
57,15,57.5000,15.5000,1.0000,60.0000,0,0.545760,0.02725,3.27456,0.054576,ok,0.199292,,0.199292,3.27456,3.2576,0.197600,3.34770,1,0,6.5710,literature,0.40,2.00862,4.68678
58,15,58.5000,15.5000,1.0000,60.0000,0,0.532946,0.02725,3.19768,0.053295,ok,0.201155,,0.201155,3.19768,3.2274,0.198562,3.30574,1,0,6.5392,literature,0.40,1.98345,4.62804
59,15,59.5000,15.5000,1.0000,60.0000,0,0.520781,0.02725,3.12469,0.052078,ok,0.203008,,0.203008,3.12469,3.1980,0.199383,3.27073,1,0,6.5122,literature,0.40,1.96244,4.57902
0,16,0.5000,16.5000,1.0000,60.0000,0,0.530595,0.02725,3.18357,0.053060,ok,0.201507,,0.201507,3.18357,3.2218,0.197932,3.33309,1,0,6.5600,literature,0.40,1.99985,4.66633
1,16,1.5000,16.5000,1.0000,60.0000,0,0.542990,0.02725,3.25794,0.054299,ok,0.199688,,0.199688,3.25794,3.2512,0.197127,3.36872,1,0,6.5868,literature,0.40,2.02123,4.71621
2,16,2.5000,16.5000,1.0000,60.0000,0,0.556045,0.02725,3.33627,0.055604,ok,0.197859,,0.197859,3.33627,3.2812,0.196186,3.41137,1,0,6.6184,literature,0.40,2.04682,4.77591
3,16,3.5000,16.5000,1.0000,60.0000,0,0.569683,0.02725,3.41810,0.056968,ok,0.196039,,0.196039,3.41810,3.3117,0.195106,3.46164,1,0,6.6550,literature,0.40,2.07698,4.84630
4,16,4.5000,16.5000,1.0000,60.0000,0,0.583827,0.02725,3.50296,0.058383,ok,0.194241,,0.194241,3.50296,3.3423,0.193891,3.51998,1,0,6.6967,literature,0.40,2.11199,4.92797
5,16,5.5000,16.5000,1.0000,60.0000,0,0.598397,0.02725,3.59038,0.059840,ok,0.192478,,0.192478,3.59038,3.3729,0.192568,3.58583,1,0,6.7427,literature,0.40,2.15150,5.02016
6,16,6.5000,16.5000,1.0000,60.0000,0,0.613318,0.02725,3.67991,0.061332,ok,0.190759,,0.190759,3.67991,3.4033,0.191158,3.65871,1,0,6.7924,literature,0.40,2.19523,5.12220
7,16,7.5000,16.5000,1.0000,60.0000,0,0.628511,0.02725,3.77107,0.062851,ok,0.189093,,0.189093,3.77107,3.4333,0.189694,3.73763,1,0,6.8448,literature,0.40,2.24258,5.23268
8,16,8.5000,16.5000,1.0000,60.0000,0,0.643898,0.02725,3.86339,0.064390,ok,0.187485,,0.187485,3.86339,3.4628,0.188206,3.82142,1,0,6.8990,literature,0.40,2.29285,5.34998
9,16,9.5000,16.5000,1.0000,60.0000,0,0.659402,0.02725,3.95641,0.065940,ok,0.185941,,0.185941,3.95641,3.4915,0.186720,3.90891,1,0,6.9539,literature,0.40,2.34535,5.47248
10,16,10.5000,16.5000,1.0000,60.0000,0,0.674944,0.02725,4.04967,0.067494,ok,0.184465,,0.184465,4.04967,3.5195,0.185257,3.99911,1,0,7.0088,literature,0.40,2.39947,5.59876
11,16,11.5000,16.5000,1.0000,60.0000,0,0.690448,0.02725,4.14269,0.069045,ok,0.183058,,0.183058,4.14269,3.5465,0.183829,4.09119,1,0,7.0632,literature,0.40,2.45472,5.72767
12,16,12.5000,16.5000,1.0000,60.0000,0,0.705835,0.02725,4.23501,0.070583,ok,0.181723,,0.181723,4.23501,3.5725,0.182439,4.18503,1,0,7.1171,literature,0.40,2.51102,5.85904
13,16,13.5000,16.5000,1.0000,60.0000,0,0.721028,0.02725,4.32617,0.072103,ok,0.180461,,0.180461,4.32617,3.5975,0.181104,4.27925,1,0,7.1695,literature,0.40,2.56755,5.99095
14,16,14.5000,16.5000,1.0000,60.0000,0,0.735948,0.02725,4.41569,0.073595,ok,0.179135,,0.179135,4.41569,3.6242,0.179829,4.37130,1,0,7.2204,literature,0.40,2.62278,6.11982
15,16,15.5000,16.5000,1.0000,60.0000,0,0.750519,0.02725,4.50312,0.075052,ok,0.177809,,0.177809,4.50312,3.6512,0.178615,4.44958,1,0,7.2695,literature,0.40,2.66975,6.22941
16,16,16.5000,16.5000,1.0000,60.0000,0,0.764663,0.02725,4.58798,0.076466,ok,0.176570,,0.176570,4.58798,3.6768,0.177474,4.52574,1,0,7.3162,literature,0.40,2.71544,6.33603
17,16,17.5000,16.5000,1.0000,60.0000,0,0.778301,0.02725,4.66981,0.077830,ok,0.175418,,0.175418,4.66981,3.7010,0.176392,4.60044,1,0,7.3611,literature,0.40,2.76026,6.44061
18,16,18.5000,16.5000,1.0000,60.0000,0,0.791356,0.02725,4.74814,0.079136,ok,0.174352,,0.174352,4.74814,3.7236,0.175380,4.67254,1,0,7.4035,literature,0.40,2.80353,6.54156
19,16,19.5000,16.5000,1.0000,60.0000,0,0.803751,0.02725,4.82250,0.080375,ok,0.173373,,0.173373,4.82250,3.7446,0.174441,4.74147,1,0,7.4434,literature,0.40,2.84488,6.63806
20,16,20.5000,16.5000,1.0000,60.0000,0,0.815407,0.02725,4.89244,0.081541,ok,0.172478,,0.172478,4.89244,3.7640,0.173579,4.80664,1,0,7.4803,literature,0.40,2.88398,6.72929
21,16,21.5000,16.5000,1.0000,60.0000,0,0.826247,0.02725,4.95748,0.082625,ok,0.171670,,0.171670,4.95748,3.7818,0.172795,4.86744,1,0,7.5143,literature,0.40,2.92046,6.81441
22,16,22.5000,16.5000,1.0000,60.0000,0,0.836193,0.02725,5.01716,0.083619,ok,0.170946,,0.170946,5.01716,3.7978,0.172092,4.92330,1,0,7.5450,literature,0.40,2.95398,6.89262
23,16,23.5000,16.5000,1.0000,60.0000,0,0.845167,0.02725,5.07100,0.084517,ok,0.170307,,0.170307,5.07100,3.8120,0.171472,4.97367,1,0,7.5723,literature,0.40,2.98420,6.96313
24,16,24.5000,16.5000,1.0000,60.0000,0,0.853092,0.02725,5.11855,0.085309,ok,0.169755,,0.169755,5.11855,3.8244,0.170936,5.01800,1,0,7.5960,literature,0.40,3.01080,7.02520
25,16,25.5000,16.5000,1.0000,60.0000,0,0.859890,0.02725,5.15934,0.085989,ok,0.169289,,0.169289,5.15934,3.8349,0.170486,5.05581,1,0,7.6160,literature,0.40,3.03349,7.07813
26,16,26.5000,16.5000,1.0000,60.0000,0,0.865484,0.02725,5.19290,0.086548,ok,0.168911,,0.168911,5.19290,3.8435,0.170125,5.08665,1,0,7.6322,literature,0.40,3.05199,7.12130
27,16,27.5000,16.5000,1.0000,60.0000,0,0.869794,0.02725,5.21877,0.086979,ok,0.168623,,0.168623,5.21877,3.8501,0.169852,5.11013,1,0,7.6445,literature,0.40,3.06608,7.15419
28,16,28.5000,16.5000,1.0000,60.0000,0,0.872745,0.02725,5.23647,0.087274,ok,0.168428,,0.168428,5.23647,3.8546,0.169670,5.12596,1,0,7.6527,literature,0.40,3.07558,7.17635
29,16,29.5000,16.5000,1.0000,60.0000,0,0.874257,0.02725,5.24554,0.087426,ok,0.168328,,0.168328,5.24554,3.8568,0.169578,5.13393,1,0,7.6568,literature,0.40,3.08036,7.18750
30,16,30.5000,16.5000,1.0000,60.0000,0,0.874257,0.02725,5.24554,0.087426,ok,0.168328,,0.168328,5.24554,3.8568,0.169578,5.13393,1,0,7.6568,literature,0.40,3.08036,7.18750
31,16,31.5000,16.5000,1.0000,60.0000,0,0.872745,0.02725,5.23647,0.087274,ok,0.168428,,0.168428,5.23647,3.8546,0.169670,5.12596,1,0,7.6527,literature,0.40,3.07558,7.17635
32,16,32.5000,16.5000,1.0000,60.0000,0,0.869794,0.02725,5.21877,0.086979,ok,0.168623,,0.168623,5.21877,3.8501,0.169852,5.11013,1,0,7.6445,literature,0.40,3.06608,7.15419
33,16,33.5000,16.5000,1.0000,60.0000,0,0.865484,0.02725,5.19290,0.086548,ok,0.168911,,0.168911,5.19290,3.8435,0.170125,5.08665,1,0,7.6322,literature,0.40,3.05199,7.12130
34,16,34.5000,16.5000,1.0000,60.0000,0,0.859890,0.02725,5.15934,0.085989,ok,0.169289,,0.169289,5.15934,3.8349,0.170486,5.05581,1,0,7.6160,literature,0.40,3.03349,7.07813
35,16,35.5000,16.5000,1.0000,60.0000,0,0.853092,0.02725,5.11855,0.085309,ok,0.169755,,0.169755,5.11855,3.8244,0.170936,5.01800,1,0,7.5960,literature,0.40,3.01080,7.02520
36,16,36.5000,16.5000,1.0000,60.0000,0,0.845167,0.02725,5.07100,0.084517,ok,0.170307,,0.170307,5.07100,3.8120,0.171472,4.97367,1,0,7.5723,literature,0.40,2.98420,6.96313
37,16,37.5000,16.5000,1.0000,60.0000,0,0.836193,0.02725,5.01716,0.083619,ok,0.170946,,0.170946,5.01716,3.7978,0.172092,4.92330,1,0,7.5450,literature,0.40,2.95398,6.89262
38,16,38.5000,16.5000,1.0000,60.0000,0,0.826247,0.02725,4.95748,0.082625,ok,0.171670,,0.171670,4.95748,3.7818,0.172795,4.86744,1,0,7.5143,literature,0.40,2.92046,6.81441
39,16,39.5000,16.5000,1.0000,60.0000,0,0.815407,0.02725,4.89244,0.081541,ok,0.172478,,0.172478,4.89244,3.7640,0.173579,4.80664,1,0,7.4803,literature,0.40,2.88398,6.72929
40,16,40.5000,16.5000,1.0000,60.0000,0,0.803751,0.02725,4.82250,0.080375,ok,0.173373,,0.173373,4.82250,3.7446,0.174441,4.74147,1,0,7.4434,literature,0.40,2.84488,6.63806
41,16,41.5000,16.5000,1.0000,60.0000,0,0.791356,0.02725,4.74814,0.079136,ok,0.174352,,0.174352,4.74814,3.7236,0.175380,4.67254,1,0,7.4035,literature,0.40,2.80353,6.54156
42,16,42.5000,16.5000,1.0000,60.0000,0,0.778301,0.02725,4.66981,0.077830,ok,0.175418,,0.175418,4.66981,3.7010,0.176392,4.60044,1,0,7.3611,literature,0.40,2.76026,6.44061
43,16,43.5000,16.5000,1.0000,60.0000,0,0.764663,0.02725,4.58798,0.076466,ok,0.176570,,0.176570,4.58798,3.6768,0.177474,4.52574,1,0,7.3162,literature,0.40,2.71544,6.33603
44,16,44.5000,16.5000,1.0000,60.0000,0,0.750519,0.02725,4.50312,0.075052,ok,0.177809,,0.177809,4.50312,3.6512,0.178615,4.44958,1,0,7.2695,literature,0.40,2.66975,6.22941
45,16,45.5000,16.5000,1.0000,60.0000,0,0.735948,0.02725,4.41569,0.073595,ok,0.179135,,0.179135,4.41569,3.6242,0.179829,4.37130,1,0,7.2204,literature,0.40,2.62278,6.11982
46,16,46.5000,16.5000,1.0000,60.0000,0,0.721028,0.02725,4.32617,0.072103,ok,0.180461,,0.180461,4.32617,3.5975,0.181104,4.27925,1,0,7.1695,literature,0.40,2.56755,5.99095
47,16,47.5000,16.5000,1.0000,60.0000,0,0.705835,0.02725,4.23501,0.070583,ok,0.181723,,0.181723,4.23501,3.5725,0.182439,4.18503,1,0,7.1171,literature,0.40,2.51102,5.85904
48,16,48.5000,16.5000,1.0000,60.0000,0,0.690448,0.02725,4.14269,0.069045,ok,0.183058,,0.183058,4.14269,3.5465,0.183829,4.09119,1,0,7.0632,literature,0.40,2.45472,5.72767
49,16,49.5000,16.5000,1.0000,60.0000,0,0.674944,0.02725,4.04967,0.067494,ok,0.184465,,0.184465,4.04967,3.5195,0.185257,3.99911,1,0,7.0088,literature,0.40,2.39947,5.59876
50,16,50.5000,16.5000,1.0000,60.0000,0,0.659402,0.02725,3.95641,0.065940,ok,0.185941,,0.185941,3.95641,3.4915,0.186720,3.90891,1,0,6.9539,literature,0.40,2.34535,5.47248
51,16,51.5000,16.5000,1.0000,60.0000,0,0.643898,0.02725,3.86339,0.064390,ok,0.187485,,0.187485,3.86339,3.4628,0.188206,3.82142,1,0,6.8990,literature,0.40,2.29285,5.34998
52,16,52.5000,16.5000,1.0000,60.0000,0,0.628511,0.02725,3.77107,0.062851,ok,0.189093,,0.189093,3.77107,3.4333,0.189694,3.73763,1,0,6.8448,literature,0.40,2.24258,5.23268
53,16,53.5000,16.5000,1.0000,60.0000,0,0.613318,0.02725,3.67991,0.061332,ok,0.190759,,0.190759,3.67991,3.4033,0.191158,3.65871,1,0,6.7924,literature,0.40,2.19523,5.12220
54,16,54.5000,16.5000,1.0000,60.0000,0,0.598397,0.02725,3.59038,0.059840,ok,0.192478,,0.192478,3.59038,3.3729,0.192568,3.58583,1,0,6.7427,literature,0.40,2.15150,5.02016
55,16,55.5000,16.5000,1.0000,60.0000,0,0.583827,0.02725,3.50296,0.058383,ok,0.194241,,0.194241,3.50296,3.3423,0.193891,3.51998,1,0,6.6967,literature,0.40,2.11199,4.92797
56,16,56.5000,16.5000,1.0000,60.0000,0,0.569683,0.02725,3.41810,0.056968,ok,0.196039,,0.196039,3.41810,3.3117,0.195106,3.46164,1,0,6.6550,literature,0.40,2.07698,4.84630
57,16,57.5000,16.5000,1.0000,60.0000,0,0.556045,0.02725,3.33627,0.055604,ok,0.197859,,0.197859,3.33627,3.2812,0.196186,3.41137,1,0,6.6184,literature,0.40,2.04682,4.77591
58,16,58.5000,16.5000,1.0000,60.0000,0,0.542990,0.02725,3.25794,0.054299,ok,0.199688,,0.199688,3.25794,3.2512,0.197127,3.36872,1,0,6.5868,literature,0.40,2.02123,4.71621
59,16,59.5000,16.5000,1.0000,60.0000,0,0.530595,0.02725,3.18357,0.053060,ok,0.201507,,0.201507,3.18357,3.2218,0.197932,3.33309,1,0,6.5600,literature,0.40,1.99985,4.66633
0,17,0.5000,17.5000,1.0000,60.0000,0,0.540059,0.02725,3.24035,0.054006,ok,0.200110,,0.200110,3.24035,3.2443,0.196583,3.39325,1,0,6.6050,literature,0.40,2.03595,4.75055
1,17,1.5000,17.5000,1.0000,60.0000,0,0.552674,0.02725,3.31605,0.055267,ok,0.198323,,0.198323,3.31605,3.2735,0.195793,3.42948,1,0,6.6316,literature,0.40,2.05769,4.80127
2,17,2.5000,17.5000,1.0000,60.0000,0,0.565962,0.02725,3.39577,0.056596,ok,0.196527,,0.196527,3.39577,3.3034,0.194870,3.47279,1,0,6.6630,literature,0.40,2.08368,4.86191
3,17,3.5000,17.5000,1.0000,60.0000,0,0.579844,0.02725,3.47906,0.057984,ok,0.194739,,0.194739,3.47906,3.3338,0.193808,3.52402,1,0,6.6996,literature,0.40,2.11441,4.93363
4,17,4.5000,17.5000,1.0000,60.0000,0,0.594239,0.02725,3.56544,0.059424,ok,0.192972,,0.192972,3.56544,3.3643,0.192622,3.58306,1,0,6.7408,literature,0.40,2.14983,5.01628
5,17,5.5000,17.5000,1.0000,60.0000,0,0.609070,0.02725,3.65442,0.060907,ok,0.191240,,0.191240,3.65442,3.3948,0.191325,3.64993,1,0,6.7865,literature,0.40,2.18996,5.10990
6,17,6.5000,17.5000,1.0000,60.0000,0,0.624257,0.02725,3.74554,0.062426,ok,0.189551,,0.189551,3.74554,3.4250,0.189942,3.72403,1,0,6.8359,literature,0.40,2.23442,5.21364
7,17,7.5000,17.5000,1.0000,60.0000,0,0.639721,0.02725,3.83832,0.063972,ok,0.187914,,0.187914,3.83832,3.4549,0.188503,3.80440,1,0,6.8881,literature,0.40,2.28264,5.32616
8,17,8.5000,17.5000,1.0000,60.0000,0,0.655382,0.02725,3.93229,0.065538,ok,0.186335,,0.186335,3.93229,3.4841,0.187038,3.88990,1,0,6.9421,literature,0.40,2.33394,5.44586
9,17,9.5000,17.5000,1.0000,60.0000,0,0.671162,0.02725,4.02697,0.067116,ok,0.184818,,0.184818,4.02697,3.5127,0.185571,3.97940,1,0,6.9969,literature,0.40,2.38764,5.57116
10,17,10.5000,17.5000,1.0000,60.0000,0,0.686982,0.02725,4.12189,0.068698,ok,0.183367,,0.183367,4.12189,3.5405,0.184123,4.07190,1,0,7.0520,literature,0.40,2.44314,5.70066
11,17,11.5000,17.5000,1.0000,60.0000,0,0.702762,0.02725,4.21657,0.070276,ok,0.181985,,0.181985,4.21657,3.5674,0.182708,4.16655,1,0,7.1066,literature,0.40,2.49993,5.83317
12,17,12.5000,17.5000,1.0000,60.0000,0,0.718424,0.02725,4.31054,0.071842,ok,0.180674,,0.180674,4.31054,3.5933,0.181327,4.26323,1,0,7.1607,literature,0.40,2.55794,5.96852
13,17,13.5000,17.5000,1.0000,60.0000,0,0.733888,0.02725,4.40333,0.073389,ok,0.179327,,0.179327,4.40333,3.6203,0.180001,4.36040,1,0,7.2135,literature,0.40,2.61624,6.10456
14,17,14.5000,17.5000,1.0000,60.0000,0,0.749075,0.02725,4.49445,0.074907,ok,0.177938,,0.177938,4.49445,3.6485,0.178733,4.44183,1,0,7.2646,literature,0.40,2.66510,6.21856
15,17,15.5000,17.5000,1.0000,60.0000,0,0.763905,0.02725,4.58343,0.076391,ok,0.176635,,0.176635,4.58343,3.6755,0.177535,4.52162,1,0,7.3137,literature,0.40,2.71297,6.33027
16,17,16.5000,17.5000,1.0000,60.0000,0,0.778301,0.02725,4.66981,0.077830,ok,0.175418,,0.175418,4.66981,3.7010,0.176392,4.60044,1,0,7.3611,literature,0.40,2.76026,6.44061
17,17,17.5000,17.5000,1.0000,60.0000,0,0.792182,0.02725,4.75309,0.079218,ok,0.174286,,0.174286,4.75309,3.7250,0.175316,4.67714,1,0,7.4062,literature,0.40,2.80629,6.54800
18,17,18.5000,17.5000,1.0000,60.0000,0,0.805470,0.02725,4.83282,0.080547,ok,0.173239,,0.173239,4.83282,3.7475,0.174312,4.75115,1,0,7.4489,literature,0.40,2.85069,6.65161
19,17,19.5000,17.5000,1.0000,60.0000,0,0.818086,0.02725,4.90852,0.081809,ok,0.172277,,0.172277,4.90852,3.7684,0.173381,4.82184,1,0,7.4889,literature,0.40,2.89311,6.75058
20,17,20.5000,17.5000,1.0000,60.0000,0,0.829950,0.02725,4.97970,0.082995,ok,0.171398,,0.171398,4.97970,3.7878,0.172527,4.88861,1,0,7.5260,literature,0.40,2.93317,6.84406
21,17,21.5000,17.5000,1.0000,60.0000,0,0.840983,0.02725,5.04590,0.084098,ok,0.170603,,0.170603,5.04590,3.8054,0.171751,4.95087,1,0,7.5600,literature,0.40,2.97052,6.93121
22,17,22.5000,17.5000,1.0000,60.0000,0,0.851107,0.02725,5.10664,0.085111,ok,0.169892,,0.169892,5.10664,3.8213,0.171056,5.00801,1,0,7.5907,literature,0.40,3.00481,7.01122
23,17,23.5000,17.5000,1.0000,60.0000,0,0.860241,0.02725,5.16145,0.086024,ok,0.169265,,0.169265,5.16145,3.8355,0.170443,5.05950,1,0,7.6180,literature,0.40,3.03570,7.08330
24,17,24.5000,17.5000,1.0000,60.0000,0,0.868308,0.02725,5.20985,0.086831,ok,0.168722,,0.168722,5.20985,3.8478,0.169914,5.10479,1,0,7.6417,literature,0.40,3.06287,7.14670
25,17,25.5000,17.5000,1.0000,60.0000,0,0.875227,0.02725,5.25136,0.087523,ok,0.168265,,0.168265,5.25136,3.8583,0.169470,5.14339,1,0,7.6617,literature,0.40,3.08603,7.20074
26,17,26.5000,17.5000,1.0000,60.0000,0,0.880920,0.02725,5.28552,0.088092,ok,0.167893,,0.167893,5.28552,3.8668,0.169114,5.17486,1,0,7.6778,literature,0.40,3.10491,7.24480
27,17,27.5000,17.5000,1.0000,60.0000,0,0.885308,0.02725,5.31185,0.088531,ok,0.167611,,0.167611,5.31185,3.8734,0.168845,5.19882,1,0,7.6901,literature,0.40,3.11929,7.27834
28,17,28.5000,17.5000,1.0000,60.0000,0,0.888311,0.02725,5.32986,0.088831,ok,0.167419,,0.167419,5.32986,3.8778,0.168666,5.21496,1,0,7.6983,literature,0.40,3.12898,7.30095
29,17,29.5000,17.5000,1.0000,60.0000,0,0.889850,0.02725,5.33910,0.088985,ok,0.167321,,0.167321,5.33910,3.8801,0.168576,5.22309,1,0,7.7024,literature,0.40,3.13385,7.31232
30,17,30.5000,17.5000,1.0000,60.0000,0,0.889850,0.02725,5.33910,0.088985,ok,0.167321,,0.167321,5.33910,3.8801,0.168576,5.22309,1,0,7.7024,literature,0.40,3.13385,7.31232
31,17,31.5000,17.5000,1.0000,60.0000,0,0.888311,0.02725,5.32986,0.088831,ok,0.167419,,0.167419,5.32986,3.8778,0.168666,5.21496,1,0,7.6983,literature,0.40,3.12898,7.30095
32,17,32.5000,17.5000,1.0000,60.0000,0,0.885308,0.02725,5.31185,0.088531,ok,0.167611,,0.167611,5.31185,3.8734,0.168845,5.19882,1,0,7.6901,literature,0.40,3.11929,7.27834
33,17,33.5000,17.5000,1.0000,60.0000,0,0.880920,0.02725,5.28552,0.088092,ok,0.167893,,0.167893,5.28552,3.8668,0.169114,5.17486,1,0,7.6778,literature,0.40,3.10491,7.24480
34,17,34.5000,17.5000,1.0000,60.0000,0,0.875227,0.02725,5.25136,0.087523,ok,0.168265,,0.168265,5.25136,3.8583,0.169470,5.14339,1,0,7.6617,literature,0.40,3.08603,7.20074
35,17,35.5000,17.5000,1.0000,60.0000,0,0.868308,0.02725,5.20985,0.086831,ok,0.168722,,0.168722,5.20985,3.8478,0.169914,5.10479,1,0,7.6417,literature,0.40,3.06287,7.14670
36,17,36.5000,17.5000,1.0000,60.0000,0,0.860241,0.02725,5.16145,0.086024,ok,0.169265,,0.169265,5.16145,3.8355,0.170443,5.05950,1,0,7.6180,literature,0.40,3.03570,7.08330
37,17,37.5000,17.5000,1.0000,60.0000,0,0.851107,0.02725,5.10664,0.085111,ok,0.169892,,0.169892,5.10664,3.8213,0.171056,5.00801,1,0,7.5907,literature,0.40,3.00481,7.01122
38,17,38.5000,17.5000,1.0000,60.0000,0,0.840983,0.02725,5.04590,0.084098,ok,0.170603,,0.170603,5.04590,3.8054,0.171751,4.95087,1,0,7.5600,literature,0.40,2.97052,6.93121
39,17,39.5000,17.5000,1.0000,60.0000,0,0.829950,0.02725,4.97970,0.082995,ok,0.171398,,0.171398,4.97970,3.7878,0.172527,4.88861,1,0,7.5260,literature,0.40,2.93317,6.84406
40,17,40.5000,17.5000,1.0000,60.0000,0,0.818086,0.02725,4.90852,0.081809,ok,0.172277,,0.172277,4.90852,3.7684,0.173381,4.82184,1,0,7.4889,literature,0.40,2.89311,6.75058
41,17,41.5000,17.5000,1.0000,60.0000,0,0.805470,0.02725,4.83282,0.080547,ok,0.173239,,0.173239,4.83282,3.7475,0.174312,4.75115,1,0,7.4489,literature,0.40,2.85069,6.65161
42,17,42.5000,17.5000,1.0000,60.0000,0,0.792182,0.02725,4.75309,0.079218,ok,0.174286,,0.174286,4.75309,3.7250,0.175316,4.67714,1,0,7.4062,literature,0.40,2.80629,6.54800
43,17,43.5000,17.5000,1.0000,60.0000,0,0.778301,0.02725,4.66981,0.077830,ok,0.175418,,0.175418,4.66981,3.7010,0.176392,4.60044,1,0,7.3611,literature,0.40,2.76026,6.44061
44,17,44.5000,17.5000,1.0000,60.0000,0,0.763905,0.02725,4.58343,0.076391,ok,0.176635,,0.176635,4.58343,3.6755,0.177535,4.52162,1,0,7.3137,literature,0.40,2.71297,6.33027
45,17,45.5000,17.5000,1.0000,60.0000,0,0.749075,0.02725,4.49445,0.074907,ok,0.177938,,0.177938,4.49445,3.6485,0.178733,4.44183,1,0,7.2646,literature,0.40,2.66510,6.21856
46,17,46.5000,17.5000,1.0000,60.0000,0,0.733888,0.02725,4.40333,0.073389,ok,0.179327,,0.179327,4.40333,3.6203,0.180001,4.36040,1,0,7.2135,literature,0.40,2.61624,6.10456
47,17,47.5000,17.5000,1.0000,60.0000,0,0.718424,0.02725,4.31054,0.071842,ok,0.180674,,0.180674,4.31054,3.5933,0.181327,4.26323,1,0,7.1607,literature,0.40,2.55794,5.96852
48,17,48.5000,17.5000,1.0000,60.0000,0,0.702762,0.02725,4.21657,0.070276,ok,0.181985,,0.181985,4.21657,3.5674,0.182708,4.16655,1,0,7.1066,literature,0.40,2.49993,5.83317
49,17,49.5000,17.5000,1.0000,60.0000,0,0.686982,0.02725,4.12189,0.068698,ok,0.183367,,0.183367,4.12189,3.5405,0.184123,4.07190,1,0,7.0520,literature,0.40,2.44314,5.70066
50,17,50.5000,17.5000,1.0000,60.0000,0,0.671162,0.02725,4.02697,0.067116,ok,0.184818,,0.184818,4.02697,3.5127,0.185571,3.97940,1,0,6.9969,literature,0.40,2.38764,5.57116
51,17,51.5000,17.5000,1.0000,60.0000,0,0.655382,0.02725,3.93229,0.065538,ok,0.186335,,0.186335,3.93229,3.4841,0.187038,3.88990,1,0,6.9421,literature,0.40,2.33394,5.44586
52,17,52.5000,17.5000,1.0000,60.0000,0,0.639721,0.02725,3.83832,0.063972,ok,0.187914,,0.187914,3.83832,3.4549,0.188503,3.80440,1,0,6.8881,literature,0.40,2.28264,5.32616
53,17,53.5000,17.5000,1.0000,60.0000,0,0.624257,0.02725,3.74554,0.062426,ok,0.189551,,0.189551,3.74554,3.4250,0.189942,3.72403,1,0,6.8359,literature,0.40,2.23442,5.21364
54,17,54.5000,17.5000,1.0000,60.0000,0,0.609070,0.02725,3.65442,0.060907,ok,0.191240,,0.191240,3.65442,3.3948,0.191325,3.64993,1,0,6.7865,literature,0.40,2.18996,5.10990
55,17,55.5000,17.5000,1.0000,60.0000,0,0.594239,0.02725,3.56544,0.059424,ok,0.192972,,0.192972,3.56544,3.3643,0.192622,3.58306,1,0,6.7408,literature,0.40,2.14983,5.01628
56,17,56.5000,17.5000,1.0000,60.0000,0,0.579844,0.02725,3.47906,0.057984,ok,0.194739,,0.194739,3.47906,3.3338,0.193808,3.52402,1,0,6.6996,literature,0.40,2.11441,4.93363
57,17,57.5000,17.5000,1.0000,60.0000,0,0.565962,0.02725,3.39577,0.056596,ok,0.196527,,0.196527,3.39577,3.3034,0.194870,3.47279,1,0,6.6630,literature,0.40,2.08368,4.86191
58,17,58.5000,17.5000,1.0000,60.0000,0,0.552674,0.02725,3.31605,0.055267,ok,0.198323,,0.198323,3.31605,3.2735,0.195793,3.42948,1,0,6.6316,literature,0.40,2.05769,4.80127
59,17,59.5000,17.5000,1.0000,60.0000,0,0.540059,0.02725,3.24035,0.054006,ok,0.200110,,0.200110,3.24035,3.2443,0.196583,3.39325,1,0,6.6050,literature,0.40,2.03595,4.75055
0,18,0.5000,18.5000,1.0000,60.0000,0,0.549118,0.02725,3.29471,0.054912,ok,0.198819,,0.198819,3.29471,3.2654,0.195335,3.45085,1,0,6.6472,literature,0.40,2.07051,4.83119
1,18,1.5000,18.5000,1.0000,60.0000,0,0.561945,0.02725,3.37167,0.056194,ok,0.197061,,0.197061,3.37167,3.2945,0.194559,3.48765,1,0,6.6737,literature,0.40,2.09259,4.88271
2,18,2.5000,18.5000,1.0000,60.0000,0,0.575456,0.02725,3.45273,0.057546,ok,0.195295,,0.195295,3.45273,3.3243,0.193654,3.53161,1,0,6.7049,literature,0.40,2.11897,4.94426
3,18,3.5000,18.5000,1.0000,60.0000,0,0.589570,0.02725,3.53742,0.058957,ok,0.193536,,0.193536,3.53742,3.3545,0.192612,3.58360,1,0,6.7412,literature,0.40,2.15016,5.01704
4,18,4.5000,18.5000,1.0000,60.0000,0,0.604207,0.02725,3.62524,0.060421,ok,0.191799,,0.191799,3.62524,3.3849,0.191448,3.64349,1,0,6.7822,literature,0.40,2.18610,5.10089
5,18,5.5000,18.5000,1.0000,60.0000,0,0.619287,0.02725,3.71572,0.061929,ok,0.190095,,0.190095,3.71572,3.4152,0.190174,3.71139,1,0,6.8276,literature,0.40,2.22683,5.19594
6,18,6.5000,18.5000,1.0000,60.0000,0,0.634728,0.02725,3.80837,0.063473,ok,0.188434,,0.188434,3.80837,3.4453,0.188815,3.78672,1,0,6.8767,literature,0.40,2.27203,5.30140
7,18,7.5000,18.5000,1.0000,60.0000,0,0.650451,0.02725,3.90271,0.065045,ok,0.186824,,0.186824,3.90271,3.4750,0.187397,3.86856,1,0,6.9288,literature,0.40,2.32114,5.41599
8,18,8.5000,18.5000,1.0000,60.0000,0,0.666376,0.02725,3.99825,0.066638,ok,0.185270,,0.185270,3.99825,3.5041,0.185951,3.95582,1,0,6.9826,literature,0.40,2.37349,5.53815
9,18,9.5000,18.5000,1.0000,60.0000,0,0.682421,0.02725,4.09452,0.068242,ok,0.183779,,0.183779,4.09452,3.5326,0.184500,4.04738,1,0,7.0376,literature,0.40,2.42843,5.66634
10,18,10.5000,18.5000,1.0000,60.0000,0,0.698506,0.02725,4.19103,0.069851,ok,0.182352,,0.182352,4.19103,3.5602,0.183065,4.14223,1,0,7.0927,literature,0.40,2.48534,5.79912
11,18,11.5000,18.5000,1.0000,60.0000,0,0.714551,0.02725,4.28730,0.071455,ok,0.180993,,0.180993,4.28730,3.5870,0.181660,4.23950,1,0,7.1476,literature,0.40,2.54370,5.93529
12,18,12.5000,18.5000,1.0000,60.0000,0,0.730475,0.02725,4.38285,0.073047,ok,0.179647,,0.179647,4.38285,3.6138,0.180287,4.33902,1,0,7.2020,literature,0.40,2.60341,6.07463
13,18,13.5000,18.5000,1.0000,60.0000,0,0.746198,0.02725,4.47719,0.074620,ok,0.178197,,0.178197,4.47719,3.6433,0.178969,4.42643,1,0,7.2550,literature,0.40,2.65586,6.19700
14,18,14.5000,18.5000,1.0000,60.0000,0,0.761639,0.02725,4.56984,0.076164,ok,0.176831,,0.176831,4.56984,3.6714,0.177717,4.50932,1,0,7.3062,literature,0.40,2.70559,6.31304
15,18,15.5000,18.5000,1.0000,60.0000,0,0.776719,0.02725,4.66031,0.077672,ok,0.175549,,0.175549,4.66031,3.6982,0.176516,4.59173,1,0,7.3559,literature,0.40,2.75504,6.42842
16,18,16.5000,18.5000,1.0000,60.0000,0,0.791356,0.02725,4.74814,0.079136,ok,0.174352,,0.174352,4.74814,3.7236,0.175380,4.67254,1,0,7.4035,literature,0.40,2.80353,6.54156
17,18,17.5000,18.5000,1.0000,60.0000,0,0.805470,0.02725,4.83282,0.080547,ok,0.173239,,0.173239,4.83282,3.7475,0.174312,4.75115,1,0,7.4489,literature,0.40,2.85069,6.65161
18,18,18.5000,18.5000,1.0000,60.0000,0,0.818981,0.02725,4.91389,0.081898,ok,0.172209,,0.172209,4.91389,3.7699,0.173315,4.82693,1,0,7.4917,literature,0.40,2.89616,6.75770
19,18,19.5000,18.5000,1.0000,60.0000,0,0.831809,0.02725,4.99085,0.083181,ok,0.171263,,0.171263,4.99085,3.7908,0.172393,4.89925,1,0,7.5318,literature,0.40,2.93955,6.85896
20,18,20.5000,18.5000,1.0000,60.0000,0,0.843872,0.02725,5.06323,0.084387,ok,0.170399,,0.170399,5.06323,3.8100,0.171547,4.96751,1,0,7.5690,literature,0.40,2.98050,6.95451
21,18,21.5000,18.5000,1.0000,60.0000,0,0.855090,0.02725,5.13054,0.085509,ok,0.169617,,0.169617,5.13054,3.8275,0.170779,5.03109,1,0,7.6030,literature,0.40,3.01865,7.04352
22,18,22.5000,18.5000,1.0000,60.0000,0,0.865383,0.02725,5.19230,0.086538,ok,0.168918,,0.168918,5.19230,3.8434,0.170092,5.08941,1,0,7.6337,literature,0.40,3.05365,7.12517
23,18,23.5000,18.5000,1.0000,60.0000,0,0.874671,0.02725,5.24803,0.087467,ok,0.168301,,0.168301,5.24803,3.8575,0.169487,5.14192,1,0,7.6609,literature,0.40,3.08515,7.19868
24,18,24.5000,18.5000,1.0000,60.0000,0,0.882873,0.02725,5.29724,0.088287,ok,0.167767,,0.167767,5.29724,3.8697,0.168965,5.18808,1,0,7.6846,literature,0.40,3.11285,7.26331
25,18,25.5000,18.5000,1.0000,60.0000,0,0.889908,0.02725,5.33945,0.088991,ok,0.167317,,0.167317,5.33945,3.8801,0.168528,5.22740,1,0,7.7045,literature,0.40,3.13644,7.31837
26,18,26.5000,18.5000,1.0000,60.0000,0,0.895697,0.02725,5.37418,0.089570,ok,0.166952,,0.166952,5.37418,3.8886,0.168176,5.25945,1,0,7.7207,literature,0.40,3.15567,7.36323
27,18,27.5000,18.5000,1.0000,60.0000,0,0.900158,0.02725,5.40095,0.090016,ok,0.166674,,0.166674,5.40095,3.8951,0.167912,5.28384,1,0,7.7328,literature,0.40,3.17031,7.39738
28,18,28.5000,18.5000,1.0000,60.0000,0,0.903211,0.02725,5.41927,0.090321,ok,0.166485,,0.166485,5.41927,3.8995,0.167735,5.30028,1,0,7.7410,literature,0.40,3.18017,7.42039
29,18,29.5000,18.5000,1.0000,60.0000,0,0.904776,0.02725,5.42866,0.090478,ok,0.166389,,0.166389,5.42866,3.9018,0.167646,5.30855,1,0,7.7451,literature,0.40,3.18513,7.43196
30,18,30.5000,18.5000,1.0000,60.0000,0,0.904776,0.02725,5.42866,0.090478,ok,0.166389,,0.166389,5.42866,3.9018,0.167646,5.30855,1,0,7.7451,literature,0.40,3.18513,7.43196
31,18,31.5000,18.5000,1.0000,60.0000,0,0.903211,0.02725,5.41927,0.090321,ok,0.166485,,0.166485,5.41927,3.8995,0.167735,5.30028,1,0,7.7410,literature,0.40,3.18017,7.42039
32,18,32.5000,18.5000,1.0000,60.0000,0,0.900158,0.02725,5.40095,0.090016,ok,0.166674,,0.166674,5.40095,3.8951,0.167912,5.28384,1,0,7.7328,literature,0.40,3.17031,7.39738
33,18,33.5000,18.5000,1.0000,60.0000,0,0.895697,0.02725,5.37418,0.089570,ok,0.166952,,0.166952,5.37418,3.8886,0.168176,5.25945,1,0,7.7207,literature,0.40,3.15567,7.36323
34,18,34.5000,18.5000,1.0000,60.0000,0,0.889908,0.02725,5.33945,0.088991,ok,0.167317,,0.167317,5.33945,3.8801,0.168528,5.22740,1,0,7.7045,literature,0.40,3.13644,7.31837
35,18,35.5000,18.5000,1.0000,60.0000,0,0.882873,0.02725,5.29724,0.088287,ok,0.167767,,0.167767,5.29724,3.8697,0.168965,5.18808,1,0,7.6846,literature,0.40,3.11285,7.26331
36,18,36.5000,18.5000,1.0000,60.0000,0,0.874671,0.02725,5.24803,0.087467,ok,0.168301,,0.168301,5.24803,3.8575,0.169487,5.14192,1,0,7.6609,literature,0.40,3.08515,7.19868
37,18,37.5000,18.5000,1.0000,60.0000,0,0.865383,0.02725,5.19230,0.086538,ok,0.168918,,0.168918,5.19230,3.8434,0.170092,5.08941,1,0,7.6337,literature,0.40,3.05365,7.12517
38,18,38.5000,18.5000,1.0000,60.0000,0,0.855090,0.02725,5.13054,0.085509,ok,0.169617,,0.169617,5.13054,3.8275,0.170779,5.03109,1,0,7.6030,literature,0.40,3.01865,7.04352
39,18,39.5000,18.5000,1.0000,60.0000,0,0.843872,0.02725,5.06323,0.084387,ok,0.170399,,0.170399,5.06323,3.8100,0.171547,4.96751,1,0,7.5690,literature,0.40,2.98050,6.95451
40,18,40.5000,18.5000,1.0000,60.0000,0,0.831809,0.02725,4.99085,0.083181,ok,0.171263,,0.171263,4.99085,3.7908,0.172393,4.89925,1,0,7.5318,literature,0.40,2.93955,6.85896
41,18,41.5000,18.5000,1.0000,60.0000,0,0.818981,0.02725,4.91389,0.081898,ok,0.172209,,0.172209,4.91389,3.7699,0.173315,4.82693,1,0,7.4917,literature,0.40,2.89616,6.75770
42,18,42.5000,18.5000,1.0000,60.0000,0,0.805470,0.02725,4.83282,0.080547,ok,0.173239,,0.173239,4.83282,3.7475,0.174312,4.75115,1,0,7.4489,literature,0.40,2.85069,6.65161
43,18,43.5000,18.5000,1.0000,60.0000,0,0.791356,0.02725,4.74814,0.079136,ok,0.174352,,0.174352,4.74814,3.7236,0.175380,4.67254,1,0,7.4035,literature,0.40,2.80353,6.54156
44,18,44.5000,18.5000,1.0000,60.0000,0,0.776719,0.02725,4.66031,0.077672,ok,0.175549,,0.175549,4.66031,3.6982,0.176516,4.59173,1,0,7.3559,literature,0.40,2.75504,6.42842
45,18,45.5000,18.5000,1.0000,60.0000,0,0.761639,0.02725,4.56984,0.076164,ok,0.176831,,0.176831,4.56984,3.6714,0.177717,4.50932,1,0,7.3062,literature,0.40,2.70559,6.31304
46,18,46.5000,18.5000,1.0000,60.0000,0,0.746198,0.02725,4.47719,0.074620,ok,0.178197,,0.178197,4.47719,3.6433,0.178969,4.42643,1,0,7.2550,literature,0.40,2.65586,6.19700
47,18,47.5000,18.5000,1.0000,60.0000,0,0.730475,0.02725,4.38285,0.073047,ok,0.179647,,0.179647,4.38285,3.6138,0.180287,4.33902,1,0,7.2020,literature,0.40,2.60341,6.07463
48,18,48.5000,18.5000,1.0000,60.0000,0,0.714551,0.02725,4.28730,0.071455,ok,0.180993,,0.180993,4.28730,3.5870,0.181660,4.23950,1,0,7.1476,literature,0.40,2.54370,5.93529
49,18,49.5000,18.5000,1.0000,60.0000,0,0.698506,0.02725,4.19103,0.069851,ok,0.182352,,0.182352,4.19103,3.5602,0.183065,4.14223,1,0,7.0927,literature,0.40,2.48534,5.79912
50,18,50.5000,18.5000,1.0000,60.0000,0,0.682421,0.02725,4.09452,0.068242,ok,0.183779,,0.183779,4.09452,3.5326,0.184500,4.04738,1,0,7.0376,literature,0.40,2.42843,5.66634
51,18,51.5000,18.5000,1.0000,60.0000,0,0.666376,0.02725,3.99825,0.066638,ok,0.185270,,0.185270,3.99825,3.5041,0.185951,3.95582,1,0,6.9826,literature,0.40,2.37349,5.53815
52,18,52.5000,18.5000,1.0000,60.0000,0,0.650451,0.02725,3.90271,0.065045,ok,0.186824,,0.186824,3.90271,3.4750,0.187397,3.86856,1,0,6.9288,literature,0.40,2.32114,5.41599
53,18,53.5000,18.5000,1.0000,60.0000,0,0.634728,0.02725,3.80837,0.063473,ok,0.188434,,0.188434,3.80837,3.4453,0.188815,3.78672,1,0,6.8767,literature,0.40,2.27203,5.30140
54,18,54.5000,18.5000,1.0000,60.0000,0,0.619287,0.02725,3.71572,0.061929,ok,0.190095,,0.190095,3.71572,3.4152,0.190174,3.71139,1,0,6.8276,literature,0.40,2.22683,5.19594
55,18,55.5000,18.5000,1.0000,60.0000,0,0.604207,0.02725,3.62524,0.060421,ok,0.191799,,0.191799,3.62524,3.3849,0.191448,3.64349,1,0,6.7822,literature,0.40,2.18610,5.10089
56,18,56.5000,18.5000,1.0000,60.0000,0,0.589570,0.02725,3.53742,0.058957,ok,0.193536,,0.193536,3.53742,3.3545,0.192612,3.58360,1,0,6.7412,literature,0.40,2.15016,5.01704
57,18,57.5000,18.5000,1.0000,60.0000,0,0.575456,0.02725,3.45273,0.057546,ok,0.195295,,0.195295,3.45273,3.3243,0.193654,3.53161,1,0,6.7049,literature,0.40,2.11897,4.94426
58,18,58.5000,18.5000,1.0000,60.0000,0,0.561945,0.02725,3.37167,0.056194,ok,0.197061,,0.197061,3.37167,3.2945,0.194559,3.48765,1,0,6.6737,literature,0.40,2.09259,4.88271
59,18,59.5000,18.5000,1.0000,60.0000,0,0.549118,0.02725,3.29471,0.054912,ok,0.198819,,0.198819,3.29471,3.2654,0.195335,3.45085,1,0,6.6472,literature,0.40,2.07051,4.83119
0,19,0.5000,19.5000,1.0000,60.0000,0,0.557718,0.02725,3.34631,0.055772,ok,0.197631,,0.197631,3.34631,3.2850,0.194188,3.50552,1,0,6.6864,literature,0.40,2.10331,4.90773
1,19,1.5000,19.5000,1.0000,60.0000,0,0.570746,0.02725,3.42448,0.057075,ok,0.195901,,0.195901,3.42448,3.3140,0.193426,3.54287,1,0,6.7128,literature,0.40,2.12572,4.96002
2,19,2.5000,19.5000,1.0000,60.0000,0,0.584469,0.02725,3.50681,0.058447,ok,0.194162,,0.194162,3.50681,3.3437,0.192531,3.58769,1,0,6.7440,literature,0.40,2.15261,5.02277
3,19,3.5000,19.5000,1.0000,60.0000,0,0.598804,0.02725,3.59282,0.059880,ok,0.192430,,0.192430,3.59282,3.3738,0.191511,3.64018,1,0,6.7799,literature,0.40,2.18411,5.09625
4,19,4.5000,19.5000,1.0000,60.0000,0,0.613670,0.02725,3.68202,0.061367,ok,0.190719,,0.190719,3.68202,3.4040,0.190368,3.70092,1,0,6.8206,literature,0.40,2.22055,5.18129
5,19,5.5000,19.5000,1.0000,60.0000,0,0.628986,0.02725,3.77392,0.062899,ok,0.189042,,0.189042,3.77392,3.4342,0.189115,3.76983,1,0,6.8658,literature,0.40,2.26190,5.27777
6,19,6.5000,19.5000,1.0000,60.0000,0,0.644670,0.02725,3.86802,0.064467,ok,0.187407,,0.187407,3.86802,3.4642,0.187775,3.84639,1,0,6.9148,literature,0.40,2.30784,5.38495
7,19,7.5000,19.5000,1.0000,60.0000,0,0.660639,0.02725,3.96383,0.066064,ok,0.185821,,0.185821,3.96383,3.4938,0.186377,3.92973,1,0,6.9667,literature,0.40,2.35784,5.50162
8,19,8.5000,19.5000,1.0000,60.0000,0,0.676813,0.02725,4.06088,0.067681,ok,0.184292,,0.184292,4.06088,3.5228,0.184946,4.01877,1,0,7.0206,literature,0.40,2.41126,5.62628
9,19,9.5000,19.5000,1.0000,60.0000,0,0.693109,0.02725,4.15865,0.069311,ok,0.182823,,0.182823,4.15865,3.5511,0.183509,4.11242,1,0,7.0756,literature,0.40,2.46745,5.75739
10,19,10.5000,19.5000,1.0000,60.0000,0,0.709446,0.02725,4.25668,0.070945,ok,0.181419,,0.181419,4.25668,3.5785,0.182084,4.20964,1,0,7.1309,literature,0.40,2.52579,5.89350
11,19,11.5000,19.5000,1.0000,60.0000,0,0.725742,0.02725,4.35445,0.072574,ok,0.180080,,0.180080,4.35445,3.6051,0.180688,4.30953,1,0,7.1861,literature,0.40,2.58572,6.03334
12,19,12.5000,19.5000,1.0000,60.0000,0,0.741916,0.02725,4.45149,0.074192,ok,0.178585,,0.178585,4.45149,3.6353,0.179323,4.40356,1,0,7.2407,literature,0.40,2.64214,6.16499
13,19,13.5000,19.5000,1.0000,60.0000,0,0.757885,0.02725,4.54731,0.075789,ok,0.177158,,0.177158,4.54731,3.6646,0.178011,4.48958,1,0,7.2941,literature,0.40,2.69375,6.28541
14,19,14.5000,19.5000,1.0000,60.0000,0,0.773569,0.02725,4.64141,0.077357,ok,0.175813,,0.175813,4.64141,3.6926,0.176765,4.57442,1,0,7.3455,literature,0.40,2.74465,6.40419
15,19,15.5000,19.5000,1.0000,60.0000,0,0.788884,0.02725,4.73331,0.078888,ok,0.174551,,0.174551,4.73331,3.7193,0.175570,4.65879,1,0,7.3955,literature,0.40,2.79527,6.52230
16,19,16.5000,19.5000,1.0000,60.0000,0,0.803751,0.02725,4.82250,0.080375,ok,0.173373,,0.173373,4.82250,3.7446,0.174441,4.74147,1,0,7.4434,literature,0.40,2.84488,6.63806
17,19,17.5000,19.5000,1.0000,60.0000,0,0.818086,0.02725,4.90852,0.081809,ok,0.172277,,0.172277,4.90852,3.7684,0.173381,4.82184,1,0,7.4889,literature,0.40,2.89311,6.75058
18,19,18.5000,19.5000,1.0000,60.0000,0,0.831809,0.02725,4.99085,0.083181,ok,0.171263,,0.171263,4.99085,3.7908,0.172393,4.89925,1,0,7.5318,literature,0.40,2.93955,6.85896
19,19,19.5000,19.5000,1.0000,60.0000,0,0.844837,0.02725,5.06902,0.084484,ok,0.170331,,0.170331,5.06902,3.8115,0.171479,4.97307,1,0,7.5720,literature,0.40,2.98384,6.96230
20,19,20.5000,19.5000,1.0000,60.0000,0,0.857089,0.02725,5.14253,0.085709,ok,0.169480,,0.169480,5.14253,3.8306,0.170642,5.04268,1,0,7.6091,literature,0.40,3.02561,7.05975
21,19,21.5000,19.5000,1.0000,60.0000,0,0.868483,0.02725,5.21090,0.086848,ok,0.168711,,0.168711,5.21090,3.8481,0.169883,5.10746,1,0,7.6431,literature,0.40,3.06448,7.15045
22,19,22.5000,19.5000,1.0000,60.0000,0,0.878937,0.02725,5.27362,0.087894,ok,0.168022,,0.168022,5.27362,3.8639,0.169204,5.16685,1,0,7.6738,literature,0.40,3.10011,7.23360
23,19,23.5000,19.5000,1.0000,60.0000,0,0.888370,0.02725,5.33022,0.088837,ok,0.167415,,0.167415,5.33022,3.8779,0.168606,5.22029,1,0,7.7010,literature,0.40,3.13217,7.30841
24,19,24.5000,19.5000,1.0000,60.0000,0,0.896701,0.02725,5.38020,0.089670,ok,0.166889,,0.166889,5.38020,3.8901,0.168091,5.26725,1,0,7.7245,literature,0.40,3.16035,7.37415
25,19,25.5000,19.5000,1.0000,60.0000,0,0.903846,0.02725,5.42308,0.090385,ok,0.166446,,0.166446,5.42308,3.9005,0.167660,5.30724,1,0,7.7444,literature,0.40,3.18434,7.43013
26,19,26.5000,19.5000,1.0000,60.0000,0,0.909725,0.02725,5.45835,0.090973,ok,0.166086,,0.166086,5.45835,3.9089,0.167313,5.33981,1,0,7.7605,literature,0.40,3.20389,7.47574
27,19,27.5000,19.5000,1.0000,60.0000,0,0.914256,0.02725,5.48554,0.091426,ok,0.165813,,0.165813,5.48554,3.9154,0.167052,5.36460,1,0,7.7726,literature,0.40,3.21876,7.51044
28,19,28.5000,19.5000,1.0000,60.0000,0,0.917358,0.02725,5.50415,0.091736,ok,0.165627,,0.165627,5.50415,3.9197,0.166878,5.38130,1,0,7.7807,literature,0.40,3.22878,7.53381
29,19,29.5000,19.5000,1.0000,60.0000,0,0.918947,0.02725,5.51368,0.091895,ok,0.165532,,0.165532,5.51368,3.9220,0.166790,5.38970,1,0,7.7848,literature,0.40,3.23382,7.54558
30,19,30.5000,19.5000,1.0000,60.0000,0,0.918947,0.02725,5.51368,0.091895,ok,0.165532,,0.165532,5.51368,3.9220,0.166790,5.38970,1,0,7.7848,literature,0.40,3.23382,7.54558
31,19,31.5000,19.5000,1.0000,60.0000,0,0.917358,0.02725,5.50415,0.091736,ok,0.165627,,0.165627,5.50415,3.9197,0.166878,5.38130,1,0,7.7807,literature,0.40,3.22878,7.53381
32,19,32.5000,19.5000,1.0000,60.0000,0,0.914256,0.02725,5.48554,0.091426,ok,0.165813,,0.165813,5.48554,3.9154,0.167052,5.36460,1,0,7.7726,literature,0.40,3.21876,7.51044
33,19,33.5000,19.5000,1.0000,60.0000,0,0.909725,0.02725,5.45835,0.090973,ok,0.166086,,0.166086,5.45835,3.9089,0.167313,5.33981,1,0,7.7605,literature,0.40,3.20389,7.47574
34,19,34.5000,19.5000,1.0000,60.0000,0,0.903846,0.02725,5.42308,0.090385,ok,0.166446,,0.166446,5.42308,3.9005,0.167660,5.30724,1,0,7.7444,literature,0.40,3.18434,7.43013
35,19,35.5000,19.5000,1.0000,60.0000,0,0.896701,0.02725,5.38020,0.089670,ok,0.166889,,0.166889,5.38020,3.8901,0.168091,5.26725,1,0,7.7245,literature,0.40,3.16035,7.37415
36,19,36.5000,19.5000,1.0000,60.0000,0,0.888370,0.02725,5.33022,0.088837,ok,0.167415,,0.167415,5.33022,3.8779,0.168606,5.22029,1,0,7.7010,literature,0.40,3.13217,7.30841
37,19,37.5000,19.5000,1.0000,60.0000,0,0.878937,0.02725,5.27362,0.087894,ok,0.168022,,0.168022,5.27362,3.8639,0.169204,5.16685,1,0,7.6738,literature,0.40,3.10011,7.23360
38,19,38.5000,19.5000,1.0000,60.0000,0,0.868483,0.02725,5.21090,0.086848,ok,0.168711,,0.168711,5.21090,3.8481,0.169883,5.10746,1,0,7.6431,literature,0.40,3.06448,7.15045
39,19,39.5000,19.5000,1.0000,60.0000,0,0.857089,0.02725,5.14253,0.085709,ok,0.169480,,0.169480,5.14253,3.8306,0.170642,5.04268,1,0,7.6091,literature,0.40,3.02561,7.05975
40,19,40.5000,19.5000,1.0000,60.0000,0,0.844837,0.02725,5.06902,0.084484,ok,0.170331,,0.170331,5.06902,3.8115,0.171479,4.97307,1,0,7.5720,literature,0.40,2.98384,6.96230
41,19,41.5000,19.5000,1.0000,60.0000,0,0.831809,0.02725,4.99085,0.083181,ok,0.171263,,0.171263,4.99085,3.7908,0.172393,4.89925,1,0,7.5318,literature,0.40,2.93955,6.85896
42,19,42.5000,19.5000,1.0000,60.0000,0,0.818086,0.02725,4.90852,0.081809,ok,0.172277,,0.172277,4.90852,3.7684,0.173381,4.82184,1,0,7.4889,literature,0.40,2.89311,6.75058
43,19,43.5000,19.5000,1.0000,60.0000,0,0.803751,0.02725,4.82250,0.080375,ok,0.173373,,0.173373,4.82250,3.7446,0.174441,4.74147,1,0,7.4434,literature,0.40,2.84488,6.63806
44,19,44.5000,19.5000,1.0000,60.0000,0,0.788884,0.02725,4.73331,0.078888,ok,0.174551,,0.174551,4.73331,3.7193,0.175570,4.65879,1,0,7.3955,literature,0.40,2.79527,6.52230
45,19,45.5000,19.5000,1.0000,60.0000,0,0.773569,0.02725,4.64141,0.077357,ok,0.175813,,0.175813,4.64141,3.6926,0.176765,4.57442,1,0,7.3455,literature,0.40,2.74465,6.40419
46,19,46.5000,19.5000,1.0000,60.0000,0,0.757885,0.02725,4.54731,0.075789,ok,0.177158,,0.177158,4.54731,3.6646,0.178011,4.48958,1,0,7.2941,literature,0.40,2.69375,6.28541
47,19,47.5000,19.5000,1.0000,60.0000,0,0.741916,0.02725,4.45149,0.074192,ok,0.178585,,0.178585,4.45149,3.6353,0.179323,4.40356,1,0,7.2407,literature,0.40,2.64214,6.16499
48,19,48.5000,19.5000,1.0000,60.0000,0,0.725742,0.02725,4.35445,0.072574,ok,0.180080,,0.180080,4.35445,3.6051,0.180688,4.30953,1,0,7.1861,literature,0.40,2.58572,6.03334
49,19,49.5000,19.5000,1.0000,60.0000,0,0.709446,0.02725,4.25668,0.070945,ok,0.181419,,0.181419,4.25668,3.5785,0.182084,4.20964,1,0,7.1309,literature,0.40,2.52579,5.89350
50,19,50.5000,19.5000,1.0000,60.0000,0,0.693109,0.02725,4.15865,0.069311,ok,0.182823,,0.182823,4.15865,3.5511,0.183509,4.11242,1,0,7.0756,literature,0.40,2.46745,5.75739
51,19,51.5000,19.5000,1.0000,60.0000,0,0.676813,0.02725,4.06088,0.067681,ok,0.184292,,0.184292,4.06088,3.5228,0.184946,4.01877,1,0,7.0206,literature,0.40,2.41126,5.62628
52,19,52.5000,19.5000,1.0000,60.0000,0,0.660639,0.02725,3.96383,0.066064,ok,0.185821,,0.185821,3.96383,3.4938,0.186377,3.92973,1,0,6.9667,literature,0.40,2.35784,5.50162
53,19,53.5000,19.5000,1.0000,60.0000,0,0.644670,0.02725,3.86802,0.064467,ok,0.187407,,0.187407,3.86802,3.4642,0.187775,3.84639,1,0,6.9148,literature,0.40,2.30784,5.38495
54,19,54.5000,19.5000,1.0000,60.0000,0,0.628986,0.02725,3.77392,0.062899,ok,0.189042,,0.189042,3.77392,3.4342,0.189115,3.76983,1,0,6.8658,literature,0.40,2.26190,5.27777
55,19,55.5000,19.5000,1.0000,60.0000,0,0.613670,0.02725,3.68202,0.061367,ok,0.190719,,0.190719,3.68202,3.4040,0.190368,3.70092,1,0,6.8206,literature,0.40,2.22055,5.18129
56,19,56.5000,19.5000,1.0000,60.0000,0,0.598804,0.02725,3.59282,0.059880,ok,0.192430,,0.192430,3.59282,3.3738,0.191511,3.64018,1,0,6.7799,literature,0.40,2.18411,5.09625
57,19,57.5000,19.5000,1.0000,60.0000,0,0.584469,0.02725,3.50681,0.058447,ok,0.194162,,0.194162,3.50681,3.3437,0.192531,3.58769,1,0,6.7440,literature,0.40,2.15261,5.02277
58,19,58.5000,19.5000,1.0000,60.0000,0,0.570746,0.02725,3.42448,0.057075,ok,0.195901,,0.195901,3.42448,3.3140,0.193426,3.54287,1,0,6.7128,literature,0.40,2.12572,4.96002
59,19,59.5000,19.5000,1.0000,60.0000,0,0.557718,0.02725,3.34631,0.055772,ok,0.197631,,0.197631,3.34631,3.2850,0.194188,3.50552,1,0,6.6864,literature,0.40,2.10331,4.90773
0,20,0.5000,20.5000,1.0000,60.0000,0,0.565806,0.02725,3.39484,0.056581,ok,0.196548,,0.196548,3.39484,3.3031,0.193143,3.55690,1,0,6.7226,literature,0.40,2.13414,4.97967
1,20,1.5000,20.5000,1.0000,60.0000,0,0.579023,0.02725,3.47414,0.057902,ok,0.194842,,0.194842,3.47414,3.3320,0.192392,3.59477,1,0,6.7489,literature,0.40,2.15686,5.03268
2,20,2.5000,20.5000,1.0000,60.0000,0,0.592945,0.02725,3.55767,0.059294,ok,0.193128,,0.193128,3.55767,3.3616,0.191511,3.64020,1,0,6.7799,literature,0.40,2.18412,5.09629
3,20,3.5000,20.5000,1.0000,60.0000,0,0.607488,0.02725,3.64493,0.060749,ok,0.191421,,0.191421,3.64493,3.3916,0.190507,3.69339,1,0,6.8156,literature,0.40,2.21603,5.17074
4,20,4.5000,20.5000,1.0000,60.0000,0,0.622570,0.02725,3.73542,0.062257,ok,0.189735,,0.189735,3.73542,3.4217,0.189381,3.75496,1,0,6.8562,literature,0.40,2.25298,5.25695
5,20,5.5000,20.5000,1.0000,60.0000,0,0.638108,0.02725,3.82865,0.063811,ok,0.188081,,0.188081,3.82865,3.4518,0.188146,3.82488,1,0,6.9012,literature,0.40,2.29493,5.35483
6,20,6.5000,20.5000,1.0000,60.0000,0,0.654019,0.02725,3.92411,0.065402,ok,0.186469,,0.186469,3.92411,3.4816,0.186824,3.90267,1,0,6.9500,literature,0.40,2.34160,5.46373
7,20,7.5000,20.5000,1.0000,60.0000,0,0.670220,0.02725,4.02132,0.067022,ok,0.184906,,0.184906,4.02132,3.5110,0.185442,3.98750,1,0,7.0018,literature,0.40,2.39250,5.58249
8,20,8.5000,20.5000,1.0000,60.0000,0,0.686628,0.02725,4.11977,0.068663,ok,0.183399,,0.183399,4.11977,3.5399,0.184025,4.07833,1,0,7.0557,literature,0.40,2.44700,5.70966
9,20,9.5000,20.5000,1.0000,60.0000,0,0.703160,0.02725,4.21896,0.070316,ok,0.181951,,0.181951,4.21896,3.5681,0.182598,4.17406,1,0,7.1109,literature,0.40,2.50443,5.84368
10,20,10.5000,20.5000,1.0000,60.0000,0,0.719734,0.02725,4.31841,0.071973,ok,0.180567,,0.180567,4.31841,3.5954,0.181182,4.27363,1,0,7.1664,literature,0.40,2.56418,5.98308
11,20,11.5000,20.5000,1.0000,60.0000,0,0.736267,0.02725,4.41760,0.073627,ok,0.179105,,0.179105,4.41760,3.6248,0.179793,4.37353,1,0,7.2218,literature,0.40,2.62412,6.12294
12,20,12.5000,20.5000,1.0000,60.0000,0,0.752675,0.02725,4.51605,0.075268,ok,0.177617,,0.177617,4.51605,3.6551,0.178435,4.46143,1,0,7.2768,literature,0.40,2.67686,6.24600
13,20,13.5000,20.5000,1.0000,60.0000,0,0.768876,0.02725,4.61326,0.076888,ok,0.176209,,0.176209,4.61326,3.6843,0.177137,4.54871,1,0,7.3301,literature,0.40,2.72922,6.36819
14,20,14.5000,20.5000,1.0000,60.0000,0,0.784787,0.02725,4.70872,0.078479,ok,0.174884,,0.174884,4.70872,3.7123,0.175888,4.63603,1,0,7.3821,literature,0.40,2.78162,6.49045
15,20,15.5000,20.5000,1.0000,60.0000,0,0.800325,0.02725,4.80195,0.080032,ok,0.173640,,0.173640,4.80195,3.7389,0.174701,4.72222,1,0,7.4323,literature,0.40,2.83333,6.61111
16,20,16.5000,20.5000,1.0000,60.0000,0,0.815407,0.02725,4.89244,0.081541,ok,0.172478,,0.172478,4.89244,3.7640,0.173579,4.80664,1,0,7.4803,literature,0.40,2.88398,6.72929
17,20,17.5000,20.5000,1.0000,60.0000,0,0.829950,0.02725,4.97970,0.082995,ok,0.171398,,0.171398,4.97970,3.7878,0.172527,4.88861,1,0,7.5260,literature,0.40,2.93317,6.84406
18,20,18.5000,20.5000,1.0000,60.0000,0,0.843872,0.02725,5.06323,0.084387,ok,0.170399,,0.170399,5.06323,3.8100,0.171547,4.96751,1,0,7.5690,literature,0.40,2.98050,6.95451
19,20,19.5000,20.5000,1.0000,60.0000,0,0.857089,0.02725,5.14253,0.085709,ok,0.169480,,0.169480,5.14253,3.8306,0.170642,5.04268,1,0,7.6091,literature,0.40,3.02561,7.05975
20,20,20.5000,20.5000,1.0000,60.0000,0,0.869518,0.02725,5.21711,0.086952,ok,0.168642,,0.168642,5.21711,3.8497,0.169813,5.11350,1,0,7.6462,literature,0.40,3.06810,7.15890
21,20,21.5000,20.5000,1.0000,60.0000,0,0.881078,0.02725,5.28647,0.088108,ok,0.167883,,0.167883,5.28647,3.8671,0.169063,5.17938,1,0,7.6802,literature,0.40,3.10763,7.25113
22,20,22.5000,20.5000,1.0000,60.0000,0,0.891684,0.02725,5.35010,0.089168,ok,0.167205,,0.167205,5.35010,3.8828,0.168392,5.23973,1,0,7.7108,literature,0.40,3.14384,7.33563
23,20,23.5000,20.5000,1.0000,60.0000,0,0.901254,0.02725,5.40752,0.090125,ok,0.166606,,0.166606,5.40752,3.8967,0.167802,5.29401,1,0,7.7379,literature,0.40,3.17641,7.41162
24,20,24.5000,20.5000,1.0000,60.0000,0,0.909705,0.02725,5.45823,0.090970,ok,0.166088,,0.166088,5.45823,3.9089,0.167293,5.34169,1,0,7.7614,literature,0.40,3.20501,7.47837
25,20,25.5000,20.5000,1.0000,60.0000,0,0.916954,0.02725,5.50172,0.091695,ok,0.165651,,0.165651,5.50172,3.9192,0.166867,5.38228,1,0,7.7812,literature,0.40,3.22937,7.53519
26,20,26.5000,20.5000,1.0000,60.0000,0,0.922918,0.02725,5.53751,0.092292,ok,0.165297,,0.165297,5.53751,3.9276,0.166525,5.41534,1,0,7.7972,literature,0.40,3.24920,7.58147
27,20,27.5000,20.5000,1.0000,60.0000,0,0.927515,0.02725,5.56509,0.092752,ok,0.165027,,0.165027,5.56509,3.9340,0.166268,5.44049,1,0,7.8093,literature,0.40,3.26429,7.61668
28,20,28.5000,20.5000,1.0000,60.0000,0,0.930661,0.02725,5.58397,0.093066,ok,0.164843,,0.164843,5.58397,3.9384,0.166096,5.45743,1,0,7.8174,literature,0.40,3.27446,7.64040
29,20,29.5000,20.5000,1.0000,60.0000,0,0.932274,0.02725,5.59364,0.093227,ok,0.164750,,0.164750,5.59364,3.9406,0.166010,5.46595,1,0,7.8214,literature,0.40,3.27957,7.65233
30,20,30.5000,20.5000,1.0000,60.0000,0,0.932274,0.02725,5.59364,0.093227,ok,0.164750,,0.164750,5.59364,3.9406,0.166010,5.46595,1,0,7.8214,literature,0.40,3.27957,7.65233
31,20,31.5000,20.5000,1.0000,60.0000,0,0.930661,0.02725,5.58397,0.093066,ok,0.164843,,0.164843,5.58397,3.9384,0.166096,5.45743,1,0,7.8174,literature,0.40,3.27446,7.64040
32,20,32.5000,20.5000,1.0000,60.0000,0,0.927515,0.02725,5.56509,0.092752,ok,0.165027,,0.165027,5.56509,3.9340,0.166268,5.44049,1,0,7.8093,literature,0.40,3.26429,7.61668
33,20,33.5000,20.5000,1.0000,60.0000,0,0.922918,0.02725,5.53751,0.092292,ok,0.165297,,0.165297,5.53751,3.9276,0.166525,5.41534,1,0,7.7972,literature,0.40,3.24920,7.58147
34,20,34.5000,20.5000,1.0000,60.0000,0,0.916954,0.02725,5.50172,0.091695,ok,0.165651,,0.165651,5.50172,3.9192,0.166867,5.38228,1,0,7.7812,literature,0.40,3.22937,7.53519
35,20,35.5000,20.5000,1.0000,60.0000,0,0.909705,0.02725,5.45823,0.090970,ok,0.166088,,0.166088,5.45823,3.9089,0.167293,5.34169,1,0,7.7614,literature,0.40,3.20501,7.47837
36,20,36.5000,20.5000,1.0000,60.0000,0,0.901254,0.02725,5.40752,0.090125,ok,0.166606,,0.166606,5.40752,3.8967,0.167802,5.29401,1,0,7.7379,literature,0.40,3.17641,7.41162
37,20,37.5000,20.5000,1.0000,60.0000,0,0.891684,0.02725,5.35010,0.089168,ok,0.167205,,0.167205,5.35010,3.8828,0.168392,5.23973,1,0,7.7108,literature,0.40,3.14384,7.33563
38,20,38.5000,20.5000,1.0000,60.0000,0,0.881078,0.02725,5.28647,0.088108,ok,0.167883,,0.167883,5.28647,3.8671,0.169063,5.17938,1,0,7.6802,literature,0.40,3.10763,7.25113
39,20,39.5000,20.5000,1.0000,60.0000,0,0.869518,0.02725,5.21711,0.086952,ok,0.168642,,0.168642,5.21711,3.8497,0.169813,5.11350,1,0,7.6462,literature,0.40,3.06810,7.15890
40,20,40.5000,20.5000,1.0000,60.0000,0,0.857089,0.02725,5.14253,0.085709,ok,0.169480,,0.169480,5.14253,3.8306,0.170642,5.04268,1,0,7.6091,literature,0.40,3.02561,7.05975
41,20,41.5000,20.5000,1.0000,60.0000,0,0.843872,0.02725,5.06323,0.084387,ok,0.170399,,0.170399,5.06323,3.8100,0.171547,4.96751,1,0,7.5690,literature,0.40,2.98050,6.95451
42,20,42.5000,20.5000,1.0000,60.0000,0,0.829950,0.02725,4.97970,0.082995,ok,0.171398,,0.171398,4.97970,3.7878,0.172527,4.88861,1,0,7.5260,literature,0.40,2.93317,6.84406
43,20,43.5000,20.5000,1.0000,60.0000,0,0.815407,0.02725,4.89244,0.081541,ok,0.172478,,0.172478,4.89244,3.7640,0.173579,4.80664,1,0,7.4803,literature,0.40,2.88398,6.72929
44,20,44.5000,20.5000,1.0000,60.0000,0,0.800325,0.02725,4.80195,0.080032,ok,0.173640,,0.173640,4.80195,3.7389,0.174701,4.72222,1,0,7.4323,literature,0.40,2.83333,6.61111
45,20,45.5000,20.5000,1.0000,60.0000,0,0.784787,0.02725,4.70872,0.078479,ok,0.174884,,0.174884,4.70872,3.7123,0.175888,4.63603,1,0,7.3821,literature,0.40,2.78162,6.49045
46,20,46.5000,20.5000,1.0000,60.0000,0,0.768876,0.02725,4.61326,0.076888,ok,0.176209,,0.176209,4.61326,3.6843,0.177137,4.54871,1,0,7.3301,literature,0.40,2.72922,6.36819
47,20,47.5000,20.5000,1.0000,60.0000,0,0.752675,0.02725,4.51605,0.075268,ok,0.177617,,0.177617,4.51605,3.6551,0.178435,4.46143,1,0,7.2768,literature,0.40,2.67686,6.24600
48,20,48.5000,20.5000,1.0000,60.0000,0,0.736267,0.02725,4.41760,0.073627,ok,0.179105,,0.179105,4.41760,3.6248,0.179793,4.37353,1,0,7.2218,literature,0.40,2.62412,6.12294
49,20,49.5000,20.5000,1.0000,60.0000,0,0.719734,0.02725,4.31841,0.071973,ok,0.180567,,0.180567,4.31841,3.5954,0.181182,4.27363,1,0,7.1664,literature,0.40,2.56418,5.98308
50,20,50.5000,20.5000,1.0000,60.0000,0,0.703160,0.02725,4.21896,0.070316,ok,0.181951,,0.181951,4.21896,3.5681,0.182598,4.17406,1,0,7.1109,literature,0.40,2.50443,5.84368
51,20,51.5000,20.5000,1.0000,60.0000,0,0.686628,0.02725,4.11977,0.068663,ok,0.183399,,0.183399,4.11977,3.5399,0.184025,4.07833,1,0,7.0557,literature,0.40,2.44700,5.70966
52,20,52.5000,20.5000,1.0000,60.0000,0,0.670220,0.02725,4.02132,0.067022,ok,0.184906,,0.184906,4.02132,3.5110,0.185442,3.98750,1,0,7.0018,literature,0.40,2.39250,5.58249
53,20,53.5000,20.5000,1.0000,60.0000,0,0.654019,0.02725,3.92411,0.065402,ok,0.186469,,0.186469,3.92411,3.4816,0.186824,3.90267,1,0,6.9500,literature,0.40,2.34160,5.46373
54,20,54.5000,20.5000,1.0000,60.0000,0,0.638108,0.02725,3.82865,0.063811,ok,0.188081,,0.188081,3.82865,3.4518,0.188146,3.82488,1,0,6.9012,literature,0.40,2.29493,5.35483
55,20,55.5000,20.5000,1.0000,60.0000,0,0.622570,0.02725,3.73542,0.062257,ok,0.189735,,0.189735,3.73542,3.4217,0.189381,3.75496,1,0,6.8562,literature,0.40,2.25298,5.25695
56,20,56.5000,20.5000,1.0000,60.0000,0,0.607488,0.02725,3.64493,0.060749,ok,0.191421,,0.191421,3.64493,3.3916,0.190507,3.69339,1,0,6.8156,literature,0.40,2.21603,5.17074
57,20,57.5000,20.5000,1.0000,60.0000,0,0.592945,0.02725,3.55767,0.059294,ok,0.193128,,0.193128,3.55767,3.3616,0.191511,3.64020,1,0,6.7799,literature,0.40,2.18412,5.09629
58,20,58.5000,20.5000,1.0000,60.0000,0,0.579023,0.02725,3.47414,0.057902,ok,0.194842,,0.194842,3.47414,3.3320,0.192392,3.59477,1,0,6.7489,literature,0.40,2.15686,5.03268
59,20,59.5000,20.5000,1.0000,60.0000,0,0.565806,0.02725,3.39484,0.056581,ok,0.196548,,0.196548,3.39484,3.3031,0.193143,3.55690,1,0,6.7226,literature,0.40,2.13414,4.97967
0,21,0.5000,21.5000,1.0000,60.0000,0,0.573328,0.02725,3.43997,0.057333,ok,0.195567,,0.195567,3.43997,3.3196,0.192199,3.60463,1,0,6.7557,literature,0.40,2.16278,5.04648
1,21,1.5000,21.5000,1.0000,60.0000,0,0.586721,0.02725,3.52032,0.058672,ok,0.193884,,0.193884,3.52032,3.3485,0.191452,3.64327,1,0,6.7820,literature,0.40,2.18596,5.10058
2,21,2.5000,21.5000,1.0000,60.0000,0,0.600827,0.02725,3.60496,0.060083,ok,0.192192,,0.192192,3.60496,3.3779,0.190589,3.68900,1,0,6.8127,literature,0.40,2.21340,5.16459
3,21,3.5000,21.5000,1.0000,60.0000,0,0.615564,0.02725,3.69338,0.061556,ok,0.190508,,0.190508,3.69338,3.4078,0.189600,3.74285,1,0,6.8483,literature,0.40,2.24571,5.23999
4,21,4.5000,21.5000,1.0000,60.0000,0,0.630846,0.02725,3.78508,0.063085,ok,0.188844,,0.188844,3.78508,3.4378,0.188489,3.80523,1,0,6.8886,literature,0.40,2.28314,5.32732
5,21,5.5000,21.5000,1.0000,60.0000,0,0.646591,0.02725,3.87955,0.064659,ok,0.187212,,0.187212,3.87955,3.4678,0.187269,3.87613,1,0,6.9335,literature,0.40,2.32568,5.42658
6,21,6.5000,21.5000,1.0000,60.0000,0,0.662713,0.02725,3.97628,0.066271,ok,0.185621,,0.185621,3.97628,3.4975,0.185962,3.95512,1,0,6.9822,literature,0.40,2.37307,5.53717
7,21,7.5000,21.5000,1.0000,60.0000,0,0.679130,0.02725,4.07478,0.067913,ok,0.184079,,0.184079,4.07478,3.5268,0.184593,4.04143,1,0,7.0340,literature,0.40,2.42486,5.65800
8,21,8.5000,21.5000,1.0000,60.0000,0,0.695756,0.02725,4.17454,0.069576,ok,0.182591,,0.182591,4.17454,3.5556,0.183187,4.13401,1,0,7.0880,literature,0.40,2.48041,5.78762
9,21,9.5000,21.5000,1.0000,60.0000,0,0.712508,0.02725,4.27505,0.071251,ok,0.181162,,0.181162,4.27505,3.5836,0.181769,4.23178,1,0,7.1433,literature,0.40,2.53907,5.92449
10,21,10.5000,21.5000,1.0000,60.0000,0,0.729302,0.02725,4.37581,0.072930,ok,0.179757,,0.179757,4.37581,3.6116,0.180360,4.33362,1,0,7.1991,literature,0.40,2.60017,6.06707
11,21,11.5000,21.5000,1.0000,60.0000,0,0.746055,0.02725,4.47633,0.074605,ok,0.178210,,0.178210,4.47633,3.6430,0.178978,4.42583,1,0,7.2547,literature,0.40,2.65550,6.19616
12,21,12.5000,21.5000,1.0000,60.0000,0,0.762681,0.02725,4.57609,0.076268,ok,0.176741,,0.176741,4.57609,3.6733,0.177634,4.51490,1,0,7.3096,literature,0.40,2.70894,6.32086
13,21,13.5000,21.5000,1.0000,60.0000,0,0.779097,0.02725,4.67458,0.077910,ok,0.175352,,0.175352,4.67458,3.7024,0.176333,4.60454,1,0,7.3635,literature,0.40,2.76272,6.44635
14,21,14.5000,21.5000,1.0000,60.0000,0,0.795220,0.02725,4.77132,0.079522,ok,0.174043,,0.174043,4.77132,3.7302,0.175090,4.69361,1,0,7.4158,literature,0.40,2.81616,6.57105
15,21,15.5000,21.5000,1.0000,60.0000,0,0.810964,0.02725,4.86579,0.081096,ok,0.172816,,0.172816,4.86579,3.7567,0.173909,4.78146,1,0,7.4661,literature,0.40,2.86888,6.69405
16,21,16.5000,21.5000,1.0000,60.0000,0,0.826247,0.02725,4.95748,0.082625,ok,0.171670,,0.171670,4.95748,3.7818,0.172795,4.86744,1,0,7.5143,literature,0.40,2.92046,6.81441
17,21,17.5000,21.5000,1.0000,60.0000,0,0.840983,0.02725,5.04590,0.084098,ok,0.170603,,0.170603,5.04590,3.8054,0.171751,4.95087,1,0,7.5600,literature,0.40,2.97052,6.93121
18,21,18.5000,21.5000,1.0000,60.0000,0,0.855090,0.02725,5.13054,0.085509,ok,0.169617,,0.169617,5.13054,3.8275,0.170779,5.03109,1,0,7.6030,literature,0.40,3.01865,7.04352
19,21,19.5000,21.5000,1.0000,60.0000,0,0.868483,0.02725,5.21090,0.086848,ok,0.168711,,0.168711,5.21090,3.8481,0.169883,5.10746,1,0,7.6431,literature,0.40,3.06448,7.15045
20,21,20.5000,21.5000,1.0000,60.0000,0,0.881078,0.02725,5.28647,0.088108,ok,0.167883,,0.167883,5.28647,3.8671,0.169063,5.17938,1,0,7.6802,literature,0.40,3.10763,7.25113
21,21,21.5000,21.5000,1.0000,60.0000,0,0.892791,0.02725,5.35674,0.089279,ok,0.167135,,0.167135,5.35674,3.8844,0.168321,5.24623,1,0,7.7140,literature,0.40,3.14774,7.34473
22,21,22.5000,21.5000,1.0000,60.0000,0,0.903538,0.02725,5.42123,0.090354,ok,0.166465,,0.166465,5.42123,3.9000,0.167658,5.30745,1,0,7.7445,literature,0.40,3.18447,7.43044
23,21,23.5000,21.5000,1.0000,60.0000,0,0.913235,0.02725,5.47941,0.091323,ok,0.165874,,0.165874,5.47941,3.9139,0.167074,5.36249,1,0,7.7716,literature,0.40,3.21750,7.50749
24,21,24.5000,21.5000,1.0000,60.0000,0,0.921798,0.02725,5.53079,0.092180,ok,0.165363,,0.165363,5.53079,3.9260,0.166572,5.41082,1,0,7.7950,literature,0.40,3.24649,7.57515
25,21,25.5000,21.5000,1.0000,60.0000,0,0.929144,0.02725,5.57486,0.092914,ok,0.164932,,0.164932,5.57486,3.9363,0.166151,5.45195,1,0,7.8147,literature,0.40,3.27117,7.63273
26,21,26.5000,21.5000,1.0000,60.0000,0,0.935187,0.02725,5.61112,0.093519,ok,0.164582,,0.164582,5.61112,3.9446,0.165813,5.48545,1,0,7.8307,literature,0.40,3.29127,7.67963
27,21,27.5000,21.5000,1.0000,60.0000,0,0.939845,0.02725,5.63907,0.093985,ok,0.164315,,0.164315,5.63907,3.9510,0.165559,5.51092,1,0,7.8427,literature,0.40,3.30655,7.71529
28,21,28.5000,21.5000,1.0000,60.0000,0,0.943033,0.02725,5.65820,0.094303,ok,0.164135,,0.164135,5.65820,3.9554,0.165389,5.52808,1,0,7.8507,literature,0.40,3.31685,7.73932
29,21,29.5000,21.5000,1.0000,60.0000,0,0.944668,0.02725,5.66801,0.094467,ok,0.164042,,0.164042,5.66801,3.9576,0.165304,5.53672,1,0,7.8548,literature,0.40,3.32203,7.75140
30,21,30.5000,21.5000,1.0000,60.0000,0,0.944668,0.02725,5.66801,0.094467,ok,0.164042,,0.164042,5.66801,3.9576,0.165304,5.53672,1,0,7.8548,literature,0.40,3.32203,7.75140
31,21,31.5000,21.5000,1.0000,60.0000,0,0.943033,0.02725,5.65820,0.094303,ok,0.164135,,0.164135,5.65820,3.9554,0.165389,5.52808,1,0,7.8507,literature,0.40,3.31685,7.73932
32,21,32.5000,21.5000,1.0000,60.0000,0,0.939845,0.02725,5.63907,0.093985,ok,0.164315,,0.164315,5.63907,3.9510,0.165559,5.51092,1,0,7.8427,literature,0.40,3.30655,7.71529
33,21,33.5000,21.5000,1.0000,60.0000,0,0.935187,0.02725,5.61112,0.093519,ok,0.164582,,0.164582,5.61112,3.9446,0.165813,5.48545,1,0,7.8307,literature,0.40,3.29127,7.67963
34,21,34.5000,21.5000,1.0000,60.0000,0,0.929144,0.02725,5.57486,0.092914,ok,0.164932,,0.164932,5.57486,3.9363,0.166151,5.45195,1,0,7.8147,literature,0.40,3.27117,7.63273
35,21,35.5000,21.5000,1.0000,60.0000,0,0.921798,0.02725,5.53079,0.092180,ok,0.165363,,0.165363,5.53079,3.9260,0.166572,5.41082,1,0,7.7950,literature,0.40,3.24649,7.57515
36,21,36.5000,21.5000,1.0000,60.0000,0,0.913235,0.02725,5.47941,0.091323,ok,0.165874,,0.165874,5.47941,3.9139,0.167074,5.36249,1,0,7.7716,literature,0.40,3.21750,7.50749
37,21,37.5000,21.5000,1.0000,60.0000,0,0.903538,0.02725,5.42123,0.090354,ok,0.166465,,0.166465,5.42123,3.9000,0.167658,5.30745,1,0,7.7445,literature,0.40,3.18447,7.43044
38,21,38.5000,21.5000,1.0000,60.0000,0,0.892791,0.02725,5.35674,0.089279,ok,0.167135,,0.167135,5.35674,3.8844,0.168321,5.24623,1,0,7.7140,literature,0.40,3.14774,7.34473
39,21,39.5000,21.5000,1.0000,60.0000,0,0.881078,0.02725,5.28647,0.088108,ok,0.167883,,0.167883,5.28647,3.8671,0.169063,5.17938,1,0,7.6802,literature,0.40,3.10763,7.25113
40,21,40.5000,21.5000,1.0000,60.0000,0,0.868483,0.02725,5.21090,0.086848,ok,0.168711,,0.168711,5.21090,3.8481,0.169883,5.10746,1,0,7.6431,literature,0.40,3.06448,7.15045
41,21,41.5000,21.5000,1.0000,60.0000,0,0.855090,0.02725,5.13054,0.085509,ok,0.169617,,0.169617,5.13054,3.8275,0.170779,5.03109,1,0,7.6030,literature,0.40,3.01865,7.04352
42,21,42.5000,21.5000,1.0000,60.0000,0,0.840983,0.02725,5.04590,0.084098,ok,0.170603,,0.170603,5.04590,3.8054,0.171751,4.95087,1,0,7.5600,literature,0.40,2.97052,6.93121
43,21,43.5000,21.5000,1.0000,60.0000,0,0.826247,0.02725,4.95748,0.082625,ok,0.171670,,0.171670,4.95748,3.7818,0.172795,4.86744,1,0,7.5143,literature,0.40,2.92046,6.81441
44,21,44.5000,21.5000,1.0000,60.0000,0,0.810964,0.02725,4.86579,0.081096,ok,0.172816,,0.172816,4.86579,3.7567,0.173909,4.78146,1,0,7.4661,literature,0.40,2.86888,6.69405
45,21,45.5000,21.5000,1.0000,60.0000,0,0.795220,0.02725,4.77132,0.079522,ok,0.174043,,0.174043,4.77132,3.7302,0.175090,4.69361,1,0,7.4158,literature,0.40,2.81616,6.57105
46,21,46.5000,21.5000,1.0000,60.0000,0,0.779097,0.02725,4.67458,0.077910,ok,0.175352,,0.175352,4.67458,3.7024,0.176333,4.60454,1,0,7.3635,literature,0.40,2.76272,6.44635
47,21,47.5000,21.5000,1.0000,60.0000,0,0.762681,0.02725,4.57609,0.076268,ok,0.176741,,0.176741,4.57609,3.6733,0.177634,4.51490,1,0,7.3096,literature,0.40,2.70894,6.32086
48,21,48.5000,21.5000,1.0000,60.0000,0,0.746055,0.02725,4.47633,0.074605,ok,0.178210,,0.178210,4.47633,3.6430,0.178978,4.42583,1,0,7.2547,literature,0.40,2.65550,6.19616
49,21,49.5000,21.5000,1.0000,60.0000,0,0.729302,0.02725,4.37581,0.072930,ok,0.179757,,0.179757,4.37581,3.6116,0.180360,4.33362,1,0,7.1991,literature,0.40,2.60017,6.06707
50,21,50.5000,21.5000,1.0000,60.0000,0,0.712508,0.02725,4.27505,0.071251,ok,0.181162,,0.181162,4.27505,3.5836,0.181769,4.23178,1,0,7.1433,literature,0.40,2.53907,5.92449
51,21,51.5000,21.5000,1.0000,60.0000,0,0.695756,0.02725,4.17454,0.069576,ok,0.182591,,0.182591,4.17454,3.5556,0.183187,4.13401,1,0,7.0880,literature,0.40,2.48041,5.78762
52,21,52.5000,21.5000,1.0000,60.0000,0,0.679130,0.02725,4.07478,0.067913,ok,0.184079,,0.184079,4.07478,3.5268,0.184593,4.04143,1,0,7.0340,literature,0.40,2.42486,5.65800
53,21,53.5000,21.5000,1.0000,60.0000,0,0.662713,0.02725,3.97628,0.066271,ok,0.185621,,0.185621,3.97628,3.4975,0.185962,3.95512,1,0,6.9822,literature,0.40,2.37307,5.53717
54,21,54.5000,21.5000,1.0000,60.0000,0,0.646591,0.02725,3.87955,0.064659,ok,0.187212,,0.187212,3.87955,3.4678,0.187269,3.87613,1,0,6.9335,literature,0.40,2.32568,5.42658
55,21,55.5000,21.5000,1.0000,60.0000,0,0.630846,0.02725,3.78508,0.063085,ok,0.188844,,0.188844,3.78508,3.4378,0.188489,3.80523,1,0,6.8886,literature,0.40,2.28314,5.32732
56,21,56.5000,21.5000,1.0000,60.0000,0,0.615564,0.02725,3.69338,0.061556,ok,0.190508,,0.190508,3.69338,3.4078,0.189600,3.74285,1,0,6.8483,literature,0.40,2.24571,5.23999
57,21,57.5000,21.5000,1.0000,60.0000,0,0.600827,0.02725,3.60496,0.060083,ok,0.192192,,0.192192,3.60496,3.3779,0.190589,3.68900,1,0,6.8127,literature,0.40,2.21340,5.16459
58,21,58.5000,21.5000,1.0000,60.0000,0,0.586721,0.02725,3.52032,0.058672,ok,0.193884,,0.193884,3.52032,3.3485,0.191452,3.64327,1,0,6.7820,literature,0.40,2.18596,5.10058
59,21,59.5000,21.5000,1.0000,60.0000,0,0.573328,0.02725,3.43997,0.057333,ok,0.195567,,0.195567,3.43997,3.3196,0.192199,3.60463,1,0,6.7557,literature,0.40,2.16278,5.04648
0,22,0.5000,22.5000,1.0000,60.0000,0,0.580229,0.02725,3.48138,0.058023,ok,0.194690,,0.194690,3.48138,3.3346,0.191349,3.64867,1,0,6.7857,literature,0.40,2.18920,5.10814
1,22,1.5000,22.5000,1.0000,60.0000,0,0.593783,0.02725,3.56270,0.059378,ok,0.193027,,0.193027,3.56270,3.3633,0.190618,3.68743,1,0,6.8117,literature,0.40,2.21246,5.16241
2,22,2.5000,22.5000,1.0000,60.0000,0,0.608060,0.02725,3.64836,0.060806,ok,0.191355,,0.191355,3.64836,3.3927,0.189766,3.73369,1,0,6.8423,literature,0.40,2.24022,5.22717
3,22,3.5000,22.5000,1.0000,60.0000,0,0.622974,0.02725,3.73784,0.062297,ok,0.189691,,0.189691,3.73784,3.4225,0.188789,3.78818,1,0,6.8777,literature,0.40,2.27291,5.30345
4,22,4.5000,22.5000,1.0000,60.0000,0,0.638440,0.02725,3.83064,0.063844,ok,0.188046,,0.188046,3.83064,3.4524,0.187691,3.85132,1,0,6.9179,literature,0.40,2.31079,5.39185
5,22,5.5000,22.5000,1.0000,60.0000,0,0.654374,0.02725,3.92625,0.065437,ok,0.186434,,0.186434,3.92625,3.4823,0.186485,3.92317,1,0,6.9627,literature,0.40,2.35390,5.49244
6,22,6.5000,22.5000,1.0000,60.0000,0,0.670691,0.02725,4.02414,0.067069,ok,0.184862,,0.184862,4.02414,3.5119,0.185190,4.00334,1,0,7.0113,literature,0.40,2.40200,5.60467
7,22,7.5000,22.5000,1.0000,60.0000,0,0.687305,0.02725,4.12383,0.068730,ok,0.183338,,0.183338,4.12383,3.5411,0.183831,4.09107,1,0,7.0632,literature,0.40,2.45464,5.72749
8,22,8.5000,22.5000,1.0000,60.0000,0,0.704131,0.02725,4.22479,0.070413,ok,0.181868,,0.181868,4.22479,3.5697,0.182434,4.18535,1,0,7.1173,literature,0.40,2.51121,5.85949
9,22,9.5000,22.5000,1.0000,60.0000,0,0.721085,0.02725,4.32651,0.072109,ok,0.180457,,0.180457,4.32651,3.5976,0.181024,4.28507,1,0,7.1727,literature,0.40,2.57104,5.99910
10,22,10.5000,22.5000,1.0000,60.0000,0,0.738082,0.02725,4.42849,0.073808,ok,0.178937,,0.178937,4.42849,3.6282,0.179622,4.38445,1,0,7.2287,literature,0.40,2.63067,6.13823
11,22,11.5000,22.5000,1.0000,60.0000,0,0.755036,0.02725,4.53021,0.075504,ok,0.177408,,0.177408,4.53021,3.6594,0.178245,4.47398,1,0,7.2845,literature,0.40,2.68439,6.26358
12,22,12.5000,22.5000,1.0000,60.0000,0,0.771862,0.02725,4.63117,0.077186,ok,0.175957,,0.175957,4.63117,3.6896,0.176906,4.56467,1,0,7.3397,literature,0.40,2.73880,6.39053
13,22,13.5000,22.5000,1.0000,60.0000,0,0.788476,0.02725,4.73086,0.078848,ok,0.174584,,0.174584,4.73086,3.7186,0.175610,4.65594,1,0,7.3938,literature,0.40,2.79356,6.51831
14,22,14.5000,22.5000,1.0000,60.0000,0,0.804792,0.02725,4.82875,0.080479,ok,0.173292,,0.173292,4.82875,3.7464,0.174373,4.74658,1,0,7.4463,literature,0.40,2.84795,6.64522
15,22,15.5000,22.5000,1.0000,60.0000,0,0.820726,0.02725,4.92436,0.082073,ok,0.172079,,0.172079,4.92436,3.7728,0.173199,4.83593,1,0,7.4968,literature,0.40,2.90156,6.77031
16,22,16.5000,22.5000,1.0000,60.0000,0,0.836193,0.02725,5.01716,0.083619,ok,0.170946,,0.170946,5.01716,3.7978,0.172092,4.92330,1,0,7.5450,literature,0.40,2.95398,6.89262
17,22,17.5000,22.5000,1.0000,60.0000,0,0.851107,0.02725,5.10664,0.085111,ok,0.169892,,0.169892,5.10664,3.8213,0.171056,5.00801,1,0,7.5907,literature,0.40,3.00481,7.01122
18,22,18.5000,22.5000,1.0000,60.0000,0,0.865383,0.02725,5.19230,0.086538,ok,0.168918,,0.168918,5.19230,3.8434,0.170092,5.08941,1,0,7.6337,literature,0.40,3.05365,7.12517
19,22,19.5000,22.5000,1.0000,60.0000,0,0.878937,0.02725,5.27362,0.087894,ok,0.168022,,0.168022,5.27362,3.8639,0.169204,5.16685,1,0,7.6738,literature,0.40,3.10011,7.23360
20,22,20.5000,22.5000,1.0000,60.0000,0,0.891684,0.02725,5.35010,0.089168,ok,0.167205,,0.167205,5.35010,3.8828,0.168392,5.23973,1,0,7.7108,literature,0.40,3.14384,7.33563
21,22,21.5000,22.5000,1.0000,60.0000,0,0.903538,0.02725,5.42123,0.090354,ok,0.166465,,0.166465,5.42123,3.9000,0.167658,5.30745,1,0,7.7445,literature,0.40,3.18447,7.43044
22,22,22.5000,22.5000,1.0000,60.0000,0,0.914414,0.02725,5.48648,0.091441,ok,0.165803,,0.165803,5.48648,3.9156,0.167001,5.36945,1,0,7.7750,literature,0.40,3.22167,7.51723
23,22,23.5000,22.5000,1.0000,60.0000,0,0.924228,0.02725,5.54537,0.092423,ok,0.165219,,0.165219,5.54537,3.9294,0.166425,5.42516,1,0,7.8019,literature,0.40,3.25510,7.59522
24,22,24.5000,22.5000,1.0000,60.0000,0,0.932894,0.02725,5.59737,0.093289,ok,0.164714,,0.164714,5.59737,3.9415,0.165928,5.47407,1,0,7.8253,literature,0.40,3.28444,7.66370
25,22,25.5000,22.5000,1.0000,60.0000,0,0.940328,0.02725,5.64197,0.094033,ok,0.164288,,0.164288,5.64197,3.9517,0.165512,5.51569,1,0,7.8449,literature,0.40,3.30941,7.72196
26,22,26.5000,22.5000,1.0000,60.0000,0,0.946445,0.02725,5.67867,0.094644,ok,0.163942,,0.163942,5.67867,3.9600,0.165178,5.54957,1,0,7.8608,literature,0.40,3.32974,7.76940
27,22,27.5000,22.5000,1.0000,60.0000,0,0.951159,0.02725,5.70695,0.095116,ok,0.163679,,0.163679,5.70695,3.9664,0.164927,5.57535,1,0,7.8728,literature,0.40,3.34521,7.80549
28,22,28.5000,22.5000,1.0000,60.0000,0,0.954385,0.02725,5.72631,0.095439,ok,0.163501,,0.163501,5.72631,3.9707,0.164759,5.59270,1,0,7.8808,literature,0.40,3.35562,7.82979
29,22,29.5000,22.5000,1.0000,60.0000,0,0.956039,0.02725,5.73624,0.095604,ok,0.163409,,0.163409,5.73624,3.9729,0.164675,5.60143,1,0,7.8848,literature,0.40,3.36086,7.84201
30,22,30.5000,22.5000,1.0000,60.0000,0,0.956039,0.02725,5.73624,0.095604,ok,0.163409,,0.163409,5.73624,3.9729,0.164675,5.60143,1,0,7.8848,literature,0.40,3.36086,7.84201
31,22,31.5000,22.5000,1.0000,60.0000,0,0.954385,0.02725,5.72631,0.095439,ok,0.163501,,0.163501,5.72631,3.9707,0.164759,5.59270,1,0,7.8808,literature,0.40,3.35562,7.82979
32,22,32.5000,22.5000,1.0000,60.0000,0,0.951159,0.02725,5.70695,0.095116,ok,0.163679,,0.163679,5.70695,3.9664,0.164927,5.57535,1,0,7.8728,literature,0.40,3.34521,7.80549
33,22,33.5000,22.5000,1.0000,60.0000,0,0.946445,0.02725,5.67867,0.094644,ok,0.163942,,0.163942,5.67867,3.9600,0.165178,5.54957,1,0,7.8608,literature,0.40,3.32974,7.76940
34,22,34.5000,22.5000,1.0000,60.0000,0,0.940328,0.02725,5.64197,0.094033,ok,0.164288,,0.164288,5.64197,3.9517,0.165512,5.51569,1,0,7.8449,literature,0.40,3.30941,7.72196
35,22,35.5000,22.5000,1.0000,60.0000,0,0.932894,0.02725,5.59737,0.093289,ok,0.164714,,0.164714,5.59737,3.9415,0.165928,5.47407,1,0,7.8253,literature,0.40,3.28444,7.66370
36,22,36.5000,22.5000,1.0000,60.0000,0,0.924228,0.02725,5.54537,0.092423,ok,0.165219,,0.165219,5.54537,3.9294,0.166425,5.42516,1,0,7.8019,literature,0.40,3.25510,7.59522
37,22,37.5000,22.5000,1.0000,60.0000,0,0.914414,0.02725,5.48648,0.091441,ok,0.165803,,0.165803,5.48648,3.9156,0.167001,5.36945,1,0,7.7750,literature,0.40,3.22167,7.51723
38,22,38.5000,22.5000,1.0000,60.0000,0,0.903538,0.02725,5.42123,0.090354,ok,0.166465,,0.166465,5.42123,3.9000,0.167658,5.30745,1,0,7.7445,literature,0.40,3.18447,7.43044
39,22,39.5000,22.5000,1.0000,60.0000,0,0.891684,0.02725,5.35010,0.089168,ok,0.167205,,0.167205,5.35010,3.8828,0.168392,5.23973,1,0,7.7108,literature,0.40,3.14384,7.33563
40,22,40.5000,22.5000,1.0000,60.0000,0,0.878937,0.02725,5.27362,0.087894,ok,0.168022,,0.168022,5.27362,3.8639,0.169204,5.16685,1,0,7.6738,literature,0.40,3.10011,7.23360
41,22,41.5000,22.5000,1.0000,60.0000,0,0.865383,0.02725,5.19230,0.086538,ok,0.168918,,0.168918,5.19230,3.8434,0.170092,5.08941,1,0,7.6337,literature,0.40,3.05365,7.12517
42,22,42.5000,22.5000,1.0000,60.0000,0,0.851107,0.02725,5.10664,0.085111,ok,0.169892,,0.169892,5.10664,3.8213,0.171056,5.00801,1,0,7.5907,literature,0.40,3.00481,7.01122
43,22,43.5000,22.5000,1.0000,60.0000,0,0.836193,0.02725,5.01716,0.083619,ok,0.170946,,0.170946,5.01716,3.7978,0.172092,4.92330,1,0,7.5450,literature,0.40,2.95398,6.89262
44,22,44.5000,22.5000,1.0000,60.0000,0,0.820726,0.02725,4.92436,0.082073,ok,0.172079,,0.172079,4.92436,3.7728,0.173199,4.83593,1,0,7.4968,literature,0.40,2.90156,6.77031
45,22,45.5000,22.5000,1.0000,60.0000,0,0.804792,0.02725,4.82875,0.080479,ok,0.173292,,0.173292,4.82875,3.7464,0.174373,4.74658,1,0,7.4463,literature,0.40,2.84795,6.64522
46,22,46.5000,22.5000,1.0000,60.0000,0,0.788476,0.02725,4.73086,0.078848,ok,0.174584,,0.174584,4.73086,3.7186,0.175610,4.65594,1,0,7.3938,literature,0.40,2.79356,6.51831
47,22,47.5000,22.5000,1.0000,60.0000,0,0.771862,0.02725,4.63117,0.077186,ok,0.175957,,0.175957,4.63117,3.6896,0.176906,4.56467,1,0,7.3397,literature,0.40,2.73880,6.39053
48,22,48.5000,22.5000,1.0000,60.0000,0,0.755036,0.02725,4.53021,0.075504,ok,0.177408,,0.177408,4.53021,3.6594,0.178245,4.47398,1,0,7.2845,literature,0.40,2.68439,6.26358
49,22,49.5000,22.5000,1.0000,60.0000,0,0.738082,0.02725,4.42849,0.073808,ok,0.178937,,0.178937,4.42849,3.6282,0.179622,4.38445,1,0,7.2287,literature,0.40,2.63067,6.13823
50,22,50.5000,22.5000,1.0000,60.0000,0,0.721085,0.02725,4.32651,0.072109,ok,0.180457,,0.180457,4.32651,3.5976,0.181024,4.28507,1,0,7.1727,literature,0.40,2.57104,5.99910
51,22,51.5000,22.5000,1.0000,60.0000,0,0.704131,0.02725,4.22479,0.070413,ok,0.181868,,0.181868,4.22479,3.5697,0.182434,4.18535,1,0,7.1173,literature,0.40,2.51121,5.85949
52,22,52.5000,22.5000,1.0000,60.0000,0,0.687305,0.02725,4.12383,0.068730,ok,0.183338,,0.183338,4.12383,3.5411,0.183831,4.09107,1,0,7.0632,literature,0.40,2.45464,5.72749
53,22,53.5000,22.5000,1.0000,60.0000,0,0.670691,0.02725,4.02414,0.067069,ok,0.184862,,0.184862,4.02414,3.5119,0.185190,4.00334,1,0,7.0113,literature,0.40,2.40200,5.60467
54,22,54.5000,22.5000,1.0000,60.0000,0,0.654374,0.02725,3.92625,0.065437,ok,0.186434,,0.186434,3.92625,3.4823,0.186485,3.92317,1,0,6.9627,literature,0.40,2.35390,5.49244
55,22,55.5000,22.5000,1.0000,60.0000,0,0.638440,0.02725,3.83064,0.063844,ok,0.188046,,0.188046,3.83064,3.4524,0.187691,3.85132,1,0,6.9179,literature,0.40,2.31079,5.39185
56,22,56.5000,22.5000,1.0000,60.0000,0,0.622974,0.02725,3.73784,0.062297,ok,0.189691,,0.189691,3.73784,3.4225,0.188789,3.78818,1,0,6.8777,literature,0.40,2.27291,5.30345
57,22,57.5000,22.5000,1.0000,60.0000,0,0.608060,0.02725,3.64836,0.060806,ok,0.191355,,0.191355,3.64836,3.3927,0.189766,3.73369,1,0,6.8423,literature,0.40,2.24022,5.22717
58,22,58.5000,22.5000,1.0000,60.0000,0,0.593783,0.02725,3.56270,0.059378,ok,0.193027,,0.193027,3.56270,3.3633,0.190618,3.68743,1,0,6.8117,literature,0.40,2.21246,5.16241
59,22,59.5000,22.5000,1.0000,60.0000,0,0.580229,0.02725,3.48138,0.058023,ok,0.194690,,0.194690,3.48138,3.3346,0.191349,3.64867,1,0,6.7857,literature,0.40,2.18920,5.10814
0,23,0.5000,23.5000,1.0000,60.0000,0,0.586457,0.02725,3.51874,0.058646,ok,0.193916,,0.193916,3.51874,3.3479,0.190608,3.68800,1,0,6.8120,literature,0.40,2.21280,5.16319
1,23,1.5000,23.5000,1.0000,60.0000,0,0.600156,0.02725,3.60094,0.060016,ok,0.192271,,0.192271,3.60094,3.3766,0.189885,3.72717,1,0,6.8380,literature,0.40,2.23630,5.21804
2,23,2.5000,23.5000,1.0000,60.0000,0,0.614586,0.02725,3.68752,0.061459,ok,0.190617,,0.190617,3.68752,3.4059,0.189042,3.77391,1,0,6.8685,literature,0.40,2.26435,5.28348
3,23,3.5000,23.5000,1.0000,60.0000,0,0.629660,0.02725,3.77796,0.062966,ok,0.188970,,0.188970,3.77796,3.4355,0.188075,3.82899,1,0,6.9038,literature,0.40,2.29739,5.36059
4,23,4.5000,23.5000,1.0000,60.0000,0,0.645292,0.02725,3.87175,0.064529,ok,0.187343,,0.187343,3.87175,3.4654,0.186988,3.89286,1,0,6.9439,literature,0.40,2.33572,5.45000
5,23,5.5000,23.5000,1.0000,60.0000,0,0.661397,0.02725,3.96838,0.066140,ok,0.185748,,0.185748,3.96838,3.4951,0.185793,3.96560,1,0,6.9886,literature,0.40,2.37936,5.55184
6,23,6.5000,23.5000,1.0000,60.0000,0,0.677889,0.02725,4.06733,0.067789,ok,0.184193,,0.184193,4.06733,3.5246,0.184508,4.04688,1,0,7.0373,literature,0.40,2.42813,5.66563
7,23,7.5000,23.5000,1.0000,60.0000,0,0.694681,0.02725,4.16809,0.069468,ok,0.182685,,0.182685,4.16809,3.5537,0.183158,4.13595,1,0,7.0891,literature,0.40,2.48157,5.79033
8,23,8.5000,23.5000,1.0000,60.0000,0,0.711688,0.02725,4.27013,0.071169,ok,0.181231,,0.181231,4.27013,3.5823,0.181768,4.23183,1,0,7.1433,literature,0.40,2.53910,5.92456
9,23,9.5000,23.5000,1.0000,60.0000,0,0.728824,0.02725,4.37294,0.072882,ok,0.179803,,0.179803,4.37294,3.6107,0.180364,4.33336,1,0,7.1989,literature,0.40,2.60002,6.06670
10,23,10.5000,23.5000,1.0000,60.0000,0,0.746003,0.02725,4.47602,0.074600,ok,0.178214,,0.178214,4.47602,3.6429,0.178967,4.42654,1,0,7.2551,literature,0.40,2.65592,6.19716
11,23,11.5000,23.5000,1.0000,60.0000,0,0.763139,0.02725,4.57883,0.076314,ok,0.176701,,0.176701,4.57883,3.6741,0.177595,4.51755,1,0,7.3112,literature,0.40,2.71053,6.32457
12,23,12.5000,23.5000,1.0000,60.0000,0,0.780146,0.02725,4.68088,0.078015,ok,0.175265,,0.175265,4.68088,3.7042,0.176261,4.60964,1,0,7.3665,literature,0.40,2.76579,6.45350
13,23,13.5000,23.5000,1.0000,60.0000,0,0.796938,0.02725,4.78163,0.079694,ok,0.173907,,0.173907,4.78163,3.7331,0.174970,4.70238,1,0,7.4209,literature,0.40,2.82143,6.58333
14,23,14.5000,23.5000,1.0000,60.0000,0,0.813430,0.02725,4.88058,0.081343,ok,0.172628,,0.172628,4.88058,3.7608,0.173739,4.79442,1,0,7.4735,literature,0.40,2.87665,6.71219
15,23,15.5000,23.5000,1.0000,60.0000,0,0.829535,0.02725,4.97721,0.082953,ok,0.171428,,0.171428,4.97721,3.7871,0.172571,4.88508,1,0,7.5240,literature,0.40,2.93105,6.83911
16,23,16.5000,23.5000,1.0000,60.0000,0,0.845167,0.02725,5.07100,0.084517,ok,0.170307,,0.170307,5.07100,3.8120,0.171472,4.97367,1,0,7.5723,literature,0.40,2.98420,6.96313
17,23,17.5000,23.5000,1.0000,60.0000,0,0.860241,0.02725,5.16145,0.086024,ok,0.169265,,0.169265,5.16145,3.8355,0.170443,5.05950,1,0,7.6180,literature,0.40,3.03570,7.08330
18,23,18.5000,23.5000,1.0000,60.0000,0,0.874671,0.02725,5.24803,0.087467,ok,0.168301,,0.168301,5.24803,3.8575,0.169487,5.14192,1,0,7.6609,literature,0.40,3.08515,7.19868
19,23,19.5000,23.5000,1.0000,60.0000,0,0.888370,0.02725,5.33022,0.088837,ok,0.167415,,0.167415,5.33022,3.8779,0.168606,5.22029,1,0,7.7010,literature,0.40,3.13217,7.30841
20,23,20.5000,23.5000,1.0000,60.0000,0,0.901254,0.02725,5.40752,0.090125,ok,0.166606,,0.166606,5.40752,3.8967,0.167802,5.29401,1,0,7.7379,literature,0.40,3.17641,7.41162
21,23,21.5000,23.5000,1.0000,60.0000,0,0.913235,0.02725,5.47941,0.091323,ok,0.165874,,0.165874,5.47941,3.9139,0.167074,5.36249,1,0,7.7716,literature,0.40,3.21750,7.50749
22,23,22.5000,23.5000,1.0000,60.0000,0,0.924228,0.02725,5.54537,0.092423,ok,0.165219,,0.165219,5.54537,3.9294,0.166425,5.42516,1,0,7.8019,literature,0.40,3.25510,7.59522
23,23,23.5000,23.5000,1.0000,60.0000,0,0.934147,0.02725,5.60488,0.093415,ok,0.164642,,0.164642,5.60488,3.9432,0.165853,5.48146,1,0,7.8288,literature,0.40,3.28888,7.67405
24,23,24.5000,23.5000,1.0000,60.0000,0,0.942907,0.02725,5.65744,0.094291,ok,0.164142,,0.164142,5.65744,3.9552,0.165362,5.53089,1,0,7.8521,literature,0.40,3.31853,7.74324
25,23,25.5000,23.5000,1.0000,60.0000,0,0.950421,0.02725,5.70252,0.095042,ok,0.163720,,0.163720,5.70252,3.9654,0.164950,5.57293,1,0,7.8716,literature,0.40,3.34376,7.80211
26,23,26.5000,23.5000,1.0000,60.0000,0,0.956603,0.02725,5.73962,0.095660,ok,0.163378,,0.163378,5.73962,3.9737,0.164620,5.60717,1,0,7.8874,literature,0.40,3.36430,7.85004
27,23,27.5000,23.5000,1.0000,60.0000,0,0.961367,0.02725,5.76820,0.096137,ok,0.163118,,0.163118,5.76820,3.9800,0.164371,5.63320,1,0,7.8994,literature,0.40,3.37992,7.88649
28,23,28.5000,23.5000,1.0000,60.0000,0,0.964628,0.02725,5.78777,0.096463,ok,0.162941,,0.162941,5.78777,3.9844,0.164205,5.65074,1,0,7.9074,literature,0.40,3.39044,7.91103
29,23,29.5000,23.5000,1.0000,60.0000,0,0.966300,0.02725,5.79780,0.096630,ok,0.162851,,0.162851,5.79780,3.9866,0.164122,5.65956,1,0,7.9114,literature,0.40,3.39573,7.92338
30,23,30.5000,23.5000,1.0000,60.0000,0,0.966300,0.02725,5.79780,0.096630,ok,0.162851,,0.162851,5.79780,3.9866,0.164122,5.65956,1,0,7.9114,literature,0.40,3.39573,7.92338
31,23,31.5000,23.5000,1.0000,60.0000,0,0.964628,0.02725,5.78777,0.096463,ok,0.162941,,0.162941,5.78777,3.9844,0.164205,5.65074,1,0,7.9074,literature,0.40,3.39044,7.91103
32,23,32.5000,23.5000,1.0000,60.0000,0,0.961367,0.02725,5.76820,0.096137,ok,0.163118,,0.163118,5.76820,3.9800,0.164371,5.63320,1,0,7.8994,literature,0.40,3.37992,7.88649
33,23,33.5000,23.5000,1.0000,60.0000,0,0.956603,0.02725,5.73962,0.095660,ok,0.163378,,0.163378,5.73962,3.9737,0.164620,5.60717,1,0,7.8874,literature,0.40,3.36430,7.85004
34,23,34.5000,23.5000,1.0000,60.0000,0,0.950421,0.02725,5.70252,0.095042,ok,0.163720,,0.163720,5.70252,3.9654,0.164950,5.57293,1,0,7.8716,literature,0.40,3.34376,7.80211
35,23,35.5000,23.5000,1.0000,60.0000,0,0.942907,0.02725,5.65744,0.094291,ok,0.164142,,0.164142,5.65744,3.9552,0.165362,5.53089,1,0,7.8521,literature,0.40,3.31853,7.74324
36,23,36.5000,23.5000,1.0000,60.0000,0,0.934147,0.02725,5.60488,0.093415,ok,0.164642,,0.164642,5.60488,3.9432,0.165853,5.48146,1,0,7.8288,literature,0.40,3.28888,7.67405
37,23,37.5000,23.5000,1.0000,60.0000,0,0.924228,0.02725,5.54537,0.092423,ok,0.165219,,0.165219,5.54537,3.9294,0.166425,5.42516,1,0,7.8019,literature,0.40,3.25510,7.59522
38,23,38.5000,23.5000,1.0000,60.0000,0,0.913235,0.02725,5.47941,0.091323,ok,0.165874,,0.165874,5.47941,3.9139,0.167074,5.36249,1,0,7.7716,literature,0.40,3.21750,7.50749
39,23,39.5000,23.5000,1.0000,60.0000,0,0.901254,0.02725,5.40752,0.090125,ok,0.166606,,0.166606,5.40752,3.8967,0.167802,5.29401,1,0,7.7379,literature,0.40,3.17641,7.41162
40,23,40.5000,23.5000,1.0000,60.0000,0,0.888370,0.02725,5.33022,0.088837,ok,0.167415,,0.167415,5.33022,3.8779,0.168606,5.22029,1,0,7.7010,literature,0.40,3.13217,7.30841
41,23,41.5000,23.5000,1.0000,60.0000,0,0.874671,0.02725,5.24803,0.087467,ok,0.168301,,0.168301,5.24803,3.8575,0.169487,5.14192,1,0,7.6609,literature,0.40,3.08515,7.19868
42,23,42.5000,23.5000,1.0000,60.0000,0,0.860241,0.02725,5.16145,0.086024,ok,0.169265,,0.169265,5.16145,3.8355,0.170443,5.05950,1,0,7.6180,literature,0.40,3.03570,7.08330
43,23,43.5000,23.5000,1.0000,60.0000,0,0.845167,0.02725,5.07100,0.084517,ok,0.170307,,0.170307,5.07100,3.8120,0.171472,4.97367,1,0,7.5723,literature,0.40,2.98420,6.96313
44,23,44.5000,23.5000,1.0000,60.0000,0,0.829535,0.02725,4.97721,0.082953,ok,0.171428,,0.171428,4.97721,3.7871,0.172571,4.88508,1,0,7.5240,literature,0.40,2.93105,6.83911
45,23,45.5000,23.5000,1.0000,60.0000,0,0.813430,0.02725,4.88058,0.081343,ok,0.172628,,0.172628,4.88058,3.7608,0.173739,4.79442,1,0,7.4735,literature,0.40,2.87665,6.71219
46,23,46.5000,23.5000,1.0000,60.0000,0,0.796938,0.02725,4.78163,0.079694,ok,0.173907,,0.173907,4.78163,3.7331,0.174970,4.70238,1,0,7.4209,literature,0.40,2.82143,6.58333
47,23,47.5000,23.5000,1.0000,60.0000,0,0.780146,0.02725,4.68088,0.078015,ok,0.175265,,0.175265,4.68088,3.7042,0.176261,4.60964,1,0,7.3665,literature,0.40,2.76579,6.45350
48,23,48.5000,23.5000,1.0000,60.0000,0,0.763139,0.02725,4.57883,0.076314,ok,0.176701,,0.176701,4.57883,3.6741,0.177595,4.51755,1,0,7.3112,literature,0.40,2.71053,6.32457
49,23,49.5000,23.5000,1.0000,60.0000,0,0.746003,0.02725,4.47602,0.074600,ok,0.178214,,0.178214,4.47602,3.6429,0.178967,4.42654,1,0,7.2551,literature,0.40,2.65592,6.19716
50,23,50.5000,23.5000,1.0000,60.0000,0,0.728824,0.02725,4.37294,0.072882,ok,0.179803,,0.179803,4.37294,3.6107,0.180364,4.33336,1,0,7.1989,literature,0.40,2.60002,6.06670
51,23,51.5000,23.5000,1.0000,60.0000,0,0.711688,0.02725,4.27013,0.071169,ok,0.181231,,0.181231,4.27013,3.5823,0.181768,4.23183,1,0,7.1433,literature,0.40,2.53910,5.92456
52,23,52.5000,23.5000,1.0000,60.0000,0,0.694681,0.02725,4.16809,0.069468,ok,0.182685,,0.182685,4.16809,3.5537,0.183158,4.13595,1,0,7.0891,literature,0.40,2.48157,5.79033
53,23,53.5000,23.5000,1.0000,60.0000,0,0.677889,0.02725,4.06733,0.067789,ok,0.184193,,0.184193,4.06733,3.5246,0.184508,4.04688,1,0,7.0373,literature,0.40,2.42813,5.66563
54,23,54.5000,23.5000,1.0000,60.0000,0,0.661397,0.02725,3.96838,0.066140,ok,0.185748,,0.185748,3.96838,3.4951,0.185793,3.96560,1,0,6.9886,literature,0.40,2.37936,5.55184
55,23,55.5000,23.5000,1.0000,60.0000,0,0.645292,0.02725,3.87175,0.064529,ok,0.187343,,0.187343,3.87175,3.4654,0.186988,3.89286,1,0,6.9439,literature,0.40,2.33572,5.45000
56,23,56.5000,23.5000,1.0000,60.0000,0,0.629660,0.02725,3.77796,0.062966,ok,0.188970,,0.188970,3.77796,3.4355,0.188075,3.82899,1,0,6.9038,literature,0.40,2.29739,5.36059
57,23,57.5000,23.5000,1.0000,60.0000,0,0.614586,0.02725,3.68752,0.061459,ok,0.190617,,0.190617,3.68752,3.4059,0.189042,3.77391,1,0,6.8685,literature,0.40,2.26435,5.28348
58,23,58.5000,23.5000,1.0000,60.0000,0,0.600156,0.02725,3.60094,0.060016,ok,0.192271,,0.192271,3.60094,3.3766,0.189885,3.72717,1,0,6.8380,literature,0.40,2.23630,5.21804
59,23,59.5000,23.5000,1.0000,60.0000,0,0.586457,0.02725,3.51874,0.058646,ok,0.193916,,0.193916,3.51874,3.3479,0.190608,3.68800,1,0,6.8120,literature,0.40,2.21280,5.16319
0,24,0.5000,24.5000,1.0000,60.0000,0,0.591956,0.02725,3.55174,0.059196,ok,0.193247,,0.193247,3.55174,3.3595,0.189969,3.72256,1,0,6.8350,literature,0.40,2.23354,5.21159
1,24,1.5000,24.5000,1.0000,60.0000,0,0.605784,0.02725,3.63470,0.060578,ok,0.191616,,0.191616,3.63470,3.3881,0.189253,3.76211,1,0,6.8608,literature,0.40,2.25726,5.26695
2,24,2.5000,24.5000,1.0000,60.0000,0,0.620349,0.02725,3.72209,0.062035,ok,0.189978,,0.189978,3.72209,3.4173,0.188418,3.80929,1,0,6.8912,literature,0.40,2.28558,5.33301
3,24,3.5000,24.5000,1.0000,60.0000,0,0.635564,0.02725,3.81339,0.063556,ok,0.188346,,0.188346,3.81339,3.4469,0.187459,3.86490,1,0,6.9265,literature,0.40,2.31894,5.41086
4,24,4.5000,24.5000,1.0000,60.0000,0,0.651343,0.02725,3.90806,0.065134,ok,0.186735,,0.186735,3.90806,3.4767,0.186382,3.92943,1,0,6.9665,literature,0.40,2.35766,5.50120
5,24,5.5000,24.5000,1.0000,60.0000,0,0.667599,0.02725,4.00560,0.066760,ok,0.185154,,0.185154,4.00560,3.5064,0.185195,4.00300,1,0,7.0111,literature,0.40,2.40180,5.60420
6,24,6.5000,24.5000,1.0000,60.0000,0,0.684245,0.02725,4.10547,0.068425,ok,0.183613,,0.183613,4.10547,3.5358,0.183919,4.08529,1,0,7.0598,literature,0.40,2.45117,5.71940
7,24,7.5000,24.5000,1.0000,60.0000,0,0.701195,0.02725,4.20717,0.070120,ok,0.182120,,0.182120,4.20717,3.5648,0.182576,4.17560,1,0,7.1117,literature,0.40,2.50536,5.84584
8,24,8.5000,24.5000,1.0000,60.0000,0,0.718362,0.02725,4.31017,0.071836,ok,0.180679,,0.180679,4.31017,3.5932,0.181192,4.27293,1,0,7.1661,literature,0.40,2.56376,5.98210
9,24,9.5000,24.5000,1.0000,60.0000,0,0.735658,0.02725,4.41395,0.073566,ok,0.179162,,0.179162,4.41395,3.6236,0.179793,4.37358,1,0,7.2218,literature,0.40,2.62415,6.12301
10,24,10.5000,24.5000,1.0000,60.0000,0,0.752998,0.02725,4.51799,0.075300,ok,0.177588,,0.177588,4.51799,3.6557,0.178400,4.46369,1,0,7.2782,literature,0.40,2.67821,6.24916
11,24,11.5000,24.5000,1.0000,60.0000,0,0.770295,0.02725,4.62177,0.077029,ok,0.176089,,0.176089,4.62177,3.6869,0.177032,4.55596,1,0,7.3344,literature,0.40,2.73357,6.37834
12,24,12.5000,24.5000,1.0000,60.0000,0,0.787461,0.02725,4.72477,0.078746,ok,0.174666,,0.174666,4.72477,3.7169,0.175702,4.64933,1,0,7.3899,literature,0.40,2.78960,6.50907
13,24,13.5000,24.5000,1.0000,60.0000,0,0.804411,0.02725,4.82647,0.080441,ok,0.173321,,0.173321,4.82647,3.7457,0.174416,4.74334,1,0,7.4444,literature,0.40,2.84600,6.64067
14,24,14.5000,24.5000,1.0000,60.0000,0,0.821057,0.02725,4.92634,0.082106,ok,0.172054,,0.172054,4.92634,3.7733,0.173190,4.83658,1,0,7.4971,literature,0.40,2.90195,6.77122
15,24,15.5000,24.5000,1.0000,60.0000,0,0.837313,0.02725,5.02388,0.083731,ok,0.170865,,0.170865,5.02388,3.7996,0.172029,4.92837,1,0,7.5477,literature,0.40,2.95702,6.89972
16,24,16.5000,24.5000,1.0000,60.0000,0,0.853092,0.02725,5.11855,0.085309,ok,0.169755,,0.169755,5.11855,3.8244,0.170936,5.01800,1,0,7.5960,literature,0.40,3.01080,7.02520
17,24,17.5000,24.5000,1.0000,60.0000,0,0.868308,0.02725,5.20985,0.086831,ok,0.168722,,0.168722,5.20985,3.8478,0.169914,5.10479,1,0,7.6417,literature,0.40,3.06287,7.14670
18,24,18.5000,24.5000,1.0000,60.0000,0,0.882873,0.02725,5.29724,0.088287,ok,0.167767,,0.167767,5.29724,3.8697,0.168965,5.18808,1,0,7.6846,literature,0.40,3.11285,7.26331
19,24,19.5000,24.5000,1.0000,60.0000,0,0.896701,0.02725,5.38020,0.089670,ok,0.166889,,0.166889,5.38020,3.8901,0.168091,5.26725,1,0,7.7245,literature,0.40,3.16035,7.37415
20,24,20.5000,24.5000,1.0000,60.0000,0,0.909705,0.02725,5.45823,0.090970,ok,0.166088,,0.166088,5.45823,3.9089,0.167293,5.34169,1,0,7.7614,literature,0.40,3.20501,7.47837
21,24,21.5000,24.5000,1.0000,60.0000,0,0.921798,0.02725,5.53079,0.092180,ok,0.165363,,0.165363,5.53079,3.9260,0.166572,5.41082,1,0,7.7950,literature,0.40,3.24649,7.57515
22,24,22.5000,24.5000,1.0000,60.0000,0,0.932894,0.02725,5.59737,0.093289,ok,0.164714,,0.164714,5.59737,3.9415,0.165928,5.47407,1,0,7.8253,literature,0.40,3.28444,7.66370
23,24,23.5000,24.5000,1.0000,60.0000,0,0.942907,0.02725,5.65744,0.094291,ok,0.164142,,0.164142,5.65744,3.9552,0.165362,5.53089,1,0,7.8521,literature,0.40,3.31853,7.74324
24,24,24.5000,24.5000,1.0000,60.0000,0,0.951748,0.02725,5.71049,0.095175,ok,0.163646,,0.163646,5.71049,3.9672,0.164874,5.58075,1,0,7.8753,literature,0.40,3.34845,7.81305
25,24,25.5000,24.5000,1.0000,60.0000,0,0.959333,0.02725,5.75600,0.095933,ok,0.163229,,0.163229,5.75600,3.9773,0.164467,5.62317,1,0,7.8948,literature,0.40,3.37390,7.87244
26,24,26.5000,24.5000,1.0000,60.0000,0,0.965573,0.02725,5.79344,0.096557,ok,0.162890,,0.162890,5.79344,3.9856,0.164139,5.65771,1,0,7.9105,literature,0.40,3.39463,7.92079
27,24,27.5000,24.5000,1.0000,60.0000,0,0.970382,0.02725,5.82229,0.097038,ok,0.162632,,0.162632,5.82229,3.9919,0.163893,5.68397,1,0,7.9224,literature,0.40,3.41038,7.95756
28,24,28.5000,24.5000,1.0000,60.0000,0,0.973674,0.02725,5.84204,0.097367,ok,0.162457,,0.162457,5.84204,3.9962,0.163728,5.70166,1,0,7.9304,literature,0.40,3.42100,7.98232
29,24,29.5000,24.5000,1.0000,60.0000,0,0.975361,0.02725,5.85217,0.097536,ok,0.162368,,0.162368,5.85217,3.9984,0.163646,5.71055,1,0,7.9344,literature,0.40,3.42633,7.99478
30,24,30.5000,24.5000,1.0000,60.0000,0,0.975361,0.02725,5.85217,0.097536,ok,0.162368,,0.162368,5.85217,3.9984,0.163646,5.71055,1,0,7.9344,literature,0.40,3.42633,7.99478
31,24,31.5000,24.5000,1.0000,60.0000,0,0.973674,0.02725,5.84204,0.097367,ok,0.162457,,0.162457,5.84204,3.9962,0.163728,5.70166,1,0,7.9304,literature,0.40,3.42100,7.98232
32,24,32.5000,24.5000,1.0000,60.0000,0,0.970382,0.02725,5.82229,0.097038,ok,0.162632,,0.162632,5.82229,3.9919,0.163893,5.68397,1,0,7.9224,literature,0.40,3.41038,7.95756
33,24,33.5000,24.5000,1.0000,60.0000,0,0.965573,0.02725,5.79344,0.096557,ok,0.162890,,0.162890,5.79344,3.9856,0.164139,5.65771,1,0,7.9105,literature,0.40,3.39463,7.92079
34,24,34.5000,24.5000,1.0000,60.0000,0,0.959333,0.02725,5.75600,0.095933,ok,0.163229,,0.163229,5.75600,3.9773,0.164467,5.62317,1,0,7.8948,literature,0.40,3.37390,7.87244
35,24,35.5000,24.5000,1.0000,60.0000,0,0.951748,0.02725,5.71049,0.095175,ok,0.163646,,0.163646,5.71049,3.9672,0.164874,5.58075,1,0,7.8753,literature,0.40,3.34845,7.81305
36,24,36.5000,24.5000,1.0000,60.0000,0,0.942907,0.02725,5.65744,0.094291,ok,0.164142,,0.164142,5.65744,3.9552,0.165362,5.53089,1,0,7.8521,literature,0.40,3.31853,7.74324
37,24,37.5000,24.5000,1.0000,60.0000,0,0.932894,0.02725,5.59737,0.093289,ok,0.164714,,0.164714,5.59737,3.9415,0.165928,5.47407,1,0,7.8253,literature,0.40,3.28444,7.66370
38,24,38.5000,24.5000,1.0000,60.0000,0,0.921798,0.02725,5.53079,0.092180,ok,0.165363,,0.165363,5.53079,3.9260,0.166572,5.41082,1,0,7.7950,literature,0.40,3.24649,7.57515
39,24,39.5000,24.5000,1.0000,60.0000,0,0.909705,0.02725,5.45823,0.090970,ok,0.166088,,0.166088,5.45823,3.9089,0.167293,5.34169,1,0,7.7614,literature,0.40,3.20501,7.47837
40,24,40.5000,24.5000,1.0000,60.0000,0,0.896701,0.02725,5.38020,0.089670,ok,0.166889,,0.166889,5.38020,3.8901,0.168091,5.26725,1,0,7.7245,literature,0.40,3.16035,7.37415
41,24,41.5000,24.5000,1.0000,60.0000,0,0.882873,0.02725,5.29724,0.088287,ok,0.167767,,0.167767,5.29724,3.8697,0.168965,5.18808,1,0,7.6846,literature,0.40,3.11285,7.26331
42,24,42.5000,24.5000,1.0000,60.0000,0,0.868308,0.02725,5.20985,0.086831,ok,0.168722,,0.168722,5.20985,3.8478,0.169914,5.10479,1,0,7.6417,literature,0.40,3.06287,7.14670
43,24,43.5000,24.5000,1.0000,60.0000,0,0.853092,0.02725,5.11855,0.085309,ok,0.169755,,0.169755,5.11855,3.8244,0.170936,5.01800,1,0,7.5960,literature,0.40,3.01080,7.02520
44,24,44.5000,24.5000,1.0000,60.0000,0,0.837313,0.02725,5.02388,0.083731,ok,0.170865,,0.170865,5.02388,3.7996,0.172029,4.92837,1,0,7.5477,literature,0.40,2.95702,6.89972
45,24,45.5000,24.5000,1.0000,60.0000,0,0.821057,0.02725,4.92634,0.082106,ok,0.172054,,0.172054,4.92634,3.7733,0.173190,4.83658,1,0,7.4971,literature,0.40,2.90195,6.77122
46,24,46.5000,24.5000,1.0000,60.0000,0,0.804411,0.02725,4.82647,0.080441,ok,0.173321,,0.173321,4.82647,3.7457,0.174416,4.74334,1,0,7.4444,literature,0.40,2.84600,6.64067
47,24,47.5000,24.5000,1.0000,60.0000,0,0.787461,0.02725,4.72477,0.078746,ok,0.174666,,0.174666,4.72477,3.7169,0.175702,4.64933,1,0,7.3899,literature,0.40,2.78960,6.50907
48,24,48.5000,24.5000,1.0000,60.0000,0,0.770295,0.02725,4.62177,0.077029,ok,0.176089,,0.176089,4.62177,3.6869,0.177032,4.55596,1,0,7.3344,literature,0.40,2.73357,6.37834
49,24,49.5000,24.5000,1.0000,60.0000,0,0.752998,0.02725,4.51799,0.075300,ok,0.177588,,0.177588,4.51799,3.6557,0.178400,4.46369,1,0,7.2782,literature,0.40,2.67821,6.24916
50,24,50.5000,24.5000,1.0000,60.0000,0,0.735658,0.02725,4.41395,0.073566,ok,0.179162,,0.179162,4.41395,3.6236,0.179793,4.37358,1,0,7.2218,literature,0.40,2.62415,6.12301
51,24,51.5000,24.5000,1.0000,60.0000,0,0.718362,0.02725,4.31017,0.071836,ok,0.180679,,0.180679,4.31017,3.5932,0.181192,4.27293,1,0,7.1661,literature,0.40,2.56376,5.98210
52,24,52.5000,24.5000,1.0000,60.0000,0,0.701195,0.02725,4.20717,0.070120,ok,0.182120,,0.182120,4.20717,3.5648,0.182576,4.17560,1,0,7.1117,literature,0.40,2.50536,5.84584
53,24,53.5000,24.5000,1.0000,60.0000,0,0.684245,0.02725,4.10547,0.068425,ok,0.183613,,0.183613,4.10547,3.5358,0.183919,4.08529,1,0,7.0598,literature,0.40,2.45117,5.71940
54,24,54.5000,24.5000,1.0000,60.0000,0,0.667599,0.02725,4.00560,0.066760,ok,0.185154,,0.185154,4.00560,3.5064,0.185195,4.00300,1,0,7.0111,literature,0.40,2.40180,5.60420
55,24,55.5000,24.5000,1.0000,60.0000,0,0.651343,0.02725,3.90806,0.065134,ok,0.186735,,0.186735,3.90806,3.4767,0.186382,3.92943,1,0,6.9665,literature,0.40,2.35766,5.50120
56,24,56.5000,24.5000,1.0000,60.0000,0,0.635564,0.02725,3.81339,0.063556,ok,0.188346,,0.188346,3.81339,3.4469,0.187459,3.86490,1,0,6.9265,literature,0.40,2.31894,5.41086
57,24,57.5000,24.5000,1.0000,60.0000,0,0.620349,0.02725,3.72209,0.062035,ok,0.189978,,0.189978,3.72209,3.4173,0.188418,3.80929,1,0,6.8912,literature,0.40,2.28558,5.33301
58,24,58.5000,24.5000,1.0000,60.0000,0,0.605784,0.02725,3.63470,0.060578,ok,0.191616,,0.191616,3.63470,3.3881,0.189253,3.76211,1,0,6.8608,literature,0.40,2.25726,5.26695
59,24,59.5000,24.5000,1.0000,60.0000,0,0.591956,0.02725,3.55174,0.059196,ok,0.193247,,0.193247,3.55174,3.3595,0.189969,3.72256,1,0,6.8350,literature,0.40,2.23354,5.21159
0,25,0.5000,25.5000,1.0000,60.0000,0,0.596673,0.02725,3.58004,0.059667,ok,0.192682,,0.192682,3.58004,3.3694,0.189434,3.75203,1,0,6.8543,literature,0.40,2.25122,5.25284
1,25,1.5000,25.5000,1.0000,60.0000,0,0.610611,0.02725,3.66367,0.061061,ok,0.191065,,0.191065,3.66367,3.3979,0.188723,3.79189,1,0,6.8801,literature,0.40,2.27513,5.30865
2,25,2.5000,25.5000,1.0000,60.0000,0,0.625292,0.02725,3.75175,0.062529,ok,0.189439,,0.189439,3.75175,3.4270,0.187894,3.83946,1,0,6.9104,literature,0.40,2.30368,5.37525
3,25,3.5000,25.5000,1.0000,60.0000,0,0.640629,0.02725,3.84377,0.064063,ok,0.187820,,0.187820,3.84377,3.4566,0.186943,3.89554,1,0,6.9456,literature,0.40,2.33732,5.45376
4,25,4.5000,25.5000,1.0000,60.0000,0,0.656534,0.02725,3.93920,0.065653,ok,0.186221,,0.186221,3.93920,3.4863,0.185873,3.96065,1,0,6.9856,literature,0.40,2.37639,5.54492
5,25,5.5000,25.5000,1.0000,60.0000,0,0.672919,0.02725,4.03751,0.067292,ok,0.184653,,0.184653,4.03751,3.5159,0.184693,4.03495,1,0,7.0302,literature,0.40,2.42097,5.64893
6,25,6.5000,25.5000,1.0000,60.0000,0,0.689698,0.02725,4.13819,0.068970,ok,0.183125,,0.183125,4.13819,3.5452,0.183423,4.11814,1,0,7.0789,literature,0.40,2.47088,5.76540
7,25,7.5000,25.5000,1.0000,60.0000,0,0.706783,0.02725,4.24070,0.070678,ok,0.181643,,0.181643,4.24070,3.5741,0.182086,4.20954,1,0,7.1309,literature,0.40,2.52572,5.89335
8,25,8.5000,25.5000,1.0000,60.0000,0,0.724086,0.02725,4.34452,0.072409,ok,0.180214,,0.180214,4.34452,3.6025,0.180707,4.30814,1,0,7.1853,literature,0.40,2.58489,6.03140
9,25,9.5000,25.5000,1.0000,60.0000,0,0.741521,0.02725,4.44912,0.074152,ok,0.178622,,0.178622,4.44912,3.6346,0.179312,4.40430,1,0,7.2412,literature,0.40,2.64258,6.16602
10,25,10.5000,25.5000,1.0000,60.0000,0,0.758999,0.02725,4.55399,0.075900,ok,0.177060,,0.177060,4.55399,3.6666,0.177923,4.49546,1,0,7.2977,literature,0.40,2.69727,6.29364
11,25,11.5000,25.5000,1.0000,60.0000,0,0.776433,0.02725,4.65860,0.077643,ok,0.175573,,0.175573,4.65860,3.6977,0.176558,4.58880,1,0,7.3541,literature,0.40,2.75328,6.42432
12,25,12.5000,25.5000,1.0000,60.0000,0,0.793736,0.02725,4.76242,0.079374,ok,0.174162,,0.174162,4.76242,3.7277,0.175232,4.68326,1,0,7.4098,literature,0.40,2.80996,6.55656
13,25,13.5000,25.5000,1.0000,60.0000,0,0.810821,0.02725,4.86493,0.081082,ok,0.172827,,0.172827,4.86493,3.7564,0.173951,4.77833,1,0,7.4644,literature,0.40,2.86700,6.68967
14,25,14.5000,25.5000,1.0000,60.0000,0,0.827600,0.02725,4.96560,0.082760,ok,0.171570,,0.171570,4.96560,3.7840,0.172730,4.87259,1,0,7.5171,literature,0.40,2.92355,6.82163
15,25,15.5000,25.5000,1.0000,60.0000,0,0.843986,0.02725,5.06391,0.084399,ok,0.170391,,0.170391,5.06391,3.8102,0.171574,4.96532,1,0,7.5678,literature,0.40,2.97919,6.95144
16,25,16.5000,25.5000,1.0000,60.0000,0,0.859890,0.02725,5.15934,0.085989,ok,0.169289,,0.169289,5.15934,3.8349,0.170486,5.05581,1,0,7.6160,literature,0.40,3.03349,7.07813
17,25,17.5000,25.5000,1.0000,60.0000,0,0.875227,0.02725,5.25136,0.087523,ok,0.168265,,0.168265,5.25136,3.8583,0.169470,5.14339,1,0,7.6617,literature,0.40,3.08603,7.20074
18,25,18.5000,25.5000,1.0000,60.0000,0,0.889908,0.02725,5.33945,0.088991,ok,0.167317,,0.167317,5.33945,3.8801,0.168528,5.22740,1,0,7.7045,literature,0.40,3.13644,7.31837
19,25,19.5000,25.5000,1.0000,60.0000,0,0.903846,0.02725,5.42308,0.090385,ok,0.166446,,0.166446,5.42308,3.9005,0.167660,5.30724,1,0,7.7444,literature,0.40,3.18434,7.43013
20,25,20.5000,25.5000,1.0000,60.0000,0,0.916954,0.02725,5.50172,0.091695,ok,0.165651,,0.165651,5.50172,3.9192,0.166867,5.38228,1,0,7.7812,literature,0.40,3.22937,7.53519
21,25,21.5000,25.5000,1.0000,60.0000,0,0.929144,0.02725,5.57486,0.092914,ok,0.164932,,0.164932,5.57486,3.9363,0.166151,5.45195,1,0,7.8147,literature,0.40,3.27117,7.63273
22,25,22.5000,25.5000,1.0000,60.0000,0,0.940328,0.02725,5.64197,0.094033,ok,0.164288,,0.164288,5.64197,3.9517,0.165512,5.51569,1,0,7.8449,literature,0.40,3.30941,7.72196
23,25,23.5000,25.5000,1.0000,60.0000,0,0.950421,0.02725,5.70252,0.095042,ok,0.163720,,0.163720,5.70252,3.9654,0.164950,5.57293,1,0,7.8716,literature,0.40,3.34376,7.80211
24,25,24.5000,25.5000,1.0000,60.0000,0,0.959333,0.02725,5.75600,0.095933,ok,0.163229,,0.163229,5.75600,3.9773,0.164467,5.62317,1,0,7.8948,literature,0.40,3.37390,7.87244
25,25,25.5000,25.5000,1.0000,60.0000,0,0.966977,0.02725,5.80186,0.096698,ok,0.162815,,0.162815,5.80186,3.9874,0.164062,5.66591,1,0,7.9143,literature,0.40,3.39955,7.93228
26,25,26.5000,25.5000,1.0000,60.0000,0,0.973267,0.02725,5.83960,0.097327,ok,0.162479,,0.162479,5.83960,3.9957,0.163737,5.70070,1,0,7.9300,literature,0.40,3.42042,7.98098
27,25,27.5000,25.5000,1.0000,60.0000,0,0.978115,0.02725,5.86869,0.097811,ok,0.162223,,0.162223,5.86869,4.0020,0.163505,5.72579,1,0,7.9412,literature,0.40,3.43547,8.01611
28,25,28.5000,25.5000,1.0000,60.0000,0,0.981432,0.02725,5.88859,0.098143,ok,0.162049,,0.162049,5.88859,4.0063,0.163342,5.74359,1,0,7.9491,literature,0.40,3.44615,8.04102
29,25,29.5000,25.5000,1.0000,60.0000,0,0.983133,0.02725,5.89880,0.098313,ok,0.161960,,0.161960,5.89880,4.0085,0.163260,5.75254,1,0,7.9531,literature,0.40,3.45152,8.05355
30,25,30.5000,25.5000,1.0000,60.0000,0,0.983133,0.02725,5.89880,0.098313,ok,0.161960,,0.161960,5.89880,4.0085,0.163260,5.75254,1,0,7.9531,literature,0.40,3.45152,8.05355
31,25,31.5000,25.5000,1.0000,60.0000,0,0.981432,0.02725,5.88859,0.098143,ok,0.162049,,0.162049,5.88859,4.0063,0.163342,5.74359,1,0,7.9491,literature,0.40,3.44615,8.04102
32,25,32.5000,25.5000,1.0000,60.0000,0,0.978115,0.02725,5.86869,0.097811,ok,0.162223,,0.162223,5.86869,4.0020,0.163505,5.72579,1,0,7.9412,literature,0.40,3.43547,8.01611
33,25,33.5000,25.5000,1.0000,60.0000,0,0.973267,0.02725,5.83960,0.097327,ok,0.162479,,0.162479,5.83960,3.9957,0.163737,5.70070,1,0,7.9300,literature,0.40,3.42042,7.98098
34,25,34.5000,25.5000,1.0000,60.0000,0,0.966977,0.02725,5.80186,0.096698,ok,0.162815,,0.162815,5.80186,3.9874,0.164062,5.66591,1,0,7.9143,literature,0.40,3.39955,7.93228
35,25,35.5000,25.5000,1.0000,60.0000,0,0.959333,0.02725,5.75600,0.095933,ok,0.163229,,0.163229,5.75600,3.9773,0.164467,5.62317,1,0,7.8948,literature,0.40,3.37390,7.87244
36,25,36.5000,25.5000,1.0000,60.0000,0,0.950421,0.02725,5.70252,0.095042,ok,0.163720,,0.163720,5.70252,3.9654,0.164950,5.57293,1,0,7.8716,literature,0.40,3.34376,7.80211
37,25,37.5000,25.5000,1.0000,60.0000,0,0.940328,0.02725,5.64197,0.094033,ok,0.164288,,0.164288,5.64197,3.9517,0.165512,5.51569,1,0,7.8449,literature,0.40,3.30941,7.72196
38,25,38.5000,25.5000,1.0000,60.0000,0,0.929144,0.02725,5.57486,0.092914,ok,0.164932,,0.164932,5.57486,3.9363,0.166151,5.45195,1,0,7.8147,literature,0.40,3.27117,7.63273
39,25,39.5000,25.5000,1.0000,60.0000,0,0.916954,0.02725,5.50172,0.091695,ok,0.165651,,0.165651,5.50172,3.9192,0.166867,5.38228,1,0,7.7812,literature,0.40,3.22937,7.53519
40,25,40.5000,25.5000,1.0000,60.0000,0,0.903846,0.02725,5.42308,0.090385,ok,0.166446,,0.166446,5.42308,3.9005,0.167660,5.30724,1,0,7.7444,literature,0.40,3.18434,7.43013
41,25,41.5000,25.5000,1.0000,60.0000,0,0.889908,0.02725,5.33945,0.088991,ok,0.167317,,0.167317,5.33945,3.8801,0.168528,5.22740,1,0,7.7045,literature,0.40,3.13644,7.31837
42,25,42.5000,25.5000,1.0000,60.0000,0,0.875227,0.02725,5.25136,0.087523,ok,0.168265,,0.168265,5.25136,3.8583,0.169470,5.14339,1,0,7.6617,literature,0.40,3.08603,7.20074
43,25,43.5000,25.5000,1.0000,60.0000,0,0.859890,0.02725,5.15934,0.085989,ok,0.169289,,0.169289,5.15934,3.8349,0.170486,5.05581,1,0,7.6160,literature,0.40,3.03349,7.07813
44,25,44.5000,25.5000,1.0000,60.0000,0,0.843986,0.02725,5.06391,0.084399,ok,0.170391,,0.170391,5.06391,3.8102,0.171574,4.96532,1,0,7.5678,literature,0.40,2.97919,6.95144
45,25,45.5000,25.5000,1.0000,60.0000,0,0.827600,0.02725,4.96560,0.082760,ok,0.171570,,0.171570,4.96560,3.7840,0.172730,4.87259,1,0,7.5171,literature,0.40,2.92355,6.82163
46,25,46.5000,25.5000,1.0000,60.0000,0,0.810821,0.02725,4.86493,0.081082,ok,0.172827,,0.172827,4.86493,3.7564,0.173951,4.77833,1,0,7.4644,literature,0.40,2.86700,6.68967
47,25,47.5000,25.5000,1.0000,60.0000,0,0.793736,0.02725,4.76242,0.079374,ok,0.174162,,0.174162,4.76242,3.7277,0.175232,4.68326,1,0,7.4098,literature,0.40,2.80996,6.55656
48,25,48.5000,25.5000,1.0000,60.0000,0,0.776433,0.02725,4.65860,0.077643,ok,0.175573,,0.175573,4.65860,3.6977,0.176558,4.58880,1,0,7.3541,literature,0.40,2.75328,6.42432
49,25,49.5000,25.5000,1.0000,60.0000,0,0.758999,0.02725,4.55399,0.075900,ok,0.177060,,0.177060,4.55399,3.6666,0.177923,4.49546,1,0,7.2977,literature,0.40,2.69727,6.29364
50,25,50.5000,25.5000,1.0000,60.0000,0,0.741521,0.02725,4.44912,0.074152,ok,0.178622,,0.178622,4.44912,3.6346,0.179312,4.40430,1,0,7.2412,literature,0.40,2.64258,6.16602
51,25,51.5000,25.5000,1.0000,60.0000,0,0.724086,0.02725,4.34452,0.072409,ok,0.180214,,0.180214,4.34452,3.6025,0.180707,4.30814,1,0,7.1853,literature,0.40,2.58489,6.03140
52,25,52.5000,25.5000,1.0000,60.0000,0,0.706783,0.02725,4.24070,0.070678,ok,0.181643,,0.181643,4.24070,3.5741,0.182086,4.20954,1,0,7.1309,literature,0.40,2.52572,5.89335
53,25,53.5000,25.5000,1.0000,60.0000,0,0.689698,0.02725,4.13819,0.068970,ok,0.183125,,0.183125,4.13819,3.5452,0.183423,4.11814,1,0,7.0789,literature,0.40,2.47088,5.76540
54,25,54.5000,25.5000,1.0000,60.0000,0,0.672919,0.02725,4.03751,0.067292,ok,0.184653,,0.184653,4.03751,3.5159,0.184693,4.03495,1,0,7.0302,literature,0.40,2.42097,5.64893
55,25,55.5000,25.5000,1.0000,60.0000,0,0.656534,0.02725,3.93920,0.065653,ok,0.186221,,0.186221,3.93920,3.4863,0.185873,3.96065,1,0,6.9856,literature,0.40,2.37639,5.54492
56,25,56.5000,25.5000,1.0000,60.0000,0,0.640629,0.02725,3.84377,0.064063,ok,0.187820,,0.187820,3.84377,3.4566,0.186943,3.89554,1,0,6.9456,literature,0.40,2.33732,5.45376
57,25,57.5000,25.5000,1.0000,60.0000,0,0.625292,0.02725,3.75175,0.062529,ok,0.189439,,0.189439,3.75175,3.4270,0.187894,3.83946,1,0,6.9104,literature,0.40,2.30368,5.37525
58,25,58.5000,25.5000,1.0000,60.0000,0,0.610611,0.02725,3.66367,0.061061,ok,0.191065,,0.191065,3.66367,3.3979,0.188723,3.79189,1,0,6.8801,literature,0.40,2.27513,5.30865
59,25,59.5000,25.5000,1.0000,60.0000,0,0.596673,0.02725,3.58004,0.059667,ok,0.192682,,0.192682,3.58004,3.3694,0.189434,3.75203,1,0,6.8543,literature,0.40,2.25122,5.25284
0,26,0.5000,26.5000,1.0000,60.0000,0,0.600554,0.02725,3.60333,0.060055,ok,0.192224,,0.192224,3.60333,3.3774,0.189004,3.77607,1,0,6.8699,literature,0.40,2.26564,5.28650
1,26,1.5000,26.5000,1.0000,60.0000,0,0.614583,0.02725,3.68750,0.061458,ok,0.190617,,0.190617,3.68750,3.4059,0.188297,3.81619,1,0,6.8956,literature,0.40,2.28972,5.34267
2,26,2.5000,26.5000,1.0000,60.0000,0,0.629360,0.02725,3.77616,0.062936,ok,0.189002,,0.189002,3.77616,3.4350,0.187473,3.86408,1,0,6.9259,literature,0.40,2.31845,5.40971
3,26,3.5000,26.5000,1.0000,60.0000,0,0.644796,0.02725,3.86878,0.064480,ok,0.187394,,0.187394,3.86878,3.4644,0.186528,3.92055,1,0,6.9611,literature,0.40,2.35233,5.48878
4,26,4.5000,26.5000,1.0000,60.0000,0,0.660804,0.02725,3.96482,0.066080,ok,0.185805,,0.185805,3.96482,3.4941,0.185463,3.98616,1,0,7.0010,literature,0.40,2.39170,5.58062
5,26,5.5000,26.5000,1.0000,60.0000,0,0.677296,0.02725,4.06378,0.067730,ok,0.184247,,0.184247,4.06378,3.5236,0.184289,4.06107,1,0,7.0456,literature,0.40,2.43664,5.68549
6,26,6.5000,26.5000,1.0000,60.0000,0,0.694184,0.02725,4.16511,0.069418,ok,0.182729,,0.182729,4.16511,3.5529,0.183024,4.14502,1,0,7.0943,literature,0.40,2.48701,5.80302
7,26,7.5000,26.5000,1.0000,60.0000,0,0.711380,0.02725,4.26828,0.071138,ok,0.181256,,0.181256,4.26828,3.5817,0.181691,4.23732,1,0,7.1464,literature,0.40,2.54239,5.93225
8,26,8.5000,26.5000,1.0000,60.0000,0,0.728796,0.02725,4.37278,0.072880,ok,0.179805,,0.179805,4.37278,3.6107,0.180315,4.33699,1,0,7.2009,literature,0.40,2.60219,6.07178
9,26,9.5000,26.5000,1.0000,60.0000,0,0.746344,0.02725,4.47806,0.074634,ok,0.178183,,0.178183,4.47806,3.6435,0.178923,4.42941,1,0,7.2569,literature,0.40,2.65765,6.20118
10,26,10.5000,26.5000,1.0000,60.0000,0,0.763936,0.02725,4.58361,0.076394,ok,0.176632,,0.176632,4.58361,3.6755,0.177537,4.52147,1,0,7.3136,literature,0.40,2.71288,6.33005
11,26,11.5000,26.5000,1.0000,60.0000,0,0.781484,0.02725,4.68890,0.078148,ok,0.175155,,0.175155,4.68890,3.7065,0.176176,4.61565,1,0,7.3701,literature,0.40,2.76939,6.46192
12,26,12.5000,26.5000,1.0000,60.0000,0,0.798899,0.02725,4.79340,0.079890,ok,0.173752,,0.173752,4.79340,3.7364,0.174853,4.71099,1,0,7.4258,literature,0.40,2.82659,6.59539
13,26,13.5000,26.5000,1.0000,60.0000,0,0.816095,0.02725,4.89657,0.081610,ok,0.172426,,0.172426,4.89657,3.7652,0.173575,4.80692,1,0,7.4805,literature,0.40,2.88415,6.72969
14,26,14.5000,26.5000,1.0000,60.0000,0,0.832983,0.02725,4.99790,0.083298,ok,0.171178,,0.171178,4.99790,3.7926,0.172358,4.90199,1,0,7.5333,literature,0.40,2.94119,6.86278
15,26,15.5000,26.5000,1.0000,60.0000,0,0.849475,0.02725,5.09685,0.084948,ok,0.170006,,0.170006,5.09685,3.8188,0.171207,4.99546,1,0,7.5840,literature,0.40,2.99728,6.99365
16,26,16.5000,26.5000,1.0000,60.0000,0,0.865484,0.02725,5.19290,0.086548,ok,0.168911,,0.168911,5.19290,3.8435,0.170125,5.08665,1,0,7.6322,literature,0.40,3.05199,7.12130
17,26,17.5000,26.5000,1.0000,60.0000,0,0.880920,0.02725,5.28552,0.088092,ok,0.167893,,0.167893,5.28552,3.8668,0.169114,5.17486,1,0,7.6778,literature,0.40,3.10491,7.24480
18,26,18.5000,26.5000,1.0000,60.0000,0,0.895697,0.02725,5.37418,0.089570,ok,0.166952,,0.166952,5.37418,3.8886,0.168176,5.25945,1,0,7.7207,literature,0.40,3.15567,7.36323
19,26,19.5000,26.5000,1.0000,60.0000,0,0.909725,0.02725,5.45835,0.090973,ok,0.166086,,0.166086,5.45835,3.9089,0.167313,5.33981,1,0,7.7605,literature,0.40,3.20389,7.47574
20,26,20.5000,26.5000,1.0000,60.0000,0,0.922918,0.02725,5.53751,0.092292,ok,0.165297,,0.165297,5.53751,3.9276,0.166525,5.41534,1,0,7.7972,literature,0.40,3.24920,7.58147
21,26,21.5000,26.5000,1.0000,60.0000,0,0.935187,0.02725,5.61112,0.093519,ok,0.164582,,0.164582,5.61112,3.9446,0.165813,5.48545,1,0,7.8307,literature,0.40,3.29127,7.67963
22,26,22.5000,26.5000,1.0000,60.0000,0,0.946445,0.02725,5.67867,0.094644,ok,0.163942,,0.163942,5.67867,3.9600,0.165178,5.54957,1,0,7.8608,literature,0.40,3.32974,7.76940
23,26,23.5000,26.5000,1.0000,60.0000,0,0.956603,0.02725,5.73962,0.095660,ok,0.163378,,0.163378,5.73962,3.9737,0.164620,5.60717,1,0,7.8874,literature,0.40,3.36430,7.85004
24,26,24.5000,26.5000,1.0000,60.0000,0,0.965573,0.02725,5.79344,0.096557,ok,0.162890,,0.162890,5.79344,3.9856,0.164139,5.65771,1,0,7.9105,literature,0.40,3.39463,7.92079
25,26,25.5000,26.5000,1.0000,60.0000,0,0.973267,0.02725,5.83960,0.097327,ok,0.162479,,0.162479,5.83960,3.9957,0.163737,5.70070,1,0,7.9300,literature,0.40,3.42042,7.98098
26,26,26.5000,26.5000,1.0000,60.0000,0,0.979598,0.02725,5.87759,0.097960,ok,0.162145,,0.162145,5.87759,4.0039,0.163427,5.73432,1,0,7.9450,literature,0.40,3.44059,8.02805
27,26,27.5000,26.5000,1.0000,60.0000,0,0.984477,0.02725,5.90686,0.098448,ok,0.161891,,0.161891,5.90686,4.0102,0.163184,5.76090,1,0,7.9568,literature,0.40,3.45654,8.06526
28,26,28.5000,26.5000,1.0000,60.0000,0,0.987816,0.02725,5.92690,0.098782,ok,0.161718,,0.161718,5.92690,4.0145,0.163022,5.77880,1,0,7.9647,literature,0.40,3.46728,8.09032
29,26,29.5000,26.5000,1.0000,60.0000,0,0.989528,0.02725,5.93717,0.098953,ok,0.161630,,0.161630,5.93717,4.0167,0.162941,5.78780,1,0,7.9687,literature,0.40,3.47268,8.10293
30,26,30.5000,26.5000,1.0000,60.0000,0,0.989528,0.02725,5.93717,0.098953,ok,0.161630,,0.161630,5.93717,4.0167,0.162941,5.78780,1,0,7.9687,literature,0.40,3.47268,8.10293
31,26,31.5000,26.5000,1.0000,60.0000,0,0.987816,0.02725,5.92690,0.098782,ok,0.161718,,0.161718,5.92690,4.0145,0.163022,5.77880,1,0,7.9647,literature,0.40,3.46728,8.09032
32,26,32.5000,26.5000,1.0000,60.0000,0,0.984477,0.02725,5.90686,0.098448,ok,0.161891,,0.161891,5.90686,4.0102,0.163184,5.76090,1,0,7.9568,literature,0.40,3.45654,8.06526
33,26,33.5000,26.5000,1.0000,60.0000,0,0.979598,0.02725,5.87759,0.097960,ok,0.162145,,0.162145,5.87759,4.0039,0.163427,5.73432,1,0,7.9450,literature,0.40,3.44059,8.02805
34,26,34.5000,26.5000,1.0000,60.0000,0,0.973267,0.02725,5.83960,0.097327,ok,0.162479,,0.162479,5.83960,3.9957,0.163737,5.70070,1,0,7.9300,literature,0.40,3.42042,7.98098
35,26,35.5000,26.5000,1.0000,60.0000,0,0.965573,0.02725,5.79344,0.096557,ok,0.162890,,0.162890,5.79344,3.9856,0.164139,5.65771,1,0,7.9105,literature,0.40,3.39463,7.92079
36,26,36.5000,26.5000,1.0000,60.0000,0,0.956603,0.02725,5.73962,0.095660,ok,0.163378,,0.163378,5.73962,3.9737,0.164620,5.60717,1,0,7.8874,literature,0.40,3.36430,7.85004
37,26,37.5000,26.5000,1.0000,60.0000,0,0.946445,0.02725,5.67867,0.094644,ok,0.163942,,0.163942,5.67867,3.9600,0.165178,5.54957,1,0,7.8608,literature,0.40,3.32974,7.76940
38,26,38.5000,26.5000,1.0000,60.0000,0,0.935187,0.02725,5.61112,0.093519,ok,0.164582,,0.164582,5.61112,3.9446,0.165813,5.48545,1,0,7.8307,literature,0.40,3.29127,7.67963
39,26,39.5000,26.5000,1.0000,60.0000,0,0.922918,0.02725,5.53751,0.092292,ok,0.165297,,0.165297,5.53751,3.9276,0.166525,5.41534,1,0,7.7972,literature,0.40,3.24920,7.58147
40,26,40.5000,26.5000,1.0000,60.0000,0,0.909725,0.02725,5.45835,0.090973,ok,0.166086,,0.166086,5.45835,3.9089,0.167313,5.33981,1,0,7.7605,literature,0.40,3.20389,7.47574
41,26,41.5000,26.5000,1.0000,60.0000,0,0.895697,0.02725,5.37418,0.089570,ok,0.166952,,0.166952,5.37418,3.8886,0.168176,5.25945,1,0,7.7207,literature,0.40,3.15567,7.36323
42,26,42.5000,26.5000,1.0000,60.0000,0,0.880920,0.02725,5.28552,0.088092,ok,0.167893,,0.167893,5.28552,3.8668,0.169114,5.17486,1,0,7.6778,literature,0.40,3.10491,7.24480
43,26,43.5000,26.5000,1.0000,60.0000,0,0.865484,0.02725,5.19290,0.086548,ok,0.168911,,0.168911,5.19290,3.8435,0.170125,5.08665,1,0,7.6322,literature,0.40,3.05199,7.12130
44,26,44.5000,26.5000,1.0000,60.0000,0,0.849475,0.02725,5.09685,0.084948,ok,0.170006,,0.170006,5.09685,3.8188,0.171207,4.99546,1,0,7.5840,literature,0.40,2.99728,6.99365
45,26,45.5000,26.5000,1.0000,60.0000,0,0.832983,0.02725,4.99790,0.083298,ok,0.171178,,0.171178,4.99790,3.7926,0.172358,4.90199,1,0,7.5333,literature,0.40,2.94119,6.86278
46,26,46.5000,26.5000,1.0000,60.0000,0,0.816095,0.02725,4.89657,0.081610,ok,0.172426,,0.172426,4.89657,3.7652,0.173575,4.80692,1,0,7.4805,literature,0.40,2.88415,6.72969
47,26,47.5000,26.5000,1.0000,60.0000,0,0.798899,0.02725,4.79340,0.079890,ok,0.173752,,0.173752,4.79340,3.7364,0.174853,4.71099,1,0,7.4258,literature,0.40,2.82659,6.59539
48,26,48.5000,26.5000,1.0000,60.0000,0,0.781484,0.02725,4.68890,0.078148,ok,0.175155,,0.175155,4.68890,3.7065,0.176176,4.61565,1,0,7.3701,literature,0.40,2.76939,6.46192
49,26,49.5000,26.5000,1.0000,60.0000,0,0.763936,0.02725,4.58361,0.076394,ok,0.176632,,0.176632,4.58361,3.6755,0.177537,4.52147,1,0,7.3136,literature,0.40,2.71288,6.33005
50,26,50.5000,26.5000,1.0000,60.0000,0,0.746344,0.02725,4.47806,0.074634,ok,0.178183,,0.178183,4.47806,3.6435,0.178923,4.42941,1,0,7.2569,literature,0.40,2.65765,6.20118
51,26,51.5000,26.5000,1.0000,60.0000,0,0.728796,0.02725,4.37278,0.072880,ok,0.179805,,0.179805,4.37278,3.6107,0.180315,4.33699,1,0,7.2009,literature,0.40,2.60219,6.07178
52,26,52.5000,26.5000,1.0000,60.0000,0,0.711380,0.02725,4.26828,0.071138,ok,0.181256,,0.181256,4.26828,3.5817,0.181691,4.23732,1,0,7.1464,literature,0.40,2.54239,5.93225
53,26,53.5000,26.5000,1.0000,60.0000,0,0.694184,0.02725,4.16511,0.069418,ok,0.182729,,0.182729,4.16511,3.5529,0.183024,4.14502,1,0,7.0943,literature,0.40,2.48701,5.80302
54,26,54.5000,26.5000,1.0000,60.0000,0,0.677296,0.02725,4.06378,0.067730,ok,0.184247,,0.184247,4.06378,3.5236,0.184289,4.06107,1,0,7.0456,literature,0.40,2.43664,5.68549
55,26,55.5000,26.5000,1.0000,60.0000,0,0.660804,0.02725,3.96482,0.066080,ok,0.185805,,0.185805,3.96482,3.4941,0.185463,3.98616,1,0,7.0010,literature,0.40,2.39170,5.58062
56,26,56.5000,26.5000,1.0000,60.0000,0,0.644796,0.02725,3.86878,0.064480,ok,0.187394,,0.187394,3.86878,3.4644,0.186528,3.92055,1,0,6.9611,literature,0.40,2.35233,5.48878
57,26,57.5000,26.5000,1.0000,60.0000,0,0.629360,0.02725,3.77616,0.062936,ok,0.189002,,0.189002,3.77616,3.4350,0.187473,3.86408,1,0,6.9259,literature,0.40,2.31845,5.40971
58,26,58.5000,26.5000,1.0000,60.0000,0,0.614583,0.02725,3.68750,0.061458,ok,0.190617,,0.190617,3.68750,3.4059,0.188297,3.81619,1,0,6.8956,literature,0.40,2.28972,5.34267
59,26,59.5000,26.5000,1.0000,60.0000,0,0.600554,0.02725,3.60333,0.060055,ok,0.192224,,0.192224,3.60333,3.3774,0.189004,3.77607,1,0,6.8699,literature,0.40,2.26564,5.28650
0,27,0.5000,27.5000,1.0000,60.0000,0,0.603545,0.02725,3.62127,0.060355,ok,0.191875,,0.191875,3.62127,3.3835,0.188679,3.79439,1,0,6.8817,literature,0.40,2.27663,5.31214
1,27,1.5000,27.5000,1.0000,60.0000,0,0.617644,0.02725,3.70586,0.061764,ok,0.190276,,0.190276,3.70586,3.4120,0.187976,3.83471,1,0,6.9074,literature,0.40,2.30083,5.36860
2,27,2.5000,27.5000,1.0000,60.0000,0,0.632494,0.02725,3.79496,0.063249,ok,0.188669,,0.188669,3.79496,3.4410,0.187156,3.88285,1,0,6.9377,literature,0.40,2.32971,5.43599
3,27,3.5000,27.5000,1.0000,60.0000,0,0.648007,0.02725,3.88804,0.064801,ok,0.187069,,0.187069,3.88804,3.4705,0.186215,3.93963,1,0,6.9728,literature,0.40,2.36378,5.51548
4,27,4.5000,27.5000,1.0000,60.0000,0,0.664095,0.02725,3.98457,0.066410,ok,0.185488,,0.185488,3.98457,3.5000,0.185154,4.00562,1,0,7.0127,literature,0.40,2.40337,5.60786
5,27,5.5000,27.5000,1.0000,60.0000,0,0.680670,0.02725,4.08402,0.068067,ok,0.183938,,0.183938,4.08402,3.5295,0.183984,4.08100,1,0,7.0573,literature,0.40,2.44860,5.71340
6,27,6.5000,27.5000,1.0000,60.0000,0,0.697642,0.02725,4.18585,0.069764,ok,0.182427,,0.182427,4.18585,3.5588,0.182722,4.16554,1,0,7.1060,literature,0.40,2.49932,5.83176
7,27,7.5000,27.5000,1.0000,60.0000,0,0.714923,0.02725,4.28954,0.071492,ok,0.180962,,0.180962,4.28954,3.5876,0.181392,4.25856,1,0,7.1581,literature,0.40,2.55514,5.96198
8,27,8.5000,27.5000,1.0000,60.0000,0,0.732426,0.02725,4.39456,0.073243,ok,0.179463,,0.179463,4.39456,3.6175,0.180019,4.35903,1,0,7.2127,literature,0.40,2.61542,6.10264
9,27,9.5000,27.5000,1.0000,60.0000,0,0.750061,0.02725,4.50037,0.075006,ok,0.177850,,0.177850,4.50037,3.6504,0.178630,4.44858,1,0,7.2688,literature,0.40,2.66915,6.22802
10,27,10.5000,27.5000,1.0000,60.0000,0,0.767741,0.02725,4.60644,0.076774,ok,0.176306,,0.176306,4.60644,3.6823,0.177246,4.54129,1,0,7.3256,literature,0.40,2.72477,6.35780
11,27,11.5000,27.5000,1.0000,60.0000,0,0.785376,0.02725,4.71226,0.078538,ok,0.174836,,0.174836,4.71226,3.7133,0.175887,4.63615,1,0,7.3822,literature,0.40,2.78169,6.49060
12,27,12.5000,27.5000,1.0000,60.0000,0,0.802878,0.02725,4.81727,0.080288,ok,0.173440,,0.173440,4.81727,3.7432,0.174567,4.73215,1,0,7.4380,literature,0.40,2.83929,6.62500
13,27,13.5000,27.5000,1.0000,60.0000,0,0.820160,0.02725,4.92096,0.082016,ok,0.172121,,0.172121,4.92096,3.7718,0.173292,4.82873,1,0,7.4927,literature,0.40,2.89724,6.76022
14,27,14.5000,27.5000,1.0000,60.0000,0,0.837132,0.02725,5.02279,0.083713,ok,0.170878,,0.170878,5.02279,3.7993,0.172078,4.92440,1,0,7.5456,literature,0.40,2.95464,6.89416
15,27,15.5000,27.5000,1.0000,60.0000,0,0.853706,0.02725,5.12224,0.085371,ok,0.169713,,0.169713,5.12224,3.8254,0.170931,5.01844,1,0,7.5962,literature,0.40,3.01106,7.02581
16,27,16.5000,27.5000,1.0000,60.0000,0,0.869794,0.02725,5.21877,0.086979,ok,0.168623,,0.168623,5.21877,3.8501,0.169852,5.11013,1,0,7.6445,literature,0.40,3.06608,7.15419
17,27,17.5000,27.5000,1.0000,60.0000,0,0.885308,0.02725,5.31185,0.088531,ok,0.167611,,0.167611,5.31185,3.8734,0.168845,5.19882,1,0,7.6901,literature,0.40,3.11929,7.27834
18,27,18.5000,27.5000,1.0000,60.0000,0,0.900158,0.02725,5.40095,0.090016,ok,0.166674,,0.166674,5.40095,3.8951,0.167912,5.28384,1,0,7.7328,literature,0.40,3.17031,7.39738
19,27,19.5000,27.5000,1.0000,60.0000,0,0.914256,0.02725,5.48554,0.091426,ok,0.165813,,0.165813,5.48554,3.9154,0.167052,5.36460,1,0,7.7726,literature,0.40,3.21876,7.51044
20,27,20.5000,27.5000,1.0000,60.0000,0,0.927515,0.02725,5.56509,0.092752,ok,0.165027,,0.165027,5.56509,3.9340,0.166268,5.44049,1,0,7.8093,literature,0.40,3.26429,7.61668
21,27,21.5000,27.5000,1.0000,60.0000,0,0.939845,0.02725,5.63907,0.093985,ok,0.164315,,0.164315,5.63907,3.9510,0.165559,5.51092,1,0,7.8427,literature,0.40,3.30655,7.71529
22,27,22.5000,27.5000,1.0000,60.0000,0,0.951159,0.02725,5.70695,0.095116,ok,0.163679,,0.163679,5.70695,3.9664,0.164927,5.57535,1,0,7.8728,literature,0.40,3.34521,7.80549
23,27,23.5000,27.5000,1.0000,60.0000,0,0.961367,0.02725,5.76820,0.096137,ok,0.163118,,0.163118,5.76820,3.9800,0.164371,5.63320,1,0,7.8994,literature,0.40,3.37992,7.88649
24,27,24.5000,27.5000,1.0000,60.0000,0,0.970382,0.02725,5.82229,0.097038,ok,0.162632,,0.162632,5.82229,3.9919,0.163893,5.68397,1,0,7.9224,literature,0.40,3.41038,7.95756
25,27,25.5000,27.5000,1.0000,60.0000,0,0.978115,0.02725,5.86869,0.097811,ok,0.162223,,0.162223,5.86869,4.0020,0.163505,5.72579,1,0,7.9412,literature,0.40,3.43547,8.01611
26,27,26.5000,27.5000,1.0000,60.0000,0,0.984477,0.02725,5.90686,0.098448,ok,0.161891,,0.161891,5.90686,4.0102,0.163184,5.76090,1,0,7.9568,literature,0.40,3.45654,8.06526
27,27,27.5000,27.5000,1.0000,60.0000,0,0.989380,0.02725,5.93628,0.098938,ok,0.161637,,0.161637,5.93628,4.0165,0.162943,5.78760,1,0,7.9686,literature,0.40,3.47256,8.10264
28,27,28.5000,27.5000,1.0000,60.0000,0,0.992736,0.02725,5.95642,0.099274,ok,0.161466,,0.161466,5.95642,4.0208,0.162781,5.80558,1,0,7.9765,literature,0.40,3.48335,8.12781
29,27,29.5000,27.5000,1.0000,60.0000,0,0.994457,0.02725,5.96674,0.099446,ok,0.161378,,0.161378,5.96674,4.0229,0.162701,5.81462,1,0,7.9805,literature,0.40,3.48877,8.14047
30,27,30.5000,27.5000,1.0000,60.0000,0,0.994457,0.02725,5.96674,0.099446,ok,0.161378,,0.161378,5.96674,4.0229,0.162701,5.81462,1,0,7.9805,literature,0.40,3.48877,8.14047
31,27,31.5000,27.5000,1.0000,60.0000,0,0.992736,0.02725,5.95642,0.099274,ok,0.161466,,0.161466,5.95642,4.0208,0.162781,5.80558,1,0,7.9765,literature,0.40,3.48335,8.12781
32,27,32.5000,27.5000,1.0000,60.0000,0,0.989380,0.02725,5.93628,0.098938,ok,0.161637,,0.161637,5.93628,4.0165,0.162943,5.78760,1,0,7.9686,literature,0.40,3.47256,8.10264
33,27,33.5000,27.5000,1.0000,60.0000,0,0.984477,0.02725,5.90686,0.098448,ok,0.161891,,0.161891,5.90686,4.0102,0.163184,5.76090,1,0,7.9568,literature,0.40,3.45654,8.06526
34,27,34.5000,27.5000,1.0000,60.0000,0,0.978115,0.02725,5.86869,0.097811,ok,0.162223,,0.162223,5.86869,4.0020,0.163505,5.72579,1,0,7.9412,literature,0.40,3.43547,8.01611
35,27,35.5000,27.5000,1.0000,60.0000,0,0.970382,0.02725,5.82229,0.097038,ok,0.162632,,0.162632,5.82229,3.9919,0.163893,5.68397,1,0,7.9224,literature,0.40,3.41038,7.95756
36,27,36.5000,27.5000,1.0000,60.0000,0,0.961367,0.02725,5.76820,0.096137,ok,0.163118,,0.163118,5.76820,3.9800,0.164371,5.63320,1,0,7.8994,literature,0.40,3.37992,7.88649
37,27,37.5000,27.5000,1.0000,60.0000,0,0.951159,0.02725,5.70695,0.095116,ok,0.163679,,0.163679,5.70695,3.9664,0.164927,5.57535,1,0,7.8728,literature,0.40,3.34521,7.80549
38,27,38.5000,27.5000,1.0000,60.0000,0,0.939845,0.02725,5.63907,0.093985,ok,0.164315,,0.164315,5.63907,3.9510,0.165559,5.51092,1,0,7.8427,literature,0.40,3.30655,7.71529
39,27,39.5000,27.5000,1.0000,60.0000,0,0.927515,0.02725,5.56509,0.092752,ok,0.165027,,0.165027,5.56509,3.9340,0.166268,5.44049,1,0,7.8093,literature,0.40,3.26429,7.61668
40,27,40.5000,27.5000,1.0000,60.0000,0,0.914256,0.02725,5.48554,0.091426,ok,0.165813,,0.165813,5.48554,3.9154,0.167052,5.36460,1,0,7.7726,literature,0.40,3.21876,7.51044
41,27,41.5000,27.5000,1.0000,60.0000,0,0.900158,0.02725,5.40095,0.090016,ok,0.166674,,0.166674,5.40095,3.8951,0.167912,5.28384,1,0,7.7328,literature,0.40,3.17031,7.39738
42,27,42.5000,27.5000,1.0000,60.0000,0,0.885308,0.02725,5.31185,0.088531,ok,0.167611,,0.167611,5.31185,3.8734,0.168845,5.19882,1,0,7.6901,literature,0.40,3.11929,7.27834
43,27,43.5000,27.5000,1.0000,60.0000,0,0.869794,0.02725,5.21877,0.086979,ok,0.168623,,0.168623,5.21877,3.8501,0.169852,5.11013,1,0,7.6445,literature,0.40,3.06608,7.15419
44,27,44.5000,27.5000,1.0000,60.0000,0,0.853706,0.02725,5.12224,0.085371,ok,0.169713,,0.169713,5.12224,3.8254,0.170931,5.01844,1,0,7.5962,literature,0.40,3.01106,7.02581
45,27,45.5000,27.5000,1.0000,60.0000,0,0.837132,0.02725,5.02279,0.083713,ok,0.170878,,0.170878,5.02279,3.7993,0.172078,4.92440,1,0,7.5456,literature,0.40,2.95464,6.89416
46,27,46.5000,27.5000,1.0000,60.0000,0,0.820160,0.02725,4.92096,0.082016,ok,0.172121,,0.172121,4.92096,3.7718,0.173292,4.82873,1,0,7.4927,literature,0.40,2.89724,6.76022
47,27,47.5000,27.5000,1.0000,60.0000,0,0.802878,0.02725,4.81727,0.080288,ok,0.173440,,0.173440,4.81727,3.7432,0.174567,4.73215,1,0,7.4380,literature,0.40,2.83929,6.62500
48,27,48.5000,27.5000,1.0000,60.0000,0,0.785376,0.02725,4.71226,0.078538,ok,0.174836,,0.174836,4.71226,3.7133,0.175887,4.63615,1,0,7.3822,literature,0.40,2.78169,6.49060
49,27,49.5000,27.5000,1.0000,60.0000,0,0.767741,0.02725,4.60644,0.076774,ok,0.176306,,0.176306,4.60644,3.6823,0.177246,4.54129,1,0,7.3256,literature,0.40,2.72477,6.35780
50,27,50.5000,27.5000,1.0000,60.0000,0,0.750061,0.02725,4.50037,0.075006,ok,0.177850,,0.177850,4.50037,3.6504,0.178630,4.44858,1,0,7.2688,literature,0.40,2.66915,6.22802
51,27,51.5000,27.5000,1.0000,60.0000,0,0.732426,0.02725,4.39456,0.073243,ok,0.179463,,0.179463,4.39456,3.6175,0.180019,4.35903,1,0,7.2127,literature,0.40,2.61542,6.10264
52,27,52.5000,27.5000,1.0000,60.0000,0,0.714923,0.02725,4.28954,0.071492,ok,0.180962,,0.180962,4.28954,3.5876,0.181392,4.25856,1,0,7.1581,literature,0.40,2.55514,5.96198
53,27,53.5000,27.5000,1.0000,60.0000,0,0.697642,0.02725,4.18585,0.069764,ok,0.182427,,0.182427,4.18585,3.5588,0.182722,4.16554,1,0,7.1060,literature,0.40,2.49932,5.83176
54,27,54.5000,27.5000,1.0000,60.0000,0,0.680670,0.02725,4.08402,0.068067,ok,0.183938,,0.183938,4.08402,3.5295,0.183984,4.08100,1,0,7.0573,literature,0.40,2.44860,5.71340
55,27,55.5000,27.5000,1.0000,60.0000,0,0.664095,0.02725,3.98457,0.066410,ok,0.185488,,0.185488,3.98457,3.5000,0.185154,4.00562,1,0,7.0127,literature,0.40,2.40337,5.60786
56,27,56.5000,27.5000,1.0000,60.0000,0,0.648007,0.02725,3.88804,0.064801,ok,0.187069,,0.187069,3.88804,3.4705,0.186215,3.93963,1,0,6.9728,literature,0.40,2.36378,5.51548
57,27,57.5000,27.5000,1.0000,60.0000,0,0.632494,0.02725,3.79496,0.063249,ok,0.188669,,0.188669,3.79496,3.4410,0.187156,3.88285,1,0,6.9377,literature,0.40,2.32971,5.43599
58,27,58.5000,27.5000,1.0000,60.0000,0,0.617644,0.02725,3.70586,0.061764,ok,0.190276,,0.190276,3.70586,3.4120,0.187976,3.83471,1,0,6.9074,literature,0.40,2.30083,5.36860
59,27,59.5000,27.5000,1.0000,60.0000,0,0.603545,0.02725,3.62127,0.060355,ok,0.191875,,0.191875,3.62127,3.3835,0.188679,3.79439,1,0,6.8817,literature,0.40,2.27663,5.31214
0,28,0.5000,28.5000,1.0000,60.0000,0,0.605593,0.02725,3.63356,0.060559,ok,0.191638,,0.191638,3.63356,3.3877,0.188462,3.80675,1,0,6.8896,literature,0.40,2.28405,5.32944
1,28,1.5000,28.5000,1.0000,60.0000,0,0.619739,0.02725,3.71843,0.061974,ok,0.190045,,0.190045,3.71843,3.4161,0.187761,3.84721,1,0,6.9153,literature,0.40,2.30833,5.38609
2,28,2.5000,28.5000,1.0000,60.0000,0,0.634640,0.02725,3.80784,0.063464,ok,0.188443,,0.188443,3.80784,3.4452,0.186944,3.89551,1,0,6.9456,literature,0.40,2.33731,5.45372
3,28,3.5000,28.5000,1.0000,60.0000,0,0.650206,0.02725,3.90123,0.065021,ok,0.186848,,0.186848,3.90123,3.4746,0.186005,3.95250,1,0,6.9806,literature,0.40,2.37150,5.53350
4,28,4.5000,28.5000,1.0000,60.0000,0,0.666348,0.02725,3.99809,0.066635,ok,0.185273,,0.185273,3.99809,3.5041,0.184947,4.01875,1,0,7.0206,literature,0.40,2.41125,5.62625
5,28,5.5000,28.5000,1.0000,60.0000,0,0.682979,0.02725,4.09787,0.068298,ok,0.183728,,0.183728,4.09787,3.5336,0.183779,4.09447,1,0,7.0652,literature,0.40,2.45668,5.73225
6,28,6.5000,28.5000,1.0000,60.0000,0,0.700008,0.02725,4.20005,0.070001,ok,0.182222,,0.182222,4.20005,3.5628,0.182520,4.17941,1,0,7.1139,literature,0.40,2.50764,5.85117
7,28,7.5000,28.5000,1.0000,60.0000,0,0.717348,0.02725,4.30409,0.071735,ok,0.180762,,0.180762,4.30409,3.5915,0.181192,4.27291,1,0,7.1660,literature,0.40,2.56375,5.98208
8,28,8.5000,28.5000,1.0000,60.0000,0,0.734910,0.02725,4.40946,0.073491,ok,0.179231,,0.179231,4.40946,3.6222,0.179821,4.37179,1,0,7.2207,literature,0.40,2.62307,6.12050
9,28,9.5000,28.5000,1.0000,60.0000,0,0.752605,0.02725,4.51563,0.075261,ok,0.177623,,0.177623,4.51563,3.6550,0.178433,4.46153,1,0,7.2768,literature,0.40,2.67692,6.24614
10,28,10.5000,28.5000,1.0000,60.0000,0,0.770345,0.02725,4.62207,0.077034,ok,0.176085,,0.176085,4.62207,3.6869,0.177051,4.55467,1,0,7.3337,literature,0.40,2.73280,6.37654
11,28,11.5000,28.5000,1.0000,60.0000,0,0.788040,0.02725,4.72824,0.078804,ok,0.174619,,0.174619,4.72824,3.7179,0.175693,4.64998,1,0,7.3903,literature,0.40,2.78999,6.50997
12,28,12.5000,28.5000,1.0000,60.0000,0,0.805602,0.02725,4.83361,0.080560,ok,0.173229,,0.173229,4.83361,3.7477,0.174375,4.74642,1,0,7.4462,literature,0.40,2.84785,6.64499
13,28,13.5000,28.5000,1.0000,60.0000,0,0.822942,0.02725,4.93765,0.082294,ok,0.171914,,0.171914,4.93765,3.7764,0.173102,4.84344,1,0,7.5009,literature,0.40,2.90606,6.78081
14,28,14.5000,28.5000,1.0000,60.0000,0,0.839972,0.02725,5.03983,0.083997,ok,0.170675,,0.170675,5.03983,3.8038,0.171891,4.93951,1,0,7.5538,literature,0.40,2.96371,6.91532
15,28,15.5000,28.5000,1.0000,60.0000,0,0.856602,0.02725,5.13961,0.085660,ok,0.169513,,0.169513,5.13961,3.8299,0.170746,5.03392,1,0,7.6045,literature,0.40,3.02035,7.04749
16,28,16.5000,28.5000,1.0000,60.0000,0,0.872745,0.02725,5.23647,0.087274,ok,0.168428,,0.168428,5.23647,3.8546,0.169670,5.12596,1,0,7.6527,literature,0.40,3.07558,7.17635
17,28,17.5000,28.5000,1.0000,60.0000,0,0.888311,0.02725,5.32986,0.088831,ok,0.167419,,0.167419,5.32986,3.8778,0.168666,5.21496,1,0,7.6983,literature,0.40,3.12898,7.30095
18,28,18.5000,28.5000,1.0000,60.0000,0,0.903211,0.02725,5.41927,0.090321,ok,0.166485,,0.166485,5.41927,3.8995,0.167735,5.30028,1,0,7.7410,literature,0.40,3.18017,7.42039
19,28,19.5000,28.5000,1.0000,60.0000,0,0.917358,0.02725,5.50415,0.091736,ok,0.165627,,0.165627,5.50415,3.9197,0.166878,5.38130,1,0,7.7807,literature,0.40,3.22878,7.53381
20,28,20.5000,28.5000,1.0000,60.0000,0,0.930661,0.02725,5.58397,0.093066,ok,0.164843,,0.164843,5.58397,3.9384,0.166096,5.45743,1,0,7.8174,literature,0.40,3.27446,7.64040
21,28,21.5000,28.5000,1.0000,60.0000,0,0.943033,0.02725,5.65820,0.094303,ok,0.164135,,0.164135,5.65820,3.9554,0.165389,5.52808,1,0,7.8507,literature,0.40,3.31685,7.73932
22,28,22.5000,28.5000,1.0000,60.0000,0,0.954385,0.02725,5.72631,0.095439,ok,0.163501,,0.163501,5.72631,3.9707,0.164759,5.59270,1,0,7.8808,literature,0.40,3.35562,7.82979
23,28,23.5000,28.5000,1.0000,60.0000,0,0.964628,0.02725,5.78777,0.096463,ok,0.162941,,0.162941,5.78777,3.9844,0.164205,5.65074,1,0,7.9074,literature,0.40,3.39044,7.91103
24,28,24.5000,28.5000,1.0000,60.0000,0,0.973674,0.02725,5.84204,0.097367,ok,0.162457,,0.162457,5.84204,3.9962,0.163728,5.70166,1,0,7.9304,literature,0.40,3.42100,7.98232
25,28,25.5000,28.5000,1.0000,60.0000,0,0.981432,0.02725,5.88859,0.098143,ok,0.162049,,0.162049,5.88859,4.0063,0.163342,5.74359,1,0,7.9491,literature,0.40,3.44615,8.04102
26,28,26.5000,28.5000,1.0000,60.0000,0,0.987816,0.02725,5.92690,0.098782,ok,0.161718,,0.161718,5.92690,4.0145,0.163022,5.77880,1,0,7.9647,literature,0.40,3.46728,8.09032
27,28,27.5000,28.5000,1.0000,60.0000,0,0.992736,0.02725,5.95642,0.099274,ok,0.161466,,0.161466,5.95642,4.0208,0.162781,5.80558,1,0,7.9765,literature,0.40,3.48335,8.12781
28,28,28.5000,28.5000,1.0000,60.0000,0,0.996104,0.02725,5.97662,0.099610,ok,0.161294,,0.161294,5.97662,4.0250,0.162620,5.82361,1,0,7.9844,literature,0.40,3.49417,8.15306
29,28,29.5000,28.5000,1.0000,60.0000,0,0.997830,0.02725,5.98698,0.099783,ok,0.161207,,0.161207,5.98698,4.0272,0.162540,5.83268,1,0,7.9884,literature,0.40,3.49961,8.16575
30,28,30.5000,28.5000,1.0000,60.0000,0,0.997830,0.02725,5.98698,0.099783,ok,0.161207,,0.161207,5.98698,4.0272,0.162540,5.83268,1,0,7.9884,literature,0.40,3.49961,8.16575
31,28,31.5000,28.5000,1.0000,60.0000,0,0.996104,0.02725,5.97662,0.099610,ok,0.161294,,0.161294,5.97662,4.0250,0.162620,5.82361,1,0,7.9844,literature,0.40,3.49417,8.15306
32,28,32.5000,28.5000,1.0000,60.0000,0,0.992736,0.02725,5.95642,0.099274,ok,0.161466,,0.161466,5.95642,4.0208,0.162781,5.80558,1,0,7.9765,literature,0.40,3.48335,8.12781
33,28,33.5000,28.5000,1.0000,60.0000,0,0.987816,0.02725,5.92690,0.098782,ok,0.161718,,0.161718,5.92690,4.0145,0.163022,5.77880,1,0,7.9647,literature,0.40,3.46728,8.09032
34,28,34.5000,28.5000,1.0000,60.0000,0,0.981432,0.02725,5.88859,0.098143,ok,0.162049,,0.162049,5.88859,4.0063,0.163342,5.74359,1,0,7.9491,literature,0.40,3.44615,8.04102
35,28,35.5000,28.5000,1.0000,60.0000,0,0.973674,0.02725,5.84204,0.097367,ok,0.162457,,0.162457,5.84204,3.9962,0.163728,5.70166,1,0,7.9304,literature,0.40,3.42100,7.98232
36,28,36.5000,28.5000,1.0000,60.0000,0,0.964628,0.02725,5.78777,0.096463,ok,0.162941,,0.162941,5.78777,3.9844,0.164205,5.65074,1,0,7.9074,literature,0.40,3.39044,7.91103
37,28,37.5000,28.5000,1.0000,60.0000,0,0.954385,0.02725,5.72631,0.095439,ok,0.163501,,0.163501,5.72631,3.9707,0.164759,5.59270,1,0,7.8808,literature,0.40,3.35562,7.82979
38,28,38.5000,28.5000,1.0000,60.0000,0,0.943033,0.02725,5.65820,0.094303,ok,0.164135,,0.164135,5.65820,3.9554,0.165389,5.52808,1,0,7.8507,literature,0.40,3.31685,7.73932
39,28,39.5000,28.5000,1.0000,60.0000,0,0.930661,0.02725,5.58397,0.093066,ok,0.164843,,0.164843,5.58397,3.9384,0.166096,5.45743,1,0,7.8174,literature,0.40,3.27446,7.64040
40,28,40.5000,28.5000,1.0000,60.0000,0,0.917358,0.02725,5.50415,0.091736,ok,0.165627,,0.165627,5.50415,3.9197,0.166878,5.38130,1,0,7.7807,literature,0.40,3.22878,7.53381
41,28,41.5000,28.5000,1.0000,60.0000,0,0.903211,0.02725,5.41927,0.090321,ok,0.166485,,0.166485,5.41927,3.8995,0.167735,5.30028,1,0,7.7410,literature,0.40,3.18017,7.42039
42,28,42.5000,28.5000,1.0000,60.0000,0,0.888311,0.02725,5.32986,0.088831,ok,0.167419,,0.167419,5.32986,3.8778,0.168666,5.21496,1,0,7.6983,literature,0.40,3.12898,7.30095
43,28,43.5000,28.5000,1.0000,60.0000,0,0.872745,0.02725,5.23647,0.087274,ok,0.168428,,0.168428,5.23647,3.8546,0.169670,5.12596,1,0,7.6527,literature,0.40,3.07558,7.17635
44,28,44.5000,28.5000,1.0000,60.0000,0,0.856602,0.02725,5.13961,0.085660,ok,0.169513,,0.169513,5.13961,3.8299,0.170746,5.03392,1,0,7.6045,literature,0.40,3.02035,7.04749
45,28,45.5000,28.5000,1.0000,60.0000,0,0.839972,0.02725,5.03983,0.083997,ok,0.170675,,0.170675,5.03983,3.8038,0.171891,4.93951,1,0,7.5538,literature,0.40,2.96371,6.91532
46,28,46.5000,28.5000,1.0000,60.0000,0,0.822942,0.02725,4.93765,0.082294,ok,0.171914,,0.171914,4.93765,3.7764,0.173102,4.84344,1,0,7.5009,literature,0.40,2.90606,6.78081
47,28,47.5000,28.5000,1.0000,60.0000,0,0.805602,0.02725,4.83361,0.080560,ok,0.173229,,0.173229,4.83361,3.7477,0.174375,4.74642,1,0,7.4462,literature,0.40,2.84785,6.64499
48,28,48.5000,28.5000,1.0000,60.0000,0,0.788040,0.02725,4.72824,0.078804,ok,0.174619,,0.174619,4.72824,3.7179,0.175693,4.64998,1,0,7.3903,literature,0.40,2.78999,6.50997
49,28,49.5000,28.5000,1.0000,60.0000,0,0.770345,0.02725,4.62207,0.077034,ok,0.176085,,0.176085,4.62207,3.6869,0.177051,4.55467,1,0,7.3337,literature,0.40,2.73280,6.37654
50,28,50.5000,28.5000,1.0000,60.0000,0,0.752605,0.02725,4.51563,0.075261,ok,0.177623,,0.177623,4.51563,3.6550,0.178433,4.46153,1,0,7.2768,literature,0.40,2.67692,6.24614
51,28,51.5000,28.5000,1.0000,60.0000,0,0.734910,0.02725,4.40946,0.073491,ok,0.179231,,0.179231,4.40946,3.6222,0.179821,4.37179,1,0,7.2207,literature,0.40,2.62307,6.12050
52,28,52.5000,28.5000,1.0000,60.0000,0,0.717348,0.02725,4.30409,0.071735,ok,0.180762,,0.180762,4.30409,3.5915,0.181192,4.27291,1,0,7.1660,literature,0.40,2.56375,5.98208
53,28,53.5000,28.5000,1.0000,60.0000,0,0.700008,0.02725,4.20005,0.070001,ok,0.182222,,0.182222,4.20005,3.5628,0.182520,4.17941,1,0,7.1139,literature,0.40,2.50764,5.85117
54,28,54.5000,28.5000,1.0000,60.0000,0,0.682979,0.02725,4.09787,0.068298,ok,0.183728,,0.183728,4.09787,3.5336,0.183779,4.09447,1,0,7.0652,literature,0.40,2.45668,5.73225
55,28,55.5000,28.5000,1.0000,60.0000,0,0.666348,0.02725,3.99809,0.066635,ok,0.185273,,0.185273,3.99809,3.5041,0.184947,4.01875,1,0,7.0206,literature,0.40,2.41125,5.62625
56,28,56.5000,28.5000,1.0000,60.0000,0,0.650206,0.02725,3.90123,0.065021,ok,0.186848,,0.186848,3.90123,3.4746,0.186005,3.95250,1,0,6.9806,literature,0.40,2.37150,5.53350
57,28,57.5000,28.5000,1.0000,60.0000,0,0.634640,0.02725,3.80784,0.063464,ok,0.188443,,0.188443,3.80784,3.4452,0.186944,3.89551,1,0,6.9456,literature,0.40,2.33731,5.45372
58,28,58.5000,28.5000,1.0000,60.0000,0,0.619739,0.02725,3.71843,0.061974,ok,0.190045,,0.190045,3.71843,3.4161,0.187761,3.84721,1,0,6.9153,literature,0.40,2.30833,5.38609
59,28,59.5000,28.5000,1.0000,60.0000,0,0.605593,0.02725,3.63356,0.060559,ok,0.191638,,0.191638,3.63356,3.3877,0.188462,3.80675,1,0,6.8896,literature,0.40,2.28405,5.32944
0,29,0.5000,29.5000,1.0000,60.0000,0,0.606642,0.02725,3.63985,0.060664,ok,0.191518,,0.191518,3.63985,3.3898,0.188353,3.81297,1,0,6.8936,literature,0.40,2.28778,5.33816
1,29,1.5000,29.5000,1.0000,60.0000,0,0.620813,0.02725,3.72488,0.062081,ok,0.189927,,0.189927,3.72488,3.4182,0.187654,3.85350,1,0,6.9193,literature,0.40,2.31210,5.39491
2,29,2.5000,29.5000,1.0000,60.0000,0,0.635740,0.02725,3.81444,0.063574,ok,0.188328,,0.188328,3.81444,3.4473,0.186837,3.90189,1,0,6.9495,literature,0.40,2.34114,5.46265
3,29,3.5000,29.5000,1.0000,60.0000,0,0.651332,0.02725,3.90799,0.065133,ok,0.186736,,0.186736,3.90799,3.4767,0.185900,3.95899,1,0,6.9846,literature,0.40,2.37539,5.54258
4,29,4.5000,29.5000,1.0000,60.0000,0,0.667503,0.02725,4.00502,0.066750,ok,0.185163,,0.185163,4.00502,3.5062,0.184843,4.02537,1,0,7.0245,literature,0.40,2.41522,5.63552
5,29,5.5000,29.5000,1.0000,60.0000,0,0.684162,0.02725,4.10497,0.068416,ok,0.183621,,0.183621,4.10497,3.5356,0.183677,4.10125,1,0,7.0691,literature,0.40,2.46075,5.74175
6,29,6.5000,29.5000,1.0000,60.0000,0,0.701221,0.02725,4.20733,0.070122,ok,0.182117,,0.182117,4.20733,3.5648,0.182419,4.18640,1,0,7.1178,literature,0.40,2.51184,5.86096
7,29,7.5000,29.5000,1.0000,60.0000,0,0.718592,0.02725,4.31155,0.071859,ok,0.180660,,0.180660,4.31155,3.5936,0.181092,4.28015,1,0,7.1700,literature,0.40,2.56809,5.99221
8,29,8.5000,29.5000,1.0000,60.0000,0,0.736184,0.02725,4.41710,0.073618,ok,0.179113,,0.179113,4.41710,3.6246,0.179721,4.37810,1,0,7.2247,literature,0.40,2.62686,6.12934
9,29,9.5000,29.5000,1.0000,60.0000,0,0.753910,0.02725,4.52346,0.075391,ok,0.177507,,0.177507,4.52346,3.6574,0.178334,4.46805,1,0,7.2809,literature,0.40,2.68083,6.25527
10,29,10.5000,29.5000,1.0000,60.0000,0,0.771680,0.02725,4.63008,0.077168,ok,0.175972,,0.175972,4.63008,3.6893,0.176953,4.56141,1,0,7.3377,literature,0.40,2.73685,6.38598
11,29,11.5000,29.5000,1.0000,60.0000,0,0.789406,0.02725,4.73643,0.078941,ok,0.174509,,0.174509,4.73643,3.7202,0.175596,4.65695,1,0,7.3944,literature,0.40,2.79417,6.51973
12,29,12.5000,29.5000,1.0000,60.0000,0,0.806998,0.02725,4.84199,0.080700,ok,0.173121,,0.173121,4.84199,3.7501,0.174279,4.75362,1,0,7.4503,literature,0.40,2.85217,6.65506
13,29,13.5000,29.5000,1.0000,60.0000,0,0.824368,0.02725,4.94621,0.082437,ok,0.171808,,0.171808,4.94621,3.7787,0.173007,4.85085,1,0,7.5051,literature,0.40,2.91051,6.79119
14,29,14.5000,29.5000,1.0000,60.0000,0,0.841427,0.02725,5.04856,0.084143,ok,0.170572,,0.170572,5.04856,3.8061,0.171797,4.94713,1,0,7.5579,literature,0.40,2.96828,6.92598
15,29,15.5000,29.5000,1.0000,60.0000,0,0.858087,0.02725,5.14852,0.085809,ok,0.169412,,0.169412,5.14852,3.8322,0.170653,5.04172,1,0,7.6086,literature,0.40,3.02503,7.05841
16,29,16.5000,29.5000,1.0000,60.0000,0,0.874257,0.02725,5.24554,0.087426,ok,0.168328,,0.168328,5.24554,3.8568,0.169578,5.13393,1,0,7.6568,literature,0.40,3.08036,7.18750
17,29,17.5000,29.5000,1.0000,60.0000,0,0.889850,0.02725,5.33910,0.088985,ok,0.167321,,0.167321,5.33910,3.8801,0.168576,5.22309,1,0,7.7024,literature,0.40,3.13385,7.31232
18,29,18.5000,29.5000,1.0000,60.0000,0,0.904776,0.02725,5.42866,0.090478,ok,0.166389,,0.166389,5.42866,3.9018,0.167646,5.30855,1,0,7.7451,literature,0.40,3.18513,7.43196
19,29,19.5000,29.5000,1.0000,60.0000,0,0.918947,0.02725,5.51368,0.091895,ok,0.165532,,0.165532,5.51368,3.9220,0.166790,5.38970,1,0,7.7848,literature,0.40,3.23382,7.54558
20,29,20.5000,29.5000,1.0000,60.0000,0,0.932274,0.02725,5.59364,0.093227,ok,0.164750,,0.164750,5.59364,3.9406,0.166010,5.46595,1,0,7.8214,literature,0.40,3.27957,7.65233
21,29,21.5000,29.5000,1.0000,60.0000,0,0.944668,0.02725,5.66801,0.094467,ok,0.164042,,0.164042,5.66801,3.9576,0.165304,5.53672,1,0,7.8548,literature,0.40,3.32203,7.75140
22,29,22.5000,29.5000,1.0000,60.0000,0,0.956039,0.02725,5.73624,0.095604,ok,0.163409,,0.163409,5.73624,3.9729,0.164675,5.60143,1,0,7.8848,literature,0.40,3.36086,7.84201
23,29,23.5000,29.5000,1.0000,60.0000,0,0.966300,0.02725,5.79780,0.096630,ok,0.162851,,0.162851,5.79780,3.9866,0.164122,5.65956,1,0,7.9114,literature,0.40,3.39573,7.92338
24,29,24.5000,29.5000,1.0000,60.0000,0,0.975361,0.02725,5.85217,0.097536,ok,0.162368,,0.162368,5.85217,3.9984,0.163646,5.71055,1,0,7.9344,literature,0.40,3.42633,7.99478
25,29,25.5000,29.5000,1.0000,60.0000,0,0.983133,0.02725,5.89880,0.098313,ok,0.161960,,0.161960,5.89880,4.0085,0.163260,5.75254,1,0,7.9531,literature,0.40,3.45152,8.05355
26,29,26.5000,29.5000,1.0000,60.0000,0,0.989528,0.02725,5.93717,0.098953,ok,0.161630,,0.161630,5.93717,4.0167,0.162941,5.78780,1,0,7.9687,literature,0.40,3.47268,8.10293
27,29,27.5000,29.5000,1.0000,60.0000,0,0.994457,0.02725,5.96674,0.099446,ok,0.161378,,0.161378,5.96674,4.0229,0.162701,5.81462,1,0,7.9805,literature,0.40,3.48877,8.14047
28,29,28.5000,29.5000,1.0000,60.0000,0,0.997830,0.02725,5.98698,0.099783,ok,0.161207,,0.161207,5.98698,4.0272,0.162540,5.83268,1,0,7.9884,literature,0.40,3.49961,8.16575
29,29,29.5000,29.5000,1.0000,60.0000,0,0.999559,0.02725,5.99736,0.099956,ok,0.161120,,0.161120,5.99736,4.0294,0.162460,5.84176,1,0,7.9923,literature,0.40,3.50506,8.17847
30,29,30.5000,29.5000,1.0000,60.0000,0,0.999559,0.02725,5.99736,0.099956,ok,0.161120,,0.161120,5.99736,4.0294,0.162460,5.84176,1,0,7.9923,literature,0.40,3.50506,8.17847
31,29,31.5000,29.5000,1.0000,60.0000,0,0.997830,0.02725,5.98698,0.099783,ok,0.161207,,0.161207,5.98698,4.0272,0.162540,5.83268,1,0,7.9884,literature,0.40,3.49961,8.16575
32,29,32.5000,29.5000,1.0000,60.0000,0,0.994457,0.02725,5.96674,0.099446,ok,0.161378,,0.161378,5.96674,4.0229,0.162701,5.81462,1,0,7.9805,literature,0.40,3.48877,8.14047
33,29,33.5000,29.5000,1.0000,60.0000,0,0.989528,0.02725,5.93717,0.098953,ok,0.161630,,0.161630,5.93717,4.0167,0.162941,5.78780,1,0,7.9687,literature,0.40,3.47268,8.10293
34,29,34.5000,29.5000,1.0000,60.0000,0,0.983133,0.02725,5.89880,0.098313,ok,0.161960,,0.161960,5.89880,4.0085,0.163260,5.75254,1,0,7.9531,literature,0.40,3.45152,8.05355
35,29,35.5000,29.5000,1.0000,60.0000,0,0.975361,0.02725,5.85217,0.097536,ok,0.162368,,0.162368,5.85217,3.9984,0.163646,5.71055,1,0,7.9344,literature,0.40,3.42633,7.99478
36,29,36.5000,29.5000,1.0000,60.0000,0,0.966300,0.02725,5.79780,0.096630,ok,0.162851,,0.162851,5.79780,3.9866,0.164122,5.65956,1,0,7.9114,literature,0.40,3.39573,7.92338
37,29,37.5000,29.5000,1.0000,60.0000,0,0.956039,0.02725,5.73624,0.095604,ok,0.163409,,0.163409,5.73624,3.9729,0.164675,5.60143,1,0,7.8848,literature,0.40,3.36086,7.84201
38,29,38.5000,29.5000,1.0000,60.0000,0,0.944668,0.02725,5.66801,0.094467,ok,0.164042,,0.164042,5.66801,3.9576,0.165304,5.53672,1,0,7.8548,literature,0.40,3.32203,7.75140
39,29,39.5000,29.5000,1.0000,60.0000,0,0.932274,0.02725,5.59364,0.093227,ok,0.164750,,0.164750,5.59364,3.9406,0.166010,5.46595,1,0,7.8214,literature,0.40,3.27957,7.65233
40,29,40.5000,29.5000,1.0000,60.0000,0,0.918947,0.02725,5.51368,0.091895,ok,0.165532,,0.165532,5.51368,3.9220,0.166790,5.38970,1,0,7.7848,literature,0.40,3.23382,7.54558
41,29,41.5000,29.5000,1.0000,60.0000,0,0.904776,0.02725,5.42866,0.090478,ok,0.166389,,0.166389,5.42866,3.9018,0.167646,5.30855,1,0,7.7451,literature,0.40,3.18513,7.43196
42,29,42.5000,29.5000,1.0000,60.0000,0,0.889850,0.02725,5.33910,0.088985,ok,0.167321,,0.167321,5.33910,3.8801,0.168576,5.22309,1,0,7.7024,literature,0.40,3.13385,7.31232
43,29,43.5000,29.5000,1.0000,60.0000,0,0.874257,0.02725,5.24554,0.087426,ok,0.168328,,0.168328,5.24554,3.8568,0.169578,5.13393,1,0,7.6568,literature,0.40,3.08036,7.18750
44,29,44.5000,29.5000,1.0000,60.0000,0,0.858087,0.02725,5.14852,0.085809,ok,0.169412,,0.169412,5.14852,3.8322,0.170653,5.04172,1,0,7.6086,literature,0.40,3.02503,7.05841
45,29,45.5000,29.5000,1.0000,60.0000,0,0.841427,0.02725,5.04856,0.084143,ok,0.170572,,0.170572,5.04856,3.8061,0.171797,4.94713,1,0,7.5579,literature,0.40,2.96828,6.92598
46,29,46.5000,29.5000,1.0000,60.0000,0,0.824368,0.02725,4.94621,0.082437,ok,0.171808,,0.171808,4.94621,3.7787,0.173007,4.85085,1,0,7.5051,literature,0.40,2.91051,6.79119
47,29,47.5000,29.5000,1.0000,60.0000,0,0.806998,0.02725,4.84199,0.080700,ok,0.173121,,0.173121,4.84199,3.7501,0.174279,4.75362,1,0,7.4503,literature,0.40,2.85217,6.65506
48,29,48.5000,29.5000,1.0000,60.0000,0,0.789406,0.02725,4.73643,0.078941,ok,0.174509,,0.174509,4.73643,3.7202,0.175596,4.65695,1,0,7.3944,literature,0.40,2.79417,6.51973
49,29,49.5000,29.5000,1.0000,60.0000,0,0.771680,0.02725,4.63008,0.077168,ok,0.175972,,0.175972,4.63008,3.6893,0.176953,4.56141,1,0,7.3377,literature,0.40,2.73685,6.38598
50,29,50.5000,29.5000,1.0000,60.0000,0,0.753910,0.02725,4.52346,0.075391,ok,0.177507,,0.177507,4.52346,3.6574,0.178334,4.46805,1,0,7.2809,literature,0.40,2.68083,6.25527
51,29,51.5000,29.5000,1.0000,60.0000,0,0.736184,0.02725,4.41710,0.073618,ok,0.179113,,0.179113,4.41710,3.6246,0.179721,4.37810,1,0,7.2247,literature,0.40,2.62686,6.12934
52,29,52.5000,29.5000,1.0000,60.0000,0,0.718592,0.02725,4.31155,0.071859,ok,0.180660,,0.180660,4.31155,3.5936,0.181092,4.28015,1,0,7.1700,literature,0.40,2.56809,5.99221
53,29,53.5000,29.5000,1.0000,60.0000,0,0.701221,0.02725,4.20733,0.070122,ok,0.182117,,0.182117,4.20733,3.5648,0.182419,4.18640,1,0,7.1178,literature,0.40,2.51184,5.86096
54,29,54.5000,29.5000,1.0000,60.0000,0,0.684162,0.02725,4.10497,0.068416,ok,0.183621,,0.183621,4.10497,3.5356,0.183677,4.10125,1,0,7.0691,literature,0.40,2.46075,5.74175
55,29,55.5000,29.5000,1.0000,60.0000,0,0.667503,0.02725,4.00502,0.066750,ok,0.185163,,0.185163,4.00502,3.5062,0.184843,4.02537,1,0,7.0245,literature,0.40,2.41522,5.63552
56,29,56.5000,29.5000,1.0000,60.0000,0,0.651332,0.02725,3.90799,0.065133,ok,0.186736,,0.186736,3.90799,3.4767,0.185900,3.95899,1,0,6.9846,literature,0.40,2.37539,5.54258
57,29,57.5000,29.5000,1.0000,60.0000,0,0.635740,0.02725,3.81444,0.063574,ok,0.188328,,0.188328,3.81444,3.4473,0.186837,3.90189,1,0,6.9495,literature,0.40,2.34114,5.46265
58,29,58.5000,29.5000,1.0000,60.0000,0,0.620813,0.02725,3.72488,0.062081,ok,0.189927,,0.189927,3.72488,3.4182,0.187654,3.85350,1,0,6.9193,literature,0.40,2.31210,5.39491
59,29,59.5000,29.5000,1.0000,60.0000,0,0.606642,0.02725,3.63985,0.060664,ok,0.191518,,0.191518,3.63985,3.3898,0.188353,3.81297,1,0,6.8936,literature,0.40,2.28778,5.33816
0,30,0.5000,30.5000,1.0000,60.0000,0,0.606642,0.02725,3.63985,0.060664,ok,0.191518,,0.191518,3.63985,3.3898,0.188353,3.81297,1,0,6.8936,literature,0.40,2.28778,5.33816
1,30,1.5000,30.5000,1.0000,60.0000,0,0.620813,0.02725,3.72488,0.062081,ok,0.189927,,0.189927,3.72488,3.4182,0.187654,3.85350,1,0,6.9193,literature,0.40,2.31210,5.39491
2,30,2.5000,30.5000,1.0000,60.0000,0,0.635740,0.02725,3.81444,0.063574,ok,0.188328,,0.188328,3.81444,3.4473,0.186837,3.90189,1,0,6.9495,literature,0.40,2.34114,5.46265
3,30,3.5000,30.5000,1.0000,60.0000,0,0.651332,0.02725,3.90799,0.065133,ok,0.186736,,0.186736,3.90799,3.4767,0.185900,3.95899,1,0,6.9846,literature,0.40,2.37539,5.54258
4,30,4.5000,30.5000,1.0000,60.0000,0,0.667503,0.02725,4.00502,0.066750,ok,0.185163,,0.185163,4.00502,3.5062,0.184843,4.02537,1,0,7.0245,literature,0.40,2.41522,5.63552
5,30,5.5000,30.5000,1.0000,60.0000,0,0.684162,0.02725,4.10497,0.068416,ok,0.183621,,0.183621,4.10497,3.5356,0.183677,4.10125,1,0,7.0691,literature,0.40,2.46075,5.74175
6,30,6.5000,30.5000,1.0000,60.0000,0,0.701221,0.02725,4.20733,0.070122,ok,0.182117,,0.182117,4.20733,3.5648,0.182419,4.18640,1,0,7.1178,literature,0.40,2.51184,5.86096
7,30,7.5000,30.5000,1.0000,60.0000,0,0.718592,0.02725,4.31155,0.071859,ok,0.180660,,0.180660,4.31155,3.5936,0.181092,4.28015,1,0,7.1700,literature,0.40,2.56809,5.99221
8,30,8.5000,30.5000,1.0000,60.0000,0,0.736184,0.02725,4.41710,0.073618,ok,0.179113,,0.179113,4.41710,3.6246,0.179721,4.37810,1,0,7.2247,literature,0.40,2.62686,6.12934
9,30,9.5000,30.5000,1.0000,60.0000,0,0.753910,0.02725,4.52346,0.075391,ok,0.177507,,0.177507,4.52346,3.6574,0.178334,4.46805,1,0,7.2809,literature,0.40,2.68083,6.25527
10,30,10.5000,30.5000,1.0000,60.0000,0,0.771680,0.02725,4.63008,0.077168,ok,0.175972,,0.175972,4.63008,3.6893,0.176953,4.56141,1,0,7.3377,literature,0.40,2.73685,6.38598
11,30,11.5000,30.5000,1.0000,60.0000,0,0.789406,0.02725,4.73643,0.078941,ok,0.174509,,0.174509,4.73643,3.7202,0.175596,4.65695,1,0,7.3944,literature,0.40,2.79417,6.51973
12,30,12.5000,30.5000,1.0000,60.0000,0,0.806998,0.02725,4.84199,0.080700,ok,0.173121,,0.173121,4.84199,3.7501,0.174279,4.75362,1,0,7.4503,literature,0.40,2.85217,6.65506
13,30,13.5000,30.5000,1.0000,60.0000,0,0.824368,0.02725,4.94621,0.082437,ok,0.171808,,0.171808,4.94621,3.7787,0.173007,4.85085,1,0,7.5051,literature,0.40,2.91051,6.79119
14,30,14.5000,30.5000,1.0000,60.0000,0,0.841427,0.02725,5.04856,0.084143,ok,0.170572,,0.170572,5.04856,3.8061,0.171797,4.94713,1,0,7.5579,literature,0.40,2.96828,6.92598
15,30,15.5000,30.5000,1.0000,60.0000,0,0.858087,0.02725,5.14852,0.085809,ok,0.169412,,0.169412,5.14852,3.8322,0.170653,5.04172,1,0,7.6086,literature,0.40,3.02503,7.05841
16,30,16.5000,30.5000,1.0000,60.0000,0,0.874257,0.02725,5.24554,0.087426,ok,0.168328,,0.168328,5.24554,3.8568,0.169578,5.13393,1,0,7.6568,literature,0.40,3.08036,7.18750
17,30,17.5000,30.5000,1.0000,60.0000,0,0.889850,0.02725,5.33910,0.088985,ok,0.167321,,0.167321,5.33910,3.8801,0.168576,5.22309,1,0,7.7024,literature,0.40,3.13385,7.31232
18,30,18.5000,30.5000,1.0000,60.0000,0,0.904776,0.02725,5.42866,0.090478,ok,0.166389,,0.166389,5.42866,3.9018,0.167646,5.30855,1,0,7.7451,literature,0.40,3.18513,7.43196
19,30,19.5000,30.5000,1.0000,60.0000,0,0.918947,0.02725,5.51368,0.091895,ok,0.165532,,0.165532,5.51368,3.9220,0.166790,5.38970,1,0,7.7848,literature,0.40,3.23382,7.54558
20,30,20.5000,30.5000,1.0000,60.0000,0,0.932274,0.02725,5.59364,0.093227,ok,0.164750,,0.164750,5.59364,3.9406,0.166010,5.46595,1,0,7.8214,literature,0.40,3.27957,7.65233
21,30,21.5000,30.5000,1.0000,60.0000,0,0.944668,0.02725,5.66801,0.094467,ok,0.164042,,0.164042,5.66801,3.9576,0.165304,5.53672,1,0,7.8548,literature,0.40,3.32203,7.75140
22,30,22.5000,30.5000,1.0000,60.0000,0,0.956039,0.02725,5.73624,0.095604,ok,0.163409,,0.163409,5.73624,3.9729,0.164675,5.60143,1,0,7.8848,literature,0.40,3.36086,7.84201
23,30,23.5000,30.5000,1.0000,60.0000,0,0.966300,0.02725,5.79780,0.096630,ok,0.162851,,0.162851,5.79780,3.9866,0.164122,5.65956,1,0,7.9114,literature,0.40,3.39573,7.92338
24,30,24.5000,30.5000,1.0000,60.0000,0,0.975361,0.02725,5.85217,0.097536,ok,0.162368,,0.162368,5.85217,3.9984,0.163646,5.71055,1,0,7.9344,literature,0.40,3.42633,7.99478
25,30,25.5000,30.5000,1.0000,60.0000,0,0.983133,0.02725,5.89880,0.098313,ok,0.161960,,0.161960,5.89880,4.0085,0.163260,5.75254,1,0,7.9531,literature,0.40,3.45152,8.05355
26,30,26.5000,30.5000,1.0000,60.0000,0,0.989528,0.02725,5.93717,0.098953,ok,0.161630,,0.161630,5.93717,4.0167,0.162941,5.78780,1,0,7.9687,literature,0.40,3.47268,8.10293
27,30,27.5000,30.5000,1.0000,60.0000,0,0.994457,0.02725,5.96674,0.099446,ok,0.161378,,0.161378,5.96674,4.0229,0.162701,5.81462,1,0,7.9805,literature,0.40,3.48877,8.14047
28,30,28.5000,30.5000,1.0000,60.0000,0,0.997830,0.02725,5.98698,0.099783,ok,0.161207,,0.161207,5.98698,4.0272,0.162540,5.83268,1,0,7.9884,literature,0.40,3.49961,8.16575
29,30,29.5000,30.5000,1.0000,60.0000,0,0.999559,0.02725,5.99736,0.099956,ok,0.161120,,0.161120,5.99736,4.0294,0.162460,5.84176,1,0,7.9923,literature,0.40,3.50506,8.17847
30,30,30.5000,30.5000,1.0000,60.0000,0,0.999559,0.02725,5.99736,0.099956,ok,0.161120,,0.161120,5.99736,4.0294,0.162460,5.84176,1,0,7.9923,literature,0.40,3.50506,8.17847
31,30,31.5000,30.5000,1.0000,60.0000,0,0.997830,0.02725,5.98698,0.099783,ok,0.161207,,0.161207,5.98698,4.0272,0.162540,5.83268,1,0,7.9884,literature,0.40,3.49961,8.16575
32,30,32.5000,30.5000,1.0000,60.0000,0,0.994457,0.02725,5.96674,0.099446,ok,0.161378,,0.161378,5.96674,4.0229,0.162701,5.81462,1,0,7.9805,literature,0.40,3.48877,8.14047
33,30,33.5000,30.5000,1.0000,60.0000,0,0.989528,0.02725,5.93717,0.098953,ok,0.161630,,0.161630,5.93717,4.0167,0.162941,5.78780,1,0,7.9687,literature,0.40,3.47268,8.10293
34,30,34.5000,30.5000,1.0000,60.0000,0,0.983133,0.02725,5.89880,0.098313,ok,0.161960,,0.161960,5.89880,4.0085,0.163260,5.75254,1,0,7.9531,literature,0.40,3.45152,8.05355
35,30,35.5000,30.5000,1.0000,60.0000,0,0.975361,0.02725,5.85217,0.097536,ok,0.162368,,0.162368,5.85217,3.9984,0.163646,5.71055,1,0,7.9344,literature,0.40,3.42633,7.99478
36,30,36.5000,30.5000,1.0000,60.0000,0,0.966300,0.02725,5.79780,0.096630,ok,0.162851,,0.162851,5.79780,3.9866,0.164122,5.65956,1,0,7.9114,literature,0.40,3.39573,7.92338
37,30,37.5000,30.5000,1.0000,60.0000,0,0.956039,0.02725,5.73624,0.095604,ok,0.163409,,0.163409,5.73624,3.9729,0.164675,5.60143,1,0,7.8848,literature,0.40,3.36086,7.84201
38,30,38.5000,30.5000,1.0000,60.0000,0,0.944668,0.02725,5.66801,0.094467,ok,0.164042,,0.164042,5.66801,3.9576,0.165304,5.53672,1,0,7.8548,literature,0.40,3.32203,7.75140
39,30,39.5000,30.5000,1.0000,60.0000,0,0.932274,0.02725,5.59364,0.093227,ok,0.164750,,0.164750,5.59364,3.9406,0.166010,5.46595,1,0,7.8214,literature,0.40,3.27957,7.65233
40,30,40.5000,30.5000,1.0000,60.0000,0,0.918947,0.02725,5.51368,0.091895,ok,0.165532,,0.165532,5.51368,3.9220,0.166790,5.38970,1,0,7.7848,literature,0.40,3.23382,7.54558
41,30,41.5000,30.5000,1.0000,60.0000,0,0.904776,0.02725,5.42866,0.090478,ok,0.166389,,0.166389,5.42866,3.9018,0.167646,5.30855,1,0,7.7451,literature,0.40,3.18513,7.43196
42,30,42.5000,30.5000,1.0000,60.0000,0,0.889850,0.02725,5.33910,0.088985,ok,0.167321,,0.167321,5.33910,3.8801,0.168576,5.22309,1,0,7.7024,literature,0.40,3.13385,7.31232
43,30,43.5000,30.5000,1.0000,60.0000,0,0.874257,0.02725,5.24554,0.087426,ok,0.168328,,0.168328,5.24554,3.8568,0.169578,5.13393,1,0,7.6568,literature,0.40,3.08036,7.18750
44,30,44.5000,30.5000,1.0000,60.0000,0,0.858087,0.02725,5.14852,0.085809,ok,0.169412,,0.169412,5.14852,3.8322,0.170653,5.04172,1,0,7.6086,literature,0.40,3.02503,7.05841
45,30,45.5000,30.5000,1.0000,60.0000,0,0.841427,0.02725,5.04856,0.084143,ok,0.170572,,0.170572,5.04856,3.8061,0.171797,4.94713,1,0,7.5579,literature,0.40,2.96828,6.92598
46,30,46.5000,30.5000,1.0000,60.0000,0,0.824368,0.02725,4.94621,0.082437,ok,0.171808,,0.171808,4.94621,3.7787,0.173007,4.85085,1,0,7.5051,literature,0.40,2.91051,6.79119
47,30,47.5000,30.5000,1.0000,60.0000,0,0.806998,0.02725,4.84199,0.080700,ok,0.173121,,0.173121,4.84199,3.7501,0.174279,4.75362,1,0,7.4503,literature,0.40,2.85217,6.65506
48,30,48.5000,30.5000,1.0000,60.0000,0,0.789406,0.02725,4.73643,0.078941,ok,0.174509,,0.174509,4.73643,3.7202,0.175596,4.65695,1,0,7.3944,literature,0.40,2.79417,6.51973
49,30,49.5000,30.5000,1.0000,60.0000,0,0.771680,0.02725,4.63008,0.077168,ok,0.175972,,0.175972,4.63008,3.6893,0.176953,4.56141,1,0,7.3377,literature,0.40,2.73685,6.38598
50,30,50.5000,30.5000,1.0000,60.0000,0,0.753910,0.02725,4.52346,0.075391,ok,0.177507,,0.177507,4.52346,3.6574,0.178334,4.46805,1,0,7.2809,literature,0.40,2.68083,6.25527
51,30,51.5000,30.5000,1.0000,60.0000,0,0.736184,0.02725,4.41710,0.073618,ok,0.179113,,0.179113,4.41710,3.6246,0.179721,4.37810,1,0,7.2247,literature,0.40,2.62686,6.12934
52,30,52.5000,30.5000,1.0000,60.0000,0,0.718592,0.02725,4.31155,0.071859,ok,0.180660,,0.180660,4.31155,3.5936,0.181092,4.28015,1,0,7.1700,literature,0.40,2.56809,5.99221
53,30,53.5000,30.5000,1.0000,60.0000,0,0.701221,0.02725,4.20733,0.070122,ok,0.182117,,0.182117,4.20733,3.5648,0.182419,4.18640,1,0,7.1178,literature,0.40,2.51184,5.86096
54,30,54.5000,30.5000,1.0000,60.0000,0,0.684162,0.02725,4.10497,0.068416,ok,0.183621,,0.183621,4.10497,3.5356,0.183677,4.10125,1,0,7.0691,literature,0.40,2.46075,5.74175
55,30,55.5000,30.5000,1.0000,60.0000,0,0.667503,0.02725,4.00502,0.066750,ok,0.185163,,0.185163,4.00502,3.5062,0.184843,4.02537,1,0,7.0245,literature,0.40,2.41522,5.63552
56,30,56.5000,30.5000,1.0000,60.0000,0,0.651332,0.02725,3.90799,0.065133,ok,0.186736,,0.186736,3.90799,3.4767,0.185900,3.95899,1,0,6.9846,literature,0.40,2.37539,5.54258
57,30,57.5000,30.5000,1.0000,60.0000,0,0.635740,0.02725,3.81444,0.063574,ok,0.188328,,0.188328,3.81444,3.4473,0.186837,3.90189,1,0,6.9495,literature,0.40,2.34114,5.46265
58,30,58.5000,30.5000,1.0000,60.0000,0,0.620813,0.02725,3.72488,0.062081,ok,0.189927,,0.189927,3.72488,3.4182,0.187654,3.85350,1,0,6.9193,literature,0.40,2.31210,5.39491
59,30,59.5000,30.5000,1.0000,60.0000,0,0.606642,0.02725,3.63985,0.060664,ok,0.191518,,0.191518,3.63985,3.3898,0.188353,3.81297,1,0,6.8936,literature,0.40,2.28778,5.33816
0,31,0.5000,31.5000,1.0000,60.0000,0,0.605593,0.02725,3.63356,0.060559,ok,0.191638,,0.191638,3.63356,3.3877,0.188462,3.80675,1,0,6.8896,literature,0.40,2.28405,5.32944
1,31,1.5000,31.5000,1.0000,60.0000,0,0.619739,0.02725,3.71843,0.061974,ok,0.190045,,0.190045,3.71843,3.4161,0.187761,3.84721,1,0,6.9153,literature,0.40,2.30833,5.38609
2,31,2.5000,31.5000,1.0000,60.0000,0,0.634640,0.02725,3.80784,0.063464,ok,0.188443,,0.188443,3.80784,3.4452,0.186944,3.89551,1,0,6.9456,literature,0.40,2.33731,5.45372
3,31,3.5000,31.5000,1.0000,60.0000,0,0.650206,0.02725,3.90123,0.065021,ok,0.186848,,0.186848,3.90123,3.4746,0.186005,3.95250,1,0,6.9806,literature,0.40,2.37150,5.53350
4,31,4.5000,31.5000,1.0000,60.0000,0,0.666348,0.02725,3.99809,0.066635,ok,0.185273,,0.185273,3.99809,3.5041,0.184947,4.01875,1,0,7.0206,literature,0.40,2.41125,5.62625
5,31,5.5000,31.5000,1.0000,60.0000,0,0.682979,0.02725,4.09787,0.068298,ok,0.183728,,0.183728,4.09787,3.5336,0.183779,4.09447,1,0,7.0652,literature,0.40,2.45668,5.73225
6,31,6.5000,31.5000,1.0000,60.0000,0,0.700008,0.02725,4.20005,0.070001,ok,0.182222,,0.182222,4.20005,3.5628,0.182520,4.17941,1,0,7.1139,literature,0.40,2.50764,5.85117
7,31,7.5000,31.5000,1.0000,60.0000,0,0.717348,0.02725,4.30409,0.071735,ok,0.180762,,0.180762,4.30409,3.5915,0.181192,4.27291,1,0,7.1660,literature,0.40,2.56375,5.98208
8,31,8.5000,31.5000,1.0000,60.0000,0,0.734910,0.02725,4.40946,0.073491,ok,0.179231,,0.179231,4.40946,3.6222,0.179821,4.37179,1,0,7.2207,literature,0.40,2.62307,6.12050
9,31,9.5000,31.5000,1.0000,60.0000,0,0.752605,0.02725,4.51563,0.075261,ok,0.177623,,0.177623,4.51563,3.6550,0.178433,4.46153,1,0,7.2768,literature,0.40,2.67692,6.24614
10,31,10.5000,31.5000,1.0000,60.0000,0,0.770345,0.02725,4.62207,0.077034,ok,0.176085,,0.176085,4.62207,3.6869,0.177051,4.55467,1,0,7.3337,literature,0.40,2.73280,6.37654
11,31,11.5000,31.5000,1.0000,60.0000,0,0.788040,0.02725,4.72824,0.078804,ok,0.174619,,0.174619,4.72824,3.7179,0.175693,4.64998,1,0,7.3903,literature,0.40,2.78999,6.50997
12,31,12.5000,31.5000,1.0000,60.0000,0,0.805602,0.02725,4.83361,0.080560,ok,0.173229,,0.173229,4.83361,3.7477,0.174375,4.74642,1,0,7.4462,literature,0.40,2.84785,6.64499
13,31,13.5000,31.5000,1.0000,60.0000,0,0.822942,0.02725,4.93765,0.082294,ok,0.171914,,0.171914,4.93765,3.7764,0.173102,4.84344,1,0,7.5009,literature,0.40,2.90606,6.78081
14,31,14.5000,31.5000,1.0000,60.0000,0,0.839972,0.02725,5.03983,0.083997,ok,0.170675,,0.170675,5.03983,3.8038,0.171891,4.93951,1,0,7.5538,literature,0.40,2.96371,6.91532
15,31,15.5000,31.5000,1.0000,60.0000,0,0.856602,0.02725,5.13961,0.085660,ok,0.169513,,0.169513,5.13961,3.8299,0.170746,5.03392,1,0,7.6045,literature,0.40,3.02035,7.04749
16,31,16.5000,31.5000,1.0000,60.0000,0,0.872745,0.02725,5.23647,0.087274,ok,0.168428,,0.168428,5.23647,3.8546,0.169670,5.12596,1,0,7.6527,literature,0.40,3.07558,7.17635
17,31,17.5000,31.5000,1.0000,60.0000,0,0.888311,0.02725,5.32986,0.088831,ok,0.167419,,0.167419,5.32986,3.8778,0.168666,5.21496,1,0,7.6983,literature,0.40,3.12898,7.30095
18,31,18.5000,31.5000,1.0000,60.0000,0,0.903211,0.02725,5.41927,0.090321,ok,0.166485,,0.166485,5.41927,3.8995,0.167735,5.30028,1,0,7.7410,literature,0.40,3.18017,7.42039
19,31,19.5000,31.5000,1.0000,60.0000,0,0.917358,0.02725,5.50415,0.091736,ok,0.165627,,0.165627,5.50415,3.9197,0.166878,5.38130,1,0,7.7807,literature,0.40,3.22878,7.53381
20,31,20.5000,31.5000,1.0000,60.0000,0,0.930661,0.02725,5.58397,0.093066,ok,0.164843,,0.164843,5.58397,3.9384,0.166096,5.45743,1,0,7.8174,literature,0.40,3.27446,7.64040
21,31,21.5000,31.5000,1.0000,60.0000,0,0.943033,0.02725,5.65820,0.094303,ok,0.164135,,0.164135,5.65820,3.9554,0.165389,5.52808,1,0,7.8507,literature,0.40,3.31685,7.73932
22,31,22.5000,31.5000,1.0000,60.0000,0,0.954385,0.02725,5.72631,0.095439,ok,0.163501,,0.163501,5.72631,3.9707,0.164759,5.59270,1,0,7.8808,literature,0.40,3.35562,7.82979
23,31,23.5000,31.5000,1.0000,60.0000,0,0.964628,0.02725,5.78777,0.096463,ok,0.162941,,0.162941,5.78777,3.9844,0.164205,5.65074,1,0,7.9074,literature,0.40,3.39044,7.91103
24,31,24.5000,31.5000,1.0000,60.0000,0,0.973674,0.02725,5.84204,0.097367,ok,0.162457,,0.162457,5.84204,3.9962,0.163728,5.70166,1,0,7.9304,literature,0.40,3.42100,7.98232
25,31,25.5000,31.5000,1.0000,60.0000,0,0.981432,0.02725,5.88859,0.098143,ok,0.162049,,0.162049,5.88859,4.0063,0.163342,5.74359,1,0,7.9491,literature,0.40,3.44615,8.04102
26,31,26.5000,31.5000,1.0000,60.0000,0,0.987816,0.02725,5.92690,0.098782,ok,0.161718,,0.161718,5.92690,4.0145,0.163022,5.77880,1,0,7.9647,literature,0.40,3.46728,8.09032
27,31,27.5000,31.5000,1.0000,60.0000,0,0.992736,0.02725,5.95642,0.099274,ok,0.161466,,0.161466,5.95642,4.0208,0.162781,5.80558,1,0,7.9765,literature,0.40,3.48335,8.12781
28,31,28.5000,31.5000,1.0000,60.0000,0,0.996104,0.02725,5.97662,0.099610,ok,0.161294,,0.161294,5.97662,4.0250,0.162620,5.82361,1,0,7.9844,literature,0.40,3.49417,8.15306
29,31,29.5000,31.5000,1.0000,60.0000,0,0.997830,0.02725,5.98698,0.099783,ok,0.161207,,0.161207,5.98698,4.0272,0.162540,5.83268,1,0,7.9884,literature,0.40,3.49961,8.16575
30,31,30.5000,31.5000,1.0000,60.0000,0,0.997830,0.02725,5.98698,0.099783,ok,0.161207,,0.161207,5.98698,4.0272,0.162540,5.83268,1,0,7.9884,literature,0.40,3.49961,8.16575
31,31,31.5000,31.5000,1.0000,60.0000,0,0.996104,0.02725,5.97662,0.099610,ok,0.161294,,0.161294,5.97662,4.0250,0.162620,5.82361,1,0,7.9844,literature,0.40,3.49417,8.15306
32,31,32.5000,31.5000,1.0000,60.0000,0,0.992736,0.02725,5.95642,0.099274,ok,0.161466,,0.161466,5.95642,4.0208,0.162781,5.80558,1,0,7.9765,literature,0.40,3.48335,8.12781
33,31,33.5000,31.5000,1.0000,60.0000,0,0.987816,0.02725,5.92690,0.098782,ok,0.161718,,0.161718,5.92690,4.0145,0.163022,5.77880,1,0,7.9647,literature,0.40,3.46728,8.09032
34,31,34.5000,31.5000,1.0000,60.0000,0,0.981432,0.02725,5.88859,0.098143,ok,0.162049,,0.162049,5.88859,4.0063,0.163342,5.74359,1,0,7.9491,literature,0.40,3.44615,8.04102
35,31,35.5000,31.5000,1.0000,60.0000,0,0.973674,0.02725,5.84204,0.097367,ok,0.162457,,0.162457,5.84204,3.9962,0.163728,5.70166,1,0,7.9304,literature,0.40,3.42100,7.98232
36,31,36.5000,31.5000,1.0000,60.0000,0,0.964628,0.02725,5.78777,0.096463,ok,0.162941,,0.162941,5.78777,3.9844,0.164205,5.65074,1,0,7.9074,literature,0.40,3.39044,7.91103
37,31,37.5000,31.5000,1.0000,60.0000,0,0.954385,0.02725,5.72631,0.095439,ok,0.163501,,0.163501,5.72631,3.9707,0.164759,5.59270,1,0,7.8808,literature,0.40,3.35562,7.82979
38,31,38.5000,31.5000,1.0000,60.0000,0,0.943033,0.02725,5.65820,0.094303,ok,0.164135,,0.164135,5.65820,3.9554,0.165389,5.52808,1,0,7.8507,literature,0.40,3.31685,7.73932
39,31,39.5000,31.5000,1.0000,60.0000,0,0.930661,0.02725,5.58397,0.093066,ok,0.164843,,0.164843,5.58397,3.9384,0.166096,5.45743,1,0,7.8174,literature,0.40,3.27446,7.64040
40,31,40.5000,31.5000,1.0000,60.0000,0,0.917358,0.02725,5.50415,0.091736,ok,0.165627,,0.165627,5.50415,3.9197,0.166878,5.38130,1,0,7.7807,literature,0.40,3.22878,7.53381
41,31,41.5000,31.5000,1.0000,60.0000,0,0.903211,0.02725,5.41927,0.090321,ok,0.166485,,0.166485,5.41927,3.8995,0.167735,5.30028,1,0,7.7410,literature,0.40,3.18017,7.42039
42,31,42.5000,31.5000,1.0000,60.0000,0,0.888311,0.02725,5.32986,0.088831,ok,0.167419,,0.167419,5.32986,3.8778,0.168666,5.21496,1,0,7.6983,literature,0.40,3.12898,7.30095
43,31,43.5000,31.5000,1.0000,60.0000,0,0.872745,0.02725,5.23647,0.087274,ok,0.168428,,0.168428,5.23647,3.8546,0.169670,5.12596,1,0,7.6527,literature,0.40,3.07558,7.17635
44,31,44.5000,31.5000,1.0000,60.0000,0,0.856602,0.02725,5.13961,0.085660,ok,0.169513,,0.169513,5.13961,3.8299,0.170746,5.03392,1,0,7.6045,literature,0.40,3.02035,7.04749
45,31,45.5000,31.5000,1.0000,60.0000,0,0.839972,0.02725,5.03983,0.083997,ok,0.170675,,0.170675,5.03983,3.8038,0.171891,4.93951,1,0,7.5538,literature,0.40,2.96371,6.91532
46,31,46.5000,31.5000,1.0000,60.0000,0,0.822942,0.02725,4.93765,0.082294,ok,0.171914,,0.171914,4.93765,3.7764,0.173102,4.84344,1,0,7.5009,literature,0.40,2.90606,6.78081
47,31,47.5000,31.5000,1.0000,60.0000,0,0.805602,0.02725,4.83361,0.080560,ok,0.173229,,0.173229,4.83361,3.7477,0.174375,4.74642,1,0,7.4462,literature,0.40,2.84785,6.64499
48,31,48.5000,31.5000,1.0000,60.0000,0,0.788040,0.02725,4.72824,0.078804,ok,0.174619,,0.174619,4.72824,3.7179,0.175693,4.64998,1,0,7.3903,literature,0.40,2.78999,6.50997
49,31,49.5000,31.5000,1.0000,60.0000,0,0.770345,0.02725,4.62207,0.077034,ok,0.176085,,0.176085,4.62207,3.6869,0.177051,4.55467,1,0,7.3337,literature,0.40,2.73280,6.37654
50,31,50.5000,31.5000,1.0000,60.0000,0,0.752605,0.02725,4.51563,0.075261,ok,0.177623,,0.177623,4.51563,3.6550,0.178433,4.46153,1,0,7.2768,literature,0.40,2.67692,6.24614
51,31,51.5000,31.5000,1.0000,60.0000,0,0.734910,0.02725,4.40946,0.073491,ok,0.179231,,0.179231,4.40946,3.6222,0.179821,4.37179,1,0,7.2207,literature,0.40,2.62307,6.12050
52,31,52.5000,31.5000,1.0000,60.0000,0,0.717348,0.02725,4.30409,0.071735,ok,0.180762,,0.180762,4.30409,3.5915,0.181192,4.27291,1,0,7.1660,literature,0.40,2.56375,5.98208
53,31,53.5000,31.5000,1.0000,60.0000,0,0.700008,0.02725,4.20005,0.070001,ok,0.182222,,0.182222,4.20005,3.5628,0.182520,4.17941,1,0,7.1139,literature,0.40,2.50764,5.85117
54,31,54.5000,31.5000,1.0000,60.0000,0,0.682979,0.02725,4.09787,0.068298,ok,0.183728,,0.183728,4.09787,3.5336,0.183779,4.09447,1,0,7.0652,literature,0.40,2.45668,5.73225
55,31,55.5000,31.5000,1.0000,60.0000,0,0.666348,0.02725,3.99809,0.066635,ok,0.185273,,0.185273,3.99809,3.5041,0.184947,4.01875,1,0,7.0206,literature,0.40,2.41125,5.62625
56,31,56.5000,31.5000,1.0000,60.0000,0,0.650206,0.02725,3.90123,0.065021,ok,0.186848,,0.186848,3.90123,3.4746,0.186005,3.95250,1,0,6.9806,literature,0.40,2.37150,5.53350
57,31,57.5000,31.5000,1.0000,60.0000,0,0.634640,0.02725,3.80784,0.063464,ok,0.188443,,0.188443,3.80784,3.4452,0.186944,3.89551,1,0,6.9456,literature,0.40,2.33731,5.45372
58,31,58.5000,31.5000,1.0000,60.0000,0,0.619739,0.02725,3.71843,0.061974,ok,0.190045,,0.190045,3.71843,3.4161,0.187761,3.84721,1,0,6.9153,literature,0.40,2.30833,5.38609
59,31,59.5000,31.5000,1.0000,60.0000,0,0.605593,0.02725,3.63356,0.060559,ok,0.191638,,0.191638,3.63356,3.3877,0.188462,3.80675,1,0,6.8896,literature,0.40,2.28405,5.32944
0,32,0.5000,32.5000,1.0000,60.0000,0,0.603545,0.02725,3.62127,0.060355,ok,0.191875,,0.191875,3.62127,3.3835,0.188679,3.79439,1,0,6.8817,literature,0.40,2.27663,5.31214
1,32,1.5000,32.5000,1.0000,60.0000,0,0.617644,0.02725,3.70586,0.061764,ok,0.190276,,0.190276,3.70586,3.4120,0.187976,3.83471,1,0,6.9074,literature,0.40,2.30083,5.36860
2,32,2.5000,32.5000,1.0000,60.0000,0,0.632494,0.02725,3.79496,0.063249,ok,0.188669,,0.188669,3.79496,3.4410,0.187156,3.88285,1,0,6.9377,literature,0.40,2.32971,5.43599
3,32,3.5000,32.5000,1.0000,60.0000,0,0.648007,0.02725,3.88804,0.064801,ok,0.187069,,0.187069,3.88804,3.4705,0.186215,3.93963,1,0,6.9728,literature,0.40,2.36378,5.51548
4,32,4.5000,32.5000,1.0000,60.0000,0,0.664095,0.02725,3.98457,0.066410,ok,0.185488,,0.185488,3.98457,3.5000,0.185154,4.00562,1,0,7.0127,literature,0.40,2.40337,5.60786
5,32,5.5000,32.5000,1.0000,60.0000,0,0.680670,0.02725,4.08402,0.068067,ok,0.183938,,0.183938,4.08402,3.5295,0.183984,4.08100,1,0,7.0573,literature,0.40,2.44860,5.71340
6,32,6.5000,32.5000,1.0000,60.0000,0,0.697642,0.02725,4.18585,0.069764,ok,0.182427,,0.182427,4.18585,3.5588,0.182722,4.16554,1,0,7.1060,literature,0.40,2.49932,5.83176
7,32,7.5000,32.5000,1.0000,60.0000,0,0.714923,0.02725,4.28954,0.071492,ok,0.180962,,0.180962,4.28954,3.5876,0.181392,4.25856,1,0,7.1581,literature,0.40,2.55514,5.96198
8,32,8.5000,32.5000,1.0000,60.0000,0,0.732426,0.02725,4.39456,0.073243,ok,0.179463,,0.179463,4.39456,3.6175,0.180019,4.35903,1,0,7.2127,literature,0.40,2.61542,6.10264
9,32,9.5000,32.5000,1.0000,60.0000,0,0.750061,0.02725,4.50037,0.075006,ok,0.177850,,0.177850,4.50037,3.6504,0.178630,4.44858,1,0,7.2688,literature,0.40,2.66915,6.22802
10,32,10.5000,32.5000,1.0000,60.0000,0,0.767741,0.02725,4.60644,0.076774,ok,0.176306,,0.176306,4.60644,3.6823,0.177246,4.54129,1,0,7.3256,literature,0.40,2.72477,6.35780
11,32,11.5000,32.5000,1.0000,60.0000,0,0.785376,0.02725,4.71226,0.078538,ok,0.174836,,0.174836,4.71226,3.7133,0.175887,4.63615,1,0,7.3822,literature,0.40,2.78169,6.49060
12,32,12.5000,32.5000,1.0000,60.0000,0,0.802878,0.02725,4.81727,0.080288,ok,0.173440,,0.173440,4.81727,3.7432,0.174567,4.73215,1,0,7.4380,literature,0.40,2.83929,6.62500
13,32,13.5000,32.5000,1.0000,60.0000,0,0.820160,0.02725,4.92096,0.082016,ok,0.172121,,0.172121,4.92096,3.7718,0.173292,4.82873,1,0,7.4927,literature,0.40,2.89724,6.76022
14,32,14.5000,32.5000,1.0000,60.0000,0,0.837132,0.02725,5.02279,0.083713,ok,0.170878,,0.170878,5.02279,3.7993,0.172078,4.92440,1,0,7.5456,literature,0.40,2.95464,6.89416
15,32,15.5000,32.5000,1.0000,60.0000,0,0.853706,0.02725,5.12224,0.085371,ok,0.169713,,0.169713,5.12224,3.8254,0.170931,5.01844,1,0,7.5962,literature,0.40,3.01106,7.02581
16,32,16.5000,32.5000,1.0000,60.0000,0,0.869794,0.02725,5.21877,0.086979,ok,0.168623,,0.168623,5.21877,3.8501,0.169852,5.11013,1,0,7.6445,literature,0.40,3.06608,7.15419
17,32,17.5000,32.5000,1.0000,60.0000,0,0.885308,0.02725,5.31185,0.088531,ok,0.167611,,0.167611,5.31185,3.8734,0.168845,5.19882,1,0,7.6901,literature,0.40,3.11929,7.27834
18,32,18.5000,32.5000,1.0000,60.0000,0,0.900158,0.02725,5.40095,0.090016,ok,0.166674,,0.166674,5.40095,3.8951,0.167912,5.28384,1,0,7.7328,literature,0.40,3.17031,7.39738
19,32,19.5000,32.5000,1.0000,60.0000,0,0.914256,0.02725,5.48554,0.091426,ok,0.165813,,0.165813,5.48554,3.9154,0.167052,5.36460,1,0,7.7726,literature,0.40,3.21876,7.51044
20,32,20.5000,32.5000,1.0000,60.0000,0,0.927515,0.02725,5.56509,0.092752,ok,0.165027,,0.165027,5.56509,3.9340,0.166268,5.44049,1,0,7.8093,literature,0.40,3.26429,7.61668
21,32,21.5000,32.5000,1.0000,60.0000,0,0.939845,0.02725,5.63907,0.093985,ok,0.164315,,0.164315,5.63907,3.9510,0.165559,5.51092,1,0,7.8427,literature,0.40,3.30655,7.71529
22,32,22.5000,32.5000,1.0000,60.0000,0,0.951159,0.02725,5.70695,0.095116,ok,0.163679,,0.163679,5.70695,3.9664,0.164927,5.57535,1,0,7.8728,literature,0.40,3.34521,7.80549
23,32,23.5000,32.5000,1.0000,60.0000,0,0.961367,0.02725,5.76820,0.096137,ok,0.163118,,0.163118,5.76820,3.9800,0.164371,5.63320,1,0,7.8994,literature,0.40,3.37992,7.88649
24,32,24.5000,32.5000,1.0000,60.0000,0,0.970382,0.02725,5.82229,0.097038,ok,0.162632,,0.162632,5.82229,3.9919,0.163893,5.68397,1,0,7.9224,literature,0.40,3.41038,7.95756
25,32,25.5000,32.5000,1.0000,60.0000,0,0.978115,0.02725,5.86869,0.097811,ok,0.162223,,0.162223,5.86869,4.0020,0.163505,5.72579,1,0,7.9412,literature,0.40,3.43547,8.01611
26,32,26.5000,32.5000,1.0000,60.0000,0,0.984477,0.02725,5.90686,0.098448,ok,0.161891,,0.161891,5.90686,4.0102,0.163184,5.76090,1,0,7.9568,literature,0.40,3.45654,8.06526
27,32,27.5000,32.5000,1.0000,60.0000,0,0.989380,0.02725,5.93628,0.098938,ok,0.161637,,0.161637,5.93628,4.0165,0.162943,5.78760,1,0,7.9686,literature,0.40,3.47256,8.10264
28,32,28.5000,32.5000,1.0000,60.0000,0,0.992736,0.02725,5.95642,0.099274,ok,0.161466,,0.161466,5.95642,4.0208,0.162781,5.80558,1,0,7.9765,literature,0.40,3.48335,8.12781
29,32,29.5000,32.5000,1.0000,60.0000,0,0.994457,0.02725,5.96674,0.099446,ok,0.161378,,0.161378,5.96674,4.0229,0.162701,5.81462,1,0,7.9805,literature,0.40,3.48877,8.14047
30,32,30.5000,32.5000,1.0000,60.0000,0,0.994457,0.02725,5.96674,0.099446,ok,0.161378,,0.161378,5.96674,4.0229,0.162701,5.81462,1,0,7.9805,literature,0.40,3.48877,8.14047
31,32,31.5000,32.5000,1.0000,60.0000,0,0.992736,0.02725,5.95642,0.099274,ok,0.161466,,0.161466,5.95642,4.0208,0.162781,5.80558,1,0,7.9765,literature,0.40,3.48335,8.12781
32,32,32.5000,32.5000,1.0000,60.0000,0,0.989380,0.02725,5.93628,0.098938,ok,0.161637,,0.161637,5.93628,4.0165,0.162943,5.78760,1,0,7.9686,literature,0.40,3.47256,8.10264
33,32,33.5000,32.5000,1.0000,60.0000,0,0.984477,0.02725,5.90686,0.098448,ok,0.161891,,0.161891,5.90686,4.0102,0.163184,5.76090,1,0,7.9568,literature,0.40,3.45654,8.06526
34,32,34.5000,32.5000,1.0000,60.0000,0,0.978115,0.02725,5.86869,0.097811,ok,0.162223,,0.162223,5.86869,4.0020,0.163505,5.72579,1,0,7.9412,literature,0.40,3.43547,8.01611
35,32,35.5000,32.5000,1.0000,60.0000,0,0.970382,0.02725,5.82229,0.097038,ok,0.162632,,0.162632,5.82229,3.9919,0.163893,5.68397,1,0,7.9224,literature,0.40,3.41038,7.95756
36,32,36.5000,32.5000,1.0000,60.0000,0,0.961367,0.02725,5.76820,0.096137,ok,0.163118,,0.163118,5.76820,3.9800,0.164371,5.63320,1,0,7.8994,literature,0.40,3.37992,7.88649
37,32,37.5000,32.5000,1.0000,60.0000,0,0.951159,0.02725,5.70695,0.095116,ok,0.163679,,0.163679,5.70695,3.9664,0.164927,5.57535,1,0,7.8728,literature,0.40,3.34521,7.80549
38,32,38.5000,32.5000,1.0000,60.0000,0,0.939845,0.02725,5.63907,0.093985,ok,0.164315,,0.164315,5.63907,3.9510,0.165559,5.51092,1,0,7.8427,literature,0.40,3.30655,7.71529
39,32,39.5000,32.5000,1.0000,60.0000,0,0.927515,0.02725,5.56509,0.092752,ok,0.165027,,0.165027,5.56509,3.9340,0.166268,5.44049,1,0,7.8093,literature,0.40,3.26429,7.61668
40,32,40.5000,32.5000,1.0000,60.0000,0,0.914256,0.02725,5.48554,0.091426,ok,0.165813,,0.165813,5.48554,3.9154,0.167052,5.36460,1,0,7.7726,literature,0.40,3.21876,7.51044
41,32,41.5000,32.5000,1.0000,60.0000,0,0.900158,0.02725,5.40095,0.090016,ok,0.166674,,0.166674,5.40095,3.8951,0.167912,5.28384,1,0,7.7328,literature,0.40,3.17031,7.39738
42,32,42.5000,32.5000,1.0000,60.0000,0,0.885308,0.02725,5.31185,0.088531,ok,0.167611,,0.167611,5.31185,3.8734,0.168845,5.19882,1,0,7.6901,literature,0.40,3.11929,7.27834
43,32,43.5000,32.5000,1.0000,60.0000,0,0.869794,0.02725,5.21877,0.086979,ok,0.168623,,0.168623,5.21877,3.8501,0.169852,5.11013,1,0,7.6445,literature,0.40,3.06608,7.15419
44,32,44.5000,32.5000,1.0000,60.0000,0,0.853706,0.02725,5.12224,0.085371,ok,0.169713,,0.169713,5.12224,3.8254,0.170931,5.01844,1,0,7.5962,literature,0.40,3.01106,7.02581
45,32,45.5000,32.5000,1.0000,60.0000,0,0.837132,0.02725,5.02279,0.083713,ok,0.170878,,0.170878,5.02279,3.7993,0.172078,4.92440,1,0,7.5456,literature,0.40,2.95464,6.89416
46,32,46.5000,32.5000,1.0000,60.0000,0,0.820160,0.02725,4.92096,0.082016,ok,0.172121,,0.172121,4.92096,3.7718,0.173292,4.82873,1,0,7.4927,literature,0.40,2.89724,6.76022
47,32,47.5000,32.5000,1.0000,60.0000,0,0.802878,0.02725,4.81727,0.080288,ok,0.173440,,0.173440,4.81727,3.7432,0.174567,4.73215,1,0,7.4380,literature,0.40,2.83929,6.62500
48,32,48.5000,32.5000,1.0000,60.0000,0,0.785376,0.02725,4.71226,0.078538,ok,0.174836,,0.174836,4.71226,3.7133,0.175887,4.63615,1,0,7.3822,literature,0.40,2.78169,6.49060
49,32,49.5000,32.5000,1.0000,60.0000,0,0.767741,0.02725,4.60644,0.076774,ok,0.176306,,0.176306,4.60644,3.6823,0.177246,4.54129,1,0,7.3256,literature,0.40,2.72477,6.35780
50,32,50.5000,32.5000,1.0000,60.0000,0,0.750061,0.02725,4.50037,0.075006,ok,0.177850,,0.177850,4.50037,3.6504,0.178630,4.44858,1,0,7.2688,literature,0.40,2.66915,6.22802
51,32,51.5000,32.5000,1.0000,60.0000,0,0.732426,0.02725,4.39456,0.073243,ok,0.179463,,0.179463,4.39456,3.6175,0.180019,4.35903,1,0,7.2127,literature,0.40,2.61542,6.10264
52,32,52.5000,32.5000,1.0000,60.0000,0,0.714923,0.02725,4.28954,0.071492,ok,0.180962,,0.180962,4.28954,3.5876,0.181392,4.25856,1,0,7.1581,literature,0.40,2.55514,5.96198
53,32,53.5000,32.5000,1.0000,60.0000,0,0.697642,0.02725,4.18585,0.069764,ok,0.182427,,0.182427,4.18585,3.5588,0.182722,4.16554,1,0,7.1060,literature,0.40,2.49932,5.83176
54,32,54.5000,32.5000,1.0000,60.0000,0,0.680670,0.02725,4.08402,0.068067,ok,0.183938,,0.183938,4.08402,3.5295,0.183984,4.08100,1,0,7.0573,literature,0.40,2.44860,5.71340
55,32,55.5000,32.5000,1.0000,60.0000,0,0.664095,0.02725,3.98457,0.066410,ok,0.185488,,0.185488,3.98457,3.5000,0.185154,4.00562,1,0,7.0127,literature,0.40,2.40337,5.60786
56,32,56.5000,32.5000,1.0000,60.0000,0,0.648007,0.02725,3.88804,0.064801,ok,0.187069,,0.187069,3.88804,3.4705,0.186215,3.93963,1,0,6.9728,literature,0.40,2.36378,5.51548
57,32,57.5000,32.5000,1.0000,60.0000,0,0.632494,0.02725,3.79496,0.063249,ok,0.188669,,0.188669,3.79496,3.4410,0.187156,3.88285,1,0,6.9377,literature,0.40,2.32971,5.43599
58,32,58.5000,32.5000,1.0000,60.0000,0,0.617644,0.02725,3.70586,0.061764,ok,0.190276,,0.190276,3.70586,3.4120,0.187976,3.83471,1,0,6.9074,literature,0.40,2.30083,5.36860
59,32,59.5000,32.5000,1.0000,60.0000,0,0.603545,0.02725,3.62127,0.060355,ok,0.191875,,0.191875,3.62127,3.3835,0.188679,3.79439,1,0,6.8817,literature,0.40,2.27663,5.31214
0,33,0.5000,33.5000,1.0000,60.0000,0,0.600554,0.02725,3.60333,0.060055,ok,0.192224,,0.192224,3.60333,3.3774,0.189004,3.77607,1,0,6.8699,literature,0.40,2.26564,5.28650
1,33,1.5000,33.5000,1.0000,60.0000,0,0.614583,0.02725,3.68750,0.061458,ok,0.190617,,0.190617,3.68750,3.4059,0.188297,3.81619,1,0,6.8956,literature,0.40,2.28972,5.34267
2,33,2.5000,33.5000,1.0000,60.0000,0,0.629360,0.02725,3.77616,0.062936,ok,0.189002,,0.189002,3.77616,3.4350,0.187473,3.86408,1,0,6.9259,literature,0.40,2.31845,5.40971
3,33,3.5000,33.5000,1.0000,60.0000,0,0.644796,0.02725,3.86878,0.064480,ok,0.187394,,0.187394,3.86878,3.4644,0.186528,3.92055,1,0,6.9611,literature,0.40,2.35233,5.48878
4,33,4.5000,33.5000,1.0000,60.0000,0,0.660804,0.02725,3.96482,0.066080,ok,0.185805,,0.185805,3.96482,3.4941,0.185463,3.98616,1,0,7.0010,literature,0.40,2.39170,5.58062
5,33,5.5000,33.5000,1.0000,60.0000,0,0.677296,0.02725,4.06378,0.067730,ok,0.184247,,0.184247,4.06378,3.5236,0.184289,4.06107,1,0,7.0456,literature,0.40,2.43664,5.68549
6,33,6.5000,33.5000,1.0000,60.0000,0,0.694184,0.02725,4.16511,0.069418,ok,0.182729,,0.182729,4.16511,3.5529,0.183024,4.14502,1,0,7.0943,literature,0.40,2.48701,5.80302
7,33,7.5000,33.5000,1.0000,60.0000,0,0.711380,0.02725,4.26828,0.071138,ok,0.181256,,0.181256,4.26828,3.5817,0.181691,4.23732,1,0,7.1464,literature,0.40,2.54239,5.93225
8,33,8.5000,33.5000,1.0000,60.0000,0,0.728796,0.02725,4.37278,0.072880,ok,0.179805,,0.179805,4.37278,3.6107,0.180315,4.33699,1,0,7.2009,literature,0.40,2.60219,6.07178
9,33,9.5000,33.5000,1.0000,60.0000,0,0.746344,0.02725,4.47806,0.074634,ok,0.178183,,0.178183,4.47806,3.6435,0.178923,4.42941,1,0,7.2569,literature,0.40,2.65765,6.20118
10,33,10.5000,33.5000,1.0000,60.0000,0,0.763936,0.02725,4.58361,0.076394,ok,0.176632,,0.176632,4.58361,3.6755,0.177537,4.52147,1,0,7.3136,literature,0.40,2.71288,6.33005
11,33,11.5000,33.5000,1.0000,60.0000,0,0.781484,0.02725,4.68890,0.078148,ok,0.175155,,0.175155,4.68890,3.7065,0.176176,4.61565,1,0,7.3701,literature,0.40,2.76939,6.46192
12,33,12.5000,33.5000,1.0000,60.0000,0,0.798899,0.02725,4.79340,0.079890,ok,0.173752,,0.173752,4.79340,3.7364,0.174853,4.71099,1,0,7.4258,literature,0.40,2.82659,6.59539
13,33,13.5000,33.5000,1.0000,60.0000,0,0.816095,0.02725,4.89657,0.081610,ok,0.172426,,0.172426,4.89657,3.7652,0.173575,4.80692,1,0,7.4805,literature,0.40,2.88415,6.72969
14,33,14.5000,33.5000,1.0000,60.0000,0,0.832983,0.02725,4.99790,0.083298,ok,0.171178,,0.171178,4.99790,3.7926,0.172358,4.90199,1,0,7.5333,literature,0.40,2.94119,6.86278
15,33,15.5000,33.5000,1.0000,60.0000,0,0.849475,0.02725,5.09685,0.084948,ok,0.170006,,0.170006,5.09685,3.8188,0.171207,4.99546,1,0,7.5840,literature,0.40,2.99728,6.99365
16,33,16.5000,33.5000,1.0000,60.0000,0,0.865484,0.02725,5.19290,0.086548,ok,0.168911,,0.168911,5.19290,3.8435,0.170125,5.08665,1,0,7.6322,literature,0.40,3.05199,7.12130
17,33,17.5000,33.5000,1.0000,60.0000,0,0.880920,0.02725,5.28552,0.088092,ok,0.167893,,0.167893,5.28552,3.8668,0.169114,5.17486,1,0,7.6778,literature,0.40,3.10491,7.24480
18,33,18.5000,33.5000,1.0000,60.0000,0,0.895697,0.02725,5.37418,0.089570,ok,0.166952,,0.166952,5.37418,3.8886,0.168176,5.25945,1,0,7.7207,literature,0.40,3.15567,7.36323
19,33,19.5000,33.5000,1.0000,60.0000,0,0.909725,0.02725,5.45835,0.090973,ok,0.166086,,0.166086,5.45835,3.9089,0.167313,5.33981,1,0,7.7605,literature,0.40,3.20389,7.47574
20,33,20.5000,33.5000,1.0000,60.0000,0,0.922918,0.02725,5.53751,0.092292,ok,0.165297,,0.165297,5.53751,3.9276,0.166525,5.41534,1,0,7.7972,literature,0.40,3.24920,7.58147
21,33,21.5000,33.5000,1.0000,60.0000,0,0.935187,0.02725,5.61112,0.093519,ok,0.164582,,0.164582,5.61112,3.9446,0.165813,5.48545,1,0,7.8307,literature,0.40,3.29127,7.67963
22,33,22.5000,33.5000,1.0000,60.0000,0,0.946445,0.02725,5.67867,0.094644,ok,0.163942,,0.163942,5.67867,3.9600,0.165178,5.54957,1,0,7.8608,literature,0.40,3.32974,7.76940
23,33,23.5000,33.5000,1.0000,60.0000,0,0.956603,0.02725,5.73962,0.095660,ok,0.163378,,0.163378,5.73962,3.9737,0.164620,5.60717,1,0,7.8874,literature,0.40,3.36430,7.85004
24,33,24.5000,33.5000,1.0000,60.0000,0,0.965573,0.02725,5.79344,0.096557,ok,0.162890,,0.162890,5.79344,3.9856,0.164139,5.65771,1,0,7.9105,literature,0.40,3.39463,7.92079
25,33,25.5000,33.5000,1.0000,60.0000,0,0.973267,0.02725,5.83960,0.097327,ok,0.162479,,0.162479,5.83960,3.9957,0.163737,5.70070,1,0,7.9300,literature,0.40,3.42042,7.98098
26,33,26.5000,33.5000,1.0000,60.0000,0,0.979598,0.02725,5.87759,0.097960,ok,0.162145,,0.162145,5.87759,4.0039,0.163427,5.73432,1,0,7.9450,literature,0.40,3.44059,8.02805
27,33,27.5000,33.5000,1.0000,60.0000,0,0.984477,0.02725,5.90686,0.098448,ok,0.161891,,0.161891,5.90686,4.0102,0.163184,5.76090,1,0,7.9568,literature,0.40,3.45654,8.06526
28,33,28.5000,33.5000,1.0000,60.0000,0,0.987816,0.02725,5.92690,0.098782,ok,0.161718,,0.161718,5.92690,4.0145,0.163022,5.77880,1,0,7.9647,literature,0.40,3.46728,8.09032
29,33,29.5000,33.5000,1.0000,60.0000,0,0.989528,0.02725,5.93717,0.098953,ok,0.161630,,0.161630,5.93717,4.0167,0.162941,5.78780,1,0,7.9687,literature,0.40,3.47268,8.10293
30,33,30.5000,33.5000,1.0000,60.0000,0,0.989528,0.02725,5.93717,0.098953,ok,0.161630,,0.161630,5.93717,4.0167,0.162941,5.78780,1,0,7.9687,literature,0.40,3.47268,8.10293
31,33,31.5000,33.5000,1.0000,60.0000,0,0.987816,0.02725,5.92690,0.098782,ok,0.161718,,0.161718,5.92690,4.0145,0.163022,5.77880,1,0,7.9647,literature,0.40,3.46728,8.09032
32,33,32.5000,33.5000,1.0000,60.0000,0,0.984477,0.02725,5.90686,0.098448,ok,0.161891,,0.161891,5.90686,4.0102,0.163184,5.76090,1,0,7.9568,literature,0.40,3.45654,8.06526
33,33,33.5000,33.5000,1.0000,60.0000,0,0.979598,0.02725,5.87759,0.097960,ok,0.162145,,0.162145,5.87759,4.0039,0.163427,5.73432,1,0,7.9450,literature,0.40,3.44059,8.02805
34,33,34.5000,33.5000,1.0000,60.0000,0,0.973267,0.02725,5.83960,0.097327,ok,0.162479,,0.162479,5.83960,3.9957,0.163737,5.70070,1,0,7.9300,literature,0.40,3.42042,7.98098
35,33,35.5000,33.5000,1.0000,60.0000,0,0.965573,0.02725,5.79344,0.096557,ok,0.162890,,0.162890,5.79344,3.9856,0.164139,5.65771,1,0,7.9105,literature,0.40,3.39463,7.92079
36,33,36.5000,33.5000,1.0000,60.0000,0,0.956603,0.02725,5.73962,0.095660,ok,0.163378,,0.163378,5.73962,3.9737,0.164620,5.60717,1,0,7.8874,literature,0.40,3.36430,7.85004
37,33,37.5000,33.5000,1.0000,60.0000,0,0.946445,0.02725,5.67867,0.094644,ok,0.163942,,0.163942,5.67867,3.9600,0.165178,5.54957,1,0,7.8608,literature,0.40,3.32974,7.76940
38,33,38.5000,33.5000,1.0000,60.0000,0,0.935187,0.02725,5.61112,0.093519,ok,0.164582,,0.164582,5.61112,3.9446,0.165813,5.48545,1,0,7.8307,literature,0.40,3.29127,7.67963
39,33,39.5000,33.5000,1.0000,60.0000,0,0.922918,0.02725,5.53751,0.092292,ok,0.165297,,0.165297,5.53751,3.9276,0.166525,5.41534,1,0,7.7972,literature,0.40,3.24920,7.58147
40,33,40.5000,33.5000,1.0000,60.0000,0,0.909725,0.02725,5.45835,0.090973,ok,0.166086,,0.166086,5.45835,3.9089,0.167313,5.33981,1,0,7.7605,literature,0.40,3.20389,7.47574
41,33,41.5000,33.5000,1.0000,60.0000,0,0.895697,0.02725,5.37418,0.089570,ok,0.166952,,0.166952,5.37418,3.8886,0.168176,5.25945,1,0,7.7207,literature,0.40,3.15567,7.36323
42,33,42.5000,33.5000,1.0000,60.0000,0,0.880920,0.02725,5.28552,0.088092,ok,0.167893,,0.167893,5.28552,3.8668,0.169114,5.17486,1,0,7.6778,literature,0.40,3.10491,7.24480
43,33,43.5000,33.5000,1.0000,60.0000,0,0.865484,0.02725,5.19290,0.086548,ok,0.168911,,0.168911,5.19290,3.8435,0.170125,5.08665,1,0,7.6322,literature,0.40,3.05199,7.12130
44,33,44.5000,33.5000,1.0000,60.0000,0,0.849475,0.02725,5.09685,0.084948,ok,0.170006,,0.170006,5.09685,3.8188,0.171207,4.99546,1,0,7.5840,literature,0.40,2.99728,6.99365
45,33,45.5000,33.5000,1.0000,60.0000,0,0.832983,0.02725,4.99790,0.083298,ok,0.171178,,0.171178,4.99790,3.7926,0.172358,4.90199,1,0,7.5333,literature,0.40,2.94119,6.86278
46,33,46.5000,33.5000,1.0000,60.0000,0,0.816095,0.02725,4.89657,0.081610,ok,0.172426,,0.172426,4.89657,3.7652,0.173575,4.80692,1,0,7.4805,literature,0.40,2.88415,6.72969
47,33,47.5000,33.5000,1.0000,60.0000,0,0.798899,0.02725,4.79340,0.079890,ok,0.173752,,0.173752,4.79340,3.7364,0.174853,4.71099,1,0,7.4258,literature,0.40,2.82659,6.59539
48,33,48.5000,33.5000,1.0000,60.0000,0,0.781484,0.02725,4.68890,0.078148,ok,0.175155,,0.175155,4.68890,3.7065,0.176176,4.61565,1,0,7.3701,literature,0.40,2.76939,6.46192
49,33,49.5000,33.5000,1.0000,60.0000,0,0.763936,0.02725,4.58361,0.076394,ok,0.176632,,0.176632,4.58361,3.6755,0.177537,4.52147,1,0,7.3136,literature,0.40,2.71288,6.33005
50,33,50.5000,33.5000,1.0000,60.0000,0,0.746344,0.02725,4.47806,0.074634,ok,0.178183,,0.178183,4.47806,3.6435,0.178923,4.42941,1,0,7.2569,literature,0.40,2.65765,6.20118
51,33,51.5000,33.5000,1.0000,60.0000,0,0.728796,0.02725,4.37278,0.072880,ok,0.179805,,0.179805,4.37278,3.6107,0.180315,4.33699,1,0,7.2009,literature,0.40,2.60219,6.07178
52,33,52.5000,33.5000,1.0000,60.0000,0,0.711380,0.02725,4.26828,0.071138,ok,0.181256,,0.181256,4.26828,3.5817,0.181691,4.23732,1,0,7.1464,literature,0.40,2.54239,5.93225
53,33,53.5000,33.5000,1.0000,60.0000,0,0.694184,0.02725,4.16511,0.069418,ok,0.182729,,0.182729,4.16511,3.5529,0.183024,4.14502,1,0,7.0943,literature,0.40,2.48701,5.80302
54,33,54.5000,33.5000,1.0000,60.0000,0,0.677296,0.02725,4.06378,0.067730,ok,0.184247,,0.184247,4.06378,3.5236,0.184289,4.06107,1,0,7.0456,literature,0.40,2.43664,5.68549
55,33,55.5000,33.5000,1.0000,60.0000,0,0.660804,0.02725,3.96482,0.066080,ok,0.185805,,0.185805,3.96482,3.4941,0.185463,3.98616,1,0,7.0010,literature,0.40,2.39170,5.58062
56,33,56.5000,33.5000,1.0000,60.0000,0,0.644796,0.02725,3.86878,0.064480,ok,0.187394,,0.187394,3.86878,3.4644,0.186528,3.92055,1,0,6.9611,literature,0.40,2.35233,5.48878
57,33,57.5000,33.5000,1.0000,60.0000,0,0.629360,0.02725,3.77616,0.062936,ok,0.189002,,0.189002,3.77616,3.4350,0.187473,3.86408,1,0,6.9259,literature,0.40,2.31845,5.40971
58,33,58.5000,33.5000,1.0000,60.0000,0,0.614583,0.02725,3.68750,0.061458,ok,0.190617,,0.190617,3.68750,3.4059,0.188297,3.81619,1,0,6.8956,literature,0.40,2.28972,5.34267
59,33,59.5000,33.5000,1.0000,60.0000,0,0.600554,0.02725,3.60333,0.060055,ok,0.192224,,0.192224,3.60333,3.3774,0.189004,3.77607,1,0,6.8699,literature,0.40,2.26564,5.28650
0,34,0.5000,34.5000,1.0000,60.0000,0,0.596673,0.02725,3.58004,0.059667,ok,0.192682,,0.192682,3.58004,3.3694,0.189434,3.75203,1,0,6.8543,literature,0.40,2.25122,5.25284
1,34,1.5000,34.5000,1.0000,60.0000,0,0.610611,0.02725,3.66367,0.061061,ok,0.191065,,0.191065,3.66367,3.3979,0.188723,3.79189,1,0,6.8801,literature,0.40,2.27513,5.30865
2,34,2.5000,34.5000,1.0000,60.0000,0,0.625292,0.02725,3.75175,0.062529,ok,0.189439,,0.189439,3.75175,3.4270,0.187894,3.83946,1,0,6.9104,literature,0.40,2.30368,5.37525
3,34,3.5000,34.5000,1.0000,60.0000,0,0.640629,0.02725,3.84377,0.064063,ok,0.187820,,0.187820,3.84377,3.4566,0.186943,3.89554,1,0,6.9456,literature,0.40,2.33732,5.45376
4,34,4.5000,34.5000,1.0000,60.0000,0,0.656534,0.02725,3.93920,0.065653,ok,0.186221,,0.186221,3.93920,3.4863,0.185873,3.96065,1,0,6.9856,literature,0.40,2.37639,5.54492
5,34,5.5000,34.5000,1.0000,60.0000,0,0.672919,0.02725,4.03751,0.067292,ok,0.184653,,0.184653,4.03751,3.5159,0.184693,4.03495,1,0,7.0302,literature,0.40,2.42097,5.64893
6,34,6.5000,34.5000,1.0000,60.0000,0,0.689698,0.02725,4.13819,0.068970,ok,0.183125,,0.183125,4.13819,3.5452,0.183423,4.11814,1,0,7.0789,literature,0.40,2.47088,5.76540
7,34,7.5000,34.5000,1.0000,60.0000,0,0.706783,0.02725,4.24070,0.070678,ok,0.181643,,0.181643,4.24070,3.5741,0.182086,4.20954,1,0,7.1309,literature,0.40,2.52572,5.89335
8,34,8.5000,34.5000,1.0000,60.0000,0,0.724086,0.02725,4.34452,0.072409,ok,0.180214,,0.180214,4.34452,3.6025,0.180707,4.30814,1,0,7.1853,literature,0.40,2.58489,6.03140
9,34,9.5000,34.5000,1.0000,60.0000,0,0.741521,0.02725,4.44912,0.074152,ok,0.178622,,0.178622,4.44912,3.6346,0.179312,4.40430,1,0,7.2412,literature,0.40,2.64258,6.16602
10,34,10.5000,34.5000,1.0000,60.0000,0,0.758999,0.02725,4.55399,0.075900,ok,0.177060,,0.177060,4.55399,3.6666,0.177923,4.49546,1,0,7.2977,literature,0.40,2.69727,6.29364
11,34,11.5000,34.5000,1.0000,60.0000,0,0.776433,0.02725,4.65860,0.077643,ok,0.175573,,0.175573,4.65860,3.6977,0.176558,4.58880,1,0,7.3541,literature,0.40,2.75328,6.42432
12,34,12.5000,34.5000,1.0000,60.0000,0,0.793736,0.02725,4.76242,0.079374,ok,0.174162,,0.174162,4.76242,3.7277,0.175232,4.68326,1,0,7.4098,literature,0.40,2.80996,6.55656
13,34,13.5000,34.5000,1.0000,60.0000,0,0.810821,0.02725,4.86493,0.081082,ok,0.172827,,0.172827,4.86493,3.7564,0.173951,4.77833,1,0,7.4644,literature,0.40,2.86700,6.68967
14,34,14.5000,34.5000,1.0000,60.0000,0,0.827600,0.02725,4.96560,0.082760,ok,0.171570,,0.171570,4.96560,3.7840,0.172730,4.87259,1,0,7.5171,literature,0.40,2.92355,6.82163
15,34,15.5000,34.5000,1.0000,60.0000,0,0.843986,0.02725,5.06391,0.084399,ok,0.170391,,0.170391,5.06391,3.8102,0.171574,4.96532,1,0,7.5678,literature,0.40,2.97919,6.95144
16,34,16.5000,34.5000,1.0000,60.0000,0,0.859890,0.02725,5.15934,0.085989,ok,0.169289,,0.169289,5.15934,3.8349,0.170486,5.05581,1,0,7.6160,literature,0.40,3.03349,7.07813
17,34,17.5000,34.5000,1.0000,60.0000,0,0.875227,0.02725,5.25136,0.087523,ok,0.168265,,0.168265,5.25136,3.8583,0.169470,5.14339,1,0,7.6617,literature,0.40,3.08603,7.20074
18,34,18.5000,34.5000,1.0000,60.0000,0,0.889908,0.02725,5.33945,0.088991,ok,0.167317,,0.167317,5.33945,3.8801,0.168528,5.22740,1,0,7.7045,literature,0.40,3.13644,7.31837
19,34,19.5000,34.5000,1.0000,60.0000,0,0.903846,0.02725,5.42308,0.090385,ok,0.166446,,0.166446,5.42308,3.9005,0.167660,5.30724,1,0,7.7444,literature,0.40,3.18434,7.43013
20,34,20.5000,34.5000,1.0000,60.0000,0,0.916954,0.02725,5.50172,0.091695,ok,0.165651,,0.165651,5.50172,3.9192,0.166867,5.38228,1,0,7.7812,literature,0.40,3.22937,7.53519
21,34,21.5000,34.5000,1.0000,60.0000,0,0.929144,0.02725,5.57486,0.092914,ok,0.164932,,0.164932,5.57486,3.9363,0.166151,5.45195,1,0,7.8147,literature,0.40,3.27117,7.63273
22,34,22.5000,34.5000,1.0000,60.0000,0,0.940328,0.02725,5.64197,0.094033,ok,0.164288,,0.164288,5.64197,3.9517,0.165512,5.51569,1,0,7.8449,literature,0.40,3.30941,7.72196
23,34,23.5000,34.5000,1.0000,60.0000,0,0.950421,0.02725,5.70252,0.095042,ok,0.163720,,0.163720,5.70252,3.9654,0.164950,5.57293,1,0,7.8716,literature,0.40,3.34376,7.80211
24,34,24.5000,34.5000,1.0000,60.0000,0,0.959333,0.02725,5.75600,0.095933,ok,0.163229,,0.163229,5.75600,3.9773,0.164467,5.62317,1,0,7.8948,literature,0.40,3.37390,7.87244
25,34,25.5000,34.5000,1.0000,60.0000,0,0.966977,0.02725,5.80186,0.096698,ok,0.162815,,0.162815,5.80186,3.9874,0.164062,5.66591,1,0,7.9143,literature,0.40,3.39955,7.93228
26,34,26.5000,34.5000,1.0000,60.0000,0,0.973267,0.02725,5.83960,0.097327,ok,0.162479,,0.162479,5.83960,3.9957,0.163737,5.70070,1,0,7.9300,literature,0.40,3.42042,7.98098
27,34,27.5000,34.5000,1.0000,60.0000,0,0.978115,0.02725,5.86869,0.097811,ok,0.162223,,0.162223,5.86869,4.0020,0.163505,5.72579,1,0,7.9412,literature,0.40,3.43547,8.01611
28,34,28.5000,34.5000,1.0000,60.0000,0,0.981432,0.02725,5.88859,0.098143,ok,0.162049,,0.162049,5.88859,4.0063,0.163342,5.74359,1,0,7.9491,literature,0.40,3.44615,8.04102
29,34,29.5000,34.5000,1.0000,60.0000,0,0.983133,0.02725,5.89880,0.098313,ok,0.161960,,0.161960,5.89880,4.0085,0.163260,5.75254,1,0,7.9531,literature,0.40,3.45152,8.05355
30,34,30.5000,34.5000,1.0000,60.0000,0,0.983133,0.02725,5.89880,0.098313,ok,0.161960,,0.161960,5.89880,4.0085,0.163260,5.75254,1,0,7.9531,literature,0.40,3.45152,8.05355
31,34,31.5000,34.5000,1.0000,60.0000,0,0.981432,0.02725,5.88859,0.098143,ok,0.162049,,0.162049,5.88859,4.0063,0.163342,5.74359,1,0,7.9491,literature,0.40,3.44615,8.04102
32,34,32.5000,34.5000,1.0000,60.0000,0,0.978115,0.02725,5.86869,0.097811,ok,0.162223,,0.162223,5.86869,4.0020,0.163505,5.72579,1,0,7.9412,literature,0.40,3.43547,8.01611
33,34,33.5000,34.5000,1.0000,60.0000,0,0.973267,0.02725,5.83960,0.097327,ok,0.162479,,0.162479,5.83960,3.9957,0.163737,5.70070,1,0,7.9300,literature,0.40,3.42042,7.98098
34,34,34.5000,34.5000,1.0000,60.0000,0,0.966977,0.02725,5.80186,0.096698,ok,0.162815,,0.162815,5.80186,3.9874,0.164062,5.66591,1,0,7.9143,literature,0.40,3.39955,7.93228
35,34,35.5000,34.5000,1.0000,60.0000,0,0.959333,0.02725,5.75600,0.095933,ok,0.163229,,0.163229,5.75600,3.9773,0.164467,5.62317,1,0,7.8948,literature,0.40,3.37390,7.87244
36,34,36.5000,34.5000,1.0000,60.0000,0,0.950421,0.02725,5.70252,0.095042,ok,0.163720,,0.163720,5.70252,3.9654,0.164950,5.57293,1,0,7.8716,literature,0.40,3.34376,7.80211
37,34,37.5000,34.5000,1.0000,60.0000,0,0.940328,0.02725,5.64197,0.094033,ok,0.164288,,0.164288,5.64197,3.9517,0.165512,5.51569,1,0,7.8449,literature,0.40,3.30941,7.72196
38,34,38.5000,34.5000,1.0000,60.0000,0,0.929144,0.02725,5.57486,0.092914,ok,0.164932,,0.164932,5.57486,3.9363,0.166151,5.45195,1,0,7.8147,literature,0.40,3.27117,7.63273
39,34,39.5000,34.5000,1.0000,60.0000,0,0.916954,0.02725,5.50172,0.091695,ok,0.165651,,0.165651,5.50172,3.9192,0.166867,5.38228,1,0,7.7812,literature,0.40,3.22937,7.53519
40,34,40.5000,34.5000,1.0000,60.0000,0,0.903846,0.02725,5.42308,0.090385,ok,0.166446,,0.166446,5.42308,3.9005,0.167660,5.30724,1,0,7.7444,literature,0.40,3.18434,7.43013
41,34,41.5000,34.5000,1.0000,60.0000,0,0.889908,0.02725,5.33945,0.088991,ok,0.167317,,0.167317,5.33945,3.8801,0.168528,5.22740,1,0,7.7045,literature,0.40,3.13644,7.31837
42,34,42.5000,34.5000,1.0000,60.0000,0,0.875227,0.02725,5.25136,0.087523,ok,0.168265,,0.168265,5.25136,3.8583,0.169470,5.14339,1,0,7.6617,literature,0.40,3.08603,7.20074
43,34,43.5000,34.5000,1.0000,60.0000,0,0.859890,0.02725,5.15934,0.085989,ok,0.169289,,0.169289,5.15934,3.8349,0.170486,5.05581,1,0,7.6160,literature,0.40,3.03349,7.07813
44,34,44.5000,34.5000,1.0000,60.0000,0,0.843986,0.02725,5.06391,0.084399,ok,0.170391,,0.170391,5.06391,3.8102,0.171574,4.96532,1,0,7.5678,literature,0.40,2.97919,6.95144
45,34,45.5000,34.5000,1.0000,60.0000,0,0.827600,0.02725,4.96560,0.082760,ok,0.171570,,0.171570,4.96560,3.7840,0.172730,4.87259,1,0,7.5171,literature,0.40,2.92355,6.82163
46,34,46.5000,34.5000,1.0000,60.0000,0,0.810821,0.02725,4.86493,0.081082,ok,0.172827,,0.172827,4.86493,3.7564,0.173951,4.77833,1,0,7.4644,literature,0.40,2.86700,6.68967
47,34,47.5000,34.5000,1.0000,60.0000,0,0.793736,0.02725,4.76242,0.079374,ok,0.174162,,0.174162,4.76242,3.7277,0.175232,4.68326,1,0,7.4098,literature,0.40,2.80996,6.55656
48,34,48.5000,34.5000,1.0000,60.0000,0,0.776433,0.02725,4.65860,0.077643,ok,0.175573,,0.175573,4.65860,3.6977,0.176558,4.58880,1,0,7.3541,literature,0.40,2.75328,6.42432
49,34,49.5000,34.5000,1.0000,60.0000,0,0.758999,0.02725,4.55399,0.075900,ok,0.177060,,0.177060,4.55399,3.6666,0.177923,4.49546,1,0,7.2977,literature,0.40,2.69727,6.29364
50,34,50.5000,34.5000,1.0000,60.0000,0,0.741521,0.02725,4.44912,0.074152,ok,0.178622,,0.178622,4.44912,3.6346,0.179312,4.40430,1,0,7.2412,literature,0.40,2.64258,6.16602
51,34,51.5000,34.5000,1.0000,60.0000,0,0.724086,0.02725,4.34452,0.072409,ok,0.180214,,0.180214,4.34452,3.6025,0.180707,4.30814,1,0,7.1853,literature,0.40,2.58489,6.03140
52,34,52.5000,34.5000,1.0000,60.0000,0,0.706783,0.02725,4.24070,0.070678,ok,0.181643,,0.181643,4.24070,3.5741,0.182086,4.20954,1,0,7.1309,literature,0.40,2.52572,5.89335
53,34,53.5000,34.5000,1.0000,60.0000,0,0.689698,0.02725,4.13819,0.068970,ok,0.183125,,0.183125,4.13819,3.5452,0.183423,4.11814,1,0,7.0789,literature,0.40,2.47088,5.76540
54,34,54.5000,34.5000,1.0000,60.0000,0,0.672919,0.02725,4.03751,0.067292,ok,0.184653,,0.184653,4.03751,3.5159,0.184693,4.03495,1,0,7.0302,literature,0.40,2.42097,5.64893
55,34,55.5000,34.5000,1.0000,60.0000,0,0.656534,0.02725,3.93920,0.065653,ok,0.186221,,0.186221,3.93920,3.4863,0.185873,3.96065,1,0,6.9856,literature,0.40,2.37639,5.54492
56,34,56.5000,34.5000,1.0000,60.0000,0,0.640629,0.02725,3.84377,0.064063,ok,0.187820,,0.187820,3.84377,3.4566,0.186943,3.89554,1,0,6.9456,literature,0.40,2.33732,5.45376
57,34,57.5000,34.5000,1.0000,60.0000,0,0.625292,0.02725,3.75175,0.062529,ok,0.189439,,0.189439,3.75175,3.4270,0.187894,3.83946,1,0,6.9104,literature,0.40,2.30368,5.37525
58,34,58.5000,34.5000,1.0000,60.0000,0,0.610611,0.02725,3.66367,0.061061,ok,0.191065,,0.191065,3.66367,3.3979,0.188723,3.79189,1,0,6.8801,literature,0.40,2.27513,5.30865
59,34,59.5000,34.5000,1.0000,60.0000,0,0.596673,0.02725,3.58004,0.059667,ok,0.192682,,0.192682,3.58004,3.3694,0.189434,3.75203,1,0,6.8543,literature,0.40,2.25122,5.25284
0,35,0.5000,35.5000,1.0000,60.0000,0,0.591956,0.02725,3.55174,0.059196,ok,0.193247,,0.193247,3.55174,3.3595,0.189969,3.72256,1,0,6.8350,literature,0.40,2.23354,5.21159
1,35,1.5000,35.5000,1.0000,60.0000,0,0.605784,0.02725,3.63470,0.060578,ok,0.191616,,0.191616,3.63470,3.3881,0.189253,3.76211,1,0,6.8608,literature,0.40,2.25726,5.26695
2,35,2.5000,35.5000,1.0000,60.0000,0,0.620349,0.02725,3.72209,0.062035,ok,0.189978,,0.189978,3.72209,3.4173,0.188418,3.80929,1,0,6.8912,literature,0.40,2.28558,5.33301
3,35,3.5000,35.5000,1.0000,60.0000,0,0.635564,0.02725,3.81339,0.063556,ok,0.188346,,0.188346,3.81339,3.4469,0.187459,3.86490,1,0,6.9265,literature,0.40,2.31894,5.41086
4,35,4.5000,35.5000,1.0000,60.0000,0,0.651343,0.02725,3.90806,0.065134,ok,0.186735,,0.186735,3.90806,3.4767,0.186382,3.92943,1,0,6.9665,literature,0.40,2.35766,5.50120
5,35,5.5000,35.5000,1.0000,60.0000,0,0.667599,0.02725,4.00560,0.066760,ok,0.185154,,0.185154,4.00560,3.5064,0.185195,4.00300,1,0,7.0111,literature,0.40,2.40180,5.60420
6,35,6.5000,35.5000,1.0000,60.0000,0,0.684245,0.02725,4.10547,0.068425,ok,0.183613,,0.183613,4.10547,3.5358,0.183919,4.08529,1,0,7.0598,literature,0.40,2.45117,5.71940
7,35,7.5000,35.5000,1.0000,60.0000,0,0.701195,0.02725,4.20717,0.070120,ok,0.182120,,0.182120,4.20717,3.5648,0.182576,4.17560,1,0,7.1117,literature,0.40,2.50536,5.84584
8,35,8.5000,35.5000,1.0000,60.0000,0,0.718362,0.02725,4.31017,0.071836,ok,0.180679,,0.180679,4.31017,3.5932,0.181192,4.27293,1,0,7.1661,literature,0.40,2.56376,5.98210
9,35,9.5000,35.5000,1.0000,60.0000,0,0.735658,0.02725,4.41395,0.073566,ok,0.179162,,0.179162,4.41395,3.6236,0.179793,4.37358,1,0,7.2218,literature,0.40,2.62415,6.12301
10,35,10.5000,35.5000,1.0000,60.0000,0,0.752998,0.02725,4.51799,0.075300,ok,0.177588,,0.177588,4.51799,3.6557,0.178400,4.46369,1,0,7.2782,literature,0.40,2.67821,6.24916
11,35,11.5000,35.5000,1.0000,60.0000,0,0.770295,0.02725,4.62177,0.077029,ok,0.176089,,0.176089,4.62177,3.6869,0.177032,4.55596,1,0,7.3344,literature,0.40,2.73357,6.37834
12,35,12.5000,35.5000,1.0000,60.0000,0,0.787461,0.02725,4.72477,0.078746,ok,0.174666,,0.174666,4.72477,3.7169,0.175702,4.64933,1,0,7.3899,literature,0.40,2.78960,6.50907
13,35,13.5000,35.5000,1.0000,60.0000,0,0.804411,0.02725,4.82647,0.080441,ok,0.173321,,0.173321,4.82647,3.7457,0.174416,4.74334,1,0,7.4444,literature,0.40,2.84600,6.64067
14,35,14.5000,35.5000,1.0000,60.0000,0,0.821057,0.02725,4.92634,0.082106,ok,0.172054,,0.172054,4.92634,3.7733,0.173190,4.83658,1,0,7.4971,literature,0.40,2.90195,6.77122
15,35,15.5000,35.5000,1.0000,60.0000,0,0.837313,0.02725,5.02388,0.083731,ok,0.170865,,0.170865,5.02388,3.7996,0.172029,4.92837,1,0,7.5477,literature,0.40,2.95702,6.89972
16,35,16.5000,35.5000,1.0000,60.0000,0,0.853092,0.02725,5.11855,0.085309,ok,0.169755,,0.169755,5.11855,3.8244,0.170936,5.01800,1,0,7.5960,literature,0.40,3.01080,7.02520
17,35,17.5000,35.5000,1.0000,60.0000,0,0.868308,0.02725,5.20985,0.086831,ok,0.168722,,0.168722,5.20985,3.8478,0.169914,5.10479,1,0,7.6417,literature,0.40,3.06287,7.14670
18,35,18.5000,35.5000,1.0000,60.0000,0,0.882873,0.02725,5.29724,0.088287,ok,0.167767,,0.167767,5.29724,3.8697,0.168965,5.18808,1,0,7.6846,literature,0.40,3.11285,7.26331
19,35,19.5000,35.5000,1.0000,60.0000,0,0.896701,0.02725,5.38020,0.089670,ok,0.166889,,0.166889,5.38020,3.8901,0.168091,5.26725,1,0,7.7245,literature,0.40,3.16035,7.37415
20,35,20.5000,35.5000,1.0000,60.0000,0,0.909705,0.02725,5.45823,0.090970,ok,0.166088,,0.166088,5.45823,3.9089,0.167293,5.34169,1,0,7.7614,literature,0.40,3.20501,7.47837
21,35,21.5000,35.5000,1.0000,60.0000,0,0.921798,0.02725,5.53079,0.092180,ok,0.165363,,0.165363,5.53079,3.9260,0.166572,5.41082,1,0,7.7950,literature,0.40,3.24649,7.57515
22,35,22.5000,35.5000,1.0000,60.0000,0,0.932894,0.02725,5.59737,0.093289,ok,0.164714,,0.164714,5.59737,3.9415,0.165928,5.47407,1,0,7.8253,literature,0.40,3.28444,7.66370
23,35,23.5000,35.5000,1.0000,60.0000,0,0.942907,0.02725,5.65744,0.094291,ok,0.164142,,0.164142,5.65744,3.9552,0.165362,5.53089,1,0,7.8521,literature,0.40,3.31853,7.74324
24,35,24.5000,35.5000,1.0000,60.0000,0,0.951748,0.02725,5.71049,0.095175,ok,0.163646,,0.163646,5.71049,3.9672,0.164874,5.58075,1,0,7.8753,literature,0.40,3.34845,7.81305
25,35,25.5000,35.5000,1.0000,60.0000,0,0.959333,0.02725,5.75600,0.095933,ok,0.163229,,0.163229,5.75600,3.9773,0.164467,5.62317,1,0,7.8948,literature,0.40,3.37390,7.87244
26,35,26.5000,35.5000,1.0000,60.0000,0,0.965573,0.02725,5.79344,0.096557,ok,0.162890,,0.162890,5.79344,3.9856,0.164139,5.65771,1,0,7.9105,literature,0.40,3.39463,7.92079
27,35,27.5000,35.5000,1.0000,60.0000,0,0.970382,0.02725,5.82229,0.097038,ok,0.162632,,0.162632,5.82229,3.9919,0.163893,5.68397,1,0,7.9224,literature,0.40,3.41038,7.95756
28,35,28.5000,35.5000,1.0000,60.0000,0,0.973674,0.02725,5.84204,0.097367,ok,0.162457,,0.162457,5.84204,3.9962,0.163728,5.70166,1,0,7.9304,literature,0.40,3.42100,7.98232
29,35,29.5000,35.5000,1.0000,60.0000,0,0.975361,0.02725,5.85217,0.097536,ok,0.162368,,0.162368,5.85217,3.9984,0.163646,5.71055,1,0,7.9344,literature,0.40,3.42633,7.99478
30,35,30.5000,35.5000,1.0000,60.0000,0,0.975361,0.02725,5.85217,0.097536,ok,0.162368,,0.162368,5.85217,3.9984,0.163646,5.71055,1,0,7.9344,literature,0.40,3.42633,7.99478
31,35,31.5000,35.5000,1.0000,60.0000,0,0.973674,0.02725,5.84204,0.097367,ok,0.162457,,0.162457,5.84204,3.9962,0.163728,5.70166,1,0,7.9304,literature,0.40,3.42100,7.98232
32,35,32.5000,35.5000,1.0000,60.0000,0,0.970382,0.02725,5.82229,0.097038,ok,0.162632,,0.162632,5.82229,3.9919,0.163893,5.68397,1,0,7.9224,literature,0.40,3.41038,7.95756
33,35,33.5000,35.5000,1.0000,60.0000,0,0.965573,0.02725,5.79344,0.096557,ok,0.162890,,0.162890,5.79344,3.9856,0.164139,5.65771,1,0,7.9105,literature,0.40,3.39463,7.92079
34,35,34.5000,35.5000,1.0000,60.0000,0,0.959333,0.02725,5.75600,0.095933,ok,0.163229,,0.163229,5.75600,3.9773,0.164467,5.62317,1,0,7.8948,literature,0.40,3.37390,7.87244
35,35,35.5000,35.5000,1.0000,60.0000,0,0.951748,0.02725,5.71049,0.095175,ok,0.163646,,0.163646,5.71049,3.9672,0.164874,5.58075,1,0,7.8753,literature,0.40,3.34845,7.81305
36,35,36.5000,35.5000,1.0000,60.0000,0,0.942907,0.02725,5.65744,0.094291,ok,0.164142,,0.164142,5.65744,3.9552,0.165362,5.53089,1,0,7.8521,literature,0.40,3.31853,7.74324
37,35,37.5000,35.5000,1.0000,60.0000,0,0.932894,0.02725,5.59737,0.093289,ok,0.164714,,0.164714,5.59737,3.9415,0.165928,5.47407,1,0,7.8253,literature,0.40,3.28444,7.66370
38,35,38.5000,35.5000,1.0000,60.0000,0,0.921798,0.02725,5.53079,0.092180,ok,0.165363,,0.165363,5.53079,3.9260,0.166572,5.41082,1,0,7.7950,literature,0.40,3.24649,7.57515
39,35,39.5000,35.5000,1.0000,60.0000,0,0.909705,0.02725,5.45823,0.090970,ok,0.166088,,0.166088,5.45823,3.9089,0.167293,5.34169,1,0,7.7614,literature,0.40,3.20501,7.47837
40,35,40.5000,35.5000,1.0000,60.0000,0,0.896701,0.02725,5.38020,0.089670,ok,0.166889,,0.166889,5.38020,3.8901,0.168091,5.26725,1,0,7.7245,literature,0.40,3.16035,7.37415
41,35,41.5000,35.5000,1.0000,60.0000,0,0.882873,0.02725,5.29724,0.088287,ok,0.167767,,0.167767,5.29724,3.8697,0.168965,5.18808,1,0,7.6846,literature,0.40,3.11285,7.26331
42,35,42.5000,35.5000,1.0000,60.0000,0,0.868308,0.02725,5.20985,0.086831,ok,0.168722,,0.168722,5.20985,3.8478,0.169914,5.10479,1,0,7.6417,literature,0.40,3.06287,7.14670
43,35,43.5000,35.5000,1.0000,60.0000,0,0.853092,0.02725,5.11855,0.085309,ok,0.169755,,0.169755,5.11855,3.8244,0.170936,5.01800,1,0,7.5960,literature,0.40,3.01080,7.02520
44,35,44.5000,35.5000,1.0000,60.0000,0,0.837313,0.02725,5.02388,0.083731,ok,0.170865,,0.170865,5.02388,3.7996,0.172029,4.92837,1,0,7.5477,literature,0.40,2.95702,6.89972
45,35,45.5000,35.5000,1.0000,60.0000,0,0.821057,0.02725,4.92634,0.082106,ok,0.172054,,0.172054,4.92634,3.7733,0.173190,4.83658,1,0,7.4971,literature,0.40,2.90195,6.77122
46,35,46.5000,35.5000,1.0000,60.0000,0,0.804411,0.02725,4.82647,0.080441,ok,0.173321,,0.173321,4.82647,3.7457,0.174416,4.74334,1,0,7.4444,literature,0.40,2.84600,6.64067
47,35,47.5000,35.5000,1.0000,60.0000,0,0.787461,0.02725,4.72477,0.078746,ok,0.174666,,0.174666,4.72477,3.7169,0.175702,4.64933,1,0,7.3899,literature,0.40,2.78960,6.50907
48,35,48.5000,35.5000,1.0000,60.0000,0,0.770295,0.02725,4.62177,0.077029,ok,0.176089,,0.176089,4.62177,3.6869,0.177032,4.55596,1,0,7.3344,literature,0.40,2.73357,6.37834
49,35,49.5000,35.5000,1.0000,60.0000,0,0.752998,0.02725,4.51799,0.075300,ok,0.177588,,0.177588,4.51799,3.6557,0.178400,4.46369,1,0,7.2782,literature,0.40,2.67821,6.24916
50,35,50.5000,35.5000,1.0000,60.0000,0,0.735658,0.02725,4.41395,0.073566,ok,0.179162,,0.179162,4.41395,3.6236,0.179793,4.37358,1,0,7.2218,literature,0.40,2.62415,6.12301
51,35,51.5000,35.5000,1.0000,60.0000,0,0.718362,0.02725,4.31017,0.071836,ok,0.180679,,0.180679,4.31017,3.5932,0.181192,4.27293,1,0,7.1661,literature,0.40,2.56376,5.98210
52,35,52.5000,35.5000,1.0000,60.0000,0,0.701195,0.02725,4.20717,0.070120,ok,0.182120,,0.182120,4.20717,3.5648,0.182576,4.17560,1,0,7.1117,literature,0.40,2.50536,5.84584
53,35,53.5000,35.5000,1.0000,60.0000,0,0.684245,0.02725,4.10547,0.068425,ok,0.183613,,0.183613,4.10547,3.5358,0.183919,4.08529,1,0,7.0598,literature,0.40,2.45117,5.71940
54,35,54.5000,35.5000,1.0000,60.0000,0,0.667599,0.02725,4.00560,0.066760,ok,0.185154,,0.185154,4.00560,3.5064,0.185195,4.00300,1,0,7.0111,literature,0.40,2.40180,5.60420
55,35,55.5000,35.5000,1.0000,60.0000,0,0.651343,0.02725,3.90806,0.065134,ok,0.186735,,0.186735,3.90806,3.4767,0.186382,3.92943,1,0,6.9665,literature,0.40,2.35766,5.50120
56,35,56.5000,35.5000,1.0000,60.0000,0,0.635564,0.02725,3.81339,0.063556,ok,0.188346,,0.188346,3.81339,3.4469,0.187459,3.86490,1,0,6.9265,literature,0.40,2.31894,5.41086
57,35,57.5000,35.5000,1.0000,60.0000,0,0.620349,0.02725,3.72209,0.062035,ok,0.189978,,0.189978,3.72209,3.4173,0.188418,3.80929,1,0,6.8912,literature,0.40,2.28558,5.33301
58,35,58.5000,35.5000,1.0000,60.0000,0,0.605784,0.02725,3.63470,0.060578,ok,0.191616,,0.191616,3.63470,3.3881,0.189253,3.76211,1,0,6.8608,literature,0.40,2.25726,5.26695
59,35,59.5000,35.5000,1.0000,60.0000,0,0.591956,0.02725,3.55174,0.059196,ok,0.193247,,0.193247,3.55174,3.3595,0.189969,3.72256,1,0,6.8350,literature,0.40,2.23354,5.21159
0,36,0.5000,36.5000,1.0000,60.0000,0,0.586457,0.02725,3.51874,0.058646,ok,0.193916,,0.193916,3.51874,3.3479,0.190608,3.68800,1,0,6.8120,literature,0.40,2.21280,5.16319
1,36,1.5000,36.5000,1.0000,60.0000,0,0.600156,0.02725,3.60094,0.060016,ok,0.192271,,0.192271,3.60094,3.3766,0.189885,3.72717,1,0,6.8380,literature,0.40,2.23630,5.21804
2,36,2.5000,36.5000,1.0000,60.0000,0,0.614586,0.02725,3.68752,0.061459,ok,0.190617,,0.190617,3.68752,3.4059,0.189042,3.77391,1,0,6.8685,literature,0.40,2.26435,5.28348
3,36,3.5000,36.5000,1.0000,60.0000,0,0.629660,0.02725,3.77796,0.062966,ok,0.188970,,0.188970,3.77796,3.4355,0.188075,3.82899,1,0,6.9038,literature,0.40,2.29739,5.36059
4,36,4.5000,36.5000,1.0000,60.0000,0,0.645292,0.02725,3.87175,0.064529,ok,0.187343,,0.187343,3.87175,3.4654,0.186988,3.89286,1,0,6.9439,literature,0.40,2.33572,5.45000
5,36,5.5000,36.5000,1.0000,60.0000,0,0.661397,0.02725,3.96838,0.066140,ok,0.185748,,0.185748,3.96838,3.4951,0.185793,3.96560,1,0,6.9886,literature,0.40,2.37936,5.55184
6,36,6.5000,36.5000,1.0000,60.0000,0,0.677889,0.02725,4.06733,0.067789,ok,0.184193,,0.184193,4.06733,3.5246,0.184508,4.04688,1,0,7.0373,literature,0.40,2.42813,5.66563
7,36,7.5000,36.5000,1.0000,60.0000,0,0.694681,0.02725,4.16809,0.069468,ok,0.182685,,0.182685,4.16809,3.5537,0.183158,4.13595,1,0,7.0891,literature,0.40,2.48157,5.79033
8,36,8.5000,36.5000,1.0000,60.0000,0,0.711688,0.02725,4.27013,0.071169,ok,0.181231,,0.181231,4.27013,3.5823,0.181768,4.23183,1,0,7.1433,literature,0.40,2.53910,5.92456
9,36,9.5000,36.5000,1.0000,60.0000,0,0.728824,0.02725,4.37294,0.072882,ok,0.179803,,0.179803,4.37294,3.6107,0.180364,4.33336,1,0,7.1989,literature,0.40,2.60002,6.06670
10,36,10.5000,36.5000,1.0000,60.0000,0,0.746003,0.02725,4.47602,0.074600,ok,0.178214,,0.178214,4.47602,3.6429,0.178967,4.42654,1,0,7.2551,literature,0.40,2.65592,6.19716
11,36,11.5000,36.5000,1.0000,60.0000,0,0.763139,0.02725,4.57883,0.076314,ok,0.176701,,0.176701,4.57883,3.6741,0.177595,4.51755,1,0,7.3112,literature,0.40,2.71053,6.32457
12,36,12.5000,36.5000,1.0000,60.0000,0,0.780146,0.02725,4.68088,0.078015,ok,0.175265,,0.175265,4.68088,3.7042,0.176261,4.60964,1,0,7.3665,literature,0.40,2.76579,6.45350
13,36,13.5000,36.5000,1.0000,60.0000,0,0.796938,0.02725,4.78163,0.079694,ok,0.173907,,0.173907,4.78163,3.7331,0.174970,4.70238,1,0,7.4209,literature,0.40,2.82143,6.58333
14,36,14.5000,36.5000,1.0000,60.0000,0,0.813430,0.02725,4.88058,0.081343,ok,0.172628,,0.172628,4.88058,3.7608,0.173739,4.79442,1,0,7.4735,literature,0.40,2.87665,6.71219
15,36,15.5000,36.5000,1.0000,60.0000,0,0.829535,0.02725,4.97721,0.082953,ok,0.171428,,0.171428,4.97721,3.7871,0.172571,4.88508,1,0,7.5240,literature,0.40,2.93105,6.83911
16,36,16.5000,36.5000,1.0000,60.0000,0,0.845167,0.02725,5.07100,0.084517,ok,0.170307,,0.170307,5.07100,3.8120,0.171472,4.97367,1,0,7.5723,literature,0.40,2.98420,6.96313
17,36,17.5000,36.5000,1.0000,60.0000,0,0.860241,0.02725,5.16145,0.086024,ok,0.169265,,0.169265,5.16145,3.8355,0.170443,5.05950,1,0,7.6180,literature,0.40,3.03570,7.08330
18,36,18.5000,36.5000,1.0000,60.0000,0,0.874671,0.02725,5.24803,0.087467,ok,0.168301,,0.168301,5.24803,3.8575,0.169487,5.14192,1,0,7.6609,literature,0.40,3.08515,7.19868
19,36,19.5000,36.5000,1.0000,60.0000,0,0.888370,0.02725,5.33022,0.088837,ok,0.167415,,0.167415,5.33022,3.8779,0.168606,5.22029,1,0,7.7010,literature,0.40,3.13217,7.30841
20,36,20.5000,36.5000,1.0000,60.0000,0,0.901254,0.02725,5.40752,0.090125,ok,0.166606,,0.166606,5.40752,3.8967,0.167802,5.29401,1,0,7.7379,literature,0.40,3.17641,7.41162
21,36,21.5000,36.5000,1.0000,60.0000,0,0.913235,0.02725,5.47941,0.091323,ok,0.165874,,0.165874,5.47941,3.9139,0.167074,5.36249,1,0,7.7716,literature,0.40,3.21750,7.50749
22,36,22.5000,36.5000,1.0000,60.0000,0,0.924228,0.02725,5.54537,0.092423,ok,0.165219,,0.165219,5.54537,3.9294,0.166425,5.42516,1,0,7.8019,literature,0.40,3.25510,7.59522
23,36,23.5000,36.5000,1.0000,60.0000,0,0.934147,0.02725,5.60488,0.093415,ok,0.164642,,0.164642,5.60488,3.9432,0.165853,5.48146,1,0,7.8288,literature,0.40,3.28888,7.67405
24,36,24.5000,36.5000,1.0000,60.0000,0,0.942907,0.02725,5.65744,0.094291,ok,0.164142,,0.164142,5.65744,3.9552,0.165362,5.53089,1,0,7.8521,literature,0.40,3.31853,7.74324
25,36,25.5000,36.5000,1.0000,60.0000,0,0.950421,0.02725,5.70252,0.095042,ok,0.163720,,0.163720,5.70252,3.9654,0.164950,5.57293,1,0,7.8716,literature,0.40,3.34376,7.80211
26,36,26.5000,36.5000,1.0000,60.0000,0,0.956603,0.02725,5.73962,0.095660,ok,0.163378,,0.163378,5.73962,3.9737,0.164620,5.60717,1,0,7.8874,literature,0.40,3.36430,7.85004
27,36,27.5000,36.5000,1.0000,60.0000,0,0.961367,0.02725,5.76820,0.096137,ok,0.163118,,0.163118,5.76820,3.9800,0.164371,5.63320,1,0,7.8994,literature,0.40,3.37992,7.88649
28,36,28.5000,36.5000,1.0000,60.0000,0,0.964628,0.02725,5.78777,0.096463,ok,0.162941,,0.162941,5.78777,3.9844,0.164205,5.65074,1,0,7.9074,literature,0.40,3.39044,7.91103
29,36,29.5000,36.5000,1.0000,60.0000,0,0.966300,0.02725,5.79780,0.096630,ok,0.162851,,0.162851,5.79780,3.9866,0.164122,5.65956,1,0,7.9114,literature,0.40,3.39573,7.92338
30,36,30.5000,36.5000,1.0000,60.0000,0,0.966300,0.02725,5.79780,0.096630,ok,0.162851,,0.162851,5.79780,3.9866,0.164122,5.65956,1,0,7.9114,literature,0.40,3.39573,7.92338
31,36,31.5000,36.5000,1.0000,60.0000,0,0.964628,0.02725,5.78777,0.096463,ok,0.162941,,0.162941,5.78777,3.9844,0.164205,5.65074,1,0,7.9074,literature,0.40,3.39044,7.91103
32,36,32.5000,36.5000,1.0000,60.0000,0,0.961367,0.02725,5.76820,0.096137,ok,0.163118,,0.163118,5.76820,3.9800,0.164371,5.63320,1,0,7.8994,literature,0.40,3.37992,7.88649
33,36,33.5000,36.5000,1.0000,60.0000,0,0.956603,0.02725,5.73962,0.095660,ok,0.163378,,0.163378,5.73962,3.9737,0.164620,5.60717,1,0,7.8874,literature,0.40,3.36430,7.85004
34,36,34.5000,36.5000,1.0000,60.0000,0,0.950421,0.02725,5.70252,0.095042,ok,0.163720,,0.163720,5.70252,3.9654,0.164950,5.57293,1,0,7.8716,literature,0.40,3.34376,7.80211
35,36,35.5000,36.5000,1.0000,60.0000,0,0.942907,0.02725,5.65744,0.094291,ok,0.164142,,0.164142,5.65744,3.9552,0.165362,5.53089,1,0,7.8521,literature,0.40,3.31853,7.74324
36,36,36.5000,36.5000,1.0000,60.0000,0,0.934147,0.02725,5.60488,0.093415,ok,0.164642,,0.164642,5.60488,3.9432,0.165853,5.48146,1,0,7.8288,literature,0.40,3.28888,7.67405
37,36,37.5000,36.5000,1.0000,60.0000,0,0.924228,0.02725,5.54537,0.092423,ok,0.165219,,0.165219,5.54537,3.9294,0.166425,5.42516,1,0,7.8019,literature,0.40,3.25510,7.59522
38,36,38.5000,36.5000,1.0000,60.0000,0,0.913235,0.02725,5.47941,0.091323,ok,0.165874,,0.165874,5.47941,3.9139,0.167074,5.36249,1,0,7.7716,literature,0.40,3.21750,7.50749
39,36,39.5000,36.5000,1.0000,60.0000,0,0.901254,0.02725,5.40752,0.090125,ok,0.166606,,0.166606,5.40752,3.8967,0.167802,5.29401,1,0,7.7379,literature,0.40,3.17641,7.41162
40,36,40.5000,36.5000,1.0000,60.0000,0,0.888370,0.02725,5.33022,0.088837,ok,0.167415,,0.167415,5.33022,3.8779,0.168606,5.22029,1,0,7.7010,literature,0.40,3.13217,7.30841
41,36,41.5000,36.5000,1.0000,60.0000,0,0.874671,0.02725,5.24803,0.087467,ok,0.168301,,0.168301,5.24803,3.8575,0.169487,5.14192,1,0,7.6609,literature,0.40,3.08515,7.19868
42,36,42.5000,36.5000,1.0000,60.0000,0,0.860241,0.02725,5.16145,0.086024,ok,0.169265,,0.169265,5.16145,3.8355,0.170443,5.05950,1,0,7.6180,literature,0.40,3.03570,7.08330
43,36,43.5000,36.5000,1.0000,60.0000,0,0.845167,0.02725,5.07100,0.084517,ok,0.170307,,0.170307,5.07100,3.8120,0.171472,4.97367,1,0,7.5723,literature,0.40,2.98420,6.96313
44,36,44.5000,36.5000,1.0000,60.0000,0,0.829535,0.02725,4.97721,0.082953,ok,0.171428,,0.171428,4.97721,3.7871,0.172571,4.88508,1,0,7.5240,literature,0.40,2.93105,6.83911
45,36,45.5000,36.5000,1.0000,60.0000,0,0.813430,0.02725,4.88058,0.081343,ok,0.172628,,0.172628,4.88058,3.7608,0.173739,4.79442,1,0,7.4735,literature,0.40,2.87665,6.71219
46,36,46.5000,36.5000,1.0000,60.0000,0,0.796938,0.02725,4.78163,0.079694,ok,0.173907,,0.173907,4.78163,3.7331,0.174970,4.70238,1,0,7.4209,literature,0.40,2.82143,6.58333
47,36,47.5000,36.5000,1.0000,60.0000,0,0.780146,0.02725,4.68088,0.078015,ok,0.175265,,0.175265,4.68088,3.7042,0.176261,4.60964,1,0,7.3665,literature,0.40,2.76579,6.45350
48,36,48.5000,36.5000,1.0000,60.0000,0,0.763139,0.02725,4.57883,0.076314,ok,0.176701,,0.176701,4.57883,3.6741,0.177595,4.51755,1,0,7.3112,literature,0.40,2.71053,6.32457
49,36,49.5000,36.5000,1.0000,60.0000,0,0.746003,0.02725,4.47602,0.074600,ok,0.178214,,0.178214,4.47602,3.6429,0.178967,4.42654,1,0,7.2551,literature,0.40,2.65592,6.19716
50,36,50.5000,36.5000,1.0000,60.0000,0,0.728824,0.02725,4.37294,0.072882,ok,0.179803,,0.179803,4.37294,3.6107,0.180364,4.33336,1,0,7.1989,literature,0.40,2.60002,6.06670
51,36,51.5000,36.5000,1.0000,60.0000,0,0.711688,0.02725,4.27013,0.071169,ok,0.181231,,0.181231,4.27013,3.5823,0.181768,4.23183,1,0,7.1433,literature,0.40,2.53910,5.92456
52,36,52.5000,36.5000,1.0000,60.0000,0,0.694681,0.02725,4.16809,0.069468,ok,0.182685,,0.182685,4.16809,3.5537,0.183158,4.13595,1,0,7.0891,literature,0.40,2.48157,5.79033
53,36,53.5000,36.5000,1.0000,60.0000,0,0.677889,0.02725,4.06733,0.067789,ok,0.184193,,0.184193,4.06733,3.5246,0.184508,4.04688,1,0,7.0373,literature,0.40,2.42813,5.66563
54,36,54.5000,36.5000,1.0000,60.0000,0,0.661397,0.02725,3.96838,0.066140,ok,0.185748,,0.185748,3.96838,3.4951,0.185793,3.96560,1,0,6.9886,literature,0.40,2.37936,5.55184
55,36,55.5000,36.5000,1.0000,60.0000,0,0.645292,0.02725,3.87175,0.064529,ok,0.187343,,0.187343,3.87175,3.4654,0.186988,3.89286,1,0,6.9439,literature,0.40,2.33572,5.45000
56,36,56.5000,36.5000,1.0000,60.0000,0,0.629660,0.02725,3.77796,0.062966,ok,0.188970,,0.188970,3.77796,3.4355,0.188075,3.82899,1,0,6.9038,literature,0.40,2.29739,5.36059
57,36,57.5000,36.5000,1.0000,60.0000,0,0.614586,0.02725,3.68752,0.061459,ok,0.190617,,0.190617,3.68752,3.4059,0.189042,3.77391,1,0,6.8685,literature,0.40,2.26435,5.28348
58,36,58.5000,36.5000,1.0000,60.0000,0,0.600156,0.02725,3.60094,0.060016,ok,0.192271,,0.192271,3.60094,3.3766,0.189885,3.72717,1,0,6.8380,literature,0.40,2.23630,5.21804
59,36,59.5000,36.5000,1.0000,60.0000,0,0.586457,0.02725,3.51874,0.058646,ok,0.193916,,0.193916,3.51874,3.3479,0.190608,3.68800,1,0,6.8120,literature,0.40,2.21280,5.16319
0,37,0.5000,37.5000,1.0000,60.0000,0,0.580229,0.02725,3.48138,0.058023,ok,0.194690,,0.194690,3.48138,3.3346,0.191349,3.64867,1,0,6.7857,literature,0.40,2.18920,5.10814
1,37,1.5000,37.5000,1.0000,60.0000,0,0.593783,0.02725,3.56270,0.059378,ok,0.193027,,0.193027,3.56270,3.3633,0.190618,3.68743,1,0,6.8117,literature,0.40,2.21246,5.16241
2,37,2.5000,37.5000,1.0000,60.0000,0,0.608060,0.02725,3.64836,0.060806,ok,0.191355,,0.191355,3.64836,3.3927,0.189766,3.73369,1,0,6.8423,literature,0.40,2.24022,5.22717
3,37,3.5000,37.5000,1.0000,60.0000,0,0.622974,0.02725,3.73784,0.062297,ok,0.189691,,0.189691,3.73784,3.4225,0.188789,3.78818,1,0,6.8777,literature,0.40,2.27291,5.30345
4,37,4.5000,37.5000,1.0000,60.0000,0,0.638440,0.02725,3.83064,0.063844,ok,0.188046,,0.188046,3.83064,3.4524,0.187691,3.85132,1,0,6.9179,literature,0.40,2.31079,5.39185
5,37,5.5000,37.5000,1.0000,60.0000,0,0.654374,0.02725,3.92625,0.065437,ok,0.186434,,0.186434,3.92625,3.4823,0.186485,3.92317,1,0,6.9627,literature,0.40,2.35390,5.49244
6,37,6.5000,37.5000,1.0000,60.0000,0,0.670691,0.02725,4.02414,0.067069,ok,0.184862,,0.184862,4.02414,3.5119,0.185190,4.00334,1,0,7.0113,literature,0.40,2.40200,5.60467
7,37,7.5000,37.5000,1.0000,60.0000,0,0.687305,0.02725,4.12383,0.068730,ok,0.183338,,0.183338,4.12383,3.5411,0.183831,4.09107,1,0,7.0632,literature,0.40,2.45464,5.72749
8,37,8.5000,37.5000,1.0000,60.0000,0,0.704131,0.02725,4.22479,0.070413,ok,0.181868,,0.181868,4.22479,3.5697,0.182434,4.18535,1,0,7.1173,literature,0.40,2.51121,5.85949
9,37,9.5000,37.5000,1.0000,60.0000,0,0.721085,0.02725,4.32651,0.072109,ok,0.180457,,0.180457,4.32651,3.5976,0.181024,4.28507,1,0,7.1727,literature,0.40,2.57104,5.99910
10,37,10.5000,37.5000,1.0000,60.0000,0,0.738082,0.02725,4.42849,0.073808,ok,0.178937,,0.178937,4.42849,3.6282,0.179622,4.38445,1,0,7.2287,literature,0.40,2.63067,6.13823
11,37,11.5000,37.5000,1.0000,60.0000,0,0.755036,0.02725,4.53021,0.075504,ok,0.177408,,0.177408,4.53021,3.6594,0.178245,4.47398,1,0,7.2845,literature,0.40,2.68439,6.26358
12,37,12.5000,37.5000,1.0000,60.0000,0,0.771862,0.02725,4.63117,0.077186,ok,0.175957,,0.175957,4.63117,3.6896,0.176906,4.56467,1,0,7.3397,literature,0.40,2.73880,6.39053
13,37,13.5000,37.5000,1.0000,60.0000,0,0.788476,0.02725,4.73086,0.078848,ok,0.174584,,0.174584,4.73086,3.7186,0.175610,4.65594,1,0,7.3938,literature,0.40,2.79356,6.51831
14,37,14.5000,37.5000,1.0000,60.0000,0,0.804792,0.02725,4.82875,0.080479,ok,0.173292,,0.173292,4.82875,3.7464,0.174373,4.74658,1,0,7.4463,literature,0.40,2.84795,6.64522
15,37,15.5000,37.5000,1.0000,60.0000,0,0.820726,0.02725,4.92436,0.082073,ok,0.172079,,0.172079,4.92436,3.7728,0.173199,4.83593,1,0,7.4968,literature,0.40,2.90156,6.77031
16,37,16.5000,37.5000,1.0000,60.0000,0,0.836193,0.02725,5.01716,0.083619,ok,0.170946,,0.170946,5.01716,3.7978,0.172092,4.92330,1,0,7.5450,literature,0.40,2.95398,6.89262
17,37,17.5000,37.5000,1.0000,60.0000,0,0.851107,0.02725,5.10664,0.085111,ok,0.169892,,0.169892,5.10664,3.8213,0.171056,5.00801,1,0,7.5907,literature,0.40,3.00481,7.01122
18,37,18.5000,37.5000,1.0000,60.0000,0,0.865383,0.02725,5.19230,0.086538,ok,0.168918,,0.168918,5.19230,3.8434,0.170092,5.08941,1,0,7.6337,literature,0.40,3.05365,7.12517
19,37,19.5000,37.5000,1.0000,60.0000,0,0.878937,0.02725,5.27362,0.087894,ok,0.168022,,0.168022,5.27362,3.8639,0.169204,5.16685,1,0,7.6738,literature,0.40,3.10011,7.23360
20,37,20.5000,37.5000,1.0000,60.0000,0,0.891684,0.02725,5.35010,0.089168,ok,0.167205,,0.167205,5.35010,3.8828,0.168392,5.23973,1,0,7.7108,literature,0.40,3.14384,7.33563
21,37,21.5000,37.5000,1.0000,60.0000,0,0.903538,0.02725,5.42123,0.090354,ok,0.166465,,0.166465,5.42123,3.9000,0.167658,5.30745,1,0,7.7445,literature,0.40,3.18447,7.43044
22,37,22.5000,37.5000,1.0000,60.0000,0,0.914414,0.02725,5.48648,0.091441,ok,0.165803,,0.165803,5.48648,3.9156,0.167001,5.36945,1,0,7.7750,literature,0.40,3.22167,7.51723
23,37,23.5000,37.5000,1.0000,60.0000,0,0.924228,0.02725,5.54537,0.092423,ok,0.165219,,0.165219,5.54537,3.9294,0.166425,5.42516,1,0,7.8019,literature,0.40,3.25510,7.59522
24,37,24.5000,37.5000,1.0000,60.0000,0,0.932894,0.02725,5.59737,0.093289,ok,0.164714,,0.164714,5.59737,3.9415,0.165928,5.47407,1,0,7.8253,literature,0.40,3.28444,7.66370
25,37,25.5000,37.5000,1.0000,60.0000,0,0.940328,0.02725,5.64197,0.094033,ok,0.164288,,0.164288,5.64197,3.9517,0.165512,5.51569,1,0,7.8449,literature,0.40,3.30941,7.72196
26,37,26.5000,37.5000,1.0000,60.0000,0,0.946445,0.02725,5.67867,0.094644,ok,0.163942,,0.163942,5.67867,3.9600,0.165178,5.54957,1,0,7.8608,literature,0.40,3.32974,7.76940
27,37,27.5000,37.5000,1.0000,60.0000,0,0.951159,0.02725,5.70695,0.095116,ok,0.163679,,0.163679,5.70695,3.9664,0.164927,5.57535,1,0,7.8728,literature,0.40,3.34521,7.80549
28,37,28.5000,37.5000,1.0000,60.0000,0,0.954385,0.02725,5.72631,0.095439,ok,0.163501,,0.163501,5.72631,3.9707,0.164759,5.59270,1,0,7.8808,literature,0.40,3.35562,7.82979
29,37,29.5000,37.5000,1.0000,60.0000,0,0.956039,0.02725,5.73624,0.095604,ok,0.163409,,0.163409,5.73624,3.9729,0.164675,5.60143,1,0,7.8848,literature,0.40,3.36086,7.84201
30,37,30.5000,37.5000,1.0000,60.0000,0,0.956039,0.02725,5.73624,0.095604,ok,0.163409,,0.163409,5.73624,3.9729,0.164675,5.60143,1,0,7.8848,literature,0.40,3.36086,7.84201
31,37,31.5000,37.5000,1.0000,60.0000,0,0.954385,0.02725,5.72631,0.095439,ok,0.163501,,0.163501,5.72631,3.9707,0.164759,5.59270,1,0,7.8808,literature,0.40,3.35562,7.82979
32,37,32.5000,37.5000,1.0000,60.0000,0,0.951159,0.02725,5.70695,0.095116,ok,0.163679,,0.163679,5.70695,3.9664,0.164927,5.57535,1,0,7.8728,literature,0.40,3.34521,7.80549
33,37,33.5000,37.5000,1.0000,60.0000,0,0.946445,0.02725,5.67867,0.094644,ok,0.163942,,0.163942,5.67867,3.9600,0.165178,5.54957,1,0,7.8608,literature,0.40,3.32974,7.76940
34,37,34.5000,37.5000,1.0000,60.0000,0,0.940328,0.02725,5.64197,0.094033,ok,0.164288,,0.164288,5.64197,3.9517,0.165512,5.51569,1,0,7.8449,literature,0.40,3.30941,7.72196
35,37,35.5000,37.5000,1.0000,60.0000,0,0.932894,0.02725,5.59737,0.093289,ok,0.164714,,0.164714,5.59737,3.9415,0.165928,5.47407,1,0,7.8253,literature,0.40,3.28444,7.66370
36,37,36.5000,37.5000,1.0000,60.0000,0,0.924228,0.02725,5.54537,0.092423,ok,0.165219,,0.165219,5.54537,3.9294,0.166425,5.42516,1,0,7.8019,literature,0.40,3.25510,7.59522
37,37,37.5000,37.5000,1.0000,60.0000,0,0.914414,0.02725,5.48648,0.091441,ok,0.165803,,0.165803,5.48648,3.9156,0.167001,5.36945,1,0,7.7750,literature,0.40,3.22167,7.51723
38,37,38.5000,37.5000,1.0000,60.0000,0,0.903538,0.02725,5.42123,0.090354,ok,0.166465,,0.166465,5.42123,3.9000,0.167658,5.30745,1,0,7.7445,literature,0.40,3.18447,7.43044
39,37,39.5000,37.5000,1.0000,60.0000,0,0.891684,0.02725,5.35010,0.089168,ok,0.167205,,0.167205,5.35010,3.8828,0.168392,5.23973,1,0,7.7108,literature,0.40,3.14384,7.33563
40,37,40.5000,37.5000,1.0000,60.0000,0,0.878937,0.02725,5.27362,0.087894,ok,0.168022,,0.168022,5.27362,3.8639,0.169204,5.16685,1,0,7.6738,literature,0.40,3.10011,7.23360
41,37,41.5000,37.5000,1.0000,60.0000,0,0.865383,0.02725,5.19230,0.086538,ok,0.168918,,0.168918,5.19230,3.8434,0.170092,5.08941,1,0,7.6337,literature,0.40,3.05365,7.12517
42,37,42.5000,37.5000,1.0000,60.0000,0,0.851107,0.02725,5.10664,0.085111,ok,0.169892,,0.169892,5.10664,3.8213,0.171056,5.00801,1,0,7.5907,literature,0.40,3.00481,7.01122
43,37,43.5000,37.5000,1.0000,60.0000,0,0.836193,0.02725,5.01716,0.083619,ok,0.170946,,0.170946,5.01716,3.7978,0.172092,4.92330,1,0,7.5450,literature,0.40,2.95398,6.89262
44,37,44.5000,37.5000,1.0000,60.0000,0,0.820726,0.02725,4.92436,0.082073,ok,0.172079,,0.172079,4.92436,3.7728,0.173199,4.83593,1,0,7.4968,literature,0.40,2.90156,6.77031
45,37,45.5000,37.5000,1.0000,60.0000,0,0.804792,0.02725,4.82875,0.080479,ok,0.173292,,0.173292,4.82875,3.7464,0.174373,4.74658,1,0,7.4463,literature,0.40,2.84795,6.64522
46,37,46.5000,37.5000,1.0000,60.0000,0,0.788476,0.02725,4.73086,0.078848,ok,0.174584,,0.174584,4.73086,3.7186,0.175610,4.65594,1,0,7.3938,literature,0.40,2.79356,6.51831
47,37,47.5000,37.5000,1.0000,60.0000,0,0.771862,0.02725,4.63117,0.077186,ok,0.175957,,0.175957,4.63117,3.6896,0.176906,4.56467,1,0,7.3397,literature,0.40,2.73880,6.39053
48,37,48.5000,37.5000,1.0000,60.0000,0,0.755036,0.02725,4.53021,0.075504,ok,0.177408,,0.177408,4.53021,3.6594,0.178245,4.47398,1,0,7.2845,literature,0.40,2.68439,6.26358
49,37,49.5000,37.5000,1.0000,60.0000,0,0.738082,0.02725,4.42849,0.073808,ok,0.178937,,0.178937,4.42849,3.6282,0.179622,4.38445,1,0,7.2287,literature,0.40,2.63067,6.13823
50,37,50.5000,37.5000,1.0000,60.0000,0,0.721085,0.02725,4.32651,0.072109,ok,0.180457,,0.180457,4.32651,3.5976,0.181024,4.28507,1,0,7.1727,literature,0.40,2.57104,5.99910
51,37,51.5000,37.5000,1.0000,60.0000,0,0.704131,0.02725,4.22479,0.070413,ok,0.181868,,0.181868,4.22479,3.5697,0.182434,4.18535,1,0,7.1173,literature,0.40,2.51121,5.85949
52,37,52.5000,37.5000,1.0000,60.0000,0,0.687305,0.02725,4.12383,0.068730,ok,0.183338,,0.183338,4.12383,3.5411,0.183831,4.09107,1,0,7.0632,literature,0.40,2.45464,5.72749
53,37,53.5000,37.5000,1.0000,60.0000,0,0.670691,0.02725,4.02414,0.067069,ok,0.184862,,0.184862,4.02414,3.5119,0.185190,4.00334,1,0,7.0113,literature,0.40,2.40200,5.60467
54,37,54.5000,37.5000,1.0000,60.0000,0,0.654374,0.02725,3.92625,0.065437,ok,0.186434,,0.186434,3.92625,3.4823,0.186485,3.92317,1,0,6.9627,literature,0.40,2.35390,5.49244
55,37,55.5000,37.5000,1.0000,60.0000,0,0.638440,0.02725,3.83064,0.063844,ok,0.188046,,0.188046,3.83064,3.4524,0.187691,3.85132,1,0,6.9179,literature,0.40,2.31079,5.39185
56,37,56.5000,37.5000,1.0000,60.0000,0,0.622974,0.02725,3.73784,0.062297,ok,0.189691,,0.189691,3.73784,3.4225,0.188789,3.78818,1,0,6.8777,literature,0.40,2.27291,5.30345
57,37,57.5000,37.5000,1.0000,60.0000,0,0.608060,0.02725,3.64836,0.060806,ok,0.191355,,0.191355,3.64836,3.3927,0.189766,3.73369,1,0,6.8423,literature,0.40,2.24022,5.22717
58,37,58.5000,37.5000,1.0000,60.0000,0,0.593783,0.02725,3.56270,0.059378,ok,0.193027,,0.193027,3.56270,3.3633,0.190618,3.68743,1,0,6.8117,literature,0.40,2.21246,5.16241
59,37,59.5000,37.5000,1.0000,60.0000,0,0.580229,0.02725,3.48138,0.058023,ok,0.194690,,0.194690,3.48138,3.3346,0.191349,3.64867,1,0,6.7857,literature,0.40,2.18920,5.10814
0,38,0.5000,38.5000,1.0000,60.0000,0,0.573328,0.02725,3.43997,0.057333,ok,0.195567,,0.195567,3.43997,3.3196,0.192199,3.60463,1,0,6.7557,literature,0.40,2.16278,5.04648
1,38,1.5000,38.5000,1.0000,60.0000,0,0.586721,0.02725,3.52032,0.058672,ok,0.193884,,0.193884,3.52032,3.3485,0.191452,3.64327,1,0,6.7820,literature,0.40,2.18596,5.10058
2,38,2.5000,38.5000,1.0000,60.0000,0,0.600827,0.02725,3.60496,0.060083,ok,0.192192,,0.192192,3.60496,3.3779,0.190589,3.68900,1,0,6.8127,literature,0.40,2.21340,5.16459
3,38,3.5000,38.5000,1.0000,60.0000,0,0.615564,0.02725,3.69338,0.061556,ok,0.190508,,0.190508,3.69338,3.4078,0.189600,3.74285,1,0,6.8483,literature,0.40,2.24571,5.23999
4,38,4.5000,38.5000,1.0000,60.0000,0,0.630846,0.02725,3.78508,0.063085,ok,0.188844,,0.188844,3.78508,3.4378,0.188489,3.80523,1,0,6.8886,literature,0.40,2.28314,5.32732
5,38,5.5000,38.5000,1.0000,60.0000,0,0.646591,0.02725,3.87955,0.064659,ok,0.187212,,0.187212,3.87955,3.4678,0.187269,3.87613,1,0,6.9335,literature,0.40,2.32568,5.42658
6,38,6.5000,38.5000,1.0000,60.0000,0,0.662713,0.02725,3.97628,0.066271,ok,0.185621,,0.185621,3.97628,3.4975,0.185962,3.95512,1,0,6.9822,literature,0.40,2.37307,5.53717
7,38,7.5000,38.5000,1.0000,60.0000,0,0.679130,0.02725,4.07478,0.067913,ok,0.184079,,0.184079,4.07478,3.5268,0.184593,4.04143,1,0,7.0340,literature,0.40,2.42486,5.65800
8,38,8.5000,38.5000,1.0000,60.0000,0,0.695756,0.02725,4.17454,0.069576,ok,0.182591,,0.182591,4.17454,3.5556,0.183187,4.13401,1,0,7.0880,literature,0.40,2.48041,5.78762
9,38,9.5000,38.5000,1.0000,60.0000,0,0.712508,0.02725,4.27505,0.071251,ok,0.181162,,0.181162,4.27505,3.5836,0.181769,4.23178,1,0,7.1433,literature,0.40,2.53907,5.92449
10,38,10.5000,38.5000,1.0000,60.0000,0,0.729302,0.02725,4.37581,0.072930,ok,0.179757,,0.179757,4.37581,3.6116,0.180360,4.33362,1,0,7.1991,literature,0.40,2.60017,6.06707
11,38,11.5000,38.5000,1.0000,60.0000,0,0.746055,0.02725,4.47633,0.074605,ok,0.178210,,0.178210,4.47633,3.6430,0.178978,4.42583,1,0,7.2547,literature,0.40,2.65550,6.19616
12,38,12.5000,38.5000,1.0000,60.0000,0,0.762681,0.02725,4.57609,0.076268,ok,0.176741,,0.176741,4.57609,3.6733,0.177634,4.51490,1,0,7.3096,literature,0.40,2.70894,6.32086
13,38,13.5000,38.5000,1.0000,60.0000,0,0.779097,0.02725,4.67458,0.077910,ok,0.175352,,0.175352,4.67458,3.7024,0.176333,4.60454,1,0,7.3635,literature,0.40,2.76272,6.44635
14,38,14.5000,38.5000,1.0000,60.0000,0,0.795220,0.02725,4.77132,0.079522,ok,0.174043,,0.174043,4.77132,3.7302,0.175090,4.69361,1,0,7.4158,literature,0.40,2.81616,6.57105
15,38,15.5000,38.5000,1.0000,60.0000,0,0.810964,0.02725,4.86579,0.081096,ok,0.172816,,0.172816,4.86579,3.7567,0.173909,4.78146,1,0,7.4661,literature,0.40,2.86888,6.69405
16,38,16.5000,38.5000,1.0000,60.0000,0,0.826247,0.02725,4.95748,0.082625,ok,0.171670,,0.171670,4.95748,3.7818,0.172795,4.86744,1,0,7.5143,literature,0.40,2.92046,6.81441
17,38,17.5000,38.5000,1.0000,60.0000,0,0.840983,0.02725,5.04590,0.084098,ok,0.170603,,0.170603,5.04590,3.8054,0.171751,4.95087,1,0,7.5600,literature,0.40,2.97052,6.93121
18,38,18.5000,38.5000,1.0000,60.0000,0,0.855090,0.02725,5.13054,0.085509,ok,0.169617,,0.169617,5.13054,3.8275,0.170779,5.03109,1,0,7.6030,literature,0.40,3.01865,7.04352
19,38,19.5000,38.5000,1.0000,60.0000,0,0.868483,0.02725,5.21090,0.086848,ok,0.168711,,0.168711,5.21090,3.8481,0.169883,5.10746,1,0,7.6431,literature,0.40,3.06448,7.15045
20,38,20.5000,38.5000,1.0000,60.0000,0,0.881078,0.02725,5.28647,0.088108,ok,0.167883,,0.167883,5.28647,3.8671,0.169063,5.17938,1,0,7.6802,literature,0.40,3.10763,7.25113
21,38,21.5000,38.5000,1.0000,60.0000,0,0.892791,0.02725,5.35674,0.089279,ok,0.167135,,0.167135,5.35674,3.8844,0.168321,5.24623,1,0,7.7140,literature,0.40,3.14774,7.34473
22,38,22.5000,38.5000,1.0000,60.0000,0,0.903538,0.02725,5.42123,0.090354,ok,0.166465,,0.166465,5.42123,3.9000,0.167658,5.30745,1,0,7.7445,literature,0.40,3.18447,7.43044
23,38,23.5000,38.5000,1.0000,60.0000,0,0.913235,0.02725,5.47941,0.091323,ok,0.165874,,0.165874,5.47941,3.9139,0.167074,5.36249,1,0,7.7716,literature,0.40,3.21750,7.50749
24,38,24.5000,38.5000,1.0000,60.0000,0,0.921798,0.02725,5.53079,0.092180,ok,0.165363,,0.165363,5.53079,3.9260,0.166572,5.41082,1,0,7.7950,literature,0.40,3.24649,7.57515
25,38,25.5000,38.5000,1.0000,60.0000,0,0.929144,0.02725,5.57486,0.092914,ok,0.164932,,0.164932,5.57486,3.9363,0.166151,5.45195,1,0,7.8147,literature,0.40,3.27117,7.63273
26,38,26.5000,38.5000,1.0000,60.0000,0,0.935187,0.02725,5.61112,0.093519,ok,0.164582,,0.164582,5.61112,3.9446,0.165813,5.48545,1,0,7.8307,literature,0.40,3.29127,7.67963
27,38,27.5000,38.5000,1.0000,60.0000,0,0.939845,0.02725,5.63907,0.093985,ok,0.164315,,0.164315,5.63907,3.9510,0.165559,5.51092,1,0,7.8427,literature,0.40,3.30655,7.71529
28,38,28.5000,38.5000,1.0000,60.0000,0,0.943033,0.02725,5.65820,0.094303,ok,0.164135,,0.164135,5.65820,3.9554,0.165389,5.52808,1,0,7.8507,literature,0.40,3.31685,7.73932
29,38,29.5000,38.5000,1.0000,60.0000,0,0.944668,0.02725,5.66801,0.094467,ok,0.164042,,0.164042,5.66801,3.9576,0.165304,5.53672,1,0,7.8548,literature,0.40,3.32203,7.75140
30,38,30.5000,38.5000,1.0000,60.0000,0,0.944668,0.02725,5.66801,0.094467,ok,0.164042,,0.164042,5.66801,3.9576,0.165304,5.53672,1,0,7.8548,literature,0.40,3.32203,7.75140
31,38,31.5000,38.5000,1.0000,60.0000,0,0.943033,0.02725,5.65820,0.094303,ok,0.164135,,0.164135,5.65820,3.9554,0.165389,5.52808,1,0,7.8507,literature,0.40,3.31685,7.73932
32,38,32.5000,38.5000,1.0000,60.0000,0,0.939845,0.02725,5.63907,0.093985,ok,0.164315,,0.164315,5.63907,3.9510,0.165559,5.51092,1,0,7.8427,literature,0.40,3.30655,7.71529
33,38,33.5000,38.5000,1.0000,60.0000,0,0.935187,0.02725,5.61112,0.093519,ok,0.164582,,0.164582,5.61112,3.9446,0.165813,5.48545,1,0,7.8307,literature,0.40,3.29127,7.67963
34,38,34.5000,38.5000,1.0000,60.0000,0,0.929144,0.02725,5.57486,0.092914,ok,0.164932,,0.164932,5.57486,3.9363,0.166151,5.45195,1,0,7.8147,literature,0.40,3.27117,7.63273
35,38,35.5000,38.5000,1.0000,60.0000,0,0.921798,0.02725,5.53079,0.092180,ok,0.165363,,0.165363,5.53079,3.9260,0.166572,5.41082,1,0,7.7950,literature,0.40,3.24649,7.57515
36,38,36.5000,38.5000,1.0000,60.0000,0,0.913235,0.02725,5.47941,0.091323,ok,0.165874,,0.165874,5.47941,3.9139,0.167074,5.36249,1,0,7.7716,literature,0.40,3.21750,7.50749
37,38,37.5000,38.5000,1.0000,60.0000,0,0.903538,0.02725,5.42123,0.090354,ok,0.166465,,0.166465,5.42123,3.9000,0.167658,5.30745,1,0,7.7445,literature,0.40,3.18447,7.43044
38,38,38.5000,38.5000,1.0000,60.0000,0,0.892791,0.02725,5.35674,0.089279,ok,0.167135,,0.167135,5.35674,3.8844,0.168321,5.24623,1,0,7.7140,literature,0.40,3.14774,7.34473
39,38,39.5000,38.5000,1.0000,60.0000,0,0.881078,0.02725,5.28647,0.088108,ok,0.167883,,0.167883,5.28647,3.8671,0.169063,5.17938,1,0,7.6802,literature,0.40,3.10763,7.25113
40,38,40.5000,38.5000,1.0000,60.0000,0,0.868483,0.02725,5.21090,0.086848,ok,0.168711,,0.168711,5.21090,3.8481,0.169883,5.10746,1,0,7.6431,literature,0.40,3.06448,7.15045
41,38,41.5000,38.5000,1.0000,60.0000,0,0.855090,0.02725,5.13054,0.085509,ok,0.169617,,0.169617,5.13054,3.8275,0.170779,5.03109,1,0,7.6030,literature,0.40,3.01865,7.04352
42,38,42.5000,38.5000,1.0000,60.0000,0,0.840983,0.02725,5.04590,0.084098,ok,0.170603,,0.170603,5.04590,3.8054,0.171751,4.95087,1,0,7.5600,literature,0.40,2.97052,6.93121
43,38,43.5000,38.5000,1.0000,60.0000,0,0.826247,0.02725,4.95748,0.082625,ok,0.171670,,0.171670,4.95748,3.7818,0.172795,4.86744,1,0,7.5143,literature,0.40,2.92046,6.81441
44,38,44.5000,38.5000,1.0000,60.0000,0,0.810964,0.02725,4.86579,0.081096,ok,0.172816,,0.172816,4.86579,3.7567,0.173909,4.78146,1,0,7.4661,literature,0.40,2.86888,6.69405
45,38,45.5000,38.5000,1.0000,60.0000,0,0.795220,0.02725,4.77132,0.079522,ok,0.174043,,0.174043,4.77132,3.7302,0.175090,4.69361,1,0,7.4158,literature,0.40,2.81616,6.57105
46,38,46.5000,38.5000,1.0000,60.0000,0,0.779097,0.02725,4.67458,0.077910,ok,0.175352,,0.175352,4.67458,3.7024,0.176333,4.60454,1,0,7.3635,literature,0.40,2.76272,6.44635
47,38,47.5000,38.5000,1.0000,60.0000,0,0.762681,0.02725,4.57609,0.076268,ok,0.176741,,0.176741,4.57609,3.6733,0.177634,4.51490,1,0,7.3096,literature,0.40,2.70894,6.32086
48,38,48.5000,38.5000,1.0000,60.0000,0,0.746055,0.02725,4.47633,0.074605,ok,0.178210,,0.178210,4.47633,3.6430,0.178978,4.42583,1,0,7.2547,literature,0.40,2.65550,6.19616
49,38,49.5000,38.5000,1.0000,60.0000,0,0.729302,0.02725,4.37581,0.072930,ok,0.179757,,0.179757,4.37581,3.6116,0.180360,4.33362,1,0,7.1991,literature,0.40,2.60017,6.06707
50,38,50.5000,38.5000,1.0000,60.0000,0,0.712508,0.02725,4.27505,0.071251,ok,0.181162,,0.181162,4.27505,3.5836,0.181769,4.23178,1,0,7.1433,literature,0.40,2.53907,5.92449
51,38,51.5000,38.5000,1.0000,60.0000,0,0.695756,0.02725,4.17454,0.069576,ok,0.182591,,0.182591,4.17454,3.5556,0.183187,4.13401,1,0,7.0880,literature,0.40,2.48041,5.78762
52,38,52.5000,38.5000,1.0000,60.0000,0,0.679130,0.02725,4.07478,0.067913,ok,0.184079,,0.184079,4.07478,3.5268,0.184593,4.04143,1,0,7.0340,literature,0.40,2.42486,5.65800
53,38,53.5000,38.5000,1.0000,60.0000,0,0.662713,0.02725,3.97628,0.066271,ok,0.185621,,0.185621,3.97628,3.4975,0.185962,3.95512,1,0,6.9822,literature,0.40,2.37307,5.53717
54,38,54.5000,38.5000,1.0000,60.0000,0,0.646591,0.02725,3.87955,0.064659,ok,0.187212,,0.187212,3.87955,3.4678,0.187269,3.87613,1,0,6.9335,literature,0.40,2.32568,5.42658
55,38,55.5000,38.5000,1.0000,60.0000,0,0.630846,0.02725,3.78508,0.063085,ok,0.188844,,0.188844,3.78508,3.4378,0.188489,3.80523,1,0,6.8886,literature,0.40,2.28314,5.32732
56,38,56.5000,38.5000,1.0000,60.0000,0,0.615564,0.02725,3.69338,0.061556,ok,0.190508,,0.190508,3.69338,3.4078,0.189600,3.74285,1,0,6.8483,literature,0.40,2.24571,5.23999
57,38,57.5000,38.5000,1.0000,60.0000,0,0.600827,0.02725,3.60496,0.060083,ok,0.192192,,0.192192,3.60496,3.3779,0.190589,3.68900,1,0,6.8127,literature,0.40,2.21340,5.16459
58,38,58.5000,38.5000,1.0000,60.0000,0,0.586721,0.02725,3.52032,0.058672,ok,0.193884,,0.193884,3.52032,3.3485,0.191452,3.64327,1,0,6.7820,literature,0.40,2.18596,5.10058
59,38,59.5000,38.5000,1.0000,60.0000,0,0.573328,0.02725,3.43997,0.057333,ok,0.195567,,0.195567,3.43997,3.3196,0.192199,3.60463,1,0,6.7557,literature,0.40,2.16278,5.04648
0,39,0.5000,39.5000,1.0000,60.0000,0,0.565806,0.02725,3.39484,0.056581,ok,0.196548,,0.196548,3.39484,3.3031,0.193143,3.55690,1,0,6.7226,literature,0.40,2.13414,4.97967
1,39,1.5000,39.5000,1.0000,60.0000,0,0.579023,0.02725,3.47414,0.057902,ok,0.194842,,0.194842,3.47414,3.3320,0.192392,3.59477,1,0,6.7489,literature,0.40,2.15686,5.03268
2,39,2.5000,39.5000,1.0000,60.0000,0,0.592945,0.02725,3.55767,0.059294,ok,0.193128,,0.193128,3.55767,3.3616,0.191511,3.64020,1,0,6.7799,literature,0.40,2.18412,5.09629
3,39,3.5000,39.5000,1.0000,60.0000,0,0.607488,0.02725,3.64493,0.060749,ok,0.191421,,0.191421,3.64493,3.3916,0.190507,3.69339,1,0,6.8156,literature,0.40,2.21603,5.17074
4,39,4.5000,39.5000,1.0000,60.0000,0,0.622570,0.02725,3.73542,0.062257,ok,0.189735,,0.189735,3.73542,3.4217,0.189381,3.75496,1,0,6.8562,literature,0.40,2.25298,5.25695
5,39,5.5000,39.5000,1.0000,60.0000,0,0.638108,0.02725,3.82865,0.063811,ok,0.188081,,0.188081,3.82865,3.4518,0.188146,3.82488,1,0,6.9012,literature,0.40,2.29493,5.35483
6,39,6.5000,39.5000,1.0000,60.0000,0,0.654019,0.02725,3.92411,0.065402,ok,0.186469,,0.186469,3.92411,3.4816,0.186824,3.90267,1,0,6.9500,literature,0.40,2.34160,5.46373
7,39,7.5000,39.5000,1.0000,60.0000,0,0.670220,0.02725,4.02132,0.067022,ok,0.184906,,0.184906,4.02132,3.5110,0.185442,3.98750,1,0,7.0018,literature,0.40,2.39250,5.58249
8,39,8.5000,39.5000,1.0000,60.0000,0,0.686628,0.02725,4.11977,0.068663,ok,0.183399,,0.183399,4.11977,3.5399,0.184025,4.07833,1,0,7.0557,literature,0.40,2.44700,5.70966
9,39,9.5000,39.5000,1.0000,60.0000,0,0.703160,0.02725,4.21896,0.070316,ok,0.181951,,0.181951,4.21896,3.5681,0.182598,4.17406,1,0,7.1109,literature,0.40,2.50443,5.84368
10,39,10.5000,39.5000,1.0000,60.0000,0,0.719734,0.02725,4.31841,0.071973,ok,0.180567,,0.180567,4.31841,3.5954,0.181182,4.27363,1,0,7.1664,literature,0.40,2.56418,5.98308
11,39,11.5000,39.5000,1.0000,60.0000,0,0.736267,0.02725,4.41760,0.073627,ok,0.179105,,0.179105,4.41760,3.6248,0.179793,4.37353,1,0,7.2218,literature,0.40,2.62412,6.12294
12,39,12.5000,39.5000,1.0000,60.0000,0,0.752675,0.02725,4.51605,0.075268,ok,0.177617,,0.177617,4.51605,3.6551,0.178435,4.46143,1,0,7.2768,literature,0.40,2.67686,6.24600
13,39,13.5000,39.5000,1.0000,60.0000,0,0.768876,0.02725,4.61326,0.076888,ok,0.176209,,0.176209,4.61326,3.6843,0.177137,4.54871,1,0,7.3301,literature,0.40,2.72922,6.36819
14,39,14.5000,39.5000,1.0000,60.0000,0,0.784787,0.02725,4.70872,0.078479,ok,0.174884,,0.174884,4.70872,3.7123,0.175888,4.63603,1,0,7.3821,literature,0.40,2.78162,6.49045
15,39,15.5000,39.5000,1.0000,60.0000,0,0.800325,0.02725,4.80195,0.080032,ok,0.173640,,0.173640,4.80195,3.7389,0.174701,4.72222,1,0,7.4323,literature,0.40,2.83333,6.61111
16,39,16.5000,39.5000,1.0000,60.0000,0,0.815407,0.02725,4.89244,0.081541,ok,0.172478,,0.172478,4.89244,3.7640,0.173579,4.80664,1,0,7.4803,literature,0.40,2.88398,6.72929
17,39,17.5000,39.5000,1.0000,60.0000,0,0.829950,0.02725,4.97970,0.082995,ok,0.171398,,0.171398,4.97970,3.7878,0.172527,4.88861,1,0,7.5260,literature,0.40,2.93317,6.84406
18,39,18.5000,39.5000,1.0000,60.0000,0,0.843872,0.02725,5.06323,0.084387,ok,0.170399,,0.170399,5.06323,3.8100,0.171547,4.96751,1,0,7.5690,literature,0.40,2.98050,6.95451
19,39,19.5000,39.5000,1.0000,60.0000,0,0.857089,0.02725,5.14253,0.085709,ok,0.169480,,0.169480,5.14253,3.8306,0.170642,5.04268,1,0,7.6091,literature,0.40,3.02561,7.05975
20,39,20.5000,39.5000,1.0000,60.0000,0,0.869518,0.02725,5.21711,0.086952,ok,0.168642,,0.168642,5.21711,3.8497,0.169813,5.11350,1,0,7.6462,literature,0.40,3.06810,7.15890
21,39,21.5000,39.5000,1.0000,60.0000,0,0.881078,0.02725,5.28647,0.088108,ok,0.167883,,0.167883,5.28647,3.8671,0.169063,5.17938,1,0,7.6802,literature,0.40,3.10763,7.25113
22,39,22.5000,39.5000,1.0000,60.0000,0,0.891684,0.02725,5.35010,0.089168,ok,0.167205,,0.167205,5.35010,3.8828,0.168392,5.23973,1,0,7.7108,literature,0.40,3.14384,7.33563
23,39,23.5000,39.5000,1.0000,60.0000,0,0.901254,0.02725,5.40752,0.090125,ok,0.166606,,0.166606,5.40752,3.8967,0.167802,5.29401,1,0,7.7379,literature,0.40,3.17641,7.41162
24,39,24.5000,39.5000,1.0000,60.0000,0,0.909705,0.02725,5.45823,0.090970,ok,0.166088,,0.166088,5.45823,3.9089,0.167293,5.34169,1,0,7.7614,literature,0.40,3.20501,7.47837
25,39,25.5000,39.5000,1.0000,60.0000,0,0.916954,0.02725,5.50172,0.091695,ok,0.165651,,0.165651,5.50172,3.9192,0.166867,5.38228,1,0,7.7812,literature,0.40,3.22937,7.53519
26,39,26.5000,39.5000,1.0000,60.0000,0,0.922918,0.02725,5.53751,0.092292,ok,0.165297,,0.165297,5.53751,3.9276,0.166525,5.41534,1,0,7.7972,literature,0.40,3.24920,7.58147
27,39,27.5000,39.5000,1.0000,60.0000,0,0.927515,0.02725,5.56509,0.092752,ok,0.165027,,0.165027,5.56509,3.9340,0.166268,5.44049,1,0,7.8093,literature,0.40,3.26429,7.61668
28,39,28.5000,39.5000,1.0000,60.0000,0,0.930661,0.02725,5.58397,0.093066,ok,0.164843,,0.164843,5.58397,3.9384,0.166096,5.45743,1,0,7.8174,literature,0.40,3.27446,7.64040
29,39,29.5000,39.5000,1.0000,60.0000,0,0.932274,0.02725,5.59364,0.093227,ok,0.164750,,0.164750,5.59364,3.9406,0.166010,5.46595,1,0,7.8214,literature,0.40,3.27957,7.65233
30,39,30.5000,39.5000,1.0000,60.0000,0,0.932274,0.02725,5.59364,0.093227,ok,0.164750,,0.164750,5.59364,3.9406,0.166010,5.46595,1,0,7.8214,literature,0.40,3.27957,7.65233
31,39,31.5000,39.5000,1.0000,60.0000,0,0.930661,0.02725,5.58397,0.093066,ok,0.164843,,0.164843,5.58397,3.9384,0.166096,5.45743,1,0,7.8174,literature,0.40,3.27446,7.64040
32,39,32.5000,39.5000,1.0000,60.0000,0,0.927515,0.02725,5.56509,0.092752,ok,0.165027,,0.165027,5.56509,3.9340,0.166268,5.44049,1,0,7.8093,literature,0.40,3.26429,7.61668
33,39,33.5000,39.5000,1.0000,60.0000,0,0.922918,0.02725,5.53751,0.092292,ok,0.165297,,0.165297,5.53751,3.9276,0.166525,5.41534,1,0,7.7972,literature,0.40,3.24920,7.58147
34,39,34.5000,39.5000,1.0000,60.0000,0,0.916954,0.02725,5.50172,0.091695,ok,0.165651,,0.165651,5.50172,3.9192,0.166867,5.38228,1,0,7.7812,literature,0.40,3.22937,7.53519
35,39,35.5000,39.5000,1.0000,60.0000,0,0.909705,0.02725,5.45823,0.090970,ok,0.166088,,0.166088,5.45823,3.9089,0.167293,5.34169,1,0,7.7614,literature,0.40,3.20501,7.47837
36,39,36.5000,39.5000,1.0000,60.0000,0,0.901254,0.02725,5.40752,0.090125,ok,0.166606,,0.166606,5.40752,3.8967,0.167802,5.29401,1,0,7.7379,literature,0.40,3.17641,7.41162
37,39,37.5000,39.5000,1.0000,60.0000,0,0.891684,0.02725,5.35010,0.089168,ok,0.167205,,0.167205,5.35010,3.8828,0.168392,5.23973,1,0,7.7108,literature,0.40,3.14384,7.33563
38,39,38.5000,39.5000,1.0000,60.0000,0,0.881078,0.02725,5.28647,0.088108,ok,0.167883,,0.167883,5.28647,3.8671,0.169063,5.17938,1,0,7.6802,literature,0.40,3.10763,7.25113
39,39,39.5000,39.5000,1.0000,60.0000,0,0.869518,0.02725,5.21711,0.086952,ok,0.168642,,0.168642,5.21711,3.8497,0.169813,5.11350,1,0,7.6462,literature,0.40,3.06810,7.15890
40,39,40.5000,39.5000,1.0000,60.0000,0,0.857089,0.02725,5.14253,0.085709,ok,0.169480,,0.169480,5.14253,3.8306,0.170642,5.04268,1,0,7.6091,literature,0.40,3.02561,7.05975
41,39,41.5000,39.5000,1.0000,60.0000,0,0.843872,0.02725,5.06323,0.084387,ok,0.170399,,0.170399,5.06323,3.8100,0.171547,4.96751,1,0,7.5690,literature,0.40,2.98050,6.95451
42,39,42.5000,39.5000,1.0000,60.0000,0,0.829950,0.02725,4.97970,0.082995,ok,0.171398,,0.171398,4.97970,3.7878,0.172527,4.88861,1,0,7.5260,literature,0.40,2.93317,6.84406
43,39,43.5000,39.5000,1.0000,60.0000,0,0.815407,0.02725,4.89244,0.081541,ok,0.172478,,0.172478,4.89244,3.7640,0.173579,4.80664,1,0,7.4803,literature,0.40,2.88398,6.72929
44,39,44.5000,39.5000,1.0000,60.0000,0,0.800325,0.02725,4.80195,0.080032,ok,0.173640,,0.173640,4.80195,3.7389,0.174701,4.72222,1,0,7.4323,literature,0.40,2.83333,6.61111
45,39,45.5000,39.5000,1.0000,60.0000,0,0.784787,0.02725,4.70872,0.078479,ok,0.174884,,0.174884,4.70872,3.7123,0.175888,4.63603,1,0,7.3821,literature,0.40,2.78162,6.49045
46,39,46.5000,39.5000,1.0000,60.0000,0,0.768876,0.02725,4.61326,0.076888,ok,0.176209,,0.176209,4.61326,3.6843,0.177137,4.54871,1,0,7.3301,literature,0.40,2.72922,6.36819
47,39,47.5000,39.5000,1.0000,60.0000,0,0.752675,0.02725,4.51605,0.075268,ok,0.177617,,0.177617,4.51605,3.6551,0.178435,4.46143,1,0,7.2768,literature,0.40,2.67686,6.24600
48,39,48.5000,39.5000,1.0000,60.0000,0,0.736267,0.02725,4.41760,0.073627,ok,0.179105,,0.179105,4.41760,3.6248,0.179793,4.37353,1,0,7.2218,literature,0.40,2.62412,6.12294
49,39,49.5000,39.5000,1.0000,60.0000,0,0.719734,0.02725,4.31841,0.071973,ok,0.180567,,0.180567,4.31841,3.5954,0.181182,4.27363,1,0,7.1664,literature,0.40,2.56418,5.98308
50,39,50.5000,39.5000,1.0000,60.0000,0,0.703160,0.02725,4.21896,0.070316,ok,0.181951,,0.181951,4.21896,3.5681,0.182598,4.17406,1,0,7.1109,literature,0.40,2.50443,5.84368
51,39,51.5000,39.5000,1.0000,60.0000,0,0.686628,0.02725,4.11977,0.068663,ok,0.183399,,0.183399,4.11977,3.5399,0.184025,4.07833,1,0,7.0557,literature,0.40,2.44700,5.70966
52,39,52.5000,39.5000,1.0000,60.0000,0,0.670220,0.02725,4.02132,0.067022,ok,0.184906,,0.184906,4.02132,3.5110,0.185442,3.98750,1,0,7.0018,literature,0.40,2.39250,5.58249
53,39,53.5000,39.5000,1.0000,60.0000,0,0.654019,0.02725,3.92411,0.065402,ok,0.186469,,0.186469,3.92411,3.4816,0.186824,3.90267,1,0,6.9500,literature,0.40,2.34160,5.46373
54,39,54.5000,39.5000,1.0000,60.0000,0,0.638108,0.02725,3.82865,0.063811,ok,0.188081,,0.188081,3.82865,3.4518,0.188146,3.82488,1,0,6.9012,literature,0.40,2.29493,5.35483
55,39,55.5000,39.5000,1.0000,60.0000,0,0.622570,0.02725,3.73542,0.062257,ok,0.189735,,0.189735,3.73542,3.4217,0.189381,3.75496,1,0,6.8562,literature,0.40,2.25298,5.25695
56,39,56.5000,39.5000,1.0000,60.0000,0,0.607488,0.02725,3.64493,0.060749,ok,0.191421,,0.191421,3.64493,3.3916,0.190507,3.69339,1,0,6.8156,literature,0.40,2.21603,5.17074
57,39,57.5000,39.5000,1.0000,60.0000,0,0.592945,0.02725,3.55767,0.059294,ok,0.193128,,0.193128,3.55767,3.3616,0.191511,3.64020,1,0,6.7799,literature,0.40,2.18412,5.09629
58,39,58.5000,39.5000,1.0000,60.0000,0,0.579023,0.02725,3.47414,0.057902,ok,0.194842,,0.194842,3.47414,3.3320,0.192392,3.59477,1,0,6.7489,literature,0.40,2.15686,5.03268
59,39,59.5000,39.5000,1.0000,60.0000,0,0.565806,0.02725,3.39484,0.056581,ok,0.196548,,0.196548,3.39484,3.3031,0.193143,3.55690,1,0,6.7226,literature,0.40,2.13414,4.97967
0,40,0.5000,40.5000,1.0000,60.0000,0,0.557718,0.02725,3.34631,0.055772,ok,0.197631,,0.197631,3.34631,3.2850,0.194188,3.50552,1,0,6.6864,literature,0.40,2.10331,4.90773
1,40,1.5000,40.5000,1.0000,60.0000,0,0.570746,0.02725,3.42448,0.057075,ok,0.195901,,0.195901,3.42448,3.3140,0.193426,3.54287,1,0,6.7128,literature,0.40,2.12572,4.96002
2,40,2.5000,40.5000,1.0000,60.0000,0,0.584469,0.02725,3.50681,0.058447,ok,0.194162,,0.194162,3.50681,3.3437,0.192531,3.58769,1,0,6.7440,literature,0.40,2.15261,5.02277
3,40,3.5000,40.5000,1.0000,60.0000,0,0.598804,0.02725,3.59282,0.059880,ok,0.192430,,0.192430,3.59282,3.3738,0.191511,3.64018,1,0,6.7799,literature,0.40,2.18411,5.09625
4,40,4.5000,40.5000,1.0000,60.0000,0,0.613670,0.02725,3.68202,0.061367,ok,0.190719,,0.190719,3.68202,3.4040,0.190368,3.70092,1,0,6.8206,literature,0.40,2.22055,5.18129
5,40,5.5000,40.5000,1.0000,60.0000,0,0.628986,0.02725,3.77392,0.062899,ok,0.189042,,0.189042,3.77392,3.4342,0.189115,3.76983,1,0,6.8658,literature,0.40,2.26190,5.27777
6,40,6.5000,40.5000,1.0000,60.0000,0,0.644670,0.02725,3.86802,0.064467,ok,0.187407,,0.187407,3.86802,3.4642,0.187775,3.84639,1,0,6.9148,literature,0.40,2.30784,5.38495
7,40,7.5000,40.5000,1.0000,60.0000,0,0.660639,0.02725,3.96383,0.066064,ok,0.185821,,0.185821,3.96383,3.4938,0.186377,3.92973,1,0,6.9667,literature,0.40,2.35784,5.50162
8,40,8.5000,40.5000,1.0000,60.0000,0,0.676813,0.02725,4.06088,0.067681,ok,0.184292,,0.184292,4.06088,3.5228,0.184946,4.01877,1,0,7.0206,literature,0.40,2.41126,5.62628
9,40,9.5000,40.5000,1.0000,60.0000,0,0.693109,0.02725,4.15865,0.069311,ok,0.182823,,0.182823,4.15865,3.5511,0.183509,4.11242,1,0,7.0756,literature,0.40,2.46745,5.75739
10,40,10.5000,40.5000,1.0000,60.0000,0,0.709446,0.02725,4.25668,0.070945,ok,0.181419,,0.181419,4.25668,3.5785,0.182084,4.20964,1,0,7.1309,literature,0.40,2.52579,5.89350
11,40,11.5000,40.5000,1.0000,60.0000,0,0.725742,0.02725,4.35445,0.072574,ok,0.180080,,0.180080,4.35445,3.6051,0.180688,4.30953,1,0,7.1861,literature,0.40,2.58572,6.03334
12,40,12.5000,40.5000,1.0000,60.0000,0,0.741916,0.02725,4.45149,0.074192,ok,0.178585,,0.178585,4.45149,3.6353,0.179323,4.40356,1,0,7.2407,literature,0.40,2.64214,6.16499
13,40,13.5000,40.5000,1.0000,60.0000,0,0.757885,0.02725,4.54731,0.075789,ok,0.177158,,0.177158,4.54731,3.6646,0.178011,4.48958,1,0,7.2941,literature,0.40,2.69375,6.28541
14,40,14.5000,40.5000,1.0000,60.0000,0,0.773569,0.02725,4.64141,0.077357,ok,0.175813,,0.175813,4.64141,3.6926,0.176765,4.57442,1,0,7.3455,literature,0.40,2.74465,6.40419
15,40,15.5000,40.5000,1.0000,60.0000,0,0.788884,0.02725,4.73331,0.078888,ok,0.174551,,0.174551,4.73331,3.7193,0.175570,4.65879,1,0,7.3955,literature,0.40,2.79527,6.52230
16,40,16.5000,40.5000,1.0000,60.0000,0,0.803751,0.02725,4.82250,0.080375,ok,0.173373,,0.173373,4.82250,3.7446,0.174441,4.74147,1,0,7.4434,literature,0.40,2.84488,6.63806
17,40,17.5000,40.5000,1.0000,60.0000,0,0.818086,0.02725,4.90852,0.081809,ok,0.172277,,0.172277,4.90852,3.7684,0.173381,4.82184,1,0,7.4889,literature,0.40,2.89311,6.75058
18,40,18.5000,40.5000,1.0000,60.0000,0,0.831809,0.02725,4.99085,0.083181,ok,0.171263,,0.171263,4.99085,3.7908,0.172393,4.89925,1,0,7.5318,literature,0.40,2.93955,6.85896
19,40,19.5000,40.5000,1.0000,60.0000,0,0.844837,0.02725,5.06902,0.084484,ok,0.170331,,0.170331,5.06902,3.8115,0.171479,4.97307,1,0,7.5720,literature,0.40,2.98384,6.96230
20,40,20.5000,40.5000,1.0000,60.0000,0,0.857089,0.02725,5.14253,0.085709,ok,0.169480,,0.169480,5.14253,3.8306,0.170642,5.04268,1,0,7.6091,literature,0.40,3.02561,7.05975
21,40,21.5000,40.5000,1.0000,60.0000,0,0.868483,0.02725,5.21090,0.086848,ok,0.168711,,0.168711,5.21090,3.8481,0.169883,5.10746,1,0,7.6431,literature,0.40,3.06448,7.15045
22,40,22.5000,40.5000,1.0000,60.0000,0,0.878937,0.02725,5.27362,0.087894,ok,0.168022,,0.168022,5.27362,3.8639,0.169204,5.16685,1,0,7.6738,literature,0.40,3.10011,7.23360
23,40,23.5000,40.5000,1.0000,60.0000,0,0.888370,0.02725,5.33022,0.088837,ok,0.167415,,0.167415,5.33022,3.8779,0.168606,5.22029,1,0,7.7010,literature,0.40,3.13217,7.30841
24,40,24.5000,40.5000,1.0000,60.0000,0,0.896701,0.02725,5.38020,0.089670,ok,0.166889,,0.166889,5.38020,3.8901,0.168091,5.26725,1,0,7.7245,literature,0.40,3.16035,7.37415
25,40,25.5000,40.5000,1.0000,60.0000,0,0.903846,0.02725,5.42308,0.090385,ok,0.166446,,0.166446,5.42308,3.9005,0.167660,5.30724,1,0,7.7444,literature,0.40,3.18434,7.43013
26,40,26.5000,40.5000,1.0000,60.0000,0,0.909725,0.02725,5.45835,0.090973,ok,0.166086,,0.166086,5.45835,3.9089,0.167313,5.33981,1,0,7.7605,literature,0.40,3.20389,7.47574
27,40,27.5000,40.5000,1.0000,60.0000,0,0.914256,0.02725,5.48554,0.091426,ok,0.165813,,0.165813,5.48554,3.9154,0.167052,5.36460,1,0,7.7726,literature,0.40,3.21876,7.51044
28,40,28.5000,40.5000,1.0000,60.0000,0,0.917358,0.02725,5.50415,0.091736,ok,0.165627,,0.165627,5.50415,3.9197,0.166878,5.38130,1,0,7.7807,literature,0.40,3.22878,7.53381
29,40,29.5000,40.5000,1.0000,60.0000,0,0.918947,0.02725,5.51368,0.091895,ok,0.165532,,0.165532,5.51368,3.9220,0.166790,5.38970,1,0,7.7848,literature,0.40,3.23382,7.54558
30,40,30.5000,40.5000,1.0000,60.0000,0,0.918947,0.02725,5.51368,0.091895,ok,0.165532,,0.165532,5.51368,3.9220,0.166790,5.38970,1,0,7.7848,literature,0.40,3.23382,7.54558
31,40,31.5000,40.5000,1.0000,60.0000,0,0.917358,0.02725,5.50415,0.091736,ok,0.165627,,0.165627,5.50415,3.9197,0.166878,5.38130,1,0,7.7807,literature,0.40,3.22878,7.53381
32,40,32.5000,40.5000,1.0000,60.0000,0,0.914256,0.02725,5.48554,0.091426,ok,0.165813,,0.165813,5.48554,3.9154,0.167052,5.36460,1,0,7.7726,literature,0.40,3.21876,7.51044
33,40,33.5000,40.5000,1.0000,60.0000,0,0.909725,0.02725,5.45835,0.090973,ok,0.166086,,0.166086,5.45835,3.9089,0.167313,5.33981,1,0,7.7605,literature,0.40,3.20389,7.47574
34,40,34.5000,40.5000,1.0000,60.0000,0,0.903846,0.02725,5.42308,0.090385,ok,0.166446,,0.166446,5.42308,3.9005,0.167660,5.30724,1,0,7.7444,literature,0.40,3.18434,7.43013
35,40,35.5000,40.5000,1.0000,60.0000,0,0.896701,0.02725,5.38020,0.089670,ok,0.166889,,0.166889,5.38020,3.8901,0.168091,5.26725,1,0,7.7245,literature,0.40,3.16035,7.37415
36,40,36.5000,40.5000,1.0000,60.0000,0,0.888370,0.02725,5.33022,0.088837,ok,0.167415,,0.167415,5.33022,3.8779,0.168606,5.22029,1,0,7.7010,literature,0.40,3.13217,7.30841
37,40,37.5000,40.5000,1.0000,60.0000,0,0.878937,0.02725,5.27362,0.087894,ok,0.168022,,0.168022,5.27362,3.8639,0.169204,5.16685,1,0,7.6738,literature,0.40,3.10011,7.23360
38,40,38.5000,40.5000,1.0000,60.0000,0,0.868483,0.02725,5.21090,0.086848,ok,0.168711,,0.168711,5.21090,3.8481,0.169883,5.10746,1,0,7.6431,literature,0.40,3.06448,7.15045
39,40,39.5000,40.5000,1.0000,60.0000,0,0.857089,0.02725,5.14253,0.085709,ok,0.169480,,0.169480,5.14253,3.8306,0.170642,5.04268,1,0,7.6091,literature,0.40,3.02561,7.05975
40,40,40.5000,40.5000,1.0000,60.0000,0,0.844837,0.02725,5.06902,0.084484,ok,0.170331,,0.170331,5.06902,3.8115,0.171479,4.97307,1,0,7.5720,literature,0.40,2.98384,6.96230
41,40,41.5000,40.5000,1.0000,60.0000,0,0.831809,0.02725,4.99085,0.083181,ok,0.171263,,0.171263,4.99085,3.7908,0.172393,4.89925,1,0,7.5318,literature,0.40,2.93955,6.85896
42,40,42.5000,40.5000,1.0000,60.0000,0,0.818086,0.02725,4.90852,0.081809,ok,0.172277,,0.172277,4.90852,3.7684,0.173381,4.82184,1,0,7.4889,literature,0.40,2.89311,6.75058
43,40,43.5000,40.5000,1.0000,60.0000,0,0.803751,0.02725,4.82250,0.080375,ok,0.173373,,0.173373,4.82250,3.7446,0.174441,4.74147,1,0,7.4434,literature,0.40,2.84488,6.63806
44,40,44.5000,40.5000,1.0000,60.0000,0,0.788884,0.02725,4.73331,0.078888,ok,0.174551,,0.174551,4.73331,3.7193,0.175570,4.65879,1,0,7.3955,literature,0.40,2.79527,6.52230
45,40,45.5000,40.5000,1.0000,60.0000,0,0.773569,0.02725,4.64141,0.077357,ok,0.175813,,0.175813,4.64141,3.6926,0.176765,4.57442,1,0,7.3455,literature,0.40,2.74465,6.40419
46,40,46.5000,40.5000,1.0000,60.0000,0,0.757885,0.02725,4.54731,0.075789,ok,0.177158,,0.177158,4.54731,3.6646,0.178011,4.48958,1,0,7.2941,literature,0.40,2.69375,6.28541
47,40,47.5000,40.5000,1.0000,60.0000,0,0.741916,0.02725,4.45149,0.074192,ok,0.178585,,0.178585,4.45149,3.6353,0.179323,4.40356,1,0,7.2407,literature,0.40,2.64214,6.16499
48,40,48.5000,40.5000,1.0000,60.0000,0,0.725742,0.02725,4.35445,0.072574,ok,0.180080,,0.180080,4.35445,3.6051,0.180688,4.30953,1,0,7.1861,literature,0.40,2.58572,6.03334
49,40,49.5000,40.5000,1.0000,60.0000,0,0.709446,0.02725,4.25668,0.070945,ok,0.181419,,0.181419,4.25668,3.5785,0.182084,4.20964,1,0,7.1309,literature,0.40,2.52579,5.89350
50,40,50.5000,40.5000,1.0000,60.0000,0,0.693109,0.02725,4.15865,0.069311,ok,0.182823,,0.182823,4.15865,3.5511,0.183509,4.11242,1,0,7.0756,literature,0.40,2.46745,5.75739
51,40,51.5000,40.5000,1.0000,60.0000,0,0.676813,0.02725,4.06088,0.067681,ok,0.184292,,0.184292,4.06088,3.5228,0.184946,4.01877,1,0,7.0206,literature,0.40,2.41126,5.62628
52,40,52.5000,40.5000,1.0000,60.0000,0,0.660639,0.02725,3.96383,0.066064,ok,0.185821,,0.185821,3.96383,3.4938,0.186377,3.92973,1,0,6.9667,literature,0.40,2.35784,5.50162
53,40,53.5000,40.5000,1.0000,60.0000,0,0.644670,0.02725,3.86802,0.064467,ok,0.187407,,0.187407,3.86802,3.4642,0.187775,3.84639,1,0,6.9148,literature,0.40,2.30784,5.38495
54,40,54.5000,40.5000,1.0000,60.0000,0,0.628986,0.02725,3.77392,0.062899,ok,0.189042,,0.189042,3.77392,3.4342,0.189115,3.76983,1,0,6.8658,literature,0.40,2.26190,5.27777
55,40,55.5000,40.5000,1.0000,60.0000,0,0.613670,0.02725,3.68202,0.061367,ok,0.190719,,0.190719,3.68202,3.4040,0.190368,3.70092,1,0,6.8206,literature,0.40,2.22055,5.18129
56,40,56.5000,40.5000,1.0000,60.0000,0,0.598804,0.02725,3.59282,0.059880,ok,0.192430,,0.192430,3.59282,3.3738,0.191511,3.64018,1,0,6.7799,literature,0.40,2.18411,5.09625
57,40,57.5000,40.5000,1.0000,60.0000,0,0.584469,0.02725,3.50681,0.058447,ok,0.194162,,0.194162,3.50681,3.3437,0.192531,3.58769,1,0,6.7440,literature,0.40,2.15261,5.02277
58,40,58.5000,40.5000,1.0000,60.0000,0,0.570746,0.02725,3.42448,0.057075,ok,0.195901,,0.195901,3.42448,3.3140,0.193426,3.54287,1,0,6.7128,literature,0.40,2.12572,4.96002
59,40,59.5000,40.5000,1.0000,60.0000,0,0.557718,0.02725,3.34631,0.055772,ok,0.197631,,0.197631,3.34631,3.2850,0.194188,3.50552,1,0,6.6864,literature,0.40,2.10331,4.90773
0,41,0.5000,41.5000,1.0000,60.0000,0,0.549118,0.02725,3.29471,0.054912,ok,0.198819,,0.198819,3.29471,3.2654,0.195335,3.45085,1,0,6.6472,literature,0.40,2.07051,4.83119
1,41,1.5000,41.5000,1.0000,60.0000,0,0.561945,0.02725,3.37167,0.056194,ok,0.197061,,0.197061,3.37167,3.2945,0.194559,3.48765,1,0,6.6737,literature,0.40,2.09259,4.88271
2,41,2.5000,41.5000,1.0000,60.0000,0,0.575456,0.02725,3.45273,0.057546,ok,0.195295,,0.195295,3.45273,3.3243,0.193654,3.53161,1,0,6.7049,literature,0.40,2.11897,4.94426
3,41,3.5000,41.5000,1.0000,60.0000,0,0.589570,0.02725,3.53742,0.058957,ok,0.193536,,0.193536,3.53742,3.3545,0.192612,3.58360,1,0,6.7412,literature,0.40,2.15016,5.01704
4,41,4.5000,41.5000,1.0000,60.0000,0,0.604207,0.02725,3.62524,0.060421,ok,0.191799,,0.191799,3.62524,3.3849,0.191448,3.64349,1,0,6.7822,literature,0.40,2.18610,5.10089
5,41,5.5000,41.5000,1.0000,60.0000,0,0.619287,0.02725,3.71572,0.061929,ok,0.190095,,0.190095,3.71572,3.4152,0.190174,3.71139,1,0,6.8276,literature,0.40,2.22683,5.19594
6,41,6.5000,41.5000,1.0000,60.0000,0,0.634728,0.02725,3.80837,0.063473,ok,0.188434,,0.188434,3.80837,3.4453,0.188815,3.78672,1,0,6.8767,literature,0.40,2.27203,5.30140
7,41,7.5000,41.5000,1.0000,60.0000,0,0.650451,0.02725,3.90271,0.065045,ok,0.186824,,0.186824,3.90271,3.4750,0.187397,3.86856,1,0,6.9288,literature,0.40,2.32114,5.41599
8,41,8.5000,41.5000,1.0000,60.0000,0,0.666376,0.02725,3.99825,0.066638,ok,0.185270,,0.185270,3.99825,3.5041,0.185951,3.95582,1,0,6.9826,literature,0.40,2.37349,5.53815
9,41,9.5000,41.5000,1.0000,60.0000,0,0.682421,0.02725,4.09452,0.068242,ok,0.183779,,0.183779,4.09452,3.5326,0.184500,4.04738,1,0,7.0376,literature,0.40,2.42843,5.66634
10,41,10.5000,41.5000,1.0000,60.0000,0,0.698506,0.02725,4.19103,0.069851,ok,0.182352,,0.182352,4.19103,3.5602,0.183065,4.14223,1,0,7.0927,literature,0.40,2.48534,5.79912
11,41,11.5000,41.5000,1.0000,60.0000,0,0.714551,0.02725,4.28730,0.071455,ok,0.180993,,0.180993,4.28730,3.5870,0.181660,4.23950,1,0,7.1476,literature,0.40,2.54370,5.93529
12,41,12.5000,41.5000,1.0000,60.0000,0,0.730475,0.02725,4.38285,0.073047,ok,0.179647,,0.179647,4.38285,3.6138,0.180287,4.33902,1,0,7.2020,literature,0.40,2.60341,6.07463
13,41,13.5000,41.5000,1.0000,60.0000,0,0.746198,0.02725,4.47719,0.074620,ok,0.178197,,0.178197,4.47719,3.6433,0.178969,4.42643,1,0,7.2550,literature,0.40,2.65586,6.19700
14,41,14.5000,41.5000,1.0000,60.0000,0,0.761639,0.02725,4.56984,0.076164,ok,0.176831,,0.176831,4.56984,3.6714,0.177717,4.50932,1,0,7.3062,literature,0.40,2.70559,6.31304
15,41,15.5000,41.5000,1.0000,60.0000,0,0.776719,0.02725,4.66031,0.077672,ok,0.175549,,0.175549,4.66031,3.6982,0.176516,4.59173,1,0,7.3559,literature,0.40,2.75504,6.42842
16,41,16.5000,41.5000,1.0000,60.0000,0,0.791356,0.02725,4.74814,0.079136,ok,0.174352,,0.174352,4.74814,3.7236,0.175380,4.67254,1,0,7.4035,literature,0.40,2.80353,6.54156
17,41,17.5000,41.5000,1.0000,60.0000,0,0.805470,0.02725,4.83282,0.080547,ok,0.173239,,0.173239,4.83282,3.7475,0.174312,4.75115,1,0,7.4489,literature,0.40,2.85069,6.65161
18,41,18.5000,41.5000,1.0000,60.0000,0,0.818981,0.02725,4.91389,0.081898,ok,0.172209,,0.172209,4.91389,3.7699,0.173315,4.82693,1,0,7.4917,literature,0.40,2.89616,6.75770
19,41,19.5000,41.5000,1.0000,60.0000,0,0.831809,0.02725,4.99085,0.083181,ok,0.171263,,0.171263,4.99085,3.7908,0.172393,4.89925,1,0,7.5318,literature,0.40,2.93955,6.85896
20,41,20.5000,41.5000,1.0000,60.0000,0,0.843872,0.02725,5.06323,0.084387,ok,0.170399,,0.170399,5.06323,3.8100,0.171547,4.96751,1,0,7.5690,literature,0.40,2.98050,6.95451
21,41,21.5000,41.5000,1.0000,60.0000,0,0.855090,0.02725,5.13054,0.085509,ok,0.169617,,0.169617,5.13054,3.8275,0.170779,5.03109,1,0,7.6030,literature,0.40,3.01865,7.04352
22,41,22.5000,41.5000,1.0000,60.0000,0,0.865383,0.02725,5.19230,0.086538,ok,0.168918,,0.168918,5.19230,3.8434,0.170092,5.08941,1,0,7.6337,literature,0.40,3.05365,7.12517
23,41,23.5000,41.5000,1.0000,60.0000,0,0.874671,0.02725,5.24803,0.087467,ok,0.168301,,0.168301,5.24803,3.8575,0.169487,5.14192,1,0,7.6609,literature,0.40,3.08515,7.19868
24,41,24.5000,41.5000,1.0000,60.0000,0,0.882873,0.02725,5.29724,0.088287,ok,0.167767,,0.167767,5.29724,3.8697,0.168965,5.18808,1,0,7.6846,literature,0.40,3.11285,7.26331
25,41,25.5000,41.5000,1.0000,60.0000,0,0.889908,0.02725,5.33945,0.088991,ok,0.167317,,0.167317,5.33945,3.8801,0.168528,5.22740,1,0,7.7045,literature,0.40,3.13644,7.31837
26,41,26.5000,41.5000,1.0000,60.0000,0,0.895697,0.02725,5.37418,0.089570,ok,0.166952,,0.166952,5.37418,3.8886,0.168176,5.25945,1,0,7.7207,literature,0.40,3.15567,7.36323
27,41,27.5000,41.5000,1.0000,60.0000,0,0.900158,0.02725,5.40095,0.090016,ok,0.166674,,0.166674,5.40095,3.8951,0.167912,5.28384,1,0,7.7328,literature,0.40,3.17031,7.39738
28,41,28.5000,41.5000,1.0000,60.0000,0,0.903211,0.02725,5.41927,0.090321,ok,0.166485,,0.166485,5.41927,3.8995,0.167735,5.30028,1,0,7.7410,literature,0.40,3.18017,7.42039
29,41,29.5000,41.5000,1.0000,60.0000,0,0.904776,0.02725,5.42866,0.090478,ok,0.166389,,0.166389,5.42866,3.9018,0.167646,5.30855,1,0,7.7451,literature,0.40,3.18513,7.43196
30,41,30.5000,41.5000,1.0000,60.0000,0,0.904776,0.02725,5.42866,0.090478,ok,0.166389,,0.166389,5.42866,3.9018,0.167646,5.30855,1,0,7.7451,literature,0.40,3.18513,7.43196
31,41,31.5000,41.5000,1.0000,60.0000,0,0.903211,0.02725,5.41927,0.090321,ok,0.166485,,0.166485,5.41927,3.8995,0.167735,5.30028,1,0,7.7410,literature,0.40,3.18017,7.42039
32,41,32.5000,41.5000,1.0000,60.0000,0,0.900158,0.02725,5.40095,0.090016,ok,0.166674,,0.166674,5.40095,3.8951,0.167912,5.28384,1,0,7.7328,literature,0.40,3.17031,7.39738
33,41,33.5000,41.5000,1.0000,60.0000,0,0.895697,0.02725,5.37418,0.089570,ok,0.166952,,0.166952,5.37418,3.8886,0.168176,5.25945,1,0,7.7207,literature,0.40,3.15567,7.36323
34,41,34.5000,41.5000,1.0000,60.0000,0,0.889908,0.02725,5.33945,0.088991,ok,0.167317,,0.167317,5.33945,3.8801,0.168528,5.22740,1,0,7.7045,literature,0.40,3.13644,7.31837
35,41,35.5000,41.5000,1.0000,60.0000,0,0.882873,0.02725,5.29724,0.088287,ok,0.167767,,0.167767,5.29724,3.8697,0.168965,5.18808,1,0,7.6846,literature,0.40,3.11285,7.26331
36,41,36.5000,41.5000,1.0000,60.0000,0,0.874671,0.02725,5.24803,0.087467,ok,0.168301,,0.168301,5.24803,3.8575,0.169487,5.14192,1,0,7.6609,literature,0.40,3.08515,7.19868
37,41,37.5000,41.5000,1.0000,60.0000,0,0.865383,0.02725,5.19230,0.086538,ok,0.168918,,0.168918,5.19230,3.8434,0.170092,5.08941,1,0,7.6337,literature,0.40,3.05365,7.12517
38,41,38.5000,41.5000,1.0000,60.0000,0,0.855090,0.02725,5.13054,0.085509,ok,0.169617,,0.169617,5.13054,3.8275,0.170779,5.03109,1,0,7.6030,literature,0.40,3.01865,7.04352
39,41,39.5000,41.5000,1.0000,60.0000,0,0.843872,0.02725,5.06323,0.084387,ok,0.170399,,0.170399,5.06323,3.8100,0.171547,4.96751,1,0,7.5690,literature,0.40,2.98050,6.95451
40,41,40.5000,41.5000,1.0000,60.0000,0,0.831809,0.02725,4.99085,0.083181,ok,0.171263,,0.171263,4.99085,3.7908,0.172393,4.89925,1,0,7.5318,literature,0.40,2.93955,6.85896
41,41,41.5000,41.5000,1.0000,60.0000,0,0.818981,0.02725,4.91389,0.081898,ok,0.172209,,0.172209,4.91389,3.7699,0.173315,4.82693,1,0,7.4917,literature,0.40,2.89616,6.75770
42,41,42.5000,41.5000,1.0000,60.0000,0,0.805470,0.02725,4.83282,0.080547,ok,0.173239,,0.173239,4.83282,3.7475,0.174312,4.75115,1,0,7.4489,literature,0.40,2.85069,6.65161
43,41,43.5000,41.5000,1.0000,60.0000,0,0.791356,0.02725,4.74814,0.079136,ok,0.174352,,0.174352,4.74814,3.7236,0.175380,4.67254,1,0,7.4035,literature,0.40,2.80353,6.54156
44,41,44.5000,41.5000,1.0000,60.0000,0,0.776719,0.02725,4.66031,0.077672,ok,0.175549,,0.175549,4.66031,3.6982,0.176516,4.59173,1,0,7.3559,literature,0.40,2.75504,6.42842
45,41,45.5000,41.5000,1.0000,60.0000,0,0.761639,0.02725,4.56984,0.076164,ok,0.176831,,0.176831,4.56984,3.6714,0.177717,4.50932,1,0,7.3062,literature,0.40,2.70559,6.31304
46,41,46.5000,41.5000,1.0000,60.0000,0,0.746198,0.02725,4.47719,0.074620,ok,0.178197,,0.178197,4.47719,3.6433,0.178969,4.42643,1,0,7.2550,literature,0.40,2.65586,6.19700
47,41,47.5000,41.5000,1.0000,60.0000,0,0.730475,0.02725,4.38285,0.073047,ok,0.179647,,0.179647,4.38285,3.6138,0.180287,4.33902,1,0,7.2020,literature,0.40,2.60341,6.07463
48,41,48.5000,41.5000,1.0000,60.0000,0,0.714551,0.02725,4.28730,0.071455,ok,0.180993,,0.180993,4.28730,3.5870,0.181660,4.23950,1,0,7.1476,literature,0.40,2.54370,5.93529
49,41,49.5000,41.5000,1.0000,60.0000,0,0.698506,0.02725,4.19103,0.069851,ok,0.182352,,0.182352,4.19103,3.5602,0.183065,4.14223,1,0,7.0927,literature,0.40,2.48534,5.79912
50,41,50.5000,41.5000,1.0000,60.0000,0,0.682421,0.02725,4.09452,0.068242,ok,0.183779,,0.183779,4.09452,3.5326,0.184500,4.04738,1,0,7.0376,literature,0.40,2.42843,5.66634
51,41,51.5000,41.5000,1.0000,60.0000,0,0.666376,0.02725,3.99825,0.066638,ok,0.185270,,0.185270,3.99825,3.5041,0.185951,3.95582,1,0,6.9826,literature,0.40,2.37349,5.53815
52,41,52.5000,41.5000,1.0000,60.0000,0,0.650451,0.02725,3.90271,0.065045,ok,0.186824,,0.186824,3.90271,3.4750,0.187397,3.86856,1,0,6.9288,literature,0.40,2.32114,5.41599
53,41,53.5000,41.5000,1.0000,60.0000,0,0.634728,0.02725,3.80837,0.063473,ok,0.188434,,0.188434,3.80837,3.4453,0.188815,3.78672,1,0,6.8767,literature,0.40,2.27203,5.30140
54,41,54.5000,41.5000,1.0000,60.0000,0,0.619287,0.02725,3.71572,0.061929,ok,0.190095,,0.190095,3.71572,3.4152,0.190174,3.71139,1,0,6.8276,literature,0.40,2.22683,5.19594
55,41,55.5000,41.5000,1.0000,60.0000,0,0.604207,0.02725,3.62524,0.060421,ok,0.191799,,0.191799,3.62524,3.3849,0.191448,3.64349,1,0,6.7822,literature,0.40,2.18610,5.10089
56,41,56.5000,41.5000,1.0000,60.0000,0,0.589570,0.02725,3.53742,0.058957,ok,0.193536,,0.193536,3.53742,3.3545,0.192612,3.58360,1,0,6.7412,literature,0.40,2.15016,5.01704
57,41,57.5000,41.5000,1.0000,60.0000,0,0.575456,0.02725,3.45273,0.057546,ok,0.195295,,0.195295,3.45273,3.3243,0.193654,3.53161,1,0,6.7049,literature,0.40,2.11897,4.94426
58,41,58.5000,41.5000,1.0000,60.0000,0,0.561945,0.02725,3.37167,0.056194,ok,0.197061,,0.197061,3.37167,3.2945,0.194559,3.48765,1,0,6.6737,literature,0.40,2.09259,4.88271
59,41,59.5000,41.5000,1.0000,60.0000,0,0.549118,0.02725,3.29471,0.054912,ok,0.198819,,0.198819,3.29471,3.2654,0.195335,3.45085,1,0,6.6472,literature,0.40,2.07051,4.83119
0,42,0.5000,42.5000,1.0000,60.0000,0,0.540059,0.02725,3.24035,0.054006,ok,0.200110,,0.200110,3.24035,3.2443,0.196583,3.39325,1,0,6.6050,literature,0.40,2.03595,4.75055
1,42,1.5000,42.5000,1.0000,60.0000,0,0.552674,0.02725,3.31605,0.055267,ok,0.198323,,0.198323,3.31605,3.2735,0.195793,3.42948,1,0,6.6316,literature,0.40,2.05769,4.80127
2,42,2.5000,42.5000,1.0000,60.0000,0,0.565962,0.02725,3.39577,0.056596,ok,0.196527,,0.196527,3.39577,3.3034,0.194870,3.47279,1,0,6.6630,literature,0.40,2.08368,4.86191
3,42,3.5000,42.5000,1.0000,60.0000,0,0.579844,0.02725,3.47906,0.057984,ok,0.194739,,0.194739,3.47906,3.3338,0.193808,3.52402,1,0,6.6996,literature,0.40,2.11441,4.93363
4,42,4.5000,42.5000,1.0000,60.0000,0,0.594239,0.02725,3.56544,0.059424,ok,0.192972,,0.192972,3.56544,3.3643,0.192622,3.58306,1,0,6.7408,literature,0.40,2.14983,5.01628
5,42,5.5000,42.5000,1.0000,60.0000,0,0.609070,0.02725,3.65442,0.060907,ok,0.191240,,0.191240,3.65442,3.3948,0.191325,3.64993,1,0,6.7865,literature,0.40,2.18996,5.10990
6,42,6.5000,42.5000,1.0000,60.0000,0,0.624257,0.02725,3.74554,0.062426,ok,0.189551,,0.189551,3.74554,3.4250,0.189942,3.72403,1,0,6.8359,literature,0.40,2.23442,5.21364
7,42,7.5000,42.5000,1.0000,60.0000,0,0.639721,0.02725,3.83832,0.063972,ok,0.187914,,0.187914,3.83832,3.4549,0.188503,3.80440,1,0,6.8881,literature,0.40,2.28264,5.32616
8,42,8.5000,42.5000,1.0000,60.0000,0,0.655382,0.02725,3.93229,0.065538,ok,0.186335,,0.186335,3.93229,3.4841,0.187038,3.88990,1,0,6.9421,literature,0.40,2.33394,5.44586
9,42,9.5000,42.5000,1.0000,60.0000,0,0.671162,0.02725,4.02697,0.067116,ok,0.184818,,0.184818,4.02697,3.5127,0.185571,3.97940,1,0,6.9969,literature,0.40,2.38764,5.57116
10,42,10.5000,42.5000,1.0000,60.0000,0,0.686982,0.02725,4.12189,0.068698,ok,0.183367,,0.183367,4.12189,3.5405,0.184123,4.07190,1,0,7.0520,literature,0.40,2.44314,5.70066
11,42,11.5000,42.5000,1.0000,60.0000,0,0.702762,0.02725,4.21657,0.070276,ok,0.181985,,0.181985,4.21657,3.5674,0.182708,4.16655,1,0,7.1066,literature,0.40,2.49993,5.83317
12,42,12.5000,42.5000,1.0000,60.0000,0,0.718424,0.02725,4.31054,0.071842,ok,0.180674,,0.180674,4.31054,3.5933,0.181327,4.26323,1,0,7.1607,literature,0.40,2.55794,5.96852
13,42,13.5000,42.5000,1.0000,60.0000,0,0.733888,0.02725,4.40333,0.073389,ok,0.179327,,0.179327,4.40333,3.6203,0.180001,4.36040,1,0,7.2135,literature,0.40,2.61624,6.10456
14,42,14.5000,42.5000,1.0000,60.0000,0,0.749075,0.02725,4.49445,0.074907,ok,0.177938,,0.177938,4.49445,3.6485,0.178733,4.44183,1,0,7.2646,literature,0.40,2.66510,6.21856
15,42,15.5000,42.5000,1.0000,60.0000,0,0.763905,0.02725,4.58343,0.076391,ok,0.176635,,0.176635,4.58343,3.6755,0.177535,4.52162,1,0,7.3137,literature,0.40,2.71297,6.33027
16,42,16.5000,42.5000,1.0000,60.0000,0,0.778301,0.02725,4.66981,0.077830,ok,0.175418,,0.175418,4.66981,3.7010,0.176392,4.60044,1,0,7.3611,literature,0.40,2.76026,6.44061
17,42,17.5000,42.5000,1.0000,60.0000,0,0.792182,0.02725,4.75309,0.079218,ok,0.174286,,0.174286,4.75309,3.7250,0.175316,4.67714,1,0,7.4062,literature,0.40,2.80629,6.54800
18,42,18.5000,42.5000,1.0000,60.0000,0,0.805470,0.02725,4.83282,0.080547,ok,0.173239,,0.173239,4.83282,3.7475,0.174312,4.75115,1,0,7.4489,literature,0.40,2.85069,6.65161
19,42,19.5000,42.5000,1.0000,60.0000,0,0.818086,0.02725,4.90852,0.081809,ok,0.172277,,0.172277,4.90852,3.7684,0.173381,4.82184,1,0,7.4889,literature,0.40,2.89311,6.75058
20,42,20.5000,42.5000,1.0000,60.0000,0,0.829950,0.02725,4.97970,0.082995,ok,0.171398,,0.171398,4.97970,3.7878,0.172527,4.88861,1,0,7.5260,literature,0.40,2.93317,6.84406
21,42,21.5000,42.5000,1.0000,60.0000,0,0.840983,0.02725,5.04590,0.084098,ok,0.170603,,0.170603,5.04590,3.8054,0.171751,4.95087,1,0,7.5600,literature,0.40,2.97052,6.93121
22,42,22.5000,42.5000,1.0000,60.0000,0,0.851107,0.02725,5.10664,0.085111,ok,0.169892,,0.169892,5.10664,3.8213,0.171056,5.00801,1,0,7.5907,literature,0.40,3.00481,7.01122
23,42,23.5000,42.5000,1.0000,60.0000,0,0.860241,0.02725,5.16145,0.086024,ok,0.169265,,0.169265,5.16145,3.8355,0.170443,5.05950,1,0,7.6180,literature,0.40,3.03570,7.08330
24,42,24.5000,42.5000,1.0000,60.0000,0,0.868308,0.02725,5.20985,0.086831,ok,0.168722,,0.168722,5.20985,3.8478,0.169914,5.10479,1,0,7.6417,literature,0.40,3.06287,7.14670
25,42,25.5000,42.5000,1.0000,60.0000,0,0.875227,0.02725,5.25136,0.087523,ok,0.168265,,0.168265,5.25136,3.8583,0.169470,5.14339,1,0,7.6617,literature,0.40,3.08603,7.20074
26,42,26.5000,42.5000,1.0000,60.0000,0,0.880920,0.02725,5.28552,0.088092,ok,0.167893,,0.167893,5.28552,3.8668,0.169114,5.17486,1,0,7.6778,literature,0.40,3.10491,7.24480
27,42,27.5000,42.5000,1.0000,60.0000,0,0.885308,0.02725,5.31185,0.088531,ok,0.167611,,0.167611,5.31185,3.8734,0.168845,5.19882,1,0,7.6901,literature,0.40,3.11929,7.27834
28,42,28.5000,42.5000,1.0000,60.0000,0,0.888311,0.02725,5.32986,0.088831,ok,0.167419,,0.167419,5.32986,3.8778,0.168666,5.21496,1,0,7.6983,literature,0.40,3.12898,7.30095
29,42,29.5000,42.5000,1.0000,60.0000,0,0.889850,0.02725,5.33910,0.088985,ok,0.167321,,0.167321,5.33910,3.8801,0.168576,5.22309,1,0,7.7024,literature,0.40,3.13385,7.31232
30,42,30.5000,42.5000,1.0000,60.0000,0,0.889850,0.02725,5.33910,0.088985,ok,0.167321,,0.167321,5.33910,3.8801,0.168576,5.22309,1,0,7.7024,literature,0.40,3.13385,7.31232
31,42,31.5000,42.5000,1.0000,60.0000,0,0.888311,0.02725,5.32986,0.088831,ok,0.167419,,0.167419,5.32986,3.8778,0.168666,5.21496,1,0,7.6983,literature,0.40,3.12898,7.30095
32,42,32.5000,42.5000,1.0000,60.0000,0,0.885308,0.02725,5.31185,0.088531,ok,0.167611,,0.167611,5.31185,3.8734,0.168845,5.19882,1,0,7.6901,literature,0.40,3.11929,7.27834
33,42,33.5000,42.5000,1.0000,60.0000,0,0.880920,0.02725,5.28552,0.088092,ok,0.167893,,0.167893,5.28552,3.8668,0.169114,5.17486,1,0,7.6778,literature,0.40,3.10491,7.24480
34,42,34.5000,42.5000,1.0000,60.0000,0,0.875227,0.02725,5.25136,0.087523,ok,0.168265,,0.168265,5.25136,3.8583,0.169470,5.14339,1,0,7.6617,literature,0.40,3.08603,7.20074
35,42,35.5000,42.5000,1.0000,60.0000,0,0.868308,0.02725,5.20985,0.086831,ok,0.168722,,0.168722,5.20985,3.8478,0.169914,5.10479,1,0,7.6417,literature,0.40,3.06287,7.14670
36,42,36.5000,42.5000,1.0000,60.0000,0,0.860241,0.02725,5.16145,0.086024,ok,0.169265,,0.169265,5.16145,3.8355,0.170443,5.05950,1,0,7.6180,literature,0.40,3.03570,7.08330
37,42,37.5000,42.5000,1.0000,60.0000,0,0.851107,0.02725,5.10664,0.085111,ok,0.169892,,0.169892,5.10664,3.8213,0.171056,5.00801,1,0,7.5907,literature,0.40,3.00481,7.01122
38,42,38.5000,42.5000,1.0000,60.0000,0,0.840983,0.02725,5.04590,0.084098,ok,0.170603,,0.170603,5.04590,3.8054,0.171751,4.95087,1,0,7.5600,literature,0.40,2.97052,6.93121
39,42,39.5000,42.5000,1.0000,60.0000,0,0.829950,0.02725,4.97970,0.082995,ok,0.171398,,0.171398,4.97970,3.7878,0.172527,4.88861,1,0,7.5260,literature,0.40,2.93317,6.84406
40,42,40.5000,42.5000,1.0000,60.0000,0,0.818086,0.02725,4.90852,0.081809,ok,0.172277,,0.172277,4.90852,3.7684,0.173381,4.82184,1,0,7.4889,literature,0.40,2.89311,6.75058
41,42,41.5000,42.5000,1.0000,60.0000,0,0.805470,0.02725,4.83282,0.080547,ok,0.173239,,0.173239,4.83282,3.7475,0.174312,4.75115,1,0,7.4489,literature,0.40,2.85069,6.65161
42,42,42.5000,42.5000,1.0000,60.0000,0,0.792182,0.02725,4.75309,0.079218,ok,0.174286,,0.174286,4.75309,3.7250,0.175316,4.67714,1,0,7.4062,literature,0.40,2.80629,6.54800
43,42,43.5000,42.5000,1.0000,60.0000,0,0.778301,0.02725,4.66981,0.077830,ok,0.175418,,0.175418,4.66981,3.7010,0.176392,4.60044,1,0,7.3611,literature,0.40,2.76026,6.44061
44,42,44.5000,42.5000,1.0000,60.0000,0,0.763905,0.02725,4.58343,0.076391,ok,0.176635,,0.176635,4.58343,3.6755,0.177535,4.52162,1,0,7.3137,literature,0.40,2.71297,6.33027
45,42,45.5000,42.5000,1.0000,60.0000,0,0.749075,0.02725,4.49445,0.074907,ok,0.177938,,0.177938,4.49445,3.6485,0.178733,4.44183,1,0,7.2646,literature,0.40,2.66510,6.21856
46,42,46.5000,42.5000,1.0000,60.0000,0,0.733888,0.02725,4.40333,0.073389,ok,0.179327,,0.179327,4.40333,3.6203,0.180001,4.36040,1,0,7.2135,literature,0.40,2.61624,6.10456
47,42,47.5000,42.5000,1.0000,60.0000,0,0.718424,0.02725,4.31054,0.071842,ok,0.180674,,0.180674,4.31054,3.5933,0.181327,4.26323,1,0,7.1607,literature,0.40,2.55794,5.96852
48,42,48.5000,42.5000,1.0000,60.0000,0,0.702762,0.02725,4.21657,0.070276,ok,0.181985,,0.181985,4.21657,3.5674,0.182708,4.16655,1,0,7.1066,literature,0.40,2.49993,5.83317
49,42,49.5000,42.5000,1.0000,60.0000,0,0.686982,0.02725,4.12189,0.068698,ok,0.183367,,0.183367,4.12189,3.5405,0.184123,4.07190,1,0,7.0520,literature,0.40,2.44314,5.70066
50,42,50.5000,42.5000,1.0000,60.0000,0,0.671162,0.02725,4.02697,0.067116,ok,0.184818,,0.184818,4.02697,3.5127,0.185571,3.97940,1,0,6.9969,literature,0.40,2.38764,5.57116
51,42,51.5000,42.5000,1.0000,60.0000,0,0.655382,0.02725,3.93229,0.065538,ok,0.186335,,0.186335,3.93229,3.4841,0.187038,3.88990,1,0,6.9421,literature,0.40,2.33394,5.44586
52,42,52.5000,42.5000,1.0000,60.0000,0,0.639721,0.02725,3.83832,0.063972,ok,0.187914,,0.187914,3.83832,3.4549,0.188503,3.80440,1,0,6.8881,literature,0.40,2.28264,5.32616
53,42,53.5000,42.5000,1.0000,60.0000,0,0.624257,0.02725,3.74554,0.062426,ok,0.189551,,0.189551,3.74554,3.4250,0.189942,3.72403,1,0,6.8359,literature,0.40,2.23442,5.21364
54,42,54.5000,42.5000,1.0000,60.0000,0,0.609070,0.02725,3.65442,0.060907,ok,0.191240,,0.191240,3.65442,3.3948,0.191325,3.64993,1,0,6.7865,literature,0.40,2.18996,5.10990
55,42,55.5000,42.5000,1.0000,60.0000,0,0.594239,0.02725,3.56544,0.059424,ok,0.192972,,0.192972,3.56544,3.3643,0.192622,3.58306,1,0,6.7408,literature,0.40,2.14983,5.01628
56,42,56.5000,42.5000,1.0000,60.0000,0,0.579844,0.02725,3.47906,0.057984,ok,0.194739,,0.194739,3.47906,3.3338,0.193808,3.52402,1,0,6.6996,literature,0.40,2.11441,4.93363
57,42,57.5000,42.5000,1.0000,60.0000,0,0.565962,0.02725,3.39577,0.056596,ok,0.196527,,0.196527,3.39577,3.3034,0.194870,3.47279,1,0,6.6630,literature,0.40,2.08368,4.86191
58,42,58.5000,42.5000,1.0000,60.0000,0,0.552674,0.02725,3.31605,0.055267,ok,0.198323,,0.198323,3.31605,3.2735,0.195793,3.42948,1,0,6.6316,literature,0.40,2.05769,4.80127
59,42,59.5000,42.5000,1.0000,60.0000,0,0.540059,0.02725,3.24035,0.054006,ok,0.200110,,0.200110,3.24035,3.2443,0.196583,3.39325,1,0,6.6050,literature,0.40,2.03595,4.75055
0,43,0.5000,43.5000,1.0000,60.0000,0,0.530595,0.02725,3.18357,0.053060,ok,0.201507,,0.201507,3.18357,3.2218,0.197932,3.33309,1,0,6.5600,literature,0.40,1.99985,4.66633
1,43,1.5000,43.5000,1.0000,60.0000,0,0.542990,0.02725,3.25794,0.054299,ok,0.199688,,0.199688,3.25794,3.2512,0.197127,3.36872,1,0,6.5868,literature,0.40,2.02123,4.71621
2,43,2.5000,43.5000,1.0000,60.0000,0,0.556045,0.02725,3.33627,0.055604,ok,0.197859,,0.197859,3.33627,3.2812,0.196186,3.41137,1,0,6.6184,literature,0.40,2.04682,4.77591
3,43,3.5000,43.5000,1.0000,60.0000,0,0.569683,0.02725,3.41810,0.056968,ok,0.196039,,0.196039,3.41810,3.3117,0.195106,3.46164,1,0,6.6550,literature,0.40,2.07698,4.84630
4,43,4.5000,43.5000,1.0000,60.0000,0,0.583827,0.02725,3.50296,0.058383,ok,0.194241,,0.194241,3.50296,3.3423,0.193891,3.51998,1,0,6.6967,literature,0.40,2.11199,4.92797
5,43,5.5000,43.5000,1.0000,60.0000,0,0.598397,0.02725,3.59038,0.059840,ok,0.192478,,0.192478,3.59038,3.3729,0.192568,3.58583,1,0,6.7427,literature,0.40,2.15150,5.02016
6,43,6.5000,43.5000,1.0000,60.0000,0,0.613318,0.02725,3.67991,0.061332,ok,0.190759,,0.190759,3.67991,3.4033,0.191158,3.65871,1,0,6.7924,literature,0.40,2.19523,5.12220
7,43,7.5000,43.5000,1.0000,60.0000,0,0.628511,0.02725,3.77107,0.062851,ok,0.189093,,0.189093,3.77107,3.4333,0.189694,3.73763,1,0,6.8448,literature,0.40,2.24258,5.23268
8,43,8.5000,43.5000,1.0000,60.0000,0,0.643898,0.02725,3.86339,0.064390,ok,0.187485,,0.187485,3.86339,3.4628,0.188206,3.82142,1,0,6.8990,literature,0.40,2.29285,5.34998
9,43,9.5000,43.5000,1.0000,60.0000,0,0.659402,0.02725,3.95641,0.065940,ok,0.185941,,0.185941,3.95641,3.4915,0.186720,3.90891,1,0,6.9539,literature,0.40,2.34535,5.47248
10,43,10.5000,43.5000,1.0000,60.0000,0,0.674944,0.02725,4.04967,0.067494,ok,0.184465,,0.184465,4.04967,3.5195,0.185257,3.99911,1,0,7.0088,literature,0.40,2.39947,5.59876
11,43,11.5000,43.5000,1.0000,60.0000,0,0.690448,0.02725,4.14269,0.069045,ok,0.183058,,0.183058,4.14269,3.5465,0.183829,4.09119,1,0,7.0632,literature,0.40,2.45472,5.72767
12,43,12.5000,43.5000,1.0000,60.0000,0,0.705835,0.02725,4.23501,0.070583,ok,0.181723,,0.181723,4.23501,3.5725,0.182439,4.18503,1,0,7.1171,literature,0.40,2.51102,5.85904
13,43,13.5000,43.5000,1.0000,60.0000,0,0.721028,0.02725,4.32617,0.072103,ok,0.180461,,0.180461,4.32617,3.5975,0.181104,4.27925,1,0,7.1695,literature,0.40,2.56755,5.99095
14,43,14.5000,43.5000,1.0000,60.0000,0,0.735948,0.02725,4.41569,0.073595,ok,0.179135,,0.179135,4.41569,3.6242,0.179829,4.37130,1,0,7.2204,literature,0.40,2.62278,6.11982
15,43,15.5000,43.5000,1.0000,60.0000,0,0.750519,0.02725,4.50312,0.075052,ok,0.177809,,0.177809,4.50312,3.6512,0.178615,4.44958,1,0,7.2695,literature,0.40,2.66975,6.22941
16,43,16.5000,43.5000,1.0000,60.0000,0,0.764663,0.02725,4.58798,0.076466,ok,0.176570,,0.176570,4.58798,3.6768,0.177474,4.52574,1,0,7.3162,literature,0.40,2.71544,6.33603
17,43,17.5000,43.5000,1.0000,60.0000,0,0.778301,0.02725,4.66981,0.077830,ok,0.175418,,0.175418,4.66981,3.7010,0.176392,4.60044,1,0,7.3611,literature,0.40,2.76026,6.44061
18,43,18.5000,43.5000,1.0000,60.0000,0,0.791356,0.02725,4.74814,0.079136,ok,0.174352,,0.174352,4.74814,3.7236,0.175380,4.67254,1,0,7.4035,literature,0.40,2.80353,6.54156
19,43,19.5000,43.5000,1.0000,60.0000,0,0.803751,0.02725,4.82250,0.080375,ok,0.173373,,0.173373,4.82250,3.7446,0.174441,4.74147,1,0,7.4434,literature,0.40,2.84488,6.63806
20,43,20.5000,43.5000,1.0000,60.0000,0,0.815407,0.02725,4.89244,0.081541,ok,0.172478,,0.172478,4.89244,3.7640,0.173579,4.80664,1,0,7.4803,literature,0.40,2.88398,6.72929
21,43,21.5000,43.5000,1.0000,60.0000,0,0.826247,0.02725,4.95748,0.082625,ok,0.171670,,0.171670,4.95748,3.7818,0.172795,4.86744,1,0,7.5143,literature,0.40,2.92046,6.81441
22,43,22.5000,43.5000,1.0000,60.0000,0,0.836193,0.02725,5.01716,0.083619,ok,0.170946,,0.170946,5.01716,3.7978,0.172092,4.92330,1,0,7.5450,literature,0.40,2.95398,6.89262
23,43,23.5000,43.5000,1.0000,60.0000,0,0.845167,0.02725,5.07100,0.084517,ok,0.170307,,0.170307,5.07100,3.8120,0.171472,4.97367,1,0,7.5723,literature,0.40,2.98420,6.96313
24,43,24.5000,43.5000,1.0000,60.0000,0,0.853092,0.02725,5.11855,0.085309,ok,0.169755,,0.169755,5.11855,3.8244,0.170936,5.01800,1,0,7.5960,literature,0.40,3.01080,7.02520
25,43,25.5000,43.5000,1.0000,60.0000,0,0.859890,0.02725,5.15934,0.085989,ok,0.169289,,0.169289,5.15934,3.8349,0.170486,5.05581,1,0,7.6160,literature,0.40,3.03349,7.07813
26,43,26.5000,43.5000,1.0000,60.0000,0,0.865484,0.02725,5.19290,0.086548,ok,0.168911,,0.168911,5.19290,3.8435,0.170125,5.08665,1,0,7.6322,literature,0.40,3.05199,7.12130
27,43,27.5000,43.5000,1.0000,60.0000,0,0.869794,0.02725,5.21877,0.086979,ok,0.168623,,0.168623,5.21877,3.8501,0.169852,5.11013,1,0,7.6445,literature,0.40,3.06608,7.15419
28,43,28.5000,43.5000,1.0000,60.0000,0,0.872745,0.02725,5.23647,0.087274,ok,0.168428,,0.168428,5.23647,3.8546,0.169670,5.12596,1,0,7.6527,literature,0.40,3.07558,7.17635
29,43,29.5000,43.5000,1.0000,60.0000,0,0.874257,0.02725,5.24554,0.087426,ok,0.168328,,0.168328,5.24554,3.8568,0.169578,5.13393,1,0,7.6568,literature,0.40,3.08036,7.18750
30,43,30.5000,43.5000,1.0000,60.0000,0,0.874257,0.02725,5.24554,0.087426,ok,0.168328,,0.168328,5.24554,3.8568,0.169578,5.13393,1,0,7.6568,literature,0.40,3.08036,7.18750
31,43,31.5000,43.5000,1.0000,60.0000,0,0.872745,0.02725,5.23647,0.087274,ok,0.168428,,0.168428,5.23647,3.8546,0.169670,5.12596,1,0,7.6527,literature,0.40,3.07558,7.17635
32,43,32.5000,43.5000,1.0000,60.0000,0,0.869794,0.02725,5.21877,0.086979,ok,0.168623,,0.168623,5.21877,3.8501,0.169852,5.11013,1,0,7.6445,literature,0.40,3.06608,7.15419
33,43,33.5000,43.5000,1.0000,60.0000,0,0.865484,0.02725,5.19290,0.086548,ok,0.168911,,0.168911,5.19290,3.8435,0.170125,5.08665,1,0,7.6322,literature,0.40,3.05199,7.12130
34,43,34.5000,43.5000,1.0000,60.0000,0,0.859890,0.02725,5.15934,0.085989,ok,0.169289,,0.169289,5.15934,3.8349,0.170486,5.05581,1,0,7.6160,literature,0.40,3.03349,7.07813
35,43,35.5000,43.5000,1.0000,60.0000,0,0.853092,0.02725,5.11855,0.085309,ok,0.169755,,0.169755,5.11855,3.8244,0.170936,5.01800,1,0,7.5960,literature,0.40,3.01080,7.02520
36,43,36.5000,43.5000,1.0000,60.0000,0,0.845167,0.02725,5.07100,0.084517,ok,0.170307,,0.170307,5.07100,3.8120,0.171472,4.97367,1,0,7.5723,literature,0.40,2.98420,6.96313
37,43,37.5000,43.5000,1.0000,60.0000,0,0.836193,0.02725,5.01716,0.083619,ok,0.170946,,0.170946,5.01716,3.7978,0.172092,4.92330,1,0,7.5450,literature,0.40,2.95398,6.89262
38,43,38.5000,43.5000,1.0000,60.0000,0,0.826247,0.02725,4.95748,0.082625,ok,0.171670,,0.171670,4.95748,3.7818,0.172795,4.86744,1,0,7.5143,literature,0.40,2.92046,6.81441
39,43,39.5000,43.5000,1.0000,60.0000,0,0.815407,0.02725,4.89244,0.081541,ok,0.172478,,0.172478,4.89244,3.7640,0.173579,4.80664,1,0,7.4803,literature,0.40,2.88398,6.72929
40,43,40.5000,43.5000,1.0000,60.0000,0,0.803751,0.02725,4.82250,0.080375,ok,0.173373,,0.173373,4.82250,3.7446,0.174441,4.74147,1,0,7.4434,literature,0.40,2.84488,6.63806
41,43,41.5000,43.5000,1.0000,60.0000,0,0.791356,0.02725,4.74814,0.079136,ok,0.174352,,0.174352,4.74814,3.7236,0.175380,4.67254,1,0,7.4035,literature,0.40,2.80353,6.54156
42,43,42.5000,43.5000,1.0000,60.0000,0,0.778301,0.02725,4.66981,0.077830,ok,0.175418,,0.175418,4.66981,3.7010,0.176392,4.60044,1,0,7.3611,literature,0.40,2.76026,6.44061
43,43,43.5000,43.5000,1.0000,60.0000,0,0.764663,0.02725,4.58798,0.076466,ok,0.176570,,0.176570,4.58798,3.6768,0.177474,4.52574,1,0,7.3162,literature,0.40,2.71544,6.33603
44,43,44.5000,43.5000,1.0000,60.0000,0,0.750519,0.02725,4.50312,0.075052,ok,0.177809,,0.177809,4.50312,3.6512,0.178615,4.44958,1,0,7.2695,literature,0.40,2.66975,6.22941
45,43,45.5000,43.5000,1.0000,60.0000,0,0.735948,0.02725,4.41569,0.073595,ok,0.179135,,0.179135,4.41569,3.6242,0.179829,4.37130,1,0,7.2204,literature,0.40,2.62278,6.11982
46,43,46.5000,43.5000,1.0000,60.0000,0,0.721028,0.02725,4.32617,0.072103,ok,0.180461,,0.180461,4.32617,3.5975,0.181104,4.27925,1,0,7.1695,literature,0.40,2.56755,5.99095
47,43,47.5000,43.5000,1.0000,60.0000,0,0.705835,0.02725,4.23501,0.070583,ok,0.181723,,0.181723,4.23501,3.5725,0.182439,4.18503,1,0,7.1171,literature,0.40,2.51102,5.85904
48,43,48.5000,43.5000,1.0000,60.0000,0,0.690448,0.02725,4.14269,0.069045,ok,0.183058,,0.183058,4.14269,3.5465,0.183829,4.09119,1,0,7.0632,literature,0.40,2.45472,5.72767
49,43,49.5000,43.5000,1.0000,60.0000,0,0.674944,0.02725,4.04967,0.067494,ok,0.184465,,0.184465,4.04967,3.5195,0.185257,3.99911,1,0,7.0088,literature,0.40,2.39947,5.59876
50,43,50.5000,43.5000,1.0000,60.0000,0,0.659402,0.02725,3.95641,0.065940,ok,0.185941,,0.185941,3.95641,3.4915,0.186720,3.90891,1,0,6.9539,literature,0.40,2.34535,5.47248
51,43,51.5000,43.5000,1.0000,60.0000,0,0.643898,0.02725,3.86339,0.064390,ok,0.187485,,0.187485,3.86339,3.4628,0.188206,3.82142,1,0,6.8990,literature,0.40,2.29285,5.34998
52,43,52.5000,43.5000,1.0000,60.0000,0,0.628511,0.02725,3.77107,0.062851,ok,0.189093,,0.189093,3.77107,3.4333,0.189694,3.73763,1,0,6.8448,literature,0.40,2.24258,5.23268
53,43,53.5000,43.5000,1.0000,60.0000,0,0.613318,0.02725,3.67991,0.061332,ok,0.190759,,0.190759,3.67991,3.4033,0.191158,3.65871,1,0,6.7924,literature,0.40,2.19523,5.12220
54,43,54.5000,43.5000,1.0000,60.0000,0,0.598397,0.02725,3.59038,0.059840,ok,0.192478,,0.192478,3.59038,3.3729,0.192568,3.58583,1,0,6.7427,literature,0.40,2.15150,5.02016
55,43,55.5000,43.5000,1.0000,60.0000,0,0.583827,0.02725,3.50296,0.058383,ok,0.194241,,0.194241,3.50296,3.3423,0.193891,3.51998,1,0,6.6967,literature,0.40,2.11199,4.92797
56,43,56.5000,43.5000,1.0000,60.0000,0,0.569683,0.02725,3.41810,0.056968,ok,0.196039,,0.196039,3.41810,3.3117,0.195106,3.46164,1,0,6.6550,literature,0.40,2.07698,4.84630
57,43,57.5000,43.5000,1.0000,60.0000,0,0.556045,0.02725,3.33627,0.055604,ok,0.197859,,0.197859,3.33627,3.2812,0.196186,3.41137,1,0,6.6184,literature,0.40,2.04682,4.77591
58,43,58.5000,43.5000,1.0000,60.0000,0,0.542990,0.02725,3.25794,0.054299,ok,0.199688,,0.199688,3.25794,3.2512,0.197127,3.36872,1,0,6.5868,literature,0.40,2.02123,4.71621
59,43,59.5000,43.5000,1.0000,60.0000,0,0.530595,0.02725,3.18357,0.053060,ok,0.201507,,0.201507,3.18357,3.2218,0.197932,3.33309,1,0,6.5600,literature,0.40,1.99985,4.66633
0,44,0.5000,44.5000,1.0000,60.0000,0,0.520781,0.02725,3.12469,0.052078,ok,0.203008,,0.203008,3.12469,3.1980,0.199383,3.27073,1,0,6.5122,literature,0.40,1.96244,4.57902
1,44,1.5000,44.5000,1.0000,60.0000,0,0.532946,0.02725,3.19768,0.053295,ok,0.201155,,0.201155,3.19768,3.2274,0.198562,3.30574,1,0,6.5392,literature,0.40,1.98345,4.62804
2,44,2.5000,44.5000,1.0000,60.0000,0,0.545760,0.02725,3.27456,0.054576,ok,0.199292,,0.199292,3.27456,3.2576,0.197600,3.34770,1,0,6.5710,literature,0.40,2.00862,4.68678
3,44,3.5000,44.5000,1.0000,60.0000,0,0.559146,0.02725,3.35488,0.055915,ok,0.197438,,0.197438,3.35488,3.2882,0.196496,3.39720,1,0,6.6079,literature,0.40,2.03832,4.75608
4,44,4.5000,44.5000,1.0000,60.0000,0,0.573028,0.02725,3.43817,0.057303,ok,0.195606,,0.195606,3.43817,3.3190,0.195258,3.45447,1,0,6.6498,literature,0.40,2.07268,4.83626
5,44,5.5000,44.5000,1.0000,60.0000,0,0.587329,0.02725,3.52398,0.058733,ok,0.193809,,0.193809,3.52398,3.3498,0.193902,3.51946,1,0,6.6963,literature,0.40,2.11168,4.92725
6,44,6.5000,44.5000,1.0000,60.0000,0,0.601974,0.02725,3.61184,0.060197,ok,0.192058,,0.192058,3.61184,3.3803,0.192463,3.59114,1,0,6.7464,literature,0.40,2.15468,5.02760
7,44,7.5000,44.5000,1.0000,60.0000,0,0.616886,0.02725,3.70131,0.061689,ok,0.190360,,0.190360,3.70131,3.4105,0.190971,3.66864,1,0,6.7991,literature,0.40,2.20118,5.13609
8,44,8.5000,44.5000,1.0000,60.0000,0,0.631988,0.02725,3.79193,0.063199,ok,0.188723,,0.188723,3.79193,3.4400,0.189457,3.75075,1,0,6.8534,literature,0.40,2.25045,5.25105
9,44,9.5000,44.5000,1.0000,60.0000,0,0.647205,0.02725,3.88323,0.064721,ok,0.187150,,0.187150,3.88323,3.4690,0.187949,3.83631,1,0,6.9084,literature,0.40,2.30179,5.37083
10,44,10.5000,44.5000,1.0000,60.0000,0,0.662460,0.02725,3.97476,0.066246,ok,0.185645,,0.185645,3.97476,3.4971,0.186466,3.92429,1,0,6.9634,literature,0.40,2.35458,5.49401
11,44,11.5000,44.5000,1.0000,60.0000,0,0.677677,0.02725,4.06606,0.067768,ok,0.184212,,0.184212,4.06606,3.5243,0.185023,4.01389,1,0,7.0177,literature,0.40,2.40834,5.61945
12,44,12.5000,44.5000,1.0000,60.0000,0,0.692780,0.02725,4.15668,0.069278,ok,0.182852,,0.182852,4.15668,3.5505,0.183621,4.10496,1,0,7.0712,literature,0.40,2.46297,5.74694
13,44,13.5000,44.5000,1.0000,60.0000,0,0.707691,0.02725,4.24615,0.070769,ok,0.181566,,0.181566,4.24615,3.5756,0.182277,4.19623,1,0,7.1234,literature,0.40,2.51774,5.87472
14,44,14.5000,44.5000,1.0000,60.0000,0,0.722336,0.02725,4.33402,0.072234,ok,0.180355,,0.180355,4.33402,3.5997,0.180993,4.28732,1,0,7.1739,literature,0.40,2.57239,6.00225
15,44,15.5000,44.5000,1.0000,60.0000,0,0.736638,0.02725,4.41983,0.073664,ok,0.179071,,0.179071,4.41983,3.6255,0.179771,4.37494,1,0,7.2227,literature,0.40,2.62497,6.12492
16,44,16.5000,44.5000,1.0000,60.0000,0,0.750519,0.02725,4.50312,0.075052,ok,0.177809,,0.177809,4.50312,3.6512,0.178615,4.44958,1,0,7.2695,literature,0.40,2.66975,6.22941
17,44,17.5000,44.5000,1.0000,60.0000,0,0.763905,0.02725,4.58343,0.076391,ok,0.176635,,0.176635,4.58343,3.6755,0.177535,4.52162,1,0,7.3137,literature,0.40,2.71297,6.33027
18,44,18.5000,44.5000,1.0000,60.0000,0,0.776719,0.02725,4.66031,0.077672,ok,0.175549,,0.175549,4.66031,3.6982,0.176516,4.59173,1,0,7.3559,literature,0.40,2.75504,6.42842
19,44,19.5000,44.5000,1.0000,60.0000,0,0.788884,0.02725,4.73331,0.078888,ok,0.174551,,0.174551,4.73331,3.7193,0.175570,4.65879,1,0,7.3955,literature,0.40,2.79527,6.52230
20,44,20.5000,44.5000,1.0000,60.0000,0,0.800325,0.02725,4.80195,0.080032,ok,0.173640,,0.173640,4.80195,3.7389,0.174701,4.72222,1,0,7.4323,literature,0.40,2.83333,6.61111
21,44,21.5000,44.5000,1.0000,60.0000,0,0.810964,0.02725,4.86579,0.081096,ok,0.172816,,0.172816,4.86579,3.7567,0.173909,4.78146,1,0,7.4661,literature,0.40,2.86888,6.69405
22,44,22.5000,44.5000,1.0000,60.0000,0,0.820726,0.02725,4.92436,0.082073,ok,0.172079,,0.172079,4.92436,3.7728,0.173199,4.83593,1,0,7.4968,literature,0.40,2.90156,6.77031
23,44,23.5000,44.5000,1.0000,60.0000,0,0.829535,0.02725,4.97721,0.082953,ok,0.171428,,0.171428,4.97721,3.7871,0.172571,4.88508,1,0,7.5240,literature,0.40,2.93105,6.83911
24,44,24.5000,44.5000,1.0000,60.0000,0,0.837313,0.02725,5.02388,0.083731,ok,0.170865,,0.170865,5.02388,3.7996,0.172029,4.92837,1,0,7.5477,literature,0.40,2.95702,6.89972
25,44,25.5000,44.5000,1.0000,60.0000,0,0.843986,0.02725,5.06391,0.084399,ok,0.170391,,0.170391,5.06391,3.8102,0.171574,4.96532,1,0,7.5678,literature,0.40,2.97919,6.95144
26,44,26.5000,44.5000,1.0000,60.0000,0,0.849475,0.02725,5.09685,0.084948,ok,0.170006,,0.170006,5.09685,3.8188,0.171207,4.99546,1,0,7.5840,literature,0.40,2.99728,6.99365
27,44,27.5000,44.5000,1.0000,60.0000,0,0.853706,0.02725,5.12224,0.085371,ok,0.169713,,0.169713,5.12224,3.8254,0.170931,5.01844,1,0,7.5962,literature,0.40,3.01106,7.02581
28,44,28.5000,44.5000,1.0000,60.0000,0,0.856602,0.02725,5.13961,0.085660,ok,0.169513,,0.169513,5.13961,3.8299,0.170746,5.03392,1,0,7.6045,literature,0.40,3.02035,7.04749
29,44,29.5000,44.5000,1.0000,60.0000,0,0.858087,0.02725,5.14852,0.085809,ok,0.169412,,0.169412,5.14852,3.8322,0.170653,5.04172,1,0,7.6086,literature,0.40,3.02503,7.05841
30,44,30.5000,44.5000,1.0000,60.0000,0,0.858087,0.02725,5.14852,0.085809,ok,0.169412,,0.169412,5.14852,3.8322,0.170653,5.04172,1,0,7.6086,literature,0.40,3.02503,7.05841
31,44,31.5000,44.5000,1.0000,60.0000,0,0.856602,0.02725,5.13961,0.085660,ok,0.169513,,0.169513,5.13961,3.8299,0.170746,5.03392,1,0,7.6045,literature,0.40,3.02035,7.04749
32,44,32.5000,44.5000,1.0000,60.0000,0,0.853706,0.02725,5.12224,0.085371,ok,0.169713,,0.169713,5.12224,3.8254,0.170931,5.01844,1,0,7.5962,literature,0.40,3.01106,7.02581
33,44,33.5000,44.5000,1.0000,60.0000,0,0.849475,0.02725,5.09685,0.084948,ok,0.170006,,0.170006,5.09685,3.8188,0.171207,4.99546,1,0,7.5840,literature,0.40,2.99728,6.99365
34,44,34.5000,44.5000,1.0000,60.0000,0,0.843986,0.02725,5.06391,0.084399,ok,0.170391,,0.170391,5.06391,3.8102,0.171574,4.96532,1,0,7.5678,literature,0.40,2.97919,6.95144
35,44,35.5000,44.5000,1.0000,60.0000,0,0.837313,0.02725,5.02388,0.083731,ok,0.170865,,0.170865,5.02388,3.7996,0.172029,4.92837,1,0,7.5477,literature,0.40,2.95702,6.89972
36,44,36.5000,44.5000,1.0000,60.0000,0,0.829535,0.02725,4.97721,0.082953,ok,0.171428,,0.171428,4.97721,3.7871,0.172571,4.88508,1,0,7.5240,literature,0.40,2.93105,6.83911
37,44,37.5000,44.5000,1.0000,60.0000,0,0.820726,0.02725,4.92436,0.082073,ok,0.172079,,0.172079,4.92436,3.7728,0.173199,4.83593,1,0,7.4968,literature,0.40,2.90156,6.77031
38,44,38.5000,44.5000,1.0000,60.0000,0,0.810964,0.02725,4.86579,0.081096,ok,0.172816,,0.172816,4.86579,3.7567,0.173909,4.78146,1,0,7.4661,literature,0.40,2.86888,6.69405
39,44,39.5000,44.5000,1.0000,60.0000,0,0.800325,0.02725,4.80195,0.080032,ok,0.173640,,0.173640,4.80195,3.7389,0.174701,4.72222,1,0,7.4323,literature,0.40,2.83333,6.61111
40,44,40.5000,44.5000,1.0000,60.0000,0,0.788884,0.02725,4.73331,0.078888,ok,0.174551,,0.174551,4.73331,3.7193,0.175570,4.65879,1,0,7.3955,literature,0.40,2.79527,6.52230
41,44,41.5000,44.5000,1.0000,60.0000,0,0.776719,0.02725,4.66031,0.077672,ok,0.175549,,0.175549,4.66031,3.6982,0.176516,4.59173,1,0,7.3559,literature,0.40,2.75504,6.42842
42,44,42.5000,44.5000,1.0000,60.0000,0,0.763905,0.02725,4.58343,0.076391,ok,0.176635,,0.176635,4.58343,3.6755,0.177535,4.52162,1,0,7.3137,literature,0.40,2.71297,6.33027
43,44,43.5000,44.5000,1.0000,60.0000,0,0.750519,0.02725,4.50312,0.075052,ok,0.177809,,0.177809,4.50312,3.6512,0.178615,4.44958,1,0,7.2695,literature,0.40,2.66975,6.22941
44,44,44.5000,44.5000,1.0000,60.0000,0,0.736638,0.02725,4.41983,0.073664,ok,0.179071,,0.179071,4.41983,3.6255,0.179771,4.37494,1,0,7.2227,literature,0.40,2.62497,6.12492
45,44,45.5000,44.5000,1.0000,60.0000,0,0.722336,0.02725,4.33402,0.072234,ok,0.180355,,0.180355,4.33402,3.5997,0.180993,4.28732,1,0,7.1739,literature,0.40,2.57239,6.00225
46,44,46.5000,44.5000,1.0000,60.0000,0,0.707691,0.02725,4.24615,0.070769,ok,0.181566,,0.181566,4.24615,3.5756,0.182277,4.19623,1,0,7.1234,literature,0.40,2.51774,5.87472
47,44,47.5000,44.5000,1.0000,60.0000,0,0.692780,0.02725,4.15668,0.069278,ok,0.182852,,0.182852,4.15668,3.5505,0.183621,4.10496,1,0,7.0712,literature,0.40,2.46297,5.74694
48,44,48.5000,44.5000,1.0000,60.0000,0,0.677677,0.02725,4.06606,0.067768,ok,0.184212,,0.184212,4.06606,3.5243,0.185023,4.01389,1,0,7.0177,literature,0.40,2.40834,5.61945
49,44,49.5000,44.5000,1.0000,60.0000,0,0.662460,0.02725,3.97476,0.066246,ok,0.185645,,0.185645,3.97476,3.4971,0.186466,3.92429,1,0,6.9634,literature,0.40,2.35458,5.49401
50,44,50.5000,44.5000,1.0000,60.0000,0,0.647205,0.02725,3.88323,0.064721,ok,0.187150,,0.187150,3.88323,3.4690,0.187949,3.83631,1,0,6.9084,literature,0.40,2.30179,5.37083
51,44,51.5000,44.5000,1.0000,60.0000,0,0.631988,0.02725,3.79193,0.063199,ok,0.188723,,0.188723,3.79193,3.4400,0.189457,3.75075,1,0,6.8534,literature,0.40,2.25045,5.25105
52,44,52.5000,44.5000,1.0000,60.0000,0,0.616886,0.02725,3.70131,0.061689,ok,0.190360,,0.190360,3.70131,3.4105,0.190971,3.66864,1,0,6.7991,literature,0.40,2.20118,5.13609
53,44,53.5000,44.5000,1.0000,60.0000,0,0.601974,0.02725,3.61184,0.060197,ok,0.192058,,0.192058,3.61184,3.3803,0.192463,3.59114,1,0,6.7464,literature,0.40,2.15468,5.02760
54,44,54.5000,44.5000,1.0000,60.0000,0,0.587329,0.02725,3.52398,0.058733,ok,0.193809,,0.193809,3.52398,3.3498,0.193902,3.51946,1,0,6.6963,literature,0.40,2.11168,4.92725
55,44,55.5000,44.5000,1.0000,60.0000,0,0.573028,0.02725,3.43817,0.057303,ok,0.195606,,0.195606,3.43817,3.3190,0.195258,3.45447,1,0,6.6498,literature,0.40,2.07268,4.83626
56,44,56.5000,44.5000,1.0000,60.0000,0,0.559146,0.02725,3.35488,0.055915,ok,0.197438,,0.197438,3.35488,3.2882,0.196496,3.39720,1,0,6.6079,literature,0.40,2.03832,4.75608
57,44,57.5000,44.5000,1.0000,60.0000,0,0.545760,0.02725,3.27456,0.054576,ok,0.199292,,0.199292,3.27456,3.2576,0.197600,3.34770,1,0,6.5710,literature,0.40,2.00862,4.68678
58,44,58.5000,44.5000,1.0000,60.0000,0,0.532946,0.02725,3.19768,0.053295,ok,0.201155,,0.201155,3.19768,3.2274,0.198562,3.30574,1,0,6.5392,literature,0.40,1.98345,4.62804
59,44,59.5000,44.5000,1.0000,60.0000,0,0.520781,0.02725,3.12469,0.052078,ok,0.203008,,0.203008,3.12469,3.1980,0.199383,3.27073,1,0,6.5122,literature,0.40,1.96244,4.57902
0,45,0.5000,45.5000,1.0000,60.0000,0,0.510670,0.02725,3.06402,0.051067,ok,0.204615,,0.204615,3.06402,3.1729,0.200936,3.20653,1,0,6.4619,literature,0.40,1.92392,4.48914
1,45,1.5000,45.5000,1.0000,60.0000,0,0.522600,0.02725,3.13560,0.052260,ok,0.202726,,0.202726,3.13560,3.2024,0.200097,3.24091,1,0,6.4890,literature,0.40,1.94455,4.53727
2,45,2.5000,45.5000,1.0000,60.0000,0,0.535165,0.02725,3.21099,0.053516,ok,0.200826,,0.200826,3.21099,3.2327,0.199113,3.28217,1,0,6.5211,literature,0.40,1.96930,4.59503
3,45,3.5000,45.5000,1.0000,60.0000,0,0.548291,0.02725,3.28974,0.054829,ok,0.198935,,0.198935,3.28974,3.2635,0.197983,3.33087,1,0,6.5583,literature,0.40,1.99852,4.66322
4,45,4.5000,45.5000,1.0000,60.0000,0,0.561903,0.02725,3.37142,0.056190,ok,0.197067,,0.197067,3.37142,3.2944,0.196715,3.38725,1,0,6.6006,literature,0.40,2.03235,4.74214
5,45,5.5000,45.5000,1.0000,60.0000,0,0.575927,0.02725,3.45556,0.057593,ok,0.195235,,0.195235,3.45556,3.3253,0.195331,3.45103,1,0,6.6473,literature,0.40,2.07062,4.83144
6,45,6.5000,45.5000,1.0000,60.0000,0,0.590287,0.02725,3.54172,0.059029,ok,0.193449,,0.193449,3.54172,3.3560,0.193856,3.52168,1,0,6.6979,literature,0.40,2.11301,4.93035
7,45,7.5000,45.5000,1.0000,60.0000,0,0.604909,0.02725,3.62946,0.060491,ok,0.191717,,0.191717,3.62946,3.3863,0.192333,3.59778,1,0,6.7510,literature,0.40,2.15867,5.03689
8,45,8.5000,45.5000,1.0000,60.0000,0,0.619719,0.02725,3.71831,0.061972,ok,0.190047,,0.190047,3.71831,3.4161,0.190790,3.67827,1,0,6.8056,literature,0.40,2.20696,5.14958
9,45,9.5000,45.5000,1.0000,60.0000,0,0.634640,0.02725,3.80784,0.063464,ok,0.188443,,0.188443,3.80784,3.4452,0.189255,3.76196,1,0,6.8607,literature,0.40,2.25718,5.26675
10,45,10.5000,45.5000,1.0000,60.0000,0,0.649599,0.02725,3.89759,0.064960,ok,0.186909,,0.186909,3.89759,3.4734,0.187751,3.84783,1,0,6.9157,literature,0.40,2.30870,5.38696
11,45,11.5000,45.5000,1.0000,60.0000,0,0.664520,0.02725,3.98712,0.066452,ok,0.185447,,0.185447,3.98712,3.5008,0.186289,3.93506,1,0,6.9700,literature,0.40,2.36103,5.50908
12,45,12.5000,45.5000,1.0000,60.0000,0,0.679330,0.02725,4.07598,0.067933,ok,0.184060,,0.184060,4.07598,3.5272,0.184873,4.02347,1,0,7.0234,literature,0.40,2.41408,5.63285
13,45,13.5000,45.5000,1.0000,60.0000,0,0.693952,0.02725,4.16371,0.069395,ok,0.182749,,0.182749,4.16371,3.5525,0.183517,4.11189,1,0,7.0753,literature,0.40,2.46713,5.75664
14,45,14.5000,45.5000,1.0000,60.0000,0,0.708312,0.02725,4.24987,0.070831,ok,0.181514,,0.181514,4.24987,3.5767,0.182223,4.19998,1,0,7.1255,literature,0.40,2.51999,5.87997
15,45,15.5000,45.5000,1.0000,60.0000,0,0.722336,0.02725,4.33402,0.072234,ok,0.180355,,0.180355,4.33402,3.5997,0.180993,4.28732,1,0,7.1739,literature,0.40,2.57239,6.00225
16,45,16.5000,45.5000,1.0000,60.0000,0,0.735948,0.02725,4.41569,0.073595,ok,0.179135,,0.179135,4.41569,3.6242,0.179829,4.37130,1,0,7.2204,literature,0.40,2.62278,6.11982
17,45,17.5000,45.5000,1.0000,60.0000,0,0.749075,0.02725,4.49445,0.074907,ok,0.177938,,0.177938,4.49445,3.6485,0.178733,4.44183,1,0,7.2646,literature,0.40,2.66510,6.21856
18,45,18.5000,45.5000,1.0000,60.0000,0,0.761639,0.02725,4.56984,0.076164,ok,0.176831,,0.176831,4.56984,3.6714,0.177717,4.50932,1,0,7.3062,literature,0.40,2.70559,6.31304
19,45,19.5000,45.5000,1.0000,60.0000,0,0.773569,0.02725,4.64141,0.077357,ok,0.175813,,0.175813,4.64141,3.6926,0.176765,4.57442,1,0,7.3455,literature,0.40,2.74465,6.40419
20,45,20.5000,45.5000,1.0000,60.0000,0,0.784787,0.02725,4.70872,0.078479,ok,0.174884,,0.174884,4.70872,3.7123,0.175888,4.63603,1,0,7.3821,literature,0.40,2.78162,6.49045
21,45,21.5000,45.5000,1.0000,60.0000,0,0.795220,0.02725,4.77132,0.079522,ok,0.174043,,0.174043,4.77132,3.7302,0.175090,4.69361,1,0,7.4158,literature,0.40,2.81616,6.57105
22,45,22.5000,45.5000,1.0000,60.0000,0,0.804792,0.02725,4.82875,0.080479,ok,0.173292,,0.173292,4.82875,3.7464,0.174373,4.74658,1,0,7.4463,literature,0.40,2.84795,6.64522
23,45,23.5000,45.5000,1.0000,60.0000,0,0.813430,0.02725,4.88058,0.081343,ok,0.172628,,0.172628,4.88058,3.7608,0.173739,4.79442,1,0,7.4735,literature,0.40,2.87665,6.71219
24,45,24.5000,45.5000,1.0000,60.0000,0,0.821057,0.02725,4.92634,0.082106,ok,0.172054,,0.172054,4.92634,3.7733,0.173190,4.83658,1,0,7.4971,literature,0.40,2.90195,6.77122
25,45,25.5000,45.5000,1.0000,60.0000,0,0.827600,0.02725,4.96560,0.082760,ok,0.171570,,0.171570,4.96560,3.7840,0.172730,4.87259,1,0,7.5171,literature,0.40,2.92355,6.82163
26,45,26.5000,45.5000,1.0000,60.0000,0,0.832983,0.02725,4.99790,0.083298,ok,0.171178,,0.171178,4.99790,3.7926,0.172358,4.90199,1,0,7.5333,literature,0.40,2.94119,6.86278
27,45,27.5000,45.5000,1.0000,60.0000,0,0.837132,0.02725,5.02279,0.083713,ok,0.170878,,0.170878,5.02279,3.7993,0.172078,4.92440,1,0,7.5456,literature,0.40,2.95464,6.89416
28,45,28.5000,45.5000,1.0000,60.0000,0,0.839972,0.02725,5.03983,0.083997,ok,0.170675,,0.170675,5.03983,3.8038,0.171891,4.93951,1,0,7.5538,literature,0.40,2.96371,6.91532
29,45,29.5000,45.5000,1.0000,60.0000,0,0.841427,0.02725,5.04856,0.084143,ok,0.170572,,0.170572,5.04856,3.8061,0.171797,4.94713,1,0,7.5579,literature,0.40,2.96828,6.92598
30,45,30.5000,45.5000,1.0000,60.0000,0,0.841427,0.02725,5.04856,0.084143,ok,0.170572,,0.170572,5.04856,3.8061,0.171797,4.94713,1,0,7.5579,literature,0.40,2.96828,6.92598
31,45,31.5000,45.5000,1.0000,60.0000,0,0.839972,0.02725,5.03983,0.083997,ok,0.170675,,0.170675,5.03983,3.8038,0.171891,4.93951,1,0,7.5538,literature,0.40,2.96371,6.91532
32,45,32.5000,45.5000,1.0000,60.0000,0,0.837132,0.02725,5.02279,0.083713,ok,0.170878,,0.170878,5.02279,3.7993,0.172078,4.92440,1,0,7.5456,literature,0.40,2.95464,6.89416
33,45,33.5000,45.5000,1.0000,60.0000,0,0.832983,0.02725,4.99790,0.083298,ok,0.171178,,0.171178,4.99790,3.7926,0.172358,4.90199,1,0,7.5333,literature,0.40,2.94119,6.86278
34,45,34.5000,45.5000,1.0000,60.0000,0,0.827600,0.02725,4.96560,0.082760,ok,0.171570,,0.171570,4.96560,3.7840,0.172730,4.87259,1,0,7.5171,literature,0.40,2.92355,6.82163
35,45,35.5000,45.5000,1.0000,60.0000,0,0.821057,0.02725,4.92634,0.082106,ok,0.172054,,0.172054,4.92634,3.7733,0.173190,4.83658,1,0,7.4971,literature,0.40,2.90195,6.77122
36,45,36.5000,45.5000,1.0000,60.0000,0,0.813430,0.02725,4.88058,0.081343,ok,0.172628,,0.172628,4.88058,3.7608,0.173739,4.79442,1,0,7.4735,literature,0.40,2.87665,6.71219
37,45,37.5000,45.5000,1.0000,60.0000,0,0.804792,0.02725,4.82875,0.080479,ok,0.173292,,0.173292,4.82875,3.7464,0.174373,4.74658,1,0,7.4463,literature,0.40,2.84795,6.64522
38,45,38.5000,45.5000,1.0000,60.0000,0,0.795220,0.02725,4.77132,0.079522,ok,0.174043,,0.174043,4.77132,3.7302,0.175090,4.69361,1,0,7.4158,literature,0.40,2.81616,6.57105
39,45,39.5000,45.5000,1.0000,60.0000,0,0.784787,0.02725,4.70872,0.078479,ok,0.174884,,0.174884,4.70872,3.7123,0.175888,4.63603,1,0,7.3821,literature,0.40,2.78162,6.49045
40,45,40.5000,45.5000,1.0000,60.0000,0,0.773569,0.02725,4.64141,0.077357,ok,0.175813,,0.175813,4.64141,3.6926,0.176765,4.57442,1,0,7.3455,literature,0.40,2.74465,6.40419
41,45,41.5000,45.5000,1.0000,60.0000,0,0.761639,0.02725,4.56984,0.076164,ok,0.176831,,0.176831,4.56984,3.6714,0.177717,4.50932,1,0,7.3062,literature,0.40,2.70559,6.31304
42,45,42.5000,45.5000,1.0000,60.0000,0,0.749075,0.02725,4.49445,0.074907,ok,0.177938,,0.177938,4.49445,3.6485,0.178733,4.44183,1,0,7.2646,literature,0.40,2.66510,6.21856
43,45,43.5000,45.5000,1.0000,60.0000,0,0.735948,0.02725,4.41569,0.073595,ok,0.179135,,0.179135,4.41569,3.6242,0.179829,4.37130,1,0,7.2204,literature,0.40,2.62278,6.11982
44,45,44.5000,45.5000,1.0000,60.0000,0,0.722336,0.02725,4.33402,0.072234,ok,0.180355,,0.180355,4.33402,3.5997,0.180993,4.28732,1,0,7.1739,literature,0.40,2.57239,6.00225
45,45,45.5000,45.5000,1.0000,60.0000,0,0.708312,0.02725,4.24987,0.070831,ok,0.181514,,0.181514,4.24987,3.5767,0.182223,4.19998,1,0,7.1255,literature,0.40,2.51999,5.87997
46,45,46.5000,45.5000,1.0000,60.0000,0,0.693952,0.02725,4.16371,0.069395,ok,0.182749,,0.182749,4.16371,3.5525,0.183517,4.11189,1,0,7.0753,literature,0.40,2.46713,5.75664
47,45,47.5000,45.5000,1.0000,60.0000,0,0.679330,0.02725,4.07598,0.067933,ok,0.184060,,0.184060,4.07598,3.5272,0.184873,4.02347,1,0,7.0234,literature,0.40,2.41408,5.63285
48,45,48.5000,45.5000,1.0000,60.0000,0,0.664520,0.02725,3.98712,0.066452,ok,0.185447,,0.185447,3.98712,3.5008,0.186289,3.93506,1,0,6.9700,literature,0.40,2.36103,5.50908
49,45,49.5000,45.5000,1.0000,60.0000,0,0.649599,0.02725,3.89759,0.064960,ok,0.186909,,0.186909,3.89759,3.4734,0.187751,3.84783,1,0,6.9157,literature,0.40,2.30870,5.38696
50,45,50.5000,45.5000,1.0000,60.0000,0,0.634640,0.02725,3.80784,0.063464,ok,0.188443,,0.188443,3.80784,3.4452,0.189255,3.76196,1,0,6.8607,literature,0.40,2.25718,5.26675
51,45,51.5000,45.5000,1.0000,60.0000,0,0.619719,0.02725,3.71831,0.061972,ok,0.190047,,0.190047,3.71831,3.4161,0.190790,3.67827,1,0,6.8056,literature,0.40,2.20696,5.14958
52,45,52.5000,45.5000,1.0000,60.0000,0,0.604909,0.02725,3.62946,0.060491,ok,0.191717,,0.191717,3.62946,3.3863,0.192333,3.59778,1,0,6.7510,literature,0.40,2.15867,5.03689
53,45,53.5000,45.5000,1.0000,60.0000,0,0.590287,0.02725,3.54172,0.059029,ok,0.193449,,0.193449,3.54172,3.3560,0.193856,3.52168,1,0,6.6979,literature,0.40,2.11301,4.93035
54,45,54.5000,45.5000,1.0000,60.0000,0,0.575927,0.02725,3.45556,0.057593,ok,0.195235,,0.195235,3.45556,3.3253,0.195331,3.45103,1,0,6.6473,literature,0.40,2.07062,4.83144
55,45,55.5000,45.5000,1.0000,60.0000,0,0.561903,0.02725,3.37142,0.056190,ok,0.197067,,0.197067,3.37142,3.2944,0.196715,3.38725,1,0,6.6006,literature,0.40,2.03235,4.74214
56,45,56.5000,45.5000,1.0000,60.0000,0,0.548291,0.02725,3.28974,0.054829,ok,0.198935,,0.198935,3.28974,3.2635,0.197983,3.33087,1,0,6.5583,literature,0.40,1.99852,4.66322
57,45,57.5000,45.5000,1.0000,60.0000,0,0.535165,0.02725,3.21099,0.053516,ok,0.200826,,0.200826,3.21099,3.2327,0.199113,3.28217,1,0,6.5211,literature,0.40,1.96930,4.59503
58,45,58.5000,45.5000,1.0000,60.0000,0,0.522600,0.02725,3.13560,0.052260,ok,0.202726,,0.202726,3.13560,3.2024,0.200097,3.24091,1,0,6.4890,literature,0.40,1.94455,4.53727
59,45,59.5000,45.5000,1.0000,60.0000,0,0.510670,0.02725,3.06402,0.051067,ok,0.204615,,0.204615,3.06402,3.1729,0.200936,3.20653,1,0,6.4619,literature,0.40,1.92392,4.48914
0,46,0.5000,46.5000,1.0000,60.0000,0,0.500317,0.02725,3.00190,0.050032,ok,0.206329,,0.206329,3.00190,3.1465,0.202590,3.14085,1,0,6.4091,literature,0.40,1.88451,4.39718
1,46,1.5000,46.5000,1.0000,60.0000,0,0.512004,0.02725,3.07203,0.051200,ok,0.204400,,0.204400,3.07203,3.1762,0.201732,3.17459,1,0,6.4364,literature,0.40,1.90475,4.44442
2,46,2.5000,46.5000,1.0000,60.0000,0,0.524315,0.02725,3.14589,0.052431,ok,0.202461,,0.202461,3.14589,3.2066,0.200724,3.21513,1,0,6.4687,literature,0.40,1.92908,4.50118
3,46,3.5000,46.5000,1.0000,60.0000,0,0.537174,0.02725,3.22305,0.053717,ok,0.200531,,0.200531,3.22305,3.2375,0.199566,3.26303,1,0,6.5063,literature,0.40,1.95782,4.56824
4,46,4.5000,46.5000,1.0000,60.0000,0,0.550511,0.02725,3.30306,0.055051,ok,0.198624,,0.198624,3.30306,3.2686,0.198267,3.31849,1,0,6.5489,literature,0.40,1.99110,4.64589
5,46,5.5000,46.5000,1.0000,60.0000,0,0.564250,0.02725,3.38550,0.056425,ok,0.196754,,0.196754,3.38550,3.2996,0.196848,3.38124,1,0,6.5961,literature,0.40,2.02874,4.73374
6,46,6.5000,46.5000,1.0000,60.0000,0,0.578320,0.02725,3.46992,0.057832,ok,0.194931,,0.194931,3.46992,3.3305,0.195342,3.45052,1,0,6.6470,literature,0.40,2.07031,4.83073
7,46,7.5000,46.5000,1.0000,60.0000,0,0.592645,0.02725,3.55587,0.059265,ok,0.193164,,0.193164,3.55587,3.3610,0.193780,3.52542,1,0,6.7005,literature,0.40,2.11525,4.93559
8,46,8.5000,46.5000,1.0000,60.0000,0,0.607154,0.02725,3.64293,0.060715,ok,0.191459,,0.191459,3.64293,3.3909,0.192204,3.60434,1,0,6.7555,literature,0.40,2.16260,5.04607
9,46,9.5000,46.5000,1.0000,60.0000,0,0.621773,0.02725,3.73064,0.062177,ok,0.189822,,0.189822,3.73064,3.4201,0.190641,3.68623,1,0,6.8109,literature,0.40,2.21174,5.16073
10,46,10.5000,46.5000,1.0000,60.0000,0,0.636429,0.02725,3.81857,0.063643,ok,0.188256,,0.188256,3.81857,3.4486,0.189110,3.77008,1,0,6.8660,literature,0.40,2.26205,5.27811
11,46,11.5000,46.5000,1.0000,60.0000,0,0.651048,0.02725,3.90629,0.065105,ok,0.186764,,0.186764,3.90629,3.4761,0.187627,3.85506,1,0,6.9203,literature,0.40,2.31303,5.39708
12,46,12.5000,46.5000,1.0000,60.0000,0,0.665557,0.02725,3.99334,0.066556,ok,0.185348,,0.185348,3.99334,3.5027,0.186193,3.94095,1,0,6.9736,literature,0.40,2.36457,5.51733
13,46,13.5000,46.5000,1.0000,60.0000,0,0.679883,0.02725,4.07930,0.067988,ok,0.184010,,0.184010,4.07930,3.5282,0.184823,4.02667,1,0,7.0253,literature,0.40,2.41600,5.63734
14,46,14.5000,46.5000,1.0000,60.0000,0,0.693952,0.02725,4.16371,0.069395,ok,0.182749,,0.182749,4.16371,3.5525,0.183517,4.11189,1,0,7.0753,literature,0.40,2.46713,5.75664
15,46,15.5000,46.5000,1.0000,60.0000,0,0.707691,0.02725,4.24615,0.070769,ok,0.181566,,0.181566,4.24615,3.5756,0.182277,4.19623,1,0,7.1234,literature,0.40,2.51774,5.87472
16,46,16.5000,46.5000,1.0000,60.0000,0,0.721028,0.02725,4.32617,0.072103,ok,0.180461,,0.180461,4.32617,3.5975,0.181104,4.27925,1,0,7.1695,literature,0.40,2.56755,5.99095
17,46,17.5000,46.5000,1.0000,60.0000,0,0.733888,0.02725,4.40333,0.073389,ok,0.179327,,0.179327,4.40333,3.6203,0.180001,4.36040,1,0,7.2135,literature,0.40,2.61624,6.10456
18,46,18.5000,46.5000,1.0000,60.0000,0,0.746198,0.02725,4.47719,0.074620,ok,0.178197,,0.178197,4.47719,3.6433,0.178969,4.42643,1,0,7.2550,literature,0.40,2.65586,6.19700
19,46,19.5000,46.5000,1.0000,60.0000,0,0.757885,0.02725,4.54731,0.075789,ok,0.177158,,0.177158,4.54731,3.6646,0.178011,4.48958,1,0,7.2941,literature,0.40,2.69375,6.28541
20,46,20.5000,46.5000,1.0000,60.0000,0,0.768876,0.02725,4.61326,0.076888,ok,0.176209,,0.176209,4.61326,3.6843,0.177137,4.54871,1,0,7.3301,literature,0.40,2.72922,6.36819
21,46,21.5000,46.5000,1.0000,60.0000,0,0.779097,0.02725,4.67458,0.077910,ok,0.175352,,0.175352,4.67458,3.7024,0.176333,4.60454,1,0,7.3635,literature,0.40,2.76272,6.44635
22,46,22.5000,46.5000,1.0000,60.0000,0,0.788476,0.02725,4.73086,0.078848,ok,0.174584,,0.174584,4.73086,3.7186,0.175610,4.65594,1,0,7.3938,literature,0.40,2.79356,6.51831
23,46,23.5000,46.5000,1.0000,60.0000,0,0.796938,0.02725,4.78163,0.079694,ok,0.173907,,0.173907,4.78163,3.7331,0.174970,4.70238,1,0,7.4209,literature,0.40,2.82143,6.58333
24,46,24.5000,46.5000,1.0000,60.0000,0,0.804411,0.02725,4.82647,0.080441,ok,0.173321,,0.173321,4.82647,3.7457,0.174416,4.74334,1,0,7.4444,literature,0.40,2.84600,6.64067
25,46,25.5000,46.5000,1.0000,60.0000,0,0.810821,0.02725,4.86493,0.081082,ok,0.172827,,0.172827,4.86493,3.7564,0.173951,4.77833,1,0,7.4644,literature,0.40,2.86700,6.68967
26,46,26.5000,46.5000,1.0000,60.0000,0,0.816095,0.02725,4.89657,0.081610,ok,0.172426,,0.172426,4.89657,3.7652,0.173575,4.80692,1,0,7.4805,literature,0.40,2.88415,6.72969
27,46,27.5000,46.5000,1.0000,60.0000,0,0.820160,0.02725,4.92096,0.082016,ok,0.172121,,0.172121,4.92096,3.7718,0.173292,4.82873,1,0,7.4927,literature,0.40,2.89724,6.76022
28,46,28.5000,46.5000,1.0000,60.0000,0,0.822942,0.02725,4.93765,0.082294,ok,0.171914,,0.171914,4.93765,3.7764,0.173102,4.84344,1,0,7.5009,literature,0.40,2.90606,6.78081
29,46,29.5000,46.5000,1.0000,60.0000,0,0.824368,0.02725,4.94621,0.082437,ok,0.171808,,0.171808,4.94621,3.7787,0.173007,4.85085,1,0,7.5051,literature,0.40,2.91051,6.79119
30,46,30.5000,46.5000,1.0000,60.0000,0,0.824368,0.02725,4.94621,0.082437,ok,0.171808,,0.171808,4.94621,3.7787,0.173007,4.85085,1,0,7.5051,literature,0.40,2.91051,6.79119
31,46,31.5000,46.5000,1.0000,60.0000,0,0.822942,0.02725,4.93765,0.082294,ok,0.171914,,0.171914,4.93765,3.7764,0.173102,4.84344,1,0,7.5009,literature,0.40,2.90606,6.78081
32,46,32.5000,46.5000,1.0000,60.0000,0,0.820160,0.02725,4.92096,0.082016,ok,0.172121,,0.172121,4.92096,3.7718,0.173292,4.82873,1,0,7.4927,literature,0.40,2.89724,6.76022
33,46,33.5000,46.5000,1.0000,60.0000,0,0.816095,0.02725,4.89657,0.081610,ok,0.172426,,0.172426,4.89657,3.7652,0.173575,4.80692,1,0,7.4805,literature,0.40,2.88415,6.72969
34,46,34.5000,46.5000,1.0000,60.0000,0,0.810821,0.02725,4.86493,0.081082,ok,0.172827,,0.172827,4.86493,3.7564,0.173951,4.77833,1,0,7.4644,literature,0.40,2.86700,6.68967
35,46,35.5000,46.5000,1.0000,60.0000,0,0.804411,0.02725,4.82647,0.080441,ok,0.173321,,0.173321,4.82647,3.7457,0.174416,4.74334,1,0,7.4444,literature,0.40,2.84600,6.64067
36,46,36.5000,46.5000,1.0000,60.0000,0,0.796938,0.02725,4.78163,0.079694,ok,0.173907,,0.173907,4.78163,3.7331,0.174970,4.70238,1,0,7.4209,literature,0.40,2.82143,6.58333
37,46,37.5000,46.5000,1.0000,60.0000,0,0.788476,0.02725,4.73086,0.078848,ok,0.174584,,0.174584,4.73086,3.7186,0.175610,4.65594,1,0,7.3938,literature,0.40,2.79356,6.51831
38,46,38.5000,46.5000,1.0000,60.0000,0,0.779097,0.02725,4.67458,0.077910,ok,0.175352,,0.175352,4.67458,3.7024,0.176333,4.60454,1,0,7.3635,literature,0.40,2.76272,6.44635
39,46,39.5000,46.5000,1.0000,60.0000,0,0.768876,0.02725,4.61326,0.076888,ok,0.176209,,0.176209,4.61326,3.6843,0.177137,4.54871,1,0,7.3301,literature,0.40,2.72922,6.36819
40,46,40.5000,46.5000,1.0000,60.0000,0,0.757885,0.02725,4.54731,0.075789,ok,0.177158,,0.177158,4.54731,3.6646,0.178011,4.48958,1,0,7.2941,literature,0.40,2.69375,6.28541
41,46,41.5000,46.5000,1.0000,60.0000,0,0.746198,0.02725,4.47719,0.074620,ok,0.178197,,0.178197,4.47719,3.6433,0.178969,4.42643,1,0,7.2550,literature,0.40,2.65586,6.19700
42,46,42.5000,46.5000,1.0000,60.0000,0,0.733888,0.02725,4.40333,0.073389,ok,0.179327,,0.179327,4.40333,3.6203,0.180001,4.36040,1,0,7.2135,literature,0.40,2.61624,6.10456
43,46,43.5000,46.5000,1.0000,60.0000,0,0.721028,0.02725,4.32617,0.072103,ok,0.180461,,0.180461,4.32617,3.5975,0.181104,4.27925,1,0,7.1695,literature,0.40,2.56755,5.99095
44,46,44.5000,46.5000,1.0000,60.0000,0,0.707691,0.02725,4.24615,0.070769,ok,0.181566,,0.181566,4.24615,3.5756,0.182277,4.19623,1,0,7.1234,literature,0.40,2.51774,5.87472
45,46,45.5000,46.5000,1.0000,60.0000,0,0.693952,0.02725,4.16371,0.069395,ok,0.182749,,0.182749,4.16371,3.5525,0.183517,4.11189,1,0,7.0753,literature,0.40,2.46713,5.75664
46,46,46.5000,46.5000,1.0000,60.0000,0,0.679883,0.02725,4.07930,0.067988,ok,0.184010,,0.184010,4.07930,3.5282,0.184823,4.02667,1,0,7.0253,literature,0.40,2.41600,5.63734
47,46,47.5000,46.5000,1.0000,60.0000,0,0.665557,0.02725,3.99334,0.066556,ok,0.185348,,0.185348,3.99334,3.5027,0.186193,3.94095,1,0,6.9736,literature,0.40,2.36457,5.51733
48,46,48.5000,46.5000,1.0000,60.0000,0,0.651048,0.02725,3.90629,0.065105,ok,0.186764,,0.186764,3.90629,3.4761,0.187627,3.85506,1,0,6.9203,literature,0.40,2.31303,5.39708
49,46,49.5000,46.5000,1.0000,60.0000,0,0.636429,0.02725,3.81857,0.063643,ok,0.188256,,0.188256,3.81857,3.4486,0.189110,3.77008,1,0,6.8660,literature,0.40,2.26205,5.27811
50,46,50.5000,46.5000,1.0000,60.0000,0,0.621773,0.02725,3.73064,0.062177,ok,0.189822,,0.189822,3.73064,3.4201,0.190641,3.68623,1,0,6.8109,literature,0.40,2.21174,5.16073
51,46,51.5000,46.5000,1.0000,60.0000,0,0.607154,0.02725,3.64293,0.060715,ok,0.191459,,0.191459,3.64293,3.3909,0.192204,3.60434,1,0,6.7555,literature,0.40,2.16260,5.04607
52,46,52.5000,46.5000,1.0000,60.0000,0,0.592645,0.02725,3.55587,0.059265,ok,0.193164,,0.193164,3.55587,3.3610,0.193780,3.52542,1,0,6.7005,literature,0.40,2.11525,4.93559
53,46,53.5000,46.5000,1.0000,60.0000,0,0.578320,0.02725,3.46992,0.057832,ok,0.194931,,0.194931,3.46992,3.3305,0.195342,3.45052,1,0,6.6470,literature,0.40,2.07031,4.83073
54,46,54.5000,46.5000,1.0000,60.0000,0,0.564250,0.02725,3.38550,0.056425,ok,0.196754,,0.196754,3.38550,3.2996,0.196848,3.38124,1,0,6.5961,literature,0.40,2.02874,4.73374
55,46,55.5000,46.5000,1.0000,60.0000,0,0.550511,0.02725,3.30306,0.055051,ok,0.198624,,0.198624,3.30306,3.2686,0.198267,3.31849,1,0,6.5489,literature,0.40,1.99110,4.64589
56,46,56.5000,46.5000,1.0000,60.0000,0,0.537174,0.02725,3.22305,0.053717,ok,0.200531,,0.200531,3.22305,3.2375,0.199566,3.26303,1,0,6.5063,literature,0.40,1.95782,4.56824
57,46,57.5000,46.5000,1.0000,60.0000,0,0.524315,0.02725,3.14589,0.052431,ok,0.202461,,0.202461,3.14589,3.2066,0.200724,3.21513,1,0,6.4687,literature,0.40,1.92908,4.50118
58,46,58.5000,46.5000,1.0000,60.0000,0,0.512004,0.02725,3.07203,0.051200,ok,0.204400,,0.204400,3.07203,3.1762,0.201732,3.17459,1,0,6.4364,literature,0.40,1.90475,4.44442
59,46,59.5000,46.5000,1.0000,60.0000,0,0.500317,0.02725,3.00190,0.050032,ok,0.206329,,0.206329,3.00190,3.1465,0.202590,3.14085,1,0,6.4091,literature,0.40,1.88451,4.39718
0,47,0.5000,47.5000,1.0000,60.0000,0,0.489775,0.02725,2.93865,0.048977,ok,0.208148,,0.208148,2.93865,3.1190,0.204346,3.07405,1,0,6.3541,literature,0.40,1.84443,4.30367
1,47,1.5000,47.5000,1.0000,60.0000,0,0.501216,0.02725,3.00730,0.050122,ok,0.206177,,0.206177,3.00730,3.1488,0.203467,3.10714,1,0,6.3815,literature,0.40,1.86428,4.34999
2,47,2.5000,47.5000,1.0000,60.0000,0,0.513267,0.02725,3.07960,0.051327,ok,0.204197,,0.204197,3.07960,3.1794,0.202434,3.14695,1,0,6.4141,literature,0.40,1.88817,4.40573
3,47,3.5000,47.5000,1.0000,60.0000,0,0.525856,0.02725,3.15513,0.052586,ok,0.202225,,0.202225,3.15513,3.2104,0.201245,3.19404,1,0,6.4520,literature,0.40,1.91642,4.47165
4,47,4.5000,47.5000,1.0000,60.0000,0,0.538911,0.02725,3.23347,0.053891,ok,0.200277,,0.200277,3.23347,3.2416,0.199912,3.24859,1,0,6.4950,literature,0.40,1.94915,4.54802
5,47,5.5000,47.5000,1.0000,60.0000,0,0.552361,0.02725,3.31417,0.055236,ok,0.198367,,0.198367,3.31417,3.2728,0.198456,3.31029,1,0,6.5427,literature,0.40,1.98618,4.63441
6,47,6.5000,47.5000,1.0000,60.0000,0,0.566134,0.02725,3.39680,0.056613,ok,0.196504,,0.196504,3.39680,3.3038,0.196912,3.37839,1,0,6.5940,literature,0.40,2.02703,4.72974
7,47,7.5000,47.5000,1.0000,60.0000,0,0.580158,0.02725,3.48095,0.058016,ok,0.194699,,0.194699,3.48095,3.3345,0.195312,3.45192,1,0,6.6480,literature,0.40,2.07115,4.83269
8,47,8.5000,47.5000,1.0000,60.0000,0,0.594361,0.02725,3.56617,0.059436,ok,0.192958,,0.192958,3.56617,3.3645,0.193701,3.52930,1,0,6.7033,literature,0.40,2.11758,4.94101
9,47,9.5000,47.5000,1.0000,60.0000,0,0.608672,0.02725,3.65203,0.060867,ok,0.191285,,0.191285,3.65203,3.3940,0.192104,3.60946,1,0,6.7590,literature,0.40,2.16568,5.05325
10,47,10.5000,47.5000,1.0000,60.0000,0,0.623019,0.02725,3.73811,0.062302,ok,0.189686,,0.189686,3.73811,3.4226,0.190545,3.69138,1,0,6.8143,literature,0.40,2.21483,5.16793
11,47,11.5000,47.5000,1.0000,60.0000,0,0.637330,0.02725,3.82398,0.063733,ok,0.188162,,0.188162,3.82398,3.4503,0.189036,3.77423,1,0,6.8687,literature,0.40,2.26454,5.28392
12,47,12.5000,47.5000,1.0000,60.0000,0,0.651533,0.02725,3.90920,0.065153,ok,0.186716,,0.186716,3.90920,3.4770,0.187581,3.85777,1,0,6.9220,literature,0.40,2.31466,5.40087
13,47,13.5000,47.5000,1.0000,60.0000,0,0.665557,0.02725,3.99334,0.066556,ok,0.185348,,0.185348,3.99334,3.5027,0.186193,3.94095,1,0,6.9736,literature,0.40,2.36457,5.51733
14,47,14.5000,47.5000,1.0000,60.0000,0,0.679330,0.02725,4.07598,0.067933,ok,0.184060,,0.184060,4.07598,3.5272,0.184873,4.02347,1,0,7.0234,literature,0.40,2.41408,5.63285
15,47,15.5000,47.5000,1.0000,60.0000,0,0.692780,0.02725,4.15668,0.069278,ok,0.182852,,0.182852,4.15668,3.5505,0.183621,4.10496,1,0,7.0712,literature,0.40,2.46297,5.74694
16,47,16.5000,47.5000,1.0000,60.0000,0,0.705835,0.02725,4.23501,0.070583,ok,0.181723,,0.181723,4.23501,3.5725,0.182439,4.18503,1,0,7.1171,literature,0.40,2.51102,5.85904
17,47,17.5000,47.5000,1.0000,60.0000,0,0.718424,0.02725,4.31054,0.071842,ok,0.180674,,0.180674,4.31054,3.5933,0.181327,4.26323,1,0,7.1607,literature,0.40,2.55794,5.96852
18,47,18.5000,47.5000,1.0000,60.0000,0,0.730475,0.02725,4.38285,0.073047,ok,0.179647,,0.179647,4.38285,3.6138,0.180287,4.33902,1,0,7.2020,literature,0.40,2.60341,6.07463
19,47,19.5000,47.5000,1.0000,60.0000,0,0.741916,0.02725,4.45149,0.074192,ok,0.178585,,0.178585,4.45149,3.6353,0.179323,4.40356,1,0,7.2407,literature,0.40,2.64214,6.16499
20,47,20.5000,47.5000,1.0000,60.0000,0,0.752675,0.02725,4.51605,0.075268,ok,0.177617,,0.177617,4.51605,3.6551,0.178435,4.46143,1,0,7.2768,literature,0.40,2.67686,6.24600
21,47,21.5000,47.5000,1.0000,60.0000,0,0.762681,0.02725,4.57609,0.076268,ok,0.176741,,0.176741,4.57609,3.6733,0.177634,4.51490,1,0,7.3096,literature,0.40,2.70894,6.32086
22,47,22.5000,47.5000,1.0000,60.0000,0,0.771862,0.02725,4.63117,0.077186,ok,0.175957,,0.175957,4.63117,3.6896,0.176906,4.56467,1,0,7.3397,literature,0.40,2.73880,6.39053
23,47,23.5000,47.5000,1.0000,60.0000,0,0.780146,0.02725,4.68088,0.078015,ok,0.175265,,0.175265,4.68088,3.7042,0.176261,4.60964,1,0,7.3665,literature,0.40,2.76579,6.45350
24,47,24.5000,47.5000,1.0000,60.0000,0,0.787461,0.02725,4.72477,0.078746,ok,0.174666,,0.174666,4.72477,3.7169,0.175702,4.64933,1,0,7.3899,literature,0.40,2.78960,6.50907
25,47,25.5000,47.5000,1.0000,60.0000,0,0.793736,0.02725,4.76242,0.079374,ok,0.174162,,0.174162,4.76242,3.7277,0.175232,4.68326,1,0,7.4098,literature,0.40,2.80996,6.55656
26,47,26.5000,47.5000,1.0000,60.0000,0,0.798899,0.02725,4.79340,0.079890,ok,0.173752,,0.173752,4.79340,3.7364,0.174853,4.71099,1,0,7.4258,literature,0.40,2.82659,6.59539
27,47,27.5000,47.5000,1.0000,60.0000,0,0.802878,0.02725,4.81727,0.080288,ok,0.173440,,0.173440,4.81727,3.7432,0.174567,4.73215,1,0,7.4380,literature,0.40,2.83929,6.62500
28,47,28.5000,47.5000,1.0000,60.0000,0,0.805602,0.02725,4.83361,0.080560,ok,0.173229,,0.173229,4.83361,3.7477,0.174375,4.74642,1,0,7.4462,literature,0.40,2.84785,6.64499
29,47,29.5000,47.5000,1.0000,60.0000,0,0.806998,0.02725,4.84199,0.080700,ok,0.173121,,0.173121,4.84199,3.7501,0.174279,4.75362,1,0,7.4503,literature,0.40,2.85217,6.65506
30,47,30.5000,47.5000,1.0000,60.0000,0,0.806998,0.02725,4.84199,0.080700,ok,0.173121,,0.173121,4.84199,3.7501,0.174279,4.75362,1,0,7.4503,literature,0.40,2.85217,6.65506
31,47,31.5000,47.5000,1.0000,60.0000,0,0.805602,0.02725,4.83361,0.080560,ok,0.173229,,0.173229,4.83361,3.7477,0.174375,4.74642,1,0,7.4462,literature,0.40,2.84785,6.64499
32,47,32.5000,47.5000,1.0000,60.0000,0,0.802878,0.02725,4.81727,0.080288,ok,0.173440,,0.173440,4.81727,3.7432,0.174567,4.73215,1,0,7.4380,literature,0.40,2.83929,6.62500
33,47,33.5000,47.5000,1.0000,60.0000,0,0.798899,0.02725,4.79340,0.079890,ok,0.173752,,0.173752,4.79340,3.7364,0.174853,4.71099,1,0,7.4258,literature,0.40,2.82659,6.59539
34,47,34.5000,47.5000,1.0000,60.0000,0,0.793736,0.02725,4.76242,0.079374,ok,0.174162,,0.174162,4.76242,3.7277,0.175232,4.68326,1,0,7.4098,literature,0.40,2.80996,6.55656
35,47,35.5000,47.5000,1.0000,60.0000,0,0.787461,0.02725,4.72477,0.078746,ok,0.174666,,0.174666,4.72477,3.7169,0.175702,4.64933,1,0,7.3899,literature,0.40,2.78960,6.50907
36,47,36.5000,47.5000,1.0000,60.0000,0,0.780146,0.02725,4.68088,0.078015,ok,0.175265,,0.175265,4.68088,3.7042,0.176261,4.60964,1,0,7.3665,literature,0.40,2.76579,6.45350
37,47,37.5000,47.5000,1.0000,60.0000,0,0.771862,0.02725,4.63117,0.077186,ok,0.175957,,0.175957,4.63117,3.6896,0.176906,4.56467,1,0,7.3397,literature,0.40,2.73880,6.39053
38,47,38.5000,47.5000,1.0000,60.0000,0,0.762681,0.02725,4.57609,0.076268,ok,0.176741,,0.176741,4.57609,3.6733,0.177634,4.51490,1,0,7.3096,literature,0.40,2.70894,6.32086
39,47,39.5000,47.5000,1.0000,60.0000,0,0.752675,0.02725,4.51605,0.075268,ok,0.177617,,0.177617,4.51605,3.6551,0.178435,4.46143,1,0,7.2768,literature,0.40,2.67686,6.24600
40,47,40.5000,47.5000,1.0000,60.0000,0,0.741916,0.02725,4.45149,0.074192,ok,0.178585,,0.178585,4.45149,3.6353,0.179323,4.40356,1,0,7.2407,literature,0.40,2.64214,6.16499
41,47,41.5000,47.5000,1.0000,60.0000,0,0.730475,0.02725,4.38285,0.073047,ok,0.179647,,0.179647,4.38285,3.6138,0.180287,4.33902,1,0,7.2020,literature,0.40,2.60341,6.07463
42,47,42.5000,47.5000,1.0000,60.0000,0,0.718424,0.02725,4.31054,0.071842,ok,0.180674,,0.180674,4.31054,3.5933,0.181327,4.26323,1,0,7.1607,literature,0.40,2.55794,5.96852
43,47,43.5000,47.5000,1.0000,60.0000,0,0.705835,0.02725,4.23501,0.070583,ok,0.181723,,0.181723,4.23501,3.5725,0.182439,4.18503,1,0,7.1171,literature,0.40,2.51102,5.85904
44,47,44.5000,47.5000,1.0000,60.0000,0,0.692780,0.02725,4.15668,0.069278,ok,0.182852,,0.182852,4.15668,3.5505,0.183621,4.10496,1,0,7.0712,literature,0.40,2.46297,5.74694
45,47,45.5000,47.5000,1.0000,60.0000,0,0.679330,0.02725,4.07598,0.067933,ok,0.184060,,0.184060,4.07598,3.5272,0.184873,4.02347,1,0,7.0234,literature,0.40,2.41408,5.63285
46,47,46.5000,47.5000,1.0000,60.0000,0,0.665557,0.02725,3.99334,0.066556,ok,0.185348,,0.185348,3.99334,3.5027,0.186193,3.94095,1,0,6.9736,literature,0.40,2.36457,5.51733
47,47,47.5000,47.5000,1.0000,60.0000,0,0.651533,0.02725,3.90920,0.065153,ok,0.186716,,0.186716,3.90920,3.4770,0.187581,3.85777,1,0,6.9220,literature,0.40,2.31466,5.40087
48,47,48.5000,47.5000,1.0000,60.0000,0,0.637330,0.02725,3.82398,0.063733,ok,0.188162,,0.188162,3.82398,3.4503,0.189036,3.77423,1,0,6.8687,literature,0.40,2.26454,5.28392
49,47,49.5000,47.5000,1.0000,60.0000,0,0.623019,0.02725,3.73811,0.062302,ok,0.189686,,0.189686,3.73811,3.4226,0.190545,3.69138,1,0,6.8143,literature,0.40,2.21483,5.16793
50,47,50.5000,47.5000,1.0000,60.0000,0,0.608672,0.02725,3.65203,0.060867,ok,0.191285,,0.191285,3.65203,3.3940,0.192104,3.60946,1,0,6.7590,literature,0.40,2.16568,5.05325
51,47,51.5000,47.5000,1.0000,60.0000,0,0.594361,0.02725,3.56617,0.059436,ok,0.192958,,0.192958,3.56617,3.3645,0.193701,3.52930,1,0,6.7033,literature,0.40,2.11758,4.94101
52,47,52.5000,47.5000,1.0000,60.0000,0,0.580158,0.02725,3.48095,0.058016,ok,0.194699,,0.194699,3.48095,3.3345,0.195312,3.45192,1,0,6.6480,literature,0.40,2.07115,4.83269
53,47,53.5000,47.5000,1.0000,60.0000,0,0.566134,0.02725,3.39680,0.056613,ok,0.196504,,0.196504,3.39680,3.3038,0.196912,3.37839,1,0,6.5940,literature,0.40,2.02703,4.72974
54,47,54.5000,47.5000,1.0000,60.0000,0,0.552361,0.02725,3.31417,0.055236,ok,0.198367,,0.198367,3.31417,3.2728,0.198456,3.31029,1,0,6.5427,literature,0.40,1.98618,4.63441
55,47,55.5000,47.5000,1.0000,60.0000,0,0.538911,0.02725,3.23347,0.053891,ok,0.200277,,0.200277,3.23347,3.2416,0.199912,3.24859,1,0,6.4950,literature,0.40,1.94915,4.54802
56,47,56.5000,47.5000,1.0000,60.0000,0,0.525856,0.02725,3.15513,0.052586,ok,0.202225,,0.202225,3.15513,3.2104,0.201245,3.19404,1,0,6.4520,literature,0.40,1.91642,4.47165
57,47,57.5000,47.5000,1.0000,60.0000,0,0.513267,0.02725,3.07960,0.051327,ok,0.204197,,0.204197,3.07960,3.1794,0.202434,3.14695,1,0,6.4141,literature,0.40,1.88817,4.40573
58,47,58.5000,47.5000,1.0000,60.0000,0,0.501216,0.02725,3.00730,0.050122,ok,0.206177,,0.206177,3.00730,3.1488,0.203467,3.10714,1,0,6.3815,literature,0.40,1.86428,4.34999
59,47,59.5000,47.5000,1.0000,60.0000,0,0.489775,0.02725,2.93865,0.048977,ok,0.208148,,0.208148,2.93865,3.1190,0.204346,3.07405,1,0,6.3541,literature,0.40,1.84443,4.30367
0,48,0.5000,48.5000,1.0000,60.0000,0,0.479098,0.02725,2.87459,0.047910,ok,0.210071,,0.210071,2.87459,3.0904,0.206200,3.00649,1,0,6.2970,literature,0.40,1.80390,4.20909
1,48,1.5000,48.5000,1.0000,60.0000,0,0.490289,0.02725,2.94174,0.049029,ok,0.208057,,0.208057,2.94174,3.1204,0.205299,3.03892,1,0,6.3246,literature,0.40,1.82335,4.25449
2,48,2.5000,48.5000,1.0000,60.0000,0,0.502078,0.02725,3.01247,0.050208,ok,0.206032,,0.206032,3.01247,3.1510,0.204240,3.07800,1,0,6.3574,literature,0.40,1.84680,4.30920
3,48,3.5000,48.5000,1.0000,60.0000,0,0.514392,0.02725,3.08635,0.051439,ok,0.204016,,0.204016,3.08635,3.1822,0.203019,3.12427,1,0,6.3956,literature,0.40,1.87456,4.37398
4,48,4.5000,48.5000,1.0000,60.0000,0,0.527163,0.02725,3.16298,0.052716,ok,0.202025,,0.202025,3.16298,3.2135,0.201649,3.17789,1,0,6.4391,literature,0.40,1.90674,4.44905
5,48,5.5000,48.5000,1.0000,60.0000,0,0.540320,0.02725,3.24192,0.054032,ok,0.200072,,0.200072,3.24192,3.2449,0.200154,3.23856,1,0,6.4872,literature,0.40,1.94313,4.53398
6,48,6.5000,48.5000,1.0000,60.0000,0,0.553792,0.02725,3.32275,0.055379,ok,0.198169,,0.198169,3.32275,3.2761,0.198568,3.30546,1,0,6.5390,literature,0.40,1.98328,4.62765
7,48,7.5000,48.5000,1.0000,60.0000,0,0.567510,0.02725,3.40506,0.056751,ok,0.196323,,0.196323,3.40506,3.3069,0.196932,3.37748,1,0,6.5933,literature,0.40,2.02649,4.72847
8,48,8.5000,48.5000,1.0000,60.0000,0,0.581404,0.02725,3.48842,0.058140,ok,0.194543,,0.194543,3.48842,3.3371,0.195278,3.45351,1,0,6.6491,literature,0.40,2.07210,4.83491
9,48,9.5000,48.5000,1.0000,60.0000,0,0.595403,0.02725,3.57242,0.059540,ok,0.192833,,0.192833,3.57242,3.3667,0.193646,3.53199,1,0,6.7052,literature,0.40,2.11920,4.94479
10,48,10.5000,48.5000,1.0000,60.0000,0,0.609437,0.02725,3.65662,0.060944,ok,0.191198,,0.191198,3.65662,3.3955,0.192054,3.61207,1,0,6.7608,literature,0.40,2.16724,5.05689
11,48,11.5000,48.5000,1.0000,60.0000,0,0.623436,0.02725,3.74062,0.062344,ok,0.189640,,0.189640,3.74062,3.4234,0.190516,3.69291,1,0,6.8153,literature,0.40,2.21575,5.17007
12,48,12.5000,48.5000,1.0000,60.0000,0,0.637330,0.02725,3.82398,0.063733,ok,0.188162,,0.188162,3.82398,3.4503,0.189036,3.77423,1,0,6.8687,literature,0.40,2.26454,5.28392
13,48,13.5000,48.5000,1.0000,60.0000,0,0.651048,0.02725,3.90629,0.065105,ok,0.186764,,0.186764,3.90629,3.4761,0.187627,3.85506,1,0,6.9203,literature,0.40,2.31303,5.39708
14,48,14.5000,48.5000,1.0000,60.0000,0,0.664520,0.02725,3.98712,0.066452,ok,0.185447,,0.185447,3.98712,3.5008,0.186289,3.93506,1,0,6.9700,literature,0.40,2.36103,5.50908
15,48,15.5000,48.5000,1.0000,60.0000,0,0.677677,0.02725,4.06606,0.067768,ok,0.184212,,0.184212,4.06606,3.5243,0.185023,4.01389,1,0,7.0177,literature,0.40,2.40834,5.61945
16,48,16.5000,48.5000,1.0000,60.0000,0,0.690448,0.02725,4.14269,0.069045,ok,0.183058,,0.183058,4.14269,3.5465,0.183829,4.09119,1,0,7.0632,literature,0.40,2.45472,5.72767
17,48,17.5000,48.5000,1.0000,60.0000,0,0.702762,0.02725,4.21657,0.070276,ok,0.181985,,0.181985,4.21657,3.5674,0.182708,4.16655,1,0,7.1066,literature,0.40,2.49993,5.83317
18,48,18.5000,48.5000,1.0000,60.0000,0,0.714551,0.02725,4.28730,0.071455,ok,0.180993,,0.180993,4.28730,3.5870,0.181660,4.23950,1,0,7.1476,literature,0.40,2.54370,5.93529
19,48,19.5000,48.5000,1.0000,60.0000,0,0.725742,0.02725,4.35445,0.072574,ok,0.180080,,0.180080,4.35445,3.6051,0.180688,4.30953,1,0,7.1861,literature,0.40,2.58572,6.03334
20,48,20.5000,48.5000,1.0000,60.0000,0,0.736267,0.02725,4.41760,0.073627,ok,0.179105,,0.179105,4.41760,3.6248,0.179793,4.37353,1,0,7.2218,literature,0.40,2.62412,6.12294
21,48,21.5000,48.5000,1.0000,60.0000,0,0.746055,0.02725,4.47633,0.074605,ok,0.178210,,0.178210,4.47633,3.6430,0.178978,4.42583,1,0,7.2547,literature,0.40,2.65550,6.19616
22,48,22.5000,48.5000,1.0000,60.0000,0,0.755036,0.02725,4.53021,0.075504,ok,0.177408,,0.177408,4.53021,3.6594,0.178245,4.47398,1,0,7.2845,literature,0.40,2.68439,6.26358
23,48,23.5000,48.5000,1.0000,60.0000,0,0.763139,0.02725,4.57883,0.076314,ok,0.176701,,0.176701,4.57883,3.6741,0.177595,4.51755,1,0,7.3112,literature,0.40,2.71053,6.32457
24,48,24.5000,48.5000,1.0000,60.0000,0,0.770295,0.02725,4.62177,0.077029,ok,0.176089,,0.176089,4.62177,3.6869,0.177032,4.55596,1,0,7.3344,literature,0.40,2.73357,6.37834
25,48,25.5000,48.5000,1.0000,60.0000,0,0.776433,0.02725,4.65860,0.077643,ok,0.175573,,0.175573,4.65860,3.6977,0.176558,4.58880,1,0,7.3541,literature,0.40,2.75328,6.42432
26,48,26.5000,48.5000,1.0000,60.0000,0,0.781484,0.02725,4.68890,0.078148,ok,0.175155,,0.175155,4.68890,3.7065,0.176176,4.61565,1,0,7.3701,literature,0.40,2.76939,6.46192
27,48,27.5000,48.5000,1.0000,60.0000,0,0.785376,0.02725,4.71226,0.078538,ok,0.174836,,0.174836,4.71226,3.7133,0.175887,4.63615,1,0,7.3822,literature,0.40,2.78169,6.49060
28,48,28.5000,48.5000,1.0000,60.0000,0,0.788040,0.02725,4.72824,0.078804,ok,0.174619,,0.174619,4.72824,3.7179,0.175693,4.64998,1,0,7.3903,literature,0.40,2.78999,6.50997
29,48,29.5000,48.5000,1.0000,60.0000,0,0.789406,0.02725,4.73643,0.078941,ok,0.174509,,0.174509,4.73643,3.7202,0.175596,4.65695,1,0,7.3944,literature,0.40,2.79417,6.51973
30,48,30.5000,48.5000,1.0000,60.0000,0,0.789406,0.02725,4.73643,0.078941,ok,0.174509,,0.174509,4.73643,3.7202,0.175596,4.65695,1,0,7.3944,literature,0.40,2.79417,6.51973
31,48,31.5000,48.5000,1.0000,60.0000,0,0.788040,0.02725,4.72824,0.078804,ok,0.174619,,0.174619,4.72824,3.7179,0.175693,4.64998,1,0,7.3903,literature,0.40,2.78999,6.50997
32,48,32.5000,48.5000,1.0000,60.0000,0,0.785376,0.02725,4.71226,0.078538,ok,0.174836,,0.174836,4.71226,3.7133,0.175887,4.63615,1,0,7.3822,literature,0.40,2.78169,6.49060
33,48,33.5000,48.5000,1.0000,60.0000,0,0.781484,0.02725,4.68890,0.078148,ok,0.175155,,0.175155,4.68890,3.7065,0.176176,4.61565,1,0,7.3701,literature,0.40,2.76939,6.46192
34,48,34.5000,48.5000,1.0000,60.0000,0,0.776433,0.02725,4.65860,0.077643,ok,0.175573,,0.175573,4.65860,3.6977,0.176558,4.58880,1,0,7.3541,literature,0.40,2.75328,6.42432
35,48,35.5000,48.5000,1.0000,60.0000,0,0.770295,0.02725,4.62177,0.077029,ok,0.176089,,0.176089,4.62177,3.6869,0.177032,4.55596,1,0,7.3344,literature,0.40,2.73357,6.37834
36,48,36.5000,48.5000,1.0000,60.0000,0,0.763139,0.02725,4.57883,0.076314,ok,0.176701,,0.176701,4.57883,3.6741,0.177595,4.51755,1,0,7.3112,literature,0.40,2.71053,6.32457
37,48,37.5000,48.5000,1.0000,60.0000,0,0.755036,0.02725,4.53021,0.075504,ok,0.177408,,0.177408,4.53021,3.6594,0.178245,4.47398,1,0,7.2845,literature,0.40,2.68439,6.26358
38,48,38.5000,48.5000,1.0000,60.0000,0,0.746055,0.02725,4.47633,0.074605,ok,0.178210,,0.178210,4.47633,3.6430,0.178978,4.42583,1,0,7.2547,literature,0.40,2.65550,6.19616
39,48,39.5000,48.5000,1.0000,60.0000,0,0.736267,0.02725,4.41760,0.073627,ok,0.179105,,0.179105,4.41760,3.6248,0.179793,4.37353,1,0,7.2218,literature,0.40,2.62412,6.12294
40,48,40.5000,48.5000,1.0000,60.0000,0,0.725742,0.02725,4.35445,0.072574,ok,0.180080,,0.180080,4.35445,3.6051,0.180688,4.30953,1,0,7.1861,literature,0.40,2.58572,6.03334
41,48,41.5000,48.5000,1.0000,60.0000,0,0.714551,0.02725,4.28730,0.071455,ok,0.180993,,0.180993,4.28730,3.5870,0.181660,4.23950,1,0,7.1476,literature,0.40,2.54370,5.93529
42,48,42.5000,48.5000,1.0000,60.0000,0,0.702762,0.02725,4.21657,0.070276,ok,0.181985,,0.181985,4.21657,3.5674,0.182708,4.16655,1,0,7.1066,literature,0.40,2.49993,5.83317
43,48,43.5000,48.5000,1.0000,60.0000,0,0.690448,0.02725,4.14269,0.069045,ok,0.183058,,0.183058,4.14269,3.5465,0.183829,4.09119,1,0,7.0632,literature,0.40,2.45472,5.72767
44,48,44.5000,48.5000,1.0000,60.0000,0,0.677677,0.02725,4.06606,0.067768,ok,0.184212,,0.184212,4.06606,3.5243,0.185023,4.01389,1,0,7.0177,literature,0.40,2.40834,5.61945
45,48,45.5000,48.5000,1.0000,60.0000,0,0.664520,0.02725,3.98712,0.066452,ok,0.185447,,0.185447,3.98712,3.5008,0.186289,3.93506,1,0,6.9700,literature,0.40,2.36103,5.50908
46,48,46.5000,48.5000,1.0000,60.0000,0,0.651048,0.02725,3.90629,0.065105,ok,0.186764,,0.186764,3.90629,3.4761,0.187627,3.85506,1,0,6.9203,literature,0.40,2.31303,5.39708
47,48,47.5000,48.5000,1.0000,60.0000,0,0.637330,0.02725,3.82398,0.063733,ok,0.188162,,0.188162,3.82398,3.4503,0.189036,3.77423,1,0,6.8687,literature,0.40,2.26454,5.28392
48,48,48.5000,48.5000,1.0000,60.0000,0,0.623436,0.02725,3.74062,0.062344,ok,0.189640,,0.189640,3.74062,3.4234,0.190516,3.69291,1,0,6.8153,literature,0.40,2.21575,5.17007
49,48,49.5000,48.5000,1.0000,60.0000,0,0.609437,0.02725,3.65662,0.060944,ok,0.191198,,0.191198,3.65662,3.3955,0.192054,3.61207,1,0,6.7608,literature,0.40,2.16724,5.05689
50,48,50.5000,48.5000,1.0000,60.0000,0,0.595403,0.02725,3.57242,0.059540,ok,0.192833,,0.192833,3.57242,3.3667,0.193646,3.53199,1,0,6.7052,literature,0.40,2.11920,4.94479
51,48,51.5000,48.5000,1.0000,60.0000,0,0.581404,0.02725,3.48842,0.058140,ok,0.194543,,0.194543,3.48842,3.3371,0.195278,3.45351,1,0,6.6491,literature,0.40,2.07210,4.83491
52,48,52.5000,48.5000,1.0000,60.0000,0,0.567510,0.02725,3.40506,0.056751,ok,0.196323,,0.196323,3.40506,3.3069,0.196932,3.37748,1,0,6.5933,literature,0.40,2.02649,4.72847
53,48,53.5000,48.5000,1.0000,60.0000,0,0.553792,0.02725,3.32275,0.055379,ok,0.198169,,0.198169,3.32275,3.2761,0.198568,3.30546,1,0,6.5390,literature,0.40,1.98328,4.62765
54,48,54.5000,48.5000,1.0000,60.0000,0,0.540320,0.02725,3.24192,0.054032,ok,0.200072,,0.200072,3.24192,3.2449,0.200154,3.23856,1,0,6.4872,literature,0.40,1.94313,4.53398
55,48,55.5000,48.5000,1.0000,60.0000,0,0.527163,0.02725,3.16298,0.052716,ok,0.202025,,0.202025,3.16298,3.2135,0.201649,3.17789,1,0,6.4391,literature,0.40,1.90674,4.44905
56,48,56.5000,48.5000,1.0000,60.0000,0,0.514392,0.02725,3.08635,0.051439,ok,0.204016,,0.204016,3.08635,3.1822,0.203019,3.12427,1,0,6.3956,literature,0.40,1.87456,4.37398
57,48,57.5000,48.5000,1.0000,60.0000,0,0.502078,0.02725,3.01247,0.050208,ok,0.206032,,0.206032,3.01247,3.1510,0.204240,3.07800,1,0,6.3574,literature,0.40,1.84680,4.30920
58,48,58.5000,48.5000,1.0000,60.0000,0,0.490289,0.02725,2.94174,0.049029,ok,0.208057,,0.208057,2.94174,3.1204,0.205299,3.03892,1,0,6.3246,literature,0.40,1.82335,4.25449
59,48,59.5000,48.5000,1.0000,60.0000,0,0.479098,0.02725,2.87459,0.047910,ok,0.210071,,0.210071,2.87459,3.0904,0.206200,3.00649,1,0,6.2970,literature,0.40,1.80390,4.20909
0,49,0.5000,49.5000,1.0000,60.0000,0,0.468340,0.02725,2.81004,0.046834,ok,0.212099,,0.212099,2.81004,3.0609,0.208151,2.93855,1,0,6.2379,literature,0.40,1.76313,4.11397
1,49,1.5000,49.5000,1.0000,60.0000,0,0.479280,0.02725,2.87568,0.047928,ok,0.210038,,0.210038,2.87568,3.0909,0.207227,2.97032,1,0,6.2657,literature,0.40,1.78219,4.15844
2,49,2.5000,49.5000,1.0000,60.0000,0,0.490804,0.02725,2.94482,0.049080,ok,0.207967,,0.207967,2.94482,3.1217,0.206139,3.00865,1,0,6.2988,literature,0.40,1.80519,4.21211
3,49,3.5000,49.5000,1.0000,60.0000,0,0.502842,0.02725,3.01705,0.050284,ok,0.205904,,0.205904,3.01705,3.1530,0.204885,3.05409,1,0,6.3374,literature,0.40,1.83246,4.27573
4,49,4.5000,49.5000,1.0000,60.0000,0,0.515326,0.02725,3.09195,0.051533,ok,0.203868,,0.203868,3.09195,3.1845,0.203476,3.10679,1,0,6.3813,literature,0.40,1.86407,4.34951
5,49,5.5000,49.5000,1.0000,60.0000,0,0.528187,0.02725,3.16912,0.052819,ok,0.201870,,0.201870,3.16912,3.2160,0.201939,3.16641,1,0,6.4298,literature,0.40,1.89984,4.43297
6,49,6.5000,49.5000,1.0000,60.0000,0,0.541357,0.02725,3.24814,0.054136,ok,0.199922,,0.199922,3.24814,3.2473,0.200310,3.23212,1,0,6.4821,literature,0.40,1.93927,4.52497
7,49,7.5000,49.5000,1.0000,60.0000,0,0.554767,0.02725,3.32860,0.055477,ok,0.198035,,0.198035,3.32860,3.2783,0.198630,3.30280,1,0,6.5369,literature,0.40,1.98168,4.62392
8,49,8.5000,49.5000,1.0000,60.0000,0,0.568349,0.02725,3.41009,0.056835,ok,0.196213,,0.196213,3.41009,3.3087,0.196939,3.37717,1,0,6.5931,literature,0.40,2.02630,4.72803
9,49,9.5000,49.5000,1.0000,60.0000,0,0.582034,0.02725,3.49220,0.058203,ok,0.194464,,0.194464,3.49220,3.3385,0.195253,3.45471,1,0,6.6500,literature,0.40,2.07283,4.83660
10,49,10.5000,49.5000,1.0000,60.0000,0,0.595752,0.02725,3.57451,0.059575,ok,0.192792,,0.192792,3.57451,3.3674,0.193624,3.53307,1,0,6.7059,literature,0.40,2.11984,4.94630
11,49,11.5000,49.5000,1.0000,60.0000,0,0.609437,0.02725,3.65662,0.060944,ok,0.191198,,0.191198,3.65662,3.3955,0.192054,3.61207,1,0,6.7608,literature,0.40,2.16724,5.05689
12,49,12.5000,49.5000,1.0000,60.0000,0,0.623019,0.02725,3.73811,0.062302,ok,0.189686,,0.189686,3.73811,3.4226,0.190545,3.69138,1,0,6.8143,literature,0.40,2.21483,5.16793
13,49,13.5000,49.5000,1.0000,60.0000,0,0.636429,0.02725,3.81857,0.063643,ok,0.188256,,0.188256,3.81857,3.4486,0.189110,3.77008,1,0,6.8660,literature,0.40,2.26205,5.27811
14,49,14.5000,49.5000,1.0000,60.0000,0,0.649599,0.02725,3.89759,0.064960,ok,0.186909,,0.186909,3.89759,3.4734,0.187751,3.84783,1,0,6.9157,literature,0.40,2.30870,5.38696
15,49,15.5000,49.5000,1.0000,60.0000,0,0.662460,0.02725,3.97476,0.066246,ok,0.185645,,0.185645,3.97476,3.4971,0.186466,3.92429,1,0,6.9634,literature,0.40,2.35458,5.49401
16,49,16.5000,49.5000,1.0000,60.0000,0,0.674944,0.02725,4.04967,0.067494,ok,0.184465,,0.184465,4.04967,3.5195,0.185257,3.99911,1,0,7.0088,literature,0.40,2.39947,5.59876
17,49,17.5000,49.5000,1.0000,60.0000,0,0.686982,0.02725,4.12189,0.068698,ok,0.183367,,0.183367,4.12189,3.5405,0.184123,4.07190,1,0,7.0520,literature,0.40,2.44314,5.70066
18,49,18.5000,49.5000,1.0000,60.0000,0,0.698506,0.02725,4.19103,0.069851,ok,0.182352,,0.182352,4.19103,3.5602,0.183065,4.14223,1,0,7.0927,literature,0.40,2.48534,5.79912
19,49,19.5000,49.5000,1.0000,60.0000,0,0.709446,0.02725,4.25668,0.070945,ok,0.181419,,0.181419,4.25668,3.5785,0.182084,4.20964,1,0,7.1309,literature,0.40,2.52579,5.89350
20,49,20.5000,49.5000,1.0000,60.0000,0,0.719734,0.02725,4.31841,0.071973,ok,0.180567,,0.180567,4.31841,3.5954,0.181182,4.27363,1,0,7.1664,literature,0.40,2.56418,5.98308
21,49,21.5000,49.5000,1.0000,60.0000,0,0.729302,0.02725,4.37581,0.072930,ok,0.179757,,0.179757,4.37581,3.6116,0.180360,4.33362,1,0,7.1991,literature,0.40,2.60017,6.06707
22,49,22.5000,49.5000,1.0000,60.0000,0,0.738082,0.02725,4.42849,0.073808,ok,0.178937,,0.178937,4.42849,3.6282,0.179622,4.38445,1,0,7.2287,literature,0.40,2.63067,6.13823
23,49,23.5000,49.5000,1.0000,60.0000,0,0.746003,0.02725,4.47602,0.074600,ok,0.178214,,0.178214,4.47602,3.6429,0.178967,4.42654,1,0,7.2551,literature,0.40,2.65592,6.19716
24,49,24.5000,49.5000,1.0000,60.0000,0,0.752998,0.02725,4.51799,0.075300,ok,0.177588,,0.177588,4.51799,3.6557,0.178400,4.46369,1,0,7.2782,literature,0.40,2.67821,6.24916
25,49,25.5000,49.5000,1.0000,60.0000,0,0.758999,0.02725,4.55399,0.075900,ok,0.177060,,0.177060,4.55399,3.6666,0.177923,4.49546,1,0,7.2977,literature,0.40,2.69727,6.29364
26,49,26.5000,49.5000,1.0000,60.0000,0,0.763936,0.02725,4.58361,0.076394,ok,0.176632,,0.176632,4.58361,3.6755,0.177537,4.52147,1,0,7.3136,literature,0.40,2.71288,6.33005
27,49,27.5000,49.5000,1.0000,60.0000,0,0.767741,0.02725,4.60644,0.076774,ok,0.176306,,0.176306,4.60644,3.6823,0.177246,4.54129,1,0,7.3256,literature,0.40,2.72477,6.35780
28,49,28.5000,49.5000,1.0000,60.0000,0,0.770345,0.02725,4.62207,0.077034,ok,0.176085,,0.176085,4.62207,3.6869,0.177051,4.55467,1,0,7.3337,literature,0.40,2.73280,6.37654
29,49,29.5000,49.5000,1.0000,60.0000,0,0.771680,0.02725,4.63008,0.077168,ok,0.175972,,0.175972,4.63008,3.6893,0.176953,4.56141,1,0,7.3377,literature,0.40,2.73685,6.38598
30,49,30.5000,49.5000,1.0000,60.0000,0,0.771680,0.02725,4.63008,0.077168,ok,0.175972,,0.175972,4.63008,3.6893,0.176953,4.56141,1,0,7.3377,literature,0.40,2.73685,6.38598
31,49,31.5000,49.5000,1.0000,60.0000,0,0.770345,0.02725,4.62207,0.077034,ok,0.176085,,0.176085,4.62207,3.6869,0.177051,4.55467,1,0,7.3337,literature,0.40,2.73280,6.37654
32,49,32.5000,49.5000,1.0000,60.0000,0,0.767741,0.02725,4.60644,0.076774,ok,0.176306,,0.176306,4.60644,3.6823,0.177246,4.54129,1,0,7.3256,literature,0.40,2.72477,6.35780
33,49,33.5000,49.5000,1.0000,60.0000,0,0.763936,0.02725,4.58361,0.076394,ok,0.176632,,0.176632,4.58361,3.6755,0.177537,4.52147,1,0,7.3136,literature,0.40,2.71288,6.33005
34,49,34.5000,49.5000,1.0000,60.0000,0,0.758999,0.02725,4.55399,0.075900,ok,0.177060,,0.177060,4.55399,3.6666,0.177923,4.49546,1,0,7.2977,literature,0.40,2.69727,6.29364
35,49,35.5000,49.5000,1.0000,60.0000,0,0.752998,0.02725,4.51799,0.075300,ok,0.177588,,0.177588,4.51799,3.6557,0.178400,4.46369,1,0,7.2782,literature,0.40,2.67821,6.24916
36,49,36.5000,49.5000,1.0000,60.0000,0,0.746003,0.02725,4.47602,0.074600,ok,0.178214,,0.178214,4.47602,3.6429,0.178967,4.42654,1,0,7.2551,literature,0.40,2.65592,6.19716
37,49,37.5000,49.5000,1.0000,60.0000,0,0.738082,0.02725,4.42849,0.073808,ok,0.178937,,0.178937,4.42849,3.6282,0.179622,4.38445,1,0,7.2287,literature,0.40,2.63067,6.13823
38,49,38.5000,49.5000,1.0000,60.0000,0,0.729302,0.02725,4.37581,0.072930,ok,0.179757,,0.179757,4.37581,3.6116,0.180360,4.33362,1,0,7.1991,literature,0.40,2.60017,6.06707
39,49,39.5000,49.5000,1.0000,60.0000,0,0.719734,0.02725,4.31841,0.071973,ok,0.180567,,0.180567,4.31841,3.5954,0.181182,4.27363,1,0,7.1664,literature,0.40,2.56418,5.98308
40,49,40.5000,49.5000,1.0000,60.0000,0,0.709446,0.02725,4.25668,0.070945,ok,0.181419,,0.181419,4.25668,3.5785,0.182084,4.20964,1,0,7.1309,literature,0.40,2.52579,5.89350
41,49,41.5000,49.5000,1.0000,60.0000,0,0.698506,0.02725,4.19103,0.069851,ok,0.182352,,0.182352,4.19103,3.5602,0.183065,4.14223,1,0,7.0927,literature,0.40,2.48534,5.79912
42,49,42.5000,49.5000,1.0000,60.0000,0,0.686982,0.02725,4.12189,0.068698,ok,0.183367,,0.183367,4.12189,3.5405,0.184123,4.07190,1,0,7.0520,literature,0.40,2.44314,5.70066
43,49,43.5000,49.5000,1.0000,60.0000,0,0.674944,0.02725,4.04967,0.067494,ok,0.184465,,0.184465,4.04967,3.5195,0.185257,3.99911,1,0,7.0088,literature,0.40,2.39947,5.59876
44,49,44.5000,49.5000,1.0000,60.0000,0,0.662460,0.02725,3.97476,0.066246,ok,0.185645,,0.185645,3.97476,3.4971,0.186466,3.92429,1,0,6.9634,literature,0.40,2.35458,5.49401
45,49,45.5000,49.5000,1.0000,60.0000,0,0.649599,0.02725,3.89759,0.064960,ok,0.186909,,0.186909,3.89759,3.4734,0.187751,3.84783,1,0,6.9157,literature,0.40,2.30870,5.38696
46,49,46.5000,49.5000,1.0000,60.0000,0,0.636429,0.02725,3.81857,0.063643,ok,0.188256,,0.188256,3.81857,3.4486,0.189110,3.77008,1,0,6.8660,literature,0.40,2.26205,5.27811
47,49,47.5000,49.5000,1.0000,60.0000,0,0.623019,0.02725,3.73811,0.062302,ok,0.189686,,0.189686,3.73811,3.4226,0.190545,3.69138,1,0,6.8143,literature,0.40,2.21483,5.16793
48,49,48.5000,49.5000,1.0000,60.0000,0,0.609437,0.02725,3.65662,0.060944,ok,0.191198,,0.191198,3.65662,3.3955,0.192054,3.61207,1,0,6.7608,literature,0.40,2.16724,5.05689
49,49,49.5000,49.5000,1.0000,60.0000,0,0.595752,0.02725,3.57451,0.059575,ok,0.192792,,0.192792,3.57451,3.3674,0.193624,3.53307,1,0,6.7059,literature,0.40,2.11984,4.94630
50,49,50.5000,49.5000,1.0000,60.0000,0,0.582034,0.02725,3.49220,0.058203,ok,0.194464,,0.194464,3.49220,3.3385,0.195253,3.45471,1,0,6.6500,literature,0.40,2.07283,4.83660
51,49,51.5000,49.5000,1.0000,60.0000,0,0.568349,0.02725,3.41009,0.056835,ok,0.196213,,0.196213,3.41009,3.3087,0.196939,3.37717,1,0,6.5931,literature,0.40,2.02630,4.72803
52,49,52.5000,49.5000,1.0000,60.0000,0,0.554767,0.02725,3.32860,0.055477,ok,0.198035,,0.198035,3.32860,3.2783,0.198630,3.30280,1,0,6.5369,literature,0.40,1.98168,4.62392
53,49,53.5000,49.5000,1.0000,60.0000,0,0.541357,0.02725,3.24814,0.054136,ok,0.199922,,0.199922,3.24814,3.2473,0.200310,3.23212,1,0,6.4821,literature,0.40,1.93927,4.52497
54,49,54.5000,49.5000,1.0000,60.0000,0,0.528187,0.02725,3.16912,0.052819,ok,0.201870,,0.201870,3.16912,3.2160,0.201939,3.16641,1,0,6.4298,literature,0.40,1.89984,4.43297
55,49,55.5000,49.5000,1.0000,60.0000,0,0.515326,0.02725,3.09195,0.051533,ok,0.203868,,0.203868,3.09195,3.1845,0.203476,3.10679,1,0,6.3813,literature,0.40,1.86407,4.34951
56,49,56.5000,49.5000,1.0000,60.0000,0,0.502842,0.02725,3.01705,0.050284,ok,0.205904,,0.205904,3.01705,3.1530,0.204885,3.05409,1,0,6.3374,literature,0.40,1.83246,4.27573
57,49,57.5000,49.5000,1.0000,60.0000,0,0.490804,0.02725,2.94482,0.049080,ok,0.207967,,0.207967,2.94482,3.1217,0.206139,3.00865,1,0,6.2988,literature,0.40,1.80519,4.21211
58,49,58.5000,49.5000,1.0000,60.0000,0,0.479280,0.02725,2.87568,0.047928,ok,0.210038,,0.210038,2.87568,3.0909,0.207227,2.97032,1,0,6.2657,literature,0.40,1.78219,4.15844
59,49,59.5000,49.5000,1.0000,60.0000,0,0.468340,0.02725,2.81004,0.046834,ok,0.212099,,0.212099,2.81004,3.0609,0.208151,2.93855,1,0,6.2379,literature,0.40,1.76313,4.11397
0,50,0.5000,50.5000,1.0000,60.0000,0,0.457555,0.02725,2.74533,0.045756,ok,0.214226,,0.214226,2.74533,3.0305,0.210181,2.87101,1,0,6.1777,literature,0.40,1.72261,4.01941
1,50,1.5000,50.5000,1.0000,60.0000,0,0.468243,0.02725,2.80946,0.046824,ok,0.212117,,0.212117,2.80946,3.0606,0.209233,2.90216,1,0,6.2057,literature,0.40,1.74129,4.06302
2,50,2.5000,50.5000,1.0000,60.0000,0,0.479502,0.02725,2.87701,0.047950,ok,0.209997,,0.209997,2.87701,3.0915,0.208114,2.93980,1,0,6.2390,literature,0.40,1.76388,4.11572
3,50,3.5000,50.5000,1.0000,60.0000,0,0.491262,0.02725,2.94757,0.049126,ok,0.207886,,0.207886,2.94757,3.1229,0.206822,2.98448,1,0,6.2780,literature,0.40,1.79069,4.17827
4,50,4.5000,50.5000,1.0000,60.0000,0,0.503459,0.02725,3.02075,0.050346,ok,0.205801,,0.205801,3.02075,3.1546,0.205371,3.03631,1,0,6.3224,literature,0.40,1.82179,4.25084
5,50,5.5000,50.5000,1.0000,60.0000,0,0.516024,0.02725,3.09614,0.051602,ok,0.203757,,0.203757,3.09614,3.1862,0.203788,3.09495,1,0,6.3715,literature,0.40,1.85697,4.33293
6,50,6.5000,50.5000,1.0000,60.0000,0,0.528891,0.02725,3.17334,0.052889,ok,0.201763,,0.201763,3.17334,3.2177,0.202112,3.15957,1,0,6.4243,literature,0.40,1.89574,4.42340
7,50,7.5000,50.5000,1.0000,60.0000,0,0.541992,0.02725,3.25195,0.054199,ok,0.199831,,0.199831,3.25195,3.2488,0.200385,3.22900,1,0,6.4797,literature,0.40,1.93740,4.52061
8,50,8.5000,50.5000,1.0000,60.0000,0,0.555261,0.02725,3.33157,0.055526,ok,0.197967,,0.197967,3.33157,3.2794,0.198649,3.30199,1,0,6.5363,literature,0.40,1.98119,4.62279
9,50,9.5000,50.5000,1.0000,60.0000,0,0.568631,0.02725,3.41178,0.056863,ok,0.196177,,0.196177,3.41178,3.3093,0.196935,3.37733,1,0,6.5932,literature,0.40,2.02640,4.72826
10,50,10.5000,50.5000,1.0000,60.0000,0,0.582034,0.02725,3.49220,0.058203,ok,0.194464,,0.194464,3.49220,3.3385,0.195253,3.45471,1,0,6.6500,literature,0.40,2.07283,4.83660
11,50,11.5000,50.5000,1.0000,60.0000,0,0.595403,0.02725,3.57242,0.059540,ok,0.192833,,0.192833,3.57242,3.3667,0.193646,3.53199,1,0,6.7052,literature,0.40,2.11920,4.94479
12,50,12.5000,50.5000,1.0000,60.0000,0,0.608672,0.02725,3.65203,0.060867,ok,0.191285,,0.191285,3.65203,3.3940,0.192104,3.60946,1,0,6.7590,literature,0.40,2.16568,5.05325
13,50,13.5000,50.5000,1.0000,60.0000,0,0.621773,0.02725,3.73064,0.062177,ok,0.189822,,0.189822,3.73064,3.4201,0.190641,3.68623,1,0,6.8109,literature,0.40,2.21174,5.16073
14,50,14.5000,50.5000,1.0000,60.0000,0,0.634640,0.02725,3.80784,0.063464,ok,0.188443,,0.188443,3.80784,3.4452,0.189255,3.76196,1,0,6.8607,literature,0.40,2.25718,5.26675
15,50,15.5000,50.5000,1.0000,60.0000,0,0.647205,0.02725,3.88323,0.064721,ok,0.187150,,0.187150,3.88323,3.4690,0.187949,3.83631,1,0,6.9084,literature,0.40,2.30179,5.37083
16,50,16.5000,50.5000,1.0000,60.0000,0,0.659402,0.02725,3.95641,0.065940,ok,0.185941,,0.185941,3.95641,3.4915,0.186720,3.90891,1,0,6.9539,literature,0.40,2.34535,5.47248
17,50,17.5000,50.5000,1.0000,60.0000,0,0.671162,0.02725,4.02697,0.067116,ok,0.184818,,0.184818,4.02697,3.5127,0.185571,3.97940,1,0,6.9969,literature,0.40,2.38764,5.57116
18,50,18.5000,50.5000,1.0000,60.0000,0,0.682421,0.02725,4.09452,0.068242,ok,0.183779,,0.183779,4.09452,3.5326,0.184500,4.04738,1,0,7.0376,literature,0.40,2.42843,5.66634
19,50,19.5000,50.5000,1.0000,60.0000,0,0.693109,0.02725,4.15865,0.069311,ok,0.182823,,0.182823,4.15865,3.5511,0.183509,4.11242,1,0,7.0756,literature,0.40,2.46745,5.75739
20,50,20.5000,50.5000,1.0000,60.0000,0,0.703160,0.02725,4.21896,0.070316,ok,0.181951,,0.181951,4.21896,3.5681,0.182598,4.17406,1,0,7.1109,literature,0.40,2.50443,5.84368
21,50,21.5000,50.5000,1.0000,60.0000,0,0.712508,0.02725,4.27505,0.071251,ok,0.181162,,0.181162,4.27505,3.5836,0.181769,4.23178,1,0,7.1433,literature,0.40,2.53907,5.92449
22,50,22.5000,50.5000,1.0000,60.0000,0,0.721085,0.02725,4.32651,0.072109,ok,0.180457,,0.180457,4.32651,3.5976,0.181024,4.28507,1,0,7.1727,literature,0.40,2.57104,5.99910
23,50,23.5000,50.5000,1.0000,60.0000,0,0.728824,0.02725,4.37294,0.072882,ok,0.179803,,0.179803,4.37294,3.6107,0.180364,4.33336,1,0,7.1989,literature,0.40,2.60002,6.06670
24,50,24.5000,50.5000,1.0000,60.0000,0,0.735658,0.02725,4.41395,0.073566,ok,0.179162,,0.179162,4.41395,3.6236,0.179793,4.37358,1,0,7.2218,literature,0.40,2.62415,6.12301
25,50,25.5000,50.5000,1.0000,60.0000,0,0.741521,0.02725,4.44912,0.074152,ok,0.178622,,0.178622,4.44912,3.6346,0.179312,4.40430,1,0,7.2412,literature,0.40,2.64258,6.16602
26,50,26.5000,50.5000,1.0000,60.0000,0,0.746344,0.02725,4.47806,0.074634,ok,0.178183,,0.178183,4.47806,3.6435,0.178923,4.42941,1,0,7.2569,literature,0.40,2.65765,6.20118
27,50,27.5000,50.5000,1.0000,60.0000,0,0.750061,0.02725,4.50037,0.075006,ok,0.177850,,0.177850,4.50037,3.6504,0.178630,4.44858,1,0,7.2688,literature,0.40,2.66915,6.22802
28,50,28.5000,50.5000,1.0000,60.0000,0,0.752605,0.02725,4.51563,0.075261,ok,0.177623,,0.177623,4.51563,3.6550,0.178433,4.46153,1,0,7.2768,literature,0.40,2.67692,6.24614
29,50,29.5000,50.5000,1.0000,60.0000,0,0.753910,0.02725,4.52346,0.075391,ok,0.177507,,0.177507,4.52346,3.6574,0.178334,4.46805,1,0,7.2809,literature,0.40,2.68083,6.25527
30,50,30.5000,50.5000,1.0000,60.0000,0,0.753910,0.02725,4.52346,0.075391,ok,0.177507,,0.177507,4.52346,3.6574,0.178334,4.46805,1,0,7.2809,literature,0.40,2.68083,6.25527
31,50,31.5000,50.5000,1.0000,60.0000,0,0.752605,0.02725,4.51563,0.075261,ok,0.177623,,0.177623,4.51563,3.6550,0.178433,4.46153,1,0,7.2768,literature,0.40,2.67692,6.24614
32,50,32.5000,50.5000,1.0000,60.0000,0,0.750061,0.02725,4.50037,0.075006,ok,0.177850,,0.177850,4.50037,3.6504,0.178630,4.44858,1,0,7.2688,literature,0.40,2.66915,6.22802
33,50,33.5000,50.5000,1.0000,60.0000,0,0.746344,0.02725,4.47806,0.074634,ok,0.178183,,0.178183,4.47806,3.6435,0.178923,4.42941,1,0,7.2569,literature,0.40,2.65765,6.20118
34,50,34.5000,50.5000,1.0000,60.0000,0,0.741521,0.02725,4.44912,0.074152,ok,0.178622,,0.178622,4.44912,3.6346,0.179312,4.40430,1,0,7.2412,literature,0.40,2.64258,6.16602
35,50,35.5000,50.5000,1.0000,60.0000,0,0.735658,0.02725,4.41395,0.073566,ok,0.179162,,0.179162,4.41395,3.6236,0.179793,4.37358,1,0,7.2218,literature,0.40,2.62415,6.12301
36,50,36.5000,50.5000,1.0000,60.0000,0,0.728824,0.02725,4.37294,0.072882,ok,0.179803,,0.179803,4.37294,3.6107,0.180364,4.33336,1,0,7.1989,literature,0.40,2.60002,6.06670
37,50,37.5000,50.5000,1.0000,60.0000,0,0.721085,0.02725,4.32651,0.072109,ok,0.180457,,0.180457,4.32651,3.5976,0.181024,4.28507,1,0,7.1727,literature,0.40,2.57104,5.99910
38,50,38.5000,50.5000,1.0000,60.0000,0,0.712508,0.02725,4.27505,0.071251,ok,0.181162,,0.181162,4.27505,3.5836,0.181769,4.23178,1,0,7.1433,literature,0.40,2.53907,5.92449
39,50,39.5000,50.5000,1.0000,60.0000,0,0.703160,0.02725,4.21896,0.070316,ok,0.181951,,0.181951,4.21896,3.5681,0.182598,4.17406,1,0,7.1109,literature,0.40,2.50443,5.84368
40,50,40.5000,50.5000,1.0000,60.0000,0,0.693109,0.02725,4.15865,0.069311,ok,0.182823,,0.182823,4.15865,3.5511,0.183509,4.11242,1,0,7.0756,literature,0.40,2.46745,5.75739
41,50,41.5000,50.5000,1.0000,60.0000,0,0.682421,0.02725,4.09452,0.068242,ok,0.183779,,0.183779,4.09452,3.5326,0.184500,4.04738,1,0,7.0376,literature,0.40,2.42843,5.66634
42,50,42.5000,50.5000,1.0000,60.0000,0,0.671162,0.02725,4.02697,0.067116,ok,0.184818,,0.184818,4.02697,3.5127,0.185571,3.97940,1,0,6.9969,literature,0.40,2.38764,5.57116
43,50,43.5000,50.5000,1.0000,60.0000,0,0.659402,0.02725,3.95641,0.065940,ok,0.185941,,0.185941,3.95641,3.4915,0.186720,3.90891,1,0,6.9539,literature,0.40,2.34535,5.47248
44,50,44.5000,50.5000,1.0000,60.0000,0,0.647205,0.02725,3.88323,0.064721,ok,0.187150,,0.187150,3.88323,3.4690,0.187949,3.83631,1,0,6.9084,literature,0.40,2.30179,5.37083
45,50,45.5000,50.5000,1.0000,60.0000,0,0.634640,0.02725,3.80784,0.063464,ok,0.188443,,0.188443,3.80784,3.4452,0.189255,3.76196,1,0,6.8607,literature,0.40,2.25718,5.26675
46,50,46.5000,50.5000,1.0000,60.0000,0,0.621773,0.02725,3.73064,0.062177,ok,0.189822,,0.189822,3.73064,3.4201,0.190641,3.68623,1,0,6.8109,literature,0.40,2.21174,5.16073
47,50,47.5000,50.5000,1.0000,60.0000,0,0.608672,0.02725,3.65203,0.060867,ok,0.191285,,0.191285,3.65203,3.3940,0.192104,3.60946,1,0,6.7590,literature,0.40,2.16568,5.05325
48,50,48.5000,50.5000,1.0000,60.0000,0,0.595403,0.02725,3.57242,0.059540,ok,0.192833,,0.192833,3.57242,3.3667,0.193646,3.53199,1,0,6.7052,literature,0.40,2.11920,4.94479
49,50,49.5000,50.5000,1.0000,60.0000,0,0.582034,0.02725,3.49220,0.058203,ok,0.194464,,0.194464,3.49220,3.3385,0.195253,3.45471,1,0,6.6500,literature,0.40,2.07283,4.83660
50,50,50.5000,50.5000,1.0000,60.0000,0,0.568631,0.02725,3.41178,0.056863,ok,0.196177,,0.196177,3.41178,3.3093,0.196935,3.37733,1,0,6.5932,literature,0.40,2.02640,4.72826
51,50,51.5000,50.5000,1.0000,60.0000,0,0.555261,0.02725,3.33157,0.055526,ok,0.197967,,0.197967,3.33157,3.2794,0.198649,3.30199,1,0,6.5363,literature,0.40,1.98119,4.62279
52,50,52.5000,50.5000,1.0000,60.0000,0,0.541992,0.02725,3.25195,0.054199,ok,0.199831,,0.199831,3.25195,3.2488,0.200385,3.22900,1,0,6.4797,literature,0.40,1.93740,4.52061
53,50,53.5000,50.5000,1.0000,60.0000,0,0.528891,0.02725,3.17334,0.052889,ok,0.201763,,0.201763,3.17334,3.2177,0.202112,3.15957,1,0,6.4243,literature,0.40,1.89574,4.42340
54,50,54.5000,50.5000,1.0000,60.0000,0,0.516024,0.02725,3.09614,0.051602,ok,0.203757,,0.203757,3.09614,3.1862,0.203788,3.09495,1,0,6.3715,literature,0.40,1.85697,4.33293
55,50,55.5000,50.5000,1.0000,60.0000,0,0.503459,0.02725,3.02075,0.050346,ok,0.205801,,0.205801,3.02075,3.1546,0.205371,3.03631,1,0,6.3224,literature,0.40,1.82179,4.25084
56,50,56.5000,50.5000,1.0000,60.0000,0,0.491262,0.02725,2.94757,0.049126,ok,0.207886,,0.207886,2.94757,3.1229,0.206822,2.98448,1,0,6.2780,literature,0.40,1.79069,4.17827
57,50,57.5000,50.5000,1.0000,60.0000,0,0.479502,0.02725,2.87701,0.047950,ok,0.209997,,0.209997,2.87701,3.0915,0.208114,2.93980,1,0,6.2390,literature,0.40,1.76388,4.11572
58,50,58.5000,50.5000,1.0000,60.0000,0,0.468243,0.02725,2.80946,0.046824,ok,0.212117,,0.212117,2.80946,3.0606,0.209233,2.90216,1,0,6.2057,literature,0.40,1.74129,4.06302
59,50,59.5000,50.5000,1.0000,60.0000,0,0.457555,0.02725,2.74533,0.045756,ok,0.214226,,0.214226,2.74533,3.0305,0.210181,2.87101,1,0,6.1777,literature,0.40,1.72261,4.01941
0,51,0.5000,51.5000,1.0000,60.0000,0,0.446797,0.02725,2.68078,0.044680,ok,0.216451,,0.216451,2.68078,2.9994,0.212306,2.80359,1,0,6.1158,literature,0.40,1.68215,3.92503
1,51,1.5000,51.5000,1.0000,60.0000,0,0.457234,0.02725,2.74341,0.045723,ok,0.214291,,0.214291,2.74341,3.0296,0.211308,2.83487,1,0,6.1447,literature,0.40,1.70092,3.96881
2,51,2.5000,51.5000,1.0000,60.0000,0,0.468228,0.02725,2.80937,0.046823,ok,0.212120,,0.212120,2.80937,3.0606,0.210155,2.87186,1,0,6.1784,literature,0.40,1.72312,4.02061
3,51,3.5000,51.5000,1.0000,60.0000,0,0.479712,0.02725,2.87827,0.047971,ok,0.209959,,0.209959,2.87827,3.0921,0.208824,2.91581,1,0,6.2178,literature,0.40,1.74949,4.08213
4,51,4.5000,51.5000,1.0000,60.0000,0,0.491622,0.02725,2.94973,0.049162,ok,0.207823,,0.207823,2.94973,3.1239,0.207328,2.96683,1,0,6.2627,literature,0.40,1.78010,4.15357
5,51,5.5000,51.5000,1.0000,60.0000,0,0.503891,0.02725,3.02335,0.050389,ok,0.205729,,0.205729,3.02335,3.1557,0.205696,3.02455,1,0,6.3124,literature,0.40,1.81473,4.23437
6,51,6.5000,51.5000,1.0000,60.0000,0,0.516456,0.02725,3.09873,0.051646,ok,0.203688,,0.203688,3.09873,3.1873,0.203969,3.08812,1,0,6.3658,literature,0.40,1.85287,4.32337
7,51,7.5000,51.5000,1.0000,60.0000,0,0.529249,0.02725,3.17549,0.052925,ok,0.201709,,0.201709,3.17549,3.2186,0.202193,3.15638,1,0,6.4217,literature,0.40,1.89383,4.41893
8,51,8.5000,51.5000,1.0000,60.0000,0,0.542206,0.02725,3.25324,0.054221,ok,0.199800,,0.199800,3.25324,3.2493,0.200408,3.22806,1,0,6.4789,literature,0.40,1.93684,4.51929
9,51,9.5000,51.5000,1.0000,60.0000,0,0.555261,0.02725,3.33157,0.055526,ok,0.197967,,0.197967,3.33157,3.2794,0.198649,3.30199,1,0,6.5363,literature,0.40,1.98119,4.62279
10,51,10.5000,51.5000,1.0000,60.0000,0,0.568349,0.02725,3.41009,0.056835,ok,0.196213,,0.196213,3.41009,3.3087,0.196939,3.37717,1,0,6.5931,literature,0.40,2.02630,4.72803
11,51,11.5000,51.5000,1.0000,60.0000,0,0.581404,0.02725,3.48842,0.058140,ok,0.194543,,0.194543,3.48842,3.3371,0.195278,3.45351,1,0,6.6491,literature,0.40,2.07210,4.83491
12,51,12.5000,51.5000,1.0000,60.0000,0,0.594361,0.02725,3.56617,0.059436,ok,0.192958,,0.192958,3.56617,3.3645,0.193701,3.52930,1,0,6.7033,literature,0.40,2.11758,4.94101
13,51,13.5000,51.5000,1.0000,60.0000,0,0.607154,0.02725,3.64293,0.060715,ok,0.191459,,0.191459,3.64293,3.3909,0.192204,3.60434,1,0,6.7555,literature,0.40,2.16260,5.04607
14,51,14.5000,51.5000,1.0000,60.0000,0,0.619719,0.02725,3.71831,0.061972,ok,0.190047,,0.190047,3.71831,3.4161,0.190790,3.67827,1,0,6.8056,literature,0.40,2.20696,5.14958
15,51,15.5000,51.5000,1.0000,60.0000,0,0.631988,0.02725,3.79193,0.063199,ok,0.188723,,0.188723,3.79193,3.4400,0.189457,3.75075,1,0,6.8534,literature,0.40,2.25045,5.25105
16,51,16.5000,51.5000,1.0000,60.0000,0,0.643898,0.02725,3.86339,0.064390,ok,0.187485,,0.187485,3.86339,3.4628,0.188206,3.82142,1,0,6.8990,literature,0.40,2.29285,5.34998
17,51,17.5000,51.5000,1.0000,60.0000,0,0.655382,0.02725,3.93229,0.065538,ok,0.186335,,0.186335,3.93229,3.4841,0.187038,3.88990,1,0,6.9421,literature,0.40,2.33394,5.44586
18,51,18.5000,51.5000,1.0000,60.0000,0,0.666376,0.02725,3.99825,0.066638,ok,0.185270,,0.185270,3.99825,3.5041,0.185951,3.95582,1,0,6.9826,literature,0.40,2.37349,5.53815
19,51,19.5000,51.5000,1.0000,60.0000,0,0.676813,0.02725,4.06088,0.067681,ok,0.184292,,0.184292,4.06088,3.5228,0.184946,4.01877,1,0,7.0206,literature,0.40,2.41126,5.62628
20,51,20.5000,51.5000,1.0000,60.0000,0,0.686628,0.02725,4.11977,0.068663,ok,0.183399,,0.183399,4.11977,3.5399,0.184025,4.07833,1,0,7.0557,literature,0.40,2.44700,5.70966
21,51,21.5000,51.5000,1.0000,60.0000,0,0.695756,0.02725,4.17454,0.069576,ok,0.182591,,0.182591,4.17454,3.5556,0.183187,4.13401,1,0,7.0880,literature,0.40,2.48041,5.78762
22,51,22.5000,51.5000,1.0000,60.0000,0,0.704131,0.02725,4.22479,0.070413,ok,0.181868,,0.181868,4.22479,3.5697,0.182434,4.18535,1,0,7.1173,literature,0.40,2.51121,5.85949
23,51,23.5000,51.5000,1.0000,60.0000,0,0.711688,0.02725,4.27013,0.071169,ok,0.181231,,0.181231,4.27013,3.5823,0.181768,4.23183,1,0,7.1433,literature,0.40,2.53910,5.92456
24,51,24.5000,51.5000,1.0000,60.0000,0,0.718362,0.02725,4.31017,0.071836,ok,0.180679,,0.180679,4.31017,3.5932,0.181192,4.27293,1,0,7.1661,literature,0.40,2.56376,5.98210
25,51,25.5000,51.5000,1.0000,60.0000,0,0.724086,0.02725,4.34452,0.072409,ok,0.180214,,0.180214,4.34452,3.6025,0.180707,4.30814,1,0,7.1853,literature,0.40,2.58489,6.03140
26,51,26.5000,51.5000,1.0000,60.0000,0,0.728796,0.02725,4.37278,0.072880,ok,0.179805,,0.179805,4.37278,3.6107,0.180315,4.33699,1,0,7.2009,literature,0.40,2.60219,6.07178
27,51,27.5000,51.5000,1.0000,60.0000,0,0.732426,0.02725,4.39456,0.073243,ok,0.179463,,0.179463,4.39456,3.6175,0.180019,4.35903,1,0,7.2127,literature,0.40,2.61542,6.10264
28,51,28.5000,51.5000,1.0000,60.0000,0,0.734910,0.02725,4.40946,0.073491,ok,0.179231,,0.179231,4.40946,3.6222,0.179821,4.37179,1,0,7.2207,literature,0.40,2.62307,6.12050
29,51,29.5000,51.5000,1.0000,60.0000,0,0.736184,0.02725,4.41710,0.073618,ok,0.179113,,0.179113,4.41710,3.6246,0.179721,4.37810,1,0,7.2247,literature,0.40,2.62686,6.12934
30,51,30.5000,51.5000,1.0000,60.0000,0,0.736184,0.02725,4.41710,0.073618,ok,0.179113,,0.179113,4.41710,3.6246,0.179721,4.37810,1,0,7.2247,literature,0.40,2.62686,6.12934
31,51,31.5000,51.5000,1.0000,60.0000,0,0.734910,0.02725,4.40946,0.073491,ok,0.179231,,0.179231,4.40946,3.6222,0.179821,4.37179,1,0,7.2207,literature,0.40,2.62307,6.12050
32,51,32.5000,51.5000,1.0000,60.0000,0,0.732426,0.02725,4.39456,0.073243,ok,0.179463,,0.179463,4.39456,3.6175,0.180019,4.35903,1,0,7.2127,literature,0.40,2.61542,6.10264
33,51,33.5000,51.5000,1.0000,60.0000,0,0.728796,0.02725,4.37278,0.072880,ok,0.179805,,0.179805,4.37278,3.6107,0.180315,4.33699,1,0,7.2009,literature,0.40,2.60219,6.07178
34,51,34.5000,51.5000,1.0000,60.0000,0,0.724086,0.02725,4.34452,0.072409,ok,0.180214,,0.180214,4.34452,3.6025,0.180707,4.30814,1,0,7.1853,literature,0.40,2.58489,6.03140
35,51,35.5000,51.5000,1.0000,60.0000,0,0.718362,0.02725,4.31017,0.071836,ok,0.180679,,0.180679,4.31017,3.5932,0.181192,4.27293,1,0,7.1661,literature,0.40,2.56376,5.98210
36,51,36.5000,51.5000,1.0000,60.0000,0,0.711688,0.02725,4.27013,0.071169,ok,0.181231,,0.181231,4.27013,3.5823,0.181768,4.23183,1,0,7.1433,literature,0.40,2.53910,5.92456
37,51,37.5000,51.5000,1.0000,60.0000,0,0.704131,0.02725,4.22479,0.070413,ok,0.181868,,0.181868,4.22479,3.5697,0.182434,4.18535,1,0,7.1173,literature,0.40,2.51121,5.85949
38,51,38.5000,51.5000,1.0000,60.0000,0,0.695756,0.02725,4.17454,0.069576,ok,0.182591,,0.182591,4.17454,3.5556,0.183187,4.13401,1,0,7.0880,literature,0.40,2.48041,5.78762
39,51,39.5000,51.5000,1.0000,60.0000,0,0.686628,0.02725,4.11977,0.068663,ok,0.183399,,0.183399,4.11977,3.5399,0.184025,4.07833,1,0,7.0557,literature,0.40,2.44700,5.70966
40,51,40.5000,51.5000,1.0000,60.0000,0,0.676813,0.02725,4.06088,0.067681,ok,0.184292,,0.184292,4.06088,3.5228,0.184946,4.01877,1,0,7.0206,literature,0.40,2.41126,5.62628
41,51,41.5000,51.5000,1.0000,60.0000,0,0.666376,0.02725,3.99825,0.066638,ok,0.185270,,0.185270,3.99825,3.5041,0.185951,3.95582,1,0,6.9826,literature,0.40,2.37349,5.53815
42,51,42.5000,51.5000,1.0000,60.0000,0,0.655382,0.02725,3.93229,0.065538,ok,0.186335,,0.186335,3.93229,3.4841,0.187038,3.88990,1,0,6.9421,literature,0.40,2.33394,5.44586
43,51,43.5000,51.5000,1.0000,60.0000,0,0.643898,0.02725,3.86339,0.064390,ok,0.187485,,0.187485,3.86339,3.4628,0.188206,3.82142,1,0,6.8990,literature,0.40,2.29285,5.34998
44,51,44.5000,51.5000,1.0000,60.0000,0,0.631988,0.02725,3.79193,0.063199,ok,0.188723,,0.188723,3.79193,3.4400,0.189457,3.75075,1,0,6.8534,literature,0.40,2.25045,5.25105
45,51,45.5000,51.5000,1.0000,60.0000,0,0.619719,0.02725,3.71831,0.061972,ok,0.190047,,0.190047,3.71831,3.4161,0.190790,3.67827,1,0,6.8056,literature,0.40,2.20696,5.14958
46,51,46.5000,51.5000,1.0000,60.0000,0,0.607154,0.02725,3.64293,0.060715,ok,0.191459,,0.191459,3.64293,3.3909,0.192204,3.60434,1,0,6.7555,literature,0.40,2.16260,5.04607
47,51,47.5000,51.5000,1.0000,60.0000,0,0.594361,0.02725,3.56617,0.059436,ok,0.192958,,0.192958,3.56617,3.3645,0.193701,3.52930,1,0,6.7033,literature,0.40,2.11758,4.94101
48,51,48.5000,51.5000,1.0000,60.0000,0,0.581404,0.02725,3.48842,0.058140,ok,0.194543,,0.194543,3.48842,3.3371,0.195278,3.45351,1,0,6.6491,literature,0.40,2.07210,4.83491
49,51,49.5000,51.5000,1.0000,60.0000,0,0.568349,0.02725,3.41009,0.056835,ok,0.196213,,0.196213,3.41009,3.3087,0.196939,3.37717,1,0,6.5931,literature,0.40,2.02630,4.72803
50,51,50.5000,51.5000,1.0000,60.0000,0,0.555261,0.02725,3.33157,0.055526,ok,0.197967,,0.197967,3.33157,3.2794,0.198649,3.30199,1,0,6.5363,literature,0.40,1.98119,4.62279
51,51,51.5000,51.5000,1.0000,60.0000,0,0.542206,0.02725,3.25324,0.054221,ok,0.199800,,0.199800,3.25324,3.2493,0.200408,3.22806,1,0,6.4789,literature,0.40,1.93684,4.51929
52,51,52.5000,51.5000,1.0000,60.0000,0,0.529249,0.02725,3.17549,0.052925,ok,0.201709,,0.201709,3.17549,3.2186,0.202193,3.15638,1,0,6.4217,literature,0.40,1.89383,4.41893
53,51,53.5000,51.5000,1.0000,60.0000,0,0.516456,0.02725,3.09873,0.051646,ok,0.203688,,0.203688,3.09873,3.1873,0.203969,3.08812,1,0,6.3658,literature,0.40,1.85287,4.32337
54,51,54.5000,51.5000,1.0000,60.0000,0,0.503891,0.02725,3.02335,0.050389,ok,0.205729,,0.205729,3.02335,3.1557,0.205696,3.02455,1,0,6.3124,literature,0.40,1.81473,4.23437
55,51,55.5000,51.5000,1.0000,60.0000,0,0.491622,0.02725,2.94973,0.049162,ok,0.207823,,0.207823,2.94973,3.1239,0.207328,2.96683,1,0,6.2627,literature,0.40,1.78010,4.15357
56,51,56.5000,51.5000,1.0000,60.0000,0,0.479712,0.02725,2.87827,0.047971,ok,0.209959,,0.209959,2.87827,3.0921,0.208824,2.91581,1,0,6.2178,literature,0.40,1.74949,4.08213
57,51,57.5000,51.5000,1.0000,60.0000,0,0.468228,0.02725,2.80937,0.046823,ok,0.212120,,0.212120,2.80937,3.0606,0.210155,2.87186,1,0,6.1784,literature,0.40,1.72312,4.02061
58,51,58.5000,51.5000,1.0000,60.0000,0,0.457234,0.02725,2.74341,0.045723,ok,0.214291,,0.214291,2.74341,3.0296,0.211308,2.83487,1,0,6.1447,literature,0.40,1.70092,3.96881
59,51,59.5000,51.5000,1.0000,60.0000,0,0.446797,0.02725,2.68078,0.044680,ok,0.216451,,0.216451,2.68078,2.9994,0.212306,2.80359,1,0,6.1158,literature,0.40,1.68215,3.92503
0,52,0.5000,52.5000,1.0000,60.0000,0,0.436120,0.02725,2.61672,0.043612,ok,0.218768,,0.218768,2.61672,2.9676,0.214452,2.73863,1,0,6.0546,literature,0.40,1.64318,3.83408
1,52,1.5000,52.5000,1.0000,60.0000,0,0.446308,0.02725,2.67785,0.044631,ok,0.216555,,0.216555,2.67785,2.9979,0.213449,2.76864,1,0,6.0831,literature,0.40,1.66118,3.87609
2,52,2.5000,52.5000,1.0000,60.0000,0,0.457038,0.02725,2.74223,0.045704,ok,0.214331,,0.214331,2.74223,3.0290,0.212239,2.80569,1,0,6.1178,literature,0.40,1.68341,3.92796
3,52,3.5000,52.5000,1.0000,60.0000,0,0.468248,0.02725,2.80949,0.046825,ok,0.212116,,0.212116,2.80949,3.0607,0.210865,2.84898,1,0,6.1576,literature,0.40,1.70939,3.98857
4,52,4.5000,52.5000,1.0000,60.0000,0,0.479873,0.02725,2.87924,0.047987,ok,0.209929,,0.209929,2.87924,3.0925,0.209321,2.89925,1,0,6.2031,literature,0.40,1.73955,4.05895
5,52,5.5000,52.5000,1.0000,60.0000,0,0.491850,0.02725,2.95110,0.049185,ok,0.207784,,0.207784,2.95110,3.1245,0.207637,2.95612,1,0,6.2534,literature,0.40,1.77367,4.13857
6,52,6.5000,52.5000,1.0000,60.0000,0,0.504114,0.02725,3.02468,0.050411,ok,0.205692,,0.205692,3.02468,3.1562,0.205858,3.01873,1,0,6.3074,literature,0.40,1.81124,4.22622
7,52,7.5000,52.5000,1.0000,60.0000,0,0.516602,0.02725,3.09961,0.051660,ok,0.203665,,0.203665,3.09961,3.1877,0.204028,3.08590,1,0,6.3640,literature,0.40,1.85154,4.32026
8,52,8.5000,52.5000,1.0000,60.0000,0,0.529249,0.02725,3.17549,0.052925,ok,0.201709,,0.201709,3.17549,3.2186,0.202193,3.15638,1,0,6.4217,literature,0.40,1.89383,4.41893
9,52,9.5000,52.5000,1.0000,60.0000,0,0.541992,0.02725,3.25195,0.054199,ok,0.199831,,0.199831,3.25195,3.2488,0.200385,3.22900,1,0,6.4797,literature,0.40,1.93740,4.52061
10,52,10.5000,52.5000,1.0000,60.0000,0,0.554767,0.02725,3.32860,0.055477,ok,0.198035,,0.198035,3.32860,3.2783,0.198630,3.30280,1,0,6.5369,literature,0.40,1.98168,4.62392
11,52,11.5000,52.5000,1.0000,60.0000,0,0.567510,0.02725,3.40506,0.056751,ok,0.196323,,0.196323,3.40506,3.3069,0.196932,3.37748,1,0,6.5933,literature,0.40,2.02649,4.72847
12,52,12.5000,52.5000,1.0000,60.0000,0,0.580158,0.02725,3.48095,0.058016,ok,0.194699,,0.194699,3.48095,3.3345,0.195312,3.45192,1,0,6.6480,literature,0.40,2.07115,4.83269
13,52,13.5000,52.5000,1.0000,60.0000,0,0.592645,0.02725,3.55587,0.059265,ok,0.193164,,0.193164,3.55587,3.3610,0.193780,3.52542,1,0,6.7005,literature,0.40,2.11525,4.93559
14,52,14.5000,52.5000,1.0000,60.0000,0,0.604909,0.02725,3.62946,0.060491,ok,0.191717,,0.191717,3.62946,3.3863,0.192333,3.59778,1,0,6.7510,literature,0.40,2.15867,5.03689
15,52,15.5000,52.5000,1.0000,60.0000,0,0.616886,0.02725,3.70131,0.061689,ok,0.190360,,0.190360,3.70131,3.4105,0.190971,3.66864,1,0,6.7991,literature,0.40,2.20118,5.13609
16,52,16.5000,52.5000,1.0000,60.0000,0,0.628511,0.02725,3.77107,0.062851,ok,0.189093,,0.189093,3.77107,3.4333,0.189694,3.73763,1,0,6.8448,literature,0.40,2.24258,5.23268
17,52,17.5000,52.5000,1.0000,60.0000,0,0.639721,0.02725,3.83832,0.063972,ok,0.187914,,0.187914,3.83832,3.4549,0.188503,3.80440,1,0,6.8881,literature,0.40,2.28264,5.32616
18,52,18.5000,52.5000,1.0000,60.0000,0,0.650451,0.02725,3.90271,0.065045,ok,0.186824,,0.186824,3.90271,3.4750,0.187397,3.86856,1,0,6.9288,literature,0.40,2.32114,5.41599
19,52,19.5000,52.5000,1.0000,60.0000,0,0.660639,0.02725,3.96383,0.066064,ok,0.185821,,0.185821,3.96383,3.4938,0.186377,3.92973,1,0,6.9667,literature,0.40,2.35784,5.50162
20,52,20.5000,52.5000,1.0000,60.0000,0,0.670220,0.02725,4.02132,0.067022,ok,0.184906,,0.184906,4.02132,3.5110,0.185442,3.98750,1,0,7.0018,literature,0.40,2.39250,5.58249
21,52,21.5000,52.5000,1.0000,60.0000,0,0.679130,0.02725,4.07478,0.067913,ok,0.184079,,0.184079,4.07478,3.5268,0.184593,4.04143,1,0,7.0340,literature,0.40,2.42486,5.65800
22,52,22.5000,52.5000,1.0000,60.0000,0,0.687305,0.02725,4.12383,0.068730,ok,0.183338,,0.183338,4.12383,3.5411,0.183831,4.09107,1,0,7.0632,literature,0.40,2.45464,5.72749
23,52,23.5000,52.5000,1.0000,60.0000,0,0.694681,0.02725,4.16809,0.069468,ok,0.182685,,0.182685,4.16809,3.5537,0.183158,4.13595,1,0,7.0891,literature,0.40,2.48157,5.79033
24,52,24.5000,52.5000,1.0000,60.0000,0,0.701195,0.02725,4.20717,0.070120,ok,0.182120,,0.182120,4.20717,3.5648,0.182576,4.17560,1,0,7.1117,literature,0.40,2.50536,5.84584
25,52,25.5000,52.5000,1.0000,60.0000,0,0.706783,0.02725,4.24070,0.070678,ok,0.181643,,0.181643,4.24070,3.5741,0.182086,4.20954,1,0,7.1309,literature,0.40,2.52572,5.89335
26,52,26.5000,52.5000,1.0000,60.0000,0,0.711380,0.02725,4.26828,0.071138,ok,0.181256,,0.181256,4.26828,3.5817,0.181691,4.23732,1,0,7.1464,literature,0.40,2.54239,5.93225
27,52,27.5000,52.5000,1.0000,60.0000,0,0.714923,0.02725,4.28954,0.071492,ok,0.180962,,0.180962,4.28954,3.5876,0.181392,4.25856,1,0,7.1581,literature,0.40,2.55514,5.96198
28,52,28.5000,52.5000,1.0000,60.0000,0,0.717348,0.02725,4.30409,0.071735,ok,0.180762,,0.180762,4.30409,3.5915,0.181192,4.27291,1,0,7.1660,literature,0.40,2.56375,5.98208
29,52,29.5000,52.5000,1.0000,60.0000,0,0.718592,0.02725,4.31155,0.071859,ok,0.180660,,0.180660,4.31155,3.5936,0.181092,4.28015,1,0,7.1700,literature,0.40,2.56809,5.99221
30,52,30.5000,52.5000,1.0000,60.0000,0,0.718592,0.02725,4.31155,0.071859,ok,0.180660,,0.180660,4.31155,3.5936,0.181092,4.28015,1,0,7.1700,literature,0.40,2.56809,5.99221
31,52,31.5000,52.5000,1.0000,60.0000,0,0.717348,0.02725,4.30409,0.071735,ok,0.180762,,0.180762,4.30409,3.5915,0.181192,4.27291,1,0,7.1660,literature,0.40,2.56375,5.98208
32,52,32.5000,52.5000,1.0000,60.0000,0,0.714923,0.02725,4.28954,0.071492,ok,0.180962,,0.180962,4.28954,3.5876,0.181392,4.25856,1,0,7.1581,literature,0.40,2.55514,5.96198
33,52,33.5000,52.5000,1.0000,60.0000,0,0.711380,0.02725,4.26828,0.071138,ok,0.181256,,0.181256,4.26828,3.5817,0.181691,4.23732,1,0,7.1464,literature,0.40,2.54239,5.93225
34,52,34.5000,52.5000,1.0000,60.0000,0,0.706783,0.02725,4.24070,0.070678,ok,0.181643,,0.181643,4.24070,3.5741,0.182086,4.20954,1,0,7.1309,literature,0.40,2.52572,5.89335
35,52,35.5000,52.5000,1.0000,60.0000,0,0.701195,0.02725,4.20717,0.070120,ok,0.182120,,0.182120,4.20717,3.5648,0.182576,4.17560,1,0,7.1117,literature,0.40,2.50536,5.84584
36,52,36.5000,52.5000,1.0000,60.0000,0,0.694681,0.02725,4.16809,0.069468,ok,0.182685,,0.182685,4.16809,3.5537,0.183158,4.13595,1,0,7.0891,literature,0.40,2.48157,5.79033
37,52,37.5000,52.5000,1.0000,60.0000,0,0.687305,0.02725,4.12383,0.068730,ok,0.183338,,0.183338,4.12383,3.5411,0.183831,4.09107,1,0,7.0632,literature,0.40,2.45464,5.72749
38,52,38.5000,52.5000,1.0000,60.0000,0,0.679130,0.02725,4.07478,0.067913,ok,0.184079,,0.184079,4.07478,3.5268,0.184593,4.04143,1,0,7.0340,literature,0.40,2.42486,5.65800
39,52,39.5000,52.5000,1.0000,60.0000,0,0.670220,0.02725,4.02132,0.067022,ok,0.184906,,0.184906,4.02132,3.5110,0.185442,3.98750,1,0,7.0018,literature,0.40,2.39250,5.58249
40,52,40.5000,52.5000,1.0000,60.0000,0,0.660639,0.02725,3.96383,0.066064,ok,0.185821,,0.185821,3.96383,3.4938,0.186377,3.92973,1,0,6.9667,literature,0.40,2.35784,5.50162
41,52,41.5000,52.5000,1.0000,60.0000,0,0.650451,0.02725,3.90271,0.065045,ok,0.186824,,0.186824,3.90271,3.4750,0.187397,3.86856,1,0,6.9288,literature,0.40,2.32114,5.41599
42,52,42.5000,52.5000,1.0000,60.0000,0,0.639721,0.02725,3.83832,0.063972,ok,0.187914,,0.187914,3.83832,3.4549,0.188503,3.80440,1,0,6.8881,literature,0.40,2.28264,5.32616
43,52,43.5000,52.5000,1.0000,60.0000,0,0.628511,0.02725,3.77107,0.062851,ok,0.189093,,0.189093,3.77107,3.4333,0.189694,3.73763,1,0,6.8448,literature,0.40,2.24258,5.23268
44,52,44.5000,52.5000,1.0000,60.0000,0,0.616886,0.02725,3.70131,0.061689,ok,0.190360,,0.190360,3.70131,3.4105,0.190971,3.66864,1,0,6.7991,literature,0.40,2.20118,5.13609
45,52,45.5000,52.5000,1.0000,60.0000,0,0.604909,0.02725,3.62946,0.060491,ok,0.191717,,0.191717,3.62946,3.3863,0.192333,3.59778,1,0,6.7510,literature,0.40,2.15867,5.03689
46,52,46.5000,52.5000,1.0000,60.0000,0,0.592645,0.02725,3.55587,0.059265,ok,0.193164,,0.193164,3.55587,3.3610,0.193780,3.52542,1,0,6.7005,literature,0.40,2.11525,4.93559
47,52,47.5000,52.5000,1.0000,60.0000,0,0.580158,0.02725,3.48095,0.058016,ok,0.194699,,0.194699,3.48095,3.3345,0.195312,3.45192,1,0,6.6480,literature,0.40,2.07115,4.83269
48,52,48.5000,52.5000,1.0000,60.0000,0,0.567510,0.02725,3.40506,0.056751,ok,0.196323,,0.196323,3.40506,3.3069,0.196932,3.37748,1,0,6.5933,literature,0.40,2.02649,4.72847
49,52,49.5000,52.5000,1.0000,60.0000,0,0.554767,0.02725,3.32860,0.055477,ok,0.198035,,0.198035,3.32860,3.2783,0.198630,3.30280,1,0,6.5369,literature,0.40,1.98168,4.62392
50,52,50.5000,52.5000,1.0000,60.0000,0,0.541992,0.02725,3.25195,0.054199,ok,0.199831,,0.199831,3.25195,3.2488,0.200385,3.22900,1,0,6.4797,literature,0.40,1.93740,4.52061
51,52,51.5000,52.5000,1.0000,60.0000,0,0.529249,0.02725,3.17549,0.052925,ok,0.201709,,0.201709,3.17549,3.2186,0.202193,3.15638,1,0,6.4217,literature,0.40,1.89383,4.41893
52,52,52.5000,52.5000,1.0000,60.0000,0,0.516602,0.02725,3.09961,0.051660,ok,0.203665,,0.203665,3.09961,3.1877,0.204028,3.08590,1,0,6.3640,literature,0.40,1.85154,4.32026
53,52,53.5000,52.5000,1.0000,60.0000,0,0.504114,0.02725,3.02468,0.050411,ok,0.205692,,0.205692,3.02468,3.1562,0.205858,3.01873,1,0,6.3074,literature,0.40,1.81124,4.22622
54,52,54.5000,52.5000,1.0000,60.0000,0,0.491850,0.02725,2.95110,0.049185,ok,0.207784,,0.207784,2.95110,3.1245,0.207637,2.95612,1,0,6.2534,literature,0.40,1.77367,4.13857
55,52,55.5000,52.5000,1.0000,60.0000,0,0.479873,0.02725,2.87924,0.047987,ok,0.209929,,0.209929,2.87924,3.0925,0.209321,2.89925,1,0,6.2031,literature,0.40,1.73955,4.05895
56,52,56.5000,52.5000,1.0000,60.0000,0,0.468248,0.02725,2.80949,0.046825,ok,0.212116,,0.212116,2.80949,3.0607,0.210865,2.84898,1,0,6.1576,literature,0.40,1.70939,3.98857
57,52,57.5000,52.5000,1.0000,60.0000,0,0.457038,0.02725,2.74223,0.045704,ok,0.214331,,0.214331,2.74223,3.0290,0.212239,2.80569,1,0,6.1178,literature,0.40,1.68341,3.92796
58,52,58.5000,52.5000,1.0000,60.0000,0,0.446308,0.02725,2.67785,0.044631,ok,0.216555,,0.216555,2.67785,2.9979,0.213449,2.76864,1,0,6.0831,literature,0.40,1.66118,3.87609
59,52,59.5000,52.5000,1.0000,60.0000,0,0.436120,0.02725,2.61672,0.043612,ok,0.218768,,0.218768,2.61672,2.9676,0.214452,2.73863,1,0,6.0546,literature,0.40,1.64318,3.83408
0,53,0.5000,53.5000,1.0000,60.0000,0,0.425578,0.02725,2.55347,0.042558,ok,0.221169,,0.221169,2.55347,2.9354,0.216607,2.67638,1,0,5.9944,literature,0.40,1.60583,3.74694
1,53,1.5000,53.5000,1.0000,60.0000,0,0.435519,0.02725,2.61312,0.043552,ok,0.218902,,0.218902,2.61312,2.9658,0.215572,2.70591,1,0,6.0232,literature,0.40,1.62355,3.78828
2,53,2.5000,53.5000,1.0000,60.0000,0,0.445991,0.02725,2.67594,0.044599,ok,0.216622,,0.216622,2.67594,2.9970,0.214347,2.74175,1,0,6.0576,literature,0.40,1.64505,3.83844
3,53,3.5000,53.5000,1.0000,60.0000,0,0.456930,0.02725,2.74158,0.045693,ok,0.214353,,0.214353,2.74158,3.0287,0.212908,2.78506,1,0,6.0985,literature,0.40,1.67104,3.89909
4,53,4.5000,53.5000,1.0000,60.0000,0,0.468274,0.02725,2.80964,0.046827,ok,0.212111,,0.212111,2.80964,3.0607,0.211314,2.83468,1,0,6.1446,literature,0.40,1.70081,3.96855
5,53,5.5000,53.5000,1.0000,60.0000,0,0.479961,0.02725,2.87976,0.047996,ok,0.209913,,0.209913,2.87976,3.0928,0.209577,2.89080,1,0,6.1955,literature,0.40,1.73448,4.04711
6,53,6.5000,53.5000,1.0000,60.0000,0,0.491928,0.02725,2.95157,0.049193,ok,0.207770,,0.207770,2.95157,3.1247,0.207742,2.95254,1,0,6.2502,literature,0.40,1.77152,4.13355
7,53,7.5000,53.5000,1.0000,60.0000,0,0.504114,0.02725,3.02468,0.050411,ok,0.205692,,0.205692,3.02468,3.1562,0.205858,3.01873,1,0,6.3074,literature,0.40,1.81124,4.22622
8,53,8.5000,53.5000,1.0000,60.0000,0,0.516456,0.02725,3.09873,0.051646,ok,0.203688,,0.203688,3.09873,3.1873,0.203969,3.08812,1,0,6.3658,literature,0.40,1.85287,4.32337
9,53,9.5000,53.5000,1.0000,60.0000,0,0.528891,0.02725,3.17334,0.052889,ok,0.201763,,0.201763,3.17334,3.2177,0.202112,3.15957,1,0,6.4243,literature,0.40,1.89574,4.42340
10,53,10.5000,53.5000,1.0000,60.0000,0,0.541357,0.02725,3.24814,0.054136,ok,0.199922,,0.199922,3.24814,3.2473,0.200310,3.23212,1,0,6.4821,literature,0.40,1.93927,4.52497
11,53,11.5000,53.5000,1.0000,60.0000,0,0.553792,0.02725,3.32275,0.055379,ok,0.198169,,0.198169,3.32275,3.2761,0.198568,3.30546,1,0,6.5390,literature,0.40,1.98328,4.62765
12,53,12.5000,53.5000,1.0000,60.0000,0,0.566134,0.02725,3.39680,0.056613,ok,0.196504,,0.196504,3.39680,3.3038,0.196912,3.37839,1,0,6.5940,literature,0.40,2.02703,4.72974
13,53,13.5000,53.5000,1.0000,60.0000,0,0.578320,0.02725,3.46992,0.057832,ok,0.194931,,0.194931,3.46992,3.3305,0.195342,3.45052,1,0,6.6470,literature,0.40,2.07031,4.83073
14,53,14.5000,53.5000,1.0000,60.0000,0,0.590287,0.02725,3.54172,0.059029,ok,0.193449,,0.193449,3.54172,3.3560,0.193856,3.52168,1,0,6.6979,literature,0.40,2.11301,4.93035
15,53,15.5000,53.5000,1.0000,60.0000,0,0.601974,0.02725,3.61184,0.060197,ok,0.192058,,0.192058,3.61184,3.3803,0.192463,3.59114,1,0,6.7464,literature,0.40,2.15468,5.02760
16,53,16.5000,53.5000,1.0000,60.0000,0,0.613318,0.02725,3.67991,0.061332,ok,0.190759,,0.190759,3.67991,3.4033,0.191158,3.65871,1,0,6.7924,literature,0.40,2.19523,5.12220
17,53,17.5000,53.5000,1.0000,60.0000,0,0.624257,0.02725,3.74554,0.062426,ok,0.189551,,0.189551,3.74554,3.4250,0.189942,3.72403,1,0,6.8359,literature,0.40,2.23442,5.21364
18,53,18.5000,53.5000,1.0000,60.0000,0,0.634728,0.02725,3.80837,0.063473,ok,0.188434,,0.188434,3.80837,3.4453,0.188815,3.78672,1,0,6.8767,literature,0.40,2.27203,5.30140
19,53,19.5000,53.5000,1.0000,60.0000,0,0.644670,0.02725,3.86802,0.064467,ok,0.187407,,0.187407,3.86802,3.4642,0.187775,3.84639,1,0,6.9148,literature,0.40,2.30784,5.38495
20,53,20.5000,53.5000,1.0000,60.0000,0,0.654019,0.02725,3.92411,0.065402,ok,0.186469,,0.186469,3.92411,3.4816,0.186824,3.90267,1,0,6.9500,literature,0.40,2.34160,5.46373
21,53,21.5000,53.5000,1.0000,60.0000,0,0.662713,0.02725,3.97628,0.066271,ok,0.185621,,0.185621,3.97628,3.4975,0.185962,3.95512,1,0,6.9822,literature,0.40,2.37307,5.53717
22,53,22.5000,53.5000,1.0000,60.0000,0,0.670691,0.02725,4.02414,0.067069,ok,0.184862,,0.184862,4.02414,3.5119,0.185190,4.00334,1,0,7.0113,literature,0.40,2.40200,5.60467
23,53,23.5000,53.5000,1.0000,60.0000,0,0.677889,0.02725,4.06733,0.067789,ok,0.184193,,0.184193,4.06733,3.5246,0.184508,4.04688,1,0,7.0373,literature,0.40,2.42813,5.66563
24,53,24.5000,53.5000,1.0000,60.0000,0,0.684245,0.02725,4.10547,0.068425,ok,0.183613,,0.183613,4.10547,3.5358,0.183919,4.08529,1,0,7.0598,literature,0.40,2.45117,5.71940
25,53,25.5000,53.5000,1.0000,60.0000,0,0.689698,0.02725,4.13819,0.068970,ok,0.183125,,0.183125,4.13819,3.5452,0.183423,4.11814,1,0,7.0789,literature,0.40,2.47088,5.76540
26,53,26.5000,53.5000,1.0000,60.0000,0,0.694184,0.02725,4.16511,0.069418,ok,0.182729,,0.182729,4.16511,3.5529,0.183024,4.14502,1,0,7.0943,literature,0.40,2.48701,5.80302
27,53,27.5000,53.5000,1.0000,60.0000,0,0.697642,0.02725,4.18585,0.069764,ok,0.182427,,0.182427,4.18585,3.5588,0.182722,4.16554,1,0,7.1060,literature,0.40,2.49932,5.83176
28,53,28.5000,53.5000,1.0000,60.0000,0,0.700008,0.02725,4.20005,0.070001,ok,0.182222,,0.182222,4.20005,3.5628,0.182520,4.17941,1,0,7.1139,literature,0.40,2.50764,5.85117
29,53,29.5000,53.5000,1.0000,60.0000,0,0.701221,0.02725,4.20733,0.070122,ok,0.182117,,0.182117,4.20733,3.5648,0.182419,4.18640,1,0,7.1178,literature,0.40,2.51184,5.86096
30,53,30.5000,53.5000,1.0000,60.0000,0,0.701221,0.02725,4.20733,0.070122,ok,0.182117,,0.182117,4.20733,3.5648,0.182419,4.18640,1,0,7.1178,literature,0.40,2.51184,5.86096
31,53,31.5000,53.5000,1.0000,60.0000,0,0.700008,0.02725,4.20005,0.070001,ok,0.182222,,0.182222,4.20005,3.5628,0.182520,4.17941,1,0,7.1139,literature,0.40,2.50764,5.85117
32,53,32.5000,53.5000,1.0000,60.0000,0,0.697642,0.02725,4.18585,0.069764,ok,0.182427,,0.182427,4.18585,3.5588,0.182722,4.16554,1,0,7.1060,literature,0.40,2.49932,5.83176
33,53,33.5000,53.5000,1.0000,60.0000,0,0.694184,0.02725,4.16511,0.069418,ok,0.182729,,0.182729,4.16511,3.5529,0.183024,4.14502,1,0,7.0943,literature,0.40,2.48701,5.80302
34,53,34.5000,53.5000,1.0000,60.0000,0,0.689698,0.02725,4.13819,0.068970,ok,0.183125,,0.183125,4.13819,3.5452,0.183423,4.11814,1,0,7.0789,literature,0.40,2.47088,5.76540
35,53,35.5000,53.5000,1.0000,60.0000,0,0.684245,0.02725,4.10547,0.068425,ok,0.183613,,0.183613,4.10547,3.5358,0.183919,4.08529,1,0,7.0598,literature,0.40,2.45117,5.71940
36,53,36.5000,53.5000,1.0000,60.0000,0,0.677889,0.02725,4.06733,0.067789,ok,0.184193,,0.184193,4.06733,3.5246,0.184508,4.04688,1,0,7.0373,literature,0.40,2.42813,5.66563
37,53,37.5000,53.5000,1.0000,60.0000,0,0.670691,0.02725,4.02414,0.067069,ok,0.184862,,0.184862,4.02414,3.5119,0.185190,4.00334,1,0,7.0113,literature,0.40,2.40200,5.60467
38,53,38.5000,53.5000,1.0000,60.0000,0,0.662713,0.02725,3.97628,0.066271,ok,0.185621,,0.185621,3.97628,3.4975,0.185962,3.95512,1,0,6.9822,literature,0.40,2.37307,5.53717
39,53,39.5000,53.5000,1.0000,60.0000,0,0.654019,0.02725,3.92411,0.065402,ok,0.186469,,0.186469,3.92411,3.4816,0.186824,3.90267,1,0,6.9500,literature,0.40,2.34160,5.46373
40,53,40.5000,53.5000,1.0000,60.0000,0,0.644670,0.02725,3.86802,0.064467,ok,0.187407,,0.187407,3.86802,3.4642,0.187775,3.84639,1,0,6.9148,literature,0.40,2.30784,5.38495
41,53,41.5000,53.5000,1.0000,60.0000,0,0.634728,0.02725,3.80837,0.063473,ok,0.188434,,0.188434,3.80837,3.4453,0.188815,3.78672,1,0,6.8767,literature,0.40,2.27203,5.30140
42,53,42.5000,53.5000,1.0000,60.0000,0,0.624257,0.02725,3.74554,0.062426,ok,0.189551,,0.189551,3.74554,3.4250,0.189942,3.72403,1,0,6.8359,literature,0.40,2.23442,5.21364
43,53,43.5000,53.5000,1.0000,60.0000,0,0.613318,0.02725,3.67991,0.061332,ok,0.190759,,0.190759,3.67991,3.4033,0.191158,3.65871,1,0,6.7924,literature,0.40,2.19523,5.12220
44,53,44.5000,53.5000,1.0000,60.0000,0,0.601974,0.02725,3.61184,0.060197,ok,0.192058,,0.192058,3.61184,3.3803,0.192463,3.59114,1,0,6.7464,literature,0.40,2.15468,5.02760
45,53,45.5000,53.5000,1.0000,60.0000,0,0.590287,0.02725,3.54172,0.059029,ok,0.193449,,0.193449,3.54172,3.3560,0.193856,3.52168,1,0,6.6979,literature,0.40,2.11301,4.93035
46,53,46.5000,53.5000,1.0000,60.0000,0,0.578320,0.02725,3.46992,0.057832,ok,0.194931,,0.194931,3.46992,3.3305,0.195342,3.45052,1,0,6.6470,literature,0.40,2.07031,4.83073
47,53,47.5000,53.5000,1.0000,60.0000,0,0.566134,0.02725,3.39680,0.056613,ok,0.196504,,0.196504,3.39680,3.3038,0.196912,3.37839,1,0,6.5940,literature,0.40,2.02703,4.72974
48,53,48.5000,53.5000,1.0000,60.0000,0,0.553792,0.02725,3.32275,0.055379,ok,0.198169,,0.198169,3.32275,3.2761,0.198568,3.30546,1,0,6.5390,literature,0.40,1.98328,4.62765
49,53,49.5000,53.5000,1.0000,60.0000,0,0.541357,0.02725,3.24814,0.054136,ok,0.199922,,0.199922,3.24814,3.2473,0.200310,3.23212,1,0,6.4821,literature,0.40,1.93927,4.52497
50,53,50.5000,53.5000,1.0000,60.0000,0,0.528891,0.02725,3.17334,0.052889,ok,0.201763,,0.201763,3.17334,3.2177,0.202112,3.15957,1,0,6.4243,literature,0.40,1.89574,4.42340
51,53,51.5000,53.5000,1.0000,60.0000,0,0.516456,0.02725,3.09873,0.051646,ok,0.203688,,0.203688,3.09873,3.1873,0.203969,3.08812,1,0,6.3658,literature,0.40,1.85287,4.32337
52,53,52.5000,53.5000,1.0000,60.0000,0,0.504114,0.02725,3.02468,0.050411,ok,0.205692,,0.205692,3.02468,3.1562,0.205858,3.01873,1,0,6.3074,literature,0.40,1.81124,4.22622
53,53,53.5000,53.5000,1.0000,60.0000,0,0.491928,0.02725,2.95157,0.049193,ok,0.207770,,0.207770,2.95157,3.1247,0.207742,2.95254,1,0,6.2502,literature,0.40,1.77152,4.13355
54,53,54.5000,53.5000,1.0000,60.0000,0,0.479961,0.02725,2.87976,0.047996,ok,0.209913,,0.209913,2.87976,3.0928,0.209577,2.89080,1,0,6.1955,literature,0.40,1.73448,4.04711
55,53,55.5000,53.5000,1.0000,60.0000,0,0.468274,0.02725,2.80964,0.046827,ok,0.212111,,0.212111,2.80964,3.0607,0.211314,2.83468,1,0,6.1446,literature,0.40,1.70081,3.96855
56,53,56.5000,53.5000,1.0000,60.0000,0,0.456930,0.02725,2.74158,0.045693,ok,0.214353,,0.214353,2.74158,3.0287,0.212908,2.78506,1,0,6.0985,literature,0.40,1.67104,3.89909
57,53,57.5000,53.5000,1.0000,60.0000,0,0.445991,0.02725,2.67594,0.044599,ok,0.216622,,0.216622,2.67594,2.9970,0.214347,2.74175,1,0,6.0576,literature,0.40,1.64505,3.83844
58,53,58.5000,53.5000,1.0000,60.0000,0,0.435519,0.02725,2.61312,0.043552,ok,0.218902,,0.218902,2.61312,2.9658,0.215572,2.70591,1,0,6.0232,literature,0.40,1.62355,3.78828
59,53,59.5000,53.5000,1.0000,60.0000,0,0.425578,0.02725,2.55347,0.042558,ok,0.221169,,0.221169,2.55347,2.9354,0.216607,2.67638,1,0,5.9944,literature,0.40,1.60583,3.74694
0,54,0.5000,54.5000,1.0000,60.0000,0,0.415225,0.02725,2.49135,0.041522,ok,0.223647,,0.223647,2.49135,2.9029,0.218718,2.61808,1,0,5.9366,literature,0.40,1.57085,3.66531
1,54,1.5000,54.5000,1.0000,60.0000,0,0.424924,0.02725,2.54954,0.042492,ok,0.221322,,0.221322,2.54954,2.9333,0.217652,2.64720,1,0,5.9656,literature,0.40,1.58832,3.70607
2,54,2.5000,54.5000,1.0000,60.0000,0,0.435141,0.02725,2.61084,0.043514,ok,0.218986,,0.218986,2.61084,2.9646,0.216388,2.68257,1,0,6.0005,literature,0.40,1.60954,3.75560
3,54,3.5000,54.5000,1.0000,60.0000,0,0.445813,0.02725,2.67488,0.044581,ok,0.216660,,0.216660,2.67488,2.9965,0.214926,2.72471,1,0,6.0413,literature,0.40,1.63482,3.81459
4,54,4.5000,54.5000,1.0000,60.0000,0,0.456882,0.02725,2.74129,0.045688,ok,0.214363,,0.214363,2.74129,3.0286,0.213260,2.77435,1,0,6.0885,literature,0.40,1.66461,3.88408
5,54,5.5000,54.5000,1.0000,60.0000,0,0.468284,0.02725,2.80971,0.046828,ok,0.212109,,0.212109,2.80971,3.0608,0.211468,2.82981,1,0,6.1401,literature,0.40,1.69789,3.96173
6,54,6.5000,54.5000,1.0000,60.0000,0,0.479961,0.02725,2.87976,0.047996,ok,0.209913,,0.209913,2.87976,3.0928,0.209577,2.89080,1,0,6.1955,literature,0.40,1.73448,4.04711
7,54,7.5000,54.5000,1.0000,60.0000,0,0.491850,0.02725,2.95110,0.049185,ok,0.207784,,0.207784,2.95110,3.1245,0.207637,2.95612,1,0,6.2534,literature,0.40,1.77367,4.13857
8,54,8.5000,54.5000,1.0000,60.0000,0,0.503891,0.02725,3.02335,0.050389,ok,0.205729,,0.205729,3.02335,3.1557,0.205696,3.02455,1,0,6.3124,literature,0.40,1.81473,4.23437
9,54,9.5000,54.5000,1.0000,60.0000,0,0.516024,0.02725,3.09614,0.051602,ok,0.203757,,0.203757,3.09614,3.1862,0.203788,3.09495,1,0,6.3715,literature,0.40,1.85697,4.33293
10,54,10.5000,54.5000,1.0000,60.0000,0,0.528187,0.02725,3.16912,0.052819,ok,0.201870,,0.201870,3.16912,3.2160,0.201939,3.16641,1,0,6.4298,literature,0.40,1.89984,4.43297
11,54,11.5000,54.5000,1.0000,60.0000,0,0.540320,0.02725,3.24192,0.054032,ok,0.200072,,0.200072,3.24192,3.2449,0.200154,3.23856,1,0,6.4872,literature,0.40,1.94313,4.53398
12,54,12.5000,54.5000,1.0000,60.0000,0,0.552361,0.02725,3.31417,0.055236,ok,0.198367,,0.198367,3.31417,3.2728,0.198456,3.31029,1,0,6.5427,literature,0.40,1.98618,4.63441
13,54,13.5000,54.5000,1.0000,60.0000,0,0.564250,0.02725,3.38550,0.056425,ok,0.196754,,0.196754,3.38550,3.2996,0.196848,3.38124,1,0,6.5961,literature,0.40,2.02874,4.73374
14,54,14.5000,54.5000,1.0000,60.0000,0,0.575927,0.02725,3.45556,0.057593,ok,0.195235,,0.195235,3.45556,3.3253,0.195331,3.45103,1,0,6.6473,literature,0.40,2.07062,4.83144
15,54,15.5000,54.5000,1.0000,60.0000,0,0.587329,0.02725,3.52398,0.058733,ok,0.193809,,0.193809,3.52398,3.3498,0.193902,3.51946,1,0,6.6963,literature,0.40,2.11168,4.92725
16,54,16.5000,54.5000,1.0000,60.0000,0,0.598397,0.02725,3.59038,0.059840,ok,0.192478,,0.192478,3.59038,3.3729,0.192568,3.58583,1,0,6.7427,literature,0.40,2.15150,5.02016
17,54,17.5000,54.5000,1.0000,60.0000,0,0.609070,0.02725,3.65442,0.060907,ok,0.191240,,0.191240,3.65442,3.3948,0.191325,3.64993,1,0,6.7865,literature,0.40,2.18996,5.10990
18,54,18.5000,54.5000,1.0000,60.0000,0,0.619287,0.02725,3.71572,0.061929,ok,0.190095,,0.190095,3.71572,3.4152,0.190174,3.71139,1,0,6.8276,literature,0.40,2.22683,5.19594
19,54,19.5000,54.5000,1.0000,60.0000,0,0.628986,0.02725,3.77392,0.062899,ok,0.189042,,0.189042,3.77392,3.4342,0.189115,3.76983,1,0,6.8658,literature,0.40,2.26190,5.27777
20,54,20.5000,54.5000,1.0000,60.0000,0,0.638108,0.02725,3.82865,0.063811,ok,0.188081,,0.188081,3.82865,3.4518,0.188146,3.82488,1,0,6.9012,literature,0.40,2.29493,5.35483
21,54,21.5000,54.5000,1.0000,60.0000,0,0.646591,0.02725,3.87955,0.064659,ok,0.187212,,0.187212,3.87955,3.4678,0.187269,3.87613,1,0,6.9335,literature,0.40,2.32568,5.42658
22,54,22.5000,54.5000,1.0000,60.0000,0,0.654374,0.02725,3.92625,0.065437,ok,0.186434,,0.186434,3.92625,3.4823,0.186485,3.92317,1,0,6.9627,literature,0.40,2.35390,5.49244
23,54,23.5000,54.5000,1.0000,60.0000,0,0.661397,0.02725,3.96838,0.066140,ok,0.185748,,0.185748,3.96838,3.4951,0.185793,3.96560,1,0,6.9886,literature,0.40,2.37936,5.55184
24,54,24.5000,54.5000,1.0000,60.0000,0,0.667599,0.02725,4.00560,0.066760,ok,0.185154,,0.185154,4.00560,3.5064,0.185195,4.00300,1,0,7.0111,literature,0.40,2.40180,5.60420
25,54,25.5000,54.5000,1.0000,60.0000,0,0.672919,0.02725,4.03751,0.067292,ok,0.184653,,0.184653,4.03751,3.5159,0.184693,4.03495,1,0,7.0302,literature,0.40,2.42097,5.64893
26,54,26.5000,54.5000,1.0000,60.0000,0,0.677296,0.02725,4.06378,0.067730,ok,0.184247,,0.184247,4.06378,3.5236,0.184289,4.06107,1,0,7.0456,literature,0.40,2.43664,5.68549
27,54,27.5000,54.5000,1.0000,60.0000,0,0.680670,0.02725,4.08402,0.068067,ok,0.183938,,0.183938,4.08402,3.5295,0.183984,4.08100,1,0,7.0573,literature,0.40,2.44860,5.71340
28,54,28.5000,54.5000,1.0000,60.0000,0,0.682979,0.02725,4.09787,0.068298,ok,0.183728,,0.183728,4.09787,3.5336,0.183779,4.09447,1,0,7.0652,literature,0.40,2.45668,5.73225
29,54,29.5000,54.5000,1.0000,60.0000,0,0.684162,0.02725,4.10497,0.068416,ok,0.183621,,0.183621,4.10497,3.5356,0.183677,4.10125,1,0,7.0691,literature,0.40,2.46075,5.74175
30,54,30.5000,54.5000,1.0000,60.0000,0,0.684162,0.02725,4.10497,0.068416,ok,0.183621,,0.183621,4.10497,3.5356,0.183677,4.10125,1,0,7.0691,literature,0.40,2.46075,5.74175
31,54,31.5000,54.5000,1.0000,60.0000,0,0.682979,0.02725,4.09787,0.068298,ok,0.183728,,0.183728,4.09787,3.5336,0.183779,4.09447,1,0,7.0652,literature,0.40,2.45668,5.73225
32,54,32.5000,54.5000,1.0000,60.0000,0,0.680670,0.02725,4.08402,0.068067,ok,0.183938,,0.183938,4.08402,3.5295,0.183984,4.08100,1,0,7.0573,literature,0.40,2.44860,5.71340
33,54,33.5000,54.5000,1.0000,60.0000,0,0.677296,0.02725,4.06378,0.067730,ok,0.184247,,0.184247,4.06378,3.5236,0.184289,4.06107,1,0,7.0456,literature,0.40,2.43664,5.68549
34,54,34.5000,54.5000,1.0000,60.0000,0,0.672919,0.02725,4.03751,0.067292,ok,0.184653,,0.184653,4.03751,3.5159,0.184693,4.03495,1,0,7.0302,literature,0.40,2.42097,5.64893
35,54,35.5000,54.5000,1.0000,60.0000,0,0.667599,0.02725,4.00560,0.066760,ok,0.185154,,0.185154,4.00560,3.5064,0.185195,4.00300,1,0,7.0111,literature,0.40,2.40180,5.60420
36,54,36.5000,54.5000,1.0000,60.0000,0,0.661397,0.02725,3.96838,0.066140,ok,0.185748,,0.185748,3.96838,3.4951,0.185793,3.96560,1,0,6.9886,literature,0.40,2.37936,5.55184
37,54,37.5000,54.5000,1.0000,60.0000,0,0.654374,0.02725,3.92625,0.065437,ok,0.186434,,0.186434,3.92625,3.4823,0.186485,3.92317,1,0,6.9627,literature,0.40,2.35390,5.49244
38,54,38.5000,54.5000,1.0000,60.0000,0,0.646591,0.02725,3.87955,0.064659,ok,0.187212,,0.187212,3.87955,3.4678,0.187269,3.87613,1,0,6.9335,literature,0.40,2.32568,5.42658
39,54,39.5000,54.5000,1.0000,60.0000,0,0.638108,0.02725,3.82865,0.063811,ok,0.188081,,0.188081,3.82865,3.4518,0.188146,3.82488,1,0,6.9012,literature,0.40,2.29493,5.35483
40,54,40.5000,54.5000,1.0000,60.0000,0,0.628986,0.02725,3.77392,0.062899,ok,0.189042,,0.189042,3.77392,3.4342,0.189115,3.76983,1,0,6.8658,literature,0.40,2.26190,5.27777
41,54,41.5000,54.5000,1.0000,60.0000,0,0.619287,0.02725,3.71572,0.061929,ok,0.190095,,0.190095,3.71572,3.4152,0.190174,3.71139,1,0,6.8276,literature,0.40,2.22683,5.19594
42,54,42.5000,54.5000,1.0000,60.0000,0,0.609070,0.02725,3.65442,0.060907,ok,0.191240,,0.191240,3.65442,3.3948,0.191325,3.64993,1,0,6.7865,literature,0.40,2.18996,5.10990
43,54,43.5000,54.5000,1.0000,60.0000,0,0.598397,0.02725,3.59038,0.059840,ok,0.192478,,0.192478,3.59038,3.3729,0.192568,3.58583,1,0,6.7427,literature,0.40,2.15150,5.02016
44,54,44.5000,54.5000,1.0000,60.0000,0,0.587329,0.02725,3.52398,0.058733,ok,0.193809,,0.193809,3.52398,3.3498,0.193902,3.51946,1,0,6.6963,literature,0.40,2.11168,4.92725
45,54,45.5000,54.5000,1.0000,60.0000,0,0.575927,0.02725,3.45556,0.057593,ok,0.195235,,0.195235,3.45556,3.3253,0.195331,3.45103,1,0,6.6473,literature,0.40,2.07062,4.83144
46,54,46.5000,54.5000,1.0000,60.0000,0,0.564250,0.02725,3.38550,0.056425,ok,0.196754,,0.196754,3.38550,3.2996,0.196848,3.38124,1,0,6.5961,literature,0.40,2.02874,4.73374
47,54,47.5000,54.5000,1.0000,60.0000,0,0.552361,0.02725,3.31417,0.055236,ok,0.198367,,0.198367,3.31417,3.2728,0.198456,3.31029,1,0,6.5427,literature,0.40,1.98618,4.63441
48,54,48.5000,54.5000,1.0000,60.0000,0,0.540320,0.02725,3.24192,0.054032,ok,0.200072,,0.200072,3.24192,3.2449,0.200154,3.23856,1,0,6.4872,literature,0.40,1.94313,4.53398
49,54,49.5000,54.5000,1.0000,60.0000,0,0.528187,0.02725,3.16912,0.052819,ok,0.201870,,0.201870,3.16912,3.2160,0.201939,3.16641,1,0,6.4298,literature,0.40,1.89984,4.43297
50,54,50.5000,54.5000,1.0000,60.0000,0,0.516024,0.02725,3.09614,0.051602,ok,0.203757,,0.203757,3.09614,3.1862,0.203788,3.09495,1,0,6.3715,literature,0.40,1.85697,4.33293
51,54,51.5000,54.5000,1.0000,60.0000,0,0.503891,0.02725,3.02335,0.050389,ok,0.205729,,0.205729,3.02335,3.1557,0.205696,3.02455,1,0,6.3124,literature,0.40,1.81473,4.23437
52,54,52.5000,54.5000,1.0000,60.0000,0,0.491850,0.02725,2.95110,0.049185,ok,0.207784,,0.207784,2.95110,3.1245,0.207637,2.95612,1,0,6.2534,literature,0.40,1.77367,4.13857
53,54,53.5000,54.5000,1.0000,60.0000,0,0.479961,0.02725,2.87976,0.047996,ok,0.209913,,0.209913,2.87976,3.0928,0.209577,2.89080,1,0,6.1955,literature,0.40,1.73448,4.04711
54,54,54.5000,54.5000,1.0000,60.0000,0,0.468284,0.02725,2.80971,0.046828,ok,0.212109,,0.212109,2.80971,3.0608,0.211468,2.82981,1,0,6.1401,literature,0.40,1.69789,3.96173
55,54,55.5000,54.5000,1.0000,60.0000,0,0.456882,0.02725,2.74129,0.045688,ok,0.214363,,0.214363,2.74129,3.0286,0.213260,2.77435,1,0,6.0885,literature,0.40,1.66461,3.88408
56,54,56.5000,54.5000,1.0000,60.0000,0,0.445813,0.02725,2.67488,0.044581,ok,0.216660,,0.216660,2.67488,2.9965,0.214926,2.72471,1,0,6.0413,literature,0.40,1.63482,3.81459
57,54,57.5000,54.5000,1.0000,60.0000,0,0.435141,0.02725,2.61084,0.043514,ok,0.218986,,0.218986,2.61084,2.9646,0.216388,2.68257,1,0,6.0005,literature,0.40,1.60954,3.75560
58,54,58.5000,54.5000,1.0000,60.0000,0,0.424924,0.02725,2.54954,0.042492,ok,0.221322,,0.221322,2.54954,2.9333,0.217652,2.64720,1,0,5.9656,literature,0.40,1.58832,3.70607
59,54,59.5000,54.5000,1.0000,60.0000,0,0.415225,0.02725,2.49135,0.041522,ok,0.223647,,0.223647,2.49135,2.9029,0.218718,2.61808,1,0,5.9366,literature,0.40,1.57085,3.66531
0,55,0.5000,55.5000,1.0000,60.0000,0,0.405114,0.02725,2.43068,0.040511,ok,0.226173,,0.226173,2.43068,2.8704,0.220724,2.56497,1,0,5.8826,literature,0.40,1.53898,3.59096
1,55,1.5000,55.5000,1.0000,60.0000,0,0.414577,0.02725,2.48746,0.041458,ok,0.223806,,0.223806,2.48746,2.9008,0.219628,2.59371,1,0,5.9119,literature,0.40,1.55622,3.63119
2,55,2.5000,55.5000,1.0000,60.0000,0,0.424545,0.02725,2.54727,0.042455,ok,0.221411,,0.221411,2.54727,2.9322,0.218327,2.62868,1,0,5.9472,literature,0.40,1.57721,3.68015
3,55,3.5000,55.5000,1.0000,60.0000,0,0.434958,0.02725,2.60975,0.043496,ok,0.219027,,0.219027,2.60975,2.9641,0.216820,2.67037,1,0,5.9885,literature,0.40,1.60222,3.73852
4,55,4.5000,55.5000,1.0000,60.0000,0,0.445757,0.02725,2.67454,0.044576,ok,0.216672,,0.216672,2.67454,2.9963,0.215126,2.71886,1,0,6.0357,literature,0.40,1.63132,3.80640
5,55,5.5000,55.5000,1.0000,60.0000,0,0.456882,0.02725,2.74129,0.045688,ok,0.214363,,0.214363,2.74129,3.0286,0.213260,2.77435,1,0,6.0885,literature,0.40,1.66461,3.88408
6,55,6.5000,55.5000,1.0000,60.0000,0,0.468274,0.02725,2.80964,0.046827,ok,0.212111,,0.212111,2.80964,3.0607,0.211314,2.83468,1,0,6.1446,literature,0.40,1.70081,3.96855
7,55,7.5000,55.5000,1.0000,60.0000,0,0.479873,0.02725,2.87924,0.047987,ok,0.209929,,0.209929,2.87924,3.0925,0.209321,2.89925,1,0,6.2031,literature,0.40,1.73955,4.05895
8,55,8.5000,55.5000,1.0000,60.0000,0,0.491622,0.02725,2.94973,0.049162,ok,0.207823,,0.207823,2.94973,3.1239,0.207328,2.96683,1,0,6.2627,literature,0.40,1.78010,4.15357
9,55,9.5000,55.5000,1.0000,60.0000,0,0.503459,0.02725,3.02075,0.050346,ok,0.205801,,0.205801,3.02075,3.1546,0.205371,3.03631,1,0,6.3224,literature,0.40,1.82179,4.25084
10,55,10.5000,55.5000,1.0000,60.0000,0,0.515326,0.02725,3.09195,0.051533,ok,0.203868,,0.203868,3.09195,3.1845,0.203476,3.10679,1,0,6.3813,literature,0.40,1.86407,4.34951
11,55,11.5000,55.5000,1.0000,60.0000,0,0.527163,0.02725,3.16298,0.052716,ok,0.202025,,0.202025,3.16298,3.2135,0.201649,3.17789,1,0,6.4391,literature,0.40,1.90674,4.44905
12,55,12.5000,55.5000,1.0000,60.0000,0,0.538911,0.02725,3.23347,0.053891,ok,0.200277,,0.200277,3.23347,3.2416,0.199912,3.24859,1,0,6.4950,literature,0.40,1.94915,4.54802
13,55,13.5000,55.5000,1.0000,60.0000,0,0.550511,0.02725,3.30306,0.055051,ok,0.198624,,0.198624,3.30306,3.2686,0.198267,3.31849,1,0,6.5489,literature,0.40,1.99110,4.64589
14,55,14.5000,55.5000,1.0000,60.0000,0,0.561903,0.02725,3.37142,0.056190,ok,0.197067,,0.197067,3.37142,3.2944,0.196715,3.38725,1,0,6.6006,literature,0.40,2.03235,4.74214
15,55,15.5000,55.5000,1.0000,60.0000,0,0.573028,0.02725,3.43817,0.057303,ok,0.195606,,0.195606,3.43817,3.3190,0.195258,3.45447,1,0,6.6498,literature,0.40,2.07268,4.83626
16,55,16.5000,55.5000,1.0000,60.0000,0,0.583827,0.02725,3.50296,0.058383,ok,0.194241,,0.194241,3.50296,3.3423,0.193891,3.51998,1,0,6.6967,literature,0.40,2.11199,4.92797
17,55,17.5000,55.5000,1.0000,60.0000,0,0.594239,0.02725,3.56544,0.059424,ok,0.192972,,0.192972,3.56544,3.3643,0.192622,3.58306,1,0,6.7408,literature,0.40,2.14983,5.01628
18,55,18.5000,55.5000,1.0000,60.0000,0,0.604207,0.02725,3.62524,0.060421,ok,0.191799,,0.191799,3.62524,3.3849,0.191448,3.64349,1,0,6.7822,literature,0.40,2.18610,5.10089
19,55,19.5000,55.5000,1.0000,60.0000,0,0.613670,0.02725,3.68202,0.061367,ok,0.190719,,0.190719,3.68202,3.4040,0.190368,3.70092,1,0,6.8206,literature,0.40,2.22055,5.18129
20,55,20.5000,55.5000,1.0000,60.0000,0,0.622570,0.02725,3.73542,0.062257,ok,0.189735,,0.189735,3.73542,3.4217,0.189381,3.75496,1,0,6.8562,literature,0.40,2.25298,5.25695
21,55,21.5000,55.5000,1.0000,60.0000,0,0.630846,0.02725,3.78508,0.063085,ok,0.188844,,0.188844,3.78508,3.4378,0.188489,3.80523,1,0,6.8886,literature,0.40,2.28314,5.32732
22,55,22.5000,55.5000,1.0000,60.0000,0,0.638440,0.02725,3.83064,0.063844,ok,0.188046,,0.188046,3.83064,3.4524,0.187691,3.85132,1,0,6.9179,literature,0.40,2.31079,5.39185
23,55,23.5000,55.5000,1.0000,60.0000,0,0.645292,0.02725,3.87175,0.064529,ok,0.187343,,0.187343,3.87175,3.4654,0.186988,3.89286,1,0,6.9439,literature,0.40,2.33572,5.45000
24,55,24.5000,55.5000,1.0000,60.0000,0,0.651343,0.02725,3.90806,0.065134,ok,0.186735,,0.186735,3.90806,3.4767,0.186382,3.92943,1,0,6.9665,literature,0.40,2.35766,5.50120
25,55,25.5000,55.5000,1.0000,60.0000,0,0.656534,0.02725,3.93920,0.065653,ok,0.186221,,0.186221,3.93920,3.4863,0.185873,3.96065,1,0,6.9856,literature,0.40,2.37639,5.54492
26,55,26.5000,55.5000,1.0000,60.0000,0,0.660804,0.02725,3.96482,0.066080,ok,0.185805,,0.185805,3.96482,3.4941,0.185463,3.98616,1,0,7.0010,literature,0.40,2.39170,5.58062
27,55,27.5000,55.5000,1.0000,60.0000,0,0.664095,0.02725,3.98457,0.066410,ok,0.185488,,0.185488,3.98457,3.5000,0.185154,4.00562,1,0,7.0127,literature,0.40,2.40337,5.60786
28,55,28.5000,55.5000,1.0000,60.0000,0,0.666348,0.02725,3.99809,0.066635,ok,0.185273,,0.185273,3.99809,3.5041,0.184947,4.01875,1,0,7.0206,literature,0.40,2.41125,5.62625
29,55,29.5000,55.5000,1.0000,60.0000,0,0.667503,0.02725,4.00502,0.066750,ok,0.185163,,0.185163,4.00502,3.5062,0.184843,4.02537,1,0,7.0245,literature,0.40,2.41522,5.63552
30,55,30.5000,55.5000,1.0000,60.0000,0,0.667503,0.02725,4.00502,0.066750,ok,0.185163,,0.185163,4.00502,3.5062,0.184843,4.02537,1,0,7.0245,literature,0.40,2.41522,5.63552
31,55,31.5000,55.5000,1.0000,60.0000,0,0.666348,0.02725,3.99809,0.066635,ok,0.185273,,0.185273,3.99809,3.5041,0.184947,4.01875,1,0,7.0206,literature,0.40,2.41125,5.62625
32,55,32.5000,55.5000,1.0000,60.0000,0,0.664095,0.02725,3.98457,0.066410,ok,0.185488,,0.185488,3.98457,3.5000,0.185154,4.00562,1,0,7.0127,literature,0.40,2.40337,5.60786
33,55,33.5000,55.5000,1.0000,60.0000,0,0.660804,0.02725,3.96482,0.066080,ok,0.185805,,0.185805,3.96482,3.4941,0.185463,3.98616,1,0,7.0010,literature,0.40,2.39170,5.58062
34,55,34.5000,55.5000,1.0000,60.0000,0,0.656534,0.02725,3.93920,0.065653,ok,0.186221,,0.186221,3.93920,3.4863,0.185873,3.96065,1,0,6.9856,literature,0.40,2.37639,5.54492
35,55,35.5000,55.5000,1.0000,60.0000,0,0.651343,0.02725,3.90806,0.065134,ok,0.186735,,0.186735,3.90806,3.4767,0.186382,3.92943,1,0,6.9665,literature,0.40,2.35766,5.50120
36,55,36.5000,55.5000,1.0000,60.0000,0,0.645292,0.02725,3.87175,0.064529,ok,0.187343,,0.187343,3.87175,3.4654,0.186988,3.89286,1,0,6.9439,literature,0.40,2.33572,5.45000
37,55,37.5000,55.5000,1.0000,60.0000,0,0.638440,0.02725,3.83064,0.063844,ok,0.188046,,0.188046,3.83064,3.4524,0.187691,3.85132,1,0,6.9179,literature,0.40,2.31079,5.39185
38,55,38.5000,55.5000,1.0000,60.0000,0,0.630846,0.02725,3.78508,0.063085,ok,0.188844,,0.188844,3.78508,3.4378,0.188489,3.80523,1,0,6.8886,literature,0.40,2.28314,5.32732
39,55,39.5000,55.5000,1.0000,60.0000,0,0.622570,0.02725,3.73542,0.062257,ok,0.189735,,0.189735,3.73542,3.4217,0.189381,3.75496,1,0,6.8562,literature,0.40,2.25298,5.25695
40,55,40.5000,55.5000,1.0000,60.0000,0,0.613670,0.02725,3.68202,0.061367,ok,0.190719,,0.190719,3.68202,3.4040,0.190368,3.70092,1,0,6.8206,literature,0.40,2.22055,5.18129
41,55,41.5000,55.5000,1.0000,60.0000,0,0.604207,0.02725,3.62524,0.060421,ok,0.191799,,0.191799,3.62524,3.3849,0.191448,3.64349,1,0,6.7822,literature,0.40,2.18610,5.10089
42,55,42.5000,55.5000,1.0000,60.0000,0,0.594239,0.02725,3.56544,0.059424,ok,0.192972,,0.192972,3.56544,3.3643,0.192622,3.58306,1,0,6.7408,literature,0.40,2.14983,5.01628
43,55,43.5000,55.5000,1.0000,60.0000,0,0.583827,0.02725,3.50296,0.058383,ok,0.194241,,0.194241,3.50296,3.3423,0.193891,3.51998,1,0,6.6967,literature,0.40,2.11199,4.92797
44,55,44.5000,55.5000,1.0000,60.0000,0,0.573028,0.02725,3.43817,0.057303,ok,0.195606,,0.195606,3.43817,3.3190,0.195258,3.45447,1,0,6.6498,literature,0.40,2.07268,4.83626
45,55,45.5000,55.5000,1.0000,60.0000,0,0.561903,0.02725,3.37142,0.056190,ok,0.197067,,0.197067,3.37142,3.2944,0.196715,3.38725,1,0,6.6006,literature,0.40,2.03235,4.74214
46,55,46.5000,55.5000,1.0000,60.0000,0,0.550511,0.02725,3.30306,0.055051,ok,0.198624,,0.198624,3.30306,3.2686,0.198267,3.31849,1,0,6.5489,literature,0.40,1.99110,4.64589
47,55,47.5000,55.5000,1.0000,60.0000,0,0.538911,0.02725,3.23347,0.053891,ok,0.200277,,0.200277,3.23347,3.2416,0.199912,3.24859,1,0,6.4950,literature,0.40,1.94915,4.54802
48,55,48.5000,55.5000,1.0000,60.0000,0,0.527163,0.02725,3.16298,0.052716,ok,0.202025,,0.202025,3.16298,3.2135,0.201649,3.17789,1,0,6.4391,literature,0.40,1.90674,4.44905
49,55,49.5000,55.5000,1.0000,60.0000,0,0.515326,0.02725,3.09195,0.051533,ok,0.203868,,0.203868,3.09195,3.1845,0.203476,3.10679,1,0,6.3813,literature,0.40,1.86407,4.34951
50,55,50.5000,55.5000,1.0000,60.0000,0,0.503459,0.02725,3.02075,0.050346,ok,0.205801,,0.205801,3.02075,3.1546,0.205371,3.03631,1,0,6.3224,literature,0.40,1.82179,4.25084
51,55,51.5000,55.5000,1.0000,60.0000,0,0.491622,0.02725,2.94973,0.049162,ok,0.207823,,0.207823,2.94973,3.1239,0.207328,2.96683,1,0,6.2627,literature,0.40,1.78010,4.15357
52,55,52.5000,55.5000,1.0000,60.0000,0,0.479873,0.02725,2.87924,0.047987,ok,0.209929,,0.209929,2.87924,3.0925,0.209321,2.89925,1,0,6.2031,literature,0.40,1.73955,4.05895
53,55,53.5000,55.5000,1.0000,60.0000,0,0.468274,0.02725,2.80964,0.046827,ok,0.212111,,0.212111,2.80964,3.0607,0.211314,2.83468,1,0,6.1446,literature,0.40,1.70081,3.96855
54,55,54.5000,55.5000,1.0000,60.0000,0,0.456882,0.02725,2.74129,0.045688,ok,0.214363,,0.214363,2.74129,3.0286,0.213260,2.77435,1,0,6.0885,literature,0.40,1.66461,3.88408
55,55,55.5000,55.5000,1.0000,60.0000,0,0.445757,0.02725,2.67454,0.044576,ok,0.216672,,0.216672,2.67454,2.9963,0.215126,2.71886,1,0,6.0357,literature,0.40,1.63132,3.80640
56,55,56.5000,55.5000,1.0000,60.0000,0,0.434958,0.02725,2.60975,0.043496,ok,0.219027,,0.219027,2.60975,2.9641,0.216820,2.67037,1,0,5.9885,literature,0.40,1.60222,3.73852
57,55,57.5000,55.5000,1.0000,60.0000,0,0.424545,0.02725,2.54727,0.042455,ok,0.221411,,0.221411,2.54727,2.9322,0.218327,2.62868,1,0,5.9472,literature,0.40,1.57721,3.68015
58,55,58.5000,55.5000,1.0000,60.0000,0,0.414577,0.02725,2.48746,0.041458,ok,0.223806,,0.223806,2.48746,2.9008,0.219628,2.59371,1,0,5.9119,literature,0.40,1.55622,3.63119
59,55,59.5000,55.5000,1.0000,60.0000,0,0.405114,0.02725,2.43068,0.040511,ok,0.226173,,0.226173,2.43068,2.8704,0.220724,2.56497,1,0,5.8826,literature,0.40,1.53898,3.59096
0,56,0.5000,56.5000,1.0000,60.0000,0,0.395300,0.02725,2.37180,0.039530,ok,0.228567,,0.228567,2.37180,2.8404,0.222560,2.51823,1,0,5.8341,literature,0.40,1.51094,3.52552
1,56,1.5000,56.5000,1.0000,60.0000,0,0.404534,0.02725,2.42720,0.040453,ok,0.226312,,0.226312,2.42720,2.8687,0.221443,2.54645,1,0,5.8635,literature,0.40,1.52787,3.56503
2,56,2.5000,56.5000,1.0000,60.0000,0,0.414260,0.02725,2.48556,0.041426,ok,0.223884,,0.223884,2.48556,2.8998,0.220109,2.58103,1,0,5.8990,literature,0.40,1.54862,3.61344
3,56,3.5000,56.5000,1.0000,60.0000,0,0.424421,0.02725,2.54653,0.042442,ok,0.221440,,0.221440,2.54653,2.9318,0.218561,2.62232,1,0,5.9408,literature,0.40,1.57339,3.67125
4,56,4.5000,56.5000,1.0000,60.0000,0,0.434958,0.02725,2.60975,0.043496,ok,0.219027,,0.219027,2.60975,2.9641,0.216820,2.67037,1,0,5.9885,literature,0.40,1.60222,3.73852
5,56,5.5000,56.5000,1.0000,60.0000,0,0.445813,0.02725,2.67488,0.044581,ok,0.216660,,0.216660,2.67488,2.9965,0.214926,2.72471,1,0,6.0413,literature,0.40,1.63482,3.81459
6,56,6.5000,56.5000,1.0000,60.0000,0,0.456930,0.02725,2.74158,0.045693,ok,0.214353,,0.214353,2.74158,3.0287,0.212908,2.78506,1,0,6.0985,literature,0.40,1.67104,3.89909
7,56,7.5000,56.5000,1.0000,60.0000,0,0.468248,0.02725,2.80949,0.046825,ok,0.212116,,0.212116,2.80949,3.0607,0.210865,2.84898,1,0,6.1576,literature,0.40,1.70939,3.98857
8,56,8.5000,56.5000,1.0000,60.0000,0,0.479712,0.02725,2.87827,0.047971,ok,0.209959,,0.209959,2.87827,3.0921,0.208824,2.91581,1,0,6.2178,literature,0.40,1.74949,4.08213
9,56,9.5000,56.5000,1.0000,60.0000,0,0.491262,0.02725,2.94757,0.049126,ok,0.207886,,0.207886,2.94757,3.1229,0.206822,2.98448,1,0,6.2780,literature,0.40,1.79069,4.17827
10,56,10.5000,56.5000,1.0000,60.0000,0,0.502842,0.02725,3.01705,0.050284,ok,0.205904,,0.205904,3.01705,3.1530,0.204885,3.05409,1,0,6.3374,literature,0.40,1.83246,4.27573
11,56,11.5000,56.5000,1.0000,60.0000,0,0.514392,0.02725,3.08635,0.051439,ok,0.204016,,0.204016,3.08635,3.1822,0.203019,3.12427,1,0,6.3956,literature,0.40,1.87456,4.37398
12,56,12.5000,56.5000,1.0000,60.0000,0,0.525856,0.02725,3.15513,0.052586,ok,0.202225,,0.202225,3.15513,3.2104,0.201245,3.19404,1,0,6.4520,literature,0.40,1.91642,4.47165
13,56,13.5000,56.5000,1.0000,60.0000,0,0.537174,0.02725,3.22305,0.053717,ok,0.200531,,0.200531,3.22305,3.2375,0.199566,3.26303,1,0,6.5063,literature,0.40,1.95782,4.56824
14,56,14.5000,56.5000,1.0000,60.0000,0,0.548291,0.02725,3.28974,0.054829,ok,0.198935,,0.198935,3.28974,3.2635,0.197983,3.33087,1,0,6.5583,literature,0.40,1.99852,4.66322
15,56,15.5000,56.5000,1.0000,60.0000,0,0.559146,0.02725,3.35488,0.055915,ok,0.197438,,0.197438,3.35488,3.2882,0.196496,3.39720,1,0,6.6079,literature,0.40,2.03832,4.75608
16,56,16.5000,56.5000,1.0000,60.0000,0,0.569683,0.02725,3.41810,0.056968,ok,0.196039,,0.196039,3.41810,3.3117,0.195106,3.46164,1,0,6.6550,literature,0.40,2.07698,4.84630
17,56,17.5000,56.5000,1.0000,60.0000,0,0.579844,0.02725,3.47906,0.057984,ok,0.194739,,0.194739,3.47906,3.3338,0.193808,3.52402,1,0,6.6996,literature,0.40,2.11441,4.93363
18,56,18.5000,56.5000,1.0000,60.0000,0,0.589570,0.02725,3.53742,0.058957,ok,0.193536,,0.193536,3.53742,3.3545,0.192612,3.58360,1,0,6.7412,literature,0.40,2.15016,5.01704
19,56,19.5000,56.5000,1.0000,60.0000,0,0.598804,0.02725,3.59282,0.059880,ok,0.192430,,0.192430,3.59282,3.3738,0.191511,3.64018,1,0,6.7799,literature,0.40,2.18411,5.09625
20,56,20.5000,56.5000,1.0000,60.0000,0,0.607488,0.02725,3.64493,0.060749,ok,0.191421,,0.191421,3.64493,3.3916,0.190507,3.69339,1,0,6.8156,literature,0.40,2.21603,5.17074
21,56,21.5000,56.5000,1.0000,60.0000,0,0.615564,0.02725,3.69338,0.061556,ok,0.190508,,0.190508,3.69338,3.4078,0.189600,3.74285,1,0,6.8483,literature,0.40,2.24571,5.23999
22,56,22.5000,56.5000,1.0000,60.0000,0,0.622974,0.02725,3.73784,0.062297,ok,0.189691,,0.189691,3.73784,3.4225,0.188789,3.78818,1,0,6.8777,literature,0.40,2.27291,5.30345
23,56,23.5000,56.5000,1.0000,60.0000,0,0.629660,0.02725,3.77796,0.062966,ok,0.188970,,0.188970,3.77796,3.4355,0.188075,3.82899,1,0,6.9038,literature,0.40,2.29739,5.36059
24,56,24.5000,56.5000,1.0000,60.0000,0,0.635564,0.02725,3.81339,0.063556,ok,0.188346,,0.188346,3.81339,3.4469,0.187459,3.86490,1,0,6.9265,literature,0.40,2.31894,5.41086
25,56,25.5000,56.5000,1.0000,60.0000,0,0.640629,0.02725,3.84377,0.064063,ok,0.187820,,0.187820,3.84377,3.4566,0.186943,3.89554,1,0,6.9456,literature,0.40,2.33732,5.45376
26,56,26.5000,56.5000,1.0000,60.0000,0,0.644796,0.02725,3.86878,0.064480,ok,0.187394,,0.187394,3.86878,3.4644,0.186528,3.92055,1,0,6.9611,literature,0.40,2.35233,5.48878
27,56,27.5000,56.5000,1.0000,60.0000,0,0.648007,0.02725,3.88804,0.064801,ok,0.187069,,0.187069,3.88804,3.4705,0.186215,3.93963,1,0,6.9728,literature,0.40,2.36378,5.51548
28,56,28.5000,56.5000,1.0000,60.0000,0,0.650206,0.02725,3.90123,0.065021,ok,0.186848,,0.186848,3.90123,3.4746,0.186005,3.95250,1,0,6.9806,literature,0.40,2.37150,5.53350
29,56,29.5000,56.5000,1.0000,60.0000,0,0.651332,0.02725,3.90799,0.065133,ok,0.186736,,0.186736,3.90799,3.4767,0.185900,3.95899,1,0,6.9846,literature,0.40,2.37539,5.54258
30,56,30.5000,56.5000,1.0000,60.0000,0,0.651332,0.02725,3.90799,0.065133,ok,0.186736,,0.186736,3.90799,3.4767,0.185900,3.95899,1,0,6.9846,literature,0.40,2.37539,5.54258
31,56,31.5000,56.5000,1.0000,60.0000,0,0.650206,0.02725,3.90123,0.065021,ok,0.186848,,0.186848,3.90123,3.4746,0.186005,3.95250,1,0,6.9806,literature,0.40,2.37150,5.53350
32,56,32.5000,56.5000,1.0000,60.0000,0,0.648007,0.02725,3.88804,0.064801,ok,0.187069,,0.187069,3.88804,3.4705,0.186215,3.93963,1,0,6.9728,literature,0.40,2.36378,5.51548
33,56,33.5000,56.5000,1.0000,60.0000,0,0.644796,0.02725,3.86878,0.064480,ok,0.187394,,0.187394,3.86878,3.4644,0.186528,3.92055,1,0,6.9611,literature,0.40,2.35233,5.48878
34,56,34.5000,56.5000,1.0000,60.0000,0,0.640629,0.02725,3.84377,0.064063,ok,0.187820,,0.187820,3.84377,3.4566,0.186943,3.89554,1,0,6.9456,literature,0.40,2.33732,5.45376
35,56,35.5000,56.5000,1.0000,60.0000,0,0.635564,0.02725,3.81339,0.063556,ok,0.188346,,0.188346,3.81339,3.4469,0.187459,3.86490,1,0,6.9265,literature,0.40,2.31894,5.41086
36,56,36.5000,56.5000,1.0000,60.0000,0,0.629660,0.02725,3.77796,0.062966,ok,0.188970,,0.188970,3.77796,3.4355,0.188075,3.82899,1,0,6.9038,literature,0.40,2.29739,5.36059
37,56,37.5000,56.5000,1.0000,60.0000,0,0.622974,0.02725,3.73784,0.062297,ok,0.189691,,0.189691,3.73784,3.4225,0.188789,3.78818,1,0,6.8777,literature,0.40,2.27291,5.30345
38,56,38.5000,56.5000,1.0000,60.0000,0,0.615564,0.02725,3.69338,0.061556,ok,0.190508,,0.190508,3.69338,3.4078,0.189600,3.74285,1,0,6.8483,literature,0.40,2.24571,5.23999
39,56,39.5000,56.5000,1.0000,60.0000,0,0.607488,0.02725,3.64493,0.060749,ok,0.191421,,0.191421,3.64493,3.3916,0.190507,3.69339,1,0,6.8156,literature,0.40,2.21603,5.17074
40,56,40.5000,56.5000,1.0000,60.0000,0,0.598804,0.02725,3.59282,0.059880,ok,0.192430,,0.192430,3.59282,3.3738,0.191511,3.64018,1,0,6.7799,literature,0.40,2.18411,5.09625
41,56,41.5000,56.5000,1.0000,60.0000,0,0.589570,0.02725,3.53742,0.058957,ok,0.193536,,0.193536,3.53742,3.3545,0.192612,3.58360,1,0,6.7412,literature,0.40,2.15016,5.01704
42,56,42.5000,56.5000,1.0000,60.0000,0,0.579844,0.02725,3.47906,0.057984,ok,0.194739,,0.194739,3.47906,3.3338,0.193808,3.52402,1,0,6.6996,literature,0.40,2.11441,4.93363
43,56,43.5000,56.5000,1.0000,60.0000,0,0.569683,0.02725,3.41810,0.056968,ok,0.196039,,0.196039,3.41810,3.3117,0.195106,3.46164,1,0,6.6550,literature,0.40,2.07698,4.84630
44,56,44.5000,56.5000,1.0000,60.0000,0,0.559146,0.02725,3.35488,0.055915,ok,0.197438,,0.197438,3.35488,3.2882,0.196496,3.39720,1,0,6.6079,literature,0.40,2.03832,4.75608
45,56,45.5000,56.5000,1.0000,60.0000,0,0.548291,0.02725,3.28974,0.054829,ok,0.198935,,0.198935,3.28974,3.2635,0.197983,3.33087,1,0,6.5583,literature,0.40,1.99852,4.66322
46,56,46.5000,56.5000,1.0000,60.0000,0,0.537174,0.02725,3.22305,0.053717,ok,0.200531,,0.200531,3.22305,3.2375,0.199566,3.26303,1,0,6.5063,literature,0.40,1.95782,4.56824
47,56,47.5000,56.5000,1.0000,60.0000,0,0.525856,0.02725,3.15513,0.052586,ok,0.202225,,0.202225,3.15513,3.2104,0.201245,3.19404,1,0,6.4520,literature,0.40,1.91642,4.47165
48,56,48.5000,56.5000,1.0000,60.0000,0,0.514392,0.02725,3.08635,0.051439,ok,0.204016,,0.204016,3.08635,3.1822,0.203019,3.12427,1,0,6.3956,literature,0.40,1.87456,4.37398
49,56,49.5000,56.5000,1.0000,60.0000,0,0.502842,0.02725,3.01705,0.050284,ok,0.205904,,0.205904,3.01705,3.1530,0.204885,3.05409,1,0,6.3374,literature,0.40,1.83246,4.27573
50,56,50.5000,56.5000,1.0000,60.0000,0,0.491262,0.02725,2.94757,0.049126,ok,0.207886,,0.207886,2.94757,3.1229,0.206822,2.98448,1,0,6.2780,literature,0.40,1.79069,4.17827
51,56,51.5000,56.5000,1.0000,60.0000,0,0.479712,0.02725,2.87827,0.047971,ok,0.209959,,0.209959,2.87827,3.0921,0.208824,2.91581,1,0,6.2178,literature,0.40,1.74949,4.08213
52,56,52.5000,56.5000,1.0000,60.0000,0,0.468248,0.02725,2.80949,0.046825,ok,0.212116,,0.212116,2.80949,3.0607,0.210865,2.84898,1,0,6.1576,literature,0.40,1.70939,3.98857
53,56,53.5000,56.5000,1.0000,60.0000,0,0.456930,0.02725,2.74158,0.045693,ok,0.214353,,0.214353,2.74158,3.0287,0.212908,2.78506,1,0,6.0985,literature,0.40,1.67104,3.89909
54,56,54.5000,56.5000,1.0000,60.0000,0,0.445813,0.02725,2.67488,0.044581,ok,0.216660,,0.216660,2.67488,2.9965,0.214926,2.72471,1,0,6.0413,literature,0.40,1.63482,3.81459
55,56,55.5000,56.5000,1.0000,60.0000,0,0.434958,0.02725,2.60975,0.043496,ok,0.219027,,0.219027,2.60975,2.9641,0.216820,2.67037,1,0,5.9885,literature,0.40,1.60222,3.73852
56,56,56.5000,56.5000,1.0000,60.0000,0,0.424421,0.02725,2.54653,0.042442,ok,0.221440,,0.221440,2.54653,2.9318,0.218561,2.62232,1,0,5.9408,literature,0.40,1.57339,3.67125
57,56,57.5000,56.5000,1.0000,60.0000,0,0.414260,0.02725,2.48556,0.041426,ok,0.223884,,0.223884,2.48556,2.8998,0.220109,2.58103,1,0,5.8990,literature,0.40,1.54862,3.61344
58,56,58.5000,56.5000,1.0000,60.0000,0,0.404534,0.02725,2.42720,0.040453,ok,0.226312,,0.226312,2.42720,2.8687,0.221443,2.54645,1,0,5.8635,literature,0.40,1.52787,3.56503
59,56,59.5000,56.5000,1.0000,60.0000,0,0.395300,0.02725,2.37180,0.039530,ok,0.228567,,0.228567,2.37180,2.8404,0.222560,2.51823,1,0,5.8341,literature,0.40,1.51094,3.52552
0,57,0.5000,57.5000,1.0000,60.0000,0,0.385836,0.02725,2.31502,0.038584,ok,0.230991,,0.230991,2.31502,2.8106,0.224186,2.47821,1,0,5.7917,literature,0.40,1.48692,3.46949
1,57,1.5000,57.5000,1.0000,60.0000,0,0.394849,0.02725,2.36910,0.039485,ok,0.228680,,0.228680,2.36910,2.8390,0.223048,2.50608,1,0,5.8213,literature,0.40,1.50365,3.50851
2,57,2.5000,57.5000,1.0000,60.0000,0,0.404343,0.02725,2.42606,0.040434,ok,0.226357,,0.226357,2.42606,2.8681,0.221691,2.54013,1,0,5.8569,literature,0.40,1.52408,3.55618
3,57,3.5000,57.5000,1.0000,60.0000,0,0.414260,0.02725,2.48556,0.041426,ok,0.223884,,0.223884,2.48556,2.8998,0.220109,2.58103,1,0,5.8990,literature,0.40,1.54862,3.61344
4,57,4.5000,57.5000,1.0000,60.0000,0,0.424545,0.02725,2.54727,0.042455,ok,0.221411,,0.221411,2.54727,2.9322,0.218327,2.62868,1,0,5.9472,literature,0.40,1.57721,3.68015
5,57,5.5000,57.5000,1.0000,60.0000,0,0.435141,0.02725,2.61084,0.043514,ok,0.218986,,0.218986,2.61084,2.9646,0.216388,2.68257,1,0,6.0005,literature,0.40,1.60954,3.75560
6,57,6.5000,57.5000,1.0000,60.0000,0,0.445991,0.02725,2.67594,0.044599,ok,0.216622,,0.216622,2.67594,2.9970,0.214347,2.74175,1,0,6.0576,literature,0.40,1.64505,3.83844
7,57,7.5000,57.5000,1.0000,60.0000,0,0.457038,0.02725,2.74223,0.045704,ok,0.214331,,0.214331,2.74223,3.0290,0.212239,2.80569,1,0,6.1178,literature,0.40,1.68341,3.92796
8,57,8.5000,57.5000,1.0000,60.0000,0,0.468228,0.02725,2.80937,0.046823,ok,0.212120,,0.212120,2.80937,3.0606,0.210155,2.87186,1,0,6.1784,literature,0.40,1.72312,4.02061
9,57,9.5000,57.5000,1.0000,60.0000,0,0.479502,0.02725,2.87701,0.047950,ok,0.209997,,0.209997,2.87701,3.0915,0.208114,2.93980,1,0,6.2390,literature,0.40,1.76388,4.11572
10,57,10.5000,57.5000,1.0000,60.0000,0,0.490804,0.02725,2.94482,0.049080,ok,0.207967,,0.207967,2.94482,3.1217,0.206139,3.00865,1,0,6.2988,literature,0.40,1.80519,4.21211
11,57,11.5000,57.5000,1.0000,60.0000,0,0.502078,0.02725,3.01247,0.050208,ok,0.206032,,0.206032,3.01247,3.1510,0.204240,3.07800,1,0,6.3574,literature,0.40,1.84680,4.30920
12,57,12.5000,57.5000,1.0000,60.0000,0,0.513267,0.02725,3.07960,0.051327,ok,0.204197,,0.204197,3.07960,3.1794,0.202434,3.14695,1,0,6.4141,literature,0.40,1.88817,4.40573
13,57,13.5000,57.5000,1.0000,60.0000,0,0.524315,0.02725,3.14589,0.052431,ok,0.202461,,0.202461,3.14589,3.2066,0.200724,3.21513,1,0,6.4687,literature,0.40,1.92908,4.50118
14,57,14.5000,57.5000,1.0000,60.0000,0,0.535165,0.02725,3.21099,0.053516,ok,0.200826,,0.200826,3.21099,3.2327,0.199113,3.28217,1,0,6.5211,literature,0.40,1.96930,4.59503
15,57,15.5000,57.5000,1.0000,60.0000,0,0.545760,0.02725,3.27456,0.054576,ok,0.199292,,0.199292,3.27456,3.2576,0.197600,3.34770,1,0,6.5710,literature,0.40,2.00862,4.68678
16,57,16.5000,57.5000,1.0000,60.0000,0,0.556045,0.02725,3.33627,0.055604,ok,0.197859,,0.197859,3.33627,3.2812,0.196186,3.41137,1,0,6.6184,literature,0.40,2.04682,4.77591
17,57,17.5000,57.5000,1.0000,60.0000,0,0.565962,0.02725,3.39577,0.056596,ok,0.196527,,0.196527,3.39577,3.3034,0.194870,3.47279,1,0,6.6630,literature,0.40,2.08368,4.86191
18,57,18.5000,57.5000,1.0000,60.0000,0,0.575456,0.02725,3.45273,0.057546,ok,0.195295,,0.195295,3.45273,3.3243,0.193654,3.53161,1,0,6.7049,literature,0.40,2.11897,4.94426
19,57,19.5000,57.5000,1.0000,60.0000,0,0.584469,0.02725,3.50681,0.058447,ok,0.194162,,0.194162,3.50681,3.3437,0.192531,3.58769,1,0,6.7440,literature,0.40,2.15261,5.02277
20,57,20.5000,57.5000,1.0000,60.0000,0,0.592945,0.02725,3.55767,0.059294,ok,0.193128,,0.193128,3.55767,3.3616,0.191511,3.64020,1,0,6.7799,literature,0.40,2.18412,5.09629
21,57,21.5000,57.5000,1.0000,60.0000,0,0.600827,0.02725,3.60496,0.060083,ok,0.192192,,0.192192,3.60496,3.3779,0.190589,3.68900,1,0,6.8127,literature,0.40,2.21340,5.16459
22,57,22.5000,57.5000,1.0000,60.0000,0,0.608060,0.02725,3.64836,0.060806,ok,0.191355,,0.191355,3.64836,3.3927,0.189766,3.73369,1,0,6.8423,literature,0.40,2.24022,5.22717
23,57,23.5000,57.5000,1.0000,60.0000,0,0.614586,0.02725,3.68752,0.061459,ok,0.190617,,0.190617,3.68752,3.4059,0.189042,3.77391,1,0,6.8685,literature,0.40,2.26435,5.28348
24,57,24.5000,57.5000,1.0000,60.0000,0,0.620349,0.02725,3.72209,0.062035,ok,0.189978,,0.189978,3.72209,3.4173,0.188418,3.80929,1,0,6.8912,literature,0.40,2.28558,5.33301
25,57,25.5000,57.5000,1.0000,60.0000,0,0.625292,0.02725,3.75175,0.062529,ok,0.189439,,0.189439,3.75175,3.4270,0.187894,3.83946,1,0,6.9104,literature,0.40,2.30368,5.37525
26,57,26.5000,57.5000,1.0000,60.0000,0,0.629360,0.02725,3.77616,0.062936,ok,0.189002,,0.189002,3.77616,3.4350,0.187473,3.86408,1,0,6.9259,literature,0.40,2.31845,5.40971
27,57,27.5000,57.5000,1.0000,60.0000,0,0.632494,0.02725,3.79496,0.063249,ok,0.188669,,0.188669,3.79496,3.4410,0.187156,3.88285,1,0,6.9377,literature,0.40,2.32971,5.43599
28,57,28.5000,57.5000,1.0000,60.0000,0,0.634640,0.02725,3.80784,0.063464,ok,0.188443,,0.188443,3.80784,3.4452,0.186944,3.89551,1,0,6.9456,literature,0.40,2.33731,5.45372
29,57,29.5000,57.5000,1.0000,60.0000,0,0.635740,0.02725,3.81444,0.063574,ok,0.188328,,0.188328,3.81444,3.4473,0.186837,3.90189,1,0,6.9495,literature,0.40,2.34114,5.46265
30,57,30.5000,57.5000,1.0000,60.0000,0,0.635740,0.02725,3.81444,0.063574,ok,0.188328,,0.188328,3.81444,3.4473,0.186837,3.90189,1,0,6.9495,literature,0.40,2.34114,5.46265
31,57,31.5000,57.5000,1.0000,60.0000,0,0.634640,0.02725,3.80784,0.063464,ok,0.188443,,0.188443,3.80784,3.4452,0.186944,3.89551,1,0,6.9456,literature,0.40,2.33731,5.45372
32,57,32.5000,57.5000,1.0000,60.0000,0,0.632494,0.02725,3.79496,0.063249,ok,0.188669,,0.188669,3.79496,3.4410,0.187156,3.88285,1,0,6.9377,literature,0.40,2.32971,5.43599
33,57,33.5000,57.5000,1.0000,60.0000,0,0.629360,0.02725,3.77616,0.062936,ok,0.189002,,0.189002,3.77616,3.4350,0.187473,3.86408,1,0,6.9259,literature,0.40,2.31845,5.40971
34,57,34.5000,57.5000,1.0000,60.0000,0,0.625292,0.02725,3.75175,0.062529,ok,0.189439,,0.189439,3.75175,3.4270,0.187894,3.83946,1,0,6.9104,literature,0.40,2.30368,5.37525
35,57,35.5000,57.5000,1.0000,60.0000,0,0.620349,0.02725,3.72209,0.062035,ok,0.189978,,0.189978,3.72209,3.4173,0.188418,3.80929,1,0,6.8912,literature,0.40,2.28558,5.33301
36,57,36.5000,57.5000,1.0000,60.0000,0,0.614586,0.02725,3.68752,0.061459,ok,0.190617,,0.190617,3.68752,3.4059,0.189042,3.77391,1,0,6.8685,literature,0.40,2.26435,5.28348
37,57,37.5000,57.5000,1.0000,60.0000,0,0.608060,0.02725,3.64836,0.060806,ok,0.191355,,0.191355,3.64836,3.3927,0.189766,3.73369,1,0,6.8423,literature,0.40,2.24022,5.22717
38,57,38.5000,57.5000,1.0000,60.0000,0,0.600827,0.02725,3.60496,0.060083,ok,0.192192,,0.192192,3.60496,3.3779,0.190589,3.68900,1,0,6.8127,literature,0.40,2.21340,5.16459
39,57,39.5000,57.5000,1.0000,60.0000,0,0.592945,0.02725,3.55767,0.059294,ok,0.193128,,0.193128,3.55767,3.3616,0.191511,3.64020,1,0,6.7799,literature,0.40,2.18412,5.09629
40,57,40.5000,57.5000,1.0000,60.0000,0,0.584469,0.02725,3.50681,0.058447,ok,0.194162,,0.194162,3.50681,3.3437,0.192531,3.58769,1,0,6.7440,literature,0.40,2.15261,5.02277
41,57,41.5000,57.5000,1.0000,60.0000,0,0.575456,0.02725,3.45273,0.057546,ok,0.195295,,0.195295,3.45273,3.3243,0.193654,3.53161,1,0,6.7049,literature,0.40,2.11897,4.94426
42,57,42.5000,57.5000,1.0000,60.0000,0,0.565962,0.02725,3.39577,0.056596,ok,0.196527,,0.196527,3.39577,3.3034,0.194870,3.47279,1,0,6.6630,literature,0.40,2.08368,4.86191
43,57,43.5000,57.5000,1.0000,60.0000,0,0.556045,0.02725,3.33627,0.055604,ok,0.197859,,0.197859,3.33627,3.2812,0.196186,3.41137,1,0,6.6184,literature,0.40,2.04682,4.77591
44,57,44.5000,57.5000,1.0000,60.0000,0,0.545760,0.02725,3.27456,0.054576,ok,0.199292,,0.199292,3.27456,3.2576,0.197600,3.34770,1,0,6.5710,literature,0.40,2.00862,4.68678
45,57,45.5000,57.5000,1.0000,60.0000,0,0.535165,0.02725,3.21099,0.053516,ok,0.200826,,0.200826,3.21099,3.2327,0.199113,3.28217,1,0,6.5211,literature,0.40,1.96930,4.59503
46,57,46.5000,57.5000,1.0000,60.0000,0,0.524315,0.02725,3.14589,0.052431,ok,0.202461,,0.202461,3.14589,3.2066,0.200724,3.21513,1,0,6.4687,literature,0.40,1.92908,4.50118
47,57,47.5000,57.5000,1.0000,60.0000,0,0.513267,0.02725,3.07960,0.051327,ok,0.204197,,0.204197,3.07960,3.1794,0.202434,3.14695,1,0,6.4141,literature,0.40,1.88817,4.40573
48,57,48.5000,57.5000,1.0000,60.0000,0,0.502078,0.02725,3.01247,0.050208,ok,0.206032,,0.206032,3.01247,3.1510,0.204240,3.07800,1,0,6.3574,literature,0.40,1.84680,4.30920
49,57,49.5000,57.5000,1.0000,60.0000,0,0.490804,0.02725,2.94482,0.049080,ok,0.207967,,0.207967,2.94482,3.1217,0.206139,3.00865,1,0,6.2988,literature,0.40,1.80519,4.21211
50,57,50.5000,57.5000,1.0000,60.0000,0,0.479502,0.02725,2.87701,0.047950,ok,0.209997,,0.209997,2.87701,3.0915,0.208114,2.93980,1,0,6.2390,literature,0.40,1.76388,4.11572
51,57,51.5000,57.5000,1.0000,60.0000,0,0.468228,0.02725,2.80937,0.046823,ok,0.212120,,0.212120,2.80937,3.0606,0.210155,2.87186,1,0,6.1784,literature,0.40,1.72312,4.02061
52,57,52.5000,57.5000,1.0000,60.0000,0,0.457038,0.02725,2.74223,0.045704,ok,0.214331,,0.214331,2.74223,3.0290,0.212239,2.80569,1,0,6.1178,literature,0.40,1.68341,3.92796
53,57,53.5000,57.5000,1.0000,60.0000,0,0.445991,0.02725,2.67594,0.044599,ok,0.216622,,0.216622,2.67594,2.9970,0.214347,2.74175,1,0,6.0576,literature,0.40,1.64505,3.83844
54,57,54.5000,57.5000,1.0000,60.0000,0,0.435141,0.02725,2.61084,0.043514,ok,0.218986,,0.218986,2.61084,2.9646,0.216388,2.68257,1,0,6.0005,literature,0.40,1.60954,3.75560
55,57,55.5000,57.5000,1.0000,60.0000,0,0.424545,0.02725,2.54727,0.042455,ok,0.221411,,0.221411,2.54727,2.9322,0.218327,2.62868,1,0,5.9472,literature,0.40,1.57721,3.68015
56,57,56.5000,57.5000,1.0000,60.0000,0,0.414260,0.02725,2.48556,0.041426,ok,0.223884,,0.223884,2.48556,2.8998,0.220109,2.58103,1,0,5.8990,literature,0.40,1.54862,3.61344
57,57,57.5000,57.5000,1.0000,60.0000,0,0.404343,0.02725,2.42606,0.040434,ok,0.226357,,0.226357,2.42606,2.8681,0.221691,2.54013,1,0,5.8569,literature,0.40,1.52408,3.55618
58,57,58.5000,57.5000,1.0000,60.0000,0,0.394849,0.02725,2.36910,0.039485,ok,0.228680,,0.228680,2.36910,2.8390,0.223048,2.50608,1,0,5.8213,literature,0.40,1.50365,3.50851
59,57,59.5000,57.5000,1.0000,60.0000,0,0.385836,0.02725,2.31502,0.038584,ok,0.230991,,0.230991,2.31502,2.8106,0.224186,2.47821,1,0,5.7917,literature,0.40,1.48692,3.46949
0,58,0.5000,58.5000,1.0000,60.0000,0,0.376778,0.02725,2.26067,0.037678,ok,0.233425,,0.233425,2.26067,2.7813,0.225582,2.44487,1,0,5.7559,literature,0.40,1.46692,3.42282
1,58,1.5000,58.5000,1.0000,60.0000,0,0.385579,0.02725,2.31347,0.038558,ok,0.231059,,0.231059,2.31347,2.8097,0.224427,2.47239,1,0,5.7855,literature,0.40,1.48344,3.46135
2,58,2.5000,58.5000,1.0000,60.0000,0,0.394849,0.02725,2.36910,0.039485,ok,0.228680,,0.228680,2.36910,2.8390,0.223048,2.50608,1,0,5.8213,literature,0.40,1.50365,3.50851
3,58,3.5000,58.5000,1.0000,60.0000,0,0.404534,0.02725,2.42720,0.040453,ok,0.226312,,0.226312,2.42720,2.8687,0.221443,2.54645,1,0,5.8635,literature,0.40,1.52787,3.56503
4,58,4.5000,58.5000,1.0000,60.0000,0,0.414577,0.02725,2.48746,0.041458,ok,0.223806,,0.223806,2.48746,2.9008,0.219628,2.59371,1,0,5.9119,literature,0.40,1.55622,3.63119
5,58,5.5000,58.5000,1.0000,60.0000,0,0.424924,0.02725,2.54954,0.042492,ok,0.221322,,0.221322,2.54954,2.9333,0.217652,2.64720,1,0,5.9656,literature,0.40,1.58832,3.70607
6,58,6.5000,58.5000,1.0000,60.0000,0,0.435519,0.02725,2.61312,0.043552,ok,0.218902,,0.218902,2.61312,2.9658,0.215572,2.70591,1,0,6.0232,literature,0.40,1.62355,3.78828
7,58,7.5000,58.5000,1.0000,60.0000,0,0.446308,0.02725,2.67785,0.044631,ok,0.216555,,0.216555,2.67785,2.9979,0.213449,2.76864,1,0,6.0831,literature,0.40,1.66118,3.87609
8,58,8.5000,58.5000,1.0000,60.0000,0,0.457234,0.02725,2.74341,0.045723,ok,0.214291,,0.214291,2.74341,3.0296,0.211308,2.83487,1,0,6.1447,literature,0.40,1.70092,3.96881
9,58,9.5000,58.5000,1.0000,60.0000,0,0.468243,0.02725,2.80946,0.046824,ok,0.212117,,0.212117,2.80946,3.0606,0.209233,2.90216,1,0,6.2057,literature,0.40,1.74129,4.06302
10,58,10.5000,58.5000,1.0000,60.0000,0,0.479280,0.02725,2.87568,0.047928,ok,0.210038,,0.210038,2.87568,3.0909,0.207227,2.97032,1,0,6.2657,literature,0.40,1.78219,4.15844
11,58,11.5000,58.5000,1.0000,60.0000,0,0.490289,0.02725,2.94174,0.049029,ok,0.208057,,0.208057,2.94174,3.1204,0.205299,3.03892,1,0,6.3246,literature,0.40,1.82335,4.25449
12,58,12.5000,58.5000,1.0000,60.0000,0,0.501216,0.02725,3.00730,0.050122,ok,0.206177,,0.206177,3.00730,3.1488,0.203467,3.10714,1,0,6.3815,literature,0.40,1.86428,4.34999
13,58,13.5000,58.5000,1.0000,60.0000,0,0.512004,0.02725,3.07203,0.051200,ok,0.204400,,0.204400,3.07203,3.1762,0.201732,3.17459,1,0,6.4364,literature,0.40,1.90475,4.44442
14,58,14.5000,58.5000,1.0000,60.0000,0,0.522600,0.02725,3.13560,0.052260,ok,0.202726,,0.202726,3.13560,3.2024,0.200097,3.24091,1,0,6.4890,literature,0.40,1.94455,4.53727
15,58,15.5000,58.5000,1.0000,60.0000,0,0.532946,0.02725,3.19768,0.053295,ok,0.201155,,0.201155,3.19768,3.2274,0.198562,3.30574,1,0,6.5392,literature,0.40,1.98345,4.62804
16,58,16.5000,58.5000,1.0000,60.0000,0,0.542990,0.02725,3.25794,0.054299,ok,0.199688,,0.199688,3.25794,3.2512,0.197127,3.36872,1,0,6.5868,literature,0.40,2.02123,4.71621
17,58,17.5000,58.5000,1.0000,60.0000,0,0.552674,0.02725,3.31605,0.055267,ok,0.198323,,0.198323,3.31605,3.2735,0.195793,3.42948,1,0,6.6316,literature,0.40,2.05769,4.80127
18,58,18.5000,58.5000,1.0000,60.0000,0,0.561945,0.02725,3.37167,0.056194,ok,0.197061,,0.197061,3.37167,3.2945,0.194559,3.48765,1,0,6.6737,literature,0.40,2.09259,4.88271
19,58,19.5000,58.5000,1.0000,60.0000,0,0.570746,0.02725,3.42448,0.057075,ok,0.195901,,0.195901,3.42448,3.3140,0.193426,3.54287,1,0,6.7128,literature,0.40,2.12572,4.96002
20,58,20.5000,58.5000,1.0000,60.0000,0,0.579023,0.02725,3.47414,0.057902,ok,0.194842,,0.194842,3.47414,3.3320,0.192392,3.59477,1,0,6.7489,literature,0.40,2.15686,5.03268
21,58,21.5000,58.5000,1.0000,60.0000,0,0.586721,0.02725,3.52032,0.058672,ok,0.193884,,0.193884,3.52032,3.3485,0.191452,3.64327,1,0,6.7820,literature,0.40,2.18596,5.10058
22,58,22.5000,58.5000,1.0000,60.0000,0,0.593783,0.02725,3.56270,0.059378,ok,0.193027,,0.193027,3.56270,3.3633,0.190618,3.68743,1,0,6.8117,literature,0.40,2.21246,5.16241
23,58,23.5000,58.5000,1.0000,60.0000,0,0.600156,0.02725,3.60094,0.060016,ok,0.192271,,0.192271,3.60094,3.3766,0.189885,3.72717,1,0,6.8380,literature,0.40,2.23630,5.21804
24,58,24.5000,58.5000,1.0000,60.0000,0,0.605784,0.02725,3.63470,0.060578,ok,0.191616,,0.191616,3.63470,3.3881,0.189253,3.76211,1,0,6.8608,literature,0.40,2.25726,5.26695
25,58,25.5000,58.5000,1.0000,60.0000,0,0.610611,0.02725,3.66367,0.061061,ok,0.191065,,0.191065,3.66367,3.3979,0.188723,3.79189,1,0,6.8801,literature,0.40,2.27513,5.30865
26,58,26.5000,58.5000,1.0000,60.0000,0,0.614583,0.02725,3.68750,0.061458,ok,0.190617,,0.190617,3.68750,3.4059,0.188297,3.81619,1,0,6.8956,literature,0.40,2.28972,5.34267
27,58,27.5000,58.5000,1.0000,60.0000,0,0.617644,0.02725,3.70586,0.061764,ok,0.190276,,0.190276,3.70586,3.4120,0.187976,3.83471,1,0,6.9074,literature,0.40,2.30083,5.36860
28,58,28.5000,58.5000,1.0000,60.0000,0,0.619739,0.02725,3.71843,0.061974,ok,0.190045,,0.190045,3.71843,3.4161,0.187761,3.84721,1,0,6.9153,literature,0.40,2.30833,5.38609
29,58,29.5000,58.5000,1.0000,60.0000,0,0.620813,0.02725,3.72488,0.062081,ok,0.189927,,0.189927,3.72488,3.4182,0.187654,3.85350,1,0,6.9193,literature,0.40,2.31210,5.39491
30,58,30.5000,58.5000,1.0000,60.0000,0,0.620813,0.02725,3.72488,0.062081,ok,0.189927,,0.189927,3.72488,3.4182,0.187654,3.85350,1,0,6.9193,literature,0.40,2.31210,5.39491
31,58,31.5000,58.5000,1.0000,60.0000,0,0.619739,0.02725,3.71843,0.061974,ok,0.190045,,0.190045,3.71843,3.4161,0.187761,3.84721,1,0,6.9153,literature,0.40,2.30833,5.38609
32,58,32.5000,58.5000,1.0000,60.0000,0,0.617644,0.02725,3.70586,0.061764,ok,0.190276,,0.190276,3.70586,3.4120,0.187976,3.83471,1,0,6.9074,literature,0.40,2.30083,5.36860
33,58,33.5000,58.5000,1.0000,60.0000,0,0.614583,0.02725,3.68750,0.061458,ok,0.190617,,0.190617,3.68750,3.4059,0.188297,3.81619,1,0,6.8956,literature,0.40,2.28972,5.34267
34,58,34.5000,58.5000,1.0000,60.0000,0,0.610611,0.02725,3.66367,0.061061,ok,0.191065,,0.191065,3.66367,3.3979,0.188723,3.79189,1,0,6.8801,literature,0.40,2.27513,5.30865
35,58,35.5000,58.5000,1.0000,60.0000,0,0.605784,0.02725,3.63470,0.060578,ok,0.191616,,0.191616,3.63470,3.3881,0.189253,3.76211,1,0,6.8608,literature,0.40,2.25726,5.26695
36,58,36.5000,58.5000,1.0000,60.0000,0,0.600156,0.02725,3.60094,0.060016,ok,0.192271,,0.192271,3.60094,3.3766,0.189885,3.72717,1,0,6.8380,literature,0.40,2.23630,5.21804
37,58,37.5000,58.5000,1.0000,60.0000,0,0.593783,0.02725,3.56270,0.059378,ok,0.193027,,0.193027,3.56270,3.3633,0.190618,3.68743,1,0,6.8117,literature,0.40,2.21246,5.16241
38,58,38.5000,58.5000,1.0000,60.0000,0,0.586721,0.02725,3.52032,0.058672,ok,0.193884,,0.193884,3.52032,3.3485,0.191452,3.64327,1,0,6.7820,literature,0.40,2.18596,5.10058
39,58,39.5000,58.5000,1.0000,60.0000,0,0.579023,0.02725,3.47414,0.057902,ok,0.194842,,0.194842,3.47414,3.3320,0.192392,3.59477,1,0,6.7489,literature,0.40,2.15686,5.03268
40,58,40.5000,58.5000,1.0000,60.0000,0,0.570746,0.02725,3.42448,0.057075,ok,0.195901,,0.195901,3.42448,3.3140,0.193426,3.54287,1,0,6.7128,literature,0.40,2.12572,4.96002
41,58,41.5000,58.5000,1.0000,60.0000,0,0.561945,0.02725,3.37167,0.056194,ok,0.197061,,0.197061,3.37167,3.2945,0.194559,3.48765,1,0,6.6737,literature,0.40,2.09259,4.88271
42,58,42.5000,58.5000,1.0000,60.0000,0,0.552674,0.02725,3.31605,0.055267,ok,0.198323,,0.198323,3.31605,3.2735,0.195793,3.42948,1,0,6.6316,literature,0.40,2.05769,4.80127
43,58,43.5000,58.5000,1.0000,60.0000,0,0.542990,0.02725,3.25794,0.054299,ok,0.199688,,0.199688,3.25794,3.2512,0.197127,3.36872,1,0,6.5868,literature,0.40,2.02123,4.71621
44,58,44.5000,58.5000,1.0000,60.0000,0,0.532946,0.02725,3.19768,0.053295,ok,0.201155,,0.201155,3.19768,3.2274,0.198562,3.30574,1,0,6.5392,literature,0.40,1.98345,4.62804
45,58,45.5000,58.5000,1.0000,60.0000,0,0.522600,0.02725,3.13560,0.052260,ok,0.202726,,0.202726,3.13560,3.2024,0.200097,3.24091,1,0,6.4890,literature,0.40,1.94455,4.53727
46,58,46.5000,58.5000,1.0000,60.0000,0,0.512004,0.02725,3.07203,0.051200,ok,0.204400,,0.204400,3.07203,3.1762,0.201732,3.17459,1,0,6.4364,literature,0.40,1.90475,4.44442
47,58,47.5000,58.5000,1.0000,60.0000,0,0.501216,0.02725,3.00730,0.050122,ok,0.206177,,0.206177,3.00730,3.1488,0.203467,3.10714,1,0,6.3815,literature,0.40,1.86428,4.34999
48,58,48.5000,58.5000,1.0000,60.0000,0,0.490289,0.02725,2.94174,0.049029,ok,0.208057,,0.208057,2.94174,3.1204,0.205299,3.03892,1,0,6.3246,literature,0.40,1.82335,4.25449
49,58,49.5000,58.5000,1.0000,60.0000,0,0.479280,0.02725,2.87568,0.047928,ok,0.210038,,0.210038,2.87568,3.0909,0.207227,2.97032,1,0,6.2657,literature,0.40,1.78219,4.15844
50,58,50.5000,58.5000,1.0000,60.0000,0,0.468243,0.02725,2.80946,0.046824,ok,0.212117,,0.212117,2.80946,3.0606,0.209233,2.90216,1,0,6.2057,literature,0.40,1.74129,4.06302
51,58,51.5000,58.5000,1.0000,60.0000,0,0.457234,0.02725,2.74341,0.045723,ok,0.214291,,0.214291,2.74341,3.0296,0.211308,2.83487,1,0,6.1447,literature,0.40,1.70092,3.96881
52,58,52.5000,58.5000,1.0000,60.0000,0,0.446308,0.02725,2.67785,0.044631,ok,0.216555,,0.216555,2.67785,2.9979,0.213449,2.76864,1,0,6.0831,literature,0.40,1.66118,3.87609
53,58,53.5000,58.5000,1.0000,60.0000,0,0.435519,0.02725,2.61312,0.043552,ok,0.218902,,0.218902,2.61312,2.9658,0.215572,2.70591,1,0,6.0232,literature,0.40,1.62355,3.78828
54,58,54.5000,58.5000,1.0000,60.0000,0,0.424924,0.02725,2.54954,0.042492,ok,0.221322,,0.221322,2.54954,2.9333,0.217652,2.64720,1,0,5.9656,literature,0.40,1.58832,3.70607
55,58,55.5000,58.5000,1.0000,60.0000,0,0.414577,0.02725,2.48746,0.041458,ok,0.223806,,0.223806,2.48746,2.9008,0.219628,2.59371,1,0,5.9119,literature,0.40,1.55622,3.63119
56,58,56.5000,58.5000,1.0000,60.0000,0,0.404534,0.02725,2.42720,0.040453,ok,0.226312,,0.226312,2.42720,2.8687,0.221443,2.54645,1,0,5.8635,literature,0.40,1.52787,3.56503
57,58,57.5000,58.5000,1.0000,60.0000,0,0.394849,0.02725,2.36910,0.039485,ok,0.228680,,0.228680,2.36910,2.8390,0.223048,2.50608,1,0,5.8213,literature,0.40,1.50365,3.50851
58,58,58.5000,58.5000,1.0000,60.0000,0,0.385579,0.02725,2.31347,0.038558,ok,0.231059,,0.231059,2.31347,2.8097,0.224427,2.47239,1,0,5.7855,literature,0.40,1.48344,3.46135
59,58,59.5000,58.5000,1.0000,60.0000,0,0.376778,0.02725,2.26067,0.037678,ok,0.233425,,0.233425,2.26067,2.7813,0.225582,2.44487,1,0,5.7559,literature,0.40,1.46692,3.42282
0,59,0.5000,59.5000,1.0000,60.0000,0,0.368177,0.02725,2.20906,0.036818,ok,0.235847,,0.235847,2.20906,2.7527,0.226749,2.41627,1,0,5.7263,literature,0.40,1.44976,3.38278
1,59,1.5000,59.5000,1.0000,60.0000,0,0.376778,0.02725,2.26067,0.037678,ok,0.233425,,0.233425,2.26067,2.7813,0.225582,2.44487,1,0,5.7559,literature,0.40,1.46692,3.42282
2,59,2.5000,59.5000,1.0000,60.0000,0,0.385836,0.02725,2.31502,0.038584,ok,0.230991,,0.230991,2.31502,2.8106,0.224186,2.47821,1,0,5.7917,literature,0.40,1.48692,3.46949
3,59,3.5000,59.5000,1.0000,60.0000,0,0.395300,0.02725,2.37180,0.039530,ok,0.228567,,0.228567,2.37180,2.8404,0.222560,2.51823,1,0,5.8341,literature,0.40,1.51094,3.52552
4,59,4.5000,59.5000,1.0000,60.0000,0,0.405114,0.02725,2.43068,0.040511,ok,0.226173,,0.226173,2.43068,2.8704,0.220724,2.56497,1,0,5.8826,literature,0.40,1.53898,3.59096
5,59,5.5000,59.5000,1.0000,60.0000,0,0.415225,0.02725,2.49135,0.041522,ok,0.223647,,0.223647,2.49135,2.9029,0.218718,2.61808,1,0,5.9366,literature,0.40,1.57085,3.66531
6,59,6.5000,59.5000,1.0000,60.0000,0,0.425578,0.02725,2.55347,0.042558,ok,0.221169,,0.221169,2.55347,2.9354,0.216607,2.67638,1,0,5.9944,literature,0.40,1.60583,3.74694
7,59,7.5000,59.5000,1.0000,60.0000,0,0.436120,0.02725,2.61672,0.043612,ok,0.218768,,0.218768,2.61672,2.9676,0.214452,2.73863,1,0,6.0546,literature,0.40,1.64318,3.83408
8,59,8.5000,59.5000,1.0000,60.0000,0,0.446797,0.02725,2.68078,0.044680,ok,0.216451,,0.216451,2.68078,2.9994,0.212306,2.80359,1,0,6.1158,literature,0.40,1.68215,3.92503
9,59,9.5000,59.5000,1.0000,60.0000,0,0.457555,0.02725,2.74533,0.045756,ok,0.214226,,0.214226,2.74533,3.0305,0.210181,2.87101,1,0,6.1777,literature,0.40,1.72261,4.01941
10,59,10.5000,59.5000,1.0000,60.0000,0,0.468340,0.02725,2.81004,0.046834,ok,0.212099,,0.212099,2.81004,3.0609,0.208151,2.93855,1,0,6.2379,literature,0.40,1.76313,4.11397
11,59,11.5000,59.5000,1.0000,60.0000,0,0.479098,0.02725,2.87459,0.047910,ok,0.210071,,0.210071,2.87459,3.0904,0.206200,3.00649,1,0,6.2970,literature,0.40,1.80390,4.20909
12,59,12.5000,59.5000,1.0000,60.0000,0,0.489775,0.02725,2.93865,0.048977,ok,0.208148,,0.208148,2.93865,3.1190,0.204346,3.07405,1,0,6.3541,literature,0.40,1.84443,4.30367
13,59,13.5000,59.5000,1.0000,60.0000,0,0.500317,0.02725,3.00190,0.050032,ok,0.206329,,0.206329,3.00190,3.1465,0.202590,3.14085,1,0,6.4091,literature,0.40,1.88451,4.39718
14,59,14.5000,59.5000,1.0000,60.0000,0,0.510670,0.02725,3.06402,0.051067,ok,0.204615,,0.204615,3.06402,3.1729,0.200936,3.20653,1,0,6.4619,literature,0.40,1.92392,4.48914
15,59,15.5000,59.5000,1.0000,60.0000,0,0.520781,0.02725,3.12469,0.052078,ok,0.203008,,0.203008,3.12469,3.1980,0.199383,3.27073,1,0,6.5122,literature,0.40,1.96244,4.57902
16,59,16.5000,59.5000,1.0000,60.0000,0,0.530595,0.02725,3.18357,0.053060,ok,0.201507,,0.201507,3.18357,3.2218,0.197932,3.33309,1,0,6.5600,literature,0.40,1.99985,4.66633
17,59,17.5000,59.5000,1.0000,60.0000,0,0.540059,0.02725,3.24035,0.054006,ok,0.200110,,0.200110,3.24035,3.2443,0.196583,3.39325,1,0,6.6050,literature,0.40,2.03595,4.75055
18,59,18.5000,59.5000,1.0000,60.0000,0,0.549118,0.02725,3.29471,0.054912,ok,0.198819,,0.198819,3.29471,3.2654,0.195335,3.45085,1,0,6.6472,literature,0.40,2.07051,4.83119
19,59,19.5000,59.5000,1.0000,60.0000,0,0.557718,0.02725,3.34631,0.055772,ok,0.197631,,0.197631,3.34631,3.2850,0.194188,3.50552,1,0,6.6864,literature,0.40,2.10331,4.90773
20,59,20.5000,59.5000,1.0000,60.0000,0,0.565806,0.02725,3.39484,0.056581,ok,0.196548,,0.196548,3.39484,3.3031,0.193143,3.55690,1,0,6.7226,literature,0.40,2.13414,4.97967
21,59,21.5000,59.5000,1.0000,60.0000,0,0.573328,0.02725,3.43997,0.057333,ok,0.195567,,0.195567,3.43997,3.3196,0.192199,3.60463,1,0,6.7557,literature,0.40,2.16278,5.04648
22,59,22.5000,59.5000,1.0000,60.0000,0,0.580229,0.02725,3.48138,0.058023,ok,0.194690,,0.194690,3.48138,3.3346,0.191349,3.64867,1,0,6.7857,literature,0.40,2.18920,5.10814
23,59,23.5000,59.5000,1.0000,60.0000,0,0.586457,0.02725,3.51874,0.058646,ok,0.193916,,0.193916,3.51874,3.3479,0.190608,3.68800,1,0,6.8120,literature,0.40,2.21280,5.16319
24,59,24.5000,59.5000,1.0000,60.0000,0,0.591956,0.02725,3.55174,0.059196,ok,0.193247,,0.193247,3.55174,3.3595,0.189969,3.72256,1,0,6.8350,literature,0.40,2.23354,5.21159
25,59,25.5000,59.5000,1.0000,60.0000,0,0.596673,0.02725,3.58004,0.059667,ok,0.192682,,0.192682,3.58004,3.3694,0.189434,3.75203,1,0,6.8543,literature,0.40,2.25122,5.25284
26,59,26.5000,59.5000,1.0000,60.0000,0,0.600554,0.02725,3.60333,0.060055,ok,0.192224,,0.192224,3.60333,3.3774,0.189004,3.77607,1,0,6.8699,literature,0.40,2.26564,5.28650
27,59,27.5000,59.5000,1.0000,60.0000,0,0.603545,0.02725,3.62127,0.060355,ok,0.191875,,0.191875,3.62127,3.3835,0.188679,3.79439,1,0,6.8817,literature,0.40,2.27663,5.31214
28,59,28.5000,59.5000,1.0000,60.0000,0,0.605593,0.02725,3.63356,0.060559,ok,0.191638,,0.191638,3.63356,3.3877,0.188462,3.80675,1,0,6.8896,literature,0.40,2.28405,5.32944
29,59,29.5000,59.5000,1.0000,60.0000,0,0.606642,0.02725,3.63985,0.060664,ok,0.191518,,0.191518,3.63985,3.3898,0.188353,3.81297,1,0,6.8936,literature,0.40,2.28778,5.33816
30,59,30.5000,59.5000,1.0000,60.0000,0,0.606642,0.02725,3.63985,0.060664,ok,0.191518,,0.191518,3.63985,3.3898,0.188353,3.81297,1,0,6.8936,literature,0.40,2.28778,5.33816
31,59,31.5000,59.5000,1.0000,60.0000,0,0.605593,0.02725,3.63356,0.060559,ok,0.191638,,0.191638,3.63356,3.3877,0.188462,3.80675,1,0,6.8896,literature,0.40,2.28405,5.32944
32,59,32.5000,59.5000,1.0000,60.0000,0,0.603545,0.02725,3.62127,0.060355,ok,0.191875,,0.191875,3.62127,3.3835,0.188679,3.79439,1,0,6.8817,literature,0.40,2.27663,5.31214
33,59,33.5000,59.5000,1.0000,60.0000,0,0.600554,0.02725,3.60333,0.060055,ok,0.192224,,0.192224,3.60333,3.3774,0.189004,3.77607,1,0,6.8699,literature,0.40,2.26564,5.28650
34,59,34.5000,59.5000,1.0000,60.0000,0,0.596673,0.02725,3.58004,0.059667,ok,0.192682,,0.192682,3.58004,3.3694,0.189434,3.75203,1,0,6.8543,literature,0.40,2.25122,5.25284
35,59,35.5000,59.5000,1.0000,60.0000,0,0.591956,0.02725,3.55174,0.059196,ok,0.193247,,0.193247,3.55174,3.3595,0.189969,3.72256,1,0,6.8350,literature,0.40,2.23354,5.21159
36,59,36.5000,59.5000,1.0000,60.0000,0,0.586457,0.02725,3.51874,0.058646,ok,0.193916,,0.193916,3.51874,3.3479,0.190608,3.68800,1,0,6.8120,literature,0.40,2.21280,5.16319
37,59,37.5000,59.5000,1.0000,60.0000,0,0.580229,0.02725,3.48138,0.058023,ok,0.194690,,0.194690,3.48138,3.3346,0.191349,3.64867,1,0,6.7857,literature,0.40,2.18920,5.10814
38,59,38.5000,59.5000,1.0000,60.0000,0,0.573328,0.02725,3.43997,0.057333,ok,0.195567,,0.195567,3.43997,3.3196,0.192199,3.60463,1,0,6.7557,literature,0.40,2.16278,5.04648
39,59,39.5000,59.5000,1.0000,60.0000,0,0.565806,0.02725,3.39484,0.056581,ok,0.196548,,0.196548,3.39484,3.3031,0.193143,3.55690,1,0,6.7226,literature,0.40,2.13414,4.97967
40,59,40.5000,59.5000,1.0000,60.0000,0,0.557718,0.02725,3.34631,0.055772,ok,0.197631,,0.197631,3.34631,3.2850,0.194188,3.50552,1,0,6.6864,literature,0.40,2.10331,4.90773
41,59,41.5000,59.5000,1.0000,60.0000,0,0.549118,0.02725,3.29471,0.054912,ok,0.198819,,0.198819,3.29471,3.2654,0.195335,3.45085,1,0,6.6472,literature,0.40,2.07051,4.83119
42,59,42.5000,59.5000,1.0000,60.0000,0,0.540059,0.02725,3.24035,0.054006,ok,0.200110,,0.200110,3.24035,3.2443,0.196583,3.39325,1,0,6.6050,literature,0.40,2.03595,4.75055
43,59,43.5000,59.5000,1.0000,60.0000,0,0.530595,0.02725,3.18357,0.053060,ok,0.201507,,0.201507,3.18357,3.2218,0.197932,3.33309,1,0,6.5600,literature,0.40,1.99985,4.66633
44,59,44.5000,59.5000,1.0000,60.0000,0,0.520781,0.02725,3.12469,0.052078,ok,0.203008,,0.203008,3.12469,3.1980,0.199383,3.27073,1,0,6.5122,literature,0.40,1.96244,4.57902
45,59,45.5000,59.5000,1.0000,60.0000,0,0.510670,0.02725,3.06402,0.051067,ok,0.204615,,0.204615,3.06402,3.1729,0.200936,3.20653,1,0,6.4619,literature,0.40,1.92392,4.48914
46,59,46.5000,59.5000,1.0000,60.0000,0,0.500317,0.02725,3.00190,0.050032,ok,0.206329,,0.206329,3.00190,3.1465,0.202590,3.14085,1,0,6.4091,literature,0.40,1.88451,4.39718
47,59,47.5000,59.5000,1.0000,60.0000,0,0.489775,0.02725,2.93865,0.048977,ok,0.208148,,0.208148,2.93865,3.1190,0.204346,3.07405,1,0,6.3541,literature,0.40,1.84443,4.30367
48,59,48.5000,59.5000,1.0000,60.0000,0,0.479098,0.02725,2.87459,0.047910,ok,0.210071,,0.210071,2.87459,3.0904,0.206200,3.00649,1,0,6.2970,literature,0.40,1.80390,4.20909
49,59,49.5000,59.5000,1.0000,60.0000,0,0.468340,0.02725,2.81004,0.046834,ok,0.212099,,0.212099,2.81004,3.0609,0.208151,2.93855,1,0,6.2379,literature,0.40,1.76313,4.11397
50,59,50.5000,59.5000,1.0000,60.0000,0,0.457555,0.02725,2.74533,0.045756,ok,0.214226,,0.214226,2.74533,3.0305,0.210181,2.87101,1,0,6.1777,literature,0.40,1.72261,4.01941
51,59,51.5000,59.5000,1.0000,60.0000,0,0.446797,0.02725,2.68078,0.044680,ok,0.216451,,0.216451,2.68078,2.9994,0.212306,2.80359,1,0,6.1158,literature,0.40,1.68215,3.92503
52,59,52.5000,59.5000,1.0000,60.0000,0,0.436120,0.02725,2.61672,0.043612,ok,0.218768,,0.218768,2.61672,2.9676,0.214452,2.73863,1,0,6.0546,literature,0.40,1.64318,3.83408
53,59,53.5000,59.5000,1.0000,60.0000,0,0.425578,0.02725,2.55347,0.042558,ok,0.221169,,0.221169,2.55347,2.9354,0.216607,2.67638,1,0,5.9944,literature,0.40,1.60583,3.74694
54,59,54.5000,59.5000,1.0000,60.0000,0,0.415225,0.02725,2.49135,0.041522,ok,0.223647,,0.223647,2.49135,2.9029,0.218718,2.61808,1,0,5.9366,literature,0.40,1.57085,3.66531
55,59,55.5000,59.5000,1.0000,60.0000,0,0.405114,0.02725,2.43068,0.040511,ok,0.226173,,0.226173,2.43068,2.8704,0.220724,2.56497,1,0,5.8826,literature,0.40,1.53898,3.59096
56,59,56.5000,59.5000,1.0000,60.0000,0,0.395300,0.02725,2.37180,0.039530,ok,0.228567,,0.228567,2.37180,2.8404,0.222560,2.51823,1,0,5.8341,literature,0.40,1.51094,3.52552
57,59,57.5000,59.5000,1.0000,60.0000,0,0.385836,0.02725,2.31502,0.038584,ok,0.230991,,0.230991,2.31502,2.8106,0.224186,2.47821,1,0,5.7917,literature,0.40,1.48692,3.46949
58,59,58.5000,59.5000,1.0000,60.0000,0,0.376778,0.02725,2.26067,0.037678,ok,0.233425,,0.233425,2.26067,2.7813,0.225582,2.44487,1,0,5.7559,literature,0.40,1.46692,3.42282
59,59,59.5000,59.5000,1.0000,60.0000,0,0.368177,0.02725,2.20906,0.036818,ok,0.235847,,0.235847,2.20906,2.7527,0.226749,2.41627,1,0,5.7263,literature,0.40,1.44976,3.38278
