iu,iv,u_mm,v_mm,area_mm2,latticed_height_mm,exit_face,s,pressure_mpa,target_depth_mm,target_strain,status,target_density,nearest_depth_mm,clamped_density,clamped_depth_mm,sigma_mm,buildable_density,buildable_depth_mm,buildable_ok,buildable_extrapolated,cell_mm,tier,band,depth_band_lo_mm,depth_band_hi_mm
0,0,0.5000,0.5000,1.0000,1.0000,5,0.508475,0.0288529,3.05085,3.050847,beyond_data,,0.24158,0.143000,0.24158,4.5400,0.143632,0.23317,1,1,9.0400,estimated,0.50,0.11658,0.34975
1,0,1.5000,0.5000,1.0000,3.0000,5,0.508475,0.0288529,3.05085,1.016949,beyond_data,,0.72475,0.143000,0.72475,4.5400,0.143873,0.69017,1,1,9.0248,estimated,0.50,0.34509,1.03526
2,0,2.5000,0.5000,1.0000,5.0000,5,0.508475,0.0288529,3.05085,0.610169,beyond_data,,1.20792,0.143000,1.20792,4.5400,0.144193,1.13011,1,0,9.0048,estimated,0.50,0.56506,1.69517
3,0,3.5000,0.5000,1.0000,7.0000,5,0.508475,0.0288529,3.05085,0.435835,beyond_data,,1.69109,0.143000,1.69109,4.5400,0.144609,1.54628,1,0,8.9789,estimated,0.50,0.77314,2.31942
4,0,4.5000,0.5000,1.0000,9.0000,5,0.508475,0.0288529,3.05085,0.338983,beyond_data,,2.17426,0.143000,2.17426,4.5400,0.145143,1.93083,1,0,8.9459,estimated,0.50,0.96542,2.89625
5,0,5.5000,0.5000,1.0000,11.0000,5,0.508475,0.0288529,3.05085,0.277350,too_firm,,2.65743,0.143000,2.65743,4.5400,0.145815,2.27539,1,0,8.9046,estimated,0.50,1.13770,3.41309
6,0,6.5000,0.5000,1.0000,13.0000,5,0.508475,0.0288529,3.05085,0.234681,ok,0.143516,,0.143516,3.05085,4.5236,0.146632,2.57371,1,0,8.8550,estimated,0.50,1.28686,3.86057
7,0,7.5000,0.5000,1.0000,15.0000,5,0.508475,0.0288529,3.05085,0.203390,ok,0.146129,,0.146129,3.05085,4.4428,0.147574,2.82464,1,0,8.7985,estimated,0.50,1.41232,4.23696
8,0,8.5000,0.5000,1.0000,17.0000,5,0.508475,0.0288529,3.05085,0.179462,ok,0.148489,,0.148489,3.05085,4.3722,0.148721,3.01395,1,0,8.7306,estimated,0.50,1.50697,4.52092
9,0,9.5000,0.5000,1.0000,19.0000,5,0.508475,0.0288529,3.05085,0.160571,ok,0.150631,,0.150631,3.05085,4.3100,0.150067,3.14096,1,0,8.6523,estimated,0.50,1.57048,4.71144
10,0,10.5000,0.5000,1.0000,21.0000,5,0.508475,0.0288529,3.05085,0.145278,ok,0.152585,,0.152585,3.05085,4.2548,0.151638,3.20200,1,0,8.5627,estimated,0.50,1.60100,4.80300
11,0,11.5000,0.5000,1.0000,23.0000,5,0.508475,0.0288529,3.05085,0.132646,ok,0.154373,,0.154373,3.05085,4.2055,0.153411,3.20374,1,0,8.4638,estimated,0.50,1.60187,4.80562
12,0,12.5000,0.5000,1.0000,25.0000,5,0.508475,0.0288529,3.05085,0.122034,ok,0.156017,,0.156017,3.05085,4.1612,0.155372,3.15231,1,0,8.3569,estimated,0.50,1.57615,4.72846
13,0,13.5000,0.5000,1.0000,27.0000,5,0.508475,0.0288529,3.05085,0.112994,ok,0.157934,,0.157934,3.05085,4.1107,0.157510,3.07852,1,0,8.2435,estimated,0.50,1.53926,4.61777
14,0,14.5000,0.5000,1.0000,29.0000,5,0.508475,0.0288529,3.05085,0.105202,ok,0.161423,,0.161423,3.05085,4.0218,0.159829,3.15008,1,0,8.1239,estimated,0.50,1.57504,4.72512
15,0,15.5000,0.5000,1.0000,31.0000,5,0.508475,0.0288529,3.05085,0.098414,ok,0.164913,,0.164913,3.05085,3.9367,0.162314,3.20482,1,0,7.9995,estimated,0.50,1.60241,4.80723
16,0,16.5000,0.5000,1.0000,33.0000,5,0.508475,0.0288529,3.05085,0.092450,ok,0.168402,,0.168402,3.05085,3.8551,0.164957,3.24501,1,0,7.8713,estimated,0.50,1.62250,4.86751
17,0,17.5000,0.5000,1.0000,35.0000,5,0.508475,0.0288529,3.05085,0.087167,ok,0.171891,,0.171891,3.05085,3.7769,0.167739,3.27344,1,0,7.7408,estimated,0.50,1.63672,4.91015
18,0,18.5000,0.5000,1.0000,37.0000,5,0.508475,0.0288529,3.05085,0.082455,ok,0.175381,,0.175381,3.05085,3.7017,0.170635,3.29291,1,0,7.6094,estimated,0.50,1.64646,4.93937
19,0,19.5000,0.5000,1.0000,39.0000,5,0.508475,0.0288529,3.05085,0.078227,ok,0.178870,,0.178870,3.05085,3.6295,0.173622,3.30586,1,0,7.4785,estimated,0.50,1.65293,4.95879
20,0,20.5000,0.5000,1.0000,41.0000,5,0.508475,0.0288529,3.05085,0.074411,ok,0.181985,,0.181985,3.05085,3.5674,0.176633,3.31633,1,0,7.3510,estimated,0.50,1.65816,4.97449
21,0,21.5000,0.5000,1.0000,43.0000,5,0.508475,0.0288529,3.05085,0.070950,ok,0.184919,,0.184919,3.05085,3.5108,0.179649,3.32571,1,0,7.2276,estimated,0.50,1.66286,4.98857
22,0,22.5000,0.5000,1.0000,45.0000,5,0.508475,0.0288529,3.05085,0.067797,ok,0.187854,,0.187854,3.05085,3.4560,0.182647,3.31205,1,0,7.1090,estimated,0.50,1.65603,4.96808
23,0,23.5000,0.5000,1.0000,47.0000,5,0.508475,0.0288529,3.05085,0.064912,ok,0.190789,,0.190789,3.05085,3.4028,0.185611,3.29846,1,0,6.9954,estimated,0.50,1.64923,4.94770
24,0,24.5000,0.5000,1.0000,49.0000,5,0.508475,0.0288529,3.05085,0.062262,ok,0.193723,,0.193723,3.05085,3.3512,0.188538,3.28795,1,0,6.8868,estimated,0.50,1.64398,4.93193
25,0,25.5000,0.5000,1.0000,51.0000,5,0.508475,0.0288529,3.05085,0.059821,ok,0.196658,,0.196658,3.05085,3.3012,0.191445,3.27930,1,0,6.7823,estimated,0.50,1.63965,4.91895
26,0,26.5000,0.5000,1.0000,53.0000,5,0.508475,0.0288529,3.05085,0.057563,ok,0.199593,,0.199593,3.05085,3.2527,0.194307,3.27332,1,0,6.6824,estimated,0.50,1.63666,4.90999
27,0,27.5000,0.5000,1.0000,55.0000,5,0.508475,0.0288529,3.05085,0.055470,ok,0.202527,,0.202527,3.05085,3.2056,0.197151,3.26862,1,0,6.5860,estimated,0.50,1.63431,4.90293
28,0,28.5000,0.5000,1.0000,57.0000,5,0.508475,0.0288529,3.05085,0.053524,ok,0.205462,,0.205462,3.05085,3.1598,0.199983,3.26471,1,0,6.4927,estimated,0.50,1.63235,4.89706
29,0,29.5000,0.5000,1.0000,59.0000,5,0.508475,0.0288529,3.05085,0.051709,ok,0.208397,,0.208397,3.05085,3.1153,0.202811,3.26127,1,0,6.4022,estimated,0.50,1.63063,4.89190
30,0,30.5000,0.5000,1.0000,61.0000,5,0.508475,0.0288529,3.05085,0.050014,ok,0.211332,,0.211332,3.05085,3.0720,0.205637,3.25813,1,0,6.3142,estimated,0.50,1.62907,4.88720
31,0,31.5000,0.5000,1.0000,63.0000,5,0.508475,0.0288529,3.05085,0.048426,ok,0.214266,,0.214266,3.05085,3.0299,0.208462,3.25524,1,0,6.2286,estimated,0.50,1.62762,4.88286
32,0,32.5000,0.5000,1.0000,65.0000,5,0.508475,0.0288529,3.05085,0.046936,ok,0.217201,,0.217201,3.05085,2.9890,0.211301,3.25201,1,0,6.1449,estimated,0.50,1.62601,4.87802
33,0,33.5000,0.5000,1.0000,67.0000,5,0.508475,0.0288529,3.05085,0.045535,ok,0.220136,,0.220136,3.05085,2.9492,0.214117,3.24979,1,0,6.0641,estimated,0.50,1.62490,4.87469
34,0,34.5000,0.5000,1.0000,69.0000,5,0.508475,0.0288529,3.05085,0.044215,ok,0.223070,,0.223070,3.05085,2.9104,0.216918,3.24822,1,0,5.9858,estimated,0.50,1.62411,4.87233
35,0,35.5000,0.5000,1.0000,71.0000,5,0.508475,0.0288529,3.05085,0.042970,ok,0.226005,,0.226005,3.05085,2.8726,0.219691,3.24767,1,0,5.9103,estimated,0.50,1.62384,4.87151
36,0,36.5000,0.5000,1.0000,73.0000,5,0.508475,0.0288529,3.05085,0.041792,ok,0.228716,,0.228716,3.05085,2.8385,0.222406,3.24904,1,0,5.8381,estimated,0.50,1.62452,4.87356
37,0,37.5000,0.5000,1.0000,75.0000,5,0.508475,0.0288529,3.05085,0.040678,ok,0.231427,,0.231427,3.05085,2.8053,0.225026,3.25328,1,0,5.7701,estimated,0.50,1.62664,4.87992
38,0,38.5000,0.5000,1.0000,77.0000,5,0.508475,0.0288529,3.05085,0.039621,ok,0.234139,,0.234139,3.05085,2.7728,0.227483,3.25861,1,0,5.7078,estimated,0.50,1.62930,4.88791
39,0,39.5000,0.5000,1.0000,79.0000,5,0.508475,0.0288529,3.05085,0.038618,ok,0.236850,,0.236850,3.05085,2.7410,0.229668,3.27014,1,0,5.6535,estimated,0.50,1.63507,4.90521
40,0,40.5000,0.5000,1.0000,81.0000,5,0.508475,0.0288529,3.05085,0.037665,ok,0.239562,,0.239562,3.05085,2.7100,0.231435,3.29466,1,0,5.6103,estimated,0.50,1.64733,4.94199
41,0,41.5000,0.5000,1.0000,83.0000,5,0.508475,0.0288529,3.05085,0.036757,ok,0.242273,,0.242273,3.05085,2.6797,0.232621,3.33708,1,0,5.5817,estimated,0.50,1.66854,5.00562
42,0,42.5000,0.5000,1.0000,84.7056,2,0.508475,0.0288529,3.05085,0.036017,ok,0.244585,,0.244585,3.05085,2.6544,0.233102,3.38983,1,0,5.5702,estimated,0.50,1.69491,5.08474
43,0,43.5000,0.5000,1.0000,82.7056,2,0.508475,0.0288529,3.05085,0.036888,ok,0.241874,,0.241874,3.05085,2.6841,0.232491,3.32946,1,0,5.5849,estimated,0.50,1.66473,4.99418
44,0,44.5000,0.5000,1.0000,80.7056,2,0.508475,0.0288529,3.05085,0.037802,ok,0.239163,,0.239163,3.05085,2.7145,0.231211,3.28995,1,0,5.6158,estimated,0.50,1.64498,4.93493
45,0,45.5000,0.5000,1.0000,78.7056,2,0.508475,0.0288529,3.05085,0.038763,ok,0.236451,,0.236451,3.05085,2.7457,0.229372,3.26765,1,0,5.6608,estimated,0.50,1.63382,4.90147
46,0,46.5000,0.5000,1.0000,76.7056,2,0.508475,0.0288529,3.05085,0.039773,ok,0.233740,,0.233740,3.05085,2.7775,0.227138,3.25766,1,0,5.7165,estimated,0.50,1.62883,4.88649
47,0,47.5000,0.5000,1.0000,74.7056,2,0.508475,0.0288529,3.05085,0.040838,ok,0.231028,,0.231028,3.05085,2.8101,0.224650,3.25237,1,0,5.7798,estimated,0.50,1.62619,4.87856
48,0,48.5000,0.5000,1.0000,72.7056,2,0.508475,0.0288529,3.05085,0.041962,ok,0.228317,,0.228317,3.05085,2.8435,0.222011,3.24868,1,0,5.8485,estimated,0.50,1.62434,4.87302
49,0,49.5000,0.5000,1.0000,70.7056,2,0.508475,0.0288529,3.05085,0.043149,ok,0.225573,,0.225573,3.05085,2.8781,0.219285,3.24767,1,0,5.9212,estimated,0.50,1.62384,4.87151
50,0,50.5000,0.5000,1.0000,68.7056,2,0.508475,0.0288529,3.05085,0.044405,ok,0.222638,,0.222638,3.05085,2.9160,0.216507,3.24841,1,0,5.9972,estimated,0.50,1.62421,4.87262
51,0,51.5000,0.5000,1.0000,66.7056,2,0.508475,0.0288529,3.05085,0.045736,ok,0.219704,,0.219704,3.05085,2.9550,0.213703,3.25010,1,0,6.0759,estimated,0.50,1.62505,4.87514
52,0,52.5000,0.5000,1.0000,64.7056,2,0.508475,0.0288529,3.05085,0.047150,ok,0.216769,,0.216769,3.05085,2.9950,0.210886,3.25238,1,0,6.1570,estimated,0.50,1.62619,4.87857
53,0,53.5000,0.5000,1.0000,62.7056,2,0.508475,0.0288529,3.05085,0.048653,ok,0.213834,,0.213834,3.05085,3.0361,0.208046,3.25566,1,0,6.2411,estimated,0.50,1.62783,4.88349
54,0,54.5000,0.5000,1.0000,60.7056,2,0.508475,0.0288529,3.05085,0.050256,ok,0.210900,,0.210900,3.05085,3.0783,0.205221,3.25858,1,0,6.3270,estimated,0.50,1.62929,4.88788
55,0,55.5000,0.5000,1.0000,58.7056,2,0.508475,0.0288529,3.05085,0.051969,ok,0.207965,,0.207965,3.05085,3.1218,0.202395,3.26176,1,0,6.4153,estimated,0.50,1.63088,4.89263
56,0,56.5000,0.5000,1.0000,56.7056,2,0.508475,0.0288529,3.05085,0.053801,ok,0.205030,,0.205030,3.05085,3.1664,0.199567,3.26525,1,0,6.5062,estimated,0.50,1.63263,4.89788
57,0,57.5000,0.5000,1.0000,54.7056,2,0.508475,0.0288529,3.05085,0.055768,ok,0.202096,,0.202096,3.05085,3.2124,0.196733,3.26926,1,0,6.6000,estimated,0.50,1.63463,4.90389
58,0,58.5000,0.5000,1.0000,52.7056,2,0.508475,0.0288529,3.05085,0.057885,ok,0.199161,,0.199161,3.05085,3.2598,0.193887,3.27412,1,0,6.6968,estimated,0.50,1.63706,4.91118
59,0,59.5000,0.5000,1.0000,50.7056,2,0.508475,0.0288529,3.05085,0.060168,ok,0.196226,,0.196226,3.05085,3.3085,0.191021,3.28033,1,0,6.7973,estimated,0.50,1.64017,4.92050
60,0,60.5000,0.5000,1.0000,48.7056,2,0.508475,0.0288529,3.05085,0.062639,ok,0.193291,,0.193291,3.05085,3.3587,0.188110,3.28935,1,0,6.9025,estimated,0.50,1.64467,4.93402
61,0,61.5000,0.5000,1.0000,46.7056,2,0.508475,0.0288529,3.05085,0.065321,ok,0.190357,,0.190357,3.05085,3.4105,0.185177,3.30029,1,0,7.0118,estimated,0.50,1.65014,4.95043
62,0,62.5000,0.5000,1.0000,44.7056,2,0.508475,0.0288529,3.05085,0.068243,ok,0.187422,,0.187422,3.05085,3.4639,0.182206,3.31437,1,0,7.1261,estimated,0.50,1.65718,4.97155
63,0,63.5000,0.5000,1.0000,42.7056,2,0.508475,0.0288529,3.05085,0.071439,ok,0.184487,,0.184487,3.05085,3.5190,0.179205,3.32439,1,0,7.2455,estimated,0.50,1.66219,4.98658
64,0,64.5000,0.5000,1.0000,40.7056,2,0.508475,0.0288529,3.05085,0.074949,ok,0.181553,,0.181553,3.05085,3.5759,0.176189,3.31491,1,0,7.3695,estimated,0.50,1.65746,4.97237
65,0,65.5000,0.5000,1.0000,38.7056,2,0.508475,0.0288529,3.05085,0.078822,ok,0.178357,,0.178357,3.05085,3.6400,0.173179,3.30420,1,0,7.4976,estimated,0.50,1.65210,4.95629
66,0,66.5000,0.5000,1.0000,36.7056,2,0.508475,0.0288529,3.05085,0.083117,ok,0.174867,,0.174867,3.05085,3.7126,0.170202,3.29054,1,0,7.6287,estimated,0.50,1.64527,4.93581
67,0,67.5000,0.5000,1.0000,34.7056,2,0.508475,0.0288529,3.05085,0.087906,ok,0.171378,,0.171378,3.05085,3.7882,0.167321,3.26993,1,0,7.7601,estimated,0.50,1.63497,4.90490
68,0,68.5000,0.5000,1.0000,32.7056,2,0.508475,0.0288529,3.05085,0.093282,ok,0.167888,,0.167888,3.05085,3.8669,0.164558,3.23996,1,0,7.8904,estimated,0.50,1.61998,4.85993
69,0,69.5000,0.5000,1.0000,30.7056,2,0.508475,0.0288529,3.05085,0.099358,ok,0.164399,,0.164399,3.05085,3.9490,0.161937,3.19782,1,0,8.0181,estimated,0.50,1.59891,4.79673
70,0,70.5000,0.5000,1.0000,28.7056,2,0.508475,0.0288529,3.05085,0.106280,ok,0.160910,,0.160910,3.05085,4.0347,0.159476,3.14074,1,0,8.1418,estimated,0.50,1.57037,4.71111
71,0,71.5000,0.5000,1.0000,26.7056,2,0.508475,0.0288529,3.05085,0.114240,ok,0.157420,,0.157420,3.05085,4.1241,0.157182,3.07186,1,0,8.2607,estimated,0.50,1.53593,4.60779
72,0,72.5000,0.5000,1.0000,24.7056,2,0.508475,0.0288529,3.05085,0.123488,ok,0.155783,,0.155783,3.05085,4.1674,0.155069,3.16350,1,0,8.3733,estimated,0.50,1.58175,4.74525
73,0,73.5000,0.5000,1.0000,22.7056,2,0.508475,0.0288529,3.05085,0.134365,ok,0.154120,,0.154120,3.05085,4.2124,0.153133,3.20780,1,0,8.4791,estimated,0.50,1.60390,4.81169
74,0,74.5000,0.5000,1.0000,20.7056,2,0.508475,0.0288529,3.05085,0.147344,ok,0.152308,,0.152308,3.05085,4.2625,0.151387,3.19805,1,0,8.5769,estimated,0.50,1.59902,4.79707
75,0,75.5000,0.5000,1.0000,18.7056,2,0.508475,0.0288529,3.05085,0.163098,ok,0.150328,,0.150328,3.05085,4.3187,0.149843,3.12830,1,0,8.6653,estimated,0.50,1.56415,4.69245
76,0,76.5000,0.5000,1.0000,16.7056,2,0.508475,0.0288529,3.05085,0.182624,ok,0.148156,,0.148156,3.05085,4.3820,0.148526,2.99218,1,0,8.7421,estimated,0.50,1.49609,4.48827
77,0,77.5000,0.5000,1.0000,14.7056,2,0.508475,0.0288529,3.05085,0.207461,ok,0.145761,,0.145761,3.05085,4.4540,0.147406,2.79388,1,0,8.8085,estimated,0.50,1.39694,4.19081
78,0,78.5000,0.5000,1.0000,12.7056,2,0.508475,0.0288529,3.05085,0.240118,ok,0.143108,,0.143108,3.05085,4.5365,0.146491,2.53453,1,0,8.8636,estimated,0.50,1.26726,3.80179
79,0,79.5000,0.5000,1.0000,10.7056,2,0.508475,0.0288529,3.05085,0.284976,too_firm,,2.58631,0.143000,2.58631,4.5400,0.145687,2.22996,1,0,8.9125,estimated,0.50,1.11498,3.34494
80,0,80.5000,0.5000,1.0000,8.7056,2,0.508475,0.0288529,3.05085,0.350445,beyond_data,,2.10315,0.143000,2.10315,4.5400,0.145036,1.87865,1,0,8.9525,estimated,0.50,0.93932,2.81797
81,0,81.5000,0.5000,1.0000,6.7056,2,0.508475,0.0288529,3.05085,0.454968,beyond_data,,1.61998,0.143000,1.61998,4.5400,0.144521,1.48844,1,0,8.9844,estimated,0.50,0.74422,2.23267
82,0,82.5000,0.5000,1.0000,4.7056,2,0.508475,0.0288529,3.05085,0.648340,beyond_data,,1.13681,0.143000,1.13681,4.5400,0.144121,1.06778,1,0,9.0093,estimated,0.50,0.53389,1.60167
83,0,83.5000,0.5000,1.0000,2.7056,2,0.508475,0.0288529,3.05085,1.127593,beyond_data,,0.65364,0.143000,0.65364,4.5400,0.143817,0.62442,1,1,9.0284,estimated,0.50,0.31221,0.93663
84,0,84.5000,0.5000,1.0000,0.7056,2,0.508475,0.0288529,3.05085,4.323595,beyond_data,,0.17047,0.143000,0.17047,4.5400,0.143587,0.16494,1,1,9.0428,estimated,0.50,0.08247,0.24741
0,1,0.5000,1.5000,1.0000,1.0000,5,0.508475,0.0288529,3.05085,3.050847,beyond_data,,0.24158,0.143000,0.24158,4.5400,0.143605,0.23352,1,1,9.0417,estimated,0.50,0.11676,0.35028
1,1,1.5000,1.5000,1.0000,3.0000,5,0.525424,0.0288529,3.15254,1.050847,beyond_data,,0.72475,0.143000,0.72475,4.5400,0.143838,0.69152,1,1,9.0270,estimated,0.50,0.34576,1.03728
2,1,2.5000,1.5000,1.0000,5.0000,5,0.525424,0.0288529,3.15254,0.630508,beyond_data,,1.20792,0.143000,1.20792,4.5400,0.144147,1.13296,1,0,9.0077,estimated,0.50,0.56648,1.69944
3,1,3.5000,1.5000,1.0000,7.0000,5,0.525424,0.0288529,3.15254,0.450363,beyond_data,,1.69109,0.143000,1.69109,4.5400,0.144551,1.55124,1,0,8.9825,estimated,0.50,0.77562,2.32686
4,1,4.5000,1.5000,1.0000,9.0000,5,0.525424,0.0288529,3.15254,0.350282,beyond_data,,2.17426,0.143000,2.17426,4.5400,0.145069,1.93862,1,0,8.9504,estimated,0.50,0.96931,2.90792
5,1,5.5000,1.5000,1.0000,11.0000,5,0.525424,0.0288529,3.15254,0.286595,too_firm,,2.65743,0.143000,2.65743,4.5400,0.145723,2.28676,1,0,8.9103,estimated,0.50,1.14338,3.43013
6,1,6.5000,1.5000,1.0000,13.0000,5,0.525424,0.0288529,3.15254,0.242503,too_firm,,3.14060,0.143000,3.14060,4.5400,0.146531,2.58759,1,0,8.8611,estimated,0.50,1.29380,3.88139
7,1,7.5000,1.5000,1.0000,15.0000,5,0.525424,0.0288529,3.15254,0.210169,ok,0.145521,,0.145521,3.15254,4.4613,0.147450,2.84330,1,0,8.8059,estimated,0.50,1.42165,4.26495
8,1,8.5000,1.5000,1.0000,17.0000,5,0.525424,0.0288529,3.15254,0.185444,ok,0.147865,,0.147865,3.15254,4.3906,0.148566,3.03849,1,0,8.7397,estimated,0.50,1.51924,4.55773
9,1,9.5000,1.5000,1.0000,19.0000,5,0.525424,0.0288529,3.15254,0.165923,ok,0.149996,,0.149996,3.15254,4.3282,0.149876,3.17215,1,0,8.6634,estimated,0.50,1.58608,4.75823
10,1,10.5000,1.5000,1.0000,21.0000,5,0.525424,0.0288529,3.15254,0.150121,ok,0.151942,,0.151942,3.15254,4.2728,0.151408,3.24003,1,0,8.5757,estimated,0.50,1.62002,4.86005
11,1,11.5000,1.5000,1.0000,23.0000,5,0.525424,0.0288529,3.15254,0.137067,ok,0.153728,,0.153728,3.15254,4.2232,0.153137,3.24868,1,0,8.4789,estimated,0.50,1.62434,4.87302
12,1,12.5000,1.5000,1.0000,25.0000,5,0.525424,0.0288529,3.15254,0.126102,ok,0.155370,,0.155370,3.15254,4.1785,0.155051,3.20399,1,0,8.3742,estimated,0.50,1.60200,4.80599
13,1,13.5000,1.5000,1.0000,27.0000,5,0.525424,0.0288529,3.15254,0.116761,ok,0.156887,,0.156887,3.15254,4.1381,0.157139,3.11259,1,0,8.2630,estimated,0.50,1.55629,4.66888
14,1,14.5000,1.5000,1.0000,29.0000,5,0.525424,0.0288529,3.15254,0.108708,ok,0.159791,,0.159791,3.15254,4.0629,0.159399,3.17801,1,0,8.1458,estimated,0.50,1.58901,4.76702
15,1,15.5000,1.5000,1.0000,31.0000,5,0.525424,0.0288529,3.15254,0.101695,ok,0.163168,,0.163168,3.15254,3.9788,0.161819,3.23590,1,0,8.0239,estimated,0.50,1.61795,4.85385
16,1,16.5000,1.5000,1.0000,33.0000,5,0.525424,0.0288529,3.15254,0.095532,ok,0.166545,,0.166545,3.15254,3.8981,0.164397,3.27891,1,0,7.8981,estimated,0.50,1.63946,4.91837
17,1,17.5000,1.5000,1.0000,35.0000,5,0.525424,0.0288529,3.15254,0.090073,ok,0.169922,,0.169922,3.15254,3.8207,0.167113,3.30982,1,0,7.7698,estimated,0.50,1.65491,4.96473
18,1,18.5000,1.5000,1.0000,37.0000,5,0.525424,0.0288529,3.15254,0.085204,ok,0.173299,,0.173299,3.15254,3.7462,0.169946,3.33132,1,0,7.6403,estimated,0.50,1.66566,4.99698
19,1,19.5000,1.5000,1.0000,39.0000,5,0.525424,0.0288529,3.15254,0.080834,ok,0.176675,,0.176675,3.15254,3.6746,0.172865,3.34618,1,0,7.5112,estimated,0.50,1.67309,5.01928
20,1,20.5000,1.5000,1.0000,41.0000,5,0.525424,0.0288529,3.15254,0.076891,ok,0.180044,,0.180044,3.15254,3.6059,0.175842,3.35667,1,0,7.3841,estimated,0.50,1.67834,5.03501
21,1,21.5000,1.5000,1.0000,43.0000,5,0.525424,0.0288529,3.15254,0.073315,ok,0.182884,,0.182884,3.15254,3.5499,0.178816,3.36645,1,0,7.2613,estimated,0.50,1.68322,5.04967
22,1,22.5000,1.5000,1.0000,45.0000,5,0.525424,0.0288529,3.15254,0.070056,ok,0.185724,,0.185724,3.15254,3.4956,0.181778,3.36002,1,0,7.1429,estimated,0.50,1.68001,5.04003
23,1,23.5000,1.5000,1.0000,47.0000,5,0.525424,0.0288529,3.15254,0.067075,ok,0.188564,,0.188564,3.15254,3.4429,0.184712,3.34565,1,0,7.0295,estimated,0.50,1.67283,5.01848
24,1,24.5000,1.5000,1.0000,49.0000,5,0.525424,0.0288529,3.15254,0.064338,ok,0.191404,,0.191404,3.15254,3.3919,0.187609,3.33439,1,0,6.9209,estimated,0.50,1.66720,5.00159
25,1,25.5000,1.5000,1.0000,51.0000,5,0.525424,0.0288529,3.15254,0.061815,ok,0.194244,,0.194244,3.15254,3.3423,0.190471,3.32581,1,0,6.8169,estimated,0.50,1.66291,4.98872
26,1,26.5000,1.5000,1.0000,53.0000,5,0.525424,0.0288529,3.15254,0.059482,ok,0.197084,,0.197084,3.15254,3.2941,0.193316,3.31872,1,0,6.7166,estimated,0.50,1.65936,4.97808
27,1,27.5000,1.5000,1.0000,55.0000,5,0.525424,0.0288529,3.15254,0.057319,ok,0.199924,,0.199924,3.15254,3.2473,0.196124,3.31377,1,0,6.6204,estimated,0.50,1.65688,4.97065
28,1,28.5000,1.5000,1.0000,57.0000,5,0.525424,0.0288529,3.15254,0.055308,ok,0.202764,,0.202764,3.15254,3.2018,0.198919,3.30976,1,0,6.5274,estimated,0.50,1.65488,4.96464
29,1,29.5000,1.5000,1.0000,59.0000,5,0.525424,0.0288529,3.15254,0.053433,ok,0.205604,,0.205604,3.15254,3.1576,0.201707,3.30633,1,0,6.4372,estimated,0.50,1.65317,4.95950
30,1,30.5000,1.5000,1.0000,61.0000,5,0.525424,0.0288529,3.15254,0.051681,ok,0.208444,,0.208444,3.15254,3.1146,0.204492,3.30326,1,0,6.3495,estimated,0.50,1.65163,4.95489
31,1,31.5000,1.5000,1.0000,63.0000,5,0.525424,0.0288529,3.15254,0.050040,ok,0.211284,,0.211284,3.15254,3.0727,0.207275,3.30046,1,0,6.2643,estimated,0.50,1.65023,4.95069
32,1,32.5000,1.5000,1.0000,65.0000,5,0.525424,0.0288529,3.15254,0.048501,ok,0.214124,,0.214124,3.15254,3.0320,0.210056,3.29791,1,0,6.1814,estimated,0.50,1.64896,4.94687
33,1,33.5000,1.5000,1.0000,67.0000,5,0.525424,0.0288529,3.15254,0.047053,ok,0.216964,,0.216964,3.15254,2.9923,0.212847,3.29515,1,0,6.1003,estimated,0.50,1.64758,4.94273
34,1,34.5000,1.5000,1.0000,69.0000,5,0.525424,0.0288529,3.15254,0.045689,ok,0.219804,,0.219804,3.15254,2.9536,0.215607,3.29363,1,0,6.0222,estimated,0.50,1.64681,4.94044
35,1,35.5000,1.5000,1.0000,71.0000,5,0.525424,0.0288529,3.15254,0.044402,ok,0.222644,,0.222644,3.15254,2.9159,0.218340,3.29312,1,0,5.9468,estimated,0.50,1.64656,4.93968
36,1,36.5000,1.5000,1.0000,73.0000,5,0.525424,0.0288529,3.15254,0.043186,ok,0.225484,,0.225484,3.15254,2.8792,0.221022,3.29434,1,0,5.8747,estimated,0.50,1.64717,4.94151
37,1,37.5000,1.5000,1.0000,75.0000,5,0.525424,0.0288529,3.15254,0.042034,ok,0.228147,,0.228147,3.15254,2.8456,0.223606,3.29869,1,0,5.8068,estimated,0.50,1.64935,4.94804
38,1,38.5000,1.5000,1.0000,77.0000,5,0.525424,0.0288529,3.15254,0.040942,ok,0.230771,,0.230771,3.15254,2.8132,0.226023,3.30803,1,0,5.7447,estimated,0.50,1.65402,4.96205
39,1,39.5000,1.5000,1.0000,79.0000,5,0.525424,0.0288529,3.15254,0.039906,ok,0.233395,,0.233395,3.15254,2.7816,0.228168,3.31999,1,0,5.6907,estimated,0.50,1.65999,4.97998
40,1,40.5000,1.5000,1.0000,81.0000,5,0.525424,0.0288529,3.15254,0.038920,ok,0.236019,,0.236019,3.15254,2.7507,0.229898,3.34523,1,0,5.6478,estimated,0.50,1.67261,5.01784
41,1,41.5000,1.5000,1.0000,83.0000,5,0.525424,0.0288529,3.15254,0.037982,ok,0.238643,,0.238643,3.15254,2.7204,0.231056,3.38864,1,0,5.6195,estimated,0.50,1.69432,5.08296
42,1,42.5000,1.5000,1.0000,84.7056,2,0.525424,0.0288529,3.15254,0.037218,ok,0.240881,,0.240881,3.15254,2.6952,0.231489,3.44356,1,0,5.6090,estimated,0.50,1.72178,5.16533
43,1,43.5000,1.5000,1.0000,82.7056,2,0.525424,0.0288529,3.15254,0.038118,ok,0.238257,,0.238257,3.15254,2.7249,0.230929,3.38085,1,0,5.6226,estimated,0.50,1.69043,5.07128
44,1,44.5000,1.5000,1.0000,80.7056,2,0.525424,0.0288529,3.15254,0.039062,ok,0.235633,,0.235633,3.15254,2.7552,0.229679,3.34039,1,0,5.6532,estimated,0.50,1.67020,5.01059
45,1,45.5000,1.5000,1.0000,78.7056,2,0.525424,0.0288529,3.15254,0.040055,ok,0.233009,,0.233009,3.15254,2.7862,0.227877,3.31741,1,0,5.6979,estimated,0.50,1.65870,4.97611
46,1,46.5000,1.5000,1.0000,76.7056,2,0.525424,0.0288529,3.15254,0.041099,ok,0.230385,,0.230385,3.15254,2.8180,0.225684,3.30622,1,0,5.7533,estimated,0.50,1.65311,4.95932
47,1,47.5000,1.5000,1.0000,74.7056,2,0.525424,0.0288529,3.15254,0.042200,ok,0.227761,,0.227761,3.15254,2.8504,0.223235,3.29775,1,0,5.8164,estimated,0.50,1.64887,4.94662
48,1,48.5000,1.5000,1.0000,72.7056,2,0.525424,0.0288529,3.15254,0.043360,ok,0.225066,,0.225066,3.15254,2.8846,0.220633,3.29399,1,0,5.8850,estimated,0.50,1.64700,4.94099
49,1,49.5000,1.5000,1.0000,70.7056,2,0.525424,0.0288529,3.15254,0.044587,ok,0.222226,,0.222226,3.15254,2.9214,0.217941,3.29311,1,0,5.9577,estimated,0.50,1.64655,4.93966
50,1,50.5000,1.5000,1.0000,68.7056,2,0.525424,0.0288529,3.15254,0.045885,ok,0.219386,,0.219386,3.15254,2.9592,0.215202,3.29381,1,0,6.0335,estimated,0.50,1.64690,4.94071
51,1,51.5000,1.5000,1.0000,66.7056,2,0.525424,0.0288529,3.15254,0.047261,ok,0.216546,,0.216546,3.15254,2.9980,0.212439,3.29545,1,0,6.1120,estimated,0.50,1.64772,4.94317
52,1,52.5000,1.5000,1.0000,64.7056,2,0.525424,0.0288529,3.15254,0.048721,ok,0.213706,,0.213706,3.15254,3.0379,0.209646,3.29828,1,0,6.1934,estimated,0.50,1.64914,4.94741
53,1,53.5000,1.5000,1.0000,62.7056,2,0.525424,0.0288529,3.15254,0.050275,ok,0.210866,,0.210866,3.15254,3.0788,0.206865,3.30086,1,0,6.2767,estimated,0.50,1.65043,4.95130
54,1,54.5000,1.5000,1.0000,60.7056,2,0.525424,0.0288529,3.15254,0.051932,ok,0.208026,,0.208026,3.15254,3.1208,0.204082,3.30370,1,0,6.3623,estimated,0.50,1.65185,4.95555
55,1,55.5000,1.5000,1.0000,58.7056,2,0.525424,0.0288529,3.15254,0.053701,ok,0.205186,,0.205186,3.15254,3.1640,0.201297,3.30681,1,0,6.4503,estimated,0.50,1.65341,4.96022
56,1,56.5000,1.5000,1.0000,56.7056,2,0.525424,0.0288529,3.15254,0.055595,ok,0.202346,,0.202346,3.15254,3.2084,0.198508,3.31031,1,0,6.5409,estimated,0.50,1.65516,4.96547
57,1,57.5000,1.5000,1.0000,54.7056,2,0.525424,0.0288529,3.15254,0.057627,ok,0.199506,,0.199506,3.15254,3.2541,0.195712,3.31443,1,0,6.6344,estimated,0.50,1.65722,4.97165
58,1,58.5000,1.5000,1.0000,52.7056,2,0.525424,0.0288529,3.15254,0.059814,ok,0.196666,,0.196666,3.15254,3.3011,0.192900,3.31957,1,0,6.7311,estimated,0.50,1.65978,4.97935
59,1,59.5000,1.5000,1.0000,50.7056,2,0.525424,0.0288529,3.15254,0.062173,ok,0.193826,,0.193826,3.15254,3.3495,0.190052,3.32695,1,0,6.8320,estimated,0.50,1.66347,4.99042
60,1,60.5000,1.5000,1.0000,48.7056,2,0.525424,0.0288529,3.15254,0.064726,ok,0.190986,,0.190986,3.15254,3.3993,0.187185,3.33589,1,0,6.9366,estimated,0.50,1.66795,5.00384
61,1,61.5000,1.5000,1.0000,46.7056,2,0.525424,0.0288529,3.15254,0.067498,ok,0.188146,,0.188146,3.15254,3.4506,0.184282,3.34759,1,0,7.0459,estimated,0.50,1.67380,5.02139
62,1,62.5000,1.5000,1.0000,44.7056,2,0.525424,0.0288529,3.15254,0.070518,ok,0.185306,,0.185306,3.15254,3.5035,0.181343,3.36244,1,0,7.1601,estimated,0.50,1.68122,5.04366
63,1,63.5000,1.5000,1.0000,42.7056,2,0.525424,0.0288529,3.15254,0.073820,ok,0.182466,,0.182466,3.15254,3.5580,0.178378,3.36508,1,0,7.2791,estimated,0.50,1.68254,5.04762
64,1,64.5000,1.5000,1.0000,40.7056,2,0.525424,0.0288529,3.15254,0.077447,ok,0.179555,,0.179555,3.15254,3.6157,0.175403,3.35525,1,0,7.4026,estimated,0.50,1.67762,5.03287
65,1,65.5000,1.5000,1.0000,38.7056,2,0.525424,0.0288529,3.15254,0.081449,ok,0.176178,,0.176178,3.15254,3.6850,0.172430,3.34434,1,0,7.5302,estimated,0.50,1.67217,5.01651
66,1,66.5000,1.5000,1.0000,36.7056,2,0.525424,0.0288529,3.15254,0.085887,ok,0.172801,,0.172801,3.15254,3.7570,0.169522,3.32867,1,0,7.6594,estimated,0.50,1.66433,4.99300
67,1,67.5000,1.5000,1.0000,34.7056,2,0.525424,0.0288529,3.15254,0.090837,ok,0.169425,,0.169425,3.15254,3.8319,0.166705,3.30597,1,0,7.7888,estimated,0.50,1.65298,4.95895
68,1,68.5000,1.5000,1.0000,32.7056,2,0.525424,0.0288529,3.15254,0.096391,ok,0.166048,,0.166048,3.15254,3.9098,0.164008,3.27345,1,0,7.9169,estimated,0.50,1.63673,4.91018
69,1,69.5000,1.5000,1.0000,30.7056,2,0.525424,0.0288529,3.15254,0.102670,ok,0.162671,,0.162671,3.15254,3.9910,0.161452,3.22846,1,0,8.0422,estimated,0.50,1.61423,4.84268
70,1,70.5000,1.5000,1.0000,28.7056,2,0.525424,0.0288529,3.15254,0.109823,ok,0.159294,,0.159294,3.15254,4.0756,0.159054,3.16820,1,0,8.1634,estimated,0.50,1.58410,4.75230
71,1,71.5000,1.5000,1.0000,26.7056,2,0.525424,0.0288529,3.15254,0.118048,ok,0.156672,,0.156672,3.15254,4.1438,0.156819,3.12908,1,0,8.2798,estimated,0.50,1.56454,4.69362
72,1,72.5000,1.5000,1.0000,24.7056,2,0.525424,0.0288529,3.15254,0.127604,ok,0.155137,,0.155137,3.15254,4.1848,0.154755,3.21422,1,0,8.3902,estimated,0.50,1.60711,4.82132
73,1,73.5000,1.5000,1.0000,22.7056,2,0.525424,0.0288529,3.15254,0.138844,ok,0.153474,,0.153474,3.15254,4.2301,0.152866,3.25174,1,0,8.4939,estimated,0.50,1.62587,4.87761
74,1,74.5000,1.5000,1.0000,20.7056,2,0.525424,0.0288529,3.15254,0.152255,ok,0.151667,,0.151667,3.15254,4.2805,0.151162,3.23509,1,0,8.5896,estimated,0.50,1.61755,4.85264
75,1,75.5000,1.5000,1.0000,18.7056,2,0.525424,0.0288529,3.15254,0.168534,ok,0.149694,,0.149694,3.15254,4.3369,0.149672,3.15614,1,0,8.6751,estimated,0.50,1.57807,4.73421
76,1,76.5000,1.5000,1.0000,16.7056,2,0.525424,0.0288529,3.15254,0.188711,ok,0.147534,,0.147534,3.15254,4.4005,0.148376,3.01583,1,0,8.7510,estimated,0.50,1.50791,4.52374
77,1,77.5000,1.5000,1.0000,14.7056,2,0.525424,0.0288529,3.15254,0.214377,ok,0.145157,,0.145157,3.15254,4.4725,0.147286,2.81174,1,0,8.8157,estimated,0.50,1.40587,4.21762
78,1,78.5000,1.5000,1.0000,12.7056,2,0.525424,0.0288529,3.15254,0.248122,too_firm,,3.06948,0.143000,3.06948,4.5400,0.146383,2.54913,1,0,8.8701,estimated,0.50,1.27456,3.82369
79,1,79.5000,1.5000,1.0000,10.7056,2,0.525424,0.0288529,3.15254,0.294475,beyond_data,,2.58631,0.143000,2.58631,4.5400,0.145598,2.24070,1,0,8.9179,estimated,0.50,1.12035,3.36105
80,1,80.5000,1.5000,1.0000,8.7056,2,0.525424,0.0288529,3.15254,0.362127,beyond_data,,2.10315,0.143000,2.10315,4.5400,0.144965,1.88592,1,0,8.9569,estimated,0.50,0.94296,2.82888
81,1,81.5000,1.5000,1.0000,6.7056,2,0.525424,0.0288529,3.15254,0.470134,beyond_data,,1.61998,0.143000,1.61998,4.5400,0.144465,1.49301,1,0,8.9878,estimated,0.50,0.74650,2.23951
82,1,82.5000,1.5000,1.0000,4.7056,2,0.525424,0.0288529,3.15254,0.669952,beyond_data,,1.13681,0.143000,1.13681,4.5400,0.144078,1.07034,1,0,9.0120,estimated,0.50,0.53517,1.60550
83,1,83.5000,1.5000,1.0000,2.7056,2,0.525424,0.0288529,3.15254,1.165180,beyond_data,,0.65364,0.143000,0.65364,4.5400,0.143783,0.62557,1,1,9.0305,estimated,0.50,0.31278,0.93835
84,1,84.5000,1.5000,1.0000,0.7056,2,0.508475,0.0288529,3.05085,4.323595,beyond_data,,0.17047,0.143000,0.17047,4.5400,0.143562,0.16517,1,1,9.0444,estimated,0.50,0.08259,0.24776
0,2,0.5000,2.5000,1.0000,1.0000,5,0.508475,0.0288529,3.05085,3.050847,beyond_data,,0.24158,0.143000,0.24158,4.5400,0.143576,0.23389,1,1,9.0435,estimated,0.50,0.11695,0.35084
1,2,1.5000,2.5000,1.0000,3.0000,5,0.525424,0.0288529,3.15254,1.050847,beyond_data,,0.72475,0.143000,0.72475,4.5400,0.143801,0.69297,1,1,9.0294,estimated,0.50,0.34649,1.03946
2,2,2.5000,2.5000,1.0000,5.0000,5,0.542373,0.0288529,3.25424,0.650847,beyond_data,,1.20792,0.143000,1.20792,4.5400,0.144098,1.13604,1,0,9.0107,estimated,0.50,0.56802,1.70406
3,2,3.5000,2.5000,1.0000,7.0000,5,0.542373,0.0288529,3.25424,0.464891,beyond_data,,1.69109,0.143000,1.69109,4.5400,0.144488,1.55663,1,0,8.9864,estimated,0.50,0.77831,2.33494
4,2,4.5000,2.5000,1.0000,9.0000,5,0.542373,0.0288529,3.25424,0.361582,beyond_data,,2.17426,0.143000,2.17426,4.5400,0.144989,1.94710,1,0,8.9554,estimated,0.50,0.97355,2.92064
5,2,5.5000,2.5000,1.0000,11.0000,5,0.542373,0.0288529,3.25424,0.295840,beyond_data,,2.65743,0.143000,2.65743,4.5400,0.145623,2.29917,1,0,8.9164,estimated,0.50,1.14959,3.44876
6,2,6.5000,2.5000,1.0000,13.0000,5,0.542373,0.0288529,3.25424,0.250326,too_firm,,3.14060,0.143000,3.14060,4.5400,0.146408,2.60480,1,0,8.8686,estimated,0.50,1.30240,3.90720
7,2,7.5000,2.5000,1.0000,15.0000,5,0.542373,0.0288529,3.25424,0.216949,ok,0.144938,,0.144938,3.25424,4.4793,0.147312,2.86411,1,0,8.8142,estimated,0.50,1.43206,4.29617
8,2,8.5000,2.5000,1.0000,17.0000,5,0.542373,0.0288529,3.25424,0.191426,ok,0.147264,,0.147264,3.25424,4.4085,0.148395,3.06587,1,0,8.7498,estimated,0.50,1.53294,4.59881
9,2,9.5000,2.5000,1.0000,19.0000,5,0.542373,0.0288529,3.25424,0.171276,ok,0.149384,,0.149384,3.25424,4.3460,0.149680,3.20448,1,0,8.6747,estimated,0.50,1.60224,4.80672
10,2,10.5000,2.5000,1.0000,21.0000,5,0.542373,0.0288529,3.25424,0.154964,ok,0.151323,,0.151323,3.25424,4.2903,0.151153,3.28260,1,0,8.5901,estimated,0.50,1.64130,4.92390
11,2,11.5000,2.5000,1.0000,23.0000,5,0.542373,0.0288529,3.25424,0.141489,ok,0.153103,,0.153103,3.25424,4.2404,0.152834,3.29911,1,0,8.4957,estimated,0.50,1.64956,4.94867
12,2,12.5000,2.5000,1.0000,25.0000,5,0.542373,0.0288529,3.25424,0.130169,ok,0.154745,,0.154745,3.25424,4.1954,0.154697,3.26218,1,0,8.3934,estimated,0.50,1.63109,4.89327
13,2,13.5000,2.5000,1.0000,27.0000,5,0.542373,0.0288529,3.25424,0.120527,ok,0.156262,,0.156262,3.25424,4.1547,0.156728,3.17824,1,0,8.2846,estimated,0.50,1.58912,4.76735
14,2,14.5000,2.5000,1.0000,29.0000,5,0.542373,0.0288529,3.25424,0.112215,ok,0.158261,,0.158261,3.25424,4.1022,0.158923,3.20942,1,0,8.1702,estimated,0.50,1.60471,4.81413
15,2,15.5000,2.5000,1.0000,31.0000,5,0.542373,0.0288529,3.25424,0.104975,ok,0.161532,,0.161532,3.25424,4.0191,0.161276,3.27076,1,0,8.0510,estimated,0.50,1.63538,4.90615
16,2,16.5000,2.5000,1.0000,33.0000,5,0.542373,0.0288529,3.25424,0.098613,ok,0.164804,,0.164804,3.25424,3.9393,0.163778,3.31728,1,0,7.9280,estimated,0.50,1.65864,4.97591
17,2,17.5000,2.5000,1.0000,35.0000,5,0.542373,0.0288529,3.25424,0.092978,ok,0.168075,,0.168075,3.25424,3.8627,0.166419,3.35114,1,0,7.8022,estimated,0.50,1.67557,5.02671
18,2,18.5000,2.5000,1.0000,37.0000,5,0.542373,0.0288529,3.25424,0.087952,ok,0.171346,,0.171346,3.25424,3.7889,0.169179,3.37510,1,0,7.6749,estimated,0.50,1.68755,5.06265
19,2,19.5000,2.5000,1.0000,39.0000,5,0.542373,0.0288529,3.25424,0.083442,ok,0.174618,,0.174618,3.25424,3.7179,0.172030,3.39185,1,0,7.5477,estimated,0.50,1.69592,5.08777
20,2,20.5000,2.5000,1.0000,41.0000,5,0.542373,0.0288529,3.25424,0.079372,ok,0.177889,,0.177889,3.25424,3.6496,0.174946,3.40360,1,0,7.4219,estimated,0.50,1.70180,5.10541
21,2,21.5000,2.5000,1.0000,43.0000,5,0.542373,0.0288529,3.25424,0.075680,ok,0.180976,,0.180976,3.25424,3.5873,0.177876,3.41362,1,0,7.2996,estimated,0.50,1.70681,5.12043
22,2,22.5000,2.5000,1.0000,45.0000,5,0.542373,0.0288529,3.25424,0.072316,ok,0.183727,,0.183727,3.25424,3.5336,0.180795,3.41603,1,0,7.1818,estimated,0.50,1.70801,5.12404
23,2,23.5000,2.5000,1.0000,47.0000,5,0.542373,0.0288529,3.25424,0.069239,ok,0.186478,,0.186478,3.25424,3.4814,0.183690,3.40089,1,0,7.0686,estimated,0.50,1.70044,5.10133
24,2,24.5000,2.5000,1.0000,49.0000,5,0.542373,0.0288529,3.25424,0.066413,ok,0.189230,,0.189230,3.25424,3.4308,0.186552,3.38887,1,0,6.9602,estimated,0.50,1.69443,5.08330
25,2,25.5000,2.5000,1.0000,51.0000,5,0.542373,0.0288529,3.25424,0.063809,ok,0.191981,,0.191981,3.25424,3.3817,0.189378,3.37965,1,0,6.8563,estimated,0.50,1.68982,5.06947
26,2,26.5000,2.5000,1.0000,53.0000,5,0.542373,0.0288529,3.25424,0.061401,ok,0.194732,,0.194732,3.25424,3.3339,0.192171,3.37270,1,0,6.7566,estimated,0.50,1.68635,5.05905
27,2,27.5000,2.5000,1.0000,55.0000,5,0.542373,0.0288529,3.25424,0.059168,ok,0.197483,,0.197483,3.25424,3.2874,0.194952,3.36690,1,0,6.6603,estimated,0.50,1.68345,5.05035
28,2,28.5000,2.5000,1.0000,57.0000,5,0.542373,0.0288529,3.25424,0.057092,ok,0.200235,,0.200235,3.25424,3.2423,0.197703,3.36284,1,0,6.5676,estimated,0.50,1.68142,5.04425
29,2,29.5000,2.5000,1.0000,59.0000,5,0.542373,0.0288529,3.25424,0.055157,ok,0.202986,,0.202986,3.25424,3.1983,0.200443,3.35949,1,0,6.4778,estimated,0.50,1.67974,5.03923
30,2,30.5000,2.5000,1.0000,61.0000,5,0.542373,0.0288529,3.25424,0.053348,ok,0.205737,,0.205737,3.25424,3.1556,0.203179,3.35659,1,0,6.3906,estimated,0.50,1.67829,5.03488
31,2,31.5000,2.5000,1.0000,63.0000,5,0.542373,0.0288529,3.25424,0.051655,ok,0.208489,,0.208489,3.25424,3.1139,0.205911,3.35399,1,0,6.3058,estimated,0.50,1.67699,5.03098
32,2,32.5000,2.5000,1.0000,65.0000,5,0.542373,0.0288529,3.25424,0.050065,ok,0.211240,,0.211240,3.25424,3.0734,0.208641,3.35166,1,0,6.2233,estimated,0.50,1.67583,5.02748
33,2,33.5000,2.5000,1.0000,67.0000,5,0.542373,0.0288529,3.25424,0.048571,ok,0.213991,,0.213991,3.25424,3.0338,0.211364,3.34972,1,0,6.1431,estimated,0.50,1.67486,5.02457
34,2,34.5000,2.5000,1.0000,69.0000,5,0.542373,0.0288529,3.25424,0.047163,ok,0.216742,,0.216742,3.25424,2.9953,0.214092,3.34771,1,0,6.0648,estimated,0.50,1.67385,5.02156
35,2,35.5000,2.5000,1.0000,71.0000,5,0.542373,0.0288529,3.25424,0.045834,ok,0.219494,,0.219494,3.25424,2.9578,0.216776,3.34738,1,0,5.9897,estimated,0.50,1.67369,5.02107
36,2,36.5000,2.5000,1.0000,73.0000,5,0.542373,0.0288529,3.25424,0.044579,ok,0.222245,,0.222245,3.25424,2.9212,0.219409,3.34881,1,0,5.9179,estimated,0.50,1.67440,5.02321
37,2,37.5000,2.5000,1.0000,75.0000,5,0.542373,0.0288529,3.25424,0.043390,ok,0.224996,,0.224996,3.25424,2.8854,0.221949,3.35328,1,0,5.8501,estimated,0.50,1.67664,5.02992
38,2,38.5000,2.5000,1.0000,77.0000,5,0.542373,0.0288529,3.25424,0.042263,ok,0.227614,,0.227614,3.25424,2.8523,0.224320,3.36304,1,0,5.7883,estimated,0.50,1.68152,5.04456
39,2,39.5000,2.5000,1.0000,79.0000,5,0.542373,0.0288529,3.25424,0.041193,ok,0.230156,,0.230156,3.25424,2.8208,0.226418,3.38007,1,0,5.7346,estimated,0.50,1.69004,5.07011
40,2,40.5000,2.5000,1.0000,81.0000,5,0.542373,0.0288529,3.25424,0.040176,ok,0.232698,,0.232698,3.25424,2.7899,0.228106,3.40618,1,0,5.6922,estimated,0.50,1.70309,5.10927
41,2,41.5000,2.5000,1.0000,83.0000,5,0.542373,0.0288529,3.25424,0.039208,ok,0.235240,,0.235240,3.25424,2.7598,0.229231,3.45082,1,0,5.6643,estimated,0.50,1.72541,5.17622
42,2,42.5000,2.5000,1.0000,84.7056,2,0.542373,0.0288529,3.25424,0.038418,ok,0.237408,,0.237408,3.25424,2.7346,0.229648,3.50703,1,0,5.6540,estimated,0.50,1.75352,5.26055
43,2,43.5000,2.5000,1.0000,82.7056,2,0.542373,0.0288529,3.25424,0.039347,ok,0.234866,,0.234866,3.25424,2.7642,0.229108,3.44283,1,0,5.6673,estimated,0.50,1.72141,5.16424
44,2,44.5000,2.5000,1.0000,80.7056,2,0.542373,0.0288529,3.25424,0.040322,ok,0.232324,,0.232324,3.25424,2.7944,0.227892,3.40119,1,0,5.6976,estimated,0.50,1.70060,5.10179
45,2,45.5000,2.5000,1.0000,78.7056,2,0.542373,0.0288529,3.25424,0.041347,ok,0.229782,,0.229782,3.25424,2.8253,0.226135,3.37739,1,0,5.7418,estimated,0.50,1.68869,5.06608
46,2,46.5000,2.5000,1.0000,76.7056,2,0.542373,0.0288529,3.25424,0.042425,ok,0.227240,,0.227240,3.25424,2.8570,0.223988,3.36108,1,0,5.7969,estimated,0.50,1.68054,5.04163
47,2,47.5000,2.5000,1.0000,74.7056,2,0.542373,0.0288529,3.25424,0.043561,ok,0.224591,,0.224591,3.25424,2.8907,0.221585,3.35231,1,0,5.8597,estimated,0.50,1.67615,5.02846
48,2,48.5000,2.5000,1.0000,72.7056,2,0.542373,0.0288529,3.25424,0.044759,ok,0.221840,,0.221840,3.25424,2.9265,0.219027,3.34842,1,0,5.9282,estimated,0.50,1.67421,5.02263
49,2,49.5000,2.5000,1.0000,70.7056,2,0.542373,0.0288529,3.25424,0.046025,ok,0.219089,,0.219089,3.25424,2.9633,0.216384,3.34733,1,0,6.0006,estimated,0.50,1.67366,5.02099
50,2,50.5000,2.5000,1.0000,68.7056,2,0.542373,0.0288529,3.25424,0.047365,ok,0.216337,,0.216337,3.25424,3.0009,0.213676,3.34852,1,0,6.0766,estimated,0.50,1.67426,5.02279
51,2,51.5000,2.5000,1.0000,66.7056,2,0.542373,0.0288529,3.25424,0.048785,ok,0.213586,,0.213586,3.25424,3.0396,0.210964,3.34998,1,0,6.1548,estimated,0.50,1.67499,5.02496
52,2,52.5000,2.5000,1.0000,64.7056,2,0.542373,0.0288529,3.25424,0.050293,ok,0.210835,,0.210835,3.25424,3.0793,0.208239,3.35198,1,0,6.2353,estimated,0.50,1.67599,5.02797
53,2,53.5000,2.5000,1.0000,62.7056,2,0.542373,0.0288529,3.25424,0.051897,ok,0.208084,,0.208084,3.25424,3.1200,0.205509,3.35436,1,0,6.3181,estimated,0.50,1.67718,5.03154
54,2,54.5000,2.5000,1.0000,60.7056,2,0.542373,0.0288529,3.25424,0.053607,ok,0.205332,,0.205332,3.25424,3.1618,0.202776,3.35700,1,0,6.4033,estimated,0.50,1.67850,5.03550
55,2,55.5000,2.5000,1.0000,58.7056,2,0.542373,0.0288529,3.25424,0.055433,ok,0.202581,,0.202581,3.25424,3.2047,0.200040,3.35995,1,0,6.4908,estimated,0.50,1.67998,5.03993
56,2,56.5000,2.5000,1.0000,56.7056,2,0.542373,0.0288529,3.25424,0.057388,ok,0.199830,,0.199830,3.25424,3.2488,0.197298,3.36339,1,0,6.5810,estimated,0.50,1.68169,5.04508
57,2,57.5000,2.5000,1.0000,54.7056,2,0.542373,0.0288529,3.25424,0.059486,ok,0.197079,,0.197079,3.25424,3.2942,0.194546,3.36759,1,0,6.6742,estimated,0.50,1.68379,5.05138
58,2,58.5000,2.5000,1.0000,52.7056,2,0.542373,0.0288529,3.25424,0.061744,ok,0.194327,,0.194327,3.25424,3.3408,0.191762,3.37361,1,0,6.7711,estimated,0.50,1.68681,5.06042
59,2,59.5000,2.5000,1.0000,50.7056,2,0.542373,0.0288529,3.25424,0.064179,ok,0.191576,,0.191576,3.25424,3.3888,0.188963,3.38086,1,0,6.8713,estimated,0.50,1.69043,5.07130
60,2,60.5000,2.5000,1.0000,48.7056,2,0.542373,0.0288529,3.25424,0.066814,ok,0.188825,,0.188825,3.25424,3.4382,0.186133,3.39047,1,0,6.9758,estimated,0.50,1.69523,5.08570
61,2,61.5000,2.5000,1.0000,46.7056,2,0.542373,0.0288529,3.25424,0.069675,ok,0.186073,,0.186073,3.25424,3.4890,0.183266,3.40294,1,0,7.0850,estimated,0.50,1.70147,5.10441
62,2,62.5000,2.5000,1.0000,44.7056,2,0.542373,0.0288529,3.25424,0.072793,ok,0.183322,,0.183322,3.25424,3.5414,0.180366,3.41855,1,0,7.1989,estimated,0.50,1.70927,5.12782
63,2,63.5000,2.5000,1.0000,42.7056,2,0.542373,0.0288529,3.25424,0.076202,ok,0.180571,,0.180571,3.25424,3.5953,0.177445,3.41218,1,0,7.3173,estimated,0.50,1.70609,5.11827
64,2,64.5000,2.5000,1.0000,40.7056,2,0.542373,0.0288529,3.25424,0.079946,ok,0.177407,,0.177407,3.25424,3.6595,0.174515,3.40204,1,0,7.4402,estimated,0.50,1.70102,5.10305
65,2,65.5000,2.5000,1.0000,38.7056,2,0.542373,0.0288529,3.25424,0.084077,ok,0.174136,,0.174136,3.25424,3.7282,0.171605,3.38976,1,0,7.5664,estimated,0.50,1.69488,5.08463
66,2,66.5000,2.5000,1.0000,36.7056,2,0.542373,0.0288529,3.25424,0.088658,ok,0.170865,,0.170865,3.25424,3.7996,0.168766,3.37212,1,0,7.6937,estimated,0.50,1.68606,5.05818
67,2,67.5000,2.5000,1.0000,34.7056,2,0.542373,0.0288529,3.25424,0.093767,ok,0.167593,,0.167593,3.25424,3.8738,0.166022,3.34687,1,0,7.8208,estimated,0.50,1.67344,5.02031
68,2,68.5000,2.5000,1.0000,32.7056,2,0.542373,0.0288529,3.25424,0.099501,ok,0.164322,,0.164322,3.25424,3.9509,0.163400,3.31134,1,0,7.9464,estimated,0.50,1.65567,4.96701
69,2,69.5000,2.5000,1.0000,30.7056,2,0.542373,0.0288529,3.25424,0.105982,ok,0.161051,,0.161051,3.25424,4.0311,0.160919,3.26278,1,0,8.0688,estimated,0.50,1.63139,4.89417
70,2,70.5000,2.5000,1.0000,28.7056,2,0.542373,0.0288529,3.25424,0.113366,ok,0.157779,,0.157779,3.25424,4.1147,0.158589,3.19908,1,0,8.1874,estimated,0.50,1.59954,4.79861
71,2,71.5000,2.5000,1.0000,26.7056,2,0.542373,0.0288529,3.25424,0.121856,ok,0.156046,,0.156046,3.25424,4.1604,0.156416,3.19368,1,0,8.3011,estimated,0.50,1.59684,4.79052
72,2,72.5000,2.5000,1.0000,24.7056,2,0.542373,0.0288529,3.25424,0.131720,ok,0.154511,,0.154511,3.25424,4.2017,0.154408,3.27131,1,0,8.4091,estimated,0.50,1.63566,4.90697
73,2,73.5000,2.5000,1.0000,22.7056,2,0.542373,0.0288529,3.25424,0.143323,ok,0.152850,,0.152850,3.25424,4.2474,0.152570,3.30107,1,0,8.5104,estimated,0.50,1.65054,4.95161
74,2,74.5000,2.5000,1.0000,20.7056,2,0.542373,0.0288529,3.25424,0.157167,ok,0.151048,,0.151048,3.25424,4.2981,0.150915,3.27657,1,0,8.6037,estimated,0.50,1.63828,4.91485
75,2,75.5000,2.5000,1.0000,18.7056,2,0.542373,0.0288529,3.25424,0.173971,ok,0.149083,,0.149083,3.25424,4.3547,0.149468,3.18978,1,0,8.6870,estimated,0.50,1.59489,4.78466
76,2,76.5000,2.5000,1.0000,16.7056,2,0.542373,0.0288529,3.25424,0.194799,ok,0.146935,,0.146935,3.25424,4.4184,0.148210,3.04223,1,0,8.7608,estimated,0.50,1.52112,4.56335
77,2,77.5000,2.5000,1.0000,14.7056,2,0.542373,0.0288529,3.25424,0.221292,ok,0.144576,,0.144576,3.25424,4.4905,0.147153,2.83169,1,0,8.8237,estimated,0.50,1.41584,4.24753
78,2,78.5000,2.5000,1.0000,12.7056,2,0.542373,0.0288529,3.25424,0.256126,too_firm,,3.06948,0.143000,3.06948,4.5400,0.146264,2.56555,1,0,8.8773,estimated,0.50,1.28278,3.84833
79,2,79.5000,2.5000,1.0000,10.7056,2,0.542373,0.0288529,3.25424,0.303974,beyond_data,,2.58631,0.143000,2.58631,4.5400,0.145501,2.25245,1,0,8.9238,estimated,0.50,1.12622,3.37867
80,2,80.5000,2.5000,1.0000,8.7056,2,0.542373,0.0288529,3.25424,0.373808,beyond_data,,2.10315,0.143000,2.10315,4.5400,0.144888,1.89385,1,0,8.9616,estimated,0.50,0.94692,2.84077
81,2,81.5000,2.5000,1.0000,6.7056,2,0.542373,0.0288529,3.25424,0.485299,beyond_data,,1.61998,0.143000,1.61998,4.5400,0.144405,1.49797,1,0,8.9916,estimated,0.50,0.74898,2.24695
82,2,82.5000,2.5000,1.0000,4.7056,2,0.542373,0.0288529,3.25424,0.691563,beyond_data,,1.13681,0.143000,1.13681,4.5400,0.144032,1.07310,1,0,9.0149,estimated,0.50,0.53655,1.60966
83,2,83.5000,2.5000,1.0000,2.7056,2,0.525424,0.0288529,3.15254,1.165180,beyond_data,,0.65364,0.143000,0.65364,4.5400,0.143748,0.62681,1,1,9.0327,estimated,0.50,0.31341,0.94022
84,2,84.5000,2.5000,1.0000,0.7056,2,0.508475,0.0288529,3.05085,4.323595,beyond_data,,0.17047,0.143000,0.17047,4.5400,0.143535,0.16542,1,1,9.0461,estimated,0.50,0.08271,0.24813
0,3,0.5000,3.5000,1.0000,1.0000,5,0.508475,0.0288529,3.05085,3.050847,beyond_data,,0.24158,0.143000,0.24158,4.5400,0.143546,0.23429,1,1,9.0454,estimated,0.50,0.11715,0.35144
1,3,1.5000,3.5000,1.0000,3.0000,5,0.525424,0.0288529,3.15254,1.050847,beyond_data,,0.72475,0.143000,0.72475,4.5400,0.143760,0.69452,1,1,9.0319,estimated,0.50,0.34726,1.04179
2,3,2.5000,3.5000,1.0000,5.0000,5,0.542373,0.0288529,3.25424,0.650847,beyond_data,,1.20792,0.143000,1.20792,4.5400,0.144046,1.13934,1,0,9.0140,estimated,0.50,0.56967,1.70901
3,3,3.5000,3.5000,1.0000,7.0000,5,0.559322,0.0288529,3.35593,0.479419,beyond_data,,1.69109,0.143000,1.69109,4.5400,0.144420,1.56241,1,0,8.9906,estimated,0.50,0.78120,2.34361
4,3,4.5000,3.5000,1.0000,9.0000,5,0.559322,0.0288529,3.35593,0.372881,beyond_data,,2.17426,0.143000,2.17426,4.5400,0.144904,1.95622,1,0,8.9606,estimated,0.50,0.97811,2.93433
5,3,5.5000,3.5000,1.0000,11.0000,5,0.559322,0.0288529,3.35593,0.305085,beyond_data,,2.65743,0.143000,2.65743,4.5400,0.145516,2.31259,1,0,8.9230,estimated,0.50,1.15629,3.46888
6,3,6.5000,3.5000,1.0000,13.0000,5,0.559322,0.0288529,3.35593,0.258149,too_firm,,3.14060,0.143000,3.14060,4.5400,0.146275,2.62345,1,0,8.8767,estimated,0.50,1.31172,3.93517
7,3,7.5000,3.5000,1.0000,15.0000,5,0.559322,0.0288529,3.35593,0.223729,ok,0.144377,,0.144377,3.35593,4.4967,0.147162,2.88697,1,0,8.8231,estimated,0.50,1.44349,4.33046
8,3,8.5000,3.5000,1.0000,17.0000,5,0.559322,0.0288529,3.35593,0.197408,ok,0.146686,,0.146686,3.35593,4.4259,0.148209,3.09600,1,0,8.7608,estimated,0.50,1.54800,4.64400
9,3,9.5000,3.5000,1.0000,19.0000,5,0.559322,0.0288529,3.35593,0.176628,ok,0.148793,,0.148793,3.35593,4.3632,0.149452,3.24274,1,0,8.6880,estimated,0.50,1.62137,4.86411
10,3,10.5000,3.5000,1.0000,21.0000,5,0.559322,0.0288529,3.35593,0.159806,ok,0.150724,,0.150724,3.35593,4.3073,0.150877,3.32966,1,0,8.6059,estimated,0.50,1.66483,4.99449
11,3,11.5000,3.5000,1.0000,23.0000,5,0.559322,0.0288529,3.35593,0.145910,ok,0.152500,,0.152500,3.35593,4.2572,0.152505,3.35505,1,0,8.5140,estimated,0.50,1.67753,5.03258
12,3,12.5000,3.5000,1.0000,25.0000,5,0.559322,0.0288529,3.35593,0.134237,ok,0.154138,,0.154138,3.35593,4.2119,0.154309,3.32696,1,0,8.4145,estimated,0.50,1.66348,4.99044
13,3,13.5000,3.5000,1.0000,27.0000,5,0.559322,0.0288529,3.35593,0.124294,ok,0.155655,,0.155655,3.35593,4.1709,0.156278,3.25159,1,0,8.3085,estimated,0.50,1.62580,4.87739
14,3,14.5000,3.5000,1.0000,29.0000,5,0.559322,0.0288529,3.35593,0.115722,ok,0.157063,,0.157063,3.35593,4.1335,0.158406,3.24432,1,0,8.1969,estimated,0.50,1.62216,4.86648
15,3,15.5000,3.5000,1.0000,31.0000,5,0.559322,0.0288529,3.35593,0.108256,ok,0.159996,,0.159996,3.35593,4.0577,0.160681,3.30977,1,0,8.0808,estimated,0.50,1.65488,4.96465
16,3,16.5000,3.5000,1.0000,33.0000,5,0.559322,0.0288529,3.35593,0.101695,ok,0.163168,,0.163168,3.35593,3.9788,0.163101,3.36021,1,0,7.9609,estimated,0.50,1.68010,5.04031
17,3,17.5000,3.5000,1.0000,35.0000,5,0.559322,0.0288529,3.35593,0.095884,ok,0.166340,,0.166340,3.35593,3.9029,0.165660,3.39756,1,0,7.8379,estimated,0.50,1.69878,5.09633
18,3,18.5000,3.5000,1.0000,37.0000,5,0.559322,0.0288529,3.35593,0.090701,ok,0.169512,,0.169512,3.35593,3.8299,0.168337,3.42449,1,0,7.7133,estimated,0.50,1.71224,5.13673
19,3,19.5000,3.5000,1.0000,39.0000,5,0.559322,0.0288529,3.35593,0.086050,ok,0.172685,,0.172685,3.35593,3.7595,0.171110,3.44357,1,0,7.5883,estimated,0.50,1.72178,5.16535
20,3,20.5000,3.5000,1.0000,41.0000,5,0.559322,0.0288529,3.35593,0.081852,ok,0.175857,,0.175857,3.35593,3.6917,0.173949,3.45737,1,0,7.4644,estimated,0.50,1.72868,5.18605
21,3,21.5000,3.5000,1.0000,43.0000,5,0.559322,0.0288529,3.35593,0.078045,ok,0.179029,,0.179029,3.35593,3.6263,0.176828,3.46782,1,0,7.3429,estimated,0.50,1.73391,5.20173
22,3,22.5000,3.5000,1.0000,45.0000,5,0.559322,0.0288529,3.35593,0.074576,ok,0.181851,,0.181851,3.35593,3.5700,0.179699,3.47787,1,0,7.2256,estimated,0.50,1.73893,5.21680
23,3,23.5000,3.5000,1.0000,47.0000,5,0.559322,0.0288529,3.35593,0.071403,ok,0.184519,,0.184519,3.35593,3.5184,0.182548,3.46485,1,0,7.1128,estimated,0.50,1.73242,5.19727
24,3,24.5000,3.5000,1.0000,49.0000,5,0.559322,0.0288529,3.35593,0.068488,ok,0.187187,,0.187187,3.35593,3.4683,0.185367,3.45204,1,0,7.0046,estimated,0.50,1.72602,5.17805
25,3,25.5000,3.5000,1.0000,51.0000,5,0.559322,0.0288529,3.35593,0.065803,ok,0.189855,,0.189855,3.35593,3.4195,0.188151,3.44214,1,0,6.9010,estimated,0.50,1.72107,5.16320
26,3,26.5000,3.5000,1.0000,53.0000,5,0.559322,0.0288529,3.35593,0.063319,ok,0.192523,,0.192523,3.35593,3.3721,0.190902,3.43470,1,0,6.8016,estimated,0.50,1.71735,5.15205
27,3,27.5000,3.5000,1.0000,55.0000,5,0.559322,0.0288529,3.35593,0.061017,ok,0.195191,,0.195191,3.35593,3.3261,0.193636,3.42860,1,0,6.7055,estimated,0.50,1.71430,5.14290
28,3,28.5000,3.5000,1.0000,57.0000,5,0.559322,0.0288529,3.35593,0.058876,ok,0.197859,,0.197859,3.35593,3.2812,0.196336,3.42449,1,0,6.6133,estimated,0.50,1.71225,5.13674
29,3,29.5000,3.5000,1.0000,59.0000,5,0.559322,0.0288529,3.35593,0.056880,ok,0.200527,,0.200527,3.35593,3.2376,0.199023,3.42128,1,0,6.5240,estimated,0.50,1.71064,5.13191
30,3,30.5000,3.5000,1.0000,61.0000,5,0.559322,0.0288529,3.35593,0.055015,ok,0.203194,,0.203194,3.35593,3.1950,0.201702,3.41862,1,0,6.4374,estimated,0.50,1.70931,5.12793
31,3,31.5000,3.5000,1.0000,63.0000,5,0.559322,0.0288529,3.35593,0.053269,ok,0.205862,,0.205862,3.35593,3.1536,0.204377,3.41632,1,0,6.3531,estimated,0.50,1.70816,5.12449
32,3,32.5000,3.5000,1.0000,65.0000,5,0.559322,0.0288529,3.35593,0.051630,ok,0.208530,,0.208530,3.35593,3.1133,0.207048,3.41432,1,0,6.2712,estimated,0.50,1.70716,5.12147
33,3,33.5000,3.5000,1.0000,67.0000,5,0.559322,0.0288529,3.35593,0.050089,ok,0.211198,,0.211198,3.35593,3.0740,0.209711,3.41270,1,0,6.1915,estimated,0.50,1.70635,5.11906
34,3,34.5000,3.5000,1.0000,69.0000,5,0.559322,0.0288529,3.35593,0.048637,ok,0.213866,,0.213866,3.35593,3.0356,0.212362,3.41168,1,0,6.1142,estimated,0.50,1.70584,5.11753
35,3,35.5000,3.5000,1.0000,71.0000,5,0.559322,0.0288529,3.35593,0.047267,ok,0.216534,,0.216534,3.35593,2.9982,0.215007,3.41093,1,0,6.0390,estimated,0.50,1.70546,5.11639
36,3,36.5000,3.5000,1.0000,73.0000,5,0.559322,0.0288529,3.35593,0.045972,ok,0.219202,,0.219202,3.35593,2.9617,0.217582,3.41271,1,0,5.9675,estimated,0.50,1.70635,5.11906
37,3,37.5000,3.5000,1.0000,75.0000,5,0.559322,0.0288529,3.35593,0.044746,ok,0.221870,,0.221870,3.35593,2.9261,0.220064,3.41763,1,0,5.9003,estimated,0.50,1.70882,5.12645
38,3,38.5000,3.5000,1.0000,77.0000,5,0.559322,0.0288529,3.35593,0.043584,ok,0.224538,,0.224538,3.35593,2.8913,0.222382,3.42788,1,0,5.8387,estimated,0.50,1.71394,5.14182
39,3,39.5000,3.5000,1.0000,79.0000,5,0.559322,0.0288529,3.35593,0.042480,ok,0.227114,,0.227114,3.35593,2.8585,0.224429,3.44673,1,0,5.7855,estimated,0.50,1.72337,5.17010
40,3,40.5000,3.5000,1.0000,81.0000,5,0.559322,0.0288529,3.35593,0.041431,ok,0.229579,,0.229579,3.35593,2.8279,0.226069,3.47823,1,0,5.7435,estimated,0.50,1.73911,5.21734
41,3,41.5000,3.5000,1.0000,83.0000,5,0.559322,0.0288529,3.35593,0.040433,ok,0.232044,,0.232044,3.35593,2.7978,0.227156,3.52432,1,0,5.7160,estimated,0.50,1.76216,5.28648
42,3,42.5000,3.5000,1.0000,84.7056,2,0.559322,0.0288529,3.35593,0.039619,ok,0.234146,,0.234146,3.35593,2.7727,0.227554,3.58213,1,0,5.7060,estimated,0.50,1.79106,5.37319
43,3,43.5000,3.5000,1.0000,82.7056,2,0.559322,0.0288529,3.35593,0.040577,ok,0.231681,,0.231681,3.35593,2.8022,0.227038,3.51609,1,0,5.7190,estimated,0.50,1.75805,5.27414
44,3,44.5000,3.5000,1.0000,80.7056,2,0.559322,0.0288529,3.35593,0.041582,ok,0.229216,,0.229216,3.35593,2.8323,0.225861,3.47268,1,0,5.7488,estimated,0.50,1.73634,5.20902
45,3,45.5000,3.5000,1.0000,78.7056,2,0.559322,0.0288529,3.35593,0.042639,ok,0.226751,,0.226751,3.35593,2.8631,0.224153,3.44316,1,0,5.7926,estimated,0.50,1.72158,5.16473
46,3,46.5000,3.5000,1.0000,76.7056,2,0.559322,0.0288529,3.35593,0.043751,ok,0.224145,,0.224145,3.35593,2.8964,0.222057,3.42584,1,0,5.8473,estimated,0.50,1.71292,5.13877
47,3,47.5000,3.5000,1.0000,74.7056,2,0.559322,0.0288529,3.35593,0.044922,ok,0.221477,,0.221477,3.35593,2.9313,0.219708,3.41658,1,0,5.9098,estimated,0.50,1.70829,5.12487
48,3,48.5000,3.5000,1.0000,72.7056,2,0.559322,0.0288529,3.35593,0.046158,ok,0.218809,,0.218809,3.35593,2.9670,0.217208,3.41226,1,0,5.9778,estimated,0.50,1.70613,5.11839
49,3,49.5000,3.5000,1.0000,70.7056,2,0.559322,0.0288529,3.35593,0.047463,ok,0.216141,,0.216141,3.35593,3.0037,0.214603,3.41157,1,0,6.0504,estimated,0.50,1.70578,5.11735
50,3,50.5000,3.5000,1.0000,68.7056,2,0.559322,0.0288529,3.35593,0.048845,ok,0.213473,,0.213473,3.35593,3.0412,0.211973,3.41178,1,0,6.1254,estimated,0.50,1.70589,5.11767
51,3,51.5000,3.5000,1.0000,66.7056,2,0.559322,0.0288529,3.35593,0.050310,ok,0.210805,,0.210805,3.35593,3.0797,0.209320,3.41291,1,0,6.2031,estimated,0.50,1.70646,5.11937
52,3,52.5000,3.5000,1.0000,64.7056,2,0.559322,0.0288529,3.35593,0.051865,ok,0.208138,,0.208138,3.35593,3.1192,0.206655,3.41459,1,0,6.2831,estimated,0.50,1.70730,5.12189
53,3,53.5000,3.5000,1.0000,62.7056,2,0.559322,0.0288529,3.35593,0.053519,ok,0.205470,,0.205470,3.35593,3.1597,0.203983,3.41665,1,0,6.3654,estimated,0.50,1.70832,5.12497
54,3,54.5000,3.5000,1.0000,60.7056,2,0.559322,0.0288529,3.35593,0.055282,ok,0.202802,,0.202802,3.35593,3.2012,0.201308,3.41899,1,0,6.4500,estimated,0.50,1.70949,5.12848
55,3,55.5000,3.5000,1.0000,58.7056,2,0.559322,0.0288529,3.35593,0.057165,ok,0.200134,,0.200134,3.35593,3.2439,0.198628,3.42171,1,0,6.5370,estimated,0.50,1.71086,5.13257
56,3,56.5000,3.5000,1.0000,56.7056,2,0.559322,0.0288529,3.35593,0.059182,ok,0.197466,,0.197466,3.35593,3.2877,0.195940,3.42504,1,0,6.6267,estimated,0.50,1.71252,5.13756
57,3,57.5000,3.5000,1.0000,54.7056,2,0.559322,0.0288529,3.35593,0.061345,ok,0.194798,,0.194798,3.35593,3.3328,0.193237,3.42931,1,0,6.7194,estimated,0.50,1.71465,5.14396
58,3,58.5000,3.5000,1.0000,52.7056,2,0.559322,0.0288529,3.35593,0.063673,ok,0.192130,,0.192130,3.35593,3.3790,0.190498,3.43567,1,0,6.8160,estimated,0.50,1.71784,5.15351
59,3,59.5000,3.5000,1.0000,50.7056,2,0.559322,0.0288529,3.35593,0.066185,ok,0.189462,,0.189462,3.35593,3.4266,0.187743,3.44344,1,0,6.9160,estimated,0.50,1.72172,5.16516
60,3,60.5000,3.5000,1.0000,48.7056,2,0.559322,0.0288529,3.35593,0.068902,ok,0.186794,,0.186794,3.35593,3.4756,0.184954,3.45375,1,0,7.0203,estimated,0.50,1.72687,5.18062
61,3,61.5000,3.5000,1.0000,46.7056,2,0.559322,0.0288529,3.35593,0.071853,ok,0.184126,,0.184126,3.35593,3.5259,0.182130,3.46702,1,0,7.1291,estimated,0.50,1.73351,5.20053
62,3,62.5000,3.5000,1.0000,44.7056,2,0.559322,0.0288529,3.35593,0.075067,ok,0.181459,,0.181459,3.35593,3.5778,0.179277,3.47640,1,0,7.2426,estimated,0.50,1.73820,5.21460
63,3,63.5000,3.5000,1.0000,42.7056,2,0.559322,0.0288529,3.35593,0.078583,ok,0.178562,,0.178562,3.35593,3.6358,0.176404,3.46636,1,0,7.3605,estimated,0.50,1.73318,5.19954
64,3,64.5000,3.5000,1.0000,40.7056,2,0.559322,0.0288529,3.35593,0.082444,ok,0.175390,,0.175390,3.35593,3.7016,0.173528,3.45559,1,0,7.4825,estimated,0.50,1.72780,5.18339
65,3,65.5000,3.5000,1.0000,38.7056,2,0.559322,0.0288529,3.35593,0.086704,ok,0.172218,,0.172218,3.35593,3.7697,0.170697,3.44117,1,0,7.6066,estimated,0.50,1.72059,5.16176
66,3,66.5000,3.5000,1.0000,36.7056,2,0.559322,0.0288529,3.35593,0.091428,ok,0.169045,,0.169045,3.35593,3.8405,0.167936,3.42110,1,0,7.7317,estimated,0.50,1.71055,5.13165
67,3,67.5000,3.5000,1.0000,34.7056,2,0.559322,0.0288529,3.35593,0.096697,ok,0.165873,,0.165873,3.35593,3.9139,0.165275,3.39280,1,0,7.8562,estimated,0.50,1.69640,5.08920
68,3,68.5000,3.5000,1.0000,32.7056,2,0.559322,0.0288529,3.35593,0.102610,ok,0.162701,,0.162701,3.35593,3.9902,0.162735,3.35373,1,0,7.9788,estimated,0.50,1.67686,5.03059
69,3,69.5000,3.5000,1.0000,30.7056,2,0.559322,0.0288529,3.35593,0.109294,ok,0.159529,,0.159529,3.35593,4.0696,0.160336,3.30120,1,0,8.0982,estimated,0.50,1.65060,4.95180
70,3,70.5000,3.5000,1.0000,28.7056,2,0.559322,0.0288529,3.35593,0.116909,ok,0.156863,,0.156863,3.35593,4.1388,0.158082,3.23338,1,0,8.2136,estimated,0.50,1.61669,4.85008
71,3,71.5000,3.5000,1.0000,26.7056,2,0.559322,0.0288529,3.35593,0.125664,ok,0.155439,,0.155439,3.35593,4.1767,0.155976,3.26586,1,0,8.3246,estimated,0.50,1.63293,4.89879
72,3,72.5000,3.5000,1.0000,24.7056,2,0.559322,0.0288529,3.35593,0.135837,ok,0.153905,,0.153905,3.35593,4.2183,0.154029,3.33489,1,0,8.4298,estimated,0.50,1.66744,5.00233
73,3,73.5000,3.5000,1.0000,22.7056,2,0.559322,0.0288529,3.35593,0.147802,ok,0.152247,,0.152247,3.35593,4.2642,0.152248,3.35580,1,0,8.5284,estimated,0.50,1.67790,5.03370
74,3,74.5000,3.5000,1.0000,20.7056,2,0.559322,0.0288529,3.35593,0.162078,ok,0.150450,,0.150450,3.35593,4.3152,0.150644,3.32243,1,0,8.6192,estimated,0.50,1.66121,4.98364
75,3,75.5000,3.5000,1.0000,18.7056,2,0.559322,0.0288529,3.35593,0.179408,ok,0.148494,,0.148494,3.35593,4.3720,0.149246,3.22689,1,0,8.7000,estimated,0.50,1.61345,4.84034
76,3,76.5000,3.5000,1.0000,16.7056,2,0.559322,0.0288529,3.35593,0.200886,ok,0.146359,,0.146359,3.35593,4.4358,0.148029,3.07131,1,0,8.7715,estimated,0.50,1.53565,4.60696
77,3,77.5000,3.5000,1.0000,14.7056,2,0.559322,0.0288529,3.35593,0.228207,ok,0.144019,,0.144019,3.35593,4.5078,0.147008,2.85361,1,0,8.8324,estimated,0.50,1.42681,4.28042
78,3,78.5000,3.5000,1.0000,12.7056,2,0.559322,0.0288529,3.35593,0.264130,too_firm,,3.06948,0.143000,3.06948,4.5400,0.146135,2.58337,1,0,8.8852,estimated,0.50,1.29168,3.87505
79,3,79.5000,3.5000,1.0000,10.7056,2,0.559322,0.0288529,3.35593,0.313474,beyond_data,,2.58631,0.143000,2.58631,4.5400,0.145398,2.26514,1,0,8.9302,estimated,0.50,1.13257,3.39771
80,3,80.5000,3.5000,1.0000,8.7056,2,0.559322,0.0288529,3.35593,0.385490,beyond_data,,2.10315,0.143000,2.10315,4.5400,0.144806,1.90238,1,0,8.9667,estimated,0.50,0.95119,2.85357
81,3,81.5000,3.5000,1.0000,6.7056,2,0.559322,0.0288529,3.35593,0.500465,beyond_data,,1.61998,0.143000,1.61998,4.5400,0.144341,1.50329,1,0,8.9956,estimated,0.50,0.75164,2.25493
82,3,82.5000,3.5000,1.0000,4.7056,2,0.542373,0.0288529,3.25424,0.691563,beyond_data,,1.13681,0.143000,1.13681,4.5400,0.143982,1.07607,1,0,9.0180,estimated,0.50,0.53803,1.61410
83,3,83.5000,3.5000,1.0000,2.7056,2,0.525424,0.0288529,3.15254,1.165180,beyond_data,,0.65364,0.143000,0.65364,4.5400,0.143710,0.62814,1,1,9.0351,estimated,0.50,0.31407,0.94221
84,3,84.5000,3.5000,1.0000,0.7056,2,0.508475,0.0288529,3.05085,4.323595,beyond_data,,0.17047,0.143000,0.17047,4.5400,0.143506,0.16569,1,1,9.0479,estimated,0.50,0.08284,0.24853
0,4,0.5000,4.5000,1.0000,1.0000,5,0.508475,0.0288529,3.05085,3.050847,beyond_data,,0.24158,0.143000,0.24158,4.5400,0.143514,0.23471,1,1,9.0474,estimated,0.50,0.11735,0.35206
1,4,1.5000,4.5000,1.0000,3.0000,5,0.525424,0.0288529,3.15254,1.050847,beyond_data,,0.72475,0.143000,0.72475,4.5400,0.143718,0.69615,1,1,9.0345,estimated,0.50,0.34807,1.04422
2,4,2.5000,4.5000,1.0000,5.0000,5,0.542373,0.0288529,3.25424,0.650847,beyond_data,,1.20792,0.143000,1.20792,4.5400,0.143991,1.14280,1,0,9.0174,estimated,0.50,0.57140,1.71420
3,4,3.5000,4.5000,1.0000,7.0000,5,0.559322,0.0288529,3.35593,0.479419,beyond_data,,1.69109,0.143000,1.69109,4.5400,0.144350,1.56850,1,0,8.9950,estimated,0.50,0.78425,2.35275
4,4,4.5000,4.5000,1.0000,9.0000,5,0.576271,0.0288529,3.45763,0.384181,beyond_data,,2.17426,0.143000,2.17426,4.5400,0.144814,1.96588,1,0,8.9662,estimated,0.50,0.98294,2.94883
5,4,5.5000,4.5000,1.0000,11.0000,5,0.576271,0.0288529,3.45763,0.314330,beyond_data,,2.65743,0.143000,2.65743,4.5400,0.145402,2.32685,1,0,8.9299,estimated,0.50,1.16343,3.49028
6,4,6.5000,4.5000,1.0000,13.0000,5,0.576271,0.0288529,3.45763,0.265971,too_firm,,3.14060,0.143000,3.14060,4.5400,0.146134,2.64337,1,0,8.8852,estimated,0.50,1.32168,3.96505
7,4,7.5000,4.5000,1.0000,15.0000,5,0.576271,0.0288529,3.45763,0.230508,ok,0.143838,,0.143838,3.45763,4.5135,0.147002,2.91163,1,0,8.8327,estimated,0.50,1.45582,4.36745
8,4,8.5000,4.5000,1.0000,17.0000,5,0.576271,0.0288529,3.45763,0.203390,ok,0.146129,,0.146129,3.45763,4.4428,0.148009,3.12859,1,0,8.7726,estimated,0.50,1.56430,4.69289
9,4,9.5000,4.5000,1.0000,19.0000,5,0.576271,0.0288529,3.45763,0.181980,ok,0.148223,,0.148223,3.45763,4.3800,0.149207,3.28425,1,0,8.7022,estimated,0.50,1.64213,4.92638
10,4,10.5000,4.5000,1.0000,21.0000,5,0.576271,0.0288529,3.45763,0.164649,ok,0.150145,,0.150145,3.45763,4.3239,0.150580,3.38088,1,0,8.6229,estimated,0.50,1.69044,5.07132
11,4,11.5000,4.5000,1.0000,23.0000,5,0.576271,0.0288529,3.45763,0.150332,ok,0.151915,,0.151915,3.45763,4.2735,0.152151,3.41620,1,0,8.5338,estimated,0.50,1.70810,5.12430
12,4,12.5000,4.5000,1.0000,25.0000,5,0.576271,0.0288529,3.45763,0.138305,ok,0.153551,,0.153551,3.45763,4.2280,0.153893,3.39806,1,0,8.4372,estimated,0.50,1.69903,5.09709
13,4,13.5000,4.5000,1.0000,27.0000,5,0.576271,0.0288529,3.45763,0.128060,ok,0.155067,,0.155067,3.45763,4.1867,0.155794,3.33244,1,0,8.3343,estimated,0.50,1.66622,4.99866
14,4,14.5000,4.5000,1.0000,29.0000,5,0.576271,0.0288529,3.45763,0.119229,ok,0.156475,,0.156475,3.45763,4.1490,0.157849,3.28273,1,0,8.2258,estimated,0.50,1.64137,4.92410
15,4,15.5000,4.5000,1.0000,31.0000,5,0.576271,0.0288529,3.45763,0.111536,ok,0.158549,,0.158549,3.45763,4.0947,0.160043,3.35267,1,0,8.1130,estimated,0.50,1.67634,5.02901
16,4,16.5000,4.5000,1.0000,33.0000,5,0.576271,0.0288529,3.45763,0.104777,ok,0.161628,,0.161628,3.45763,4.0167,0.162377,3.40745,1,0,7.9964,estimated,0.50,1.70372,5.11117
17,4,17.5000,4.5000,1.0000,35.0000,5,0.576271,0.0288529,3.45763,0.098789,ok,0.164707,,0.164707,3.45763,3.9416,0.164842,3.44900,1,0,7.8768,estimated,0.50,1.72450,5.17350
18,4,18.5000,4.5000,1.0000,37.0000,5,0.576271,0.0288529,3.45763,0.093449,ok,0.167786,,0.167786,3.45763,3.8693,0.167429,3.47944,1,0,7.7551,estimated,0.50,1.73972,5.21916
19,4,19.5000,4.5000,1.0000,39.0000,5,0.576271,0.0288529,3.45763,0.088657,ok,0.170865,,0.170865,3.45763,3.7996,0.170115,3.50136,1,0,7.6327,estimated,0.50,1.75068,5.25204
20,4,20.5000,4.5000,1.0000,41.0000,5,0.576271,0.0288529,3.45763,0.084332,ok,0.173944,,0.173944,3.45763,3.7323,0.172874,3.51726,1,0,7.5109,estimated,0.50,1.75863,5.27590
21,4,21.5000,4.5000,1.0000,43.0000,5,0.576271,0.0288529,3.45763,0.080410,ok,0.177023,,0.177023,3.45763,3.6674,0.175675,3.52947,1,0,7.3911,estimated,0.50,1.76474,5.29421
22,4,22.5000,4.5000,1.0000,45.0000,5,0.576271,0.0288529,3.45763,0.076836,ok,0.180086,,0.180086,3.45763,3.6050,0.178498,3.53960,1,0,7.2742,estimated,0.50,1.76980,5.30940
23,4,23.5000,4.5000,1.0000,47.0000,5,0.576271,0.0288529,3.45763,0.073567,ok,0.182675,,0.182675,3.45763,3.5539,0.181295,3.53789,1,0,7.1620,estimated,0.50,1.76895,5.30684
24,4,24.5000,4.5000,1.0000,49.0000,5,0.576271,0.0288529,3.45763,0.070564,ok,0.185265,,0.185265,3.45763,3.5043,0.184065,3.52424,1,0,7.0542,estimated,0.50,1.76212,5.28637
25,4,25.5000,4.5000,1.0000,51.0000,5,0.576271,0.0288529,3.45763,0.067797,ok,0.187854,,0.187854,3.45763,3.4560,0.186803,3.51358,1,0,6.9508,estimated,0.50,1.75679,5.27037
26,4,26.5000,4.5000,1.0000,53.0000,5,0.576271,0.0288529,3.45763,0.065238,ok,0.190443,,0.190443,3.45763,3.4090,0.189505,3.50556,1,0,6.8517,estimated,0.50,1.75278,5.25835
27,4,27.5000,4.5000,1.0000,55.0000,5,0.576271,0.0288529,3.45763,0.062866,ok,0.193033,,0.193033,3.45763,3.3632,0.192177,3.49969,1,0,6.7564,estimated,0.50,1.74985,5.24954
28,4,28.5000,4.5000,1.0000,57.0000,5,0.576271,0.0288529,3.45763,0.060660,ok,0.195622,,0.195622,3.45763,3.3187,0.194836,3.49488,1,0,6.6642,estimated,0.50,1.74744,5.24232
29,4,29.5000,4.5000,1.0000,59.0000,5,0.576271,0.0288529,3.45763,0.058604,ok,0.198212,,0.198212,3.45763,3.2754,0.197465,3.49178,1,0,6.5755,estimated,0.50,1.74589,5.23767
30,4,30.5000,4.5000,1.0000,61.0000,5,0.576271,0.0288529,3.45763,0.056682,ok,0.200801,,0.200801,3.45763,3.2331,0.200082,3.48940,1,0,6.4895,estimated,0.50,1.74470,5.23409
31,4,31.5000,4.5000,1.0000,63.0000,5,0.576271,0.0288529,3.45763,0.054883,ok,0.203391,,0.203391,3.45763,3.1920,0.202693,3.48746,1,0,6.4059,estimated,0.50,1.74373,5.23120
32,4,32.5000,4.5000,1.0000,65.0000,5,0.576271,0.0288529,3.45763,0.053194,ok,0.205980,,0.205980,3.45763,3.1518,0.205299,3.48586,1,0,6.3246,estimated,0.50,1.74293,5.22878
33,4,33.5000,4.5000,1.0000,67.0000,5,0.576271,0.0288529,3.45763,0.051606,ok,0.208569,,0.208569,3.45763,3.1127,0.207896,3.48466,1,0,6.2456,estimated,0.50,1.74233,5.22700
34,4,34.5000,4.5000,1.0000,69.0000,5,0.576271,0.0288529,3.45763,0.050111,ok,0.211159,,0.211159,3.45763,3.0745,0.210481,3.48407,1,0,6.1689,estimated,0.50,1.74203,5.22610
35,4,35.5000,4.5000,1.0000,71.0000,5,0.576271,0.0288529,3.45763,0.048699,ok,0.213748,,0.213748,3.45763,3.0373,0.213040,3.48448,1,0,6.0948,estimated,0.50,1.74224,5.22673
36,4,36.5000,4.5000,1.0000,73.0000,5,0.576271,0.0288529,3.45763,0.047365,ok,0.216338,,0.216338,3.45763,3.0009,0.215549,3.48672,1,0,6.0238,estimated,0.50,1.74336,5.23009
37,4,37.5000,4.5000,1.0000,75.0000,5,0.576271,0.0288529,3.45763,0.046102,ok,0.218927,,0.218927,3.45763,2.9654,0.217988,3.49140,1,0,5.9564,estimated,0.50,1.74570,5.23710
38,4,38.5000,4.5000,1.0000,77.0000,5,0.576271,0.0288529,3.45763,0.044904,ok,0.221517,,0.221517,3.45763,2.9308,0.220242,3.50241,1,0,5.8955,estimated,0.50,1.75120,5.25361
39,4,39.5000,4.5000,1.0000,79.0000,5,0.576271,0.0288529,3.45763,0.043767,ok,0.224106,,0.224106,3.45763,2.8969,0.222231,3.52219,1,0,5.8427,estimated,0.50,1.76109,5.28328
40,4,40.5000,4.5000,1.0000,81.0000,5,0.576271,0.0288529,3.45763,0.042687,ok,0.226643,,0.226643,3.45763,2.8645,0.223822,3.55502,1,0,5.8012,estimated,0.50,1.77751,5.33253
41,4,41.5000,4.5000,1.0000,83.0000,5,0.576271,0.0288529,3.45763,0.041658,ok,0.229035,,0.229035,3.45763,2.8346,0.224869,3.60579,1,0,5.7742,estimated,0.50,1.80289,5.40868
42,4,42.5000,4.5000,1.0000,84.7056,2,0.576271,0.0288529,3.45763,0.040819,ok,0.231075,,0.231075,3.45763,2.8095,0.225246,3.66650,1,0,5.7645,estimated,0.50,1.83325,5.49975
43,4,43.5000,4.5000,1.0000,82.7056,2,0.576271,0.0288529,3.45763,0.041806,ok,0.228683,,0.228683,3.45763,2.8389,0.224756,3.59696,1,0,5.7771,estimated,0.50,1.79848,5.39544
44,4,44.5000,4.5000,1.0000,80.7056,2,0.576271,0.0288529,3.45763,0.042842,ok,0.226290,,0.226290,3.45763,2.8689,0.223622,3.54907,1,0,5.8064,estimated,0.50,1.77454,5.32361
45,4,45.5000,4.5000,1.0000,78.7056,2,0.576271,0.0288529,3.45763,0.043931,ok,0.223725,,0.223725,3.45763,2.9018,0.221963,3.51847,1,0,5.8498,estimated,0.50,1.75923,5.27770
46,4,46.5000,4.5000,1.0000,76.7056,2,0.576271,0.0288529,3.45763,0.045077,ok,0.221135,,0.221135,3.45763,2.9358,0.219926,3.50024,1,0,5.9039,estimated,0.50,1.75012,5.25036
47,4,47.5000,4.5000,1.0000,74.7056,2,0.576271,0.0288529,3.45763,0.046283,ok,0.218546,,0.218546,3.45763,2.9706,0.217642,3.49025,1,0,5.9659,estimated,0.50,1.74512,5.23537
48,4,48.5000,4.5000,1.0000,72.7056,2,0.576271,0.0288529,3.45763,0.047557,ok,0.215957,,0.215957,3.45763,3.0062,0.215185,3.48620,1,0,6.0340,estimated,0.50,1.74310,5.22930
49,4,49.5000,4.5000,1.0000,70.7056,2,0.576271,0.0288529,3.45763,0.048902,ok,0.213367,,0.213367,3.45763,3.0427,0.212666,3.48432,1,0,6.1055,estimated,0.50,1.74216,5.22647
50,4,50.5000,4.5000,1.0000,68.7056,2,0.576271,0.0288529,3.45763,0.050325,ok,0.210778,,0.210778,3.45763,3.0801,0.210102,3.48410,1,0,6.1800,estimated,0.50,1.74205,5.22615
51,4,51.5000,4.5000,1.0000,66.7056,2,0.576271,0.0288529,3.45763,0.051834,ok,0.208188,,0.208188,3.45763,3.1184,0.207515,3.48481,1,0,6.2571,estimated,0.50,1.74240,5.22721
52,4,52.5000,4.5000,1.0000,64.7056,2,0.576271,0.0288529,3.45763,0.053436,ok,0.205599,,0.205599,3.45763,3.1577,0.204915,3.48607,1,0,6.3364,estimated,0.50,1.74303,5.22910
53,4,53.5000,4.5000,1.0000,62.7056,2,0.576271,0.0288529,3.45763,0.055141,ok,0.203009,,0.203009,3.45763,3.1980,0.202309,3.48773,1,0,6.4181,estimated,0.50,1.74386,5.23159
54,4,54.5000,4.5000,1.0000,60.7056,2,0.576271,0.0288529,3.45763,0.056957,ok,0.200420,,0.200420,3.45763,3.2393,0.199697,3.48972,1,0,6.5020,estimated,0.50,1.74486,5.23457
55,4,55.5000,4.5000,1.0000,58.7056,2,0.576271,0.0288529,3.45763,0.058898,ok,0.197831,,0.197831,3.45763,3.2817,0.197078,3.49219,1,0,6.5884,estimated,0.50,1.74610,5.23829
56,4,56.5000,4.5000,1.0000,56.7056,2,0.576271,0.0288529,3.45763,0.060975,ok,0.195241,,0.195241,3.45763,3.3252,0.194447,3.49542,1,0,6.6775,estimated,0.50,1.74771,5.24314
57,4,57.5000,4.5000,1.0000,54.7056,2,0.576271,0.0288529,3.45763,0.063204,ok,0.192652,,0.192652,3.45763,3.3699,0.191785,3.50045,1,0,6.7702,estimated,0.50,1.75022,5.25067
58,4,58.5000,4.5000,1.0000,52.7056,2,0.576271,0.0288529,3.45763,0.065603,ok,0.190062,,0.190062,3.45763,3.4158,0.189109,3.50661,1,0,6.8660,estimated,0.50,1.75330,5.25991
59,4,59.5000,4.5000,1.0000,50.7056,2,0.576271,0.0288529,3.45763,0.068190,ok,0.187473,,0.187473,3.45763,3.4630,0.186402,3.51498,1,0,6.9658,estimated,0.50,1.75749,5.27248
60,4,60.5000,4.5000,1.0000,48.7056,2,0.576271,0.0288529,3.45763,0.070990,ok,0.184883,,0.184883,3.45763,3.5115,0.183659,3.52608,1,0,7.0698,estimated,0.50,1.76304,5.28912
61,4,61.5000,4.5000,1.0000,46.7056,2,0.576271,0.0288529,3.45763,0.074030,ok,0.182294,,0.182294,3.45763,3.5614,0.180884,3.54018,1,0,7.1783,estimated,0.50,1.77009,5.31027
62,4,62.5000,4.5000,1.0000,44.7056,2,0.576271,0.0288529,3.45763,0.077342,ok,0.179649,,0.179649,3.45763,3.6138,0.178083,3.53811,1,0,7.2911,estimated,0.50,1.76906,5.30717
63,4,63.5000,4.5000,1.0000,42.7056,2,0.576271,0.0288529,3.45763,0.080964,ok,0.176570,,0.176570,3.45763,3.6768,0.175261,3.52785,1,0,7.4085,estimated,0.50,1.76392,5.29177
64,4,64.5000,4.5000,1.0000,40.7056,2,0.576271,0.0288529,3.45763,0.084942,ok,0.173491,,0.173491,3.45763,3.7421,0.172464,3.51523,1,0,7.5287,estimated,0.50,1.75761,5.27284
65,4,65.5000,4.5000,1.0000,38.7056,2,0.576271,0.0288529,3.45763,0.089331,ok,0.170412,,0.170412,3.45763,3.8097,0.169714,3.49859,1,0,7.6507,estimated,0.50,1.74930,5.24789
66,4,66.5000,4.5000,1.0000,36.7056,2,0.576271,0.0288529,3.45763,0.094199,ok,0.167333,,0.167333,3.45763,3.8798,0.167041,3.47558,1,0,7.7731,estimated,0.50,1.73779,5.21337
67,4,67.5000,4.5000,1.0000,34.7056,2,0.576271,0.0288529,3.45763,0.099627,ok,0.164254,,0.164254,3.45763,3.9525,0.164470,3.44369,1,0,7.8946,estimated,0.50,1.72185,5.16554
68,4,68.5000,4.5000,1.0000,32.7056,2,0.576271,0.0288529,3.45763,0.105720,ok,0.161175,,0.161175,3.45763,4.0280,0.162024,3.40033,1,0,8.0138,estimated,0.50,1.70017,5.10050
69,4,69.5000,4.5000,1.0000,30.7056,2,0.576271,0.0288529,3.45763,0.112606,ok,0.158096,,0.158096,3.45763,4.1065,0.159710,3.34346,1,0,8.1299,estimated,0.50,1.67173,5.01519
70,4,70.5000,4.5000,1.0000,28.7056,2,0.576271,0.0288529,3.45763,0.120451,ok,0.156274,,0.156274,3.45763,4.1543,0.157536,3.27120,1,0,8.2421,estimated,0.50,1.63560,4.90680
71,4,71.5000,4.5000,1.0000,26.7056,2,0.576271,0.0288529,3.45763,0.129472,ok,0.154850,,0.154850,3.45763,4.1925,0.155501,3.34541,1,0,8.3500,estimated,0.50,1.67271,5.01812
72,4,72.5000,4.5000,1.0000,24.7056,2,0.576271,0.0288529,3.45763,0.139953,ok,0.153318,,0.153318,3.45763,4.2344,0.153621,3.40467,1,0,8.4521,estimated,0.50,1.70233,5.10700
73,4,73.5000,4.5000,1.0000,22.7056,2,0.576271,0.0288529,3.45763,0.152281,ok,0.151663,,0.151663,3.45763,4.2806,0.151902,3.41563,1,0,8.5478,estimated,0.50,1.70782,5.12345
74,4,74.5000,4.5000,1.0000,20.7056,2,0.576271,0.0288529,3.45763,0.166990,ok,0.149872,,0.149872,3.45763,4.3318,0.150355,3.37236,1,0,8.6358,estimated,0.50,1.68618,5.05855
75,4,75.5000,4.5000,1.0000,18.7056,2,0.576271,0.0288529,3.45763,0.184844,ok,0.147926,,0.147926,3.45763,4.3888,0.149007,3.26719,1,0,8.7139,estimated,0.50,1.63359,4.90078
76,4,76.5000,4.5000,1.0000,16.7056,2,0.576271,0.0288529,3.45763,0.206974,ok,0.145805,,0.145805,3.45763,4.4526,0.147835,3.10277,1,0,8.7830,estimated,0.50,1.55139,4.65416
77,4,77.5000,4.5000,1.0000,14.7056,2,0.576271,0.0288529,3.45763,0.235123,ok,0.143483,,0.143483,3.45763,4.5247,0.146853,2.87728,1,0,8.8417,estimated,0.50,1.43864,4.31592
78,4,78.5000,4.5000,1.0000,12.7056,2,0.576271,0.0288529,3.45763,0.272134,too_firm,,3.06948,0.143000,3.06948,4.5400,0.145998,2.60241,1,0,8.8935,estimated,0.50,1.30121,3.90362
79,4,79.5000,4.5000,1.0000,10.7056,2,0.576271,0.0288529,3.45763,0.322973,beyond_data,,2.58631,0.143000,2.58631,4.5400,0.145288,2.27866,1,0,8.9369,estimated,0.50,1.13933,3.41798
80,4,80.5000,4.5000,1.0000,8.7056,2,0.576271,0.0288529,3.45763,0.397171,beyond_data,,2.10315,0.143000,2.10315,4.5400,0.144719,1.91143,1,0,8.9721,estimated,0.50,0.95572,2.86715
81,4,81.5000,4.5000,1.0000,6.7056,2,0.559322,0.0288529,3.35593,0.500465,beyond_data,,1.61998,0.143000,1.61998,4.5400,0.144273,1.50891,1,0,8.9998,estimated,0.50,0.75445,2.26336
82,4,82.5000,4.5000,1.0000,4.7056,2,0.542373,0.0288529,3.25424,0.691563,beyond_data,,1.13681,0.143000,1.13681,4.5400,0.143930,1.07918,1,0,9.0213,estimated,0.50,0.53959,1.61877
83,4,83.5000,4.5000,1.0000,2.7056,2,0.525424,0.0288529,3.15254,1.165180,beyond_data,,0.65364,0.143000,0.65364,4.5400,0.143670,0.62953,1,1,9.0376,estimated,0.50,0.31477,0.94430
84,4,84.5000,4.5000,1.0000,0.7056,2,0.508475,0.0288529,3.05085,4.323595,beyond_data,,0.17047,0.143000,0.17047,4.5400,0.143477,0.16597,1,1,9.0498,estimated,0.50,0.08298,0.24895
0,5,0.5000,5.5000,1.0000,1.0000,5,0.508475,0.0288529,3.05085,3.050847,beyond_data,,0.24158,0.143000,0.24158,4.5400,0.143482,0.23513,1,1,9.0494,estimated,0.50,0.11757,0.35270
1,5,1.5000,5.5000,1.0000,3.0000,5,0.525424,0.0288529,3.15254,1.050847,beyond_data,,0.72475,0.143000,0.72475,4.5400,0.143676,0.69781,1,1,9.0372,estimated,0.50,0.34891,1.04672
2,5,2.5000,5.5000,1.0000,5.0000,5,0.542373,0.0288529,3.25424,0.650847,beyond_data,,1.20792,0.143000,1.20792,4.5400,0.143935,1.14636,1,0,9.0210,estimated,0.50,0.57318,1.71955
3,5,3.5000,5.5000,1.0000,7.0000,5,0.559322,0.0288529,3.35593,0.479419,beyond_data,,1.69109,0.143000,1.69109,4.5400,0.144277,1.57480,1,0,8.9996,estimated,0.50,0.78740,2.36221
4,5,4.5000,5.5000,1.0000,9.0000,5,0.576271,0.0288529,3.45763,0.384181,beyond_data,,2.17426,0.143000,2.17426,4.5400,0.144721,1.97593,1,0,8.9720,estimated,0.50,0.98796,2.96389
5,5,5.5000,5.5000,1.0000,11.0000,5,0.593220,0.0288529,3.55932,0.323575,beyond_data,,2.65743,0.143000,2.65743,4.5400,0.145285,2.34175,1,0,8.9371,estimated,0.50,1.17087,3.51262
6,5,6.5000,5.5000,1.0000,13.0000,5,0.593220,0.0288529,3.55932,0.273794,too_firm,,3.14060,0.143000,3.14060,4.5400,0.145987,2.66426,1,0,8.8941,estimated,0.50,1.33213,3.99640
7,5,7.5000,5.5000,1.0000,15.0000,5,0.593220,0.0288529,3.55932,0.237288,ok,0.143319,,0.143319,3.55932,4.5299,0.146835,2.93770,1,0,8.8428,estimated,0.50,1.46885,4.40655
8,5,8.5000,5.5000,1.0000,17.0000,5,0.593220,0.0288529,3.55932,0.209372,ok,0.145592,,0.145592,3.55932,4.4592,0.147801,3.16315,1,0,8.7850,estimated,0.50,1.58158,4.74473
9,5,9.5000,5.5000,1.0000,19.0000,5,0.593220,0.0288529,3.55932,0.187333,ok,0.147673,,0.147673,3.55932,4.3963,0.148950,3.32845,1,0,8.7172,estimated,0.50,1.66422,4.99267
10,5,10.5000,5.5000,1.0000,21.0000,5,0.593220,0.0288529,3.55932,0.169492,ok,0.149585,,0.149585,3.55932,4.3401,0.150283,3.43301,1,0,8.6399,estimated,0.50,1.71651,5.14952
11,5,11.5000,5.5000,1.0000,23.0000,5,0.593220,0.0288529,3.55932,0.154753,ok,0.151349,,0.151349,3.55932,4.2895,0.151779,3.48185,1,0,8.5548,estimated,0.50,1.74092,5.22277
12,5,12.5000,5.5000,1.0000,25.0000,5,0.593220,0.0288529,3.55932,0.142373,ok,0.152981,,0.152981,3.55932,4.2438,0.153454,3.47476,1,0,8.4614,estimated,0.50,1.73738,5.21214
13,5,13.5000,5.5000,1.0000,27.0000,5,0.593220,0.0288529,3.55932,0.131827,ok,0.154495,,0.154495,3.55932,4.2022,0.155282,3.42008,1,0,8.3618,estimated,0.50,1.71004,5.13012
14,5,14.5000,5.5000,1.0000,29.0000,5,0.593220,0.0288529,3.55932,0.122735,ok,0.155904,,0.155904,3.55932,4.1642,0.157259,3.32444,1,0,8.2566,estimated,0.50,1.66222,4.98666
15,5,15.5000,5.5000,1.0000,31.0000,5,0.593220,0.0288529,3.55932,0.114817,ok,0.157218,,0.157218,3.55932,4.1294,0.159371,3.39912,1,0,8.1472,estimated,0.50,1.69956,5.09869
16,5,16.5000,5.5000,1.0000,33.0000,5,0.593220,0.0288529,3.55932,0.107858,ok,0.160177,,0.160177,3.55932,4.0531,0.161610,3.45889,1,0,8.0343,estimated,0.50,1.72944,5.18833
17,5,17.5000,5.5000,1.0000,35.0000,5,0.593220,0.0288529,3.55932,0.101695,ok,0.163168,,0.163168,3.55932,3.9788,0.163977,3.50512,1,0,7.9184,estimated,0.50,1.75256,5.25768
18,5,18.5000,5.5000,1.0000,37.0000,5,0.593220,0.0288529,3.55932,0.096198,ok,0.166159,,0.166159,3.55932,3.9072,0.166467,3.53962,1,0,7.7999,estimated,0.50,1.76981,5.30944
19,5,19.5000,5.5000,1.0000,39.0000,5,0.593220,0.0288529,3.55932,0.091265,ok,0.169150,,0.169150,3.55932,3.8381,0.169058,3.56491,1,0,7.6804,estimated,0.50,1.78245,5.34736
20,5,20.5000,5.5000,1.0000,41.0000,5,0.593220,0.0288529,3.55932,0.086813,ok,0.172141,,0.172141,3.55932,3.7714,0.171729,3.58338,1,0,7.5609,estimated,0.50,1.79169,5.37507
21,5,21.5000,5.5000,1.0000,43.0000,5,0.593220,0.0288529,3.55932,0.082775,ok,0.175132,,0.175132,3.55932,3.7070,0.174451,3.59737,1,0,7.4429,estimated,0.50,1.79869,5.39606
22,5,22.5000,5.5000,1.0000,45.0000,5,0.593220,0.0288529,3.55932,0.079096,ok,0.178123,,0.178123,3.55932,3.6448,0.177204,3.60858,1,0,7.3273,estimated,0.50,1.80429,5.41286
23,5,23.5000,5.5000,1.0000,47.0000,5,0.593220,0.0288529,3.55932,0.075730,ok,0.180937,,0.180937,3.55932,3.5881,0.179947,3.61942,1,0,7.2156,estimated,0.50,1.80971,5.42913
24,5,24.5000,5.5000,1.0000,49.0000,5,0.593220,0.0288529,3.55932,0.072639,ok,0.183452,,0.183452,3.55932,3.5389,0.182664,3.60539,1,0,7.1083,estimated,0.50,1.80270,5.40809
25,5,25.5000,5.5000,1.0000,51.0000,5,0.593220,0.0288529,3.55932,0.069791,ok,0.185967,,0.185967,3.55932,3.4910,0.185351,3.59384,1,0,7.0052,estimated,0.50,1.79692,5.39076
26,5,26.5000,5.5000,1.0000,53.0000,5,0.593220,0.0288529,3.55932,0.067157,ok,0.188483,,0.188483,3.55932,3.4444,0.188004,3.58510,1,0,6.9064,estimated,0.50,1.79255,5.37764
27,5,27.5000,5.5000,1.0000,55.0000,5,0.593220,0.0288529,3.55932,0.064715,ok,0.190998,,0.190998,3.55932,3.3991,0.190623,3.57874,1,0,6.8115,estimated,0.50,1.78937,5.36811
28,5,28.5000,5.5000,1.0000,57.0000,5,0.593220,0.0288529,3.55932,0.062444,ok,0.193514,,0.193514,3.55932,3.3549,0.193215,3.57424,1,0,6.7201,estimated,0.50,1.78712,5.36136
29,5,29.5000,5.5000,1.0000,59.0000,5,0.593220,0.0288529,3.55932,0.060327,ok,0.196029,,0.196029,3.55932,3.3118,0.195795,3.57058,1,0,6.6316,estimated,0.50,1.78529,5.35588
30,5,30.5000,5.5000,1.0000,61.0000,5,0.593220,0.0288529,3.55932,0.058350,ok,0.198545,,0.198545,3.55932,3.2699,0.198349,3.56842,1,0,6.5462,estimated,0.50,1.78421,5.35262
31,5,31.5000,5.5000,1.0000,63.0000,5,0.593220,0.0288529,3.55932,0.056497,ok,0.201060,,0.201060,3.55932,3.2290,0.200893,3.56683,1,0,6.4633,estimated,0.50,1.78341,5.35024
32,5,32.5000,5.5000,1.0000,65.0000,5,0.593220,0.0288529,3.55932,0.054759,ok,0.203576,,0.203576,3.55932,3.1891,0.203431,3.56563,1,0,6.3827,estimated,0.50,1.78282,5.34845
33,5,33.5000,5.5000,1.0000,67.0000,5,0.593220,0.0288529,3.55932,0.053124,ok,0.206091,,0.206091,3.55932,3.1501,0.205959,3.56489,1,0,6.3043,estimated,0.50,1.78245,5.34734
34,5,34.5000,5.5000,1.0000,69.0000,5,0.593220,0.0288529,3.55932,0.051584,ok,0.208606,,0.208606,3.55932,3.1122,0.208474,3.56476,1,0,6.2283,estimated,0.50,1.78238,5.34715
35,5,35.5000,5.5000,1.0000,71.0000,5,0.593220,0.0288529,3.55932,0.050131,ok,0.211122,,0.211122,3.55932,3.0751,0.210963,3.56567,1,0,6.1548,estimated,0.50,1.78284,5.34851
36,5,36.5000,5.5000,1.0000,73.0000,5,0.593220,0.0288529,3.55932,0.048758,ok,0.213637,,0.213637,3.55932,3.0389,0.213402,3.56846,1,0,6.0844,estimated,0.50,1.78423,5.35269
37,5,37.5000,5.5000,1.0000,75.0000,5,0.593220,0.0288529,3.55932,0.047458,ok,0.216153,,0.216153,3.55932,3.0035,0.215750,3.57460,1,0,6.0182,estimated,0.50,1.78730,5.36190
38,5,38.5000,5.5000,1.0000,77.0000,5,0.593220,0.0288529,3.55932,0.046225,ok,0.218668,,0.218668,3.55932,2.9689,0.217960,3.58554,1,0,5.9572,estimated,0.50,1.79277,5.37831
39,5,39.5000,5.5000,1.0000,79.0000,5,0.593220,0.0288529,3.55932,0.045055,ok,0.221184,,0.221184,3.55932,2.9352,0.219885,3.60646,1,0,5.9050,estimated,0.50,1.80323,5.40969
40,5,40.5000,5.5000,1.0000,81.0000,5,0.593220,0.0288529,3.55932,0.043942,ok,0.223699,,0.223699,3.55932,2.9022,0.221421,3.64072,1,0,5.8641,estimated,0.50,1.82036,5.46108
41,5,41.5000,5.5000,1.0000,83.0000,5,0.593220,0.0288529,3.55932,0.042883,ok,0.226198,,0.226198,3.55932,2.8701,0.222432,3.69315,1,0,5.8374,estimated,0.50,1.84657,5.53972
42,5,42.5000,5.5000,1.0000,84.7056,2,0.593220,0.0288529,3.55932,0.042020,ok,0.228180,,0.228180,3.55932,2.8452,0.222787,3.75578,1,0,5.8281,estimated,0.50,1.87789,5.63368
43,5,43.5000,5.5000,1.0000,82.7056,2,0.593220,0.0288529,3.55932,0.043036,ok,0.225844,,0.225844,3.55932,2.8746,0.222323,3.68403,1,0,5.8403,estimated,0.50,1.84202,5.52605
44,5,44.5000,5.5000,1.0000,80.7056,2,0.593220,0.0288529,3.55932,0.044103,ok,0.223329,,0.223329,3.55932,2.9070,0.221228,3.63456,1,0,5.8692,estimated,0.50,1.81728,5.45184
45,5,45.5000,5.5000,1.0000,78.7056,2,0.593220,0.0288529,3.55932,0.045223,ok,0.220813,,0.220813,3.55932,2.9401,0.219626,3.60255,1,0,5.9120,estimated,0.50,1.80128,5.40383
46,5,46.5000,5.5000,1.0000,76.7056,2,0.593220,0.0288529,3.55932,0.046402,ok,0.218298,,0.218298,3.55932,2.9740,0.217654,3.58323,1,0,5.9656,estimated,0.50,1.79162,5.37485
47,5,47.5000,5.5000,1.0000,74.7056,2,0.593220,0.0288529,3.55932,0.047645,ok,0.215783,,0.215783,3.55932,3.0087,0.215414,3.57334,1,0,6.0276,estimated,0.50,1.78667,5.36001
48,5,48.5000,5.5000,1.0000,72.7056,2,0.593220,0.0288529,3.55932,0.048955,ok,0.213267,,0.213267,3.55932,3.0441,0.213049,3.56784,1,0,6.0945,estimated,0.50,1.78392,5.35177
49,5,49.5000,5.5000,1.0000,70.7056,2,0.593220,0.0288529,3.55932,0.050340,ok,0.210752,,0.210752,3.55932,3.0805,0.210599,3.56543,1,0,6.1654,estimated,0.50,1.78271,5.34814
50,5,50.5000,5.5000,1.0000,68.7056,2,0.593220,0.0288529,3.55932,0.051805,ok,0.208236,,0.208236,3.55932,3.1177,0.208105,3.56472,1,0,6.2393,estimated,0.50,1.78236,5.34708
51,5,51.5000,5.5000,1.0000,66.7056,2,0.593220,0.0288529,3.55932,0.053359,ok,0.205721,,0.205721,3.55932,3.1558,0.205588,3.56497,1,0,6.3157,estimated,0.50,1.78248,5.34745
52,5,52.5000,5.5000,1.0000,64.7056,2,0.593220,0.0288529,3.55932,0.055008,ok,0.203205,,0.203205,3.55932,3.1949,0.203058,3.56578,1,0,6.3944,estimated,0.50,1.78289,5.34867
53,5,53.5000,5.5000,1.0000,62.7056,2,0.593220,0.0288529,3.55932,0.056762,ok,0.200690,,0.200690,3.55932,3.2349,0.200519,3.56704,1,0,6.4753,estimated,0.50,1.78352,5.35056
54,5,54.5000,5.5000,1.0000,60.7056,2,0.593220,0.0288529,3.55932,0.058632,ok,0.198174,,0.198174,3.55932,3.2760,0.197974,3.56869,1,0,6.5586,estimated,0.50,1.78435,5.35304
55,5,55.5000,5.5000,1.0000,58.7056,2,0.593220,0.0288529,3.55932,0.060630,ok,0.195659,,0.195659,3.55932,3.3181,0.195418,3.57097,1,0,6.6444,estimated,0.50,1.78549,5.35646
56,5,56.5000,5.5000,1.0000,56.7056,2,0.593220,0.0288529,3.55932,0.062768,ok,0.193144,,0.193144,3.55932,3.3613,0.192835,3.57481,1,0,6.7334,estimated,0.50,1.78741,5.36222
57,5,57.5000,5.5000,1.0000,54.7056,2,0.593220,0.0288529,3.55932,0.065063,ok,0.190628,,0.190628,3.55932,3.4057,0.190239,3.57955,1,0,6.8252,estimated,0.50,1.78978,5.36933
58,5,58.5000,5.5000,1.0000,52.7056,2,0.593220,0.0288529,3.55932,0.067532,ok,0.188113,,0.188113,3.55932,3.4512,0.187615,3.58623,1,0,6.9207,estimated,0.50,1.79312,5.37935
59,5,59.5000,5.5000,1.0000,50.7056,2,0.593220,0.0288529,3.55932,0.070196,ok,0.185597,,0.185597,3.55932,3.4980,0.184958,3.59537,1,0,7.0201,estimated,0.50,1.79768,5.39305
60,5,60.5000,5.5000,1.0000,48.7056,2,0.593220,0.0288529,3.55932,0.073078,ok,0.183082,,0.183082,3.55932,3.5460,0.182266,3.60736,1,0,7.1238,estimated,0.50,1.80368,5.41105
61,5,61.5000,5.5000,1.0000,46.7056,2,0.593220,0.0288529,3.55932,0.076208,ok,0.180566,,0.180566,3.55932,3.5954,0.179544,3.61781,1,0,7.2318,estimated,0.50,1.80891,5.42672
62,5,62.5000,5.5000,1.0000,44.7056,2,0.593220,0.0288529,3.55932,0.079617,ok,0.177682,,0.177682,3.55932,3.6538,0.176799,3.60698,1,0,7.3441,estimated,0.50,1.80349,5.41047
63,5,63.5000,5.5000,1.0000,42.7056,2,0.593220,0.0288529,3.55932,0.083346,ok,0.174691,,0.174691,3.55932,3.7164,0.174048,3.59553,1,0,7.4602,estimated,0.50,1.79777,5.39330
64,5,64.5000,5.5000,1.0000,40.7056,2,0.593220,0.0288529,3.55932,0.087441,ok,0.171700,,0.171700,3.55932,3.7811,0.171332,3.58102,1,0,7.5785,estimated,0.50,1.79051,5.37152
65,5,65.5000,5.5000,1.0000,38.7056,2,0.593220,0.0288529,3.55932,0.091959,ok,0.168710,,0.168710,3.55932,3.8481,0.168671,3.56170,1,0,7.6980,estimated,0.50,1.78085,5.34255
66,5,66.5000,5.5000,1.0000,36.7056,2,0.593220,0.0288529,3.55932,0.096969,ok,0.165719,,0.165719,3.55932,3.9176,0.166093,3.53522,1,0,7.8175,estimated,0.50,1.76761,5.30283
67,5,67.5000,5.5000,1.0000,34.7056,2,0.593220,0.0288529,3.55932,0.102557,ok,0.162728,,0.162728,3.55932,3.9896,0.163620,3.49919,1,0,7.9357,estimated,0.50,1.74959,5.24878
68,5,68.5000,5.5000,1.0000,32.7056,2,0.593220,0.0288529,3.55932,0.108829,ok,0.159737,,0.159737,3.55932,4.0643,0.161271,3.45109,1,0,8.0513,estimated,0.50,1.72555,5.17664
69,5,69.5000,5.5000,1.0000,30.7056,2,0.593220,0.0288529,3.55932,0.115918,ok,0.157030,,0.157030,3.55932,4.1343,0.159050,3.38927,1,0,8.1637,estimated,0.50,1.69463,5.08390
70,5,70.5000,5.5000,1.0000,28.7056,2,0.593220,0.0288529,3.55932,0.123994,ok,0.155703,,0.155703,3.55932,4.1696,0.156957,3.33990,1,0,8.2725,estimated,0.50,1.66995,5.00986
71,5,71.5000,5.5000,1.0000,26.7056,2,0.593220,0.0288529,3.55932,0.133280,ok,0.154279,,0.154279,3.55932,4.2081,0.154999,3.43165,1,0,8.3770,estimated,0.50,1.71582,5.14747
72,5,72.5000,5.5000,1.0000,24.7056,2,0.593220,0.0288529,3.55932,0.144069,ok,0.152749,,0.152749,3.55932,4.2502,0.153191,3.47996,1,0,8.4759,estimated,0.50,1.73998,5.21994
73,5,73.5000,5.5000,1.0000,22.7056,2,0.593220,0.0288529,3.55932,0.156759,ok,0.151098,,0.151098,3.55932,4.2966,0.151538,3.47989,1,0,8.5683,estimated,0.50,1.73994,5.21983
74,5,74.5000,5.5000,1.0000,20.7056,2,0.593220,0.0288529,3.55932,0.171901,ok,0.149313,,0.149313,3.55932,4.3480,0.150066,3.42312,1,0,8.6524,estimated,0.50,1.71156,5.13468
75,5,75.5000,5.5000,1.0000,18.7056,2,0.593220,0.0288529,3.55932,0.190281,ok,0.147377,,0.147377,3.55932,4.4051,0.148757,3.31010,1,0,8.7285,estimated,0.50,1.65505,4.96516
76,5,76.5000,5.5000,1.0000,16.7056,2,0.593220,0.0288529,3.55932,0.213061,ok,0.145270,,0.145270,3.55932,4.4690,0.147632,3.13617,1,0,8.7950,estimated,0.50,1.56808,4.70425
77,5,77.5000,5.5000,1.0000,14.7056,2,0.593220,0.0288529,3.55932,0.242038,too_firm,,3.55265,0.143000,3.55265,4.5400,0.146689,2.90245,1,0,8.8516,estimated,0.50,1.45123,4.35368
78,5,78.5000,5.5000,1.0000,12.7056,2,0.593220,0.0288529,3.55932,0.280137,too_firm,,3.06948,0.143000,3.06948,4.5400,0.145856,2.62240,1,0,8.9021,estimated,0.50,1.31120,3.93360
79,5,79.5000,5.5000,1.0000,10.7056,2,0.593220,0.0288529,3.55932,0.332472,beyond_data,,2.58631,0.143000,2.58631,4.5400,0.145175,2.29277,1,0,8.9439,estimated,0.50,1.14639,3.43916
80,5,80.5000,5.5000,1.0000,8.7056,2,0.576271,0.0288529,3.45763,0.397171,beyond_data,,2.10315,0.143000,2.10315,4.5400,0.144630,1.92084,1,0,8.9776,estimated,0.50,0.96042,2.88126
81,5,81.5000,5.5000,1.0000,6.7056,2,0.559322,0.0288529,3.35593,0.500465,beyond_data,,1.61998,0.143000,1.61998,4.5400,0.144203,1.51472,1,0,9.0042,estimated,0.50,0.75736,2.27208
82,5,82.5000,5.5000,1.0000,4.7056,2,0.542373,0.0288529,3.25424,0.691563,beyond_data,,1.13681,0.143000,1.13681,4.5400,0.143876,1.08239,1,1,9.0246,estimated,0.50,0.54120,1.62359
83,5,83.5000,5.5000,1.0000,2.7056,2,0.525424,0.0288529,3.15254,1.165180,beyond_data,,0.65364,0.143000,0.65364,4.5400,0.143629,0.63096,1,1,9.0401,estimated,0.50,0.31548,0.94644
84,5,84.5000,5.5000,1.0000,0.7056,2,0.508475,0.0288529,3.05085,4.323595,beyond_data,,0.17047,0.143000,0.17047,4.5400,0.143446,0.16625,1,1,9.0517,estimated,0.50,0.08312,0.24937
0,6,0.5000,6.5000,1.0000,1.0000,5,0.508475,0.0288529,3.05085,3.050847,beyond_data,,0.24158,0.143000,0.24158,4.5400,0.143450,0.23556,1,1,9.0515,estimated,0.50,0.11778,0.35334
1,6,1.5000,6.5000,1.0000,3.0000,5,0.525424,0.0288529,3.15254,1.050847,beyond_data,,0.72475,0.143000,0.72475,4.5400,0.143633,0.69948,1,1,9.0399,estimated,0.50,0.34974,1.04922
2,6,2.5000,6.5000,1.0000,5.0000,5,0.542373,0.0288529,3.25424,0.650847,beyond_data,,1.20792,0.143000,1.20792,4.5400,0.143879,1.14995,1,1,9.0245,estimated,0.50,0.57497,1.72492
3,6,3.5000,6.5000,1.0000,7.0000,5,0.559322,0.0288529,3.35593,0.479419,beyond_data,,1.69109,0.143000,1.69109,4.5400,0.144204,1.58117,1,0,9.0041,estimated,0.50,0.79059,2.37176
4,6,4.5000,6.5000,1.0000,9.0000,5,0.576271,0.0288529,3.45763,0.384181,beyond_data,,2.17426,0.143000,2.17426,4.5400,0.144627,1.98612,1,0,8.9778,estimated,0.50,0.99306,2.97918
5,6,5.5000,6.5000,1.0000,11.0000,5,0.593220,0.0288529,3.55932,0.323575,beyond_data,,2.65743,0.143000,2.65743,4.5400,0.145166,2.35695,1,0,8.9445,estimated,0.50,1.17847,3.53542
6,6,6.5000,6.5000,1.0000,13.0000,5,0.610169,0.0288529,3.66102,0.281617,too_firm,,3.14060,0.143000,3.14060,4.5400,0.145839,2.68571,1,0,8.9032,estimated,0.50,1.34286,4.02857
7,6,7.5000,6.5000,1.0000,15.0000,5,0.610169,0.0288529,3.66102,0.244068,too_firm,,3.62377,0.143000,3.62377,4.5400,0.146659,2.96536,1,0,8.8534,estimated,0.50,1.48268,4.44804
8,6,8.5000,6.5000,1.0000,17.0000,5,0.610169,0.0288529,3.66102,0.215354,ok,0.145073,,0.145073,3.66102,4.4751,0.147588,3.19899,1,0,8.7977,estimated,0.50,1.59949,4.79848
9,6,9.5000,6.5000,1.0000,19.0000,5,0.610169,0.0288529,3.66102,0.192685,ok,0.147141,,0.147141,3.66102,4.4122,0.148688,3.37447,1,0,8.7326,estimated,0.50,1.68723,5.06170
10,6,10.5000,6.5000,1.0000,21.0000,5,0.610169,0.0288529,3.66102,0.174334,ok,0.149043,,0.149043,3.66102,4.3559,0.149964,3.49019,1,0,8.6583,estimated,0.50,1.74509,5.23528
11,6,11.5000,6.5000,1.0000,23.0000,5,0.610169,0.0288529,3.66102,0.159175,ok,0.150801,,0.150801,3.66102,4.3051,0.151395,3.55089,1,0,8.5764,estimated,0.50,1.77544,5.32633
12,6,12.5000,6.5000,1.0000,25.0000,5,0.610169,0.0288529,3.66102,0.146441,ok,0.152428,,0.152428,3.66102,4.2591,0.153000,3.55585,1,0,8.4865,estimated,0.50,1.77793,5.33378
13,6,13.5000,6.5000,1.0000,27.0000,5,0.610169,0.0288529,3.66102,0.135593,ok,0.153940,,0.153940,3.66102,4.2173,0.154752,3.51323,1,0,8.3904,estimated,0.50,1.75662,5.26985
14,6,14.5000,6.5000,1.0000,29.0000,5,0.610169,0.0288529,3.66102,0.126242,ok,0.155349,,0.155349,3.66102,4.1791,0.156647,3.42766,1,0,8.2889,estimated,0.50,1.71383,5.14149
15,6,15.5000,6.5000,1.0000,31.0000,5,0.610169,0.0288529,3.66102,0.118097,ok,0.156663,,0.156663,3.66102,4.1440,0.158671,3.44883,1,0,8.1831,estimated,0.50,1.72441,5.17324
16,6,16.5000,6.5000,1.0000,33.0000,5,0.610169,0.0288529,3.66102,0.110940,ok,0.158806,,0.158806,3.66102,4.0881,0.160817,3.51378,1,0,8.0740,estimated,0.50,1.75689,5.27067
17,6,17.5000,6.5000,1.0000,35.0000,5,0.610169,0.0288529,3.66102,0.104600,ok,0.161714,,0.161714,3.66102,4.0146,0.163083,3.56512,1,0,7.9618,estimated,0.50,1.78256,5.34768
18,6,18.5000,6.5000,1.0000,37.0000,5,0.610169,0.0288529,3.66102,0.098946,ok,0.164622,,0.164622,3.66102,3.9437,0.165467,3.60437,1,0,7.8470,estimated,0.50,1.80218,5.40655
19,6,19.5000,6.5000,1.0000,39.0000,5,0.610169,0.0288529,3.66102,0.093872,ok,0.167530,,0.167530,3.66102,3.8752,0.167959,3.63354,1,0,7.7307,estimated,0.50,1.81677,5.45030
20,6,20.5000,6.5000,1.0000,41.0000,5,0.610169,0.0288529,3.66102,0.089293,ok,0.170438,,0.170438,3.66102,3.8091,0.170535,3.65505,1,0,7.6139,estimated,0.50,1.82752,5.48257
21,6,21.5000,6.5000,1.0000,43.0000,5,0.610169,0.0288529,3.66102,0.085140,ok,0.173345,,0.173345,3.66102,3.7452,0.173172,3.67122,1,0,7.4979,estimated,0.50,1.83561,5.50683
22,6,22.5000,6.5000,1.0000,45.0000,5,0.610169,0.0288529,3.66102,0.081356,ok,0.176253,,0.176253,3.66102,3.6834,0.175842,3.68417,1,0,7.3841,estimated,0.50,1.84208,5.52625
23,6,23.5000,6.5000,1.0000,47.0000,5,0.610169,0.0288529,3.66102,0.077894,ok,0.179161,,0.179161,3.66102,3.6236,0.178527,3.69529,1,0,7.2730,estimated,0.50,1.84764,5.54293
24,6,24.5000,6.5000,1.0000,49.0000,5,0.610169,0.0288529,3.66102,0.074715,ok,0.181740,,0.181740,3.66102,3.5722,0.181190,3.69493,1,0,7.1661,estimated,0.50,1.84746,5.54239
25,6,25.5000,6.5000,1.0000,51.0000,5,0.610169,0.0288529,3.66102,0.071785,ok,0.184186,,0.184186,3.66102,3.5248,0.183825,3.68232,1,0,7.0634,estimated,0.50,1.84116,5.52348
26,6,26.5000,6.5000,1.0000,53.0000,5,0.610169,0.0288529,3.66102,0.069076,ok,0.186631,,0.186631,3.66102,3.4786,0.186426,3.67264,1,0,6.9648,estimated,0.50,1.83632,5.50896
27,6,27.5000,6.5000,1.0000,55.0000,5,0.610169,0.0288529,3.66102,0.066564,ok,0.189077,,0.189077,3.66102,3.4336,0.188993,3.66557,1,0,6.8702,estimated,0.50,1.83279,5.49836
28,6,28.5000,6.5000,1.0000,57.0000,5,0.610169,0.0288529,3.66102,0.064228,ok,0.191522,,0.191522,3.66102,3.3898,0.191530,3.66064,1,0,6.7793,estimated,0.50,1.83032,5.49096
29,6,29.5000,6.5000,1.0000,59.0000,5,0.610169,0.0288529,3.66102,0.062051,ok,0.193968,,0.193968,3.66102,3.3470,0.194041,3.65733,1,0,6.6915,estimated,0.50,1.82866,5.48599
30,6,30.5000,6.5000,1.0000,61.0000,5,0.610169,0.0288529,3.66102,0.060017,ok,0.196414,,0.196414,3.66102,3.3053,0.196543,3.65467,1,0,6.6063,estimated,0.50,1.82734,5.48201
31,6,31.5000,6.5000,1.0000,63.0000,5,0.610169,0.0288529,3.66102,0.058111,ok,0.198859,,0.198859,3.66102,3.2647,0.199021,3.65332,1,0,6.5241,estimated,0.50,1.82666,5.47999
32,6,32.5000,6.5000,1.0000,65.0000,5,0.610169,0.0288529,3.66102,0.056323,ok,0.201305,,0.201305,3.66102,3.2250,0.201491,3.65247,1,0,6.4441,estimated,0.50,1.82623,5.47870
33,6,33.5000,6.5000,1.0000,67.0000,5,0.610169,0.0288529,3.66102,0.054642,ok,0.203750,,0.203750,3.66102,3.1863,0.203949,3.65214,1,0,6.3664,estimated,0.50,1.82607,5.47820
34,6,34.5000,6.5000,1.0000,69.0000,5,0.610169,0.0288529,3.66102,0.053058,ok,0.206196,,0.206196,3.66102,3.1485,0.206394,3.65246,1,0,6.2910,estimated,0.50,1.82623,5.47869
35,6,35.5000,6.5000,1.0000,71.0000,5,0.610169,0.0288529,3.66102,0.051564,ok,0.208641,,0.208641,3.66102,3.1116,0.208812,3.65386,1,0,6.2182,estimated,0.50,1.82693,5.48079
36,6,36.5000,6.5000,1.0000,73.0000,5,0.610169,0.0288529,3.66102,0.050151,ok,0.211087,,0.211087,3.66102,3.0756,0.211180,3.65721,1,0,6.1485,estimated,0.50,1.82860,5.48581
37,6,37.5000,6.5000,1.0000,75.0000,5,0.610169,0.0288529,3.66102,0.048814,ok,0.213533,,0.213533,3.66102,3.0404,0.213457,3.66403,1,0,6.0829,estimated,0.50,1.83202,5.49605
38,6,38.5000,6.5000,1.0000,77.0000,5,0.610169,0.0288529,3.66102,0.047546,ok,0.215978,,0.215978,3.66102,3.0059,0.215575,3.67676,1,0,6.0231,estimated,0.50,1.83838,5.51513
39,6,39.5000,6.5000,1.0000,79.0000,5,0.610169,0.0288529,3.66102,0.046342,ok,0.218424,,0.218424,3.66102,2.9723,0.217462,3.69785,1,0,5.9708,estimated,0.50,1.84892,5.54677
40,6,40.5000,6.5000,1.0000,81.0000,5,0.610169,0.0288529,3.66102,0.045198,ok,0.220869,,0.220869,3.66102,2.9394,0.218942,3.73367,1,0,5.9305,estimated,0.50,1.86684,5.60051
41,6,41.5000,6.5000,1.0000,83.0000,5,0.610169,0.0288529,3.66102,0.044109,ok,0.223315,,0.223315,3.66102,2.9072,0.219911,3.78806,1,0,5.9043,estimated,0.50,1.89403,5.68209
42,6,42.5000,6.5000,1.0000,84.7056,2,0.610169,0.0288529,3.66102,0.043220,ok,0.225400,,0.225400,3.66102,2.8803,0.220251,3.85256,1,0,5.8952,estimated,0.50,1.92628,5.77885
43,6,43.5000,6.5000,1.0000,82.7056,2,0.610169,0.0288529,3.66102,0.044266,ok,0.222955,,0.222955,3.66102,2.9119,0.219807,3.77864,1,0,5.9071,estimated,0.50,1.88932,5.66796
44,6,44.5000,6.5000,1.0000,80.7056,2,0.610169,0.0288529,3.66102,0.045363,ok,0.220509,,0.220509,3.66102,2.9442,0.218756,3.72726,1,0,5.9355,estimated,0.50,1.86363,5.59088
45,6,45.5000,6.5000,1.0000,78.7056,2,0.610169,0.0288529,3.66102,0.046515,ok,0.218064,,0.218064,3.66102,2.9772,0.217211,3.69374,1,0,5.9777,estimated,0.50,1.84687,5.54062
46,6,46.5000,6.5000,1.0000,76.7056,2,0.610169,0.0288529,3.66102,0.047728,ok,0.215618,,0.215618,3.66102,3.0109,0.215279,3.67430,1,0,6.0314,estimated,0.50,1.83715,5.51145
47,6,47.5000,6.5000,1.0000,74.7056,2,0.610169,0.0288529,3.66102,0.049006,ok,0.213173,,0.213173,3.66102,3.0455,0.213132,3.66266,1,0,6.0922,estimated,0.50,1.83133,5.49399
48,6,48.5000,6.5000,1.0000,72.7056,2,0.610169,0.0288529,3.66102,0.050354,ok,0.210727,,0.210727,3.66102,3.0808,0.210837,3.65650,1,0,6.1585,estimated,0.50,1.82825,5.48474
49,6,49.5000,6.5000,1.0000,70.7056,2,0.610169,0.0288529,3.66102,0.051778,ok,0.208281,,0.208281,3.66102,3.1170,0.208459,3.65353,1,0,6.2287,estimated,0.50,1.82676,5.48029
50,6,50.5000,6.5000,1.0000,68.7056,2,0.610169,0.0288529,3.66102,0.053286,ok,0.205836,,0.205836,3.66102,3.1540,0.206035,3.65234,1,0,6.3020,estimated,0.50,1.82617,5.47851
51,6,51.5000,6.5000,1.0000,66.7056,2,0.610169,0.0288529,3.66102,0.054883,ok,0.203390,,0.203390,3.66102,3.1920,0.203588,3.65214,1,0,6.3777,estimated,0.50,1.82607,5.47822
52,6,52.5000,6.5000,1.0000,64.7056,2,0.610169,0.0288529,3.66102,0.056580,ok,0.200945,,0.200945,3.66102,3.2308,0.201128,3.65256,1,0,6.4557,estimated,0.50,1.82628,5.47884
53,6,53.5000,6.5000,1.0000,62.7056,2,0.610169,0.0288529,3.66102,0.058384,ok,0.198499,,0.198499,3.66102,3.2706,0.198657,3.65349,1,0,6.5360,estimated,0.50,1.82674,5.48023
54,6,54.5000,6.5000,1.0000,60.7056,2,0.610169,0.0288529,3.66102,0.060308,ok,0.196054,,0.196054,3.66102,3.3114,0.196177,3.65493,1,0,6.6187,estimated,0.50,1.82746,5.48239
55,6,55.5000,6.5000,1.0000,58.7056,2,0.610169,0.0288529,3.66102,0.062362,ok,0.193608,,0.193608,3.66102,3.3532,0.193672,3.65774,1,0,6.7043,estimated,0.50,1.82887,5.48661
56,6,56.5000,6.5000,1.0000,56.7056,2,0.610169,0.0288529,3.66102,0.064562,ok,0.191162,,0.191162,3.66102,3.3961,0.191158,3.66126,1,0,6.7924,estimated,0.50,1.83063,5.49189
57,6,57.5000,6.5000,1.0000,54.7056,2,0.610169,0.0288529,3.66102,0.066922,ok,0.188717,,0.188717,3.66102,3.4402,0.188617,3.66647,1,0,6.8839,estimated,0.50,1.83324,5.49971
58,6,58.5000,6.5000,1.0000,52.7056,2,0.610169,0.0288529,3.66102,0.069462,ok,0.186271,,0.186271,3.66102,3.4853,0.186045,3.67390,1,0,6.9791,estimated,0.50,1.83695,5.51085
59,6,59.5000,6.5000,1.0000,50.7056,2,0.610169,0.0288529,3.66102,0.072201,ok,0.183826,,0.183826,3.66102,3.5317,0.183439,3.68400,1,0,7.0783,estimated,0.50,1.84200,5.52600
60,6,60.5000,6.5000,1.0000,48.7056,2,0.610169,0.0288529,3.66102,0.075166,ok,0.181380,,0.181380,3.66102,3.5793,0.180800,3.69705,1,0,7.1816,estimated,0.50,1.84853,5.54558
61,6,61.5000,6.5000,1.0000,46.7056,2,0.610169,0.0288529,3.66102,0.078385,ok,0.178733,,0.178733,3.66102,3.6323,0.178133,3.69365,1,0,7.2891,estimated,0.50,1.84683,5.54048
62,6,62.5000,6.5000,1.0000,44.7056,2,0.610169,0.0288529,3.66102,0.081892,ok,0.175825,,0.175825,3.66102,3.6924,0.175448,3.68241,1,0,7.4007,estimated,0.50,1.84120,5.52361
63,6,63.5000,6.5000,1.0000,42.7056,2,0.610169,0.0288529,3.66102,0.085727,ok,0.172917,,0.172917,3.66102,3.7545,0.172780,3.66911,1,0,7.5149,estimated,0.50,1.83456,5.50367
64,6,64.5000,6.5000,1.0000,40.7056,2,0.610169,0.0288529,3.66102,0.089939,ok,0.170010,,0.170010,3.66102,3.8187,0.170151,3.65230,1,0,7.6311,estimated,0.50,1.82615,5.47845
65,6,65.5000,6.5000,1.0000,38.7056,2,0.610169,0.0288529,3.66102,0.094586,ok,0.167102,,0.167102,3.66102,3.8852,0.167585,3.62983,1,0,7.7479,estimated,0.50,1.81491,5.44474
66,6,66.5000,6.5000,1.0000,36.7056,2,0.610169,0.0288529,3.66102,0.099740,ok,0.164194,,0.164194,3.66102,3.9540,0.165108,3.59936,1,0,7.8641,estimated,0.50,1.79968,5.39903
67,6,67.5000,6.5000,1.0000,34.7056,2,0.610169,0.0288529,3.66102,0.105488,ok,0.161286,,0.161286,3.66102,4.0252,0.162740,3.55848,1,0,7.9786,estimated,0.50,1.77924,5.33772
68,6,68.5000,6.5000,1.0000,32.7056,2,0.610169,0.0288529,3.66102,0.111938,ok,0.158378,,0.158378,3.66102,4.0991,0.160491,3.50525,1,0,8.0904,estimated,0.50,1.75262,5.25787
69,6,69.5000,6.5000,1.0000,30.7056,2,0.610169,0.0288529,3.66102,0.119230,ok,0.156475,,0.156475,3.66102,4.1490,0.158362,3.43828,1,0,8.1991,estimated,0.50,1.71914,5.15742
70,6,70.5000,6.5000,1.0000,28.7056,2,0.610169,0.0288529,3.66102,0.127537,ok,0.155147,,0.155147,3.66102,4.1845,0.156356,3.44335,1,0,8.3043,estimated,0.50,1.72167,5.16502
71,6,71.5000,6.5000,1.0000,26.7056,2,0.610169,0.0288529,3.66102,0.137088,ok,0.153725,,0.153725,3.66102,4.2232,0.154480,3.52330,1,0,8.4052,estimated,0.50,1.76165,5.28496
72,6,72.5000,6.5000,1.0000,24.7056,2,0.610169,0.0288529,3.66102,0.148186,ok,0.152196,,0.152196,3.66102,4.2656,0.152747,3.55958,1,0,8.5005,estimated,0.50,1.77979,5.33937
73,6,73.5000,6.5000,1.0000,22.7056,2,0.610169,0.0288529,3.66102,0.161238,ok,0.150551,,0.150551,3.66102,4.3123,0.151163,3.54749,1,0,8.5896,estimated,0.50,1.77374,5.32123
74,6,74.5000,6.5000,1.0000,20.7056,2,0.610169,0.0288529,3.66102,0.176813,ok,0.148773,,0.148773,3.66102,4.3638,0.149754,3.47891,1,0,8.6704,estimated,0.50,1.73945,5.21836
75,6,75.5000,6.5000,1.0000,18.7056,2,0.610169,0.0288529,3.66102,0.195717,ok,0.146847,,0.146847,3.66102,4.4210,0.148501,3.35483,1,0,8.7436,estimated,0.50,1.67741,5.03224
76,6,76.5000,6.5000,1.0000,16.7056,2,0.610169,0.0288529,3.66102,0.219149,ok,0.144754,,0.144754,3.66102,4.4850,0.147425,3.17082,1,0,8.8074,estimated,0.50,1.58541,4.75623
77,6,77.5000,6.5000,1.0000,14.7056,2,0.610169,0.0288529,3.66102,0.248953,too_firm,,3.55265,0.143000,3.55265,4.5400,0.146511,2.93033,1,0,8.8624,estimated,0.50,1.46516,4.39549
78,6,78.5000,6.5000,1.0000,12.7056,2,0.610169,0.0288529,3.66102,0.288141,beyond_data,,3.06948,0.143000,3.06948,4.5400,0.145712,2.64293,1,0,8.9109,estimated,0.50,1.32147,3.96440
79,6,79.5000,6.5000,1.0000,10.7056,2,0.593220,0.0288529,3.55932,0.332472,beyond_data,,2.58631,0.143000,2.58631,4.5400,0.145060,2.30720,1,0,8.9510,estimated,0.50,1.15360,3.46079
80,6,80.5000,6.5000,1.0000,8.7056,2,0.576271,0.0288529,3.45763,0.397171,beyond_data,,2.10315,0.143000,2.10315,4.5400,0.144539,1.93040,1,0,8.9832,estimated,0.50,0.96520,2.89561
81,6,81.5000,6.5000,1.0000,6.7056,2,0.559322,0.0288529,3.35593,0.500465,beyond_data,,1.61998,0.143000,1.61998,4.5400,0.144133,1.52060,1,0,9.0085,estimated,0.50,0.76030,2.28091
82,6,82.5000,6.5000,1.0000,4.7056,2,0.542373,0.0288529,3.25424,0.691563,beyond_data,,1.13681,0.143000,1.13681,4.5400,0.143823,1.08563,1,1,9.0280,estimated,0.50,0.54281,1.62844
83,6,83.5000,6.5000,1.0000,2.7056,2,0.525424,0.0288529,3.15254,1.165180,beyond_data,,0.65364,0.143000,0.65364,4.5400,0.143589,0.63239,1,1,9.0427,estimated,0.50,0.31620,0.94859
84,6,84.5000,6.5000,1.0000,0.7056,2,0.508475,0.0288529,3.05085,4.323595,beyond_data,,0.17047,0.143000,0.17047,4.5400,0.143416,0.16653,1,1,9.0536,estimated,0.50,0.08327,0.24980
0,7,0.5000,7.5000,1.0000,1.0000,5,0.508475,0.0288529,3.05085,3.050847,beyond_data,,0.24158,0.143000,0.24158,4.5400,0.143419,0.23597,1,1,9.0534,estimated,0.50,0.11798,0.35395
1,7,1.5000,7.5000,1.0000,3.0000,5,0.525424,0.0288529,3.15254,1.050847,beyond_data,,0.72475,0.143000,0.72475,4.5400,0.143591,0.70110,1,1,9.0425,estimated,0.50,0.35055,1.05165
2,7,2.5000,7.5000,1.0000,5.0000,5,0.542373,0.0288529,3.25424,0.650847,beyond_data,,1.20792,0.143000,1.20792,4.5400,0.143824,1.15345,1,1,9.0279,estimated,0.50,0.57673,1.73018
3,7,3.5000,7.5000,1.0000,7.0000,5,0.559322,0.0288529,3.35593,0.479419,beyond_data,,1.69109,0.143000,1.69109,4.5400,0.144132,1.58743,1,0,9.0086,estimated,0.50,0.79372,2.38115
4,7,4.5000,7.5000,1.0000,9.0000,5,0.576271,0.0288529,3.45763,0.384181,beyond_data,,2.17426,0.143000,2.17426,4.5400,0.144535,1.99620,1,0,8.9835,estimated,0.50,0.99810,2.99431
5,7,5.5000,7.5000,1.0000,11.0000,5,0.593220,0.0288529,3.55932,0.323575,beyond_data,,2.65743,0.143000,2.65743,4.5400,0.145049,2.37207,1,0,8.9517,estimated,0.50,1.18604,3.55811
6,7,6.5000,7.5000,1.0000,13.0000,5,0.610169,0.0288529,3.66102,0.281617,too_firm,,3.14060,0.143000,3.14060,4.5400,0.145691,2.70719,1,0,8.9122,estimated,0.50,1.35359,4.06078
7,7,7.5000,7.5000,1.0000,15.0000,5,0.627119,0.0288529,3.76271,0.250847,too_firm,,3.62377,0.143000,3.62377,4.5400,0.146476,2.99448,1,0,8.8644,estimated,0.50,1.49724,4.49173
8,7,8.5000,7.5000,1.0000,17.0000,5,0.627119,0.0288529,3.76271,0.221336,ok,0.144573,,0.144573,3.76271,4.4906,0.147375,3.23522,1,0,8.8104,estimated,0.50,1.61761,4.85282
9,7,9.5000,7.5000,1.0000,19.0000,5,0.627119,0.0288529,3.76271,0.198037,ok,0.146626,,0.146626,3.76271,4.4277,0.148425,3.42123,1,0,8.7481,estimated,0.50,1.71061,5.13184
10,7,10.5000,7.5000,1.0000,21.0000,5,0.627119,0.0288529,3.76271,0.179177,ok,0.148519,,0.148519,3.76271,4.3713,0.149643,3.54859,1,0,8.6768,estimated,0.50,1.77430,5.32289
11,7,11.5000,7.5000,1.0000,23.0000,5,0.627119,0.0288529,3.76271,0.163596,ok,0.150269,,0.150269,3.76271,4.3203,0.151010,3.62182,1,0,8.5983,estimated,0.50,1.81091,5.43272
12,7,12.5000,7.5000,1.0000,25.0000,5,0.627119,0.0288529,3.76271,0.150508,ok,0.151892,,0.151892,3.76271,4.2742,0.152543,3.63967,1,0,8.5119,estimated,0.50,1.81983,5.45950
13,7,13.5000,7.5000,1.0000,27.0000,5,0.627119,0.0288529,3.76271,0.139360,ok,0.153401,,0.153401,3.76271,4.2321,0.154216,3.61008,1,0,8.4195,estimated,0.50,1.80504,5.41512
14,7,14.5000,7.5000,1.0000,29.0000,5,0.627119,0.0288529,3.76271,0.129749,ok,0.154808,,0.154808,3.76271,4.1937,0.156026,3.53739,1,0,8.3219,estimated,0.50,1.76870,5.30609
15,7,15.5000,7.5000,1.0000,31.0000,5,0.627119,0.0288529,3.76271,0.121378,ok,0.156123,,0.156123,3.76271,4.1583,0.157959,3.50092,1,0,8.2200,estimated,0.50,1.75046,5.25138
16,7,16.5000,7.5000,1.0000,33.0000,5,0.627119,0.0288529,3.76271,0.114022,ok,0.157509,,0.157509,3.76271,4.1218,0.160013,3.57122,1,0,8.1146,estimated,0.50,1.78561,5.35682
17,7,17.5000,7.5000,1.0000,35.0000,5,0.627119,0.0288529,3.76271,0.107506,ok,0.160339,,0.160339,3.76271,4.0490,0.162174,3.62825,1,0,8.0064,estimated,0.50,1.81412,5.44237
18,7,18.5000,7.5000,1.0000,37.0000,5,0.627119,0.0288529,3.76271,0.101695,ok,0.163168,,0.163168,3.76271,3.9788,0.164451,3.67269,1,0,7.8956,estimated,0.50,1.83635,5.50904
19,7,19.5000,7.5000,1.0000,39.0000,5,0.627119,0.0288529,3.76271,0.096480,ok,0.165997,,0.165997,3.76271,3.9110,0.166837,3.70626,1,0,7.7826,estimated,0.50,1.85313,5.55939
20,7,20.5000,7.5000,1.0000,41.0000,5,0.627119,0.0288529,3.76271,0.091773,ok,0.168826,,0.168826,3.76271,3.8455,0.169315,3.73128,1,0,7.6687,estimated,0.50,1.86564,5.59692
21,7,21.5000,7.5000,1.0000,43.0000,5,0.627119,0.0288529,3.76271,0.087505,ok,0.171656,,0.171656,3.76271,3.7821,0.171861,3.75003,1,0,7.5551,estimated,0.50,1.87501,5.62504
22,7,22.5000,7.5000,1.0000,45.0000,5,0.627119,0.0288529,3.76271,0.083616,ok,0.174485,,0.174485,3.76271,3.7208,0.174452,3.76467,1,0,7.4429,estimated,0.50,1.88234,5.64701
23,7,23.5000,7.5000,1.0000,47.0000,5,0.627119,0.0288529,3.76271,0.080058,ok,0.177314,,0.177314,3.76271,3.6614,0.177067,3.77675,1,0,7.3330,estimated,0.50,1.88837,5.66512
24,7,24.5000,7.5000,1.0000,49.0000,5,0.627119,0.0288529,3.76271,0.076790,ok,0.180121,,0.180121,3.76271,3.6043,0.179672,3.78847,1,0,7.2267,estimated,0.50,1.89423,5.68270
25,7,25.5000,7.5000,1.0000,51.0000,5,0.627119,0.0288529,3.76271,0.073779,ok,0.182500,,0.182500,3.76271,3.5573,0.182254,3.77804,1,0,7.1243,estimated,0.50,1.88902,5.66706
26,7,26.5000,7.5000,1.0000,53.0000,5,0.627119,0.0288529,3.76271,0.070995,ok,0.184880,,0.184880,3.76271,3.5116,0.184805,3.76718,1,0,7.0259,estimated,0.50,1.88359,5.65076
27,7,27.5000,7.5000,1.0000,55.0000,5,0.627119,0.0288529,3.76271,0.068413,ok,0.187259,,0.187259,3.76271,3.4669,0.187322,3.75912,1,0,6.9315,estimated,0.50,1.87956,5.63867
28,7,28.5000,7.5000,1.0000,57.0000,5,0.627119,0.0288529,3.76271,0.066012,ok,0.189639,,0.189639,3.76271,3.4234,0.189806,3.75346,1,0,6.8408,estimated,0.50,1.87673,5.63020
29,7,29.5000,7.5000,1.0000,59.0000,5,0.627119,0.0288529,3.76271,0.063775,ok,0.192018,,0.192018,3.76271,3.3810,0.192261,3.74972,1,0,6.7535,estimated,0.50,1.87486,5.62458
30,7,30.5000,7.5000,1.0000,61.0000,5,0.627119,0.0288529,3.76271,0.061684,ok,0.194398,,0.194398,3.76271,3.3396,0.194694,3.74738,1,0,6.6691,estimated,0.50,1.87369,5.62107
31,7,31.5000,7.5000,1.0000,63.0000,5,0.627119,0.0288529,3.76271,0.059726,ok,0.196777,,0.196777,3.76271,3.2992,0.197121,3.74554,1,0,6.5870,estimated,0.50,1.87277,5.61831
32,7,32.5000,7.5000,1.0000,65.0000,5,0.627119,0.0288529,3.76271,0.057888,ok,0.199157,,0.199157,3.76271,3.2598,0.199525,3.74488,1,0,6.5076,estimated,0.50,1.87244,5.61732
33,7,33.5000,7.5000,1.0000,67.0000,5,0.627119,0.0288529,3.76271,0.056160,ok,0.201536,,0.201536,3.76271,3.2213,0.201916,3.74484,1,0,6.4305,estimated,0.50,1.87242,5.61726
34,7,34.5000,7.5000,1.0000,69.0000,5,0.627119,0.0288529,3.76271,0.054532,ok,0.203915,,0.203915,3.76271,3.1837,0.204292,3.74553,1,0,6.3558,estimated,0.50,1.87276,5.61829
35,7,35.5000,7.5000,1.0000,71.0000,5,0.627119,0.0288529,3.76271,0.052996,ok,0.206295,,0.206295,3.76271,3.1470,0.206641,3.74736,1,0,6.2835,estimated,0.50,1.87368,5.62104
36,7,36.5000,7.5000,1.0000,73.0000,5,0.627119,0.0288529,3.76271,0.051544,ok,0.208674,,0.208674,3.76271,3.1111,0.208940,3.75124,1,0,6.2144,estimated,0.50,1.87562,5.62685
37,7,37.5000,7.5000,1.0000,75.0000,5,0.627119,0.0288529,3.76271,0.050169,ok,0.211054,,0.211054,3.76271,3.0761,0.211148,3.75874,1,0,6.1494,estimated,0.50,1.87937,5.63811
38,7,38.5000,7.5000,1.0000,77.0000,5,0.627119,0.0288529,3.76271,0.048866,ok,0.213433,,0.213433,3.76271,3.0418,0.213199,3.77236,1,0,6.0902,estimated,0.50,1.88618,5.65854
39,7,39.5000,7.5000,1.0000,79.0000,5,0.627119,0.0288529,3.76271,0.047629,ok,0.215813,,0.215813,3.76271,3.0082,0.214998,3.79562,1,0,6.0393,estimated,0.50,1.89781,5.69343
40,7,40.5000,7.5000,1.0000,81.0000,5,0.627119,0.0288529,3.76271,0.046453,ok,0.218192,,0.218192,3.76271,2.9754,0.216452,3.83191,1,0,5.9987,estimated,0.50,1.91596,5.74787
41,7,41.5000,7.5000,1.0000,83.0000,5,0.627119,0.0288529,3.76271,0.045334,ok,0.220572,,0.220572,3.76271,2.9433,0.217382,3.88831,1,0,5.9730,estimated,0.50,1.94416,5.83247
42,7,42.5000,7.5000,1.0000,84.7056,2,0.627119,0.0288529,3.76271,0.044421,ok,0.222601,,0.222601,3.76271,2.9165,0.217704,3.95490,1,0,5.9642,estimated,0.50,1.97745,5.93234
43,7,43.5000,7.5000,1.0000,82.7056,2,0.627119,0.0288529,3.76271,0.045495,ok,0.220222,,0.220222,3.76271,2.9480,0.217282,3.87857,1,0,5.9758,estimated,0.50,1.93928,5.81785
44,7,44.5000,7.5000,1.0000,80.7056,2,0.627119,0.0288529,3.76271,0.046623,ok,0.217842,,0.217842,3.76271,2.9802,0.216273,3.82524,1,0,6.0037,estimated,0.50,1.91262,5.73786
45,7,45.5000,7.5000,1.0000,78.7056,2,0.627119,0.0288529,3.76271,0.047807,ok,0.215463,,0.215463,3.76271,3.0131,0.214756,3.79132,1,0,6.0461,estimated,0.50,1.89566,5.68698
46,7,46.5000,7.5000,1.0000,76.7056,2,0.627119,0.0288529,3.76271,0.049054,ok,0.213083,,0.213083,3.76271,3.0468,0.212913,3.76975,1,0,6.0984,estimated,0.50,1.88488,5.65463
47,7,47.5000,7.5000,1.0000,74.7056,2,0.627119,0.0288529,3.76271,0.050367,ok,0.210704,,0.210704,3.76271,3.0812,0.210833,3.75725,1,0,6.1586,estimated,0.50,1.87862,5.63587
48,7,48.5000,7.5000,1.0000,72.7056,2,0.627119,0.0288529,3.76271,0.051753,ok,0.208324,,0.208324,3.76271,3.1164,0.208607,3.75044,1,0,6.2243,estimated,0.50,1.87522,5.62566
49,7,49.5000,7.5000,1.0000,70.7056,2,0.627119,0.0288529,3.76271,0.053217,ok,0.205945,,0.205945,3.76271,3.1524,0.206298,3.74696,1,0,6.2939,estimated,0.50,1.87348,5.62044
50,7,50.5000,7.5000,1.0000,68.7056,2,0.627119,0.0288529,3.76271,0.054766,ok,0.203565,,0.203565,3.76271,3.1892,0.203944,3.74535,1,0,6.3666,estimated,0.50,1.87268,5.61803
51,7,51.5000,7.5000,1.0000,66.7056,2,0.627119,0.0288529,3.76271,0.056408,ok,0.201186,,0.201186,3.76271,3.2269,0.201565,3.74480,1,0,6.4417,estimated,0.50,1.87240,5.61720
52,7,52.5000,7.5000,1.0000,64.7056,2,0.627119,0.0288529,3.76271,0.058151,ok,0.198806,,0.198806,3.76271,3.2656,0.199172,3.74493,1,0,6.5191,estimated,0.50,1.87247,5.61740
53,7,53.5000,7.5000,1.0000,62.7056,2,0.627119,0.0288529,3.76271,0.060006,ok,0.196427,,0.196427,3.76271,3.3051,0.196766,3.74569,1,0,6.5989,estimated,0.50,1.87284,5.61853
54,7,54.5000,7.5000,1.0000,60.7056,2,0.627119,0.0288529,3.76271,0.061983,ok,0.194047,,0.194047,3.76271,3.3457,0.194337,3.74766,1,0,6.6813,estimated,0.50,1.87383,5.62149
55,7,55.5000,7.5000,1.0000,58.7056,2,0.627119,0.0288529,3.76271,0.064095,ok,0.191668,,0.191668,3.76271,3.3872,0.191901,3.75017,1,0,6.7661,estimated,0.50,1.87509,5.62526
56,7,56.5000,7.5000,1.0000,56.7056,2,0.627119,0.0288529,3.76271,0.066355,ok,0.189288,,0.189288,3.76271,3.4298,0.189442,3.75417,1,0,6.8540,estimated,0.50,1.87708,5.63125
57,7,57.5000,7.5000,1.0000,54.7056,2,0.627119,0.0288529,3.76271,0.068781,ok,0.186909,,0.186909,3.76271,3.4734,0.186953,3.76015,1,0,6.9452,estimated,0.50,1.88007,5.64022
58,7,58.5000,7.5000,1.0000,52.7056,2,0.627119,0.0288529,3.76271,0.071391,ok,0.184529,,0.184529,3.76271,3.5182,0.184431,3.76860,1,0,7.0402,estimated,0.50,1.88430,5.65290
59,7,59.5000,7.5000,1.0000,50.7056,2,0.627119,0.0288529,3.76271,0.074207,ok,0.182150,,0.182150,3.76271,3.5642,0.181876,3.77990,1,0,7.1391,estimated,0.50,1.88995,5.66986
60,7,60.5000,7.5000,1.0000,48.7056,2,0.627119,0.0288529,3.76271,0.077254,ok,0.179727,,0.179727,3.76271,3.6122,0.179290,3.78675,1,0,7.2421,estimated,0.50,1.89337,5.68012
61,7,61.5000,7.5000,1.0000,46.7056,2,0.627119,0.0288529,3.76271,0.080562,ok,0.176898,,0.176898,3.76271,3.6700,0.176676,3.77537,1,0,7.3492,estimated,0.50,1.88768,5.66305
62,7,62.5000,7.5000,1.0000,44.7056,2,0.627119,0.0288529,3.76271,0.084166,ok,0.174069,,0.174069,3.76271,3.7297,0.174068,3.76272,1,0,7.4593,estimated,0.50,1.88136,5.64408
63,7,63.5000,7.5000,1.0000,42.7056,2,0.627119,0.0288529,3.76271,0.088108,ok,0.171239,,0.171239,3.76271,3.7913,0.171483,3.74761,1,0,7.5718,estimated,0.50,1.87380,5.62141
64,7,64.5000,7.5000,1.0000,40.7056,2,0.627119,0.0288529,3.76271,0.092437,ok,0.168410,,0.168410,3.76271,3.8550,0.168945,3.72809,1,0,7.6855,estimated,0.50,1.86405,5.59214
65,7,65.5000,7.5000,1.0000,38.7056,2,0.627119,0.0288529,3.76271,0.097214,ok,0.165581,,0.165581,3.76271,3.9208,0.166479,3.70198,1,0,7.7994,estimated,0.50,1.85099,5.55297
66,7,66.5000,7.5000,1.0000,36.7056,2,0.627119,0.0288529,3.76271,0.102510,ok,0.162751,,0.162751,3.76271,3.9890,0.164107,3.66701,1,0,7.9121,estimated,0.50,1.83351,5.50052
67,7,67.5000,7.5000,1.0000,34.7056,2,0.627119,0.0288529,3.76271,0.108418,ok,0.159922,,0.159922,3.76271,4.0596,0.161846,3.62086,1,0,8.0227,estimated,0.50,1.81043,5.43129
68,7,68.5000,7.5000,1.0000,32.7056,2,0.627119,0.0288529,3.76271,0.115048,ok,0.157178,,0.157178,3.76271,4.1304,0.159700,3.56196,1,0,8.1304,estimated,0.50,1.78098,5.34294
69,7,69.5000,7.5000,1.0000,30.7056,2,0.627119,0.0288529,3.76271,0.122541,ok,0.155935,,0.155935,3.76271,4.1634,0.157663,3.48965,1,0,8.2355,estimated,0.50,1.74482,5.23447
70,7,70.5000,7.5000,1.0000,28.7056,2,0.627119,0.0288529,3.76271,0.131079,ok,0.154607,,0.154607,3.76271,4.1991,0.155746,3.55153,1,0,8.3368,estimated,0.50,1.77576,5.32729
71,7,71.5000,7.5000,1.0000,26.7056,2,0.627119,0.0288529,3.76271,0.140896,ok,0.153186,,0.153186,3.76271,4.2381,0.153954,3.61861,1,0,8.4339,estimated,0.50,1.80931,5.42792
72,7,72.5000,7.5000,1.0000,24.7056,2,0.627119,0.0288529,3.76271,0.152302,ok,0.151661,,0.151661,3.76271,4.2807,0.152299,3.64188,1,0,8.5255,estimated,0.50,1.82094,5.46283
73,7,73.5000,7.5000,1.0000,22.7056,2,0.627119,0.0288529,3.76271,0.165717,ok,0.150020,,0.150020,3.76271,4.3275,0.150786,3.61696,1,0,8.6111,estimated,0.50,1.80848,5.42544
74,7,74.5000,7.5000,1.0000,20.7056,2,0.627119,0.0288529,3.76271,0.181724,ok,0.148250,,0.148250,3.76271,4.3792,0.149440,3.53594,1,0,8.6886,estimated,0.50,1.76797,5.30391
75,7,75.5000,7.5000,1.0000,18.7056,2,0.627119,0.0288529,3.76271,0.201154,ok,0.146335,,0.146335,3.76271,4.4365,0.148244,3.40030,1,0,8.7587,estimated,0.50,1.70015,5.10045
76,7,76.5000,7.5000,1.0000,16.7056,2,0.627119,0.0288529,3.76271,0.225236,ok,0.144256,,0.144256,3.76271,4.5004,0.147217,3.20589,1,0,8.8198,estimated,0.50,1.60295,4.80884
77,7,77.5000,7.5000,1.0000,14.7056,2,0.627119,0.0288529,3.76271,0.255869,too_firm,,3.55265,0.143000,3.55265,4.5400,0.146333,2.95843,1,0,8.8731,estimated,0.50,1.47922,4.43765
78,7,78.5000,7.5000,1.0000,12.7056,2,0.610169,0.0288529,3.66102,0.288141,beyond_data,,3.06948,0.143000,3.06948,4.5400,0.145569,2.66351,1,0,8.9197,estimated,0.50,1.33175,3.99526
79,7,79.5000,7.5000,1.0000,10.7056,2,0.593220,0.0288529,3.55932,0.332472,beyond_data,,2.58631,0.143000,2.58631,4.5400,0.144946,2.32156,1,0,8.9580,estimated,0.50,1.16078,3.48234
80,7,80.5000,7.5000,1.0000,8.7056,2,0.576271,0.0288529,3.45763,0.397171,beyond_data,,2.10315,0.143000,2.10315,4.5400,0.144451,1.93987,1,0,8.9888,estimated,0.50,0.96994,2.90981
81,7,81.5000,7.5000,1.0000,6.7056,2,0.559322,0.0288529,3.35593,0.500465,beyond_data,,1.61998,0.143000,1.61998,4.5400,0.144065,1.52639,1,0,9.0128,estimated,0.50,0.76320,2.28959
82,7,82.5000,7.5000,1.0000,4.7056,2,0.542373,0.0288529,3.25424,0.691563,beyond_data,,1.13681,0.143000,1.13681,4.5400,0.143770,1.08879,1,1,9.0313,estimated,0.50,0.54440,1.63319
83,7,83.5000,7.5000,1.0000,2.7056,2,0.525424,0.0288529,3.15254,1.165180,beyond_data,,0.65364,0.143000,0.65364,4.5400,0.143549,0.63378,1,1,9.0452,estimated,0.50,0.31689,0.95068
84,7,84.5000,7.5000,1.0000,0.7056,2,0.508475,0.0288529,3.05085,4.323595,beyond_data,,0.17047,0.143000,0.17047,4.5400,0.143386,0.16681,1,1,9.0555,estimated,0.50,0.08340,0.25021
0,8,0.5000,8.5000,1.0000,1.0000,5,0.508475,0.0288529,3.05085,3.050847,beyond_data,,0.24158,0.143000,0.24158,4.5400,0.143389,0.23635,1,1,9.0553,estimated,0.50,0.11818,0.35453
1,8,1.5000,8.5000,1.0000,3.0000,5,0.525424,0.0288529,3.15254,1.050847,beyond_data,,0.72475,0.143000,0.72475,4.5400,0.143552,0.70263,1,1,9.0450,estimated,0.50,0.35131,1.05394
2,8,2.5000,8.5000,1.0000,5.0000,5,0.542373,0.0288529,3.25424,0.650847,beyond_data,,1.20792,0.143000,1.20792,4.5400,0.143772,1.15678,1,1,9.0312,estimated,0.50,0.57839,1.73517
3,8,3.5000,8.5000,1.0000,7.0000,5,0.559322,0.0288529,3.35593,0.479419,beyond_data,,1.69109,0.143000,1.69109,4.5400,0.144065,1.59341,1,0,9.0128,estimated,0.50,0.79670,2.39011
4,8,4.5000,8.5000,1.0000,9.0000,5,0.576271,0.0288529,3.45763,0.384181,beyond_data,,2.17426,0.143000,2.17426,4.5400,0.144447,2.00589,1,0,8.9890,estimated,0.50,1.00294,3.00883
5,8,5.5000,8.5000,1.0000,11.0000,5,0.593220,0.0288529,3.55932,0.323575,beyond_data,,2.65743,0.143000,2.65743,4.5400,0.144936,2.38670,1,0,8.9586,estimated,0.50,1.19335,3.58004
6,8,6.5000,8.5000,1.0000,13.0000,5,0.610169,0.0288529,3.66102,0.281617,too_firm,,3.14060,0.143000,3.14060,4.5400,0.145549,2.72810,1,0,8.9209,estimated,0.50,1.36405,4.09214
7,8,7.5000,8.5000,1.0000,15.0000,5,0.627119,0.0288529,3.76271,0.250847,too_firm,,3.62377,0.143000,3.62377,4.5400,0.146299,3.02305,1,0,8.8752,estimated,0.50,1.51152,4.53457
8,8,8.5000,8.5000,1.0000,17.0000,5,0.644068,0.0288529,3.86441,0.227318,ok,0.144089,,0.144089,3.86441,4.5056,0.147168,3.27086,1,0,8.8228,estimated,0.50,1.63543,4.90629
9,8,9.5000,8.5000,1.0000,19.0000,5,0.644068,0.0288529,3.86441,0.203390,ok,0.146129,,0.146129,3.86441,4.4428,0.148169,3.46748,1,0,8.7632,estimated,0.50,1.73374,5.20122
10,8,10.5000,8.5000,1.0000,21.0000,5,0.644068,0.0288529,3.86441,0.184019,ok,0.148011,,0.148011,3.86441,4.3863,0.149330,3.60673,1,0,8.6950,estimated,0.50,1.80336,5.41009
11,8,11.5000,8.5000,1.0000,23.0000,5,0.644068,0.0288529,3.86441,0.168018,ok,0.149754,,0.149754,3.86441,4.3352,0.150646,3.69021,1,0,8.6191,estimated,0.50,1.84511,5.53532
12,8,12.5000,8.5000,1.0000,25.0000,5,0.644068,0.0288529,3.86441,0.154576,ok,0.151371,,0.151371,3.86441,4.2889,0.152093,3.72418,1,0,8.5371,estimated,0.50,1.86209,5.58627
13,8,13.5000,8.5000,1.0000,27.0000,5,0.644068,0.0288529,3.86441,0.143126,ok,0.152877,,0.152877,3.86441,4.2466,0.153687,3.70840,1,0,8.4485,estimated,0.50,1.85420,5.56260
14,8,14.5000,8.5000,1.0000,29.0000,5,0.644068,0.0288529,3.86441,0.133255,ok,0.154283,,0.154283,3.86441,4.2080,0.155410,3.64955,1,0,8.3548,estimated,0.50,1.82477,5.47432
15,8,15.5000,8.5000,1.0000,31.0000,5,0.644068,0.0288529,3.86441,0.124658,ok,0.155597,,0.155597,3.86441,4.1724,0.157251,3.55432,1,0,8.2570,estimated,0.50,1.77716,5.33148
16,8,16.5000,8.5000,1.0000,33.0000,5,0.644068,0.0288529,3.86441,0.117103,ok,0.156830,,0.156830,3.86441,4.1396,0.159208,3.63057,1,0,8.1555,estimated,0.50,1.81529,5.44586
17,8,17.5000,8.5000,1.0000,35.0000,5,0.644068,0.0288529,3.86441,0.110412,ok,0.159036,,0.159036,3.86441,4.0822,0.161270,3.69327,1,0,8.0513,estimated,0.50,1.84663,5.53990
18,8,18.5000,8.5000,1.0000,37.0000,5,0.644068,0.0288529,3.86441,0.104443,ok,0.161790,,0.161790,3.86441,4.0127,0.163439,3.74331,1,0,7.9444,estimated,0.50,1.87166,5.61497
19,8,19.5000,8.5000,1.0000,39.0000,5,0.644068,0.0288529,3.86441,0.099087,ok,0.164545,,0.164545,3.86441,3.9455,0.165718,3.78186,1,0,7.8352,estimated,0.50,1.89093,5.67278
20,8,20.5000,8.5000,1.0000,41.0000,5,0.644068,0.0288529,3.86441,0.094254,ok,0.167300,,0.167300,3.86441,3.8805,0.168094,3.81085,1,0,7.7244,estimated,0.50,1.90543,5.71628
21,8,21.5000,8.5000,1.0000,43.0000,5,0.644068,0.0288529,3.86441,0.089870,ok,0.170055,,0.170055,3.86441,3.8177,0.170547,3.83259,1,0,7.6133,estimated,0.50,1.91629,5.74888
22,8,22.5000,8.5000,1.0000,45.0000,5,0.644068,0.0288529,3.86441,0.085876,ok,0.172810,,0.172810,3.86441,3.7568,0.173054,3.84925,1,0,7.5030,estimated,0.50,1.92463,5.77388
23,8,23.5000,8.5000,1.0000,47.0000,5,0.644068,0.0288529,3.86441,0.082221,ok,0.175565,,0.175565,3.86441,3.6979,0.175590,3.86286,1,0,7.3947,estimated,0.50,1.93143,5.79429
24,8,24.5000,8.5000,1.0000,49.0000,5,0.644068,0.0288529,3.86441,0.078865,ok,0.178319,,0.178319,3.86441,3.6407,0.178140,3.87473,1,0,7.2888,estimated,0.50,1.93736,5.81209
25,8,25.5000,8.5000,1.0000,51.0000,5,0.644068,0.0288529,3.86441,0.075773,ok,0.180903,,0.180903,3.86441,3.5887,0.180669,3.87981,1,0,7.1868,estimated,0.50,1.93991,5.81972
26,8,26.5000,8.5000,1.0000,53.0000,5,0.644068,0.0288529,3.86441,0.072913,ok,0.183220,,0.183220,3.86441,3.5434,0.183171,3.86750,1,0,7.0886,estimated,0.50,1.93375,5.80125
27,8,27.5000,8.5000,1.0000,55.0000,5,0.644068,0.0288529,3.86441,0.070262,ok,0.185537,,0.185537,3.86441,3.4991,0.185641,3.85814,1,0,6.9943,estimated,0.50,1.92907,5.78721
28,8,28.5000,8.5000,1.0000,57.0000,5,0.644068,0.0288529,3.86441,0.067797,ok,0.187854,,0.187854,3.86441,3.4560,0.188076,3.85143,1,0,6.9037,estimated,0.50,1.92572,5.77715
29,8,29.5000,8.5000,1.0000,59.0000,5,0.644068,0.0288529,3.86441,0.065498,ok,0.190171,,0.190171,3.86441,3.4139,0.190481,3.84694,1,0,6.8166,estimated,0.50,1.92347,5.77040
30,8,30.5000,8.5000,1.0000,61.0000,5,0.644068,0.0288529,3.86441,0.063351,ok,0.192488,,0.192488,3.86441,3.3728,0.192860,3.84414,1,0,6.7325,estimated,0.50,1.92207,5.76620
31,8,31.5000,8.5000,1.0000,63.0000,5,0.644068,0.0288529,3.86441,0.061340,ok,0.194805,,0.194805,3.86441,3.3326,0.195230,3.84202,1,0,6.6508,estimated,0.50,1.92101,5.76304
32,8,32.5000,8.5000,1.0000,65.0000,5,0.644068,0.0288529,3.86441,0.059452,ok,0.197121,,0.197121,3.86441,3.2935,0.197573,3.84135,1,0,6.5719,estimated,0.50,1.92067,5.76202
33,8,33.5000,8.5000,1.0000,67.0000,5,0.644068,0.0288529,3.86441,0.057678,ok,0.199438,,0.199438,3.86441,3.2552,0.199902,3.84144,1,0,6.4953,estimated,0.50,1.92072,5.76217
34,8,34.5000,8.5000,1.0000,69.0000,5,0.644068,0.0288529,3.86441,0.056006,ok,0.201755,,0.201755,3.86441,3.2178,0.202213,3.84238,1,0,6.4211,estimated,0.50,1.92119,5.76356
35,8,35.5000,8.5000,1.0000,71.0000,5,0.644068,0.0288529,3.86441,0.054428,ok,0.204072,,0.204072,3.86441,3.1813,0.204497,3.84455,1,0,6.3494,estimated,0.50,1.92228,5.76683
36,8,36.5000,8.5000,1.0000,73.0000,5,0.644068,0.0288529,3.86441,0.052937,ok,0.206389,,0.206389,3.86441,3.1456,0.206730,3.84889,1,0,6.2808,estimated,0.50,1.92444,5.77333
37,8,37.5000,8.5000,1.0000,75.0000,5,0.644068,0.0288529,3.86441,0.051525,ok,0.208706,,0.208706,3.86441,3.1107,0.208872,3.85702,1,0,6.2164,estimated,0.50,1.92851,5.78553
38,8,38.5000,8.5000,1.0000,77.0000,5,0.644068,0.0288529,3.86441,0.050187,ok,0.211023,,0.211023,3.86441,3.0765,0.210859,3.87152,1,0,6.1578,estimated,0.50,1.93576,5.80728
39,8,39.5000,8.5000,1.0000,79.0000,5,0.644068,0.0288529,3.86441,0.048917,ok,0.213339,,0.213339,3.86441,3.0431,0.212598,3.89597,1,0,6.1074,estimated,0.50,1.94798,5.84395
40,8,40.5000,8.5000,1.0000,81.0000,5,0.644068,0.0288529,3.86441,0.047709,ok,0.215656,,0.215656,3.86441,3.0104,0.213976,3.93488,1,0,6.0681,estimated,0.50,1.96744,5.90232
41,8,41.5000,8.5000,1.0000,83.0000,5,0.644068,0.0288529,3.86441,0.046559,ok,0.217973,,0.217973,3.86441,2.9784,0.214898,3.99208,1,0,6.0421,estimated,0.50,1.99604,5.98812
42,8,42.5000,8.5000,1.0000,84.7056,2,0.644068,0.0288529,3.86441,0.045622,ok,0.219949,,0.219949,3.86441,2.9517,0.215205,4.06074,1,0,6.0335,estimated,0.50,2.03037,6.09111
43,8,43.5000,8.5000,1.0000,82.7056,2,0.644068,0.0288529,3.86441,0.046725,ok,0.217632,,0.217632,3.86441,2.9831,0.214802,3.98202,1,0,6.0448,estimated,0.50,1.99101,5.97303
44,8,44.5000,8.5000,1.0000,80.7056,2,0.644068,0.0288529,3.86441,0.047883,ok,0.215315,,0.215315,3.86441,3.0152,0.213803,3.92796,1,0,6.0730,estimated,0.50,1.96398,5.89194
45,8,45.5000,8.5000,1.0000,78.7056,2,0.644068,0.0288529,3.86441,0.049099,ok,0.212998,,0.212998,3.86441,3.0480,0.212364,3.89148,1,0,6.1142,estimated,0.50,1.94574,5.83721
46,8,46.5000,8.5000,1.0000,76.7056,2,0.644068,0.0288529,3.86441,0.050380,ok,0.210682,,0.210682,3.86441,3.0815,0.210582,3.86876,1,0,6.1659,estimated,0.50,1.93438,5.80314
47,8,47.5000,8.5000,1.0000,74.7056,2,0.644068,0.0288529,3.86441,0.051728,ok,0.208365,,0.208365,3.86441,3.1158,0.208566,3.85543,1,0,6.2255,estimated,0.50,1.92771,5.78314
48,8,48.5000,8.5000,1.0000,72.7056,2,0.644068,0.0288529,3.86441,0.053151,ok,0.206048,,0.206048,3.86441,3.1508,0.206407,3.84801,1,0,6.2906,estimated,0.50,1.92401,5.77202
49,8,49.5000,8.5000,1.0000,70.7056,2,0.644068,0.0288529,3.86441,0.054655,ok,0.203731,,0.203731,3.86441,3.1866,0.204164,3.84409,1,0,6.3597,estimated,0.50,1.92205,5.76614
50,8,50.5000,8.5000,1.0000,68.7056,2,0.644068,0.0288529,3.86441,0.056246,ok,0.201414,,0.201414,3.86441,3.2233,0.201875,3.84216,1,0,6.4318,estimated,0.50,1.92108,5.76324
51,8,51.5000,8.5000,1.0000,66.7056,2,0.644068,0.0288529,3.86441,0.057932,ok,0.199097,,0.199097,3.86441,3.2608,0.199561,3.84137,1,0,6.5064,estimated,0.50,1.92069,5.76206
52,8,52.5000,8.5000,1.0000,64.7056,2,0.644068,0.0288529,3.86441,0.059723,ok,0.196780,,0.196780,3.86441,3.2992,0.197230,3.84139,1,0,6.5833,estimated,0.50,1.92070,5.76209
53,8,53.5000,8.5000,1.0000,62.7056,2,0.644068,0.0288529,3.86441,0.061628,ok,0.194464,,0.194464,3.86441,3.3385,0.194873,3.84273,1,0,6.6629,estimated,0.50,1.92136,5.76409
54,8,54.5000,8.5000,1.0000,60.7056,2,0.644068,0.0288529,3.86441,0.063658,ok,0.192147,,0.192147,3.86441,3.3787,0.192512,3.84446,1,0,6.7447,estimated,0.50,1.92223,5.76669
55,8,55.5000,8.5000,1.0000,58.7056,2,0.644068,0.0288529,3.86441,0.065827,ok,0.189830,,0.189830,3.86441,3.4200,0.190129,3.84748,1,0,6.8292,estimated,0.50,1.92374,5.77122
56,8,56.5000,8.5000,1.0000,56.7056,2,0.644068,0.0288529,3.86441,0.068149,ok,0.187513,,0.187513,3.86441,3.4622,0.187720,3.85227,1,0,6.9168,estimated,0.50,1.92614,5.77841
57,8,57.5000,8.5000,1.0000,54.7056,2,0.644068,0.0288529,3.86441,0.070640,ok,0.185196,,0.185196,3.86441,3.5056,0.185279,3.85935,1,0,7.0080,estimated,0.50,1.92967,5.78902
58,8,58.5000,8.5000,1.0000,52.7056,2,0.644068,0.0288529,3.86441,0.073321,ok,0.182879,,0.182879,3.86441,3.5500,0.182805,3.86913,1,0,7.1028,estimated,0.50,1.93457,5.80370
59,8,59.5000,8.5000,1.0000,50.7056,2,0.644068,0.0288529,3.86441,0.076213,ok,0.180562,,0.180562,3.86441,3.5955,0.180298,3.88188,1,0,7.2016,estimated,0.50,1.94094,5.82282
60,8,60.5000,8.5000,1.0000,48.7056,2,0.644068,0.0288529,3.86441,0.079342,ok,0.177914,,0.177914,3.86441,3.6490,0.177766,3.87297,1,0,7.3042,estimated,0.50,1.93649,5.80946
61,8,61.5000,8.5000,1.0000,46.7056,2,0.644068,0.0288529,3.86441,0.082740,ok,0.175159,,0.175159,3.86441,3.7064,0.175216,3.86100,1,0,7.4105,estimated,0.50,1.93050,5.79150
62,8,62.5000,8.5000,1.0000,44.7056,2,0.644068,0.0288529,3.86441,0.086441,ok,0.172404,,0.172404,3.86441,3.7657,0.172682,3.84706,1,0,7.5192,estimated,0.50,1.92353,5.77059
63,8,63.5000,8.5000,1.0000,42.7056,2,0.644068,0.0288529,3.86441,0.090489,ok,0.169649,,0.169649,3.86441,3.8268,0.170181,3.82980,1,0,7.6297,estimated,0.50,1.91490,5.74470
64,8,64.5000,8.5000,1.0000,40.7056,2,0.644068,0.0288529,3.86441,0.094935,ok,0.166895,,0.166895,3.86441,3.8900,0.167738,3.80717,1,0,7.7408,estimated,0.50,1.90358,5.71075
65,8,65.5000,8.5000,1.0000,38.7056,2,0.644068,0.0288529,3.86441,0.099841,ok,0.164140,,0.164140,3.86441,3.9553,0.165374,3.77696,1,0,7.8515,estimated,0.50,1.88848,5.66543
66,8,66.5000,8.5000,1.0000,36.7056,2,0.644068,0.0288529,3.86441,0.105281,ok,0.161385,,0.161385,3.86441,4.0228,0.163110,3.73689,1,0,7.9604,estimated,0.50,1.86845,5.60534
67,8,67.5000,8.5000,1.0000,34.7056,2,0.644068,0.0288529,3.86441,0.111348,ok,0.158630,,0.158630,3.86441,4.0926,0.160956,3.68510,1,0,8.0670,estimated,0.50,1.84255,5.52765
68,8,68.5000,8.5000,1.0000,32.7056,2,0.644068,0.0288529,3.86441,0.118157,ok,0.156653,,0.156653,3.86441,4.1443,0.158908,3.62066,1,0,8.1710,estimated,0.50,1.81033,5.43099
69,8,69.5000,8.5000,1.0000,30.7056,2,0.644068,0.0288529,3.86441,0.125853,ok,0.155409,,0.155409,3.86441,4.1775,0.156967,3.57084,1,0,8.2720,estimated,0.50,1.78542,5.35626
70,8,70.5000,8.5000,1.0000,28.7056,2,0.644068,0.0288529,3.86441,0.134622,ok,0.154082,,0.154082,3.86441,4.2134,0.155142,3.66209,1,0,8.3693,estimated,0.50,1.83104,5.49313
71,8,71.5000,8.5000,1.0000,26.7056,2,0.644068,0.0288529,3.86441,0.144704,ok,0.152662,,0.152662,3.86441,4.2526,0.153435,3.71538,1,0,8.4624,estimated,0.50,1.85769,5.57307
72,8,72.5000,8.5000,1.0000,24.7056,2,0.644068,0.0288529,3.86441,0.156418,ok,0.151141,,0.151141,3.86441,4.2954,0.151858,3.72491,1,0,8.5503,estimated,0.50,1.86245,5.58736
73,8,73.5000,8.5000,1.0000,22.7056,2,0.644068,0.0288529,3.86441,0.170196,ok,0.149505,,0.149505,3.86441,4.3424,0.150430,3.68391,1,0,8.6315,estimated,0.50,1.84196,5.52587
74,8,74.5000,8.5000,1.0000,20.7056,2,0.644068,0.0288529,3.86441,0.186636,ok,0.147743,,0.147743,3.86441,4.3942,0.149134,3.59274,1,0,8.7065,estimated,0.50,1.79637,5.38911
75,8,75.5000,8.5000,1.0000,18.7056,2,0.644068,0.0288529,3.86441,0.206591,ok,0.145839,,0.145839,3.86441,4.4516,0.147994,3.44533,1,0,8.7735,estimated,0.50,1.72267,5.16800
76,8,76.5000,8.5000,1.0000,16.7056,2,0.644068,0.0288529,3.86441,0.231324,ok,0.143775,,0.143775,3.86441,4.5155,0.147015,3.24044,1,0,8.8319,estimated,0.50,1.62022,4.86066
77,8,77.5000,8.5000,1.0000,14.7056,2,0.627119,0.0288529,3.76271,0.255869,too_firm,,3.55265,0.143000,3.55265,4.5400,0.146160,2.98602,1,0,8.8836,estimated,0.50,1.49301,4.47903
78,8,78.5000,8.5000,1.0000,12.7056,2,0.610169,0.0288529,3.66102,0.288141,beyond_data,,3.06948,0.143000,3.06948,4.5400,0.145430,2.68356,1,0,8.9282,estimated,0.50,1.34178,4.02535
79,8,79.5000,8.5000,1.0000,10.7056,2,0.593220,0.0288529,3.55932,0.332472,beyond_data,,2.58631,0.143000,2.58631,4.5400,0.144837,2.33546,1,0,8.9648,estimated,0.50,1.16773,3.50319
80,8,80.5000,8.5000,1.0000,8.7056,2,0.576271,0.0288529,3.45763,0.397171,beyond_data,,2.10315,0.143000,2.10315,4.5400,0.144366,1.94898,1,0,8.9940,estimated,0.50,0.97449,2.92346
81,8,81.5000,8.5000,1.0000,6.7056,2,0.559322,0.0288529,3.35593,0.500465,beyond_data,,1.61998,0.143000,1.61998,4.5400,0.143999,1.53193,1,0,9.0169,estimated,0.50,0.76596,2.29789
82,8,82.5000,8.5000,1.0000,4.7056,2,0.542373,0.0288529,3.25424,0.691563,beyond_data,,1.13681,0.143000,1.13681,4.5400,0.143721,1.09180,1,1,9.0344,estimated,0.50,0.54590,1.63770
83,8,83.5000,8.5000,1.0000,2.7056,2,0.525424,0.0288529,3.15254,1.165180,beyond_data,,0.65364,0.143000,0.65364,4.5400,0.143512,0.63510,1,1,9.0475,estimated,0.50,0.31755,0.95265
84,8,84.5000,8.5000,1.0000,0.7056,2,0.508475,0.0288529,3.05085,4.323595,beyond_data,,0.17047,0.143000,0.17047,4.5400,0.143359,0.16706,1,1,9.0572,estimated,0.50,0.08353,0.25060
0,9,0.5000,9.5000,1.0000,1.0000,5,0.508475,0.0288529,3.05085,3.050847,beyond_data,,0.24158,0.143000,0.24158,4.5400,0.143363,0.23670,1,1,9.0569,estimated,0.50,0.11835,0.35505
1,9,1.5000,9.5000,1.0000,3.0000,5,0.525424,0.0288529,3.15254,1.050847,beyond_data,,0.72475,0.143000,0.72475,4.5400,0.143517,0.70402,1,1,9.0472,estimated,0.50,0.35201,1.05603
2,9,2.5000,9.5000,1.0000,5.0000,5,0.542373,0.0288529,3.25424,0.650847,beyond_data,,1.20792,0.143000,1.20792,4.5400,0.143725,1.15983,1,1,9.0341,estimated,0.50,0.57992,1.73975
3,9,3.5000,9.5000,1.0000,7.0000,5,0.559322,0.0288529,3.35593,0.479419,beyond_data,,1.69109,0.143000,1.69109,4.5400,0.144002,1.59893,1,0,9.0167,estimated,0.50,0.79946,2.39839
4,9,4.5000,9.5000,1.0000,9.0000,5,0.576271,0.0288529,3.45763,0.384181,beyond_data,,2.17426,0.143000,2.17426,4.5400,0.144365,2.01490,1,0,8.9941,estimated,0.50,1.00745,3.02234
5,9,5.5000,9.5000,1.0000,11.0000,5,0.593220,0.0288529,3.55932,0.323575,beyond_data,,2.65743,0.143000,2.65743,4.5400,0.144831,2.40040,1,0,8.9651,estimated,0.50,1.20020,3.60060
6,9,6.5000,9.5000,1.0000,13.0000,5,0.610169,0.0288529,3.66102,0.281617,too_firm,,3.14060,0.143000,3.14060,4.5400,0.145416,2.74785,1,0,8.9291,estimated,0.50,1.37392,4.12177
7,9,7.5000,9.5000,1.0000,15.0000,5,0.627119,0.0288529,3.76271,0.250847,too_firm,,3.62377,0.143000,3.62377,4.5400,0.146132,3.05026,1,0,8.8853,estimated,0.50,1.52513,4.57538
8,9,8.5000,9.5000,1.0000,17.0000,5,0.644068,0.0288529,3.86441,0.227318,ok,0.144089,,0.144089,3.86441,4.5056,0.146962,3.30698,1,0,8.8352,estimated,0.50,1.65349,4.96047
9,9,9.5000,9.5000,1.0000,19.0000,5,0.661017,0.0288529,3.96610,0.208742,ok,0.145647,,0.145647,3.96610,4.4574,0.147926,3.51197,1,0,8.7775,estimated,0.50,1.75599,5.26796
10,9,10.5000,9.5000,1.0000,21.0000,5,0.661017,0.0288529,3.96610,0.188862,ok,0.147519,,0.147519,3.96610,4.4009,0.149033,3.66302,1,0,8.7124,estimated,0.50,1.83151,5.49453
11,9,11.5000,9.5000,1.0000,23.0000,5,0.661017,0.0288529,3.96610,0.172439,ok,0.149253,,0.149253,3.96610,4.3498,0.150286,3.75943,1,0,8.6397,estimated,0.50,1.87971,5.63914
12,9,12.5000,9.5000,1.0000,25.0000,5,0.661017,0.0288529,3.96610,0.158644,ok,0.150866,,0.150866,3.96610,4.3033,0.151662,3.80723,1,0,8.5613,estimated,0.50,1.90362,5.71085
13,9,13.5000,9.5000,1.0000,27.0000,5,0.661017,0.0288529,3.96610,0.146893,ok,0.152368,,0.152368,3.96610,4.2608,0.153178,3.80577,1,0,8.4766,estimated,0.50,1.90288,5.70865
14,9,14.5000,9.5000,1.0000,29.0000,5,0.661017,0.0288529,3.96610,0.136762,ok,0.153771,,0.153771,3.96610,4.2219,0.154815,3.76146,1,0,8.3870,estimated,0.50,1.88073,5.64219
15,9,15.5000,9.5000,1.0000,31.0000,5,0.661017,0.0288529,3.96610,0.127939,ok,0.155085,,0.155085,3.96610,4.1862,0.156563,3.67969,1,0,8.2933,estimated,0.50,1.83985,5.51954
16,9,16.5000,9.5000,1.0000,33.0000,5,0.661017,0.0288529,3.96610,0.120185,ok,0.156318,,0.156318,3.96610,4.1532,0.158422,3.69055,1,0,8.1960,estimated,0.50,1.84527,5.53582
17,9,17.5000,9.5000,1.0000,35.0000,5,0.661017,0.0288529,3.96610,0.113317,ok,0.157799,,0.157799,3.96610,4.1142,0.160388,3.75893,1,0,8.0955,estimated,0.50,1.87946,5.63839
18,9,18.5000,9.5000,1.0000,37.0000,5,0.661017,0.0288529,3.96610,0.107192,ok,0.160484,,0.160484,3.96610,4.0454,0.162450,3.81504,1,0,7.9928,estimated,0.50,1.90752,5.72256
19,9,19.5000,9.5000,1.0000,39.0000,5,0.661017,0.0288529,3.96610,0.101695,ok,0.163168,,0.163168,3.96610,3.9788,0.164621,3.85900,1,0,7.8874,estimated,0.50,1.92950,5.78850
20,9,20.5000,9.5000,1.0000,41.0000,5,0.661017,0.0288529,3.96610,0.096734,ok,0.165852,,0.165852,3.96610,3.9144,0.166893,3.89245,1,0,7.7800,estimated,0.50,1.94622,5.83867
21,9,21.5000,9.5000,1.0000,43.0000,5,0.661017,0.0288529,3.96610,0.092235,ok,0.168536,,0.168536,3.96610,3.8521,0.169251,3.91760,1,0,7.6716,estimated,0.50,1.95880,5.87641
22,9,22.5000,9.5000,1.0000,45.0000,5,0.661017,0.0288529,3.96610,0.088136,ok,0.171220,,0.171220,3.96610,3.7917,0.171672,3.93665,1,0,7.5634,estimated,0.50,1.96832,5.90497
23,9,23.5000,9.5000,1.0000,47.0000,5,0.661017,0.0288529,3.96610,0.084385,ok,0.173905,,0.173905,3.96610,3.7332,0.174135,3.95169,1,0,7.4565,estimated,0.50,1.97584,5.92753
24,9,24.5000,9.5000,1.0000,49.0000,5,0.661017,0.0288529,3.96610,0.080941,ok,0.176589,,0.176589,3.96610,3.6764,0.176614,3.96459,1,0,7.3518,estimated,0.50,1.98229,5.94688
25,9,25.5000,9.5000,1.0000,51.0000,5,0.661017,0.0288529,3.96610,0.077767,ok,0.179273,,0.179273,3.96610,3.6214,0.179096,3.97641,1,0,7.2499,estimated,0.50,1.98821,5.96462
26,9,26.5000,9.5000,1.0000,53.0000,5,0.661017,0.0288529,3.96610,0.074832,ok,0.181646,,0.181646,3.96610,3.5741,0.181551,3.97243,1,0,7.1519,estimated,0.50,1.98622,5.95865
27,9,27.5000,9.5000,1.0000,55.0000,5,0.661017,0.0288529,3.96610,0.072111,ok,0.183903,,0.183903,3.96610,3.5302,0.183976,3.96147,1,0,7.0576,estimated,0.50,1.98074,5.94221
28,9,28.5000,9.5000,1.0000,57.0000,5,0.661017,0.0288529,3.96610,0.069581,ok,0.186161,,0.186161,3.96610,3.4874,0.186368,3.95338,1,0,6.9670,estimated,0.50,1.97669,5.93006
29,9,29.5000,9.5000,1.0000,59.0000,5,0.661017,0.0288529,3.96610,0.067222,ok,0.188418,,0.188418,3.96610,3.4456,0.188727,3.94778,1,0,6.8799,estimated,0.50,1.97389,5.92167
30,9,30.5000,9.5000,1.0000,61.0000,5,0.661017,0.0288529,3.96610,0.065018,ok,0.190676,,0.190676,3.96610,3.4048,0.191058,3.94419,1,0,6.7960,estimated,0.50,1.97210,5.91629
31,9,31.5000,9.5000,1.0000,63.0000,5,0.661017,0.0288529,3.96610,0.062954,ok,0.192933,,0.192933,3.96610,3.3650,0.193366,3.94212,1,0,6.7149,estimated,0.50,1.97106,5.91318
32,9,32.5000,9.5000,1.0000,65.0000,5,0.661017,0.0288529,3.96610,0.061017,ok,0.195191,,0.195191,3.96610,3.3261,0.195666,3.94059,1,0,6.6360,estimated,0.50,1.97029,5.91088
33,9,33.5000,9.5000,1.0000,67.0000,5,0.661017,0.0288529,3.96610,0.059196,ok,0.197448,,0.197448,3.96610,3.2880,0.197937,3.94063,1,0,6.5598,estimated,0.50,1.97032,5.91095
34,9,34.5000,9.5000,1.0000,69.0000,5,0.661017,0.0288529,3.96610,0.057480,ok,0.199706,,0.199706,3.96610,3.2509,0.200188,3.94166,1,0,6.4860,estimated,0.50,1.97083,5.91250
35,9,35.5000,9.5000,1.0000,71.0000,5,0.661017,0.0288529,3.96610,0.055861,ok,0.201963,,0.201963,3.96610,3.2145,0.202411,3.94408,1,0,6.4148,estimated,0.50,1.97204,5.91612
36,9,36.5000,9.5000,1.0000,73.0000,5,0.661017,0.0288529,3.96610,0.054330,ok,0.204221,,0.204221,3.96610,3.1790,0.204581,3.94881,1,0,6.3468,estimated,0.50,1.97440,5.92321
37,9,37.5000,9.5000,1.0000,75.0000,5,0.661017,0.0288529,3.96610,0.052881,ok,0.206478,,0.206478,3.96610,3.1442,0.206661,3.95753,1,0,6.2829,estimated,0.50,1.97876,5.93629
38,9,38.5000,9.5000,1.0000,77.0000,5,0.661017,0.0288529,3.96610,0.051508,ok,0.208735,,0.208735,3.96610,3.1102,0.208587,3.97287,1,0,6.2249,estimated,0.50,1.98643,5.95930
39,9,39.5000,9.5000,1.0000,79.0000,5,0.661017,0.0288529,3.96610,0.050204,ok,0.210993,,0.210993,3.96610,3.0770,0.210271,3.99850,1,0,6.1750,estimated,0.50,1.99925,5.99774
40,9,40.5000,9.5000,1.0000,81.0000,5,0.661017,0.0288529,3.96610,0.048964,ok,0.213250,,0.213250,3.96610,3.0444,0.211601,4.03897,1,0,6.1362,estimated,0.50,2.01948,6.05845
41,9,41.5000,9.5000,1.0000,83.0000,5,0.661017,0.0288529,3.96610,0.047784,ok,0.215508,,0.215508,3.96610,3.0125,0.212464,4.09927,1,0,6.1113,estimated,0.50,2.04964,6.14891
42,9,42.5000,9.5000,1.0000,84.7056,2,0.661017,0.0288529,3.96610,0.046822,ok,0.217433,,0.217433,3.96610,2.9858,0.212787,4.16869,1,0,6.1020,estimated,0.50,2.08435,6.25304
43,9,43.5000,9.5000,1.0000,82.7056,2,0.661017,0.0288529,3.96610,0.047954,ok,0.215176,,0.215176,3.96610,3.0171,0.212372,4.08890,1,0,6.1139,estimated,0.50,2.04445,6.13335
44,9,44.5000,9.5000,1.0000,80.7056,2,0.661017,0.0288529,3.96610,0.049143,ok,0.212918,,0.212918,3.96610,3.0491,0.211434,4.03179,1,0,6.1411,estimated,0.50,2.01590,6.04769
45,9,45.5000,9.5000,1.0000,78.7056,2,0.661017,0.0288529,3.96610,0.050392,ok,0.210661,,0.210661,3.96610,3.0818,0.210044,3.99381,1,0,6.1817,estimated,0.50,1.99690,5.99071
46,9,46.5000,9.5000,1.0000,76.7056,2,0.661017,0.0288529,3.96610,0.051705,ok,0.208403,,0.208403,3.96610,3.1152,0.208319,3.96997,1,0,6.2329,estimated,0.50,1.98499,5.95496
47,9,47.5000,9.5000,1.0000,74.7056,2,0.661017,0.0288529,3.96610,0.053090,ok,0.206146,,0.206146,3.96610,3.1493,0.206365,3.95583,1,0,6.2919,estimated,0.50,1.97792,5.93375
48,9,48.5000,9.5000,1.0000,72.7056,2,0.661017,0.0288529,3.96610,0.054550,ok,0.203888,,0.203888,3.96610,3.1842,0.204267,3.94786,1,0,6.3565,estimated,0.50,1.97393,5.92179
49,9,49.5000,9.5000,1.0000,70.7056,2,0.661017,0.0288529,3.96610,0.056093,ok,0.201631,,0.201631,3.96610,3.2198,0.202087,3.94358,1,0,6.4251,estimated,0.50,1.97179,5.91536
50,9,50.5000,9.5000,1.0000,68.7056,2,0.661017,0.0288529,3.96610,0.057726,ok,0.199373,,0.199373,3.96610,3.2563,0.199859,3.94142,1,0,6.4967,estimated,0.50,1.97071,5.91213
51,9,51.5000,9.5000,1.0000,66.7056,2,0.661017,0.0288529,3.96610,0.059457,ok,0.197116,,0.197116,3.96610,3.2936,0.197604,3.94056,1,0,6.5709,estimated,0.50,1.97028,5.91084
52,9,52.5000,9.5000,1.0000,64.7056,2,0.661017,0.0288529,3.96610,0.061295,ok,0.194858,,0.194858,3.96610,3.3317,0.195330,3.94066,1,0,6.6474,estimated,0.50,1.97033,5.91098
53,9,53.5000,9.5000,1.0000,62.7056,2,0.661017,0.0288529,3.96610,0.063250,ok,0.192601,,0.192601,3.96610,3.3708,0.193028,3.94234,1,0,6.7267,estimated,0.50,1.97117,5.91351
54,9,54.5000,9.5000,1.0000,60.7056,2,0.661017,0.0288529,3.96610,0.065333,ok,0.190344,,0.190344,3.96610,3.4108,0.190717,3.94462,1,0,6.8082,estimated,0.50,1.97231,5.91692
55,9,55.5000,9.5000,1.0000,58.7056,2,0.661017,0.0288529,3.96610,0.067559,ok,0.188086,,0.188086,3.96610,3.4517,0.188382,3.94847,1,0,6.8925,estimated,0.50,1.97423,5.92270
56,9,56.5000,9.5000,1.0000,56.7056,2,0.661017,0.0288529,3.96610,0.069942,ok,0.185829,,0.185829,3.96610,3.4936,0.186018,3.95440,1,0,6.9801,estimated,0.50,1.97720,5.93160
57,9,57.5000,9.5000,1.0000,54.7056,2,0.661017,0.0288529,3.96610,0.072499,ok,0.183571,,0.183571,3.96610,3.5366,0.183621,3.96290,1,0,7.0712,estimated,0.50,1.98145,5.94435
58,9,58.5000,9.5000,1.0000,52.7056,2,0.661017,0.0288529,3.96610,0.075250,ok,0.181314,,0.181314,3.96610,3.5806,0.181191,3.97431,1,0,7.1661,estimated,0.50,1.98715,5.96146
59,9,59.5000,9.5000,1.0000,50.7056,2,0.661017,0.0288529,3.96610,0.078218,ok,0.178878,,0.178878,3.96610,3.6294,0.178732,3.97462,1,0,7.2647,estimated,0.50,1.98731,5.96194
60,9,60.5000,9.5000,1.0000,48.7056,2,0.661017,0.0288529,3.96610,0.081430,ok,0.176194,,0.176194,3.96610,3.6847,0.176249,3.96277,1,0,7.3670,estimated,0.50,1.98139,5.94416
61,9,61.5000,9.5000,1.0000,46.7056,2,0.661017,0.0288529,3.96610,0.084917,ok,0.173510,,0.173510,3.96610,3.7417,0.173770,3.94967,1,0,7.4721,estimated,0.50,1.97483,5.92450
62,9,62.5000,9.5000,1.0000,44.7056,2,0.661017,0.0288529,3.96610,0.088716,ok,0.170825,,0.170825,3.96610,3.8005,0.171312,3.93418,1,0,7.5793,estimated,0.50,1.96709,5.90127
63,9,63.5000,9.5000,1.0000,42.7056,2,0.661017,0.0288529,3.96610,0.092871,ok,0.168141,,0.168141,3.96610,3.8611,0.168898,3.91440,1,0,7.6877,estimated,0.50,1.95720,5.87160
64,9,64.5000,9.5000,1.0000,40.7056,2,0.661017,0.0288529,3.96610,0.097434,ok,0.165457,,0.165457,3.96610,3.9238,0.166551,3.88821,1,0,7.7960,estimated,0.50,1.94410,5.83231
65,9,65.5000,9.5000,1.0000,38.7056,2,0.661017,0.0288529,3.96610,0.102468,ok,0.162773,,0.162773,3.96610,3.9885,0.164292,3.85343,1,0,7.9032,estimated,0.50,1.92671,5.78014
66,9,66.5000,9.5000,1.0000,36.7056,2,0.661017,0.0288529,3.96610,0.108052,ok,0.160089,,0.160089,3.96610,4.0553,0.162136,3.80786,1,0,8.0083,estimated,0.50,1.90393,5.71179
67,9,67.5000,9.5000,1.0000,34.7056,2,0.661017,0.0288529,3.96610,0.114278,ok,0.157404,,0.157404,3.96610,4.1245,0.160089,3.74995,1,0,8.1107,estimated,0.50,1.87498,5.62493
68,9,68.5000,9.5000,1.0000,32.7056,2,0.661017,0.0288529,3.96610,0.121267,ok,0.156141,,0.156141,3.96610,4.1579,0.158135,3.67986,1,0,8.2109,estimated,0.50,1.83993,5.51979
69,9,69.5000,9.5000,1.0000,30.7056,2,0.661017,0.0288529,3.96610,0.129165,ok,0.154897,,0.154897,3.96610,4.1913,0.156290,3.69557,1,0,8.3078,estimated,0.50,1.84779,5.54336
70,9,70.5000,9.5000,1.0000,28.7056,2,0.661017,0.0288529,3.96610,0.138165,ok,0.153571,,0.153571,3.96610,4.2275,0.154557,3.77241,1,0,8.4010,estimated,0.50,1.88620,5.65861
71,9,71.5000,9.5000,1.0000,26.7056,2,0.661017,0.0288529,3.96610,0.148512,ok,0.152153,,0.152153,3.96610,4.2668,0.152934,3.81122,1,0,8.4901,estimated,0.50,1.90561,5.71683
72,9,72.5000,9.5000,1.0000,24.7056,2,0.661017,0.0288529,3.96610,0.160534,ok,0.150635,,0.150635,3.96610,4.3098,0.151435,3.80653,1,0,8.5742,estimated,0.50,1.90326,5.70979
73,9,73.5000,9.5000,1.0000,22.7056,2,0.661017,0.0288529,3.96610,0.174675,ok,0.149006,,0.149006,3.96610,4.3570,0.150076,3.75179,1,0,8.6518,estimated,0.50,1.87589,5.62768
74,9,74.5000,9.5000,1.0000,20.7056,2,0.661017,0.0288529,3.96610,0.191547,ok,0.147252,,0.147252,3.96610,4.4089,0.148842,3.64779,1,0,8.7235,estimated,0.50,1.82390,5.47169
75,9,75.5000,9.5000,1.0000,18.7056,2,0.661017,0.0288529,3.96610,0.212027,ok,0.145359,,0.145359,3.96610,4.4663,0.147756,3.48869,1,0,8.7876,estimated,0.50,1.74435,5.23304
76,9,76.5000,9.5000,1.0000,16.7056,2,0.644068,0.0288529,3.86441,0.231324,ok,0.143775,,0.143775,3.86441,4.5155,0.146813,3.27553,1,0,8.8441,estimated,0.50,1.63777,4.91330
77,9,77.5000,9.5000,1.0000,14.7056,2,0.627119,0.0288529,3.76271,0.255869,too_firm,,3.55265,0.143000,3.55265,4.5400,0.145997,3.01233,1,0,8.8936,estimated,0.50,1.50616,4.51849
78,9,78.5000,9.5000,1.0000,12.7056,2,0.610169,0.0288529,3.66102,0.288141,beyond_data,,3.06948,0.143000,3.06948,4.5400,0.145301,2.70253,1,0,8.9362,estimated,0.50,1.35127,4.05380
79,9,79.5000,9.5000,1.0000,10.7056,2,0.593220,0.0288529,3.55932,0.332472,beyond_data,,2.58631,0.143000,2.58631,4.5400,0.144735,2.34851,1,0,8.9711,estimated,0.50,1.17426,3.52277
80,9,80.5000,9.5000,1.0000,8.7056,2,0.576271,0.0288529,3.45763,0.397171,beyond_data,,2.10315,0.143000,2.10315,4.5400,0.144287,1.95746,1,0,8.9990,estimated,0.50,0.97873,2.93619
81,9,81.5000,9.5000,1.0000,6.7056,2,0.559322,0.0288529,3.35593,0.500465,beyond_data,,1.61998,0.143000,1.61998,4.5400,0.143939,1.53705,1,0,9.0207,estimated,0.50,0.76852,2.30557
82,9,82.5000,9.5000,1.0000,4.7056,2,0.542373,0.0288529,3.25424,0.691563,beyond_data,,1.13681,0.143000,1.13681,4.5400,0.143675,1.09456,1,1,9.0373,estimated,0.50,0.54728,1.64185
83,9,83.5000,9.5000,1.0000,2.7056,2,0.525424,0.0288529,3.15254,1.165180,beyond_data,,0.65364,0.143000,0.65364,4.5400,0.143478,0.63631,1,1,9.0497,estimated,0.50,0.31815,0.95446
84,9,84.5000,9.5000,1.0000,0.7056,2,0.508475,0.0288529,3.05085,4.323595,beyond_data,,0.17047,0.143000,0.17047,4.5400,0.143334,0.16730,1,1,9.0588,estimated,0.50,0.08365,0.25095
0,10,0.5000,10.5000,1.0000,1.0000,5,0.508475,0.0288529,3.05085,3.050847,beyond_data,,0.24158,0.143000,0.24158,4.5400,0.143340,0.23701,1,1,9.0584,estimated,0.50,0.11850,0.35551
1,10,1.5000,10.5000,1.0000,3.0000,5,0.525424,0.0288529,3.15254,1.050847,beyond_data,,0.72475,0.143000,0.72475,4.5400,0.143486,0.70525,1,1,9.0492,estimated,0.50,0.35263,1.05788
2,10,2.5000,10.5000,1.0000,5.0000,5,0.542373,0.0288529,3.25424,0.650847,beyond_data,,1.20792,0.143000,1.20792,4.5400,0.143683,1.16254,1,1,9.0368,estimated,0.50,0.58127,1.74380
3,10,3.5000,10.5000,1.0000,7.0000,5,0.559322,0.0288529,3.35593,0.479419,beyond_data,,1.69109,0.143000,1.69109,4.5400,0.143947,1.60386,1,0,9.0202,estimated,0.50,0.80193,2.40579
4,10,4.5000,10.5000,1.0000,9.0000,5,0.576271,0.0288529,3.45763,0.384181,beyond_data,,2.17426,0.143000,2.17426,4.5400,0.144293,2.02300,1,0,8.9986,estimated,0.50,1.01150,3.03450
5,10,5.5000,10.5000,1.0000,11.0000,5,0.593220,0.0288529,3.55932,0.323575,beyond_data,,2.65743,0.143000,2.65743,4.5400,0.144737,2.41284,1,0,8.9710,estimated,0.50,1.20642,3.61926
6,10,6.5000,10.5000,1.0000,13.0000,5,0.610169,0.0288529,3.66102,0.281617,too_firm,,3.14060,0.143000,3.14060,4.5400,0.145295,2.76593,1,0,8.9365,estimated,0.50,1.38297,4.14890
7,10,7.5000,10.5000,1.0000,15.0000,5,0.627119,0.0288529,3.76271,0.250847,too_firm,,3.62377,0.143000,3.62377,4.5400,0.145980,3.07539,1,0,8.8946,estimated,0.50,1.53769,4.61308
8,10,8.5000,10.5000,1.0000,17.0000,5,0.644068,0.0288529,3.86441,0.227318,ok,0.144089,,0.144089,3.86441,4.5056,0.146772,3.34060,1,0,8.8466,estimated,0.50,1.67030,5.01090
9,10,9.5000,10.5000,1.0000,19.0000,5,0.661017,0.0288529,3.96610,0.208742,ok,0.145647,,0.145647,3.96610,4.4574,0.147693,3.55555,1,0,8.7914,estimated,0.50,1.77777,5.33332
10,10,10.5000,10.5000,1.0000,21.0000,5,0.677966,0.0288529,4.06780,0.193705,ok,0.147041,,0.147041,4.06780,4.4152,0.148758,3.71602,1,0,8.7285,estimated,0.50,1.85801,5.57403
11,10,11.5000,10.5000,1.0000,23.0000,5,0.677966,0.0288529,4.06780,0.176861,ok,0.148768,,0.148768,4.06780,4.3639,0.149951,3.82513,1,0,8.6590,estimated,0.50,1.91257,5.73770
12,10,12.5000,10.5000,1.0000,25.0000,5,0.677966,0.0288529,4.06780,0.162712,ok,0.150374,,0.150374,4.06780,4.3173,0.151259,3.88674,1,0,8.5841,estimated,0.50,1.94337,5.83012
13,10,13.5000,10.5000,1.0000,27.0000,5,0.677966,0.0288529,4.06780,0.150659,ok,0.151873,,0.151873,4.06780,4.2747,0.152699,3.89980,1,0,8.5032,estimated,0.50,1.94990,5.84970
14,10,14.5000,10.5000,1.0000,29.0000,5,0.677966,0.0288529,4.06780,0.140269,ok,0.153274,,0.153274,4.06780,4.2357,0.154252,3.87049,1,0,8.4176,estimated,0.50,1.93525,5.80574
15,10,15.5000,10.5000,1.0000,31.0000,5,0.677966,0.0288529,4.06780,0.131219,ok,0.154586,,0.154586,4.06780,4.1997,0.155909,3.80387,1,0,8.3281,estimated,0.50,1.90193,5.70580
16,10,16.5000,10.5000,1.0000,33.0000,5,0.677966,0.0288529,4.06780,0.123267,ok,0.155819,,0.155819,4.06780,4.1665,0.157671,3.74975,1,0,8.2351,estimated,0.50,1.87488,5.62463
17,10,17.5000,10.5000,1.0000,35.0000,5,0.677966,0.0288529,4.06780,0.116223,ok,0.156978,,0.156978,4.06780,4.1357,0.159540,3.82441,1,0,8.1386,estimated,0.50,1.91220,5.73661
18,10,18.5000,10.5000,1.0000,37.0000,5,0.677966,0.0288529,4.06780,0.109940,ok,0.159242,,0.159242,4.06780,4.0769,0.161500,3.88654,1,0,8.0398,estimated,0.50,1.94327,5.82982
19,10,19.5000,10.5000,1.0000,39.0000,5,0.677966,0.0288529,4.06780,0.104302,ok,0.161859,,0.161859,4.06780,4.0110,0.163564,3.93632,1,0,7.9384,estimated,0.50,1.96816,5.90448
20,10,20.5000,10.5000,1.0000,41.0000,5,0.677966,0.0288529,4.06780,0.099215,ok,0.164476,,0.164476,4.06780,3.9472,0.165732,3.97476,1,0,7.8345,estimated,0.50,1.98738,5.96213
21,10,21.5000,10.5000,1.0000,43.0000,5,0.677966,0.0288529,4.06780,0.094600,ok,0.167093,,0.167093,4.06780,3.8853,0.167993,4.00381,1,0,7.7291,estimated,0.50,2.00190,6.00571
22,10,22.5000,10.5000,1.0000,45.0000,5,0.677966,0.0288529,4.06780,0.090395,ok,0.169711,,0.169711,4.06780,3.8254,0.170327,4.02565,1,0,7.6232,estimated,0.50,2.01282,6.03847
23,10,23.5000,10.5000,1.0000,47.0000,5,0.677966,0.0288529,4.06780,0.086549,ok,0.172328,,0.172328,4.06780,3.7673,0.172713,4.04245,1,0,7.5178,estimated,0.50,2.02122,6.06367
24,10,24.5000,10.5000,1.0000,49.0000,5,0.677966,0.0288529,4.06780,0.083016,ok,0.174945,,0.174945,4.06780,3.7110,0.175128,4.05622,1,0,7.4142,estimated,0.50,2.02811,6.08434
25,10,25.5000,10.5000,1.0000,51.0000,5,0.677966,0.0288529,4.06780,0.079761,ok,0.177562,,0.177562,4.06780,3.6563,0.177554,4.06825,1,0,7.3129,estimated,0.50,2.03413,6.10238
26,10,26.5000,10.5000,1.0000,53.0000,5,0.677966,0.0288529,4.06780,0.076751,ok,0.180150,,0.180150,4.06780,3.6037,0.179963,4.08053,1,0,7.2150,estimated,0.50,2.04026,6.12079
27,10,27.5000,10.5000,1.0000,55.0000,5,0.677966,0.0288529,4.06780,0.073960,ok,0.182351,,0.182351,4.06780,3.5602,0.182346,4.06815,1,0,7.1207,estimated,0.50,2.03407,6.10222
28,10,28.5000,10.5000,1.0000,57.0000,5,0.677966,0.0288529,4.06780,0.071365,ok,0.184552,,0.184552,4.06780,3.5178,0.184698,4.05836,1,0,7.0300,estimated,0.50,2.02918,6.08754
29,10,29.5000,10.5000,1.0000,59.0000,5,0.677966,0.0288529,4.06780,0.068946,ok,0.186754,,0.186754,4.06780,3.4763,0.187017,4.05134,1,0,6.9428,estimated,0.50,2.02567,6.07700
30,10,30.5000,10.5000,1.0000,61.0000,5,0.677966,0.0288529,4.06780,0.066685,ok,0.188955,,0.188955,4.06780,3.4358,0.189306,4.04664,1,0,6.8589,estimated,0.50,2.02332,6.06996
31,10,31.5000,10.5000,1.0000,63.0000,5,0.677966,0.0288529,4.06780,0.064568,ok,0.191156,,0.191156,4.06780,3.3963,0.191567,4.04378,1,0,6.7779,estimated,0.50,2.02189,6.06566
32,10,32.5000,10.5000,1.0000,65.0000,5,0.677966,0.0288529,4.06780,0.062581,ok,0.193357,,0.193357,4.06780,3.3576,0.193806,4.04239,1,0,6.6996,estimated,0.50,2.02119,6.06358
33,10,33.5000,10.5000,1.0000,67.0000,5,0.677966,0.0288529,4.06780,0.060713,ok,0.195558,,0.195558,4.06780,3.3198,0.196038,4.04145,1,0,6.6234,estimated,0.50,2.02073,6.06218
34,10,34.5000,10.5000,1.0000,69.0000,5,0.677966,0.0288529,4.06780,0.058954,ok,0.197759,,0.197759,4.06780,3.2829,0.198235,4.04244,1,0,6.5500,estimated,0.50,2.02122,6.06365
35,10,35.5000,10.5000,1.0000,71.0000,5,0.677966,0.0288529,4.06780,0.057293,ok,0.199960,,0.199960,4.06780,3.2467,0.200400,4.04499,1,0,6.4792,estimated,0.50,2.02249,6.06748
36,10,36.5000,10.5000,1.0000,73.0000,5,0.677966,0.0288529,4.06780,0.055723,ok,0.202161,,0.202161,4.06780,3.2114,0.202513,4.05004,1,0,6.4116,estimated,0.50,2.02502,6.07506
37,10,37.5000,10.5000,1.0000,75.0000,5,0.677966,0.0288529,4.06780,0.054237,ok,0.204362,,0.204362,4.06780,3.1768,0.204534,4.05931,1,0,6.3482,estimated,0.50,2.02965,6.08896
38,10,38.5000,10.5000,1.0000,77.0000,5,0.677966,0.0288529,4.06780,0.052829,ok,0.206563,,0.206563,4.06780,3.1429,0.206403,4.07547,1,0,6.2907,estimated,0.50,2.03773,6.11320
39,10,39.5000,10.5000,1.0000,79.0000,5,0.677966,0.0288529,4.06780,0.051491,ok,0.208764,,0.208764,4.06780,3.1098,0.208033,4.10226,1,0,6.2415,estimated,0.50,2.05113,6.15338
40,10,40.5000,10.5000,1.0000,81.0000,5,0.677966,0.0288529,4.06780,0.050220,ok,0.210965,,0.210965,4.06780,3.0774,0.209320,4.14427,1,0,6.2031,estimated,0.50,2.07214,6.21641
41,10,41.5000,10.5000,1.0000,83.0000,5,0.677966,0.0288529,4.06780,0.049010,ok,0.213166,,0.213166,4.06780,3.0456,0.210153,4.20654,1,0,6.1785,estimated,0.50,2.10327,6.30981
42,10,42.5000,10.5000,1.0000,84.7056,2,0.677966,0.0288529,4.06780,0.048023,ok,0.215043,,0.215043,4.06780,3.0190,0.210438,4.27919,1,0,6.1701,estimated,0.50,2.13960,6.41879
43,10,43.5000,10.5000,1.0000,82.7056,2,0.677966,0.0288529,4.06780,0.049184,ok,0.212842,,0.212842,4.06780,3.0502,0.210064,4.19586,1,0,6.1811,estimated,0.50,2.09793,6.29378
44,10,44.5000,10.5000,1.0000,80.7056,2,0.677966,0.0288529,4.06780,0.050403,ok,0.210641,,0.210641,4.06780,3.0821,0.209158,4.13685,1,0,6.2079,estimated,0.50,2.06842,6.20527
45,10,45.5000,10.5000,1.0000,78.7056,2,0.677966,0.0288529,4.06780,0.051684,ok,0.208440,,0.208440,4.06780,3.1146,0.207815,4.09737,1,0,6.2480,estimated,0.50,2.04869,6.14606
46,10,46.5000,10.5000,1.0000,76.7056,2,0.677966,0.0288529,4.06780,0.053031,ok,0.206239,,0.206239,4.06780,3.1479,0.206143,4.07243,1,0,6.2987,estimated,0.50,2.03621,6.10864
47,10,47.5000,10.5000,1.0000,74.7056,2,0.677966,0.0288529,4.06780,0.054451,ok,0.204038,,0.204038,4.06780,3.1818,0.204246,4.05751,1,0,6.3572,estimated,0.50,2.02875,6.08626
48,10,48.5000,10.5000,1.0000,72.7056,2,0.677966,0.0288529,4.06780,0.055949,ok,0.201837,,0.201837,4.06780,3.2165,0.202208,4.04903,1,0,6.4213,estimated,0.50,2.02451,6.07354
49,10,49.5000,10.5000,1.0000,70.7056,2,0.677966,0.0288529,4.06780,0.057531,ok,0.199636,,0.199636,4.06780,3.2520,0.200085,4.04445,1,0,6.4894,estimated,0.50,2.02222,6.06667
50,10,50.5000,10.5000,1.0000,68.7056,2,0.677966,0.0288529,4.06780,0.059206,ok,0.197435,,0.197435,4.06780,3.2883,0.197914,4.04219,1,0,6.5606,estimated,0.50,2.02109,6.06328
51,10,51.5000,10.5000,1.0000,66.7056,2,0.677966,0.0288529,4.06780,0.060981,ok,0.195234,,0.195234,4.06780,3.3253,0.195713,4.04140,1,0,6.6344,estimated,0.50,2.02070,6.06210
52,10,52.5000,10.5000,1.0000,64.7056,2,0.677966,0.0288529,4.06780,0.062866,ok,0.193033,,0.193033,4.06780,3.3632,0.193478,4.04251,1,0,6.7110,estimated,0.50,2.02125,6.06376
53,10,53.5000,10.5000,1.0000,62.7056,2,0.677966,0.0288529,4.06780,0.064871,ok,0.190832,,0.190832,4.06780,3.4020,0.191236,4.04409,1,0,6.7897,estimated,0.50,2.02205,6.06614
54,10,54.5000,10.5000,1.0000,60.7056,2,0.677966,0.0288529,4.06780,0.067009,ok,0.188631,,0.188631,4.06780,3.4417,0.188971,4.04720,1,0,6.8711,estimated,0.50,2.02360,6.07080
55,10,55.5000,10.5000,1.0000,58.7056,2,0.677966,0.0288529,4.06780,0.069291,ok,0.186430,,0.186430,4.06780,3.4824,0.186678,4.05221,1,0,6.9555,estimated,0.50,2.02611,6.07832
56,10,56.5000,10.5000,1.0000,56.7056,2,0.677966,0.0288529,4.06780,0.071735,ok,0.184229,,0.184229,4.06780,3.5240,0.184354,4.05962,1,0,7.0431,estimated,0.50,2.02981,6.08943
57,10,57.5000,10.5000,1.0000,54.7056,2,0.677966,0.0288529,4.06780,0.074358,ok,0.182028,,0.182028,4.06780,3.5666,0.181997,4.06984,1,0,7.1343,estimated,0.50,2.03492,6.10476
58,10,58.5000,10.5000,1.0000,52.7056,2,0.677966,0.0288529,4.06780,0.077180,ok,0.179794,,0.179794,4.06780,3.6109,0.179609,4.07870,1,0,7.2292,estimated,0.50,2.03935,6.11805
59,10,59.5000,10.5000,1.0000,50.7056,2,0.677966,0.0288529,4.06780,0.080224,ok,0.177177,,0.177177,4.06780,3.6642,0.177198,4.06647,1,0,7.3276,estimated,0.50,2.03323,6.09970
60,10,60.5000,10.5000,1.0000,48.7056,2,0.677966,0.0288529,4.06780,0.083518,ok,0.174560,,0.174560,4.06780,3.7192,0.174771,4.05433,1,0,7.4293,estimated,0.50,2.02717,6.08150
61,10,61.5000,10.5000,1.0000,46.7056,2,0.677966,0.0288529,4.06780,0.087094,ok,0.171942,,0.171942,4.06780,3.7758,0.172359,4.04024,1,0,7.5333,estimated,0.50,2.02012,6.06036
62,10,62.5000,10.5000,1.0000,44.7056,2,0.677966,0.0288529,4.06780,0.090991,ok,0.169325,,0.169325,4.06780,3.8341,0.169979,4.02286,1,0,7.6388,estimated,0.50,2.01143,6.03428
63,10,63.5000,10.5000,1.0000,42.7056,2,0.677966,0.0288529,4.06780,0.095252,ok,0.166708,,0.166708,4.06780,3.8943,0.167653,4.00014,1,0,7.7447,estimated,0.50,2.00007,6.00020
64,10,64.5000,10.5000,1.0000,40.7056,2,0.677966,0.0288529,4.06780,0.099932,ok,0.164091,,0.164091,4.06780,3.9564,0.165404,3.96992,1,0,7.8500,estimated,0.50,1.98496,5.95487
65,10,65.5000,10.5000,1.0000,38.7056,2,0.677966,0.0288529,4.06780,0.105096,ok,0.161474,,0.161474,4.06780,4.0206,0.163250,3.93002,1,0,7.9536,estimated,0.50,1.96501,5.89503
66,10,66.5000,10.5000,1.0000,36.7056,2,0.677966,0.0288529,4.06780,0.110822,ok,0.158857,,0.158857,4.06780,4.0868,0.161200,3.87858,1,0,8.0548,estimated,0.50,1.93929,5.81786
67,10,67.5000,10.5000,1.0000,34.7056,2,0.677966,0.0288529,4.06780,0.117209,ok,0.156812,,0.156812,4.06780,4.1401,0.159251,3.81488,1,0,8.1534,estimated,0.50,1.90744,5.72233
68,10,68.5000,10.5000,1.0000,32.7056,2,0.677966,0.0288529,4.06780,0.124376,ok,0.155642,,0.155642,4.06780,4.1712,0.157395,3.73827,1,0,8.2495,estimated,0.50,1.86913,5.60740
69,10,69.5000,10.5000,1.0000,30.7056,2,0.677966,0.0288529,4.06780,0.132477,ok,0.154398,,0.154398,4.06780,4.2048,0.155647,3.81812,1,0,8.3421,estimated,0.50,1.90906,5.72717
70,10,70.5000,10.5000,1.0000,28.7056,2,0.677966,0.0288529,4.06780,0.141707,ok,0.153073,,0.153073,4.06780,4.2412,0.154003,3.87988,1,0,8.4312,estimated,0.50,1.93994,5.81983
71,10,71.5000,10.5000,1.0000,26.7056,2,0.677966,0.0288529,4.06780,0.152320,ok,0.151658,,0.151658,4.06780,4.2808,0.152463,3.90380,1,0,8.5163,estimated,0.50,1.95190,5.85570
72,10,72.5000,10.5000,1.0000,24.7056,2,0.677966,0.0288529,4.06780,0.164651,ok,0.150145,,0.150145,4.06780,4.3239,0.151039,3.88470,1,0,8.5967,estimated,0.50,1.94235,5.82705
73,10,73.5000,10.5000,1.0000,22.7056,2,0.677966,0.0288529,4.06780,0.179154,ok,0.148521,,0.148521,4.06780,4.3712,0.149747,3.81627,1,0,8.6708,estimated,0.50,1.90813,5.72440
74,10,74.5000,10.5000,1.0000,20.7056,2,0.677966,0.0288529,4.06780,0.196459,ok,0.146776,,0.146776,4.06780,4.4232,0.148572,3.69967,1,0,8.7394,estimated,0.50,1.84984,5.54951
75,10,75.5000,10.5000,1.0000,18.7056,2,0.661017,0.0288529,3.96610,0.212027,ok,0.145359,,0.145359,3.96610,4.4663,0.147527,3.53126,1,0,8.8013,estimated,0.50,1.76563,5.29688
76,10,76.5000,10.5000,1.0000,16.7056,2,0.644068,0.0288529,3.86441,0.231324,ok,0.143775,,0.143775,3.86441,4.5155,0.146627,3.30824,1,0,8.8553,estimated,0.50,1.65412,4.96236
77,10,77.5000,10.5000,1.0000,14.7056,2,0.627119,0.0288529,3.76271,0.255869,too_firm,,3.55265,0.143000,3.55265,4.5400,0.145847,3.03666,1,0,8.9027,estimated,0.50,1.51833,4.55499
78,10,78.5000,10.5000,1.0000,12.7056,2,0.610169,0.0288529,3.66102,0.288141,beyond_data,,3.06948,0.143000,3.06948,4.5400,0.145183,2.71992,1,0,8.9434,estimated,0.50,1.35996,4.07988
79,10,79.5000,10.5000,1.0000,10.7056,2,0.593220,0.0288529,3.55932,0.332472,beyond_data,,2.58631,0.143000,2.58631,4.5400,0.144643,2.36037,1,0,8.9768,estimated,0.50,1.18019,3.54056
80,10,80.5000,10.5000,1.0000,8.7056,2,0.576271,0.0288529,3.45763,0.397171,beyond_data,,2.10315,0.143000,2.10315,4.5400,0.144216,1.96511,1,0,9.0034,estimated,0.50,0.98255,2.94766
81,10,81.5000,10.5000,1.0000,6.7056,2,0.559322,0.0288529,3.35593,0.500465,beyond_data,,1.61998,0.143000,1.61998,4.5400,0.143886,1.54163,1,1,9.0240,estimated,0.50,0.77081,2.31244
82,10,82.5000,10.5000,1.0000,4.7056,2,0.542373,0.0288529,3.25424,0.691563,beyond_data,,1.13681,0.143000,1.13681,4.5400,0.143635,1.09702,1,1,9.0398,estimated,0.50,0.54851,1.64553
83,10,83.5000,10.5000,1.0000,2.7056,2,0.525424,0.0288529,3.15254,1.165180,beyond_data,,0.65364,0.143000,0.65364,4.5400,0.143449,0.63737,1,1,9.0515,estimated,0.50,0.31868,0.95605
84,10,84.5000,10.5000,1.0000,0.7056,2,0.508475,0.0288529,3.05085,4.323595,beyond_data,,0.17047,0.143000,0.17047,4.5400,0.143312,0.16750,1,1,9.0602,estimated,0.50,0.08375,0.25126
0,11,0.5000,11.5000,1.0000,1.0000,5,0.508475,0.0288529,3.05085,3.050847,beyond_data,,0.24158,0.143000,0.24158,4.5400,0.143321,0.23727,1,1,9.0596,estimated,0.50,0.11863,0.35590
1,11,1.5000,11.5000,1.0000,3.0000,5,0.525424,0.0288529,3.15254,1.050847,beyond_data,,0.72475,0.143000,0.72475,4.5400,0.143459,0.70629,1,1,9.0509,estimated,0.50,0.35315,1.05944
2,11,2.5000,11.5000,1.0000,5.0000,5,0.542373,0.0288529,3.25424,0.650847,beyond_data,,1.20792,0.143000,1.20792,4.5400,0.143647,1.16485,1,1,9.0390,estimated,0.50,0.58242,1.74727
3,11,3.5000,11.5000,1.0000,7.0000,5,0.559322,0.0288529,3.35593,0.479419,beyond_data,,1.69109,0.143000,1.69109,4.5400,0.143899,1.60811,1,1,9.0232,estimated,0.50,0.80405,2.41216
4,11,4.5000,11.5000,1.0000,9.0000,5,0.576271,0.0288529,3.45763,0.384181,beyond_data,,2.17426,0.143000,2.17426,4.5400,0.144230,2.03005,1,0,9.0025,estimated,0.50,1.01503,3.04508
5,11,5.5000,11.5000,1.0000,11.0000,5,0.593220,0.0288529,3.55932,0.323575,beyond_data,,2.65743,0.143000,2.65743,4.5400,0.144655,2.42376,1,0,8.9761,estimated,0.50,1.21188,3.63564
6,11,6.5000,11.5000,1.0000,13.0000,5,0.610169,0.0288529,3.66102,0.281617,too_firm,,3.14060,0.143000,3.14060,4.5400,0.145189,2.78196,1,0,8.9430,estimated,0.50,1.39098,4.17294
7,11,7.5000,11.5000,1.0000,15.0000,5,0.627119,0.0288529,3.76271,0.250847,too_firm,,3.62377,0.143000,3.62377,4.5400,0.145845,3.09789,1,0,8.9028,estimated,0.50,1.54895,4.64684
8,11,8.5000,11.5000,1.0000,17.0000,5,0.644068,0.0288529,3.86441,0.227318,ok,0.144089,,0.144089,3.86441,4.5056,0.146602,3.37095,1,0,8.8568,estimated,0.50,1.68548,5.05643
9,11,9.5000,11.5000,1.0000,19.0000,5,0.661017,0.0288529,3.96610,0.208742,ok,0.145647,,0.145647,3.96610,4.4574,0.147483,3.59520,1,0,8.8039,estimated,0.50,1.79760,5.39281
10,11,10.5000,11.5000,1.0000,21.0000,5,0.677966,0.0288529,4.06780,0.193705,ok,0.147041,,0.147041,4.06780,4.4152,0.148500,3.76642,1,0,8.7436,estimated,0.50,1.88321,5.64964
11,11,11.5000,11.5000,1.0000,23.0000,5,0.694915,0.0288529,4.16949,0.181282,ok,0.148296,,0.148296,4.16949,4.3778,0.149647,3.88585,1,0,8.6766,estimated,0.50,1.94292,5.82877
12,11,12.5000,11.5000,1.0000,25.0000,5,0.694915,0.0288529,4.16949,0.166780,ok,0.149896,,0.149896,4.16949,4.3311,0.150891,3.96092,1,0,8.6051,estimated,0.50,1.98046,5.94138
13,11,13.5000,11.5000,1.0000,27.0000,5,0.694915,0.0288529,4.16949,0.154426,ok,0.151390,,0.151390,4.16949,4.2883,0.152258,3.98840,1,0,8.5278,estimated,0.50,1.99420,5.98261
14,11,14.5000,11.5000,1.0000,29.0000,5,0.694915,0.0288529,4.16949,0.143776,ok,0.152789,,0.152789,4.16949,4.2491,0.153731,3.97426,1,0,8.4461,estimated,0.50,1.98713,5.96139
15,11,15.5000,11.5000,1.0000,31.0000,5,0.694915,0.0288529,4.16949,0.134500,ok,0.154100,,0.154100,4.16949,4.2130,0.155300,3.92323,1,0,8.3608,estimated,0.50,1.96161,5.88484
16,11,16.5000,11.5000,1.0000,33.0000,5,0.694915,0.0288529,4.16949,0.126348,ok,0.155332,,0.155332,4.16949,4.1795,0.156966,3.83771,1,0,8.2720,estimated,0.50,1.91886,5.75657
17,11,17.5000,11.5000,1.0000,35.0000,5,0.694915,0.0288529,4.16949,0.119128,ok,0.156492,,0.156492,4.16949,4.1486,0.158735,3.88862,1,0,8.1798,estimated,0.50,1.94431,5.83293
18,11,18.5000,11.5000,1.0000,37.0000,5,0.694915,0.0288529,4.16949,0.112689,ok,0.158061,,0.158061,4.16949,4.1074,0.160602,3.95663,1,0,8.0847,estimated,0.50,1.97832,5.93495
19,11,19.5000,11.5000,1.0000,39.0000,5,0.694915,0.0288529,4.16949,0.106910,ok,0.160615,,0.160615,4.16949,4.0421,0.162560,4.01267,1,0,7.9874,estimated,0.50,2.00633,6.01900
20,11,20.5000,11.5000,1.0000,41.0000,5,0.694915,0.0288529,4.16949,0.101695,ok,0.163168,,0.163168,4.16949,3.9788,0.164625,4.05659,1,0,7.8872,estimated,0.50,2.02829,6.08488
21,11,21.5000,11.5000,1.0000,43.0000,5,0.694915,0.0288529,4.16949,0.096965,ok,0.165721,,0.165721,4.16949,3.9175,0.166787,4.09005,1,0,7.7849,estimated,0.50,2.04502,6.13507
22,11,22.5000,11.5000,1.0000,45.0000,5,0.694915,0.0288529,4.16949,0.092655,ok,0.168274,,0.168274,4.16949,3.8581,0.169033,4.11517,1,0,7.6815,estimated,0.50,2.05759,6.17276
23,11,23.5000,11.5000,1.0000,47.0000,5,0.694915,0.0288529,4.16949,0.088713,ok,0.170828,,0.170828,4.16949,3.8004,0.171341,4.13415,1,0,7.5781,estimated,0.50,2.06707,6.20122
24,11,24.5000,11.5000,1.0000,49.0000,5,0.694915,0.0288529,4.16949,0.085092,ok,0.173381,,0.173381,4.16949,3.7444,0.173688,4.14911,1,0,7.4756,estimated,0.50,2.07456,6.22367
25,11,25.5000,11.5000,1.0000,51.0000,5,0.694915,0.0288529,4.16949,0.081755,ok,0.175934,,0.175934,4.16949,3.6901,0.176052,4.16193,1,0,7.3752,estimated,0.50,2.08096,6.24289
26,11,26.5000,11.5000,1.0000,53.0000,5,0.694915,0.0288529,4.16949,0.078670,ok,0.178487,,0.178487,4.16949,3.6373,0.178420,4.17366,1,0,7.2774,estimated,0.50,2.08683,6.26049
27,11,27.5000,11.5000,1.0000,55.0000,5,0.694915,0.0288529,4.16949,0.075809,ok,0.180875,,0.180875,4.16949,3.5893,0.180763,4.17745,1,0,7.1831,estimated,0.50,2.08872,6.26617
28,11,28.5000,11.5000,1.0000,57.0000,5,0.694915,0.0288529,4.16949,0.073149,ok,0.183023,,0.183023,4.16949,3.5472,0.183078,4.16574,1,0,7.0922,estimated,0.50,2.08287,6.24860
29,11,29.5000,11.5000,1.0000,59.0000,5,0.694915,0.0288529,4.16949,0.070669,ok,0.185170,,0.185170,4.16949,3.5061,0.185360,4.15699,1,0,7.0049,estimated,0.50,2.07850,6.23549
30,11,30.5000,11.5000,1.0000,61.0000,5,0.694915,0.0288529,4.16949,0.068352,ok,0.187317,,0.187317,4.16949,3.4659,0.187611,4.15088,1,0,6.9209,estimated,0.50,2.07544,6.22632
31,11,31.5000,11.5000,1.0000,63.0000,5,0.694915,0.0288529,4.16949,0.066182,ok,0.189465,,0.189465,4.16949,3.4266,0.189832,4.14694,1,0,6.8399,estimated,0.50,2.07347,6.22040
32,11,32.5000,11.5000,1.0000,65.0000,5,0.694915,0.0288529,4.16949,0.064146,ok,0.191612,,0.191612,4.16949,3.3882,0.192028,4.14480,1,0,6.7617,estimated,0.50,2.07240,6.21720
33,11,33.5000,11.5000,1.0000,67.0000,5,0.694915,0.0288529,4.16949,0.062231,ok,0.193759,,0.193759,4.16949,3.3506,0.194199,4.14415,1,0,6.6861,estimated,0.50,2.07208,6.21623
34,11,34.5000,11.5000,1.0000,69.0000,5,0.694915,0.0288529,4.16949,0.060427,ok,0.195907,,0.195907,4.16949,3.3139,0.196348,4.14482,1,0,6.6129,estimated,0.50,2.07241,6.21723
35,11,35.5000,11.5000,1.0000,71.0000,5,0.694915,0.0288529,4.16949,0.058725,ok,0.198054,,0.198054,4.16949,3.2780,0.198461,4.14732,1,0,6.5425,estimated,0.50,2.07366,6.22098
36,11,36.5000,11.5000,1.0000,73.0000,5,0.694915,0.0288529,4.16949,0.057116,ok,0.200201,,0.200201,4.16949,3.2428,0.200521,4.15256,1,0,6.4753,estimated,0.50,2.07628,6.22884
37,11,37.5000,11.5000,1.0000,75.0000,5,0.694915,0.0288529,4.16949,0.055593,ok,0.202349,,0.202349,4.16949,3.2084,0.202488,4.16228,1,0,6.4124,estimated,0.50,2.08114,6.24341
38,11,38.5000,11.5000,1.0000,77.0000,5,0.694915,0.0288529,4.16949,0.054149,ok,0.204496,,0.204496,4.16949,3.1747,0.204304,4.17919,1,0,6.3554,estimated,0.50,2.08960,6.26879
39,11,39.5000,11.5000,1.0000,79.0000,5,0.694915,0.0288529,4.16949,0.052778,ok,0.206643,,0.206643,4.16949,3.1417,0.205885,4.20708,1,0,6.3066,estimated,0.50,2.10354,6.31062
40,11,40.5000,11.5000,1.0000,81.0000,5,0.694915,0.0288529,4.16949,0.051475,ok,0.208791,,0.208791,4.16949,3.1094,0.207131,4.25060,1,0,6.2686,estimated,0.50,2.12530,6.37589
41,11,41.5000,11.5000,1.0000,83.0000,5,0.694915,0.0288529,4.16949,0.050235,ok,0.210938,,0.210938,4.16949,3.0778,0.207937,4.31478,1,0,6.2443,estimated,0.50,2.15739,6.47218
42,11,42.5000,11.5000,1.0000,84.7056,2,0.694915,0.0288529,4.16949,0.049223,ok,0.212769,,0.212769,4.16949,3.0513,0.208212,4.38941,1,0,6.2361,estimated,0.50,2.19471,6.58412
43,11,43.5000,11.5000,1.0000,82.7056,2,0.694915,0.0288529,4.16949,0.050414,ok,0.210622,,0.210622,4.16949,3.0824,0.207851,4.30379,1,0,6.2469,estimated,0.50,2.15189,6.45568
44,11,44.5000,11.5000,1.0000,80.7056,2,0.694915,0.0288529,4.16949,0.051663,ok,0.208474,,0.208474,4.16949,3.1141,0.206975,4.24292,1,0,6.2734,estimated,0.50,2.12146,6.36438
45,11,45.5000,11.5000,1.0000,78.7056,2,0.694915,0.0288529,4.16949,0.052976,ok,0.206327,,0.206327,4.16949,3.1465,0.205673,4.20201,1,0,6.3131,estimated,0.50,2.10101,6.30302
46,11,46.5000,11.5000,1.0000,76.7056,2,0.694915,0.0288529,4.16949,0.054357,ok,0.204180,,0.204180,4.16949,3.1796,0.204051,4.17602,1,0,6.3633,estimated,0.50,2.08801,6.26403
47,11,47.5000,11.5000,1.0000,74.7056,2,0.694915,0.0288529,4.16949,0.055812,ok,0.202032,,0.202032,4.16949,3.2134,0.202208,4.16039,1,0,6.4213,estimated,0.50,2.08020,6.24059
48,11,48.5000,11.5000,1.0000,72.7056,2,0.694915,0.0288529,4.16949,0.057348,ok,0.199885,,0.199885,4.16949,3.2479,0.200223,4.15151,1,0,6.4849,estimated,0.50,2.07575,6.22726
49,11,49.5000,11.5000,1.0000,70.7056,2,0.694915,0.0288529,4.16949,0.058970,ok,0.197738,,0.197738,4.16949,3.2832,0.198154,4.14677,1,0,6.5526,estimated,0.50,2.07339,6.22016
50,11,50.5000,11.5000,1.0000,68.7056,2,0.694915,0.0288529,4.16949,0.060686,ok,0.195590,,0.195590,4.16949,3.3193,0.196034,4.14459,1,0,6.6235,estimated,0.50,2.07230,6.21689
51,11,51.5000,11.5000,1.0000,66.7056,2,0.694915,0.0288529,4.16949,0.062506,ok,0.193443,,0.193443,4.16949,3.3561,0.193881,4.14415,1,0,6.6970,estimated,0.50,2.07207,6.21622
52,11,52.5000,11.5000,1.0000,64.7056,2,0.694915,0.0288529,4.16949,0.064438,ok,0.191296,,0.191296,4.16949,3.3938,0.191706,4.14501,1,0,6.7730,estimated,0.50,2.07250,6.21751
53,11,53.5000,11.5000,1.0000,62.7056,2,0.694915,0.0288529,4.16949,0.066493,ok,0.189148,,0.189148,4.16949,3.4323,0.189507,4.14739,1,0,6.8516,estimated,0.50,2.07369,6.22108
54,11,54.5000,11.5000,1.0000,60.7056,2,0.694915,0.0288529,4.16949,0.068684,ok,0.187001,,0.187001,4.16949,3.4717,0.187282,4.15163,1,0,6.9330,estimated,0.50,2.07582,6.22745
55,11,55.5000,11.5000,1.0000,58.7056,2,0.694915,0.0288529,4.16949,0.071024,ok,0.184854,,0.184854,4.16949,3.5120,0.185026,4.15810,1,0,7.0175,estimated,0.50,2.07905,6.23716
56,11,56.5000,11.5000,1.0000,56.7056,2,0.694915,0.0288529,4.16949,0.073529,ok,0.182706,,0.182706,4.16949,3.5533,0.182739,4.16727,1,0,7.1054,estimated,0.50,2.08363,6.25090
57,11,57.5000,11.5000,1.0000,54.7056,2,0.694915,0.0288529,4.16949,0.076217,ok,0.180559,,0.180559,4.16949,3.5956,0.180419,4.17943,1,0,7.1967,estimated,0.50,2.08972,6.26915
58,11,58.5000,11.5000,1.0000,52.7056,2,0.694915,0.0288529,4.16949,0.079109,ok,0.178112,,0.178112,4.16949,3.6450,0.178073,4.17188,1,0,7.2916,estimated,0.50,2.08594,6.25782
59,11,59.5000,11.5000,1.0000,50.7056,2,0.694915,0.0288529,4.16949,0.082229,ok,0.175558,,0.175558,4.16949,3.6980,0.175704,4.16013,1,0,7.3899,estimated,0.50,2.08006,6.24019
60,11,60.5000,11.5000,1.0000,48.7056,2,0.694915,0.0288529,4.16949,0.085606,ok,0.173005,,0.173005,4.16949,3.7526,0.173341,4.14711,1,0,7.4906,estimated,0.50,2.07355,6.22066
61,11,61.5000,11.5000,1.0000,46.7056,2,0.694915,0.0288529,4.16949,0.089272,ok,0.170452,,0.170452,4.16949,3.8088,0.170997,4.13170,1,0,7.5933,estimated,0.50,2.06585,6.19756
62,11,62.5000,11.5000,1.0000,44.7056,2,0.694915,0.0288529,4.16949,0.093265,ok,0.167899,,0.167899,4.16949,3.8667,0.168696,4.11200,1,0,7.6968,estimated,0.50,2.05600,6.16801
63,11,63.5000,11.5000,1.0000,42.7056,2,0.694915,0.0288529,4.16949,0.097633,ok,0.165345,,0.165345,4.16949,3.9264,0.166461,4.08586,1,0,7.8002,estimated,0.50,2.04293,6.12878
64,11,64.5000,11.5000,1.0000,40.7056,2,0.694915,0.0288529,4.16949,0.102430,ok,0.162792,,0.162792,4.16949,3.9880,0.164311,4.05110,1,0,7.9023,estimated,0.50,2.02555,6.07665
65,11,65.5000,11.5000,1.0000,38.7056,2,0.694915,0.0288529,4.16949,0.107723,ok,0.160239,,0.160239,4.16949,4.0515,0.162260,4.00562,1,0,8.0021,estimated,0.50,2.00281,6.00842
66,11,66.5000,11.5000,1.0000,36.7056,2,0.694915,0.0288529,4.16949,0.113593,ok,0.157686,,0.157686,4.16949,4.1172,0.160316,3.94786,1,0,8.0992,estimated,0.50,1.97393,5.92179
67,11,67.5000,11.5000,1.0000,34.7056,2,0.694915,0.0288529,4.16949,0.120139,ok,0.156326,,0.156326,4.16949,4.1530,0.158459,3.87830,1,0,8.1941,estimated,0.50,1.93915,5.81746
68,11,68.5000,11.5000,1.0000,32.7056,2,0.694915,0.0288529,4.16949,0.127485,ok,0.155155,,0.155155,4.16949,4.1843,0.156703,3.85475,1,0,8.2860,estimated,0.50,1.92737,5.78212
69,11,69.5000,11.5000,1.0000,30.7056,2,0.694915,0.0288529,4.16949,0.135789,ok,0.153912,,0.153912,4.16949,4.2181,0.155048,3.93588,1,0,8.3744,estimated,0.50,1.96794,5.90382
70,11,70.5000,11.5000,1.0000,28.7056,2,0.694915,0.0288529,4.16949,0.145250,ok,0.152588,,0.152588,4.16949,4.2547,0.153491,3.98217,1,0,8.4593,estimated,0.50,1.99108,5.97325
71,11,71.5000,11.5000,1.0000,26.7056,2,0.694915,0.0288529,4.16949,0.156128,ok,0.151177,,0.151177,4.16949,4.2944,0.152031,3.99105,1,0,8.5406,estimated,0.50,1.99553,5.98658
72,11,72.5000,11.5000,1.0000,24.7056,2,0.694915,0.0288529,4.16949,0.168767,ok,0.149668,,0.149668,4.16949,4.3377,0.150690,3.95499,1,0,8.6166,estimated,0.50,1.97750,5.93249
73,11,73.5000,11.5000,1.0000,22.7056,2,0.694915,0.0288529,4.16949,0.183633,ok,0.148051,,0.148051,4.16949,4.3851,0.149448,3.87589,1,0,8.6882,estimated,0.50,1.93794,5.81383
74,11,74.5000,11.5000,1.0000,20.7056,2,0.677966,0.0288529,4.06780,0.196459,ok,0.146776,,0.146776,4.06780,4.4232,0.148319,3.74911,1,0,8.7543,estimated,0.50,1.87456,5.62367
75,11,75.5000,11.5000,1.0000,18.7056,2,0.661017,0.0288529,3.96610,0.212027,ok,0.145359,,0.145359,3.96610,4.4663,0.147321,3.57005,1,0,8.8136,estimated,0.50,1.78502,5.35507
76,11,76.5000,11.5000,1.0000,16.7056,2,0.644068,0.0288529,3.86441,0.231324,ok,0.143775,,0.143775,3.86441,4.5155,0.146460,3.33782,1,0,8.8654,estimated,0.50,1.66891,5.00673
77,11,77.5000,11.5000,1.0000,14.7056,2,0.627119,0.0288529,3.76271,0.255869,too_firm,,3.55265,0.143000,3.55265,4.5400,0.145715,3.05847,1,0,8.9108,estimated,0.50,1.52923,4.58770
78,11,78.5000,11.5000,1.0000,12.7056,2,0.610169,0.0288529,3.66102,0.288141,beyond_data,,3.06948,0.143000,3.06948,4.5400,0.145079,2.73536,1,0,8.9498,estimated,0.50,1.36768,4.10303
79,11,79.5000,11.5000,1.0000,10.7056,2,0.593220,0.0288529,3.55932,0.332472,beyond_data,,2.58631,0.143000,2.58631,4.5400,0.144563,2.37080,1,0,8.9818,estimated,0.50,1.18540,3.55620
80,11,80.5000,11.5000,1.0000,8.7056,2,0.576271,0.0288529,3.45763,0.397171,beyond_data,,2.10315,0.143000,2.10315,4.5400,0.144155,1.97177,1,0,9.0072,estimated,0.50,0.98589,2.95766
81,11,81.5000,11.5000,1.0000,6.7056,2,0.559322,0.0288529,3.35593,0.500465,beyond_data,,1.61998,0.143000,1.61998,4.5400,0.143839,1.54559,1,1,9.0269,estimated,0.50,0.77279,2.31838
82,11,82.5000,11.5000,1.0000,4.7056,2,0.542373,0.0288529,3.25424,0.691563,beyond_data,,1.13681,0.143000,1.13681,4.5400,0.143601,1.09913,1,1,9.0419,estimated,0.50,0.54956,1.64869
83,11,83.5000,11.5000,1.0000,2.7056,2,0.525424,0.0288529,3.15254,1.165180,beyond_data,,0.65364,0.143000,0.65364,4.5400,0.143423,0.63827,1,1,9.0531,estimated,0.50,0.31914,0.95741
84,11,84.5000,11.5000,1.0000,0.7056,2,0.508475,0.0288529,3.05085,4.323595,beyond_data,,0.17047,0.143000,0.17047,4.5400,0.143293,0.16768,1,1,9.0613,estimated,0.50,0.08384,0.25152
0,12,0.5000,12.5000,1.0000,1.0000,5,0.508475,0.0288529,3.05085,3.050847,beyond_data,,0.24158,0.143000,0.24158,4.5400,0.143305,0.23747,1,1,9.0606,estimated,0.50,0.11874,0.35621
1,12,1.5000,12.5000,1.0000,3.0000,5,0.525424,0.0288529,3.15254,1.050847,beyond_data,,0.72475,0.143000,0.72475,4.5400,0.143438,0.70715,1,1,9.0522,estimated,0.50,0.35357,1.06072
2,12,2.5000,12.5000,1.0000,5.0000,5,0.542373,0.0288529,3.25424,0.650847,beyond_data,,1.20792,0.143000,1.20792,4.5400,0.143618,1.16676,1,1,9.0409,estimated,0.50,0.58338,1.75014
3,12,3.5000,12.5000,1.0000,7.0000,5,0.559322,0.0288529,3.35593,0.479419,beyond_data,,1.69109,0.143000,1.69109,4.5400,0.143859,1.61164,1,1,9.0257,estimated,0.50,0.80582,2.41747
4,12,4.5000,12.5000,1.0000,9.0000,5,0.576271,0.0288529,3.45763,0.384181,beyond_data,,2.17426,0.143000,2.17426,4.5400,0.144177,2.03598,1,0,9.0058,estimated,0.50,1.01799,3.05397
5,12,5.5000,12.5000,1.0000,11.0000,5,0.593220,0.0288529,3.55932,0.323575,beyond_data,,2.65743,0.143000,2.65743,4.5400,0.144585,2.43303,1,0,8.9804,estimated,0.50,1.21651,3.64954
6,12,6.5000,12.5000,1.0000,13.0000,5,0.610169,0.0288529,3.66102,0.281617,too_firm,,3.14060,0.143000,3.14060,4.5400,0.145099,2.79571,1,0,8.9486,estimated,0.50,1.39785,4.19356
7,12,7.5000,12.5000,1.0000,15.0000,5,0.627119,0.0288529,3.76271,0.250847,too_firm,,3.62377,0.143000,3.62377,4.5400,0.145728,3.11742,1,0,8.9099,estimated,0.50,1.55871,4.67613
8,12,8.5000,12.5000,1.0000,17.0000,5,0.644068,0.0288529,3.86441,0.227318,ok,0.144089,,0.144089,3.86441,4.5056,0.146456,3.39753,1,0,8.8657,estimated,0.50,1.69877,5.09630
9,12,9.5000,12.5000,1.0000,19.0000,5,0.661017,0.0288529,3.96610,0.208742,ok,0.145647,,0.145647,3.96610,4.4574,0.147300,3.63025,1,0,8.8149,estimated,0.50,1.81512,5.44537
10,12,10.5000,12.5000,1.0000,21.0000,5,0.677966,0.0288529,4.06780,0.193705,ok,0.147041,,0.147041,4.06780,4.4152,0.148274,3.81141,1,0,8.7570,estimated,0.50,1.90570,5.71711
11,12,11.5000,12.5000,1.0000,23.0000,5,0.694915,0.0288529,4.16949,0.181282,ok,0.148296,,0.148296,4.16949,4.3778,0.149370,3.94221,1,0,8.6927,estimated,0.50,1.97111,5.91332
12,12,12.5000,12.5000,1.0000,25.0000,5,0.711864,0.0288529,4.27119,0.170847,ok,0.149432,,0.149432,4.27119,4.3446,0.150576,4.02574,1,0,8.6231,estimated,0.50,2.01287,6.03861
13,12,13.5000,12.5000,1.0000,27.0000,5,0.711864,0.0288529,4.27119,0.158192,ok,0.150921,,0.150921,4.27119,4.3017,0.151862,4.06994,1,0,8.5501,estimated,0.50,2.03497,6.10491
14,12,14.5000,12.5000,1.0000,29.0000,5,0.711864,0.0288529,4.27119,0.147282,ok,0.152316,,0.152316,4.27119,4.2623,0.153259,4.07084,1,0,8.4721,estimated,0.50,2.03542,6.10626
15,12,15.5000,12.5000,1.0000,31.0000,5,0.711864,0.0288529,4.27119,0.137780,ok,0.153626,,0.153626,4.27119,4.2260,0.154743,4.03558,1,0,8.3909,estimated,0.50,2.01779,6.05336
16,12,16.5000,12.5000,1.0000,33.0000,5,0.711864,0.0288529,4.27119,0.129430,ok,0.154857,,0.154857,4.27119,4.1924,0.156318,3.96614,1,0,8.3063,estimated,0.50,1.98307,5.94921
17,12,17.5000,12.5000,1.0000,35.0000,5,0.711864,0.0288529,4.27119,0.122034,ok,0.156017,,0.156017,4.27119,4.1612,0.157989,3.95016,1,0,8.2185,estimated,0.50,1.97508,5.92524
18,12,18.5000,12.5000,1.0000,37.0000,5,0.711864,0.0288529,4.27119,0.115437,ok,0.157112,,0.157112,4.27119,4.1322,0.159763,4.02454,1,0,8.1272,estimated,0.50,2.01227,6.03680
19,12,19.5000,12.5000,1.0000,39.0000,5,0.711864,0.0288529,4.27119,0.109518,ok,0.159429,,0.159429,4.27119,4.0721,0.161620,4.08698,1,0,8.0339,estimated,0.50,2.04349,6.13047
20,12,20.5000,12.5000,1.0000,41.0000,5,0.711864,0.0288529,4.27119,0.104175,ok,0.161922,,0.161922,4.27119,4.0094,0.163581,4.13687,1,0,7.9376,estimated,0.50,2.06843,6.20530
21,12,21.5000,12.5000,1.0000,43.0000,5,0.711864,0.0288529,4.27119,0.099330,ok,0.164414,,0.164414,4.27119,3.9487,0.165644,4.17533,1,0,7.8387,estimated,0.50,2.08766,6.26299
22,12,22.5000,12.5000,1.0000,45.0000,5,0.711864,0.0288529,4.27119,0.094915,ok,0.166907,,0.166907,4.27119,3.8897,0.167799,4.20430,1,0,7.7380,estimated,0.50,2.10215,6.30644
23,12,23.5000,12.5000,1.0000,47.0000,5,0.711864,0.0288529,4.27119,0.090876,ok,0.169399,,0.169399,4.27119,3.8325,0.170026,4.22595,1,0,7.6367,estimated,0.50,2.11298,6.33893
24,12,24.5000,12.5000,1.0000,49.0000,5,0.711864,0.0288529,4.27119,0.087167,ok,0.171891,,0.171891,4.27119,3.7769,0.172304,4.24251,1,0,7.5357,estimated,0.50,2.12126,6.36377
25,12,25.5000,12.5000,1.0000,51.0000,5,0.711864,0.0288529,4.27119,0.083749,ok,0.174384,,0.174384,4.27119,3.7229,0.174610,4.25602,1,0,7.4362,estimated,0.50,2.12801,6.38404
26,12,26.5000,12.5000,1.0000,53.0000,5,0.711864,0.0288529,4.27119,0.080588,ok,0.176876,,0.176876,4.27119,3.6704,0.176923,4.26816,1,0,7.3389,estimated,0.50,2.13408,6.40225
27,12,27.5000,12.5000,1.0000,55.0000,5,0.711864,0.0288529,4.27119,0.077658,ok,0.179369,,0.179369,4.27119,3.6194,0.179221,4.28043,1,0,7.2449,estimated,0.50,2.14021,6.42064
28,12,28.5000,12.5000,1.0000,57.0000,5,0.711864,0.0288529,4.27119,0.074933,ok,0.181565,,0.181565,4.27119,3.5757,0.181501,4.27579,1,0,7.1538,estimated,0.50,2.13789,6.41368
29,12,29.5000,12.5000,1.0000,59.0000,5,0.711864,0.0288529,4.27119,0.072393,ok,0.183662,,0.183662,4.27119,3.5348,0.183751,4.26501,1,0,7.0662,estimated,0.50,2.13251,6.39752
30,12,30.5000,12.5000,1.0000,61.0000,5,0.711864,0.0288529,4.27119,0.070019,ok,0.185758,,0.185758,4.27119,3.4950,0.185969,4.25714,1,0,6.9820,estimated,0.50,2.12857,6.38572
31,12,31.5000,12.5000,1.0000,63.0000,5,0.711864,0.0288529,4.27119,0.067797,ok,0.187854,,0.187854,4.27119,3.4560,0.188155,4.25178,1,0,6.9008,estimated,0.50,2.12589,6.37767
32,12,32.5000,12.5000,1.0000,65.0000,5,0.711864,0.0288529,4.27119,0.065711,ok,0.189950,,0.189950,4.27119,3.4178,0.190313,4.24858,1,0,6.8226,estimated,0.50,2.12429,6.37287
33,12,33.5000,12.5000,1.0000,67.0000,5,0.711864,0.0288529,4.27119,0.063749,ok,0.192046,,0.192046,4.27119,3.3805,0.192443,4.24722,1,0,6.7471,estimated,0.50,2.12361,6.37084
34,12,34.5000,12.5000,1.0000,69.0000,5,0.711864,0.0288529,4.27119,0.061901,ok,0.194143,,0.194143,4.27119,3.3440,0.194544,4.24761,1,0,6.6742,estimated,0.50,2.12381,6.37142
35,12,35.5000,12.5000,1.0000,71.0000,5,0.711864,0.0288529,4.27119,0.060158,ok,0.196239,,0.196239,4.27119,3.3083,0.196613,4.24982,1,0,6.6040,estimated,0.50,2.12491,6.37473
36,12,36.5000,12.5000,1.0000,73.0000,5,0.711864,0.0288529,4.27119,0.058509,ok,0.198335,,0.198335,4.27119,3.2733,0.198622,4.25521,1,0,6.5372,estimated,0.50,2.12761,6.38282
37,12,37.5000,12.5000,1.0000,75.0000,5,0.711864,0.0288529,4.27119,0.056949,ok,0.200431,,0.200431,4.27119,3.2391,0.200539,4.26536,1,0,6.4747,estimated,0.50,2.13268,6.39804
38,12,38.5000,12.5000,1.0000,77.0000,5,0.711864,0.0288529,4.27119,0.055470,ok,0.202527,,0.202527,4.27119,3.2056,0.202304,4.28304,1,0,6.4182,estimated,0.50,2.14152,6.42456
39,12,39.5000,12.5000,1.0000,79.0000,5,0.711864,0.0288529,4.27119,0.054066,ok,0.204624,,0.204624,4.27119,3.1727,0.203839,4.31205,1,0,6.3699,estimated,0.50,2.15603,6.46808
40,12,40.5000,12.5000,1.0000,81.0000,5,0.711864,0.0288529,4.27119,0.052731,ok,0.206720,,0.206720,4.27119,3.1406,0.205046,4.35708,1,0,6.3324,estimated,0.50,2.17854,6.53562
41,12,41.5000,12.5000,1.0000,83.0000,5,0.711864,0.0288529,4.27119,0.051460,ok,0.208816,,0.208816,4.27119,3.1090,0.205826,4.42320,1,0,6.3084,estimated,0.50,2.21160,6.63480
42,12,42.5000,12.5000,1.0000,84.7056,2,0.711864,0.0288529,4.27119,0.050424,ok,0.210604,,0.210604,4.27119,3.0826,0.206093,4.49982,1,0,6.3002,estimated,0.50,2.24991,6.74973
43,12,43.5000,12.5000,1.0000,82.7056,2,0.711864,0.0288529,4.27119,0.051643,ok,0.208508,,0.208508,4.27119,3.1136,0.205743,4.41190,1,0,6.3109,estimated,0.50,2.20595,6.61784
44,12,44.5000,12.5000,1.0000,80.7056,2,0.711864,0.0288529,4.27119,0.052923,ok,0.206411,,0.206411,4.27119,3.1452,0.204895,4.34916,1,0,6.3371,estimated,0.50,2.17458,6.52374
45,12,45.5000,12.5000,1.0000,78.7056,2,0.711864,0.0288529,4.27119,0.054268,ok,0.204315,,0.204315,4.27119,3.1775,0.203633,4.30679,1,0,6.3763,estimated,0.50,2.15340,6.46019
46,12,46.5000,12.5000,1.0000,76.7056,2,0.711864,0.0288529,4.27119,0.055683,ok,0.202219,,0.202219,4.27119,3.2105,0.202058,4.27973,1,0,6.4260,estimated,0.50,2.13987,6.41960
47,12,47.5000,12.5000,1.0000,74.7056,2,0.711864,0.0288529,4.27119,0.057174,ok,0.200123,,0.200123,4.27119,3.2441,0.200266,4.26340,1,0,6.4835,estimated,0.50,2.13170,6.39509
48,12,48.5000,12.5000,1.0000,72.7056,2,0.711864,0.0288529,4.27119,0.058746,ok,0.198027,,0.198027,4.27119,3.2784,0.198332,4.25411,1,0,6.5467,estimated,0.50,2.12706,6.38117
49,12,49.5000,12.5000,1.0000,70.7056,2,0.711864,0.0288529,4.27119,0.060408,ok,0.195930,,0.195930,4.27119,3.3135,0.196312,4.24927,1,0,6.6141,estimated,0.50,2.12464,6.37391
50,12,50.5000,12.5000,1.0000,68.7056,2,0.711864,0.0288529,4.27119,0.062166,ok,0.193834,,0.193834,4.27119,3.3493,0.194237,4.24741,1,0,6.6848,estimated,0.50,2.12371,6.37112
51,12,51.5000,12.5000,1.0000,66.7056,2,0.711864,0.0288529,4.27119,0.064030,ok,0.191738,,0.191738,4.27119,3.3860,0.192131,4.24730,1,0,6.7580,estimated,0.50,2.12365,6.37095
52,12,52.5000,12.5000,1.0000,64.7056,2,0.711864,0.0288529,4.27119,0.066010,ok,0.189642,,0.189642,4.27119,3.4234,0.189997,4.24892,1,0,6.8339,estimated,0.50,2.12446,6.37338
53,12,53.5000,12.5000,1.0000,62.7056,2,0.711864,0.0288529,4.27119,0.068115,ok,0.187545,,0.187545,4.27119,3.4616,0.187836,4.25241,1,0,6.9126,estimated,0.50,2.12621,6.37862
54,12,54.5000,12.5000,1.0000,60.7056,2,0.711864,0.0288529,4.27119,0.070359,ok,0.185449,,0.185449,4.27119,3.5008,0.185644,4.25813,1,0,6.9942,estimated,0.50,2.12907,6.38720
55,12,55.5000,12.5000,1.0000,58.7056,2,0.711864,0.0288529,4.27119,0.072756,ok,0.183353,,0.183353,4.27119,3.5408,0.183422,4.26641,1,0,7.0789,estimated,0.50,2.13320,6.39961
56,12,56.5000,12.5000,1.0000,56.7056,2,0.711864,0.0288529,4.27119,0.075322,ok,0.181257,,0.181257,4.27119,3.5817,0.181167,4.27763,1,0,7.1670,estimated,0.50,2.13882,6.41645
57,12,57.5000,12.5000,1.0000,54.7056,2,0.711864,0.0288529,4.27119,0.078076,ok,0.179002,,0.179002,4.27119,3.6269,0.178883,4.27865,1,0,7.2585,estimated,0.50,2.13932,6.41797
58,12,58.5000,12.5000,1.0000,52.7056,2,0.711864,0.0288529,4.27119,0.081039,ok,0.176510,,0.176510,4.27119,3.6781,0.176583,4.26642,1,0,7.3531,estimated,0.50,2.13321,6.39963
59,12,59.5000,12.5000,1.0000,50.7056,2,0.711864,0.0288529,4.27119,0.084235,ok,0.174017,,0.174017,4.27119,3.7308,0.174270,4.25418,1,0,7.4507,estimated,0.50,2.12709,6.38127
60,12,60.5000,12.5000,1.0000,48.7056,2,0.711864,0.0288529,4.27119,0.087694,ok,0.171525,,0.171525,4.27119,3.7850,0.171966,4.24036,1,0,7.5505,estimated,0.50,2.12018,6.36054
61,12,61.5000,12.5000,1.0000,46.7056,2,0.711864,0.0288529,4.27119,0.091449,ok,0.169032,,0.169032,4.27119,3.8408,0.169693,4.22322,1,0,7.6516,estimated,0.50,2.11161,6.33483
62,12,62.5000,12.5000,1.0000,44.7056,2,0.711864,0.0288529,4.27119,0.095540,ok,0.166540,,0.166540,4.27119,3.8983,0.167475,4.20070,1,0,7.7530,estimated,0.50,2.10035,6.30104
63,12,63.5000,12.5000,1.0000,42.7056,2,0.711864,0.0288529,4.27119,0.100015,ok,0.164047,,0.164047,4.27119,3.9575,0.165331,4.17056,1,0,7.8535,estimated,0.50,2.08528,6.25584
64,12,64.5000,12.5000,1.0000,40.7056,2,0.711864,0.0288529,4.27119,0.104929,ok,0.161555,,0.161555,4.27119,4.0185,0.163280,4.13067,1,0,7.9521,estimated,0.50,2.06534,6.19601
65,12,65.5000,12.5000,1.0000,38.7056,2,0.711864,0.0288529,4.27119,0.110351,ok,0.159062,,0.159062,4.27119,4.0815,0.161333,4.07916,1,0,8.0481,estimated,0.50,2.03958,6.11874
66,12,66.5000,12.5000,1.0000,36.7056,2,0.711864,0.0288529,4.27119,0.116363,ok,0.156955,,0.156955,4.27119,4.1363,0.159485,4.01527,1,0,8.1414,estimated,0.50,2.00763,6.02290
67,12,67.5000,12.5000,1.0000,34.7056,2,0.711864,0.0288529,4.27119,0.123069,ok,0.155850,,0.155850,4.27119,4.1656,0.157724,3.93904,1,0,8.2323,estimated,0.50,1.96952,5.90857
68,12,68.5000,12.5000,1.0000,32.7056,2,0.711864,0.0288529,4.27119,0.130595,ok,0.154680,,0.154680,4.27119,4.1971,0.156065,3.98154,1,0,8.3198,estimated,0.50,1.99077,5.97231
69,12,69.5000,12.5000,1.0000,30.7056,2,0.711864,0.0288529,4.27119,0.139101,ok,0.153438,,0.153438,4.27119,4.2311,0.154501,4.04670,1,0,8.4040,estimated,0.50,2.02335,6.07005
70,12,70.5000,12.5000,1.0000,28.7056,2,0.711864,0.0288529,4.27119,0.148793,ok,0.152116,,0.152116,4.27119,4.2679,0.153027,4.07737,1,0,8.4850,estimated,0.50,2.03868,6.11605
71,12,71.5000,12.5000,1.0000,26.7056,2,0.711864,0.0288529,4.27119,0.159936,ok,0.150708,,0.150708,4.27119,4.3078,0.151641,4.07136,1,0,8.5625,estimated,0.50,2.03568,6.10704
72,12,72.5000,12.5000,1.0000,24.7056,2,0.711864,0.0288529,4.27119,0.172883,ok,0.149204,,0.149204,4.27119,4.3512,0.150367,4.02137,1,0,8.6351,estimated,0.50,2.01069,6.03206
73,12,73.5000,12.5000,1.0000,22.7056,2,0.694915,0.0288529,4.16949,0.183633,ok,0.148051,,0.148051,4.16949,4.3851,0.149175,3.93132,1,0,8.7041,estimated,0.50,1.96566,5.89698
74,12,74.5000,12.5000,1.0000,20.7056,2,0.677966,0.0288529,4.06780,0.196459,ok,0.146776,,0.146776,4.06780,4.4232,0.148096,3.79328,1,0,8.7675,estimated,0.50,1.89664,5.68992
75,12,75.5000,12.5000,1.0000,18.7056,2,0.661017,0.0288529,3.96610,0.212027,ok,0.145359,,0.145359,3.96610,4.4663,0.147140,3.60437,1,0,8.8244,estimated,0.50,1.80218,5.40655
76,12,76.5000,12.5000,1.0000,16.7056,2,0.644068,0.0288529,3.86441,0.231324,ok,0.143775,,0.143775,3.86441,4.5155,0.146316,3.36377,1,0,8.8742,estimated,0.50,1.68189,5.04566
77,12,77.5000,12.5000,1.0000,14.7056,2,0.627119,0.0288529,3.76271,0.255869,too_firm,,3.55265,0.143000,3.55265,4.5400,0.145601,3.07742,1,0,8.9177,estimated,0.50,1.53871,4.61613
78,12,78.5000,12.5000,1.0000,12.7056,2,0.610169,0.0288529,3.66102,0.288141,beyond_data,,3.06948,0.143000,3.06948,4.5400,0.144990,2.74862,1,0,8.9553,estimated,0.50,1.37431,4.12293
79,12,79.5000,12.5000,1.0000,10.7056,2,0.593220,0.0288529,3.55932,0.332472,beyond_data,,2.58631,0.143000,2.58631,4.5400,0.144495,2.37967,1,0,8.9860,estimated,0.50,1.18984,3.56951
80,12,80.5000,12.5000,1.0000,8.7056,2,0.576271,0.0288529,3.45763,0.397171,beyond_data,,2.10315,0.143000,2.10315,4.5400,0.144104,1.97738,1,0,9.0104,estimated,0.50,0.98869,2.96607
81,12,81.5000,12.5000,1.0000,6.7056,2,0.559322,0.0288529,3.35593,0.500465,beyond_data,,1.61998,0.143000,1.61998,4.5400,0.143801,1.54889,1,1,9.0293,estimated,0.50,0.77444,2.32333
82,12,82.5000,12.5000,1.0000,4.7056,2,0.542373,0.0288529,3.25424,0.691563,beyond_data,,1.13681,0.143000,1.13681,4.5400,0.143572,1.10087,1,1,9.0437,estimated,0.50,0.55043,1.65130
83,12,83.5000,12.5000,1.0000,2.7056,2,0.525424,0.0288529,3.15254,1.165180,beyond_data,,0.65364,0.143000,0.65364,4.5400,0.143403,0.63901,1,1,9.0544,estimated,0.50,0.31951,0.95852
84,12,84.5000,12.5000,1.0000,0.7056,2,0.508475,0.0288529,3.05085,4.323595,beyond_data,,0.17047,0.143000,0.17047,4.5400,0.143278,0.16782,1,1,9.0623,estimated,0.50,0.08391,0.25173
0,13,0.5000,13.5000,1.0000,1.0000,5,0.508475,0.0288529,3.05085,3.050847,beyond_data,,0.24158,0.143000,0.24158,4.5400,0.143293,0.23764,1,1,9.0614,estimated,0.50,0.11882,0.35646
1,13,1.5000,13.5000,1.0000,3.0000,5,0.525424,0.0288529,3.15254,1.050847,beyond_data,,0.72475,0.143000,0.72475,4.5400,0.143421,0.70782,1,1,9.0533,estimated,0.50,0.35391,1.06173
2,13,2.5000,13.5000,1.0000,5.0000,5,0.542373,0.0288529,3.25424,0.650847,beyond_data,,1.20792,0.143000,1.20792,4.5400,0.143595,1.16828,1,1,9.0423,estimated,0.50,0.58414,1.75242
3,13,3.5000,13.5000,1.0000,7.0000,5,0.559322,0.0288529,3.35593,0.479419,beyond_data,,1.69109,0.143000,1.69109,4.5400,0.143828,1.61449,1,1,9.0277,estimated,0.50,0.80724,2.42173
4,13,4.5000,13.5000,1.0000,9.0000,5,0.576271,0.0288529,3.45763,0.384181,beyond_data,,2.17426,0.143000,2.17426,4.5400,0.144134,2.04079,1,0,9.0085,estimated,0.50,1.02040,3.06119
5,13,5.5000,13.5000,1.0000,11.0000,5,0.593220,0.0288529,3.55932,0.323575,beyond_data,,2.65743,0.143000,2.65743,4.5400,0.144528,2.44064,1,0,8.9839,estimated,0.50,1.22032,3.66096
6,13,6.5000,13.5000,1.0000,13.0000,5,0.610169,0.0288529,3.66102,0.281617,too_firm,,3.14060,0.143000,3.14060,4.5400,0.145024,2.80714,1,0,8.9532,estimated,0.50,1.40357,4.21071
7,13,7.5000,13.5000,1.0000,15.0000,5,0.627119,0.0288529,3.76271,0.250847,too_firm,,3.62377,0.143000,3.62377,4.5400,0.145631,3.13385,1,0,8.9159,estimated,0.50,1.56693,4.70078
8,13,8.5000,13.5000,1.0000,17.0000,5,0.644068,0.0288529,3.86441,0.227318,ok,0.144089,,0.144089,3.86441,4.5056,0.146332,3.42013,1,0,8.8732,estimated,0.50,1.71007,5.13020
9,13,9.5000,13.5000,1.0000,19.0000,5,0.661017,0.0288529,3.96610,0.208742,ok,0.145647,,0.145647,3.96610,4.4574,0.147144,3.66033,1,0,8.8242,estimated,0.50,1.83016,5.49049
10,13,10.5000,13.5000,1.0000,21.0000,5,0.677966,0.0288529,4.06780,0.193705,ok,0.147041,,0.147041,4.06780,4.4152,0.148080,3.85046,1,0,8.7684,estimated,0.50,1.92523,5.77568
11,13,11.5000,13.5000,1.0000,23.0000,5,0.694915,0.0288529,4.16949,0.181282,ok,0.148296,,0.148296,4.16949,4.3778,0.149130,3.99173,1,0,8.7067,estimated,0.50,1.99586,5.98759
12,13,12.5000,13.5000,1.0000,25.0000,5,0.711864,0.0288529,4.27119,0.170847,ok,0.149432,,0.149432,4.27119,4.3446,0.150282,4.08722,1,0,8.6400,estimated,0.50,2.04361,6.13083
13,13,13.5000,13.5000,1.0000,27.0000,5,0.728814,0.0288529,4.37288,0.161959,ok,0.150464,,0.150464,4.37288,4.3148,0.151513,4.14331,1,0,8.5697,estimated,0.50,2.07166,6.21497
14,13,14.5000,13.5000,1.0000,29.0000,5,0.728814,0.0288529,4.37288,0.150789,ok,0.151856,,0.151856,4.37288,4.2752,0.152839,4.15886,1,0,8.4954,estimated,0.50,2.07943,6.23829
15,13,15.5000,13.5000,1.0000,31.0000,5,0.728814,0.0288529,4.37288,0.141061,ok,0.153163,,0.153163,4.37288,4.2387,0.154243,4.13926,1,0,8.4181,estimated,0.50,2.06963,6.20889
16,13,16.5000,13.5000,1.0000,33.0000,5,0.728814,0.0288529,4.37288,0.132512,ok,0.154393,,0.154393,4.37288,4.2049,0.155730,4.08616,1,0,8.3377,estimated,0.50,2.04308,6.12924
17,13,17.5000,13.5000,1.0000,35.0000,5,0.728814,0.0288529,4.37288,0.124939,ok,0.155553,,0.155553,4.37288,4.1736,0.157307,4.00816,1,0,8.2541,estimated,0.50,2.00408,6.01223
18,13,18.5000,13.5000,1.0000,37.0000,5,0.728814,0.0288529,4.37288,0.118186,ok,0.156648,,0.156648,4.37288,4.1444,0.158981,4.08988,1,0,8.1672,estimated,0.50,2.04494,6.13482
19,13,19.5000,13.5000,1.0000,39.0000,5,0.728814,0.0288529,4.37288,0.112125,ok,0.158299,,0.158299,4.37288,4.1012,0.160747,4.15839,1,0,8.0775,estimated,0.50,2.07920,6.23759
20,13,20.5000,13.5000,1.0000,41.0000,5,0.728814,0.0288529,4.37288,0.106656,ok,0.160733,,0.160733,4.37288,4.0391,0.162606,4.21473,1,0,7.9851,estimated,0.50,2.10736,6.32209
21,13,21.5000,13.5000,1.0000,43.0000,5,0.728814,0.0288529,4.37288,0.101695,ok,0.163168,,0.163168,4.37288,3.9788,0.164560,4.25956,1,0,7.8903,estimated,0.50,2.12978,6.38934
22,13,22.5000,13.5000,1.0000,45.0000,5,0.728814,0.0288529,4.37288,0.097175,ok,0.165602,,0.165602,4.37288,3.9203,0.166623,4.29290,1,0,7.7926,estimated,0.50,2.14645,6.43934
23,13,23.5000,13.5000,1.0000,47.0000,5,0.728814,0.0288529,4.37288,0.093040,ok,0.168037,,0.168037,4.37288,3.8635,0.168768,4.31774,1,0,7.6936,estimated,0.50,2.15887,6.47660
24,13,24.5000,13.5000,1.0000,49.0000,5,0.728814,0.0288529,4.37288,0.089242,ok,0.170471,,0.170471,4.37288,3.8084,0.170974,4.33633,1,0,7.5943,estimated,0.50,2.16816,6.50449
25,13,25.5000,13.5000,1.0000,51.0000,5,0.728814,0.0288529,4.37288,0.085743,ok,0.172906,,0.172906,4.37288,3.7547,0.173220,4.35086,1,0,7.4958,estimated,0.50,2.17543,6.52629
26,13,26.5000,13.5000,1.0000,53.0000,5,0.728814,0.0288529,4.37288,0.082507,ok,0.175340,,0.175340,4.37288,3.7026,0.175483,4.36322,1,0,7.3992,estimated,0.50,2.18161,6.54483
27,13,27.5000,13.5000,1.0000,55.0000,5,0.728814,0.0288529,4.37288,0.079507,ok,0.177775,,0.177775,4.37288,3.6519,0.177739,4.37520,1,0,7.3052,estimated,0.50,2.18760,6.56280
28,13,28.5000,13.5000,1.0000,57.0000,5,0.728814,0.0288529,4.37288,0.076717,ok,0.180176,,0.180176,4.37288,3.6032,0.179984,4.38710,1,0,7.2141,estimated,0.50,2.19355,6.58065
29,13,29.5000,13.5000,1.0000,59.0000,5,0.728814,0.0288529,4.37288,0.074117,ok,0.182224,,0.182224,4.37288,3.5627,0.182203,4.37435,1,0,7.1263,estimated,0.50,2.18718,6.56153
30,13,30.5000,13.5000,1.0000,61.0000,5,0.728814,0.0288529,4.37288,0.071687,ok,0.184271,,0.184271,4.37288,3.5232,0.184390,4.36453,1,0,7.0417,estimated,0.50,2.18227,6.54680
31,13,31.5000,13.5000,1.0000,63.0000,5,0.728814,0.0288529,4.37288,0.069411,ok,0.186318,,0.186318,4.37288,3.4844,0.186546,4.35752,1,0,6.9604,estimated,0.50,2.17876,6.53628
32,13,32.5000,13.5000,1.0000,65.0000,5,0.728814,0.0288529,4.37288,0.067275,ok,0.188366,,0.188366,4.37288,3.4466,0.188669,4.35304,1,0,6.8820,estimated,0.50,2.17652,6.52956
33,13,33.5000,13.5000,1.0000,67.0000,5,0.728814,0.0288529,4.37288,0.065267,ok,0.190413,,0.190413,4.37288,3.4095,0.190762,4.35077,1,0,6.8065,estimated,0.50,2.17539,6.52616
34,13,34.5000,13.5000,1.0000,69.0000,5,0.728814,0.0288529,4.37288,0.063375,ok,0.192461,,0.192461,4.37288,3.3732,0.192823,4.35060,1,0,6.7338,estimated,0.50,2.17530,6.52590
35,13,35.5000,13.5000,1.0000,71.0000,5,0.728814,0.0288529,4.37288,0.061590,ok,0.194508,,0.194508,4.37288,3.3377,0.194843,4.35282,1,0,6.6640,estimated,0.50,2.17641,6.52923
36,13,36.5000,13.5000,1.0000,73.0000,5,0.728814,0.0288529,4.37288,0.059902,ok,0.196556,,0.196556,4.37288,3.3030,0.196811,4.35800,1,0,6.5974,estimated,0.50,2.17900,6.53701
37,13,37.5000,13.5000,1.0000,75.0000,5,0.728814,0.0288529,4.37288,0.058305,ok,0.198603,,0.198603,4.37288,3.2689,0.198679,4.36856,1,0,6.5353,estimated,0.50,2.18428,6.55284
38,13,38.5000,13.5000,1.0000,77.0000,5,0.728814,0.0288529,4.37288,0.056791,ok,0.200651,,0.200651,4.37288,3.2355,0.200397,4.38699,1,0,6.4793,estimated,0.50,2.19349,6.58048
39,13,39.5000,13.5000,1.0000,79.0000,5,0.728814,0.0288529,4.37288,0.055353,ok,0.202698,,0.202698,4.37288,3.2029,0.201888,4.41712,1,0,6.4314,estimated,0.50,2.20856,6.62569
40,13,40.5000,13.5000,1.0000,81.0000,5,0.728814,0.0288529,4.37288,0.053986,ok,0.204746,,0.204746,4.37288,3.1708,0.203059,4.46368,1,0,6.3944,estimated,0.50,2.23184,6.69552
41,13,41.5000,13.5000,1.0000,83.0000,5,0.728814,0.0288529,4.37288,0.052685,ok,0.206793,,0.206793,4.37288,3.1394,0.203815,4.53174,1,0,6.3706,estimated,0.50,2.26587,6.79760
42,13,42.5000,13.5000,1.0000,84.7056,2,0.728814,0.0288529,4.37288,0.051624,ok,0.208539,,0.208539,4.37288,3.1132,0.204073,4.61034,1,0,6.3626,estimated,0.50,2.30517,6.91551
43,13,43.5000,13.5000,1.0000,82.7056,2,0.728814,0.0288529,4.37288,0.052873,ok,0.206492,,0.206492,4.37288,3.1440,0.203734,4.52012,1,0,6.3732,estimated,0.50,2.26006,6.78018
44,13,44.5000,13.5000,1.0000,80.7056,2,0.728814,0.0288529,4.37288,0.054183,ok,0.204444,,0.204444,4.37288,3.1755,0.202912,4.45551,1,0,6.3990,estimated,0.50,2.22775,6.68326
45,13,45.5000,13.5000,1.0000,78.7056,2,0.728814,0.0288529,4.37288,0.055560,ok,0.202397,,0.202397,4.37288,3.2076,0.201688,4.41167,1,0,6.4378,estimated,0.50,2.20584,6.61751
46,13,46.5000,13.5000,1.0000,76.7056,2,0.728814,0.0288529,4.37288,0.057009,ok,0.200349,,0.200349,4.37288,3.2404,0.200158,4.38355,1,0,6.4870,estimated,0.50,2.19177,6.57532
47,13,47.5000,13.5000,1.0000,74.7056,2,0.728814,0.0288529,4.37288,0.058535,ok,0.198302,,0.198302,4.37288,3.2739,0.198413,4.36651,1,0,6.5441,estimated,0.50,2.18326,6.54977
48,13,48.5000,13.5000,1.0000,72.7056,2,0.728814,0.0288529,4.37288,0.060145,ok,0.196254,,0.196254,4.37288,3.3080,0.196528,4.35687,1,0,6.6069,estimated,0.50,2.17844,6.53531
49,13,49.5000,13.5000,1.0000,70.7056,2,0.728814,0.0288529,4.37288,0.061846,ok,0.194207,,0.194207,4.37288,3.3429,0.194550,4.35228,1,0,6.6740,estimated,0.50,2.17614,6.52842
50,13,50.5000,13.5000,1.0000,68.7056,2,0.728814,0.0288529,4.37288,0.063647,ok,0.192159,,0.192159,4.37288,3.3785,0.192522,4.35046,1,0,6.7443,estimated,0.50,2.17523,6.52569
51,13,51.5000,13.5000,1.0000,66.7056,2,0.728814,0.0288529,4.37288,0.065555,ok,0.190112,,0.190112,4.37288,3.4149,0.190456,4.35096,1,0,6.8175,estimated,0.50,2.17548,6.52644
52,13,52.5000,13.5000,1.0000,64.7056,2,0.728814,0.0288529,4.37288,0.067581,ok,0.188065,,0.188065,4.37288,3.4521,0.188359,4.35354,1,0,6.8934,estimated,0.50,2.17677,6.53032
53,13,53.5000,13.5000,1.0000,62.7056,2,0.728814,0.0288529,4.37288,0.069737,ok,0.186017,,0.186017,4.37288,3.4901,0.186231,4.35837,1,0,6.9722,estimated,0.50,2.17919,6.53756
54,13,54.5000,13.5000,1.0000,60.7056,2,0.728814,0.0288529,4.37288,0.072034,ok,0.183970,,0.183970,4.37288,3.5289,0.184071,4.36579,1,0,7.0540,estimated,0.50,2.18289,6.54868
55,13,55.5000,13.5000,1.0000,58.7056,2,0.728814,0.0288529,4.37288,0.074488,ok,0.181922,,0.181922,4.37288,3.5686,0.181879,4.37605,1,0,7.1390,estimated,0.50,2.18803,6.56408
56,13,56.5000,13.5000,1.0000,56.7056,2,0.728814,0.0288529,4.37288,0.077115,ok,0.179851,,0.179851,4.37288,3.6097,0.179656,4.38530,1,0,7.2273,estimated,0.50,2.19265,6.57795
57,13,57.5000,13.5000,1.0000,54.7056,2,0.728814,0.0288529,4.37288,0.079935,ok,0.177417,,0.177417,4.37288,3.6593,0.177407,4.37350,1,0,7.3189,estimated,0.50,2.18675,6.56026
58,13,58.5000,13.5000,1.0000,52.7056,2,0.728814,0.0288529,4.37288,0.082968,ok,0.174982,,0.174982,4.37288,3.7102,0.175149,4.36150,1,0,7.4133,estimated,0.50,2.18075,6.54225
59,13,59.5000,13.5000,1.0000,50.7056,2,0.728814,0.0288529,4.37288,0.086241,ok,0.172548,,0.172548,4.37288,3.7625,0.172887,4.34894,1,0,7.5103,estimated,0.50,2.17447,6.52341
60,13,60.5000,13.5000,1.0000,48.7056,2,0.728814,0.0288529,4.37288,0.089782,ok,0.170113,,0.170113,4.37288,3.8164,0.170645,4.33398,1,0,7.6089,estimated,0.50,2.16699,6.50097
61,13,61.5000,13.5000,1.0000,46.7056,2,0.728814,0.0288529,4.37288,0.093626,ok,0.167679,,0.167679,4.37288,3.8718,0.168446,4.31467,1,0,7.7083,estimated,0.50,2.15734,6.47201
62,13,62.5000,13.5000,1.0000,44.7056,2,0.728814,0.0288529,4.37288,0.097815,ok,0.165244,,0.165244,4.37288,3.9288,0.166311,4.28882,1,0,7.8073,estimated,0.50,2.14441,6.43323
63,13,63.5000,13.5000,1.0000,42.7056,2,0.728814,0.0288529,4.37288,0.102396,ok,0.162810,,0.162810,4.37288,3.9876,0.164260,4.25418,1,0,7.9047,estimated,0.50,2.12709,6.38127
64,13,64.5000,13.5000,1.0000,40.7056,2,0.728814,0.0288529,4.37288,0.107427,ok,0.160375,,0.160375,4.37288,4.0481,0.162319,4.20781,1,0,7.9993,estimated,0.50,2.10390,6.31171
65,13,65.5000,13.5000,1.0000,38.7056,2,0.728814,0.0288529,4.37288,0.112978,ok,0.157941,,0.157941,4.37288,4.1105,0.160473,4.14979,1,0,8.0912,estimated,0.50,2.07489,6.22468
66,13,66.5000,13.5000,1.0000,36.7056,2,0.728814,0.0288529,4.37288,0.119134,ok,0.156491,,0.156491,4.37288,4.1486,0.158716,4.07981,1,0,8.1809,estimated,0.50,2.03991,6.11972
67,13,67.5000,13.5000,1.0000,34.7056,2,0.728814,0.0288529,4.37288,0.125999,ok,0.155387,,0.155387,4.37288,4.1781,0.157053,4.01834,1,0,8.2675,estimated,0.50,2.00917,6.02751
68,13,68.5000,13.5000,1.0000,32.7056,2,0.728814,0.0288529,4.37288,0.133704,ok,0.154217,,0.154217,4.37288,4.2098,0.155487,4.09998,1,0,8.3507,estimated,0.50,2.04999,6.14996
69,13,69.5000,13.5000,1.0000,30.7056,2,0.728814,0.0288529,4.37288,0.142413,ok,0.152975,,0.152975,4.37288,4.2439,0.154009,4.14895,1,0,8.4309,estimated,0.50,2.07447,6.22342
70,13,70.5000,13.5000,1.0000,28.7056,2,0.728814,0.0288529,4.37288,0.152335,ok,0.151656,,0.151656,4.37288,4.2808,0.152614,4.16411,1,0,8.5079,estimated,0.50,2.08206,6.24617
71,13,71.5000,13.5000,1.0000,26.7056,2,0.728814,0.0288529,4.37288,0.163744,ok,0.150252,,0.150252,4.37288,4.3209,0.151298,4.14364,1,0,8.5819,estimated,0.50,2.07182,6.21546
72,13,72.5000,13.5000,1.0000,24.7056,2,0.711864,0.0288529,4.27119,0.172883,ok,0.149204,,0.149204,4.27119,4.3512,0.150078,4.08193,1,0,8.6517,estimated,0.50,2.04097,6.12290
73,13,73.5000,13.5000,1.0000,22.7056,2,0.694915,0.0288529,4.16949,0.183633,ok,0.148051,,0.148051,4.16949,4.3851,0.148939,3.98006,1,0,8.7179,estimated,0.50,1.99003,5.97009
74,13,74.5000,13.5000,1.0000,20.7056,2,0.677966,0.0288529,4.06780,0.196459,ok,0.146776,,0.146776,4.06780,4.4232,0.147905,3.83166,1,0,8.7788,estimated,0.50,1.91583,5.74749
75,13,75.5000,13.5000,1.0000,18.7056,2,0.661017,0.0288529,3.96610,0.212027,ok,0.145359,,0.145359,3.96610,4.4663,0.146987,3.63388,1,0,8.8336,estimated,0.50,1.81694,5.45082
76,13,76.5000,13.5000,1.0000,16.7056,2,0.644068,0.0288529,3.86441,0.231324,ok,0.143775,,0.143775,3.86441,4.5155,0.146194,3.38588,1,0,8.8816,estimated,0.50,1.69294,5.07881
77,13,77.5000,13.5000,1.0000,14.7056,2,0.627119,0.0288529,3.76271,0.255869,too_firm,,3.55265,0.143000,3.55265,4.5400,0.145505,3.09339,1,0,8.9236,estimated,0.50,1.54669,4.64008
78,13,78.5000,13.5000,1.0000,12.7056,2,0.610169,0.0288529,3.66102,0.288141,beyond_data,,3.06948,0.143000,3.06948,4.5400,0.144917,2.75966,1,0,8.9598,estimated,0.50,1.37983,4.13949
79,13,79.5000,13.5000,1.0000,10.7056,2,0.593220,0.0288529,3.55932,0.332472,beyond_data,,2.58631,0.143000,2.58631,4.5400,0.144440,2.38697,1,0,8.9894,estimated,0.50,1.19349,3.58046
80,13,80.5000,13.5000,1.0000,8.7056,2,0.576271,0.0288529,3.45763,0.397171,beyond_data,,2.10315,0.143000,2.10315,4.5400,0.144062,1.98195,1,0,9.0130,estimated,0.50,0.99098,2.97293
81,13,81.5000,13.5000,1.0000,6.7056,2,0.559322,0.0288529,3.35593,0.500465,beyond_data,,1.61998,0.143000,1.61998,4.5400,0.143770,1.55155,1,1,9.0313,estimated,0.50,0.77578,2.32733
82,13,82.5000,13.5000,1.0000,4.7056,2,0.542373,0.0288529,3.25424,0.691563,beyond_data,,1.13681,0.143000,1.13681,4.5400,0.143550,1.10226,1,1,9.0452,estimated,0.50,0.55113,1.65339
83,13,83.5000,13.5000,1.0000,2.7056,2,0.525424,0.0288529,3.15254,1.165180,beyond_data,,0.65364,0.143000,0.65364,4.5400,0.143386,0.63960,1,1,9.0555,estimated,0.50,0.31980,0.95940
84,13,84.5000,13.5000,1.0000,0.7056,2,0.508475,0.0288529,3.05085,4.323595,beyond_data,,0.17047,0.143000,0.17047,4.5400,0.143267,0.16793,1,1,9.0630,estimated,0.50,0.08396,0.25189
0,14,0.5000,14.5000,1.0000,1.0000,5,0.508475,0.0288529,3.05085,3.050847,beyond_data,,0.24158,0.143000,0.24158,4.5400,0.143284,0.23776,1,1,9.0620,estimated,0.50,0.11888,0.35664
1,14,1.5000,14.5000,1.0000,3.0000,5,0.525424,0.0288529,3.15254,1.050847,beyond_data,,0.72475,0.143000,0.72475,4.5400,0.143408,0.70833,1,1,9.0541,estimated,0.50,0.35417,1.06250
2,14,2.5000,14.5000,1.0000,5.0000,5,0.542373,0.0288529,3.25424,0.650847,beyond_data,,1.20792,0.143000,1.20792,4.5400,0.143577,1.16945,1,1,9.0435,estimated,0.50,0.58472,1.75417
3,14,3.5000,14.5000,1.0000,7.0000,5,0.559322,0.0288529,3.35593,0.479419,beyond_data,,1.69109,0.143000,1.69109,4.5400,0.143803,1.61670,1,1,9.0292,estimated,0.50,0.80835,2.42505
4,14,4.5000,14.5000,1.0000,9.0000,5,0.576271,0.0288529,3.45763,0.384181,beyond_data,,2.17426,0.143000,2.17426,4.5400,0.144101,2.04458,1,0,9.0106,estimated,0.50,1.02229,3.06686
5,14,5.5000,14.5000,1.0000,11.0000,5,0.593220,0.0288529,3.55932,0.323575,beyond_data,,2.65743,0.143000,2.65743,4.5400,0.144483,2.44670,1,0,8.9867,estimated,0.50,1.22335,3.67004
6,14,6.5000,14.5000,1.0000,13.0000,5,0.610169,0.0288529,3.66102,0.281617,too_firm,,3.14060,0.143000,3.14060,4.5400,0.144964,2.81635,1,0,8.9569,estimated,0.50,1.40818,4.22453
7,14,7.5000,14.5000,1.0000,15.0000,5,0.627119,0.0288529,3.76271,0.250847,too_firm,,3.62377,0.143000,3.62377,4.5400,0.145552,3.14728,1,0,8.9207,estimated,0.50,1.57364,4.72092
8,14,8.5000,14.5000,1.0000,17.0000,5,0.644068,0.0288529,3.86441,0.227318,ok,0.144089,,0.144089,3.86441,4.5056,0.146230,3.43880,1,0,8.8793,estimated,0.50,1.71940,5.15820
9,14,9.5000,14.5000,1.0000,19.0000,5,0.661017,0.0288529,3.96610,0.208742,ok,0.145647,,0.145647,3.96610,4.4574,0.147015,3.68545,1,0,8.8319,estimated,0.50,1.84273,5.52818
10,14,10.5000,14.5000,1.0000,21.0000,5,0.677966,0.0288529,4.06780,0.193705,ok,0.147041,,0.147041,4.06780,4.4152,0.147918,3.88347,1,0,8.7781,estimated,0.50,1.94173,5.82520
11,14,11.5000,14.5000,1.0000,23.0000,5,0.694915,0.0288529,4.16949,0.181282,ok,0.148296,,0.148296,4.16949,4.3778,0.148927,4.03414,1,0,8.7186,estimated,0.50,2.01707,6.05122
12,14,12.5000,14.5000,1.0000,25.0000,5,0.711864,0.0288529,4.27119,0.170847,ok,0.149432,,0.149432,4.27119,4.3446,0.150031,4.14062,1,0,8.6544,estimated,0.50,2.07031,6.21093
13,14,13.5000,14.5000,1.0000,27.0000,5,0.728814,0.0288529,4.37288,0.161959,ok,0.150464,,0.150464,4.37288,4.3148,0.151201,4.21023,1,0,8.5874,estimated,0.50,2.10511,6.31534
14,14,14.5000,14.5000,1.0000,29.0000,5,0.745763,0.0288529,4.47458,0.154296,ok,0.151407,,0.151407,4.47458,4.2879,0.152466,4.23855,1,0,8.5162,estimated,0.50,2.11927,6.35782
15,14,15.5000,14.5000,1.0000,31.0000,5,0.745763,0.0288529,4.47458,0.144341,ok,0.152712,,0.152712,4.47458,4.2513,0.153796,4.23429,1,0,8.4425,estimated,0.50,2.11715,6.35144
16,14,16.5000,14.5000,1.0000,33.0000,5,0.745763,0.0288529,4.47458,0.135593,ok,0.153940,,0.153940,4.47458,4.2173,0.155200,4.19752,1,0,8.3662,estimated,0.50,2.09876,6.29629
17,14,17.5000,14.5000,1.0000,35.0000,5,0.745763,0.0288529,4.47458,0.127845,ok,0.155100,,0.155100,4.47458,4.1858,0.156685,4.12875,1,0,8.2869,estimated,0.50,2.06437,6.19312
18,14,18.5000,14.5000,1.0000,37.0000,5,0.745763,0.0288529,4.47458,0.120934,ok,0.156195,,0.156195,4.47458,4.1564,0.158263,4.15177,1,0,8.2043,estimated,0.50,2.07589,6.22766
19,14,19.5000,14.5000,1.0000,39.0000,5,0.745763,0.0288529,4.47458,0.114733,ok,0.157232,,0.157232,4.47458,4.1290,0.159941,4.22669,1,0,8.1182,estimated,0.50,2.11335,6.34004
20,14,20.5000,14.5000,1.0000,41.0000,5,0.745763,0.0288529,4.47458,0.109136,ok,0.159599,,0.159599,4.47458,4.0678,0.161699,4.28988,1,0,8.0299,estimated,0.50,2.14494,6.43481
21,14,21.5000,14.5000,1.0000,43.0000,5,0.745763,0.0288529,4.47458,0.104060,ok,0.161978,,0.161978,4.47458,4.0080,0.163564,4.34004,1,0,7.9384,estimated,0.50,2.17002,6.51006
22,14,22.5000,14.5000,1.0000,45.0000,5,0.745763,0.0288529,4.47458,0.099435,ok,0.164357,,0.164357,4.47458,3.9500,0.165522,4.37931,1,0,7.8445,estimated,0.50,2.18965,6.56896
23,14,23.5000,14.5000,1.0000,47.0000,5,0.745763,0.0288529,4.47458,0.095204,ok,0.166737,,0.166737,4.47458,3.8937,0.167581,4.40803,1,0,7.7481,estimated,0.50,2.20402,6.61205
24,14,24.5000,14.5000,1.0000,49.0000,5,0.745763,0.0288529,4.47458,0.091318,ok,0.169116,,0.169116,4.47458,3.8389,0.169712,4.42930,1,0,7.6508,estimated,0.50,2.21465,6.64394
25,14,25.5000,14.5000,1.0000,51.0000,5,0.745763,0.0288529,4.47458,0.087737,ok,0.171495,,0.171495,4.47458,3.7856,0.171893,4.44538,1,0,7.5537,estimated,0.50,2.22269,6.66807
26,14,26.5000,14.5000,1.0000,53.0000,5,0.745763,0.0288529,4.47458,0.084426,ok,0.173874,,0.173874,4.47458,3.7338,0.174103,4.45836,1,0,7.4578,estimated,0.50,2.22918,6.68755
27,14,27.5000,14.5000,1.0000,55.0000,5,0.745763,0.0288529,4.47458,0.081356,ok,0.176253,,0.176253,4.47458,3.6834,0.176321,4.46996,1,0,7.3640,estimated,0.50,2.23498,6.70494
28,14,28.5000,14.5000,1.0000,57.0000,5,0.745763,0.0288529,4.47458,0.078501,ok,0.178632,,0.178632,4.47458,3.6344,0.178525,4.48170,1,0,7.2731,estimated,0.50,2.24085,6.72255
29,14,29.5000,14.5000,1.0000,59.0000,5,0.745763,0.0288529,4.47458,0.075840,ok,0.180851,,0.180851,4.47458,3.5898,0.180712,4.48511,1,0,7.1851,estimated,0.50,2.24255,6.72766
30,14,30.5000,14.5000,1.0000,61.0000,5,0.745763,0.0288529,4.47458,0.073354,ok,0.182852,,0.182852,4.47458,3.5505,0.182871,4.47318,1,0,7.1003,estimated,0.50,2.23659,6.70977
31,14,31.5000,14.5000,1.0000,63.0000,5,0.745763,0.0288529,4.47458,0.071025,ok,0.184853,,0.184853,4.47458,3.5121,0.184998,4.46431,1,0,7.0186,estimated,0.50,2.23216,6.69647
32,14,32.5000,14.5000,1.0000,65.0000,5,0.745763,0.0288529,4.47458,0.068840,ok,0.186854,,0.186854,4.47458,3.4745,0.187091,4.45833,1,0,6.9401,estimated,0.50,2.22916,6.68749
33,14,33.5000,14.5000,1.0000,67.0000,5,0.745763,0.0288529,4.47458,0.066785,ok,0.188854,,0.188854,4.47458,3.4376,0.189150,4.45493,1,0,6.8646,estimated,0.50,2.22747,6.68240
34,14,34.5000,14.5000,1.0000,69.0000,5,0.745763,0.0288529,4.47458,0.064849,ok,0.190855,,0.190855,4.47458,3.4016,0.191174,4.45402,1,0,6.7919,estimated,0.50,2.22701,6.68103
35,14,35.5000,14.5000,1.0000,71.0000,5,0.745763,0.0288529,4.47458,0.063022,ok,0.192856,,0.192856,4.47458,3.3663,0.193155,4.45587,1,0,6.7222,estimated,0.50,2.22793,6.68380
36,14,36.5000,14.5000,1.0000,73.0000,5,0.745763,0.0288529,4.47458,0.061296,ok,0.194857,,0.194857,4.47458,3.3317,0.195080,4.46098,1,0,6.6559,estimated,0.50,2.23049,6.69147
37,14,37.5000,14.5000,1.0000,75.0000,5,0.745763,0.0288529,4.47458,0.059661,ok,0.196858,,0.196858,4.47458,3.2979,0.196903,4.47189,1,0,6.5943,estimated,0.50,2.23594,6.70783
38,14,38.5000,14.5000,1.0000,77.0000,5,0.745763,0.0288529,4.47458,0.058111,ok,0.198859,,0.198859,4.47458,3.2647,0.198577,4.49103,1,0,6.5387,estimated,0.50,2.24552,6.73655
39,14,39.5000,14.5000,1.0000,79.0000,5,0.745763,0.0288529,4.47458,0.056640,ok,0.200860,,0.200860,4.47458,3.2322,0.200026,4.52228,1,0,6.4913,estimated,0.50,2.26114,6.78343
40,14,40.5000,14.5000,1.0000,81.0000,5,0.745763,0.0288529,4.47458,0.055242,ok,0.202861,,0.202861,4.47458,3.2003,0.201163,4.57036,1,0,6.4546,estimated,0.50,2.28518,6.85554
41,14,41.5000,14.5000,1.0000,83.0000,5,0.745763,0.0288529,4.47458,0.053911,ok,0.204862,,0.204862,4.47458,3.1690,0.201895,4.64035,1,0,6.4312,estimated,0.50,2.32018,6.96053
42,14,42.5000,14.5000,1.0000,84.7056,2,0.745763,0.0288529,4.47458,0.052825,ok,0.206568,,0.206568,4.47458,3.1429,0.202146,4.72095,1,0,6.4232,estimated,0.50,2.36048,7.08143
43,14,43.5000,14.5000,1.0000,82.7056,2,0.745763,0.0288529,4.47458,0.054102,ok,0.204567,,0.204567,4.47458,3.1736,0.201817,4.62843,1,0,6.4337,estimated,0.50,2.31421,6.94264
44,14,44.5000,14.5000,1.0000,80.7056,2,0.745763,0.0288529,4.47458,0.055443,ok,0.202566,,0.202566,4.47458,3.2049,0.201020,4.56194,1,0,6.4592,estimated,0.50,2.28097,6.84290
45,14,45.5000,14.5000,1.0000,78.7056,2,0.745763,0.0288529,4.47458,0.056852,ok,0.200566,,0.200566,4.47458,3.2369,0.199832,4.51664,1,0,6.4976,estimated,0.50,2.25832,6.77496
46,14,46.5000,14.5000,1.0000,76.7056,2,0.745763,0.0288529,4.47458,0.058334,ok,0.198565,,0.198565,4.47458,3.2695,0.198344,4.48746,1,0,6.5463,estimated,0.50,2.24373,6.73119
47,14,47.5000,14.5000,1.0000,74.7056,2,0.745763,0.0288529,4.47458,0.059896,ok,0.196564,,0.196564,4.47458,3.3028,0.196644,4.46976,1,0,6.6029,estimated,0.50,2.23488,6.70464
48,14,48.5000,14.5000,1.0000,72.7056,2,0.745763,0.0288529,4.47458,0.061544,ok,0.194563,,0.194563,4.47458,3.3368,0.194797,4.46022,1,0,6.6656,estimated,0.50,2.23011,6.69033
49,14,49.5000,14.5000,1.0000,70.7056,2,0.745763,0.0288529,4.47458,0.063285,ok,0.192562,,0.192562,4.47458,3.3715,0.192867,4.45535,1,0,6.7323,estimated,0.50,2.22768,6.68303
50,14,50.5000,14.5000,1.0000,68.7056,2,0.745763,0.0288529,4.47458,0.065127,ok,0.190561,,0.190561,4.47458,3.4069,0.190879,4.45396,1,0,6.8024,estimated,0.50,2.22698,6.68094
51,14,51.5000,14.5000,1.0000,66.7056,2,0.745763,0.0288529,4.47458,0.067079,ok,0.188560,,0.188560,4.47458,3.4430,0.188849,4.45526,1,0,6.8755,estimated,0.50,2.22763,6.68288
52,14,52.5000,14.5000,1.0000,64.7056,2,0.745763,0.0288529,4.47458,0.069153,ok,0.186559,,0.186559,4.47458,3.4799,0.186785,4.45902,1,0,6.9515,estimated,0.50,2.22951,6.68854
53,14,53.5000,14.5000,1.0000,62.7056,2,0.745763,0.0288529,4.47458,0.071358,ok,0.184558,,0.184558,4.47458,3.5177,0.184687,4.46542,1,0,7.0304,estimated,0.50,2.23271,6.69812
54,14,54.5000,14.5000,1.0000,60.7056,2,0.745763,0.0288529,4.47458,0.073709,ok,0.182557,,0.182557,4.47458,3.5562,0.182555,4.47473,1,0,7.1125,estimated,0.50,2.23736,6.71209
55,14,55.5000,14.5000,1.0000,58.7056,2,0.745763,0.0288529,4.47458,0.076221,ok,0.180556,,0.180556,4.47458,3.5956,0.180392,4.48713,1,0,7.1978,estimated,0.50,2.24357,6.73070
56,14,56.5000,14.5000,1.0000,56.7056,2,0.745763,0.0288529,4.47458,0.078909,ok,0.178282,,0.178282,4.47458,3.6415,0.178201,4.48000,1,0,7.2863,estimated,0.50,2.24000,6.72000
57,14,57.5000,14.5000,1.0000,54.7056,2,0.745763,0.0288529,4.47458,0.081794,ok,0.175903,,0.175903,4.47458,3.6908,0.175994,4.46831,1,0,7.3777,estimated,0.50,2.23415,6.70246
58,14,58.5000,14.5000,1.0000,52.7056,2,0.745763,0.0288529,4.47458,0.084898,ok,0.173524,,0.173524,4.47458,3.7414,0.173777,4.45662,1,0,7.4718,estimated,0.50,2.22831,6.68493
59,14,59.5000,14.5000,1.0000,50.7056,2,0.745763,0.0288529,4.47458,0.088246,ok,0.171145,,0.171145,4.47458,3.7934,0.171569,4.44333,1,0,7.5680,estimated,0.50,2.22167,6.66500
60,14,60.5000,14.5000,1.0000,48.7056,2,0.745763,0.0288529,4.47458,0.091870,ok,0.168766,,0.168766,4.47458,3.8468,0.169392,4.42669,1,0,7.6652,estimated,0.50,2.21334,6.64003
61,14,61.5000,14.5000,1.0000,46.7056,2,0.745763,0.0288529,4.47458,0.095804,ok,0.166386,,0.166386,4.47458,3.9019,0.167270,4.40457,1,0,7.7625,estimated,0.50,2.20228,6.60685
62,14,62.5000,14.5000,1.0000,44.7056,2,0.745763,0.0288529,4.47458,0.100090,ok,0.164007,,0.164007,4.47458,3.9585,0.165222,4.37469,1,0,7.8587,estimated,0.50,2.18734,6.56203
63,14,63.5000,14.5000,1.0000,42.7056,2,0.745763,0.0288529,4.47458,0.104777,ok,0.161628,,0.161628,4.47458,4.0167,0.163276,4.33398,1,0,7.9524,estimated,0.50,2.16699,6.50098
64,14,64.5000,14.5000,1.0000,40.7056,2,0.745763,0.0288529,4.47458,0.109925,ok,0.159249,,0.159249,4.47458,4.0767,0.161424,4.28221,1,0,8.0436,estimated,0.50,2.14110,6.42331
65,14,65.5000,14.5000,1.0000,38.7056,2,0.745763,0.0288529,4.47458,0.115605,ok,0.157083,,0.157083,4.47458,4.1329,0.159675,4.21762,1,0,8.1317,estimated,0.50,2.10881,6.32643
66,14,66.5000,14.5000,1.0000,36.7056,2,0.745763,0.0288529,4.47458,0.121904,ok,0.156038,,0.156038,4.47458,4.1606,0.158009,4.14091,1,0,8.2174,estimated,0.50,2.07046,6.21137
67,14,67.5000,14.5000,1.0000,34.7056,2,0.745763,0.0288529,4.47458,0.128929,ok,0.154933,,0.154933,4.47458,4.1903,0.156442,4.14492,1,0,8.2998,estimated,0.50,2.07246,6.21739
68,14,68.5000,14.5000,1.0000,32.7056,2,0.745763,0.0288529,4.47458,0.136814,ok,0.153764,,0.153764,4.47458,4.2222,0.154965,4.20984,1,0,8.3788,estimated,0.50,2.10492,6.31476
69,14,69.5000,14.5000,1.0000,30.7056,2,0.745763,0.0288529,4.47458,0.145725,ok,0.152524,,0.152524,4.47458,4.2565,0.153570,4.24264,1,0,8.4550,estimated,0.50,2.12132,6.36397
70,14,70.5000,14.5000,1.0000,28.7056,2,0.745763,0.0288529,4.47458,0.155878,ok,0.151208,,0.151208,4.47458,4.2935,0.152248,4.24266,1,0,8.5284,estimated,0.50,2.12133,6.36399
71,14,71.5000,14.5000,1.0000,26.7056,2,0.728814,0.0288529,4.37288,0.163744,ok,0.150252,,0.150252,4.37288,4.3209,0.150990,4.20960,1,0,8.5994,estimated,0.50,2.10480,6.31440
72,14,72.5000,14.5000,1.0000,24.7056,2,0.711864,0.0288529,4.27119,0.172883,ok,0.149204,,0.149204,4.27119,4.3512,0.149830,4.13456,1,0,8.6660,estimated,0.50,2.06728,6.20184
73,14,73.5000,14.5000,1.0000,22.7056,2,0.694915,0.0288529,4.16949,0.183633,ok,0.148051,,0.148051,4.16949,4.3851,0.148739,4.02185,1,0,8.7296,estimated,0.50,2.01092,6.03277
74,14,74.5000,14.5000,1.0000,20.7056,2,0.677966,0.0288529,4.06780,0.196459,ok,0.146776,,0.146776,4.06780,4.4232,0.147744,3.86415,1,0,8.7884,estimated,0.50,1.93207,5.79622
75,14,75.5000,14.5000,1.0000,18.7056,2,0.661017,0.0288529,3.96610,0.212027,ok,0.145359,,0.145359,3.96610,4.4663,0.146860,3.65856,1,0,8.8413,estimated,0.50,1.82928,5.48784
76,14,76.5000,14.5000,1.0000,16.7056,2,0.644068,0.0288529,3.86441,0.231324,ok,0.143775,,0.143775,3.86441,4.5155,0.146094,3.40417,1,0,8.8877,estimated,0.50,1.70209,5.10626
77,14,77.5000,14.5000,1.0000,14.7056,2,0.627119,0.0288529,3.76271,0.255869,too_firm,,3.55265,0.143000,3.55265,4.5400,0.145428,3.10645,1,0,8.9284,estimated,0.50,1.55323,4.65968
78,14,78.5000,14.5000,1.0000,12.7056,2,0.610169,0.0288529,3.66102,0.288141,beyond_data,,3.06948,0.143000,3.06948,4.5400,0.144858,2.76858,1,0,8.9635,estimated,0.50,1.38429,4.15287
79,14,79.5000,14.5000,1.0000,10.7056,2,0.593220,0.0288529,3.55932,0.332472,beyond_data,,2.58631,0.143000,2.58631,4.5400,0.144395,2.39279,1,0,8.9922,estimated,0.50,1.19640,3.58919
80,14,80.5000,14.5000,1.0000,8.7056,2,0.576271,0.0288529,3.45763,0.397171,beyond_data,,2.10315,0.143000,2.10315,4.5400,0.144029,1.98555,1,0,9.0150,estimated,0.50,0.99278,2.97833
81,14,81.5000,14.5000,1.0000,6.7056,2,0.559322,0.0288529,3.35593,0.500465,beyond_data,,1.61998,0.143000,1.61998,4.5400,0.143746,1.55363,1,1,9.0328,estimated,0.50,0.77681,2.33044
82,14,82.5000,14.5000,1.0000,4.7056,2,0.542373,0.0288529,3.25424,0.691563,beyond_data,,1.13681,0.143000,1.13681,4.5400,0.143532,1.10333,1,1,9.0463,estimated,0.50,0.55167,1.65500
83,14,83.5000,14.5000,1.0000,2.7056,2,0.525424,0.0288529,3.15254,1.165180,beyond_data,,0.65364,0.143000,0.65364,4.5400,0.143374,0.64005,1,1,9.0563,estimated,0.50,0.32002,0.96007
84,14,84.5000,14.5000,1.0000,0.7056,2,0.508475,0.0288529,3.05085,4.323595,beyond_data,,0.17047,0.143000,0.17047,4.5400,0.143258,0.16801,1,1,9.0636,estimated,0.50,0.08401,0.25202
0,15,0.5000,15.5000,1.0000,1.0000,5,0.508475,0.0288529,3.05085,3.050847,beyond_data,,0.24158,0.143000,0.24158,4.5400,0.143277,0.23785,1,1,9.0624,estimated,0.50,0.11893,0.35678
1,15,1.5000,15.5000,1.0000,3.0000,5,0.525424,0.0288529,3.15254,1.050847,beyond_data,,0.72475,0.143000,0.72475,4.5400,0.143398,0.70872,1,1,9.0547,estimated,0.50,0.35436,1.06308
2,15,2.5000,15.5000,1.0000,5.0000,5,0.542373,0.0288529,3.25424,0.650847,beyond_data,,1.20792,0.143000,1.20792,4.5400,0.143563,1.17034,1,1,9.0443,estimated,0.50,0.58517,1.75551
3,15,3.5000,15.5000,1.0000,7.0000,5,0.559322,0.0288529,3.35593,0.479419,beyond_data,,1.69109,0.143000,1.69109,4.5400,0.143784,1.61841,1,1,9.0304,estimated,0.50,0.80920,2.42761
4,15,4.5000,15.5000,1.0000,9.0000,5,0.576271,0.0288529,3.45763,0.384181,beyond_data,,2.17426,0.143000,2.17426,4.5400,0.144075,2.04753,1,0,9.0122,estimated,0.50,1.02377,3.07130
5,15,5.5000,15.5000,1.0000,11.0000,5,0.593220,0.0288529,3.55932,0.323575,beyond_data,,2.65743,0.143000,2.65743,4.5400,0.144448,2.45148,1,0,8.9889,estimated,0.50,1.22574,3.67723
6,15,6.5000,15.5000,1.0000,13.0000,5,0.610169,0.0288529,3.66102,0.281617,too_firm,,3.14060,0.143000,3.14060,4.5400,0.144916,2.82372,1,0,8.9599,estimated,0.50,1.41186,4.23559
7,15,7.5000,15.5000,1.0000,15.0000,5,0.627119,0.0288529,3.76271,0.250847,too_firm,,3.62377,0.143000,3.62377,4.5400,0.145489,3.15816,1,0,8.9246,estimated,0.50,1.57908,4.73725
8,15,8.5000,15.5000,1.0000,17.0000,5,0.644068,0.0288529,3.86441,0.227318,ok,0.144089,,0.144089,3.86441,4.5056,0.146148,3.45408,1,0,8.8844,estimated,0.50,1.72704,5.18112
9,15,9.5000,15.5000,1.0000,19.0000,5,0.661017,0.0288529,3.96610,0.208742,ok,0.145647,,0.145647,3.96610,4.4574,0.146910,3.70621,1,0,8.8383,estimated,0.50,1.85310,5.55931
10,15,10.5000,15.5000,1.0000,21.0000,5,0.677966,0.0288529,4.06780,0.193705,ok,0.147041,,0.147041,4.06780,4.4152,0.147783,3.91103,1,0,8.7860,estimated,0.50,1.95552,5.86655
11,15,11.5000,15.5000,1.0000,23.0000,5,0.694915,0.0288529,4.16949,0.181282,ok,0.148296,,0.148296,4.16949,4.3778,0.148757,4.07001,1,0,8.7285,estimated,0.50,2.03500,6.10501
12,15,12.5000,15.5000,1.0000,25.0000,5,0.711864,0.0288529,4.27119,0.170847,ok,0.149432,,0.149432,4.27119,4.3446,0.149818,4.18640,1,0,8.6667,estimated,0.50,2.09320,6.27959
13,15,13.5000,15.5000,1.0000,27.0000,5,0.728814,0.0288529,4.37288,0.161959,ok,0.150464,,0.150464,4.37288,4.3148,0.150938,4.26746,1,0,8.6024,estimated,0.50,2.13373,6.40119
14,15,14.5000,15.5000,1.0000,29.0000,5,0.745763,0.0288529,4.47458,0.154296,ok,0.151407,,0.151407,4.47458,4.2879,0.152143,4.30911,1,0,8.5343,estimated,0.50,2.15456,6.46367
15,15,15.5000,15.5000,1.0000,31.0000,5,0.762712,0.0288529,4.57627,0.147622,ok,0.152271,,0.152271,4.57627,4.2635,0.153409,4.31838,1,0,8.4638,estimated,0.50,2.15919,6.47758
16,15,16.5000,15.5000,1.0000,33.0000,5,0.762712,0.0288529,4.57627,0.138675,ok,0.153498,,0.153498,4.57627,4.2295,0.154735,4.29763,1,0,8.3913,estimated,0.50,2.14882,6.44645
17,15,17.5000,15.5000,1.0000,35.0000,5,0.762712,0.0288529,4.57627,0.130751,ok,0.154657,,0.154657,4.57627,4.1978,0.156135,4.24579,1,0,8.3161,estimated,0.50,2.12289,6.36868
18,15,18.5000,15.5000,1.0000,37.0000,5,0.762712,0.0288529,4.57627,0.123683,ok,0.155752,,0.155752,4.57627,4.1683,0.157619,4.20892,1,0,8.2378,estimated,0.50,2.10446,6.31338
19,15,19.5000,15.5000,1.0000,39.0000,5,0.762712,0.0288529,4.57627,0.117340,ok,0.156790,,0.156790,4.57627,4.1407,0.159199,4.29152,1,0,8.1560,estimated,0.50,2.14576,6.43728
20,15,20.5000,15.5000,1.0000,41.0000,5,0.762712,0.0288529,4.57627,0.111616,ok,0.158515,,0.158515,4.57627,4.0956,0.160869,4.36105,1,0,8.0714,estimated,0.50,2.18052,6.54157
21,15,21.5000,15.5000,1.0000,43.0000,5,0.762712,0.0288529,4.57627,0.106425,ok,0.160842,,0.160842,4.57627,4.0364,0.162634,4.41790,1,0,7.9837,estimated,0.50,2.20895,6.62685
22,15,22.5000,15.5000,1.0000,45.0000,5,0.762712,0.0288529,4.57627,0.101695,ok,0.163168,,0.163168,4.57627,3.9788,0.164496,4.46303,1,0,7.8934,estimated,0.50,2.23152,6.69455
23,15,23.5000,15.5000,1.0000,47.0000,5,0.762712,0.0288529,4.57627,0.097367,ok,0.165494,,0.165494,4.57627,3.9229,0.166466,4.49637,1,0,7.8000,estimated,0.50,2.24819,6.74456
24,15,24.5000,15.5000,1.0000,49.0000,5,0.762712,0.0288529,4.57627,0.093393,ok,0.167820,,0.167820,4.57627,3.8685,0.168517,4.52101,1,0,7.7050,estimated,0.50,2.26051,6.78152
25,15,25.5000,15.5000,1.0000,51.0000,5,0.762712,0.0288529,4.57627,0.089731,ok,0.170147,,0.170147,4.57627,3.8156,0.170630,4.53926,1,0,7.6096,estimated,0.50,2.26963,6.80890
26,15,26.5000,15.5000,1.0000,53.0000,5,0.762712,0.0288529,4.57627,0.086345,ok,0.172473,,0.172473,4.57627,3.7642,0.172783,4.55336,1,0,7.5148,estimated,0.50,2.27668,6.83004
27,15,27.5000,15.5000,1.0000,55.0000,5,0.762712,0.0288529,4.57627,0.083205,ok,0.174799,,0.174799,4.57627,3.7141,0.174954,4.56524,1,0,7.4216,estimated,0.50,2.28262,6.84786
28,15,28.5000,15.5000,1.0000,57.0000,5,0.762712,0.0288529,4.57627,0.080285,ok,0.177126,,0.177126,4.57627,3.6653,0.177119,4.57672,1,0,7.3308,estimated,0.50,2.28836,6.86508
29,15,29.5000,15.5000,1.0000,59.0000,5,0.762712,0.0288529,4.57627,0.077564,ok,0.179452,,0.179452,4.57627,3.6178,0.179275,4.58811,1,0,7.2427,estimated,0.50,2.29406,6.88217
30,15,30.5000,15.5000,1.0000,61.0000,5,0.762712,0.0288529,4.57627,0.075021,ok,0.181496,,0.181496,4.57627,3.5770,0.181405,4.58319,1,0,7.1576,estimated,0.50,2.29160,6.87479
31,15,31.5000,15.5000,1.0000,63.0000,5,0.762712,0.0288529,4.57627,0.072639,ok,0.183452,,0.183452,4.57627,3.5389,0.183506,4.57229,1,0,7.0757,estimated,0.50,2.28615,6.85844
32,15,32.5000,15.5000,1.0000,65.0000,5,0.762712,0.0288529,4.57627,0.070404,ok,0.185408,,0.185408,4.57627,3.5015,0.185571,4.56458,1,0,6.9969,estimated,0.50,2.28229,6.84687
33,15,33.5000,15.5000,1.0000,67.0000,5,0.762712,0.0288529,4.57627,0.068303,ok,0.187365,,0.187365,4.57627,3.4650,0.187601,4.55984,1,0,6.9212,estimated,0.50,2.27992,6.83976
34,15,34.5000,15.5000,1.0000,69.0000,5,0.762712,0.0288529,4.57627,0.066323,ok,0.189321,,0.189321,4.57627,3.4292,0.189592,4.55798,1,0,6.8485,estimated,0.50,2.27899,6.83697
35,15,35.5000,15.5000,1.0000,71.0000,5,0.762712,0.0288529,4.57627,0.064455,ok,0.191278,,0.191278,4.57627,3.3941,0.191536,4.55929,1,0,6.7790,estimated,0.50,2.27965,6.83894
36,15,36.5000,15.5000,1.0000,73.0000,5,0.762712,0.0288529,4.57627,0.062689,ok,0.193234,,0.193234,4.57627,3.3597,0.193416,4.56467,1,0,6.7132,estimated,0.50,2.28234,6.84701
37,15,37.5000,15.5000,1.0000,75.0000,5,0.762712,0.0288529,4.57627,0.061017,ok,0.195191,,0.195191,4.57627,3.3261,0.195205,4.57537,1,0,6.6516,estimated,0.50,2.28769,6.86306
38,15,38.5000,15.5000,1.0000,77.0000,5,0.762712,0.0288529,4.57627,0.059432,ok,0.197147,,0.197147,4.57627,3.2930,0.196837,4.59519,1,0,6.5965,estimated,0.50,2.29760,6.89279
39,15,39.5000,15.5000,1.0000,79.0000,5,0.762712,0.0288529,4.57627,0.057927,ok,0.199104,,0.199104,4.57627,3.2607,0.198248,4.62753,1,0,6.5495,estimated,0.50,2.31376,6.94129
40,15,40.5000,15.5000,1.0000,81.0000,5,0.762712,0.0288529,4.57627,0.056497,ok,0.201060,,0.201060,4.57627,3.2290,0.199352,4.67711,1,0,6.5133,estimated,0.50,2.33855,7.01566
41,15,41.5000,15.5000,1.0000,83.0000,5,0.762712,0.0288529,4.57627,0.055136,ok,0.203017,,0.203017,4.57627,3.1978,0.200063,4.74904,1,0,6.4901,estimated,0.50,2.37452,7.12356
42,15,42.5000,15.5000,1.0000,84.7056,2,0.762712,0.0288529,4.57627,0.054026,ok,0.204685,,0.204685,4.57627,3.1718,0.200306,4.83163,1,0,6.4822,estimated,0.50,2.41582,7.24745
43,15,43.5000,15.5000,1.0000,82.7056,2,0.762712,0.0288529,4.57627,0.055332,ok,0.202729,,0.202729,4.57627,3.2024,0.199987,4.73680,1,0,6.4926,estimated,0.50,2.36840,7.10520
44,15,44.5000,15.5000,1.0000,80.7056,2,0.762712,0.0288529,4.57627,0.056703,ok,0.200772,,0.200772,4.57627,3.2336,0.199214,4.66844,1,0,6.5178,estimated,0.50,2.33422,7.00266
45,15,45.5000,15.5000,1.0000,78.7056,2,0.762712,0.0288529,4.57627,0.058144,ok,0.198816,,0.198816,4.57627,3.2654,0.198059,4.62170,1,0,6.5558,estimated,0.50,2.31085,6.93255
46,15,46.5000,15.5000,1.0000,76.7056,2,0.762712,0.0288529,4.57627,0.059660,ok,0.196859,,0.196859,4.57627,3.2979,0.196611,4.59149,1,0,6.6041,estimated,0.50,2.29575,6.88724
47,15,47.5000,15.5000,1.0000,74.7056,2,0.762712,0.0288529,4.57627,0.061257,ok,0.194903,,0.194903,4.57627,3.3310,0.194952,4.57318,1,0,6.6602,estimated,0.50,2.28659,6.85977
48,15,48.5000,15.5000,1.0000,72.7056,2,0.762712,0.0288529,4.57627,0.062942,ok,0.192946,,0.192946,4.57627,3.3647,0.193145,4.56350,1,0,6.7226,estimated,0.50,2.28175,6.84525
49,15,49.5000,15.5000,1.0000,70.7056,2,0.762712,0.0288529,4.57627,0.064723,ok,0.190990,,0.190990,4.57627,3.3992,0.191255,4.55883,1,0,6.7890,estimated,0.50,2.27941,6.83824
50,15,50.5000,15.5000,1.0000,68.7056,2,0.762712,0.0288529,4.57627,0.066607,ok,0.189033,,0.189033,4.57627,3.4344,0.189302,4.55803,1,0,6.8590,estimated,0.50,2.27902,6.83705
51,15,51.5000,15.5000,1.0000,66.7056,2,0.762712,0.0288529,4.57627,0.068604,ok,0.187077,,0.187077,4.57627,3.4703,0.187305,4.56033,1,0,6.9322,estimated,0.50,2.28017,6.84050
52,15,52.5000,15.5000,1.0000,64.7056,2,0.762712,0.0288529,4.57627,0.070724,ok,0.185120,,0.185120,4.57627,3.5070,0.185270,4.56551,1,0,7.0083,estimated,0.50,2.28275,6.84826
53,15,53.5000,15.5000,1.0000,62.7056,2,0.762712,0.0288529,4.57627,0.072980,ok,0.183164,,0.183164,4.57627,3.5444,0.183199,4.57368,1,0,7.0875,estimated,0.50,2.28684,6.86051
54,15,54.5000,15.5000,1.0000,60.7056,2,0.762712,0.0288529,4.57627,0.075385,ok,0.181208,,0.181208,4.57627,3.5827,0.181094,4.58506,1,0,7.1699,estimated,0.50,2.29253,6.87759
55,15,55.5000,15.5000,1.0000,58.7056,2,0.762712,0.0288529,4.57627,0.077953,ok,0.179110,,0.179110,4.57627,3.6247,0.178959,4.58639,1,0,7.2555,estimated,0.50,2.29319,6.87958
56,15,56.5000,15.5000,1.0000,56.7056,2,0.762712,0.0288529,4.57627,0.080702,ok,0.176783,,0.176783,4.57627,3.6724,0.176805,4.57478,1,0,7.3439,estimated,0.50,2.28739,6.86216
57,15,57.5000,15.5000,1.0000,54.7056,2,0.762712,0.0288529,4.57627,0.083653,ok,0.174457,,0.174457,4.57627,3.7213,0.174633,4.56361,1,0,7.4352,estimated,0.50,2.28181,6.84542
58,15,58.5000,15.5000,1.0000,52.7056,2,0.762712,0.0288529,4.57627,0.086827,ok,0.172131,,0.172131,4.57627,3.7716,0.172464,4.55155,1,0,7.5287,estimated,0.50,2.27578,6.82733
59,15,59.5000,15.5000,1.0000,50.7056,2,0.762712,0.0288529,4.57627,0.090252,ok,0.169804,,0.169804,4.57627,3.8233,0.170314,4.53703,1,0,7.6237,estimated,0.50,2.26852,6.80555
60,15,60.5000,15.5000,1.0000,48.7056,2,0.762712,0.0288529,4.57627,0.093958,ok,0.167478,,0.167478,4.57627,3.8764,0.168208,4.51808,1,0,7.7192,estimated,0.50,2.25904,6.77712
61,15,61.5000,15.5000,1.0000,46.7056,2,0.762712,0.0288529,4.57627,0.097981,ok,0.165152,,0.165152,4.57627,3.9310,0.166166,4.49244,1,0,7.8141,estimated,0.50,2.24622,6.73865
62,15,62.5000,15.5000,1.0000,44.7056,2,0.762712,0.0288529,4.57627,0.102365,ok,0.162825,,0.162825,4.57627,3.9872,0.164207,4.45781,1,0,7.9073,estimated,0.50,2.22890,6.68671
63,15,63.5000,15.5000,1.0000,42.7056,2,0.762712,0.0288529,4.57627,0.107159,ok,0.160499,,0.160499,4.57627,4.0450,0.162359,4.41114,1,0,7.9973,estimated,0.50,2.20557,6.61671
64,15,64.5000,15.5000,1.0000,40.7056,2,0.762712,0.0288529,4.57627,0.112424,ok,0.158173,,0.158173,4.57627,4.1045,0.160606,4.35261,1,0,8.0846,estimated,0.50,2.17631,6.52892
65,15,65.5000,15.5000,1.0000,38.7056,2,0.762712,0.0288529,4.57627,0.118233,ok,0.156641,,0.156641,4.57627,4.1446,0.158944,4.28166,1,0,8.1691,estimated,0.50,2.14083,6.42248
66,15,66.5000,15.5000,1.0000,36.7056,2,0.762712,0.0288529,4.57627,0.124675,ok,0.155595,,0.155595,4.57627,4.1725,0.157375,4.19728,1,0,8.2505,estimated,0.50,2.09864,6.29592
67,15,67.5000,15.5000,1.0000,34.7056,2,0.762712,0.0288529,4.57627,0.131860,ok,0.154490,,0.154490,4.57627,4.2023,0.155900,4.26040,1,0,8.3286,estimated,0.50,2.13020,6.39059
68,15,68.5000,15.5000,1.0000,32.7056,2,0.762712,0.0288529,4.57627,0.139923,ok,0.153322,,0.153322,4.57627,4.2343,0.154509,4.30854,1,0,8.4036,estimated,0.50,2.15427,6.46281
69,15,69.5000,15.5000,1.0000,30.7056,2,0.762712,0.0288529,4.57627,0.149037,ok,0.152084,,0.152084,4.57627,4.2688,0.153189,4.32552,1,0,8.4760,estimated,0.50,2.16276,6.48828
70,15,70.5000,15.5000,1.0000,28.7056,2,0.745763,0.0288529,4.47458,0.155878,ok,0.151208,,0.151208,4.47458,4.2935,0.151929,4.31222,1,0,8.5463,estimated,0.50,2.15611,6.46832
71,15,71.5000,15.5000,1.0000,26.7056,2,0.728814,0.0288529,4.37288,0.163744,ok,0.150252,,0.150252,4.37288,4.3209,0.150732,4.26602,1,0,8.6142,estimated,0.50,2.13301,6.39904
72,15,72.5000,15.5000,1.0000,24.7056,2,0.711864,0.0288529,4.27119,0.172883,ok,0.149204,,0.149204,4.27119,4.3512,0.149621,4.17969,1,0,8.6781,estimated,0.50,2.08985,6.26954
73,15,73.5000,15.5000,1.0000,22.7056,2,0.694915,0.0288529,4.16949,0.183633,ok,0.148051,,0.148051,4.16949,4.3851,0.148571,4.05720,1,0,8.7394,estimated,0.50,2.02860,6.08580
74,15,74.5000,15.5000,1.0000,20.7056,2,0.677966,0.0288529,4.06780,0.196459,ok,0.146776,,0.146776,4.06780,4.4232,0.147612,3.89130,1,0,8.7962,estimated,0.50,1.94565,5.83696
75,15,75.5000,15.5000,1.0000,18.7056,2,0.661017,0.0288529,3.96610,0.212027,ok,0.145359,,0.145359,3.96610,4.4663,0.146755,3.67898,1,0,8.8476,estimated,0.50,1.83949,5.51847
76,15,76.5000,15.5000,1.0000,16.7056,2,0.644068,0.0288529,3.86441,0.231324,ok,0.143775,,0.143775,3.86441,4.5155,0.146012,3.41917,1,0,8.8926,estimated,0.50,1.70959,5.12876
77,15,77.5000,15.5000,1.0000,14.7056,2,0.627119,0.0288529,3.76271,0.255869,too_firm,,3.55265,0.143000,3.55265,4.5400,0.145365,3.11705,1,0,8.9322,estimated,0.50,1.55853,4.67558
78,15,78.5000,15.5000,1.0000,12.7056,2,0.610169,0.0288529,3.66102,0.288141,beyond_data,,3.06948,0.143000,3.06948,4.5400,0.144811,2.77572,1,0,8.9664,estimated,0.50,1.38786,4.16358
79,15,79.5000,15.5000,1.0000,10.7056,2,0.593220,0.0288529,3.55932,0.332472,beyond_data,,2.58631,0.143000,2.58631,4.5400,0.144360,2.39740,1,0,8.9944,estimated,0.50,1.19870,3.59610
80,15,80.5000,15.5000,1.0000,8.7056,2,0.576271,0.0288529,3.45763,0.397171,beyond_data,,2.10315,0.143000,2.10315,4.5400,0.144004,1.98837,1,0,9.0166,estimated,0.50,0.99418,2.98255
81,15,81.5000,15.5000,1.0000,6.7056,2,0.559322,0.0288529,3.35593,0.500465,beyond_data,,1.61998,0.143000,1.61998,4.5400,0.143728,1.55523,1,1,9.0340,estimated,0.50,0.77762,2.33285
82,15,82.5000,15.5000,1.0000,4.7056,2,0.542373,0.0288529,3.25424,0.691563,beyond_data,,1.13681,0.143000,1.13681,4.5400,0.143519,1.10415,1,1,9.0471,estimated,0.50,0.55208,1.65623
83,15,83.5000,15.5000,1.0000,2.7056,2,0.525424,0.0288529,3.15254,1.165180,beyond_data,,0.65364,0.143000,0.65364,4.5400,0.143364,0.64039,1,1,9.0569,estimated,0.50,0.32019,0.96058
84,15,84.5000,15.5000,1.0000,0.7056,2,0.508475,0.0288529,3.05085,4.323595,beyond_data,,0.17047,0.143000,0.17047,4.5400,0.143251,0.16808,1,1,9.0640,estimated,0.50,0.08404,0.25211
0,16,0.5000,16.5000,1.0000,1.0000,5,0.508475,0.0288529,3.05085,3.050847,beyond_data,,0.24158,0.143000,0.24158,4.5400,0.143272,0.23792,1,1,9.0627,estimated,0.50,0.11896,0.35687
1,16,1.5000,16.5000,1.0000,3.0000,5,0.525424,0.0288529,3.15254,1.050847,beyond_data,,0.72475,0.143000,0.72475,4.5400,0.143391,0.70899,1,1,9.0552,estimated,0.50,0.35449,1.06348
2,16,2.5000,16.5000,1.0000,5.0000,5,0.542373,0.0288529,3.25424,0.650847,beyond_data,,1.20792,0.143000,1.20792,4.5400,0.143553,1.17097,1,1,9.0449,estimated,0.50,0.58549,1.75646
3,16,3.5000,16.5000,1.0000,7.0000,5,0.559322,0.0288529,3.35593,0.479419,beyond_data,,1.69109,0.143000,1.69109,4.5400,0.143771,1.61963,1,1,9.0313,estimated,0.50,0.80982,2.42945
4,16,4.5000,16.5000,1.0000,9.0000,5,0.576271,0.0288529,3.45763,0.384181,beyond_data,,2.17426,0.143000,2.17426,4.5400,0.144056,2.04968,1,0,9.0134,estimated,0.50,1.02484,3.07452
5,16,5.5000,16.5000,1.0000,11.0000,5,0.593220,0.0288529,3.55932,0.323575,beyond_data,,2.65743,0.143000,2.65743,4.5400,0.144422,2.45502,1,0,8.9905,estimated,0.50,1.22751,3.68253
6,16,6.5000,16.5000,1.0000,13.0000,5,0.610169,0.0288529,3.66102,0.281617,too_firm,,3.14060,0.143000,3.14060,4.5400,0.144880,2.82926,1,0,8.9621,estimated,0.50,1.41463,4.24389
7,16,7.5000,16.5000,1.0000,15.0000,5,0.627119,0.0288529,3.76271,0.250847,too_firm,,3.62377,0.143000,3.62377,4.5400,0.145440,3.16648,1,0,8.9276,estimated,0.50,1.58324,4.74972
8,16,8.5000,16.5000,1.0000,17.0000,5,0.644068,0.0288529,3.86441,0.227318,ok,0.144089,,0.144089,3.86441,4.5056,0.146084,3.46593,1,0,8.8882,estimated,0.50,1.73296,5.19889
9,16,9.5000,16.5000,1.0000,19.0000,5,0.661017,0.0288529,3.96610,0.208742,ok,0.145647,,0.145647,3.96610,4.4574,0.146827,3.72253,1,0,8.8432,estimated,0.50,1.86126,5.58379
10,16,10.5000,16.5000,1.0000,21.0000,5,0.677966,0.0288529,4.06780,0.193705,ok,0.147041,,0.147041,4.06780,4.4152,0.147677,3.93305,1,0,8.7924,estimated,0.50,1.96653,5.89958
11,16,11.5000,16.5000,1.0000,23.0000,5,0.694915,0.0288529,4.16949,0.181282,ok,0.148296,,0.148296,4.16949,4.3778,0.148621,4.09914,1,0,8.7365,estimated,0.50,2.04957,6.14871
12,16,12.5000,16.5000,1.0000,25.0000,5,0.711864,0.0288529,4.27119,0.170847,ok,0.149432,,0.149432,4.27119,4.3446,0.149645,4.22422,1,0,8.6768,estimated,0.50,2.11211,6.33632
13,16,13.5000,16.5000,1.0000,27.0000,5,0.728814,0.0288529,4.37288,0.161959,ok,0.150464,,0.150464,4.37288,4.3148,0.150720,4.31555,1,0,8.6148,estimated,0.50,2.15778,6.47333
14,16,14.5000,16.5000,1.0000,29.0000,5,0.745763,0.0288529,4.47458,0.154296,ok,0.151407,,0.151407,4.47458,4.2879,0.151871,4.36949,1,0,8.5496,estimated,0.50,2.18474,6.55423
15,16,15.5000,16.5000,1.0000,31.0000,5,0.762712,0.0288529,4.57627,0.147622,ok,0.152271,,0.152271,4.57627,4.2635,0.153073,4.39283,1,0,8.4824,estimated,0.50,2.19642,6.58925
16,16,16.5000,16.5000,1.0000,33.0000,5,0.779661,0.0288529,4.67797,0.141757,ok,0.153066,,0.153066,4.67797,4.2414,0.154332,4.38637,1,0,8.4132,estimated,0.50,2.19319,6.57956
17,16,17.5000,16.5000,1.0000,35.0000,5,0.779661,0.0288529,4.67797,0.133656,ok,0.154224,,0.154224,4.67797,4.2096,0.155651,4.35124,1,0,8.3419,estimated,0.50,2.17562,6.52687
18,16,18.5000,16.5000,1.0000,37.0000,5,0.779661,0.0288529,4.67797,0.126432,ok,0.155319,,0.155319,4.67797,4.1799,0.157046,4.28546,1,0,8.2678,estimated,0.50,2.14273,6.42819
19,16,19.5000,16.5000,1.0000,39.0000,5,0.779661,0.0288529,4.67797,0.119948,ok,0.156357,,0.156357,4.67797,4.1521,0.158531,4.35156,1,0,8.1904,estimated,0.50,2.17578,6.52735
20,16,20.5000,16.5000,1.0000,41.0000,5,0.779661,0.0288529,4.67797,0.114097,ok,0.157479,,0.157479,4.67797,4.1226,0.160114,4.42781,1,0,8.1094,estimated,0.50,2.21391,6.64172
21,16,21.5000,16.5000,1.0000,43.0000,5,0.779661,0.0288529,4.67797,0.108790,ok,0.159754,,0.159754,4.67797,4.0638,0.161781,4.49188,1,0,8.0258,estimated,0.50,2.24594,6.73782
22,16,22.5000,16.5000,1.0000,45.0000,5,0.779661,0.0288529,4.67797,0.103955,ok,0.162030,,0.162030,4.67797,4.0068,0.163555,4.54264,1,0,7.9388,estimated,0.50,2.27132,6.81396
23,16,23.5000,16.5000,1.0000,47.0000,5,0.779661,0.0288529,4.67797,0.099531,ok,0.164306,,0.164306,4.67797,3.9513,0.165423,4.58224,1,0,7.8492,estimated,0.50,2.29112,6.87336
24,16,24.5000,16.5000,1.0000,49.0000,5,0.779661,0.0288529,4.67797,0.095469,ok,0.166581,,0.166581,4.67797,3.8973,0.167391,4.61100,1,0,7.7569,estimated,0.50,2.30550,6.91651
25,16,25.5000,16.5000,1.0000,51.0000,5,0.779661,0.0288529,4.67797,0.091725,ok,0.168857,,0.168857,4.67797,3.8448,0.169432,4.63212,1,0,7.6634,estimated,0.50,2.31606,6.94818
26,16,26.5000,16.5000,1.0000,53.0000,5,0.779661,0.0288529,4.67797,0.088264,ok,0.171133,,0.171133,4.67797,3.7936,0.171523,4.64792,1,0,7.5700,estimated,0.50,2.32396,6.97188
27,16,27.5000,16.5000,1.0000,55.0000,5,0.779661,0.0288529,4.67797,0.085054,ok,0.173409,,0.173409,4.67797,3.7438,0.173643,4.66052,1,0,7.4776,estimated,0.50,2.33026,6.99078
28,16,28.5000,16.5000,1.0000,57.0000,5,0.779661,0.0288529,4.67797,0.082070,ok,0.175684,,0.175684,4.67797,3.6953,0.175772,4.67167,1,0,7.3870,estimated,0.50,2.33584,7.00751
29,16,29.5000,16.5000,1.0000,59.0000,5,0.779661,0.0288529,4.67797,0.079288,ok,0.177960,,0.177960,4.67797,3.6481,0.177889,4.68294,1,0,7.2991,estimated,0.50,2.34147,7.02441
30,16,30.5000,16.5000,1.0000,61.0000,5,0.779661,0.0288529,4.67797,0.076688,ok,0.180198,,0.180198,4.67797,3.6028,0.179991,4.69452,1,0,7.2139,estimated,0.50,2.34726,7.04178
31,16,31.5000,16.5000,1.0000,63.0000,5,0.779661,0.0288529,4.67797,0.074253,ok,0.182112,,0.182112,4.67797,3.5649,0.182066,4.68158,1,0,7.1317,estimated,0.50,2.34079,7.02236
32,16,32.5000,16.5000,1.0000,65.0000,5,0.779661,0.0288529,4.67797,0.071969,ok,0.184026,,0.184026,4.67797,3.5278,0.184106,4.67195,1,0,7.0526,estimated,0.50,2.33598,7.00793
33,16,33.5000,16.5000,1.0000,67.0000,5,0.779661,0.0288529,4.67797,0.069820,ok,0.185940,,0.185940,4.67797,3.4915,0.186110,4.66564,1,0,6.9767,estimated,0.50,2.33282,6.99846
34,16,34.5000,16.5000,1.0000,69.0000,5,0.779661,0.0288529,4.67797,0.067797,ok,0.187854,,0.187854,4.67797,3.4560,0.188071,4.66262,1,0,6.9039,estimated,0.50,2.33131,6.99393
35,16,35.5000,16.5000,1.0000,71.0000,5,0.779661,0.0288529,4.67797,0.065887,ok,0.189768,,0.189768,4.67797,3.4211,0.189983,4.66320,1,0,6.8344,estimated,0.50,2.33160,6.99480
36,16,36.5000,16.5000,1.0000,73.0000,5,0.779661,0.0288529,4.67797,0.064082,ok,0.191682,,0.191682,4.67797,3.3869,0.191827,4.66829,1,0,6.7688,estimated,0.50,2.33415,7.00244
37,16,37.5000,16.5000,1.0000,75.0000,5,0.779661,0.0288529,4.67797,0.062373,ok,0.193596,,0.193596,4.67797,3.3535,0.193570,4.67966,1,0,6.7078,estimated,0.50,2.33983,7.01948
38,16,38.5000,16.5000,1.0000,77.0000,5,0.779661,0.0288529,4.67797,0.060753,ok,0.195510,,0.195510,4.67797,3.3206,0.195172,4.69948,1,0,6.6527,estimated,0.50,2.34974,7.04923
39,16,39.5000,16.5000,1.0000,79.0000,5,0.779661,0.0288529,4.67797,0.059215,ok,0.197424,,0.197424,4.67797,3.2884,0.196547,4.73286,1,0,6.6062,estimated,0.50,2.36643,7.09929
40,16,40.5000,16.5000,1.0000,81.0000,5,0.779661,0.0288529,4.67797,0.057753,ok,0.199338,,0.199338,4.67797,3.2569,0.197621,4.78393,1,0,6.5703,estimated,0.50,2.39197,7.17590
41,16,41.5000,16.5000,1.0000,83.0000,5,0.779661,0.0288529,4.67797,0.056361,ok,0.201252,,0.201252,4.67797,3.2259,0.198311,4.85779,1,0,6.5474,estimated,0.50,2.42889,7.28668
42,16,42.5000,16.5000,1.0000,84.7056,2,0.779661,0.0288529,4.67797,0.055226,ok,0.202884,,0.202884,4.67797,3.1999,0.198547,4.94237,1,0,6.5397,estimated,0.50,2.47119,7.41356
43,16,43.5000,16.5000,1.0000,82.7056,2,0.779661,0.0288529,4.67797,0.056562,ok,0.200970,,0.200970,4.67797,3.2304,0.198237,4.84524,1,0,6.5499,estimated,0.50,2.42262,7.26786
44,16,44.5000,16.5000,1.0000,80.7056,2,0.779661,0.0288529,4.67797,0.057963,ok,0.199056,,0.199056,4.67797,3.2615,0.197486,4.77501,1,0,6.5748,estimated,0.50,2.38751,7.16252
45,16,45.5000,16.5000,1.0000,78.7056,2,0.779661,0.0288529,4.67797,0.059436,ok,0.197142,,0.197142,4.67797,3.2931,0.196363,4.72685,1,0,6.6124,estimated,0.50,2.36343,7.09028
46,16,46.5000,16.5000,1.0000,76.7056,2,0.779661,0.0288529,4.67797,0.060986,ok,0.195228,,0.195228,4.67797,3.3254,0.194951,4.69567,1,0,6.6603,estimated,0.50,2.34783,7.04350
47,16,47.5000,16.5000,1.0000,74.7056,2,0.779661,0.0288529,4.67797,0.062619,ok,0.193314,,0.193314,4.67797,3.3583,0.193323,4.67741,1,0,6.7164,estimated,0.50,2.33870,7.01611
48,16,48.5000,16.5000,1.0000,72.7056,2,0.779661,0.0288529,4.67797,0.064341,ok,0.191400,,0.191400,4.67797,3.3919,0.191562,4.66713,1,0,6.7781,estimated,0.50,2.33357,7.00070
49,16,49.5000,16.5000,1.0000,70.7056,2,0.779661,0.0288529,4.67797,0.066161,ok,0.189486,,0.189486,4.67797,3.4262,0.189706,4.66281,1,0,6.8444,estimated,0.50,2.33140,6.99421
50,16,50.5000,16.5000,1.0000,68.7056,2,0.779661,0.0288529,4.67797,0.068087,ok,0.187572,,0.187572,4.67797,3.4611,0.187786,4.66281,1,0,6.9144,estimated,0.50,2.33141,6.99422
51,16,51.5000,16.5000,1.0000,66.7056,2,0.779661,0.0288529,4.67797,0.070129,ok,0.185658,,0.185658,4.67797,3.4968,0.185817,4.66634,1,0,6.9877,estimated,0.50,2.33317,6.99950
52,16,52.5000,16.5000,1.0000,64.7056,2,0.779661,0.0288529,4.67797,0.072296,ok,0.183744,,0.183744,4.67797,3.5332,0.183808,4.67314,1,0,7.0640,estimated,0.50,2.33657,7.00971
53,16,53.5000,16.5000,1.0000,62.7056,2,0.779661,0.0288529,4.67797,0.074602,ok,0.181831,,0.181831,4.67797,3.5704,0.181763,4.68327,1,0,7.1435,estimated,0.50,2.34163,7.02490
54,16,54.5000,16.5000,1.0000,60.7056,2,0.779661,0.0288529,4.67797,0.077060,ok,0.179901,,0.179901,4.67797,3.6087,0.179683,4.69275,1,0,7.2262,estimated,0.50,2.34638,7.03913
55,16,55.5000,16.5000,1.0000,58.7056,2,0.779661,0.0288529,4.67797,0.079685,ok,0.177625,,0.177625,4.67797,3.6550,0.177577,4.68132,1,0,7.3119,estimated,0.50,2.34066,7.02198
56,16,56.5000,16.5000,1.0000,56.7056,2,0.779661,0.0288529,4.67797,0.082496,ok,0.175349,,0.175349,4.67797,3.7024,0.175458,4.67011,1,0,7.4002,estimated,0.50,2.33505,7.00516
57,16,57.5000,16.5000,1.0000,54.7056,2,0.779661,0.0288529,4.67797,0.085512,ok,0.173074,,0.173074,4.67797,3.7511,0.173329,4.65888,1,0,7.4911,estimated,0.50,2.32944,6.98831
58,16,58.5000,16.5000,1.0000,52.7056,2,0.779661,0.0288529,4.67797,0.088756,ok,0.170798,,0.170798,4.67797,3.8011,0.171211,4.64598,1,0,7.5838,estimated,0.50,2.32299,6.96898
59,16,59.5000,16.5000,1.0000,50.7056,2,0.779661,0.0288529,4.67797,0.092257,ok,0.168522,,0.168522,4.67797,3.8524,0.169125,4.62964,1,0,7.6774,estimated,0.50,2.31482,6.94445
60,16,60.5000,16.5000,1.0000,48.7056,2,0.779661,0.0288529,4.67797,0.096046,ok,0.166246,,0.166246,4.67797,3.9051,0.167092,4.60768,1,0,7.7708,estimated,0.50,2.30384,6.91151
61,16,61.5000,16.5000,1.0000,46.7056,2,0.779661,0.0288529,4.67797,0.100159,ok,0.163971,,0.163971,4.67797,3.9593,0.165134,4.57777,1,0,7.8629,estimated,0.50,2.28888,6.86665
62,16,62.5000,16.5000,1.0000,44.7056,2,0.779661,0.0288529,4.67797,0.104639,ok,0.161695,,0.161695,4.67797,4.0151,0.163279,4.53674,1,0,7.9522,estimated,0.50,2.26837,6.80510
63,16,63.5000,16.5000,1.0000,42.7056,2,0.779661,0.0288529,4.67797,0.109540,ok,0.159419,,0.159419,4.67797,4.0724,0.161517,4.48438,1,0,8.0390,estimated,0.50,2.24219,6.72657
64,16,64.5000,16.5000,1.0000,40.7056,2,0.779661,0.0288529,4.67797,0.114922,ok,0.157200,,0.157200,4.67797,4.1299,0.159861,4.41869,1,0,8.1222,estimated,0.50,2.20935,6.62804
65,16,65.5000,16.5000,1.0000,38.7056,2,0.779661,0.0288529,4.67797,0.120860,ok,0.156208,,0.156208,4.67797,4.1561,0.158287,4.34092,1,0,8.2030,estimated,0.50,2.17046,6.51137
66,16,66.5000,16.5000,1.0000,36.7056,2,0.779661,0.0288529,4.67797,0.127445,ok,0.155161,,0.155161,4.67797,4.1841,0.156812,4.30218,1,0,8.2802,estimated,0.50,2.15109,6.45327
67,16,67.5000,16.5000,1.0000,34.7056,2,0.779661,0.0288529,4.67797,0.134790,ok,0.154057,,0.154057,4.67797,4.2141,0.155425,4.36436,1,0,8.3541,estimated,0.50,2.18218,6.54655
68,16,68.5000,16.5000,1.0000,32.7056,2,0.779661,0.0288529,4.67797,0.143032,ok,0.152890,,0.152890,4.67797,4.2463,0.154113,4.39598,1,0,8.4252,estimated,0.50,2.19799,6.59397
69,16,69.5000,16.5000,1.0000,30.7056,2,0.762712,0.0288529,4.57627,0.149037,ok,0.152084,,0.152084,4.57627,4.2688,0.152859,4.39887,1,0,8.4943,estimated,0.50,2.19944,6.59831
70,16,70.5000,16.5000,1.0000,28.7056,2,0.745763,0.0288529,4.47458,0.155878,ok,0.151208,,0.151208,4.47458,4.2935,0.151662,4.37171,1,0,8.5614,estimated,0.50,2.18585,6.55756
71,16,71.5000,16.5000,1.0000,26.7056,2,0.728814,0.0288529,4.37288,0.163744,ok,0.150252,,0.150252,4.37288,4.3209,0.150517,4.31343,1,0,8.6265,estimated,0.50,2.15672,6.47015
72,16,72.5000,16.5000,1.0000,24.7056,2,0.711864,0.0288529,4.27119,0.172883,ok,0.149204,,0.149204,4.27119,4.3512,0.149449,4.21699,1,0,8.6881,estimated,0.50,2.10850,6.32549
73,16,73.5000,16.5000,1.0000,22.7056,2,0.694915,0.0288529,4.16949,0.183633,ok,0.148051,,0.148051,4.16949,4.3851,0.148437,4.08594,1,0,8.7474,estimated,0.50,2.04297,6.12890
74,16,74.5000,16.5000,1.0000,20.7056,2,0.677966,0.0288529,4.06780,0.196459,ok,0.146776,,0.146776,4.06780,4.4232,0.147507,3.91302,1,0,8.8025,estimated,0.50,1.95651,5.86953
75,16,75.5000,16.5000,1.0000,18.7056,2,0.661017,0.0288529,3.96610,0.212027,ok,0.145359,,0.145359,3.96610,4.4663,0.146674,3.69506,1,0,8.8525,estimated,0.50,1.84753,5.54259
76,16,76.5000,16.5000,1.0000,16.7056,2,0.644068,0.0288529,3.86441,0.231324,ok,0.143775,,0.143775,3.86441,4.5155,0.145949,3.43083,1,0,8.8965,estimated,0.50,1.71541,5.14624
77,16,77.5000,16.5000,1.0000,14.7056,2,0.627119,0.0288529,3.76271,0.255869,too_firm,,3.55265,0.143000,3.55265,4.5400,0.145317,3.12516,1,0,8.9352,estimated,0.50,1.56258,4.68775
78,16,78.5000,16.5000,1.0000,12.7056,2,0.610169,0.0288529,3.66102,0.288141,beyond_data,,3.06948,0.143000,3.06948,4.5400,0.144776,2.78109,1,0,8.9686,estimated,0.50,1.39055,4.17164
79,16,79.5000,16.5000,1.0000,10.7056,2,0.593220,0.0288529,3.55932,0.332472,beyond_data,,2.58631,0.143000,2.58631,4.5400,0.144335,2.40081,1,0,8.9960,estimated,0.50,1.20040,3.60121
80,16,80.5000,16.5000,1.0000,8.7056,2,0.576271,0.0288529,3.45763,0.397171,beyond_data,,2.10315,0.143000,2.10315,4.5400,0.143985,1.99042,1,0,9.0178,estimated,0.50,0.99521,2.98563
81,16,81.5000,16.5000,1.0000,6.7056,2,0.559322,0.0288529,3.35593,0.500465,beyond_data,,1.61998,0.143000,1.61998,4.5400,0.143714,1.55639,1,1,9.0348,estimated,0.50,0.77819,2.33458
82,16,82.5000,16.5000,1.0000,4.7056,2,0.542373,0.0288529,3.25424,0.691563,beyond_data,,1.13681,0.143000,1.13681,4.5400,0.143510,1.10474,1,1,9.0477,estimated,0.50,0.55237,1.65711
83,16,83.5000,16.5000,1.0000,2.7056,2,0.525424,0.0288529,3.15254,1.165180,beyond_data,,0.65364,0.143000,0.65364,4.5400,0.143358,0.64063,1,1,9.0573,estimated,0.50,0.32031,0.96094
84,16,84.5000,16.5000,1.0000,0.7056,2,0.508475,0.0288529,3.05085,4.323595,beyond_data,,0.17047,0.143000,0.17047,4.5400,0.143247,0.16812,1,1,9.0643,estimated,0.50,0.08406,0.25218
0,17,0.5000,17.5000,1.0000,1.0000,5,0.508475,0.0288529,3.05085,3.050847,beyond_data,,0.24158,0.143000,0.24158,4.5400,0.143269,0.23796,1,1,9.0629,estimated,0.50,0.11898,0.35694
1,17,1.5000,17.5000,1.0000,3.0000,5,0.525424,0.0288529,3.15254,1.050847,beyond_data,,0.72475,0.143000,0.72475,4.5400,0.143387,0.70917,1,1,9.0554,estimated,0.50,0.35459,1.06376
2,17,2.5000,17.5000,1.0000,5.0000,5,0.542373,0.0288529,3.25424,0.650847,beyond_data,,1.20792,0.143000,1.20792,4.5400,0.143547,1.17141,1,1,9.0453,estimated,0.50,0.58570,1.75711
3,17,3.5000,17.5000,1.0000,7.0000,5,0.559322,0.0288529,3.35593,0.479419,beyond_data,,1.69109,0.143000,1.69109,4.5400,0.143761,1.62048,1,1,9.0319,estimated,0.50,0.81024,2.43073
4,17,4.5000,17.5000,1.0000,9.0000,5,0.576271,0.0288529,3.45763,0.384181,beyond_data,,2.17426,0.143000,2.17426,4.5400,0.144042,2.05120,1,0,9.0142,estimated,0.50,1.02560,3.07680
5,17,5.5000,17.5000,1.0000,11.0000,5,0.593220,0.0288529,3.55932,0.323575,beyond_data,,2.65743,0.143000,2.65743,4.5400,0.144403,2.45757,1,0,8.9917,estimated,0.50,1.22878,3.68635
6,17,6.5000,17.5000,1.0000,13.0000,5,0.610169,0.0288529,3.66102,0.281617,too_firm,,3.14060,0.143000,3.14060,4.5400,0.144854,2.83332,1,0,8.9637,estimated,0.50,1.41666,4.24997
7,17,7.5000,17.5000,1.0000,15.0000,5,0.627119,0.0288529,3.76271,0.250847,too_firm,,3.62377,0.143000,3.62377,4.5400,0.145404,3.17269,1,0,8.9298,estimated,0.50,1.58634,4.75903
8,17,8.5000,17.5000,1.0000,17.0000,5,0.644068,0.0288529,3.86441,0.227318,ok,0.144089,,0.144089,3.86441,4.5056,0.146036,3.47491,1,0,8.8912,estimated,0.50,1.73746,5.21237
9,17,9.5000,17.5000,1.0000,19.0000,5,0.661017,0.0288529,3.96610,0.208742,ok,0.145647,,0.145647,3.96610,4.4574,0.146764,3.73509,1,0,8.8470,estimated,0.50,1.86755,5.60264
10,17,10.5000,17.5000,1.0000,21.0000,5,0.677966,0.0288529,4.06780,0.193705,ok,0.147041,,0.147041,4.06780,4.4152,0.147594,3.95028,1,0,8.7973,estimated,0.50,1.97514,5.92543
11,17,11.5000,17.5000,1.0000,23.0000,5,0.694915,0.0288529,4.16949,0.181282,ok,0.148296,,0.148296,4.16949,4.3778,0.148513,4.12233,1,0,8.7429,estimated,0.50,2.06117,6.18350
12,17,12.5000,17.5000,1.0000,25.0000,5,0.711864,0.0288529,4.27119,0.170847,ok,0.149432,,0.149432,4.27119,4.3446,0.149505,4.25488,1,0,8.6848,estimated,0.50,2.12744,6.38231
13,17,13.5000,17.5000,1.0000,27.0000,5,0.728814,0.0288529,4.37288,0.161959,ok,0.150464,,0.150464,4.37288,4.3148,0.150543,4.35523,1,0,8.6250,estimated,0.50,2.17761,6.53284
14,17,14.5000,17.5000,1.0000,29.0000,5,0.745763,0.0288529,4.47458,0.154296,ok,0.151407,,0.151407,4.47458,4.2879,0.151645,4.42024,1,0,8.5623,estimated,0.50,2.21012,6.63036
15,17,15.5000,17.5000,1.0000,31.0000,5,0.762712,0.0288529,4.57627,0.147622,ok,0.152271,,0.152271,4.57627,4.2635,0.152790,4.45661,1,0,8.4981,estimated,0.50,2.22831,6.68492
16,17,16.5000,17.5000,1.0000,33.0000,5,0.779661,0.0288529,4.67797,0.141757,ok,0.153066,,0.153066,4.67797,4.2414,0.153982,4.46505,1,0,8.4323,estimated,0.50,2.23252,6.69757
17,17,17.5000,17.5000,1.0000,35.0000,5,0.796610,0.0288529,4.77966,0.136562,ok,0.153800,,0.153800,4.77966,4.2212,0.155231,4.44496,1,0,8.3645,estimated,0.50,2.22248,6.66744
18,17,18.5000,17.5000,1.0000,37.0000,5,0.796610,0.0288529,4.77966,0.129180,ok,0.154895,,0.154895,4.77966,4.1913,0.156542,4.39654,1,0,8.2944,estimated,0.50,2.19827,6.59481
19,17,19.5000,17.5000,1.0000,39.0000,5,0.796610,0.0288529,4.77966,0.122555,ok,0.155933,,0.155933,4.77966,4.1634,0.157936,4.40653,1,0,8.2212,estimated,0.50,2.20327,6.60980
20,17,20.5000,17.5000,1.0000,41.0000,5,0.796610,0.0288529,4.77966,0.116577,ok,0.156918,,0.156918,4.77966,4.1373,0.159426,4.49052,1,0,8.1444,estimated,0.50,2.24526,6.73579
21,17,21.5000,17.5000,1.0000,43.0000,5,0.796610,0.0288529,4.77966,0.111155,ok,0.158713,,0.158713,4.77966,4.0905,0.161004,4.56149,1,0,8.0646,estimated,0.50,2.28075,6.84224
22,17,22.5000,17.5000,1.0000,45.0000,5,0.796610,0.0288529,4.77966,0.106215,ok,0.160941,,0.160941,4.77966,4.0339,0.162681,4.61928,1,0,7.9815,estimated,0.50,2.30964,6.92892
23,17,23.5000,17.5000,1.0000,47.0000,5,0.796610,0.0288529,4.77966,0.101695,ok,0.163168,,0.163168,4.77966,3.9788,0.164454,4.66507,1,0,7.8954,estimated,0.50,2.33253,6.99760
24,17,24.5000,17.5000,1.0000,49.0000,5,0.796610,0.0288529,4.77966,0.097544,ok,0.165395,,0.165395,4.77966,3.9252,0.166335,4.69873,1,0,7.8061,estimated,0.50,2.34937,7.04810
25,17,25.5000,17.5000,1.0000,51.0000,5,0.796610,0.0288529,4.77966,0.093719,ok,0.167622,,0.167622,4.77966,3.8731,0.168298,4.72346,1,0,7.7151,estimated,0.50,2.36173,7.08520
26,17,26.5000,17.5000,1.0000,53.0000,5,0.796610,0.0288529,4.77966,0.090182,ok,0.169850,,0.169850,4.77966,3.8223,0.170323,4.74163,1,0,7.6233,estimated,0.50,2.37082,7.11245
27,17,27.5000,17.5000,1.0000,55.0000,5,0.796610,0.0288529,4.77966,0.086903,ok,0.172077,,0.172077,4.77966,3.7728,0.172388,4.75551,1,0,7.5320,estimated,0.50,2.37776,7.13327
28,17,28.5000,17.5000,1.0000,57.0000,5,0.796610,0.0288529,4.77966,0.083854,ok,0.174304,,0.174304,4.77966,3.7246,0.174472,4.76706,1,0,7.4420,estimated,0.50,2.38353,7.15059
29,17,29.5000,17.5000,1.0000,59.0000,5,0.796610,0.0288529,4.77966,0.081011,ok,0.176532,,0.176532,4.77966,3.6776,0.176557,4.77781,1,0,7.3542,estimated,0.50,2.38891,7.16672
30,17,30.5000,17.5000,1.0000,61.0000,5,0.796610,0.0288529,4.77966,0.078355,ok,0.178759,,0.178759,4.77966,3.6318,0.178625,4.78909,1,0,7.2690,estimated,0.50,2.39454,7.18363
31,17,31.5000,17.5000,1.0000,63.0000,5,0.796610,0.0288529,4.77966,0.075868,ok,0.180830,,0.180830,4.77966,3.5902,0.180675,4.79225,1,0,7.1866,estimated,0.50,2.39612,7.18837
32,17,32.5000,17.5000,1.0000,65.0000,5,0.796610,0.0288529,4.77966,0.073533,ok,0.182703,,0.182703,4.77966,3.5534,0.182691,4.78056,1,0,7.1072,estimated,0.50,2.39028,7.17084
33,17,33.5000,17.5000,1.0000,67.0000,5,0.796610,0.0288529,4.77966,0.071338,ok,0.184576,,0.184576,4.77966,3.5173,0.184670,4.77248,1,0,7.0311,estimated,0.50,2.38624,7.15871
34,17,34.5000,17.5000,1.0000,69.0000,5,0.796610,0.0288529,4.77966,0.069270,ok,0.186449,,0.186449,4.77966,3.4820,0.186606,4.76807,1,0,6.9581,estimated,0.50,2.38404,7.15211
35,17,35.5000,17.5000,1.0000,71.0000,5,0.796610,0.0288529,4.77966,0.067319,ok,0.188322,,0.188322,4.77966,3.4474,0.188489,4.76772,1,0,6.8886,estimated,0.50,2.38386,7.15157
36,17,36.5000,17.5000,1.0000,73.0000,5,0.796610,0.0288529,4.77966,0.065475,ok,0.190196,,0.190196,4.77966,3.4134,0.190300,4.77234,1,0,6.8231,estimated,0.50,2.38617,7.15852
37,17,37.5000,17.5000,1.0000,75.0000,5,0.796610,0.0288529,4.77966,0.063729,ok,0.192069,,0.192069,4.77966,3.3801,0.192009,4.78372,1,0,6.7623,estimated,0.50,2.39186,7.17558
38,17,38.5000,17.5000,1.0000,77.0000,5,0.796610,0.0288529,4.77966,0.062074,ok,0.193942,,0.193942,4.77966,3.3475,0.193567,4.80466,1,0,6.7079,estimated,0.50,2.40233,7.20699
39,17,39.5000,17.5000,1.0000,79.0000,5,0.796610,0.0288529,4.77966,0.060502,ok,0.195815,,0.195815,4.77966,3.3154,0.194918,4.83832,1,0,6.6614,estimated,0.50,2.41916,7.25748
40,17,40.5000,17.5000,1.0000,81.0000,5,0.796610,0.0288529,4.77966,0.059008,ok,0.197688,,0.197688,4.77966,3.2840,0.195964,4.89084,1,0,6.6259,estimated,0.50,2.44542,7.33626
41,17,41.5000,17.5000,1.0000,83.0000,5,0.796610,0.0288529,4.77966,0.057586,ok,0.199562,,0.199562,4.77966,3.2532,0.196636,4.96660,1,0,6.6032,estimated,0.50,2.48330,7.44990
42,17,42.5000,17.5000,1.0000,84.7056,2,0.796610,0.0288529,4.77966,0.056427,ok,0.201159,,0.201159,4.77966,3.2274,0.196865,5.05317,1,0,6.5955,estimated,0.50,2.52659,7.57976
43,17,43.5000,17.5000,1.0000,82.7056,2,0.796610,0.0288529,4.77966,0.057791,ok,0.199286,,0.199286,4.77966,3.2577,0.196564,4.95374,1,0,6.6056,estimated,0.50,2.47687,7.43061
44,17,44.5000,17.5000,1.0000,80.7056,2,0.796610,0.0288529,4.77966,0.059223,ok,0.197413,,0.197413,4.77966,3.2886,0.195833,4.88168,1,0,6.6303,estimated,0.50,2.44084,7.32252
45,17,45.5000,17.5000,1.0000,78.7056,2,0.796610,0.0288529,4.77966,0.060728,ok,0.195539,,0.195539,4.77966,3.3201,0.194739,4.83214,1,0,6.6675,estimated,0.50,2.41607,7.24821
46,17,46.5000,17.5000,1.0000,76.7056,2,0.796610,0.0288529,4.77966,0.062312,ok,0.193666,,0.193666,4.77966,3.3522,0.193351,4.80073,1,0,6.7154,estimated,0.50,2.40037,7.20110
47,17,47.5000,17.5000,1.0000,74.7056,2,0.796610,0.0288529,4.77966,0.063980,ok,0.191793,,0.191793,4.77966,3.3850,0.191767,4.78144,1,0,6.7709,estimated,0.50,2.39072,7.17216
48,17,48.5000,17.5000,1.0000,72.7056,2,0.796610,0.0288529,4.77966,0.065740,ok,0.189920,,0.189920,4.77966,3.4184,0.190040,4.77122,1,0,6.8324,estimated,0.50,2.38561,7.15683
49,17,49.5000,17.5000,1.0000,70.7056,2,0.796610,0.0288529,4.77966,0.067599,ok,0.188047,,0.188047,4.77966,3.4524,0.188216,4.76743,1,0,6.8986,estimated,0.50,2.38372,7.15115
50,17,50.5000,17.5000,1.0000,68.7056,2,0.796610,0.0288529,4.77966,0.069567,ok,0.186173,,0.186173,4.77966,3.4872,0.186325,4.76844,1,0,6.9686,estimated,0.50,2.38422,7.15266
51,17,51.5000,17.5000,1.0000,66.7056,2,0.796610,0.0288529,4.77966,0.071653,ok,0.184300,,0.184300,4.77966,3.5226,0.184382,4.77341,1,0,7.0421,estimated,0.50,2.38670,7.16011
52,17,52.5000,17.5000,1.0000,64.7056,2,0.796610,0.0288529,4.77966,0.073868,ok,0.182427,,0.182427,4.77966,3.5588,0.182397,4.78203,1,0,7.1187,estimated,0.50,2.39102,7.17305
53,17,53.5000,17.5000,1.0000,62.7056,2,0.796610,0.0288529,4.77966,0.076224,ok,0.180554,,0.180554,4.77966,3.5957,0.180375,4.79427,1,0,7.1985,estimated,0.50,2.39713,7.19140
54,17,54.5000,17.5000,1.0000,60.7056,2,0.796610,0.0288529,4.77966,0.078735,ok,0.178431,,0.178431,4.77966,3.6385,0.178321,4.78744,1,0,7.2814,estimated,0.50,2.39372,7.18116
55,17,55.5000,17.5000,1.0000,58.7056,2,0.796610,0.0288529,4.77966,0.081417,ok,0.176204,,0.176204,4.77966,3.6845,0.176250,4.77627,1,0,7.3670,estimated,0.50,2.38814,7.16441
56,17,56.5000,17.5000,1.0000,56.7056,2,0.796610,0.0288529,4.77966,0.084289,ok,0.173977,,0.173977,4.77966,3.7316,0.174164,4.76552,1,0,7.4552,estimated,0.50,2.38276,7.14829
57,17,57.5000,17.5000,1.0000,54.7056,2,0.796610,0.0288529,4.77966,0.087371,ok,0.171749,,0.171749,4.77966,3.7800,0.172081,4.75380,1,0,7.5455,estimated,0.50,2.37690,7.13071
58,17,58.5000,17.5000,1.0000,52.7056,2,0.796610,0.0288529,4.77966,0.090686,ok,0.169522,,0.169522,4.77966,3.8297,0.170019,4.73952,1,0,7.6370,estimated,0.50,2.36976,7.10928
59,17,59.5000,17.5000,1.0000,50.7056,2,0.796610,0.0288529,4.77966,0.094263,ok,0.167295,,0.167295,4.77966,3.8807,0.168000,4.72066,1,0,7.7287,estimated,0.50,2.36033,7.08100
60,17,60.5000,17.5000,1.0000,48.7056,2,0.796610,0.0288529,4.77966,0.098134,ok,0.165067,,0.165067,4.77966,3.9330,0.166046,4.69494,1,0,7.8197,estimated,0.50,2.34747,7.04241
61,17,61.5000,17.5000,1.0000,46.7056,2,0.796610,0.0288529,4.77966,0.102336,ok,0.162840,,0.162840,4.77966,3.9868,0.164176,4.66000,1,0,7.9088,estimated,0.50,2.33000,6.99000
62,17,62.5000,17.5000,1.0000,44.7056,2,0.796610,0.0288529,4.77966,0.106914,ok,0.160613,,0.160613,4.77966,4.0421,0.162415,4.61268,1,0,7.9945,estimated,0.50,2.30634,6.91902
63,17,63.5000,17.5000,1.0000,42.7056,2,0.796610,0.0288529,4.77966,0.111921,ok,0.158385,,0.158385,4.77966,4.0990,0.160750,4.55323,1,0,8.0773,estimated,0.50,2.27662,6.82985
64,17,64.5000,17.5000,1.0000,40.7056,2,0.796610,0.0288529,4.77966,0.117420,ok,0.156777,,0.156777,4.77966,4.1410,0.159181,4.48085,1,0,8.1569,estimated,0.50,2.24042,6.72127
65,17,65.5000,17.5000,1.0000,38.7056,2,0.796610,0.0288529,4.77966,0.123487,ok,0.155784,,0.155784,4.77966,4.1674,0.157702,4.39511,1,0,8.2334,estimated,0.50,2.19756,6.59267
66,17,66.5000,17.5000,1.0000,36.7056,2,0.796610,0.0288529,4.77966,0.130216,ok,0.154738,,0.154738,4.77966,4.1956,0.156317,4.41170,1,0,8.3064,estimated,0.50,2.20585,6.61755
67,17,67.5000,17.5000,1.0000,34.7056,2,0.796610,0.0288529,4.77966,0.137720,ok,0.153634,,0.153634,4.77966,4.2257,0.155012,4.45669,1,0,8.3763,estimated,0.50,2.22834,6.68503
68,17,68.5000,17.5000,1.0000,32.7056,2,0.779661,0.0288529,4.67797,0.143032,ok,0.152890,,0.152890,4.67797,4.2463,0.153769,4.47345,1,0,8.4440,estimated,0.50,2.23672,6.71017
69,17,69.5000,17.5000,1.0000,30.7056,2,0.762712,0.0288529,4.57627,0.149037,ok,0.152084,,0.152084,4.57627,4.2688,0.152581,4.46168,1,0,8.5098,estimated,0.50,2.23084,6.69252
70,17,70.5000,17.5000,1.0000,28.7056,2,0.745763,0.0288529,4.47458,0.155878,ok,0.151208,,0.151208,4.47458,4.2935,0.151440,4.42171,1,0,8.5739,estimated,0.50,2.21085,6.63256
71,17,71.5000,17.5000,1.0000,26.7056,2,0.728814,0.0288529,4.37288,0.163744,ok,0.150252,,0.150252,4.37288,4.3209,0.150342,4.35254,1,0,8.6365,estimated,0.50,2.17627,6.52881
72,17,72.5000,17.5000,1.0000,24.7056,2,0.711864,0.0288529,4.27119,0.172883,ok,0.149204,,0.149204,4.27119,4.3512,0.149312,4.24724,1,0,8.6961,estimated,0.50,2.12362,6.37085
73,17,73.5000,17.5000,1.0000,22.7056,2,0.694915,0.0288529,4.16949,0.183633,ok,0.148051,,0.148051,4.16949,4.3851,0.148330,4.10882,1,0,8.7537,estimated,0.50,2.05441,6.16323
74,17,74.5000,17.5000,1.0000,20.7056,2,0.677966,0.0288529,4.06780,0.196459,ok,0.146776,,0.146776,4.06780,4.4232,0.147425,3.93002,1,0,8.8074,estimated,0.50,1.96501,5.89504
75,17,75.5000,17.5000,1.0000,18.7056,2,0.661017,0.0288529,3.96610,0.212027,ok,0.145359,,0.145359,3.96610,4.4663,0.146611,3.70745,1,0,8.8563,estimated,0.50,1.85373,5.56118
76,17,76.5000,17.5000,1.0000,16.7056,2,0.644068,0.0288529,3.86441,0.231324,ok,0.143775,,0.143775,3.86441,4.5155,0.145901,3.43968,1,0,8.8994,estimated,0.50,1.71984,5.15952
77,17,77.5000,17.5000,1.0000,14.7056,2,0.627119,0.0288529,3.76271,0.255869,too_firm,,3.55265,0.143000,3.55265,4.5400,0.145281,3.13122,1,0,8.9374,estimated,0.50,1.56561,4.69684
78,17,78.5000,17.5000,1.0000,12.7056,2,0.610169,0.0288529,3.66102,0.288141,beyond_data,,3.06948,0.143000,3.06948,4.5400,0.144750,2.78504,1,0,8.9702,estimated,0.50,1.39252,4.17755
79,17,79.5000,17.5000,1.0000,10.7056,2,0.593220,0.0288529,3.55932,0.332472,beyond_data,,2.58631,0.143000,2.58631,4.5400,0.144316,2.40327,1,0,8.9971,estimated,0.50,1.20163,3.60490
80,17,80.5000,17.5000,1.0000,8.7056,2,0.576271,0.0288529,3.45763,0.397171,beyond_data,,2.10315,0.143000,2.10315,4.5400,0.143972,1.99188,1,0,9.0186,estimated,0.50,0.99594,2.98782
81,17,81.5000,17.5000,1.0000,6.7056,2,0.559322,0.0288529,3.35593,0.500465,beyond_data,,1.61998,0.143000,1.61998,4.5400,0.143705,1.55719,1,1,9.0354,estimated,0.50,0.77860,2.33579
82,17,82.5000,17.5000,1.0000,4.7056,2,0.542373,0.0288529,3.25424,0.691563,beyond_data,,1.13681,0.143000,1.13681,4.5400,0.143503,1.10514,1,1,9.0481,estimated,0.50,0.55257,1.65771
83,17,83.5000,17.5000,1.0000,2.7056,2,0.525424,0.0288529,3.15254,1.165180,beyond_data,,0.65364,0.143000,0.65364,4.5400,0.143353,0.64079,1,1,9.0576,estimated,0.50,0.32039,0.96118
84,17,84.5000,17.5000,1.0000,0.7056,2,0.508475,0.0288529,3.05085,4.323595,beyond_data,,0.17047,0.143000,0.17047,4.5400,0.143244,0.16815,1,1,9.0645,estimated,0.50,0.08407,0.25222
0,18,0.5000,18.5000,1.0000,1.0000,5,0.508475,0.0288529,3.05085,3.050847,beyond_data,,0.24158,0.143000,0.24158,4.5400,0.143267,0.23799,1,1,9.0630,estimated,0.50,0.11899,0.35698
1,18,1.5000,18.5000,1.0000,3.0000,5,0.525424,0.0288529,3.15254,1.050847,beyond_data,,0.72475,0.143000,0.72475,4.5400,0.143384,0.70929,1,1,9.0556,estimated,0.50,0.35465,1.06394
2,18,2.5000,18.5000,1.0000,5.0000,5,0.542373,0.0288529,3.25424,0.650847,beyond_data,,1.20792,0.143000,1.20792,4.5400,0.143542,1.17169,1,1,9.0456,estimated,0.50,0.58585,1.75754
3,18,3.5000,18.5000,1.0000,7.0000,5,0.559322,0.0288529,3.35593,0.479419,beyond_data,,1.69109,0.143000,1.69109,4.5400,0.143755,1.62106,1,1,9.0323,estimated,0.50,0.81053,2.43159
4,18,4.5000,18.5000,1.0000,9.0000,5,0.576271,0.0288529,3.45763,0.384181,beyond_data,,2.17426,0.143000,2.17426,4.5400,0.144033,2.05225,1,0,9.0148,estimated,0.50,1.02612,3.07837
5,18,5.5000,18.5000,1.0000,11.0000,5,0.593220,0.0288529,3.55932,0.323575,beyond_data,,2.65743,0.143000,2.65743,4.5400,0.144390,2.45935,1,0,8.9925,estimated,0.50,1.22968,3.68903
6,18,6.5000,18.5000,1.0000,13.0000,5,0.610169,0.0288529,3.66102,0.281617,too_firm,,3.14060,0.143000,3.14060,4.5400,0.144835,2.83622,1,0,8.9649,estimated,0.50,1.41811,4.25432
7,18,7.5000,18.5000,1.0000,15.0000,5,0.627119,0.0288529,3.76271,0.250847,too_firm,,3.62377,0.143000,3.62377,4.5400,0.145378,3.17721,1,0,8.9314,estimated,0.50,1.58861,4.76582
8,18,8.5000,18.5000,1.0000,17.0000,5,0.644068,0.0288529,3.86441,0.227318,ok,0.144089,,0.144089,3.86441,4.5056,0.146001,3.48157,1,0,8.8933,estimated,0.50,1.74078,5.22235
9,18,9.5000,18.5000,1.0000,19.0000,5,0.661017,0.0288529,3.96610,0.208742,ok,0.145647,,0.145647,3.96610,4.4574,0.146717,3.74455,1,0,8.8499,estimated,0.50,1.87228,5.61683
10,18,10.5000,18.5000,1.0000,21.0000,5,0.677966,0.0288529,4.06780,0.193705,ok,0.147041,,0.147041,4.06780,4.4152,0.147531,3.96349,1,0,8.8011,estimated,0.50,1.98174,5.94523
11,18,11.5000,18.5000,1.0000,23.0000,5,0.694915,0.0288529,4.16949,0.181282,ok,0.148296,,0.148296,4.16949,4.3778,0.148430,4.14043,1,0,8.7478,estimated,0.50,2.07021,6.21064
12,18,12.5000,18.5000,1.0000,25.0000,5,0.711864,0.0288529,4.27119,0.170847,ok,0.149432,,0.149432,4.27119,4.3446,0.149395,4.27925,1,0,8.6912,estimated,0.50,2.13963,6.41888
13,18,13.5000,18.5000,1.0000,27.0000,5,0.728814,0.0288529,4.37288,0.161959,ok,0.150464,,0.150464,4.37288,4.3148,0.150400,4.38735,1,0,8.6332,estimated,0.50,2.19367,6.58102
14,18,14.5000,18.5000,1.0000,29.0000,5,0.745763,0.0288529,4.47458,0.154296,ok,0.151407,,0.151407,4.47458,4.2879,0.151461,4.46215,1,0,8.5727,estimated,0.50,2.23108,6.69323
15,18,15.5000,18.5000,1.0000,31.0000,5,0.762712,0.0288529,4.57627,0.147622,ok,0.152271,,0.152271,4.57627,4.2635,0.152555,4.51033,1,0,8.5112,estimated,0.50,2.25516,6.76549
16,18,16.5000,18.5000,1.0000,33.0000,5,0.779661,0.0288529,4.67797,0.141757,ok,0.153066,,0.153066,4.67797,4.2414,0.153687,4.53260,1,0,8.4485,estimated,0.50,2.26630,6.79890
17,18,17.5000,18.5000,1.0000,35.0000,5,0.796610,0.0288529,4.77966,0.136562,ok,0.153800,,0.153800,4.77966,4.2212,0.154865,4.52823,1,0,8.3843,estimated,0.50,2.26412,6.79235
18,18,18.5000,18.5000,1.0000,37.0000,5,0.813559,0.0288529,4.88136,0.131929,ok,0.154480,,0.154480,4.88136,4.2026,0.156103,4.49553,1,0,8.3178,estimated,0.50,2.24777,6.74330
19,18,19.5000,18.5000,1.0000,39.0000,5,0.813559,0.0288529,4.88136,0.125163,ok,0.155518,,0.155518,4.88136,4.1745,0.157411,4.45621,1,0,8.2487,estimated,0.50,2.22811,6.68432
20,18,20.5000,18.5000,1.0000,41.0000,5,0.813559,0.0288529,4.88136,0.119057,ok,0.156504,,0.156504,4.88136,4.1482,0.158808,4.54833,1,0,8.1761,estimated,0.50,2.27416,6.82249
21,18,21.5000,18.5000,1.0000,43.0000,5,0.813559,0.0288529,4.88136,0.113520,ok,0.157716,,0.157716,4.88136,4.1164,0.160301,4.62629,1,0,8.1000,estimated,0.50,2.31315,6.93944
22,18,22.5000,18.5000,1.0000,45.0000,5,0.813559,0.0288529,4.88136,0.108475,ok,0.159896,,0.159896,4.88136,4.0602,0.161881,4.69160,1,0,8.0209,estimated,0.50,2.34580,7.03740
23,18,23.5000,18.5000,1.0000,47.0000,5,0.813559,0.0288529,4.88136,0.103859,ok,0.162077,,0.162077,4.88136,4.0056,0.163569,4.74329,1,0,7.9381,estimated,0.50,2.37165,7.11494
24,18,24.5000,18.5000,1.0000,49.0000,5,0.813559,0.0288529,4.88136,0.099620,ok,0.164258,,0.164258,4.88136,3.9524,0.165350,4.78358,1,0,7.8526,estimated,0.50,2.39179,7.17537
25,18,25.5000,18.5000,1.0000,51.0000,5,0.813559,0.0288529,4.88136,0.095713,ok,0.166439,,0.166439,4.88136,3.9006,0.167232,4.81272,1,0,7.7642,estimated,0.50,2.40636,7.21908
26,18,26.5000,18.5000,1.0000,53.0000,5,0.813559,0.0288529,4.88136,0.092101,ok,0.168620,,0.168620,4.88136,3.8502,0.169186,4.83401,1,0,7.6746,estimated,0.50,2.41701,7.25102
27,18,27.5000,18.5000,1.0000,55.0000,5,0.813559,0.0288529,4.88136,0.088752,ok,0.170801,,0.170801,4.88136,3.8010,0.171191,4.84980,1,0,7.5847,estimated,0.50,2.42490,7.27471
28,18,28.5000,18.5000,1.0000,57.0000,5,0.813559,0.0288529,4.88136,0.085638,ok,0.172982,,0.172982,4.88136,3.7531,0.173226,4.86226,1,0,7.4956,estimated,0.50,2.43113,7.29338
29,18,29.5000,18.5000,1.0000,59.0000,5,0.813559,0.0288529,4.88136,0.082735,ok,0.175163,,0.175163,4.88136,3.7064,0.175271,4.87313,1,0,7.4081,estimated,0.50,2.43657,7.30970
30,18,30.5000,18.5000,1.0000,61.0000,5,0.813559,0.0288529,4.88136,0.080022,ok,0.177344,,0.177344,4.88136,3.6608,0.177307,4.88407,1,0,7.3231,estimated,0.50,2.44203,7.32610
31,18,31.5000,18.5000,1.0000,63.0000,5,0.813559,0.0288529,4.88136,0.077482,ok,0.179525,,0.179525,4.88136,3.6163,0.179330,4.89526,1,0,7.2405,estimated,0.50,2.44763,7.34288
32,18,32.5000,18.5000,1.0000,65.0000,5,0.813559,0.0288529,4.88136,0.075098,ok,0.181434,,0.181434,4.88136,3.5782,0.181323,4.89049,1,0,7.1609,estimated,0.50,2.44525,7.33574
33,18,33.5000,18.5000,1.0000,67.0000,5,0.813559,0.0288529,4.88136,0.072856,ok,0.183269,,0.183269,4.88136,3.5424,0.183280,4.88048,1,0,7.0844,estimated,0.50,2.44024,7.32072
34,18,34.5000,18.5000,1.0000,69.0000,5,0.813559,0.0288529,4.88136,0.070744,ok,0.185103,,0.185103,4.88136,3.5073,0.185192,4.87449,1,0,7.0113,estimated,0.50,2.43724,7.31173
35,18,35.5000,18.5000,1.0000,71.0000,5,0.813559,0.0288529,4.88136,0.068751,ok,0.186937,,0.186937,4.88136,3.4729,0.187049,4.87298,1,0,6.9417,estimated,0.50,2.43649,7.30947
36,18,36.5000,18.5000,1.0000,73.0000,5,0.813559,0.0288529,4.88136,0.066868,ok,0.188771,,0.188771,4.88136,3.4392,0.188832,4.87695,1,0,6.8761,estimated,0.50,2.43847,7.31542
37,18,37.5000,18.5000,1.0000,75.0000,5,0.813559,0.0288529,4.88136,0.065085,ok,0.190605,,0.190605,4.88136,3.4061,0.190509,4.88818,1,0,6.8156,estimated,0.50,2.44409,7.33226
38,18,38.5000,18.5000,1.0000,77.0000,5,0.813559,0.0288529,4.88136,0.063394,ok,0.192439,,0.192439,4.88136,3.3736,0.192035,4.90948,1,0,6.7614,estimated,0.50,2.45474,7.36423
39,18,39.5000,18.5000,1.0000,79.0000,5,0.813559,0.0288529,4.88136,0.061789,ok,0.194274,,0.194274,4.88136,3.3418,0.193345,4.94473,1,0,6.7156,estimated,0.50,2.47237,7.41710
40,18,40.5000,18.5000,1.0000,81.0000,5,0.813559,0.0288529,4.88136,0.060264,ok,0.196108,,0.196108,4.88136,3.3105,0.194376,4.99785,1,0,6.6800,estimated,0.50,2.49893,7.49678
41,18,41.5000,18.5000,1.0000,83.0000,5,0.813559,0.0288529,4.88136,0.058812,ok,0.197942,,0.197942,4.88136,3.2798,0.195030,5.07550,1,0,6.6576,estimated,0.50,2.53775,7.61325
42,18,42.5000,18.5000,1.0000,84.7056,2,0.813559,0.0288529,4.88136,0.057627,ok,0.199506,,0.199506,4.88136,3.2541,0.195254,5.16404,1,0,6.6500,estimated,0.50,2.58202,7.74607
43,18,43.5000,18.5000,1.0000,82.7056,2,0.813559,0.0288529,4.88136,0.059021,ok,0.197672,,0.197672,4.88136,3.2843,0.194961,5.06233,1,0,6.6600,estimated,0.50,2.53116,7.59349
44,18,44.5000,18.5000,1.0000,80.7056,2,0.813559,0.0288529,4.88136,0.060483,ok,0.195838,,0.195838,4.88136,3.3151,0.194249,4.98846,1,0,6.6844,estimated,0.50,2.49423,7.48269
45,18,45.5000,18.5000,1.0000,78.7056,2,0.813559,0.0288529,4.88136,0.062020,ok,0.194004,,0.194004,4.88136,3.3464,0.193170,4.93838,1,0,6.7217,estimated,0.50,2.46919,7.40757
46,18,46.5000,18.5000,1.0000,76.7056,2,0.813559,0.0288529,4.88136,0.063638,ok,0.192170,,0.192170,4.88136,3.3783,0.191824,4.90547,1,0,6.7689,estimated,0.50,2.45273,7.35820
47,18,47.5000,18.5000,1.0000,74.7056,2,0.813559,0.0288529,4.88136,0.065341,ok,0.190335,,0.190335,4.88136,3.4109,0.190272,4.88588,1,0,6.8241,estimated,0.50,2.44294,7.32881
48,18,48.5000,18.5000,1.0000,72.7056,2,0.813559,0.0288529,4.88136,0.067139,ok,0.188501,,0.188501,4.88136,3.4441,0.188576,4.87588,1,0,6.8854,estimated,0.50,2.43794,7.31383
49,18,49.5000,18.5000,1.0000,70.7056,2,0.813559,0.0288529,4.88136,0.069038,ok,0.186667,,0.186667,4.88136,3.4779,0.186780,4.87283,1,0,6.9516,estimated,0.50,2.43642,7.30925
50,18,50.5000,18.5000,1.0000,68.7056,2,0.813559,0.0288529,4.88136,0.071047,ok,0.184833,,0.184833,4.88136,3.5124,0.184914,4.87506,1,0,7.0218,estimated,0.50,2.43753,7.31259
51,18,51.5000,18.5000,1.0000,66.7056,2,0.813559,0.0288529,4.88136,0.073178,ok,0.182999,,0.182999,4.88136,3.5476,0.182995,4.88168,1,0,7.0955,estimated,0.50,2.44084,7.32252
52,18,52.5000,18.5000,1.0000,64.7056,2,0.813559,0.0288529,4.88136,0.075439,ok,0.181164,,0.181164,4.88136,3.5836,0.181032,4.89228,1,0,7.1724,estimated,0.50,2.44614,7.33842
53,18,53.5000,18.5000,1.0000,62.7056,2,0.813559,0.0288529,4.88136,0.077846,ok,0.179204,,0.179204,4.88136,3.6228,0.179033,4.89354,1,0,7.2524,estimated,0.50,2.44677,7.34031
54,18,54.5000,18.5000,1.0000,60.7056,2,0.813559,0.0288529,4.88136,0.080410,ok,0.177023,,0.177023,4.88136,3.6674,0.177011,4.88222,1,0,7.3353,estimated,0.50,2.44111,7.32332
55,18,55.5000,18.5000,1.0000,58.7056,2,0.813559,0.0288529,4.88136,0.083150,ok,0.174842,,0.174842,4.88136,3.7132,0.174969,4.87166,1,0,7.4209,estimated,0.50,2.43583,7.30749
56,18,56.5000,18.5000,1.0000,56.7056,2,0.813559,0.0288529,4.88136,0.086082,ok,0.172661,,0.172661,4.88136,3.7601,0.172924,4.86071,1,0,7.5087,estimated,0.50,2.43036,7.29107
57,18,57.5000,18.5000,1.0000,54.7056,2,0.813559,0.0288529,4.88136,0.089230,ok,0.170480,,0.170480,4.88136,3.8082,0.170891,4.84799,1,0,7.5980,estimated,0.50,2.42399,7.27198
58,18,58.5000,18.5000,1.0000,52.7056,2,0.813559,0.0288529,4.88136,0.092615,ok,0.168299,,0.168299,4.88136,3.8575,0.168890,4.83166,1,0,7.6880,estimated,0.50,2.41583,7.24749
59,18,59.5000,18.5000,1.0000,50.7056,2,0.813559,0.0288529,4.88136,0.096269,ok,0.166118,,0.166118,4.88136,3.9082,0.166944,4.80954,1,0,7.7776,estimated,0.50,2.40477,7.21432
60,18,60.5000,18.5000,1.0000,48.7056,2,0.813559,0.0288529,4.88136,0.100222,ok,0.163937,,0.163937,4.88136,3.9601,0.165072,4.77927,1,0,7.8659,estimated,0.50,2.38963,7.16890
61,18,61.5000,18.5000,1.0000,46.7056,2,0.813559,0.0288529,4.88136,0.104513,ok,0.161756,,0.161756,4.88136,4.0135,0.163302,4.73757,1,0,7.9511,estimated,0.50,2.36878,7.10635
62,18,62.5000,18.5000,1.0000,44.7056,2,0.813559,0.0288529,4.88136,0.109189,ok,0.159575,,0.159575,4.88136,4.0684,0.161626,4.68428,1,0,8.0335,estimated,0.50,2.34214,7.02642
63,18,63.5000,18.5000,1.0000,42.7056,2,0.813559,0.0288529,4.88136,0.114302,ok,0.157395,,0.157395,4.88136,4.1248,0.160058,4.61727,1,0,8.1122,estimated,0.50,2.30863,6.92590
64,18,64.5000,18.5000,1.0000,40.7056,2,0.813559,0.0288529,4.88136,0.119918,ok,0.156362,,0.156362,4.88136,4.1520,0.158573,4.53788,1,0,8.1882,estimated,0.50,2.26894,6.80682
65,18,65.5000,18.5000,1.0000,38.7056,2,0.813559,0.0288529,4.88136,0.126115,ok,0.155368,,0.155368,4.88136,4.1786,0.157186,4.45128,1,0,8.2605,estimated,0.50,2.22564,6.67692
66,18,66.5000,18.5000,1.0000,36.7056,2,0.813559,0.0288529,4.88136,0.132987,ok,0.154323,,0.154323,4.88136,4.2069,0.155886,4.50921,1,0,8.3294,estimated,0.50,2.25461,6.76382
67,18,67.5000,18.5000,1.0000,34.7056,2,0.796610,0.0288529,4.77966,0.137720,ok,0.153634,,0.153634,4.77966,4.2257,0.154653,4.53865,1,0,8.3958,estimated,0.50,2.26932,6.80797
68,18,68.5000,18.5000,1.0000,32.7056,2,0.779661,0.0288529,4.67797,0.143032,ok,0.152890,,0.152890,4.67797,4.2463,0.153479,4.53992,1,0,8.4600,estimated,0.50,2.26996,6.80988
69,18,69.5000,18.5000,1.0000,30.7056,2,0.762712,0.0288529,4.57627,0.149037,ok,0.152084,,0.152084,4.57627,4.2688,0.152350,4.51453,1,0,8.5227,estimated,0.50,2.25727,6.77180
70,18,70.5000,18.5000,1.0000,28.7056,2,0.745763,0.0288529,4.47458,0.155878,ok,0.151208,,0.151208,4.47458,4.2935,0.151259,4.46297,1,0,8.5842,estimated,0.50,2.23149,6.69446
71,18,71.5000,18.5000,1.0000,26.7056,2,0.728814,0.0288529,4.37288,0.163744,ok,0.150252,,0.150252,4.37288,4.3209,0.150202,4.38420,1,0,8.6446,estimated,0.50,2.19210,6.57629
72,18,72.5000,18.5000,1.0000,24.7056,2,0.711864,0.0288529,4.27119,0.172883,ok,0.149204,,0.149204,4.27119,4.3512,0.149204,4.27128,1,0,8.7024,estimated,0.50,2.13564,6.40692
73,18,73.5000,18.5000,1.0000,22.7056,2,0.694915,0.0288529,4.16949,0.183633,ok,0.148051,,0.148051,4.16949,4.3851,0.148247,4.12669,1,0,8.7585,estimated,0.50,2.06334,6.19003
74,18,74.5000,18.5000,1.0000,20.7056,2,0.677966,0.0288529,4.06780,0.196459,ok,0.146776,,0.146776,4.06780,4.4232,0.147362,3.94306,1,0,8.8112,estimated,0.50,1.97153,5.91459
75,18,75.5000,18.5000,1.0000,18.7056,2,0.661017,0.0288529,3.96610,0.212027,ok,0.145359,,0.145359,3.96610,4.4663,0.146564,3.71679,1,0,8.8591,estimated,0.50,1.85840,5.57519
76,18,76.5000,18.5000,1.0000,16.7056,2,0.644068,0.0288529,3.86441,0.231324,ok,0.143775,,0.143775,3.86441,4.5155,0.145866,3.44625,1,0,8.9015,estimated,0.50,1.72312,5.16937
77,18,77.5000,18.5000,1.0000,14.7056,2,0.627119,0.0288529,3.76271,0.255869,too_firm,,3.55265,0.143000,3.55265,4.5400,0.145255,3.13564,1,0,8.9389,estimated,0.50,1.56782,4.70346
78,18,78.5000,18.5000,1.0000,12.7056,2,0.610169,0.0288529,3.66102,0.288141,beyond_data,,3.06948,0.143000,3.06948,4.5400,0.144731,2.78786,1,0,8.9713,estimated,0.50,1.39393,4.18179
79,18,79.5000,18.5000,1.0000,10.7056,2,0.593220,0.0288529,3.55932,0.332472,beyond_data,,2.58631,0.143000,2.58631,4.5400,0.144303,2.40500,1,0,8.9979,estimated,0.50,1.20250,3.60749
80,18,80.5000,18.5000,1.0000,8.7056,2,0.576271,0.0288529,3.45763,0.397171,beyond_data,,2.10315,0.143000,2.10315,4.5400,0.143963,1.99289,1,0,9.0192,estimated,0.50,0.99644,2.98933
81,18,81.5000,18.5000,1.0000,6.7056,2,0.559322,0.0288529,3.35593,0.500465,beyond_data,,1.61998,0.143000,1.61998,4.5400,0.143699,1.55774,1,1,9.0358,estimated,0.50,0.77887,2.33661
82,18,82.5000,18.5000,1.0000,4.7056,2,0.542373,0.0288529,3.25424,0.691563,beyond_data,,1.13681,0.143000,1.13681,4.5400,0.143499,1.10541,1,1,9.0484,estimated,0.50,0.55270,1.65811
83,18,83.5000,18.5000,1.0000,2.7056,2,0.525424,0.0288529,3.15254,1.165180,beyond_data,,0.65364,0.143000,0.65364,4.5400,0.143350,0.64089,1,1,9.0577,estimated,0.50,0.32045,0.96134
84,18,84.5000,18.5000,1.0000,0.7056,2,0.508475,0.0288529,3.05085,4.323595,beyond_data,,0.17047,0.143000,0.17047,4.5400,0.143242,0.16817,1,1,9.0646,estimated,0.50,0.08408,0.25225
0,19,0.5000,19.5000,1.0000,1.0000,5,0.508475,0.0288529,3.05085,3.050847,beyond_data,,0.24158,0.143000,0.24158,4.5400,0.143266,0.23800,1,1,9.0631,estimated,0.50,0.11900,0.35700
1,19,1.5000,19.5000,1.0000,3.0000,5,0.525424,0.0288529,3.15254,1.050847,beyond_data,,0.72475,0.143000,0.72475,4.5400,0.143382,0.70937,1,1,9.0558,estimated,0.50,0.35468,1.06405
2,19,2.5000,19.5000,1.0000,5.0000,5,0.542373,0.0288529,3.25424,0.650847,beyond_data,,1.20792,0.143000,1.20792,4.5400,0.143540,1.17188,1,1,9.0458,estimated,0.50,0.58594,1.75782
3,19,3.5000,19.5000,1.0000,7.0000,5,0.559322,0.0288529,3.35593,0.479419,beyond_data,,1.69109,0.143000,1.69109,4.5400,0.143751,1.62144,1,1,9.0325,estimated,0.50,0.81072,2.43216
4,19,4.5000,19.5000,1.0000,9.0000,5,0.576271,0.0288529,3.45763,0.384181,beyond_data,,2.17426,0.143000,2.17426,4.5400,0.144027,2.05295,1,0,9.0152,estimated,0.50,1.02647,3.07942
5,19,5.5000,19.5000,1.0000,11.0000,5,0.593220,0.0288529,3.55932,0.323575,beyond_data,,2.65743,0.143000,2.65743,4.5400,0.144381,2.46057,1,0,8.9931,estimated,0.50,1.23028,3.69085
6,19,6.5000,19.5000,1.0000,13.0000,5,0.610169,0.0288529,3.66102,0.281617,too_firm,,3.14060,0.143000,3.14060,4.5400,0.144822,2.83823,1,0,8.9657,estimated,0.50,1.41912,4.25735
7,19,7.5000,19.5000,1.0000,15.0000,5,0.627119,0.0288529,3.76271,0.250847,too_firm,,3.62377,0.143000,3.62377,4.5400,0.145359,3.18043,1,0,8.9326,estimated,0.50,1.59021,4.77064
8,19,8.5000,19.5000,1.0000,17.0000,5,0.644068,0.0288529,3.86441,0.227318,ok,0.144089,,0.144089,3.86441,4.5056,0.145975,3.48639,1,0,8.8949,estimated,0.50,1.74319,5.22958
9,19,9.5000,19.5000,1.0000,19.0000,5,0.661017,0.0288529,3.96610,0.208742,ok,0.145647,,0.145647,3.96610,4.4574,0.146682,3.75152,1,0,8.8520,estimated,0.50,1.87576,5.62729
10,19,10.5000,19.5000,1.0000,21.0000,5,0.677966,0.0288529,4.06780,0.193705,ok,0.147041,,0.147041,4.06780,4.4152,0.147484,3.97339,1,0,8.8039,estimated,0.50,1.98670,5.96009
11,19,11.5000,19.5000,1.0000,23.0000,5,0.694915,0.0288529,4.16949,0.181282,ok,0.148296,,0.148296,4.16949,4.3778,0.148366,4.15426,1,0,8.7515,estimated,0.50,2.07713,6.23139
12,19,12.5000,19.5000,1.0000,25.0000,5,0.711864,0.0288529,4.27119,0.170847,ok,0.149432,,0.149432,4.27119,4.3446,0.149310,4.29826,1,0,8.6962,estimated,0.50,2.14913,6.44738
13,19,13.5000,19.5000,1.0000,27.0000,5,0.728814,0.0288529,4.37288,0.161959,ok,0.150464,,0.150464,4.37288,4.3148,0.150288,4.41285,1,0,8.6396,estimated,0.50,2.20643,6.61928
14,19,14.5000,19.5000,1.0000,29.0000,5,0.745763,0.0288529,4.47458,0.154296,ok,0.151407,,0.151407,4.47458,4.2879,0.151313,4.49612,1,0,8.5811,estimated,0.50,2.24806,6.74418
15,19,15.5000,19.5000,1.0000,31.0000,5,0.762712,0.0288529,4.57627,0.147622,ok,0.152271,,0.152271,4.57627,4.2635,0.152363,4.55475,1,0,8.5219,estimated,0.50,2.27738,6.83213
16,19,16.5000,19.5000,1.0000,33.0000,5,0.779661,0.0288529,4.67797,0.141757,ok,0.153066,,0.153066,4.67797,4.2414,0.153441,4.58962,1,0,8.4621,estimated,0.50,2.29481,6.88443
17,19,17.5000,19.5000,1.0000,35.0000,5,0.796610,0.0288529,4.77966,0.136562,ok,0.153800,,0.153800,4.77966,4.2212,0.154555,4.59993,1,0,8.4011,estimated,0.50,2.29997,6.89990
18,19,18.5000,19.5000,1.0000,37.0000,5,0.813559,0.0288529,4.88136,0.131929,ok,0.154480,,0.154480,4.88136,4.2026,0.155720,4.58373,1,0,8.3382,estimated,0.50,2.29187,6.87560
19,19,19.5000,19.5000,1.0000,39.0000,5,0.830508,0.0288529,4.98305,0.127771,ok,0.155111,,0.155111,4.98305,4.1855,0.156953,4.53860,1,0,8.2727,estimated,0.50,2.26930,6.80790
20,19,20.5000,19.5000,1.0000,41.0000,5,0.830508,0.0288529,4.98305,0.121538,ok,0.156097,,0.156097,4.98305,4.1590,0.158262,4.60073,1,0,8.2043,estimated,0.50,2.30036,6.90109
21,19,21.5000,19.5000,1.0000,43.0000,5,0.830508,0.0288529,4.98305,0.115885,ok,0.157036,,0.157036,4.98305,4.1342,0.159666,4.68638,1,0,8.1321,estimated,0.50,2.34319,7.02957
22,19,22.5000,19.5000,1.0000,45.0000,5,0.830508,0.0288529,4.98305,0.110734,ok,0.158895,,0.158895,4.98305,4.0858,0.161157,4.75908,1,0,8.0569,estimated,0.50,2.37954,7.13863
23,19,23.5000,19.5000,1.0000,47.0000,5,0.830508,0.0288529,4.98305,0.106022,ok,0.161031,,0.161031,4.98305,4.0316,0.162750,4.81809,1,0,7.9780,estimated,0.50,2.40904,7.22713
24,19,24.5000,19.5000,1.0000,49.0000,5,0.830508,0.0288529,4.98305,0.101695,ok,0.163168,,0.163168,4.98305,3.9788,0.164439,4.86486,1,0,7.8961,estimated,0.50,2.43243,7.29730
25,19,25.5000,19.5000,1.0000,51.0000,5,0.830508,0.0288529,4.98305,0.097707,ok,0.165304,,0.165304,4.98305,3.9274,0.166236,4.89922,1,0,7.8107,estimated,0.50,2.44961,7.34883
26,19,26.5000,19.5000,1.0000,53.0000,5,0.830508,0.0288529,4.98305,0.094020,ok,0.167441,,0.167441,4.98305,3.8773,0.168115,4.92442,1,0,7.7235,estimated,0.50,2.46221,7.38663
27,19,27.5000,19.5000,1.0000,55.0000,5,0.830508,0.0288529,4.98305,0.090601,ok,0.169577,,0.169577,4.98305,3.8284,0.170055,4.94286,1,0,7.6354,estimated,0.50,2.47143,7.41429
28,19,28.5000,19.5000,1.0000,57.0000,5,0.830508,0.0288529,4.98305,0.087422,ok,0.171713,,0.171713,4.98305,3.7808,0.172036,4.95682,1,0,7.5475,estimated,0.50,2.47841,7.43524
29,19,29.5000,19.5000,1.0000,59.0000,5,0.830508,0.0288529,4.98305,0.084458,ok,0.173850,,0.173850,4.98305,3.7343,0.174037,4.96830,1,0,7.4607,estimated,0.50,2.48415,7.45244
30,19,30.5000,19.5000,1.0000,61.0000,5,0.830508,0.0288529,4.98305,0.081689,ok,0.175986,,0.175986,4.98305,3.6890,0.176041,4.97884,1,0,7.3757,estimated,0.50,2.48942,7.46826
31,19,31.5000,19.5000,1.0000,63.0000,5,0.830508,0.0288529,4.98305,0.079096,ok,0.178123,,0.178123,4.98305,3.6448,0.178030,4.98989,1,0,7.2933,estimated,0.50,2.49495,7.48484
32,19,32.5000,19.5000,1.0000,65.0000,5,0.830508,0.0288529,4.98305,0.076662,ok,0.180218,,0.180218,4.98305,3.6024,0.180000,5.00173,1,0,7.2135,estimated,0.50,2.50086,7.50259
33,19,33.5000,19.5000,1.0000,67.0000,5,0.830508,0.0288529,4.98305,0.074374,ok,0.182015,,0.182015,4.98305,3.5668,0.181935,4.98968,1,0,7.1368,estimated,0.50,2.49484,7.48452
34,19,34.5000,19.5000,1.0000,69.0000,5,0.830508,0.0288529,4.98305,0.072218,ok,0.183811,,0.183811,4.98305,3.5320,0.183825,4.98193,1,0,7.0634,estimated,0.50,2.49097,7.47290
35,19,35.5000,19.5000,1.0000,71.0000,5,0.830508,0.0288529,4.98305,0.070184,ok,0.185608,,0.185608,4.98305,3.4978,0.185659,4.97907,1,0,6.9936,estimated,0.50,2.48954,7.46861
36,19,36.5000,19.5000,1.0000,73.0000,5,0.830508,0.0288529,4.98305,0.068261,ok,0.187405,,0.187405,4.98305,3.4642,0.187416,4.98217,1,0,6.9280,estimated,0.50,2.49109,7.47326
37,19,37.5000,19.5000,1.0000,75.0000,5,0.830508,0.0288529,4.98305,0.066441,ok,0.189202,,0.189202,4.98305,3.4313,0.189066,4.99307,1,0,6.8676,estimated,0.50,2.49654,7.48961
38,19,38.5000,19.5000,1.0000,77.0000,5,0.830508,0.0288529,4.98305,0.064715,ok,0.190998,,0.190998,4.98305,3.3991,0.190563,5.01461,1,0,6.8137,estimated,0.50,2.50730,7.52191
39,19,39.5000,19.5000,1.0000,79.0000,5,0.830508,0.0288529,4.98305,0.063077,ok,0.192795,,0.192795,4.98305,3.3674,0.191845,5.05064,1,0,6.7681,estimated,0.50,2.52532,7.57596
40,19,40.5000,19.5000,1.0000,81.0000,5,0.830508,0.0288529,4.98305,0.061519,ok,0.194592,,0.194592,4.98305,3.3363,0.192842,5.10585,1,0,6.7331,estimated,0.50,2.55292,7.65877
41,19,41.5000,19.5000,1.0000,83.0000,5,0.830508,0.0288529,4.98305,0.060037,ok,0.196389,,0.196389,4.98305,3.3058,0.193491,5.18450,1,0,6.7105,estimated,0.50,2.59225,7.77675
42,19,42.5000,19.5000,1.0000,84.7056,2,0.830508,0.0288529,4.98305,0.058828,ok,0.197921,,0.197921,4.98305,3.2802,0.193709,5.27501,1,0,6.7030,estimated,0.50,2.63751,7.91252
43,19,43.5000,19.5000,1.0000,82.7056,2,0.830508,0.0288529,4.98305,0.060250,ok,0.196124,,0.196124,4.98305,3.3102,0.193423,5.17103,1,0,6.7129,estimated,0.50,2.58551,7.75654
44,19,44.5000,19.5000,1.0000,80.7056,2,0.830508,0.0288529,4.98305,0.061744,ok,0.194327,,0.194327,4.98305,3.3408,0.192717,5.09623,1,0,6.7375,estimated,0.50,2.54811,7.64434
45,19,45.5000,19.5000,1.0000,78.7056,2,0.830508,0.0288529,4.98305,0.063313,ok,0.192531,,0.192531,4.98305,3.3720,0.191674,5.04414,1,0,6.7741,estimated,0.50,2.52207,7.56620
46,19,46.5000,19.5000,1.0000,76.7056,2,0.830508,0.0288529,4.98305,0.064963,ok,0.190734,,0.190734,4.98305,3.4038,0.190356,5.01052,1,0,6.8211,estimated,0.50,2.50526,7.51578
47,19,47.5000,19.5000,1.0000,74.7056,2,0.830508,0.0288529,4.98305,0.066702,ok,0.188937,,0.188937,4.98305,3.4361,0.188833,4.99078,1,0,6.8761,estimated,0.50,2.49539,7.48617
48,19,48.5000,19.5000,1.0000,72.7056,2,0.830508,0.0288529,4.98305,0.068537,ok,0.187140,,0.187140,4.98305,3.4691,0.187165,4.98120,1,0,6.9374,estimated,0.50,2.49060,7.47180
49,19,49.5000,19.5000,1.0000,70.7056,2,0.830508,0.0288529,4.98305,0.070476,ok,0.185344,,0.185344,4.98305,3.5028,0.185394,4.97909,1,0,7.0036,estimated,0.50,2.48955,7.46864
50,19,50.5000,19.5000,1.0000,68.7056,2,0.830508,0.0288529,4.98305,0.072528,ok,0.183547,,0.183547,4.98305,3.5371,0.183551,4.98274,1,0,7.0740,estimated,0.50,2.49137,7.47412
51,19,51.5000,19.5000,1.0000,66.7056,2,0.830508,0.0288529,4.98305,0.074702,ok,0.181750,,0.181750,4.98305,3.5720,0.181653,4.99117,1,0,7.1479,estimated,0.50,2.49559,7.48676
52,19,52.5000,19.5000,1.0000,64.7056,2,0.830508,0.0288529,4.98305,0.077011,ok,0.179945,,0.179945,4.98305,3.6079,0.179712,4.99989,1,0,7.2251,estimated,0.50,2.49995,7.49984
53,19,53.5000,19.5000,1.0000,62.7056,2,0.830508,0.0288529,4.98305,0.079467,ok,0.177808,,0.177808,4.98305,3.6512,0.177738,4.98831,1,0,7.3053,estimated,0.50,2.49415,7.48246
54,19,54.5000,19.5000,1.0000,60.7056,2,0.830508,0.0288529,4.98305,0.082085,ok,0.175672,,0.175672,4.98305,3.6956,0.175746,4.97739,1,0,7.3881,estimated,0.50,2.48869,7.46608
55,19,55.5000,19.5000,1.0000,58.7056,2,0.830508,0.0288529,4.98305,0.084882,ok,0.173535,,0.173535,4.98305,3.7411,0.173740,4.96686,1,0,7.4734,estimated,0.50,2.48343,7.45030
56,19,56.5000,19.5000,1.0000,56.7056,2,0.830508,0.0288529,4.98305,0.087876,ok,0.171399,,0.171399,4.98305,3.7877,0.171739,4.95524,1,0,7.5605,estimated,0.50,2.47762,7.43286
57,19,57.5000,19.5000,1.0000,54.7056,2,0.830508,0.0288529,4.98305,0.091088,ok,0.169263,,0.169263,4.98305,3.8355,0.169761,4.94089,1,0,7.6486,estimated,0.50,2.47044,7.41133
58,19,58.5000,19.5000,1.0000,52.7056,2,0.830508,0.0288529,4.98305,0.094545,ok,0.167126,,0.167126,4.98305,3.8846,0.167827,4.92178,1,0,7.7367,estimated,0.50,2.46089,7.38267
59,19,59.5000,19.5000,1.0000,50.7056,2,0.830508,0.0288529,4.98305,0.098274,ok,0.164990,,0.164990,4.98305,3.9349,0.165957,4.89561,1,0,7.8239,estimated,0.50,2.44780,7.34341
60,19,60.5000,19.5000,1.0000,48.7056,2,0.830508,0.0288529,4.98305,0.102310,ok,0.162853,,0.162853,4.98305,3.9865,0.164171,4.86000,1,0,7.9090,estimated,0.50,2.43000,7.28999
61,19,61.5000,19.5000,1.0000,46.7056,2,0.830508,0.0288529,4.98305,0.106691,ok,0.160717,,0.160717,4.98305,4.0395,0.162494,4.81169,1,0,7.9906,estimated,0.50,2.40585,7.21754
62,19,62.5000,19.5000,1.0000,44.7056,2,0.830508,0.0288529,4.98305,0.111464,ok,0.158581,,0.158581,4.98305,4.0939,0.160913,4.75103,1,0,8.0692,estimated,0.50,2.37551,7.12654
63,19,63.5000,19.5000,1.0000,42.7056,2,0.830508,0.0288529,4.98305,0.116684,ok,0.156900,,0.156900,4.98305,4.1378,0.159430,4.67692,1,0,8.1442,estimated,0.50,2.33846,7.01538
64,19,64.5000,19.5000,1.0000,40.7056,2,0.830508,0.0288529,4.98305,0.122417,ok,0.155955,,0.155955,4.98305,4.1628,0.158036,4.58952,1,0,8.2160,estimated,0.50,2.29476,6.88428
65,19,65.5000,19.5000,1.0000,38.7056,2,0.830508,0.0288529,4.98305,0.128742,ok,0.154962,,0.154962,4.98305,4.1895,0.156736,4.55421,1,0,8.2842,estimated,0.50,2.27711,6.83132
66,19,66.5000,19.5000,1.0000,36.7056,2,0.813559,0.0288529,4.88136,0.132987,ok,0.154323,,0.154323,4.88136,4.2069,0.155510,4.59601,1,0,8.3495,estimated,0.50,2.29801,6.89402
67,19,67.5000,19.5000,1.0000,34.7056,2,0.796610,0.0288529,4.77966,0.137720,ok,0.153634,,0.153634,4.77966,4.2257,0.154349,4.60915,1,0,8.4123,estimated,0.50,2.30458,6.91373
68,19,68.5000,19.5000,1.0000,32.7056,2,0.779661,0.0288529,4.67797,0.143032,ok,0.152890,,0.152890,4.67797,4.2463,0.153238,4.59598,1,0,8.4733,estimated,0.50,2.29799,6.89396
69,19,69.5000,19.5000,1.0000,30.7056,2,0.762712,0.0288529,4.57627,0.149037,ok,0.152084,,0.152084,4.57627,4.2688,0.152162,4.55823,1,0,8.5332,estimated,0.50,2.27911,6.83734
70,19,70.5000,19.5000,1.0000,28.7056,2,0.745763,0.0288529,4.47458,0.155878,ok,0.151208,,0.151208,4.47458,4.2935,0.151113,4.49640,1,0,8.5924,estimated,0.50,2.24820,6.74460
71,19,71.5000,19.5000,1.0000,26.7056,2,0.728814,0.0288529,4.37288,0.163744,ok,0.150252,,0.150252,4.37288,4.3209,0.150091,4.40932,1,0,8.6509,estimated,0.50,2.20466,6.61398
72,19,72.5000,19.5000,1.0000,24.7056,2,0.711864,0.0288529,4.27119,0.172883,ok,0.149204,,0.149204,4.27119,4.3512,0.149119,4.29002,1,0,8.7073,estimated,0.50,2.14501,6.43504
73,19,73.5000,19.5000,1.0000,22.7056,2,0.694915,0.0288529,4.16949,0.183633,ok,0.148051,,0.148051,4.16949,4.3851,0.148184,4.14034,1,0,8.7623,estimated,0.50,2.07017,6.21052
74,19,74.5000,19.5000,1.0000,20.7056,2,0.677966,0.0288529,4.06780,0.196459,ok,0.146776,,0.146776,4.06780,4.4232,0.147315,3.95285,1,0,8.8140,estimated,0.50,1.97642,5.92927
75,19,75.5000,19.5000,1.0000,18.7056,2,0.661017,0.0288529,3.96610,0.212027,ok,0.145359,,0.145359,3.96610,4.4663,0.146529,3.72368,1,0,8.8612,estimated,0.50,1.86184,5.58552
76,19,76.5000,19.5000,1.0000,16.7056,2,0.644068,0.0288529,3.86441,0.231324,ok,0.143775,,0.143775,3.86441,4.5155,0.145840,3.45101,1,0,8.9031,estimated,0.50,1.72550,5.17651
77,19,77.5000,19.5000,1.0000,14.7056,2,0.627119,0.0288529,3.76271,0.255869,too_firm,,3.55265,0.143000,3.55265,4.5400,0.145237,3.13879,1,0,8.9401,estimated,0.50,1.56939,4.70818
78,19,78.5000,19.5000,1.0000,12.7056,2,0.610169,0.0288529,3.66102,0.288141,beyond_data,,3.06948,0.143000,3.06948,4.5400,0.144718,2.78982,1,0,8.9721,estimated,0.50,1.39491,4.18473
79,19,79.5000,19.5000,1.0000,10.7056,2,0.593220,0.0288529,3.55932,0.332472,beyond_data,,2.58631,0.143000,2.58631,4.5400,0.144294,2.40617,1,0,8.9985,estimated,0.50,1.20309,3.60926
80,19,80.5000,19.5000,1.0000,8.7056,2,0.576271,0.0288529,3.45763,0.397171,beyond_data,,2.10315,0.143000,2.10315,4.5400,0.143957,1.99356,1,0,9.0196,estimated,0.50,0.99678,2.99034
81,19,81.5000,19.5000,1.0000,6.7056,2,0.559322,0.0288529,3.35593,0.500465,beyond_data,,1.61998,0.143000,1.61998,4.5400,0.143695,1.55810,1,1,9.0360,estimated,0.50,0.77905,2.33715
82,19,82.5000,19.5000,1.0000,4.7056,2,0.542373,0.0288529,3.25424,0.691563,beyond_data,,1.13681,0.143000,1.13681,4.5400,0.143496,1.10558,1,1,9.0485,estimated,0.50,0.55279,1.65837
83,19,83.5000,19.5000,1.0000,2.7056,2,0.525424,0.0288529,3.15254,1.165180,beyond_data,,0.65364,0.143000,0.65364,4.5400,0.143348,0.64096,1,1,9.0579,estimated,0.50,0.32048,0.96144
84,19,84.5000,19.5000,1.0000,0.7056,2,0.508475,0.0288529,3.05085,4.323595,beyond_data,,0.17047,0.143000,0.17047,4.5400,0.143240,0.16818,1,1,9.0647,estimated,0.50,0.08409,0.25227
0,20,0.5000,20.5000,1.0000,1.0000,5,0.508475,0.0288529,3.05085,3.050847,beyond_data,,0.24158,0.143000,0.24158,4.5400,0.143265,0.23801,1,1,9.0631,estimated,0.50,0.11901,0.35702
1,20,1.5000,20.5000,1.0000,3.0000,5,0.525424,0.0288529,3.15254,1.050847,beyond_data,,0.72475,0.143000,0.72475,4.5400,0.143381,0.70941,1,1,9.0558,estimated,0.50,0.35471,1.06412
2,20,2.5000,20.5000,1.0000,5.0000,5,0.542373,0.0288529,3.25424,0.650847,beyond_data,,1.20792,0.143000,1.20792,4.5400,0.143538,1.17199,1,1,9.0459,estimated,0.50,0.58600,1.75799
3,20,3.5000,20.5000,1.0000,7.0000,5,0.559322,0.0288529,3.35593,0.479419,beyond_data,,1.69109,0.143000,1.69109,4.5400,0.143748,1.62168,1,1,9.0327,estimated,0.50,0.81084,2.43252
4,20,4.5000,20.5000,1.0000,9.0000,5,0.576271,0.0288529,3.45763,0.384181,beyond_data,,2.17426,0.143000,2.17426,4.5400,0.144023,2.05340,1,0,9.0154,estimated,0.50,1.02670,3.08010
5,20,5.5000,20.5000,1.0000,11.0000,5,0.593220,0.0288529,3.55932,0.323575,beyond_data,,2.65743,0.143000,2.65743,4.5400,0.144375,2.46137,1,0,8.9935,estimated,0.50,1.23069,3.69206
6,20,6.5000,20.5000,1.0000,13.0000,5,0.610169,0.0288529,3.66102,0.281617,too_firm,,3.14060,0.143000,3.14060,4.5400,0.144814,2.83960,1,0,8.9662,estimated,0.50,1.41980,4.25940
7,20,7.5000,20.5000,1.0000,15.0000,5,0.627119,0.0288529,3.76271,0.250847,too_firm,,3.62377,0.143000,3.62377,4.5400,0.145346,3.18266,1,0,8.9334,estimated,0.50,1.59133,4.77399
8,20,8.5000,20.5000,1.0000,17.0000,5,0.644068,0.0288529,3.86441,0.227318,ok,0.144089,,0.144089,3.86441,4.5056,0.145957,3.48980,1,0,8.8960,estimated,0.50,1.74490,5.23469
9,20,9.5000,20.5000,1.0000,19.0000,5,0.661017,0.0288529,3.96610,0.208742,ok,0.145647,,0.145647,3.96610,4.4574,0.146657,3.75654,1,0,8.8535,estimated,0.50,1.87827,5.63481
10,20,10.5000,20.5000,1.0000,21.0000,5,0.677966,0.0288529,4.06780,0.193705,ok,0.147041,,0.147041,4.06780,4.4152,0.147449,3.98066,1,0,8.8059,estimated,0.50,1.99033,5.97099
11,20,11.5000,20.5000,1.0000,23.0000,5,0.694915,0.0288529,4.16949,0.181282,ok,0.148296,,0.148296,4.16949,4.3778,0.148318,4.16462,1,0,8.7543,estimated,0.50,2.08231,6.24693
12,20,12.5000,20.5000,1.0000,25.0000,5,0.711864,0.0288529,4.27119,0.170847,ok,0.149432,,0.149432,4.27119,4.3446,0.149245,4.31277,1,0,8.7000,estimated,0.50,2.15639,6.46916
13,20,13.5000,20.5000,1.0000,27.0000,5,0.728814,0.0288529,4.37288,0.161959,ok,0.150464,,0.150464,4.37288,4.3148,0.150201,4.43270,1,0,8.6446,estimated,0.50,2.21635,6.64906
14,20,14.5000,20.5000,1.0000,29.0000,5,0.745763,0.0288529,4.47458,0.154296,ok,0.151407,,0.151407,4.47458,4.2879,0.151196,4.52313,1,0,8.5877,estimated,0.50,2.26156,6.78469
15,20,15.5000,20.5000,1.0000,31.0000,5,0.762712,0.0288529,4.57627,0.147622,ok,0.152271,,0.152271,4.57627,4.2635,0.152209,4.59083,1,0,8.5306,estimated,0.50,2.29542,6.88625
16,20,16.5000,20.5000,1.0000,33.0000,5,0.779661,0.0288529,4.67797,0.141757,ok,0.153066,,0.153066,4.67797,4.2414,0.153239,4.63690,1,0,8.4732,estimated,0.50,2.31845,6.95535
17,20,17.5000,20.5000,1.0000,35.0000,5,0.796610,0.0288529,4.77966,0.136562,ok,0.153800,,0.153800,4.77966,4.2212,0.154297,4.66062,1,0,8.4151,estimated,0.50,2.33031,6.99092
18,20,18.5000,20.5000,1.0000,37.0000,5,0.813559,0.0288529,4.88136,0.131929,ok,0.154480,,0.154480,4.88136,4.2026,0.155395,4.65989,1,0,8.3557,estimated,0.50,2.32995,6.98984
19,20,19.5000,20.5000,1.0000,39.0000,5,0.830508,0.0288529,4.98305,0.127771,ok,0.155111,,0.155111,4.98305,4.1855,0.156552,4.63193,1,0,8.2939,estimated,0.50,2.31596,6.94789
20,20,20.5000,20.5000,1.0000,41.0000,5,0.847458,0.0288529,5.08475,0.124018,ok,0.155699,,0.155699,5.08475,4.1697,0.157784,4.64754,1,0,8.2292,estimated,0.50,2.32377,6.97131
21,20,21.5000,20.5000,1.0000,43.0000,5,0.847458,0.0288529,5.08475,0.118250,ok,0.156638,,0.156638,5.08475,4.1447,0.159100,4.74140,1,0,8.1611,estimated,0.50,2.37070,7.11211
22,20,22.5000,20.5000,1.0000,45.0000,5,0.847458,0.0288529,5.08475,0.112994,ok,0.157934,,0.157934,5.08475,4.1107,0.160508,4.82125,1,0,8.0895,estimated,0.50,2.41062,7.23187
23,20,23.5000,20.5000,1.0000,47.0000,5,0.847458,0.0288529,5.08475,0.108186,ok,0.160027,,0.160027,5.08475,4.0569,0.162008,4.88798,1,0,8.0146,estimated,0.50,2.44399,7.33197
24,20,24.5000,20.5000,1.0000,49.0000,5,0.847458,0.0288529,5.08475,0.103770,ok,0.162121,,0.162121,5.08475,4.0045,0.163615,4.94086,1,0,7.9359,estimated,0.50,2.47043,7.41129
25,20,25.5000,20.5000,1.0000,51.0000,5,0.847458,0.0288529,5.08475,0.099701,ok,0.164215,,0.164215,5.08475,3.9535,0.165314,4.98218,1,0,7.8543,estimated,0.50,2.49109,7.47327
26,20,26.5000,20.5000,1.0000,53.0000,5,0.847458,0.0288529,5.08475,0.095939,ok,0.166308,,0.166308,5.08475,3.9037,0.167112,5.01210,1,0,7.7698,estimated,0.50,2.50605,7.51816
27,20,27.5000,20.5000,1.0000,55.0000,5,0.847458,0.0288529,5.08475,0.092450,ok,0.168402,,0.168402,5.08475,3.8551,0.168983,5.03397,1,0,7.6838,estimated,0.50,2.51699,7.55096
28,20,28.5000,20.5000,1.0000,57.0000,5,0.847458,0.0288529,5.08475,0.089206,ok,0.170496,,0.170496,5.08475,3.8078,0.170904,5.05016,1,0,7.5974,estimated,0.50,2.52508,7.57524
29,20,29.5000,20.5000,1.0000,59.0000,5,0.847458,0.0288529,5.08475,0.086182,ok,0.172589,,0.172589,5.08475,3.7616,0.172857,5.06280,1,0,7.5116,estimated,0.50,2.53140,7.59420
30,20,30.5000,20.5000,1.0000,61.0000,5,0.847458,0.0288529,5.08475,0.083356,ok,0.174683,,0.174683,5.08475,3.7165,0.174822,5.07369,1,0,7.4271,estimated,0.50,2.53684,7.61053
31,20,31.5000,20.5000,1.0000,63.0000,5,0.847458,0.0288529,5.08475,0.080710,ok,0.176777,,0.176777,5.08475,3.6725,0.176782,5.08432,1,0,7.3448,estimated,0.50,2.54216,7.62648
32,20,32.5000,20.5000,1.0000,65.0000,5,0.847458,0.0288529,5.08475,0.078227,ok,0.178870,,0.178870,5.08475,3.6295,0.178722,5.09584,1,0,7.2651,estimated,0.50,2.54792,7.64375
33,20,33.5000,20.5000,1.0000,67.0000,5,0.847458,0.0288529,5.08475,0.075892,ok,0.180811,,0.180811,5.08475,3.5906,0.180635,5.09994,1,0,7.1881,estimated,0.50,2.54997,7.64990
34,20,34.5000,20.5000,1.0000,69.0000,5,0.847458,0.0288529,5.08475,0.073692,ok,0.182572,,0.182572,5.08475,3.5559,0.182505,5.09032,1,0,7.1145,estimated,0.50,2.54516,7.63549
35,20,35.5000,20.5000,1.0000,71.0000,5,0.847458,0.0288529,5.08475,0.071616,ok,0.184332,,0.184332,5.08475,3.5220,0.184318,5.08595,1,0,7.0445,estimated,0.50,2.54297,7.62892
36,20,36.5000,20.5000,1.0000,73.0000,5,0.847458,0.0288529,5.08475,0.069654,ok,0.186093,,0.186093,5.08475,3.4887,0.186052,5.08799,1,0,6.9788,estimated,0.50,2.54400,7.63199
37,20,37.5000,20.5000,1.0000,75.0000,5,0.847458,0.0288529,5.08475,0.067797,ok,0.187854,,0.187854,5.08475,3.4560,0.187677,5.09838,1,0,6.9184,estimated,0.50,2.54919,7.64757
38,20,38.5000,20.5000,1.0000,77.0000,5,0.847458,0.0288529,5.08475,0.066036,ok,0.189615,,0.189615,5.08475,3.4239,0.189148,5.11999,1,0,6.8646,estimated,0.50,2.55999,7.67998
39,20,39.5000,20.5000,1.0000,79.0000,5,0.847458,0.0288529,5.08475,0.064364,ok,0.191376,,0.191376,5.08475,3.3924,0.190405,5.15668,1,0,6.8193,estimated,0.50,2.57834,7.73501
40,20,40.5000,20.5000,1.0000,81.0000,5,0.847458,0.0288529,5.08475,0.062775,ok,0.193136,,0.193136,5.08475,3.3614,0.191380,5.21313,1,0,6.7846,estimated,0.50,2.60656,7.81969
41,20,41.5000,20.5000,1.0000,83.0000,5,0.847458,0.0288529,5.08475,0.061262,ok,0.194897,,0.194897,5.08475,3.3311,0.192015,5.29355,1,0,6.7621,estimated,0.50,2.64677,7.94032
42,20,42.5000,20.5000,1.0000,84.7056,2,0.847458,0.0288529,5.08475,0.060028,ok,0.196399,,0.196399,5.08475,3.3056,0.192227,5.38602,1,0,6.7547,estimated,0.50,2.69301,8.07903
43,20,43.5000,20.5000,1.0000,82.7056,2,0.847458,0.0288529,5.08475,0.061480,ok,0.194638,,0.194638,5.08475,3.3355,0.191937,5.28060,1,0,6.7649,estimated,0.50,2.64030,7.92090
44,20,44.5000,20.5000,1.0000,80.7056,2,0.847458,0.0288529,5.08475,0.063004,ok,0.192877,,0.192877,5.08475,3.3659,0.191259,5.20328,1,0,6.7889,estimated,0.50,2.60164,7.80493
45,20,45.5000,20.5000,1.0000,78.7056,2,0.847458,0.0288529,5.08475,0.064605,ok,0.191116,,0.191116,5.08475,3.3970,0.190238,5.15004,1,0,6.8253,estimated,0.50,2.57502,7.72506
46,20,46.5000,20.5000,1.0000,76.7056,2,0.847458,0.0288529,5.08475,0.066289,ok,0.189356,,0.189356,5.08475,3.4285,0.188945,5.11585,1,0,6.8720,estimated,0.50,2.55792,7.67377
47,20,47.5000,20.5000,1.0000,74.7056,2,0.847458,0.0288529,5.08475,0.068064,ok,0.187595,,0.187595,5.08475,3.4607,0.187448,5.09613,1,0,6.9269,estimated,0.50,2.54806,7.64419
48,20,48.5000,20.5000,1.0000,72.7056,2,0.847458,0.0288529,5.08475,0.069936,ok,0.185834,,0.185834,5.08475,3.4935,0.185804,5.08714,1,0,6.9882,estimated,0.50,2.54357,7.63071
49,20,49.5000,20.5000,1.0000,70.7056,2,0.847458,0.0288529,5.08475,0.071914,ok,0.184073,,0.184073,5.08475,3.5269,0.184056,5.08616,1,0,7.0545,estimated,0.50,2.54308,7.62924
50,20,50.5000,20.5000,1.0000,68.7056,2,0.847458,0.0288529,5.08475,0.074008,ok,0.182312,,0.182312,5.08475,3.5610,0.182233,5.09140,1,0,7.1251,estimated,0.50,2.54570,7.63709
51,20,51.5000,20.5000,1.0000,66.7056,2,0.847458,0.0288529,5.08475,0.076227,ok,0.180552,,0.180552,5.08475,3.5957,0.180356,5.10174,1,0,7.1993,estimated,0.50,2.55087,7.65261
52,20,52.5000,20.5000,1.0000,64.7056,2,0.847458,0.0288529,5.08475,0.078583,ok,0.178562,,0.178562,5.08475,3.6358,0.178437,5.09413,1,0,7.2767,estimated,0.50,2.54707,7.64120
53,20,53.5000,20.5000,1.0000,62.7056,2,0.847458,0.0288529,5.08475,0.081089,ok,0.176469,,0.176469,5.08475,3.6789,0.176493,5.08283,1,0,7.3568,estimated,0.50,2.54141,7.62424
54,20,54.5000,20.5000,1.0000,60.7056,2,0.847458,0.0288529,5.08475,0.083761,ok,0.174375,,0.174375,5.08475,3.7231,0.174531,5.07231,1,0,7.4396,estimated,0.50,2.53615,7.60846
55,20,55.5000,20.5000,1.0000,58.7056,2,0.847458,0.0288529,5.08475,0.086614,ok,0.172281,,0.172281,5.08475,3.7683,0.172565,5.06138,1,0,7.5243,estimated,0.50,2.53069,7.59206
56,20,56.5000,20.5000,1.0000,56.7056,2,0.847458,0.0288529,5.08475,0.089669,ok,0.170188,,0.170188,5.08475,3.8147,0.170614,5.04849,1,0,7.6103,estimated,0.50,2.52424,7.57273
57,20,57.5000,20.5000,1.0000,54.7056,2,0.847458,0.0288529,5.08475,0.092947,ok,0.168094,,0.168094,5.08475,3.8622,0.168696,5.03180,1,0,7.6968,estimated,0.50,2.51590,7.54770
58,20,58.5000,20.5000,1.0000,52.7056,2,0.847458,0.0288529,5.08475,0.096474,ok,0.166000,,0.166000,5.08475,3.9109,0.166833,5.00913,1,0,7.7828,estimated,0.50,2.50457,7.51370
59,20,59.5000,20.5000,1.0000,50.7056,2,0.847458,0.0288529,5.08475,0.100280,ok,0.163907,,0.163907,5.08475,3.9609,0.165044,4.97811,1,0,7.8672,estimated,0.50,2.48905,7.46716
60,20,60.5000,20.5000,1.0000,48.7056,2,0.847458,0.0288529,5.08475,0.104398,ok,0.161813,,0.161813,5.08475,4.0121,0.163356,4.93538,1,0,7.9485,estimated,0.50,2.46769,7.40307
61,20,61.5000,20.5000,1.0000,46.7056,2,0.847458,0.0288529,5.08475,0.108868,ok,0.159719,,0.159719,5.08475,4.0647,0.161761,4.88091,1,0,8.0268,estimated,0.50,2.44046,7.32137
62,20,62.5000,20.5000,1.0000,44.7056,2,0.847458,0.0288529,5.08475,0.113738,ok,0.157626,,0.157626,5.08475,4.1187,0.160273,4.81247,1,0,8.1014,estimated,0.50,2.40624,7.21871
63,20,63.5000,20.5000,1.0000,42.7056,2,0.847458,0.0288529,5.08475,0.119065,ok,0.156502,,0.156502,5.08475,4.1483,0.158873,4.73120,1,0,8.1728,estimated,0.50,2.36560,7.09680
64,20,64.5000,20.5000,1.0000,40.7056,2,0.847458,0.0288529,5.08475,0.124915,ok,0.155557,,0.155557,5.08475,4.1735,0.157567,4.63562,1,0,8.2405,estimated,0.50,2.31781,6.95343
65,20,65.5000,20.5000,1.0000,38.7056,2,0.830508,0.0288529,4.98305,0.128742,ok,0.154962,,0.154962,4.98305,4.1895,0.156342,4.64607,1,0,8.3050,estimated,0.50,2.32303,6.96910
66,20,66.5000,20.5000,1.0000,36.7056,2,0.813559,0.0288529,4.88136,0.132987,ok,0.154323,,0.154323,4.88136,4.2069,0.155191,4.67088,1,0,8.3666,estimated,0.50,2.33544,7.00632
67,20,67.5000,20.5000,1.0000,34.7056,2,0.796610,0.0288529,4.77966,0.137720,ok,0.153634,,0.153634,4.77966,4.2257,0.154096,4.66877,1,0,8.4261,estimated,0.50,2.33439,7.00316
68,20,68.5000,20.5000,1.0000,32.7056,2,0.779661,0.0288529,4.67797,0.143032,ok,0.152890,,0.152890,4.67797,4.2463,0.153040,4.64242,1,0,8.4842,estimated,0.50,2.32121,6.96363
69,20,69.5000,20.5000,1.0000,30.7056,2,0.762712,0.0288529,4.57627,0.149037,ok,0.152084,,0.152084,4.57627,4.2688,0.152010,4.59368,1,0,8.5417,estimated,0.50,2.29684,6.89053
70,20,70.5000,20.5000,1.0000,28.7056,2,0.745763,0.0288529,4.47458,0.155878,ok,0.151208,,0.151208,4.47458,4.2935,0.150999,4.52297,1,0,8.5990,estimated,0.50,2.26148,6.78445
71,20,71.5000,20.5000,1.0000,26.7056,2,0.728814,0.0288529,4.37288,0.163744,ok,0.150252,,0.150252,4.37288,4.3209,0.150006,4.42887,1,0,8.6559,estimated,0.50,2.21443,6.64330
72,20,72.5000,20.5000,1.0000,24.7056,2,0.711864,0.0288529,4.27119,0.172883,ok,0.149204,,0.149204,4.27119,4.3512,0.149055,4.30434,1,0,8.7111,estimated,0.50,2.15217,6.45651
73,20,73.5000,20.5000,1.0000,22.7056,2,0.694915,0.0288529,4.16949,0.183633,ok,0.148051,,0.148051,4.16949,4.3851,0.148138,4.15057,1,0,8.7650,estimated,0.50,2.07528,6.22585
74,20,74.5000,20.5000,1.0000,20.7056,2,0.677966,0.0288529,4.06780,0.196459,ok,0.146776,,0.146776,4.06780,4.4232,0.147281,3.96003,1,0,8.8160,estimated,0.50,1.98002,5.94005
75,20,75.5000,20.5000,1.0000,18.7056,2,0.661017,0.0288529,3.96610,0.212027,ok,0.145359,,0.145359,3.96610,4.4663,0.146504,3.72864,1,0,8.8627,estimated,0.50,1.86432,5.59296
76,20,76.5000,20.5000,1.0000,16.7056,2,0.644068,0.0288529,3.86441,0.231324,ok,0.143775,,0.143775,3.86441,4.5155,0.145822,3.45438,1,0,8.9042,estimated,0.50,1.72719,5.18156
77,20,77.5000,20.5000,1.0000,14.7056,2,0.627119,0.0288529,3.76271,0.255869,too_firm,,3.55265,0.143000,3.55265,4.5400,0.145224,3.14097,1,0,8.9409,estimated,0.50,1.57048,4.71145
78,20,78.5000,20.5000,1.0000,12.7056,2,0.610169,0.0288529,3.66102,0.288141,beyond_data,,3.06948,0.143000,3.06948,4.5400,0.144710,2.79115,1,0,8.9727,estimated,0.50,1.39558,4.18673
79,20,79.5000,20.5000,1.0000,10.7056,2,0.593220,0.0288529,3.55932,0.332472,beyond_data,,2.58631,0.143000,2.58631,4.5400,0.144288,2.40696,1,0,8.9989,estimated,0.50,1.20348,3.61043
80,20,80.5000,20.5000,1.0000,8.7056,2,0.576271,0.0288529,3.45763,0.397171,beyond_data,,2.10315,0.143000,2.10315,4.5400,0.143953,1.99400,1,0,9.0198,estimated,0.50,0.99700,2.99099
81,20,81.5000,20.5000,1.0000,6.7056,2,0.559322,0.0288529,3.35593,0.500465,beyond_data,,1.61998,0.143000,1.61998,4.5400,0.143692,1.55833,1,1,9.0362,estimated,0.50,0.77916,2.33749
82,20,82.5000,20.5000,1.0000,4.7056,2,0.542373,0.0288529,3.25424,0.691563,beyond_data,,1.13681,0.143000,1.13681,4.5400,0.143494,1.10568,1,1,9.0487,estimated,0.50,0.55284,1.65853
83,20,83.5000,20.5000,1.0000,2.7056,2,0.525424,0.0288529,3.15254,1.165180,beyond_data,,0.65364,0.143000,0.65364,4.5400,0.143347,0.64100,1,1,9.0579,estimated,0.50,0.32050,0.96150
84,20,84.5000,20.5000,1.0000,0.7056,2,0.508475,0.0288529,3.05085,4.323595,beyond_data,,0.17047,0.143000,0.17047,4.5400,0.143240,0.16819,1,1,9.0647,estimated,0.50,0.08409,0.25228
0,21,0.5000,21.5000,1.0000,1.0000,5,0.508475,0.0288529,3.05085,3.050847,beyond_data,,0.24158,0.143000,0.24158,4.5400,0.143264,0.23802,1,1,9.0632,estimated,0.50,0.11901,0.35703
1,21,1.5000,21.5000,1.0000,3.0000,5,0.525424,0.0288529,3.15254,1.050847,beyond_data,,0.72475,0.143000,0.72475,4.5400,0.143380,0.70944,1,1,9.0559,estimated,0.50,0.35472,1.06416
2,21,2.5000,21.5000,1.0000,5.0000,5,0.542373,0.0288529,3.25424,0.650847,beyond_data,,1.20792,0.143000,1.20792,4.5400,0.143537,1.17206,1,1,9.0460,estimated,0.50,0.58603,1.75809
3,21,3.5000,21.5000,1.0000,7.0000,5,0.559322,0.0288529,3.35593,0.479419,beyond_data,,1.69109,0.143000,1.69109,4.5400,0.143746,1.62182,1,1,9.0328,estimated,0.50,0.81091,2.43274
4,21,4.5000,21.5000,1.0000,9.0000,5,0.576271,0.0288529,3.45763,0.384181,beyond_data,,2.17426,0.143000,2.17426,4.5400,0.144020,2.05369,1,0,9.0156,estimated,0.50,1.02684,3.08053
5,21,5.5000,21.5000,1.0000,11.0000,5,0.593220,0.0288529,3.55932,0.323575,beyond_data,,2.65743,0.143000,2.65743,4.5400,0.144371,2.46189,1,0,8.9937,estimated,0.50,1.23095,3.69284
6,21,6.5000,21.5000,1.0000,13.0000,5,0.610169,0.0288529,3.66102,0.281617,too_firm,,3.14060,0.143000,3.14060,4.5400,0.144808,2.84050,1,0,8.9666,estimated,0.50,1.42025,4.26075
7,21,7.5000,21.5000,1.0000,15.0000,5,0.627119,0.0288529,3.76271,0.250847,too_firm,,3.62377,0.143000,3.62377,4.5400,0.145337,3.18416,1,0,8.9339,estimated,0.50,1.59208,4.77625
8,21,8.5000,21.5000,1.0000,17.0000,5,0.644068,0.0288529,3.86441,0.227318,ok,0.144089,,0.144089,3.86441,4.5056,0.145944,3.49215,1,0,8.8968,estimated,0.50,1.74607,5.23822
9,21,9.5000,21.5000,1.0000,19.0000,5,0.661017,0.0288529,3.96610,0.208742,ok,0.145647,,0.145647,3.96610,4.4574,0.146639,3.76007,1,0,8.8546,estimated,0.50,1.88004,5.64011
10,21,10.5000,21.5000,1.0000,21.0000,5,0.677966,0.0288529,4.06780,0.193705,ok,0.147041,,0.147041,4.06780,4.4152,0.147425,3.98588,1,0,8.8074,estimated,0.50,1.99294,5.97882
11,21,11.5000,21.5000,1.0000,23.0000,5,0.694915,0.0288529,4.16949,0.181282,ok,0.148296,,0.148296,4.16949,4.3778,0.148284,4.17221,1,0,8.7564,estimated,0.50,2.08611,6.25832
12,21,12.5000,21.5000,1.0000,25.0000,5,0.711864,0.0288529,4.27119,0.170847,ok,0.149432,,0.149432,4.27119,4.3446,0.149197,4.32364,1,0,8.7028,estimated,0.50,2.16182,6.48547
13,21,13.5000,21.5000,1.0000,27.0000,5,0.728814,0.0288529,4.37288,0.161959,ok,0.150464,,0.150464,4.37288,4.3148,0.150135,4.44785,1,0,8.6484,estimated,0.50,2.22392,6.67177
14,21,14.5000,21.5000,1.0000,29.0000,5,0.745763,0.0288529,4.47458,0.154296,ok,0.151407,,0.151407,4.47458,4.2879,0.151106,4.54419,1,0,8.5928,estimated,0.50,2.27209,6.81628
15,21,15.5000,21.5000,1.0000,31.0000,5,0.762712,0.0288529,4.57627,0.147622,ok,0.152271,,0.152271,4.57627,4.2635,0.152087,4.61958,1,0,8.5374,estimated,0.50,2.30979,6.92937
16,21,16.5000,21.5000,1.0000,33.0000,5,0.779661,0.0288529,4.67797,0.141757,ok,0.153066,,0.153066,4.67797,4.2414,0.153077,4.67538,1,0,8.4822,estimated,0.50,2.33769,7.01307
17,21,17.5000,21.5000,1.0000,35.0000,5,0.796610,0.0288529,4.77966,0.136562,ok,0.153800,,0.153800,4.77966,4.2212,0.154085,4.71105,1,0,8.4267,estimated,0.50,2.35553,7.06658
18,21,18.5000,21.5000,1.0000,37.0000,5,0.813559,0.0288529,4.88136,0.131929,ok,0.154480,,0.154480,4.88136,4.2026,0.155124,4.72450,1,0,8.3703,estimated,0.50,2.36225,7.08675
19,21,19.5000,21.5000,1.0000,39.0000,5,0.830508,0.0288529,4.98305,0.127771,ok,0.155111,,0.155111,4.98305,4.1855,0.156211,4.71268,1,0,8.3120,estimated,0.50,2.35634,7.06902
20,21,20.5000,21.5000,1.0000,41.0000,5,0.847458,0.0288529,5.08475,0.124018,ok,0.155699,,0.155699,5.08475,4.1697,0.157365,4.68933,1,0,8.2510,estimated,0.50,2.34467,7.03400
21,21,21.5000,21.5000,1.0000,43.0000,5,0.864407,0.0288529,5.18644,0.120615,ok,0.156248,,0.156248,5.18644,4.1550,0.158604,4.79063,1,0,8.1866,estimated,0.50,2.39532,7.18595
22,21,22.5000,21.5000,1.0000,45.0000,5,0.864407,0.0288529,5.18644,0.115254,ok,0.157143,,0.157143,5.18644,4.1314,0.159931,4.87793,1,0,8.1187,estimated,0.50,2.43897,7.31690
23,21,23.5000,21.5000,1.0000,47.0000,5,0.864407,0.0288529,5.18644,0.110350,ok,0.159063,,0.159063,5.18644,4.0815,0.161342,4.95238,1,0,8.0477,estimated,0.50,2.47619,7.42857
24,21,24.5000,21.5000,1.0000,49.0000,5,0.864407,0.0288529,5.18644,0.105846,ok,0.161115,,0.161115,5.18644,4.0295,0.162858,5.01272,1,0,7.9728,estimated,0.50,2.50636,7.51907
25,21,25.5000,21.5000,1.0000,51.0000,5,0.864407,0.0288529,5.18644,0.101695,ok,0.163168,,0.163168,5.18644,3.9788,0.164468,5.06076,1,0,7.8947,estimated,0.50,2.53038,7.59114
26,21,26.5000,21.5000,1.0000,53.0000,5,0.864407,0.0288529,5.18644,0.097857,ok,0.165220,,0.165220,5.18644,3.9294,0.166184,5.09616,1,0,7.8132,estimated,0.50,2.54808,7.64425
27,21,27.5000,21.5000,1.0000,55.0000,5,0.864407,0.0288529,5.18644,0.094299,ok,0.167273,,0.167273,5.18644,3.8812,0.167980,5.12226,1,0,7.7297,estimated,0.50,2.56113,7.68339
28,21,28.5000,21.5000,1.0000,57.0000,5,0.864407,0.0288529,5.18644,0.090990,ok,0.169326,,0.169326,5.18644,3.8341,0.169838,5.14142,1,0,7.6451,estimated,0.50,2.57071,7.71213
29,21,29.5000,21.5000,1.0000,59.0000,5,0.864407,0.0288529,5.18644,0.087906,ok,0.171378,,0.171378,5.18644,3.7882,0.171737,5.15589,1,0,7.5606,estimated,0.50,2.57795,7.73384
30,21,30.5000,21.5000,1.0000,61.0000,5,0.864407,0.0288529,5.18644,0.085024,ok,0.173431,,0.173431,5.18644,3.7434,0.173658,5.16766,1,0,7.4769,estimated,0.50,2.58383,7.75149
31,21,31.5000,21.5000,1.0000,63.0000,5,0.864407,0.0288529,5.18644,0.082324,ok,0.175484,,0.175484,5.18644,3.6996,0.175583,5.17846,1,0,7.3950,estimated,0.50,2.58923,7.76768
32,21,32.5000,21.5000,1.0000,65.0000,5,0.864407,0.0288529,5.18644,0.079791,ok,0.177536,,0.177536,5.18644,3.6568,0.177494,5.18974,1,0,7.3154,estimated,0.50,2.59487,7.78461
33,21,33.5000,21.5000,1.0000,67.0000,5,0.864407,0.0288529,5.18644,0.077410,ok,0.179589,,0.179589,5.18644,3.6150,0.179383,5.20200,1,0,7.2383,estimated,0.50,2.60100,7.80300
34,21,34.5000,21.5000,1.0000,69.0000,5,0.864407,0.0288529,5.18644,0.075166,ok,0.181380,,0.181380,5.18644,3.5793,0.181233,5.19936,1,0,7.1644,estimated,0.50,2.59968,7.79903
35,21,35.5000,21.5000,1.0000,71.0000,5,0.864407,0.0288529,5.18644,0.073048,ok,0.183107,,0.183107,5.18644,3.5456,0.183025,5.19335,1,0,7.0943,estimated,0.50,2.59667,7.79002
36,21,36.5000,21.5000,1.0000,73.0000,5,0.864407,0.0288529,5.18644,0.071047,ok,0.184833,,0.184833,5.18644,3.5124,0.184739,5.19419,1,0,7.0285,estimated,0.50,2.59709,7.79128
37,21,37.5000,21.5000,1.0000,75.0000,5,0.864407,0.0288529,5.18644,0.069153,ok,0.186559,,0.186559,5.18644,3.4799,0.186342,5.20390,1,0,6.9680,estimated,0.50,2.60195,7.80585
38,21,38.5000,21.5000,1.0000,77.0000,5,0.864407,0.0288529,5.18644,0.067356,ok,0.188286,,0.188286,5.18644,3.4480,0.187790,5.22542,1,0,6.9143,estimated,0.50,2.61271,7.83813
39,21,39.5000,21.5000,1.0000,79.0000,5,0.864407,0.0288529,5.18644,0.065651,ok,0.190012,,0.190012,5.18644,3.4167,0.189024,5.26265,1,0,6.8691,estimated,0.50,2.63132,7.89397
40,21,40.5000,21.5000,1.0000,81.0000,5,0.864407,0.0288529,5.18644,0.064030,ok,0.191738,,0.191738,5.18644,3.3859,0.189980,5.32025,1,0,6.8346,estimated,0.50,2.66012,7.98037
41,21,41.5000,21.5000,1.0000,83.0000,5,0.864407,0.0288529,5.18644,0.062487,ok,0.193464,,0.193464,5.18644,3.3557,0.190590,5.40324,1,0,6.8127,estimated,0.50,2.70162,8.10485
42,21,42.5000,21.5000,1.0000,84.7056,2,0.864407,0.0288529,5.18644,0.061229,ok,0.194937,,0.194937,5.18644,3.3304,0.190808,5.49683,1,0,6.8049,estimated,0.50,2.74841,8.24524
43,21,43.5000,21.5000,1.0000,82.7056,2,0.864407,0.0288529,5.18644,0.062710,ok,0.193210,,0.193210,5.18644,3.3601,0.190525,5.38918,1,0,6.8150,estimated,0.50,2.69459,8.08377
44,21,44.5000,21.5000,1.0000,80.7056,2,0.864407,0.0288529,5.18644,0.064264,ok,0.191484,,0.191484,5.18644,3.3904,0.189861,5.31020,1,0,6.8389,estimated,0.50,2.65510,7.96530
45,21,45.5000,21.5000,1.0000,78.7056,2,0.864407,0.0288529,5.18644,0.065897,ok,0.189758,,0.189758,5.18644,3.4213,0.188860,5.25589,1,0,6.8751,estimated,0.50,2.62795,7.88384
46,21,46.5000,21.5000,1.0000,76.7056,2,0.864407,0.0288529,5.18644,0.067615,ok,0.188032,,0.188032,5.18644,3.4527,0.187590,5.22125,1,0,6.9216,estimated,0.50,2.61063,7.83188
47,21,47.5000,21.5000,1.0000,74.7056,2,0.864407,0.0288529,5.18644,0.069425,ok,0.186305,,0.186305,5.18644,3.4847,0.186116,5.20171,1,0,6.9765,estimated,0.50,2.60085,7.80256
48,21,48.5000,21.5000,1.0000,72.7056,2,0.864407,0.0288529,5.18644,0.071335,ok,0.184579,,0.184579,5.18644,3.5173,0.184494,5.19348,1,0,7.0378,estimated,0.50,2.59674,7.79022
49,21,49.5000,21.5000,1.0000,70.7056,2,0.864407,0.0288529,5.18644,0.073353,ok,0.182853,,0.182853,5.18644,3.5505,0.182766,5.19379,1,0,7.1043,estimated,0.50,2.59689,7.79068
50,21,50.5000,21.5000,1.0000,68.7056,2,0.864407,0.0288529,5.18644,0.075488,ok,0.181126,,0.181126,5.18644,3.5843,0.180964,5.20071,1,0,7.1751,estimated,0.50,2.60035,7.80106
51,21,51.5000,21.5000,1.0000,66.7056,2,0.864407,0.0288529,5.18644,0.077751,ok,0.179287,,0.179287,5.18644,3.6211,0.179107,5.20010,1,0,7.2495,estimated,0.50,2.60005,7.80015
52,21,52.5000,21.5000,1.0000,64.7056,2,0.864407,0.0288529,5.18644,0.080154,ok,0.177234,,0.177234,5.18644,3.6630,0.177212,5.18817,1,0,7.3270,estimated,0.50,2.59408,7.78225
53,21,53.5000,21.5000,1.0000,62.7056,2,0.864407,0.0288529,5.18644,0.082711,ok,0.175181,,0.175181,5.18644,3.7060,0.175298,5.17706,1,0,7.4070,estimated,0.50,2.58853,7.76558
54,21,54.5000,21.5000,1.0000,60.7056,2,0.864407,0.0288529,5.18644,0.085436,ok,0.173129,,0.173129,5.18644,3.7499,0.173371,5.16633,1,0,7.4893,estimated,0.50,2.58317,7.74950
55,21,55.5000,21.5000,1.0000,58.7056,2,0.864407,0.0288529,5.18644,0.088347,ok,0.171076,,0.171076,5.18644,3.7949,0.171450,5.15445,1,0,7.5732,estimated,0.50,2.57722,7.73167
56,21,56.5000,21.5000,1.0000,56.7056,2,0.864407,0.0288529,5.18644,0.091463,ok,0.169024,,0.169024,5.18644,3.8410,0.169554,5.13963,1,0,7.6579,estimated,0.50,2.56981,7.70944
57,21,57.5000,21.5000,1.0000,54.7056,2,0.864407,0.0288529,5.18644,0.094806,ok,0.166971,,0.166971,5.18644,3.8882,0.167701,5.11985,1,0,7.7425,estimated,0.50,2.55993,7.67978
58,21,58.5000,21.5000,1.0000,52.7056,2,0.864407,0.0288529,5.18644,0.098404,ok,0.164918,,0.164918,5.18644,3.9366,0.165913,5.09283,1,0,7.8260,estimated,0.50,2.54642,7.63925
59,21,59.5000,21.5000,1.0000,50.7056,2,0.864407,0.0288529,5.18644,0.102285,ok,0.162866,,0.162866,5.18644,3.9862,0.164206,5.05620,1,0,7.9073,estimated,0.50,2.52810,7.58431
60,21,60.5000,21.5000,1.0000,48.7056,2,0.864407,0.0288529,5.18644,0.106485,ok,0.160813,,0.160813,5.18644,4.0371,0.162608,5.00665,1,0,7.9850,estimated,0.50,2.50333,7.50998
61,21,61.5000,21.5000,1.0000,46.7056,2,0.864407,0.0288529,5.18644,0.111045,ok,0.158760,,0.158760,5.18644,4.0893,0.161104,4.94466,1,0,8.0596,estimated,0.50,2.47233,7.41698
62,21,62.5000,21.5000,1.0000,44.7056,2,0.864407,0.0288529,5.18644,0.116013,ok,0.157014,,0.157014,5.18644,4.1348,0.159701,4.86878,1,0,8.1304,estimated,0.50,2.43439,7.30317
63,21,63.5000,21.5000,1.0000,42.7056,2,0.864407,0.0288529,5.18644,0.121446,ok,0.156112,,0.156112,5.18644,4.1586,0.158385,4.77973,1,0,8.1980,estimated,0.50,2.38987,7.16960
64,21,64.5000,21.5000,1.0000,40.7056,2,0.847458,0.0288529,5.08475,0.124915,ok,0.155557,,0.155557,5.08475,4.1735,0.157156,4.68851,1,0,8.2621,estimated,0.50,2.34425,7.03276
65,21,65.5000,21.5000,1.0000,38.7056,2,0.830508,0.0288529,4.98305,0.128742,ok,0.154962,,0.154962,4.98305,4.1895,0.156008,4.72548,1,0,8.3228,estimated,0.50,2.36274,7.08822
66,21,66.5000,21.5000,1.0000,36.7056,2,0.813559,0.0288529,4.88136,0.132987,ok,0.154323,,0.154323,4.88136,4.2069,0.154925,4.73433,1,0,8.3810,estimated,0.50,2.36717,7.10150
67,21,67.5000,21.5000,1.0000,34.7056,2,0.796610,0.0288529,4.77966,0.137720,ok,0.153634,,0.153634,4.77966,4.2257,0.153888,4.71827,1,0,8.4375,estimated,0.50,2.35914,7.07741
68,21,68.5000,21.5000,1.0000,32.7056,2,0.779661,0.0288529,4.67797,0.143032,ok,0.152890,,0.152890,4.67797,4.2463,0.152881,4.68018,1,0,8.4931,estimated,0.50,2.34009,7.02028
69,21,69.5000,21.5000,1.0000,30.7056,2,0.762712,0.0288529,4.57627,0.149037,ok,0.152084,,0.152084,4.57627,4.2688,0.151890,4.62191,1,0,8.5485,estimated,0.50,2.31095,6.93286
70,21,70.5000,21.5000,1.0000,28.7056,2,0.745763,0.0288529,4.47458,0.155878,ok,0.151208,,0.151208,4.47458,4.2935,0.150910,4.54366,1,0,8.6040,estimated,0.50,2.27183,6.81549
71,21,71.5000,21.5000,1.0000,26.7056,2,0.728814,0.0288529,4.37288,0.163744,ok,0.150252,,0.150252,4.37288,4.3209,0.149941,4.44377,1,0,8.6596,estimated,0.50,2.22188,6.66565
72,21,72.5000,21.5000,1.0000,24.7056,2,0.711864,0.0288529,4.27119,0.172883,ok,0.149204,,0.149204,4.27119,4.3512,0.149008,4.31505,1,0,8.7138,estimated,0.50,2.15753,6.47258
73,21,73.5000,21.5000,1.0000,22.7056,2,0.694915,0.0288529,4.16949,0.183633,ok,0.148051,,0.148051,4.16949,4.3851,0.148103,4.15806,1,0,8.7671,estimated,0.50,2.07903,6.23710
74,21,74.5000,21.5000,1.0000,20.7056,2,0.677966,0.0288529,4.06780,0.196459,ok,0.146776,,0.146776,4.06780,4.4232,0.147257,3.96519,1,0,8.8175,estimated,0.50,1.98260,5.94779
75,21,75.5000,21.5000,1.0000,18.7056,2,0.661017,0.0288529,3.96610,0.212027,ok,0.145359,,0.145359,3.96610,4.4663,0.146487,3.73214,1,0,8.8638,estimated,0.50,1.86607,5.59820
76,21,76.5000,21.5000,1.0000,16.7056,2,0.644068,0.0288529,3.86441,0.231324,ok,0.143775,,0.143775,3.86441,4.5155,0.145810,3.45670,1,0,8.9050,estimated,0.50,1.72835,5.18505
77,21,77.5000,21.5000,1.0000,14.7056,2,0.627119,0.0288529,3.76271,0.255869,too_firm,,3.55265,0.143000,3.55265,4.5400,0.145216,3.14244,1,0,8.9414,estimated,0.50,1.57122,4.71366
78,21,78.5000,21.5000,1.0000,12.7056,2,0.610169,0.0288529,3.66102,0.288141,beyond_data,,3.06948,0.143000,3.06948,4.5400,0.144704,2.79203,1,0,8.9730,estimated,0.50,1.39602,4.18805
79,21,79.5000,21.5000,1.0000,10.7056,2,0.593220,0.0288529,3.55932,0.332472,beyond_data,,2.58631,0.143000,2.58631,4.5400,0.144285,2.40746,1,0,8.9991,estimated,0.50,1.20373,3.61119
80,21,80.5000,21.5000,1.0000,8.7056,2,0.576271,0.0288529,3.45763,0.397171,beyond_data,,2.10315,0.143000,2.10315,4.5400,0.143950,1.99427,1,0,9.0200,estimated,0.50,0.99714,2.99141
81,21,81.5000,21.5000,1.0000,6.7056,2,0.559322,0.0288529,3.35593,0.500465,beyond_data,,1.61998,0.143000,1.61998,4.5400,0.143690,1.55847,1,1,9.0363,estimated,0.50,0.77923,2.33770
82,21,82.5000,21.5000,1.0000,4.7056,2,0.542373,0.0288529,3.25424,0.691563,beyond_data,,1.13681,0.143000,1.13681,4.5400,0.143493,1.10575,1,1,9.0487,estimated,0.50,0.55287,1.65862
83,21,83.5000,21.5000,1.0000,2.7056,2,0.525424,0.0288529,3.15254,1.165180,beyond_data,,0.65364,0.143000,0.65364,4.5400,0.143347,0.64102,1,1,9.0580,estimated,0.50,0.32051,0.96154
84,21,84.5000,21.5000,1.0000,0.7056,2,0.508475,0.0288529,3.05085,4.323595,beyond_data,,0.17047,0.143000,0.17047,4.5400,0.143239,0.16819,1,1,9.0648,estimated,0.50,0.08409,0.25228
0,22,0.5000,22.5000,1.0000,1.0000,5,0.508475,0.0288529,3.05085,3.050847,beyond_data,,0.24158,0.143000,0.24158,4.5400,0.143264,0.23802,1,1,9.0632,estimated,0.50,0.11901,0.35703
1,22,1.5000,22.5000,1.0000,3.0000,5,0.525424,0.0288529,3.15254,1.050847,beyond_data,,0.72475,0.143000,0.72475,4.5400,0.143380,0.70945,1,1,9.0559,estimated,0.50,0.35473,1.06418
2,22,2.5000,22.5000,1.0000,5.0000,5,0.542373,0.0288529,3.25424,0.650847,beyond_data,,1.20792,0.143000,1.20792,4.5400,0.143536,1.17210,1,1,9.0460,estimated,0.50,0.58605,1.75815
3,22,3.5000,22.5000,1.0000,7.0000,5,0.559322,0.0288529,3.35593,0.479419,beyond_data,,1.69109,0.143000,1.69109,4.5400,0.143745,1.62191,1,1,9.0328,estimated,0.50,0.81096,2.43287
4,22,4.5000,22.5000,1.0000,9.0000,5,0.576271,0.0288529,3.45763,0.384181,beyond_data,,2.17426,0.143000,2.17426,4.5400,0.144019,2.05386,1,0,9.0157,estimated,0.50,1.02693,3.08079
5,22,5.5000,22.5000,1.0000,11.0000,5,0.593220,0.0288529,3.55932,0.323575,beyond_data,,2.65743,0.143000,2.65743,4.5400,0.144369,2.46221,1,0,8.9939,estimated,0.50,1.23111,3.69332
6,22,6.5000,22.5000,1.0000,13.0000,5,0.610169,0.0288529,3.66102,0.281617,too_firm,,3.14060,0.143000,3.14060,4.5400,0.144804,2.84107,1,0,8.9668,estimated,0.50,1.42054,4.26161
7,22,7.5000,22.5000,1.0000,15.0000,5,0.627119,0.0288529,3.76271,0.250847,too_firm,,3.62377,0.143000,3.62377,4.5400,0.145332,3.18515,1,0,8.9342,estimated,0.50,1.59258,4.77773
8,22,8.5000,22.5000,1.0000,17.0000,5,0.644068,0.0288529,3.86441,0.227318,ok,0.144089,,0.144089,3.86441,4.5056,0.145936,3.49373,1,0,8.8973,estimated,0.50,1.74686,5.24059
9,22,9.5000,22.5000,1.0000,19.0000,5,0.661017,0.0288529,3.96610,0.208742,ok,0.145647,,0.145647,3.96610,4.4574,0.146627,3.76250,1,0,8.8553,estimated,0.50,1.88125,5.64375
10,22,10.5000,22.5000,1.0000,21.0000,5,0.677966,0.0288529,4.06780,0.193705,ok,0.147041,,0.147041,4.06780,4.4152,0.147407,3.98955,1,0,8.8084,estimated,0.50,1.99477,5.98432
11,22,11.5000,22.5000,1.0000,23.0000,5,0.694915,0.0288529,4.16949,0.181282,ok,0.148296,,0.148296,4.16949,4.3778,0.148259,4.17766,1,0,8.7579,estimated,0.50,2.08883,6.26649
12,22,12.5000,22.5000,1.0000,25.0000,5,0.711864,0.0288529,4.27119,0.170847,ok,0.149432,,0.149432,4.27119,4.3446,0.149162,4.33162,1,0,8.7049,estimated,0.50,2.16581,6.49742
13,22,13.5000,22.5000,1.0000,27.0000,5,0.728814,0.0288529,4.37288,0.161959,ok,0.150464,,0.150464,4.37288,4.3148,0.150086,4.45916,1,0,8.6513,estimated,0.50,2.22958,6.68875
14,22,14.5000,22.5000,1.0000,29.0000,5,0.745763,0.0288529,4.47458,0.154296,ok,0.151407,,0.151407,4.47458,4.2879,0.151037,4.56028,1,0,8.5968,estimated,0.50,2.28014,6.84042
15,22,15.5000,22.5000,1.0000,31.0000,5,0.762712,0.0288529,4.57627,0.147622,ok,0.152271,,0.152271,4.57627,4.2635,0.151992,4.64204,1,0,8.5428,estimated,0.50,2.32102,6.96306
16,22,16.5000,22.5000,1.0000,33.0000,5,0.779661,0.0288529,4.67797,0.141757,ok,0.153066,,0.153066,4.67797,4.2414,0.152948,4.70610,1,0,8.4893,estimated,0.50,2.35305,7.05915
17,22,17.5000,22.5000,1.0000,35.0000,5,0.796610,0.0288529,4.77966,0.136562,ok,0.153800,,0.153800,4.77966,4.2212,0.153914,4.75217,1,0,8.4361,estimated,0.50,2.37609,7.12826
18,22,18.5000,22.5000,1.0000,37.0000,5,0.813559,0.0288529,4.88136,0.131929,ok,0.154480,,0.154480,4.88136,4.2026,0.154901,4.77827,1,0,8.3823,estimated,0.50,2.38914,7.16741
19,22,19.5000,22.5000,1.0000,39.0000,5,0.830508,0.0288529,4.98305,0.127771,ok,0.155111,,0.155111,4.98305,4.1855,0.155926,4.78126,1,0,8.3272,estimated,0.50,2.39063,7.17189
20,22,20.5000,22.5000,1.0000,41.0000,5,0.847458,0.0288529,5.08475,0.124018,ok,0.155699,,0.155699,5.08475,4.1697,0.157010,4.75755,1,0,8.2697,estimated,0.50,2.37877,7.13632
21,22,21.5000,22.5000,1.0000,43.0000,5,0.864407,0.0288529,5.18644,0.120615,ok,0.156248,,0.156248,5.18644,4.1550,0.158169,4.83457,1,0,8.2091,estimated,0.50,2.41728,7.25185
22,22,22.5000,22.5000,1.0000,45.0000,5,0.881356,0.0288529,5.28814,0.117514,ok,0.156761,,0.156761,5.28814,4.1414,0.159420,4.92925,1,0,8.1447,estimated,0.50,2.46463,7.39388
23,22,23.5000,22.5000,1.0000,47.0000,5,0.881356,0.0288529,5.28814,0.112514,ok,0.158135,,0.158135,5.28814,4.1054,0.160754,5.01074,1,0,8.0771,estimated,0.50,2.50537,7.51611
24,22,24.5000,22.5000,1.0000,49.0000,5,0.881356,0.0288529,5.28814,0.107921,ok,0.160148,,0.160148,5.28814,4.0538,0.162181,5.07879,1,0,8.0060,estimated,0.50,2.53939,7.61818
25,22,25.5000,22.5000,1.0000,51.0000,5,0.881356,0.0288529,5.28814,0.103689,ok,0.162161,,0.162161,5.28814,4.0035,0.163714,5.13292,1,0,7.9311,estimated,0.50,2.56646,7.69937
26,22,26.5000,22.5000,1.0000,53.0000,5,0.881356,0.0288529,5.28814,0.099776,ok,0.164174,,0.164174,5.28814,3.9544,0.165335,5.17555,1,0,7.8533,estimated,0.50,2.58778,7.76333
27,22,27.5000,22.5000,1.0000,55.0000,5,0.881356,0.0288529,5.28814,0.096148,ok,0.166188,,0.166188,5.28814,3.9065,0.167054,5.20661,1,0,7.7725,estimated,0.50,2.60331,7.80992
28,22,28.5000,22.5000,1.0000,57.0000,5,0.881356,0.0288529,5.28814,0.092774,ok,0.168201,,0.168201,5.28814,3.8598,0.168844,5.22950,1,0,7.6901,estimated,0.50,2.61475,7.84424
29,22,29.5000,22.5000,1.0000,59.0000,5,0.881356,0.0288529,5.28814,0.089629,ok,0.170214,,0.170214,5.28814,3.8141,0.170685,5.24651,1,0,7.6072,estimated,0.50,2.62325,7.86976
30,22,30.5000,22.5000,1.0000,61.0000,5,0.881356,0.0288529,5.28814,0.086691,ok,0.172227,,0.172227,5.28814,3.7695,0.172558,5.25977,1,0,7.5246,estimated,0.50,2.62988,7.88965
31,22,31.5000,22.5000,1.0000,63.0000,5,0.881356,0.0288529,5.28814,0.083939,ok,0.174240,,0.174240,5.28814,3.7260,0.174444,5.27120,1,0,7.4433,estimated,0.50,2.63560,7.90681
32,22,32.5000,22.5000,1.0000,65.0000,5,0.881356,0.0288529,5.28814,0.081356,ok,0.176253,,0.176253,5.28814,3.6834,0.176325,5.28232,1,0,7.3638,estimated,0.50,2.64116,7.92349
33,22,33.5000,22.5000,1.0000,67.0000,5,0.881356,0.0288529,5.28814,0.078927,ok,0.178266,,0.178266,5.28814,3.6418,0.178185,5.29450,1,0,7.2870,estimated,0.50,2.64725,7.94175
34,22,34.5000,22.5000,1.0000,69.0000,5,0.881356,0.0288529,5.28814,0.076640,ok,0.180235,,0.180235,5.28814,3.6020,0.180013,5.30830,1,0,7.2130,estimated,0.50,2.65415,7.96245
35,22,35.5000,22.5000,1.0000,71.0000,5,0.881356,0.0288529,5.28814,0.074481,ok,0.181928,,0.181928,5.28814,3.5685,0.181786,5.30063,1,0,7.1426,estimated,0.50,2.65032,7.95095
36,22,36.5000,22.5000,1.0000,73.0000,5,0.881356,0.0288529,5.28814,0.072440,ok,0.183621,,0.183621,5.28814,3.5356,0.183481,5.30017,1,0,7.0766,estimated,0.50,2.65009,7.95026
37,22,37.5000,22.5000,1.0000,75.0000,5,0.881356,0.0288529,5.28814,0.070508,ok,0.185314,,0.185314,5.28814,3.5033,0.185064,5.30908,1,0,7.0161,estimated,0.50,2.65454,7.96362
38,22,38.5000,22.5000,1.0000,77.0000,5,0.881356,0.0288529,5.28814,0.068677,ok,0.187007,,0.187007,5.28814,3.4716,0.186491,5.33039,1,0,6.9624,estimated,0.50,2.66519,7.99558
39,22,39.5000,22.5000,1.0000,79.0000,5,0.881356,0.0288529,5.28814,0.066938,ok,0.188701,,0.188701,5.28814,3.4405,0.187705,5.36803,1,0,6.9174,estimated,0.50,2.68402,8.05205
40,22,40.5000,22.5000,1.0000,81.0000,5,0.881356,0.0288529,5.28814,0.065286,ok,0.190394,,0.190394,5.28814,3.4099,0.188643,5.42670,1,0,6.8830,estimated,0.50,2.71335,8.14005
41,22,41.5000,22.5000,1.0000,83.0000,5,0.881356,0.0288529,5.28814,0.063712,ok,0.192087,,0.192087,5.28814,3.3798,0.189240,5.51139,1,0,6.8613,estimated,0.50,2.75570,8.26709
42,22,42.5000,22.5000,1.0000,84.7056,2,0.881356,0.0288529,5.28814,0.062430,ok,0.193531,,0.193531,5.28814,3.3546,0.189444,5.60773,1,0,6.8539,estimated,0.50,2.80386,8.41159
43,22,43.5000,22.5000,1.0000,82.7056,2,0.881356,0.0288529,5.28814,0.063939,ok,0.191838,,0.191838,5.28814,3.3842,0.189177,5.49704,1,0,6.8636,estimated,0.50,2.74852,8.24556
44,22,44.5000,22.5000,1.0000,80.7056,2,0.881356,0.0288529,5.28814,0.065524,ok,0.190144,,0.190144,5.28814,3.4143,0.188526,5.41645,1,0,6.8873,estimated,0.50,2.70823,8.12468
45,22,45.5000,22.5000,1.0000,78.7056,2,0.881356,0.0288529,5.28814,0.067189,ok,0.188451,,0.188451,5.28814,3.4450,0.187544,5.36117,1,0,6.9233,estimated,0.50,2.68058,8.04175
46,22,46.5000,22.5000,1.0000,76.7056,2,0.881356,0.0288529,5.28814,0.068941,ok,0.186758,,0.186758,5.28814,3.4762,0.186294,5.32621,1,0,6.9698,estimated,0.50,2.66310,7.98931
47,22,47.5000,22.5000,1.0000,74.7056,2,0.881356,0.0288529,5.28814,0.070786,ok,0.185065,,0.185065,5.28814,3.5080,0.184841,5.30697,1,0,7.0246,estimated,0.50,2.65348,7.96045
48,22,48.5000,22.5000,1.0000,72.7056,2,0.881356,0.0288529,5.28814,0.072734,ok,0.183372,,0.183372,5.28814,3.5404,0.183239,5.29963,1,0,7.0860,estimated,0.50,2.64981,7.94944
49,22,49.5000,22.5000,1.0000,70.7056,2,0.881356,0.0288529,5.28814,0.074791,ok,0.181679,,0.181679,5.28814,3.5734,0.181530,5.30131,1,0,7.1527,estimated,0.50,2.65065,7.95196
50,22,50.5000,22.5000,1.0000,68.7056,2,0.881356,0.0288529,5.28814,0.076968,ok,0.179983,,0.179983,5.28814,3.6071,0.179747,5.30626,1,0,7.2237,estimated,0.50,2.65313,7.95939
51,22,51.5000,22.5000,1.0000,66.7056,2,0.881356,0.0288529,5.28814,0.079276,ok,0.177970,,0.177970,5.28814,3.6479,0.177912,5.29272,1,0,7.2982,estimated,0.50,2.64636,7.93908
52,22,52.5000,22.5000,1.0000,64.7056,2,0.881356,0.0288529,5.28814,0.081726,ok,0.175957,,0.175957,5.28814,3.6896,0.176047,5.28083,1,0,7.3755,estimated,0.50,2.64041,7.92124
53,22,53.5000,22.5000,1.0000,62.7056,2,0.881356,0.0288529,5.28814,0.084333,ok,0.173944,,0.173944,5.28814,3.7323,0.174162,5.26988,1,0,7.4553,estimated,0.50,2.63494,7.90482
54,22,54.5000,22.5000,1.0000,60.7056,2,0.881356,0.0288529,5.28814,0.087111,ok,0.171931,,0.171931,5.28814,3.7760,0.172275,5.25846,1,0,7.5369,estimated,0.50,2.62923,7.88770
55,22,55.5000,22.5000,1.0000,58.7056,2,0.881356,0.0288529,5.28814,0.090079,ok,0.169918,,0.169918,5.28814,3.8208,0.170403,5.24502,1,0,7.6197,estimated,0.50,2.62251,7.86753
56,22,56.5000,22.5000,1.0000,56.7056,2,0.881356,0.0288529,5.28814,0.093256,ok,0.167904,,0.167904,5.28814,3.8666,0.168566,5.22756,1,0,7.7028,estimated,0.50,2.61378,7.84134
57,22,57.5000,22.5000,1.0000,54.7056,2,0.881356,0.0288529,5.28814,0.096665,ok,0.165891,,0.165891,5.28814,3.9135,0.166782,5.20395,1,0,7.7852,estimated,0.50,2.60197,7.80592
58,22,58.5000,22.5000,1.0000,52.7056,2,0.881356,0.0288529,5.28814,0.100333,ok,0.163878,,0.163878,5.28814,3.9616,0.165071,5.17185,1,0,7.8659,estimated,0.50,2.58592,7.75777
59,22,59.5000,22.5000,1.0000,50.7056,2,0.881356,0.0288529,5.28814,0.104291,ok,0.161865,,0.161865,5.28814,4.0108,0.163460,5.12786,1,0,7.9434,estimated,0.50,2.56393,7.69179
60,22,60.5000,22.5000,1.0000,48.7056,2,0.881356,0.0288529,5.28814,0.108573,ok,0.159852,,0.159852,5.28814,4.0614,0.161939,5.07216,1,0,8.0180,estimated,0.50,2.53608,7.60824
61,22,61.5000,22.5000,1.0000,46.7056,2,0.881356,0.0288529,5.28814,0.113223,ok,0.157839,,0.157839,5.28814,4.1132,0.160524,5.00240,1,0,8.0887,estimated,0.50,2.50120,7.50360
62,22,62.5000,22.5000,1.0000,44.7056,2,0.881356,0.0288529,5.28814,0.118288,ok,0.156632,,0.156632,5.28814,4.1449,0.159198,4.91946,1,0,8.1561,estimated,0.50,2.45973,7.37918
63,22,63.5000,22.5000,1.0000,42.7056,2,0.864407,0.0288529,5.18644,0.121446,ok,0.156112,,0.156112,5.18644,4.1586,0.157958,4.82302,1,0,8.2201,estimated,0.50,2.41151,7.23453
64,22,64.5000,22.5000,1.0000,40.7056,2,0.847458,0.0288529,5.08475,0.124915,ok,0.155557,,0.155557,5.08475,4.1735,0.156807,4.77236,1,0,8.2805,estimated,0.50,2.38618,7.15854
65,22,65.5000,22.5000,1.0000,38.7056,2,0.830508,0.0288529,4.98305,0.128742,ok,0.154962,,0.154962,4.98305,4.1895,0.155729,4.79287,1,0,8.3377,estimated,0.50,2.39643,7.18930
66,22,66.5000,22.5000,1.0000,36.7056,2,0.813559,0.0288529,4.88136,0.132987,ok,0.154323,,0.154323,4.88136,4.2069,0.154707,4.78711,1,0,8.3928,estimated,0.50,2.39355,7.18066
67,22,67.5000,22.5000,1.0000,34.7056,2,0.796610,0.0288529,4.77966,0.137720,ok,0.153634,,0.153634,4.77966,4.2257,0.153721,4.75860,1,0,8.4467,estimated,0.50,2.37930,7.13790
68,22,68.5000,22.5000,1.0000,32.7056,2,0.779661,0.0288529,4.67797,0.143032,ok,0.152890,,0.152890,4.67797,4.2463,0.152755,4.71031,1,0,8.5001,estimated,0.50,2.35515,7.06546
69,22,69.5000,22.5000,1.0000,30.7056,2,0.762712,0.0288529,4.57627,0.149037,ok,0.152084,,0.152084,4.57627,4.2688,0.151797,4.64394,1,0,8.5537,estimated,0.50,2.32197,6.96591
70,22,70.5000,22.5000,1.0000,28.7056,2,0.745763,0.0288529,4.47458,0.155878,ok,0.151208,,0.151208,4.47458,4.2935,0.150842,4.55946,1,0,8.6079,estimated,0.50,2.27973,6.83920
71,22,71.5000,22.5000,1.0000,26.7056,2,0.728814,0.0288529,4.37288,0.163744,ok,0.150252,,0.150252,4.37288,4.3209,0.149892,4.45489,1,0,8.6624,estimated,0.50,2.22745,6.68234
72,22,72.5000,22.5000,1.0000,24.7056,2,0.711864,0.0288529,4.27119,0.172883,ok,0.149204,,0.149204,4.27119,4.3512,0.148973,4.32291,1,0,8.7159,estimated,0.50,2.16145,6.48436
73,22,73.5000,22.5000,1.0000,22.7056,2,0.694915,0.0288529,4.16949,0.183633,ok,0.148051,,0.148051,4.16949,4.3851,0.148079,4.16344,1,0,8.7685,estimated,0.50,2.08172,6.24516
74,22,74.5000,22.5000,1.0000,20.7056,2,0.677966,0.0288529,4.06780,0.196459,ok,0.146776,,0.146776,4.06780,4.4232,0.147239,3.96881,1,0,8.8185,estimated,0.50,1.98441,5.95322
75,22,75.5000,22.5000,1.0000,18.7056,2,0.661017,0.0288529,3.96610,0.212027,ok,0.145359,,0.145359,3.96610,4.4663,0.146475,3.73454,1,0,8.8645,estimated,0.50,1.86727,5.60181
76,22,76.5000,22.5000,1.0000,16.7056,2,0.644068,0.0288529,3.86441,0.231324,ok,0.143775,,0.143775,3.86441,4.5155,0.145801,3.45827,1,0,8.9055,estimated,0.50,1.72913,5.18740
77,22,77.5000,22.5000,1.0000,14.7056,2,0.627119,0.0288529,3.76271,0.255869,too_firm,,3.55265,0.143000,3.55265,4.5400,0.145210,3.14341,1,0,8.9417,estimated,0.50,1.57170,4.71511
78,22,78.5000,22.5000,1.0000,12.7056,2,0.610169,0.0288529,3.66102,0.288141,beyond_data,,3.06948,0.143000,3.06948,4.5400,0.144700,2.79259,1,0,8.9732,estimated,0.50,1.39630,4.18889
79,22,79.5000,22.5000,1.0000,10.7056,2,0.593220,0.0288529,3.55932,0.332472,beyond_data,,2.58631,0.143000,2.58631,4.5400,0.144282,2.40777,1,0,8.9992,estimated,0.50,1.20389,3.61166
80,22,80.5000,22.5000,1.0000,8.7056,2,0.576271,0.0288529,3.45763,0.397171,beyond_data,,2.10315,0.143000,2.10315,4.5400,0.143949,1.99444,1,0,9.0201,estimated,0.50,0.99722,2.99166
81,22,81.5000,22.5000,1.0000,6.7056,2,0.559322,0.0288529,3.35593,0.500465,beyond_data,,1.61998,0.143000,1.61998,4.5400,0.143689,1.55855,1,1,9.0364,estimated,0.50,0.77927,2.33782
82,22,82.5000,22.5000,1.0000,4.7056,2,0.542373,0.0288529,3.25424,0.691563,beyond_data,,1.13681,0.143000,1.13681,4.5400,0.143493,1.10579,1,1,9.0488,estimated,0.50,0.55289,1.65868
83,22,83.5000,22.5000,1.0000,2.7056,2,0.525424,0.0288529,3.15254,1.165180,beyond_data,,0.65364,0.143000,0.65364,4.5400,0.143346,0.64104,1,1,9.0580,estimated,0.50,0.32052,0.96155
84,22,84.5000,22.5000,1.0000,0.7056,2,0.508475,0.0288529,3.05085,4.323595,beyond_data,,0.17047,0.143000,0.17047,4.5400,0.143239,0.16819,1,1,9.0648,estimated,0.50,0.08410,0.25229
0,23,0.5000,23.5000,1.0000,1.0000,5,0.508475,0.0288529,3.05085,3.050847,beyond_data,,0.24158,0.143000,0.24158,4.5400,0.143264,0.23802,1,1,9.0632,estimated,0.50,0.11901,0.35703
1,23,1.5000,23.5000,1.0000,3.0000,5,0.525424,0.0288529,3.15254,1.050847,beyond_data,,0.72475,0.143000,0.72475,4.5400,0.143379,0.70946,1,1,9.0559,estimated,0.50,0.35473,1.06419
2,23,2.5000,23.5000,1.0000,5.0000,5,0.542373,0.0288529,3.25424,0.650847,beyond_data,,1.20792,0.143000,1.20792,4.5400,0.143536,1.17212,1,1,9.0460,estimated,0.50,0.58606,1.75818
3,23,3.5000,23.5000,1.0000,7.0000,5,0.559322,0.0288529,3.35593,0.479419,beyond_data,,1.69109,0.143000,1.69109,4.5400,0.143745,1.62196,1,1,9.0329,estimated,0.50,0.81098,2.43294
4,23,4.5000,23.5000,1.0000,9.0000,5,0.576271,0.0288529,3.45763,0.384181,beyond_data,,2.17426,0.143000,2.17426,4.5400,0.144018,2.05396,1,0,9.0157,estimated,0.50,1.02698,3.08094
5,23,5.5000,23.5000,1.0000,11.0000,5,0.593220,0.0288529,3.55932,0.323575,beyond_data,,2.65743,0.143000,2.65743,4.5400,0.144367,2.46241,1,0,8.9939,estimated,0.50,1.23120,3.69361
6,23,6.5000,23.5000,1.0000,13.0000,5,0.610169,0.0288529,3.66102,0.281617,too_firm,,3.14060,0.143000,3.14060,4.5400,0.144802,2.84143,1,0,8.9669,estimated,0.50,1.42071,4.26214
7,23,7.5000,23.5000,1.0000,15.0000,5,0.627119,0.0288529,3.76271,0.250847,too_firm,,3.62377,0.143000,3.62377,4.5400,0.145328,3.18578,1,0,8.9345,estimated,0.50,1.59289,4.77868
8,23,8.5000,23.5000,1.0000,17.0000,5,0.644068,0.0288529,3.86441,0.227318,ok,0.144089,,0.144089,3.86441,4.5056,0.145930,3.49476,1,0,8.8976,estimated,0.50,1.74738,5.24214
9,23,9.5000,23.5000,1.0000,19.0000,5,0.661017,0.0288529,3.96610,0.208742,ok,0.145647,,0.145647,3.96610,4.4574,0.146619,3.76413,1,0,8.8558,estimated,0.50,1.88206,5.64619
10,23,10.5000,23.5000,1.0000,21.0000,5,0.677966,0.0288529,4.06780,0.193705,ok,0.147041,,0.147041,4.06780,4.4152,0.147395,3.99206,1,0,8.8092,estimated,0.50,1.99603,5.98810
11,23,11.5000,23.5000,1.0000,23.0000,5,0.694915,0.0288529,4.16949,0.181282,ok,0.148296,,0.148296,4.16949,4.3778,0.148241,4.18149,1,0,8.7589,estimated,0.50,2.09074,6.27223
12,23,12.5000,23.5000,1.0000,25.0000,5,0.711864,0.0288529,4.27119,0.170847,ok,0.149432,,0.149432,4.27119,4.3446,0.149136,4.33734,1,0,8.7063,estimated,0.50,2.16867,6.50601
13,23,13.5000,23.5000,1.0000,27.0000,5,0.728814,0.0288529,4.37288,0.161959,ok,0.150464,,0.150464,4.37288,4.3148,0.150050,4.46744,1,0,8.6533,estimated,0.50,2.23372,6.70116
14,23,14.5000,23.5000,1.0000,29.0000,5,0.745763,0.0288529,4.47458,0.154296,ok,0.151407,,0.151407,4.47458,4.2879,0.150986,4.57232,1,0,8.5997,estimated,0.50,2.28616,6.85849
15,23,15.5000,23.5000,1.0000,31.0000,5,0.762712,0.0288529,4.57627,0.147622,ok,0.152271,,0.152271,4.57627,4.2635,0.151920,4.65923,1,0,8.5468,estimated,0.50,2.32961,6.98884
16,23,16.5000,23.5000,1.0000,33.0000,5,0.779661,0.0288529,4.67797,0.141757,ok,0.153066,,0.153066,4.67797,4.2414,0.152849,4.73013,1,0,8.4949,estimated,0.50,2.36506,7.09519
17,23,17.5000,23.5000,1.0000,35.0000,5,0.796610,0.0288529,4.77966,0.136562,ok,0.153800,,0.153800,4.77966,4.2212,0.153778,4.78502,1,0,8.4435,estimated,0.50,2.39251,7.17752
18,23,18.5000,23.5000,1.0000,37.0000,5,0.813559,0.0288529,4.88136,0.131929,ok,0.154480,,0.154480,4.88136,4.2026,0.154721,4.82211,1,0,8.3921,estimated,0.50,2.41106,7.23317
19,23,19.5000,23.5000,1.0000,39.0000,5,0.830508,0.0288529,4.98305,0.127771,ok,0.155111,,0.155111,4.98305,4.1855,0.155693,4.83830,1,0,8.3397,estimated,0.50,2.41915,7.25745
20,23,20.5000,23.5000,1.0000,41.0000,5,0.847458,0.0288529,5.08475,0.124018,ok,0.155699,,0.155699,5.08475,4.1697,0.156713,4.82979,1,0,8.2854,estimated,0.50,2.41490,7.24469
21,23,21.5000,23.5000,1.0000,43.0000,5,0.864407,0.0288529,5.18644,0.120615,ok,0.156248,,0.156248,5.18644,4.1550,0.157801,4.87245,1,0,8.2283,estimated,0.50,2.43622,7.30867
22,23,22.5000,23.5000,1.0000,45.0000,5,0.881356,0.0288529,5.28814,0.117514,ok,0.156761,,0.156761,5.28814,4.1414,0.158974,4.97490,1,0,8.1676,estimated,0.50,2.48745,7.46235
23,23,23.5000,23.5000,1.0000,47.0000,5,0.898305,0.0288529,5.38983,0.114677,ok,0.157242,,0.157242,5.38983,4.1288,0.160243,5.06257,1,0,8.1029,estimated,0.50,2.53129,7.59386
24,23,24.5000,23.5000,1.0000,49.0000,5,0.898305,0.0288529,5.38983,0.109997,ok,0.159218,,0.159218,5.38983,4.0775,0.161586,5.13832,1,0,8.0355,estimated,0.50,2.56916,7.70749
25,23,25.5000,23.5000,1.0000,51.0000,5,0.898305,0.0288529,5.38983,0.105683,ok,0.161193,,0.161193,5.38983,4.0276,0.163034,5.19975,1,0,7.9642,estimated,0.50,2.59988,7.79963
26,23,26.5000,23.5000,1.0000,53.0000,5,0.898305,0.0288529,5.38983,0.101695,ok,0.163168,,0.163168,5.38983,3.9788,0.164571,5.24908,1,0,7.8898,estimated,0.50,2.62454,7.87362
27,23,27.5000,23.5000,1.0000,55.0000,5,0.898305,0.0288529,5.38983,0.097997,ok,0.165143,,0.165143,5.38983,3.9312,0.166213,5.28569,1,0,7.8118,estimated,0.50,2.64284,7.92853
28,23,28.5000,23.5000,1.0000,57.0000,5,0.898305,0.0288529,5.38983,0.094558,ok,0.167118,,0.167118,5.38983,3.8848,0.167933,5.31297,1,0,7.7319,estimated,0.50,2.65648,7.96945
29,23,29.5000,23.5000,1.0000,59.0000,5,0.898305,0.0288529,5.38983,0.091353,ok,0.169093,,0.169093,5.38983,3.8394,0.169712,5.33319,1,0,7.6508,estimated,0.50,2.66660,7.99979
30,23,30.5000,23.5000,1.0000,61.0000,5,0.898305,0.0288529,5.38983,0.088358,ok,0.171068,,0.171068,5.38983,3.7951,0.171533,5.34856,1,0,7.5695,estimated,0.50,2.67428,8.02284
31,23,31.5000,23.5000,1.0000,63.0000,5,0.898305,0.0288529,5.38983,0.085553,ok,0.173044,,0.173044,5.38983,3.7517,0.173376,5.36117,1,0,7.4891,estimated,0.50,2.68058,8.04175
32,23,32.5000,23.5000,1.0000,65.0000,5,0.898305,0.0288529,5.38983,0.082920,ok,0.175019,,0.175019,5.38983,3.7094,0.175223,5.37273,1,0,7.4102,estimated,0.50,2.68637,8.05910
33,23,33.5000,23.5000,1.0000,67.0000,5,0.898305,0.0288529,5.38983,0.080445,ok,0.176994,,0.176994,5.38983,3.6680,0.177057,5.38473,1,0,7.3334,estimated,0.50,2.69237,8.07710
34,23,34.5000,23.5000,1.0000,69.0000,5,0.898305,0.0288529,5.38983,0.078113,ok,0.178969,,0.178969,5.38983,3.6275,0.178859,5.39858,1,0,7.2595,estimated,0.50,2.69929,8.09786
35,23,35.5000,23.5000,1.0000,71.0000,5,0.898305,0.0288529,5.38983,0.075913,ok,0.180794,,0.180794,5.38983,3.5909,0.180612,5.40651,1,0,7.1890,estimated,0.50,2.70326,8.10977
36,23,36.5000,23.5000,1.0000,73.0000,5,0.898305,0.0288529,5.38983,0.073833,ok,0.182455,,0.182455,5.38983,3.5582,0.182288,5.40474,1,0,7.1230,estimated,0.50,2.70237,8.10711
37,23,37.5000,23.5000,1.0000,75.0000,5,0.898305,0.0288529,5.38983,0.071864,ok,0.184116,,0.184116,5.38983,3.5261,0.183852,5.41278,1,0,7.0624,estimated,0.50,2.70639,8.11917
38,23,38.5000,23.5000,1.0000,77.0000,5,0.898305,0.0288529,5.38983,0.069998,ok,0.185778,,0.185778,5.38983,3.4946,0.185260,5.43378,1,0,7.0087,estimated,0.50,2.71689,8.15067
39,23,39.5000,23.5000,1.0000,79.0000,5,0.898305,0.0288529,5.38983,0.068226,ok,0.187439,,0.187439,5.38983,3.4636,0.186456,5.47176,1,0,6.9637,estimated,0.50,2.73588,8.20764
40,23,40.5000,23.5000,1.0000,81.0000,5,0.898305,0.0288529,5.38983,0.066541,ok,0.189100,,0.189100,5.38983,3.4332,0.187378,5.53143,1,0,6.9295,estimated,0.50,2.76571,8.29714
41,23,41.5000,23.5000,1.0000,83.0000,5,0.898305,0.0288529,5.38983,0.064938,ok,0.190761,,0.190761,5.38983,3.4033,0.187964,5.61778,1,0,6.9079,estimated,0.50,2.80889,8.42668
42,23,42.5000,23.5000,1.0000,84.7056,2,0.898305,0.0288529,5.38983,0.063630,ok,0.192178,,0.192178,5.38983,3.3782,0.188162,5.71607,1,0,6.9006,estimated,0.50,2.85804,8.57411
43,23,43.5000,23.5000,1.0000,82.7056,2,0.898305,0.0288529,5.38983,0.065169,ok,0.190517,,0.190517,5.38983,3.4077,0.187901,5.60314,1,0,6.9102,estimated,0.50,2.80157,8.40472
44,23,44.5000,23.5000,1.0000,80.7056,2,0.898305,0.0288529,5.38983,0.066784,ok,0.188855,,0.188855,5.38983,3.4376,0.187263,5.52098,1,0,6.9337,estimated,0.50,2.76049,8.28147
45,23,45.5000,23.5000,1.0000,78.7056,2,0.898305,0.0288529,5.38983,0.068481,ok,0.187194,,0.187194,5.38983,3.4681,0.186297,5.46480,1,0,6.9697,estimated,0.50,2.73240,8.19720
46,23,46.5000,23.5000,1.0000,76.7056,2,0.898305,0.0288529,5.38983,0.070266,ok,0.185533,,0.185533,5.38983,3.4992,0.185066,5.42960,1,0,7.0160,estimated,0.50,2.71480,8.14440
47,23,47.5000,23.5000,1.0000,74.7056,2,0.898305,0.0288529,5.38983,0.072148,ok,0.183872,,0.183872,5.38983,3.5308,0.183632,5.41076,1,0,7.0708,estimated,0.50,2.70538,8.11613
48,23,48.5000,23.5000,1.0000,72.7056,2,0.898305,0.0288529,5.38983,0.074132,ok,0.182211,,0.182211,5.38983,3.5630,0.182048,5.40437,1,0,7.1323,estimated,0.50,2.70219,8.10656
49,23,49.5000,23.5000,1.0000,70.7056,2,0.898305,0.0288529,5.38983,0.076229,ok,0.180550,,0.180550,5.38983,3.5958,0.180359,5.40743,1,0,7.1992,estimated,0.50,2.70371,8.11114
50,23,50.5000,23.5000,1.0000,68.7056,2,0.898305,0.0288529,5.38983,0.078448,ok,0.178678,,0.178678,5.38983,3.6334,0.178595,5.39644,1,0,7.2702,estimated,0.50,2.69822,8.09467
51,23,51.5000,23.5000,1.0000,66.7056,2,0.898305,0.0288529,5.38983,0.080800,ok,0.176703,,0.176703,5.38983,3.6740,0.176787,5.38303,1,0,7.3446,estimated,0.50,2.69151,8.07454
52,23,52.5000,23.5000,1.0000,64.7056,2,0.898305,0.0288529,5.38983,0.083298,ok,0.174728,,0.174728,5.38983,3.7156,0.174948,5.37132,1,0,7.4218,estimated,0.50,2.68566,8.05698
53,23,53.5000,23.5000,1.0000,62.7056,2,0.898305,0.0288529,5.38983,0.085954,ok,0.172753,,0.172753,5.38983,3.7581,0.173099,5.35990,1,0,7.5011,estimated,0.50,2.67995,8.03985
54,23,54.5000,23.5000,1.0000,60.7056,2,0.898305,0.0288529,5.38983,0.088786,ok,0.170778,,0.170778,5.38983,3.8015,0.171255,5.34725,1,0,7.5818,estimated,0.50,2.67363,8.02088
55,23,55.5000,23.5000,1.0000,58.7056,2,0.898305,0.0288529,5.38983,0.091811,ok,0.168803,,0.168803,5.38983,3.8460,0.169436,5.33163,1,0,7.6633,estimated,0.50,2.66581,7.99744
56,23,56.5000,23.5000,1.0000,56.7056,2,0.898305,0.0288529,5.38983,0.095049,ok,0.166827,,0.166827,5.38983,3.8915,0.167660,5.31087,1,0,7.7444,estimated,0.50,2.65543,7.96630
57,23,57.5000,23.5000,1.0000,54.7056,2,0.898305,0.0288529,5.38983,0.098524,ok,0.164852,,0.164852,5.38983,3.9382,0.165947,5.28276,1,0,7.8244,estimated,0.50,2.64138,7.92414
58,23,58.5000,23.5000,1.0000,52.7056,2,0.898305,0.0288529,5.38983,0.102263,ok,0.162877,,0.162877,5.38983,3.9859,0.164314,5.24502,1,0,7.9021,estimated,0.50,2.62251,7.86752
59,23,59.5000,23.5000,1.0000,50.7056,2,0.898305,0.0288529,5.38983,0.106296,ok,0.160902,,0.160902,5.38983,4.0348,0.162788,5.19424,1,0,7.9762,estimated,0.50,2.59712,7.79136
60,23,60.5000,23.5000,1.0000,48.7056,2,0.898305,0.0288529,5.38983,0.110661,ok,0.158927,,0.158927,5.38983,4.0850,0.161351,5.13118,1,0,8.0472,estimated,0.50,2.56559,7.69676
61,23,61.5000,23.5000,1.0000,46.7056,2,0.898305,0.0288529,5.38983,0.115400,ok,0.157118,,0.157118,5.38983,4.1320,0.160017,5.05399,1,0,8.1143,estimated,0.50,2.52700,7.58099
62,23,62.5000,23.5000,1.0000,44.7056,2,0.881356,0.0288529,5.28814,0.118288,ok,0.156632,,0.156632,5.28814,4.1449,0.158759,4.96452,1,0,8.1786,estimated,0.50,2.48226,7.44677
63,23,63.5000,23.5000,1.0000,42.7056,2,0.864407,0.0288529,5.18644,0.121446,ok,0.156112,,0.156112,5.18644,4.1586,0.157596,4.86032,1,0,8.2390,estimated,0.50,2.43016,7.29049
64,23,64.5000,23.5000,1.0000,40.7056,2,0.847458,0.0288529,5.08475,0.124915,ok,0.155557,,0.155557,5.08475,4.1735,0.156515,4.84343,1,0,8.2959,estimated,0.50,2.42172,7.26515
65,23,65.5000,23.5000,1.0000,38.7056,2,0.830508,0.0288529,4.98305,0.128742,ok,0.154962,,0.154962,4.98305,4.1895,0.155500,4.84888,1,0,8.3500,estimated,0.50,2.42444,7.27332
66,23,66.5000,23.5000,1.0000,36.7056,2,0.813559,0.0288529,4.88136,0.132987,ok,0.154323,,0.154323,4.88136,4.2069,0.154531,4.83010,1,0,8.4024,estimated,0.50,2.41505,7.24515
67,23,67.5000,23.5000,1.0000,34.7056,2,0.796610,0.0288529,4.77966,0.137720,ok,0.153634,,0.153634,4.77966,4.2257,0.153588,4.79078,1,0,8.4540,estimated,0.50,2.39539,7.18617
68,23,68.5000,23.5000,1.0000,32.7056,2,0.779661,0.0288529,4.67797,0.143032,ok,0.152890,,0.152890,4.67797,4.2463,0.152657,4.73384,1,0,8.5055,estimated,0.50,2.36692,7.10076
69,23,69.5000,23.5000,1.0000,30.7056,2,0.762712,0.0288529,4.57627,0.149037,ok,0.152084,,0.152084,4.57627,4.2688,0.151726,4.66078,1,0,8.5577,estimated,0.50,2.33039,6.99118
70,23,70.5000,23.5000,1.0000,28.7056,2,0.745763,0.0288529,4.47458,0.155878,ok,0.151208,,0.151208,4.47458,4.2935,0.150792,4.57128,1,0,8.6107,estimated,0.50,2.28564,6.85692
71,23,71.5000,23.5000,1.0000,26.7056,2,0.728814,0.0288529,4.37288,0.163744,ok,0.150252,,0.150252,4.37288,4.3209,0.149857,4.46302,1,0,8.6645,estimated,0.50,2.23151,6.69453
72,23,72.5000,23.5000,1.0000,24.7056,2,0.711864,0.0288529,4.27119,0.172883,ok,0.149204,,0.149204,4.27119,4.3512,0.148948,4.32854,1,0,8.7173,estimated,0.50,2.16427,6.49281
73,23,73.5000,23.5000,1.0000,22.7056,2,0.694915,0.0288529,4.16949,0.183633,ok,0.148051,,0.148051,4.16949,4.3851,0.148061,4.16721,1,0,8.7695,estimated,0.50,2.08361,6.25082
74,23,74.5000,23.5000,1.0000,20.7056,2,0.677966,0.0288529,4.06780,0.196459,ok,0.146776,,0.146776,4.06780,4.4232,0.147228,3.97130,1,0,8.8192,estimated,0.50,1.98565,5.95695
75,23,75.5000,23.5000,1.0000,18.7056,2,0.661017,0.0288529,3.96610,0.212027,ok,0.145359,,0.145359,3.96610,4.4663,0.146467,3.73615,1,0,8.8650,estimated,0.50,1.86807,5.60422
76,23,76.5000,23.5000,1.0000,16.7056,2,0.644068,0.0288529,3.86441,0.231324,ok,0.143775,,0.143775,3.86441,4.5155,0.145796,3.45929,1,0,8.9058,estimated,0.50,1.72965,5.18894
77,23,77.5000,23.5000,1.0000,14.7056,2,0.627119,0.0288529,3.76271,0.255869,too_firm,,3.55265,0.143000,3.55265,4.5400,0.145206,3.14403,1,0,8.9420,estimated,0.50,1.57201,4.71604
78,23,78.5000,23.5000,1.0000,12.7056,2,0.610169,0.0288529,3.66102,0.288141,beyond_data,,3.06948,0.143000,3.06948,4.5400,0.144698,2.79294,1,0,8.9734,estimated,0.50,1.39647,4.18941
79,23,79.5000,23.5000,1.0000,10.7056,2,0.593220,0.0288529,3.55932,0.332472,beyond_data,,2.58631,0.143000,2.58631,4.5400,0.144281,2.40796,1,0,8.9993,estimated,0.50,1.20398,3.61194
80,23,80.5000,23.5000,1.0000,8.7056,2,0.576271,0.0288529,3.45763,0.397171,beyond_data,,2.10315,0.143000,2.10315,4.5400,0.143948,1.99453,1,0,9.0201,estimated,0.50,0.99727,2.99180
81,23,81.5000,23.5000,1.0000,6.7056,2,0.559322,0.0288529,3.35593,0.500465,beyond_data,,1.61998,0.143000,1.61998,4.5400,0.143689,1.55860,1,1,9.0364,estimated,0.50,0.77930,2.33789
82,23,82.5000,23.5000,1.0000,4.7056,2,0.542373,0.0288529,3.25424,0.691563,beyond_data,,1.13681,0.143000,1.13681,4.5400,0.143492,1.10581,1,1,9.0488,estimated,0.50,0.55290,1.65871
83,23,83.5000,23.5000,1.0000,2.7056,2,0.525424,0.0288529,3.15254,1.165180,beyond_data,,0.65364,0.143000,0.65364,4.5400,0.143346,0.64104,1,1,9.0580,estimated,0.50,0.32052,0.96156
84,23,84.5000,23.5000,1.0000,0.7056,2,0.508475,0.0288529,3.05085,4.323595,beyond_data,,0.17047,0.143000,0.17047,4.5400,0.143239,0.16819,1,1,9.0648,estimated,0.50,0.08410,0.25229
0,24,0.5000,24.5000,1.0000,1.0000,5,0.508475,0.0288529,3.05085,3.050847,beyond_data,,0.24158,0.143000,0.24158,4.5400,0.143264,0.23802,1,1,9.0632,estimated,0.50,0.11901,0.35703
1,24,1.5000,24.5000,1.0000,3.0000,5,0.525424,0.0288529,3.15254,1.050847,beyond_data,,0.72475,0.143000,0.72475,4.5400,0.143379,0.70946,1,1,9.0559,estimated,0.50,0.35473,1.06419
2,24,2.5000,24.5000,1.0000,5.0000,5,0.542373,0.0288529,3.25424,0.650847,beyond_data,,1.20792,0.143000,1.20792,4.5400,0.143536,1.17213,1,1,9.0460,estimated,0.50,0.58607,1.75820
3,24,3.5000,24.5000,1.0000,7.0000,5,0.559322,0.0288529,3.35593,0.479419,beyond_data,,1.69109,0.143000,1.69109,4.5400,0.143745,1.62198,1,1,9.0329,estimated,0.50,0.81099,2.43298
4,24,4.5000,24.5000,1.0000,9.0000,5,0.576271,0.0288529,3.45763,0.384181,beyond_data,,2.17426,0.143000,2.17426,4.5400,0.144018,2.05401,1,0,9.0158,estimated,0.50,1.02701,3.08102
5,24,5.5000,24.5000,1.0000,11.0000,5,0.593220,0.0288529,3.55932,0.323575,beyond_data,,2.65743,0.143000,2.65743,4.5400,0.144366,2.46252,1,0,8.9940,estimated,0.50,1.23126,3.69377
6,24,6.5000,24.5000,1.0000,13.0000,5,0.610169,0.0288529,3.66102,0.281617,too_firm,,3.14060,0.143000,3.14060,4.5400,0.144801,2.84164,1,0,8.9670,estimated,0.50,1.42082,4.26246
7,24,7.5000,24.5000,1.0000,15.0000,5,0.627119,0.0288529,3.76271,0.250847,too_firm,,3.62377,0.143000,3.62377,4.5400,0.145326,3.18617,1,0,8.9346,estimated,0.50,1.59309,4.77926
8,24,8.5000,24.5000,1.0000,17.0000,5,0.644068,0.0288529,3.86441,0.227318,ok,0.144089,,0.144089,3.86441,4.5056,0.145927,3.49542,1,0,8.8978,estimated,0.50,1.74771,5.24313
9,24,9.5000,24.5000,1.0000,19.0000,5,0.661017,0.0288529,3.96610,0.208742,ok,0.145647,,0.145647,3.96610,4.4574,0.146614,3.76519,1,0,8.8561,estimated,0.50,1.88259,5.64778
10,24,10.5000,24.5000,1.0000,21.0000,5,0.677966,0.0288529,4.06780,0.193705,ok,0.147041,,0.147041,4.06780,4.4152,0.147387,3.99375,1,0,8.8096,estimated,0.50,1.99687,5.99062
11,24,11.5000,24.5000,1.0000,23.0000,5,0.694915,0.0288529,4.16949,0.181282,ok,0.148296,,0.148296,4.16949,4.3778,0.148230,4.18411,1,0,8.7596,estimated,0.50,2.09206,6.27617
12,24,12.5000,24.5000,1.0000,25.0000,5,0.711864,0.0288529,4.27119,0.170847,ok,0.149432,,0.149432,4.27119,4.3446,0.149118,4.34136,1,0,8.7074,estimated,0.50,2.17068,6.51204
13,24,13.5000,24.5000,1.0000,27.0000,5,0.728814,0.0288529,4.37288,0.161959,ok,0.150464,,0.150464,4.37288,4.3148,0.150024,4.47335,1,0,8.6548,estimated,0.50,2.23668,6.71003
14,24,14.5000,24.5000,1.0000,29.0000,5,0.745763,0.0288529,4.47458,0.154296,ok,0.151407,,0.151407,4.47458,4.2879,0.150948,4.58114,1,0,8.6018,estimated,0.50,2.29057,6.87170
15,24,15.5000,24.5000,1.0000,31.0000,5,0.762712,0.0288529,4.57627,0.147622,ok,0.152271,,0.152271,4.57627,4.2635,0.151866,4.67209,1,0,8.5499,estimated,0.50,2.33604,7.00813
16,24,16.5000,24.5000,1.0000,33.0000,5,0.779661,0.0288529,4.67797,0.141757,ok,0.153066,,0.153066,4.67797,4.2414,0.152772,4.74849,1,0,8.4991,estimated,0.50,2.37425,7.12274
17,24,17.5000,24.5000,1.0000,35.0000,5,0.796610,0.0288529,4.77966,0.136562,ok,0.153800,,0.153800,4.77966,4.2212,0.153673,4.81065,1,0,8.4493,estimated,0.50,2.40533,7.21598
18,24,18.5000,24.5000,1.0000,37.0000,5,0.813559,0.0288529,4.88136,0.131929,ok,0.154480,,0.154480,4.88136,4.2026,0.154578,4.85703,1,0,8.3998,estimated,0.50,2.42851,7.28554
19,24,19.5000,24.5000,1.0000,39.0000,5,0.830508,0.0288529,4.98305,0.127771,ok,0.155111,,0.155111,4.98305,4.1855,0.155505,4.88463,1,0,8.3498,estimated,0.50,2.44231,7.32694
20,24,20.5000,24.5000,1.0000,41.0000,5,0.847458,0.0288529,5.08475,0.124018,ok,0.155699,,0.155699,5.08475,4.1697,0.156471,4.88958,1,0,8.2982,estimated,0.50,2.44479,7.33437
21,24,21.5000,24.5000,1.0000,43.0000,5,0.864407,0.0288529,5.18644,0.120615,ok,0.156248,,0.156248,5.18644,4.1550,0.157496,4.90432,1,0,8.2442,estimated,0.50,2.45216,7.35649
22,24,22.5000,24.5000,1.0000,45.0000,5,0.881356,0.0288529,5.28814,0.117514,ok,0.156761,,0.156761,5.28814,4.1414,0.158599,5.01398,1,0,8.1869,estimated,0.50,2.50699,7.52097
23,24,23.5000,24.5000,1.0000,47.0000,5,0.898305,0.0288529,5.38983,0.114677,ok,0.157242,,0.157242,5.38983,4.1288,0.159792,5.10914,1,0,8.1257,estimated,0.50,2.55457,7.66371
24,24,24.5000,24.5000,1.0000,49.0000,5,0.915254,0.0288529,5.49153,0.112072,ok,0.158321,,0.158321,5.49153,4.1006,0.161075,5.19063,1,0,8.0610,estimated,0.50,2.59532,7.78595
25,24,25.5000,24.5000,1.0000,51.0000,5,0.915254,0.0288529,5.49153,0.107677,ok,0.160260,,0.160260,5.49153,4.0510,0.162443,5.25929,1,0,7.9931,estimated,0.50,2.62964,7.88893
26,24,26.5000,24.5000,1.0000,53.0000,5,0.915254,0.0288529,5.49153,0.103614,ok,0.162199,,0.162199,5.49153,4.0026,0.163913,5.31420,1,0,7.9215,estimated,0.50,2.65710,7.97130
27,24,27.5000,24.5000,1.0000,55.0000,5,0.915254,0.0288529,5.49153,0.099846,ok,0.164137,,0.164137,5.49153,3.9553,0.165466,5.35794,1,0,7.8471,estimated,0.50,2.67897,8.03691
28,24,28.5000,24.5000,1.0000,57.0000,5,0.915254,0.0288529,5.49153,0.096343,ok,0.166076,,0.166076,5.49153,3.9092,0.167116,5.39008,1,0,7.7697,estimated,0.50,2.69504,8.08512
29,24,29.5000,24.5000,1.0000,59.0000,5,0.915254,0.0288529,5.49153,0.093077,ok,0.168014,,0.168014,5.49153,3.8640,0.168833,5.41405,1,0,7.6906,estimated,0.50,2.70703,8.12108
30,24,30.5000,24.5000,1.0000,61.0000,5,0.915254,0.0288529,5.49153,0.090025,ok,0.169953,,0.169953,5.49153,3.8200,0.170600,5.43207,1,0,7.6110,estimated,0.50,2.71604,8.14811
31,24,31.5000,24.5000,1.0000,63.0000,5,0.915254,0.0288529,5.49153,0.087167,ok,0.171891,,0.171891,5.49153,3.7769,0.172398,5.44635,1,0,7.5316,estimated,0.50,2.72318,8.16953
32,24,32.5000,24.5000,1.0000,65.0000,5,0.915254,0.0288529,5.49153,0.084485,ok,0.173830,,0.173830,5.49153,3.7348,0.174208,5.45879,1,0,7.4533,estimated,0.50,2.72939,8.18818
33,24,33.5000,24.5000,1.0000,67.0000,5,0.915254,0.0288529,5.49153,0.081963,ok,0.175769,,0.175769,5.49153,3.6936,0.176011,5.47107,1,0,7.3770,estimated,0.50,2.73553,8.20660
34,24,34.5000,24.5000,1.0000,69.0000,5,0.915254,0.0288529,5.49153,0.079587,ok,0.177707,,0.177707,5.49153,3.6533,0.177788,5.48492,1,0,7.3033,estimated,0.50,2.74246,8.22738
35,24,35.5000,24.5000,1.0000,71.0000,5,0.915254,0.0288529,5.49153,0.077345,ok,0.179646,,0.179646,5.49153,3.6139,0.179520,5.50155,1,0,7.2328,estimated,0.50,2.75077,8.25232
36,24,36.5000,24.5000,1.0000,73.0000,5,0.915254,0.0288529,5.49153,0.075226,ok,0.181332,,0.181332,5.49153,3.5802,0.181178,5.50581,1,0,7.1666,estimated,0.50,2.75291,8.25872
37,24,37.5000,24.5000,1.0000,75.0000,5,0.915254,0.0288529,5.49153,0.073220,ok,0.182963,,0.182963,5.49153,3.5483,0.182725,5.51299,1,0,7.1059,estimated,0.50,2.75650,8.26949
38,24,38.5000,24.5000,1.0000,77.0000,5,0.915254,0.0288529,5.49153,0.071319,ok,0.184593,,0.184593,5.49153,3.5170,0.184115,5.53366,1,0,7.0523,estimated,0.50,2.76683,8.30050
39,24,39.5000,24.5000,1.0000,79.0000,5,0.915254,0.0288529,5.49153,0.069513,ok,0.186224,,0.186224,5.49153,3.4862,0.185294,5.57193,1,0,7.0074,estimated,0.50,2.78596,8.35789
40,24,40.5000,24.5000,1.0000,81.0000,5,0.915254,0.0288529,5.49153,0.067797,ok,0.187854,,0.187854,5.49153,3.4560,0.186201,5.63254,1,0,6.9733,estimated,0.50,2.81627,8.44881
41,24,41.5000,24.5000,1.0000,83.0000,5,0.915254,0.0288529,5.49153,0.066163,ok,0.189484,,0.189484,5.49153,3.4262,0.186776,5.72053,1,0,6.9518,estimated,0.50,2.86027,8.58080
42,24,42.5000,24.5000,1.0000,84.7056,2,0.915254,0.0288529,5.49153,0.064831,ok,0.190875,,0.190875,5.49153,3.4013,0.186969,5.82076,1,0,6.9446,estimated,0.50,2.91038,8.73114
43,24,43.5000,24.5000,1.0000,82.7056,2,0.915254,0.0288529,5.49153,0.066398,ok,0.189244,,0.189244,5.49153,3.4306,0.186715,5.70561,1,0,6.9541,estimated,0.50,2.85280,8.55841
44,24,44.5000,24.5000,1.0000,80.7056,2,0.915254,0.0288529,5.49153,0.068044,ok,0.187614,,0.187614,5.49153,3.4604,0.186088,5.62192,1,0,6.9775,estimated,0.50,2.81096,8.43287
45,24,45.5000,24.5000,1.0000,78.7056,2,0.915254,0.0288529,5.49153,0.069773,ok,0.185984,,0.185984,5.49153,3.4907,0.185138,5.56488,1,0,7.0133,estimated,0.50,2.78244,8.34733
46,24,46.5000,24.5000,1.0000,76.7056,2,0.915254,0.0288529,5.49153,0.071592,ok,0.184353,,0.184353,5.49153,3.5216,0.183924,5.52950,1,0,7.0596,estimated,0.50,2.76475,8.29424
47,24,47.5000,24.5000,1.0000,74.7056,2,0.915254,0.0288529,5.49153,0.073509,ok,0.182723,,0.182723,5.49153,3.5530,0.182507,5.51107,1,0,7.1144,estimated,0.50,2.75554,8.26661
48,24,48.5000,24.5000,1.0000,72.7056,2,0.915254,0.0288529,5.49153,0.075531,ok,0.181093,,0.181093,5.49153,3.5850,0.180941,5.50562,1,0,7.1760,estimated,0.50,2.75281,8.25843
49,24,49.5000,24.5000,1.0000,70.7056,2,0.915254,0.0288529,5.49153,0.077667,ok,0.179360,,0.179360,5.49153,3.6196,0.179269,5.49884,1,0,7.2429,estimated,0.50,2.74942,8.24826
50,24,50.5000,24.5000,1.0000,68.7056,2,0.915254,0.0288529,5.49153,0.079928,ok,0.177422,,0.177422,5.49153,3.6592,0.177527,5.48287,1,0,7.3140,estimated,0.50,2.74144,8.22431
51,24,51.5000,24.5000,1.0000,66.7056,2,0.915254,0.0288529,5.49153,0.082325,ok,0.175483,,0.175483,5.49153,3.6996,0.175744,5.46944,1,0,7.3882,estimated,0.50,2.73472,8.20416
52,24,52.5000,24.5000,1.0000,64.7056,2,0.915254,0.0288529,5.49153,0.084869,ok,0.173545,,0.173545,5.49153,3.7409,0.173936,5.45744,1,0,7.4650,estimated,0.50,2.72872,8.18616
53,24,53.5000,24.5000,1.0000,62.7056,2,0.915254,0.0288529,5.49153,0.087576,ok,0.171606,,0.171606,5.49153,3.7832,0.172124,5.44511,1,0,7.5436,estimated,0.50,2.72255,8.16766
54,24,54.5000,24.5000,1.0000,60.7056,2,0.915254,0.0288529,5.49153,0.090462,ok,0.169668,,0.169668,5.49153,3.8264,0.170326,5.43074,1,0,7.6232,estimated,0.50,2.71537,8.14611
55,24,55.5000,24.5000,1.0000,58.7056,2,0.915254,0.0288529,5.49153,0.093543,ok,0.167729,,0.167729,5.49153,3.8706,0.168561,5.41239,1,0,7.7030,estimated,0.50,2.70620,8.11859
56,24,56.5000,24.5000,1.0000,56.7056,2,0.915254,0.0288529,5.49153,0.096843,ok,0.165790,,0.165790,5.49153,3.9159,0.166848,5.38781,1,0,7.7821,estimated,0.50,2.69390,8.08171
57,24,57.5000,24.5000,1.0000,54.7056,2,0.915254,0.0288529,5.49153,0.100383,ok,0.163852,,0.163852,5.49153,3.9622,0.165206,5.35476,1,0,7.8595,estimated,0.50,2.67738,8.03214
58,24,58.5000,24.5000,1.0000,52.7056,2,0.915254,0.0288529,5.49153,0.104192,ok,0.161913,,0.161913,5.49153,4.0096,0.163662,5.30977,1,0,7.9336,estimated,0.50,2.65489,7.96466
59,24,59.5000,24.5000,1.0000,50.7056,2,0.915254,0.0288529,5.49153,0.108302,ok,0.159975,,0.159975,5.49153,4.0582,0.162203,5.25336,1,0,8.0050,estimated,0.50,2.62668,7.88004
60,24,60.5000,24.5000,1.0000,48.7056,2,0.915254,0.0288529,5.49153,0.112749,ok,0.158036,,0.158036,5.49153,4.1080,0.160846,5.18303,1,0,8.0725,estimated,0.50,2.59151,7.77454
61,24,61.5000,24.5000,1.0000,46.7056,2,0.898305,0.0288529,5.38983,0.115400,ok,0.157118,,0.157118,5.38983,4.1320,0.159572,5.10006,1,0,8.1369,estimated,0.50,2.55003,7.65009
62,24,62.5000,24.5000,1.0000,44.7056,2,0.881356,0.0288529,5.28814,0.118288,ok,0.156632,,0.156632,5.28814,4.1449,0.158389,5.00309,1,0,8.1977,estimated,0.50,2.50154,7.50463
63,24,63.5000,24.5000,1.0000,42.7056,2,0.864407,0.0288529,5.18644,0.121446,ok,0.156112,,0.156112,5.18644,4.1586,0.157296,4.89171,1,0,8.2547,estimated,0.50,2.44585,7.33756
64,24,64.5000,24.5000,1.0000,40.7056,2,0.847458,0.0288529,5.08475,0.124915,ok,0.155557,,0.155557,5.08475,4.1735,0.156278,4.90224,1,0,8.3085,estimated,0.50,2.45112,7.35336
65,24,65.5000,24.5000,1.0000,38.7056,2,0.830508,0.0288529,4.98305,0.128742,ok,0.154962,,0.154962,4.98305,4.1895,0.155316,4.89436,1,0,8.3599,estimated,0.50,2.44718,7.34153
66,24,66.5000,24.5000,1.0000,36.7056,2,0.813559,0.0288529,4.88136,0.132987,ok,0.154323,,0.154323,4.88136,4.2069,0.154392,4.86432,1,0,8.4100,estimated,0.50,2.43216,7.29648
67,24,67.5000,24.5000,1.0000,34.7056,2,0.796610,0.0288529,4.77966,0.137720,ok,0.153634,,0.153634,4.77966,4.2257,0.153486,4.81589,1,0,8.4596,estimated,0.50,2.40794,7.22383
68,24,68.5000,24.5000,1.0000,32.7056,2,0.779661,0.0288529,4.67797,0.143032,ok,0.152890,,0.152890,4.67797,4.2463,0.152583,4.75182,1,0,8.5097,estimated,0.50,2.37591,7.12774
69,24,69.5000,24.5000,1.0000,30.7056,2,0.762712,0.0288529,4.57627,0.149037,ok,0.152084,,0.152084,4.57627,4.2688,0.151674,4.67338,1,0,8.5607,estimated,0.50,2.33669,7.01007
70,24,70.5000,24.5000,1.0000,28.7056,2,0.745763,0.0288529,4.47458,0.155878,ok,0.151208,,0.151208,4.47458,4.2935,0.150755,4.57991,1,0,8.6128,estimated,0.50,2.28996,6.86987
71,24,71.5000,24.5000,1.0000,26.7056,2,0.728814,0.0288529,4.37288,0.163744,ok,0.150252,,0.150252,4.37288,4.3209,0.149832,4.46882,1,0,8.6659,estimated,0.50,2.23441,6.70323
72,24,72.5000,24.5000,1.0000,24.7056,2,0.711864,0.0288529,4.27119,0.172883,ok,0.149204,,0.149204,4.27119,4.3512,0.148930,4.33249,1,0,8.7184,estimated,0.50,2.16625,6.49874
73,24,73.5000,24.5000,1.0000,22.7056,2,0.694915,0.0288529,4.16949,0.183633,ok,0.148051,,0.148051,4.16949,4.3851,0.148050,4.16980,1,0,8.7702,estimated,0.50,2.08490,6.25470
74,24,74.5000,24.5000,1.0000,20.7056,2,0.677966,0.0288529,4.06780,0.196459,ok,0.146776,,0.146776,4.06780,4.4232,0.147220,3.97296,1,0,8.8197,estimated,0.50,1.98648,5.95944
75,24,75.5000,24.5000,1.0000,18.7056,2,0.661017,0.0288529,3.96610,0.212027,ok,0.145359,,0.145359,3.96610,4.4663,0.146462,3.73720,1,0,8.8653,estimated,0.50,1.86860,5.60579
76,24,76.5000,24.5000,1.0000,16.7056,2,0.644068,0.0288529,3.86441,0.231324,ok,0.143775,,0.143775,3.86441,4.5155,0.145792,3.45995,1,0,8.9060,estimated,0.50,1.72997,5.18992
77,24,77.5000,24.5000,1.0000,14.7056,2,0.627119,0.0288529,3.76271,0.255869,too_firm,,3.55265,0.143000,3.55265,4.5400,0.145204,3.14441,1,0,8.9421,estimated,0.50,1.57220,4.71661
78,24,78.5000,24.5000,1.0000,12.7056,2,0.610169,0.0288529,3.66102,0.288141,beyond_data,,3.06948,0.143000,3.06948,4.5400,0.144697,2.79315,1,0,8.9735,estimated,0.50,1.39657,4.18972
79,24,79.5000,24.5000,1.0000,10.7056,2,0.593220,0.0288529,3.55932,0.332472,beyond_data,,2.58631,0.143000,2.58631,4.5400,0.144280,2.40807,1,0,8.9994,estimated,0.50,1.20404,3.61211
80,24,80.5000,24.5000,1.0000,8.7056,2,0.576271,0.0288529,3.45763,0.397171,beyond_data,,2.10315,0.143000,2.10315,4.5400,0.143947,1.99459,1,0,9.0202,estimated,0.50,0.99729,2.99188
81,24,81.5000,24.5000,1.0000,6.7056,2,0.559322,0.0288529,3.35593,0.500465,beyond_data,,1.61998,0.143000,1.61998,4.5400,0.143689,1.55862,1,1,9.0364,estimated,0.50,0.77931,2.33793
82,24,82.5000,24.5000,1.0000,4.7056,2,0.542373,0.0288529,3.25424,0.691563,beyond_data,,1.13681,0.143000,1.13681,4.5400,0.143492,1.10582,1,1,9.0488,estimated,0.50,0.55291,1.65872
83,24,83.5000,24.5000,1.0000,2.7056,2,0.525424,0.0288529,3.15254,1.165180,beyond_data,,0.65364,0.143000,0.65364,4.5400,0.143346,0.64105,1,1,9.0580,estimated,0.50,0.32052,0.96157
84,24,84.5000,24.5000,1.0000,0.7056,2,0.508475,0.0288529,3.05085,4.323595,beyond_data,,0.17047,0.143000,0.17047,4.5400,0.143239,0.16819,1,1,9.0648,estimated,0.50,0.08410,0.25229
0,25,0.5000,25.5000,1.0000,1.0000,5,0.508475,0.0288529,3.05085,3.050847,beyond_data,,0.24158,0.143000,0.24158,4.5400,0.143264,0.23802,1,1,9.0632,estimated,0.50,0.11901,0.35703
1,25,1.5000,25.5000,1.0000,3.0000,5,0.525424,0.0288529,3.15254,1.050847,beyond_data,,0.72475,0.143000,0.72475,4.5400,0.143379,0.70946,1,1,9.0559,estimated,0.50,0.35473,1.06420
2,25,2.5000,25.5000,1.0000,5.0000,5,0.542373,0.0288529,3.25424,0.650847,beyond_data,,1.20792,0.143000,1.20792,4.5400,0.143536,1.17214,1,1,9.0460,estimated,0.50,0.58607,1.75821
3,25,3.5000,25.5000,1.0000,7.0000,5,0.559322,0.0288529,3.35593,0.479419,beyond_data,,1.69109,0.143000,1.69109,4.5400,0.143744,1.62200,1,1,9.0329,estimated,0.50,0.81100,2.43300
4,25,4.5000,25.5000,1.0000,9.0000,5,0.576271,0.0288529,3.45763,0.384181,beyond_data,,2.17426,0.143000,2.17426,4.5400,0.144017,2.05404,1,0,9.0158,estimated,0.50,1.02702,3.08107
5,25,5.5000,25.5000,1.0000,11.0000,5,0.593220,0.0288529,3.55932,0.323575,beyond_data,,2.65743,0.143000,2.65743,4.5400,0.144366,2.46258,1,0,8.9940,estimated,0.50,1.23129,3.69387
6,25,6.5000,25.5000,1.0000,13.0000,5,0.610169,0.0288529,3.66102,0.281617,too_firm,,3.14060,0.143000,3.14060,4.5400,0.144800,2.84176,1,0,8.9671,estimated,0.50,1.42088,4.26265
7,25,7.5000,25.5000,1.0000,15.0000,5,0.627119,0.0288529,3.76271,0.250847,too_firm,,3.62377,0.143000,3.62377,4.5400,0.145325,3.18641,1,0,8.9347,estimated,0.50,1.59320,4.77961
8,25,8.5000,25.5000,1.0000,17.0000,5,0.644068,0.0288529,3.86441,0.227318,ok,0.144089,,0.144089,3.86441,4.5056,0.145925,3.49582,1,0,8.8979,estimated,0.50,1.74791,5.24374
9,25,9.5000,25.5000,1.0000,19.0000,5,0.661017,0.0288529,3.96610,0.208742,ok,0.145647,,0.145647,3.96610,4.4574,0.146611,3.76587,1,0,8.8563,estimated,0.50,1.88293,5.64880
10,25,10.5000,25.5000,1.0000,21.0000,5,0.677966,0.0288529,4.06780,0.193705,ok,0.147041,,0.147041,4.06780,4.4152,0.147382,3.99485,1,0,8.8099,estimated,0.50,1.99742,5.99227
11,25,11.5000,25.5000,1.0000,23.0000,5,0.694915,0.0288529,4.16949,0.181282,ok,0.148296,,0.148296,4.16949,4.3778,0.148222,4.18587,1,0,8.7601,estimated,0.50,2.09293,6.27880
12,25,12.5000,25.5000,1.0000,25.0000,5,0.711864,0.0288529,4.27119,0.170847,ok,0.149432,,0.149432,4.27119,4.3446,0.149106,4.34412,1,0,8.7081,estimated,0.50,2.17206,6.51617
13,25,13.5000,25.5000,1.0000,27.0000,5,0.728814,0.0288529,4.37288,0.161959,ok,0.150464,,0.150464,4.37288,4.3148,0.150006,4.47747,1,0,8.6558,estimated,0.50,2.23874,6.71621
14,25,14.5000,25.5000,1.0000,29.0000,5,0.745763,0.0288529,4.47458,0.154296,ok,0.151407,,0.151407,4.47458,4.2879,0.150922,4.58742,1,0,8.6033,estimated,0.50,2.29371,6.88113
15,25,15.5000,25.5000,1.0000,31.0000,5,0.762712,0.0288529,4.57627,0.147622,ok,0.152271,,0.152271,4.57627,4.2635,0.151826,4.68147,1,0,8.5521,estimated,0.50,2.34073,7.02220
16,25,16.5000,25.5000,1.0000,33.0000,5,0.779661,0.0288529,4.67797,0.141757,ok,0.153066,,0.153066,4.67797,4.2414,0.152716,4.76217,1,0,8.5023,estimated,0.50,2.38109,7.14326
17,25,17.5000,25.5000,1.0000,35.0000,5,0.796610,0.0288529,4.77966,0.136562,ok,0.153800,,0.153800,4.77966,4.2212,0.153594,4.83013,1,0,8.4537,estimated,0.50,2.41506,7.24519
18,25,18.5000,25.5000,1.0000,37.0000,5,0.813559,0.0288529,4.88136,0.131929,ok,0.154480,,0.154480,4.88136,4.2026,0.154469,4.88406,1,0,8.4058,estimated,0.50,2.44203,7.32610
19,25,19.5000,25.5000,1.0000,39.0000,5,0.830508,0.0288529,4.98305,0.127771,ok,0.155111,,0.155111,4.98305,4.1855,0.155358,4.92117,1,0,8.3577,estimated,0.50,2.46059,7.38176
20,25,20.5000,25.5000,1.0000,41.0000,5,0.847458,0.0288529,5.08475,0.124018,ok,0.155699,,0.155699,5.08475,4.1697,0.156278,4.93761,1,0,8.3085,estimated,0.50,2.46881,7.40642
21,25,21.5000,25.5000,1.0000,43.0000,5,0.864407,0.0288529,5.18644,0.120615,ok,0.156248,,0.156248,5.18644,4.1550,0.157250,4.93034,1,0,8.2571,estimated,0.50,2.46517,7.39551
22,25,22.5000,25.5000,1.0000,45.0000,5,0.881356,0.0288529,5.28814,0.117514,ok,0.156761,,0.156761,5.28814,4.1414,0.158292,5.04640,1,0,8.2028,estimated,0.50,2.52320,7.56960
23,25,23.5000,25.5000,1.0000,47.0000,5,0.898305,0.0288529,5.38983,0.114677,ok,0.157242,,0.157242,5.38983,4.1288,0.159419,5.14838,1,0,8.1448,estimated,0.50,2.57419,7.72257
24,25,24.5000,25.5000,1.0000,49.0000,5,0.915254,0.0288529,5.49153,0.112072,ok,0.158321,,0.158321,5.49153,4.1006,0.160631,5.23682,1,0,8.0833,estimated,0.50,2.61841,7.85523
25,25,25.5000,25.5000,1.0000,51.0000,5,0.932203,0.0288529,5.59322,0.109671,ok,0.159361,,0.159361,5.59322,4.0739,0.161945,5.31051,1,0,8.0177,estimated,0.50,2.65525,7.96576
26,25,26.5000,25.5000,1.0000,53.0000,5,0.932203,0.0288529,5.59322,0.105532,ok,0.161265,,0.161265,5.59322,4.0258,0.163343,5.37190,1,0,7.9491,estimated,0.50,2.68595,8.05784
27,25,27.5000,25.5000,1.0000,55.0000,5,0.932203,0.0288529,5.59322,0.101695,ok,0.163168,,0.163168,5.59322,3.9788,0.164824,5.42164,1,0,7.8777,estimated,0.50,2.71082,8.13246
28,25,28.5000,25.5000,1.0000,57.0000,5,0.932203,0.0288529,5.59322,0.098127,ok,0.165071,,0.165071,5.59322,3.9329,0.166407,5.45879,1,0,7.8027,estimated,0.50,2.72940,8.18819
29,25,29.5000,25.5000,1.0000,59.0000,5,0.932203,0.0288529,5.59322,0.094800,ok,0.166975,,0.166975,5.59322,3.8881,0.168064,5.48679,1,0,7.7258,estimated,0.50,2.74340,8.23019
30,25,30.5000,25.5000,1.0000,61.0000,5,0.932203,0.0288529,5.59322,0.091692,ok,0.168878,,0.168878,5.59322,3.8443,0.169778,5.50782,1,0,7.6478,estimated,0.50,2.75391,8.26173
31,25,31.5000,25.5000,1.0000,63.0000,5,0.932203,0.0288529,5.59322,0.088781,ok,0.170781,,0.170781,5.59322,3.8014,0.171531,5.52416,1,0,7.5697,estimated,0.50,2.76208,8.28624
32,25,32.5000,25.5000,1.0000,65.0000,5,0.932203,0.0288529,5.59322,0.086050,ok,0.172685,,0.172685,5.59322,3.7595,0.173303,5.53783,1,0,7.4922,estimated,0.50,2.76891,8.30674
33,25,33.5000,25.5000,1.0000,67.0000,5,0.932203,0.0288529,5.59322,0.083481,ok,0.174588,,0.174588,5.59322,3.7186,0.175076,5.55071,1,0,7.4164,estimated,0.50,2.77535,8.32606
34,25,34.5000,25.5000,1.0000,69.0000,5,0.932203,0.0288529,5.59322,0.081061,ok,0.176491,,0.176491,5.59322,3.6785,0.176829,5.56459,1,0,7.3429,estimated,0.50,2.78229,8.34688
35,25,35.5000,25.5000,1.0000,71.0000,5,0.932203,0.0288529,5.59322,0.078778,ok,0.178395,,0.178395,5.59322,3.6392,0.178538,5.58140,1,0,7.2726,estimated,0.50,2.79070,8.37209
36,25,36.5000,25.5000,1.0000,73.0000,5,0.932203,0.0288529,5.59322,0.076619,ok,0.180251,,0.180251,5.59322,3.6017,0.180177,5.60029,1,0,7.2064,estimated,0.50,2.80014,8.40043
37,25,37.5000,25.5000,1.0000,75.0000,5,0.932203,0.0288529,5.59322,0.074576,ok,0.181851,,0.181851,5.59322,3.5700,0.181707,5.60671,1,0,7.1457,estimated,0.50,2.80335,8.41006
38,25,38.5000,25.5000,1.0000,77.0000,5,0.932203,0.0288529,5.59322,0.072639,ok,0.183452,,0.183452,5.59322,3.5389,0.183081,5.62708,1,0,7.0921,estimated,0.50,2.81354,8.44062
39,25,39.5000,25.5000,1.0000,79.0000,5,0.932203,0.0288529,5.59322,0.070800,ok,0.185053,,0.185053,5.59322,3.5083,0.184245,5.66562,1,0,7.0473,estimated,0.50,2.83281,8.49843
40,25,40.5000,25.5000,1.0000,81.0000,5,0.932203,0.0288529,5.59322,0.069052,ok,0.186653,,0.186653,5.59322,3.4782,0.185137,5.72715,1,0,7.0133,estimated,0.50,2.86357,8.59072
41,25,41.5000,25.5000,1.0000,83.0000,5,0.932203,0.0288529,5.59322,0.067388,ok,0.188254,,0.188254,5.59322,3.4486,0.185702,5.81672,1,0,6.9920,estimated,0.50,2.90836,8.72507
42,25,42.5000,25.5000,1.0000,84.7056,2,0.932203,0.0288529,5.59322,0.066031,ok,0.189619,,0.189619,5.59322,3.4238,0.185890,5.91884,1,0,6.9849,estimated,0.50,2.95942,8.87825
43,25,43.5000,25.5000,1.0000,82.7056,2,0.932203,0.0288529,5.59322,0.067628,ok,0.188019,,0.188019,5.59322,3.4529,0.185642,5.80152,1,0,6.9943,estimated,0.50,2.90076,8.70227
44,25,44.5000,25.5000,1.0000,80.7056,2,0.932203,0.0288529,5.59322,0.069304,ok,0.186418,,0.186418,5.59322,3.4826,0.185027,5.71634,1,0,7.0175,estimated,0.50,2.85817,8.57451
45,25,45.5000,25.5000,1.0000,78.7056,2,0.932203,0.0288529,5.59322,0.071065,ok,0.184817,,0.184817,5.59322,3.5127,0.184090,5.65849,1,0,7.0532,estimated,0.50,2.82925,8.48774
46,25,46.5000,25.5000,1.0000,76.7056,2,0.932203,0.0288529,5.59322,0.072918,ok,0.183216,,0.183216,5.59322,3.5434,0.182892,5.62292,1,0,7.0994,estimated,0.50,2.81146,8.43438
47,25,47.5000,25.5000,1.0000,74.7056,2,0.932203,0.0288529,5.59322,0.074870,ok,0.181616,,0.181616,5.59322,3.5747,0.181491,5.60487,1,0,7.1542,estimated,0.50,2.80244,8.40731
48,25,48.5000,25.5000,1.0000,72.7056,2,0.932203,0.0288529,5.59322,0.076930,ok,0.180015,,0.180015,5.59322,3.6065,0.179942,5.59936,1,0,7.2158,estimated,0.50,2.79968,8.39904
49,25,49.5000,25.5000,1.0000,70.7056,2,0.932203,0.0288529,5.59322,0.079106,ok,0.178114,,0.178114,5.59322,3.6449,0.178289,5.57874,1,0,7.2827,estimated,0.50,2.78937,8.36810
50,25,50.5000,25.5000,1.0000,68.7056,2,0.932203,0.0288529,5.59322,0.081408,ok,0.176211,,0.176211,5.59322,3.6843,0.176571,5.56257,1,0,7.3536,estimated,0.50,2.78128,8.34385
51,25,51.5000,25.5000,1.0000,66.7056,2,0.932203,0.0288529,5.59322,0.083849,ok,0.174308,,0.174308,5.59322,3.7245,0.174812,5.54913,1,0,7.4276,estimated,0.50,2.77457,8.32370
52,25,52.5000,25.5000,1.0000,64.7056,2,0.932203,0.0288529,5.59322,0.086441,ok,0.172404,,0.172404,5.59322,3.7657,0.173035,5.53651,1,0,7.5039,estimated,0.50,2.76826,8.30477
53,25,53.5000,25.5000,1.0000,62.7056,2,0.932203,0.0288529,5.59322,0.089198,ok,0.170501,,0.170501,5.59322,3.8077,0.171261,5.52292,1,0,7.5816,estimated,0.50,2.76146,8.28437
54,25,54.5000,25.5000,1.0000,60.7056,2,0.932203,0.0288529,5.59322,0.092137,ok,0.168598,,0.168598,5.59322,3.8507,0.169508,5.50645,1,0,7.6600,estimated,0.50,2.75322,8.25967
55,25,55.5000,25.5000,1.0000,58.7056,2,0.932203,0.0288529,5.59322,0.095276,ok,0.166694,,0.166694,5.59322,3.8946,0.167796,5.48504,1,0,7.7381,estimated,0.50,2.74252,8.22755
56,25,56.5000,25.5000,1.0000,56.7056,2,0.932203,0.0288529,5.59322,0.098636,ok,0.164791,,0.164791,5.59322,3.9396,0.166145,5.45636,1,0,7.8151,estimated,0.50,2.72818,8.18454
57,25,57.5000,25.5000,1.0000,54.7056,2,0.932203,0.0288529,5.59322,0.102242,ok,0.162888,,0.162888,5.59322,3.9857,0.164569,5.41822,1,0,7.8899,estimated,0.50,2.70911,8.12733
58,25,58.5000,25.5000,1.0000,52.7056,2,0.932203,0.0288529,5.59322,0.106122,ok,0.160984,,0.160984,5.59322,4.0328,0.163097,5.36717,1,0,7.9611,estimated,0.50,2.68358,8.05075
59,25,59.5000,25.5000,1.0000,50.7056,2,0.932203,0.0288529,5.59322,0.110308,ok,0.159081,,0.159081,5.59322,4.0810,0.161710,5.30423,1,0,8.0294,estimated,0.50,2.65212,7.95635
60,25,60.5000,25.5000,1.0000,48.7056,2,0.915254,0.0288529,5.49153,0.112749,ok,0.158036,,0.158036,5.49153,4.1080,0.160408,5.22882,1,0,8.0945,estimated,0.50,2.61441,7.84323
61,25,61.5000,25.5000,1.0000,46.7056,2,0.898305,0.0288529,5.38983,0.115400,ok,0.157118,,0.157118,5.38983,4.1320,0.159204,5.13889,1,0,8.1558,estimated,0.50,2.56945,7.70834
62,25,62.5000,25.5000,1.0000,44.7056,2,0.881356,0.0288529,5.28814,0.118288,ok,0.156632,,0.156632,5.28814,4.1449,0.158087,5.03509,1,0,8.2134,estimated,0.50,2.51755,7.55264
63,25,63.5000,25.5000,1.0000,42.7056,2,0.864407,0.0288529,5.18644,0.121446,ok,0.156112,,0.156112,5.18644,4.1586,0.157054,4.94437,1,0,8.2674,estimated,0.50,2.47218,7.41655
64,25,64.5000,25.5000,1.0000,40.7056,2,0.847458,0.0288529,5.08475,0.124915,ok,0.155557,,0.155557,5.08475,4.1735,0.156089,4.94948,1,0,8.3185,estimated,0.50,2.47474,7.42421
65,25,65.5000,25.5000,1.0000,38.7056,2,0.830508,0.0288529,4.98305,0.128742,ok,0.154962,,0.154962,4.98305,4.1895,0.155172,4.93023,1,0,8.3677,estimated,0.50,2.46511,7.39534
66,25,66.5000,25.5000,1.0000,36.7056,2,0.813559,0.0288529,4.88136,0.132987,ok,0.154323,,0.154323,4.88136,4.2069,0.154285,4.89082,1,0,8.4158,estimated,0.50,2.44541,7.33623
67,25,67.5000,25.5000,1.0000,34.7056,2,0.796610,0.0288529,4.77966,0.137720,ok,0.153634,,0.153634,4.77966,4.2257,0.153408,4.83495,1,0,8.4639,estimated,0.50,2.41748,7.25243
68,25,68.5000,25.5000,1.0000,32.7056,2,0.779661,0.0288529,4.67797,0.143032,ok,0.152890,,0.152890,4.67797,4.2463,0.152528,4.76521,1,0,8.5127,estimated,0.50,2.38260,7.14781
69,25,69.5000,25.5000,1.0000,30.7056,2,0.762712,0.0288529,4.57627,0.149037,ok,0.152084,,0.152084,4.57627,4.2688,0.151635,4.68256,1,0,8.5628,estimated,0.50,2.34128,7.02383
70,25,70.5000,25.5000,1.0000,28.7056,2,0.745763,0.0288529,4.47458,0.155878,ok,0.151208,,0.151208,4.47458,4.2935,0.150729,4.58607,1,0,8.6143,estimated,0.50,2.29303,6.87910
71,25,71.5000,25.5000,1.0000,26.7056,2,0.728814,0.0288529,4.37288,0.163744,ok,0.150252,,0.150252,4.37288,4.3209,0.149815,4.47286,1,0,8.6669,estimated,0.50,2.23643,6.70929
72,25,72.5000,25.5000,1.0000,24.7056,2,0.711864,0.0288529,4.27119,0.172883,ok,0.149204,,0.149204,4.27119,4.3512,0.148918,4.33520,1,0,8.7191,estimated,0.50,2.16760,6.50280
73,25,73.5000,25.5000,1.0000,22.7056,2,0.694915,0.0288529,4.16949,0.183633,ok,0.148051,,0.148051,4.16949,4.3851,0.148042,4.17153,1,0,8.7707,estimated,0.50,2.08576,6.25729
74,25,74.5000,25.5000,1.0000,20.7056,2,0.677966,0.0288529,4.06780,0.196459,ok,0.146776,,0.146776,4.06780,4.4232,0.147214,3.97404,1,0,8.8200,estimated,0.50,1.98702,5.96107
75,25,75.5000,25.5000,1.0000,18.7056,2,0.661017,0.0288529,3.96610,0.212027,ok,0.145359,,0.145359,3.96610,4.4663,0.146458,3.73786,1,0,8.8655,estimated,0.50,1.86893,5.60679
76,25,76.5000,25.5000,1.0000,16.7056,2,0.644068,0.0288529,3.86441,0.231324,ok,0.143775,,0.143775,3.86441,4.5155,0.145790,3.46035,1,0,8.9062,estimated,0.50,1.73017,5.19052
77,25,77.5000,25.5000,1.0000,14.7056,2,0.627119,0.0288529,3.76271,0.255869,too_firm,,3.55265,0.143000,3.55265,4.5400,0.145203,3.14464,1,0,8.9422,estimated,0.50,1.57232,4.71695
78,25,78.5000,25.5000,1.0000,12.7056,2,0.610169,0.0288529,3.66102,0.288141,beyond_data,,3.06948,0.143000,3.06948,4.5400,0.144696,2.79327,1,0,8.9735,estimated,0.50,1.39663,4.18990
79,25,79.5000,25.5000,1.0000,10.7056,2,0.593220,0.0288529,3.55932,0.332472,beyond_data,,2.58631,0.143000,2.58631,4.5400,0.144279,2.40813,1,0,8.9994,estimated,0.50,1.20407,3.61220
80,25,80.5000,25.5000,1.0000,8.7056,2,0.576271,0.0288529,3.45763,0.397171,beyond_data,,2.10315,0.143000,2.10315,4.5400,0.143947,1.99462,1,0,9.0202,estimated,0.50,0.99731,2.99193
81,25,81.5000,25.5000,1.0000,6.7056,2,0.559322,0.0288529,3.35593,0.500465,beyond_data,,1.61998,0.143000,1.61998,4.5400,0.143688,1.55863,1,1,9.0364,estimated,0.50,0.77932,2.33795
82,25,82.5000,25.5000,1.0000,4.7056,2,0.542373,0.0288529,3.25424,0.691563,beyond_data,,1.13681,0.143000,1.13681,4.5400,0.143492,1.10582,1,1,9.0488,estimated,0.50,0.55291,1.65873
83,25,83.5000,25.5000,1.0000,2.7056,2,0.525424,0.0288529,3.15254,1.165180,beyond_data,,0.65364,0.143000,0.65364,4.5400,0.143346,0.64105,1,1,9.0580,estimated,0.50,0.32052,0.96157
84,25,84.5000,25.5000,1.0000,0.7056,2,0.508475,0.0288529,3.05085,4.323595,beyond_data,,0.17047,0.143000,0.17047,4.5400,0.143239,0.16819,1,1,9.0648,estimated,0.50,0.08410,0.25229
0,26,0.5000,26.5000,1.0000,1.0000,5,0.508475,0.0288529,3.05085,3.050847,beyond_data,,0.24158,0.143000,0.24158,4.5400,0.143264,0.23802,1,1,9.0632,estimated,0.50,0.11901,0.35703
1,26,1.5000,26.5000,1.0000,3.0000,5,0.525424,0.0288529,3.15254,1.050847,beyond_data,,0.72475,0.143000,0.72475,4.5400,0.143379,0.70947,1,1,9.0559,estimated,0.50,0.35473,1.06420
2,26,2.5000,26.5000,1.0000,5.0000,5,0.542373,0.0288529,3.25424,0.650847,beyond_data,,1.20792,0.143000,1.20792,4.5400,0.143536,1.17214,1,1,9.0460,estimated,0.50,0.58607,1.75821
3,26,3.5000,26.5000,1.0000,7.0000,5,0.559322,0.0288529,3.35593,0.479419,beyond_data,,1.69109,0.143000,1.69109,4.5400,0.143744,1.62200,1,1,9.0329,estimated,0.50,0.81100,2.43301
4,26,4.5000,26.5000,1.0000,9.0000,5,0.576271,0.0288529,3.45763,0.384181,beyond_data,,2.17426,0.143000,2.17426,4.5400,0.144017,2.05406,1,0,9.0158,estimated,0.50,1.02703,3.08109
5,26,5.5000,26.5000,1.0000,11.0000,5,0.593220,0.0288529,3.55932,0.323575,beyond_data,,2.65743,0.143000,2.65743,4.5400,0.144366,2.46261,1,0,8.9940,estimated,0.50,1.23131,3.69392
6,26,6.5000,26.5000,1.0000,13.0000,5,0.610169,0.0288529,3.66102,0.281617,too_firm,,3.14060,0.143000,3.14060,4.5400,0.144799,2.84183,1,0,8.9671,estimated,0.50,1.42092,4.26275
7,26,7.5000,26.5000,1.0000,15.0000,5,0.627119,0.0288529,3.76271,0.250847,too_firm,,3.62377,0.143000,3.62377,4.5400,0.145324,3.18654,1,0,8.9347,estimated,0.50,1.59327,4.77981
8,26,8.5000,26.5000,1.0000,17.0000,5,0.644068,0.0288529,3.86441,0.227318,ok,0.144089,,0.144089,3.86441,4.5056,0.145923,3.49607,1,0,8.8980,estimated,0.50,1.74803,5.24410
9,26,9.5000,26.5000,1.0000,19.0000,5,0.661017,0.0288529,3.96610,0.208742,ok,0.145647,,0.145647,3.96610,4.4574,0.146609,3.76628,1,0,8.8564,estimated,0.50,1.88314,5.64942
10,26,10.5000,26.5000,1.0000,21.0000,5,0.677966,0.0288529,4.06780,0.193705,ok,0.147041,,0.147041,4.06780,4.4152,0.147379,3.99555,1,0,8.8101,estimated,0.50,1.99777,5.99332
11,26,11.5000,26.5000,1.0000,23.0000,5,0.694915,0.0288529,4.16949,0.181282,ok,0.148296,,0.148296,4.16949,4.3778,0.148216,4.18701,1,0,8.7604,estimated,0.50,2.09351,6.28052
12,26,12.5000,26.5000,1.0000,25.0000,5,0.711864,0.0288529,4.27119,0.170847,ok,0.149432,,0.149432,4.27119,4.3446,0.149098,4.34595,1,0,8.7086,estimated,0.50,2.17297,6.51892
13,26,13.5000,26.5000,1.0000,27.0000,5,0.728814,0.0288529,4.37288,0.161959,ok,0.150464,,0.150464,4.37288,4.3148,0.149994,4.48026,1,0,8.6565,estimated,0.50,2.24013,6.72038
14,26,14.5000,26.5000,1.0000,29.0000,5,0.745763,0.0288529,4.47458,0.154296,ok,0.151407,,0.151407,4.47458,4.2879,0.150903,4.59177,1,0,8.6044,estimated,0.50,2.29588,6.88765
15,26,15.5000,26.5000,1.0000,31.0000,5,0.762712,0.0288529,4.57627,0.147622,ok,0.152271,,0.152271,4.57627,4.2635,0.151799,4.68809,1,0,8.5536,estimated,0.50,2.34404,7.03213
16,26,16.5000,26.5000,1.0000,33.0000,5,0.779661,0.0288529,4.67797,0.141757,ok,0.153066,,0.153066,4.67797,4.2414,0.152676,4.77202,1,0,8.5045,estimated,0.50,2.38601,7.15803
17,26,17.5000,26.5000,1.0000,35.0000,5,0.796610,0.0288529,4.77966,0.136562,ok,0.153800,,0.153800,4.77966,4.2212,0.153536,4.84441,1,0,8.4569,estimated,0.50,2.42220,7.26661
18,26,18.5000,26.5000,1.0000,37.0000,5,0.813559,0.0288529,4.88136,0.131929,ok,0.154480,,0.154480,4.88136,4.2026,0.154388,4.90425,1,0,8.4102,estimated,0.50,2.45212,7.35637
19,26,19.5000,26.5000,1.0000,39.0000,5,0.830508,0.0288529,4.98305,0.127771,ok,0.155111,,0.155111,4.98305,4.1855,0.155247,4.94892,1,0,8.3637,estimated,0.50,2.47446,7.42338
20,26,20.5000,26.5000,1.0000,41.0000,5,0.847458,0.0288529,5.08475,0.124018,ok,0.155699,,0.155699,5.08475,4.1697,0.156130,4.97468,1,0,8.3163,estimated,0.50,2.48734,7.46202
21,26,21.5000,26.5000,1.0000,43.0000,5,0.864407,0.0288529,5.18644,0.120615,ok,0.156248,,0.156248,5.18644,4.1550,0.157059,4.97725,1,0,8.2672,estimated,0.50,2.48863,7.46588
22,26,22.5000,26.5000,1.0000,45.0000,5,0.881356,0.0288529,5.28814,0.117514,ok,0.156761,,0.156761,5.28814,4.1414,0.158050,5.07218,1,0,8.2153,estimated,0.50,2.53609,7.60827
23,26,23.5000,26.5000,1.0000,47.0000,5,0.898305,0.0288529,5.38983,0.114677,ok,0.157242,,0.157242,5.38983,4.1288,0.159122,5.18003,1,0,8.1599,estimated,0.50,2.59001,7.77004
24,26,24.5000,26.5000,1.0000,49.0000,5,0.915254,0.0288529,5.49153,0.112072,ok,0.158321,,0.158321,5.49153,4.1006,0.160275,5.27456,1,0,8.1013,estimated,0.50,2.63728,7.91184
25,26,25.5000,26.5000,1.0000,51.0000,5,0.932203,0.0288529,5.59322,0.109671,ok,0.159361,,0.159361,5.59322,4.0739,0.161527,5.35432,1,0,8.0385,estimated,0.50,2.67716,8.03148
26,26,26.5000,26.5000,1.0000,53.0000,5,0.949153,0.0288529,5.69492,0.107451,ok,0.160364,,0.160364,5.69492,4.0484,0.162880,5.41969,1,0,7.9717,estimated,0.50,2.70984,8.12953
27,26,27.5000,26.5000,1.0000,55.0000,5,0.949153,0.0288529,5.69492,0.103544,ok,0.162233,,0.162233,5.69492,4.0017,0.164312,5.47359,1,0,7.9022,estimated,0.50,2.73680,8.21039
28,26,28.5000,26.5000,1.0000,57.0000,5,0.949153,0.0288529,5.69492,0.099911,ok,0.164103,,0.164103,5.69492,3.9562,0.165822,5.51691,1,0,7.8303,estimated,0.50,2.75845,8.27536
29,26,29.5000,26.5000,1.0000,59.0000,5,0.949153,0.0288529,5.69492,0.096524,ok,0.165972,,0.165972,5.69492,3.9116,0.167423,5.54886,1,0,7.7554,estimated,0.50,2.77443,8.32329
30,26,30.5000,26.5000,1.0000,61.0000,5,0.949153,0.0288529,5.69492,0.093359,ok,0.167841,,0.167841,5.69492,3.8680,0.169089,5.57296,1,0,7.6790,estimated,0.50,2.78648,8.35944
31,26,31.5000,26.5000,1.0000,63.0000,5,0.949153,0.0288529,5.69492,0.090395,ok,0.169711,,0.169711,5.69492,3.8254,0.170800,5.59151,1,0,7.6021,estimated,0.50,2.79575,8.38726
32,26,32.5000,26.5000,1.0000,65.0000,5,0.949153,0.0288529,5.69492,0.087614,ok,0.171580,,0.171580,5.69492,3.7837,0.172537,5.60662,1,0,7.5255,estimated,0.50,2.80331,8.40993
33,26,33.5000,26.5000,1.0000,67.0000,5,0.949153,0.0288529,5.69492,0.084999,ok,0.173449,,0.173449,5.69492,3.7430,0.174280,5.62032,1,0,7.4502,estimated,0.50,2.81016,8.43048
34,26,34.5000,26.5000,1.0000,69.0000,5,0.949153,0.0288529,5.69492,0.082535,ok,0.175319,,0.175319,5.69492,3.7031,0.176009,5.63459,1,0,7.3771,estimated,0.50,2.81729,8.45188
35,26,35.5000,26.5000,1.0000,71.0000,5,0.949153,0.0288529,5.69492,0.080210,ok,0.177188,,0.177188,5.69492,3.6640,0.177696,5.65163,1,0,7.3070,estimated,0.50,2.82582,8.47745
36,26,36.5000,26.5000,1.0000,73.0000,5,0.949153,0.0288529,5.69492,0.078013,ok,0.179057,,0.179057,5.69492,3.6257,0.179317,5.67329,1,0,7.2410,estimated,0.50,2.83665,8.50994
37,26,37.5000,26.5000,1.0000,75.0000,5,0.949153,0.0288529,5.69492,0.075932,ok,0.180779,,0.180779,5.69492,3.5912,0.180831,5.68988,1,0,7.1803,estimated,0.50,2.84494,8.53482
38,26,38.5000,26.5000,1.0000,77.0000,5,0.949153,0.0288529,5.69492,0.073960,ok,0.182351,,0.182351,5.69492,3.5602,0.182191,5.71005,1,0,7.1268,estimated,0.50,2.85503,8.56508
39,26,39.5000,26.5000,1.0000,79.0000,5,0.949153,0.0288529,5.69492,0.072088,ok,0.183924,,0.183924,5.69492,3.5298,0.183341,5.74889,1,0,7.0821,estimated,0.50,2.87445,8.62334
40,26,40.5000,26.5000,1.0000,81.0000,5,0.949153,0.0288529,5.69492,0.070308,ok,0.185496,,0.185496,5.69492,3.4999,0.184221,5.81129,1,0,7.0482,estimated,0.50,2.90565,8.71694
41,26,41.5000,26.5000,1.0000,83.0000,5,0.949153,0.0288529,5.69492,0.068613,ok,0.187068,,0.187068,5.69492,3.4705,0.184775,5.90234,1,0,7.0271,estimated,0.50,2.95117,8.85351
42,26,42.5000,26.5000,1.0000,84.7056,2,0.949153,0.0288529,5.69492,0.067232,ok,0.188409,,0.188409,5.69492,3.4458,0.184958,6.00622,1,0,7.0202,estimated,0.50,3.00311,9.00934
43,26,43.5000,26.5000,1.0000,82.7056,2,0.949153,0.0288529,5.69492,0.068858,ok,0.186837,,0.186837,5.69492,3.4748,0.184717,5.88688,1,0,7.0293,estimated,0.50,2.94344,8.83032
44,26,44.5000,26.5000,1.0000,80.7056,2,0.949153,0.0288529,5.69492,0.070564,ok,0.185264,,0.185264,5.69492,3.5043,0.184112,5.80032,1,0,7.0524,estimated,0.50,2.90016,8.70048
45,26,45.5000,26.5000,1.0000,78.7056,2,0.949153,0.0288529,5.69492,0.072357,ok,0.183692,,0.183692,5.69492,3.5343,0.183188,5.74169,1,0,7.0880,estimated,0.50,2.87084,8.61253
46,26,46.5000,26.5000,1.0000,76.7056,2,0.949153,0.0288529,5.69492,0.074244,ok,0.182120,,0.182120,5.69492,3.5648,0.182004,5.70589,1,0,7.1341,estimated,0.50,2.85295,8.55884
47,26,47.5000,26.5000,1.0000,74.7056,2,0.949153,0.0288529,5.69492,0.076231,ok,0.180548,,0.180548,5.69492,3.5958,0.180618,5.68812,1,0,7.1888,estimated,0.50,2.84406,8.53219
48,26,48.5000,26.5000,1.0000,72.7056,2,0.949153,0.0288529,5.69492,0.078328,ok,0.178782,,0.178782,5.69492,3.6313,0.179085,5.66967,1,0,7.2504,estimated,0.50,2.83484,8.50451
49,26,49.5000,26.5000,1.0000,70.7056,2,0.949153,0.0288529,5.69492,0.080544,ok,0.176913,,0.176913,5.69492,3.6697,0.177452,5.64882,1,0,7.3171,estimated,0.50,2.82441,8.47323
50,26,50.5000,26.5000,1.0000,68.7056,2,0.949153,0.0288529,5.69492,0.082889,ok,0.175043,,0.175043,5.69492,3.7089,0.175754,5.63260,1,0,7.3878,estimated,0.50,2.81630,8.44891
51,26,51.5000,26.5000,1.0000,66.7056,2,0.949153,0.0288529,5.69492,0.085374,ok,0.173174,,0.173174,5.69492,3.7489,0.174019,5.61877,1,0,7.4614,estimated,0.50,2.80939,8.42816
52,26,52.5000,26.5000,1.0000,64.7056,2,0.949153,0.0288529,5.69492,0.088013,ok,0.171305,,0.171305,5.69492,3.7898,0.172272,5.60531,1,0,7.5371,estimated,0.50,2.80265,8.40796
53,26,53.5000,26.5000,1.0000,62.7056,2,0.949153,0.0288529,5.69492,0.090820,ok,0.169435,,0.169435,5.69492,3.8316,0.170533,5.59024,1,0,7.6140,estimated,0.50,2.79512,8.38536
54,26,54.5000,26.5000,1.0000,60.7056,2,0.949153,0.0288529,5.69492,0.093812,ok,0.167566,,0.167566,5.69492,3.8744,0.168823,5.57153,1,0,7.6911,estimated,0.50,2.78576,8.35729
55,26,55.5000,26.5000,1.0000,58.7056,2,0.949153,0.0288529,5.69492,0.097008,ok,0.165697,,0.165697,5.69492,3.9181,0.167160,5.54700,1,0,7.7676,estimated,0.50,2.77350,8.32051
56,26,56.5000,26.5000,1.0000,56.7056,2,0.949153,0.0288529,5.69492,0.100429,ok,0.163827,,0.163827,5.69492,3.9628,0.165563,5.51432,1,0,7.8425,estimated,0.50,2.75716,8.27148
57,26,57.5000,26.5000,1.0000,54.7056,2,0.949153,0.0288529,5.69492,0.104101,ok,0.161958,,0.161958,5.69492,4.0085,0.164061,5.46994,1,0,7.9143,estimated,0.50,2.73497,8.20492
58,26,58.5000,26.5000,1.0000,52.7056,2,0.949153,0.0288529,5.69492,0.108051,ok,0.160089,,0.160089,5.69492,4.0553,0.162638,5.41471,1,0,7.9836,estimated,0.50,2.70735,8.12206
59,26,59.5000,26.5000,1.0000,50.7056,2,0.932203,0.0288529,5.59322,0.110308,ok,0.159081,,0.159081,5.59322,4.0810,0.161296,5.34777,1,0,8.0500,estimated,0.50,2.67388,8.02165
60,26,60.5000,26.5000,1.0000,48.7056,2,0.915254,0.0288529,5.49153,0.112749,ok,0.158036,,0.158036,5.49153,4.1080,0.160056,5.26625,1,0,8.1124,estimated,0.50,2.63312,7.89937
61,26,61.5000,26.5000,1.0000,46.7056,2,0.898305,0.0288529,5.38983,0.115400,ok,0.157118,,0.157118,5.38983,4.1320,0.158911,5.17021,1,0,8.1708,estimated,0.50,2.58510,7.75531
62,26,62.5000,26.5000,1.0000,44.7056,2,0.881356,0.0288529,5.28814,0.118288,ok,0.156632,,0.156632,5.28814,4.1449,0.157849,5.06054,1,0,8.2258,estimated,0.50,2.53027,7.59081
63,26,63.5000,26.5000,1.0000,42.7056,2,0.864407,0.0288529,5.18644,0.121446,ok,0.156112,,0.156112,5.18644,4.1586,0.156866,4.99177,1,0,8.2773,estimated,0.50,2.49588,7.48765
64,26,64.5000,26.5000,1.0000,40.7056,2,0.847458,0.0288529,5.08475,0.124915,ok,0.155557,,0.155557,5.08475,4.1735,0.155944,4.98594,1,0,8.3263,estimated,0.50,2.49297,7.47891
65,26,65.5000,26.5000,1.0000,38.7056,2,0.830508,0.0288529,4.98305,0.128742,ok,0.154962,,0.154962,4.98305,4.1895,0.155063,4.95747,1,0,8.3735,estimated,0.50,2.47873,7.43620
66,26,66.5000,26.5000,1.0000,36.7056,2,0.813559,0.0288529,4.88136,0.132987,ok,0.154323,,0.154323,4.88136,4.2069,0.154205,4.91060,1,0,8.4202,estimated,0.50,2.45530,7.36589
67,26,67.5000,26.5000,1.0000,34.7056,2,0.796610,0.0288529,4.77966,0.137720,ok,0.153634,,0.153634,4.77966,4.2257,0.153351,4.84893,1,0,8.4670,estimated,0.50,2.42447,7.27340
68,26,68.5000,26.5000,1.0000,32.7056,2,0.779661,0.0288529,4.67797,0.143032,ok,0.152890,,0.152890,4.67797,4.2463,0.152488,4.77484,1,0,8.5150,estimated,0.50,2.38742,7.16226
69,26,69.5000,26.5000,1.0000,30.7056,2,0.762712,0.0288529,4.57627,0.149037,ok,0.152084,,0.152084,4.57627,4.2688,0.151608,4.68903,1,0,8.5644,estimated,0.50,2.34452,7.03355
70,26,70.5000,26.5000,1.0000,28.7056,2,0.745763,0.0288529,4.47458,0.155878,ok,0.151208,,0.151208,4.47458,4.2935,0.150711,4.59032,1,0,8.6154,estimated,0.50,2.29516,6.88548
71,26,71.5000,26.5000,1.0000,26.7056,2,0.728814,0.0288529,4.37288,0.163744,ok,0.150252,,0.150252,4.37288,4.3209,0.149803,4.47559,1,0,8.6676,estimated,0.50,2.23779,6.71338
72,26,72.5000,26.5000,1.0000,24.7056,2,0.711864,0.0288529,4.27119,0.172883,ok,0.149204,,0.149204,4.27119,4.3512,0.148911,4.33700,1,0,8.7195,estimated,0.50,2.16850,6.50550
73,26,73.5000,26.5000,1.0000,22.7056,2,0.694915,0.0288529,4.16949,0.183633,ok,0.148051,,0.148051,4.16949,4.3851,0.148037,4.17265,1,0,8.7710,estimated,0.50,2.08633,6.25898
74,26,74.5000,26.5000,1.0000,20.7056,2,0.677966,0.0288529,4.06780,0.196459,ok,0.146776,,0.146776,4.06780,4.4232,0.147211,3.97473,1,0,8.8202,estimated,0.50,1.98737,5.96210
75,26,75.5000,26.5000,1.0000,18.7056,2,0.661017,0.0288529,3.96610,0.212027,ok,0.145359,,0.145359,3.96610,4.4663,0.146456,3.73827,1,0,8.8657,estimated,0.50,1.86914,5.60741
76,26,76.5000,26.5000,1.0000,16.7056,2,0.644068,0.0288529,3.86441,0.231324,ok,0.143775,,0.143775,3.86441,4.5155,0.145789,3.46059,1,0,8.9062,estimated,0.50,1.73029,5.19088
77,26,77.5000,26.5000,1.0000,14.7056,2,0.627119,0.0288529,3.76271,0.255869,too_firm,,3.55265,0.143000,3.55265,4.5400,0.145202,3.14477,1,0,8.9422,estimated,0.50,1.57238,4.71715
78,26,78.5000,26.5000,1.0000,12.7056,2,0.610169,0.0288529,3.66102,0.288141,beyond_data,,3.06948,0.143000,3.06948,4.5400,0.144695,2.79334,1,0,8.9735,estimated,0.50,1.39667,4.19000
79,26,79.5000,26.5000,1.0000,10.7056,2,0.593220,0.0288529,3.55932,0.332472,beyond_data,,2.58631,0.143000,2.58631,4.5400,0.144279,2.40816,1,0,8.9994,estimated,0.50,1.20408,3.61224
80,26,80.5000,26.5000,1.0000,8.7056,2,0.576271,0.0288529,3.45763,0.397171,beyond_data,,2.10315,0.143000,2.10315,4.5400,0.143947,1.99463,1,0,9.0202,estimated,0.50,0.99732,2.99195
81,26,81.5000,26.5000,1.0000,6.7056,2,0.559322,0.0288529,3.35593,0.500465,beyond_data,,1.61998,0.143000,1.61998,4.5400,0.143688,1.55864,1,1,9.0364,estimated,0.50,0.77932,2.33796
82,26,82.5000,26.5000,1.0000,4.7056,2,0.542373,0.0288529,3.25424,0.691563,beyond_data,,1.13681,0.143000,1.13681,4.5400,0.143492,1.10582,1,1,9.0488,estimated,0.50,0.55291,1.65873
83,26,83.5000,26.5000,1.0000,2.7056,2,0.525424,0.0288529,3.15254,1.165180,beyond_data,,0.65364,0.143000,0.65364,4.5400,0.143346,0.64105,1,1,9.0580,estimated,0.50,0.32052,0.96157
84,26,84.5000,26.5000,1.0000,0.7056,2,0.508475,0.0288529,3.05085,4.323595,beyond_data,,0.17047,0.143000,0.17047,4.5400,0.143239,0.16819,1,1,9.0648,estimated,0.50,0.08410,0.25229
0,27,0.5000,27.5000,1.0000,1.0000,5,0.508475,0.0288529,3.05085,3.050847,beyond_data,,0.24158,0.143000,0.24158,4.5400,0.143264,0.23802,1,1,9.0632,estimated,0.50,0.11901,0.35703
1,27,1.5000,27.5000,1.0000,3.0000,5,0.525424,0.0288529,3.15254,1.050847,beyond_data,,0.72475,0.143000,0.72475,4.5400,0.143379,0.70947,1,1,9.0559,estimated,0.50,0.35473,1.06420
2,27,2.5000,27.5000,1.0000,5.0000,5,0.542373,0.0288529,3.25424,0.650847,beyond_data,,1.20792,0.143000,1.20792,4.5400,0.143536,1.17214,1,1,9.0460,estimated,0.50,0.58607,1.75821
3,27,3.5000,27.5000,1.0000,7.0000,5,0.559322,0.0288529,3.35593,0.479419,beyond_data,,1.69109,0.143000,1.69109,4.5400,0.143744,1.62201,1,1,9.0329,estimated,0.50,0.81100,2.43301
4,27,4.5000,27.5000,1.0000,9.0000,5,0.576271,0.0288529,3.45763,0.384181,beyond_data,,2.17426,0.143000,2.17426,4.5400,0.144017,2.05407,1,0,9.0158,estimated,0.50,1.02703,3.08110
5,27,5.5000,27.5000,1.0000,11.0000,5,0.593220,0.0288529,3.55932,0.323575,beyond_data,,2.65743,0.143000,2.65743,4.5400,0.144366,2.46263,1,0,8.9940,estimated,0.50,1.23131,3.69394
6,27,6.5000,27.5000,1.0000,13.0000,5,0.610169,0.0288529,3.66102,0.281617,too_firm,,3.14060,0.143000,3.14060,4.5400,0.144799,2.84187,1,0,8.9671,estimated,0.50,1.42093,4.26280
7,27,7.5000,27.5000,1.0000,15.0000,5,0.627119,0.0288529,3.76271,0.250847,too_firm,,3.62377,0.143000,3.62377,4.5400,0.145323,3.18662,1,0,8.9348,estimated,0.50,1.59331,4.77993
8,27,8.5000,27.5000,1.0000,17.0000,5,0.644068,0.0288529,3.86441,0.227318,ok,0.144089,,0.144089,3.86441,4.5056,0.145923,3.49621,1,0,8.8981,estimated,0.50,1.74810,5.24431
9,27,9.5000,27.5000,1.0000,19.0000,5,0.661017,0.0288529,3.96610,0.208742,ok,0.145647,,0.145647,3.96610,4.4574,0.146607,3.76653,1,0,8.8565,estimated,0.50,1.88326,5.64979
10,27,10.5000,27.5000,1.0000,21.0000,5,0.677966,0.0288529,4.06780,0.193705,ok,0.147041,,0.147041,4.06780,4.4152,0.147377,3.99597,1,0,8.8103,estimated,0.50,1.99798,5.99395
11,27,11.5000,27.5000,1.0000,23.0000,5,0.694915,0.0288529,4.16949,0.181282,ok,0.148296,,0.148296,4.16949,4.3778,0.148213,4.18772,1,0,8.7606,estimated,0.50,2.09386,6.28158
12,27,12.5000,27.5000,1.0000,25.0000,5,0.711864,0.0288529,4.27119,0.170847,ok,0.149432,,0.149432,4.27119,4.3446,0.149093,4.34712,1,0,8.7089,estimated,0.50,2.17356,6.52067
13,27,13.5000,27.5000,1.0000,27.0000,5,0.728814,0.0288529,4.37288,0.161959,ok,0.150464,,0.150464,4.37288,4.3148,0.149987,4.48205,1,0,8.6570,estimated,0.50,2.24103,6.72308
14,27,14.5000,27.5000,1.0000,29.0000,5,0.745763,0.0288529,4.47458,0.154296,ok,0.151407,,0.151407,4.47458,4.2879,0.150891,4.59463,1,0,8.6051,estimated,0.50,2.29732,6.89195
15,27,15.5000,27.5000,1.0000,31.0000,5,0.762712,0.0288529,4.57627,0.147622,ok,0.152271,,0.152271,4.57627,4.2635,0.151780,4.69254,1,0,8.5547,estimated,0.50,2.34627,7.03880
16,27,16.5000,27.5000,1.0000,33.0000,5,0.779661,0.0288529,4.67797,0.141757,ok,0.153066,,0.153066,4.67797,4.2414,0.152648,4.77875,1,0,8.5060,estimated,0.50,2.38937,7.16812
17,27,17.5000,27.5000,1.0000,35.0000,5,0.796610,0.0288529,4.77966,0.136562,ok,0.153800,,0.153800,4.77966,4.2212,0.153495,4.85433,1,0,8.4591,estimated,0.50,2.42717,7.28150
18,27,18.5000,27.5000,1.0000,37.0000,5,0.813559,0.0288529,4.88136,0.131929,ok,0.154480,,0.154480,4.88136,4.2026,0.154331,4.91849,1,0,8.4133,estimated,0.50,2.45924,7.37773
19,27,19.5000,27.5000,1.0000,39.0000,5,0.830508,0.0288529,4.98305,0.127771,ok,0.155111,,0.155111,4.98305,4.1855,0.155168,4.96879,1,0,8.3679,estimated,0.50,2.48439,7.45318
20,27,20.5000,27.5000,1.0000,41.0000,5,0.847458,0.0288529,5.08475,0.124018,ok,0.155699,,0.155699,5.08475,4.1697,0.156024,5.00160,1,0,8.3220,estimated,0.50,2.50080,7.50240
21,27,21.5000,27.5000,1.0000,43.0000,5,0.864407,0.0288529,5.18644,0.120615,ok,0.156248,,0.156248,5.18644,4.1550,0.156919,5.01264,1,0,8.2745,estimated,0.50,2.50632,7.51896
22,27,22.5000,27.5000,1.0000,45.0000,5,0.881356,0.0288529,5.28814,0.117514,ok,0.156761,,0.156761,5.28814,4.1414,0.157872,5.09138,1,0,8.2246,estimated,0.50,2.54569,7.63707
23,27,23.5000,27.5000,1.0000,47.0000,5,0.898305,0.0288529,5.38983,0.114677,ok,0.157242,,0.157242,5.38983,4.1288,0.158901,5.20389,1,0,8.1713,estimated,0.50,2.60194,7.80583
24,27,24.5000,27.5000,1.0000,49.0000,5,0.915254,0.0288529,5.49153,0.112072,ok,0.158321,,0.158321,5.49153,4.1006,0.160007,5.30333,1,0,8.1148,estimated,0.50,2.65167,7.95500
25,27,25.5000,27.5000,1.0000,51.0000,5,0.932203,0.0288529,5.59322,0.109671,ok,0.159361,,0.159361,5.59322,4.0739,0.161209,5.38809,1,0,8.0543,estimated,0.50,2.69404,8.08213
26,27,26.5000,27.5000,1.0000,53.0000,5,0.949153,0.0288529,5.69492,0.107451,ok,0.160364,,0.160364,5.69492,4.0484,0.162512,5.45827,1,0,7.9898,estimated,0.50,2.72914,8.18741
27,27,27.5000,27.5000,1.0000,55.0000,5,0.966102,0.0288529,5.79661,0.105393,ok,0.161331,,0.161331,5.79661,4.0241,0.163913,5.51473,1,0,7.9215,estimated,0.50,2.75736,8.27209
28,27,28.5000,27.5000,1.0000,57.0000,5,0.966102,0.0288529,5.79661,0.101695,ok,0.163168,,0.163168,5.79661,3.9788,0.165373,5.56225,1,0,7.8515,estimated,0.50,2.78112,8.34337
29,27,29.5000,27.5000,1.0000,59.0000,5,0.966102,0.0288529,5.79661,0.098248,ok,0.165004,,0.165004,5.79661,3.9345,0.166930,5.59766,1,0,7.7783,estimated,0.50,2.79883,8.39650
30,27,30.5000,27.5000,1.0000,61.0000,5,0.966102,0.0288529,5.79661,0.095026,ok,0.166841,,0.166841,5.79661,3.8912,0.168555,5.62452,1,0,7.7033,estimated,0.50,2.81226,8.43678
31,27,31.5000,27.5000,1.0000,63.0000,5,0.966102,0.0288529,5.79661,0.092010,ok,0.168677,,0.168677,5.79661,3.8489,0.170230,5.64514,1,0,7.6275,estimated,0.50,2.82257,8.46770
32,27,32.5000,27.5000,1.0000,65.0000,5,0.966102,0.0288529,5.79661,0.089179,ok,0.170514,,0.170514,5.79661,3.8074,0.171937,5.66167,1,0,7.5518,estimated,0.50,2.83084,8.49251
33,27,33.5000,27.5000,1.0000,67.0000,5,0.966102,0.0288529,5.79661,0.086517,ok,0.172351,,0.172351,5.79661,3.7668,0.173655,5.67627,1,0,7.4771,estimated,0.50,2.83813,8.51440
34,27,34.5000,27.5000,1.0000,69.0000,5,0.966102,0.0288529,5.79661,0.084009,ok,0.174187,,0.174187,5.79661,3.7271,0.175362,5.69105,1,0,7.4043,estimated,0.50,2.84552,8.53657
35,27,35.5000,27.5000,1.0000,71.0000,5,0.966102,0.0288529,5.79661,0.081642,ok,0.176024,,0.176024,5.79661,3.6882,0.177033,5.70822,1,0,7.3344,estimated,0.50,2.85411,8.56233
36,27,36.5000,27.5000,1.0000,73.0000,5,0.966102,0.0288529,5.79661,0.079406,ok,0.177860,,0.177860,5.79661,3.6501,0.178636,5.73031,1,0,7.2686,estimated,0.50,2.86516,8.59547
37,27,37.5000,27.5000,1.0000,75.0000,5,0.966102,0.0288529,5.79661,0.077288,ok,0.179697,,0.179697,5.79661,3.6128,0.180135,5.75784,1,0,7.2081,estimated,0.50,2.87892,8.63676
38,27,38.5000,27.5000,1.0000,77.0000,5,0.966102,0.0288529,5.79661,0.075281,ok,0.181290,,0.181290,5.79661,3.5811,0.181482,5.77795,1,0,7.1546,estimated,0.50,2.88898,8.66693
39,27,39.5000,27.5000,1.0000,79.0000,5,0.966102,0.0288529,5.79661,0.073375,ok,0.182834,,0.182834,5.79661,3.5508,0.182619,5.81713,1,0,7.1101,estimated,0.50,2.90856,8.72569
40,27,40.5000,27.5000,1.0000,81.0000,5,0.966102,0.0288529,5.79661,0.071563,ok,0.184379,,0.184379,5.79661,3.5211,0.183488,5.88033,1,0,7.0764,estimated,0.50,2.94017,8.82050
41,27,41.5000,27.5000,1.0000,83.0000,5,0.966102,0.0288529,5.79661,0.069839,ok,0.185923,,0.185923,5.79661,3.4918,0.184034,5.97268,1,0,7.0554,estimated,0.50,2.98634,8.95902
42,27,42.5000,27.5000,1.0000,84.7056,2,0.966102,0.0288529,5.79661,0.068432,ok,0.187241,,0.187241,5.79661,3.4673,0.184211,6.07808,1,0,7.0486,estimated,0.50,3.03904,9.11713
43,27,43.5000,27.5000,1.0000,82.7056,2,0.966102,0.0288529,5.79661,0.070087,ok,0.185696,,0.185696,5.79661,3.4961,0.183976,5.95700,1,0,7.0576,estimated,0.50,2.97850,8.93550
44,27,44.5000,27.5000,1.0000,80.7056,2,0.966102,0.0288529,5.79661,0.071824,ok,0.184151,,0.184151,5.79661,3.5254,0.183380,5.86921,1,0,7.0805,estimated,0.50,2.93460,8.80381
45,27,45.5000,27.5000,1.0000,78.7056,2,0.966102,0.0288529,5.79661,0.073649,ok,0.182607,,0.182607,5.79661,3.5553,0.182468,5.80984,1,0,7.1159,estimated,0.50,2.90492,8.71476
46,27,46.5000,27.5000,1.0000,76.7056,2,0.966102,0.0288529,5.79661,0.075570,ok,0.181062,,0.181062,5.79661,3.5856,0.181296,5.77378,1,0,7.1619,estimated,0.50,2.88689,8.66067
47,27,47.5000,27.5000,1.0000,74.7056,2,0.966102,0.0288529,5.79661,0.077593,ok,0.179426,,0.179426,5.79661,3.6183,0.179924,5.75490,1,0,7.2166,estimated,0.50,2.87745,8.63236
48,27,48.5000,27.5000,1.0000,72.7056,2,0.966102,0.0288529,5.79661,0.079727,ok,0.177590,,0.177590,5.79661,3.6557,0.178405,5.72668,1,0,7.2780,estimated,0.50,2.86334,8.59002
49,27,49.5000,27.5000,1.0000,70.7056,2,0.966102,0.0288529,5.79661,0.081982,ok,0.175753,,0.175753,5.79661,3.6939,0.176789,5.70556,1,0,7.3445,estimated,0.50,2.85278,8.55835
50,27,50.5000,27.5000,1.0000,68.7056,2,0.966102,0.0288529,5.79661,0.084369,ok,0.173917,,0.173917,5.79661,3.7329,0.175109,5.68907,1,0,7.4150,estimated,0.50,2.84454,8.53361
51,27,51.5000,27.5000,1.0000,66.7056,2,0.966102,0.0288529,5.79661,0.086898,ok,0.172080,,0.172080,5.79661,3.7727,0.173396,5.67473,1,0,7.4882,estimated,0.50,2.83736,8.51209
52,27,52.5000,27.5000,1.0000,64.7056,2,0.966102,0.0288529,5.79661,0.089584,ok,0.170244,,0.170244,5.79661,3.8134,0.171674,5.66036,1,0,7.5633,estimated,0.50,2.83018,8.49054
53,27,53.5000,27.5000,1.0000,62.7056,2,0.966102,0.0288529,5.79661,0.092442,ok,0.168407,,0.168407,5.79661,3.8550,0.169966,5.64384,1,0,7.6394,estimated,0.50,2.82192,8.46577
54,27,54.5000,27.5000,1.0000,60.7056,2,0.966102,0.0288529,5.79661,0.095487,ok,0.166571,,0.166571,5.79661,3.8975,0.168291,5.62304,1,0,7.7154,estimated,0.50,2.81152,8.43455
55,27,55.5000,27.5000,1.0000,58.7056,2,0.966102,0.0288529,5.79661,0.098740,ok,0.164734,,0.164734,5.79661,3.9410,0.166669,5.59571,1,0,7.7904,estimated,0.50,2.79786,8.39357
56,27,56.5000,27.5000,1.0000,56.7056,2,0.966102,0.0288529,5.79661,0.102223,ok,0.162898,,0.162898,5.79661,3.9854,0.165118,5.55954,1,0,7.8636,estimated,0.50,2.77977,8.33930
57,27,57.5000,27.5000,1.0000,54.7056,2,0.966102,0.0288529,5.79661,0.105960,ok,0.161061,,0.161061,5.79661,4.0309,0.163665,5.51092,1,0,7.9335,estimated,0.50,2.75546,8.26638
58,27,58.5000,27.5000,1.0000,52.7056,2,0.949153,0.0288529,5.69492,0.108051,ok,0.160089,,0.160089,5.69492,4.0553,0.162273,5.45311,1,0,8.0015,estimated,0.50,2.72655,8.17966
59,27,59.5000,27.5000,1.0000,50.7056,2,0.932203,0.0288529,5.59322,0.110308,ok,0.159081,,0.159081,5.59322,4.0810,0.160981,5.38132,1,0,8.0657,estimated,0.50,2.69066,8.07198
60,27,60.5000,27.5000,1.0000,48.7056,2,0.915254,0.0288529,5.49153,0.112749,ok,0.158036,,0.158036,5.49153,4.1080,0.159790,5.29479,1,0,8.1258,estimated,0.50,2.64740,7.94219
61,27,61.5000,27.5000,1.0000,46.7056,2,0.898305,0.0288529,5.38983,0.115400,ok,0.157118,,0.157118,5.38983,4.1320,0.158692,5.19383,1,0,8.1821,estimated,0.50,2.59691,7.79074
62,27,62.5000,27.5000,1.0000,44.7056,2,0.881356,0.0288529,5.28814,0.118288,ok,0.156632,,0.156632,5.28814,4.1449,0.157674,5.07950,1,0,8.2349,estimated,0.50,2.53975,7.61925
63,27,63.5000,27.5000,1.0000,42.7056,2,0.864407,0.0288529,5.18644,0.121446,ok,0.156112,,0.156112,5.18644,4.1586,0.156729,5.02666,1,0,8.2846,estimated,0.50,2.51333,7.53999
64,27,64.5000,27.5000,1.0000,40.7056,2,0.847458,0.0288529,5.08475,0.124915,ok,0.155557,,0.155557,5.08475,4.1735,0.155839,5.01242,1,0,8.3318,estimated,0.50,2.50621,7.51863
65,27,65.5000,27.5000,1.0000,38.7056,2,0.830508,0.0288529,4.98305,0.128742,ok,0.154962,,0.154962,4.98305,4.1895,0.154986,4.97697,1,0,8.3777,estimated,0.50,2.48849,7.46546
66,27,66.5000,27.5000,1.0000,36.7056,2,0.813559,0.0288529,4.88136,0.132987,ok,0.154323,,0.154323,4.88136,4.2069,0.154149,4.92455,1,0,8.4232,estimated,0.50,2.46228,7.38683
67,27,67.5000,27.5000,1.0000,34.7056,2,0.796610,0.0288529,4.77966,0.137720,ok,0.153634,,0.153634,4.77966,4.2257,0.153312,4.85865,1,0,8.4692,estimated,0.50,2.42932,7.28797
68,27,68.5000,27.5000,1.0000,32.7056,2,0.779661,0.0288529,4.67797,0.143032,ok,0.152890,,0.152890,4.67797,4.2463,0.152461,4.78142,1,0,8.5165,estimated,0.50,2.39071,7.17214
69,27,69.5000,27.5000,1.0000,30.7056,2,0.762712,0.0288529,4.57627,0.149037,ok,0.152084,,0.152084,4.57627,4.2688,0.151590,4.69338,1,0,8.5654,estimated,0.50,2.34669,7.04007
70,27,70.5000,27.5000,1.0000,28.7056,2,0.745763,0.0288529,4.47458,0.155878,ok,0.151208,,0.151208,4.47458,4.2935,0.150699,4.59312,1,0,8.6160,estimated,0.50,2.29656,6.88968
71,27,71.5000,27.5000,1.0000,26.7056,2,0.728814,0.0288529,4.37288,0.163744,ok,0.150252,,0.150252,4.37288,4.3209,0.149795,4.47735,1,0,8.6680,estimated,0.50,2.23867,6.71602
72,27,72.5000,27.5000,1.0000,24.7056,2,0.711864,0.0288529,4.27119,0.172883,ok,0.149204,,0.149204,4.27119,4.3512,0.148905,4.33815,1,0,8.7198,estimated,0.50,2.16907,6.50722
73,27,73.5000,27.5000,1.0000,22.7056,2,0.694915,0.0288529,4.16949,0.183633,ok,0.148051,,0.148051,4.16949,4.3851,0.148033,4.17335,1,0,8.7712,estimated,0.50,2.08667,6.26002
74,27,74.5000,27.5000,1.0000,20.7056,2,0.677966,0.0288529,4.06780,0.196459,ok,0.146776,,0.146776,4.06780,4.4232,0.147209,3.97515,1,0,8.8203,estimated,0.50,1.98757,5.96272
75,27,75.5000,27.5000,1.0000,18.7056,2,0.661017,0.0288529,3.96610,0.212027,ok,0.145359,,0.145359,3.96610,4.4663,0.146455,3.73852,1,0,8.8657,estimated,0.50,1.86926,5.60777
76,27,76.5000,27.5000,1.0000,16.7056,2,0.644068,0.0288529,3.86441,0.231324,ok,0.143775,,0.143775,3.86441,4.5155,0.145788,3.46073,1,0,8.9063,estimated,0.50,1.73036,5.19109
77,27,77.5000,27.5000,1.0000,14.7056,2,0.627119,0.0288529,3.76271,0.255869,too_firm,,3.55265,0.143000,3.55265,4.5400,0.145202,3.14484,1,0,8.9423,estimated,0.50,1.57242,4.71726
78,27,78.5000,27.5000,1.0000,12.7056,2,0.610169,0.0288529,3.66102,0.288141,beyond_data,,3.06948,0.143000,3.06948,4.5400,0.144695,2.79337,1,0,8.9736,estimated,0.50,1.39669,4.19006
79,27,79.5000,27.5000,1.0000,10.7056,2,0.593220,0.0288529,3.55932,0.332472,beyond_data,,2.58631,0.143000,2.58631,4.5400,0.144279,2.40818,1,0,8.9994,estimated,0.50,1.20409,3.61227
80,27,80.5000,27.5000,1.0000,8.7056,2,0.576271,0.0288529,3.45763,0.397171,beyond_data,,2.10315,0.143000,2.10315,4.5400,0.143947,1.99464,1,0,9.0202,estimated,0.50,0.99732,2.99196
81,27,81.5000,27.5000,1.0000,6.7056,2,0.559322,0.0288529,3.35593,0.500465,beyond_data,,1.61998,0.143000,1.61998,4.5400,0.143688,1.55864,1,1,9.0364,estimated,0.50,0.77932,2.33796
82,27,82.5000,27.5000,1.0000,4.7056,2,0.542373,0.0288529,3.25424,0.691563,beyond_data,,1.13681,0.143000,1.13681,4.5400,0.143492,1.10582,1,1,9.0488,estimated,0.50,0.55291,1.65873
83,27,83.5000,27.5000,1.0000,2.7056,2,0.525424,0.0288529,3.15254,1.165180,beyond_data,,0.65364,0.143000,0.65364,4.5400,0.143346,0.64105,1,1,9.0580,estimated,0.50,0.32052,0.96157
84,27,84.5000,27.5000,1.0000,0.7056,2,0.508475,0.0288529,3.05085,4.323595,beyond_data,,0.17047,0.143000,0.17047,4.5400,0.143239,0.16819,1,1,9.0648,estimated,0.50,0.08410,0.25229
0,28,0.5000,28.5000,1.0000,1.0000,5,0.508475,0.0288529,3.05085,3.050847,beyond_data,,0.24158,0.143000,0.24158,4.5400,0.143264,0.23802,1,1,9.0632,estimated,0.50,0.11901,0.35703
1,28,1.5000,28.5000,1.0000,3.0000,5,0.525424,0.0288529,3.15254,1.050847,beyond_data,,0.72475,0.143000,0.72475,4.5400,0.143379,0.70947,1,1,9.0559,estimated,0.50,0.35473,1.06420
2,28,2.5000,28.5000,1.0000,5.0000,5,0.542373,0.0288529,3.25424,0.650847,beyond_data,,1.20792,0.143000,1.20792,4.5400,0.143536,1.17214,1,1,9.0460,estimated,0.50,0.58607,1.75821
3,28,3.5000,28.5000,1.0000,7.0000,5,0.559322,0.0288529,3.35593,0.479419,beyond_data,,1.69109,0.143000,1.69109,4.5400,0.143744,1.62201,1,1,9.0329,estimated,0.50,0.81100,2.43301
4,28,4.5000,28.5000,1.0000,9.0000,5,0.576271,0.0288529,3.45763,0.384181,beyond_data,,2.17426,0.143000,2.17426,4.5400,0.144017,2.05407,1,0,9.0158,estimated,0.50,1.02703,3.08110
5,28,5.5000,28.5000,1.0000,11.0000,5,0.593220,0.0288529,3.55932,0.323575,beyond_data,,2.65743,0.143000,2.65743,4.5400,0.144365,2.46264,1,0,8.9940,estimated,0.50,1.23132,3.69395
6,28,6.5000,28.5000,1.0000,13.0000,5,0.610169,0.0288529,3.66102,0.281617,too_firm,,3.14060,0.143000,3.14060,4.5400,0.144799,2.84189,1,0,8.9671,estimated,0.50,1.42094,4.26283
7,28,7.5000,28.5000,1.0000,15.0000,5,0.627119,0.0288529,3.76271,0.250847,too_firm,,3.62377,0.143000,3.62377,4.5400,0.145323,3.18666,1,0,8.9348,estimated,0.50,1.59333,4.77998
8,28,8.5000,28.5000,1.0000,17.0000,5,0.644068,0.0288529,3.86441,0.227318,ok,0.144089,,0.144089,3.86441,4.5056,0.145922,3.49628,1,0,8.8981,estimated,0.50,1.74814,5.24442
9,28,9.5000,28.5000,1.0000,19.0000,5,0.661017,0.0288529,3.96610,0.208742,ok,0.145647,,0.145647,3.96610,4.4574,0.146607,3.76666,1,0,8.8566,estimated,0.50,1.88333,5.64999
10,28,10.5000,28.5000,1.0000,21.0000,5,0.677966,0.0288529,4.06780,0.193705,ok,0.147041,,0.147041,4.06780,4.4152,0.147376,3.99621,1,0,8.8103,estimated,0.50,1.99810,5.99431
11,28,11.5000,28.5000,1.0000,23.0000,5,0.694915,0.0288529,4.16949,0.181282,ok,0.148296,,0.148296,4.16949,4.3778,0.148211,4.18813,1,0,8.7607,estimated,0.50,2.09407,6.28220
12,28,12.5000,28.5000,1.0000,25.0000,5,0.711864,0.0288529,4.27119,0.170847,ok,0.149432,,0.149432,4.27119,4.3446,0.149090,4.34780,1,0,8.7090,estimated,0.50,2.17390,6.52170
13,28,13.5000,28.5000,1.0000,27.0000,5,0.728814,0.0288529,4.37288,0.161959,ok,0.150464,,0.150464,4.37288,4.3148,0.149982,4.48312,1,0,8.6572,estimated,0.50,2.24156,6.72467
14,28,14.5000,28.5000,1.0000,29.0000,5,0.745763,0.0288529,4.47458,0.154296,ok,0.151407,,0.151407,4.47458,4.2879,0.150884,4.59635,1,0,8.6055,estimated,0.50,2.29818,6.89453
15,28,15.5000,28.5000,1.0000,31.0000,5,0.762712,0.0288529,4.57627,0.147622,ok,0.152271,,0.152271,4.57627,4.2635,0.151769,4.69525,1,0,8.5553,estimated,0.50,2.34763,7.04288
16,28,16.5000,28.5000,1.0000,33.0000,5,0.779661,0.0288529,4.67797,0.141757,ok,0.153066,,0.153066,4.67797,4.2414,0.152631,4.78292,1,0,8.5070,estimated,0.50,2.39146,7.17438
17,28,17.5000,28.5000,1.0000,35.0000,5,0.796610,0.0288529,4.77966,0.136562,ok,0.153800,,0.153800,4.77966,4.2212,0.153470,4.86056,1,0,8.4605,estimated,0.50,2.43028,7.29084
18,28,18.5000,28.5000,1.0000,37.0000,5,0.813559,0.0288529,4.88136,0.131929,ok,0.154480,,0.154480,4.88136,4.2026,0.154295,4.92753,1,0,8.4153,estimated,0.50,2.46377,7.39130
19,28,19.5000,28.5000,1.0000,39.0000,5,0.830508,0.0288529,4.98305,0.127771,ok,0.155111,,0.155111,4.98305,4.1855,0.155117,4.98155,1,0,8.3706,estimated,0.50,2.49078,7.47233
20,28,20.5000,28.5000,1.0000,41.0000,5,0.847458,0.0288529,5.08475,0.124018,ok,0.155699,,0.155699,5.08475,4.1697,0.155955,5.01909,1,0,8.3257,estimated,0.50,2.50954,7.52863
21,28,21.5000,28.5000,1.0000,43.0000,5,0.864407,0.0288529,5.18644,0.120615,ok,0.156248,,0.156248,5.18644,4.1550,0.156828,5.03587,1,0,8.2793,estimated,0.50,2.51793,7.55380
22,28,22.5000,28.5000,1.0000,45.0000,5,0.881356,0.0288529,5.28814,0.117514,ok,0.156761,,0.156761,5.28814,4.1414,0.157755,5.10410,1,0,8.2307,estimated,0.50,2.55205,7.65615
23,28,23.5000,28.5000,1.0000,47.0000,5,0.898305,0.0288529,5.38983,0.114677,ok,0.157242,,0.157242,5.38983,4.1288,0.158754,5.21984,1,0,8.1789,estimated,0.50,2.60992,7.82977
24,28,24.5000,28.5000,1.0000,49.0000,5,0.915254,0.0288529,5.49153,0.112072,ok,0.158321,,0.158321,5.49153,4.1006,0.159827,5.32274,1,0,8.1239,estimated,0.50,2.66137,7.98412
25,28,25.5000,28.5000,1.0000,51.0000,5,0.932203,0.0288529,5.59322,0.109671,ok,0.159361,,0.159361,5.59322,4.0739,0.160995,5.41105,1,0,8.0650,estimated,0.50,2.70553,8.11658
26,28,26.5000,28.5000,1.0000,53.0000,5,0.949153,0.0288529,5.69492,0.107451,ok,0.160364,,0.160364,5.69492,4.0484,0.162262,5.48471,1,0,8.0020,estimated,0.50,2.74236,8.22707
27,28,27.5000,28.5000,1.0000,55.0000,5,0.966102,0.0288529,5.79661,0.105393,ok,0.161331,,0.161331,5.79661,4.0241,0.163629,5.54440,1,0,7.9352,estimated,0.50,2.77220,8.31660
28,28,28.5000,28.5000,1.0000,57.0000,5,0.983051,0.0288529,5.89831,0.103479,ok,0.162265,,0.162265,5.89831,4.0009,0.165089,5.59142,1,0,7.8650,estimated,0.50,2.79571,8.38712
29,28,29.5000,28.5000,1.0000,59.0000,5,0.983051,0.0288529,5.89831,0.099971,ok,0.164070,,0.164070,5.89831,3.9569,0.166599,5.63090,1,0,7.7938,estimated,0.50,2.81545,8.44634
30,28,30.5000,28.5000,1.0000,61.0000,5,0.983051,0.0288529,5.89831,0.096694,ok,0.165875,,0.165875,5.89831,3.9139,0.168194,5.65985,1,0,7.7198,estimated,0.50,2.82992,8.48977
31,28,31.5000,28.5000,1.0000,63.0000,5,0.983051,0.0288529,5.89831,0.093624,ok,0.167680,,0.167680,5.89831,3.8717,0.169844,5.68207,1,0,7.6449,estimated,0.50,2.84104,8.52311
32,28,32.5000,28.5000,1.0000,65.0000,5,0.983051,0.0288529,5.89831,0.090743,ok,0.169485,,0.169485,5.89831,3.8305,0.171528,5.69977,1,0,7.5698,estimated,0.50,2.84988,8.54965
33,28,33.5000,28.5000,1.0000,67.0000,5,0.983051,0.0288529,5.89831,0.088034,ok,0.171290,,0.171290,5.89831,3.7902,0.173228,5.71515,1,0,7.4955,estimated,0.50,2.85757,8.57272
34,28,34.5000,28.5000,1.0000,69.0000,5,0.983051,0.0288529,5.89831,0.085483,ok,0.173095,,0.173095,5.89831,3.7506,0.174919,5.73042,1,0,7.4230,estimated,0.50,2.86521,8.59564
35,28,35.5000,28.5000,1.0000,71.0000,5,0.983051,0.0288529,5.89831,0.083075,ok,0.174900,,0.174900,5.89831,3.7119,0.176576,5.74793,1,0,7.3534,estimated,0.50,2.87397,8.62190
36,28,36.5000,28.5000,1.0000,73.0000,5,0.983051,0.0288529,5.89831,0.080799,ok,0.176704,,0.176704,5.89831,3.6740,0.178167,5.77024,1,0,7.2877,estimated,0.50,2.88512,8.65537
37,28,37.5000,28.5000,1.0000,75.0000,5,0.983051,0.0288529,5.89831,0.078644,ok,0.178509,,0.178509,5.89831,3.6369,0.179653,5.80034,1,0,7.2275,estimated,0.50,2.90017,8.70051
38,28,38.5000,28.5000,1.0000,77.0000,5,0.983051,0.0288529,5.89831,0.076601,ok,0.180264,,0.180264,5.89831,3.6015,0.180988,5.82618,1,0,7.1741,estimated,0.50,2.91309,8.73927
39,28,39.5000,28.5000,1.0000,79.0000,5,0.983051,0.0288529,5.89831,0.074662,ok,0.181782,,0.181782,5.89831,3.5714,0.182115,5.86572,1,0,7.1297,estimated,0.50,2.93286,8.79859
40,28,40.5000,28.5000,1.0000,81.0000,5,0.983051,0.0288529,5.89831,0.072819,ok,0.183300,,0.183300,5.89831,3.5418,0.182976,5.92962,1,0,7.0962,estimated,0.50,2.96481,8.89442
41,28,41.5000,28.5000,1.0000,83.0000,5,0.983051,0.0288529,5.89831,0.071064,ok,0.184818,,0.184818,5.89831,3.5127,0.183514,6.02299,1,0,7.0754,estimated,0.50,3.01150,9.03449
42,28,42.5000,28.5000,1.0000,84.7056,2,0.983051,0.0288529,5.89831,0.069633,ok,0.186113,,0.186113,5.89831,3.4883,0.183687,6.12954,1,0,7.0687,estimated,0.50,3.06477,9.19431
43,28,43.5000,28.5000,1.0000,82.7056,2,0.983051,0.0288529,5.89831,0.071317,ok,0.184595,,0.184595,5.89831,3.5170,0.183458,6.00713,1,0,7.0776,estimated,0.50,3.00357,9.01070
44,28,44.5000,28.5000,1.0000,80.7056,2,0.983051,0.0288529,5.89831,0.073084,ok,0.183077,,0.183077,5.89831,3.5461,0.182869,5.91837,1,0,7.1003,estimated,0.50,2.95918,8.87755
45,28,45.5000,28.5000,1.0000,78.7056,2,0.983051,0.0288529,5.89831,0.074941,ok,0.181559,,0.181559,5.89831,3.5758,0.181966,5.85836,1,0,7.1356,estimated,0.50,2.92918,8.78754
46,28,46.5000,28.5000,1.0000,76.7056,2,0.983051,0.0288529,5.89831,0.076895,ok,0.180041,,0.180041,5.89831,3.6059,0.180804,5.82198,1,0,7.1814,estimated,0.50,2.91099,8.73297
47,28,47.5000,28.5000,1.0000,74.7056,2,0.983051,0.0288529,5.89831,0.078954,ok,0.178244,,0.178244,5.89831,3.6423,0.179443,5.79524,1,0,7.2359,estimated,0.50,2.89762,8.69285
48,28,48.5000,28.5000,1.0000,72.7056,2,0.983051,0.0288529,5.89831,0.081126,ok,0.176439,,0.176439,5.89831,3.6795,0.177938,5.76656,1,0,7.2971,estimated,0.50,2.88328,8.64985
49,28,49.5000,28.5000,1.0000,70.7056,2,0.983051,0.0288529,5.89831,0.083421,ok,0.174634,,0.174634,5.89831,3.7176,0.176334,5.74527,1,0,7.3635,estimated,0.50,2.87263,8.61790
50,28,50.5000,28.5000,1.0000,68.7056,2,0.983051,0.0288529,5.89831,0.085849,ok,0.172829,,0.172829,5.89831,3.7564,0.174668,5.72845,1,0,7.4337,estimated,0.50,2.86422,8.59267
51,28,51.5000,28.5000,1.0000,66.7056,2,0.983051,0.0288529,5.89831,0.088423,ok,0.171024,,0.171024,5.89831,3.7960,0.172970,5.71360,1,0,7.5067,estimated,0.50,2.85680,8.57040
52,28,52.5000,28.5000,1.0000,64.7056,2,0.983051,0.0288529,5.89831,0.091156,ok,0.169219,,0.169219,5.89831,3.8365,0.171267,5.69844,1,0,7.5813,estimated,0.50,2.84922,8.54766
53,28,53.5000,28.5000,1.0000,62.7056,2,0.983051,0.0288529,5.89831,0.094063,ok,0.167414,,0.167414,5.89831,3.8779,0.169582,5.68075,1,0,7.6567,estimated,0.50,2.84037,8.52112
54,28,54.5000,28.5000,1.0000,60.7056,2,0.983051,0.0288529,5.89831,0.097162,ok,0.165610,,0.165610,5.89831,3.9202,0.167933,5.65831,1,0,7.7318,estimated,0.50,2.82916,8.48747
55,28,55.5000,28.5000,1.0000,58.7056,2,0.983051,0.0288529,5.89831,0.100473,ok,0.163805,,0.163805,5.89831,3.9633,0.166340,5.62888,1,0,7.8059,estimated,0.50,2.81444,8.44331
56,28,56.5000,28.5000,1.0000,56.7056,2,0.983051,0.0288529,5.89831,0.104016,ok,0.162000,,0.162000,5.89831,4.0075,0.164836,5.58858,1,0,7.8771,estimated,0.50,2.79429,8.38287
57,28,57.5000,28.5000,1.0000,54.7056,2,0.966102,0.0288529,5.79661,0.105960,ok,0.161061,,0.161061,5.79661,4.0309,0.163383,5.54049,1,0,7.9471,estimated,0.50,2.77024,8.31073
58,28,58.5000,28.5000,1.0000,52.7056,2,0.949153,0.0288529,5.69492,0.108051,ok,0.160089,,0.160089,5.69492,4.0553,0.162026,5.47943,1,0,8.0137,estimated,0.50,2.73971,8.21914
59,28,59.5000,28.5000,1.0000,50.7056,2,0.932203,0.0288529,5.59322,0.110308,ok,0.159081,,0.159081,5.59322,4.0810,0.160769,5.40414,1,0,8.0764,estimated,0.50,2.70207,8.10621
60,28,60.5000,28.5000,1.0000,48.7056,2,0.915254,0.0288529,5.49153,0.112749,ok,0.158036,,0.158036,5.49153,4.1080,0.159613,5.31405,1,0,8.1349,estimated,0.50,2.65702,7.97107
61,28,61.5000,28.5000,1.0000,46.7056,2,0.898305,0.0288529,5.38983,0.115400,ok,0.157118,,0.157118,5.38983,4.1320,0.158547,5.20962,1,0,8.1895,estimated,0.50,2.60481,7.81444
62,28,62.5000,28.5000,1.0000,44.7056,2,0.881356,0.0288529,5.28814,0.118288,ok,0.156632,,0.156632,5.28814,4.1449,0.157558,5.09206,1,0,8.2410,estimated,0.50,2.54603,7.63809
63,28,63.5000,28.5000,1.0000,42.7056,2,0.864407,0.0288529,5.18644,0.121446,ok,0.156112,,0.156112,5.18644,4.1586,0.156639,5.04958,1,0,8.2893,estimated,0.50,2.52479,7.57436
64,28,64.5000,28.5000,1.0000,40.7056,2,0.847458,0.0288529,5.08475,0.124915,ok,0.155557,,0.155557,5.08475,4.1735,0.155772,5.02963,1,0,8.3355,estimated,0.50,2.51482,7.54445
65,28,65.5000,28.5000,1.0000,38.7056,2,0.830508,0.0288529,4.98305,0.128742,ok,0.154962,,0.154962,4.98305,4.1895,0.154936,4.98951,1,0,8.3804,estimated,0.50,2.49476,7.48427
66,28,66.5000,28.5000,1.0000,36.7056,2,0.813559,0.0288529,4.88136,0.132987,ok,0.154323,,0.154323,4.88136,4.2069,0.154114,4.93343,1,0,8.4251,estimated,0.50,2.46671,7.40014
67,28,67.5000,28.5000,1.0000,34.7056,2,0.796610,0.0288529,4.77966,0.137720,ok,0.153634,,0.153634,4.77966,4.2257,0.153287,4.86475,1,0,8.4706,estimated,0.50,2.43237,7.29712
68,28,68.5000,28.5000,1.0000,32.7056,2,0.779661,0.0288529,4.67797,0.143032,ok,0.152890,,0.152890,4.67797,4.2463,0.152444,4.78551,1,0,8.5174,estimated,0.50,2.39275,7.17826
69,28,69.5000,28.5000,1.0000,30.7056,2,0.762712,0.0288529,4.57627,0.149037,ok,0.152084,,0.152084,4.57627,4.2688,0.151579,4.69604,1,0,8.5660,estimated,0.50,2.34802,7.04406
70,28,70.5000,28.5000,1.0000,28.7056,2,0.745763,0.0288529,4.47458,0.155878,ok,0.151208,,0.151208,4.47458,4.2935,0.150692,4.59481,1,0,8.6164,estimated,0.50,2.29740,6.89221
71,28,71.5000,28.5000,1.0000,26.7056,2,0.728814,0.0288529,4.37288,0.163744,ok,0.150252,,0.150252,4.37288,4.3209,0.149791,4.47839,1,0,8.6683,estimated,0.50,2.23919,6.71758
72,28,72.5000,28.5000,1.0000,24.7056,2,0.711864,0.0288529,4.27119,0.172883,ok,0.149204,,0.149204,4.27119,4.3512,0.148903,4.33882,1,0,8.7200,estimated,0.50,2.16941,6.50822
73,28,73.5000,28.5000,1.0000,22.7056,2,0.694915,0.0288529,4.16949,0.183633,ok,0.148051,,0.148051,4.16949,4.3851,0.148032,4.17375,1,0,8.7713,estimated,0.50,2.08688,6.26063
74,28,74.5000,28.5000,1.0000,20.7056,2,0.677966,0.0288529,4.06780,0.196459,ok,0.146776,,0.146776,4.06780,4.4232,0.147208,3.97538,1,0,8.8204,estimated,0.50,1.98769,5.96307
75,28,75.5000,28.5000,1.0000,18.7056,2,0.661017,0.0288529,3.96610,0.212027,ok,0.145359,,0.145359,3.96610,4.4663,0.146454,3.73865,1,0,8.8658,estimated,0.50,1.86932,5.60797
76,28,76.5000,28.5000,1.0000,16.7056,2,0.644068,0.0288529,3.86441,0.231324,ok,0.143775,,0.143775,3.86441,4.5155,0.145788,3.46080,1,0,8.9063,estimated,0.50,1.73040,5.19120
77,28,77.5000,28.5000,1.0000,14.7056,2,0.627119,0.0288529,3.76271,0.255869,too_firm,,3.55265,0.143000,3.55265,4.5400,0.145201,3.14488,1,0,8.9423,estimated,0.50,1.57244,4.71732
78,28,78.5000,28.5000,1.0000,12.7056,2,0.610169,0.0288529,3.66102,0.288141,beyond_data,,3.06948,0.143000,3.06948,4.5400,0.144695,2.79339,1,0,8.9736,estimated,0.50,1.39669,4.19008
79,28,79.5000,28.5000,1.0000,10.7056,2,0.593220,0.0288529,3.55932,0.332472,beyond_data,,2.58631,0.143000,2.58631,4.5400,0.144279,2.40819,1,0,8.9994,estimated,0.50,1.20409,3.61228
80,28,80.5000,28.5000,1.0000,8.7056,2,0.576271,0.0288529,3.45763,0.397171,beyond_data,,2.10315,0.143000,2.10315,4.5400,0.143947,1.99464,1,0,9.0202,estimated,0.50,0.99732,2.99196
81,28,81.5000,28.5000,1.0000,6.7056,2,0.559322,0.0288529,3.35593,0.500465,beyond_data,,1.61998,0.143000,1.61998,4.5400,0.143688,1.55864,1,1,9.0364,estimated,0.50,0.77932,2.33797
82,28,82.5000,28.5000,1.0000,4.7056,2,0.542373,0.0288529,3.25424,0.691563,beyond_data,,1.13681,0.143000,1.13681,4.5400,0.143492,1.10582,1,1,9.0488,estimated,0.50,0.55291,1.65874
83,28,83.5000,28.5000,1.0000,2.7056,2,0.525424,0.0288529,3.15254,1.165180,beyond_data,,0.65364,0.143000,0.65364,4.5400,0.143346,0.64105,1,1,9.0580,estimated,0.50,0.32052,0.96157
84,28,84.5000,28.5000,1.0000,0.7056,2,0.508475,0.0288529,3.05085,4.323595,beyond_data,,0.17047,0.143000,0.17047,4.5400,0.143239,0.16819,1,1,9.0648,estimated,0.50,0.08410,0.25229
0,29,0.5000,29.5000,1.0000,1.0000,5,0.508475,0.0288529,3.05085,3.050847,beyond_data,,0.24158,0.143000,0.24158,4.5400,0.143264,0.23802,1,1,9.0632,estimated,0.50,0.11901,0.35703
1,29,1.5000,29.5000,1.0000,3.0000,5,0.525424,0.0288529,3.15254,1.050847,beyond_data,,0.72475,0.143000,0.72475,4.5400,0.143379,0.70947,1,1,9.0559,estimated,0.50,0.35473,1.06420
2,29,2.5000,29.5000,1.0000,5.0000,5,0.542373,0.0288529,3.25424,0.650847,beyond_data,,1.20792,0.143000,1.20792,4.5400,0.143536,1.17214,1,1,9.0460,estimated,0.50,0.58607,1.75821
3,29,3.5000,29.5000,1.0000,7.0000,5,0.559322,0.0288529,3.35593,0.479419,beyond_data,,1.69109,0.143000,1.69109,4.5400,0.143744,1.62201,1,1,9.0329,estimated,0.50,0.81100,2.43301
4,29,4.5000,29.5000,1.0000,9.0000,5,0.576271,0.0288529,3.45763,0.384181,beyond_data,,2.17426,0.143000,2.17426,4.5400,0.144017,2.05407,1,0,9.0158,estimated,0.50,1.02704,3.08111
5,29,5.5000,29.5000,1.0000,11.0000,5,0.593220,0.0288529,3.55932,0.323575,beyond_data,,2.65743,0.143000,2.65743,4.5400,0.144365,2.46264,1,0,8.9940,estimated,0.50,1.23132,3.69396
6,29,6.5000,29.5000,1.0000,13.0000,5,0.610169,0.0288529,3.66102,0.281617,too_firm,,3.14060,0.143000,3.14060,4.5400,0.144799,2.84189,1,0,8.9671,estimated,0.50,1.42095,4.26284
7,29,7.5000,29.5000,1.0000,15.0000,5,0.627119,0.0288529,3.76271,0.250847,too_firm,,3.62377,0.143000,3.62377,4.5400,0.145323,3.18667,1,0,8.9348,estimated,0.50,1.59334,4.78001
8,29,8.5000,29.5000,1.0000,17.0000,5,0.644068,0.0288529,3.86441,0.227318,ok,0.144089,,0.144089,3.86441,4.5056,0.145922,3.49631,1,0,8.8981,estimated,0.50,1.74816,5.24447
9,29,9.5000,29.5000,1.0000,19.0000,5,0.661017,0.0288529,3.96610,0.208742,ok,0.145647,,0.145647,3.96610,4.4574,0.146606,3.76672,1,0,8.8566,estimated,0.50,1.88336,5.65008
10,29,10.5000,29.5000,1.0000,21.0000,5,0.677966,0.0288529,4.06780,0.193705,ok,0.147041,,0.147041,4.06780,4.4152,0.147375,3.99631,1,0,8.8104,estimated,0.50,1.99816,5.99447
11,29,11.5000,29.5000,1.0000,23.0000,5,0.694915,0.0288529,4.16949,0.181282,ok,0.148296,,0.148296,4.16949,4.3778,0.148210,4.18832,1,0,8.7607,estimated,0.50,2.09416,6.28247
12,29,12.5000,29.5000,1.0000,25.0000,5,0.711864,0.0288529,4.27119,0.170847,ok,0.149432,,0.149432,4.27119,4.3446,0.149089,4.34811,1,0,8.7091,estimated,0.50,2.17406,6.52217
13,29,13.5000,29.5000,1.0000,27.0000,5,0.728814,0.0288529,4.37288,0.161959,ok,0.150464,,0.150464,4.37288,4.3148,0.149980,4.48361,1,0,8.6574,estimated,0.50,2.24180,6.72541
14,29,14.5000,29.5000,1.0000,29.0000,5,0.745763,0.0288529,4.47458,0.154296,ok,0.151407,,0.151407,4.47458,4.2879,0.150880,4.59716,1,0,8.6057,estimated,0.50,2.29858,6.89574
15,29,15.5000,29.5000,1.0000,31.0000,5,0.762712,0.0288529,4.57627,0.147622,ok,0.152271,,0.152271,4.57627,4.2635,0.151764,4.69654,1,0,8.5556,estimated,0.50,2.34827,7.04481
16,29,16.5000,29.5000,1.0000,33.0000,5,0.779661,0.0288529,4.67797,0.141757,ok,0.153066,,0.153066,4.67797,4.2414,0.152623,4.78491,1,0,8.5075,estimated,0.50,2.39246,7.17737
17,29,17.5000,29.5000,1.0000,35.0000,5,0.796610,0.0288529,4.77966,0.136562,ok,0.153800,,0.153800,4.77966,4.2212,0.153458,4.86356,1,0,8.4611,estimated,0.50,2.43178,7.29534
18,29,18.5000,29.5000,1.0000,37.0000,5,0.813559,0.0288529,4.88136,0.131929,ok,0.154480,,0.154480,4.88136,4.2026,0.154277,4.93192,1,0,8.4162,estimated,0.50,2.46596,7.39788
19,29,19.5000,29.5000,1.0000,39.0000,5,0.830508,0.0288529,4.98305,0.127771,ok,0.155111,,0.155111,4.98305,4.1855,0.155093,4.98779,1,0,8.3720,estimated,0.50,2.49389,7.48168
20,29,20.5000,29.5000,1.0000,41.0000,5,0.847458,0.0288529,5.08475,0.124018,ok,0.155699,,0.155699,5.08475,4.1697,0.155922,5.02769,1,0,8.3275,estimated,0.50,2.51384,7.54153
21,29,21.5000,29.5000,1.0000,43.0000,5,0.864407,0.0288529,5.18644,0.120615,ok,0.156248,,0.156248,5.18644,4.1550,0.156783,5.04736,1,0,8.2817,estimated,0.50,2.52368,7.57105
22,29,22.5000,29.5000,1.0000,45.0000,5,0.881356,0.0288529,5.28814,0.117514,ok,0.156761,,0.156761,5.28814,4.1414,0.157697,5.11043,1,0,8.2337,estimated,0.50,2.55522,7.66565
23,29,23.5000,29.5000,1.0000,47.0000,5,0.898305,0.0288529,5.38983,0.114677,ok,0.157242,,0.157242,5.38983,4.1288,0.158681,5.22784,1,0,8.1827,estimated,0.50,2.61392,7.84175
24,29,24.5000,29.5000,1.0000,49.0000,5,0.915254,0.0288529,5.49153,0.112072,ok,0.158321,,0.158321,5.49153,4.1006,0.159738,5.33252,1,0,8.1285,estimated,0.50,2.66626,7.99878
25,29,25.5000,29.5000,1.0000,51.0000,5,0.932203,0.0288529,5.59322,0.109671,ok,0.159361,,0.159361,5.59322,4.0739,0.160888,5.42268,1,0,8.0704,estimated,0.50,2.71134,8.13401
26,29,26.5000,29.5000,1.0000,53.0000,5,0.949153,0.0288529,5.69492,0.107451,ok,0.160364,,0.160364,5.69492,4.0484,0.162137,5.49816,1,0,8.0082,estimated,0.50,2.74908,8.24724
27,29,27.5000,29.5000,1.0000,55.0000,5,0.966102,0.0288529,5.79661,0.105393,ok,0.161331,,0.161331,5.79661,4.0241,0.163485,5.55956,1,0,7.9422,estimated,0.50,2.77978,8.33934
28,29,28.5000,29.5000,1.0000,57.0000,5,0.983051,0.0288529,5.89831,0.103479,ok,0.162265,,0.162265,5.89831,4.0009,0.164927,5.60809,1,0,7.8727,estimated,0.50,2.80404,8.41213
29,29,29.5000,29.5000,1.0000,59.0000,5,1.000000,0.0288529,6.00000,0.101695,ok,0.163168,,0.163168,6.00000,3.9788,0.166441,5.64689,1,0,7.8012,estimated,0.50,2.82345,8.47034
30,29,30.5000,29.5000,1.0000,61.0000,5,1.000000,0.0288529,6.00000,0.098361,ok,0.164942,,0.164942,6.00000,3.9360,0.168021,5.67698,1,0,7.7278,estimated,0.50,2.83849,8.51547
31,29,31.5000,29.5000,1.0000,63.0000,5,1.000000,0.0288529,6.00000,0.095238,ok,0.166716,,0.166716,6.00000,3.8941,0.169657,5.70011,1,0,7.6533,estimated,0.50,2.85005,8.55016
32,29,32.5000,29.5000,1.0000,65.0000,5,1.000000,0.0288529,6.00000,0.092308,ok,0.168491,,0.168491,6.00000,3.8531,0.171329,5.71850,1,0,7.5786,estimated,0.50,2.85925,8.57774
33,29,33.5000,29.5000,1.0000,67.0000,5,1.000000,0.0288529,6.00000,0.089552,ok,0.170265,,0.170265,6.00000,3.8130,0.173018,5.73438,1,0,7.5046,estimated,0.50,2.86719,8.60157
34,29,34.5000,29.5000,1.0000,69.0000,5,1.000000,0.0288529,6.00000,0.086957,ok,0.172039,,0.172039,6.00000,3.7736,0.174700,5.75004,1,0,7.4323,estimated,0.50,2.87502,8.62505
35,29,35.5000,29.5000,1.0000,71.0000,5,1.000000,0.0288529,6.00000,0.084507,ok,0.173814,,0.173814,6.00000,3.7351,0.176349,5.76785,1,0,7.3629,estimated,0.50,2.88393,8.65178
36,29,36.5000,29.5000,1.0000,73.0000,5,1.000000,0.0288529,6.00000,0.082192,ok,0.175588,,0.175588,6.00000,3.6974,0.177931,5.79046,1,0,7.2974,estimated,0.50,2.89523,8.68570
37,29,37.5000,29.5000,1.0000,75.0000,5,1.000000,0.0288529,6.00000,0.080000,ok,0.177362,,0.177362,6.00000,3.6604,0.179409,5.82093,1,0,7.2373,estimated,0.50,2.91047,8.73140
38,29,38.5000,29.5000,1.0000,77.0000,5,1.000000,0.0288529,6.00000,0.077922,ok,0.179137,,0.179137,6.00000,3.6241,0.180736,5.85106,1,0,7.1841,estimated,0.50,2.92553,8.77660
39,29,39.5000,29.5000,1.0000,79.0000,5,1.000000,0.0288529,6.00000,0.075949,ok,0.180766,,0.180766,6.00000,3.5915,0.181856,5.89102,1,0,7.1399,estimated,0.50,2.94551,8.83653
40,29,40.5000,29.5000,1.0000,81.0000,5,1.000000,0.0288529,6.00000,0.074074,ok,0.182258,,0.182258,6.00000,3.5621,0.182710,5.95544,1,0,7.1065,estimated,0.50,2.97772,8.93316
41,29,41.5000,29.5000,1.0000,83.0000,5,1.000000,0.0288529,6.00000,0.072289,ok,0.183750,,0.183750,6.00000,3.5331,0.183244,6.04947,1,0,7.0858,estimated,0.50,3.02474,9.07421
42,29,42.5000,29.5000,1.0000,84.7056,2,1.000000,0.0288529,6.00000,0.070834,ok,0.185023,,0.185023,6.00000,3.5088,0.183415,6.15667,1,0,7.0792,estimated,0.50,3.07833,9.23500
43,29,43.5000,29.5000,1.0000,82.7056,2,1.000000,0.0288529,6.00000,0.072546,ok,0.183531,,0.183531,6.00000,3.5374,0.183188,6.03351,1,0,7.0880,estimated,0.50,3.01676,9.05027
44,29,44.5000,29.5000,1.0000,80.7056,2,1.000000,0.0288529,6.00000,0.074344,ok,0.182039,,0.182039,6.00000,3.5664,0.182605,5.94410,1,0,7.1106,estimated,0.50,2.97205,8.91616
45,29,45.5000,29.5000,1.0000,78.7056,2,1.000000,0.0288529,6.00000,0.076233,ok,0.180546,,0.180546,6.00000,3.5958,0.181708,5.88359,1,0,7.1457,estimated,0.50,2.94180,8.82539
46,29,46.5000,29.5000,1.0000,76.7056,2,1.000000,0.0288529,6.00000,0.078221,ok,0.178875,,0.178875,6.00000,3.6294,0.180554,5.84680,1,0,7.1914,estimated,0.50,2.92340,8.77021
47,29,47.5000,29.5000,1.0000,74.7056,2,1.000000,0.0288529,6.00000,0.080315,ok,0.177101,,0.177101,6.00000,3.6658,0.179200,5.81578,1,0,7.2457,estimated,0.50,2.90789,8.72367
48,29,48.5000,29.5000,1.0000,72.7056,2,1.000000,0.0288529,6.00000,0.082525,ok,0.175327,,0.175327,6.00000,3.7029,0.177704,5.78675,1,0,7.3067,estimated,0.50,2.89337,8.68012
49,29,49.5000,29.5000,1.0000,70.7056,2,1.000000,0.0288529,6.00000,0.084859,ok,0.173552,,0.173552,6.00000,3.7407,0.176108,5.76516,1,0,7.3729,estimated,0.50,2.88258,8.64774
50,29,50.5000,29.5000,1.0000,68.7056,2,1.000000,0.0288529,6.00000,0.087329,ok,0.171778,,0.171778,6.00000,3.7794,0.174450,5.74804,1,0,7.4430,estimated,0.50,2.87402,8.62206
51,29,51.5000,29.5000,1.0000,66.7056,2,1.000000,0.0288529,6.00000,0.089947,ok,0.170004,,0.170004,6.00000,3.8188,0.172762,5.73282,1,0,7.5157,estimated,0.50,2.86641,8.59923
52,29,52.5000,29.5000,1.0000,64.7056,2,1.000000,0.0288529,6.00000,0.092728,ok,0.168230,,0.168230,6.00000,3.8591,0.171070,5.71715,1,0,7.5901,estimated,0.50,2.85857,8.57572
53,29,53.5000,29.5000,1.0000,62.7056,2,1.000000,0.0288529,6.00000,0.095685,ok,0.166455,,0.166455,6.00000,3.9002,0.169396,5.69876,1,0,7.6651,estimated,0.50,2.84938,8.54814
54,29,54.5000,29.5000,1.0000,60.7056,2,1.000000,0.0288529,6.00000,0.098838,ok,0.164681,,0.164681,6.00000,3.9423,0.167761,5.67541,1,0,7.7398,estimated,0.50,2.83770,8.51311
55,29,55.5000,29.5000,1.0000,58.7056,2,1.000000,0.0288529,6.00000,0.102205,ok,0.162907,,0.162907,6.00000,3.9852,0.166184,5.64483,1,0,7.8132,estimated,0.50,2.82242,8.46725
56,29,56.5000,29.5000,1.0000,56.7056,2,0.983051,0.0288529,5.89831,0.104016,ok,0.162000,,0.162000,5.89831,4.0075,0.164676,5.60521,1,0,7.8848,estimated,0.50,2.80261,8.40782
57,29,57.5000,29.5000,1.0000,54.7056,2,0.966102,0.0288529,5.79661,0.105960,ok,0.161061,,0.161061,5.79661,4.0309,0.163240,5.55559,1,0,7.9541,estimated,0.50,2.77780,8.33339
58,29,58.5000,29.5000,1.0000,52.7056,2,0.949153,0.0288529,5.69492,0.108051,ok,0.160089,,0.160089,5.69492,4.0553,0.161901,5.49281,1,0,8.0199,estimated,0.50,2.74641,8.23922
59,29,59.5000,29.5000,1.0000,50.7056,2,0.932203,0.0288529,5.59322,0.110308,ok,0.159081,,0.159081,5.59322,4.0810,0.160663,5.41569,1,0,8.0817,estimated,0.50,2.70785,8.12354
60,29,60.5000,29.5000,1.0000,48.7056,2,0.915254,0.0288529,5.49153,0.112749,ok,0.158036,,0.158036,5.49153,4.1080,0.159524,5.32375,1,0,8.1394,estimated,0.50,2.66187,7.98562
61,29,61.5000,29.5000,1.0000,46.7056,2,0.898305,0.0288529,5.38983,0.115400,ok,0.157118,,0.157118,5.38983,4.1320,0.158475,5.21754,1,0,8.1933,estimated,0.50,2.60877,7.82630
62,29,62.5000,29.5000,1.0000,44.7056,2,0.881356,0.0288529,5.28814,0.118288,ok,0.156632,,0.156632,5.28814,4.1449,0.157501,5.09832,1,0,8.2440,estimated,0.50,2.54916,7.64748
63,29,63.5000,29.5000,1.0000,42.7056,2,0.864407,0.0288529,5.18644,0.121446,ok,0.156112,,0.156112,5.18644,4.1586,0.156595,5.06092,1,0,8.2916,estimated,0.50,2.53046,7.59138
64,29,64.5000,29.5000,1.0000,40.7056,2,0.847458,0.0288529,5.08475,0.124915,ok,0.155557,,0.155557,5.08475,4.1735,0.155739,5.03810,1,0,8.3372,estimated,0.50,2.51905,7.55715
65,29,65.5000,29.5000,1.0000,38.7056,2,0.830508,0.0288529,4.98305,0.128742,ok,0.154962,,0.154962,4.98305,4.1895,0.154912,4.99564,1,0,8.3817,estimated,0.50,2.49782,7.49346
66,29,66.5000,29.5000,1.0000,36.7056,2,0.813559,0.0288529,4.88136,0.132987,ok,0.154323,,0.154323,4.88136,4.2069,0.154097,4.93773,1,0,8.4261,estimated,0.50,2.46886,7.40659
67,29,67.5000,29.5000,1.0000,34.7056,2,0.796610,0.0288529,4.77966,0.137720,ok,0.153634,,0.153634,4.77966,4.2257,0.153275,4.86768,1,0,8.4712,estimated,0.50,2.43384,7.30152
68,29,68.5000,29.5000,1.0000,32.7056,2,0.779661,0.0288529,4.67797,0.143032,ok,0.152890,,0.152890,4.67797,4.2463,0.152437,4.78745,1,0,8.5178,estimated,0.50,2.39373,7.18118
69,29,69.5000,29.5000,1.0000,30.7056,2,0.762712,0.0288529,4.57627,0.149037,ok,0.152084,,0.152084,4.57627,4.2688,0.151574,4.69730,1,0,8.5663,estimated,0.50,2.34865,7.04594
70,29,70.5000,29.5000,1.0000,28.7056,2,0.745763,0.0288529,4.47458,0.155878,ok,0.151208,,0.151208,4.47458,4.2935,0.150689,4.59559,1,0,8.6166,estimated,0.50,2.29780,6.89339
71,29,71.5000,29.5000,1.0000,26.7056,2,0.728814,0.0288529,4.37288,0.163744,ok,0.150252,,0.150252,4.37288,4.3209,0.149789,4.47887,1,0,8.6684,estimated,0.50,2.23943,6.71830
72,29,72.5000,29.5000,1.0000,24.7056,2,0.711864,0.0288529,4.27119,0.172883,ok,0.149204,,0.149204,4.27119,4.3512,0.148901,4.33912,1,0,8.7201,estimated,0.50,2.16956,6.50868
73,29,73.5000,29.5000,1.0000,22.7056,2,0.694915,0.0288529,4.16949,0.183633,ok,0.148051,,0.148051,4.16949,4.3851,0.148031,4.17393,1,0,8.7714,estimated,0.50,2.08697,6.26090
74,29,74.5000,29.5000,1.0000,20.7056,2,0.677966,0.0288529,4.06780,0.196459,ok,0.146776,,0.146776,4.06780,4.4232,0.147208,3.97549,1,0,8.8204,estimated,0.50,1.98774,5.96323
75,29,75.5000,29.5000,1.0000,18.7056,2,0.661017,0.0288529,3.96610,0.212027,ok,0.145359,,0.145359,3.96610,4.4663,0.146454,3.73871,1,0,8.8658,estimated,0.50,1.86935,5.60806
76,29,76.5000,29.5000,1.0000,16.7056,2,0.644068,0.0288529,3.86441,0.231324,ok,0.143775,,0.143775,3.86441,4.5155,0.145787,3.46083,1,0,8.9063,estimated,0.50,1.73042,5.19125
77,29,77.5000,29.5000,1.0000,14.7056,2,0.627119,0.0288529,3.76271,0.255869,too_firm,,3.55265,0.143000,3.55265,4.5400,0.145201,3.14489,1,0,8.9423,estimated,0.50,1.57245,4.71734
78,29,78.5000,29.5000,1.0000,12.7056,2,0.610169,0.0288529,3.66102,0.288141,beyond_data,,3.06948,0.143000,3.06948,4.5400,0.144695,2.79340,1,0,8.9736,estimated,0.50,1.39670,4.19010
79,29,79.5000,29.5000,1.0000,10.7056,2,0.593220,0.0288529,3.55932,0.332472,beyond_data,,2.58631,0.143000,2.58631,4.5400,0.144279,2.40819,1,0,8.9994,estimated,0.50,1.20410,3.61229
80,29,80.5000,29.5000,1.0000,8.7056,2,0.576271,0.0288529,3.45763,0.397171,beyond_data,,2.10315,0.143000,2.10315,4.5400,0.143947,1.99464,1,0,9.0202,estimated,0.50,0.99732,2.99197
81,29,81.5000,29.5000,1.0000,6.7056,2,0.559322,0.0288529,3.35593,0.500465,beyond_data,,1.61998,0.143000,1.61998,4.5400,0.143688,1.55864,1,1,9.0364,estimated,0.50,0.77932,2.33797
82,29,82.5000,29.5000,1.0000,4.7056,2,0.542373,0.0288529,3.25424,0.691563,beyond_data,,1.13681,0.143000,1.13681,4.5400,0.143492,1.10582,1,1,9.0488,estimated,0.50,0.55291,1.65874
83,29,83.5000,29.5000,1.0000,2.7056,2,0.525424,0.0288529,3.15254,1.165180,beyond_data,,0.65364,0.143000,0.65364,4.5400,0.143346,0.64105,1,1,9.0580,estimated,0.50,0.32052,0.96157
84,29,84.5000,29.5000,1.0000,0.7056,2,0.508475,0.0288529,3.05085,4.323595,beyond_data,,0.17047,0.143000,0.17047,4.5400,0.143239,0.16819,1,1,9.0648,estimated,0.50,0.08410,0.25229
0,30,0.5000,30.5000,1.0000,1.0000,5,0.508475,0.0288529,3.05085,3.050847,beyond_data,,0.24158,0.143000,0.24158,4.5400,0.143264,0.23802,1,1,9.0632,estimated,0.50,0.11901,0.35703
1,30,1.5000,30.5000,1.0000,3.0000,5,0.525424,0.0288529,3.15254,1.050847,beyond_data,,0.72475,0.143000,0.72475,4.5400,0.143379,0.70947,1,1,9.0559,estimated,0.50,0.35473,1.06420
2,30,2.5000,30.5000,1.0000,5.0000,5,0.542373,0.0288529,3.25424,0.650847,beyond_data,,1.20792,0.143000,1.20792,4.5400,0.143536,1.17214,1,1,9.0460,estimated,0.50,0.58607,1.75821
3,30,3.5000,30.5000,1.0000,7.0000,5,0.559322,0.0288529,3.35593,0.479419,beyond_data,,1.69109,0.143000,1.69109,4.5400,0.143744,1.62201,1,1,9.0329,estimated,0.50,0.81100,2.43301
4,30,4.5000,30.5000,1.0000,9.0000,5,0.576271,0.0288529,3.45763,0.384181,beyond_data,,2.17426,0.143000,2.17426,4.5400,0.144017,2.05407,1,0,9.0158,estimated,0.50,1.02704,3.08111
5,30,5.5000,30.5000,1.0000,11.0000,5,0.593220,0.0288529,3.55932,0.323575,beyond_data,,2.65743,0.143000,2.65743,4.5400,0.144365,2.46264,1,0,8.9940,estimated,0.50,1.23132,3.69396
6,30,6.5000,30.5000,1.0000,13.0000,5,0.610169,0.0288529,3.66102,0.281617,too_firm,,3.14060,0.143000,3.14060,4.5400,0.144799,2.84189,1,0,8.9671,estimated,0.50,1.42095,4.26284
7,30,7.5000,30.5000,1.0000,15.0000,5,0.627119,0.0288529,3.76271,0.250847,too_firm,,3.62377,0.143000,3.62377,4.5400,0.145323,3.18667,1,0,8.9348,estimated,0.50,1.59334,4.78001
8,30,8.5000,30.5000,1.0000,17.0000,5,0.644068,0.0288529,3.86441,0.227318,ok,0.144089,,0.144089,3.86441,4.5056,0.145922,3.49631,1,0,8.8981,estimated,0.50,1.74816,5.24447
9,30,9.5000,30.5000,1.0000,19.0000,5,0.661017,0.0288529,3.96610,0.208742,ok,0.145647,,0.145647,3.96610,4.4574,0.146606,3.76672,1,0,8.8566,estimated,0.50,1.88336,5.65008
10,30,10.5000,30.5000,1.0000,21.0000,5,0.677966,0.0288529,4.06780,0.193705,ok,0.147041,,0.147041,4.06780,4.4152,0.147375,3.99631,1,0,8.8104,estimated,0.50,1.99816,5.99447
11,30,11.5000,30.5000,1.0000,23.0000,5,0.694915,0.0288529,4.16949,0.181282,ok,0.148296,,0.148296,4.16949,4.3778,0.148210,4.18832,1,0,8.7607,estimated,0.50,2.09416,6.28247
12,30,12.5000,30.5000,1.0000,25.0000,5,0.711864,0.0288529,4.27119,0.170847,ok,0.149432,,0.149432,4.27119,4.3446,0.149089,4.34811,1,0,8.7091,estimated,0.50,2.17406,6.52217
13,30,13.5000,30.5000,1.0000,27.0000,5,0.728814,0.0288529,4.37288,0.161959,ok,0.150464,,0.150464,4.37288,4.3148,0.149980,4.48361,1,0,8.6574,estimated,0.50,2.24180,6.72541
14,30,14.5000,30.5000,1.0000,29.0000,5,0.745763,0.0288529,4.47458,0.154296,ok,0.151407,,0.151407,4.47458,4.2879,0.150880,4.59716,1,0,8.6057,estimated,0.50,2.29858,6.89574
15,30,15.5000,30.5000,1.0000,31.0000,5,0.762712,0.0288529,4.57627,0.147622,ok,0.152271,,0.152271,4.57627,4.2635,0.151764,4.69654,1,0,8.5556,estimated,0.50,2.34827,7.04481
16,30,16.5000,30.5000,1.0000,33.0000,5,0.779661,0.0288529,4.67797,0.141757,ok,0.153066,,0.153066,4.67797,4.2414,0.152623,4.78491,1,0,8.5075,estimated,0.50,2.39246,7.17737
17,30,17.5000,30.5000,1.0000,35.0000,5,0.796610,0.0288529,4.77966,0.136562,ok,0.153800,,0.153800,4.77966,4.2212,0.153458,4.86356,1,0,8.4611,estimated,0.50,2.43178,7.29534
18,30,18.5000,30.5000,1.0000,37.0000,5,0.813559,0.0288529,4.88136,0.131929,ok,0.154480,,0.154480,4.88136,4.2026,0.154277,4.93192,1,0,8.4162,estimated,0.50,2.46596,7.39788
19,30,19.5000,30.5000,1.0000,39.0000,5,0.830508,0.0288529,4.98305,0.127771,ok,0.155111,,0.155111,4.98305,4.1855,0.155093,4.98779,1,0,8.3720,estimated,0.50,2.49389,7.48168
20,30,20.5000,30.5000,1.0000,41.0000,5,0.847458,0.0288529,5.08475,0.124018,ok,0.155699,,0.155699,5.08475,4.1697,0.155922,5.02769,1,0,8.3275,estimated,0.50,2.51384,7.54153
21,30,21.5000,30.5000,1.0000,43.0000,5,0.864407,0.0288529,5.18644,0.120615,ok,0.156248,,0.156248,5.18644,4.1550,0.156783,5.04736,1,0,8.2817,estimated,0.50,2.52368,7.57105
22,30,22.5000,30.5000,1.0000,45.0000,5,0.881356,0.0288529,5.28814,0.117514,ok,0.156761,,0.156761,5.28814,4.1414,0.157697,5.11043,1,0,8.2337,estimated,0.50,2.55522,7.66565
23,30,23.5000,30.5000,1.0000,47.0000,5,0.898305,0.0288529,5.38983,0.114677,ok,0.157242,,0.157242,5.38983,4.1288,0.158681,5.22784,1,0,8.1827,estimated,0.50,2.61392,7.84175
24,30,24.5000,30.5000,1.0000,49.0000,5,0.915254,0.0288529,5.49153,0.112072,ok,0.158321,,0.158321,5.49153,4.1006,0.159738,5.33252,1,0,8.1285,estimated,0.50,2.66626,7.99878
25,30,25.5000,30.5000,1.0000,51.0000,5,0.932203,0.0288529,5.59322,0.109671,ok,0.159361,,0.159361,5.59322,4.0739,0.160888,5.42268,1,0,8.0704,estimated,0.50,2.71134,8.13401
26,30,26.5000,30.5000,1.0000,53.0000,5,0.949153,0.0288529,5.69492,0.107451,ok,0.160364,,0.160364,5.69492,4.0484,0.162137,5.49816,1,0,8.0082,estimated,0.50,2.74908,8.24724
27,30,27.5000,30.5000,1.0000,55.0000,5,0.966102,0.0288529,5.79661,0.105393,ok,0.161331,,0.161331,5.79661,4.0241,0.163485,5.55956,1,0,7.9422,estimated,0.50,2.77978,8.33934
28,30,28.5000,30.5000,1.0000,57.0000,5,0.983051,0.0288529,5.89831,0.103479,ok,0.162265,,0.162265,5.89831,4.0009,0.164927,5.60809,1,0,7.8727,estimated,0.50,2.80404,8.41213
29,30,29.5000,30.5000,1.0000,59.0000,5,1.000000,0.0288529,6.00000,0.101695,ok,0.163168,,0.163168,6.00000,3.9788,0.166441,5.64689,1,0,7.8012,estimated,0.50,2.82345,8.47034
30,30,30.5000,30.5000,1.0000,61.0000,5,1.000000,0.0288529,6.00000,0.098361,ok,0.164942,,0.164942,6.00000,3.9360,0.168021,5.67698,1,0,7.7278,estimated,0.50,2.83849,8.51547
31,30,31.5000,30.5000,1.0000,63.0000,5,1.000000,0.0288529,6.00000,0.095238,ok,0.166716,,0.166716,6.00000,3.8941,0.169657,5.70011,1,0,7.6533,estimated,0.50,2.85005,8.55016
32,30,32.5000,30.5000,1.0000,65.0000,5,1.000000,0.0288529,6.00000,0.092308,ok,0.168491,,0.168491,6.00000,3.8531,0.171329,5.71850,1,0,7.5786,estimated,0.50,2.85925,8.57774
33,30,33.5000,30.5000,1.0000,67.0000,5,1.000000,0.0288529,6.00000,0.089552,ok,0.170265,,0.170265,6.00000,3.8130,0.173018,5.73438,1,0,7.5046,estimated,0.50,2.86719,8.60157
34,30,34.5000,30.5000,1.0000,69.0000,5,1.000000,0.0288529,6.00000,0.086957,ok,0.172039,,0.172039,6.00000,3.7736,0.174700,5.75004,1,0,7.4323,estimated,0.50,2.87502,8.62505
35,30,35.5000,30.5000,1.0000,71.0000,5,1.000000,0.0288529,6.00000,0.084507,ok,0.173814,,0.173814,6.00000,3.7351,0.176349,5.76785,1,0,7.3629,estimated,0.50,2.88393,8.65178
36,30,36.5000,30.5000,1.0000,73.0000,5,1.000000,0.0288529,6.00000,0.082192,ok,0.175588,,0.175588,6.00000,3.6974,0.177931,5.79046,1,0,7.2974,estimated,0.50,2.89523,8.68570
37,30,37.5000,30.5000,1.0000,75.0000,5,1.000000,0.0288529,6.00000,0.080000,ok,0.177362,,0.177362,6.00000,3.6604,0.179409,5.82093,1,0,7.2373,estimated,0.50,2.91047,8.73140
38,30,38.5000,30.5000,1.0000,77.0000,5,1.000000,0.0288529,6.00000,0.077922,ok,0.179137,,0.179137,6.00000,3.6241,0.180736,5.85106,1,0,7.1841,estimated,0.50,2.92553,8.77660
39,30,39.5000,30.5000,1.0000,79.0000,5,1.000000,0.0288529,6.00000,0.075949,ok,0.180766,,0.180766,6.00000,3.5915,0.181856,5.89102,1,0,7.1399,estimated,0.50,2.94551,8.83653
40,30,40.5000,30.5000,1.0000,81.0000,5,1.000000,0.0288529,6.00000,0.074074,ok,0.182258,,0.182258,6.00000,3.5621,0.182710,5.95544,1,0,7.1065,estimated,0.50,2.97772,8.93316
41,30,41.5000,30.5000,1.0000,83.0000,5,1.000000,0.0288529,6.00000,0.072289,ok,0.183750,,0.183750,6.00000,3.5331,0.183244,6.04947,1,0,7.0858,estimated,0.50,3.02474,9.07421
42,30,42.5000,30.5000,1.0000,84.7056,2,1.000000,0.0288529,6.00000,0.070834,ok,0.185023,,0.185023,6.00000,3.5088,0.183415,6.15667,1,0,7.0792,estimated,0.50,3.07833,9.23500
43,30,43.5000,30.5000,1.0000,82.7056,2,1.000000,0.0288529,6.00000,0.072546,ok,0.183531,,0.183531,6.00000,3.5374,0.183188,6.03351,1,0,7.0880,estimated,0.50,3.01676,9.05027
44,30,44.5000,30.5000,1.0000,80.7056,2,1.000000,0.0288529,6.00000,0.074344,ok,0.182039,,0.182039,6.00000,3.5664,0.182605,5.94410,1,0,7.1106,estimated,0.50,2.97205,8.91616
45,30,45.5000,30.5000,1.0000,78.7056,2,1.000000,0.0288529,6.00000,0.076233,ok,0.180546,,0.180546,6.00000,3.5958,0.181708,5.88359,1,0,7.1457,estimated,0.50,2.94180,8.82539
46,30,46.5000,30.5000,1.0000,76.7056,2,1.000000,0.0288529,6.00000,0.078221,ok,0.178875,,0.178875,6.00000,3.6294,0.180554,5.84680,1,0,7.1914,estimated,0.50,2.92340,8.77021
47,30,47.5000,30.5000,1.0000,74.7056,2,1.000000,0.0288529,6.00000,0.080315,ok,0.177101,,0.177101,6.00000,3.6658,0.179200,5.81578,1,0,7.2457,estimated,0.50,2.90789,8.72367
48,30,48.5000,30.5000,1.0000,72.7056,2,1.000000,0.0288529,6.00000,0.082525,ok,0.175327,,0.175327,6.00000,3.7029,0.177704,5.78675,1,0,7.3067,estimated,0.50,2.89337,8.68012
49,30,49.5000,30.5000,1.0000,70.7056,2,1.000000,0.0288529,6.00000,0.084859,ok,0.173552,,0.173552,6.00000,3.7407,0.176108,5.76516,1,0,7.3729,estimated,0.50,2.88258,8.64774
50,30,50.5000,30.5000,1.0000,68.7056,2,1.000000,0.0288529,6.00000,0.087329,ok,0.171778,,0.171778,6.00000,3.7794,0.174450,5.74804,1,0,7.4430,estimated,0.50,2.87402,8.62206
51,30,51.5000,30.5000,1.0000,66.7056,2,1.000000,0.0288529,6.00000,0.089947,ok,0.170004,,0.170004,6.00000,3.8188,0.172762,5.73282,1,0,7.5157,estimated,0.50,2.86641,8.59923
52,30,52.5000,30.5000,1.0000,64.7056,2,1.000000,0.0288529,6.00000,0.092728,ok,0.168230,,0.168230,6.00000,3.8591,0.171070,5.71715,1,0,7.5901,estimated,0.50,2.85857,8.57572
53,30,53.5000,30.5000,1.0000,62.7056,2,1.000000,0.0288529,6.00000,0.095685,ok,0.166455,,0.166455,6.00000,3.9002,0.169396,5.69876,1,0,7.6651,estimated,0.50,2.84938,8.54814
54,30,54.5000,30.5000,1.0000,60.7056,2,1.000000,0.0288529,6.00000,0.098838,ok,0.164681,,0.164681,6.00000,3.9423,0.167761,5.67541,1,0,7.7398,estimated,0.50,2.83770,8.51311
55,30,55.5000,30.5000,1.0000,58.7056,2,1.000000,0.0288529,6.00000,0.102205,ok,0.162907,,0.162907,6.00000,3.9852,0.166184,5.64483,1,0,7.8132,estimated,0.50,2.82242,8.46725
56,30,56.5000,30.5000,1.0000,56.7056,2,0.983051,0.0288529,5.89831,0.104016,ok,0.162000,,0.162000,5.89831,4.0075,0.164676,5.60521,1,0,7.8848,estimated,0.50,2.80261,8.40782
57,30,57.5000,30.5000,1.0000,54.7056,2,0.966102,0.0288529,5.79661,0.105960,ok,0.161061,,0.161061,5.79661,4.0309,0.163240,5.55559,1,0,7.9541,estimated,0.50,2.77780,8.33339
58,30,58.5000,30.5000,1.0000,52.7056,2,0.949153,0.0288529,5.69492,0.108051,ok,0.160089,,0.160089,5.69492,4.0553,0.161901,5.49281,1,0,8.0199,estimated,0.50,2.74641,8.23922
59,30,59.5000,30.5000,1.0000,50.7056,2,0.932203,0.0288529,5.59322,0.110308,ok,0.159081,,0.159081,5.59322,4.0810,0.160663,5.41569,1,0,8.0817,estimated,0.50,2.70785,8.12354
60,30,60.5000,30.5000,1.0000,48.7056,2,0.915254,0.0288529,5.49153,0.112749,ok,0.158036,,0.158036,5.49153,4.1080,0.159524,5.32375,1,0,8.1394,estimated,0.50,2.66187,7.98562
61,30,61.5000,30.5000,1.0000,46.7056,2,0.898305,0.0288529,5.38983,0.115400,ok,0.157118,,0.157118,5.38983,4.1320,0.158475,5.21754,1,0,8.1933,estimated,0.50,2.60877,7.82630
62,30,62.5000,30.5000,1.0000,44.7056,2,0.881356,0.0288529,5.28814,0.118288,ok,0.156632,,0.156632,5.28814,4.1449,0.157501,5.09832,1,0,8.2440,estimated,0.50,2.54916,7.64748
63,30,63.5000,30.5000,1.0000,42.7056,2,0.864407,0.0288529,5.18644,0.121446,ok,0.156112,,0.156112,5.18644,4.1586,0.156595,5.06092,1,0,8.2916,estimated,0.50,2.53046,7.59138
64,30,64.5000,30.5000,1.0000,40.7056,2,0.847458,0.0288529,5.08475,0.124915,ok,0.155557,,0.155557,5.08475,4.1735,0.155739,5.03810,1,0,8.3372,estimated,0.50,2.51905,7.55715
65,30,65.5000,30.5000,1.0000,38.7056,2,0.830508,0.0288529,4.98305,0.128742,ok,0.154962,,0.154962,4.98305,4.1895,0.154912,4.99564,1,0,8.3817,estimated,0.50,2.49782,7.49346
66,30,66.5000,30.5000,1.0000,36.7056,2,0.813559,0.0288529,4.88136,0.132987,ok,0.154323,,0.154323,4.88136,4.2069,0.154097,4.93773,1,0,8.4261,estimated,0.50,2.46886,7.40659
67,30,67.5000,30.5000,1.0000,34.7056,2,0.796610,0.0288529,4.77966,0.137720,ok,0.153634,,0.153634,4.77966,4.2257,0.153275,4.86768,1,0,8.4712,estimated,0.50,2.43384,7.30152
68,30,68.5000,30.5000,1.0000,32.7056,2,0.779661,0.0288529,4.67797,0.143032,ok,0.152890,,0.152890,4.67797,4.2463,0.152437,4.78745,1,0,8.5178,estimated,0.50,2.39373,7.18118
69,30,69.5000,30.5000,1.0000,30.7056,2,0.762712,0.0288529,4.57627,0.149037,ok,0.152084,,0.152084,4.57627,4.2688,0.151574,4.69730,1,0,8.5663,estimated,0.50,2.34865,7.04594
70,30,70.5000,30.5000,1.0000,28.7056,2,0.745763,0.0288529,4.47458,0.155878,ok,0.151208,,0.151208,4.47458,4.2935,0.150689,4.59559,1,0,8.6166,estimated,0.50,2.29780,6.89339
71,30,71.5000,30.5000,1.0000,26.7056,2,0.728814,0.0288529,4.37288,0.163744,ok,0.150252,,0.150252,4.37288,4.3209,0.149789,4.47887,1,0,8.6684,estimated,0.50,2.23943,6.71830
72,30,72.5000,30.5000,1.0000,24.7056,2,0.711864,0.0288529,4.27119,0.172883,ok,0.149204,,0.149204,4.27119,4.3512,0.148901,4.33912,1,0,8.7201,estimated,0.50,2.16956,6.50868
73,30,73.5000,30.5000,1.0000,22.7056,2,0.694915,0.0288529,4.16949,0.183633,ok,0.148051,,0.148051,4.16949,4.3851,0.148031,4.17393,1,0,8.7714,estimated,0.50,2.08697,6.26090
74,30,74.5000,30.5000,1.0000,20.7056,2,0.677966,0.0288529,4.06780,0.196459,ok,0.146776,,0.146776,4.06780,4.4232,0.147208,3.97549,1,0,8.8204,estimated,0.50,1.98774,5.96323
75,30,75.5000,30.5000,1.0000,18.7056,2,0.661017,0.0288529,3.96610,0.212027,ok,0.145359,,0.145359,3.96610,4.4663,0.146454,3.73871,1,0,8.8658,estimated,0.50,1.86935,5.60806
76,30,76.5000,30.5000,1.0000,16.7056,2,0.644068,0.0288529,3.86441,0.231324,ok,0.143775,,0.143775,3.86441,4.5155,0.145787,3.46083,1,0,8.9063,estimated,0.50,1.73042,5.19125
77,30,77.5000,30.5000,1.0000,14.7056,2,0.627119,0.0288529,3.76271,0.255869,too_firm,,3.55265,0.143000,3.55265,4.5400,0.145201,3.14489,1,0,8.9423,estimated,0.50,1.57245,4.71734
78,30,78.5000,30.5000,1.0000,12.7056,2,0.610169,0.0288529,3.66102,0.288141,beyond_data,,3.06948,0.143000,3.06948,4.5400,0.144695,2.79340,1,0,8.9736,estimated,0.50,1.39670,4.19010
79,30,79.5000,30.5000,1.0000,10.7056,2,0.593220,0.0288529,3.55932,0.332472,beyond_data,,2.58631,0.143000,2.58631,4.5400,0.144279,2.40819,1,0,8.9994,estimated,0.50,1.20410,3.61229
80,30,80.5000,30.5000,1.0000,8.7056,2,0.576271,0.0288529,3.45763,0.397171,beyond_data,,2.10315,0.143000,2.10315,4.5400,0.143947,1.99464,1,0,9.0202,estimated,0.50,0.99732,2.99197
81,30,81.5000,30.5000,1.0000,6.7056,2,0.559322,0.0288529,3.35593,0.500465,beyond_data,,1.61998,0.143000,1.61998,4.5400,0.143688,1.55864,1,1,9.0364,estimated,0.50,0.77932,2.33797
82,30,82.5000,30.5000,1.0000,4.7056,2,0.542373,0.0288529,3.25424,0.691563,beyond_data,,1.13681,0.143000,1.13681,4.5400,0.143492,1.10582,1,1,9.0488,estimated,0.50,0.55291,1.65874
83,30,83.5000,30.5000,1.0000,2.7056,2,0.525424,0.0288529,3.15254,1.165180,beyond_data,,0.65364,0.143000,0.65364,4.5400,0.143346,0.64105,1,1,9.0580,estimated,0.50,0.32052,0.96157
84,30,84.5000,30.5000,1.0000,0.7056,2,0.508475,0.0288529,3.05085,4.323595,beyond_data,,0.17047,0.143000,0.17047,4.5400,0.143239,0.16819,1,1,9.0648,estimated,0.50,0.08410,0.25229
0,31,0.5000,31.5000,1.0000,1.0000,5,0.508475,0.0288529,3.05085,3.050847,beyond_data,,0.24158,0.143000,0.24158,4.5400,0.143264,0.23802,1,1,9.0632,estimated,0.50,0.11901,0.35703
1,31,1.5000,31.5000,1.0000,3.0000,5,0.525424,0.0288529,3.15254,1.050847,beyond_data,,0.72475,0.143000,0.72475,4.5400,0.143379,0.70947,1,1,9.0559,estimated,0.50,0.35473,1.06420
2,31,2.5000,31.5000,1.0000,5.0000,5,0.542373,0.0288529,3.25424,0.650847,beyond_data,,1.20792,0.143000,1.20792,4.5400,0.143536,1.17214,1,1,9.0460,estimated,0.50,0.58607,1.75821
3,31,3.5000,31.5000,1.0000,7.0000,5,0.559322,0.0288529,3.35593,0.479419,beyond_data,,1.69109,0.143000,1.69109,4.5400,0.143744,1.62201,1,1,9.0329,estimated,0.50,0.81100,2.43301
4,31,4.5000,31.5000,1.0000,9.0000,5,0.576271,0.0288529,3.45763,0.384181,beyond_data,,2.17426,0.143000,2.17426,4.5400,0.144017,2.05407,1,0,9.0158,estimated,0.50,1.02703,3.08110
5,31,5.5000,31.5000,1.0000,11.0000,5,0.593220,0.0288529,3.55932,0.323575,beyond_data,,2.65743,0.143000,2.65743,4.5400,0.144365,2.46264,1,0,8.9940,estimated,0.50,1.23132,3.69395
6,31,6.5000,31.5000,1.0000,13.0000,5,0.610169,0.0288529,3.66102,0.281617,too_firm,,3.14060,0.143000,3.14060,4.5400,0.144799,2.84189,1,0,8.9671,estimated,0.50,1.42094,4.26283
7,31,7.5000,31.5000,1.0000,15.0000,5,0.627119,0.0288529,3.76271,0.250847,too_firm,,3.62377,0.143000,3.62377,4.5400,0.145323,3.18666,1,0,8.9348,estimated,0.50,1.59333,4.77998
8,31,8.5000,31.5000,1.0000,17.0000,5,0.644068,0.0288529,3.86441,0.227318,ok,0.144089,,0.144089,3.86441,4.5056,0.145922,3.49628,1,0,8.8981,estimated,0.50,1.74814,5.24442
9,31,9.5000,31.5000,1.0000,19.0000,5,0.661017,0.0288529,3.96610,0.208742,ok,0.145647,,0.145647,3.96610,4.4574,0.146607,3.76666,1,0,8.8566,estimated,0.50,1.88333,5.64999
10,31,10.5000,31.5000,1.0000,21.0000,5,0.677966,0.0288529,4.06780,0.193705,ok,0.147041,,0.147041,4.06780,4.4152,0.147376,3.99621,1,0,8.8103,estimated,0.50,1.99810,5.99431
11,31,11.5000,31.5000,1.0000,23.0000,5,0.694915,0.0288529,4.16949,0.181282,ok,0.148296,,0.148296,4.16949,4.3778,0.148211,4.18813,1,0,8.7607,estimated,0.50,2.09407,6.28220
12,31,12.5000,31.5000,1.0000,25.0000,5,0.711864,0.0288529,4.27119,0.170847,ok,0.149432,,0.149432,4.27119,4.3446,0.149090,4.34780,1,0,8.7090,estimated,0.50,2.17390,6.52170
13,31,13.5000,31.5000,1.0000,27.0000,5,0.728814,0.0288529,4.37288,0.161959,ok,0.150464,,0.150464,4.37288,4.3148,0.149982,4.48312,1,0,8.6572,estimated,0.50,2.24156,6.72467
14,31,14.5000,31.5000,1.0000,29.0000,5,0.745763,0.0288529,4.47458,0.154296,ok,0.151407,,0.151407,4.47458,4.2879,0.150884,4.59635,1,0,8.6055,estimated,0.50,2.29818,6.89453
15,31,15.5000,31.5000,1.0000,31.0000,5,0.762712,0.0288529,4.57627,0.147622,ok,0.152271,,0.152271,4.57627,4.2635,0.151769,4.69525,1,0,8.5553,estimated,0.50,2.34763,7.04288
16,31,16.5000,31.5000,1.0000,33.0000,5,0.779661,0.0288529,4.67797,0.141757,ok,0.153066,,0.153066,4.67797,4.2414,0.152631,4.78292,1,0,8.5070,estimated,0.50,2.39146,7.17438
17,31,17.5000,31.5000,1.0000,35.0000,5,0.796610,0.0288529,4.77966,0.136562,ok,0.153800,,0.153800,4.77966,4.2212,0.153470,4.86056,1,0,8.4605,estimated,0.50,2.43028,7.29084
18,31,18.5000,31.5000,1.0000,37.0000,5,0.813559,0.0288529,4.88136,0.131929,ok,0.154480,,0.154480,4.88136,4.2026,0.154295,4.92753,1,0,8.4153,estimated,0.50,2.46377,7.39130
19,31,19.5000,31.5000,1.0000,39.0000,5,0.830508,0.0288529,4.98305,0.127771,ok,0.155111,,0.155111,4.98305,4.1855,0.155117,4.98155,1,0,8.3706,estimated,0.50,2.49078,7.47233
20,31,20.5000,31.5000,1.0000,41.0000,5,0.847458,0.0288529,5.08475,0.124018,ok,0.155699,,0.155699,5.08475,4.1697,0.155955,5.01909,1,0,8.3257,estimated,0.50,2.50954,7.52863
21,31,21.5000,31.5000,1.0000,43.0000,5,0.864407,0.0288529,5.18644,0.120615,ok,0.156248,,0.156248,5.18644,4.1550,0.156828,5.03587,1,0,8.2793,estimated,0.50,2.51793,7.55380
22,31,22.5000,31.5000,1.0000,45.0000,5,0.881356,0.0288529,5.28814,0.117514,ok,0.156761,,0.156761,5.28814,4.1414,0.157755,5.10410,1,0,8.2307,estimated,0.50,2.55205,7.65615
23,31,23.5000,31.5000,1.0000,47.0000,5,0.898305,0.0288529,5.38983,0.114677,ok,0.157242,,0.157242,5.38983,4.1288,0.158754,5.21984,1,0,8.1789,estimated,0.50,2.60992,7.82977
24,31,24.5000,31.5000,1.0000,49.0000,5,0.915254,0.0288529,5.49153,0.112072,ok,0.158321,,0.158321,5.49153,4.1006,0.159827,5.32274,1,0,8.1239,estimated,0.50,2.66137,7.98412
25,31,25.5000,31.5000,1.0000,51.0000,5,0.932203,0.0288529,5.59322,0.109671,ok,0.159361,,0.159361,5.59322,4.0739,0.160995,5.41105,1,0,8.0650,estimated,0.50,2.70553,8.11658
26,31,26.5000,31.5000,1.0000,53.0000,5,0.949153,0.0288529,5.69492,0.107451,ok,0.160364,,0.160364,5.69492,4.0484,0.162262,5.48471,1,0,8.0020,estimated,0.50,2.74236,8.22707
27,31,27.5000,31.5000,1.0000,55.0000,5,0.966102,0.0288529,5.79661,0.105393,ok,0.161331,,0.161331,5.79661,4.0241,0.163629,5.54440,1,0,7.9352,estimated,0.50,2.77220,8.31660
28,31,28.5000,31.5000,1.0000,57.0000,5,0.983051,0.0288529,5.89831,0.103479,ok,0.162265,,0.162265,5.89831,4.0009,0.165089,5.59142,1,0,7.8650,estimated,0.50,2.79571,8.38712
29,31,29.5000,31.5000,1.0000,59.0000,5,0.983051,0.0288529,5.89831,0.099971,ok,0.164070,,0.164070,5.89831,3.9569,0.166599,5.63090,1,0,7.7938,estimated,0.50,2.81545,8.44634
30,31,30.5000,31.5000,1.0000,61.0000,5,0.983051,0.0288529,5.89831,0.096694,ok,0.165875,,0.165875,5.89831,3.9139,0.168194,5.65985,1,0,7.7198,estimated,0.50,2.82992,8.48977
31,31,31.5000,31.5000,1.0000,63.0000,5,0.983051,0.0288529,5.89831,0.093624,ok,0.167680,,0.167680,5.89831,3.8717,0.169844,5.68207,1,0,7.6449,estimated,0.50,2.84104,8.52311
32,31,32.5000,31.5000,1.0000,65.0000,5,0.983051,0.0288529,5.89831,0.090743,ok,0.169485,,0.169485,5.89831,3.8305,0.171528,5.69977,1,0,7.5698,estimated,0.50,2.84988,8.54965
33,31,33.5000,31.5000,1.0000,67.0000,5,0.983051,0.0288529,5.89831,0.088034,ok,0.171290,,0.171290,5.89831,3.7902,0.173228,5.71515,1,0,7.4955,estimated,0.50,2.85757,8.57272
34,31,34.5000,31.5000,1.0000,69.0000,5,0.983051,0.0288529,5.89831,0.085483,ok,0.173095,,0.173095,5.89831,3.7506,0.174919,5.73042,1,0,7.4230,estimated,0.50,2.86521,8.59564
35,31,35.5000,31.5000,1.0000,71.0000,5,0.983051,0.0288529,5.89831,0.083075,ok,0.174900,,0.174900,5.89831,3.7119,0.176576,5.74793,1,0,7.3534,estimated,0.50,2.87397,8.62190
36,31,36.5000,31.5000,1.0000,73.0000,5,0.983051,0.0288529,5.89831,0.080799,ok,0.176704,,0.176704,5.89831,3.6740,0.178167,5.77024,1,0,7.2877,estimated,0.50,2.88512,8.65537
37,31,37.5000,31.5000,1.0000,75.0000,5,0.983051,0.0288529,5.89831,0.078644,ok,0.178509,,0.178509,5.89831,3.6369,0.179653,5.80034,1,0,7.2275,estimated,0.50,2.90017,8.70051
38,31,38.5000,31.5000,1.0000,77.0000,5,0.983051,0.0288529,5.89831,0.076601,ok,0.180264,,0.180264,5.89831,3.6015,0.180988,5.82618,1,0,7.1741,estimated,0.50,2.91309,8.73927
39,31,39.5000,31.5000,1.0000,79.0000,5,0.983051,0.0288529,5.89831,0.074662,ok,0.181782,,0.181782,5.89831,3.5714,0.182115,5.86572,1,0,7.1297,estimated,0.50,2.93286,8.79859
40,31,40.5000,31.5000,1.0000,81.0000,5,0.983051,0.0288529,5.89831,0.072819,ok,0.183300,,0.183300,5.89831,3.5418,0.182976,5.92962,1,0,7.0962,estimated,0.50,2.96481,8.89442
41,31,41.5000,31.5000,1.0000,83.0000,5,0.983051,0.0288529,5.89831,0.071064,ok,0.184818,,0.184818,5.89831,3.5127,0.183514,6.02299,1,0,7.0754,estimated,0.50,3.01150,9.03449
42,31,42.5000,31.5000,1.0000,84.7056,2,0.983051,0.0288529,5.89831,0.069633,ok,0.186113,,0.186113,5.89831,3.4883,0.183687,6.12954,1,0,7.0687,estimated,0.50,3.06477,9.19431
43,31,43.5000,31.5000,1.0000,82.7056,2,0.983051,0.0288529,5.89831,0.071317,ok,0.184595,,0.184595,5.89831,3.5170,0.183458,6.00713,1,0,7.0776,estimated,0.50,3.00357,9.01070
44,31,44.5000,31.5000,1.0000,80.7056,2,0.983051,0.0288529,5.89831,0.073084,ok,0.183077,,0.183077,5.89831,3.5461,0.182869,5.91837,1,0,7.1003,estimated,0.50,2.95918,8.87755
45,31,45.5000,31.5000,1.0000,78.7056,2,0.983051,0.0288529,5.89831,0.074941,ok,0.181559,,0.181559,5.89831,3.5758,0.181966,5.85836,1,0,7.1356,estimated,0.50,2.92918,8.78754
46,31,46.5000,31.5000,1.0000,76.7056,2,0.983051,0.0288529,5.89831,0.076895,ok,0.180041,,0.180041,5.89831,3.6059,0.180804,5.82198,1,0,7.1814,estimated,0.50,2.91099,8.73297
47,31,47.5000,31.5000,1.0000,74.7056,2,0.983051,0.0288529,5.89831,0.078954,ok,0.178244,,0.178244,5.89831,3.6423,0.179443,5.79524,1,0,7.2359,estimated,0.50,2.89762,8.69285
48,31,48.5000,31.5000,1.0000,72.7056,2,0.983051,0.0288529,5.89831,0.081126,ok,0.176439,,0.176439,5.89831,3.6795,0.177938,5.76656,1,0,7.2971,estimated,0.50,2.88328,8.64985
49,31,49.5000,31.5000,1.0000,70.7056,2,0.983051,0.0288529,5.89831,0.083421,ok,0.174634,,0.174634,5.89831,3.7176,0.176334,5.74527,1,0,7.3635,estimated,0.50,2.87263,8.61790
50,31,50.5000,31.5000,1.0000,68.7056,2,0.983051,0.0288529,5.89831,0.085849,ok,0.172829,,0.172829,5.89831,3.7564,0.174668,5.72845,1,0,7.4337,estimated,0.50,2.86422,8.59267
51,31,51.5000,31.5000,1.0000,66.7056,2,0.983051,0.0288529,5.89831,0.088423,ok,0.171024,,0.171024,5.89831,3.7960,0.172970,5.71360,1,0,7.5067,estimated,0.50,2.85680,8.57040
52,31,52.5000,31.5000,1.0000,64.7056,2,0.983051,0.0288529,5.89831,0.091156,ok,0.169219,,0.169219,5.89831,3.8365,0.171267,5.69844,1,0,7.5813,estimated,0.50,2.84922,8.54766
53,31,53.5000,31.5000,1.0000,62.7056,2,0.983051,0.0288529,5.89831,0.094063,ok,0.167414,,0.167414,5.89831,3.8779,0.169582,5.68075,1,0,7.6567,estimated,0.50,2.84037,8.52112
54,31,54.5000,31.5000,1.0000,60.7056,2,0.983051,0.0288529,5.89831,0.097162,ok,0.165610,,0.165610,5.89831,3.9202,0.167933,5.65831,1,0,7.7318,estimated,0.50,2.82916,8.48747
55,31,55.5000,31.5000,1.0000,58.7056,2,0.983051,0.0288529,5.89831,0.100473,ok,0.163805,,0.163805,5.89831,3.9633,0.166340,5.62888,1,0,7.8059,estimated,0.50,2.81444,8.44331
56,31,56.5000,31.5000,1.0000,56.7056,2,0.983051,0.0288529,5.89831,0.104016,ok,0.162000,,0.162000,5.89831,4.0075,0.164836,5.58858,1,0,7.8771,estimated,0.50,2.79429,8.38287
57,31,57.5000,31.5000,1.0000,54.7056,2,0.966102,0.0288529,5.79661,0.105960,ok,0.161061,,0.161061,5.79661,4.0309,0.163383,5.54049,1,0,7.9471,estimated,0.50,2.77024,8.31073
58,31,58.5000,31.5000,1.0000,52.7056,2,0.949153,0.0288529,5.69492,0.108051,ok,0.160089,,0.160089,5.69492,4.0553,0.162026,5.47943,1,0,8.0137,estimated,0.50,2.73971,8.21914
59,31,59.5000,31.5000,1.0000,50.7056,2,0.932203,0.0288529,5.59322,0.110308,ok,0.159081,,0.159081,5.59322,4.0810,0.160769,5.40414,1,0,8.0764,estimated,0.50,2.70207,8.10621
60,31,60.5000,31.5000,1.0000,48.7056,2,0.915254,0.0288529,5.49153,0.112749,ok,0.158036,,0.158036,5.49153,4.1080,0.159613,5.31405,1,0,8.1349,estimated,0.50,2.65702,7.97107
61,31,61.5000,31.5000,1.0000,46.7056,2,0.898305,0.0288529,5.38983,0.115400,ok,0.157118,,0.157118,5.38983,4.1320,0.158547,5.20962,1,0,8.1895,estimated,0.50,2.60481,7.81444
62,31,62.5000,31.5000,1.0000,44.7056,2,0.881356,0.0288529,5.28814,0.118288,ok,0.156632,,0.156632,5.28814,4.1449,0.157558,5.09206,1,0,8.2410,estimated,0.50,2.54603,7.63809
63,31,63.5000,31.5000,1.0000,42.7056,2,0.864407,0.0288529,5.18644,0.121446,ok,0.156112,,0.156112,5.18644,4.1586,0.156639,5.04958,1,0,8.2893,estimated,0.50,2.52479,7.57436
64,31,64.5000,31.5000,1.0000,40.7056,2,0.847458,0.0288529,5.08475,0.124915,ok,0.155557,,0.155557,5.08475,4.1735,0.155772,5.02963,1,0,8.3355,estimated,0.50,2.51482,7.54445
65,31,65.5000,31.5000,1.0000,38.7056,2,0.830508,0.0288529,4.98305,0.128742,ok,0.154962,,0.154962,4.98305,4.1895,0.154936,4.98951,1,0,8.3804,estimated,0.50,2.49476,7.48427
66,31,66.5000,31.5000,1.0000,36.7056,2,0.813559,0.0288529,4.88136,0.132987,ok,0.154323,,0.154323,4.88136,4.2069,0.154114,4.93343,1,0,8.4251,estimated,0.50,2.46671,7.40014
67,31,67.5000,31.5000,1.0000,34.7056,2,0.796610,0.0288529,4.77966,0.137720,ok,0.153634,,0.153634,4.77966,4.2257,0.153287,4.86475,1,0,8.4706,estimated,0.50,2.43237,7.29712
68,31,68.5000,31.5000,1.0000,32.7056,2,0.779661,0.0288529,4.67797,0.143032,ok,0.152890,,0.152890,4.67797,4.2463,0.152444,4.78551,1,0,8.5174,estimated,0.50,2.39275,7.17826
69,31,69.5000,31.5000,1.0000,30.7056,2,0.762712,0.0288529,4.57627,0.149037,ok,0.152084,,0.152084,4.57627,4.2688,0.151579,4.69604,1,0,8.5660,estimated,0.50,2.34802,7.04406
70,31,70.5000,31.5000,1.0000,28.7056,2,0.745763,0.0288529,4.47458,0.155878,ok,0.151208,,0.151208,4.47458,4.2935,0.150692,4.59481,1,0,8.6164,estimated,0.50,2.29740,6.89221
71,31,71.5000,31.5000,1.0000,26.7056,2,0.728814,0.0288529,4.37288,0.163744,ok,0.150252,,0.150252,4.37288,4.3209,0.149791,4.47839,1,0,8.6683,estimated,0.50,2.23919,6.71758
72,31,72.5000,31.5000,1.0000,24.7056,2,0.711864,0.0288529,4.27119,0.172883,ok,0.149204,,0.149204,4.27119,4.3512,0.148903,4.33882,1,0,8.7200,estimated,0.50,2.16941,6.50822
73,31,73.5000,31.5000,1.0000,22.7056,2,0.694915,0.0288529,4.16949,0.183633,ok,0.148051,,0.148051,4.16949,4.3851,0.148032,4.17375,1,0,8.7713,estimated,0.50,2.08688,6.26063
74,31,74.5000,31.5000,1.0000,20.7056,2,0.677966,0.0288529,4.06780,0.196459,ok,0.146776,,0.146776,4.06780,4.4232,0.147208,3.97538,1,0,8.8204,estimated,0.50,1.98769,5.96307
75,31,75.5000,31.5000,1.0000,18.7056,2,0.661017,0.0288529,3.96610,0.212027,ok,0.145359,,0.145359,3.96610,4.4663,0.146454,3.73865,1,0,8.8658,estimated,0.50,1.86932,5.60797
76,31,76.5000,31.5000,1.0000,16.7056,2,0.644068,0.0288529,3.86441,0.231324,ok,0.143775,,0.143775,3.86441,4.5155,0.145788,3.46080,1,0,8.9063,estimated,0.50,1.73040,5.19120
77,31,77.5000,31.5000,1.0000,14.7056,2,0.627119,0.0288529,3.76271,0.255869,too_firm,,3.55265,0.143000,3.55265,4.5400,0.145201,3.14488,1,0,8.9423,estimated,0.50,1.57244,4.71732
78,31,78.5000,31.5000,1.0000,12.7056,2,0.610169,0.0288529,3.66102,0.288141,beyond_data,,3.06948,0.143000,3.06948,4.5400,0.144695,2.79339,1,0,8.9736,estimated,0.50,1.39669,4.19008
79,31,79.5000,31.5000,1.0000,10.7056,2,0.593220,0.0288529,3.55932,0.332472,beyond_data,,2.58631,0.143000,2.58631,4.5400,0.144279,2.40819,1,0,8.9994,estimated,0.50,1.20409,3.61228
80,31,80.5000,31.5000,1.0000,8.7056,2,0.576271,0.0288529,3.45763,0.397171,beyond_data,,2.10315,0.143000,2.10315,4.5400,0.143947,1.99464,1,0,9.0202,estimated,0.50,0.99732,2.99196
81,31,81.5000,31.5000,1.0000,6.7056,2,0.559322,0.0288529,3.35593,0.500465,beyond_data,,1.61998,0.143000,1.61998,4.5400,0.143688,1.55864,1,1,9.0364,estimated,0.50,0.77932,2.33797
82,31,82.5000,31.5000,1.0000,4.7056,2,0.542373,0.0288529,3.25424,0.691563,beyond_data,,1.13681,0.143000,1.13681,4.5400,0.143492,1.10582,1,1,9.0488,estimated,0.50,0.55291,1.65874
83,31,83.5000,31.5000,1.0000,2.7056,2,0.525424,0.0288529,3.15254,1.165180,beyond_data,,0.65364,0.143000,0.65364,4.5400,0.143346,0.64105,1,1,9.0580,estimated,0.50,0.32052,0.96157
84,31,84.5000,31.5000,1.0000,0.7056,2,0.508475,0.0288529,3.05085,4.323595,beyond_data,,0.17047,0.143000,0.17047,4.5400,0.143239,0.16819,1,1,9.0648,estimated,0.50,0.08410,0.25229
0,32,0.5000,32.5000,1.0000,1.0000,5,0.508475,0.0288529,3.05085,3.050847,beyond_data,,0.24158,0.143000,0.24158,4.5400,0.143264,0.23802,1,1,9.0632,estimated,0.50,0.11901,0.35703
1,32,1.5000,32.5000,1.0000,3.0000,5,0.525424,0.0288529,3.15254,1.050847,beyond_data,,0.72475,0.143000,0.72475,4.5400,0.143379,0.70947,1,1,9.0559,estimated,0.50,0.35473,1.06420
2,32,2.5000,32.5000,1.0000,5.0000,5,0.542373,0.0288529,3.25424,0.650847,beyond_data,,1.20792,0.143000,1.20792,4.5400,0.143536,1.17214,1,1,9.0460,estimated,0.50,0.58607,1.75821
3,32,3.5000,32.5000,1.0000,7.0000,5,0.559322,0.0288529,3.35593,0.479419,beyond_data,,1.69109,0.143000,1.69109,4.5400,0.143744,1.62201,1,1,9.0329,estimated,0.50,0.81100,2.43301
4,32,4.5000,32.5000,1.0000,9.0000,5,0.576271,0.0288529,3.45763,0.384181,beyond_data,,2.17426,0.143000,2.17426,4.5400,0.144017,2.05407,1,0,9.0158,estimated,0.50,1.02703,3.08110
5,32,5.5000,32.5000,1.0000,11.0000,5,0.593220,0.0288529,3.55932,0.323575,beyond_data,,2.65743,0.143000,2.65743,4.5400,0.144366,2.46263,1,0,8.9940,estimated,0.50,1.23131,3.69394
6,32,6.5000,32.5000,1.0000,13.0000,5,0.610169,0.0288529,3.66102,0.281617,too_firm,,3.14060,0.143000,3.14060,4.5400,0.144799,2.84187,1,0,8.9671,estimated,0.50,1.42093,4.26280
7,32,7.5000,32.5000,1.0000,15.0000,5,0.627119,0.0288529,3.76271,0.250847,too_firm,,3.62377,0.143000,3.62377,4.5400,0.145323,3.18662,1,0,8.9348,estimated,0.50,1.59331,4.77993
8,32,8.5000,32.5000,1.0000,17.0000,5,0.644068,0.0288529,3.86441,0.227318,ok,0.144089,,0.144089,3.86441,4.5056,0.145923,3.49621,1,0,8.8981,estimated,0.50,1.74810,5.24431
9,32,9.5000,32.5000,1.0000,19.0000,5,0.661017,0.0288529,3.96610,0.208742,ok,0.145647,,0.145647,3.96610,4.4574,0.146607,3.76653,1,0,8.8565,estimated,0.50,1.88326,5.64979
10,32,10.5000,32.5000,1.0000,21.0000,5,0.677966,0.0288529,4.06780,0.193705,ok,0.147041,,0.147041,4.06780,4.4152,0.147377,3.99597,1,0,8.8103,estimated,0.50,1.99798,5.99395
11,32,11.5000,32.5000,1.0000,23.0000,5,0.694915,0.0288529,4.16949,0.181282,ok,0.148296,,0.148296,4.16949,4.3778,0.148213,4.18772,1,0,8.7606,estimated,0.50,2.09386,6.28158
12,32,12.5000,32.5000,1.0000,25.0000,5,0.711864,0.0288529,4.27119,0.170847,ok,0.149432,,0.149432,4.27119,4.3446,0.149093,4.34712,1,0,8.7089,estimated,0.50,2.17356,6.52067
13,32,13.5000,32.5000,1.0000,27.0000,5,0.728814,0.0288529,4.37288,0.161959,ok,0.150464,,0.150464,4.37288,4.3148,0.149987,4.48205,1,0,8.6570,estimated,0.50,2.24103,6.72308
14,32,14.5000,32.5000,1.0000,29.0000,5,0.745763,0.0288529,4.47458,0.154296,ok,0.151407,,0.151407,4.47458,4.2879,0.150891,4.59463,1,0,8.6051,estimated,0.50,2.29732,6.89195
15,32,15.5000,32.5000,1.0000,31.0000,5,0.762712,0.0288529,4.57627,0.147622,ok,0.152271,,0.152271,4.57627,4.2635,0.151780,4.69254,1,0,8.5547,estimated,0.50,2.34627,7.03880
16,32,16.5000,32.5000,1.0000,33.0000,5,0.779661,0.0288529,4.67797,0.141757,ok,0.153066,,0.153066,4.67797,4.2414,0.152648,4.77875,1,0,8.5060,estimated,0.50,2.38937,7.16812
17,32,17.5000,32.5000,1.0000,35.0000,5,0.796610,0.0288529,4.77966,0.136562,ok,0.153800,,0.153800,4.77966,4.2212,0.153495,4.85433,1,0,8.4591,estimated,0.50,2.42717,7.28150
18,32,18.5000,32.5000,1.0000,37.0000,5,0.813559,0.0288529,4.88136,0.131929,ok,0.154480,,0.154480,4.88136,4.2026,0.154331,4.91849,1,0,8.4133,estimated,0.50,2.45924,7.37773
19,32,19.5000,32.5000,1.0000,39.0000,5,0.830508,0.0288529,4.98305,0.127771,ok,0.155111,,0.155111,4.98305,4.1855,0.155168,4.96879,1,0,8.3679,estimated,0.50,2.48439,7.45318
20,32,20.5000,32.5000,1.0000,41.0000,5,0.847458,0.0288529,5.08475,0.124018,ok,0.155699,,0.155699,5.08475,4.1697,0.156024,5.00160,1,0,8.3220,estimated,0.50,2.50080,7.50240
21,32,21.5000,32.5000,1.0000,43.0000,5,0.864407,0.0288529,5.18644,0.120615,ok,0.156248,,0.156248,5.18644,4.1550,0.156919,5.01264,1,0,8.2745,estimated,0.50,2.50632,7.51896
22,32,22.5000,32.5000,1.0000,45.0000,5,0.881356,0.0288529,5.28814,0.117514,ok,0.156761,,0.156761,5.28814,4.1414,0.157872,5.09138,1,0,8.2246,estimated,0.50,2.54569,7.63707
23,32,23.5000,32.5000,1.0000,47.0000,5,0.898305,0.0288529,5.38983,0.114677,ok,0.157242,,0.157242,5.38983,4.1288,0.158901,5.20389,1,0,8.1713,estimated,0.50,2.60194,7.80583
24,32,24.5000,32.5000,1.0000,49.0000,5,0.915254,0.0288529,5.49153,0.112072,ok,0.158321,,0.158321,5.49153,4.1006,0.160007,5.30333,1,0,8.1148,estimated,0.50,2.65167,7.95500
25,32,25.5000,32.5000,1.0000,51.0000,5,0.932203,0.0288529,5.59322,0.109671,ok,0.159361,,0.159361,5.59322,4.0739,0.161209,5.38809,1,0,8.0543,estimated,0.50,2.69404,8.08213
26,32,26.5000,32.5000,1.0000,53.0000,5,0.949153,0.0288529,5.69492,0.107451,ok,0.160364,,0.160364,5.69492,4.0484,0.162512,5.45827,1,0,7.9898,estimated,0.50,2.72914,8.18741
27,32,27.5000,32.5000,1.0000,55.0000,5,0.966102,0.0288529,5.79661,0.105393,ok,0.161331,,0.161331,5.79661,4.0241,0.163913,5.51473,1,0,7.9215,estimated,0.50,2.75736,8.27209
28,32,28.5000,32.5000,1.0000,57.0000,5,0.966102,0.0288529,5.79661,0.101695,ok,0.163168,,0.163168,5.79661,3.9788,0.165373,5.56225,1,0,7.8515,estimated,0.50,2.78112,8.34337
29,32,29.5000,32.5000,1.0000,59.0000,5,0.966102,0.0288529,5.79661,0.098248,ok,0.165004,,0.165004,5.79661,3.9345,0.166930,5.59766,1,0,7.7783,estimated,0.50,2.79883,8.39650
30,32,30.5000,32.5000,1.0000,61.0000,5,0.966102,0.0288529,5.79661,0.095026,ok,0.166841,,0.166841,5.79661,3.8912,0.168555,5.62452,1,0,7.7033,estimated,0.50,2.81226,8.43678
31,32,31.5000,32.5000,1.0000,63.0000,5,0.966102,0.0288529,5.79661,0.092010,ok,0.168677,,0.168677,5.79661,3.8489,0.170230,5.64514,1,0,7.6275,estimated,0.50,2.82257,8.46770
32,32,32.5000,32.5000,1.0000,65.0000,5,0.966102,0.0288529,5.79661,0.089179,ok,0.170514,,0.170514,5.79661,3.8074,0.171937,5.66167,1,0,7.5518,estimated,0.50,2.83084,8.49251
33,32,33.5000,32.5000,1.0000,67.0000,5,0.966102,0.0288529,5.79661,0.086517,ok,0.172351,,0.172351,5.79661,3.7668,0.173655,5.67627,1,0,7.4771,estimated,0.50,2.83813,8.51440
34,32,34.5000,32.5000,1.0000,69.0000,5,0.966102,0.0288529,5.79661,0.084009,ok,0.174187,,0.174187,5.79661,3.7271,0.175362,5.69105,1,0,7.4043,estimated,0.50,2.84552,8.53657
35,32,35.5000,32.5000,1.0000,71.0000,5,0.966102,0.0288529,5.79661,0.081642,ok,0.176024,,0.176024,5.79661,3.6882,0.177033,5.70822,1,0,7.3344,estimated,0.50,2.85411,8.56233
36,32,36.5000,32.5000,1.0000,73.0000,5,0.966102,0.0288529,5.79661,0.079406,ok,0.177860,,0.177860,5.79661,3.6501,0.178636,5.73031,1,0,7.2686,estimated,0.50,2.86516,8.59547
37,32,37.5000,32.5000,1.0000,75.0000,5,0.966102,0.0288529,5.79661,0.077288,ok,0.179697,,0.179697,5.79661,3.6128,0.180135,5.75784,1,0,7.2081,estimated,0.50,2.87892,8.63676
38,32,38.5000,32.5000,1.0000,77.0000,5,0.966102,0.0288529,5.79661,0.075281,ok,0.181290,,0.181290,5.79661,3.5811,0.181482,5.77795,1,0,7.1546,estimated,0.50,2.88898,8.66693
39,32,39.5000,32.5000,1.0000,79.0000,5,0.966102,0.0288529,5.79661,0.073375,ok,0.182834,,0.182834,5.79661,3.5508,0.182619,5.81713,1,0,7.1101,estimated,0.50,2.90856,8.72569
40,32,40.5000,32.5000,1.0000,81.0000,5,0.966102,0.0288529,5.79661,0.071563,ok,0.184379,,0.184379,5.79661,3.5211,0.183488,5.88033,1,0,7.0764,estimated,0.50,2.94017,8.82050
41,32,41.5000,32.5000,1.0000,83.0000,5,0.966102,0.0288529,5.79661,0.069839,ok,0.185923,,0.185923,5.79661,3.4918,0.184034,5.97268,1,0,7.0554,estimated,0.50,2.98634,8.95902
42,32,42.5000,32.5000,1.0000,84.7056,2,0.966102,0.0288529,5.79661,0.068432,ok,0.187241,,0.187241,5.79661,3.4673,0.184211,6.07808,1,0,7.0486,estimated,0.50,3.03904,9.11713
43,32,43.5000,32.5000,1.0000,82.7056,2,0.966102,0.0288529,5.79661,0.070087,ok,0.185696,,0.185696,5.79661,3.4961,0.183976,5.95700,1,0,7.0576,estimated,0.50,2.97850,8.93550
44,32,44.5000,32.5000,1.0000,80.7056,2,0.966102,0.0288529,5.79661,0.071824,ok,0.184151,,0.184151,5.79661,3.5254,0.183380,5.86921,1,0,7.0805,estimated,0.50,2.93460,8.80381
45,32,45.5000,32.5000,1.0000,78.7056,2,0.966102,0.0288529,5.79661,0.073649,ok,0.182607,,0.182607,5.79661,3.5553,0.182468,5.80984,1,0,7.1159,estimated,0.50,2.90492,8.71476
46,32,46.5000,32.5000,1.0000,76.7056,2,0.966102,0.0288529,5.79661,0.075570,ok,0.181062,,0.181062,5.79661,3.5856,0.181296,5.77378,1,0,7.1619,estimated,0.50,2.88689,8.66067
47,32,47.5000,32.5000,1.0000,74.7056,2,0.966102,0.0288529,5.79661,0.077593,ok,0.179426,,0.179426,5.79661,3.6183,0.179924,5.75490,1,0,7.2166,estimated,0.50,2.87745,8.63236
48,32,48.5000,32.5000,1.0000,72.7056,2,0.966102,0.0288529,5.79661,0.079727,ok,0.177590,,0.177590,5.79661,3.6557,0.178405,5.72668,1,0,7.2780,estimated,0.50,2.86334,8.59002
49,32,49.5000,32.5000,1.0000,70.7056,2,0.966102,0.0288529,5.79661,0.081982,ok,0.175753,,0.175753,5.79661,3.6939,0.176789,5.70556,1,0,7.3445,estimated,0.50,2.85278,8.55835
50,32,50.5000,32.5000,1.0000,68.7056,2,0.966102,0.0288529,5.79661,0.084369,ok,0.173917,,0.173917,5.79661,3.7329,0.175109,5.68907,1,0,7.4150,estimated,0.50,2.84454,8.53361
51,32,51.5000,32.5000,1.0000,66.7056,2,0.966102,0.0288529,5.79661,0.086898,ok,0.172080,,0.172080,5.79661,3.7727,0.173396,5.67473,1,0,7.4882,estimated,0.50,2.83736,8.51209
52,32,52.5000,32.5000,1.0000,64.7056,2,0.966102,0.0288529,5.79661,0.089584,ok,0.170244,,0.170244,5.79661,3.8134,0.171674,5.66036,1,0,7.5633,estimated,0.50,2.83018,8.49054
53,32,53.5000,32.5000,1.0000,62.7056,2,0.966102,0.0288529,5.79661,0.092442,ok,0.168407,,0.168407,5.79661,3.8550,0.169966,5.64384,1,0,7.6394,estimated,0.50,2.82192,8.46577
54,32,54.5000,32.5000,1.0000,60.7056,2,0.966102,0.0288529,5.79661,0.095487,ok,0.166571,,0.166571,5.79661,3.8975,0.168291,5.62304,1,0,7.7154,estimated,0.50,2.81152,8.43455
55,32,55.5000,32.5000,1.0000,58.7056,2,0.966102,0.0288529,5.79661,0.098740,ok,0.164734,,0.164734,5.79661,3.9410,0.166669,5.59571,1,0,7.7904,estimated,0.50,2.79786,8.39357
56,32,56.5000,32.5000,1.0000,56.7056,2,0.966102,0.0288529,5.79661,0.102223,ok,0.162898,,0.162898,5.79661,3.9854,0.165118,5.55954,1,0,7.8636,estimated,0.50,2.77977,8.33930
57,32,57.5000,32.5000,1.0000,54.7056,2,0.966102,0.0288529,5.79661,0.105960,ok,0.161061,,0.161061,5.79661,4.0309,0.163665,5.51092,1,0,7.9335,estimated,0.50,2.75546,8.26638
58,32,58.5000,32.5000,1.0000,52.7056,2,0.949153,0.0288529,5.69492,0.108051,ok,0.160089,,0.160089,5.69492,4.0553,0.162273,5.45311,1,0,8.0015,estimated,0.50,2.72655,8.17966
59,32,59.5000,32.5000,1.0000,50.7056,2,0.932203,0.0288529,5.59322,0.110308,ok,0.159081,,0.159081,5.59322,4.0810,0.160981,5.38132,1,0,8.0657,estimated,0.50,2.69066,8.07198
60,32,60.5000,32.5000,1.0000,48.7056,2,0.915254,0.0288529,5.49153,0.112749,ok,0.158036,,0.158036,5.49153,4.1080,0.159790,5.29479,1,0,8.1258,estimated,0.50,2.64740,7.94219
61,32,61.5000,32.5000,1.0000,46.7056,2,0.898305,0.0288529,5.38983,0.115400,ok,0.157118,,0.157118,5.38983,4.1320,0.158692,5.19383,1,0,8.1821,estimated,0.50,2.59691,7.79074
62,32,62.5000,32.5000,1.0000,44.7056,2,0.881356,0.0288529,5.28814,0.118288,ok,0.156632,,0.156632,5.28814,4.1449,0.157674,5.07950,1,0,8.2349,estimated,0.50,2.53975,7.61925
63,32,63.5000,32.5000,1.0000,42.7056,2,0.864407,0.0288529,5.18644,0.121446,ok,0.156112,,0.156112,5.18644,4.1586,0.156729,5.02666,1,0,8.2846,estimated,0.50,2.51333,7.53999
64,32,64.5000,32.5000,1.0000,40.7056,2,0.847458,0.0288529,5.08475,0.124915,ok,0.155557,,0.155557,5.08475,4.1735,0.155839,5.01242,1,0,8.3318,estimated,0.50,2.50621,7.51863
65,32,65.5000,32.5000,1.0000,38.7056,2,0.830508,0.0288529,4.98305,0.128742,ok,0.154962,,0.154962,4.98305,4.1895,0.154986,4.97697,1,0,8.3777,estimated,0.50,2.48849,7.46546
66,32,66.5000,32.5000,1.0000,36.7056,2,0.813559,0.0288529,4.88136,0.132987,ok,0.154323,,0.154323,4.88136,4.2069,0.154149,4.92455,1,0,8.4232,estimated,0.50,2.46228,7.38683
67,32,67.5000,32.5000,1.0000,34.7056,2,0.796610,0.0288529,4.77966,0.137720,ok,0.153634,,0.153634,4.77966,4.2257,0.153312,4.85865,1,0,8.4692,estimated,0.50,2.42932,7.28797
68,32,68.5000,32.5000,1.0000,32.7056,2,0.779661,0.0288529,4.67797,0.143032,ok,0.152890,,0.152890,4.67797,4.2463,0.152461,4.78142,1,0,8.5165,estimated,0.50,2.39071,7.17214
69,32,69.5000,32.5000,1.0000,30.7056,2,0.762712,0.0288529,4.57627,0.149037,ok,0.152084,,0.152084,4.57627,4.2688,0.151590,4.69338,1,0,8.5654,estimated,0.50,2.34669,7.04007
70,32,70.5000,32.5000,1.0000,28.7056,2,0.745763,0.0288529,4.47458,0.155878,ok,0.151208,,0.151208,4.47458,4.2935,0.150699,4.59312,1,0,8.6160,estimated,0.50,2.29656,6.88968
71,32,71.5000,32.5000,1.0000,26.7056,2,0.728814,0.0288529,4.37288,0.163744,ok,0.150252,,0.150252,4.37288,4.3209,0.149795,4.47735,1,0,8.6680,estimated,0.50,2.23867,6.71602
72,32,72.5000,32.5000,1.0000,24.7056,2,0.711864,0.0288529,4.27119,0.172883,ok,0.149204,,0.149204,4.27119,4.3512,0.148905,4.33815,1,0,8.7198,estimated,0.50,2.16907,6.50722
73,32,73.5000,32.5000,1.0000,22.7056,2,0.694915,0.0288529,4.16949,0.183633,ok,0.148051,,0.148051,4.16949,4.3851,0.148033,4.17335,1,0,8.7712,estimated,0.50,2.08667,6.26002
74,32,74.5000,32.5000,1.0000,20.7056,2,0.677966,0.0288529,4.06780,0.196459,ok,0.146776,,0.146776,4.06780,4.4232,0.147209,3.97515,1,0,8.8203,estimated,0.50,1.98757,5.96272
75,32,75.5000,32.5000,1.0000,18.7056,2,0.661017,0.0288529,3.96610,0.212027,ok,0.145359,,0.145359,3.96610,4.4663,0.146455,3.73852,1,0,8.8657,estimated,0.50,1.86926,5.60777
76,32,76.5000,32.5000,1.0000,16.7056,2,0.644068,0.0288529,3.86441,0.231324,ok,0.143775,,0.143775,3.86441,4.5155,0.145788,3.46073,1,0,8.9063,estimated,0.50,1.73036,5.19109
77,32,77.5000,32.5000,1.0000,14.7056,2,0.627119,0.0288529,3.76271,0.255869,too_firm,,3.55265,0.143000,3.55265,4.5400,0.145202,3.14484,1,0,8.9423,estimated,0.50,1.57242,4.71726
78,32,78.5000,32.5000,1.0000,12.7056,2,0.610169,0.0288529,3.66102,0.288141,beyond_data,,3.06948,0.143000,3.06948,4.5400,0.144695,2.79337,1,0,8.9736,estimated,0.50,1.39669,4.19006
79,32,79.5000,32.5000,1.0000,10.7056,2,0.593220,0.0288529,3.55932,0.332472,beyond_data,,2.58631,0.143000,2.58631,4.5400,0.144279,2.40818,1,0,8.9994,estimated,0.50,1.20409,3.61227
80,32,80.5000,32.5000,1.0000,8.7056,2,0.576271,0.0288529,3.45763,0.397171,beyond_data,,2.10315,0.143000,2.10315,4.5400,0.143947,1.99464,1,0,9.0202,estimated,0.50,0.99732,2.99196
81,32,81.5000,32.5000,1.0000,6.7056,2,0.559322,0.0288529,3.35593,0.500465,beyond_data,,1.61998,0.143000,1.61998,4.5400,0.143688,1.55864,1,1,9.0364,estimated,0.50,0.77932,2.33796
82,32,82.5000,32.5000,1.0000,4.7056,2,0.542373,0.0288529,3.25424,0.691563,beyond_data,,1.13681,0.143000,1.13681,4.5400,0.143492,1.10582,1,1,9.0488,estimated,0.50,0.55291,1.65873
83,32,83.5000,32.5000,1.0000,2.7056,2,0.525424,0.0288529,3.15254,1.165180,beyond_data,,0.65364,0.143000,0.65364,4.5400,0.143346,0.64105,1,1,9.0580,estimated,0.50,0.32052,0.96157
84,32,84.5000,32.5000,1.0000,0.7056,2,0.508475,0.0288529,3.05085,4.323595,beyond_data,,0.17047,0.143000,0.17047,4.5400,0.143239,0.16819,1,1,9.0648,estimated,0.50,0.08410,0.25229
0,33,0.5000,33.5000,1.0000,1.0000,5,0.508475,0.0288529,3.05085,3.050847,beyond_data,,0.24158,0.143000,0.24158,4.5400,0.143264,0.23802,1,1,9.0632,estimated,0.50,0.11901,0.35703
1,33,1.5000,33.5000,1.0000,3.0000,5,0.525424,0.0288529,3.15254,1.050847,beyond_data,,0.72475,0.143000,0.72475,4.5400,0.143379,0.70947,1,1,9.0559,estimated,0.50,0.35473,1.06420
2,33,2.5000,33.5000,1.0000,5.0000,5,0.542373,0.0288529,3.25424,0.650847,beyond_data,,1.20792,0.143000,1.20792,4.5400,0.143536,1.17214,1,1,9.0460,estimated,0.50,0.58607,1.75821
3,33,3.5000,33.5000,1.0000,7.0000,5,0.559322,0.0288529,3.35593,0.479419,beyond_data,,1.69109,0.143000,1.69109,4.5400,0.143744,1.62200,1,1,9.0329,estimated,0.50,0.81100,2.43301
4,33,4.5000,33.5000,1.0000,9.0000,5,0.576271,0.0288529,3.45763,0.384181,beyond_data,,2.17426,0.143000,2.17426,4.5400,0.144017,2.05406,1,0,9.0158,estimated,0.50,1.02703,3.08109
5,33,5.5000,33.5000,1.0000,11.0000,5,0.593220,0.0288529,3.55932,0.323575,beyond_data,,2.65743,0.143000,2.65743,4.5400,0.144366,2.46261,1,0,8.9940,estimated,0.50,1.23131,3.69392
6,33,6.5000,33.5000,1.0000,13.0000,5,0.610169,0.0288529,3.66102,0.281617,too_firm,,3.14060,0.143000,3.14060,4.5400,0.144799,2.84183,1,0,8.9671,estimated,0.50,1.42092,4.26275
7,33,7.5000,33.5000,1.0000,15.0000,5,0.627119,0.0288529,3.76271,0.250847,too_firm,,3.62377,0.143000,3.62377,4.5400,0.145324,3.18654,1,0,8.9347,estimated,0.50,1.59327,4.77981
8,33,8.5000,33.5000,1.0000,17.0000,5,0.644068,0.0288529,3.86441,0.227318,ok,0.144089,,0.144089,3.86441,4.5056,0.145923,3.49607,1,0,8.8980,estimated,0.50,1.74803,5.24410
9,33,9.5000,33.5000,1.0000,19.0000,5,0.661017,0.0288529,3.96610,0.208742,ok,0.145647,,0.145647,3.96610,4.4574,0.146609,3.76628,1,0,8.8564,estimated,0.50,1.88314,5.64942
10,33,10.5000,33.5000,1.0000,21.0000,5,0.677966,0.0288529,4.06780,0.193705,ok,0.147041,,0.147041,4.06780,4.4152,0.147379,3.99555,1,0,8.8101,estimated,0.50,1.99777,5.99332
11,33,11.5000,33.5000,1.0000,23.0000,5,0.694915,0.0288529,4.16949,0.181282,ok,0.148296,,0.148296,4.16949,4.3778,0.148216,4.18701,1,0,8.7604,estimated,0.50,2.09351,6.28052
12,33,12.5000,33.5000,1.0000,25.0000,5,0.711864,0.0288529,4.27119,0.170847,ok,0.149432,,0.149432,4.27119,4.3446,0.149098,4.34595,1,0,8.7086,estimated,0.50,2.17297,6.51892
13,33,13.5000,33.5000,1.0000,27.0000,5,0.728814,0.0288529,4.37288,0.161959,ok,0.150464,,0.150464,4.37288,4.3148,0.149994,4.48026,1,0,8.6565,estimated,0.50,2.24013,6.72038
14,33,14.5000,33.5000,1.0000,29.0000,5,0.745763,0.0288529,4.47458,0.154296,ok,0.151407,,0.151407,4.47458,4.2879,0.150903,4.59177,1,0,8.6044,estimated,0.50,2.29588,6.88765
15,33,15.5000,33.5000,1.0000,31.0000,5,0.762712,0.0288529,4.57627,0.147622,ok,0.152271,,0.152271,4.57627,4.2635,0.151799,4.68809,1,0,8.5536,estimated,0.50,2.34404,7.03213
16,33,16.5000,33.5000,1.0000,33.0000,5,0.779661,0.0288529,4.67797,0.141757,ok,0.153066,,0.153066,4.67797,4.2414,0.152676,4.77202,1,0,8.5045,estimated,0.50,2.38601,7.15803
17,33,17.5000,33.5000,1.0000,35.0000,5,0.796610,0.0288529,4.77966,0.136562,ok,0.153800,,0.153800,4.77966,4.2212,0.153536,4.84441,1,0,8.4569,estimated,0.50,2.42220,7.26661
18,33,18.5000,33.5000,1.0000,37.0000,5,0.813559,0.0288529,4.88136,0.131929,ok,0.154480,,0.154480,4.88136,4.2026,0.154388,4.90425,1,0,8.4102,estimated,0.50,2.45212,7.35637
19,33,19.5000,33.5000,1.0000,39.0000,5,0.830508,0.0288529,4.98305,0.127771,ok,0.155111,,0.155111,4.98305,4.1855,0.155247,4.94892,1,0,8.3637,estimated,0.50,2.47446,7.42338
20,33,20.5000,33.5000,1.0000,41.0000,5,0.847458,0.0288529,5.08475,0.124018,ok,0.155699,,0.155699,5.08475,4.1697,0.156130,4.97468,1,0,8.3163,estimated,0.50,2.48734,7.46202
21,33,21.5000,33.5000,1.0000,43.0000,5,0.864407,0.0288529,5.18644,0.120615,ok,0.156248,,0.156248,5.18644,4.1550,0.157059,4.97725,1,0,8.2672,estimated,0.50,2.48863,7.46588
22,33,22.5000,33.5000,1.0000,45.0000,5,0.881356,0.0288529,5.28814,0.117514,ok,0.156761,,0.156761,5.28814,4.1414,0.158050,5.07218,1,0,8.2153,estimated,0.50,2.53609,7.60827
23,33,23.5000,33.5000,1.0000,47.0000,5,0.898305,0.0288529,5.38983,0.114677,ok,0.157242,,0.157242,5.38983,4.1288,0.159122,5.18003,1,0,8.1599,estimated,0.50,2.59001,7.77004
24,33,24.5000,33.5000,1.0000,49.0000,5,0.915254,0.0288529,5.49153,0.112072,ok,0.158321,,0.158321,5.49153,4.1006,0.160275,5.27456,1,0,8.1013,estimated,0.50,2.63728,7.91184
25,33,25.5000,33.5000,1.0000,51.0000,5,0.932203,0.0288529,5.59322,0.109671,ok,0.159361,,0.159361,5.59322,4.0739,0.161527,5.35432,1,0,8.0385,estimated,0.50,2.67716,8.03148
26,33,26.5000,33.5000,1.0000,53.0000,5,0.949153,0.0288529,5.69492,0.107451,ok,0.160364,,0.160364,5.69492,4.0484,0.162880,5.41969,1,0,7.9717,estimated,0.50,2.70984,8.12953
27,33,27.5000,33.5000,1.0000,55.0000,5,0.949153,0.0288529,5.69492,0.103544,ok,0.162233,,0.162233,5.69492,4.0017,0.164312,5.47359,1,0,7.9022,estimated,0.50,2.73680,8.21039
28,33,28.5000,33.5000,1.0000,57.0000,5,0.949153,0.0288529,5.69492,0.099911,ok,0.164103,,0.164103,5.69492,3.9562,0.165822,5.51691,1,0,7.8303,estimated,0.50,2.75845,8.27536
29,33,29.5000,33.5000,1.0000,59.0000,5,0.949153,0.0288529,5.69492,0.096524,ok,0.165972,,0.165972,5.69492,3.9116,0.167423,5.54886,1,0,7.7554,estimated,0.50,2.77443,8.32329
30,33,30.5000,33.5000,1.0000,61.0000,5,0.949153,0.0288529,5.69492,0.093359,ok,0.167841,,0.167841,5.69492,3.8680,0.169089,5.57296,1,0,7.6790,estimated,0.50,2.78648,8.35944
31,33,31.5000,33.5000,1.0000,63.0000,5,0.949153,0.0288529,5.69492,0.090395,ok,0.169711,,0.169711,5.69492,3.8254,0.170800,5.59151,1,0,7.6021,estimated,0.50,2.79575,8.38726
32,33,32.5000,33.5000,1.0000,65.0000,5,0.949153,0.0288529,5.69492,0.087614,ok,0.171580,,0.171580,5.69492,3.7837,0.172537,5.60662,1,0,7.5255,estimated,0.50,2.80331,8.40993
33,33,33.5000,33.5000,1.0000,67.0000,5,0.949153,0.0288529,5.69492,0.084999,ok,0.173449,,0.173449,5.69492,3.7430,0.174280,5.62032,1,0,7.4502,estimated,0.50,2.81016,8.43048
34,33,34.5000,33.5000,1.0000,69.0000,5,0.949153,0.0288529,5.69492,0.082535,ok,0.175319,,0.175319,5.69492,3.7031,0.176009,5.63459,1,0,7.3771,estimated,0.50,2.81729,8.45188
35,33,35.5000,33.5000,1.0000,71.0000,5,0.949153,0.0288529,5.69492,0.080210,ok,0.177188,,0.177188,5.69492,3.6640,0.177696,5.65163,1,0,7.3070,estimated,0.50,2.82582,8.47745
36,33,36.5000,33.5000,1.0000,73.0000,5,0.949153,0.0288529,5.69492,0.078013,ok,0.179057,,0.179057,5.69492,3.6257,0.179317,5.67329,1,0,7.2410,estimated,0.50,2.83665,8.50994
37,33,37.5000,33.5000,1.0000,75.0000,5,0.949153,0.0288529,5.69492,0.075932,ok,0.180779,,0.180779,5.69492,3.5912,0.180831,5.68988,1,0,7.1803,estimated,0.50,2.84494,8.53482
38,33,38.5000,33.5000,1.0000,77.0000,5,0.949153,0.0288529,5.69492,0.073960,ok,0.182351,,0.182351,5.69492,3.5602,0.182191,5.71005,1,0,7.1268,estimated,0.50,2.85503,8.56508
39,33,39.5000,33.5000,1.0000,79.0000,5,0.949153,0.0288529,5.69492,0.072088,ok,0.183924,,0.183924,5.69492,3.5298,0.183341,5.74889,1,0,7.0821,estimated,0.50,2.87445,8.62334
40,33,40.5000,33.5000,1.0000,81.0000,5,0.949153,0.0288529,5.69492,0.070308,ok,0.185496,,0.185496,5.69492,3.4999,0.184221,5.81129,1,0,7.0482,estimated,0.50,2.90565,8.71694
41,33,41.5000,33.5000,1.0000,83.0000,5,0.949153,0.0288529,5.69492,0.068613,ok,0.187068,,0.187068,5.69492,3.4705,0.184775,5.90234,1,0,7.0271,estimated,0.50,2.95117,8.85351
42,33,42.5000,33.5000,1.0000,84.7056,2,0.949153,0.0288529,5.69492,0.067232,ok,0.188409,,0.188409,5.69492,3.4458,0.184958,6.00622,1,0,7.0202,estimated,0.50,3.00311,9.00934
43,33,43.5000,33.5000,1.0000,82.7056,2,0.949153,0.0288529,5.69492,0.068858,ok,0.186837,,0.186837,5.69492,3.4748,0.184717,5.88688,1,0,7.0293,estimated,0.50,2.94344,8.83032
44,33,44.5000,33.5000,1.0000,80.7056,2,0.949153,0.0288529,5.69492,0.070564,ok,0.185264,,0.185264,5.69492,3.5043,0.184112,5.80032,1,0,7.0524,estimated,0.50,2.90016,8.70048
45,33,45.5000,33.5000,1.0000,78.7056,2,0.949153,0.0288529,5.69492,0.072357,ok,0.183692,,0.183692,5.69492,3.5343,0.183188,5.74169,1,0,7.0880,estimated,0.50,2.87084,8.61253
46,33,46.5000,33.5000,1.0000,76.7056,2,0.949153,0.0288529,5.69492,0.074244,ok,0.182120,,0.182120,5.69492,3.5648,0.182004,5.70589,1,0,7.1341,estimated,0.50,2.85295,8.55884
47,33,47.5000,33.5000,1.0000,74.7056,2,0.949153,0.0288529,5.69492,0.076231,ok,0.180548,,0.180548,5.69492,3.5958,0.180618,5.68812,1,0,7.1888,estimated,0.50,2.84406,8.53219
48,33,48.5000,33.5000,1.0000,72.7056,2,0.949153,0.0288529,5.69492,0.078328,ok,0.178782,,0.178782,5.69492,3.6313,0.179085,5.66967,1,0,7.2504,estimated,0.50,2.83484,8.50451
49,33,49.5000,33.5000,1.0000,70.7056,2,0.949153,0.0288529,5.69492,0.080544,ok,0.176913,,0.176913,5.69492,3.6697,0.177452,5.64882,1,0,7.3171,estimated,0.50,2.82441,8.47323
50,33,50.5000,33.5000,1.0000,68.7056,2,0.949153,0.0288529,5.69492,0.082889,ok,0.175043,,0.175043,5.69492,3.7089,0.175754,5.63260,1,0,7.3878,estimated,0.50,2.81630,8.44891
51,33,51.5000,33.5000,1.0000,66.7056,2,0.949153,0.0288529,5.69492,0.085374,ok,0.173174,,0.173174,5.69492,3.7489,0.174019,5.61877,1,0,7.4614,estimated,0.50,2.80939,8.42816
52,33,52.5000,33.5000,1.0000,64.7056,2,0.949153,0.0288529,5.69492,0.088013,ok,0.171305,,0.171305,5.69492,3.7898,0.172272,5.60531,1,0,7.5371,estimated,0.50,2.80265,8.40796
53,33,53.5000,33.5000,1.0000,62.7056,2,0.949153,0.0288529,5.69492,0.090820,ok,0.169435,,0.169435,5.69492,3.8316,0.170533,5.59024,1,0,7.6140,estimated,0.50,2.79512,8.38536
54,33,54.5000,33.5000,1.0000,60.7056,2,0.949153,0.0288529,5.69492,0.093812,ok,0.167566,,0.167566,5.69492,3.8744,0.168823,5.57153,1,0,7.6911,estimated,0.50,2.78576,8.35729
55,33,55.5000,33.5000,1.0000,58.7056,2,0.949153,0.0288529,5.69492,0.097008,ok,0.165697,,0.165697,5.69492,3.9181,0.167160,5.54700,1,0,7.7676,estimated,0.50,2.77350,8.32051
56,33,56.5000,33.5000,1.0000,56.7056,2,0.949153,0.0288529,5.69492,0.100429,ok,0.163827,,0.163827,5.69492,3.9628,0.165563,5.51432,1,0,7.8425,estimated,0.50,2.75716,8.27148
57,33,57.5000,33.5000,1.0000,54.7056,2,0.949153,0.0288529,5.69492,0.104101,ok,0.161958,,0.161958,5.69492,4.0085,0.164061,5.46994,1,0,7.9143,estimated,0.50,2.73497,8.20492
58,33,58.5000,33.5000,1.0000,52.7056,2,0.949153,0.0288529,5.69492,0.108051,ok,0.160089,,0.160089,5.69492,4.0553,0.162638,5.41471,1,0,7.9836,estimated,0.50,2.70735,8.12206
59,33,59.5000,33.5000,1.0000,50.7056,2,0.932203,0.0288529,5.59322,0.110308,ok,0.159081,,0.159081,5.59322,4.0810,0.161296,5.34777,1,0,8.0500,estimated,0.50,2.67388,8.02165
60,33,60.5000,33.5000,1.0000,48.7056,2,0.915254,0.0288529,5.49153,0.112749,ok,0.158036,,0.158036,5.49153,4.1080,0.160056,5.26625,1,0,8.1124,estimated,0.50,2.63312,7.89937
61,33,61.5000,33.5000,1.0000,46.7056,2,0.898305,0.0288529,5.38983,0.115400,ok,0.157118,,0.157118,5.38983,4.1320,0.158911,5.17021,1,0,8.1708,estimated,0.50,2.58510,7.75531
62,33,62.5000,33.5000,1.0000,44.7056,2,0.881356,0.0288529,5.28814,0.118288,ok,0.156632,,0.156632,5.28814,4.1449,0.157849,5.06054,1,0,8.2258,estimated,0.50,2.53027,7.59081
63,33,63.5000,33.5000,1.0000,42.7056,2,0.864407,0.0288529,5.18644,0.121446,ok,0.156112,,0.156112,5.18644,4.1586,0.156866,4.99177,1,0,8.2773,estimated,0.50,2.49588,7.48765
64,33,64.5000,33.5000,1.0000,40.7056,2,0.847458,0.0288529,5.08475,0.124915,ok,0.155557,,0.155557,5.08475,4.1735,0.155944,4.98594,1,0,8.3263,estimated,0.50,2.49297,7.47891
65,33,65.5000,33.5000,1.0000,38.7056,2,0.830508,0.0288529,4.98305,0.128742,ok,0.154962,,0.154962,4.98305,4.1895,0.155063,4.95747,1,0,8.3735,estimated,0.50,2.47873,7.43620
66,33,66.5000,33.5000,1.0000,36.7056,2,0.813559,0.0288529,4.88136,0.132987,ok,0.154323,,0.154323,4.88136,4.2069,0.154205,4.91060,1,0,8.4202,estimated,0.50,2.45530,7.36589
67,33,67.5000,33.5000,1.0000,34.7056,2,0.796610,0.0288529,4.77966,0.137720,ok,0.153634,,0.153634,4.77966,4.2257,0.153351,4.84893,1,0,8.4670,estimated,0.50,2.42447,7.27340
68,33,68.5000,33.5000,1.0000,32.7056,2,0.779661,0.0288529,4.67797,0.143032,ok,0.152890,,0.152890,4.67797,4.2463,0.152488,4.77484,1,0,8.5150,estimated,0.50,2.38742,7.16226
69,33,69.5000,33.5000,1.0000,30.7056,2,0.762712,0.0288529,4.57627,0.149037,ok,0.152084,,0.152084,4.57627,4.2688,0.151608,4.68903,1,0,8.5644,estimated,0.50,2.34452,7.03355
70,33,70.5000,33.5000,1.0000,28.7056,2,0.745763,0.0288529,4.47458,0.155878,ok,0.151208,,0.151208,4.47458,4.2935,0.150711,4.59032,1,0,8.6154,estimated,0.50,2.29516,6.88548
71,33,71.5000,33.5000,1.0000,26.7056,2,0.728814,0.0288529,4.37288,0.163744,ok,0.150252,,0.150252,4.37288,4.3209,0.149803,4.47559,1,0,8.6676,estimated,0.50,2.23779,6.71338
72,33,72.5000,33.5000,1.0000,24.7056,2,0.711864,0.0288529,4.27119,0.172883,ok,0.149204,,0.149204,4.27119,4.3512,0.148911,4.33700,1,0,8.7195,estimated,0.50,2.16850,6.50550
73,33,73.5000,33.5000,1.0000,22.7056,2,0.694915,0.0288529,4.16949,0.183633,ok,0.148051,,0.148051,4.16949,4.3851,0.148037,4.17265,1,0,8.7710,estimated,0.50,2.08633,6.25898
74,33,74.5000,33.5000,1.0000,20.7056,2,0.677966,0.0288529,4.06780,0.196459,ok,0.146776,,0.146776,4.06780,4.4232,0.147211,3.97473,1,0,8.8202,estimated,0.50,1.98737,5.96210
75,33,75.5000,33.5000,1.0000,18.7056,2,0.661017,0.0288529,3.96610,0.212027,ok,0.145359,,0.145359,3.96610,4.4663,0.146456,3.73827,1,0,8.8657,estimated,0.50,1.86914,5.60741
76,33,76.5000,33.5000,1.0000,16.7056,2,0.644068,0.0288529,3.86441,0.231324,ok,0.143775,,0.143775,3.86441,4.5155,0.145789,3.46059,1,0,8.9062,estimated,0.50,1.73029,5.19088
77,33,77.5000,33.5000,1.0000,14.7056,2,0.627119,0.0288529,3.76271,0.255869,too_firm,,3.55265,0.143000,3.55265,4.5400,0.145202,3.14477,1,0,8.9422,estimated,0.50,1.57238,4.71715
78,33,78.5000,33.5000,1.0000,12.7056,2,0.610169,0.0288529,3.66102,0.288141,beyond_data,,3.06948,0.143000,3.06948,4.5400,0.144695,2.79334,1,0,8.9735,estimated,0.50,1.39667,4.19000
79,33,79.5000,33.5000,1.0000,10.7056,2,0.593220,0.0288529,3.55932,0.332472,beyond_data,,2.58631,0.143000,2.58631,4.5400,0.144279,2.40816,1,0,8.9994,estimated,0.50,1.20408,3.61224
80,33,80.5000,33.5000,1.0000,8.7056,2,0.576271,0.0288529,3.45763,0.397171,beyond_data,,2.10315,0.143000,2.10315,4.5400,0.143947,1.99463,1,0,9.0202,estimated,0.50,0.99732,2.99195
81,33,81.5000,33.5000,1.0000,6.7056,2,0.559322,0.0288529,3.35593,0.500465,beyond_data,,1.61998,0.143000,1.61998,4.5400,0.143688,1.55864,1,1,9.0364,estimated,0.50,0.77932,2.33796
82,33,82.5000,33.5000,1.0000,4.7056,2,0.542373,0.0288529,3.25424,0.691563,beyond_data,,1.13681,0.143000,1.13681,4.5400,0.143492,1.10582,1,1,9.0488,estimated,0.50,0.55291,1.65873
83,33,83.5000,33.5000,1.0000,2.7056,2,0.525424,0.0288529,3.15254,1.165180,beyond_data,,0.65364,0.143000,0.65364,4.5400,0.143346,0.64105,1,1,9.0580,estimated,0.50,0.32052,0.96157
84,33,84.5000,33.5000,1.0000,0.7056,2,0.508475,0.0288529,3.05085,4.323595,beyond_data,,0.17047,0.143000,0.17047,4.5400,0.143239,0.16819,1,1,9.0648,estimated,0.50,0.08410,0.25229
0,34,0.5000,34.5000,1.0000,1.0000,5,0.508475,0.0288529,3.05085,3.050847,beyond_data,,0.24158,0.143000,0.24158,4.5400,0.143264,0.23802,1,1,9.0632,estimated,0.50,0.11901,0.35703
1,34,1.5000,34.5000,1.0000,3.0000,5,0.525424,0.0288529,3.15254,1.050847,beyond_data,,0.72475,0.143000,0.72475,4.5400,0.143379,0.70946,1,1,9.0559,estimated,0.50,0.35473,1.06420
2,34,2.5000,34.5000,1.0000,5.0000,5,0.542373,0.0288529,3.25424,0.650847,beyond_data,,1.20792,0.143000,1.20792,4.5400,0.143536,1.17214,1,1,9.0460,estimated,0.50,0.58607,1.75821
3,34,3.5000,34.5000,1.0000,7.0000,5,0.559322,0.0288529,3.35593,0.479419,beyond_data,,1.69109,0.143000,1.69109,4.5400,0.143744,1.62200,1,1,9.0329,estimated,0.50,0.81100,2.43300
4,34,4.5000,34.5000,1.0000,9.0000,5,0.576271,0.0288529,3.45763,0.384181,beyond_data,,2.17426,0.143000,2.17426,4.5400,0.144017,2.05404,1,0,9.0158,estimated,0.50,1.02702,3.08107
5,34,5.5000,34.5000,1.0000,11.0000,5,0.593220,0.0288529,3.55932,0.323575,beyond_data,,2.65743,0.143000,2.65743,4.5400,0.144366,2.46258,1,0,8.9940,estimated,0.50,1.23129,3.69387
6,34,6.5000,34.5000,1.0000,13.0000,5,0.610169,0.0288529,3.66102,0.281617,too_firm,,3.14060,0.143000,3.14060,4.5400,0.144800,2.84176,1,0,8.9671,estimated,0.50,1.42088,4.26265
7,34,7.5000,34.5000,1.0000,15.0000,5,0.627119,0.0288529,3.76271,0.250847,too_firm,,3.62377,0.143000,3.62377,4.5400,0.145325,3.18641,1,0,8.9347,estimated,0.50,1.59320,4.77961
8,34,8.5000,34.5000,1.0000,17.0000,5,0.644068,0.0288529,3.86441,0.227318,ok,0.144089,,0.144089,3.86441,4.5056,0.145925,3.49582,1,0,8.8979,estimated,0.50,1.74791,5.24374
9,34,9.5000,34.5000,1.0000,19.0000,5,0.661017,0.0288529,3.96610,0.208742,ok,0.145647,,0.145647,3.96610,4.4574,0.146611,3.76587,1,0,8.8563,estimated,0.50,1.88293,5.64880
10,34,10.5000,34.5000,1.0000,21.0000,5,0.677966,0.0288529,4.06780,0.193705,ok,0.147041,,0.147041,4.06780,4.4152,0.147382,3.99485,1,0,8.8099,estimated,0.50,1.99742,5.99227
11,34,11.5000,34.5000,1.0000,23.0000,5,0.694915,0.0288529,4.16949,0.181282,ok,0.148296,,0.148296,4.16949,4.3778,0.148222,4.18587,1,0,8.7601,estimated,0.50,2.09293,6.27880
12,34,12.5000,34.5000,1.0000,25.0000,5,0.711864,0.0288529,4.27119,0.170847,ok,0.149432,,0.149432,4.27119,4.3446,0.149106,4.34412,1,0,8.7081,estimated,0.50,2.17206,6.51617
13,34,13.5000,34.5000,1.0000,27.0000,5,0.728814,0.0288529,4.37288,0.161959,ok,0.150464,,0.150464,4.37288,4.3148,0.150006,4.47747,1,0,8.6558,estimated,0.50,2.23874,6.71621
14,34,14.5000,34.5000,1.0000,29.0000,5,0.745763,0.0288529,4.47458,0.154296,ok,0.151407,,0.151407,4.47458,4.2879,0.150922,4.58742,1,0,8.6033,estimated,0.50,2.29371,6.88113
15,34,15.5000,34.5000,1.0000,31.0000,5,0.762712,0.0288529,4.57627,0.147622,ok,0.152271,,0.152271,4.57627,4.2635,0.151826,4.68147,1,0,8.5521,estimated,0.50,2.34073,7.02220
16,34,16.5000,34.5000,1.0000,33.0000,5,0.779661,0.0288529,4.67797,0.141757,ok,0.153066,,0.153066,4.67797,4.2414,0.152716,4.76217,1,0,8.5023,estimated,0.50,2.38109,7.14326
17,34,17.5000,34.5000,1.0000,35.0000,5,0.796610,0.0288529,4.77966,0.136562,ok,0.153800,,0.153800,4.77966,4.2212,0.153594,4.83013,1,0,8.4537,estimated,0.50,2.41506,7.24519
18,34,18.5000,34.5000,1.0000,37.0000,5,0.813559,0.0288529,4.88136,0.131929,ok,0.154480,,0.154480,4.88136,4.2026,0.154469,4.88406,1,0,8.4058,estimated,0.50,2.44203,7.32610
19,34,19.5000,34.5000,1.0000,39.0000,5,0.830508,0.0288529,4.98305,0.127771,ok,0.155111,,0.155111,4.98305,4.1855,0.155358,4.92117,1,0,8.3577,estimated,0.50,2.46059,7.38176
20,34,20.5000,34.5000,1.0000,41.0000,5,0.847458,0.0288529,5.08475,0.124018,ok,0.155699,,0.155699,5.08475,4.1697,0.156278,4.93761,1,0,8.3085,estimated,0.50,2.46881,7.40642
21,34,21.5000,34.5000,1.0000,43.0000,5,0.864407,0.0288529,5.18644,0.120615,ok,0.156248,,0.156248,5.18644,4.1550,0.157250,4.93034,1,0,8.2571,estimated,0.50,2.46517,7.39551
22,34,22.5000,34.5000,1.0000,45.0000,5,0.881356,0.0288529,5.28814,0.117514,ok,0.156761,,0.156761,5.28814,4.1414,0.158292,5.04640,1,0,8.2028,estimated,0.50,2.52320,7.56960
23,34,23.5000,34.5000,1.0000,47.0000,5,0.898305,0.0288529,5.38983,0.114677,ok,0.157242,,0.157242,5.38983,4.1288,0.159419,5.14838,1,0,8.1448,estimated,0.50,2.57419,7.72257
24,34,24.5000,34.5000,1.0000,49.0000,5,0.915254,0.0288529,5.49153,0.112072,ok,0.158321,,0.158321,5.49153,4.1006,0.160631,5.23682,1,0,8.0833,estimated,0.50,2.61841,7.85523
25,34,25.5000,34.5000,1.0000,51.0000,5,0.932203,0.0288529,5.59322,0.109671,ok,0.159361,,0.159361,5.59322,4.0739,0.161945,5.31051,1,0,8.0177,estimated,0.50,2.65525,7.96576
26,34,26.5000,34.5000,1.0000,53.0000,5,0.932203,0.0288529,5.59322,0.105532,ok,0.161265,,0.161265,5.59322,4.0258,0.163343,5.37190,1,0,7.9491,estimated,0.50,2.68595,8.05784
27,34,27.5000,34.5000,1.0000,55.0000,5,0.932203,0.0288529,5.59322,0.101695,ok,0.163168,,0.163168,5.59322,3.9788,0.164824,5.42164,1,0,7.8777,estimated,0.50,2.71082,8.13246
28,34,28.5000,34.5000,1.0000,57.0000,5,0.932203,0.0288529,5.59322,0.098127,ok,0.165071,,0.165071,5.59322,3.9329,0.166407,5.45879,1,0,7.8027,estimated,0.50,2.72940,8.18819
29,34,29.5000,34.5000,1.0000,59.0000,5,0.932203,0.0288529,5.59322,0.094800,ok,0.166975,,0.166975,5.59322,3.8881,0.168064,5.48679,1,0,7.7258,estimated,0.50,2.74340,8.23019
30,34,30.5000,34.5000,1.0000,61.0000,5,0.932203,0.0288529,5.59322,0.091692,ok,0.168878,,0.168878,5.59322,3.8443,0.169778,5.50782,1,0,7.6478,estimated,0.50,2.75391,8.26173
31,34,31.5000,34.5000,1.0000,63.0000,5,0.932203,0.0288529,5.59322,0.088781,ok,0.170781,,0.170781,5.59322,3.8014,0.171531,5.52416,1,0,7.5697,estimated,0.50,2.76208,8.28624
32,34,32.5000,34.5000,1.0000,65.0000,5,0.932203,0.0288529,5.59322,0.086050,ok,0.172685,,0.172685,5.59322,3.7595,0.173303,5.53783,1,0,7.4922,estimated,0.50,2.76891,8.30674
33,34,33.5000,34.5000,1.0000,67.0000,5,0.932203,0.0288529,5.59322,0.083481,ok,0.174588,,0.174588,5.59322,3.7186,0.175076,5.55071,1,0,7.4164,estimated,0.50,2.77535,8.32606
34,34,34.5000,34.5000,1.0000,69.0000,5,0.932203,0.0288529,5.59322,0.081061,ok,0.176491,,0.176491,5.59322,3.6785,0.176829,5.56459,1,0,7.3429,estimated,0.50,2.78229,8.34688
35,34,35.5000,34.5000,1.0000,71.0000,5,0.932203,0.0288529,5.59322,0.078778,ok,0.178395,,0.178395,5.59322,3.6392,0.178538,5.58140,1,0,7.2726,estimated,0.50,2.79070,8.37209
36,34,36.5000,34.5000,1.0000,73.0000,5,0.932203,0.0288529,5.59322,0.076619,ok,0.180251,,0.180251,5.59322,3.6017,0.180177,5.60029,1,0,7.2064,estimated,0.50,2.80014,8.40043
37,34,37.5000,34.5000,1.0000,75.0000,5,0.932203,0.0288529,5.59322,0.074576,ok,0.181851,,0.181851,5.59322,3.5700,0.181707,5.60671,1,0,7.1457,estimated,0.50,2.80335,8.41006
38,34,38.5000,34.5000,1.0000,77.0000,5,0.932203,0.0288529,5.59322,0.072639,ok,0.183452,,0.183452,5.59322,3.5389,0.183081,5.62708,1,0,7.0921,estimated,0.50,2.81354,8.44062
39,34,39.5000,34.5000,1.0000,79.0000,5,0.932203,0.0288529,5.59322,0.070800,ok,0.185053,,0.185053,5.59322,3.5083,0.184245,5.66562,1,0,7.0473,estimated,0.50,2.83281,8.49843
40,34,40.5000,34.5000,1.0000,81.0000,5,0.932203,0.0288529,5.59322,0.069052,ok,0.186653,,0.186653,5.59322,3.4782,0.185137,5.72715,1,0,7.0133,estimated,0.50,2.86357,8.59072
41,34,41.5000,34.5000,1.0000,83.0000,5,0.932203,0.0288529,5.59322,0.067388,ok,0.188254,,0.188254,5.59322,3.4486,0.185702,5.81672,1,0,6.9920,estimated,0.50,2.90836,8.72507
42,34,42.5000,34.5000,1.0000,84.7056,2,0.932203,0.0288529,5.59322,0.066031,ok,0.189619,,0.189619,5.59322,3.4238,0.185890,5.91884,1,0,6.9849,estimated,0.50,2.95942,8.87825
43,34,43.5000,34.5000,1.0000,82.7056,2,0.932203,0.0288529,5.59322,0.067628,ok,0.188019,,0.188019,5.59322,3.4529,0.185642,5.80152,1,0,6.9943,estimated,0.50,2.90076,8.70227
44,34,44.5000,34.5000,1.0000,80.7056,2,0.932203,0.0288529,5.59322,0.069304,ok,0.186418,,0.186418,5.59322,3.4826,0.185027,5.71634,1,0,7.0175,estimated,0.50,2.85817,8.57451
45,34,45.5000,34.5000,1.0000,78.7056,2,0.932203,0.0288529,5.59322,0.071065,ok,0.184817,,0.184817,5.59322,3.5127,0.184090,5.65849,1,0,7.0532,estimated,0.50,2.82925,8.48774
46,34,46.5000,34.5000,1.0000,76.7056,2,0.932203,0.0288529,5.59322,0.072918,ok,0.183216,,0.183216,5.59322,3.5434,0.182892,5.62292,1,0,7.0994,estimated,0.50,2.81146,8.43438
47,34,47.5000,34.5000,1.0000,74.7056,2,0.932203,0.0288529,5.59322,0.074870,ok,0.181616,,0.181616,5.59322,3.5747,0.181491,5.60487,1,0,7.1542,estimated,0.50,2.80244,8.40731
48,34,48.5000,34.5000,1.0000,72.7056,2,0.932203,0.0288529,5.59322,0.076930,ok,0.180015,,0.180015,5.59322,3.6065,0.179942,5.59936,1,0,7.2158,estimated,0.50,2.79968,8.39904
49,34,49.5000,34.5000,1.0000,70.7056,2,0.932203,0.0288529,5.59322,0.079106,ok,0.178114,,0.178114,5.59322,3.6449,0.178289,5.57874,1,0,7.2827,estimated,0.50,2.78937,8.36810
50,34,50.5000,34.5000,1.0000,68.7056,2,0.932203,0.0288529,5.59322,0.081408,ok,0.176211,,0.176211,5.59322,3.6843,0.176571,5.56257,1,0,7.3536,estimated,0.50,2.78128,8.34385
51,34,51.5000,34.5000,1.0000,66.7056,2,0.932203,0.0288529,5.59322,0.083849,ok,0.174308,,0.174308,5.59322,3.7245,0.174812,5.54913,1,0,7.4276,estimated,0.50,2.77457,8.32370
52,34,52.5000,34.5000,1.0000,64.7056,2,0.932203,0.0288529,5.59322,0.086441,ok,0.172404,,0.172404,5.59322,3.7657,0.173035,5.53651,1,0,7.5039,estimated,0.50,2.76826,8.30477
53,34,53.5000,34.5000,1.0000,62.7056,2,0.932203,0.0288529,5.59322,0.089198,ok,0.170501,,0.170501,5.59322,3.8077,0.171261,5.52292,1,0,7.5816,estimated,0.50,2.76146,8.28437
54,34,54.5000,34.5000,1.0000,60.7056,2,0.932203,0.0288529,5.59322,0.092137,ok,0.168598,,0.168598,5.59322,3.8507,0.169508,5.50645,1,0,7.6600,estimated,0.50,2.75322,8.25967
55,34,55.5000,34.5000,1.0000,58.7056,2,0.932203,0.0288529,5.59322,0.095276,ok,0.166694,,0.166694,5.59322,3.8946,0.167796,5.48504,1,0,7.7381,estimated,0.50,2.74252,8.22755
56,34,56.5000,34.5000,1.0000,56.7056,2,0.932203,0.0288529,5.59322,0.098636,ok,0.164791,,0.164791,5.59322,3.9396,0.166145,5.45636,1,0,7.8151,estimated,0.50,2.72818,8.18454
57,34,57.5000,34.5000,1.0000,54.7056,2,0.932203,0.0288529,5.59322,0.102242,ok,0.162888,,0.162888,5.59322,3.9857,0.164569,5.41822,1,0,7.8899,estimated,0.50,2.70911,8.12733
58,34,58.5000,34.5000,1.0000,52.7056,2,0.932203,0.0288529,5.59322,0.106122,ok,0.160984,,0.160984,5.59322,4.0328,0.163097,5.36717,1,0,7.9611,estimated,0.50,2.68358,8.05075
59,34,59.5000,34.5000,1.0000,50.7056,2,0.932203,0.0288529,5.59322,0.110308,ok,0.159081,,0.159081,5.59322,4.0810,0.161710,5.30423,1,0,8.0294,estimated,0.50,2.65212,7.95635
60,34,60.5000,34.5000,1.0000,48.7056,2,0.915254,0.0288529,5.49153,0.112749,ok,0.158036,,0.158036,5.49153,4.1080,0.160408,5.22882,1,0,8.0945,estimated,0.50,2.61441,7.84323
61,34,61.5000,34.5000,1.0000,46.7056,2,0.898305,0.0288529,5.38983,0.115400,ok,0.157118,,0.157118,5.38983,4.1320,0.159204,5.13889,1,0,8.1558,estimated,0.50,2.56945,7.70834
62,34,62.5000,34.5000,1.0000,44.7056,2,0.881356,0.0288529,5.28814,0.118288,ok,0.156632,,0.156632,5.28814,4.1449,0.158087,5.03509,1,0,8.2134,estimated,0.50,2.51755,7.55264
63,34,63.5000,34.5000,1.0000,42.7056,2,0.864407,0.0288529,5.18644,0.121446,ok,0.156112,,0.156112,5.18644,4.1586,0.157054,4.94437,1,0,8.2674,estimated,0.50,2.47218,7.41655
64,34,64.5000,34.5000,1.0000,40.7056,2,0.847458,0.0288529,5.08475,0.124915,ok,0.155557,,0.155557,5.08475,4.1735,0.156089,4.94948,1,0,8.3185,estimated,0.50,2.47474,7.42421
65,34,65.5000,34.5000,1.0000,38.7056,2,0.830508,0.0288529,4.98305,0.128742,ok,0.154962,,0.154962,4.98305,4.1895,0.155172,4.93023,1,0,8.3677,estimated,0.50,2.46511,7.39534
66,34,66.5000,34.5000,1.0000,36.7056,2,0.813559,0.0288529,4.88136,0.132987,ok,0.154323,,0.154323,4.88136,4.2069,0.154285,4.89082,1,0,8.4158,estimated,0.50,2.44541,7.33623
67,34,67.5000,34.5000,1.0000,34.7056,2,0.796610,0.0288529,4.77966,0.137720,ok,0.153634,,0.153634,4.77966,4.2257,0.153408,4.83495,1,0,8.4639,estimated,0.50,2.41748,7.25243
68,34,68.5000,34.5000,1.0000,32.7056,2,0.779661,0.0288529,4.67797,0.143032,ok,0.152890,,0.152890,4.67797,4.2463,0.152528,4.76521,1,0,8.5127,estimated,0.50,2.38260,7.14781
69,34,69.5000,34.5000,1.0000,30.7056,2,0.762712,0.0288529,4.57627,0.149037,ok,0.152084,,0.152084,4.57627,4.2688,0.151635,4.68256,1,0,8.5628,estimated,0.50,2.34128,7.02383
70,34,70.5000,34.5000,1.0000,28.7056,2,0.745763,0.0288529,4.47458,0.155878,ok,0.151208,,0.151208,4.47458,4.2935,0.150729,4.58607,1,0,8.6143,estimated,0.50,2.29303,6.87910
71,34,71.5000,34.5000,1.0000,26.7056,2,0.728814,0.0288529,4.37288,0.163744,ok,0.150252,,0.150252,4.37288,4.3209,0.149815,4.47286,1,0,8.6669,estimated,0.50,2.23643,6.70929
72,34,72.5000,34.5000,1.0000,24.7056,2,0.711864,0.0288529,4.27119,0.172883,ok,0.149204,,0.149204,4.27119,4.3512,0.148918,4.33520,1,0,8.7191,estimated,0.50,2.16760,6.50280
73,34,73.5000,34.5000,1.0000,22.7056,2,0.694915,0.0288529,4.16949,0.183633,ok,0.148051,,0.148051,4.16949,4.3851,0.148042,4.17153,1,0,8.7707,estimated,0.50,2.08576,6.25729
74,34,74.5000,34.5000,1.0000,20.7056,2,0.677966,0.0288529,4.06780,0.196459,ok,0.146776,,0.146776,4.06780,4.4232,0.147214,3.97404,1,0,8.8200,estimated,0.50,1.98702,5.96107
75,34,75.5000,34.5000,1.0000,18.7056,2,0.661017,0.0288529,3.96610,0.212027,ok,0.145359,,0.145359,3.96610,4.4663,0.146458,3.73786,1,0,8.8655,estimated,0.50,1.86893,5.60679
76,34,76.5000,34.5000,1.0000,16.7056,2,0.644068,0.0288529,3.86441,0.231324,ok,0.143775,,0.143775,3.86441,4.5155,0.145790,3.46035,1,0,8.9062,estimated,0.50,1.73017,5.19052
77,34,77.5000,34.5000,1.0000,14.7056,2,0.627119,0.0288529,3.76271,0.255869,too_firm,,3.55265,0.143000,3.55265,4.5400,0.145203,3.14464,1,0,8.9422,estimated,0.50,1.57232,4.71695
78,34,78.5000,34.5000,1.0000,12.7056,2,0.610169,0.0288529,3.66102,0.288141,beyond_data,,3.06948,0.143000,3.06948,4.5400,0.144696,2.79327,1,0,8.9735,estimated,0.50,1.39663,4.18990
79,34,79.5000,34.5000,1.0000,10.7056,2,0.593220,0.0288529,3.55932,0.332472,beyond_data,,2.58631,0.143000,2.58631,4.5400,0.144279,2.40813,1,0,8.9994,estimated,0.50,1.20407,3.61220
80,34,80.5000,34.5000,1.0000,8.7056,2,0.576271,0.0288529,3.45763,0.397171,beyond_data,,2.10315,0.143000,2.10315,4.5400,0.143947,1.99462,1,0,9.0202,estimated,0.50,0.99731,2.99193
81,34,81.5000,34.5000,1.0000,6.7056,2,0.559322,0.0288529,3.35593,0.500465,beyond_data,,1.61998,0.143000,1.61998,4.5400,0.143688,1.55863,1,1,9.0364,estimated,0.50,0.77932,2.33795
82,34,82.5000,34.5000,1.0000,4.7056,2,0.542373,0.0288529,3.25424,0.691563,beyond_data,,1.13681,0.143000,1.13681,4.5400,0.143492,1.10582,1,1,9.0488,estimated,0.50,0.55291,1.65873
83,34,83.5000,34.5000,1.0000,2.7056,2,0.525424,0.0288529,3.15254,1.165180,beyond_data,,0.65364,0.143000,0.65364,4.5400,0.143346,0.64105,1,1,9.0580,estimated,0.50,0.32052,0.96157
84,34,84.5000,34.5000,1.0000,0.7056,2,0.508475,0.0288529,3.05085,4.323595,beyond_data,,0.17047,0.143000,0.17047,4.5400,0.143239,0.16819,1,1,9.0648,estimated,0.50,0.08410,0.25229
0,35,0.5000,35.5000,1.0000,1.0000,5,0.508475,0.0288529,3.05085,3.050847,beyond_data,,0.24158,0.143000,0.24158,4.5400,0.143264,0.23802,1,1,9.0632,estimated,0.50,0.11901,0.35703
1,35,1.5000,35.5000,1.0000,3.0000,5,0.525424,0.0288529,3.15254,1.050847,beyond_data,,0.72475,0.143000,0.72475,4.5400,0.143379,0.70946,1,1,9.0559,estimated,0.50,0.35473,1.06419
2,35,2.5000,35.5000,1.0000,5.0000,5,0.542373,0.0288529,3.25424,0.650847,beyond_data,,1.20792,0.143000,1.20792,4.5400,0.143536,1.17213,1,1,9.0460,estimated,0.50,0.58607,1.75820
3,35,3.5000,35.5000,1.0000,7.0000,5,0.559322,0.0288529,3.35593,0.479419,beyond_data,,1.69109,0.143000,1.69109,4.5400,0.143745,1.62198,1,1,9.0329,estimated,0.50,0.81099,2.43298
4,35,4.5000,35.5000,1.0000,9.0000,5,0.576271,0.0288529,3.45763,0.384181,beyond_data,,2.17426,0.143000,2.17426,4.5400,0.144018,2.05401,1,0,9.0158,estimated,0.50,1.02701,3.08102
5,35,5.5000,35.5000,1.0000,11.0000,5,0.593220,0.0288529,3.55932,0.323575,beyond_data,,2.65743,0.143000,2.65743,4.5400,0.144366,2.46252,1,0,8.9940,estimated,0.50,1.23126,3.69377
6,35,6.5000,35.5000,1.0000,13.0000,5,0.610169,0.0288529,3.66102,0.281617,too_firm,,3.14060,0.143000,3.14060,4.5400,0.144801,2.84164,1,0,8.9670,estimated,0.50,1.42082,4.26246
7,35,7.5000,35.5000,1.0000,15.0000,5,0.627119,0.0288529,3.76271,0.250847,too_firm,,3.62377,0.143000,3.62377,4.5400,0.145326,3.18617,1,0,8.9346,estimated,0.50,1.59309,4.77926
8,35,8.5000,35.5000,1.0000,17.0000,5,0.644068,0.0288529,3.86441,0.227318,ok,0.144089,,0.144089,3.86441,4.5056,0.145927,3.49542,1,0,8.8978,estimated,0.50,1.74771,5.24313
9,35,9.5000,35.5000,1.0000,19.0000,5,0.661017,0.0288529,3.96610,0.208742,ok,0.145647,,0.145647,3.96610,4.4574,0.146614,3.76519,1,0,8.8561,estimated,0.50,1.88259,5.64778
10,35,10.5000,35.5000,1.0000,21.0000,5,0.677966,0.0288529,4.06780,0.193705,ok,0.147041,,0.147041,4.06780,4.4152,0.147387,3.99375,1,0,8.8096,estimated,0.50,1.99687,5.99062
11,35,11.5000,35.5000,1.0000,23.0000,5,0.694915,0.0288529,4.16949,0.181282,ok,0.148296,,0.148296,4.16949,4.3778,0.148230,4.18411,1,0,8.7596,estimated,0.50,2.09206,6.27617
12,35,12.5000,35.5000,1.0000,25.0000,5,0.711864,0.0288529,4.27119,0.170847,ok,0.149432,,0.149432,4.27119,4.3446,0.149118,4.34136,1,0,8.7074,estimated,0.50,2.17068,6.51204
13,35,13.5000,35.5000,1.0000,27.0000,5,0.728814,0.0288529,4.37288,0.161959,ok,0.150464,,0.150464,4.37288,4.3148,0.150024,4.47335,1,0,8.6548,estimated,0.50,2.23668,6.71003
14,35,14.5000,35.5000,1.0000,29.0000,5,0.745763,0.0288529,4.47458,0.154296,ok,0.151407,,0.151407,4.47458,4.2879,0.150948,4.58114,1,0,8.6018,estimated,0.50,2.29057,6.87170
15,35,15.5000,35.5000,1.0000,31.0000,5,0.762712,0.0288529,4.57627,0.147622,ok,0.152271,,0.152271,4.57627,4.2635,0.151866,4.67209,1,0,8.5499,estimated,0.50,2.33604,7.00813
16,35,16.5000,35.5000,1.0000,33.0000,5,0.779661,0.0288529,4.67797,0.141757,ok,0.153066,,0.153066,4.67797,4.2414,0.152772,4.74849,1,0,8.4991,estimated,0.50,2.37425,7.12274
17,35,17.5000,35.5000,1.0000,35.0000,5,0.796610,0.0288529,4.77966,0.136562,ok,0.153800,,0.153800,4.77966,4.2212,0.153673,4.81065,1,0,8.4493,estimated,0.50,2.40533,7.21598
18,35,18.5000,35.5000,1.0000,37.0000,5,0.813559,0.0288529,4.88136,0.131929,ok,0.154480,,0.154480,4.88136,4.2026,0.154578,4.85703,1,0,8.3998,estimated,0.50,2.42851,7.28554
19,35,19.5000,35.5000,1.0000,39.0000,5,0.830508,0.0288529,4.98305,0.127771,ok,0.155111,,0.155111,4.98305,4.1855,0.155505,4.88463,1,0,8.3498,estimated,0.50,2.44231,7.32694
20,35,20.5000,35.5000,1.0000,41.0000,5,0.847458,0.0288529,5.08475,0.124018,ok,0.155699,,0.155699,5.08475,4.1697,0.156471,4.88958,1,0,8.2982,estimated,0.50,2.44479,7.33437
21,35,21.5000,35.5000,1.0000,43.0000,5,0.864407,0.0288529,5.18644,0.120615,ok,0.156248,,0.156248,5.18644,4.1550,0.157496,4.90432,1,0,8.2442,estimated,0.50,2.45216,7.35649
22,35,22.5000,35.5000,1.0000,45.0000,5,0.881356,0.0288529,5.28814,0.117514,ok,0.156761,,0.156761,5.28814,4.1414,0.158599,5.01398,1,0,8.1869,estimated,0.50,2.50699,7.52097
23,35,23.5000,35.5000,1.0000,47.0000,5,0.898305,0.0288529,5.38983,0.114677,ok,0.157242,,0.157242,5.38983,4.1288,0.159792,5.10914,1,0,8.1257,estimated,0.50,2.55457,7.66371
24,35,24.5000,35.5000,1.0000,49.0000,5,0.915254,0.0288529,5.49153,0.112072,ok,0.158321,,0.158321,5.49153,4.1006,0.161075,5.19063,1,0,8.0610,estimated,0.50,2.59532,7.78595
25,35,25.5000,35.5000,1.0000,51.0000,5,0.915254,0.0288529,5.49153,0.107677,ok,0.160260,,0.160260,5.49153,4.0510,0.162443,5.25929,1,0,7.9931,estimated,0.50,2.62964,7.88893
26,35,26.5000,35.5000,1.0000,53.0000,5,0.915254,0.0288529,5.49153,0.103614,ok,0.162199,,0.162199,5.49153,4.0026,0.163913,5.31420,1,0,7.9215,estimated,0.50,2.65710,7.97130
27,35,27.5000,35.5000,1.0000,55.0000,5,0.915254,0.0288529,5.49153,0.099846,ok,0.164137,,0.164137,5.49153,3.9553,0.165466,5.35794,1,0,7.8471,estimated,0.50,2.67897,8.03691
28,35,28.5000,35.5000,1.0000,57.0000,5,0.915254,0.0288529,5.49153,0.096343,ok,0.166076,,0.166076,5.49153,3.9092,0.167116,5.39008,1,0,7.7697,estimated,0.50,2.69504,8.08512
29,35,29.5000,35.5000,1.0000,59.0000,5,0.915254,0.0288529,5.49153,0.093077,ok,0.168014,,0.168014,5.49153,3.8640,0.168833,5.41405,1,0,7.6906,estimated,0.50,2.70703,8.12108
30,35,30.5000,35.5000,1.0000,61.0000,5,0.915254,0.0288529,5.49153,0.090025,ok,0.169953,,0.169953,5.49153,3.8200,0.170600,5.43207,1,0,7.6110,estimated,0.50,2.71604,8.14811
31,35,31.5000,35.5000,1.0000,63.0000,5,0.915254,0.0288529,5.49153,0.087167,ok,0.171891,,0.171891,5.49153,3.7769,0.172398,5.44635,1,0,7.5316,estimated,0.50,2.72318,8.16953
32,35,32.5000,35.5000,1.0000,65.0000,5,0.915254,0.0288529,5.49153,0.084485,ok,0.173830,,0.173830,5.49153,3.7348,0.174208,5.45879,1,0,7.4533,estimated,0.50,2.72939,8.18818
33,35,33.5000,35.5000,1.0000,67.0000,5,0.915254,0.0288529,5.49153,0.081963,ok,0.175769,,0.175769,5.49153,3.6936,0.176011,5.47107,1,0,7.3770,estimated,0.50,2.73553,8.20660
34,35,34.5000,35.5000,1.0000,69.0000,5,0.915254,0.0288529,5.49153,0.079587,ok,0.177707,,0.177707,5.49153,3.6533,0.177788,5.48492,1,0,7.3033,estimated,0.50,2.74246,8.22738
35,35,35.5000,35.5000,1.0000,71.0000,5,0.915254,0.0288529,5.49153,0.077345,ok,0.179646,,0.179646,5.49153,3.6139,0.179520,5.50155,1,0,7.2328,estimated,0.50,2.75077,8.25232
36,35,36.5000,35.5000,1.0000,73.0000,5,0.915254,0.0288529,5.49153,0.075226,ok,0.181332,,0.181332,5.49153,3.5802,0.181178,5.50581,1,0,7.1666,estimated,0.50,2.75291,8.25872
37,35,37.5000,35.5000,1.0000,75.0000,5,0.915254,0.0288529,5.49153,0.073220,ok,0.182963,,0.182963,5.49153,3.5483,0.182725,5.51299,1,0,7.1059,estimated,0.50,2.75650,8.26949
38,35,38.5000,35.5000,1.0000,77.0000,5,0.915254,0.0288529,5.49153,0.071319,ok,0.184593,,0.184593,5.49153,3.5170,0.184115,5.53366,1,0,7.0523,estimated,0.50,2.76683,8.30050
39,35,39.5000,35.5000,1.0000,79.0000,5,0.915254,0.0288529,5.49153,0.069513,ok,0.186224,,0.186224,5.49153,3.4862,0.185294,5.57193,1,0,7.0074,estimated,0.50,2.78596,8.35789
40,35,40.5000,35.5000,1.0000,81.0000,5,0.915254,0.0288529,5.49153,0.067797,ok,0.187854,,0.187854,5.49153,3.4560,0.186201,5.63254,1,0,6.9733,estimated,0.50,2.81627,8.44881
41,35,41.5000,35.5000,1.0000,83.0000,5,0.915254,0.0288529,5.49153,0.066163,ok,0.189484,,0.189484,5.49153,3.4262,0.186776,5.72053,1,0,6.9518,estimated,0.50,2.86027,8.58080
42,35,42.5000,35.5000,1.0000,84.7056,2,0.915254,0.0288529,5.49153,0.064831,ok,0.190875,,0.190875,5.49153,3.4013,0.186969,5.82076,1,0,6.9446,estimated,0.50,2.91038,8.73114
43,35,43.5000,35.5000,1.0000,82.7056,2,0.915254,0.0288529,5.49153,0.066398,ok,0.189244,,0.189244,5.49153,3.4306,0.186715,5.70561,1,0,6.9541,estimated,0.50,2.85280,8.55841
44,35,44.5000,35.5000,1.0000,80.7056,2,0.915254,0.0288529,5.49153,0.068044,ok,0.187614,,0.187614,5.49153,3.4604,0.186088,5.62192,1,0,6.9775,estimated,0.50,2.81096,8.43287
45,35,45.5000,35.5000,1.0000,78.7056,2,0.915254,0.0288529,5.49153,0.069773,ok,0.185984,,0.185984,5.49153,3.4907,0.185138,5.56488,1,0,7.0133,estimated,0.50,2.78244,8.34733
46,35,46.5000,35.5000,1.0000,76.7056,2,0.915254,0.0288529,5.49153,0.071592,ok,0.184353,,0.184353,5.49153,3.5216,0.183924,5.52950,1,0,7.0596,estimated,0.50,2.76475,8.29424
47,35,47.5000,35.5000,1.0000,74.7056,2,0.915254,0.0288529,5.49153,0.073509,ok,0.182723,,0.182723,5.49153,3.5530,0.182507,5.51107,1,0,7.1144,estimated,0.50,2.75554,8.26661
48,35,48.5000,35.5000,1.0000,72.7056,2,0.915254,0.0288529,5.49153,0.075531,ok,0.181093,,0.181093,5.49153,3.5850,0.180941,5.50562,1,0,7.1760,estimated,0.50,2.75281,8.25843
49,35,49.5000,35.5000,1.0000,70.7056,2,0.915254,0.0288529,5.49153,0.077667,ok,0.179360,,0.179360,5.49153,3.6196,0.179269,5.49884,1,0,7.2429,estimated,0.50,2.74942,8.24826
50,35,50.5000,35.5000,1.0000,68.7056,2,0.915254,0.0288529,5.49153,0.079928,ok,0.177422,,0.177422,5.49153,3.6592,0.177527,5.48287,1,0,7.3140,estimated,0.50,2.74144,8.22431
51,35,51.5000,35.5000,1.0000,66.7056,2,0.915254,0.0288529,5.49153,0.082325,ok,0.175483,,0.175483,5.49153,3.6996,0.175744,5.46944,1,0,7.3882,estimated,0.50,2.73472,8.20416
52,35,52.5000,35.5000,1.0000,64.7056,2,0.915254,0.0288529,5.49153,0.084869,ok,0.173545,,0.173545,5.49153,3.7409,0.173936,5.45744,1,0,7.4650,estimated,0.50,2.72872,8.18616
53,35,53.5000,35.5000,1.0000,62.7056,2,0.915254,0.0288529,5.49153,0.087576,ok,0.171606,,0.171606,5.49153,3.7832,0.172124,5.44511,1,0,7.5436,estimated,0.50,2.72255,8.16766
54,35,54.5000,35.5000,1.0000,60.7056,2,0.915254,0.0288529,5.49153,0.090462,ok,0.169668,,0.169668,5.49153,3.8264,0.170326,5.43074,1,0,7.6232,estimated,0.50,2.71537,8.14611
55,35,55.5000,35.5000,1.0000,58.7056,2,0.915254,0.0288529,5.49153,0.093543,ok,0.167729,,0.167729,5.49153,3.8706,0.168561,5.41239,1,0,7.7030,estimated,0.50,2.70620,8.11859
56,35,56.5000,35.5000,1.0000,56.7056,2,0.915254,0.0288529,5.49153,0.096843,ok,0.165790,,0.165790,5.49153,3.9159,0.166848,5.38781,1,0,7.7821,estimated,0.50,2.69390,8.08171
57,35,57.5000,35.5000,1.0000,54.7056,2,0.915254,0.0288529,5.49153,0.100383,ok,0.163852,,0.163852,5.49153,3.9622,0.165206,5.35476,1,0,7.8595,estimated,0.50,2.67738,8.03214
58,35,58.5000,35.5000,1.0000,52.7056,2,0.915254,0.0288529,5.49153,0.104192,ok,0.161913,,0.161913,5.49153,4.0096,0.163662,5.30977,1,0,7.9336,estimated,0.50,2.65489,7.96466
59,35,59.5000,35.5000,1.0000,50.7056,2,0.915254,0.0288529,5.49153,0.108302,ok,0.159975,,0.159975,5.49153,4.0582,0.162203,5.25336,1,0,8.0050,estimated,0.50,2.62668,7.88004
60,35,60.5000,35.5000,1.0000,48.7056,2,0.915254,0.0288529,5.49153,0.112749,ok,0.158036,,0.158036,5.49153,4.1080,0.160846,5.18303,1,0,8.0725,estimated,0.50,2.59151,7.77454
61,35,61.5000,35.5000,1.0000,46.7056,2,0.898305,0.0288529,5.38983,0.115400,ok,0.157118,,0.157118,5.38983,4.1320,0.159572,5.10006,1,0,8.1369,estimated,0.50,2.55003,7.65009
62,35,62.5000,35.5000,1.0000,44.7056,2,0.881356,0.0288529,5.28814,0.118288,ok,0.156632,,0.156632,5.28814,4.1449,0.158389,5.00309,1,0,8.1977,estimated,0.50,2.50154,7.50463
63,35,63.5000,35.5000,1.0000,42.7056,2,0.864407,0.0288529,5.18644,0.121446,ok,0.156112,,0.156112,5.18644,4.1586,0.157296,4.89171,1,0,8.2547,estimated,0.50,2.44585,7.33756
64,35,64.5000,35.5000,1.0000,40.7056,2,0.847458,0.0288529,5.08475,0.124915,ok,0.155557,,0.155557,5.08475,4.1735,0.156278,4.90224,1,0,8.3085,estimated,0.50,2.45112,7.35336
65,35,65.5000,35.5000,1.0000,38.7056,2,0.830508,0.0288529,4.98305,0.128742,ok,0.154962,,0.154962,4.98305,4.1895,0.155316,4.89436,1,0,8.3599,estimated,0.50,2.44718,7.34153
66,35,66.5000,35.5000,1.0000,36.7056,2,0.813559,0.0288529,4.88136,0.132987,ok,0.154323,,0.154323,4.88136,4.2069,0.154392,4.86432,1,0,8.4100,estimated,0.50,2.43216,7.29648
67,35,67.5000,35.5000,1.0000,34.7056,2,0.796610,0.0288529,4.77966,0.137720,ok,0.153634,,0.153634,4.77966,4.2257,0.153486,4.81589,1,0,8.4596,estimated,0.50,2.40794,7.22383
68,35,68.5000,35.5000,1.0000,32.7056,2,0.779661,0.0288529,4.67797,0.143032,ok,0.152890,,0.152890,4.67797,4.2463,0.152583,4.75182,1,0,8.5097,estimated,0.50,2.37591,7.12774
69,35,69.5000,35.5000,1.0000,30.7056,2,0.762712,0.0288529,4.57627,0.149037,ok,0.152084,,0.152084,4.57627,4.2688,0.151674,4.67338,1,0,8.5607,estimated,0.50,2.33669,7.01007
70,35,70.5000,35.5000,1.0000,28.7056,2,0.745763,0.0288529,4.47458,0.155878,ok,0.151208,,0.151208,4.47458,4.2935,0.150755,4.57991,1,0,8.6128,estimated,0.50,2.28996,6.86987
71,35,71.5000,35.5000,1.0000,26.7056,2,0.728814,0.0288529,4.37288,0.163744,ok,0.150252,,0.150252,4.37288,4.3209,0.149832,4.46882,1,0,8.6659,estimated,0.50,2.23441,6.70323
72,35,72.5000,35.5000,1.0000,24.7056,2,0.711864,0.0288529,4.27119,0.172883,ok,0.149204,,0.149204,4.27119,4.3512,0.148930,4.33249,1,0,8.7184,estimated,0.50,2.16625,6.49874
73,35,73.5000,35.5000,1.0000,22.7056,2,0.694915,0.0288529,4.16949,0.183633,ok,0.148051,,0.148051,4.16949,4.3851,0.148050,4.16980,1,0,8.7702,estimated,0.50,2.08490,6.25470
74,35,74.5000,35.5000,1.0000,20.7056,2,0.677966,0.0288529,4.06780,0.196459,ok,0.146776,,0.146776,4.06780,4.4232,0.147220,3.97296,1,0,8.8197,estimated,0.50,1.98648,5.95944
75,35,75.5000,35.5000,1.0000,18.7056,2,0.661017,0.0288529,3.96610,0.212027,ok,0.145359,,0.145359,3.96610,4.4663,0.146462,3.73720,1,0,8.8653,estimated,0.50,1.86860,5.60579
76,35,76.5000,35.5000,1.0000,16.7056,2,0.644068,0.0288529,3.86441,0.231324,ok,0.143775,,0.143775,3.86441,4.5155,0.145792,3.45995,1,0,8.9060,estimated,0.50,1.72997,5.18992
77,35,77.5000,35.5000,1.0000,14.7056,2,0.627119,0.0288529,3.76271,0.255869,too_firm,,3.55265,0.143000,3.55265,4.5400,0.145204,3.14441,1,0,8.9421,estimated,0.50,1.57220,4.71661
78,35,78.5000,35.5000,1.0000,12.7056,2,0.610169,0.0288529,3.66102,0.288141,beyond_data,,3.06948,0.143000,3.06948,4.5400,0.144697,2.79315,1,0,8.9735,estimated,0.50,1.39657,4.18972
79,35,79.5000,35.5000,1.0000,10.7056,2,0.593220,0.0288529,3.55932,0.332472,beyond_data,,2.58631,0.143000,2.58631,4.5400,0.144280,2.40807,1,0,8.9994,estimated,0.50,1.20404,3.61211
80,35,80.5000,35.5000,1.0000,8.7056,2,0.576271,0.0288529,3.45763,0.397171,beyond_data,,2.10315,0.143000,2.10315,4.5400,0.143947,1.99459,1,0,9.0202,estimated,0.50,0.99729,2.99188
81,35,81.5000,35.5000,1.0000,6.7056,2,0.559322,0.0288529,3.35593,0.500465,beyond_data,,1.61998,0.143000,1.61998,4.5400,0.143689,1.55862,1,1,9.0364,estimated,0.50,0.77931,2.33793
82,35,82.5000,35.5000,1.0000,4.7056,2,0.542373,0.0288529,3.25424,0.691563,beyond_data,,1.13681,0.143000,1.13681,4.5400,0.143492,1.10582,1,1,9.0488,estimated,0.50,0.55291,1.65872
83,35,83.5000,35.5000,1.0000,2.7056,2,0.525424,0.0288529,3.15254,1.165180,beyond_data,,0.65364,0.143000,0.65364,4.5400,0.143346,0.64105,1,1,9.0580,estimated,0.50,0.32052,0.96157
84,35,84.5000,35.5000,1.0000,0.7056,2,0.508475,0.0288529,3.05085,4.323595,beyond_data,,0.17047,0.143000,0.17047,4.5400,0.143239,0.16819,1,1,9.0648,estimated,0.50,0.08410,0.25229
0,36,0.5000,36.5000,1.0000,1.0000,5,0.508475,0.0288529,3.05085,3.050847,beyond_data,,0.24158,0.143000,0.24158,4.5400,0.143264,0.23802,1,1,9.0632,estimated,0.50,0.11901,0.35703
1,36,1.5000,36.5000,1.0000,3.0000,5,0.525424,0.0288529,3.15254,1.050847,beyond_data,,0.72475,0.143000,0.72475,4.5400,0.143379,0.70946,1,1,9.0559,estimated,0.50,0.35473,1.06419
2,36,2.5000,36.5000,1.0000,5.0000,5,0.542373,0.0288529,3.25424,0.650847,beyond_data,,1.20792,0.143000,1.20792,4.5400,0.143536,1.17212,1,1,9.0460,estimated,0.50,0.58606,1.75818
3,36,3.5000,36.5000,1.0000,7.0000,5,0.559322,0.0288529,3.35593,0.479419,beyond_data,,1.69109,0.143000,1.69109,4.5400,0.143745,1.62196,1,1,9.0329,estimated,0.50,0.81098,2.43294
4,36,4.5000,36.5000,1.0000,9.0000,5,0.576271,0.0288529,3.45763,0.384181,beyond_data,,2.17426,0.143000,2.17426,4.5400,0.144018,2.05396,1,0,9.0157,estimated,0.50,1.02698,3.08094
5,36,5.5000,36.5000,1.0000,11.0000,5,0.593220,0.0288529,3.55932,0.323575,beyond_data,,2.65743,0.143000,2.65743,4.5400,0.144367,2.46241,1,0,8.9939,estimated,0.50,1.23120,3.69361
6,36,6.5000,36.5000,1.0000,13.0000,5,0.610169,0.0288529,3.66102,0.281617,too_firm,,3.14060,0.143000,3.14060,4.5400,0.144802,2.84143,1,0,8.9669,estimated,0.50,1.42071,4.26214
7,36,7.5000,36.5000,1.0000,15.0000,5,0.627119,0.0288529,3.76271,0.250847,too_firm,,3.62377,0.143000,3.62377,4.5400,0.145328,3.18578,1,0,8.9345,estimated,0.50,1.59289,4.77868
8,36,8.5000,36.5000,1.0000,17.0000,5,0.644068,0.0288529,3.86441,0.227318,ok,0.144089,,0.144089,3.86441,4.5056,0.145930,3.49476,1,0,8.8976,estimated,0.50,1.74738,5.24214
9,36,9.5000,36.5000,1.0000,19.0000,5,0.661017,0.0288529,3.96610,0.208742,ok,0.145647,,0.145647,3.96610,4.4574,0.146619,3.76413,1,0,8.8558,estimated,0.50,1.88206,5.64619
10,36,10.5000,36.5000,1.0000,21.0000,5,0.677966,0.0288529,4.06780,0.193705,ok,0.147041,,0.147041,4.06780,4.4152,0.147395,3.99206,1,0,8.8092,estimated,0.50,1.99603,5.98810
11,36,11.5000,36.5000,1.0000,23.0000,5,0.694915,0.0288529,4.16949,0.181282,ok,0.148296,,0.148296,4.16949,4.3778,0.148241,4.18149,1,0,8.7589,estimated,0.50,2.09074,6.27223
12,36,12.5000,36.5000,1.0000,25.0000,5,0.711864,0.0288529,4.27119,0.170847,ok,0.149432,,0.149432,4.27119,4.3446,0.149136,4.33734,1,0,8.7063,estimated,0.50,2.16867,6.50601
13,36,13.5000,36.5000,1.0000,27.0000,5,0.728814,0.0288529,4.37288,0.161959,ok,0.150464,,0.150464,4.37288,4.3148,0.150050,4.46744,1,0,8.6533,estimated,0.50,2.23372,6.70116
14,36,14.5000,36.5000,1.0000,29.0000,5,0.745763,0.0288529,4.47458,0.154296,ok,0.151407,,0.151407,4.47458,4.2879,0.150986,4.57232,1,0,8.5997,estimated,0.50,2.28616,6.85849
15,36,15.5000,36.5000,1.0000,31.0000,5,0.762712,0.0288529,4.57627,0.147622,ok,0.152271,,0.152271,4.57627,4.2635,0.151920,4.65923,1,0,8.5468,estimated,0.50,2.32961,6.98884
16,36,16.5000,36.5000,1.0000,33.0000,5,0.779661,0.0288529,4.67797,0.141757,ok,0.153066,,0.153066,4.67797,4.2414,0.152849,4.73013,1,0,8.4949,estimated,0.50,2.36506,7.09519
17,36,17.5000,36.5000,1.0000,35.0000,5,0.796610,0.0288529,4.77966,0.136562,ok,0.153800,,0.153800,4.77966,4.2212,0.153778,4.78502,1,0,8.4435,estimated,0.50,2.39251,7.17752
18,36,18.5000,36.5000,1.0000,37.0000,5,0.813559,0.0288529,4.88136,0.131929,ok,0.154480,,0.154480,4.88136,4.2026,0.154721,4.82211,1,0,8.3921,estimated,0.50,2.41106,7.23317
19,36,19.5000,36.5000,1.0000,39.0000,5,0.830508,0.0288529,4.98305,0.127771,ok,0.155111,,0.155111,4.98305,4.1855,0.155693,4.83830,1,0,8.3397,estimated,0.50,2.41915,7.25745
20,36,20.5000,36.5000,1.0000,41.0000,5,0.847458,0.0288529,5.08475,0.124018,ok,0.155699,,0.155699,5.08475,4.1697,0.156713,4.82979,1,0,8.2854,estimated,0.50,2.41490,7.24469
21,36,21.5000,36.5000,1.0000,43.0000,5,0.864407,0.0288529,5.18644,0.120615,ok,0.156248,,0.156248,5.18644,4.1550,0.157801,4.87245,1,0,8.2283,estimated,0.50,2.43622,7.30867
22,36,22.5000,36.5000,1.0000,45.0000,5,0.881356,0.0288529,5.28814,0.117514,ok,0.156761,,0.156761,5.28814,4.1414,0.158974,4.97490,1,0,8.1676,estimated,0.50,2.48745,7.46235
23,36,23.5000,36.5000,1.0000,47.0000,5,0.898305,0.0288529,5.38983,0.114677,ok,0.157242,,0.157242,5.38983,4.1288,0.160243,5.06257,1,0,8.1029,estimated,0.50,2.53129,7.59386
24,36,24.5000,36.5000,1.0000,49.0000,5,0.898305,0.0288529,5.38983,0.109997,ok,0.159218,,0.159218,5.38983,4.0775,0.161586,5.13832,1,0,8.0355,estimated,0.50,2.56916,7.70749
25,36,25.5000,36.5000,1.0000,51.0000,5,0.898305,0.0288529,5.38983,0.105683,ok,0.161193,,0.161193,5.38983,4.0276,0.163034,5.19975,1,0,7.9642,estimated,0.50,2.59988,7.79963
26,36,26.5000,36.5000,1.0000,53.0000,5,0.898305,0.0288529,5.38983,0.101695,ok,0.163168,,0.163168,5.38983,3.9788,0.164571,5.24908,1,0,7.8898,estimated,0.50,2.62454,7.87362
27,36,27.5000,36.5000,1.0000,55.0000,5,0.898305,0.0288529,5.38983,0.097997,ok,0.165143,,0.165143,5.38983,3.9312,0.166213,5.28569,1,0,7.8118,estimated,0.50,2.64284,7.92853
28,36,28.5000,36.5000,1.0000,57.0000,5,0.898305,0.0288529,5.38983,0.094558,ok,0.167118,,0.167118,5.38983,3.8848,0.167933,5.31297,1,0,7.7319,estimated,0.50,2.65648,7.96945
29,36,29.5000,36.5000,1.0000,59.0000,5,0.898305,0.0288529,5.38983,0.091353,ok,0.169093,,0.169093,5.38983,3.8394,0.169712,5.33319,1,0,7.6508,estimated,0.50,2.66660,7.99979
30,36,30.5000,36.5000,1.0000,61.0000,5,0.898305,0.0288529,5.38983,0.088358,ok,0.171068,,0.171068,5.38983,3.7951,0.171533,5.34856,1,0,7.5695,estimated,0.50,2.67428,8.02284
31,36,31.5000,36.5000,1.0000,63.0000,5,0.898305,0.0288529,5.38983,0.085553,ok,0.173044,,0.173044,5.38983,3.7517,0.173376,5.36117,1,0,7.4891,estimated,0.50,2.68058,8.04175
32,36,32.5000,36.5000,1.0000,65.0000,5,0.898305,0.0288529,5.38983,0.082920,ok,0.175019,,0.175019,5.38983,3.7094,0.175223,5.37273,1,0,7.4102,estimated,0.50,2.68637,8.05910
33,36,33.5000,36.5000,1.0000,67.0000,5,0.898305,0.0288529,5.38983,0.080445,ok,0.176994,,0.176994,5.38983,3.6680,0.177057,5.38473,1,0,7.3334,estimated,0.50,2.69237,8.07710
34,36,34.5000,36.5000,1.0000,69.0000,5,0.898305,0.0288529,5.38983,0.078113,ok,0.178969,,0.178969,5.38983,3.6275,0.178859,5.39858,1,0,7.2595,estimated,0.50,2.69929,8.09786
35,36,35.5000,36.5000,1.0000,71.0000,5,0.898305,0.0288529,5.38983,0.075913,ok,0.180794,,0.180794,5.38983,3.5909,0.180612,5.40651,1,0,7.1890,estimated,0.50,2.70326,8.10977
36,36,36.5000,36.5000,1.0000,73.0000,5,0.898305,0.0288529,5.38983,0.073833,ok,0.182455,,0.182455,5.38983,3.5582,0.182288,5.40474,1,0,7.1230,estimated,0.50,2.70237,8.10711
37,36,37.5000,36.5000,1.0000,75.0000,5,0.898305,0.0288529,5.38983,0.071864,ok,0.184116,,0.184116,5.38983,3.5261,0.183852,5.41278,1,0,7.0624,estimated,0.50,2.70639,8.11917
38,36,38.5000,36.5000,1.0000,77.0000,5,0.898305,0.0288529,5.38983,0.069998,ok,0.185778,,0.185778,5.38983,3.4946,0.185260,5.43378,1,0,7.0087,estimated,0.50,2.71689,8.15067
39,36,39.5000,36.5000,1.0000,79.0000,5,0.898305,0.0288529,5.38983,0.068226,ok,0.187439,,0.187439,5.38983,3.4636,0.186456,5.47176,1,0,6.9637,estimated,0.50,2.73588,8.20764
40,36,40.5000,36.5000,1.0000,81.0000,5,0.898305,0.0288529,5.38983,0.066541,ok,0.189100,,0.189100,5.38983,3.4332,0.187378,5.53143,1,0,6.9295,estimated,0.50,2.76571,8.29714
41,36,41.5000,36.5000,1.0000,83.0000,5,0.898305,0.0288529,5.38983,0.064938,ok,0.190761,,0.190761,5.38983,3.4033,0.187964,5.61778,1,0,6.9079,estimated,0.50,2.80889,8.42668
42,36,42.5000,36.5000,1.0000,84.7056,2,0.898305,0.0288529,5.38983,0.063630,ok,0.192178,,0.192178,5.38983,3.3782,0.188162,5.71607,1,0,6.9006,estimated,0.50,2.85804,8.57411
43,36,43.5000,36.5000,1.0000,82.7056,2,0.898305,0.0288529,5.38983,0.065169,ok,0.190517,,0.190517,5.38983,3.4077,0.187901,5.60314,1,0,6.9102,estimated,0.50,2.80157,8.40472
44,36,44.5000,36.5000,1.0000,80.7056,2,0.898305,0.0288529,5.38983,0.066784,ok,0.188855,,0.188855,5.38983,3.4376,0.187263,5.52098,1,0,6.9337,estimated,0.50,2.76049,8.28147
45,36,45.5000,36.5000,1.0000,78.7056,2,0.898305,0.0288529,5.38983,0.068481,ok,0.187194,,0.187194,5.38983,3.4681,0.186297,5.46480,1,0,6.9697,estimated,0.50,2.73240,8.19720
46,36,46.5000,36.5000,1.0000,76.7056,2,0.898305,0.0288529,5.38983,0.070266,ok,0.185533,,0.185533,5.38983,3.4992,0.185066,5.42960,1,0,7.0160,estimated,0.50,2.71480,8.14440
47,36,47.5000,36.5000,1.0000,74.7056,2,0.898305,0.0288529,5.38983,0.072148,ok,0.183872,,0.183872,5.38983,3.5308,0.183632,5.41076,1,0,7.0708,estimated,0.50,2.70538,8.11613
48,36,48.5000,36.5000,1.0000,72.7056,2,0.898305,0.0288529,5.38983,0.074132,ok,0.182211,,0.182211,5.38983,3.5630,0.182048,5.40437,1,0,7.1323,estimated,0.50,2.70219,8.10656
49,36,49.5000,36.5000,1.0000,70.7056,2,0.898305,0.0288529,5.38983,0.076229,ok,0.180550,,0.180550,5.38983,3.5958,0.180359,5.40743,1,0,7.1992,estimated,0.50,2.70371,8.11114
50,36,50.5000,36.5000,1.0000,68.7056,2,0.898305,0.0288529,5.38983,0.078448,ok,0.178678,,0.178678,5.38983,3.6334,0.178595,5.39644,1,0,7.2702,estimated,0.50,2.69822,8.09467
51,36,51.5000,36.5000,1.0000,66.7056,2,0.898305,0.0288529,5.38983,0.080800,ok,0.176703,,0.176703,5.38983,3.6740,0.176787,5.38303,1,0,7.3446,estimated,0.50,2.69151,8.07454
52,36,52.5000,36.5000,1.0000,64.7056,2,0.898305,0.0288529,5.38983,0.083298,ok,0.174728,,0.174728,5.38983,3.7156,0.174948,5.37132,1,0,7.4218,estimated,0.50,2.68566,8.05698
53,36,53.5000,36.5000,1.0000,62.7056,2,0.898305,0.0288529,5.38983,0.085954,ok,0.172753,,0.172753,5.38983,3.7581,0.173099,5.35990,1,0,7.5011,estimated,0.50,2.67995,8.03985
54,36,54.5000,36.5000,1.0000,60.7056,2,0.898305,0.0288529,5.38983,0.088786,ok,0.170778,,0.170778,5.38983,3.8015,0.171255,5.34725,1,0,7.5818,estimated,0.50,2.67363,8.02088
55,36,55.5000,36.5000,1.0000,58.7056,2,0.898305,0.0288529,5.38983,0.091811,ok,0.168803,,0.168803,5.38983,3.8460,0.169436,5.33163,1,0,7.6633,estimated,0.50,2.66581,7.99744
56,36,56.5000,36.5000,1.0000,56.7056,2,0.898305,0.0288529,5.38983,0.095049,ok,0.166827,,0.166827,5.38983,3.8915,0.167660,5.31087,1,0,7.7444,estimated,0.50,2.65543,7.96630
57,36,57.5000,36.5000,1.0000,54.7056,2,0.898305,0.0288529,5.38983,0.098524,ok,0.164852,,0.164852,5.38983,3.9382,0.165947,5.28276,1,0,7.8244,estimated,0.50,2.64138,7.92414
58,36,58.5000,36.5000,1.0000,52.7056,2,0.898305,0.0288529,5.38983,0.102263,ok,0.162877,,0.162877,5.38983,3.9859,0.164314,5.24502,1,0,7.9021,estimated,0.50,2.62251,7.86752
59,36,59.5000,36.5000,1.0000,50.7056,2,0.898305,0.0288529,5.38983,0.106296,ok,0.160902,,0.160902,5.38983,4.0348,0.162788,5.19424,1,0,7.9762,estimated,0.50,2.59712,7.79136
60,36,60.5000,36.5000,1.0000,48.7056,2,0.898305,0.0288529,5.38983,0.110661,ok,0.158927,,0.158927,5.38983,4.0850,0.161351,5.13118,1,0,8.0472,estimated,0.50,2.56559,7.69676
61,36,61.5000,36.5000,1.0000,46.7056,2,0.898305,0.0288529,5.38983,0.115400,ok,0.157118,,0.157118,5.38983,4.1320,0.160017,5.05399,1,0,8.1143,estimated,0.50,2.52700,7.58099
62,36,62.5000,36.5000,1.0000,44.7056,2,0.881356,0.0288529,5.28814,0.118288,ok,0.156632,,0.156632,5.28814,4.1449,0.158759,4.96452,1,0,8.1786,estimated,0.50,2.48226,7.44677
63,36,63.5000,36.5000,1.0000,42.7056,2,0.864407,0.0288529,5.18644,0.121446,ok,0.156112,,0.156112,5.18644,4.1586,0.157596,4.86032,1,0,8.2390,estimated,0.50,2.43016,7.29049
64,36,64.5000,36.5000,1.0000,40.7056,2,0.847458,0.0288529,5.08475,0.124915,ok,0.155557,,0.155557,5.08475,4.1735,0.156515,4.84343,1,0,8.2959,estimated,0.50,2.42172,7.26515
65,36,65.5000,36.5000,1.0000,38.7056,2,0.830508,0.0288529,4.98305,0.128742,ok,0.154962,,0.154962,4.98305,4.1895,0.155500,4.84888,1,0,8.3500,estimated,0.50,2.42444,7.27332
66,36,66.5000,36.5000,1.0000,36.7056,2,0.813559,0.0288529,4.88136,0.132987,ok,0.154323,,0.154323,4.88136,4.2069,0.154531,4.83010,1,0,8.4024,estimated,0.50,2.41505,7.24515
67,36,67.5000,36.5000,1.0000,34.7056,2,0.796610,0.0288529,4.77966,0.137720,ok,0.153634,,0.153634,4.77966,4.2257,0.153588,4.79078,1,0,8.4540,estimated,0.50,2.39539,7.18617
68,36,68.5000,36.5000,1.0000,32.7056,2,0.779661,0.0288529,4.67797,0.143032,ok,0.152890,,0.152890,4.67797,4.2463,0.152657,4.73384,1,0,8.5055,estimated,0.50,2.36692,7.10076
69,36,69.5000,36.5000,1.0000,30.7056,2,0.762712,0.0288529,4.57627,0.149037,ok,0.152084,,0.152084,4.57627,4.2688,0.151726,4.66078,1,0,8.5577,estimated,0.50,2.33039,6.99118
70,36,70.5000,36.5000,1.0000,28.7056,2,0.745763,0.0288529,4.47458,0.155878,ok,0.151208,,0.151208,4.47458,4.2935,0.150792,4.57128,1,0,8.6107,estimated,0.50,2.28564,6.85692
71,36,71.5000,36.5000,1.0000,26.7056,2,0.728814,0.0288529,4.37288,0.163744,ok,0.150252,,0.150252,4.37288,4.3209,0.149857,4.46302,1,0,8.6645,estimated,0.50,2.23151,6.69453
72,36,72.5000,36.5000,1.0000,24.7056,2,0.711864,0.0288529,4.27119,0.172883,ok,0.149204,,0.149204,4.27119,4.3512,0.148948,4.32854,1,0,8.7173,estimated,0.50,2.16427,6.49281
73,36,73.5000,36.5000,1.0000,22.7056,2,0.694915,0.0288529,4.16949,0.183633,ok,0.148051,,0.148051,4.16949,4.3851,0.148061,4.16721,1,0,8.7695,estimated,0.50,2.08361,6.25082
74,36,74.5000,36.5000,1.0000,20.7056,2,0.677966,0.0288529,4.06780,0.196459,ok,0.146776,,0.146776,4.06780,4.4232,0.147228,3.97130,1,0,8.8192,estimated,0.50,1.98565,5.95695
75,36,75.5000,36.5000,1.0000,18.7056,2,0.661017,0.0288529,3.96610,0.212027,ok,0.145359,,0.145359,3.96610,4.4663,0.146467,3.73615,1,0,8.8650,estimated,0.50,1.86807,5.60422
76,36,76.5000,36.5000,1.0000,16.7056,2,0.644068,0.0288529,3.86441,0.231324,ok,0.143775,,0.143775,3.86441,4.5155,0.145796,3.45929,1,0,8.9058,estimated,0.50,1.72965,5.18894
77,36,77.5000,36.5000,1.0000,14.7056,2,0.627119,0.0288529,3.76271,0.255869,too_firm,,3.55265,0.143000,3.55265,4.5400,0.145206,3.14403,1,0,8.9420,estimated,0.50,1.57201,4.71604
78,36,78.5000,36.5000,1.0000,12.7056,2,0.610169,0.0288529,3.66102,0.288141,beyond_data,,3.06948,0.143000,3.06948,4.5400,0.144698,2.79294,1,0,8.9734,estimated,0.50,1.39647,4.18941
79,36,79.5000,36.5000,1.0000,10.7056,2,0.593220,0.0288529,3.55932,0.332472,beyond_data,,2.58631,0.143000,2.58631,4.5400,0.144281,2.40796,1,0,8.9993,estimated,0.50,1.20398,3.61194
80,36,80.5000,36.5000,1.0000,8.7056,2,0.576271,0.0288529,3.45763,0.397171,beyond_data,,2.10315,0.143000,2.10315,4.5400,0.143948,1.99453,1,0,9.0201,estimated,0.50,0.99727,2.99180
81,36,81.5000,36.5000,1.0000,6.7056,2,0.559322,0.0288529,3.35593,0.500465,beyond_data,,1.61998,0.143000,1.61998,4.5400,0.143689,1.55860,1,1,9.0364,estimated,0.50,0.77930,2.33789
82,36,82.5000,36.5000,1.0000,4.7056,2,0.542373,0.0288529,3.25424,0.691563,beyond_data,,1.13681,0.143000,1.13681,4.5400,0.143492,1.10581,1,1,9.0488,estimated,0.50,0.55290,1.65871
83,36,83.5000,36.5000,1.0000,2.7056,2,0.525424,0.0288529,3.15254,1.165180,beyond_data,,0.65364,0.143000,0.65364,4.5400,0.143346,0.64104,1,1,9.0580,estimated,0.50,0.32052,0.96156
84,36,84.5000,36.5000,1.0000,0.7056,2,0.508475,0.0288529,3.05085,4.323595,beyond_data,,0.17047,0.143000,0.17047,4.5400,0.143239,0.16819,1,1,9.0648,estimated,0.50,0.08410,0.25229
0,37,0.5000,37.5000,1.0000,1.0000,5,0.508475,0.0288529,3.05085,3.050847,beyond_data,,0.24158,0.143000,0.24158,4.5400,0.143264,0.23802,1,1,9.0632,estimated,0.50,0.11901,0.35703
1,37,1.5000,37.5000,1.0000,3.0000,5,0.525424,0.0288529,3.15254,1.050847,beyond_data,,0.72475,0.143000,0.72475,4.5400,0.143380,0.70945,1,1,9.0559,estimated,0.50,0.35473,1.06418
2,37,2.5000,37.5000,1.0000,5.0000,5,0.542373,0.0288529,3.25424,0.650847,beyond_data,,1.20792,0.143000,1.20792,4.5400,0.143536,1.17210,1,1,9.0460,estimated,0.50,0.58605,1.75815
3,37,3.5000,37.5000,1.0000,7.0000,5,0.559322,0.0288529,3.35593,0.479419,beyond_data,,1.69109,0.143000,1.69109,4.5400,0.143745,1.62191,1,1,9.0328,estimated,0.50,0.81096,2.43287
4,37,4.5000,37.5000,1.0000,9.0000,5,0.576271,0.0288529,3.45763,0.384181,beyond_data,,2.17426,0.143000,2.17426,4.5400,0.144019,2.05386,1,0,9.0157,estimated,0.50,1.02693,3.08079
5,37,5.5000,37.5000,1.0000,11.0000,5,0.593220,0.0288529,3.55932,0.323575,beyond_data,,2.65743,0.143000,2.65743,4.5400,0.144369,2.46221,1,0,8.9939,estimated,0.50,1.23111,3.69332
6,37,6.5000,37.5000,1.0000,13.0000,5,0.610169,0.0288529,3.66102,0.281617,too_firm,,3.14060,0.143000,3.14060,4.5400,0.144804,2.84107,1,0,8.9668,estimated,0.50,1.42054,4.26161
7,37,7.5000,37.5000,1.0000,15.0000,5,0.627119,0.0288529,3.76271,0.250847,too_firm,,3.62377,0.143000,3.62377,4.5400,0.145332,3.18515,1,0,8.9342,estimated,0.50,1.59258,4.77773
8,37,8.5000,37.5000,1.0000,17.0000,5,0.644068,0.0288529,3.86441,0.227318,ok,0.144089,,0.144089,3.86441,4.5056,0.145936,3.49373,1,0,8.8973,estimated,0.50,1.74686,5.24059
9,37,9.5000,37.5000,1.0000,19.0000,5,0.661017,0.0288529,3.96610,0.208742,ok,0.145647,,0.145647,3.96610,4.4574,0.146627,3.76250,1,0,8.8553,estimated,0.50,1.88125,5.64375
10,37,10.5000,37.5000,1.0000,21.0000,5,0.677966,0.0288529,4.06780,0.193705,ok,0.147041,,0.147041,4.06780,4.4152,0.147407,3.98955,1,0,8.8084,estimated,0.50,1.99477,5.98432
11,37,11.5000,37.5000,1.0000,23.0000,5,0.694915,0.0288529,4.16949,0.181282,ok,0.148296,,0.148296,4.16949,4.3778,0.148259,4.17766,1,0,8.7579,estimated,0.50,2.08883,6.26649
12,37,12.5000,37.5000,1.0000,25.0000,5,0.711864,0.0288529,4.27119,0.170847,ok,0.149432,,0.149432,4.27119,4.3446,0.149162,4.33162,1,0,8.7049,estimated,0.50,2.16581,6.49742
13,37,13.5000,37.5000,1.0000,27.0000,5,0.728814,0.0288529,4.37288,0.161959,ok,0.150464,,0.150464,4.37288,4.3148,0.150086,4.45916,1,0,8.6513,estimated,0.50,2.22958,6.68875
14,37,14.5000,37.5000,1.0000,29.0000,5,0.745763,0.0288529,4.47458,0.154296,ok,0.151407,,0.151407,4.47458,4.2879,0.151037,4.56028,1,0,8.5968,estimated,0.50,2.28014,6.84042
15,37,15.5000,37.5000,1.0000,31.0000,5,0.762712,0.0288529,4.57627,0.147622,ok,0.152271,,0.152271,4.57627,4.2635,0.151992,4.64204,1,0,8.5428,estimated,0.50,2.32102,6.96306
16,37,16.5000,37.5000,1.0000,33.0000,5,0.779661,0.0288529,4.67797,0.141757,ok,0.153066,,0.153066,4.67797,4.2414,0.152948,4.70610,1,0,8.4893,estimated,0.50,2.35305,7.05915
17,37,17.5000,37.5000,1.0000,35.0000,5,0.796610,0.0288529,4.77966,0.136562,ok,0.153800,,0.153800,4.77966,4.2212,0.153914,4.75217,1,0,8.4361,estimated,0.50,2.37609,7.12826
18,37,18.5000,37.5000,1.0000,37.0000,5,0.813559,0.0288529,4.88136,0.131929,ok,0.154480,,0.154480,4.88136,4.2026,0.154901,4.77827,1,0,8.3823,estimated,0.50,2.38914,7.16741
19,37,19.5000,37.5000,1.0000,39.0000,5,0.830508,0.0288529,4.98305,0.127771,ok,0.155111,,0.155111,4.98305,4.1855,0.155926,4.78126,1,0,8.3272,estimated,0.50,2.39063,7.17189
20,37,20.5000,37.5000,1.0000,41.0000,5,0.847458,0.0288529,5.08475,0.124018,ok,0.155699,,0.155699,5.08475,4.1697,0.157010,4.75755,1,0,8.2697,estimated,0.50,2.37877,7.13632
21,37,21.5000,37.5000,1.0000,43.0000,5,0.864407,0.0288529,5.18644,0.120615,ok,0.156248,,0.156248,5.18644,4.1550,0.158169,4.83457,1,0,8.2091,estimated,0.50,2.41728,7.25185
22,37,22.5000,37.5000,1.0000,45.0000,5,0.881356,0.0288529,5.28814,0.117514,ok,0.156761,,0.156761,5.28814,4.1414,0.159420,4.92925,1,0,8.1447,estimated,0.50,2.46463,7.39388
23,37,23.5000,37.5000,1.0000,47.0000,5,0.881356,0.0288529,5.28814,0.112514,ok,0.158135,,0.158135,5.28814,4.1054,0.160754,5.01074,1,0,8.0771,estimated,0.50,2.50537,7.51611
24,37,24.5000,37.5000,1.0000,49.0000,5,0.881356,0.0288529,5.28814,0.107921,ok,0.160148,,0.160148,5.28814,4.0538,0.162181,5.07879,1,0,8.0060,estimated,0.50,2.53939,7.61818
25,37,25.5000,37.5000,1.0000,51.0000,5,0.881356,0.0288529,5.28814,0.103689,ok,0.162161,,0.162161,5.28814,4.0035,0.163714,5.13292,1,0,7.9311,estimated,0.50,2.56646,7.69937
26,37,26.5000,37.5000,1.0000,53.0000,5,0.881356,0.0288529,5.28814,0.099776,ok,0.164174,,0.164174,5.28814,3.9544,0.165335,5.17555,1,0,7.8533,estimated,0.50,2.58778,7.76333
27,37,27.5000,37.5000,1.0000,55.0000,5,0.881356,0.0288529,5.28814,0.096148,ok,0.166188,,0.166188,5.28814,3.9065,0.167054,5.20661,1,0,7.7725,estimated,0.50,2.60331,7.80992
28,37,28.5000,37.5000,1.0000,57.0000,5,0.881356,0.0288529,5.28814,0.092774,ok,0.168201,,0.168201,5.28814,3.8598,0.168844,5.22950,1,0,7.6901,estimated,0.50,2.61475,7.84424
29,37,29.5000,37.5000,1.0000,59.0000,5,0.881356,0.0288529,5.28814,0.089629,ok,0.170214,,0.170214,5.28814,3.8141,0.170685,5.24651,1,0,7.6072,estimated,0.50,2.62325,7.86976
30,37,30.5000,37.5000,1.0000,61.0000,5,0.881356,0.0288529,5.28814,0.086691,ok,0.172227,,0.172227,5.28814,3.7695,0.172558,5.25977,1,0,7.5246,estimated,0.50,2.62988,7.88965
31,37,31.5000,37.5000,1.0000,63.0000,5,0.881356,0.0288529,5.28814,0.083939,ok,0.174240,,0.174240,5.28814,3.7260,0.174444,5.27120,1,0,7.4433,estimated,0.50,2.63560,7.90681
32,37,32.5000,37.5000,1.0000,65.0000,5,0.881356,0.0288529,5.28814,0.081356,ok,0.176253,,0.176253,5.28814,3.6834,0.176325,5.28232,1,0,7.3638,estimated,0.50,2.64116,7.92349
33,37,33.5000,37.5000,1.0000,67.0000,5,0.881356,0.0288529,5.28814,0.078927,ok,0.178266,,0.178266,5.28814,3.6418,0.178185,5.29450,1,0,7.2870,estimated,0.50,2.64725,7.94175
34,37,34.5000,37.5000,1.0000,69.0000,5,0.881356,0.0288529,5.28814,0.076640,ok,0.180235,,0.180235,5.28814,3.6020,0.180013,5.30830,1,0,7.2130,estimated,0.50,2.65415,7.96245
35,37,35.5000,37.5000,1.0000,71.0000,5,0.881356,0.0288529,5.28814,0.074481,ok,0.181928,,0.181928,5.28814,3.5685,0.181786,5.30063,1,0,7.1426,estimated,0.50,2.65032,7.95095
36,37,36.5000,37.5000,1.0000,73.0000,5,0.881356,0.0288529,5.28814,0.072440,ok,0.183621,,0.183621,5.28814,3.5356,0.183481,5.30017,1,0,7.0766,estimated,0.50,2.65009,7.95026
37,37,37.5000,37.5000,1.0000,75.0000,5,0.881356,0.0288529,5.28814,0.070508,ok,0.185314,,0.185314,5.28814,3.5033,0.185064,5.30908,1,0,7.0161,estimated,0.50,2.65454,7.96362
38,37,38.5000,37.5000,1.0000,77.0000,5,0.881356,0.0288529,5.28814,0.068677,ok,0.187007,,0.187007,5.28814,3.4716,0.186491,5.33039,1,0,6.9624,estimated,0.50,2.66519,7.99558
39,37,39.5000,37.5000,1.0000,79.0000,5,0.881356,0.0288529,5.28814,0.066938,ok,0.188701,,0.188701,5.28814,3.4405,0.187705,5.36803,1,0,6.9174,estimated,0.50,2.68402,8.05205
40,37,40.5000,37.5000,1.0000,81.0000,5,0.881356,0.0288529,5.28814,0.065286,ok,0.190394,,0.190394,5.28814,3.4099,0.188643,5.42670,1,0,6.8830,estimated,0.50,2.71335,8.14005
41,37,41.5000,37.5000,1.0000,83.0000,5,0.881356,0.0288529,5.28814,0.063712,ok,0.192087,,0.192087,5.28814,3.3798,0.189240,5.51139,1,0,6.8613,estimated,0.50,2.75570,8.26709
42,37,42.5000,37.5000,1.0000,84.7056,2,0.881356,0.0288529,5.28814,0.062430,ok,0.193531,,0.193531,5.28814,3.3546,0.189444,5.60773,1,0,6.8539,estimated,0.50,2.80386,8.41159
43,37,43.5000,37.5000,1.0000,82.7056,2,0.881356,0.0288529,5.28814,0.063939,ok,0.191838,,0.191838,5.28814,3.3842,0.189177,5.49704,1,0,6.8636,estimated,0.50,2.74852,8.24556
44,37,44.5000,37.5000,1.0000,80.7056,2,0.881356,0.0288529,5.28814,0.065524,ok,0.190144,,0.190144,5.28814,3.4143,0.188526,5.41645,1,0,6.8873,estimated,0.50,2.70823,8.12468
45,37,45.5000,37.5000,1.0000,78.7056,2,0.881356,0.0288529,5.28814,0.067189,ok,0.188451,,0.188451,5.28814,3.4450,0.187544,5.36117,1,0,6.9233,estimated,0.50,2.68058,8.04175
46,37,46.5000,37.5000,1.0000,76.7056,2,0.881356,0.0288529,5.28814,0.068941,ok,0.186758,,0.186758,5.28814,3.4762,0.186294,5.32621,1,0,6.9698,estimated,0.50,2.66310,7.98931
47,37,47.5000,37.5000,1.0000,74.7056,2,0.881356,0.0288529,5.28814,0.070786,ok,0.185065,,0.185065,5.28814,3.5080,0.184841,5.30697,1,0,7.0246,estimated,0.50,2.65348,7.96045
48,37,48.5000,37.5000,1.0000,72.7056,2,0.881356,0.0288529,5.28814,0.072734,ok,0.183372,,0.183372,5.28814,3.5404,0.183239,5.29963,1,0,7.0860,estimated,0.50,2.64981,7.94944
49,37,49.5000,37.5000,1.0000,70.7056,2,0.881356,0.0288529,5.28814,0.074791,ok,0.181679,,0.181679,5.28814,3.5734,0.181530,5.30131,1,0,7.1527,estimated,0.50,2.65065,7.95196
50,37,50.5000,37.5000,1.0000,68.7056,2,0.881356,0.0288529,5.28814,0.076968,ok,0.179983,,0.179983,5.28814,3.6071,0.179747,5.30626,1,0,7.2237,estimated,0.50,2.65313,7.95939
51,37,51.5000,37.5000,1.0000,66.7056,2,0.881356,0.0288529,5.28814,0.079276,ok,0.177970,,0.177970,5.28814,3.6479,0.177912,5.29272,1,0,7.2982,estimated,0.50,2.64636,7.93908
52,37,52.5000,37.5000,1.0000,64.7056,2,0.881356,0.0288529,5.28814,0.081726,ok,0.175957,,0.175957,5.28814,3.6896,0.176047,5.28083,1,0,7.3755,estimated,0.50,2.64041,7.92124
53,37,53.5000,37.5000,1.0000,62.7056,2,0.881356,0.0288529,5.28814,0.084333,ok,0.173944,,0.173944,5.28814,3.7323,0.174162,5.26988,1,0,7.4553,estimated,0.50,2.63494,7.90482
54,37,54.5000,37.5000,1.0000,60.7056,2,0.881356,0.0288529,5.28814,0.087111,ok,0.171931,,0.171931,5.28814,3.7760,0.172275,5.25846,1,0,7.5369,estimated,0.50,2.62923,7.88770
55,37,55.5000,37.5000,1.0000,58.7056,2,0.881356,0.0288529,5.28814,0.090079,ok,0.169918,,0.169918,5.28814,3.8208,0.170403,5.24502,1,0,7.6197,estimated,0.50,2.62251,7.86753
56,37,56.5000,37.5000,1.0000,56.7056,2,0.881356,0.0288529,5.28814,0.093256,ok,0.167904,,0.167904,5.28814,3.8666,0.168566,5.22756,1,0,7.7028,estimated,0.50,2.61378,7.84134
57,37,57.5000,37.5000,1.0000,54.7056,2,0.881356,0.0288529,5.28814,0.096665,ok,0.165891,,0.165891,5.28814,3.9135,0.166782,5.20395,1,0,7.7852,estimated,0.50,2.60197,7.80592
58,37,58.5000,37.5000,1.0000,52.7056,2,0.881356,0.0288529,5.28814,0.100333,ok,0.163878,,0.163878,5.28814,3.9616,0.165071,5.17185,1,0,7.8659,estimated,0.50,2.58592,7.75777
59,37,59.5000,37.5000,1.0000,50.7056,2,0.881356,0.0288529,5.28814,0.104291,ok,0.161865,,0.161865,5.28814,4.0108,0.163460,5.12786,1,0,7.9434,estimated,0.50,2.56393,7.69179
60,37,60.5000,37.5000,1.0000,48.7056,2,0.881356,0.0288529,5.28814,0.108573,ok,0.159852,,0.159852,5.28814,4.0614,0.161939,5.07216,1,0,8.0180,estimated,0.50,2.53608,7.60824
61,37,61.5000,37.5000,1.0000,46.7056,2,0.881356,0.0288529,5.28814,0.113223,ok,0.157839,,0.157839,5.28814,4.1132,0.160524,5.00240,1,0,8.0887,estimated,0.50,2.50120,7.50360
62,37,62.5000,37.5000,1.0000,44.7056,2,0.881356,0.0288529,5.28814,0.118288,ok,0.156632,,0.156632,5.28814,4.1449,0.159198,4.91946,1,0,8.1561,estimated,0.50,2.45973,7.37918
63,37,63.5000,37.5000,1.0000,42.7056,2,0.864407,0.0288529,5.18644,0.121446,ok,0.156112,,0.156112,5.18644,4.1586,0.157958,4.82302,1,0,8.2201,estimated,0.50,2.41151,7.23453
64,37,64.5000,37.5000,1.0000,40.7056,2,0.847458,0.0288529,5.08475,0.124915,ok,0.155557,,0.155557,5.08475,4.1735,0.156807,4.77236,1,0,8.2805,estimated,0.50,2.38618,7.15854
65,37,65.5000,37.5000,1.0000,38.7056,2,0.830508,0.0288529,4.98305,0.128742,ok,0.154962,,0.154962,4.98305,4.1895,0.155729,4.79287,1,0,8.3377,estimated,0.50,2.39643,7.18930
66,37,66.5000,37.5000,1.0000,36.7056,2,0.813559,0.0288529,4.88136,0.132987,ok,0.154323,,0.154323,4.88136,4.2069,0.154707,4.78711,1,0,8.3928,estimated,0.50,2.39355,7.18066
67,37,67.5000,37.5000,1.0000,34.7056,2,0.796610,0.0288529,4.77966,0.137720,ok,0.153634,,0.153634,4.77966,4.2257,0.153721,4.75860,1,0,8.4467,estimated,0.50,2.37930,7.13790
68,37,68.5000,37.5000,1.0000,32.7056,2,0.779661,0.0288529,4.67797,0.143032,ok,0.152890,,0.152890,4.67797,4.2463,0.152755,4.71031,1,0,8.5001,estimated,0.50,2.35515,7.06546
69,37,69.5000,37.5000,1.0000,30.7056,2,0.762712,0.0288529,4.57627,0.149037,ok,0.152084,,0.152084,4.57627,4.2688,0.151797,4.64394,1,0,8.5537,estimated,0.50,2.32197,6.96591
70,37,70.5000,37.5000,1.0000,28.7056,2,0.745763,0.0288529,4.47458,0.155878,ok,0.151208,,0.151208,4.47458,4.2935,0.150842,4.55946,1,0,8.6079,estimated,0.50,2.27973,6.83920
71,37,71.5000,37.5000,1.0000,26.7056,2,0.728814,0.0288529,4.37288,0.163744,ok,0.150252,,0.150252,4.37288,4.3209,0.149892,4.45489,1,0,8.6624,estimated,0.50,2.22745,6.68234
72,37,72.5000,37.5000,1.0000,24.7056,2,0.711864,0.0288529,4.27119,0.172883,ok,0.149204,,0.149204,4.27119,4.3512,0.148973,4.32291,1,0,8.7159,estimated,0.50,2.16145,6.48436
73,37,73.5000,37.5000,1.0000,22.7056,2,0.694915,0.0288529,4.16949,0.183633,ok,0.148051,,0.148051,4.16949,4.3851,0.148079,4.16344,1,0,8.7685,estimated,0.50,2.08172,6.24516
74,37,74.5000,37.5000,1.0000,20.7056,2,0.677966,0.0288529,4.06780,0.196459,ok,0.146776,,0.146776,4.06780,4.4232,0.147239,3.96881,1,0,8.8185,estimated,0.50,1.98441,5.95322
75,37,75.5000,37.5000,1.0000,18.7056,2,0.661017,0.0288529,3.96610,0.212027,ok,0.145359,,0.145359,3.96610,4.4663,0.146475,3.73454,1,0,8.8645,estimated,0.50,1.86727,5.60181
76,37,76.5000,37.5000,1.0000,16.7056,2,0.644068,0.0288529,3.86441,0.231324,ok,0.143775,,0.143775,3.86441,4.5155,0.145801,3.45827,1,0,8.9055,estimated,0.50,1.72913,5.18740
77,37,77.5000,37.5000,1.0000,14.7056,2,0.627119,0.0288529,3.76271,0.255869,too_firm,,3.55265,0.143000,3.55265,4.5400,0.145210,3.14341,1,0,8.9417,estimated,0.50,1.57170,4.71511
78,37,78.5000,37.5000,1.0000,12.7056,2,0.610169,0.0288529,3.66102,0.288141,beyond_data,,3.06948,0.143000,3.06948,4.5400,0.144700,2.79259,1,0,8.9732,estimated,0.50,1.39630,4.18889
79,37,79.5000,37.5000,1.0000,10.7056,2,0.593220,0.0288529,3.55932,0.332472,beyond_data,,2.58631,0.143000,2.58631,4.5400,0.144282,2.40777,1,0,8.9992,estimated,0.50,1.20389,3.61166
80,37,80.5000,37.5000,1.0000,8.7056,2,0.576271,0.0288529,3.45763,0.397171,beyond_data,,2.10315,0.143000,2.10315,4.5400,0.143949,1.99444,1,0,9.0201,estimated,0.50,0.99722,2.99166
81,37,81.5000,37.5000,1.0000,6.7056,2,0.559322,0.0288529,3.35593,0.500465,beyond_data,,1.61998,0.143000,1.61998,4.5400,0.143689,1.55855,1,1,9.0364,estimated,0.50,0.77927,2.33782
82,37,82.5000,37.5000,1.0000,4.7056,2,0.542373,0.0288529,3.25424,0.691563,beyond_data,,1.13681,0.143000,1.13681,4.5400,0.143493,1.10579,1,1,9.0488,estimated,0.50,0.55289,1.65868
83,37,83.5000,37.5000,1.0000,2.7056,2,0.525424,0.0288529,3.15254,1.165180,beyond_data,,0.65364,0.143000,0.65364,4.5400,0.143346,0.64104,1,1,9.0580,estimated,0.50,0.32052,0.96155
84,37,84.5000,37.5000,1.0000,0.7056,2,0.508475,0.0288529,3.05085,4.323595,beyond_data,,0.17047,0.143000,0.17047,4.5400,0.143239,0.16819,1,1,9.0648,estimated,0.50,0.08410,0.25229
0,38,0.5000,38.5000,1.0000,1.0000,5,0.508475,0.0288529,3.05085,3.050847,beyond_data,,0.24158,0.143000,0.24158,4.5400,0.143264,0.23802,1,1,9.0632,estimated,0.50,0.11901,0.35703
1,38,1.5000,38.5000,1.0000,3.0000,5,0.525424,0.0288529,3.15254,1.050847,beyond_data,,0.72475,0.143000,0.72475,4.5400,0.143380,0.70944,1,1,9.0559,estimated,0.50,0.35472,1.06416
2,38,2.5000,38.5000,1.0000,5.0000,5,0.542373,0.0288529,3.25424,0.650847,beyond_data,,1.20792,0.143000,1.20792,4.5400,0.143537,1.17206,1,1,9.0460,estimated,0.50,0.58603,1.75809
3,38,3.5000,38.5000,1.0000,7.0000,5,0.559322,0.0288529,3.35593,0.479419,beyond_data,,1.69109,0.143000,1.69109,4.5400,0.143746,1.62182,1,1,9.0328,estimated,0.50,0.81091,2.43274
4,38,4.5000,38.5000,1.0000,9.0000,5,0.576271,0.0288529,3.45763,0.384181,beyond_data,,2.17426,0.143000,2.17426,4.5400,0.144020,2.05369,1,0,9.0156,estimated,0.50,1.02684,3.08053
5,38,5.5000,38.5000,1.0000,11.0000,5,0.593220,0.0288529,3.55932,0.323575,beyond_data,,2.65743,0.143000,2.65743,4.5400,0.144371,2.46189,1,0,8.9937,estimated,0.50,1.23095,3.69284
6,38,6.5000,38.5000,1.0000,13.0000,5,0.610169,0.0288529,3.66102,0.281617,too_firm,,3.14060,0.143000,3.14060,4.5400,0.144808,2.84050,1,0,8.9666,estimated,0.50,1.42025,4.26075
7,38,7.5000,38.5000,1.0000,15.0000,5,0.627119,0.0288529,3.76271,0.250847,too_firm,,3.62377,0.143000,3.62377,4.5400,0.145337,3.18416,1,0,8.9339,estimated,0.50,1.59208,4.77625
8,38,8.5000,38.5000,1.0000,17.0000,5,0.644068,0.0288529,3.86441,0.227318,ok,0.144089,,0.144089,3.86441,4.5056,0.145944,3.49215,1,0,8.8968,estimated,0.50,1.74607,5.23822
9,38,9.5000,38.5000,1.0000,19.0000,5,0.661017,0.0288529,3.96610,0.208742,ok,0.145647,,0.145647,3.96610,4.4574,0.146639,3.76007,1,0,8.8546,estimated,0.50,1.88004,5.64011
10,38,10.5000,38.5000,1.0000,21.0000,5,0.677966,0.0288529,4.06780,0.193705,ok,0.147041,,0.147041,4.06780,4.4152,0.147425,3.98588,1,0,8.8074,estimated,0.50,1.99294,5.97882
11,38,11.5000,38.5000,1.0000,23.0000,5,0.694915,0.0288529,4.16949,0.181282,ok,0.148296,,0.148296,4.16949,4.3778,0.148284,4.17221,1,0,8.7564,estimated,0.50,2.08611,6.25832
12,38,12.5000,38.5000,1.0000,25.0000,5,0.711864,0.0288529,4.27119,0.170847,ok,0.149432,,0.149432,4.27119,4.3446,0.149197,4.32364,1,0,8.7028,estimated,0.50,2.16182,6.48547
13,38,13.5000,38.5000,1.0000,27.0000,5,0.728814,0.0288529,4.37288,0.161959,ok,0.150464,,0.150464,4.37288,4.3148,0.150135,4.44785,1,0,8.6484,estimated,0.50,2.22392,6.67177
14,38,14.5000,38.5000,1.0000,29.0000,5,0.745763,0.0288529,4.47458,0.154296,ok,0.151407,,0.151407,4.47458,4.2879,0.151106,4.54419,1,0,8.5928,estimated,0.50,2.27209,6.81628
15,38,15.5000,38.5000,1.0000,31.0000,5,0.762712,0.0288529,4.57627,0.147622,ok,0.152271,,0.152271,4.57627,4.2635,0.152087,4.61958,1,0,8.5374,estimated,0.50,2.30979,6.92937
16,38,16.5000,38.5000,1.0000,33.0000,5,0.779661,0.0288529,4.67797,0.141757,ok,0.153066,,0.153066,4.67797,4.2414,0.153077,4.67538,1,0,8.4822,estimated,0.50,2.33769,7.01307
17,38,17.5000,38.5000,1.0000,35.0000,5,0.796610,0.0288529,4.77966,0.136562,ok,0.153800,,0.153800,4.77966,4.2212,0.154085,4.71105,1,0,8.4267,estimated,0.50,2.35553,7.06658
18,38,18.5000,38.5000,1.0000,37.0000,5,0.813559,0.0288529,4.88136,0.131929,ok,0.154480,,0.154480,4.88136,4.2026,0.155124,4.72450,1,0,8.3703,estimated,0.50,2.36225,7.08675
19,38,19.5000,38.5000,1.0000,39.0000,5,0.830508,0.0288529,4.98305,0.127771,ok,0.155111,,0.155111,4.98305,4.1855,0.156211,4.71268,1,0,8.3120,estimated,0.50,2.35634,7.06902
20,38,20.5000,38.5000,1.0000,41.0000,5,0.847458,0.0288529,5.08475,0.124018,ok,0.155699,,0.155699,5.08475,4.1697,0.157365,4.68933,1,0,8.2510,estimated,0.50,2.34467,7.03400
21,38,21.5000,38.5000,1.0000,43.0000,5,0.864407,0.0288529,5.18644,0.120615,ok,0.156248,,0.156248,5.18644,4.1550,0.158604,4.79063,1,0,8.1866,estimated,0.50,2.39532,7.18595
22,38,22.5000,38.5000,1.0000,45.0000,5,0.864407,0.0288529,5.18644,0.115254,ok,0.157143,,0.157143,5.18644,4.1314,0.159931,4.87793,1,0,8.1187,estimated,0.50,2.43897,7.31690
23,38,23.5000,38.5000,1.0000,47.0000,5,0.864407,0.0288529,5.18644,0.110350,ok,0.159063,,0.159063,5.18644,4.0815,0.161342,4.95238,1,0,8.0477,estimated,0.50,2.47619,7.42857
24,38,24.5000,38.5000,1.0000,49.0000,5,0.864407,0.0288529,5.18644,0.105846,ok,0.161115,,0.161115,5.18644,4.0295,0.162858,5.01272,1,0,7.9728,estimated,0.50,2.50636,7.51907
25,38,25.5000,38.5000,1.0000,51.0000,5,0.864407,0.0288529,5.18644,0.101695,ok,0.163168,,0.163168,5.18644,3.9788,0.164468,5.06076,1,0,7.8947,estimated,0.50,2.53038,7.59114
26,38,26.5000,38.5000,1.0000,53.0000,5,0.864407,0.0288529,5.18644,0.097857,ok,0.165220,,0.165220,5.18644,3.9294,0.166184,5.09616,1,0,7.8132,estimated,0.50,2.54808,7.64425
27,38,27.5000,38.5000,1.0000,55.0000,5,0.864407,0.0288529,5.18644,0.094299,ok,0.167273,,0.167273,5.18644,3.8812,0.167980,5.12226,1,0,7.7297,estimated,0.50,2.56113,7.68339
28,38,28.5000,38.5000,1.0000,57.0000,5,0.864407,0.0288529,5.18644,0.090990,ok,0.169326,,0.169326,5.18644,3.8341,0.169838,5.14142,1,0,7.6451,estimated,0.50,2.57071,7.71213
29,38,29.5000,38.5000,1.0000,59.0000,5,0.864407,0.0288529,5.18644,0.087906,ok,0.171378,,0.171378,5.18644,3.7882,0.171737,5.15589,1,0,7.5606,estimated,0.50,2.57795,7.73384
30,38,30.5000,38.5000,1.0000,61.0000,5,0.864407,0.0288529,5.18644,0.085024,ok,0.173431,,0.173431,5.18644,3.7434,0.173658,5.16766,1,0,7.4769,estimated,0.50,2.58383,7.75149
31,38,31.5000,38.5000,1.0000,63.0000,5,0.864407,0.0288529,5.18644,0.082324,ok,0.175484,,0.175484,5.18644,3.6996,0.175583,5.17846,1,0,7.3950,estimated,0.50,2.58923,7.76768
32,38,32.5000,38.5000,1.0000,65.0000,5,0.864407,0.0288529,5.18644,0.079791,ok,0.177536,,0.177536,5.18644,3.6568,0.177494,5.18974,1,0,7.3154,estimated,0.50,2.59487,7.78461
33,38,33.5000,38.5000,1.0000,67.0000,5,0.864407,0.0288529,5.18644,0.077410,ok,0.179589,,0.179589,5.18644,3.6150,0.179383,5.20200,1,0,7.2383,estimated,0.50,2.60100,7.80300
34,38,34.5000,38.5000,1.0000,69.0000,5,0.864407,0.0288529,5.18644,0.075166,ok,0.181380,,0.181380,5.18644,3.5793,0.181233,5.19936,1,0,7.1644,estimated,0.50,2.59968,7.79903
35,38,35.5000,38.5000,1.0000,71.0000,5,0.864407,0.0288529,5.18644,0.073048,ok,0.183107,,0.183107,5.18644,3.5456,0.183025,5.19335,1,0,7.0943,estimated,0.50,2.59667,7.79002
36,38,36.5000,38.5000,1.0000,73.0000,5,0.864407,0.0288529,5.18644,0.071047,ok,0.184833,,0.184833,5.18644,3.5124,0.184739,5.19419,1,0,7.0285,estimated,0.50,2.59709,7.79128
37,38,37.5000,38.5000,1.0000,75.0000,5,0.864407,0.0288529,5.18644,0.069153,ok,0.186559,,0.186559,5.18644,3.4799,0.186342,5.20390,1,0,6.9680,estimated,0.50,2.60195,7.80585
38,38,38.5000,38.5000,1.0000,77.0000,5,0.864407,0.0288529,5.18644,0.067356,ok,0.188286,,0.188286,5.18644,3.4480,0.187790,5.22542,1,0,6.9143,estimated,0.50,2.61271,7.83813
39,38,39.5000,38.5000,1.0000,79.0000,5,0.864407,0.0288529,5.18644,0.065651,ok,0.190012,,0.190012,5.18644,3.4167,0.189024,5.26265,1,0,6.8691,estimated,0.50,2.63132,7.89397
40,38,40.5000,38.5000,1.0000,81.0000,5,0.864407,0.0288529,5.18644,0.064030,ok,0.191738,,0.191738,5.18644,3.3859,0.189980,5.32025,1,0,6.8346,estimated,0.50,2.66012,7.98037
41,38,41.5000,38.5000,1.0000,83.0000,5,0.864407,0.0288529,5.18644,0.062487,ok,0.193464,,0.193464,5.18644,3.3557,0.190590,5.40324,1,0,6.8127,estimated,0.50,2.70162,8.10485
42,38,42.5000,38.5000,1.0000,84.7056,2,0.864407,0.0288529,5.18644,0.061229,ok,0.194937,,0.194937,5.18644,3.3304,0.190808,5.49683,1,0,6.8049,estimated,0.50,2.74841,8.24524
43,38,43.5000,38.5000,1.0000,82.7056,2,0.864407,0.0288529,5.18644,0.062710,ok,0.193210,,0.193210,5.18644,3.3601,0.190525,5.38918,1,0,6.8150,estimated,0.50,2.69459,8.08377
44,38,44.5000,38.5000,1.0000,80.7056,2,0.864407,0.0288529,5.18644,0.064264,ok,0.191484,,0.191484,5.18644,3.3904,0.189861,5.31020,1,0,6.8389,estimated,0.50,2.65510,7.96530
45,38,45.5000,38.5000,1.0000,78.7056,2,0.864407,0.0288529,5.18644,0.065897,ok,0.189758,,0.189758,5.18644,3.4213,0.188860,5.25589,1,0,6.8751,estimated,0.50,2.62795,7.88384
46,38,46.5000,38.5000,1.0000,76.7056,2,0.864407,0.0288529,5.18644,0.067615,ok,0.188032,,0.188032,5.18644,3.4527,0.187590,5.22125,1,0,6.9216,estimated,0.50,2.61063,7.83188
47,38,47.5000,38.5000,1.0000,74.7056,2,0.864407,0.0288529,5.18644,0.069425,ok,0.186305,,0.186305,5.18644,3.4847,0.186116,5.20171,1,0,6.9765,estimated,0.50,2.60085,7.80256
48,38,48.5000,38.5000,1.0000,72.7056,2,0.864407,0.0288529,5.18644,0.071335,ok,0.184579,,0.184579,5.18644,3.5173,0.184494,5.19348,1,0,7.0378,estimated,0.50,2.59674,7.79022
49,38,49.5000,38.5000,1.0000,70.7056,2,0.864407,0.0288529,5.18644,0.073353,ok,0.182853,,0.182853,5.18644,3.5505,0.182766,5.19379,1,0,7.1043,estimated,0.50,2.59689,7.79068
50,38,50.5000,38.5000,1.0000,68.7056,2,0.864407,0.0288529,5.18644,0.075488,ok,0.181126,,0.181126,5.18644,3.5843,0.180964,5.20071,1,0,7.1751,estimated,0.50,2.60035,7.80106
51,38,51.5000,38.5000,1.0000,66.7056,2,0.864407,0.0288529,5.18644,0.077751,ok,0.179287,,0.179287,5.18644,3.6211,0.179107,5.20010,1,0,7.2495,estimated,0.50,2.60005,7.80015
52,38,52.5000,38.5000,1.0000,64.7056,2,0.864407,0.0288529,5.18644,0.080154,ok,0.177234,,0.177234,5.18644,3.6630,0.177212,5.18817,1,0,7.3270,estimated,0.50,2.59408,7.78225
53,38,53.5000,38.5000,1.0000,62.7056,2,0.864407,0.0288529,5.18644,0.082711,ok,0.175181,,0.175181,5.18644,3.7060,0.175298,5.17706,1,0,7.4070,estimated,0.50,2.58853,7.76558
54,38,54.5000,38.5000,1.0000,60.7056,2,0.864407,0.0288529,5.18644,0.085436,ok,0.173129,,0.173129,5.18644,3.7499,0.173371,5.16633,1,0,7.4893,estimated,0.50,2.58317,7.74950
55,38,55.5000,38.5000,1.0000,58.7056,2,0.864407,0.0288529,5.18644,0.088347,ok,0.171076,,0.171076,5.18644,3.7949,0.171450,5.15445,1,0,7.5732,estimated,0.50,2.57722,7.73167
56,38,56.5000,38.5000,1.0000,56.7056,2,0.864407,0.0288529,5.18644,0.091463,ok,0.169024,,0.169024,5.18644,3.8410,0.169554,5.13963,1,0,7.6579,estimated,0.50,2.56981,7.70944
57,38,57.5000,38.5000,1.0000,54.7056,2,0.864407,0.0288529,5.18644,0.094806,ok,0.166971,,0.166971,5.18644,3.8882,0.167701,5.11985,1,0,7.7425,estimated,0.50,2.55993,7.67978
58,38,58.5000,38.5000,1.0000,52.7056,2,0.864407,0.0288529,5.18644,0.098404,ok,0.164918,,0.164918,5.18644,3.9366,0.165913,5.09283,1,0,7.8260,estimated,0.50,2.54642,7.63925
59,38,59.5000,38.5000,1.0000,50.7056,2,0.864407,0.0288529,5.18644,0.102285,ok,0.162866,,0.162866,5.18644,3.9862,0.164206,5.05620,1,0,7.9073,estimated,0.50,2.52810,7.58431
60,38,60.5000,38.5000,1.0000,48.7056,2,0.864407,0.0288529,5.18644,0.106485,ok,0.160813,,0.160813,5.18644,4.0371,0.162608,5.00665,1,0,7.9850,estimated,0.50,2.50333,7.50998
61,38,61.5000,38.5000,1.0000,46.7056,2,0.864407,0.0288529,5.18644,0.111045,ok,0.158760,,0.158760,5.18644,4.0893,0.161104,4.94466,1,0,8.0596,estimated,0.50,2.47233,7.41698
62,38,62.5000,38.5000,1.0000,44.7056,2,0.864407,0.0288529,5.18644,0.116013,ok,0.157014,,0.157014,5.18644,4.1348,0.159701,4.86878,1,0,8.1304,estimated,0.50,2.43439,7.30317
63,38,63.5000,38.5000,1.0000,42.7056,2,0.864407,0.0288529,5.18644,0.121446,ok,0.156112,,0.156112,5.18644,4.1586,0.158385,4.77973,1,0,8.1980,estimated,0.50,2.38987,7.16960
64,38,64.5000,38.5000,1.0000,40.7056,2,0.847458,0.0288529,5.08475,0.124915,ok,0.155557,,0.155557,5.08475,4.1735,0.157156,4.68851,1,0,8.2621,estimated,0.50,2.34425,7.03276
65,38,65.5000,38.5000,1.0000,38.7056,2,0.830508,0.0288529,4.98305,0.128742,ok,0.154962,,0.154962,4.98305,4.1895,0.156008,4.72548,1,0,8.3228,estimated,0.50,2.36274,7.08822
66,38,66.5000,38.5000,1.0000,36.7056,2,0.813559,0.0288529,4.88136,0.132987,ok,0.154323,,0.154323,4.88136,4.2069,0.154925,4.73433,1,0,8.3810,estimated,0.50,2.36717,7.10150
67,38,67.5000,38.5000,1.0000,34.7056,2,0.796610,0.0288529,4.77966,0.137720,ok,0.153634,,0.153634,4.77966,4.2257,0.153888,4.71827,1,0,8.4375,estimated,0.50,2.35914,7.07741
68,38,68.5000,38.5000,1.0000,32.7056,2,0.779661,0.0288529,4.67797,0.143032,ok,0.152890,,0.152890,4.67797,4.2463,0.152881,4.68018,1,0,8.4931,estimated,0.50,2.34009,7.02028
69,38,69.5000,38.5000,1.0000,30.7056,2,0.762712,0.0288529,4.57627,0.149037,ok,0.152084,,0.152084,4.57627,4.2688,0.151890,4.62191,1,0,8.5485,estimated,0.50,2.31095,6.93286
70,38,70.5000,38.5000,1.0000,28.7056,2,0.745763,0.0288529,4.47458,0.155878,ok,0.151208,,0.151208,4.47458,4.2935,0.150910,4.54366,1,0,8.6040,estimated,0.50,2.27183,6.81549
71,38,71.5000,38.5000,1.0000,26.7056,2,0.728814,0.0288529,4.37288,0.163744,ok,0.150252,,0.150252,4.37288,4.3209,0.149941,4.44377,1,0,8.6596,estimated,0.50,2.22188,6.66565
72,38,72.5000,38.5000,1.0000,24.7056,2,0.711864,0.0288529,4.27119,0.172883,ok,0.149204,,0.149204,4.27119,4.3512,0.149008,4.31505,1,0,8.7138,estimated,0.50,2.15753,6.47258
73,38,73.5000,38.5000,1.0000,22.7056,2,0.694915,0.0288529,4.16949,0.183633,ok,0.148051,,0.148051,4.16949,4.3851,0.148103,4.15806,1,0,8.7671,estimated,0.50,2.07903,6.23710
74,38,74.5000,38.5000,1.0000,20.7056,2,0.677966,0.0288529,4.06780,0.196459,ok,0.146776,,0.146776,4.06780,4.4232,0.147257,3.96519,1,0,8.8175,estimated,0.50,1.98260,5.94779
75,38,75.5000,38.5000,1.0000,18.7056,2,0.661017,0.0288529,3.96610,0.212027,ok,0.145359,,0.145359,3.96610,4.4663,0.146487,3.73214,1,0,8.8638,estimated,0.50,1.86607,5.59820
76,38,76.5000,38.5000,1.0000,16.7056,2,0.644068,0.0288529,3.86441,0.231324,ok,0.143775,,0.143775,3.86441,4.5155,0.145810,3.45670,1,0,8.9050,estimated,0.50,1.72835,5.18505
77,38,77.5000,38.5000,1.0000,14.7056,2,0.627119,0.0288529,3.76271,0.255869,too_firm,,3.55265,0.143000,3.55265,4.5400,0.145216,3.14244,1,0,8.9414,estimated,0.50,1.57122,4.71366
78,38,78.5000,38.5000,1.0000,12.7056,2,0.610169,0.0288529,3.66102,0.288141,beyond_data,,3.06948,0.143000,3.06948,4.5400,0.144704,2.79203,1,0,8.9730,estimated,0.50,1.39602,4.18805
79,38,79.5000,38.5000,1.0000,10.7056,2,0.593220,0.0288529,3.55932,0.332472,beyond_data,,2.58631,0.143000,2.58631,4.5400,0.144285,2.40746,1,0,8.9991,estimated,0.50,1.20373,3.61119
80,38,80.5000,38.5000,1.0000,8.7056,2,0.576271,0.0288529,3.45763,0.397171,beyond_data,,2.10315,0.143000,2.10315,4.5400,0.143950,1.99427,1,0,9.0200,estimated,0.50,0.99714,2.99141
81,38,81.5000,38.5000,1.0000,6.7056,2,0.559322,0.0288529,3.35593,0.500465,beyond_data,,1.61998,0.143000,1.61998,4.5400,0.143690,1.55847,1,1,9.0363,estimated,0.50,0.77923,2.33770
82,38,82.5000,38.5000,1.0000,4.7056,2,0.542373,0.0288529,3.25424,0.691563,beyond_data,,1.13681,0.143000,1.13681,4.5400,0.143493,1.10575,1,1,9.0487,estimated,0.50,0.55287,1.65862
83,38,83.5000,38.5000,1.0000,2.7056,2,0.525424,0.0288529,3.15254,1.165180,beyond_data,,0.65364,0.143000,0.65364,4.5400,0.143347,0.64102,1,1,9.0580,estimated,0.50,0.32051,0.96154
84,38,84.5000,38.5000,1.0000,0.7056,2,0.508475,0.0288529,3.05085,4.323595,beyond_data,,0.17047,0.143000,0.17047,4.5400,0.143239,0.16819,1,1,9.0648,estimated,0.50,0.08409,0.25228
0,39,0.5000,39.5000,1.0000,1.0000,5,0.508475,0.0288529,3.05085,3.050847,beyond_data,,0.24158,0.143000,0.24158,4.5400,0.143265,0.23801,1,1,9.0631,estimated,0.50,0.11901,0.35702
1,39,1.5000,39.5000,1.0000,3.0000,5,0.525424,0.0288529,3.15254,1.050847,beyond_data,,0.72475,0.143000,0.72475,4.5400,0.143381,0.70941,1,1,9.0558,estimated,0.50,0.35471,1.06412
2,39,2.5000,39.5000,1.0000,5.0000,5,0.542373,0.0288529,3.25424,0.650847,beyond_data,,1.20792,0.143000,1.20792,4.5400,0.143538,1.17199,1,1,9.0459,estimated,0.50,0.58600,1.75799
3,39,3.5000,39.5000,1.0000,7.0000,5,0.559322,0.0288529,3.35593,0.479419,beyond_data,,1.69109,0.143000,1.69109,4.5400,0.143748,1.62168,1,1,9.0327,estimated,0.50,0.81084,2.43252
4,39,4.5000,39.5000,1.0000,9.0000,5,0.576271,0.0288529,3.45763,0.384181,beyond_data,,2.17426,0.143000,2.17426,4.5400,0.144023,2.05340,1,0,9.0154,estimated,0.50,1.02670,3.08010
5,39,5.5000,39.5000,1.0000,11.0000,5,0.593220,0.0288529,3.55932,0.323575,beyond_data,,2.65743,0.143000,2.65743,4.5400,0.144375,2.46137,1,0,8.9935,estimated,0.50,1.23069,3.69206
6,39,6.5000,39.5000,1.0000,13.0000,5,0.610169,0.0288529,3.66102,0.281617,too_firm,,3.14060,0.143000,3.14060,4.5400,0.144814,2.83960,1,0,8.9662,estimated,0.50,1.41980,4.25940
7,39,7.5000,39.5000,1.0000,15.0000,5,0.627119,0.0288529,3.76271,0.250847,too_firm,,3.62377,0.143000,3.62377,4.5400,0.145346,3.18266,1,0,8.9334,estimated,0.50,1.59133,4.77399
8,39,8.5000,39.5000,1.0000,17.0000,5,0.644068,0.0288529,3.86441,0.227318,ok,0.144089,,0.144089,3.86441,4.5056,0.145957,3.48980,1,0,8.8960,estimated,0.50,1.74490,5.23469
9,39,9.5000,39.5000,1.0000,19.0000,5,0.661017,0.0288529,3.96610,0.208742,ok,0.145647,,0.145647,3.96610,4.4574,0.146657,3.75654,1,0,8.8535,estimated,0.50,1.87827,5.63481
10,39,10.5000,39.5000,1.0000,21.0000,5,0.677966,0.0288529,4.06780,0.193705,ok,0.147041,,0.147041,4.06780,4.4152,0.147449,3.98066,1,0,8.8059,estimated,0.50,1.99033,5.97099
11,39,11.5000,39.5000,1.0000,23.0000,5,0.694915,0.0288529,4.16949,0.181282,ok,0.148296,,0.148296,4.16949,4.3778,0.148318,4.16462,1,0,8.7543,estimated,0.50,2.08231,6.24693
12,39,12.5000,39.5000,1.0000,25.0000,5,0.711864,0.0288529,4.27119,0.170847,ok,0.149432,,0.149432,4.27119,4.3446,0.149245,4.31277,1,0,8.7000,estimated,0.50,2.15639,6.46916
13,39,13.5000,39.5000,1.0000,27.0000,5,0.728814,0.0288529,4.37288,0.161959,ok,0.150464,,0.150464,4.37288,4.3148,0.150201,4.43270,1,0,8.6446,estimated,0.50,2.21635,6.64906
14,39,14.5000,39.5000,1.0000,29.0000,5,0.745763,0.0288529,4.47458,0.154296,ok,0.151407,,0.151407,4.47458,4.2879,0.151196,4.52313,1,0,8.5877,estimated,0.50,2.26156,6.78469
15,39,15.5000,39.5000,1.0000,31.0000,5,0.762712,0.0288529,4.57627,0.147622,ok,0.152271,,0.152271,4.57627,4.2635,0.152209,4.59083,1,0,8.5306,estimated,0.50,2.29542,6.88625
16,39,16.5000,39.5000,1.0000,33.0000,5,0.779661,0.0288529,4.67797,0.141757,ok,0.153066,,0.153066,4.67797,4.2414,0.153239,4.63690,1,0,8.4732,estimated,0.50,2.31845,6.95535
17,39,17.5000,39.5000,1.0000,35.0000,5,0.796610,0.0288529,4.77966,0.136562,ok,0.153800,,0.153800,4.77966,4.2212,0.154297,4.66062,1,0,8.4151,estimated,0.50,2.33031,6.99092
18,39,18.5000,39.5000,1.0000,37.0000,5,0.813559,0.0288529,4.88136,0.131929,ok,0.154480,,0.154480,4.88136,4.2026,0.155395,4.65989,1,0,8.3557,estimated,0.50,2.32995,6.98984
19,39,19.5000,39.5000,1.0000,39.0000,5,0.830508,0.0288529,4.98305,0.127771,ok,0.155111,,0.155111,4.98305,4.1855,0.156552,4.63193,1,0,8.2939,estimated,0.50,2.31596,6.94789
20,39,20.5000,39.5000,1.0000,41.0000,5,0.847458,0.0288529,5.08475,0.124018,ok,0.155699,,0.155699,5.08475,4.1697,0.157784,4.64754,1,0,8.2292,estimated,0.50,2.32377,6.97131
21,39,21.5000,39.5000,1.0000,43.0000,5,0.847458,0.0288529,5.08475,0.118250,ok,0.156638,,0.156638,5.08475,4.1447,0.159100,4.74140,1,0,8.1611,estimated,0.50,2.37070,7.11211
22,39,22.5000,39.5000,1.0000,45.0000,5,0.847458,0.0288529,5.08475,0.112994,ok,0.157934,,0.157934,5.08475,4.1107,0.160508,4.82125,1,0,8.0895,estimated,0.50,2.41062,7.23187
23,39,23.5000,39.5000,1.0000,47.0000,5,0.847458,0.0288529,5.08475,0.108186,ok,0.160027,,0.160027,5.08475,4.0569,0.162008,4.88798,1,0,8.0146,estimated,0.50,2.44399,7.33197
24,39,24.5000,39.5000,1.0000,49.0000,5,0.847458,0.0288529,5.08475,0.103770,ok,0.162121,,0.162121,5.08475,4.0045,0.163615,4.94086,1,0,7.9359,estimated,0.50,2.47043,7.41129
25,39,25.5000,39.5000,1.0000,51.0000,5,0.847458,0.0288529,5.08475,0.099701,ok,0.164215,,0.164215,5.08475,3.9535,0.165314,4.98218,1,0,7.8543,estimated,0.50,2.49109,7.47327
26,39,26.5000,39.5000,1.0000,53.0000,5,0.847458,0.0288529,5.08475,0.095939,ok,0.166308,,0.166308,5.08475,3.9037,0.167112,5.01210,1,0,7.7698,estimated,0.50,2.50605,7.51816
27,39,27.5000,39.5000,1.0000,55.0000,5,0.847458,0.0288529,5.08475,0.092450,ok,0.168402,,0.168402,5.08475,3.8551,0.168983,5.03397,1,0,7.6838,estimated,0.50,2.51699,7.55096
28,39,28.5000,39.5000,1.0000,57.0000,5,0.847458,0.0288529,5.08475,0.089206,ok,0.170496,,0.170496,5.08475,3.8078,0.170904,5.05016,1,0,7.5974,estimated,0.50,2.52508,7.57524
29,39,29.5000,39.5000,1.0000,59.0000,5,0.847458,0.0288529,5.08475,0.086182,ok,0.172589,,0.172589,5.08475,3.7616,0.172857,5.06280,1,0,7.5116,estimated,0.50,2.53140,7.59420
30,39,30.5000,39.5000,1.0000,61.0000,5,0.847458,0.0288529,5.08475,0.083356,ok,0.174683,,0.174683,5.08475,3.7165,0.174822,5.07369,1,0,7.4271,estimated,0.50,2.53684,7.61053
31,39,31.5000,39.5000,1.0000,63.0000,5,0.847458,0.0288529,5.08475,0.080710,ok,0.176777,,0.176777,5.08475,3.6725,0.176782,5.08432,1,0,7.3448,estimated,0.50,2.54216,7.62648
32,39,32.5000,39.5000,1.0000,65.0000,5,0.847458,0.0288529,5.08475,0.078227,ok,0.178870,,0.178870,5.08475,3.6295,0.178722,5.09584,1,0,7.2651,estimated,0.50,2.54792,7.64375
33,39,33.5000,39.5000,1.0000,67.0000,5,0.847458,0.0288529,5.08475,0.075892,ok,0.180811,,0.180811,5.08475,3.5906,0.180635,5.09994,1,0,7.1881,estimated,0.50,2.54997,7.64990
34,39,34.5000,39.5000,1.0000,69.0000,5,0.847458,0.0288529,5.08475,0.073692,ok,0.182572,,0.182572,5.08475,3.5559,0.182505,5.09032,1,0,7.1145,estimated,0.50,2.54516,7.63549
35,39,35.5000,39.5000,1.0000,71.0000,5,0.847458,0.0288529,5.08475,0.071616,ok,0.184332,,0.184332,5.08475,3.5220,0.184318,5.08595,1,0,7.0445,estimated,0.50,2.54297,7.62892
36,39,36.5000,39.5000,1.0000,73.0000,5,0.847458,0.0288529,5.08475,0.069654,ok,0.186093,,0.186093,5.08475,3.4887,0.186052,5.08799,1,0,6.9788,estimated,0.50,2.54400,7.63199
37,39,37.5000,39.5000,1.0000,75.0000,5,0.847458,0.0288529,5.08475,0.067797,ok,0.187854,,0.187854,5.08475,3.4560,0.187677,5.09838,1,0,6.9184,estimated,0.50,2.54919,7.64757
38,39,38.5000,39.5000,1.0000,77.0000,5,0.847458,0.0288529,5.08475,0.066036,ok,0.189615,,0.189615,5.08475,3.4239,0.189148,5.11999,1,0,6.8646,estimated,0.50,2.55999,7.67998
39,39,39.5000,39.5000,1.0000,79.0000,5,0.847458,0.0288529,5.08475,0.064364,ok,0.191376,,0.191376,5.08475,3.3924,0.190405,5.15668,1,0,6.8193,estimated,0.50,2.57834,7.73501
40,39,40.5000,39.5000,1.0000,81.0000,5,0.847458,0.0288529,5.08475,0.062775,ok,0.193136,,0.193136,5.08475,3.3614,0.191380,5.21313,1,0,6.7846,estimated,0.50,2.60656,7.81969
41,39,41.5000,39.5000,1.0000,83.0000,5,0.847458,0.0288529,5.08475,0.061262,ok,0.194897,,0.194897,5.08475,3.3311,0.192015,5.29355,1,0,6.7621,estimated,0.50,2.64677,7.94032
42,39,42.5000,39.5000,1.0000,84.7056,2,0.847458,0.0288529,5.08475,0.060028,ok,0.196399,,0.196399,5.08475,3.3056,0.192227,5.38602,1,0,6.7547,estimated,0.50,2.69301,8.07903
43,39,43.5000,39.5000,1.0000,82.7056,2,0.847458,0.0288529,5.08475,0.061480,ok,0.194638,,0.194638,5.08475,3.3355,0.191937,5.28060,1,0,6.7649,estimated,0.50,2.64030,7.92090
44,39,44.5000,39.5000,1.0000,80.7056,2,0.847458,0.0288529,5.08475,0.063004,ok,0.192877,,0.192877,5.08475,3.3659,0.191259,5.20328,1,0,6.7889,estimated,0.50,2.60164,7.80493
45,39,45.5000,39.5000,1.0000,78.7056,2,0.847458,0.0288529,5.08475,0.064605,ok,0.191116,,0.191116,5.08475,3.3970,0.190238,5.15004,1,0,6.8253,estimated,0.50,2.57502,7.72506
46,39,46.5000,39.5000,1.0000,76.7056,2,0.847458,0.0288529,5.08475,0.066289,ok,0.189356,,0.189356,5.08475,3.4285,0.188945,5.11585,1,0,6.8720,estimated,0.50,2.55792,7.67377
47,39,47.5000,39.5000,1.0000,74.7056,2,0.847458,0.0288529,5.08475,0.068064,ok,0.187595,,0.187595,5.08475,3.4607,0.187448,5.09613,1,0,6.9269,estimated,0.50,2.54806,7.64419
48,39,48.5000,39.5000,1.0000,72.7056,2,0.847458,0.0288529,5.08475,0.069936,ok,0.185834,,0.185834,5.08475,3.4935,0.185804,5.08714,1,0,6.9882,estimated,0.50,2.54357,7.63071
49,39,49.5000,39.5000,1.0000,70.7056,2,0.847458,0.0288529,5.08475,0.071914,ok,0.184073,,0.184073,5.08475,3.5269,0.184056,5.08616,1,0,7.0545,estimated,0.50,2.54308,7.62924
50,39,50.5000,39.5000,1.0000,68.7056,2,0.847458,0.0288529,5.08475,0.074008,ok,0.182312,,0.182312,5.08475,3.5610,0.182233,5.09140,1,0,7.1251,estimated,0.50,2.54570,7.63709
51,39,51.5000,39.5000,1.0000,66.7056,2,0.847458,0.0288529,5.08475,0.076227,ok,0.180552,,0.180552,5.08475,3.5957,0.180356,5.10174,1,0,7.1993,estimated,0.50,2.55087,7.65261
52,39,52.5000,39.5000,1.0000,64.7056,2,0.847458,0.0288529,5.08475,0.078583,ok,0.178562,,0.178562,5.08475,3.6358,0.178437,5.09413,1,0,7.2767,estimated,0.50,2.54707,7.64120
53,39,53.5000,39.5000,1.0000,62.7056,2,0.847458,0.0288529,5.08475,0.081089,ok,0.176469,,0.176469,5.08475,3.6789,0.176493,5.08283,1,0,7.3568,estimated,0.50,2.54141,7.62424
54,39,54.5000,39.5000,1.0000,60.7056,2,0.847458,0.0288529,5.08475,0.083761,ok,0.174375,,0.174375,5.08475,3.7231,0.174531,5.07231,1,0,7.4396,estimated,0.50,2.53615,7.60846
55,39,55.5000,39.5000,1.0000,58.7056,2,0.847458,0.0288529,5.08475,0.086614,ok,0.172281,,0.172281,5.08475,3.7683,0.172565,5.06138,1,0,7.5243,estimated,0.50,2.53069,7.59206
56,39,56.5000,39.5000,1.0000,56.7056,2,0.847458,0.0288529,5.08475,0.089669,ok,0.170188,,0.170188,5.08475,3.8147,0.170614,5.04849,1,0,7.6103,estimated,0.50,2.52424,7.57273
57,39,57.5000,39.5000,1.0000,54.7056,2,0.847458,0.0288529,5.08475,0.092947,ok,0.168094,,0.168094,5.08475,3.8622,0.168696,5.03180,1,0,7.6968,estimated,0.50,2.51590,7.54770
58,39,58.5000,39.5000,1.0000,52.7056,2,0.847458,0.0288529,5.08475,0.096474,ok,0.166000,,0.166000,5.08475,3.9109,0.166833,5.00913,1,0,7.7828,estimated,0.50,2.50457,7.51370
59,39,59.5000,39.5000,1.0000,50.7056,2,0.847458,0.0288529,5.08475,0.100280,ok,0.163907,,0.163907,5.08475,3.9609,0.165044,4.97811,1,0,7.8672,estimated,0.50,2.48905,7.46716
60,39,60.5000,39.5000,1.0000,48.7056,2,0.847458,0.0288529,5.08475,0.104398,ok,0.161813,,0.161813,5.08475,4.0121,0.163356,4.93538,1,0,7.9485,estimated,0.50,2.46769,7.40307
61,39,61.5000,39.5000,1.0000,46.7056,2,0.847458,0.0288529,5.08475,0.108868,ok,0.159719,,0.159719,5.08475,4.0647,0.161761,4.88091,1,0,8.0268,estimated,0.50,2.44046,7.32137
62,39,62.5000,39.5000,1.0000,44.7056,2,0.847458,0.0288529,5.08475,0.113738,ok,0.157626,,0.157626,5.08475,4.1187,0.160273,4.81247,1,0,8.1014,estimated,0.50,2.40624,7.21871
63,39,63.5000,39.5000,1.0000,42.7056,2,0.847458,0.0288529,5.08475,0.119065,ok,0.156502,,0.156502,5.08475,4.1483,0.158873,4.73120,1,0,8.1728,estimated,0.50,2.36560,7.09680
64,39,64.5000,39.5000,1.0000,40.7056,2,0.847458,0.0288529,5.08475,0.124915,ok,0.155557,,0.155557,5.08475,4.1735,0.157567,4.63562,1,0,8.2405,estimated,0.50,2.31781,6.95343
65,39,65.5000,39.5000,1.0000,38.7056,2,0.830508,0.0288529,4.98305,0.128742,ok,0.154962,,0.154962,4.98305,4.1895,0.156342,4.64607,1,0,8.3050,estimated,0.50,2.32303,6.96910
66,39,66.5000,39.5000,1.0000,36.7056,2,0.813559,0.0288529,4.88136,0.132987,ok,0.154323,,0.154323,4.88136,4.2069,0.155191,4.67088,1,0,8.3666,estimated,0.50,2.33544,7.00632
67,39,67.5000,39.5000,1.0000,34.7056,2,0.796610,0.0288529,4.77966,0.137720,ok,0.153634,,0.153634,4.77966,4.2257,0.154096,4.66877,1,0,8.4261,estimated,0.50,2.33439,7.00316
68,39,68.5000,39.5000,1.0000,32.7056,2,0.779661,0.0288529,4.67797,0.143032,ok,0.152890,,0.152890,4.67797,4.2463,0.153040,4.64242,1,0,8.4842,estimated,0.50,2.32121,6.96363
69,39,69.5000,39.5000,1.0000,30.7056,2,0.762712,0.0288529,4.57627,0.149037,ok,0.152084,,0.152084,4.57627,4.2688,0.152010,4.59368,1,0,8.5417,estimated,0.50,2.29684,6.89053
70,39,70.5000,39.5000,1.0000,28.7056,2,0.745763,0.0288529,4.47458,0.155878,ok,0.151208,,0.151208,4.47458,4.2935,0.150999,4.52297,1,0,8.5990,estimated,0.50,2.26148,6.78445
71,39,71.5000,39.5000,1.0000,26.7056,2,0.728814,0.0288529,4.37288,0.163744,ok,0.150252,,0.150252,4.37288,4.3209,0.150006,4.42887,1,0,8.6559,estimated,0.50,2.21443,6.64330
72,39,72.5000,39.5000,1.0000,24.7056,2,0.711864,0.0288529,4.27119,0.172883,ok,0.149204,,0.149204,4.27119,4.3512,0.149055,4.30434,1,0,8.7111,estimated,0.50,2.15217,6.45651
73,39,73.5000,39.5000,1.0000,22.7056,2,0.694915,0.0288529,4.16949,0.183633,ok,0.148051,,0.148051,4.16949,4.3851,0.148138,4.15057,1,0,8.7650,estimated,0.50,2.07528,6.22585
74,39,74.5000,39.5000,1.0000,20.7056,2,0.677966,0.0288529,4.06780,0.196459,ok,0.146776,,0.146776,4.06780,4.4232,0.147281,3.96003,1,0,8.8160,estimated,0.50,1.98002,5.94005
75,39,75.5000,39.5000,1.0000,18.7056,2,0.661017,0.0288529,3.96610,0.212027,ok,0.145359,,0.145359,3.96610,4.4663,0.146504,3.72864,1,0,8.8627,estimated,0.50,1.86432,5.59296
76,39,76.5000,39.5000,1.0000,16.7056,2,0.644068,0.0288529,3.86441,0.231324,ok,0.143775,,0.143775,3.86441,4.5155,0.145822,3.45438,1,0,8.9042,estimated,0.50,1.72719,5.18156
77,39,77.5000,39.5000,1.0000,14.7056,2,0.627119,0.0288529,3.76271,0.255869,too_firm,,3.55265,0.143000,3.55265,4.5400,0.145224,3.14097,1,0,8.9409,estimated,0.50,1.57048,4.71145
78,39,78.5000,39.5000,1.0000,12.7056,2,0.610169,0.0288529,3.66102,0.288141,beyond_data,,3.06948,0.143000,3.06948,4.5400,0.144710,2.79115,1,0,8.9727,estimated,0.50,1.39558,4.18673
79,39,79.5000,39.5000,1.0000,10.7056,2,0.593220,0.0288529,3.55932,0.332472,beyond_data,,2.58631,0.143000,2.58631,4.5400,0.144288,2.40696,1,0,8.9989,estimated,0.50,1.20348,3.61043
80,39,80.5000,39.5000,1.0000,8.7056,2,0.576271,0.0288529,3.45763,0.397171,beyond_data,,2.10315,0.143000,2.10315,4.5400,0.143953,1.99400,1,0,9.0198,estimated,0.50,0.99700,2.99099
81,39,81.5000,39.5000,1.0000,6.7056,2,0.559322,0.0288529,3.35593,0.500465,beyond_data,,1.61998,0.143000,1.61998,4.5400,0.143692,1.55833,1,1,9.0362,estimated,0.50,0.77916,2.33749
82,39,82.5000,39.5000,1.0000,4.7056,2,0.542373,0.0288529,3.25424,0.691563,beyond_data,,1.13681,0.143000,1.13681,4.5400,0.143494,1.10568,1,1,9.0487,estimated,0.50,0.55284,1.65853
83,39,83.5000,39.5000,1.0000,2.7056,2,0.525424,0.0288529,3.15254,1.165180,beyond_data,,0.65364,0.143000,0.65364,4.5400,0.143347,0.64100,1,1,9.0579,estimated,0.50,0.32050,0.96150
84,39,84.5000,39.5000,1.0000,0.7056,2,0.508475,0.0288529,3.05085,4.323595,beyond_data,,0.17047,0.143000,0.17047,4.5400,0.143240,0.16819,1,1,9.0647,estimated,0.50,0.08409,0.25228
0,40,0.5000,40.5000,1.0000,1.0000,5,0.508475,0.0288529,3.05085,3.050847,beyond_data,,0.24158,0.143000,0.24158,4.5400,0.143266,0.23800,1,1,9.0631,estimated,0.50,0.11900,0.35700
1,40,1.5000,40.5000,1.0000,3.0000,5,0.525424,0.0288529,3.15254,1.050847,beyond_data,,0.72475,0.143000,0.72475,4.5400,0.143382,0.70937,1,1,9.0558,estimated,0.50,0.35468,1.06405
2,40,2.5000,40.5000,1.0000,5.0000,5,0.542373,0.0288529,3.25424,0.650847,beyond_data,,1.20792,0.143000,1.20792,4.5400,0.143540,1.17188,1,1,9.0458,estimated,0.50,0.58594,1.75782
3,40,3.5000,40.5000,1.0000,7.0000,5,0.559322,0.0288529,3.35593,0.479419,beyond_data,,1.69109,0.143000,1.69109,4.5400,0.143751,1.62144,1,1,9.0325,estimated,0.50,0.81072,2.43216
4,40,4.5000,40.5000,1.0000,9.0000,5,0.576271,0.0288529,3.45763,0.384181,beyond_data,,2.17426,0.143000,2.17426,4.5400,0.144027,2.05295,1,0,9.0152,estimated,0.50,1.02647,3.07942
5,40,5.5000,40.5000,1.0000,11.0000,5,0.593220,0.0288529,3.55932,0.323575,beyond_data,,2.65743,0.143000,2.65743,4.5400,0.144381,2.46057,1,0,8.9931,estimated,0.50,1.23028,3.69085
6,40,6.5000,40.5000,1.0000,13.0000,5,0.610169,0.0288529,3.66102,0.281617,too_firm,,3.14060,0.143000,3.14060,4.5400,0.144822,2.83823,1,0,8.9657,estimated,0.50,1.41912,4.25735
7,40,7.5000,40.5000,1.0000,15.0000,5,0.627119,0.0288529,3.76271,0.250847,too_firm,,3.62377,0.143000,3.62377,4.5400,0.145359,3.18043,1,0,8.9326,estimated,0.50,1.59021,4.77064
8,40,8.5000,40.5000,1.0000,17.0000,5,0.644068,0.0288529,3.86441,0.227318,ok,0.144089,,0.144089,3.86441,4.5056,0.145975,3.48639,1,0,8.8949,estimated,0.50,1.74319,5.22958
9,40,9.5000,40.5000,1.0000,19.0000,5,0.661017,0.0288529,3.96610,0.208742,ok,0.145647,,0.145647,3.96610,4.4574,0.146682,3.75152,1,0,8.8520,estimated,0.50,1.87576,5.62729
10,40,10.5000,40.5000,1.0000,21.0000,5,0.677966,0.0288529,4.06780,0.193705,ok,0.147041,,0.147041,4.06780,4.4152,0.147484,3.97339,1,0,8.8039,estimated,0.50,1.98670,5.96009
11,40,11.5000,40.5000,1.0000,23.0000,5,0.694915,0.0288529,4.16949,0.181282,ok,0.148296,,0.148296,4.16949,4.3778,0.148366,4.15426,1,0,8.7515,estimated,0.50,2.07713,6.23139
12,40,12.5000,40.5000,1.0000,25.0000,5,0.711864,0.0288529,4.27119,0.170847,ok,0.149432,,0.149432,4.27119,4.3446,0.149310,4.29826,1,0,8.6962,estimated,0.50,2.14913,6.44738
13,40,13.5000,40.5000,1.0000,27.0000,5,0.728814,0.0288529,4.37288,0.161959,ok,0.150464,,0.150464,4.37288,4.3148,0.150288,4.41285,1,0,8.6396,estimated,0.50,2.20643,6.61928
14,40,14.5000,40.5000,1.0000,29.0000,5,0.745763,0.0288529,4.47458,0.154296,ok,0.151407,,0.151407,4.47458,4.2879,0.151313,4.49612,1,0,8.5811,estimated,0.50,2.24806,6.74418
15,40,15.5000,40.5000,1.0000,31.0000,5,0.762712,0.0288529,4.57627,0.147622,ok,0.152271,,0.152271,4.57627,4.2635,0.152363,4.55475,1,0,8.5219,estimated,0.50,2.27738,6.83213
16,40,16.5000,40.5000,1.0000,33.0000,5,0.779661,0.0288529,4.67797,0.141757,ok,0.153066,,0.153066,4.67797,4.2414,0.153441,4.58962,1,0,8.4621,estimated,0.50,2.29481,6.88443
17,40,17.5000,40.5000,1.0000,35.0000,5,0.796610,0.0288529,4.77966,0.136562,ok,0.153800,,0.153800,4.77966,4.2212,0.154555,4.59993,1,0,8.4011,estimated,0.50,2.29997,6.89990
18,40,18.5000,40.5000,1.0000,37.0000,5,0.813559,0.0288529,4.88136,0.131929,ok,0.154480,,0.154480,4.88136,4.2026,0.155720,4.58373,1,0,8.3382,estimated,0.50,2.29187,6.87560
19,40,19.5000,40.5000,1.0000,39.0000,5,0.830508,0.0288529,4.98305,0.127771,ok,0.155111,,0.155111,4.98305,4.1855,0.156953,4.53860,1,0,8.2727,estimated,0.50,2.26930,6.80790
20,40,20.5000,40.5000,1.0000,41.0000,5,0.830508,0.0288529,4.98305,0.121538,ok,0.156097,,0.156097,4.98305,4.1590,0.158262,4.60073,1,0,8.2043,estimated,0.50,2.30036,6.90109
21,40,21.5000,40.5000,1.0000,43.0000,5,0.830508,0.0288529,4.98305,0.115885,ok,0.157036,,0.157036,4.98305,4.1342,0.159666,4.68638,1,0,8.1321,estimated,0.50,2.34319,7.02957
22,40,22.5000,40.5000,1.0000,45.0000,5,0.830508,0.0288529,4.98305,0.110734,ok,0.158895,,0.158895,4.98305,4.0858,0.161157,4.75908,1,0,8.0569,estimated,0.50,2.37954,7.13863
23,40,23.5000,40.5000,1.0000,47.0000,5,0.830508,0.0288529,4.98305,0.106022,ok,0.161031,,0.161031,4.98305,4.0316,0.162750,4.81809,1,0,7.9780,estimated,0.50,2.40904,7.22713
24,40,24.5000,40.5000,1.0000,49.0000,5,0.830508,0.0288529,4.98305,0.101695,ok,0.163168,,0.163168,4.98305,3.9788,0.164439,4.86486,1,0,7.8961,estimated,0.50,2.43243,7.29730
25,40,25.5000,40.5000,1.0000,51.0000,5,0.830508,0.0288529,4.98305,0.097707,ok,0.165304,,0.165304,4.98305,3.9274,0.166236,4.89922,1,0,7.8107,estimated,0.50,2.44961,7.34883
26,40,26.5000,40.5000,1.0000,53.0000,5,0.830508,0.0288529,4.98305,0.094020,ok,0.167441,,0.167441,4.98305,3.8773,0.168115,4.92442,1,0,7.7235,estimated,0.50,2.46221,7.38663
27,40,27.5000,40.5000,1.0000,55.0000,5,0.830508,0.0288529,4.98305,0.090601,ok,0.169577,,0.169577,4.98305,3.8284,0.170055,4.94286,1,0,7.6354,estimated,0.50,2.47143,7.41429
28,40,28.5000,40.5000,1.0000,57.0000,5,0.830508,0.0288529,4.98305,0.087422,ok,0.171713,,0.171713,4.98305,3.7808,0.172036,4.95682,1,0,7.5475,estimated,0.50,2.47841,7.43524
29,40,29.5000,40.5000,1.0000,59.0000,5,0.830508,0.0288529,4.98305,0.084458,ok,0.173850,,0.173850,4.98305,3.7343,0.174037,4.96830,1,0,7.4607,estimated,0.50,2.48415,7.45244
30,40,30.5000,40.5000,1.0000,61.0000,5,0.830508,0.0288529,4.98305,0.081689,ok,0.175986,,0.175986,4.98305,3.6890,0.176041,4.97884,1,0,7.3757,estimated,0.50,2.48942,7.46826
31,40,31.5000,40.5000,1.0000,63.0000,5,0.830508,0.0288529,4.98305,0.079096,ok,0.178123,,0.178123,4.98305,3.6448,0.178030,4.98989,1,0,7.2933,estimated,0.50,2.49495,7.48484
32,40,32.5000,40.5000,1.0000,65.0000,5,0.830508,0.0288529,4.98305,0.076662,ok,0.180218,,0.180218,4.98305,3.6024,0.180000,5.00173,1,0,7.2135,estimated,0.50,2.50086,7.50259
33,40,33.5000,40.5000,1.0000,67.0000,5,0.830508,0.0288529,4.98305,0.074374,ok,0.182015,,0.182015,4.98305,3.5668,0.181935,4.98968,1,0,7.1368,estimated,0.50,2.49484,7.48452
34,40,34.5000,40.5000,1.0000,69.0000,5,0.830508,0.0288529,4.98305,0.072218,ok,0.183811,,0.183811,4.98305,3.5320,0.183825,4.98193,1,0,7.0634,estimated,0.50,2.49097,7.47290
35,40,35.5000,40.5000,1.0000,71.0000,5,0.830508,0.0288529,4.98305,0.070184,ok,0.185608,,0.185608,4.98305,3.4978,0.185659,4.97907,1,0,6.9936,estimated,0.50,2.48954,7.46861
36,40,36.5000,40.5000,1.0000,73.0000,5,0.830508,0.0288529,4.98305,0.068261,ok,0.187405,,0.187405,4.98305,3.4642,0.187416,4.98217,1,0,6.9280,estimated,0.50,2.49109,7.47326
37,40,37.5000,40.5000,1.0000,75.0000,5,0.830508,0.0288529,4.98305,0.066441,ok,0.189202,,0.189202,4.98305,3.4313,0.189066,4.99307,1,0,6.8676,estimated,0.50,2.49654,7.48961
38,40,38.5000,40.5000,1.0000,77.0000,5,0.830508,0.0288529,4.98305,0.064715,ok,0.190998,,0.190998,4.98305,3.3991,0.190563,5.01461,1,0,6.8137,estimated,0.50,2.50730,7.52191
39,40,39.5000,40.5000,1.0000,79.0000,5,0.830508,0.0288529,4.98305,0.063077,ok,0.192795,,0.192795,4.98305,3.3674,0.191845,5.05064,1,0,6.7681,estimated,0.50,2.52532,7.57596
40,40,40.5000,40.5000,1.0000,81.0000,5,0.830508,0.0288529,4.98305,0.061519,ok,0.194592,,0.194592,4.98305,3.3363,0.192842,5.10585,1,0,6.7331,estimated,0.50,2.55292,7.65877
41,40,41.5000,40.5000,1.0000,83.0000,5,0.830508,0.0288529,4.98305,0.060037,ok,0.196389,,0.196389,4.98305,3.3058,0.193491,5.18450,1,0,6.7105,estimated,0.50,2.59225,7.77675
42,40,42.5000,40.5000,1.0000,84.7056,2,0.830508,0.0288529,4.98305,0.058828,ok,0.197921,,0.197921,4.98305,3.2802,0.193709,5.27501,1,0,6.7030,estimated,0.50,2.63751,7.91252
43,40,43.5000,40.5000,1.0000,82.7056,2,0.830508,0.0288529,4.98305,0.060250,ok,0.196124,,0.196124,4.98305,3.3102,0.193423,5.17103,1,0,6.7129,estimated,0.50,2.58551,7.75654
44,40,44.5000,40.5000,1.0000,80.7056,2,0.830508,0.0288529,4.98305,0.061744,ok,0.194327,,0.194327,4.98305,3.3408,0.192717,5.09623,1,0,6.7375,estimated,0.50,2.54811,7.64434
45,40,45.5000,40.5000,1.0000,78.7056,2,0.830508,0.0288529,4.98305,0.063313,ok,0.192531,,0.192531,4.98305,3.3720,0.191674,5.04414,1,0,6.7741,estimated,0.50,2.52207,7.56620
46,40,46.5000,40.5000,1.0000,76.7056,2,0.830508,0.0288529,4.98305,0.064963,ok,0.190734,,0.190734,4.98305,3.4038,0.190356,5.01052,1,0,6.8211,estimated,0.50,2.50526,7.51578
47,40,47.5000,40.5000,1.0000,74.7056,2,0.830508,0.0288529,4.98305,0.066702,ok,0.188937,,0.188937,4.98305,3.4361,0.188833,4.99078,1,0,6.8761,estimated,0.50,2.49539,7.48617
48,40,48.5000,40.5000,1.0000,72.7056,2,0.830508,0.0288529,4.98305,0.068537,ok,0.187140,,0.187140,4.98305,3.4691,0.187165,4.98120,1,0,6.9374,estimated,0.50,2.49060,7.47180
49,40,49.5000,40.5000,1.0000,70.7056,2,0.830508,0.0288529,4.98305,0.070476,ok,0.185344,,0.185344,4.98305,3.5028,0.185394,4.97909,1,0,7.0036,estimated,0.50,2.48955,7.46864
50,40,50.5000,40.5000,1.0000,68.7056,2,0.830508,0.0288529,4.98305,0.072528,ok,0.183547,,0.183547,4.98305,3.5371,0.183551,4.98274,1,0,7.0740,estimated,0.50,2.49137,7.47412
51,40,51.5000,40.5000,1.0000,66.7056,2,0.830508,0.0288529,4.98305,0.074702,ok,0.181750,,0.181750,4.98305,3.5720,0.181653,4.99117,1,0,7.1479,estimated,0.50,2.49559,7.48676
52,40,52.5000,40.5000,1.0000,64.7056,2,0.830508,0.0288529,4.98305,0.077011,ok,0.179945,,0.179945,4.98305,3.6079,0.179712,4.99989,1,0,7.2251,estimated,0.50,2.49995,7.49984
53,40,53.5000,40.5000,1.0000,62.7056,2,0.830508,0.0288529,4.98305,0.079467,ok,0.177808,,0.177808,4.98305,3.6512,0.177738,4.98831,1,0,7.3053,estimated,0.50,2.49415,7.48246
54,40,54.5000,40.5000,1.0000,60.7056,2,0.830508,0.0288529,4.98305,0.082085,ok,0.175672,,0.175672,4.98305,3.6956,0.175746,4.97739,1,0,7.3881,estimated,0.50,2.48869,7.46608
55,40,55.5000,40.5000,1.0000,58.7056,2,0.830508,0.0288529,4.98305,0.084882,ok,0.173535,,0.173535,4.98305,3.7411,0.173740,4.96686,1,0,7.4734,estimated,0.50,2.48343,7.45030
56,40,56.5000,40.5000,1.0000,56.7056,2,0.830508,0.0288529,4.98305,0.087876,ok,0.171399,,0.171399,4.98305,3.7877,0.171739,4.95524,1,0,7.5605,estimated,0.50,2.47762,7.43286
57,40,57.5000,40.5000,1.0000,54.7056,2,0.830508,0.0288529,4.98305,0.091088,ok,0.169263,,0.169263,4.98305,3.8355,0.169761,4.94089,1,0,7.6486,estimated,0.50,2.47044,7.41133
58,40,58.5000,40.5000,1.0000,52.7056,2,0.830508,0.0288529,4.98305,0.094545,ok,0.167126,,0.167126,4.98305,3.8846,0.167827,4.92178,1,0,7.7367,estimated,0.50,2.46089,7.38267
59,40,59.5000,40.5000,1.0000,50.7056,2,0.830508,0.0288529,4.98305,0.098274,ok,0.164990,,0.164990,4.98305,3.9349,0.165957,4.89561,1,0,7.8239,estimated,0.50,2.44780,7.34341
60,40,60.5000,40.5000,1.0000,48.7056,2,0.830508,0.0288529,4.98305,0.102310,ok,0.162853,,0.162853,4.98305,3.9865,0.164171,4.86000,1,0,7.9090,estimated,0.50,2.43000,7.28999
61,40,61.5000,40.5000,1.0000,46.7056,2,0.830508,0.0288529,4.98305,0.106691,ok,0.160717,,0.160717,4.98305,4.0395,0.162494,4.81169,1,0,7.9906,estimated,0.50,2.40585,7.21754
62,40,62.5000,40.5000,1.0000,44.7056,2,0.830508,0.0288529,4.98305,0.111464,ok,0.158581,,0.158581,4.98305,4.0939,0.160913,4.75103,1,0,8.0692,estimated,0.50,2.37551,7.12654
63,40,63.5000,40.5000,1.0000,42.7056,2,0.830508,0.0288529,4.98305,0.116684,ok,0.156900,,0.156900,4.98305,4.1378,0.159430,4.67692,1,0,8.1442,estimated,0.50,2.33846,7.01538
64,40,64.5000,40.5000,1.0000,40.7056,2,0.830508,0.0288529,4.98305,0.122417,ok,0.155955,,0.155955,4.98305,4.1628,0.158036,4.58952,1,0,8.2160,estimated,0.50,2.29476,6.88428
65,40,65.5000,40.5000,1.0000,38.7056,2,0.830508,0.0288529,4.98305,0.128742,ok,0.154962,,0.154962,4.98305,4.1895,0.156736,4.55421,1,0,8.2842,estimated,0.50,2.27711,6.83132
66,40,66.5000,40.5000,1.0000,36.7056,2,0.813559,0.0288529,4.88136,0.132987,ok,0.154323,,0.154323,4.88136,4.2069,0.155510,4.59601,1,0,8.3495,estimated,0.50,2.29801,6.89402
67,40,67.5000,40.5000,1.0000,34.7056,2,0.796610,0.0288529,4.77966,0.137720,ok,0.153634,,0.153634,4.77966,4.2257,0.154349,4.60915,1,0,8.4123,estimated,0.50,2.30458,6.91373
68,40,68.5000,40.5000,1.0000,32.7056,2,0.779661,0.0288529,4.67797,0.143032,ok,0.152890,,0.152890,4.67797,4.2463,0.153238,4.59598,1,0,8.4733,estimated,0.50,2.29799,6.89396
69,40,69.5000,40.5000,1.0000,30.7056,2,0.762712,0.0288529,4.57627,0.149037,ok,0.152084,,0.152084,4.57627,4.2688,0.152162,4.55823,1,0,8.5332,estimated,0.50,2.27911,6.83734
70,40,70.5000,40.5000,1.0000,28.7056,2,0.745763,0.0288529,4.47458,0.155878,ok,0.151208,,0.151208,4.47458,4.2935,0.151113,4.49640,1,0,8.5924,estimated,0.50,2.24820,6.74460
71,40,71.5000,40.5000,1.0000,26.7056,2,0.728814,0.0288529,4.37288,0.163744,ok,0.150252,,0.150252,4.37288,4.3209,0.150091,4.40932,1,0,8.6509,estimated,0.50,2.20466,6.61398
72,40,72.5000,40.5000,1.0000,24.7056,2,0.711864,0.0288529,4.27119,0.172883,ok,0.149204,,0.149204,4.27119,4.3512,0.149119,4.29002,1,0,8.7073,estimated,0.50,2.14501,6.43504
73,40,73.5000,40.5000,1.0000,22.7056,2,0.694915,0.0288529,4.16949,0.183633,ok,0.148051,,0.148051,4.16949,4.3851,0.148184,4.14034,1,0,8.7623,estimated,0.50,2.07017,6.21052
74,40,74.5000,40.5000,1.0000,20.7056,2,0.677966,0.0288529,4.06780,0.196459,ok,0.146776,,0.146776,4.06780,4.4232,0.147315,3.95285,1,0,8.8140,estimated,0.50,1.97642,5.92927
75,40,75.5000,40.5000,1.0000,18.7056,2,0.661017,0.0288529,3.96610,0.212027,ok,0.145359,,0.145359,3.96610,4.4663,0.146529,3.72368,1,0,8.8612,estimated,0.50,1.86184,5.58552
76,40,76.5000,40.5000,1.0000,16.7056,2,0.644068,0.0288529,3.86441,0.231324,ok,0.143775,,0.143775,3.86441,4.5155,0.145840,3.45101,1,0,8.9031,estimated,0.50,1.72550,5.17651
77,40,77.5000,40.5000,1.0000,14.7056,2,0.627119,0.0288529,3.76271,0.255869,too_firm,,3.55265,0.143000,3.55265,4.5400,0.145237,3.13879,1,0,8.9401,estimated,0.50,1.56939,4.70818
78,40,78.5000,40.5000,1.0000,12.7056,2,0.610169,0.0288529,3.66102,0.288141,beyond_data,,3.06948,0.143000,3.06948,4.5400,0.144718,2.78982,1,0,8.9721,estimated,0.50,1.39491,4.18473
79,40,79.5000,40.5000,1.0000,10.7056,2,0.593220,0.0288529,3.55932,0.332472,beyond_data,,2.58631,0.143000,2.58631,4.5400,0.144294,2.40617,1,0,8.9985,estimated,0.50,1.20309,3.60926
80,40,80.5000,40.5000,1.0000,8.7056,2,0.576271,0.0288529,3.45763,0.397171,beyond_data,,2.10315,0.143000,2.10315,4.5400,0.143957,1.99356,1,0,9.0196,estimated,0.50,0.99678,2.99034
81,40,81.5000,40.5000,1.0000,6.7056,2,0.559322,0.0288529,3.35593,0.500465,beyond_data,,1.61998,0.143000,1.61998,4.5400,0.143695,1.55810,1,1,9.0360,estimated,0.50,0.77905,2.33715
82,40,82.5000,40.5000,1.0000,4.7056,2,0.542373,0.0288529,3.25424,0.691563,beyond_data,,1.13681,0.143000,1.13681,4.5400,0.143496,1.10558,1,1,9.0485,estimated,0.50,0.55279,1.65837
83,40,83.5000,40.5000,1.0000,2.7056,2,0.525424,0.0288529,3.15254,1.165180,beyond_data,,0.65364,0.143000,0.65364,4.5400,0.143348,0.64096,1,1,9.0579,estimated,0.50,0.32048,0.96144
84,40,84.5000,40.5000,1.0000,0.7056,2,0.508475,0.0288529,3.05085,4.323595,beyond_data,,0.17047,0.143000,0.17047,4.5400,0.143240,0.16818,1,1,9.0647,estimated,0.50,0.08409,0.25227
0,41,0.5000,41.5000,1.0000,1.0000,5,0.508475,0.0288529,3.05085,3.050847,beyond_data,,0.24158,0.143000,0.24158,4.5400,0.143267,0.23799,1,1,9.0630,estimated,0.50,0.11899,0.35698
1,41,1.5000,41.5000,1.0000,3.0000,5,0.525424,0.0288529,3.15254,1.050847,beyond_data,,0.72475,0.143000,0.72475,4.5400,0.143384,0.70929,1,1,9.0556,estimated,0.50,0.35465,1.06394
2,41,2.5000,41.5000,1.0000,5.0000,5,0.542373,0.0288529,3.25424,0.650847,beyond_data,,1.20792,0.143000,1.20792,4.5400,0.143542,1.17169,1,1,9.0456,estimated,0.50,0.58585,1.75754
3,41,3.5000,41.5000,1.0000,7.0000,5,0.559322,0.0288529,3.35593,0.479419,beyond_data,,1.69109,0.143000,1.69109,4.5400,0.143755,1.62106,1,1,9.0323,estimated,0.50,0.81053,2.43159
4,41,4.5000,41.5000,1.0000,9.0000,5,0.576271,0.0288529,3.45763,0.384181,beyond_data,,2.17426,0.143000,2.17426,4.5400,0.144033,2.05225,1,0,9.0148,estimated,0.50,1.02612,3.07837
5,41,5.5000,41.5000,1.0000,11.0000,5,0.593220,0.0288529,3.55932,0.323575,beyond_data,,2.65743,0.143000,2.65743,4.5400,0.144390,2.45935,1,0,8.9925,estimated,0.50,1.22968,3.68903
6,41,6.5000,41.5000,1.0000,13.0000,5,0.610169,0.0288529,3.66102,0.281617,too_firm,,3.14060,0.143000,3.14060,4.5400,0.144835,2.83622,1,0,8.9649,estimated,0.50,1.41811,4.25432
7,41,7.5000,41.5000,1.0000,15.0000,5,0.627119,0.0288529,3.76271,0.250847,too_firm,,3.62377,0.143000,3.62377,4.5400,0.145378,3.17721,1,0,8.9314,estimated,0.50,1.58861,4.76582
8,41,8.5000,41.5000,1.0000,17.0000,5,0.644068,0.0288529,3.86441,0.227318,ok,0.144089,,0.144089,3.86441,4.5056,0.146001,3.48157,1,0,8.8933,estimated,0.50,1.74078,5.22235
9,41,9.5000,41.5000,1.0000,19.0000,5,0.661017,0.0288529,3.96610,0.208742,ok,0.145647,,0.145647,3.96610,4.4574,0.146717,3.74455,1,0,8.8499,estimated,0.50,1.87228,5.61683
10,41,10.5000,41.5000,1.0000,21.0000,5,0.677966,0.0288529,4.06780,0.193705,ok,0.147041,,0.147041,4.06780,4.4152,0.147531,3.96349,1,0,8.8011,estimated,0.50,1.98174,5.94523
11,41,11.5000,41.5000,1.0000,23.0000,5,0.694915,0.0288529,4.16949,0.181282,ok,0.148296,,0.148296,4.16949,4.3778,0.148430,4.14043,1,0,8.7478,estimated,0.50,2.07021,6.21064
12,41,12.5000,41.5000,1.0000,25.0000,5,0.711864,0.0288529,4.27119,0.170847,ok,0.149432,,0.149432,4.27119,4.3446,0.149395,4.27925,1,0,8.6912,estimated,0.50,2.13963,6.41888
13,41,13.5000,41.5000,1.0000,27.0000,5,0.728814,0.0288529,4.37288,0.161959,ok,0.150464,,0.150464,4.37288,4.3148,0.150400,4.38735,1,0,8.6332,estimated,0.50,2.19367,6.58102
14,41,14.5000,41.5000,1.0000,29.0000,5,0.745763,0.0288529,4.47458,0.154296,ok,0.151407,,0.151407,4.47458,4.2879,0.151461,4.46215,1,0,8.5727,estimated,0.50,2.23108,6.69323
15,41,15.5000,41.5000,1.0000,31.0000,5,0.762712,0.0288529,4.57627,0.147622,ok,0.152271,,0.152271,4.57627,4.2635,0.152555,4.51033,1,0,8.5112,estimated,0.50,2.25516,6.76549
16,41,16.5000,41.5000,1.0000,33.0000,5,0.779661,0.0288529,4.67797,0.141757,ok,0.153066,,0.153066,4.67797,4.2414,0.153687,4.53260,1,0,8.4485,estimated,0.50,2.26630,6.79890
17,41,17.5000,41.5000,1.0000,35.0000,5,0.796610,0.0288529,4.77966,0.136562,ok,0.153800,,0.153800,4.77966,4.2212,0.154865,4.52823,1,0,8.3843,estimated,0.50,2.26412,6.79235
18,41,18.5000,41.5000,1.0000,37.0000,5,0.813559,0.0288529,4.88136,0.131929,ok,0.154480,,0.154480,4.88136,4.2026,0.156103,4.49553,1,0,8.3178,estimated,0.50,2.24777,6.74330
19,41,19.5000,41.5000,1.0000,39.0000,5,0.813559,0.0288529,4.88136,0.125163,ok,0.155518,,0.155518,4.88136,4.1745,0.157411,4.45621,1,0,8.2487,estimated,0.50,2.22811,6.68432
20,41,20.5000,41.5000,1.0000,41.0000,5,0.813559,0.0288529,4.88136,0.119057,ok,0.156504,,0.156504,4.88136,4.1482,0.158808,4.54833,1,0,8.1761,estimated,0.50,2.27416,6.82249
21,41,21.5000,41.5000,1.0000,43.0000,5,0.813559,0.0288529,4.88136,0.113520,ok,0.157716,,0.157716,4.88136,4.1164,0.160301,4.62629,1,0,8.1000,estimated,0.50,2.31315,6.93944
22,41,22.5000,41.5000,1.0000,45.0000,5,0.813559,0.0288529,4.88136,0.108475,ok,0.159896,,0.159896,4.88136,4.0602,0.161881,4.69160,1,0,8.0209,estimated,0.50,2.34580,7.03740
23,41,23.5000,41.5000,1.0000,47.0000,5,0.813559,0.0288529,4.88136,0.103859,ok,0.162077,,0.162077,4.88136,4.0056,0.163569,4.74329,1,0,7.9381,estimated,0.50,2.37165,7.11494
24,41,24.5000,41.5000,1.0000,49.0000,5,0.813559,0.0288529,4.88136,0.099620,ok,0.164258,,0.164258,4.88136,3.9524,0.165350,4.78358,1,0,7.8526,estimated,0.50,2.39179,7.17537
25,41,25.5000,41.5000,1.0000,51.0000,5,0.813559,0.0288529,4.88136,0.095713,ok,0.166439,,0.166439,4.88136,3.9006,0.167232,4.81272,1,0,7.7642,estimated,0.50,2.40636,7.21908
26,41,26.5000,41.5000,1.0000,53.0000,5,0.813559,0.0288529,4.88136,0.092101,ok,0.168620,,0.168620,4.88136,3.8502,0.169186,4.83401,1,0,7.6746,estimated,0.50,2.41701,7.25102
27,41,27.5000,41.5000,1.0000,55.0000,5,0.813559,0.0288529,4.88136,0.088752,ok,0.170801,,0.170801,4.88136,3.8010,0.171191,4.84980,1,0,7.5847,estimated,0.50,2.42490,7.27471
28,41,28.5000,41.5000,1.0000,57.0000,5,0.813559,0.0288529,4.88136,0.085638,ok,0.172982,,0.172982,4.88136,3.7531,0.173226,4.86226,1,0,7.4956,estimated,0.50,2.43113,7.29338
29,41,29.5000,41.5000,1.0000,59.0000,5,0.813559,0.0288529,4.88136,0.082735,ok,0.175163,,0.175163,4.88136,3.7064,0.175271,4.87313,1,0,7.4081,estimated,0.50,2.43657,7.30970
30,41,30.5000,41.5000,1.0000,61.0000,5,0.813559,0.0288529,4.88136,0.080022,ok,0.177344,,0.177344,4.88136,3.6608,0.177307,4.88407,1,0,7.3231,estimated,0.50,2.44203,7.32610
31,41,31.5000,41.5000,1.0000,63.0000,5,0.813559,0.0288529,4.88136,0.077482,ok,0.179525,,0.179525,4.88136,3.6163,0.179330,4.89526,1,0,7.2405,estimated,0.50,2.44763,7.34288
32,41,32.5000,41.5000,1.0000,65.0000,5,0.813559,0.0288529,4.88136,0.075098,ok,0.181434,,0.181434,4.88136,3.5782,0.181323,4.89049,1,0,7.1609,estimated,0.50,2.44525,7.33574
33,41,33.5000,41.5000,1.0000,67.0000,5,0.813559,0.0288529,4.88136,0.072856,ok,0.183269,,0.183269,4.88136,3.5424,0.183280,4.88048,1,0,7.0844,estimated,0.50,2.44024,7.32072
34,41,34.5000,41.5000,1.0000,69.0000,5,0.813559,0.0288529,4.88136,0.070744,ok,0.185103,,0.185103,4.88136,3.5073,0.185192,4.87449,1,0,7.0113,estimated,0.50,2.43724,7.31173
35,41,35.5000,41.5000,1.0000,71.0000,5,0.813559,0.0288529,4.88136,0.068751,ok,0.186937,,0.186937,4.88136,3.4729,0.187049,4.87298,1,0,6.9417,estimated,0.50,2.43649,7.30947
36,41,36.5000,41.5000,1.0000,73.0000,5,0.813559,0.0288529,4.88136,0.066868,ok,0.188771,,0.188771,4.88136,3.4392,0.188832,4.87695,1,0,6.8761,estimated,0.50,2.43847,7.31542
37,41,37.5000,41.5000,1.0000,75.0000,5,0.813559,0.0288529,4.88136,0.065085,ok,0.190605,,0.190605,4.88136,3.4061,0.190509,4.88818,1,0,6.8156,estimated,0.50,2.44409,7.33226
38,41,38.5000,41.5000,1.0000,77.0000,5,0.813559,0.0288529,4.88136,0.063394,ok,0.192439,,0.192439,4.88136,3.3736,0.192035,4.90948,1,0,6.7614,estimated,0.50,2.45474,7.36423
39,41,39.5000,41.5000,1.0000,79.0000,5,0.813559,0.0288529,4.88136,0.061789,ok,0.194274,,0.194274,4.88136,3.3418,0.193345,4.94473,1,0,6.7156,estimated,0.50,2.47237,7.41710
40,41,40.5000,41.5000,1.0000,81.0000,5,0.813559,0.0288529,4.88136,0.060264,ok,0.196108,,0.196108,4.88136,3.3105,0.194376,4.99785,1,0,6.6800,estimated,0.50,2.49893,7.49678
41,41,41.5000,41.5000,1.0000,83.0000,5,0.813559,0.0288529,4.88136,0.058812,ok,0.197942,,0.197942,4.88136,3.2798,0.195030,5.07550,1,0,6.6576,estimated,0.50,2.53775,7.61325
42,41,42.5000,41.5000,1.0000,84.7056,2,0.813559,0.0288529,4.88136,0.057627,ok,0.199506,,0.199506,4.88136,3.2541,0.195254,5.16404,1,0,6.6500,estimated,0.50,2.58202,7.74607
43,41,43.5000,41.5000,1.0000,82.7056,2,0.813559,0.0288529,4.88136,0.059021,ok,0.197672,,0.197672,4.88136,3.2843,0.194961,5.06233,1,0,6.6600,estimated,0.50,2.53116,7.59349
44,41,44.5000,41.5000,1.0000,80.7056,2,0.813559,0.0288529,4.88136,0.060483,ok,0.195838,,0.195838,4.88136,3.3151,0.194249,4.98846,1,0,6.6844,estimated,0.50,2.49423,7.48269
45,41,45.5000,41.5000,1.0000,78.7056,2,0.813559,0.0288529,4.88136,0.062020,ok,0.194004,,0.194004,4.88136,3.3464,0.193170,4.93838,1,0,6.7217,estimated,0.50,2.46919,7.40757
46,41,46.5000,41.5000,1.0000,76.7056,2,0.813559,0.0288529,4.88136,0.063638,ok,0.192170,,0.192170,4.88136,3.3783,0.191824,4.90547,1,0,6.7689,estimated,0.50,2.45273,7.35820
47,41,47.5000,41.5000,1.0000,74.7056,2,0.813559,0.0288529,4.88136,0.065341,ok,0.190335,,0.190335,4.88136,3.4109,0.190272,4.88588,1,0,6.8241,estimated,0.50,2.44294,7.32881
48,41,48.5000,41.5000,1.0000,72.7056,2,0.813559,0.0288529,4.88136,0.067139,ok,0.188501,,0.188501,4.88136,3.4441,0.188576,4.87588,1,0,6.8854,estimated,0.50,2.43794,7.31383
49,41,49.5000,41.5000,1.0000,70.7056,2,0.813559,0.0288529,4.88136,0.069038,ok,0.186667,,0.186667,4.88136,3.4779,0.186780,4.87283,1,0,6.9516,estimated,0.50,2.43642,7.30925
50,41,50.5000,41.5000,1.0000,68.7056,2,0.813559,0.0288529,4.88136,0.071047,ok,0.184833,,0.184833,4.88136,3.5124,0.184914,4.87506,1,0,7.0218,estimated,0.50,2.43753,7.31259
51,41,51.5000,41.5000,1.0000,66.7056,2,0.813559,0.0288529,4.88136,0.073178,ok,0.182999,,0.182999,4.88136,3.5476,0.182995,4.88168,1,0,7.0955,estimated,0.50,2.44084,7.32252
52,41,52.5000,41.5000,1.0000,64.7056,2,0.813559,0.0288529,4.88136,0.075439,ok,0.181164,,0.181164,4.88136,3.5836,0.181032,4.89228,1,0,7.1724,estimated,0.50,2.44614,7.33842
53,41,53.5000,41.5000,1.0000,62.7056,2,0.813559,0.0288529,4.88136,0.077846,ok,0.179204,,0.179204,4.88136,3.6228,0.179033,4.89354,1,0,7.2524,estimated,0.50,2.44677,7.34031
54,41,54.5000,41.5000,1.0000,60.7056,2,0.813559,0.0288529,4.88136,0.080410,ok,0.177023,,0.177023,4.88136,3.6674,0.177011,4.88222,1,0,7.3353,estimated,0.50,2.44111,7.32332
55,41,55.5000,41.5000,1.0000,58.7056,2,0.813559,0.0288529,4.88136,0.083150,ok,0.174842,,0.174842,4.88136,3.7132,0.174969,4.87166,1,0,7.4209,estimated,0.50,2.43583,7.30749
56,41,56.5000,41.5000,1.0000,56.7056,2,0.813559,0.0288529,4.88136,0.086082,ok,0.172661,,0.172661,4.88136,3.7601,0.172924,4.86071,1,0,7.5087,estimated,0.50,2.43036,7.29107
57,41,57.5000,41.5000,1.0000,54.7056,2,0.813559,0.0288529,4.88136,0.089230,ok,0.170480,,0.170480,4.88136,3.8082,0.170891,4.84799,1,0,7.5980,estimated,0.50,2.42399,7.27198
58,41,58.5000,41.5000,1.0000,52.7056,2,0.813559,0.0288529,4.88136,0.092615,ok,0.168299,,0.168299,4.88136,3.8575,0.168890,4.83166,1,0,7.6880,estimated,0.50,2.41583,7.24749
59,41,59.5000,41.5000,1.0000,50.7056,2,0.813559,0.0288529,4.88136,0.096269,ok,0.166118,,0.166118,4.88136,3.9082,0.166944,4.80954,1,0,7.7776,estimated,0.50,2.40477,7.21432
60,41,60.5000,41.5000,1.0000,48.7056,2,0.813559,0.0288529,4.88136,0.100222,ok,0.163937,,0.163937,4.88136,3.9601,0.165072,4.77927,1,0,7.8659,estimated,0.50,2.38963,7.16890
61,41,61.5000,41.5000,1.0000,46.7056,2,0.813559,0.0288529,4.88136,0.104513,ok,0.161756,,0.161756,4.88136,4.0135,0.163302,4.73757,1,0,7.9511,estimated,0.50,2.36878,7.10635
62,41,62.5000,41.5000,1.0000,44.7056,2,0.813559,0.0288529,4.88136,0.109189,ok,0.159575,,0.159575,4.88136,4.0684,0.161626,4.68428,1,0,8.0335,estimated,0.50,2.34214,7.02642
63,41,63.5000,41.5000,1.0000,42.7056,2,0.813559,0.0288529,4.88136,0.114302,ok,0.157395,,0.157395,4.88136,4.1248,0.160058,4.61727,1,0,8.1122,estimated,0.50,2.30863,6.92590
64,41,64.5000,41.5000,1.0000,40.7056,2,0.813559,0.0288529,4.88136,0.119918,ok,0.156362,,0.156362,4.88136,4.1520,0.158573,4.53788,1,0,8.1882,estimated,0.50,2.26894,6.80682
65,41,65.5000,41.5000,1.0000,38.7056,2,0.813559,0.0288529,4.88136,0.126115,ok,0.155368,,0.155368,4.88136,4.1786,0.157186,4.45128,1,0,8.2605,estimated,0.50,2.22564,6.67692
66,41,66.5000,41.5000,1.0000,36.7056,2,0.813559,0.0288529,4.88136,0.132987,ok,0.154323,,0.154323,4.88136,4.2069,0.155886,4.50921,1,0,8.3294,estimated,0.50,2.25461,6.76382
67,41,67.5000,41.5000,1.0000,34.7056,2,0.796610,0.0288529,4.77966,0.137720,ok,0.153634,,0.153634,4.77966,4.2257,0.154653,4.53865,1,0,8.3958,estimated,0.50,2.26932,6.80797
68,41,68.5000,41.5000,1.0000,32.7056,2,0.779661,0.0288529,4.67797,0.143032,ok,0.152890,,0.152890,4.67797,4.2463,0.153479,4.53992,1,0,8.4600,estimated,0.50,2.26996,6.80988
69,41,69.5000,41.5000,1.0000,30.7056,2,0.762712,0.0288529,4.57627,0.149037,ok,0.152084,,0.152084,4.57627,4.2688,0.152350,4.51453,1,0,8.5227,estimated,0.50,2.25727,6.77180
70,41,70.5000,41.5000,1.0000,28.7056,2,0.745763,0.0288529,4.47458,0.155878,ok,0.151208,,0.151208,4.47458,4.2935,0.151259,4.46297,1,0,8.5842,estimated,0.50,2.23149,6.69446
71,41,71.5000,41.5000,1.0000,26.7056,2,0.728814,0.0288529,4.37288,0.163744,ok,0.150252,,0.150252,4.37288,4.3209,0.150202,4.38420,1,0,8.6446,estimated,0.50,2.19210,6.57629
72,41,72.5000,41.5000,1.0000,24.7056,2,0.711864,0.0288529,4.27119,0.172883,ok,0.149204,,0.149204,4.27119,4.3512,0.149204,4.27128,1,0,8.7024,estimated,0.50,2.13564,6.40692
73,41,73.5000,41.5000,1.0000,22.7056,2,0.694915,0.0288529,4.16949,0.183633,ok,0.148051,,0.148051,4.16949,4.3851,0.148247,4.12669,1,0,8.7585,estimated,0.50,2.06334,6.19003
74,41,74.5000,41.5000,1.0000,20.7056,2,0.677966,0.0288529,4.06780,0.196459,ok,0.146776,,0.146776,4.06780,4.4232,0.147362,3.94306,1,0,8.8112,estimated,0.50,1.97153,5.91459
75,41,75.5000,41.5000,1.0000,18.7056,2,0.661017,0.0288529,3.96610,0.212027,ok,0.145359,,0.145359,3.96610,4.4663,0.146564,3.71679,1,0,8.8591,estimated,0.50,1.85840,5.57519
76,41,76.5000,41.5000,1.0000,16.7056,2,0.644068,0.0288529,3.86441,0.231324,ok,0.143775,,0.143775,3.86441,4.5155,0.145866,3.44625,1,0,8.9015,estimated,0.50,1.72312,5.16937
77,41,77.5000,41.5000,1.0000,14.7056,2,0.627119,0.0288529,3.76271,0.255869,too_firm,,3.55265,0.143000,3.55265,4.5400,0.145255,3.13564,1,0,8.9389,estimated,0.50,1.56782,4.70346
78,41,78.5000,41.5000,1.0000,12.7056,2,0.610169,0.0288529,3.66102,0.288141,beyond_data,,3.06948,0.143000,3.06948,4.5400,0.144731,2.78786,1,0,8.9713,estimated,0.50,1.39393,4.18179
79,41,79.5000,41.5000,1.0000,10.7056,2,0.593220,0.0288529,3.55932,0.332472,beyond_data,,2.58631,0.143000,2.58631,4.5400,0.144303,2.40500,1,0,8.9979,estimated,0.50,1.20250,3.60749
80,41,80.5000,41.5000,1.0000,8.7056,2,0.576271,0.0288529,3.45763,0.397171,beyond_data,,2.10315,0.143000,2.10315,4.5400,0.143963,1.99289,1,0,9.0192,estimated,0.50,0.99644,2.98933
81,41,81.5000,41.5000,1.0000,6.7056,2,0.559322,0.0288529,3.35593,0.500465,beyond_data,,1.61998,0.143000,1.61998,4.5400,0.143699,1.55774,1,1,9.0358,estimated,0.50,0.77887,2.33661
82,41,82.5000,41.5000,1.0000,4.7056,2,0.542373,0.0288529,3.25424,0.691563,beyond_data,,1.13681,0.143000,1.13681,4.5400,0.143499,1.10541,1,1,9.0484,estimated,0.50,0.55270,1.65811
83,41,83.5000,41.5000,1.0000,2.7056,2,0.525424,0.0288529,3.15254,1.165180,beyond_data,,0.65364,0.143000,0.65364,4.5400,0.143350,0.64089,1,1,9.0577,estimated,0.50,0.32045,0.96134
84,41,84.5000,41.5000,1.0000,0.7056,2,0.508475,0.0288529,3.05085,4.323595,beyond_data,,0.17047,0.143000,0.17047,4.5400,0.143242,0.16817,1,1,9.0646,estimated,0.50,0.08408,0.25225
0,42,0.5000,42.5000,1.0000,1.0000,5,0.508475,0.0288529,3.05085,3.050847,beyond_data,,0.24158,0.143000,0.24158,4.5400,0.143269,0.23796,1,1,9.0629,estimated,0.50,0.11898,0.35694
1,42,1.5000,42.5000,1.0000,3.0000,5,0.525424,0.0288529,3.15254,1.050847,beyond_data,,0.72475,0.143000,0.72475,4.5400,0.143387,0.70917,1,1,9.0554,estimated,0.50,0.35459,1.06376
2,42,2.5000,42.5000,1.0000,5.0000,5,0.542373,0.0288529,3.25424,0.650847,beyond_data,,1.20792,0.143000,1.20792,4.5400,0.143547,1.17141,1,1,9.0453,estimated,0.50,0.58570,1.75711
3,42,3.5000,42.5000,1.0000,7.0000,5,0.559322,0.0288529,3.35593,0.479419,beyond_data,,1.69109,0.143000,1.69109,4.5400,0.143761,1.62048,1,1,9.0319,estimated,0.50,0.81024,2.43073
4,42,4.5000,42.5000,1.0000,9.0000,5,0.576271,0.0288529,3.45763,0.384181,beyond_data,,2.17426,0.143000,2.17426,4.5400,0.144042,2.05120,1,0,9.0142,estimated,0.50,1.02560,3.07680
5,42,5.5000,42.5000,1.0000,11.0000,5,0.593220,0.0288529,3.55932,0.323575,beyond_data,,2.65743,0.143000,2.65743,4.5400,0.144403,2.45757,1,0,8.9917,estimated,0.50,1.22878,3.68635
6,42,6.5000,42.5000,1.0000,13.0000,5,0.610169,0.0288529,3.66102,0.281617,too_firm,,3.14060,0.143000,3.14060,4.5400,0.144854,2.83332,1,0,8.9637,estimated,0.50,1.41666,4.24997
7,42,7.5000,42.5000,1.0000,15.0000,5,0.627119,0.0288529,3.76271,0.250847,too_firm,,3.62377,0.143000,3.62377,4.5400,0.145404,3.17269,1,0,8.9298,estimated,0.50,1.58634,4.75903
8,42,8.5000,42.5000,1.0000,17.0000,5,0.644068,0.0288529,3.86441,0.227318,ok,0.144089,,0.144089,3.86441,4.5056,0.146036,3.47491,1,0,8.8912,estimated,0.50,1.73746,5.21237
9,42,9.5000,42.5000,1.0000,19.0000,5,0.661017,0.0288529,3.96610,0.208742,ok,0.145647,,0.145647,3.96610,4.4574,0.146764,3.73509,1,0,8.8470,estimated,0.50,1.86755,5.60264
10,42,10.5000,42.5000,1.0000,21.0000,5,0.677966,0.0288529,4.06780,0.193705,ok,0.147041,,0.147041,4.06780,4.4152,0.147594,3.95028,1,0,8.7973,estimated,0.50,1.97514,5.92543
11,42,11.5000,42.5000,1.0000,23.0000,5,0.694915,0.0288529,4.16949,0.181282,ok,0.148296,,0.148296,4.16949,4.3778,0.148513,4.12233,1,0,8.7429,estimated,0.50,2.06117,6.18350
12,42,12.5000,42.5000,1.0000,25.0000,5,0.711864,0.0288529,4.27119,0.170847,ok,0.149432,,0.149432,4.27119,4.3446,0.149505,4.25488,1,0,8.6848,estimated,0.50,2.12744,6.38231
13,42,13.5000,42.5000,1.0000,27.0000,5,0.728814,0.0288529,4.37288,0.161959,ok,0.150464,,0.150464,4.37288,4.3148,0.150543,4.35523,1,0,8.6250,estimated,0.50,2.17761,6.53284
14,42,14.5000,42.5000,1.0000,29.0000,5,0.745763,0.0288529,4.47458,0.154296,ok,0.151407,,0.151407,4.47458,4.2879,0.151645,4.42024,1,0,8.5623,estimated,0.50,2.21012,6.63036
15,42,15.5000,42.5000,1.0000,31.0000,5,0.762712,0.0288529,4.57627,0.147622,ok,0.152271,,0.152271,4.57627,4.2635,0.152790,4.45661,1,0,8.4981,estimated,0.50,2.22831,6.68492
16,42,16.5000,42.5000,1.0000,33.0000,5,0.779661,0.0288529,4.67797,0.141757,ok,0.153066,,0.153066,4.67797,4.2414,0.153982,4.46505,1,0,8.4323,estimated,0.50,2.23252,6.69757
17,42,17.5000,42.5000,1.0000,35.0000,5,0.796610,0.0288529,4.77966,0.136562,ok,0.153800,,0.153800,4.77966,4.2212,0.155231,4.44496,1,0,8.3645,estimated,0.50,2.22248,6.66744
18,42,18.5000,42.5000,1.0000,37.0000,5,0.796610,0.0288529,4.77966,0.129180,ok,0.154895,,0.154895,4.77966,4.1913,0.156542,4.39654,1,0,8.2944,estimated,0.50,2.19827,6.59481
19,42,19.5000,42.5000,1.0000,39.0000,5,0.796610,0.0288529,4.77966,0.122555,ok,0.155933,,0.155933,4.77966,4.1634,0.157936,4.40653,1,0,8.2212,estimated,0.50,2.20327,6.60980
20,42,20.5000,42.5000,1.0000,41.0000,5,0.796610,0.0288529,4.77966,0.116577,ok,0.156918,,0.156918,4.77966,4.1373,0.159426,4.49052,1,0,8.1444,estimated,0.50,2.24526,6.73579
21,42,21.5000,42.5000,1.0000,43.0000,5,0.796610,0.0288529,4.77966,0.111155,ok,0.158713,,0.158713,4.77966,4.0905,0.161004,4.56149,1,0,8.0646,estimated,0.50,2.28075,6.84224
22,42,22.5000,42.5000,1.0000,45.0000,5,0.796610,0.0288529,4.77966,0.106215,ok,0.160941,,0.160941,4.77966,4.0339,0.162681,4.61928,1,0,7.9815,estimated,0.50,2.30964,6.92892
23,42,23.5000,42.5000,1.0000,47.0000,5,0.796610,0.0288529,4.77966,0.101695,ok,0.163168,,0.163168,4.77966,3.9788,0.164454,4.66507,1,0,7.8954,estimated,0.50,2.33253,6.99760
24,42,24.5000,42.5000,1.0000,49.0000,5,0.796610,0.0288529,4.77966,0.097544,ok,0.165395,,0.165395,4.77966,3.9252,0.166335,4.69873,1,0,7.8061,estimated,0.50,2.34937,7.04810
25,42,25.5000,42.5000,1.0000,51.0000,5,0.796610,0.0288529,4.77966,0.093719,ok,0.167622,,0.167622,4.77966,3.8731,0.168298,4.72346,1,0,7.7151,estimated,0.50,2.36173,7.08520
26,42,26.5000,42.5000,1.0000,53.0000,5,0.796610,0.0288529,4.77966,0.090182,ok,0.169850,,0.169850,4.77966,3.8223,0.170323,4.74163,1,0,7.6233,estimated,0.50,2.37082,7.11245
27,42,27.5000,42.5000,1.0000,55.0000,5,0.796610,0.0288529,4.77966,0.086903,ok,0.172077,,0.172077,4.77966,3.7728,0.172388,4.75551,1,0,7.5320,estimated,0.50,2.37776,7.13327
28,42,28.5000,42.5000,1.0000,57.0000,5,0.796610,0.0288529,4.77966,0.083854,ok,0.174304,,0.174304,4.77966,3.7246,0.174472,4.76706,1,0,7.4420,estimated,0.50,2.38353,7.15059
29,42,29.5000,42.5000,1.0000,59.0000,5,0.796610,0.0288529,4.77966,0.081011,ok,0.176532,,0.176532,4.77966,3.6776,0.176557,4.77781,1,0,7.3542,estimated,0.50,2.38891,7.16672
30,42,30.5000,42.5000,1.0000,61.0000,5,0.796610,0.0288529,4.77966,0.078355,ok,0.178759,,0.178759,4.77966,3.6318,0.178625,4.78909,1,0,7.2690,estimated,0.50,2.39454,7.18363
31,42,31.5000,42.5000,1.0000,63.0000,5,0.796610,0.0288529,4.77966,0.075868,ok,0.180830,,0.180830,4.77966,3.5902,0.180675,4.79225,1,0,7.1866,estimated,0.50,2.39612,7.18837
32,42,32.5000,42.5000,1.0000,65.0000,5,0.796610,0.0288529,4.77966,0.073533,ok,0.182703,,0.182703,4.77966,3.5534,0.182691,4.78056,1,0,7.1072,estimated,0.50,2.39028,7.17084
33,42,33.5000,42.5000,1.0000,67.0000,5,0.796610,0.0288529,4.77966,0.071338,ok,0.184576,,0.184576,4.77966,3.5173,0.184670,4.77248,1,0,7.0311,estimated,0.50,2.38624,7.15871
34,42,34.5000,42.5000,1.0000,69.0000,5,0.796610,0.0288529,4.77966,0.069270,ok,0.186449,,0.186449,4.77966,3.4820,0.186606,4.76807,1,0,6.9581,estimated,0.50,2.38404,7.15211
35,42,35.5000,42.5000,1.0000,71.0000,5,0.796610,0.0288529,4.77966,0.067319,ok,0.188322,,0.188322,4.77966,3.4474,0.188489,4.76772,1,0,6.8886,estimated,0.50,2.38386,7.15157
36,42,36.5000,42.5000,1.0000,73.0000,5,0.796610,0.0288529,4.77966,0.065475,ok,0.190196,,0.190196,4.77966,3.4134,0.190300,4.77234,1,0,6.8231,estimated,0.50,2.38617,7.15852
37,42,37.5000,42.5000,1.0000,75.0000,5,0.796610,0.0288529,4.77966,0.063729,ok,0.192069,,0.192069,4.77966,3.3801,0.192009,4.78372,1,0,6.7623,estimated,0.50,2.39186,7.17558
38,42,38.5000,42.5000,1.0000,77.0000,5,0.796610,0.0288529,4.77966,0.062074,ok,0.193942,,0.193942,4.77966,3.3475,0.193567,4.80466,1,0,6.7079,estimated,0.50,2.40233,7.20699
39,42,39.5000,42.5000,1.0000,79.0000,5,0.796610,0.0288529,4.77966,0.060502,ok,0.195815,,0.195815,4.77966,3.3154,0.194918,4.83832,1,0,6.6614,estimated,0.50,2.41916,7.25748
40,42,40.5000,42.5000,1.0000,81.0000,5,0.796610,0.0288529,4.77966,0.059008,ok,0.197688,,0.197688,4.77966,3.2840,0.195964,4.89084,1,0,6.6259,estimated,0.50,2.44542,7.33626
41,42,41.5000,42.5000,1.0000,83.0000,5,0.796610,0.0288529,4.77966,0.057586,ok,0.199562,,0.199562,4.77966,3.2532,0.196636,4.96660,1,0,6.6032,estimated,0.50,2.48330,7.44990
42,42,42.5000,42.5000,1.0000,84.7056,2,0.796610,0.0288529,4.77966,0.056427,ok,0.201159,,0.201159,4.77966,3.2274,0.196865,5.05317,1,0,6.5955,estimated,0.50,2.52659,7.57976
43,42,43.5000,42.5000,1.0000,82.7056,2,0.796610,0.0288529,4.77966,0.057791,ok,0.199286,,0.199286,4.77966,3.2577,0.196564,4.95374,1,0,6.6056,estimated,0.50,2.47687,7.43061
44,42,44.5000,42.5000,1.0000,80.7056,2,0.796610,0.0288529,4.77966,0.059223,ok,0.197413,,0.197413,4.77966,3.2886,0.195833,4.88168,1,0,6.6303,estimated,0.50,2.44084,7.32252
45,42,45.5000,42.5000,1.0000,78.7056,2,0.796610,0.0288529,4.77966,0.060728,ok,0.195539,,0.195539,4.77966,3.3201,0.194739,4.83214,1,0,6.6675,estimated,0.50,2.41607,7.24821
46,42,46.5000,42.5000,1.0000,76.7056,2,0.796610,0.0288529,4.77966,0.062312,ok,0.193666,,0.193666,4.77966,3.3522,0.193351,4.80073,1,0,6.7154,estimated,0.50,2.40037,7.20110
47,42,47.5000,42.5000,1.0000,74.7056,2,0.796610,0.0288529,4.77966,0.063980,ok,0.191793,,0.191793,4.77966,3.3850,0.191767,4.78144,1,0,6.7709,estimated,0.50,2.39072,7.17216
48,42,48.5000,42.5000,1.0000,72.7056,2,0.796610,0.0288529,4.77966,0.065740,ok,0.189920,,0.189920,4.77966,3.4184,0.190040,4.77122,1,0,6.8324,estimated,0.50,2.38561,7.15683
49,42,49.5000,42.5000,1.0000,70.7056,2,0.796610,0.0288529,4.77966,0.067599,ok,0.188047,,0.188047,4.77966,3.4524,0.188216,4.76743,1,0,6.8986,estimated,0.50,2.38372,7.15115
50,42,50.5000,42.5000,1.0000,68.7056,2,0.796610,0.0288529,4.77966,0.069567,ok,0.186173,,0.186173,4.77966,3.4872,0.186325,4.76844,1,0,6.9686,estimated,0.50,2.38422,7.15266
51,42,51.5000,42.5000,1.0000,66.7056,2,0.796610,0.0288529,4.77966,0.071653,ok,0.184300,,0.184300,4.77966,3.5226,0.184382,4.77341,1,0,7.0421,estimated,0.50,2.38670,7.16011
52,42,52.5000,42.5000,1.0000,64.7056,2,0.796610,0.0288529,4.77966,0.073868,ok,0.182427,,0.182427,4.77966,3.5588,0.182397,4.78203,1,0,7.1187,estimated,0.50,2.39102,7.17305
53,42,53.5000,42.5000,1.0000,62.7056,2,0.796610,0.0288529,4.77966,0.076224,ok,0.180554,,0.180554,4.77966,3.5957,0.180375,4.79427,1,0,7.1985,estimated,0.50,2.39713,7.19140
54,42,54.5000,42.5000,1.0000,60.7056,2,0.796610,0.0288529,4.77966,0.078735,ok,0.178431,,0.178431,4.77966,3.6385,0.178321,4.78744,1,0,7.2814,estimated,0.50,2.39372,7.18116
55,42,55.5000,42.5000,1.0000,58.7056,2,0.796610,0.0288529,4.77966,0.081417,ok,0.176204,,0.176204,4.77966,3.6845,0.176250,4.77627,1,0,7.3670,estimated,0.50,2.38814,7.16441
56,42,56.5000,42.5000,1.0000,56.7056,2,0.796610,0.0288529,4.77966,0.084289,ok,0.173977,,0.173977,4.77966,3.7316,0.174164,4.76552,1,0,7.4552,estimated,0.50,2.38276,7.14829
57,42,57.5000,42.5000,1.0000,54.7056,2,0.796610,0.0288529,4.77966,0.087371,ok,0.171749,,0.171749,4.77966,3.7800,0.172081,4.75380,1,0,7.5455,estimated,0.50,2.37690,7.13071
58,42,58.5000,42.5000,1.0000,52.7056,2,0.796610,0.0288529,4.77966,0.090686,ok,0.169522,,0.169522,4.77966,3.8297,0.170019,4.73952,1,0,7.6370,estimated,0.50,2.36976,7.10928
59,42,59.5000,42.5000,1.0000,50.7056,2,0.796610,0.0288529,4.77966,0.094263,ok,0.167295,,0.167295,4.77966,3.8807,0.168000,4.72066,1,0,7.7287,estimated,0.50,2.36033,7.08100
60,42,60.5000,42.5000,1.0000,48.7056,2,0.796610,0.0288529,4.77966,0.098134,ok,0.165067,,0.165067,4.77966,3.9330,0.166046,4.69494,1,0,7.8197,estimated,0.50,2.34747,7.04241
61,42,61.5000,42.5000,1.0000,46.7056,2,0.796610,0.0288529,4.77966,0.102336,ok,0.162840,,0.162840,4.77966,3.9868,0.164176,4.66000,1,0,7.9088,estimated,0.50,2.33000,6.99000
62,42,62.5000,42.5000,1.0000,44.7056,2,0.796610,0.0288529,4.77966,0.106914,ok,0.160613,,0.160613,4.77966,4.0421,0.162415,4.61268,1,0,7.9945,estimated,0.50,2.30634,6.91902
63,42,63.5000,42.5000,1.0000,42.7056,2,0.796610,0.0288529,4.77966,0.111921,ok,0.158385,,0.158385,4.77966,4.0990,0.160750,4.55323,1,0,8.0773,estimated,0.50,2.27662,6.82985
64,42,64.5000,42.5000,1.0000,40.7056,2,0.796610,0.0288529,4.77966,0.117420,ok,0.156777,,0.156777,4.77966,4.1410,0.159181,4.48085,1,0,8.1569,estimated,0.50,2.24042,6.72127
65,42,65.5000,42.5000,1.0000,38.7056,2,0.796610,0.0288529,4.77966,0.123487,ok,0.155784,,0.155784,4.77966,4.1674,0.157702,4.39511,1,0,8.2334,estimated,0.50,2.19756,6.59267
66,42,66.5000,42.5000,1.0000,36.7056,2,0.796610,0.0288529,4.77966,0.130216,ok,0.154738,,0.154738,4.77966,4.1956,0.156317,4.41170,1,0,8.3064,estimated,0.50,2.20585,6.61755
67,42,67.5000,42.5000,1.0000,34.7056,2,0.796610,0.0288529,4.77966,0.137720,ok,0.153634,,0.153634,4.77966,4.2257,0.155012,4.45669,1,0,8.3763,estimated,0.50,2.22834,6.68503
68,42,68.5000,42.5000,1.0000,32.7056,2,0.779661,0.0288529,4.67797,0.143032,ok,0.152890,,0.152890,4.67797,4.2463,0.153769,4.47345,1,0,8.4440,estimated,0.50,2.23672,6.71017
69,42,69.5000,42.5000,1.0000,30.7056,2,0.762712,0.0288529,4.57627,0.149037,ok,0.152084,,0.152084,4.57627,4.2688,0.152581,4.46168,1,0,8.5098,estimated,0.50,2.23084,6.69252
70,42,70.5000,42.5000,1.0000,28.7056,2,0.745763,0.0288529,4.47458,0.155878,ok,0.151208,,0.151208,4.47458,4.2935,0.151440,4.42171,1,0,8.5739,estimated,0.50,2.21085,6.63256
71,42,71.5000,42.5000,1.0000,26.7056,2,0.728814,0.0288529,4.37288,0.163744,ok,0.150252,,0.150252,4.37288,4.3209,0.150342,4.35254,1,0,8.6365,estimated,0.50,2.17627,6.52881
72,42,72.5000,42.5000,1.0000,24.7056,2,0.711864,0.0288529,4.27119,0.172883,ok,0.149204,,0.149204,4.27119,4.3512,0.149312,4.24724,1,0,8.6961,estimated,0.50,2.12362,6.37085
73,42,73.5000,42.5000,1.0000,22.7056,2,0.694915,0.0288529,4.16949,0.183633,ok,0.148051,,0.148051,4.16949,4.3851,0.148330,4.10882,1,0,8.7537,estimated,0.50,2.05441,6.16323
74,42,74.5000,42.5000,1.0000,20.7056,2,0.677966,0.0288529,4.06780,0.196459,ok,0.146776,,0.146776,4.06780,4.4232,0.147425,3.93002,1,0,8.8074,estimated,0.50,1.96501,5.89504
75,42,75.5000,42.5000,1.0000,18.7056,2,0.661017,0.0288529,3.96610,0.212027,ok,0.145359,,0.145359,3.96610,4.4663,0.146611,3.70745,1,0,8.8563,estimated,0.50,1.85373,5.56118
76,42,76.5000,42.5000,1.0000,16.7056,2,0.644068,0.0288529,3.86441,0.231324,ok,0.143775,,0.143775,3.86441,4.5155,0.145901,3.43968,1,0,8.8994,estimated,0.50,1.71984,5.15952
77,42,77.5000,42.5000,1.0000,14.7056,2,0.627119,0.0288529,3.76271,0.255869,too_firm,,3.55265,0.143000,3.55265,4.5400,0.145281,3.13122,1,0,8.9374,estimated,0.50,1.56561,4.69684
78,42,78.5000,42.5000,1.0000,12.7056,2,0.610169,0.0288529,3.66102,0.288141,beyond_data,,3.06948,0.143000,3.06948,4.5400,0.144750,2.78504,1,0,8.9702,estimated,0.50,1.39252,4.17755
79,42,79.5000,42.5000,1.0000,10.7056,2,0.593220,0.0288529,3.55932,0.332472,beyond_data,,2.58631,0.143000,2.58631,4.5400,0.144316,2.40327,1,0,8.9971,estimated,0.50,1.20163,3.60490
80,42,80.5000,42.5000,1.0000,8.7056,2,0.576271,0.0288529,3.45763,0.397171,beyond_data,,2.10315,0.143000,2.10315,4.5400,0.143972,1.99188,1,0,9.0186,estimated,0.50,0.99594,2.98782
81,42,81.5000,42.5000,1.0000,6.7056,2,0.559322,0.0288529,3.35593,0.500465,beyond_data,,1.61998,0.143000,1.61998,4.5400,0.143705,1.55719,1,1,9.0354,estimated,0.50,0.77860,2.33579
82,42,82.5000,42.5000,1.0000,4.7056,2,0.542373,0.0288529,3.25424,0.691563,beyond_data,,1.13681,0.143000,1.13681,4.5400,0.143503,1.10514,1,1,9.0481,estimated,0.50,0.55257,1.65771
83,42,83.5000,42.5000,1.0000,2.7056,2,0.525424,0.0288529,3.15254,1.165180,beyond_data,,0.65364,0.143000,0.65364,4.5400,0.143353,0.64079,1,1,9.0576,estimated,0.50,0.32039,0.96118
84,42,84.5000,42.5000,1.0000,0.7056,2,0.508475,0.0288529,3.05085,4.323595,beyond_data,,0.17047,0.143000,0.17047,4.5400,0.143244,0.16815,1,1,9.0645,estimated,0.50,0.08407,0.25222
0,43,0.5000,43.5000,1.0000,1.0000,5,0.508475,0.0288529,3.05085,3.050847,beyond_data,,0.24158,0.143000,0.24158,4.5400,0.143272,0.23792,1,1,9.0627,estimated,0.50,0.11896,0.35687
1,43,1.5000,43.5000,1.0000,3.0000,5,0.525424,0.0288529,3.15254,1.050847,beyond_data,,0.72475,0.143000,0.72475,4.5400,0.143391,0.70899,1,1,9.0552,estimated,0.50,0.35449,1.06348
2,43,2.5000,43.5000,1.0000,5.0000,5,0.542373,0.0288529,3.25424,0.650847,beyond_data,,1.20792,0.143000,1.20792,4.5400,0.143553,1.17097,1,1,9.0449,estimated,0.50,0.58549,1.75646
3,43,3.5000,43.5000,1.0000,7.0000,5,0.559322,0.0288529,3.35593,0.479419,beyond_data,,1.69109,0.143000,1.69109,4.5400,0.143771,1.61963,1,1,9.0313,estimated,0.50,0.80982,2.42945
4,43,4.5000,43.5000,1.0000,9.0000,5,0.576271,0.0288529,3.45763,0.384181,beyond_data,,2.17426,0.143000,2.17426,4.5400,0.144056,2.04968,1,0,9.0134,estimated,0.50,1.02484,3.07452
5,43,5.5000,43.5000,1.0000,11.0000,5,0.593220,0.0288529,3.55932,0.323575,beyond_data,,2.65743,0.143000,2.65743,4.5400,0.144422,2.45502,1,0,8.9905,estimated,0.50,1.22751,3.68253
6,43,6.5000,43.5000,1.0000,13.0000,5,0.610169,0.0288529,3.66102,0.281617,too_firm,,3.14060,0.143000,3.14060,4.5400,0.144880,2.82926,1,0,8.9621,estimated,0.50,1.41463,4.24389
7,43,7.5000,43.5000,1.0000,15.0000,5,0.627119,0.0288529,3.76271,0.250847,too_firm,,3.62377,0.143000,3.62377,4.5400,0.145440,3.16648,1,0,8.9276,estimated,0.50,1.58324,4.74972
8,43,8.5000,43.5000,1.0000,17.0000,5,0.644068,0.0288529,3.86441,0.227318,ok,0.144089,,0.144089,3.86441,4.5056,0.146084,3.46593,1,0,8.8882,estimated,0.50,1.73296,5.19889
9,43,9.5000,43.5000,1.0000,19.0000,5,0.661017,0.0288529,3.96610,0.208742,ok,0.145647,,0.145647,3.96610,4.4574,0.146827,3.72253,1,0,8.8432,estimated,0.50,1.86126,5.58379
10,43,10.5000,43.5000,1.0000,21.0000,5,0.677966,0.0288529,4.06780,0.193705,ok,0.147041,,0.147041,4.06780,4.4152,0.147677,3.93305,1,0,8.7924,estimated,0.50,1.96653,5.89958
11,43,11.5000,43.5000,1.0000,23.0000,5,0.694915,0.0288529,4.16949,0.181282,ok,0.148296,,0.148296,4.16949,4.3778,0.148621,4.09914,1,0,8.7365,estimated,0.50,2.04957,6.14871
12,43,12.5000,43.5000,1.0000,25.0000,5,0.711864,0.0288529,4.27119,0.170847,ok,0.149432,,0.149432,4.27119,4.3446,0.149645,4.22422,1,0,8.6768,estimated,0.50,2.11211,6.33632
13,43,13.5000,43.5000,1.0000,27.0000,5,0.728814,0.0288529,4.37288,0.161959,ok,0.150464,,0.150464,4.37288,4.3148,0.150720,4.31555,1,0,8.6148,estimated,0.50,2.15778,6.47333
14,43,14.5000,43.5000,1.0000,29.0000,5,0.745763,0.0288529,4.47458,0.154296,ok,0.151407,,0.151407,4.47458,4.2879,0.151871,4.36949,1,0,8.5496,estimated,0.50,2.18474,6.55423
15,43,15.5000,43.5000,1.0000,31.0000,5,0.762712,0.0288529,4.57627,0.147622,ok,0.152271,,0.152271,4.57627,4.2635,0.153073,4.39283,1,0,8.4824,estimated,0.50,2.19642,6.58925
16,43,16.5000,43.5000,1.0000,33.0000,5,0.779661,0.0288529,4.67797,0.141757,ok,0.153066,,0.153066,4.67797,4.2414,0.154332,4.38637,1,0,8.4132,estimated,0.50,2.19319,6.57956
17,43,17.5000,43.5000,1.0000,35.0000,5,0.779661,0.0288529,4.67797,0.133656,ok,0.154224,,0.154224,4.67797,4.2096,0.155651,4.35124,1,0,8.3419,estimated,0.50,2.17562,6.52687
18,43,18.5000,43.5000,1.0000,37.0000,5,0.779661,0.0288529,4.67797,0.126432,ok,0.155319,,0.155319,4.67797,4.1799,0.157046,4.28546,1,0,8.2678,estimated,0.50,2.14273,6.42819
19,43,19.5000,43.5000,1.0000,39.0000,5,0.779661,0.0288529,4.67797,0.119948,ok,0.156357,,0.156357,4.67797,4.1521,0.158531,4.35156,1,0,8.1904,estimated,0.50,2.17578,6.52735
20,43,20.5000,43.5000,1.0000,41.0000,5,0.779661,0.0288529,4.67797,0.114097,ok,0.157479,,0.157479,4.67797,4.1226,0.160114,4.42781,1,0,8.1094,estimated,0.50,2.21391,6.64172
21,43,21.5000,43.5000,1.0000,43.0000,5,0.779661,0.0288529,4.67797,0.108790,ok,0.159754,,0.159754,4.67797,4.0638,0.161781,4.49188,1,0,8.0258,estimated,0.50,2.24594,6.73782
22,43,22.5000,43.5000,1.0000,45.0000,5,0.779661,0.0288529,4.67797,0.103955,ok,0.162030,,0.162030,4.67797,4.0068,0.163555,4.54264,1,0,7.9388,estimated,0.50,2.27132,6.81396
23,43,23.5000,43.5000,1.0000,47.0000,5,0.779661,0.0288529,4.67797,0.099531,ok,0.164306,,0.164306,4.67797,3.9513,0.165423,4.58224,1,0,7.8492,estimated,0.50,2.29112,6.87336
24,43,24.5000,43.5000,1.0000,49.0000,5,0.779661,0.0288529,4.67797,0.095469,ok,0.166581,,0.166581,4.67797,3.8973,0.167391,4.61100,1,0,7.7569,estimated,0.50,2.30550,6.91651
25,43,25.5000,43.5000,1.0000,51.0000,5,0.779661,0.0288529,4.67797,0.091725,ok,0.168857,,0.168857,4.67797,3.8448,0.169432,4.63212,1,0,7.6634,estimated,0.50,2.31606,6.94818
26,43,26.5000,43.5000,1.0000,53.0000,5,0.779661,0.0288529,4.67797,0.088264,ok,0.171133,,0.171133,4.67797,3.7936,0.171523,4.64792,1,0,7.5700,estimated,0.50,2.32396,6.97188
27,43,27.5000,43.5000,1.0000,55.0000,5,0.779661,0.0288529,4.67797,0.085054,ok,0.173409,,0.173409,4.67797,3.7438,0.173643,4.66052,1,0,7.4776,estimated,0.50,2.33026,6.99078
28,43,28.5000,43.5000,1.0000,57.0000,5,0.779661,0.0288529,4.67797,0.082070,ok,0.175684,,0.175684,4.67797,3.6953,0.175772,4.67167,1,0,7.3870,estimated,0.50,2.33584,7.00751
29,43,29.5000,43.5000,1.0000,59.0000,5,0.779661,0.0288529,4.67797,0.079288,ok,0.177960,,0.177960,4.67797,3.6481,0.177889,4.68294,1,0,7.2991,estimated,0.50,2.34147,7.02441
30,43,30.5000,43.5000,1.0000,61.0000,5,0.779661,0.0288529,4.67797,0.076688,ok,0.180198,,0.180198,4.67797,3.6028,0.179991,4.69452,1,0,7.2139,estimated,0.50,2.34726,7.04178
31,43,31.5000,43.5000,1.0000,63.0000,5,0.779661,0.0288529,4.67797,0.074253,ok,0.182112,,0.182112,4.67797,3.5649,0.182066,4.68158,1,0,7.1317,estimated,0.50,2.34079,7.02236
32,43,32.5000,43.5000,1.0000,65.0000,5,0.779661,0.0288529,4.67797,0.071969,ok,0.184026,,0.184026,4.67797,3.5278,0.184106,4.67195,1,0,7.0526,estimated,0.50,2.33598,7.00793
33,43,33.5000,43.5000,1.0000,67.0000,5,0.779661,0.0288529,4.67797,0.069820,ok,0.185940,,0.185940,4.67797,3.4915,0.186110,4.66564,1,0,6.9767,estimated,0.50,2.33282,6.99846
34,43,34.5000,43.5000,1.0000,69.0000,5,0.779661,0.0288529,4.67797,0.067797,ok,0.187854,,0.187854,4.67797,3.4560,0.188071,4.66262,1,0,6.9039,estimated,0.50,2.33131,6.99393
35,43,35.5000,43.5000,1.0000,71.0000,5,0.779661,0.0288529,4.67797,0.065887,ok,0.189768,,0.189768,4.67797,3.4211,0.189983,4.66320,1,0,6.8344,estimated,0.50,2.33160,6.99480
36,43,36.5000,43.5000,1.0000,73.0000,5,0.779661,0.0288529,4.67797,0.064082,ok,0.191682,,0.191682,4.67797,3.3869,0.191827,4.66829,1,0,6.7688,estimated,0.50,2.33415,7.00244
37,43,37.5000,43.5000,1.0000,75.0000,5,0.779661,0.0288529,4.67797,0.062373,ok,0.193596,,0.193596,4.67797,3.3535,0.193570,4.67966,1,0,6.7078,estimated,0.50,2.33983,7.01948
38,43,38.5000,43.5000,1.0000,77.0000,5,0.779661,0.0288529,4.67797,0.060753,ok,0.195510,,0.195510,4.67797,3.3206,0.195172,4.69948,1,0,6.6527,estimated,0.50,2.34974,7.04923
39,43,39.5000,43.5000,1.0000,79.0000,5,0.779661,0.0288529,4.67797,0.059215,ok,0.197424,,0.197424,4.67797,3.2884,0.196547,4.73286,1,0,6.6062,estimated,0.50,2.36643,7.09929
40,43,40.5000,43.5000,1.0000,81.0000,5,0.779661,0.0288529,4.67797,0.057753,ok,0.199338,,0.199338,4.67797,3.2569,0.197621,4.78393,1,0,6.5703,estimated,0.50,2.39197,7.17590
41,43,41.5000,43.5000,1.0000,83.0000,5,0.779661,0.0288529,4.67797,0.056361,ok,0.201252,,0.201252,4.67797,3.2259,0.198311,4.85779,1,0,6.5474,estimated,0.50,2.42889,7.28668
42,43,42.5000,43.5000,1.0000,84.7056,2,0.779661,0.0288529,4.67797,0.055226,ok,0.202884,,0.202884,4.67797,3.1999,0.198547,4.94237,1,0,6.5397,estimated,0.50,2.47119,7.41356
43,43,43.5000,43.5000,1.0000,82.7056,2,0.779661,0.0288529,4.67797,0.056562,ok,0.200970,,0.200970,4.67797,3.2304,0.198237,4.84524,1,0,6.5499,estimated,0.50,2.42262,7.26786
44,43,44.5000,43.5000,1.0000,80.7056,2,0.779661,0.0288529,4.67797,0.057963,ok,0.199056,,0.199056,4.67797,3.2615,0.197486,4.77501,1,0,6.5748,estimated,0.50,2.38751,7.16252
45,43,45.5000,43.5000,1.0000,78.7056,2,0.779661,0.0288529,4.67797,0.059436,ok,0.197142,,0.197142,4.67797,3.2931,0.196363,4.72685,1,0,6.6124,estimated,0.50,2.36343,7.09028
46,43,46.5000,43.5000,1.0000,76.7056,2,0.779661,0.0288529,4.67797,0.060986,ok,0.195228,,0.195228,4.67797,3.3254,0.194951,4.69567,1,0,6.6603,estimated,0.50,2.34783,7.04350
47,43,47.5000,43.5000,1.0000,74.7056,2,0.779661,0.0288529,4.67797,0.062619,ok,0.193314,,0.193314,4.67797,3.3583,0.193323,4.67741,1,0,6.7164,estimated,0.50,2.33870,7.01611
48,43,48.5000,43.5000,1.0000,72.7056,2,0.779661,0.0288529,4.67797,0.064341,ok,0.191400,,0.191400,4.67797,3.3919,0.191562,4.66713,1,0,6.7781,estimated,0.50,2.33357,7.00070
49,43,49.5000,43.5000,1.0000,70.7056,2,0.779661,0.0288529,4.67797,0.066161,ok,0.189486,,0.189486,4.67797,3.4262,0.189706,4.66281,1,0,6.8444,estimated,0.50,2.33140,6.99421
50,43,50.5000,43.5000,1.0000,68.7056,2,0.779661,0.0288529,4.67797,0.068087,ok,0.187572,,0.187572,4.67797,3.4611,0.187786,4.66281,1,0,6.9144,estimated,0.50,2.33141,6.99422
51,43,51.5000,43.5000,1.0000,66.7056,2,0.779661,0.0288529,4.67797,0.070129,ok,0.185658,,0.185658,4.67797,3.4968,0.185817,4.66634,1,0,6.9877,estimated,0.50,2.33317,6.99950
52,43,52.5000,43.5000,1.0000,64.7056,2,0.779661,0.0288529,4.67797,0.072296,ok,0.183744,,0.183744,4.67797,3.5332,0.183808,4.67314,1,0,7.0640,estimated,0.50,2.33657,7.00971
53,43,53.5000,43.5000,1.0000,62.7056,2,0.779661,0.0288529,4.67797,0.074602,ok,0.181831,,0.181831,4.67797,3.5704,0.181763,4.68327,1,0,7.1435,estimated,0.50,2.34163,7.02490
54,43,54.5000,43.5000,1.0000,60.7056,2,0.779661,0.0288529,4.67797,0.077060,ok,0.179901,,0.179901,4.67797,3.6087,0.179683,4.69275,1,0,7.2262,estimated,0.50,2.34638,7.03913
55,43,55.5000,43.5000,1.0000,58.7056,2,0.779661,0.0288529,4.67797,0.079685,ok,0.177625,,0.177625,4.67797,3.6550,0.177577,4.68132,1,0,7.3119,estimated,0.50,2.34066,7.02198
56,43,56.5000,43.5000,1.0000,56.7056,2,0.779661,0.0288529,4.67797,0.082496,ok,0.175349,,0.175349,4.67797,3.7024,0.175458,4.67011,1,0,7.4002,estimated,0.50,2.33505,7.00516
57,43,57.5000,43.5000,1.0000,54.7056,2,0.779661,0.0288529,4.67797,0.085512,ok,0.173074,,0.173074,4.67797,3.7511,0.173329,4.65888,1,0,7.4911,estimated,0.50,2.32944,6.98831
58,43,58.5000,43.5000,1.0000,52.7056,2,0.779661,0.0288529,4.67797,0.088756,ok,0.170798,,0.170798,4.67797,3.8011,0.171211,4.64598,1,0,7.5838,estimated,0.50,2.32299,6.96898
59,43,59.5000,43.5000,1.0000,50.7056,2,0.779661,0.0288529,4.67797,0.092257,ok,0.168522,,0.168522,4.67797,3.8524,0.169125,4.62964,1,0,7.6774,estimated,0.50,2.31482,6.94445
60,43,60.5000,43.5000,1.0000,48.7056,2,0.779661,0.0288529,4.67797,0.096046,ok,0.166246,,0.166246,4.67797,3.9051,0.167092,4.60768,1,0,7.7708,estimated,0.50,2.30384,6.91151
61,43,61.5000,43.5000,1.0000,46.7056,2,0.779661,0.0288529,4.67797,0.100159,ok,0.163971,,0.163971,4.67797,3.9593,0.165134,4.57777,1,0,7.8629,estimated,0.50,2.28888,6.86665
62,43,62.5000,43.5000,1.0000,44.7056,2,0.779661,0.0288529,4.67797,0.104639,ok,0.161695,,0.161695,4.67797,4.0151,0.163279,4.53674,1,0,7.9522,estimated,0.50,2.26837,6.80510
63,43,63.5000,43.5000,1.0000,42.7056,2,0.779661,0.0288529,4.67797,0.109540,ok,0.159419,,0.159419,4.67797,4.0724,0.161517,4.48438,1,0,8.0390,estimated,0.50,2.24219,6.72657
64,43,64.5000,43.5000,1.0000,40.7056,2,0.779661,0.0288529,4.67797,0.114922,ok,0.157200,,0.157200,4.67797,4.1299,0.159861,4.41869,1,0,8.1222,estimated,0.50,2.20935,6.62804
65,43,65.5000,43.5000,1.0000,38.7056,2,0.779661,0.0288529,4.67797,0.120860,ok,0.156208,,0.156208,4.67797,4.1561,0.158287,4.34092,1,0,8.2030,estimated,0.50,2.17046,6.51137
66,43,66.5000,43.5000,1.0000,36.7056,2,0.779661,0.0288529,4.67797,0.127445,ok,0.155161,,0.155161,4.67797,4.1841,0.156812,4.30218,1,0,8.2802,estimated,0.50,2.15109,6.45327
67,43,67.5000,43.5000,1.0000,34.7056,2,0.779661,0.0288529,4.67797,0.134790,ok,0.154057,,0.154057,4.67797,4.2141,0.155425,4.36436,1,0,8.3541,estimated,0.50,2.18218,6.54655
68,43,68.5000,43.5000,1.0000,32.7056,2,0.779661,0.0288529,4.67797,0.143032,ok,0.152890,,0.152890,4.67797,4.2463,0.154113,4.39598,1,0,8.4252,estimated,0.50,2.19799,6.59397
69,43,69.5000,43.5000,1.0000,30.7056,2,0.762712,0.0288529,4.57627,0.149037,ok,0.152084,,0.152084,4.57627,4.2688,0.152859,4.39887,1,0,8.4943,estimated,0.50,2.19944,6.59831
70,43,70.5000,43.5000,1.0000,28.7056,2,0.745763,0.0288529,4.47458,0.155878,ok,0.151208,,0.151208,4.47458,4.2935,0.151662,4.37171,1,0,8.5614,estimated,0.50,2.18585,6.55756
71,43,71.5000,43.5000,1.0000,26.7056,2,0.728814,0.0288529,4.37288,0.163744,ok,0.150252,,0.150252,4.37288,4.3209,0.150517,4.31343,1,0,8.6265,estimated,0.50,2.15672,6.47015
72,43,72.5000,43.5000,1.0000,24.7056,2,0.711864,0.0288529,4.27119,0.172883,ok,0.149204,,0.149204,4.27119,4.3512,0.149449,4.21699,1,0,8.6881,estimated,0.50,2.10850,6.32549
73,43,73.5000,43.5000,1.0000,22.7056,2,0.694915,0.0288529,4.16949,0.183633,ok,0.148051,,0.148051,4.16949,4.3851,0.148437,4.08594,1,0,8.7474,estimated,0.50,2.04297,6.12890
74,43,74.5000,43.5000,1.0000,20.7056,2,0.677966,0.0288529,4.06780,0.196459,ok,0.146776,,0.146776,4.06780,4.4232,0.147507,3.91302,1,0,8.8025,estimated,0.50,1.95651,5.86953
75,43,75.5000,43.5000,1.0000,18.7056,2,0.661017,0.0288529,3.96610,0.212027,ok,0.145359,,0.145359,3.96610,4.4663,0.146674,3.69506,1,0,8.8525,estimated,0.50,1.84753,5.54259
76,43,76.5000,43.5000,1.0000,16.7056,2,0.644068,0.0288529,3.86441,0.231324,ok,0.143775,,0.143775,3.86441,4.5155,0.145949,3.43083,1,0,8.8965,estimated,0.50,1.71541,5.14624
77,43,77.5000,43.5000,1.0000,14.7056,2,0.627119,0.0288529,3.76271,0.255869,too_firm,,3.55265,0.143000,3.55265,4.5400,0.145317,3.12516,1,0,8.9352,estimated,0.50,1.56258,4.68775
78,43,78.5000,43.5000,1.0000,12.7056,2,0.610169,0.0288529,3.66102,0.288141,beyond_data,,3.06948,0.143000,3.06948,4.5400,0.144776,2.78109,1,0,8.9686,estimated,0.50,1.39055,4.17164
79,43,79.5000,43.5000,1.0000,10.7056,2,0.593220,0.0288529,3.55932,0.332472,beyond_data,,2.58631,0.143000,2.58631,4.5400,0.144335,2.40081,1,0,8.9960,estimated,0.50,1.20040,3.60121
80,43,80.5000,43.5000,1.0000,8.7056,2,0.576271,0.0288529,3.45763,0.397171,beyond_data,,2.10315,0.143000,2.10315,4.5400,0.143985,1.99042,1,0,9.0178,estimated,0.50,0.99521,2.98563
81,43,81.5000,43.5000,1.0000,6.7056,2,0.559322,0.0288529,3.35593,0.500465,beyond_data,,1.61998,0.143000,1.61998,4.5400,0.143714,1.55639,1,1,9.0348,estimated,0.50,0.77819,2.33458
82,43,82.5000,43.5000,1.0000,4.7056,2,0.542373,0.0288529,3.25424,0.691563,beyond_data,,1.13681,0.143000,1.13681,4.5400,0.143510,1.10474,1,1,9.0477,estimated,0.50,0.55237,1.65711
83,43,83.5000,43.5000,1.0000,2.7056,2,0.525424,0.0288529,3.15254,1.165180,beyond_data,,0.65364,0.143000,0.65364,4.5400,0.143358,0.64063,1,1,9.0573,estimated,0.50,0.32031,0.96094
84,43,84.5000,43.5000,1.0000,0.7056,2,0.508475,0.0288529,3.05085,4.323595,beyond_data,,0.17047,0.143000,0.17047,4.5400,0.143247,0.16812,1,1,9.0643,estimated,0.50,0.08406,0.25218
0,44,0.5000,44.5000,1.0000,1.0000,5,0.508475,0.0288529,3.05085,3.050847,beyond_data,,0.24158,0.143000,0.24158,4.5400,0.143277,0.23785,1,1,9.0624,estimated,0.50,0.11893,0.35678
1,44,1.5000,44.5000,1.0000,3.0000,5,0.525424,0.0288529,3.15254,1.050847,beyond_data,,0.72475,0.143000,0.72475,4.5400,0.143398,0.70872,1,1,9.0547,estimated,0.50,0.35436,1.06308
2,44,2.5000,44.5000,1.0000,5.0000,5,0.542373,0.0288529,3.25424,0.650847,beyond_data,,1.20792,0.143000,1.20792,4.5400,0.143563,1.17034,1,1,9.0443,estimated,0.50,0.58517,1.75551
3,44,3.5000,44.5000,1.0000,7.0000,5,0.559322,0.0288529,3.35593,0.479419,beyond_data,,1.69109,0.143000,1.69109,4.5400,0.143784,1.61841,1,1,9.0304,estimated,0.50,0.80920,2.42761
4,44,4.5000,44.5000,1.0000,9.0000,5,0.576271,0.0288529,3.45763,0.384181,beyond_data,,2.17426,0.143000,2.17426,4.5400,0.144075,2.04753,1,0,9.0122,estimated,0.50,1.02377,3.07130
5,44,5.5000,44.5000,1.0000,11.0000,5,0.593220,0.0288529,3.55932,0.323575,beyond_data,,2.65743,0.143000,2.65743,4.5400,0.144448,2.45148,1,0,8.9889,estimated,0.50,1.22574,3.67723
6,44,6.5000,44.5000,1.0000,13.0000,5,0.610169,0.0288529,3.66102,0.281617,too_firm,,3.14060,0.143000,3.14060,4.5400,0.144916,2.82372,1,0,8.9599,estimated,0.50,1.41186,4.23559
7,44,7.5000,44.5000,1.0000,15.0000,5,0.627119,0.0288529,3.76271,0.250847,too_firm,,3.62377,0.143000,3.62377,4.5400,0.145489,3.15816,1,0,8.9246,estimated,0.50,1.57908,4.73725
8,44,8.5000,44.5000,1.0000,17.0000,5,0.644068,0.0288529,3.86441,0.227318,ok,0.144089,,0.144089,3.86441,4.5056,0.146148,3.45408,1,0,8.8844,estimated,0.50,1.72704,5.18112
9,44,9.5000,44.5000,1.0000,19.0000,5,0.661017,0.0288529,3.96610,0.208742,ok,0.145647,,0.145647,3.96610,4.4574,0.146910,3.70621,1,0,8.8383,estimated,0.50,1.85310,5.55931
10,44,10.5000,44.5000,1.0000,21.0000,5,0.677966,0.0288529,4.06780,0.193705,ok,0.147041,,0.147041,4.06780,4.4152,0.147783,3.91103,1,0,8.7860,estimated,0.50,1.95552,5.86655
11,44,11.5000,44.5000,1.0000,23.0000,5,0.694915,0.0288529,4.16949,0.181282,ok,0.148296,,0.148296,4.16949,4.3778,0.148757,4.07001,1,0,8.7285,estimated,0.50,2.03500,6.10501
12,44,12.5000,44.5000,1.0000,25.0000,5,0.711864,0.0288529,4.27119,0.170847,ok,0.149432,,0.149432,4.27119,4.3446,0.149818,4.18640,1,0,8.6667,estimated,0.50,2.09320,6.27959
13,44,13.5000,44.5000,1.0000,27.0000,5,0.728814,0.0288529,4.37288,0.161959,ok,0.150464,,0.150464,4.37288,4.3148,0.150938,4.26746,1,0,8.6024,estimated,0.50,2.13373,6.40119
14,44,14.5000,44.5000,1.0000,29.0000,5,0.745763,0.0288529,4.47458,0.154296,ok,0.151407,,0.151407,4.47458,4.2879,0.152143,4.30911,1,0,8.5343,estimated,0.50,2.15456,6.46367
15,44,15.5000,44.5000,1.0000,31.0000,5,0.762712,0.0288529,4.57627,0.147622,ok,0.152271,,0.152271,4.57627,4.2635,0.153409,4.31838,1,0,8.4638,estimated,0.50,2.15919,6.47758
16,44,16.5000,44.5000,1.0000,33.0000,5,0.762712,0.0288529,4.57627,0.138675,ok,0.153498,,0.153498,4.57627,4.2295,0.154735,4.29763,1,0,8.3913,estimated,0.50,2.14882,6.44645
17,44,17.5000,44.5000,1.0000,35.0000,5,0.762712,0.0288529,4.57627,0.130751,ok,0.154657,,0.154657,4.57627,4.1978,0.156135,4.24579,1,0,8.3161,estimated,0.50,2.12289,6.36868
18,44,18.5000,44.5000,1.0000,37.0000,5,0.762712,0.0288529,4.57627,0.123683,ok,0.155752,,0.155752,4.57627,4.1683,0.157619,4.20892,1,0,8.2378,estimated,0.50,2.10446,6.31338
19,44,19.5000,44.5000,1.0000,39.0000,5,0.762712,0.0288529,4.57627,0.117340,ok,0.156790,,0.156790,4.57627,4.1407,0.159199,4.29152,1,0,8.1560,estimated,0.50,2.14576,6.43728
20,44,20.5000,44.5000,1.0000,41.0000,5,0.762712,0.0288529,4.57627,0.111616,ok,0.158515,,0.158515,4.57627,4.0956,0.160869,4.36105,1,0,8.0714,estimated,0.50,2.18052,6.54157
21,44,21.5000,44.5000,1.0000,43.0000,5,0.762712,0.0288529,4.57627,0.106425,ok,0.160842,,0.160842,4.57627,4.0364,0.162634,4.41790,1,0,7.9837,estimated,0.50,2.20895,6.62685
22,44,22.5000,44.5000,1.0000,45.0000,5,0.762712,0.0288529,4.57627,0.101695,ok,0.163168,,0.163168,4.57627,3.9788,0.164496,4.46303,1,0,7.8934,estimated,0.50,2.23152,6.69455
23,44,23.5000,44.5000,1.0000,47.0000,5,0.762712,0.0288529,4.57627,0.097367,ok,0.165494,,0.165494,4.57627,3.9229,0.166466,4.49637,1,0,7.8000,estimated,0.50,2.24819,6.74456
24,44,24.5000,44.5000,1.0000,49.0000,5,0.762712,0.0288529,4.57627,0.093393,ok,0.167820,,0.167820,4.57627,3.8685,0.168517,4.52101,1,0,7.7050,estimated,0.50,2.26051,6.78152
25,44,25.5000,44.5000,1.0000,51.0000,5,0.762712,0.0288529,4.57627,0.089731,ok,0.170147,,0.170147,4.57627,3.8156,0.170630,4.53926,1,0,7.6096,estimated,0.50,2.26963,6.80890
26,44,26.5000,44.5000,1.0000,53.0000,5,0.762712,0.0288529,4.57627,0.086345,ok,0.172473,,0.172473,4.57627,3.7642,0.172783,4.55336,1,0,7.5148,estimated,0.50,2.27668,6.83004
27,44,27.5000,44.5000,1.0000,55.0000,5,0.762712,0.0288529,4.57627,0.083205,ok,0.174799,,0.174799,4.57627,3.7141,0.174954,4.56524,1,0,7.4216,estimated,0.50,2.28262,6.84786
28,44,28.5000,44.5000,1.0000,57.0000,5,0.762712,0.0288529,4.57627,0.080285,ok,0.177126,,0.177126,4.57627,3.6653,0.177119,4.57672,1,0,7.3308,estimated,0.50,2.28836,6.86508
29,44,29.5000,44.5000,1.0000,59.0000,5,0.762712,0.0288529,4.57627,0.077564,ok,0.179452,,0.179452,4.57627,3.6178,0.179275,4.58811,1,0,7.2427,estimated,0.50,2.29406,6.88217
30,44,30.5000,44.5000,1.0000,61.0000,5,0.762712,0.0288529,4.57627,0.075021,ok,0.181496,,0.181496,4.57627,3.5770,0.181405,4.58319,1,0,7.1576,estimated,0.50,2.29160,6.87479
31,44,31.5000,44.5000,1.0000,63.0000,5,0.762712,0.0288529,4.57627,0.072639,ok,0.183452,,0.183452,4.57627,3.5389,0.183506,4.57229,1,0,7.0757,estimated,0.50,2.28615,6.85844
32,44,32.5000,44.5000,1.0000,65.0000,5,0.762712,0.0288529,4.57627,0.070404,ok,0.185408,,0.185408,4.57627,3.5015,0.185571,4.56458,1,0,6.9969,estimated,0.50,2.28229,6.84687
33,44,33.5000,44.5000,1.0000,67.0000,5,0.762712,0.0288529,4.57627,0.068303,ok,0.187365,,0.187365,4.57627,3.4650,0.187601,4.55984,1,0,6.9212,estimated,0.50,2.27992,6.83976
34,44,34.5000,44.5000,1.0000,69.0000,5,0.762712,0.0288529,4.57627,0.066323,ok,0.189321,,0.189321,4.57627,3.4292,0.189592,4.55798,1,0,6.8485,estimated,0.50,2.27899,6.83697
35,44,35.5000,44.5000,1.0000,71.0000,5,0.762712,0.0288529,4.57627,0.064455,ok,0.191278,,0.191278,4.57627,3.3941,0.191536,4.55929,1,0,6.7790,estimated,0.50,2.27965,6.83894
36,44,36.5000,44.5000,1.0000,73.0000,5,0.762712,0.0288529,4.57627,0.062689,ok,0.193234,,0.193234,4.57627,3.3597,0.193416,4.56467,1,0,6.7132,estimated,0.50,2.28234,6.84701
37,44,37.5000,44.5000,1.0000,75.0000,5,0.762712,0.0288529,4.57627,0.061017,ok,0.195191,,0.195191,4.57627,3.3261,0.195205,4.57537,1,0,6.6516,estimated,0.50,2.28769,6.86306
38,44,38.5000,44.5000,1.0000,77.0000,5,0.762712,0.0288529,4.57627,0.059432,ok,0.197147,,0.197147,4.57627,3.2930,0.196837,4.59519,1,0,6.5965,estimated,0.50,2.29760,6.89279
39,44,39.5000,44.5000,1.0000,79.0000,5,0.762712,0.0288529,4.57627,0.057927,ok,0.199104,,0.199104,4.57627,3.2607,0.198248,4.62753,1,0,6.5495,estimated,0.50,2.31376,6.94129
40,44,40.5000,44.5000,1.0000,81.0000,5,0.762712,0.0288529,4.57627,0.056497,ok,0.201060,,0.201060,4.57627,3.2290,0.199352,4.67711,1,0,6.5133,estimated,0.50,2.33855,7.01566
41,44,41.5000,44.5000,1.0000,83.0000,5,0.762712,0.0288529,4.57627,0.055136,ok,0.203017,,0.203017,4.57627,3.1978,0.200063,4.74904,1,0,6.4901,estimated,0.50,2.37452,7.12356
42,44,42.5000,44.5000,1.0000,84.7056,2,0.762712,0.0288529,4.57627,0.054026,ok,0.204685,,0.204685,4.57627,3.1718,0.200306,4.83163,1,0,6.4822,estimated,0.50,2.41582,7.24745
43,44,43.5000,44.5000,1.0000,82.7056,2,0.762712,0.0288529,4.57627,0.055332,ok,0.202729,,0.202729,4.57627,3.2024,0.199987,4.73680,1,0,6.4926,estimated,0.50,2.36840,7.10520
44,44,44.5000,44.5000,1.0000,80.7056,2,0.762712,0.0288529,4.57627,0.056703,ok,0.200772,,0.200772,4.57627,3.2336,0.199214,4.66844,1,0,6.5178,estimated,0.50,2.33422,7.00266
45,44,45.5000,44.5000,1.0000,78.7056,2,0.762712,0.0288529,4.57627,0.058144,ok,0.198816,,0.198816,4.57627,3.2654,0.198059,4.62170,1,0,6.5558,estimated,0.50,2.31085,6.93255
46,44,46.5000,44.5000,1.0000,76.7056,2,0.762712,0.0288529,4.57627,0.059660,ok,0.196859,,0.196859,4.57627,3.2979,0.196611,4.59149,1,0,6.6041,estimated,0.50,2.29575,6.88724
47,44,47.5000,44.5000,1.0000,74.7056,2,0.762712,0.0288529,4.57627,0.061257,ok,0.194903,,0.194903,4.57627,3.3310,0.194952,4.57318,1,0,6.6602,estimated,0.50,2.28659,6.85977
48,44,48.5000,44.5000,1.0000,72.7056,2,0.762712,0.0288529,4.57627,0.062942,ok,0.192946,,0.192946,4.57627,3.3647,0.193145,4.56350,1,0,6.7226,estimated,0.50,2.28175,6.84525
49,44,49.5000,44.5000,1.0000,70.7056,2,0.762712,0.0288529,4.57627,0.064723,ok,0.190990,,0.190990,4.57627,3.3992,0.191255,4.55883,1,0,6.7890,estimated,0.50,2.27941,6.83824
50,44,50.5000,44.5000,1.0000,68.7056,2,0.762712,0.0288529,4.57627,0.066607,ok,0.189033,,0.189033,4.57627,3.4344,0.189302,4.55803,1,0,6.8590,estimated,0.50,2.27902,6.83705
51,44,51.5000,44.5000,1.0000,66.7056,2,0.762712,0.0288529,4.57627,0.068604,ok,0.187077,,0.187077,4.57627,3.4703,0.187305,4.56033,1,0,6.9322,estimated,0.50,2.28017,6.84050
52,44,52.5000,44.5000,1.0000,64.7056,2,0.762712,0.0288529,4.57627,0.070724,ok,0.185120,,0.185120,4.57627,3.5070,0.185270,4.56551,1,0,7.0083,estimated,0.50,2.28275,6.84826
53,44,53.5000,44.5000,1.0000,62.7056,2,0.762712,0.0288529,4.57627,0.072980,ok,0.183164,,0.183164,4.57627,3.5444,0.183199,4.57368,1,0,7.0875,estimated,0.50,2.28684,6.86051
54,44,54.5000,44.5000,1.0000,60.7056,2,0.762712,0.0288529,4.57627,0.075385,ok,0.181208,,0.181208,4.57627,3.5827,0.181094,4.58506,1,0,7.1699,estimated,0.50,2.29253,6.87759
55,44,55.5000,44.5000,1.0000,58.7056,2,0.762712,0.0288529,4.57627,0.077953,ok,0.179110,,0.179110,4.57627,3.6247,0.178959,4.58639,1,0,7.2555,estimated,0.50,2.29319,6.87958
56,44,56.5000,44.5000,1.0000,56.7056,2,0.762712,0.0288529,4.57627,0.080702,ok,0.176783,,0.176783,4.57627,3.6724,0.176805,4.57478,1,0,7.3439,estimated,0.50,2.28739,6.86216
57,44,57.5000,44.5000,1.0000,54.7056,2,0.762712,0.0288529,4.57627,0.083653,ok,0.174457,,0.174457,4.57627,3.7213,0.174633,4.56361,1,0,7.4352,estimated,0.50,2.28181,6.84542
58,44,58.5000,44.5000,1.0000,52.7056,2,0.762712,0.0288529,4.57627,0.086827,ok,0.172131,,0.172131,4.57627,3.7716,0.172464,4.55155,1,0,7.5287,estimated,0.50,2.27578,6.82733
59,44,59.5000,44.5000,1.0000,50.7056,2,0.762712,0.0288529,4.57627,0.090252,ok,0.169804,,0.169804,4.57627,3.8233,0.170314,4.53703,1,0,7.6237,estimated,0.50,2.26852,6.80555
60,44,60.5000,44.5000,1.0000,48.7056,2,0.762712,0.0288529,4.57627,0.093958,ok,0.167478,,0.167478,4.57627,3.8764,0.168208,4.51808,1,0,7.7192,estimated,0.50,2.25904,6.77712
61,44,61.5000,44.5000,1.0000,46.7056,2,0.762712,0.0288529,4.57627,0.097981,ok,0.165152,,0.165152,4.57627,3.9310,0.166166,4.49244,1,0,7.8141,estimated,0.50,2.24622,6.73865
62,44,62.5000,44.5000,1.0000,44.7056,2,0.762712,0.0288529,4.57627,0.102365,ok,0.162825,,0.162825,4.57627,3.9872,0.164207,4.45781,1,0,7.9073,estimated,0.50,2.22890,6.68671
63,44,63.5000,44.5000,1.0000,42.7056,2,0.762712,0.0288529,4.57627,0.107159,ok,0.160499,,0.160499,4.57627,4.0450,0.162359,4.41114,1,0,7.9973,estimated,0.50,2.20557,6.61671
64,44,64.5000,44.5000,1.0000,40.7056,2,0.762712,0.0288529,4.57627,0.112424,ok,0.158173,,0.158173,4.57627,4.1045,0.160606,4.35261,1,0,8.0846,estimated,0.50,2.17631,6.52892
65,44,65.5000,44.5000,1.0000,38.7056,2,0.762712,0.0288529,4.57627,0.118233,ok,0.156641,,0.156641,4.57627,4.1446,0.158944,4.28166,1,0,8.1691,estimated,0.50,2.14083,6.42248
66,44,66.5000,44.5000,1.0000,36.7056,2,0.762712,0.0288529,4.57627,0.124675,ok,0.155595,,0.155595,4.57627,4.1725,0.157375,4.19728,1,0,8.2505,estimated,0.50,2.09864,6.29592
67,44,67.5000,44.5000,1.0000,34.7056,2,0.762712,0.0288529,4.57627,0.131860,ok,0.154490,,0.154490,4.57627,4.2023,0.155900,4.26040,1,0,8.3286,estimated,0.50,2.13020,6.39059
68,44,68.5000,44.5000,1.0000,32.7056,2,0.762712,0.0288529,4.57627,0.139923,ok,0.153322,,0.153322,4.57627,4.2343,0.154509,4.30854,1,0,8.4036,estimated,0.50,2.15427,6.46281
69,44,69.5000,44.5000,1.0000,30.7056,2,0.762712,0.0288529,4.57627,0.149037,ok,0.152084,,0.152084,4.57627,4.2688,0.153189,4.32552,1,0,8.4760,estimated,0.50,2.16276,6.48828
70,44,70.5000,44.5000,1.0000,28.7056,2,0.745763,0.0288529,4.47458,0.155878,ok,0.151208,,0.151208,4.47458,4.2935,0.151929,4.31222,1,0,8.5463,estimated,0.50,2.15611,6.46832
71,44,71.5000,44.5000,1.0000,26.7056,2,0.728814,0.0288529,4.37288,0.163744,ok,0.150252,,0.150252,4.37288,4.3209,0.150732,4.26602,1,0,8.6142,estimated,0.50,2.13301,6.39904
72,44,72.5000,44.5000,1.0000,24.7056,2,0.711864,0.0288529,4.27119,0.172883,ok,0.149204,,0.149204,4.27119,4.3512,0.149621,4.17969,1,0,8.6781,estimated,0.50,2.08985,6.26954
73,44,73.5000,44.5000,1.0000,22.7056,2,0.694915,0.0288529,4.16949,0.183633,ok,0.148051,,0.148051,4.16949,4.3851,0.148571,4.05720,1,0,8.7394,estimated,0.50,2.02860,6.08580
74,44,74.5000,44.5000,1.0000,20.7056,2,0.677966,0.0288529,4.06780,0.196459,ok,0.146776,,0.146776,4.06780,4.4232,0.147612,3.89130,1,0,8.7962,estimated,0.50,1.94565,5.83696
75,44,75.5000,44.5000,1.0000,18.7056,2,0.661017,0.0288529,3.96610,0.212027,ok,0.145359,,0.145359,3.96610,4.4663,0.146755,3.67898,1,0,8.8476,estimated,0.50,1.83949,5.51847
76,44,76.5000,44.5000,1.0000,16.7056,2,0.644068,0.0288529,3.86441,0.231324,ok,0.143775,,0.143775,3.86441,4.5155,0.146012,3.41917,1,0,8.8926,estimated,0.50,1.70959,5.12876
77,44,77.5000,44.5000,1.0000,14.7056,2,0.627119,0.0288529,3.76271,0.255869,too_firm,,3.55265,0.143000,3.55265,4.5400,0.145365,3.11705,1,0,8.9322,estimated,0.50,1.55853,4.67558
78,44,78.5000,44.5000,1.0000,12.7056,2,0.610169,0.0288529,3.66102,0.288141,beyond_data,,3.06948,0.143000,3.06948,4.5400,0.144811,2.77572,1,0,8.9664,estimated,0.50,1.38786,4.16358
79,44,79.5000,44.5000,1.0000,10.7056,2,0.593220,0.0288529,3.55932,0.332472,beyond_data,,2.58631,0.143000,2.58631,4.5400,0.144360,2.39740,1,0,8.9944,estimated,0.50,1.19870,3.59610
80,44,80.5000,44.5000,1.0000,8.7056,2,0.576271,0.0288529,3.45763,0.397171,beyond_data,,2.10315,0.143000,2.10315,4.5400,0.144004,1.98837,1,0,9.0166,estimated,0.50,0.99418,2.98255
81,44,81.5000,44.5000,1.0000,6.7056,2,0.559322,0.0288529,3.35593,0.500465,beyond_data,,1.61998,0.143000,1.61998,4.5400,0.143728,1.55523,1,1,9.0340,estimated,0.50,0.77762,2.33285
82,44,82.5000,44.5000,1.0000,4.7056,2,0.542373,0.0288529,3.25424,0.691563,beyond_data,,1.13681,0.143000,1.13681,4.5400,0.143519,1.10415,1,1,9.0471,estimated,0.50,0.55208,1.65623
83,44,83.5000,44.5000,1.0000,2.7056,2,0.525424,0.0288529,3.15254,1.165180,beyond_data,,0.65364,0.143000,0.65364,4.5400,0.143364,0.64039,1,1,9.0569,estimated,0.50,0.32019,0.96058
84,44,84.5000,44.5000,1.0000,0.7056,2,0.508475,0.0288529,3.05085,4.323595,beyond_data,,0.17047,0.143000,0.17047,4.5400,0.143251,0.16808,1,1,9.0640,estimated,0.50,0.08404,0.25211
0,45,0.5000,45.5000,1.0000,1.0000,5,0.508475,0.0288529,3.05085,3.050847,beyond_data,,0.24158,0.143000,0.24158,4.5400,0.143284,0.23776,1,1,9.0620,estimated,0.50,0.11888,0.35664
1,45,1.5000,45.5000,1.0000,3.0000,5,0.525424,0.0288529,3.15254,1.050847,beyond_data,,0.72475,0.143000,0.72475,4.5400,0.143408,0.70833,1,1,9.0541,estimated,0.50,0.35417,1.06250
2,45,2.5000,45.5000,1.0000,5.0000,5,0.542373,0.0288529,3.25424,0.650847,beyond_data,,1.20792,0.143000,1.20792,4.5400,0.143577,1.16945,1,1,9.0435,estimated,0.50,0.58472,1.75417
3,45,3.5000,45.5000,1.0000,7.0000,5,0.559322,0.0288529,3.35593,0.479419,beyond_data,,1.69109,0.143000,1.69109,4.5400,0.143803,1.61670,1,1,9.0292,estimated,0.50,0.80835,2.42505
4,45,4.5000,45.5000,1.0000,9.0000,5,0.576271,0.0288529,3.45763,0.384181,beyond_data,,2.17426,0.143000,2.17426,4.5400,0.144101,2.04458,1,0,9.0106,estimated,0.50,1.02229,3.06686
5,45,5.5000,45.5000,1.0000,11.0000,5,0.593220,0.0288529,3.55932,0.323575,beyond_data,,2.65743,0.143000,2.65743,4.5400,0.144483,2.44670,1,0,8.9867,estimated,0.50,1.22335,3.67004
6,45,6.5000,45.5000,1.0000,13.0000,5,0.610169,0.0288529,3.66102,0.281617,too_firm,,3.14060,0.143000,3.14060,4.5400,0.144964,2.81635,1,0,8.9569,estimated,0.50,1.40818,4.22453
7,45,7.5000,45.5000,1.0000,15.0000,5,0.627119,0.0288529,3.76271,0.250847,too_firm,,3.62377,0.143000,3.62377,4.5400,0.145552,3.14728,1,0,8.9207,estimated,0.50,1.57364,4.72092
8,45,8.5000,45.5000,1.0000,17.0000,5,0.644068,0.0288529,3.86441,0.227318,ok,0.144089,,0.144089,3.86441,4.5056,0.146230,3.43880,1,0,8.8793,estimated,0.50,1.71940,5.15820
9,45,9.5000,45.5000,1.0000,19.0000,5,0.661017,0.0288529,3.96610,0.208742,ok,0.145647,,0.145647,3.96610,4.4574,0.147015,3.68545,1,0,8.8319,estimated,0.50,1.84273,5.52818
10,45,10.5000,45.5000,1.0000,21.0000,5,0.677966,0.0288529,4.06780,0.193705,ok,0.147041,,0.147041,4.06780,4.4152,0.147918,3.88347,1,0,8.7781,estimated,0.50,1.94173,5.82520
11,45,11.5000,45.5000,1.0000,23.0000,5,0.694915,0.0288529,4.16949,0.181282,ok,0.148296,,0.148296,4.16949,4.3778,0.148927,4.03414,1,0,8.7186,estimated,0.50,2.01707,6.05122
12,45,12.5000,45.5000,1.0000,25.0000,5,0.711864,0.0288529,4.27119,0.170847,ok,0.149432,,0.149432,4.27119,4.3446,0.150031,4.14062,1,0,8.6544,estimated,0.50,2.07031,6.21093
13,45,13.5000,45.5000,1.0000,27.0000,5,0.728814,0.0288529,4.37288,0.161959,ok,0.150464,,0.150464,4.37288,4.3148,0.151201,4.21023,1,0,8.5874,estimated,0.50,2.10511,6.31534
14,45,14.5000,45.5000,1.0000,29.0000,5,0.745763,0.0288529,4.47458,0.154296,ok,0.151407,,0.151407,4.47458,4.2879,0.152466,4.23855,1,0,8.5162,estimated,0.50,2.11927,6.35782
15,45,15.5000,45.5000,1.0000,31.0000,5,0.745763,0.0288529,4.47458,0.144341,ok,0.152712,,0.152712,4.47458,4.2513,0.153796,4.23429,1,0,8.4425,estimated,0.50,2.11715,6.35144
16,45,16.5000,45.5000,1.0000,33.0000,5,0.745763,0.0288529,4.47458,0.135593,ok,0.153940,,0.153940,4.47458,4.2173,0.155200,4.19752,1,0,8.3662,estimated,0.50,2.09876,6.29629
17,45,17.5000,45.5000,1.0000,35.0000,5,0.745763,0.0288529,4.47458,0.127845,ok,0.155100,,0.155100,4.47458,4.1858,0.156685,4.12875,1,0,8.2869,estimated,0.50,2.06437,6.19312
18,45,18.5000,45.5000,1.0000,37.0000,5,0.745763,0.0288529,4.47458,0.120934,ok,0.156195,,0.156195,4.47458,4.1564,0.158263,4.15177,1,0,8.2043,estimated,0.50,2.07589,6.22766
19,45,19.5000,45.5000,1.0000,39.0000,5,0.745763,0.0288529,4.47458,0.114733,ok,0.157232,,0.157232,4.47458,4.1290,0.159941,4.22669,1,0,8.1182,estimated,0.50,2.11335,6.34004
20,45,20.5000,45.5000,1.0000,41.0000,5,0.745763,0.0288529,4.47458,0.109136,ok,0.159599,,0.159599,4.47458,4.0678,0.161699,4.28988,1,0,8.0299,estimated,0.50,2.14494,6.43481
21,45,21.5000,45.5000,1.0000,43.0000,5,0.745763,0.0288529,4.47458,0.104060,ok,0.161978,,0.161978,4.47458,4.0080,0.163564,4.34004,1,0,7.9384,estimated,0.50,2.17002,6.51006
22,45,22.5000,45.5000,1.0000,45.0000,5,0.745763,0.0288529,4.47458,0.099435,ok,0.164357,,0.164357,4.47458,3.9500,0.165522,4.37931,1,0,7.8445,estimated,0.50,2.18965,6.56896
23,45,23.5000,45.5000,1.0000,47.0000,5,0.745763,0.0288529,4.47458,0.095204,ok,0.166737,,0.166737,4.47458,3.8937,0.167581,4.40803,1,0,7.7481,estimated,0.50,2.20402,6.61205
24,45,24.5000,45.5000,1.0000,49.0000,5,0.745763,0.0288529,4.47458,0.091318,ok,0.169116,,0.169116,4.47458,3.8389,0.169712,4.42930,1,0,7.6508,estimated,0.50,2.21465,6.64394
25,45,25.5000,45.5000,1.0000,51.0000,5,0.745763,0.0288529,4.47458,0.087737,ok,0.171495,,0.171495,4.47458,3.7856,0.171893,4.44538,1,0,7.5537,estimated,0.50,2.22269,6.66807
26,45,26.5000,45.5000,1.0000,53.0000,5,0.745763,0.0288529,4.47458,0.084426,ok,0.173874,,0.173874,4.47458,3.7338,0.174103,4.45836,1,0,7.4578,estimated,0.50,2.22918,6.68755
27,45,27.5000,45.5000,1.0000,55.0000,5,0.745763,0.0288529,4.47458,0.081356,ok,0.176253,,0.176253,4.47458,3.6834,0.176321,4.46996,1,0,7.3640,estimated,0.50,2.23498,6.70494
28,45,28.5000,45.5000,1.0000,57.0000,5,0.745763,0.0288529,4.47458,0.078501,ok,0.178632,,0.178632,4.47458,3.6344,0.178525,4.48170,1,0,7.2731,estimated,0.50,2.24085,6.72255
29,45,29.5000,45.5000,1.0000,59.0000,5,0.745763,0.0288529,4.47458,0.075840,ok,0.180851,,0.180851,4.47458,3.5898,0.180712,4.48511,1,0,7.1851,estimated,0.50,2.24255,6.72766
30,45,30.5000,45.5000,1.0000,61.0000,5,0.745763,0.0288529,4.47458,0.073354,ok,0.182852,,0.182852,4.47458,3.5505,0.182871,4.47318,1,0,7.1003,estimated,0.50,2.23659,6.70977
31,45,31.5000,45.5000,1.0000,63.0000,5,0.745763,0.0288529,4.47458,0.071025,ok,0.184853,,0.184853,4.47458,3.5121,0.184998,4.46431,1,0,7.0186,estimated,0.50,2.23216,6.69647
32,45,32.5000,45.5000,1.0000,65.0000,5,0.745763,0.0288529,4.47458,0.068840,ok,0.186854,,0.186854,4.47458,3.4745,0.187091,4.45833,1,0,6.9401,estimated,0.50,2.22916,6.68749
33,45,33.5000,45.5000,1.0000,67.0000,5,0.745763,0.0288529,4.47458,0.066785,ok,0.188854,,0.188854,4.47458,3.4376,0.189150,4.45493,1,0,6.8646,estimated,0.50,2.22747,6.68240
34,45,34.5000,45.5000,1.0000,69.0000,5,0.745763,0.0288529,4.47458,0.064849,ok,0.190855,,0.190855,4.47458,3.4016,0.191174,4.45402,1,0,6.7919,estimated,0.50,2.22701,6.68103
35,45,35.5000,45.5000,1.0000,71.0000,5,0.745763,0.0288529,4.47458,0.063022,ok,0.192856,,0.192856,4.47458,3.3663,0.193155,4.45587,1,0,6.7222,estimated,0.50,2.22793,6.68380
36,45,36.5000,45.5000,1.0000,73.0000,5,0.745763,0.0288529,4.47458,0.061296,ok,0.194857,,0.194857,4.47458,3.3317,0.195080,4.46098,1,0,6.6559,estimated,0.50,2.23049,6.69147
37,45,37.5000,45.5000,1.0000,75.0000,5,0.745763,0.0288529,4.47458,0.059661,ok,0.196858,,0.196858,4.47458,3.2979,0.196903,4.47189,1,0,6.5943,estimated,0.50,2.23594,6.70783
38,45,38.5000,45.5000,1.0000,77.0000,5,0.745763,0.0288529,4.47458,0.058111,ok,0.198859,,0.198859,4.47458,3.2647,0.198577,4.49103,1,0,6.5387,estimated,0.50,2.24552,6.73655
39,45,39.5000,45.5000,1.0000,79.0000,5,0.745763,0.0288529,4.47458,0.056640,ok,0.200860,,0.200860,4.47458,3.2322,0.200026,4.52228,1,0,6.4913,estimated,0.50,2.26114,6.78343
40,45,40.5000,45.5000,1.0000,81.0000,5,0.745763,0.0288529,4.47458,0.055242,ok,0.202861,,0.202861,4.47458,3.2003,0.201163,4.57036,1,0,6.4546,estimated,0.50,2.28518,6.85554
41,45,41.5000,45.5000,1.0000,83.0000,5,0.745763,0.0288529,4.47458,0.053911,ok,0.204862,,0.204862,4.47458,3.1690,0.201895,4.64035,1,0,6.4312,estimated,0.50,2.32018,6.96053
42,45,42.5000,45.5000,1.0000,84.7056,2,0.745763,0.0288529,4.47458,0.052825,ok,0.206568,,0.206568,4.47458,3.1429,0.202146,4.72095,1,0,6.4232,estimated,0.50,2.36048,7.08143
43,45,43.5000,45.5000,1.0000,82.7056,2,0.745763,0.0288529,4.47458,0.054102,ok,0.204567,,0.204567,4.47458,3.1736,0.201817,4.62843,1,0,6.4337,estimated,0.50,2.31421,6.94264
44,45,44.5000,45.5000,1.0000,80.7056,2,0.745763,0.0288529,4.47458,0.055443,ok,0.202566,,0.202566,4.47458,3.2049,0.201020,4.56194,1,0,6.4592,estimated,0.50,2.28097,6.84290
45,45,45.5000,45.5000,1.0000,78.7056,2,0.745763,0.0288529,4.47458,0.056852,ok,0.200566,,0.200566,4.47458,3.2369,0.199832,4.51664,1,0,6.4976,estimated,0.50,2.25832,6.77496
46,45,46.5000,45.5000,1.0000,76.7056,2,0.745763,0.0288529,4.47458,0.058334,ok,0.198565,,0.198565,4.47458,3.2695,0.198344,4.48746,1,0,6.5463,estimated,0.50,2.24373,6.73119
47,45,47.5000,45.5000,1.0000,74.7056,2,0.745763,0.0288529,4.47458,0.059896,ok,0.196564,,0.196564,4.47458,3.3028,0.196644,4.46976,1,0,6.6029,estimated,0.50,2.23488,6.70464
48,45,48.5000,45.5000,1.0000,72.7056,2,0.745763,0.0288529,4.47458,0.061544,ok,0.194563,,0.194563,4.47458,3.3368,0.194797,4.46022,1,0,6.6656,estimated,0.50,2.23011,6.69033
49,45,49.5000,45.5000,1.0000,70.7056,2,0.745763,0.0288529,4.47458,0.063285,ok,0.192562,,0.192562,4.47458,3.3715,0.192867,4.45535,1,0,6.7323,estimated,0.50,2.22768,6.68303
50,45,50.5000,45.5000,1.0000,68.7056,2,0.745763,0.0288529,4.47458,0.065127,ok,0.190561,,0.190561,4.47458,3.4069,0.190879,4.45396,1,0,6.8024,estimated,0.50,2.22698,6.68094
51,45,51.5000,45.5000,1.0000,66.7056,2,0.745763,0.0288529,4.47458,0.067079,ok,0.188560,,0.188560,4.47458,3.4430,0.188849,4.45526,1,0,6.8755,estimated,0.50,2.22763,6.68288
52,45,52.5000,45.5000,1.0000,64.7056,2,0.745763,0.0288529,4.47458,0.069153,ok,0.186559,,0.186559,4.47458,3.4799,0.186785,4.45902,1,0,6.9515,estimated,0.50,2.22951,6.68854
53,45,53.5000,45.5000,1.0000,62.7056,2,0.745763,0.0288529,4.47458,0.071358,ok,0.184558,,0.184558,4.47458,3.5177,0.184687,4.46542,1,0,7.0304,estimated,0.50,2.23271,6.69812
54,45,54.5000,45.5000,1.0000,60.7056,2,0.745763,0.0288529,4.47458,0.073709,ok,0.182557,,0.182557,4.47458,3.5562,0.182555,4.47473,1,0,7.1125,estimated,0.50,2.23736,6.71209
55,45,55.5000,45.5000,1.0000,58.7056,2,0.745763,0.0288529,4.47458,0.076221,ok,0.180556,,0.180556,4.47458,3.5956,0.180392,4.48713,1,0,7.1978,estimated,0.50,2.24357,6.73070
56,45,56.5000,45.5000,1.0000,56.7056,2,0.745763,0.0288529,4.47458,0.078909,ok,0.178282,,0.178282,4.47458,3.6415,0.178201,4.48000,1,0,7.2863,estimated,0.50,2.24000,6.72000
57,45,57.5000,45.5000,1.0000,54.7056,2,0.745763,0.0288529,4.47458,0.081794,ok,0.175903,,0.175903,4.47458,3.6908,0.175994,4.46831,1,0,7.3777,estimated,0.50,2.23415,6.70246
58,45,58.5000,45.5000,1.0000,52.7056,2,0.745763,0.0288529,4.47458,0.084898,ok,0.173524,,0.173524,4.47458,3.7414,0.173777,4.45662,1,0,7.4718,estimated,0.50,2.22831,6.68493
59,45,59.5000,45.5000,1.0000,50.7056,2,0.745763,0.0288529,4.47458,0.088246,ok,0.171145,,0.171145,4.47458,3.7934,0.171569,4.44333,1,0,7.5680,estimated,0.50,2.22167,6.66500
60,45,60.5000,45.5000,1.0000,48.7056,2,0.745763,0.0288529,4.47458,0.091870,ok,0.168766,,0.168766,4.47458,3.8468,0.169392,4.42669,1,0,7.6652,estimated,0.50,2.21334,6.64003
61,45,61.5000,45.5000,1.0000,46.7056,2,0.745763,0.0288529,4.47458,0.095804,ok,0.166386,,0.166386,4.47458,3.9019,0.167270,4.40457,1,0,7.7625,estimated,0.50,2.20228,6.60685
62,45,62.5000,45.5000,1.0000,44.7056,2,0.745763,0.0288529,4.47458,0.100090,ok,0.164007,,0.164007,4.47458,3.9585,0.165222,4.37469,1,0,7.8587,estimated,0.50,2.18734,6.56203
63,45,63.5000,45.5000,1.0000,42.7056,2,0.745763,0.0288529,4.47458,0.104777,ok,0.161628,,0.161628,4.47458,4.0167,0.163276,4.33398,1,0,7.9524,estimated,0.50,2.16699,6.50098
64,45,64.5000,45.5000,1.0000,40.7056,2,0.745763,0.0288529,4.47458,0.109925,ok,0.159249,,0.159249,4.47458,4.0767,0.161424,4.28221,1,0,8.0436,estimated,0.50,2.14110,6.42331
65,45,65.5000,45.5000,1.0000,38.7056,2,0.745763,0.0288529,4.47458,0.115605,ok,0.157083,,0.157083,4.47458,4.1329,0.159675,4.21762,1,0,8.1317,estimated,0.50,2.10881,6.32643
66,45,66.5000,45.5000,1.0000,36.7056,2,0.745763,0.0288529,4.47458,0.121904,ok,0.156038,,0.156038,4.47458,4.1606,0.158009,4.14091,1,0,8.2174,estimated,0.50,2.07046,6.21137
67,45,67.5000,45.5000,1.0000,34.7056,2,0.745763,0.0288529,4.47458,0.128929,ok,0.154933,,0.154933,4.47458,4.1903,0.156442,4.14492,1,0,8.2998,estimated,0.50,2.07246,6.21739
68,45,68.5000,45.5000,1.0000,32.7056,2,0.745763,0.0288529,4.47458,0.136814,ok,0.153764,,0.153764,4.47458,4.2222,0.154965,4.20984,1,0,8.3788,estimated,0.50,2.10492,6.31476
69,45,69.5000,45.5000,1.0000,30.7056,2,0.745763,0.0288529,4.47458,0.145725,ok,0.152524,,0.152524,4.47458,4.2565,0.153570,4.24264,1,0,8.4550,estimated,0.50,2.12132,6.36397
70,45,70.5000,45.5000,1.0000,28.7056,2,0.745763,0.0288529,4.47458,0.155878,ok,0.151208,,0.151208,4.47458,4.2935,0.152248,4.24266,1,0,8.5284,estimated,0.50,2.12133,6.36399
71,45,71.5000,45.5000,1.0000,26.7056,2,0.728814,0.0288529,4.37288,0.163744,ok,0.150252,,0.150252,4.37288,4.3209,0.150990,4.20960,1,0,8.5994,estimated,0.50,2.10480,6.31440
72,45,72.5000,45.5000,1.0000,24.7056,2,0.711864,0.0288529,4.27119,0.172883,ok,0.149204,,0.149204,4.27119,4.3512,0.149830,4.13456,1,0,8.6660,estimated,0.50,2.06728,6.20184
73,45,73.5000,45.5000,1.0000,22.7056,2,0.694915,0.0288529,4.16949,0.183633,ok,0.148051,,0.148051,4.16949,4.3851,0.148739,4.02185,1,0,8.7296,estimated,0.50,2.01092,6.03277
74,45,74.5000,45.5000,1.0000,20.7056,2,0.677966,0.0288529,4.06780,0.196459,ok,0.146776,,0.146776,4.06780,4.4232,0.147744,3.86415,1,0,8.7884,estimated,0.50,1.93207,5.79622
75,45,75.5000,45.5000,1.0000,18.7056,2,0.661017,0.0288529,3.96610,0.212027,ok,0.145359,,0.145359,3.96610,4.4663,0.146860,3.65856,1,0,8.8413,estimated,0.50,1.82928,5.48784
76,45,76.5000,45.5000,1.0000,16.7056,2,0.644068,0.0288529,3.86441,0.231324,ok,0.143775,,0.143775,3.86441,4.5155,0.146094,3.40417,1,0,8.8877,estimated,0.50,1.70209,5.10626
77,45,77.5000,45.5000,1.0000,14.7056,2,0.627119,0.0288529,3.76271,0.255869,too_firm,,3.55265,0.143000,3.55265,4.5400,0.145428,3.10645,1,0,8.9284,estimated,0.50,1.55323,4.65968
78,45,78.5000,45.5000,1.0000,12.7056,2,0.610169,0.0288529,3.66102,0.288141,beyond_data,,3.06948,0.143000,3.06948,4.5400,0.144858,2.76858,1,0,8.9635,estimated,0.50,1.38429,4.15287
79,45,79.5000,45.5000,1.0000,10.7056,2,0.593220,0.0288529,3.55932,0.332472,beyond_data,,2.58631,0.143000,2.58631,4.5400,0.144395,2.39279,1,0,8.9922,estimated,0.50,1.19640,3.58919
80,45,80.5000,45.5000,1.0000,8.7056,2,0.576271,0.0288529,3.45763,0.397171,beyond_data,,2.10315,0.143000,2.10315,4.5400,0.144029,1.98555,1,0,9.0150,estimated,0.50,0.99278,2.97833
81,45,81.5000,45.5000,1.0000,6.7056,2,0.559322,0.0288529,3.35593,0.500465,beyond_data,,1.61998,0.143000,1.61998,4.5400,0.143746,1.55363,1,1,9.0328,estimated,0.50,0.77681,2.33044
82,45,82.5000,45.5000,1.0000,4.7056,2,0.542373,0.0288529,3.25424,0.691563,beyond_data,,1.13681,0.143000,1.13681,4.5400,0.143532,1.10333,1,1,9.0463,estimated,0.50,0.55167,1.65500
83,45,83.5000,45.5000,1.0000,2.7056,2,0.525424,0.0288529,3.15254,1.165180,beyond_data,,0.65364,0.143000,0.65364,4.5400,0.143374,0.64005,1,1,9.0563,estimated,0.50,0.32002,0.96007
84,45,84.5000,45.5000,1.0000,0.7056,2,0.508475,0.0288529,3.05085,4.323595,beyond_data,,0.17047,0.143000,0.17047,4.5400,0.143258,0.16801,1,1,9.0636,estimated,0.50,0.08401,0.25202
0,46,0.5000,46.5000,1.0000,1.0000,5,0.508475,0.0288529,3.05085,3.050847,beyond_data,,0.24158,0.143000,0.24158,4.5400,0.143293,0.23764,1,1,9.0614,estimated,0.50,0.11882,0.35646
1,46,1.5000,46.5000,1.0000,3.0000,5,0.525424,0.0288529,3.15254,1.050847,beyond_data,,0.72475,0.143000,0.72475,4.5400,0.143421,0.70782,1,1,9.0533,estimated,0.50,0.35391,1.06173
2,46,2.5000,46.5000,1.0000,5.0000,5,0.542373,0.0288529,3.25424,0.650847,beyond_data,,1.20792,0.143000,1.20792,4.5400,0.143595,1.16828,1,1,9.0423,estimated,0.50,0.58414,1.75242
3,46,3.5000,46.5000,1.0000,7.0000,5,0.559322,0.0288529,3.35593,0.479419,beyond_data,,1.69109,0.143000,1.69109,4.5400,0.143828,1.61449,1,1,9.0277,estimated,0.50,0.80724,2.42173
4,46,4.5000,46.5000,1.0000,9.0000,5,0.576271,0.0288529,3.45763,0.384181,beyond_data,,2.17426,0.143000,2.17426,4.5400,0.144134,2.04079,1,0,9.0085,estimated,0.50,1.02040,3.06119
5,46,5.5000,46.5000,1.0000,11.0000,5,0.593220,0.0288529,3.55932,0.323575,beyond_data,,2.65743,0.143000,2.65743,4.5400,0.144528,2.44064,1,0,8.9839,estimated,0.50,1.22032,3.66096
6,46,6.5000,46.5000,1.0000,13.0000,5,0.610169,0.0288529,3.66102,0.281617,too_firm,,3.14060,0.143000,3.14060,4.5400,0.145024,2.80714,1,0,8.9532,estimated,0.50,1.40357,4.21071
7,46,7.5000,46.5000,1.0000,15.0000,5,0.627119,0.0288529,3.76271,0.250847,too_firm,,3.62377,0.143000,3.62377,4.5400,0.145631,3.13385,1,0,8.9159,estimated,0.50,1.56693,4.70078
8,46,8.5000,46.5000,1.0000,17.0000,5,0.644068,0.0288529,3.86441,0.227318,ok,0.144089,,0.144089,3.86441,4.5056,0.146332,3.42013,1,0,8.8732,estimated,0.50,1.71007,5.13020
9,46,9.5000,46.5000,1.0000,19.0000,5,0.661017,0.0288529,3.96610,0.208742,ok,0.145647,,0.145647,3.96610,4.4574,0.147144,3.66033,1,0,8.8242,estimated,0.50,1.83016,5.49049
10,46,10.5000,46.5000,1.0000,21.0000,5,0.677966,0.0288529,4.06780,0.193705,ok,0.147041,,0.147041,4.06780,4.4152,0.148080,3.85046,1,0,8.7684,estimated,0.50,1.92523,5.77568
11,46,11.5000,46.5000,1.0000,23.0000,5,0.694915,0.0288529,4.16949,0.181282,ok,0.148296,,0.148296,4.16949,4.3778,0.149130,3.99173,1,0,8.7067,estimated,0.50,1.99586,5.98759
12,46,12.5000,46.5000,1.0000,25.0000,5,0.711864,0.0288529,4.27119,0.170847,ok,0.149432,,0.149432,4.27119,4.3446,0.150282,4.08722,1,0,8.6400,estimated,0.50,2.04361,6.13083
13,46,13.5000,46.5000,1.0000,27.0000,5,0.728814,0.0288529,4.37288,0.161959,ok,0.150464,,0.150464,4.37288,4.3148,0.151513,4.14331,1,0,8.5697,estimated,0.50,2.07166,6.21497
14,46,14.5000,46.5000,1.0000,29.0000,5,0.728814,0.0288529,4.37288,0.150789,ok,0.151856,,0.151856,4.37288,4.2752,0.152839,4.15886,1,0,8.4954,estimated,0.50,2.07943,6.23829
15,46,15.5000,46.5000,1.0000,31.0000,5,0.728814,0.0288529,4.37288,0.141061,ok,0.153163,,0.153163,4.37288,4.2387,0.154243,4.13926,1,0,8.4181,estimated,0.50,2.06963,6.20889
16,46,16.5000,46.5000,1.0000,33.0000,5,0.728814,0.0288529,4.37288,0.132512,ok,0.154393,,0.154393,4.37288,4.2049,0.155730,4.08616,1,0,8.3377,estimated,0.50,2.04308,6.12924
17,46,17.5000,46.5000,1.0000,35.0000,5,0.728814,0.0288529,4.37288,0.124939,ok,0.155553,,0.155553,4.37288,4.1736,0.157307,4.00816,1,0,8.2541,estimated,0.50,2.00408,6.01223
18,46,18.5000,46.5000,1.0000,37.0000,5,0.728814,0.0288529,4.37288,0.118186,ok,0.156648,,0.156648,4.37288,4.1444,0.158981,4.08988,1,0,8.1672,estimated,0.50,2.04494,6.13482
19,46,19.5000,46.5000,1.0000,39.0000,5,0.728814,0.0288529,4.37288,0.112125,ok,0.158299,,0.158299,4.37288,4.1012,0.160747,4.15839,1,0,8.0775,estimated,0.50,2.07920,6.23759
20,46,20.5000,46.5000,1.0000,41.0000,5,0.728814,0.0288529,4.37288,0.106656,ok,0.160733,,0.160733,4.37288,4.0391,0.162606,4.21473,1,0,7.9851,estimated,0.50,2.10736,6.32209
21,46,21.5000,46.5000,1.0000,43.0000,5,0.728814,0.0288529,4.37288,0.101695,ok,0.163168,,0.163168,4.37288,3.9788,0.164560,4.25956,1,0,7.8903,estimated,0.50,2.12978,6.38934
22,46,22.5000,46.5000,1.0000,45.0000,5,0.728814,0.0288529,4.37288,0.097175,ok,0.165602,,0.165602,4.37288,3.9203,0.166623,4.29290,1,0,7.7926,estimated,0.50,2.14645,6.43934
23,46,23.5000,46.5000,1.0000,47.0000,5,0.728814,0.0288529,4.37288,0.093040,ok,0.168037,,0.168037,4.37288,3.8635,0.168768,4.31774,1,0,7.6936,estimated,0.50,2.15887,6.47660
24,46,24.5000,46.5000,1.0000,49.0000,5,0.728814,0.0288529,4.37288,0.089242,ok,0.170471,,0.170471,4.37288,3.8084,0.170974,4.33633,1,0,7.5943,estimated,0.50,2.16816,6.50449
25,46,25.5000,46.5000,1.0000,51.0000,5,0.728814,0.0288529,4.37288,0.085743,ok,0.172906,,0.172906,4.37288,3.7547,0.173220,4.35086,1,0,7.4958,estimated,0.50,2.17543,6.52629
26,46,26.5000,46.5000,1.0000,53.0000,5,0.728814,0.0288529,4.37288,0.082507,ok,0.175340,,0.175340,4.37288,3.7026,0.175483,4.36322,1,0,7.3992,estimated,0.50,2.18161,6.54483
27,46,27.5000,46.5000,1.0000,55.0000,5,0.728814,0.0288529,4.37288,0.079507,ok,0.177775,,0.177775,4.37288,3.6519,0.177739,4.37520,1,0,7.3052,estimated,0.50,2.18760,6.56280
28,46,28.5000,46.5000,1.0000,57.0000,5,0.728814,0.0288529,4.37288,0.076717,ok,0.180176,,0.180176,4.37288,3.6032,0.179984,4.38710,1,0,7.2141,estimated,0.50,2.19355,6.58065
29,46,29.5000,46.5000,1.0000,59.0000,5,0.728814,0.0288529,4.37288,0.074117,ok,0.182224,,0.182224,4.37288,3.5627,0.182203,4.37435,1,0,7.1263,estimated,0.50,2.18718,6.56153
30,46,30.5000,46.5000,1.0000,61.0000,5,0.728814,0.0288529,4.37288,0.071687,ok,0.184271,,0.184271,4.37288,3.5232,0.184390,4.36453,1,0,7.0417,estimated,0.50,2.18227,6.54680
31,46,31.5000,46.5000,1.0000,63.0000,5,0.728814,0.0288529,4.37288,0.069411,ok,0.186318,,0.186318,4.37288,3.4844,0.186546,4.35752,1,0,6.9604,estimated,0.50,2.17876,6.53628
32,46,32.5000,46.5000,1.0000,65.0000,5,0.728814,0.0288529,4.37288,0.067275,ok,0.188366,,0.188366,4.37288,3.4466,0.188669,4.35304,1,0,6.8820,estimated,0.50,2.17652,6.52956
33,46,33.5000,46.5000,1.0000,67.0000,5,0.728814,0.0288529,4.37288,0.065267,ok,0.190413,,0.190413,4.37288,3.4095,0.190762,4.35077,1,0,6.8065,estimated,0.50,2.17539,6.52616
34,46,34.5000,46.5000,1.0000,69.0000,5,0.728814,0.0288529,4.37288,0.063375,ok,0.192461,,0.192461,4.37288,3.3732,0.192823,4.35060,1,0,6.7338,estimated,0.50,2.17530,6.52590
35,46,35.5000,46.5000,1.0000,71.0000,5,0.728814,0.0288529,4.37288,0.061590,ok,0.194508,,0.194508,4.37288,3.3377,0.194843,4.35282,1,0,6.6640,estimated,0.50,2.17641,6.52923
36,46,36.5000,46.5000,1.0000,73.0000,5,0.728814,0.0288529,4.37288,0.059902,ok,0.196556,,0.196556,4.37288,3.3030,0.196811,4.35800,1,0,6.5974,estimated,0.50,2.17900,6.53701
37,46,37.5000,46.5000,1.0000,75.0000,5,0.728814,0.0288529,4.37288,0.058305,ok,0.198603,,0.198603,4.37288,3.2689,0.198679,4.36856,1,0,6.5353,estimated,0.50,2.18428,6.55284
38,46,38.5000,46.5000,1.0000,77.0000,5,0.728814,0.0288529,4.37288,0.056791,ok,0.200651,,0.200651,4.37288,3.2355,0.200397,4.38699,1,0,6.4793,estimated,0.50,2.19349,6.58048
39,46,39.5000,46.5000,1.0000,79.0000,5,0.728814,0.0288529,4.37288,0.055353,ok,0.202698,,0.202698,4.37288,3.2029,0.201888,4.41712,1,0,6.4314,estimated,0.50,2.20856,6.62569
40,46,40.5000,46.5000,1.0000,81.0000,5,0.728814,0.0288529,4.37288,0.053986,ok,0.204746,,0.204746,4.37288,3.1708,0.203059,4.46368,1,0,6.3944,estimated,0.50,2.23184,6.69552
41,46,41.5000,46.5000,1.0000,83.0000,5,0.728814,0.0288529,4.37288,0.052685,ok,0.206793,,0.206793,4.37288,3.1394,0.203815,4.53174,1,0,6.3706,estimated,0.50,2.26587,6.79760
42,46,42.5000,46.5000,1.0000,84.7056,2,0.728814,0.0288529,4.37288,0.051624,ok,0.208539,,0.208539,4.37288,3.1132,0.204073,4.61034,1,0,6.3626,estimated,0.50,2.30517,6.91551
43,46,43.5000,46.5000,1.0000,82.7056,2,0.728814,0.0288529,4.37288,0.052873,ok,0.206492,,0.206492,4.37288,3.1440,0.203734,4.52012,1,0,6.3732,estimated,0.50,2.26006,6.78018
44,46,44.5000,46.5000,1.0000,80.7056,2,0.728814,0.0288529,4.37288,0.054183,ok,0.204444,,0.204444,4.37288,3.1755,0.202912,4.45551,1,0,6.3990,estimated,0.50,2.22775,6.68326
45,46,45.5000,46.5000,1.0000,78.7056,2,0.728814,0.0288529,4.37288,0.055560,ok,0.202397,,0.202397,4.37288,3.2076,0.201688,4.41167,1,0,6.4378,estimated,0.50,2.20584,6.61751
46,46,46.5000,46.5000,1.0000,76.7056,2,0.728814,0.0288529,4.37288,0.057009,ok,0.200349,,0.200349,4.37288,3.2404,0.200158,4.38355,1,0,6.4870,estimated,0.50,2.19177,6.57532
47,46,47.5000,46.5000,1.0000,74.7056,2,0.728814,0.0288529,4.37288,0.058535,ok,0.198302,,0.198302,4.37288,3.2739,0.198413,4.36651,1,0,6.5441,estimated,0.50,2.18326,6.54977
48,46,48.5000,46.5000,1.0000,72.7056,2,0.728814,0.0288529,4.37288,0.060145,ok,0.196254,,0.196254,4.37288,3.3080,0.196528,4.35687,1,0,6.6069,estimated,0.50,2.17844,6.53531
49,46,49.5000,46.5000,1.0000,70.7056,2,0.728814,0.0288529,4.37288,0.061846,ok,0.194207,,0.194207,4.37288,3.3429,0.194550,4.35228,1,0,6.6740,estimated,0.50,2.17614,6.52842
50,46,50.5000,46.5000,1.0000,68.7056,2,0.728814,0.0288529,4.37288,0.063647,ok,0.192159,,0.192159,4.37288,3.3785,0.192522,4.35046,1,0,6.7443,estimated,0.50,2.17523,6.52569
51,46,51.5000,46.5000,1.0000,66.7056,2,0.728814,0.0288529,4.37288,0.065555,ok,0.190112,,0.190112,4.37288,3.4149,0.190456,4.35096,1,0,6.8175,estimated,0.50,2.17548,6.52644
52,46,52.5000,46.5000,1.0000,64.7056,2,0.728814,0.0288529,4.37288,0.067581,ok,0.188065,,0.188065,4.37288,3.4521,0.188359,4.35354,1,0,6.8934,estimated,0.50,2.17677,6.53032
53,46,53.5000,46.5000,1.0000,62.7056,2,0.728814,0.0288529,4.37288,0.069737,ok,0.186017,,0.186017,4.37288,3.4901,0.186231,4.35837,1,0,6.9722,estimated,0.50,2.17919,6.53756
54,46,54.5000,46.5000,1.0000,60.7056,2,0.728814,0.0288529,4.37288,0.072034,ok,0.183970,,0.183970,4.37288,3.5289,0.184071,4.36579,1,0,7.0540,estimated,0.50,2.18289,6.54868
55,46,55.5000,46.5000,1.0000,58.7056,2,0.728814,0.0288529,4.37288,0.074488,ok,0.181922,,0.181922,4.37288,3.5686,0.181879,4.37605,1,0,7.1390,estimated,0.50,2.18803,6.56408
56,46,56.5000,46.5000,1.0000,56.7056,2,0.728814,0.0288529,4.37288,0.077115,ok,0.179851,,0.179851,4.37288,3.6097,0.179656,4.38530,1,0,7.2273,estimated,0.50,2.19265,6.57795
57,46,57.5000,46.5000,1.0000,54.7056,2,0.728814,0.0288529,4.37288,0.079935,ok,0.177417,,0.177417,4.37288,3.6593,0.177407,4.37350,1,0,7.3189,estimated,0.50,2.18675,6.56026
58,46,58.5000,46.5000,1.0000,52.7056,2,0.728814,0.0288529,4.37288,0.082968,ok,0.174982,,0.174982,4.37288,3.7102,0.175149,4.36150,1,0,7.4133,estimated,0.50,2.18075,6.54225
59,46,59.5000,46.5000,1.0000,50.7056,2,0.728814,0.0288529,4.37288,0.086241,ok,0.172548,,0.172548,4.37288,3.7625,0.172887,4.34894,1,0,7.5103,estimated,0.50,2.17447,6.52341
60,46,60.5000,46.5000,1.0000,48.7056,2,0.728814,0.0288529,4.37288,0.089782,ok,0.170113,,0.170113,4.37288,3.8164,0.170645,4.33398,1,0,7.6089,estimated,0.50,2.16699,6.50097
61,46,61.5000,46.5000,1.0000,46.7056,2,0.728814,0.0288529,4.37288,0.093626,ok,0.167679,,0.167679,4.37288,3.8718,0.168446,4.31467,1,0,7.7083,estimated,0.50,2.15734,6.47201
62,46,62.5000,46.5000,1.0000,44.7056,2,0.728814,0.0288529,4.37288,0.097815,ok,0.165244,,0.165244,4.37288,3.9288,0.166311,4.28882,1,0,7.8073,estimated,0.50,2.14441,6.43323
63,46,63.5000,46.5000,1.0000,42.7056,2,0.728814,0.0288529,4.37288,0.102396,ok,0.162810,,0.162810,4.37288,3.9876,0.164260,4.25418,1,0,7.9047,estimated,0.50,2.12709,6.38127
64,46,64.5000,46.5000,1.0000,40.7056,2,0.728814,0.0288529,4.37288,0.107427,ok,0.160375,,0.160375,4.37288,4.0481,0.162319,4.20781,1,0,7.9993,estimated,0.50,2.10390,6.31171
65,46,65.5000,46.5000,1.0000,38.7056,2,0.728814,0.0288529,4.37288,0.112978,ok,0.157941,,0.157941,4.37288,4.1105,0.160473,4.14979,1,0,8.0912,estimated,0.50,2.07489,6.22468
66,46,66.5000,46.5000,1.0000,36.7056,2,0.728814,0.0288529,4.37288,0.119134,ok,0.156491,,0.156491,4.37288,4.1486,0.158716,4.07981,1,0,8.1809,estimated,0.50,2.03991,6.11972
67,46,67.5000,46.5000,1.0000,34.7056,2,0.728814,0.0288529,4.37288,0.125999,ok,0.155387,,0.155387,4.37288,4.1781,0.157053,4.01834,1,0,8.2675,estimated,0.50,2.00917,6.02751
68,46,68.5000,46.5000,1.0000,32.7056,2,0.728814,0.0288529,4.37288,0.133704,ok,0.154217,,0.154217,4.37288,4.2098,0.155487,4.09998,1,0,8.3507,estimated,0.50,2.04999,6.14996
69,46,69.5000,46.5000,1.0000,30.7056,2,0.728814,0.0288529,4.37288,0.142413,ok,0.152975,,0.152975,4.37288,4.2439,0.154009,4.14895,1,0,8.4309,estimated,0.50,2.07447,6.22342
70,46,70.5000,46.5000,1.0000,28.7056,2,0.728814,0.0288529,4.37288,0.152335,ok,0.151656,,0.151656,4.37288,4.2808,0.152614,4.16411,1,0,8.5079,estimated,0.50,2.08206,6.24617
71,46,71.5000,46.5000,1.0000,26.7056,2,0.728814,0.0288529,4.37288,0.163744,ok,0.150252,,0.150252,4.37288,4.3209,0.151298,4.14364,1,0,8.5819,estimated,0.50,2.07182,6.21546
72,46,72.5000,46.5000,1.0000,24.7056,2,0.711864,0.0288529,4.27119,0.172883,ok,0.149204,,0.149204,4.27119,4.3512,0.150078,4.08193,1,0,8.6517,estimated,0.50,2.04097,6.12290
73,46,73.5000,46.5000,1.0000,22.7056,2,0.694915,0.0288529,4.16949,0.183633,ok,0.148051,,0.148051,4.16949,4.3851,0.148939,3.98006,1,0,8.7179,estimated,0.50,1.99003,5.97009
74,46,74.5000,46.5000,1.0000,20.7056,2,0.677966,0.0288529,4.06780,0.196459,ok,0.146776,,0.146776,4.06780,4.4232,0.147905,3.83166,1,0,8.7788,estimated,0.50,1.91583,5.74749
75,46,75.5000,46.5000,1.0000,18.7056,2,0.661017,0.0288529,3.96610,0.212027,ok,0.145359,,0.145359,3.96610,4.4663,0.146987,3.63388,1,0,8.8336,estimated,0.50,1.81694,5.45082
76,46,76.5000,46.5000,1.0000,16.7056,2,0.644068,0.0288529,3.86441,0.231324,ok,0.143775,,0.143775,3.86441,4.5155,0.146194,3.38588,1,0,8.8816,estimated,0.50,1.69294,5.07881
77,46,77.5000,46.5000,1.0000,14.7056,2,0.627119,0.0288529,3.76271,0.255869,too_firm,,3.55265,0.143000,3.55265,4.5400,0.145505,3.09339,1,0,8.9236,estimated,0.50,1.54669,4.64008
78,46,78.5000,46.5000,1.0000,12.7056,2,0.610169,0.0288529,3.66102,0.288141,beyond_data,,3.06948,0.143000,3.06948,4.5400,0.144917,2.75966,1,0,8.9598,estimated,0.50,1.37983,4.13949
79,46,79.5000,46.5000,1.0000,10.7056,2,0.593220,0.0288529,3.55932,0.332472,beyond_data,,2.58631,0.143000,2.58631,4.5400,0.144440,2.38697,1,0,8.9894,estimated,0.50,1.19349,3.58046
80,46,80.5000,46.5000,1.0000,8.7056,2,0.576271,0.0288529,3.45763,0.397171,beyond_data,,2.10315,0.143000,2.10315,4.5400,0.144062,1.98195,1,0,9.0130,estimated,0.50,0.99098,2.97293
81,46,81.5000,46.5000,1.0000,6.7056,2,0.559322,0.0288529,3.35593,0.500465,beyond_data,,1.61998,0.143000,1.61998,4.5400,0.143770,1.55155,1,1,9.0313,estimated,0.50,0.77578,2.32733
82,46,82.5000,46.5000,1.0000,4.7056,2,0.542373,0.0288529,3.25424,0.691563,beyond_data,,1.13681,0.143000,1.13681,4.5400,0.143550,1.10226,1,1,9.0452,estimated,0.50,0.55113,1.65339
83,46,83.5000,46.5000,1.0000,2.7056,2,0.525424,0.0288529,3.15254,1.165180,beyond_data,,0.65364,0.143000,0.65364,4.5400,0.143386,0.63960,1,1,9.0555,estimated,0.50,0.31980,0.95940
84,46,84.5000,46.5000,1.0000,0.7056,2,0.508475,0.0288529,3.05085,4.323595,beyond_data,,0.17047,0.143000,0.17047,4.5400,0.143267,0.16793,1,1,9.0630,estimated,0.50,0.08396,0.25189
0,47,0.5000,47.5000,1.0000,1.0000,5,0.508475,0.0288529,3.05085,3.050847,beyond_data,,0.24158,0.143000,0.24158,4.5400,0.143305,0.23747,1,1,9.0606,estimated,0.50,0.11874,0.35621
1,47,1.5000,47.5000,1.0000,3.0000,5,0.525424,0.0288529,3.15254,1.050847,beyond_data,,0.72475,0.143000,0.72475,4.5400,0.143438,0.70715,1,1,9.0522,estimated,0.50,0.35357,1.06072
2,47,2.5000,47.5000,1.0000,5.0000,5,0.542373,0.0288529,3.25424,0.650847,beyond_data,,1.20792,0.143000,1.20792,4.5400,0.143618,1.16676,1,1,9.0409,estimated,0.50,0.58338,1.75014
3,47,3.5000,47.5000,1.0000,7.0000,5,0.559322,0.0288529,3.35593,0.479419,beyond_data,,1.69109,0.143000,1.69109,4.5400,0.143859,1.61164,1,1,9.0257,estimated,0.50,0.80582,2.41747
4,47,4.5000,47.5000,1.0000,9.0000,5,0.576271,0.0288529,3.45763,0.384181,beyond_data,,2.17426,0.143000,2.17426,4.5400,0.144177,2.03598,1,0,9.0058,estimated,0.50,1.01799,3.05397
5,47,5.5000,47.5000,1.0000,11.0000,5,0.593220,0.0288529,3.55932,0.323575,beyond_data,,2.65743,0.143000,2.65743,4.5400,0.144585,2.43303,1,0,8.9804,estimated,0.50,1.21651,3.64954
6,47,6.5000,47.5000,1.0000,13.0000,5,0.610169,0.0288529,3.66102,0.281617,too_firm,,3.14060,0.143000,3.14060,4.5400,0.145099,2.79571,1,0,8.9486,estimated,0.50,1.39785,4.19356
7,47,7.5000,47.5000,1.0000,15.0000,5,0.627119,0.0288529,3.76271,0.250847,too_firm,,3.62377,0.143000,3.62377,4.5400,0.145728,3.11742,1,0,8.9099,estimated,0.50,1.55871,4.67613
8,47,8.5000,47.5000,1.0000,17.0000,5,0.644068,0.0288529,3.86441,0.227318,ok,0.144089,,0.144089,3.86441,4.5056,0.146456,3.39753,1,0,8.8657,estimated,0.50,1.69877,5.09630
9,47,9.5000,47.5000,1.0000,19.0000,5,0.661017,0.0288529,3.96610,0.208742,ok,0.145647,,0.145647,3.96610,4.4574,0.147300,3.63025,1,0,8.8149,estimated,0.50,1.81512,5.44537
10,47,10.5000,47.5000,1.0000,21.0000,5,0.677966,0.0288529,4.06780,0.193705,ok,0.147041,,0.147041,4.06780,4.4152,0.148274,3.81141,1,0,8.7570,estimated,0.50,1.90570,5.71711
11,47,11.5000,47.5000,1.0000,23.0000,5,0.694915,0.0288529,4.16949,0.181282,ok,0.148296,,0.148296,4.16949,4.3778,0.149370,3.94221,1,0,8.6927,estimated,0.50,1.97111,5.91332
12,47,12.5000,47.5000,1.0000,25.0000,5,0.711864,0.0288529,4.27119,0.170847,ok,0.149432,,0.149432,4.27119,4.3446,0.150576,4.02574,1,0,8.6231,estimated,0.50,2.01287,6.03861
13,47,13.5000,47.5000,1.0000,27.0000,5,0.711864,0.0288529,4.27119,0.158192,ok,0.150921,,0.150921,4.27119,4.3017,0.151862,4.06994,1,0,8.5501,estimated,0.50,2.03497,6.10491
14,47,14.5000,47.5000,1.0000,29.0000,5,0.711864,0.0288529,4.27119,0.147282,ok,0.152316,,0.152316,4.27119,4.2623,0.153259,4.07084,1,0,8.4721,estimated,0.50,2.03542,6.10626
15,47,15.5000,47.5000,1.0000,31.0000,5,0.711864,0.0288529,4.27119,0.137780,ok,0.153626,,0.153626,4.27119,4.2260,0.154743,4.03558,1,0,8.3909,estimated,0.50,2.01779,6.05336
16,47,16.5000,47.5000,1.0000,33.0000,5,0.711864,0.0288529,4.27119,0.129430,ok,0.154857,,0.154857,4.27119,4.1924,0.156318,3.96614,1,0,8.3063,estimated,0.50,1.98307,5.94921
17,47,17.5000,47.5000,1.0000,35.0000,5,0.711864,0.0288529,4.27119,0.122034,ok,0.156017,,0.156017,4.27119,4.1612,0.157989,3.95016,1,0,8.2185,estimated,0.50,1.97508,5.92524
18,47,18.5000,47.5000,1.0000,37.0000,5,0.711864,0.0288529,4.27119,0.115437,ok,0.157112,,0.157112,4.27119,4.1322,0.159763,4.02454,1,0,8.1272,estimated,0.50,2.01227,6.03680
19,47,19.5000,47.5000,1.0000,39.0000,5,0.711864,0.0288529,4.27119,0.109518,ok,0.159429,,0.159429,4.27119,4.0721,0.161620,4.08698,1,0,8.0339,estimated,0.50,2.04349,6.13047
20,47,20.5000,47.5000,1.0000,41.0000,5,0.711864,0.0288529,4.27119,0.104175,ok,0.161922,,0.161922,4.27119,4.0094,0.163581,4.13687,1,0,7.9376,estimated,0.50,2.06843,6.20530
21,47,21.5000,47.5000,1.0000,43.0000,5,0.711864,0.0288529,4.27119,0.099330,ok,0.164414,,0.164414,4.27119,3.9487,0.165644,4.17533,1,0,7.8387,estimated,0.50,2.08766,6.26299
22,47,22.5000,47.5000,1.0000,45.0000,5,0.711864,0.0288529,4.27119,0.094915,ok,0.166907,,0.166907,4.27119,3.8897,0.167799,4.20430,1,0,7.7380,estimated,0.50,2.10215,6.30644
23,47,23.5000,47.5000,1.0000,47.0000,5,0.711864,0.0288529,4.27119,0.090876,ok,0.169399,,0.169399,4.27119,3.8325,0.170026,4.22595,1,0,7.6367,estimated,0.50,2.11298,6.33893
24,47,24.5000,47.5000,1.0000,49.0000,5,0.711864,0.0288529,4.27119,0.087167,ok,0.171891,,0.171891,4.27119,3.7769,0.172304,4.24251,1,0,7.5357,estimated,0.50,2.12126,6.36377
25,47,25.5000,47.5000,1.0000,51.0000,5,0.711864,0.0288529,4.27119,0.083749,ok,0.174384,,0.174384,4.27119,3.7229,0.174610,4.25602,1,0,7.4362,estimated,0.50,2.12801,6.38404
26,47,26.5000,47.5000,1.0000,53.0000,5,0.711864,0.0288529,4.27119,0.080588,ok,0.176876,,0.176876,4.27119,3.6704,0.176923,4.26816,1,0,7.3389,estimated,0.50,2.13408,6.40225
27,47,27.5000,47.5000,1.0000,55.0000,5,0.711864,0.0288529,4.27119,0.077658,ok,0.179369,,0.179369,4.27119,3.6194,0.179221,4.28043,1,0,7.2449,estimated,0.50,2.14021,6.42064
28,47,28.5000,47.5000,1.0000,57.0000,5,0.711864,0.0288529,4.27119,0.074933,ok,0.181565,,0.181565,4.27119,3.5757,0.181501,4.27579,1,0,7.1538,estimated,0.50,2.13789,6.41368
29,47,29.5000,47.5000,1.0000,59.0000,5,0.711864,0.0288529,4.27119,0.072393,ok,0.183662,,0.183662,4.27119,3.5348,0.183751,4.26501,1,0,7.0662,estimated,0.50,2.13251,6.39752
30,47,30.5000,47.5000,1.0000,61.0000,5,0.711864,0.0288529,4.27119,0.070019,ok,0.185758,,0.185758,4.27119,3.4950,0.185969,4.25714,1,0,6.9820,estimated,0.50,2.12857,6.38572
31,47,31.5000,47.5000,1.0000,63.0000,5,0.711864,0.0288529,4.27119,0.067797,ok,0.187854,,0.187854,4.27119,3.4560,0.188155,4.25178,1,0,6.9008,estimated,0.50,2.12589,6.37767
32,47,32.5000,47.5000,1.0000,65.0000,5,0.711864,0.0288529,4.27119,0.065711,ok,0.189950,,0.189950,4.27119,3.4178,0.190313,4.24858,1,0,6.8226,estimated,0.50,2.12429,6.37287
33,47,33.5000,47.5000,1.0000,67.0000,5,0.711864,0.0288529,4.27119,0.063749,ok,0.192046,,0.192046,4.27119,3.3805,0.192443,4.24722,1,0,6.7471,estimated,0.50,2.12361,6.37084
34,47,34.5000,47.5000,1.0000,69.0000,5,0.711864,0.0288529,4.27119,0.061901,ok,0.194143,,0.194143,4.27119,3.3440,0.194544,4.24761,1,0,6.6742,estimated,0.50,2.12381,6.37142
35,47,35.5000,47.5000,1.0000,71.0000,5,0.711864,0.0288529,4.27119,0.060158,ok,0.196239,,0.196239,4.27119,3.3083,0.196613,4.24982,1,0,6.6040,estimated,0.50,2.12491,6.37473
36,47,36.5000,47.5000,1.0000,73.0000,5,0.711864,0.0288529,4.27119,0.058509,ok,0.198335,,0.198335,4.27119,3.2733,0.198622,4.25521,1,0,6.5372,estimated,0.50,2.12761,6.38282
37,47,37.5000,47.5000,1.0000,75.0000,5,0.711864,0.0288529,4.27119,0.056949,ok,0.200431,,0.200431,4.27119,3.2391,0.200539,4.26536,1,0,6.4747,estimated,0.50,2.13268,6.39804
38,47,38.5000,47.5000,1.0000,77.0000,5,0.711864,0.0288529,4.27119,0.055470,ok,0.202527,,0.202527,4.27119,3.2056,0.202304,4.28304,1,0,6.4182,estimated,0.50,2.14152,6.42456
39,47,39.5000,47.5000,1.0000,79.0000,5,0.711864,0.0288529,4.27119,0.054066,ok,0.204624,,0.204624,4.27119,3.1727,0.203839,4.31205,1,0,6.3699,estimated,0.50,2.15603,6.46808
40,47,40.5000,47.5000,1.0000,81.0000,5,0.711864,0.0288529,4.27119,0.052731,ok,0.206720,,0.206720,4.27119,3.1406,0.205046,4.35708,1,0,6.3324,estimated,0.50,2.17854,6.53562
41,47,41.5000,47.5000,1.0000,83.0000,5,0.711864,0.0288529,4.27119,0.051460,ok,0.208816,,0.208816,4.27119,3.1090,0.205826,4.42320,1,0,6.3084,estimated,0.50,2.21160,6.63480
42,47,42.5000,47.5000,1.0000,84.7056,2,0.711864,0.0288529,4.27119,0.050424,ok,0.210604,,0.210604,4.27119,3.0826,0.206093,4.49982,1,0,6.3002,estimated,0.50,2.24991,6.74973
43,47,43.5000,47.5000,1.0000,82.7056,2,0.711864,0.0288529,4.27119,0.051643,ok,0.208508,,0.208508,4.27119,3.1136,0.205743,4.41190,1,0,6.3109,estimated,0.50,2.20595,6.61784
44,47,44.5000,47.5000,1.0000,80.7056,2,0.711864,0.0288529,4.27119,0.052923,ok,0.206411,,0.206411,4.27119,3.1452,0.204895,4.34916,1,0,6.3371,estimated,0.50,2.17458,6.52374
45,47,45.5000,47.5000,1.0000,78.7056,2,0.711864,0.0288529,4.27119,0.054268,ok,0.204315,,0.204315,4.27119,3.1775,0.203633,4.30679,1,0,6.3763,estimated,0.50,2.15340,6.46019
46,47,46.5000,47.5000,1.0000,76.7056,2,0.711864,0.0288529,4.27119,0.055683,ok,0.202219,,0.202219,4.27119,3.2105,0.202058,4.27973,1,0,6.4260,estimated,0.50,2.13987,6.41960
47,47,47.5000,47.5000,1.0000,74.7056,2,0.711864,0.0288529,4.27119,0.057174,ok,0.200123,,0.200123,4.27119,3.2441,0.200266,4.26340,1,0,6.4835,estimated,0.50,2.13170,6.39509
48,47,48.5000,47.5000,1.0000,72.7056,2,0.711864,0.0288529,4.27119,0.058746,ok,0.198027,,0.198027,4.27119,3.2784,0.198332,4.25411,1,0,6.5467,estimated,0.50,2.12706,6.38117
49,47,49.5000,47.5000,1.0000,70.7056,2,0.711864,0.0288529,4.27119,0.060408,ok,0.195930,,0.195930,4.27119,3.3135,0.196312,4.24927,1,0,6.6141,estimated,0.50,2.12464,6.37391
50,47,50.5000,47.5000,1.0000,68.7056,2,0.711864,0.0288529,4.27119,0.062166,ok,0.193834,,0.193834,4.27119,3.3493,0.194237,4.24741,1,0,6.6848,estimated,0.50,2.12371,6.37112
51,47,51.5000,47.5000,1.0000,66.7056,2,0.711864,0.0288529,4.27119,0.064030,ok,0.191738,,0.191738,4.27119,3.3860,0.192131,4.24730,1,0,6.7580,estimated,0.50,2.12365,6.37095
52,47,52.5000,47.5000,1.0000,64.7056,2,0.711864,0.0288529,4.27119,0.066010,ok,0.189642,,0.189642,4.27119,3.4234,0.189997,4.24892,1,0,6.8339,estimated,0.50,2.12446,6.37338
53,47,53.5000,47.5000,1.0000,62.7056,2,0.711864,0.0288529,4.27119,0.068115,ok,0.187545,,0.187545,4.27119,3.4616,0.187836,4.25241,1,0,6.9126,estimated,0.50,2.12621,6.37862
54,47,54.5000,47.5000,1.0000,60.7056,2,0.711864,0.0288529,4.27119,0.070359,ok,0.185449,,0.185449,4.27119,3.5008,0.185644,4.25813,1,0,6.9942,estimated,0.50,2.12907,6.38720
55,47,55.5000,47.5000,1.0000,58.7056,2,0.711864,0.0288529,4.27119,0.072756,ok,0.183353,,0.183353,4.27119,3.5408,0.183422,4.26641,1,0,7.0789,estimated,0.50,2.13320,6.39961
56,47,56.5000,47.5000,1.0000,56.7056,2,0.711864,0.0288529,4.27119,0.075322,ok,0.181257,,0.181257,4.27119,3.5817,0.181167,4.27763,1,0,7.1670,estimated,0.50,2.13882,6.41645
57,47,57.5000,47.5000,1.0000,54.7056,2,0.711864,0.0288529,4.27119,0.078076,ok,0.179002,,0.179002,4.27119,3.6269,0.178883,4.27865,1,0,7.2585,estimated,0.50,2.13932,6.41797
58,47,58.5000,47.5000,1.0000,52.7056,2,0.711864,0.0288529,4.27119,0.081039,ok,0.176510,,0.176510,4.27119,3.6781,0.176583,4.26642,1,0,7.3531,estimated,0.50,2.13321,6.39963
59,47,59.5000,47.5000,1.0000,50.7056,2,0.711864,0.0288529,4.27119,0.084235,ok,0.174017,,0.174017,4.27119,3.7308,0.174270,4.25418,1,0,7.4507,estimated,0.50,2.12709,6.38127
60,47,60.5000,47.5000,1.0000,48.7056,2,0.711864,0.0288529,4.27119,0.087694,ok,0.171525,,0.171525,4.27119,3.7850,0.171966,4.24036,1,0,7.5505,estimated,0.50,2.12018,6.36054
61,47,61.5000,47.5000,1.0000,46.7056,2,0.711864,0.0288529,4.27119,0.091449,ok,0.169032,,0.169032,4.27119,3.8408,0.169693,4.22322,1,0,7.6516,estimated,0.50,2.11161,6.33483
62,47,62.5000,47.5000,1.0000,44.7056,2,0.711864,0.0288529,4.27119,0.095540,ok,0.166540,,0.166540,4.27119,3.8983,0.167475,4.20070,1,0,7.7530,estimated,0.50,2.10035,6.30104
63,47,63.5000,47.5000,1.0000,42.7056,2,0.711864,0.0288529,4.27119,0.100015,ok,0.164047,,0.164047,4.27119,3.9575,0.165331,4.17056,1,0,7.8535,estimated,0.50,2.08528,6.25584
64,47,64.5000,47.5000,1.0000,40.7056,2,0.711864,0.0288529,4.27119,0.104929,ok,0.161555,,0.161555,4.27119,4.0185,0.163280,4.13067,1,0,7.9521,estimated,0.50,2.06534,6.19601
65,47,65.5000,47.5000,1.0000,38.7056,2,0.711864,0.0288529,4.27119,0.110351,ok,0.159062,,0.159062,4.27119,4.0815,0.161333,4.07916,1,0,8.0481,estimated,0.50,2.03958,6.11874
66,47,66.5000,47.5000,1.0000,36.7056,2,0.711864,0.0288529,4.27119,0.116363,ok,0.156955,,0.156955,4.27119,4.1363,0.159485,4.01527,1,0,8.1414,estimated,0.50,2.00763,6.02290
67,47,67.5000,47.5000,1.0000,34.7056,2,0.711864,0.0288529,4.27119,0.123069,ok,0.155850,,0.155850,4.27119,4.1656,0.157724,3.93904,1,0,8.2323,estimated,0.50,1.96952,5.90857
68,47,68.5000,47.5000,1.0000,32.7056,2,0.711864,0.0288529,4.27119,0.130595,ok,0.154680,,0.154680,4.27119,4.1971,0.156065,3.98154,1,0,8.3198,estimated,0.50,1.99077,5.97231
69,47,69.5000,47.5000,1.0000,30.7056,2,0.711864,0.0288529,4.27119,0.139101,ok,0.153438,,0.153438,4.27119,4.2311,0.154501,4.04670,1,0,8.4040,estimated,0.50,2.02335,6.07005
70,47,70.5000,47.5000,1.0000,28.7056,2,0.711864,0.0288529,4.27119,0.148793,ok,0.152116,,0.152116,4.27119,4.2679,0.153027,4.07737,1,0,8.4850,estimated,0.50,2.03868,6.11605
71,47,71.5000,47.5000,1.0000,26.7056,2,0.711864,0.0288529,4.27119,0.159936,ok,0.150708,,0.150708,4.27119,4.3078,0.151641,4.07136,1,0,8.5625,estimated,0.50,2.03568,6.10704
72,47,72.5000,47.5000,1.0000,24.7056,2,0.711864,0.0288529,4.27119,0.172883,ok,0.149204,,0.149204,4.27119,4.3512,0.150367,4.02137,1,0,8.6351,estimated,0.50,2.01069,6.03206
73,47,73.5000,47.5000,1.0000,22.7056,2,0.694915,0.0288529,4.16949,0.183633,ok,0.148051,,0.148051,4.16949,4.3851,0.149175,3.93132,1,0,8.7041,estimated,0.50,1.96566,5.89698
74,47,74.5000,47.5000,1.0000,20.7056,2,0.677966,0.0288529,4.06780,0.196459,ok,0.146776,,0.146776,4.06780,4.4232,0.148096,3.79328,1,0,8.7675,estimated,0.50,1.89664,5.68992
75,47,75.5000,47.5000,1.0000,18.7056,2,0.661017,0.0288529,3.96610,0.212027,ok,0.145359,,0.145359,3.96610,4.4663,0.147140,3.60437,1,0,8.8244,estimated,0.50,1.80218,5.40655
76,47,76.5000,47.5000,1.0000,16.7056,2,0.644068,0.0288529,3.86441,0.231324,ok,0.143775,,0.143775,3.86441,4.5155,0.146316,3.36377,1,0,8.8742,estimated,0.50,1.68189,5.04566
77,47,77.5000,47.5000,1.0000,14.7056,2,0.627119,0.0288529,3.76271,0.255869,too_firm,,3.55265,0.143000,3.55265,4.5400,0.145601,3.07742,1,0,8.9177,estimated,0.50,1.53871,4.61613
78,47,78.5000,47.5000,1.0000,12.7056,2,0.610169,0.0288529,3.66102,0.288141,beyond_data,,3.06948,0.143000,3.06948,4.5400,0.144990,2.74862,1,0,8.9553,estimated,0.50,1.37431,4.12293
79,47,79.5000,47.5000,1.0000,10.7056,2,0.593220,0.0288529,3.55932,0.332472,beyond_data,,2.58631,0.143000,2.58631,4.5400,0.144495,2.37967,1,0,8.9860,estimated,0.50,1.18984,3.56951
80,47,80.5000,47.5000,1.0000,8.7056,2,0.576271,0.0288529,3.45763,0.397171,beyond_data,,2.10315,0.143000,2.10315,4.5400,0.144104,1.97738,1,0,9.0104,estimated,0.50,0.98869,2.96607
81,47,81.5000,47.5000,1.0000,6.7056,2,0.559322,0.0288529,3.35593,0.500465,beyond_data,,1.61998,0.143000,1.61998,4.5400,0.143801,1.54889,1,1,9.0293,estimated,0.50,0.77444,2.32333
82,47,82.5000,47.5000,1.0000,4.7056,2,0.542373,0.0288529,3.25424,0.691563,beyond_data,,1.13681,0.143000,1.13681,4.5400,0.143572,1.10087,1,1,9.0437,estimated,0.50,0.55043,1.65130
83,47,83.5000,47.5000,1.0000,2.7056,2,0.525424,0.0288529,3.15254,1.165180,beyond_data,,0.65364,0.143000,0.65364,4.5400,0.143403,0.63901,1,1,9.0544,estimated,0.50,0.31951,0.95852
84,47,84.5000,47.5000,1.0000,0.7056,2,0.508475,0.0288529,3.05085,4.323595,beyond_data,,0.17047,0.143000,0.17047,4.5400,0.143278,0.16782,1,1,9.0623,estimated,0.50,0.08391,0.25173
0,48,0.5000,48.5000,1.0000,1.0000,5,0.508475,0.0288529,3.05085,3.050847,beyond_data,,0.24158,0.143000,0.24158,4.5400,0.143321,0.23727,1,1,9.0596,estimated,0.50,0.11863,0.35590
1,48,1.5000,48.5000,1.0000,3.0000,5,0.525424,0.0288529,3.15254,1.050847,beyond_data,,0.72475,0.143000,0.72475,4.5400,0.143459,0.70629,1,1,9.0509,estimated,0.50,0.35315,1.05944
2,48,2.5000,48.5000,1.0000,5.0000,5,0.542373,0.0288529,3.25424,0.650847,beyond_data,,1.20792,0.143000,1.20792,4.5400,0.143647,1.16485,1,1,9.0390,estimated,0.50,0.58242,1.74727
3,48,3.5000,48.5000,1.0000,7.0000,5,0.559322,0.0288529,3.35593,0.479419,beyond_data,,1.69109,0.143000,1.69109,4.5400,0.143899,1.60811,1,1,9.0232,estimated,0.50,0.80405,2.41216
4,48,4.5000,48.5000,1.0000,9.0000,5,0.576271,0.0288529,3.45763,0.384181,beyond_data,,2.17426,0.143000,2.17426,4.5400,0.144230,2.03005,1,0,9.0025,estimated,0.50,1.01503,3.04508
5,48,5.5000,48.5000,1.0000,11.0000,5,0.593220,0.0288529,3.55932,0.323575,beyond_data,,2.65743,0.143000,2.65743,4.5400,0.144655,2.42376,1,0,8.9761,estimated,0.50,1.21188,3.63564
6,48,6.5000,48.5000,1.0000,13.0000,5,0.610169,0.0288529,3.66102,0.281617,too_firm,,3.14060,0.143000,3.14060,4.5400,0.145189,2.78196,1,0,8.9430,estimated,0.50,1.39098,4.17294
7,48,7.5000,48.5000,1.0000,15.0000,5,0.627119,0.0288529,3.76271,0.250847,too_firm,,3.62377,0.143000,3.62377,4.5400,0.145845,3.09789,1,0,8.9028,estimated,0.50,1.54895,4.64684
8,48,8.5000,48.5000,1.0000,17.0000,5,0.644068,0.0288529,3.86441,0.227318,ok,0.144089,,0.144089,3.86441,4.5056,0.146602,3.37095,1,0,8.8568,estimated,0.50,1.68548,5.05643
9,48,9.5000,48.5000,1.0000,19.0000,5,0.661017,0.0288529,3.96610,0.208742,ok,0.145647,,0.145647,3.96610,4.4574,0.147483,3.59520,1,0,8.8039,estimated,0.50,1.79760,5.39281
10,48,10.5000,48.5000,1.0000,21.0000,5,0.677966,0.0288529,4.06780,0.193705,ok,0.147041,,0.147041,4.06780,4.4152,0.148500,3.76642,1,0,8.7436,estimated,0.50,1.88321,5.64964
11,48,11.5000,48.5000,1.0000,23.0000,5,0.694915,0.0288529,4.16949,0.181282,ok,0.148296,,0.148296,4.16949,4.3778,0.149647,3.88585,1,0,8.6766,estimated,0.50,1.94292,5.82877
12,48,12.5000,48.5000,1.0000,25.0000,5,0.694915,0.0288529,4.16949,0.166780,ok,0.149896,,0.149896,4.16949,4.3311,0.150891,3.96092,1,0,8.6051,estimated,0.50,1.98046,5.94138
13,48,13.5000,48.5000,1.0000,27.0000,5,0.694915,0.0288529,4.16949,0.154426,ok,0.151390,,0.151390,4.16949,4.2883,0.152258,3.98840,1,0,8.5278,estimated,0.50,1.99420,5.98261
14,48,14.5000,48.5000,1.0000,29.0000,5,0.694915,0.0288529,4.16949,0.143776,ok,0.152789,,0.152789,4.16949,4.2491,0.153731,3.97426,1,0,8.4461,estimated,0.50,1.98713,5.96139
15,48,15.5000,48.5000,1.0000,31.0000,5,0.694915,0.0288529,4.16949,0.134500,ok,0.154100,,0.154100,4.16949,4.2130,0.155300,3.92323,1,0,8.3608,estimated,0.50,1.96161,5.88484
16,48,16.5000,48.5000,1.0000,33.0000,5,0.694915,0.0288529,4.16949,0.126348,ok,0.155332,,0.155332,4.16949,4.1795,0.156966,3.83771,1,0,8.2720,estimated,0.50,1.91886,5.75657
17,48,17.5000,48.5000,1.0000,35.0000,5,0.694915,0.0288529,4.16949,0.119128,ok,0.156492,,0.156492,4.16949,4.1486,0.158735,3.88862,1,0,8.1798,estimated,0.50,1.94431,5.83293
18,48,18.5000,48.5000,1.0000,37.0000,5,0.694915,0.0288529,4.16949,0.112689,ok,0.158061,,0.158061,4.16949,4.1074,0.160602,3.95663,1,0,8.0847,estimated,0.50,1.97832,5.93495
19,48,19.5000,48.5000,1.0000,39.0000,5,0.694915,0.0288529,4.16949,0.106910,ok,0.160615,,0.160615,4.16949,4.0421,0.162560,4.01267,1,0,7.9874,estimated,0.50,2.00633,6.01900
20,48,20.5000,48.5000,1.0000,41.0000,5,0.694915,0.0288529,4.16949,0.101695,ok,0.163168,,0.163168,4.16949,3.9788,0.164625,4.05659,1,0,7.8872,estimated,0.50,2.02829,6.08488
21,48,21.5000,48.5000,1.0000,43.0000,5,0.694915,0.0288529,4.16949,0.096965,ok,0.165721,,0.165721,4.16949,3.9175,0.166787,4.09005,1,0,7.7849,estimated,0.50,2.04502,6.13507
22,48,22.5000,48.5000,1.0000,45.0000,5,0.694915,0.0288529,4.16949,0.092655,ok,0.168274,,0.168274,4.16949,3.8581,0.169033,4.11517,1,0,7.6815,estimated,0.50,2.05759,6.17276
23,48,23.5000,48.5000,1.0000,47.0000,5,0.694915,0.0288529,4.16949,0.088713,ok,0.170828,,0.170828,4.16949,3.8004,0.171341,4.13415,1,0,7.5781,estimated,0.50,2.06707,6.20122
24,48,24.5000,48.5000,1.0000,49.0000,5,0.694915,0.0288529,4.16949,0.085092,ok,0.173381,,0.173381,4.16949,3.7444,0.173688,4.14911,1,0,7.4756,estimated,0.50,2.07456,6.22367
25,48,25.5000,48.5000,1.0000,51.0000,5,0.694915,0.0288529,4.16949,0.081755,ok,0.175934,,0.175934,4.16949,3.6901,0.176052,4.16193,1,0,7.3752,estimated,0.50,2.08096,6.24289
26,48,26.5000,48.5000,1.0000,53.0000,5,0.694915,0.0288529,4.16949,0.078670,ok,0.178487,,0.178487,4.16949,3.6373,0.178420,4.17366,1,0,7.2774,estimated,0.50,2.08683,6.26049
27,48,27.5000,48.5000,1.0000,55.0000,5,0.694915,0.0288529,4.16949,0.075809,ok,0.180875,,0.180875,4.16949,3.5893,0.180763,4.17745,1,0,7.1831,estimated,0.50,2.08872,6.26617
28,48,28.5000,48.5000,1.0000,57.0000,5,0.694915,0.0288529,4.16949,0.073149,ok,0.183023,,0.183023,4.16949,3.5472,0.183078,4.16574,1,0,7.0922,estimated,0.50,2.08287,6.24860
29,48,29.5000,48.5000,1.0000,59.0000,5,0.694915,0.0288529,4.16949,0.070669,ok,0.185170,,0.185170,4.16949,3.5061,0.185360,4.15699,1,0,7.0049,estimated,0.50,2.07850,6.23549
30,48,30.5000,48.5000,1.0000,61.0000,5,0.694915,0.0288529,4.16949,0.068352,ok,0.187317,,0.187317,4.16949,3.4659,0.187611,4.15088,1,0,6.9209,estimated,0.50,2.07544,6.22632
31,48,31.5000,48.5000,1.0000,63.0000,5,0.694915,0.0288529,4.16949,0.066182,ok,0.189465,,0.189465,4.16949,3.4266,0.189832,4.14694,1,0,6.8399,estimated,0.50,2.07347,6.22040
32,48,32.5000,48.5000,1.0000,65.0000,5,0.694915,0.0288529,4.16949,0.064146,ok,0.191612,,0.191612,4.16949,3.3882,0.192028,4.14480,1,0,6.7617,estimated,0.50,2.07240,6.21720
33,48,33.5000,48.5000,1.0000,67.0000,5,0.694915,0.0288529,4.16949,0.062231,ok,0.193759,,0.193759,4.16949,3.3506,0.194199,4.14415,1,0,6.6861,estimated,0.50,2.07208,6.21623
34,48,34.5000,48.5000,1.0000,69.0000,5,0.694915,0.0288529,4.16949,0.060427,ok,0.195907,,0.195907,4.16949,3.3139,0.196348,4.14482,1,0,6.6129,estimated,0.50,2.07241,6.21723
35,48,35.5000,48.5000,1.0000,71.0000,5,0.694915,0.0288529,4.16949,0.058725,ok,0.198054,,0.198054,4.16949,3.2780,0.198461,4.14732,1,0,6.5425,estimated,0.50,2.07366,6.22098
36,48,36.5000,48.5000,1.0000,73.0000,5,0.694915,0.0288529,4.16949,0.057116,ok,0.200201,,0.200201,4.16949,3.2428,0.200521,4.15256,1,0,6.4753,estimated,0.50,2.07628,6.22884
37,48,37.5000,48.5000,1.0000,75.0000,5,0.694915,0.0288529,4.16949,0.055593,ok,0.202349,,0.202349,4.16949,3.2084,0.202488,4.16228,1,0,6.4124,estimated,0.50,2.08114,6.24341
38,48,38.5000,48.5000,1.0000,77.0000,5,0.694915,0.0288529,4.16949,0.054149,ok,0.204496,,0.204496,4.16949,3.1747,0.204304,4.17919,1,0,6.3554,estimated,0.50,2.08960,6.26879
39,48,39.5000,48.5000,1.0000,79.0000,5,0.694915,0.0288529,4.16949,0.052778,ok,0.206643,,0.206643,4.16949,3.1417,0.205885,4.20708,1,0,6.3066,estimated,0.50,2.10354,6.31062
40,48,40.5000,48.5000,1.0000,81.0000,5,0.694915,0.0288529,4.16949,0.051475,ok,0.208791,,0.208791,4.16949,3.1094,0.207131,4.25060,1,0,6.2686,estimated,0.50,2.12530,6.37589
41,48,41.5000,48.5000,1.0000,83.0000,5,0.694915,0.0288529,4.16949,0.050235,ok,0.210938,,0.210938,4.16949,3.0778,0.207937,4.31478,1,0,6.2443,estimated,0.50,2.15739,6.47218
42,48,42.5000,48.5000,1.0000,84.7056,2,0.694915,0.0288529,4.16949,0.049223,ok,0.212769,,0.212769,4.16949,3.0513,0.208212,4.38941,1,0,6.2361,estimated,0.50,2.19471,6.58412
43,48,43.5000,48.5000,1.0000,82.7056,2,0.694915,0.0288529,4.16949,0.050414,ok,0.210622,,0.210622,4.16949,3.0824,0.207851,4.30379,1,0,6.2469,estimated,0.50,2.15189,6.45568
44,48,44.5000,48.5000,1.0000,80.7056,2,0.694915,0.0288529,4.16949,0.051663,ok,0.208474,,0.208474,4.16949,3.1141,0.206975,4.24292,1,0,6.2734,estimated,0.50,2.12146,6.36438
45,48,45.5000,48.5000,1.0000,78.7056,2,0.694915,0.0288529,4.16949,0.052976,ok,0.206327,,0.206327,4.16949,3.1465,0.205673,4.20201,1,0,6.3131,estimated,0.50,2.10101,6.30302
46,48,46.5000,48.5000,1.0000,76.7056,2,0.694915,0.0288529,4.16949,0.054357,ok,0.204180,,0.204180,4.16949,3.1796,0.204051,4.17602,1,0,6.3633,estimated,0.50,2.08801,6.26403
47,48,47.5000,48.5000,1.0000,74.7056,2,0.694915,0.0288529,4.16949,0.055812,ok,0.202032,,0.202032,4.16949,3.2134,0.202208,4.16039,1,0,6.4213,estimated,0.50,2.08020,6.24059
48,48,48.5000,48.5000,1.0000,72.7056,2,0.694915,0.0288529,4.16949,0.057348,ok,0.199885,,0.199885,4.16949,3.2479,0.200223,4.15151,1,0,6.4849,estimated,0.50,2.07575,6.22726
49,48,49.5000,48.5000,1.0000,70.7056,2,0.694915,0.0288529,4.16949,0.058970,ok,0.197738,,0.197738,4.16949,3.2832,0.198154,4.14677,1,0,6.5526,estimated,0.50,2.07339,6.22016
50,48,50.5000,48.5000,1.0000,68.7056,2,0.694915,0.0288529,4.16949,0.060686,ok,0.195590,,0.195590,4.16949,3.3193,0.196034,4.14459,1,0,6.6235,estimated,0.50,2.07230,6.21689
51,48,51.5000,48.5000,1.0000,66.7056,2,0.694915,0.0288529,4.16949,0.062506,ok,0.193443,,0.193443,4.16949,3.3561,0.193881,4.14415,1,0,6.6970,estimated,0.50,2.07207,6.21622
52,48,52.5000,48.5000,1.0000,64.7056,2,0.694915,0.0288529,4.16949,0.064438,ok,0.191296,,0.191296,4.16949,3.3938,0.191706,4.14501,1,0,6.7730,estimated,0.50,2.07250,6.21751
53,48,53.5000,48.5000,1.0000,62.7056,2,0.694915,0.0288529,4.16949,0.066493,ok,0.189148,,0.189148,4.16949,3.4323,0.189507,4.14739,1,0,6.8516,estimated,0.50,2.07369,6.22108
54,48,54.5000,48.5000,1.0000,60.7056,2,0.694915,0.0288529,4.16949,0.068684,ok,0.187001,,0.187001,4.16949,3.4717,0.187282,4.15163,1,0,6.9330,estimated,0.50,2.07582,6.22745
55,48,55.5000,48.5000,1.0000,58.7056,2,0.694915,0.0288529,4.16949,0.071024,ok,0.184854,,0.184854,4.16949,3.5120,0.185026,4.15810,1,0,7.0175,estimated,0.50,2.07905,6.23716
56,48,56.5000,48.5000,1.0000,56.7056,2,0.694915,0.0288529,4.16949,0.073529,ok,0.182706,,0.182706,4.16949,3.5533,0.182739,4.16727,1,0,7.1054,estimated,0.50,2.08363,6.25090
57,48,57.5000,48.5000,1.0000,54.7056,2,0.694915,0.0288529,4.16949,0.076217,ok,0.180559,,0.180559,4.16949,3.5956,0.180419,4.17943,1,0,7.1967,estimated,0.50,2.08972,6.26915
58,48,58.5000,48.5000,1.0000,52.7056,2,0.694915,0.0288529,4.16949,0.079109,ok,0.178112,,0.178112,4.16949,3.6450,0.178073,4.17188,1,0,7.2916,estimated,0.50,2.08594,6.25782
59,48,59.5000,48.5000,1.0000,50.7056,2,0.694915,0.0288529,4.16949,0.082229,ok,0.175558,,0.175558,4.16949,3.6980,0.175704,4.16013,1,0,7.3899,estimated,0.50,2.08006,6.24019
60,48,60.5000,48.5000,1.0000,48.7056,2,0.694915,0.0288529,4.16949,0.085606,ok,0.173005,,0.173005,4.16949,3.7526,0.173341,4.14711,1,0,7.4906,estimated,0.50,2.07355,6.22066
61,48,61.5000,48.5000,1.0000,46.7056,2,0.694915,0.0288529,4.16949,0.089272,ok,0.170452,,0.170452,4.16949,3.8088,0.170997,4.13170,1,0,7.5933,estimated,0.50,2.06585,6.19756
62,48,62.5000,48.5000,1.0000,44.7056,2,0.694915,0.0288529,4.16949,0.093265,ok,0.167899,,0.167899,4.16949,3.8667,0.168696,4.11200,1,0,7.6968,estimated,0.50,2.05600,6.16801
63,48,63.5000,48.5000,1.0000,42.7056,2,0.694915,0.0288529,4.16949,0.097633,ok,0.165345,,0.165345,4.16949,3.9264,0.166461,4.08586,1,0,7.8002,estimated,0.50,2.04293,6.12878
64,48,64.5000,48.5000,1.0000,40.7056,2,0.694915,0.0288529,4.16949,0.102430,ok,0.162792,,0.162792,4.16949,3.9880,0.164311,4.05110,1,0,7.9023,estimated,0.50,2.02555,6.07665
65,48,65.5000,48.5000,1.0000,38.7056,2,0.694915,0.0288529,4.16949,0.107723,ok,0.160239,,0.160239,4.16949,4.0515,0.162260,4.00562,1,0,8.0021,estimated,0.50,2.00281,6.00842
66,48,66.5000,48.5000,1.0000,36.7056,2,0.694915,0.0288529,4.16949,0.113593,ok,0.157686,,0.157686,4.16949,4.1172,0.160316,3.94786,1,0,8.0992,estimated,0.50,1.97393,5.92179
67,48,67.5000,48.5000,1.0000,34.7056,2,0.694915,0.0288529,4.16949,0.120139,ok,0.156326,,0.156326,4.16949,4.1530,0.158459,3.87830,1,0,8.1941,estimated,0.50,1.93915,5.81746
68,48,68.5000,48.5000,1.0000,32.7056,2,0.694915,0.0288529,4.16949,0.127485,ok,0.155155,,0.155155,4.16949,4.1843,0.156703,3.85475,1,0,8.2860,estimated,0.50,1.92737,5.78212
69,48,69.5000,48.5000,1.0000,30.7056,2,0.694915,0.0288529,4.16949,0.135789,ok,0.153912,,0.153912,4.16949,4.2181,0.155048,3.93588,1,0,8.3744,estimated,0.50,1.96794,5.90382
70,48,70.5000,48.5000,1.0000,28.7056,2,0.694915,0.0288529,4.16949,0.145250,ok,0.152588,,0.152588,4.16949,4.2547,0.153491,3.98217,1,0,8.4593,estimated,0.50,1.99108,5.97325
71,48,71.5000,48.5000,1.0000,26.7056,2,0.694915,0.0288529,4.16949,0.156128,ok,0.151177,,0.151177,4.16949,4.2944,0.152031,3.99105,1,0,8.5406,estimated,0.50,1.99553,5.98658
72,48,72.5000,48.5000,1.0000,24.7056,2,0.694915,0.0288529,4.16949,0.168767,ok,0.149668,,0.149668,4.16949,4.3377,0.150690,3.95499,1,0,8.6166,estimated,0.50,1.97750,5.93249
73,48,73.5000,48.5000,1.0000,22.7056,2,0.694915,0.0288529,4.16949,0.183633,ok,0.148051,,0.148051,4.16949,4.3851,0.149448,3.87589,1,0,8.6882,estimated,0.50,1.93794,5.81383
74,48,74.5000,48.5000,1.0000,20.7056,2,0.677966,0.0288529,4.06780,0.196459,ok,0.146776,,0.146776,4.06780,4.4232,0.148319,3.74911,1,0,8.7543,estimated,0.50,1.87456,5.62367
75,48,75.5000,48.5000,1.0000,18.7056,2,0.661017,0.0288529,3.96610,0.212027,ok,0.145359,,0.145359,3.96610,4.4663,0.147321,3.57005,1,0,8.8136,estimated,0.50,1.78502,5.35507
76,48,76.5000,48.5000,1.0000,16.7056,2,0.644068,0.0288529,3.86441,0.231324,ok,0.143775,,0.143775,3.86441,4.5155,0.146460,3.33782,1,0,8.8654,estimated,0.50,1.66891,5.00673
77,48,77.5000,48.5000,1.0000,14.7056,2,0.627119,0.0288529,3.76271,0.255869,too_firm,,3.55265,0.143000,3.55265,4.5400,0.145715,3.05847,1,0,8.9108,estimated,0.50,1.52923,4.58770
78,48,78.5000,48.5000,1.0000,12.7056,2,0.610169,0.0288529,3.66102,0.288141,beyond_data,,3.06948,0.143000,3.06948,4.5400,0.145079,2.73536,1,0,8.9498,estimated,0.50,1.36768,4.10303
79,48,79.5000,48.5000,1.0000,10.7056,2,0.593220,0.0288529,3.55932,0.332472,beyond_data,,2.58631,0.143000,2.58631,4.5400,0.144563,2.37080,1,0,8.9818,estimated,0.50,1.18540,3.55620
80,48,80.5000,48.5000,1.0000,8.7056,2,0.576271,0.0288529,3.45763,0.397171,beyond_data,,2.10315,0.143000,2.10315,4.5400,0.144155,1.97177,1,0,9.0072,estimated,0.50,0.98589,2.95766
81,48,81.5000,48.5000,1.0000,6.7056,2,0.559322,0.0288529,3.35593,0.500465,beyond_data,,1.61998,0.143000,1.61998,4.5400,0.143839,1.54559,1,1,9.0269,estimated,0.50,0.77279,2.31838
82,48,82.5000,48.5000,1.0000,4.7056,2,0.542373,0.0288529,3.25424,0.691563,beyond_data,,1.13681,0.143000,1.13681,4.5400,0.143601,1.09913,1,1,9.0419,estimated,0.50,0.54956,1.64869
83,48,83.5000,48.5000,1.0000,2.7056,2,0.525424,0.0288529,3.15254,1.165180,beyond_data,,0.65364,0.143000,0.65364,4.5400,0.143423,0.63827,1,1,9.0531,estimated,0.50,0.31914,0.95741
84,48,84.5000,48.5000,1.0000,0.7056,2,0.508475,0.0288529,3.05085,4.323595,beyond_data,,0.17047,0.143000,0.17047,4.5400,0.143293,0.16768,1,1,9.0613,estimated,0.50,0.08384,0.25152
0,49,0.5000,49.5000,1.0000,1.0000,5,0.508475,0.0288529,3.05085,3.050847,beyond_data,,0.24158,0.143000,0.24158,4.5400,0.143340,0.23701,1,1,9.0584,estimated,0.50,0.11850,0.35551
1,49,1.5000,49.5000,1.0000,3.0000,5,0.525424,0.0288529,3.15254,1.050847,beyond_data,,0.72475,0.143000,0.72475,4.5400,0.143486,0.70525,1,1,9.0492,estimated,0.50,0.35263,1.05788
2,49,2.5000,49.5000,1.0000,5.0000,5,0.542373,0.0288529,3.25424,0.650847,beyond_data,,1.20792,0.143000,1.20792,4.5400,0.143683,1.16254,1,1,9.0368,estimated,0.50,0.58127,1.74380
3,49,3.5000,49.5000,1.0000,7.0000,5,0.559322,0.0288529,3.35593,0.479419,beyond_data,,1.69109,0.143000,1.69109,4.5400,0.143947,1.60386,1,0,9.0202,estimated,0.50,0.80193,2.40579
4,49,4.5000,49.5000,1.0000,9.0000,5,0.576271,0.0288529,3.45763,0.384181,beyond_data,,2.17426,0.143000,2.17426,4.5400,0.144293,2.02300,1,0,8.9986,estimated,0.50,1.01150,3.03450
5,49,5.5000,49.5000,1.0000,11.0000,5,0.593220,0.0288529,3.55932,0.323575,beyond_data,,2.65743,0.143000,2.65743,4.5400,0.144737,2.41284,1,0,8.9710,estimated,0.50,1.20642,3.61926
6,49,6.5000,49.5000,1.0000,13.0000,5,0.610169,0.0288529,3.66102,0.281617,too_firm,,3.14060,0.143000,3.14060,4.5400,0.145295,2.76593,1,0,8.9365,estimated,0.50,1.38297,4.14890
7,49,7.5000,49.5000,1.0000,15.0000,5,0.627119,0.0288529,3.76271,0.250847,too_firm,,3.62377,0.143000,3.62377,4.5400,0.145980,3.07539,1,0,8.8946,estimated,0.50,1.53769,4.61308
8,49,8.5000,49.5000,1.0000,17.0000,5,0.644068,0.0288529,3.86441,0.227318,ok,0.144089,,0.144089,3.86441,4.5056,0.146772,3.34060,1,0,8.8466,estimated,0.50,1.67030,5.01090
9,49,9.5000,49.5000,1.0000,19.0000,5,0.661017,0.0288529,3.96610,0.208742,ok,0.145647,,0.145647,3.96610,4.4574,0.147693,3.55555,1,0,8.7914,estimated,0.50,1.77777,5.33332
10,49,10.5000,49.5000,1.0000,21.0000,5,0.677966,0.0288529,4.06780,0.193705,ok,0.147041,,0.147041,4.06780,4.4152,0.148758,3.71602,1,0,8.7285,estimated,0.50,1.85801,5.57403
11,49,11.5000,49.5000,1.0000,23.0000,5,0.677966,0.0288529,4.06780,0.176861,ok,0.148768,,0.148768,4.06780,4.3639,0.149951,3.82513,1,0,8.6590,estimated,0.50,1.91257,5.73770
12,49,12.5000,49.5000,1.0000,25.0000,5,0.677966,0.0288529,4.06780,0.162712,ok,0.150374,,0.150374,4.06780,4.3173,0.151259,3.88674,1,0,8.5841,estimated,0.50,1.94337,5.83012
13,49,13.5000,49.5000,1.0000,27.0000,5,0.677966,0.0288529,4.06780,0.150659,ok,0.151873,,0.151873,4.06780,4.2747,0.152699,3.89980,1,0,8.5032,estimated,0.50,1.94990,5.84970
14,49,14.5000,49.5000,1.0000,29.0000,5,0.677966,0.0288529,4.06780,0.140269,ok,0.153274,,0.153274,4.06780,4.2357,0.154252,3.87049,1,0,8.4176,estimated,0.50,1.93525,5.80574
15,49,15.5000,49.5000,1.0000,31.0000,5,0.677966,0.0288529,4.06780,0.131219,ok,0.154586,,0.154586,4.06780,4.1997,0.155909,3.80387,1,0,8.3281,estimated,0.50,1.90193,5.70580
16,49,16.5000,49.5000,1.0000,33.0000,5,0.677966,0.0288529,4.06780,0.123267,ok,0.155819,,0.155819,4.06780,4.1665,0.157671,3.74975,1,0,8.2351,estimated,0.50,1.87488,5.62463
17,49,17.5000,49.5000,1.0000,35.0000,5,0.677966,0.0288529,4.06780,0.116223,ok,0.156978,,0.156978,4.06780,4.1357,0.159540,3.82441,1,0,8.1386,estimated,0.50,1.91220,5.73661
18,49,18.5000,49.5000,1.0000,37.0000,5,0.677966,0.0288529,4.06780,0.109940,ok,0.159242,,0.159242,4.06780,4.0769,0.161500,3.88654,1,0,8.0398,estimated,0.50,1.94327,5.82982
19,49,19.5000,49.5000,1.0000,39.0000,5,0.677966,0.0288529,4.06780,0.104302,ok,0.161859,,0.161859,4.06780,4.0110,0.163564,3.93632,1,0,7.9384,estimated,0.50,1.96816,5.90448
20,49,20.5000,49.5000,1.0000,41.0000,5,0.677966,0.0288529,4.06780,0.099215,ok,0.164476,,0.164476,4.06780,3.9472,0.165732,3.97476,1,0,7.8345,estimated,0.50,1.98738,5.96213
21,49,21.5000,49.5000,1.0000,43.0000,5,0.677966,0.0288529,4.06780,0.094600,ok,0.167093,,0.167093,4.06780,3.8853,0.167993,4.00381,1,0,7.7291,estimated,0.50,2.00190,6.00571
22,49,22.5000,49.5000,1.0000,45.0000,5,0.677966,0.0288529,4.06780,0.090395,ok,0.169711,,0.169711,4.06780,3.8254,0.170327,4.02565,1,0,7.6232,estimated,0.50,2.01282,6.03847
23,49,23.5000,49.5000,1.0000,47.0000,5,0.677966,0.0288529,4.06780,0.086549,ok,0.172328,,0.172328,4.06780,3.7673,0.172713,4.04245,1,0,7.5178,estimated,0.50,2.02122,6.06367
24,49,24.5000,49.5000,1.0000,49.0000,5,0.677966,0.0288529,4.06780,0.083016,ok,0.174945,,0.174945,4.06780,3.7110,0.175128,4.05622,1,0,7.4142,estimated,0.50,2.02811,6.08434
25,49,25.5000,49.5000,1.0000,51.0000,5,0.677966,0.0288529,4.06780,0.079761,ok,0.177562,,0.177562,4.06780,3.6563,0.177554,4.06825,1,0,7.3129,estimated,0.50,2.03413,6.10238
26,49,26.5000,49.5000,1.0000,53.0000,5,0.677966,0.0288529,4.06780,0.076751,ok,0.180150,,0.180150,4.06780,3.6037,0.179963,4.08053,1,0,7.2150,estimated,0.50,2.04026,6.12079
27,49,27.5000,49.5000,1.0000,55.0000,5,0.677966,0.0288529,4.06780,0.073960,ok,0.182351,,0.182351,4.06780,3.5602,0.182346,4.06815,1,0,7.1207,estimated,0.50,2.03407,6.10222
28,49,28.5000,49.5000,1.0000,57.0000,5,0.677966,0.0288529,4.06780,0.071365,ok,0.184552,,0.184552,4.06780,3.5178,0.184698,4.05836,1,0,7.0300,estimated,0.50,2.02918,6.08754
29,49,29.5000,49.5000,1.0000,59.0000,5,0.677966,0.0288529,4.06780,0.068946,ok,0.186754,,0.186754,4.06780,3.4763,0.187017,4.05134,1,0,6.9428,estimated,0.50,2.02567,6.07700
30,49,30.5000,49.5000,1.0000,61.0000,5,0.677966,0.0288529,4.06780,0.066685,ok,0.188955,,0.188955,4.06780,3.4358,0.189306,4.04664,1,0,6.8589,estimated,0.50,2.02332,6.06996
31,49,31.5000,49.5000,1.0000,63.0000,5,0.677966,0.0288529,4.06780,0.064568,ok,0.191156,,0.191156,4.06780,3.3963,0.191567,4.04378,1,0,6.7779,estimated,0.50,2.02189,6.06566
32,49,32.5000,49.5000,1.0000,65.0000,5,0.677966,0.0288529,4.06780,0.062581,ok,0.193357,,0.193357,4.06780,3.3576,0.193806,4.04239,1,0,6.6996,estimated,0.50,2.02119,6.06358
33,49,33.5000,49.5000,1.0000,67.0000,5,0.677966,0.0288529,4.06780,0.060713,ok,0.195558,,0.195558,4.06780,3.3198,0.196038,4.04145,1,0,6.6234,estimated,0.50,2.02073,6.06218
34,49,34.5000,49.5000,1.0000,69.0000,5,0.677966,0.0288529,4.06780,0.058954,ok,0.197759,,0.197759,4.06780,3.2829,0.198235,4.04244,1,0,6.5500,estimated,0.50,2.02122,6.06365
35,49,35.5000,49.5000,1.0000,71.0000,5,0.677966,0.0288529,4.06780,0.057293,ok,0.199960,,0.199960,4.06780,3.2467,0.200400,4.04499,1,0,6.4792,estimated,0.50,2.02249,6.06748
36,49,36.5000,49.5000,1.0000,73.0000,5,0.677966,0.0288529,4.06780,0.055723,ok,0.202161,,0.202161,4.06780,3.2114,0.202513,4.05004,1,0,6.4116,estimated,0.50,2.02502,6.07506
37,49,37.5000,49.5000,1.0000,75.0000,5,0.677966,0.0288529,4.06780,0.054237,ok,0.204362,,0.204362,4.06780,3.1768,0.204534,4.05931,1,0,6.3482,estimated,0.50,2.02965,6.08896
38,49,38.5000,49.5000,1.0000,77.0000,5,0.677966,0.0288529,4.06780,0.052829,ok,0.206563,,0.206563,4.06780,3.1429,0.206403,4.07547,1,0,6.2907,estimated,0.50,2.03773,6.11320
39,49,39.5000,49.5000,1.0000,79.0000,5,0.677966,0.0288529,4.06780,0.051491,ok,0.208764,,0.208764,4.06780,3.1098,0.208033,4.10226,1,0,6.2415,estimated,0.50,2.05113,6.15338
40,49,40.5000,49.5000,1.0000,81.0000,5,0.677966,0.0288529,4.06780,0.050220,ok,0.210965,,0.210965,4.06780,3.0774,0.209320,4.14427,1,0,6.2031,estimated,0.50,2.07214,6.21641
41,49,41.5000,49.5000,1.0000,83.0000,5,0.677966,0.0288529,4.06780,0.049010,ok,0.213166,,0.213166,4.06780,3.0456,0.210153,4.20654,1,0,6.1785,estimated,0.50,2.10327,6.30981
42,49,42.5000,49.5000,1.0000,84.7056,2,0.677966,0.0288529,4.06780,0.048023,ok,0.215043,,0.215043,4.06780,3.0190,0.210438,4.27919,1,0,6.1701,estimated,0.50,2.13960,6.41879
43,49,43.5000,49.5000,1.0000,82.7056,2,0.677966,0.0288529,4.06780,0.049184,ok,0.212842,,0.212842,4.06780,3.0502,0.210064,4.19586,1,0,6.1811,estimated,0.50,2.09793,6.29378
44,49,44.5000,49.5000,1.0000,80.7056,2,0.677966,0.0288529,4.06780,0.050403,ok,0.210641,,0.210641,4.06780,3.0821,0.209158,4.13685,1,0,6.2079,estimated,0.50,2.06842,6.20527
45,49,45.5000,49.5000,1.0000,78.7056,2,0.677966,0.0288529,4.06780,0.051684,ok,0.208440,,0.208440,4.06780,3.1146,0.207815,4.09737,1,0,6.2480,estimated,0.50,2.04869,6.14606
46,49,46.5000,49.5000,1.0000,76.7056,2,0.677966,0.0288529,4.06780,0.053031,ok,0.206239,,0.206239,4.06780,3.1479,0.206143,4.07243,1,0,6.2987,estimated,0.50,2.03621,6.10864
47,49,47.5000,49.5000,1.0000,74.7056,2,0.677966,0.0288529,4.06780,0.054451,ok,0.204038,,0.204038,4.06780,3.1818,0.204246,4.05751,1,0,6.3572,estimated,0.50,2.02875,6.08626
48,49,48.5000,49.5000,1.0000,72.7056,2,0.677966,0.0288529,4.06780,0.055949,ok,0.201837,,0.201837,4.06780,3.2165,0.202208,4.04903,1,0,6.4213,estimated,0.50,2.02451,6.07354
49,49,49.5000,49.5000,1.0000,70.7056,2,0.677966,0.0288529,4.06780,0.057531,ok,0.199636,,0.199636,4.06780,3.2520,0.200085,4.04445,1,0,6.4894,estimated,0.50,2.02222,6.06667
50,49,50.5000,49.5000,1.0000,68.7056,2,0.677966,0.0288529,4.06780,0.059206,ok,0.197435,,0.197435,4.06780,3.2883,0.197914,4.04219,1,0,6.5606,estimated,0.50,2.02109,6.06328
51,49,51.5000,49.5000,1.0000,66.7056,2,0.677966,0.0288529,4.06780,0.060981,ok,0.195234,,0.195234,4.06780,3.3253,0.195713,4.04140,1,0,6.6344,estimated,0.50,2.02070,6.06210
52,49,52.5000,49.5000,1.0000,64.7056,2,0.677966,0.0288529,4.06780,0.062866,ok,0.193033,,0.193033,4.06780,3.3632,0.193478,4.04251,1,0,6.7110,estimated,0.50,2.02125,6.06376
53,49,53.5000,49.5000,1.0000,62.7056,2,0.677966,0.0288529,4.06780,0.064871,ok,0.190832,,0.190832,4.06780,3.4020,0.191236,4.04409,1,0,6.7897,estimated,0.50,2.02205,6.06614
54,49,54.5000,49.5000,1.0000,60.7056,2,0.677966,0.0288529,4.06780,0.067009,ok,0.188631,,0.188631,4.06780,3.4417,0.188971,4.04720,1,0,6.8711,estimated,0.50,2.02360,6.07080
55,49,55.5000,49.5000,1.0000,58.7056,2,0.677966,0.0288529,4.06780,0.069291,ok,0.186430,,0.186430,4.06780,3.4824,0.186678,4.05221,1,0,6.9555,estimated,0.50,2.02611,6.07832
56,49,56.5000,49.5000,1.0000,56.7056,2,0.677966,0.0288529,4.06780,0.071735,ok,0.184229,,0.184229,4.06780,3.5240,0.184354,4.05962,1,0,7.0431,estimated,0.50,2.02981,6.08943
57,49,57.5000,49.5000,1.0000,54.7056,2,0.677966,0.0288529,4.06780,0.074358,ok,0.182028,,0.182028,4.06780,3.5666,0.181997,4.06984,1,0,7.1343,estimated,0.50,2.03492,6.10476
58,49,58.5000,49.5000,1.0000,52.7056,2,0.677966,0.0288529,4.06780,0.077180,ok,0.179794,,0.179794,4.06780,3.6109,0.179609,4.07870,1,0,7.2292,estimated,0.50,2.03935,6.11805
59,49,59.5000,49.5000,1.0000,50.7056,2,0.677966,0.0288529,4.06780,0.080224,ok,0.177177,,0.177177,4.06780,3.6642,0.177198,4.06647,1,0,7.3276,estimated,0.50,2.03323,6.09970
60,49,60.5000,49.5000,1.0000,48.7056,2,0.677966,0.0288529,4.06780,0.083518,ok,0.174560,,0.174560,4.06780,3.7192,0.174771,4.05433,1,0,7.4293,estimated,0.50,2.02717,6.08150
61,49,61.5000,49.5000,1.0000,46.7056,2,0.677966,0.0288529,4.06780,0.087094,ok,0.171942,,0.171942,4.06780,3.7758,0.172359,4.04024,1,0,7.5333,estimated,0.50,2.02012,6.06036
62,49,62.5000,49.5000,1.0000,44.7056,2,0.677966,0.0288529,4.06780,0.090991,ok,0.169325,,0.169325,4.06780,3.8341,0.169979,4.02286,1,0,7.6388,estimated,0.50,2.01143,6.03428
63,49,63.5000,49.5000,1.0000,42.7056,2,0.677966,0.0288529,4.06780,0.095252,ok,0.166708,,0.166708,4.06780,3.8943,0.167653,4.00014,1,0,7.7447,estimated,0.50,2.00007,6.00020
64,49,64.5000,49.5000,1.0000,40.7056,2,0.677966,0.0288529,4.06780,0.099932,ok,0.164091,,0.164091,4.06780,3.9564,0.165404,3.96992,1,0,7.8500,estimated,0.50,1.98496,5.95487
65,49,65.5000,49.5000,1.0000,38.7056,2,0.677966,0.0288529,4.06780,0.105096,ok,0.161474,,0.161474,4.06780,4.0206,0.163250,3.93002,1,0,7.9536,estimated,0.50,1.96501,5.89503
66,49,66.5000,49.5000,1.0000,36.7056,2,0.677966,0.0288529,4.06780,0.110822,ok,0.158857,,0.158857,4.06780,4.0868,0.161200,3.87858,1,0,8.0548,estimated,0.50,1.93929,5.81786
67,49,67.5000,49.5000,1.0000,34.7056,2,0.677966,0.0288529,4.06780,0.117209,ok,0.156812,,0.156812,4.06780,4.1401,0.159251,3.81488,1,0,8.1534,estimated,0.50,1.90744,5.72233
68,49,68.5000,49.5000,1.0000,32.7056,2,0.677966,0.0288529,4.06780,0.124376,ok,0.155642,,0.155642,4.06780,4.1712,0.157395,3.73827,1,0,8.2495,estimated,0.50,1.86913,5.60740
69,49,69.5000,49.5000,1.0000,30.7056,2,0.677966,0.0288529,4.06780,0.132477,ok,0.154398,,0.154398,4.06780,4.2048,0.155647,3.81812,1,0,8.3421,estimated,0.50,1.90906,5.72717
70,49,70.5000,49.5000,1.0000,28.7056,2,0.677966,0.0288529,4.06780,0.141707,ok,0.153073,,0.153073,4.06780,4.2412,0.154003,3.87988,1,0,8.4312,estimated,0.50,1.93994,5.81983
71,49,71.5000,49.5000,1.0000,26.7056,2,0.677966,0.0288529,4.06780,0.152320,ok,0.151658,,0.151658,4.06780,4.2808,0.152463,3.90380,1,0,8.5163,estimated,0.50,1.95190,5.85570
72,49,72.5000,49.5000,1.0000,24.7056,2,0.677966,0.0288529,4.06780,0.164651,ok,0.150145,,0.150145,4.06780,4.3239,0.151039,3.88470,1,0,8.5967,estimated,0.50,1.94235,5.82705
73,49,73.5000,49.5000,1.0000,22.7056,2,0.677966,0.0288529,4.06780,0.179154,ok,0.148521,,0.148521,4.06780,4.3712,0.149747,3.81627,1,0,8.6708,estimated,0.50,1.90813,5.72440
74,49,74.5000,49.5000,1.0000,20.7056,2,0.677966,0.0288529,4.06780,0.196459,ok,0.146776,,0.146776,4.06780,4.4232,0.148572,3.69967,1,0,8.7394,estimated,0.50,1.84984,5.54951
75,49,75.5000,49.5000,1.0000,18.7056,2,0.661017,0.0288529,3.96610,0.212027,ok,0.145359,,0.145359,3.96610,4.4663,0.147527,3.53126,1,0,8.8013,estimated,0.50,1.76563,5.29688
76,49,76.5000,49.5000,1.0000,16.7056,2,0.644068,0.0288529,3.86441,0.231324,ok,0.143775,,0.143775,3.86441,4.5155,0.146627,3.30824,1,0,8.8553,estimated,0.50,1.65412,4.96236
77,49,77.5000,49.5000,1.0000,14.7056,2,0.627119,0.0288529,3.76271,0.255869,too_firm,,3.55265,0.143000,3.55265,4.5400,0.145847,3.03666,1,0,8.9027,estimated,0.50,1.51833,4.55499
78,49,78.5000,49.5000,1.0000,12.7056,2,0.610169,0.0288529,3.66102,0.288141,beyond_data,,3.06948,0.143000,3.06948,4.5400,0.145183,2.71992,1,0,8.9434,estimated,0.50,1.35996,4.07988
79,49,79.5000,49.5000,1.0000,10.7056,2,0.593220,0.0288529,3.55932,0.332472,beyond_data,,2.58631,0.143000,2.58631,4.5400,0.144643,2.36037,1,0,8.9768,estimated,0.50,1.18019,3.54056
80,49,80.5000,49.5000,1.0000,8.7056,2,0.576271,0.0288529,3.45763,0.397171,beyond_data,,2.10315,0.143000,2.10315,4.5400,0.144216,1.96511,1,0,9.0034,estimated,0.50,0.98255,2.94766
81,49,81.5000,49.5000,1.0000,6.7056,2,0.559322,0.0288529,3.35593,0.500465,beyond_data,,1.61998,0.143000,1.61998,4.5400,0.143886,1.54163,1,1,9.0240,estimated,0.50,0.77081,2.31244
82,49,82.5000,49.5000,1.0000,4.7056,2,0.542373,0.0288529,3.25424,0.691563,beyond_data,,1.13681,0.143000,1.13681,4.5400,0.143635,1.09702,1,1,9.0398,estimated,0.50,0.54851,1.64553
83,49,83.5000,49.5000,1.0000,2.7056,2,0.525424,0.0288529,3.15254,1.165180,beyond_data,,0.65364,0.143000,0.65364,4.5400,0.143449,0.63737,1,1,9.0515,estimated,0.50,0.31868,0.95605
84,49,84.5000,49.5000,1.0000,0.7056,2,0.508475,0.0288529,3.05085,4.323595,beyond_data,,0.17047,0.143000,0.17047,4.5400,0.143312,0.16750,1,1,9.0602,estimated,0.50,0.08375,0.25126
0,50,0.5000,50.5000,1.0000,1.0000,5,0.508475,0.0288529,3.05085,3.050847,beyond_data,,0.24158,0.143000,0.24158,4.5400,0.143363,0.23670,1,1,9.0569,estimated,0.50,0.11835,0.35505
1,50,1.5000,50.5000,1.0000,3.0000,5,0.525424,0.0288529,3.15254,1.050847,beyond_data,,0.72475,0.143000,0.72475,4.5400,0.143517,0.70402,1,1,9.0472,estimated,0.50,0.35201,1.05603
2,50,2.5000,50.5000,1.0000,5.0000,5,0.542373,0.0288529,3.25424,0.650847,beyond_data,,1.20792,0.143000,1.20792,4.5400,0.143725,1.15983,1,1,9.0341,estimated,0.50,0.57992,1.73975
3,50,3.5000,50.5000,1.0000,7.0000,5,0.559322,0.0288529,3.35593,0.479419,beyond_data,,1.69109,0.143000,1.69109,4.5400,0.144002,1.59893,1,0,9.0167,estimated,0.50,0.79946,2.39839
4,50,4.5000,50.5000,1.0000,9.0000,5,0.576271,0.0288529,3.45763,0.384181,beyond_data,,2.17426,0.143000,2.17426,4.5400,0.144365,2.01490,1,0,8.9941,estimated,0.50,1.00745,3.02234
5,50,5.5000,50.5000,1.0000,11.0000,5,0.593220,0.0288529,3.55932,0.323575,beyond_data,,2.65743,0.143000,2.65743,4.5400,0.144831,2.40040,1,0,8.9651,estimated,0.50,1.20020,3.60060
6,50,6.5000,50.5000,1.0000,13.0000,5,0.610169,0.0288529,3.66102,0.281617,too_firm,,3.14060,0.143000,3.14060,4.5400,0.145416,2.74785,1,0,8.9291,estimated,0.50,1.37392,4.12177
7,50,7.5000,50.5000,1.0000,15.0000,5,0.627119,0.0288529,3.76271,0.250847,too_firm,,3.62377,0.143000,3.62377,4.5400,0.146132,3.05026,1,0,8.8853,estimated,0.50,1.52513,4.57538
8,50,8.5000,50.5000,1.0000,17.0000,5,0.644068,0.0288529,3.86441,0.227318,ok,0.144089,,0.144089,3.86441,4.5056,0.146962,3.30698,1,0,8.8352,estimated,0.50,1.65349,4.96047
9,50,9.5000,50.5000,1.0000,19.0000,5,0.661017,0.0288529,3.96610,0.208742,ok,0.145647,,0.145647,3.96610,4.4574,0.147926,3.51197,1,0,8.7775,estimated,0.50,1.75599,5.26796
10,50,10.5000,50.5000,1.0000,21.0000,5,0.661017,0.0288529,3.96610,0.188862,ok,0.147519,,0.147519,3.96610,4.4009,0.149033,3.66302,1,0,8.7124,estimated,0.50,1.83151,5.49453
11,50,11.5000,50.5000,1.0000,23.0000,5,0.661017,0.0288529,3.96610,0.172439,ok,0.149253,,0.149253,3.96610,4.3498,0.150286,3.75943,1,0,8.6397,estimated,0.50,1.87971,5.63914
12,50,12.5000,50.5000,1.0000,25.0000,5,0.661017,0.0288529,3.96610,0.158644,ok,0.150866,,0.150866,3.96610,4.3033,0.151662,3.80723,1,0,8.5613,estimated,0.50,1.90362,5.71085
13,50,13.5000,50.5000,1.0000,27.0000,5,0.661017,0.0288529,3.96610,0.146893,ok,0.152368,,0.152368,3.96610,4.2608,0.153178,3.80577,1,0,8.4766,estimated,0.50,1.90288,5.70865
14,50,14.5000,50.5000,1.0000,29.0000,5,0.661017,0.0288529,3.96610,0.136762,ok,0.153771,,0.153771,3.96610,4.2219,0.154815,3.76146,1,0,8.3870,estimated,0.50,1.88073,5.64219
15,50,15.5000,50.5000,1.0000,31.0000,5,0.661017,0.0288529,3.96610,0.127939,ok,0.155085,,0.155085,3.96610,4.1862,0.156563,3.67969,1,0,8.2933,estimated,0.50,1.83985,5.51954
16,50,16.5000,50.5000,1.0000,33.0000,5,0.661017,0.0288529,3.96610,0.120185,ok,0.156318,,0.156318,3.96610,4.1532,0.158422,3.69055,1,0,8.1960,estimated,0.50,1.84527,5.53582
17,50,17.5000,50.5000,1.0000,35.0000,5,0.661017,0.0288529,3.96610,0.113317,ok,0.157799,,0.157799,3.96610,4.1142,0.160388,3.75893,1,0,8.0955,estimated,0.50,1.87946,5.63839
18,50,18.5000,50.5000,1.0000,37.0000,5,0.661017,0.0288529,3.96610,0.107192,ok,0.160484,,0.160484,3.96610,4.0454,0.162450,3.81504,1,0,7.9928,estimated,0.50,1.90752,5.72256
19,50,19.5000,50.5000,1.0000,39.0000,5,0.661017,0.0288529,3.96610,0.101695,ok,0.163168,,0.163168,3.96610,3.9788,0.164621,3.85900,1,0,7.8874,estimated,0.50,1.92950,5.78850
20,50,20.5000,50.5000,1.0000,41.0000,5,0.661017,0.0288529,3.96610,0.096734,ok,0.165852,,0.165852,3.96610,3.9144,0.166893,3.89245,1,0,7.7800,estimated,0.50,1.94622,5.83867
21,50,21.5000,50.5000,1.0000,43.0000,5,0.661017,0.0288529,3.96610,0.092235,ok,0.168536,,0.168536,3.96610,3.8521,0.169251,3.91760,1,0,7.6716,estimated,0.50,1.95880,5.87641
22,50,22.5000,50.5000,1.0000,45.0000,5,0.661017,0.0288529,3.96610,0.088136,ok,0.171220,,0.171220,3.96610,3.7917,0.171672,3.93665,1,0,7.5634,estimated,0.50,1.96832,5.90497
23,50,23.5000,50.5000,1.0000,47.0000,5,0.661017,0.0288529,3.96610,0.084385,ok,0.173905,,0.173905,3.96610,3.7332,0.174135,3.95169,1,0,7.4565,estimated,0.50,1.97584,5.92753
24,50,24.5000,50.5000,1.0000,49.0000,5,0.661017,0.0288529,3.96610,0.080941,ok,0.176589,,0.176589,3.96610,3.6764,0.176614,3.96459,1,0,7.3518,estimated,0.50,1.98229,5.94688
25,50,25.5000,50.5000,1.0000,51.0000,5,0.661017,0.0288529,3.96610,0.077767,ok,0.179273,,0.179273,3.96610,3.6214,0.179096,3.97641,1,0,7.2499,estimated,0.50,1.98821,5.96462
26,50,26.5000,50.5000,1.0000,53.0000,5,0.661017,0.0288529,3.96610,0.074832,ok,0.181646,,0.181646,3.96610,3.5741,0.181551,3.97243,1,0,7.1519,estimated,0.50,1.98622,5.95865
27,50,27.5000,50.5000,1.0000,55.0000,5,0.661017,0.0288529,3.96610,0.072111,ok,0.183903,,0.183903,3.96610,3.5302,0.183976,3.96147,1,0,7.0576,estimated,0.50,1.98074,5.94221
28,50,28.5000,50.5000,1.0000,57.0000,5,0.661017,0.0288529,3.96610,0.069581,ok,0.186161,,0.186161,3.96610,3.4874,0.186368,3.95338,1,0,6.9670,estimated,0.50,1.97669,5.93006
29,50,29.5000,50.5000,1.0000,59.0000,5,0.661017,0.0288529,3.96610,0.067222,ok,0.188418,,0.188418,3.96610,3.4456,0.188727,3.94778,1,0,6.8799,estimated,0.50,1.97389,5.92167
30,50,30.5000,50.5000,1.0000,61.0000,5,0.661017,0.0288529,3.96610,0.065018,ok,0.190676,,0.190676,3.96610,3.4048,0.191058,3.94419,1,0,6.7960,estimated,0.50,1.97210,5.91629
31,50,31.5000,50.5000,1.0000,63.0000,5,0.661017,0.0288529,3.96610,0.062954,ok,0.192933,,0.192933,3.96610,3.3650,0.193366,3.94212,1,0,6.7149,estimated,0.50,1.97106,5.91318
32,50,32.5000,50.5000,1.0000,65.0000,5,0.661017,0.0288529,3.96610,0.061017,ok,0.195191,,0.195191,3.96610,3.3261,0.195666,3.94059,1,0,6.6360,estimated,0.50,1.97029,5.91088
33,50,33.5000,50.5000,1.0000,67.0000,5,0.661017,0.0288529,3.96610,0.059196,ok,0.197448,,0.197448,3.96610,3.2880,0.197937,3.94063,1,0,6.5598,estimated,0.50,1.97032,5.91095
34,50,34.5000,50.5000,1.0000,69.0000,5,0.661017,0.0288529,3.96610,0.057480,ok,0.199706,,0.199706,3.96610,3.2509,0.200188,3.94166,1,0,6.4860,estimated,0.50,1.97083,5.91250
35,50,35.5000,50.5000,1.0000,71.0000,5,0.661017,0.0288529,3.96610,0.055861,ok,0.201963,,0.201963,3.96610,3.2145,0.202411,3.94408,1,0,6.4148,estimated,0.50,1.97204,5.91612
36,50,36.5000,50.5000,1.0000,73.0000,5,0.661017,0.0288529,3.96610,0.054330,ok,0.204221,,0.204221,3.96610,3.1790,0.204581,3.94881,1,0,6.3468,estimated,0.50,1.97440,5.92321
37,50,37.5000,50.5000,1.0000,75.0000,5,0.661017,0.0288529,3.96610,0.052881,ok,0.206478,,0.206478,3.96610,3.1442,0.206661,3.95753,1,0,6.2829,estimated,0.50,1.97876,5.93629
38,50,38.5000,50.5000,1.0000,77.0000,5,0.661017,0.0288529,3.96610,0.051508,ok,0.208735,,0.208735,3.96610,3.1102,0.208587,3.97287,1,0,6.2249,estimated,0.50,1.98643,5.95930
39,50,39.5000,50.5000,1.0000,79.0000,5,0.661017,0.0288529,3.96610,0.050204,ok,0.210993,,0.210993,3.96610,3.0770,0.210271,3.99850,1,0,6.1750,estimated,0.50,1.99925,5.99774
40,50,40.5000,50.5000,1.0000,81.0000,5,0.661017,0.0288529,3.96610,0.048964,ok,0.213250,,0.213250,3.96610,3.0444,0.211601,4.03897,1,0,6.1362,estimated,0.50,2.01948,6.05845
41,50,41.5000,50.5000,1.0000,83.0000,5,0.661017,0.0288529,3.96610,0.047784,ok,0.215508,,0.215508,3.96610,3.0125,0.212464,4.09927,1,0,6.1113,estimated,0.50,2.04964,6.14891
42,50,42.5000,50.5000,1.0000,84.7056,2,0.661017,0.0288529,3.96610,0.046822,ok,0.217433,,0.217433,3.96610,2.9858,0.212787,4.16869,1,0,6.1020,estimated,0.50,2.08435,6.25304
43,50,43.5000,50.5000,1.0000,82.7056,2,0.661017,0.0288529,3.96610,0.047954,ok,0.215176,,0.215176,3.96610,3.0171,0.212372,4.08890,1,0,6.1139,estimated,0.50,2.04445,6.13335
44,50,44.5000,50.5000,1.0000,80.7056,2,0.661017,0.0288529,3.96610,0.049143,ok,0.212918,,0.212918,3.96610,3.0491,0.211434,4.03179,1,0,6.1411,estimated,0.50,2.01590,6.04769
45,50,45.5000,50.5000,1.0000,78.7056,2,0.661017,0.0288529,3.96610,0.050392,ok,0.210661,,0.210661,3.96610,3.0818,0.210044,3.99381,1,0,6.1817,estimated,0.50,1.99690,5.99071
46,50,46.5000,50.5000,1.0000,76.7056,2,0.661017,0.0288529,3.96610,0.051705,ok,0.208403,,0.208403,3.96610,3.1152,0.208319,3.96997,1,0,6.2329,estimated,0.50,1.98499,5.95496
47,50,47.5000,50.5000,1.0000,74.7056,2,0.661017,0.0288529,3.96610,0.053090,ok,0.206146,,0.206146,3.96610,3.1493,0.206365,3.95583,1,0,6.2919,estimated,0.50,1.97792,5.93375
48,50,48.5000,50.5000,1.0000,72.7056,2,0.661017,0.0288529,3.96610,0.054550,ok,0.203888,,0.203888,3.96610,3.1842,0.204267,3.94786,1,0,6.3565,estimated,0.50,1.97393,5.92179
49,50,49.5000,50.5000,1.0000,70.7056,2,0.661017,0.0288529,3.96610,0.056093,ok,0.201631,,0.201631,3.96610,3.2198,0.202087,3.94358,1,0,6.4251,estimated,0.50,1.97179,5.91536
50,50,50.5000,50.5000,1.0000,68.7056,2,0.661017,0.0288529,3.96610,0.057726,ok,0.199373,,0.199373,3.96610,3.2563,0.199859,3.94142,1,0,6.4967,estimated,0.50,1.97071,5.91213
51,50,51.5000,50.5000,1.0000,66.7056,2,0.661017,0.0288529,3.96610,0.059457,ok,0.197116,,0.197116,3.96610,3.2936,0.197604,3.94056,1,0,6.5709,estimated,0.50,1.97028,5.91084
52,50,52.5000,50.5000,1.0000,64.7056,2,0.661017,0.0288529,3.96610,0.061295,ok,0.194858,,0.194858,3.96610,3.3317,0.195330,3.94066,1,0,6.6474,estimated,0.50,1.97033,5.91098
53,50,53.5000,50.5000,1.0000,62.7056,2,0.661017,0.0288529,3.96610,0.063250,ok,0.192601,,0.192601,3.96610,3.3708,0.193028,3.94234,1,0,6.7267,estimated,0.50,1.97117,5.91351
54,50,54.5000,50.5000,1.0000,60.7056,2,0.661017,0.0288529,3.96610,0.065333,ok,0.190344,,0.190344,3.96610,3.4108,0.190717,3.94462,1,0,6.8082,estimated,0.50,1.97231,5.91692
55,50,55.5000,50.5000,1.0000,58.7056,2,0.661017,0.0288529,3.96610,0.067559,ok,0.188086,,0.188086,3.96610,3.4517,0.188382,3.94847,1,0,6.8925,estimated,0.50,1.97423,5.92270
56,50,56.5000,50.5000,1.0000,56.7056,2,0.661017,0.0288529,3.96610,0.069942,ok,0.185829,,0.185829,3.96610,3.4936,0.186018,3.95440,1,0,6.9801,estimated,0.50,1.97720,5.93160
57,50,57.5000,50.5000,1.0000,54.7056,2,0.661017,0.0288529,3.96610,0.072499,ok,0.183571,,0.183571,3.96610,3.5366,0.183621,3.96290,1,0,7.0712,estimated,0.50,1.98145,5.94435
58,50,58.5000,50.5000,1.0000,52.7056,2,0.661017,0.0288529,3.96610,0.075250,ok,0.181314,,0.181314,3.96610,3.5806,0.181191,3.97431,1,0,7.1661,estimated,0.50,1.98715,5.96146
59,50,59.5000,50.5000,1.0000,50.7056,2,0.661017,0.0288529,3.96610,0.078218,ok,0.178878,,0.178878,3.96610,3.6294,0.178732,3.97462,1,0,7.2647,estimated,0.50,1.98731,5.96194
60,50,60.5000,50.5000,1.0000,48.7056,2,0.661017,0.0288529,3.96610,0.081430,ok,0.176194,,0.176194,3.96610,3.6847,0.176249,3.96277,1,0,7.3670,estimated,0.50,1.98139,5.94416
61,50,61.5000,50.5000,1.0000,46.7056,2,0.661017,0.0288529,3.96610,0.084917,ok,0.173510,,0.173510,3.96610,3.7417,0.173770,3.94967,1,0,7.4721,estimated,0.50,1.97483,5.92450
62,50,62.5000,50.5000,1.0000,44.7056,2,0.661017,0.0288529,3.96610,0.088716,ok,0.170825,,0.170825,3.96610,3.8005,0.171312,3.93418,1,0,7.5793,estimated,0.50,1.96709,5.90127
63,50,63.5000,50.5000,1.0000,42.7056,2,0.661017,0.0288529,3.96610,0.092871,ok,0.168141,,0.168141,3.96610,3.8611,0.168898,3.91440,1,0,7.6877,estimated,0.50,1.95720,5.87160
64,50,64.5000,50.5000,1.0000,40.7056,2,0.661017,0.0288529,3.96610,0.097434,ok,0.165457,,0.165457,3.96610,3.9238,0.166551,3.88821,1,0,7.7960,estimated,0.50,1.94410,5.83231
65,50,65.5000,50.5000,1.0000,38.7056,2,0.661017,0.0288529,3.96610,0.102468,ok,0.162773,,0.162773,3.96610,3.9885,0.164292,3.85343,1,0,7.9032,estimated,0.50,1.92671,5.78014
66,50,66.5000,50.5000,1.0000,36.7056,2,0.661017,0.0288529,3.96610,0.108052,ok,0.160089,,0.160089,3.96610,4.0553,0.162136,3.80786,1,0,8.0083,estimated,0.50,1.90393,5.71179
67,50,67.5000,50.5000,1.0000,34.7056,2,0.661017,0.0288529,3.96610,0.114278,ok,0.157404,,0.157404,3.96610,4.1245,0.160089,3.74995,1,0,8.1107,estimated,0.50,1.87498,5.62493
68,50,68.5000,50.5000,1.0000,32.7056,2,0.661017,0.0288529,3.96610,0.121267,ok,0.156141,,0.156141,3.96610,4.1579,0.158135,3.67986,1,0,8.2109,estimated,0.50,1.83993,5.51979
69,50,69.5000,50.5000,1.0000,30.7056,2,0.661017,0.0288529,3.96610,0.129165,ok,0.154897,,0.154897,3.96610,4.1913,0.156290,3.69557,1,0,8.3078,estimated,0.50,1.84779,5.54336
70,50,70.5000,50.5000,1.0000,28.7056,2,0.661017,0.0288529,3.96610,0.138165,ok,0.153571,,0.153571,3.96610,4.2275,0.154557,3.77241,1,0,8.4010,estimated,0.50,1.88620,5.65861
71,50,71.5000,50.5000,1.0000,26.7056,2,0.661017,0.0288529,3.96610,0.148512,ok,0.152153,,0.152153,3.96610,4.2668,0.152934,3.81122,1,0,8.4901,estimated,0.50,1.90561,5.71683
72,50,72.5000,50.5000,1.0000,24.7056,2,0.661017,0.0288529,3.96610,0.160534,ok,0.150635,,0.150635,3.96610,4.3098,0.151435,3.80653,1,0,8.5742,estimated,0.50,1.90326,5.70979
73,50,73.5000,50.5000,1.0000,22.7056,2,0.661017,0.0288529,3.96610,0.174675,ok,0.149006,,0.149006,3.96610,4.3570,0.150076,3.75179,1,0,8.6518,estimated,0.50,1.87589,5.62768
74,50,74.5000,50.5000,1.0000,20.7056,2,0.661017,0.0288529,3.96610,0.191547,ok,0.147252,,0.147252,3.96610,4.4089,0.148842,3.64779,1,0,8.7235,estimated,0.50,1.82390,5.47169
75,50,75.5000,50.5000,1.0000,18.7056,2,0.661017,0.0288529,3.96610,0.212027,ok,0.145359,,0.145359,3.96610,4.4663,0.147756,3.48869,1,0,8.7876,estimated,0.50,1.74435,5.23304
76,50,76.5000,50.5000,1.0000,16.7056,2,0.644068,0.0288529,3.86441,0.231324,ok,0.143775,,0.143775,3.86441,4.5155,0.146813,3.27553,1,0,8.8441,estimated,0.50,1.63777,4.91330
77,50,77.5000,50.5000,1.0000,14.7056,2,0.627119,0.0288529,3.76271,0.255869,too_firm,,3.55265,0.143000,3.55265,4.5400,0.145997,3.01233,1,0,8.8936,estimated,0.50,1.50616,4.51849
78,50,78.5000,50.5000,1.0000,12.7056,2,0.610169,0.0288529,3.66102,0.288141,beyond_data,,3.06948,0.143000,3.06948,4.5400,0.145301,2.70253,1,0,8.9362,estimated,0.50,1.35127,4.05380
79,50,79.5000,50.5000,1.0000,10.7056,2,0.593220,0.0288529,3.55932,0.332472,beyond_data,,2.58631,0.143000,2.58631,4.5400,0.144735,2.34851,1,0,8.9711,estimated,0.50,1.17426,3.52277
80,50,80.5000,50.5000,1.0000,8.7056,2,0.576271,0.0288529,3.45763,0.397171,beyond_data,,2.10315,0.143000,2.10315,4.5400,0.144287,1.95746,1,0,8.9990,estimated,0.50,0.97873,2.93619
81,50,81.5000,50.5000,1.0000,6.7056,2,0.559322,0.0288529,3.35593,0.500465,beyond_data,,1.61998,0.143000,1.61998,4.5400,0.143939,1.53705,1,0,9.0207,estimated,0.50,0.76852,2.30557
82,50,82.5000,50.5000,1.0000,4.7056,2,0.542373,0.0288529,3.25424,0.691563,beyond_data,,1.13681,0.143000,1.13681,4.5400,0.143675,1.09456,1,1,9.0373,estimated,0.50,0.54728,1.64185
83,50,83.5000,50.5000,1.0000,2.7056,2,0.525424,0.0288529,3.15254,1.165180,beyond_data,,0.65364,0.143000,0.65364,4.5400,0.143478,0.63631,1,1,9.0497,estimated,0.50,0.31815,0.95446
84,50,84.5000,50.5000,1.0000,0.7056,2,0.508475,0.0288529,3.05085,4.323595,beyond_data,,0.17047,0.143000,0.17047,4.5400,0.143334,0.16730,1,1,9.0588,estimated,0.50,0.08365,0.25095
0,51,0.5000,51.5000,1.0000,1.0000,5,0.508475,0.0288529,3.05085,3.050847,beyond_data,,0.24158,0.143000,0.24158,4.5400,0.143389,0.23635,1,1,9.0553,estimated,0.50,0.11818,0.35453
1,51,1.5000,51.5000,1.0000,3.0000,5,0.525424,0.0288529,3.15254,1.050847,beyond_data,,0.72475,0.143000,0.72475,4.5400,0.143552,0.70263,1,1,9.0450,estimated,0.50,0.35131,1.05394
2,51,2.5000,51.5000,1.0000,5.0000,5,0.542373,0.0288529,3.25424,0.650847,beyond_data,,1.20792,0.143000,1.20792,4.5400,0.143772,1.15678,1,1,9.0312,estimated,0.50,0.57839,1.73517
3,51,3.5000,51.5000,1.0000,7.0000,5,0.559322,0.0288529,3.35593,0.479419,beyond_data,,1.69109,0.143000,1.69109,4.5400,0.144065,1.59341,1,0,9.0128,estimated,0.50,0.79670,2.39011
4,51,4.5000,51.5000,1.0000,9.0000,5,0.576271,0.0288529,3.45763,0.384181,beyond_data,,2.17426,0.143000,2.17426,4.5400,0.144447,2.00589,1,0,8.9890,estimated,0.50,1.00294,3.00883
5,51,5.5000,51.5000,1.0000,11.0000,5,0.593220,0.0288529,3.55932,0.323575,beyond_data,,2.65743,0.143000,2.65743,4.5400,0.144936,2.38670,1,0,8.9586,estimated,0.50,1.19335,3.58004
6,51,6.5000,51.5000,1.0000,13.0000,5,0.610169,0.0288529,3.66102,0.281617,too_firm,,3.14060,0.143000,3.14060,4.5400,0.145549,2.72810,1,0,8.9209,estimated,0.50,1.36405,4.09214
7,51,7.5000,51.5000,1.0000,15.0000,5,0.627119,0.0288529,3.76271,0.250847,too_firm,,3.62377,0.143000,3.62377,4.5400,0.146299,3.02305,1,0,8.8752,estimated,0.50,1.51152,4.53457
8,51,8.5000,51.5000,1.0000,17.0000,5,0.644068,0.0288529,3.86441,0.227318,ok,0.144089,,0.144089,3.86441,4.5056,0.147168,3.27086,1,0,8.8228,estimated,0.50,1.63543,4.90629
9,51,9.5000,51.5000,1.0000,19.0000,5,0.644068,0.0288529,3.86441,0.203390,ok,0.146129,,0.146129,3.86441,4.4428,0.148169,3.46748,1,0,8.7632,estimated,0.50,1.73374,5.20122
10,51,10.5000,51.5000,1.0000,21.0000,5,0.644068,0.0288529,3.86441,0.184019,ok,0.148011,,0.148011,3.86441,4.3863,0.149330,3.60673,1,0,8.6950,estimated,0.50,1.80336,5.41009
11,51,11.5000,51.5000,1.0000,23.0000,5,0.644068,0.0288529,3.86441,0.168018,ok,0.149754,,0.149754,3.86441,4.3352,0.150646,3.69021,1,0,8.6191,estimated,0.50,1.84511,5.53532
12,51,12.5000,51.5000,1.0000,25.0000,5,0.644068,0.0288529,3.86441,0.154576,ok,0.151371,,0.151371,3.86441,4.2889,0.152093,3.72418,1,0,8.5371,estimated,0.50,1.86209,5.58627
13,51,13.5000,51.5000,1.0000,27.0000,5,0.644068,0.0288529,3.86441,0.143126,ok,0.152877,,0.152877,3.86441,4.2466,0.153687,3.70840,1,0,8.4485,estimated,0.50,1.85420,5.56260
14,51,14.5000,51.5000,1.0000,29.0000,5,0.644068,0.0288529,3.86441,0.133255,ok,0.154283,,0.154283,3.86441,4.2080,0.155410,3.64955,1,0,8.3548,estimated,0.50,1.82477,5.47432
15,51,15.5000,51.5000,1.0000,31.0000,5,0.644068,0.0288529,3.86441,0.124658,ok,0.155597,,0.155597,3.86441,4.1724,0.157251,3.55432,1,0,8.2570,estimated,0.50,1.77716,5.33148
16,51,16.5000,51.5000,1.0000,33.0000,5,0.644068,0.0288529,3.86441,0.117103,ok,0.156830,,0.156830,3.86441,4.1396,0.159208,3.63057,1,0,8.1555,estimated,0.50,1.81529,5.44586
17,51,17.5000,51.5000,1.0000,35.0000,5,0.644068,0.0288529,3.86441,0.110412,ok,0.159036,,0.159036,3.86441,4.0822,0.161270,3.69327,1,0,8.0513,estimated,0.50,1.84663,5.53990
18,51,18.5000,51.5000,1.0000,37.0000,5,0.644068,0.0288529,3.86441,0.104443,ok,0.161790,,0.161790,3.86441,4.0127,0.163439,3.74331,1,0,7.9444,estimated,0.50,1.87166,5.61497
19,51,19.5000,51.5000,1.0000,39.0000,5,0.644068,0.0288529,3.86441,0.099087,ok,0.164545,,0.164545,3.86441,3.9455,0.165718,3.78186,1,0,7.8352,estimated,0.50,1.89093,5.67278
20,51,20.5000,51.5000,1.0000,41.0000,5,0.644068,0.0288529,3.86441,0.094254,ok,0.167300,,0.167300,3.86441,3.8805,0.168094,3.81085,1,0,7.7244,estimated,0.50,1.90543,5.71628
21,51,21.5000,51.5000,1.0000,43.0000,5,0.644068,0.0288529,3.86441,0.089870,ok,0.170055,,0.170055,3.86441,3.8177,0.170547,3.83259,1,0,7.6133,estimated,0.50,1.91629,5.74888
22,51,22.5000,51.5000,1.0000,45.0000,5,0.644068,0.0288529,3.86441,0.085876,ok,0.172810,,0.172810,3.86441,3.7568,0.173054,3.84925,1,0,7.5030,estimated,0.50,1.92463,5.77388
23,51,23.5000,51.5000,1.0000,47.0000,5,0.644068,0.0288529,3.86441,0.082221,ok,0.175565,,0.175565,3.86441,3.6979,0.175590,3.86286,1,0,7.3947,estimated,0.50,1.93143,5.79429
24,51,24.5000,51.5000,1.0000,49.0000,5,0.644068,0.0288529,3.86441,0.078865,ok,0.178319,,0.178319,3.86441,3.6407,0.178140,3.87473,1,0,7.2888,estimated,0.50,1.93736,5.81209
25,51,25.5000,51.5000,1.0000,51.0000,5,0.644068,0.0288529,3.86441,0.075773,ok,0.180903,,0.180903,3.86441,3.5887,0.180669,3.87981,1,0,7.1868,estimated,0.50,1.93991,5.81972
26,51,26.5000,51.5000,1.0000,53.0000,5,0.644068,0.0288529,3.86441,0.072913,ok,0.183220,,0.183220,3.86441,3.5434,0.183171,3.86750,1,0,7.0886,estimated,0.50,1.93375,5.80125
27,51,27.5000,51.5000,1.0000,55.0000,5,0.644068,0.0288529,3.86441,0.070262,ok,0.185537,,0.185537,3.86441,3.4991,0.185641,3.85814,1,0,6.9943,estimated,0.50,1.92907,5.78721
28,51,28.5000,51.5000,1.0000,57.0000,5,0.644068,0.0288529,3.86441,0.067797,ok,0.187854,,0.187854,3.86441,3.4560,0.188076,3.85143,1,0,6.9037,estimated,0.50,1.92572,5.77715
29,51,29.5000,51.5000,1.0000,59.0000,5,0.644068,0.0288529,3.86441,0.065498,ok,0.190171,,0.190171,3.86441,3.4139,0.190481,3.84694,1,0,6.8166,estimated,0.50,1.92347,5.77040
30,51,30.5000,51.5000,1.0000,61.0000,5,0.644068,0.0288529,3.86441,0.063351,ok,0.192488,,0.192488,3.86441,3.3728,0.192860,3.84414,1,0,6.7325,estimated,0.50,1.92207,5.76620
31,51,31.5000,51.5000,1.0000,63.0000,5,0.644068,0.0288529,3.86441,0.061340,ok,0.194805,,0.194805,3.86441,3.3326,0.195230,3.84202,1,0,6.6508,estimated,0.50,1.92101,5.76304
32,51,32.5000,51.5000,1.0000,65.0000,5,0.644068,0.0288529,3.86441,0.059452,ok,0.197121,,0.197121,3.86441,3.2935,0.197573,3.84135,1,0,6.5719,estimated,0.50,1.92067,5.76202
33,51,33.5000,51.5000,1.0000,67.0000,5,0.644068,0.0288529,3.86441,0.057678,ok,0.199438,,0.199438,3.86441,3.2552,0.199902,3.84144,1,0,6.4953,estimated,0.50,1.92072,5.76217
34,51,34.5000,51.5000,1.0000,69.0000,5,0.644068,0.0288529,3.86441,0.056006,ok,0.201755,,0.201755,3.86441,3.2178,0.202213,3.84238,1,0,6.4211,estimated,0.50,1.92119,5.76356
35,51,35.5000,51.5000,1.0000,71.0000,5,0.644068,0.0288529,3.86441,0.054428,ok,0.204072,,0.204072,3.86441,3.1813,0.204497,3.84455,1,0,6.3494,estimated,0.50,1.92228,5.76683
36,51,36.5000,51.5000,1.0000,73.0000,5,0.644068,0.0288529,3.86441,0.052937,ok,0.206389,,0.206389,3.86441,3.1456,0.206730,3.84889,1,0,6.2808,estimated,0.50,1.92444,5.77333
37,51,37.5000,51.5000,1.0000,75.0000,5,0.644068,0.0288529,3.86441,0.051525,ok,0.208706,,0.208706,3.86441,3.1107,0.208872,3.85702,1,0,6.2164,estimated,0.50,1.92851,5.78553
38,51,38.5000,51.5000,1.0000,77.0000,5,0.644068,0.0288529,3.86441,0.050187,ok,0.211023,,0.211023,3.86441,3.0765,0.210859,3.87152,1,0,6.1578,estimated,0.50,1.93576,5.80728
39,51,39.5000,51.5000,1.0000,79.0000,5,0.644068,0.0288529,3.86441,0.048917,ok,0.213339,,0.213339,3.86441,3.0431,0.212598,3.89597,1,0,6.1074,estimated,0.50,1.94798,5.84395
40,51,40.5000,51.5000,1.0000,81.0000,5,0.644068,0.0288529,3.86441,0.047709,ok,0.215656,,0.215656,3.86441,3.0104,0.213976,3.93488,1,0,6.0681,estimated,0.50,1.96744,5.90232
41,51,41.5000,51.5000,1.0000,83.0000,5,0.644068,0.0288529,3.86441,0.046559,ok,0.217973,,0.217973,3.86441,2.9784,0.214898,3.99208,1,0,6.0421,estimated,0.50,1.99604,5.98812
42,51,42.5000,51.5000,1.0000,84.7056,2,0.644068,0.0288529,3.86441,0.045622,ok,0.219949,,0.219949,3.86441,2.9517,0.215205,4.06074,1,0,6.0335,estimated,0.50,2.03037,6.09111
43,51,43.5000,51.5000,1.0000,82.7056,2,0.644068,0.0288529,3.86441,0.046725,ok,0.217632,,0.217632,3.86441,2.9831,0.214802,3.98202,1,0,6.0448,estimated,0.50,1.99101,5.97303
44,51,44.5000,51.5000,1.0000,80.7056,2,0.644068,0.0288529,3.86441,0.047883,ok,0.215315,,0.215315,3.86441,3.0152,0.213803,3.92796,1,0,6.0730,estimated,0.50,1.96398,5.89194
45,51,45.5000,51.5000,1.0000,78.7056,2,0.644068,0.0288529,3.86441,0.049099,ok,0.212998,,0.212998,3.86441,3.0480,0.212364,3.89148,1,0,6.1142,estimated,0.50,1.94574,5.83721
46,51,46.5000,51.5000,1.0000,76.7056,2,0.644068,0.0288529,3.86441,0.050380,ok,0.210682,,0.210682,3.86441,3.0815,0.210582,3.86876,1,0,6.1659,estimated,0.50,1.93438,5.80314
47,51,47.5000,51.5000,1.0000,74.7056,2,0.644068,0.0288529,3.86441,0.051728,ok,0.208365,,0.208365,3.86441,3.1158,0.208566,3.85543,1,0,6.2255,estimated,0.50,1.92771,5.78314
48,51,48.5000,51.5000,1.0000,72.7056,2,0.644068,0.0288529,3.86441,0.053151,ok,0.206048,,0.206048,3.86441,3.1508,0.206407,3.84801,1,0,6.2906,estimated,0.50,1.92401,5.77202
49,51,49.5000,51.5000,1.0000,70.7056,2,0.644068,0.0288529,3.86441,0.054655,ok,0.203731,,0.203731,3.86441,3.1866,0.204164,3.84409,1,0,6.3597,estimated,0.50,1.92205,5.76614
50,51,50.5000,51.5000,1.0000,68.7056,2,0.644068,0.0288529,3.86441,0.056246,ok,0.201414,,0.201414,3.86441,3.2233,0.201875,3.84216,1,0,6.4318,estimated,0.50,1.92108,5.76324
51,51,51.5000,51.5000,1.0000,66.7056,2,0.644068,0.0288529,3.86441,0.057932,ok,0.199097,,0.199097,3.86441,3.2608,0.199561,3.84137,1,0,6.5064,estimated,0.50,1.92069,5.76206
52,51,52.5000,51.5000,1.0000,64.7056,2,0.644068,0.0288529,3.86441,0.059723,ok,0.196780,,0.196780,3.86441,3.2992,0.197230,3.84139,1,0,6.5833,estimated,0.50,1.92070,5.76209
53,51,53.5000,51.5000,1.0000,62.7056,2,0.644068,0.0288529,3.86441,0.061628,ok,0.194464,,0.194464,3.86441,3.3385,0.194873,3.84273,1,0,6.6629,estimated,0.50,1.92136,5.76409
54,51,54.5000,51.5000,1.0000,60.7056,2,0.644068,0.0288529,3.86441,0.063658,ok,0.192147,,0.192147,3.86441,3.3787,0.192512,3.84446,1,0,6.7447,estimated,0.50,1.92223,5.76669
55,51,55.5000,51.5000,1.0000,58.7056,2,0.644068,0.0288529,3.86441,0.065827,ok,0.189830,,0.189830,3.86441,3.4200,0.190129,3.84748,1,0,6.8292,estimated,0.50,1.92374,5.77122
56,51,56.5000,51.5000,1.0000,56.7056,2,0.644068,0.0288529,3.86441,0.068149,ok,0.187513,,0.187513,3.86441,3.4622,0.187720,3.85227,1,0,6.9168,estimated,0.50,1.92614,5.77841
57,51,57.5000,51.5000,1.0000,54.7056,2,0.644068,0.0288529,3.86441,0.070640,ok,0.185196,,0.185196,3.86441,3.5056,0.185279,3.85935,1,0,7.0080,estimated,0.50,1.92967,5.78902
58,51,58.5000,51.5000,1.0000,52.7056,2,0.644068,0.0288529,3.86441,0.073321,ok,0.182879,,0.182879,3.86441,3.5500,0.182805,3.86913,1,0,7.1028,estimated,0.50,1.93457,5.80370
59,51,59.5000,51.5000,1.0000,50.7056,2,0.644068,0.0288529,3.86441,0.076213,ok,0.180562,,0.180562,3.86441,3.5955,0.180298,3.88188,1,0,7.2016,estimated,0.50,1.94094,5.82282
60,51,60.5000,51.5000,1.0000,48.7056,2,0.644068,0.0288529,3.86441,0.079342,ok,0.177914,,0.177914,3.86441,3.6490,0.177766,3.87297,1,0,7.3042,estimated,0.50,1.93649,5.80946
61,51,61.5000,51.5000,1.0000,46.7056,2,0.644068,0.0288529,3.86441,0.082740,ok,0.175159,,0.175159,3.86441,3.7064,0.175216,3.86100,1,0,7.4105,estimated,0.50,1.93050,5.79150
62,51,62.5000,51.5000,1.0000,44.7056,2,0.644068,0.0288529,3.86441,0.086441,ok,0.172404,,0.172404,3.86441,3.7657,0.172682,3.84706,1,0,7.5192,estimated,0.50,1.92353,5.77059
63,51,63.5000,51.5000,1.0000,42.7056,2,0.644068,0.0288529,3.86441,0.090489,ok,0.169649,,0.169649,3.86441,3.8268,0.170181,3.82980,1,0,7.6297,estimated,0.50,1.91490,5.74470
64,51,64.5000,51.5000,1.0000,40.7056,2,0.644068,0.0288529,3.86441,0.094935,ok,0.166895,,0.166895,3.86441,3.8900,0.167738,3.80717,1,0,7.7408,estimated,0.50,1.90358,5.71075
65,51,65.5000,51.5000,1.0000,38.7056,2,0.644068,0.0288529,3.86441,0.099841,ok,0.164140,,0.164140,3.86441,3.9553,0.165374,3.77696,1,0,7.8515,estimated,0.50,1.88848,5.66543
66,51,66.5000,51.5000,1.0000,36.7056,2,0.644068,0.0288529,3.86441,0.105281,ok,0.161385,,0.161385,3.86441,4.0228,0.163110,3.73689,1,0,7.9604,estimated,0.50,1.86845,5.60534
67,51,67.5000,51.5000,1.0000,34.7056,2,0.644068,0.0288529,3.86441,0.111348,ok,0.158630,,0.158630,3.86441,4.0926,0.160956,3.68510,1,0,8.0670,estimated,0.50,1.84255,5.52765
68,51,68.5000,51.5000,1.0000,32.7056,2,0.644068,0.0288529,3.86441,0.118157,ok,0.156653,,0.156653,3.86441,4.1443,0.158908,3.62066,1,0,8.1710,estimated,0.50,1.81033,5.43099
69,51,69.5000,51.5000,1.0000,30.7056,2,0.644068,0.0288529,3.86441,0.125853,ok,0.155409,,0.155409,3.86441,4.1775,0.156967,3.57084,1,0,8.2720,estimated,0.50,1.78542,5.35626
70,51,70.5000,51.5000,1.0000,28.7056,2,0.644068,0.0288529,3.86441,0.134622,ok,0.154082,,0.154082,3.86441,4.2134,0.155142,3.66209,1,0,8.3693,estimated,0.50,1.83104,5.49313
71,51,71.5000,51.5000,1.0000,26.7056,2,0.644068,0.0288529,3.86441,0.144704,ok,0.152662,,0.152662,3.86441,4.2526,0.153435,3.71538,1,0,8.4624,estimated,0.50,1.85769,5.57307
72,51,72.5000,51.5000,1.0000,24.7056,2,0.644068,0.0288529,3.86441,0.156418,ok,0.151141,,0.151141,3.86441,4.2954,0.151858,3.72491,1,0,8.5503,estimated,0.50,1.86245,5.58736
73,51,73.5000,51.5000,1.0000,22.7056,2,0.644068,0.0288529,3.86441,0.170196,ok,0.149505,,0.149505,3.86441,4.3424,0.150430,3.68391,1,0,8.6315,estimated,0.50,1.84196,5.52587
74,51,74.5000,51.5000,1.0000,20.7056,2,0.644068,0.0288529,3.86441,0.186636,ok,0.147743,,0.147743,3.86441,4.3942,0.149134,3.59274,1,0,8.7065,estimated,0.50,1.79637,5.38911
75,51,75.5000,51.5000,1.0000,18.7056,2,0.644068,0.0288529,3.86441,0.206591,ok,0.145839,,0.145839,3.86441,4.4516,0.147994,3.44533,1,0,8.7735,estimated,0.50,1.72267,5.16800
76,51,76.5000,51.5000,1.0000,16.7056,2,0.644068,0.0288529,3.86441,0.231324,ok,0.143775,,0.143775,3.86441,4.5155,0.147015,3.24044,1,0,8.8319,estimated,0.50,1.62022,4.86066
77,51,77.5000,51.5000,1.0000,14.7056,2,0.627119,0.0288529,3.76271,0.255869,too_firm,,3.55265,0.143000,3.55265,4.5400,0.146160,2.98602,1,0,8.8836,estimated,0.50,1.49301,4.47903
78,51,78.5000,51.5000,1.0000,12.7056,2,0.610169,0.0288529,3.66102,0.288141,beyond_data,,3.06948,0.143000,3.06948,4.5400,0.145430,2.68356,1,0,8.9282,estimated,0.50,1.34178,4.02535
79,51,79.5000,51.5000,1.0000,10.7056,2,0.593220,0.0288529,3.55932,0.332472,beyond_data,,2.58631,0.143000,2.58631,4.5400,0.144837,2.33546,1,0,8.9648,estimated,0.50,1.16773,3.50319
80,51,80.5000,51.5000,1.0000,8.7056,2,0.576271,0.0288529,3.45763,0.397171,beyond_data,,2.10315,0.143000,2.10315,4.5400,0.144366,1.94898,1,0,8.9940,estimated,0.50,0.97449,2.92346
81,51,81.5000,51.5000,1.0000,6.7056,2,0.559322,0.0288529,3.35593,0.500465,beyond_data,,1.61998,0.143000,1.61998,4.5400,0.143999,1.53193,1,0,9.0169,estimated,0.50,0.76596,2.29789
82,51,82.5000,51.5000,1.0000,4.7056,2,0.542373,0.0288529,3.25424,0.691563,beyond_data,,1.13681,0.143000,1.13681,4.5400,0.143721,1.09180,1,1,9.0344,estimated,0.50,0.54590,1.63770
83,51,83.5000,51.5000,1.0000,2.7056,2,0.525424,0.0288529,3.15254,1.165180,beyond_data,,0.65364,0.143000,0.65364,4.5400,0.143512,0.63510,1,1,9.0475,estimated,0.50,0.31755,0.95265
84,51,84.5000,51.5000,1.0000,0.7056,2,0.508475,0.0288529,3.05085,4.323595,beyond_data,,0.17047,0.143000,0.17047,4.5400,0.143359,0.16706,1,1,9.0572,estimated,0.50,0.08353,0.25060
0,52,0.5000,52.5000,1.0000,1.0000,5,0.508475,0.0288529,3.05085,3.050847,beyond_data,,0.24158,0.143000,0.24158,4.5400,0.143419,0.23597,1,1,9.0534,estimated,0.50,0.11798,0.35395
1,52,1.5000,52.5000,1.0000,3.0000,5,0.525424,0.0288529,3.15254,1.050847,beyond_data,,0.72475,0.143000,0.72475,4.5400,0.143591,0.70110,1,1,9.0425,estimated,0.50,0.35055,1.05165
2,52,2.5000,52.5000,1.0000,5.0000,5,0.542373,0.0288529,3.25424,0.650847,beyond_data,,1.20792,0.143000,1.20792,4.5400,0.143824,1.15345,1,1,9.0279,estimated,0.50,0.57673,1.73018
3,52,3.5000,52.5000,1.0000,7.0000,5,0.559322,0.0288529,3.35593,0.479419,beyond_data,,1.69109,0.143000,1.69109,4.5400,0.144132,1.58743,1,0,9.0086,estimated,0.50,0.79372,2.38115
4,52,4.5000,52.5000,1.0000,9.0000,5,0.576271,0.0288529,3.45763,0.384181,beyond_data,,2.17426,0.143000,2.17426,4.5400,0.144535,1.99620,1,0,8.9835,estimated,0.50,0.99810,2.99431
5,52,5.5000,52.5000,1.0000,11.0000,5,0.593220,0.0288529,3.55932,0.323575,beyond_data,,2.65743,0.143000,2.65743,4.5400,0.145049,2.37207,1,0,8.9517,estimated,0.50,1.18604,3.55811
6,52,6.5000,52.5000,1.0000,13.0000,5,0.610169,0.0288529,3.66102,0.281617,too_firm,,3.14060,0.143000,3.14060,4.5400,0.145691,2.70719,1,0,8.9122,estimated,0.50,1.35359,4.06078
7,52,7.5000,52.5000,1.0000,15.0000,5,0.627119,0.0288529,3.76271,0.250847,too_firm,,3.62377,0.143000,3.62377,4.5400,0.146476,2.99448,1,0,8.8644,estimated,0.50,1.49724,4.49173
8,52,8.5000,52.5000,1.0000,17.0000,5,0.627119,0.0288529,3.76271,0.221336,ok,0.144573,,0.144573,3.76271,4.4906,0.147375,3.23522,1,0,8.8104,estimated,0.50,1.61761,4.85282
9,52,9.5000,52.5000,1.0000,19.0000,5,0.627119,0.0288529,3.76271,0.198037,ok,0.146626,,0.146626,3.76271,4.4277,0.148425,3.42123,1,0,8.7481,estimated,0.50,1.71061,5.13184
10,52,10.5000,52.5000,1.0000,21.0000,5,0.627119,0.0288529,3.76271,0.179177,ok,0.148519,,0.148519,3.76271,4.3713,0.149643,3.54859,1,0,8.6768,estimated,0.50,1.77430,5.32289
11,52,11.5000,52.5000,1.0000,23.0000,5,0.627119,0.0288529,3.76271,0.163596,ok,0.150269,,0.150269,3.76271,4.3203,0.151010,3.62182,1,0,8.5983,estimated,0.50,1.81091,5.43272
12,52,12.5000,52.5000,1.0000,25.0000,5,0.627119,0.0288529,3.76271,0.150508,ok,0.151892,,0.151892,3.76271,4.2742,0.152543,3.63967,1,0,8.5119,estimated,0.50,1.81983,5.45950
13,52,13.5000,52.5000,1.0000,27.0000,5,0.627119,0.0288529,3.76271,0.139360,ok,0.153401,,0.153401,3.76271,4.2321,0.154216,3.61008,1,0,8.4195,estimated,0.50,1.80504,5.41512
14,52,14.5000,52.5000,1.0000,29.0000,5,0.627119,0.0288529,3.76271,0.129749,ok,0.154808,,0.154808,3.76271,4.1937,0.156026,3.53739,1,0,8.3219,estimated,0.50,1.76870,5.30609
15,52,15.5000,52.5000,1.0000,31.0000,5,0.627119,0.0288529,3.76271,0.121378,ok,0.156123,,0.156123,3.76271,4.1583,0.157959,3.50092,1,0,8.2200,estimated,0.50,1.75046,5.25138
16,52,16.5000,52.5000,1.0000,33.0000,5,0.627119,0.0288529,3.76271,0.114022,ok,0.157509,,0.157509,3.76271,4.1218,0.160013,3.57122,1,0,8.1146,estimated,0.50,1.78561,5.35682
17,52,17.5000,52.5000,1.0000,35.0000,5,0.627119,0.0288529,3.76271,0.107506,ok,0.160339,,0.160339,3.76271,4.0490,0.162174,3.62825,1,0,8.0064,estimated,0.50,1.81412,5.44237
18,52,18.5000,52.5000,1.0000,37.0000,5,0.627119,0.0288529,3.76271,0.101695,ok,0.163168,,0.163168,3.76271,3.9788,0.164451,3.67269,1,0,7.8956,estimated,0.50,1.83635,5.50904
19,52,19.5000,52.5000,1.0000,39.0000,5,0.627119,0.0288529,3.76271,0.096480,ok,0.165997,,0.165997,3.76271,3.9110,0.166837,3.70626,1,0,7.7826,estimated,0.50,1.85313,5.55939
20,52,20.5000,52.5000,1.0000,41.0000,5,0.627119,0.0288529,3.76271,0.091773,ok,0.168826,,0.168826,3.76271,3.8455,0.169315,3.73128,1,0,7.6687,estimated,0.50,1.86564,5.59692
21,52,21.5000,52.5000,1.0000,43.0000,5,0.627119,0.0288529,3.76271,0.087505,ok,0.171656,,0.171656,3.76271,3.7821,0.171861,3.75003,1,0,7.5551,estimated,0.50,1.87501,5.62504
22,52,22.5000,52.5000,1.0000,45.0000,5,0.627119,0.0288529,3.76271,0.083616,ok,0.174485,,0.174485,3.76271,3.7208,0.174452,3.76467,1,0,7.4429,estimated,0.50,1.88234,5.64701
23,52,23.5000,52.5000,1.0000,47.0000,5,0.627119,0.0288529,3.76271,0.080058,ok,0.177314,,0.177314,3.76271,3.6614,0.177067,3.77675,1,0,7.3330,estimated,0.50,1.88837,5.66512
24,52,24.5000,52.5000,1.0000,49.0000,5,0.627119,0.0288529,3.76271,0.076790,ok,0.180121,,0.180121,3.76271,3.6043,0.179672,3.78847,1,0,7.2267,estimated,0.50,1.89423,5.68270
25,52,25.5000,52.5000,1.0000,51.0000,5,0.627119,0.0288529,3.76271,0.073779,ok,0.182500,,0.182500,3.76271,3.5573,0.182254,3.77804,1,0,7.1243,estimated,0.50,1.88902,5.66706
26,52,26.5000,52.5000,1.0000,53.0000,5,0.627119,0.0288529,3.76271,0.070995,ok,0.184880,,0.184880,3.76271,3.5116,0.184805,3.76718,1,0,7.0259,estimated,0.50,1.88359,5.65076
27,52,27.5000,52.5000,1.0000,55.0000,5,0.627119,0.0288529,3.76271,0.068413,ok,0.187259,,0.187259,3.76271,3.4669,0.187322,3.75912,1,0,6.9315,estimated,0.50,1.87956,5.63867
28,52,28.5000,52.5000,1.0000,57.0000,5,0.627119,0.0288529,3.76271,0.066012,ok,0.189639,,0.189639,3.76271,3.4234,0.189806,3.75346,1,0,6.8408,estimated,0.50,1.87673,5.63020
29,52,29.5000,52.5000,1.0000,59.0000,5,0.627119,0.0288529,3.76271,0.063775,ok,0.192018,,0.192018,3.76271,3.3810,0.192261,3.74972,1,0,6.7535,estimated,0.50,1.87486,5.62458
30,52,30.5000,52.5000,1.0000,61.0000,5,0.627119,0.0288529,3.76271,0.061684,ok,0.194398,,0.194398,3.76271,3.3396,0.194694,3.74738,1,0,6.6691,estimated,0.50,1.87369,5.62107
31,52,31.5000,52.5000,1.0000,63.0000,5,0.627119,0.0288529,3.76271,0.059726,ok,0.196777,,0.196777,3.76271,3.2992,0.197121,3.74554,1,0,6.5870,estimated,0.50,1.87277,5.61831
32,52,32.5000,52.5000,1.0000,65.0000,5,0.627119,0.0288529,3.76271,0.057888,ok,0.199157,,0.199157,3.76271,3.2598,0.199525,3.74488,1,0,6.5076,estimated,0.50,1.87244,5.61732
33,52,33.5000,52.5000,1.0000,67.0000,5,0.627119,0.0288529,3.76271,0.056160,ok,0.201536,,0.201536,3.76271,3.2213,0.201916,3.74484,1,0,6.4305,estimated,0.50,1.87242,5.61726
34,52,34.5000,52.5000,1.0000,69.0000,5,0.627119,0.0288529,3.76271,0.054532,ok,0.203915,,0.203915,3.76271,3.1837,0.204292,3.74553,1,0,6.3558,estimated,0.50,1.87276,5.61829
35,52,35.5000,52.5000,1.0000,71.0000,5,0.627119,0.0288529,3.76271,0.052996,ok,0.206295,,0.206295,3.76271,3.1470,0.206641,3.74736,1,0,6.2835,estimated,0.50,1.87368,5.62104
36,52,36.5000,52.5000,1.0000,73.0000,5,0.627119,0.0288529,3.76271,0.051544,ok,0.208674,,0.208674,3.76271,3.1111,0.208940,3.75124,1,0,6.2144,estimated,0.50,1.87562,5.62685
37,52,37.5000,52.5000,1.0000,75.0000,5,0.627119,0.0288529,3.76271,0.050169,ok,0.211054,,0.211054,3.76271,3.0761,0.211148,3.75874,1,0,6.1494,estimated,0.50,1.87937,5.63811
38,52,38.5000,52.5000,1.0000,77.0000,5,0.627119,0.0288529,3.76271,0.048866,ok,0.213433,,0.213433,3.76271,3.0418,0.213199,3.77236,1,0,6.0902,estimated,0.50,1.88618,5.65854
39,52,39.5000,52.5000,1.0000,79.0000,5,0.627119,0.0288529,3.76271,0.047629,ok,0.215813,,0.215813,3.76271,3.0082,0.214998,3.79562,1,0,6.0393,estimated,0.50,1.89781,5.69343
40,52,40.5000,52.5000,1.0000,81.0000,5,0.627119,0.0288529,3.76271,0.046453,ok,0.218192,,0.218192,3.76271,2.9754,0.216452,3.83191,1,0,5.9987,estimated,0.50,1.91596,5.74787
41,52,41.5000,52.5000,1.0000,83.0000,5,0.627119,0.0288529,3.76271,0.045334,ok,0.220572,,0.220572,3.76271,2.9433,0.217382,3.88831,1,0,5.9730,estimated,0.50,1.94416,5.83247
42,52,42.5000,52.5000,1.0000,84.7056,2,0.627119,0.0288529,3.76271,0.044421,ok,0.222601,,0.222601,3.76271,2.9165,0.217704,3.95490,1,0,5.9642,estimated,0.50,1.97745,5.93234
43,52,43.5000,52.5000,1.0000,82.7056,2,0.627119,0.0288529,3.76271,0.045495,ok,0.220222,,0.220222,3.76271,2.9480,0.217282,3.87857,1,0,5.9758,estimated,0.50,1.93928,5.81785
44,52,44.5000,52.5000,1.0000,80.7056,2,0.627119,0.0288529,3.76271,0.046623,ok,0.217842,,0.217842,3.76271,2.9802,0.216273,3.82524,1,0,6.0037,estimated,0.50,1.91262,5.73786
45,52,45.5000,52.5000,1.0000,78.7056,2,0.627119,0.0288529,3.76271,0.047807,ok,0.215463,,0.215463,3.76271,3.0131,0.214756,3.79132,1,0,6.0461,estimated,0.50,1.89566,5.68698
46,52,46.5000,52.5000,1.0000,76.7056,2,0.627119,0.0288529,3.76271,0.049054,ok,0.213083,,0.213083,3.76271,3.0468,0.212913,3.76975,1,0,6.0984,estimated,0.50,1.88488,5.65463
47,52,47.5000,52.5000,1.0000,74.7056,2,0.627119,0.0288529,3.76271,0.050367,ok,0.210704,,0.210704,3.76271,3.0812,0.210833,3.75725,1,0,6.1586,estimated,0.50,1.87862,5.63587
48,52,48.5000,52.5000,1.0000,72.7056,2,0.627119,0.0288529,3.76271,0.051753,ok,0.208324,,0.208324,3.76271,3.1164,0.208607,3.75044,1,0,6.2243,estimated,0.50,1.87522,5.62566
49,52,49.5000,52.5000,1.0000,70.7056,2,0.627119,0.0288529,3.76271,0.053217,ok,0.205945,,0.205945,3.76271,3.1524,0.206298,3.74696,1,0,6.2939,estimated,0.50,1.87348,5.62044
50,52,50.5000,52.5000,1.0000,68.7056,2,0.627119,0.0288529,3.76271,0.054766,ok,0.203565,,0.203565,3.76271,3.1892,0.203944,3.74535,1,0,6.3666,estimated,0.50,1.87268,5.61803
51,52,51.5000,52.5000,1.0000,66.7056,2,0.627119,0.0288529,3.76271,0.056408,ok,0.201186,,0.201186,3.76271,3.2269,0.201565,3.74480,1,0,6.4417,estimated,0.50,1.87240,5.61720
52,52,52.5000,52.5000,1.0000,64.7056,2,0.627119,0.0288529,3.76271,0.058151,ok,0.198806,,0.198806,3.76271,3.2656,0.199172,3.74493,1,0,6.5191,estimated,0.50,1.87247,5.61740
53,52,53.5000,52.5000,1.0000,62.7056,2,0.627119,0.0288529,3.76271,0.060006,ok,0.196427,,0.196427,3.76271,3.3051,0.196766,3.74569,1,0,6.5989,estimated,0.50,1.87284,5.61853
54,52,54.5000,52.5000,1.0000,60.7056,2,0.627119,0.0288529,3.76271,0.061983,ok,0.194047,,0.194047,3.76271,3.3457,0.194337,3.74766,1,0,6.6813,estimated,0.50,1.87383,5.62149
55,52,55.5000,52.5000,1.0000,58.7056,2,0.627119,0.0288529,3.76271,0.064095,ok,0.191668,,0.191668,3.76271,3.3872,0.191901,3.75017,1,0,6.7661,estimated,0.50,1.87509,5.62526
56,52,56.5000,52.5000,1.0000,56.7056,2,0.627119,0.0288529,3.76271,0.066355,ok,0.189288,,0.189288,3.76271,3.4298,0.189442,3.75417,1,0,6.8540,estimated,0.50,1.87708,5.63125
57,52,57.5000,52.5000,1.0000,54.7056,2,0.627119,0.0288529,3.76271,0.068781,ok,0.186909,,0.186909,3.76271,3.4734,0.186953,3.76015,1,0,6.9452,estimated,0.50,1.88007,5.64022
58,52,58.5000,52.5000,1.0000,52.7056,2,0.627119,0.0288529,3.76271,0.071391,ok,0.184529,,0.184529,3.76271,3.5182,0.184431,3.76860,1,0,7.0402,estimated,0.50,1.88430,5.65290
59,52,59.5000,52.5000,1.0000,50.7056,2,0.627119,0.0288529,3.76271,0.074207,ok,0.182150,,0.182150,3.76271,3.5642,0.181876,3.77990,1,0,7.1391,estimated,0.50,1.88995,5.66986
60,52,60.5000,52.5000,1.0000,48.7056,2,0.627119,0.0288529,3.76271,0.077254,ok,0.179727,,0.179727,3.76271,3.6122,0.179290,3.78675,1,0,7.2421,estimated,0.50,1.89337,5.68012
61,52,61.5000,52.5000,1.0000,46.7056,2,0.627119,0.0288529,3.76271,0.080562,ok,0.176898,,0.176898,3.76271,3.6700,0.176676,3.77537,1,0,7.3492,estimated,0.50,1.88768,5.66305
62,52,62.5000,52.5000,1.0000,44.7056,2,0.627119,0.0288529,3.76271,0.084166,ok,0.174069,,0.174069,3.76271,3.7297,0.174068,3.76272,1,0,7.4593,estimated,0.50,1.88136,5.64408
63,52,63.5000,52.5000,1.0000,42.7056,2,0.627119,0.0288529,3.76271,0.088108,ok,0.171239,,0.171239,3.76271,3.7913,0.171483,3.74761,1,0,7.5718,estimated,0.50,1.87380,5.62141
64,52,64.5000,52.5000,1.0000,40.7056,2,0.627119,0.0288529,3.76271,0.092437,ok,0.168410,,0.168410,3.76271,3.8550,0.168945,3.72809,1,0,7.6855,estimated,0.50,1.86405,5.59214
65,52,65.5000,52.5000,1.0000,38.7056,2,0.627119,0.0288529,3.76271,0.097214,ok,0.165581,,0.165581,3.76271,3.9208,0.166479,3.70198,1,0,7.7994,estimated,0.50,1.85099,5.55297
66,52,66.5000,52.5000,1.0000,36.7056,2,0.627119,0.0288529,3.76271,0.102510,ok,0.162751,,0.162751,3.76271,3.9890,0.164107,3.66701,1,0,7.9121,estimated,0.50,1.83351,5.50052
67,52,67.5000,52.5000,1.0000,34.7056,2,0.627119,0.0288529,3.76271,0.108418,ok,0.159922,,0.159922,3.76271,4.0596,0.161846,3.62086,1,0,8.0227,estimated,0.50,1.81043,5.43129
68,52,68.5000,52.5000,1.0000,32.7056,2,0.627119,0.0288529,3.76271,0.115048,ok,0.157178,,0.157178,3.76271,4.1304,0.159700,3.56196,1,0,8.1304,estimated,0.50,1.78098,5.34294
69,52,69.5000,52.5000,1.0000,30.7056,2,0.627119,0.0288529,3.76271,0.122541,ok,0.155935,,0.155935,3.76271,4.1634,0.157663,3.48965,1,0,8.2355,estimated,0.50,1.74482,5.23447
70,52,70.5000,52.5000,1.0000,28.7056,2,0.627119,0.0288529,3.76271,0.131079,ok,0.154607,,0.154607,3.76271,4.1991,0.155746,3.55153,1,0,8.3368,estimated,0.50,1.77576,5.32729
71,52,71.5000,52.5000,1.0000,26.7056,2,0.627119,0.0288529,3.76271,0.140896,ok,0.153186,,0.153186,3.76271,4.2381,0.153954,3.61861,1,0,8.4339,estimated,0.50,1.80931,5.42792
72,52,72.5000,52.5000,1.0000,24.7056,2,0.627119,0.0288529,3.76271,0.152302,ok,0.151661,,0.151661,3.76271,4.2807,0.152299,3.64188,1,0,8.5255,estimated,0.50,1.82094,5.46283
73,52,73.5000,52.5000,1.0000,22.7056,2,0.627119,0.0288529,3.76271,0.165717,ok,0.150020,,0.150020,3.76271,4.3275,0.150786,3.61696,1,0,8.6111,estimated,0.50,1.80848,5.42544
74,52,74.5000,52.5000,1.0000,20.7056,2,0.627119,0.0288529,3.76271,0.181724,ok,0.148250,,0.148250,3.76271,4.3792,0.149440,3.53594,1,0,8.6886,estimated,0.50,1.76797,5.30391
75,52,75.5000,52.5000,1.0000,18.7056,2,0.627119,0.0288529,3.76271,0.201154,ok,0.146335,,0.146335,3.76271,4.4365,0.148244,3.40030,1,0,8.7587,estimated,0.50,1.70015,5.10045
76,52,76.5000,52.5000,1.0000,16.7056,2,0.627119,0.0288529,3.76271,0.225236,ok,0.144256,,0.144256,3.76271,4.5004,0.147217,3.20589,1,0,8.8198,estimated,0.50,1.60295,4.80884
77,52,77.5000,52.5000,1.0000,14.7056,2,0.627119,0.0288529,3.76271,0.255869,too_firm,,3.55265,0.143000,3.55265,4.5400,0.146333,2.95843,1,0,8.8731,estimated,0.50,1.47922,4.43765
78,52,78.5000,52.5000,1.0000,12.7056,2,0.610169,0.0288529,3.66102,0.288141,beyond_data,,3.06948,0.143000,3.06948,4.5400,0.145569,2.66351,1,0,8.9197,estimated,0.50,1.33175,3.99526
79,52,79.5000,52.5000,1.0000,10.7056,2,0.593220,0.0288529,3.55932,0.332472,beyond_data,,2.58631,0.143000,2.58631,4.5400,0.144946,2.32156,1,0,8.9580,estimated,0.50,1.16078,3.48234
80,52,80.5000,52.5000,1.0000,8.7056,2,0.576271,0.0288529,3.45763,0.397171,beyond_data,,2.10315,0.143000,2.10315,4.5400,0.144451,1.93987,1,0,8.9888,estimated,0.50,0.96994,2.90981
81,52,81.5000,52.5000,1.0000,6.7056,2,0.559322,0.0288529,3.35593,0.500465,beyond_data,,1.61998,0.143000,1.61998,4.5400,0.144065,1.52639,1,0,9.0128,estimated,0.50,0.76320,2.28959
82,52,82.5000,52.5000,1.0000,4.7056,2,0.542373,0.0288529,3.25424,0.691563,beyond_data,,1.13681,0.143000,1.13681,4.5400,0.143770,1.08879,1,1,9.0313,estimated,0.50,0.54440,1.63319
83,52,83.5000,52.5000,1.0000,2.7056,2,0.525424,0.0288529,3.15254,1.165180,beyond_data,,0.65364,0.143000,0.65364,4.5400,0.143549,0.63378,1,1,9.0452,estimated,0.50,0.31689,0.95068
84,52,84.5000,52.5000,1.0000,0.7056,2,0.508475,0.0288529,3.05085,4.323595,beyond_data,,0.17047,0.143000,0.17047,4.5400,0.143386,0.16681,1,1,9.0555,estimated,0.50,0.08340,0.25021
0,53,0.5000,53.5000,1.0000,1.0000,5,0.508475,0.0288529,3.05085,3.050847,beyond_data,,0.24158,0.143000,0.24158,4.5400,0.143450,0.23556,1,1,9.0515,estimated,0.50,0.11778,0.35334
1,53,1.5000,53.5000,1.0000,3.0000,5,0.525424,0.0288529,3.15254,1.050847,beyond_data,,0.72475,0.143000,0.72475,4.5400,0.143633,0.69948,1,1,9.0399,estimated,0.50,0.34974,1.04922
2,53,2.5000,53.5000,1.0000,5.0000,5,0.542373,0.0288529,3.25424,0.650847,beyond_data,,1.20792,0.143000,1.20792,4.5400,0.143879,1.14995,1,1,9.0245,estimated,0.50,0.57497,1.72492
3,53,3.5000,53.5000,1.0000,7.0000,5,0.559322,0.0288529,3.35593,0.479419,beyond_data,,1.69109,0.143000,1.69109,4.5400,0.144204,1.58117,1,0,9.0041,estimated,0.50,0.79059,2.37176
4,53,4.5000,53.5000,1.0000,9.0000,5,0.576271,0.0288529,3.45763,0.384181,beyond_data,,2.17426,0.143000,2.17426,4.5400,0.144627,1.98612,1,0,8.9778,estimated,0.50,0.99306,2.97918
5,53,5.5000,53.5000,1.0000,11.0000,5,0.593220,0.0288529,3.55932,0.323575,beyond_data,,2.65743,0.143000,2.65743,4.5400,0.145166,2.35695,1,0,8.9445,estimated,0.50,1.17847,3.53542
6,53,6.5000,53.5000,1.0000,13.0000,5,0.610169,0.0288529,3.66102,0.281617,too_firm,,3.14060,0.143000,3.14060,4.5400,0.145839,2.68571,1,0,8.9032,estimated,0.50,1.34286,4.02857
7,53,7.5000,53.5000,1.0000,15.0000,5,0.610169,0.0288529,3.66102,0.244068,too_firm,,3.62377,0.143000,3.62377,4.5400,0.146659,2.96536,1,0,8.8534,estimated,0.50,1.48268,4.44804
8,53,8.5000,53.5000,1.0000,17.0000,5,0.610169,0.0288529,3.66102,0.215354,ok,0.145073,,0.145073,3.66102,4.4751,0.147588,3.19899,1,0,8.7977,estimated,0.50,1.59949,4.79848
9,53,9.5000,53.5000,1.0000,19.0000,5,0.610169,0.0288529,3.66102,0.192685,ok,0.147141,,0.147141,3.66102,4.4122,0.148688,3.37447,1,0,8.7326,estimated,0.50,1.68723,5.06170
10,53,10.5000,53.5000,1.0000,21.0000,5,0.610169,0.0288529,3.66102,0.174334,ok,0.149043,,0.149043,3.66102,4.3559,0.149964,3.49019,1,0,8.6583,estimated,0.50,1.74509,5.23528
11,53,11.5000,53.5000,1.0000,23.0000,5,0.610169,0.0288529,3.66102,0.159175,ok,0.150801,,0.150801,3.66102,4.3051,0.151395,3.55089,1,0,8.5764,estimated,0.50,1.77544,5.32633
12,53,12.5000,53.5000,1.0000,25.0000,5,0.610169,0.0288529,3.66102,0.146441,ok,0.152428,,0.152428,3.66102,4.2591,0.153000,3.55585,1,0,8.4865,estimated,0.50,1.77793,5.33378
13,53,13.5000,53.5000,1.0000,27.0000,5,0.610169,0.0288529,3.66102,0.135593,ok,0.153940,,0.153940,3.66102,4.2173,0.154752,3.51323,1,0,8.3904,estimated,0.50,1.75662,5.26985
14,53,14.5000,53.5000,1.0000,29.0000,5,0.610169,0.0288529,3.66102,0.126242,ok,0.155349,,0.155349,3.66102,4.1791,0.156647,3.42766,1,0,8.2889,estimated,0.50,1.71383,5.14149
15,53,15.5000,53.5000,1.0000,31.0000,5,0.610169,0.0288529,3.66102,0.118097,ok,0.156663,,0.156663,3.66102,4.1440,0.158671,3.44883,1,0,8.1831,estimated,0.50,1.72441,5.17324
16,53,16.5000,53.5000,1.0000,33.0000,5,0.610169,0.0288529,3.66102,0.110940,ok,0.158806,,0.158806,3.66102,4.0881,0.160817,3.51378,1,0,8.0740,estimated,0.50,1.75689,5.27067
17,53,17.5000,53.5000,1.0000,35.0000,5,0.610169,0.0288529,3.66102,0.104600,ok,0.161714,,0.161714,3.66102,4.0146,0.163083,3.56512,1,0,7.9618,estimated,0.50,1.78256,5.34768
18,53,18.5000,53.5000,1.0000,37.0000,5,0.610169,0.0288529,3.66102,0.098946,ok,0.164622,,0.164622,3.66102,3.9437,0.165467,3.60437,1,0,7.8470,estimated,0.50,1.80218,5.40655
19,53,19.5000,53.5000,1.0000,39.0000,5,0.610169,0.0288529,3.66102,0.093872,ok,0.167530,,0.167530,3.66102,3.8752,0.167959,3.63354,1,0,7.7307,estimated,0.50,1.81677,5.45030
20,53,20.5000,53.5000,1.0000,41.0000,5,0.610169,0.0288529,3.66102,0.089293,ok,0.170438,,0.170438,3.66102,3.8091,0.170535,3.65505,1,0,7.6139,estimated,0.50,1.82752,5.48257
21,53,21.5000,53.5000,1.0000,43.0000,5,0.610169,0.0288529,3.66102,0.085140,ok,0.173345,,0.173345,3.66102,3.7452,0.173172,3.67122,1,0,7.4979,estimated,0.50,1.83561,5.50683
22,53,22.5000,53.5000,1.0000,45.0000,5,0.610169,0.0288529,3.66102,0.081356,ok,0.176253,,0.176253,3.66102,3.6834,0.175842,3.68417,1,0,7.3841,estimated,0.50,1.84208,5.52625
23,53,23.5000,53.5000,1.0000,47.0000,5,0.610169,0.0288529,3.66102,0.077894,ok,0.179161,,0.179161,3.66102,3.6236,0.178527,3.69529,1,0,7.2730,estimated,0.50,1.84764,5.54293
24,53,24.5000,53.5000,1.0000,49.0000,5,0.610169,0.0288529,3.66102,0.074715,ok,0.181740,,0.181740,3.66102,3.5722,0.181190,3.69493,1,0,7.1661,estimated,0.50,1.84746,5.54239
25,53,25.5000,53.5000,1.0000,51.0000,5,0.610169,0.0288529,3.66102,0.071785,ok,0.184186,,0.184186,3.66102,3.5248,0.183825,3.68232,1,0,7.0634,estimated,0.50,1.84116,5.52348
26,53,26.5000,53.5000,1.0000,53.0000,5,0.610169,0.0288529,3.66102,0.069076,ok,0.186631,,0.186631,3.66102,3.4786,0.186426,3.67264,1,0,6.9648,estimated,0.50,1.83632,5.50896
27,53,27.5000,53.5000,1.0000,55.0000,5,0.610169,0.0288529,3.66102,0.066564,ok,0.189077,,0.189077,3.66102,3.4336,0.188993,3.66557,1,0,6.8702,estimated,0.50,1.83279,5.49836
28,53,28.5000,53.5000,1.0000,57.0000,5,0.610169,0.0288529,3.66102,0.064228,ok,0.191522,,0.191522,3.66102,3.3898,0.191530,3.66064,1,0,6.7793,estimated,0.50,1.83032,5.49096
29,53,29.5000,53.5000,1.0000,59.0000,5,0.610169,0.0288529,3.66102,0.062051,ok,0.193968,,0.193968,3.66102,3.3470,0.194041,3.65733,1,0,6.6915,estimated,0.50,1.82866,5.48599
30,53,30.5000,53.5000,1.0000,61.0000,5,0.610169,0.0288529,3.66102,0.060017,ok,0.196414,,0.196414,3.66102,3.3053,0.196543,3.65467,1,0,6.6063,estimated,0.50,1.82734,5.48201
31,53,31.5000,53.5000,1.0000,63.0000,5,0.610169,0.0288529,3.66102,0.058111,ok,0.198859,,0.198859,3.66102,3.2647,0.199021,3.65332,1,0,6.5241,estimated,0.50,1.82666,5.47999
32,53,32.5000,53.5000,1.0000,65.0000,5,0.610169,0.0288529,3.66102,0.056323,ok,0.201305,,0.201305,3.66102,3.2250,0.201491,3.65247,1,0,6.4441,estimated,0.50,1.82623,5.47870
33,53,33.5000,53.5000,1.0000,67.0000,5,0.610169,0.0288529,3.66102,0.054642,ok,0.203750,,0.203750,3.66102,3.1863,0.203949,3.65214,1,0,6.3664,estimated,0.50,1.82607,5.47820
34,53,34.5000,53.5000,1.0000,69.0000,5,0.610169,0.0288529,3.66102,0.053058,ok,0.206196,,0.206196,3.66102,3.1485,0.206394,3.65246,1,0,6.2910,estimated,0.50,1.82623,5.47869
35,53,35.5000,53.5000,1.0000,71.0000,5,0.610169,0.0288529,3.66102,0.051564,ok,0.208641,,0.208641,3.66102,3.1116,0.208812,3.65386,1,0,6.2182,estimated,0.50,1.82693,5.48079
36,53,36.5000,53.5000,1.0000,73.0000,5,0.610169,0.0288529,3.66102,0.050151,ok,0.211087,,0.211087,3.66102,3.0756,0.211180,3.65721,1,0,6.1485,estimated,0.50,1.82860,5.48581
37,53,37.5000,53.5000,1.0000,75.0000,5,0.610169,0.0288529,3.66102,0.048814,ok,0.213533,,0.213533,3.66102,3.0404,0.213457,3.66403,1,0,6.0829,estimated,0.50,1.83202,5.49605
38,53,38.5000,53.5000,1.0000,77.0000,5,0.610169,0.0288529,3.66102,0.047546,ok,0.215978,,0.215978,3.66102,3.0059,0.215575,3.67676,1,0,6.0231,estimated,0.50,1.83838,5.51513
39,53,39.5000,53.5000,1.0000,79.0000,5,0.610169,0.0288529,3.66102,0.046342,ok,0.218424,,0.218424,3.66102,2.9723,0.217462,3.69785,1,0,5.9708,estimated,0.50,1.84892,5.54677
40,53,40.5000,53.5000,1.0000,81.0000,5,0.610169,0.0288529,3.66102,0.045198,ok,0.220869,,0.220869,3.66102,2.9394,0.218942,3.73367,1,0,5.9305,estimated,0.50,1.86684,5.60051
41,53,41.5000,53.5000,1.0000,83.0000,5,0.610169,0.0288529,3.66102,0.044109,ok,0.223315,,0.223315,3.66102,2.9072,0.219911,3.78806,1,0,5.9043,estimated,0.50,1.89403,5.68209
42,53,42.5000,53.5000,1.0000,84.7056,2,0.610169,0.0288529,3.66102,0.043220,ok,0.225400,,0.225400,3.66102,2.8803,0.220251,3.85256,1,0,5.8952,estimated,0.50,1.92628,5.77885
43,53,43.5000,53.5000,1.0000,82.7056,2,0.610169,0.0288529,3.66102,0.044266,ok,0.222955,,0.222955,3.66102,2.9119,0.219807,3.77864,1,0,5.9071,estimated,0.50,1.88932,5.66796
44,53,44.5000,53.5000,1.0000,80.7056,2,0.610169,0.0288529,3.66102,0.045363,ok,0.220509,,0.220509,3.66102,2.9442,0.218756,3.72726,1,0,5.9355,estimated,0.50,1.86363,5.59088
45,53,45.5000,53.5000,1.0000,78.7056,2,0.610169,0.0288529,3.66102,0.046515,ok,0.218064,,0.218064,3.66102,2.9772,0.217211,3.69374,1,0,5.9777,estimated,0.50,1.84687,5.54062
46,53,46.5000,53.5000,1.0000,76.7056,2,0.610169,0.0288529,3.66102,0.047728,ok,0.215618,,0.215618,3.66102,3.0109,0.215279,3.67430,1,0,6.0314,estimated,0.50,1.83715,5.51145
47,53,47.5000,53.5000,1.0000,74.7056,2,0.610169,0.0288529,3.66102,0.049006,ok,0.213173,,0.213173,3.66102,3.0455,0.213132,3.66266,1,0,6.0922,estimated,0.50,1.83133,5.49399
48,53,48.5000,53.5000,1.0000,72.7056,2,0.610169,0.0288529,3.66102,0.050354,ok,0.210727,,0.210727,3.66102,3.0808,0.210837,3.65650,1,0,6.1585,estimated,0.50,1.82825,5.48474
49,53,49.5000,53.5000,1.0000,70.7056,2,0.610169,0.0288529,3.66102,0.051778,ok,0.208281,,0.208281,3.66102,3.1170,0.208459,3.65353,1,0,6.2287,estimated,0.50,1.82676,5.48029
50,53,50.5000,53.5000,1.0000,68.7056,2,0.610169,0.0288529,3.66102,0.053286,ok,0.205836,,0.205836,3.66102,3.1540,0.206035,3.65234,1,0,6.3020,estimated,0.50,1.82617,5.47851
51,53,51.5000,53.5000,1.0000,66.7056,2,0.610169,0.0288529,3.66102,0.054883,ok,0.203390,,0.203390,3.66102,3.1920,0.203588,3.65214,1,0,6.3777,estimated,0.50,1.82607,5.47822
52,53,52.5000,53.5000,1.0000,64.7056,2,0.610169,0.0288529,3.66102,0.056580,ok,0.200945,,0.200945,3.66102,3.2308,0.201128,3.65256,1,0,6.4557,estimated,0.50,1.82628,5.47884
53,53,53.5000,53.5000,1.0000,62.7056,2,0.610169,0.0288529,3.66102,0.058384,ok,0.198499,,0.198499,3.66102,3.2706,0.198657,3.65349,1,0,6.5360,estimated,0.50,1.82674,5.48023
54,53,54.5000,53.5000,1.0000,60.7056,2,0.610169,0.0288529,3.66102,0.060308,ok,0.196054,,0.196054,3.66102,3.3114,0.196177,3.65493,1,0,6.6187,estimated,0.50,1.82746,5.48239
55,53,55.5000,53.5000,1.0000,58.7056,2,0.610169,0.0288529,3.66102,0.062362,ok,0.193608,,0.193608,3.66102,3.3532,0.193672,3.65774,1,0,6.7043,estimated,0.50,1.82887,5.48661
56,53,56.5000,53.5000,1.0000,56.7056,2,0.610169,0.0288529,3.66102,0.064562,ok,0.191162,,0.191162,3.66102,3.3961,0.191158,3.66126,1,0,6.7924,estimated,0.50,1.83063,5.49189
57,53,57.5000,53.5000,1.0000,54.7056,2,0.610169,0.0288529,3.66102,0.066922,ok,0.188717,,0.188717,3.66102,3.4402,0.188617,3.66647,1,0,6.8839,estimated,0.50,1.83324,5.49971
58,53,58.5000,53.5000,1.0000,52.7056,2,0.610169,0.0288529,3.66102,0.069462,ok,0.186271,,0.186271,3.66102,3.4853,0.186045,3.67390,1,0,6.9791,estimated,0.50,1.83695,5.51085
59,53,59.5000,53.5000,1.0000,50.7056,2,0.610169,0.0288529,3.66102,0.072201,ok,0.183826,,0.183826,3.66102,3.5317,0.183439,3.68400,1,0,7.0783,estimated,0.50,1.84200,5.52600
60,53,60.5000,53.5000,1.0000,48.7056,2,0.610169,0.0288529,3.66102,0.075166,ok,0.181380,,0.181380,3.66102,3.5793,0.180800,3.69705,1,0,7.1816,estimated,0.50,1.84853,5.54558
61,53,61.5000,53.5000,1.0000,46.7056,2,0.610169,0.0288529,3.66102,0.078385,ok,0.178733,,0.178733,3.66102,3.6323,0.178133,3.69365,1,0,7.2891,estimated,0.50,1.84683,5.54048
62,53,62.5000,53.5000,1.0000,44.7056,2,0.610169,0.0288529,3.66102,0.081892,ok,0.175825,,0.175825,3.66102,3.6924,0.175448,3.68241,1,0,7.4007,estimated,0.50,1.84120,5.52361
63,53,63.5000,53.5000,1.0000,42.7056,2,0.610169,0.0288529,3.66102,0.085727,ok,0.172917,,0.172917,3.66102,3.7545,0.172780,3.66911,1,0,7.5149,estimated,0.50,1.83456,5.50367
64,53,64.5000,53.5000,1.0000,40.7056,2,0.610169,0.0288529,3.66102,0.089939,ok,0.170010,,0.170010,3.66102,3.8187,0.170151,3.65230,1,0,7.6311,estimated,0.50,1.82615,5.47845
65,53,65.5000,53.5000,1.0000,38.7056,2,0.610169,0.0288529,3.66102,0.094586,ok,0.167102,,0.167102,3.66102,3.8852,0.167585,3.62983,1,0,7.7479,estimated,0.50,1.81491,5.44474
66,53,66.5000,53.5000,1.0000,36.7056,2,0.610169,0.0288529,3.66102,0.099740,ok,0.164194,,0.164194,3.66102,3.9540,0.165108,3.59936,1,0,7.8641,estimated,0.50,1.79968,5.39903
67,53,67.5000,53.5000,1.0000,34.7056,2,0.610169,0.0288529,3.66102,0.105488,ok,0.161286,,0.161286,3.66102,4.0252,0.162740,3.55848,1,0,7.9786,estimated,0.50,1.77924,5.33772
68,53,68.5000,53.5000,1.0000,32.7056,2,0.610169,0.0288529,3.66102,0.111938,ok,0.158378,,0.158378,3.66102,4.0991,0.160491,3.50525,1,0,8.0904,estimated,0.50,1.75262,5.25787
69,53,69.5000,53.5000,1.0000,30.7056,2,0.610169,0.0288529,3.66102,0.119230,ok,0.156475,,0.156475,3.66102,4.1490,0.158362,3.43828,1,0,8.1991,estimated,0.50,1.71914,5.15742
70,53,70.5000,53.5000,1.0000,28.7056,2,0.610169,0.0288529,3.66102,0.127537,ok,0.155147,,0.155147,3.66102,4.1845,0.156356,3.44335,1,0,8.3043,estimated,0.50,1.72167,5.16502
71,53,71.5000,53.5000,1.0000,26.7056,2,0.610169,0.0288529,3.66102,0.137088,ok,0.153725,,0.153725,3.66102,4.2232,0.154480,3.52330,1,0,8.4052,estimated,0.50,1.76165,5.28496
72,53,72.5000,53.5000,1.0000,24.7056,2,0.610169,0.0288529,3.66102,0.148186,ok,0.152196,,0.152196,3.66102,4.2656,0.152747,3.55958,1,0,8.5005,estimated,0.50,1.77979,5.33937
73,53,73.5000,53.5000,1.0000,22.7056,2,0.610169,0.0288529,3.66102,0.161238,ok,0.150551,,0.150551,3.66102,4.3123,0.151163,3.54749,1,0,8.5896,estimated,0.50,1.77374,5.32123
74,53,74.5000,53.5000,1.0000,20.7056,2,0.610169,0.0288529,3.66102,0.176813,ok,0.148773,,0.148773,3.66102,4.3638,0.149754,3.47891,1,0,8.6704,estimated,0.50,1.73945,5.21836
75,53,75.5000,53.5000,1.0000,18.7056,2,0.610169,0.0288529,3.66102,0.195717,ok,0.146847,,0.146847,3.66102,4.4210,0.148501,3.35483,1,0,8.7436,estimated,0.50,1.67741,5.03224
76,53,76.5000,53.5000,1.0000,16.7056,2,0.610169,0.0288529,3.66102,0.219149,ok,0.144754,,0.144754,3.66102,4.4850,0.147425,3.17082,1,0,8.8074,estimated,0.50,1.58541,4.75623
77,53,77.5000,53.5000,1.0000,14.7056,2,0.610169,0.0288529,3.66102,0.248953,too_firm,,3.55265,0.143000,3.55265,4.5400,0.146511,2.93033,1,0,8.8624,estimated,0.50,1.46516,4.39549
78,53,78.5000,53.5000,1.0000,12.7056,2,0.610169,0.0288529,3.66102,0.288141,beyond_data,,3.06948,0.143000,3.06948,4.5400,0.145712,2.64293,1,0,8.9109,estimated,0.50,1.32147,3.96440
79,53,79.5000,53.5000,1.0000,10.7056,2,0.593220,0.0288529,3.55932,0.332472,beyond_data,,2.58631,0.143000,2.58631,4.5400,0.145060,2.30720,1,0,8.9510,estimated,0.50,1.15360,3.46079
80,53,80.5000,53.5000,1.0000,8.7056,2,0.576271,0.0288529,3.45763,0.397171,beyond_data,,2.10315,0.143000,2.10315,4.5400,0.144539,1.93040,1,0,8.9832,estimated,0.50,0.96520,2.89561
81,53,81.5000,53.5000,1.0000,6.7056,2,0.559322,0.0288529,3.35593,0.500465,beyond_data,,1.61998,0.143000,1.61998,4.5400,0.144133,1.52060,1,0,9.0085,estimated,0.50,0.76030,2.28091
82,53,82.5000,53.5000,1.0000,4.7056,2,0.542373,0.0288529,3.25424,0.691563,beyond_data,,1.13681,0.143000,1.13681,4.5400,0.143823,1.08563,1,1,9.0280,estimated,0.50,0.54281,1.62844
83,53,83.5000,53.5000,1.0000,2.7056,2,0.525424,0.0288529,3.15254,1.165180,beyond_data,,0.65364,0.143000,0.65364,4.5400,0.143589,0.63239,1,1,9.0427,estimated,0.50,0.31620,0.94859
84,53,84.5000,53.5000,1.0000,0.7056,2,0.508475,0.0288529,3.05085,4.323595,beyond_data,,0.17047,0.143000,0.17047,4.5400,0.143416,0.16653,1,1,9.0536,estimated,0.50,0.08327,0.24980
0,54,0.5000,54.5000,1.0000,1.0000,5,0.508475,0.0288529,3.05085,3.050847,beyond_data,,0.24158,0.143000,0.24158,4.5400,0.143482,0.23513,1,1,9.0494,estimated,0.50,0.11757,0.35270
1,54,1.5000,54.5000,1.0000,3.0000,5,0.525424,0.0288529,3.15254,1.050847,beyond_data,,0.72475,0.143000,0.72475,4.5400,0.143676,0.69781,1,1,9.0372,estimated,0.50,0.34891,1.04672
2,54,2.5000,54.5000,1.0000,5.0000,5,0.542373,0.0288529,3.25424,0.650847,beyond_data,,1.20792,0.143000,1.20792,4.5400,0.143935,1.14636,1,0,9.0210,estimated,0.50,0.57318,1.71955
3,54,3.5000,54.5000,1.0000,7.0000,5,0.559322,0.0288529,3.35593,0.479419,beyond_data,,1.69109,0.143000,1.69109,4.5400,0.144277,1.57480,1,0,8.9996,estimated,0.50,0.78740,2.36221
4,54,4.5000,54.5000,1.0000,9.0000,5,0.576271,0.0288529,3.45763,0.384181,beyond_data,,2.17426,0.143000,2.17426,4.5400,0.144721,1.97593,1,0,8.9720,estimated,0.50,0.98796,2.96389
5,54,5.5000,54.5000,1.0000,11.0000,5,0.593220,0.0288529,3.55932,0.323575,beyond_data,,2.65743,0.143000,2.65743,4.5400,0.145285,2.34175,1,0,8.9371,estimated,0.50,1.17087,3.51262
6,54,6.5000,54.5000,1.0000,13.0000,5,0.593220,0.0288529,3.55932,0.273794,too_firm,,3.14060,0.143000,3.14060,4.5400,0.145987,2.66426,1,0,8.8941,estimated,0.50,1.33213,3.99640
7,54,7.5000,54.5000,1.0000,15.0000,5,0.593220,0.0288529,3.55932,0.237288,ok,0.143319,,0.143319,3.55932,4.5299,0.146835,2.93770,1,0,8.8428,estimated,0.50,1.46885,4.40655
8,54,8.5000,54.5000,1.0000,17.0000,5,0.593220,0.0288529,3.55932,0.209372,ok,0.145592,,0.145592,3.55932,4.4592,0.147801,3.16315,1,0,8.7850,estimated,0.50,1.58158,4.74473
9,54,9.5000,54.5000,1.0000,19.0000,5,0.593220,0.0288529,3.55932,0.187333,ok,0.147673,,0.147673,3.55932,4.3963,0.148950,3.32845,1,0,8.7172,estimated,0.50,1.66422,4.99267
10,54,10.5000,54.5000,1.0000,21.0000,5,0.593220,0.0288529,3.55932,0.169492,ok,0.149585,,0.149585,3.55932,4.3401,0.150283,3.43301,1,0,8.6399,estimated,0.50,1.71651,5.14952
11,54,11.5000,54.5000,1.0000,23.0000,5,0.593220,0.0288529,3.55932,0.154753,ok,0.151349,,0.151349,3.55932,4.2895,0.151779,3.48185,1,0,8.5548,estimated,0.50,1.74092,5.22277
12,54,12.5000,54.5000,1.0000,25.0000,5,0.593220,0.0288529,3.55932,0.142373,ok,0.152981,,0.152981,3.55932,4.2438,0.153454,3.47476,1,0,8.4614,estimated,0.50,1.73738,5.21214
13,54,13.5000,54.5000,1.0000,27.0000,5,0.593220,0.0288529,3.55932,0.131827,ok,0.154495,,0.154495,3.55932,4.2022,0.155282,3.42008,1,0,8.3618,estimated,0.50,1.71004,5.13012
14,54,14.5000,54.5000,1.0000,29.0000,5,0.593220,0.0288529,3.55932,0.122735,ok,0.155904,,0.155904,3.55932,4.1642,0.157259,3.32444,1,0,8.2566,estimated,0.50,1.66222,4.98666
15,54,15.5000,54.5000,1.0000,31.0000,5,0.593220,0.0288529,3.55932,0.114817,ok,0.157218,,0.157218,3.55932,4.1294,0.159371,3.39912,1,0,8.1472,estimated,0.50,1.69956,5.09869
16,54,16.5000,54.5000,1.0000,33.0000,5,0.593220,0.0288529,3.55932,0.107858,ok,0.160177,,0.160177,3.55932,4.0531,0.161610,3.45889,1,0,8.0343,estimated,0.50,1.72944,5.18833
17,54,17.5000,54.5000,1.0000,35.0000,5,0.593220,0.0288529,3.55932,0.101695,ok,0.163168,,0.163168,3.55932,3.9788,0.163977,3.50512,1,0,7.9184,estimated,0.50,1.75256,5.25768
18,54,18.5000,54.5000,1.0000,37.0000,5,0.593220,0.0288529,3.55932,0.096198,ok,0.166159,,0.166159,3.55932,3.9072,0.166467,3.53962,1,0,7.7999,estimated,0.50,1.76981,5.30944
19,54,19.5000,54.5000,1.0000,39.0000,5,0.593220,0.0288529,3.55932,0.091265,ok,0.169150,,0.169150,3.55932,3.8381,0.169058,3.56491,1,0,7.6804,estimated,0.50,1.78245,5.34736
20,54,20.5000,54.5000,1.0000,41.0000,5,0.593220,0.0288529,3.55932,0.086813,ok,0.172141,,0.172141,3.55932,3.7714,0.171729,3.58338,1,0,7.5609,estimated,0.50,1.79169,5.37507
21,54,21.5000,54.5000,1.0000,43.0000,5,0.593220,0.0288529,3.55932,0.082775,ok,0.175132,,0.175132,3.55932,3.7070,0.174451,3.59737,1,0,7.4429,estimated,0.50,1.79869,5.39606
22,54,22.5000,54.5000,1.0000,45.0000,5,0.593220,0.0288529,3.55932,0.079096,ok,0.178123,,0.178123,3.55932,3.6448,0.177204,3.60858,1,0,7.3273,estimated,0.50,1.80429,5.41286
23,54,23.5000,54.5000,1.0000,47.0000,5,0.593220,0.0288529,3.55932,0.075730,ok,0.180937,,0.180937,3.55932,3.5881,0.179947,3.61942,1,0,7.2156,estimated,0.50,1.80971,5.42913
24,54,24.5000,54.5000,1.0000,49.0000,5,0.593220,0.0288529,3.55932,0.072639,ok,0.183452,,0.183452,3.55932,3.5389,0.182664,3.60539,1,0,7.1083,estimated,0.50,1.80270,5.40809
25,54,25.5000,54.5000,1.0000,51.0000,5,0.593220,0.0288529,3.55932,0.069791,ok,0.185967,,0.185967,3.55932,3.4910,0.185351,3.59384,1,0,7.0052,estimated,0.50,1.79692,5.39076
26,54,26.5000,54.5000,1.0000,53.0000,5,0.593220,0.0288529,3.55932,0.067157,ok,0.188483,,0.188483,3.55932,3.4444,0.188004,3.58510,1,0,6.9064,estimated,0.50,1.79255,5.37764
27,54,27.5000,54.5000,1.0000,55.0000,5,0.593220,0.0288529,3.55932,0.064715,ok,0.190998,,0.190998,3.55932,3.3991,0.190623,3.57874,1,0,6.8115,estimated,0.50,1.78937,5.36811
28,54,28.5000,54.5000,1.0000,57.0000,5,0.593220,0.0288529,3.55932,0.062444,ok,0.193514,,0.193514,3.55932,3.3549,0.193215,3.57424,1,0,6.7201,estimated,0.50,1.78712,5.36136
29,54,29.5000,54.5000,1.0000,59.0000,5,0.593220,0.0288529,3.55932,0.060327,ok,0.196029,,0.196029,3.55932,3.3118,0.195795,3.57058,1,0,6.6316,estimated,0.50,1.78529,5.35588
30,54,30.5000,54.5000,1.0000,61.0000,5,0.593220,0.0288529,3.55932,0.058350,ok,0.198545,,0.198545,3.55932,3.2699,0.198349,3.56842,1,0,6.5462,estimated,0.50,1.78421,5.35262
31,54,31.5000,54.5000,1.0000,63.0000,5,0.593220,0.0288529,3.55932,0.056497,ok,0.201060,,0.201060,3.55932,3.2290,0.200893,3.56683,1,0,6.4633,estimated,0.50,1.78341,5.35024
32,54,32.5000,54.5000,1.0000,65.0000,5,0.593220,0.0288529,3.55932,0.054759,ok,0.203576,,0.203576,3.55932,3.1891,0.203431,3.56563,1,0,6.3827,estimated,0.50,1.78282,5.34845
33,54,33.5000,54.5000,1.0000,67.0000,5,0.593220,0.0288529,3.55932,0.053124,ok,0.206091,,0.206091,3.55932,3.1501,0.205959,3.56489,1,0,6.3043,estimated,0.50,1.78245,5.34734
34,54,34.5000,54.5000,1.0000,69.0000,5,0.593220,0.0288529,3.55932,0.051584,ok,0.208606,,0.208606,3.55932,3.1122,0.208474,3.56476,1,0,6.2283,estimated,0.50,1.78238,5.34715
35,54,35.5000,54.5000,1.0000,71.0000,5,0.593220,0.0288529,3.55932,0.050131,ok,0.211122,,0.211122,3.55932,3.0751,0.210963,3.56567,1,0,6.1548,estimated,0.50,1.78284,5.34851
36,54,36.5000,54.5000,1.0000,73.0000,5,0.593220,0.0288529,3.55932,0.048758,ok,0.213637,,0.213637,3.55932,3.0389,0.213402,3.56846,1,0,6.0844,estimated,0.50,1.78423,5.35269
37,54,37.5000,54.5000,1.0000,75.0000,5,0.593220,0.0288529,3.55932,0.047458,ok,0.216153,,0.216153,3.55932,3.0035,0.215750,3.57460,1,0,6.0182,estimated,0.50,1.78730,5.36190
38,54,38.5000,54.5000,1.0000,77.0000,5,0.593220,0.0288529,3.55932,0.046225,ok,0.218668,,0.218668,3.55932,2.9689,0.217960,3.58554,1,0,5.9572,estimated,0.50,1.79277,5.37831
39,54,39.5000,54.5000,1.0000,79.0000,5,0.593220,0.0288529,3.55932,0.045055,ok,0.221184,,0.221184,3.55932,2.9352,0.219885,3.60646,1,0,5.9050,estimated,0.50,1.80323,5.40969
40,54,40.5000,54.5000,1.0000,81.0000,5,0.593220,0.0288529,3.55932,0.043942,ok,0.223699,,0.223699,3.55932,2.9022,0.221421,3.64072,1,0,5.8641,estimated,0.50,1.82036,5.46108
41,54,41.5000,54.5000,1.0000,83.0000,5,0.593220,0.0288529,3.55932,0.042883,ok,0.226198,,0.226198,3.55932,2.8701,0.222432,3.69315,1,0,5.8374,estimated,0.50,1.84657,5.53972
42,54,42.5000,54.5000,1.0000,84.7056,2,0.593220,0.0288529,3.55932,0.042020,ok,0.228180,,0.228180,3.55932,2.8452,0.222787,3.75578,1,0,5.8281,estimated,0.50,1.87789,5.63368
43,54,43.5000,54.5000,1.0000,82.7056,2,0.593220,0.0288529,3.55932,0.043036,ok,0.225844,,0.225844,3.55932,2.8746,0.222323,3.68403,1,0,5.8403,estimated,0.50,1.84202,5.52605
44,54,44.5000,54.5000,1.0000,80.7056,2,0.593220,0.0288529,3.55932,0.044103,ok,0.223329,,0.223329,3.55932,2.9070,0.221228,3.63456,1,0,5.8692,estimated,0.50,1.81728,5.45184
45,54,45.5000,54.5000,1.0000,78.7056,2,0.593220,0.0288529,3.55932,0.045223,ok,0.220813,,0.220813,3.55932,2.9401,0.219626,3.60255,1,0,5.9120,estimated,0.50,1.80128,5.40383
46,54,46.5000,54.5000,1.0000,76.7056,2,0.593220,0.0288529,3.55932,0.046402,ok,0.218298,,0.218298,3.55932,2.9740,0.217654,3.58323,1,0,5.9656,estimated,0.50,1.79162,5.37485
47,54,47.5000,54.5000,1.0000,74.7056,2,0.593220,0.0288529,3.55932,0.047645,ok,0.215783,,0.215783,3.55932,3.0087,0.215414,3.57334,1,0,6.0276,estimated,0.50,1.78667,5.36001
48,54,48.5000,54.5000,1.0000,72.7056,2,0.593220,0.0288529,3.55932,0.048955,ok,0.213267,,0.213267,3.55932,3.0441,0.213049,3.56784,1,0,6.0945,estimated,0.50,1.78392,5.35177
49,54,49.5000,54.5000,1.0000,70.7056,2,0.593220,0.0288529,3.55932,0.050340,ok,0.210752,,0.210752,3.55932,3.0805,0.210599,3.56543,1,0,6.1654,estimated,0.50,1.78271,5.34814
50,54,50.5000,54.5000,1.0000,68.7056,2,0.593220,0.0288529,3.55932,0.051805,ok,0.208236,,0.208236,3.55932,3.1177,0.208105,3.56472,1,0,6.2393,estimated,0.50,1.78236,5.34708
51,54,51.5000,54.5000,1.0000,66.7056,2,0.593220,0.0288529,3.55932,0.053359,ok,0.205721,,0.205721,3.55932,3.1558,0.205588,3.56497,1,0,6.3157,estimated,0.50,1.78248,5.34745
52,54,52.5000,54.5000,1.0000,64.7056,2,0.593220,0.0288529,3.55932,0.055008,ok,0.203205,,0.203205,3.55932,3.1949,0.203058,3.56578,1,0,6.3944,estimated,0.50,1.78289,5.34867
53,54,53.5000,54.5000,1.0000,62.7056,2,0.593220,0.0288529,3.55932,0.056762,ok,0.200690,,0.200690,3.55932,3.2349,0.200519,3.56704,1,0,6.4753,estimated,0.50,1.78352,5.35056
54,54,54.5000,54.5000,1.0000,60.7056,2,0.593220,0.0288529,3.55932,0.058632,ok,0.198174,,0.198174,3.55932,3.2760,0.197974,3.56869,1,0,6.5586,estimated,0.50,1.78435,5.35304
55,54,55.5000,54.5000,1.0000,58.7056,2,0.593220,0.0288529,3.55932,0.060630,ok,0.195659,,0.195659,3.55932,3.3181,0.195418,3.57097,1,0,6.6444,estimated,0.50,1.78549,5.35646
56,54,56.5000,54.5000,1.0000,56.7056,2,0.593220,0.0288529,3.55932,0.062768,ok,0.193144,,0.193144,3.55932,3.3613,0.192835,3.57481,1,0,6.7334,estimated,0.50,1.78741,5.36222
57,54,57.5000,54.5000,1.0000,54.7056,2,0.593220,0.0288529,3.55932,0.065063,ok,0.190628,,0.190628,3.55932,3.4057,0.190239,3.57955,1,0,6.8252,estimated,0.50,1.78978,5.36933
58,54,58.5000,54.5000,1.0000,52.7056,2,0.593220,0.0288529,3.55932,0.067532,ok,0.188113,,0.188113,3.55932,3.4512,0.187615,3.58623,1,0,6.9207,estimated,0.50,1.79312,5.37935
59,54,59.5000,54.5000,1.0000,50.7056,2,0.593220,0.0288529,3.55932,0.070196,ok,0.185597,,0.185597,3.55932,3.4980,0.184958,3.59537,1,0,7.0201,estimated,0.50,1.79768,5.39305
60,54,60.5000,54.5000,1.0000,48.7056,2,0.593220,0.0288529,3.55932,0.073078,ok,0.183082,,0.183082,3.55932,3.5460,0.182266,3.60736,1,0,7.1238,estimated,0.50,1.80368,5.41105
61,54,61.5000,54.5000,1.0000,46.7056,2,0.593220,0.0288529,3.55932,0.076208,ok,0.180566,,0.180566,3.55932,3.5954,0.179544,3.61781,1,0,7.2318,estimated,0.50,1.80891,5.42672
62,54,62.5000,54.5000,1.0000,44.7056,2,0.593220,0.0288529,3.55932,0.079617,ok,0.177682,,0.177682,3.55932,3.6538,0.176799,3.60698,1,0,7.3441,estimated,0.50,1.80349,5.41047
63,54,63.5000,54.5000,1.0000,42.7056,2,0.593220,0.0288529,3.55932,0.083346,ok,0.174691,,0.174691,3.55932,3.7164,0.174048,3.59553,1,0,7.4602,estimated,0.50,1.79777,5.39330
64,54,64.5000,54.5000,1.0000,40.7056,2,0.593220,0.0288529,3.55932,0.087441,ok,0.171700,,0.171700,3.55932,3.7811,0.171332,3.58102,1,0,7.5785,estimated,0.50,1.79051,5.37152
65,54,65.5000,54.5000,1.0000,38.7056,2,0.593220,0.0288529,3.55932,0.091959,ok,0.168710,,0.168710,3.55932,3.8481,0.168671,3.56170,1,0,7.6980,estimated,0.50,1.78085,5.34255
66,54,66.5000,54.5000,1.0000,36.7056,2,0.593220,0.0288529,3.55932,0.096969,ok,0.165719,,0.165719,3.55932,3.9176,0.166093,3.53522,1,0,7.8175,estimated,0.50,1.76761,5.30283
67,54,67.5000,54.5000,1.0000,34.7056,2,0.593220,0.0288529,3.55932,0.102557,ok,0.162728,,0.162728,3.55932,3.9896,0.163620,3.49919,1,0,7.9357,estimated,0.50,1.74959,5.24878
68,54,68.5000,54.5000,1.0000,32.7056,2,0.593220,0.0288529,3.55932,0.108829,ok,0.159737,,0.159737,3.55932,4.0643,0.161271,3.45109,1,0,8.0513,estimated,0.50,1.72555,5.17664
69,54,69.5000,54.5000,1.0000,30.7056,2,0.593220,0.0288529,3.55932,0.115918,ok,0.157030,,0.157030,3.55932,4.1343,0.159050,3.38927,1,0,8.1637,estimated,0.50,1.69463,5.08390
70,54,70.5000,54.5000,1.0000,28.7056,2,0.593220,0.0288529,3.55932,0.123994,ok,0.155703,,0.155703,3.55932,4.1696,0.156957,3.33990,1,0,8.2725,estimated,0.50,1.66995,5.00986
71,54,71.5000,54.5000,1.0000,26.7056,2,0.593220,0.0288529,3.55932,0.133280,ok,0.154279,,0.154279,3.55932,4.2081,0.154999,3.43165,1,0,8.3770,estimated,0.50,1.71582,5.14747
72,54,72.5000,54.5000,1.0000,24.7056,2,0.593220,0.0288529,3.55932,0.144069,ok,0.152749,,0.152749,3.55932,4.2502,0.153191,3.47996,1,0,8.4759,estimated,0.50,1.73998,5.21994
73,54,73.5000,54.5000,1.0000,22.7056,2,0.593220,0.0288529,3.55932,0.156759,ok,0.151098,,0.151098,3.55932,4.2966,0.151538,3.47989,1,0,8.5683,estimated,0.50,1.73994,5.21983
74,54,74.5000,54.5000,1.0000,20.7056,2,0.593220,0.0288529,3.55932,0.171901,ok,0.149313,,0.149313,3.55932,4.3480,0.150066,3.42312,1,0,8.6524,estimated,0.50,1.71156,5.13468
75,54,75.5000,54.5000,1.0000,18.7056,2,0.593220,0.0288529,3.55932,0.190281,ok,0.147377,,0.147377,3.55932,4.4051,0.148757,3.31010,1,0,8.7285,estimated,0.50,1.65505,4.96516
76,54,76.5000,54.5000,1.0000,16.7056,2,0.593220,0.0288529,3.55932,0.213061,ok,0.145270,,0.145270,3.55932,4.4690,0.147632,3.13617,1,0,8.7950,estimated,0.50,1.56808,4.70425
77,54,77.5000,54.5000,1.0000,14.7056,2,0.593220,0.0288529,3.55932,0.242038,too_firm,,3.55265,0.143000,3.55265,4.5400,0.146689,2.90245,1,0,8.8516,estimated,0.50,1.45123,4.35368
78,54,78.5000,54.5000,1.0000,12.7056,2,0.593220,0.0288529,3.55932,0.280137,too_firm,,3.06948,0.143000,3.06948,4.5400,0.145856,2.62240,1,0,8.9021,estimated,0.50,1.31120,3.93360
79,54,79.5000,54.5000,1.0000,10.7056,2,0.593220,0.0288529,3.55932,0.332472,beyond_data,,2.58631,0.143000,2.58631,4.5400,0.145175,2.29277,1,0,8.9439,estimated,0.50,1.14639,3.43916
80,54,80.5000,54.5000,1.0000,8.7056,2,0.576271,0.0288529,3.45763,0.397171,beyond_data,,2.10315,0.143000,2.10315,4.5400,0.144630,1.92084,1,0,8.9776,estimated,0.50,0.96042,2.88126
81,54,81.5000,54.5000,1.0000,6.7056,2,0.559322,0.0288529,3.35593,0.500465,beyond_data,,1.61998,0.143000,1.61998,4.5400,0.144203,1.51472,1,0,9.0042,estimated,0.50,0.75736,2.27208
82,54,82.5000,54.5000,1.0000,4.7056,2,0.542373,0.0288529,3.25424,0.691563,beyond_data,,1.13681,0.143000,1.13681,4.5400,0.143876,1.08239,1,1,9.0246,estimated,0.50,0.54120,1.62359
83,54,83.5000,54.5000,1.0000,2.7056,2,0.525424,0.0288529,3.15254,1.165180,beyond_data,,0.65364,0.143000,0.65364,4.5400,0.143629,0.63096,1,1,9.0401,estimated,0.50,0.31548,0.94644
84,54,84.5000,54.5000,1.0000,0.7056,2,0.508475,0.0288529,3.05085,4.323595,beyond_data,,0.17047,0.143000,0.17047,4.5400,0.143446,0.16625,1,1,9.0517,estimated,0.50,0.08312,0.24937
0,55,0.5000,55.5000,1.0000,1.0000,5,0.508475,0.0288529,3.05085,3.050847,beyond_data,,0.24158,0.143000,0.24158,4.5400,0.143514,0.23471,1,1,9.0474,estimated,0.50,0.11735,0.35206
1,55,1.5000,55.5000,1.0000,3.0000,5,0.525424,0.0288529,3.15254,1.050847,beyond_data,,0.72475,0.143000,0.72475,4.5400,0.143718,0.69615,1,1,9.0345,estimated,0.50,0.34807,1.04422
2,55,2.5000,55.5000,1.0000,5.0000,5,0.542373,0.0288529,3.25424,0.650847,beyond_data,,1.20792,0.143000,1.20792,4.5400,0.143991,1.14280,1,0,9.0174,estimated,0.50,0.57140,1.71420
3,55,3.5000,55.5000,1.0000,7.0000,5,0.559322,0.0288529,3.35593,0.479419,beyond_data,,1.69109,0.143000,1.69109,4.5400,0.144350,1.56850,1,0,8.9950,estimated,0.50,0.78425,2.35275
4,55,4.5000,55.5000,1.0000,9.0000,5,0.576271,0.0288529,3.45763,0.384181,beyond_data,,2.17426,0.143000,2.17426,4.5400,0.144814,1.96588,1,0,8.9662,estimated,0.50,0.98294,2.94883
5,55,5.5000,55.5000,1.0000,11.0000,5,0.576271,0.0288529,3.45763,0.314330,beyond_data,,2.65743,0.143000,2.65743,4.5400,0.145402,2.32685,1,0,8.9299,estimated,0.50,1.16343,3.49028
6,55,6.5000,55.5000,1.0000,13.0000,5,0.576271,0.0288529,3.45763,0.265971,too_firm,,3.14060,0.143000,3.14060,4.5400,0.146134,2.64337,1,0,8.8852,estimated,0.50,1.32168,3.96505
7,55,7.5000,55.5000,1.0000,15.0000,5,0.576271,0.0288529,3.45763,0.230508,ok,0.143838,,0.143838,3.45763,4.5135,0.147002,2.91163,1,0,8.8327,estimated,0.50,1.45582,4.36745
8,55,8.5000,55.5000,1.0000,17.0000,5,0.576271,0.0288529,3.45763,0.203390,ok,0.146129,,0.146129,3.45763,4.4428,0.148009,3.12859,1,0,8.7726,estimated,0.50,1.56430,4.69289
9,55,9.5000,55.5000,1.0000,19.0000,5,0.576271,0.0288529,3.45763,0.181980,ok,0.148223,,0.148223,3.45763,4.3800,0.149207,3.28425,1,0,8.7022,estimated,0.50,1.64213,4.92638
10,55,10.5000,55.5000,1.0000,21.0000,5,0.576271,0.0288529,3.45763,0.164649,ok,0.150145,,0.150145,3.45763,4.3239,0.150580,3.38088,1,0,8.6229,estimated,0.50,1.69044,5.07132
11,55,11.5000,55.5000,1.0000,23.0000,5,0.576271,0.0288529,3.45763,0.150332,ok,0.151915,,0.151915,3.45763,4.2735,0.152151,3.41620,1,0,8.5338,estimated,0.50,1.70810,5.12430
12,55,12.5000,55.5000,1.0000,25.0000,5,0.576271,0.0288529,3.45763,0.138305,ok,0.153551,,0.153551,3.45763,4.2280,0.153893,3.39806,1,0,8.4372,estimated,0.50,1.69903,5.09709
13,55,13.5000,55.5000,1.0000,27.0000,5,0.576271,0.0288529,3.45763,0.128060,ok,0.155067,,0.155067,3.45763,4.1867,0.155794,3.33244,1,0,8.3343,estimated,0.50,1.66622,4.99866
14,55,14.5000,55.5000,1.0000,29.0000,5,0.576271,0.0288529,3.45763,0.119229,ok,0.156475,,0.156475,3.45763,4.1490,0.157849,3.28273,1,0,8.2258,estimated,0.50,1.64137,4.92410
15,55,15.5000,55.5000,1.0000,31.0000,5,0.576271,0.0288529,3.45763,0.111536,ok,0.158549,,0.158549,3.45763,4.0947,0.160043,3.35267,1,0,8.1130,estimated,0.50,1.67634,5.02901
16,55,16.5000,55.5000,1.0000,33.0000,5,0.576271,0.0288529,3.45763,0.104777,ok,0.161628,,0.161628,3.45763,4.0167,0.162377,3.40745,1,0,7.9964,estimated,0.50,1.70372,5.11117
17,55,17.5000,55.5000,1.0000,35.0000,5,0.576271,0.0288529,3.45763,0.098789,ok,0.164707,,0.164707,3.45763,3.9416,0.164842,3.44900,1,0,7.8768,estimated,0.50,1.72450,5.17350
18,55,18.5000,55.5000,1.0000,37.0000,5,0.576271,0.0288529,3.45763,0.093449,ok,0.167786,,0.167786,3.45763,3.8693,0.167429,3.47944,1,0,7.7551,estimated,0.50,1.73972,5.21916
19,55,19.5000,55.5000,1.0000,39.0000,5,0.576271,0.0288529,3.45763,0.088657,ok,0.170865,,0.170865,3.45763,3.7996,0.170115,3.50136,1,0,7.6327,estimated,0.50,1.75068,5.25204
20,55,20.5000,55.5000,1.0000,41.0000,5,0.576271,0.0288529,3.45763,0.084332,ok,0.173944,,0.173944,3.45763,3.7323,0.172874,3.51726,1,0,7.5109,estimated,0.50,1.75863,5.27590
21,55,21.5000,55.5000,1.0000,43.0000,5,0.576271,0.0288529,3.45763,0.080410,ok,0.177023,,0.177023,3.45763,3.6674,0.175675,3.52947,1,0,7.3911,estimated,0.50,1.76474,5.29421
22,55,22.5000,55.5000,1.0000,45.0000,5,0.576271,0.0288529,3.45763,0.076836,ok,0.180086,,0.180086,3.45763,3.6050,0.178498,3.53960,1,0,7.2742,estimated,0.50,1.76980,5.30940
23,55,23.5000,55.5000,1.0000,47.0000,5,0.576271,0.0288529,3.45763,0.073567,ok,0.182675,,0.182675,3.45763,3.5539,0.181295,3.53789,1,0,7.1620,estimated,0.50,1.76895,5.30684
24,55,24.5000,55.5000,1.0000,49.0000,5,0.576271,0.0288529,3.45763,0.070564,ok,0.185265,,0.185265,3.45763,3.5043,0.184065,3.52424,1,0,7.0542,estimated,0.50,1.76212,5.28637
25,55,25.5000,55.5000,1.0000,51.0000,5,0.576271,0.0288529,3.45763,0.067797,ok,0.187854,,0.187854,3.45763,3.4560,0.186803,3.51358,1,0,6.9508,estimated,0.50,1.75679,5.27037
26,55,26.5000,55.5000,1.0000,53.0000,5,0.576271,0.0288529,3.45763,0.065238,ok,0.190443,,0.190443,3.45763,3.4090,0.189505,3.50556,1,0,6.8517,estimated,0.50,1.75278,5.25835
27,55,27.5000,55.5000,1.0000,55.0000,5,0.576271,0.0288529,3.45763,0.062866,ok,0.193033,,0.193033,3.45763,3.3632,0.192177,3.49969,1,0,6.7564,estimated,0.50,1.74985,5.24954
28,55,28.5000,55.5000,1.0000,57.0000,5,0.576271,0.0288529,3.45763,0.060660,ok,0.195622,,0.195622,3.45763,3.3187,0.194836,3.49488,1,0,6.6642,estimated,0.50,1.74744,5.24232
29,55,29.5000,55.5000,1.0000,59.0000,5,0.576271,0.0288529,3.45763,0.058604,ok,0.198212,,0.198212,3.45763,3.2754,0.197465,3.49178,1,0,6.5755,estimated,0.50,1.74589,5.23767
30,55,30.5000,55.5000,1.0000,61.0000,5,0.576271,0.0288529,3.45763,0.056682,ok,0.200801,,0.200801,3.45763,3.2331,0.200082,3.48940,1,0,6.4895,estimated,0.50,1.74470,5.23409
31,55,31.5000,55.5000,1.0000,63.0000,5,0.576271,0.0288529,3.45763,0.054883,ok,0.203391,,0.203391,3.45763,3.1920,0.202693,3.48746,1,0,6.4059,estimated,0.50,1.74373,5.23120
32,55,32.5000,55.5000,1.0000,65.0000,5,0.576271,0.0288529,3.45763,0.053194,ok,0.205980,,0.205980,3.45763,3.1518,0.205299,3.48586,1,0,6.3246,estimated,0.50,1.74293,5.22878
33,55,33.5000,55.5000,1.0000,67.0000,5,0.576271,0.0288529,3.45763,0.051606,ok,0.208569,,0.208569,3.45763,3.1127,0.207896,3.48466,1,0,6.2456,estimated,0.50,1.74233,5.22700
34,55,34.5000,55.5000,1.0000,69.0000,5,0.576271,0.0288529,3.45763,0.050111,ok,0.211159,,0.211159,3.45763,3.0745,0.210481,3.48407,1,0,6.1689,estimated,0.50,1.74203,5.22610
35,55,35.5000,55.5000,1.0000,71.0000,5,0.576271,0.0288529,3.45763,0.048699,ok,0.213748,,0.213748,3.45763,3.0373,0.213040,3.48448,1,0,6.0948,estimated,0.50,1.74224,5.22673
36,55,36.5000,55.5000,1.0000,73.0000,5,0.576271,0.0288529,3.45763,0.047365,ok,0.216338,,0.216338,3.45763,3.0009,0.215549,3.48672,1,0,6.0238,estimated,0.50,1.74336,5.23009
37,55,37.5000,55.5000,1.0000,75.0000,5,0.576271,0.0288529,3.45763,0.046102,ok,0.218927,,0.218927,3.45763,2.9654,0.217988,3.49140,1,0,5.9564,estimated,0.50,1.74570,5.23710
38,55,38.5000,55.5000,1.0000,77.0000,5,0.576271,0.0288529,3.45763,0.044904,ok,0.221517,,0.221517,3.45763,2.9308,0.220242,3.50241,1,0,5.8955,estimated,0.50,1.75120,5.25361
39,55,39.5000,55.5000,1.0000,79.0000,5,0.576271,0.0288529,3.45763,0.043767,ok,0.224106,,0.224106,3.45763,2.8969,0.222231,3.52219,1,0,5.8427,estimated,0.50,1.76109,5.28328
40,55,40.5000,55.5000,1.0000,81.0000,5,0.576271,0.0288529,3.45763,0.042687,ok,0.226643,,0.226643,3.45763,2.8645,0.223822,3.55502,1,0,5.8012,estimated,0.50,1.77751,5.33253
41,55,41.5000,55.5000,1.0000,83.0000,5,0.576271,0.0288529,3.45763,0.041658,ok,0.229035,,0.229035,3.45763,2.8346,0.224869,3.60579,1,0,5.7742,estimated,0.50,1.80289,5.40868
42,55,42.5000,55.5000,1.0000,84.7056,2,0.576271,0.0288529,3.45763,0.040819,ok,0.231075,,0.231075,3.45763,2.8095,0.225246,3.66650,1,0,5.7645,estimated,0.50,1.83325,5.49975
43,55,43.5000,55.5000,1.0000,82.7056,2,0.576271,0.0288529,3.45763,0.041806,ok,0.228683,,0.228683,3.45763,2.8389,0.224756,3.59696,1,0,5.7771,estimated,0.50,1.79848,5.39544
44,55,44.5000,55.5000,1.0000,80.7056,2,0.576271,0.0288529,3.45763,0.042842,ok,0.226290,,0.226290,3.45763,2.8689,0.223622,3.54907,1,0,5.8064,estimated,0.50,1.77454,5.32361
45,55,45.5000,55.5000,1.0000,78.7056,2,0.576271,0.0288529,3.45763,0.043931,ok,0.223725,,0.223725,3.45763,2.9018,0.221963,3.51847,1,0,5.8498,estimated,0.50,1.75923,5.27770
46,55,46.5000,55.5000,1.0000,76.7056,2,0.576271,0.0288529,3.45763,0.045077,ok,0.221135,,0.221135,3.45763,2.9358,0.219926,3.50024,1,0,5.9039,estimated,0.50,1.75012,5.25036
47,55,47.5000,55.5000,1.0000,74.7056,2,0.576271,0.0288529,3.45763,0.046283,ok,0.218546,,0.218546,3.45763,2.9706,0.217642,3.49025,1,0,5.9659,estimated,0.50,1.74512,5.23537
48,55,48.5000,55.5000,1.0000,72.7056,2,0.576271,0.0288529,3.45763,0.047557,ok,0.215957,,0.215957,3.45763,3.0062,0.215185,3.48620,1,0,6.0340,estimated,0.50,1.74310,5.22930
49,55,49.5000,55.5000,1.0000,70.7056,2,0.576271,0.0288529,3.45763,0.048902,ok,0.213367,,0.213367,3.45763,3.0427,0.212666,3.48432,1,0,6.1055,estimated,0.50,1.74216,5.22647
50,55,50.5000,55.5000,1.0000,68.7056,2,0.576271,0.0288529,3.45763,0.050325,ok,0.210778,,0.210778,3.45763,3.0801,0.210102,3.48410,1,0,6.1800,estimated,0.50,1.74205,5.22615
51,55,51.5000,55.5000,1.0000,66.7056,2,0.576271,0.0288529,3.45763,0.051834,ok,0.208188,,0.208188,3.45763,3.1184,0.207515,3.48481,1,0,6.2571,estimated,0.50,1.74240,5.22721
52,55,52.5000,55.5000,1.0000,64.7056,2,0.576271,0.0288529,3.45763,0.053436,ok,0.205599,,0.205599,3.45763,3.1577,0.204915,3.48607,1,0,6.3364,estimated,0.50,1.74303,5.22910
53,55,53.5000,55.5000,1.0000,62.7056,2,0.576271,0.0288529,3.45763,0.055141,ok,0.203009,,0.203009,3.45763,3.1980,0.202309,3.48773,1,0,6.4181,estimated,0.50,1.74386,5.23159
54,55,54.5000,55.5000,1.0000,60.7056,2,0.576271,0.0288529,3.45763,0.056957,ok,0.200420,,0.200420,3.45763,3.2393,0.199697,3.48972,1,0,6.5020,estimated,0.50,1.74486,5.23457
55,55,55.5000,55.5000,1.0000,58.7056,2,0.576271,0.0288529,3.45763,0.058898,ok,0.197831,,0.197831,3.45763,3.2817,0.197078,3.49219,1,0,6.5884,estimated,0.50,1.74610,5.23829
56,55,56.5000,55.5000,1.0000,56.7056,2,0.576271,0.0288529,3.45763,0.060975,ok,0.195241,,0.195241,3.45763,3.3252,0.194447,3.49542,1,0,6.6775,estimated,0.50,1.74771,5.24314
57,55,57.5000,55.5000,1.0000,54.7056,2,0.576271,0.0288529,3.45763,0.063204,ok,0.192652,,0.192652,3.45763,3.3699,0.191785,3.50045,1,0,6.7702,estimated,0.50,1.75022,5.25067
58,55,58.5000,55.5000,1.0000,52.7056,2,0.576271,0.0288529,3.45763,0.065603,ok,0.190062,,0.190062,3.45763,3.4158,0.189109,3.50661,1,0,6.8660,estimated,0.50,1.75330,5.25991
59,55,59.5000,55.5000,1.0000,50.7056,2,0.576271,0.0288529,3.45763,0.068190,ok,0.187473,,0.187473,3.45763,3.4630,0.186402,3.51498,1,0,6.9658,estimated,0.50,1.75749,5.27248
60,55,60.5000,55.5000,1.0000,48.7056,2,0.576271,0.0288529,3.45763,0.070990,ok,0.184883,,0.184883,3.45763,3.5115,0.183659,3.52608,1,0,7.0698,estimated,0.50,1.76304,5.28912
61,55,61.5000,55.5000,1.0000,46.7056,2,0.576271,0.0288529,3.45763,0.074030,ok,0.182294,,0.182294,3.45763,3.5614,0.180884,3.54018,1,0,7.1783,estimated,0.50,1.77009,5.31027
62,55,62.5000,55.5000,1.0000,44.7056,2,0.576271,0.0288529,3.45763,0.077342,ok,0.179649,,0.179649,3.45763,3.6138,0.178083,3.53811,1,0,7.2911,estimated,0.50,1.76906,5.30717
63,55,63.5000,55.5000,1.0000,42.7056,2,0.576271,0.0288529,3.45763,0.080964,ok,0.176570,,0.176570,3.45763,3.6768,0.175261,3.52785,1,0,7.4085,estimated,0.50,1.76392,5.29177
64,55,64.5000,55.5000,1.0000,40.7056,2,0.576271,0.0288529,3.45763,0.084942,ok,0.173491,,0.173491,3.45763,3.7421,0.172464,3.51523,1,0,7.5287,estimated,0.50,1.75761,5.27284
65,55,65.5000,55.5000,1.0000,38.7056,2,0.576271,0.0288529,3.45763,0.089331,ok,0.170412,,0.170412,3.45763,3.8097,0.169714,3.49859,1,0,7.6507,estimated,0.50,1.74930,5.24789
66,55,66.5000,55.5000,1.0000,36.7056,2,0.576271,0.0288529,3.45763,0.094199,ok,0.167333,,0.167333,3.45763,3.8798,0.167041,3.47558,1,0,7.7731,estimated,0.50,1.73779,5.21337
67,55,67.5000,55.5000,1.0000,34.7056,2,0.576271,0.0288529,3.45763,0.099627,ok,0.164254,,0.164254,3.45763,3.9525,0.164470,3.44369,1,0,7.8946,estimated,0.50,1.72185,5.16554
68,55,68.5000,55.5000,1.0000,32.7056,2,0.576271,0.0288529,3.45763,0.105720,ok,0.161175,,0.161175,3.45763,4.0280,0.162024,3.40033,1,0,8.0138,estimated,0.50,1.70017,5.10050
69,55,69.5000,55.5000,1.0000,30.7056,2,0.576271,0.0288529,3.45763,0.112606,ok,0.158096,,0.158096,3.45763,4.1065,0.159710,3.34346,1,0,8.1299,estimated,0.50,1.67173,5.01519
70,55,70.5000,55.5000,1.0000,28.7056,2,0.576271,0.0288529,3.45763,0.120451,ok,0.156274,,0.156274,3.45763,4.1543,0.157536,3.27120,1,0,8.2421,estimated,0.50,1.63560,4.90680
71,55,71.5000,55.5000,1.0000,26.7056,2,0.576271,0.0288529,3.45763,0.129472,ok,0.154850,,0.154850,3.45763,4.1925,0.155501,3.34541,1,0,8.3500,estimated,0.50,1.67271,5.01812
72,55,72.5000,55.5000,1.0000,24.7056,2,0.576271,0.0288529,3.45763,0.139953,ok,0.153318,,0.153318,3.45763,4.2344,0.153621,3.40467,1,0,8.4521,estimated,0.50,1.70233,5.10700
73,55,73.5000,55.5000,1.0000,22.7056,2,0.576271,0.0288529,3.45763,0.152281,ok,0.151663,,0.151663,3.45763,4.2806,0.151902,3.41563,1,0,8.5478,estimated,0.50,1.70782,5.12345
74,55,74.5000,55.5000,1.0000,20.7056,2,0.576271,0.0288529,3.45763,0.166990,ok,0.149872,,0.149872,3.45763,4.3318,0.150355,3.37236,1,0,8.6358,estimated,0.50,1.68618,5.05855
75,55,75.5000,55.5000,1.0000,18.7056,2,0.576271,0.0288529,3.45763,0.184844,ok,0.147926,,0.147926,3.45763,4.3888,0.149007,3.26719,1,0,8.7139,estimated,0.50,1.63359,4.90078
76,55,76.5000,55.5000,1.0000,16.7056,2,0.576271,0.0288529,3.45763,0.206974,ok,0.145805,,0.145805,3.45763,4.4526,0.147835,3.10277,1,0,8.7830,estimated,0.50,1.55139,4.65416
77,55,77.5000,55.5000,1.0000,14.7056,2,0.576271,0.0288529,3.45763,0.235123,ok,0.143483,,0.143483,3.45763,4.5247,0.146853,2.87728,1,0,8.8417,estimated,0.50,1.43864,4.31592
78,55,78.5000,55.5000,1.0000,12.7056,2,0.576271,0.0288529,3.45763,0.272134,too_firm,,3.06948,0.143000,3.06948,4.5400,0.145998,2.60241,1,0,8.8935,estimated,0.50,1.30121,3.90362
79,55,79.5000,55.5000,1.0000,10.7056,2,0.576271,0.0288529,3.45763,0.322973,beyond_data,,2.58631,0.143000,2.58631,4.5400,0.145288,2.27866,1,0,8.9369,estimated,0.50,1.13933,3.41798
80,55,80.5000,55.5000,1.0000,8.7056,2,0.576271,0.0288529,3.45763,0.397171,beyond_data,,2.10315,0.143000,2.10315,4.5400,0.144719,1.91143,1,0,8.9721,estimated,0.50,0.95572,2.86715
81,55,81.5000,55.5000,1.0000,6.7056,2,0.559322,0.0288529,3.35593,0.500465,beyond_data,,1.61998,0.143000,1.61998,4.5400,0.144273,1.50891,1,0,8.9998,estimated,0.50,0.75445,2.26336
82,55,82.5000,55.5000,1.0000,4.7056,2,0.542373,0.0288529,3.25424,0.691563,beyond_data,,1.13681,0.143000,1.13681,4.5400,0.143930,1.07918,1,0,9.0213,estimated,0.50,0.53959,1.61877
83,55,83.5000,55.5000,1.0000,2.7056,2,0.525424,0.0288529,3.15254,1.165180,beyond_data,,0.65364,0.143000,0.65364,4.5400,0.143670,0.62953,1,1,9.0376,estimated,0.50,0.31477,0.94430
84,55,84.5000,55.5000,1.0000,0.7056,2,0.508475,0.0288529,3.05085,4.323595,beyond_data,,0.17047,0.143000,0.17047,4.5400,0.143477,0.16597,1,1,9.0498,estimated,0.50,0.08298,0.24895
0,56,0.5000,56.5000,1.0000,1.0000,5,0.508475,0.0288529,3.05085,3.050847,beyond_data,,0.24158,0.143000,0.24158,4.5400,0.143546,0.23429,1,1,9.0454,estimated,0.50,0.11715,0.35144
1,56,1.5000,56.5000,1.0000,3.0000,5,0.525424,0.0288529,3.15254,1.050847,beyond_data,,0.72475,0.143000,0.72475,4.5400,0.143760,0.69452,1,1,9.0319,estimated,0.50,0.34726,1.04179
2,56,2.5000,56.5000,1.0000,5.0000,5,0.542373,0.0288529,3.25424,0.650847,beyond_data,,1.20792,0.143000,1.20792,4.5400,0.144046,1.13934,1,0,9.0140,estimated,0.50,0.56967,1.70901
3,56,3.5000,56.5000,1.0000,7.0000,5,0.559322,0.0288529,3.35593,0.479419,beyond_data,,1.69109,0.143000,1.69109,4.5400,0.144420,1.56241,1,0,8.9906,estimated,0.50,0.78120,2.34361
4,56,4.5000,56.5000,1.0000,9.0000,5,0.559322,0.0288529,3.35593,0.372881,beyond_data,,2.17426,0.143000,2.17426,4.5400,0.144904,1.95622,1,0,8.9606,estimated,0.50,0.97811,2.93433
5,56,5.5000,56.5000,1.0000,11.0000,5,0.559322,0.0288529,3.35593,0.305085,beyond_data,,2.65743,0.143000,2.65743,4.5400,0.145516,2.31259,1,0,8.9230,estimated,0.50,1.15629,3.46888
6,56,6.5000,56.5000,1.0000,13.0000,5,0.559322,0.0288529,3.35593,0.258149,too_firm,,3.14060,0.143000,3.14060,4.5400,0.146275,2.62345,1,0,8.8767,estimated,0.50,1.31172,3.93517
7,56,7.5000,56.5000,1.0000,15.0000,5,0.559322,0.0288529,3.35593,0.223729,ok,0.144377,,0.144377,3.35593,4.4967,0.147162,2.88697,1,0,8.8231,estimated,0.50,1.44349,4.33046
8,56,8.5000,56.5000,1.0000,17.0000,5,0.559322,0.0288529,3.35593,0.197408,ok,0.146686,,0.146686,3.35593,4.4259,0.148209,3.09600,1,0,8.7608,estimated,0.50,1.54800,4.64400
9,56,9.5000,56.5000,1.0000,19.0000,5,0.559322,0.0288529,3.35593,0.176628,ok,0.148793,,0.148793,3.35593,4.3632,0.149452,3.24274,1,0,8.6880,estimated,0.50,1.62137,4.86411
10,56,10.5000,56.5000,1.0000,21.0000,5,0.559322,0.0288529,3.35593,0.159806,ok,0.150724,,0.150724,3.35593,4.3073,0.150877,3.32966,1,0,8.6059,estimated,0.50,1.66483,4.99449
11,56,11.5000,56.5000,1.0000,23.0000,5,0.559322,0.0288529,3.35593,0.145910,ok,0.152500,,0.152500,3.35593,4.2572,0.152505,3.35505,1,0,8.5140,estimated,0.50,1.67753,5.03258
12,56,12.5000,56.5000,1.0000,25.0000,5,0.559322,0.0288529,3.35593,0.134237,ok,0.154138,,0.154138,3.35593,4.2119,0.154309,3.32696,1,0,8.4145,estimated,0.50,1.66348,4.99044
13,56,13.5000,56.5000,1.0000,27.0000,5,0.559322,0.0288529,3.35593,0.124294,ok,0.155655,,0.155655,3.35593,4.1709,0.156278,3.25159,1,0,8.3085,estimated,0.50,1.62580,4.87739
14,56,14.5000,56.5000,1.0000,29.0000,5,0.559322,0.0288529,3.35593,0.115722,ok,0.157063,,0.157063,3.35593,4.1335,0.158406,3.24432,1,0,8.1969,estimated,0.50,1.62216,4.86648
15,56,15.5000,56.5000,1.0000,31.0000,5,0.559322,0.0288529,3.35593,0.108256,ok,0.159996,,0.159996,3.35593,4.0577,0.160681,3.30977,1,0,8.0808,estimated,0.50,1.65488,4.96465
16,56,16.5000,56.5000,1.0000,33.0000,5,0.559322,0.0288529,3.35593,0.101695,ok,0.163168,,0.163168,3.35593,3.9788,0.163101,3.36021,1,0,7.9609,estimated,0.50,1.68010,5.04031
17,56,17.5000,56.5000,1.0000,35.0000,5,0.559322,0.0288529,3.35593,0.095884,ok,0.166340,,0.166340,3.35593,3.9029,0.165660,3.39756,1,0,7.8379,estimated,0.50,1.69878,5.09633
18,56,18.5000,56.5000,1.0000,37.0000,5,0.559322,0.0288529,3.35593,0.090701,ok,0.169512,,0.169512,3.35593,3.8299,0.168337,3.42449,1,0,7.7133,estimated,0.50,1.71224,5.13673
19,56,19.5000,56.5000,1.0000,39.0000,5,0.559322,0.0288529,3.35593,0.086050,ok,0.172685,,0.172685,3.35593,3.7595,0.171110,3.44357,1,0,7.5883,estimated,0.50,1.72178,5.16535
20,56,20.5000,56.5000,1.0000,41.0000,5,0.559322,0.0288529,3.35593,0.081852,ok,0.175857,,0.175857,3.35593,3.6917,0.173949,3.45737,1,0,7.4644,estimated,0.50,1.72868,5.18605
21,56,21.5000,56.5000,1.0000,43.0000,5,0.559322,0.0288529,3.35593,0.078045,ok,0.179029,,0.179029,3.35593,3.6263,0.176828,3.46782,1,0,7.3429,estimated,0.50,1.73391,5.20173
22,56,22.5000,56.5000,1.0000,45.0000,5,0.559322,0.0288529,3.35593,0.074576,ok,0.181851,,0.181851,3.35593,3.5700,0.179699,3.47787,1,0,7.2256,estimated,0.50,1.73893,5.21680
23,56,23.5000,56.5000,1.0000,47.0000,5,0.559322,0.0288529,3.35593,0.071403,ok,0.184519,,0.184519,3.35593,3.5184,0.182548,3.46485,1,0,7.1128,estimated,0.50,1.73242,5.19727
24,56,24.5000,56.5000,1.0000,49.0000,5,0.559322,0.0288529,3.35593,0.068488,ok,0.187187,,0.187187,3.35593,3.4683,0.185367,3.45204,1,0,7.0046,estimated,0.50,1.72602,5.17805
25,56,25.5000,56.5000,1.0000,51.0000,5,0.559322,0.0288529,3.35593,0.065803,ok,0.189855,,0.189855,3.35593,3.4195,0.188151,3.44214,1,0,6.9010,estimated,0.50,1.72107,5.16320
26,56,26.5000,56.5000,1.0000,53.0000,5,0.559322,0.0288529,3.35593,0.063319,ok,0.192523,,0.192523,3.35593,3.3721,0.190902,3.43470,1,0,6.8016,estimated,0.50,1.71735,5.15205
27,56,27.5000,56.5000,1.0000,55.0000,5,0.559322,0.0288529,3.35593,0.061017,ok,0.195191,,0.195191,3.35593,3.3261,0.193636,3.42860,1,0,6.7055,estimated,0.50,1.71430,5.14290
28,56,28.5000,56.5000,1.0000,57.0000,5,0.559322,0.0288529,3.35593,0.058876,ok,0.197859,,0.197859,3.35593,3.2812,0.196336,3.42449,1,0,6.6133,estimated,0.50,1.71225,5.13674
29,56,29.5000,56.5000,1.0000,59.0000,5,0.559322,0.0288529,3.35593,0.056880,ok,0.200527,,0.200527,3.35593,3.2376,0.199023,3.42128,1,0,6.5240,estimated,0.50,1.71064,5.13191
30,56,30.5000,56.5000,1.0000,61.0000,5,0.559322,0.0288529,3.35593,0.055015,ok,0.203194,,0.203194,3.35593,3.1950,0.201702,3.41862,1,0,6.4374,estimated,0.50,1.70931,5.12793
31,56,31.5000,56.5000,1.0000,63.0000,5,0.559322,0.0288529,3.35593,0.053269,ok,0.205862,,0.205862,3.35593,3.1536,0.204377,3.41632,1,0,6.3531,estimated,0.50,1.70816,5.12449
32,56,32.5000,56.5000,1.0000,65.0000,5,0.559322,0.0288529,3.35593,0.051630,ok,0.208530,,0.208530,3.35593,3.1133,0.207048,3.41432,1,0,6.2712,estimated,0.50,1.70716,5.12147
33,56,33.5000,56.5000,1.0000,67.0000,5,0.559322,0.0288529,3.35593,0.050089,ok,0.211198,,0.211198,3.35593,3.0740,0.209711,3.41270,1,0,6.1915,estimated,0.50,1.70635,5.11906
34,56,34.5000,56.5000,1.0000,69.0000,5,0.559322,0.0288529,3.35593,0.048637,ok,0.213866,,0.213866,3.35593,3.0356,0.212362,3.41168,1,0,6.1142,estimated,0.50,1.70584,5.11753
35,56,35.5000,56.5000,1.0000,71.0000,5,0.559322,0.0288529,3.35593,0.047267,ok,0.216534,,0.216534,3.35593,2.9982,0.215007,3.41093,1,0,6.0390,estimated,0.50,1.70546,5.11639
36,56,36.5000,56.5000,1.0000,73.0000,5,0.559322,0.0288529,3.35593,0.045972,ok,0.219202,,0.219202,3.35593,2.9617,0.217582,3.41271,1,0,5.9675,estimated,0.50,1.70635,5.11906
37,56,37.5000,56.5000,1.0000,75.0000,5,0.559322,0.0288529,3.35593,0.044746,ok,0.221870,,0.221870,3.35593,2.9261,0.220064,3.41763,1,0,5.9003,estimated,0.50,1.70882,5.12645
38,56,38.5000,56.5000,1.0000,77.0000,5,0.559322,0.0288529,3.35593,0.043584,ok,0.224538,,0.224538,3.35593,2.8913,0.222382,3.42788,1,0,5.8387,estimated,0.50,1.71394,5.14182
39,56,39.5000,56.5000,1.0000,79.0000,5,0.559322,0.0288529,3.35593,0.042480,ok,0.227114,,0.227114,3.35593,2.8585,0.224429,3.44673,1,0,5.7855,estimated,0.50,1.72337,5.17010
40,56,40.5000,56.5000,1.0000,81.0000,5,0.559322,0.0288529,3.35593,0.041431,ok,0.229579,,0.229579,3.35593,2.8279,0.226069,3.47823,1,0,5.7435,estimated,0.50,1.73911,5.21734
41,56,41.5000,56.5000,1.0000,83.0000,5,0.559322,0.0288529,3.35593,0.040433,ok,0.232044,,0.232044,3.35593,2.7978,0.227156,3.52432,1,0,5.7160,estimated,0.50,1.76216,5.28648
42,56,42.5000,56.5000,1.0000,84.7056,2,0.559322,0.0288529,3.35593,0.039619,ok,0.234146,,0.234146,3.35593,2.7727,0.227554,3.58213,1,0,5.7060,estimated,0.50,1.79106,5.37319
43,56,43.5000,56.5000,1.0000,82.7056,2,0.559322,0.0288529,3.35593,0.040577,ok,0.231681,,0.231681,3.35593,2.8022,0.227038,3.51609,1,0,5.7190,estimated,0.50,1.75805,5.27414
44,56,44.5000,56.5000,1.0000,80.7056,2,0.559322,0.0288529,3.35593,0.041582,ok,0.229216,,0.229216,3.35593,2.8323,0.225861,3.47268,1,0,5.7488,estimated,0.50,1.73634,5.20902
45,56,45.5000,56.5000,1.0000,78.7056,2,0.559322,0.0288529,3.35593,0.042639,ok,0.226751,,0.226751,3.35593,2.8631,0.224153,3.44316,1,0,5.7926,estimated,0.50,1.72158,5.16473
46,56,46.5000,56.5000,1.0000,76.7056,2,0.559322,0.0288529,3.35593,0.043751,ok,0.224145,,0.224145,3.35593,2.8964,0.222057,3.42584,1,0,5.8473,estimated,0.50,1.71292,5.13877
47,56,47.5000,56.5000,1.0000,74.7056,2,0.559322,0.0288529,3.35593,0.044922,ok,0.221477,,0.221477,3.35593,2.9313,0.219708,3.41658,1,0,5.9098,estimated,0.50,1.70829,5.12487
48,56,48.5000,56.5000,1.0000,72.7056,2,0.559322,0.0288529,3.35593,0.046158,ok,0.218809,,0.218809,3.35593,2.9670,0.217208,3.41226,1,0,5.9778,estimated,0.50,1.70613,5.11839
49,56,49.5000,56.5000,1.0000,70.7056,2,0.559322,0.0288529,3.35593,0.047463,ok,0.216141,,0.216141,3.35593,3.0037,0.214603,3.41157,1,0,6.0504,estimated,0.50,1.70578,5.11735
50,56,50.5000,56.5000,1.0000,68.7056,2,0.559322,0.0288529,3.35593,0.048845,ok,0.213473,,0.213473,3.35593,3.0412,0.211973,3.41178,1,0,6.1254,estimated,0.50,1.70589,5.11767
51,56,51.5000,56.5000,1.0000,66.7056,2,0.559322,0.0288529,3.35593,0.050310,ok,0.210805,,0.210805,3.35593,3.0797,0.209320,3.41291,1,0,6.2031,estimated,0.50,1.70646,5.11937
52,56,52.5000,56.5000,1.0000,64.7056,2,0.559322,0.0288529,3.35593,0.051865,ok,0.208138,,0.208138,3.35593,3.1192,0.206655,3.41459,1,0,6.2831,estimated,0.50,1.70730,5.12189
53,56,53.5000,56.5000,1.0000,62.7056,2,0.559322,0.0288529,3.35593,0.053519,ok,0.205470,,0.205470,3.35593,3.1597,0.203983,3.41665,1,0,6.3654,estimated,0.50,1.70832,5.12497
54,56,54.5000,56.5000,1.0000,60.7056,2,0.559322,0.0288529,3.35593,0.055282,ok,0.202802,,0.202802,3.35593,3.2012,0.201308,3.41899,1,0,6.4500,estimated,0.50,1.70949,5.12848
55,56,55.5000,56.5000,1.0000,58.7056,2,0.559322,0.0288529,3.35593,0.057165,ok,0.200134,,0.200134,3.35593,3.2439,0.198628,3.42171,1,0,6.5370,estimated,0.50,1.71086,5.13257
56,56,56.5000,56.5000,1.0000,56.7056,2,0.559322,0.0288529,3.35593,0.059182,ok,0.197466,,0.197466,3.35593,3.2877,0.195940,3.42504,1,0,6.6267,estimated,0.50,1.71252,5.13756
57,56,57.5000,56.5000,1.0000,54.7056,2,0.559322,0.0288529,3.35593,0.061345,ok,0.194798,,0.194798,3.35593,3.3328,0.193237,3.42931,1,0,6.7194,estimated,0.50,1.71465,5.14396
58,56,58.5000,56.5000,1.0000,52.7056,2,0.559322,0.0288529,3.35593,0.063673,ok,0.192130,,0.192130,3.35593,3.3790,0.190498,3.43567,1,0,6.8160,estimated,0.50,1.71784,5.15351
59,56,59.5000,56.5000,1.0000,50.7056,2,0.559322,0.0288529,3.35593,0.066185,ok,0.189462,,0.189462,3.35593,3.4266,0.187743,3.44344,1,0,6.9160,estimated,0.50,1.72172,5.16516
60,56,60.5000,56.5000,1.0000,48.7056,2,0.559322,0.0288529,3.35593,0.068902,ok,0.186794,,0.186794,3.35593,3.4756,0.184954,3.45375,1,0,7.0203,estimated,0.50,1.72687,5.18062
61,56,61.5000,56.5000,1.0000,46.7056,2,0.559322,0.0288529,3.35593,0.071853,ok,0.184126,,0.184126,3.35593,3.5259,0.182130,3.46702,1,0,7.1291,estimated,0.50,1.73351,5.20053
62,56,62.5000,56.5000,1.0000,44.7056,2,0.559322,0.0288529,3.35593,0.075067,ok,0.181459,,0.181459,3.35593,3.5778,0.179277,3.47640,1,0,7.2426,estimated,0.50,1.73820,5.21460
63,56,63.5000,56.5000,1.0000,42.7056,2,0.559322,0.0288529,3.35593,0.078583,ok,0.178562,,0.178562,3.35593,3.6358,0.176404,3.46636,1,0,7.3605,estimated,0.50,1.73318,5.19954
64,56,64.5000,56.5000,1.0000,40.7056,2,0.559322,0.0288529,3.35593,0.082444,ok,0.175390,,0.175390,3.35593,3.7016,0.173528,3.45559,1,0,7.4825,estimated,0.50,1.72780,5.18339
65,56,65.5000,56.5000,1.0000,38.7056,2,0.559322,0.0288529,3.35593,0.086704,ok,0.172218,,0.172218,3.35593,3.7697,0.170697,3.44117,1,0,7.6066,estimated,0.50,1.72059,5.16176
66,56,66.5000,56.5000,1.0000,36.7056,2,0.559322,0.0288529,3.35593,0.091428,ok,0.169045,,0.169045,3.35593,3.8405,0.167936,3.42110,1,0,7.7317,estimated,0.50,1.71055,5.13165
67,56,67.5000,56.5000,1.0000,34.7056,2,0.559322,0.0288529,3.35593,0.096697,ok,0.165873,,0.165873,3.35593,3.9139,0.165275,3.39280,1,0,7.8562,estimated,0.50,1.69640,5.08920
68,56,68.5000,56.5000,1.0000,32.7056,2,0.559322,0.0288529,3.35593,0.102610,ok,0.162701,,0.162701,3.35593,3.9902,0.162735,3.35373,1,0,7.9788,estimated,0.50,1.67686,5.03059
69,56,69.5000,56.5000,1.0000,30.7056,2,0.559322,0.0288529,3.35593,0.109294,ok,0.159529,,0.159529,3.35593,4.0696,0.160336,3.30120,1,0,8.0982,estimated,0.50,1.65060,4.95180
70,56,70.5000,56.5000,1.0000,28.7056,2,0.559322,0.0288529,3.35593,0.116909,ok,0.156863,,0.156863,3.35593,4.1388,0.158082,3.23338,1,0,8.2136,estimated,0.50,1.61669,4.85008
71,56,71.5000,56.5000,1.0000,26.7056,2,0.559322,0.0288529,3.35593,0.125664,ok,0.155439,,0.155439,3.35593,4.1767,0.155976,3.26586,1,0,8.3246,estimated,0.50,1.63293,4.89879
72,56,72.5000,56.5000,1.0000,24.7056,2,0.559322,0.0288529,3.35593,0.135837,ok,0.153905,,0.153905,3.35593,4.2183,0.154029,3.33489,1,0,8.4298,estimated,0.50,1.66744,5.00233
73,56,73.5000,56.5000,1.0000,22.7056,2,0.559322,0.0288529,3.35593,0.147802,ok,0.152247,,0.152247,3.35593,4.2642,0.152248,3.35580,1,0,8.5284,estimated,0.50,1.67790,5.03370
74,56,74.5000,56.5000,1.0000,20.7056,2,0.559322,0.0288529,3.35593,0.162078,ok,0.150450,,0.150450,3.35593,4.3152,0.150644,3.32243,1,0,8.6192,estimated,0.50,1.66121,4.98364
75,56,75.5000,56.5000,1.0000,18.7056,2,0.559322,0.0288529,3.35593,0.179408,ok,0.148494,,0.148494,3.35593,4.3720,0.149246,3.22689,1,0,8.7000,estimated,0.50,1.61345,4.84034
76,56,76.5000,56.5000,1.0000,16.7056,2,0.559322,0.0288529,3.35593,0.200886,ok,0.146359,,0.146359,3.35593,4.4358,0.148029,3.07131,1,0,8.7715,estimated,0.50,1.53565,4.60696
77,56,77.5000,56.5000,1.0000,14.7056,2,0.559322,0.0288529,3.35593,0.228207,ok,0.144019,,0.144019,3.35593,4.5078,0.147008,2.85361,1,0,8.8324,estimated,0.50,1.42681,4.28042
78,56,78.5000,56.5000,1.0000,12.7056,2,0.559322,0.0288529,3.35593,0.264130,too_firm,,3.06948,0.143000,3.06948,4.5400,0.146135,2.58337,1,0,8.8852,estimated,0.50,1.29168,3.87505
79,56,79.5000,56.5000,1.0000,10.7056,2,0.559322,0.0288529,3.35593,0.313474,beyond_data,,2.58631,0.143000,2.58631,4.5400,0.145398,2.26514,1,0,8.9302,estimated,0.50,1.13257,3.39771
80,56,80.5000,56.5000,1.0000,8.7056,2,0.559322,0.0288529,3.35593,0.385490,beyond_data,,2.10315,0.143000,2.10315,4.5400,0.144806,1.90238,1,0,8.9667,estimated,0.50,0.95119,2.85357
81,56,81.5000,56.5000,1.0000,6.7056,2,0.559322,0.0288529,3.35593,0.500465,beyond_data,,1.61998,0.143000,1.61998,4.5400,0.144341,1.50329,1,0,8.9956,estimated,0.50,0.75164,2.25493
82,56,82.5000,56.5000,1.0000,4.7056,2,0.542373,0.0288529,3.25424,0.691563,beyond_data,,1.13681,0.143000,1.13681,4.5400,0.143982,1.07607,1,0,9.0180,estimated,0.50,0.53803,1.61410
83,56,83.5000,56.5000,1.0000,2.7056,2,0.525424,0.0288529,3.15254,1.165180,beyond_data,,0.65364,0.143000,0.65364,4.5400,0.143710,0.62814,1,1,9.0351,estimated,0.50,0.31407,0.94221
84,56,84.5000,56.5000,1.0000,0.7056,2,0.508475,0.0288529,3.05085,4.323595,beyond_data,,0.17047,0.143000,0.17047,4.5400,0.143506,0.16569,1,1,9.0479,estimated,0.50,0.08284,0.24853
0,57,0.5000,57.5000,1.0000,1.0000,5,0.508475,0.0288529,3.05085,3.050847,beyond_data,,0.24158,0.143000,0.24158,4.5400,0.143576,0.23389,1,1,9.0435,estimated,0.50,0.11695,0.35084
1,57,1.5000,57.5000,1.0000,3.0000,5,0.525424,0.0288529,3.15254,1.050847,beyond_data,,0.72475,0.143000,0.72475,4.5400,0.143801,0.69297,1,1,9.0294,estimated,0.50,0.34649,1.03946
2,57,2.5000,57.5000,1.0000,5.0000,5,0.542373,0.0288529,3.25424,0.650847,beyond_data,,1.20792,0.143000,1.20792,4.5400,0.144098,1.13604,1,0,9.0107,estimated,0.50,0.56802,1.70406
3,57,3.5000,57.5000,1.0000,7.0000,5,0.542373,0.0288529,3.25424,0.464891,beyond_data,,1.69109,0.143000,1.69109,4.5400,0.144488,1.55663,1,0,8.9864,estimated,0.50,0.77831,2.33494
4,57,4.5000,57.5000,1.0000,9.0000,5,0.542373,0.0288529,3.25424,0.361582,beyond_data,,2.17426,0.143000,2.17426,4.5400,0.144989,1.94710,1,0,8.9554,estimated,0.50,0.97355,2.92064
5,57,5.5000,57.5000,1.0000,11.0000,5,0.542373,0.0288529,3.25424,0.295840,beyond_data,,2.65743,0.143000,2.65743,4.5400,0.145623,2.29917,1,0,8.9164,estimated,0.50,1.14959,3.44876
6,57,6.5000,57.5000,1.0000,13.0000,5,0.542373,0.0288529,3.25424,0.250326,too_firm,,3.14060,0.143000,3.14060,4.5400,0.146408,2.60480,1,0,8.8686,estimated,0.50,1.30240,3.90720
7,57,7.5000,57.5000,1.0000,15.0000,5,0.542373,0.0288529,3.25424,0.216949,ok,0.144938,,0.144938,3.25424,4.4793,0.147312,2.86411,1,0,8.8142,estimated,0.50,1.43206,4.29617
8,57,8.5000,57.5000,1.0000,17.0000,5,0.542373,0.0288529,3.25424,0.191426,ok,0.147264,,0.147264,3.25424,4.4085,0.148395,3.06587,1,0,8.7498,estimated,0.50,1.53294,4.59881
9,57,9.5000,57.5000,1.0000,19.0000,5,0.542373,0.0288529,3.25424,0.171276,ok,0.149384,,0.149384,3.25424,4.3460,0.149680,3.20448,1,0,8.6747,estimated,0.50,1.60224,4.80672
10,57,10.5000,57.5000,1.0000,21.0000,5,0.542373,0.0288529,3.25424,0.154964,ok,0.151323,,0.151323,3.25424,4.2903,0.151153,3.28260,1,0,8.5901,estimated,0.50,1.64130,4.92390
11,57,11.5000,57.5000,1.0000,23.0000,5,0.542373,0.0288529,3.25424,0.141489,ok,0.153103,,0.153103,3.25424,4.2404,0.152834,3.29911,1,0,8.4957,estimated,0.50,1.64956,4.94867
12,57,12.5000,57.5000,1.0000,25.0000,5,0.542373,0.0288529,3.25424,0.130169,ok,0.154745,,0.154745,3.25424,4.1954,0.154697,3.26218,1,0,8.3934,estimated,0.50,1.63109,4.89327
13,57,13.5000,57.5000,1.0000,27.0000,5,0.542373,0.0288529,3.25424,0.120527,ok,0.156262,,0.156262,3.25424,4.1547,0.156728,3.17824,1,0,8.2846,estimated,0.50,1.58912,4.76735
14,57,14.5000,57.5000,1.0000,29.0000,5,0.542373,0.0288529,3.25424,0.112215,ok,0.158261,,0.158261,3.25424,4.1022,0.158923,3.20942,1,0,8.1702,estimated,0.50,1.60471,4.81413
15,57,15.5000,57.5000,1.0000,31.0000,5,0.542373,0.0288529,3.25424,0.104975,ok,0.161532,,0.161532,3.25424,4.0191,0.161276,3.27076,1,0,8.0510,estimated,0.50,1.63538,4.90615
16,57,16.5000,57.5000,1.0000,33.0000,5,0.542373,0.0288529,3.25424,0.098613,ok,0.164804,,0.164804,3.25424,3.9393,0.163778,3.31728,1,0,7.9280,estimated,0.50,1.65864,4.97591
17,57,17.5000,57.5000,1.0000,35.0000,5,0.542373,0.0288529,3.25424,0.092978,ok,0.168075,,0.168075,3.25424,3.8627,0.166419,3.35114,1,0,7.8022,estimated,0.50,1.67557,5.02671
18,57,18.5000,57.5000,1.0000,37.0000,5,0.542373,0.0288529,3.25424,0.087952,ok,0.171346,,0.171346,3.25424,3.7889,0.169179,3.37510,1,0,7.6749,estimated,0.50,1.68755,5.06265
19,57,19.5000,57.5000,1.0000,39.0000,5,0.542373,0.0288529,3.25424,0.083442,ok,0.174618,,0.174618,3.25424,3.7179,0.172030,3.39185,1,0,7.5477,estimated,0.50,1.69592,5.08777
20,57,20.5000,57.5000,1.0000,41.0000,5,0.542373,0.0288529,3.25424,0.079372,ok,0.177889,,0.177889,3.25424,3.6496,0.174946,3.40360,1,0,7.4219,estimated,0.50,1.70180,5.10541
21,57,21.5000,57.5000,1.0000,43.0000,5,0.542373,0.0288529,3.25424,0.075680,ok,0.180976,,0.180976,3.25424,3.5873,0.177876,3.41362,1,0,7.2996,estimated,0.50,1.70681,5.12043
22,57,22.5000,57.5000,1.0000,45.0000,5,0.542373,0.0288529,3.25424,0.072316,ok,0.183727,,0.183727,3.25424,3.5336,0.180795,3.41603,1,0,7.1818,estimated,0.50,1.70801,5.12404
23,57,23.5000,57.5000,1.0000,47.0000,5,0.542373,0.0288529,3.25424,0.069239,ok,0.186478,,0.186478,3.25424,3.4814,0.183690,3.40089,1,0,7.0686,estimated,0.50,1.70044,5.10133
24,57,24.5000,57.5000,1.0000,49.0000,5,0.542373,0.0288529,3.25424,0.066413,ok,0.189230,,0.189230,3.25424,3.4308,0.186552,3.38887,1,0,6.9602,estimated,0.50,1.69443,5.08330
25,57,25.5000,57.5000,1.0000,51.0000,5,0.542373,0.0288529,3.25424,0.063809,ok,0.191981,,0.191981,3.25424,3.3817,0.189378,3.37965,1,0,6.8563,estimated,0.50,1.68982,5.06947
26,57,26.5000,57.5000,1.0000,53.0000,5,0.542373,0.0288529,3.25424,0.061401,ok,0.194732,,0.194732,3.25424,3.3339,0.192171,3.37270,1,0,6.7566,estimated,0.50,1.68635,5.05905
27,57,27.5000,57.5000,1.0000,55.0000,5,0.542373,0.0288529,3.25424,0.059168,ok,0.197483,,0.197483,3.25424,3.2874,0.194952,3.36690,1,0,6.6603,estimated,0.50,1.68345,5.05035
28,57,28.5000,57.5000,1.0000,57.0000,5,0.542373,0.0288529,3.25424,0.057092,ok,0.200235,,0.200235,3.25424,3.2423,0.197703,3.36284,1,0,6.5676,estimated,0.50,1.68142,5.04425
29,57,29.5000,57.5000,1.0000,59.0000,5,0.542373,0.0288529,3.25424,0.055157,ok,0.202986,,0.202986,3.25424,3.1983,0.200443,3.35949,1,0,6.4778,estimated,0.50,1.67974,5.03923
30,57,30.5000,57.5000,1.0000,61.0000,5,0.542373,0.0288529,3.25424,0.053348,ok,0.205737,,0.205737,3.25424,3.1556,0.203179,3.35659,1,0,6.3906,estimated,0.50,1.67829,5.03488
31,57,31.5000,57.5000,1.0000,63.0000,5,0.542373,0.0288529,3.25424,0.051655,ok,0.208489,,0.208489,3.25424,3.1139,0.205911,3.35399,1,0,6.3058,estimated,0.50,1.67699,5.03098
32,57,32.5000,57.5000,1.0000,65.0000,5,0.542373,0.0288529,3.25424,0.050065,ok,0.211240,,0.211240,3.25424,3.0734,0.208641,3.35166,1,0,6.2233,estimated,0.50,1.67583,5.02748
33,57,33.5000,57.5000,1.0000,67.0000,5,0.542373,0.0288529,3.25424,0.048571,ok,0.213991,,0.213991,3.25424,3.0338,0.211364,3.34972,1,0,6.1431,estimated,0.50,1.67486,5.02457
34,57,34.5000,57.5000,1.0000,69.0000,5,0.542373,0.0288529,3.25424,0.047163,ok,0.216742,,0.216742,3.25424,2.9953,0.214092,3.34771,1,0,6.0648,estimated,0.50,1.67385,5.02156
35,57,35.5000,57.5000,1.0000,71.0000,5,0.542373,0.0288529,3.25424,0.045834,ok,0.219494,,0.219494,3.25424,2.9578,0.216776,3.34738,1,0,5.9897,estimated,0.50,1.67369,5.02107
36,57,36.5000,57.5000,1.0000,73.0000,5,0.542373,0.0288529,3.25424,0.044579,ok,0.222245,,0.222245,3.25424,2.9212,0.219409,3.34881,1,0,5.9179,estimated,0.50,1.67440,5.02321
37,57,37.5000,57.5000,1.0000,75.0000,5,0.542373,0.0288529,3.25424,0.043390,ok,0.224996,,0.224996,3.25424,2.8854,0.221949,3.35328,1,0,5.8501,estimated,0.50,1.67664,5.02992
38,57,38.5000,57.5000,1.0000,77.0000,5,0.542373,0.0288529,3.25424,0.042263,ok,0.227614,,0.227614,3.25424,2.8523,0.224320,3.36304,1,0,5.7883,estimated,0.50,1.68152,5.04456
39,57,39.5000,57.5000,1.0000,79.0000,5,0.542373,0.0288529,3.25424,0.041193,ok,0.230156,,0.230156,3.25424,2.8208,0.226418,3.38007,1,0,5.7346,estimated,0.50,1.69004,5.07011
40,57,40.5000,57.5000,1.0000,81.0000,5,0.542373,0.0288529,3.25424,0.040176,ok,0.232698,,0.232698,3.25424,2.7899,0.228106,3.40618,1,0,5.6922,estimated,0.50,1.70309,5.10927
41,57,41.5000,57.5000,1.0000,83.0000,5,0.542373,0.0288529,3.25424,0.039208,ok,0.235240,,0.235240,3.25424,2.7598,0.229231,3.45082,1,0,5.6643,estimated,0.50,1.72541,5.17622
42,57,42.5000,57.5000,1.0000,84.7056,2,0.542373,0.0288529,3.25424,0.038418,ok,0.237408,,0.237408,3.25424,2.7346,0.229648,3.50703,1,0,5.6540,estimated,0.50,1.75352,5.26055
43,57,43.5000,57.5000,1.0000,82.7056,2,0.542373,0.0288529,3.25424,0.039347,ok,0.234866,,0.234866,3.25424,2.7642,0.229108,3.44283,1,0,5.6673,estimated,0.50,1.72141,5.16424
44,57,44.5000,57.5000,1.0000,80.7056,2,0.542373,0.0288529,3.25424,0.040322,ok,0.232324,,0.232324,3.25424,2.7944,0.227892,3.40119,1,0,5.6976,estimated,0.50,1.70060,5.10179
45,57,45.5000,57.5000,1.0000,78.7056,2,0.542373,0.0288529,3.25424,0.041347,ok,0.229782,,0.229782,3.25424,2.8253,0.226135,3.37739,1,0,5.7418,estimated,0.50,1.68869,5.06608
46,57,46.5000,57.5000,1.0000,76.7056,2,0.542373,0.0288529,3.25424,0.042425,ok,0.227240,,0.227240,3.25424,2.8570,0.223988,3.36108,1,0,5.7969,estimated,0.50,1.68054,5.04163
47,57,47.5000,57.5000,1.0000,74.7056,2,0.542373,0.0288529,3.25424,0.043561,ok,0.224591,,0.224591,3.25424,2.8907,0.221585,3.35231,1,0,5.8597,estimated,0.50,1.67615,5.02846
48,57,48.5000,57.5000,1.0000,72.7056,2,0.542373,0.0288529,3.25424,0.044759,ok,0.221840,,0.221840,3.25424,2.9265,0.219027,3.34842,1,0,5.9282,estimated,0.50,1.67421,5.02263
49,57,49.5000,57.5000,1.0000,70.7056,2,0.542373,0.0288529,3.25424,0.046025,ok,0.219089,,0.219089,3.25424,2.9633,0.216384,3.34733,1,0,6.0006,estimated,0.50,1.67366,5.02099
50,57,50.5000,57.5000,1.0000,68.7056,2,0.542373,0.0288529,3.25424,0.047365,ok,0.216337,,0.216337,3.25424,3.0009,0.213676,3.34852,1,0,6.0766,estimated,0.50,1.67426,5.02279
51,57,51.5000,57.5000,1.0000,66.7056,2,0.542373,0.0288529,3.25424,0.048785,ok,0.213586,,0.213586,3.25424,3.0396,0.210964,3.34998,1,0,6.1548,estimated,0.50,1.67499,5.02496
52,57,52.5000,57.5000,1.0000,64.7056,2,0.542373,0.0288529,3.25424,0.050293,ok,0.210835,,0.210835,3.25424,3.0793,0.208239,3.35198,1,0,6.2353,estimated,0.50,1.67599,5.02797
53,57,53.5000,57.5000,1.0000,62.7056,2,0.542373,0.0288529,3.25424,0.051897,ok,0.208084,,0.208084,3.25424,3.1200,0.205509,3.35436,1,0,6.3181,estimated,0.50,1.67718,5.03154
54,57,54.5000,57.5000,1.0000,60.7056,2,0.542373,0.0288529,3.25424,0.053607,ok,0.205332,,0.205332,3.25424,3.1618,0.202776,3.35700,1,0,6.4033,estimated,0.50,1.67850,5.03550
55,57,55.5000,57.5000,1.0000,58.7056,2,0.542373,0.0288529,3.25424,0.055433,ok,0.202581,,0.202581,3.25424,3.2047,0.200040,3.35995,1,0,6.4908,estimated,0.50,1.67998,5.03993
56,57,56.5000,57.5000,1.0000,56.7056,2,0.542373,0.0288529,3.25424,0.057388,ok,0.199830,,0.199830,3.25424,3.2488,0.197298,3.36339,1,0,6.5810,estimated,0.50,1.68169,5.04508
57,57,57.5000,57.5000,1.0000,54.7056,2,0.542373,0.0288529,3.25424,0.059486,ok,0.197079,,0.197079,3.25424,3.2942,0.194546,3.36759,1,0,6.6742,estimated,0.50,1.68379,5.05138
58,57,58.5000,57.5000,1.0000,52.7056,2,0.542373,0.0288529,3.25424,0.061744,ok,0.194327,,0.194327,3.25424,3.3408,0.191762,3.37361,1,0,6.7711,estimated,0.50,1.68681,5.06042
59,57,59.5000,57.5000,1.0000,50.7056,2,0.542373,0.0288529,3.25424,0.064179,ok,0.191576,,0.191576,3.25424,3.3888,0.188963,3.38086,1,0,6.8713,estimated,0.50,1.69043,5.07130
60,57,60.5000,57.5000,1.0000,48.7056,2,0.542373,0.0288529,3.25424,0.066814,ok,0.188825,,0.188825,3.25424,3.4382,0.186133,3.39047,1,0,6.9758,estimated,0.50,1.69523,5.08570
61,57,61.5000,57.5000,1.0000,46.7056,2,0.542373,0.0288529,3.25424,0.069675,ok,0.186073,,0.186073,3.25424,3.4890,0.183266,3.40294,1,0,7.0850,estimated,0.50,1.70147,5.10441
62,57,62.5000,57.5000,1.0000,44.7056,2,0.542373,0.0288529,3.25424,0.072793,ok,0.183322,,0.183322,3.25424,3.5414,0.180366,3.41855,1,0,7.1989,estimated,0.50,1.70927,5.12782
63,57,63.5000,57.5000,1.0000,42.7056,2,0.542373,0.0288529,3.25424,0.076202,ok,0.180571,,0.180571,3.25424,3.5953,0.177445,3.41218,1,0,7.3173,estimated,0.50,1.70609,5.11827
64,57,64.5000,57.5000,1.0000,40.7056,2,0.542373,0.0288529,3.25424,0.079946,ok,0.177407,,0.177407,3.25424,3.6595,0.174515,3.40204,1,0,7.4402,estimated,0.50,1.70102,5.10305
65,57,65.5000,57.5000,1.0000,38.7056,2,0.542373,0.0288529,3.25424,0.084077,ok,0.174136,,0.174136,3.25424,3.7282,0.171605,3.38976,1,0,7.5664,estimated,0.50,1.69488,5.08463
66,57,66.5000,57.5000,1.0000,36.7056,2,0.542373,0.0288529,3.25424,0.088658,ok,0.170865,,0.170865,3.25424,3.7996,0.168766,3.37212,1,0,7.6937,estimated,0.50,1.68606,5.05818
67,57,67.5000,57.5000,1.0000,34.7056,2,0.542373,0.0288529,3.25424,0.093767,ok,0.167593,,0.167593,3.25424,3.8738,0.166022,3.34687,1,0,7.8208,estimated,0.50,1.67344,5.02031
68,57,68.5000,57.5000,1.0000,32.7056,2,0.542373,0.0288529,3.25424,0.099501,ok,0.164322,,0.164322,3.25424,3.9509,0.163400,3.31134,1,0,7.9464,estimated,0.50,1.65567,4.96701
69,57,69.5000,57.5000,1.0000,30.7056,2,0.542373,0.0288529,3.25424,0.105982,ok,0.161051,,0.161051,3.25424,4.0311,0.160919,3.26278,1,0,8.0688,estimated,0.50,1.63139,4.89417
70,57,70.5000,57.5000,1.0000,28.7056,2,0.542373,0.0288529,3.25424,0.113366,ok,0.157779,,0.157779,3.25424,4.1147,0.158589,3.19908,1,0,8.1874,estimated,0.50,1.59954,4.79861
71,57,71.5000,57.5000,1.0000,26.7056,2,0.542373,0.0288529,3.25424,0.121856,ok,0.156046,,0.156046,3.25424,4.1604,0.156416,3.19368,1,0,8.3011,estimated,0.50,1.59684,4.79052
72,57,72.5000,57.5000,1.0000,24.7056,2,0.542373,0.0288529,3.25424,0.131720,ok,0.154511,,0.154511,3.25424,4.2017,0.154408,3.27131,1,0,8.4091,estimated,0.50,1.63566,4.90697
73,57,73.5000,57.5000,1.0000,22.7056,2,0.542373,0.0288529,3.25424,0.143323,ok,0.152850,,0.152850,3.25424,4.2474,0.152570,3.30107,1,0,8.5104,estimated,0.50,1.65054,4.95161
74,57,74.5000,57.5000,1.0000,20.7056,2,0.542373,0.0288529,3.25424,0.157167,ok,0.151048,,0.151048,3.25424,4.2981,0.150915,3.27657,1,0,8.6037,estimated,0.50,1.63828,4.91485
75,57,75.5000,57.5000,1.0000,18.7056,2,0.542373,0.0288529,3.25424,0.173971,ok,0.149083,,0.149083,3.25424,4.3547,0.149468,3.18978,1,0,8.6870,estimated,0.50,1.59489,4.78466
76,57,76.5000,57.5000,1.0000,16.7056,2,0.542373,0.0288529,3.25424,0.194799,ok,0.146935,,0.146935,3.25424,4.4184,0.148210,3.04223,1,0,8.7608,estimated,0.50,1.52112,4.56335
77,57,77.5000,57.5000,1.0000,14.7056,2,0.542373,0.0288529,3.25424,0.221292,ok,0.144576,,0.144576,3.25424,4.4905,0.147153,2.83169,1,0,8.8237,estimated,0.50,1.41584,4.24753
78,57,78.5000,57.5000,1.0000,12.7056,2,0.542373,0.0288529,3.25424,0.256126,too_firm,,3.06948,0.143000,3.06948,4.5400,0.146264,2.56555,1,0,8.8773,estimated,0.50,1.28278,3.84833
79,57,79.5000,57.5000,1.0000,10.7056,2,0.542373,0.0288529,3.25424,0.303974,beyond_data,,2.58631,0.143000,2.58631,4.5400,0.145501,2.25245,1,0,8.9238,estimated,0.50,1.12622,3.37867
80,57,80.5000,57.5000,1.0000,8.7056,2,0.542373,0.0288529,3.25424,0.373808,beyond_data,,2.10315,0.143000,2.10315,4.5400,0.144888,1.89385,1,0,8.9616,estimated,0.50,0.94692,2.84077
81,57,81.5000,57.5000,1.0000,6.7056,2,0.542373,0.0288529,3.25424,0.485299,beyond_data,,1.61998,0.143000,1.61998,4.5400,0.144405,1.49797,1,0,8.9916,estimated,0.50,0.74898,2.24695
82,57,82.5000,57.5000,1.0000,4.7056,2,0.542373,0.0288529,3.25424,0.691563,beyond_data,,1.13681,0.143000,1.13681,4.5400,0.144032,1.07310,1,0,9.0149,estimated,0.50,0.53655,1.60966
83,57,83.5000,57.5000,1.0000,2.7056,2,0.525424,0.0288529,3.15254,1.165180,beyond_data,,0.65364,0.143000,0.65364,4.5400,0.143748,0.62681,1,1,9.0327,estimated,0.50,0.31341,0.94022
84,57,84.5000,57.5000,1.0000,0.7056,2,0.508475,0.0288529,3.05085,4.323595,beyond_data,,0.17047,0.143000,0.17047,4.5400,0.143535,0.16542,1,1,9.0461,estimated,0.50,0.08271,0.24813
0,58,0.5000,58.5000,1.0000,1.0000,5,0.508475,0.0288529,3.05085,3.050847,beyond_data,,0.24158,0.143000,0.24158,4.5400,0.143605,0.23352,1,1,9.0417,estimated,0.50,0.11676,0.35028
1,58,1.5000,58.5000,1.0000,3.0000,5,0.525424,0.0288529,3.15254,1.050847,beyond_data,,0.72475,0.143000,0.72475,4.5400,0.143838,0.69152,1,1,9.0270,estimated,0.50,0.34576,1.03728
2,58,2.5000,58.5000,1.0000,5.0000,5,0.525424,0.0288529,3.15254,0.630508,beyond_data,,1.20792,0.143000,1.20792,4.5400,0.144147,1.13296,1,0,9.0077,estimated,0.50,0.56648,1.69944
3,58,3.5000,58.5000,1.0000,7.0000,5,0.525424,0.0288529,3.15254,0.450363,beyond_data,,1.69109,0.143000,1.69109,4.5400,0.144551,1.55124,1,0,8.9825,estimated,0.50,0.77562,2.32686
4,58,4.5000,58.5000,1.0000,9.0000,5,0.525424,0.0288529,3.15254,0.350282,beyond_data,,2.17426,0.143000,2.17426,4.5400,0.145069,1.93862,1,0,8.9504,estimated,0.50,0.96931,2.90792
5,58,5.5000,58.5000,1.0000,11.0000,5,0.525424,0.0288529,3.15254,0.286595,too_firm,,2.65743,0.143000,2.65743,4.5400,0.145723,2.28676,1,0,8.9103,estimated,0.50,1.14338,3.43013
6,58,6.5000,58.5000,1.0000,13.0000,5,0.525424,0.0288529,3.15254,0.242503,too_firm,,3.14060,0.143000,3.14060,4.5400,0.146531,2.58759,1,0,8.8611,estimated,0.50,1.29380,3.88139
7,58,7.5000,58.5000,1.0000,15.0000,5,0.525424,0.0288529,3.15254,0.210169,ok,0.145521,,0.145521,3.15254,4.4613,0.147450,2.84330,1,0,8.8059,estimated,0.50,1.42165,4.26495
8,58,8.5000,58.5000,1.0000,17.0000,5,0.525424,0.0288529,3.15254,0.185444,ok,0.147865,,0.147865,3.15254,4.3906,0.148566,3.03849,1,0,8.7397,estimated,0.50,1.51924,4.55773
9,58,9.5000,58.5000,1.0000,19.0000,5,0.525424,0.0288529,3.15254,0.165923,ok,0.149996,,0.149996,3.15254,4.3282,0.149876,3.17215,1,0,8.6634,estimated,0.50,1.58608,4.75823
10,58,10.5000,58.5000,1.0000,21.0000,5,0.525424,0.0288529,3.15254,0.150121,ok,0.151942,,0.151942,3.15254,4.2728,0.151408,3.24003,1,0,8.5757,estimated,0.50,1.62002,4.86005
11,58,11.5000,58.5000,1.0000,23.0000,5,0.525424,0.0288529,3.15254,0.137067,ok,0.153728,,0.153728,3.15254,4.2232,0.153137,3.24868,1,0,8.4789,estimated,0.50,1.62434,4.87302
12,58,12.5000,58.5000,1.0000,25.0000,5,0.525424,0.0288529,3.15254,0.126102,ok,0.155370,,0.155370,3.15254,4.1785,0.155051,3.20399,1,0,8.3742,estimated,0.50,1.60200,4.80599
13,58,13.5000,58.5000,1.0000,27.0000,5,0.525424,0.0288529,3.15254,0.116761,ok,0.156887,,0.156887,3.15254,4.1381,0.157139,3.11259,1,0,8.2630,estimated,0.50,1.55629,4.66888
14,58,14.5000,58.5000,1.0000,29.0000,5,0.525424,0.0288529,3.15254,0.108708,ok,0.159791,,0.159791,3.15254,4.0629,0.159399,3.17801,1,0,8.1458,estimated,0.50,1.58901,4.76702
15,58,15.5000,58.5000,1.0000,31.0000,5,0.525424,0.0288529,3.15254,0.101695,ok,0.163168,,0.163168,3.15254,3.9788,0.161819,3.23590,1,0,8.0239,estimated,0.50,1.61795,4.85385
16,58,16.5000,58.5000,1.0000,33.0000,5,0.525424,0.0288529,3.15254,0.095532,ok,0.166545,,0.166545,3.15254,3.8981,0.164397,3.27891,1,0,7.8981,estimated,0.50,1.63946,4.91837
17,58,17.5000,58.5000,1.0000,35.0000,5,0.525424,0.0288529,3.15254,0.090073,ok,0.169922,,0.169922,3.15254,3.8207,0.167113,3.30982,1,0,7.7698,estimated,0.50,1.65491,4.96473
18,58,18.5000,58.5000,1.0000,37.0000,5,0.525424,0.0288529,3.15254,0.085204,ok,0.173299,,0.173299,3.15254,3.7462,0.169946,3.33132,1,0,7.6403,estimated,0.50,1.66566,4.99698
19,58,19.5000,58.5000,1.0000,39.0000,5,0.525424,0.0288529,3.15254,0.080834,ok,0.176675,,0.176675,3.15254,3.6746,0.172865,3.34618,1,0,7.5112,estimated,0.50,1.67309,5.01928
20,58,20.5000,58.5000,1.0000,41.0000,5,0.525424,0.0288529,3.15254,0.076891,ok,0.180044,,0.180044,3.15254,3.6059,0.175842,3.35667,1,0,7.3841,estimated,0.50,1.67834,5.03501
21,58,21.5000,58.5000,1.0000,43.0000,5,0.525424,0.0288529,3.15254,0.073315,ok,0.182884,,0.182884,3.15254,3.5499,0.178816,3.36645,1,0,7.2613,estimated,0.50,1.68322,5.04967
22,58,22.5000,58.5000,1.0000,45.0000,5,0.525424,0.0288529,3.15254,0.070056,ok,0.185724,,0.185724,3.15254,3.4956,0.181778,3.36002,1,0,7.1429,estimated,0.50,1.68001,5.04003
23,58,23.5000,58.5000,1.0000,47.0000,5,0.525424,0.0288529,3.15254,0.067075,ok,0.188564,,0.188564,3.15254,3.4429,0.184712,3.34565,1,0,7.0295,estimated,0.50,1.67283,5.01848
24,58,24.5000,58.5000,1.0000,49.0000,5,0.525424,0.0288529,3.15254,0.064338,ok,0.191404,,0.191404,3.15254,3.3919,0.187609,3.33439,1,0,6.9209,estimated,0.50,1.66720,5.00159
25,58,25.5000,58.5000,1.0000,51.0000,5,0.525424,0.0288529,3.15254,0.061815,ok,0.194244,,0.194244,3.15254,3.3423,0.190471,3.32581,1,0,6.8169,estimated,0.50,1.66291,4.98872
26,58,26.5000,58.5000,1.0000,53.0000,5,0.525424,0.0288529,3.15254,0.059482,ok,0.197084,,0.197084,3.15254,3.2941,0.193316,3.31872,1,0,6.7166,estimated,0.50,1.65936,4.97808
27,58,27.5000,58.5000,1.0000,55.0000,5,0.525424,0.0288529,3.15254,0.057319,ok,0.199924,,0.199924,3.15254,3.2473,0.196124,3.31377,1,0,6.6204,estimated,0.50,1.65688,4.97065
28,58,28.5000,58.5000,1.0000,57.0000,5,0.525424,0.0288529,3.15254,0.055308,ok,0.202764,,0.202764,3.15254,3.2018,0.198919,3.30976,1,0,6.5274,estimated,0.50,1.65488,4.96464
29,58,29.5000,58.5000,1.0000,59.0000,5,0.525424,0.0288529,3.15254,0.053433,ok,0.205604,,0.205604,3.15254,3.1576,0.201707,3.30633,1,0,6.4372,estimated,0.50,1.65317,4.95950
30,58,30.5000,58.5000,1.0000,61.0000,5,0.525424,0.0288529,3.15254,0.051681,ok,0.208444,,0.208444,3.15254,3.1146,0.204492,3.30326,1,0,6.3495,estimated,0.50,1.65163,4.95489
31,58,31.5000,58.5000,1.0000,63.0000,5,0.525424,0.0288529,3.15254,0.050040,ok,0.211284,,0.211284,3.15254,3.0727,0.207275,3.30046,1,0,6.2643,estimated,0.50,1.65023,4.95069
32,58,32.5000,58.5000,1.0000,65.0000,5,0.525424,0.0288529,3.15254,0.048501,ok,0.214124,,0.214124,3.15254,3.0320,0.210056,3.29791,1,0,6.1814,estimated,0.50,1.64896,4.94687
33,58,33.5000,58.5000,1.0000,67.0000,5,0.525424,0.0288529,3.15254,0.047053,ok,0.216964,,0.216964,3.15254,2.9923,0.212847,3.29515,1,0,6.1003,estimated,0.50,1.64758,4.94273
34,58,34.5000,58.5000,1.0000,69.0000,5,0.525424,0.0288529,3.15254,0.045689,ok,0.219804,,0.219804,3.15254,2.9536,0.215607,3.29363,1,0,6.0222,estimated,0.50,1.64681,4.94044
35,58,35.5000,58.5000,1.0000,71.0000,5,0.525424,0.0288529,3.15254,0.044402,ok,0.222644,,0.222644,3.15254,2.9159,0.218340,3.29312,1,0,5.9468,estimated,0.50,1.64656,4.93968
36,58,36.5000,58.5000,1.0000,73.0000,5,0.525424,0.0288529,3.15254,0.043186,ok,0.225484,,0.225484,3.15254,2.8792,0.221022,3.29434,1,0,5.8747,estimated,0.50,1.64717,4.94151
37,58,37.5000,58.5000,1.0000,75.0000,5,0.525424,0.0288529,3.15254,0.042034,ok,0.228147,,0.228147,3.15254,2.8456,0.223606,3.29869,1,0,5.8068,estimated,0.50,1.64935,4.94804
38,58,38.5000,58.5000,1.0000,77.0000,5,0.525424,0.0288529,3.15254,0.040942,ok,0.230771,,0.230771,3.15254,2.8132,0.226023,3.30803,1,0,5.7447,estimated,0.50,1.65402,4.96205
39,58,39.5000,58.5000,1.0000,79.0000,5,0.525424,0.0288529,3.15254,0.039906,ok,0.233395,,0.233395,3.15254,2.7816,0.228168,3.31999,1,0,5.6907,estimated,0.50,1.65999,4.97998
40,58,40.5000,58.5000,1.0000,81.0000,5,0.525424,0.0288529,3.15254,0.038920,ok,0.236019,,0.236019,3.15254,2.7507,0.229898,3.34523,1,0,5.6478,estimated,0.50,1.67261,5.01784
41,58,41.5000,58.5000,1.0000,83.0000,5,0.525424,0.0288529,3.15254,0.037982,ok,0.238643,,0.238643,3.15254,2.7204,0.231056,3.38864,1,0,5.6195,estimated,0.50,1.69432,5.08296
42,58,42.5000,58.5000,1.0000,84.7056,2,0.525424,0.0288529,3.15254,0.037218,ok,0.240881,,0.240881,3.15254,2.6952,0.231489,3.44356,1,0,5.6090,estimated,0.50,1.72178,5.16533
43,58,43.5000,58.5000,1.0000,82.7056,2,0.525424,0.0288529,3.15254,0.038118,ok,0.238257,,0.238257,3.15254,2.7249,0.230929,3.38085,1,0,5.6226,estimated,0.50,1.69043,5.07128
44,58,44.5000,58.5000,1.0000,80.7056,2,0.525424,0.0288529,3.15254,0.039062,ok,0.235633,,0.235633,3.15254,2.7552,0.229679,3.34039,1,0,5.6532,estimated,0.50,1.67020,5.01059
45,58,45.5000,58.5000,1.0000,78.7056,2,0.525424,0.0288529,3.15254,0.040055,ok,0.233009,,0.233009,3.15254,2.7862,0.227877,3.31741,1,0,5.6979,estimated,0.50,1.65870,4.97611
46,58,46.5000,58.5000,1.0000,76.7056,2,0.525424,0.0288529,3.15254,0.041099,ok,0.230385,,0.230385,3.15254,2.8180,0.225684,3.30622,1,0,5.7533,estimated,0.50,1.65311,4.95932
47,58,47.5000,58.5000,1.0000,74.7056,2,0.525424,0.0288529,3.15254,0.042200,ok,0.227761,,0.227761,3.15254,2.8504,0.223235,3.29775,1,0,5.8164,estimated,0.50,1.64887,4.94662
48,58,48.5000,58.5000,1.0000,72.7056,2,0.525424,0.0288529,3.15254,0.043360,ok,0.225066,,0.225066,3.15254,2.8846,0.220633,3.29399,1,0,5.8850,estimated,0.50,1.64700,4.94099
49,58,49.5000,58.5000,1.0000,70.7056,2,0.525424,0.0288529,3.15254,0.044587,ok,0.222226,,0.222226,3.15254,2.9214,0.217941,3.29311,1,0,5.9577,estimated,0.50,1.64655,4.93966
50,58,50.5000,58.5000,1.0000,68.7056,2,0.525424,0.0288529,3.15254,0.045885,ok,0.219386,,0.219386,3.15254,2.9592,0.215202,3.29381,1,0,6.0335,estimated,0.50,1.64690,4.94071
51,58,51.5000,58.5000,1.0000,66.7056,2,0.525424,0.0288529,3.15254,0.047261,ok,0.216546,,0.216546,3.15254,2.9980,0.212439,3.29545,1,0,6.1120,estimated,0.50,1.64772,4.94317
52,58,52.5000,58.5000,1.0000,64.7056,2,0.525424,0.0288529,3.15254,0.048721,ok,0.213706,,0.213706,3.15254,3.0379,0.209646,3.29828,1,0,6.1934,estimated,0.50,1.64914,4.94741
53,58,53.5000,58.5000,1.0000,62.7056,2,0.525424,0.0288529,3.15254,0.050275,ok,0.210866,,0.210866,3.15254,3.0788,0.206865,3.30086,1,0,6.2767,estimated,0.50,1.65043,4.95130
54,58,54.5000,58.5000,1.0000,60.7056,2,0.525424,0.0288529,3.15254,0.051932,ok,0.208026,,0.208026,3.15254,3.1208,0.204082,3.30370,1,0,6.3623,estimated,0.50,1.65185,4.95555
55,58,55.5000,58.5000,1.0000,58.7056,2,0.525424,0.0288529,3.15254,0.053701,ok,0.205186,,0.205186,3.15254,3.1640,0.201297,3.30681,1,0,6.4503,estimated,0.50,1.65341,4.96022
56,58,56.5000,58.5000,1.0000,56.7056,2,0.525424,0.0288529,3.15254,0.055595,ok,0.202346,,0.202346,3.15254,3.2084,0.198508,3.31031,1,0,6.5409,estimated,0.50,1.65516,4.96547
57,58,57.5000,58.5000,1.0000,54.7056,2,0.525424,0.0288529,3.15254,0.057627,ok,0.199506,,0.199506,3.15254,3.2541,0.195712,3.31443,1,0,6.6344,estimated,0.50,1.65722,4.97165
58,58,58.5000,58.5000,1.0000,52.7056,2,0.525424,0.0288529,3.15254,0.059814,ok,0.196666,,0.196666,3.15254,3.3011,0.192900,3.31957,1,0,6.7311,estimated,0.50,1.65978,4.97935
59,58,59.5000,58.5000,1.0000,50.7056,2,0.525424,0.0288529,3.15254,0.062173,ok,0.193826,,0.193826,3.15254,3.3495,0.190052,3.32695,1,0,6.8320,estimated,0.50,1.66347,4.99042
60,58,60.5000,58.5000,1.0000,48.7056,2,0.525424,0.0288529,3.15254,0.064726,ok,0.190986,,0.190986,3.15254,3.3993,0.187185,3.33589,1,0,6.9366,estimated,0.50,1.66795,5.00384
61,58,61.5000,58.5000,1.0000,46.7056,2,0.525424,0.0288529,3.15254,0.067498,ok,0.188146,,0.188146,3.15254,3.4506,0.184282,3.34759,1,0,7.0459,estimated,0.50,1.67380,5.02139
62,58,62.5000,58.5000,1.0000,44.7056,2,0.525424,0.0288529,3.15254,0.070518,ok,0.185306,,0.185306,3.15254,3.5035,0.181343,3.36244,1,0,7.1601,estimated,0.50,1.68122,5.04366
63,58,63.5000,58.5000,1.0000,42.7056,2,0.525424,0.0288529,3.15254,0.073820,ok,0.182466,,0.182466,3.15254,3.5580,0.178378,3.36508,1,0,7.2791,estimated,0.50,1.68254,5.04762
64,58,64.5000,58.5000,1.0000,40.7056,2,0.525424,0.0288529,3.15254,0.077447,ok,0.179555,,0.179555,3.15254,3.6157,0.175403,3.35525,1,0,7.4026,estimated,0.50,1.67762,5.03287
65,58,65.5000,58.5000,1.0000,38.7056,2,0.525424,0.0288529,3.15254,0.081449,ok,0.176178,,0.176178,3.15254,3.6850,0.172430,3.34434,1,0,7.5302,estimated,0.50,1.67217,5.01651
66,58,66.5000,58.5000,1.0000,36.7056,2,0.525424,0.0288529,3.15254,0.085887,ok,0.172801,,0.172801,3.15254,3.7570,0.169522,3.32867,1,0,7.6594,estimated,0.50,1.66433,4.99300
67,58,67.5000,58.5000,1.0000,34.7056,2,0.525424,0.0288529,3.15254,0.090837,ok,0.169425,,0.169425,3.15254,3.8319,0.166705,3.30597,1,0,7.7888,estimated,0.50,1.65298,4.95895
68,58,68.5000,58.5000,1.0000,32.7056,2,0.525424,0.0288529,3.15254,0.096391,ok,0.166048,,0.166048,3.15254,3.9098,0.164008,3.27345,1,0,7.9169,estimated,0.50,1.63673,4.91018
69,58,69.5000,58.5000,1.0000,30.7056,2,0.525424,0.0288529,3.15254,0.102670,ok,0.162671,,0.162671,3.15254,3.9910,0.161452,3.22846,1,0,8.0422,estimated,0.50,1.61423,4.84268
70,58,70.5000,58.5000,1.0000,28.7056,2,0.525424,0.0288529,3.15254,0.109823,ok,0.159294,,0.159294,3.15254,4.0756,0.159054,3.16820,1,0,8.1634,estimated,0.50,1.58410,4.75230
71,58,71.5000,58.5000,1.0000,26.7056,2,0.525424,0.0288529,3.15254,0.118048,ok,0.156672,,0.156672,3.15254,4.1438,0.156819,3.12908,1,0,8.2798,estimated,0.50,1.56454,4.69362
72,58,72.5000,58.5000,1.0000,24.7056,2,0.525424,0.0288529,3.15254,0.127604,ok,0.155137,,0.155137,3.15254,4.1848,0.154755,3.21422,1,0,8.3902,estimated,0.50,1.60711,4.82132
73,58,73.5000,58.5000,1.0000,22.7056,2,0.525424,0.0288529,3.15254,0.138844,ok,0.153474,,0.153474,3.15254,4.2301,0.152866,3.25174,1,0,8.4939,estimated,0.50,1.62587,4.87761
74,58,74.5000,58.5000,1.0000,20.7056,2,0.525424,0.0288529,3.15254,0.152255,ok,0.151667,,0.151667,3.15254,4.2805,0.151162,3.23509,1,0,8.5896,estimated,0.50,1.61755,4.85264
75,58,75.5000,58.5000,1.0000,18.7056,2,0.525424,0.0288529,3.15254,0.168534,ok,0.149694,,0.149694,3.15254,4.3369,0.149672,3.15614,1,0,8.6751,estimated,0.50,1.57807,4.73421
76,58,76.5000,58.5000,1.0000,16.7056,2,0.525424,0.0288529,3.15254,0.188711,ok,0.147534,,0.147534,3.15254,4.4005,0.148376,3.01583,1,0,8.7510,estimated,0.50,1.50791,4.52374
77,58,77.5000,58.5000,1.0000,14.7056,2,0.525424,0.0288529,3.15254,0.214377,ok,0.145157,,0.145157,3.15254,4.4725,0.147286,2.81174,1,0,8.8157,estimated,0.50,1.40587,4.21762
78,58,78.5000,58.5000,1.0000,12.7056,2,0.525424,0.0288529,3.15254,0.248122,too_firm,,3.06948,0.143000,3.06948,4.5400,0.146383,2.54913,1,0,8.8701,estimated,0.50,1.27456,3.82369
79,58,79.5000,58.5000,1.0000,10.7056,2,0.525424,0.0288529,3.15254,0.294475,beyond_data,,2.58631,0.143000,2.58631,4.5400,0.145598,2.24070,1,0,8.9179,estimated,0.50,1.12035,3.36105
80,58,80.5000,58.5000,1.0000,8.7056,2,0.525424,0.0288529,3.15254,0.362127,beyond_data,,2.10315,0.143000,2.10315,4.5400,0.144965,1.88592,1,0,8.9569,estimated,0.50,0.94296,2.82888
81,58,81.5000,58.5000,1.0000,6.7056,2,0.525424,0.0288529,3.15254,0.470134,beyond_data,,1.61998,0.143000,1.61998,4.5400,0.144465,1.49301,1,0,8.9878,estimated,0.50,0.74650,2.23951
82,58,82.5000,58.5000,1.0000,4.7056,2,0.525424,0.0288529,3.15254,0.669952,beyond_data,,1.13681,0.143000,1.13681,4.5400,0.144078,1.07034,1,0,9.0120,estimated,0.50,0.53517,1.60550
83,58,83.5000,58.5000,1.0000,2.7056,2,0.525424,0.0288529,3.15254,1.165180,beyond_data,,0.65364,0.143000,0.65364,4.5400,0.143783,0.62557,1,1,9.0305,estimated,0.50,0.31278,0.93835
84,58,84.5000,58.5000,1.0000,0.7056,2,0.508475,0.0288529,3.05085,4.323595,beyond_data,,0.17047,0.143000,0.17047,4.5400,0.143562,0.16517,1,1,9.0444,estimated,0.50,0.08259,0.24776
0,59,0.5000,59.5000,1.0000,1.0000,5,0.508475,0.0288529,3.05085,3.050847,beyond_data,,0.24158,0.143000,0.24158,4.5400,0.143632,0.23317,1,1,9.0400,estimated,0.50,0.11658,0.34975
1,59,1.5000,59.5000,1.0000,3.0000,5,0.508475,0.0288529,3.05085,1.016949,beyond_data,,0.72475,0.143000,0.72475,4.5400,0.143873,0.69017,1,1,9.0248,estimated,0.50,0.34509,1.03526
2,59,2.5000,59.5000,1.0000,5.0000,5,0.508475,0.0288529,3.05085,0.610169,beyond_data,,1.20792,0.143000,1.20792,4.5400,0.144193,1.13011,1,0,9.0048,estimated,0.50,0.56506,1.69517
3,59,3.5000,59.5000,1.0000,7.0000,5,0.508475,0.0288529,3.05085,0.435835,beyond_data,,1.69109,0.143000,1.69109,4.5400,0.144609,1.54628,1,0,8.9789,estimated,0.50,0.77314,2.31942
4,59,4.5000,59.5000,1.0000,9.0000,5,0.508475,0.0288529,3.05085,0.338983,beyond_data,,2.17426,0.143000,2.17426,4.5400,0.145143,1.93083,1,0,8.9459,estimated,0.50,0.96542,2.89625
5,59,5.5000,59.5000,1.0000,11.0000,5,0.508475,0.0288529,3.05085,0.277350,too_firm,,2.65743,0.143000,2.65743,4.5400,0.145815,2.27539,1,0,8.9046,estimated,0.50,1.13770,3.41309
6,59,6.5000,59.5000,1.0000,13.0000,5,0.508475,0.0288529,3.05085,0.234681,ok,0.143516,,0.143516,3.05085,4.5236,0.146632,2.57371,1,0,8.8550,estimated,0.50,1.28686,3.86057
7,59,7.5000,59.5000,1.0000,15.0000,5,0.508475,0.0288529,3.05085,0.203390,ok,0.146129,,0.146129,3.05085,4.4428,0.147574,2.82464,1,0,8.7985,estimated,0.50,1.41232,4.23696
8,59,8.5000,59.5000,1.0000,17.0000,5,0.508475,0.0288529,3.05085,0.179462,ok,0.148489,,0.148489,3.05085,4.3722,0.148721,3.01395,1,0,8.7306,estimated,0.50,1.50697,4.52092
9,59,9.5000,59.5000,1.0000,19.0000,5,0.508475,0.0288529,3.05085,0.160571,ok,0.150631,,0.150631,3.05085,4.3100,0.150067,3.14096,1,0,8.6523,estimated,0.50,1.57048,4.71144
10,59,10.5000,59.5000,1.0000,21.0000,5,0.508475,0.0288529,3.05085,0.145278,ok,0.152585,,0.152585,3.05085,4.2548,0.151638,3.20200,1,0,8.5627,estimated,0.50,1.60100,4.80300
11,59,11.5000,59.5000,1.0000,23.0000,5,0.508475,0.0288529,3.05085,0.132646,ok,0.154373,,0.154373,3.05085,4.2055,0.153411,3.20374,1,0,8.4638,estimated,0.50,1.60187,4.80562
12,59,12.5000,59.5000,1.0000,25.0000,5,0.508475,0.0288529,3.05085,0.122034,ok,0.156017,,0.156017,3.05085,4.1612,0.155372,3.15231,1,0,8.3569,estimated,0.50,1.57615,4.72846
13,59,13.5000,59.5000,1.0000,27.0000,5,0.508475,0.0288529,3.05085,0.112994,ok,0.157934,,0.157934,3.05085,4.1107,0.157510,3.07852,1,0,8.2435,estimated,0.50,1.53926,4.61777
14,59,14.5000,59.5000,1.0000,29.0000,5,0.508475,0.0288529,3.05085,0.105202,ok,0.161423,,0.161423,3.05085,4.0218,0.159829,3.15008,1,0,8.1239,estimated,0.50,1.57504,4.72512
15,59,15.5000,59.5000,1.0000,31.0000,5,0.508475,0.0288529,3.05085,0.098414,ok,0.164913,,0.164913,3.05085,3.9367,0.162314,3.20482,1,0,7.9995,estimated,0.50,1.60241,4.80723
16,59,16.5000,59.5000,1.0000,33.0000,5,0.508475,0.0288529,3.05085,0.092450,ok,0.168402,,0.168402,3.05085,3.8551,0.164957,3.24501,1,0,7.8713,estimated,0.50,1.62250,4.86751
17,59,17.5000,59.5000,1.0000,35.0000,5,0.508475,0.0288529,3.05085,0.087167,ok,0.171891,,0.171891,3.05085,3.7769,0.167739,3.27344,1,0,7.7408,estimated,0.50,1.63672,4.91015
18,59,18.5000,59.5000,1.0000,37.0000,5,0.508475,0.0288529,3.05085,0.082455,ok,0.175381,,0.175381,3.05085,3.7017,0.170635,3.29291,1,0,7.6094,estimated,0.50,1.64646,4.93937
19,59,19.5000,59.5000,1.0000,39.0000,5,0.508475,0.0288529,3.05085,0.078227,ok,0.178870,,0.178870,3.05085,3.6295,0.173622,3.30586,1,0,7.4785,estimated,0.50,1.65293,4.95879
20,59,20.5000,59.5000,1.0000,41.0000,5,0.508475,0.0288529,3.05085,0.074411,ok,0.181985,,0.181985,3.05085,3.5674,0.176633,3.31633,1,0,7.3510,estimated,0.50,1.65816,4.97449
21,59,21.5000,59.5000,1.0000,43.0000,5,0.508475,0.0288529,3.05085,0.070950,ok,0.184919,,0.184919,3.05085,3.5108,0.179649,3.32571,1,0,7.2276,estimated,0.50,1.66286,4.98857
22,59,22.5000,59.5000,1.0000,45.0000,5,0.508475,0.0288529,3.05085,0.067797,ok,0.187854,,0.187854,3.05085,3.4560,0.182647,3.31205,1,0,7.1090,estimated,0.50,1.65603,4.96808
23,59,23.5000,59.5000,1.0000,47.0000,5,0.508475,0.0288529,3.05085,0.064912,ok,0.190789,,0.190789,3.05085,3.4028,0.185611,3.29846,1,0,6.9954,estimated,0.50,1.64923,4.94770
24,59,24.5000,59.5000,1.0000,49.0000,5,0.508475,0.0288529,3.05085,0.062262,ok,0.193723,,0.193723,3.05085,3.3512,0.188538,3.28795,1,0,6.8868,estimated,0.50,1.64398,4.93193
25,59,25.5000,59.5000,1.0000,51.0000,5,0.508475,0.0288529,3.05085,0.059821,ok,0.196658,,0.196658,3.05085,3.3012,0.191445,3.27930,1,0,6.7823,estimated,0.50,1.63965,4.91895
26,59,26.5000,59.5000,1.0000,53.0000,5,0.508475,0.0288529,3.05085,0.057563,ok,0.199593,,0.199593,3.05085,3.2527,0.194307,3.27332,1,0,6.6824,estimated,0.50,1.63666,4.90999
27,59,27.5000,59.5000,1.0000,55.0000,5,0.508475,0.0288529,3.05085,0.055470,ok,0.202527,,0.202527,3.05085,3.2056,0.197151,3.26862,1,0,6.5860,estimated,0.50,1.63431,4.90293
28,59,28.5000,59.5000,1.0000,57.0000,5,0.508475,0.0288529,3.05085,0.053524,ok,0.205462,,0.205462,3.05085,3.1598,0.199983,3.26471,1,0,6.4927,estimated,0.50,1.63235,4.89706
29,59,29.5000,59.5000,1.0000,59.0000,5,0.508475,0.0288529,3.05085,0.051709,ok,0.208397,,0.208397,3.05085,3.1153,0.202811,3.26127,1,0,6.4022,estimated,0.50,1.63063,4.89190
30,59,30.5000,59.5000,1.0000,61.0000,5,0.508475,0.0288529,3.05085,0.050014,ok,0.211332,,0.211332,3.05085,3.0720,0.205637,3.25813,1,0,6.3142,estimated,0.50,1.62907,4.88720
31,59,31.5000,59.5000,1.0000,63.0000,5,0.508475,0.0288529,3.05085,0.048426,ok,0.214266,,0.214266,3.05085,3.0299,0.208462,3.25524,1,0,6.2286,estimated,0.50,1.62762,4.88286
32,59,32.5000,59.5000,1.0000,65.0000,5,0.508475,0.0288529,3.05085,0.046936,ok,0.217201,,0.217201,3.05085,2.9890,0.211301,3.25201,1,0,6.1449,estimated,0.50,1.62601,4.87802
33,59,33.5000,59.5000,1.0000,67.0000,5,0.508475,0.0288529,3.05085,0.045535,ok,0.220136,,0.220136,3.05085,2.9492,0.214117,3.24979,1,0,6.0641,estimated,0.50,1.62490,4.87469
34,59,34.5000,59.5000,1.0000,69.0000,5,0.508475,0.0288529,3.05085,0.044215,ok,0.223070,,0.223070,3.05085,2.9104,0.216918,3.24822,1,0,5.9858,estimated,0.50,1.62411,4.87233
35,59,35.5000,59.5000,1.0000,71.0000,5,0.508475,0.0288529,3.05085,0.042970,ok,0.226005,,0.226005,3.05085,2.8726,0.219691,3.24767,1,0,5.9103,estimated,0.50,1.62384,4.87151
36,59,36.5000,59.5000,1.0000,73.0000,5,0.508475,0.0288529,3.05085,0.041792,ok,0.228716,,0.228716,3.05085,2.8385,0.222406,3.24904,1,0,5.8381,estimated,0.50,1.62452,4.87356
37,59,37.5000,59.5000,1.0000,75.0000,5,0.508475,0.0288529,3.05085,0.040678,ok,0.231427,,0.231427,3.05085,2.8053,0.225026,3.25328,1,0,5.7701,estimated,0.50,1.62664,4.87992
38,59,38.5000,59.5000,1.0000,77.0000,5,0.508475,0.0288529,3.05085,0.039621,ok,0.234139,,0.234139,3.05085,2.7728,0.227483,3.25861,1,0,5.7078,estimated,0.50,1.62930,4.88791
39,59,39.5000,59.5000,1.0000,79.0000,5,0.508475,0.0288529,3.05085,0.038618,ok,0.236850,,0.236850,3.05085,2.7410,0.229668,3.27014,1,0,5.6535,estimated,0.50,1.63507,4.90521
40,59,40.5000,59.5000,1.0000,81.0000,5,0.508475,0.0288529,3.05085,0.037665,ok,0.239562,,0.239562,3.05085,2.7100,0.231435,3.29466,1,0,5.6103,estimated,0.50,1.64733,4.94199
41,59,41.5000,59.5000,1.0000,83.0000,5,0.508475,0.0288529,3.05085,0.036757,ok,0.242273,,0.242273,3.05085,2.6797,0.232621,3.33708,1,0,5.5817,estimated,0.50,1.66854,5.00562
42,59,42.5000,59.5000,1.0000,84.7056,2,0.508475,0.0288529,3.05085,0.036017,ok,0.244585,,0.244585,3.05085,2.6544,0.233102,3.38983,1,0,5.5702,estimated,0.50,1.69491,5.08474
43,59,43.5000,59.5000,1.0000,82.7056,2,0.508475,0.0288529,3.05085,0.036888,ok,0.241874,,0.241874,3.05085,2.6841,0.232491,3.32946,1,0,5.5849,estimated,0.50,1.66473,4.99418
44,59,44.5000,59.5000,1.0000,80.7056,2,0.508475,0.0288529,3.05085,0.037802,ok,0.239163,,0.239163,3.05085,2.7145,0.231211,3.28995,1,0,5.6158,estimated,0.50,1.64498,4.93493
45,59,45.5000,59.5000,1.0000,78.7056,2,0.508475,0.0288529,3.05085,0.038763,ok,0.236451,,0.236451,3.05085,2.7457,0.229372,3.26765,1,0,5.6608,estimated,0.50,1.63382,4.90147
46,59,46.5000,59.5000,1.0000,76.7056,2,0.508475,0.0288529,3.05085,0.039773,ok,0.233740,,0.233740,3.05085,2.7775,0.227138,3.25766,1,0,5.7165,estimated,0.50,1.62883,4.88649
47,59,47.5000,59.5000,1.0000,74.7056,2,0.508475,0.0288529,3.05085,0.040838,ok,0.231028,,0.231028,3.05085,2.8101,0.224650,3.25237,1,0,5.7798,estimated,0.50,1.62619,4.87856
48,59,48.5000,59.5000,1.0000,72.7056,2,0.508475,0.0288529,3.05085,0.041962,ok,0.228317,,0.228317,3.05085,2.8435,0.222011,3.24868,1,0,5.8485,estimated,0.50,1.62434,4.87302
49,59,49.5000,59.5000,1.0000,70.7056,2,0.508475,0.0288529,3.05085,0.043149,ok,0.225573,,0.225573,3.05085,2.8781,0.219285,3.24767,1,0,5.9212,estimated,0.50,1.62384,4.87151
50,59,50.5000,59.5000,1.0000,68.7056,2,0.508475,0.0288529,3.05085,0.044405,ok,0.222638,,0.222638,3.05085,2.9160,0.216507,3.24841,1,0,5.9972,estimated,0.50,1.62421,4.87262
51,59,51.5000,59.5000,1.0000,66.7056,2,0.508475,0.0288529,3.05085,0.045736,ok,0.219704,,0.219704,3.05085,2.9550,0.213703,3.25010,1,0,6.0759,estimated,0.50,1.62505,4.87514
52,59,52.5000,59.5000,1.0000,64.7056,2,0.508475,0.0288529,3.05085,0.047150,ok,0.216769,,0.216769,3.05085,2.9950,0.210886,3.25238,1,0,6.1570,estimated,0.50,1.62619,4.87857
53,59,53.5000,59.5000,1.0000,62.7056,2,0.508475,0.0288529,3.05085,0.048653,ok,0.213834,,0.213834,3.05085,3.0361,0.208046,3.25566,1,0,6.2411,estimated,0.50,1.62783,4.88349
54,59,54.5000,59.5000,1.0000,60.7056,2,0.508475,0.0288529,3.05085,0.050256,ok,0.210900,,0.210900,3.05085,3.0783,0.205221,3.25858,1,0,6.3270,estimated,0.50,1.62929,4.88788
55,59,55.5000,59.5000,1.0000,58.7056,2,0.508475,0.0288529,3.05085,0.051969,ok,0.207965,,0.207965,3.05085,3.1218,0.202395,3.26176,1,0,6.4153,estimated,0.50,1.63088,4.89263
56,59,56.5000,59.5000,1.0000,56.7056,2,0.508475,0.0288529,3.05085,0.053801,ok,0.205030,,0.205030,3.05085,3.1664,0.199567,3.26525,1,0,6.5062,estimated,0.50,1.63263,4.89788
57,59,57.5000,59.5000,1.0000,54.7056,2,0.508475,0.0288529,3.05085,0.055768,ok,0.202096,,0.202096,3.05085,3.2124,0.196733,3.26926,1,0,6.6000,estimated,0.50,1.63463,4.90389
58,59,58.5000,59.5000,1.0000,52.7056,2,0.508475,0.0288529,3.05085,0.057885,ok,0.199161,,0.199161,3.05085,3.2598,0.193887,3.27412,1,0,6.6968,estimated,0.50,1.63706,4.91118
59,59,59.5000,59.5000,1.0000,50.7056,2,0.508475,0.0288529,3.05085,0.060168,ok,0.196226,,0.196226,3.05085,3.3085,0.191021,3.28033,1,0,6.7973,estimated,0.50,1.64017,4.92050
60,59,60.5000,59.5000,1.0000,48.7056,2,0.508475,0.0288529,3.05085,0.062639,ok,0.193291,,0.193291,3.05085,3.3587,0.188110,3.28935,1,0,6.9025,estimated,0.50,1.64467,4.93402
61,59,61.5000,59.5000,1.0000,46.7056,2,0.508475,0.0288529,3.05085,0.065321,ok,0.190357,,0.190357,3.05085,3.4105,0.185177,3.30029,1,0,7.0118,estimated,0.50,1.65014,4.95043
62,59,62.5000,59.5000,1.0000,44.7056,2,0.508475,0.0288529,3.05085,0.068243,ok,0.187422,,0.187422,3.05085,3.4639,0.182206,3.31437,1,0,7.1261,estimated,0.50,1.65718,4.97155
63,59,63.5000,59.5000,1.0000,42.7056,2,0.508475,0.0288529,3.05085,0.071439,ok,0.184487,,0.184487,3.05085,3.5190,0.179205,3.32439,1,0,7.2455,estimated,0.50,1.66219,4.98658
64,59,64.5000,59.5000,1.0000,40.7056,2,0.508475,0.0288529,3.05085,0.074949,ok,0.181553,,0.181553,3.05085,3.5759,0.176189,3.31491,1,0,7.3695,estimated,0.50,1.65746,4.97237
65,59,65.5000,59.5000,1.0000,38.7056,2,0.508475,0.0288529,3.05085,0.078822,ok,0.178357,,0.178357,3.05085,3.6400,0.173179,3.30420,1,0,7.4976,estimated,0.50,1.65210,4.95629
66,59,66.5000,59.5000,1.0000,36.7056,2,0.508475,0.0288529,3.05085,0.083117,ok,0.174867,,0.174867,3.05085,3.7126,0.170202,3.29054,1,0,7.6287,estimated,0.50,1.64527,4.93581
67,59,67.5000,59.5000,1.0000,34.7056,2,0.508475,0.0288529,3.05085,0.087906,ok,0.171378,,0.171378,3.05085,3.7882,0.167321,3.26993,1,0,7.7601,estimated,0.50,1.63497,4.90490
68,59,68.5000,59.5000,1.0000,32.7056,2,0.508475,0.0288529,3.05085,0.093282,ok,0.167888,,0.167888,3.05085,3.8669,0.164558,3.23996,1,0,7.8904,estimated,0.50,1.61998,4.85993
69,59,69.5000,59.5000,1.0000,30.7056,2,0.508475,0.0288529,3.05085,0.099358,ok,0.164399,,0.164399,3.05085,3.9490,0.161937,3.19782,1,0,8.0181,estimated,0.50,1.59891,4.79673
70,59,70.5000,59.5000,1.0000,28.7056,2,0.508475,0.0288529,3.05085,0.106280,ok,0.160910,,0.160910,3.05085,4.0347,0.159476,3.14074,1,0,8.1418,estimated,0.50,1.57037,4.71111
71,59,71.5000,59.5000,1.0000,26.7056,2,0.508475,0.0288529,3.05085,0.114240,ok,0.157420,,0.157420,3.05085,4.1241,0.157182,3.07186,1,0,8.2607,estimated,0.50,1.53593,4.60779
72,59,72.5000,59.5000,1.0000,24.7056,2,0.508475,0.0288529,3.05085,0.123488,ok,0.155783,,0.155783,3.05085,4.1674,0.155069,3.16350,1,0,8.3733,estimated,0.50,1.58175,4.74525
73,59,73.5000,59.5000,1.0000,22.7056,2,0.508475,0.0288529,3.05085,0.134365,ok,0.154120,,0.154120,3.05085,4.2124,0.153133,3.20780,1,0,8.4791,estimated,0.50,1.60390,4.81169
74,59,74.5000,59.5000,1.0000,20.7056,2,0.508475,0.0288529,3.05085,0.147344,ok,0.152308,,0.152308,3.05085,4.2625,0.151387,3.19805,1,0,8.5769,estimated,0.50,1.59902,4.79707
75,59,75.5000,59.5000,1.0000,18.7056,2,0.508475,0.0288529,3.05085,0.163098,ok,0.150328,,0.150328,3.05085,4.3187,0.149843,3.12830,1,0,8.6653,estimated,0.50,1.56415,4.69245
76,59,76.5000,59.5000,1.0000,16.7056,2,0.508475,0.0288529,3.05085,0.182624,ok,0.148156,,0.148156,3.05085,4.3820,0.148526,2.99218,1,0,8.7421,estimated,0.50,1.49609,4.48827
77,59,77.5000,59.5000,1.0000,14.7056,2,0.508475,0.0288529,3.05085,0.207461,ok,0.145761,,0.145761,3.05085,4.4540,0.147406,2.79388,1,0,8.8085,estimated,0.50,1.39694,4.19081
78,59,78.5000,59.5000,1.0000,12.7056,2,0.508475,0.0288529,3.05085,0.240118,ok,0.143108,,0.143108,3.05085,4.5365,0.146491,2.53453,1,0,8.8636,estimated,0.50,1.26726,3.80179
79,59,79.5000,59.5000,1.0000,10.7056,2,0.508475,0.0288529,3.05085,0.284976,too_firm,,2.58631,0.143000,2.58631,4.5400,0.145687,2.22996,1,0,8.9125,estimated,0.50,1.11498,3.34494
80,59,80.5000,59.5000,1.0000,8.7056,2,0.508475,0.0288529,3.05085,0.350445,beyond_data,,2.10315,0.143000,2.10315,4.5400,0.145036,1.87865,1,0,8.9525,estimated,0.50,0.93932,2.81797
81,59,81.5000,59.5000,1.0000,6.7056,2,0.508475,0.0288529,3.05085,0.454968,beyond_data,,1.61998,0.143000,1.61998,4.5400,0.144521,1.48844,1,0,8.9844,estimated,0.50,0.74422,2.23267
82,59,82.5000,59.5000,1.0000,4.7056,2,0.508475,0.0288529,3.05085,0.648340,beyond_data,,1.13681,0.143000,1.13681,4.5400,0.144121,1.06778,1,0,9.0093,estimated,0.50,0.53389,1.60167
83,59,83.5000,59.5000,1.0000,2.7056,2,0.508475,0.0288529,3.05085,1.127593,beyond_data,,0.65364,0.143000,0.65364,4.5400,0.143817,0.62442,1,1,9.0284,estimated,0.50,0.31221,0.93663
84,59,84.5000,59.5000,1.0000,0.7056,2,0.508475,0.0288529,3.05085,4.323595,beyond_data,,0.17047,0.143000,0.17047,4.5400,0.143587,0.16494,1,1,9.0428,estimated,0.50,0.08247,0.24741
