topology,rho,dC11,dC12,dC44,region
octet,0.0000,0.000000,0.000000,0.000000,lower_bridge
octet,0.0025,130.680345,62.888052,61.124522,lower_bridge
octet,0.0050,252.041138,121.343701,117.735235,lower_bridge
octet,0.0075,364.082381,175.366949,169.832140,lower_bridge
octet,0.0100,466.804072,224.957794,217.415236,lower_bridge
octet,0.0125,560.206213,270.116237,260.484524,lower_bridge
octet,0.0150,644.288802,310.842278,299.040004,lower_bridge
octet,0.0175,719.051841,347.135917,333.081675,lower_bridge
octet,0.0200,784.495328,378.997154,362.609538,lower_bridge
octet,0.0225,840.619265,406.425989,387.623592,lower_bridge
octet,0.0250,887.423650,429.422422,408.123838,lower_bridge
octet,0.0275,924.908485,447.986452,424.110276,lower_bridge
octet,0.0300,953.073768,462.118081,435.582905,lower_bridge
octet,0.0325,971.919501,471.817307,442.541726,lower_bridge
octet,0.0350,981.445682,477.084131,444.986738,lower_bridge
octet,0.0375,981.652312,477.918553,442.917942,lower_bridge
octet,0.0400,972.539392,474.320573,436.335338,lower_bridge
octet,0.0425,954.106920,466.290191,425.238925,lower_bridge
octet,0.0450,926.354897,453.827407,409.628704,lower_bridge
octet,0.0475,889.283324,436.932220,389.504674,lower_bridge
octet,0.0500,842.892199,415.604632,364.866836,lower_bridge
octet,0.0525,841.167165,414.875409,361.781693,band
octet,0.0550,851.069323,419.431453,364.295877,band
octet,0.0575,860.977060,423.885939,366.797757,band
octet,0.0600,870.891512,428.240492,369.287723,band
octet,0.0625,880.813815,432.496736,371.766160,band
octet,0.0650,890.745104,436.656293,374.233457,band
octet,0.0675,900.686516,440.720788,376.690001,band
octet,0.0700,910.639186,444.691844,379.136180,band
octet,0.0725,920.604250,448.571085,381.572381,band
octet,0.0750,930.582843,452.360134,383.998993,band
octet,0.0775,940.576102,456.060614,386.416403,band
octet,0.0800,950.585161,459.674151,388.824998,band
octet,0.0825,960.611158,463.202366,391.225167,band
octet,0.0850,970.655227,466.646884,393.617296,band
octet,0.0875,980.718504,470.009328,396.001774,band
octet,0.0900,990.802125,473.291322,398.378988,band
octet,0.0925,1000.907226,476.494489,400.749326,band
octet,0.0950,1011.034943,479.620454,403.113175,band
octet,0.0975,1021.186411,482.670839,405.470924,band
octet,0.1000,1031.362766,485.647268,407.822959,band
octet,0.1025,1041.565143,488.551365,410.169668,band
octet,0.1050,1051.794679,491.384753,412.511440,band
octet,0.1075,1062.052510,494.149056,414.848661,band
octet,0.1100,1072.339770,496.845898,417.181719,band
octet,0.1125,1082.657596,499.476902,419.511003,band
octet,0.1150,1093.007124,502.043692,421.836899,band
octet,0.1175,1103.389489,504.547891,424.159795,band
octet,0.1200,1113.805827,506.991122,426.480079,band
octet,0.1225,1124.257273,509.375011,428.798139,band
octet,0.1250,1134.744964,511.701179,431.114362,band
octet,0.1275,1145.270036,513.971252,433.429136,band
octet,0.1300,1155.833623,516.186851,435.742848,band
octet,0.1325,1166.436862,518.349601,438.055887,band
octet,0.1350,1177.080888,520.461126,440.368639,band
octet,0.1375,1187.766838,522.523049,442.681493,band
octet,0.1400,1198.495847,524.536994,444.994836,band
octet,0.1425,1209.269050,526.504583,447.309055,band
octet,0.1450,1220.087584,528.427442,449.624539,band
octet,0.1475,1230.952583,530.307193,451.941676,band
octet,0.1500,1241.865185,532.145460,454.260851,band
octet,0.1525,1252.826525,533.943867,456.582454,band
octet,0.1550,1263.837738,535.704037,458.906873,band
octet,0.1575,1274.899960,537.427593,461.234493,band
octet,0.1600,1286.014327,539.116160,463.565704,band
octet,0.1625,1297.181974,540.771361,465.900893,band
octet,0.1650,1308.404038,542.394820,468.240448,band
octet,0.1675,1319.681655,543.988160,470.584756,band
octet,0.1700,1331.015959,545.553004,472.934204,band
octet,0.1725,1342.408086,547.090977,475.289182,band
octet,0.1750,1353.859173,548.603702,477.650075,band
octet,0.1775,1365.370356,550.092802,480.017272,band
octet,0.1800,1376.942769,551.559901,482.391161,band
octet,0.1825,1388.577549,553.006623,484.772129,band
octet,0.1850,1400.275831,554.434592,487.160563,band
octet,0.1875,1412.038751,555.845430,489.556852,band
octet,0.1900,1423.867445,557.240762,491.961383,band
octet,0.1925,1435.763049,558.622211,494.374544,band
octet,0.1950,1447.726698,559.991400,496.796722,band
octet,0.1975,1459.759528,561.349954,499.228305,band
octet,0.2000,1471.862675,562.699496,501.669681,band
octet,0.2025,1484.037274,564.041649,504.121237,band
octet,0.2050,1496.284462,565.378037,506.583361,band
octet,0.2075,1508.605374,566.710284,509.056441,band
octet,0.2100,1521.001146,568.040012,511.540864,band
octet,0.2125,1533.472913,569.368847,514.037018,band
octet,0.2150,1546.021812,570.698411,516.545290,band
octet,0.2175,1558.648977,572.030328,519.066069,band
octet,0.2200,1571.355546,573.366222,521.599741,band
octet,0.2225,1584.142653,574.707716,524.146695,band
octet,0.2250,1597.011434,576.056434,526.707318,band
octet,0.2275,1609.963026,577.413999,529.281998,band
octet,0.2300,1622.998563,578.782035,531.871122,band
octet,0.2325,1636.119181,580.162165,534.475078,band
octet,0.2350,1649.326017,581.556014,537.094254,band
octet,0.2375,1662.620206,582.965204,539.729038,band
octet,0.2400,1676.002884,584.391360,542.379816,band
octet,0.2425,1689.475186,585.836104,545.046977,band
octet,0.2450,1703.038249,587.301061,547.730909,band
octet,0.2475,1716.693207,588.787854,550.431998,band
octet,0.2500,1730.441198,590.298107,553.150633,band
octet,0.2525,1744.283355,591.833443,555.887202,band
octet,0.2550,1758.220816,593.395486,558.642091,band
octet,0.2575,1772.254716,594.985860,561.415689,band
octet,0.2600,1786.386191,596.606187,564.208383,band
octet,0.2625,1800.616376,598.258092,567.020561,band
octet,0.2650,1814.946408,599.943199,569.852610,band
octet,0.2675,1829.377421,601.663130,572.704919,band
octet,0.2700,1843.910552,603.419510,575.577874,band
octet,0.2725,1858.546937,605.213961,578.471864,band
octet,0.2750,1873.287711,607.048108,581.387276,band
octet,0.2775,1888.134009,608.923575,584.324498,band
octet,0.2800,1903.086969,610.841984,587.283917,band
octet,0.2825,1918.147725,612.804959,590.265921,band
octet,0.2850,1933.317413,614.814125,593.270898,band
octet,0.2875,1948.597169,616.871104,596.299235,band
octet,0.2900,1963.988128,618.977520,599.351320,band
octet,0.2925,1979.491427,621.134997,602.427541,band
octet,0.2950,1995.108202,623.345158,605.528285,band
octet,0.2975,2010.839587,625.609627,608.653940,band
octet,0.3000,2026.686718,627.930028,611.804894,band
octet,0.3025,2042.650733,630.307984,614.981533,band
octet,0.3050,2058.732765,632.745118,618.184247,band
octet,0.3075,2074.933951,635.243055,621.413422,band
octet,0.3100,2091.255427,637.803418,624.669447,band
octet,0.3125,2107.698328,640.427830,627.952708,band
octet,0.3150,2124.263791,643.117915,631.263594,band
octet,0.3175,2140.952950,645.875297,634.602492,band
octet,0.3200,2157.766942,648.701599,637.969789,band
octet,0.3225,2174.706902,651.598445,641.365874,band
octet,0.3250,2191.773967,654.567459,644.791134,band
octet,0.3275,2208.969271,657.610263,648.245957,band
octet,0.3300,2226.293951,660.728482,651.730731,band
octet,0.3325,2243.749142,663.923739,655.245842,band
octet,0.3350,2261.335980,667.197658,658.791679,band
octet,0.3375,2279.055602,670.551863,662.368629,band
octet,0.3400,2296.909141,673.987976,665.977080,band
octet,0.3425,2314.897735,677.507622,669.617420,band
octet,0.3450,2333.022520,681.112424,673.290036,band
octet,0.3475,2351.284630,684.804006,676.995315,band
octet,0.3500,2369.685201,688.583991,680.733647,band
octet,0.3525,2388.225370,692.454003,684.505418,band
octet,0.3550,2406.906272,696.415666,688.311015,band
octet,0.3575,2425.729043,700.470603,692.150827,band
octet,0.3600,2444.694818,704.620437,696.025241,band
octet,0.3625,2463.804733,708.866793,699.934645,band
octet,0.3650,2483.059925,713.211294,703.879426,band
octet,0.3675,2502.461528,717.655563,707.859973,band
octet,0.3700,2522.010679,722.201224,711.876672,band
octet,0.3725,2541.708514,726.849901,715.929911,band
octet,0.3750,2561.556167,731.603218,720.020079,band
octet,0.3775,2581.554775,736.462797,724.147562,band
octet,0.3800,2601.705473,741.430262,728.312749,band
octet,0.3825,2622.009398,746.507238,732.516026,band
octet,0.3850,2642.467685,751.695347,736.757782,band
octet,0.3875,2663.081470,756.996213,741.038405,band
octet,0.3900,2683.851888,762.411461,745.358281,band
octet,0.3925,2704.780075,767.942712,749.717799,band
octet,0.3950,2725.867167,773.591592,754.117346,band
octet,0.3975,2747.114300,779.359723,758.557310,band
octet,0.4000,2768.522610,785.248729,763.038079,band
octet,0.4025,2790.093231,791.260235,767.560039,band
octet,0.4050,2811.827301,797.395862,772.123580,band
octet,0.4075,2833.725954,803.657236,776.729088,band
octet,0.4100,2855.790327,810.045979,781.376951,band
octet,0.4125,2878.021555,816.563715,786.067557,band
octet,0.4150,2900.420774,823.212068,790.801293,band
octet,0.4175,2922.989120,829.992661,795.578547,band
octet,0.4200,2945.727728,836.907118,800.399707,band
octet,0.4225,2968.637735,843.957063,805.265160,band
octet,0.4250,2991.720275,851.144118,810.175295,band
octet,0.4275,3014.976485,858.469909,815.130498,band
octet,0.4300,3038.407500,865.936057,820.131157,band
octet,0.4325,3062.014457,873.544188,825.177660,band
octet,0.4350,3085.798490,881.295924,830.270395,band
octet,0.4375,3109.760736,889.192889,835.409749,band
octet,0.4400,3133.902331,897.236707,840.596109,band
octet,0.4425,3158.224410,905.429001,845.829865,band
octet,0.4450,3182.728108,913.771395,851.111402,band
octet,0.4475,3207.414562,922.265512,856.441110,band
octet,0.4500,3232.284908,930.912976,861.819375,band
octet,0.4525,3257.340281,939.715411,867.246585,band
octet,0.4550,3282.581817,948.674440,872.723127,band
octet,0.4575,3308.010651,957.791687,878.249390,band
octet,0.4600,3333.627919,967.068775,883.825762,band
octet,0.4625,3359.434758,976.507328,889.452629,band
octet,0.4650,3385.432303,986.108970,895.130379,band
octet,0.4675,3411.621689,995.875323,900.859400,band
octet,0.4700,3438.004053,1005.808013,906.640080,band
octet,0.4725,3464.580529,1015.908662,912.472807,band
octet,0.4750,3491.352255,1026.178894,918.357967,band
octet,0.4775,3518.320365,1036.620332,924.295949,band
octet,0.4800,3545.485995,1047.234601,930.287140,band
octet,0.4825,3572.850282,1058.023323,936.331928,band
octet,0.4850,3600.414360,1068.988123,942.430700,band
octet,0.4875,3628.179366,1080.130623,948.583845,band
octet,0.4900,3656.146436,1091.452448,954.791750,band
octet,0.4925,3684.316704,1102.955221,961.054802,band
octet,0.4950,3712.691307,1114.640565,967.373389,band
octet,0.4975,3741.271381,1126.510105,973.747899,band
octet,0.5000,3770.058061,1138.565464,980.178720,band
octet,0.5025,3799.052483,1150.808265,986.666238,band
octet,0.5050,3828.255782,1163.240132,993.210843,band
octet,0.5075,3857.669096,1175.862689,999.812920,band
octet,0.5100,3887.293558,1188.677559,1006.472859,band
octet,0.5125,3917.130306,1201.686366,1013.191046,band
octet,0.5150,3947.180475,1214.890733,1019.967870,band
octet,0.5175,3977.445200,1228.292284,1026.803718,band
octet,0.5200,4007.925617,1241.892643,1033.698977,band
octet,0.5225,4038.622862,1255.693433,1040.654036,band
octet,0.5250,4069.538071,1269.696277,1047.669281,band
octet,0.5275,4100.672379,1283.902800,1054.745101,band
octet,0.5300,4132.026923,1298.314625,1061.881883,band
octet,0.5325,4163.602838,1312.933376,1069.080016,band
octet,0.5350,4195.401259,1327.760675,1076.339885,band
octet,0.5375,4227.423323,1342.798148,1083.661880,band
octet,0.5400,4259.670165,1358.047416,1091.046388,band
octet,0.5425,4292.142922,1373.510105,1098.493796,band
octet,0.5450,4324.842727,1389.187837,1106.004492,band
octet,0.5475,4357.770719,1405.082236,1113.578864,band
octet,0.5500,4390.928031,1421.194926,1121.217299,band
octet,0.5525,4424.315801,1437.527530,1128.920186,band
octet,0.5550,4457.935163,1454.081672,1136.687911,band
octet,0.5575,4491.787254,1470.858975,1144.520862,band
octet,0.5600,4525.873208,1487.861064,1152.419428,band
octet,0.5625,4560.194163,1505.089561,1160.383995,band
octet,0.5650,4594.751254,1522.546090,1168.414951,band
octet,0.5675,4629.545615,1540.232275,1176.512685,band
octet,0.5700,4664.578385,1558.149740,1184.677583,band
octet,0.5725,4699.850697,1576.300107,1192.910033,band
octet,0.5750,4735.363687,1594.685002,1201.210423,band
octet,0.5775,4771.118492,1613.306046,1209.579140,band
octet,0.5800,4807.116247,1632.164864,1218.016573,band
octet,0.5825,4843.358088,1651.263079,1226.523109,band
octet,0.5850,4879.845151,1670.602316,1235.099135,band
octet,0.5875,4916.578571,1690.184197,1243.745039,band
octet,0.5900,4953.559485,1710.010346,1252.461209,band
octet,0.5925,4990.789027,1730.082387,1261.248032,band
octet,0.5950,5028.268334,1750.401943,1270.105896,band
octet,0.5975,5065.998541,1770.970638,1279.035190,band
octet,0.6000,5103.980784,1791.790096,1288.036299,band
octet,0.6025,5142.216199,1812.861939,1297.109613,band
octet,0.6050,5180.705922,1834.187793,1306.255518,band
octet,0.6075,5219.451088,1855.769279,1315.474402,band
octet,0.6100,5258.452833,1877.608023,1324.766654,band
octet,0.6125,5297.712293,1899.705647,1334.132660,band
octet,0.6150,5337.230604,1922.063775,1343.572808,band
octet,0.6175,5377.008901,1944.684031,1353.087486,band
octet,0.6200,5417.048320,1967.568038,1362.677082,band
octet,0.6225,5457.349997,1990.717419,1372.341983,band
octet,0.6250,5497.915068,2014.133800,1382.082577,band
octet,0.6275,5538.744667,2037.818802,1391.899251,band
octet,0.6300,5579.839932,2061.774050,1401.792394,band
octet,0.6325,5621.201998,2086.001167,1411.762392,band
octet,0.6350,5662.832000,2110.501777,1421.809634,band
octet,0.6375,5704.731075,2135.277503,1431.934506,band
octet,0.6400,5746.900357,2160.329969,1442.137398,band
octet,0.6425,5789.340984,2185.660799,1452.418696,band
octet,0.6450,5832.054090,2211.271616,1462.778788,band
octet,0.6475,5875.040811,2237.164044,1473.218061,band
octet,0.6500,5918.302283,2263.339706,1483.736904,band
octet,0.6525,5961.839642,2289.800226,1494.335704,band
octet,0.6550,6005.654024,2316.547227,1505.014849,band
octet,0.6575,6049.746563,2343.582334,1515.774726,band
octet,0.6600,6094.118397,2370.907169,1526.615722,band
octet,0.6625,6138.770661,2398.523357,1537.538227,band
octet,0.6650,6183.704490,2426.432520,1548.542626,band
octet,0.6675,6228.921020,2454.636283,1559.629308,band
octet,0.6700,6274.421388,2483.136269,1570.798661,band
octet,0.6725,6320.206728,2511.934102,1582.051072,band
octet,0.6750,6366.278176,2541.031405,1593.386929,band
octet,0.6775,6412.636869,2570.429802,1604.806620,band
octet,0.6800,6459.283942,2600.130916,1616.310531,band
octet,0.6825,6506.220530,2630.136371,1627.899051,band
octet,0.6850,6553.447770,2660.447791,1639.572568,band
octet,0.6875,6600.966797,2691.066799,1651.331468,band
octet,0.6900,6648.778747,2721.995019,1663.176141,band
octet,0.6925,6696.884756,2753.234075,1675.106973,band
octet,0.6950,6745.285960,2784.785589,1687.124351,band
octet,0.6975,6793.983493,2816.651186,1699.228665,band
octet,0.7000,6842.978492,2848.832489,1711.420300,band
octet,0.7025,6892.272093,2881.331122,1723.699646,band
octet,0.7050,6941.865432,2914.148708,1736.067089,band
octet,0.7075,6991.759644,2947.286871,1748.523017,band
octet,0.7100,7041.955864,2980.747235,1761.067819,band
octet,0.7125,7092.455230,3014.531423,1773.701880,band
octet,0.7150,7143.258875,3048.641058,1786.425590,band
octet,0.7175,7194.367937,3083.077765,1799.239336,band
octet,0.7200,7245.783551,3117.843167,1812.143505,band
octet,0.7225,7297.506852,3152.938888,1825.138486,band
octet,0.7250,7349.538977,3188.366550,1838.224665,band
octet,0.7275,7401.881061,3224.127778,1851.402431,band
octet,0.7300,7454.534240,3260.224195,1864.672170,band
octet,0.7325,7507.499649,3296.657426,1878.034272,band
octet,0.7350,7560.778425,3333.429092,1891.489123,band
octet,0.7375,7614.371703,3370.540819,1905.037110,band
octet,0.7400,7668.280619,3407.994229,1918.678623,band
octet,0.7425,7722.506309,3445.790947,1932.414047,band
octet,0.7450,7777.049907,3483.932595,1946.243772,band
octet,0.7475,7831.912551,3522.420798,1960.168185,band
octet,0.7500,7887.095376,3561.257179,1974.187672,band
octet,0.7525,7942.599517,3600.443361,1988.302623,band
octet,0.7550,7998.426111,3639.980969,2002.513424,band
octet,0.7575,8054.576293,3679.871625,2016.820463,band
octet,0.7600,8111.051199,3720.116954,2031.224128,band
octet,0.7625,8167.851964,3760.718579,2045.724807,band
octet,0.7650,8224.979724,3801.678123,2060.322886,band
octet,0.7675,8282.435616,3842.997211,2075.018755,band
octet,0.7700,8340.220774,3884.677465,2089.812800,band
octet,0.7725,8398.336335,3926.720510,2104.705409,band
octet,0.7750,8456.783435,3969.127968,2119.696970,band
octet,0.7775,8515.563208,4011.901464,2134.787870,band
octet,0.7800,8574.676791,4055.042621,2149.978497,band
octet,0.7825,8634.125320,4098.553063,2165.269239,band
octet,0.7850,8693.909930,4142.434413,2180.660483,band
octet,0.7875,8754.031757,4186.688295,2196.152617,band
octet,0.7900,8814.491936,4231.316332,2211.746029,band
octet,0.7925,8875.291605,4276.320149,2227.441106,band
octet,0.7950,8936.431897,4321.701368,2243.238236,band
octet,0.7975,8997.913950,4367.461613,2259.137807,band
octet,0.8000,9059.738898,4413.602508,2275.140206,band
octet,0.8025,9121.907878,4460.125677,2291.245820,band
octet,0.8050,9184.422025,4507.032743,2307.455038,band
octet,0.8075,9247.282475,4554.325329,2323.768248,band
octet,0.8100,9310.490364,4602.005060,2340.185836,band
octet,0.8125,9374.046827,4650.073558,2356.708191,band
octet,0.8150,9437.953001,4698.532448,2373.335699,band
octet,0.8175,9502.210020,4747.383352,2390.068750,band
octet,0.8200,9566.819022,4796.627896,2406.907730,band
octet,0.8225,9631.781140,4846.267701,2423.853027,band
octet,0.8250,9697.097512,4896.304392,2440.905028,band
octet,0.8275,9762.769273,4946.739593,2458.064122,band
octet,0.8300,9828.797559,4997.574926,2475.330696,band
octet,0.8325,9895.183505,5048.812016,2492.705138,band
octet,0.8350,9961.928247,5100.452486,2510.187835,band
octet,0.8375,10029.032921,5152.497960,2527.779175,band
octet,0.8400,10096.498663,5204.950061,2545.479545,band
octet,0.8425,10164.326609,5257.810413,2563.289334,band
octet,0.8450,10232.517893,5311.080640,2581.208928,band
octet,0.8475,10301.073653,5364.762364,2599.238717,band
octet,0.8500,10369.995023,5418.857210,2617.379086,band
octet,0.8525,10439.283139,5473.366802,2635.630424,band
octet,0.8550,10508.939138,5528.292762,2653.993119,band
octet,0.8575,10578.964155,5583.636715,2672.467557,band
octet,0.8600,10649.359325,5639.400284,2691.054128,band
octet,0.8625,10720.125784,5695.585093,2709.753218,band
octet,0.8650,10791.264669,5752.192764,2728.565215,band
octet,0.8675,10862.777115,5809.224923,2747.490506,band
octet,0.8700,10934.664257,5866.683192,2766.529481,band
octet,0.8725,11006.927232,5924.569195,2785.682525,band
octet,0.8750,11079.567175,5982.884555,2804.950026,band
octet,0.8775,11152.585221,6041.630897,2824.332374,band
octet,0.8800,11225.982508,6100.809843,2843.829954,band
octet,0.8825,11299.760169,6160.423018,2863.443154,band
octet,0.8850,11373.919342,6220.472045,2883.172363,band
octet,0.8875,11448.461162,6280.958547,2903.017968,band
octet,0.8900,11523.386764,6341.884149,2922.980356,band
octet,0.8925,11598.697285,6403.250473,2943.059916,band
octet,0.8950,11674.393859,6465.059144,2963.257034,band
octet,0.8975,11750.477624,6527.311784,2983.572099,band
octet,0.9000,11827.942386,6594.280836,3003.069310,upper_bridge
octet,0.9025,11925.280347,6746.167044,3004.055242,upper_bridge
octet,0.9050,12022.618308,6898.053252,3005.041173,upper_bridge
octet,0.9075,12119.956269,7049.939460,3006.027105,upper_bridge
octet,0.9100,12217.294230,7201.825669,3007.013036,upper_bridge
octet,0.9125,12314.632191,7353.711877,3007.998968,upper_bridge
octet,0.9150,12411.970152,7505.598085,3008.984899,upper_bridge
octet,0.9175,12509.308113,7657.484293,3009.970830,upper_bridge
octet,0.9200,12606.646074,7809.370501,3010.956762,upper_bridge
octet,0.9225,12703.984035,7961.256710,3011.942693,upper_bridge
octet,0.9250,12801.321996,8113.142918,3012.928625,upper_bridge
octet,0.9275,12898.659957,8265.029126,3013.914556,upper_bridge
octet,0.9300,12995.997918,8416.915334,3014.900488,upper_bridge
octet,0.9325,13093.335879,8568.801543,3015.886419,upper_bridge
octet,0.9350,13190.673840,8720.687751,3016.872350,upper_bridge
octet,0.9375,13288.011801,8872.573959,3017.858282,upper_bridge
octet,0.9400,13385.349762,9024.460167,3018.844213,upper_bridge
octet,0.9425,13482.687723,9176.346375,3019.830145,upper_bridge
octet,0.9450,13580.025684,9328.232584,3020.816076,upper_bridge
octet,0.9475,13677.363645,9480.118792,3021.802008,upper_bridge
octet,0.9500,13774.701606,9632.005000,3022.787939,upper_bridge
octet,0.9525,13872.039567,9783.891208,3023.773871,upper_bridge
octet,0.9550,13969.377528,9935.777416,3024.759802,upper_bridge
octet,0.9575,14066.715489,10087.663625,3025.745733,upper_bridge
octet,0.9600,14164.053450,10239.549833,3026.731665,upper_bridge
octet,0.9625,14261.391411,10391.436041,3027.717596,upper_bridge
octet,0.9650,14358.729372,10543.322249,3028.703528,upper_bridge
octet,0.9675,14456.067333,10695.208457,3029.689459,upper_bridge
octet,0.9700,14553.405294,10847.094666,3030.675391,upper_bridge
octet,0.9725,14650.743255,10998.980874,3031.661322,upper_bridge
octet,0.9750,14748.081216,11150.867082,3032.647253,upper_bridge
octet,0.9775,14845.419177,11302.753290,3033.633185,upper_bridge
octet,0.9800,14942.757138,11454.639498,3034.619116,upper_bridge
octet,0.9825,15040.095099,11606.525707,3035.605048,upper_bridge
octet,0.9850,15137.433060,11758.411915,3036.590979,upper_bridge
octet,0.9875,15234.771021,11910.298123,3037.576911,upper_bridge
octet,0.9900,15332.108982,12062.184331,3038.562842,upper_bridge
octet,0.9925,15429.446943,12214.070539,3039.548774,upper_bridge
octet,0.9950,15526.784903,12365.956748,3040.534705,upper_bridge
octet,0.9975,15624.122864,12517.842956,3041.520636,upper_bridge
octet,1.0000,15721.460825,12669.729164,3042.506568,upper_bridge
sc,0.0000,0.000000,0.000000,0.000000,lower_bridge
sc,0.0025,153.991694,6.609348,1.455070,lower_bridge
sc,0.0050,301.546797,13.072738,2.939984,lower_bridge
sc,0.0075,442.665307,19.390169,4.454743,lower_bridge
sc,0.0100,577.347225,25.561642,5.999347,lower_bridge
sc,0.0125,705.592552,31.587156,7.573795,lower_bridge
sc,0.0150,827.401286,37.466712,9.178088,lower_bridge
sc,0.0175,942.773429,43.200310,10.812225,lower_bridge
sc,0.0200,1051.708979,48.787949,12.476207,lower_bridge
sc,0.0225,1154.207938,54.229631,14.170034,lower_bridge
sc,0.0250,1250.270305,59.525353,15.893705,lower_bridge
sc,0.0275,1339.896079,64.675117,17.647221,lower_bridge
sc,0.0300,1423.085262,69.678923,19.430581,lower_bridge
sc,0.0325,1499.837853,74.536771,21.243786,lower_bridge
sc,0.0350,1570.153852,79.248660,23.086836,lower_bridge
sc,0.0375,1634.033258,83.814591,24.959730,lower_bridge
sc,0.0400,1691.476073,88.234563,26.862469,lower_bridge
sc,0.0425,1742.482296,92.508577,28.795052,lower_bridge
sc,0.0450,1787.051927,96.636633,30.757480,lower_bridge
sc,0.0475,1825.184966,100.618730,32.749753,lower_bridge
sc,0.0500,1856.881413,104.454869,34.771870,lower_bridge
sc,0.0525,1882.141268,108.145049,36.823832,lower_bridge
sc,0.0550,1900.964531,111.689272,38.905638,lower_bridge
sc,0.0575,1913.351202,115.087535,41.017289,lower_bridge
sc,0.0600,1919.301281,118.339841,43.158784,lower_bridge
sc,0.0625,1918.814768,121.446188,45.330125,lower_bridge
sc,0.0650,1911.891663,124.406577,47.531309,lower_bridge
sc,0.0675,1898.531967,127.221007,49.762339,lower_bridge
sc,0.0700,1878.735678,129.889479,52.023213,lower_bridge
sc,0.0725,1852.502797,132.411992,54.313931,lower_bridge
sc,0.0750,1819.833324,134.788547,56.634494,lower_bridge
sc,0.0775,1780.727260,137.019144,58.984902,lower_bridge
sc,0.0800,1735.184603,139.103783,61.365154,lower_bridge
sc,0.0825,1683.205355,141.042463,63.775251,lower_bridge
sc,0.0850,1624.789514,142.835184,66.215193,lower_bridge
sc,0.0875,1587.445271,145.151627,68.777983,band
sc,0.0900,1596.126040,148.601388,71.546976,band
sc,0.0925,1604.819047,152.065550,74.366004,band
sc,0.0950,1613.524770,155.544466,77.234906,band
sc,0.0975,1622.243690,159.038487,80.153520,band
sc,0.1000,1630.976287,162.547967,83.121685,band
sc,0.1025,1639.723040,166.073257,86.139239,band
sc,0.1050,1648.484428,169.614708,89.206021,band
sc,0.1075,1657.260933,173.172674,92.321869,band
sc,0.1100,1666.053032,176.747505,95.486622,band
sc,0.1125,1674.861207,180.339555,98.700118,band
sc,0.1150,1683.685936,183.949174,101.962196,band
sc,0.1175,1692.527700,187.576716,105.272695,band
sc,0.1200,1701.386978,191.222532,108.631452,band
sc,0.1225,1710.264250,194.886975,112.038306,band
sc,0.1250,1719.159996,198.570395,115.493097,band
sc,0.1275,1728.074695,202.273146,118.995661,band
sc,0.1300,1737.008827,205.995580,122.545839,band
sc,0.1325,1745.962872,209.738048,126.143468,band
sc,0.1350,1754.937309,213.500902,129.788387,band
sc,0.1375,1763.932619,217.284494,133.480434,band
sc,0.1400,1772.949280,221.089178,137.219448,band
sc,0.1425,1781.987773,224.915304,141.005267,band
sc,0.1450,1791.048578,228.763224,144.837731,band
sc,0.1475,1800.132173,232.633291,148.716677,band
sc,0.1500,1809.239039,236.525857,152.641944,band
sc,0.1525,1818.369656,240.441273,156.613370,band
sc,0.1550,1827.524503,244.379893,160.630795,band
sc,0.1575,1836.704060,248.342067,164.694055,band
sc,0.1600,1845.908807,252.328148,168.802991,band
sc,0.1625,1855.139223,256.338488,172.957441,band
sc,0.1650,1864.395788,260.373439,177.157242,band
sc,0.1675,1873.678982,264.433353,181.402234,band
sc,0.1700,1882.989284,268.518582,185.692255,band
sc,0.1725,1892.327175,272.629478,190.027144,band
sc,0.1750,1901.693134,276.766393,194.406739,band
sc,0.1775,1911.087640,280.929680,198.830878,band
sc,0.1800,1920.511174,285.119689,203.299400,band
sc,0.1825,1929.964214,289.336774,207.812144,band
sc,0.1850,1939.447242,293.581286,212.368949,band
sc,0.1875,1948.960736,297.853577,216.969651,band
sc,0.1900,1958.505177,302.154000,221.614091,band
sc,0.1925,1968.081043,306.482906,226.302107,band
sc,0.1950,1977.688815,310.840648,231.033537,band
sc,0.1975,1987.328973,315.227577,235.808219,band
sc,0.2000,1997.001995,319.644046,240.625993,band
sc,0.2025,2006.708363,324.090406,245.486696,band
sc,0.2050,2016.448555,328.567010,250.390168,band
sc,0.2075,2026.223051,333.074210,255.336246,band
sc,0.2100,2036.032331,337.612357,260.324770,band
sc,0.2125,2045.876875,342.181804,265.355577,band
sc,0.2150,2055.757163,346.782903,270.428507,band
sc,0.2175,2065.673673,351.416006,275.543397,band
sc,0.2200,2075.626887,356.081465,280.700087,band
sc,0.2225,2085.617283,360.779631,285.898415,band
sc,0.2250,2095.645341,365.510857,291.138218,band
sc,0.2275,2105.711541,370.275496,296.419337,band
sc,0.2300,2115.816363,375.073898,301.741609,band
sc,0.2325,2125.960287,379.906417,307.104873,band
sc,0.2350,2136.143791,384.773404,312.508967,band
sc,0.2375,2146.367357,389.675211,317.953730,band
sc,0.2400,2156.631463,394.612190,323.439001,band
sc,0.2425,2166.936589,399.584693,328.964617,band
sc,0.2450,2177.283215,404.593073,334.530418,band
sc,0.2475,2187.671822,409.637681,340.136242,band
sc,0.2500,2198.102887,414.718869,345.781927,band
sc,0.2525,2208.576892,419.836990,351.467312,band
sc,0.2550,2219.094315,424.992395,357.192236,band
sc,0.2575,2229.655638,430.185437,362.956536,band
sc,0.2600,2240.261338,435.416467,368.760052,band
sc,0.2625,2250.911897,440.685838,374.602623,band
sc,0.2650,2261.607793,445.993902,380.484085,band
sc,0.2675,2272.349507,451.341010,386.404279,band
sc,0.2700,2283.137518,456.727515,392.363042,band
sc,0.2725,2293.972306,462.153768,398.360213,band
sc,0.2750,2304.854350,467.620123,404.395631,band
sc,0.2775,2315.784131,473.126930,410.469134,band
sc,0.2800,2326.762128,478.674542,416.580560,band
sc,0.2825,2337.788821,484.263311,422.729748,band
sc,0.2850,2348.864689,489.893589,428.916537,band
sc,0.2875,2359.990212,495.565729,435.140766,band
sc,0.2900,2371.165871,501.280081,441.402271,band
sc,0.2925,2382.392144,507.036998,447.700893,band
sc,0.2950,2393.669511,512.836832,454.036470,band
sc,0.2975,2404.998452,518.679936,460.408840,band
sc,0.3000,2416.379447,524.566660,466.817841,band
sc,0.3025,2427.812976,530.497358,473.263313,band
sc,0.3050,2439.299518,536.472382,479.745093,band
sc,0.3075,2450.839552,542.492082,486.263021,band
sc,0.3100,2462.433560,548.556812,492.816934,band
sc,0.3125,2474.082020,554.666924,499.406672,band
sc,0.3150,2485.785412,560.822769,506.032072,band
sc,0.3175,2497.544215,567.024699,512.692973,band
sc,0.3200,2509.358910,573.273067,519.389215,band
sc,0.3225,2521.229977,579.568225,526.120634,band
sc,0.3250,2533.157894,585.910524,532.887071,band
sc,0.3275,2545.143142,592.300317,539.688362,band
sc,0.3300,2557.186201,598.737955,546.524348,band
sc,0.3325,2569.287549,605.223791,553.394865,band
sc,0.3350,2581.447668,611.758178,560.299754,band
sc,0.3375,2593.667036,618.341466,567.238852,band
sc,0.3400,2605.946133,624.974007,574.211998,band
sc,0.3425,2618.285439,631.656155,581.219030,band
sc,0.3450,2630.685434,638.388261,588.259787,band
sc,0.3475,2643.146597,645.170677,595.334108,band
sc,0.3500,2655.669408,652.003754,602.441830,band
sc,0.3525,2668.254347,658.887846,609.582793,band
sc,0.3550,2680.901894,665.823304,616.756835,band
sc,0.3575,2693.612528,672.810481,623.963794,band
sc,0.3600,2706.386729,679.849727,631.203509,band
sc,0.3625,2719.224976,686.941396,638.475819,band
sc,0.3650,2732.127750,694.085839,645.780562,band
sc,0.3675,2745.095531,701.283408,653.117576,band
sc,0.3700,2758.128797,708.534456,660.486700,band
sc,0.3725,2771.228028,715.839334,667.887773,band
sc,0.3750,2784.393705,723.198395,675.320633,band
sc,0.3775,2797.626307,730.611990,682.785118,band
sc,0.3800,2810.926314,738.080471,690.281067,band
sc,0.3825,2824.294205,745.604192,697.808319,band
sc,0.3850,2837.730460,753.183503,705.366712,band
sc,0.3875,2851.235559,760.818756,712.956085,band
sc,0.3900,2864.809981,768.510304,720.576275,band
sc,0.3925,2878.454207,776.258499,728.227122,band
sc,0.3950,2892.168716,784.063693,735.908465,band
sc,0.3975,2905.953988,791.926238,743.620141,band
sc,0.4000,2919.810502,799.846486,751.361989,band
sc,0.4025,2933.738738,807.824788,759.133848,band
sc,0.4050,2947.739176,815.861498,766.935556,band
sc,0.4075,2961.812296,823.956966,774.766952,band
sc,0.4100,2975.958577,832.111546,782.627874,band
sc,0.4125,2990.178499,840.325588,790.518160,band
sc,0.4150,3004.472542,848.599446,798.437650,band
sc,0.4175,3018.841186,856.933471,806.386182,band
sc,0.4200,3033.284909,865.328015,814.363593,band
sc,0.4225,3047.804192,873.783431,822.369724,band
sc,0.4250,3062.399515,882.300070,830.404412,band
sc,0.4275,3077.071358,890.878284,838.467495,band
sc,0.4300,3091.820199,899.518425,846.558813,band
sc,0.4325,3106.646519,908.220846,854.678204,band
sc,0.4350,3121.550798,916.985899,862.825506,band
sc,0.4375,3136.533515,925.813935,871.000558,band
sc,0.4400,3151.595149,934.705306,879.203198,band
sc,0.4425,3166.736182,943.660365,887.433265,band
sc,0.4450,3181.957091,952.679464,895.690597,band
sc,0.4475,3197.258358,961.762954,903.975034,band
sc,0.4500,3212.640462,970.911188,912.286412,band
sc,0.4525,3228.103882,980.124518,920.624572,band
sc,0.4550,3243.649098,989.403296,928.989351,band
sc,0.4575,3259.276590,998.747874,937.380588,band
sc,0.4600,3274.986838,1008.158603,945.798121,band
sc,0.4625,3290.780321,1017.635836,954.241789,band
sc,0.4650,3306.657519,1027.179926,962.711431,band
sc,0.4675,3322.618912,1036.791223,971.206885,band
sc,0.4700,3338.664980,1046.470080,979.727989,band
sc,0.4725,3354.796202,1056.216850,988.274582,band
sc,0.4750,3371.013057,1066.031884,996.846503,band
sc,0.4775,3387.316027,1075.915533,1005.443590,band
sc,0.4800,3403.705590,1085.868152,1014.065681,band
sc,0.4825,3420.182225,1095.890090,1022.712615,band
sc,0.4850,3436.746414,1105.981701,1031.384231,band
sc,0.4875,3453.398635,1116.143336,1040.080367,band
sc,0.4900,3470.139369,1126.375347,1048.800861,band
sc,0.4925,3486.969094,1136.678087,1057.545553,band
sc,0.4950,3503.888291,1147.051907,1066.314280,band
sc,0.4975,3533.528972,1168.172963,1076.236484,upper_bridge
sc,0.5000,3578.758400,1202.467898,1087.557085,upper_bridge
sc,0.5025,3623.987828,1236.762833,1098.877687,upper_bridge
sc,0.5050,3669.217255,1271.057768,1110.198289,upper_bridge
sc,0.5075,3714.446683,1305.352703,1121.518890,upper_bridge
sc,0.5100,3759.676111,1339.647638,1132.839492,upper_bridge
sc,0.5125,3804.905539,1373.942574,1144.160094,upper_bridge
sc,0.5150,3850.134967,1408.237509,1155.480695,upper_bridge
sc,0.5175,3895.364395,1442.532444,1166.801297,upper_bridge
sc,0.5200,3940.593823,1476.827379,1178.121899,upper_bridge
sc,0.5225,3985.823250,1511.122314,1189.442500,upper_bridge
sc,0.5250,4031.052678,1545.417250,1200.763102,upper_bridge
sc,0.5275,4076.282106,1579.712185,1212.083704,upper_bridge
sc,0.5300,4121.511534,1614.007120,1223.404305,upper_bridge
sc,0.5325,4166.740962,1648.302055,1234.724907,upper_bridge
sc,0.5350,4211.970390,1682.596990,1246.045509,upper_bridge
sc,0.5375,4257.199818,1716.891925,1257.366110,upper_bridge
sc,0.5400,4302.429245,1751.186861,1268.686712,upper_bridge
sc,0.5425,4347.658673,1785.481796,1280.007314,upper_bridge
sc,0.5450,4392.888101,1819.776731,1291.327915,upper_bridge
sc,0.5475,4438.117529,1854.071666,1302.648517,upper_bridge
sc,0.5500,4483.346957,1888.366601,1313.969119,upper_bridge
sc,0.5525,4528.576385,1922.661537,1325.289720,upper_bridge
sc,0.5550,4573.805813,1956.956472,1336.610322,upper_bridge
sc,0.5575,4619.035240,1991.251407,1347.930924,upper_bridge
sc,0.5600,4664.264668,2025.546342,1359.251526,upper_bridge
sc,0.5625,4709.494096,2059.841277,1370.572127,upper_bridge
sc,0.5650,4754.723524,2094.136212,1381.892729,upper_bridge
sc,0.5675,4799.952952,2128.431148,1393.213331,upper_bridge
sc,0.5700,4845.182380,2162.726083,1404.533932,upper_bridge
sc,0.5725,4890.411808,2197.021018,1415.854534,upper_bridge
sc,0.5750,4935.641235,2231.315953,1427.175136,upper_bridge
sc,0.5775,4980.870663,2265.610888,1438.495737,upper_bridge
sc,0.5800,5026.100091,2299.905824,1449.816339,upper_bridge
sc,0.5825,5071.329519,2334.200759,1461.136941,upper_bridge
sc,0.5850,5116.558947,2368.495694,1472.457542,upper_bridge
sc,0.5875,5161.788375,2402.790629,1483.778144,upper_bridge
sc,0.5900,5207.017803,2437.085564,1495.098746,upper_bridge
sc,0.5925,5252.247230,2471.380500,1506.419347,upper_bridge
sc,0.5950,5297.476658,2505.675435,1517.739949,upper_bridge
sc,0.5975,5342.706086,2539.970370,1529.060551,upper_bridge
sc,0.6000,5387.935514,2574.265305,1540.381152,upper_bridge
sc,0.6025,5433.164942,2608.560240,1551.701754,upper_bridge
sc,0.6050,5478.394370,2642.855175,1563.022356,upper_bridge
sc,0.6075,5523.623798,2677.150111,1574.342957,upper_bridge
sc,0.6100,5568.853225,2711.445046,1585.663559,upper_bridge
sc,0.6125,5614.082653,2745.739981,1596.984161,upper_bridge
sc,0.6150,5659.312081,2780.034916,1608.304762,upper_bridge
sc,0.6175,5704.541509,2814.329851,1619.625364,upper_bridge
sc,0.6200,5749.770937,2848.624787,1630.945966,upper_bridge
sc,0.6225,5795.000365,2882.919722,1642.266567,upper_bridge
sc,0.6250,5840.229793,2917.214657,1653.587169,upper_bridge
sc,0.6275,5885.459220,2951.509592,1664.907771,upper_bridge
sc,0.6300,5930.688648,2985.804527,1676.228372,upper_bridge
sc,0.6325,5975.918076,3020.099462,1687.548974,upper_bridge
sc,0.6350,6021.147504,3054.394398,1698.869576,upper_bridge
sc,0.6375,6066.376932,3088.689333,1710.190177,upper_bridge
sc,0.6400,6111.606360,3122.984268,1721.510779,upper_bridge
sc,0.6425,6156.835788,3157.279203,1732.831381,upper_bridge
sc,0.6450,6202.065215,3191.574138,1744.151982,upper_bridge
sc,0.6475,6247.294643,3225.869074,1755.472584,upper_bridge
sc,0.6500,6292.524071,3260.164009,1766.793186,upper_bridge
sc,0.6525,6337.753499,3294.458944,1778.113787,upper_bridge
sc,0.6550,6382.982927,3328.753879,1789.434389,upper_bridge
sc,0.6575,6428.212355,3363.048814,1800.754991,upper_bridge
sc,0.6600,6473.441783,3397.343750,1812.075592,upper_bridge
sc,0.6625,6518.671210,3431.638685,1823.396194,upper_bridge
sc,0.6650,6563.900638,3465.933620,1834.716796,upper_bridge
sc,0.6675,6609.130066,3500.228555,1846.037397,upper_bridge
sc,0.6700,6654.359494,3534.523490,1857.357999,upper_bridge
sc,0.6725,6699.588922,3568.818425,1868.678601,upper_bridge
sc,0.6750,6744.818350,3603.113361,1879.999202,upper_bridge
sc,0.6775,6790.047778,3637.408296,1891.319804,upper_bridge
sc,0.6800,6835.277205,3671.703231,1902.640406,upper_bridge
sc,0.6825,6880.506633,3705.998166,1913.961007,upper_bridge
sc,0.6850,6925.736061,3740.293101,1925.281609,upper_bridge
sc,0.6875,6970.965489,3774.588037,1936.602211,upper_bridge
sc,0.6900,7016.194917,3808.882972,1947.922812,upper_bridge
sc,0.6925,7061.424345,3843.177907,1959.243414,upper_bridge
sc,0.6950,7106.653773,3877.472842,1970.564016,upper_bridge
sc,0.6975,7151.883200,3911.767777,1981.884617,upper_bridge
sc,0.7000,7197.112628,3946.062712,1993.205219,upper_bridge
sc,0.7025,7242.342056,3980.357648,2004.525821,upper_bridge
sc,0.7050,7287.571484,4014.652583,2015.846422,upper_bridge
sc,0.7075,7332.800912,4048.947518,2027.167024,upper_bridge
sc,0.7100,7378.030340,4083.242453,2038.487626,upper_bridge
sc,0.7125,7423.259768,4117.537388,2049.808227,upper_bridge
sc,0.7150,7468.489195,4151.832324,2061.128829,upper_bridge
sc,0.7175,7513.718623,4186.127259,2072.449431,upper_bridge
sc,0.7200,7558.948051,4220.422194,2083.770032,upper_bridge
sc,0.7225,7604.177479,4254.717129,2095.090634,upper_bridge
sc,0.7250,7649.406907,4289.012064,2106.411236,upper_bridge
sc,0.7275,7694.636335,4323.307000,2117.731837,upper_bridge
sc,0.7300,7739.865763,4357.601935,2129.052439,upper_bridge
sc,0.7325,7785.095190,4391.896870,2140.373041,upper_bridge
sc,0.7350,7830.324618,4426.191805,2151.693642,upper_bridge
sc,0.7375,7875.554046,4460.486740,2163.014244,upper_bridge
sc,0.7400,7920.783474,4494.781675,2174.334846,upper_bridge
sc,0.7425,7966.012902,4529.076611,2185.655447,upper_bridge
sc,0.7450,8011.242330,4563.371546,2196.976049,upper_bridge
sc,0.7475,8056.471758,4597.666481,2208.296651,upper_bridge
sc,0.7500,8101.701185,4631.961416,2219.617252,upper_bridge
sc,0.7525,8146.930613,4666.256351,2230.937854,upper_bridge
sc,0.7550,8192.160041,4700.551287,2242.258456,upper_bridge
sc,0.7575,8237.389469,4734.846222,2253.579057,upper_bridge
sc,0.7600,8282.618897,4769.141157,2264.899659,upper_bridge
sc,0.7625,8327.848325,4803.436092,2276.220261,upper_bridge
sc,0.7650,8373.077753,4837.731027,2287.540862,upper_bridge
sc,0.7675,8418.307180,4872.025962,2298.861464,upper_bridge
sc,0.7700,8463.536608,4906.320898,2310.182066,upper_bridge
sc,0.7725,8508.766036,4940.615833,2321.502667,upper_bridge
sc,0.7750,8553.995464,4974.910768,2332.823269,upper_bridge
sc,0.7775,8599.224892,5009.205703,2344.143871,upper_bridge
sc,0.7800,8644.454320,5043.500638,2355.464472,upper_bridge
sc,0.7825,8689.683748,5077.795574,2366.785074,upper_bridge
sc,0.7850,8734.913175,5112.090509,2378.105676,upper_bridge
sc,0.7875,8780.142603,5146.385444,2389.426277,upper_bridge
sc,0.7900,8825.372031,5180.680379,2400.746879,upper_bridge
sc,0.7925,8870.601459,5214.975314,2412.067481,upper_bridge
sc,0.7950,8915.830887,5249.270250,2423.388082,upper_bridge
sc,0.7975,8961.060315,5283.565185,2434.708684,upper_bridge
sc,0.8000,9006.289743,5317.860120,2446.029286,upper_bridge
sc,0.8025,9051.519170,5352.155055,2457.349887,upper_bridge
sc,0.8050,9096.748598,5386.449990,2468.670489,upper_bridge
sc,0.8075,9141.978026,5420.744925,2479.991091,upper_bridge
sc,0.8100,9187.207454,5455.039861,2491.311692,upper_bridge
sc,0.8125,9232.436882,5489.334796,2502.632294,upper_bridge
sc,0.8150,9277.666310,5523.629731,2513.952896,upper_bridge
sc,0.8175,9322.895738,5557.924666,2525.273497,upper_bridge
sc,0.8200,9368.125165,5592.219601,2536.594099,upper_bridge
sc,0.8225,9413.354593,5626.514537,2547.914701,upper_bridge
sc,0.8250,9458.584021,5660.809472,2559.235302,upper_bridge
sc,0.8275,9503.813449,5695.104407,2570.555904,upper_bridge
sc,0.8300,9549.042877,5729.399342,2581.876506,upper_bridge
sc,0.8325,9594.272305,5763.694277,2593.197107,upper_bridge
sc,0.8350,9639.501733,5797.989212,2604.517709,upper_bridge
sc,0.8375,9684.731160,5832.284148,2615.838311,upper_bridge
sc,0.8400,9729.960588,5866.579083,2627.158912,upper_bridge
sc,0.8425,9775.190016,5900.874018,2638.479514,upper_bridge
sc,0.8450,9820.419444,5935.168953,2649.800116,upper_bridge
sc,0.8475,9865.648872,5969.463888,2661.120717,upper_bridge
sc,0.8500,9910.878300,6003.758824,2672.441319,upper_bridge
sc,0.8525,9956.107728,6038.053759,2683.761921,upper_bridge
sc,0.8550,10001.337155,6072.348694,2695.082522,upper_bridge
sc,0.8575,10046.566583,6106.643629,2706.403124,upper_bridge
sc,0.8600,10091.796011,6140.938564,2717.723726,upper_bridge
sc,0.8625,10137.025439,6175.233499,2729.044327,upper_bridge
sc,0.8650,10182.254867,6209.528435,2740.364929,upper_bridge
sc,0.8675,10227.484295,6243.823370,2751.685531,upper_bridge
sc,0.8700,10272.713723,6278.118305,2763.006132,upper_bridge
sc,0.8725,10317.943150,6312.413240,2774.326734,upper_bridge
sc,0.8750,10363.172578,6346.708175,2785.647336,upper_bridge
sc,0.8775,10408.402006,6381.003111,2796.967937,upper_bridge
sc,0.8800,10453.631434,6415.298046,2808.288539,upper_bridge
sc,0.8825,10498.860862,6449.592981,2819.609141,upper_bridge
sc,0.8850,10544.090290,6483.887916,2830.929742,upper_bridge
sc,0.8875,10589.319718,6518.182851,2842.250344,upper_bridge
sc,0.8900,10634.549145,6552.477787,2853.570946,upper_bridge
sc,0.8925,10679.778573,6586.772722,2864.891547,upper_bridge
sc,0.8950,10725.008001,6621.067657,2876.212149,upper_bridge
sc,0.8975,10770.237429,6655.362592,2887.532751,upper_bridge
sc,0.9000,10815.466857,6689.657527,2898.853352,upper_bridge
sc,0.9025,10860.696285,6723.952462,2910.173954,upper_bridge
sc,0.9050,10905.925713,6758.247398,2921.494556,upper_bridge
sc,0.9075,10951.155140,6792.542333,2932.815157,upper_bridge
sc,0.9100,10996.384568,6826.837268,2944.135759,upper_bridge
sc,0.9125,11041.613996,6861.132203,2955.456361,upper_bridge
sc,0.9150,11086.843424,6895.427138,2966.776962,upper_bridge
sc,0.9175,11132.072852,6929.722074,2978.097564,upper_bridge
sc,0.9200,11177.302280,6964.017009,2989.418166,upper_bridge
sc,0.9225,11222.531707,6998.311944,3000.738767,upper_bridge
sc,0.9250,11267.761135,7032.606879,3012.059369,upper_bridge
sc,0.9275,11312.990563,7066.901814,3023.379971,upper_bridge
sc,0.9300,11358.219991,7101.196749,3034.700572,upper_bridge
sc,0.9325,11403.449419,7135.491685,3046.021174,upper_bridge
sc,0.9350,11448.678847,7169.786620,3057.341776,upper_bridge
sc,0.9375,11493.908275,7204.081555,3068.662377,upper_bridge
sc,0.9400,11539.137702,7238.376490,3079.982979,upper_bridge
sc,0.9425,11584.367130,7272.671425,3091.303581,upper_bridge
sc,0.9450,11629.596558,7306.966361,3102.624182,upper_bridge
sc,0.9475,11674.825986,7341.261296,3113.944784,upper_bridge
sc,0.9500,11720.055414,7375.556231,3125.265386,upper_bridge
sc,0.9525,11765.284842,7409.851166,3136.585987,upper_bridge
sc,0.9550,11810.514270,7444.146101,3147.906589,upper_bridge
sc,0.9575,11855.743697,7478.441037,3159.227191,upper_bridge
sc,0.9600,11900.973125,7512.735972,3170.547792,upper_bridge
sc,0.9625,11946.202553,7547.030907,3181.868394,upper_bridge
sc,0.9650,11991.431981,7581.325842,3193.188996,upper_bridge
sc,0.9675,12036.661409,7615.620777,3204.509597,upper_bridge
sc,0.9700,12081.890837,7649.915712,3215.830199,upper_bridge
sc,0.9725,12127.120265,7684.210648,3227.150801,upper_bridge
sc,0.9750,12172.349692,7718.505583,3238.471402,upper_bridge
sc,0.9775,12217.579120,7752.800518,3249.792004,upper_bridge
sc,0.9800,12262.808548,7787.095453,3261.112606,upper_bridge
sc,0.9825,12308.037976,7821.390388,3272.433207,upper_bridge
sc,0.9850,12353.267404,7855.685324,3283.753809,upper_bridge
sc,0.9875,12398.496832,7889.980259,3295.074411,upper_bridge
sc,0.9900,12443.726260,7924.275194,3306.395012,upper_bridge
sc,0.9925,12488.955687,7958.570129,3317.715614,upper_bridge
sc,0.9950,12534.185115,7992.865064,3329.036216,upper_bridge
sc,0.9975,12579.414543,8027.159999,3340.356818,upper_bridge
sc,1.0000,12624.643971,8061.454935,3351.677419,upper_bridge
bcc,0.0000,0.000000,0.000000,0.000000,lower_bridge
bcc,0.0025,27.115131,25.581221,22.528913,lower_bridge
bcc,0.0050,53.887898,50.756649,44.703869,lower_bridge
bcc,0.0075,80.318301,75.526283,66.524866,lower_bridge
bcc,0.0100,106.406340,99.890123,87.991907,lower_bridge
bcc,0.0125,132.152016,123.848170,109.104990,lower_bridge
bcc,0.0150,157.555328,147.400423,129.864115,lower_bridge
bcc,0.0175,182.616276,170.546882,150.269283,lower_bridge
bcc,0.0200,207.334860,193.287547,170.320494,lower_bridge
bcc,0.0225,231.711081,215.622418,190.017747,lower_bridge
bcc,0.0250,255.744937,237.551496,209.361042,lower_bridge
bcc,0.0275,279.436430,259.074780,228.350380,lower_bridge
bcc,0.0300,302.785559,280.192270,246.985760,lower_bridge
bcc,0.0325,325.792324,300.903967,265.267183,lower_bridge
bcc,0.0350,348.456726,321.209870,283.194648,lower_bridge
bcc,0.0375,370.778764,341.109979,300.768156,lower_bridge
bcc,0.0400,392.758437,360.604294,317.987706,lower_bridge
bcc,0.0425,414.395748,379.692816,334.853299,lower_bridge
bcc,0.0450,435.690694,398.375544,351.364934,lower_bridge
bcc,0.0475,456.643276,416.652478,367.522612,lower_bridge
bcc,0.0500,477.253495,434.523618,383.326332,lower_bridge
bcc,0.0525,497.521350,451.988965,398.776095,lower_bridge
bcc,0.0550,517.446841,469.048518,413.871900,lower_bridge
bcc,0.0575,537.029968,485.702277,428.613748,lower_bridge
bcc,0.0600,556.270732,501.950242,443.001638,lower_bridge
bcc,0.0625,575.169132,517.792414,457.035571,lower_bridge
bcc,0.0650,593.725168,533.228792,470.715546,lower_bridge
bcc,0.0675,611.938840,548.259376,484.041563,lower_bridge
bcc,0.0700,629.810148,562.884167,497.013624,lower_bridge
bcc,0.0725,647.339093,577.103164,509.631726,lower_bridge
bcc,0.0750,664.525673,590.916367,521.895871,lower_bridge
bcc,0.0775,681.369890,604.323776,533.806059,lower_bridge
bcc,0.0800,697.871743,617.325391,545.362289,lower_bridge
bcc,0.0825,714.031233,629.921213,556.564561,lower_bridge
bcc,0.0850,729.848358,642.111241,567.412876,lower_bridge
bcc,0.0875,745.323120,653.895475,577.907234,lower_bridge
bcc,0.0900,760.455518,665.273916,588.047634,lower_bridge
bcc,0.0925,775.245552,676.246563,597.834076,lower_bridge
bcc,0.0950,789.693223,686.813416,607.266561,lower_bridge
bcc,0.0975,803.798529,696.974475,616.345089,lower_bridge
bcc,0.1000,817.561472,706.729741,625.069659,lower_bridge
bcc,0.1025,830.982051,716.079213,633.440271,lower_bridge
bcc,0.1050,844.060266,725.022891,641.456926,lower_bridge
bcc,0.1075,856.796118,733.560775,649.119623,lower_bridge
bcc,0.1100,869.189606,741.692866,656.428363,lower_bridge
bcc,0.1125,881.240729,749.419163,663.383145,lower_bridge
bcc,0.1150,892.949489,756.739666,669.983970,lower_bridge
bcc,0.1175,904.315886,763.654375,676.230837,lower_bridge
bcc,0.1200,915.339918,770.163291,682.123747,lower_bridge
bcc,0.1225,926.021587,776.266413,687.662700,lower_bridge
bcc,0.1250,936.360892,781.963741,692.847694,lower_bridge
bcc,0.1275,946.357833,787.255276,697.678732,lower_bridge
bcc,0.1300,956.012410,792.141017,702.155811,lower_bridge
bcc,0.1325,965.324623,796.620964,706.278934,lower_bridge
bcc,0.1350,974.294473,800.695117,710.048098,lower_bridge
bcc,0.1375,982.921959,804.363476,713.463305,lower_bridge
bcc,0.1400,991.207081,807.626042,716.524555,lower_bridge
bcc,0.1425,999.149839,810.482814,719.231847,lower_bridge
bcc,0.1450,1006.750234,812.933792,721.585182,lower_bridge
bcc,0.1475,1014.008265,814.978977,723.584559,lower_bridge
bcc,0.1500,1020.923932,816.618368,725.229979,lower_bridge
bcc,0.1525,1027.497235,817.851965,726.521441,lower_bridge
bcc,0.1550,1033.728174,818.679768,727.458945,lower_bridge
bcc,0.1575,1039.616750,819.101778,728.042492,lower_bridge
bcc,0.1600,1045.162961,819.117994,728.272082,lower_bridge
bcc,0.1625,1050.366809,818.728416,728.147714,lower_bridge
bcc,0.1650,1055.228293,817.933044,727.669388,lower_bridge
bcc,0.1675,1059.747414,816.731879,726.837105,lower_bridge
bcc,0.1700,1063.924170,815.124920,725.650865,lower_bridge
bcc,0.1725,1067.758563,813.112167,724.110667,lower_bridge
bcc,0.1750,1071.250592,810.693620,722.216511,lower_bridge
bcc,0.1775,1074.400257,807.869280,719.968398,lower_bridge
bcc,0.1800,1077.207559,804.639146,717.366328,lower_bridge
bcc,0.1825,1079.672496,801.003218,714.410300,lower_bridge
bcc,0.1850,1081.795070,796.961497,711.100314,lower_bridge
bcc,0.1875,1083.575280,792.513981,707.436371,lower_bridge
bcc,0.1900,1085.013126,787.660672,703.418470,lower_bridge
bcc,0.1925,1086.108609,782.401570,699.046612,lower_bridge
bcc,0.1950,1086.861727,776.736673,694.320796,lower_bridge
bcc,0.1975,1087.272482,770.665983,689.241023,lower_bridge
bcc,0.2000,1087.340873,764.189499,683.807292,lower_bridge
bcc,0.2025,1087.066900,757.307221,678.019604,lower_bridge
bcc,0.2050,1086.450564,750.019150,671.877959,lower_bridge
bcc,0.2075,1085.491864,742.325285,665.382355,lower_bridge
bcc,0.2100,1084.190799,734.225626,658.532794,lower_bridge
bcc,0.2125,1093.441543,735.206844,659.616872,band
bcc,0.2150,1105.504003,738.528848,662.746416,band
bcc,0.2175,1117.702473,741.861627,665.885918,band
bcc,0.2200,1130.036954,745.205182,669.035380,band
bcc,0.2225,1142.507444,748.559512,672.194802,band
bcc,0.2250,1155.113945,751.924618,675.364182,band
bcc,0.2275,1167.856457,755.300500,678.543521,band
bcc,0.2300,1180.734978,758.687157,681.732820,band
bcc,0.2325,1193.749510,762.084589,684.932078,band
bcc,0.2350,1206.900052,765.492797,688.141295,band
bcc,0.2375,1220.186604,768.911781,691.360471,band
bcc,0.2400,1233.609167,772.341540,694.589606,band
bcc,0.2425,1247.167739,775.782075,697.828700,band
bcc,0.2450,1260.862322,779.233385,701.077754,band
bcc,0.2475,1274.692916,782.695470,704.336767,band
bcc,0.2500,1288.659519,786.168331,707.605739,band
bcc,0.2525,1302.762133,789.651968,710.884670,band
bcc,0.2550,1317.000757,793.146380,714.173560,band
bcc,0.2575,1331.375392,796.651568,717.472409,band
bcc,0.2600,1345.886036,800.167531,720.781218,band
bcc,0.2625,1360.532691,803.694270,724.099985,band
bcc,0.2650,1375.315357,807.231784,727.428712,band
bcc,0.2675,1390.234032,810.780073,730.767398,band
bcc,0.2700,1405.288718,814.339139,734.116043,band
bcc,0.2725,1420.479414,817.908979,737.474647,band
bcc,0.2750,1435.806120,821.489596,740.843211,band
bcc,0.2775,1451.268837,825.080987,744.221733,band
bcc,0.2800,1466.867563,828.683155,747.610215,band
bcc,0.2825,1482.602301,832.296097,751.008656,band
bcc,0.2850,1498.473048,835.919816,754.417056,band
bcc,0.2875,1514.479805,839.554309,757.835415,band
bcc,0.2900,1530.622573,843.199579,761.263733,band
bcc,0.2925,1546.901351,846.855624,764.702011,band
bcc,0.2950,1563.316140,850.522444,768.150247,band
bcc,0.2975,1579.866939,854.200040,771.608443,band
bcc,0.3000,1596.553747,857.888411,775.076598,band
bcc,0.3025,1613.376567,861.587558,778.554712,band
bcc,0.3050,1630.335396,865.297480,782.042785,band
bcc,0.3075,1647.430236,869.018178,785.540818,band
bcc,0.3100,1664.661086,872.749651,789.048809,band
bcc,0.3125,1682.027946,876.491900,792.566760,band
bcc,0.3150,1699.530817,880.244925,796.094670,band
bcc,0.3175,1717.169698,884.008725,799.632539,band
bcc,0.3200,1734.944589,887.783300,803.180367,band
bcc,0.3225,1752.855490,891.568651,806.738154,band
bcc,0.3250,1770.902402,895.364778,810.305901,band
bcc,0.3275,1789.085323,899.171679,813.883606,band
bcc,0.3300,1807.404256,902.989357,817.471271,band
bcc,0.3325,1825.859198,906.817810,821.068895,band
bcc,0.3350,1844.450151,910.657038,824.676478,band
bcc,0.3375,1863.177114,914.507042,828.294020,band
bcc,0.3400,1882.040087,918.367822,831.921521,band
bcc,0.3425,1901.039070,922.239377,835.558982,band
bcc,0.3450,1920.174064,926.121708,839.206402,band
bcc,0.3475,1939.445068,930.014814,842.863781,band
bcc,0.3500,1958.852082,933.918695,846.531119,band
bcc,0.3525,1978.395107,937.833352,850.208416,band
bcc,0.3550,1998.074142,941.758785,853.895672,band
bcc,0.3575,2017.889187,945.694993,857.592887,band
bcc,0.3600,2037.840242,949.641977,861.300062,band
bcc,0.3625,2057.927308,953.599736,865.017196,band
bcc,0.3650,2078.150384,957.568270,868.744289,band
bcc,0.3675,2098.509470,961.547581,872.481341,band
bcc,0.3700,2119.004566,965.537666,876.228352,band
bcc,0.3725,2139.635673,969.538527,879.985322,band
bcc,0.3750,2160.402790,973.550164,883.752252,band
bcc,0.3775,2181.305917,977.572576,887.529141,band
bcc,0.3800,2202.345054,981.605764,891.315988,band
bcc,0.3825,2223.520202,985.649727,895.112795,band
bcc,0.3850,2244.831360,989.704466,898.919561,band
bcc,0.3875,2266.278528,993.769980,902.736287,band
bcc,0.3900,2287.861707,997.846270,906.562971,band
bcc,0.3925,2309.580896,1001.933335,910.399615,band
bcc,0.3950,2331.436095,1006.031176,914.246218,band
bcc,0.3975,2353.427304,1010.139792,918.102779,band
bcc,0.4000,2375.554524,1014.259184,921.969300,band
bcc,0.4025,2397.817754,1018.389351,925.845781,band
bcc,0.4050,2420.216994,1022.530294,929.732220,band
bcc,0.4075,2442.752244,1026.682013,933.628619,band
bcc,0.4100,2465.423505,1030.844506,937.534976,band
bcc,0.4125,2488.230776,1035.017776,941.451293,band
bcc,0.4150,2511.174057,1039.201821,945.377569,band
bcc,0.4175,2534.253349,1043.396641,949.313804,band
bcc,0.4200,2557.468650,1047.602237,953.259998,band
bcc,0.4225,2580.819962,1051.818608,957.216152,band
bcc,0.4250,2604.307285,1056.045755,961.182264,band
bcc,0.4275,2627.930617,1060.283678,965.158336,band
bcc,0.4300,2651.689960,1064.532376,969.144367,band
bcc,0.4325,2675.585313,1068.791849,973.140357,band
bcc,0.4350,2699.616676,1073.062098,977.146306,band
bcc,0.4375,2723.784050,1077.343123,981.162215,band
bcc,0.4400,2748.087434,1081.634923,985.188082,band
bcc,0.4425,2772.526828,1085.937498,989.223909,band
bcc,0.4450,2797.102233,1090.250849,993.269695,band
bcc,0.4475,2821.813647,1094.574976,997.325440,band
bcc,0.4500,2846.661072,1098.909878,1001.391144,band
bcc,0.4525,2871.644507,1103.255555,1005.466807,band
bcc,0.4550,2896.763953,1107.612008,1009.552429,band
bcc,0.4575,2922.019409,1111.979237,1013.648011,band
bcc,0.4600,2947.410875,1116.357241,1017.753552,band
bcc,0.4625,2972.938351,1120.746021,1021.869052,band
bcc,0.4650,2998.601837,1125.145576,1025.994511,band
bcc,0.4675,3024.401334,1129.555906,1030.129929,band
bcc,0.4700,3050.336841,1133.977012,1034.275306,band
bcc,0.4725,3076.408359,1138.408894,1038.430643,band
bcc,0.4750,3102.615886,1142.851551,1042.595938,band
bcc,0.4775,3128.959424,1147.304984,1046.771193,band
bcc,0.4800,3155.438972,1151.769192,1050.956407,band
bcc,0.4825,3182.054531,1156.244176,1055.151580,band
bcc,0.4850,3208.806100,1160.729935,1059.356713,band
bcc,0.4875,3235.693678,1165.226470,1063.571804,band
bcc,0.4900,3262.717268,1169.733780,1067.796855,band
bcc,0.4925,3289.876867,1174.251866,1072.031864,band
bcc,0.4950,3317.172477,1178.780727,1076.276833,band
bcc,0.4975,3344.604097,1183.320364,1080.531761,band
bcc,0.5000,3372.171727,1187.870776,1084.796648,band
bcc,0.5025,3399.875368,1192.431964,1089.071495,band
bcc,0.5050,3427.715019,1197.003927,1093.356300,band
bcc,0.5075,3455.690680,1201.586666,1097.651065,band
bcc,0.5100,3483.802351,1206.180180,1101.955789,band
bcc,0.5125,3512.050033,1210.784470,1106.270472,band
bcc,0.5150,3540.433725,1215.399535,1110.595114,band
bcc,0.5175,3568.953427,1220.025376,1114.929715,band
bcc,0.5200,3597.609139,1224.661993,1119.274275,band
bcc,0.5225,3626.400862,1229.309385,1123.628795,band
bcc,0.5250,3655.328595,1233.967552,1127.993274,band
bcc,0.5275,3684.392338,1238.636495,1132.367712,band
bcc,0.5300,3713.592091,1243.316213,1136.752109,band
bcc,0.5325,3742.927855,1248.006707,1141.146465,band
bcc,0.5350,3772.399629,1252.707977,1145.550780,band
bcc,0.5375,3802.007414,1257.420022,1149.965055,band
bcc,0.5400,3831.751208,1262.142842,1154.389288,band
bcc,0.5425,3861.631013,1266.876438,1158.823481,band
bcc,0.5450,3891.646828,1271.620809,1163.267633,band
bcc,0.5475,3921.798653,1276.375956,1167.721744,band
bcc,0.5500,3952.086489,1281.141879,1172.185814,band
bcc,0.5525,3982.510335,1285.918577,1176.659844,band
bcc,0.5550,4013.070191,1290.706051,1181.143832,band
bcc,0.5575,4043.766057,1295.504300,1185.637780,band
bcc,0.5600,4074.597934,1300.313324,1190.141687,band
bcc,0.5625,4105.565821,1305.133124,1194.655553,band
bcc,0.5650,4136.669718,1309.963700,1199.179378,band
bcc,0.5675,4167.909626,1314.805051,1203.713162,band
bcc,0.5700,4199.285544,1319.657177,1208.256906,band
bcc,0.5725,4230.797472,1324.520080,1212.810609,band
bcc,0.5750,4262.445410,1329.393757,1217.374270,band
bcc,0.5775,4294.229358,1334.278210,1221.947891,band
bcc,0.5800,4326.149317,1339.173439,1226.531471,band
bcc,0.5825,4358.205286,1344.079443,1231.125011,band
bcc,0.5850,4390.397266,1348.996223,1235.728509,band
bcc,0.5875,4422.725255,1353.923778,1240.341967,band
bcc,0.5900,4455.189255,1358.862109,1244.965383,band
bcc,0.5925,4487.789265,1363.811215,1249.598759,band
bcc,0.5950,4549.935525,1402.377391,1258.907577,upper_bridge
bcc,0.5975,4617.363767,1446.968156,1269.053418,upper_bridge
bcc,0.6000,4684.792010,1491.558920,1279.199259,upper_bridge
bcc,0.6025,4752.220253,1536.149685,1289.345099,upper_bridge
bcc,0.6050,4819.648496,1580.740449,1299.490940,upper_bridge
bcc,0.6075,4887.076738,1625.331214,1309.636781,upper_bridge
bcc,0.6100,4954.504981,1669.921979,1319.782621,upper_bridge
bcc,0.6125,5021.933224,1714.512743,1329.928462,upper_bridge
bcc,0.6150,5089.361466,1759.103508,1340.074303,upper_bridge
bcc,0.6175,5156.789709,1803.694273,1350.220143,upper_bridge
bcc,0.6200,5224.217952,1848.285037,1360.365984,upper_bridge
bcc,0.6225,5291.646194,1892.875802,1370.511825,upper_bridge
bcc,0.6250,5359.074437,1937.466566,1380.657665,upper_bridge
bcc,0.6275,5426.502680,1982.057331,1390.803506,upper_bridge
bcc,0.6300,5493.930922,2026.648096,1400.949347,upper_bridge
bcc,0.6325,5561.359165,2071.238860,1411.095188,upper_bridge
bcc,0.6350,5628.787408,2115.829625,1421.241028,upper_bridge
bcc,0.6375,5696.215650,2160.420390,1431.386869,upper_bridge
bcc,0.6400,5763.643893,2205.011154,1441.532710,upper_bridge
bcc,0.6425,5831.072136,2249.601919,1451.678550,upper_bridge
bcc,0.6450,5898.500379,2294.192683,1461.824391,upper_bridge
bcc,0.6475,5965.928621,2338.783448,1471.970232,upper_bridge
bcc,0.6500,6033.356864,2383.374213,1482.116072,upper_bridge
bcc,0.6525,6100.785107,2427.964977,1492.261913,upper_bridge
bcc,0.6550,6168.213349,2472.555742,1502.407754,upper_bridge
bcc,0.6575,6235.641592,2517.146506,1512.553595,upper_bridge
bcc,0.6600,6303.069835,2561.737271,1522.699435,upper_bridge
bcc,0.6625,6370.498077,2606.328036,1532.845276,upper_bridge
bcc,0.6650,6437.926320,2650.918800,1542.991117,upper_bridge
bcc,0.6675,6505.354563,2695.509565,1553.136957,upper_bridge
bcc,0.6700,6572.782805,2740.100330,1563.282798,upper_bridge
bcc,0.6725,6640.211048,2784.691094,1573.428639,upper_bridge
bcc,0.6750,6707.639291,2829.281859,1583.574479,upper_bridge
bcc,0.6775,6775.067534,2873.872623,1593.720320,upper_bridge
bcc,0.6800,6842.495776,2918.463388,1603.866161,upper_bridge
bcc,0.6825,6909.924019,2963.054153,1614.012001,upper_bridge
bcc,0.6850,6977.352262,3007.644917,1624.157842,upper_bridge
bcc,0.6875,7044.780504,3052.235682,1634.303683,upper_bridge
bcc,0.6900,7112.208747,3096.826447,1644.449524,upper_bridge
bcc,0.6925,7179.636990,3141.417211,1654.595364,upper_bridge
bcc,0.6950,7247.065232,3186.007976,1664.741205,upper_bridge
bcc,0.6975,7314.493475,3230.598740,1674.887046,upper_bridge
bcc,0.7000,7381.921718,3275.189505,1685.032886,upper_bridge
bcc,0.7025,7449.349960,3319.780270,1695.178727,upper_bridge
bcc,0.7050,7516.778203,3364.371034,1705.324568,upper_bridge
bcc,0.7075,7584.206446,3408.961799,1715.470408,upper_bridge
bcc,0.7100,7651.634688,3453.552564,1725.616249,upper_bridge
bcc,0.7125,7719.062931,3498.143328,1735.762090,upper_bridge
bcc,0.7150,7786.491174,3542.734093,1745.907931,upper_bridge
bcc,0.7175,7853.919417,3587.324857,1756.053771,upper_bridge
bcc,0.7200,7921.347659,3631.915622,1766.199612,upper_bridge
bcc,0.7225,7988.775902,3676.506387,1776.345453,upper_bridge
bcc,0.7250,8056.204145,3721.097151,1786.491293,upper_bridge
bcc,0.7275,8123.632387,3765.687916,1796.637134,upper_bridge
bcc,0.7300,8191.060630,3810.278681,1806.782975,upper_bridge
bcc,0.7325,8258.488873,3854.869445,1816.928815,upper_bridge
bcc,0.7350,8325.917115,3899.460210,1827.074656,upper_bridge
bcc,0.7375,8393.345358,3944.050974,1837.220497,upper_bridge
bcc,0.7400,8460.773601,3988.641739,1847.366337,upper_bridge
bcc,0.7425,8528.201843,4033.232504,1857.512178,upper_bridge
bcc,0.7450,8595.630086,4077.823268,1867.658019,upper_bridge
bcc,0.7475,8663.058329,4122.414033,1877.803860,upper_bridge
bcc,0.7500,8730.486572,4167.004798,1887.949700,upper_bridge
bcc,0.7525,8797.914814,4211.595562,1898.095541,upper_bridge
bcc,0.7550,8865.343057,4256.186327,1908.241382,upper_bridge
bcc,0.7575,8932.771300,4300.777091,1918.387222,upper_bridge
bcc,0.7600,9000.199542,4345.367856,1928.533063,upper_bridge
bcc,0.7625,9067.627785,4389.958621,1938.678904,upper_bridge
bcc,0.7650,9135.056028,4434.549385,1948.824744,upper_bridge
bcc,0.7675,9202.484270,4479.140150,1958.970585,upper_bridge
bcc,0.7700,9269.912513,4523.730915,1969.116426,upper_bridge
bcc,0.7725,9337.340756,4568.321679,1979.262266,upper_bridge
bcc,0.7750,9404.768998,4612.912444,1989.408107,upper_bridge
bcc,0.7775,9472.197241,4657.503208,1999.553948,upper_bridge
bcc,0.7800,9539.625484,4702.093973,2009.699789,upper_bridge
bcc,0.7825,9607.053726,4746.684738,2019.845629,upper_bridge
bcc,0.7850,9674.481969,4791.275502,2029.991470,upper_bridge
bcc,0.7875,9741.910212,4835.866267,2040.137311,upper_bridge
bcc,0.7900,9809.338455,4880.457032,2050.283151,upper_bridge
bcc,0.7925,9876.766697,4925.047796,2060.428992,upper_bridge
bcc,0.7950,9944.194940,4969.638561,2070.574833,upper_bridge
bcc,0.7975,10011.623183,5014.229325,2080.720673,upper_bridge
bcc,0.8000,10079.051425,5058.820090,2090.866514,upper_bridge
bcc,0.8025,10146.479668,5103.410855,2101.012355,upper_bridge
bcc,0.8050,10213.907911,5148.001619,2111.158196,upper_bridge
bcc,0.8075,10281.336153,5192.592384,2121.304036,upper_bridge
bcc,0.8100,10348.764396,5237.183149,2131.449877,upper_bridge
bcc,0.8125,10416.192639,5281.773913,2141.595718,upper_bridge
bcc,0.8150,10483.620881,5326.364678,2151.741558,upper_bridge
bcc,0.8175,10551.049124,5370.955442,2161.887399,upper_bridge
bcc,0.8200,10618.477367,5415.546207,2172.033240,upper_bridge
bcc,0.8225,10685.905610,5460.136972,2182.179080,upper_bridge
bcc,0.8250,10753.333852,5504.727736,2192.324921,upper_bridge
bcc,0.8275,10820.762095,5549.318501,2202.470762,upper_bridge
bcc,0.8300,10888.190338,5593.909266,2212.616602,upper_bridge
bcc,0.8325,10955.618580,5638.500030,2222.762443,upper_bridge
bcc,0.8350,11023.046823,5683.090795,2232.908284,upper_bridge
bcc,0.8375,11090.475066,5727.681559,2243.054125,upper_bridge
bcc,0.8400,11157.903308,5772.272324,2253.199965,upper_bridge
bcc,0.8425,11225.331551,5816.863089,2263.345806,upper_bridge
bcc,0.8450,11292.759794,5861.453853,2273.491647,upper_bridge
bcc,0.8475,11360.188036,5906.044618,2283.637487,upper_bridge
bcc,0.8500,11427.616279,5950.635383,2293.783328,upper_bridge
bcc,0.8525,11495.044522,5995.226147,2303.929169,upper_bridge
bcc,0.8550,11562.472764,6039.816912,2314.075009,upper_bridge
bcc,0.8575,11629.901007,6084.407676,2324.220850,upper_bridge
bcc,0.8600,11697.329250,6128.998441,2334.366691,upper_bridge
bcc,0.8625,11764.757493,6173.589206,2344.512532,upper_bridge
bcc,0.8650,11832.185735,6218.179970,2354.658372,upper_bridge
bcc,0.8675,11899.613978,6262.770735,2364.804213,upper_bridge
bcc,0.8700,11967.042221,6307.361500,2374.950054,upper_bridge
bcc,0.8725,12034.470463,6351.952264,2385.095894,upper_bridge
bcc,0.8750,12101.898706,6396.543029,2395.241735,upper_bridge
bcc,0.8775,12169.326949,6441.133793,2405.387576,upper_bridge
bcc,0.8800,12236.755191,6485.724558,2415.533416,upper_bridge
bcc,0.8825,12304.183434,6530.315323,2425.679257,upper_bridge
bcc,0.8850,12371.611677,6574.906087,2435.825098,upper_bridge
bcc,0.8875,12439.039919,6619.496852,2445.970938,upper_bridge
bcc,0.8900,12506.468162,6664.087617,2456.116779,upper_bridge
bcc,0.8925,12573.896405,6708.678381,2466.262620,upper_bridge
bcc,0.8950,12641.324648,6753.269146,2476.408461,upper_bridge
bcc,0.8975,12708.752890,6797.859910,2486.554301,upper_bridge
bcc,0.9000,12776.181133,6842.450675,2496.700142,upper_bridge
bcc,0.9025,12843.609376,6887.041440,2506.845983,upper_bridge
bcc,0.9050,12911.037618,6931.632204,2516.991823,upper_bridge
bcc,0.9075,12978.465861,6976.222969,2527.137664,upper_bridge
bcc,0.9100,13045.894104,7020.813734,2537.283505,upper_bridge
bcc,0.9125,13113.322346,7065.404498,2547.429345,upper_bridge
bcc,0.9150,13180.750589,7109.995263,2557.575186,upper_bridge
bcc,0.9175,13248.178832,7154.586027,2567.721027,upper_bridge
bcc,0.9200,13315.607074,7199.176792,2577.866868,upper_bridge
bcc,0.9225,13383.035317,7243.767557,2588.012708,upper_bridge
bcc,0.9250,13450.463560,7288.358321,2598.158549,upper_bridge
bcc,0.9275,13517.891802,7332.949086,2608.304390,upper_bridge
bcc,0.9300,13585.320045,7377.539851,2618.450230,upper_bridge
bcc,0.9325,13652.748288,7422.130615,2628.596071,upper_bridge
bcc,0.9350,13720.176531,7466.721380,2638.741912,upper_bridge
bcc,0.9375,13787.604773,7511.312144,2648.887752,upper_bridge
bcc,0.9400,13855.033016,7555.902909,2659.033593,upper_bridge
bcc,0.9425,13922.461259,7600.493674,2669.179434,upper_bridge
bcc,0.9450,13989.889501,7645.084438,2679.325274,upper_bridge
bcc,0.9475,14057.317744,7689.675203,2689.471115,upper_bridge
bcc,0.9500,14124.745987,7734.265968,2699.616956,upper_bridge
bcc,0.9525,14192.174229,7778.856732,2709.762797,upper_bridge
bcc,0.9550,14259.602472,7823.447497,2719.908637,upper_bridge
bcc,0.9575,14327.030715,7868.038261,2730.054478,upper_bridge
bcc,0.9600,14394.458957,7912.629026,2740.200319,upper_bridge
bcc,0.9625,14461.887200,7957.219791,2750.346159,upper_bridge
bcc,0.9650,14529.315443,8001.810555,2760.492000,upper_bridge
bcc,0.9675,14596.743686,8046.401320,2770.637841,upper_bridge
bcc,0.9700,14664.171928,8090.992085,2780.783681,upper_bridge
bcc,0.9725,14731.600171,8135.582849,2790.929522,upper_bridge
bcc,0.9750,14799.028414,8180.173614,2801.075363,upper_bridge
bcc,0.9775,14866.456656,8224.764378,2811.221204,upper_bridge
bcc,0.9800,14933.884899,8269.355143,2821.367044,upper_bridge
bcc,0.9825,15001.313142,8313.945908,2831.512885,upper_bridge
bcc,0.9850,15068.741384,8358.536672,2841.658726,upper_bridge
bcc,0.9875,15136.169627,8403.127437,2851.804566,upper_bridge
bcc,0.9900,15203.597870,8447.718202,2861.950407,upper_bridge
bcc,0.9925,15271.026112,8492.308966,2872.096248,upper_bridge
bcc,0.9950,15338.454355,8536.899731,2882.242088,upper_bridge
bcc,0.9975,15405.882598,8581.490495,2892.387929,upper_bridge
bcc,1.0000,15473.310840,8626.081260,2902.533770,upper_bridge
fcc,0.0000,0.000000,0.000000,0.000000,lower_bridge
fcc,0.0025,76.169234,37.958361,34.789935,lower_bridge
fcc,0.0050,149.677332,74.530095,68.271675,lower_bridge
fcc,0.0075,220.524295,109.715202,100.445221,lower_bridge
fcc,0.0100,288.710121,143.513683,131.310571,lower_bridge
fcc,0.0125,354.234812,175.925537,160.867726,lower_bridge
fcc,0.0150,417.098367,206.950765,189.116687,lower_bridge
fcc,0.0175,477.300787,236.589365,216.057452,lower_bridge
fcc,0.0200,534.842071,264.841340,241.690022,lower_bridge
fcc,0.0225,589.722218,291.706687,266.014398,lower_bridge
fcc,0.0250,641.941231,317.185408,289.030578,lower_bridge
fcc,0.0275,691.499107,341.277502,310.738564,lower_bridge
fcc,0.0300,738.395848,363.982970,331.138354,lower_bridge
fcc,0.0325,782.631453,385.301811,350.229949,lower_bridge
fcc,0.0350,824.205922,405.234026,368.013350,lower_bridge
fcc,0.0375,863.119255,423.779613,384.488555,lower_bridge
fcc,0.0400,899.371453,440.938575,399.655566,lower_bridge
fcc,0.0425,932.962515,456.710909,413.514382,lower_bridge
fcc,0.0450,963.892441,471.096617,426.065002,lower_bridge
fcc,0.0475,992.161232,484.095698,437.307428,lower_bridge
fcc,0.0500,1017.768886,495.708153,447.241658,lower_bridge
fcc,0.0525,1040.715405,505.933981,455.867694,lower_bridge
fcc,0.0550,1061.000789,514.773182,463.185535,lower_bridge
fcc,0.0575,1078.625036,522.225757,469.195180,lower_bridge
fcc,0.0600,1093.588148,528.291705,473.896631,lower_bridge
fcc,0.0625,1105.890124,532.971026,477.289887,lower_bridge
fcc,0.0650,1115.530964,536.263721,479.374947,lower_bridge
fcc,0.0675,1122.510669,538.169789,480.151813,lower_bridge
fcc,0.0700,1126.829237,538.689231,479.620484,lower_bridge
fcc,0.0725,1128.486670,537.822046,477.780960,lower_bridge
fcc,0.0750,1127.482967,535.568234,474.633240,lower_bridge
fcc,0.0775,1123.818129,531.927796,470.177326,lower_bridge
fcc,0.0800,1117.492155,526.900731,464.413217,lower_bridge
fcc,0.0825,1108.505045,520.487039,457.340913,lower_bridge
fcc,0.0850,1096.856799,512.686721,448.960414,lower_bridge
fcc,0.0875,1082.547417,503.499776,439.271720,lower_bridge
fcc,0.0900,1065.576900,492.926204,428.274831,lower_bridge
fcc,0.0925,1045.945247,480.966006,415.969746,lower_bridge
fcc,0.0950,1023.652458,467.619181,402.356467,lower_bridge
fcc,0.0975,1032.966729,470.127553,404.259510,band
fcc,0.1000,1042.963974,472.934598,406.492119,band
fcc,0.1025,1052.973034,475.702925,408.724333,band
fcc,0.1050,1062.995393,478.433554,410.956474,band
fcc,0.1075,1073.032536,481.127505,413.188863,band
fcc,0.1100,1083.085949,483.785797,415.421823,band
fcc,0.1125,1093.157117,486.409450,417.655675,band
fcc,0.1150,1103.247525,488.999485,419.890742,band
fcc,0.1175,1113.358658,491.556921,422.127346,band
fcc,0.1200,1123.492002,494.082777,424.365808,band
fcc,0.1225,1133.649042,496.578075,426.606450,band
fcc,0.1250,1143.831263,499.043833,428.849596,band
fcc,0.1275,1154.040150,501.481072,431.095565,band
fcc,0.1300,1164.277188,503.890812,433.344681,band
fcc,0.1325,1174.543864,506.274072,435.597266,band
fcc,0.1350,1184.841661,508.631872,437.853641,band
fcc,0.1375,1195.172066,510.965232,440.114129,band
fcc,0.1400,1205.536563,513.275172,442.379051,band
fcc,0.1425,1215.936637,515.562712,444.648729,band
fcc,0.1450,1226.373775,517.828872,446.923486,band
fcc,0.1475,1236.849460,520.074671,449.203644,band
fcc,0.1500,1247.365179,522.301130,451.489524,band
fcc,0.1525,1257.922417,524.509268,453.781448,band
fcc,0.1550,1268.522658,526.700105,456.079739,band
fcc,0.1575,1279.167389,528.874661,458.384718,band
fcc,0.1600,1289.858093,531.033957,460.696708,band
fcc,0.1625,1300.596257,533.179011,463.016030,band
fcc,0.1650,1311.383366,535.310844,465.343006,band
fcc,0.1675,1322.220904,537.430475,467.677959,band
fcc,0.1700,1333.110358,539.538925,470.021210,band
fcc,0.1725,1344.053212,541.637213,472.373082,band
fcc,0.1750,1355.050952,543.726360,474.733896,band
fcc,0.1775,1366.105062,545.807384,477.103975,band
fcc,0.1800,1377.217029,547.881307,479.483639,band
fcc,0.1825,1388.388337,549.949147,481.873213,band
fcc,0.1850,1399.620471,552.011925,484.273016,band
fcc,0.1875,1410.914917,554.070661,486.683372,band
fcc,0.1900,1422.273160,556.126374,489.104602,band
fcc,0.1925,1433.696685,558.180084,491.537029,band
fcc,0.1950,1445.186978,560.232812,493.980974,band
fcc,0.1975,1456.745523,562.285576,496.436759,band
fcc,0.2000,1468.373806,564.339398,498.904706,band
fcc,0.2025,1480.073313,566.395296,501.385138,band
fcc,0.2050,1491.845527,568.454291,503.878376,band
fcc,0.2075,1503.691935,570.517403,506.384743,band
fcc,0.2100,1515.614022,572.585651,508.904560,band
fcc,0.2125,1527.613273,574.660055,511.438149,band
fcc,0.2150,1539.691173,576.741636,513.985832,band
fcc,0.2175,1551.849207,578.831412,516.547931,band
fcc,0.2200,1564.088862,580.930405,519.124769,band
fcc,0.2225,1576.411621,583.039633,521.716667,band
fcc,0.2250,1588.818970,585.160117,524.323948,band
fcc,0.2275,1601.312394,587.292877,526.946932,band
fcc,0.2300,1613.893380,589.438932,529.585943,band
fcc,0.2325,1626.563411,591.599302,532.241302,band
fcc,0.2350,1639.323972,593.775007,534.913331,band
fcc,0.2375,1652.176551,595.967068,537.602352,band
fcc,0.2400,1665.122630,598.176503,540.308688,band
fcc,0.2425,1678.163697,600.404333,543.032660,band
fcc,0.2450,1691.301235,602.651578,545.774590,band
fcc,0.2475,1704.536731,604.919257,548.534800,band
fcc,0.2500,1717.871669,607.208391,551.313612,band
fcc,0.2525,1731.307534,609.519999,554.111349,band
fcc,0.2550,1744.845813,611.855101,556.928332,band
fcc,0.2575,1758.487989,614.214717,559.764882,band
fcc,0.2600,1772.235549,616.599867,562.621323,band
fcc,0.2625,1786.089978,619.011571,565.497977,band
fcc,0.2650,1800.052760,621.450848,568.395164,band
fcc,0.2675,1814.125381,623.918719,571.313207,band
fcc,0.2700,1828.309326,626.416204,574.252429,band
fcc,0.2725,1842.606081,628.944321,577.213150,band
fcc,0.2750,1857.017130,631.504092,580.195694,band
fcc,0.2775,1871.543960,634.096536,583.200382,band
fcc,0.2800,1886.188054,636.722673,586.227536,band
fcc,0.2825,1900.950899,639.383522,589.277478,band
fcc,0.2850,1915.833979,642.080104,592.350530,band
fcc,0.2875,1930.838780,644.813439,595.447014,band
fcc,0.2900,1945.966787,647.584546,598.567252,band
fcc,0.2925,1961.219486,650.394445,601.711567,band
fcc,0.2950,1976.598360,653.244157,604.880279,band
fcc,0.2975,1992.104897,656.134700,608.073711,band
fcc,0.3000,2007.740581,659.067095,611.292186,band
fcc,0.3025,2023.506896,662.042362,614.536024,band
fcc,0.3050,2039.405329,665.061521,617.805549,band
fcc,0.3075,2055.437365,668.125591,621.101081,band
fcc,0.3100,2071.604488,671.235592,624.422944,band
fcc,0.3125,2087.908185,674.392545,627.771458,band
fcc,0.3150,2104.349940,677.597469,631.146947,band
fcc,0.3175,2120.931238,680.851384,634.549731,band
fcc,0.3200,2137.653565,684.155309,637.980133,band
fcc,0.3225,2154.518406,687.510266,641.438476,band
fcc,0.3250,2171.527247,690.917273,644.925080,band
fcc,0.3275,2188.681571,694.377350,648.440269,band
fcc,0.3300,2205.982866,697.891518,651.984363,band
fcc,0.3325,2223.432615,701.460796,655.557685,band
fcc,0.3350,2241.032304,705.086204,659.160557,band
fcc,0.3375,2258.783419,708.768763,662.793301,band
fcc,0.3400,2276.687444,712.509491,666.456240,band
fcc,0.3425,2294.745865,716.309408,670.149693,band
fcc,0.3450,2312.960167,720.169536,673.873985,band
fcc,0.3475,2331.331835,724.090892,677.629437,band
fcc,0.3500,2349.862355,728.074498,681.416371,band
fcc,0.3525,2368.553211,732.121374,685.235108,band
fcc,0.3550,2387.405890,736.232538,689.085972,band
fcc,0.3575,2406.421875,740.409012,692.969283,band
fcc,0.3600,2425.602653,744.651814,696.885364,band
fcc,0.3625,2444.949709,748.961965,700.834537,band
fcc,0.3650,2464.464527,753.340484,704.817124,band
fcc,0.3675,2484.148593,757.788392,708.833447,band
fcc,0.3700,2504.003393,762.306709,712.883828,band
fcc,0.3725,2524.030411,766.896453,716.968588,band
fcc,0.3750,2544.231133,771.558646,721.088050,band
fcc,0.3775,2564.607043,776.294306,725.242537,band
fcc,0.3800,2585.159628,781.104455,729.432368,band
fcc,0.3825,2605.890373,785.990111,733.657868,band
fcc,0.3850,2626.800762,790.952294,737.919358,band
fcc,0.3875,2647.892281,795.992025,742.217159,band
fcc,0.3900,2669.166415,801.110324,746.551594,band
fcc,0.3925,2690.624649,806.308209,750.922985,band
fcc,0.3950,2712.268469,811.586702,755.331654,band
fcc,0.3975,2734.099359,816.946822,759.777922,band
fcc,0.4000,2756.118806,822.389588,764.262112,band
fcc,0.4025,2778.328294,827.916021,768.784546,band
fcc,0.4050,2800.729308,833.527141,773.345546,band
fcc,0.4075,2823.323334,839.223967,777.945433,band
fcc,0.4100,2846.111857,845.007519,782.584530,band
fcc,0.4125,2869.096362,850.878818,787.263159,band
fcc,0.4150,2892.278334,856.838882,791.981642,band
fcc,0.4175,2915.659259,862.888733,796.740300,band
fcc,0.4200,2939.240622,869.029389,801.539456,band
fcc,0.4225,2963.023908,875.261871,806.379432,band
fcc,0.4250,2987.010602,881.587199,811.260549,band
fcc,0.4275,3011.202189,888.006392,816.183130,band
fcc,0.4300,3035.600156,894.520470,821.147497,band
fcc,0.4325,3060.205986,901.130453,826.153971,band
fcc,0.4350,3085.021165,907.837362,831.202875,band
fcc,0.4375,3110.047179,914.642215,836.294531,band
fcc,0.4400,3135.285512,921.546033,841.429260,band
fcc,0.4425,3160.737651,928.549836,846.607386,band
fcc,0.4450,3186.405079,935.654643,851.829228,band
fcc,0.4475,3212.289283,942.861475,857.095110,band
fcc,0.4500,3238.391747,950.171351,862.405354,band
fcc,0.4525,3264.713957,957.585291,867.760282,band
fcc,0.4550,3291.257398,965.104315,873.160215,band
fcc,0.4575,3318.023555,972.729443,878.605476,band
fcc,0.4600,3345.013913,980.461695,884.096386,band
fcc,0.4625,3372.229959,988.302091,889.633268,band
fcc,0.4650,3399.673176,996.251650,895.216443,band
fcc,0.4675,3427.345050,1004.311392,900.846234,band
fcc,0.4700,3455.247067,1012.482338,906.522963,band
fcc,0.4725,3483.380711,1020.765507,912.246951,band
fcc,0.4750,3511.747468,1029.161919,918.018521,band
fcc,0.4775,3540.348823,1037.672593,923.837994,band
fcc,0.4800,3569.186261,1046.298551,929.705693,band
fcc,0.4825,3598.261268,1055.040811,935.621939,band
fcc,0.4850,3627.575328,1063.900394,941.587055,band
fcc,0.4875,3657.129928,1072.878319,947.601362,band
fcc,0.4900,3686.926551,1081.975606,953.665183,band
fcc,0.4925,3716.966684,1091.193275,959.778840,band
fcc,0.4950,3747.251812,1100.532347,965.942653,band
fcc,0.4975,3777.783419,1109.993840,972.156947,band
fcc,0.5000,3808.562991,1119.578775,978.422042,band
fcc,0.5025,3839.592014,1129.288171,984.738260,band
fcc,0.5050,3870.871972,1139.123050,991.105924,band
fcc,0.5075,3902.404351,1149.084429,997.525355,band
fcc,0.5100,3934.190636,1159.173330,1003.996876,band
fcc,0.5125,3966.232313,1169.390772,1010.520808,band
fcc,0.5150,3998.530865,1179.737774,1017.097473,band
fcc,0.5175,4031.087779,1190.215358,1023.727194,band
fcc,0.5200,4063.904541,1200.824543,1030.410293,band
fcc,0.5225,4096.982634,1211.566348,1037.147091,band
fcc,0.5250,4130.323544,1222.441793,1043.937910,band
fcc,0.5275,4163.928758,1233.451899,1050.783072,band
fcc,0.5300,4197.799758,1244.597685,1057.682900,band
fcc,0.5325,4231.938032,1255.880171,1064.637716,band
fcc,0.5350,4266.345065,1267.300377,1071.647841,band
fcc,0.5375,4301.022340,1278.859323,1078.713597,band
fcc,0.5400,4335.971345,1290.558029,1085.835307,band
fcc,0.5425,4371.193563,1302.397514,1093.013292,band
fcc,0.5450,4406.690480,1314.378799,1100.247874,band
fcc,0.5475,4442.463582,1326.502903,1107.539375,band
fcc,0.5500,4478.514353,1338.770847,1114.888118,band
fcc,0.5525,4514.844280,1351.183649,1122.294425,band
fcc,0.5550,4551.454846,1363.742331,1129.758616,band
fcc,0.5575,4588.347537,1376.447911,1137.281015,band
fcc,0.5600,4625.523839,1389.301410,1144.861944,band
fcc,0.5625,4662.985237,1402.303847,1152.501723,band
fcc,0.5650,4700.733216,1415.456243,1160.200676,band
fcc,0.5675,4738.769261,1428.759618,1167.959124,band
fcc,0.5700,4777.094857,1442.214990,1175.777390,band
fcc,0.5725,4815.711490,1455.823381,1183.655795,band
fcc,0.5750,4854.620645,1469.585809,1191.594661,band
fcc,0.5775,4893.823807,1483.503295,1199.594310,band
fcc,0.5800,4933.322461,1497.576860,1207.655064,band
fcc,0.5825,4973.118093,1511.807521,1215.777246,band
fcc,0.5850,5013.212188,1526.196300,1223.961177,band
fcc,0.5875,5053.606230,1540.744217,1232.207180,band
fcc,0.5900,5094.301706,1555.452290,1240.515575,band
fcc,0.5925,5142.353012,1588.602191,1251.412882,upper_bridge
fcc,0.5950,5194.638625,1632.610823,1263.818290,upper_bridge
fcc,0.5975,5246.924239,1676.619455,1276.223698,upper_bridge
fcc,0.6000,5299.209852,1720.628087,1288.629107,upper_bridge
fcc,0.6025,5351.495466,1764.636719,1301.034515,upper_bridge
fcc,0.6050,5403.781079,1808.645351,1313.439923,upper_bridge
fcc,0.6075,5456.066693,1852.653982,1325.845331,upper_bridge
fcc,0.6100,5508.352307,1896.662614,1338.250740,upper_bridge
fcc,0.6125,5560.637920,1940.671246,1350.656148,upper_bridge
fcc,0.6150,5612.923534,1984.679878,1363.061556,upper_bridge
fcc,0.6175,5665.209147,2028.688510,1375.466964,upper_bridge
fcc,0.6200,5717.494761,2072.697142,1387.872373,upper_bridge
fcc,0.6225,5769.780375,2116.705774,1400.277781,upper_bridge
fcc,0.6250,5822.065988,2160.714406,1412.683189,upper_bridge
fcc,0.6275,5874.351602,2204.723038,1425.088597,upper_bridge
fcc,0.6300,5926.637215,2248.731670,1437.494006,upper_bridge
fcc,0.6325,5978.922829,2292.740301,1449.899414,upper_bridge
fcc,0.6350,6031.208443,2336.748933,1462.304822,upper_bridge
fcc,0.6375,6083.494056,2380.757565,1474.710231,upper_bridge
fcc,0.6400,6135.779670,2424.766197,1487.115639,upper_bridge
fcc,0.6425,6188.065283,2468.774829,1499.521047,upper_bridge
fcc,0.6450,6240.350897,2512.783461,1511.926455,upper_bridge
fcc,0.6475,6292.636511,2556.792093,1524.331864,upper_bridge
fcc,0.6500,6344.922124,2600.800725,1536.737272,upper_bridge
fcc,0.6525,6397.207738,2644.809357,1549.142680,upper_bridge
fcc,0.6550,6449.493351,2688.817989,1561.548088,upper_bridge
fcc,0.6575,6501.778965,2732.826620,1573.953497,upper_bridge
fcc,0.6600,6554.064578,2776.835252,1586.358905,upper_bridge
fcc,0.6625,6606.350192,2820.843884,1598.764313,upper_bridge
fcc,0.6650,6658.635806,2864.852516,1611.169721,upper_bridge
fcc,0.6675,6710.921419,2908.861148,1623.575130,upper_bridge
fcc,0.6700,6763.207033,2952.869780,1635.980538,upper_bridge
fcc,0.6725,6815.492646,2996.878412,1648.385946,upper_bridge
fcc,0.6750,6867.778260,3040.887044,1660.791354,upper_bridge
fcc,0.6775,6920.063874,3084.895676,1673.196763,upper_bridge
fcc,0.6800,6972.349487,3128.904308,1685.602171,upper_bridge
fcc,0.6825,7024.635101,3172.912939,1698.007579,upper_bridge
fcc,0.6850,7076.920714,3216.921571,1710.412987,upper_bridge
fcc,0.6875,7129.206328,3260.930203,1722.818396,upper_bridge
fcc,0.6900,7181.491942,3304.938835,1735.223804,upper_bridge
fcc,0.6925,7233.777555,3348.947467,1747.629212,upper_bridge
fcc,0.6950,7286.063169,3392.956099,1760.034620,upper_bridge
fcc,0.6975,7338.348782,3436.964731,1772.440029,upper_bridge
fcc,0.7000,7390.634396,3480.973363,1784.845437,upper_bridge
fcc,0.7025,7442.920010,3524.981995,1797.250845,upper_bridge
fcc,0.7050,7495.205623,3568.990627,1809.656253,upper_bridge
fcc,0.7075,7547.491237,3612.999258,1822.061662,upper_bridge
fcc,0.7100,7599.776850,3657.007890,1834.467070,upper_bridge
fcc,0.7125,7652.062464,3701.016522,1846.872478,upper_bridge
fcc,0.7150,7704.348077,3745.025154,1859.277887,upper_bridge
fcc,0.7175,7756.633691,3789.033786,1871.683295,upper_bridge
fcc,0.7200,7808.919305,3833.042418,1884.088703,upper_bridge
fcc,0.7225,7861.204918,3877.051050,1896.494111,upper_bridge
fcc,0.7250,7913.490532,3921.059682,1908.899520,upper_bridge
fcc,0.7275,7965.776145,3965.068314,1921.304928,upper_bridge
fcc,0.7300,8018.061759,4009.076946,1933.710336,upper_bridge
fcc,0.7325,8070.347373,4053.085578,1946.115744,upper_bridge
fcc,0.7350,8122.632986,4097.094209,1958.521153,upper_bridge
fcc,0.7375,8174.918600,4141.102841,1970.926561,upper_bridge
fcc,0.7400,8227.204213,4185.111473,1983.331969,upper_bridge
fcc,0.7425,8279.489827,4229.120105,1995.737377,upper_bridge
fcc,0.7450,8331.775441,4273.128737,2008.142786,upper_bridge
fcc,0.7475,8384.061054,4317.137369,2020.548194,upper_bridge
fcc,0.7500,8436.346668,4361.146001,2032.953602,upper_bridge
fcc,0.7525,8488.632281,4405.154633,2045.359010,upper_bridge
fcc,0.7550,8540.917895,4449.163265,2057.764419,upper_bridge
fcc,0.7575,8593.203508,4493.171897,2070.169827,upper_bridge
fcc,0.7600,8645.489122,4537.180528,2082.575235,upper_bridge
fcc,0.7625,8697.774736,4581.189160,2094.980643,upper_bridge
fcc,0.7650,8750.060349,4625.197792,2107.386052,upper_bridge
fcc,0.7675,8802.345963,4669.206424,2119.791460,upper_bridge
fcc,0.7700,8854.631576,4713.215056,2132.196868,upper_bridge
fcc,0.7725,8906.917190,4757.223688,2144.602276,upper_bridge
fcc,0.7750,8959.202804,4801.232320,2157.007685,upper_bridge
fcc,0.7775,9011.488417,4845.240952,2169.413093,upper_bridge
fcc,0.7800,9063.774031,4889.249584,2181.818501,upper_bridge
fcc,0.7825,9116.059644,4933.258216,2194.223909,upper_bridge
fcc,0.7850,9168.345258,4977.266847,2206.629318,upper_bridge
fcc,0.7875,9220.630872,5021.275479,2219.034726,upper_bridge
fcc,0.7900,9272.916485,5065.284111,2231.440134,upper_bridge
fcc,0.7925,9325.202099,5109.292743,2243.845543,upper_bridge
fcc,0.7950,9377.487712,5153.301375,2256.250951,upper_bridge
fcc,0.7975,9429.773326,5197.310007,2268.656359,upper_bridge
fcc,0.8000,9482.058940,5241.318639,2281.061767,upper_bridge
fcc,0.8025,9534.344553,5285.327271,2293.467176,upper_bridge
fcc,0.8050,9586.630167,5329.335903,2305.872584,upper_bridge
fcc,0.8075,9638.915780,5373.344535,2318.277992,upper_bridge
fcc,0.8100,9691.201394,5417.353166,2330.683400,upper_bridge
fcc,0.8125,9743.487007,5461.361798,2343.088809,upper_bridge
fcc,0.8150,9795.772621,5505.370430,2355.494217,upper_bridge
fcc,0.8175,9848.058235,5549.379062,2367.899625,upper_bridge
fcc,0.8200,9900.343848,5593.387694,2380.305033,upper_bridge
fcc,0.8225,9952.629462,5637.396326,2392.710442,upper_bridge
fcc,0.8250,10004.915075,5681.404958,2405.115850,upper_bridge
fcc,0.8275,10057.200689,5725.413590,2417.521258,upper_bridge
fcc,0.8300,10109.486303,5769.422222,2429.926666,upper_bridge
fcc,0.8325,10161.771916,5813.430854,2442.332075,upper_bridge
fcc,0.8350,10214.057530,5857.439485,2454.737483,upper_bridge
fcc,0.8375,10266.343143,5901.448117,2467.142891,upper_bridge
fcc,0.8400,10318.628757,5945.456749,2479.548299,upper_bridge
fcc,0.8425,10370.914371,5989.465381,2491.953708,upper_bridge
fcc,0.8450,10423.199984,6033.474013,2504.359116,upper_bridge
fcc,0.8475,10475.485598,6077.482645,2516.764524,upper_bridge
fcc,0.8500,10527.771211,6121.491277,2529.169932,upper_bridge
fcc,0.8525,10580.056825,6165.499909,2541.575341,upper_bridge
fcc,0.8550,10632.342439,6209.508541,2553.980749,upper_bridge
fcc,0.8575,10684.628052,6253.517173,2566.386157,upper_bridge
fcc,0.8600,10736.913666,6297.525805,2578.791566,upper_bridge
fcc,0.8625,10789.199279,6341.534436,2591.196974,upper_bridge
fcc,0.8650,10841.484893,6385.543068,2603.602382,upper_bridge
fcc,0.8675,10893.770506,6429.551700,2616.007790,upper_bridge
fcc,0.8700,10946.056120,6473.560332,2628.413199,upper_bridge
fcc,0.8725,10998.341734,6517.568964,2640.818607,upper_bridge
fcc,0.8750,11050.627347,6561.577596,2653.224015,upper_bridge
fcc,0.8775,11102.912961,6605.586228,2665.629423,upper_bridge
fcc,0.8800,11155.198574,6649.594860,2678.034832,upper_bridge
fcc,0.8825,11207.484188,6693.603492,2690.440240,upper_bridge
fcc,0.8850,11259.769802,6737.612124,2702.845648,upper_bridge
fcc,0.8875,11312.055415,6781.620755,2715.251056,upper_bridge
fcc,0.8900,11364.341029,6825.629387,2727.656465,upper_bridge
fcc,0.8925,11416.626642,6869.638019,2740.061873,upper_bridge
fcc,0.8950,11468.912256,6913.646651,2752.467281,upper_bridge
fcc,0.8975,11521.197870,6957.655283,2764.872689,upper_bridge
fcc,0.9000,11573.483483,7001.663915,2777.278098,upper_bridge
fcc,0.9025,11625.769097,7045.672547,2789.683506,upper_bridge
fcc,0.9050,11678.054710,7089.681179,2802.088914,upper_bridge
fcc,0.9075,11730.340324,7133.689811,2814.494322,upper_bridge
fcc,0.9100,11782.625938,7177.698443,2826.899731,upper_bridge
fcc,0.9125,11834.911551,7221.707074,2839.305139,upper_bridge
fcc,0.9150,11887.197165,7265.715706,2851.710547,upper_bridge
fcc,0.9175,11939.482778,7309.724338,2864.115955,upper_bridge
fcc,0.9200,11991.768392,7353.732970,2876.521364,upper_bridge
fcc,0.9225,12044.054005,7397.741602,2888.926772,upper_bridge
fcc,0.9250,12096.339619,7441.750234,2901.332180,upper_bridge
fcc,0.9275,12148.625233,7485.758866,2913.737588,upper_bridge
fcc,0.9300,12200.910846,7529.767498,2926.142997,upper_bridge
fcc,0.9325,12253.196460,7573.776130,2938.548405,upper_bridge
fcc,0.9350,12305.482073,7617.784762,2950.953813,upper_bridge
fcc,0.9375,12357.767687,7661.793393,2963.359222,upper_bridge
fcc,0.9400,12410.053301,7705.802025,2975.764630,upper_bridge
fcc,0.9425,12462.338914,7749.810657,2988.170038,upper_bridge
fcc,0.9450,12514.624528,7793.819289,3000.575446,upper_bridge
fcc,0.9475,12566.910141,7837.827921,3012.980855,upper_bridge
fcc,0.9500,12619.195755,7881.836553,3025.386263,upper_bridge
fcc,0.9525,12671.481369,7925.845185,3037.791671,upper_bridge
fcc,0.9550,12723.766982,7969.853817,3050.197079,upper_bridge
fcc,0.9575,12776.052596,8013.862449,3062.602488,upper_bridge
fcc,0.9600,12828.338209,8057.871081,3075.007896,upper_bridge
fcc,0.9625,12880.623823,8101.879712,3087.413304,upper_bridge
fcc,0.9650,12932.909437,8145.888344,3099.818712,upper_bridge
fcc,0.9675,12985.195050,8189.896976,3112.224121,upper_bridge
fcc,0.9700,13037.480664,8233.905608,3124.629529,upper_bridge
fcc,0.9725,13089.766277,8277.914240,3137.034937,upper_bridge
fcc,0.9750,13142.051891,8321.922872,3149.440345,upper_bridge
fcc,0.9775,13194.337504,8365.931504,3161.845754,upper_bridge
fcc,0.9800,13246.623118,8409.940136,3174.251162,upper_bridge
fcc,0.9825,13298.908732,8453.948768,3186.656570,upper_bridge
fcc,0.9850,13351.194345,8497.957400,3199.061978,upper_bridge
fcc,0.9875,13403.479959,8541.966031,3211.467387,upper_bridge
fcc,0.9900,13455.765572,8585.974663,3223.872795,upper_bridge
fcc,0.9925,13508.051186,8629.983295,3236.278203,upper_bridge
fcc,0.9950,13560.336800,8673.991927,3248.683611,upper_bridge
fcc,0.9975,13612.622413,8718.000559,3261.089020,upper_bridge
fcc,1.0000,13664.908027,8762.009191,3273.494428,upper_bridge
diamond,0.0000,0.000000,0.000000,0.000000,lower_bridge
diamond,0.0025,36.641159,30.526321,10.075231,lower_bridge
diamond,0.0050,72.670843,60.386830,20.132776,lower_bridge
diamond,0.0075,108.089052,89.581529,30.172634,lower_bridge
diamond,0.0100,142.895787,118.110415,40.194806,lower_bridge
diamond,0.0125,177.091047,145.973491,50.199291,lower_bridge
diamond,0.0150,210.674833,173.170755,60.186090,lower_bridge
diamond,0.0175,243.647145,199.702207,70.155202,lower_bridge
diamond,0.0200,276.007981,225.567849,80.106628,lower_bridge
diamond,0.0225,307.757343,250.767679,90.040367,lower_bridge
diamond,0.0250,338.895231,275.301697,99.956420,lower_bridge
diamond,0.0275,369.421644,299.169904,109.854786,lower_bridge
diamond,0.0300,399.336582,322.372300,119.735466,lower_bridge
diamond,0.0325,428.640046,344.908884,129.598460,lower_bridge
diamond,0.0350,457.332036,366.779657,139.443766,lower_bridge
diamond,0.0375,485.412550,387.984619,149.271387,lower_bridge
diamond,0.0400,512.881591,408.523769,159.081320,lower_bridge
diamond,0.0425,539.739156,428.397108,168.873568,lower_bridge
diamond,0.0450,565.985247,447.604635,178.648128,lower_bridge
diamond,0.0475,591.619864,466.146351,188.405003,lower_bridge
diamond,0.0500,616.643006,484.022256,198.144190,lower_bridge
diamond,0.0525,641.054673,501.232349,207.865692,lower_bridge
diamond,0.0550,664.854866,517.776631,217.569506,lower_bridge
diamond,0.0575,688.043584,533.655101,227.255634,lower_bridge
diamond,0.0600,710.620828,548.867760,236.924076,lower_bridge
diamond,0.0625,732.586597,563.414608,246.574831,lower_bridge
diamond,0.0650,753.940892,577.295644,256.207900,lower_bridge
diamond,0.0675,774.683712,590.510869,265.823282,lower_bridge
diamond,0.0700,794.815057,603.060283,275.420978,lower_bridge
diamond,0.0725,814.334928,614.943885,285.000987,lower_bridge
diamond,0.0750,833.243325,626.161676,294.563310,lower_bridge
diamond,0.0775,851.540246,636.713655,304.107946,lower_bridge
diamond,0.0800,869.225694,646.599823,313.634896,lower_bridge
diamond,0.0825,886.299666,655.820180,323.144159,lower_bridge
diamond,0.0850,902.762164,664.374725,332.635736,lower_bridge
diamond,0.0875,918.613188,672.263459,342.109626,lower_bridge
diamond,0.0900,933.852737,679.486381,351.565830,lower_bridge
diamond,0.0925,948.480811,686.043492,361.004347,lower_bridge
diamond,0.0950,962.497411,691.934792,370.425178,lower_bridge
diamond,0.0975,975.902537,697.160281,379.828322,lower_bridge
diamond,0.1000,988.696187,701.719957,389.213780,lower_bridge
diamond,0.1025,1000.878364,705.613823,398.581551,lower_bridge
diamond,0.1050,1012.449065,708.841877,407.931636,lower_bridge
diamond,0.1075,1023.408292,711.404120,417.264034,lower_bridge
diamond,0.1100,1033.756045,713.300551,426.578746,lower_bridge
diamond,0.1125,1043.492323,714.531171,435.875771,lower_bridge
diamond,0.1150,1052.617126,715.095980,445.155109,lower_bridge
diamond,0.1175,1061.130455,714.994977,454.416762,lower_bridge
diamond,0.1200,1069.032309,714.228163,463.660727,lower_bridge
diamond,0.1225,1076.322689,712.795538,472.887006,lower_bridge
diamond,0.1250,1083.001594,710.697101,482.095599,lower_bridge
diamond,0.1275,1089.069025,707.932853,491.286505,lower_bridge
diamond,0.1300,1094.524981,704.502793,500.459725,lower_bridge
diamond,0.1325,1099.369462,700.406922,509.615258,lower_bridge
diamond,0.1350,1103.602469,695.645239,518.753105,lower_bridge
diamond,0.1375,1107.224001,690.217746,527.873265,lower_bridge
diamond,0.1400,1110.234059,684.124440,536.975739,lower_bridge
diamond,0.1425,1112.632642,677.365324,546.060526,lower_bridge
diamond,0.1450,1114.419751,669.940396,555.127627,lower_bridge
diamond,0.1475,1115.595385,661.849656,564.177041,lower_bridge
diamond,0.1500,1116.159545,653.093106,573.208768,lower_bridge
diamond,0.1525,1116.112230,643.670744,582.222810,lower_bridge
diamond,0.1550,1115.453440,633.582570,591.219164,lower_bridge
diamond,0.1575,1116.162355,624.940888,600.034826,band
diamond,0.1600,1127.670062,627.805981,607.898590,band
diamond,0.1625,1139.207022,630.679732,615.701959,band
diamond,0.1650,1150.774512,633.562943,623.445427,band
diamond,0.1675,1162.373805,636.456421,631.129487,band
diamond,0.1700,1174.006176,639.360968,638.754632,band
diamond,0.1725,1185.672903,642.277390,646.321358,band
diamond,0.1750,1197.375258,645.206489,653.830156,band
diamond,0.1775,1209.114518,648.149072,661.281521,band
diamond,0.1800,1220.891957,651.105941,668.675947,band
diamond,0.1825,1232.708851,654.077902,676.013927,band
diamond,0.1850,1244.566475,657.065757,683.295955,band
diamond,0.1875,1256.466104,660.070313,690.522524,band
diamond,0.1900,1268.409013,663.092372,697.694129,band
diamond,0.1925,1280.396478,666.132739,704.811262,band
diamond,0.1950,1292.429773,669.192218,711.874418,band
diamond,0.1975,1304.510174,672.271614,718.884090,band
diamond,0.2000,1316.638956,675.371731,725.840772,band
diamond,0.2025,1328.817394,678.493373,732.744958,band
diamond,0.2050,1341.046763,681.637344,739.597141,band
diamond,0.2075,1353.328338,684.804449,746.397815,band
diamond,0.2100,1365.663395,687.995491,753.147473,band
diamond,0.2125,1378.053208,691.211275,759.846609,band
diamond,0.2150,1390.499054,694.452606,766.495718,band
diamond,0.2175,1403.002206,697.720287,773.095292,band
diamond,0.2200,1415.563940,701.015123,779.645825,band
diamond,0.2225,1428.185532,704.337918,786.147811,band
diamond,0.2250,1440.868256,707.689476,792.601743,band
diamond,0.2275,1453.613388,711.070601,799.008116,band
diamond,0.2300,1466.422202,714.482098,805.367423,band
diamond,0.2325,1479.295975,717.924772,811.680157,band
diamond,0.2350,1492.235980,721.399425,817.946813,band
diamond,0.2375,1505.243494,724.906863,824.167883,band
diamond,0.2400,1518.319791,728.447889,830.343862,band
diamond,0.2425,1531.466147,732.023308,836.475243,band
diamond,0.2450,1544.683837,735.633925,842.562521,band
diamond,0.2475,1557.974135,739.280543,848.606187,band
diamond,0.2500,1571.338318,742.963966,854.606738,band
diamond,0.2525,1584.777659,746.684999,860.564664,band
diamond,0.2550,1598.293435,750.444447,866.480462,band
diamond,0.2575,1611.886921,754.243113,872.354624,band
diamond,0.2600,1625.559391,758.081801,878.187644,band
diamond,0.2625,1639.312121,761.961317,883.980015,band
diamond,0.2650,1653.146386,765.882463,889.732232,band
diamond,0.2675,1667.063461,769.846045,895.444787,band
diamond,0.2700,1681.064622,773.852866,901.118175,band
diamond,0.2725,1695.151143,777.903731,906.752890,band
diamond,0.2750,1709.324299,781.999445,912.349424,band
diamond,0.2775,1723.585367,786.140810,917.908272,band
diamond,0.2800,1737.935620,790.328632,923.429927,band
diamond,0.2825,1752.376335,794.563715,928.914884,band
diamond,0.2850,1766.908786,798.846863,934.363634,band
diamond,0.2875,1781.534248,803.178880,939.776673,band
diamond,0.2900,1796.253997,807.560571,945.154495,band
diamond,0.2925,1811.069307,811.992739,950.497591,band
diamond,0.2950,1825.981455,816.476190,955.806457,band
diamond,0.2975,1840.991714,821.011726,961.081586,band
diamond,0.3000,1856.101361,825.600153,966.323472,band
diamond,0.3025,1871.311670,830.242275,971.532608,band
diamond,0.3050,1886.623917,834.938896,976.709488,band
diamond,0.3075,1902.039376,839.690820,981.854605,band
diamond,0.3100,1917.559323,844.498852,986.968454,band
diamond,0.3125,1933.185034,849.363795,992.051528,band
diamond,0.3150,1948.917782,854.286454,997.104320,band
diamond,0.3175,1964.758844,859.267634,1002.127325,band
diamond,0.3200,1980.709494,864.308138,1007.121036,band
diamond,0.3225,1996.771008,869.408770,1012.085946,band
diamond,0.3250,2012.944661,874.570335,1017.022550,band
diamond,0.3275,2029.231728,879.793638,1021.931340,band
diamond,0.3300,2045.633484,885.079482,1026.812812,band
diamond,0.3325,2062.151204,890.428672,1031.667458,band
diamond,0.3350,2078.786164,895.842011,1036.495771,band
diamond,0.3375,2095.539638,901.320305,1041.298247,band
diamond,0.3400,2112.412902,906.864357,1046.075377,band
diamond,0.3425,2129.407231,912.474971,1050.827657,band
diamond,0.3450,2146.523900,918.152953,1055.555579,band
diamond,0.3475,2163.764185,923.899105,1060.259638,band
diamond,0.3500,2181.129360,929.714233,1064.940327,band
diamond,0.3525,2198.620700,935.599140,1069.598139,band
diamond,0.3550,2216.239481,941.554632,1074.233569,band
diamond,0.3575,2233.986978,947.581511,1078.847110,band
diamond,0.3600,2251.864466,953.680583,1083.439255,band
diamond,0.3625,2269.873220,959.852651,1088.010499,band
diamond,0.3650,2288.014516,966.098520,1092.561335,band
diamond,0.3675,2306.289628,972.418994,1097.092257,band
diamond,0.3700,2324.699832,978.814877,1101.603757,band
diamond,0.3725,2343.246403,985.286974,1106.096331,band
diamond,0.3750,2361.930615,991.836089,1110.570472,band
diamond,0.3775,2380.753745,998.463025,1115.026673,band
diamond,0.3800,2399.717067,1005.168588,1119.465428,band
diamond,0.3825,2418.821857,1011.953581,1123.887231,band
diamond,0.3850,2438.069389,1018.818809,1128.292575,band
diamond,0.3875,2457.460939,1025.765077,1132.681954,band
diamond,0.3900,2476.997782,1032.793187,1137.055862,band
diamond,0.3925,2496.681194,1039.903944,1141.414792,band
diamond,0.3950,2516.512448,1047.098154,1145.759239,band
diamond,0.3975,2536.492821,1054.376619,1150.089695,band
diamond,0.4000,2556.623587,1061.740145,1154.406654,band
diamond,0.4025,2576.906023,1069.189535,1158.710611,band
diamond,0.4050,2597.341402,1076.725593,1163.002058,band
diamond,0.4075,2617.931000,1084.349125,1167.281490,band
diamond,0.4100,2638.676092,1092.060934,1171.549399,band
diamond,0.4125,2659.577954,1099.861824,1175.806281,band
diamond,0.4150,2680.637861,1107.752600,1180.052628,band
diamond,0.4175,2701.857087,1115.734065,1184.288934,band
diamond,0.4200,2723.236908,1123.807025,1188.515692,band
diamond,0.4225,2744.778599,1131.972283,1192.733397,band
diamond,0.4250,2766.483435,1140.230644,1196.942543,band
diamond,0.4275,2788.352692,1148.582912,1201.143621,band
diamond,0.4300,2810.387644,1157.029890,1205.337128,band
diamond,0.4325,2832.589566,1165.572384,1209.523555,band
diamond,0.4350,2854.959735,1174.211198,1213.703397,band
diamond,0.4375,2877.499424,1182.947136,1217.877148,band
diamond,0.4400,2900.209910,1191.781001,1222.045301,band
diamond,0.4425,2923.092467,1200.713599,1226.208349,band
diamond,0.4450,2946.148371,1209.745733,1230.366787,band
diamond,0.4475,2969.378896,1218.878209,1234.521108,band
diamond,0.4500,2992.785318,1228.111829,1238.671806,band
diamond,0.4525,3016.368911,1237.447398,1242.819374,band
diamond,0.4550,3040.130952,1246.885721,1246.964306,band
diamond,0.4575,3064.072715,1256.427602,1251.107096,band
diamond,0.4600,3088.195476,1266.073845,1255.248238,band
diamond,0.4625,3112.500509,1275.825254,1259.388224,band
diamond,0.4650,3136.989090,1285.682634,1263.527550,band
diamond,0.4675,3161.662494,1295.646788,1267.666708,band
diamond,0.4700,3186.521996,1305.718521,1271.806192,band
diamond,0.4725,3211.568871,1315.898638,1275.946496,band
diamond,0.4750,3236.804394,1326.187942,1280.088113,band
diamond,0.4775,3262.229841,1336.587237,1284.231537,band
diamond,0.4800,3287.846487,1347.097329,1288.377262,band
diamond,0.4825,3313.655606,1357.719021,1292.525782,band
diamond,0.4850,3339.658475,1368.453117,1296.677590,band
diamond,0.4875,3365.856367,1379.300422,1300.833179,band
diamond,0.4900,3392.250559,1390.261740,1304.993044,band
diamond,0.4925,3418.842326,1401.337875,1309.157679,band
diamond,0.4950,3445.632942,1412.529631,1313.327576,band
diamond,0.4975,3472.623683,1423.837813,1317.503229,band
diamond,0.5000,3499.815824,1435.263225,1321.685133,band
diamond,0.5025,3527.210640,1446.806671,1325.873780,band
diamond,0.5050,3554.809406,1458.468955,1330.069665,band
diamond,0.5075,3582.613398,1470.250882,1334.273281,band
diamond,0.5100,3610.623890,1482.153256,1338.485122,band
diamond,0.5125,3638.842158,1494.176881,1342.705681,band
diamond,0.5150,3667.269477,1506.322562,1346.935453,band
diamond,0.5175,3695.907123,1518.591102,1351.174930,band
diamond,0.5200,3724.756369,1530.983305,1355.424607,band
diamond,0.5225,3753.818492,1543.499977,1359.684977,band
diamond,0.5250,3783.094766,1556.141921,1363.956534,band
diamond,0.5275,3812.586467,1568.909942,1368.239772,band
diamond,0.5300,3842.294870,1581.804843,1372.535183,band
diamond,0.5325,3872.221250,1594.827430,1376.843263,band
diamond,0.5350,3902.366882,1607.978506,1381.164504,band
diamond,0.5375,3932.733042,1621.258875,1385.499400,band
diamond,0.5400,3963.321004,1634.669342,1389.848445,band
diamond,0.5425,3994.132043,1648.210711,1394.212132,band
diamond,0.5450,4025.167436,1661.883787,1398.590956,band
diamond,0.5475,4056.428456,1675.689372,1402.985410,band
diamond,0.5500,4087.916380,1689.628273,1407.395987,band
diamond,0.5525,4119.632482,1703.701293,1411.823181,band
diamond,0.5550,4151.578037,1717.909235,1416.267486,band
diamond,0.5575,4183.754321,1732.252906,1420.729396,band
diamond,0.5600,4216.162609,1746.733108,1425.209404,band
diamond,0.5625,4248.804176,1761.350646,1429.708004,band
diamond,0.5650,4281.680297,1776.106324,1434.225689,band
diamond,0.5675,4314.792247,1791.000946,1438.762953,band
diamond,0.5700,4348.141301,1806.035317,1443.320291,band
diamond,0.5725,4381.728736,1821.210242,1447.898195,band
diamond,0.5750,4415.555824,1836.526523,1452.497159,band
diamond,0.5775,4449.623843,1851.984966,1457.117677,band
diamond,0.5800,4483.934067,1867.586374,1461.760243,band
diamond,0.5825,4518.487771,1883.331552,1466.425349,band
diamond,0.5850,4553.286231,1899.221305,1471.113491,band
diamond,0.5875,4588.330720,1915.256435,1475.825161,band
diamond,0.5900,4623.622516,1931.437749,1480.560854,band
diamond,0.5925,4664.345103,1951.641913,1485.501552,upper_bridge
diamond,0.5950,4726.425565,1987.804312,1491.192603,upper_bridge
diamond,0.5975,4788.506026,2023.966711,1496.883654,upper_bridge
diamond,0.6000,4850.586488,2060.129110,1502.574705,upper_bridge
diamond,0.6025,4912.666950,2096.291509,1508.265756,upper_bridge
diamond,0.6050,4974.747411,2132.453907,1513.956807,upper_bridge
diamond,0.6075,5036.827873,2168.616306,1519.647858,upper_bridge
diamond,0.6100,5098.908335,2204.778705,1525.338909,upper_bridge
diamond,0.6125,5160.988797,2240.941104,1531.029960,upper_bridge
diamond,0.6150,5223.069258,2277.103503,1536.721011,upper_bridge
diamond,0.6175,5285.149720,2313.265902,1542.412062,upper_bridge
diamond,0.6200,5347.230182,2349.428301,1548.103112,upper_bridge
diamond,0.6225,5409.310643,2385.590700,1553.794163,upper_bridge
diamond,0.6250,5471.391105,2421.753099,1559.485214,upper_bridge
diamond,0.6275,5533.471567,2457.915498,1565.176265,upper_bridge
diamond,0.6300,5595.552029,2494.077897,1570.867316,upper_bridge
diamond,0.6325,5657.632490,2530.240296,1576.558367,upper_bridge
diamond,0.6350,5719.712952,2566.402694,1582.249418,upper_bridge
diamond,0.6375,5781.793414,2602.565093,1587.940469,upper_bridge
diamond,0.6400,5843.873875,2638.727492,1593.631520,upper_bridge
diamond,0.6425,5905.954337,2674.889891,1599.322571,upper_bridge
diamond,0.6450,5968.034799,2711.052290,1605.013622,upper_bridge
diamond,0.6475,6030.115261,2747.214689,1610.704672,upper_bridge
diamond,0.6500,6092.195722,2783.377088,1616.395723,upper_bridge
diamond,0.6525,6154.276184,2819.539487,1622.086774,upper_bridge
diamond,0.6550,6216.356646,2855.701886,1627.777825,upper_bridge
diamond,0.6575,6278.437107,2891.864285,1633.468876,upper_bridge
diamond,0.6600,6340.517569,2928.026684,1639.159927,upper_bridge
diamond,0.6625,6402.598031,2964.189083,1644.850978,upper_bridge
diamond,0.6650,6464.678493,3000.351481,1650.542029,upper_bridge
diamond,0.6675,6526.758954,3036.513880,1656.233080,upper_bridge
diamond,0.6700,6588.839416,3072.676279,1661.924131,upper_bridge
diamond,0.6725,6650.919878,3108.838678,1667.615182,upper_bridge
diamond,0.6750,6713.000340,3145.001077,1673.306232,upper_bridge
diamond,0.6775,6775.080801,3181.163476,1678.997283,upper_bridge
diamond,0.6800,6837.161263,3217.325875,1684.688334,upper_bridge
diamond,0.6825,6899.241725,3253.488274,1690.379385,upper_bridge
diamond,0.6850,6961.322186,3289.650673,1696.070436,upper_bridge
diamond,0.6875,7023.402648,3325.813072,1701.761487,upper_bridge
diamond,0.6900,7085.483110,3361.975471,1707.452538,upper_bridge
diamond,0.6925,7147.563572,3398.137870,1713.143589,upper_bridge
diamond,0.6950,7209.644033,3434.300268,1718.834640,upper_bridge
diamond,0.6975,7271.724495,3470.462667,1724.525691,upper_bridge
diamond,0.7000,7333.804957,3506.625066,1730.216742,upper_bridge
diamond,0.7025,7395.885418,3542.787465,1735.907792,upper_bridge
diamond,0.7050,7457.965880,3578.949864,1741.598843,upper_bridge
diamond,0.7075,7520.046342,3615.112263,1747.289894,upper_bridge
diamond,0.7100,7582.126804,3651.274662,1752.980945,upper_bridge
diamond,0.7125,7644.207265,3687.437061,1758.671996,upper_bridge
diamond,0.7150,7706.287727,3723.599460,1764.363047,upper_bridge
diamond,0.7175,7768.368189,3759.761859,1770.054098,upper_bridge
diamond,0.7200,7830.448650,3795.924258,1775.745149,upper_bridge
diamond,0.7225,7892.529112,3832.086657,1781.436200,upper_bridge
diamond,0.7250,7954.609574,3868.249055,1787.127251,upper_bridge
diamond,0.7275,8016.690036,3904.411454,1792.818302,upper_bridge
diamond,0.7300,8078.770497,3940.573853,1798.509352,upper_bridge
diamond,0.7325,8140.850959,3976.736252,1804.200403,upper_bridge
diamond,0.7350,8202.931421,4012.898651,1809.891454,upper_bridge
diamond,0.7375,8265.011882,4049.061050,1815.582505,upper_bridge
diamond,0.7400,8327.092344,4085.223449,1821.273556,upper_bridge
diamond,0.7425,8389.172806,4121.385848,1826.964607,upper_bridge
diamond,0.7450,8451.253268,4157.548247,1832.655658,upper_bridge
diamond,0.7475,8513.333729,4193.710646,1838.346709,upper_bridge
diamond,0.7500,8575.414191,4229.873045,1844.037760,upper_bridge
diamond,0.7525,8637.494653,4266.035444,1849.728811,upper_bridge
diamond,0.7550,8699.575114,4302.197842,1855.419862,upper_bridge
diamond,0.7575,8761.655576,4338.360241,1861.110912,upper_bridge
diamond,0.7600,8823.736038,4374.522640,1866.801963,upper_bridge
diamond,0.7625,8885.816500,4410.685039,1872.493014,upper_bridge
diamond,0.7650,8947.896961,4446.847438,1878.184065,upper_bridge
diamond,0.7675,9009.977423,4483.009837,1883.875116,upper_bridge
diamond,0.7700,9072.057885,4519.172236,1889.566167,upper_bridge
diamond,0.7725,9134.138347,4555.334635,1895.257218,upper_bridge
diamond,0.7750,9196.218808,4591.497034,1900.948269,upper_bridge
diamond,0.7775,9258.299270,4627.659433,1906.639320,upper_bridge
diamond,0.7800,9320.379732,4663.821832,1912.330371,upper_bridge
diamond,0.7825,9382.460193,4699.984231,1918.021422,upper_bridge
diamond,0.7850,9444.540655,4736.146629,1923.712472,upper_bridge
diamond,0.7875,9506.621117,4772.309028,1929.403523,upper_bridge
diamond,0.7900,9568.701579,4808.471427,1935.094574,upper_bridge
diamond,0.7925,9630.782040,4844.633826,1940.785625,upper_bridge
diamond,0.7950,9692.862502,4880.796225,1946.476676,upper_bridge
diamond,0.7975,9754.942964,4916.958624,1952.167727,upper_bridge
diamond,0.8000,9817.023425,4953.121023,1957.858778,upper_bridge
diamond,0.8025,9879.103887,4989.283422,1963.549829,upper_bridge
diamond,0.8050,9941.184349,5025.445821,1969.240880,upper_bridge
diamond,0.8075,10003.264811,5061.608220,1974.931931,upper_bridge
diamond,0.8100,10065.345272,5097.770619,1980.622982,upper_bridge
diamond,0.8125,10127.425734,5133.933018,1986.314032,upper_bridge
diamond,0.8150,10189.506196,5170.095416,1992.005083,upper_bridge
diamond,0.8175,10251.586657,5206.257815,1997.696134,upper_bridge
diamond,0.8200,10313.667119,5242.420214,2003.387185,upper_bridge
diamond,0.8225,10375.747581,5278.582613,2009.078236,upper_bridge
diamond,0.8250,10437.828043,5314.745012,2014.769287,upper_bridge
diamond,0.8275,10499.908504,5350.907411,2020.460338,upper_bridge
diamond,0.8300,10561.988966,5387.069810,2026.151389,upper_bridge
diamond,0.8325,10624.069428,5423.232209,2031.842440,upper_bridge
diamond,0.8350,10686.149889,5459.394608,2037.533491,upper_bridge
diamond,0.8375,10748.230351,5495.557007,2043.224542,upper_bridge
diamond,0.8400,10810.310813,5531.719406,2048.915592,upper_bridge
diamond,0.8425,10872.391275,5567.881805,2054.606643,upper_bridge
diamond,0.8450,10934.471736,5604.044203,2060.297694,upper_bridge
diamond,0.8475,10996.552198,5640.206602,2065.988745,upper_bridge
diamond,0.8500,11058.632660,5676.369001,2071.679796,upper_bridge
diamond,0.8525,11120.713122,5712.531400,2077.370847,upper_bridge
diamond,0.8550,11182.793583,5748.693799,2083.061898,upper_bridge
diamond,0.8575,11244.874045,5784.856198,2088.752949,upper_bridge
diamond,0.8600,11306.954507,5821.018597,2094.444000,upper_bridge
diamond,0.8625,11369.034968,5857.180996,2100.135051,upper_bridge
diamond,0.8650,11431.115430,5893.343395,2105.826102,upper_bridge
diamond,0.8675,11493.195892,5929.505794,2111.517152,upper_bridge
diamond,0.8700,11555.276354,5965.668193,2117.208203,upper_bridge
diamond,0.8725,11617.356815,6001.830592,2122.899254,upper_bridge
diamond,0.8750,11679.437277,6037.992990,2128.590305,upper_bridge
diamond,0.8775,11741.517739,6074.155389,2134.281356,upper_bridge
diamond,0.8800,11803.598200,6110.317788,2139.972407,upper_bridge
diamond,0.8825,11865.678662,6146.480187,2145.663458,upper_bridge
diamond,0.8850,11927.759124,6182.642586,2151.354509,upper_bridge
diamond,0.8875,11989.839586,6218.804985,2157.045560,upper_bridge
diamond,0.8900,12051.920047,6254.967384,2162.736611,upper_bridge
diamond,0.8925,12114.000509,6291.129783,2168.427662,upper_bridge
diamond,0.8950,12176.080971,6327.292182,2174.118713,upper_bridge
diamond,0.8975,12238.161432,6363.454581,2179.809763,upper_bridge
diamond,0.9000,12300.241894,6399.616980,2185.500814,upper_bridge
diamond,0.9025,12362.322356,6435.779379,2191.191865,upper_bridge
diamond,0.9050,12424.402818,6471.941777,2196.882916,upper_bridge
diamond,0.9075,12486.483279,6508.104176,2202.573967,upper_bridge
diamond,0.9100,12548.563741,6544.266575,2208.265018,upper_bridge
diamond,0.9125,12610.644203,6580.428974,2213.956069,upper_bridge
diamond,0.9150,12672.724664,6616.591373,2219.647120,upper_bridge
diamond,0.9175,12734.805126,6652.753772,2225.338171,upper_bridge
diamond,0.9200,12796.885588,6688.916171,2231.029222,upper_bridge
diamond,0.9225,12858.966050,6725.078570,2236.720273,upper_bridge
diamond,0.9250,12921.046511,6761.240969,2242.411323,upper_bridge
diamond,0.9275,12983.126973,6797.403368,2248.102374,upper_bridge
diamond,0.9300,13045.207435,6833.565767,2253.793425,upper_bridge
diamond,0.9325,13107.287897,6869.728166,2259.484476,upper_bridge
diamond,0.9350,13169.368358,6905.890564,2265.175527,upper_bridge
diamond,0.9375,13231.448820,6942.052963,2270.866578,upper_bridge
diamond,0.9400,13293.529282,6978.215362,2276.557629,upper_bridge
diamond,0.9425,13355.609743,7014.377761,2282.248680,upper_bridge
diamond,0.9450,13417.690205,7050.540160,2287.939731,upper_bridge
diamond,0.9475,13479.770667,7086.702559,2293.630782,upper_bridge
diamond,0.9500,13541.851129,7122.864958,2299.321833,upper_bridge
diamond,0.9525,13603.931590,7159.027357,2305.012883,upper_bridge
diamond,0.9550,13666.012052,7195.189756,2310.703934,upper_bridge
diamond,0.9575,13728.092514,7231.352155,2316.394985,upper_bridge
diamond,0.9600,13790.172975,7267.514554,2322.086036,upper_bridge
diamond,0.9625,13852.253437,7303.676953,2327.777087,upper_bridge
diamond,0.9650,13914.333899,7339.839351,2333.468138,upper_bridge
diamond,0.9675,13976.414361,7376.001750,2339.159189,upper_bridge
diamond,0.9700,14038.494822,7412.164149,2344.850240,upper_bridge
diamond,0.9725,14100.575284,7448.326548,2350.541291,upper_bridge
diamond,0.9750,14162.655746,7484.488947,2356.232342,upper_bridge
diamond,0.9775,14224.736207,7520.651346,2361.923393,upper_bridge
diamond,0.9800,14286.816669,7556.813745,2367.614443,upper_bridge
diamond,0.9825,14348.897131,7592.976144,2373.305494,upper_bridge
diamond,0.9850,14410.977593,7629.138543,2378.996545,upper_bridge
diamond,0.9875,14473.058054,7665.300942,2384.687596,upper_bridge
diamond,0.9900,14535.138516,7701.463341,2390.378647,upper_bridge
diamond,0.9925,14597.218978,7737.625740,2396.069698,upper_bridge
diamond,0.9950,14659.299439,7773.788138,2401.760749,upper_bridge
diamond,0.9975,14721.379901,7809.950537,2407.451800,upper_bridge
diamond,1.0000,14783.460363,7846.112936,2413.142851,upper_bridge
kelvin,0.0000,0.000000,0.000000,0.000000,lower_bridge
kelvin,0.0025,62.277087,48.805099,4.567294,lower_bridge
kelvin,0.0050,122.667271,95.656709,9.169068,lower_bridge
kelvin,0.0075,181.170552,140.554832,13.805321,lower_bridge
kelvin,0.0100,237.786931,183.499466,18.476054,lower_bridge
kelvin,0.0125,292.516407,224.490612,23.181267,lower_bridge
kelvin,0.0150,345.358981,263.528270,27.920960,lower_bridge
kelvin,0.0175,396.314652,300.612440,32.695132,lower_bridge
kelvin,0.0200,445.383420,335.743122,37.503784,lower_bridge
kelvin,0.0225,492.565286,368.920315,42.346915,lower_bridge
kelvin,0.0250,537.860250,400.144021,47.224526,lower_bridge
kelvin,0.0275,581.268311,429.414238,52.136617,lower_bridge
kelvin,0.0300,622.789469,456.730967,57.083187,lower_bridge
kelvin,0.0325,662.423725,482.094208,62.064238,lower_bridge
kelvin,0.0350,700.171078,505.503960,67.079767,lower_bridge
kelvin,0.0375,736.031528,526.960225,72.129777,lower_bridge
kelvin,0.0400,770.005076,546.463001,77.214266,lower_bridge
kelvin,0.0425,802.091722,564.012290,82.333235,lower_bridge
kelvin,0.0450,832.291464,579.608090,87.486683,lower_bridge
kelvin,0.0475,860.604305,593.250402,92.674611,lower_bridge
kelvin,0.0500,887.030242,604.939225,97.897019,lower_bridge
kelvin,0.0525,911.569277,614.674561,103.153907,lower_bridge
kelvin,0.0550,934.221410,622.456409,108.445274,lower_bridge
kelvin,0.0575,954.986640,628.284768,113.771121,lower_bridge
kelvin,0.0600,973.864967,632.159639,119.131447,lower_bridge
kelvin,0.0625,990.856392,634.081022,124.526253,lower_bridge
kelvin,0.0650,1005.960914,634.048917,129.955539,lower_bridge
kelvin,0.0675,1019.178534,632.063323,135.419305,lower_bridge
kelvin,0.0700,1030.509251,628.124242,140.917550,lower_bridge
kelvin,0.0725,1039.953066,622.231672,146.450275,lower_bridge
kelvin,0.0750,1047.509978,614.385614,152.017479,lower_bridge
kelvin,0.0775,1053.179987,604.586069,157.619164,lower_bridge
kelvin,0.0800,1056.963094,592.833034,163.255328,lower_bridge
kelvin,0.0825,1058.859298,579.126512,168.925971,lower_bridge
kelvin,0.0850,1058.868600,563.466502,174.631094,lower_bridge
kelvin,0.0875,1056.990999,545.853003,180.370697,lower_bridge
kelvin,0.0900,1053.226495,526.286016,186.144780,lower_bridge
kelvin,0.0925,1047.575089,504.765541,191.953342,lower_bridge
kelvin,0.0950,1052.989875,493.574154,197.669048,band
kelvin,0.0975,1070.977646,494.169349,203.277633,band
kelvin,0.1000,1089.085648,494.755790,208.901761,band
kelvin,0.1025,1107.311565,495.335168,214.541528,band
kelvin,0.1050,1125.653085,495.909172,220.197031,band
kelvin,0.1075,1144.107895,496.479491,225.868368,band
kelvin,0.1100,1162.673680,497.047815,231.555634,band
kelvin,0.1125,1181.348128,497.615832,237.258928,band
kelvin,0.1150,1200.128924,498.185233,242.978346,band
kelvin,0.1175,1219.013756,498.757707,248.713985,band
kelvin,0.1200,1238.000311,499.334943,254.465942,band
kelvin,0.1225,1257.086274,499.918631,260.234315,band
kelvin,0.1250,1276.269332,500.510461,266.019200,band
kelvin,0.1275,1295.547173,501.112121,271.820694,band
kelvin,0.1300,1314.917481,501.725301,277.638894,band
kelvin,0.1325,1334.377945,502.351690,283.473898,band
kelvin,0.1350,1353.926250,502.992979,289.325801,band
kelvin,0.1375,1373.560083,503.650855,295.194702,band
kelvin,0.1400,1393.277131,504.327010,301.080698,band
kelvin,0.1425,1413.075081,505.023132,306.983884,band
kelvin,0.1450,1432.951618,505.740911,312.904359,band
kelvin,0.1475,1452.904429,506.482035,318.842219,band
kelvin,0.1500,1472.931202,507.248196,324.797562,band
kelvin,0.1525,1493.029622,508.041081,330.770483,band
kelvin,0.1550,1513.197376,508.862381,336.761081,band
kelvin,0.1575,1533.432151,509.713784,342.769453,band
kelvin,0.1600,1553.731633,510.596981,348.795694,band
kelvin,0.1625,1574.093509,511.513661,354.839903,band
kelvin,0.1650,1594.515465,512.465513,360.902176,band
kelvin,0.1675,1614.995188,513.454226,366.982611,band
kelvin,0.1700,1635.530365,514.481490,373.081304,band
kelvin,0.1725,1656.118682,515.548995,379.198352,band
kelvin,0.1750,1676.757826,516.658430,385.333852,band
kelvin,0.1775,1697.445483,517.811484,391.487902,band
kelvin,0.1800,1718.179340,519.009847,397.660599,band
kelvin,0.1825,1738.957083,520.255209,403.852038,band
kelvin,0.1850,1759.776399,521.549257,410.062318,band
kelvin,0.1875,1780.634974,522.893683,416.291535,band
kelvin,0.1900,1801.530496,524.290176,422.539787,band
kelvin,0.1925,1822.460650,525.740424,428.807170,band
kelvin,0.1950,1843.423124,527.246118,435.093782,band
kelvin,0.1975,1864.415603,528.808947,441.399719,band
kelvin,0.2000,1885.435775,530.430599,447.725078,band
kelvin,0.2025,1906.481326,532.112766,454.069956,band
kelvin,0.2050,1927.549942,533.857136,460.434452,band
kelvin,0.2075,1948.639311,535.665398,466.818660,band
kelvin,0.2100,1969.747118,537.539242,473.222679,band
kelvin,0.2125,1990.871050,539.480358,479.646605,band
kelvin,0.2150,2012.008794,541.490435,486.090536,band
kelvin,0.2175,2033.158036,543.571162,492.554568,band
kelvin,0.2200,2054.316464,545.724228,499.038799,band
kelvin,0.2225,2075.481763,547.951324,505.543325,band
kelvin,0.2250,2096.651620,550.254139,512.068243,band
kelvin,0.2275,2117.823721,552.634361,518.613652,band
kelvin,0.2300,2138.995754,555.093681,525.179646,band
kelvin,0.2325,2160.165405,557.633788,531.766324,band
kelvin,0.2350,2181.330360,560.256371,538.373782,band
kelvin,0.2375,2202.488306,562.963120,545.002118,band
kelvin,0.2400,2223.636929,565.755725,551.651429,band
kelvin,0.2425,2244.773917,568.635874,558.321811,band
kelvin,0.2450,2265.896955,571.605257,565.013361,band
kelvin,0.2475,2287.003730,574.665563,571.726177,band
kelvin,0.2500,2308.091930,577.818483,578.460355,band
kelvin,0.2525,2329.159239,581.065705,585.215993,band
kelvin,0.2550,2350.203346,584.408919,591.993188,band
kelvin,0.2575,2371.221936,587.849814,598.792036,band
kelvin,0.2600,2392.212696,591.390079,605.612634,band
kelvin,0.2625,2413.173312,595.031405,612.455080,band
kelvin,0.2650,2434.101472,598.775481,619.319471,band
kelvin,0.2675,2454.994862,602.623995,626.205903,band
kelvin,0.2700,2475.851168,606.578638,633.114474,band
kelvin,0.2725,2496.668077,610.641099,640.045280,band
kelvin,0.2750,2517.443275,614.813067,646.998419,band
kelvin,0.2775,2538.174450,619.096232,653.973987,band
kelvin,0.2800,2558.859287,623.492283,660.972082,band
kelvin,0.2825,2579.495473,628.002910,667.992801,band
kelvin,0.2850,2600.080695,632.629801,675.036240,band
kelvin,0.2875,2620.612639,637.374648,682.102497,band
kelvin,0.2900,2641.088993,642.239138,689.191668,band
kelvin,0.2925,2661.507442,647.224961,696.303851,band
kelvin,0.2950,2681.865672,652.333808,703.439143,band
kelvin,0.2975,2702.161372,657.567366,710.597640,band
kelvin,0.3000,2722.392226,662.927326,717.779440,band
kelvin,0.3025,2742.555923,668.415378,724.984639,band
kelvin,0.3050,2762.650148,674.033209,732.213335,band
kelvin,0.3075,2782.672587,679.782511,739.465625,band
kelvin,0.3100,2802.620928,685.664972,746.741605,band
kelvin,0.3125,2822.492857,691.682283,754.041373,band
kelvin,0.3150,2842.286061,697.836131,761.365026,band
kelvin,0.3175,2861.998226,704.128207,768.712661,band
kelvin,0.3200,2881.627039,710.560200,776.084374,band
kelvin,0.3225,2901.170186,717.133800,783.480262,band
kelvin,0.3250,2920.625354,723.850696,790.900424,band
kelvin,0.3275,2939.990229,730.712577,798.344955,band
kelvin,0.3300,2959.262498,737.721133,805.813953,band
kelvin,0.3325,2978.439848,744.878054,813.307514,band
kelvin,0.3350,2997.519966,752.185028,820.825736,band
kelvin,0.3375,3016.500537,759.643745,828.368716,band
kelvin,0.3400,3035.379248,767.255895,835.936551,band
kelvin,0.3425,3054.153786,775.023168,843.529337,band
kelvin,0.3450,3072.821837,782.947251,851.147172,band
kelvin,0.3475,3091.381089,791.029836,858.790153,band
kelvin,0.3500,3109.829227,799.272611,866.458377,band
kelvin,0.3525,3128.163939,807.677265,874.151940,band
kelvin,0.3550,3146.382910,816.245489,881.870940,band
kelvin,0.3575,3164.483827,824.978972,889.615474,band
kelvin,0.3600,3182.464377,833.879403,897.385638,band
kelvin,0.3625,3200.322247,842.948471,905.181531,band
kelvin,0.3650,3218.055123,852.187866,913.003248,band
kelvin,0.3675,3235.660691,861.599278,920.850887,band
kelvin,0.3700,3253.136638,871.184396,928.724544,band
kelvin,0.3725,3270.480652,880.944908,936.624318,band
kelvin,0.3750,3287.690417,890.882506,944.550304,band
kelvin,0.3775,3304.763621,900.998878,952.502600,band
kelvin,0.3800,3321.697951,911.295713,960.481303,band
kelvin,0.3825,3338.491093,921.774701,968.486510,band
kelvin,0.3850,3355.140733,932.437532,976.518317,band
kelvin,0.3875,3371.644559,943.285895,984.576823,band
kelvin,0.3900,3388.000256,954.321479,992.662123,band
kelvin,0.3925,3404.205511,965.545974,1000.774315,band
kelvin,0.3950,3420.258012,976.961069,1008.913496,band
kelvin,0.3975,3436.155444,988.568453,1017.079762,band
kelvin,0.4000,3451.895493,1000.369817,1025.273212,band
kelvin,0.4025,3467.475848,1012.366849,1033.493941,band
kelvin,0.4050,3482.894193,1024.561239,1041.742048,band
kelvin,0.4075,3498.148216,1036.954677,1050.017628,band
kelvin,0.4100,3513.235604,1049.548851,1058.320779,band
kelvin,0.4125,3528.154042,1062.345452,1066.651598,band
kelvin,0.4150,3542.901218,1075.346168,1075.010182,band
kelvin,0.4175,3557.474818,1088.552689,1083.396627,band
kelvin,0.4200,3571.872528,1101.966705,1091.811032,band
kelvin,0.4225,3586.092035,1115.589905,1100.253492,band
kelvin,0.4250,3600.131026,1129.423978,1108.724106,band
kelvin,0.4275,3613.987188,1143.470614,1117.222969,band
kelvin,0.4300,3627.658206,1157.731503,1125.750179,band
kelvin,0.4325,3641.141768,1172.208333,1134.305833,band
kelvin,0.4350,3654.435559,1186.902795,1142.890029,band
kelvin,0.4375,3667.537267,1201.816576,1151.502862,band
kelvin,0.4400,3680.444579,1216.951368,1160.144430,band
kelvin,0.4425,3693.155180,1232.308860,1168.814830,band
kelvin,0.4450,3705.666757,1247.890740,1177.514158,band
kelvin,0.4475,3717.976997,1263.698699,1186.242513,band
kelvin,0.4500,3730.083586,1279.734426,1194.999991,band
kelvin,0.4525,3741.984212,1295.999609,1203.786689,band
kelvin,0.4550,3753.676560,1312.495940,1212.602704,band
kelvin,0.4575,3765.158317,1329.225106,1221.448132,band
kelvin,0.4600,3776.427170,1346.188798,1230.323072,band
kelvin,0.4625,3787.480805,1363.388705,1239.227620,band
kelvin,0.4650,3798.316908,1380.826516,1248.161873,band
kelvin,0.4675,3808.933168,1398.503921,1257.125927,band
kelvin,0.4700,3819.327269,1416.422609,1266.119881,band
kelvin,0.4725,3829.496899,1434.584270,1275.143831,band
kelvin,0.4750,3839.439743,1452.990594,1284.197874,band
kelvin,0.4775,3849.153490,1471.643268,1293.282107,band
kelvin,0.4800,3858.635825,1490.543984,1302.396627,band
kelvin,0.4825,3867.884434,1509.694430,1311.541531,band
kelvin,0.4850,3876.897005,1529.096296,1320.716916,band
kelvin,0.4875,3885.671224,1548.751271,1329.922879,band
kelvin,0.4900,3894.204777,1568.661045,1339.159517,band
kelvin,0.4925,3902.495352,1588.827307,1348.426927,band
kelvin,0.4950,3910.540634,1609.251747,1357.725206,band
kelvin,0.4975,3918.338310,1629.936054,1367.054451,band
kelvin,0.5000,3925.886068,1650.881917,1376.414760,band
kelvin,0.5025,3933.181592,1672.091027,1385.806228,band
kelvin,0.5050,3940.222571,1693.565071,1395.228954,band
kelvin,0.5075,3979.691419,1720.432879,1401.834725,upper_bridge
kelvin,0.5100,4022.146734,1747.782085,1408.180615,upper_bridge
kelvin,0.5125,4064.602049,1775.131291,1414.526505,upper_bridge
kelvin,0.5150,4107.057364,1802.480498,1420.872396,upper_bridge
kelvin,0.5175,4149.512679,1829.829704,1427.218286,upper_bridge
kelvin,0.5200,4191.967994,1857.178910,1433.564177,upper_bridge
kelvin,0.5225,4234.423308,1884.528116,1439.910067,upper_bridge
kelvin,0.5250,4276.878623,1911.877322,1446.255958,upper_bridge
kelvin,0.5275,4319.333938,1939.226528,1452.601848,upper_bridge
kelvin,0.5300,4361.789253,1966.575734,1458.947739,upper_bridge
kelvin,0.5325,4404.244568,1993.924941,1465.293629,upper_bridge
kelvin,0.5350,4446.699883,2021.274147,1471.639520,upper_bridge
kelvin,0.5375,4489.155198,2048.623353,1477.985410,upper_bridge
kelvin,0.5400,4531.610512,2075.972559,1484.331301,upper_bridge
kelvin,0.5425,4574.065827,2103.321765,1490.677191,upper_bridge
kelvin,0.5450,4616.521142,2130.670971,1497.023081,upper_bridge
kelvin,0.5475,4658.976457,2158.020177,1503.368972,upper_bridge
kelvin,0.5500,4701.431772,2185.369384,1509.714862,upper_bridge
kelvin,0.5525,4743.887087,2212.718590,1516.060753,upper_bridge
kelvin,0.5550,4786.342402,2240.067796,1522.406643,upper_bridge
kelvin,0.5575,4828.797716,2267.417002,1528.752534,upper_bridge
kelvin,0.5600,4871.253031,2294.766208,1535.098424,upper_bridge
kelvin,0.5625,4913.708346,2322.115414,1541.444315,upper_bridge
kelvin,0.5650,4956.163661,2349.464620,1547.790205,upper_bridge
kelvin,0.5675,4998.618976,2376.813827,1554.136096,upper_bridge
kelvin,0.5700,5041.074291,2404.163033,1560.481986,upper_bridge
kelvin,0.5725,5083.529606,2431.512239,1566.827877,upper_bridge
kelvin,0.5750,5125.984920,2458.861445,1573.173767,upper_bridge
kelvin,0.5775,5168.440235,2486.210651,1579.519657,upper_bridge
kelvin,0.5800,5210.895550,2513.559857,1585.865548,upper_bridge
kelvin,0.5825,5253.350865,2540.909063,1592.211438,upper_bridge
kelvin,0.5850,5295.806180,2568.258270,1598.557329,upper_bridge
kelvin,0.5875,5338.261495,2595.607476,1604.903219,upper_bridge
kelvin,0.5900,5380.716810,2622.956682,1611.249110,upper_bridge
kelvin,0.5925,5423.172124,2650.305888,1617.595000,upper_bridge
kelvin,0.5950,5465.627439,2677.655094,1623.940891,upper_bridge
kelvin,0.5975,5508.082754,2705.004300,1630.286781,upper_bridge
kelvin,0.6000,5550.538069,2732.353506,1636.632672,upper_bridge
kelvin,0.6025,5592.993384,2759.702713,1642.978562,upper_bridge
kelvin,0.6050,5635.448699,2787.051919,1649.324453,upper_bridge
kelvin,0.6075,5677.904014,2814.401125,1655.670343,upper_bridge
kelvin,0.6100,5720.359328,2841.750331,1662.016233,upper_bridge
kelvin,0.6125,5762.814643,2869.099537,1668.362124,upper_bridge
kelvin,0.6150,5805.269958,2896.448743,1674.708014,upper_bridge
kelvin,0.6175,5847.725273,2923.797949,1681.053905,upper_bridge
kelvin,0.6200,5890.180588,2951.147155,1687.399795,upper_bridge
kelvin,0.6225,5932.635903,2978.496362,1693.745686,upper_bridge
kelvin,0.6250,5975.091218,3005.845568,1700.091576,upper_bridge
kelvin,0.6275,6017.546532,3033.194774,1706.437467,upper_bridge
kelvin,0.6300,6060.001847,3060.543980,1712.783357,upper_bridge
kelvin,0.6325,6102.457162,3087.893186,1719.129248,upper_bridge
kelvin,0.6350,6144.912477,3115.242392,1725.475138,upper_bridge
kelvin,0.6375,6187.367792,3142.591598,1731.821029,upper_bridge
kelvin,0.6400,6229.823107,3169.940805,1738.166919,upper_bridge
kelvin,0.6425,6272.278422,3197.290011,1744.512810,upper_bridge
kelvin,0.6450,6314.733736,3224.639217,1750.858700,upper_bridge
kelvin,0.6475,6357.189051,3251.988423,1757.204590,upper_bridge
kelvin,0.6500,6399.644366,3279.337629,1763.550481,upper_bridge
kelvin,0.6525,6442.099681,3306.686835,1769.896371,upper_bridge
kelvin,0.6550,6484.554996,3334.036041,1776.242262,upper_bridge
kelvin,0.6575,6527.010311,3361.385248,1782.588152,upper_bridge
kelvin,0.6600,6569.465626,3388.734454,1788.934043,upper_bridge
kelvin,0.6625,6611.920941,3416.083660,1795.279933,upper_bridge
kelvin,0.6650,6654.376255,3443.432866,1801.625824,upper_bridge
kelvin,0.6675,6696.831570,3470.782072,1807.971714,upper_bridge
kelvin,0.6700,6739.286885,3498.131278,1814.317605,upper_bridge
kelvin,0.6725,6781.742200,3525.480484,1820.663495,upper_bridge
kelvin,0.6750,6824.197515,3552.829691,1827.009386,upper_bridge
kelvin,0.6775,6866.652830,3580.178897,1833.355276,upper_bridge
kelvin,0.6800,6909.108145,3607.528103,1839.701166,upper_bridge
kelvin,0.6825,6951.563459,3634.877309,1846.047057,upper_bridge
kelvin,0.6850,6994.018774,3662.226515,1852.392947,upper_bridge
kelvin,0.6875,7036.474089,3689.575721,1858.738838,upper_bridge
kelvin,0.6900,7078.929404,3716.924927,1865.084728,upper_bridge
kelvin,0.6925,7121.384719,3744.274134,1871.430619,upper_bridge
kelvin,0.6950,7163.840034,3771.623340,1877.776509,upper_bridge
kelvin,0.6975,7206.295349,3798.972546,1884.122400,upper_bridge
kelvin,0.7000,7248.750663,3826.321752,1890.468290,upper_bridge
kelvin,0.7025,7291.205978,3853.670958,1896.814181,upper_bridge
kelvin,0.7050,7333.661293,3881.020164,1903.160071,upper_bridge
kelvin,0.7075,7376.116608,3908.369370,1909.505962,upper_bridge
kelvin,0.7100,7418.571923,3935.718577,1915.851852,upper_bridge
kelvin,0.7125,7461.027238,3963.067783,1922.197742,upper_bridge
kelvin,0.7150,7503.482553,3990.416989,1928.543633,upper_bridge
kelvin,0.7175,7545.937867,4017.766195,1934.889523,upper_bridge
kelvin,0.7200,7588.393182,4045.115401,1941.235414,upper_bridge
kelvin,0.7225,7630.848497,4072.464607,1947.581304,upper_bridge
kelvin,0.7250,7673.303812,4099.813813,1953.927195,upper_bridge
kelvin,0.7275,7715.759127,4127.163020,1960.273085,upper_bridge
kelvin,0.7300,7758.214442,4154.512226,1966.618976,upper_bridge
kelvin,0.7325,7800.669757,4181.861432,1972.964866,upper_bridge
kelvin,0.7350,7843.125071,4209.210638,1979.310757,upper_bridge
kelvin,0.7375,7885.580386,4236.559844,1985.656647,upper_bridge
kelvin,0.7400,7928.035701,4263.909050,1992.002538,upper_bridge
kelvin,0.7425,7970.491016,4291.258256,1998.348428,upper_bridge
kelvin,0.7450,8012.946331,4318.607462,2004.694318,upper_bridge
kelvin,0.7475,8055.401646,4345.956669,2011.040209,upper_bridge
kelvin,0.7500,8097.856961,4373.305875,2017.386099,upper_bridge
kelvin,0.7525,8140.312275,4400.655081,2023.731990,upper_bridge
kelvin,0.7550,8182.767590,4428.004287,2030.077880,upper_bridge
kelvin,0.7575,8225.222905,4455.353493,2036.423771,upper_bridge
kelvin,0.7600,8267.678220,4482.702699,2042.769661,upper_bridge
kelvin,0.7625,8310.133535,4510.051905,2049.115552,upper_bridge
kelvin,0.7650,8352.588850,4537.401112,2055.461442,upper_bridge
kelvin,0.7675,8395.044165,4564.750318,2061.807333,upper_bridge
kelvin,0.7700,8437.499479,4592.099524,2068.153223,upper_bridge
kelvin,0.7725,8479.954794,4619.448730,2074.499114,upper_bridge
kelvin,0.7750,8522.410109,4646.797936,2080.845004,upper_bridge
kelvin,0.7775,8564.865424,4674.147142,2087.190894,upper_bridge
kelvin,0.7800,8607.320739,4701.496348,2093.536785,upper_bridge
kelvin,0.7825,8649.776054,4728.845555,2099.882675,upper_bridge
kelvin,0.7850,8692.231369,4756.194761,2106.228566,upper_bridge
kelvin,0.7875,8734.686683,4783.543967,2112.574456,upper_bridge
kelvin,0.7900,8777.141998,4810.893173,2118.920347,upper_bridge
kelvin,0.7925,8819.597313,4838.242379,2125.266237,upper_bridge
kelvin,0.7950,8862.052628,4865.591585,2131.612128,upper_bridge
kelvin,0.7975,8904.507943,4892.940791,2137.958018,upper_bridge
kelvin,0.8000,8946.963258,4920.289998,2144.303909,upper_bridge
kelvin,0.8025,8989.418573,4947.639204,2150.649799,upper_bridge
kelvin,0.8050,9031.873887,4974.988410,2156.995690,upper_bridge
kelvin,0.8075,9074.329202,5002.337616,2163.341580,upper_bridge
kelvin,0.8100,9116.784517,5029.686822,2169.687470,upper_bridge
kelvin,0.8125,9159.239832,5057.036028,2176.033361,upper_bridge
kelvin,0.8150,9201.695147,5084.385234,2182.379251,upper_bridge
kelvin,0.8175,9244.150462,5111.734441,2188.725142,upper_bridge
kelvin,0.8200,9286.605777,5139.083647,2195.071032,upper_bridge
kelvin,0.8225,9329.061091,5166.432853,2201.416923,upper_bridge
kelvin,0.8250,9371.516406,5193.782059,2207.762813,upper_bridge
kelvin,0.8275,9413.971721,5221.131265,2214.108704,upper_bridge
kelvin,0.8300,9456.427036,5248.480471,2220.454594,upper_bridge
kelvin,0.8325,9498.882351,5275.829677,2226.800485,upper_bridge
kelvin,0.8350,9541.337666,5303.178884,2233.146375,upper_bridge
kelvin,0.8375,9583.792981,5330.528090,2239.492266,upper_bridge
kelvin,0.8400,9626.248295,5357.877296,2245.838156,upper_bridge
kelvin,0.8425,9668.703610,5385.226502,2252.184046,upper_bridge
kelvin,0.8450,9711.158925,5412.575708,2258.529937,upper_bridge
kelvin,0.8475,9753.614240,5439.924914,2264.875827,upper_bridge
kelvin,0.8500,9796.069555,5467.274120,2271.221718,upper_bridge
kelvin,0.8525,9838.524870,5494.623327,2277.567608,upper_bridge
kelvin,0.8550,9880.980185,5521.972533,2283.913499,upper_bridge
kelvin,0.8575,9923.435499,5549.321739,2290.259389,upper_bridge
kelvin,0.8600,9965.890814,5576.670945,2296.605280,upper_bridge
kelvin,0.8625,10008.346129,5604.020151,2302.951170,upper_bridge
kelvin,0.8650,10050.801444,5631.369357,2309.297061,upper_bridge
kelvin,0.8675,10093.256759,5658.718563,2315.642951,upper_bridge
kelvin,0.8700,10135.712074,5686.067769,2321.988842,upper_bridge
kelvin,0.8725,10178.167389,5713.416976,2328.334732,upper_bridge
kelvin,0.8750,10220.622703,5740.766182,2334.680623,upper_bridge
kelvin,0.8775,10263.078018,5768.115388,2341.026513,upper_bridge
kelvin,0.8800,10305.533333,5795.464594,2347.372403,upper_bridge
kelvin,0.8825,10347.988648,5822.813800,2353.718294,upper_bridge
kelvin,0.8850,10390.443963,5850.163006,2360.064184,upper_bridge
kelvin,0.8875,10432.899278,5877.512212,2366.410075,upper_bridge
kelvin,0.8900,10475.354593,5904.861419,2372.755965,upper_bridge
kelvin,0.8925,10517.809907,5932.210625,2379.101856,upper_bridge
kelvin,0.8950,10560.265222,5959.559831,2385.447746,upper_bridge
kelvin,0.8975,10602.720537,5986.909037,2391.793637,upper_bridge
kelvin,0.9000,10645.175852,6014.258243,2398.139527,upper_bridge
kelvin,0.9025,10687.631167,6041.607449,2404.485418,upper_bridge
kelvin,0.9050,10730.086482,6068.956655,2410.831308,upper_bridge
kelvin,0.9075,10772.541797,6096.305862,2417.177199,upper_bridge
kelvin,0.9100,10814.997111,6123.655068,2423.523089,upper_bridge
kelvin,0.9125,10857.452426,6151.004274,2429.868979,upper_bridge
kelvin,0.9150,10899.907741,6178.353480,2436.214870,upper_bridge
kelvin,0.9175,10942.363056,6205.702686,2442.560760,upper_bridge
kelvin,0.9200,10984.818371,6233.051892,2448.906651,upper_bridge
kelvin,0.9225,11027.273686,6260.401098,2455.252541,upper_bridge
kelvin,0.9250,11069.729001,6287.750305,2461.598432,upper_bridge
kelvin,0.9275,11112.184315,6315.099511,2467.944322,upper_bridge
kelvin,0.9300,11154.639630,6342.448717,2474.290213,upper_bridge
kelvin,0.9325,11197.094945,6369.797923,2480.636103,upper_bridge
kelvin,0.9350,11239.550260,6397.147129,2486.981994,upper_bridge
kelvin,0.9375,11282.005575,6424.496335,2493.327884,upper_bridge
kelvin,0.9400,11324.460890,6451.845541,2499.673775,upper_bridge
kelvin,0.9425,11366.916205,6479.194748,2506.019665,upper_bridge
kelvin,0.9450,11409.371519,6506.543954,2512.365555,upper_bridge
kelvin,0.9475,11451.826834,6533.893160,2518.711446,upper_bridge
kelvin,0.9500,11494.282149,6561.242366,2525.057336,upper_bridge
kelvin,0.9525,11536.737464,6588.591572,2531.403227,upper_bridge
kelvin,0.9550,11579.192779,6615.940778,2537.749117,upper_bridge
kelvin,0.9575,11621.648094,6643.289984,2544.095008,upper_bridge
kelvin,0.9600,11664.103409,6670.639191,2550.440898,upper_bridge
kelvin,0.9625,11706.558723,6697.988397,2556.786789,upper_bridge
kelvin,0.9650,11749.014038,6725.337603,2563.132679,upper_bridge
kelvin,0.9675,11791.469353,6752.686809,2569.478570,upper_bridge
kelvin,0.9700,11833.924668,6780.036015,2575.824460,upper_bridge
kelvin,0.9725,11876.379983,6807.385221,2582.170351,upper_bridge
kelvin,0.9750,11918.835298,6834.734427,2588.516241,upper_bridge
kelvin,0.9775,11961.290613,6862.083634,2594.862131,upper_bridge
kelvin,0.9800,12003.745928,6889.432840,2601.208022,upper_bridge
kelvin,0.9825,12046.201242,6916.782046,2607.553912,upper_bridge
kelvin,0.9850,12088.656557,6944.131252,2613.899803,upper_bridge
kelvin,0.9875,12131.111872,6971.480458,2620.245693,upper_bridge
kelvin,0.9900,12173.567187,6998.829664,2626.591584,upper_bridge
kelvin,0.9925,12216.022502,7026.178870,2632.937474,upper_bridge
kelvin,0.9950,12258.477817,7053.528076,2639.283365,upper_bridge
kelvin,0.9975,12300.933132,7080.877283,2645.629255,upper_bridge
kelvin,1.0000,12343.388446,7108.226489,2651.975146,upper_bridge
rhombic,0.0000,0.000000,0.000000,0.000000,lower_bridge
rhombic,0.0025,34.482898,31.189017,5.772468,lower_bridge
rhombic,0.0050,68.435895,61.745477,11.592698,lower_bridge
rhombic,0.0075,101.858991,91.669380,17.460692,lower_bridge
rhombic,0.0100,134.752186,120.960727,23.376448,lower_bridge
rhombic,0.0125,167.115481,149.619517,29.339968,lower_bridge
rhombic,0.0150,198.948875,177.645751,35.351250,lower_bridge
rhombic,0.0175,230.252368,205.039428,41.410296,lower_bridge
rhombic,0.0200,261.025960,231.800549,47.517104,lower_bridge
rhombic,0.0225,291.269651,257.929113,53.671676,lower_bridge
rhombic,0.0250,320.983442,283.425120,59.874010,lower_bridge
rhombic,0.0275,350.167332,308.288571,66.124108,lower_bridge
rhombic,0.0300,378.821321,332.519465,72.421968,lower_bridge
rhombic,0.0325,406.945409,356.117803,78.767592,lower_bridge
rhombic,0.0350,434.539597,379.083584,85.160979,lower_bridge
rhombic,0.0375,461.603883,401.416808,91.602128,lower_bridge
rhombic,0.0400,488.138269,423.117476,98.091041,lower_bridge
rhombic,0.0425,514.142754,444.185587,104.627716,lower_bridge
rhombic,0.0450,539.617339,464.621142,111.212155,lower_bridge
rhombic,0.0475,564.562022,484.424140,117.844356,lower_bridge
rhombic,0.0500,588.976805,503.594582,124.524321,lower_bridge
rhombic,0.0525,612.861687,522.132467,131.252048,lower_bridge
rhombic,0.0550,636.216668,540.037795,138.027539,lower_bridge
rhombic,0.0575,659.041749,557.310567,144.850792,lower_bridge
rhombic,0.0600,681.336928,573.950782,151.721809,lower_bridge
rhombic,0.0625,703.102207,589.958441,158.640588,lower_bridge
rhombic,0.0650,724.337585,605.333543,165.607131,lower_bridge
rhombic,0.0675,745.043062,620.076088,172.621436,lower_bridge
rhombic,0.0700,765.218639,634.186077,179.683505,lower_bridge
rhombic,0.0725,784.864314,647.663509,186.793336,lower_bridge
rhombic,0.0750,803.980089,660.508385,193.950931,lower_bridge
rhombic,0.0775,822.565963,672.720704,201.156288,lower_bridge
rhombic,0.0800,840.621937,684.300467,208.409409,lower_bridge
rhombic,0.0825,858.148009,695.247673,215.710292,lower_bridge
rhombic,0.0850,875.144181,705.562322,223.058939,lower_bridge
rhombic,0.0875,891.610452,715.244415,230.455348,lower_bridge
rhombic,0.0900,907.546822,724.293951,237.899521,lower_bridge
rhombic,0.0925,922.953291,732.710931,245.391456,lower_bridge
rhombic,0.0950,937.829860,740.495354,252.931155,lower_bridge
rhombic,0.0975,952.176527,747.647220,260.518616,lower_bridge
rhombic,0.1000,965.993294,754.166530,268.153840,lower_bridge
rhombic,0.1025,979.280161,760.053283,275.836828,lower_bridge
rhombic,0.1050,992.037126,765.307480,283.567578,lower_bridge
rhombic,0.1075,1004.264191,769.929120,291.346092,lower_bridge
rhombic,0.1100,1015.961354,773.918203,299.172368,lower_bridge
rhombic,0.1125,1027.128617,777.274730,307.046408,lower_bridge
rhombic,0.1150,1037.765980,779.998701,314.968210,lower_bridge
rhombic,0.1175,1047.873441,782.090115,322.937776,lower_bridge
rhombic,0.1200,1057.451002,783.548972,330.955104,lower_bridge
rhombic,0.1225,1066.498662,784.375272,339.020196,lower_bridge
rhombic,0.1250,1075.016421,784.569016,347.133050,lower_bridge
rhombic,0.1275,1083.004279,784.130204,355.293668,lower_bridge
rhombic,0.1300,1090.462236,783.058835,363.502048,lower_bridge
rhombic,0.1325,1097.390293,781.354909,371.758191,lower_bridge
rhombic,0.1350,1103.788449,779.018426,380.062098,lower_bridge
rhombic,0.1375,1109.656704,776.049388,388.413767,lower_bridge
rhombic,0.1400,1114.995058,772.447792,396.813200,lower_bridge
rhombic,0.1425,1119.803512,768.213640,405.260395,lower_bridge
rhombic,0.1450,1124.082065,763.346931,413.755354,lower_bridge
rhombic,0.1475,1127.830717,757.847666,422.298075,lower_bridge
rhombic,0.1500,1131.049468,751.715844,430.888559,lower_bridge
rhombic,0.1525,1133.738318,744.951466,439.526807,lower_bridge
rhombic,0.1550,1135.897268,737.554531,448.212817,lower_bridge
rhombic,0.1575,1137.526317,729.525039,456.946591,lower_bridge
rhombic,0.1600,1138.625465,720.862991,465.728127,lower_bridge
rhombic,0.1625,1139.194712,711.568386,474.557427,lower_bridge
rhombic,0.1650,1139.234058,701.641225,483.434489,lower_bridge
rhombic,0.1675,1138.743504,691.081507,492.359314,lower_bridge
rhombic,0.1700,1137.723049,679.889233,501.331903,lower_bridge
rhombic,0.1725,1136.484227,668.373756,510.324039,band
rhombic,0.1750,1150.325999,671.727026,517.950130,band
rhombic,0.1775,1164.315019,675.120153,525.562656,band
rhombic,0.1800,1178.451287,678.553135,533.161616,band
rhombic,0.1825,1192.734803,682.025973,540.747012,band
rhombic,0.1850,1207.165568,685.538666,548.318843,band
rhombic,0.1875,1221.743581,689.091216,555.877109,band
rhombic,0.1900,1236.468841,692.683621,563.421810,band
rhombic,0.1925,1251.341350,696.315883,570.952946,band
rhombic,0.1950,1266.361107,699.988000,578.470517,band
rhombic,0.1975,1281.528113,703.699973,585.974523,band
rhombic,0.2000,1296.842366,707.451802,593.464965,band
rhombic,0.2025,1312.303868,711.243487,600.941841,band
rhombic,0.2050,1327.912617,715.075028,608.405153,band
rhombic,0.2075,1343.668615,718.946424,615.854899,band
rhombic,0.2100,1359.571861,722.857677,623.291081,band
rhombic,0.2125,1375.622355,726.808785,630.713697,band
rhombic,0.2150,1391.820098,730.799749,638.122749,band
rhombic,0.2175,1408.165088,734.830569,645.518236,band
rhombic,0.2200,1424.657327,738.901245,652.900158,band
rhombic,0.2225,1441.296814,743.011777,660.268515,band
rhombic,0.2250,1458.083548,747.162164,667.623307,band
rhombic,0.2275,1475.017531,751.352408,674.964534,band
rhombic,0.2300,1492.098763,755.582507,682.292197,band
rhombic,0.2325,1509.327242,759.852462,689.606294,band
rhombic,0.2350,1526.702969,764.162273,696.906826,band
rhombic,0.2375,1544.225945,768.511940,704.193794,band
rhombic,0.2400,1561.896169,772.901463,711.467196,band
rhombic,0.2425,1579.713641,777.330842,718.727034,band
rhombic,0.2450,1597.678361,781.800076,725.973307,band
rhombic,0.2475,1615.790329,786.309166,733.206014,band
rhombic,0.2500,1634.049545,790.858113,740.425157,band
rhombic,0.2525,1652.456010,795.446915,747.630735,band
rhombic,0.2550,1671.009723,800.075573,754.822748,band
rhombic,0.2575,1689.710683,804.744086,762.001196,band
rhombic,0.2600,1708.558892,809.452456,769.166079,band
rhombic,0.2625,1727.554349,814.200682,776.317398,band
rhombic,0.2650,1746.697055,818.988763,783.455151,band
rhombic,0.2675,1765.987008,823.816700,790.579339,band
rhombic,0.2700,1785.424210,828.684493,797.689963,band
rhombic,0.2725,1805.008659,833.592142,804.787021,band
rhombic,0.2750,1824.740357,838.539647,811.870515,band
rhombic,0.2775,1844.619303,843.527008,818.940444,band
rhombic,0.2800,1864.645497,848.554225,825.996808,band
rhombic,0.2825,1884.818939,853.621297,833.039606,band
rhombic,0.2850,1905.139630,858.728225,840.068840,band
rhombic,0.2875,1925.607568,863.875009,847.084509,band
rhombic,0.2900,1946.222755,869.061649,854.086613,band
rhombic,0.2925,1966.985190,874.288145,861.075153,band
rhombic,0.2950,1987.894873,879.554497,868.050127,band
rhombic,0.2975,2008.951804,884.860705,875.011536,band
rhombic,0.3000,2030.155984,890.206768,881.959381,band
rhombic,0.3025,2051.507411,895.592688,888.893660,band
rhombic,0.3050,2073.006087,901.018463,895.814375,band
rhombic,0.3075,2094.652010,906.484094,902.721524,band
rhombic,0.3100,2116.445182,911.989581,909.615109,band
rhombic,0.3125,2138.385602,917.534924,916.495129,band
rhombic,0.3150,2160.473270,923.120122,923.361584,band
rhombic,0.3175,2182.708187,928.745177,930.214474,band
rhombic,0.3200,2205.090351,934.410087,937.053799,band
rhombic,0.3225,2227.619764,940.114853,943.879559,band
rhombic,0.3250,2250.296425,945.859475,950.691754,band
rhombic,0.3275,2273.120334,951.643953,957.490384,band
rhombic,0.3300,2296.091491,957.468287,964.275449,band
rhombic,0.3325,2319.209896,963.332477,971.046950,band
rhombic,0.3350,2342.475549,969.236523,977.804885,band
rhombic,0.3375,2365.888451,975.180424,984.549256,band
rhombic,0.3400,2389.448600,981.164181,991.280061,band
rhombic,0.3425,2413.155998,987.187794,997.997302,band
rhombic,0.3450,2437.010644,993.251263,1004.700978,band
rhombic,0.3475,2461.012538,999.354588,1011.391089,band
rhombic,0.3500,2485.161681,1005.497769,1018.067635,band
rhombic,0.3525,2509.458071,1011.680806,1024.730616,band
rhombic,0.3550,2533.901709,1017.903698,1031.380032,band
rhombic,0.3575,2558.492596,1024.166446,1038.015883,band
rhombic,0.3600,2583.230731,1030.469051,1044.638169,band
rhombic,0.3625,2608.116114,1036.811511,1051.246890,band
rhombic,0.3650,2633.148745,1043.193827,1057.842047,band
rhombic,0.3675,2658.328624,1049.615998,1064.423638,band
rhombic,0.3700,2683.655752,1056.078026,1070.991665,band
rhombic,0.3725,2709.130127,1062.579909,1077.546126,band
rhombic,0.3750,2734.751751,1069.121649,1084.087023,band
rhombic,0.3775,2760.520623,1075.703244,1090.614355,band
rhombic,0.3800,2786.436743,1082.324695,1097.128122,band
rhombic,0.3825,2812.500111,1088.986002,1103.628324,band
rhombic,0.3850,2838.710727,1095.687165,1110.114961,band
rhombic,0.3875,2865.068592,1102.428184,1116.588033,band
rhombic,0.3900,2891.573705,1109.209058,1123.047540,band
rhombic,0.3925,2918.226065,1116.029789,1129.493482,band
rhombic,0.3950,2945.025674,1122.890375,1135.925859,band
rhombic,0.3975,2971.972531,1129.790817,1142.344672,band
rhombic,0.4000,2999.066636,1136.731115,1148.749919,band
rhombic,0.4025,3026.307990,1143.711269,1155.141602,band
rhombic,0.4050,3053.696591,1150.731278,1161.519720,band
rhombic,0.4075,3081.232441,1157.791144,1167.884272,band
rhombic,0.4100,3108.915539,1164.890866,1174.235260,band
rhombic,0.4125,3136.745885,1172.030443,1180.572683,band
rhombic,0.4150,3164.723479,1179.209876,1186.896541,band
rhombic,0.4175,3192.848321,1186.429165,1193.206834,band
rhombic,0.4200,3221.120411,1193.688310,1199.503562,band
rhombic,0.4225,3249.539750,1200.987311,1205.786725,band
rhombic,0.4250,3278.106336,1208.326167,1212.056323,band
rhombic,0.4275,3306.820171,1215.704880,1218.312357,band
rhombic,0.4300,3335.681254,1223.123448,1224.554825,band
rhombic,0.4325,3364.689585,1230.581872,1230.783728,band
rhombic,0.4350,3393.845165,1238.080152,1236.999067,band
rhombic,0.4375,3423.147992,1245.618288,1243.200841,band
rhombic,0.4400,3452.598068,1253.196280,1249.389049,band
rhombic,0.4425,3482.195391,1260.814128,1255.563693,band
rhombic,0.4450,3511.939963,1268.471831,1261.724772,band
rhombic,0.4475,3541.831783,1276.169391,1267.872286,band
rhombic,0.4500,3571.870851,1283.906806,1274.006235,band
rhombic,0.4525,3602.057167,1291.684077,1280.126619,band
rhombic,0.4550,3632.390732,1299.501204,1286.233438,band
rhombic,0.4575,3662.871544,1307.358187,1292.326692,band
rhombic,0.4600,3693.499605,1315.255026,1298.406382,band
rhombic,0.4625,3724.274914,1323.191720,1304.472506,band
rhombic,0.4650,3755.197471,1331.168271,1310.525065,band
rhombic,0.4675,3786.267276,1339.184677,1316.564060,band
rhombic,0.4700,3817.484330,1347.240939,1322.589490,band
rhombic,0.4725,3848.848631,1355.337057,1328.601354,band
rhombic,0.4750,3880.360181,1363.473031,1334.599654,band
rhombic,0.4775,3912.018978,1371.648861,1340.584389,band
rhombic,0.4800,3943.825024,1379.864546,1346.555559,band
rhombic,0.4825,3975.778318,1388.120088,1352.513164,band
rhombic,0.4850,4007.878861,1396.415485,1358.457204,band
rhombic,0.4875,4040.126651,1404.750738,1364.387679,band
rhombic,0.4900,4072.521689,1413.125847,1370.304589,band
rhombic,0.4925,4105.063976,1421.540812,1376.207935,band
rhombic,0.4950,4137.753511,1429.995633,1382.097715,band
rhombic,0.4975,4170.590294,1438.490310,1387.973930,band
rhombic,0.5000,4203.574325,1447.024842,1393.836581,band
rhombic,0.5025,4236.705604,1455.599231,1399.685667,band
rhombic,0.5050,4269.984131,1464.213475,1405.521187,band
rhombic,0.5075,4303.409907,1472.867575,1411.343143,band
rhombic,0.5100,4336.982931,1481.561531,1417.151534,band
rhombic,0.5125,4370.703202,1490.295343,1422.946360,band
rhombic,0.5150,4411.003972,1512.815402,1428.312407,upper_bridge
rhombic,0.5175,4454.411988,1541.930426,1433.477249,upper_bridge
rhombic,0.5200,4497.820005,1571.045450,1438.642091,upper_bridge
rhombic,0.5225,4541.228021,1600.160474,1443.806933,upper_bridge
rhombic,0.5250,4584.636037,1629.275497,1448.971775,upper_bridge
rhombic,0.5275,4628.044053,1658.390521,1454.136617,upper_bridge
rhombic,0.5300,4671.452069,1687.505545,1459.301459,upper_bridge
rhombic,0.5325,4714.860085,1716.620569,1464.466301,upper_bridge
rhombic,0.5350,4758.268101,1745.735592,1469.631143,upper_bridge
rhombic,0.5375,4801.676117,1774.850616,1474.795985,upper_bridge
rhombic,0.5400,4845.084133,1803.965640,1479.960827,upper_bridge
rhombic,0.5425,4888.492150,1833.080664,1485.125669,upper_bridge
rhombic,0.5450,4931.900166,1862.195687,1490.290511,upper_bridge
rhombic,0.5475,4975.308182,1891.310711,1495.455352,upper_bridge
rhombic,0.5500,5018.716198,1920.425735,1500.620194,upper_bridge
rhombic,0.5525,5062.124214,1949.540759,1505.785036,upper_bridge
rhombic,0.5550,5105.532230,1978.655782,1510.949878,upper_bridge
rhombic,0.5575,5148.940246,2007.770806,1516.114720,upper_bridge
rhombic,0.5600,5192.348262,2036.885830,1521.279562,upper_bridge
rhombic,0.5625,5235.756279,2066.000854,1526.444404,upper_bridge
rhombic,0.5650,5279.164295,2095.115877,1531.609246,upper_bridge
rhombic,0.5675,5322.572311,2124.230901,1536.774088,upper_bridge
rhombic,0.5700,5365.980327,2153.345925,1541.938930,upper_bridge
rhombic,0.5725,5409.388343,2182.460949,1547.103772,upper_bridge
rhombic,0.5750,5452.796359,2211.575972,1552.268614,upper_bridge
rhombic,0.5775,5496.204375,2240.690996,1557.433456,upper_bridge
rhombic,0.5800,5539.612391,2269.806020,1562.598298,upper_bridge
rhombic,0.5825,5583.020407,2298.921044,1567.763140,upper_bridge
rhombic,0.5850,5626.428424,2328.036067,1572.927982,upper_bridge
rhombic,0.5875,5669.836440,2357.151091,1578.092824,upper_bridge
rhombic,0.5900,5713.244456,2386.266115,1583.257666,upper_bridge
rhombic,0.5925,5756.652472,2415.381139,1588.422508,upper_bridge
rhombic,0.5950,5800.060488,2444.496162,1593.587350,upper_bridge
rhombic,0.5975,5843.468504,2473.611186,1598.752192,upper_bridge
rhombic,0.6000,5886.876520,2502.726210,1603.917034,upper_bridge
rhombic,0.6025,5930.284536,2531.841234,1609.081876,upper_bridge
rhombic,0.6050,5973.692552,2560.956257,1614.246718,upper_bridge
rhombic,0.6075,6017.100569,2590.071281,1619.411560,upper_bridge
rhombic,0.6100,6060.508585,2619.186305,1624.576402,upper_bridge
rhombic,0.6125,6103.916601,2648.301329,1629.741244,upper_bridge
rhombic,0.6150,6147.324617,2677.416352,1634.906086,upper_bridge
rhombic,0.6175,6190.732633,2706.531376,1640.070927,upper_bridge
rhombic,0.6200,6234.140649,2735.646400,1645.235769,upper_bridge
rhombic,0.6225,6277.548665,2764.761424,1650.400611,upper_bridge
rhombic,0.6250,6320.956681,2793.876447,1655.565453,upper_bridge
rhombic,0.6275,6364.364697,2822.991471,1660.730295,upper_bridge
rhombic,0.6300,6407.772714,2852.106495,1665.895137,upper_bridge
rhombic,0.6325,6451.180730,2881.221519,1671.059979,upper_bridge
rhombic,0.6350,6494.588746,2910.336542,1676.224821,upper_bridge
rhombic,0.6375,6537.996762,2939.451566,1681.389663,upper_bridge
rhombic,0.6400,6581.404778,2968.566590,1686.554505,upper_bridge
rhombic,0.6425,6624.812794,2997.681614,1691.719347,upper_bridge
rhombic,0.6450,6668.220810,3026.796637,1696.884189,upper_bridge
rhombic,0.6475,6711.628826,3055.911661,1702.049031,upper_bridge
rhombic,0.6500,6755.036842,3085.026685,1707.213873,upper_bridge
rhombic,0.6525,6798.444859,3114.141709,1712.378715,upper_bridge
rhombic,0.6550,6841.852875,3143.256732,1717.543557,upper_bridge
rhombic,0.6575,6885.260891,3172.371756,1722.708399,upper_bridge
rhombic,0.6600,6928.668907,3201.486780,1727.873241,upper_bridge
rhombic,0.6625,6972.076923,3230.601804,1733.038083,upper_bridge
rhombic,0.6650,7015.484939,3259.716827,1738.202925,upper_bridge
rhombic,0.6675,7058.892955,3288.831851,1743.367767,upper_bridge
rhombic,0.6700,7102.300971,3317.946875,1748.532609,upper_bridge
rhombic,0.6725,7145.708987,3347.061899,1753.697451,upper_bridge
rhombic,0.6750,7189.117004,3376.176922,1758.862293,upper_bridge
rhombic,0.6775,7232.525020,3405.291946,1764.027135,upper_bridge
rhombic,0.6800,7275.933036,3434.406970,1769.191977,upper_bridge
rhombic,0.6825,7319.341052,3463.521994,1774.356819,upper_bridge
rhombic,0.6850,7362.749068,3492.637017,1779.521660,upper_bridge
rhombic,0.6875,7406.157084,3521.752041,1784.686502,upper_bridge
rhombic,0.6900,7449.565100,3550.867065,1789.851344,upper_bridge
rhombic,0.6925,7492.973116,3579.982089,1795.016186,upper_bridge
rhombic,0.6950,7536.381133,3609.097112,1800.181028,upper_bridge
rhombic,0.6975,7579.789149,3638.212136,1805.345870,upper_bridge
rhombic,0.7000,7623.197165,3667.327160,1810.510712,upper_bridge
rhombic,0.7025,7666.605181,3696.442184,1815.675554,upper_bridge
rhombic,0.7050,7710.013197,3725.557207,1820.840396,upper_bridge
rhombic,0.7075,7753.421213,3754.672231,1826.005238,upper_bridge
rhombic,0.7100,7796.829229,3783.787255,1831.170080,upper_bridge
rhombic,0.7125,7840.237245,3812.902279,1836.334922,upper_bridge
rhombic,0.7150,7883.645261,3842.017302,1841.499764,upper_bridge
rhombic,0.7175,7927.053278,3871.132326,1846.664606,upper_bridge
rhombic,0.7200,7970.461294,3900.247350,1851.829448,upper_bridge
rhombic,0.7225,8013.869310,3929.362374,1856.994290,upper_bridge
rhombic,0.7250,8057.277326,3958.477397,1862.159132,upper_bridge
rhombic,0.7275,8100.685342,3987.592421,1867.323974,upper_bridge
rhombic,0.7300,8144.093358,4016.707445,1872.488816,upper_bridge
rhombic,0.7325,8187.501374,4045.822469,1877.653658,upper_bridge
rhombic,0.7350,8230.909390,4074.937492,1882.818500,upper_bridge
rhombic,0.7375,8274.317406,4104.052516,1887.983342,upper_bridge
rhombic,0.7400,8317.725423,4133.167540,1893.148184,upper_bridge
rhombic,0.7425,8361.133439,4162.282564,1898.313026,upper_bridge
rhombic,0.7450,8404.541455,4191.397587,1903.477868,upper_bridge
rhombic,0.7475,8447.949471,4220.512611,1908.642710,upper_bridge
rhombic,0.7500,8491.357487,4249.627635,1913.807552,upper_bridge
rhombic,0.7525,8534.765503,4278.742659,1918.972393,upper_bridge
rhombic,0.7550,8578.173519,4307.857682,1924.137235,upper_bridge
rhombic,0.7575,8621.581535,4336.972706,1929.302077,upper_bridge
rhombic,0.7600,8664.989551,4366.087730,1934.466919,upper_bridge
rhombic,0.7625,8708.397568,4395.202754,1939.631761,upper_bridge
rhombic,0.7650,8751.805584,4424.317777,1944.796603,upper_bridge
rhombic,0.7675,8795.213600,4453.432801,1949.961445,upper_bridge
rhombic,0.7700,8838.621616,4482.547825,1955.126287,upper_bridge
rhombic,0.7725,8882.029632,4511.662849,1960.291129,upper_bridge
rhombic,0.7750,8925.437648,4540.777872,1965.455971,upper_bridge
rhombic,0.7775,8968.845664,4569.892896,1970.620813,upper_bridge
rhombic,0.7800,9012.253680,4599.007920,1975.785655,upper_bridge
rhombic,0.7825,9055.661696,4628.122944,1980.950497,upper_bridge
rhombic,0.7850,9099.069713,4657.237968,1986.115339,upper_bridge
rhombic,0.7875,9142.477729,4686.352991,1991.280181,upper_bridge
rhombic,0.7900,9185.885745,4715.468015,1996.445023,upper_bridge
rhombic,0.7925,9229.293761,4744.583039,2001.609865,upper_bridge
rhombic,0.7950,9272.701777,4773.698063,2006.774707,upper_bridge
rhombic,0.7975,9316.109793,4802.813086,2011.939549,upper_bridge
rhombic,0.8000,9359.517809,4831.928110,2017.104391,upper_bridge
rhombic,0.8025,9402.925825,4861.043134,2022.269233,upper_bridge
rhombic,0.8050,9446.333842,4890.158158,2027.434075,upper_bridge
rhombic,0.8075,9489.741858,4919.273181,2032.598917,upper_bridge
rhombic,0.8100,9533.149874,4948.388205,2037.763759,upper_bridge
rhombic,0.8125,9576.557890,4977.503229,2042.928601,upper_bridge
rhombic,0.8150,9619.965906,5006.618253,2048.093443,upper_bridge
rhombic,0.8175,9663.373922,5035.733276,2053.258285,upper_bridge
rhombic,0.8200,9706.781938,5064.848300,2058.423126,upper_bridge
rhombic,0.8225,9750.189954,5093.963324,2063.587968,upper_bridge
rhombic,0.8250,9793.597970,5123.078348,2068.752810,upper_bridge
rhombic,0.8275,9837.005987,5152.193371,2073.917652,upper_bridge
rhombic,0.8300,9880.414003,5181.308395,2079.082494,upper_bridge
rhombic,0.8325,9923.822019,5210.423419,2084.247336,upper_bridge
rhombic,0.8350,9967.230035,5239.538443,2089.412178,upper_bridge
rhombic,0.8375,10010.638051,5268.653466,2094.577020,upper_bridge
rhombic,0.8400,10054.046067,5297.768490,2099.741862,upper_bridge
rhombic,0.8425,10097.454083,5326.883514,2104.906704,upper_bridge
rhombic,0.8450,10140.862099,5355.998538,2110.071546,upper_bridge
rhombic,0.8475,10184.270115,5385.113561,2115.236388,upper_bridge
rhombic,0.8500,10227.678132,5414.228585,2120.401230,upper_bridge
rhombic,0.8525,10271.086148,5443.343609,2125.566072,upper_bridge
rhombic,0.8550,10314.494164,5472.458633,2130.730914,upper_bridge
rhombic,0.8575,10357.902180,5501.573656,2135.895756,upper_bridge
rhombic,0.8600,10401.310196,5530.688680,2141.060598,upper_bridge
rhombic,0.8625,10444.718212,5559.803704,2146.225440,upper_bridge
rhombic,0.8650,10488.126228,5588.918728,2151.390282,upper_bridge
rhombic,0.8675,10531.534244,5618.033751,2156.555124,upper_bridge
rhombic,0.8700,10574.942260,5647.148775,2161.719966,upper_bridge
rhombic,0.8725,10618.350277,5676.263799,2166.884808,upper_bridge
rhombic,0.8750,10661.758293,5705.378823,2172.049650,upper_bridge
rhombic,0.8775,10705.166309,5734.493846,2177.214492,upper_bridge
rhombic,0.8800,10748.574325,5763.608870,2182.379334,upper_bridge
rhombic,0.8825,10791.982341,5792.723894,2187.544176,upper_bridge
rhombic,0.8850,10835.390357,5821.838918,2192.709018,upper_bridge
rhombic,0.8875,10878.798373,5850.953941,2197.873859,upper_bridge
rhombic,0.8900,10922.206389,5880.068965,2203.038701,upper_bridge
rhombic,0.8925,10965.614405,5909.183989,2208.203543,upper_bridge
rhombic,0.8950,11009.022422,5938.299013,2213.368385,upper_bridge
rhombic,0.8975,11052.430438,5967.414036,2218.533227,upper_bridge
rhombic,0.9000,11095.838454,5996.529060,2223.698069,upper_bridge
rhombic,0.9025,11139.246470,6025.644084,2228.862911,upper_bridge
rhombic,0.9050,11182.654486,6054.759108,2234.027753,upper_bridge
rhombic,0.9075,11226.062502,6083.874131,2239.192595,upper_bridge
rhombic,0.9100,11269.470518,6112.989155,2244.357437,upper_bridge
rhombic,0.9125,11312.878534,6142.104179,2249.522279,upper_bridge
rhombic,0.9150,11356.286551,6171.219203,2254.687121,upper_bridge
rhombic,0.9175,11399.694567,6200.334226,2259.851963,upper_bridge
rhombic,0.9200,11443.102583,6229.449250,2265.016805,upper_bridge
rhombic,0.9225,11486.510599,6258.564274,2270.181647,upper_bridge
rhombic,0.9250,11529.918615,6287.679298,2275.346489,upper_bridge
rhombic,0.9275,11573.326631,6316.794321,2280.511331,upper_bridge
rhombic,0.9300,11616.734647,6345.909345,2285.676173,upper_bridge
rhombic,0.9325,11660.142663,6375.024369,2290.841015,upper_bridge
rhombic,0.9350,11703.550679,6404.139393,2296.005857,upper_bridge
rhombic,0.9375,11746.958696,6433.254416,2301.170699,upper_bridge
rhombic,0.9400,11790.366712,6462.369440,2306.335541,upper_bridge
rhombic,0.9425,11833.774728,6491.484464,2311.500383,upper_bridge
rhombic,0.9450,11877.182744,6520.599488,2316.665225,upper_bridge
rhombic,0.9475,11920.590760,6549.714511,2321.830067,upper_bridge
rhombic,0.9500,11963.998776,6578.829535,2326.994909,upper_bridge
rhombic,0.9525,12007.406792,6607.944559,2332.159751,upper_bridge
rhombic,0.9550,12050.814808,6637.059583,2337.324592,upper_bridge
rhombic,0.9575,12094.222824,6666.174606,2342.489434,upper_bridge
rhombic,0.9600,12137.630841,6695.289630,2347.654276,upper_bridge
rhombic,0.9625,12181.038857,6724.404654,2352.819118,upper_bridge
rhombic,0.9650,12224.446873,6753.519678,2357.983960,upper_bridge
rhombic,0.9675,12267.854889,6782.634701,2363.148802,upper_bridge
rhombic,0.9700,12311.262905,6811.749725,2368.313644,upper_bridge
rhombic,0.9725,12354.670921,6840.864749,2373.478486,upper_bridge
rhombic,0.9750,12398.078937,6869.979773,2378.643328,upper_bridge
rhombic,0.9775,12441.486953,6899.094796,2383.808170,upper_bridge
rhombic,0.9800,12484.894969,6928.209820,2388.973012,upper_bridge
rhombic,0.9825,12528.302986,6957.324844,2394.137854,upper_bridge
rhombic,0.9850,12571.711002,6986.439868,2399.302696,upper_bridge
rhombic,0.9875,12615.119018,7015.554891,2404.467538,upper_bridge
rhombic,0.9900,12658.527034,7044.669915,2409.632380,upper_bridge
rhombic,0.9925,12701.935050,7073.784939,2414.797222,upper_bridge
rhombic,0.9950,12745.343066,7102.899963,2419.962064,upper_bridge
rhombic,0.9975,12788.751082,7132.014986,2425.126906,upper_bridge
rhombic,1.0000,12832.159098,7161.130010,2430.291748,upper_bridge
