i,j,k,rho
0,0,0,1.000000
1,0,0,1.000000
2,0,0,1.000000
3,0,0,1.000000
4,0,0,1.000000
5,0,0,1.000000
6,0,0,1.000000
7,0,0,1.000000
8,0,0,1.000000
9,0,0,1.000000
10,0,0,1.000000
11,0,0,1.000000
12,0,0,1.000000
13,0,0,1.000000
14,0,0,1.000000
15,0,0,1.000000
16,0,0,1.000000
17,0,0,1.000000
18,0,0,1.000000
19,0,0,1.000000
20,0,0,1.000000
21,0,0,1.000000
22,0,0,1.000000
23,0,0,1.000000
24,0,0,1.000000
25,0,0,1.000000
26,0,0,1.000000
27,0,0,1.000000
28,0,0,1.000000
29,0,0,1.000000
30,0,0,0.982259
31,0,0,0.747512
32,0,0,0.324145
33,0,0,0.176003
34,0,0,0.051356
35,0,0,0.005065
36,0,0,0.000000
37,0,0,0.000000
38,0,0,0.000000
39,0,0,0.000000
40,0,0,0.000000
41,0,0,0.000000
42,0,0,0.000000
43,0,0,0.000000
44,0,0,0.000000
45,0,0,0.000000
46,0,0,0.000000
47,0,0,0.000000
0,1,0,1.000000
1,1,0,1.000000
2,1,0,1.000000
3,1,0,1.000000
4,1,0,1.000000
5,1,0,1.000000
6,1,0,1.000000
7,1,0,1.000000
8,1,0,1.000000
9,1,0,1.000000
10,1,0,1.000000
11,1,0,1.000000
12,1,0,1.000000
13,1,0,1.000000
14,1,0,1.000000
15,1,0,1.000000
16,1,0,1.000000
17,1,0,1.000000
18,1,0,0.985550
19,1,0,0.981696
20,1,0,0.970183
21,1,0,0.897054
22,1,0,0.850135
23,1,0,0.849018
24,1,0,0.884769
25,1,0,0.898908
26,1,0,0.969460
27,1,0,0.981694
28,1,0,0.981694
29,1,0,0.981703
30,1,0,0.988764
31,1,0,0.966822
32,1,0,0.856701
33,1,0,0.738140
34,1,0,0.360865
35,1,0,0.174957
36,1,0,0.058620
37,1,0,0.006901
38,1,0,0.000000
39,1,0,0.000000
40,1,0,0.000000
41,1,0,0.000000
42,1,0,0.000000
43,1,0,0.000000
44,1,0,0.000000
45,1,0,0.000000
46,1,0,0.000000
47,1,0,0.000000
0,2,0,0.829070
1,2,0,0.845468
2,2,0,0.897974
3,2,0,0.988774
4,2,0,1.000000
5,2,0,1.000000
6,2,0,1.000000
7,2,0,1.000000
8,2,0,1.000000
9,2,0,0.963410
10,2,0,0.856695
11,2,0,0.838388
12,2,0,0.838388
13,2,0,0.838389
14,2,0,0.845839
15,2,0,0.900086
16,2,0,0.970833
17,2,0,0.967244
18,2,0,0.879171
19,2,0,0.842257
20,2,0,0.771296
21,2,0,0.534840
22,2,0,0.355774
23,2,0,0.313112
24,2,0,0.355204
25,2,0,0.462980
26,2,0,0.684812
27,2,0,0.783423
28,2,0,0.830821
29,2,0,0.845509
30,2,0,0.885932
31,2,0,0.900662
32,2,0,0.969720
33,2,0,0.985940
34,2,0,0.881444
35,2,0,0.757949
36,2,0,0.407817
37,2,0,0.189249
38,2,0,0.051121
39,2,0,0.005629
40,2,0,0.000000
41,2,0,0.000000
42,2,0,0.000000
43,2,0,0.000000
44,2,0,0.000000
45,2,0,0.000000
46,2,0,0.000000
47,2,0,0.000000
0,3,0,0.170930
1,3,0,0.202892
2,3,0,0.410493
3,3,0,0.762977
4,3,0,0.905122
5,3,0,0.990003
6,3,0,1.000000
7,3,0,1.000000
8,3,0,0.981715
9,3,0,0.768430
10,3,0,0.429941
11,3,0,0.288694
12,3,0,0.192061
13,3,0,0.163772
14,3,0,0.205050
15,3,0,0.401189
16,3,0,0.655783
17,3,0,0.766128
18,3,0,0.814228
19,3,0,0.820085
20,3,0,0.808571
21,3,0,0.735442
22,3,0,0.658938
23,3,0,0.507923
24,3,0,0.345825
25,3,0,0.322190
26,3,0,0.404041
27,3,0,0.527808
28,3,0,0.760684
29,3,0,0.819912
30,3,0,0.745737
31,3,0,0.544339
32,3,0,0.658665
33,3,0,0.834846
34,3,0,0.920193
35,3,0,0.981108
36,3,0,0.897009
37,3,0,0.753105
38,3,0,0.385082
39,3,0,0.176125
40,3,0,0.018331
41,3,0,0.000004
42,3,0,0.000000
43,3,0,0.000000
44,3,0,0.000000
45,3,0,0.000000
46,3,0,0.000000
47,3,0,0.000000
0,4,0,0.000000
1,4,0,0.007080
2,4,0,0.059586
3,4,0,0.198813
4,4,0,0.431895
5,4,0,0.780122
6,4,0,0.977175
7,4,0,1.000000
8,4,0,1.000000
9,4,0,0.963410
10,4,0,0.838389
11,4,0,0.618826
12,4,0,0.287954
13,4,0,0.155661
14,4,0,0.150911
15,4,0,0.219902
16,4,0,0.356810
17,4,0,0.476700
18,4,0,0.644046
19,4,0,0.716382
20,4,0,0.805032
21,4,0,0.820083
22,4,0,0.815006
23,4,0,0.774931
24,4,0,0.669695
25,4,0,0.512071
26,4,0,0.344427
27,4,0,0.416766
28,4,0,0.724178
29,4,0,0.807478
30,4,0,0.662924
31,4,0,0.369012
32,4,0,0.266216
33,4,0,0.294770
34,4,0,0.502360
35,4,0,0.794160
36,4,0,0.921481
37,4,0,0.980016
38,4,0,0.889509
39,4,0,0.719042
40,4,0,0.286688
41,4,0,0.126473
42,4,0,0.018306
43,4,0,0.000000
44,4,0,0.000000
45,4,0,0.000000
46,4,0,0.000000
47,4,0,0.000000
0,5,0,0.000000
1,5,0,0.000000
2,5,0,0.000000
3,5,0,0.008309
4,5,0,0.066734
5,5,0,0.272096
6,5,0,0.695973
7,5,0,0.904183
8,5,0,0.990617
9,5,0,1.000000
10,5,0,1.000000
11,5,0,0.948652
12,5,0,0.752511
13,5,0,0.683623
14,5,0,0.676807
15,5,0,0.675452
16,5,0,0.623066
17,5,0,0.453788
18,5,0,0.377637
19,5,0,0.449733
20,5,0,0.634506
21,5,0,0.712399
22,5,0,0.799955
23,5,0,0.819364
24,5,0,0.812725
25,5,0,0.740754
26,5,0,0.635644
27,5,0,0.657876
28,5,0,0.790565
29,5,0,0.739343
30,5,0,0.459299
31,5,0,0.347894
32,5,0,0.322054
33,5,0,0.266914
34,5,0,0.238957
35,5,0,0.302399
36,5,0,0.505214
37,5,0,0.800498
38,5,0,0.963867
39,5,0,0.981699
40,5,0,0.839862
41,5,0,0.615137
42,5,0,0.251448
43,5,0,0.018306
44,5,0,0.000000
45,5,0,0.000000
46,5,0,0.000000
47,5,0,0.000000
0,6,0,0.000000
1,6,0,0.000000
2,6,0,0.000000
3,6,0,0.000000
4,6,0,0.000000
5,6,0,0.018306
6,6,0,0.190794
7,6,0,0.442638
8,6,0,0.783728
9,6,0,0.964172
10,6,0,1.000000
11,6,0,1.000000
12,6,0,0.968081
13,6,0,0.875370
14,6,0,0.826977
15,6,0,0.819392
16,6,0,0.804794
17,6,0,0.737788
18,6,0,0.700643
19,6,0,0.634468
20,6,0,0.466380
21,6,0,0.444067
22,6,0,0.635797
23,6,0,0.725233
24,6,0,0.806446
25,6,0,0.816211
26,6,0,0.795069
27,6,0,0.801934
28,6,0,0.811578
29,6,0,0.685426
30,6,0,0.364954
31,6,0,0.315149
32,6,0,0.327142
33,6,0,0.319007
34,6,0,0.305904
35,6,0,0.264205
36,6,0,0.242627
37,6,0,0.327287
38,6,0,0.617915
39,6,0,0.849617
40,6,0,0.983589
41,6,0,0.964836
42,6,0,0.731695
43,6,0,0.274021
44,6,0,0.051609
45,6,0,0.005714
46,6,0,0.000000
47,6,0,0.000000
0,7,0,0.000000
1,7,0,0.000000
2,7,0,0.000000
3,7,0,0.000000
4,7,0,0.000000
5,7,0,0.000000
6,7,0,0.008923
7,7,0,0.070340
8,7,0,0.259782
9,7,0,0.629568
10,7,0,0.945862
11,7,0,0.984512
12,7,0,1.000000
13,7,0,0.970283
14,7,0,0.878203
15,7,0,0.829058
16,7,0,0.820096
17,7,0,0.820083
18,7,0,0.820083
19,7,0,0.806028
20,7,0,0.722228
21,7,0,0.647222
22,7,0,0.524942
23,7,0,0.507511
24,7,0,0.692597
25,7,0,0.811846
26,7,0,0.820083
27,7,0,0.820083
28,7,0,0.775751
29,7,0,0.574465
30,7,0,0.368039
31,7,0,0.339036
32,7,0,0.324045
33,7,0,0.322262
34,7,0,0.314592
35,7,0,0.301293
36,7,0,0.305909
37,7,0,0.231380
38,7,0,0.210240
39,7,0,0.328450
40,7,0,0.734419
41,7,0,0.912989
42,7,0,0.972925
43,7,0,0.764997
44,7,0,0.386521
45,7,0,0.163985
46,7,0,0.018306
47,7,0,0.000000
0,8,0,0.000000
1,8,0,0.000000
2,8,0,0.000000
3,8,0,0.000000
4,8,0,0.000000
5,8,0,0.000000
6,8,0,0.000000
7,8,0,0.000005
8,8,0,0.018332
9,8,0,0.232478
10,8,0,0.609512
11,8,0,0.854813
12,8,0,0.966206
13,8,0,0.981799
14,8,0,0.959400
15,8,0,0.879811
16,8,0,0.833310
17,8,0,0.820106
18,8,0,0.820083
19,8,0,0.820083
20,8,0,0.820083
21,8,0,0.808900
22,8,0,0.741268
23,8,0,0.681414
24,8,0,0.662428
25,8,0,0.772077
26,8,0,0.820083
27,8,0,0.818196
28,8,0,0.742702
29,8,0,0.504051
30,8,0,0.392491
31,8,0,0.370462
32,8,0,0.347929
33,8,0,0.338577
34,8,0,0.327785
35,8,0,0.304121
36,8,0,0.281881
37,8,0,0.238060
38,8,0,0.164458
39,8,0,0.105864
40,8,0,0.216355
41,8,0,0.459312
42,8,0,0.793044
43,8,0,0.969968
44,8,0,0.877373
45,8,0,0.645526
46,8,0,0.255565
47,8,0,0.021835
0,9,0,0.000000
1,9,0,0.000000
2,9,0,0.000000
3,9,0,0.000000
4,9,0,0.000000
5,9,0,0.000000
6,9,0,0.000000
7,9,0,0.000000
8,9,0,0.000000
9,9,0,0.018306
10,9,0,0.231760
11,9,0,0.591590
12,9,0,0.820253
13,9,0,0.844345
14,9,0,0.880297
15,9,0,0.901028
16,9,0,0.880924
17,9,0,0.828356
18,9,0,0.820094
19,9,0,0.820083
20,9,0,0.820083
21,9,0,0.820083
22,9,0,0.820083
23,9,0,0.811846
24,9,0,0.772077
25,9,0,0.811846
26,9,0,0.817965
27,9,0,0.787474
28,9,0,0.671012
29,9,0,0.511156
30,9,0,0.442260
31,9,0,0.398520
32,9,0,0.378282
33,9,0,0.361975
34,9,0,0.339059
35,9,0,0.313609
36,9,0,0.256324
37,9,0,0.204741
38,9,0,0.174036
39,9,0,0.149416
40,9,0,0.082641
41,9,0,0.101831
42,9,0,0.295450
43,9,0,0.736791
44,9,0,0.969011
45,9,0,0.968954
46,9,0,0.731012
47,9,0,0.319886
0,10,0,0.000000
1,10,0,0.000000
2,10,0,0.000000
3,10,0,0.000000
4,10,0,0.000000
5,10,0,0.000000
6,10,0,0.000000
7,10,0,0.000000
8,10,0,0.000000
9,10,0,0.000000
10,10,0,0.018690
11,10,0,0.237739
12,10,0,0.617289
13,10,0,0.806775
14,10,0,0.825902
15,10,0,0.837751
16,10,0,0.853980
17,10,0,0.826740
18,10,0,0.820444
19,10,0,0.820083
20,10,0,0.820083
21,10,0,0.820083
22,10,0,0.820083
23,10,0,0.820083
24,10,0,0.820083
25,10,0,0.820083
26,10,0,0.798296
27,10,0,0.663926
28,10,0,0.524623
29,10,0,0.498186
30,10,0,0.494816
31,10,0,0.452429
32,10,0,0.418255
33,10,0,0.383948
34,10,0,0.340027
35,10,0,0.296453
36,10,0,0.243455
37,10,0,0.202094
38,10,0,0.158082
39,10,0,0.125002
40,10,0,0.091116
41,10,0,0.068163
42,10,0,0.050947
43,10,0,0.262319
44,10,0,0.649008
45,10,0,0.897679
46,10,0,0.972378
47,10,0,0.850904
0,11,0,0.000000
1,11,0,0.000000
2,11,0,0.000000
3,11,0,0.000000
4,11,0,0.000000
5,11,0,0.000000
6,11,0,0.000000
7,11,0,0.000000
8,11,0,0.000000
9,11,0,0.000000
10,11,0,0.000066
11,11,0,0.052100
12,11,0,0.364138
13,11,0,0.728493
14,11,0,0.820113
15,11,0,0.820899
16,11,0,0.825833
17,11,0,0.823035
18,11,0,0.820542
19,11,0,0.820097
20,11,0,0.820083
21,11,0,0.820083
22,11,0,0.820083
23,11,0,0.820083
24,11,0,0.820083
25,11,0,0.820083
26,11,0,0.753467
27,11,0,0.522670
28,11,0,0.448268
29,11,0,0.475128
30,11,0,0.502068
31,11,0,0.503215
32,11,0,0.456750
33,11,0,0.390305
34,11,0,0.332965
35,11,0,0.290621
36,11,0,0.239417
37,11,0,0.196300
38,11,0,0.156187
39,11,0,0.116274
40,11,0,0.091440
41,11,0,0.063325
42,11,0,0.063672
43,11,0,0.051022
44,11,0,0.197798
45,11,0,0.521443
46,11,0,0.919499
47,11,0,1.000000
0,12,0,0.000000
1,12,0,0.000000
2,12,0,0.000000
3,12,0,0.000000
4,12,0,0.000000
5,12,0,0.000000
6,12,0,0.000000
7,12,0,0.000000
8,12,0,0.000000
9,12,0,0.000000
10,12,0,0.000066
11,12,0,0.052106
12,12,0,0.364153
13,12,0,0.728499
14,12,0,0.820113
15,12,0,0.820899
16,12,0,0.825830
17,12,0,0.823034
18,12,0,0.820542
19,12,0,0.820097
20,12,0,0.820083
21,12,0,0.820083
22,12,0,0.820083
23,12,0,0.820083
24,12,0,0.820083
25,12,0,0.820083
26,12,0,0.753495
27,12,0,0.522821
28,12,0,0.448339
29,12,0,0.474748
30,12,0,0.500778
31,12,0,0.501427
32,12,0,0.455860
33,12,0,0.391210
34,12,0,0.334598
35,12,0,0.291696
36,12,0,0.239181
37,12,0,0.195291
38,12,0,0.157833
39,12,0,0.116921
40,12,0,0.091188
41,12,0,0.064750
42,12,0,0.067176
43,12,0,0.054524
44,12,0,0.198718
45,12,0,0.521815
46,12,0,0.919650
47,12,0,1.000000
0,13,0,0.000000
1,13,0,0.000000
2,13,0,0.000000
3,13,0,0.000000
4,13,0,0.000000
5,13,0,0.000000
6,13,0,0.000000
7,13,0,0.000000
8,13,0,0.000000
9,13,0,0.000000
10,13,0,0.018690
11,13,0,0.237740
12,13,0,0.617296
13,13,0,0.806776
14,13,0,0.825900
15,13,0,0.837742
16,13,0,0.853954
17,13,0,0.826735
18,13,0,0.820443
19,13,0,0.820083
20,13,0,0.820083
21,13,0,0.820083
22,13,0,0.820083
23,13,0,0.820083
24,13,0,0.820083
25,13,0,0.820083
26,13,0,0.798392
27,13,0,0.664217
28,13,0,0.524456
29,13,0,0.496863
30,13,0,0.491930
31,13,0,0.448743
32,13,0,0.415841
33,13,0,0.384949
34,13,0,0.343964
35,13,0,0.300998
36,13,0,0.243104
37,13,0,0.196491
38,13,0,0.156545
39,13,0,0.123184
40,13,0,0.088454
41,13,0,0.067404
42,13,0,0.052190
43,13,0,0.263443
44,13,0,0.649021
45,13,0,0.897834
46,13,0,0.972186
47,13,0,0.850904
0,14,0,0.000000
1,14,0,0.000000
2,14,0,0.000000
3,14,0,0.000000
4,14,0,0.000000
5,14,0,0.000000
6,14,0,0.000000
7,14,0,0.000000
8,14,0,0.000000
9,14,0,0.018306
10,14,0,0.231760
11,14,0,0.591590
12,14,0,0.820253
13,14,0,0.844343
14,14,0,0.880281
15,14,0,0.900981
16,14,0,0.880863
17,14,0,0.828346
18,14,0,0.820094
19,14,0,0.820083
20,14,0,0.820083
21,14,0,0.820083
22,14,0,0.820083
23,14,0,0.811854
24,14,0,0.772122
25,14,0,0.811854
26,14,0,0.817981
27,14,0,0.787443
28,14,0,0.670304
29,14,0,0.509324
30,14,0,0.439724
31,14,0,0.395644
32,14,0,0.375387
33,14,0,0.360468
34,14,0,0.340810
35,14,0,0.319677
36,14,0,0.258806
37,14,0,0.199018
38,14,0,0.166451
39,14,0,0.140077
40,14,0,0.076002
41,14,0,0.101049
42,14,0,0.295190
43,14,0,0.736688
44,14,0,0.968984
45,14,0,0.968704
46,14,0,0.729708
47,14,0,0.319619
0,15,0,0.000000
1,15,0,0.000000
2,15,0,0.000000
3,15,0,0.000000
4,15,0,0.000000
5,15,0,0.000000
6,15,0,0.000000
7,15,0,0.000005
8,15,0,0.018332
9,15,0,0.232478
10,15,0,0.609512
11,15,0,0.854811
12,15,0,0.966206
13,15,0,0.981799
14,15,0,0.959391
15,15,0,0.879779
16,15,0,0.833296
17,15,0,0.820106
18,15,0,0.820083
19,15,0,0.820083
20,15,0,0.820083
21,15,0,0.808899
22,15,0,0.741264
23,15,0,0.681452
24,15,0,0.662562
25,15,0,0.772122
26,15,0,0.820083
27,15,0,0.818174
28,15,0,0.742302
29,15,0,0.502809
30,15,0,0.391116
31,15,0,0.369082
32,15,0,0.345733
33,15,0,0.335157
34,15,0,0.325539
35,15,0,0.305755
36,15,0,0.279919
37,15,0,0.238390
38,15,0,0.161793
39,15,0,0.103349
40,15,0,0.215512
41,15,0,0.460763
42,15,0,0.793478
43,15,0,0.969933
44,15,0,0.877244
45,15,0,0.645360
46,15,0,0.255316
47,15,0,0.021835
0,16,0,0.000000
1,16,0,0.000000
2,16,0,0.000000
3,16,0,0.000000
4,16,0,0.000000
5,16,0,0.000000
6,16,0,0.008920
7,16,0,0.070321
8,16,0,0.259779
9,16,0,0.629566
10,16,0,0.945861
11,16,0,0.984512
12,16,0,1.000000
13,16,0,0.970277
14,16,0,0.878183
15,16,0,0.829050
16,16,0,0.820096
17,16,0,0.820083
18,16,0,0.820083
19,16,0,0.806026
20,16,0,0.722211
21,16,0,0.647198
22,16,0,0.524873
23,16,0,0.507485
24,16,0,0.692635
25,16,0,0.811854
26,16,0,0.820083
27,16,0,0.820083
28,16,0,0.775666
29,16,0,0.574016
30,16,0,0.367498
31,16,0,0.338384
32,16,0,0.322859
33,16,0,0.319608
34,16,0,0.309908
35,16,0,0.292834
36,16,0,0.296540
37,16,0,0.239906
38,16,0,0.215026
39,16,0,0.329443
40,16,0,0.734827
41,16,0,0.913528
42,16,0,0.973019
43,16,0,0.764894
44,16,0,0.386211
45,16,0,0.163856
46,16,0,0.018306
47,16,0,0.000000
0,17,0,0.000000
1,17,0,0.000000
2,17,0,0.000000
3,17,0,0.000000
4,17,0,0.000000
5,17,0,0.018306
6,17,0,0.190772
7,17,0,0.442583
8,17,0,0.783710
9,17,0,0.964172
10,17,0,1.000000
11,17,0,1.000000
12,17,0,0.968078
13,17,0,0.875358
14,17,0,0.826972
15,17,0,0.819384
16,17,0,0.804741
17,17,0,0.737754
18,17,0,0.700618
19,17,0,0.634428
20,17,0,0.466321
21,17,0,0.443974
22,17,0,0.635631
23,17,0,0.725175
24,17,0,0.806445
25,17,0,0.816189
26,17,0,0.794940
27,17,0,0.801901
28,17,0,0.811568
29,17,0,0.685370
30,17,0,0.364824
31,17,0,0.314718
32,17,0,0.326539
33,17,0,0.317777
34,17,0,0.302217
35,17,0,0.256058
36,17,0,0.230787
37,17,0,0.328973
38,17,0,0.618996
39,17,0,0.850008
40,17,0,0.983645
41,17,0,0.964834
42,17,0,0.731695
43,17,0,0.274003
44,17,0,0.051505
45,17,0,0.005696
46,17,0,0.000000
47,17,0,0.000000
0,18,0,0.000000
1,18,0,0.000000
2,18,0,0.000000
3,18,0,0.008306
4,18,0,0.066717
5,18,0,0.272089
6,18,0,0.695946
7,18,0,0.904160
8,18,0,0.990614
9,18,0,1.000000
10,18,0,1.000000
11,18,0,0.948651
12,18,0,0.752502
13,18,0,0.683620
14,18,0,0.676807
15,18,0,0.675398
16,18,0,0.622854
17,18,0,0.453595
18,18,0,0.377532
19,18,0,0.449648
20,18,0,0.634467
21,18,0,0.712379
22,18,0,0.799902
23,18,0,0.819355
24,18,0,0.812708
25,18,0,0.740527
26,18,0,0.635230
27,18,0,0.657740
28,18,0,0.790684
29,18,0,0.739408
30,18,0,0.459390
31,18,0,0.347848
32,18,0,0.322082
33,18,0,0.266859
34,18,0,0.237966
35,18,0,0.296775
36,18,0,0.492760
37,18,0,0.796505
38,18,0,0.963880
39,18,0,0.981699
40,18,0,0.839859
41,18,0,0.615124
42,18,0,0.251446
43,18,0,0.018306
44,18,0,0.000000
45,18,0,0.000000
46,18,0,0.000000
47,18,0,0.000000
0,19,0,0.000000
1,19,0,0.007079
2,19,0,0.059578
3,19,0,0.198795
4,19,0,0.431844
5,19,0,0.780105
6,19,0,0.977171
7,19,0,1.000000
8,19,0,1.000000
9,19,0,0.963410
10,19,0,0.838389
11,19,0,0.618821
12,19,0,0.287940
13,19,0,0.155656
14,19,0,0.150903
15,19,0,0.219812
16,19,0,0.356593
17,19,0,0.476467
18,19,0,0.643967
19,19,0,0.716357
20,19,0,0.805028
21,19,0,0.820083
22,19,0,0.814982
23,19,0,0.774785
24,19,0,0.669538
25,19,0,0.511744
26,19,0,0.344214
27,19,0,0.416912
28,19,0,0.724576
29,19,0,0.807616
30,19,0,0.663068
31,19,0,0.369454
32,19,0,0.266489
33,19,0,0.294830
34,19,0,0.502036
35,19,0,0.793344
36,19,0,0.917810
37,19,0,0.979419
38,19,0,0.889689
39,19,0,0.719073
40,19,0,0.286688
41,19,0,0.126471
42,19,0,0.018306
43,19,0,0.000000
44,19,0,0.000000
45,19,0,0.000000
46,19,0,0.000000
47,19,0,0.000000
0,20,0,0.170930
1,20,0,0.202884
2,20,0,0.410471
3,20,0,0.762967
4,20,0,0.905105
5,20,0,0.990000
6,20,0,1.000000
7,20,0,1.000000
8,20,0,0.981715
9,20,0,0.768430
10,20,0,0.429941
11,20,0,0.288693
12,20,0,0.192057
13,20,0,0.163771
14,20,0,0.205002
15,20,0,0.401038
16,20,0,0.655692
17,20,0,0.766067
18,20,0,0.814218
19,20,0,0.820085
20,20,0,0.809212
21,20,0,0.739193
22,20,0,0.659509
23,20,0,0.507488
24,20,0,0.345611
25,20,0,0.322149
26,20,0,0.404147
27,20,0,0.527987
28,20,0,0.760858
29,20,0,0.819934
30,20,0,0.745445
31,20,0,0.545062
32,20,0,0.658935
33,20,0,0.834857
34,20,0,0.920108
35,20,0,0.980940
36,20,0,0.896119
37,20,0,0.753132
38,20,0,0.385620
39,20,0,0.176305
40,20,0,0.018331
41,20,0,0.000004
42,20,0,0.000000
43,20,0,0.000000
44,20,0,0.000000
45,20,0,0.000000
46,20,0,0.000000
47,20,0,0.000000
0,21,0,0.829070
1,21,0,0.845467
2,21,0,0.897967
3,21,0,0.988773
4,21,0,1.000000
5,21,0,1.000000
6,21,0,1.000000
7,21,0,1.000000
8,21,0,1.000000
9,21,0,0.963410
10,21,0,0.856695
11,21,0,0.838388
12,21,0,0.838388
13,21,0,0.838389
14,21,0,0.845831
15,21,0,0.900038
16,21,0,0.970825
17,21,0,0.967244
18,21,0,0.879170
19,21,0,0.842257
20,21,0,0.775035
21,21,0,0.546126
22,21,0,0.359697
23,21,0,0.313072
24,21,0,0.355308
25,21,0,0.463194
26,21,0,0.684905
27,21,0,0.783471
28,21,0,0.830828
29,21,0,0.844988
30,21,0,0.882937
31,21,0,0.900358
32,21,0,0.969757
33,21,0,0.985868
34,21,0,0.881025
35,21,0,0.756987
36,21,0,0.405143
37,21,0,0.188390
38,21,0,0.051300
39,21,0,0.005659
40,21,0,0.000000
41,21,0,0.000000
42,21,0,0.000000
43,21,0,0.000000
44,21,0,0.000000
45,21,0,0.000000
46,21,0,0.000000
47,21,0,0.000000
0,22,0,1.000000
1,22,0,1.000000
2,22,0,1.000000
3,22,0,1.000000
4,22,0,1.000000
5,22,0,1.000000
6,22,0,1.000000
7,22,0,1.000000
8,22,0,1.000000
9,22,0,1.000000
10,22,0,1.000000
11,22,0,1.000000
12,22,0,1.000000
13,22,0,1.000000
14,22,0,1.000000
15,22,0,1.000000
16,22,0,1.000000
17,22,0,1.000000
18,22,0,0.985550
19,22,0,0.981696
20,22,0,0.970824
21,22,0,0.900805
22,22,0,0.850845
23,22,0,0.849037
24,22,0,0.884813
25,22,0,0.898975
26,22,0,0.969470
27,22,0,0.981694
28,22,0,0.981694
29,22,0,0.981703
30,22,0,0.988243
31,22,0,0.966945
32,22,0,0.856701
33,22,0,0.737720
34,22,0,0.359606
35,22,0,0.174385
36,22,0,0.057731
37,22,0,0.006749
38,22,0,0.000000
39,22,0,0.000000
40,22,0,0.000000
41,22,0,0.000000
42,22,0,0.000000
43,22,0,0.000000
44,22,0,0.000000
45,22,0,0.000000
46,22,0,0.000000
47,22,0,0.000000
0,23,0,1.000000
1,23,0,1.000000
2,23,0,1.000000
3,23,0,1.000000
4,23,0,1.000000
5,23,0,1.000000
6,23,0,1.000000
7,23,0,1.000000
8,23,0,1.000000
9,23,0,1.000000
10,23,0,1.000000
11,23,0,1.000000
12,23,0,1.000000
13,23,0,1.000000
14,23,0,1.000000
15,23,0,1.000000
16,23,0,1.000000
17,23,0,1.000000
18,23,0,1.000000
19,23,0,1.000000
20,23,0,1.000000
21,23,0,1.000000
22,23,0,1.000000
23,23,0,1.000000
24,23,0,1.000000
25,23,0,1.000000
26,23,0,1.000000
27,23,0,1.000000
28,23,0,1.000000
29,23,0,1.000000
30,23,0,0.982407
31,23,0,0.748371
32,23,0,0.324292
33,23,0,0.175918
34,23,0,0.050855
35,23,0,0.004979
36,23,0,0.000000
37,23,0,0.000000
38,23,0,0.000000
39,23,0,0.000000
40,23,0,0.000000
41,23,0,0.000000
42,23,0,0.000000
43,23,0,0.000000
44,23,0,0.000000
45,23,0,0.000000
46,23,0,0.000000
47,23,0,0.000000
0,0,1,1.000000
1,0,1,1.000000
2,0,1,1.000000
3,0,1,1.000000
4,0,1,1.000000
5,0,1,1.000000
6,0,1,1.000000
7,0,1,1.000000
8,0,1,1.000000
9,0,1,1.000000
10,0,1,1.000000
11,0,1,1.000000
12,0,1,1.000000
13,0,1,1.000000
14,0,1,1.000000
15,0,1,1.000000
16,0,1,1.000000
17,0,1,1.000000
18,0,1,1.000000
19,0,1,1.000000
20,0,1,1.000000
21,0,1,1.000000
22,0,1,1.000000
23,0,1,1.000000
24,0,1,1.000000
25,0,1,1.000000
26,0,1,1.000000
27,0,1,1.000000
28,0,1,1.000000
29,0,1,1.000000
30,0,1,0.899409
31,0,1,0.515604
32,0,1,0.222639
33,0,1,0.161614
34,0,1,0.022558
35,0,1,0.000001
36,0,1,0.000000
37,0,1,0.000000
38,0,1,0.000000
39,0,1,0.000000
40,0,1,0.000000
41,0,1,0.000000
42,0,1,0.000000
43,0,1,0.000000
44,0,1,0.000000
45,0,1,0.000000
46,0,1,0.000000
47,0,1,0.000000
0,1,1,0.985385
1,1,1,1.000000
2,1,1,1.000000
3,1,1,1.000000
4,1,1,1.000000
5,1,1,1.000000
6,1,1,1.000000
7,1,1,1.000000
8,1,1,1.000000
9,1,1,1.000000
10,1,1,1.000000
11,1,1,1.000000
12,1,1,1.000000
13,1,1,1.000000
14,1,1,1.000000
15,1,1,0.987450
16,1,1,0.984501
17,1,1,0.972239
18,1,1,0.897596
19,1,1,0.866310
20,1,1,0.863033
21,1,1,0.853275
22,1,1,0.848161
23,1,1,0.847959
24,1,1,0.853302
25,1,1,0.852663
26,1,1,0.863031
27,1,1,0.863031
28,1,1,0.863039
29,1,1,0.869066
30,1,1,0.900869
31,1,1,0.886285
32,1,1,0.850427
33,1,1,0.729666
34,1,1,0.294927
35,1,1,0.140651
36,1,1,0.021822
37,1,1,0.000078
38,1,1,0.000000
39,1,1,0.000000
40,1,1,0.000000
41,1,1,0.000000
42,1,1,0.000000
43,1,1,0.000000
44,1,1,0.000000
45,1,1,0.000000
46,1,1,0.000000
47,1,1,0.000000
0,2,1,0.753207
1,2,1,0.835143
2,2,1,0.869105
3,2,1,0.971873
4,2,1,1.000000
5,2,1,1.000000
6,2,1,1.000000
7,2,1,0.986126
8,2,1,0.968989
9,2,1,0.878651
10,2,1,0.847535
11,2,1,0.847517
12,2,1,0.847517
13,2,1,0.847517
14,2,1,0.834968
15,2,1,0.765181
16,2,1,0.744635
17,2,1,0.670216
18,2,1,0.437032
19,2,1,0.308532
20,2,1,0.279706
21,2,1,0.217718
22,2,1,0.177953
23,2,1,0.172704
24,2,1,0.194113
25,2,1,0.209371
26,2,1,0.269923
27,2,1,0.283031
28,2,1,0.289495
29,2,1,0.324502
30,2,1,0.496773
31,2,1,0.761905
32,2,1,0.875125
33,2,1,0.953470
34,2,1,0.866635
35,2,1,0.732371
36,2,1,0.309410
37,2,1,0.143284
38,2,1,0.020328
39,2,1,0.000007
40,2,1,0.000000
41,2,1,0.000000
42,2,1,0.000000
43,2,1,0.000000
44,2,1,0.000000
45,2,1,0.000000
46,2,1,0.000000
47,2,1,0.000000
0,3,1,0.146997
1,3,1,0.158556
2,3,1,0.296504
3,3,1,0.658553
4,3,1,0.857448
5,3,1,0.968971
6,3,1,0.970628
7,3,1,0.888640
8,3,1,0.774352
9,3,1,0.486130
10,3,1,0.289557
11,3,1,0.183512
12,3,1,0.154247
13,3,1,0.152494
14,3,1,0.158799
15,3,1,0.192234
16,3,1,0.251478
17,3,1,0.253463
18,3,1,0.187048
19,3,1,0.155762
20,3,1,0.152485
21,3,1,0.142727
22,3,1,0.133311
23,3,1,0.099144
24,3,1,0.051641
25,3,1,0.055719
26,3,1,0.070992
27,3,1,0.093867
28,3,1,0.145918
29,3,1,0.158518
30,3,1,0.192777
31,3,1,0.207508
32,3,1,0.355390
33,3,1,0.651599
34,3,1,0.856698
35,3,1,0.953544
36,3,1,0.869339
37,3,1,0.730955
38,3,1,0.301870
39,3,1,0.131389
40,3,1,0.015518
41,3,1,0.000000
42,3,1,0.000000
43,3,1,0.000000
44,3,1,0.000000
45,3,1,0.000000
46,3,1,0.000000
47,3,1,0.000000
0,4,1,0.000000
1,4,1,0.000013
2,4,1,0.021588
3,4,1,0.131398
4,4,1,0.299466
5,4,1,0.638866
6,4,1,0.825819
7,4,1,0.848442
8,4,1,0.832553
9,4,1,0.741682
10,4,1,0.620141
11,4,1,0.320844
12,4,1,0.064186
13,4,1,0.018602
14,4,1,0.015541
15,4,1,0.024117
16,4,1,0.050787
17,4,1,0.081699
18,4,1,0.130711
19,4,1,0.139727
20,4,1,0.152483
21,4,1,0.152483
22,4,1,0.152483
23,4,1,0.148181
24,4,1,0.133055
25,4,1,0.094457
26,4,1,0.053199
27,4,1,0.061938
28,4,1,0.139566
29,4,1,0.152331
30,4,1,0.132838
31,4,1,0.062037
32,4,1,0.051658
33,4,1,0.140143
34,4,1,0.314581
35,4,1,0.645435
36,4,1,0.856849
37,4,1,0.955423
38,4,1,0.857452
39,4,1,0.665497
40,4,1,0.249278
41,4,1,0.038190
42,4,1,0.001227
43,4,1,0.000000
44,4,1,0.000000
45,4,1,0.000000
46,4,1,0.000000
47,4,1,0.000000
0,5,1,0.000000
1,5,1,0.000000
2,5,1,0.000000
3,5,1,0.000000
4,5,1,0.022556
5,5,1,0.205071
6,5,1,0.537657
7,5,1,0.711834
8,5,1,0.832003
9,5,1,0.847517
10,5,1,0.832002
11,5,1,0.658502
12,5,1,0.359864
13,5,1,0.175672
14,5,1,0.139685
15,5,1,0.136392
16,5,1,0.126250
17,5,1,0.074507
18,5,1,0.051256
19,5,1,0.064595
20,5,1,0.127816
21,5,1,0.138973
22,5,1,0.151874
23,5,1,0.152483
24,5,1,0.152483
25,5,1,0.142967
26,5,1,0.119518
27,5,1,0.125069
28,5,1,0.150255
29,5,1,0.142685
30,5,1,0.075662
31,5,1,0.065674
32,5,1,0.066023
33,5,1,0.052259
34,5,1,0.052008
35,5,1,0.143106
36,5,1,0.317347
37,5,1,0.656785
38,5,1,0.865426
39,5,1,0.958652
40,5,1,0.764252
41,5,1,0.385847
42,5,1,0.147400
43,5,1,0.015515
44,5,1,0.000000
45,5,1,0.000000
46,5,1,0.000000
47,5,1,0.000000
0,6,1,0.000000
1,6,1,0.000000
2,6,1,0.000000
3,6,1,0.000000
4,6,1,0.000000
5,6,1,0.011685
6,6,1,0.106694
7,6,1,0.283155
8,6,1,0.612835
9,6,1,0.745426
10,6,1,0.832663
11,6,1,0.833264
12,6,1,0.674331
13,6,1,0.400721
14,6,1,0.202055
15,6,1,0.155615
16,6,1,0.151898
17,6,1,0.142941
18,6,1,0.138941
19,6,1,0.127816
20,6,1,0.069550
21,6,1,0.061220
22,6,1,0.125947
23,6,1,0.140317
24,6,1,0.152483
25,6,1,0.152483
26,6,1,0.149202
27,6,1,0.150407
28,6,1,0.152483
29,6,1,0.136183
30,6,1,0.058565
31,6,1,0.057881
32,6,1,0.059930
33,6,1,0.058948
34,6,1,0.061242
35,6,1,0.052722
36,6,1,0.052536
37,6,1,0.150978
38,6,1,0.366876
39,6,1,0.759141
40,6,1,0.956004
41,6,1,0.873463
42,6,1,0.655950
43,6,1,0.245497
44,6,1,0.020361
45,6,1,0.000001
46,6,1,0.000000
47,6,1,0.000000
0,7,1,0.000000
1,7,1,0.000000
2,7,1,0.000000
3,7,1,0.000000
4,7,1,0.000000
5,7,1,0.000000
6,7,1,0.000000
7,7,1,0.023081
8,7,1,0.140840
9,7,1,0.344884
10,7,1,0.641875
11,7,1,0.755497
12,7,1,0.821592
13,7,1,0.685209
14,7,1,0.410728
15,7,1,0.212332
16,7,1,0.157026
17,7,1,0.152494
18,7,1,0.152483
19,7,1,0.152483
20,7,1,0.140572
21,7,1,0.129495
22,7,1,0.085078
23,7,1,0.075645
24,7,1,0.133945
25,7,1,0.152483
26,7,1,0.152483
27,7,1,0.152483
28,7,1,0.147352
29,7,1,0.105590
30,7,1,0.064797
31,7,1,0.064221
32,7,1,0.059209
33,7,1,0.060131
34,7,1,0.057911
35,7,1,0.053122
36,7,1,0.068132
37,7,1,0.055413
38,7,1,0.052591
39,7,1,0.258044
40,7,1,0.645886
41,7,1,0.860437
42,7,1,0.956645
43,7,1,0.741502
44,7,1,0.290788
45,7,1,0.063971
46,7,1,0.004816
47,7,1,0.000000
0,8,1,0.000000
1,8,1,0.000000
2,8,1,0.000000
3,8,1,0.000000
4,8,1,0.000000
5,8,1,0.000000
6,8,1,0.000000
7,8,1,0.000000
8,8,1,0.000664
9,8,1,0.050392
10,8,1,0.241974
11,8,1,0.406122
12,8,1,0.649647
13,8,1,0.718724
14,8,1,0.609526
15,8,1,0.388083
16,8,1,0.226665
17,8,1,0.159269
18,8,1,0.152492
19,8,1,0.152483
20,8,1,0.152483
21,8,1,0.152483
22,8,1,0.143006
23,8,1,0.133945
24,8,1,0.111797
25,8,1,0.145503
26,8,1,0.152483
27,8,1,0.152483
28,8,1,0.143221
29,8,1,0.087942
30,8,1,0.071829
31,8,1,0.069430
32,8,1,0.064321
33,8,1,0.062763
34,8,1,0.061537
35,8,1,0.057126
36,8,1,0.052544
37,8,1,0.059580
38,8,1,0.058272
39,8,1,0.054402
40,8,1,0.149510
41,8,1,0.333552
42,8,1,0.753037
43,8,1,0.957034
44,8,1,0.789115
45,8,1,0.448626
46,8,1,0.164865
47,8,1,0.018189
0,9,1,0.000000
1,9,1,0.000000
2,9,1,0.000000
3,9,1,0.000000
4,9,1,0.000000
5,9,1,0.000000
6,9,1,0.000000
7,9,1,0.000000
8,9,1,0.000000
9,9,1,0.000000
10,9,1,0.033417
11,9,1,0.150945
12,9,1,0.261328
13,9,1,0.301903
14,9,1,0.395592
15,9,1,0.422921
16,9,1,0.348189
17,9,1,0.196863
18,9,1,0.152827
19,9,1,0.152484
20,9,1,0.152483
21,9,1,0.152483
22,9,1,0.152483
23,9,1,0.152483
24,9,1,0.145503
25,9,1,0.152483
26,9,1,0.152483
27,9,1,0.149090
28,9,1,0.128841
29,9,1,0.093013
30,9,1,0.082404
31,9,1,0.072743
32,9,1,0.070342
33,9,1,0.067497
34,9,1,0.062744
35,9,1,0.060162
36,9,1,0.053945
37,9,1,0.055018
38,9,1,0.055031
39,9,1,0.076983
40,9,1,0.059161
41,9,1,0.055276
42,9,1,0.261549
43,9,1,0.696479
44,9,1,0.901606
45,9,1,0.880177
46,9,1,0.640928
47,9,1,0.286377
0,10,1,0.000000
1,10,1,0.000000
2,10,1,0.000000
3,10,1,0.000000
4,10,1,0.000000
5,10,1,0.000000
6,10,1,0.000000
7,10,1,0.000000
8,10,1,0.000000
9,10,1,0.000000
10,10,1,0.000056
11,10,1,0.031354
12,10,1,0.125746
13,10,1,0.157538
14,10,1,0.190337
15,10,1,0.244615
16,10,1,0.269192
17,10,1,0.187418
18,10,1,0.154566
19,10,1,0.152500
20,10,1,0.152483
21,10,1,0.152483
22,10,1,0.152483
23,10,1,0.152483
24,10,1,0.152483
25,10,1,0.152483
26,10,1,0.150689
27,10,1,0.126159
28,10,1,0.090942
29,10,1,0.094001
30,10,1,0.093868
31,10,1,0.083537
32,10,1,0.077637
33,10,1,0.072028
34,10,1,0.063415
35,10,1,0.057201
36,10,1,0.056844
37,10,1,0.053780
38,10,1,0.051225
39,10,1,0.055890
40,10,1,0.060480
41,10,1,0.066240
42,10,1,0.050167
43,10,1,0.197123
44,10,1,0.518584
45,10,1,0.807274
46,10,1,0.953754
47,10,1,0.856577
0,11,1,0.000000
1,11,1,0.000000
2,11,1,0.000000
3,11,1,0.000000
4,11,1,0.000000
5,11,1,0.000000
6,11,1,0.000000
7,11,1,0.000000
8,11,1,0.000000
9,11,1,0.000000
10,11,1,0.000000
11,11,1,0.004202
12,11,1,0.059345
13,11,1,0.141117
14,11,1,0.153051
15,11,1,0.159893
16,11,1,0.179722
17,11,1,0.165863
18,11,1,0.155137
19,11,1,0.152570
20,11,1,0.152483
21,11,1,0.152483
22,11,1,0.152483
23,11,1,0.152483
24,11,1,0.152483
25,11,1,0.152483
26,11,1,0.144477
27,11,1,0.089124
28,11,1,0.082683
29,11,1,0.087573
30,11,1,0.093517
31,11,1,0.095497
32,11,1,0.085838
33,11,1,0.072369
34,11,1,0.061371
35,11,1,0.056170
36,11,1,0.055847
37,11,1,0.050243
38,11,1,0.051913
39,11,1,0.053651
40,11,1,0.056790
41,11,1,0.052456
42,11,1,0.067631
43,11,1,0.051388
44,11,1,0.090504
45,11,1,0.343084
46,11,1,0.874151
47,11,1,1.000000
0,12,1,0.000000
1,12,1,0.000000
2,12,1,0.000000
3,12,1,0.000000
4,12,1,0.000000
5,12,1,0.000000
6,12,1,0.000000
7,12,1,0.000000
8,12,1,0.000000
9,12,1,0.000000
10,12,1,0.000000
11,12,1,0.004203
12,12,1,0.059350
13,12,1,0.141118
14,12,1,0.153051
15,12,1,0.159890
16,12,1,0.179708
17,12,1,0.165858
18,12,1,0.155136
19,12,1,0.152570
20,12,1,0.152483
21,12,1,0.152483
22,12,1,0.152483
23,12,1,0.152483
24,12,1,0.152483
25,12,1,0.152483
26,12,1,0.144480
27,12,1,0.089153
28,12,1,0.082708
29,12,1,0.087522
30,12,1,0.093260
31,12,1,0.095101
32,12,1,0.085655
33,12,1,0.072600
34,12,1,0.061698
35,12,1,0.056469
36,12,1,0.056859
37,12,1,0.051068
38,12,1,0.052532
39,12,1,0.053241
40,12,1,0.055144
41,12,1,0.050237
42,12,1,0.067144
43,12,1,0.052933
44,12,1,0.091223
45,12,1,0.343210
46,12,1,0.874187
47,12,1,1.000000
0,13,1,0.000000
1,13,1,0.000000
2,13,1,0.000000
3,13,1,0.000000
4,13,1,0.000000
5,13,1,0.000000
6,13,1,0.000000
7,13,1,0.000000
8,13,1,0.000000
9,13,1,0.000000
10,13,1,0.000056
11,13,1,0.031355
12,13,1,0.125747
13,13,1,0.157537
14,13,1,0.190323
15,13,1,0.244565
16,13,1,0.269100
17,13,1,0.187392
18,13,1,0.154565
19,13,1,0.152500
20,13,1,0.152483
21,13,1,0.152483
22,13,1,0.152483
23,13,1,0.152483
24,13,1,0.152483
25,13,1,0.152483
26,13,1,0.150702
27,13,1,0.126242
28,13,1,0.090930
29,13,1,0.093761
30,13,1,0.093283
31,13,1,0.082775
32,13,1,0.077126
33,13,1,0.072281
34,13,1,0.064259
35,13,1,0.058126
36,13,1,0.056938
37,13,1,0.051946
38,13,1,0.051019
39,13,1,0.050308
40,13,1,0.053286
41,13,1,0.059254
42,13,1,0.046450
43,13,1,0.197195
44,13,1,0.518977
45,13,1,0.807104
46,13,1,0.952649
47,13,1,0.856353
0,14,1,0.000000
1,14,1,0.000000
2,14,1,0.000000
3,14,1,0.000000
4,14,1,0.000000
5,14,1,0.000000
6,14,1,0.000000
7,14,1,0.000000
8,14,1,0.000000
9,14,1,0.000000
10,14,1,0.033417
11,14,1,0.150943
12,14,1,0.261328
13,14,1,0.301894
14,14,1,0.395534
15,14,1,0.422763
16,14,1,0.348010
17,14,1,0.196814
18,14,1,0.152827
19,14,1,0.152484
20,14,1,0.152483
21,14,1,0.152483
22,14,1,0.152483
23,14,1,0.152483
24,14,1,0.145509
25,14,1,0.152483
26,14,1,0.152483
27,14,1,0.149085
28,14,1,0.128692
29,14,1,0.092642
30,14,1,0.081917
31,14,1,0.072208
32,14,1,0.069757
33,14,1,0.067183
34,14,1,0.063046
35,14,1,0.061403
36,14,1,0.054218
37,14,1,0.053242
38,14,1,0.051599
39,14,1,0.065781
40,14,1,0.046827
41,14,1,0.050281
42,14,1,0.260529
43,14,1,0.695707
44,14,1,0.901451
45,14,1,0.878921
46,14,1,0.637579
47,14,1,0.285070
0,15,1,0.000000
1,15,1,0.000000
2,15,1,0.000000
3,15,1,0.000000
4,15,1,0.000000
5,15,1,0.000000
6,15,1,0.000000
7,15,1,0.000000
8,15,1,0.000664
9,15,1,0.050391
10,15,1,0.241972
11,15,1,0.406118
12,15,1,0.649645
13,15,1,0.718720
14,15,1,0.609473
15,15,1,0.387978
16,15,1,0.226593
17,15,1,0.159261
18,15,1,0.152492
19,15,1,0.152483
20,15,1,0.152483
21,15,1,0.152483
22,15,1,0.143005
23,15,1,0.133951
24,15,1,0.111835
25,15,1,0.145509
26,15,1,0.152483
27,15,1,0.152483
28,15,1,0.143171
29,15,1,0.087687
30,15,1,0.071581
31,15,1,0.069204
32,15,1,0.063923
33,15,1,0.062053
34,15,1,0.060948
35,15,1,0.057810
36,15,1,0.051748
37,15,1,0.056765
38,15,1,0.055864
39,15,1,0.051810
40,15,1,0.146644
41,15,1,0.333356
42,15,1,0.753054
43,15,1,0.956897
44,15,1,0.788974
45,15,1,0.448059
46,15,1,0.163632
47,15,1,0.017965
0,16,1,0.000000
1,16,1,0.000000
2,16,1,0.000000
3,16,1,0.000000
4,16,1,0.000000
5,16,1,0.000000
6,16,1,0.000000
7,16,1,0.023078
8,16,1,0.140839
9,16,1,0.344880
10,16,1,0.641873
11,16,1,0.755496
12,16,1,0.821590
13,16,1,0.685182
14,16,1,0.410672
15,16,1,0.212293
16,16,1,0.157022
17,16,1,0.152494
18,16,1,0.152483
19,16,1,0.152483
20,16,1,0.140570
21,16,1,0.129494
22,16,1,0.085067
23,16,1,0.075639
24,16,1,0.133951
25,16,1,0.152483
26,16,1,0.152483
27,16,1,0.152483
28,16,1,0.147345
29,16,1,0.105510
30,16,1,0.064703
31,16,1,0.064111
32,16,1,0.059016
33,16,1,0.059653
34,16,1,0.056976
35,16,1,0.051512
36,16,1,0.064359
37,16,1,0.053217
38,16,1,0.050701
39,16,1,0.258131
40,16,1,0.646157
41,16,1,0.860518
42,16,1,0.956650
43,16,1,0.741382
44,16,1,0.290661
45,16,1,0.063830
46,16,1,0.004794
47,16,1,0.000000
0,17,1,0.000000
1,17,1,0.000000
2,17,1,0.000000
3,17,1,0.000000
4,17,1,0.000000
5,17,1,0.011681
6,17,1,0.106671
7,17,1,0.283136
8,17,1,0.612832
9,17,1,0.745425
10,17,1,0.832663
11,17,1,0.833263
12,17,1,0.674317
13,17,1,0.400686
14,17,1,0.202028
15,17,1,0.155612
16,17,1,0.151891
17,17,1,0.142937
18,17,1,0.138939
19,17,1,0.127811
20,17,1,0.069535
21,17,1,0.061203
22,17,1,0.125902
23,17,1,0.140309
24,17,1,0.152483
25,17,1,0.152483
26,17,1,0.149184
27,17,1,0.150405
28,17,1,0.152483
29,17,1,0.136175
30,17,1,0.058548
31,17,1,0.057791
32,17,1,0.059813
33,17,1,0.058744
34,17,1,0.060571
35,17,1,0.051188
36,17,1,0.050251
37,17,1,0.151631
38,17,1,0.367060
39,17,1,0.759378
40,17,1,0.956043
41,17,1,0.873481
42,17,1,0.656121
43,17,1,0.245509
44,17,1,0.020346
45,17,1,0.000001
46,17,1,0.000000
47,17,1,0.000000
0,18,1,0.000000
1,18,1,0.000000
2,18,1,0.000000
3,18,1,0.000000
4,18,1,0.022554
5,18,1,0.205051
6,18,1,0.537597
7,18,1,0.711812
8,18,1,0.832003
9,18,1,0.847517
10,18,1,0.832002
11,18,1,0.658499
12,18,1,0.359851
13,18,1,0.175658
14,18,1,0.139684
15,18,1,0.136385
16,18,1,0.126200
17,18,1,0.074471
18,18,1,0.051235
19,18,1,0.064574
20,18,1,0.127811
21,18,1,0.138972
22,18,1,0.151867
23,18,1,0.152483
24,18,1,0.152483
25,18,1,0.142934
26,18,1,0.119408
27,18,1,0.125042
28,18,1,0.150273
29,18,1,0.142691
30,18,1,0.075693
31,18,1,0.065655
32,18,1,0.066040
33,18,1,0.052289
34,18,1,0.051871
35,18,1,0.142293
36,18,1,0.315013
37,18,1,0.661761
38,18,1,0.866553
39,18,1,0.958654
40,18,1,0.764241
41,18,1,0.385812
42,18,1,0.147418
43,18,1,0.015515
44,18,1,0.000000
45,18,1,0.000000
46,18,1,0.000000
47,18,1,0.000000
0,19,1,0.000000
1,19,1,0.000013
2,19,1,0.021587
3,19,1,0.131395
4,19,1,0.299452
5,19,1,0.638860
6,19,1,0.825798
7,19,1,0.848438
8,19,1,0.832553
9,19,1,0.741682
10,19,1,0.620141
11,19,1,0.320843
12,19,1,0.064179
13,19,1,0.018600
14,19,1,0.015541
15,19,1,0.024105
16,19,1,0.050744
17,19,1,0.081644
18,19,1,0.130701
19,19,1,0.139724
20,19,1,0.152483
21,19,1,0.152483
22,19,1,0.152483
23,19,1,0.148161
24,19,1,0.133036
25,19,1,0.094372
26,19,1,0.053164
27,19,1,0.061963
28,19,1,0.139677
29,19,1,0.152350
30,19,1,0.132854
31,19,1,0.062128
32,19,1,0.051707
33,19,1,0.140161
34,19,1,0.314499
35,19,1,0.645412
36,19,1,0.856318
37,19,1,0.956366
38,19,1,0.857448
39,19,1,0.665325
40,19,1,0.249246
41,19,1,0.038178
42,19,1,0.001225
43,19,1,0.000000
44,19,1,0.000000
45,19,1,0.000000
46,19,1,0.000000
47,19,1,0.000000
0,20,1,0.146997
1,20,1,0.158555
2,20,1,0.296498
3,20,1,0.658550
4,20,1,0.857446
5,20,1,0.968971
6,20,1,0.970627
7,20,1,0.888639
8,20,1,0.774352
9,20,1,0.486130
10,20,1,0.289557
11,20,1,0.183512
12,20,1,0.154247
13,20,1,0.152494
14,20,1,0.158792
15,20,1,0.192193
16,20,1,0.251466
17,20,1,0.253455
18,20,1,0.187046
19,20,1,0.155762
20,20,1,0.152485
21,20,1,0.143270
22,20,1,0.133300
23,20,1,0.099021
24,20,1,0.051597
25,20,1,0.055713
26,20,1,0.071019
27,20,1,0.093907
28,20,1,0.145943
29,20,1,0.158076
30,20,1,0.190239
31,20,1,0.207302
32,20,1,0.355428
33,20,1,0.651603
34,20,1,0.856685
35,20,1,0.953543
36,20,1,0.869203
37,20,1,0.730980
38,20,1,0.302023
39,20,1,0.131386
40,20,1,0.015518
41,20,1,0.000000
42,20,1,0.000000
43,20,1,0.000000
44,20,1,0.000000
45,20,1,0.000000
46,20,1,0.000000
47,20,1,0.000000
0,21,1,0.753206
1,21,1,0.835143
2,21,1,0.869104
3,21,1,0.971873
4,21,1,1.000000
5,21,1,1.000000
6,21,1,1.000000
7,21,1,0.986126
8,21,1,0.968989
9,21,1,0.878651
10,21,1,0.847535
11,21,1,0.847517
12,21,1,0.847517
13,21,1,0.847517
14,21,1,0.834968
15,21,1,0.765176
16,21,1,0.744635
17,21,1,0.670215
18,21,1,0.437027
19,21,1,0.308531
20,21,1,0.280250
21,21,1,0.220896
22,21,1,0.178555
23,21,1,0.172700
24,21,1,0.194146
25,21,1,0.209427
26,21,1,0.269936
27,21,1,0.283037
28,21,1,0.289494
29,21,1,0.321931
30,21,1,0.489105
31,21,1,0.759611
32,21,1,0.875167
33,21,1,0.953470
34,21,1,0.866574
35,21,1,0.732236
36,21,1,0.308638
37,21,1,0.143148
38,21,1,0.020354
39,21,1,0.000007
40,21,1,0.000000
41,21,1,0.000000
42,21,1,0.000000
43,21,1,0.000000
44,21,1,0.000000
45,21,1,0.000000
46,21,1,0.000000
47,21,1,0.000000
0,22,1,0.985385
1,22,1,1.000000
2,22,1,1.000000
3,22,1,1.000000
4,22,1,1.000000
5,22,1,1.000000
6,22,1,1.000000
7,22,1,1.000000
8,22,1,1.000000
9,22,1,1.000000
10,22,1,1.000000
11,22,1,1.000000
12,22,1,1.000000
13,22,1,1.000000
14,22,1,1.000000
15,22,1,0.987450
16,22,1,0.984501
17,22,1,0.972239
18,22,1,0.897594
19,22,1,0.866310
20,22,1,0.863033
21,22,1,0.853819
22,22,1,0.848171
23,22,1,0.847960
24,22,1,0.853307
25,22,1,0.852671
26,22,1,0.863031
27,22,1,0.863031
28,22,1,0.863039
29,22,1,0.868625
30,22,1,0.898404
31,22,1,0.886522
32,22,1,0.850531
33,22,1,0.729605
34,22,1,0.294571
35,22,1,0.140588
36,22,1,0.021687
37,22,1,0.000077
38,22,1,0.000000
39,22,1,0.000000
40,22,1,0.000000
41,22,1,0.000000
42,22,1,0.000000
43,22,1,0.000000
44,22,1,0.000000
45,22,1,0.000000
46,22,1,0.000000
47,22,1,0.000000
0,23,1,1.000000
1,23,1,1.000000
2,23,1,1.000000
3,23,1,1.000000
4,23,1,1.000000
5,23,1,1.000000
6,23,1,1.000000
7,23,1,1.000000
8,23,1,1.000000
9,23,1,1.000000
10,23,1,1.000000
11,23,1,1.000000
12,23,1,1.000000
13,23,1,1.000000
14,23,1,1.000000
15,23,1,1.000000
16,23,1,1.000000
17,23,1,1.000000
18,23,1,1.000000
19,23,1,1.000000
20,23,1,1.000000
21,23,1,1.000000
22,23,1,1.000000
23,23,1,1.000000
24,23,1,1.000000
25,23,1,1.000000
26,23,1,1.000000
27,23,1,1.000000
28,23,1,1.000000
29,23,1,1.000000
30,23,1,0.900159
31,23,1,0.517941
32,23,1,0.223390
33,23,1,0.161614
34,23,1,0.022486
35,23,1,0.000001
36,23,1,0.000000
37,23,1,0.000000
38,23,1,0.000000
39,23,1,0.000000
40,23,1,0.000000
41,23,1,0.000000
42,23,1,0.000000
43,23,1,0.000000
44,23,1,0.000000
45,23,1,0.000000
46,23,1,0.000000
47,23,1,0.000000
0,0,2,1.000000
1,0,2,1.000000
2,0,2,1.000000
3,0,2,1.000000
4,0,2,1.000000
5,0,2,1.000000
6,0,2,1.000000
7,0,2,1.000000
8,0,2,1.000000
9,0,2,1.000000
10,0,2,1.000000
11,0,2,1.000000
12,0,2,1.000000
13,0,2,1.000000
14,0,2,1.000000
15,0,2,1.000000
16,0,2,1.000000
17,0,2,1.000000
18,0,2,1.000000
19,0,2,1.000000
20,0,2,1.000000
21,0,2,1.000000
22,0,2,1.000000
23,0,2,1.000000
24,0,2,1.000000
25,0,2,1.000000
26,0,2,1.000000
27,0,2,1.000000
28,0,2,1.000000
29,0,2,1.000000
30,0,2,0.890241
31,0,2,0.446139
32,0,2,0.213465
33,0,2,0.161612
34,0,2,0.018307
35,0,2,0.000000
36,0,2,0.000000
37,0,2,0.000000
38,0,2,0.000000
39,0,2,0.000000
40,0,2,0.000000
41,0,2,0.000000
42,0,2,0.000000
43,0,2,0.000000
44,0,2,0.000000
45,0,2,0.000000
46,0,2,0.000000
47,0,2,0.000000
0,1,2,0.900204
1,1,2,0.987614
2,1,2,1.000000
3,1,2,1.000000
4,1,2,1.000000
5,1,2,1.000000
6,1,2,1.000000
7,1,2,1.000000
8,1,2,1.000000
9,1,2,1.000000
10,1,2,1.000000
11,1,2,1.000000
12,1,2,1.000000
13,1,2,1.000000
14,1,2,0.987450
15,1,2,0.898805
16,1,2,0.866103
17,1,2,0.863047
18,1,2,0.850785
19,1,2,0.847519
20,1,2,0.847517
21,1,2,0.847517
22,1,2,0.847517
23,1,2,0.847517
24,1,2,0.847517
25,1,2,0.847517
26,1,2,0.847517
27,1,2,0.847517
28,1,2,0.847517
29,1,2,0.847524
30,1,2,0.853817
31,1,2,0.852561
32,1,2,0.847825
33,1,2,0.726064
34,1,2,0.273942
35,1,2,0.136972
36,1,2,0.015610
37,1,2,0.000003
38,1,2,0.000000
39,1,2,0.000000
40,1,2,0.000000
41,1,2,0.000000
42,1,2,0.000000
43,1,2,0.000000
44,1,2,0.000000
45,1,2,0.000000
46,1,2,0.000000
47,1,2,0.000000
0,2,2,0.497666
1,2,2,0.762938
2,2,2,0.850419
3,2,2,0.898278
4,2,2,0.987375
5,2,2,1.000000
6,2,2,0.986126
7,2,2,0.889749
8,2,2,0.864672
9,2,2,0.847535
10,2,2,0.847517
11,2,2,0.847517
12,2,2,0.847517
13,2,2,0.847517
14,2,2,0.761820
15,2,2,0.449099
16,2,2,0.294546
17,2,2,0.261798
18,2,2,0.187047
19,2,2,0.155762
20,2,2,0.152485
21,2,2,0.152483
22,2,2,0.152483
23,2,2,0.152483
24,2,2,0.152483
25,2,2,0.152483
26,2,2,0.152483
27,2,2,0.152483
28,2,2,0.152491
29,2,2,0.158518
30,2,2,0.285478
31,2,2,0.652193
32,2,2,0.824141
33,2,2,0.863111
34,2,2,0.847529
35,2,2,0.726158
36,2,2,0.274452
37,2,2,0.137064
38,2,2,0.015522
39,2,2,0.000000
40,2,2,0.000000
41,2,2,0.000000
42,2,2,0.000000
43,2,2,0.000000
44,2,2,0.000000
45,2,2,0.000000
46,2,2,0.000000
47,2,2,0.000000
0,3,2,0.061816
1,3,2,0.140109
2,3,2,0.187802
3,3,2,0.431745
4,3,2,0.761309
5,3,2,0.863047
6,3,2,0.768935
7,3,2,0.437287
8,3,2,0.285691
9,3,2,0.183617
10,3,2,0.168016
11,3,2,0.152483
12,3,2,0.152483
13,3,2,0.152483
14,3,2,0.139933
15,3,2,0.051288
16,3,2,0.018588
17,3,2,0.015531
18,3,2,0.003268
19,3,2,0.000002
20,3,2,0.000000
21,3,2,0.000000
22,3,2,0.000000
23,3,2,0.000000
24,3,2,0.000000
25,3,2,0.000000
26,3,2,0.000000
27,3,2,0.000000
28,3,2,0.000000
29,3,2,0.000007
30,3,2,0.018082
31,3,2,0.113582
32,3,2,0.164656
33,3,2,0.364633
34,3,2,0.741665
35,3,2,0.863094
36,3,2,0.847621
37,3,2,0.726073
38,3,2,0.263587
39,3,2,0.066002
40,3,2,0.005121
41,3,2,0.000000
42,3,2,0.000000
43,3,2,0.000000
44,3,2,0.000000
45,3,2,0.000000
46,3,2,0.000000
47,3,2,0.000000
0,4,2,0.000000
1,4,2,0.000000
2,4,2,0.002902
3,4,2,0.050761
4,4,2,0.155373
5,4,2,0.258531
6,4,2,0.275748
7,4,2,0.191705
8,4,2,0.157760
9,4,2,0.136988
10,4,2,0.121454
11,4,2,0.031029
12,4,2,0.001261
13,4,2,0.000000
14,4,2,0.000000
15,4,2,0.000000
16,4,2,0.000000
17,4,2,0.000000
18,4,2,0.000000
19,4,2,0.000000
20,4,2,0.000000
21,4,2,0.000000
22,4,2,0.000000
23,4,2,0.000000
24,4,2,0.000000
25,4,2,0.000000
26,4,2,0.000000
27,4,2,0.000000
28,4,2,0.000000
29,4,2,0.000000
30,4,2,0.000000
31,4,2,0.000000
32,4,2,0.000012
33,4,2,0.031108
34,4,2,0.152555
35,4,2,0.364569
36,4,2,0.743597
37,4,2,0.876324
38,4,2,0.778509
39,4,2,0.483732
40,4,2,0.187454
41,4,2,0.016775
42,4,2,0.000005
43,4,2,0.000000
44,4,2,0.000000
45,4,2,0.000000
46,4,2,0.000000
47,4,2,0.000000
0,5,2,0.000000
1,5,2,0.000000
2,5,2,0.000000
3,5,2,0.000000
4,5,2,0.000000
5,5,2,0.027215
6,5,2,0.099772
7,5,2,0.136785
8,5,2,0.153017
9,5,2,0.152483
10,5,2,0.152483
11,5,2,0.122715
12,5,2,0.038379
13,5,2,0.003977
14,5,2,0.000000
15,5,2,0.000000
16,5,2,0.000000
17,5,2,0.000000
18,5,2,0.000000
19,5,2,0.000000
20,5,2,0.000000
21,5,2,0.000000
22,5,2,0.000000
23,5,2,0.000000
24,5,2,0.000000
25,5,2,0.000000
26,5,2,0.000000
27,5,2,0.000000
28,5,2,0.000000
29,5,2,0.000000
30,5,2,0.000000
31,5,2,0.000000
32,5,2,0.000000
33,5,2,0.000000
34,5,2,0.000009
35,5,2,0.031090
36,5,2,0.165787
37,5,2,0.409552
38,5,2,0.760069
39,5,2,0.897997
40,5,2,0.732445
41,5,2,0.268963
42,5,2,0.054648
43,5,2,0.003275
44,5,2,0.000000
45,5,2,0.000000
46,5,2,0.000000
47,5,2,0.000000
0,6,2,0.000000
1,6,2,0.000000
2,6,2,0.000000
3,6,2,0.000000
4,6,2,0.000000
5,6,2,0.000000
6,6,2,0.011685
7,6,2,0.031029
8,6,2,0.121454
9,6,2,0.137629
10,6,2,0.152483
11,6,2,0.152483
12,6,2,0.125431
13,6,2,0.046857
14,6,2,0.005843
15,6,2,0.000001
16,6,2,0.000000
17,6,2,0.000000
18,6,2,0.000000
19,6,2,0.000000
20,6,2,0.000000
21,6,2,0.000000
22,6,2,0.000000
23,6,2,0.000000
24,6,2,0.000000
25,6,2,0.000000
26,6,2,0.000000
27,6,2,0.000000
28,6,2,0.000000
29,6,2,0.000000
30,6,2,0.000000
31,6,2,0.000000
32,6,2,0.000000
33,6,2,0.000000
34,6,2,0.000000
35,6,2,0.000000
36,6,2,0.002757
37,6,2,0.050749
38,6,2,0.264742
39,6,2,0.727915
40,6,2,0.872031
41,6,2,0.766517
42,6,2,0.440014
43,6,2,0.170153
44,6,2,0.014828
45,6,2,0.000000
46,6,2,0.000000
47,6,2,0.000000
0,7,2,0.000000
1,7,2,0.000000
2,7,2,0.000000
3,7,2,0.000000
4,7,2,0.000000
5,7,2,0.000000
6,7,2,0.000000
7,7,2,0.000000
8,7,2,0.016175
9,7,2,0.034878
10,7,2,0.122114
11,7,2,0.139357
12,7,2,0.152483
13,7,2,0.127297
14,7,2,0.049258
15,7,2,0.007607
16,7,2,0.000012
17,7,2,0.000000
18,7,2,0.000000
19,7,2,0.000000
20,7,2,0.000000
21,7,2,0.000000
22,7,2,0.000000
23,7,2,0.000000
24,7,2,0.000000
25,7,2,0.000000
26,7,2,0.000000
27,7,2,0.000000
28,7,2,0.000000
29,7,2,0.000000
30,7,2,0.000000
31,7,2,0.000000
32,7,2,0.000000
33,7,2,0.000000
34,7,2,0.000000
35,7,2,0.000005
36,7,2,0.006298
37,7,2,0.029039
38,7,2,0.046551
39,7,2,0.174585
40,7,2,0.396223
41,7,2,0.754538
42,7,2,0.879795
43,7,2,0.707057
44,7,2,0.252846
45,7,2,0.020514
46,7,2,0.000027
47,7,2,0.000000
0,8,2,0.000000
1,8,2,0.000000
2,8,2,0.000000
3,8,2,0.000000
4,8,2,0.000000
5,8,2,0.000000
6,8,2,0.000000
7,8,2,0.000000
8,8,2,0.000000
9,8,2,0.000660
10,8,2,0.017903
11,8,2,0.044949
12,8,2,0.123842
13,8,2,0.137057
14,8,2,0.118074
15,8,2,0.050621
16,8,2,0.011211
17,8,2,0.000020
18,8,2,0.000000
19,8,2,0.000000
20,8,2,0.000000
21,8,2,0.000000
22,8,2,0.000000
23,8,2,0.000000
24,8,2,0.000000
25,8,2,0.000000
26,8,2,0.000000
27,8,2,0.000000
28,8,2,0.000000
29,8,2,0.000000
30,8,2,0.000000
31,8,2,0.000000
32,8,2,0.000000
33,8,2,0.000000
34,8,2,0.000000
35,8,2,0.000027
36,8,2,0.005616
37,8,2,0.042549
38,8,2,0.066193
39,8,2,0.051100
40,8,2,0.061980
41,8,2,0.267720
42,8,2,0.729783
43,8,2,0.902367
44,8,2,0.733713
45,8,2,0.287495
46,8,2,0.038518
47,8,2,0.000447
0,9,2,0.000000
1,9,2,0.000000
2,9,2,0.000000
3,9,2,0.000000
4,9,2,0.000000
5,9,2,0.000000
6,9,2,0.000000
7,9,2,0.000000
8,9,2,0.000000
9,9,2,0.000000
10,9,2,0.000000
11,9,2,0.002388
12,9,2,0.015603
13,9,2,0.020563
14,9,2,0.051033
15,9,2,0.068602
16,9,2,0.051564
17,9,2,0.007012
18,9,2,0.000009
19,9,2,0.000000
20,9,2,0.000000
21,9,2,0.000000
22,9,2,0.000000
23,9,2,0.000000
24,9,2,0.000000
25,9,2,0.000000
26,9,2,0.000000
27,9,2,0.000000
28,9,2,0.000000
29,9,2,0.000000
30,9,2,0.000000
31,9,2,0.000000
32,9,2,0.000000
33,9,2,0.000000
34,9,2,0.000001
35,9,2,0.001490
36,9,2,0.023345
37,9,2,0.059497
38,9,2,0.054678
39,9,2,0.058793
40,9,2,0.058788
41,9,2,0.053526
42,9,2,0.225943
43,9,2,0.593647
44,9,2,0.892122
45,9,2,0.760959
46,9,2,0.372650
47,9,2,0.182855
0,10,2,0.000000
1,10,2,0.000000
2,10,2,0.000000
3,10,2,0.000000
4,10,2,0.000000
5,10,2,0.000000
6,10,2,0.000000
7,10,2,0.000000
8,10,2,0.000000
9,10,2,0.000000
10,10,2,0.000000
11,10,2,0.000000
12,10,2,0.000000
13,10,2,0.000090
14,10,2,0.004932
15,10,2,0.014974
16,10,2,0.028728
17,10,2,0.005642
18,10,2,0.000306
19,10,2,0.000001
20,10,2,0.000000
21,10,2,0.000000
22,10,2,0.000000
23,10,2,0.000000
24,10,2,0.000000
25,10,2,0.000000
26,10,2,0.000000
27,10,2,0.000000
28,10,2,0.000000
29,10,2,0.000000
30,10,2,0.000000
31,10,2,0.000000
32,10,2,0.000000
33,10,2,0.000000
34,10,2,0.000003
35,10,2,0.009823
36,10,2,0.044513
37,10,2,0.053391
38,10,2,0.052449
39,10,2,0.056992
40,10,2,0.059038
41,10,2,0.074876
42,10,2,0.049717
43,10,2,0.193383
44,10,2,0.573750
45,10,2,0.812969
46,10,2,0.865530
47,10,2,0.838836
0,11,2,0.000000
1,11,2,0.000000
2,11,2,0.000000
3,11,2,0.000000
4,11,2,0.000000
5,11,2,0.000000
6,11,2,0.000000
7,11,2,0.000000
8,11,2,0.000000
9,11,2,0.000000
10,11,2,0.000000
11,11,2,0.000000
12,11,2,0.000000
13,11,2,0.000000
14,11,2,0.000026
15,11,2,0.000692
16,11,2,0.004874
17,11,2,0.002502
18,11,2,0.000389
19,11,2,0.000013
20,11,2,0.000000
21,11,2,0.000000
22,11,2,0.000000
23,11,2,0.000000
24,11,2,0.000000
25,11,2,0.000000
26,11,2,0.000000
27,11,2,0.000000
28,11,2,0.000000
29,11,2,0.000000
30,11,2,0.000000
31,11,2,0.000000
32,11,2,0.000000
33,11,2,0.000000
34,11,2,0.000010
35,11,2,0.008247
36,11,2,0.042977
37,11,2,0.045549
38,11,2,0.052133
39,11,2,0.062074
40,11,2,0.067054
41,11,2,0.056686
42,11,2,0.056331
43,11,2,0.049853
44,11,2,0.108518
45,11,2,0.289481
46,11,2,0.863594
47,11,2,1.000000
0,12,2,0.000000
1,12,2,0.000000
2,12,2,0.000000
3,12,2,0.000000
4,12,2,0.000000
5,12,2,0.000000
6,12,2,0.000000
7,12,2,0.000000
8,12,2,0.000000
9,12,2,0.000000
10,12,2,0.000000
11,12,2,0.000000
12,12,2,0.000000
13,12,2,0.000000
14,12,2,0.000026
15,12,2,0.000692
16,12,2,0.004871
17,12,2,0.002501
18,12,2,0.000389
19,12,2,0.000013
20,12,2,0.000000
21,12,2,0.000000
22,12,2,0.000000
23,12,2,0.000000
24,12,2,0.000000
25,12,2,0.000000
26,12,2,0.000000
27,12,2,0.000000
28,12,2,0.000000
29,12,2,0.000000
30,12,2,0.000000
31,12,2,0.000000
32,12,2,0.000000
33,12,2,0.000000
34,12,2,0.000010
35,12,2,0.009407
36,12,2,0.047172
37,12,2,0.049257
38,12,2,0.053675
39,12,2,0.060459
40,12,2,0.064336
41,12,2,0.051982
42,12,2,0.054271
43,12,2,0.051050
44,12,2,0.109723
45,12,2,0.289609
46,12,2,0.863596
47,12,2,1.000000
0,13,2,0.000000
1,13,2,0.000000
2,13,2,0.000000
3,13,2,0.000000
4,13,2,0.000000
5,13,2,0.000000
6,13,2,0.000000
7,13,2,0.000000
8,13,2,0.000000
9,13,2,0.000000
10,13,2,0.000000
11,13,2,0.000000
12,13,2,0.000000
13,13,2,0.000090
14,13,2,0.004931
15,13,2,0.014967
16,13,2,0.028707
17,13,2,0.005638
18,13,2,0.000306
19,13,2,0.000001
20,13,2,0.000000
21,13,2,0.000000
22,13,2,0.000000
23,13,2,0.000000
24,13,2,0.000000
25,13,2,0.000000
26,13,2,0.000000
27,13,2,0.000000
28,13,2,0.000000
29,13,2,0.000000
30,13,2,0.000000
31,13,2,0.000000
32,13,2,0.000000
33,13,2,0.000000
34,13,2,0.000003
35,13,2,0.010451
36,13,2,0.046703
37,13,2,0.056077
38,13,2,0.053902
39,13,2,0.048856
40,13,2,0.048803
41,13,2,0.061682
42,13,2,0.042917
43,13,2,0.192962
44,13,2,0.576299
45,13,2,0.813750
46,13,2,0.865324
47,13,2,0.838833
0,14,2,0.000000
1,14,2,0.000000
2,14,2,0.000000
3,14,2,0.000000
4,14,2,0.000000
5,14,2,0.000000
6,14,2,0.000000
7,14,2,0.000000
8,14,2,0.000000
9,14,2,0.000000
10,14,2,0.000000
11,14,2,0.002388
12,14,2,0.015603
13,14,2,0.020561
14,14,2,0.051019
15,14,2,0.068563
16,14,2,0.051512
17,14,2,0.007004
18,14,2,0.000009
19,14,2,0.000000
20,14,2,0.000000
21,14,2,0.000000
22,14,2,0.000000
23,14,2,0.000000
24,14,2,0.000000
25,14,2,0.000000
26,14,2,0.000000
27,14,2,0.000000
28,14,2,0.000000
29,14,2,0.000000
30,14,2,0.000000
31,14,2,0.000000
32,14,2,0.000000
33,14,2,0.000000
34,14,2,0.000001
35,14,2,0.001565
36,14,2,0.023662
37,14,2,0.058123
38,14,2,0.052602
39,14,2,0.049729
40,14,2,0.046525
41,14,2,0.044616
42,14,2,0.222907
43,14,2,0.591944
44,14,2,0.892288
45,14,2,0.760849
46,14,2,0.371490
47,14,2,0.182612
0,15,2,0.000000
1,15,2,0.000000
2,15,2,0.000000
3,15,2,0.000000
4,15,2,0.000000
5,15,2,0.000000
6,15,2,0.000000
7,15,2,0.000000
8,15,2,0.000000
9,15,2,0.000660
10,15,2,0.017903
11,15,2,0.044948
12,15,2,0.123842
13,15,2,0.137057
14,15,2,0.118066
15,15,2,0.050594
16,15,2,0.011199
17,15,2,0.000020
18,15,2,0.000000
19,15,2,0.000000
20,15,2,0.000000
21,15,2,0.000000
22,15,2,0.000000
23,15,2,0.000000
24,15,2,0.000000
25,15,2,0.000000
26,15,2,0.000000
27,15,2,0.000000
28,15,2,0.000000
29,15,2,0.000000
30,15,2,0.000000
31,15,2,0.000000
32,15,2,0.000000
33,15,2,0.000000
34,15,2,0.000000
35,15,2,0.000025
36,15,2,0.002677
37,15,2,0.026289
38,15,2,0.050874
39,15,2,0.047018
40,15,2,0.059541
41,15,2,0.266377
42,15,2,0.729488
43,15,2,0.901627
44,15,2,0.733555
45,15,2,0.287365
46,15,2,0.038290
47,15,2,0.000445
0,16,2,0.000000
1,16,2,0.000000
2,16,2,0.000000
3,16,2,0.000000
4,16,2,0.000000
5,16,2,0.000000
6,16,2,0.000000
7,16,2,0.000000
8,16,2,0.016175
9,16,2,0.034877
10,16,2,0.122114
11,16,2,0.139357
12,16,2,0.152483
13,16,2,0.127293
14,16,2,0.049241
15,16,2,0.007600
16,16,2,0.000012
17,16,2,0.000000
18,16,2,0.000000
19,16,2,0.000000
20,16,2,0.000000
21,16,2,0.000000
22,16,2,0.000000
23,16,2,0.000000
24,16,2,0.000000
25,16,2,0.000000
26,16,2,0.000000
27,16,2,0.000000
28,16,2,0.000000
29,16,2,0.000000
30,16,2,0.000000
31,16,2,0.000000
32,16,2,0.000000
33,16,2,0.000000
34,16,2,0.000000
35,16,2,0.000005
36,16,2,0.000414
37,16,2,0.004204
38,16,2,0.028522
39,16,2,0.171871
40,16,2,0.397339
41,16,2,0.754859
42,16,2,0.879870
43,16,2,0.706648
44,16,2,0.252720
45,16,2,0.020492
46,16,2,0.000027
47,16,2,0.000000
0,17,2,0.000000
1,17,2,0.000000
2,17,2,0.000000
3,17,2,0.000000
4,17,2,0.000000
5,17,2,0.000000
6,17,2,0.011681
7,17,2,0.031029
8,17,2,0.121454
9,17,2,0.137629
10,17,2,0.152483
11,17,2,0.152483
12,17,2,0.125429
13,17,2,0.046847
14,17,2,0.005839
15,17,2,0.000001
16,17,2,0.000000
17,17,2,0.000000
18,17,2,0.000000
19,17,2,0.000000
20,17,2,0.000000
21,17,2,0.000000
22,17,2,0.000000
23,17,2,0.000000
24,17,2,0.000000
25,17,2,0.000000
26,17,2,0.000000
27,17,2,0.000000
28,17,2,0.000000
29,17,2,0.000000
30,17,2,0.000000
31,17,2,0.000000
32,17,2,0.000000
33,17,2,0.000000
34,17,2,0.000000
35,17,2,0.000000
36,17,2,0.002912
37,17,2,0.051333
38,17,2,0.262368
39,17,2,0.727591
40,17,2,0.872337
41,17,2,0.766758
42,17,2,0.440686
43,17,2,0.170229
44,17,2,0.014810
45,17,2,0.000000
46,17,2,0.000000
47,17,2,0.000000
0,18,2,0.000000
1,18,2,0.000000
2,18,2,0.000000
3,18,2,0.000000
4,18,2,0.000000
5,18,2,0.027212
6,18,2,0.099752
7,18,2,0.136781
8,18,2,0.153017
9,18,2,0.152483
10,18,2,0.152483
11,18,2,0.122715
12,18,2,0.038376
13,18,2,0.003974
14,18,2,0.000000
15,18,2,0.000000
16,18,2,0.000000
17,18,2,0.000000
18,18,2,0.000000
19,18,2,0.000000
20,18,2,0.000000
21,18,2,0.000000
22,18,2,0.000000
23,18,2,0.000000
24,18,2,0.000000
25,18,2,0.000000
26,18,2,0.000000
27,18,2,0.000000
28,18,2,0.000000
29,18,2,0.000000
30,18,2,0.000000
31,18,2,0.000000
32,18,2,0.000000
33,18,2,0.000000
34,18,2,0.000009
35,18,2,0.031093
36,18,2,0.172311
37,18,2,0.432031
38,18,2,0.766595
39,18,2,0.897798
40,18,2,0.732413
41,18,2,0.268982
42,18,2,0.054849
43,18,2,0.003304
44,18,2,0.000000
45,18,2,0.000000
46,18,2,0.000000
47,18,2,0.000000
0,19,2,0.000000
1,19,2,0.000000
2,19,2,0.002902
3,19,2,0.050759
4,19,2,0.155372
5,19,2,0.258531
6,19,2,0.275745
7,19,2,0.191703
8,19,2,0.157760
9,19,2,0.136988
10,19,2,0.121454
11,19,2,0.031029
12,19,2,0.001261
13,19,2,0.000000
14,19,2,0.000000
15,19,2,0.000000
16,19,2,0.000000
17,19,2,0.000000
18,19,2,0.000000
19,19,2,0.000000
20,19,2,0.000000
21,19,2,0.000000
22,19,2,0.000000
23,19,2,0.000000
24,19,2,0.000000
25,19,2,0.000000
26,19,2,0.000000
27,19,2,0.000000
28,19,2,0.000000
29,19,2,0.000000
30,19,2,0.000000
31,19,2,0.000000
32,19,2,0.000013
33,19,2,0.031110
34,19,2,0.152559
35,19,2,0.364580
36,19,2,0.744543
37,19,2,0.882848
38,19,2,0.779253
39,19,2,0.483057
40,19,2,0.187254
41,19,2,0.016773
42,19,2,0.000005
43,19,2,0.000000
44,19,2,0.000000
45,19,2,0.000000
46,19,2,0.000000
47,19,2,0.000000
0,20,2,0.061815
1,20,2,0.140109
2,20,2,0.187801
3,20,2,0.431738
4,20,2,0.761307
5,20,2,0.863047
6,20,2,0.768935
7,20,2,0.437286
8,20,2,0.285691
9,20,2,0.183617
10,20,2,0.168016
11,20,2,0.152483
12,20,2,0.152483
13,20,2,0.152483
14,20,2,0.139933
15,20,2,0.051290
16,20,2,0.018588
17,20,2,0.015531
18,20,2,0.003268
19,20,2,0.000002
20,20,2,0.000000
21,20,2,0.000000
22,20,2,0.000000
23,20,2,0.000000
24,20,2,0.000000
25,20,2,0.000000
26,20,2,0.000000
27,20,2,0.000000
28,20,2,0.000000
29,20,2,0.000007
30,20,2,0.017683
31,20,2,0.113864
32,20,2,0.164700
33,20,2,0.364640
34,20,2,0.741668
35,20,2,0.863098
36,20,2,0.847620
37,20,2,0.726073
38,20,2,0.263558
39,20,2,0.065803
40,20,2,0.005092
41,20,2,0.000000
42,20,2,0.000000
43,20,2,0.000000
44,20,2,0.000000
45,20,2,0.000000
46,20,2,0.000000
47,20,2,0.000000
0,21,2,0.497662
1,21,2,0.762937
2,21,2,0.850419
3,21,2,0.898276
4,21,2,0.987375
5,21,2,1.000000
6,21,2,0.986126
7,21,2,0.889749
8,21,2,0.864672
9,21,2,0.847535
10,21,2,0.847517
11,21,2,0.847517
12,21,2,0.847517
13,21,2,0.847517
14,21,2,0.761822
15,21,2,0.449104
16,21,2,0.294548
17,21,2,0.261798
18,21,2,0.187046
19,21,2,0.155762
20,21,2,0.152485
21,21,2,0.152483
22,21,2,0.152483
23,21,2,0.152483
24,21,2,0.152483
25,21,2,0.152483
26,21,2,0.152483
27,21,2,0.152483
28,21,2,0.152490
29,21,2,0.158076
30,21,2,0.283190
31,21,2,0.652707
32,21,2,0.824424
33,21,2,0.863112
34,21,2,0.847530
35,21,2,0.726157
36,21,2,0.274445
37,21,2,0.137063
38,21,2,0.015522
39,21,2,0.000000
40,21,2,0.000000
41,21,2,0.000000
42,21,2,0.000000
43,21,2,0.000000
44,21,2,0.000000
45,21,2,0.000000
46,21,2,0.000000
47,21,2,0.000000
0,22,2,0.900203
1,22,2,0.987614
2,22,2,1.000000
3,22,2,1.000000
4,22,2,1.000000
5,22,2,1.000000
6,22,2,1.000000
7,22,2,1.000000
8,22,2,1.000000
9,22,2,1.000000
10,22,2,1.000000
11,22,2,1.000000
12,22,2,1.000000
13,22,2,1.000000
14,22,2,0.987450
15,22,2,0.898806
16,22,2,0.866103
17,22,2,0.863047
18,22,2,0.850785
19,22,2,0.847519
20,22,2,0.847517
21,22,2,0.847517
22,22,2,0.847517
23,22,2,0.847517
24,22,2,0.847517
25,22,2,0.847517
26,22,2,0.847517
27,22,2,0.847517
28,22,2,0.847517
29,22,2,0.847524
30,22,2,0.853444
31,22,2,0.853090
32,22,2,0.847893
33,22,2,0.726064
34,22,2,0.273942
35,22,2,0.136972
36,22,2,0.015609
37,22,2,0.000002
38,22,2,0.000000
39,22,2,0.000000
40,22,2,0.000000
41,22,2,0.000000
42,22,2,0.000000
43,22,2,0.000000
44,22,2,0.000000
45,22,2,0.000000
46,22,2,0.000000
47,22,2,0.000000
0,23,2,1.000000
1,23,2,1.000000
2,23,2,1.000000
3,23,2,1.000000
4,23,2,1.000000
5,23,2,1.000000
6,23,2,1.000000
7,23,2,1.000000
8,23,2,1.000000
9,23,2,1.000000
10,23,2,1.000000
11,23,2,1.000000
12,23,2,1.000000
13,23,2,1.000000
14,23,2,1.000000
15,23,2,1.000000
16,23,2,1.000000
17,23,2,1.000000
18,23,2,1.000000
19,23,2,1.000000
20,23,2,1.000000
21,23,2,1.000000
22,23,2,1.000000
23,23,2,1.000000
24,23,2,1.000000
25,23,2,1.000000
26,23,2,1.000000
27,23,2,1.000000
28,23,2,1.000000
29,23,2,1.000000
30,23,2,0.890532
31,23,2,0.447334
32,23,2,0.213756
33,23,2,0.161612
34,23,2,0.018307
35,23,2,0.000000
36,23,2,0.000000
37,23,2,0.000000
38,23,2,0.000000
39,23,2,0.000000
40,23,2,0.000000
41,23,2,0.000000
42,23,2,0.000000
43,23,2,0.000000
44,23,2,0.000000
45,23,2,0.000000
46,23,2,0.000000
47,23,2,0.000000
0,0,3,1.000000
1,0,3,1.000000
2,0,3,1.000000
3,0,3,1.000000
4,0,3,1.000000
5,0,3,1.000000
6,0,3,1.000000
7,0,3,1.000000
8,0,3,1.000000
9,0,3,1.000000
10,0,3,1.000000
11,0,3,1.000000
12,0,3,1.000000
13,0,3,1.000000
14,0,3,1.000000
15,0,3,1.000000
16,0,3,1.000000
17,0,3,1.000000
18,0,3,1.000000
19,0,3,1.000000
20,0,3,1.000000
21,0,3,1.000000
22,0,3,1.000000
23,0,3,1.000000
24,0,3,1.000000
25,0,3,1.000000
26,0,3,1.000000
27,0,3,1.000000
28,0,3,1.000000
29,0,3,1.000000
30,0,3,0.890604
31,0,3,0.447621
32,0,3,0.213827
33,0,3,0.161612
34,0,3,0.018307
35,0,3,0.000000
36,0,3,0.000000
37,0,3,0.000000
38,0,3,0.000000
39,0,3,0.000000
40,0,3,0.000000
41,0,3,0.000000
42,0,3,0.000000
43,0,3,0.000000
44,0,3,0.000000
45,0,3,0.000000
46,0,3,0.000000
47,0,3,0.000000
0,1,3,0.900208
1,1,3,0.987614
2,1,3,1.000000
3,1,3,1.000000
4,1,3,1.000000
5,1,3,1.000000
6,1,3,1.000000
7,1,3,1.000000
8,1,3,1.000000
9,1,3,1.000000
10,1,3,1.000000
11,1,3,1.000000
12,1,3,1.000000
13,1,3,1.000000
14,1,3,0.987450
15,1,3,0.898805
16,1,3,0.866103
17,1,3,0.863047
18,1,3,0.850786
19,1,3,0.847519
20,1,3,0.847517
21,1,3,0.847517
22,1,3,0.847517
23,1,3,0.847517
24,1,3,0.847517
25,1,3,0.847517
26,1,3,0.847517
27,1,3,0.847517
28,1,3,0.847517
29,1,3,0.847524
30,1,3,0.853839
31,1,3,0.852847
32,1,3,0.847854
33,1,3,0.726064
34,1,3,0.273942
35,1,3,0.136972
36,1,3,0.015610
37,1,3,0.000003
38,1,3,0.000000
39,1,3,0.000000
40,1,3,0.000000
41,1,3,0.000000
42,1,3,0.000000
43,1,3,0.000000
44,1,3,0.000000
45,1,3,0.000000
46,1,3,0.000000
47,1,3,0.000000
0,2,3,0.497674
1,2,3,0.762941
2,2,3,0.850419
3,2,3,0.898280
4,2,3,0.987375
5,2,3,1.000000
6,2,3,0.986126
7,2,3,0.889749
8,2,3,0.864672
9,2,3,0.847535
10,2,3,0.847517
11,2,3,0.847517
12,2,3,0.847517
13,2,3,0.847517
14,2,3,0.761821
15,2,3,0.449100
16,2,3,0.294546
17,2,3,0.261798
18,2,3,0.187051
19,2,3,0.155763
20,2,3,0.152485
21,2,3,0.152483
22,2,3,0.152483
23,2,3,0.152483
24,2,3,0.152483
25,2,3,0.152483
26,2,3,0.152483
27,2,3,0.152483
28,2,3,0.152490
29,2,3,0.158512
30,2,3,0.285422
31,2,3,0.652137
32,2,3,0.824120
33,2,3,0.863111
34,2,3,0.847529
35,2,3,0.726158
36,2,3,0.274451
37,2,3,0.137064
38,2,3,0.015522
39,2,3,0.000000
40,2,3,0.000000
41,2,3,0.000000
42,2,3,0.000000
43,2,3,0.000000
44,2,3,0.000000
45,2,3,0.000000
46,2,3,0.000000
47,2,3,0.000000
0,3,3,0.061819
1,3,3,0.140110
2,3,3,0.187804
3,3,3,0.431749
4,3,3,0.761311
5,3,3,0.863047
6,3,3,0.768935
7,3,3,0.437289
8,3,3,0.285692
9,3,3,0.183617
10,3,3,0.168016
11,3,3,0.152483
12,3,3,0.152483
13,3,3,0.152483
14,3,3,0.139933
15,3,3,0.051289
16,3,3,0.018588
17,3,3,0.015531
18,3,3,0.003269
19,3,3,0.000002
20,3,3,0.000000
21,3,3,0.000000
22,3,3,0.000000
23,3,3,0.000000
24,3,3,0.000000
25,3,3,0.000000
26,3,3,0.000000
27,3,3,0.000000
28,3,3,0.000000
29,3,3,0.000007
30,3,3,0.018071
31,3,3,0.113561
32,3,3,0.164652
33,3,3,0.364633
34,3,3,0.741665
35,3,3,0.863094
36,3,3,0.847621
37,3,3,0.726073
38,3,3,0.263583
39,3,3,0.065982
40,3,3,0.005117
41,3,3,0.000000
42,3,3,0.000000
43,3,3,0.000000
44,3,3,0.000000
45,3,3,0.000000
46,3,3,0.000000
47,3,3,0.000000
0,4,3,0.000000
1,4,3,0.000000
2,4,3,0.002903
3,4,3,0.050763
4,4,3,0.155373
5,4,3,0.258531
6,4,3,0.275751
7,4,3,0.191706
8,4,3,0.157760
9,4,3,0.136988
10,4,3,0.121454
11,4,3,0.031029
12,4,3,0.001262
13,4,3,0.000000
14,4,3,0.000000
15,4,3,0.000000
16,4,3,0.000000
17,4,3,0.000000
18,4,3,0.000000
19,4,3,0.000000
20,4,3,0.000000
21,4,3,0.000000
22,4,3,0.000000
23,4,3,0.000000
24,4,3,0.000000
25,4,3,0.000000
26,4,3,0.000000
27,4,3,0.000000
28,4,3,0.000000
29,4,3,0.000000
30,4,3,0.000000
31,4,3,0.000000
32,4,3,0.000012
33,4,3,0.031108
34,4,3,0.152555
35,4,3,0.364569
36,4,3,0.743516
37,4,3,0.875932
38,4,3,0.778408
39,4,3,0.483684
40,4,3,0.187434
41,4,3,0.016772
42,4,3,0.000005
43,4,3,0.000000
44,4,3,0.000000
45,4,3,0.000000
46,4,3,0.000000
47,4,3,0.000000
0,5,3,0.000000
1,5,3,0.000000
2,5,3,0.000000
3,5,3,0.000000
4,5,3,0.000000
5,5,3,0.027217
6,5,3,0.099784
7,5,3,0.136787
8,5,3,0.153017
9,5,3,0.152483
10,5,3,0.152483
11,5,3,0.122716
12,5,3,0.038383
13,5,3,0.003979
14,5,3,0.000000
15,5,3,0.000000
16,5,3,0.000000
17,5,3,0.000000
18,5,3,0.000000
19,5,3,0.000000
20,5,3,0.000000
21,5,3,0.000000
22,5,3,0.000000
23,5,3,0.000000
24,5,3,0.000000
25,5,3,0.000000
26,5,3,0.000000
27,5,3,0.000000
28,5,3,0.000000
29,5,3,0.000000
30,5,3,0.000000
31,5,3,0.000000
32,5,3,0.000000
33,5,3,0.000000
34,5,3,0.000009
35,5,3,0.031090
36,5,3,0.165395
37,5,3,0.408606
38,5,3,0.759666
39,5,3,0.897977
40,5,3,0.732437
41,5,3,0.268944
42,5,3,0.054638
43,5,3,0.003273
44,5,3,0.000000
45,5,3,0.000000
46,5,3,0.000000
47,5,3,0.000000
0,6,3,0.000000
1,6,3,0.000000
2,6,3,0.000000
3,6,3,0.000000
4,6,3,0.000000
5,6,3,0.000000
6,6,3,0.011687
7,6,3,0.031029
8,6,3,0.121454
9,6,3,0.137629
10,6,3,0.152483
11,6,3,0.152483
12,6,3,0.125433
13,6,3,0.046868
14,6,3,0.005849
15,6,3,0.000001
16,6,3,0.000000
17,6,3,0.000000
18,6,3,0.000000
19,6,3,0.000000
20,6,3,0.000000
21,6,3,0.000000
22,6,3,0.000000
23,6,3,0.000000
24,6,3,0.000000
25,6,3,0.000000
26,6,3,0.000000
27,6,3,0.000000
28,6,3,0.000000
29,6,3,0.000000
30,6,3,0.000000
31,6,3,0.000000
32,6,3,0.000000
33,6,3,0.000000
34,6,3,0.000000
35,6,3,0.000000
36,6,3,0.002861
37,6,3,0.051267
38,6,3,0.264880
39,6,3,0.727901
40,6,3,0.871921
41,6,3,0.766484
42,6,3,0.439998
43,6,3,0.170155
44,6,3,0.014830
45,6,3,0.000000
46,6,3,0.000000
47,6,3,0.000000
0,7,3,0.000000
1,7,3,0.000000
2,7,3,0.000000
3,7,3,0.000000
4,7,3,0.000000
5,7,3,0.000000
6,7,3,0.000000
7,7,3,0.000000
8,7,3,0.016175
9,7,3,0.034878
10,7,3,0.122115
11,7,3,0.139357
12,7,3,0.152483
13,7,3,0.127303
14,7,3,0.049278
15,7,3,0.007613
16,7,3,0.000012
17,7,3,0.000000
18,7,3,0.000000
19,7,3,0.000000
20,7,3,0.000000
21,7,3,0.000000
22,7,3,0.000000
23,7,3,0.000000
24,7,3,0.000000
25,7,3,0.000000
26,7,3,0.000000
27,7,3,0.000000
28,7,3,0.000000
29,7,3,0.000000
30,7,3,0.000000
31,7,3,0.000000
32,7,3,0.000000
33,7,3,0.000000
34,7,3,0.000000
35,7,3,0.000006
36,7,3,0.007316
37,7,3,0.032178
38,7,3,0.048972
39,7,3,0.174238
40,7,3,0.395822
41,7,3,0.754409
42,7,3,0.879793
43,7,3,0.707059
44,7,3,0.252852
45,7,3,0.020517
46,7,3,0.000027
47,7,3,0.000000
0,8,3,0.000000
1,8,3,0.000000
2,8,3,0.000000
3,8,3,0.000000
4,8,3,0.000000
5,8,3,0.000000
6,8,3,0.000000
7,8,3,0.000000
8,8,3,0.000000
9,8,3,0.000660
10,8,3,0.017903
11,8,3,0.044951
12,8,3,0.123843
13,8,3,0.137057
14,8,3,0.118082
15,8,3,0.050639
16,8,3,0.011217
17,8,3,0.000020
18,8,3,0.000000
19,8,3,0.000000
20,8,3,0.000000
21,8,3,0.000000
22,8,3,0.000000
23,8,3,0.000000
24,8,3,0.000000
25,8,3,0.000000
26,8,3,0.000000
27,8,3,0.000000
28,8,3,0.000000
29,8,3,0.000000
30,8,3,0.000000
31,8,3,0.000000
32,8,3,0.000000
33,8,3,0.000000
34,8,3,0.000000
35,8,3,0.000029
36,8,3,0.006672
37,8,3,0.047820
38,8,3,0.070869
39,8,3,0.050974
40,8,3,0.059612
41,8,3,0.267196
42,8,3,0.729529
43,8,3,0.901433
44,8,3,0.733513
45,8,3,0.287512
46,8,3,0.038520
47,8,3,0.000447
0,9,3,0.000000
1,9,3,0.000000
2,9,3,0.000000
3,9,3,0.000000
4,9,3,0.000000
5,9,3,0.000000
6,9,3,0.000000
7,9,3,0.000000
8,9,3,0.000000
9,9,3,0.000000
10,9,3,0.000000
11,9,3,0.002389
12,9,3,0.015604
13,9,3,0.020565
14,9,3,0.051044
15,9,3,0.068627
16,9,3,0.051589
17,9,3,0.007015
18,9,3,0.000009
19,9,3,0.000000
20,9,3,0.000000
21,9,3,0.000000
22,9,3,0.000000
23,9,3,0.000000
24,9,3,0.000000
25,9,3,0.000000
26,9,3,0.000000
27,9,3,0.000000
28,9,3,0.000000
29,9,3,0.000000
30,9,3,0.000000
31,9,3,0.000000
32,9,3,0.000000
33,9,3,0.000000
34,9,3,0.000001
35,9,3,0.001503
36,9,3,0.024826
37,9,3,0.064501
38,9,3,0.060329
39,9,3,0.058125
40,9,3,0.053007
41,9,3,0.050815
42,9,3,0.224216
43,9,3,0.591352
44,9,3,0.891203
45,9,3,0.760958
46,9,3,0.372648
47,9,3,0.182855
0,10,3,0.000000
1,10,3,0.000000
2,10,3,0.000000
3,10,3,0.000000
4,10,3,0.000000
5,10,3,0.000000
6,10,3,0.000000
7,10,3,0.000000
8,10,3,0.000000
9,10,3,0.000000
10,10,3,0.000000
11,10,3,0.000000
12,10,3,0.000000
13,10,3,0.000090
14,10,3,0.004934
15,10,3,0.014980
16,10,3,0.028742
17,10,3,0.005645
18,10,3,0.000306
19,10,3,0.000001
20,10,3,0.000000
21,10,3,0.000000
22,10,3,0.000000
23,10,3,0.000000
24,10,3,0.000000
25,10,3,0.000000
26,10,3,0.000000
27,10,3,0.000000
28,10,3,0.000000
29,10,3,0.000000
30,10,3,0.000000
31,10,3,0.000000
32,10,3,0.000000
33,10,3,0.000000
34,10,3,0.000003
35,10,3,0.009859
36,10,3,0.044780
37,10,3,0.055105
38,10,3,0.055404
39,10,3,0.058736
40,10,3,0.056928
41,10,3,0.072698
42,10,3,0.047415
43,10,3,0.191783
44,10,3,0.573495
45,10,3,0.812951
46,10,3,0.865529
47,10,3,0.838836
0,11,3,0.000000
1,11,3,0.000000
2,11,3,0.000000
3,11,3,0.000000
4,11,3,0.000000
5,11,3,0.000000
6,11,3,0.000000
7,11,3,0.000000
8,11,3,0.000000
9,11,3,0.000000
10,11,3,0.000000
11,11,3,0.000000
12,11,3,0.000000
13,11,3,0.000000
14,11,3,0.000026
15,11,3,0.000692
16,11,3,0.004876
17,11,3,0.002504
18,11,3,0.000389
19,11,3,0.000013
20,11,3,0.000000
21,11,3,0.000000
22,11,3,0.000000
23,11,3,0.000000
24,11,3,0.000000
25,11,3,0.000000
26,11,3,0.000000
27,11,3,0.000000
28,11,3,0.000000
29,11,3,0.000000
30,11,3,0.000000
31,11,3,0.000000
32,11,3,0.000000
33,11,3,0.000000
34,11,3,0.000010
35,11,3,0.008331
36,11,3,0.042950
37,11,3,0.045054
38,11,3,0.051173
39,11,3,0.061135
40,11,3,0.066929
41,11,3,0.057072
42,11,3,0.055538
43,11,3,0.049259
44,11,3,0.108387
45,11,3,0.289477
46,11,3,0.863594
47,11,3,1.000000
0,12,3,0.000000
1,12,3,0.000000
2,12,3,0.000000
3,12,3,0.000000
4,12,3,0.000000
5,12,3,0.000000
6,12,3,0.000000
7,12,3,0.000000
8,12,3,0.000000
9,12,3,0.000000
10,12,3,0.000000
11,12,3,0.000000
12,12,3,0.000000
13,12,3,0.000000
14,12,3,0.000026
15,12,3,0.000692
16,12,3,0.004874
17,12,3,0.002503
18,12,3,0.000389
19,12,3,0.000013
20,12,3,0.000000
21,12,3,0.000000
22,12,3,0.000000
23,12,3,0.000000
24,12,3,0.000000
25,12,3,0.000000
26,12,3,0.000000
27,12,3,0.000000
28,12,3,0.000000
29,12,3,0.000000
30,12,3,0.000000
31,12,3,0.000000
32,12,3,0.000000
33,12,3,0.000000
34,12,3,0.000011
35,12,3,0.008819
36,12,3,0.045345
37,12,3,0.048590
38,12,3,0.053308
39,12,3,0.060000
40,12,3,0.064668
41,12,3,0.053015
42,12,3,0.054502
43,12,3,0.051010
44,12,3,0.109702
45,12,3,0.289606
46,12,3,0.863596
47,12,3,1.000000
0,13,3,0.000000
1,13,3,0.000000
2,13,3,0.000000
3,13,3,0.000000
4,13,3,0.000000
5,13,3,0.000000
6,13,3,0.000000
7,13,3,0.000000
8,13,3,0.000000
9,13,3,0.000000
10,13,3,0.000000
11,13,3,0.000000
12,13,3,0.000000
13,13,3,0.000090
14,13,3,0.004933
15,13,3,0.014973
16,13,3,0.028722
17,13,3,0.005642
18,13,3,0.000306
19,13,3,0.000001
20,13,3,0.000000
21,13,3,0.000000
22,13,3,0.000000
23,13,3,0.000000
24,13,3,0.000000
25,13,3,0.000000
26,13,3,0.000000
27,13,3,0.000000
28,13,3,0.000000
29,13,3,0.000000
30,13,3,0.000000
31,13,3,0.000000
32,13,3,0.000000
33,13,3,0.000000
34,13,3,0.000003
35,13,3,0.009319
36,13,3,0.043815
37,13,3,0.056220
38,13,3,0.056027
39,13,3,0.050199
40,13,3,0.049136
41,13,3,0.061775
42,13,3,0.042961
43,13,3,0.192956
44,13,3,0.576268
45,13,3,0.813742
46,13,3,0.865334
47,13,3,0.838833
0,14,3,0.000000
1,14,3,0.000000
2,14,3,0.000000
3,14,3,0.000000
4,14,3,0.000000
5,14,3,0.000000
6,14,3,0.000000
7,14,3,0.000000
8,14,3,0.000000
9,14,3,0.000000
10,14,3,0.000000
11,14,3,0.002389
12,14,3,0.015604
13,14,3,0.020563
14,14,3,0.051033
15,14,3,0.068593
16,14,3,0.051541
17,14,3,0.007008
18,14,3,0.000009
19,14,3,0.000000
20,14,3,0.000000
21,14,3,0.000000
22,14,3,0.000000
23,14,3,0.000000
24,14,3,0.000000
25,14,3,0.000000
26,14,3,0.000000
27,14,3,0.000000
28,14,3,0.000000
29,14,3,0.000000
30,14,3,0.000000
31,14,3,0.000000
32,14,3,0.000000
33,14,3,0.000000
34,14,3,0.000001
35,14,3,0.001346
36,14,3,0.023337
37,14,3,0.060155
38,14,3,0.055303
39,14,3,0.049999
40,14,3,0.046319
41,14,3,0.044452
42,14,3,0.222858
43,14,3,0.591891
44,14,3,0.892261
45,14,3,0.760858
46,14,3,0.371547
47,14,3,0.182624
0,15,3,0.000000
1,15,3,0.000000
2,15,3,0.000000
3,15,3,0.000000
4,15,3,0.000000
5,15,3,0.000000
6,15,3,0.000000
7,15,3,0.000000
8,15,3,0.000000
9,15,3,0.000660
10,15,3,0.017903
11,15,3,0.044951
12,15,3,0.123843
13,15,3,0.137057
14,15,3,0.118074
15,15,3,0.050615
16,15,3,0.011206
17,15,3,0.000020
18,15,3,0.000000
19,15,3,0.000000
20,15,3,0.000000
21,15,3,0.000000
22,15,3,0.000000
23,15,3,0.000000
24,15,3,0.000000
25,15,3,0.000000
26,15,3,0.000000
27,15,3,0.000000
28,15,3,0.000000
29,15,3,0.000000
30,15,3,0.000000
31,15,3,0.000000
32,15,3,0.000000
33,15,3,0.000000
34,15,3,0.000000
35,15,3,0.000024
36,15,3,0.002825
37,15,3,0.027560
38,15,3,0.052104
39,15,3,0.046709
40,15,3,0.059276
41,15,3,0.266352
42,15,3,0.729466
43,15,3,0.901573
44,15,3,0.733538
45,15,3,0.287367
46,15,3,0.038300
47,15,3,0.000445
0,16,3,0.000000
1,16,3,0.000000
2,16,3,0.000000
3,16,3,0.000000
4,16,3,0.000000
5,16,3,0.000000
6,16,3,0.000000
7,16,3,0.000000
8,16,3,0.016175
9,16,3,0.034877
10,16,3,0.122114
11,16,3,0.139357
12,16,3,0.152483
13,16,3,0.127298
14,16,3,0.049262
15,16,3,0.007607
16,16,3,0.000012
17,16,3,0.000000
18,16,3,0.000000
19,16,3,0.000000
20,16,3,0.000000
21,16,3,0.000000
22,16,3,0.000000
23,16,3,0.000000
24,16,3,0.000000
25,16,3,0.000000
26,16,3,0.000000
27,16,3,0.000000
28,16,3,0.000000
29,16,3,0.000000
30,16,3,0.000000
31,16,3,0.000000
32,16,3,0.000000
33,16,3,0.000000
34,16,3,0.000000
35,16,3,0.000005
36,16,3,0.000422
37,16,3,0.004367
38,16,3,0.029004
39,16,3,0.171772
40,16,3,0.397386
41,16,3,0.754890
42,16,3,0.879851
43,16,3,0.706613
44,16,3,0.252709
45,16,3,0.020492
46,16,3,0.000027
47,16,3,0.000000
0,17,3,0.000000
1,17,3,0.000000
2,17,3,0.000000
3,17,3,0.000000
4,17,3,0.000000
5,17,3,0.000000
6,17,3,0.011684
7,17,3,0.031029
8,17,3,0.121454
9,17,3,0.137629
10,17,3,0.152483
11,17,3,0.152483
12,17,3,0.125431
13,17,3,0.046859
14,17,3,0.005844
15,17,3,0.000001
16,17,3,0.000000
17,17,3,0.000000
18,17,3,0.000000
19,17,3,0.000000
20,17,3,0.000000
21,17,3,0.000000
22,17,3,0.000000
23,17,3,0.000000
24,17,3,0.000000
25,17,3,0.000000
26,17,3,0.000000
27,17,3,0.000000
28,17,3,0.000000
29,17,3,0.000000
30,17,3,0.000000
31,17,3,0.000000
32,17,3,0.000000
33,17,3,0.000000
34,17,3,0.000000
35,17,3,0.000000
36,17,3,0.002916
37,17,3,0.051365
38,17,3,0.262402
39,17,3,0.727604
40,17,3,0.872371
41,17,3,0.766755
42,17,3,0.440665
43,17,3,0.170213
44,17,3,0.014809
45,17,3,0.000000
46,17,3,0.000000
47,17,3,0.000000
0,18,3,0.000000
1,18,3,0.000000
2,18,3,0.000000
3,18,3,0.000000
4,18,3,0.000000
5,18,3,0.027214
6,18,3,0.099767
7,18,3,0.136784
8,18,3,0.153017
9,18,3,0.152483
10,18,3,0.152483
11,18,3,0.122715
12,18,3,0.038379
13,18,3,0.003977
14,18,3,0.000000
15,18,3,0.000000
16,18,3,0.000000
17,18,3,0.000000
18,18,3,0.000000
19,18,3,0.000000
20,18,3,0.000000
21,18,3,0.000000
22,18,3,0.000000
23,18,3,0.000000
24,18,3,0.000000
25,18,3,0.000000
26,18,3,0.000000
27,18,3,0.000000
28,18,3,0.000000
29,18,3,0.000000
30,18,3,0.000000
31,18,3,0.000000
32,18,3,0.000000
33,18,3,0.000000
34,18,3,0.000009
35,18,3,0.031093
36,18,3,0.172329
37,18,3,0.432074
38,18,3,0.766612
39,18,3,0.897789
40,18,3,0.732409
41,18,3,0.268968
42,18,3,0.054838
43,18,3,0.003303
44,18,3,0.000000
45,18,3,0.000000
46,18,3,0.000000
47,18,3,0.000000
0,19,3,0.000000
1,19,3,0.000000
2,19,3,0.002902
3,19,3,0.050761
4,19,3,0.155373
5,19,3,0.258531
6,19,3,0.275747
7,19,3,0.191705
8,19,3,0.157760
9,19,3,0.136988
10,19,3,0.121454
11,19,3,0.031029
12,19,3,0.001261
13,19,3,0.000000
14,19,3,0.000000
15,19,3,0.000000
16,19,3,0.000000
17,19,3,0.000000
18,19,3,0.000000
19,19,3,0.000000
20,19,3,0.000000
21,19,3,0.000000
22,19,3,0.000000
23,19,3,0.000000
24,19,3,0.000000
25,19,3,0.000000
26,19,3,0.000000
27,19,3,0.000000
28,19,3,0.000000
29,19,3,0.000000
30,19,3,0.000000
31,19,3,0.000000
32,19,3,0.000012
33,19,3,0.031110
34,19,3,0.152559
35,19,3,0.364580
36,19,3,0.744547
37,19,3,0.882866
38,19,3,0.779248
39,19,3,0.483037
40,19,3,0.187246
41,19,3,0.016771
42,19,3,0.000005
43,19,3,0.000000
44,19,3,0.000000
45,19,3,0.000000
46,19,3,0.000000
47,19,3,0.000000
0,20,3,0.061818
1,20,3,0.140110
2,20,3,0.187802
3,20,3,0.431743
4,20,3,0.761309
5,20,3,0.863047
6,20,3,0.768935
7,20,3,0.437288
8,20,3,0.285692
9,20,3,0.183617
10,20,3,0.168016
11,20,3,0.152483
12,20,3,0.152483
13,20,3,0.152483
14,20,3,0.139933
15,20,3,0.051290
16,20,3,0.018588
17,20,3,0.015531
18,20,3,0.003268
19,20,3,0.000002
20,20,3,0.000000
21,20,3,0.000000
22,20,3,0.000000
23,20,3,0.000000
24,20,3,0.000000
25,20,3,0.000000
26,20,3,0.000000
27,20,3,0.000000
28,20,3,0.000000
29,20,3,0.000007
30,20,3,0.017668
31,20,3,0.113827
32,20,3,0.164692
33,20,3,0.364640
34,20,3,0.741668
35,20,3,0.863098
36,20,3,0.847620
37,20,3,0.726073
38,20,3,0.263556
39,20,3,0.065794
40,20,3,0.005090
41,20,3,0.000000
42,20,3,0.000000
43,20,3,0.000000
44,20,3,0.000000
45,20,3,0.000000
46,20,3,0.000000
47,20,3,0.000000
0,21,3,0.497670
1,21,3,0.762940
2,21,3,0.850419
3,21,3,0.898278
4,21,3,0.987375
5,21,3,1.000000
6,21,3,0.986126
7,21,3,0.889749
8,21,3,0.864672
9,21,3,0.847535
10,21,3,0.847517
11,21,3,0.847517
12,21,3,0.847517
13,21,3,0.847517
14,21,3,0.761822
15,21,3,0.449104
16,21,3,0.294548
17,21,3,0.261798
18,21,3,0.187048
19,21,3,0.155762
20,21,3,0.152485
21,21,3,0.152483
22,21,3,0.152483
23,21,3,0.152483
24,21,3,0.152483
25,21,3,0.152483
26,21,3,0.152483
27,21,3,0.152483
28,21,3,0.152490
29,21,3,0.158069
30,21,3,0.283114
31,21,3,0.652612
32,21,3,0.824387
33,21,3,0.863112
34,21,3,0.847530
35,21,3,0.726157
36,21,3,0.274445
37,21,3,0.137063
38,21,3,0.015522
39,21,3,0.000000
40,21,3,0.000000
41,21,3,0.000000
42,21,3,0.000000
43,21,3,0.000000
44,21,3,0.000000
45,21,3,0.000000
46,21,3,0.000000
47,21,3,0.000000
0,22,3,0.900206
1,22,3,0.987614
2,22,3,1.000000
3,22,3,1.000000
4,22,3,1.000000
5,22,3,1.000000
6,22,3,1.000000
7,22,3,1.000000
8,22,3,1.000000
9,22,3,1.000000
10,22,3,1.000000
11,22,3,1.000000
12,22,3,1.000000
13,22,3,1.000000
14,22,3,0.987450
15,22,3,0.898806
16,22,3,0.866103
17,22,3,0.863047
18,22,3,0.850785
19,22,3,0.847519
20,22,3,0.847517
21,22,3,0.847517
22,22,3,0.847517
23,22,3,0.847517
24,22,3,0.847517
25,22,3,0.847517
26,22,3,0.847517
27,22,3,0.847517
28,22,3,0.847517
29,22,3,0.847524
30,22,3,0.853428
31,22,3,0.853048
32,22,3,0.847884
33,22,3,0.726064
34,22,3,0.273942
35,22,3,0.136972
36,22,3,0.015609
37,22,3,0.000002
38,22,3,0.000000
39,22,3,0.000000
40,22,3,0.000000
41,22,3,0.000000
42,22,3,0.000000
43,22,3,0.000000
44,22,3,0.000000
45,22,3,0.000000
46,22,3,0.000000
47,22,3,0.000000
0,23,3,1.000000
1,23,3,1.000000
2,23,3,1.000000
3,23,3,1.000000
4,23,3,1.000000
5,23,3,1.000000
6,23,3,1.000000
7,23,3,1.000000
8,23,3,1.000000
9,23,3,1.000000
10,23,3,1.000000
11,23,3,1.000000
12,23,3,1.000000
13,23,3,1.000000
14,23,3,1.000000
15,23,3,1.000000
16,23,3,1.000000
17,23,3,1.000000
18,23,3,1.000000
19,23,3,1.000000
20,23,3,1.000000
21,23,3,1.000000
22,23,3,1.000000
23,23,3,1.000000
24,23,3,1.000000
25,23,3,1.000000
26,23,3,1.000000
27,23,3,1.000000
28,23,3,1.000000
29,23,3,1.000000
30,23,3,0.890526
31,23,3,0.447327
32,23,3,0.213750
33,23,3,0.161612
34,23,3,0.018307
35,23,3,0.000000
36,23,3,0.000000
37,23,3,0.000000
38,23,3,0.000000
39,23,3,0.000000
40,23,3,0.000000
41,23,3,0.000000
42,23,3,0.000000
43,23,3,0.000000
44,23,3,0.000000
45,23,3,0.000000
46,23,3,0.000000
47,23,3,0.000000
0,0,4,1.000000
1,0,4,1.000000
2,0,4,1.000000
3,0,4,1.000000
4,0,4,1.000000
5,0,4,1.000000
6,0,4,1.000000
7,0,4,1.000000
8,0,4,1.000000
9,0,4,1.000000
10,0,4,1.000000
11,0,4,1.000000
12,0,4,1.000000
13,0,4,1.000000
14,0,4,1.000000
15,0,4,1.000000
16,0,4,1.000000
17,0,4,1.000000
18,0,4,1.000000
19,0,4,1.000000
20,0,4,1.000000
21,0,4,1.000000
22,0,4,1.000000
23,0,4,1.000000
24,0,4,1.000000
25,0,4,1.000000
26,0,4,1.000000
27,0,4,1.000000
28,0,4,1.000000
29,0,4,1.000000
30,0,4,0.900482
31,0,4,0.518931
32,0,4,0.223712
33,0,4,0.161614
34,0,4,0.022549
35,0,4,0.000001
36,0,4,0.000000
37,0,4,0.000000
38,0,4,0.000000
39,0,4,0.000000
40,0,4,0.000000
41,0,4,0.000000
42,0,4,0.000000
43,0,4,0.000000
44,0,4,0.000000
45,0,4,0.000000
46,0,4,0.000000
47,0,4,0.000000
0,1,4,0.985386
1,1,4,1.000000
2,1,4,1.000000
3,1,4,1.000000
4,1,4,1.000000
5,1,4,1.000000
6,1,4,1.000000
7,1,4,1.000000
8,1,4,1.000000
9,1,4,1.000000
10,1,4,1.000000
11,1,4,1.000000
12,1,4,1.000000
13,1,4,1.000000
14,1,4,1.000000
15,1,4,0.987450
16,1,4,0.984501
17,1,4,0.972240
18,1,4,0.897599
19,1,4,0.866311
20,1,4,0.863033
21,1,4,0.853277
22,1,4,0.848161
23,1,4,0.847959
24,1,4,0.853301
25,1,4,0.852660
26,1,4,0.863031
27,1,4,0.863031
28,1,4,0.863039
29,1,4,0.869060
30,1,4,0.900984
31,1,4,0.887184
32,1,4,0.850577
33,1,4,0.729659
34,1,4,0.294884
35,1,4,0.140643
36,1,4,0.021804
37,1,4,0.000078
38,1,4,0.000000
39,1,4,0.000000
40,1,4,0.000000
41,1,4,0.000000
42,1,4,0.000000
43,1,4,0.000000
44,1,4,0.000000
45,1,4,0.000000
46,1,4,0.000000
47,1,4,0.000000
0,2,4,0.753211
1,2,4,0.835144
2,2,4,0.869109
3,2,4,0.971874
4,2,4,1.000000
5,2,4,1.000000
6,2,4,1.000000
7,2,4,0.986126
8,2,4,0.968989
9,2,4,0.878651
10,2,4,0.847535
11,2,4,0.847517
12,2,4,0.847517
13,2,4,0.847517
14,2,4,0.834968
15,2,4,0.765185
16,2,4,0.744635
17,2,4,0.670219
18,2,4,0.437042
19,2,4,0.308536
20,2,4,0.279708
21,2,4,0.217730
22,2,4,0.177955
23,2,4,0.172707
24,2,4,0.194102
25,2,4,0.209355
26,2,4,0.269920
27,2,4,0.283028
28,2,4,0.289495
29,2,4,0.324466
30,2,4,0.496662
31,2,4,0.761841
32,2,4,0.875121
33,2,4,0.953470
34,2,4,0.866628
35,2,4,0.732353
36,2,4,0.309305
37,2,4,0.143265
38,2,4,0.020306
39,2,4,0.000007
40,2,4,0.000000
41,2,4,0.000000
42,2,4,0.000000
43,2,4,0.000000
44,2,4,0.000000
45,2,4,0.000000
46,2,4,0.000000
47,2,4,0.000000
0,3,4,0.146998
1,3,4,0.158561
2,3,4,0.296529
3,3,4,0.658559
4,3,4,0.857452
5,3,4,0.968971
6,3,4,0.970628
7,3,4,0.888640
8,3,4,0.774352
9,3,4,0.486131
10,3,4,0.289557
11,3,4,0.183512
12,3,4,0.154248
13,3,4,0.152494
14,3,4,0.158802
15,3,4,0.192254
16,3,4,0.251483
17,3,4,0.253467
18,3,4,0.187051
19,3,4,0.155763
20,3,4,0.152485
21,3,4,0.142729
22,3,4,0.133316
23,3,4,0.099173
24,3,4,0.051646
25,3,4,0.055715
26,3,4,0.070980
27,3,4,0.093849
28,3,4,0.145911
29,3,4,0.158512
30,3,4,0.192737
31,3,4,0.207474
32,3,4,0.355386
33,3,4,0.651599
34,3,4,0.856693
35,3,4,0.953544
36,3,4,0.869321
37,3,4,0.730932
38,3,4,0.301741
39,3,4,0.131362
40,3,4,0.015518
41,3,4,0.000000
42,3,4,0.000000
43,3,4,0.000000
44,3,4,0.000000
45,3,4,0.000000
46,3,4,0.000000
47,3,4,0.000000
0,4,4,0.000000
1,4,4,0.000013
2,4,4,0.021592
3,4,4,0.131402
4,4,4,0.299485
5,4,4,0.638871
6,4,4,0.825831
7,4,4,0.848445
8,4,4,0.832554
9,4,4,0.741682
10,4,4,0.620141
11,4,4,0.320845
12,4,4,0.064193
13,4,4,0.018603
14,4,4,0.015541
15,4,4,0.024122
16,4,4,0.050801
17,4,4,0.081720
18,4,4,0.130716
19,4,4,0.139729
20,4,4,0.152483
21,4,4,0.152483
22,4,4,0.152483
23,4,4,0.148186
24,4,4,0.133059
25,4,4,0.094477
26,4,4,0.053205
27,4,4,0.061929
28,4,4,0.139541
29,4,4,0.152327
30,4,4,0.132838
31,4,4,0.062038
32,4,4,0.051660
33,4,4,0.140143
34,4,4,0.314559
35,4,4,0.645432
36,4,4,0.856860
37,4,4,0.955342
38,4,4,0.857425
39,4,4,0.665473
40,4,4,0.249271
41,4,4,0.038172
42,4,4,0.001224
43,4,4,0.000000
44,4,4,0.000000
45,4,4,0.000000
46,4,4,0.000000
47,4,4,0.000000
0,5,4,0.000000
1,5,4,0.000000
2,5,4,0.000000
3,5,4,0.000000
4,5,4,0.022560
5,5,4,0.205084
6,5,4,0.537695
7,5,4,0.711848
8,5,4,0.832003
9,5,4,0.847517
10,5,4,0.832002
11,5,4,0.658506
12,5,4,0.359877
13,5,4,0.175687
14,5,4,0.139687
15,5,4,0.136395
16,5,4,0.126271
17,5,4,0.074524
18,5,4,0.051266
19,5,4,0.064606
20,5,4,0.127820
21,5,4,0.138974
22,5,4,0.151881
23,5,4,0.152483
24,5,4,0.152483
25,5,4,0.142976
26,5,4,0.119550
27,5,4,0.125078
28,5,4,0.150252
29,5,4,0.142685
30,5,4,0.075665
31,5,4,0.065689
32,5,4,0.066047
33,5,4,0.052292
34,5,4,0.052031
35,5,4,0.143136
36,5,4,0.317342
37,5,4,0.656316
38,5,4,0.865304
39,5,4,0.958641
40,5,4,0.764234
41,5,4,0.385793
42,5,4,0.147381
43,5,4,0.015515
44,5,4,0.000000
45,5,4,0.000000
46,5,4,0.000000
47,5,4,0.000000
0,6,4,0.000000
1,6,4,0.000000
2,6,4,0.000000
3,6,4,0.000000
4,6,4,0.000000
5,6,4,0.011687
6,6,4,0.106707
7,6,4,0.283162
8,6,4,0.612836
9,6,4,0.745426
10,6,4,0.832663
11,6,4,0.833264
12,6,4,0.674345
13,6,4,0.400758
14,6,4,0.202086
15,6,4,0.155619
16,6,4,0.151901
17,6,4,0.142942
18,6,4,0.138942
19,6,4,0.127820
20,6,4,0.069561
21,6,4,0.061235
22,6,4,0.125992
23,6,4,0.140327
24,6,4,0.152483
25,6,4,0.152483
26,6,4,0.149208
27,6,4,0.150408
28,6,4,0.152483
29,6,4,0.136186
30,6,4,0.058575
31,6,4,0.057898
32,6,4,0.059947
33,6,4,0.058965
34,6,4,0.061275
35,6,4,0.052799
36,6,4,0.052662
37,6,4,0.151064
38,6,4,0.366765
39,6,4,0.759090
40,6,4,0.955978
41,6,4,0.873443
42,6,4,0.655939
43,6,4,0.245497
44,6,4,0.020368
45,6,4,0.000001
46,6,4,0.000000
47,6,4,0.000000
0,7,4,0.000000
1,7,4,0.000000
2,7,4,0.000000
3,7,4,0.000000
4,7,4,0.000000
5,7,4,0.000000
6,7,4,0.000000
7,7,4,0.023082
8,7,4,0.140840
9,7,4,0.344885
10,7,4,0.641876
11,7,4,0.755500
12,7,4,0.821594
13,7,4,0.685240
14,7,4,0.410792
15,7,4,0.212367
16,7,4,0.157029
17,7,4,0.152494
18,7,4,0.152483
19,7,4,0.152483
20,7,4,0.140574
21,7,4,0.129499
22,7,4,0.085102
23,7,4,0.075664
24,7,4,0.133952
25,7,4,0.152483
26,7,4,0.152483
27,7,4,0.152483
28,7,4,0.147353
29,7,4,0.105606
30,7,4,0.064818
31,7,4,0.064238
32,7,4,0.059217
33,7,4,0.060132
34,7,4,0.057905
35,7,4,0.053129
36,7,4,0.068503
37,7,4,0.056643
38,7,4,0.053223
39,7,4,0.258158
40,7,4,0.645774
41,7,4,0.860309
42,7,4,0.956631
43,7,4,0.741515
44,7,4,0.290830
45,7,4,0.063994
46,7,4,0.004819
47,7,4,0.000000
0,8,4,0.000000
1,8,4,0.000000
2,8,4,0.000000
3,8,4,0.000000
4,8,4,0.000000
5,8,4,0.000000
6,8,4,0.000000
7,8,4,0.000000
8,8,4,0.000664
9,8,4,0.050393
10,8,4,0.241977
11,8,4,0.406130
12,8,4,0.649649
13,8,4,0.718729
14,8,4,0.609573
15,8,4,0.388155
16,8,4,0.226704
17,8,4,0.159273
18,8,4,0.152492
19,8,4,0.152483
20,8,4,0.152483
21,8,4,0.152483
22,8,4,0.143008
23,8,4,0.133952
24,8,4,0.111823
25,8,4,0.145507
26,8,4,0.152483
27,8,4,0.152483
28,8,4,0.143227
29,8,4,0.087970
30,8,4,0.071849
31,8,4,0.069435
32,8,4,0.064317
33,8,4,0.062763
34,8,4,0.061549
35,8,4,0.057169
36,8,4,0.053017
37,8,4,0.061790
38,8,4,0.061478
39,8,4,0.054675
40,8,4,0.146726
41,8,4,0.332697
42,8,4,0.752922
43,8,4,0.956826
44,8,4,0.789134
45,8,4,0.448674
46,8,4,0.164879
47,8,4,0.018188
0,9,4,0.000000
1,9,4,0.000000
2,9,4,0.000000
3,9,4,0.000000
4,9,4,0.000000
5,9,4,0.000000
6,9,4,0.000000
7,9,4,0.000000
8,9,4,0.000000
9,9,4,0.000000
10,9,4,0.033418
11,9,4,0.150947
12,9,4,0.261329
13,9,4,0.301912
14,9,4,0.395637
15,9,4,0.423018
16,9,4,0.348279
17,9,4,0.196886
18,9,4,0.152827
19,9,4,0.152484
20,9,4,0.152483
21,9,4,0.152483
22,9,4,0.152483
23,9,4,0.152483
24,9,4,0.145507
25,9,4,0.152483
26,9,4,0.152483
27,9,4,0.149093
28,9,4,0.128862
29,9,4,0.093038
30,9,4,0.082413
31,9,4,0.072740
32,9,4,0.070341
33,9,4,0.067513
34,9,4,0.062814
35,9,4,0.060391
36,9,4,0.054896
37,9,4,0.058667
38,9,4,0.059602
39,9,4,0.075421
40,9,4,0.049248
41,9,4,0.051719
42,9,4,0.261025
43,9,4,0.695368
44,9,4,0.901411
45,9,4,0.880190
46,9,4,0.640926
47,9,4,0.286375
0,10,4,0.000000
1,10,4,0.000000
2,10,4,0.000000
3,10,4,0.000000
4,10,4,0.000000
5,10,4,0.000000
6,10,4,0.000000
7,10,4,0.000000
8,10,4,0.000000
9,10,4,0.000000
10,10,4,0.000056
11,10,4,0.031354
12,10,4,0.125745
13,10,4,0.157540
14,10,4,0.190349
15,10,4,0.244649
16,10,4,0.269246
17,10,4,0.187436
18,10,4,0.154567
19,10,4,0.152500
20,10,4,0.152483
21,10,4,0.152483
22,10,4,0.152483
23,10,4,0.152483
24,10,4,0.152483
25,10,4,0.152483
26,10,4,0.150689
27,10,4,0.126162
28,10,4,0.090948
29,10,4,0.094009
30,10,4,0.093881
31,10,4,0.083563
32,10,4,0.077689
33,10,4,0.072119
34,10,4,0.063552
35,10,4,0.057384
36,10,4,0.056928
37,10,4,0.054617
38,10,4,0.054523
39,10,4,0.056816
40,10,4,0.056128
41,10,4,0.064052
42,10,4,0.048633
43,10,4,0.196531
44,10,4,0.518519
45,10,4,0.807260
46,10,4,0.953752
47,10,4,0.856577
0,11,4,0.000000
1,11,4,0.000000
2,11,4,0.000000
3,11,4,0.000000
4,11,4,0.000000
5,11,4,0.000000
6,11,4,0.000000
7,11,4,0.000000
8,11,4,0.000000
9,11,4,0.000000
10,11,4,0.000000
11,11,4,0.004202
12,11,4,0.059343
13,11,4,0.141116
14,11,4,0.153051
15,11,4,0.159895
16,11,4,0.179735
17,11,4,0.165871
18,11,4,0.155139
19,11,4,0.152570
20,11,4,0.152483
21,11,4,0.152483
22,11,4,0.152483
23,11,4,0.152483
24,11,4,0.152483
25,11,4,0.152483
26,11,4,0.144479
27,11,4,0.089138
28,11,4,0.082692
29,11,4,0.087589
30,11,4,0.093563
31,11,4,0.095585
32,11,4,0.085959
33,11,4,0.072505
34,11,4,0.061499
35,11,4,0.056303
36,11,4,0.055806
37,11,4,0.049974
38,11,4,0.051404
39,11,4,0.052574
40,11,4,0.056141
41,11,4,0.053020
42,11,4,0.066624
43,11,4,0.050682
44,11,4,0.090367
45,11,4,0.343074
46,11,4,0.874151
47,11,4,1.000000
0,12,4,0.000000
1,12,4,0.000000
2,12,4,0.000000
3,12,4,0.000000
4,12,4,0.000000
5,12,4,0.000000
6,12,4,0.000000
7,12,4,0.000000
8,12,4,0.000000
9,12,4,0.000000
10,12,4,0.000000
11,12,4,0.004203
12,12,4,0.059348
13,12,4,0.141117
14,12,4,0.153051
15,12,4,0.159893
16,12,4,0.179721
17,12,4,0.165866
18,12,4,0.155138
19,12,4,0.152570
20,12,4,0.152483
21,12,4,0.152483
22,12,4,0.152483
23,12,4,0.152483
24,12,4,0.152483
25,12,4,0.152483
26,12,4,0.144482
27,12,4,0.089180
28,12,4,0.082746
29,12,4,0.087588
30,12,4,0.093363
31,12,4,0.095231
32,12,4,0.085790
33,12,4,0.072711
34,12,4,0.061751
35,12,4,0.056385
36,12,4,0.055947
37,12,4,0.050830
38,12,4,0.052258
39,12,4,0.052803
40,12,4,0.055408
41,12,4,0.050859
42,12,4,0.066883
43,12,4,0.052785
44,12,4,0.091205
45,12,4,0.343181
46,12,4,0.874182
47,12,4,1.000000
0,13,4,0.000000
1,13,4,0.000000
2,13,4,0.000000
3,13,4,0.000000
4,13,4,0.000000
5,13,4,0.000000
6,13,4,0.000000
7,13,4,0.000000
8,13,4,0.000000
9,13,4,0.000000
10,13,4,0.000056
11,13,4,0.031355
12,13,4,0.125746
13,13,4,0.157539
14,13,4,0.190337
15,13,4,0.244605
16,13,4,0.269161
17,13,4,0.187411
18,13,4,0.154566
19,13,4,0.152500
20,13,4,0.152483
21,13,4,0.152483
22,13,4,0.152483
23,13,4,0.152483
24,13,4,0.152483
25,13,4,0.152483
26,13,4,0.150708
27,13,4,0.126285
28,13,4,0.091010
29,13,4,0.093885
30,13,4,0.093416
31,13,4,0.082887
32,13,4,0.077220
33,13,4,0.072349
34,13,4,0.064283
35,13,4,0.057872
36,13,4,0.055271
37,13,4,0.051788
38,13,4,0.052046
39,13,4,0.050447
40,13,4,0.053290
41,13,4,0.059131
42,13,4,0.046336
43,13,4,0.197179
44,13,4,0.518928
45,13,4,0.807093
46,13,4,0.952705
47,13,4,0.856365
0,14,4,0.000000
1,14,4,0.000000
2,14,4,0.000000
3,14,4,0.000000
4,14,4,0.000000
5,14,4,0.000000
6,14,4,0.000000
7,14,4,0.000000
8,14,4,0.000000
9,14,4,0.000000
10,14,4,0.033418
11,14,4,0.150947
12,14,4,0.261329
13,14,4,0.301905
14,14,4,0.395589
15,14,4,0.422880
16,14,4,0.348114
17,14,4,0.196840
18,14,4,0.152827
19,14,4,0.152484
20,14,4,0.152483
21,14,4,0.152483
22,14,4,0.152483
23,14,4,0.152483
24,14,4,0.145518
25,14,4,0.152483
26,14,4,0.152483
27,14,4,0.149105
28,14,4,0.128795
29,14,4,0.092761
30,14,4,0.082018
31,14,4,0.072279
32,14,4,0.069812
33,14,4,0.067231
34,14,4,0.063109
35,14,4,0.061501
36,14,4,0.054131
37,14,4,0.054285
38,14,4,0.051644
39,14,4,0.063161
40,14,4,0.045535
41,14,4,0.050030
42,14,4,0.260500
43,14,4,0.695681
44,14,4,0.901432
45,14,4,0.878977
46,14,4,0.637748
47,14,4,0.285137
0,15,4,0.000000
1,15,4,0.000000
2,15,4,0.000000
3,15,4,0.000000
4,15,4,0.000000
5,15,4,0.000000
6,15,4,0.000000
7,15,4,0.000000
8,15,4,0.000664
9,15,4,0.050392
10,15,4,0.241976
11,15,4,0.406128
12,15,4,0.649649
13,15,4,0.718725
14,15,4,0.609526
15,15,4,0.388062
16,15,4,0.226638
17,15,4,0.159265
18,15,4,0.152492
19,15,4,0.152483
20,15,4,0.152483
21,15,4,0.152483
22,15,4,0.143010
23,15,4,0.133964
24,15,4,0.111885
25,15,4,0.145518
26,15,4,0.152483
27,15,4,0.152483
28,15,4,0.143192
29,15,4,0.087748
30,15,4,0.071638
31,15,4,0.069248
32,15,4,0.063958
33,15,4,0.062093
34,15,4,0.061005
35,15,4,0.057890
36,15,4,0.051832
37,15,4,0.056885
38,15,4,0.054777
39,15,4,0.048879
40,15,4,0.145770
41,15,4,0.333289
42,15,4,0.753041
43,15,4,0.956877
44,15,4,0.788969
45,15,4,0.448074
46,15,4,0.163690
47,15,4,0.017976
0,16,4,0.000000
1,16,4,0.000000
2,16,4,0.000000
3,16,4,0.000000
4,16,4,0.000000
5,16,4,0.000000
6,16,4,0.000000
7,16,4,0.023079
8,16,4,0.140839
9,16,4,0.344882
10,16,4,0.641875
11,16,4,0.755499
12,16,4,0.821592
13,16,4,0.685214
14,16,4,0.410740
15,16,4,0.212332
16,16,4,0.157025
17,16,4,0.152494
18,16,4,0.152483
19,16,4,0.152483
20,16,4,0.140572
21,16,4,0.129500
22,16,4,0.085108
23,16,4,0.075668
24,16,4,0.133964
25,16,4,0.152483
26,16,4,0.152483
27,16,4,0.152483
28,16,4,0.147347
29,16,4,0.105534
30,16,4,0.064727
31,16,4,0.064132
32,16,4,0.059033
33,16,4,0.059670
34,16,4,0.056987
35,16,4,0.051522
36,16,4,0.064457
37,16,4,0.053438
38,16,4,0.050484
39,16,4,0.257281
40,16,4,0.646068
41,16,4,0.860516
42,16,4,0.956646
43,16,4,0.741365
44,16,4,0.290634
45,16,4,0.063828
46,16,4,0.004795
47,16,4,0.000000
0,17,4,0.000000
1,17,4,0.000000
2,17,4,0.000000
3,17,4,0.000000
4,17,4,0.000000
5,17,4,0.011684
6,17,4,0.106687
7,17,4,0.283146
8,17,4,0.612834
9,17,4,0.745426
10,17,4,0.832663
11,17,4,0.833264
12,17,4,0.674332
13,17,4,0.400726
14,17,4,0.202061
15,17,4,0.155616
16,17,4,0.151896
17,17,4,0.142940
18,17,4,0.138940
19,17,4,0.127815
20,17,4,0.069551
21,17,4,0.061226
22,17,4,0.125974
23,17,4,0.140324
24,17,4,0.152483
25,17,4,0.152483
26,17,4,0.149188
27,17,4,0.150406
28,17,4,0.152483
29,17,4,0.136178
30,17,4,0.058552
31,17,4,0.057794
32,17,4,0.059808
33,17,4,0.058734
34,17,4,0.060560
35,17,4,0.051180
36,17,4,0.050245
37,17,4,0.151697
38,17,4,0.367092
39,17,4,0.759340
40,17,4,0.956048
41,17,4,0.873466
42,17,4,0.656109
43,17,4,0.245505
44,17,4,0.020342
45,17,4,0.000001
46,17,4,0.000000
47,17,4,0.000000
0,18,4,0.000000
1,18,4,0.000000
2,18,4,0.000000
3,18,4,0.000000
4,18,4,0.022557
5,18,4,0.205066
6,18,4,0.537642
7,18,4,0.711828
8,18,4,0.832003
9,18,4,0.847517
10,18,4,0.832002
11,18,4,0.658503
12,18,4,0.359865
13,18,4,0.175674
14,18,4,0.139686
15,18,4,0.136390
16,18,4,0.126233
17,18,4,0.074495
18,18,4,0.051248
19,18,4,0.064588
20,18,4,0.127815
21,18,4,0.138973
22,18,4,0.151878
23,18,4,0.152483
24,18,4,0.152483
25,18,4,0.142939
26,18,4,0.119432
27,18,4,0.125049
28,18,4,0.150270
29,18,4,0.142691
30,18,4,0.075689
31,18,4,0.065643
32,18,4,0.066017
33,18,4,0.052270
34,18,4,0.051843
35,18,4,0.142273
36,18,4,0.314923
37,18,4,0.661768
38,18,4,0.866562
39,18,4,0.958654
40,18,4,0.764228
41,18,4,0.385773
42,18,4,0.147403
43,18,4,0.015515
44,18,4,0.000000
45,18,4,0.000000
46,18,4,0.000000
47,18,4,0.000000
0,19,4,0.000000
1,19,4,0.000013
2,19,4,0.021591
3,19,4,0.131399
4,19,4,0.299471
5,19,4,0.638866
6,19,4,0.825814
7,19,4,0.848441
8,19,4,0.832553
9,19,4,0.741682
10,19,4,0.620141
11,19,4,0.320844
12,19,4,0.064187
13,19,4,0.018602
14,19,4,0.015541
15,19,4,0.024110
16,19,4,0.050761
17,19,4,0.081670
18,19,4,0.130706
19,19,4,0.139726
20,19,4,0.152483
21,19,4,0.152483
22,19,4,0.152483
23,19,4,0.148164
24,19,4,0.133037
25,19,4,0.094378
26,19,4,0.053162
27,19,4,0.061949
28,19,4,0.139657
29,19,4,0.152347
30,19,4,0.132851
31,19,4,0.062105
32,19,4,0.051694
33,19,4,0.140136
34,19,4,0.314392
35,19,4,0.645394
36,19,4,0.856302
37,19,4,0.956369
38,19,4,0.857433
39,19,4,0.665315
40,19,4,0.249242
41,19,4,0.038165
42,19,4,0.001223
43,19,4,0.000000
44,19,4,0.000000
45,19,4,0.000000
46,19,4,0.000000
47,19,4,0.000000
0,20,4,0.146997
1,20,4,0.158560
2,20,4,0.296522
3,20,4,0.658557
4,20,4,0.857449
5,20,4,0.968971
6,20,4,0.970628
7,20,4,0.888640
8,20,4,0.774352
9,20,4,0.486131
10,20,4,0.289557
11,20,4,0.183512
12,20,4,0.154247
13,20,4,0.152494
14,20,4,0.158795
15,20,4,0.192213
16,20,4,0.251471
17,20,4,0.253459
18,20,4,0.187048
19,20,4,0.155762
20,20,4,0.152485
21,20,4,0.143272
22,20,4,0.133304
23,20,4,0.099040
24,20,4,0.051596
25,20,4,0.055698
26,20,4,0.070994
27,20,4,0.093874
28,20,4,0.145935
29,20,4,0.158069
30,20,4,0.190192
31,20,4,0.207245
32,20,4,0.355420
33,20,4,0.651603
34,20,4,0.856667
35,20,4,0.953543
36,20,4,0.869190
37,20,4,0.730967
38,20,4,0.301946
39,20,4,0.131371
40,20,4,0.015518
41,20,4,0.000000
42,20,4,0.000000
43,20,4,0.000000
44,20,4,0.000000
45,20,4,0.000000
46,20,4,0.000000
47,20,4,0.000000
0,21,4,0.753210
1,21,4,0.835144
2,21,4,0.869108
3,21,4,0.971873
4,21,4,1.000000
5,21,4,1.000000
6,21,4,1.000000
7,21,4,0.986126
8,21,4,0.968989
9,21,4,0.878651
10,21,4,0.847535
11,21,4,0.847517
12,21,4,0.847517
13,21,4,0.847517
14,21,4,0.834968
15,21,4,0.765179
16,21,4,0.744635
17,21,4,0.670217
18,21,4,0.437034
19,21,4,0.308533
20,21,4,0.280251
21,21,4,0.220904
22,21,4,0.178556
23,21,4,0.172700
24,21,4,0.194126
25,21,4,0.209403
26,21,4,0.269930
27,21,4,0.283032
28,21,4,0.289494
29,21,4,0.321891
30,21,4,0.488978
31,21,4,0.759520
32,21,4,0.875159
33,21,4,0.953470
34,21,4,0.866567
35,21,4,0.732222
36,21,4,0.308561
37,21,4,0.143135
38,21,4,0.020341
39,21,4,0.000007
40,21,4,0.000000
41,21,4,0.000000
42,21,4,0.000000
43,21,4,0.000000
44,21,4,0.000000
45,21,4,0.000000
46,21,4,0.000000
47,21,4,0.000000
0,22,4,0.985386
1,22,4,1.000000
2,22,4,1.000000
3,22,4,1.000000
4,22,4,1.000000
5,22,4,1.000000
6,22,4,1.000000
7,22,4,1.000000
8,22,4,1.000000
9,22,4,1.000000
10,22,4,1.000000
11,22,4,1.000000
12,22,4,1.000000
13,22,4,1.000000
14,22,4,1.000000
15,22,4,0.987450
16,22,4,0.984501
17,22,4,0.972239
18,22,4,0.897596
19,22,4,0.866311
20,22,4,0.863033
21,22,4,0.853820
22,22,4,0.848171
23,22,4,0.847959
24,22,4,0.853304
25,22,4,0.852668
26,22,4,0.863031
27,22,4,0.863031
28,22,4,0.863039
29,22,4,0.868618
30,22,4,0.898366
31,22,4,0.886517
32,22,4,0.850533
33,22,4,0.729599
34,22,4,0.294532
35,22,4,0.140582
36,22,4,0.021673
37,22,4,0.000077
38,22,4,0.000000
39,22,4,0.000000
40,22,4,0.000000
41,22,4,0.000000
42,22,4,0.000000
43,22,4,0.000000
44,22,4,0.000000
45,22,4,0.000000
46,22,4,0.000000
47,22,4,0.000000
0,23,4,1.000000
1,23,4,1.000000
2,23,4,1.000000
3,23,4,1.000000
4,23,4,1.000000
5,23,4,1.000000
6,23,4,1.000000
7,23,4,1.000000
8,23,4,1.000000
9,23,4,1.000000
10,23,4,1.000000
11,23,4,1.000000
12,23,4,1.000000
13,23,4,1.000000
14,23,4,1.000000
15,23,4,1.000000
16,23,4,1.000000
17,23,4,1.000000
18,23,4,1.000000
19,23,4,1.000000
20,23,4,1.000000
21,23,4,1.000000
22,23,4,1.000000
23,23,4,1.000000
24,23,4,1.000000
25,23,4,1.000000
26,23,4,1.000000
27,23,4,1.000000
28,23,4,1.000000
29,23,4,1.000000
30,23,4,0.900170
31,23,4,0.517969
32,23,4,0.223401
33,23,4,0.161614
34,23,4,0.022478
35,23,4,0.000001
36,23,4,0.000000
37,23,4,0.000000
38,23,4,0.000000
39,23,4,0.000000
40,23,4,0.000000
41,23,4,0.000000
42,23,4,0.000000
43,23,4,0.000000
44,23,4,0.000000
45,23,4,0.000000
46,23,4,0.000000
47,23,4,0.000000
0,0,5,1.000000
1,0,5,1.000000
2,0,5,1.000000
3,0,5,1.000000
4,0,5,1.000000
5,0,5,1.000000
6,0,5,1.000000
7,0,5,1.000000
8,0,5,1.000000
9,0,5,1.000000
10,0,5,1.000000
11,0,5,1.000000
12,0,5,1.000000
13,0,5,1.000000
14,0,5,1.000000
15,0,5,1.000000
16,0,5,1.000000
17,0,5,1.000000
18,0,5,1.000000
19,0,5,1.000000
20,0,5,1.000000
21,0,5,1.000000
22,0,5,1.000000
23,0,5,1.000000
24,0,5,1.000000
25,0,5,1.000000
26,0,5,1.000000
27,0,5,1.000000
28,0,5,1.000000
29,0,5,1.000000
30,0,5,0.982471
31,0,5,0.748746
32,0,5,0.324357
33,0,5,0.175993
34,0,5,0.051295
35,0,5,0.005054
36,0,5,0.000000
37,0,5,0.000000
38,0,5,0.000000
39,0,5,0.000000
40,0,5,0.000000
41,0,5,0.000000
42,0,5,0.000000
43,0,5,0.000000
44,0,5,0.000000
45,0,5,0.000000
46,0,5,0.000000
47,0,5,0.000000
0,1,5,1.000000
1,1,5,1.000000
2,1,5,1.000000
3,1,5,1.000000
4,1,5,1.000000
5,1,5,1.000000
6,1,5,1.000000
7,1,5,1.000000
8,1,5,1.000000
9,1,5,1.000000
10,1,5,1.000000
11,1,5,1.000000
12,1,5,1.000000
13,1,5,1.000000
14,1,5,1.000000
15,1,5,1.000000
16,1,5,1.000000
17,1,5,1.000000
18,1,5,0.985551
19,1,5,0.981696
20,1,5,0.970185
21,1,5,0.897068
22,1,5,0.850138
23,1,5,0.849016
24,1,5,0.884755
25,1,5,0.898891
26,1,5,0.969457
27,1,5,0.981694
28,1,5,0.981694
29,1,5,0.981703
30,1,5,0.988756
31,1,5,0.966999
32,1,5,0.856701
33,1,5,0.738089
34,1,5,0.360713
35,1,5,0.174886
36,1,5,0.058498
37,1,5,0.006880
38,1,5,0.000000
39,1,5,0.000000
40,1,5,0.000000
41,1,5,0.000000
42,1,5,0.000000
43,1,5,0.000000
44,1,5,0.000000
45,1,5,0.000000
46,1,5,0.000000
47,1,5,0.000000
0,2,5,0.829070
1,2,5,0.845473
2,2,5,0.898003
3,2,5,0.988779
4,2,5,1.000000
5,2,5,1.000000
6,2,5,1.000000
7,2,5,1.000000
8,2,5,1.000000
9,2,5,0.963410
10,2,5,0.856695
11,2,5,0.838388
12,2,5,0.838388
13,2,5,0.838389
14,2,5,0.845843
15,2,5,0.900109
16,2,5,0.970837
17,2,5,0.967245
18,2,5,0.879175
19,2,5,0.842258
20,2,5,0.771310
21,2,5,0.534884
22,2,5,0.355796
23,2,5,0.313134
24,2,5,0.355161
25,2,5,0.462915
26,2,5,0.684782
27,2,5,0.783403
28,2,5,0.830818
29,2,5,0.845501
30,2,5,0.885885
31,2,5,0.900627
32,2,5,0.969715
33,2,5,0.985932
34,2,5,0.881394
35,2,5,0.757818
36,2,5,0.407450
37,2,5,0.189101
38,2,5,0.050969
39,2,5,0.005603
40,2,5,0.000000
41,2,5,0.000000
42,2,5,0.000000
43,2,5,0.000000
44,2,5,0.000000
45,2,5,0.000000
46,2,5,0.000000
47,2,5,0.000000
0,3,5,0.170930
1,3,5,0.202921
2,3,5,0.410581
3,3,5,0.763010
4,3,5,0.905144
5,3,5,0.990007
6,3,5,1.000000
7,3,5,1.000000
8,3,5,0.981715
9,3,5,0.768430
10,3,5,0.429941
11,3,5,0.288695
12,3,5,0.192066
13,3,5,0.163773
14,3,5,0.205073
15,3,5,0.401260
16,3,5,0.655819
17,3,5,0.766151
18,3,5,0.814233
19,3,5,0.820085
20,3,5,0.808573
21,3,5,0.735457
22,3,5,0.658975
23,3,5,0.508025
24,3,5,0.345854
25,3,5,0.322174
26,3,5,0.403986
27,3,5,0.527734
28,3,5,0.760636
29,3,5,0.819907
30,3,5,0.745703
31,3,5,0.544258
32,3,5,0.658637
33,3,5,0.834840
34,3,5,0.920163
35,3,5,0.981082
36,3,5,0.896887
37,3,5,0.752931
38,3,5,0.384625
39,3,5,0.175973
40,3,5,0.018331
41,3,5,0.000004
42,3,5,0.000000
43,3,5,0.000000
44,3,5,0.000000
45,3,5,0.000000
46,3,5,0.000000
47,3,5,0.000000
0,4,5,0.000000
1,4,5,0.007085
2,4,5,0.059615
3,4,5,0.198841
4,4,5,0.431962
5,4,5,0.780145
6,4,5,0.977178
7,4,5,1.000000
8,4,5,1.000000
9,4,5,0.963410
10,4,5,0.838389
11,4,5,0.618830
12,4,5,0.287968
13,4,5,0.155665
14,4,5,0.150915
15,4,5,0.219938
16,4,5,0.356886
17,4,5,0.476791
18,4,5,0.644080
19,4,5,0.716395
20,4,5,0.805034
21,4,5,0.820083
22,4,5,0.815012
23,4,5,0.774965
24,4,5,0.669728
25,4,5,0.512145
26,4,5,0.344471
27,4,5,0.416717
28,4,5,0.724086
29,4,5,0.807449
30,4,5,0.662925
31,4,5,0.369011
32,4,5,0.266240
33,4,5,0.294776
34,4,5,0.502297
35,4,5,0.794152
36,4,5,0.921556
37,4,5,0.980002
38,4,5,0.889357
39,4,5,0.719016
40,4,5,0.286687
41,4,5,0.126469
42,4,5,0.018306
43,4,5,0.000000
44,4,5,0.000000
45,4,5,0.000000
46,4,5,0.000000
47,4,5,0.000000
0,5,5,0.000000
1,5,5,0.000000
2,5,5,0.000000
3,5,5,0.008313
4,5,5,0.066756
5,5,5,0.272103
6,5,5,0.695989
7,5,5,0.904190
8,5,5,0.990618
9,5,5,1.000000
10,5,5,1.000000
11,5,5,0.948653
12,5,5,0.752519
13,5,5,0.683627
14,5,5,0.676807
15,5,5,0.675476
16,5,5,0.623155
17,5,5,0.453875
18,5,5,0.377686
19,5,5,0.449778
20,5,5,0.634531
21,5,5,0.712417
22,5,5,0.800005
23,5,5,0.819373
24,5,5,0.812729
25,5,5,0.740817
26,5,5,0.635765
27,5,5,0.657919
28,5,5,0.790540
29,5,5,0.739339
30,5,5,0.459319
31,5,5,0.347967
32,5,5,0.322168
33,5,5,0.267057
34,5,5,0.239065
35,5,5,0.302600
36,5,5,0.505538
37,5,5,0.800591
38,5,5,0.963860
39,5,5,0.981698
40,5,5,0.839858
41,5,5,0.615116
42,5,5,0.251444
43,5,5,0.018306
44,5,5,0.000000
45,5,5,0.000000
46,5,5,0.000000
47,5,5,0.000000
0,6,5,0.000000
1,6,5,0.000000
2,6,5,0.000000
3,6,5,0.000000
4,6,5,0.000000
5,6,5,0.018306
6,6,5,0.190802
7,6,5,0.442655
8,6,5,0.783734
9,6,5,0.964172
10,6,5,1.000000
11,6,5,1.000000
12,6,5,0.968084
13,6,5,0.875383
14,6,5,0.826983
15,6,5,0.819396
16,6,5,0.804817
17,6,5,0.737804
18,6,5,0.700654
19,6,5,0.634493
20,6,5,0.466425
21,6,5,0.444154
22,6,5,0.635972
23,6,5,0.725304
24,6,5,0.806449
25,6,5,0.816218
26,6,5,0.795107
27,6,5,0.801945
28,6,5,0.811581
29,6,5,0.685447
30,6,5,0.365008
31,6,5,0.315238
32,6,5,0.327234
33,6,5,0.319107
34,6,5,0.306071
35,6,5,0.264555
36,6,5,0.243123
37,6,5,0.327096
38,6,5,0.617745
39,6,5,0.849536
40,6,5,0.983579
41,6,5,0.964833
42,6,5,0.731695
43,6,5,0.274028
44,6,5,0.051652
45,6,5,0.005721
46,6,5,0.000000
47,6,5,0.000000
0,7,5,0.000000
1,7,5,0.000000
2,7,5,0.000000
3,7,5,0.000000
4,7,5,0.000000
5,7,5,0.000000
6,7,5,0.008924
7,7,5,0.070345
8,7,5,0.259783
9,7,5,0.629568
10,7,5,0.945862
11,7,5,0.984513
12,7,5,1.000000
13,7,5,0.970289
14,7,5,0.878226
15,7,5,0.829065
16,7,5,0.820096
17,7,5,0.820083
18,7,5,0.820083
19,7,5,0.806030
20,7,5,0.722241
21,7,5,0.647256
22,7,5,0.525061
23,7,5,0.507598
24,7,5,0.692646
25,7,5,0.811851
26,7,5,0.820083
27,7,5,0.820083
28,7,5,0.775767
29,7,5,0.574545
30,7,5,0.368143
31,7,5,0.339121
32,7,5,0.324087
33,7,5,0.322277
34,7,5,0.314585
35,7,5,0.301461
36,7,5,0.306241
37,7,5,0.230627
38,7,5,0.209893
39,7,5,0.328621
40,7,5,0.734390
41,7,5,0.912822
42,7,5,0.972899
43,7,5,0.765040
44,7,5,0.386652
45,7,5,0.164031
46,7,5,0.018306
47,7,5,0.000000
0,8,5,0.000000
1,8,5,0.000000
2,8,5,0.000000
3,8,5,0.000000
4,8,5,0.000000
5,8,5,0.000000
6,8,5,0.000000
7,8,5,0.000005
8,8,5,0.018332
9,8,5,0.232478
10,8,5,0.609513
11,8,5,0.854816
12,8,5,0.966207
13,8,5,0.981799
14,8,5,0.959409
15,8,5,0.879832
16,8,5,0.833317
17,8,5,0.820106
18,8,5,0.820083
19,8,5,0.820083
20,8,5,0.820083
21,8,5,0.808903
22,8,5,0.741288
23,8,5,0.681466
24,8,5,0.662522
25,8,5,0.772107
26,8,5,0.820083
27,8,5,0.818200
28,8,5,0.742753
29,8,5,0.504178
30,8,5,0.392593
31,8,5,0.370491
32,8,5,0.347917
33,8,5,0.338586
34,8,5,0.327862
35,8,5,0.304474
36,8,5,0.282865
37,8,5,0.239094
38,8,5,0.166630
39,8,5,0.107761
40,8,5,0.215440
41,8,5,0.458636
42,8,5,0.792863
43,8,5,0.969973
44,8,5,0.877420
45,8,5,0.645553
46,8,5,0.255568
47,8,5,0.021835
0,9,5,0.000000
1,9,5,0.000000
2,9,5,0.000000
3,9,5,0.000000
4,9,5,0.000000
5,9,5,0.000000
6,9,5,0.000000
7,9,5,0.000000
8,9,5,0.000000
9,9,5,0.018306
10,9,5,0.231760
11,9,5,0.591591
12,9,5,0.820253
13,9,5,0.844347
14,9,5,0.880311
15,9,5,0.901057
16,9,5,0.880953
17,9,5,0.828360
18,9,5,0.820094
19,9,5,0.820083
20,9,5,0.820083
21,9,5,0.820083
22,9,5,0.820083
23,9,5,0.811851
24,9,5,0.772107
25,9,5,0.811851
26,9,5,0.817965
27,9,5,0.787496
28,9,5,0.671102
29,9,5,0.511274
30,9,5,0.442320
31,9,5,0.398528
32,9,5,0.378304
33,9,5,0.362103
34,9,5,0.339471
35,9,5,0.314634
36,9,5,0.258427
37,9,5,0.208681
38,9,5,0.179791
39,9,5,0.151018
40,9,5,0.077446
41,9,5,0.100062
42,9,5,0.295309
43,9,5,0.736777
44,9,5,0.969009
45,9,5,0.968956
46,9,5,0.731010
47,9,5,0.319886
0,10,5,0.000000
1,10,5,0.000000
2,10,5,0.000000
3,10,5,0.000000
4,10,5,0.000000
5,10,5,0.000000
6,10,5,0.000000
7,10,5,0.000000
8,10,5,0.000000
9,10,5,0.000000
10,10,5,0.018690
11,10,5,0.237738
12,10,5,0.617287
13,10,5,0.806775
14,10,5,0.825904
15,10,5,0.837757
16,10,5,0.853996
17,10,5,0.826743
18,10,5,0.820444
19,10,5,0.820083
20,10,5,0.820083
21,10,5,0.820083
22,10,5,0.820083
23,10,5,0.820083
24,10,5,0.820083
25,10,5,0.820083
26,10,5,0.798299
27,10,5,0.663947
28,10,5,0.524664
29,10,5,0.498241
30,10,5,0.494901
31,10,5,0.452591
32,10,5,0.418548
33,10,5,0.384425
34,10,5,0.340730
35,10,5,0.297215
36,10,5,0.243815
37,10,5,0.203584
38,10,5,0.161883
39,10,5,0.125901
40,10,5,0.087794
41,10,5,0.066478
42,10,5,0.050255
43,10,5,0.262218
44,10,5,0.648994
45,10,5,0.897675
46,10,5,0.972378
47,10,5,0.850904
0,11,5,0.000000
1,11,5,0.000000
2,11,5,0.000000
3,11,5,0.000000
4,11,5,0.000000
5,11,5,0.000000
6,11,5,0.000000
7,11,5,0.000000
8,11,5,0.000000
9,11,5,0.000000
10,11,5,0.000066
11,11,5,0.052098
12,11,5,0.364133
13,11,5,0.728491
14,11,5,0.820113
15,11,5,0.820900
16,11,5,0.825836
17,11,5,0.823037
18,11,5,0.820542
19,11,5,0.820097
20,11,5,0.820083
21,11,5,0.820083
22,11,5,0.820083
23,11,5,0.820083
24,11,5,0.820083
25,11,5,0.820083
26,11,5,0.753483
27,11,5,0.522735
28,11,5,0.448332
29,11,5,0.475240
30,11,5,0.502330
31,11,5,0.503676
32,11,5,0.457367
33,11,5,0.390994
34,11,5,0.333614
35,11,5,0.290897
36,11,5,0.238555
37,11,5,0.195687
38,11,5,0.156875
39,11,5,0.116013
40,11,5,0.090635
41,11,5,0.062790
42,11,5,0.062647
43,11,5,0.050615
44,11,5,0.197755
45,11,5,0.521411
46,11,5,0.919493
47,11,5,1.000000
0,12,5,0.000000
1,12,5,0.000000
2,12,5,0.000000
3,12,5,0.000000
4,12,5,0.000000
5,12,5,0.000000
6,12,5,0.000000
7,12,5,0.000000
8,12,5,0.000000
9,12,5,0.000000
10,12,5,0.000066
11,12,5,0.052104
12,12,5,0.364147
13,12,5,0.728497
14,12,5,0.820113
15,12,5,0.820899
16,12,5,0.825833
17,12,5,0.823036
18,12,5,0.820542
19,12,5,0.820097
20,12,5,0.820083
21,12,5,0.820083
22,12,5,0.820083
23,12,5,0.820083
24,12,5,0.820083
25,12,5,0.820083
26,12,5,0.753523
27,12,5,0.522964
28,12,5,0.448555
29,12,5,0.475111
30,12,5,0.501314
31,12,5,0.502092
32,12,5,0.456552
33,12,5,0.391785
34,12,5,0.334917
35,12,5,0.291614
36,12,5,0.238129
37,12,5,0.194449
38,12,5,0.157684
39,12,5,0.116952
40,12,5,0.091299
41,12,5,0.064577
42,12,5,0.066604
43,12,5,0.054399
44,12,5,0.198695
45,12,5,0.521736
46,12,5,0.919624
47,12,5,1.000000
0,13,5,0.000000
1,13,5,0.000000
2,13,5,0.000000
3,13,5,0.000000
4,13,5,0.000000
5,13,5,0.000000
6,13,5,0.000000
7,13,5,0.000000
8,13,5,0.000000
9,13,5,0.000000
10,13,5,0.018690
11,13,5,0.237740
12,13,5,0.617294
13,13,5,0.806776
14,13,5,0.825902
15,13,5,0.837750
16,13,5,0.853972
17,13,5,0.826739
18,13,5,0.820444
19,13,5,0.820083
20,13,5,0.820083
21,13,5,0.820083
22,13,5,0.820083
23,13,5,0.820083
24,13,5,0.820083
25,13,5,0.820083
26,13,5,0.798434
27,13,5,0.664422
28,13,5,0.524887
29,13,5,0.497482
30,13,5,0.492605
31,13,5,0.449341
32,13,5,0.416347
33,13,5,0.385318
34,13,5,0.344150
35,13,5,0.300957
36,13,5,0.242285
37,13,5,0.195782
38,13,5,0.156335
39,13,5,0.122861
40,13,5,0.088563
41,13,5,0.067245
42,13,5,0.052023
43,13,5,0.263430
44,13,5,0.648999
45,13,5,0.897805
46,13,5,0.972193
47,13,5,0.850904
0,14,5,0.000000
1,14,5,0.000000
2,14,5,0.000000
3,14,5,0.000000
4,14,5,0.000000
5,14,5,0.000000
6,14,5,0.000000
7,14,5,0.000000
8,14,5,0.000000
9,14,5,0.018306
10,14,5,0.231760
11,14,5,0.591591
12,14,5,0.820253
13,14,5,0.844346
14,14,5,0.880297
15,14,5,0.901017
16,14,5,0.880897
17,14,5,0.828351
18,14,5,0.820094
19,14,5,0.820083
20,14,5,0.820083
21,14,5,0.820083
22,14,5,0.820083
23,14,5,0.811864
24,14,5,0.772180
25,14,5,0.811864
26,14,5,0.817988
27,14,5,0.787587
28,14,5,0.670764
29,14,5,0.509933
30,14,5,0.440260
31,14,5,0.396042
32,14,5,0.375692
33,14,5,0.360739
34,14,5,0.341148
35,14,5,0.320102
36,14,5,0.258820
37,14,5,0.198886
38,14,5,0.165244
39,14,5,0.137377
40,14,5,0.075237
41,14,5,0.100965
42,14,5,0.295148
43,14,5,0.736678
44,14,5,0.968981
45,14,5,0.968716
46,14,5,0.729775
47,14,5,0.319633
0,15,5,0.000000
1,15,5,0.000000
2,15,5,0.000000
3,15,5,0.000000
4,15,5,0.000000
5,15,5,0.000000
6,15,5,0.000000
7,15,5,0.000005
8,15,5,0.018332
9,15,5,0.232478
10,15,5,0.609513
11,15,5,0.854815
12,15,5,0.966207
13,15,5,0.981799
14,15,5,0.959401
15,15,5,0.879804
16,15,5,0.833305
17,15,5,0.820106
18,15,5,0.820083
19,15,5,0.820083
20,15,5,0.820083
21,15,5,0.808904
22,15,5,0.741299
23,15,5,0.681545
24,15,5,0.662743
25,15,5,0.772180
26,15,5,0.820083
27,15,5,0.818191
28,15,5,0.742464
29,15,5,0.503127
30,15,5,0.391429
31,15,5,0.369320
32,15,5,0.345926
33,15,5,0.335366
34,15,5,0.325830
35,15,5,0.306148
36,15,5,0.280260
37,15,5,0.237970
38,15,5,0.158985
39,15,5,0.100050
40,15,5,0.214897
41,15,5,0.460706
42,15,5,0.793450
43,15,5,0.969926
44,15,5,0.877214
45,15,5,0.645357
46,15,5,0.255328
47,15,5,0.021835
0,16,5,0.000000
1,16,5,0.000000
2,16,5,0.000000
3,16,5,0.000000
4,16,5,0.000000
5,16,5,0.000000
6,16,5,0.008921
7,16,5,0.070329
8,16,5,0.259780
9,16,5,0.629567
10,16,5,0.945862
11,16,5,0.984513
12,16,5,1.000000
13,16,5,0.970284
14,16,5,0.878208
15,16,5,0.829058
16,16,5,0.820096
17,16,5,0.820083
18,16,5,0.820083
19,16,5,0.806029
20,16,5,0.722230
21,16,5,0.647256
22,16,5,0.525073
23,16,5,0.507628
24,16,5,0.692723
25,16,5,0.811864
26,16,5,0.820083
27,16,5,0.820083
28,16,5,0.775692
29,16,5,0.574139
30,16,5,0.367634
31,16,5,0.338499
32,16,5,0.322952
33,16,5,0.319693
34,16,5,0.309979
35,16,5,0.292928
36,16,5,0.296842
37,16,5,0.240289
38,16,5,0.214064
39,16,5,0.327971
40,16,5,0.734463
41,16,5,0.913509
42,16,5,0.973016
43,16,5,0.764863
44,16,5,0.386120
45,16,5,0.163826
46,16,5,0.018306
47,16,5,0.000000
0,17,5,0.000000
1,17,5,0.000000
2,17,5,0.000000
3,17,5,0.000000
4,17,5,0.000000
5,17,5,0.018306
6,17,5,0.190783
7,17,5,0.442607
8,17,5,0.783718
9,17,5,0.964172
10,17,5,1.000000
11,17,5,1.000000
12,17,5,0.968081
13,17,5,0.875372
14,17,5,0.826978
15,17,5,0.819389
16,17,5,0.804778
17,17,5,0.737779
18,17,5,0.700633
19,17,5,0.634461
20,17,5,0.466385
21,17,5,0.444107
22,17,5,0.635911
23,17,5,0.725287
24,17,5,0.806450
25,17,5,0.816194
26,17,5,0.794970
27,17,5,0.801910
28,17,5,0.811572
29,17,5,0.685392
30,17,5,0.364847
31,17,5,0.314729
32,17,5,0.326514
33,17,5,0.317730
34,17,5,0.302170
35,17,5,0.256007
36,17,5,0.230722
37,17,5,0.329087
38,17,5,0.618975
39,17,5,0.849709
40,17,5,0.983593
41,17,5,0.964831
42,17,5,0.731695
43,17,5,0.273998
44,17,5,0.051475
45,17,5,0.005691
46,17,5,0.000000
47,17,5,0.000000
0,18,5,0.000000
1,18,5,0.000000
2,18,5,0.000000
3,18,5,0.008310
4,18,5,0.066740
5,18,5,0.272096
6,18,5,0.695965
7,18,5,0.904171
8,18,5,0.990615
9,18,5,1.000000
10,18,5,1.000000
11,18,5,0.948652
12,18,5,0.752511
13,18,5,0.683624
14,18,5,0.676807
15,18,5,0.675433
16,18,5,0.622986
17,18,5,0.453717
18,18,5,0.377597
19,18,5,0.449703
20,18,5,0.634500
21,18,5,0.712406
22,18,5,0.799982
23,18,5,0.819369
24,18,5,0.812710
25,18,5,0.740566
26,18,5,0.635315
27,18,5,0.657770
28,18,5,0.790664
29,18,5,0.739400
30,18,5,0.459369
31,18,5,0.347783
32,18,5,0.321982
33,18,5,0.266746
34,18,5,0.237792
35,18,5,0.296620
36,18,5,0.492426
37,18,5,0.796393
38,18,5,0.963881
39,18,5,0.981699
40,18,5,0.839856
41,18,5,0.615108
42,18,5,0.251443
43,18,5,0.018306
44,18,5,0.000000
45,18,5,0.000000
46,18,5,0.000000
47,18,5,0.000000
0,19,5,0.000000
1,19,5,0.007084
2,19,5,0.059607
3,19,5,0.198823
4,19,5,0.431913
5,19,5,0.780128
6,19,5,0.977174
7,19,5,1.000000
8,19,5,1.000000
9,19,5,0.963410
10,19,5,0.838389
11,19,5,0.618826
12,19,5,0.287956
13,19,5,0.155661
14,19,5,0.150907
15,19,5,0.219851
16,19,5,0.356691
17,19,5,0.476581
18,19,5,0.644008
19,19,5,0.716373
20,19,5,0.805031
21,19,5,0.820083
22,19,5,0.814986
23,19,5,0.774808
24,19,5,0.669551
25,19,5,0.511760
26,19,5,0.344205
27,19,5,0.416838
28,19,5,0.724497
29,19,5,0.807592
30,19,5,0.663038
31,19,5,0.369337
32,19,5,0.266411
33,19,5,0.294665
34,19,5,0.501649
35,19,5,0.793196
36,19,5,0.917700
37,19,5,0.979385
38,19,5,0.889598
39,19,5,0.719058
40,19,5,0.286687
41,19,5,0.126468
42,19,5,0.018306
43,19,5,0.000000
44,19,5,0.000000
45,19,5,0.000000
46,19,5,0.000000
47,19,5,0.000000
0,20,5,0.170930
1,20,5,0.202913
2,20,5,0.410557
3,20,5,0.762999
4,20,5,0.905128
5,20,5,0.990004
6,20,5,1.000000
7,20,5,1.000000
8,20,5,0.981715
9,20,5,0.768430
10,20,5,0.429941
11,20,5,0.288694
12,20,5,0.192062
13,20,5,0.163772
14,20,5,0.205025
15,20,5,0.401109
16,20,5,0.655730
17,20,5,0.766095
18,20,5,0.814223
19,20,5,0.820085
20,20,5,0.809214
21,20,5,0.739202
22,20,5,0.659533
23,20,5,0.507553
24,20,5,0.345600
25,20,5,0.322075
26,20,5,0.404032
27,20,5,0.527853
28,20,5,0.760800
29,20,5,0.819931
30,20,5,0.745387
31,20,5,0.544903
32,20,5,0.658876
33,20,5,0.834830
34,20,5,0.919982
35,20,5,0.980904
36,20,5,0.896030
37,20,5,0.753026
38,20,5,0.385348
39,20,5,0.176214
40,20,5,0.018331
41,20,5,0.000004
42,20,5,0.000000
43,20,5,0.000000
44,20,5,0.000000
45,20,5,0.000000
46,20,5,0.000000
47,20,5,0.000000
0,21,5,0.829070
1,21,5,0.845472
2,21,5,0.897995
3,21,5,0.988778
4,21,5,1.000000
5,21,5,1.000000
6,21,5,1.000000
7,21,5,1.000000
8,21,5,1.000000
9,21,5,0.963410
10,21,5,0.856695
11,21,5,0.838388
12,21,5,0.838388
13,21,5,0.838389
14,21,5,0.845835
15,21,5,0.900061
16,21,5,0.970829
17,21,5,0.967245
18,21,5,0.879172
19,21,5,0.842257
20,21,5,0.775044
21,21,5,0.546155
22,21,5,0.359710
23,21,5,0.313073
24,21,5,0.355227
25,21,5,0.463089
26,21,5,0.684854
27,21,5,0.783433
28,21,5,0.830822
29,21,5,0.844980
30,21,5,0.882882
31,21,5,0.900302
32,21,5,0.969749
33,21,5,0.985860
34,21,5,0.880978
35,21,5,0.756891
36,21,5,0.404877
37,21,5,0.188286
38,21,5,0.051210
39,21,5,0.005644
40,21,5,0.000000
41,21,5,0.000000
42,21,5,0.000000
43,21,5,0.000000
44,21,5,0.000000
45,21,5,0.000000
46,21,5,0.000000
47,21,5,0.000000
0,22,5,1.000000
1,22,5,1.000000
2,22,5,1.000000
3,22,5,1.000000
4,22,5,1.000000
5,22,5,1.000000
6,22,5,1.000000
7,22,5,1.000000
8,22,5,1.000000
9,22,5,1.000000
10,22,5,1.000000
11,22,5,1.000000
12,22,5,1.000000
13,22,5,1.000000
14,22,5,1.000000
15,22,5,1.000000
16,22,5,1.000000
17,22,5,1.000000
18,22,5,0.985550
19,22,5,0.981696
20,22,5,0.970826
21,22,5,0.900814
22,22,5,0.850847
23,22,5,0.849032
24,22,5,0.884789
25,22,5,0.898948
26,22,5,0.969466
27,22,5,0.981694
28,22,5,0.981694
29,22,5,0.981703
30,22,5,0.988235
31,22,5,0.966947
32,22,5,0.856701
33,22,5,0.737674
34,22,5,0.359466
35,22,5,0.174323
36,22,5,0.057642
37,22,5,0.006733
38,22,5,0.000000
39,22,5,0.000000
40,22,5,0.000000
41,22,5,0.000000
42,22,5,0.000000
43,22,5,0.000000
44,22,5,0.000000
45,22,5,0.000000
46,22,5,0.000000
47,22,5,0.000000
0,23,5,1.000000
1,23,5,1.000000
2,23,5,1.000000
3,23,5,1.000000
4,23,5,1.000000
5,23,5,1.000000
6,23,5,1.000000
7,23,5,1.000000
8,23,5,1.000000
9,23,5,1.000000
10,23,5,1.000000
11,23,5,1.000000
12,23,5,1.000000
13,23,5,1.000000
14,23,5,1.000000
15,23,5,1.000000
16,23,5,1.000000
17,23,5,1.000000
18,23,5,1.000000
19,23,5,1.000000
20,23,5,1.000000
21,23,5,1.000000
22,23,5,1.000000
23,23,5,1.000000
24,23,5,1.000000
25,23,5,1.000000
26,23,5,1.000000
27,23,5,1.000000
28,23,5,1.000000
29,23,5,1.000000
30,23,5,0.982409
31,23,5,0.748386
32,23,5,0.324295
33,23,5,0.175908
34,23,5,0.050800
35,23,5,0.004969
36,23,5,0.000000
37,23,5,0.000000
38,23,5,0.000000
39,23,5,0.000000
40,23,5,0.000000
41,23,5,0.000000
42,23,5,0.000000
43,23,5,0.000000
44,23,5,0.000000
45,23,5,0.000000
46,23,5,0.000000
47,23,5,0.000000
