i,j,k,rho
0,0,0,1.000000
1,0,0,1.000000
2,0,0,1.000000
3,0,0,1.000000
4,0,0,1.000000
5,0,0,1.000000
6,0,0,1.000000
7,0,0,1.000000
8,0,0,1.000000
9,0,0,1.000000
10,0,0,1.000000
11,0,0,1.000000
12,0,0,1.000000
13,0,0,1.000000
14,0,0,1.000000
15,0,0,1.000000
16,0,0,1.000000
17,0,0,1.000000
18,0,0,1.000000
19,0,0,1.000000
20,0,0,1.000000
21,0,0,1.000000
22,0,0,1.000000
23,0,0,1.000000
24,0,0,1.000000
25,0,0,1.000000
26,0,0,1.000000
27,0,0,1.000000
28,0,0,1.000000
29,0,0,0.900578
30,0,0,0.555323
31,0,0,0.255712
32,0,0,0.178115
33,0,0,0.069764
34,0,0,0.004502
35,0,0,0.000000
36,0,0,0.000000
37,0,0,0.000000
38,0,0,0.000000
39,0,0,0.000000
40,0,0,0.000000
41,0,0,0.000000
42,0,0,0.000000
43,0,0,0.000000
44,0,0,0.000000
45,0,0,0.000000
46,0,0,0.000000
47,0,0,0.000000
0,1,0,1.000000
1,1,0,1.000000
2,1,0,1.000000
3,1,0,1.000000
4,1,0,1.000000
5,1,0,1.000000
6,1,0,1.000000
7,1,0,1.000000
8,1,0,1.000000
9,1,0,1.000000
10,1,0,1.000000
11,1,0,1.000000
12,1,0,1.000000
13,1,0,1.000000
14,1,0,1.000000
15,1,0,1.000000
16,1,0,1.000000
17,1,0,0.985365
18,1,0,0.981705
19,1,0,0.968944
20,1,0,0.889268
21,1,0,0.845227
22,1,0,0.842583
23,1,0,0.865563
24,1,0,0.898481
25,1,0,0.900300
26,1,0,0.969369
27,1,0,0.981694
28,1,0,0.981695
29,1,0,0.966667
30,1,0,0.886271
31,1,0,0.838899
32,1,0,0.753015
33,1,0,0.458633
34,1,0,0.201809
35,1,0,0.146924
36,1,0,0.039627
37,1,0,0.003615
38,1,0,0.000000
39,1,0,0.000000
40,1,0,0.000000
41,1,0,0.000000
42,1,0,0.000000
43,1,0,0.000000
44,1,0,0.000000
45,1,0,0.000000
46,1,0,0.000000
47,1,0,0.000000
0,2,0,0.829070
1,2,0,0.856694
2,2,0,0.967495
3,2,0,1.000000
4,2,0,1.000000
5,2,0,1.000000
6,2,0,1.000000
7,2,0,0.989611
8,2,0,0.904126
9,2,0,0.846735
10,2,0,0.838462
11,2,0,0.838394
12,2,0,0.855622
13,2,0,0.956958
14,2,0,0.980590
15,2,0,0.981695
16,2,0,0.967062
17,2,0,0.878099
18,2,0,0.842122
19,2,0,0.764084
20,2,0,0.509885
21,2,0,0.331052
22,2,0,0.250575
23,2,0,0.299241
24,2,0,0.409281
25,2,0,0.516683
26,2,0,0.705586
27,2,0,0.777620
28,2,0,0.830421
29,2,0,0.841630
30,2,0,0.854574
31,2,0,0.882090
32,2,0,0.952091
33,2,0,0.896878
34,2,0,0.842163
35,2,0,0.734710
36,2,0,0.351282
37,2,0,0.164911
38,2,0,0.019963
39,2,0,0.000284
40,2,0,0.000000
41,2,0,0.000000
42,2,0,0.000000
43,2,0,0.000000
44,2,0,0.000000
45,2,0,0.000000
46,2,0,0.000000
47,2,0,0.000000
0,3,0,0.170930
1,3,0,0.272413
2,3,0,0.630632
3,3,0,0.842496
4,3,0,0.969919
5,3,0,1.000000
6,3,0,1.000000
7,3,0,0.922358
8,3,0,0.594158
9,3,0,0.371871
10,3,0,0.305347
11,3,0,0.295633
12,3,0,0.332962
13,3,0,0.580961
14,3,0,0.713819
15,3,0,0.821217
16,3,0,0.838409
17,3,0,0.823759
18,3,0,0.820094
19,3,0,0.807332
20,3,0,0.727657
21,3,0,0.622333
22,3,0,0.409313
23,3,0,0.287920
24,3,0,0.306335
25,3,0,0.423095
26,3,0,0.485753
27,3,0,0.570299
28,3,0,0.760769
29,3,0,0.741894
30,3,0,0.503700
31,3,0,0.489091
32,3,0,0.676060
33,3,0,0.855305
34,3,0,0.965721
35,3,0,0.985309
36,3,0,0.878015
37,3,0,0.718661
38,3,0,0.291591
39,3,0,0.144963
40,3,0,0.018306
41,3,0,0.000000
42,3,0,0.000000
43,3,0,0.000000
44,3,0,0.000000
45,3,0,0.000000
46,3,0,0.000000
47,3,0,0.000000
0,4,0,0.000000
1,4,0,0.018306
2,4,0,0.129108
3,4,0,0.274838
4,4,0,0.653819
5,4,0,0.897728
6,4,0,0.990755
7,4,0,0.989611
8,4,0,0.904126
9,4,0,0.828430
10,4,0,0.713462
11,4,0,0.622571
12,4,0,0.426143
13,4,0,0.326028
14,4,0,0.412251
15,4,0,0.703088
16,4,0,0.767296
17,4,0,0.811263
18,4,0,0.820083
19,4,0,0.820083
20,4,0,0.820083
21,4,0,0.809568
22,4,0,0.743734
23,4,0,0.652095
24,4,0,0.468711
25,4,0,0.358765
26,4,0,0.327805
27,4,0,0.573257
28,4,0,0.759072
29,4,0,0.624029
30,4,0,0.374834
31,4,0,0.319920
32,4,0,0.300142
33,4,0,0.411177
34,4,0,0.700523
35,4,0,0.855813
36,4,0,0.964397
37,4,0,0.981978
38,4,0,0.858351
39,4,0,0.713672
40,4,0,0.274067
41,4,0,0.051920
42,4,0,0.005761
43,4,0,0.000000
44,4,0,0.000000
45,4,0,0.000000
46,4,0,0.000000
47,4,0,0.000000
0,5,0,0.000000
1,5,0,0.000000
2,5,0,0.000000
3,5,0,0.018306
4,5,0,0.184340
5,5,0,0.445047
6,5,0,0.784554
7,5,0,0.966711
8,5,0,1.000000
9,5,0,1.000000
10,5,0,0.963479
11,5,0,0.847905
12,5,0,0.748787
13,5,0,0.688624
14,5,0,0.693899
15,5,0,0.727354
16,5,0,0.657809
17,5,0,0.768673
18,5,0,0.820083
19,5,0,0.820083
20,5,0,0.820083
21,5,0,0.820083
22,5,0,0.820083
23,5,0,0.810538
24,5,0,0.724228
25,5,0,0.563431
26,5,0,0.469740
27,5,0,0.697834
28,5,0,0.704666
29,5,0,0.409595
30,5,0,0.313566
31,5,0,0.319922
32,5,0,0.302457
33,5,0,0.445110
34,5,0,0.511022
35,5,0,0.406747
36,5,0,0.625435
37,5,0,0.841236
38,5,0,0.968040
39,5,0,0.981694
40,5,0,0.765308
41,5,0,0.387551
42,5,0,0.176920
43,5,0,0.018306
44,5,0,0.000000
45,5,0,0.000000
46,5,0,0.000000
47,5,0,0.000000
0,6,0,0.000000
1,6,0,0.000000
2,6,0,0.000000
3,6,0,0.000000
4,6,0,0.009061
5,6,0,0.071166
6,6,0,0.262527
7,6,0,0.644365
8,6,0,0.948396
9,6,0,0.986426
10,6,0,1.000000
11,6,0,0.964403
12,6,0,0.860429
13,6,0,0.823354
14,6,0,0.818704
15,6,0,0.803216
16,6,0,0.767293
17,6,0,0.811262
18,6,0,0.820083
19,6,0,0.820083
20,6,0,0.820083
21,6,0,0.820083
22,6,0,0.820083
23,6,0,0.820083
24,6,0,0.815483
25,6,0,0.780475
26,6,0,0.740890
27,6,0,0.781198
28,6,0,0.618111
29,6,0,0.345833
30,6,0,0.304542
31,6,0,0.283910
32,6,0,0.380164
33,6,0,0.591085
34,6,0,0.515334
35,6,0,0.281601
36,6,0,0.229044
37,6,0,0.312270
38,6,0,0.639498
39,6,0,0.853517
40,6,0,0.970992
41,6,0,0.890308
42,6,0,0.719150
43,6,0,0.268316
44,6,0,0.018366
45,6,0,0.000010
46,6,0,0.000000
47,6,0,0.000000
0,7,0,0.000000
1,7,0,0.000000
2,7,0,0.000000
3,7,0,0.000000
4,7,0,0.000000
5,7,0,0.000009
6,7,0,0.018357
7,7,0,0.235017
8,7,0,0.611426
9,7,0,0.865965
10,7,0,0.968121
11,7,0,0.982309
12,7,0,0.942962
13,7,0,0.859308
14,7,0,0.823300
15,7,0,0.820085
16,7,0,0.820083
17,7,0,0.820083
18,7,0,0.820083
19,7,0,0.820083
20,7,0,0.820083
21,7,0,0.820083
22,7,0,0.820083
23,7,0,0.820083
24,7,0,0.820083
25,7,0,0.820083
26,7,0,0.820083
27,7,0,0.759683
28,7,0,0.529265
29,7,0,0.367172
30,7,0,0.305287
31,7,0,0.322958
32,7,0,0.543317
33,7,0,0.610674
34,7,0,0.375194
35,7,0,0.253770
36,7,0,0.211298
37,7,0,0.160601
38,7,0,0.188303
39,7,0,0.323582
40,7,0,0.742568
41,7,0,0.970030
42,7,0,0.981694
43,7,0,0.731755
44,7,0,0.277911
45,7,0,0.080794
46,7,0,0.009421
47,7,0,0.000000
0,8,0,0.000000
1,8,0,0.000000
2,8,0,0.000000
3,8,0,0.000000
4,8,0,0.000000
5,8,0,0.000000
6,8,0,0.000000
7,8,0,0.018306
8,8,0,0.231694
9,8,0,0.593121
10,8,0,0.822353
11,8,0,0.855808
12,8,0,0.872505
13,8,0,0.879351
14,8,0,0.834153
15,8,0,0.820950
16,8,0,0.820083
17,8,0,0.820083
18,8,0,0.820083
19,8,0,0.820083
20,8,0,0.820083
21,8,0,0.820083
22,8,0,0.820083
23,8,0,0.820083
24,8,0,0.820083
25,8,0,0.820083
26,8,0,0.820083
27,8,0,0.762480
28,8,0,0.533019
29,8,0,0.366707
30,8,0,0.332773
31,8,0,0.491250
32,8,0,0.642719
33,8,0,0.474202
34,8,0,0.278817
35,8,0,0.247006
36,8,0,0.221146
37,8,0,0.180375
38,8,0,0.116021
39,8,0,0.078058
40,8,0,0.264799
41,8,0,0.647598
42,8,0,0.856849
43,8,0,0.965424
44,8,0,0.794182
45,8,0,0.485035
46,8,0,0.136996
47,8,0,0.009739
0,9,0,0.000000
1,9,0,0.000000
2,9,0,0.000000
3,9,0,0.000000
4,9,0,0.000000
5,9,0,0.000000
6,9,0,0.000000
7,9,0,0.000000
8,9,0,0.018306
9,9,0,0.232584
10,9,0,0.593574
11,9,0,0.804937
12,9,0,0.824387
13,9,0,0.829428
14,9,0,0.821996
15,9,0,0.820287
16,9,0,0.820088
17,9,0,0.820083
18,9,0,0.820083
19,9,0,0.820083
20,9,0,0.820083
21,9,0,0.820083
22,9,0,0.820083
23,9,0,0.820083
24,9,0,0.820083
25,9,0,0.820083
26,9,0,0.820083
27,9,0,0.791537
28,9,0,0.630142
29,9,0,0.442301
30,9,0,0.476107
31,9,0,0.666274
32,9,0,0.583939
33,9,0,0.325144
34,9,0,0.257675
35,9,0,0.248956
36,9,0,0.205501
37,9,0,0.157750
38,9,0,0.123276
39,9,0,0.104569
40,9,0,0.063371
41,9,0,0.155380
42,9,0,0.324172
43,9,0,0.743566
44,9,0,0.972810
45,9,0,0.850384
46,9,0,0.488579
47,9,0,0.238038
0,10,0,0.000000
1,10,0,0.000000
2,10,0,0.000000
3,10,0,0.000000
4,10,0,0.000000
5,10,0,0.000000
6,10,0,0.000000
7,10,0,0.000000
8,10,0,0.000000
9,10,0,0.023501
10,10,0,0.251112
11,10,0,0.615738
12,10,0,0.805584
13,10,0,0.820132
14,10,0,0.820260
15,10,0,0.820095
16,10,0,0.820084
17,10,0,0.820083
18,10,0,0.820083
19,10,0,0.820083
20,10,0,0.820083
21,10,0,0.820083
22,10,0,0.820083
23,10,0,0.820083
24,10,0,0.820083
25,10,0,0.818112
26,10,0,0.801785
27,10,0,0.771960
28,10,0,0.761625
29,10,0,0.702233
30,10,0,0.725958
31,10,0,0.666490
32,10,0,0.412637
33,10,0,0.273733
34,10,0,0.269738
35,10,0,0.250053
36,10,0,0.201449
37,10,0,0.160483
38,10,0,0.122239
39,10,0,0.098011
40,10,0,0.073607
41,10,0,0.051885
42,10,0,0.053893
43,10,0,0.277550
44,10,0,0.719670
45,10,0,0.883965
46,10,0,0.895679
47,10,0,0.837884
0,11,0,0.000000
1,11,0,0.000000
2,11,0,0.000000
3,11,0,0.000000
4,11,0,0.000000
5,11,0,0.000000
6,11,0,0.000000
7,11,0,0.000000
8,11,0,0.000000
9,11,0,0.000964
10,11,0,0.049700
11,11,0,0.339587
12,11,0,0.721039
13,11,0,0.820083
14,11,0,0.820084
15,11,0,0.820085
16,11,0,0.820083
17,11,0,0.820083
18,11,0,0.820083
19,11,0,0.820083
20,11,0,0.820083
21,11,0,0.820083
22,11,0,0.820083
23,11,0,0.820083
24,11,0,0.820083
25,11,0,0.806634
26,11,0,0.727649
27,11,0,0.647292
28,11,0,0.768747
29,11,0,0.808826
30,11,0,0.753962
31,11,0,0.500485
32,11,0,0.296150
33,11,0,0.281585
34,11,0,0.273384
35,11,0,0.250579
36,11,0,0.200387
37,11,0,0.165688
38,11,0,0.128473
39,11,0,0.089366
40,11,0,0.070521
41,11,0,0.058040
42,11,0,0.059496
43,11,0,0.051619
44,11,0,0.192731
45,11,0,0.474243
46,11,0,0.899653
47,11,0,1.000000
0,12,0,0.000000
1,12,0,0.000000
2,12,0,0.000000
3,12,0,0.000000
4,12,0,0.000000
5,12,0,0.000000
6,12,0,0.000000
7,12,0,0.000000
8,12,0,0.000000
9,12,0,0.000964
10,12,0,0.049708
11,12,0,0.339597
12,12,0,0.721043
13,12,0,0.820083
14,12,0,0.820084
15,12,0,0.820085
16,12,0,0.820083
17,12,0,0.820083
18,12,0,0.820083
19,12,0,0.820083
20,12,0,0.820083
21,12,0,0.820083
22,12,0,0.820083
23,12,0,0.820083
24,12,0,0.820083
25,12,0,0.806653
26,12,0,0.727737
27,12,0,0.647431
28,12,0,0.768898
29,12,0,0.808806
30,12,0,0.753859
31,12,0,0.500148
32,12,0,0.296518
33,12,0,0.282334
34,12,0,0.272301
35,12,0,0.248283
36,12,0,0.202535
37,12,0,0.169084
38,12,0,0.131821
39,12,0,0.090945
40,12,0,0.073579
41,12,0,0.064756
42,12,0,0.065305
43,12,0,0.054083
44,12,0,0.193038
45,12,0,0.474248
46,12,0,0.899655
47,12,0,1.000000
0,13,0,0.000000
1,13,0,0.000000
2,13,0,0.000000
3,13,0,0.000000
4,13,0,0.000000
5,13,0,0.000000
6,13,0,0.000000
7,13,0,0.000000
8,13,0,0.000000
9,13,0,0.023506
10,13,0,0.251125
11,13,0,0.615747
12,13,0,0.805584
13,13,0,0.820132
14,13,0,0.820260
15,13,0,0.820095
16,13,0,0.820084
17,13,0,0.820083
18,13,0,0.820083
19,13,0,0.820083
20,13,0,0.820083
21,13,0,0.820083
22,13,0,0.820083
23,13,0,0.820083
24,13,0,0.820083
25,13,0,0.818116
26,13,0,0.801817
27,13,0,0.772133
28,13,0,0.761953
29,13,0,0.702186
30,13,0,0.725503
31,13,0,0.665509
32,13,0,0.412555
33,13,0,0.275110
34,13,0,0.270876
35,13,0,0.250905
36,13,0,0.206330
37,13,0,0.166257
38,13,0,0.129028
39,13,0,0.101740
40,13,0,0.078142
41,13,0,0.059591
42,13,0,0.058192
43,13,0,0.278339
44,13,0,0.719732
45,13,0,0.883990
46,13,0,0.895805
47,13,0,0.837911
0,14,0,0.000000
1,14,0,0.000000
2,14,0,0.000000
3,14,0,0.000000
4,14,0,0.000000
5,14,0,0.000000
6,14,0,0.000000
7,14,0,0.000000
8,14,0,0.018306
9,14,0,0.232585
10,14,0,0.593578
11,14,0,0.804938
12,14,0,0.824388
13,14,0,0.829430
14,14,0,0.821996
15,14,0,0.820288
16,14,0,0.820088
17,14,0,0.820083
18,14,0,0.820083
19,14,0,0.820083
20,14,0,0.820083
21,14,0,0.820083
22,14,0,0.820083
23,14,0,0.820083
24,14,0,0.820083
25,14,0,0.820083
26,14,0,0.820083
27,14,0,0.791572
28,14,0,0.630260
29,14,0,0.442118
30,14,0,0.475756
31,14,0,0.665402
32,14,0,0.582866
33,14,0,0.325205
34,14,0,0.259748
35,14,0,0.252946
36,14,0,0.208547
37,14,0,0.159370
38,14,0,0.124470
39,14,0,0.105043
40,14,0,0.064194
41,14,0,0.157710
42,14,0,0.326228
43,14,0,0.744184
44,14,0,0.972818
45,14,0,0.850540
46,14,0,0.488924
47,14,0,0.238181
0,15,0,0.000000
1,15,0,0.000000
2,15,0,0.000000
3,15,0,0.000000
4,15,0,0.000000
5,15,0,0.000000
6,15,0,0.000000
7,15,0,0.018306
8,15,0,0.231694
9,15,0,0.593124
10,15,0,0.822353
11,15,0,0.855813
12,15,0,0.872527
13,15,0,0.879364
14,15,0,0.834156
15,15,0,0.820950
16,15,0,0.820083
17,15,0,0.820083
18,15,0,0.820083
19,15,0,0.820083
20,15,0,0.820083
21,15,0,0.820083
22,15,0,0.820083
23,15,0,0.820083
24,15,0,0.820083
25,15,0,0.820083
26,15,0,0.820083
27,15,0,0.762481
28,15,0,0.533047
29,15,0,0.366755
30,15,0,0.332758
31,15,0,0.490871
32,15,0,0.642001
33,15,0,0.473880
34,15,0,0.278944
35,15,0,0.247388
36,15,0,0.221613
37,15,0,0.183144
38,15,0,0.117651
39,15,0,0.078630
40,15,0,0.264855
41,15,0,0.647693
42,15,0,0.857458
43,15,0,0.965529
44,15,0,0.794218
45,15,0,0.485132
46,15,0,0.137152
47,15,0,0.009765
0,16,0,0.000000
1,16,0,0.000000
2,16,0,0.000000
3,16,0,0.000000
4,16,0,0.000000
5,16,0,0.000009
6,16,0,0.018357
7,16,0,0.235020
8,16,0,0.611429
9,16,0,0.865985
10,16,0,0.968124
11,16,0,0.982321
12,16,0,0.943034
13,16,0,0.859326
14,16,0,0.823301
15,16,0,0.820085
16,16,0,0.820083
17,16,0,0.820083
18,16,0,0.820083
19,16,0,0.820083
20,16,0,0.820083
21,16,0,0.820083
22,16,0,0.820083
23,16,0,0.820083
24,16,0,0.820083
25,16,0,0.820083
26,16,0,0.820083
27,16,0,0.759731
28,16,0,0.529505
29,16,0,0.367470
30,16,0,0.305759
31,16,0,0.323080
32,16,0,0.542934
33,16,0,0.610210
34,16,0,0.374778
35,16,0,0.252993
36,16,0,0.212224
37,16,0,0.165173
38,16,0,0.190098
39,16,0,0.323913
40,16,0,0.742649
41,16,0,0.970028
42,16,0,0.981694
43,16,0,0.731755
44,16,0,0.277919
45,16,0,0.080830
46,16,0,0.009429
47,16,0,0.000000
0,17,0,0.000000
1,17,0,0.000000
2,17,0,0.000000
3,17,0,0.000000
4,17,0,0.009065
5,17,0,0.071194
6,17,0,0.262535
7,17,0,0.644381
8,17,0,0.948399
9,17,0,0.986429
10,17,0,1.000000
11,17,0,0.964403
12,17,0,0.860441
13,17,0,0.823355
14,17,0,0.818697
15,17,0,0.803169
16,17,0,0.767248
17,17,0,0.811256
18,17,0,0.820083
19,17,0,0.820083
20,17,0,0.820083
21,17,0,0.820083
22,17,0,0.820083
23,17,0,0.820083
24,17,0,0.815484
25,17,0,0.780486
26,17,0,0.740899
27,17,0,0.781319
28,17,0,0.618519
29,17,0,0.346176
30,17,0,0.305001
31,17,0,0.284458
32,17,0,0.380180
33,17,0,0.589989
34,17,0,0.513523
35,17,0,0.280521
36,17,0,0.228924
37,17,0,0.313505
38,17,0,0.639528
39,17,0,0.853561
40,17,0,0.971090
41,17,0,0.890799
42,17,0,0.719234
43,17,0,0.268316
44,17,0,0.018367
45,17,0,0.000010
46,17,0,0.000000
47,17,0,0.000000
0,18,0,0.000000
1,18,0,0.000000
2,18,0,0.000000
3,18,0,0.018306
4,18,0,0.184371
5,18,0,0.445132
6,18,0,0.784582
7,18,0,0.966714
8,18,0,1.000000
9,18,0,1.000000
10,18,0,0.963479
11,18,0,0.847894
12,18,0,0.748718
13,18,0,0.688607
14,18,0,0.693848
15,18,0,0.727196
16,18,0,0.657655
17,18,0,0.768635
18,18,0,0.820083
19,18,0,0.820083
20,18,0,0.820083
21,18,0,0.820083
22,18,0,0.820083
23,18,0,0.810539
24,18,0,0.724244
25,18,0,0.563472
26,18,0,0.469775
27,18,0,0.697889
28,18,0,0.704850
29,18,0,0.409906
30,18,0,0.313835
31,18,0,0.320310
32,18,0,0.302782
33,18,0,0.444371
34,18,0,0.509297
35,18,0,0.406017
36,18,0,0.625345
37,18,0,0.841244
38,18,0,0.968008
39,18,0,0.981694
40,18,0,0.765799
41,18,0,0.389025
42,18,0,0.177411
43,18,0,0.018306
44,18,0,0.000000
45,18,0,0.000000
46,18,0,0.000000
47,18,0,0.000000
0,19,0,0.000000
1,19,0,0.018306
2,19,0,0.129109
3,19,0,0.274842
4,19,0,0.653845
5,19,0,0.897760
6,19,0,0.990760
7,19,0,0.989551
8,19,0,0.903775
9,19,0,0.828369
10,19,0,0.713462
11,19,0,0.622503
12,19,0,0.425888
13,19,0,0.325665
14,19,0,0.412160
15,19,0,0.703031
16,19,0,0.767251
17,19,0,0.811256
18,19,0,0.820083
19,19,0,0.820083
20,19,0,0.820083
21,19,0,0.809568
22,19,0,0.743735
23,19,0,0.652105
24,19,0,0.468750
25,19,0,0.358824
26,19,0,0.327863
27,19,0,0.573345
28,19,0,0.759224
29,19,0,0.624430
30,19,0,0.375026
31,19,0,0.320049
32,19,0,0.300329
33,19,0,0.411180
34,19,0,0.700127
35,19,0,0.855713
36,19,0,0.964392
37,19,0,0.981982
38,19,0,0.858372
39,19,0,0.713676
40,19,0,0.274151
41,19,0,0.052411
42,19,0,0.005846
43,19,0,0.000000
44,19,0,0.000000
45,19,0,0.000000
46,19,0,0.000000
47,19,0,0.000000
0,20,0,0.170930
1,20,0,0.272414
2,20,0,0.630641
3,20,0,0.842497
4,20,0,0.969923
5,20,0,1.000000
6,20,0,1.000000
7,20,0,0.922007
8,20,0,0.593103
9,20,0,0.371518
10,20,0,0.305347
11,20,0,0.295621
12,20,0,0.332618
13,20,0,0.580120
14,20,0,0.713532
15,20,0,0.821215
16,20,0,0.838409
17,20,0,0.823762
18,20,0,0.820094
19,20,0,0.807332
20,20,0,0.727656
21,20,0,0.622334
22,20,0,0.409316
23,20,0,0.287935
24,20,0,0.306400
25,20,0,0.423198
26,20,0,0.485831
27,20,0,0.570348
28,20,0,0.760796
29,20,0,0.742038
30,20,0,0.503838
31,20,0,0.489252
32,20,0,0.676135
33,20,0,0.855340
34,20,0,0.965726
35,20,0,0.985307
36,20,0,0.878000
37,20,0,0.718679
38,20,0,0.291654
39,20,0,0.144984
40,20,0,0.018306
41,20,0,0.000000
42,20,0,0.000000
43,20,0,0.000000
44,20,0,0.000000
45,20,0,0.000000
46,20,0,0.000000
47,20,0,0.000000
0,21,0,0.829070
1,21,0,0.856694
2,21,0,0.967497
3,21,0,1.000000
4,21,0,1.000000
5,21,0,1.000000
6,21,0,1.000000
7,21,0,0.989551
8,21,0,0.903775
9,21,0,0.846674
10,21,0,0.838462
11,21,0,0.838394
12,21,0,0.855575
13,21,0,0.956683
14,21,0,0.980543
15,21,0,0.981695
16,21,0,0.967065
17,21,0,0.878113
18,21,0,0.842124
19,21,0,0.764084
20,21,0,0.509883
21,21,0,0.331050
22,21,0,0.250571
23,21,0,0.299228
24,21,0,0.409271
25,21,0,0.516674
26,21,0,0.705593
27,21,0,0.777624
28,21,0,0.830422
29,21,0,0.841628
30,21,0,0.854573
31,21,0,0.882135
32,21,0,0.952103
33,21,0,0.896892
34,21,0,0.842166
35,21,0,0.734695
36,21,0,0.351236
37,21,0,0.164899
38,21,0,0.019984
39,21,0,0.000287
40,21,0,0.000000
41,21,0,0.000000
42,21,0,0.000000
43,21,0,0.000000
44,21,0,0.000000
45,21,0,0.000000
46,21,0,0.000000
47,21,0,0.000000
0,22,0,1.000000
1,22,0,1.000000
2,22,0,1.000000
3,22,0,1.000000
4,22,0,1.000000
5,22,0,1.000000
6,22,0,1.000000
7,22,0,1.000000
8,22,0,1.000000
9,22,0,1.000000
10,22,0,1.000000
11,22,0,1.000000
12,22,0,1.000000
13,22,0,1.000000
14,22,0,1.000000
15,22,0,1.000000
16,22,0,1.000000
17,22,0,0.985367
18,22,0,0.981705
19,22,0,0.968944
20,22,0,0.889268
21,22,0,0.845227
22,22,0,0.842582
23,22,0,0.865557
24,22,0,0.898475
25,22,0,0.900286
26,22,0,0.969367
27,22,0,0.981694
28,22,0,0.981695
29,22,0,0.966674
30,22,0,0.886305
31,22,0,0.838912
32,22,0,0.753030
33,22,0,0.458669
34,22,0,0.201824
35,22,0,0.146921
36,22,0,0.039612
37,22,0,0.003613
38,22,0,0.000000
39,22,0,0.000000
40,22,0,0.000000
41,22,0,0.000000
42,22,0,0.000000
43,22,0,0.000000
44,22,0,0.000000
45,22,0,0.000000
46,22,0,0.000000
47,22,0,0.000000
0,23,0,1.000000
1,23,0,1.000000
2,23,0,1.000000
3,23,0,1.000000
4,23,0,1.000000
5,23,0,1.000000
6,23,0,1.000000
7,23,0,1.000000
8,23,0,1.000000
9,23,0,1.000000
10,23,0,1.000000
11,23,0,1.000000
12,23,0,1.000000
13,23,0,1.000000
14,23,0,1.000000
15,23,0,1.000000
16,23,0,1.000000
17,23,0,1.000000
18,23,0,1.000000
19,23,0,1.000000
20,23,0,1.000000
21,23,0,1.000000
22,23,0,1.000000
23,23,0,1.000000
24,23,0,1.000000
25,23,0,1.000000
26,23,0,1.000000
27,23,0,1.000000
28,23,0,1.000000
29,23,0,0.900628
30,23,0,0.555480
31,23,0,0.255788
32,23,0,0.178124
33,23,0,0.069781
34,23,0,0.004506
35,23,0,0.000000
36,23,0,0.000000
37,23,0,0.000000
38,23,0,0.000000
39,23,0,0.000000
40,23,0,0.000000
41,23,0,0.000000
42,23,0,0.000000
43,23,0,0.000000
44,23,0,0.000000
45,23,0,0.000000
46,23,0,0.000000
47,23,0,0.000000
0,0,1,1.000000
1,0,1,1.000000
2,0,1,1.000000
3,0,1,1.000000
4,0,1,1.000000
5,0,1,1.000000
6,0,1,1.000000
7,0,1,1.000000
8,0,1,1.000000
9,0,1,1.000000
10,0,1,1.000000
11,0,1,1.000000
12,0,1,1.000000
13,0,1,1.000000
14,0,1,1.000000
15,0,1,1.000000
16,0,1,1.000000
17,0,1,1.000000
18,0,1,1.000000
19,0,1,1.000000
20,0,1,1.000000
21,0,1,1.000000
22,0,1,1.000000
23,0,1,1.000000
24,0,1,1.000000
25,0,1,1.000000
26,0,1,1.000000
27,0,1,1.000000
28,0,1,1.000000
29,0,1,0.985699
30,0,1,0.788471
31,0,1,0.371613
32,0,1,0.194940
33,0,1,0.146445
34,0,1,0.018221
35,0,1,0.000002
36,0,1,0.000000
37,0,1,0.000000
38,0,1,0.000000
39,0,1,0.000000
40,0,1,0.000000
41,0,1,0.000000
42,0,1,0.000000
43,0,1,0.000000
44,0,1,0.000000
45,0,1,0.000000
46,0,1,0.000000
47,0,1,0.000000
0,1,1,0.985071
1,1,1,1.000000
2,1,1,1.000000
3,1,1,1.000000
4,1,1,1.000000
5,1,1,1.000000
6,1,1,1.000000
7,1,1,1.000000
8,1,1,1.000000
9,1,1,1.000000
10,1,1,1.000000
11,1,1,1.000000
12,1,1,1.000000
13,1,1,1.000000
14,1,1,1.000000
15,1,1,0.987314
16,1,1,0.972111
17,1,1,0.896686
18,1,1,0.866195
19,1,1,0.863041
20,1,1,0.852225
21,1,1,0.847682
22,1,1,0.847642
23,1,1,0.850175
24,1,1,0.854929
25,1,1,0.852586
26,1,1,0.863031
27,1,1,0.863032
28,1,1,0.863942
29,1,1,0.882933
30,1,1,0.936837
31,1,1,0.874388
32,1,1,0.835972
33,1,1,0.652676
34,1,1,0.261166
35,1,1,0.137201
36,1,1,0.020184
37,1,1,0.000212
38,1,1,0.000000
39,1,1,0.000000
40,1,1,0.000000
41,1,1,0.000000
42,1,1,0.000000
43,1,1,0.000000
44,1,1,0.000000
45,1,1,0.000000
46,1,1,0.000000
47,1,1,0.000000
0,2,1,0.751375
1,2,1,0.838345
2,2,1,0.898834
3,2,1,0.974834
4,2,1,1.000000
5,2,1,0.987596
6,2,1,0.984703
7,2,1,0.969999
8,2,1,0.875732
9,2,1,0.848607
10,2,1,0.847517
11,2,1,0.847517
12,2,1,0.847522
13,2,1,0.862096
14,2,1,0.850347
15,2,1,0.773613
16,2,1,0.672301
17,2,1,0.434358
18,2,1,0.307743
19,2,1,0.278699
20,2,1,0.211119
21,2,1,0.173794
22,2,1,0.162642
23,2,1,0.178259
24,2,1,0.207037
25,2,1,0.216342
26,2,1,0.272164
27,2,1,0.281794
28,2,1,0.294744
29,2,1,0.389003
30,2,1,0.638661
31,2,1,0.828029
32,2,1,0.879278
33,2,1,0.944202
34,2,1,0.862959
35,2,1,0.730734
36,2,1,0.297660
37,2,1,0.141640
38,2,1,0.015769
39,2,1,0.000002
40,2,1,0.000000
41,2,1,0.000000
42,2,1,0.000000
43,2,1,0.000000
44,2,1,0.000000
45,2,1,0.000000
46,2,1,0.000000
47,2,1,0.000000
0,3,1,0.146683
1,3,1,0.188285
2,3,1,0.412093
3,3,1,0.690859
4,3,1,0.885269
5,3,1,0.886911
6,3,1,0.867410
7,3,1,0.770010
8,3,1,0.452535
9,3,1,0.287002
10,3,1,0.183575
11,3,1,0.168002
12,3,1,0.174707
13,3,1,0.253226
14,3,1,0.273964
15,3,1,0.276795
16,3,1,0.261619
17,3,1,0.186162
18,3,1,0.155650
19,3,1,0.152492
20,3,1,0.141677
21,3,1,0.128223
22,3,1,0.072388
23,3,1,0.044403
24,3,1,0.050098
25,3,1,0.087885
26,3,1,0.089023
27,3,1,0.096512
28,3,1,0.145731
29,3,1,0.162952
30,3,1,0.183951
31,3,1,0.216104
32,3,1,0.364835
33,3,1,0.674107
34,3,1,0.866393
35,3,1,0.954459
36,3,1,0.867701
37,3,1,0.726529
38,3,1,0.275381
39,3,1,0.124871
40,3,1,0.015514
41,3,1,0.000000
42,3,1,0.000000
43,3,1,0.000000
44,3,1,0.000000
45,3,1,0.000000
46,3,1,0.000000
47,3,1,0.000000
0,4,1,0.000000
1,4,1,0.003481
2,4,1,0.051317
3,4,1,0.175092
4,4,1,0.445628
5,4,1,0.678689
6,4,1,0.832225
7,4,1,0.833031
8,4,1,0.738764
9,4,1,0.621214
10,4,1,0.333410
11,4,1,0.145035
12,4,1,0.075766
13,4,1,0.040134
14,4,1,0.052362
15,4,1,0.136760
16,4,1,0.145025
17,4,1,0.152489
18,4,1,0.152484
19,4,1,0.152483
20,4,1,0.152483
21,4,1,0.152483
22,4,1,0.143572
23,4,1,0.131625
24,4,1,0.082077
25,4,1,0.058325
26,4,1,0.050249
27,4,1,0.106988
28,4,1,0.146873
29,4,1,0.123805
30,4,1,0.062622
31,4,1,0.060350
32,4,1,0.061294
33,4,1,0.164386
34,4,1,0.361477
35,4,1,0.656614
36,4,1,0.863890
37,4,1,0.958808
38,4,1,0.850934
39,4,1,0.654072
40,4,1,0.246100
41,4,1,0.020570
42,4,1,0.000029
43,4,1,0.000000
44,4,1,0.000000
45,4,1,0.000000
46,4,1,0.000000
47,4,1,0.000000
0,5,1,0.000000
1,5,1,0.000000
2,5,1,0.000000
3,5,1,0.005535
4,5,1,0.070968
5,5,1,0.277687
6,5,1,0.615105
7,5,1,0.757947
8,5,1,0.834811
9,5,1,0.832002
10,5,1,0.651600
11,5,1,0.350973
12,5,1,0.165112
13,5,1,0.138004
14,5,1,0.136753
15,5,1,0.138188
16,5,1,0.107743
17,5,1,0.145008
18,5,1,0.152483
19,5,1,0.152483
20,5,1,0.152483
21,5,1,0.152483
22,5,1,0.152483
23,5,1,0.152483
24,5,1,0.140495
25,5,1,0.107547
26,5,1,0.073578
27,5,1,0.137168
28,5,1,0.138577
29,5,1,0.064501
30,5,1,0.057317
31,5,1,0.062774
32,5,1,0.053664
33,5,1,0.086039
34,5,1,0.111612
35,5,1,0.158036
36,5,1,0.356143
37,5,1,0.686276
38,5,1,0.889843
39,5,1,0.960302
40,5,1,0.746632
41,5,1,0.302915
42,5,1,0.129268
43,5,1,0.015514
44,5,1,0.000000
45,5,1,0.000000
46,5,1,0.000000
47,5,1,0.000000
0,6,1,0.000000
1,6,1,0.000000
2,6,1,0.000000
3,6,1,0.000000
4,6,1,0.000000
5,6,1,0.023201
6,6,1,0.153381
7,6,1,0.382449
8,6,1,0.656017
9,6,1,0.764949
10,6,1,0.820575
11,6,1,0.654765
12,6,1,0.356455
13,6,1,0.182761
14,6,1,0.154482
15,6,1,0.151315
16,6,1,0.145008
17,6,1,0.152483
18,6,1,0.152483
19,6,1,0.152483
20,6,1,0.152483
21,6,1,0.152483
22,6,1,0.152483
23,6,1,0.152483
24,6,1,0.152483
25,6,1,0.148585
26,6,1,0.141637
27,6,1,0.149926
28,6,1,0.119217
29,6,1,0.056506
30,6,1,0.059007
31,6,1,0.049628
32,6,1,0.064078
33,6,1,0.116346
34,6,1,0.105300
35,6,1,0.050645
36,6,1,0.049394
37,6,1,0.173805
38,6,1,0.429881
39,6,1,0.780136
40,6,1,0.958727
41,6,1,0.855330
42,6,1,0.651743
43,6,1,0.245667
44,6,1,0.015528
45,6,1,0.000001
46,6,1,0.000000
47,6,1,0.000000
0,7,1,0.000000
1,7,1,0.000000
2,7,1,0.000000
3,7,1,0.000000
4,7,1,0.000000
5,7,1,0.000000
6,7,1,0.002816
7,7,1,0.062913
8,7,1,0.253574
9,7,1,0.434477
10,7,1,0.660933
11,7,1,0.717946
12,7,1,0.551720
13,7,1,0.318539
14,7,1,0.175884
15,7,1,0.153223
16,7,1,0.152483
17,7,1,0.152483
18,7,1,0.152483
19,7,1,0.152483
20,7,1,0.152483
21,7,1,0.152483
22,7,1,0.152483
23,7,1,0.152483
24,7,1,0.152483
25,7,1,0.152483
26,7,1,0.152483
27,7,1,0.145278
28,7,1,0.093202
29,7,1,0.068658
30,7,1,0.056608
31,7,1,0.052254
32,7,1,0.104389
33,7,1,0.126204
34,7,1,0.060932
35,7,1,0.047397
36,7,1,0.052765
37,7,1,0.048715
38,7,1,0.070531
39,7,1,0.264200
40,7,1,0.673648
41,7,1,0.901229
42,7,1,0.961843
43,7,1,0.741590
44,7,1,0.264860
45,7,1,0.062843
46,7,1,0.006374
47,7,1,0.000000
0,8,1,0.000000
1,8,1,0.000000
2,8,1,0.000000
3,8,1,0.000000
4,8,1,0.000000
5,8,1,0.000000
6,8,1,0.000000
7,8,1,0.000000
8,8,1,0.035039
9,8,1,0.160345
10,8,1,0.273631
11,8,1,0.326958
12,8,1,0.369984
13,8,1,0.335370
14,8,1,0.212011
15,8,1,0.156910
16,8,1,0.152490
17,8,1,0.152483
18,8,1,0.152483
19,8,1,0.152483
20,8,1,0.152483
21,8,1,0.152483
22,8,1,0.152483
23,8,1,0.152483
24,8,1,0.152483
25,8,1,0.152483
26,8,1,0.152483
27,8,1,0.145848
28,8,1,0.095076
29,8,1,0.067190
30,8,1,0.056991
31,8,1,0.089111
32,8,1,0.130727
33,8,1,0.086098
34,8,1,0.048400
35,8,1,0.050369
36,8,1,0.050423
37,8,1,0.057416
38,8,1,0.051972
39,8,1,0.050580
40,8,1,0.185188
41,8,1,0.464591
42,8,1,0.791848
43,8,1,0.968986
44,8,1,0.788906
45,8,1,0.436477
46,8,1,0.118520
47,8,1,0.008675
0,9,1,0.000000
1,9,1,0.000000
2,9,1,0.000000
3,9,1,0.000000
4,9,1,0.000000
5,9,1,0.000000
6,9,1,0.000000
7,9,1,0.000000
8,9,1,0.000000
9,9,1,0.031030
10,9,1,0.124133
11,9,1,0.167276
12,9,1,0.183115
13,9,1,0.202276
14,9,1,0.167072
15,9,1,0.154148
16,9,1,0.152512
17,9,1,0.152483
18,9,1,0.152483
19,9,1,0.152483
20,9,1,0.152483
21,9,1,0.152483
22,9,1,0.152483
23,9,1,0.152483
24,9,1,0.152483
25,9,1,0.152483
26,9,1,0.152483
27,9,1,0.149545
28,9,1,0.118294
29,9,1,0.072293
30,9,1,0.080453
31,9,1,0.133622
32,9,1,0.114705
33,9,1,0.052419
34,9,1,0.048752
35,9,1,0.050566
36,9,1,0.052269
37,9,1,0.052151
38,9,1,0.054265
39,9,1,0.072089
40,9,1,0.050178
41,9,1,0.082770
42,9,1,0.278970
43,9,1,0.743900
44,9,1,0.965841
45,9,1,0.843926
46,9,1,0.478583
47,9,1,0.226546
0,10,1,0.000000
1,10,1,0.000000
2,10,1,0.000000
3,10,1,0.000000
4,10,1,0.000000
5,10,1,0.000000
6,10,1,0.000000
7,10,1,0.000000
8,10,1,0.000000
9,10,1,0.000754
10,10,1,0.035432
11,10,1,0.125435
12,10,1,0.152552
13,10,1,0.152877
14,10,1,0.153393
15,10,1,0.152676
16,10,1,0.152493
17,10,1,0.152483
18,10,1,0.152483
19,10,1,0.152483
20,10,1,0.152483
21,10,1,0.152483
22,10,1,0.152483
23,10,1,0.152483
24,10,1,0.152483
25,10,1,0.152483
26,10,1,0.150813
27,10,1,0.146276
28,10,1,0.145470
29,10,1,0.132947
30,10,1,0.141875
31,10,1,0.133426
32,10,1,0.070287
33,10,1,0.049050
34,10,1,0.051919
35,10,1,0.053740
36,10,1,0.054724
37,10,1,0.053955
38,10,1,0.053345
39,10,1,0.057871
40,10,1,0.056771
41,10,1,0.052915
42,10,1,0.048036
43,10,1,0.258392
44,10,1,0.676192
45,10,1,0.873919
46,10,1,0.889177
47,10,1,0.841025
0,11,1,0.000000
1,11,1,0.000000
2,11,1,0.000000
3,11,1,0.000000
4,11,1,0.000000
5,11,1,0.000000
6,11,1,0.000000
7,11,1,0.000000
8,11,1,0.000000
9,11,1,0.000009
10,11,1,0.004038
11,11,1,0.053037
12,11,1,0.140190
13,11,1,0.152484
14,11,1,0.152490
15,11,1,0.152492
16,11,1,0.152485
17,11,1,0.152483
18,11,1,0.152483
19,11,1,0.152483
20,11,1,0.152483
21,11,1,0.152483
22,11,1,0.152483
23,11,1,0.152483
24,11,1,0.152483
25,11,1,0.150813
26,11,1,0.135310
27,11,1,0.111381
28,11,1,0.146276
29,11,1,0.150920
30,11,1,0.144537
31,11,1,0.087103
32,11,1,0.050350
33,11,1,0.053520
34,11,1,0.052241
35,11,1,0.055675
36,11,1,0.057077
37,11,1,0.055785
38,11,1,0.054748
39,11,1,0.051060
40,11,1,0.053322
41,11,1,0.056677
42,11,1,0.061481
43,11,1,0.050771
44,11,1,0.171511
45,11,1,0.436848
46,11,1,0.896552
47,11,1,0.999225
0,12,1,0.000000
1,12,1,0.000000
2,12,1,0.000000
3,12,1,0.000000
4,12,1,0.000000
5,12,1,0.000000
6,12,1,0.000000
7,12,1,0.000000
8,12,1,0.000000
9,12,1,0.000009
10,12,1,0.004040
11,12,1,0.053040
12,12,1,0.140191
13,12,1,0.152484
14,12,1,0.152490
15,12,1,0.152492
16,12,1,0.152485
17,12,1,0.152483
18,12,1,0.152483
19,12,1,0.152483
20,12,1,0.152483
21,12,1,0.152483
22,12,1,0.152483
23,12,1,0.152483
24,12,1,0.152483
25,12,1,0.150817
26,12,1,0.135333
27,12,1,0.111419
28,12,1,0.146300
29,12,1,0.150914
30,12,1,0.144529
31,12,1,0.087033
32,12,1,0.050442
33,12,1,0.053712
34,12,1,0.051885
35,12,1,0.054368
36,12,1,0.057587
37,12,1,0.057291
38,12,1,0.056913
39,12,1,0.052027
40,12,1,0.055244
41,12,1,0.060887
42,12,1,0.063876
43,12,1,0.051335
44,12,1,0.171507
45,12,1,0.436856
46,12,1,0.896559
47,12,1,0.999226
0,13,1,0.000000
1,13,1,0.000000
2,13,1,0.000000
3,13,1,0.000000
4,13,1,0.000000
5,13,1,0.000000
6,13,1,0.000000
7,13,1,0.000000
8,13,1,0.000000
9,13,1,0.000755
10,13,1,0.035436
11,13,1,0.125436
12,13,1,0.152552
13,13,1,0.152877
14,13,1,0.153393
15,13,1,0.152676
16,13,1,0.152493
17,13,1,0.152483
18,13,1,0.152483
19,13,1,0.152483
20,13,1,0.152483
21,13,1,0.152483
22,13,1,0.152483
23,13,1,0.152483
24,13,1,0.152483
25,13,1,0.152483
26,13,1,0.150817
27,13,1,0.146300
28,13,1,0.145565
29,13,1,0.132925
30,13,1,0.141811
31,13,1,0.133164
32,13,1,0.070298
33,13,1,0.049370
34,13,1,0.052138
35,13,1,0.053716
36,13,1,0.056498
37,13,1,0.058153
38,13,1,0.058664
39,13,1,0.060790
40,13,1,0.060562
41,13,1,0.059298
42,13,1,0.049253
43,13,1,0.258147
44,13,1,0.675916
45,13,1,0.873869
46,13,1,0.889163
47,13,1,0.841020
0,14,1,0.000000
1,14,1,0.000000
2,14,1,0.000000
3,14,1,0.000000
4,14,1,0.000000
5,14,1,0.000000
6,14,1,0.000000
7,14,1,0.000000
8,14,1,0.000000
9,14,1,0.031030
10,14,1,0.124134
11,14,1,0.167281
12,14,1,0.183123
13,14,1,0.202287
14,14,1,0.167075
15,14,1,0.154148
16,14,1,0.152512
17,14,1,0.152483
18,14,1,0.152483
19,14,1,0.152483
20,14,1,0.152483
21,14,1,0.152483
22,14,1,0.152483
23,14,1,0.152483
24,14,1,0.152483
25,14,1,0.152483
26,14,1,0.152483
27,14,1,0.149547
28,14,1,0.118319
29,14,1,0.072249
30,14,1,0.080377
31,14,1,0.133493
32,14,1,0.114406
33,14,1,0.052413
34,14,1,0.049119
35,14,1,0.051647
36,14,1,0.053688
37,14,1,0.054924
38,14,1,0.056797
39,14,1,0.072976
40,14,1,0.051781
41,14,1,0.084710
42,14,1,0.279386
43,14,1,0.743935
44,14,1,0.965782
45,14,1,0.843842
46,14,1,0.478549
47,14,1,0.226516
0,15,1,0.000000
1,15,1,0.000000
2,15,1,0.000000
3,15,1,0.000000
4,15,1,0.000000
5,15,1,0.000000
6,15,1,0.000000
7,15,1,0.000000
8,15,1,0.035042
9,15,1,0.160362
10,15,1,0.273638
11,15,1,0.326985
12,15,1,0.370076
13,15,1,0.335419
14,15,1,0.212023
15,15,1,0.156911
16,15,1,0.152490
17,15,1,0.152483
18,15,1,0.152483
19,15,1,0.152483
20,15,1,0.152483
21,15,1,0.152483
22,15,1,0.152483
23,15,1,0.152483
24,15,1,0.152483
25,15,1,0.152483
26,15,1,0.152483
27,15,1,0.145846
28,15,1,0.095077
29,15,1,0.067198
30,15,1,0.057000
31,15,1,0.089016
32,15,1,0.130622
33,15,1,0.086022
34,15,1,0.048369
35,15,1,0.050272
36,15,1,0.050786
37,15,1,0.060023
38,15,1,0.055543
39,15,1,0.051961
40,15,1,0.185518
41,15,1,0.464656
42,15,1,0.791932
43,15,1,0.968985
44,15,1,0.788847
45,15,1,0.436287
46,15,1,0.118435
47,15,1,0.008665
0,16,1,0.000000
1,16,1,0.000000
2,16,1,0.000000
3,16,1,0.000000
4,16,1,0.000000
5,16,1,0.000000
6,16,1,0.002818
7,16,1,0.062926
8,16,1,0.253593
9,16,1,0.434529
10,16,1,0.660951
11,16,1,0.718010
12,16,1,0.551910
13,16,1,0.318618
14,16,1,0.175889
15,16,1,0.153223
16,16,1,0.152483
17,16,1,0.152483
18,16,1,0.152483
19,16,1,0.152483
20,16,1,0.152483
21,16,1,0.152483
22,16,1,0.152483
23,16,1,0.152483
24,16,1,0.152483
25,16,1,0.152483
26,16,1,0.152483
27,16,1,0.145282
28,16,1,0.093249
29,16,1,0.068712
30,16,1,0.056715
31,16,1,0.052293
32,16,1,0.104280
33,16,1,0.126144
34,16,1,0.060906
35,16,1,0.047270
36,16,1,0.053592
37,16,1,0.051743
38,16,1,0.071813
39,16,1,0.264446
40,16,1,0.673587
41,16,1,0.901213
42,16,1,0.961871
43,16,1,0.741590
44,16,1,0.264851
45,16,1,0.062785
46,16,1,0.006364
47,16,1,0.000000
0,17,1,0.000000
1,17,1,0.000000
2,17,1,0.000000
3,17,1,0.000000
4,17,1,0.000000
5,17,1,0.023206
6,17,1,0.153395
7,17,1,0.382489
8,17,1,0.656033
9,17,1,0.764966
10,17,1,0.820577
11,17,1,0.654775
12,17,1,0.356516
13,17,1,0.182774
14,17,1,0.154482
15,17,1,0.151309
16,17,1,0.145002
17,17,1,0.152483
18,17,1,0.152483
19,17,1,0.152483
20,17,1,0.152483
21,17,1,0.152483
22,17,1,0.152483
23,17,1,0.152483
24,17,1,0.152483
25,17,1,0.148586
26,17,1,0.141638
27,17,1,0.149943
28,17,1,0.119322
29,17,1,0.056560
30,17,1,0.059096
31,17,1,0.049747
32,17,1,0.064108
33,17,1,0.116102
34,17,1,0.104902
35,17,1,0.050436
36,17,1,0.049482
37,17,1,0.174365
38,17,1,0.429480
39,17,1,0.779979
40,17,1,0.958712
41,17,1,0.855430
42,17,1,0.651915
43,17,1,0.245697
44,17,1,0.015528
45,17,1,0.000001
46,17,1,0.000000
47,17,1,0.000000
0,18,1,0.000000
1,18,1,0.000000
2,18,1,0.000000
3,18,1,0.005538
4,18,1,0.070990
5,18,1,0.277714
6,18,1,0.615111
7,18,1,0.757960
8,18,1,0.834813
9,18,1,0.832002
10,18,1,0.651599
11,18,1,0.350973
12,18,1,0.165102
13,18,1,0.138003
14,18,1,0.136746
15,18,1,0.138149
16,18,1,0.107705
17,18,1,0.145002
18,18,1,0.152483
19,18,1,0.152483
20,18,1,0.152483
21,18,1,0.152483
22,18,1,0.152483
23,18,1,0.152483
24,18,1,0.140497
25,18,1,0.107557
26,18,1,0.073585
27,18,1,0.137173
28,18,1,0.138600
29,18,1,0.064558
30,18,1,0.057360
31,18,1,0.062849
32,18,1,0.053749
33,18,1,0.085915
34,18,1,0.111201
35,18,1,0.157922
36,18,1,0.356086
37,18,1,0.685969
38,18,1,0.889627
39,18,1,0.960273
40,18,1,0.746703
41,18,1,0.303329
42,18,1,0.129367
43,18,1,0.015514
44,18,1,0.000000
45,18,1,0.000000
46,18,1,0.000000
47,18,1,0.000000
0,19,1,0.000000
1,19,1,0.003482
2,19,1,0.051324
3,19,1,0.175111
4,19,1,0.445680
5,19,1,0.678711
6,19,1,0.832225
7,19,1,0.833031
8,19,1,0.738711
9,19,1,0.621213
10,19,1,0.333410
11,19,1,0.145024
12,19,1,0.075707
13,19,1,0.040080
14,19,1,0.052352
15,19,1,0.136753
16,19,1,0.145020
17,19,1,0.152489
18,19,1,0.152484
19,19,1,0.152483
20,19,1,0.152483
21,19,1,0.152483
22,19,1,0.143572
23,19,1,0.131626
24,19,1,0.082084
25,19,1,0.058334
26,19,1,0.050256
27,19,1,0.107012
28,19,1,0.146894
29,19,1,0.123911
30,19,1,0.062647
31,19,1,0.060363
32,19,1,0.061332
33,19,1,0.164405
34,19,1,0.361416
35,19,1,0.656578
36,19,1,0.863884
37,19,1,0.958760
38,19,1,0.850936
39,19,1,0.654070
40,19,1,0.246099
41,19,1,0.020640
42,19,1,0.000029
43,19,1,0.000000
44,19,1,0.000000
45,19,1,0.000000
46,19,1,0.000000
47,19,1,0.000000
0,20,1,0.146684
1,20,1,0.188293
2,20,1,0.412116
3,20,1,0.690872
4,20,1,0.885287
5,20,1,0.886914
6,20,1,0.867410
7,20,1,0.769957
8,20,1,0.452232
9,20,1,0.286949
10,20,1,0.183574
11,20,1,0.168002
12,20,1,0.174657
13,20,1,0.252993
14,20,1,0.273923
15,20,1,0.276801
16,20,1,0.261621
17,20,1,0.186174
18,20,1,0.155652
19,20,1,0.152492
20,20,1,0.141677
21,20,1,0.128223
22,20,1,0.072389
23,20,1,0.044406
24,20,1,0.050113
25,20,1,0.087912
26,20,1,0.089040
27,20,1,0.096520
28,20,1,0.145731
29,20,1,0.162974
30,20,1,0.183966
31,20,1,0.216145
32,20,1,0.364848
33,20,1,0.674100
34,20,1,0.866391
35,20,1,0.954453
36,20,1,0.867696
37,20,1,0.726532
38,20,1,0.275399
39,20,1,0.124874
40,20,1,0.015514
41,20,1,0.000000
42,20,1,0.000000
43,20,1,0.000000
44,20,1,0.000000
45,20,1,0.000000
46,20,1,0.000000
47,20,1,0.000000
0,21,1,0.751381
1,21,1,0.838347
2,21,1,0.898841
3,21,1,0.974836
4,21,1,1.000000
5,21,1,0.987596
6,21,1,0.984703
7,21,1,0.969999
8,21,1,0.875679
9,21,1,0.848607
10,21,1,0.847517
11,21,1,0.847517
12,21,1,0.847522
13,21,1,0.862056
14,21,1,0.850353
15,21,1,0.773646
16,21,1,0.672318
17,21,1,0.434393
18,21,1,0.307755
19,21,1,0.278699
20,21,1,0.211119
21,21,1,0.173793
22,21,1,0.162641
23,21,1,0.178255
24,21,1,0.207034
25,21,1,0.216335
26,21,1,0.272164
27,21,1,0.281794
28,21,1,0.294747
29,21,1,0.388996
30,21,1,0.638619
31,21,1,0.828023
32,21,1,0.879278
33,21,1,0.944190
34,21,1,0.862957
35,21,1,0.730729
36,21,1,0.297638
37,21,1,0.141636
38,21,1,0.015772
39,21,1,0.000002
40,21,1,0.000000
41,21,1,0.000000
42,21,1,0.000000
43,21,1,0.000000
44,21,1,0.000000
45,21,1,0.000000
46,21,1,0.000000
47,21,1,0.000000
0,22,1,0.985072
1,22,1,1.000000
2,22,1,1.000000
3,22,1,1.000000
4,22,1,1.000000
5,22,1,1.000000
6,22,1,1.000000
7,22,1,1.000000
8,22,1,1.000000
9,22,1,1.000000
10,22,1,1.000000
11,22,1,1.000000
12,22,1,1.000000
13,22,1,1.000000
14,22,1,1.000000
15,22,1,0.987320
16,22,1,0.972113
17,22,1,0.896698
18,22,1,0.866197
19,22,1,0.863041
20,22,1,0.852225
21,22,1,0.847682
22,22,1,0.847642
23,22,1,0.850174
24,22,1,0.854929
25,22,1,0.852584
26,22,1,0.863031
27,22,1,0.863032
28,22,1,0.863942
29,22,1,0.882933
30,22,1,0.936831
31,22,1,0.874394
32,22,1,0.835964
33,22,1,0.652654
34,22,1,0.261156
35,22,1,0.137200
36,22,1,0.020179
37,22,1,0.000211
38,22,1,0.000000
39,22,1,0.000000
40,22,1,0.000000
41,22,1,0.000000
42,22,1,0.000000
43,22,1,0.000000
44,22,1,0.000000
45,22,1,0.000000
46,22,1,0.000000
47,22,1,0.000000
0,23,1,1.000000
1,23,1,1.000000
2,23,1,1.000000
3,23,1,1.000000
4,23,1,1.000000
5,23,1,1.000000
6,23,1,1.000000
7,23,1,1.000000
8,23,1,1.000000
9,23,1,1.000000
10,23,1,1.000000
11,23,1,1.000000
12,23,1,1.000000
13,23,1,1.000000
14,23,1,1.000000
15,23,1,1.000000
16,23,1,1.000000
17,23,1,1.000000
18,23,1,1.000000
19,23,1,1.000000
20,23,1,1.000000
21,23,1,1.000000
22,23,1,1.000000
23,23,1,1.000000
24,23,1,1.000000
25,23,1,1.000000
26,23,1,1.000000
27,23,1,1.000000
28,23,1,1.000000
29,23,1,0.985706
30,23,1,0.788523
31,23,1,0.371636
32,23,1,0.194947
33,23,1,0.146433
34,23,1,0.018218
35,23,1,0.000002
36,23,1,0.000000
37,23,1,0.000000
38,23,1,0.000000
39,23,1,0.000000
40,23,1,0.000000
41,23,1,0.000000
42,23,1,0.000000
43,23,1,0.000000
44,23,1,0.000000
45,23,1,0.000000
46,23,1,0.000000
47,23,1,0.000000
0,0,2,1.000000
1,0,2,1.000000
2,0,2,1.000000
3,0,2,1.000000
4,0,2,1.000000
5,0,2,1.000000
6,0,2,1.000000
7,0,2,1.000000
8,0,2,1.000000
9,0,2,1.000000
10,0,2,1.000000
11,0,2,1.000000
12,0,2,1.000000
13,0,2,1.000000
14,0,2,1.000000
15,0,2,1.000000
16,0,2,1.000000
17,0,2,1.000000
18,0,2,1.000000
19,0,2,1.000000
20,0,2,1.000000
21,0,2,1.000000
22,0,2,1.000000
23,0,2,1.000000
24,0,2,1.000000
25,0,2,1.000000
26,0,2,1.000000
27,0,2,1.000000
28,0,2,1.000000
29,0,2,1.000000
30,0,2,0.899158
31,0,2,0.471894
32,0,2,0.222381
33,0,2,0.161513
34,0,2,0.018378
35,0,2,0.000010
36,0,2,0.000000
37,0,2,0.000000
38,0,2,0.000000
39,0,2,0.000000
40,0,2,0.000000
41,0,2,0.000000
42,0,2,0.000000
43,0,2,0.000000
44,0,2,0.000000
45,0,2,0.000000
46,0,2,0.000000
47,0,2,0.000000
0,1,2,0.898009
1,1,2,0.987347
2,1,2,1.000000
3,1,2,1.000000
4,1,2,1.000000
5,1,2,1.000000
6,1,2,1.000000
7,1,2,1.000000
8,1,2,1.000000
9,1,2,1.000000
10,1,2,1.000000
11,1,2,1.000000
12,1,2,1.000000
13,1,2,1.000000
14,1,2,0.987314
15,1,2,0.897888
16,1,2,0.866060
17,1,2,0.850657
18,1,2,0.847526
19,1,2,0.847517
20,1,2,0.847517
21,1,2,0.847517
22,1,2,0.847517
23,1,2,0.847517
24,1,2,0.847517
25,1,2,0.847517
26,1,2,0.847517
27,1,2,0.847517
28,1,2,0.847518
29,1,2,0.848432
30,1,2,0.867285
31,1,2,0.883515
32,1,2,0.852505
33,1,2,0.725585
34,1,2,0.274058
35,1,2,0.137400
36,1,2,0.018257
37,1,2,0.000371
38,1,2,0.000000
39,1,2,0.000000
40,1,2,0.000000
41,1,2,0.000000
42,1,2,0.000000
43,1,2,0.000000
44,1,2,0.000000
45,1,2,0.000000
46,1,2,0.000000
47,1,2,0.000000
0,2,2,0.490050
1,2,2,0.761077
2,2,2,0.853380
3,2,2,0.894791
4,2,2,0.974463
5,2,2,0.900011
6,2,2,0.867627
7,2,2,0.863249
8,2,2,0.848545
9,2,2,0.847517
10,2,2,0.847517
11,2,2,0.847517
12,2,2,0.847517
13,2,2,0.847517
14,2,2,0.760891
15,2,2,0.446015
16,2,2,0.281534
17,2,2,0.186339
18,2,2,0.155647
19,2,2,0.152492
20,2,2,0.152483
21,2,2,0.152483
22,2,2,0.152483
23,2,2,0.152483
24,2,2,0.152483
25,2,2,0.152483
26,2,2,0.152483
27,2,2,0.152484
28,2,2,0.153393
29,2,2,0.172450
30,2,2,0.360288
31,2,2,0.740750
32,2,2,0.851116
33,2,2,0.885870
34,2,2,0.850937
35,2,2,0.728814
36,2,2,0.283810
37,2,2,0.139711
38,2,2,0.015517
39,2,2,0.000000
40,2,2,0.000000
41,2,2,0.000000
42,2,2,0.000000
43,2,2,0.000000
44,2,2,0.000000
45,2,2,0.000000
46,2,2,0.000000
47,2,2,0.000000
0,3,2,0.059620
1,3,2,0.143311
2,3,2,0.204530
3,3,2,0.423253
4,3,2,0.678665
5,3,2,0.469447
6,3,2,0.315779
7,3,2,0.276452
8,3,2,0.189503
9,3,2,0.169025
10,3,2,0.152483
11,3,2,0.152483
12,3,2,0.152483
13,3,2,0.152483
14,3,2,0.139799
15,3,2,0.050378
16,3,2,0.018561
17,3,2,0.003146
18,3,2,0.000010
19,3,2,0.000000
20,3,2,0.000000
21,3,2,0.000000
22,3,2,0.000000
23,3,2,0.000000
24,3,2,0.000000
25,3,2,0.000000
26,3,2,0.000000
27,3,2,0.000000
28,3,2,0.000001
29,3,2,0.000915
30,3,2,0.030202
31,3,2,0.137218
32,3,2,0.192319
33,3,2,0.442823
34,3,2,0.765290
35,3,2,0.868793
36,3,2,0.851049
37,3,2,0.726436
38,3,2,0.261600
39,3,2,0.052611
40,3,2,0.003162
41,3,2,0.000000
42,3,2,0.000000
43,3,2,0.000000
44,3,2,0.000000
45,3,2,0.000000
46,3,2,0.000000
47,3,2,0.000000
0,4,2,0.000000
1,4,2,0.000000
2,4,2,0.005863
3,4,2,0.052809
4,4,2,0.174722
5,4,2,0.163979
6,4,2,0.157101
7,4,2,0.152707
8,4,2,0.137997
9,4,2,0.121454
10,4,2,0.031029
11,4,2,0.000077
12,4,2,0.000000
13,4,2,0.000000
14,4,2,0.000000
15,4,2,0.000001
16,4,2,0.000003
17,4,2,0.000000
18,4,2,0.000000
19,4,2,0.000000
20,4,2,0.000000
21,4,2,0.000000
22,4,2,0.000000
23,4,2,0.000000
24,4,2,0.000000
25,4,2,0.000000
26,4,2,0.000000
27,4,2,0.000000
28,4,2,0.000000
29,4,2,0.000000
30,4,2,0.000000
31,4,2,0.000000
32,4,2,0.003599
33,4,2,0.053951
34,4,2,0.161236
35,4,2,0.382759
36,4,2,0.752317
37,4,2,0.899433
38,4,2,0.768497
39,4,2,0.438005
40,4,2,0.174064
41,4,2,0.015550
42,4,2,0.000001
43,4,2,0.000000
44,4,2,0.000000
45,4,2,0.000000
46,4,2,0.000000
47,4,2,0.000000
0,5,2,0.000000
1,5,2,0.000000
2,5,2,0.000000
3,5,2,0.000000
4,5,2,0.005535
5,5,2,0.031032
6,5,2,0.121460
7,5,2,0.139778
8,5,2,0.152483
9,5,2,0.152483
10,5,2,0.121531
11,5,2,0.031476
12,5,2,0.000860
13,5,2,0.000000
14,5,2,0.000000
15,5,2,0.000000
16,5,2,0.000000
17,5,2,0.000000
18,5,2,0.000000
19,5,2,0.000000
20,5,2,0.000000
21,5,2,0.000000
22,5,2,0.000000
23,5,2,0.000000
24,5,2,0.000000
25,5,2,0.000000
26,5,2,0.000000
27,5,2,0.000000
28,5,2,0.000000
29,5,2,0.000000
30,5,2,0.000000
31,5,2,0.000000
32,5,2,0.000000
33,5,2,0.000000
34,5,2,0.000790
35,5,2,0.036432
36,5,2,0.189745
37,5,2,0.488550
38,5,2,0.784867
39,5,2,0.884617
40,5,2,0.729260
41,5,2,0.261372
42,5,2,0.049737
43,5,2,0.002758
44,5,2,0.000000
45,5,2,0.000000
46,5,2,0.000000
47,5,2,0.000000
0,6,2,0.000000
1,6,2,0.000000
2,6,2,0.000000
3,6,2,0.000000
4,6,2,0.000000
5,6,2,0.000000
6,6,2,0.018323
7,6,2,0.047398
8,6,2,0.124263
9,6,2,0.140978
10,6,2,0.152483
11,6,2,0.122314
12,6,2,0.034194
13,6,2,0.002773
14,6,2,0.000002
15,6,2,0.000000
16,6,2,0.000000
17,6,2,0.000000
18,6,2,0.000000
19,6,2,0.000000
20,6,2,0.000000
21,6,2,0.000000
22,6,2,0.000000
23,6,2,0.000000
24,6,2,0.000000
25,6,2,0.000000
26,6,2,0.000000
27,6,2,0.000000
28,6,2,0.000000
29,6,2,0.000000
30,6,2,0.000000
31,6,2,0.000000
32,6,2,0.000000
33,6,2,0.000000
34,6,2,0.000001
35,6,2,0.000013
36,6,2,0.005596
37,6,2,0.071967
38,6,2,0.285518
39,6,2,0.735050
40,6,2,0.899004
41,6,2,0.765525
42,6,2,0.427727
43,6,2,0.168102
44,6,2,0.015515
45,6,2,0.000000
46,6,2,0.000000
47,6,2,0.000000
0,7,2,0.000000
1,7,2,0.000000
2,7,2,0.000000
3,7,2,0.000000
4,7,2,0.000000
5,7,2,0.000000
6,7,2,0.000000
7,7,2,0.002809
8,7,2,0.019524
9,7,2,0.054400
10,7,2,0.125465
11,7,2,0.137489
12,7,2,0.104143
13,7,2,0.033245
14,7,2,0.002727
15,7,2,0.000002
16,7,2,0.000000
17,7,2,0.000000
18,7,2,0.000000
19,7,2,0.000000
20,7,2,0.000000
21,7,2,0.000000
22,7,2,0.000000
23,7,2,0.000000
24,7,2,0.000000
25,7,2,0.000000
26,7,2,0.000000
27,7,2,0.000000
28,7,2,0.000000
29,7,2,0.000000
30,7,2,0.000000
31,7,2,0.000000
32,7,2,0.000000
33,7,2,0.000000
34,7,2,0.000006
35,7,2,0.000306
36,7,2,0.002368
37,7,2,0.007062
38,7,2,0.031290
39,7,2,0.195933
40,7,2,0.488624
41,7,2,0.786981
42,7,2,0.878805
43,7,2,0.711022
44,7,2,0.257556
45,7,2,0.036865
46,7,2,0.002183
47,7,2,0.000000
0,8,2,0.000000
1,8,2,0.000000
2,8,2,0.000000
3,8,2,0.000000
4,8,2,0.000000
5,8,2,0.000000
6,8,2,0.000000
7,8,2,0.000000
8,8,2,0.000000
9,8,2,0.004011
10,8,2,0.017438
11,8,2,0.030278
12,8,2,0.044429
13,8,2,0.050231
14,8,2,0.011925
15,8,2,0.000735
16,8,2,0.000000
17,8,2,0.000000
18,8,2,0.000000
19,8,2,0.000000
20,8,2,0.000000
21,8,2,0.000000
22,8,2,0.000000
23,8,2,0.000000
24,8,2,0.000000
25,8,2,0.000000
26,8,2,0.000000
27,8,2,0.000000
28,8,2,0.000000
29,8,2,0.000000
30,8,2,0.000000
31,8,2,0.000000
32,8,2,0.000000
33,8,2,0.000000
34,8,2,0.000050
35,8,2,0.000617
36,8,2,0.004386
37,8,2,0.024664
38,8,2,0.048183
39,8,2,0.044626
40,8,2,0.090308
41,8,2,0.302586
42,8,2,0.748446
43,8,2,0.959284
44,8,2,0.762928
45,8,2,0.352800
46,8,2,0.084847
47,8,2,0.006986
0,9,2,0.000000
1,9,2,0.000000
2,9,2,0.000000
3,9,2,0.000000
4,9,2,0.000000
5,9,2,0.000000
6,9,2,0.000000
7,9,2,0.000000
8,9,2,0.000000
9,9,2,0.000000
10,9,2,0.000001
11,9,2,0.001924
12,9,2,0.003648
13,9,2,0.007920
14,9,2,0.001622
15,9,2,0.000174
16,9,2,0.000005
17,9,2,0.000000
18,9,2,0.000000
19,9,2,0.000000
20,9,2,0.000000
21,9,2,0.000000
22,9,2,0.000000
23,9,2,0.000000
24,9,2,0.000000
25,9,2,0.000000
26,9,2,0.000000
27,9,2,0.000000
28,9,2,0.000000
29,9,2,0.000000
30,9,2,0.000000
31,9,2,0.000000
32,9,2,0.000000
33,9,2,0.000001
34,9,2,0.000074
35,9,2,0.002131
36,9,2,0.019447
37,9,2,0.046373
38,9,2,0.050651
39,9,2,0.055952
40,9,2,0.050707
41,9,2,0.048012
42,9,2,0.257104
43,9,2,0.693715
44,9,2,0.900593
45,9,2,0.800118
46,9,2,0.448655
47,9,2,0.216707
0,10,2,0.000000
1,10,2,0.000000
2,10,2,0.000000
3,10,2,0.000000
4,10,2,0.000000
5,10,2,0.000000
6,10,2,0.000000
7,10,2,0.000000
8,10,2,0.000000
9,10,2,0.000000
10,10,2,0.000000
11,10,2,0.000000
12,10,2,0.000005
13,10,2,0.000042
14,10,2,0.000150
15,10,2,0.000011
16,10,2,0.000001
17,10,2,0.000000
18,10,2,0.000000
19,10,2,0.000000
20,10,2,0.000000
21,10,2,0.000000
22,10,2,0.000000
23,10,2,0.000000
24,10,2,0.000000
25,10,2,0.000000
26,10,2,0.000000
27,10,2,0.000000
28,10,2,0.000000
29,10,2,0.000000
30,10,2,0.000000
31,10,2,0.000000
32,10,2,0.000000
33,10,2,0.000003
34,10,2,0.000169
35,10,2,0.008297
36,10,2,0.037298
37,10,2,0.051795
38,10,2,0.057086
39,10,2,0.054202
40,10,2,0.053761
41,10,2,0.056371
42,10,2,0.045684
43,10,2,0.198560
44,10,2,0.511166
45,10,2,0.785117
46,10,2,0.861253
47,10,2,0.834137
0,11,2,0.000000
1,11,2,0.000000
2,11,2,0.000000
3,11,2,0.000000
4,11,2,0.000000
5,11,2,0.000000
6,11,2,0.000000
7,11,2,0.000000
8,11,2,0.000000
9,11,2,0.000000
10,11,2,0.000000
11,11,2,0.000000
12,11,2,0.000000
13,11,2,0.000000
14,11,2,0.000001
15,11,2,0.000002
16,11,2,0.000000
17,11,2,0.000000
18,11,2,0.000000
19,11,2,0.000000
20,11,2,0.000000
21,11,2,0.000000
22,11,2,0.000000
23,11,2,0.000000
24,11,2,0.000000
25,11,2,0.000000
26,11,2,0.000000
27,11,2,0.000000
28,11,2,0.000000
29,11,2,0.000000
30,11,2,0.000000
31,11,2,0.000000
32,11,2,0.000000
33,11,2,0.000003
34,11,2,0.000384
35,11,2,0.012129
36,11,2,0.050429
37,11,2,0.054847
38,11,2,0.055435
39,11,2,0.053657
40,11,2,0.053228
41,11,2,0.056019
42,11,2,0.057440
43,11,2,0.048489
44,11,2,0.086399
45,11,2,0.313291
46,11,2,0.858662
47,11,2,0.998480
0,12,2,0.000000
1,12,2,0.000000
2,12,2,0.000000
3,12,2,0.000000
4,12,2,0.000000
5,12,2,0.000000
6,12,2,0.000000
7,12,2,0.000000
8,12,2,0.000000
9,12,2,0.000000
10,12,2,0.000000
11,12,2,0.000000
12,12,2,0.000000
13,12,2,0.000000
14,12,2,0.000001
15,12,2,0.000002
16,12,2,0.000000
17,12,2,0.000000
18,12,2,0.000000
19,12,2,0.000000
20,12,2,0.000000
21,12,2,0.000000
22,12,2,0.000000
23,12,2,0.000000
24,12,2,0.000000
25,12,2,0.000000
26,12,2,0.000000
27,12,2,0.000000
28,12,2,0.000000
29,12,2,0.000000
30,12,2,0.000000
31,12,2,0.000000
32,12,2,0.000000
33,12,2,0.000002
34,12,2,0.000341
35,12,2,0.011611
36,12,2,0.049466
37,12,2,0.056389
38,12,2,0.057710
39,12,2,0.055212
40,12,2,0.054743
41,12,2,0.058321
42,12,2,0.057084
43,12,2,0.047642
44,12,2,0.085931
45,12,2,0.313245
46,12,2,0.858664
47,12,2,0.998480
0,13,2,0.000000
1,13,2,0.000000
2,13,2,0.000000
3,13,2,0.000000
4,13,2,0.000000
5,13,2,0.000000
6,13,2,0.000000
7,13,2,0.000000
8,13,2,0.000000
9,13,2,0.000000
10,13,2,0.000000
11,13,2,0.000000
12,13,2,0.000005
13,13,2,0.000042
14,13,2,0.000150
15,13,2,0.000011
16,13,2,0.000001
17,13,2,0.000000
18,13,2,0.000000
19,13,2,0.000000
20,13,2,0.000000
21,13,2,0.000000
22,13,2,0.000000
23,13,2,0.000000
24,13,2,0.000000
25,13,2,0.000000
26,13,2,0.000000
27,13,2,0.000000
28,13,2,0.000000
29,13,2,0.000000
30,13,2,0.000000
31,13,2,0.000000
32,13,2,0.000000
33,13,2,0.000003
34,13,2,0.000154
35,13,2,0.007850
36,13,2,0.037041
37,13,2,0.057220
38,13,2,0.063964
39,13,2,0.058392
40,13,2,0.058038
41,13,2,0.062097
42,13,2,0.046095
43,13,2,0.197784
44,13,2,0.510602
45,13,2,0.784892
46,13,2,0.861253
47,13,2,0.834137
0,14,2,0.000000
1,14,2,0.000000
2,14,2,0.000000
3,14,2,0.000000
4,14,2,0.000000
5,14,2,0.000000
6,14,2,0.000000
7,14,2,0.000000
8,14,2,0.000000
9,14,2,0.000000
10,14,2,0.000001
11,14,2,0.001925
12,14,2,0.003649
13,14,2,0.007922
14,14,2,0.001622
15,14,2,0.000174
16,14,2,0.000005
17,14,2,0.000000
18,14,2,0.000000
19,14,2,0.000000
20,14,2,0.000000
21,14,2,0.000000
22,14,2,0.000000
23,14,2,0.000000
24,14,2,0.000000
25,14,2,0.000000
26,14,2,0.000000
27,14,2,0.000000
28,14,2,0.000000
29,14,2,0.000000
30,14,2,0.000000
31,14,2,0.000000
32,14,2,0.000000
33,14,2,0.000001
34,14,2,0.000072
35,14,2,0.001990
36,14,2,0.019883
37,14,2,0.051150
38,14,2,0.058278
39,14,2,0.060032
40,14,2,0.055232
41,14,2,0.051510
42,14,2,0.257404
43,14,2,0.693528
44,14,2,0.900337
45,14,2,0.799988
46,14,2,0.448602
47,14,2,0.216697
0,15,2,0.000000
1,15,2,0.000000
2,15,2,0.000000
3,15,2,0.000000
4,15,2,0.000000
5,15,2,0.000000
6,15,2,0.000000
7,15,2,0.000000
8,15,2,0.000000
9,15,2,0.004014
10,15,2,0.017439
11,15,2,0.030282
12,15,2,0.044448
13,15,2,0.050242
14,15,2,0.011928
15,15,2,0.000735
16,15,2,0.000000
17,15,2,0.000000
18,15,2,0.000000
19,15,2,0.000000
20,15,2,0.000000
21,15,2,0.000000
22,15,2,0.000000
23,15,2,0.000000
24,15,2,0.000000
25,15,2,0.000000
26,15,2,0.000000
27,15,2,0.000000
28,15,2,0.000000
29,15,2,0.000000
30,15,2,0.000000
31,15,2,0.000000
32,15,2,0.000000
33,15,2,0.000000
34,15,2,0.000047
35,15,2,0.000578
36,15,2,0.004410
37,15,2,0.027940
38,15,2,0.057672
39,15,2,0.049596
40,15,2,0.092057
41,15,2,0.303171
42,15,2,0.748533
43,15,2,0.959182
44,15,2,0.762856
45,15,2,0.352534
46,15,2,0.084767
47,15,2,0.006986
0,16,2,0.000000
1,16,2,0.000000
2,16,2,0.000000
3,16,2,0.000000
4,16,2,0.000000
5,16,2,0.000000
6,16,2,0.000000
7,16,2,0.002811
8,16,2,0.019527
9,16,2,0.054418
10,16,2,0.125468
11,16,2,0.137500
12,16,2,0.104204
13,16,2,0.033259
14,16,2,0.002728
15,16,2,0.000002
16,16,2,0.000000
17,16,2,0.000000
18,16,2,0.000000
19,16,2,0.000000
20,16,2,0.000000
21,16,2,0.000000
22,16,2,0.000000
23,16,2,0.000000
24,16,2,0.000000
25,16,2,0.000000
26,16,2,0.000000
27,16,2,0.000000
28,16,2,0.000000
29,16,2,0.000000
30,16,2,0.000000
31,16,2,0.000000
32,16,2,0.000000
33,16,2,0.000000
34,16,2,0.000006
35,16,2,0.000309
36,16,2,0.002501
37,16,2,0.007961
38,16,2,0.033680
39,16,2,0.196871
40,16,2,0.488690
41,16,2,0.787007
42,16,2,0.878888
43,16,2,0.710576
44,16,2,0.257465
45,16,2,0.036794
46,16,2,0.002173
47,16,2,0.000000
0,17,2,0.000000
1,17,2,0.000000
2,17,2,0.000000
3,17,2,0.000000
4,17,2,0.000000
5,17,2,0.000000
6,17,2,0.018325
7,17,2,0.047412
8,17,2,0.124265
9,17,2,0.140981
10,17,2,0.152483
11,17,2,0.122314
12,17,2,0.034204
13,17,2,0.002773
14,17,2,0.000002
15,17,2,0.000000
16,17,2,0.000000
17,17,2,0.000000
18,17,2,0.000000
19,17,2,0.000000
20,17,2,0.000000
21,17,2,0.000000
22,17,2,0.000000
23,17,2,0.000000
24,17,2,0.000000
25,17,2,0.000000
26,17,2,0.000000
27,17,2,0.000000
28,17,2,0.000000
29,17,2,0.000000
30,17,2,0.000000
31,17,2,0.000000
32,17,2,0.000000
33,17,2,0.000000
34,17,2,0.000001
35,17,2,0.000013
36,17,2,0.005555
37,17,2,0.071717
38,17,2,0.285292
39,17,2,0.735003
40,17,2,0.898957
41,17,2,0.765669
42,17,2,0.428163
43,17,2,0.168179
44,17,2,0.015515
45,17,2,0.000000
46,17,2,0.000000
47,17,2,0.000000
0,18,2,0.000000
1,18,2,0.000000
2,18,2,0.000000
3,18,2,0.000000
4,18,2,0.005538
5,18,2,0.031032
6,18,2,0.121460
7,18,2,0.139780
8,18,2,0.152483
9,18,2,0.152483
10,18,2,0.121531
11,18,2,0.031476
12,18,2,0.000860
13,18,2,0.000000
14,18,2,0.000000
15,18,2,0.000000
16,18,2,0.000000
17,18,2,0.000000
18,18,2,0.000000
19,18,2,0.000000
20,18,2,0.000000
21,18,2,0.000000
22,18,2,0.000000
23,18,2,0.000000
24,18,2,0.000000
25,18,2,0.000000
26,18,2,0.000000
27,18,2,0.000000
28,18,2,0.000000
29,18,2,0.000000
30,18,2,0.000000
31,18,2,0.000000
32,18,2,0.000000
33,18,2,0.000000
34,18,2,0.000785
35,18,2,0.036395
36,18,2,0.189422
37,18,2,0.487489
38,18,2,0.784518
39,18,2,0.884612
40,18,2,0.729260
41,18,2,0.261400
42,18,2,0.049895
43,18,2,0.002788
44,18,2,0.000000
45,18,2,0.000000
46,18,2,0.000000
47,18,2,0.000000
0,19,2,0.000000
1,19,2,0.000000
2,19,2,0.005865
3,19,2,0.052814
4,19,2,0.174740
5,19,2,0.163983
6,19,2,0.157101
7,19,2,0.152707
8,19,2,0.137996
9,19,2,0.121454
10,19,2,0.031029
11,19,2,0.000077
12,19,2,0.000000
13,19,2,0.000000
14,19,2,0.000000
15,19,2,0.000001
16,19,2,0.000003
17,19,2,0.000000
18,19,2,0.000000
19,19,2,0.000000
20,19,2,0.000000
21,19,2,0.000000
22,19,2,0.000000
23,19,2,0.000000
24,19,2,0.000000
25,19,2,0.000000
26,19,2,0.000000
27,19,2,0.000000
28,19,2,0.000000
29,19,2,0.000000
30,19,2,0.000000
31,19,2,0.000000
32,19,2,0.003597
33,19,2,0.053935
34,19,2,0.161196
35,19,2,0.382632
36,19,2,0.752232
37,19,2,0.899114
38,19,2,0.768444
39,19,2,0.437982
40,19,2,0.174059
41,19,2,0.015549
42,19,2,0.000001
43,19,2,0.000000
44,19,2,0.000000
45,19,2,0.000000
46,19,2,0.000000
47,19,2,0.000000
0,20,2,0.059627
1,20,2,0.143313
2,20,2,0.204540
3,20,2,0.423264
4,20,2,0.678672
5,20,2,0.469452
6,20,2,0.315781
7,20,2,0.276451
8,20,2,0.189501
9,20,2,0.169025
10,20,2,0.152483
11,20,2,0.152483
12,20,2,0.152483
13,20,2,0.152483
14,20,2,0.139805
15,20,2,0.050417
16,20,2,0.018567
17,20,2,0.003148
18,20,2,0.000010
19,20,2,0.000000
20,20,2,0.000000
21,20,2,0.000000
22,20,2,0.000000
23,20,2,0.000000
24,20,2,0.000000
25,20,2,0.000000
26,20,2,0.000000
27,20,2,0.000000
28,20,2,0.000001
29,20,2,0.000916
30,20,2,0.030199
31,20,2,0.137219
32,20,2,0.192304
33,20,2,0.442766
34,20,2,0.765268
35,20,2,0.868755
36,20,2,0.851040
37,20,2,0.726436
38,20,2,0.261600
39,20,2,0.052606
40,20,2,0.003162
41,20,2,0.000000
42,20,2,0.000000
43,20,2,0.000000
44,20,2,0.000000
45,20,2,0.000000
46,20,2,0.000000
47,20,2,0.000000
0,21,2,0.490071
1,21,2,0.761083
2,21,2,0.853382
3,21,2,0.894793
4,21,2,0.974464
5,21,2,0.900012
6,21,2,0.867627
7,21,2,0.863249
8,21,2,0.848544
9,21,2,0.847517
10,21,2,0.847517
11,21,2,0.847517
12,21,2,0.847517
13,21,2,0.847517
14,21,2,0.760930
15,21,2,0.446151
16,21,2,0.281577
17,21,2,0.186351
18,21,2,0.155649
19,21,2,0.152492
20,21,2,0.152483
21,21,2,0.152483
22,21,2,0.152483
23,21,2,0.152483
24,21,2,0.152483
25,21,2,0.152483
26,21,2,0.152483
27,21,2,0.152484
28,21,2,0.153394
29,21,2,0.172450
30,21,2,0.360274
31,21,2,0.740748
32,21,2,0.851114
33,21,2,0.885851
34,21,2,0.850935
35,21,2,0.728810
36,21,2,0.283795
37,21,2,0.139707
38,21,2,0.015517
39,21,2,0.000000
40,21,2,0.000000
41,21,2,0.000000
42,21,2,0.000000
43,21,2,0.000000
44,21,2,0.000000
45,21,2,0.000000
46,21,2,0.000000
47,21,2,0.000000
0,22,2,0.898015
1,22,2,0.987348
2,22,2,1.000000
3,22,2,1.000000
4,22,2,1.000000
5,22,2,1.000000
6,22,2,1.000000
7,22,2,1.000000
8,22,2,1.000000
9,22,2,1.000000
10,22,2,1.000000
11,22,2,1.000000
12,22,2,1.000000
13,22,2,1.000000
14,22,2,0.987320
15,22,2,0.897927
16,22,2,0.866066
17,22,2,0.850659
18,22,2,0.847526
19,22,2,0.847517
20,22,2,0.847517
21,22,2,0.847517
22,22,2,0.847517
23,22,2,0.847517
24,22,2,0.847517
25,22,2,0.847517
26,22,2,0.847517
27,22,2,0.847517
28,22,2,0.847518
29,22,2,0.848433
30,22,2,0.867278
31,22,2,0.883487
32,22,2,0.852499
33,22,2,0.725573
34,22,2,0.274055
35,22,2,0.137400
36,22,2,0.018253
37,22,2,0.000370
38,22,2,0.000000
39,22,2,0.000000
40,22,2,0.000000
41,22,2,0.000000
42,22,2,0.000000
43,22,2,0.000000
44,22,2,0.000000
45,22,2,0.000000
46,22,2,0.000000
47,22,2,0.000000
0,23,2,1.000000
1,23,2,1.000000
2,23,2,1.000000
3,23,2,1.000000
4,23,2,1.000000
5,23,2,1.000000
6,23,2,1.000000
7,23,2,1.000000
8,23,2,1.000000
9,23,2,1.000000
10,23,2,1.000000
11,23,2,1.000000
12,23,2,1.000000
13,23,2,1.000000
14,23,2,1.000000
15,23,2,1.000000
16,23,2,1.000000
17,23,2,1.000000
18,23,2,1.000000
19,23,2,1.000000
20,23,2,1.000000
21,23,2,1.000000
22,23,2,1.000000
23,23,2,1.000000
24,23,2,1.000000
25,23,2,1.000000
26,23,2,1.000000
27,23,2,1.000000
28,23,2,1.000000
29,23,2,1.000000
30,23,2,0.899125
31,23,2,0.471786
32,23,2,0.222348
33,23,2,0.161510
34,23,2,0.018378
35,23,2,0.000010
36,23,2,0.000000
37,23,2,0.000000
38,23,2,0.000000
39,23,2,0.000000
40,23,2,0.000000
41,23,2,0.000000
42,23,2,0.000000
43,23,2,0.000000
44,23,2,0.000000
45,23,2,0.000000
46,23,2,0.000000
47,23,2,0.000000
0,0,3,1.000000
1,0,3,1.000000
2,0,3,1.000000
3,0,3,1.000000
4,0,3,1.000000
5,0,3,1.000000
6,0,3,1.000000
7,0,3,1.000000
8,0,3,1.000000
9,0,3,1.000000
10,0,3,1.000000
11,0,3,1.000000
12,0,3,1.000000
13,0,3,1.000000
14,0,3,1.000000
15,0,3,1.000000
16,0,3,1.000000
17,0,3,1.000000
18,0,3,1.000000
19,0,3,1.000000
20,0,3,1.000000
21,0,3,1.000000
22,0,3,1.000000
23,0,3,1.000000
24,0,3,1.000000
25,0,3,1.000000
26,0,3,1.000000
27,0,3,1.000000
28,0,3,1.000000
29,0,3,1.000000
30,0,3,0.899057
31,0,3,0.471601
32,0,3,0.222281
33,0,3,0.161622
34,0,3,0.018378
35,0,3,0.000010
36,0,3,0.000000
37,0,3,0.000000
38,0,3,0.000000
39,0,3,0.000000
40,0,3,0.000000
41,0,3,0.000000
42,0,3,0.000000
43,0,3,0.000000
44,0,3,0.000000
45,0,3,0.000000
46,0,3,0.000000
47,0,3,0.000000
0,1,3,0.897772
1,1,3,0.987306
2,1,3,1.000000
3,1,3,1.000000
4,1,3,1.000000
5,1,3,1.000000
6,1,3,1.000000
7,1,3,1.000000
8,1,3,1.000000
9,1,3,1.000000
10,1,3,1.000000
11,1,3,1.000000
12,1,3,1.000000
13,1,3,1.000000
14,1,3,0.987313
15,1,3,0.897885
16,1,3,0.866059
17,1,3,0.850653
18,1,3,0.847526
19,1,3,0.847517
20,1,3,0.847517
21,1,3,0.847517
22,1,3,0.847517
23,1,3,0.847517
24,1,3,0.847517
25,1,3,0.847517
26,1,3,0.847517
27,1,3,0.847517
28,1,3,0.847518
29,1,3,0.848426
30,1,3,0.867256
31,1,3,0.883430
32,1,3,0.852583
33,1,3,0.726124
34,1,3,0.274150
35,1,3,0.137400
36,1,3,0.018252
37,1,3,0.000370
38,1,3,0.000000
39,1,3,0.000000
40,1,3,0.000000
41,1,3,0.000000
42,1,3,0.000000
43,1,3,0.000000
44,1,3,0.000000
45,1,3,0.000000
46,1,3,0.000000
47,1,3,0.000000
0,2,3,0.489480
1,2,3,0.760877
2,2,3,0.853342
3,2,3,0.894685
4,2,3,0.974452
5,2,3,0.900061
6,2,3,0.867640
7,2,3,0.863249
8,2,3,0.848523
9,2,3,0.847517
10,2,3,0.847517
11,2,3,0.847517
12,2,3,0.847517
13,2,3,0.847517
14,2,3,0.760888
15,2,3,0.446008
16,2,3,0.281526
17,2,3,0.186315
18,2,3,0.155643
19,2,3,0.152492
20,2,3,0.152483
21,2,3,0.152483
22,2,3,0.152483
23,2,3,0.152483
24,2,3,0.152483
25,2,3,0.152483
26,2,3,0.152483
27,2,3,0.152484
28,2,3,0.153387
29,2,3,0.172401
30,2,3,0.360200
31,2,3,0.740736
32,2,3,0.851097
33,2,3,0.885883
34,2,3,0.850921
35,2,3,0.728809
36,2,3,0.283796
37,2,3,0.139707
38,2,3,0.015517
39,2,3,0.000000
40,2,3,0.000000
41,2,3,0.000000
42,2,3,0.000000
43,2,3,0.000000
44,2,3,0.000000
45,2,3,0.000000
46,2,3,0.000000
47,2,3,0.000000
0,3,3,0.059384
1,3,3,0.143254
2,3,3,0.204332
3,3,3,0.422982
4,3,3,0.678446
5,3,3,0.469571
6,3,3,0.315836
7,3,3,0.276433
8,3,3,0.189379
9,3,3,0.169004
10,3,3,0.152483
11,3,3,0.152483
12,3,3,0.152483
13,3,3,0.152483
14,3,3,0.139799
15,3,3,0.050375
16,3,3,0.018560
17,3,3,0.003142
18,3,3,0.000010
19,3,3,0.000000
20,3,3,0.000000
21,3,3,0.000000
22,3,3,0.000000
23,3,3,0.000000
24,3,3,0.000000
25,3,3,0.000000
26,3,3,0.000000
27,3,3,0.000000
28,3,3,0.000001
29,3,3,0.000909
30,3,3,0.030188
31,3,3,0.137215
32,3,3,0.192222
33,3,3,0.442630
34,3,3,0.765207
35,3,3,0.868775
36,3,3,0.851041
37,3,3,0.726435
38,3,3,0.261586
39,3,3,0.052541
40,3,3,0.003148
41,3,3,0.000000
42,3,3,0.000000
43,3,3,0.000000
44,3,3,0.000000
45,3,3,0.000000
46,3,3,0.000000
47,3,3,0.000000
0,4,3,0.000000
1,4,3,0.000000
2,4,3,0.005825
3,4,3,0.052539
4,4,3,0.173758
5,4,3,0.163866
6,4,3,0.157114
7,4,3,0.152707
8,4,3,0.137975
9,4,3,0.121454
10,4,3,0.031029
11,4,3,0.000077
12,4,3,0.000000
13,4,3,0.000000
14,4,3,0.000000
15,4,3,0.000001
16,4,3,0.000003
17,4,3,0.000000
18,4,3,0.000000
19,4,3,0.000000
20,4,3,0.000000
21,4,3,0.000000
22,4,3,0.000000
23,4,3,0.000000
24,4,3,0.000000
25,4,3,0.000000
26,4,3,0.000000
27,4,3,0.000000
28,4,3,0.000000
29,4,3,0.000000
30,4,3,0.000000
31,4,3,0.000000
32,4,3,0.003580
33,4,3,0.053872
34,4,3,0.161202
35,4,3,0.382717
36,4,3,0.752254
37,4,3,0.899209
38,4,3,0.768381
39,4,3,0.437836
40,4,3,0.173994
41,4,3,0.015549
42,4,3,0.000001
43,4,3,0.000000
44,4,3,0.000000
45,4,3,0.000000
46,4,3,0.000000
47,4,3,0.000000
0,5,3,0.000000
1,5,3,0.000000
2,5,3,0.000000
3,5,3,0.000000
4,5,3,0.005372
5,5,3,0.031032
6,5,3,0.121460
7,5,3,0.139630
8,5,3,0.152483
9,5,3,0.152483
10,5,3,0.121531
11,5,3,0.031478
12,5,3,0.000859
13,5,3,0.000000
14,5,3,0.000000
15,5,3,0.000000
16,5,3,0.000000
17,5,3,0.000000
18,5,3,0.000000
19,5,3,0.000000
20,5,3,0.000000
21,5,3,0.000000
22,5,3,0.000000
23,5,3,0.000000
24,5,3,0.000000
25,5,3,0.000000
26,5,3,0.000000
27,5,3,0.000000
28,5,3,0.000000
29,5,3,0.000000
30,5,3,0.000000
31,5,3,0.000000
32,5,3,0.000000
33,5,3,0.000000
34,5,3,0.000787
35,5,3,0.036415
36,5,3,0.189518
37,5,3,0.488011
38,5,3,0.784484
39,5,3,0.884547
40,5,3,0.729245
41,5,3,0.261205
42,5,3,0.048956
43,5,3,0.002597
44,5,3,0.000000
45,5,3,0.000000
46,5,3,0.000000
47,5,3,0.000000
0,6,3,0.000000
1,6,3,0.000000
2,6,3,0.000000
3,6,3,0.000000
4,6,3,0.000000
5,6,3,0.000000
6,6,3,0.018175
7,6,3,0.046538
8,6,3,0.124115
9,6,3,0.140915
10,6,3,0.152483
11,6,3,0.122313
12,6,3,0.034151
13,6,3,0.002770
14,6,3,0.000002
15,6,3,0.000000
16,6,3,0.000000
17,6,3,0.000000
18,6,3,0.000000
19,6,3,0.000000
20,6,3,0.000000
21,6,3,0.000000
22,6,3,0.000000
23,6,3,0.000000
24,6,3,0.000000
25,6,3,0.000000
26,6,3,0.000000
27,6,3,0.000000
28,6,3,0.000000
29,6,3,0.000000
30,6,3,0.000000
31,6,3,0.000000
32,6,3,0.000000
33,6,3,0.000000
34,6,3,0.000001
35,6,3,0.000014
36,6,3,0.005563
37,6,3,0.071597
38,6,3,0.284621
39,6,3,0.735094
40,6,3,0.899931
41,6,3,0.764937
42,6,3,0.422790
43,6,3,0.152576
44,6,3,0.012461
45,6,3,0.000000
46,6,3,0.000000
47,6,3,0.000000
0,7,3,0.000000
1,7,3,0.000000
2,7,3,0.000000
3,7,3,0.000000
4,7,3,0.000000
5,7,3,0.000000
6,7,3,0.000000
7,7,3,0.002661
8,7,3,0.019460
9,7,3,0.054028
10,7,3,0.125401
11,7,3,0.137444
12,7,3,0.103898
13,7,3,0.033188
14,7,3,0.002724
15,7,3,0.000002
16,7,3,0.000000
17,7,3,0.000000
18,7,3,0.000000
19,7,3,0.000000
20,7,3,0.000000
21,7,3,0.000000
22,7,3,0.000000
23,7,3,0.000000
24,7,3,0.000000
25,7,3,0.000000
26,7,3,0.000000
27,7,3,0.000000
28,7,3,0.000000
29,7,3,0.000000
30,7,3,0.000000
31,7,3,0.000000
32,7,3,0.000000
33,7,3,0.000000
34,7,3,0.000006
35,7,3,0.000319
36,7,3,0.002447
37,7,3,0.007103
38,7,3,0.031283
39,7,3,0.197176
40,7,3,0.490911
41,7,3,0.787286
42,7,3,0.863270
43,7,3,0.675260
44,7,3,0.242882
45,7,3,0.036617
46,7,3,0.002255
47,7,3,0.000000
0,8,3,0.000000
1,8,3,0.000000
2,8,3,0.000000
3,8,3,0.000000
4,8,3,0.000000
5,8,3,0.000000
6,8,3,0.000000
7,8,3,0.000000
8,8,3,0.000000
9,8,3,0.003947
10,8,3,0.017432
11,8,3,0.030223
12,8,3,0.044290
13,8,3,0.050186
14,8,3,0.011914
15,8,3,0.000734
16,8,3,0.000000
17,8,3,0.000000
18,8,3,0.000000
19,8,3,0.000000
20,8,3,0.000000
21,8,3,0.000000
22,8,3,0.000000
23,8,3,0.000000
24,8,3,0.000000
25,8,3,0.000000
26,8,3,0.000000
27,8,3,0.000000
28,8,3,0.000000
29,8,3,0.000000
30,8,3,0.000000
31,8,3,0.000000
32,8,3,0.000000
33,8,3,0.000000
34,8,3,0.000048
35,8,3,0.000588
36,8,3,0.004479
37,8,3,0.025455
38,8,3,0.049148
39,8,3,0.045891
40,8,3,0.091504
41,8,3,0.300487
42,8,3,0.738328
43,8,3,0.912507
44,8,3,0.752992
45,8,3,0.350352
46,8,3,0.084853
47,8,3,0.007224
0,9,3,0.000000
1,9,3,0.000000
2,9,3,0.000000
3,9,3,0.000000
4,9,3,0.000000
5,9,3,0.000000
6,9,3,0.000000
7,9,3,0.000000
8,9,3,0.000000
9,9,3,0.000000
10,9,3,0.000001
11,9,3,0.001917
12,9,3,0.003632
13,9,3,0.007915
14,9,3,0.001617
15,9,3,0.000173
16,9,3,0.000005
17,9,3,0.000000
18,9,3,0.000000
19,9,3,0.000000
20,9,3,0.000000
21,9,3,0.000000
22,9,3,0.000000
23,9,3,0.000000
24,9,3,0.000000
25,9,3,0.000000
26,9,3,0.000000
27,9,3,0.000000
28,9,3,0.000000
29,9,3,0.000000
30,9,3,0.000000
31,9,3,0.000000
32,9,3,0.000000
33,9,3,0.000001
34,9,3,0.000060
35,9,3,0.001958
36,9,3,0.019718
37,9,3,0.048288
38,9,3,0.052562
39,9,3,0.057462
40,9,3,0.052027
41,9,3,0.047755
42,9,3,0.224447
43,9,3,0.617232
44,9,3,0.873322
45,9,3,0.801024
46,9,3,0.447206
47,9,3,0.216925
0,10,3,0.000000
1,10,3,0.000000
2,10,3,0.000000
3,10,3,0.000000
4,10,3,0.000000
5,10,3,0.000000
6,10,3,0.000000
7,10,3,0.000000
8,10,3,0.000000
9,10,3,0.000000
10,10,3,0.000000
11,10,3,0.000000
12,10,3,0.000005
13,10,3,0.000042
14,10,3,0.000150
15,10,3,0.000011
16,10,3,0.000001
17,10,3,0.000000
18,10,3,0.000000
19,10,3,0.000000
20,10,3,0.000000
21,10,3,0.000000
22,10,3,0.000000
23,10,3,0.000000
24,10,3,0.000000
25,10,3,0.000000
26,10,3,0.000000
27,10,3,0.000000
28,10,3,0.000000
29,10,3,0.000000
30,10,3,0.000000
31,10,3,0.000000
32,10,3,0.000000
33,10,3,0.000002
34,10,3,0.000122
35,10,3,0.007713
36,10,3,0.036374
37,10,3,0.052645
38,10,3,0.058801
39,10,3,0.055435
40,10,3,0.054353
41,10,3,0.054528
42,10,3,0.035962
43,10,3,0.169898
44,10,3,0.515752
45,10,3,0.789887
46,10,3,0.864525
47,10,3,0.834754
0,11,3,0.000000
1,11,3,0.000000
2,11,3,0.000000
3,11,3,0.000000
4,11,3,0.000000
5,11,3,0.000000
6,11,3,0.000000
7,11,3,0.000000
8,11,3,0.000000
9,11,3,0.000000
10,11,3,0.000000
11,11,3,0.000000
12,11,3,0.000000
13,11,3,0.000000
14,11,3,0.000001
15,11,3,0.000002
16,11,3,0.000000
17,11,3,0.000000
18,11,3,0.000000
19,11,3,0.000000
20,11,3,0.000000
21,11,3,0.000000
22,11,3,0.000000
23,11,3,0.000000
24,11,3,0.000000
25,11,3,0.000000
26,11,3,0.000000
27,11,3,0.000000
28,11,3,0.000000
29,11,3,0.000000
30,11,3,0.000000
31,11,3,0.000000
32,11,3,0.000000
33,11,3,0.000002
34,11,3,0.000295
35,11,3,0.011098
36,11,3,0.048314
37,11,3,0.054204
38,11,3,0.055615
39,11,3,0.053806
40,11,3,0.052493
41,11,3,0.053310
42,11,3,0.054498
43,11,3,0.047080
44,11,3,0.090127
45,11,3,0.311233
46,11,3,0.858542
47,11,3,0.998398
0,12,3,0.000000
1,12,3,0.000000
2,12,3,0.000000
3,12,3,0.000000
4,12,3,0.000000
5,12,3,0.000000
6,12,3,0.000000
7,12,3,0.000000
8,12,3,0.000000
9,12,3,0.000000
10,12,3,0.000000
11,12,3,0.000000
12,12,3,0.000000
13,12,3,0.000000
14,12,3,0.000001
15,12,3,0.000002
16,12,3,0.000000
17,12,3,0.000000
18,12,3,0.000000
19,12,3,0.000000
20,12,3,0.000000
21,12,3,0.000000
22,12,3,0.000000
23,12,3,0.000000
24,12,3,0.000000
25,12,3,0.000000
26,12,3,0.000000
27,12,3,0.000000
28,12,3,0.000000
29,12,3,0.000000
30,12,3,0.000000
31,12,3,0.000000
32,12,3,0.000000
33,12,3,0.000002
34,12,3,0.000305
35,12,3,0.010890
36,12,3,0.047967
37,12,3,0.056442
38,12,3,0.057384
39,12,3,0.054784
40,12,3,0.053960
41,12,3,0.055647
42,12,3,0.054754
43,12,3,0.047009
44,12,3,0.090411
45,12,3,0.311325
46,12,3,0.858557
47,12,3,0.998400
0,13,3,0.000000
1,13,3,0.000000
2,13,3,0.000000
3,13,3,0.000000
4,13,3,0.000000
5,13,3,0.000000
6,13,3,0.000000
7,13,3,0.000000
8,13,3,0.000000
9,13,3,0.000000
10,13,3,0.000000
11,13,3,0.000000
12,13,3,0.000005
13,13,3,0.000042
14,13,3,0.000150
15,13,3,0.000011
16,13,3,0.000001
17,13,3,0.000000
18,13,3,0.000000
19,13,3,0.000000
20,13,3,0.000000
21,13,3,0.000000
22,13,3,0.000000
23,13,3,0.000000
24,13,3,0.000000
25,13,3,0.000000
26,13,3,0.000000
27,13,3,0.000000
28,13,3,0.000000
29,13,3,0.000000
30,13,3,0.000000
31,13,3,0.000000
32,13,3,0.000000
33,13,3,0.000003
34,13,3,0.000140
35,13,3,0.007307
36,13,3,0.035638
37,13,3,0.056862
38,13,3,0.063384
39,13,3,0.057569
40,13,3,0.057630
41,13,3,0.059924
42,13,3,0.037049
43,13,3,0.170016
44,13,3,0.516484
45,13,3,0.790200
46,13,3,0.864555
47,13,3,0.834766
0,14,3,0.000000
1,14,3,0.000000
2,14,3,0.000000
3,14,3,0.000000
4,14,3,0.000000
5,14,3,0.000000
6,14,3,0.000000
7,14,3,0.000000
8,14,3,0.000000
9,14,3,0.000000
10,14,3,0.000001
11,14,3,0.001918
12,14,3,0.003634
13,14,3,0.007916
14,14,3,0.001618
15,14,3,0.000173
16,14,3,0.000005
17,14,3,0.000000
18,14,3,0.000000
19,14,3,0.000000
20,14,3,0.000000
21,14,3,0.000000
22,14,3,0.000000
23,14,3,0.000000
24,14,3,0.000000
25,14,3,0.000000
26,14,3,0.000000
27,14,3,0.000000
28,14,3,0.000000
29,14,3,0.000000
30,14,3,0.000000
31,14,3,0.000000
32,14,3,0.000000
33,14,3,0.000001
34,14,3,0.000060
35,14,3,0.001810
36,14,3,0.019203
37,14,3,0.050692
38,14,3,0.058157
39,14,3,0.060218
40,14,3,0.055990
41,14,3,0.050973
42,14,3,0.224724
43,14,3,0.616927
44,14,3,0.873492
45,14,3,0.801026
46,14,3,0.447214
47,14,3,0.216933
0,15,3,0.000000
1,15,3,0.000000
2,15,3,0.000000
3,15,3,0.000000
4,15,3,0.000000
5,15,3,0.000000
6,15,3,0.000000
7,15,3,0.000000
8,15,3,0.000000
9,15,3,0.003951
10,15,3,0.017432
11,15,3,0.030229
12,15,3,0.044303
13,15,3,0.050196
14,15,3,0.011916
15,15,3,0.000734
16,15,3,0.000000
17,15,3,0.000000
18,15,3,0.000000
19,15,3,0.000000
20,15,3,0.000000
21,15,3,0.000000
22,15,3,0.000000
23,15,3,0.000000
24,15,3,0.000000
25,15,3,0.000000
26,15,3,0.000000
27,15,3,0.000000
28,15,3,0.000000
29,15,3,0.000000
30,15,3,0.000000
31,15,3,0.000000
32,15,3,0.000000
33,15,3,0.000000
34,15,3,0.000040
35,15,3,0.000531
36,15,3,0.004349
37,15,3,0.027734
38,15,3,0.058212
39,15,3,0.050683
40,15,3,0.093457
41,15,3,0.301179
42,15,3,0.738327
43,15,3,0.911914
44,15,3,0.752826
45,15,3,0.350119
46,15,3,0.084793
47,15,3,0.007225
0,16,3,0.000000
1,16,3,0.000000
2,16,3,0.000000
3,16,3,0.000000
4,16,3,0.000000
5,16,3,0.000000
6,16,3,0.000000
7,16,3,0.002664
8,16,3,0.019465
9,16,3,0.054053
10,16,3,0.125405
11,16,3,0.137449
12,16,3,0.103924
13,16,3,0.033195
14,16,3,0.002724
15,16,3,0.000002
16,16,3,0.000000
17,16,3,0.000000
18,16,3,0.000000
19,16,3,0.000000
20,16,3,0.000000
21,16,3,0.000000
22,16,3,0.000000
23,16,3,0.000000
24,16,3,0.000000
25,16,3,0.000000
26,16,3,0.000000
27,16,3,0.000000
28,16,3,0.000000
29,16,3,0.000000
30,16,3,0.000000
31,16,3,0.000000
32,16,3,0.000000
33,16,3,0.000000
34,16,3,0.000006
35,16,3,0.000304
36,16,3,0.002441
37,16,3,0.007550
38,16,3,0.033676
39,16,3,0.198403
40,16,3,0.491582
41,16,3,0.787527
42,16,3,0.862751
43,16,3,0.673820
44,16,3,0.242398
45,16,3,0.036552
46,16,3,0.002247
47,16,3,0.000000
0,17,3,0.000000
1,17,3,0.000000
2,17,3,0.000000
3,17,3,0.000000
4,17,3,0.000000
5,17,3,0.000000
6,17,3,0.018179
7,17,3,0.046557
8,17,3,0.124118
9,17,3,0.140919
10,17,3,0.152483
11,17,3,0.122313
12,17,3,0.034154
13,17,3,0.002770
14,17,3,0.000002
15,17,3,0.000000
16,17,3,0.000000
17,17,3,0.000000
18,17,3,0.000000
19,17,3,0.000000
20,17,3,0.000000
21,17,3,0.000000
22,17,3,0.000000
23,17,3,0.000000
24,17,3,0.000000
25,17,3,0.000000
26,17,3,0.000000
27,17,3,0.000000
28,17,3,0.000000
29,17,3,0.000000
30,17,3,0.000000
31,17,3,0.000000
32,17,3,0.000000
33,17,3,0.000000
34,17,3,0.000001
35,17,3,0.000014
36,17,3,0.005522
37,17,3,0.071329
38,17,3,0.284413
39,17,3,0.735103
40,17,3,0.900133
41,17,3,0.764924
42,17,3,0.422643
43,17,3,0.152051
44,17,3,0.012380
45,17,3,0.000000
46,17,3,0.000000
47,17,3,0.000000
0,18,3,0.000000
1,18,3,0.000000
2,18,3,0.000000
3,18,3,0.000000
4,18,3,0.005377
5,18,3,0.031032
6,18,3,0.121460
7,18,3,0.139634
8,18,3,0.152483
9,18,3,0.152483
10,18,3,0.121531
11,18,3,0.031478
12,18,3,0.000859
13,18,3,0.000000
14,18,3,0.000000
15,18,3,0.000000
16,18,3,0.000000
17,18,3,0.000000
18,18,3,0.000000
19,18,3,0.000000
20,18,3,0.000000
21,18,3,0.000000
22,18,3,0.000000
23,18,3,0.000000
24,18,3,0.000000
25,18,3,0.000000
26,18,3,0.000000
27,18,3,0.000000
28,18,3,0.000000
29,18,3,0.000000
30,18,3,0.000000
31,18,3,0.000000
32,18,3,0.000000
33,18,3,0.000000
34,18,3,0.000781
35,18,3,0.036377
36,18,3,0.189245
37,18,3,0.487073
38,18,3,0.784182
39,18,3,0.884531
40,18,3,0.729242
41,18,3,0.261190
42,18,3,0.048906
43,18,3,0.002583
44,18,3,0.000000
45,18,3,0.000000
46,18,3,0.000000
47,18,3,0.000000
0,19,3,0.000000
1,19,3,0.000000
2,19,3,0.005827
3,19,3,0.052548
4,19,3,0.173787
5,19,3,0.163874
6,19,3,0.157115
7,19,3,0.152708
8,19,3,0.137974
9,19,3,0.121454
10,19,3,0.031029
11,19,3,0.000077
12,19,3,0.000000
13,19,3,0.000000
14,19,3,0.000000
15,19,3,0.000001
16,19,3,0.000003
17,19,3,0.000000
18,19,3,0.000000
19,19,3,0.000000
20,19,3,0.000000
21,19,3,0.000000
22,19,3,0.000000
23,19,3,0.000000
24,19,3,0.000000
25,19,3,0.000000
26,19,3,0.000000
27,19,3,0.000000
28,19,3,0.000000
29,19,3,0.000000
30,19,3,0.000000
31,19,3,0.000000
32,19,3,0.003577
33,19,3,0.053852
34,19,3,0.161161
35,19,3,0.382587
36,19,3,0.752178
37,19,3,0.898942
38,19,3,0.768327
39,19,3,0.437786
40,19,3,0.173977
41,19,3,0.015548
42,19,3,0.000001
43,19,3,0.000000
44,19,3,0.000000
45,19,3,0.000000
46,19,3,0.000000
47,19,3,0.000000
0,20,3,0.059387
1,20,3,0.143255
2,20,3,0.204342
3,20,3,0.422994
4,20,3,0.678457
5,20,3,0.469580
6,20,3,0.315840
7,20,3,0.276433
8,20,3,0.189373
9,20,3,0.169003
10,20,3,0.152483
11,20,3,0.152483
12,20,3,0.152483
13,20,3,0.152483
14,20,3,0.139805
15,20,3,0.050418
16,20,3,0.018567
17,20,3,0.003145
18,20,3,0.000010
19,20,3,0.000000
20,20,3,0.000000
21,20,3,0.000000
22,20,3,0.000000
23,20,3,0.000000
24,20,3,0.000000
25,20,3,0.000000
26,20,3,0.000000
27,20,3,0.000000
28,20,3,0.000001
29,20,3,0.000910
30,20,3,0.030187
31,20,3,0.137215
32,20,3,0.192203
33,20,3,0.442562
34,20,3,0.765181
35,20,3,0.868736
36,20,3,0.851033
37,20,3,0.726435
38,20,3,0.261583
39,20,3,0.052525
40,20,3,0.003145
41,20,3,0.000000
42,20,3,0.000000
43,20,3,0.000000
44,20,3,0.000000
45,20,3,0.000000
46,20,3,0.000000
47,20,3,0.000000
0,21,3,0.489491
1,21,3,0.760880
2,21,3,0.853344
3,21,3,0.894688
4,21,3,0.974453
5,21,3,0.900064
6,21,3,0.867641
7,21,3,0.863250
8,21,3,0.848522
9,21,3,0.847517
10,21,3,0.847517
11,21,3,0.847517
12,21,3,0.847517
13,21,3,0.847517
14,21,3,0.760930
15,21,3,0.446151
16,21,3,0.281573
17,21,3,0.186332
18,21,3,0.155646
19,21,3,0.152492
20,21,3,0.152483
21,21,3,0.152483
22,21,3,0.152483
23,21,3,0.152483
24,21,3,0.152483
25,21,3,0.152483
26,21,3,0.152483
27,21,3,0.152484
28,21,3,0.153388
29,21,3,0.172405
30,21,3,0.360196
31,21,3,0.740735
32,21,3,0.851094
33,21,3,0.885863
34,21,3,0.850917
35,21,3,0.728807
36,21,3,0.283787
37,21,3,0.139704
38,21,3,0.015517
39,21,3,0.000000
40,21,3,0.000000
41,21,3,0.000000
42,21,3,0.000000
43,21,3,0.000000
44,21,3,0.000000
45,21,3,0.000000
46,21,3,0.000000
47,21,3,0.000000
0,22,3,0.897775
1,22,3,0.987306
2,22,3,1.000000
3,22,3,1.000000
4,22,3,1.000000
5,22,3,1.000000
6,22,3,1.000000
7,22,3,1.000000
8,22,3,1.000000
9,22,3,1.000000
10,22,3,1.000000
11,22,3,1.000000
12,22,3,1.000000
13,22,3,1.000000
14,22,3,0.987320
15,22,3,0.897928
16,22,3,0.866066
17,22,3,0.850656
18,22,3,0.847526
19,22,3,0.847517
20,22,3,0.847517
21,22,3,0.847517
22,22,3,0.847517
23,22,3,0.847517
24,22,3,0.847517
25,22,3,0.847517
26,22,3,0.847517
27,22,3,0.847517
28,22,3,0.847518
29,22,3,0.848427
30,22,3,0.867250
31,22,3,0.883400
32,22,3,0.852578
33,22,3,0.726123
34,22,3,0.274149
35,22,3,0.137399
36,22,3,0.018250
37,22,3,0.000370
38,22,3,0.000000
39,22,3,0.000000
40,22,3,0.000000
41,22,3,0.000000
42,22,3,0.000000
43,22,3,0.000000
44,22,3,0.000000
45,22,3,0.000000
46,22,3,0.000000
47,22,3,0.000000
0,23,3,1.000000
1,23,3,1.000000
2,23,3,1.000000
3,23,3,1.000000
4,23,3,1.000000
5,23,3,1.000000
6,23,3,1.000000
7,23,3,1.000000
8,23,3,1.000000
9,23,3,1.000000
10,23,3,1.000000
11,23,3,1.000000
12,23,3,1.000000
13,23,3,1.000000
14,23,3,1.000000
15,23,3,1.000000
16,23,3,1.000000
17,23,3,1.000000
18,23,3,1.000000
19,23,3,1.000000
20,23,3,1.000000
21,23,3,1.000000
22,23,3,1.000000
23,23,3,1.000000
24,23,3,1.000000
25,23,3,1.000000
26,23,3,1.000000
27,23,3,1.000000
28,23,3,1.000000
29,23,3,1.000000
30,23,3,0.899022
31,23,3,0.471487
32,23,3,0.222245
33,23,3,0.161622
34,23,3,0.018377
35,23,3,0.000010
36,23,3,0.000000
37,23,3,0.000000
38,23,3,0.000000
39,23,3,0.000000
40,23,3,0.000000
41,23,3,0.000000
42,23,3,0.000000
43,23,3,0.000000
44,23,3,0.000000
45,23,3,0.000000
46,23,3,0.000000
47,23,3,0.000000
0,0,4,1.000000
1,0,4,1.000000
2,0,4,1.000000
3,0,4,1.000000
4,0,4,1.000000
5,0,4,1.000000
6,0,4,1.000000
7,0,4,1.000000
8,0,4,1.000000
9,0,4,1.000000
10,0,4,1.000000
11,0,4,1.000000
12,0,4,1.000000
13,0,4,1.000000
14,0,4,1.000000
15,0,4,1.000000
16,0,4,1.000000
17,0,4,1.000000
18,0,4,1.000000
19,0,4,1.000000
20,0,4,1.000000
21,0,4,1.000000
22,0,4,1.000000
23,0,4,1.000000
24,0,4,1.000000
25,0,4,1.000000
26,0,4,1.000000
27,0,4,1.000000
28,0,4,1.000000
29,0,4,0.985641
30,0,4,0.788029
31,0,4,0.371181
32,0,4,0.194942
33,0,4,0.147584
34,0,4,0.018330
35,0,4,0.000002
36,0,4,0.000000
37,0,4,0.000000
38,0,4,0.000000
39,0,4,0.000000
40,0,4,0.000000
41,0,4,0.000000
42,0,4,0.000000
43,0,4,0.000000
44,0,4,0.000000
45,0,4,0.000000
46,0,4,0.000000
47,0,4,0.000000
0,1,4,0.985022
1,1,4,1.000000
2,1,4,1.000000
3,1,4,1.000000
4,1,4,1.000000
5,1,4,1.000000
6,1,4,1.000000
7,1,4,1.000000
8,1,4,1.000000
9,1,4,1.000000
10,1,4,1.000000
11,1,4,1.000000
12,1,4,1.000000
13,1,4,1.000000
14,1,4,1.000000
15,1,4,0.987313
16,1,4,0.972107
17,1,4,0.896663
18,1,4,0.866191
19,1,4,0.863041
20,1,4,0.852219
21,1,4,0.847682
22,1,4,0.847642
23,1,4,0.850168
24,1,4,0.854919
25,1,4,0.852587
26,1,4,0.863031
27,1,4,0.863032
28,1,4,0.863936
29,1,4,0.882884
30,1,4,0.936719
31,1,4,0.874389
32,1,4,0.836924
33,1,4,0.656777
34,1,4,0.262131
35,1,4,0.137199
36,1,4,0.020150
37,1,4,0.000211
38,1,4,0.000000
39,1,4,0.000000
40,1,4,0.000000
41,1,4,0.000000
42,1,4,0.000000
43,1,4,0.000000
44,1,4,0.000000
45,1,4,0.000000
46,1,4,0.000000
47,1,4,0.000000
0,2,4,0.751090
1,2,4,0.838288
2,2,4,0.898742
3,2,4,0.974796
4,2,4,1.000000
5,2,4,0.987606
6,2,4,0.984704
7,2,4,0.969978
8,2,4,0.875053
9,2,4,0.848586
10,2,4,0.847517
11,2,4,0.847517
12,2,4,0.847522
13,2,4,0.862093
14,2,4,0.850347
15,2,4,0.773610
16,2,4,0.672276
17,2,4,0.434288
18,2,4,0.307719
19,2,4,0.278692
20,2,4,0.211082
21,2,4,0.173785
22,2,4,0.162638
23,2,4,0.178209
24,2,4,0.206972
25,2,4,0.216338
26,2,4,0.272148
27,2,4,0.281788
28,2,4,0.294709
29,2,4,0.388847
30,2,4,0.638736
31,2,4,0.829147
32,2,4,0.879459
33,2,4,0.945147
34,2,4,0.863051
35,2,4,0.730700
36,2,4,0.297481
37,2,4,0.141606
38,2,4,0.015769
39,2,4,0.000002
40,2,4,0.000000
41,2,4,0.000000
42,2,4,0.000000
43,2,4,0.000000
44,2,4,0.000000
45,2,4,0.000000
46,2,4,0.000000
47,2,4,0.000000
0,3,4,0.146634
1,3,4,0.188193
2,3,4,0.411795
3,3,4,0.690476
4,3,4,0.884305
5,3,4,0.886809
6,3,4,0.867424
7,3,4,0.769332
8,3,4,0.448928
9,3,4,0.286322
10,3,4,0.183574
11,3,4,0.168002
12,3,4,0.174815
13,3,4,0.253215
14,3,4,0.273966
15,3,4,0.276795
16,3,4,0.261615
17,3,4,0.186139
18,3,4,0.155646
19,3,4,0.152492
20,3,4,0.141671
21,3,4,0.128228
22,3,4,0.072420
23,3,4,0.044410
24,3,4,0.050095
25,3,4,0.087875
26,3,4,0.088921
27,3,4,0.096441
28,3,4,0.145719
29,3,4,0.162949
30,3,4,0.184836
31,3,4,0.219393
32,3,4,0.365305
33,3,4,0.673981
34,3,4,0.866377
35,3,4,0.954454
36,3,4,0.867667
37,3,4,0.726528
38,3,4,0.275384
39,3,4,0.124857
40,3,4,0.015514
41,3,4,0.000000
42,3,4,0.000000
43,3,4,0.000000
44,3,4,0.000000
45,3,4,0.000000
46,3,4,0.000000
47,3,4,0.000000
0,4,4,0.000000
1,4,4,0.003465
2,4,4,0.051225
3,4,4,0.174102
4,4,4,0.442771
5,4,4,0.677539
6,4,4,0.832226
7,4,4,0.833010
8,4,4,0.738085
9,4,4,0.621192
10,4,4,0.333410
11,4,4,0.145147
12,4,4,0.076414
13,4,4,0.040268
14,4,4,0.052394
15,4,4,0.136811
16,4,4,0.145041
17,4,4,0.152489
18,4,4,0.152484
19,4,4,0.152483
20,4,4,0.152483
21,4,4,0.152483
22,4,4,0.143577
23,4,4,0.131633
24,4,4,0.082121
25,4,4,0.058387
26,4,4,0.050224
27,4,4,0.106868
28,4,4,0.146827
29,4,4,0.123623
30,4,4,0.062370
31,4,4,0.060269
32,4,4,0.061067
33,4,4,0.164259
34,4,4,0.361408
35,4,4,0.656580
36,4,4,0.863886
37,4,4,0.958762
38,4,4,0.850920
39,4,4,0.653987
40,4,4,0.246085
41,4,4,0.020770
42,4,4,0.000028
43,4,4,0.000000
44,4,4,0.000000
45,4,4,0.000000
46,4,4,0.000000
47,4,4,0.000000
0,5,4,0.000000
1,5,4,0.000000
2,5,4,0.000000
3,5,4,0.005372
4,5,4,0.069808
5,5,4,0.276309
6,5,4,0.614748
7,5,4,0.757086
8,5,4,0.834663
9,5,4,0.832002
10,5,4,0.651601
11,5,4,0.350978
12,5,4,0.165220
13,5,4,0.138007
14,5,4,0.136804
15,5,4,0.138469
16,5,4,0.107878
17,5,4,0.145023
18,5,4,0.152483
19,5,4,0.152483
20,5,4,0.152483
21,5,4,0.152483
22,5,4,0.152483
23,5,4,0.152483
24,5,4,0.140518
25,5,4,0.107650
26,5,4,0.073613
27,5,4,0.137152
28,5,4,0.138592
29,5,4,0.064562
30,5,4,0.057316
31,5,4,0.062532
32,5,4,0.053576
33,5,4,0.085828
34,5,4,0.111248
35,5,4,0.157957
36,5,4,0.356097
37,5,4,0.685859
38,5,4,0.888958
39,5,4,0.960144
40,5,4,0.746833
41,5,4,0.304099
42,5,4,0.129306
43,5,4,0.015514
44,5,4,0.000000
45,5,4,0.000000
46,5,4,0.000000
47,5,4,0.000000
0,6,4,0.000000
1,6,4,0.000000
2,6,4,0.000000
3,6,4,0.000000
4,6,4,0.000000
5,6,4,0.022992
6,6,4,0.152517
7,6,4,0.379866
8,6,4,0.655092
9,6,4,0.764576
10,6,4,0.820511
11,6,4,0.654723
12,6,4,0.356213
13,6,4,0.182704
14,6,4,0.154480
15,6,4,0.151360
16,6,4,0.145023
17,6,4,0.152483
18,6,4,0.152483
19,6,4,0.152483
20,6,4,0.152483
21,6,4,0.152483
22,6,4,0.152483
23,6,4,0.152483
24,6,4,0.152483
25,6,4,0.148601
26,6,4,0.141640
27,6,4,0.149930
28,6,4,0.119264
29,6,4,0.056644
30,6,4,0.059161
31,6,4,0.049685
32,6,4,0.064041
33,6,4,0.116034
34,6,4,0.105092
35,6,4,0.050947
36,6,4,0.049687
37,6,4,0.173013
38,6,4,0.427364
39,6,4,0.779246
40,6,4,0.958918
41,6,4,0.855369
42,6,4,0.650801
43,6,4,0.242452
44,6,4,0.015530
45,6,4,0.000001
46,6,4,0.000000
47,6,4,0.000000
0,7,4,0.000000
1,7,4,0.000000
2,7,4,0.000000
3,7,4,0.000000
4,7,4,0.000000
5,7,4,0.000000
6,7,4,0.002668
7,7,4,0.062052
8,7,4,0.253053
9,7,4,0.433359
10,7,4,0.660553
11,7,4,0.717664
12,7,4,0.550923
13,7,4,0.318232
14,7,4,0.175860
15,7,4,0.153221
16,7,4,0.152483
17,7,4,0.152483
18,7,4,0.152483
19,7,4,0.152483
20,7,4,0.152483
21,7,4,0.152483
22,7,4,0.152483
23,7,4,0.152483
24,7,4,0.152483
25,7,4,0.152483
26,7,4,0.152483
27,7,4,0.145290
28,7,4,0.093320
29,7,4,0.068855
30,7,4,0.056825
31,7,4,0.052416
32,7,4,0.104411
33,7,4,0.126146
34,7,4,0.060963
35,7,4,0.047738
36,7,4,0.053647
37,7,4,0.049201
38,7,4,0.069810
39,7,4,0.264144
40,7,4,0.674321
41,7,4,0.898981
42,7,4,0.958210
43,7,4,0.723792
44,7,4,0.261219
45,7,4,0.060324
46,7,4,0.005773
47,7,4,0.000000
0,8,4,0.000000
1,8,4,0.000000
2,8,4,0.000000
3,8,4,0.000000
4,8,4,0.000000
5,8,4,0.000000
6,8,4,0.000000
7,8,4,0.000000
8,8,4,0.034975
9,8,4,0.159972
10,8,4,0.273528
11,8,4,0.326712
12,8,4,0.369422
13,8,4,0.335144
14,8,4,0.211960
15,8,4,0.156903
16,8,4,0.152490
17,8,4,0.152483
18,8,4,0.152483
19,8,4,0.152483
20,8,4,0.152483
21,8,4,0.152483
22,8,4,0.152483
23,8,4,0.152483
24,8,4,0.152483
25,8,4,0.152483
26,8,4,0.152483
27,8,4,0.145868
28,8,4,0.095264
29,8,4,0.067410
30,8,4,0.057219
31,8,4,0.089243
32,8,4,0.130685
33,8,4,0.086039
34,8,4,0.048483
35,8,4,0.050384
36,8,4,0.050795
37,8,4,0.057695
38,8,4,0.052576
39,8,4,0.051723
40,8,4,0.183201
41,8,4,0.457263
42,8,4,0.789861
43,8,4,0.959297
44,8,4,0.786387
45,8,4,0.430964
46,8,4,0.112646
47,8,4,0.007826
0,9,4,0.000000
1,9,4,0.000000
2,9,4,0.000000
3,9,4,0.000000
4,9,4,0.000000
5,9,4,0.000000
6,9,4,0.000000
7,9,4,0.000000
8,9,4,0.000000
9,9,4,0.031030
10,9,4,0.124092
11,9,4,0.167221
12,9,4,0.183013
13,9,4,0.202229
14,9,4,0.167052
15,9,4,0.154143
16,9,4,0.152512
17,9,4,0.152483
18,9,4,0.152483
19,9,4,0.152483
20,9,4,0.152483
21,9,4,0.152483
22,9,4,0.152483
23,9,4,0.152483
24,9,4,0.152483
25,9,4,0.152483
26,9,4,0.152483
27,9,4,0.149578
28,9,4,0.118557
29,9,4,0.072497
30,9,4,0.080593
31,9,4,0.133593
32,9,4,0.114506
33,9,4,0.052453
34,9,4,0.048349
35,9,4,0.049358
36,9,4,0.051037
37,9,4,0.051137
38,9,4,0.054916
39,9,4,0.073791
40,9,4,0.050853
41,9,4,0.080964
42,9,4,0.274145
43,9,4,0.705626
44,9,4,0.959577
45,9,4,0.838709
46,9,4,0.474056
47,9,4,0.223365
0,10,4,0.000000
1,10,4,0.000000
2,10,4,0.000000
3,10,4,0.000000
4,10,4,0.000000
5,10,4,0.000000
6,10,4,0.000000
7,10,4,0.000000
8,10,4,0.000000
9,10,4,0.000720
10,10,4,0.035238
11,10,4,0.125428
12,10,4,0.152552
13,10,4,0.152876
14,10,4,0.153390
15,10,4,0.152675
16,10,4,0.152493
17,10,4,0.152483
18,10,4,0.152483
19,10,4,0.152483
20,10,4,0.152483
21,10,4,0.152483
22,10,4,0.152483
23,10,4,0.152483
24,10,4,0.152483
25,10,4,0.152483
26,10,4,0.150834
27,10,4,0.146330
28,10,4,0.145717
29,10,4,0.133150
30,10,4,0.141898
31,10,4,0.133371
32,10,4,0.070450
33,10,4,0.048987
34,10,4,0.049799
35,10,4,0.049842
36,10,4,0.051215
37,10,4,0.052391
38,10,4,0.055765
39,10,4,0.060243
40,10,4,0.058178
41,10,4,0.052490
42,10,4,0.047672
43,10,4,0.252152
44,10,4,0.681383
45,10,4,0.875930
46,10,4,0.896477
47,10,4,0.844612
0,11,4,0.000000
1,11,4,0.000000
2,11,4,0.000000
3,11,4,0.000000
4,11,4,0.000000
5,11,4,0.000000
6,11,4,0.000000
7,11,4,0.000000
8,11,4,0.000000
9,11,4,0.000010
10,11,4,0.004035
11,11,4,0.053215
12,11,4,0.140216
13,11,4,0.152484
14,11,4,0.152490
15,11,4,0.152492
16,11,4,0.152485
17,11,4,0.152483
18,11,4,0.152483
19,11,4,0.152483
20,11,4,0.152483
21,11,4,0.152483
22,11,4,0.152483
23,11,4,0.152483
24,11,4,0.152483
25,11,4,0.150834
26,11,4,0.135469
27,11,4,0.111541
28,11,4,0.146330
29,11,4,0.150946
30,11,4,0.144565
31,11,4,0.087335
32,11,4,0.050755
33,11,4,0.053903
34,11,4,0.051180
35,11,4,0.052143
36,11,4,0.052157
37,11,4,0.053285
38,11,4,0.055725
39,11,4,0.052762
40,11,4,0.054027
41,11,4,0.056725
42,11,4,0.063926
43,11,4,0.050611
44,11,4,0.169743
45,11,4,0.430970
46,11,4,0.897889
47,11,4,1.000000
0,12,4,0.000000
1,12,4,0.000000
2,12,4,0.000000
3,12,4,0.000000
4,12,4,0.000000
5,12,4,0.000000
6,12,4,0.000000
7,12,4,0.000000
8,12,4,0.000000
9,12,4,0.000010
10,12,4,0.004036
11,12,4,0.053219
12,12,4,0.140217
13,12,4,0.152484
14,12,4,0.152490
15,12,4,0.152492
16,12,4,0.152485
17,12,4,0.152483
18,12,4,0.152483
19,12,4,0.152483
20,12,4,0.152483
21,12,4,0.152483
22,12,4,0.152483
23,12,4,0.152483
24,12,4,0.152483
25,12,4,0.150834
26,12,4,0.135467
27,12,4,0.111529
28,12,4,0.146316
29,12,4,0.150930
30,12,4,0.144570
31,12,4,0.087366
32,12,4,0.050737
33,12,4,0.053973
34,12,4,0.052134
35,12,4,0.053991
36,12,4,0.053229
37,12,4,0.056013
38,12,4,0.057183
39,12,4,0.053454
40,12,4,0.055882
41,12,4,0.060277
42,12,4,0.065728
43,12,4,0.051231
44,12,4,0.169966
45,12,4,0.431088
46,12,4,0.897931
47,12,4,1.000000
0,13,4,0.000000
1,13,4,0.000000
2,13,4,0.000000
3,13,4,0.000000
4,13,4,0.000000
5,13,4,0.000000
6,13,4,0.000000
7,13,4,0.000000
8,13,4,0.000000
9,13,4,0.000721
10,13,4,0.035243
11,13,4,0.125429
12,13,4,0.152552
13,13,4,0.152876
14,13,4,0.153390
15,13,4,0.152675
16,13,4,0.152493
17,13,4,0.152483
18,13,4,0.152483
19,13,4,0.152483
20,13,4,0.152483
21,13,4,0.152483
22,13,4,0.152483
23,13,4,0.152483
24,13,4,0.152483
25,13,4,0.152483
26,13,4,0.150834
27,13,4,0.146316
28,13,4,0.145622
29,13,4,0.133036
30,13,4,0.141882
31,13,4,0.133449
32,13,4,0.070545
33,13,4,0.049605
34,13,4,0.052236
35,13,4,0.052639
36,13,4,0.052588
37,13,4,0.056593
38,13,4,0.058893
39,13,4,0.061854
40,13,4,0.062731
41,13,4,0.060127
42,13,4,0.050525
43,13,4,0.252600
44,13,4,0.681756
45,13,4,0.876035
46,13,4,0.896493
47,13,4,0.844611
0,14,4,0.000000
1,14,4,0.000000
2,14,4,0.000000
3,14,4,0.000000
4,14,4,0.000000
5,14,4,0.000000
6,14,4,0.000000
7,14,4,0.000000
8,14,4,0.000000
9,14,4,0.031030
10,14,4,0.124094
11,14,4,0.167228
12,14,4,0.183023
13,14,4,0.202239
14,14,4,0.167054
15,14,4,0.154144
16,14,4,0.152512
17,14,4,0.152483
18,14,4,0.152483
19,14,4,0.152483
20,14,4,0.152483
21,14,4,0.152483
22,14,4,0.152483
23,14,4,0.152483
24,14,4,0.152483
25,14,4,0.152483
26,14,4,0.152483
27,14,4,0.149569
28,14,4,0.118485
29,14,4,0.072428
30,14,4,0.080510
31,14,4,0.133592
32,14,4,0.114630
33,14,4,0.052715
34,14,4,0.049114
35,14,4,0.049592
36,14,4,0.051907
37,14,4,0.053722
38,14,4,0.058265
39,14,4,0.074863
40,14,4,0.052775
41,14,4,0.083432
42,14,4,0.274885
43,14,4,0.705589
44,14,4,0.959611
45,14,4,0.838678
46,14,4,0.474088
47,14,4,0.223365
0,15,4,0.000000
1,15,4,0.000000
2,15,4,0.000000
3,15,4,0.000000
4,15,4,0.000000
5,15,4,0.000000
6,15,4,0.000000
7,15,4,0.000000
8,15,4,0.034979
9,15,4,0.159997
10,15,4,0.273537
11,15,4,0.326738
12,15,4,0.369482
13,15,4,0.335183
14,15,4,0.211970
15,15,4,0.156903
16,15,4,0.152490
17,15,4,0.152483
18,15,4,0.152483
19,15,4,0.152483
20,15,4,0.152483
21,15,4,0.152483
22,15,4,0.152483
23,15,4,0.152483
24,15,4,0.152483
25,15,4,0.152483
26,15,4,0.152483
27,15,4,0.145866
28,15,4,0.095240
29,15,4,0.067398
30,15,4,0.057157
31,15,4,0.089130
32,15,4,0.130679
33,15,4,0.086071
34,15,4,0.047942
35,15,4,0.048122
36,15,4,0.050287
37,15,4,0.058988
38,15,4,0.056359
39,15,4,0.053142
40,15,4,0.183675
41,15,4,0.457474
42,15,4,0.789943
43,15,4,0.959195
44,15,4,0.786357
45,15,4,0.430872
46,15,4,0.112616
47,15,4,0.007823
0,16,4,0.000000
1,16,4,0.000000
2,16,4,0.000000
3,16,4,0.000000
4,16,4,0.000000
5,16,4,0.000000
6,16,4,0.002671
7,16,4,0.062071
8,16,4,0.253081
9,16,4,0.433434
10,16,4,0.660579
11,16,4,0.717695
12,16,4,0.551007
13,16,4,0.318270
14,16,4,0.175864
15,16,4,0.153222
16,16,4,0.152483
17,16,4,0.152483
18,16,4,0.152483
19,16,4,0.152483
20,16,4,0.152483
21,16,4,0.152483
22,16,4,0.152483
23,16,4,0.152483
24,16,4,0.152483
25,16,4,0.152483
26,16,4,0.152483
27,16,4,0.145290
28,16,4,0.093319
29,16,4,0.068865
30,16,4,0.056837
31,16,4,0.052380
32,16,4,0.104322
33,16,4,0.126131
34,16,4,0.060880
35,16,4,0.047065
36,16,4,0.053405
37,16,4,0.049532
38,16,4,0.070412
39,16,4,0.264435
40,16,4,0.674569
41,16,4,0.899060
42,16,4,0.958121
43,16,4,0.723317
44,16,4,0.261132
45,16,4,0.060294
46,16,4,0.005768
47,16,4,0.000000
0,17,4,0.000000
1,17,4,0.000000
2,17,4,0.000000
3,17,4,0.000000
4,17,4,0.000000
5,17,4,0.023000
6,17,4,0.152536
7,17,4,0.379924
8,17,4,0.655116
9,17,4,0.764601
10,17,4,0.820515
11,17,4,0.654726
12,17,4,0.356236
13,17,4,0.182709
14,17,4,0.154480
15,17,4,0.151350
16,17,4,0.145015
17,17,4,0.152483
18,17,4,0.152483
19,17,4,0.152483
20,17,4,0.152483
21,17,4,0.152483
22,17,4,0.152483
23,17,4,0.152483
24,17,4,0.152483
25,17,4,0.148599
26,17,4,0.141640
27,17,4,0.149931
28,17,4,0.119271
29,17,4,0.056651
30,17,4,0.059202
31,17,4,0.049736
32,17,4,0.064045
33,17,4,0.115938
34,17,4,0.104955
35,17,4,0.050813
36,17,4,0.049627
37,17,4,0.172903
38,17,4,0.426823
39,17,4,0.779070
40,17,4,0.958954
41,17,4,0.855431
42,17,4,0.650722
43,17,4,0.242357
44,17,4,0.015530
45,17,4,0.000001
46,17,4,0.000000
47,17,4,0.000000
0,18,4,0.000000
1,18,4,0.000000
2,18,4,0.000000
3,18,4,0.005376
4,18,4,0.069843
5,18,4,0.276357
6,18,4,0.614759
7,18,4,0.757105
8,18,4,0.834667
9,18,4,0.832002
10,18,4,0.651601
11,18,4,0.350976
12,18,4,0.165202
13,18,4,0.138006
14,18,4,0.136792
15,18,4,0.138403
16,18,4,0.107821
17,18,4,0.145015
18,18,4,0.152483
19,18,4,0.152483
20,18,4,0.152483
21,18,4,0.152483
22,18,4,0.152483
23,18,4,0.152483
24,18,4,0.140517
25,18,4,0.107643
26,18,4,0.073612
27,18,4,0.137154
28,18,4,0.138595
29,18,4,0.064577
30,18,4,0.057361
31,18,4,0.062602
32,18,4,0.053612
33,18,4,0.085739
34,18,4,0.111091
35,18,4,0.157910
36,18,4,0.356057
37,18,4,0.685609
38,18,4,0.888732
39,18,4,0.960109
40,18,4,0.746908
41,18,4,0.304545
42,18,4,0.129368
43,18,4,0.015514
44,18,4,0.000000
45,18,4,0.000000
46,18,4,0.000000
47,18,4,0.000000
0,19,4,0.000000
1,19,4,0.003466
2,19,4,0.051231
3,19,4,0.174132
4,19,4,0.442856
5,19,4,0.677575
6,19,4,0.832226
7,19,4,0.833009
8,19,4,0.737973
9,19,4,0.621191
10,19,4,0.333410
11,19,4,0.145130
12,19,4,0.076317
13,19,4,0.040202
14,19,4,0.052381
15,19,4,0.136798
16,19,4,0.145033
17,19,4,0.152489
18,19,4,0.152484
19,19,4,0.152483
20,19,4,0.152483
21,19,4,0.152483
22,19,4,0.143579
23,19,4,0.131634
24,19,4,0.082124
25,19,4,0.058388
26,19,4,0.050238
27,19,4,0.106881
28,19,4,0.146833
29,19,4,0.123654
30,19,4,0.062401
31,19,4,0.060307
32,19,4,0.061087
33,19,4,0.164252
34,19,4,0.361381
35,19,4,0.656546
36,19,4,0.863880
37,19,4,0.958724
38,19,4,0.850920
39,19,4,0.653971
40,19,4,0.246082
41,19,4,0.020846
42,19,4,0.000028
43,19,4,0.000000
44,19,4,0.000000
45,19,4,0.000000
46,19,4,0.000000
47,19,4,0.000000
0,20,4,0.146634
1,20,4,0.188199
2,20,4,0.411814
3,20,4,0.690490
4,20,4,0.884334
5,20,4,0.886816
6,20,4,0.867425
7,20,4,0.769220
8,20,4,0.448292
9,20,4,0.286209
10,20,4,0.183574
11,20,4,0.168002
12,20,4,0.174755
13,20,4,0.252958
14,20,4,0.273920
15,20,4,0.276801
16,20,4,0.261618
17,20,4,0.186156
18,20,4,0.155649
19,20,4,0.152492
20,20,4,0.141672
21,20,4,0.128229
22,20,4,0.072429
23,20,4,0.044421
24,20,4,0.050112
25,20,4,0.087907
26,20,4,0.088972
27,20,4,0.096455
28,20,4,0.145720
29,20,4,0.162958
30,20,4,0.184840
31,20,4,0.219416
32,20,4,0.365310
33,20,4,0.673965
34,20,4,0.866374
35,20,4,0.954449
36,20,4,0.867676
37,20,4,0.726532
38,20,4,0.275401
39,20,4,0.124857
40,20,4,0.015514
41,20,4,0.000000
42,20,4,0.000000
43,20,4,0.000000
44,20,4,0.000000
45,20,4,0.000000
46,20,4,0.000000
47,20,4,0.000000
0,21,4,0.751091
1,21,4,0.838289
2,21,4,0.898748
3,21,4,0.974798
4,21,4,1.000000
5,21,4,0.987606
6,21,4,0.984704
7,21,4,0.969977
8,21,4,0.874941
9,21,4,0.848585
10,21,4,0.847517
11,21,4,0.847517
12,21,4,0.847522
13,21,4,0.862049
14,21,4,0.850353
15,21,4,0.773646
16,21,4,0.672300
17,21,4,0.434338
18,21,4,0.307736
19,21,4,0.278694
20,21,4,0.211089
21,21,4,0.173786
22,21,4,0.162639
23,21,4,0.178211
24,21,4,0.206978
25,21,4,0.216328
26,21,4,0.272153
27,21,4,0.281788
28,21,4,0.294714
29,21,4,0.388857
30,21,4,0.638731
31,21,4,0.829154
32,21,4,0.879461
33,21,4,0.945150
34,21,4,0.863051
35,21,4,0.730710
36,21,4,0.297533
37,21,4,0.141616
38,21,4,0.015772
39,21,4,0.000002
40,21,4,0.000000
41,21,4,0.000000
42,21,4,0.000000
43,21,4,0.000000
44,21,4,0.000000
45,21,4,0.000000
46,21,4,0.000000
47,21,4,0.000000
0,22,4,0.985022
1,22,4,1.000000
2,22,4,1.000000
3,22,4,1.000000
4,22,4,1.000000
5,22,4,1.000000
6,22,4,1.000000
7,22,4,1.000000
8,22,4,1.000000
9,22,4,1.000000
10,22,4,1.000000
11,22,4,1.000000
12,22,4,1.000000
13,22,4,1.000000
14,22,4,1.000000
15,22,4,0.987320
16,22,4,0.972110
17,22,4,0.896679
18,22,4,0.866194
19,22,4,0.863041
20,22,4,0.852220
21,22,4,0.847682
22,22,4,0.847642
23,22,4,0.850168
24,22,4,0.854920
25,22,4,0.852584
26,22,4,0.863031
27,22,4,0.863032
28,22,4,0.863936
29,22,4,0.882888
30,22,4,0.936724
31,22,4,0.874398
32,22,4,0.836932
33,22,4,0.656807
34,22,4,0.262136
35,22,4,0.137200
36,22,4,0.020159
37,22,4,0.000211
38,22,4,0.000000
39,22,4,0.000000
40,22,4,0.000000
41,22,4,0.000000
42,22,4,0.000000
43,22,4,0.000000
44,22,4,0.000000
45,22,4,0.000000
46,22,4,0.000000
47,22,4,0.000000
0,23,4,1.000000
1,23,4,1.000000
2,23,4,1.000000
3,23,4,1.000000
4,23,4,1.000000
5,23,4,1.000000
6,23,4,1.000000
7,23,4,1.000000
8,23,4,1.000000
9,23,4,1.000000
10,23,4,1.000000
11,23,4,1.000000
12,23,4,1.000000
13,23,4,1.000000
14,23,4,1.000000
15,23,4,1.000000
16,23,4,1.000000
17,23,4,1.000000
18,23,4,1.000000
19,23,4,1.000000
20,23,4,1.000000
21,23,4,1.000000
22,23,4,1.000000
23,23,4,1.000000
24,23,4,1.000000
25,23,4,1.000000
26,23,4,1.000000
27,23,4,1.000000
28,23,4,1.000000
29,23,4,0.985648
30,23,4,0.788081
31,23,4,0.371202
32,23,4,0.194952
33,23,4,0.147590
34,23,4,0.018329
35,23,4,0.000002
36,23,4,0.000000
37,23,4,0.000000
38,23,4,0.000000
39,23,4,0.000000
40,23,4,0.000000
41,23,4,0.000000
42,23,4,0.000000
43,23,4,0.000000
44,23,4,0.000000
45,23,4,0.000000
46,23,4,0.000000
47,23,4,0.000000
0,0,5,1.000000
1,0,5,1.000000
2,0,5,1.000000
3,0,5,1.000000
4,0,5,1.000000
5,0,5,1.000000
6,0,5,1.000000
7,0,5,1.000000
8,0,5,1.000000
9,0,5,1.000000
10,0,5,1.000000
11,0,5,1.000000
12,0,5,1.000000
13,0,5,1.000000
14,0,5,1.000000
15,0,5,1.000000
16,0,5,1.000000
17,0,5,1.000000
18,0,5,1.000000
19,0,5,1.000000
20,0,5,1.000000
21,0,5,1.000000
22,0,5,1.000000
23,0,5,1.000000
24,0,5,1.000000
25,0,5,1.000000
26,0,5,1.000000
27,0,5,1.000000
28,0,5,1.000000
29,0,5,0.900179
30,0,5,0.554097
31,0,5,0.255178
32,0,5,0.178687
33,0,5,0.073392
34,0,5,0.005103
35,0,5,0.000000
36,0,5,0.000000
37,0,5,0.000000
38,0,5,0.000000
39,0,5,0.000000
40,0,5,0.000000
41,0,5,0.000000
42,0,5,0.000000
43,0,5,0.000000
44,0,5,0.000000
45,0,5,0.000000
46,0,5,0.000000
47,0,5,0.000000
0,1,5,1.000000
1,1,5,1.000000
2,1,5,1.000000
3,1,5,1.000000
4,1,5,1.000000
5,1,5,1.000000
6,1,5,1.000000
7,1,5,1.000000
8,1,5,1.000000
9,1,5,1.000000
10,1,5,1.000000
11,1,5,1.000000
12,1,5,1.000000
13,1,5,1.000000
14,1,5,1.000000
15,1,5,1.000000
16,1,5,1.000000
17,1,5,0.985360
18,1,5,0.981705
19,1,5,0.968936
20,1,5,0.889224
21,1,5,0.845217
22,1,5,0.842572
23,1,5,0.865501
24,1,5,0.898404
25,1,5,0.900296
26,1,5,0.969371
27,1,5,0.981694
28,1,5,0.981695
29,1,5,0.966638
30,1,5,0.886252
31,1,5,0.839581
32,1,5,0.756179
33,1,5,0.468065
34,1,5,0.204850
35,1,5,0.146892
36,1,5,0.039442
37,1,5,0.003584
38,1,5,0.000000
39,1,5,0.000000
40,1,5,0.000000
41,1,5,0.000000
42,1,5,0.000000
43,1,5,0.000000
44,1,5,0.000000
45,1,5,0.000000
46,1,5,0.000000
47,1,5,0.000000
0,2,5,0.829070
1,2,5,0.856694
2,2,5,0.967477
3,2,5,1.000000
4,2,5,1.000000
5,2,5,1.000000
6,2,5,1.000000
7,2,5,0.988957
8,2,5,0.900284
9,2,5,0.846079
10,2,5,0.838462
11,2,5,0.838394
12,2,5,0.855619
13,2,5,0.956940
14,2,5,0.980587
15,2,5,0.981695
16,2,5,0.967057
17,2,5,0.878071
18,2,5,0.842117
19,2,5,0.764041
20,2,5,0.509752
21,2,5,0.331006
22,2,5,0.250556
23,2,5,0.299038
24,2,5,0.409032
25,2,5,0.516616
26,2,5,0.705474
27,2,5,0.777559
28,2,5,0.830407
29,2,5,0.841866
30,2,5,0.856976
31,2,5,0.888367
32,2,5,0.953972
33,2,5,0.899919
34,2,5,0.842666
35,2,5,0.734525
36,2,5,0.350724
37,2,5,0.164727
38,2,5,0.019967
39,2,5,0.000284
40,2,5,0.000000
41,2,5,0.000000
42,2,5,0.000000
43,2,5,0.000000
44,2,5,0.000000
45,2,5,0.000000
46,2,5,0.000000
47,2,5,0.000000
0,3,5,0.170930
1,3,5,0.272394
2,3,5,0.630524
3,3,5,0.842477
4,3,5,0.969726
5,3,5,1.000000
6,3,5,1.000000
7,3,5,0.918516
8,3,5,0.582560
9,3,5,0.368025
10,3,5,0.305346
11,3,5,0.295763
12,3,5,0.333708
13,3,5,0.581069
14,3,5,0.713837
15,3,5,0.821223
16,3,5,0.838409
17,3,5,0.823755
18,3,5,0.820094
19,3,5,0.807325
20,3,5,0.727613
21,3,5,0.622361
22,3,5,0.409423
23,3,5,0.287932
24,3,5,0.306316
25,3,5,0.423025
26,3,5,0.485358
27,3,5,0.569928
28,3,5,0.760672
29,3,5,0.742192
30,3,5,0.508942
31,3,5,0.501092
32,3,5,0.679743
33,3,5,0.855195
34,3,5,0.965705
35,3,5,0.985278
36,3,5,0.877830
37,3,5,0.718633
38,3,5,0.291602
39,3,5,0.144967
40,3,5,0.018306
41,3,5,0.000000
42,3,5,0.000000
43,3,5,0.000000
44,3,5,0.000000
45,3,5,0.000000
46,3,5,0.000000
47,3,5,0.000000
0,4,5,0.000000
1,4,5,0.018306
2,4,5,0.129089
3,4,5,0.274645
4,4,5,0.652450
5,4,5,0.896102
6,4,5,0.990509
7,4,5,0.988957
8,4,5,0.900284
9,4,5,0.827773
10,4,5,0.713462
11,4,5,0.623331
12,4,5,0.428444
13,4,5,0.326880
14,4,5,0.412425
15,4,5,0.703453
16,4,5,0.767456
17,4,5,0.811281
18,4,5,0.820083
19,4,5,0.820083
20,4,5,0.820083
21,4,5,0.809575
22,4,5,0.743773
23,4,5,0.652155
24,4,5,0.468910
25,4,5,0.359041
26,4,5,0.327641
27,4,5,0.572796
28,4,5,0.758757
29,4,5,0.623395
30,4,5,0.374431
31,4,5,0.321320
32,4,5,0.299626
33,4,5,0.410621
34,4,5,0.700039
35,4,5,0.855665
36,4,5,0.964382
37,4,5,0.981979
38,4,5,0.858355
39,4,5,0.713673
40,4,5,0.274310
41,4,5,0.053335
42,4,5,0.006004
43,4,5,0.000000
44,4,5,0.000000
45,4,5,0.000000
46,4,5,0.000000
47,4,5,0.000000
0,5,5,0.000000
1,5,5,0.000000
2,5,5,0.000000
3,5,5,0.018306
4,5,5,0.182714
5,5,5,0.440748
6,5,5,0.783117
7,5,5,0.966536
8,5,5,1.000000
9,5,5,1.000000
10,5,5,0.963479
11,5,5,0.848038
12,5,5,0.749550
13,5,5,0.688785
14,5,5,0.694250
15,5,5,0.728407
16,5,5,0.658439
17,5,5,0.768779
18,5,5,0.820083
19,5,5,0.820083
20,5,5,0.820083
21,5,5,0.820083
22,5,5,0.820083
23,5,5,0.810545
24,5,5,0.724390
25,5,5,0.563837
26,5,5,0.469904
27,5,5,0.697726
28,5,5,0.704734
29,5,5,0.409772
30,5,5,0.313335
31,5,5,0.318735
32,5,5,0.301779
33,5,5,0.443923
34,5,5,0.509534
35,5,5,0.406455
36,5,5,0.625498
37,5,5,0.841228
38,5,5,0.967866
39,5,5,0.981694
40,5,5,0.766723
41,5,5,0.391794
42,5,5,0.178335
43,5,5,0.018306
44,5,5,0.000000
45,5,5,0.000000
46,5,5,0.000000
47,5,5,0.000000
0,6,5,0.000000
1,6,5,0.000000
2,6,5,0.000000
3,6,5,0.000000
4,6,5,0.008815
5,6,5,0.069729
6,6,5,0.262095
7,6,5,0.643346
8,6,5,0.948222
9,6,5,0.986350
10,6,5,1.000000
11,6,5,0.964402
12,6,5,0.860377
13,6,5,0.823351
14,6,5,0.818758
15,6,5,0.803547
16,6,5,0.767452
17,6,5,0.811280
18,6,5,0.820083
19,6,5,0.820083
20,6,5,0.820083
21,6,5,0.820083
22,6,5,0.820083
23,6,5,0.820083
24,6,5,0.815501
25,6,5,0.780588
26,6,5,0.740932
27,6,5,0.781240
28,6,5,0.618406
29,6,5,0.346553
30,6,5,0.305285
31,6,5,0.284180
32,6,5,0.379860
33,6,5,0.589775
34,6,5,0.514436
35,6,5,0.282631
36,6,5,0.230299
37,6,5,0.312669
38,6,5,0.638501
39,6,5,0.852993
40,6,5,0.971174
41,6,5,0.891723
42,6,5,0.719393
43,6,5,0.268319
44,6,5,0.018382
45,6,5,0.000013
46,6,5,0.000000
47,6,5,0.000000
0,7,5,0.000000
1,7,5,0.000000
2,7,5,0.000000
3,7,5,0.000000
4,7,5,0.000000
5,7,5,0.000008
6,7,5,0.018353
7,7,5,0.234842
8,7,5,0.611350
9,7,5,0.865525
10,7,5,0.968045
11,7,5,0.982255
12,7,5,0.942674
13,7,5,0.859242
14,7,5,0.823296
15,7,5,0.820085
16,7,5,0.820083
17,7,5,0.820083
18,7,5,0.820083
19,7,5,0.820083
20,7,5,0.820083
21,7,5,0.820083
22,7,5,0.820083
23,7,5,0.820083
24,7,5,0.820083
25,7,5,0.820083
26,7,5,0.820083
27,7,5,0.759796
28,7,5,0.529877
29,7,5,0.368192
30,7,5,0.306412
31,7,5,0.323736
32,7,5,0.543419
33,7,5,0.610264
34,7,5,0.375350
35,7,5,0.255347
36,7,5,0.214444
37,7,5,0.163094
38,7,5,0.188585
39,7,5,0.322612
40,7,5,0.742217
41,7,5,0.969538
42,7,5,0.981694
43,7,5,0.731770
44,7,5,0.279025
45,7,5,0.086330
46,7,5,0.010489
47,7,5,0.000000
0,8,5,0.000000
1,8,5,0.000000
2,8,5,0.000000
3,8,5,0.000000
4,8,5,0.000000
5,8,5,0.000000
6,8,5,0.000000
7,8,5,0.018306
8,8,5,0.231694
9,8,5,0.593045
10,8,5,0.822344
11,8,5,0.855743
12,8,5,0.872341
13,8,5,0.879298
14,8,5,0.834140
15,8,5,0.820949
16,8,5,0.820083
17,8,5,0.820083
18,8,5,0.820083
19,8,5,0.820083
20,8,5,0.820083
21,8,5,0.820083
22,8,5,0.820083
23,8,5,0.820083
24,8,5,0.820083
25,8,5,0.820083
26,8,5,0.820083
27,8,5,0.762675
28,8,5,0.533959
29,8,5,0.367869
30,8,5,0.333905
31,8,5,0.491867
32,8,5,0.642469
33,8,5,0.474054
34,8,5,0.279182
35,8,5,0.247946
36,8,5,0.223922
37,8,5,0.182148
38,8,5,0.116925
39,8,5,0.078524
40,8,5,0.264380
41,8,5,0.645282
42,8,5,0.859516
43,8,5,0.965968
44,8,5,0.799718
45,8,5,0.500348
46,8,5,0.146053
47,8,5,0.010636
0,9,5,0.000000
1,9,5,0.000000
2,9,5,0.000000
3,9,5,0.000000
4,9,5,0.000000
5,9,5,0.000000
6,9,5,0.000000
7,9,5,0.000000
8,9,5,0.018306
9,9,5,0.232545
10,9,5,0.593344
11,9,5,0.804889
12,9,5,0.824368
13,9,5,0.829421
14,9,5,0.821991
15,9,5,0.820287
16,9,5,0.820088
17,9,5,0.820083
18,9,5,0.820083
19,9,5,0.820083
20,9,5,0.820083
21,9,5,0.820083
22,9,5,0.820083
23,9,5,0.820083
24,9,5,0.820083
25,9,5,0.820083
26,9,5,0.820083
27,9,5,0.791826
28,9,5,0.631367
29,9,5,0.443444
30,9,5,0.476802
31,9,5,0.666137
32,9,5,0.583370
33,9,5,0.324874
34,9,5,0.255365
35,9,5,0.245473
36,9,5,0.203731
37,9,5,0.155111
38,9,5,0.123654
39,9,5,0.106321
40,9,5,0.063808
41,9,5,0.158129
42,9,5,0.333632
43,9,5,0.746737
44,9,5,0.973879
45,9,5,0.859442
46,9,5,0.498634
47,9,5,0.242257
0,10,5,0.000000
1,10,5,0.000000
2,10,5,0.000000
3,10,5,0.000000
4,10,5,0.000000
5,10,5,0.000000
6,10,5,0.000000
7,10,5,0.000000
8,10,5,0.000000
9,10,5,0.023272
10,10,5,0.250456
11,10,5,0.615688
12,10,5,0.805614
13,10,5,0.820132
14,10,5,0.820259
15,10,5,0.820095
16,10,5,0.820084
17,10,5,0.820083
18,10,5,0.820083
19,10,5,0.820083
20,10,5,0.820083
21,10,5,0.820083
22,10,5,0.820083
23,10,5,0.820083
24,10,5,0.820083
25,10,5,0.818137
26,10,5,0.801953
27,10,5,0.772397
28,10,5,0.762746
29,10,5,0.703179
30,10,5,0.726175
31,10,5,0.666508
32,10,5,0.413336
33,10,5,0.272961
34,10,5,0.261584
35,10,5,0.237670
36,10,5,0.193337
37,10,5,0.157800
38,10,5,0.127193
39,10,5,0.101666
40,10,5,0.074568
41,10,5,0.052620
42,10,5,0.057541
43,10,5,0.278232
44,10,5,0.720288
45,10,5,0.888451
46,10,5,0.904329
47,10,5,0.839706
0,11,5,0.000000
1,11,5,0.000000
2,11,5,0.000000
3,11,5,0.000000
4,11,5,0.000000
5,11,5,0.000000
6,11,5,0.000000
7,11,5,0.000000
8,11,5,0.000000
9,11,5,0.000929
10,11,5,0.049696
11,11,5,0.340269
12,11,5,0.721249
13,11,5,0.820083
14,11,5,0.820084
15,11,5,0.820084
16,11,5,0.820083
17,11,5,0.820083
18,11,5,0.820083
19,11,5,0.820083
20,11,5,0.820083
21,11,5,0.820083
22,11,5,0.820083
23,11,5,0.820083
24,11,5,0.820083
25,11,5,0.806797
26,11,5,0.728359
27,11,5,0.648028
28,11,5,0.769165
29,11,5,0.809044
30,11,5,0.754215
31,11,5,0.501593
32,11,5,0.298142
33,11,5,0.282849
34,11,5,0.269182
35,11,5,0.240878
36,11,5,0.188957
37,11,5,0.161883
38,11,5,0.132289
39,11,5,0.092754
40,11,5,0.071570
41,11,5,0.057462
42,11,5,0.061086
43,11,5,0.052079
44,11,5,0.196347
45,11,5,0.484711
46,11,5,0.903991
47,11,5,1.000000
0,12,5,0.000000
1,12,5,0.000000
2,12,5,0.000000
3,12,5,0.000000
4,12,5,0.000000
5,12,5,0.000000
6,12,5,0.000000
7,12,5,0.000000
8,12,5,0.000000
9,12,5,0.000930
10,12,5,0.049706
11,12,5,0.340281
12,12,5,0.721253
13,12,5,0.820083
14,12,5,0.820084
15,12,5,0.820084
16,12,5,0.820083
17,12,5,0.820083
18,12,5,0.820083
19,12,5,0.820083
20,12,5,0.820083
21,12,5,0.820083
22,12,5,0.820083
23,12,5,0.820083
24,12,5,0.820083
25,12,5,0.806797
26,12,5,0.728345
27,12,5,0.647978
28,12,5,0.769048
29,12,5,0.808916
30,12,5,0.754235
31,12,5,0.501723
32,12,5,0.298163
33,12,5,0.283805
34,12,5,0.273978
35,12,5,0.247225
36,12,5,0.192342
37,12,5,0.166010
38,12,5,0.134675
39,12,5,0.093792
40,12,5,0.073614
41,12,5,0.060495
42,12,5,0.062776
43,12,5,0.052828
44,12,5,0.196526
45,12,5,0.484870
46,12,5,0.904049
47,12,5,1.000000
0,13,5,0.000000
1,13,5,0.000000
2,13,5,0.000000
3,13,5,0.000000
4,13,5,0.000000
5,13,5,0.000000
6,13,5,0.000000
7,13,5,0.000000
8,13,5,0.000000
9,13,5,0.023278
10,13,5,0.250474
11,13,5,0.615699
12,13,5,0.805615
13,13,5,0.820132
14,13,5,0.820259
15,13,5,0.820095
16,13,5,0.820084
17,13,5,0.820083
18,13,5,0.820083
19,13,5,0.820083
20,13,5,0.820083
21,13,5,0.820083
22,13,5,0.820083
23,13,5,0.820083
24,13,5,0.820083
25,13,5,0.818137
26,13,5,0.801950
27,13,5,0.772286
28,13,5,0.762313
29,13,5,0.702693
30,13,5,0.726059
31,13,5,0.666813
32,13,5,0.413943
33,13,5,0.276412
34,13,5,0.271811
35,13,5,0.248221
36,13,5,0.197878
37,13,5,0.163898
38,13,5,0.131309
39,13,5,0.104540
40,13,5,0.080686
41,13,5,0.060244
42,13,5,0.060399
43,13,5,0.278582
44,13,5,0.720318
45,13,5,0.888533
46,13,5,0.904414
47,13,5,0.839722
0,14,5,0.000000
1,14,5,0.000000
2,14,5,0.000000
3,14,5,0.000000
4,14,5,0.000000
5,14,5,0.000000
6,14,5,0.000000
7,14,5,0.000000
8,14,5,0.018306
9,14,5,0.232546
10,14,5,0.593350
11,14,5,0.804891
12,14,5,0.824370
13,14,5,0.829423
14,14,5,0.821991
15,14,5,0.820287
16,14,5,0.820088
17,14,5,0.820083
18,14,5,0.820083
19,14,5,0.820083
20,14,5,0.820083
21,14,5,0.820083
22,14,5,0.820083
23,14,5,0.820083
24,14,5,0.820083
25,14,5,0.820083
26,14,5,0.820083
27,14,5,0.791747
28,14,5,0.631027
29,14,5,0.443052
30,14,5,0.476447
31,14,5,0.666130
32,14,5,0.583942
33,14,5,0.326652
34,14,5,0.259008
35,14,5,0.246009
36,14,5,0.204289
37,14,5,0.159086
38,14,5,0.128583
39,14,5,0.108876
40,14,5,0.065961
41,14,5,0.160347
42,14,5,0.334759
43,14,5,0.747010
44,14,5,0.973890
45,14,5,0.859576
46,14,5,0.498863
47,14,5,0.242346
0,15,5,0.000000
1,15,5,0.000000
2,15,5,0.000000
3,15,5,0.000000
4,15,5,0.000000
5,15,5,0.000000
6,15,5,0.000000
7,15,5,0.018306
8,15,5,0.231694
9,15,5,0.593051
10,15,5,0.822346
11,15,5,0.855750
12,15,5,0.872357
13,15,5,0.879310
14,15,5,0.834142
15,15,5,0.820949
16,15,5,0.820083
17,15,5,0.820083
18,15,5,0.820083
19,15,5,0.820083
20,15,5,0.820083
21,15,5,0.820083
22,15,5,0.820083
23,15,5,0.820083
24,15,5,0.820083
25,15,5,0.820083
26,15,5,0.820083
27,15,5,0.762647
28,15,5,0.533841
29,15,5,0.367765
30,15,5,0.333588
31,15,5,0.491432
32,15,5,0.642445
33,15,5,0.474191
34,15,5,0.276541
35,15,5,0.239797
36,15,5,0.220232
37,15,5,0.183488
38,15,5,0.120436
39,15,5,0.080015
40,15,5,0.264543
41,15,5,0.645373
42,15,5,0.859788
43,15,5,0.966014
44,15,5,0.799777
45,15,5,0.500519
46,15,5,0.146187
47,15,5,0.010652
0,16,5,0.000000
1,16,5,0.000000
2,16,5,0.000000
3,16,5,0.000000
4,16,5,0.000000
5,16,5,0.000008
6,16,5,0.018353
7,16,5,0.234846
8,16,5,0.611355
9,16,5,0.865554
10,16,5,0.968050
11,16,5,0.982261
12,16,5,0.942704
13,16,5,0.859250
14,16,5,0.823297
15,16,5,0.820085
16,16,5,0.820083
17,16,5,0.820083
18,16,5,0.820083
19,16,5,0.820083
20,16,5,0.820083
21,16,5,0.820083
22,16,5,0.820083
23,16,5,0.820083
24,16,5,0.820083
25,16,5,0.820083
26,16,5,0.820083
27,16,5,0.759794
28,16,5,0.529875
29,16,5,0.368231
30,16,5,0.306434
31,16,5,0.323524
32,16,5,0.543090
33,16,5,0.610098
34,16,5,0.374349
35,16,5,0.251790
36,16,5,0.212708
37,16,5,0.163180
38,16,5,0.189411
39,16,5,0.323021
40,16,5,0.742306
41,16,5,0.969545
42,16,5,0.981694
43,16,5,0.731770
44,16,5,0.279038
45,16,5,0.086389
46,16,5,0.010500
47,16,5,0.000000
0,17,5,0.000000
1,17,5,0.000000
2,17,5,0.000000
3,17,5,0.000000
4,17,5,0.008823
5,17,5,0.069779
6,17,5,0.262108
7,17,5,0.643369
8,17,5,0.948226
9,17,5,0.986355
10,17,5,1.000000
11,17,5,0.964402
12,17,5,0.860382
13,17,5,0.823351
14,17,5,0.818746
15,17,5,0.803469
16,17,5,0.767385
17,17,5,0.811271
18,17,5,0.820083
19,17,5,0.820083
20,17,5,0.820083
21,17,5,0.820083
22,17,5,0.820083
23,17,5,0.820083
24,17,5,0.815500
25,17,5,0.780580
26,17,5,0.740929
27,17,5,0.781248
28,17,5,0.618432
29,17,5,0.346612
30,17,5,0.305481
31,17,5,0.284403
32,17,5,0.379814
33,17,5,0.589324
34,17,5,0.513749
35,17,5,0.281945
36,17,5,0.229940
37,17,5,0.312613
38,17,5,0.638299
39,17,5,0.853042
40,17,5,0.971280
41,17,5,0.892255
42,17,5,0.719484
43,17,5,0.268319
44,17,5,0.018382
45,17,5,0.000013
46,17,5,0.000000
47,17,5,0.000000
0,18,5,0.000000
1,18,5,0.000000
2,18,5,0.000000
3,18,5,0.018306
4,18,5,0.182770
5,18,5,0.440899
6,18,5,0.783168
7,18,5,0.966540
8,18,5,1.000000
9,18,5,1.000000
10,18,5,0.963479
11,18,5,0.848018
12,18,5,0.749436
13,18,5,0.688760
14,18,5,0.694165
15,18,5,0.728141
16,18,5,0.658205
17,18,5,0.768724
18,18,5,0.820083
19,18,5,0.820083
20,18,5,0.820083
21,18,5,0.820083
22,18,5,0.820083
23,18,5,0.810545
24,18,5,0.724383
25,18,5,0.563810
26,18,5,0.469899
27,18,5,0.697741
28,18,5,0.704757
29,18,5,0.409866
30,18,5,0.313568
31,18,5,0.319065
32,18,5,0.301914
33,18,5,0.443503
34,18,5,0.508860
35,18,5,0.406173
36,18,5,0.625470
37,18,5,0.841232
38,18,5,0.967828
39,18,5,0.981694
40,18,5,0.767255
41,18,5,0.393387
42,18,5,0.178866
43,18,5,0.018306
44,18,5,0.000000
45,18,5,0.000000
46,18,5,0.000000
47,18,5,0.000000
0,19,5,0.000000
1,19,5,0.018306
2,19,5,0.129090
3,19,5,0.274651
4,19,5,0.652492
5,19,5,0.896158
6,19,5,0.990518
7,19,5,0.988831
8,19,5,0.899553
9,19,5,0.827646
10,19,5,0.713462
11,19,5,0.623218
12,19,5,0.428049
13,19,5,0.326437
14,19,5,0.412314
15,19,5,0.703359
16,19,5,0.767389
17,19,5,0.811271
18,19,5,0.820083
19,19,5,0.820083
20,19,5,0.820083
21,19,5,0.809576
22,19,5,0.743783
23,19,5,0.652170
24,19,5,0.468928
25,19,5,0.359072
26,19,5,0.327726
27,19,5,0.572856
28,19,5,0.758804
29,19,5,0.623525
30,19,5,0.374600
31,19,5,0.321520
32,19,5,0.299727
33,19,5,0.410557
34,19,5,0.699879
35,19,5,0.855631
36,19,5,0.964380
37,19,5,0.981982
38,19,5,0.858374
39,19,5,0.713676
40,19,5,0.274401
41,19,5,0.053866
42,19,5,0.006096
43,19,5,0.000000
44,19,5,0.000000
45,19,5,0.000000
46,19,5,0.000000
47,19,5,0.000000
0,20,5,0.170930
1,20,5,0.272396
2,20,5,0.630531
3,20,5,0.842479
4,20,5,0.969732
5,20,5,1.000000
6,20,5,1.000000
7,20,5,0.917785
8,20,5,0.580362
9,20,5,0.367289
10,20,5,0.305344
11,20,5,0.295744
12,20,5,0.333291
13,20,5,0.580134
14,20,5,0.713519
15,20,5,0.821220
16,20,5,0.838409
17,20,5,0.823758
18,20,5,0.820094
19,20,5,0.807326
20,20,5,0.727621
21,20,5,0.622370
22,20,5,0.409458
23,20,5,0.287985
24,20,5,0.306398
25,20,5,0.423163
26,20,5,0.485556
27,20,5,0.570008
28,20,5,0.760685
29,20,5,0.742231
30,20,5,0.509001
31,20,5,0.501196
32,20,5,0.679781
33,20,5,0.855202
34,20,5,0.965706
35,20,5,0.985288
36,20,5,0.877892
37,20,5,0.718663
38,20,5,0.291660
39,20,5,0.144986
40,20,5,0.018306
41,20,5,0.000000
42,20,5,0.000000
43,20,5,0.000000
44,20,5,0.000000
45,20,5,0.000000
46,20,5,0.000000
47,20,5,0.000000
0,21,5,0.829070
1,21,5,0.856694
2,21,5,0.967478
3,21,5,1.000000
4,21,5,1.000000
5,21,5,1.000000
6,21,5,1.000000
7,21,5,0.988831
8,21,5,0.899553
9,21,5,0.845952
10,21,5,0.838462
11,21,5,0.838394
12,21,5,0.855567
13,21,5,0.956637
14,21,5,0.980535
15,21,5,0.981695
16,21,5,0.967061
17,21,5,0.878091
18,21,5,0.842120
19,21,5,0.764049
20,21,5,0.509777
21,21,5,0.331015
22,21,5,0.250565
23,21,5,0.299057
24,21,5,0.409054
25,21,5,0.516608
26,21,5,0.705513
27,21,5,0.777573
28,21,5,0.830409
29,21,5,0.841873
30,21,5,0.856991
31,21,5,0.888416
32,21,5,0.953991
33,21,5,0.899955
34,21,5,0.842672
35,21,5,0.734586
36,21,5,0.350908
37,21,5,0.164791
38,21,5,0.019986
39,21,5,0.000288
40,21,5,0.000000
41,21,5,0.000000
42,21,5,0.000000
43,21,5,0.000000
44,21,5,0.000000
45,21,5,0.000000
46,21,5,0.000000
47,21,5,0.000000
0,22,5,1.000000
1,22,5,1.000000
2,22,5,1.000000
3,22,5,1.000000
4,22,5,1.000000
5,22,5,1.000000
6,22,5,1.000000
7,22,5,1.000000
8,22,5,1.000000
9,22,5,1.000000
10,22,5,1.000000
11,22,5,1.000000
12,22,5,1.000000
13,22,5,1.000000
14,22,5,1.000000
15,22,5,1.000000
16,22,5,1.000000
17,22,5,0.985363
18,22,5,0.981705
19,22,5,0.968938
20,22,5,0.889233
21,22,5,0.845218
22,22,5,0.842572
23,22,5,0.865502
24,22,5,0.898408
25,22,5,0.900278
26,22,5,0.969367
27,22,5,0.981694
28,22,5,0.981695
29,22,5,0.966647
30,22,5,0.886296
31,22,5,0.839601
32,22,5,0.756217
33,22,5,0.468173
34,22,5,0.204886
35,22,5,0.146903
36,22,5,0.039503
37,22,5,0.003594
38,22,5,0.000000
39,22,5,0.000000
40,22,5,0.000000
41,22,5,0.000000
42,22,5,0.000000
43,22,5,0.000000
44,22,5,0.000000
45,22,5,0.000000
46,22,5,0.000000
47,22,5,0.000000
0,23,5,1.000000
1,23,5,1.000000
2,23,5,1.000000
3,23,5,1.000000
4,23,5,1.000000
5,23,5,1.000000
6,23,5,1.000000
7,23,5,1.000000
8,23,5,1.000000
9,23,5,1.000000
10,23,5,1.000000
11,23,5,1.000000
12,23,5,1.000000
13,23,5,1.000000
14,23,5,1.000000
15,23,5,1.000000
16,23,5,1.000000
17,23,5,1.000000
18,23,5,1.000000
19,23,5,1.000000
20,23,5,1.000000
21,23,5,1.000000
22,23,5,1.000000
23,23,5,1.000000
24,23,5,1.000000
25,23,5,1.000000
26,23,5,1.000000
27,23,5,1.000000
28,23,5,1.000000
29,23,5,0.900228
30,23,5,0.554251
31,23,5,0.255251
32,23,5,0.178699
33,23,5,0.073434
34,23,5,0.005110
35,23,5,0.000000
36,23,5,0.000000
37,23,5,0.000000
38,23,5,0.000000
39,23,5,0.000000
40,23,5,0.000000
41,23,5,0.000000
42,23,5,0.000000
43,23,5,0.000000
44,23,5,0.000000
45,23,5,0.000000
46,23,5,0.000000
47,23,5,0.000000
