config,e,rho
plain,0,1.000000000
plain,1,1.000000000
plain,2,1.000000000
plain,3,1.000000000
plain,4,1.000000000
plain,5,1.000000000
plain,6,1.000000000
plain,7,1.000000000
plain,8,1.000000000
plain,9,1.000000000
plain,10,1.000000000
plain,11,1.000000000
plain,12,1.000000000
plain,13,1.000000000
plain,14,1.000000000
plain,15,1.000000000
plain,16,1.000000000
plain,17,1.000000000
plain,18,1.000000000
plain,19,1.000000000
plain,20,1.000000000
plain,21,1.000000000
plain,22,1.000000000
plain,23,1.000000000
plain,24,1.000000000
plain,25,1.000000000
plain,26,1.000000000
plain,27,1.000000000
plain,28,1.000000000
plain,29,1.000000000
plain,30,1.000000000
plain,31,0.983540675
plain,32,0.789107069
plain,33,0.427804814
plain,34,0.226899296
plain,35,0.149176678
plain,36,0.021834550
plain,37,0.000000001
plain,48,1.000000000
plain,49,1.000000000
plain,50,1.000000000
plain,51,1.000000000
plain,52,1.000000000
plain,53,1.000000000
plain,54,1.000000000
plain,55,1.000000000
plain,56,1.000000000
plain,57,1.000000000
plain,58,1.000000000
plain,59,1.000000000
plain,60,1.000000000
plain,61,1.000000000
plain,62,1.000000000
plain,63,1.000000000
plain,64,1.000000000
plain,65,1.000000000
plain,66,1.000000000
plain,67,0.985092695
plain,68,0.988275827
plain,69,0.982798059
plain,70,0.981913467
plain,71,0.981923369
plain,72,0.982720582
plain,73,0.988386579
plain,74,0.987353588
plain,75,0.987610909
plain,76,0.987980027
plain,77,1.000000000
plain,78,1.000000000
plain,79,1.000000000
plain,80,0.972804953
plain,81,0.885312247
plain,82,0.825060594
plain,83,0.607090442
plain,84,0.268373832
plain,85,0.132669993
plain,86,0.018305842
plain,87,0.000000003
plain,96,0.829069874
plain,97,0.856694174
plain,98,0.971028049
plain,99,1.000000000
plain,100,1.000000000
plain,101,1.000000000
plain,102,1.000000000
plain,103,1.000000000
plain,104,1.000000000
plain,105,1.000000000
plain,106,0.987910399
plain,107,0.981694176
plain,108,0.981694174
plain,109,0.981694174
plain,110,0.981694178
plain,111,0.981694226
plain,112,0.981696625
plain,113,0.981694820
plain,114,0.966786923
plain,115,0.883083898
plain,116,0.881251450
plain,117,0.851623212
plain,118,0.840999563
plain,119,0.840969898
plain,120,0.851292294
plain,121,0.884080367
plain,122,0.883982974
plain,123,0.884818876
plain,124,0.899247548
plain,125,0.969674202
plain,126,0.981694273
plain,127,0.981719017
plain,128,0.989288258
plain,129,1.000000000
plain,130,1.000000000
plain,131,0.963456337
plain,132,0.846058338
plain,133,0.651398137
plain,134,0.275975859
plain,135,0.125020179
plain,136,0.018305826
plain,144,0.170930126
plain,145,0.275945528
plain,146,0.651221630
plain,147,0.846028123
plain,148,0.967980531
plain,149,1.000000000
plain,150,1.000000000
plain,151,1.000000000
plain,152,1.000000000
plain,153,0.987910399
plain,154,0.911230818
plain,155,0.862910414
plain,156,0.838395782
plain,157,0.838388355
plain,158,0.838388425
plain,159,0.838391106
plain,160,0.838403331
plain,161,0.838394617
plain,162,0.838389346
plain,163,0.823481320
plain,164,0.826664258
plain,165,0.821186422
plain,166,0.820301817
plain,167,0.820311718
plain,168,0.821108930
plain,169,0.826774927
plain,170,0.825741936
plain,171,0.825999257
plain,172,0.826368376
plain,173,0.838388449
plain,174,0.838413767
plain,175,0.846127330
plain,176,0.900980584
plain,177,0.970982432
plain,178,0.982308957
plain,179,1.000000000
plain,180,1.000000000
plain,181,0.971058335
plain,182,0.838408526
plain,183,0.606811694
plain,184,0.250020910
plain,185,0.018310181
plain,186,0.000000747
plain,193,0.018305826
plain,194,0.132639775
plain,195,0.272898218
plain,196,0.643350814
plain,197,0.900632016
plain,198,0.991585607
plain,199,1.000000000
plain,200,1.000000000
plain,201,1.000000000
plain,202,0.987910399
plain,203,0.963395781
plain,204,0.856737482
plain,205,0.820394623
plain,206,0.820082526
plain,207,0.820082573
plain,208,0.820084972
plain,209,0.820083167
plain,210,0.820082576
plain,211,0.820082558
plain,212,0.820082529
plain,213,0.820082523
plain,214,0.820082522
plain,215,0.820082522
plain,216,0.820082522
plain,217,0.820082522
plain,218,0.820082522
plain,219,0.820082522
plain,220,0.820082522
plain,221,0.820082522
plain,222,0.820082620
plain,223,0.820107365
plain,224,0.827676606
plain,225,0.839003133
plain,226,0.860277395
plain,227,0.964003131
plain,228,0.984052289
plain,229,1.000000000
plain,230,1.000000000
plain,231,0.963408510
plain,232,0.731698529
plain,233,0.278971068
plain,234,0.080400705
plain,235,0.010652177
plain,242,0.000000013
plain,243,0.018305900
plain,244,0.187243681
plain,245,0.459566146
plain,246,0.789345672
plain,247,0.965291109
plain,248,1.000000000
plain,249,1.000000000
plain,250,1.000000000
plain,251,1.000000000
plain,252,0.963700449
plain,253,0.858469926
plain,254,0.823383248
plain,255,0.820082525
plain,256,0.820082521
plain,257,0.820082521
plain,258,0.820082521
plain,259,0.820082521
plain,260,0.820082521
plain,261,0.820082521
plain,262,0.820082521
plain,263,0.820082521
plain,264,0.820082521
plain,265,0.820082521
plain,266,0.820082521
plain,267,0.820082521
plain,268,0.820082521
plain,269,0.820082521
plain,270,0.812733756
plain,271,0.773305321
plain,272,0.787717760
plain,273,0.804362599
plain,274,0.818677126
plain,275,0.840746463
plain,276,0.870438276
plain,277,0.965746468
plain,278,1.000000000
plain,279,1.000000000
plain,280,0.981694921
plain,281,0.793789053
plain,282,0.472898355
plain,283,0.194256002
plain,284,0.018305826
plain,292,0.009891433
plain,293,0.075957325
plain,294,0.261794198
plain,295,0.636090105
plain,296,0.946985653
plain,297,1.000000000
plain,298,1.000000000
plain,299,1.000000000
plain,300,1.000000000
plain,301,0.966689073
plain,302,0.874156462
plain,303,0.830264764
plain,304,0.820082645
plain,305,0.820082522
plain,306,0.820082522
plain,307,0.820082521
plain,308,0.820082521
plain,309,0.820082521
plain,310,0.820082521
plain,311,0.820082521
plain,312,0.820082521
plain,313,0.820082521
plain,314,0.820082521
plain,315,0.820082521
plain,316,0.820082521
plain,317,0.820082521
plain,318,0.775831712
plain,319,0.653729177
plain,320,0.651097252
plain,321,0.711472152
plain,322,0.724179876
plain,323,0.735401895
plain,324,0.809854205
plain,325,0.856694208
plain,326,0.963388354
plain,327,0.982908882
plain,328,1.000000000
plain,329,0.992346351
plain,330,0.907644349
plain,331,0.659109814
plain,332,0.257165477
plain,333,0.018305826
plain,341,0.000000000
plain,342,0.018305827
plain,343,0.233597306
plain,344,0.606734580
plain,345,0.838611622
plain,346,0.981732418
plain,347,1.000000000
plain,348,1.000000000
plain,349,1.000000000
plain,350,0.973570572
plain,351,0.898578368
plain,352,0.845575221
plain,353,0.820103227
plain,354,0.820082663
plain,355,0.820082539
plain,356,0.820082523
plain,357,0.820082522
plain,358,0.820082521
plain,359,0.820082521
plain,360,0.820082521
plain,361,0.820082521
plain,362,0.820082521
plain,363,0.820082521
plain,364,0.820082521
plain,365,0.820082521
plain,366,0.804462822
plain,367,0.708567874
plain,368,0.614637861
plain,369,0.540448170
plain,370,0.432690733
plain,371,0.500849894
plain,372,0.739436284
plain,373,0.784427190
plain,374,0.735104283
plain,375,0.750846805
plain,376,0.947701862
plain,377,1.000000000
plain,378,1.000000000
plain,379,0.970553825
plain,380,0.731694174
plain,381,0.268305826
plain,382,0.018305826
plain,391,0.018305826
plain,392,0.125223275
plain,393,0.287295685
plain,394,0.732006379
plain,395,0.964351250
plain,396,1.000000000
plain,397,1.000000000
plain,398,1.000000000
plain,399,0.988880344
plain,400,0.963409051
plain,401,0.856814283
plain,402,0.821431847
plain,403,0.820102553
plain,404,0.820084796
plain,405,0.820082539
plain,406,0.820082522
plain,407,0.820082521
plain,408,0.820082521
plain,409,0.820082521
plain,410,0.820082521
plain,411,0.820082521
plain,412,0.820082521
plain,413,0.820082521
plain,414,0.818663453
plain,415,0.796434806
plain,416,0.690362532
plain,417,0.487554824
plain,418,0.422831723
plain,419,0.597711982
plain,420,0.750672804
plain,421,0.580231481
plain,422,0.356462245
plain,423,0.354536436
plain,424,0.625674154
plain,425,0.839235411
plain,426,0.973736436
plain,427,1.000000000
plain,428,0.981694174
plain,429,0.731694174
plain,430,0.268305837
plain,431,0.021834620
plain,440,0.000038244
plain,441,0.018618031
plain,442,0.267859632
plain,443,0.727398497
plain,444,0.962636012
plain,445,0.981833521
plain,446,0.989481576
plain,447,1.000000000
plain,448,1.000000000
plain,449,0.964736832
plain,450,0.864453681
plain,451,0.825434565
plain,452,0.820287567
plain,453,0.820085406
plain,454,0.820082537
plain,455,0.820082522
plain,456,0.820082521
plain,457,0.820082521
plain,458,0.820082521
plain,459,0.820082521
plain,460,0.820082521
plain,461,0.820082521
plain,462,0.820082521
plain,463,0.818575183
plain,464,0.750143851
plain,465,0.574418351
plain,466,0.610621861
plain,467,0.749918965
plain,468,0.651727258
plain,469,0.378580406
plain,470,0.280342487
plain,471,0.273010245
plain,472,0.237100639
plain,473,0.294990655
plain,474,0.685924523
plain,475,0.955396277
plain,476,1.000000000
plain,477,0.981694174
plain,478,0.731694239
plain,479,0.320025942
plain,489,0.000015322
plain,490,0.115181420
plain,491,0.541321788
plain,492,0.810314034
plain,493,0.846987935
plain,494,0.902223906
plain,495,0.976698106
plain,496,1.000000000
plain,497,1.000000000
plain,498,0.968622793
plain,499,0.879655110
plain,500,0.827291738
plain,501,0.820258940
plain,502,0.820083070
plain,503,0.820082522
plain,504,0.820082521
plain,505,0.820082521
plain,506,0.820082521
plain,507,0.820082521
plain,508,0.820082521
plain,509,0.820082521
plain,510,0.820082521
plain,511,0.820082521
plain,512,0.811030351
plain,513,0.763031791
plain,514,0.778311172
plain,515,0.691971516
plain,516,0.444329189
plain,517,0.293133090
plain,518,0.294322054
plain,519,0.305493091
plain,520,0.235371973
plain,521,0.127165028
plain,522,0.258811521
plain,523,0.610686083
plain,524,0.853431511
plain,525,0.984245444
plain,526,0.981694185
plain,527,0.850904494
plain,538,0.016605902
plain,539,0.240092119
plain,540,0.693382606
plain,541,0.820223950
plain,542,0.833406483
plain,543,0.894405254
plain,544,0.987216531
plain,545,1.000000000
plain,546,1.000000000
plain,547,0.969591458
plain,548,0.854243500
plain,549,0.822386976
plain,550,0.820083598
plain,551,0.820082522
plain,552,0.820082521
plain,553,0.820082521
plain,554,0.820082521
plain,555,0.820082521
plain,556,0.820082521
plain,557,0.820082521
plain,558,0.820082521
plain,559,0.820082521
plain,560,0.820082521
plain,561,0.820082521
plain,562,0.767432040
plain,563,0.545321468
plain,564,0.335381292
plain,565,0.331578994
plain,566,0.306920992
plain,567,0.261966769
plain,568,0.240424368
plain,569,0.205972686
plain,570,0.094750983
plain,571,0.151504296
plain,572,0.365316564
plain,573,0.874116882
plain,574,1.000000000
plain,575,1.000000000
plain,586,0.016605899
plain,587,0.240092098
plain,588,0.693382602
plain,589,0.820223950
plain,590,0.833406446
plain,591,0.894405201
plain,592,0.987216520
plain,593,1.000000000
plain,594,1.000000000
plain,595,0.969591462
plain,596,0.854243504
plain,597,0.822386977
plain,598,0.820083598
plain,599,0.820082522
plain,600,0.820082521
plain,601,0.820082521
plain,602,0.820082521
plain,603,0.820082521
plain,604,0.820082521
plain,605,0.820082521
plain,606,0.820082521
plain,607,0.820082521
plain,608,0.820082521
plain,609,0.820082521
plain,610,0.767432048
plain,611,0.545321472
plain,612,0.335381255
plain,613,0.331579022
plain,614,0.306921150
plain,615,0.261966932
plain,616,0.240424427
plain,617,0.205972493
plain,618,0.094751084
plain,619,0.151504317
plain,620,0.365316568
plain,621,0.874116884
plain,622,1.000000000
plain,623,1.000000000
plain,633,0.000015322
plain,634,0.115181400
plain,635,0.541321723
plain,636,0.810314013
plain,637,0.846987907
plain,638,0.902223750
plain,639,0.976698069
plain,640,1.000000000
plain,641,1.000000000
plain,642,0.968622798
plain,643,0.879655128
plain,644,0.827291743
plain,645,0.820258940
plain,646,0.820083070
plain,647,0.820082522
plain,648,0.820082521
plain,649,0.820082521
plain,650,0.820082521
plain,651,0.820082521
plain,652,0.820082521
plain,653,0.820082521
plain,654,0.820082521
plain,655,0.820082521
plain,656,0.811030348
plain,657,0.763031773
plain,658,0.778311167
plain,659,0.691971506
plain,660,0.444329136
plain,661,0.293133147
plain,662,0.294322358
plain,663,0.305493470
plain,664,0.235372174
plain,665,0.127164591
plain,666,0.258811337
plain,667,0.610686083
plain,668,0.853431513
plain,669,0.984245445
plain,670,0.981694185
plain,671,0.850904494
plain,680,0.000038244
plain,681,0.018618032
plain,682,0.267859625
plain,683,0.727398460
plain,684,0.962636006
plain,685,0.981833521
plain,686,0.989481549
plain,687,1.000000000
plain,688,1.000000000
plain,689,0.964736834
plain,690,0.864453690
plain,691,0.825434570
plain,692,0.820287567
plain,693,0.820085406
plain,694,0.820082537
plain,695,0.820082522
plain,696,0.820082521
plain,697,0.820082521
plain,698,0.820082521
plain,699,0.820082521
plain,700,0.820082521
plain,701,0.820082521
plain,702,0.820082521
plain,703,0.818575185
plain,704,0.750143850
plain,705,0.574418301
plain,706,0.610621825
plain,707,0.749918968
plain,708,0.651727287
plain,709,0.378580522
plain,710,0.280342690
plain,711,0.273010309
plain,712,0.237100716
plain,713,0.294990463
plain,714,0.685923741
plain,715,0.955396141
plain,716,1.000000000
plain,717,0.981694174
plain,718,0.731694239
plain,719,0.320025942
plain,727,0.018305826
plain,728,0.125223275
plain,729,0.287295686
plain,730,0.732006379
plain,731,0.964351247
plain,732,1.000000000
plain,733,1.000000000
plain,734,1.000000000
plain,735,0.988880345
plain,736,0.963409051
plain,737,0.856814283
plain,738,0.821431849
plain,739,0.820102553
plain,740,0.820084796
plain,741,0.820082539
plain,742,0.820082522
plain,743,0.820082521
plain,744,0.820082521
plain,745,0.820082521
plain,746,0.820082521
plain,747,0.820082521
plain,748,0.820082521
plain,749,0.820082521
plain,750,0.818663452
plain,751,0.796434814
plain,752,0.690362588
plain,753,0.487554840
plain,754,0.422831711
plain,755,0.597711989
plain,756,0.750672838
plain,757,0.580231559
plain,758,0.356462290
plain,759,0.354536340
plain,760,0.625674122
plain,761,0.839235413
plain,762,0.973736301
plain,763,1.000000000
plain,764,0.981694174
plain,765,0.731694174
plain,766,0.268305837
plain,767,0.021834620
plain,773,0.000000000
plain,774,0.018305827
plain,775,0.233597312
plain,776,0.606734580
plain,777,0.838611622
plain,778,0.981732418
plain,779,1.000000000
plain,780,1.000000000
plain,781,1.000000000
plain,782,0.973570574
plain,783,0.898578372
plain,784,0.845575222
plain,785,0.820103227
plain,786,0.820082663
plain,787,0.820082539
plain,788,0.820082523
plain,789,0.820082522
plain,790,0.820082521
plain,791,0.820082521
plain,792,0.820082521
plain,793,0.820082521
plain,794,0.820082521
plain,795,0.820082521
plain,796,0.820082521
plain,797,0.820082521
plain,798,0.804462818
plain,799,0.708567888
plain,800,0.614637937
plain,801,0.540448266
plain,802,0.432690791
plain,803,0.500849945
plain,804,0.739436301
plain,805,0.784427209
plain,806,0.735104277
plain,807,0.750846747
plain,808,0.947701852
plain,809,1.000000000
plain,810,1.000000000
plain,811,0.970553833
plain,812,0.731694174
plain,813,0.268305826
plain,814,0.018305826
plain,820,0.009891454
plain,821,0.075957445
plain,822,0.261794224
plain,823,0.636090140
plain,824,0.946985659
plain,825,1.000000000
plain,826,1.000000000
plain,827,1.000000000
plain,828,1.000000000
plain,829,0.966689074
plain,830,0.874156468
plain,831,0.830264765
plain,832,0.820082645
plain,833,0.820082522
plain,834,0.820082522
plain,835,0.820082521
plain,836,0.820082521
plain,837,0.820082521
plain,838,0.820082521
plain,839,0.820082521
plain,840,0.820082521
plain,841,0.820082521
plain,842,0.820082521
plain,843,0.820082521
plain,844,0.820082521
plain,845,0.820082521
plain,846,0.775831735
plain,847,0.653729271
plain,848,0.651097408
plain,849,0.711472313
plain,850,0.724179933
plain,851,0.735401911
plain,852,0.809854200
plain,853,0.856694208
plain,854,0.963388354
plain,855,0.982908876
plain,856,1.000000000
plain,857,0.992346414
plain,858,0.907644721
plain,859,0.659109923
plain,860,0.257165485
plain,861,0.018305826
plain,866,0.000000013
plain,867,0.018305900
plain,868,0.187243799
plain,869,0.459566508
plain,870,0.789345793
plain,871,0.965291115
plain,872,1.000000000
plain,873,1.000000000
plain,874,1.000000000
plain,875,1.000000000
plain,876,0.963700449
plain,877,0.858469928
plain,878,0.823383250
plain,879,0.820082525
plain,880,0.820082521
plain,881,0.820082521
plain,882,0.820082521
plain,883,0.820082521
plain,884,0.820082521
plain,885,0.820082521
plain,886,0.820082521
plain,887,0.820082521
plain,888,0.820082521
plain,889,0.820082521
plain,890,0.820082521
plain,891,0.820082521
plain,892,0.820082521
plain,893,0.820082521
plain,894,0.812733761
plain,895,0.773305351
plain,896,0.787717799
plain,897,0.804362644
plain,898,0.818677130
plain,899,0.840746455
plain,900,0.870438231
plain,901,0.965746461
plain,902,1.000000000
plain,903,1.000000000
plain,904,0.981694921
plain,905,0.793789417
plain,906,0.472899445
plain,907,0.194256373
plain,908,0.018305826
plain,913,0.018305826
plain,914,0.132639771
plain,915,0.272898216
plain,916,0.643350821
plain,917,0.900632134
plain,918,0.991585627
plain,919,1.000000000
plain,920,1.000000000
plain,921,1.000000000
plain,922,0.987910469
plain,923,0.963395781
plain,924,0.856737482
plain,925,0.820394624
plain,926,0.820082526
plain,927,0.820082573
plain,928,0.820084972
plain,929,0.820083167
plain,930,0.820082576
plain,931,0.820082558
plain,932,0.820082529
plain,933,0.820082523
plain,934,0.820082522
plain,935,0.820082522
plain,936,0.820082522
plain,937,0.820082522
plain,938,0.820082522
plain,939,0.820082522
plain,940,0.820082522
plain,941,0.820082522
plain,942,0.820082620
plain,943,0.820107365
plain,944,0.827676597
plain,945,0.839003129
plain,946,0.860277374
plain,947,0.964003128
plain,948,0.984052281
plain,949,1.000000000
plain,950,1.000000000
plain,951,0.963408510
plain,952,0.731698529
plain,953,0.278971131
plain,954,0.080401069
plain,955,0.010652240
plain,960,0.170930126
plain,961,0.275945524
plain,962,0.651221606
plain,963,0.846028119
plain,964,0.967980529
plain,965,1.000000000
plain,966,1.000000000
plain,967,1.000000000
plain,968,1.000000000
plain,969,0.987910469
plain,970,0.911231225
plain,971,0.862910484
plain,972,0.838395782
plain,973,0.838388355
plain,974,0.838388425
plain,975,0.838391106
plain,976,0.838403331
plain,977,0.838394617
plain,978,0.838389346
plain,979,0.823481317
plain,980,0.826664257
plain,981,0.821186422
plain,982,0.820301817
plain,983,0.820311718
plain,984,0.821108930
plain,985,0.826774926
plain,986,0.825741933
plain,987,0.825999252
plain,988,0.826368361
plain,989,0.838388449
plain,990,0.838413767
plain,991,0.846127321
plain,992,0.900980530
plain,993,0.970982423
plain,994,0.982308954
plain,995,1.000000000
plain,996,1.000000000
plain,997,0.971058354
plain,998,0.838408526
plain,999,0.606811694
plain,1000,0.250020910
plain,1001,0.018310181
plain,1002,0.000000747
plain,1008,0.829069874
plain,1009,0.856694174
plain,1010,0.971028045
plain,1011,1.000000000
plain,1012,1.000000000
plain,1013,1.000000000
plain,1014,1.000000000
plain,1015,1.000000000
plain,1016,1.000000000
plain,1017,1.000000000
plain,1018,0.987910469
plain,1019,0.981694176
plain,1020,0.981694174
plain,1021,0.981694174
plain,1022,0.981694178
plain,1023,0.981694226
plain,1024,0.981696625
plain,1025,0.981694820
plain,1026,0.966786920
plain,1027,0.883083880
plain,1028,0.881251437
plain,1029,0.851623209
plain,1030,0.840999563
plain,1031,0.840969898
plain,1032,0.851292292
plain,1033,0.884080356
plain,1034,0.883982948
plain,1035,0.884818826
plain,1036,0.899247457
plain,1037,0.969674187
plain,1038,0.981694273
plain,1039,0.981719018
plain,1040,0.989288249
plain,1041,1.000000000
plain,1042,1.000000000
plain,1043,0.963456337
plain,1044,0.846058357
plain,1045,0.651398247
plain,1046,0.275975877
plain,1047,0.125020179
plain,1048,0.018305826
plain,1056,1.000000000
plain,1057,1.000000000
plain,1058,1.000000000
plain,1059,1.000000000
plain,1060,1.000000000
plain,1061,1.000000000
plain,1062,1.000000000
plain,1063,1.000000000
plain,1064,1.000000000
plain,1065,1.000000000
plain,1066,1.000000000
plain,1067,1.000000000
plain,1068,1.000000000
plain,1069,1.000000000
plain,1070,1.000000000
plain,1071,1.000000000
plain,1072,1.000000000
plain,1073,1.000000000
plain,1074,1.000000000
plain,1075,0.985092692
plain,1076,0.988275826
plain,1077,0.982798059
plain,1078,0.981913467
plain,1079,0.981923369
plain,1080,0.982720582
plain,1081,0.988386578
plain,1082,0.987353585
plain,1083,0.987610904
plain,1084,0.987980013
plain,1085,1.000000000
plain,1086,1.000000000
plain,1087,1.000000000
plain,1088,0.972804966
plain,1089,0.885312277
plain,1090,0.825060600
plain,1091,0.607090444
plain,1092,0.268373833
plain,1093,0.132670012
plain,1094,0.018305842
plain,1095,0.000000003
plain,1104,1.000000000
plain,1105,1.000000000
plain,1106,1.000000000
plain,1107,1.000000000
plain,1108,1.000000000
plain,1109,1.000000000
plain,1110,1.000000000
plain,1111,1.000000000
plain,1112,1.000000000
plain,1113,1.000000000
plain,1114,1.000000000
plain,1115,1.000000000
plain,1116,1.000000000
plain,1117,1.000000000
plain,1118,1.000000000
plain,1119,1.000000000
plain,1120,1.000000000
plain,1121,1.000000000
plain,1122,1.000000000
plain,1123,1.000000000
plain,1124,1.000000000
plain,1125,1.000000000
plain,1126,1.000000000
plain,1127,1.000000000
plain,1128,1.000000000
plain,1129,1.000000000
plain,1130,1.000000000
plain,1131,1.000000000
plain,1132,1.000000000
plain,1133,1.000000000
plain,1134,1.000000000
plain,1135,0.983540685
plain,1136,0.789107161
plain,1137,0.427804931
plain,1138,0.226899332
plain,1139,0.149176679
plain,1140,0.021834550
plain,1141,0.000000001
plain,1152,1.000000000
plain,1153,1.000000000
plain,1154,1.000000000
plain,1155,1.000000000
plain,1156,1.000000000
plain,1157,1.000000000
plain,1158,1.000000000
plain,1159,1.000000000
plain,1160,1.000000000
plain,1161,1.000000000
plain,1162,1.000000000
plain,1163,1.000000000
plain,1164,1.000000000
plain,1165,1.000000000
plain,1166,1.000000000
plain,1167,1.000000000
plain,1168,1.000000000
plain,1169,1.000000000
plain,1170,1.000000000
plain,1171,1.000000000
plain,1172,1.000000000
plain,1173,1.000000000
plain,1174,1.000000000
plain,1175,1.000000000
plain,1176,1.000000000
plain,1177,1.000000000
plain,1178,1.000000000
plain,1179,1.000000000
plain,1180,1.000000000
plain,1181,1.000000000
plain,1182,0.990082714
plain,1183,0.843463745
plain,1184,0.503708067
plain,1185,0.253107330
plain,1186,0.148293637
plain,1187,0.037007914
plain,1188,0.000067989
plain,1200,1.000000000
plain,1201,1.000000000
plain,1202,1.000000000
plain,1203,1.000000000
plain,1204,1.000000000
plain,1205,1.000000000
plain,1206,1.000000000
plain,1207,1.000000000
plain,1208,1.000000000
plain,1209,1.000000000
plain,1210,1.000000000
plain,1211,1.000000000
plain,1212,1.000000000
plain,1213,1.000000000
plain,1214,1.000000000
plain,1215,1.000000000
plain,1216,0.987828424
plain,1217,0.984485792
plain,1218,0.971851310
plain,1219,0.900911597
plain,1220,0.899358590
plain,1221,0.874248164
plain,1222,0.865244443
plain,1223,0.865219302
plain,1224,0.873967706
plain,1225,0.901756152
plain,1226,0.901673610
plain,1227,0.902382052
plain,1228,0.914610595
plain,1229,0.974298373
plain,1230,0.984485605
plain,1231,0.967613419
plain,1232,0.899318986
plain,1233,0.839991385
plain,1234,0.651536067
plain,1235,0.349863593
plain,1236,0.147697203
plain,1237,0.068916344
plain,1238,0.006500444
plain,1248,0.838388348
plain,1249,0.853991673
plain,1250,0.916288288
plain,1251,0.990960279
plain,1252,1.000000000
plain,1253,1.000000000
plain,1254,1.000000000
plain,1255,1.000000000
plain,1256,0.985426302
plain,1257,0.974239362
plain,1258,0.909252122
plain,1259,0.868299762
plain,1260,0.863031397
plain,1261,0.863031400
plain,1262,0.863031459
plain,1263,0.850862155
plain,1264,0.776588738
plain,1265,0.744927204
plain,1266,0.667940949
plain,1267,0.462751321
plain,1268,0.409226268
plain,1269,0.339404851
plain,1270,0.299286439
plain,1271,0.299001553
plain,1272,0.338852692
plain,1273,0.421652836
plain,1274,0.435604230
plain,1275,0.436138160
plain,1276,0.502254178
plain,1277,0.682202528
plain,1278,0.744827552
plain,1279,0.780977994
plain,1280,0.895121923
plain,1281,0.973919399
plain,1282,0.955018010
plain,1283,0.858074668
plain,1284,0.711783194
plain,1285,0.466402193
plain,1286,0.178439403
plain,1287,0.031128594
plain,1288,0.000017088
plain,1296,0.161611652
plain,1297,0.205739997
plain,1298,0.477602633
plain,1299,0.783211635
plain,1300,0.901229793
plain,1301,0.978861413
plain,1302,1.000000000
plain,1303,0.985426302
plain,1304,0.899543764
plain,1305,0.804265985
plain,1306,0.593449631
plain,1307,0.426103886
plain,1308,0.305002928
plain,1309,0.289458036
plain,1310,0.289452031
plain,1311,0.289464607
plain,1312,0.277319901
plain,1313,0.273959448
plain,1314,0.261307195
plain,1315,0.190364159
plain,1316,0.188810603
plain,1317,0.163699930
plain,1318,0.154696162
plain,1319,0.154671013
plain,1320,0.163419417
plain,1321,0.191207862
plain,1322,0.191125320
plain,1323,0.191833762
plain,1324,0.204062307
plain,1325,0.263750576
plain,1326,0.274061499
plain,1327,0.315046414
plain,1328,0.491049099
plain,1329,0.690681271
plain,1330,0.775175439
plain,1331,0.901939801
plain,1332,0.954933165
plain,1333,0.894853408
plain,1334,0.678538396
plain,1335,0.352712970
plain,1336,0.137068231
plain,1337,0.015515130
plain,1345,0.006474776
plain,1346,0.068771402
plain,1347,0.181641844
plain,1348,0.422898014
plain,1349,0.732695345
plain,1350,0.959454975
plain,1351,1.000000000
plain,1352,0.959721073
plain,1353,0.859601134
plain,1354,0.772312815
plain,1355,0.640942745
plain,1356,0.349216159
plain,1357,0.169539290
plain,1358,0.152741383
plain,1359,0.152485441
plain,1360,0.152495801
plain,1361,0.152488417
plain,1362,0.152483950
plain,1363,0.152483338
plain,1364,0.152483174
plain,1365,0.152483116
plain,1366,0.152483105
plain,1367,0.152483104
plain,1368,0.152483103
plain,1369,0.152483103
plain,1370,0.152483103
plain,1371,0.152483103
plain,1372,0.152483104
plain,1373,0.152483189
plain,1374,0.152504646
plain,1375,0.159042021
plain,1376,0.205531082
plain,1377,0.267895674
plain,1378,0.374968484
plain,1379,0.647271455
plain,1380,0.776189516
plain,1381,0.899586282
plain,1382,0.950515828
plain,1383,0.863131018
plain,1384,0.635655548
plain,1385,0.239837234
plain,1386,0.024568148
plain,1387,0.000004309
plain,1395,0.003891953
plain,1396,0.062096057
plain,1397,0.286144758
plain,1398,0.645633456
plain,1399,0.862227033
plain,1400,0.902341335
plain,1401,0.899637002
plain,1402,0.856174025
plain,1403,0.832025428
plain,1404,0.652693853
plain,1405,0.355908274
plain,1406,0.184302167
plain,1407,0.155022326
plain,1408,0.152483106
plain,1409,0.152483103
plain,1410,0.152483103
plain,1411,0.152483103
plain,1412,0.152483103
plain,1413,0.152483103
plain,1414,0.152483103
plain,1415,0.152483103
plain,1416,0.152483103
plain,1417,0.152483103
plain,1418,0.152483103
plain,1419,0.152483103
plain,1420,0.152483103
plain,1421,0.152483103
plain,1422,0.152483103
plain,1423,0.146254901
plain,1424,0.149139261
plain,1425,0.151292008
plain,1426,0.171034441
plain,1427,0.270592114
plain,1428,0.399576187
plain,1429,0.671790939
plain,1430,0.881143619
plain,1431,0.972288049
plain,1432,0.965892022
plain,1433,0.732685147
plain,1434,0.314110379
plain,1435,0.075477266
plain,1436,0.006072863
plain,1444,0.000000001
plain,1445,0.023897658
plain,1446,0.146367659
plain,1447,0.377045359
plain,1448,0.673349081
plain,1449,0.884186356
plain,1450,0.865615909
plain,1451,0.849335820
plain,1452,0.832260723
plain,1453,0.667456731
plain,1454,0.399595205
plain,1455,0.218294785
plain,1456,0.158574114
plain,1457,0.152483207
plain,1458,0.152483104
plain,1459,0.152483103
plain,1460,0.152483103
plain,1461,0.152483103
plain,1462,0.152483103
plain,1463,0.152483103
plain,1464,0.152483103
plain,1465,0.152483103
plain,1466,0.152483103
plain,1467,0.152483103
plain,1468,0.152483103
plain,1469,0.152483103
plain,1470,0.146254901
plain,1471,0.111635951
plain,1472,0.119467126
plain,1473,0.134452045
plain,1474,0.141175810
plain,1475,0.143814427
plain,1476,0.179645987
plain,1477,0.350846459
plain,1478,0.639984233
plain,1479,0.779827481
plain,1480,0.954696583
plain,1481,0.981410802
plain,1482,0.801540053
plain,1483,0.470552435
plain,1484,0.175094917
plain,1485,0.015514497
plain,1494,0.001612622
plain,1495,0.055944374
plain,1496,0.319437018
plain,1497,0.643156497
plain,1498,0.833820687
plain,1499,0.847517031
plain,1500,0.847516901
plain,1501,0.834541607
plain,1502,0.701449211
plain,1503,0.473394517
plain,1504,0.293939407
plain,1505,0.168099995
plain,1506,0.152501262
plain,1507,0.152483310
plain,1508,0.152483127
plain,1509,0.152483105
plain,1510,0.152483103
plain,1511,0.152483103
plain,1512,0.152483103
plain,1513,0.152483103
plain,1514,0.152483103
plain,1515,0.152483103
plain,1516,0.152483103
plain,1517,0.152483103
plain,1518,0.151280419
plain,1519,0.133658849
plain,1520,0.109391608
plain,1521,0.101034863
plain,1522,0.071056561
plain,1523,0.077629177
plain,1524,0.141815890
plain,1525,0.164907362
plain,1526,0.252216083
plain,1527,0.368249985
plain,1528,0.688202042
plain,1529,0.953460087
plain,1530,0.990558366
plain,1531,0.901157705
plain,1532,0.657628304
plain,1533,0.245639276
plain,1534,0.015514497
plain,1543,0.000000314
plain,1544,0.031063239
plain,1545,0.227582950
plain,1546,0.605457168
plain,1547,0.746258042
plain,1548,0.832805490
plain,1549,0.847516897
plain,1550,0.838092801
plain,1551,0.777074844
plain,1552,0.641830344
plain,1553,0.350279075
plain,1554,0.174677648
plain,1555,0.153709136
plain,1556,0.152511100
plain,1557,0.152485094
plain,1558,0.152483117
plain,1559,0.152483103
plain,1560,0.152483103
plain,1561,0.152483103
plain,1562,0.152483103
plain,1563,0.152483103
plain,1564,0.152483103
plain,1565,0.152483103
plain,1566,0.152483103
plain,1567,0.150002924
plain,1568,0.132337524
plain,1569,0.087238597
plain,1570,0.070030752
plain,1571,0.113704829
plain,1572,0.146224369
plain,1573,0.110584635
plain,1574,0.055023377
plain,1575,0.070003369
plain,1576,0.320511116
plain,1577,0.659970616
plain,1578,0.913770188
plain,1579,0.993190330
plain,1580,0.971702063
plain,1581,0.741577285
plain,1582,0.258422715
plain,1583,0.018305837
plain,1593,0.015559895
plain,1594,0.141725044
plain,1595,0.361462369
plain,1596,0.640436565
plain,1597,0.733351084
plain,1598,0.780162739
plain,1599,0.838602355
plain,1600,0.832019844
plain,1601,0.657813387
plain,1602,0.371952866
plain,1603,0.194304583
plain,1604,0.156775904
plain,1605,0.152643030
plain,1606,0.152483645
plain,1607,0.152483103
plain,1608,0.152483103
plain,1609,0.152483103
plain,1610,0.152483103
plain,1611,0.152483103
plain,1612,0.152483103
plain,1613,0.152483103
plain,1614,0.152483103
plain,1615,0.152483103
plain,1616,0.143533740
plain,1617,0.097018148
plain,1618,0.113489457
plain,1619,0.145678112
plain,1620,0.130644549
plain,1621,0.060709522
plain,1622,0.052437783
plain,1623,0.055453945
plain,1624,0.051614833
plain,1625,0.196353808
plain,1626,0.517852699
plain,1627,0.823546847
plain,1628,0.981173353
plain,1629,0.984485503
plain,1630,0.741577294
plain,1631,0.304917543
plain,1642,0.014889859
plain,1643,0.133252302
plain,1644,0.258473544
plain,1645,0.314471373
plain,1646,0.485143292
plain,1647,0.716900021
plain,1648,0.836682691
plain,1649,0.833127819
plain,1650,0.677025482
plain,1651,0.410760959
plain,1652,0.201221515
plain,1653,0.155295202
plain,1654,0.152486733
plain,1655,0.152483104
plain,1656,0.152483103
plain,1657,0.152483103
plain,1658,0.152483103
plain,1659,0.152483103
plain,1660,0.152483103
plain,1661,0.152483103
plain,1662,0.152483103
plain,1663,0.152483103
plain,1664,0.152483103
plain,1665,0.144811235
plain,1666,0.148846566
plain,1667,0.136272423
plain,1668,0.075042445
plain,1669,0.051072121
plain,1670,0.054757718
plain,1671,0.062202557
plain,1672,0.069172857
plain,1673,0.058375632
plain,1674,0.121693287
plain,1675,0.357625963
plain,1676,0.739972162
plain,1677,0.965625227
plain,1678,0.984485503
plain,1679,0.856694185
plain,1690,0.000000000
plain,1691,0.029588287
plain,1692,0.137086746
plain,1693,0.159783439
plain,1694,0.238583168
plain,1695,0.480089198
plain,1696,0.773536299
plain,1697,0.847516897
plain,1698,0.835313262
plain,1699,0.668371390
plain,1700,0.307967897
plain,1701,0.165943647
plain,1702,0.152489794
plain,1703,0.152483105
plain,1704,0.152483103
plain,1705,0.152483103
plain,1706,0.152483103
plain,1707,0.152483103
plain,1708,0.152483103
plain,1709,0.152483103
plain,1710,0.152483103
plain,1711,0.152483103
plain,1712,0.152483103
plain,1713,0.152483103
plain,1714,0.145948337
plain,1715,0.097486785
plain,1716,0.057038031
plain,1717,0.064514180
plain,1718,0.057433918
plain,1719,0.050864865
plain,1720,0.062978348
plain,1721,0.100970046
plain,1722,0.079421364
plain,1723,0.052612144
plain,1724,0.270119792
plain,1725,0.759262986
plain,1726,0.984485508
plain,1727,1.000000000
plain,1738,0.000000000
plain,1739,0.029588284
plain,1740,0.137086745
plain,1741,0.159783415
plain,1742,0.238582991
plain,1743,0.480089067
plain,1744,0.773536255
plain,1745,0.847516897
plain,1746,0.835313265
plain,1747,0.668371407
plain,1748,0.307967907
plain,1749,0.165943650
plain,1750,0.152489794
plain,1751,0.152483105
plain,1752,0.152483103
plain,1753,0.152483103
plain,1754,0.152483103
plain,1755,0.152483103
plain,1756,0.152483103
plain,1757,0.152483103
plain,1758,0.152483103
plain,1759,0.152483103
plain,1760,0.152483103
plain,1761,0.152483103
plain,1762,0.145948338
plain,1763,0.097486790
plain,1764,0.057038019
plain,1765,0.064514185
plain,1766,0.057433955
plain,1767,0.050864874
plain,1768,0.062977964
plain,1769,0.100969137
plain,1770,0.079421286
plain,1771,0.052612231
plain,1772,0.270119744
plain,1773,0.759262986
plain,1774,0.984485508
plain,1775,1.000000000
plain,1786,0.014889853
plain,1787,0.133252271
plain,1788,0.258473537
plain,1789,0.314471236
plain,1790,0.485142884
plain,1791,0.716899834
plain,1792,0.836682681
plain,1793,0.833127820
plain,1794,0.677025504
plain,1795,0.410761006
plain,1796,0.201221535
plain,1797,0.155295203
plain,1798,0.152486733
plain,1799,0.152483104
plain,1800,0.152483103
plain,1801,0.152483103
plain,1802,0.152483103
plain,1803,0.152483103
plain,1804,0.152483103
plain,1805,0.152483103
plain,1806,0.152483103
plain,1807,0.152483103
plain,1808,0.152483103
plain,1809,0.144811233
plain,1810,0.148846566
plain,1811,0.136272422
plain,1812,0.075042430
plain,1813,0.051072127
plain,1814,0.054757781
plain,1815,0.062202570
plain,1816,0.069172168
plain,1817,0.058373711
plain,1818,0.121692166
plain,1819,0.357625815
plain,1820,0.739971868
plain,1821,0.965625176
plain,1822,0.984485503
plain,1823,0.856694185
plain,1833,0.015559895
plain,1834,0.141725031
plain,1835,0.361462326
plain,1836,0.640436551
plain,1837,0.733351059
plain,1838,0.780162607
plain,1839,0.838602332
plain,1840,0.832019844
plain,1841,0.657813395
plain,1842,0.371952892
plain,1843,0.194304606
plain,1844,0.156775907
plain,1845,0.152643031
plain,1846,0.152483645
plain,1847,0.152483103
plain,1848,0.152483103
plain,1849,0.152483103
plain,1850,0.152483103
plain,1851,0.152483103
plain,1852,0.152483103
plain,1853,0.152483103
plain,1854,0.152483103
plain,1855,0.152483103
plain,1856,0.143533740
plain,1857,0.097018133
plain,1858,0.113489451
plain,1859,0.145678113
plain,1860,0.130644557
plain,1861,0.060709542
plain,1862,0.052437831
plain,1863,0.055453928
plain,1864,0.051614678
plain,1865,0.196352612
plain,1866,0.517850603
plain,1867,0.823546178
plain,1868,0.981173302
plain,1869,0.984485503
plain,1870,0.741577294
plain,1871,0.304917543
plain,1879,0.000000314
plain,1880,0.031063239
plain,1881,0.227582950
plain,1882,0.605457166
plain,1883,0.746258029
plain,1884,0.832805488
plain,1885,0.847516897
plain,1886,0.838092801
plain,1887,0.777074848
plain,1888,0.641830344
plain,1889,0.350279076
plain,1890,0.174677656
plain,1891,0.153709138
plain,1892,0.152511100
plain,1893,0.152485094
plain,1894,0.152483117
plain,1895,0.152483103
plain,1896,0.152483103
plain,1897,0.152483103
plain,1898,0.152483103
plain,1899,0.152483103
plain,1900,0.152483103
plain,1901,0.152483103
plain,1902,0.152483103
plain,1903,0.150002925
plain,1904,0.132337539
plain,1905,0.087238601
plain,1906,0.070030747
plain,1907,0.113704829
plain,1908,0.146224373
plain,1909,0.110584653
plain,1910,0.055023379
plain,1911,0.070003317
plain,1912,0.320511105
plain,1913,0.659970500
plain,1914,0.913769519
plain,1915,0.993190215
plain,1916,0.971702063
plain,1917,0.741577285
plain,1918,0.258422715
plain,1919,0.018305837
plain,1926,0.001612627
plain,1927,0.055944403
plain,1928,0.319437023
plain,1929,0.643156457
plain,1930,0.833820663
plain,1931,0.847517031
plain,1932,0.847516901
plain,1933,0.834541608
plain,1934,0.701449221
plain,1935,0.473394529
plain,1936,0.293939411
plain,1937,0.168099995
plain,1938,0.152501263
plain,1939,0.152483310
plain,1940,0.152483127
plain,1941,0.152483105
plain,1942,0.152483103
plain,1943,0.152483103
plain,1944,0.152483103
plain,1945,0.152483103
plain,1946,0.152483103
plain,1947,0.152483103
plain,1948,0.152483103
plain,1949,0.152483103
plain,1950,0.151280418
plain,1951,0.133658846
plain,1952,0.109391621
plain,1953,0.101034880
plain,1954,0.071056573
plain,1955,0.077629191
plain,1956,0.141815892
plain,1957,0.164907364
plain,1958,0.252216057
plain,1959,0.368249901
plain,1960,0.688202015
plain,1961,0.953460086
plain,1962,0.990558373
plain,1963,0.901157744
plain,1964,0.657628310
plain,1965,0.245639275
plain,1966,0.015514497
plain,1972,0.000000001
plain,1973,0.023897675
plain,1974,0.146367688
plain,1975,0.377045446
plain,1976,0.673349020
plain,1977,0.884186057
plain,1978,0.865615729
plain,1979,0.849335796
plain,1980,0.832260724
plain,1981,0.667456738
plain,1982,0.399595222
plain,1983,0.218294795
plain,1984,0.158574115
plain,1985,0.152483207
plain,1986,0.152483104
plain,1987,0.152483103
plain,1988,0.152483103
plain,1989,0.152483103
plain,1990,0.152483103
plain,1991,0.152483103
plain,1992,0.152483103
plain,1993,0.152483103
plain,1994,0.152483103
plain,1995,0.152483103
plain,1996,0.152483103
plain,1997,0.152483103
plain,1998,0.146254904
plain,1999,0.111635975
plain,2000,0.119467160
plain,2001,0.134452085
plain,2002,0.141175817
plain,2003,0.143814423
plain,2004,0.179645949
plain,2005,0.350846453
plain,2006,0.639984200
plain,2007,0.779827446
plain,2008,0.954696577
plain,2009,0.981410742
plain,2010,0.801540146
plain,2011,0.470552555
plain,2012,0.175094957
plain,2013,0.015514497
plain,2019,0.003891951
plain,2020,0.062096063
plain,2021,0.286144833
plain,2022,0.645633479
plain,2023,0.862227012
plain,2024,0.902341006
plain,2025,0.899636670
plain,2026,0.856173960
plain,2027,0.832025427
plain,2028,0.652693855
plain,2029,0.355908281
plain,2030,0.184302175
plain,2031,0.155022327
plain,2032,0.152483106
plain,2033,0.152483103
plain,2034,0.152483103
plain,2035,0.152483103
plain,2036,0.152483103
plain,2037,0.152483103
plain,2038,0.152483103
plain,2039,0.152483103
plain,2040,0.152483103
plain,2041,0.152483103
plain,2042,0.152483103
plain,2043,0.152483103
plain,2044,0.152483103
plain,2045,0.152483103
plain,2046,0.152483103
plain,2047,0.146254904
plain,2048,0.149139265
plain,2049,0.151292011
plain,2050,0.171034423
plain,2051,0.270592073
plain,2052,0.399576070
plain,2053,0.671790834
plain,2054,0.881143460
plain,2055,0.972288020
plain,2056,0.965891962
plain,2057,0.732684850
plain,2058,0.314110634
plain,2059,0.075477358
plain,2060,0.006072870
plain,2065,0.006474773
plain,2066,0.068771381
plain,2067,0.181641829
plain,2068,0.422897955
plain,2069,0.732695204
plain,2070,0.959454949
plain,2071,1.000000000
plain,2072,0.959721024
plain,2073,0.859601151
plain,2074,0.772313160
plain,2075,0.640942804
plain,2076,0.349216160
plain,2077,0.169539292
plain,2078,0.152741384
plain,2079,0.152485441
plain,2080,0.152495801
plain,2081,0.152488417
plain,2082,0.152483950
plain,2083,0.152483338
plain,2084,0.152483174
plain,2085,0.152483116
plain,2086,0.152483105
plain,2087,0.152483104
plain,2088,0.152483103
plain,2089,0.152483103
plain,2090,0.152483103
plain,2091,0.152483103
plain,2092,0.152483104
plain,2093,0.152483189
plain,2094,0.152504647
plain,2095,0.159042014
plain,2096,0.205531037
plain,2097,0.267895649
plain,2098,0.374968395
plain,2099,0.647271370
plain,2100,0.776189418
plain,2101,0.899586037
plain,2102,0.950515748
plain,2103,0.863131019
plain,2104,0.635655548
plain,2105,0.239837174
plain,2106,0.024568201
plain,2107,0.000004309
plain,2112,0.161611652
plain,2113,0.205739977
plain,2114,0.477602571
plain,2115,0.783211613
plain,2116,0.901229782
plain,2117,0.978861386
plain,2118,1.000000000
plain,2119,0.985426303
plain,2120,0.899543771
plain,2121,0.804266332
plain,2122,0.593450666
plain,2123,0.426104231
plain,2124,0.305002928
plain,2125,0.289458036
plain,2126,0.289452031
plain,2127,0.289464607
plain,2128,0.277319882
plain,2129,0.273959448
plain,2130,0.261307193
plain,2131,0.190364143
plain,2132,0.188810592
plain,2133,0.163699928
plain,2134,0.154696161
plain,2135,0.154671013
plain,2136,0.163419415
plain,2137,0.191207853
plain,2138,0.191125298
plain,2139,0.191833719
plain,2140,0.204062230
plain,2141,0.263750563
plain,2142,0.274061499
plain,2143,0.315046289
plain,2144,0.491048880
plain,2145,0.690681187
plain,2146,0.775175161
plain,2147,0.901939428
plain,2148,0.954933115
plain,2149,0.894853449
plain,2150,0.678538339
plain,2151,0.352712958
plain,2152,0.137068231
plain,2153,0.015515130
plain,2160,0.838388348
plain,2161,0.853991670
plain,2162,0.916288268
plain,2163,0.990960276
plain,2164,1.000000000
plain,2165,1.000000000
plain,2166,1.000000000
plain,2167,1.000000000
plain,2168,0.985426303
plain,2169,0.974239421
plain,2170,0.909252466
plain,2171,0.868299822
plain,2172,0.863031397
plain,2173,0.863031400
plain,2174,0.863031459
plain,2175,0.850862136
plain,2176,0.776588630
plain,2177,0.744927185
plain,2178,0.667940935
plain,2179,0.462751271
plain,2180,0.409226229
plain,2181,0.339404840
plain,2182,0.299286438
plain,2183,0.299001553
plain,2184,0.338852684
plain,2185,0.421652800
plain,2186,0.435604148
plain,2187,0.436137988
plain,2188,0.502253932
plain,2189,0.682202455
plain,2190,0.744827472
plain,2191,0.780977435
plain,2192,0.895121322
plain,2193,0.973919309
plain,2194,0.955017975
plain,2195,0.858074607
plain,2196,0.711783258
plain,2197,0.466402468
plain,2198,0.178439484
plain,2199,0.031128595
plain,2200,0.000017088
plain,2208,1.000000000
plain,2209,1.000000000
plain,2210,1.000000000
plain,2211,1.000000000
plain,2212,1.000000000
plain,2213,1.000000000
plain,2214,1.000000000
plain,2215,1.000000000
plain,2216,1.000000000
plain,2217,1.000000000
plain,2218,1.000000000
plain,2219,1.000000000
plain,2220,1.000000000
plain,2221,1.000000000
plain,2222,1.000000000
plain,2223,1.000000000
plain,2224,0.987828405
plain,2225,0.984485792
plain,2226,0.971851308
plain,2227,0.900911582
plain,2228,0.899358580
plain,2229,0.874248162
plain,2230,0.865244443
plain,2231,0.865219302
plain,2232,0.873967705
plain,2233,0.901756143
plain,2234,0.901673588
plain,2235,0.902382009
plain,2236,0.914610517
plain,2237,0.974298361
plain,2238,0.984485605
plain,2239,0.967613344
plain,2240,0.899318945
plain,2241,0.839991396
plain,2242,0.651536069
plain,2243,0.349863597
plain,2244,0.147697215
plain,2245,0.068916438
plain,2246,0.006500460
plain,2256,1.000000000
plain,2257,1.000000000
plain,2258,1.000000000
plain,2259,1.000000000
plain,2260,1.000000000
plain,2261,1.000000000
plain,2262,1.000000000
plain,2263,1.000000000
plain,2264,1.000000000
plain,2265,1.000000000
plain,2266,1.000000000
plain,2267,1.000000000
plain,2268,1.000000000
plain,2269,1.000000000
plain,2270,1.000000000
plain,2271,1.000000000
plain,2272,1.000000000
plain,2273,1.000000000
plain,2274,1.000000000
plain,2275,1.000000000
plain,2276,1.000000000
plain,2277,1.000000000
plain,2278,1.000000000
plain,2279,1.000000000
plain,2280,1.000000000
plain,2281,1.000000000
plain,2282,1.000000000
plain,2283,1.000000000
plain,2284,1.000000000
plain,2285,1.000000000
plain,2286,0.990082711
plain,2287,0.843463779
plain,2288,0.503708212
plain,2289,0.253107408
plain,2290,0.148293643
plain,2291,0.037007916
plain,2292,0.000067989
plain,2304,1.000000000
plain,2305,1.000000000
plain,2306,1.000000000
plain,2307,1.000000000
plain,2308,1.000000000
plain,2309,1.000000000
plain,2310,1.000000000
plain,2311,1.000000000
plain,2312,1.000000000
plain,2313,1.000000000
plain,2314,1.000000000
plain,2315,1.000000000
plain,2316,1.000000000
plain,2317,1.000000000
plain,2318,1.000000000
plain,2319,1.000000000
plain,2320,1.000000000
plain,2321,1.000000000
plain,2322,1.000000000
plain,2323,1.000000000
plain,2324,1.000000000
plain,2325,1.000000000
plain,2326,1.000000000
plain,2327,1.000000000
plain,2328,1.000000000
plain,2329,0.983657067
plain,2330,0.981694259
plain,2331,0.969334105
plain,2332,0.898456382
plain,2333,0.886095585
plain,2334,0.789642126
plain,2335,0.544825344
plain,2336,0.255075730
plain,2337,0.147822093
plain,2338,0.036668358
plain,2339,0.000077717
plain,2352,0.985396632
plain,2353,1.000000000
plain,2354,1.000000000
plain,2355,1.000000000
plain,2356,1.000000000
plain,2357,1.000000000
plain,2358,1.000000000
plain,2359,1.000000000
plain,2360,1.000000000
plain,2361,1.000000000
plain,2362,1.000000000
plain,2363,1.000000000
plain,2364,1.000000000
plain,2365,0.987283257
plain,2366,0.984486384
plain,2367,0.972313927
plain,2368,0.898030149
plain,2369,0.866375999
plain,2370,0.863031683
plain,2371,0.850397201
plain,2372,0.853094959
plain,2373,0.848452459
plain,2374,0.847702752
plain,2375,0.847711144
plain,2376,0.834535884
plain,2377,0.756945369
plain,2378,0.732523241
plain,2379,0.731077393
plain,2380,0.720914788
plain,2381,0.732086873
plain,2382,0.721171077
plain,2383,0.694409839
plain,2384,0.700521482
plain,2385,0.618683609
plain,2386,0.333535134
plain,2387,0.141244816
plain,2388,0.053772668
plain,2389,0.010392753
plain,2400,0.753273683
plain,2401,0.835144932
plain,2402,0.869533193
plain,2403,0.971752751
plain,2404,1.000000000
plain,2405,1.000000000
plain,2406,0.985402030
plain,2407,0.969911805
plain,2408,0.884029267
plain,2409,0.863972193
plain,2410,0.852785253
plain,2411,0.847516899
plain,2412,0.834800154
plain,2413,0.757884672
plain,2414,0.728865679
plain,2415,0.655122566
plain,2416,0.422817996
plain,2417,0.293426783
plain,2418,0.261304750
plain,2419,0.190363338
plain,2420,0.188810306
plain,2421,0.163699874
plain,2422,0.154696152
plain,2423,0.154671011
plain,2424,0.163419416
plain,2425,0.177356950
plain,2426,0.175610894
plain,2427,0.176319264
plain,2428,0.188547807
plain,2429,0.248236181
plain,2430,0.277239505
plain,2431,0.396644482
plain,2432,0.619361050
plain,2433,0.703381098
plain,2434,0.635218087
plain,2435,0.575322868
plain,2436,0.398707060
plain,2437,0.201108355
plain,2438,0.058315620
plain,2439,0.003583434
plain,2448,0.147008285
plain,2449,0.158984902
plain,2450,0.299018653
plain,2451,0.658325646
plain,2452,0.844669916
plain,2453,0.898909536
plain,2454,0.874371769
plain,2455,0.779006186
plain,2456,0.502279246
plain,2457,0.300277343
plain,2458,0.214231007
plain,2459,0.173265969
plain,2460,0.152489404
plain,2461,0.139766366
plain,2462,0.136969552
plain,2463,0.124799367
plain,2464,0.050525950
plain,2465,0.018864416
plain,2466,0.015515632
plain,2467,0.002880539
plain,2468,0.005578133
plain,2469,0.000935574
plain,2470,0.000185857
plain,2471,0.000194248
plain,2472,0.000869899
plain,2473,0.005671927
plain,2474,0.004796450
plain,2475,0.005014534
plain,2476,0.005327368
plain,2477,0.015514685
plain,2478,0.018764764
plain,2479,0.054915206
plain,2480,0.169059136
plain,2481,0.256573809
plain,2482,0.321987082
plain,2483,0.472401319
plain,2484,0.596725224
plain,2485,0.579918849
plain,2486,0.386077294
plain,2487,0.157854415
plain,2488,0.031046236
plain,2489,0.000000026
plain,2497,0.000004636
plain,2498,0.022016296
plain,2499,0.128127796
plain,2500,0.225643118
plain,2501,0.457624619
plain,2502,0.687030312
plain,2503,0.807225291
plain,2504,0.588467091
plain,2505,0.288693566
plain,2506,0.149149713
plain,2507,0.121477029
plain,2508,0.031065698
plain,2509,0.000264511
plain,2510,0.000000004
plain,2511,0.000000044
plain,2512,0.000002077
plain,2513,0.000000547
plain,2514,0.000000046
plain,2515,0.000000031
plain,2516,0.000000007
plain,2517,0.000000001
plain,2518,0.000000000
plain,2519,0.000000000
plain,2520,0.000000000
plain,2521,0.000000000
plain,2522,0.000000000
plain,2523,0.000000000
plain,2524,0.000000000
plain,2525,0.000000000
plain,2526,0.000000084
plain,2527,0.000021055
plain,2528,0.006436115
plain,2529,0.017531173
plain,2530,0.049112651
plain,2531,0.177443572
plain,2532,0.290223625
plain,2533,0.459951002
plain,2534,0.618398531
plain,2535,0.611299833
plain,2536,0.330254785
plain,2537,0.119022971
plain,2538,0.012439796
plain,2548,0.009890408
plain,2549,0.081505111
plain,2550,0.323817304
plain,2551,0.562266021
plain,2552,0.488506420
plain,2553,0.362450731
plain,2554,0.210163924
plain,2555,0.154398892
plain,2556,0.121718730
plain,2557,0.032533974
plain,2558,0.002797422
plain,2559,0.000000003
plain,2560,0.000000000
plain,2563,0.000000000
plain,2564,0.000000000
plain,2565,0.000000000
plain,2577,0.000000000
plain,2578,0.000521039
plain,2579,0.017781818
plain,2580,0.050126728
plain,2581,0.191635720
plain,2582,0.409276786
plain,2583,0.654970841
plain,2584,0.708326630
plain,2585,0.550775647
plain,2586,0.209473063
plain,2587,0.021591747
plain,2588,0.000000013
plain,2597,0.000000001
plain,2598,0.032641617
plain,2599,0.136164609
plain,2600,0.219903211
plain,2601,0.338573979
plain,2602,0.234739030
plain,2603,0.163099372
plain,2604,0.152483748
plain,2605,0.124251529
plain,2606,0.045828578
plain,2607,0.008629622
plain,2608,0.000000105
plain,2609,0.000000000
plain,2610,0.000000000
plain,2611,0.000000000
plain,2612,0.000000000
plain,2627,0.000000000
plain,2628,0.001998547
plain,2629,0.034136589
plain,2630,0.156301754
plain,2631,0.341134261
plain,2632,0.649300559
plain,2633,0.798543226
plain,2634,0.623121502
plain,2635,0.265521661
plain,2636,0.053019703
plain,2637,0.002731057
plain,2647,0.001612999
plain,2648,0.038515769
plain,2649,0.166896090
plain,2650,0.170565532
plain,2651,0.154302096
plain,2652,0.152483236
plain,2653,0.152483103
plain,2654,0.130083717
plain,2655,0.066526556
plain,2656,0.021605493
plain,2657,0.000017549
plain,2658,0.000000120
plain,2659,0.000000015
plain,2660,0.000000002
plain,2661,0.000000000
plain,2662,0.000000000
plain,2676,0.000000000
plain,2677,0.000000006
plain,2678,0.016753472
plain,2679,0.053771217
plain,2680,0.319079699
plain,2681,0.651159033
plain,2682,0.816489883
plain,2683,0.657669149
plain,2684,0.381514659
plain,2685,0.152886375
plain,2686,0.015514497
plain,2696,0.000000314
plain,2697,0.031028995
plain,2698,0.121454118
plain,2699,0.137771720
plain,2700,0.152483107
plain,2701,0.152483103
plain,2702,0.152483103
plain,2703,0.143059007
plain,2704,0.121471656
plain,2705,0.031130788
plain,2706,0.001143576
plain,2707,0.000016977
plain,2708,0.000001928
plain,2709,0.000000015
plain,2710,0.000000000
plain,2711,0.000000000
plain,2723,0.000000000
plain,2724,0.000000000
plain,2725,0.000000010
plain,2726,0.000000178
plain,2727,0.001043865
plain,2728,0.046579135
plain,2729,0.317826562
plain,2730,0.644375397
plain,2731,0.819836163
plain,2732,0.761115799
plain,2733,0.619425154
plain,2734,0.227393742
plain,2735,0.018305826
plain,2746,0.016317587
plain,2747,0.035709748
plain,2748,0.122257206
plain,2749,0.137086706
plain,2750,0.143568561
plain,2751,0.152483103
plain,2752,0.152483103
plain,2753,0.122596973
plain,2754,0.037605307
plain,2755,0.004535948
plain,2756,0.000173779
plain,2757,0.000002445
plain,2758,0.000000014
plain,2759,0.000000000
plain,2771,0.000000000
plain,2772,0.000000000
plain,2773,0.000000087
plain,2774,0.000011278
plain,2775,0.000092304
plain,2776,0.000656662
plain,2777,0.040923356
plain,2778,0.278134247
plain,2779,0.626650266
plain,2780,0.831001889
plain,2781,0.898700955
plain,2782,0.647296616
plain,2783,0.286611677
plain,2794,0.000000000
plain,2795,0.000803097
plain,2796,0.015632636
plain,2797,0.022802793
plain,2798,0.069616211
plain,2799,0.132734355
plain,2800,0.152483103
plain,2801,0.152483103
plain,2802,0.125890390
plain,2803,0.050488776
plain,2804,0.006109933
plain,2805,0.000149518
plain,2806,0.000000465
plain,2807,0.000000000
plain,2819,0.000000000
plain,2820,0.000000001
plain,2821,0.000000208
plain,2822,0.000017312
plain,2823,0.000681514
plain,2824,0.004708096
plain,2825,0.008714854
plain,2826,0.028017938
plain,2827,0.208105787
plain,2828,0.548213134
plain,2829,0.755019089
plain,2830,0.938933168
plain,2831,0.856694174
plain,2843,0.000000000
plain,2844,0.000000007
plain,2845,0.000119863
plain,2846,0.011292283
plain,2847,0.062989771
plain,2848,0.141648897
plain,2849,0.152483103
plain,2850,0.152483103
plain,2851,0.126711350
plain,2852,0.028952007
plain,2853,0.001953064
plain,2854,0.000000913
plain,2855,0.000000000
plain,2867,0.000000000
plain,2868,0.000000002
plain,2869,0.000000333
plain,2870,0.000027020
plain,2871,0.000476192
plain,2872,0.003995423
plain,2873,0.013770385
plain,2874,0.019192182
plain,2875,0.014906918
plain,2876,0.117484434
plain,2877,0.377522286
plain,2878,0.878545924
plain,2879,1.000000000
plain,2891,0.000000000
plain,2892,0.000000007
plain,2893,0.000119863
plain,2894,0.011292251
plain,2895,0.062989727
plain,2896,0.141648888
plain,2897,0.152483103
plain,2898,0.152483103
plain,2899,0.126711353
plain,2900,0.028952010
plain,2901,0.001953065
plain,2902,0.000000913
plain,2903,0.000000000
plain,2915,0.000000000
plain,2916,0.000000002
plain,2917,0.000000333
plain,2918,0.000027020
plain,2919,0.000476190
plain,2920,0.003995358
plain,2921,0.013770107
plain,2922,0.019192226
plain,2923,0.014906886
plain,2924,0.117484140
plain,2925,0.377522232
plain,2926,0.878545924
plain,2927,1.000000000
plain,2938,0.000000000
plain,2939,0.000803095
plain,2940,0.015632636
plain,2941,0.022802769
plain,2942,0.069616079
plain,2943,0.132734323
plain,2944,0.152483103
plain,2945,0.152483103
plain,2946,0.125890394
plain,2947,0.050488790
plain,2948,0.006109937
plain,2949,0.000149518
plain,2950,0.000000465
plain,2951,0.000000000
plain,2963,0.000000000
plain,2964,0.000000001
plain,2965,0.000000208
plain,2966,0.000017312
plain,2967,0.000681502
plain,2968,0.004707934
plain,2969,0.008714283
plain,2970,0.028017752
plain,2971,0.208105492
plain,2972,0.548212241
plain,2973,0.755018731
plain,2974,0.938933165
plain,2975,0.856694174
plain,2986,0.016317585
plain,2987,0.035709734
plain,2988,0.122257204
plain,2989,0.137086705
plain,2990,0.143568538
plain,2991,0.152483103
plain,2992,0.152483103
plain,2993,0.122596974
plain,2994,0.037605315
plain,2995,0.004535951
plain,2996,0.000173779
plain,2997,0.000002445
plain,2998,0.000000014
plain,2999,0.000000000
plain,3011,0.000000000
plain,3012,0.000000000
plain,3013,0.000000087
plain,3014,0.000011278
plain,3015,0.000092303
plain,3016,0.000656648
plain,3017,0.040923151
plain,3018,0.278133578
plain,3019,0.626650094
plain,3020,0.831001510
plain,3021,0.898700629
plain,3022,0.647296571
plain,3023,0.286611677
plain,3032,0.000000314
plain,3033,0.031028995
plain,3034,0.121454118
plain,3035,0.137771718
plain,3036,0.152483107
plain,3037,0.152483103
plain,3038,0.152483103
plain,3039,0.143059008
plain,3040,0.121471656
plain,3041,0.031130789
plain,3042,0.001143578
plain,3043,0.000016977
plain,3044,0.000001928
plain,3045,0.000000015
plain,3046,0.000000000
plain,3047,0.000000000
plain,3059,0.000000000
plain,3060,0.000000000
plain,3061,0.000000010
plain,3062,0.000000178
plain,3063,0.001043860
plain,3064,0.046579135
plain,3065,0.317826562
plain,3066,0.644375282
plain,3067,0.819836161
plain,3068,0.761115787
plain,3069,0.619425108
plain,3070,0.227393742
plain,3071,0.018305826
plain,3079,0.001613004
plain,3080,0.038515729
plain,3081,0.166895833
plain,3082,0.170565352
plain,3083,0.154302072
plain,3084,0.152483236
plain,3085,0.152483103
plain,3086,0.130083718
plain,3087,0.066526560
plain,3088,0.021605494
plain,3089,0.000017549
plain,3090,0.000000120
plain,3091,0.000000015
plain,3092,0.000000002
plain,3093,0.000000000
plain,3094,0.000000000
plain,3108,0.000000000
plain,3109,0.000000006
plain,3110,0.016753466
plain,3111,0.053771182
plain,3112,0.319079692
plain,3113,0.651159033
plain,3114,0.816489883
plain,3115,0.657669154
plain,3116,0.381514654
plain,3117,0.152886373
plain,3118,0.015514497
plain,3125,0.000000001
plain,3126,0.032641622
plain,3127,0.136164588
plain,3128,0.219902650
plain,3129,0.338572848
plain,3130,0.234738335
plain,3131,0.163099232
plain,3132,0.152483748
plain,3133,0.124251531
plain,3134,0.045828584
plain,3135,0.008629624
plain,3136,0.000000105
plain,3137,0.000000000
plain,3138,0.000000000
plain,3139,0.000000000
plain,3140,0.000000000
plain,3155,0.000000000
plain,3156,0.001998541
plain,3157,0.034136561
plain,3158,0.156301585
plain,3159,0.341134203
plain,3160,0.649300490
plain,3161,0.798542876
plain,3162,0.623121449
plain,3163,0.265521701
plain,3164,0.053019708
plain,3165,0.002731057
plain,3172,0.009890381
plain,3173,0.081504964
plain,3174,0.323817278
plain,3175,0.562265735
plain,3176,0.488505264
plain,3177,0.362449457
plain,3178,0.210163501
plain,3179,0.154398868
plain,3180,0.121718730
plain,3181,0.032533976
plain,3182,0.002797423
plain,3183,0.000000003
plain,3184,0.000000000
plain,3187,0.000000000
plain,3188,0.000000000
plain,3189,0.000000000
plain,3201,0.000000000
plain,3202,0.000521036
plain,3203,0.017781809
plain,3204,0.050126630
plain,3205,0.191635316
plain,3206,0.409276265
plain,3207,0.654970673
plain,3208,0.708326279
plain,3209,0.550774598
plain,3210,0.209472713
plain,3211,0.021591754
plain,3212,0.000000013
plain,3217,0.000004636
plain,3218,0.022016292
plain,3219,0.128127788
plain,3220,0.225642959
plain,3221,0.457624176
plain,3222,0.687030163
plain,3223,0.807225242
plain,3224,0.588466765
plain,3225,0.288693275
plain,3226,0.149149730
plain,3227,0.121477029
plain,3228,0.031065698
plain,3229,0.000264512
plain,3230,0.000000004
plain,3231,0.000000044
plain,3232,0.000002077
plain,3233,0.000000547
plain,3234,0.000000046
plain,3235,0.000000031
plain,3236,0.000000007
plain,3237,0.000000001
plain,3238,0.000000000
plain,3239,0.000000000
plain,3240,0.000000000
plain,3241,0.000000000
plain,3242,0.000000000
plain,3243,0.000000000
plain,3244,0.000000000
plain,3245,0.000000000
plain,3246,0.000000084
plain,3247,0.000021055
plain,3248,0.006436107
plain,3249,0.017531135
plain,3250,0.049112374
plain,3251,0.177443179
plain,3252,0.290223267
plain,3253,0.459950237
plain,3254,0.618398063
plain,3255,0.611299793
plain,3256,0.330254725
plain,3257,0.119022621
plain,3258,0.012439736
plain,3264,0.147008280
plain,3265,0.158984898
plain,3266,0.299018626
plain,3267,0.658325607
plain,3268,0.844669882
plain,3269,0.898909387
plain,3270,0.874371732
plain,3271,0.779006191
plain,3272,0.502279267
plain,3273,0.300277409
plain,3274,0.214231352
plain,3275,0.173266028
plain,3276,0.152489404
plain,3277,0.139766362
plain,3278,0.136969552
plain,3279,0.124799349
plain,3280,0.050525842
plain,3281,0.018864397
plain,3282,0.015515632
plain,3283,0.002880536
plain,3284,0.005578132
plain,3285,0.000935574
plain,3286,0.000185857
plain,3287,0.000194248
plain,3288,0.000869899
plain,3289,0.005671926
plain,3290,0.004796447
plain,3291,0.005014529
plain,3292,0.005327355
plain,3293,0.015514685
plain,3294,0.018764684
plain,3295,0.054914647
plain,3296,0.169058535
plain,3297,0.256573518
plain,3298,0.321986138
plain,3299,0.472400102
plain,3300,0.596724799
plain,3301,0.579918549
plain,3302,0.386077036
plain,3303,0.157854342
plain,3304,0.031046236
plain,3305,0.000000026
plain,3312,0.753273654
plain,3313,0.835144928
plain,3314,0.869533189
plain,3315,0.971752745
plain,3316,1.000000000
plain,3317,1.000000000
plain,3318,0.985402028
plain,3319,0.969911807
plain,3320,0.884029274
plain,3321,0.863972194
plain,3322,0.852785312
plain,3323,0.847516899
plain,3324,0.834800150
plain,3325,0.757884646
plain,3326,0.728865674
plain,3327,0.655122458
plain,3328,0.422817672
plain,3329,0.293426675
plain,3330,0.261304748
plain,3331,0.190363322
plain,3332,0.188810295
plain,3333,0.163699872
plain,3334,0.154696152
plain,3335,0.154671011
plain,3336,0.163419414
plain,3337,0.177356938
plain,3338,0.175610872
plain,3339,0.176319221
plain,3340,0.188547729
plain,3341,0.248236168
plain,3342,0.277239035
plain,3343,0.396642598
plain,3344,0.619359150
plain,3345,0.703380589
plain,3346,0.635217828
plain,3347,0.575322469
plain,3348,0.398706930
plain,3349,0.201108406
plain,3350,0.058315563
plain,3351,0.003583421
plain,3360,0.985396627
plain,3361,1.000000000
plain,3362,1.000000000
plain,3363,1.000000000
plain,3364,1.000000000
plain,3365,1.000000000
plain,3366,1.000000000
plain,3367,1.000000000
plain,3368,1.000000000
plain,3369,1.000000000
plain,3370,1.000000000
plain,3371,1.000000000
plain,3372,1.000000000
plain,3373,0.987283253
plain,3374,0.984486384
plain,3375,0.972313908
plain,3376,0.898030041
plain,3377,0.866375981
plain,3378,0.863031683
plain,3379,0.850397199
plain,3380,0.853094958
plain,3381,0.848452458
plain,3382,0.847702752
plain,3383,0.847711144
plain,3384,0.834535881
plain,3385,0.756945355
plain,3386,0.732523236
plain,3387,0.731077388
plain,3388,0.720914765
plain,3389,0.732086869
plain,3390,0.721170995
plain,3391,0.694409277
plain,3392,0.700520932
plain,3393,0.618683528
plain,3394,0.333535134
plain,3395,0.141244812
plain,3396,0.053772639
plain,3397,0.010392764
plain,3408,1.000000000
plain,3409,1.000000000
plain,3410,1.000000000
plain,3411,1.000000000
plain,3412,1.000000000
plain,3413,1.000000000
plain,3414,1.000000000
plain,3415,1.000000000
plain,3416,1.000000000
plain,3417,1.000000000
plain,3418,1.000000000
plain,3419,1.000000000
plain,3420,1.000000000
plain,3421,1.000000000
plain,3422,1.000000000
plain,3423,1.000000000
plain,3424,1.000000000
plain,3425,1.000000000
plain,3426,1.000000000
plain,3427,1.000000000
plain,3428,1.000000000
plain,3429,1.000000000
plain,3430,1.000000000
plain,3431,1.000000000
plain,3432,1.000000000
plain,3433,0.983657065
plain,3434,0.981694259
plain,3435,0.969334094
plain,3436,0.898456311
plain,3437,0.886095546
plain,3438,0.789642110
plain,3439,0.544825316
plain,3440,0.255075765
plain,3441,0.147822101
plain,3442,0.036668358
plain,3443,0.000077717
plain,3456,1.000000000
plain,3457,1.000000000
plain,3458,1.000000000
plain,3459,1.000000000
plain,3460,1.000000000
plain,3461,1.000000000
plain,3462,1.000000000
plain,3463,1.000000000
plain,3464,1.000000000
plain,3465,1.000000000
plain,3466,1.000000000
plain,3467,1.000000000
plain,3468,1.000000000
plain,3469,1.000000000
plain,3470,1.000000000
plain,3471,1.000000000
plain,3472,1.000000000
plain,3473,1.000000000
plain,3474,1.000000000
plain,3475,1.000000000
plain,3476,1.000000000
plain,3477,1.000000000
plain,3478,1.000000000
plain,3479,1.000000000
plain,3480,0.983657067
plain,3481,0.870086863
plain,3482,0.840351819
plain,3483,0.753948760
plain,3484,0.473500233
plain,3485,0.369977136
plain,3486,0.207991898
plain,3487,0.087801483
plain,3488,0.026698090
plain,3489,0.018305942
plain,3490,0.000009730
plain,3504,0.900288163
plain,3505,0.987623399
plain,3506,1.000000000
plain,3507,1.000000000
plain,3508,1.000000000
plain,3509,1.000000000
plain,3510,1.000000000
plain,3511,1.000000000
plain,3512,1.000000000
plain,3513,1.000000000
plain,3514,1.000000000
plain,3515,1.000000000
plain,3516,0.987283257
plain,3517,0.897649215
plain,3518,0.865835162
plain,3519,0.863032275
plain,3520,0.850859817
plain,3521,0.847517186
plain,3522,0.847516897
plain,3523,0.847516897
plain,3524,0.847516897
plain,3525,0.847516897
plain,3526,0.847516897
plain,3527,0.847516897
plain,3528,0.752927743
plain,3529,0.418607962
plain,3530,0.285289342
plain,3531,0.263462335
plain,3532,0.192882642
plain,3533,0.183398274
plain,3534,0.144936252
plain,3535,0.132107880
plain,3536,0.135492245
plain,3537,0.121462993
plain,3538,0.031077105
plain,3539,0.015522762
plain,3540,0.003892313
plain,3541,0.000000000
plain,3552,0.497965797
plain,3553,0.763009430
plain,3554,0.850298642
plain,3555,0.897510659
plain,3556,0.987262611
plain,3557,0.985402030
plain,3558,0.884805248
plain,3559,0.863947925
plain,3560,0.848457696
plain,3561,0.847516897
plain,3562,0.847516897
plain,3563,0.847516897
plain,3564,0.760679728
plain,3565,0.445098274
plain,3566,0.293060187
plain,3567,0.261771650
plain,3568,0.187481858
plain,3569,0.155827708
plain,3570,0.152483392
plain,3571,0.152483103
plain,3572,0.152483103
plain,3573,0.152483103
plain,3574,0.152483103
plain,3575,0.152483103
plain,3576,0.138632191
plain,3577,0.042379524
plain,3578,0.017178572
plain,3579,0.015514569
plain,3580,0.015514497
plain,3581,0.015514606
plain,3582,0.018744608
plain,3583,0.048365509
plain,3584,0.116013098
plain,3585,0.135481023
plain,3586,0.122958146
plain,3587,0.116161631
plain,3588,0.053715062
plain,3589,0.019406811
plain,3590,0.003566346
plain,3591,0.000000000
plain,3600,0.061899815
plain,3601,0.140111139
plain,3602,0.186989391
plain,3603,0.429120319
plain,3604,0.760542053
plain,3605,0.753835106
plain,3606,0.416764327
plain,3607,0.281137382
plain,3608,0.188995478
plain,3609,0.153436581
plain,3610,0.152483103
plain,3611,0.152483103
plain,3612,0.139766360
plain,3613,0.050132318
plain,3614,0.018318265
plain,3615,0.015515378
plain,3616,0.003342921
plain,3617,0.000000289
plain,3618,0.000000000
plain,3630,0.000000102
plain,3631,0.003228129
plain,3632,0.014026775
plain,3633,0.017010138
plain,3634,0.030561357
plain,3635,0.069416383
plain,3636,0.116430333
plain,3637,0.115388784
plain,3638,0.051815183
plain,3639,0.019080843
plain,3640,0.000000026
plain,3649,0.000000000
plain,3650,0.002781745
plain,3651,0.049993762
plain,3652,0.145744179
plain,3653,0.188361245
plain,3654,0.149226429
plain,3655,0.153399634
plain,3656,0.112204176
plain,3657,0.022330378
plain,3658,0.000029300
plain,3659,0.000000000
plain,3681,0.000000000
plain,3682,0.001495634
plain,3683,0.006598400
plain,3684,0.022963874
plain,3685,0.065585345
plain,3686,0.118496347
plain,3687,0.121454138
plain,3688,0.031029148
plain,3689,0.012435513
plain,3701,0.005998465
plain,3702,0.031028995
plain,3703,0.111250698
plain,3704,0.068726312
plain,3705,0.052120105
plain,3706,0.008657128
plain,3707,0.000016730
plain,3708,0.000000000
plain,3732,0.000268779
plain,3733,0.008990383
plain,3734,0.049141217
plain,3735,0.124771152
plain,3736,0.133889622
plain,3737,0.103508320
plain,3738,0.027949983
plain,3739,0.000000013
plain,3750,0.000000000
plain,3751,0.015514559
plain,3752,0.012796028
plain,3753,0.052183642
plain,3754,0.018099012
plain,3755,0.001818923
plain,3756,0.000000110
plain,3781,0.000000000
plain,3782,0.003317043
plain,3783,0.032249916
plain,3784,0.121664698
plain,3785,0.149404180
plain,3786,0.121456124
plain,3787,0.031038757
plain,3788,0.002732481
plain,3800,0.000000062
plain,3801,0.007484579
plain,3802,0.001818287
plain,3803,0.000000134
plain,3804,0.000000004
plain,3831,0.000210588
plain,3832,0.031035472
plain,3833,0.121455863
plain,3834,0.152527176
plain,3835,0.124865919
plain,3836,0.049890976
plain,3837,0.018672151
plain,3850,0.000000001
plain,3851,0.000000004
plain,3880,0.000001163
plain,3881,0.031029381
plain,3882,0.121677025
plain,3883,0.157248980
plain,3884,0.168949127
plain,3885,0.204663186
plain,3886,0.042687958
plain,3887,0.000000025
plain,3928,0.000000002
plain,3929,0.000000168
plain,3930,0.031061509
plain,3931,0.129587506
plain,3932,0.257732857
plain,3933,0.452077285
plain,3934,0.323104832
plain,3935,0.179917646
plain,3976,0.000000097
plain,3977,0.000000574
plain,3978,0.000000183
plain,3979,0.028783806
plain,3980,0.127815990
plain,3981,0.358241977
plain,3982,0.759961647
plain,3983,0.838388372
plain,4024,0.000000003
plain,4025,0.000000180
plain,4026,0.000000415
plain,4027,0.000000060
plain,4028,0.013158541
plain,4029,0.174723032
plain,4030,0.848508032
plain,4031,1.000000000
plain,4072,0.000000003
plain,4073,0.000000180
plain,4074,0.000000415
plain,4075,0.000000060
plain,4076,0.013158488
plain,4077,0.174723024
plain,4078,0.848508029
plain,4079,1.000000000
plain,4120,0.000000097
plain,4121,0.000000574
plain,4122,0.000000183
plain,4123,0.028783749
plain,4124,0.127815598
plain,4125,0.358241639
plain,4126,0.759961594
plain,4127,0.838388372
plain,4168,0.000000002
plain,4169,0.000000168
plain,4170,0.031061509
plain,4171,0.129587460
plain,4172,0.257732356
plain,4173,0.452076297
plain,4174,0.323104540
plain,4175,0.179917646
plain,4186,0.000000001
plain,4187,0.000000004
plain,4216,0.000001163
plain,4217,0.031029381
plain,4218,0.121677024
plain,4219,0.157248967
plain,4220,0.168949021
plain,4221,0.204662886
plain,4222,0.042687913
plain,4223,0.000000025
plain,4232,0.000000062
plain,4233,0.007484539
plain,4234,0.001818263
plain,4235,0.000000134
plain,4236,0.000000004
plain,4263,0.000210587
plain,4264,0.031035472
plain,4265,0.121455863
plain,4266,0.152527176
plain,4267,0.124865917
plain,4268,0.049890970
plain,4269,0.018672150
plain,4278,0.000000000
plain,4279,0.015514559
plain,4280,0.012795938
plain,4281,0.052183343
plain,4282,0.018098832
plain,4283,0.001818899
plain,4284,0.000000110
plain,4309,0.000000000
plain,4310,0.003317014
plain,4311,0.032249907
plain,4312,0.121664696
plain,4313,0.149404120
plain,4314,0.121456124
plain,4315,0.031038757
plain,4316,0.002732481
plain,4325,0.005998440
plain,4326,0.031028995
plain,4327,0.111250648
plain,4328,0.068725979
plain,4329,0.052119773
plain,4330,0.008657063
plain,4331,0.000016730
plain,4332,0.000000000
plain,4356,0.000268776
plain,4357,0.008990315
plain,4358,0.049141057
plain,4359,0.124771123
plain,4360,0.133889562
plain,4361,0.103507971
plain,4362,0.027949923
plain,4363,0.000000013
plain,4369,0.000000000
plain,4370,0.002781739
plain,4371,0.049993723
plain,4372,0.145744148
plain,4373,0.188361096
plain,4374,0.149226391
plain,4375,0.153399632
plain,4376,0.112204128
plain,4377,0.022330337
plain,4378,0.000029300
plain,4379,0.000000000
plain,4401,0.000000000
plain,4402,0.001495600
plain,4403,0.006598339
plain,4404,0.022963814
plain,4405,0.065585106
plain,4406,0.118496267
plain,4407,0.121454138
plain,4408,0.031029148
plain,4409,0.012435453
plain,4416,0.061899782
plain,4417,0.140111134
plain,4418,0.186989352
plain,4419,0.429120187
plain,4420,0.760542013
plain,4421,0.753835068
plain,4422,0.416764285
plain,4423,0.281137371
plain,4424,0.188995485
plain,4425,0.153436583
plain,4426,0.152483103
plain,4427,0.152483103
plain,4428,0.139766356
plain,4429,0.050132295
plain,4430,0.018318260
plain,4431,0.015515378
plain,4432,0.003342902
plain,4433,0.000000289
plain,4434,0.000000000
plain,4446,0.000000102
plain,4447,0.003228048
plain,4448,0.014026694
plain,4449,0.017010104
plain,4450,0.030561098
plain,4451,0.069416013
plain,4452,0.116430267
plain,4453,0.115388731
plain,4454,0.051815110
plain,4455,0.019080830
plain,4456,0.000000026
plain,4464,0.497965686
plain,4465,0.763009402
plain,4466,0.850298636
plain,4467,0.897510619
plain,4468,0.987262605
plain,4469,0.985402028
plain,4470,0.884805235
plain,4471,0.863947923
plain,4472,0.848457697
plain,4473,0.847516897
plain,4474,0.847516897
plain,4475,0.847516897
plain,4476,0.760679705
plain,4477,0.445098210
plain,4478,0.293060163
plain,4479,0.261771631
plain,4480,0.187481750
plain,4481,0.155827690
plain,4482,0.152483392
plain,4483,0.152483103
plain,4484,0.152483103
plain,4485,0.152483103
plain,4486,0.152483103
plain,4487,0.152483103
plain,4488,0.138632189
plain,4489,0.042379515
plain,4490,0.017178570
plain,4491,0.015514569
plain,4492,0.015514497
plain,4493,0.015514606
plain,4494,0.018744527
plain,4495,0.048364957
plain,4496,0.116012543
plain,4497,0.135480942
plain,4498,0.122958111
plain,4499,0.116161568
plain,4500,0.053715033
plain,4501,0.019406806
plain,4502,0.003566333
plain,4503,0.000000000
plain,4512,0.900288130
plain,4513,0.987623395
plain,4514,1.000000000
plain,4515,1.000000000
plain,4516,1.000000000
plain,4517,1.000000000
plain,4518,1.000000000
plain,4519,1.000000000
plain,4520,1.000000000
plain,4521,1.000000000
plain,4522,1.000000000
plain,4523,1.000000000
plain,4524,0.987283253
plain,4525,0.897649192
plain,4526,0.865835157
plain,4527,0.863032275
plain,4528,0.850859799
plain,4529,0.847517186
plain,4530,0.847516897
plain,4531,0.847516897
plain,4532,0.847516897
plain,4533,0.847516897
plain,4534,0.847516897
plain,4535,0.847516897
plain,4536,0.752927734
plain,4537,0.418607942
plain,4538,0.285289332
plain,4539,0.263462325
plain,4540,0.192882595
plain,4541,0.183398257
plain,4542,0.144936249
plain,4543,0.132107798
plain,4544,0.135492163
plain,4545,0.121462993
plain,4546,0.031077105
plain,4547,0.015522762
plain,4548,0.003892308
plain,4549,0.000000000
plain,4560,1.000000000
plain,4561,1.000000000
plain,4562,1.000000000
plain,4563,1.000000000
plain,4564,1.000000000
plain,4565,1.000000000
plain,4566,1.000000000
plain,4567,1.000000000
plain,4568,1.000000000
plain,4569,1.000000000
plain,4570,1.000000000
plain,4571,1.000000000
plain,4572,1.000000000
plain,4573,1.000000000
plain,4574,1.000000000
plain,4575,1.000000000
plain,4576,1.000000000
plain,4577,1.000000000
plain,4578,1.000000000
plain,4579,1.000000000
plain,4580,1.000000000
plain,4581,1.000000000
plain,4582,1.000000000
plain,4583,1.000000000
plain,4584,0.983657065
plain,4585,0.870086852
plain,4586,0.840351816
plain,4587,0.753948709
plain,4588,0.473500113
plain,4589,0.369977116
plain,4590,0.207991895
plain,4591,0.087801472
plain,4592,0.026698088
plain,4593,0.018305942
plain,4594,0.000009730
plain,4608,1.000000000
plain,4609,1.000000000
plain,4610,1.000000000
plain,4611,1.000000000
plain,4612,1.000000000
plain,4613,1.000000000
plain,4614,1.000000000
plain,4615,1.000000000
plain,4616,1.000000000
plain,4617,1.000000000
plain,4618,1.000000000
plain,4619,1.000000000
plain,4620,1.000000000
plain,4621,1.000000000
plain,4622,1.000000000
plain,4623,1.000000000
plain,4624,1.000000000
plain,4625,1.000000000
plain,4626,1.000000000
plain,4627,1.000000000
plain,4628,1.000000000
plain,4629,1.000000000
plain,4630,1.000000000
plain,4631,1.000000000
plain,4632,0.983646197
plain,4633,0.870034376
plain,4634,0.840340946
plain,4635,0.753756383
plain,4636,0.472712954
plain,4637,0.369412382
plain,4638,0.207774823
plain,4639,0.087439473
plain,4640,0.026636043
plain,4641,0.018305942
plain,4642,0.000009604
plain,4656,0.900318075
plain,4657,0.987628650
plain,4658,1.000000000
plain,4659,1.000000000
plain,4660,1.000000000
plain,4661,1.000000000
plain,4662,1.000000000
plain,4663,1.000000000
plain,4664,1.000000000
plain,4665,1.000000000
plain,4666,1.000000000
plain,4667,1.000000000
plain,4668,0.987281441
plain,4669,0.897640445
plain,4670,0.865833344
plain,4671,0.863032274
plain,4672,0.850856493
plain,4673,0.847517186
plain,4674,0.847516897
plain,4675,0.847516897
plain,4676,0.847516897
plain,4677,0.847516897
plain,4678,0.847516897
plain,4679,0.847516897
plain,4680,0.752883260
plain,4681,0.418500567
plain,4682,0.285244853
plain,4683,0.263285538
plain,4684,0.191858932
plain,4685,0.183090824
plain,4686,0.144908762
plain,4687,0.131971147
plain,4688,0.135358313
plain,4689,0.121462885
plain,4690,0.031076482
plain,4691,0.015522655
plain,4692,0.003857041
plain,4693,0.000000000
plain,4704,0.498038012
plain,4705,0.763034781
plain,4706,0.850300132
plain,4707,0.897517831
plain,4708,0.987264097
plain,4709,0.985402950
plain,4710,0.884809690
plain,4711,0.863948845
plain,4712,0.848459543
plain,4713,0.847516897
plain,4714,0.847516897
plain,4715,0.847516897
plain,4716,0.760670958
plain,4717,0.445077100
plain,4718,0.293051413
plain,4719,0.261768324
plain,4720,0.187462480
plain,4721,0.155824382
plain,4722,0.152483392
plain,4723,0.152483103
plain,4724,0.152483103
plain,4725,0.152483103
plain,4726,0.152483103
plain,4727,0.152483103
plain,4728,0.138622979
plain,4729,0.042335040
plain,4730,0.017169357
plain,4731,0.015514568
plain,4732,0.015371470
plain,4733,0.015514604
plain,4734,0.018660742
plain,4735,0.047742961
plain,4736,0.115149285
plain,4737,0.135347203
plain,4738,0.122934136
plain,4739,0.116083461
plain,4740,0.053509481
plain,4741,0.019371539
plain,4742,0.003513711
plain,4743,0.000000000
plain,4752,0.061929728
plain,4753,0.140116394
plain,4754,0.186996589
plain,4755,0.429137637
plain,4756,0.760549225
plain,4757,0.753847739
plain,4758,0.416775052
plain,4759,0.281143671
plain,4760,0.189006241
plain,4761,0.153438445
plain,4762,0.152483103
plain,4763,0.152483103
plain,4764,0.139764544
plain,4765,0.050123548
plain,4766,0.018316447
plain,4767,0.015515378
plain,4768,0.003339596
plain,4769,0.000000289
plain,4770,0.000000000
plain,4782,0.000000101
plain,4783,0.003144296
plain,4784,0.013892955
plain,4785,0.016986235
plain,4786,0.030379143
plain,4787,0.069142451
plain,4788,0.116352139
plain,4789,0.115349805
plain,4790,0.051508404
plain,4791,0.019028208
plain,4792,0.000000026
plain,4801,0.000000000
plain,4802,0.002783235
plain,4803,0.050000934
plain,4804,0.145753856
plain,4805,0.188409905
plain,4806,0.149239062
plain,4807,0.153400554
plain,4808,0.112218670
plain,4809,0.022347170
plain,4810,0.000029358
plain,4811,0.000000000
plain,4833,0.000000000
plain,4834,0.001471731
plain,4835,0.006555477
plain,4836,0.022977388
plain,4837,0.065664916
plain,4838,0.118523996
plain,4839,0.121454137
plain,4840,0.031029145
plain,4841,0.012330966
plain,4853,0.006006656
plain,4854,0.031028995
plain,4855,0.111263328
plain,4856,0.068816621
plain,4857,0.052242982
plain,4858,0.008680679
plain,4859,0.000016773
plain,4860,0.000000000
plain,4884,0.000268755
plain,4885,0.009070666
plain,4886,0.049529547
plain,4887,0.124842575
plain,4888,0.133785075
plain,4889,0.102898981
plain,4890,0.027845437
plain,4891,0.000000013
plain,4902,0.000000000
plain,4903,0.015514560
plain,4904,0.012821549
plain,4905,0.052282076
plain,4906,0.018150483
plain,4907,0.001825538
plain,4908,0.000000111
plain,4933,0.000000000
plain,4934,0.003388465
plain,4935,0.032277865
plain,4936,0.121669578
plain,4937,0.149299633
plain,4938,0.121456087
plain,4939,0.031038602
plain,4940,0.002768911
plain,4952,0.000000063
plain,4953,0.007497469
plain,4954,0.001824899
plain,4955,0.000000135
plain,4956,0.000000004
plain,4983,0.000215469
plain,4984,0.031035967
plain,4985,0.121455981
plain,4986,0.152526216
plain,4987,0.124887352
plain,4988,0.050050269
plain,4989,0.018697786
plain,5002,0.000000001
plain,5003,0.000000004
plain,5032,0.000001286
plain,5033,0.031029663
plain,5034,0.121673238
plain,5035,0.157149011
plain,5036,0.168264134
plain,5037,0.202610249
plain,5038,0.042281539
plain,5039,0.000000024
plain,5079,0.000000000
plain,5080,0.000000059
plain,5081,0.000083512
plain,5082,0.031062404
plain,5083,0.129387914
plain,5084,0.254632405
plain,5085,0.446938913
plain,5086,0.321100012
plain,5087,0.179917643
plain,5127,0.000000000
plain,5128,0.000083037
plain,5129,0.000500193
plain,5130,0.000208984
plain,5131,0.028150938
plain,5132,0.123545831
plain,5133,0.355150315
plain,5134,0.759350190
plain,5135,0.838388372
plain,5175,0.000000000
plain,5176,0.000014718
plain,5177,0.000301070
plain,5178,0.000818595
plain,5179,0.000117501
plain,5180,0.012520079
plain,5181,0.174517991
plain,5182,0.848465567
plain,5183,1.000000000
plain,5223,0.000000000
plain,5224,0.000014752
plain,5225,0.000301908
plain,5226,0.000819076
plain,5227,0.000117592
plain,5228,0.012520265
plain,5229,0.174518050
plain,5230,0.848465578
plain,5231,1.000000000
plain,5271,0.000000000
plain,5272,0.000083615
plain,5273,0.000503604
plain,5274,0.000209685
plain,5275,0.028151112
plain,5276,0.123546843
plain,5277,0.355150466
plain,5278,0.759350225
plain,5279,0.838388372
plain,5319,0.000000000
plain,5320,0.000000059
plain,5321,0.000084092
plain,5322,0.031062410
plain,5323,0.129387868
plain,5324,0.254632248
plain,5325,0.446938242
plain,5326,0.321099837
plain,5327,0.179917643
plain,5338,0.000000001
plain,5339,0.000000004
plain,5368,0.000001287
plain,5369,0.031029663
plain,5370,0.121673237
plain,5371,0.157149000
plain,5372,0.168264110
plain,5373,0.202610055
plain,5374,0.042281515
plain,5375,0.000000024
plain,5384,0.000000063
plain,5385,0.007497435
plain,5386,0.001824879
plain,5387,0.000000135
plain,5388,0.000000004
plain,5415,0.000215473
plain,5416,0.031035968
plain,5417,0.121455981
plain,5418,0.152526216
plain,5419,0.124887407
plain,5420,0.050050592
plain,5421,0.018697841
plain,5430,0.000000000
plain,5431,0.015514560
plain,5432,0.012821479
plain,5433,0.052281827
plain,5434,0.018150330
plain,5435,0.001825518
plain,5436,0.000000111
plain,5461,0.000000000
plain,5462,0.003388515
plain,5463,0.032277892
plain,5464,0.121669583
plain,5465,0.149299513
plain,5466,0.121456087
plain,5467,0.031038602
plain,5468,0.002768967
plain,5477,0.006006640
plain,5478,0.031028995
plain,5479,0.111263293
plain,5480,0.068816387
plain,5481,0.052242744
plain,5482,0.008680630
plain,5483,0.000016773
plain,5484,0.000000000
plain,5508,0.000268759
plain,5509,0.009070762
plain,5510,0.049529810
plain,5511,0.124842624
plain,5512,0.133784956
plain,5513,0.102898284
plain,5514,0.027845318
plain,5515,0.000000013
plain,5521,0.000000000
plain,5522,0.002783231
plain,5523,0.050000903
plain,5524,0.145753836
plain,5525,0.188409813
plain,5526,0.149239037
plain,5527,0.153400553
plain,5528,0.112218636
plain,5529,0.022347141
plain,5530,0.000029358
plain,5531,0.000000000
plain,5553,0.000000000
plain,5554,0.001471771
plain,5555,0.006555549
plain,5556,0.022977467
plain,5557,0.065665218
plain,5558,0.118524084
plain,5559,0.121454137
plain,5560,0.031029145
plain,5561,0.012330846
plain,5568,0.061929698
plain,5569,0.140116390
plain,5570,0.186996559
plain,5571,0.429137527
plain,5572,0.760549194
plain,5573,0.753847714
plain,5574,0.416775017
plain,5575,0.281143662
plain,5576,0.189006246
plain,5577,0.153438446
plain,5578,0.152483103
plain,5579,0.152483103
plain,5580,0.139764546
plain,5581,0.050123555
plain,5582,0.018316449
plain,5583,0.015515378
plain,5584,0.003339623
plain,5585,0.000000289
plain,5586,0.000000000
plain,5598,0.000000101
plain,5599,0.003144376
plain,5600,0.013893035
plain,5601,0.016986275
plain,5602,0.030379440
plain,5603,0.069142881
plain,5604,0.116352209
plain,5605,0.115349849
plain,5606,0.051508358
plain,5607,0.019028200
plain,5608,0.000000026
plain,5616,0.498037910
plain,5617,0.763034757
plain,5618,0.850300127
plain,5619,0.897517800
plain,5620,0.987264093
plain,5621,0.985402949
plain,5622,0.884809681
plain,5623,0.863948844
plain,5624,0.848459544
plain,5625,0.847516897
plain,5626,0.847516897
plain,5627,0.847516897
plain,5628,0.760670965
plain,5629,0.445077110
plain,5630,0.293051420
plain,5631,0.261768351
plain,5632,0.187462637
plain,5633,0.155824409
plain,5634,0.152483392
plain,5635,0.152483103
plain,5636,0.152483103
plain,5637,0.152483103
plain,5638,0.152483103
plain,5639,0.152483103
plain,5640,0.138622982
plain,5641,0.042335058
plain,5642,0.017169360
plain,5643,0.015514568
plain,5644,0.015371474
plain,5645,0.015514604
plain,5646,0.018660823
plain,5647,0.047743511
plain,5648,0.115149830
plain,5649,0.135347283
plain,5650,0.122934175
plain,5651,0.116083526
plain,5652,0.053509474
plain,5653,0.019371538
plain,5654,0.003513703
plain,5655,0.000000000
plain,5664,0.900318046
plain,5665,0.987628646
plain,5666,1.000000000
plain,5667,1.000000000
plain,5668,1.000000000
plain,5669,1.000000000
plain,5670,1.000000000
plain,5671,1.000000000
plain,5672,1.000000000
plain,5673,1.000000000
plain,5674,1.000000000
plain,5675,1.000000000
plain,5676,0.987281443
plain,5677,0.897640452
plain,5678,0.865833346
plain,5679,0.863032274
plain,5680,0.850856520
plain,5681,0.847517186
plain,5682,0.847516897
plain,5683,0.847516897
plain,5684,0.847516897
plain,5685,0.847516897
plain,5686,0.847516897
plain,5687,0.847516897
plain,5688,0.752883277
plain,5689,0.418500613
plain,5690,0.285244870
plain,5691,0.263285555
plain,5692,0.191859036
plain,5693,0.183090932
plain,5694,0.144908782
plain,5695,0.131971232
plain,5696,0.135358393
plain,5697,0.121462885
plain,5698,0.031076482
plain,5699,0.015522655
plain,5700,0.003857040
plain,5701,0.000000000
plain,5712,1.000000000
plain,5713,1.000000000
plain,5714,1.000000000
plain,5715,1.000000000
plain,5716,1.000000000
plain,5717,1.000000000
plain,5718,1.000000000
plain,5719,1.000000000
plain,5720,1.000000000
plain,5721,1.000000000
plain,5722,1.000000000
plain,5723,1.000000000
plain,5724,1.000000000
plain,5725,1.000000000
plain,5726,1.000000000
plain,5727,1.000000000
plain,5728,1.000000000
plain,5729,1.000000000
plain,5730,1.000000000
plain,5731,1.000000000
plain,5732,1.000000000
plain,5733,1.000000000
plain,5734,1.000000000
plain,5735,1.000000000
plain,5736,0.983646201
plain,5737,0.870034396
plain,5738,0.840340950
plain,5739,0.753756458
plain,5740,0.472713260
plain,5741,0.369412769
plain,5742,0.207774950
plain,5743,0.087439506
plain,5744,0.026636047
plain,5745,0.018305942
plain,5746,0.000009604
plain,5760,1.000000000
plain,5761,1.000000000
plain,5762,1.000000000
plain,5763,1.000000000
plain,5764,1.000000000
plain,5765,1.000000000
plain,5766,1.000000000
plain,5767,1.000000000
plain,5768,1.000000000
plain,5769,1.000000000
plain,5770,1.000000000
plain,5771,1.000000000
plain,5772,1.000000000
plain,5773,1.000000000
plain,5774,1.000000000
plain,5775,1.000000000
plain,5776,1.000000000
plain,5777,1.000000000
plain,5778,1.000000000
plain,5779,1.000000000
plain,5780,1.000000000
plain,5781,1.000000000
plain,5782,1.000000000
plain,5783,1.000000000
plain,5784,1.000000000
plain,5785,0.983646197
plain,5786,0.981694258
plain,5787,0.969125502
plain,5788,0.897208645
plain,5789,0.885700908
plain,5790,0.789248248
plain,5791,0.543693312
plain,5792,0.254437708
plain,5793,0.147774522
plain,5794,0.036667623
plain,5795,0.000076221
plain,5808,0.985402827
plain,5809,1.000000000
plain,5810,1.000000000
plain,5811,1.000000000
plain,5812,1.000000000
plain,5813,1.000000000
plain,5814,1.000000000
plain,5815,1.000000000
plain,5816,1.000000000
plain,5817,1.000000000
plain,5818,1.000000000
plain,5819,1.000000000
plain,5820,1.000000000
plain,5821,0.987281441
plain,5822,0.984486383
plain,5823,0.972310602
plain,5824,0.898010771
plain,5825,0.866372673
plain,5826,0.863031683
plain,5827,0.850393323
plain,5828,0.853091119
plain,5829,0.848451628
plain,5830,0.847702596
plain,5831,0.847710981
plain,5832,0.834525890
plain,5833,0.756886008
plain,5834,0.732444724
plain,5835,0.729844102
plain,5836,0.718293286
plain,5837,0.731226203
plain,5838,0.721034577
plain,5839,0.693480896
plain,5840,0.699564893
plain,5841,0.618549167
plain,5842,0.333532105
plain,5843,0.141202157
plain,5844,0.053565926
plain,5845,0.010218155
plain,5856,0.753309791
plain,5857,0.835150187
plain,5858,0.869555493
plain,5859,0.971754241
plain,5860,1.000000000
plain,5861,1.000000000
plain,5862,0.985402950
plain,5863,0.969913652
plain,5864,0.884040031
plain,5865,0.863974039
plain,5866,0.852805538
plain,5867,0.847516899
plain,5868,0.834798338
plain,5869,0.757874085
plain,5870,0.728863861
plain,5871,0.655103188
plain,5872,0.422759860
plain,5873,0.293407400
plain,5874,0.261300870
plain,5875,0.190336891
plain,5876,0.188783212
plain,5877,0.163691038
plain,5878,0.154694255
plain,5879,0.154669128
plain,5880,0.163409038
plain,5881,0.177244640
plain,5882,0.174801646
plain,5883,0.173690641
plain,5884,0.186808229
plain,5885,0.248006279
plain,5886,0.276750861
plain,5887,0.394398572
plain,5888,0.616506058
plain,5889,0.702577132
plain,5890,0.635035250
plain,5891,0.574842088
plain,5892,0.397908094
plain,5893,0.200038090
plain,5894,0.057869515
plain,5895,0.003530165
plain,5904,0.147014480
plain,5905,0.159007202
plain,5906,0.299150036
plain,5907,0.658356603
plain,5908,0.844697769
plain,5909,0.898958195
plain,5910,0.874385322
plain,5911,0.779017869
plain,5912,0.502311552
plain,5913,0.300308489
plain,5914,0.214349253
plain,5915,0.173286254
plain,5916,0.152489420
plain,5917,0.139764550
plain,5918,0.136969552
plain,5919,0.124796042
plain,5920,0.050506571
plain,5921,0.018861091
plain,5922,0.015515633
plain,5923,0.002876661
plain,5924,0.005574293
plain,5925,0.000934744
plain,5926,0.000185702
plain,5927,0.000194085
plain,5928,0.000869118
plain,5929,0.005666262
plain,5930,0.004727149
plain,5931,0.004614867
plain,5932,0.005240502
plain,5933,0.015514683
plain,5934,0.018680845
plain,5935,0.054265827
plain,5936,0.168040783
plain,5937,0.256274168
plain,5938,0.321314612
plain,5939,0.471476621
plain,5940,0.596283129
plain,5941,0.579517043
plain,5942,0.385169979
plain,5943,0.157543941
plain,5944,0.031045599
plain,5945,0.000000026
plain,5953,0.000004641
plain,5954,0.022038596
plain,5955,0.128147463
plain,5956,0.225796802
plain,5957,0.457786014
plain,5958,0.687078972
plain,5959,0.807239768
plain,5960,0.588568260
plain,5961,0.288805677
plain,5962,0.149187034
plain,5963,0.121477087
plain,5964,0.031065793
plain,5965,0.000265551
plain,5966,0.000000004
plain,5967,0.000000044
plain,5968,0.000002077
plain,5969,0.000000548
plain,5970,0.000000046
plain,5971,0.000000031
plain,5972,0.000000007
plain,5973,0.000000001
plain,5974,0.000000000
plain,5975,0.000000000
plain,5976,0.000000000
plain,5977,0.000000000
plain,5978,0.000000000
plain,5979,0.000000000
plain,5980,0.000000000
plain,5981,0.000000000
plain,5982,0.000000083
plain,5983,0.000020980
plain,5984,0.006409609
plain,5985,0.017502777
plain,5986,0.048904251
plain,5987,0.177165005
plain,5988,0.290250665
plain,5989,0.460203638
plain,5990,0.618559678
plain,5991,0.611313187
plain,5992,0.330150229
plain,5993,0.118413628
plain,5994,0.012335204
plain,6004,0.009916776
plain,6005,0.081552850
plain,6006,0.323825494
plain,6007,0.562337994
plain,6008,0.488837469
plain,6009,0.362898324
plain,6010,0.210313402
plain,6011,0.154405752
plain,6012,0.121719770
plain,6013,0.032539937
plain,6014,0.002812606
plain,6015,0.000000003
plain,6016,0.000000000
plain,6019,0.000000000
plain,6020,0.000000000
plain,6021,0.000000000
plain,6033,0.000000000
plain,6034,0.000516547
plain,6035,0.017772565
plain,6036,0.050086449
plain,6037,0.192094393
plain,6038,0.410460229
plain,6039,0.655387120
plain,6040,0.707722083
plain,6041,0.548947583
plain,6042,0.208863458
plain,6043,0.021548586
plain,6044,0.000000013
plain,6053,0.000000001
plain,6054,0.032639975
plain,6055,0.136167670
plain,6056,0.220067007
plain,6057,0.338947873
plain,6058,0.234946716
plain,6059,0.163137962
plain,6060,0.152483751
plain,6061,0.124266714
plain,6062,0.045911115
plain,6063,0.008670274
plain,6064,0.000000105
plain,6065,0.000000000
plain,6066,0.000000000
plain,6067,0.000000000
plain,6068,0.000000000
plain,6083,0.000000000
plain,6084,0.001989318
plain,6085,0.034203215
plain,6086,0.156718034
plain,6087,0.341298268
plain,6088,0.649224457
plain,6089,0.797933971
plain,6090,0.622973794
plain,6091,0.265306796
plain,6092,0.053189105
plain,6093,0.002767519
plain,6103,0.001611357
plain,6104,0.038528660
plain,6105,0.166977830
plain,6106,0.170616961
plain,6107,0.154308712
plain,6108,0.152483237
plain,6109,0.152483103
plain,6110,0.130124368
plain,6111,0.066680953
plain,6112,0.021631985
plain,6113,0.000017617
plain,6114,0.000000121
plain,6115,0.000000015
plain,6116,0.000000002
plain,6117,0.000000000
plain,6118,0.000000000
plain,6132,0.000000000
plain,6133,0.000000006
plain,6134,0.016771714
plain,6135,0.053878037
plain,6136,0.319099318
plain,6137,0.651159752
plain,6138,0.816489883
plain,6139,0.657837570
plain,6140,0.382141351
plain,6141,0.153098892
plain,6142,0.015514497
plain,6152,0.000000314
plain,6153,0.031028995
plain,6154,0.121454118
plain,6155,0.137773514
plain,6156,0.152483107
plain,6157,0.152483103
plain,6158,0.152483103
plain,6159,0.143085497
plain,6160,0.121471724
plain,6161,0.031131187
plain,6162,0.001149353
plain,6163,0.000017042
plain,6164,0.000001936
plain,6165,0.000000015
plain,6166,0.000000000
plain,6167,0.000000000
plain,6179,0.000000000
plain,6180,0.000000000
plain,6181,0.000000010
plain,6182,0.000000179
plain,6183,0.001056575
plain,6184,0.046575621
plain,6185,0.317827187
plain,6186,0.643935881
plain,6187,0.819857186
plain,6188,0.761226110
plain,6189,0.619044374
plain,6190,0.227393741
plain,6191,0.018305826
plain,6202,0.016319380
plain,6203,0.035720199
plain,6204,0.122258999
plain,6205,0.137087083
plain,6206,0.143579297
plain,6207,0.152483103
plain,6208,0.152483103
plain,6209,0.122602748
plain,6210,0.037638632
plain,6211,0.004557908
plain,6212,0.000174529
plain,6213,0.000002456
plain,6214,0.000000014
plain,6215,0.000000000
plain,6227,0.000000000
plain,6228,0.000000000
plain,6229,0.000000087
plain,6230,0.000010618
plain,6231,0.000088117
plain,6232,0.000619904
plain,6233,0.040824939
plain,6234,0.275666513
plain,6235,0.625565896
plain,6236,0.826887631
plain,6237,0.895655418
plain,6238,0.646890197
plain,6239,0.286611676
plain,6250,0.000000000
plain,6251,0.000804890
plain,6252,0.015633013
plain,6253,0.022815728
plain,6254,0.069679171
plain,6255,0.132745415
plain,6256,0.152483103
plain,6257,0.152483103
plain,6258,0.125911972
plain,6259,0.050582004
plain,6260,0.006140253
plain,6261,0.000150176
plain,6262,0.000000467
plain,6263,0.000000000
plain,6275,0.000000000
plain,6276,0.000000001
plain,6277,0.000000223
plain,6278,0.000020642
plain,6279,0.000611541
plain,6280,0.004670997
plain,6281,0.009999719
plain,6282,0.028669358
plain,6283,0.204678328
plain,6284,0.537698902
plain,6285,0.750891439
plain,6286,0.938890703
plain,6287,0.856694174
plain,6299,0.000000000
plain,6300,0.000000007
plain,6301,0.000120246
plain,6302,0.011303386
plain,6303,0.062991993
plain,6304,0.141649221
plain,6305,0.152483103
plain,6306,0.152483103
plain,6307,0.126737939
plain,6308,0.029025813
plain,6309,0.001963816
plain,6310,0.000000918
plain,6311,0.000000000
plain,6323,0.000000000
plain,6324,0.000000002
plain,6325,0.000000377
plain,6326,0.000038225
plain,6327,0.000734990
plain,6328,0.005865390
plain,6329,0.019145963
plain,6330,0.022875298
plain,6331,0.015056501
plain,6332,0.113995289
plain,6333,0.376883249
plain,6334,0.878545922
plain,6335,1.000000000
plain,6347,0.000000000
plain,6348,0.000000007
plain,6349,0.000120246
plain,6350,0.011303365
plain,6351,0.062991964
plain,6352,0.141649215
plain,6353,0.152483103
plain,6354,0.152483103
plain,6355,0.126737943
plain,6356,0.029025816
plain,6357,0.001963817
plain,6358,0.000000918
plain,6359,0.000000000
plain,6371,0.000000000
plain,6372,0.000000002
plain,6373,0.000000377
plain,6374,0.000038225
plain,6375,0.000735006
plain,6376,0.005866633
plain,6377,0.019152413
plain,6378,0.022875602
plain,6379,0.015056724
plain,6380,0.113996311
plain,6381,0.376883435
plain,6382,0.878545922
plain,6383,1.000000000
plain,6394,0.000000000
plain,6395,0.000804889
plain,6396,0.015633013
plain,6397,0.022815712
plain,6398,0.069679084
plain,6399,0.132745394
plain,6400,0.152483103
plain,6401,0.152483103
plain,6402,0.125911976
plain,6403,0.050582020
plain,6404,0.006140257
plain,6405,0.000150176
plain,6406,0.000000467
plain,6407,0.000000000
plain,6419,0.000000000
plain,6420,0.000000001
plain,6421,0.000000223
plain,6422,0.000020642
plain,6423,0.000611568
plain,6424,0.004675339
plain,6425,0.010014972
plain,6426,0.028674336
plain,6427,0.204679477
plain,6428,0.537701973
plain,6429,0.750892499
plain,6430,0.938890713
plain,6431,0.856694174
plain,6442,0.016319379
plain,6443,0.035720190
plain,6444,0.122258998
plain,6445,0.137087083
plain,6446,0.143579282
plain,6447,0.152483103
plain,6448,0.152483103
plain,6449,0.122602749
plain,6450,0.037638639
plain,6451,0.004557913
plain,6452,0.000174530
plain,6453,0.000002456
plain,6454,0.000000014
plain,6455,0.000000000
plain,6467,0.000000000
plain,6468,0.000000000
plain,6469,0.000000087
plain,6470,0.000010619
plain,6471,0.000088121
plain,6472,0.000620525
plain,6473,0.040829671
plain,6474,0.275670531
plain,6475,0.625566655
plain,6476,0.826888590
plain,6477,0.895655458
plain,6478,0.646890173
plain,6479,0.286611676
plain,6488,0.000000314
plain,6489,0.031028995
plain,6490,0.121454118
plain,6491,0.137773512
plain,6492,0.152483107
plain,6493,0.152483103
plain,6494,0.152483103
plain,6495,0.143085495
plain,6496,0.121471724
plain,6497,0.031131187
plain,6498,0.001149355
plain,6499,0.000017042
plain,6500,0.000001936
plain,6501,0.000000015
plain,6502,0.000000000
plain,6503,0.000000000
plain,6515,0.000000000
plain,6516,0.000000000
plain,6517,0.000000010
plain,6518,0.000000179
plain,6519,0.001056607
plain,6520,0.046575626
plain,6521,0.317827192
plain,6522,0.643936466
plain,6523,0.819857241
plain,6524,0.761226427
plain,6525,0.619044405
plain,6526,0.227393741
plain,6527,0.018305826
plain,6535,0.001611361
plain,6536,0.038528625
plain,6537,0.166977610
plain,6538,0.170616808
plain,6539,0.154308692
plain,6540,0.152483237
plain,6541,0.152483103
plain,6542,0.130124366
plain,6543,0.066680943
plain,6544,0.021631984
plain,6545,0.000017617
plain,6546,0.000000121
plain,6547,0.000000015
plain,6548,0.000000002
plain,6549,0.000000000
plain,6550,0.000000000
plain,6564,0.000000000
plain,6565,0.000000006
plain,6566,0.016771749
plain,6567,0.053878244
plain,6568,0.319099356
plain,6569,0.651159754
plain,6570,0.816489883
plain,6571,0.657837978
plain,6572,0.382142327
plain,6573,0.153099217
plain,6574,0.015514497
plain,6581,0.000000001
plain,6582,0.032639978
plain,6583,0.136167656
plain,6584,0.220066577
plain,6585,0.338946951
plain,6586,0.234946130
plain,6587,0.163137843
plain,6588,0.152483751
plain,6589,0.124266714
plain,6590,0.045911116
plain,6591,0.008670272
plain,6592,0.000000105
plain,6593,0.000000000
plain,6594,0.000000000
plain,6595,0.000000000
plain,6596,0.000000000
plain,6611,0.000000000
plain,6612,0.001989336
plain,6613,0.034203260
plain,6614,0.156718323
plain,6615,0.341298424
plain,6616,0.649224365
plain,6617,0.797933274
plain,6618,0.622973756
plain,6619,0.265307327
plain,6620,0.053189512
plain,6621,0.002767575
plain,6628,0.009916758
plain,6629,0.081552760
plain,6630,0.323825479
plain,6631,0.562337793
plain,6632,0.488836651
plain,6633,0.362897391
plain,6634,0.210313080
plain,6635,0.154405732
plain,6636,0.121719770
plain,6637,0.032539939
plain,6638,0.002812606
plain,6639,0.000000003
plain,6640,0.000000000
plain,6643,0.000000000
plain,6644,0.000000000
plain,6645,0.000000000
plain,6657,0.000000000
plain,6658,0.000516550
plain,6659,0.017772587
plain,6660,0.050086631
plain,6661,0.192094975
plain,6662,0.410461072
plain,6663,0.655387410
plain,6664,0.707721390
plain,6665,0.548945491
plain,6666,0.208862760
plain,6667,0.021548668
plain,6668,0.000000013
plain,6673,0.000004641
plain,6674,0.022038590
plain,6675,0.128147457
plain,6676,0.225796698
plain,6677,0.457785741
plain,6678,0.687078880
plain,6679,0.807239734
plain,6680,0.588568031
plain,6681,0.288805473
plain,6682,0.149187024
plain,6683,0.121477087
plain,6684,0.031065793
plain,6685,0.000265551
plain,6686,0.000000004
plain,6687,0.000000044
plain,6688,0.000002077
plain,6689,0.000000548
plain,6690,0.000000046
plain,6691,0.000000031
plain,6692,0.000000007
plain,6693,0.000000001
plain,6694,0.000000000
plain,6695,0.000000000
plain,6696,0.000000000
plain,6697,0.000000000
plain,6698,0.000000000
plain,6699,0.000000000
plain,6700,0.000000000
plain,6701,0.000000000
plain,6702,0.000000083
plain,6703,0.000020980
plain,6704,0.006409618
plain,6705,0.017502821
plain,6706,0.048904571
plain,6707,0.177165466
plain,6708,0.290251131
plain,6709,0.460204595
plain,6710,0.618560192
plain,6711,0.611313224
plain,6712,0.330150109
plain,6713,0.118412931
plain,6714,0.012335084
plain,6720,0.147014476
plain,6721,0.159007196
plain,6722,0.299150001
plain,6723,0.658356573
plain,6724,0.844697747
plain,6725,0.898958103
plain,6726,0.874385299
plain,6727,0.779017873
plain,6728,0.502311568
plain,6729,0.300308512
plain,6730,0.214349362
plain,6731,0.173286272
plain,6732,0.152489420
plain,6733,0.139764552
plain,6734,0.136969552
plain,6735,0.124796069
plain,6736,0.050506728
plain,6737,0.018861118
plain,6738,0.015515633
plain,6739,0.002876669
plain,6740,0.005574300
plain,6741,0.000934745
plain,6742,0.000185702
plain,6743,0.000194085
plain,6744,0.000869119
plain,6745,0.005666267
plain,6746,0.004727154
plain,6747,0.004614873
plain,6748,0.005240517
plain,6749,0.015514683
plain,6750,0.018680925
plain,6751,0.054266385
plain,6752,0.168041381
plain,6753,0.256274487
plain,6754,0.321315697
plain,6755,0.471478024
plain,6756,0.596283590
plain,6757,0.579517262
plain,6758,0.385169894
plain,6759,0.157543894
plain,6760,0.031045599
plain,6761,0.000000026
plain,6768,0.753309766
plain,6769,0.835150184
plain,6770,0.869555487
plain,6771,0.971754236
plain,6772,1.000000000
plain,6773,1.000000000
plain,6774,0.985402949
plain,6775,0.969913653
plain,6776,0.884040036
plain,6777,0.863974040
plain,6778,0.852805556
plain,6779,0.847516899
plain,6780,0.834798340
plain,6781,0.757874097
plain,6782,0.728863862
plain,6783,0.655103345
plain,6784,0.422760331
plain,6785,0.293407557
plain,6786,0.261300879
plain,6787,0.190336949
plain,6788,0.188783264
plain,6789,0.163691052
plain,6790,0.154694258
plain,6791,0.154669130
plain,6792,0.163409047
plain,6793,0.177244679
plain,6794,0.174801690
plain,6795,0.173690704
plain,6796,0.186808346
plain,6797,0.248006298
plain,6798,0.276751332
plain,6799,0.394400447
plain,6800,0.616507932
plain,6801,0.702577636
plain,6802,0.635035547
plain,6803,0.574842510
plain,6804,0.397908103
plain,6805,0.200037864
plain,6806,0.057869433
plain,6807,0.003530157
plain,6816,0.985402823
plain,6817,1.000000000
plain,6818,1.000000000
plain,6819,1.000000000
plain,6820,1.000000000
plain,6821,1.000000000
plain,6822,1.000000000
plain,6823,1.000000000
plain,6824,1.000000000
plain,6825,1.000000000
plain,6826,1.000000000
plain,6827,1.000000000
plain,6828,1.000000000
plain,6829,0.987281443
plain,6830,0.984486383
plain,6831,0.972310629
plain,6832,0.898010928
plain,6833,0.866372700
plain,6834,0.863031683
plain,6835,0.850393331
plain,6836,0.853091126
plain,6837,0.848451629
plain,6838,0.847702597
plain,6839,0.847710982
plain,6840,0.834525894
plain,6841,0.756886033
plain,6842,0.732444733
plain,6843,0.729844134
plain,6844,0.718293387
plain,6845,0.731226244
plain,6846,0.721034663
plain,6847,0.693481469
plain,6848,0.699565435
plain,6849,0.618549246
plain,6850,0.333532104
plain,6851,0.141202153
plain,6852,0.053565919
plain,6853,0.010218118
plain,6864,1.000000000
plain,6865,1.000000000
plain,6866,1.000000000
plain,6867,1.000000000
plain,6868,1.000000000
plain,6869,1.000000000
plain,6870,1.000000000
plain,6871,1.000000000
plain,6872,1.000000000
plain,6873,1.000000000
plain,6874,1.000000000
plain,6875,1.000000000
plain,6876,1.000000000
plain,6877,1.000000000
plain,6878,1.000000000
plain,6879,1.000000000
plain,6880,1.000000000
plain,6881,1.000000000
plain,6882,1.000000000
plain,6883,1.000000000
plain,6884,1.000000000
plain,6885,1.000000000
plain,6886,1.000000000
plain,6887,1.000000000
plain,6888,1.000000000
plain,6889,0.983646201
plain,6890,0.981694258
plain,6891,0.969125522
plain,6892,0.897208780
plain,6893,0.885701040
plain,6894,0.789248299
plain,6895,0.543693386
plain,6896,0.254437686
plain,6897,0.147774513
plain,6898,0.036667623
plain,6899,0.000076221
plain,6912,1.000000000
plain,6913,1.000000000
plain,6914,1.000000000
plain,6915,1.000000000
plain,6916,1.000000000
plain,6917,1.000000000
plain,6918,1.000000000
plain,6919,1.000000000
plain,6920,1.000000000
plain,6921,1.000000000
plain,6922,1.000000000
plain,6923,1.000000000
plain,6924,1.000000000
plain,6925,1.000000000
plain,6926,1.000000000
plain,6927,1.000000000
plain,6928,1.000000000
plain,6929,1.000000000
plain,6930,1.000000000
plain,6931,1.000000000
plain,6932,1.000000000
plain,6933,1.000000000
plain,6934,1.000000000
plain,6935,1.000000000
plain,6936,1.000000000
plain,6937,1.000000000
plain,6938,1.000000000
plain,6939,1.000000000
plain,6940,0.999831240
plain,6941,1.000000000
plain,6942,0.990020691
plain,6943,0.842825722
plain,6944,0.502749726
plain,6945,0.252441839
plain,6946,0.148225406
plain,6947,0.036999933
plain,6948,0.000066620
plain,6960,1.000000000
plain,6961,1.000000000
plain,6962,1.000000000
plain,6963,1.000000000
plain,6964,1.000000000
plain,6965,1.000000000
plain,6966,1.000000000
plain,6967,1.000000000
plain,6968,1.000000000
plain,6969,1.000000000
plain,6970,1.000000000
plain,6971,1.000000000
plain,6972,1.000000000
plain,6973,1.000000000
plain,6974,1.000000000
plain,6975,1.000000000
plain,6976,0.987825099
plain,6977,0.984485792
plain,6978,0.971847432
plain,6979,0.900885151
plain,6980,0.899331496
plain,6981,0.874239328
plain,6982,0.865242546
plain,6983,0.865217419
plain,6984,0.873957329
plain,6985,0.901653056
plain,6986,0.900864362
plain,6987,0.899753429
plain,6988,0.912871016
plain,6989,0.974068481
plain,6990,0.984485604
plain,6991,0.967436811
plain,6992,0.898950805
plain,6993,0.839894508
plain,6994,0.651528680
plain,6995,0.349843194
plain,6996,0.147515841
plain,6997,0.068104295
plain,6998,0.006361118
plain,7008,0.838388348
plain,7009,0.854013947
plain,7010,0.916418112
plain,7011,0.990982553
plain,7012,1.000000000
plain,7013,1.000000000
plain,7014,1.000000000
plain,7015,1.000000000
plain,7016,0.985428148
plain,7017,0.974259647
plain,7018,0.909370351
plain,7019,0.868320047
plain,7020,0.863031397
plain,7021,0.863031400
plain,7022,0.863031459
plain,7023,0.850858830
plain,7024,0.776569359
plain,7025,0.744923879
plain,7026,0.667918343
plain,7027,0.462661118
plain,7028,0.409131666
plain,7029,0.339367041
plain,7030,0.299277941
plain,7031,0.298993258
plain,7032,0.338805078
plain,7033,0.421145325
plain,7034,0.432030037
plain,7035,0.428239669
plain,7036,0.498262857
plain,7037,0.681696238
plain,7038,0.744743633
plain,7039,0.780328614
plain,7040,0.894103570
plain,7041,0.973759073
plain,7042,0.954992839
plain,7043,0.857989734
plain,7044,0.710764404
plain,7045,0.463930773
plain,7046,0.177574085
plain,7047,0.031124900
plain,7048,0.000016455
plain,7056,0.161611652
plain,7057,0.205869821
plain,7058,0.477992118
plain,7059,0.783359636
plain,7060,0.901335738
plain,7061,0.978887781
plain,7062,1.000000000
plain,7063,0.985428148
plain,7064,0.899554528
plain,7065,0.804386078
plain,7066,0.593804319
plain,7067,0.426222131
plain,7068,0.305003023
plain,7069,0.289458052
plain,7070,0.289452031
plain,7071,0.289464606
plain,7072,0.277316573
plain,7073,0.273959452
plain,7074,0.261303320
plain,7075,0.190337714
plain,7076,0.188783509
plain,7077,0.163691094
plain,7078,0.154694265
plain,7079,0.154669130
plain,7080,0.163409039
plain,7081,0.191104766
plain,7082,0.190316072
plain,7083,0.189348167
plain,7084,0.203156352
plain,7085,0.263663708
plain,7086,0.274061054
plain,7087,0.314806780
plain,7088,0.490451378
plain,7089,0.690498387
plain,7090,0.774967038
plain,7091,0.901661377
plain,7092,0.954715644
plain,7093,0.894002381
plain,7094,0.678088597
plain,7095,0.352649252
plain,7096,0.137064536
plain,7097,0.015515097
plain,7105,0.006497050
plain,7106,0.068901226
plain,7107,0.181770063
plain,7108,0.423224039
plain,7109,0.732846707
plain,7110,0.959463165
plain,7111,1.000000000
plain,7112,0.959735566
plain,7113,0.859638210
plain,7114,0.772431103
plain,7115,0.640963125
plain,7116,0.349217468
plain,7117,0.169545348
plain,7118,0.152742407
plain,7119,0.152485441
plain,7120,0.152495800
plain,7121,0.152488418
plain,7122,0.152483950
plain,7123,0.152483338
plain,7124,0.152483174
plain,7125,0.152483116
plain,7126,0.152483105
plain,7127,0.152483104
plain,7128,0.152483103
plain,7129,0.152483103
plain,7130,0.152483103
plain,7131,0.152483103
plain,7132,0.152483104
plain,7133,0.152483188
plain,7134,0.152504569
plain,7135,0.159015078
plain,7136,0.205376519
plain,7137,0.267842982
plain,7138,0.374866022
plain,7139,0.647193117
plain,7140,0.776149237
plain,7141,0.899656624
plain,7142,0.950542842
plain,7143,0.863127324
plain,7144,0.635654878
plain,7145,0.239732451
plain,7146,0.024163179
plain,7147,0.000004264
plain,7155,0.003910130
plain,7156,0.062199679
plain,7157,0.286157589
plain,7158,0.645629492
plain,7159,0.862230094
plain,7160,0.902430001
plain,7161,0.899759879
plain,7162,0.856197576
plain,7163,0.832025486
plain,7164,0.652699912
plain,7165,0.355940341
plain,7166,0.184390668
plain,7167,0.155036487
plain,7168,0.152483106
plain,7169,0.152483103
plain,7170,0.152483103
plain,7171,0.152483103
plain,7172,0.152483103
plain,7173,0.152483103
plain,7174,0.152483103
plain,7175,0.152483103
plain,7176,0.152483103
plain,7177,0.152483103
plain,7178,0.152483103
plain,7179,0.152483103
plain,7180,0.152483103
plain,7181,0.152483103
plain,7182,0.152483103
plain,7183,0.146276873
plain,7184,0.149151821
plain,7185,0.151320529
plain,7186,0.171008255
plain,7187,0.270533828
plain,7188,0.399414784
plain,7189,0.671817430
plain,7190,0.881531950
plain,7191,0.972359471
plain,7192,0.965787475
plain,7193,0.731670838
plain,7194,0.311603326
plain,7195,0.074821031
plain,7196,0.006029747
plain,7204,0.000000001
plain,7205,0.023895335
plain,7206,0.146358089
plain,7207,0.377016650
plain,7208,0.673365032
plain,7209,0.884284790
plain,7210,0.865667380
plain,7211,0.849342435
plain,7212,0.832261747
plain,7213,0.667545231
plain,7214,0.399870330
plain,7215,0.218531719
plain,7216,0.158600606
plain,7217,0.152483207
plain,7218,0.152483104
plain,7219,0.152483103
plain,7220,0.152483103
plain,7221,0.152483103
plain,7222,0.152483103
plain,7223,0.152483103
plain,7224,0.152483103
plain,7225,0.152483103
plain,7226,0.152483103
plain,7227,0.152483103
plain,7228,0.152483103
plain,7229,0.152483103
plain,7230,0.146276873
plain,7231,0.111776876
plain,7232,0.119577683
plain,7233,0.134643014
plain,7234,0.141242111
plain,7235,0.143855252
plain,7236,0.179592194
plain,7237,0.350837229
plain,7238,0.640069102
plain,7239,0.779933806
plain,7240,0.954714910
plain,7241,0.981306210
plain,7242,0.800883818
plain,7243,0.469798496
plain,7244,0.174880081
plain,7245,0.015514497
plain,7254,0.001610980
plain,7255,0.055934805
plain,7256,0.319435377
plain,7257,0.643169332
plain,7258,0.833827299
plain,7259,0.847517031
plain,7260,0.847516901
plain,7261,0.834555768
plain,7262,0.701686145
plain,7263,0.473871868
plain,7264,0.294093877
plain,7265,0.168100395
plain,7266,0.152501333
plain,7267,0.152483311
plain,7268,0.152483127
plain,7269,0.152483105
plain,7270,0.152483103
plain,7271,0.152483103
plain,7272,0.152483103
plain,7273,0.152483103
plain,7274,0.152483103
plain,7275,0.152483103
plain,7276,0.152483103
plain,7277,0.152483103
plain,7278,0.151280717
plain,7279,0.133664918
plain,7280,0.109293568
plain,7281,0.101004800
plain,7282,0.071294395
plain,7283,0.077921778
plain,7284,0.141865944
plain,7285,0.164929977
plain,7286,0.252331594
plain,7287,0.368502287
plain,7288,0.688280056
plain,7289,0.953460063
plain,7290,0.990515250
plain,7291,0.900942869
plain,7292,0.657797705
plain,7293,0.245675738
plain,7294,0.015514497
plain,7303,0.000000314
plain,7304,0.031063184
plain,7305,0.227582629
plain,7306,0.605458896
plain,7307,0.746268493
plain,7308,0.832807283
plain,7309,0.847516897
plain,7310,0.838119291
plain,7311,0.777229241
plain,7312,0.641857233
plain,7313,0.350285977
plain,7314,0.174711376
plain,7315,0.153715225
plain,7316,0.152511212
plain,7317,0.152485103
plain,7318,0.152483117
plain,7319,0.152483103
plain,7320,0.152483103
plain,7321,0.152483103
plain,7322,0.152483103
plain,7323,0.152483103
plain,7324,0.152483103
plain,7325,0.152483103
plain,7326,0.152483103
plain,7327,0.150009137
plain,7328,0.132357279
plain,7329,0.087270340
plain,7330,0.070074339
plain,7331,0.113573689
plain,7332,0.146164639
plain,7333,0.110791009
plain,7334,0.055362088
plain,7335,0.070201700
plain,7336,0.320470422
plain,7337,0.659511669
plain,7338,0.911210082
plain,7339,0.992751134
plain,7340,0.971738525
plain,7341,0.741577285
plain,7342,0.258422715
plain,7343,0.018305837
plain,7353,0.015559830
plain,7354,0.141735437
plain,7355,0.361505047
plain,7356,0.640447393
plain,7357,0.733364018
plain,7358,0.780225693
plain,7359,0.838613091
plain,7360,0.832019913
plain,7361,0.657847045
plain,7362,0.372068962
plain,7363,0.194432170
plain,7364,0.156796018
plain,7365,0.152643733
plain,7366,0.152483648
plain,7367,0.152483103
plain,7368,0.152483103
plain,7369,0.152483103
plain,7370,0.152483103
plain,7371,0.152483103
plain,7372,0.152483103
plain,7373,0.152483103
plain,7374,0.152483103
plain,7375,0.152483103
plain,7376,0.143554731
plain,7377,0.097103432
plain,7378,0.113480283
plain,7379,0.145590272
plain,7380,0.130441295
plain,7381,0.061057281
plain,7382,0.053070660
plain,7383,0.055839525
plain,7384,0.050026476
plain,7385,0.192572666
plain,7386,0.510008057
plain,7387,0.820919016
plain,7388,0.980565651
plain,7389,0.984485503
plain,7390,0.741577294
plain,7391,0.304917544
plain,7402,0.014902977
plain,7403,0.133328817
plain,7404,0.258488871
plain,7405,0.314540551
plain,7406,0.485333581
plain,7407,0.716964492
plain,7408,0.836683015
plain,7409,0.833133525
plain,7410,0.677151332
plain,7411,0.411059059
plain,7412,0.201387781
plain,7413,0.155309719
plain,7414,0.152486752
plain,7415,0.152483104
plain,7416,0.152483103
plain,7417,0.152483103
plain,7418,0.152483103
plain,7419,0.152483103
plain,7420,0.152483103
plain,7421,0.152483103
plain,7422,0.152483103
plain,7423,0.152483103
plain,7424,0.152483103
plain,7425,0.144826310
plain,7426,0.148841072
plain,7427,0.136355966
plain,7428,0.075440602
plain,7429,0.051864383
plain,7430,0.056066246
plain,7431,0.064026101
plain,7432,0.065538030
plain,7433,0.055386559
plain,7434,0.118783651
plain,7435,0.356296149
plain,7436,0.736187724
plain,7437,0.965028663
plain,7438,0.984485503
plain,7439,0.856694185
plain,7450,0.000000000
plain,7451,0.029599622
plain,7452,0.137087123
plain,7453,0.159796416
plain,7454,0.238648482
plain,7455,0.480107549
plain,7456,0.773538515
plain,7457,0.847516897
plain,7458,0.835329137
plain,7459,0.668537717
plain,7460,0.308237323
plain,7461,0.166017582
plain,7462,0.152489831
plain,7463,0.152483105
plain,7464,0.152483103
plain,7465,0.152483103
plain,7466,0.152483103
plain,7467,0.152483103
plain,7468,0.152483103
plain,7469,0.152483103
plain,7470,0.152483103
plain,7471,0.152483103
plain,7472,0.152483103
plain,7473,0.152483103
plain,7474,0.145981578
plain,7475,0.097786173
plain,7476,0.057733073
plain,7477,0.065623367
plain,7478,0.059321373
plain,7479,0.056817313
plain,7480,0.071831734
plain,7481,0.104925312
plain,7482,0.081961541
plain,7483,0.051842604
plain,7484,0.267808258
plain,7485,0.759031474
plain,7486,0.984485508
plain,7487,1.000000000
plain,7498,0.000000000
plain,7499,0.029599621
plain,7500,0.137087123
plain,7501,0.159796400
plain,7502,0.238648365
plain,7503,0.480107463
plain,7504,0.773538486
plain,7505,0.847516897
plain,7506,0.835329140
plain,7507,0.668537736
plain,7508,0.308237335
plain,7509,0.166017586
plain,7510,0.152489831
plain,7511,0.152483105
plain,7512,0.152483103
plain,7513,0.152483103
plain,7514,0.152483103
plain,7515,0.152483103
plain,7516,0.152483103
plain,7517,0.152483103
plain,7518,0.152483103
plain,7519,0.152483103
plain,7520,0.152483103
plain,7521,0.152483103
plain,7522,0.145981569
plain,7523,0.097786149
plain,7524,0.057733193
plain,7525,0.065623424
plain,7526,0.059320946
plain,7527,0.056816638
plain,7528,0.071833683
plain,7529,0.104931781
plain,7530,0.081959715
plain,7531,0.051840787
plain,7532,0.267808481
plain,7533,0.759031484
plain,7534,0.984485508
plain,7535,1.000000000
plain,7546,0.014902975
plain,7547,0.133328805
plain,7548,0.258488868
plain,7549,0.314540461
plain,7550,0.485333312
plain,7551,0.716964369
plain,7552,0.836683008
plain,7553,0.833133527
plain,7554,0.677151355
plain,7555,0.411059109
plain,7556,0.201387803
plain,7557,0.155309720
plain,7558,0.152486752
plain,7559,0.152483104
plain,7560,0.152483103
plain,7561,0.152483103
plain,7562,0.152483103
plain,7563,0.152483103
plain,7564,0.152483103
plain,7565,0.152483103
plain,7566,0.152483103
plain,7567,0.152483103
plain,7568,0.152483103
plain,7569,0.144826359
plain,7570,0.148841115
plain,7571,0.136355970
plain,7572,0.075440657
plain,7573,0.051864272
plain,7574,0.056065368
plain,7575,0.064024372
plain,7576,0.065540790
plain,7577,0.055404587
plain,7578,0.118790162
plain,7579,0.356296531
plain,7580,0.736188760
plain,7581,0.965028838
plain,7582,0.984485503
plain,7583,0.856694185
plain,7593,0.015559830
plain,7594,0.141735428
plain,7595,0.361505020
plain,7596,0.640447385
plain,7597,0.733364002
plain,7598,0.780225606
plain,7599,0.838613076
plain,7600,0.832019913
plain,7601,0.657847053
plain,7602,0.372068988
plain,7603,0.194432194
plain,7604,0.156796021
plain,7605,0.152643733
plain,7606,0.152483648
plain,7607,0.152483103
plain,7608,0.152483103
plain,7609,0.152483103
plain,7610,0.152483103
plain,7611,0.152483103
plain,7612,0.152483103
plain,7613,0.152483103
plain,7614,0.152483103
plain,7615,0.152483103
plain,7616,0.143554822
plain,7617,0.097103775
plain,7618,0.113480586
plain,7619,0.145590261
plain,7620,0.130441009
plain,7621,0.061056682
plain,7622,0.053069761
plain,7623,0.055838996
plain,7624,0.050026882
plain,7625,0.192581010
plain,7626,0.510019035
plain,7627,0.820922424
plain,7628,0.980565827
plain,7629,0.984485503
plain,7630,0.741577294
plain,7631,0.304917544
plain,7639,0.000000314
plain,7640,0.031063184
plain,7641,0.227582629
plain,7642,0.605458894
plain,7643,0.746268485
plain,7644,0.832807282
plain,7645,0.847516897
plain,7646,0.838119289
plain,7647,0.777229231
plain,7648,0.641857232
plain,7649,0.350285979
plain,7650,0.174711384
plain,7651,0.153715227
plain,7652,0.152511212
plain,7653,0.152485103
plain,7654,0.152483117
plain,7655,0.152483103
plain,7656,0.152483103
plain,7657,0.152483103
plain,7658,0.152483103
plain,7659,0.152483103
plain,7660,0.152483103
plain,7661,0.152483103
plain,7662,0.152483103
plain,7663,0.150009212
plain,7664,0.132357551
plain,7665,0.087270537
plain,7666,0.070074385
plain,7667,0.113573589
plain,7668,0.146164437
plain,7669,0.110790071
plain,7670,0.055361708
plain,7671,0.070201946
plain,7672,0.320470492
plain,7673,0.659512261
plain,7674,0.911213486
plain,7675,0.992751718
plain,7676,0.971738581
plain,7677,0.741577285
plain,7678,0.258422715
plain,7679,0.018305837
plain,7686,0.001610984
plain,7687,0.055934826
plain,7688,0.319435381
plain,7689,0.643169298
plain,7690,0.833827279
plain,7691,0.847517031
plain,7692,0.847516901
plain,7693,0.834555768
plain,7694,0.701686135
plain,7695,0.473871839
plain,7696,0.294093867
plain,7697,0.168100395
plain,7698,0.152501333
plain,7699,0.152483311
plain,7700,0.152483127
plain,7701,0.152483105
plain,7702,0.152483103
plain,7703,0.152483103
plain,7704,0.152483103
plain,7705,0.152483103
plain,7706,0.152483103
plain,7707,0.152483103
plain,7708,0.152483103
plain,7709,0.152483103
plain,7710,0.151280749
plain,7711,0.133665103
plain,7712,0.109293649
plain,7713,0.101004707
plain,7714,0.071294179
plain,7715,0.077921511
plain,7716,0.141865905
plain,7717,0.164929829
plain,7718,0.252331745
plain,7719,0.368502854
plain,7720,0.688280237
plain,7721,0.953460064
plain,7722,0.990515332
plain,7723,0.900943400
plain,7724,0.657798112
plain,7725,0.245675794
plain,7726,0.015514497
plain,7732,0.000000001
plain,7733,0.023895347
plain,7734,0.146358110
plain,7735,0.377016713
plain,7736,0.673364984
plain,7737,0.884284541
plain,7738,0.865667227
plain,7739,0.849342415
plain,7740,0.832261748
plain,7741,0.667545234
plain,7742,0.399870331
plain,7743,0.218531710
plain,7744,0.158600604
plain,7745,0.152483207
plain,7746,0.152483104
plain,7747,0.152483103
plain,7748,0.152483103
plain,7749,0.152483103
plain,7750,0.152483103
plain,7751,0.152483103
plain,7752,0.152483103
plain,7753,0.152483103
plain,7754,0.152483103
plain,7755,0.152483103
plain,7756,0.152483103
plain,7757,0.152483103
plain,7758,0.146276861
plain,7759,0.111776810
plain,7760,0.119577481
plain,7761,0.134642745
plain,7762,0.141242041
plain,7763,0.143855231
plain,7764,0.179592297
plain,7765,0.350837247
plain,7766,0.640069183
plain,7767,0.779934012
plain,7768,0.954714946
plain,7769,0.981306090
plain,7770,0.800884201
plain,7771,0.469799922
plain,7772,0.174880612
plain,7773,0.015514497
plain,7779,0.003910128
plain,7780,0.062199678
plain,7781,0.286157638
plain,7782,0.645629507
plain,7783,0.862230080
plain,7784,0.902429771
plain,7785,0.899759641
plain,7786,0.856197526
plain,7787,0.832025486
plain,7788,0.652699913
plain,7789,0.355940347
plain,7790,0.184390670
plain,7791,0.155036487
plain,7792,0.152483106
plain,7793,0.152483103
plain,7794,0.152483103
plain,7795,0.152483103
plain,7796,0.152483103
plain,7797,0.152483103
plain,7798,0.152483103
plain,7799,0.152483103
plain,7800,0.152483103
plain,7801,0.152483103
plain,7802,0.152483103
plain,7803,0.152483103
plain,7804,0.152483103
plain,7805,0.152483103
plain,7806,0.152483103
plain,7807,0.146276861
plain,7808,0.149151795
plain,7809,0.151320492
plain,7810,0.171008277
plain,7811,0.270533935
plain,7812,0.399415097
plain,7813,0.671817629
plain,7814,0.881532212
plain,7815,0.972359521
plain,7816,0.965787355
plain,7817,0.731670048
plain,7818,0.311602750
plain,7819,0.074821414
plain,7820,0.006029829
plain,7825,0.006497044
plain,7826,0.068901195
plain,7827,0.181770044
plain,7828,0.423223985
plain,7829,0.732846615
plain,7830,0.959463150
plain,7831,1.000000000
plain,7832,0.959735532
plain,7833,0.859638200
plain,7834,0.772431212
plain,7835,0.640963144
plain,7836,0.349217469
plain,7837,0.169545350
plain,7838,0.152742407
plain,7839,0.152485441
plain,7840,0.152495800
plain,7841,0.152488418
plain,7842,0.152483950
plain,7843,0.152483338
plain,7844,0.152483174
plain,7845,0.152483116
plain,7846,0.152483105
plain,7847,0.152483104
plain,7848,0.152483103
plain,7849,0.152483103
plain,7850,0.152483103
plain,7851,0.152483103
plain,7852,0.152483104
plain,7853,0.152483188
plain,7854,0.152504569
plain,7855,0.159015087
plain,7856,0.205376572
plain,7857,0.267843014
plain,7858,0.374866130
plain,7859,0.647193229
plain,7860,0.776149418
plain,7861,0.899656944
plain,7862,0.950542931
plain,7863,0.863127322
plain,7864,0.635654878
plain,7865,0.239732331
plain,7866,0.024163086
plain,7867,0.000004264
plain,7872,0.161611652
plain,7873,0.205869790
plain,7874,0.477992023
plain,7875,0.783359603
plain,7876,0.901335725
plain,7877,0.978887763
plain,7878,1.000000000
plain,7879,0.985428149
plain,7880,0.899554533
plain,7881,0.804386188
plain,7882,0.593804645
plain,7883,0.426222240
plain,7884,0.305003023
plain,7885,0.289458052
plain,7886,0.289452031
plain,7887,0.289464606
plain,7888,0.277316600
plain,7889,0.273959452
plain,7890,0.261303328
plain,7891,0.190337771
plain,7892,0.188783562
plain,7893,0.163691108
plain,7894,0.154694267
plain,7895,0.154669132
plain,7896,0.163409048
plain,7897,0.191104801
plain,7898,0.190316117
plain,7899,0.189348225
plain,7900,0.203156445
plain,7901,0.263663723
plain,7902,0.274061053
plain,7903,0.314806912
plain,7904,0.490451615
plain,7905,0.690498483
plain,7906,0.774967358
plain,7907,0.901661810
plain,7908,0.954715679
plain,7909,0.894002213
plain,7910,0.678088514
plain,7911,0.352649241
plain,7912,0.137064535
plain,7913,0.015515097
plain,7920,0.838388348
plain,7921,0.854013941
plain,7922,0.916418081
plain,7923,0.990982547
plain,7924,1.000000000
plain,7925,1.000000000
plain,7926,1.000000000
plain,7927,1.000000000
plain,7928,0.985428149
plain,7929,0.974259666
plain,7930,0.909370459
plain,7931,0.868320066
plain,7932,0.863031397
plain,7933,0.863031400
plain,7934,0.863031459
plain,7935,0.850858857
plain,7936,0.776569516
plain,7937,0.744923906
plain,7938,0.667918394
plain,7939,0.462661312
plain,7940,0.409131851
plain,7941,0.339367103
plain,7942,0.299277951
plain,7943,0.298993265
plain,7944,0.338805119
plain,7945,0.421145449
plain,7946,0.432030202
plain,7947,0.428239901
plain,7948,0.498263159
plain,7949,0.681696324
plain,7950,0.744743713
plain,7951,0.780329173
plain,7952,0.894104168
plain,7953,0.973759162
plain,7954,0.954992878
plain,7955,0.857989797
plain,7956,0.710764185
plain,7957,0.463930140
plain,7958,0.177573866
plain,7959,0.031124899
plain,7960,0.000016454
plain,7968,1.000000000
plain,7969,1.000000000
plain,7970,1.000000000
plain,7971,1.000000000
plain,7972,1.000000000
plain,7973,1.000000000
plain,7974,1.000000000
plain,7975,1.000000000
plain,7976,1.000000000
plain,7977,1.000000000
plain,7978,1.000000000
plain,7979,1.000000000
plain,7980,1.000000000
plain,7981,1.000000000
plain,7982,1.000000000
plain,7983,1.000000000
plain,7984,0.987825126
plain,7985,0.984485792
plain,7986,0.971847440
plain,7987,0.900885208
plain,7988,0.899331549
plain,7989,0.874239341
plain,7990,0.865242548
plain,7991,0.865217420
plain,7992,0.873957338
plain,7993,0.901653091
plain,7994,0.900864406
plain,7995,0.899753492
plain,7996,0.912871134
plain,7997,0.974068500
plain,7998,0.984485604
plain,7999,0.967436888
plain,8000,0.898950842
plain,8001,0.839894498
plain,8002,0.651528678
plain,8003,0.349843188
plain,8004,0.147515802
plain,8005,0.068104085
plain,8006,0.006361082
plain,8016,1.000000000
plain,8017,1.000000000
plain,8018,1.000000000
plain,8019,1.000000000
plain,8020,1.000000000
plain,8021,1.000000000
plain,8022,1.000000000
plain,8023,1.000000000
plain,8024,1.000000000
plain,8025,1.000000000
plain,8026,1.000000000
plain,8027,1.000000000
plain,8028,1.000000000
plain,8029,1.000000000
plain,8030,1.000000000
plain,8031,1.000000000
plain,8032,1.000000000
plain,8033,1.000000000
plain,8034,1.000000000
plain,8035,1.000000000
plain,8036,1.000000000
plain,8037,1.000000000
plain,8038,1.000000000
plain,8039,1.000000000
plain,8040,1.000000000
plain,8041,1.000000000
plain,8042,1.000000000
plain,8043,1.000000000
plain,8044,0.999831245
plain,8045,1.000000000
plain,8046,0.990020696
plain,8047,0.842825700
plain,8048,0.502749577
plain,8049,0.252441769
plain,8050,0.148225402
plain,8051,0.036999931
plain,8052,0.000066619
plain,8064,1.000000000
plain,8065,1.000000000
plain,8066,1.000000000
plain,8067,1.000000000
plain,8068,1.000000000
plain,8069,1.000000000
plain,8070,1.000000000
plain,8071,1.000000000
plain,8072,1.000000000
plain,8073,1.000000000
plain,8074,1.000000000
plain,8075,1.000000000
plain,8076,1.000000000
plain,8077,1.000000000
plain,8078,1.000000000
plain,8079,1.000000000
plain,8080,1.000000000
plain,8081,1.000000000
plain,8082,1.000000000
plain,8083,1.000000000
plain,8084,1.000000000
plain,8085,1.000000000
plain,8086,1.000000000
plain,8087,1.000000000
plain,8088,1.000000000
plain,8089,1.000000000
plain,8090,1.000000000
plain,8091,1.000000000
plain,8092,1.000000000
plain,8093,1.000000000
plain,8094,1.000000000
plain,8095,0.983484085
plain,8096,0.788313295
plain,8097,0.426356398
plain,8098,0.226435354
plain,8099,0.149175045
plain,8100,0.021834550
plain,8101,0.000000001
plain,8112,1.000000000
plain,8113,1.000000000
plain,8114,1.000000000
plain,8115,1.000000000
plain,8116,1.000000000
plain,8117,1.000000000
plain,8118,1.000000000
plain,8119,1.000000000
plain,8120,1.000000000
plain,8121,1.000000000
plain,8122,1.000000000
plain,8123,1.000000000
plain,8124,1.000000000
plain,8125,1.000000000
plain,8126,1.000000000
plain,8127,1.000000000
plain,8128,1.000000000
plain,8129,1.000000000
plain,8130,1.000000000
plain,8131,0.985088119
plain,8132,0.988271296
plain,8133,0.982797079
plain,8134,0.981913284
plain,8135,0.981923178
plain,8136,0.982719661
plain,8137,0.988379896
plain,8138,0.987271819
plain,8139,0.987139335
plain,8140,0.987877533
plain,8141,1.000000000
plain,8142,1.000000000
plain,8143,1.000000000
plain,8144,0.972690772
plain,8145,0.884923284
plain,8146,0.824992489
plain,8147,0.607082461
plain,8148,0.268372463
plain,8149,0.132505600
plain,8150,0.018305842
plain,8151,0.000000003
plain,8160,0.829069874
plain,8161,0.856694174
plain,8162,0.971054330
plain,8163,1.000000000
plain,8164,1.000000000
plain,8165,1.000000000
plain,8166,1.000000000
plain,8167,1.000000000
plain,8168,1.000000000
plain,8169,1.000000000
plain,8170,0.987934334
plain,8171,0.981694176
plain,8172,0.981694174
plain,8173,0.981694174
plain,8174,0.981694178
plain,8175,0.981694226
plain,8176,0.981696624
plain,8177,0.981694820
plain,8178,0.966782347
plain,8179,0.883052694
plain,8180,0.881219481
plain,8181,0.851612786
plain,8182,0.840997325
plain,8183,0.840967677
plain,8184,0.851280049
plain,8185,0.883958721
plain,8186,0.883028128
plain,8187,0.881886079
plain,8188,0.898178596
plain,8189,0.969571708
plain,8190,0.981694272
plain,8191,0.981718929
plain,8192,0.989256983
plain,8193,1.000000000
plain,8194,1.000000000
plain,8195,0.963454967
plain,8196,0.845893945
plain,8197,0.650439985
plain,8198,0.275811464
plain,8199,0.125019430
plain,8200,0.018305826
plain,8208,0.170930126
plain,8209,0.275971809
plain,8210,0.651374807
plain,8211,0.846054404
plain,8212,0.968001979
plain,8213,1.000000000
plain,8214,1.000000000
plain,8215,1.000000000
plain,8216,1.000000000
plain,8217,0.987934334
plain,8218,0.911370319
plain,8219,0.862934349
plain,8220,0.838395801
plain,8221,0.838388355
plain,8222,0.838388425
plain,8223,0.838391105
plain,8224,0.838403329
plain,8225,0.838394619
plain,8226,0.838389347
plain,8227,0.823476744
plain,8228,0.826659727
plain,8229,0.821185442
plain,8230,0.820301634
plain,8231,0.820311526
plain,8232,0.821108009
plain,8233,0.826768243
plain,8234,0.825660167
plain,8235,0.825527683
plain,8236,0.826265882
plain,8237,0.838388448
plain,8238,0.838413676
plain,8239,0.846095539
plain,8240,0.900798212
plain,8241,0.970951157
plain,8242,0.982303656
plain,8243,1.000000000
plain,8244,1.000000000
plain,8245,0.970893942
plain,8246,0.838407778
plain,8247,0.606807335
plain,8248,0.250020123
plain,8249,0.018309956
plain,8250,0.000000708
plain,8257,0.018305826
plain,8258,0.132666056
plain,8259,0.272919667
plain,8260,0.643473080
plain,8261,0.900637491
plain,8262,0.991582866
plain,8263,1.000000000
plain,8264,1.000000000
plain,8265,1.000000000
plain,8266,0.987934334
plain,8267,0.963395800
plain,8268,0.856737594
plain,8269,0.820395850
plain,8270,0.820082526
plain,8271,0.820082573
plain,8272,0.820084972
plain,8273,0.820083168
plain,8274,0.820082576
plain,8275,0.820082558
plain,8276,0.820082529
plain,8277,0.820082523
plain,8278,0.820082522
plain,8279,0.820082522
plain,8280,0.820082522
plain,8281,0.820082522
plain,8282,0.820082522
plain,8283,0.820082522
plain,8284,0.820082522
plain,8285,0.820082522
plain,8286,0.820082620
plain,8287,0.820107277
plain,8288,0.827645331
plain,8289,0.838997832
plain,8290,0.860246497
plain,8291,0.963997830
plain,8292,0.984041399
plain,8293,1.000000000
plain,8294,1.000000000
plain,8295,0.963407763
plain,8296,0.731698303
plain,8297,0.278492914
plain,8298,0.077617481
plain,8299,0.010174699
plain,8306,0.000000013
plain,8307,0.018305900
plain,8308,0.187249156
plain,8309,0.459518229
plain,8310,0.789329700
plain,8311,0.965289172
plain,8312,1.000000000
plain,8313,1.000000000
plain,8314,1.000000000
plain,8315,1.000000000
plain,8316,0.963701675
plain,8317,0.858476962
plain,8318,0.823401164
plain,8319,0.820082525
plain,8320,0.820082521
plain,8321,0.820082521
plain,8322,0.820082521
plain,8323,0.820082521
plain,8324,0.820082521
plain,8325,0.820082521
plain,8326,0.820082521
plain,8327,0.820082521
plain,8328,0.820082521
plain,8329,0.820082521
plain,8330,0.820082521
plain,8331,0.820082521
plain,8332,0.820082521
plain,8333,0.820082521
plain,8334,0.812759682
plain,8335,0.773471250
plain,8336,0.787869021
plain,8337,0.804604454
plain,8338,0.818710778
plain,8339,0.840735573
plain,8340,0.870374805
plain,8341,0.965735579
plain,8342,1.000000000
plain,8343,1.000000000
plain,8344,0.981694882
plain,8345,0.791005828
plain,8346,0.464549166
plain,8347,0.191422129
plain,8348,0.018305826
plain,8356,0.009888693
plain,8357,0.075941352
plain,8358,0.261789520
plain,8359,0.636078814
plain,8360,0.946983716
plain,8361,1.000000000
plain,8362,1.000000000
plain,8363,1.000000000
plain,8364,1.000000000
plain,8365,0.966706989
plain,8366,0.874253849
plain,8367,0.830312729
plain,8368,0.820082645
plain,8369,0.820082522
plain,8370,0.820082522
plain,8371,0.820082521
plain,8372,0.820082521
plain,8373,0.820082521
plain,8374,0.820082521
plain,8375,0.820082521
plain,8376,0.820082521
plain,8377,0.820082521
plain,8378,0.820082521
plain,8379,0.820082521
plain,8380,0.820082521
plain,8381,0.820082521
plain,8382,0.775983171
plain,8383,0.654250117
plain,8384,0.651597061
plain,8385,0.712161774
plain,8386,0.724678365
plain,8387,0.735785395
plain,8388,0.809902375
plain,8389,0.856694207
plain,8390,0.963388354
plain,8391,0.982924748
plain,8392,1.000000000
plain,8393,0.991868873
plain,8394,0.904810477
plain,8395,0.658335825
plain,8396,0.257114604
plain,8397,0.018305826
plain,8405,0.000000000
plain,8406,0.018305827
plain,8407,0.233595369
plain,8408,0.606734515
plain,8409,0.838611243
plain,8410,0.981732353
plain,8411,1.000000000
plain,8412,1.000000000
plain,8413,1.000000000
plain,8414,0.973618538
plain,8415,0.898760543
plain,8416,0.845606479
plain,8417,0.820103308
plain,8418,0.820082664
plain,8419,0.820082539
plain,8420,0.820082523
plain,8421,0.820082522
plain,8422,0.820082521
plain,8423,0.820082521
plain,8424,0.820082521
plain,8425,0.820082521
plain,8426,0.820082521
plain,8427,0.820082521
plain,8428,0.820082521
plain,8429,0.820082521
plain,8430,0.804490795
plain,8431,0.708625621
plain,8432,0.614375051
plain,8433,0.540544854
plain,8434,0.433682982
plain,8435,0.501897691
plain,8436,0.739768937
plain,8437,0.784626536
plain,8438,0.735416906
plain,8439,0.751068658
plain,8440,0.947732235
plain,8441,1.000000000
plain,8442,1.000000000
plain,8443,0.970502952
plain,8444,0.731694174
plain,8445,0.268305826
plain,8446,0.018305826
plain,8455,0.018305826
plain,8456,0.125222895
plain,8457,0.287294535
plain,8458,0.732005931
plain,8459,0.964353354
plain,8460,1.000000000
plain,8461,1.000000000
plain,8462,1.000000000
plain,8463,0.988911600
plain,8464,0.963409132
plain,8465,0.856814753
plain,8466,0.821438663
plain,8467,0.820102629
plain,8468,0.820084806
plain,8469,0.820082539
plain,8470,0.820082522
plain,8471,0.820082521
plain,8472,0.820082521
plain,8473,0.820082521
plain,8474,0.820082521
plain,8475,0.820082521
plain,8476,0.820082521
plain,8477,0.820082521
plain,8478,0.818663805
plain,8479,0.796456723
plain,8480,0.690384930
plain,8481,0.487728414
plain,8482,0.423040612
plain,8483,0.597414652
plain,8484,0.750365253
plain,8485,0.581239747
plain,8486,0.358047419
plain,8487,0.355227908
plain,8488,0.625464144
plain,8489,0.839090007
plain,8490,0.973202097
plain,8491,1.000000000
plain,8492,0.981694174
plain,8493,0.731694174
plain,8494,0.268305837
plain,8495,0.021834620
plain,8504,0.000038179
plain,8505,0.018617583
plain,8506,0.267874850
plain,8507,0.727488710
plain,8508,0.962651502
plain,8509,0.981833967
plain,8510,0.989494244
plain,8511,1.000000000
plain,8512,1.000000000
plain,8513,0.964743646
plain,8514,0.864493001
plain,8515,0.825460477
plain,8516,0.820288452
plain,8517,0.820085420
plain,8518,0.820082538
plain,8519,0.820082522
plain,8520,0.820082521
plain,8521,0.820082521
plain,8522,0.820082521
plain,8523,0.820082521
plain,8524,0.820082521
plain,8525,0.820082521
plain,8526,0.820082521
plain,8527,0.818582163
plain,8528,0.750291644
plain,8529,0.574727778
plain,8530,0.610630819
plain,8531,0.749383408
plain,8532,0.651386321
plain,8533,0.380472840
plain,8534,0.283797625
plain,8535,0.275574190
plain,8536,0.232375473
plain,8537,0.291401044
plain,8538,0.682522344
plain,8539,0.954863700
plain,8540,1.000000000
plain,8541,0.981694174
plain,8542,0.731694239
plain,8543,0.320025943
plain,8553,0.000015310
plain,8554,0.115259301
plain,8555,0.541557742
plain,8556,0.810392430
plain,8557,0.847003197
plain,8558,0.902298194
plain,8559,0.976711157
plain,8560,1.000000000
plain,8561,1.000000000
plain,8562,0.968648258
plain,8563,0.879765112
plain,8564,0.827327514
plain,8565,0.820259717
plain,8566,0.820083073
plain,8567,0.820082522
plain,8568,0.820082521
plain,8569,0.820082521
plain,8570,0.820082521
plain,8571,0.820082521
plain,8572,0.820082521
plain,8573,0.820082521
plain,8574,0.820082521
plain,8575,0.820082521
plain,8576,0.811048138
plain,8577,0.763128980
plain,8578,0.778330399
plain,8579,0.692566098
plain,8580,0.446310352
plain,8581,0.297273290
plain,8582,0.301875284
plain,8583,0.313906681
plain,8584,0.225583098
plain,8585,0.108528441
plain,8586,0.253712324
plain,8587,0.609745207
plain,8588,0.851783859
plain,8589,0.983976842
plain,8590,0.981694185
plain,8591,0.850904494
plain,8602,0.016619277
plain,8603,0.240170069
plain,8604,0.693395980
plain,8605,0.820224402
plain,8606,0.833419584
plain,8607,0.894407875
plain,8608,0.987216913
plain,8609,1.000000000
plain,8610,1.000000000
plain,8611,0.969622831
plain,8612,0.854330585
plain,8613,0.822399663
plain,8614,0.820083604
plain,8615,0.820082522
plain,8616,0.820082521
plain,8617,0.820082521
plain,8618,0.820082521
plain,8619,0.820082521
plain,8620,0.820082521
plain,8621,0.820082521
plain,8622,0.820082521
plain,8623,0.820082521
plain,8624,0.820082521
plain,8625,0.820082521
plain,8626,0.767699853
plain,8627,0.546878610
plain,8628,0.339027256
plain,8629,0.337382105
plain,8630,0.317625184
plain,8631,0.283411615
plain,8632,0.243847296
plain,8633,0.172210006
plain,8634,0.079492682
plain,8635,0.146789125
plain,8636,0.358574418
plain,8637,0.872282096
plain,8638,1.000000000
plain,8639,1.000000000
plain,8650,0.016619276
plain,8651,0.240170065
plain,8652,0.693395979
plain,8653,0.820224402
plain,8654,0.833419559
plain,8655,0.894407841
plain,8656,0.987216906
plain,8657,1.000000000
plain,8658,1.000000000
plain,8659,0.969622835
plain,8660,0.854330590
plain,8661,0.822399663
plain,8662,0.820083604
plain,8663,0.820082522
plain,8664,0.820082521
plain,8665,0.820082521
plain,8666,0.820082521
plain,8667,0.820082521
plain,8668,0.820082521
plain,8669,0.820082521
plain,8670,0.820082521
plain,8671,0.820082521
plain,8672,0.820082521
plain,8673,0.820082521
plain,8674,0.767699801
plain,8675,0.546878615
plain,8676,0.339027680
plain,8677,0.337382082
plain,8678,0.317623149
plain,8679,0.283407637
plain,8680,0.243841478
plain,8681,0.172207555
plain,8682,0.079489208
plain,8683,0.146788712
plain,8684,0.358574558
plain,8685,0.872282152
plain,8686,1.000000000
plain,8687,1.000000000
plain,8697,0.000015310
plain,8698,0.115259298
plain,8699,0.541557729
plain,8700,0.810392425
plain,8701,0.847003179
plain,8702,0.902298091
plain,8703,0.976711132
plain,8704,1.000000000
plain,8705,1.000000000
plain,8706,0.968648262
plain,8707,0.879765131
plain,8708,0.827327519
plain,8709,0.820259717
plain,8710,0.820083073
plain,8711,0.820082522
plain,8712,0.820082521
plain,8713,0.820082521
plain,8714,0.820082521
plain,8715,0.820082521
plain,8716,0.820082521
plain,8717,0.820082521
plain,8718,0.820082521
plain,8719,0.820082521
plain,8720,0.811048195
plain,8721,0.763129362
plain,8722,0.778330741
plain,8723,0.692566152
plain,8724,0.446310419
plain,8725,0.297272326
plain,8726,0.301870719
plain,8727,0.313897277
plain,8728,0.225571314
plain,8729,0.108527238
plain,8730,0.253712597
plain,8731,0.609745226
plain,8732,0.851783929
plain,8733,0.983976854
plain,8734,0.981694185
plain,8735,0.850904494
plain,8744,0.000038179
plain,8745,0.018617583
plain,8746,0.267874847
plain,8747,0.727488695
plain,8748,0.962651500
plain,8749,0.981833966
plain,8750,0.989494226
plain,8751,1.000000000
plain,8752,1.000000000
plain,8753,0.964743648
plain,8754,0.864493010
plain,8755,0.825460482
plain,8756,0.820288452
plain,8757,0.820085420
plain,8758,0.820082538
plain,8759,0.820082522
plain,8760,0.820082521
plain,8761,0.820082521
plain,8762,0.820082521
plain,8763,0.820082521
plain,8764,0.820082521
plain,8765,0.820082521
plain,8766,0.820082521
plain,8767,0.818582213
plain,8768,0.750292288
plain,8769,0.574729254
plain,8770,0.610632077
plain,8771,0.749383353
plain,8772,0.651385000
plain,8773,0.380469565
plain,8774,0.283793342
plain,8775,0.275570451
plain,8776,0.232371432
plain,8777,0.291401425
plain,8778,0.682526235
plain,8779,0.954864390
plain,8780,1.000000000
plain,8781,0.981694174
plain,8782,0.731694239
plain,8783,0.320025943
plain,8791,0.018305826
plain,8792,0.125222896
plain,8793,0.287294536
plain,8794,0.732005931
plain,8795,0.964353352
plain,8796,1.000000000
plain,8797,1.000000000
plain,8798,1.000000000
plain,8799,0.988911598
plain,8800,0.963409132
plain,8801,0.856814753
plain,8802,0.821438665
plain,8803,0.820102629
plain,8804,0.820084806
plain,8805,0.820082539
plain,8806,0.820082522
plain,8807,0.820082521
plain,8808,0.820082521
plain,8809,0.820082521
plain,8810,0.820082521
plain,8811,0.820082521
plain,8812,0.820082521
plain,8813,0.820082521
plain,8814,0.818663843
plain,8815,0.796457247
plain,8816,0.690386065
plain,8817,0.487729423
plain,8818,0.423040846
plain,8819,0.597414148
plain,8820,0.750363762
plain,8821,0.581235973
plain,8822,0.358045038
plain,8823,0.355227763
plain,8824,0.625464239
plain,8825,0.839089969
plain,8826,0.973202779
plain,8827,1.000000000
plain,8828,0.981694174
plain,8829,0.731694174
plain,8830,0.268305837
plain,8831,0.021834620
plain,8837,0.000000000
plain,8838,0.018305827
plain,8839,0.233595373
plain,8840,0.606734516
plain,8841,0.838611243
plain,8842,0.981732353
plain,8843,1.000000000
plain,8844,1.000000000
plain,8845,1.000000000
plain,8846,0.973618536
plain,8847,0.898760531
plain,8848,0.845606477
plain,8849,0.820103308
plain,8850,0.820082664
plain,8851,0.820082539
plain,8852,0.820082523
plain,8853,0.820082522
plain,8854,0.820082521
plain,8855,0.820082521
plain,8856,0.820082521
plain,8857,0.820082521
plain,8858,0.820082521
plain,8859,0.820082521
plain,8860,0.820082521
plain,8861,0.820082521
plain,8862,0.804491006
plain,8863,0.708626277
plain,8864,0.614375426
plain,8865,0.540544401
plain,8866,0.433682036
plain,8867,0.501896615
plain,8868,0.739768482
plain,8869,0.784625487
plain,8870,0.735416596
plain,8871,0.751068997
plain,8872,0.947732299
plain,8873,1.000000000
plain,8874,1.000000000
plain,8875,0.970503048
plain,8876,0.731694174
plain,8877,0.268305826
plain,8878,0.018305826
plain,8884,0.009888706
plain,8885,0.075941431
plain,8886,0.261789538
plain,8887,0.636078839
plain,8888,0.946983720
plain,8889,1.000000000
plain,8890,1.000000000
plain,8891,1.000000000
plain,8892,1.000000000
plain,8893,0.966706990
plain,8894,0.874253850
plain,8895,0.830312727
plain,8896,0.820082645
plain,8897,0.820082522
plain,8898,0.820082522
plain,8899,0.820082521
plain,8900,0.820082521
plain,8901,0.820082521
plain,8902,0.820082521
plain,8903,0.820082521
plain,8904,0.820082521
plain,8905,0.820082521
plain,8906,0.820082521
plain,8907,0.820082521
plain,8908,0.820082521
plain,8909,0.820082521
plain,8910,0.775983125
plain,8911,0.654249911
plain,8912,0.651596220
plain,8913,0.712160674
plain,8914,0.724677829
plain,8915,0.735785093
plain,8916,0.809902350
plain,8917,0.856694207
plain,8918,0.963388354
plain,8919,0.982924784
plain,8920,1.000000000
plain,8921,0.991868764
plain,8922,0.904809939
plain,8923,0.658336277
plain,8924,0.257114700
plain,8925,0.018305826
plain,8930,0.000000013
plain,8931,0.018305900
plain,8932,0.187249233
plain,8933,0.459518467
plain,8934,0.789329779
plain,8935,0.965289176
plain,8936,1.000000000
plain,8937,1.000000000
plain,8938,1.000000000
plain,8939,1.000000000
plain,8940,0.963701676
plain,8941,0.858476964
plain,8942,0.823401165
plain,8943,0.820082525
plain,8944,0.820082521
plain,8945,0.820082521
plain,8946,0.820082521
plain,8947,0.820082521
plain,8948,0.820082521
plain,8949,0.820082521
plain,8950,0.820082521
plain,8951,0.820082521
plain,8952,0.820082521
plain,8953,0.820082521
plain,8954,0.820082521
plain,8955,0.820082521
plain,8956,0.820082521
plain,8957,0.820082521
plain,8958,0.812759668
plain,8959,0.773471133
plain,8960,0.787868774
plain,8961,0.804604146
plain,8962,0.818710735
plain,8963,0.840735594
plain,8964,0.870374926
plain,8965,0.965735599
plain,8966,1.000000000
plain,8967,1.000000000
plain,8968,0.981694882
plain,8969,0.791005194
plain,8970,0.464547262
plain,8971,0.191421591
plain,8972,0.018305826
plain,8977,0.018305826
plain,8978,0.132666050
plain,8979,0.272919664
plain,8980,0.643473078
plain,8981,0.900637567
plain,8982,0.991582880
plain,8983,1.000000000
plain,8984,1.000000000
plain,8985,1.000000000
plain,8986,0.987934356
plain,8987,0.963395800
plain,8988,0.856737594
plain,8989,0.820395850
plain,8990,0.820082526
plain,8991,0.820082573
plain,8992,0.820084972
plain,8993,0.820083168
plain,8994,0.820082576
plain,8995,0.820082558
plain,8996,0.820082529
plain,8997,0.820082523
plain,8998,0.820082522
plain,8999,0.820082522
plain,9000,0.820082522
plain,9001,0.820082522
plain,9002,0.820082522
plain,9003,0.820082522
plain,9004,0.820082522
plain,9005,0.820082522
plain,9006,0.820082620
plain,9007,0.820107277
plain,9008,0.827645342
plain,9009,0.838997836
plain,9010,0.860246524
plain,9011,0.963997835
plain,9012,0.984041420
plain,9013,1.000000000
plain,9014,1.000000000
plain,9015,0.963407762
plain,9016,0.731698303
plain,9017,0.278492805
plain,9018,0.077616846
plain,9019,0.010174591
plain,9024,0.170930126
plain,9025,0.275971802
plain,9026,0.651374770
plain,9027,0.846054398
plain,9028,0.968001976
plain,9029,1.000000000
plain,9030,1.000000000
plain,9031,1.000000000
plain,9032,1.000000000
plain,9033,0.987934356
plain,9034,0.911370447
plain,9035,0.862934371
plain,9036,0.838395801
plain,9037,0.838388355
plain,9038,0.838388425
plain,9039,0.838391105
plain,9040,0.838403329
plain,9041,0.838394619
plain,9042,0.838389347
plain,9043,0.823476754
plain,9044,0.826659735
plain,9045,0.821185443
plain,9046,0.820301634
plain,9047,0.820311526
plain,9048,0.821108010
plain,9049,0.826768249
plain,9050,0.825660173
plain,9051,0.825527691
plain,9052,0.826265899
plain,9053,0.838388448
plain,9054,0.838413676
plain,9055,0.846095549
plain,9056,0.900798274
plain,9057,0.970951168
plain,9058,0.982303661
plain,9059,1.000000000
plain,9060,1.000000000
plain,9061,0.970893899
plain,9062,0.838407778
plain,9063,0.606807334
plain,9064,0.250020123
plain,9065,0.018309955
plain,9066,0.000000708
plain,9072,0.829069874
plain,9073,0.856694174
plain,9074,0.971054324
plain,9075,1.000000000
plain,9076,1.000000000
plain,9077,1.000000000
plain,9078,1.000000000
plain,9079,1.000000000
plain,9080,1.000000000
plain,9081,1.000000000
plain,9082,0.987934356
plain,9083,0.981694176
plain,9084,0.981694174
plain,9085,0.981694174
plain,9086,0.981694178
plain,9087,0.981694226
plain,9088,0.981696624
plain,9089,0.981694820
plain,9090,0.966782357
plain,9091,0.883052762
plain,9092,0.881219542
plain,9093,0.851612802
plain,9094,0.840997328
plain,9095,0.840967679
plain,9096,0.851280060
plain,9097,0.883958763
plain,9098,0.883028180
plain,9099,0.881886148
plain,9100,0.898178706
plain,9101,0.969571725
plain,9102,0.981694272
plain,9103,0.981718929
plain,9104,0.989256994
plain,9105,1.000000000
plain,9106,1.000000000
plain,9107,0.963454967
plain,9108,0.845893903
plain,9109,0.650439737
plain,9110,0.275811421
plain,9111,0.125019430
plain,9112,0.018305826
plain,9120,1.000000000
plain,9121,1.000000000
plain,9122,1.000000000
plain,9123,1.000000000
plain,9124,1.000000000
plain,9125,1.000000000
plain,9126,1.000000000
plain,9127,1.000000000
plain,9128,1.000000000
plain,9129,1.000000000
plain,9130,1.000000000
plain,9131,1.000000000
plain,9132,1.000000000
plain,9133,1.000000000
plain,9134,1.000000000
plain,9135,1.000000000
plain,9136,1.000000000
plain,9137,1.000000000
plain,9138,1.000000000
plain,9139,0.985088129
plain,9140,0.988271304
plain,9141,0.982797081
plain,9142,0.981913284
plain,9143,0.981923178
plain,9144,0.982719662
plain,9145,0.988379901
plain,9146,0.987271825
plain,9147,0.987139343
plain,9148,0.987877551
plain,9149,1.000000000
plain,9150,1.000000000
plain,9151,1.000000000
plain,9152,0.972690760
plain,9153,0.884923263
plain,9154,0.824992485
plain,9155,0.607082459
plain,9156,0.268372462
plain,9157,0.132505558
plain,9158,0.018305842
plain,9159,0.000000003
plain,9168,1.000000000
plain,9169,1.000000000
plain,9170,1.000000000
plain,9171,1.000000000
plain,9172,1.000000000
plain,9173,1.000000000
plain,9174,1.000000000
plain,9175,1.000000000
plain,9176,1.000000000
plain,9177,1.000000000
plain,9178,1.000000000
plain,9179,1.000000000
plain,9180,1.000000000
plain,9181,1.000000000
plain,9182,1.000000000
plain,9183,1.000000000
plain,9184,1.000000000
plain,9185,1.000000000
plain,9186,1.000000000
plain,9187,1.000000000
plain,9188,1.000000000
plain,9189,1.000000000
plain,9190,1.000000000
plain,9191,1.000000000
plain,9192,1.000000000
plain,9193,1.000000000
plain,9194,1.000000000
plain,9195,1.000000000
plain,9196,1.000000000
plain,9197,1.000000000
plain,9198,1.000000000
plain,9199,0.983484075
plain,9200,0.788313211
plain,9201,0.426356314
plain,9202,0.226435330
plain,9203,0.149175045
plain,9204,0.021834550
plain,9205,0.000000001
mg,0,1.000000000
mg,1,1.000000000
mg,2,1.000000000
mg,3,1.000000000
mg,4,1.000000000
mg,5,1.000000000
mg,6,1.000000000
mg,7,1.000000000
mg,8,1.000000000
mg,9,1.000000000
mg,10,1.000000000
mg,11,1.000000000
mg,12,1.000000000
mg,13,1.000000000
mg,14,1.000000000
mg,15,1.000000000
mg,16,1.000000000
mg,17,1.000000000
mg,18,1.000000000
mg,19,1.000000000
mg,20,1.000000000
mg,21,1.000000000
mg,22,1.000000000
mg,23,1.000000000
mg,24,1.000000000
mg,25,1.000000000
mg,26,1.000000000
mg,27,1.000000000
mg,28,1.000000000
mg,29,1.000000000
mg,30,1.000000000
mg,31,0.983516811
mg,32,0.788813384
mg,33,0.427317169
mg,34,0.226744702
mg,35,0.149175978
mg,36,0.021834550
mg,37,0.000000001
mg,48,1.000000000
mg,49,1.000000000
mg,50,1.000000000
mg,51,1.000000000
mg,52,1.000000000
mg,53,1.000000000
mg,54,1.000000000
mg,55,1.000000000
mg,56,1.000000000
mg,57,1.000000000
mg,58,1.000000000
mg,59,1.000000000
mg,60,1.000000000
mg,61,1.000000000
mg,62,1.000000000
mg,63,1.000000000
mg,64,1.000000000
mg,65,1.000000000
mg,66,1.000000000
mg,67,0.985108499
mg,68,0.988309386
mg,69,0.982803557
mg,70,0.981914607
mg,71,0.981924578
mg,72,0.982711774
mg,73,0.987864051
mg,74,0.987210467
mg,75,0.987169388
mg,76,0.987927804
mg,77,1.000000000
mg,78,1.000000000
mg,79,1.000000000
mg,80,0.972762708
mg,81,0.885182638
mg,82,0.825037770
mg,83,0.607087020
mg,84,0.268373245
mg,85,0.132616501
mg,86,0.018305842
mg,87,0.000000003
mg,96,0.829069874
mg,97,0.856694174
mg,98,0.971081817
mg,99,1.000000000
mg,100,1.000000000
mg,101,1.000000000
mg,102,1.000000000
mg,103,1.000000000
mg,104,1.000000000
mg,105,1.000000000
mg,106,0.987962990
mg,107,0.981694176
mg,108,0.981694174
mg,109,0.981694174
mg,110,0.981694178
mg,111,0.981694226
mg,112,0.981696635
mg,113,0.981694823
mg,114,0.966802727
mg,115,0.883209570
mg,116,0.881468349
mg,117,0.851689955
mg,118,0.841012915
mg,119,0.840969273
mg,120,0.850719636
mg,121,0.880882919
mg,122,0.882184749
mg,123,0.882050158
mg,124,0.898501647
mg,125,0.969621978
mg,126,0.981694273
mg,127,0.981719027
mg,128,0.989285128
mg,129,1.000000000
mg,130,1.000000000
mg,131,0.963455749
mg,132,0.846004846
mg,133,0.651086363
mg,134,0.275922366
mg,135,0.125019965
mg,136,0.018305826
mg,144,0.170930126
mg,145,0.275999296
mg,146,0.651535013
mg,147,0.846081892
mg,148,0.968019281
mg,149,1.000000000
mg,150,1.000000000
mg,151,1.000000000
mg,152,1.000000000
mg,153,0.987962990
mg,154,0.911537339
mg,155,0.862963005
mg,156,0.838395833
mg,157,0.838388355
mg,158,0.838388425
mg,159,0.838391117
mg,160,0.838403392
mg,161,0.838394648
mg,162,0.838389352
mg,163,0.823497125
mg,164,0.826697818
mg,165,0.821191920
mg,166,0.820302957
mg,167,0.820312926
mg,168,0.821100122
mg,169,0.826252399
mg,170,0.825598814
mg,171,0.825557736
mg,172,0.826316153
mg,173,0.838388449
mg,174,0.838413778
mg,175,0.846124253
mg,176,0.900962348
mg,177,0.970979302
mg,178,0.982270565
mg,179,1.000000000
mg,180,1.000000000
mg,181,0.971004843
mg,182,0.838408313
mg,183,0.606810449
mg,184,0.250020684
mg,185,0.018310106
mg,186,0.000000734
mg,193,0.018305826
mg,194,0.132693544
mg,195,0.272936970
mg,196,0.643628139
mg,197,0.900970794
mg,198,0.991637084
mg,199,1.000000000
mg,200,1.000000000
mg,201,1.000000000
mg,202,0.987962990
mg,203,0.963395832
mg,204,0.856737781
mg,205,0.820396241
mg,206,0.820082526
mg,207,0.820082574
mg,208,0.820084982
mg,209,0.820083171
mg,210,0.820082576
mg,211,0.820082559
mg,212,0.820082529
mg,213,0.820082523
mg,214,0.820082522
mg,215,0.820082522
mg,216,0.820082522
mg,217,0.820082522
mg,218,0.820082522
mg,219,0.820082522
mg,220,0.820082522
mg,221,0.820082522
mg,222,0.820082620
mg,223,0.820107374
mg,224,0.827673476
mg,225,0.838964740
mg,226,0.860053626
mg,227,0.963964738
mg,228,0.984047494
mg,229,1.000000000
mg,230,1.000000000
mg,231,0.963408297
mg,232,0.731698454
mg,233,0.278822152
mg,234,0.079534017
mg,235,0.010503487
mg,242,0.000000013
mg,243,0.018305901
mg,244,0.187582459
mg,245,0.460466234
mg,246,0.789645702
mg,247,0.965304204
mg,248,1.000000000
mg,249,1.000000000
mg,250,1.000000000
mg,251,1.000000000
mg,252,0.963702067
mg,253,0.858479057
mg,254,0.823398929
mg,255,0.820082525
mg,256,0.820082521
mg,257,0.820082521
mg,258,0.820082521
mg,259,0.820082521
mg,260,0.820082521
mg,261,0.820082521
mg,262,0.820082521
mg,263,0.820082521
mg,264,0.820082521
mg,265,0.820082521
mg,266,0.820082521
mg,267,0.820082521
mg,268,0.820082521
mg,269,0.820082521
mg,270,0.812783348
mg,271,0.773636015
mg,272,0.788066860
mg,273,0.804734982
mg,274,0.818695478
mg,275,0.840741668
mg,276,0.870410328
mg,277,0.965741673
mg,278,1.000000000
mg,279,1.000000000
mg,280,0.981694908
mg,281,0.792922365
mg,282,0.470298552
mg,283,0.193405086
mg,284,0.018305826
mg,292,0.009942910
mg,293,0.076257354
mg,294,0.261858770
mg,295,0.636166428
mg,296,0.946998751
mg,297,1.000000000
mg,298,1.000000000
mg,299,1.000000000
mg,300,1.000000000
mg,301,0.966704754
mg,302,0.874238726
mg,303,0.830267194
mg,304,0.820082645
mg,305,0.820082522
mg,306,0.820082522
mg,307,0.820082521
mg,308,0.820082521
mg,309,0.820082521
mg,310,0.820082521
mg,311,0.820082521
mg,312,0.820082521
mg,313,0.820082521
mg,314,0.820082521
mg,315,0.820082521
mg,316,0.820082521
mg,317,0.820082521
mg,318,0.776179583
mg,319,0.655199922
mg,320,0.652627744
mg,321,0.712870250
mg,322,0.724775097
mg,323,0.735668005
mg,324,0.809889002
mg,325,0.856694207
mg,326,0.963388354
mg,327,0.982908484
mg,328,1.000000000
mg,329,0.992197661
mg,330,0.906793434
mg,331,0.659052617
mg,332,0.257181175
mg,333,0.018305826
mg,341,0.000000000
mg,342,0.018305827
mg,343,0.233610404
mg,344,0.606734881
mg,345,0.838613274
mg,346,0.981732701
mg,347,1.000000000
mg,348,1.000000000
mg,349,1.000000000
mg,350,0.973573002
mg,351,0.898510267
mg,352,0.845563539
mg,353,0.820103332
mg,354,0.820082664
mg,355,0.820082539
mg,356,0.820082523
mg,357,0.820082522
mg,358,0.820082521
mg,359,0.820082521
mg,360,0.820082521
mg,361,0.820082521
mg,362,0.820082521
mg,363,0.820082521
mg,364,0.820082521
mg,365,0.820082521
mg,366,0.804855295
mg,367,0.710098064
mg,368,0.616172094
mg,369,0.541733927
mg,370,0.433805037
mg,371,0.501635516
mg,372,0.739700253
mg,373,0.784764864
mg,374,0.735252534
mg,375,0.750851160
mg,376,0.947699881
mg,377,1.000000000
mg,378,1.000000000
mg,379,0.970569523
mg,380,0.731694174
mg,381,0.268305826
mg,382,0.018305826
mg,391,0.018305826
mg,392,0.125224927
mg,393,0.287300754
mg,394,0.732008737
mg,395,0.964358108
mg,396,1.000000000
mg,397,1.000000000
mg,398,1.000000000
mg,399,0.988868660
mg,400,0.963409156
mg,401,0.856814893
mg,402,0.821440274
mg,403,0.820102673
mg,404,0.820084811
mg,405,0.820082539
mg,406,0.820082522
mg,407,0.820082521
mg,408,0.820082521
mg,409,0.820082521
mg,410,0.820082521
mg,411,0.820082521
mg,412,0.820082521
mg,413,0.820082521
mg,414,0.818722283
mg,415,0.797180891
mg,416,0.691946414
mg,417,0.489111850
mg,418,0.423660500
mg,419,0.597726673
mg,420,0.751027038
mg,421,0.581610614
mg,422,0.357357736
mg,423,0.354974019
mg,424,0.625727446
mg,425,0.839202311
mg,426,0.973342726
mg,427,1.000000000
mg,428,0.981694174
mg,429,0.731694174
mg,430,0.268305837
mg,431,0.021834620
mg,440,0.000038527
mg,441,0.018620389
mg,442,0.267930860
mg,443,0.727800317
mg,444,0.962704832
mg,445,0.981834416
mg,446,0.989528645
mg,447,1.000000000
mg,448,1.000000000
mg,449,0.964745255
mg,450,0.864502280
mg,451,0.825467162
mg,452,0.820288811
mg,453,0.820085425
mg,454,0.820082538
mg,455,0.820082522
mg,456,0.820082521
mg,457,0.820082521
mg,458,0.820082521
mg,459,0.820082521
mg,460,0.820082521
mg,461,0.820082521
mg,462,0.820082521
mg,463,0.818641278
mg,464,0.750875614
mg,465,0.575815138
mg,466,0.611582906
mg,467,0.750147091
mg,468,0.652871279
mg,469,0.380913447
mg,470,0.282448440
mg,471,0.274744889
mg,472,0.235768095
mg,473,0.293186378
mg,474,0.683493461
mg,475,0.954998353
mg,476,1.000000000
mg,477,0.981694174
mg,478,0.731694239
mg,479,0.320025943
mg,489,0.000015443
mg,490,0.115543978
mg,491,0.542414195
mg,492,0.810676779
mg,493,0.847040219
mg,494,0.902499157
mg,495,0.976771956
mg,496,1.000000000
mg,497,1.000000000
mg,498,0.968654685
mg,499,0.879793672
mg,500,0.827336007
mg,501,0.820260012
mg,502,0.820083073
mg,503,0.820082522
mg,504,0.820082521
mg,505,0.820082521
mg,506,0.820082521
mg,507,0.820082521
mg,508,0.820082521
mg,509,0.820082521
mg,510,0.820082521
mg,511,0.820082521
mg,512,0.811084156
mg,513,0.763376765
mg,514,0.778582208
mg,515,0.692760163
mg,516,0.447162171
mg,517,0.297731993
mg,518,0.298581359
mg,519,0.308141067
mg,520,0.230242632
mg,521,0.118113044
mg,522,0.255757605
mg,523,0.610124609
mg,524,0.852538398
mg,525,0.984101732
mg,526,0.981694185
mg,527,0.850904494
mg,538,0.016667986
mg,539,0.240453968
mg,540,0.693444690
mg,541,0.820224859
mg,542,0.833480433
mg,543,0.894588144
mg,544,0.987243310
mg,545,1.000000000
mg,546,1.000000000
mg,547,0.969629634
mg,548,0.854344257
mg,549,0.822401630
mg,550,0.820083605
mg,551,0.820082522
mg,552,0.820082521
mg,553,0.820082521
mg,554,0.820082521
mg,555,0.820082521
mg,556,0.820082521
mg,557,0.820082521
mg,558,0.820082521
mg,559,0.820082521
mg,560,0.820082521
mg,561,0.820082521
mg,562,0.767666624
mg,563,0.546584111
mg,564,0.338584275
mg,565,0.337232232
mg,566,0.312546056
mg,567,0.268504541
mg,568,0.239199470
mg,569,0.190976385
mg,570,0.085253941
mg,571,0.148374904
mg,572,0.361643544
mg,573,0.873135079
mg,574,1.000000000
mg,575,1.000000000
mg,586,0.016667986
mg,587,0.240453968
mg,588,0.693444690
mg,589,0.820224859
mg,590,0.833480433
mg,591,0.894588144
mg,592,0.987243310
mg,593,1.000000000
mg,594,1.000000000
mg,595,0.969629634
mg,596,0.854344257
mg,597,0.822401630
mg,598,0.820083605
mg,599,0.820082522
mg,600,0.820082521
mg,601,0.820082521
mg,602,0.820082521
mg,603,0.820082521
mg,604,0.820082521
mg,605,0.820082521
mg,606,0.820082521
mg,607,0.820082521
mg,608,0.820082521
mg,609,0.820082521
mg,610,0.767666624
mg,611,0.546584111
mg,612,0.338584275
mg,613,0.337232232
mg,614,0.312546056
mg,615,0.268504541
mg,616,0.239199470
mg,617,0.190976385
mg,618,0.085253942
mg,619,0.148374904
mg,620,0.361643544
mg,621,0.873135079
mg,622,1.000000000
mg,623,1.000000000
mg,633,0.000015443
mg,634,0.115543978
mg,635,0.542414195
mg,636,0.810676779
mg,637,0.847040219
mg,638,0.902499157
mg,639,0.976771956
mg,640,1.000000000
mg,641,1.000000000
mg,642,0.968654685
mg,643,0.879793672
mg,644,0.827336007
mg,645,0.820260012
mg,646,0.820083073
mg,647,0.820082522
mg,648,0.820082521
mg,649,0.820082521
mg,650,0.820082521
mg,651,0.820082521
mg,652,0.820082521
mg,653,0.820082521
mg,654,0.820082521
mg,655,0.820082521
mg,656,0.811084156
mg,657,0.763376765
mg,658,0.778582208
mg,659,0.692760163
mg,660,0.447162171
mg,661,0.297731994
mg,662,0.298581359
mg,663,0.308141067
mg,664,0.230242632
mg,665,0.118113044
mg,666,0.255757605
mg,667,0.610124609
mg,668,0.852538398
mg,669,0.984101732
mg,670,0.981694185
mg,671,0.850904494
mg,680,0.000038527
mg,681,0.018620389
mg,682,0.267930860
mg,683,0.727800317
mg,684,0.962704832
mg,685,0.981834416
mg,686,0.989528645
mg,687,1.000000000
mg,688,1.000000000
mg,689,0.964745255
mg,690,0.864502280
mg,691,0.825467162
mg,692,0.820288811
mg,693,0.820085425
mg,694,0.820082538
mg,695,0.820082522
mg,696,0.820082521
mg,697,0.820082521
mg,698,0.820082521
mg,699,0.820082521
mg,700,0.820082521
mg,701,0.820082521
mg,702,0.820082521
mg,703,0.818641278
mg,704,0.750875614
mg,705,0.575815138
mg,706,0.611582906
mg,707,0.750147091
mg,708,0.652871279
mg,709,0.380913447
mg,710,0.282448440
mg,711,0.274744889
mg,712,0.235768095
mg,713,0.293186378
mg,714,0.683493460
mg,715,0.954998353
mg,716,1.000000000
mg,717,0.981694174
mg,718,0.731694239
mg,719,0.320025943
mg,727,0.018305826
mg,728,0.125224927
mg,729,0.287300754
mg,730,0.732008737
mg,731,0.964358108
mg,732,1.000000000
mg,733,1.000000000
mg,734,1.000000000
mg,735,0.988868660
mg,736,0.963409156
mg,737,0.856814893
mg,738,0.821440274
mg,739,0.820102673
mg,740,0.820084811
mg,741,0.820082539
mg,742,0.820082522
mg,743,0.820082521
mg,744,0.820082521
mg,745,0.820082521
mg,746,0.820082521
mg,747,0.820082521
mg,748,0.820082521
mg,749,0.820082521
mg,750,0.818722283
mg,751,0.797180891
mg,752,0.691946414
mg,753,0.489111850
mg,754,0.423660500
mg,755,0.597726673
mg,756,0.751027038
mg,757,0.581610614
mg,758,0.357357736
mg,759,0.354974019
mg,760,0.625727446
mg,761,0.839202311
mg,762,0.973342726
mg,763,1.000000000
mg,764,0.981694174
mg,765,0.731694174
mg,766,0.268305837
mg,767,0.021834620
mg,773,0.000000000
mg,774,0.018305827
mg,775,0.233610404
mg,776,0.606734881
mg,777,0.838613274
mg,778,0.981732701
mg,779,1.000000000
mg,780,1.000000000
mg,781,1.000000000
mg,782,0.973573002
mg,783,0.898510267
mg,784,0.845563539
mg,785,0.820103332
mg,786,0.820082664
mg,787,0.820082539
mg,788,0.820082523
mg,789,0.820082522
mg,790,0.820082521
mg,791,0.820082521
mg,792,0.820082521
mg,793,0.820082521
mg,794,0.820082521
mg,795,0.820082521
mg,796,0.820082521
mg,797,0.820082521
mg,798,0.804855295
mg,799,0.710098064
mg,800,0.616172094
mg,801,0.541733927
mg,802,0.433805037
mg,803,0.501635516
mg,804,0.739700253
mg,805,0.784764864
mg,806,0.735252534
mg,807,0.750851160
mg,808,0.947699881
mg,809,1.000000000
mg,810,1.000000000
mg,811,0.970569523
mg,812,0.731694174
mg,813,0.268305826
mg,814,0.018305826
mg,820,0.009942910
mg,821,0.076257354
mg,822,0.261858770
mg,823,0.636166428
mg,824,0.946998751
mg,825,1.000000000
mg,826,1.000000000
mg,827,1.000000000
mg,828,1.000000000
mg,829,0.966704754
mg,830,0.874238726
mg,831,0.830267194
mg,832,0.820082645
mg,833,0.820082522
mg,834,0.820082522
mg,835,0.820082521
mg,836,0.820082521
mg,837,0.820082521
mg,838,0.820082521
mg,839,0.820082521
mg,840,0.820082521
mg,841,0.820082521
mg,842,0.820082521
mg,843,0.820082521
mg,844,0.820082521
mg,845,0.820082521
mg,846,0.776179583
mg,847,0.655199922
mg,848,0.652627744
mg,849,0.712870250
mg,850,0.724775097
mg,851,0.735668005
mg,852,0.809889002
mg,853,0.856694207
mg,854,0.963388354
mg,855,0.982908484
mg,856,1.000000000
mg,857,0.992197661
mg,858,0.906793434
mg,859,0.659052617
mg,860,0.257181175
mg,861,0.018305826
mg,866,0.000000013
mg,867,0.018305901
mg,868,0.187582459
mg,869,0.460466234
mg,870,0.789645702
mg,871,0.965304204
mg,872,1.000000000
mg,873,1.000000000
mg,874,1.000000000
mg,875,1.000000000
mg,876,0.963702067
mg,877,0.858479057
mg,878,0.823398929
mg,879,0.820082525
mg,880,0.820082521
mg,881,0.820082521
mg,882,0.820082521
mg,883,0.820082521
mg,884,0.820082521
mg,885,0.820082521
mg,886,0.820082521
mg,887,0.820082521
mg,888,0.820082521
mg,889,0.820082521
mg,890,0.820082521
mg,891,0.820082521
mg,892,0.820082521
mg,893,0.820082521
mg,894,0.812783348
mg,895,0.773636015
mg,896,0.788066860
mg,897,0.804734982
mg,898,0.818695478
mg,899,0.840741668
mg,900,0.870410328
mg,901,0.965741673
mg,902,1.000000000
mg,903,1.000000000
mg,904,0.981694908
mg,905,0.792922365
mg,906,0.470298552
mg,907,0.193405086
mg,908,0.018305826
mg,913,0.018305826
mg,914,0.132693544
mg,915,0.272936969
mg,916,0.643628139
mg,917,0.900970794
mg,918,0.991637084
mg,919,1.000000000
mg,920,1.000000000
mg,921,1.000000000
mg,922,0.987962990
mg,923,0.963395832
mg,924,0.856737781
mg,925,0.820396241
mg,926,0.820082526
mg,927,0.820082574
mg,928,0.820084982
mg,929,0.820083171
mg,930,0.820082576
mg,931,0.820082559
mg,932,0.820082529
mg,933,0.820082523
mg,934,0.820082522
mg,935,0.820082522
mg,936,0.820082522
mg,937,0.820082522
mg,938,0.820082522
mg,939,0.820082522
mg,940,0.820082522
mg,941,0.820082522
mg,942,0.820082620
mg,943,0.820107374
mg,944,0.827673476
mg,945,0.838964740
mg,946,0.860053626
mg,947,0.963964738
mg,948,0.984047494
mg,949,1.000000000
mg,950,1.000000000
mg,951,0.963408297
mg,952,0.731698454
mg,953,0.278822152
mg,954,0.079534017
mg,955,0.010503487
mg,960,0.170930126
mg,961,0.275999296
mg,962,0.651535013
mg,963,0.846081892
mg,964,0.968019281
mg,965,1.000000000
mg,966,1.000000000
mg,967,1.000000000
mg,968,1.000000000
mg,969,0.987962990
mg,970,0.911537339
mg,971,0.862963005
mg,972,0.838395833
mg,973,0.838388355
mg,974,0.838388425
mg,975,0.838391117
mg,976,0.838403392
mg,977,0.838394648
mg,978,0.838389352
mg,979,0.823497125
mg,980,0.826697818
mg,981,0.821191920
mg,982,0.820302957
mg,983,0.820312926
mg,984,0.821100122
mg,985,0.826252399
mg,986,0.825598814
mg,987,0.825557736
mg,988,0.826316153
mg,989,0.838388449
mg,990,0.838413778
mg,991,0.846124253
mg,992,0.900962348
mg,993,0.970979302
mg,994,0.982270565
mg,995,1.000000000
mg,996,1.000000000
mg,997,0.971004843
mg,998,0.838408313
mg,999,0.606810449
mg,1000,0.250020684
mg,1001,0.018310106
mg,1002,0.000000734
mg,1008,0.829069874
mg,1009,0.856694174
mg,1010,0.971081817
mg,1011,1.000000000
mg,1012,1.000000000
mg,1013,1.000000000
mg,1014,1.000000000
mg,1015,1.000000000
mg,1016,1.000000000
mg,1017,1.000000000
mg,1018,0.987962990
mg,1019,0.981694176
mg,1020,0.981694174
mg,1021,0.981694174
mg,1022,0.981694178
mg,1023,0.981694226
mg,1024,0.981696635
mg,1025,0.981694823
mg,1026,0.966802727
mg,1027,0.883209570
mg,1028,0.881468349
mg,1029,0.851689955
mg,1030,0.841012915
mg,1031,0.840969273
mg,1032,0.850719636
mg,1033,0.880882919
mg,1034,0.882184749
mg,1035,0.882050158
mg,1036,0.898501647
mg,1037,0.969621978
mg,1038,0.981694273
mg,1039,0.981719027
mg,1040,0.989285128
mg,1041,1.000000000
mg,1042,1.000000000
mg,1043,0.963455749
mg,1044,0.846004846
mg,1045,0.651086363
mg,1046,0.275922366
mg,1047,0.125019965
mg,1048,0.018305826
mg,1056,1.000000000
mg,1057,1.000000000
mg,1058,1.000000000
mg,1059,1.000000000
mg,1060,1.000000000
mg,1061,1.000000000
mg,1062,1.000000000
mg,1063,1.000000000
mg,1064,1.000000000
mg,1065,1.000000000
mg,1066,1.000000000
mg,1067,1.000000000
mg,1068,1.000000000
mg,1069,1.000000000
mg,1070,1.000000000
mg,1071,1.000000000
mg,1072,1.000000000
mg,1073,1.000000000
mg,1074,1.000000000
mg,1075,0.985108499
mg,1076,0.988309386
mg,1077,0.982803557
mg,1078,0.981914607
mg,1079,0.981924578
mg,1080,0.982711774
mg,1081,0.987864051
mg,1082,0.987210467
mg,1083,0.987169388
mg,1084,0.987927804
mg,1085,1.000000000
mg,1086,1.000000000
mg,1087,1.000000000
mg,1088,0.972762708
mg,1089,0.885182638
mg,1090,0.825037770
mg,1091,0.607087020
mg,1092,0.268373245
mg,1093,0.132616501
mg,1094,0.018305842
mg,1095,0.000000003
mg,1104,1.000000000
mg,1105,1.000000000
mg,1106,1.000000000
mg,1107,1.000000000
mg,1108,1.000000000
mg,1109,1.000000000
mg,1110,1.000000000
mg,1111,1.000000000
mg,1112,1.000000000
mg,1113,1.000000000
mg,1114,1.000000000
mg,1115,1.000000000
mg,1116,1.000000000
mg,1117,1.000000000
mg,1118,1.000000000
mg,1119,1.000000000
mg,1120,1.000000000
mg,1121,1.000000000
mg,1122,1.000000000
mg,1123,1.000000000
mg,1124,1.000000000
mg,1125,1.000000000
mg,1126,1.000000000
mg,1127,1.000000000
mg,1128,1.000000000
mg,1129,1.000000000
mg,1130,1.000000000
mg,1131,1.000000000
mg,1132,1.000000000
mg,1133,1.000000000
mg,1134,1.000000000
mg,1135,0.983516811
mg,1136,0.788813384
mg,1137,0.427317169
mg,1138,0.226744702
mg,1139,0.149175978
mg,1140,0.021834550
mg,1141,0.000000001
mg,1152,1.000000000
mg,1153,1.000000000
mg,1154,1.000000000
mg,1155,1.000000000
mg,1156,1.000000000
mg,1157,1.000000000
mg,1158,1.000000000
mg,1159,1.000000000
mg,1160,1.000000000
mg,1161,1.000000000
mg,1162,1.000000000
mg,1163,1.000000000
mg,1164,1.000000000
mg,1165,1.000000000
mg,1166,1.000000000
mg,1167,1.000000000
mg,1168,1.000000000
mg,1169,1.000000000
mg,1170,1.000000000
mg,1171,1.000000000
mg,1172,1.000000000
mg,1173,1.000000000
mg,1174,1.000000000
mg,1175,1.000000000
mg,1176,1.000000000
mg,1177,1.000000000
mg,1178,1.000000000
mg,1179,1.000000000
mg,1180,0.999947686
mg,1181,1.000000000
mg,1182,0.990070360
mg,1183,0.843275131
mg,1184,0.503323638
mg,1185,0.252861108
mg,1186,0.148270792
mg,1187,0.037004492
mg,1188,0.000067402
mg,1200,1.000000000
mg,1201,1.000000000
mg,1202,1.000000000
mg,1203,1.000000000
mg,1204,1.000000000
mg,1205,1.000000000
mg,1206,1.000000000
mg,1207,1.000000000
mg,1208,1.000000000
mg,1209,1.000000000
mg,1210,1.000000000
mg,1211,1.000000000
mg,1212,1.000000000
mg,1213,1.000000000
mg,1214,1.000000000
mg,1215,1.000000000
mg,1216,0.987839766
mg,1217,0.984485793
mg,1218,0.971864704
mg,1219,0.901018106
mg,1220,0.899542416
mg,1221,0.874304730
mg,1222,0.865255758
mg,1223,0.865218772
mg,1224,0.873482369
mg,1225,0.899046261
mg,1226,0.900149584
mg,1227,0.899991178
mg,1228,0.913720016
mg,1229,0.974209776
mg,1230,0.984485605
mg,1231,0.967589022
mg,1232,0.899217716
mg,1233,0.839955565
mg,1234,0.651533068
mg,1235,0.349854875
mg,1236,0.147640050
mg,1237,0.068652111
mg,1238,0.006455108
mg,1248,0.838388348
mg,1249,0.854037242
mg,1250,0.916553900
mg,1251,0.991005848
mg,1252,1.000000000
mg,1253,1.000000000
mg,1254,1.000000000
mg,1255,1.000000000
mg,1256,0.985431100
mg,1257,0.974283933
mg,1258,0.909511903
mg,1259,0.868344334
mg,1260,0.863031397
mg,1261,0.863031400
mg,1262,0.863031460
mg,1263,0.850873508
mg,1264,0.776654902
mg,1265,0.744938580
mg,1266,0.668019021
mg,1267,0.463151294
mg,1268,0.409828810
mg,1269,0.339657729
mg,1270,0.299336463
mg,1271,0.298981582
mg,1272,0.336147002
mg,1273,0.413158964
mg,1274,0.428721191
mg,1275,0.428630282
mg,1276,0.499254962
mg,1277,0.681944561
mg,1278,0.744830592
mg,1279,0.780990604
mg,1280,0.895095284
mg,1281,0.973914307
mg,1282,0.954916406
mg,1283,0.858041253
mg,1284,0.711466487
mg,1285,0.465600574
mg,1286,0.178157433
mg,1287,0.031127539
mg,1288,0.000016907
mg,1296,0.161611652
mg,1297,0.206005609
mg,1298,0.478399510
mg,1299,0.783510088
mg,1300,0.901421203
mg,1301,0.979493504
mg,1302,1.000000000
mg,1303,0.985431100
mg,1304,0.899571730
mg,1305,0.804530587
mg,1306,0.594228975
mg,1307,0.426363711
mg,1308,0.305003181
mg,1309,0.289458079
mg,1310,0.289452033
mg,1311,0.289464660
mg,1312,0.277331408
mg,1313,0.273959551
mg,1314,0.261320613
mg,1315,0.190470673
mg,1316,0.188994431
mg,1317,0.163756497
mg,1318,0.154707477
mg,1319,0.154670483
mg,1320,0.162934079
mg,1321,0.188497971
mg,1322,0.189601294
mg,1323,0.189487226
mg,1324,0.203430143
mg,1325,0.263706317
mg,1326,0.274061548
mg,1327,0.315034117
mg,1328,0.491000316
mg,1329,0.690532181
mg,1330,0.774375004
mg,1331,0.901680295
mg,1332,0.954859573
mg,1333,0.894612324
mg,1334,0.678389687
mg,1335,0.352692250
mg,1336,0.137067176
mg,1337,0.015515119
mg,1345,0.006520345
mg,1346,0.069037014
mg,1347,0.181878824
mg,1348,0.424071494
mg,1349,0.736423068
mg,1350,0.960054225
mg,1351,1.000000000
mg,1352,0.959754762
mg,1353,0.859296673
mg,1354,0.772572531
mg,1355,0.640987570
mg,1356,0.349218248
mg,1357,0.169547283
mg,1358,0.152742712
mg,1359,0.152485451
mg,1360,0.152495853
mg,1361,0.152488443
mg,1362,0.152483954
mg,1363,0.152483339
mg,1364,0.152483174
mg,1365,0.152483116
mg,1366,0.152483105
mg,1367,0.152483104
mg,1368,0.152483103
mg,1369,0.152483103
mg,1370,0.152483103
mg,1371,0.152483103
mg,1372,0.152483104
mg,1373,0.152483189
mg,1374,0.152504656
mg,1375,0.159039414
mg,1376,0.205515627
mg,1377,0.267703373
mg,1378,0.374298450
mg,1379,0.647058404
mg,1380,0.776219698
mg,1381,0.899821719
mg,1382,0.950590350
mg,1383,0.863129964
mg,1384,0.635655356
mg,1385,0.239905860
mg,1386,0.024442208
mg,1387,0.000004325
mg,1395,0.003924794
mg,1396,0.062331095
mg,1397,0.287031129
mg,1398,0.645688182
mg,1399,0.862320587
mg,1400,0.902171534
mg,1401,0.897276026
mg,1402,0.855807398
mg,1403,0.832025384
mg,1404,0.652701846
mg,1405,0.355943498
mg,1406,0.184379627
mg,1407,0.155034288
mg,1408,0.152483106
mg,1409,0.152483103
mg,1410,0.152483103
mg,1411,0.152483103
mg,1412,0.152483103
mg,1413,0.152483103
mg,1414,0.152483103
mg,1415,0.152483103
mg,1416,0.152483103
mg,1417,0.152483103
mg,1418,0.152483103
mg,1419,0.152483103
mg,1420,0.152483103
mg,1421,0.152483103
mg,1422,0.152483103
mg,1423,0.146296930
mg,1424,0.149174561
mg,1425,0.151307562
mg,1426,0.170844793
mg,1427,0.270535889
mg,1428,0.399507388
mg,1429,0.671859511
mg,1430,0.881444097
mg,1431,0.972341934
mg,1432,0.965960696
mg,1433,0.732959470
mg,1434,0.313458138
mg,1435,0.075428879
mg,1436,0.006086167
mg,1444,0.000000001
mg,1445,0.023941285
mg,1446,0.146432343
mg,1447,0.377239415
mg,1448,0.673087921
mg,1449,0.881752731
mg,1450,0.865162251
mg,1451,0.849318861
mg,1452,0.832262051
mg,1453,0.667534190
mg,1454,0.399795791
mg,1455,0.218306789
mg,1456,0.158564214
mg,1457,0.152483208
mg,1458,0.152483104
mg,1459,0.152483103
mg,1460,0.152483103
mg,1461,0.152483103
mg,1462,0.152483103
mg,1463,0.152483103
mg,1464,0.152483103
mg,1465,0.152483103
mg,1466,0.152483103
mg,1467,0.152483103
mg,1468,0.152483103
mg,1469,0.152483103
mg,1470,0.146296930
mg,1471,0.111966079
mg,1472,0.119778226
mg,1473,0.134783614
mg,1474,0.141253864
mg,1475,0.143843918
mg,1476,0.179622301
mg,1477,0.350842395
mg,1478,0.640037781
mg,1479,0.779839106
mg,1480,0.954698599
mg,1481,0.981479491
mg,1482,0.801491666
mg,1483,0.470785078
mg,1484,0.175201738
mg,1485,0.015514497
mg,1494,0.001623720
mg,1495,0.056009073
mg,1496,0.319448161
mg,1497,0.642802023
mg,1498,0.833803729
mg,1499,0.847517031
mg,1500,0.847516901
mg,1501,0.834553569
mg,1502,0.701461214
mg,1503,0.473233331
mg,1504,0.293881787
mg,1505,0.168100514
mg,1506,0.152501355
mg,1507,0.152483311
mg,1508,0.152483127
mg,1509,0.152483105
mg,1510,0.152483103
mg,1511,0.152483103
mg,1512,0.152483103
mg,1513,0.152483103
mg,1514,0.152483103
mg,1515,0.152483103
mg,1516,0.152483103
mg,1517,0.152483103
mg,1518,0.151330278
mg,1519,0.134006709
mg,1520,0.109637537
mg,1521,0.101249133
mg,1522,0.071293488
mg,1523,0.077836131
mg,1524,0.141849445
mg,1525,0.164954089
mg,1526,0.252227960
mg,1527,0.368245113
mg,1528,0.688200568
mg,1529,0.953460174
mg,1530,0.990571670
mg,1531,0.901264526
mg,1532,0.657812257
mg,1533,0.245668554
mg,1534,0.015514497
mg,1543,0.000000317
mg,1544,0.031063494
mg,1545,0.227584350
mg,1546,0.605463220
mg,1547,0.746291317
mg,1548,0.832811199
mg,1549,0.847516897
mg,1550,0.838082898
mg,1551,0.777017128
mg,1552,0.641820959
mg,1553,0.350287677
mg,1554,0.174719363
mg,1555,0.153716789
mg,1556,0.152511272
mg,1557,0.152485107
mg,1558,0.152483117
mg,1559,0.152483103
mg,1560,0.152483103
mg,1561,0.152483103
mg,1562,0.152483103
mg,1563,0.152483103
mg,1564,0.152483103
mg,1565,0.152483103
mg,1566,0.152483103
mg,1567,0.150108799
mg,1568,0.132707159
mg,1569,0.087531638
mg,1570,0.070171058
mg,1571,0.113642865
mg,1572,0.146263285
mg,1573,0.110910662
mg,1574,0.055177563
mg,1575,0.070058561
mg,1576,0.320511793
mg,1577,0.659634143
mg,1578,0.911853981
mg,1579,0.992861653
mg,1580,0.971731342
mg,1581,0.741577285
mg,1582,0.258422715
mg,1583,0.018305837
mg,1593,0.015560238
mg,1594,0.141758920
mg,1595,0.361614914
mg,1596,0.640470598
mg,1597,0.733395395
mg,1598,0.780396007
mg,1599,0.838642247
mg,1600,0.832019933
mg,1601,0.657854991
mg,1602,0.372096784
mg,1603,0.194464831
mg,1604,0.156801832
mg,1605,0.152644004
mg,1606,0.152483649
mg,1607,0.152483103
mg,1608,0.152483103
mg,1609,0.152483103
mg,1610,0.152483103
mg,1611,0.152483103
mg,1612,0.152483103
mg,1613,0.152483103
mg,1614,0.152483103
mg,1615,0.152483103
mg,1616,0.143635358
mg,1617,0.097338432
mg,1618,0.113702817
mg,1619,0.145696893
mg,1620,0.130818261
mg,1621,0.061133877
mg,1622,0.052783555
mg,1623,0.055809001
mg,1624,0.050798886
mg,1625,0.192887791
mg,1626,0.511860395
mg,1627,0.821582247
mg,1628,0.981041669
mg,1629,0.984485503
mg,1630,0.741577294
mg,1631,0.304917544
mg,1642,0.014948288
mg,1643,0.133592251
mg,1644,0.258536290
mg,1645,0.314717153
mg,1646,0.485868009
mg,1647,0.717264827
mg,1648,0.836705387
mg,1649,0.833134868
mg,1650,0.677183119
mg,1651,0.411135479
mg,1652,0.201425734
mg,1653,0.155312829
mg,1654,0.152486757
mg,1655,0.152483104
mg,1656,0.152483103
mg,1657,0.152483103
mg,1658,0.152483103
mg,1659,0.152483103
mg,1660,0.152483103
mg,1661,0.152483103
mg,1662,0.152483103
mg,1663,0.152483103
mg,1664,0.152483103
mg,1665,0.144856836
mg,1666,0.148873158
mg,1667,0.136372645
mg,1668,0.075621026
mg,1669,0.052011632
mg,1670,0.055535689
mg,1671,0.062503477
mg,1672,0.065721317
mg,1673,0.052591748
mg,1674,0.116188212
mg,1675,0.356566887
mg,1676,0.739071117
mg,1677,0.965501522
mg,1678,0.984485503
mg,1679,0.856694185
mg,1690,0.000000000
mg,1691,0.029640904
mg,1692,0.137087504
mg,1693,0.159827835
mg,1694,0.238971715
mg,1695,0.480658366
mg,1696,0.773691289
mg,1697,0.847516897
mg,1698,0.835333242
mg,1699,0.668573226
mg,1700,0.308281580
mg,1701,0.166029193
mg,1702,0.152489838
mg,1703,0.152483105
mg,1704,0.152483103
mg,1705,0.152483103
mg,1706,0.152483103
mg,1707,0.152483103
mg,1708,0.152483103
mg,1709,0.152483103
mg,1710,0.152483103
mg,1711,0.152483103
mg,1712,0.152483103
mg,1713,0.152483103
mg,1714,0.145977453
mg,1715,0.097732493
mg,1716,0.057590499
mg,1717,0.065660782
mg,1718,0.058446909
mg,1719,0.052505366
mg,1720,0.064195534
mg,1721,0.096437219
mg,1722,0.070350030
mg,1723,0.049386009
mg,1724,0.269044585
mg,1725,0.759138466
mg,1726,0.984485508
mg,1727,1.000000000
mg,1738,0.000000000
mg,1739,0.029640904
mg,1740,0.137087504
mg,1741,0.159827835
mg,1742,0.238971715
mg,1743,0.480658366
mg,1744,0.773691289
mg,1745,0.847516897
mg,1746,0.835333242
mg,1747,0.668573226
mg,1748,0.308281580
mg,1749,0.166029193
mg,1750,0.152489838
mg,1751,0.152483105
mg,1752,0.152483103
mg,1753,0.152483103
mg,1754,0.152483103
mg,1755,0.152483103
mg,1756,0.152483103
mg,1757,0.152483103
mg,1758,0.152483103
mg,1759,0.152483103
mg,1760,0.152483103
mg,1761,0.152483103
mg,1762,0.145977453
mg,1763,0.097732493
mg,1764,0.057590499
mg,1765,0.065660782
mg,1766,0.058446909
mg,1767,0.052505366
mg,1768,0.064195534
mg,1769,0.096437219
mg,1770,0.070350030
mg,1771,0.049386009
mg,1772,0.269044585
mg,1773,0.759138466
mg,1774,0.984485508
mg,1775,1.000000000
mg,1786,0.014948288
mg,1787,0.133592251
mg,1788,0.258536290
mg,1789,0.314717153
mg,1790,0.485868009
mg,1791,0.717264827
mg,1792,0.836705387
mg,1793,0.833134868
mg,1794,0.677183119
mg,1795,0.411135479
mg,1796,0.201425734
mg,1797,0.155312829
mg,1798,0.152486757
mg,1799,0.152483104
mg,1800,0.152483103
mg,1801,0.152483103
mg,1802,0.152483103
mg,1803,0.152483103
mg,1804,0.152483103
mg,1805,0.152483103
mg,1806,0.152483103
mg,1807,0.152483103
mg,1808,0.152483103
mg,1809,0.144856836
mg,1810,0.148873158
mg,1811,0.136372645
mg,1812,0.075621026
mg,1813,0.052011632
mg,1814,0.055535689
mg,1815,0.062503477
mg,1816,0.065721317
mg,1817,0.052591748
mg,1818,0.116188211
mg,1819,0.356566887
mg,1820,0.739071117
mg,1821,0.965501522
mg,1822,0.984485503
mg,1823,0.856694185
mg,1833,0.015560238
mg,1834,0.141758920
mg,1835,0.361614914
mg,1836,0.640470598
mg,1837,0.733395395
mg,1838,0.780396007
mg,1839,0.838642247
mg,1840,0.832019933
mg,1841,0.657854991
mg,1842,0.372096784
mg,1843,0.194464831
mg,1844,0.156801832
mg,1845,0.152644004
mg,1846,0.152483649
mg,1847,0.152483103
mg,1848,0.152483103
mg,1849,0.152483103
mg,1850,0.152483103
mg,1851,0.152483103
mg,1852,0.152483103
mg,1853,0.152483103
mg,1854,0.152483103
mg,1855,0.152483103
mg,1856,0.143635358
mg,1857,0.097338432
mg,1858,0.113702817
mg,1859,0.145696893
mg,1860,0.130818261
mg,1861,0.061133877
mg,1862,0.052783555
mg,1863,0.055809001
mg,1864,0.050798886
mg,1865,0.192887791
mg,1866,0.511860395
mg,1867,0.821582247
mg,1868,0.981041669
mg,1869,0.984485503
mg,1870,0.741577294
mg,1871,0.304917544
mg,1879,0.000000317
mg,1880,0.031063494
mg,1881,0.227584350
mg,1882,0.605463220
mg,1883,0.746291317
mg,1884,0.832811199
mg,1885,0.847516897
mg,1886,0.838082898
mg,1887,0.777017128
mg,1888,0.641820959
mg,1889,0.350287677
mg,1890,0.174719363
mg,1891,0.153716789
mg,1892,0.152511272
mg,1893,0.152485107
mg,1894,0.152483117
mg,1895,0.152483103
mg,1896,0.152483103
mg,1897,0.152483103
mg,1898,0.152483103
mg,1899,0.152483103
mg,1900,0.152483103
mg,1901,0.152483103
mg,1902,0.152483103
mg,1903,0.150108799
mg,1904,0.132707159
mg,1905,0.087531638
mg,1906,0.070171058
mg,1907,0.113642865
mg,1908,0.146263285
mg,1909,0.110910663
mg,1910,0.055177563
mg,1911,0.070058561
mg,1912,0.320511793
mg,1913,0.659634143
mg,1914,0.911853981
mg,1915,0.992861653
mg,1916,0.971731342
mg,1917,0.741577285
mg,1918,0.258422715
mg,1919,0.018305837
mg,1926,0.001623720
mg,1927,0.056009073
mg,1928,0.319448161
mg,1929,0.642802023
mg,1930,0.833803729
mg,1931,0.847517031
mg,1932,0.847516901
mg,1933,0.834553569
mg,1934,0.701461214
mg,1935,0.473233331
mg,1936,0.293881787
mg,1937,0.168100514
mg,1938,0.152501355
mg,1939,0.152483311
mg,1940,0.152483127
mg,1941,0.152483105
mg,1942,0.152483103
mg,1943,0.152483103
mg,1944,0.152483103
mg,1945,0.152483103
mg,1946,0.152483103
mg,1947,0.152483103
mg,1948,0.152483103
mg,1949,0.152483103
mg,1950,0.151330278
mg,1951,0.134006709
mg,1952,0.109637537
mg,1953,0.101249133
mg,1954,0.071293488
mg,1955,0.077836131
mg,1956,0.141849445
mg,1957,0.164954089
mg,1958,0.252227960
mg,1959,0.368245113
mg,1960,0.688200568
mg,1961,0.953460174
mg,1962,0.990571670
mg,1963,0.901264526
mg,1964,0.657812257
mg,1965,0.245668554
mg,1966,0.015514497
mg,1972,0.000000001
mg,1973,0.023941285
mg,1974,0.146432343
mg,1975,0.377239415
mg,1976,0.673087921
mg,1977,0.881752731
mg,1978,0.865162251
mg,1979,0.849318861
mg,1980,0.832262051
mg,1981,0.667534190
mg,1982,0.399795791
mg,1983,0.218306789
mg,1984,0.158564214
mg,1985,0.152483208
mg,1986,0.152483104
mg,1987,0.152483103
mg,1988,0.152483103
mg,1989,0.152483103
mg,1990,0.152483103
mg,1991,0.152483103
mg,1992,0.152483103
mg,1993,0.152483103
mg,1994,0.152483103
mg,1995,0.152483103
mg,1996,0.152483103
mg,1997,0.152483103
mg,1998,0.146296930
mg,1999,0.111966079
mg,2000,0.119778226
mg,2001,0.134783614
mg,2002,0.141253864
mg,2003,0.143843918
mg,2004,0.179622301
mg,2005,0.350842395
mg,2006,0.640037781
mg,2007,0.779839106
mg,2008,0.954698599
mg,2009,0.981479491
mg,2010,0.801491666
mg,2011,0.470785078
mg,2012,0.175201738
mg,2013,0.015514497
mg,2019,0.003924794
mg,2020,0.062331095
mg,2021,0.287031129
mg,2022,0.645688182
mg,2023,0.862320587
mg,2024,0.902171534
mg,2025,0.897276026
mg,2026,0.855807398
mg,2027,0.832025384
mg,2028,0.652701846
mg,2029,0.355943498
mg,2030,0.184379627
mg,2031,0.155034288
mg,2032,0.152483106
mg,2033,0.152483103
mg,2034,0.152483103
mg,2035,0.152483103
mg,2036,0.152483103
mg,2037,0.152483103
mg,2038,0.152483103
mg,2039,0.152483103
mg,2040,0.152483103
mg,2041,0.152483103
mg,2042,0.152483103
mg,2043,0.152483103
mg,2044,0.152483103
mg,2045,0.152483103
mg,2046,0.152483103
mg,2047,0.146296930
mg,2048,0.149174561
mg,2049,0.151307562
mg,2050,0.170844793
mg,2051,0.270535889
mg,2052,0.399507388
mg,2053,0.671859511
mg,2054,0.881444097
mg,2055,0.972341934
mg,2056,0.965960696
mg,2057,0.732959470
mg,2058,0.313458138
mg,2059,0.075428879
mg,2060,0.006086167
mg,2065,0.006520345
mg,2066,0.069037014
mg,2067,0.181878824
mg,2068,0.424071494
mg,2069,0.736423068
mg,2070,0.960054225
mg,2071,1.000000000
mg,2072,0.959754762
mg,2073,0.859296673
mg,2074,0.772572531
mg,2075,0.640987570
mg,2076,0.349218248
mg,2077,0.169547283
mg,2078,0.152742712
mg,2079,0.152485451
mg,2080,0.152495853
mg,2081,0.152488443
mg,2082,0.152483954
mg,2083,0.152483339
mg,2084,0.152483174
mg,2085,0.152483116
mg,2086,0.152483105
mg,2087,0.152483104
mg,2088,0.152483103
mg,2089,0.152483103
mg,2090,0.152483103
mg,2091,0.152483103
mg,2092,0.152483104
mg,2093,0.152483189
mg,2094,0.152504656
mg,2095,0.159039414
mg,2096,0.205515627
mg,2097,0.267703373
mg,2098,0.374298450
mg,2099,0.647058404
mg,2100,0.776219698
mg,2101,0.899821719
mg,2102,0.950590350
mg,2103,0.863129964
mg,2104,0.635655356
mg,2105,0.239905860
mg,2106,0.024442208
mg,2107,0.000004325
mg,2112,0.161611652
mg,2113,0.206005609
mg,2114,0.478399510
mg,2115,0.783510088
mg,2116,0.901421203
mg,2117,0.979493504
mg,2118,1.000000000
mg,2119,0.985431100
mg,2120,0.899571730
mg,2121,0.804530587
mg,2122,0.594228975
mg,2123,0.426363711
mg,2124,0.305003181
mg,2125,0.289458079
mg,2126,0.289452033
mg,2127,0.289464660
mg,2128,0.277331408
mg,2129,0.273959551
mg,2130,0.261320613
mg,2131,0.190470673
mg,2132,0.188994431
mg,2133,0.163756497
mg,2134,0.154707477
mg,2135,0.154670483
mg,2136,0.162934079
mg,2137,0.188497971
mg,2138,0.189601294
mg,2139,0.189487226
mg,2140,0.203430143
mg,2141,0.263706317
mg,2142,0.274061548
mg,2143,0.315034117
mg,2144,0.491000316
mg,2145,0.690532181
mg,2146,0.774375004
mg,2147,0.901680295
mg,2148,0.954859573
mg,2149,0.894612324
mg,2150,0.678389687
mg,2151,0.352692250
mg,2152,0.137067176
mg,2153,0.015515119
mg,2160,0.838388348
mg,2161,0.854037242
mg,2162,0.916553900
mg,2163,0.991005848
mg,2164,1.000000000
mg,2165,1.000000000
mg,2166,1.000000000
mg,2167,1.000000000
mg,2168,0.985431100
mg,2169,0.974283933
mg,2170,0.909511903
mg,2171,0.868344334
mg,2172,0.863031397
mg,2173,0.863031400
mg,2174,0.863031460
mg,2175,0.850873508
mg,2176,0.776654902
mg,2177,0.744938580
mg,2178,0.668019021
mg,2179,0.463151294
mg,2180,0.409828810
mg,2181,0.339657729
mg,2182,0.299336463
mg,2183,0.298981582
mg,2184,0.336147002
mg,2185,0.413158964
mg,2186,0.428721191
mg,2187,0.428630282
mg,2188,0.499254962
mg,2189,0.681944561
mg,2190,0.744830592
mg,2191,0.780990604
mg,2192,0.895095284
mg,2193,0.973914307
mg,2194,0.954916406
mg,2195,0.858041253
mg,2196,0.711466487
mg,2197,0.465600574
mg,2198,0.178157433
mg,2199,0.031127539
mg,2200,0.000016907
mg,2208,1.000000000
mg,2209,1.000000000
mg,2210,1.000000000
mg,2211,1.000000000
mg,2212,1.000000000
mg,2213,1.000000000
mg,2214,1.000000000
mg,2215,1.000000000
mg,2216,1.000000000
mg,2217,1.000000000
mg,2218,1.000000000
mg,2219,1.000000000
mg,2220,1.000000000
mg,2221,1.000000000
mg,2222,1.000000000
mg,2223,1.000000000
mg,2224,0.987839766
mg,2225,0.984485793
mg,2226,0.971864704
mg,2227,0.901018106
mg,2228,0.899542416
mg,2229,0.874304730
mg,2230,0.865255758
mg,2231,0.865218772
mg,2232,0.873482369
mg,2233,0.899046261
mg,2234,0.900149584
mg,2235,0.899991178
mg,2236,0.913720016
mg,2237,0.974209776
mg,2238,0.984485605
mg,2239,0.967589022
mg,2240,0.899217716
mg,2241,0.839955565
mg,2242,0.651533068
mg,2243,0.349854875
mg,2244,0.147640050
mg,2245,0.068652111
mg,2246,0.006455108
mg,2256,1.000000000
mg,2257,1.000000000
mg,2258,1.000000000
mg,2259,1.000000000
mg,2260,1.000000000
mg,2261,1.000000000
mg,2262,1.000000000
mg,2263,1.000000000
mg,2264,1.000000000
mg,2265,1.000000000
mg,2266,1.000000000
mg,2267,1.000000000
mg,2268,1.000000000
mg,2269,1.000000000
mg,2270,1.000000000
mg,2271,1.000000000
mg,2272,1.000000000
mg,2273,1.000000000
mg,2274,1.000000000
mg,2275,1.000000000
mg,2276,1.000000000
mg,2277,1.000000000
mg,2278,1.000000000
mg,2279,1.000000000
mg,2280,1.000000000
mg,2281,1.000000000
mg,2282,1.000000000
mg,2283,1.000000000
mg,2284,0.999947686
mg,2285,1.000000000
mg,2286,0.990070360
mg,2287,0.843275131
mg,2288,0.503323638
mg,2289,0.252861108
mg,2290,0.148270792
mg,2291,0.037004492
mg,2292,0.000067402
mg,2304,1.000000000
mg,2305,1.000000000
mg,2306,1.000000000
mg,2307,1.000000000
mg,2308,1.000000000
mg,2309,1.000000000
mg,2310,1.000000000
mg,2311,1.000000000
mg,2312,1.000000000
mg,2313,1.000000000
mg,2314,1.000000000
mg,2315,1.000000000
mg,2316,1.000000000
mg,2317,1.000000000
mg,2318,1.000000000
mg,2319,1.000000000
mg,2320,1.000000000
mg,2321,1.000000000
mg,2322,1.000000000
mg,2323,1.000000000
mg,2324,1.000000000
mg,2325,1.000000000
mg,2326,1.000000000
mg,2327,1.000000000
mg,2328,1.000000000
mg,2329,0.983673111
mg,2330,0.981694259
mg,2331,0.969291607
mg,2332,0.898219751
mg,2333,0.886118459
mg,2334,0.789586266
mg,2335,0.544590218
mg,2336,0.254887118
mg,2337,0.147802065
mg,2338,0.036668241
mg,2339,0.000077109
mg,2352,0.985367047
mg,2353,1.000000000
mg,2354,1.000000000
mg,2355,1.000000000
mg,2356,1.000000000
mg,2357,1.000000000
mg,2358,1.000000000
mg,2359,1.000000000
mg,2360,1.000000000
mg,2361,1.000000000
mg,2362,1.000000000
mg,2363,1.000000000
mg,2364,1.000000000
mg,2365,0.987297782
mg,2366,0.984486388
mg,2367,0.972325269
mg,2368,0.898096261
mg,2369,0.866387349
mg,2370,0.863031684
mg,2371,0.850410595
mg,2372,0.853123401
mg,2373,0.848457118
mg,2374,0.847703718
mg,2375,0.847712168
mg,2376,0.834542016
mg,2377,0.756581768
mg,2378,0.732415542
mg,2379,0.730444781
mg,2380,0.720103601
mg,2381,0.731837838
mg,2382,0.721164382
mg,2383,0.694364074
mg,2384,0.700482878
mg,2385,0.618681071
mg,2386,0.333534339
mg,2387,0.141232898
mg,2388,0.053720195
mg,2389,0.010338500
mg,2400,0.753101248
mg,2401,0.835119873
mg,2402,0.869578848
mg,2403,0.971841680
mg,2404,1.000000000
mg,2405,1.000000000
mg,2406,0.985421108
mg,2407,0.969916604
mg,2408,0.884057233
mg,2409,0.863976991
mg,2410,0.852829824
mg,2411,0.847516899
mg,2412,0.834814679
mg,2413,0.757969335
mg,2414,0.728880231
mg,2415,0.655188682
mg,2416,0.423016344
mg,2417,0.293492919
mg,2418,0.261318152
mg,2419,0.190469846
mg,2420,0.188994132
mg,2421,0.163756440
mg,2422,0.154707468
mg,2423,0.154670481
mg,2424,0.162934078
mg,2425,0.174660656
mg,2426,0.174086868
mg,2427,0.173928391
mg,2428,0.187657228
mg,2429,0.248147585
mg,2430,0.277257166
mg,2431,0.396683253
mg,2432,0.619333414
mg,2433,0.703265779
mg,2434,0.634607202
mg,2435,0.575043410
mg,2436,0.398484201
mg,2437,0.200774590
mg,2438,0.058167966
mg,2439,0.003565698
mg,2448,0.146978699
mg,2449,0.159030557
mg,2450,0.299373423
mg,2451,0.658889534
mg,2452,0.845390921
mg,2453,0.902421300
mg,2454,0.875082216
mg,2455,0.779053230
mg,2456,0.502363166
mg,2457,0.300350007
mg,2458,0.214490810
mg,2459,0.173310540
mg,2460,0.152489447
mg,2461,0.139780891
mg,2462,0.136969557
mg,2463,0.124810720
mg,2464,0.050592114
mg,2465,0.018875792
mg,2466,0.015515638
mg,2467,0.002893935
mg,2468,0.005606576
mg,2469,0.000940234
mg,2470,0.000186823
mg,2471,0.000195272
mg,2472,0.000862433
mg,2473,0.005229075
mg,2474,0.004675152
mg,2475,0.004640337
mg,2476,0.005283108
mg,2477,0.015514685
mg,2478,0.018767804
mg,2479,0.054927816
mg,2480,0.169032497
mg,2481,0.255979528
mg,2482,0.320061098
mg,2483,0.471427835
mg,2484,0.596601239
mg,2485,0.580001778
mg,2486,0.385810862
mg,2487,0.157751041
mg,2488,0.031046055
mg,2489,0.000000026
mg,2497,0.000004651
mg,2498,0.022061951
mg,2499,0.128249567
mg,2500,0.229327213
mg,2501,0.468135516
mg,2502,0.690542076
mg,2503,0.807258958
mg,2504,0.588314285
mg,2505,0.286692477
mg,2506,0.148844743
mg,2507,0.121476985
mg,2508,0.031065952
mg,2509,0.000265883
mg,2510,0.000000004
mg,2511,0.000000044
mg,2512,0.000002086
mg,2513,0.000000550
mg,2514,0.000000046
mg,2515,0.000000031
mg,2516,0.000000007
mg,2517,0.000000001
mg,2518,0.000000000
mg,2519,0.000000000
mg,2520,0.000000000
mg,2521,0.000000000
mg,2522,0.000000000
mg,2523,0.000000000
mg,2524,0.000000000
mg,2525,0.000000000
mg,2526,0.000000084
mg,2527,0.000021063
mg,2528,0.006433462
mg,2529,0.017397546
mg,2530,0.048312216
mg,2531,0.177197230
mg,2532,0.290474698
mg,2533,0.460709891
mg,2534,0.618833932
mg,2535,0.611333650
mg,2536,0.330323459
mg,2537,0.119423234
mg,2538,0.012508485
mg,2548,0.010522499
mg,2549,0.084997796
mg,2550,0.324416554
mg,2551,0.562445380
mg,2552,0.486621444
mg,2553,0.354428989
mg,2554,0.207673797
mg,2555,0.154381424
mg,2556,0.121720101
mg,2557,0.032541713
mg,2558,0.002810712
mg,2559,0.000000003
mg,2560,0.000000000
mg,2563,0.000000000
mg,2564,0.000000000
mg,2565,0.000000000
mg,2577,0.000000000
mg,2578,0.000488501
mg,2579,0.017780013
mg,2580,0.050156910
mg,2581,0.192171635
mg,2582,0.410221253
mg,2583,0.655284905
mg,2584,0.708729224
mg,2585,0.551976453
mg,2586,0.209873415
mg,2587,0.021605067
mg,2588,0.000000013
mg,2597,0.000000001
mg,2598,0.032652715
mg,2599,0.136258163
mg,2600,0.217665903
mg,2601,0.330266341
mg,2602,0.232025327
mg,2603,0.163000441
mg,2604,0.152483747
mg,2605,0.124264819
mg,2606,0.045898298
mg,2607,0.008631682
mg,2608,0.000000105
mg,2609,0.000000000
mg,2610,0.000000000
mg,2611,0.000000000
mg,2612,0.000000000
mg,2627,0.000000000
mg,2628,0.001994483
mg,2629,0.034188142
mg,2630,0.156615817
mg,2631,0.341226258
mg,2632,0.649382948
mg,2633,0.798943511
mg,2634,0.623203496
mg,2635,0.265628465
mg,2636,0.053203657
mg,2637,0.002760336
mg,2647,0.001624100
mg,2648,0.038161055
mg,2649,0.164811625
mg,2650,0.170111962
mg,2651,0.154285137
mg,2652,0.152483236
mg,2653,0.152483103
mg,2654,0.130085776
mg,2655,0.066468840
mg,2656,0.021595593
mg,2657,0.000017638
mg,2658,0.000000121
mg,2659,0.000000015
mg,2660,0.000000002
mg,2661,0.000000000
mg,2662,0.000000000
mg,2676,0.000000000
mg,2677,0.000000006
mg,2678,0.016755466
mg,2679,0.053782970
mg,2680,0.319082145
mg,2681,0.651159186
mg,2682,0.816489867
mg,2683,0.657852834
mg,2684,0.382020693
mg,2685,0.153057024
mg,2686,0.015514497
mg,2696,0.000000317
mg,2697,0.031028995
mg,2698,0.121454118
mg,2699,0.137777430
mg,2700,0.152483107
mg,2701,0.152483103
mg,2702,0.152483103
mg,2703,0.143049104
mg,2704,0.121471745
mg,2705,0.031131305
mg,2706,0.001150718
mg,2707,0.000017079
mg,2708,0.000001940
mg,2709,0.000000015
mg,2710,0.000000000
mg,2711,0.000000000
mg,2723,0.000000000
mg,2724,0.000000000
mg,2725,0.000000010
mg,2726,0.000000178
mg,2727,0.001044004
mg,2728,0.046579632
mg,2729,0.317826188
mg,2730,0.644046618
mg,2731,0.819858656
mg,2732,0.761244022
mg,2733,0.619367323
mg,2734,0.227393742
mg,2735,0.018305826
mg,2746,0.016323296
mg,2747,0.035743023
mg,2748,0.122262915
mg,2749,0.137087464
mg,2750,0.143608453
mg,2751,0.152483103
mg,2752,0.152483103
mg,2753,0.122604111
mg,2754,0.037646496
mg,2755,0.004563574
mg,2756,0.000174834
mg,2757,0.000002461
mg,2758,0.000000014
mg,2759,0.000000000
mg,2771,0.000000000
mg,2772,0.000000000
mg,2773,0.000000087
mg,2774,0.000011671
mg,2775,0.000095517
mg,2776,0.000585983
mg,2777,0.040366174
mg,2778,0.276218569
mg,2779,0.626181866
mg,2780,0.830149869
mg,2781,0.898092507
mg,2782,0.647215398
mg,2783,0.286611677
mg,2794,0.000000000
mg,2795,0.000808806
mg,2796,0.015633394
mg,2797,0.022847104
mg,2798,0.069849492
mg,2799,0.132796943
mg,2800,0.152483103
mg,2801,0.152483103
mg,2802,0.125917419
mg,2803,0.050606209
mg,2804,0.006147452
mg,2805,0.000150426
mg,2806,0.000000468
mg,2807,0.000000000
mg,2819,0.000000000
mg,2820,0.000000001
mg,2821,0.000000213
mg,2822,0.000018318
mg,2823,0.000619592
mg,2824,0.004107764
mg,2825,0.007443639
mg,2826,0.027094626
mg,2827,0.207329846
mg,2828,0.546036540
mg,2829,0.754196795
mg,2830,0.938929326
mg,2831,0.856694174
mg,2843,0.000000000
mg,2844,0.000000007
mg,2845,0.000120634
mg,2846,0.011354956
mg,2847,0.063144774
mg,2848,0.141671593
mg,2849,0.152483103
mg,2850,0.152483103
mg,2851,0.126743705
mg,2852,0.029037399
mg,2853,0.001965484
mg,2854,0.000000919
mg,2855,0.000000000
mg,2867,0.000000000
mg,2868,0.000000002
mg,2869,0.000000347
mg,2870,0.000030120
mg,2871,0.000535265
mg,2872,0.004304940
mg,2873,0.014044130
mg,2874,0.016824940
mg,2875,0.014350871
mg,2876,0.116753618
mg,2877,0.377394737
mg,2878,0.878545924
mg,2879,1.000000000
mg,2891,0.000000000
mg,2892,0.000000007
mg,2893,0.000120634
mg,2894,0.011354956
mg,2895,0.063144774
mg,2896,0.141671593
mg,2897,0.152483103
mg,2898,0.152483103
mg,2899,0.126743705
mg,2900,0.029037399
mg,2901,0.001965484
mg,2902,0.000000919
mg,2903,0.000000000
mg,2915,0.000000000
mg,2916,0.000000002
mg,2917,0.000000347
mg,2918,0.000030120
mg,2919,0.000535265
mg,2920,0.004304940
mg,2921,0.014044130
mg,2922,0.016824940
mg,2923,0.014350871
mg,2924,0.116753618
mg,2925,0.377394737
mg,2926,0.878545924
mg,2927,1.000000000
mg,2938,0.000000000
mg,2939,0.000808806
mg,2940,0.015633394
mg,2941,0.022847104
mg,2942,0.069849492
mg,2943,0.132796943
mg,2944,0.152483103
mg,2945,0.152483103
mg,2946,0.125917419
mg,2947,0.050606209
mg,2948,0.006147452
mg,2949,0.000150426
mg,2950,0.000000468
mg,2951,0.000000000
mg,2963,0.000000000
mg,2964,0.000000001
mg,2965,0.000000213
mg,2966,0.000018318
mg,2967,0.000619592
mg,2968,0.004107764
mg,2969,0.007443639
mg,2970,0.027094626
mg,2971,0.207329846
mg,2972,0.546036540
mg,2973,0.754196795
mg,2974,0.938929326
mg,2975,0.856694174
mg,2986,0.016323296
mg,2987,0.035743023
mg,2988,0.122262915
mg,2989,0.137087464
mg,2990,0.143608453
mg,2991,0.152483103
mg,2992,0.152483103
mg,2993,0.122604111
mg,2994,0.037646496
mg,2995,0.004563574
mg,2996,0.000174834
mg,2997,0.000002461
mg,2998,0.000000014
mg,2999,0.000000000
mg,3011,0.000000000
mg,3012,0.000000000
mg,3013,0.000000087
mg,3014,0.000011671
mg,3015,0.000095517
mg,3016,0.000585983
mg,3017,0.040366174
mg,3018,0.276218569
mg,3019,0.626181866
mg,3020,0.830149869
mg,3021,0.898092507
mg,3022,0.647215398
mg,3023,0.286611677
mg,3032,0.000000317
mg,3033,0.031028995
mg,3034,0.121454118
mg,3035,0.137777430
mg,3036,0.152483107
mg,3037,0.152483103
mg,3038,0.152483103
mg,3039,0.143049104
mg,3040,0.121471745
mg,3041,0.031131305
mg,3042,0.001150718
mg,3043,0.000017079
mg,3044,0.000001940
mg,3045,0.000000015
mg,3046,0.000000000
mg,3047,0.000000000
mg,3059,0.000000000
mg,3060,0.000000000
mg,3061,0.000000010
mg,3062,0.000000178
mg,3063,0.001044004
mg,3064,0.046579632
mg,3065,0.317826188
mg,3066,0.644046618
mg,3067,0.819858656
mg,3068,0.761244022
mg,3069,0.619367323
mg,3070,0.227393742
mg,3071,0.018305826
mg,3079,0.001624100
mg,3080,0.038161055
mg,3081,0.164811625
mg,3082,0.170111962
mg,3083,0.154285137
mg,3084,0.152483236
mg,3085,0.152483103
mg,3086,0.130085776
mg,3087,0.066468840
mg,3088,0.021595593
mg,3089,0.000017638
mg,3090,0.000000121
mg,3091,0.000000015
mg,3092,0.000000002
mg,3093,0.000000000
mg,3094,0.000000000
mg,3108,0.000000000
mg,3109,0.000000006
mg,3110,0.016755466
mg,3111,0.053782970
mg,3112,0.319082145
mg,3113,0.651159186
mg,3114,0.816489867
mg,3115,0.657852834
mg,3116,0.382020693
mg,3117,0.153057024
mg,3118,0.015514497
mg,3125,0.000000001
mg,3126,0.032652715
mg,3127,0.136258163
mg,3128,0.217665903
mg,3129,0.330266341
mg,3130,0.232025327
mg,3131,0.163000441
mg,3132,0.152483747
mg,3133,0.124264819
mg,3134,0.045898298
mg,3135,0.008631682
mg,3136,0.000000105
mg,3137,0.000000000
mg,3138,0.000000000
mg,3139,0.000000000
mg,3140,0.000000000
mg,3155,0.000000000
mg,3156,0.001994483
mg,3157,0.034188142
mg,3158,0.156615817
mg,3159,0.341226258
mg,3160,0.649382948
mg,3161,0.798943511
mg,3162,0.623203496
mg,3163,0.265628465
mg,3164,0.053203657
mg,3165,0.002760336
mg,3172,0.010522499
mg,3173,0.084997796
mg,3174,0.324416554
mg,3175,0.562445380
mg,3176,0.486621445
mg,3177,0.354428989
mg,3178,0.207673797
mg,3179,0.154381424
mg,3180,0.121720101
mg,3181,0.032541713
mg,3182,0.002810712
mg,3183,0.000000003
mg,3184,0.000000000
mg,3187,0.000000000
mg,3188,0.000000000
mg,3189,0.000000000
mg,3201,0.000000000
mg,3202,0.000488501
mg,3203,0.017780013
mg,3204,0.050156911
mg,3205,0.192171635
mg,3206,0.410221253
mg,3207,0.655284905
mg,3208,0.708729224
mg,3209,0.551976453
mg,3210,0.209873415
mg,3211,0.021605067
mg,3212,0.000000013
mg,3217,0.000004651
mg,3218,0.022061951
mg,3219,0.128249567
mg,3220,0.229327213
mg,3221,0.468135516
mg,3222,0.690542076
mg,3223,0.807258958
mg,3224,0.588314285
mg,3225,0.286692477
mg,3226,0.148844743
mg,3227,0.121476985
mg,3228,0.031065952
mg,3229,0.000265883
mg,3230,0.000000004
mg,3231,0.000000044
mg,3232,0.000002086
mg,3233,0.000000550
mg,3234,0.000000046
mg,3235,0.000000031
mg,3236,0.000000007
mg,3237,0.000000001
mg,3238,0.000000000
mg,3239,0.000000000
mg,3240,0.000000000
mg,3241,0.000000000
mg,3242,0.000000000
mg,3243,0.000000000
mg,3244,0.000000000
mg,3245,0.000000000
mg,3246,0.000000084
mg,3247,0.000021063
mg,3248,0.006433462
mg,3249,0.017397546
mg,3250,0.048312216
mg,3251,0.177197230
mg,3252,0.290474698
mg,3253,0.460709891
mg,3254,0.618833932
mg,3255,0.611333650
mg,3256,0.330323459
mg,3257,0.119423235
mg,3258,0.012508485
mg,3264,0.146978699
mg,3265,0.159030557
mg,3266,0.299373423
mg,3267,0.658889534
mg,3268,0.845390921
mg,3269,0.902421300
mg,3270,0.875082216
mg,3271,0.779053230
mg,3272,0.502363166
mg,3273,0.300350007
mg,3274,0.214490810
mg,3275,0.173310540
mg,3276,0.152489447
mg,3277,0.139780891
mg,3278,0.136969557
mg,3279,0.124810720
mg,3280,0.050592114
mg,3281,0.018875792
mg,3282,0.015515638
mg,3283,0.002893935
mg,3284,0.005606576
mg,3285,0.000940234
mg,3286,0.000186823
mg,3287,0.000195272
mg,3288,0.000862433
mg,3289,0.005229075
mg,3290,0.004675152
mg,3291,0.004640337
mg,3292,0.005283108
mg,3293,0.015514685
mg,3294,0.018767804
mg,3295,0.054927816
mg,3296,0.169032497
mg,3297,0.255979528
mg,3298,0.320061098
mg,3299,0.471427835
mg,3300,0.596601239
mg,3301,0.580001778
mg,3302,0.385810862
mg,3303,0.157751041
mg,3304,0.031046055
mg,3305,0.000000026
mg,3312,0.753101248
mg,3313,0.835119873
mg,3314,0.869578848
mg,3315,0.971841680
mg,3316,1.000000000
mg,3317,1.000000000
mg,3318,0.985421108
mg,3319,0.969916604
mg,3320,0.884057233
mg,3321,0.863976991
mg,3322,0.852829824
mg,3323,0.847516899
mg,3324,0.834814679
mg,3325,0.757969335
mg,3326,0.728880231
mg,3327,0.655188682
mg,3328,0.423016344
mg,3329,0.293492919
mg,3330,0.261318152
mg,3331,0.190469846
mg,3332,0.188994132
mg,3333,0.163756440
mg,3334,0.154707468
mg,3335,0.154670481
mg,3336,0.162934078
mg,3337,0.174660656
mg,3338,0.174086868
mg,3339,0.173928391
mg,3340,0.187657228
mg,3341,0.248147585
mg,3342,0.277257166
mg,3343,0.396683253
mg,3344,0.619333414
mg,3345,0.703265779
mg,3346,0.634607202
mg,3347,0.575043410
mg,3348,0.398484201
mg,3349,0.200774590
mg,3350,0.058167966
mg,3351,0.003565698
mg,3360,0.985367047
mg,3361,1.000000000
mg,3362,1.000000000
mg,3363,1.000000000
mg,3364,1.000000000
mg,3365,1.000000000
mg,3366,1.000000000
mg,3367,1.000000000
mg,3368,1.000000000
mg,3369,1.000000000
mg,3370,1.000000000
mg,3371,1.000000000
mg,3372,1.000000000
mg,3373,0.987297782
mg,3374,0.984486388
mg,3375,0.972325269
mg,3376,0.898096261
mg,3377,0.866387349
mg,3378,0.863031684
mg,3379,0.850410595
mg,3380,0.853123401
mg,3381,0.848457118
mg,3382,0.847703718
mg,3383,0.847712168
mg,3384,0.834542016
mg,3385,0.756581768
mg,3386,0.732415542
mg,3387,0.730444781
mg,3388,0.720103601
mg,3389,0.731837838
mg,3390,0.721164382
mg,3391,0.694364074
mg,3392,0.700482879
mg,3393,0.618681071
mg,3394,0.333534339
mg,3395,0.141232898
mg,3396,0.053720195
mg,3397,0.010338500
mg,3408,1.000000000
mg,3409,1.000000000
mg,3410,1.000000000
mg,3411,1.000000000
mg,3412,1.000000000
mg,3413,1.000000000
mg,3414,1.000000000
mg,3415,1.000000000
mg,3416,1.000000000
mg,3417,1.000000000
mg,3418,1.000000000
mg,3419,1.000000000
mg,3420,1.000000000
mg,3421,1.000000000
mg,3422,1.000000000
mg,3423,1.000000000
mg,3424,1.000000000
mg,3425,1.000000000
mg,3426,1.000000000
mg,3427,1.000000000
mg,3428,1.000000000
mg,3429,1.000000000
mg,3430,1.000000000
mg,3431,1.000000000
mg,3432,1.000000000
mg,3433,0.983673111
mg,3434,0.981694259
mg,3435,0.969291607
mg,3436,0.898219751
mg,3437,0.886118459
mg,3438,0.789586266
mg,3439,0.544590218
mg,3440,0.254887118
mg,3441,0.147802065
mg,3442,0.036668241
mg,3443,0.000077109
mg,3456,1.000000000
mg,3457,1.000000000
mg,3458,1.000000000
mg,3459,1.000000000
mg,3460,1.000000000
mg,3461,1.000000000
mg,3462,1.000000000
mg,3463,1.000000000
mg,3464,1.000000000
mg,3465,1.000000000
mg,3466,1.000000000
mg,3467,1.000000000
mg,3468,1.000000000
mg,3469,1.000000000
mg,3470,1.000000000
mg,3471,1.000000000
mg,3472,1.000000000
mg,3473,1.000000000
mg,3474,1.000000000
mg,3475,1.000000000
mg,3476,1.000000000
mg,3477,1.000000000
mg,3478,1.000000000
mg,3479,1.000000000
mg,3480,0.983673111
mg,3481,0.870207284
mg,3482,0.840367866
mg,3483,0.754055621
mg,3484,0.474016404
mg,3485,0.370533977
mg,3486,0.208107790
mg,3487,0.087735600
mg,3488,0.026685749
mg,3489,0.018305942
mg,3490,0.000009710
mg,3504,0.900079949
mg,3505,0.987598325
mg,3506,1.000000000
mg,3507,1.000000000
mg,3508,1.000000000
mg,3509,1.000000000
mg,3510,1.000000000
mg,3511,1.000000000
mg,3512,1.000000000
mg,3513,1.000000000
mg,3514,1.000000000
mg,3515,1.000000000
mg,3516,0.987297782
mg,3517,0.897750219
mg,3518,0.865849719
mg,3519,0.863032279
mg,3520,0.850871160
mg,3521,0.847517187
mg,3522,0.847516897
mg,3523,0.847516897
mg,3524,0.847516897
mg,3525,0.847516897
mg,3526,0.847516897
mg,3527,0.847516897
mg,3528,0.753029801
mg,3529,0.418978649
mg,3530,0.285391410
mg,3531,0.263426320
mg,3532,0.192724173
mg,3533,0.183454079
mg,3534,0.144950806
mg,3535,0.132101469
mg,3536,0.135489875
mg,3537,0.121462976
mg,3538,0.031077005
mg,3539,0.015522745
mg,3540,0.003883396
mg,3541,0.000000000
mg,3552,0.497239958
mg,3553,0.762832965
mg,3554,0.850387571
mg,3555,0.898116322
mg,3556,0.987351526
mg,3557,0.985421108
mg,3558,0.884934603
mg,3559,0.863967003
mg,3560,0.848462494
mg,3561,0.847516897
mg,3562,0.847516897
mg,3563,0.847516897
mg,3564,0.760780728
mg,3565,0.445447526
mg,3566,0.293161298
mg,3567,0.261783025
mg,3568,0.187547970
mg,3569,0.155839059
mg,3570,0.152483393
mg,3571,0.152483103
mg,3572,0.152483103
mg,3573,0.152483103
mg,3574,0.152483103
mg,3575,0.152483103
mg,3576,0.138645789
mg,3577,0.042481583
mg,3578,0.017192172
mg,3579,0.015514569
mg,3580,0.015470160
mg,3581,0.015514606
mg,3582,0.018747646
mg,3583,0.048380794
mg,3584,0.116001921
mg,3585,0.135478585
mg,3586,0.122857040
mg,3587,0.116131116
mg,3588,0.053663087
mg,3589,0.019397893
mg,3590,0.003548791
mg,3591,0.000000000
mg,3600,0.061691601
mg,3601,0.140086080
mg,3602,0.187595140
mg,3603,0.431184611
mg,3604,0.761147716
mg,3605,0.754563712
mg,3606,0.417203753
mg,3607,0.281271536
mg,3608,0.189023444
mg,3609,0.153441401
mg,3610,0.152483103
mg,3611,0.152483103
mg,3612,0.139780885
mg,3613,0.050233323
mg,3614,0.018332822
mg,3615,0.015515383
mg,3616,0.003354263
mg,3617,0.000000290
mg,3618,0.000000000
mg,3630,0.000000102
mg,3631,0.003231158
mg,3632,0.014024336
mg,3633,0.016909049
mg,3634,0.029950571
mg,3635,0.069189415
mg,3636,0.116402077
mg,3637,0.115411933
mg,3638,0.051712864
mg,3639,0.019063288
mg,3640,0.000000026
mg,3649,0.000000000
mg,3650,0.002870674
mg,3651,0.050599425
mg,3652,0.146432344
mg,3653,0.191873009
mg,3654,0.149955034
mg,3655,0.153418713
mg,3656,0.112237865
mg,3657,0.021981346
mg,3658,0.000029234
mg,3659,0.000000000
mg,3681,0.000000000
mg,3682,0.001394545
mg,3683,0.006579061
mg,3684,0.023017743
mg,3685,0.065824845
mg,3686,0.118571050
mg,3687,0.121454138
mg,3688,0.031029148
mg,3689,0.012504187
mg,3701,0.006597715
mg,3702,0.031028995
mg,3703,0.111279567
mg,3704,0.068545413
mg,3705,0.049759129
mg,3706,0.008290501
mg,3707,0.000016643
mg,3708,0.000000000
mg,3732,0.000271038
mg,3733,0.009082641
mg,3734,0.049441694
mg,3735,0.124825037
mg,3736,0.133958296
mg,3737,0.103908584
mg,3738,0.028018658
mg,3739,0.000000013
mg,3750,0.000000000
mg,3751,0.015514559
mg,3752,0.012470169
mg,3753,0.049750015
mg,3754,0.017645354
mg,3755,0.001801964
mg,3756,0.000000110
mg,3781,0.000000000
mg,3782,0.003370928
mg,3783,0.032263501
mg,3784,0.121667051
mg,3785,0.149472855
mg,3786,0.121456105
mg,3787,0.031038652
mg,3788,0.002761740
mg,3800,0.000000062
mg,3801,0.007129851
mg,3802,0.001801329
mg,3803,0.000000134
mg,3804,0.000000004
mg,3831,0.000212942
mg,3832,0.031035601
mg,3833,0.121455890
mg,3834,0.152526927
mg,3835,0.124888784
mg,3836,0.050031957
mg,3837,0.018695537
mg,3850,0.000000001
mg,3851,0.000000004
mg,3880,0.000001189
mg,3881,0.031029407
mg,3882,0.121676779
mg,3883,0.157212637
mg,3884,0.168806792
mg,3885,0.204477589
mg,3886,0.042606740
mg,3887,0.000000024
mg,3928,0.000000004
mg,3929,0.000000628
mg,3930,0.031061403
mg,3931,0.129565524
mg,3932,0.257466219
mg,3933,0.452546553
mg,3934,0.322952736
mg,3935,0.179917645
mg,3976,0.000000539
mg,3977,0.000003234
mg,3978,0.000001712
mg,3979,0.028652588
mg,3980,0.127016451
mg,3981,0.358120351
mg,3982,0.759896647
mg,3983,0.838388372
mg,4024,0.000000065
mg,4025,0.000002009
mg,4026,0.000007105
mg,4027,0.000001028
mg,4028,0.013031393
mg,4029,0.174739249
mg,4030,0.848504190
mg,4031,1.000000000
mg,4072,0.000000065
mg,4073,0.000002009
mg,4074,0.000007105
mg,4075,0.000001028
mg,4076,0.013031393
mg,4077,0.174739249
mg,4078,0.848504190
mg,4079,1.000000000
mg,4120,0.000000539
mg,4121,0.000003234
mg,4122,0.000001712
mg,4123,0.028652588
mg,4124,0.127016451
mg,4125,0.358120351
mg,4126,0.759896647
mg,4127,0.838388372
mg,4168,0.000000004
mg,4169,0.000000628
mg,4170,0.031061403
mg,4171,0.129565524
mg,4172,0.257466219
mg,4173,0.452546553
mg,4174,0.322952736
mg,4175,0.179917645
mg,4186,0.000000001
mg,4187,0.000000004
mg,4216,0.000001189
mg,4217,0.031029407
mg,4218,0.121676779
mg,4219,0.157212637
mg,4220,0.168806792
mg,4221,0.204477589
mg,4222,0.042606740
mg,4223,0.000000024
mg,4232,0.000000062
mg,4233,0.007129851
mg,4234,0.001801329
mg,4235,0.000000134
mg,4236,0.000000004
mg,4263,0.000212942
mg,4264,0.031035601
mg,4265,0.121455890
mg,4266,0.152526927
mg,4267,0.124888784
mg,4268,0.050031957
mg,4269,0.018695537
mg,4278,0.000000000
mg,4279,0.015514559
mg,4280,0.012470169
mg,4281,0.049750015
mg,4282,0.017645354
mg,4283,0.001801964
mg,4284,0.000000110
mg,4309,0.000000000
mg,4310,0.003370928
mg,4311,0.032263501
mg,4312,0.121667051
mg,4313,0.149472855
mg,4314,0.121456105
mg,4315,0.031038652
mg,4316,0.002761740
mg,4325,0.006597715
mg,4326,0.031028995
mg,4327,0.111279567
mg,4328,0.068545414
mg,4329,0.049759129
mg,4330,0.008290501
mg,4331,0.000016643
mg,4332,0.000000000
mg,4356,0.000271038
mg,4357,0.009082641
mg,4358,0.049441694
mg,4359,0.124825037
mg,4360,0.133958296
mg,4361,0.103908584
mg,4362,0.028018658
mg,4363,0.000000013
mg,4369,0.000000000
mg,4370,0.002870674
mg,4371,0.050599425
mg,4372,0.146432344
mg,4373,0.191873009
mg,4374,0.149955034
mg,4375,0.153418713
mg,4376,0.112237865
mg,4377,0.021981346
mg,4378,0.000029234
mg,4379,0.000000000
mg,4401,0.000000000
mg,4402,0.001394545
mg,4403,0.006579061
mg,4404,0.023017743
mg,4405,0.065824845
mg,4406,0.118571050
mg,4407,0.121454138
mg,4408,0.031029148
mg,4409,0.012504187
mg,4416,0.061691601
mg,4417,0.140086080
mg,4418,0.187595140
mg,4419,0.431184611
mg,4420,0.761147716
mg,4421,0.754563712
mg,4422,0.417203753
mg,4423,0.281271536
mg,4424,0.189023444
mg,4425,0.153441401
mg,4426,0.152483103
mg,4427,0.152483103
mg,4428,0.139780885
mg,4429,0.050233323
mg,4430,0.018332822
mg,4431,0.015515383
mg,4432,0.003354263
mg,4433,0.000000290
mg,4434,0.000000000
mg,4446,0.000000102
mg,4447,0.003231158
mg,4448,0.014024336
mg,4449,0.016909049
mg,4450,0.029950571
mg,4451,0.069189415
mg,4452,0.116402077
mg,4453,0.115411933
mg,4454,0.051712864
mg,4455,0.019063288
mg,4456,0.000000026
mg,4464,0.497239958
mg,4465,0.762832965
mg,4466,0.850387571
mg,4467,0.898116322
mg,4468,0.987351526
mg,4469,0.985421108
mg,4470,0.884934603
mg,4471,0.863967003
mg,4472,0.848462494
mg,4473,0.847516897
mg,4474,0.847516897
mg,4475,0.847516897
mg,4476,0.760780728
mg,4477,0.445447526
mg,4478,0.293161298
mg,4479,0.261783025
mg,4480,0.187547970
mg,4481,0.155839059
mg,4482,0.152483393
mg,4483,0.152483103
mg,4484,0.152483103
mg,4485,0.152483103
mg,4486,0.152483103
mg,4487,0.152483103
mg,4488,0.138645789
mg,4489,0.042481583
mg,4490,0.017192172
mg,4491,0.015514569
mg,4492,0.015470160
mg,4493,0.015514606
mg,4494,0.018747646
mg,4495,0.048380794
mg,4496,0.116001921
mg,4497,0.135478585
mg,4498,0.122857040
mg,4499,0.116131116
mg,4500,0.053663087
mg,4501,0.019397893
mg,4502,0.003548791
mg,4503,0.000000000
mg,4512,0.900079949
mg,4513,0.987598325
mg,4514,1.000000000
mg,4515,1.000000000
mg,4516,1.000000000
mg,4517,1.000000000
mg,4518,1.000000000
mg,4519,1.000000000
mg,4520,1.000000000
mg,4521,1.000000000
mg,4522,1.000000000
mg,4523,1.000000000
mg,4524,0.987297782
mg,4525,0.897750219
mg,4526,0.865849719
mg,4527,0.863032279
mg,4528,0.850871160
mg,4529,0.847517187
mg,4530,0.847516897
mg,4531,0.847516897
mg,4532,0.847516897
mg,4533,0.847516897
mg,4534,0.847516897
mg,4535,0.847516897
mg,4536,0.753029801
mg,4537,0.418978649
mg,4538,0.285391410
mg,4539,0.263426320
mg,4540,0.192724173
mg,4541,0.183454079
mg,4542,0.144950806
mg,4543,0.132101469
mg,4544,0.135489875
mg,4545,0.121462976
mg,4546,0.031077005
mg,4547,0.015522745
mg,4548,0.003883396
mg,4549,0.000000000
mg,4560,1.000000000
mg,4561,1.000000000
mg,4562,1.000000000
mg,4563,1.000000000
mg,4564,1.000000000
mg,4565,1.000000000
mg,4566,1.000000000
mg,4567,1.000000000
mg,4568,1.000000000
mg,4569,1.000000000
mg,4570,1.000000000
mg,4571,1.000000000
mg,4572,1.000000000
mg,4573,1.000000000
mg,4574,1.000000000
mg,4575,1.000000000
mg,4576,1.000000000
mg,4577,1.000000000
mg,4578,1.000000000
mg,4579,1.000000000
mg,4580,1.000000000
mg,4581,1.000000000
mg,4582,1.000000000
mg,4583,1.000000000
mg,4584,0.983673111
mg,4585,0.870207284
mg,4586,0.840367866
mg,4587,0.754055621
mg,4588,0.474016404
mg,4589,0.370533977
mg,4590,0.208107790
mg,4591,0.087735600
mg,4592,0.026685749
mg,4593,0.018305942
mg,4594,0.000009710
mg,4608,1.000000000
mg,4609,1.000000000
mg,4610,1.000000000
mg,4611,1.000000000
mg,4612,1.000000000
mg,4613,1.000000000
mg,4614,1.000000000
mg,4615,1.000000000
mg,4616,1.000000000
mg,4617,1.000000000
mg,4618,1.000000000
mg,4619,1.000000000
mg,4620,1.000000000
mg,4621,1.000000000
mg,4622,1.000000000
mg,4623,1.000000000
mg,4624,1.000000000
mg,4625,1.000000000
mg,4626,1.000000000
mg,4627,1.000000000
mg,4628,1.000000000
mg,4629,1.000000000
mg,4630,1.000000000
mg,4631,1.000000000
mg,4632,0.983673108
mg,4633,0.870207271
mg,4634,0.840367863
mg,4635,0.754055578
mg,4636,0.474016258
mg,4637,0.370533846
mg,4638,0.208107736
mg,4639,0.087735504
mg,4640,0.026685733
mg,4641,0.018305942
mg,4642,0.000009710
mg,4656,0.900079956
mg,4657,0.987598326
mg,4658,1.000000000
mg,4659,1.000000000
mg,4660,1.000000000
mg,4661,1.000000000
mg,4662,1.000000000
mg,4663,1.000000000
mg,4664,1.000000000
mg,4665,1.000000000
mg,4666,1.000000000
mg,4667,1.000000000
mg,4668,0.987297782
mg,4669,0.897750218
mg,4670,0.865849719
mg,4671,0.863032279
mg,4672,0.850871161
mg,4673,0.847517187
mg,4674,0.847516897
mg,4675,0.847516897
mg,4676,0.847516897
mg,4677,0.847516897
mg,4678,0.847516897
mg,4679,0.847516897
mg,4680,0.753029791
mg,4681,0.418978624
mg,4682,0.285391400
mg,4683,0.263426309
mg,4684,0.192724110
mg,4685,0.183454037
mg,4686,0.144950799
mg,4687,0.132101435
mg,4688,0.135489839
mg,4689,0.121462976
mg,4690,0.031077005
mg,4691,0.015522745
mg,4692,0.003883384
mg,4693,0.000000000
mg,4704,0.497239974
mg,4705,0.762832971
mg,4706,0.850387572
mg,4707,0.898116325
mg,4708,0.987351527
mg,4709,0.985421108
mg,4710,0.884934604
mg,4711,0.863967004
mg,4712,0.848462495
mg,4713,0.847516897
mg,4714,0.847516897
mg,4715,0.847516897
mg,4716,0.760780727
mg,4717,0.445447524
mg,4718,0.293161297
mg,4719,0.261783026
mg,4720,0.187547972
mg,4721,0.155839059
mg,4722,0.152483393
mg,4723,0.152483103
mg,4724,0.152483103
mg,4725,0.152483103
mg,4726,0.152483103
mg,4727,0.152483103
mg,4728,0.138645786
mg,4729,0.042481572
mg,4730,0.017192170
mg,4731,0.015514569
mg,4732,0.015470157
mg,4733,0.015514606
mg,4734,0.018747626
mg,4735,0.048380643
mg,4736,0.116001691
mg,4737,0.135478549
mg,4738,0.122857034
mg,4739,0.116131087
mg,4740,0.053663018
mg,4741,0.019397882
mg,4742,0.003548774
mg,4743,0.000000000
mg,4752,0.061691608
mg,4753,0.140086081
mg,4754,0.187595143
mg,4755,0.431184618
mg,4756,0.761147719
mg,4757,0.754563715
mg,4758,0.417203755
mg,4759,0.281271537
mg,4760,0.189023446
mg,4761,0.153441402
mg,4762,0.152483103
mg,4763,0.152483103
mg,4764,0.139780885
mg,4765,0.050233322
mg,4766,0.018332822
mg,4767,0.015515383
mg,4768,0.003354264
mg,4769,0.000000290
mg,4770,0.000000000
mg,4782,0.000000102
mg,4783,0.003231138
mg,4784,0.014024300
mg,4785,0.016909043
mg,4786,0.029950519
mg,4787,0.069189310
mg,4788,0.116402048
mg,4789,0.115411911
mg,4790,0.051712767
mg,4791,0.019063271
mg,4792,0.000000026
mg,4801,0.000000000
mg,4802,0.002870675
mg,4803,0.050599428
mg,4804,0.146432347
mg,4805,0.191873024
mg,4806,0.149955037
mg,4807,0.153418713
mg,4808,0.112237869
mg,4809,0.021981351
mg,4810,0.000029234
mg,4811,0.000000000
mg,4833,0.000000000
mg,4834,0.001394539
mg,4835,0.006579044
mg,4836,0.023017735
mg,4837,0.065824810
mg,4838,0.118571033
mg,4839,0.121454138
mg,4840,0.031029148
mg,4841,0.012504152
mg,4853,0.006597718
mg,4854,0.031028995
mg,4855,0.111279570
mg,4856,0.068545439
mg,4857,0.049759165
mg,4858,0.008290508
mg,4859,0.000016643
mg,4860,0.000000000
mg,4884,0.000271037
mg,4885,0.009082640
mg,4886,0.049441723
mg,4887,0.124825042
mg,4888,0.133958261
mg,4889,0.103908379
mg,4890,0.028018623
mg,4891,0.000000013
mg,4902,0.000000000
mg,4903,0.015514559
mg,4904,0.012470176
mg,4905,0.049750042
mg,4906,0.017645368
mg,4907,0.001801965
mg,4908,0.000000110
mg,4933,0.000000000
mg,4934,0.003370933
mg,4935,0.032263504
mg,4936,0.121667052
mg,4937,0.149472820
mg,4938,0.121456105
mg,4939,0.031038652
mg,4940,0.002761749
mg,4952,0.000000062
mg,4953,0.007129854
mg,4954,0.001801330
mg,4955,0.000000134
mg,4956,0.000000004
mg,4983,0.000212942
mg,4984,0.031035601
mg,4985,0.121455890
mg,4986,0.152526926
mg,4987,0.124888791
mg,4988,0.050032004
mg,4989,0.018695545
mg,5002,0.000000001
mg,5003,0.000000004
mg,5032,0.000001189
mg,5033,0.031029407
mg,5034,0.121676778
mg,5035,0.157212618
mg,5036,0.168806656
mg,5037,0.204477165
mg,5038,0.042606656
mg,5039,0.000000024
mg,5080,0.000000004
mg,5081,0.000000628
mg,5082,0.031061403
mg,5083,0.129565482
mg,5084,0.257465537
mg,5085,0.452545479
mg,5086,0.322952318
mg,5087,0.179917645
mg,5128,0.000000540
mg,5129,0.000003237
mg,5130,0.000001715
mg,5131,0.028652420
mg,5132,0.127015344
mg,5133,0.358119657
mg,5134,0.759896514
mg,5135,0.838388372
mg,5176,0.000000065
mg,5177,0.000002012
mg,5178,0.000007119
mg,5179,0.000001030
mg,5180,0.013031222
mg,5181,0.174739200
mg,5182,0.848504180
mg,5183,1.000000000
mg,5224,0.000000065
mg,5225,0.000002012
mg,5226,0.000007119
mg,5227,0.000001030
mg,5228,0.013031222
mg,5229,0.174739200
mg,5230,0.848504180
mg,5231,1.000000000
mg,5272,0.000000540
mg,5273,0.000003237
mg,5274,0.000001715
mg,5275,0.028652420
mg,5276,0.127015344
mg,5277,0.358119657
mg,5278,0.759896514
mg,5279,0.838388372
mg,5320,0.000000004
mg,5321,0.000000628
mg,5322,0.031061403
mg,5323,0.129565482
mg,5324,0.257465537
mg,5325,0.452545479
mg,5326,0.322952318
mg,5327,0.179917645
mg,5338,0.000000001
mg,5339,0.000000004
mg,5368,0.000001189
mg,5369,0.031029407
mg,5370,0.121676778
mg,5371,0.157212618
mg,5372,0.168806656
mg,5373,0.204477165
mg,5374,0.042606656
mg,5375,0.000000024
mg,5384,0.000000062
mg,5385,0.007129854
mg,5386,0.001801330
mg,5387,0.000000134
mg,5388,0.000000004
mg,5415,0.000212942
mg,5416,0.031035601
mg,5417,0.121455890
mg,5418,0.152526926
mg,5419,0.124888791
mg,5420,0.050032004
mg,5421,0.018695545
mg,5430,0.000000000
mg,5431,0.015514559
mg,5432,0.012470176
mg,5433,0.049750042
mg,5434,0.017645368
mg,5435,0.001801965
mg,5436,0.000000110
mg,5461,0.000000000
mg,5462,0.003370933
mg,5463,0.032263504
mg,5464,0.121667052
mg,5465,0.149472820
mg,5466,0.121456105
mg,5467,0.031038652
mg,5468,0.002761749
mg,5477,0.006597718
mg,5478,0.031028995
mg,5479,0.111279570
mg,5480,0.068545439
mg,5481,0.049759165
mg,5482,0.008290508
mg,5483,0.000016643
mg,5484,0.000000000
mg,5508,0.000271037
mg,5509,0.009082640
mg,5510,0.049441723
mg,5511,0.124825042
mg,5512,0.133958261
mg,5513,0.103908379
mg,5514,0.028018623
mg,5515,0.000000013
mg,5521,0.000000000
mg,5522,0.002870675
mg,5523,0.050599428
mg,5524,0.146432347
mg,5525,0.191873024
mg,5526,0.149955037
mg,5527,0.153418713
mg,5528,0.112237869
mg,5529,0.021981351
mg,5530,0.000029234
mg,5531,0.000000000
mg,5553,0.000000000
mg,5554,0.001394539
mg,5555,0.006579044
mg,5556,0.023017735
mg,5557,0.065824810
mg,5558,0.118571033
mg,5559,0.121454138
mg,5560,0.031029148
mg,5561,0.012504152
mg,5568,0.061691608
mg,5569,0.140086081
mg,5570,0.187595143
mg,5571,0.431184618
mg,5572,0.761147719
mg,5573,0.754563715
mg,5574,0.417203755
mg,5575,0.281271537
mg,5576,0.189023446
mg,5577,0.153441402
mg,5578,0.152483103
mg,5579,0.152483103
mg,5580,0.139780885
mg,5581,0.050233322
mg,5582,0.018332822
mg,5583,0.015515383
mg,5584,0.003354264
mg,5585,0.000000290
mg,5586,0.000000000
mg,5598,0.000000102
mg,5599,0.003231138
mg,5600,0.014024300
mg,5601,0.016909043
mg,5602,0.029950519
mg,5603,0.069189310
mg,5604,0.116402048
mg,5605,0.115411911
mg,5606,0.051712767
mg,5607,0.019063271
mg,5608,0.000000026
mg,5616,0.497239974
mg,5617,0.762832971
mg,5618,0.850387572
mg,5619,0.898116325
mg,5620,0.987351527
mg,5621,0.985421108
mg,5622,0.884934604
mg,5623,0.863967004
mg,5624,0.848462495
mg,5625,0.847516897
mg,5626,0.847516897
mg,5627,0.847516897
mg,5628,0.760780727
mg,5629,0.445447523
mg,5630,0.293161297
mg,5631,0.261783026
mg,5632,0.187547972
mg,5633,0.155839059
mg,5634,0.152483393
mg,5635,0.152483103
mg,5636,0.152483103
mg,5637,0.152483103
mg,5638,0.152483103
mg,5639,0.152483103
mg,5640,0.138645786
mg,5641,0.042481572
mg,5642,0.017192170
mg,5643,0.015514569
mg,5644,0.015470157
mg,5645,0.015514606
mg,5646,0.018747626
mg,5647,0.048380643
mg,5648,0.116001691
mg,5649,0.135478549
mg,5650,0.122857034
mg,5651,0.116131087
mg,5652,0.053663018
mg,5653,0.019397882
mg,5654,0.003548774
mg,5655,0.000000000
mg,5664,0.900079956
mg,5665,0.987598326
mg,5666,1.000000000
mg,5667,1.000000000
mg,5668,1.000000000
mg,5669,1.000000000
mg,5670,1.000000000
mg,5671,1.000000000
mg,5672,1.000000000
mg,5673,1.000000000
mg,5674,1.000000000
mg,5675,1.000000000
mg,5676,0.987297782
mg,5677,0.897750218
mg,5678,0.865849719
mg,5679,0.863032279
mg,5680,0.850871161
mg,5681,0.847517187
mg,5682,0.847516897
mg,5683,0.847516897
mg,5684,0.847516897
mg,5685,0.847516897
mg,5686,0.847516897
mg,5687,0.847516897
mg,5688,0.753029791
mg,5689,0.418978624
mg,5690,0.285391400
mg,5691,0.263426309
mg,5692,0.192724110
mg,5693,0.183454037
mg,5694,0.144950799
mg,5695,0.132101435
mg,5696,0.135489839
mg,5697,0.121462976
mg,5698,0.031077005
mg,5699,0.015522745
mg,5700,0.003883384
mg,5701,0.000000000
mg,5712,1.000000000
mg,5713,1.000000000
mg,5714,1.000000000
mg,5715,1.000000000
mg,5716,1.000000000
mg,5717,1.000000000
mg,5718,1.000000000
mg,5719,1.000000000
mg,5720,1.000000000
mg,5721,1.000000000
mg,5722,1.000000000
mg,5723,1.000000000
mg,5724,1.000000000
mg,5725,1.000000000
mg,5726,1.000000000
mg,5727,1.000000000
mg,5728,1.000000000
mg,5729,1.000000000
mg,5730,1.000000000
mg,5731,1.000000000
mg,5732,1.000000000
mg,5733,1.000000000
mg,5734,1.000000000
mg,5735,1.000000000
mg,5736,0.983673108
mg,5737,0.870207271
mg,5738,0.840367863
mg,5739,0.754055578
mg,5740,0.474016258
mg,5741,0.370533846
mg,5742,0.208107736
mg,5743,0.087735504
mg,5744,0.026685733
mg,5745,0.018305942
mg,5746,0.000009710
mg,5760,1.000000000
mg,5761,1.000000000
mg,5762,1.000000000
mg,5763,1.000000000
mg,5764,1.000000000
mg,5765,1.000000000
mg,5766,1.000000000
mg,5767,1.000000000
mg,5768,1.000000000
mg,5769,1.000000000
mg,5770,1.000000000
mg,5771,1.000000000
mg,5772,1.000000000
mg,5773,1.000000000
mg,5774,1.000000000
mg,5775,1.000000000
mg,5776,1.000000000
mg,5777,1.000000000
mg,5778,1.000000000
mg,5779,1.000000000
mg,5780,1.000000000
mg,5781,1.000000000
mg,5782,1.000000000
mg,5783,1.000000000
mg,5784,1.000000000
mg,5785,0.983673108
mg,5786,0.981694259
mg,5787,0.969291594
mg,5788,0.898219667
mg,5789,0.886118402
mg,5790,0.789586162
mg,5791,0.544589919
mg,5792,0.254886952
mg,5793,0.147802053
mg,5794,0.036668240
mg,5795,0.000077109
mg,5808,0.985367048
mg,5809,1.000000000
mg,5810,1.000000000
mg,5811,1.000000000
mg,5812,1.000000000
mg,5813,1.000000000
mg,5814,1.000000000
mg,5815,1.000000000
mg,5816,1.000000000
mg,5817,1.000000000
mg,5818,1.000000000
mg,5819,1.000000000
mg,5820,1.000000000
mg,5821,0.987297782
mg,5822,0.984486388
mg,5823,0.972325270
mg,5824,0.898096263
mg,5825,0.866387350
mg,5826,0.863031684
mg,5827,0.850410596
mg,5828,0.853123403
mg,5829,0.848457118
mg,5830,0.847703718
mg,5831,0.847712168
mg,5832,0.834542013
mg,5833,0.756581755
mg,5834,0.732415539
mg,5835,0.730444759
mg,5836,0.720103528
mg,5837,0.731837811
mg,5838,0.721164349
mg,5839,0.694363841
mg,5840,0.700482624
mg,5841,0.618681035
mg,5842,0.333534338
mg,5843,0.141232885
mg,5844,0.053720126
mg,5845,0.010338447
mg,5856,0.753101256
mg,5857,0.835119874
mg,5858,0.869578856
mg,5859,0.971841681
mg,5860,1.000000000
mg,5861,1.000000000
mg,5862,0.985421108
mg,5863,0.969916604
mg,5864,0.884057235
mg,5865,0.863976991
mg,5866,0.852829828
mg,5867,0.847516899
mg,5868,0.834814679
mg,5869,0.757969334
mg,5870,0.728880231
mg,5871,0.655188684
mg,5872,0.423016350
mg,5873,0.293492921
mg,5874,0.261318153
mg,5875,0.190469853
mg,5876,0.188994141
mg,5877,0.163756442
mg,5878,0.154707468
mg,5879,0.154670481
mg,5880,0.162934077
mg,5881,0.174660649
mg,5882,0.174086859
mg,5883,0.173928369
mg,5884,0.187657175
mg,5885,0.248147576
mg,5886,0.277257051
mg,5887,0.396682696
mg,5888,0.619332657
mg,5889,0.703265563
mg,5890,0.634607149
mg,5891,0.575043236
mg,5892,0.398483936
mg,5893,0.200774264
mg,5894,0.058167828
mg,5895,0.003565681
mg,5904,0.146978701
mg,5905,0.159030565
mg,5906,0.299373471
mg,5907,0.658889546
mg,5908,0.845390927
mg,5909,0.902421315
mg,5910,0.875082219
mg,5911,0.779053232
mg,5912,0.502363172
mg,5913,0.300350014
mg,5914,0.214490834
mg,5915,0.173310544
mg,5916,0.152489447
mg,5917,0.139780891
mg,5918,0.136969557
mg,5919,0.124810720
mg,5920,0.050592116
mg,5921,0.018875793
mg,5922,0.015515638
mg,5923,0.002893935
mg,5924,0.005606577
mg,5925,0.000940234
mg,5926,0.000186823
mg,5927,0.000195272
mg,5928,0.000862433
mg,5929,0.005229075
mg,5930,0.004675150
mg,5931,0.004640335
mg,5932,0.005283102
mg,5933,0.015514685
mg,5934,0.018767784
mg,5935,0.054927655
mg,5936,0.169032208
mg,5937,0.255979447
mg,5938,0.320060892
mg,5939,0.471427489
mg,5940,0.596601062
mg,5941,0.580001593
mg,5942,0.385810565
mg,5943,0.157750943
mg,5944,0.031046055
mg,5945,0.000000026
mg,5953,0.000004651
mg,5954,0.022061959
mg,5955,0.128249570
mg,5956,0.229327244
mg,5957,0.468135563
mg,5958,0.690542091
mg,5959,0.807258962
mg,5960,0.588314313
mg,5961,0.286692510
mg,5962,0.148844752
mg,5963,0.121476985
mg,5964,0.031065952
mg,5965,0.000265883
mg,5966,0.000000004
mg,5967,0.000000044
mg,5968,0.000002086
mg,5969,0.000000550
mg,5970,0.000000046
mg,5971,0.000000031
mg,5972,0.000000007
mg,5973,0.000000001
mg,5974,0.000000000
mg,5975,0.000000000
mg,5976,0.000000000
mg,5977,0.000000000
mg,5978,0.000000000
mg,5979,0.000000000
mg,5980,0.000000000
mg,5981,0.000000000
mg,5982,0.000000084
mg,5983,0.000021063
mg,5984,0.006433452
mg,5985,0.017397539
mg,5986,0.048312160
mg,5987,0.177197122
mg,5988,0.290474640
mg,5989,0.460709773
mg,5990,0.618833829
mg,5991,0.611333638
mg,5992,0.330323424
mg,5993,0.119423030
mg,5994,0.012508450
mg,6004,0.010522504
mg,6005,0.084997811
mg,6006,0.324416556
mg,6007,0.562445401
mg,6008,0.486621538
mg,6009,0.354429120
mg,6010,0.207673840
mg,6011,0.154381425
mg,6012,0.121720102
mg,6013,0.032541714
mg,6014,0.002810715
mg,6015,0.000000003
mg,6016,0.000000000
mg,6019,0.000000000
mg,6020,0.000000000
mg,6021,0.000000000
mg,6033,0.000000000
mg,6034,0.000488500
mg,6035,0.017780012
mg,6036,0.050156899
mg,6037,0.192171627
mg,6038,0.410221334
mg,6039,0.655284936
mg,6040,0.708729020
mg,6041,0.551975839
mg,6042,0.209873210
mg,6043,0.021605056
mg,6044,0.000000013
mg,6053,0.000000001
mg,6054,0.032652715
mg,6055,0.136258167
mg,6056,0.217665950
mg,6057,0.330266446
mg,6058,0.232025383
mg,6059,0.163000451
mg,6060,0.152483747
mg,6061,0.124264822
mg,6062,0.045898314
mg,6063,0.008631690
mg,6064,0.000000105
mg,6065,0.000000000
mg,6066,0.000000000
mg,6067,0.000000000
mg,6068,0.000000000
mg,6083,0.000000000
mg,6084,0.001994483
mg,6085,0.034188147
mg,6086,0.156615849
mg,6087,0.341226271
mg,6088,0.649382916
mg,6089,0.798943307
mg,6090,0.623203450
mg,6091,0.265628407
mg,6092,0.053203702
mg,6093,0.002760346
mg,6103,0.001624100
mg,6104,0.038161059
mg,6105,0.164811647
mg,6106,0.170111975
mg,6107,0.154285139
mg,6108,0.152483236
mg,6109,0.152483103
mg,6110,0.130085785
mg,6111,0.066468873
mg,6112,0.021595599
mg,6113,0.000017638
mg,6114,0.000000121
mg,6115,0.000000015
mg,6116,0.000000002
mg,6117,0.000000000
mg,6118,0.000000000
mg,6132,0.000000000
mg,6133,0.000000006
mg,6134,0.016755466
mg,6135,0.053782974
mg,6136,0.319082146
mg,6137,0.651159186
mg,6138,0.816489867
mg,6139,0.657852879
mg,6140,0.382020861
mg,6141,0.153057080
mg,6142,0.015514497
mg,6152,0.000000317
mg,6153,0.031028995
mg,6154,0.121454118
mg,6155,0.137777430
mg,6156,0.152483107
mg,6157,0.152483103
mg,6158,0.152483103
mg,6159,0.143049110
mg,6160,0.121471745
mg,6161,0.031131305
mg,6162,0.001150719
mg,6163,0.000017079
mg,6164,0.000001940
mg,6165,0.000000015
mg,6166,0.000000000
mg,6167,0.000000000
mg,6179,0.000000000
mg,6180,0.000000000
mg,6181,0.000000010
mg,6182,0.000000178
mg,6183,0.001044004
mg,6184,0.046579633
mg,6185,0.317826189
mg,6186,0.644046561
mg,6187,0.819858663
mg,6188,0.761244059
mg,6189,0.619367247
mg,6190,0.227393742
mg,6191,0.018305826
mg,6202,0.016323297
mg,6203,0.035743025
mg,6204,0.122262916
mg,6205,0.137087464
mg,6206,0.143608459
mg,6207,0.152483103
mg,6208,0.152483103
mg,6209,0.122604112
mg,6210,0.037646502
mg,6211,0.004563578
mg,6212,0.000174834
mg,6213,0.000002461
mg,6214,0.000000014
mg,6215,0.000000000
mg,6227,0.000000000
mg,6228,0.000000000
mg,6229,0.000000087
mg,6230,0.000011671
mg,6231,0.000095519
mg,6232,0.000586024
mg,6233,0.040366245
mg,6234,0.276218237
mg,6235,0.626181640
mg,6236,0.830148801
mg,6237,0.898091836
mg,6238,0.647215314
mg,6239,0.286611677
mg,6250,0.000000000
mg,6251,0.000808807
mg,6252,0.015633394
mg,6253,0.022847111
mg,6254,0.069849526
mg,6255,0.132796953
mg,6256,0.152483103
mg,6257,0.152483103
mg,6258,0.125917423
mg,6259,0.050606227
mg,6260,0.006147458
mg,6261,0.000150426
mg,6262,0.000000468
mg,6263,0.000000000
mg,6275,0.000000000
mg,6276,0.000000001
mg,6277,0.000000213
mg,6278,0.000018318
mg,6279,0.000619631
mg,6280,0.004108123
mg,6281,0.007444594
mg,6282,0.027095044
mg,6283,0.207328915
mg,6284,0.546033718
mg,6285,0.754195717
mg,6286,0.938929316
mg,6287,0.856694174
mg,6299,0.000000000
mg,6300,0.000000007
mg,6301,0.000120634
mg,6302,0.011354966
mg,6303,0.063144796
mg,6304,0.141671596
mg,6305,0.152483103
mg,6306,0.152483103
mg,6307,0.126743710
mg,6308,0.029037413
mg,6309,0.001965486
mg,6310,0.000000919
mg,6311,0.000000000
mg,6323,0.000000000
mg,6324,0.000000002
mg,6325,0.000000347
mg,6326,0.000030122
mg,6327,0.000535298
mg,6328,0.004305336
mg,6329,0.014045923
mg,6330,0.016827471
mg,6331,0.014351063
mg,6332,0.116752684
mg,6333,0.377394566
mg,6334,0.878545924
mg,6335,1.000000000
mg,6347,0.000000000
mg,6348,0.000000007
mg,6349,0.000120634
mg,6350,0.011354966
mg,6351,0.063144796
mg,6352,0.141671596
mg,6353,0.152483103
mg,6354,0.152483103
mg,6355,0.126743710
mg,6356,0.029037413
mg,6357,0.001965486
mg,6358,0.000000919
mg,6359,0.000000000
mg,6371,0.000000000
mg,6372,0.000000002
mg,6373,0.000000347
mg,6374,0.000030122
mg,6375,0.000535298
mg,6376,0.004305336
mg,6377,0.014045923
mg,6378,0.016827471
mg,6379,0.014351063
mg,6380,0.116752684
mg,6381,0.377394566
mg,6382,0.878545924
mg,6383,1.000000000
mg,6394,0.000000000
mg,6395,0.000808807
mg,6396,0.015633394
mg,6397,0.022847111
mg,6398,0.069849526
mg,6399,0.132796953
mg,6400,0.152483103
mg,6401,0.152483103
mg,6402,0.125917423
mg,6403,0.050606227
mg,6404,0.006147458
mg,6405,0.000150426
mg,6406,0.000000468
mg,6407,0.000000000
mg,6419,0.000000000
mg,6420,0.000000001
mg,6421,0.000000213
mg,6422,0.000018318
mg,6423,0.000619631
mg,6424,0.004108123
mg,6425,0.007444594
mg,6426,0.027095044
mg,6427,0.207328915
mg,6428,0.546033718
mg,6429,0.754195717
mg,6430,0.938929316
mg,6431,0.856694174
mg,6442,0.016323297
mg,6443,0.035743025
mg,6444,0.122262916
mg,6445,0.137087464
mg,6446,0.143608459
mg,6447,0.152483103
mg,6448,0.152483103
mg,6449,0.122604112
mg,6450,0.037646502
mg,6451,0.004563578
mg,6452,0.000174834
mg,6453,0.000002461
mg,6454,0.000000014
mg,6455,0.000000000
mg,6467,0.000000000
mg,6468,0.000000000
mg,6469,0.000000087
mg,6470,0.000011671
mg,6471,0.000095519
mg,6472,0.000586024
mg,6473,0.040366245
mg,6474,0.276218237
mg,6475,0.626181640
mg,6476,0.830148801
mg,6477,0.898091836
mg,6478,0.647215314
mg,6479,0.286611677
mg,6488,0.000000317
mg,6489,0.031028995
mg,6490,0.121454118
mg,6491,0.137777430
mg,6492,0.152483107
mg,6493,0.152483103
mg,6494,0.152483103
mg,6495,0.143049110
mg,6496,0.121471745
mg,6497,0.031131305
mg,6498,0.001150719
mg,6499,0.000017079
mg,6500,0.000001940
mg,6501,0.000000015
mg,6502,0.000000000
mg,6503,0.000000000
mg,6515,0.000000000
mg,6516,0.000000000
mg,6517,0.000000010
mg,6518,0.000000178
mg,6519,0.001044004
mg,6520,0.046579633
mg,6521,0.317826189
mg,6522,0.644046561
mg,6523,0.819858663
mg,6524,0.761244059
mg,6525,0.619367247
mg,6526,0.227393742
mg,6527,0.018305826
mg,6535,0.001624100
mg,6536,0.038161059
mg,6537,0.164811647
mg,6538,0.170111975
mg,6539,0.154285139
mg,6540,0.152483236
mg,6541,0.152483103
mg,6542,0.130085785
mg,6543,0.066468873
mg,6544,0.021595599
mg,6545,0.000017638
mg,6546,0.000000121
mg,6547,0.000000015
mg,6548,0.000000002
mg,6549,0.000000000
mg,6550,0.000000000
mg,6564,0.000000000
mg,6565,0.000000006
mg,6566,0.016755466
mg,6567,0.053782974
mg,6568,0.319082146
mg,6569,0.651159186
mg,6570,0.816489867
mg,6571,0.657852879
mg,6572,0.382020861
mg,6573,0.153057080
mg,6574,0.015514497
mg,6581,0.000000001
mg,6582,0.032652715
mg,6583,0.136258167
mg,6584,0.217665950
mg,6585,0.330266446
mg,6586,0.232025383
mg,6587,0.163000451
mg,6588,0.152483747
mg,6589,0.124264822
mg,6590,0.045898314
mg,6591,0.008631690
mg,6592,0.000000105
mg,6593,0.000000000
mg,6594,0.000000000
mg,6595,0.000000000
mg,6596,0.000000000
mg,6611,0.000000000
mg,6612,0.001994483
mg,6613,0.034188147
mg,6614,0.156615849
mg,6615,0.341226271
mg,6616,0.649382916
mg,6617,0.798943307
mg,6618,0.623203450
mg,6619,0.265628407
mg,6620,0.053203702
mg,6621,0.002760346
mg,6628,0.010522504
mg,6629,0.084997811
mg,6630,0.324416556
mg,6631,0.562445401
mg,6632,0.486621539
mg,6633,0.354429120
mg,6634,0.207673840
mg,6635,0.154381425
mg,6636,0.121720102
mg,6637,0.032541714
mg,6638,0.002810715
mg,6639,0.000000003
mg,6640,0.000000000
mg,6643,0.000000000
mg,6644,0.000000000
mg,6645,0.000000000
mg,6657,0.000000000
mg,6658,0.000488500
mg,6659,0.017780012
mg,6660,0.050156899
mg,6661,0.192171627
mg,6662,0.410221334
mg,6663,0.655284936
mg,6664,0.708729020
mg,6665,0.551975840
mg,6666,0.209873210
mg,6667,0.021605056
mg,6668,0.000000013
mg,6673,0.000004651
mg,6674,0.022061959
mg,6675,0.128249570
mg,6676,0.229327244
mg,6677,0.468135563
mg,6678,0.690542091
mg,6679,0.807258962
mg,6680,0.588314313
mg,6681,0.286692510
mg,6682,0.148844752
mg,6683,0.121476985
mg,6684,0.031065952
mg,6685,0.000265883
mg,6686,0.000000004
mg,6687,0.000000044
mg,6688,0.000002086
mg,6689,0.000000550
mg,6690,0.000000046
mg,6691,0.000000031
mg,6692,0.000000007
mg,6693,0.000000001
mg,6694,0.000000000
mg,6695,0.000000000
mg,6696,0.000000000
mg,6697,0.000000000
mg,6698,0.000000000
mg,6699,0.000000000
mg,6700,0.000000000
mg,6701,0.000000000
mg,6702,0.000000084
mg,6703,0.000021063
mg,6704,0.006433452
mg,6705,0.017397539
mg,6706,0.048312160
mg,6707,0.177197122
mg,6708,0.290474640
mg,6709,0.460709773
mg,6710,0.618833829
mg,6711,0.611333638
mg,6712,0.330323424
mg,6713,0.119423030
mg,6714,0.012508450
mg,6720,0.146978701
mg,6721,0.159030565
mg,6722,0.299373471
mg,6723,0.658889546
mg,6724,0.845390927
mg,6725,0.902421315
mg,6726,0.875082219
mg,6727,0.779053232
mg,6728,0.502363172
mg,6729,0.300350014
mg,6730,0.214490834
mg,6731,0.173310544
mg,6732,0.152489447
mg,6733,0.139780891
mg,6734,0.136969557
mg,6735,0.124810720
mg,6736,0.050592116
mg,6737,0.018875793
mg,6738,0.015515638
mg,6739,0.002893935
mg,6740,0.005606577
mg,6741,0.000940234
mg,6742,0.000186823
mg,6743,0.000195272
mg,6744,0.000862433
mg,6745,0.005229075
mg,6746,0.004675150
mg,6747,0.004640335
mg,6748,0.005283102
mg,6749,0.015514685
mg,6750,0.018767784
mg,6751,0.054927655
mg,6752,0.169032208
mg,6753,0.255979447
mg,6754,0.320060892
mg,6755,0.471427489
mg,6756,0.596601062
mg,6757,0.580001593
mg,6758,0.385810565
mg,6759,0.157750944
mg,6760,0.031046055
mg,6761,0.000000026
mg,6768,0.753101256
mg,6769,0.835119874
mg,6770,0.869578856
mg,6771,0.971841681
mg,6772,1.000000000
mg,6773,1.000000000
mg,6774,0.985421108
mg,6775,0.969916604
mg,6776,0.884057235
mg,6777,0.863976991
mg,6778,0.852829828
mg,6779,0.847516899
mg,6780,0.834814679
mg,6781,0.757969334
mg,6782,0.728880231
mg,6783,0.655188684
mg,6784,0.423016350
mg,6785,0.293492921
mg,6786,0.261318153
mg,6787,0.190469853
mg,6788,0.188994141
mg,6789,0.163756442
mg,6790,0.154707468
mg,6791,0.154670481
mg,6792,0.162934077
mg,6793,0.174660649
mg,6794,0.174086859
mg,6795,0.173928369
mg,6796,0.187657175
mg,6797,0.248147576
mg,6798,0.277257051
mg,6799,0.396682696
mg,6800,0.619332657
mg,6801,0.703265563
mg,6802,0.634607149
mg,6803,0.575043236
mg,6804,0.398483936
mg,6805,0.200774264
mg,6806,0.058167828
mg,6807,0.003565681
mg,6816,0.985367048
mg,6817,1.000000000
mg,6818,1.000000000
mg,6819,1.000000000
mg,6820,1.000000000
mg,6821,1.000000000
mg,6822,1.000000000
mg,6823,1.000000000
mg,6824,1.000000000
mg,6825,1.000000000
mg,6826,1.000000000
mg,6827,1.000000000
mg,6828,1.000000000
mg,6829,0.987297782
mg,6830,0.984486388
mg,6831,0.972325270
mg,6832,0.898096263
mg,6833,0.866387350
mg,6834,0.863031684
mg,6835,0.850410596
mg,6836,0.853123403
mg,6837,0.848457118
mg,6838,0.847703718
mg,6839,0.847712168
mg,6840,0.834542013
mg,6841,0.756581755
mg,6842,0.732415539
mg,6843,0.730444759
mg,6844,0.720103528
mg,6845,0.731837811
mg,6846,0.721164349
mg,6847,0.694363841
mg,6848,0.700482624
mg,6849,0.618681035
mg,6850,0.333534338
mg,6851,0.141232885
mg,6852,0.053720126
mg,6853,0.010338447
mg,6864,1.000000000
mg,6865,1.000000000
mg,6866,1.000000000
mg,6867,1.000000000
mg,6868,1.000000000
mg,6869,1.000000000
mg,6870,1.000000000
mg,6871,1.000000000
mg,6872,1.000000000
mg,6873,1.000000000
mg,6874,1.000000000
mg,6875,1.000000000
mg,6876,1.000000000
mg,6877,1.000000000
mg,6878,1.000000000
mg,6879,1.000000000
mg,6880,1.000000000
mg,6881,1.000000000
mg,6882,1.000000000
mg,6883,1.000000000
mg,6884,1.000000000
mg,6885,1.000000000
mg,6886,1.000000000
mg,6887,1.000000000
mg,6888,1.000000000
mg,6889,0.983673108
mg,6890,0.981694259
mg,6891,0.969291594
mg,6892,0.898219667
mg,6893,0.886118402
mg,6894,0.789586162
mg,6895,0.544589919
mg,6896,0.254886952
mg,6897,0.147802053
mg,6898,0.036668240
mg,6899,0.000077109
mg,6912,1.000000000
mg,6913,1.000000000
mg,6914,1.000000000
mg,6915,1.000000000
mg,6916,1.000000000
mg,6917,1.000000000
mg,6918,1.000000000
mg,6919,1.000000000
mg,6920,1.000000000
mg,6921,1.000000000
mg,6922,1.000000000
mg,6923,1.000000000
mg,6924,1.000000000
mg,6925,1.000000000
mg,6926,1.000000000
mg,6927,1.000000000
mg,6928,1.000000000
mg,6929,1.000000000
mg,6930,1.000000000
mg,6931,1.000000000
mg,6932,1.000000000
mg,6933,1.000000000
mg,6934,1.000000000
mg,6935,1.000000000
mg,6936,1.000000000
mg,6937,1.000000000
mg,6938,1.000000000
mg,6939,1.000000000
mg,6940,0.999947682
mg,6941,1.000000000
mg,6942,0.990070344
mg,6943,0.843274966
mg,6944,0.503323397
mg,6945,0.252860943
mg,6946,0.148270775
mg,6947,0.037004490
mg,6948,0.000067401
mg,6960,1.000000000
mg,6961,1.000000000
mg,6962,1.000000000
mg,6963,1.000000000
mg,6964,1.000000000
mg,6965,1.000000000
mg,6966,1.000000000
mg,6967,1.000000000
mg,6968,1.000000000
mg,6969,1.000000000
mg,6970,1.000000000
mg,6971,1.000000000
mg,6972,1.000000000
mg,6973,1.000000000
mg,6974,1.000000000
mg,6975,1.000000000
mg,6976,0.987839767
mg,6977,0.984485793
mg,6978,0.971864705
mg,6979,0.901018112
mg,6980,0.899542425
mg,6981,0.874304732
mg,6982,0.865255759
mg,6983,0.865218772
mg,6984,0.873482368
mg,6985,0.899046256
mg,6986,0.900149575
mg,6987,0.899991157
mg,6988,0.913719963
mg,6989,0.974209767
mg,6990,0.984485605
mg,6991,0.967588978
mg,6992,0.899217621
mg,6993,0.839955541
mg,6994,0.651533066
mg,6995,0.349854870
mg,6996,0.147639995
mg,6997,0.068651870
mg,6998,0.006455067
mg,7008,0.838388348
mg,7009,0.854037250
mg,7010,0.916553947
mg,7011,0.991005857
mg,7012,1.000000000
mg,7013,1.000000000
mg,7014,1.000000000
mg,7015,1.000000000
mg,7016,0.985431100
mg,7017,0.974283937
mg,7018,0.909511926
mg,7019,0.868344338
mg,7020,0.863031397
mg,7021,0.863031400
mg,7022,0.863031460
mg,7023,0.850873508
mg,7024,0.776654904
mg,7025,0.744938580
mg,7026,0.668019027
mg,7027,0.463151317
mg,7028,0.409828839
mg,7029,0.339657740
mg,7030,0.299336464
mg,7031,0.298981582
mg,7032,0.336146998
mg,7033,0.413158948
mg,7034,0.428721157
mg,7035,0.428630210
mg,7036,0.499254854
mg,7037,0.681944530
mg,7038,0.744830572
mg,7039,0.780990442
mg,7040,0.895094995
mg,7041,0.973914261
mg,7042,0.954916400
mg,7043,0.858041222
mg,7044,0.711466177
mg,7045,0.465599840
mg,7046,0.178157176
mg,7047,0.031127538
mg,7048,0.000016907
mg,7056,0.161611652
mg,7057,0.206005656
mg,7058,0.478399652
mg,7059,0.783510138
mg,7060,0.901421219
mg,7061,0.979493509
mg,7062,1.000000000
mg,7063,0.985431100
mg,7064,0.899571732
mg,7065,0.804530611
mg,7066,0.594229046
mg,7067,0.426363734
mg,7068,0.305003181
mg,7069,0.289458079
mg,7070,0.289452033
mg,7071,0.289464660
mg,7072,0.277331409
mg,7073,0.273959551
mg,7074,0.261320613
mg,7075,0.190470679
mg,7076,0.188994440
mg,7077,0.163756499
mg,7078,0.154707478
mg,7079,0.154670483
mg,7080,0.162934079
mg,7081,0.188497967
mg,7082,0.189601285
mg,7083,0.189487208
mg,7084,0.203430110
mg,7085,0.263706312
mg,7086,0.274061548
mg,7087,0.315034038
mg,7088,0.491000104
mg,7089,0.690532115
mg,7090,0.774374948
mg,7091,0.901680189
mg,7092,0.954859503
mg,7093,0.894612061
mg,7094,0.678389548
mg,7095,0.352692230
mg,7096,0.137067175
mg,7097,0.015515119
mg,7105,0.006520354
mg,7106,0.069037061
mg,7107,0.181878848
mg,7108,0.424071544
mg,7109,0.736423101
mg,7110,0.960054227
mg,7111,1.000000000
mg,7112,0.959754766
mg,7113,0.859296682
mg,7114,0.772572554
mg,7115,0.640987574
mg,7116,0.349218248
mg,7117,0.169547284
mg,7118,0.152742712
mg,7119,0.152485451
mg,7120,0.152495853
mg,7121,0.152488443
mg,7122,0.152483954
mg,7123,0.152483339
mg,7124,0.152483174
mg,7125,0.152483116
mg,7126,0.152483105
mg,7127,0.152483104
mg,7128,0.152483103
mg,7129,0.152483103
mg,7130,0.152483103
mg,7131,0.152483103
mg,7132,0.152483104
mg,7133,0.152483189
mg,7134,0.152504655
mg,7135,0.159039404
mg,7136,0.205515568
mg,7137,0.267703359
mg,7138,0.374298432
mg,7139,0.647058382
mg,7140,0.776219687
mg,7141,0.899821683
mg,7142,0.950590332
mg,7143,0.863129962
mg,7144,0.635655356
mg,7145,0.239905825
mg,7146,0.024442114
mg,7147,0.000004325
mg,7155,0.003924797
mg,7156,0.062331113
mg,7157,0.287031150
mg,7158,0.645688185
mg,7159,0.862320591
mg,7160,0.902171559
mg,7161,0.897276062
mg,7162,0.855807405
mg,7163,0.832025384
mg,7164,0.652701847
mg,7165,0.355943504
mg,7166,0.184379644
mg,7167,0.155034291
mg,7168,0.152483106
mg,7169,0.152483103
mg,7170,0.152483103
mg,7171,0.152483103
mg,7172,0.152483103
mg,7173,0.152483103
mg,7174,0.152483103
mg,7175,0.152483103
mg,7176,0.152483103
mg,7177,0.152483103
mg,7178,0.152483103
mg,7179,0.152483103
mg,7180,0.152483103
mg,7181,0.152483103
mg,7182,0.152483103
mg,7183,0.146296947
mg,7184,0.149174582
mg,7185,0.151307596
mg,7186,0.170844789
mg,7187,0.270535885
mg,7188,0.399507377
mg,7189,0.671859507
mg,7190,0.881444125
mg,7191,0.972341939
mg,7192,0.965960661
mg,7193,0.732959172
mg,7194,0.313457546
mg,7195,0.075428717
mg,7196,0.006086156
mg,7204,0.000000001
mg,7205,0.023941288
mg,7206,0.146432344
mg,7207,0.377239417
mg,7208,0.673087928
mg,7209,0.881752759
mg,7210,0.865162265
mg,7211,0.849318862
mg,7212,0.832262051
mg,7213,0.667534208
mg,7214,0.399795845
mg,7215,0.218306838
mg,7216,0.158564220
mg,7217,0.152483208
mg,7218,0.152483104
mg,7219,0.152483103
mg,7220,0.152483103
mg,7221,0.152483103
mg,7222,0.152483103
mg,7223,0.152483103
mg,7224,0.152483103
mg,7225,0.152483103
mg,7226,0.152483103
mg,7227,0.152483103
mg,7228,0.152483103
mg,7229,0.152483103
mg,7230,0.146296947
mg,7231,0.111966203
mg,7232,0.119778404
mg,7233,0.134783851
mg,7234,0.141253924
mg,7235,0.143843943
mg,7236,0.179622298
mg,7237,0.350842395
mg,7238,0.640037787
mg,7239,0.779839109
mg,7240,0.954698600
mg,7241,0.981479456
mg,7242,0.801491505
mg,7243,0.470784875
mg,7244,0.175201680
mg,7245,0.015514497
mg,7254,0.001623721
mg,7255,0.056009074
mg,7256,0.319448161
mg,7257,0.642802027
mg,7258,0.833803730
mg,7259,0.847517031
mg,7260,0.847516901
mg,7261,0.834553571
mg,7262,0.701461263
mg,7263,0.473233432
mg,7264,0.293881820
mg,7265,0.168100515
mg,7266,0.152501355
mg,7267,0.152483311
mg,7268,0.152483127
mg,7269,0.152483105
mg,7270,0.152483103
mg,7271,0.152483103
mg,7272,0.152483103
mg,7273,0.152483103
mg,7274,0.152483103
mg,7275,0.152483103
mg,7276,0.152483103
mg,7277,0.152483103
mg,7278,0.151330285
mg,7279,0.134006775
mg,7280,0.109637615
mg,7281,0.101249288
mg,7282,0.071293684
mg,7283,0.077836306
mg,7284,0.141849470
mg,7285,0.164954089
mg,7286,0.252227979
mg,7287,0.368245118
mg,7288,0.688200569
mg,7289,0.953460174
mg,7290,0.990571659
mg,7291,0.901264468
mg,7292,0.657812302
mg,7293,0.245668564
mg,7294,0.015514497
mg,7303,0.000000317
mg,7304,0.031063494
mg,7305,0.227584350
mg,7306,0.605463220
mg,7307,0.746291320
mg,7308,0.832811200
mg,7309,0.847516897
mg,7310,0.838082904
mg,7311,0.777017161
mg,7312,0.641820965
mg,7313,0.350287678
mg,7314,0.174719370
mg,7315,0.153716790
mg,7316,0.152511272
mg,7317,0.152485107
mg,7318,0.152483117
mg,7319,0.152483103
mg,7320,0.152483103
mg,7321,0.152483103
mg,7322,0.152483103
mg,7323,0.152483103
mg,7324,0.152483103
mg,7325,0.152483103
mg,7326,0.152483103
mg,7327,0.150108816
mg,7328,0.132707226
mg,7329,0.087531735
mg,7330,0.070171153
mg,7331,0.113642910
mg,7332,0.146263254
mg,7333,0.110910698
mg,7334,0.055177713
mg,7335,0.070058644
mg,7336,0.320511804
mg,7337,0.659634087
mg,7338,0.911853649
mg,7339,0.992861595
mg,7340,0.971731352
mg,7341,0.741577285
mg,7342,0.258422715
mg,7343,0.018305837
mg,7353,0.015560238
mg,7354,0.141758922
mg,7355,0.361614921
mg,7356,0.640470601
mg,7357,0.733395402
mg,7358,0.780396042
mg,7359,0.838642253
mg,7360,0.832019933
mg,7361,0.657854997
mg,7362,0.372096806
mg,7363,0.194464855
mg,7364,0.156801836
mg,7365,0.152644004
mg,7366,0.152483649
mg,7367,0.152483103
mg,7368,0.152483103
mg,7369,0.152483103
mg,7370,0.152483103
mg,7371,0.152483103
mg,7372,0.152483103
mg,7373,0.152483103
mg,7374,0.152483103
mg,7375,0.152483103
mg,7376,0.143635366
mg,7377,0.097338432
mg,7378,0.113702766
mg,7379,0.145696851
mg,7380,0.130818081
mg,7381,0.061133972
mg,7382,0.052783867
mg,7383,0.055809365
mg,7384,0.050799331
mg,7385,0.192888212
mg,7386,0.511859522
mg,7387,0.821581916
mg,7388,0.981041509
mg,7389,0.984485503
mg,7390,0.741577294
mg,7391,0.304917544
mg,7402,0.014948287
mg,7403,0.133592247
mg,7404,0.258536289
mg,7405,0.314717189
mg,7406,0.485868117
mg,7407,0.717264881
mg,7408,0.836705390
mg,7409,0.833134869
mg,7410,0.677183143
mg,7411,0.411135536
mg,7412,0.201425765
mg,7413,0.155312832
mg,7414,0.152486757
mg,7415,0.152483104
mg,7416,0.152483103
mg,7417,0.152483103
mg,7418,0.152483103
mg,7419,0.152483103
mg,7420,0.152483103
mg,7421,0.152483103
mg,7422,0.152483103
mg,7423,0.152483103
mg,7424,0.152483103
mg,7425,0.144856836
mg,7426,0.148873148
mg,7427,0.136372632
mg,7428,0.075621033
mg,7429,0.052011787
mg,7430,0.055535868
mg,7431,0.062503937
mg,7432,0.065723278
mg,7433,0.052595274
mg,7434,0.116190697
mg,7435,0.356567011
mg,7436,0.739070149
mg,7437,0.965501362
mg,7438,0.984485503
mg,7439,0.856694185
mg,7450,0.000000000
mg,7451,0.029640902
mg,7452,0.137087504
mg,7453,0.159827842
mg,7454,0.238971773
mg,7455,0.480658450
mg,7456,0.773691312
mg,7457,0.847516897
mg,7458,0.835333245
mg,7459,0.668573257
mg,7460,0.308281629
mg,7461,0.166029206
mg,7462,0.152489838
mg,7463,0.152483105
mg,7464,0.152483103
mg,7465,0.152483103
mg,7466,0.152483103
mg,7467,0.152483103
mg,7468,0.152483103
mg,7469,0.152483103
mg,7470,0.152483103
mg,7471,0.152483103
mg,7472,0.152483103
mg,7473,0.152483103
mg,7474,0.145977438
mg,7475,0.097732403
mg,7476,0.057590585
mg,7477,0.065660957
mg,7478,0.058447081
mg,7479,0.052505866
mg,7480,0.064197766
mg,7481,0.096443066
mg,7482,0.070358702
mg,7483,0.049388212
mg,7484,0.269044180
mg,7485,0.759138430
mg,7486,0.984485508
mg,7487,1.000000000
mg,7498,0.000000000
mg,7499,0.029640902
mg,7500,0.137087504
mg,7501,0.159827842
mg,7502,0.238971773
mg,7503,0.480658450
mg,7504,0.773691312
mg,7505,0.847516897
mg,7506,0.835333245
mg,7507,0.668573257
mg,7508,0.308281629
mg,7509,0.166029206
mg,7510,0.152489838
mg,7511,0.152483105
mg,7512,0.152483103
mg,7513,0.152483103
mg,7514,0.152483103
mg,7515,0.152483103
mg,7516,0.152483103
mg,7517,0.152483103
mg,7518,0.152483103
mg,7519,0.152483103
mg,7520,0.152483103
mg,7521,0.152483103
mg,7522,0.145977438
mg,7523,0.097732403
mg,7524,0.057590585
mg,7525,0.065660957
mg,7526,0.058447081
mg,7527,0.052505866
mg,7528,0.064197766
mg,7529,0.096443066
mg,7530,0.070358702
mg,7531,0.049388212
mg,7532,0.269044180
mg,7533,0.759138430
mg,7534,0.984485508
mg,7535,1.000000000
mg,7546,0.014948287
mg,7547,0.133592247
mg,7548,0.258536289
mg,7549,0.314717189
mg,7550,0.485868117
mg,7551,0.717264881
mg,7552,0.836705390
mg,7553,0.833134869
mg,7554,0.677183143
mg,7555,0.411135536
mg,7556,0.201425765
mg,7557,0.155312832
mg,7558,0.152486757
mg,7559,0.152483104
mg,7560,0.152483103
mg,7561,0.152483103
mg,7562,0.152483103
mg,7563,0.152483103
mg,7564,0.152483103
mg,7565,0.152483103
mg,7566,0.152483103
mg,7567,0.152483103
mg,7568,0.152483103
mg,7569,0.144856836
mg,7570,0.148873148
mg,7571,0.136372632
mg,7572,0.075621033
mg,7573,0.052011787
mg,7574,0.055535868
mg,7575,0.062503937
mg,7576,0.065723278
mg,7577,0.052595274
mg,7578,0.116190697
mg,7579,0.356567011
mg,7580,0.739070149
mg,7581,0.965501362
mg,7582,0.984485503
mg,7583,0.856694185
mg,7593,0.015560238
mg,7594,0.141758922
mg,7595,0.361614921
mg,7596,0.640470601
mg,7597,0.733395402
mg,7598,0.780396042
mg,7599,0.838642253
mg,7600,0.832019933
mg,7601,0.657854997
mg,7602,0.372096806
mg,7603,0.194464855
mg,7604,0.156801836
mg,7605,0.152644004
mg,7606,0.152483649
mg,7607,0.152483103
mg,7608,0.152483103
mg,7609,0.152483103
mg,7610,0.152483103
mg,7611,0.152483103
mg,7612,0.152483103
mg,7613,0.152483103
mg,7614,0.152483103
mg,7615,0.152483103
mg,7616,0.143635366
mg,7617,0.097338432
mg,7618,0.113702766
mg,7619,0.145696851
mg,7620,0.130818081
mg,7621,0.061133972
mg,7622,0.052783867
mg,7623,0.055809365
mg,7624,0.050799331
mg,7625,0.192888212
mg,7626,0.511859521
mg,7627,0.821581916
mg,7628,0.981041508
mg,7629,0.984485503
mg,7630,0.741577294
mg,7631,0.304917544
mg,7639,0.000000317
mg,7640,0.031063494
mg,7641,0.227584350
mg,7642,0.605463220
mg,7643,0.746291320
mg,7644,0.832811200
mg,7645,0.847516897
mg,7646,0.838082904
mg,7647,0.777017161
mg,7648,0.641820965
mg,7649,0.350287678
mg,7650,0.174719370
mg,7651,0.153716790
mg,7652,0.152511272
mg,7653,0.152485107
mg,7654,0.152483117
mg,7655,0.152483103
mg,7656,0.152483103
mg,7657,0.152483103
mg,7658,0.152483103
mg,7659,0.152483103
mg,7660,0.152483103
mg,7661,0.152483103
mg,7662,0.152483103
mg,7663,0.150108816
mg,7664,0.132707226
mg,7665,0.087531735
mg,7666,0.070171153
mg,7667,0.113642910
mg,7668,0.146263254
mg,7669,0.110910698
mg,7670,0.055177713
mg,7671,0.070058644
mg,7672,0.320511804
mg,7673,0.659634087
mg,7674,0.911853649
mg,7675,0.992861595
mg,7676,0.971731352
mg,7677,0.741577285
mg,7678,0.258422715
mg,7679,0.018305837
mg,7686,0.001623721
mg,7687,0.056009074
mg,7688,0.319448161
mg,7689,0.642802027
mg,7690,0.833803730
mg,7691,0.847517031
mg,7692,0.847516901
mg,7693,0.834553571
mg,7694,0.701461263
mg,7695,0.473233432
mg,7696,0.293881820
mg,7697,0.168100515
mg,7698,0.152501355
mg,7699,0.152483311
mg,7700,0.152483127
mg,7701,0.152483105
mg,7702,0.152483103
mg,7703,0.152483103
mg,7704,0.152483103
mg,7705,0.152483103
mg,7706,0.152483103
mg,7707,0.152483103
mg,7708,0.152483103
mg,7709,0.152483103
mg,7710,0.151330285
mg,7711,0.134006775
mg,7712,0.109637615
mg,7713,0.101249288
mg,7714,0.071293684
mg,7715,0.077836306
mg,7716,0.141849470
mg,7717,0.164954089
mg,7718,0.252227979
mg,7719,0.368245118
mg,7720,0.688200569
mg,7721,0.953460174
mg,7722,0.990571659
mg,7723,0.901264468
mg,7724,0.657812302
mg,7725,0.245668564
mg,7726,0.015514497
mg,7732,0.000000001
mg,7733,0.023941288
mg,7734,0.146432344
mg,7735,0.377239417
mg,7736,0.673087928
mg,7737,0.881752759
mg,7738,0.865162265
mg,7739,0.849318862
mg,7740,0.832262051
mg,7741,0.667534208
mg,7742,0.399795845
mg,7743,0.218306838
mg,7744,0.158564220
mg,7745,0.152483208
mg,7746,0.152483104
mg,7747,0.152483103
mg,7748,0.152483103
mg,7749,0.152483103
mg,7750,0.152483103
mg,7751,0.152483103
mg,7752,0.152483103
mg,7753,0.152483103
mg,7754,0.152483103
mg,7755,0.152483103
mg,7756,0.152483103
mg,7757,0.152483103
mg,7758,0.146296947
mg,7759,0.111966203
mg,7760,0.119778404
mg,7761,0.134783851
mg,7762,0.141253924
mg,7763,0.143843943
mg,7764,0.179622298
mg,7765,0.350842395
mg,7766,0.640037787
mg,7767,0.779839109
mg,7768,0.954698600
mg,7769,0.981479456
mg,7770,0.801491505
mg,7771,0.470784875
mg,7772,0.175201680
mg,7773,0.015514497
mg,7779,0.003924797
mg,7780,0.062331113
mg,7781,0.287031150
mg,7782,0.645688185
mg,7783,0.862320591
mg,7784,0.902171559
mg,7785,0.897276062
mg,7786,0.855807405
mg,7787,0.832025384
mg,7788,0.652701847
mg,7789,0.355943504
mg,7790,0.184379644
mg,7791,0.155034291
mg,7792,0.152483106
mg,7793,0.152483103
mg,7794,0.152483103
mg,7795,0.152483103
mg,7796,0.152483103
mg,7797,0.152483103
mg,7798,0.152483103
mg,7799,0.152483103
mg,7800,0.152483103
mg,7801,0.152483103
mg,7802,0.152483103
mg,7803,0.152483103
mg,7804,0.152483103
mg,7805,0.152483103
mg,7806,0.152483103
mg,7807,0.146296947
mg,7808,0.149174582
mg,7809,0.151307596
mg,7810,0.170844789
mg,7811,0.270535885
mg,7812,0.399507377
mg,7813,0.671859507
mg,7814,0.881444125
mg,7815,0.972341939
mg,7816,0.965960661
mg,7817,0.732959172
mg,7818,0.313457546
mg,7819,0.075428717
mg,7820,0.006086156
mg,7825,0.006520354
mg,7826,0.069037061
mg,7827,0.181878848
mg,7828,0.424071544
mg,7829,0.736423101
mg,7830,0.960054227
mg,7831,1.000000000
mg,7832,0.959754766
mg,7833,0.859296682
mg,7834,0.772572554
mg,7835,0.640987574
mg,7836,0.349218248
mg,7837,0.169547284
mg,7838,0.152742712
mg,7839,0.152485451
mg,7840,0.152495853
mg,7841,0.152488443
mg,7842,0.152483954
mg,7843,0.152483339
mg,7844,0.152483174
mg,7845,0.152483116
mg,7846,0.152483105
mg,7847,0.152483104
mg,7848,0.152483103
mg,7849,0.152483103
mg,7850,0.152483103
mg,7851,0.152483103
mg,7852,0.152483104
mg,7853,0.152483189
mg,7854,0.152504655
mg,7855,0.159039404
mg,7856,0.205515568
mg,7857,0.267703359
mg,7858,0.374298432
mg,7859,0.647058382
mg,7860,0.776219687
mg,7861,0.899821683
mg,7862,0.950590332
mg,7863,0.863129962
mg,7864,0.635655356
mg,7865,0.239905825
mg,7866,0.024442114
mg,7867,0.000004325
mg,7872,0.161611652
mg,7873,0.206005656
mg,7874,0.478399652
mg,7875,0.783510138
mg,7876,0.901421219
mg,7877,0.979493509
mg,7878,1.000000000
mg,7879,0.985431100
mg,7880,0.899571732
mg,7881,0.804530611
mg,7882,0.594229046
mg,7883,0.426363734
mg,7884,0.305003181
mg,7885,0.289458079
mg,7886,0.289452033
mg,7887,0.289464660
mg,7888,0.277331409
mg,7889,0.273959551
mg,7890,0.261320613
mg,7891,0.190470679
mg,7892,0.188994440
mg,7893,0.163756499
mg,7894,0.154707478
mg,7895,0.154670483
mg,7896,0.162934079
mg,7897,0.188497967
mg,7898,0.189601285
mg,7899,0.189487208
mg,7900,0.203430110
mg,7901,0.263706312
mg,7902,0.274061548
mg,7903,0.315034038
mg,7904,0.491000104
mg,7905,0.690532115
mg,7906,0.774374948
mg,7907,0.901680189
mg,7908,0.954859503
mg,7909,0.894612061
mg,7910,0.678389548
mg,7911,0.352692230
mg,7912,0.137067175
mg,7913,0.015515119
mg,7920,0.838388348
mg,7921,0.854037250
mg,7922,0.916553947
mg,7923,0.991005857
mg,7924,1.000000000
mg,7925,1.000000000
mg,7926,1.000000000
mg,7927,1.000000000
mg,7928,0.985431100
mg,7929,0.974283937
mg,7930,0.909511926
mg,7931,0.868344338
mg,7932,0.863031397
mg,7933,0.863031400
mg,7934,0.863031460
mg,7935,0.850873508
mg,7936,0.776654904
mg,7937,0.744938580
mg,7938,0.668019027
mg,7939,0.463151317
mg,7940,0.409828839
mg,7941,0.339657740
mg,7942,0.299336464
mg,7943,0.298981582
mg,7944,0.336146998
mg,7945,0.413158948
mg,7946,0.428721157
mg,7947,0.428630210
mg,7948,0.499254854
mg,7949,0.681944530
mg,7950,0.744830572
mg,7951,0.780990442
mg,7952,0.895094995
mg,7953,0.973914261
mg,7954,0.954916400
mg,7955,0.858041222
mg,7956,0.711466177
mg,7957,0.465599840
mg,7958,0.178157176
mg,7959,0.031127538
mg,7960,0.000016907
mg,7968,1.000000000
mg,7969,1.000000000
mg,7970,1.000000000
mg,7971,1.000000000
mg,7972,1.000000000
mg,7973,1.000000000
mg,7974,1.000000000
mg,7975,1.000000000
mg,7976,1.000000000
mg,7977,1.000000000
mg,7978,1.000000000
mg,7979,1.000000000
mg,7980,1.000000000
mg,7981,1.000000000
mg,7982,1.000000000
mg,7983,1.000000000
mg,7984,0.987839767
mg,7985,0.984485793
mg,7986,0.971864705
mg,7987,0.901018112
mg,7988,0.899542425
mg,7989,0.874304732
mg,7990,0.865255759
mg,7991,0.865218772
mg,7992,0.873482368
mg,7993,0.899046256
mg,7994,0.900149575
mg,7995,0.899991157
mg,7996,0.913719963
mg,7997,0.974209767
mg,7998,0.984485605
mg,7999,0.967588978
mg,8000,0.899217621
mg,8001,0.839955541
mg,8002,0.651533066
mg,8003,0.349854870
mg,8004,0.147639995
mg,8005,0.068651870
mg,8006,0.006455067
mg,8016,1.000000000
mg,8017,1.000000000
mg,8018,1.000000000
mg,8019,1.000000000
mg,8020,1.000000000
mg,8021,1.000000000
mg,8022,1.000000000
mg,8023,1.000000000
mg,8024,1.000000000
mg,8025,1.000000000
mg,8026,1.000000000
mg,8027,1.000000000
mg,8028,1.000000000
mg,8029,1.000000000
mg,8030,1.000000000
mg,8031,1.000000000
mg,8032,1.000000000
mg,8033,1.000000000
mg,8034,1.000000000
mg,8035,1.000000000
mg,8036,1.000000000
mg,8037,1.000000000
mg,8038,1.000000000
mg,8039,1.000000000
mg,8040,1.000000000
mg,8041,1.000000000
mg,8042,1.000000000
mg,8043,1.000000000
mg,8044,0.999947682
mg,8045,1.000000000
mg,8046,0.990070344
mg,8047,0.843274966
mg,8048,0.503323397
mg,8049,0.252860943
mg,8050,0.148270775
mg,8051,0.037004490
mg,8052,0.000067401
mg,8064,1.000000000
mg,8065,1.000000000
mg,8066,1.000000000
mg,8067,1.000000000
mg,8068,1.000000000
mg,8069,1.000000000
mg,8070,1.000000000
mg,8071,1.000000000
mg,8072,1.000000000
mg,8073,1.000000000
mg,8074,1.000000000
mg,8075,1.000000000
mg,8076,1.000000000
mg,8077,1.000000000
mg,8078,1.000000000
mg,8079,1.000000000
mg,8080,1.000000000
mg,8081,1.000000000
mg,8082,1.000000000
mg,8083,1.000000000
mg,8084,1.000000000
mg,8085,1.000000000
mg,8086,1.000000000
mg,8087,1.000000000
mg,8088,1.000000000
mg,8089,1.000000000
mg,8090,1.000000000
mg,8091,1.000000000
mg,8092,1.000000000
mg,8093,1.000000000
mg,8094,1.000000000
mg,8095,0.983516797
mg,8096,0.788813187
mg,8097,0.427316812
mg,8098,0.226744588
mg,8099,0.149175978
mg,8100,0.021834550
mg,8101,0.000000001
mg,8112,1.000000000
mg,8113,1.000000000
mg,8114,1.000000000
mg,8115,1.000000000
mg,8116,1.000000000
mg,8117,1.000000000
mg,8118,1.000000000
mg,8119,1.000000000
mg,8120,1.000000000
mg,8121,1.000000000
mg,8122,1.000000000
mg,8123,1.000000000
mg,8124,1.000000000
mg,8125,1.000000000
mg,8126,1.000000000
mg,8127,1.000000000
mg,8128,1.000000000
mg,8129,1.000000000
mg,8130,1.000000000
mg,8131,0.985108500
mg,8132,0.988309388
mg,8133,0.982803557
mg,8134,0.981914607
mg,8135,0.981924578
mg,8136,0.982711774
mg,8137,0.987864050
mg,8138,0.987210465
mg,8139,0.987169386
mg,8140,0.987927798
mg,8141,1.000000000
mg,8142,1.000000000
mg,8143,1.000000000
mg,8144,0.972762679
mg,8145,0.885182542
mg,8146,0.825037753
mg,8147,0.607087018
mg,8148,0.268373245
mg,8149,0.132616453
mg,8150,0.018305842
mg,8151,0.000000003
mg,8160,0.829069874
mg,8161,0.856694174
mg,8162,0.971081827
mg,8163,1.000000000
mg,8164,1.000000000
mg,8165,1.000000000
mg,8166,1.000000000
mg,8167,1.000000000
mg,8168,1.000000000
mg,8169,1.000000000
mg,8170,0.987962994
mg,8171,0.981694176
mg,8172,0.981694174
mg,8173,0.981694174
mg,8174,0.981694178
mg,8175,0.981694226
mg,8176,0.981696635
mg,8177,0.981694823
mg,8178,0.966802729
mg,8179,0.883209577
mg,8180,0.881468359
mg,8181,0.851689958
mg,8182,0.841012915
mg,8183,0.840969273
mg,8184,0.850719635
mg,8185,0.880882913
mg,8186,0.882184738
mg,8187,0.882050136
mg,8188,0.898501608
mg,8189,0.969621972
mg,8190,0.981694273
mg,8191,0.981719027
mg,8192,0.989285116
mg,8193,1.000000000
mg,8194,1.000000000
mg,8195,0.963455749
mg,8196,0.846004798
mg,8197,0.651086079
mg,8198,0.275922317
mg,8199,0.125019965
mg,8200,0.018305826
mg,8208,0.170930126
mg,8209,0.275999305
mg,8210,0.651535069
mg,8211,0.846081901
mg,8212,0.968019284
mg,8213,1.000000000
mg,8214,1.000000000
mg,8215,1.000000000
mg,8216,1.000000000
mg,8217,0.987962994
mg,8218,0.911537366
mg,8219,0.862963009
mg,8220,0.838395833
mg,8221,0.838388355
mg,8222,0.838388425
mg,8223,0.838391117
mg,8224,0.838403392
mg,8225,0.838394648
mg,8226,0.838389352
mg,8227,0.823497126
mg,8228,0.826697820
mg,8229,0.821191920
mg,8230,0.820302957
mg,8231,0.820312926
mg,8232,0.821100122
mg,8233,0.826252398
mg,8234,0.825598813
mg,8235,0.825557734
mg,8236,0.826316146
mg,8237,0.838388449
mg,8238,0.838413778
mg,8239,0.846124241
mg,8240,0.900962279
mg,8241,0.970979290
mg,8242,0.982270564
mg,8243,1.000000000
mg,8244,1.000000000
mg,8245,0.971004794
mg,8246,0.838408312
mg,8247,0.606810448
mg,8248,0.250020683
mg,8249,0.018310106
mg,8250,0.000000734
mg,8257,0.018305826
mg,8258,0.132693553
mg,8259,0.272936973
mg,8260,0.643628161
mg,8261,0.900970816
mg,8262,0.991637087
mg,8263,1.000000000
mg,8264,1.000000000
mg,8265,1.000000000
mg,8266,0.987962994
mg,8267,0.963395832
mg,8268,0.856737781
mg,8269,0.820396242
mg,8270,0.820082526
mg,8271,0.820082574
mg,8272,0.820084982
mg,8273,0.820083171
mg,8274,0.820082576
mg,8275,0.820082559
mg,8276,0.820082529
mg,8277,0.820082523
mg,8278,0.820082522
mg,8279,0.820082522
mg,8280,0.820082522
mg,8281,0.820082522
mg,8282,0.820082522
mg,8283,0.820082522
mg,8284,0.820082522
mg,8285,0.820082522
mg,8286,0.820082620
mg,8287,0.820107374
mg,8288,0.827673464
mg,8289,0.838964739
mg,8290,0.860053621
mg,8291,0.963964738
mg,8292,0.984047493
mg,8293,1.000000000
mg,8294,1.000000000
mg,8295,0.963408297
mg,8296,0.731698453
mg,8297,0.278822042
mg,8298,0.079533374
mg,8299,0.010503377
mg,8306,0.000000013
mg,8307,0.018305901
mg,8308,0.187582482
mg,8309,0.460466291
mg,8310,0.789645721
mg,8311,0.965304204
mg,8312,1.000000000
mg,8313,1.000000000
mg,8314,1.000000000
mg,8315,1.000000000
mg,8316,0.963702067
mg,8317,0.858479059
mg,8318,0.823398933
mg,8319,0.820082525
mg,8320,0.820082521
mg,8321,0.820082521
mg,8322,0.820082521
mg,8323,0.820082521
mg,8324,0.820082521
mg,8325,0.820082521
mg,8326,0.820082521
mg,8327,0.820082521
mg,8328,0.820082521
mg,8329,0.820082521
mg,8330,0.820082521
mg,8331,0.820082521
mg,8332,0.820082521
mg,8333,0.820082521
mg,8334,0.812783368
mg,8335,0.773636153
mg,8336,0.788067064
mg,8337,0.804735245
mg,8338,0.818695518
mg,8339,0.840741667
mg,8340,0.870410324
mg,8341,0.965741673
mg,8342,1.000000000
mg,8343,1.000000000
mg,8344,0.981694908
mg,8345,0.792921721
mg,8346,0.470296623
mg,8347,0.193404429
mg,8348,0.018305826
mg,8356,0.009942913
mg,8357,0.076257373
mg,8358,0.261858773
mg,8359,0.636166429
mg,8360,0.946998752
mg,8361,1.000000000
mg,8362,1.000000000
mg,8363,1.000000000
mg,8364,1.000000000
mg,8365,0.966704757
mg,8366,0.874238745
mg,8367,0.830267204
mg,8368,0.820082645
mg,8369,0.820082522
mg,8370,0.820082522
mg,8371,0.820082521
mg,8372,0.820082521
mg,8373,0.820082521
mg,8374,0.820082521
mg,8375,0.820082521
mg,8376,0.820082521
mg,8377,0.820082521
mg,8378,0.820082521
mg,8379,0.820082521
mg,8380,0.820082521
mg,8381,0.820082521
mg,8382,0.776179705
mg,8383,0.655200464
mg,8384,0.652628586
mg,8385,0.712871240
mg,8386,0.724775553
mg,8387,0.735668210
mg,8388,0.809889031
mg,8389,0.856694207
mg,8390,0.963388354
mg,8391,0.982908485
mg,8392,1.000000000
mg,8393,0.992197550
mg,8394,0.906792777
mg,8395,0.659052427
mg,8396,0.257181161
mg,8397,0.018305826
mg,8405,0.000000000
mg,8406,0.018305827
mg,8407,0.233610404
mg,8408,0.606734881
mg,8409,0.838613274
mg,8410,0.981732701
mg,8411,1.000000000
mg,8412,1.000000000
mg,8413,1.000000000
mg,8414,0.973573012
mg,8415,0.898510306
mg,8416,0.845563546
mg,8417,0.820103332
mg,8418,0.820082664
mg,8419,0.820082539
mg,8420,0.820082523
mg,8421,0.820082522
mg,8422,0.820082521
mg,8423,0.820082521
mg,8424,0.820082521
mg,8425,0.820082521
mg,8426,0.820082521
mg,8427,0.820082521
mg,8428,0.820082521
mg,8429,0.820082521
mg,8430,0.804855368
mg,8431,0.710098406
mg,8432,0.616172617
mg,8433,0.541734777
mg,8434,0.433805957
mg,8435,0.501636236
mg,8436,0.739700430
mg,8437,0.784764891
mg,8438,0.735252667
mg,8439,0.750851203
mg,8440,0.947699884
mg,8441,1.000000000
mg,8442,1.000000000
mg,8443,0.970569509
mg,8444,0.731694174
mg,8445,0.268305826
mg,8446,0.018305826
mg,8455,0.018305826
mg,8456,0.125224927
mg,8457,0.287300753
mg,8458,0.732008736
mg,8459,0.964358108
mg,8460,1.000000000
mg,8461,1.000000000
mg,8462,1.000000000
mg,8463,0.988868667
mg,8464,0.963409156
mg,8465,0.856814893
mg,8466,0.821440275
mg,8467,0.820102673
mg,8468,0.820084811
mg,8469,0.820082539
mg,8470,0.820082522
mg,8471,0.820082521
mg,8472,0.820082521
mg,8473,0.820082521
mg,8474,0.820082521
mg,8475,0.820082521
mg,8476,0.820082521
mg,8477,0.820082521
mg,8478,0.818722292
mg,8479,0.797181010
mg,8480,0.691946728
mg,8481,0.489112330
mg,8482,0.423660971
mg,8483,0.597726937
mg,8484,0.751026869
mg,8485,0.581610848
mg,8486,0.357358473
mg,8487,0.354974565
mg,8488,0.625727538
mg,8489,0.839202308
mg,8490,0.973342657
mg,8491,1.000000000
mg,8492,0.981694174
mg,8493,0.731694174
mg,8494,0.268305837
mg,8495,0.021834620
mg,8504,0.000038527
mg,8505,0.018620389
mg,8506,0.267930859
mg,8507,0.727800312
mg,8508,0.962704831
mg,8509,0.981834416
mg,8510,0.989528652
mg,8511,1.000000000
mg,8512,1.000000000
mg,8513,0.964745256
mg,8514,0.864502287
mg,8515,0.825467167
mg,8516,0.820288811
mg,8517,0.820085425
mg,8518,0.820082538
mg,8519,0.820082522
mg,8520,0.820082521
mg,8521,0.820082521
mg,8522,0.820082521
mg,8523,0.820082521
mg,8524,0.820082521
mg,8525,0.820082521
mg,8526,0.820082521
mg,8527,0.818641288
mg,8528,0.750875686
mg,8529,0.575815161
mg,8530,0.611582782
mg,8531,0.750146816
mg,8532,0.652870715
mg,8533,0.380913903
mg,8534,0.282449885
mg,8535,0.274746295
mg,8536,0.235768793
mg,8537,0.293186473
mg,8538,0.683493056
mg,8539,0.954998285
mg,8540,1.000000000
mg,8541,0.981694174
mg,8542,0.731694239
mg,8543,0.320025943
mg,8553,0.000015443
mg,8554,0.115543970
mg,8555,0.542414170
mg,8556,0.810676771
mg,8557,0.847040227
mg,8558,0.902499199
mg,8559,0.976771967
mg,8560,1.000000000
mg,8561,1.000000000
mg,8562,0.968654690
mg,8563,0.879793693
mg,8564,0.827336014
mg,8565,0.820260012
mg,8566,0.820083073
mg,8567,0.820082522
mg,8568,0.820082521
mg,8569,0.820082521
mg,8570,0.820082521
mg,8571,0.820082521
mg,8572,0.820082521
mg,8573,0.820082521
mg,8574,0.820082521
mg,8575,0.820082521
mg,8576,0.811084155
mg,8577,0.763376752
mg,8578,0.778582117
mg,8579,0.692760035
mg,8580,0.447162205
mg,8581,0.297732741
mg,8582,0.298582383
mg,8583,0.308142400
mg,8584,0.230243972
mg,8585,0.118112553
mg,8586,0.255757411
mg,8587,0.610124494
mg,8588,0.852538149
mg,8589,0.984101689
mg,8590,0.981694185
mg,8591,0.850904494
mg,8602,0.016667985
mg,8603,0.240453960
mg,8604,0.693444688
mg,8605,0.820224859
mg,8606,0.833480444
mg,8607,0.894588170
mg,8608,0.987243314
mg,8609,1.000000000
mg,8610,1.000000000
mg,8611,0.969629640
mg,8612,0.854344272
mg,8613,0.822401633
mg,8614,0.820083605
mg,8615,0.820082522
mg,8616,0.820082521
mg,8617,0.820082521
mg,8618,0.820082521
mg,8619,0.820082521
mg,8620,0.820082521
mg,8621,0.820082521
mg,8622,0.820082521
mg,8623,0.820082521
mg,8624,0.820082521
mg,8625,0.820082521
mg,8626,0.767666504
mg,8627,0.546583799
mg,8628,0.338584663
mg,8629,0.337233114
mg,8630,0.312546997
mg,8631,0.268505940
mg,8632,0.239199257
mg,8633,0.190971302
mg,8634,0.085253461
mg,8635,0.148374555
mg,8636,0.361642537
mg,8637,0.873134790
mg,8638,1.000000000
mg,8639,1.000000000
mg,8650,0.016667985
mg,8651,0.240453960
mg,8652,0.693444688
mg,8653,0.820224859
mg,8654,0.833480444
mg,8655,0.894588170
mg,8656,0.987243314
mg,8657,1.000000000
mg,8658,1.000000000
mg,8659,0.969629640
mg,8660,0.854344272
mg,8661,0.822401633
mg,8662,0.820083605
mg,8663,0.820082522
mg,8664,0.820082521
mg,8665,0.820082521
mg,8666,0.820082521
mg,8667,0.820082521
mg,8668,0.820082521
mg,8669,0.820082521
mg,8670,0.820082521
mg,8671,0.820082521
mg,8672,0.820082521
mg,8673,0.820082521
mg,8674,0.767666504
mg,8675,0.546583799
mg,8676,0.338584663
mg,8677,0.337233114
mg,8678,0.312546997
mg,8679,0.268505940
mg,8680,0.239199257
mg,8681,0.190971302
mg,8682,0.085253461
mg,8683,0.148374555
mg,8684,0.361642537
mg,8685,0.873134790
mg,8686,1.000000000
mg,8687,1.000000000
mg,8697,0.000015443
mg,8698,0.115543970
mg,8699,0.542414170
mg,8700,0.810676771
mg,8701,0.847040227
mg,8702,0.902499199
mg,8703,0.976771967
mg,8704,1.000000000
mg,8705,1.000000000
mg,8706,0.968654690
mg,8707,0.879793693
mg,8708,0.827336014
mg,8709,0.820260012
mg,8710,0.820083073
mg,8711,0.820082522
mg,8712,0.820082521
mg,8713,0.820082521
mg,8714,0.820082521
mg,8715,0.820082521
mg,8716,0.820082521
mg,8717,0.820082521
mg,8718,0.820082521
mg,8719,0.820082521
mg,8720,0.811084155
mg,8721,0.763376752
mg,8722,0.778582117
mg,8723,0.692760035
mg,8724,0.447162205
mg,8725,0.297732741
mg,8726,0.298582383
mg,8727,0.308142400
mg,8728,0.230243972
mg,8729,0.118112553
mg,8730,0.255757410
mg,8731,0.610124494
mg,8732,0.852538149
mg,8733,0.984101689
mg,8734,0.981694185
mg,8735,0.850904494
mg,8744,0.000038527
mg,8745,0.018620389
mg,8746,0.267930859
mg,8747,0.727800312
mg,8748,0.962704831
mg,8749,0.981834416
mg,8750,0.989528652
mg,8751,1.000000000
mg,8752,1.000000000
mg,8753,0.964745256
mg,8754,0.864502287
mg,8755,0.825467167
mg,8756,0.820288811
mg,8757,0.820085425
mg,8758,0.820082538
mg,8759,0.820082522
mg,8760,0.820082521
mg,8761,0.820082521
mg,8762,0.820082521
mg,8763,0.820082521
mg,8764,0.820082521
mg,8765,0.820082521
mg,8766,0.820082521
mg,8767,0.818641288
mg,8768,0.750875686
mg,8769,0.575815161
mg,8770,0.611582782
mg,8771,0.750146816
mg,8772,0.652870715
mg,8773,0.380913903
mg,8774,0.282449885
mg,8775,0.274746295
mg,8776,0.235768793
mg,8777,0.293186473
mg,8778,0.683493056
mg,8779,0.954998285
mg,8780,1.000000000
mg,8781,0.981694174
mg,8782,0.731694239
mg,8783,0.320025943
mg,8791,0.018305826
mg,8792,0.125224927
mg,8793,0.287300753
mg,8794,0.732008736
mg,8795,0.964358108
mg,8796,1.000000000
mg,8797,1.000000000
mg,8798,1.000000000
mg,8799,0.988868667
mg,8800,0.963409156
mg,8801,0.856814893
mg,8802,0.821440275
mg,8803,0.820102673
mg,8804,0.820084811
mg,8805,0.820082539
mg,8806,0.820082522
mg,8807,0.820082521
mg,8808,0.820082521
mg,8809,0.820082521
mg,8810,0.820082521
mg,8811,0.820082521
mg,8812,0.820082521
mg,8813,0.820082521
mg,8814,0.818722292
mg,8815,0.797181010
mg,8816,0.691946728
mg,8817,0.489112330
mg,8818,0.423660971
mg,8819,0.597726937
mg,8820,0.751026869
mg,8821,0.581610848
mg,8822,0.357358473
mg,8823,0.354974565
mg,8824,0.625727538
mg,8825,0.839202308
mg,8826,0.973342657
mg,8827,1.000000000
mg,8828,0.981694174
mg,8829,0.731694174
mg,8830,0.268305837
mg,8831,0.021834620
mg,8837,0.000000000
mg,8838,0.018305827
mg,8839,0.233610404
mg,8840,0.606734881
mg,8841,0.838613274
mg,8842,0.981732701
mg,8843,1.000000000
mg,8844,1.000000000
mg,8845,1.000000000
mg,8846,0.973573012
mg,8847,0.898510306
mg,8848,0.845563546
mg,8849,0.820103332
mg,8850,0.820082664
mg,8851,0.820082539
mg,8852,0.820082523
mg,8853,0.820082522
mg,8854,0.820082521
mg,8855,0.820082521
mg,8856,0.820082521
mg,8857,0.820082521
mg,8858,0.820082521
mg,8859,0.820082521
mg,8860,0.820082521
mg,8861,0.820082521
mg,8862,0.804855368
mg,8863,0.710098406
mg,8864,0.616172617
mg,8865,0.541734777
mg,8866,0.433805957
mg,8867,0.501636236
mg,8868,0.739700430
mg,8869,0.784764891
mg,8870,0.735252667
mg,8871,0.750851203
mg,8872,0.947699884
mg,8873,1.000000000
mg,8874,1.000000000
mg,8875,0.970569509
mg,8876,0.731694174
mg,8877,0.268305826
mg,8878,0.018305826
mg,8884,0.009942913
mg,8885,0.076257373
mg,8886,0.261858773
mg,8887,0.636166429
mg,8888,0.946998752
mg,8889,1.000000000
mg,8890,1.000000000
mg,8891,1.000000000
mg,8892,1.000000000
mg,8893,0.966704757
mg,8894,0.874238745
mg,8895,0.830267204
mg,8896,0.820082645
mg,8897,0.820082522
mg,8898,0.820082522
mg,8899,0.820082521
mg,8900,0.820082521
mg,8901,0.820082521
mg,8902,0.820082521
mg,8903,0.820082521
mg,8904,0.820082521
mg,8905,0.820082521
mg,8906,0.820082521
mg,8907,0.820082521
mg,8908,0.820082521
mg,8909,0.820082521
mg,8910,0.776179705
mg,8911,0.655200464
mg,8912,0.652628586
mg,8913,0.712871240
mg,8914,0.724775553
mg,8915,0.735668210
mg,8916,0.809889031
mg,8917,0.856694207
mg,8918,0.963388354
mg,8919,0.982908485
mg,8920,1.000000000
mg,8921,0.992197550
mg,8922,0.906792777
mg,8923,0.659052427
mg,8924,0.257181161
mg,8925,0.018305826
mg,8930,0.000000013
mg,8931,0.018305901
mg,8932,0.187582482
mg,8933,0.460466291
mg,8934,0.789645721
mg,8935,0.965304204
mg,8936,1.000000000
mg,8937,1.000000000
mg,8938,1.000000000
mg,8939,1.000000000
mg,8940,0.963702067
mg,8941,0.858479059
mg,8942,0.823398933
mg,8943,0.820082525
mg,8944,0.820082521
mg,8945,0.820082521
mg,8946,0.820082521
mg,8947,0.820082521
mg,8948,0.820082521
mg,8949,0.820082521
mg,8950,0.820082521
mg,8951,0.820082521
mg,8952,0.820082521
mg,8953,0.820082521
mg,8954,0.820082521
mg,8955,0.820082521
mg,8956,0.820082521
mg,8957,0.820082521
mg,8958,0.812783368
mg,8959,0.773636153
mg,8960,0.788067064
mg,8961,0.804735245
mg,8962,0.818695518
mg,8963,0.840741667
mg,8964,0.870410324
mg,8965,0.965741673
mg,8966,1.000000000
mg,8967,1.000000000
mg,8968,0.981694908
mg,8969,0.792921721
mg,8970,0.470296623
mg,8971,0.193404429
mg,8972,0.018305826
mg,8977,0.018305826
mg,8978,0.132693553
mg,8979,0.272936973
mg,8980,0.643628161
mg,8981,0.900970816
mg,8982,0.991637087
mg,8983,1.000000000
mg,8984,1.000000000
mg,8985,1.000000000
mg,8986,0.987962994
mg,8987,0.963395832
mg,8988,0.856737781
mg,8989,0.820396242
mg,8990,0.820082526
mg,8991,0.820082574
mg,8992,0.820084982
mg,8993,0.820083171
mg,8994,0.820082576
mg,8995,0.820082559
mg,8996,0.820082529
mg,8997,0.820082523
mg,8998,0.820082522
mg,8999,0.820082522
mg,9000,0.820082522
mg,9001,0.820082522
mg,9002,0.820082522
mg,9003,0.820082522
mg,9004,0.820082522
mg,9005,0.820082522
mg,9006,0.820082620
mg,9007,0.820107374
mg,9008,0.827673464
mg,9009,0.838964739
mg,9010,0.860053621
mg,9011,0.963964738
mg,9012,0.984047493
mg,9013,1.000000000
mg,9014,1.000000000
mg,9015,0.963408297
mg,9016,0.731698453
mg,9017,0.278822042
mg,9018,0.079533374
mg,9019,0.010503377
mg,9024,0.170930126
mg,9025,0.275999305
mg,9026,0.651535069
mg,9027,0.846081901
mg,9028,0.968019284
mg,9029,1.000000000
mg,9030,1.000000000
mg,9031,1.000000000
mg,9032,1.000000000
mg,9033,0.987962994
mg,9034,0.911537366
mg,9035,0.862963009
mg,9036,0.838395833
mg,9037,0.838388355
mg,9038,0.838388425
mg,9039,0.838391117
mg,9040,0.838403392
mg,9041,0.838394648
mg,9042,0.838389352
mg,9043,0.823497126
mg,9044,0.826697820
mg,9045,0.821191920
mg,9046,0.820302957
mg,9047,0.820312926
mg,9048,0.821100122
mg,9049,0.826252398
mg,9050,0.825598813
mg,9051,0.825557734
mg,9052,0.826316146
mg,9053,0.838388449
mg,9054,0.838413778
mg,9055,0.846124241
mg,9056,0.900962279
mg,9057,0.970979290
mg,9058,0.982270564
mg,9059,1.000000000
mg,9060,1.000000000
mg,9061,0.971004794
mg,9062,0.838408312
mg,9063,0.606810448
mg,9064,0.250020683
mg,9065,0.018310106
mg,9066,0.000000734
mg,9072,0.829069874
mg,9073,0.856694174
mg,9074,0.971081827
mg,9075,1.000000000
mg,9076,1.000000000
mg,9077,1.000000000
mg,9078,1.000000000
mg,9079,1.000000000
mg,9080,1.000000000
mg,9081,1.000000000
mg,9082,0.987962994
mg,9083,0.981694176
mg,9084,0.981694174
mg,9085,0.981694174
mg,9086,0.981694178
mg,9087,0.981694226
mg,9088,0.981696635
mg,9089,0.981694823
mg,9090,0.966802729
mg,9091,0.883209577
mg,9092,0.881468359
mg,9093,0.851689958
mg,9094,0.841012915
mg,9095,0.840969273
mg,9096,0.850719635
mg,9097,0.880882913
mg,9098,0.882184738
mg,9099,0.882050136
mg,9100,0.898501608
mg,9101,0.969621972
mg,9102,0.981694273
mg,9103,0.981719027
mg,9104,0.989285116
mg,9105,1.000000000
mg,9106,1.000000000
mg,9107,0.963455749
mg,9108,0.846004798
mg,9109,0.651086079
mg,9110,0.275922317
mg,9111,0.125019965
mg,9112,0.018305826
mg,9120,1.000000000
mg,9121,1.000000000
mg,9122,1.000000000
mg,9123,1.000000000
mg,9124,1.000000000
mg,9125,1.000000000
mg,9126,1.000000000
mg,9127,1.000000000
mg,9128,1.000000000
mg,9129,1.000000000
mg,9130,1.000000000
mg,9131,1.000000000
mg,9132,1.000000000
mg,9133,1.000000000
mg,9134,1.000000000
mg,9135,1.000000000
mg,9136,1.000000000
mg,9137,1.000000000
mg,9138,1.000000000
mg,9139,0.985108500
mg,9140,0.988309388
mg,9141,0.982803557
mg,9142,0.981914607
mg,9143,0.981924578
mg,9144,0.982711774
mg,9145,0.987864050
mg,9146,0.987210465
mg,9147,0.987169386
mg,9148,0.987927798
mg,9149,1.000000000
mg,9150,1.000000000
mg,9151,1.000000000
mg,9152,0.972762679
mg,9153,0.885182542
mg,9154,0.825037753
mg,9155,0.607087018
mg,9156,0.268373245
mg,9157,0.132616453
mg,9158,0.018305842
mg,9159,0.000000003
mg,9168,1.000000000
mg,9169,1.000000000
mg,9170,1.000000000
mg,9171,1.000000000
mg,9172,1.000000000
mg,9173,1.000000000
mg,9174,1.000000000
mg,9175,1.000000000
mg,9176,1.000000000
mg,9177,1.000000000
mg,9178,1.000000000
mg,9179,1.000000000
mg,9180,1.000000000
mg,9181,1.000000000
mg,9182,1.000000000
mg,9183,1.000000000
mg,9184,1.000000000
mg,9185,1.000000000
mg,9186,1.000000000
mg,9187,1.000000000
mg,9188,1.000000000
mg,9189,1.000000000
mg,9190,1.000000000
mg,9191,1.000000000
mg,9192,1.000000000
mg,9193,1.000000000
mg,9194,1.000000000
mg,9195,1.000000000
mg,9196,1.000000000
mg,9197,1.000000000
mg,9198,1.000000000
mg,9199,0.983516797
mg,9200,0.788813187
mg,9201,0.427316812
mg,9202,0.226744588
mg,9203,0.149175978
mg,9204,0.021834550
mg,9205,0.000000001
geneo,0,1.000000000
geneo,1,1.000000000
geneo,2,1.000000000
geneo,3,1.000000000
geneo,4,1.000000000
geneo,5,1.000000000
geneo,6,1.000000000
geneo,7,1.000000000
geneo,8,1.000000000
geneo,9,1.000000000
geneo,10,1.000000000
geneo,11,1.000000000
geneo,12,1.000000000
geneo,13,1.000000000
geneo,14,1.000000000
geneo,15,1.000000000
geneo,16,1.000000000
geneo,17,1.000000000
geneo,18,1.000000000
geneo,19,1.000000000
geneo,20,1.000000000
geneo,21,1.000000000
geneo,22,1.000000000
geneo,23,1.000000000
geneo,24,1.000000000
geneo,25,1.000000000
geneo,26,1.000000000
geneo,27,1.000000000
geneo,28,1.000000000
geneo,29,1.000000000
geneo,30,1.000000000
geneo,31,0.983540693
geneo,32,0.789107102
geneo,33,0.427804628
geneo,34,0.226899228
geneo,35,0.149176678
geneo,36,0.021834550
geneo,37,0.000000001
geneo,48,1.000000000
geneo,49,1.000000000
geneo,50,1.000000000
geneo,51,1.000000000
geneo,52,1.000000000
geneo,53,1.000000000
geneo,54,1.000000000
geneo,55,1.000000000
geneo,56,1.000000000
geneo,57,1.000000000
geneo,58,1.000000000
geneo,59,1.000000000
geneo,60,1.000000000
geneo,61,1.000000000
geneo,62,1.000000000
geneo,63,1.000000000
geneo,64,1.000000000
geneo,65,1.000000000
geneo,66,1.000000000
geneo,67,0.985092598
geneo,68,0.988275650
geneo,69,0.982798031
geneo,70,0.981913462
geneo,71,0.981923364
geneo,72,0.982720556
geneo,73,0.988386391
geneo,74,0.987353415
geneo,75,0.987610736
geneo,76,0.987979865
geneo,77,1.000000000
geneo,78,1.000000000
geneo,79,1.000000000
geneo,80,0.972804958
geneo,81,0.885312190
geneo,82,0.825060584
geneo,83,0.607090438
geneo,84,0.268373832
geneo,85,0.132669941
geneo,86,0.018305842
geneo,87,0.000000003
geneo,96,0.829069874
geneo,97,0.856694174
geneo,98,0.971027880
geneo,99,1.000000000
geneo,100,1.000000000
geneo,101,1.000000000
geneo,102,1.000000000
geneo,103,1.000000000
geneo,104,1.000000000
geneo,105,1.000000000
geneo,106,0.987910204
geneo,107,0.981694176
geneo,108,0.981694174
geneo,109,0.981694174
geneo,110,0.981694178
geneo,111,0.981694226
geneo,112,0.981696625
geneo,113,0.981694820
geneo,114,0.966786826
geneo,115,0.883083154
geneo,116,0.881250291
geneo,117,0.851622865
geneo,118,0.840999497
geneo,119,0.840969834
geneo,120,0.851291949
geneo,121,0.884079073
geneo,122,0.883981604
geneo,123,0.884817532
geneo,124,0.899246429
geneo,125,0.969674039
geneo,126,0.981694273
geneo,127,0.981719017
geneo,128,0.989288183
geneo,129,1.000000000
geneo,130,1.000000000
geneo,131,0.963456336
geneo,132,0.846058286
geneo,133,0.651397830
geneo,134,0.275975806
geneo,135,0.125020178
geneo,136,0.018305826
geneo,144,0.170930126
geneo,145,0.275945359
geneo,146,0.651220647
geneo,147,0.846027954
geneo,148,0.967980415
geneo,149,1.000000000
geneo,150,1.000000000
geneo,151,1.000000000
geneo,152,1.000000000
geneo,153,0.987910204
geneo,154,0.911229683
geneo,155,0.862910219
geneo,156,0.838395782
geneo,157,0.838388355
geneo,158,0.838388425
geneo,159,0.838391106
geneo,160,0.838403330
geneo,161,0.838394617
geneo,162,0.838389346
geneo,163,0.823481222
geneo,164,0.826664081
geneo,165,0.821186394
geneo,166,0.820301812
geneo,167,0.820311712
geneo,168,0.821108904
geneo,169,0.826774739
geneo,170,0.825741763
geneo,171,0.825999084
geneo,172,0.826368213
geneo,173,0.838388449
geneo,174,0.838413767
geneo,175,0.846127253
geneo,176,0.900980146
geneo,177,0.970982357
geneo,178,0.982308954
geneo,179,1.000000000
geneo,180,1.000000000
geneo,181,0.971058282
geneo,182,0.838408526
geneo,183,0.606811692
geneo,184,0.250020910
geneo,185,0.018310181
geneo,186,0.000000747
geneo,193,0.018305826
geneo,194,0.132639607
geneo,195,0.272898103
geneo,196,0.643349951
geneo,197,0.900630803
geneo,198,0.991585419
geneo,199,1.000000000
geneo,200,1.000000000
geneo,201,1.000000000
geneo,202,0.987910204
geneo,203,0.963395780
geneo,204,0.856737481
geneo,205,0.820394616
geneo,206,0.820082526
geneo,207,0.820082573
geneo,208,0.820084972
geneo,209,0.820083167
geneo,210,0.820082576
geneo,211,0.820082558
geneo,212,0.820082529
geneo,213,0.820082523
geneo,214,0.820082522
geneo,215,0.820082522
geneo,216,0.820082522
geneo,217,0.820082522
geneo,218,0.820082522
geneo,219,0.820082522
geneo,220,0.820082522
geneo,221,0.820082522
geneo,222,0.820082620
geneo,223,0.820107365
geneo,224,0.827676531
geneo,225,0.839003130
geneo,226,0.860277377
geneo,227,0.964003128
geneo,228,0.984052302
geneo,229,1.000000000
geneo,230,1.000000000
geneo,231,0.963408510
geneo,232,0.731698529
geneo,233,0.278971424
geneo,234,0.080402777
geneo,235,0.010652533
geneo,242,0.000000013
geneo,243,0.018305900
geneo,244,0.187242468
geneo,245,0.459562857
geneo,246,0.789344576
geneo,247,0.965291069
geneo,248,1.000000000
geneo,249,1.000000000
geneo,250,1.000000000
geneo,251,1.000000000
geneo,252,0.963700442
geneo,253,0.858469886
geneo,254,0.823383150
geneo,255,0.820082525
geneo,256,0.820082521
geneo,257,0.820082521
geneo,258,0.820082521
geneo,259,0.820082521
geneo,260,0.820082521
geneo,261,0.820082521
geneo,262,0.820082521
geneo,263,0.820082521
geneo,264,0.820082521
geneo,265,0.820082521
geneo,266,0.820082521
geneo,267,0.820082521
geneo,268,0.820082521
geneo,269,0.820082521
geneo,270,0.812733578
geneo,271,0.773304238
geneo,272,0.787717298
geneo,273,0.804362323
geneo,274,0.818677083
geneo,275,0.840746476
geneo,276,0.870438350
geneo,277,0.965746481
geneo,278,1.000000000
geneo,279,1.000000000
geneo,280,0.981694921
geneo,281,0.793791125
geneo,282,0.472904569
geneo,283,0.194258208
geneo,284,0.018305826
geneo,292,0.009891245
geneo,293,0.075956228
geneo,294,0.261793969
geneo,295,0.636089871
geneo,296,0.946985613
geneo,297,1.000000000
geneo,298,1.000000000
geneo,299,1.000000000
geneo,300,1.000000000
geneo,301,0.966688975
geneo,302,0.874155932
geneo,303,0.830264502
geneo,304,0.820082645
geneo,305,0.820082522
geneo,306,0.820082522
geneo,307,0.820082521
geneo,308,0.820082521
geneo,309,0.820082521
geneo,310,0.820082521
geneo,311,0.820082521
geneo,312,0.820082521
geneo,313,0.820082521
geneo,314,0.820082521
geneo,315,0.820082521
geneo,316,0.820082521
geneo,317,0.820082521
geneo,318,0.775830398
geneo,319,0.653724170
geneo,320,0.651094627
geneo,321,0.711470709
geneo,322,0.724178891
geneo,323,0.735401388
geneo,324,0.809854149
geneo,325,0.856694208
geneo,326,0.963388354
geneo,327,0.982908893
geneo,328,1.000000000
geneo,329,0.992346707
geneo,330,0.907646556
geneo,331,0.659110956
geneo,332,0.257165612
geneo,333,0.018305826
geneo,341,0.000000000
geneo,342,0.018305827
geneo,343,0.233597266
geneo,344,0.606734579
geneo,345,0.838611616
geneo,346,0.981732417
geneo,347,1.000000000
geneo,348,1.000000000
geneo,349,1.000000000
geneo,350,0.973570311
geneo,351,0.898577373
geneo,352,0.845575050
geneo,353,0.820103227
geneo,354,0.820082663
geneo,355,0.820082539
geneo,356,0.820082523
geneo,357,0.820082522
geneo,358,0.820082521
geneo,359,0.820082521
geneo,360,0.820082521
geneo,361,0.820082521
geneo,362,0.820082521
geneo,363,0.820082521
geneo,364,0.820082521
geneo,365,0.820082521
geneo,366,0.804461053
geneo,367,0.708561480
geneo,368,0.614632993
geneo,369,0.540444858
geneo,370,0.432687526
geneo,371,0.500848111
geneo,372,0.739435633
geneo,373,0.784425508
geneo,374,0.735103403
geneo,375,0.750846675
geneo,376,0.947701858
geneo,377,1.000000000
geneo,378,1.000000000
geneo,379,0.970553960
geneo,380,0.731694174
geneo,381,0.268305826
geneo,382,0.018305826
geneo,391,0.018305826
geneo,392,0.125223268
geneo,393,0.287295665
geneo,394,0.732006369
geneo,395,0.964351218
geneo,396,1.000000000
geneo,397,1.000000000
geneo,398,1.000000000
geneo,399,0.988880173
geneo,400,0.963409051
geneo,401,0.856814280
geneo,402,0.821431809
geneo,403,0.820102553
geneo,404,0.820084796
geneo,405,0.820082539
geneo,406,0.820082522
geneo,407,0.820082521
geneo,408,0.820082521
geneo,409,0.820082521
geneo,410,0.820082521
geneo,411,0.820082521
geneo,412,0.820082521
geneo,413,0.820082521
geneo,414,0.818663181
geneo,415,0.796431687
geneo,416,0.690356445
geneo,417,0.487548400
geneo,418,0.422827627
geneo,419,0.597711113
geneo,420,0.750670666
geneo,421,0.580225146
geneo,422,0.356456895
geneo,423,0.354533094
geneo,424,0.625673530
geneo,425,0.839235364
geneo,426,0.973735818
geneo,427,1.000000000
geneo,428,0.981694174
geneo,429,0.731694174
geneo,430,0.268305837
geneo,431,0.021834620
geneo,440,0.000038243
geneo,441,0.018618022
geneo,442,0.267859350
geneo,443,0.727396917
geneo,444,0.962635742
geneo,445,0.981833518
geneo,446,0.989481304
geneo,447,1.000000000
geneo,448,1.000000000
geneo,449,0.964736794
geneo,450,0.864453463
geneo,451,0.825434422
geneo,452,0.820287562
geneo,453,0.820085406
geneo,454,0.820082537
geneo,455,0.820082522
geneo,456,0.820082521
geneo,457,0.820082521
geneo,458,0.820082521
geneo,459,0.820082521
geneo,460,0.820082521
geneo,461,0.820082521
geneo,462,0.820082521
geneo,463,0.818574929
geneo,464,0.750140747
geneo,465,0.574411666
geneo,466,0.610616498
geneo,467,0.749917200
geneo,468,0.651723422
geneo,469,0.378573140
geneo,470,0.280332816
geneo,471,0.272999828
geneo,472,0.237094966
geneo,473,0.294988746
geneo,474,0.685920852
geneo,475,0.955395657
geneo,476,1.000000000
geneo,477,0.981694174
geneo,478,0.731694239
geneo,479,0.320025942
geneo,489,0.000015321
geneo,490,0.115180019
geneo,491,0.541317561
geneo,492,0.810312632
geneo,493,0.846987640
geneo,494,0.902222315
geneo,495,0.976697648
geneo,496,1.000000000
geneo,497,1.000000000
geneo,498,0.968622653
geneo,499,0.879654507
geneo,500,0.827291561
geneo,501,0.820258936
geneo,502,0.820083070
geneo,503,0.820082522
geneo,504,0.820082521
geneo,505,0.820082521
geneo,506,0.820082521
geneo,507,0.820082521
geneo,508,0.820082521
geneo,509,0.820082521
geneo,510,0.820082521
geneo,511,0.820082521
geneo,512,0.811030095
geneo,513,0.763030109
geneo,514,0.778309492
geneo,515,0.691967986
geneo,516,0.444322017
geneo,517,0.293123797
geneo,518,0.294311550
geneo,519,0.305480531
geneo,520,0.235359480
geneo,521,0.127157387
geneo,522,0.258809207
geneo,523,0.610685729
geneo,524,0.853430527
geneo,525,0.984245280
geneo,526,0.981694185
geneo,527,0.850904494
geneo,538,0.016605663
geneo,539,0.240090720
geneo,540,0.693382366
geneo,541,0.820223946
geneo,542,0.833406024
geneo,543,0.894403979
geneo,544,0.987216344
geneo,545,1.000000000
geneo,546,1.000000000
geneo,547,0.969591302
geneo,548,0.854243135
geneo,549,0.822386923
geneo,550,0.820083598
geneo,551,0.820082522
geneo,552,0.820082521
geneo,553,0.820082521
geneo,554,0.820082521
geneo,555,0.820082521
geneo,556,0.820082521
geneo,557,0.820082521
geneo,558,0.820082521
geneo,559,0.820082521
geneo,560,0.820082521
geneo,561,0.820082521
geneo,562,0.767429863
geneo,563,0.545312550
geneo,564,0.335371512
geneo,565,0.331568099
geneo,566,0.306909775
geneo,567,0.261955868
geneo,568,0.240412838
geneo,569,0.205960777
geneo,570,0.094744207
geneo,571,0.151501933
geneo,572,0.365312589
geneo,573,0.874115759
geneo,574,1.000000000
geneo,575,1.000000000
geneo,586,0.016605707
geneo,587,0.240090979
geneo,588,0.693382410
geneo,589,0.820223946
geneo,590,0.833405979
geneo,591,0.894403918
geneo,592,0.987216331
geneo,593,1.000000000
geneo,594,1.000000000
geneo,595,0.969591306
geneo,596,0.854243139
geneo,597,0.822386924
geneo,598,0.820083598
geneo,599,0.820082522
geneo,600,0.820082521
geneo,601,0.820082521
geneo,602,0.820082521
geneo,603,0.820082521
geneo,604,0.820082521
geneo,605,0.820082521
geneo,606,0.820082521
geneo,607,0.820082521
geneo,608,0.820082521
geneo,609,0.820082521
geneo,610,0.767429871
geneo,611,0.545312555
geneo,612,0.335371476
geneo,613,0.331568129
geneo,614,0.306909934
geneo,615,0.261956031
geneo,616,0.240412894
geneo,617,0.205960580
geneo,618,0.094744308
geneo,619,0.151501957
geneo,620,0.365312598
geneo,621,0.874115762
geneo,622,1.000000000
geneo,623,1.000000000
geneo,633,0.000015321
geneo,634,0.115180278
geneo,635,0.541318335
geneo,636,0.810312890
geneo,637,0.846987606
geneo,638,0.902222126
geneo,639,0.976697603
geneo,640,1.000000000
geneo,641,1.000000000
geneo,642,0.968622658
geneo,643,0.879654527
geneo,644,0.827291566
geneo,645,0.820258937
geneo,646,0.820083070
geneo,647,0.820082522
geneo,648,0.820082521
geneo,649,0.820082521
geneo,650,0.820082521
geneo,651,0.820082521
geneo,652,0.820082521
geneo,653,0.820082521
geneo,654,0.820082521
geneo,655,0.820082521
geneo,656,0.811030091
geneo,657,0.763030087
geneo,658,0.778309483
geneo,659,0.691967976
geneo,660,0.444321965
geneo,661,0.293123855
geneo,662,0.294311857
geneo,663,0.305480909
geneo,664,0.235359677
geneo,665,0.127156946
geneo,666,0.258809020
geneo,667,0.610685729
geneo,668,0.853430531
geneo,669,0.984245281
geneo,670,0.981694185
geneo,671,0.850904494
geneo,680,0.000038243
geneo,681,0.018618024
geneo,682,0.267859396
geneo,683,0.727397168
geneo,684,0.962635785
geneo,685,0.981833517
geneo,686,0.989481271
geneo,687,1.000000000
geneo,688,1.000000000
geneo,689,0.964736796
geneo,690,0.864453469
geneo,691,0.825434427
geneo,692,0.820287562
geneo,693,0.820085406
geneo,694,0.820082537
geneo,695,0.820082522
geneo,696,0.820082521
geneo,697,0.820082521
geneo,698,0.820082521
geneo,699,0.820082521
geneo,700,0.820082521
geneo,701,0.820082521
geneo,702,0.820082521
geneo,703,0.818574931
geneo,704,0.750140737
geneo,705,0.574411598
geneo,706,0.610616446
geneo,707,0.749917201
geneo,708,0.651723454
geneo,709,0.378573260
geneo,710,0.280333018
geneo,711,0.272999889
geneo,712,0.237095040
geneo,713,0.294988551
geneo,714,0.685920057
geneo,715,0.955395519
geneo,716,1.000000000
geneo,717,0.981694174
geneo,718,0.731694239
geneo,719,0.320025942
geneo,727,0.018305826
geneo,728,0.125223269
geneo,729,0.287295669
geneo,730,0.732006371
geneo,731,0.964351217
geneo,732,1.000000000
geneo,733,1.000000000
geneo,734,1.000000000
geneo,735,0.988880158
geneo,736,0.963409051
geneo,737,0.856814280
geneo,738,0.821431810
geneo,739,0.820102553
geneo,740,0.820084796
geneo,741,0.820082539
geneo,742,0.820082522
geneo,743,0.820082521
geneo,744,0.820082521
geneo,745,0.820082521
geneo,746,0.820082521
geneo,747,0.820082521
geneo,748,0.820082521
geneo,749,0.820082521
geneo,750,0.818663178
geneo,751,0.796431683
geneo,752,0.690356482
geneo,753,0.487548398
geneo,754,0.422827603
geneo,755,0.597711120
geneo,756,0.750670703
geneo,757,0.580225231
geneo,758,0.356456940
geneo,759,0.354532996
geneo,760,0.625673497
geneo,761,0.839235366
geneo,762,0.973735681
geneo,763,1.000000000
geneo,764,0.981694174
geneo,765,0.731694174
geneo,766,0.268305837
geneo,767,0.021834620
geneo,773,0.000000000
geneo,774,0.018305827
geneo,775,0.233597269
geneo,776,0.606734579
geneo,777,0.838611617
geneo,778,0.981732417
geneo,779,1.000000000
geneo,780,1.000000000
geneo,781,1.000000000
geneo,782,0.973570291
geneo,783,0.898577282
geneo,784,0.845575034
geneo,785,0.820103227
geneo,786,0.820082663
geneo,787,0.820082539
geneo,788,0.820082523
geneo,789,0.820082522
geneo,790,0.820082521
geneo,791,0.820082521
geneo,792,0.820082521
geneo,793,0.820082521
geneo,794,0.820082521
geneo,795,0.820082521
geneo,796,0.820082521
geneo,797,0.820082521
geneo,798,0.804461041
geneo,799,0.708561466
geneo,800,0.614633055
geneo,801,0.540444952
geneo,802,0.432687580
geneo,803,0.500848165
geneo,804,0.739435652
geneo,805,0.784425530
geneo,806,0.735103397
geneo,807,0.750846617
geneo,808,0.947701848
geneo,809,1.000000000
geneo,810,1.000000000
geneo,811,0.970553968
geneo,812,0.731694174
geneo,813,0.268305826
geneo,814,0.018305826
geneo,820,0.009891226
geneo,821,0.075956119
geneo,822,0.261793954
geneo,823,0.636089890
geneo,824,0.946985617
geneo,825,1.000000000
geneo,826,1.000000000
geneo,827,1.000000000
geneo,828,1.000000000
geneo,829,0.966688971
geneo,830,0.874155907
geneo,831,0.830264482
geneo,832,0.820082645
geneo,833,0.820082522
geneo,834,0.820082522
geneo,835,0.820082521
geneo,836,0.820082521
geneo,837,0.820082521
geneo,838,0.820082521
geneo,839,0.820082521
geneo,840,0.820082521
geneo,841,0.820082521
geneo,842,0.820082521
geneo,843,0.820082521
geneo,844,0.820082521
geneo,845,0.820082521
geneo,846,0.775830417
geneo,847,0.653724248
geneo,848,0.651094783
geneo,849,0.711470882
geneo,850,0.724178951
geneo,851,0.735401405
geneo,852,0.809854145
geneo,853,0.856694208
geneo,854,0.963388354
geneo,855,0.982908888
geneo,856,1.000000000
geneo,857,0.992346771
geneo,858,0.907646940
geneo,859,0.659111068
geneo,860,0.257165620
geneo,861,0.018305826
geneo,866,0.000000013
geneo,867,0.018305900
geneo,868,0.187242288
geneo,869,0.459562529
geneo,870,0.789344466
geneo,871,0.965291072
geneo,872,1.000000000
geneo,873,1.000000000
geneo,874,1.000000000
geneo,875,1.000000000
geneo,876,0.963700442
geneo,877,0.858469886
geneo,878,0.823383146
geneo,879,0.820082525
geneo,880,0.820082521
geneo,881,0.820082521
geneo,882,0.820082521
geneo,883,0.820082521
geneo,884,0.820082521
geneo,885,0.820082521
geneo,886,0.820082521
geneo,887,0.820082521
geneo,888,0.820082521
geneo,889,0.820082521
geneo,890,0.820082521
geneo,891,0.820082521
geneo,892,0.820082521
geneo,893,0.820082521
geneo,894,0.812733581
geneo,895,0.773304265
geneo,896,0.787717337
geneo,897,0.804362373
geneo,898,0.818677087
geneo,899,0.840746468
geneo,900,0.870438308
geneo,901,0.965746474
geneo,902,1.000000000
geneo,903,1.000000000
geneo,904,0.981694921
geneo,905,0.793791501
geneo,906,0.472905698
geneo,907,0.194258592
geneo,908,0.018305826
geneo,913,0.018305826
geneo,914,0.132639372
geneo,915,0.272898032
geneo,916,0.643349518
geneo,917,0.900630623
geneo,918,0.991585400
geneo,919,1.000000000
geneo,920,1.000000000
geneo,921,1.000000000
geneo,922,0.987910291
geneo,923,0.963395780
geneo,924,0.856737481
geneo,925,0.820394616
geneo,926,0.820082526
geneo,927,0.820082573
geneo,928,0.820084972
geneo,929,0.820083167
geneo,930,0.820082576
geneo,931,0.820082558
geneo,932,0.820082529
geneo,933,0.820082523
geneo,934,0.820082522
geneo,935,0.820082522
geneo,936,0.820082522
geneo,937,0.820082522
geneo,938,0.820082522
geneo,939,0.820082522
geneo,940,0.820082522
geneo,941,0.820082522
geneo,942,0.820082620
geneo,943,0.820107365
geneo,944,0.827676522
geneo,945,0.839003126
geneo,946,0.860277356
geneo,947,0.964003124
geneo,948,0.984052294
geneo,949,1.000000000
geneo,950,1.000000000
geneo,951,0.963408510
geneo,952,0.731698529
geneo,953,0.278971489
geneo,954,0.080403153
geneo,955,0.010652597
geneo,960,0.170930126
geneo,961,0.275945124
geneo,962,0.651219278
geneo,963,0.846027719
geneo,964,0.967980344
geneo,965,1.000000000
geneo,966,1.000000000
geneo,967,1.000000000
geneo,968,1.000000000
geneo,969,0.987910291
geneo,970,0.911230188
geneo,971,0.862910306
geneo,972,0.838395782
geneo,973,0.838388355
geneo,974,0.838388425
geneo,975,0.838391106
geneo,976,0.838403330
geneo,977,0.838394617
geneo,978,0.838389346
geneo,979,0.823481218
geneo,980,0.826664077
geneo,981,0.821186393
geneo,982,0.820301812
geneo,983,0.820311712
geneo,984,0.821108904
geneo,985,0.826774736
geneo,986,0.825741760
geneo,987,0.825999079
geneo,988,0.826368200
geneo,989,0.838388449
geneo,990,0.838413767
geneo,991,0.846127245
geneo,992,0.900980096
geneo,993,0.970982348
geneo,994,0.982308951
geneo,995,1.000000000
geneo,996,1.000000000
geneo,997,0.971058300
geneo,998,0.838408526
geneo,999,0.606811692
geneo,1000,0.250020910
geneo,1001,0.018310181
geneo,1002,0.000000747
geneo,1008,0.829069874
geneo,1009,0.856694174
geneo,1010,0.971027646
geneo,1011,1.000000000
geneo,1012,1.000000000
geneo,1013,1.000000000
geneo,1014,1.000000000
geneo,1015,1.000000000
geneo,1016,1.000000000
geneo,1017,1.000000000
geneo,1018,0.987910291
geneo,1019,0.981694176
geneo,1020,0.981694174
geneo,1021,0.981694174
geneo,1022,0.981694178
geneo,1023,0.981694226
geneo,1024,0.981696625
geneo,1025,0.981694820
geneo,1026,0.966786822
geneo,1027,0.883083126
geneo,1028,0.881250262
geneo,1029,0.851622857
geneo,1030,0.840999496
geneo,1031,0.840969833
geneo,1032,0.851291943
geneo,1033,0.884079050
geneo,1034,0.883981576
geneo,1035,0.884817483
geneo,1036,0.899246343
geneo,1037,0.969674025
geneo,1038,0.981694273
geneo,1039,0.981719017
geneo,1040,0.989288174
geneo,1041,1.000000000
geneo,1042,1.000000000
geneo,1043,0.963456336
geneo,1044,0.846058303
geneo,1045,0.651397933
geneo,1046,0.275975823
geneo,1047,0.125020178
geneo,1048,0.018305826
geneo,1056,1.000000000
geneo,1057,1.000000000
geneo,1058,1.000000000
geneo,1059,1.000000000
geneo,1060,1.000000000
geneo,1061,1.000000000
geneo,1062,1.000000000
geneo,1063,1.000000000
geneo,1064,1.000000000
geneo,1065,1.000000000
geneo,1066,1.000000000
geneo,1067,1.000000000
geneo,1068,1.000000000
geneo,1069,1.000000000
geneo,1070,1.000000000
geneo,1071,1.000000000
geneo,1072,1.000000000
geneo,1073,1.000000000
geneo,1074,1.000000000
geneo,1075,0.985092594
geneo,1076,0.988275646
geneo,1077,0.982798031
geneo,1078,0.981913461
geneo,1079,0.981923364
geneo,1080,0.982720556
geneo,1081,0.988386388
geneo,1082,0.987353412
geneo,1083,0.987610731
geneo,1084,0.987979851
geneo,1085,1.000000000
geneo,1086,1.000000000
geneo,1087,1.000000000
geneo,1088,0.972804971
geneo,1089,0.885312222
geneo,1090,0.825060590
geneo,1091,0.607090440
geneo,1092,0.268373832
geneo,1093,0.132669958
geneo,1094,0.018305842
geneo,1095,0.000000003
geneo,1104,1.000000000
geneo,1105,1.000000000
geneo,1106,1.000000000
geneo,1107,1.000000000
geneo,1108,1.000000000
geneo,1109,1.000000000
geneo,1110,1.000000000
geneo,1111,1.000000000
geneo,1112,1.000000000
geneo,1113,1.000000000
geneo,1114,1.000000000
geneo,1115,1.000000000
geneo,1116,1.000000000
geneo,1117,1.000000000
geneo,1118,1.000000000
geneo,1119,1.000000000
geneo,1120,1.000000000
geneo,1121,1.000000000
geneo,1122,1.000000000
geneo,1123,1.000000000
geneo,1124,1.000000000
geneo,1125,1.000000000
geneo,1126,1.000000000
geneo,1127,1.000000000
geneo,1128,1.000000000
geneo,1129,1.000000000
geneo,1130,1.000000000
geneo,1131,1.000000000
geneo,1132,1.000000000
geneo,1133,1.000000000
geneo,1134,1.000000000
geneo,1135,0.983540702
geneo,1136,0.789107193
geneo,1137,0.427804751
geneo,1138,0.226899266
geneo,1139,0.149176678
geneo,1140,0.021834550
geneo,1141,0.000000001
geneo,1152,1.000000000
geneo,1153,1.000000000
geneo,1154,1.000000000
geneo,1155,1.000000000
geneo,1156,1.000000000
geneo,1157,1.000000000
geneo,1158,1.000000000
geneo,1159,1.000000000
geneo,1160,1.000000000
geneo,1161,1.000000000
geneo,1162,1.000000000
geneo,1163,1.000000000
geneo,1164,1.000000000
geneo,1165,1.000000000
geneo,1166,1.000000000
geneo,1167,1.000000000
geneo,1168,1.000000000
geneo,1169,1.000000000
geneo,1170,1.000000000
geneo,1171,1.000000000
geneo,1172,1.000000000
geneo,1173,1.000000000
geneo,1174,1.000000000
geneo,1175,1.000000000
geneo,1176,1.000000000
geneo,1177,1.000000000
geneo,1178,1.000000000
geneo,1179,1.000000000
geneo,1180,1.000000000
geneo,1181,1.000000000
geneo,1182,0.990082701
geneo,1183,0.843463758
geneo,1184,0.503708299
geneo,1185,0.253107358
geneo,1186,0.148293627
geneo,1187,0.037007911
geneo,1188,0.000067988
geneo,1200,1.000000000
geneo,1201,1.000000000
geneo,1202,1.000000000
geneo,1203,1.000000000
geneo,1204,1.000000000
geneo,1205,1.000000000
geneo,1206,1.000000000
geneo,1207,1.000000000
geneo,1208,1.000000000
geneo,1209,1.000000000
geneo,1210,1.000000000
geneo,1211,1.000000000
geneo,1212,1.000000000
geneo,1213,1.000000000
geneo,1214,1.000000000
geneo,1215,1.000000000
geneo,1216,0.987828317
geneo,1217,0.984485792
geneo,1218,0.971851228
geneo,1219,0.900910966
geneo,1220,0.899357609
geneo,1221,0.874247870
geneo,1222,0.865244387
geneo,1223,0.865219247
geneo,1224,0.873967414
geneo,1225,0.901755056
geneo,1226,0.901672449
geneo,1227,0.902380912
geneo,1228,0.914609646
geneo,1229,0.974298235
geneo,1230,0.984485605
geneo,1231,0.967613513
geneo,1232,0.899319205
geneo,1233,0.839991389
geneo,1234,0.651536064
geneo,1235,0.349863584
geneo,1236,0.147697089
geneo,1237,0.068916084
geneo,1238,0.006500399
geneo,1248,0.838388348
geneo,1249,0.853991530
geneo,1250,0.916287455
geneo,1251,0.990960136
geneo,1252,1.000000000
geneo,1253,1.000000000
geneo,1254,1.000000000
geneo,1255,1.000000000
geneo,1256,0.985426278
geneo,1257,0.974239197
geneo,1258,0.909251159
geneo,1259,0.868299597
geneo,1260,0.863031397
geneo,1261,0.863031400
geneo,1262,0.863031459
geneo,1263,0.850862048
geneo,1264,0.776588116
geneo,1265,0.744927097
geneo,1266,0.667940468
geneo,1267,0.462749003
geneo,1268,0.409223022
geneo,1269,0.339403531
geneo,1270,0.299286192
geneo,1271,0.299001315
geneo,1272,0.338851351
geneo,1273,0.421649070
geneo,1274,0.435599883
geneo,1275,0.436133937
geneo,1276,0.502250916
geneo,1277,0.682201726
geneo,1278,0.744827644
geneo,1279,0.780978610
geneo,1280,0.895122504
geneo,1281,0.973919483
geneo,1282,0.955018023
geneo,1283,0.858074621
geneo,1284,0.711782550
geneo,1285,0.466401347
geneo,1286,0.178439039
geneo,1287,0.031128593
geneo,1288,0.000017088
geneo,1296,0.161611652
geneo,1297,0.205739164
geneo,1298,0.477600132
geneo,1299,0.783210704
geneo,1300,0.901229222
geneo,1301,0.978861155
geneo,1302,1.000000000
geneo,1303,0.985426278
geneo,1304,0.899543628
geneo,1305,0.804265000
geneo,1306,0.593446745
geneo,1307,0.426102923
geneo,1308,0.305002927
geneo,1309,0.289458035
geneo,1310,0.289452031
geneo,1311,0.289464607
geneo,1312,0.277319793
geneo,1313,0.273959447
geneo,1314,0.261307113
geneo,1315,0.190363528
geneo,1316,0.188809621
geneo,1317,0.163699636
geneo,1318,0.154696106
geneo,1319,0.154670959
geneo,1320,0.163419124
geneo,1321,0.191206766
geneo,1322,0.191124159
geneo,1323,0.191832622
geneo,1324,0.204061358
geneo,1325,0.263750438
geneo,1326,0.274061498
geneo,1327,0.315046130
geneo,1328,0.491048132
geneo,1329,0.690680912
geneo,1330,0.775175528
geneo,1331,0.901939939
geneo,1332,0.954933074
geneo,1333,0.894853001
geneo,1334,0.678537744
geneo,1335,0.352712862
geneo,1336,0.137068229
geneo,1337,0.015515130
geneo,1345,0.006474633
geneo,1346,0.068770569
geneo,1347,0.181641130
geneo,1348,0.422896140
geneo,1349,0.732693680
geneo,1350,0.959454814
geneo,1351,1.000000000
geneo,1352,0.959720898
geneo,1353,0.859600764
geneo,1354,0.772311852
geneo,1355,0.640942579
geneo,1356,0.349216151
geneo,1357,0.169539255
geneo,1358,0.152741378
geneo,1359,0.152485441
geneo,1360,0.152495801
geneo,1361,0.152488417
geneo,1362,0.152483949
geneo,1363,0.152483338
geneo,1364,0.152483174
geneo,1365,0.152483116
geneo,1366,0.152483105
geneo,1367,0.152483104
geneo,1368,0.152483103
geneo,1369,0.152483103
geneo,1370,0.152483103
geneo,1371,0.152483103
geneo,1372,0.152483104
geneo,1373,0.152483189
geneo,1374,0.152504646
geneo,1375,0.159041956
geneo,1376,0.205530711
geneo,1377,0.267895596
geneo,1378,0.374968452
geneo,1379,0.647271471
geneo,1380,0.776189523
geneo,1381,0.899586037
geneo,1382,0.950515644
geneo,1383,0.863131017
geneo,1384,0.635655548
geneo,1385,0.239836858
geneo,1386,0.024568449
geneo,1387,0.000004310
geneo,1395,0.003891855
geneo,1396,0.062095326
geneo,1397,0.286143570
geneo,1398,0.645633263
geneo,1399,0.862226683
geneo,1400,0.902340217
geneo,1401,0.899635436
geneo,1402,0.856173764
geneo,1403,0.832025427
geneo,1404,0.652693818
geneo,1405,0.355908095
geneo,1406,0.184301684
geneo,1407,0.155022249
geneo,1408,0.152483106
geneo,1409,0.152483103
geneo,1410,0.152483103
geneo,1411,0.152483103
geneo,1412,0.152483103
geneo,1413,0.152483103
geneo,1414,0.152483103
geneo,1415,0.152483103
geneo,1416,0.152483103
geneo,1417,0.152483103
geneo,1418,0.152483103
geneo,1419,0.152483103
geneo,1420,0.152483103
geneo,1421,0.152483103
geneo,1422,0.152483103
geneo,1423,0.146254749
geneo,1424,0.149139225
geneo,1425,0.151291972
geneo,1426,0.171034426
geneo,1427,0.270592174
geneo,1428,0.399576374
geneo,1429,0.671790922
geneo,1430,0.881143406
geneo,1431,0.972288010
geneo,1432,0.965891645
geneo,1433,0.732683251
geneo,1434,0.314111872
geneo,1435,0.075478233
geneo,1436,0.006072977
geneo,1444,0.000000001
geneo,1445,0.023897498
geneo,1446,0.146367460
geneo,1447,0.377044763
geneo,1448,0.673348501
geneo,1449,0.884184756
geneo,1450,0.865615354
geneo,1451,0.849335764
geneo,1452,0.832260718
geneo,1453,0.667456248
geneo,1454,0.399593707
geneo,1455,0.218293493
geneo,1456,0.158573969
geneo,1457,0.152483207
geneo,1458,0.152483104
geneo,1459,0.152483103
geneo,1460,0.152483103
geneo,1461,0.152483103
geneo,1462,0.152483103
geneo,1463,0.152483103
geneo,1464,0.152483103
geneo,1465,0.152483103
geneo,1466,0.152483103
geneo,1467,0.152483103
geneo,1468,0.152483103
geneo,1469,0.152483103
geneo,1470,0.146254749
geneo,1471,0.111634802
geneo,1472,0.119466692
geneo,1473,0.134451762
geneo,1474,0.141175685
geneo,1475,0.143814380
geneo,1476,0.179646050
geneo,1477,0.350846470
geneo,1478,0.639984204
geneo,1479,0.779827523
geneo,1480,0.954696590
geneo,1481,0.981410425
geneo,1482,0.801541021
geneo,1483,0.470554434
geneo,1484,0.175095709
geneo,1485,0.015514497
geneo,1494,0.001612588
geneo,1495,0.055944175
geneo,1496,0.319436984
geneo,1497,0.643156266
geneo,1498,0.833820631
geneo,1499,0.847517031
geneo,1500,0.847516901
geneo,1501,0.834541530
geneo,1502,0.701447919
geneo,1503,0.473391909
geneo,1504,0.293938563
geneo,1505,0.168099992
geneo,1506,0.152501262
geneo,1507,0.152483310
geneo,1508,0.152483127
geneo,1509,0.152483105
geneo,1510,0.152483103
geneo,1511,0.152483103
geneo,1512,0.152483103
geneo,1513,0.152483103
geneo,1514,0.152483103
geneo,1515,0.152483103
geneo,1516,0.152483103
geneo,1517,0.152483103
geneo,1518,0.151280188
geneo,1519,0.133657308
geneo,1520,0.109390834
geneo,1521,0.101034296
geneo,1522,0.071055860
geneo,1523,0.077628765
geneo,1524,0.141815832
geneo,1525,0.164907132
geneo,1526,0.252216051
geneo,1527,0.368250139
geneo,1528,0.688202098
geneo,1529,0.953460086
geneo,1530,0.990558481
geneo,1531,0.901158497
geneo,1532,0.657629149
geneo,1533,0.245639401
geneo,1534,0.015514497
geneo,1543,0.000000314
geneo,1544,0.031063238
geneo,1545,0.227582945
geneo,1546,0.605457140
geneo,1547,0.746257891
geneo,1548,0.832805464
geneo,1549,0.847516897
geneo,1550,0.838092656
geneo,1551,0.777074001
geneo,1552,0.641830196
geneo,1553,0.350279034
geneo,1554,0.174677459
geneo,1555,0.153709102
geneo,1556,0.152511099
geneo,1557,0.152485094
geneo,1558,0.152483117
geneo,1559,0.152483103
geneo,1560,0.152483103
geneo,1561,0.152483103
geneo,1562,0.152483103
geneo,1563,0.152483103
geneo,1564,0.152483103
geneo,1565,0.152483103
geneo,1566,0.152483103
geneo,1567,0.150002478
geneo,1568,0.132336116
geneo,1569,0.087237394
geneo,1570,0.070030031
geneo,1571,0.113704807
geneo,1572,0.146224085
geneo,1573,0.110583112
geneo,1574,0.055022431
geneo,1575,0.070002931
geneo,1576,0.320511077
geneo,1577,0.659970086
geneo,1578,0.913767152
geneo,1579,0.993189809
geneo,1580,0.971702189
geneo,1581,0.741577285
geneo,1582,0.258422715
geneo,1583,0.018305837
geneo,1593,0.015559894
geneo,1594,0.141724890
geneo,1595,0.361461711
geneo,1596,0.640436410
geneo,1597,0.733350834
geneo,1598,0.780161391
geneo,1599,0.838602124
geneo,1600,0.832019844
geneo,1601,0.657813199
geneo,1602,0.371952221
geneo,1603,0.194303880
geneo,1604,0.156775795
geneo,1605,0.152643027
geneo,1606,0.152483645
geneo,1607,0.152483103
geneo,1608,0.152483103
geneo,1609,0.152483103
geneo,1610,0.152483103
geneo,1611,0.152483103
geneo,1612,0.152483103
geneo,1613,0.152483103
geneo,1614,0.152483103
geneo,1615,0.152483103
geneo,1616,0.143533308
geneo,1617,0.097016610
geneo,1618,0.113488239
geneo,1619,0.145677896
geneo,1620,0.130643856
geneo,1621,0.060708266
geneo,1622,0.052435916
geneo,1623,0.055451535
geneo,1624,0.051613329
geneo,1625,0.196349341
geneo,1626,0.517843366
geneo,1627,0.823543786
geneo,1628,0.981172738
geneo,1629,0.984485503
geneo,1630,0.741577294
geneo,1631,0.304917543
geneo,1642,0.014889629
geneo,1643,0.133250966
geneo,1644,0.258473295
geneo,1645,0.314469971
geneo,1646,0.485139080
geneo,1647,0.716897755
geneo,1648,0.836682533
geneo,1649,0.833127787
geneo,1650,0.677024789
geneo,1651,0.410759339
geneo,1652,0.201220690
geneo,1653,0.155295139
geneo,1654,0.152486733
geneo,1655,0.152483104
geneo,1656,0.152483103
geneo,1657,0.152483103
geneo,1658,0.152483103
geneo,1659,0.152483103
geneo,1660,0.152483103
geneo,1661,0.152483103
geneo,1662,0.152483103
geneo,1663,0.152483103
geneo,1664,0.152483103
geneo,1665,0.144811019
geneo,1666,0.148846405
geneo,1667,0.136271977
geneo,1668,0.075041007
geneo,1669,0.051070363
geneo,1670,0.054755786
geneo,1671,0.062199805
geneo,1672,0.069167442
geneo,1673,0.058368685
geneo,1674,0.121686375
geneo,1675,0.357624310
geneo,1676,0.739968437
geneo,1677,0.965624617
geneo,1678,0.984485503
geneo,1679,0.856694185
geneo,1690,0.000000000
geneo,1691,0.029588083
geneo,1692,0.137086742
geneo,1693,0.159783189
geneo,1694,0.238580739
geneo,1695,0.480085276
geneo,1696,0.773535219
geneo,1697,0.847516897
geneo,1698,0.835313175
geneo,1699,0.668370572
geneo,1700,0.307966746
geneo,1701,0.165943337
geneo,1702,0.152489794
geneo,1703,0.152483105
geneo,1704,0.152483103
geneo,1705,0.152483103
geneo,1706,0.152483103
geneo,1707,0.152483103
geneo,1708,0.152483103
geneo,1709,0.152483103
geneo,1710,0.152483103
geneo,1711,0.152483103
geneo,1712,0.152483103
geneo,1713,0.152483103
geneo,1714,0.145948067
geneo,1715,0.097484781
geneo,1716,0.057036276
geneo,1717,0.064512087
geneo,1718,0.057431814
geneo,1719,0.050862634
geneo,1720,0.062974360
geneo,1721,0.100960268
geneo,1722,0.079410145
geneo,1723,0.052608976
geneo,1724,0.270118179
geneo,1725,0.759262845
geneo,1726,0.984485508
geneo,1727,1.000000000
geneo,1738,0.000000000
geneo,1739,0.029588121
geneo,1740,0.137086742
geneo,1741,0.159783159
geneo,1742,0.238580526
geneo,1743,0.480085122
geneo,1744,0.773535167
geneo,1745,0.847516897
geneo,1746,0.835313178
geneo,1747,0.668370592
geneo,1748,0.307966757
geneo,1749,0.165943341
geneo,1750,0.152489794
geneo,1751,0.152483105
geneo,1752,0.152483103
geneo,1753,0.152483103
geneo,1754,0.152483103
geneo,1755,0.152483103
geneo,1756,0.152483103
geneo,1757,0.152483103
geneo,1758,0.152483103
geneo,1759,0.152483103
geneo,1760,0.152483103
geneo,1761,0.152483103
geneo,1762,0.145948068
geneo,1763,0.097484786
geneo,1764,0.057036265
geneo,1765,0.064512092
geneo,1766,0.057431851
geneo,1767,0.050862644
geneo,1768,0.062973975
geneo,1769,0.100959357
geneo,1770,0.079410068
geneo,1771,0.052609064
geneo,1772,0.270118132
geneo,1773,0.759262846
geneo,1774,0.984485508
geneo,1775,1.000000000
geneo,1786,0.014889666
geneo,1787,0.133251178
geneo,1788,0.258473330
geneo,1789,0.314469805
geneo,1790,0.485138587
geneo,1791,0.716897532
geneo,1792,0.836682522
geneo,1793,0.833127788
geneo,1794,0.677024811
geneo,1795,0.410759390
geneo,1796,0.201220712
geneo,1797,0.155295140
geneo,1798,0.152486733
geneo,1799,0.152483104
geneo,1800,0.152483103
geneo,1801,0.152483103
geneo,1802,0.152483103
geneo,1803,0.152483103
geneo,1804,0.152483103
geneo,1805,0.152483103
geneo,1806,0.152483103
geneo,1807,0.152483103
geneo,1808,0.152483103
geneo,1809,0.144811015
geneo,1810,0.148846404
geneo,1811,0.136271975
geneo,1812,0.075040991
geneo,1813,0.051070370
geneo,1814,0.054755849
geneo,1815,0.062199817
geneo,1816,0.069166751
geneo,1817,0.058366759
geneo,1818,0.121685243
geneo,1819,0.357624161
geneo,1820,0.739968143
geneo,1821,0.965624566
geneo,1822,0.984485503
geneo,1823,0.856694185
geneo,1833,0.015559894
geneo,1834,0.141724884
geneo,1835,0.361461730
geneo,1836,0.640436404
geneo,1837,0.733350804
geneo,1838,0.780161231
geneo,1839,0.838602096
geneo,1840,0.832019844
geneo,1841,0.657813205
geneo,1842,0.371952241
geneo,1843,0.194303903
geneo,1844,0.156775799
geneo,1845,0.152643027
geneo,1846,0.152483645
geneo,1847,0.152483103
geneo,1848,0.152483103
geneo,1849,0.152483103
geneo,1850,0.152483103
geneo,1851,0.152483103
geneo,1852,0.152483103
geneo,1853,0.152483103
geneo,1854,0.152483103
geneo,1855,0.152483103
geneo,1856,0.143533307
geneo,1857,0.097016592
geneo,1858,0.113488229
geneo,1859,0.145677897
geneo,1860,0.130643865
geneo,1861,0.060708286
geneo,1862,0.052435965
geneo,1863,0.055451517
geneo,1864,0.051613173
geneo,1865,0.196348134
geneo,1866,0.517841237
geneo,1867,0.823543106
geneo,1868,0.981172688
geneo,1869,0.984485503
geneo,1870,0.741577294
geneo,1871,0.304917543
geneo,1879,0.000000314
geneo,1880,0.031063238
geneo,1881,0.227582946
geneo,1882,0.605457140
geneo,1883,0.746257885
geneo,1884,0.832805463
geneo,1885,0.847516897
geneo,1886,0.838092643
geneo,1887,0.777073924
geneo,1888,0.641830183
geneo,1889,0.350279035
geneo,1890,0.174677465
geneo,1891,0.153709103
geneo,1892,0.152511099
geneo,1893,0.152485094
geneo,1894,0.152483117
geneo,1895,0.152483103
geneo,1896,0.152483103
geneo,1897,0.152483103
geneo,1898,0.152483103
geneo,1899,0.152483103
geneo,1900,0.152483103
geneo,1901,0.152483103
geneo,1902,0.152483103
geneo,1903,0.150002477
geneo,1904,0.132336127
geneo,1905,0.087237395
geneo,1906,0.070030023
geneo,1907,0.113704807
geneo,1908,0.146224090
geneo,1909,0.110583131
geneo,1910,0.055022433
geneo,1911,0.070002878
geneo,1912,0.320511066
geneo,1913,0.659969969
geneo,1914,0.913766472
geneo,1915,0.993189692
geneo,1916,0.971702188
geneo,1917,0.741577285
geneo,1918,0.258422715
geneo,1919,0.018305837
geneo,1926,0.001612591
geneo,1927,0.055944192
geneo,1928,0.319436987
geneo,1929,0.643156196
geneo,1930,0.833820593
geneo,1931,0.847517031
geneo,1932,0.847516901
geneo,1933,0.834541526
geneo,1934,0.701447821
geneo,1935,0.473391675
geneo,1936,0.293938487
geneo,1937,0.168099992
geneo,1938,0.152501262
geneo,1939,0.152483310
geneo,1940,0.152483127
geneo,1941,0.152483105
geneo,1942,0.152483103
geneo,1943,0.152483103
geneo,1944,0.152483103
geneo,1945,0.152483103
geneo,1946,0.152483103
geneo,1947,0.152483103
geneo,1948,0.152483103
geneo,1949,0.152483103
geneo,1950,0.151280185
geneo,1951,0.133657298
geneo,1952,0.109390843
geneo,1953,0.101034312
geneo,1954,0.071055871
geneo,1955,0.077628779
geneo,1956,0.141815834
geneo,1957,0.164907135
geneo,1958,0.252216025
geneo,1959,0.368250054
geneo,1960,0.688202071
geneo,1961,0.953460086
geneo,1962,0.990558487
geneo,1963,0.901158536
geneo,1964,0.657629151
geneo,1965,0.245639400
geneo,1966,0.015514497
geneo,1972,0.000000001
geneo,1973,0.023897482
geneo,1974,0.146367476
geneo,1975,0.377044812
geneo,1976,0.673348333
geneo,1977,0.884184223
geneo,1978,0.865615060
geneo,1979,0.849335726
geneo,1980,0.832260718
geneo,1981,0.667456227
geneo,1982,0.399593630
geneo,1983,0.218293395
geneo,1984,0.158573956
geneo,1985,0.152483207
geneo,1986,0.152483104
geneo,1987,0.152483103
geneo,1988,0.152483103
geneo,1989,0.152483103
geneo,1990,0.152483103
geneo,1991,0.152483103
geneo,1992,0.152483103
geneo,1993,0.152483103
geneo,1994,0.152483103
geneo,1995,0.152483103
geneo,1996,0.152483103
geneo,1997,0.152483103
geneo,1998,0.146254752
geneo,1999,0.111634822
geneo,2000,0.119466726
geneo,2001,0.134451805
geneo,2002,0.141175693
geneo,2003,0.143814376
geneo,2004,0.179646014
geneo,2005,0.350846464
geneo,2006,0.639984171
geneo,2007,0.779827488
geneo,2008,0.954696584
geneo,2009,0.981410362
geneo,2010,0.801541116
geneo,2011,0.470554555
geneo,2012,0.175095748
geneo,2013,0.015514497
geneo,2019,0.003891795
geneo,2020,0.062094959
geneo,2021,0.286143333
geneo,2022,0.645633250
geneo,2023,0.862226585
geneo,2024,0.902339463
geneo,2025,0.899634736
geneo,2026,0.856173637
geneo,2027,0.832025427
geneo,2028,0.652693819
geneo,2029,0.355908093
geneo,2030,0.184301663
geneo,2031,0.155022245
geneo,2032,0.152483106
geneo,2033,0.152483103
geneo,2034,0.152483103
geneo,2035,0.152483103
geneo,2036,0.152483103
geneo,2037,0.152483103
geneo,2038,0.152483103
geneo,2039,0.152483103
geneo,2040,0.152483103
geneo,2041,0.152483103
geneo,2042,0.152483103
geneo,2043,0.152483103
geneo,2044,0.152483103
geneo,2045,0.152483103
geneo,2046,0.152483103
geneo,2047,0.146254752
geneo,2048,0.149139229
geneo,2049,0.151291975
geneo,2050,0.171034407
geneo,2051,0.270592135
geneo,2052,0.399576263
geneo,2053,0.671790820
geneo,2054,0.881143251
geneo,2055,0.972287982
geneo,2056,0.965891582
geneo,2057,0.732682941
geneo,2058,0.314112136
geneo,2059,0.075478328
geneo,2060,0.006072984
geneo,2065,0.006474434
geneo,2066,0.068769408
geneo,2067,0.181640579
geneo,2068,0.422895001
geneo,2069,0.732692821
geneo,2070,0.959454730
geneo,2071,1.000000000
geneo,2072,0.959720782
geneo,2073,0.859600749
geneo,2074,0.772312280
geneo,2075,0.640942653
geneo,2076,0.349216151
geneo,2077,0.169539256
geneo,2078,0.152741378
geneo,2079,0.152485441
geneo,2080,0.152495801
geneo,2081,0.152488417
geneo,2082,0.152483949
geneo,2083,0.152483338
geneo,2084,0.152483174
geneo,2085,0.152483116
geneo,2086,0.152483105
geneo,2087,0.152483104
geneo,2088,0.152483103
geneo,2089,0.152483103
geneo,2090,0.152483103
geneo,2091,0.152483103
geneo,2092,0.152483104
geneo,2093,0.152483189
geneo,2094,0.152504646
geneo,2095,0.159041949
geneo,2096,0.205530669
geneo,2097,0.267895570
geneo,2098,0.374968363
geneo,2099,0.647271385
geneo,2100,0.776189429
geneo,2101,0.899585797
geneo,2102,0.950515565
geneo,2103,0.863131017
geneo,2104,0.635655548
geneo,2105,0.239836795
geneo,2106,0.024568504
geneo,2107,0.000004309
geneo,2112,0.161611652
geneo,2113,0.205738004
geneo,2114,0.477596651
geneo,2115,0.783209483
geneo,2116,0.901228871
geneo,2117,0.978861010
geneo,2118,1.000000000
geneo,2119,0.985426277
geneo,2120,0.899543621
geneo,2121,0.804265426
geneo,2122,0.593448029
geneo,2123,0.426103351
geneo,2124,0.305002927
geneo,2125,0.289458035
geneo,2126,0.289452031
geneo,2127,0.289464607
geneo,2128,0.277319771
geneo,2129,0.273959447
geneo,2130,0.261307109
geneo,2131,0.190363504
geneo,2132,0.188809597
geneo,2133,0.163699630
geneo,2134,0.154696105
geneo,2135,0.154670958
geneo,2136,0.163419119
geneo,2137,0.191206746
geneo,2138,0.191124135
geneo,2139,0.191832581
geneo,2140,0.204061286
geneo,2141,0.263750427
geneo,2142,0.274061498
geneo,2143,0.315046005
geneo,2144,0.491047920
geneo,2145,0.690680831
geneo,2146,0.775175248
geneo,2147,0.901939566
geneo,2148,0.954933023
geneo,2149,0.894853036
geneo,2150,0.678537689
geneo,2151,0.352712850
geneo,2152,0.137068229
geneo,2153,0.015515130
geneo,2160,0.838388348
geneo,2161,0.853991331
geneo,2162,0.916286294
geneo,2163,0.990959937
geneo,2164,1.000000000
geneo,2165,1.000000000
geneo,2166,1.000000000
geneo,2167,1.000000000
geneo,2168,0.985426277
geneo,2169,0.974239270
geneo,2170,0.909251587
geneo,2171,0.868299671
geneo,2172,0.863031397
geneo,2173,0.863031400
geneo,2174,0.863031459
geneo,2175,0.850862027
geneo,2176,0.776587991
geneo,2177,0.744927075
geneo,2178,0.667940448
geneo,2179,0.462748923
geneo,2180,0.409222938
geneo,2181,0.339403502
geneo,2182,0.299286187
geneo,2183,0.299001311
geneo,2184,0.338851327
geneo,2185,0.421649001
geneo,2186,0.435599789
geneo,2187,0.436133772
geneo,2188,0.502250687
geneo,2189,0.682201658
geneo,2190,0.744827560
geneo,2191,0.780978030
geneo,2192,0.895121883
geneo,2193,0.973919390
geneo,2194,0.955017988
geneo,2195,0.858074560
geneo,2196,0.711782610
geneo,2197,0.466401603
geneo,2198,0.178439114
geneo,2199,0.031128593
geneo,2200,0.000017088
geneo,2208,1.000000000
geneo,2209,1.000000000
geneo,2210,1.000000000
geneo,2211,1.000000000
geneo,2212,1.000000000
geneo,2213,1.000000000
geneo,2214,1.000000000
geneo,2215,1.000000000
geneo,2216,1.000000000
geneo,2217,1.000000000
geneo,2218,1.000000000
geneo,2219,1.000000000
geneo,2220,1.000000000
geneo,2221,1.000000000
geneo,2222,1.000000000
geneo,2223,1.000000000
geneo,2224,0.987828295
geneo,2225,0.984485792
geneo,2226,0.971851224
geneo,2227,0.900910943
geneo,2228,0.899357584
geneo,2229,0.874247863
geneo,2230,0.865244386
geneo,2231,0.865219246
geneo,2232,0.873967409
geneo,2233,0.901755036
geneo,2234,0.901672425
geneo,2235,0.902380871
geneo,2236,0.914609574
geneo,2237,0.974298224
geneo,2238,0.984485605
geneo,2239,0.967613432
geneo,2240,0.899319158
geneo,2241,0.839991400
geneo,2242,0.651536065
geneo,2243,0.349863588
geneo,2244,0.147697101
geneo,2245,0.068916171
geneo,2246,0.006500414
geneo,2256,1.000000000
geneo,2257,1.000000000
geneo,2258,1.000000000
geneo,2259,1.000000000
geneo,2260,1.000000000
geneo,2261,1.000000000
geneo,2262,1.000000000
geneo,2263,1.000000000
geneo,2264,1.000000000
geneo,2265,1.000000000
geneo,2266,1.000000000
geneo,2267,1.000000000
geneo,2268,1.000000000
geneo,2269,1.000000000
geneo,2270,1.000000000
geneo,2271,1.000000000
geneo,2272,1.000000000
geneo,2273,1.000000000
geneo,2274,1.000000000
geneo,2275,1.000000000
geneo,2276,1.000000000
geneo,2277,1.000000000
geneo,2278,1.000000000
geneo,2279,1.000000000
geneo,2280,1.000000000
geneo,2281,1.000000000
geneo,2282,1.000000000
geneo,2283,1.000000000
geneo,2284,1.000000000
geneo,2285,1.000000000
geneo,2286,0.990082698
geneo,2287,0.843463781
geneo,2288,0.503708433
geneo,2289,0.253107434
geneo,2290,0.148293632
geneo,2291,0.037007912
geneo,2292,0.000067989
geneo,2304,1.000000000
geneo,2305,1.000000000
geneo,2306,1.000000000
geneo,2307,1.000000000
geneo,2308,1.000000000
geneo,2309,1.000000000
geneo,2310,1.000000000
geneo,2311,1.000000000
geneo,2312,1.000000000
geneo,2313,1.000000000
geneo,2314,1.000000000
geneo,2315,1.000000000
geneo,2316,1.000000000
geneo,2317,1.000000000
geneo,2318,1.000000000
geneo,2319,1.000000000
geneo,2320,1.000000000
geneo,2321,1.000000000
geneo,2322,1.000000000
geneo,2323,1.000000000
geneo,2324,1.000000000
geneo,2325,1.000000000
geneo,2326,1.000000000
geneo,2327,1.000000000
geneo,2328,1.000000000
geneo,2329,0.983657010
geneo,2330,0.981694259
geneo,2331,0.969334017
geneo,2332,0.898455694
geneo,2333,0.886094479
geneo,2334,0.789641821
geneo,2335,0.544825134
geneo,2336,0.255075743
geneo,2337,0.147822107
geneo,2338,0.036668357
geneo,2339,0.000077716
geneo,2352,0.985396528
geneo,2353,1.000000000
geneo,2354,1.000000000
geneo,2355,1.000000000
geneo,2356,1.000000000
geneo,2357,1.000000000
geneo,2358,1.000000000
geneo,2359,1.000000000
geneo,2360,1.000000000
geneo,2361,1.000000000
geneo,2362,1.000000000
geneo,2363,1.000000000
geneo,2364,1.000000000
geneo,2365,0.987283191
geneo,2366,0.984486384
geneo,2367,0.972313820
geneo,2368,0.898029527
geneo,2369,0.866375892
geneo,2370,0.863031683
geneo,2371,0.850397119
geneo,2372,0.853094809
geneo,2373,0.848452435
geneo,2374,0.847702747
geneo,2375,0.847711139
geneo,2376,0.834535813
geneo,2377,0.756944925
geneo,2378,0.732523045
geneo,2379,0.731077246
geneo,2380,0.720914575
geneo,2381,0.732086727
geneo,2382,0.721171149
geneo,2383,0.694410460
geneo,2384,0.700522437
geneo,2385,0.618683757
geneo,2386,0.333535132
geneo,2387,0.141244746
geneo,2388,0.053772283
geneo,2389,0.010392642
geneo,2400,0.753273074
geneo,2401,0.835144844
geneo,2402,0.869533049
geneo,2403,0.971752677
geneo,2404,1.000000000
geneo,2405,1.000000000
geneo,2406,0.985402006
geneo,2407,0.969911782
geneo,2408,0.884029131
geneo,2409,0.863972169
geneo,2410,0.852785088
geneo,2411,0.847516899
geneo,2412,0.834800088
geneo,2413,0.757884288
geneo,2414,0.728865613
geneo,2415,0.655121945
geneo,2416,0.422816130
geneo,2417,0.293426161
geneo,2418,0.261304668
geneo,2419,0.190362706
geneo,2420,0.188809325
geneo,2421,0.163699580
geneo,2422,0.154696097
geneo,2423,0.154670957
geneo,2424,0.163419123
geneo,2425,0.177355804
geneo,2426,0.175609733
geneo,2427,0.176318124
geneo,2428,0.188546858
geneo,2429,0.248236043
geneo,2430,0.277240039
geneo,2431,0.396646944
geneo,2432,0.619364104
geneo,2433,0.703381974
geneo,2434,0.635218191
geneo,2435,0.575322624
geneo,2436,0.398705885
geneo,2437,0.201107607
geneo,2438,0.058314970
geneo,2439,0.003583330
geneo,2448,0.147008180
geneo,2449,0.158984758
geneo,2450,0.299017744
geneo,2451,0.658325072
geneo,2452,0.844669584
geneo,2453,0.898908578
geneo,2454,0.874371471
geneo,2455,0.779006026
geneo,2456,0.502278837
geneo,2457,0.300277040
geneo,2458,0.214230045
geneo,2459,0.173265804
geneo,2460,0.152489404
geneo,2461,0.139766301
geneo,2462,0.136969552
geneo,2463,0.124799260
geneo,2464,0.050525328
geneo,2465,0.018864309
geneo,2466,0.015515632
geneo,2467,0.002880456
geneo,2468,0.005577983
geneo,2469,0.000935550
geneo,2470,0.000185852
geneo,2471,0.000194243
geneo,2472,0.000869877
geneo,2473,0.005671768
geneo,2474,0.004796303
geneo,2475,0.005014387
geneo,2476,0.005327230
geneo,2477,0.015514685
geneo,2478,0.018764856
geneo,2479,0.054915823
geneo,2480,0.169059717
geneo,2481,0.256573976
geneo,2482,0.321987454
geneo,2483,0.472401713
geneo,2484,0.596724911
geneo,2485,0.579917877
geneo,2486,0.386075435
geneo,2487,0.157853808
geneo,2488,0.031046236
geneo,2489,0.000000026
geneo,2497,0.000004636
geneo,2498,0.022016152
geneo,2499,0.128127624
geneo,2500,0.225641613
geneo,2501,0.457621719
geneo,2502,0.687029355
geneo,2503,0.807225117
geneo,2504,0.588465869
geneo,2505,0.288692203
geneo,2506,0.149149341
geneo,2507,0.121477028
geneo,2508,0.031065697
geneo,2509,0.000264506
geneo,2510,0.000000004
geneo,2511,0.000000044
geneo,2512,0.000002077
geneo,2513,0.000000547
geneo,2514,0.000000046
geneo,2515,0.000000031
geneo,2516,0.000000007
geneo,2517,0.000000001
geneo,2518,0.000000000
geneo,2519,0.000000000
geneo,2520,0.000000000
geneo,2521,0.000000000
geneo,2522,0.000000000
geneo,2523,0.000000000
geneo,2524,0.000000000
geneo,2525,0.000000000
geneo,2526,0.000000084
geneo,2527,0.000021055
geneo,2528,0.006436051
geneo,2529,0.017531185
geneo,2530,0.049112740
geneo,2531,0.177443698
geneo,2532,0.290223368
geneo,2533,0.459950086
geneo,2534,0.618397458
geneo,2535,0.611299692
geneo,2536,0.330254408
geneo,2537,0.119020774
geneo,2538,0.012439419
geneo,2548,0.009890150
geneo,2549,0.081504177
geneo,2550,0.323817143
geneo,2551,0.562265107
geneo,2552,0.488502365
geneo,2553,0.362444898
geneo,2554,0.210162178
geneo,2555,0.154398834
geneo,2556,0.121718724
geneo,2557,0.032533940
geneo,2558,0.002797339
geneo,2559,0.000000003
geneo,2560,0.000000000
geneo,2563,0.000000000
geneo,2564,0.000000000
geneo,2565,0.000000000
geneo,2577,0.000000000
geneo,2578,0.000521037
geneo,2579,0.017781827
geneo,2580,0.050126736
geneo,2581,0.191635262
geneo,2582,0.409276100
geneo,2583,0.654970613
geneo,2584,0.708324430
geneo,2585,0.550769056
geneo,2586,0.209470866
geneo,2587,0.021591861
geneo,2588,0.000000013
geneo,2597,0.000000001
geneo,2598,0.032641583
geneo,2599,0.136164259
geneo,2600,0.219900752
geneo,2601,0.338568296
geneo,2602,0.234736511
geneo,2603,0.163099047
geneo,2604,0.152483748
geneo,2605,0.124251447
geneo,2606,0.045828129
geneo,2607,0.008629400
geneo,2608,0.000000105
geneo,2609,0.000000000
geneo,2610,0.000000000
geneo,2611,0.000000000
geneo,2612,0.000000000
geneo,2627,0.000000000
geneo,2628,0.001998558
geneo,2629,0.034136552
geneo,2630,0.156301526
geneo,2631,0.341134189
geneo,2632,0.649300167
geneo,2633,0.798541028
geneo,2634,0.623121239
geneo,2635,0.265522453
geneo,2636,0.053020548
geneo,2637,0.002731183
geneo,2647,0.001612965
geneo,2648,0.038515539
geneo,2649,0.166894693
geneo,2650,0.170564977
geneo,2651,0.154302040
geneo,2652,0.152483236
geneo,2653,0.152483103
geneo,2654,0.130083495
geneo,2655,0.066525713
geneo,2656,0.021605349
geneo,2657,0.000017548
geneo,2658,0.000000120
geneo,2659,0.000000015
geneo,2660,0.000000002
geneo,2661,0.000000000
geneo,2662,0.000000000
geneo,2676,0.000000000
geneo,2677,0.000000006
geneo,2678,0.016753479
geneo,2679,0.053771258
geneo,2680,0.319079705
geneo,2681,0.651159033
geneo,2682,0.816489883
geneo,2683,0.657669994
geneo,2684,0.381516870
geneo,2685,0.152887105
geneo,2686,0.015514497
geneo,2696,0.000000314
geneo,2697,0.031028995
geneo,2698,0.121454118
geneo,2699,0.137771694
geneo,2700,0.152483107
geneo,2701,0.152483103
geneo,2702,0.152483103
geneo,2703,0.143058862
geneo,2704,0.121471655
geneo,2705,0.031130786
geneo,2706,0.001143544
geneo,2707,0.000016977
geneo,2708,0.000001928
geneo,2709,0.000000015
geneo,2710,0.000000000
geneo,2711,0.000000000
geneo,2723,0.000000000
geneo,2724,0.000000000
geneo,2725,0.000000010
geneo,2726,0.000000178
geneo,2727,0.001043874
geneo,2728,0.046579133
geneo,2729,0.317826562
geneo,2730,0.644374876
geneo,2731,0.819836307
geneo,2732,0.761116629
geneo,2733,0.619425463
geneo,2734,0.227393742
geneo,2735,0.018305826
geneo,2746,0.016317561
geneo,2747,0.035709596
geneo,2748,0.122257180
geneo,2749,0.137086702
geneo,2750,0.143568330
geneo,2751,0.152483103
geneo,2752,0.152483103
geneo,2753,0.122596941
geneo,2754,0.037605122
geneo,2755,0.004535826
geneo,2756,0.000173775
geneo,2757,0.000002445
geneo,2758,0.000000014
geneo,2759,0.000000000
geneo,2771,0.000000000
geneo,2772,0.000000000
geneo,2773,0.000000087
geneo,2774,0.000011278
geneo,2775,0.000092297
geneo,2776,0.000656576
geneo,2777,0.040922617
geneo,2778,0.278131210
geneo,2779,0.626649123
geneo,2780,0.830998471
geneo,2781,0.898701243
geneo,2782,0.647296782
geneo,2783,0.286611677
geneo,2794,0.000000000
geneo,2795,0.000803071
geneo,2796,0.015632633
geneo,2797,0.022802543
geneo,2798,0.069614863
geneo,2799,0.132733966
geneo,2800,0.152483103
geneo,2801,0.152483103
geneo,2802,0.125890271
geneo,2803,0.050488264
geneo,2804,0.006109783
geneo,2805,0.000149515
geneo,2806,0.000000465
geneo,2807,0.000000000
geneo,2819,0.000000000
geneo,2820,0.000000001
geneo,2821,0.000000208
geneo,2822,0.000017312
geneo,2823,0.000681436
geneo,2824,0.004707436
geneo,2825,0.008713390
geneo,2826,0.028016792
geneo,2827,0.208102202
geneo,2828,0.548202400
geneo,2829,0.755015374
geneo,2830,0.938933113
geneo,2831,0.856694174
geneo,2843,0.000000000
geneo,2844,0.000000007
geneo,2845,0.000119860
geneo,2846,0.011291894
geneo,2847,0.062988691
geneo,2848,0.141648739
geneo,2849,0.152483103
geneo,2850,0.152483103
geneo,2851,0.126711218
geneo,2852,0.028951697
geneo,2853,0.001953019
geneo,2854,0.000000913
geneo,2855,0.000000000
geneo,2867,0.000000000
geneo,2868,0.000000002
geneo,2869,0.000000333
geneo,2870,0.000027019
geneo,2871,0.000476169
geneo,2872,0.003995085
geneo,2873,0.013768742
geneo,2874,0.019189262
geneo,2875,0.014905873
geneo,2876,0.117480874
geneo,2877,0.377521620
geneo,2878,0.878545924
geneo,2879,1.000000000
geneo,2891,0.000000000
geneo,2892,0.000000007
geneo,2893,0.000119859
geneo,2894,0.011291856
geneo,2895,0.062988639
geneo,2896,0.141648728
geneo,2897,0.152483103
geneo,2898,0.152483103
geneo,2899,0.126711221
geneo,2900,0.028951701
geneo,2901,0.001953020
geneo,2902,0.000000913
geneo,2903,0.000000000
geneo,2915,0.000000000
geneo,2916,0.000000002
geneo,2917,0.000000333
geneo,2918,0.000027019
geneo,2919,0.000476166
geneo,2920,0.003995019
geneo,2921,0.013768462
geneo,2922,0.019189307
geneo,2923,0.014905841
geneo,2924,0.117480579
geneo,2925,0.377521566
geneo,2926,0.878545924
geneo,2927,1.000000000
geneo,2938,0.000000000
geneo,2939,0.000803070
geneo,2940,0.015632632
geneo,2941,0.022802514
geneo,2942,0.069614703
geneo,2943,0.132733928
geneo,2944,0.152483103
geneo,2945,0.152483103
geneo,2946,0.125890275
geneo,2947,0.050488281
geneo,2948,0.006109787
geneo,2949,0.000149515
geneo,2950,0.000000465
geneo,2951,0.000000000
geneo,2963,0.000000000
geneo,2964,0.000000001
geneo,2965,0.000000208
geneo,2966,0.000017312
geneo,2967,0.000681423
geneo,2968,0.004707274
geneo,2969,0.008712818
geneo,2970,0.028016605
geneo,2971,0.208101907
geneo,2972,0.548201506
geneo,2973,0.755015012
geneo,2974,0.938933110
geneo,2975,0.856694174
geneo,2986,0.016317560
geneo,2987,0.035709590
geneo,2988,0.122257179
geneo,2989,0.137086702
geneo,2990,0.143568303
geneo,2991,0.152483103
geneo,2992,0.152483103
geneo,2993,0.122596941
geneo,2994,0.037605128
geneo,2995,0.004535830
geneo,2996,0.000173776
geneo,2997,0.000002445
geneo,2998,0.000000014
geneo,2999,0.000000000
geneo,3011,0.000000000
geneo,3012,0.000000000
geneo,3013,0.000000087
geneo,3014,0.000011278
geneo,3015,0.000092296
geneo,3016,0.000656562
geneo,3017,0.040922410
geneo,3018,0.278130530
geneo,3019,0.626648949
geneo,3020,0.830998087
geneo,3021,0.898700900
geneo,3022,0.647296733
geneo,3023,0.286611677
geneo,3032,0.000000314
geneo,3033,0.031028995
geneo,3034,0.121454118
geneo,3035,0.137771693
geneo,3036,0.152483107
geneo,3037,0.152483103
geneo,3038,0.152483103
geneo,3039,0.143058849
geneo,3040,0.121471655
geneo,3041,0.031130786
geneo,3042,0.001143545
geneo,3043,0.000016977
geneo,3044,0.000001928
geneo,3045,0.000000015
geneo,3046,0.000000000
geneo,3047,0.000000000
geneo,3059,0.000000000
geneo,3060,0.000000000
geneo,3061,0.000000010
geneo,3062,0.000000178
geneo,3063,0.001043869
geneo,3064,0.046579132
geneo,3065,0.317826561
geneo,3066,0.644374759
geneo,3067,0.819836304
geneo,3068,0.761116612
geneo,3069,0.619425413
geneo,3070,0.227393742
geneo,3071,0.018305826
geneo,3079,0.001612968
geneo,3080,0.038515469
geneo,3081,0.166894248
geneo,3082,0.170564684
geneo,3083,0.154302002
geneo,3084,0.152483236
geneo,3085,0.152483103
geneo,3086,0.130083478
geneo,3087,0.066525636
geneo,3088,0.021605336
geneo,3089,0.000017548
geneo,3090,0.000000120
geneo,3091,0.000000015
geneo,3092,0.000000002
geneo,3093,0.000000000
geneo,3094,0.000000000
geneo,3108,0.000000000
geneo,3109,0.000000006
geneo,3110,0.016753473
geneo,3111,0.053771223
geneo,3112,0.319079699
geneo,3113,0.651159033
geneo,3114,0.816489883
geneo,3115,0.657669996
geneo,3116,0.381516854
geneo,3117,0.152887100
geneo,3118,0.015514497
geneo,3125,0.000000001
geneo,3126,0.032641585
geneo,3127,0.136164161
geneo,3128,0.219899592
geneo,3129,0.338566222
geneo,3130,0.234735344
geneo,3131,0.163098823
geneo,3132,0.152483748
geneo,3133,0.124251443
geneo,3134,0.045828108
geneo,3135,0.008629384
geneo,3136,0.000000105
geneo,3137,0.000000000
geneo,3138,0.000000000
geneo,3139,0.000000000
geneo,3140,0.000000000
geneo,3155,0.000000000
geneo,3156,0.001998552
geneo,3157,0.034136525
geneo,3158,0.156301362
geneo,3159,0.341134131
geneo,3160,0.649300095
geneo,3161,0.798540664
geneo,3162,0.623121184
geneo,3163,0.265522492
geneo,3164,0.053020550
geneo,3165,0.002731182
geneo,3172,0.009890005
geneo,3173,0.081503685
geneo,3174,0.323817059
geneo,3175,0.562264442
geneo,3176,0.488499776
geneo,3177,0.362442238
geneo,3178,0.210161367
geneo,3179,0.154398795
geneo,3180,0.121718724
geneo,3181,0.032533940
geneo,3182,0.002797335
geneo,3183,0.000000003
geneo,3184,0.000000000
geneo,3187,0.000000000
geneo,3188,0.000000000
geneo,3189,0.000000000
geneo,3201,0.000000000
geneo,3202,0.000521034
geneo,3203,0.017781818
geneo,3204,0.050126641
geneo,3205,0.191634867
geneo,3206,0.409275594
geneo,3207,0.654970449
geneo,3208,0.708324064
geneo,3209,0.550767963
geneo,3210,0.209470501
geneo,3211,0.021591868
geneo,3212,0.000000013
geneo,3217,0.000004636
geneo,3218,0.022015953
geneo,3219,0.128127552
geneo,3220,0.225640770
geneo,3221,0.457620185
geneo,3222,0.687028860
geneo,3223,0.807225001
geneo,3224,0.588465105
geneo,3225,0.288691571
geneo,3226,0.149149325
geneo,3227,0.121477028
geneo,3228,0.031065697
geneo,3229,0.000264506
geneo,3230,0.000000004
geneo,3231,0.000000044
geneo,3232,0.000002077
geneo,3233,0.000000547
geneo,3234,0.000000046
geneo,3235,0.000000031
geneo,3236,0.000000007
geneo,3237,0.000000001
geneo,3238,0.000000000
geneo,3239,0.000000000
geneo,3240,0.000000000
geneo,3241,0.000000000
geneo,3242,0.000000000
geneo,3243,0.000000000
geneo,3244,0.000000000
geneo,3245,0.000000000
geneo,3246,0.000000084
geneo,3247,0.000021055
geneo,3248,0.006436044
geneo,3249,0.017531146
geneo,3250,0.049112460
geneo,3251,0.177443306
geneo,3252,0.290223017
geneo,3253,0.459949339
geneo,3254,0.618397003
geneo,3255,0.611299653
geneo,3256,0.330254345
geneo,3257,0.119020409
geneo,3258,0.012439356
geneo,3264,0.147008123
geneo,3265,0.158984559
geneo,3266,0.299016570
geneo,3267,0.658324803
geneo,3268,0.844669427
geneo,3269,0.898908083
geneo,3270,0.874371366
geneo,3271,0.779006015
geneo,3272,0.502278814
geneo,3273,0.300277106
geneo,3274,0.214230473
geneo,3275,0.173265877
geneo,3276,0.152489404
geneo,3277,0.139766294
geneo,3278,0.136969552
geneo,3279,0.124799239
geneo,3280,0.050525203
geneo,3281,0.018864288
geneo,3282,0.015515632
geneo,3283,0.002880453
geneo,3284,0.005577979
geneo,3285,0.000935550
geneo,3286,0.000185852
geneo,3287,0.000194243
geneo,3288,0.000869876
geneo,3289,0.005671765
geneo,3290,0.004796300
geneo,3291,0.005014382
geneo,3292,0.005327219
geneo,3293,0.015514685
geneo,3294,0.018764772
geneo,3295,0.054915242
geneo,3296,0.169059096
geneo,3297,0.256573679
geneo,3298,0.321986503
geneo,3299,0.472400495
geneo,3300,0.596724490
geneo,3301,0.579917583
geneo,3302,0.386075183
geneo,3303,0.157853738
geneo,3304,0.031046236
geneo,3305,0.000000026
geneo,3312,0.753272742
geneo,3313,0.835144795
geneo,3314,0.869532850
geneo,3315,0.971752665
geneo,3316,1.000000000
geneo,3317,1.000000000
geneo,3318,0.985402003
geneo,3319,0.969911781
geneo,3320,0.884029124
geneo,3321,0.863972168
geneo,3322,0.852785161
geneo,3323,0.847516899
geneo,3324,0.834800082
geneo,3325,0.757884251
geneo,3326,0.728865606
geneo,3327,0.655121819
geneo,3328,0.422815755
geneo,3329,0.293426035
geneo,3330,0.261304664
geneo,3331,0.190362683
geneo,3332,0.188809300
geneo,3333,0.163699574
geneo,3334,0.154696095
geneo,3335,0.154670956
geneo,3336,0.163419118
geneo,3337,0.177355782
geneo,3338,0.175609709
geneo,3339,0.176318083
geneo,3340,0.188546786
geneo,3341,0.248236032
geneo,3342,0.277239551
geneo,3343,0.396644984
geneo,3344,0.619362121
geneo,3345,0.703381443
geneo,3346,0.635217929
geneo,3347,0.575322227
geneo,3348,0.398705761
geneo,3349,0.201107654
geneo,3350,0.058314914
geneo,3351,0.003583318
geneo,3360,0.985396471
geneo,3361,1.000000000
geneo,3362,1.000000000
geneo,3363,1.000000000
geneo,3364,1.000000000
geneo,3365,1.000000000
geneo,3366,1.000000000
geneo,3367,1.000000000
geneo,3368,1.000000000
geneo,3369,1.000000000
geneo,3370,1.000000000
geneo,3371,1.000000000
geneo,3372,1.000000000
geneo,3373,0.987283185
geneo,3374,0.984486384
geneo,3375,0.972313798
geneo,3376,0.898029402
geneo,3377,0.866375871
geneo,3378,0.863031683
geneo,3379,0.850397115
geneo,3380,0.853094806
geneo,3381,0.848452434
geneo,3382,0.847702747
geneo,3383,0.847711139
geneo,3384,0.834535809
geneo,3385,0.756944904
geneo,3386,0.732523040
geneo,3387,0.731077241
geneo,3388,0.720914554
geneo,3389,0.732086722
geneo,3390,0.721171063
geneo,3391,0.694409869
geneo,3392,0.700521861
geneo,3393,0.618683671
geneo,3394,0.333535132
geneo,3395,0.141244743
geneo,3396,0.053772257
geneo,3397,0.010392653
geneo,3408,1.000000000
geneo,3409,1.000000000
geneo,3410,1.000000000
geneo,3411,1.000000000
geneo,3412,1.000000000
geneo,3413,1.000000000
geneo,3414,1.000000000
geneo,3415,1.000000000
geneo,3416,1.000000000
geneo,3417,1.000000000
geneo,3418,1.000000000
geneo,3419,1.000000000
geneo,3420,1.000000000
geneo,3421,1.000000000
geneo,3422,1.000000000
geneo,3423,1.000000000
geneo,3424,1.000000000
geneo,3425,1.000000000
geneo,3426,1.000000000
geneo,3427,1.000000000
geneo,3428,1.000000000
geneo,3429,1.000000000
geneo,3430,1.000000000
geneo,3431,1.000000000
geneo,3432,1.000000000
geneo,3433,0.983657006
geneo,3434,0.981694259
geneo,3435,0.969334005
geneo,3436,0.898455622
geneo,3437,0.886094436
geneo,3438,0.789641796
geneo,3439,0.544825080
geneo,3440,0.255075767
geneo,3441,0.147822115
geneo,3442,0.036668357
geneo,3443,0.000077716
geneo,3456,1.000000000
geneo,3457,1.000000000
geneo,3458,1.000000000
geneo,3459,1.000000000
geneo,3460,1.000000000
geneo,3461,1.000000000
geneo,3462,1.000000000
geneo,3463,1.000000000
geneo,3464,1.000000000
geneo,3465,1.000000000
geneo,3466,1.000000000
geneo,3467,1.000000000
geneo,3468,1.000000000
geneo,3469,1.000000000
geneo,3470,1.000000000
geneo,3471,1.000000000
geneo,3472,1.000000000
geneo,3473,1.000000000
geneo,3474,1.000000000
geneo,3475,1.000000000
geneo,3476,1.000000000
geneo,3477,1.000000000
geneo,3478,1.000000000
geneo,3479,1.000000000
geneo,3480,0.983657010
geneo,3481,0.870086447
geneo,3482,0.840351761
geneo,3483,0.753948055
geneo,3484,0.473496317
geneo,3485,0.369971837
geneo,3486,0.207990371
geneo,3487,0.087801339
geneo,3488,0.026698078
geneo,3489,0.018305942
geneo,3490,0.000009730
geneo,3504,0.900287406
geneo,3505,0.987623311
geneo,3506,1.000000000
geneo,3507,1.000000000
geneo,3508,1.000000000
geneo,3509,1.000000000
geneo,3510,1.000000000
geneo,3511,1.000000000
geneo,3512,1.000000000
geneo,3513,1.000000000
geneo,3514,1.000000000
geneo,3515,1.000000000
geneo,3516,0.987283191
geneo,3517,0.897648763
geneo,3518,0.865835096
geneo,3519,0.863032275
geneo,3520,0.850859711
geneo,3521,0.847517186
geneo,3522,0.847516897
geneo,3523,0.847516897
geneo,3524,0.847516897
geneo,3525,0.847516897
geneo,3526,0.847516897
geneo,3527,0.847516897
geneo,3528,0.752927391
geneo,3529,0.418606715
geneo,3530,0.285288989
geneo,3531,0.263462260
geneo,3532,0.192881899
geneo,3533,0.183397118
geneo,3534,0.144936044
geneo,3535,0.132107952
geneo,3536,0.135492392
geneo,3537,0.121462993
geneo,3538,0.031077104
geneo,3539,0.015522762
geneo,3540,0.003892247
geneo,3541,0.000000000
geneo,3552,0.497963109
geneo,3553,0.763008789
geneo,3554,0.850298568
geneo,3555,0.897510155
geneo,3556,0.987262538
geneo,3557,0.985402006
geneo,3558,0.884805085
geneo,3559,0.863947901
geneo,3560,0.848457673
geneo,3561,0.847516897
geneo,3562,0.847516897
geneo,3563,0.847516897
geneo,3564,0.760679277
geneo,3565,0.445096727
geneo,3566,0.293059735
geneo,3567,0.261771543
geneo,3568,0.187481236
geneo,3569,0.155827602
geneo,3570,0.152483392
geneo,3571,0.152483103
geneo,3572,0.152483103
geneo,3573,0.152483103
geneo,3574,0.152483103
geneo,3575,0.152483103
geneo,3576,0.138632143
geneo,3577,0.042379172
geneo,3578,0.017178523
geneo,3579,0.015514569
geneo,3580,0.015514497
geneo,3581,0.015514606
geneo,3582,0.018744700
geneo,3583,0.048366190
geneo,3584,0.116014051
geneo,3585,0.135481171
geneo,3586,0.122958160
geneo,3587,0.116161587
geneo,3588,0.053714678
geneo,3589,0.019406745
geneo,3590,0.003566242
geneo,3591,0.000000000
geneo,3600,0.061899059
geneo,3601,0.140111050
geneo,3602,0.186988886
geneo,3603,0.429118596
geneo,3604,0.760541549
geneo,3605,0.753834783
geneo,3606,0.416763768
geneo,3607,0.281137196
geneo,3608,0.188995342
geneo,3609,0.153436558
geneo,3610,0.152483103
geneo,3611,0.152483103
geneo,3612,0.139766294
geneo,3613,0.050131867
geneo,3614,0.018318199
geneo,3615,0.015515378
geneo,3616,0.003342814
geneo,3617,0.000000289
geneo,3618,0.000000000
geneo,3630,0.000000102
geneo,3631,0.003228220
geneo,3632,0.014026923
geneo,3633,0.017010153
geneo,3634,0.030561462
geneo,3635,0.069416523
geneo,3636,0.116430287
geneo,3637,0.115388636
geneo,3638,0.051814578
geneo,3639,0.019080739
geneo,3640,0.000000026
geneo,3649,0.000000000
geneo,3650,0.002781671
geneo,3651,0.049993258
geneo,3652,0.145743945
geneo,3653,0.188360288
geneo,3654,0.149226106
geneo,3655,0.153399611
geneo,3656,0.112204002
geneo,3657,0.022330173
geneo,3658,0.000029299
geneo,3659,0.000000000
geneo,3681,0.000000000
geneo,3682,0.001495649
geneo,3683,0.006598420
geneo,3684,0.022963819
geneo,3685,0.065585088
geneo,3686,0.118496163
geneo,3687,0.121454138
geneo,3688,0.031029148
geneo,3689,0.012435136
geneo,3701,0.005998305
geneo,3702,0.031028995
geneo,3703,0.111250547
geneo,3704,0.068725229
geneo,3705,0.052118539
geneo,3706,0.008656867
geneo,3707,0.000016730
geneo,3708,0.000000000
geneo,3732,0.000268777
geneo,3733,0.008990303
geneo,3734,0.049141004
geneo,3735,0.124771113
geneo,3736,0.133889245
geneo,3737,0.103506123
geneo,3738,0.027949607
geneo,3739,0.000000013
geneo,3750,0.000000000
geneo,3751,0.015514559
geneo,3752,0.012795647
geneo,3753,0.052182042
geneo,3754,0.018098457
geneo,3755,0.001818867
geneo,3756,0.000000110
geneo,3781,0.000000000
geneo,3782,0.003317004
geneo,3783,0.032249901
geneo,3784,0.121664695
geneo,3785,0.149403803
geneo,3786,0.121456124
geneo,3787,0.031038758
geneo,3788,0.002732607
geneo,3800,0.000000062
geneo,3801,0.007484349
geneo,3802,0.001818231
geneo,3803,0.000000134
geneo,3804,0.000000004
geneo,3831,0.000210586
geneo,3832,0.031035472
geneo,3833,0.121455863
geneo,3834,0.152527176
geneo,3835,0.124866061
geneo,3836,0.049891809
geneo,3837,0.018672294
geneo,3850,0.000000001
geneo,3851,0.000000004
geneo,3880,0.000001163
geneo,3881,0.031029381
geneo,3882,0.121677023
geneo,3883,0.157249062
geneo,3884,0.168949538
geneo,3885,0.204663197
geneo,3886,0.042688123
geneo,3887,0.000000025
geneo,3928,0.000000002
geneo,3929,0.000000168
geneo,3930,0.031061509
geneo,3931,0.129587355
geneo,3932,0.257731363
geneo,3933,0.452073423
geneo,3934,0.323104694
geneo,3935,0.179917646
geneo,3976,0.000000097
geneo,3977,0.000000574
geneo,3978,0.000000183
geneo,3979,0.028783189
geneo,3980,0.127811921
geneo,3981,0.358239217
geneo,3982,0.759961301
geneo,3983,0.838388372
geneo,4024,0.000000003
geneo,4025,0.000000180
geneo,4026,0.000000416
geneo,4027,0.000000060
geneo,4028,0.013157876
geneo,4029,0.174722521
geneo,4030,0.848507977
geneo,4031,1.000000000
geneo,4072,0.000000003
geneo,4073,0.000000180
geneo,4074,0.000000415
geneo,4075,0.000000060
geneo,4076,0.013157822
geneo,4077,0.174722513
geneo,4078,0.848507974
geneo,4079,1.000000000
geneo,4120,0.000000097
geneo,4121,0.000000574
geneo,4122,0.000000183
geneo,4123,0.028783131
geneo,4124,0.127811524
geneo,4125,0.358238860
geneo,4126,0.759961245
geneo,4127,0.838388372
geneo,4168,0.000000002
geneo,4169,0.000000168
geneo,4170,0.031061509
geneo,4171,0.129587307
geneo,4172,0.257730840
geneo,4173,0.452072381
geneo,4174,0.323104385
geneo,4175,0.179917646
geneo,4186,0.000000001
geneo,4187,0.000000004
geneo,4216,0.000001163
geneo,4217,0.031029381
geneo,4218,0.121677022
geneo,4219,0.157249047
geneo,4220,0.168949424
geneo,4221,0.204662879
geneo,4222,0.042688075
geneo,4223,0.000000025
geneo,4232,0.000000062
geneo,4233,0.007484280
geneo,4234,0.001818193
geneo,4235,0.000000134
geneo,4236,0.000000004
geneo,4263,0.000210584
geneo,4264,0.031035472
geneo,4265,0.121455863
geneo,4266,0.152527176
geneo,4267,0.124866058
geneo,4268,0.049891799
geneo,4269,0.018672293
geneo,4278,0.000000000
geneo,4279,0.015514559
geneo,4280,0.012795463
geneo,4281,0.052181508
geneo,4282,0.018098163
geneo,4283,0.001818829
geneo,4284,0.000000110
geneo,4309,0.000000000
geneo,4310,0.003316976
geneo,4311,0.032249892
geneo,4312,0.121664694
geneo,4313,0.149403741
geneo,4314,0.121456124
geneo,4315,0.031038758
geneo,4316,0.002732606
geneo,4325,0.005998220
geneo,4326,0.031028995
geneo,4327,0.111250432
geneo,4328,0.068724472
geneo,4329,0.052117839
geneo,4330,0.008656740
geneo,4331,0.000016730
geneo,4332,0.000000000
geneo,4356,0.000268774
geneo,4357,0.008990236
geneo,4358,0.049140849
geneo,4359,0.124771085
geneo,4360,0.133889183
geneo,4361,0.103505759
geneo,4362,0.027949544
geneo,4363,0.000000013
geneo,4369,0.000000000
geneo,4370,0.002781659
geneo,4371,0.049993190
geneo,4372,0.145743849
geneo,4373,0.188359793
geneo,4374,0.149226000
geneo,4375,0.153399607
geneo,4376,0.112203886
geneo,4377,0.022330085
geneo,4378,0.000029299
geneo,4379,0.000000000
geneo,4401,0.000000000
geneo,4402,0.001495613
geneo,4403,0.006598359
geneo,4404,0.022963760
geneo,4405,0.065584855
geneo,4406,0.118496085
geneo,4407,0.121454138
geneo,4408,0.031029148
geneo,4409,0.012435073
geneo,4416,0.061898773
geneo,4417,0.140111002
geneo,4418,0.186988819
geneo,4419,0.429118399
geneo,4420,0.760541481
geneo,4421,0.753834678
geneo,4422,0.416763705
geneo,4423,0.281137174
geneo,4424,0.188995334
geneo,4425,0.153436556
geneo,4426,0.152483103
geneo,4427,0.152483103
geneo,4428,0.139766288
geneo,4429,0.050131834
geneo,4430,0.018318192
geneo,4431,0.015515378
geneo,4432,0.003342792
geneo,4433,0.000000289
geneo,4434,0.000000000
geneo,4446,0.000000102
geneo,4447,0.003228137
geneo,4448,0.014026838
geneo,4449,0.017010117
geneo,4450,0.030561200
geneo,4451,0.069416153
geneo,4452,0.116430222
geneo,4453,0.115388585
geneo,4454,0.051814507
geneo,4455,0.019080727
geneo,4456,0.000000026
geneo,4464,0.497962387
geneo,4465,0.763008547
geneo,4466,0.850298556
geneo,4467,0.897510087
geneo,4468,0.987262526
geneo,4469,0.985402003
geneo,4470,0.884805064
geneo,4471,0.863947898
geneo,4472,0.848457672
geneo,4473,0.847516897
geneo,4474,0.847516897
geneo,4475,0.847516897
geneo,4476,0.760679244
geneo,4477,0.445096641
geneo,4478,0.293059702
geneo,4479,0.261771521
geneo,4480,0.187481111
geneo,4481,0.155827580
geneo,4482,0.152483392
geneo,4483,0.152483103
geneo,4484,0.152483103
geneo,4485,0.152483103
geneo,4486,0.152483103
geneo,4487,0.152483103
geneo,4488,0.138632140
geneo,4489,0.042379158
geneo,4490,0.017178520
geneo,4491,0.015514569
geneo,4492,0.015514497
geneo,4493,0.015514606
geneo,4494,0.018744616
geneo,4495,0.048365617
geneo,4496,0.116013471
geneo,4497,0.135481086
geneo,4498,0.122958125
geneo,4499,0.116161525
geneo,4500,0.053714651
geneo,4501,0.019406740
geneo,4502,0.003566230
geneo,4503,0.000000000
geneo,4512,0.900287121
geneo,4513,0.987623262
geneo,4514,1.000000000
geneo,4515,1.000000000
geneo,4516,1.000000000
geneo,4517,1.000000000
geneo,4518,1.000000000
geneo,4519,1.000000000
geneo,4520,1.000000000
geneo,4521,1.000000000
geneo,4522,1.000000000
geneo,4523,1.000000000
geneo,4524,0.987283185
geneo,4525,0.897648731
geneo,4526,0.865835089
geneo,4527,0.863032275
geneo,4528,0.850859689
geneo,4529,0.847517186
geneo,4530,0.847516897
geneo,4531,0.847516897
geneo,4532,0.847516897
geneo,4533,0.847516897
geneo,4534,0.847516897
geneo,4535,0.847516897
geneo,4536,0.752927377
geneo,4537,0.418606682
geneo,4538,0.285288975
geneo,4539,0.263462250
geneo,4540,0.192881850
geneo,4541,0.183397098
geneo,4542,0.144936041
geneo,4543,0.132107865
geneo,4544,0.135492307
geneo,4545,0.121462993
geneo,4546,0.031077104
geneo,4547,0.015522762
geneo,4548,0.003892243
geneo,4549,0.000000000
geneo,4560,1.000000000
geneo,4561,1.000000000
geneo,4562,1.000000000
geneo,4563,1.000000000
geneo,4564,1.000000000
geneo,4565,1.000000000
geneo,4566,1.000000000
geneo,4567,1.000000000
geneo,4568,1.000000000
geneo,4569,1.000000000
geneo,4570,1.000000000
geneo,4571,1.000000000
geneo,4572,1.000000000
geneo,4573,1.000000000
geneo,4574,1.000000000
geneo,4575,1.000000000
geneo,4576,1.000000000
geneo,4577,1.000000000
geneo,4578,1.000000000
geneo,4579,1.000000000
geneo,4580,1.000000000
geneo,4581,1.000000000
geneo,4582,1.000000000
geneo,4583,1.000000000
geneo,4584,0.983657006
geneo,4585,0.870086430
geneo,4586,0.840351758
geneo,4587,0.753948003
geneo,4588,0.473496187
geneo,4589,0.369971800
geneo,4590,0.207990363
geneo,4591,0.087801320
geneo,4592,0.026698074
geneo,4593,0.018305942
geneo,4594,0.000009730
geneo,4608,1.000000000
geneo,4609,1.000000000
geneo,4610,1.000000000
geneo,4611,1.000000000
geneo,4612,1.000000000
geneo,4613,1.000000000
geneo,4614,1.000000000
geneo,4615,1.000000000
geneo,4616,1.000000000
geneo,4617,1.000000000
geneo,4618,1.000000000
geneo,4619,1.000000000
geneo,4620,1.000000000
geneo,4621,1.000000000
geneo,4622,1.000000000
geneo,4623,1.000000000
geneo,4624,1.000000000
geneo,4625,1.000000000
geneo,4626,1.000000000
geneo,4627,1.000000000
geneo,4628,1.000000000
geneo,4629,1.000000000
geneo,4630,1.000000000
geneo,4631,1.000000000
geneo,4632,0.983646118
geneo,4633,0.870033856
geneo,4634,0.840340867
geneo,4635,0.753755186
geneo,4636,0.472707508
geneo,4637,0.369405596
geneo,4638,0.207772700
geneo,4639,0.087438281
geneo,4640,0.026635851
geneo,4641,0.018305942
geneo,4642,0.000009604
geneo,4656,0.900317109
geneo,4657,0.987628524
geneo,4658,1.000000000
geneo,4659,1.000000000
geneo,4660,1.000000000
geneo,4661,1.000000000
geneo,4662,1.000000000
geneo,4663,1.000000000
geneo,4664,1.000000000
geneo,4665,1.000000000
geneo,4666,1.000000000
geneo,4667,1.000000000
geneo,4668,0.987281373
geneo,4669,0.897639982
geneo,4670,0.865833275
geneo,4671,0.863032274
geneo,4672,0.850856407
geneo,4673,0.847517186
geneo,4674,0.847516897
geneo,4675,0.847516897
geneo,4676,0.847516897
geneo,4677,0.847516897
geneo,4678,0.847516897
geneo,4679,0.847516897
geneo,4680,0.752882820
geneo,4681,0.418499108
geneo,4682,0.285244413
geneo,4683,0.263285436
geneo,4684,0.191858045
geneo,4685,0.183089293
geneo,4686,0.144908479
geneo,4687,0.131970787
geneo,4688,0.135357949
geneo,4689,0.121462885
geneo,4690,0.031076480
geneo,4691,0.015522654
geneo,4692,0.003856844
geneo,4693,0.000000000
geneo,4704,0.498034817
geneo,4705,0.763033962
geneo,4706,0.850300057
geneo,4707,0.897517325
geneo,4708,0.987264023
geneo,4709,0.985402925
geneo,4710,0.884809521
geneo,4711,0.863948820
geneo,4712,0.848459520
geneo,4713,0.847516897
geneo,4714,0.847516897
geneo,4715,0.847516897
geneo,4716,0.760670495
geneo,4717,0.445075524
geneo,4718,0.293050949
geneo,4719,0.261768238
geneo,4720,0.187461979
geneo,4721,0.155824296
geneo,4722,0.152483392
geneo,4723,0.152483103
geneo,4724,0.152483103
geneo,4725,0.152483103
geneo,4726,0.152483103
geneo,4727,0.152483103
geneo,4728,0.138622912
geneo,4729,0.042334600
geneo,4730,0.017169290
geneo,4731,0.015514568
geneo,4732,0.015371529
geneo,4733,0.015514604
geneo,4734,0.018660556
geneo,4735,0.047741509
geneo,4736,0.115146977
geneo,4737,0.135346840
geneo,4738,0.122934076
geneo,4739,0.116083094
geneo,4740,0.053508332
geneo,4741,0.019371342
geneo,4742,0.003513431
geneo,4743,0.000000000
geneo,4752,0.061928761
geneo,4753,0.140116268
geneo,4754,0.186996082
geneo,4755,0.429135910
geneo,4756,0.760548719
geneo,4757,0.753847363
geneo,4758,0.416774477
geneo,4759,0.281143479
geneo,4760,0.189006106
geneo,4761,0.153438421
geneo,4762,0.152483103
geneo,4763,0.152483103
geneo,4764,0.139764476
geneo,4765,0.050123085
geneo,4766,0.018316378
geneo,4767,0.015515378
geneo,4768,0.003339510
geneo,4769,0.000000289
geneo,4770,0.000000000
geneo,4782,0.000000101
geneo,4783,0.003144109
geneo,4784,0.013892592
geneo,4785,0.016986176
geneo,4786,0.030378627
geneo,4787,0.069141405
geneo,4788,0.116351770
geneo,4789,0.115349458
geneo,4790,0.051506771
geneo,4791,0.019027928
geneo,4792,0.000000026
geneo,4801,0.000000000
geneo,4802,0.002783160
geneo,4803,0.050000428
geneo,4804,0.145753574
geneo,4805,0.188408673
geneo,4806,0.149238686
geneo,4807,0.153400529
geneo,4808,0.112218477
geneo,4809,0.022346976
geneo,4810,0.000029358
geneo,4811,0.000000000
geneo,4833,0.000000000
geneo,4834,0.001471672
geneo,4835,0.006555306
geneo,4836,0.022977310
geneo,4837,0.065664520
geneo,4838,0.118523739
geneo,4839,0.121454137
geneo,4840,0.031029145
geneo,4841,0.012330074
geneo,4853,0.006006449
geneo,4854,0.031028995
geneo,4855,0.111263159
geneo,4856,0.068815440
geneo,4857,0.052241503
geneo,4858,0.008680441
geneo,4859,0.000016772
geneo,4860,0.000000000
geneo,4884,0.000268753
geneo,4885,0.009070689
geneo,4886,0.049530077
geneo,4887,0.124842676
geneo,4888,0.133784184
geneo,4889,0.102893784
geneo,4890,0.027844546
geneo,4891,0.000000013
geneo,4902,0.000000000
geneo,4903,0.015514560
geneo,4904,0.012821189
geneo,4905,0.052280729
geneo,4906,0.018150035
geneo,4907,0.001825494
geneo,4908,0.000000111
geneo,4933,0.000000000
geneo,4934,0.003388566
geneo,4935,0.032277925
geneo,4936,0.121669589
geneo,4937,0.149298742
geneo,4938,0.121456087
geneo,4939,0.031038602
geneo,4940,0.002769224
geneo,4952,0.000000063
geneo,4953,0.007497279
geneo,4954,0.001824855
geneo,4955,0.000000135
geneo,4956,0.000000004
geneo,4983,0.000215479
geneo,4984,0.031035968
geneo,4985,0.121455981
geneo,4986,0.152526214
geneo,4987,0.124887647
geneo,4988,0.050052077
geneo,4989,0.018698093
geneo,5002,0.000000001
geneo,5003,0.000000004
geneo,5032,0.000001287
geneo,5033,0.031029664
geneo,5034,0.121673226
geneo,5035,0.157148841
geneo,5036,0.168262685
geneo,5037,0.202604190
geneo,5038,0.042280495
geneo,5039,0.000000024
geneo,5079,0.000000000
geneo,5080,0.000000060
geneo,5081,0.000085315
geneo,5082,0.031062435
geneo,5083,0.129387179
geneo,5084,0.254621519
geneo,5085,0.446919742
geneo,5086,0.321093902
geneo,5087,0.179917643
geneo,5127,0.000000000
geneo,5128,0.000084837
geneo,5129,0.000511183
geneo,5130,0.000215357
geneo,5131,0.028148264
geneo,5132,0.123527867
geneo,5133,0.355138102
geneo,5134,0.759348003
geneo,5135,0.838388372
geneo,5175,0.000000000
geneo,5176,0.000015184
geneo,5177,0.000310445
geneo,5178,0.000849058
geneo,5179,0.000121888
geneo,5180,0.012517309
geneo,5181,0.174516849
geneo,5182,0.848465381
geneo,5183,1.000000000
geneo,5223,0.000000000
geneo,5224,0.000015220
geneo,5225,0.000311306
geneo,5226,0.000849555
geneo,5227,0.000121983
geneo,5228,0.012517496
geneo,5229,0.174516909
geneo,5230,0.848465392
geneo,5231,1.000000000
geneo,5271,0.000000000
geneo,5272,0.000085430
geneo,5273,0.000514679
geneo,5274,0.000216077
geneo,5275,0.028148440
geneo,5276,0.123528889
geneo,5277,0.355138253
geneo,5278,0.759348039
geneo,5279,0.838388372
geneo,5319,0.000000000
geneo,5320,0.000000060
geneo,5321,0.000085910
geneo,5322,0.031062441
geneo,5323,0.129387133
geneo,5324,0.254621360
geneo,5325,0.446919054
geneo,5326,0.321093724
geneo,5327,0.179917643
geneo,5338,0.000000001
geneo,5339,0.000000004
geneo,5368,0.000001287
geneo,5369,0.031029664
geneo,5370,0.121673226
geneo,5371,0.157148830
geneo,5372,0.168262658
geneo,5373,0.202603992
geneo,5374,0.042280471
geneo,5375,0.000000024
geneo,5384,0.000000063
geneo,5385,0.007497268
geneo,5386,0.001824847
geneo,5387,0.000000135
geneo,5388,0.000000004
geneo,5415,0.000215484
geneo,5416,0.031035969
geneo,5417,0.121455981
geneo,5418,0.152526214
geneo,5419,0.124887702
geneo,5420,0.050052396
geneo,5421,0.018698148
geneo,5430,0.000000000
geneo,5431,0.015514560
geneo,5432,0.012821202
geneo,5433,0.052280672
geneo,5434,0.018149975
geneo,5435,0.001825486
geneo,5436,0.000000111
geneo,5461,0.000000000
geneo,5462,0.003388615
geneo,5463,0.032277952
geneo,5464,0.121669594
geneo,5465,0.149298621
geneo,5466,0.121456087
geneo,5467,0.031038602
geneo,5468,0.002769279
geneo,5477,0.006006492
geneo,5478,0.031028995
geneo,5479,0.111263182
geneo,5480,0.068815592
geneo,5481,0.052241589
geneo,5482,0.008680445
geneo,5483,0.000016772
geneo,5484,0.000000000
geneo,5508,0.000268758
geneo,5509,0.009070784
geneo,5510,0.049530333
geneo,5511,0.124842724
geneo,5512,0.133784063
geneo,5513,0.102893080
geneo,5514,0.027844425
geneo,5515,0.000000013
geneo,5521,0.000000000
geneo,5522,0.002783162
geneo,5523,0.050000427
geneo,5524,0.145753620
geneo,5525,0.188408928
geneo,5526,0.149238726
geneo,5527,0.153400530
geneo,5528,0.112218504
geneo,5529,0.022346989
geneo,5530,0.000029358
geneo,5531,0.000000000
geneo,5553,0.000000000
geneo,5554,0.001471711
geneo,5555,0.006555378
geneo,5556,0.022977388
geneo,5557,0.065664819
geneo,5558,0.118523826
geneo,5559,0.121454137
geneo,5560,0.031029145
geneo,5561,0.012329954
geneo,5568,0.061928979
geneo,5569,0.140116308
geneo,5570,0.186996082
geneo,5571,0.429135874
geneo,5572,0.760548718
geneo,5573,0.753847404
geneo,5574,0.416774458
geneo,5575,0.281143479
geneo,5576,0.189006127
geneo,5577,0.153438425
geneo,5578,0.152483103
geneo,5579,0.152483103
geneo,5580,0.139764480
geneo,5581,0.050123105
geneo,5582,0.018316383
geneo,5583,0.015515378
geneo,5584,0.003339540
geneo,5585,0.000000289
geneo,5586,0.000000000
geneo,5598,0.000000101
geneo,5599,0.003144192
geneo,5600,0.013892672
geneo,5601,0.016986215
geneo,5602,0.030378923
geneo,5603,0.069141832
geneo,5604,0.116351841
geneo,5605,0.115349501
geneo,5606,0.051506728
geneo,5607,0.019027920
geneo,5608,0.000000026
geneo,5616,0.498035310
geneo,5617,0.763034147
geneo,5618,0.850300059
geneo,5619,0.897517324
geneo,5620,0.987264025
geneo,5621,0.985402925
geneo,5622,0.884809518
geneo,5623,0.863948820
geneo,5624,0.848459523
geneo,5625,0.847516897
geneo,5626,0.847516897
geneo,5627,0.847516897
geneo,5628,0.760670516
geneo,5629,0.445075568
geneo,5630,0.293050970
geneo,5631,0.261768267
geneo,5632,0.187462152
geneo,5633,0.155824326
geneo,5634,0.152483392
geneo,5635,0.152483103
geneo,5636,0.152483103
geneo,5637,0.152483103
geneo,5638,0.152483103
geneo,5639,0.152483103
geneo,5640,0.138622915
geneo,5641,0.042334616
geneo,5642,0.017169293
geneo,5643,0.015514568
geneo,5644,0.015371533
geneo,5645,0.015514604
geneo,5646,0.018660638
geneo,5647,0.047742073
geneo,5648,0.115147531
geneo,5649,0.135346920
geneo,5650,0.122934115
geneo,5651,0.116083160
geneo,5652,0.053508327
geneo,5653,0.019371341
geneo,5654,0.003513423
geneo,5655,0.000000000
geneo,5664,0.900317327
geneo,5665,0.987628564
geneo,5666,1.000000000
geneo,5667,1.000000000
geneo,5668,1.000000000
geneo,5669,1.000000000
geneo,5670,1.000000000
geneo,5671,1.000000000
geneo,5672,1.000000000
geneo,5673,1.000000000
geneo,5674,1.000000000
geneo,5675,1.000000000
geneo,5676,0.987281377
geneo,5677,0.897640002
geneo,5678,0.865833280
geneo,5679,0.863032274
geneo,5680,0.850856437
geneo,5681,0.847517186
geneo,5682,0.847516897
geneo,5683,0.847516897
geneo,5684,0.847516897
geneo,5685,0.847516897
geneo,5686,0.847516897
geneo,5687,0.847516897
geneo,5688,0.752882836
geneo,5689,0.418499148
geneo,5690,0.285244429
geneo,5691,0.263285453
geneo,5692,0.191858147
geneo,5693,0.183089400
geneo,5694,0.144908499
geneo,5695,0.131970875
geneo,5696,0.135358030
geneo,5697,0.121462885
geneo,5698,0.031076480
geneo,5699,0.015522654
geneo,5700,0.003856843
geneo,5701,0.000000000
geneo,5712,1.000000000
geneo,5713,1.000000000
geneo,5714,1.000000000
geneo,5715,1.000000000
geneo,5716,1.000000000
geneo,5717,1.000000000
geneo,5718,1.000000000
geneo,5719,1.000000000
geneo,5720,1.000000000
geneo,5721,1.000000000
geneo,5722,1.000000000
geneo,5723,1.000000000
geneo,5724,1.000000000
geneo,5725,1.000000000
geneo,5726,1.000000000
geneo,5727,1.000000000
geneo,5728,1.000000000
geneo,5729,1.000000000
geneo,5730,1.000000000
geneo,5731,1.000000000
geneo,5732,1.000000000
geneo,5733,1.000000000
geneo,5734,1.000000000
geneo,5735,1.000000000
geneo,5736,0.983646122
geneo,5737,0.870033875
geneo,5738,0.840340871
geneo,5739,0.753755259
geneo,5740,0.472707805
geneo,5741,0.369405975
geneo,5742,0.207772825
geneo,5743,0.087438310
geneo,5744,0.026635855
geneo,5745,0.018305942
geneo,5746,0.000009604
geneo,5760,1.000000000
geneo,5761,1.000000000
geneo,5762,1.000000000
geneo,5763,1.000000000
geneo,5764,1.000000000
geneo,5765,1.000000000
geneo,5766,1.000000000
geneo,5767,1.000000000
geneo,5768,1.000000000
geneo,5769,1.000000000
geneo,5770,1.000000000
geneo,5771,1.000000000
geneo,5772,1.000000000
geneo,5773,1.000000000
geneo,5774,1.000000000
geneo,5775,1.000000000
geneo,5776,1.000000000
geneo,5777,1.000000000
geneo,5778,1.000000000
geneo,5779,1.000000000
geneo,5780,1.000000000
geneo,5781,1.000000000
geneo,5782,1.000000000
geneo,5783,1.000000000
geneo,5784,1.000000000
geneo,5785,0.983646118
geneo,5786,0.981694258
geneo,5787,0.969125382
geneo,5788,0.897207687
geneo,5789,0.885699274
geneo,5790,0.789246809
geneo,5791,0.543689857
geneo,5792,0.254436041
geneo,5793,0.147774427
geneo,5794,0.036667620
geneo,5795,0.000076217
geneo,5808,0.985402679
geneo,5809,1.000000000
geneo,5810,1.000000000
geneo,5811,1.000000000
geneo,5812,1.000000000
geneo,5813,1.000000000
geneo,5814,1.000000000
geneo,5815,1.000000000
geneo,5816,1.000000000
geneo,5817,1.000000000
geneo,5818,1.000000000
geneo,5819,1.000000000
geneo,5820,1.000000000
geneo,5821,0.987281373
geneo,5822,0.984486383
geneo,5823,0.972310516
geneo,5824,0.898010270
geneo,5825,0.866372587
geneo,5826,0.863031683
geneo,5827,0.850393253
geneo,5828,0.853090984
geneo,5829,0.848451606
geneo,5830,0.847702592
geneo,5831,0.847710977
geneo,5832,0.834525801
geneo,5833,0.756885451
geneo,5834,0.732444499
geneo,5835,0.729844287
geneo,5836,0.718293973
geneo,5837,0.731226331
geneo,5838,0.721034219
geneo,5839,0.693478498
geneo,5840,0.699562343
geneo,5841,0.618548801
geneo,5842,0.333532095
geneo,5843,0.141201937
geneo,5844,0.053564774
geneo,5845,0.010217428
geneo,5856,0.753308928
geneo,5857,0.835150062
geneo,5858,0.869555233
geneo,5859,0.971754166
geneo,5860,1.000000000
geneo,5861,1.000000000
geneo,5862,0.985402925
geneo,5863,0.969913629
geneo,5864,0.884039896
geneo,5865,0.863974016
geneo,5866,0.852805418
geneo,5867,0.847516899
geneo,5868,0.834798270
geneo,5869,0.757873688
geneo,5870,0.728863792
geneo,5871,0.655102688
geneo,5872,0.422758358
geneo,5873,0.293406899
geneo,5874,0.261300800
geneo,5875,0.190336350
geneo,5876,0.188782335
geneo,5877,0.163690772
geneo,5878,0.154694204
geneo,5879,0.154669075
geneo,5880,0.163408739
geneo,5881,0.177243425
geneo,5882,0.174800397
geneo,5883,0.173689411
geneo,5884,0.186807309
geneo,5885,0.248006149
geneo,5886,0.276749774
geneo,5887,0.394393187
geneo,5888,0.616498440
geneo,5889,0.702574951
geneo,5890,0.635034732
geneo,5891,0.574839888
geneo,5892,0.397903946
geneo,5893,0.200033573
geneo,5894,0.057867352
geneo,5895,0.003529883
geneo,5904,0.147014332
geneo,5905,0.159006943
geneo,5906,0.299148455
geneo,5907,0.658355911
geneo,5908,0.844697357
geneo,5909,0.898956964
geneo,5910,0.874384970
geneo,5911,0.779017709
geneo,5912,0.502311147
geneo,5913,0.300308232
geneo,5914,0.214348553
geneo,5915,0.173286133
geneo,5916,0.152489420
geneo,5917,0.139764482
geneo,5918,0.136969552
geneo,5919,0.124795956
geneo,5920,0.050506070
geneo,5921,0.018861005
geneo,5922,0.015515633
geneo,5923,0.002876591
geneo,5924,0.005574158
geneo,5925,0.000934722
geneo,5926,0.000185697
geneo,5927,0.000194081
geneo,5928,0.000869096
geneo,5929,0.005666096
geneo,5930,0.004726991
geneo,5931,0.004614705
geneo,5932,0.005240313
geneo,5933,0.015514683
geneo,5934,0.018680658
geneo,5935,0.054264206
geneo,5936,0.168037502
geneo,5937,0.256273291
geneo,5938,0.321312575
geneo,5939,0.471473114
geneo,5940,0.596280914
geneo,5941,0.579514287
geneo,5942,0.385165010
geneo,5943,0.157542295
geneo,5944,0.031045597
geneo,5945,0.000000026
geneo,5953,0.000004641
geneo,5954,0.022038337
geneo,5955,0.128147259
geneo,5956,0.225794835
geneo,5957,0.457782265
geneo,5958,0.687077740
geneo,5959,0.807239575
geneo,5960,0.588566943
geneo,5961,0.288804361
geneo,5962,0.149186719
geneo,5963,0.121477087
geneo,5964,0.031065793
geneo,5965,0.000265546
geneo,5966,0.000000004
geneo,5967,0.000000044
geneo,5968,0.000002077
geneo,5969,0.000000548
geneo,5970,0.000000046
geneo,5971,0.000000031
geneo,5972,0.000000007
geneo,5973,0.000000001
geneo,5974,0.000000000
geneo,5975,0.000000000
geneo,5976,0.000000000
geneo,5977,0.000000000
geneo,5978,0.000000000
geneo,5979,0.000000000
geneo,5980,0.000000000
geneo,5981,0.000000000
geneo,5982,0.000000083
geneo,5983,0.000020980
geneo,5984,0.006409442
geneo,5985,0.017502707
geneo,5986,0.048903671
geneo,5987,0.177163937
geneo,5988,0.290250087
geneo,5989,0.460202255
geneo,5990,0.618558180
geneo,5991,0.611312996
geneo,5992,0.330149337
geneo,5993,0.118408432
geneo,5994,0.012334312
geneo,6004,0.009916438
geneo,6005,0.081551644
geneo,6006,0.323825287
geneo,6007,0.562336973
geneo,6008,0.488833194
geneo,6009,0.362892821
geneo,6010,0.210311829
geneo,6011,0.154405706
geneo,6012,0.121719766
geneo,6013,0.032539910
geneo,6014,0.002812540
geneo,6015,0.000000003
geneo,6016,0.000000000
geneo,6019,0.000000000
geneo,6020,0.000000000
geneo,6021,0.000000000
geneo,6033,0.000000000
geneo,6034,0.000516536
geneo,6035,0.017772580
geneo,6036,0.050086470
geneo,6037,0.192094543
geneo,6038,0.410461760
geneo,6039,0.655387710
geneo,6040,0.707716896
geneo,6041,0.548931993
geneo,6042,0.208858259
geneo,6043,0.021548556
geneo,6044,0.000000013
geneo,6053,0.000000001
geneo,6054,0.032639942
geneo,6055,0.136167311
geneo,6056,0.220064683
geneo,6057,0.338942994
geneo,6058,0.234944639
geneo,6059,0.163137705
geneo,6060,0.152483751
geneo,6061,0.124266648
geneo,6062,0.045910759
geneo,6063,0.008670078
geneo,6064,0.000000105
geneo,6065,0.000000000
geneo,6066,0.000000000
geneo,6067,0.000000000
geneo,6068,0.000000000
geneo,6083,0.000000000
geneo,6084,0.001989335
geneo,6085,0.034203306
geneo,6086,0.156718623
geneo,6087,0.341298591
geneo,6088,0.649223627
geneo,6089,0.797928775
geneo,6090,0.622972872
geneo,6091,0.265306934
geneo,6092,0.053190899
geneo,6093,0.002767832
geneo,6103,0.001611325
geneo,6104,0.038528469
geneo,6105,0.166976675
geneo,6106,0.170616513
geneo,6107,0.154308668
geneo,6108,0.152483237
geneo,6109,0.152483103
geneo,6110,0.130124173
geneo,6111,0.066680170
geneo,6112,0.021631851
geneo,6113,0.000017617
geneo,6114,0.000000121
geneo,6115,0.000000015
geneo,6116,0.000000002
geneo,6117,0.000000000
geneo,6118,0.000000000
geneo,6132,0.000000000
geneo,6133,0.000000006
geneo,6134,0.016771775
geneo,6135,0.053878397
geneo,6136,0.319099384
geneo,6137,0.651159754
geneo,6138,0.816489883
geneo,6139,0.657839362
geneo,6140,0.382146817
geneo,6141,0.153100715
geneo,6142,0.015514497
geneo,6152,0.000000314
geneo,6153,0.031028995
geneo,6154,0.121454118
geneo,6155,0.137773499
geneo,6156,0.152483107
geneo,6157,0.152483103
geneo,6158,0.152483103
geneo,6159,0.143085363
geneo,6160,0.121471724
geneo,6161,0.031131184
geneo,6162,0.001149325
geneo,6163,0.000017041
geneo,6164,0.000001936
geneo,6165,0.000000015
geneo,6166,0.000000000
geneo,6167,0.000000000
geneo,6179,0.000000000
geneo,6180,0.000000000
geneo,6181,0.000000010
geneo,6182,0.000000179
geneo,6183,0.001056630
geneo,6184,0.046575633
geneo,6185,0.317827195
geneo,6186,0.643935322
geneo,6187,0.819857482
geneo,6188,0.761227778
geneo,6189,0.619043636
geneo,6190,0.227393741
geneo,6191,0.018305826
geneo,6202,0.016319366
geneo,6203,0.035720115
geneo,6204,0.122258985
geneo,6205,0.137087081
geneo,6206,0.143579129
geneo,6207,0.152483103
geneo,6208,0.152483103
geneo,6209,0.122602719
geneo,6210,0.037638468
geneo,6211,0.004557812
geneo,6212,0.000174527
geneo,6213,0.000002456
geneo,6214,0.000000014
geneo,6215,0.000000000
geneo,6227,0.000000000
geneo,6228,0.000000000
geneo,6229,0.000000087
geneo,6230,0.000010621
geneo,6231,0.000088148
geneo,6232,0.000622172
geneo,6233,0.040837003
geneo,6234,0.275665250
geneo,6235,0.625562658
geneo,6236,0.826870811
geneo,6237,0.895646437
geneo,6238,0.646889152
geneo,6239,0.286611676
geneo,6250,0.000000000
geneo,6251,0.000804876
geneo,6252,0.015633011
geneo,6253,0.022815546
geneo,6254,0.069678189
geneo,6255,0.132745122
geneo,6256,0.152483103
geneo,6257,0.152483103
geneo,6258,0.125911877
geneo,6259,0.050581610
geneo,6260,0.006140135
geneo,6261,0.000150174
geneo,6262,0.000000467
geneo,6263,0.000000000
geneo,6275,0.000000000
geneo,6276,0.000000001
geneo,6277,0.000000223
geneo,6278,0.000020652
geneo,6279,0.000612041
geneo,6280,0.004687096
geneo,6281,0.010055414
geneo,6282,0.028717357
geneo,6283,0.204667824
geneo,6284,0.537653412
geneo,6285,0.750874249
geneo,6286,0.938890516
geneo,6287,0.856694174
geneo,6299,0.000000000
geneo,6300,0.000000007
geneo,6301,0.000120244
geneo,6302,0.011303093
geneo,6303,0.062991144
geneo,6304,0.141649096
geneo,6305,0.152483103
geneo,6306,0.152483103
geneo,6307,0.126737834
geneo,6308,0.029025550
geneo,6309,0.001963778
geneo,6310,0.000000918
geneo,6311,0.000000000
geneo,6323,0.000000000
geneo,6324,0.000000002
geneo,6325,0.000000377
geneo,6326,0.000038248
geneo,6327,0.000735761
geneo,6328,0.005879408
geneo,6329,0.019239810
geneo,6330,0.023051340
geneo,6331,0.015093300
geneo,6332,0.113980229
geneo,6333,0.376880478
geneo,6334,0.878545922
geneo,6335,1.000000000
geneo,6347,0.000000000
geneo,6348,0.000000007
geneo,6349,0.000120244
geneo,6350,0.011303079
geneo,6351,0.062991123
geneo,6352,0.141649092
geneo,6353,0.152483103
geneo,6354,0.152483103
geneo,6355,0.126737838
geneo,6356,0.029025554
geneo,6357,0.001963779
geneo,6358,0.000000918
geneo,6359,0.000000000
geneo,6371,0.000000000
geneo,6372,0.000000002
geneo,6373,0.000000377
geneo,6374,0.000038248
geneo,6375,0.000735777
geneo,6376,0.005880672
geneo,6377,0.019246384
geneo,6378,0.023051682
geneo,6379,0.015093535
geneo,6380,0.113981261
geneo,6381,0.376880666
geneo,6382,0.878545922
geneo,6383,1.000000000
geneo,6394,0.000000000
geneo,6395,0.000804873
geneo,6396,0.015633011
geneo,6397,0.022815537
geneo,6398,0.069678134
geneo,6399,0.132745108
geneo,6400,0.152483103
geneo,6401,0.152483103
geneo,6402,0.125911882
geneo,6403,0.050581630
geneo,6404,0.006140139
geneo,6405,0.000150174
geneo,6406,0.000000467
geneo,6407,0.000000000
geneo,6419,0.000000000
geneo,6420,0.000000001
geneo,6421,0.000000223
geneo,6422,0.000020652
geneo,6423,0.000612068
geneo,6424,0.004691529
geneo,6425,0.010070963
geneo,6426,0.028722445
geneo,6427,0.204668987
geneo,6428,0.537656514
geneo,6429,0.750875320
geneo,6430,0.938890527
geneo,6431,0.856694174
geneo,6442,0.016319363
geneo,6443,0.035720096
geneo,6444,0.122258982
geneo,6445,0.137087080
geneo,6446,0.143579120
geneo,6447,0.152483103
geneo,6448,0.152483103
geneo,6449,0.122602721
geneo,6450,0.037638481
geneo,6451,0.004557817
geneo,6452,0.000174527
geneo,6453,0.000002456
geneo,6454,0.000000014
geneo,6455,0.000000000
geneo,6467,0.000000000
geneo,6468,0.000000000
geneo,6469,0.000000087
geneo,6470,0.000010621
geneo,6471,0.000088152
geneo,6472,0.000622807
geneo,6473,0.040841828
geneo,6474,0.275669302
geneo,6475,0.625563422
geneo,6476,0.826871780
geneo,6477,0.895646478
geneo,6478,0.646889128
geneo,6479,0.286611676
geneo,6488,0.000000314
geneo,6489,0.031028995
geneo,6490,0.121454118
geneo,6491,0.137773496
geneo,6492,0.152483107
geneo,6493,0.152483103
geneo,6494,0.152483103
geneo,6495,0.143085379
geneo,6496,0.121471724
geneo,6497,0.031131184
geneo,6498,0.001149327
geneo,6499,0.000017041
geneo,6500,0.000001936
geneo,6501,0.000000015
geneo,6502,0.000000000
geneo,6503,0.000000000
geneo,6515,0.000000000
geneo,6516,0.000000000
geneo,6517,0.000000010
geneo,6518,0.000000179
geneo,6519,0.001056662
geneo,6520,0.046575637
geneo,6521,0.317827200
geneo,6522,0.643935910
geneo,6523,0.819857537
geneo,6524,0.761228091
geneo,6525,0.619043667
geneo,6526,0.227393741
geneo,6527,0.018305826
geneo,6535,0.001611331
geneo,6536,0.038528459
geneo,6537,0.166976605
geneo,6538,0.170616453
geneo,6539,0.154308659
geneo,6540,0.152483237
geneo,6541,0.152483103
geneo,6542,0.130124195
geneo,6543,0.066680266
geneo,6544,0.021631867
geneo,6545,0.000017617
geneo,6546,0.000000121
geneo,6547,0.000000015
geneo,6548,0.000000002
geneo,6549,0.000000000
geneo,6550,0.000000000
geneo,6564,0.000000000
geneo,6565,0.000000006
geneo,6566,0.016771811
geneo,6567,0.053878604
geneo,6568,0.319099422
geneo,6569,0.651159755
geneo,6570,0.816489883
geneo,6571,0.657839764
geneo,6572,0.382147782
geneo,6573,0.153101037
geneo,6574,0.015514497
geneo,6581,0.000000001
geneo,6582,0.032639948
geneo,6583,0.136167371
geneo,6584,0.220064779
geneo,6585,0.338942858
geneo,6586,0.234944443
geneo,6587,0.163137655
geneo,6588,0.152483751
geneo,6589,0.124266655
geneo,6590,0.045910794
geneo,6591,0.008670101
geneo,6592,0.000000105
geneo,6593,0.000000000
geneo,6594,0.000000000
geneo,6595,0.000000000
geneo,6596,0.000000000
geneo,6611,0.000000000
geneo,6612,0.001989352
geneo,6613,0.034203350
geneo,6614,0.156718907
geneo,6615,0.341298746
geneo,6616,0.649223533
geneo,6617,0.797928070
geneo,6618,0.622972831
geneo,6619,0.265307456
geneo,6620,0.053191301
geneo,6621,0.002767888
geneo,6628,0.009916540
geneo,6629,0.081551898
geneo,6630,0.323825331
geneo,6631,0.562337118
geneo,6632,0.488833673
geneo,6633,0.362893109
geneo,6634,0.210311843
geneo,6635,0.154405698
geneo,6636,0.121719766
geneo,6637,0.032539914
geneo,6638,0.002812547
geneo,6639,0.000000003
geneo,6640,0.000000000
geneo,6643,0.000000000
geneo,6644,0.000000000
geneo,6645,0.000000000
geneo,6657,0.000000000
geneo,6658,0.000516539
geneo,6659,0.017772602
geneo,6660,0.050086650
geneo,6661,0.192095116
geneo,6662,0.410462585
geneo,6663,0.655387994
geneo,6664,0.707716196
geneo,6665,0.548929879
geneo,6666,0.208857554
geneo,6667,0.021548636
geneo,6668,0.000000013
geneo,6673,0.000004641
geneo,6674,0.022038532
geneo,6675,0.128147319
geneo,6676,0.225795430
geneo,6677,0.457783086
geneo,6678,0.687077995
geneo,6679,0.807239602
geneo,6680,0.588567115
geneo,6681,0.288804462
geneo,6682,0.149186739
geneo,6683,0.121477087
geneo,6684,0.031065793
geneo,6685,0.000265547
geneo,6686,0.000000004
geneo,6687,0.000000044
geneo,6688,0.000002077
geneo,6689,0.000000548
geneo,6690,0.000000046
geneo,6691,0.000000031
geneo,6692,0.000000007
geneo,6693,0.000000001
geneo,6694,0.000000000
geneo,6695,0.000000000
geneo,6696,0.000000000
geneo,6697,0.000000000
geneo,6698,0.000000000
geneo,6699,0.000000000
geneo,6700,0.000000000
geneo,6701,0.000000000
geneo,6702,0.000000083
geneo,6703,0.000020980
geneo,6704,0.006409452
geneo,6705,0.017502750
geneo,6706,0.048903989
geneo,6707,0.177164396
geneo,6708,0.290250549
geneo,6709,0.460203202
geneo,6710,0.618558688
geneo,6711,0.611313032
geneo,6712,0.330149216
geneo,6713,0.118407727
geneo,6714,0.012334191
geneo,6720,0.147014379
geneo,6721,0.159007138
geneo,6722,0.299149593
geneo,6723,0.658356118
geneo,6724,0.844697461
geneo,6725,0.898957218
geneo,6726,0.874385014
geneo,6727,0.779017729
geneo,6728,0.502311208
geneo,6729,0.300308260
geneo,6730,0.214348598
geneo,6731,0.173286141
geneo,6732,0.152489420
geneo,6733,0.139764486
geneo,6734,0.136969552
geneo,6735,0.124795986
geneo,6736,0.050506243
geneo,6737,0.018861035
geneo,6738,0.015515633
geneo,6739,0.002876601
geneo,6740,0.005574167
geneo,6741,0.000934723
geneo,6742,0.000185698
geneo,6743,0.000194081
geneo,6744,0.000869097
geneo,6745,0.005666103
geneo,6746,0.004726998
geneo,6747,0.004614713
geneo,6748,0.005240330
geneo,6749,0.015514683
geneo,6750,0.018680740
geneo,6751,0.054264778
geneo,6752,0.168038111
geneo,6753,0.256273610
geneo,6754,0.321313655
geneo,6755,0.471474511
geneo,6756,0.596281375
geneo,6757,0.579514507
geneo,6758,0.385164932
geneo,6759,0.157542251
geneo,6760,0.031045597
geneo,6761,0.000000026
geneo,6768,0.753309204
geneo,6769,0.835150102
geneo,6770,0.869555429
geneo,6771,0.971754168
geneo,6772,1.000000000
geneo,6773,1.000000000
geneo,6774,0.985402925
geneo,6775,0.969913632
geneo,6776,0.884039916
geneo,6777,0.863974020
geneo,6778,0.852805425
geneo,6779,0.847516899
geneo,6780,0.834798274
geneo,6781,0.757873715
geneo,6782,0.728863797
geneo,6783,0.655102861
geneo,6784,0.422758877
geneo,6785,0.293407072
geneo,6786,0.261300810
geneo,6787,0.190336417
geneo,6788,0.188782401
geneo,6789,0.163690790
geneo,6790,0.154694207
geneo,6791,0.154669078
geneo,6792,0.163408753
geneo,6793,0.177243478
geneo,6794,0.174800457
geneo,6795,0.173689487
geneo,6796,0.186807440
geneo,6797,0.248006170
geneo,6798,0.276750256
geneo,6799,0.394395106
geneo,6800,0.616500345
geneo,6801,0.702575461
geneo,6802,0.635035028
geneo,6803,0.574840311
geneo,6804,0.397903964
geneo,6805,0.200033356
geneo,6806,0.057867274
geneo,6807,0.003529875
geneo,6816,0.985402727
geneo,6817,1.000000000
geneo,6818,1.000000000
geneo,6819,1.000000000
geneo,6820,1.000000000
geneo,6821,1.000000000
geneo,6822,1.000000000
geneo,6823,1.000000000
geneo,6824,1.000000000
geneo,6825,1.000000000
geneo,6826,1.000000000
geneo,6827,1.000000000
geneo,6828,1.000000000
geneo,6829,0.987281377
geneo,6830,0.984486383
geneo,6831,0.972310546
geneo,6832,0.898010443
geneo,6833,0.866372617
geneo,6834,0.863031683
geneo,6835,0.850393263
geneo,6836,0.853090993
geneo,6837,0.848451608
geneo,6838,0.847702592
geneo,6839,0.847710977
geneo,6840,0.834525805
geneo,6841,0.756885477
geneo,6842,0.732444510
geneo,6843,0.729844319
geneo,6844,0.718294075
geneo,6845,0.731226371
geneo,6846,0.721034306
geneo,6847,0.693479082
geneo,6848,0.699562893
geneo,6849,0.618548882
geneo,6850,0.333532095
geneo,6851,0.141201935
geneo,6852,0.053564769
geneo,6853,0.010217392
geneo,6864,1.000000000
geneo,6865,1.000000000
geneo,6866,1.000000000
geneo,6867,1.000000000
geneo,6868,1.000000000
geneo,6869,1.000000000
geneo,6870,1.000000000
geneo,6871,1.000000000
geneo,6872,1.000000000
geneo,6873,1.000000000
geneo,6874,1.000000000
geneo,6875,1.000000000
geneo,6876,1.000000000
geneo,6877,1.000000000
geneo,6878,1.000000000
geneo,6879,1.000000000
geneo,6880,1.000000000
geneo,6881,1.000000000
geneo,6882,1.000000000
geneo,6883,1.000000000
geneo,6884,1.000000000
geneo,6885,1.000000000
geneo,6886,1.000000000
geneo,6887,1.000000000
geneo,6888,1.000000000
geneo,6889,0.983646122
geneo,6890,0.981694258
geneo,6891,0.969125401
geneo,6892,0.897207819
geneo,6893,0.885699406
geneo,6894,0.789246857
geneo,6895,0.543689922
geneo,6896,0.254436016
geneo,6897,0.147774419
geneo,6898,0.036667620
geneo,6899,0.000076216
geneo,6912,1.000000000
geneo,6913,1.000000000
geneo,6914,1.000000000
geneo,6915,1.000000000
geneo,6916,1.000000000
geneo,6917,1.000000000
geneo,6918,1.000000000
geneo,6919,1.000000000
geneo,6920,1.000000000
geneo,6921,1.000000000
geneo,6922,1.000000000
geneo,6923,1.000000000
geneo,6924,1.000000000
geneo,6925,1.000000000
geneo,6926,1.000000000
geneo,6927,1.000000000
geneo,6928,1.000000000
geneo,6929,1.000000000
geneo,6930,1.000000000
geneo,6931,1.000000000
geneo,6932,1.000000000
geneo,6933,1.000000000
geneo,6934,1.000000000
geneo,6935,1.000000000
geneo,6936,1.000000000
geneo,6937,1.000000000
geneo,6938,1.000000000
geneo,6939,1.000000000
geneo,6940,0.999831310
geneo,6941,1.000000000
geneo,6942,0.990020499
geneo,6943,0.842824055
geneo,6944,0.502747723
geneo,6945,0.252440362
geneo,6946,0.148225243
geneo,6947,0.036999910
geneo,6948,0.000066615
geneo,6960,1.000000000
geneo,6961,1.000000000
geneo,6962,1.000000000
geneo,6963,1.000000000
geneo,6964,1.000000000
geneo,6965,1.000000000
geneo,6966,1.000000000
geneo,6967,1.000000000
geneo,6968,1.000000000
geneo,6969,1.000000000
geneo,6970,1.000000000
geneo,6971,1.000000000
geneo,6972,1.000000000
geneo,6973,1.000000000
geneo,6974,1.000000000
geneo,6975,1.000000000
geneo,6976,0.987825013
geneo,6977,0.984485792
geneo,6978,0.971847362
geneo,6979,0.900884610
geneo,6980,0.899330619
geneo,6981,0.874239061
geneo,6982,0.865242495
geneo,6983,0.865217366
geneo,6984,0.873957030
geneo,6985,0.901651908
geneo,6986,0.900863114
geneo,6987,0.899752198
geneo,6988,0.912870096
geneo,6989,0.974068350
geneo,6990,0.984485604
geneo,6991,0.967436382
geneo,6992,0.898949974
geneo,6993,0.839894293
geneo,6994,0.651528658
geneo,6995,0.349843134
geneo,6996,0.147515094
geneo,6997,0.068101208
geneo,6998,0.006360588
geneo,7008,0.838388348
geneo,7009,0.854013688
geneo,7010,0.916416607
geneo,7011,0.990982294
geneo,7012,1.000000000
geneo,7013,1.000000000
geneo,7014,1.000000000
geneo,7015,1.000000000
geneo,7016,0.985428125
geneo,7017,0.974259527
geneo,7018,0.909369650
geneo,7019,0.868319927
geneo,7020,0.863031397
geneo,7021,0.863031400
geneo,7022,0.863031459
geneo,7023,0.850858744
geneo,7024,0.776568858
geneo,7025,0.744923793
geneo,7026,0.667917937
geneo,7027,0.462659114
geneo,7028,0.409128775
geneo,7029,0.339365849
geneo,7030,0.299277712
geneo,7031,0.298993025
geneo,7032,0.338803699
geneo,7033,0.421141372
geneo,7034,0.432025364
geneo,7035,0.428234815
geneo,7036,0.498258660
geneo,7037,0.681695133
geneo,7038,0.744743445
geneo,7039,0.780326994
geneo,7040,0.894100289
geneo,7041,0.973758542
geneo,7042,0.954992776
geneo,7043,0.857989347
geneo,7044,0.710760163
geneo,7045,0.463921315
geneo,7046,0.177570715
geneo,7047,0.031124887
geneo,7048,0.000016452
geneo,7056,0.161611652
geneo,7057,0.205868316
geneo,7058,0.477987600
geneo,7059,0.783358000
geneo,7060,0.901334977
geneo,7061,0.978887444
geneo,7062,1.000000000
geneo,7063,0.985428125
geneo,7064,0.899554393
geneo,7065,0.804385354
geneo,7066,0.593802218
geneo,7067,0.426221431
geneo,7068,0.305003022
geneo,7069,0.289458052
geneo,7070,0.289452031
geneo,7071,0.289464605
geneo,7072,0.277316486
geneo,7073,0.273959451
geneo,7074,0.261303250
geneo,7075,0.190337173
geneo,7076,0.188782632
geneo,7077,0.163690828
geneo,7078,0.154694214
geneo,7079,0.154669078
geneo,7080,0.163408741
geneo,7081,0.191103618
geneo,7082,0.190314824
geneo,7083,0.189346877
geneo,7084,0.203155086
geneo,7085,0.263663519
geneo,7086,0.274061051
geneo,7087,0.314805614
geneo,7088,0.490448094
geneo,7089,0.690497344
geneo,7090,0.774966458
geneo,7091,0.901660319
geneo,7092,0.954714746
geneo,7093,0.893998946
geneo,7094,0.678086421
geneo,7095,0.352648934
geneo,7096,0.137064523
geneo,7097,0.015515097
geneo,7105,0.006496791
geneo,7106,0.068899720
geneo,7107,0.181769044
geneo,7108,0.423221550
geneo,7109,0.732844585
geneo,7110,0.959462958
geneo,7111,1.000000000
geneo,7112,0.959735373
geneo,7113,0.859637897
geneo,7114,0.772430402
geneo,7115,0.640963005
geneo,7116,0.349217462
geneo,7117,0.169545321
geneo,7118,0.152742402
geneo,7119,0.152485441
geneo,7120,0.152495800
geneo,7121,0.152488418
geneo,7122,0.152483950
geneo,7123,0.152483338
geneo,7124,0.152483174
geneo,7125,0.152483116
geneo,7126,0.152483105
geneo,7127,0.152483104
geneo,7128,0.152483103
geneo,7129,0.152483103
geneo,7130,0.152483103
geneo,7131,0.152483103
geneo,7132,0.152483104
geneo,7133,0.152483188
geneo,7134,0.152504569
geneo,7135,0.159014909
geneo,7136,0.205375546
geneo,7137,0.267842751
geneo,7138,0.374865770
geneo,7139,0.647192898
geneo,7140,0.776149257
geneo,7141,0.899656245
geneo,7142,0.950542583
geneo,7143,0.863127311
geneo,7144,0.635654876
geneo,7145,0.239731558
geneo,7146,0.024161987
geneo,7147,0.000004264
geneo,7155,0.003910000
geneo,7156,0.062198764
geneo,7157,0.286156352
geneo,7158,0.645629305
geneo,7159,0.862229734
geneo,7160,0.902428788
geneo,7161,0.899758400
geneo,7162,0.856197338
geneo,7163,0.832025486
geneo,7164,0.652699884
geneo,7165,0.355940201
geneo,7166,0.184390284
geneo,7167,0.155036426
geneo,7168,0.152483106
geneo,7169,0.152483103
geneo,7170,0.152483103
geneo,7171,0.152483103
geneo,7172,0.152483103
geneo,7173,0.152483103
geneo,7174,0.152483103
geneo,7175,0.152483103
geneo,7176,0.152483103
geneo,7177,0.152483103
geneo,7178,0.152483103
geneo,7179,0.152483103
geneo,7180,0.152483103
geneo,7181,0.152483103
geneo,7182,0.152483103
geneo,7183,0.146276960
geneo,7184,0.149152119
geneo,7185,0.151321016
geneo,7186,0.171008190
geneo,7187,0.270533916
geneo,7188,0.399415078
geneo,7189,0.671817551
geneo,7190,0.881532479
geneo,7191,0.972359572
geneo,7192,0.965786584
geneo,7193,0.731664450
geneo,7194,0.311595467
geneo,7195,0.074819665
geneo,7196,0.006029717
geneo,7204,0.000000001
geneo,7205,0.023895181
geneo,7206,0.146357899
geneo,7207,0.377016081
geneo,7208,0.673364482
geneo,7209,0.884283443
geneo,7210,0.865666931
geneo,7211,0.849342391
geneo,7212,0.832261743
geneo,7213,0.667544848
geneo,7214,0.399869121
geneo,7215,0.218530580
geneo,7216,0.158600472
geneo,7217,0.152483207
geneo,7218,0.152483104
geneo,7219,0.152483103
geneo,7220,0.152483103
geneo,7221,0.152483103
geneo,7222,0.152483103
geneo,7223,0.152483103
geneo,7224,0.152483103
geneo,7225,0.152483103
geneo,7226,0.152483103
geneo,7227,0.152483103
geneo,7228,0.152483103
geneo,7229,0.152483103
geneo,7230,0.146276960
geneo,7231,0.111777685
geneo,7232,0.119580149
geneo,7233,0.134646516
geneo,7234,0.141242904
geneo,7235,0.143855582
geneo,7236,0.179592293
geneo,7237,0.350837246
geneo,7238,0.640069255
geneo,7239,0.779934164
geneo,7240,0.954714972
geneo,7241,0.981305318
geneo,7242,0.800882453
geneo,7243,0.469797971
geneo,7244,0.174880219
geneo,7245,0.015514497
geneo,7254,0.001610948
geneo,7255,0.055934615
geneo,7256,0.319435345
geneo,7257,0.643169141
geneo,7258,0.833827255
geneo,7259,0.847517031
geneo,7260,0.847516901
geneo,7261,0.834555707
geneo,7262,0.701685005
geneo,7263,0.473869460
geneo,7264,0.294093094
geneo,7265,0.168100392
geneo,7266,0.152501333
geneo,7267,0.152483311
geneo,7268,0.152483127
geneo,7269,0.152483105
geneo,7270,0.152483103
geneo,7271,0.152483103
geneo,7272,0.152483103
geneo,7273,0.152483103
geneo,7274,0.152483103
geneo,7275,0.152483103
geneo,7276,0.152483103
geneo,7277,0.152483103
geneo,7278,0.151280725
geneo,7279,0.133665199
geneo,7280,0.109295034
geneo,7281,0.101007590
geneo,7282,0.071296866
geneo,7283,0.077924130
geneo,7284,0.141866257
geneo,7285,0.164930134
geneo,7286,0.252332184
geneo,7287,0.368503270
geneo,7288,0.688280358
geneo,7289,0.953460064
geneo,7290,0.990515220
geneo,7291,0.900943007
geneo,7292,0.657799499
geneo,7293,0.245676051
geneo,7294,0.015514497
geneo,7303,0.000000314
geneo,7304,0.031063183
geneo,7305,0.227582624
geneo,7306,0.605458880
geneo,7307,0.746268410
geneo,7308,0.832807269
geneo,7309,0.847516897
geneo,7310,0.838119157
geneo,7311,0.777228459
geneo,7312,0.641857096
geneo,7313,0.350285941
geneo,7314,0.174711210
geneo,7315,0.153715196
geneo,7316,0.152511212
geneo,7317,0.152485103
geneo,7318,0.152483117
geneo,7319,0.152483103
geneo,7320,0.152483103
geneo,7321,0.152483103
geneo,7322,0.152483103
geneo,7323,0.152483103
geneo,7324,0.152483103
geneo,7325,0.152483103
geneo,7326,0.152483103
geneo,7327,0.150009142
geneo,7328,0.132357507
geneo,7329,0.087271146
geneo,7330,0.070075501
geneo,7331,0.113575488
geneo,7332,0.146164660
geneo,7333,0.110792377
geneo,7334,0.055364764
geneo,7335,0.070203583
geneo,7336,0.320470619
geneo,7337,0.659511118
geneo,7338,0.911206825
geneo,7339,0.992750575
geneo,7340,0.971738838
geneo,7341,0.741577285
geneo,7342,0.258422715
geneo,7343,0.018305837
geneo,7353,0.015559829
geneo,7354,0.141735351
geneo,7355,0.361504642
geneo,7356,0.640447308
geneo,7357,0.733363837
geneo,7358,0.780224711
geneo,7359,0.838612923
geneo,7360,0.832019912
geneo,7361,0.657846879
geneo,7362,0.372068403
geneo,7363,0.194431607
geneo,7364,0.156795935
geneo,7365,0.152643730
geneo,7366,0.152483648
geneo,7367,0.152483103
geneo,7368,0.152483103
geneo,7369,0.152483103
geneo,7370,0.152483103
geneo,7371,0.152483103
geneo,7372,0.152483103
geneo,7373,0.152483103
geneo,7374,0.152483103
geneo,7375,0.152483103
geneo,7376,0.143554533
geneo,7377,0.097102144
geneo,7378,0.113478786
geneo,7379,0.145589889
geneo,7380,0.130439103
geneo,7381,0.061058740
geneo,7382,0.053076245
geneo,7383,0.055846314
geneo,7384,0.050032367
geneo,7385,0.192583469
geneo,7386,0.510000387
geneo,7387,0.820915737
geneo,7388,0.980563063
geneo,7389,0.984485503
geneo,7390,0.741577294
geneo,7391,0.304917544
geneo,7402,0.014902808
geneo,7403,0.133327836
geneo,7404,0.258488689
geneo,7405,0.314539532
geneo,7406,0.485330502
geneo,7407,0.716962786
geneo,7408,0.836682890
geneo,7409,0.833133497
geneo,7410,0.677150777
geneo,7411,0.411057804
geneo,7412,0.201387127
geneo,7413,0.155309667
geneo,7414,0.152486752
geneo,7415,0.152483104
geneo,7416,0.152483103
geneo,7417,0.152483103
geneo,7418,0.152483103
geneo,7419,0.152483103
geneo,7420,0.152483103
geneo,7421,0.152483103
geneo,7422,0.152483103
geneo,7423,0.152483103
geneo,7424,0.152483103
geneo,7425,0.144826115
geneo,7426,0.148840826
geneo,7427,0.136355268
geneo,7428,0.075438948
geneo,7429,0.051864860
geneo,7430,0.056069276
geneo,7431,0.064035279
geneo,7432,0.065570076
geneo,7433,0.055466536
geneo,7434,0.118857364
geneo,7435,0.356302329
geneo,7436,0.736171983
geneo,7437,0.965026079
geneo,7438,0.984485503
geneo,7439,0.856694185
geneo,7450,0.000000000
geneo,7451,0.029599468
geneo,7452,0.137087121
geneo,7453,0.159796235
geneo,7454,0.238646650
geneo,7455,0.480104487
geneo,7456,0.773537666
geneo,7457,0.847516897
geneo,7458,0.835329070
geneo,7459,0.668537063
geneo,7460,0.308236353
geneo,7461,0.166017319
geneo,7462,0.152489831
geneo,7463,0.152483105
geneo,7464,0.152483103
geneo,7465,0.152483103
geneo,7466,0.152483103
geneo,7467,0.152483103
geneo,7468,0.152483103
geneo,7469,0.152483103
geneo,7470,0.152483103
geneo,7471,0.152483103
geneo,7472,0.152483103
geneo,7473,0.152483103
geneo,7474,0.145981085
geneo,7475,0.097782639
geneo,7476,0.057731069
geneo,7477,0.065621908
geneo,7478,0.059321297
geneo,7479,0.056827253
geneo,7480,0.071881360
geneo,7481,0.105090885
geneo,7482,0.082236163
geneo,7483,0.051909642
geneo,7484,0.267801120
geneo,7485,0.759030813
geneo,7486,0.984485508
geneo,7487,1.000000000
geneo,7498,0.000000000
geneo,7499,0.029599421
geneo,7500,0.137087121
geneo,7501,0.159796225
geneo,7502,0.238646574
geneo,7503,0.480104427
geneo,7504,0.773537645
geneo,7505,0.847516897
geneo,7506,0.835329073
geneo,7507,0.668537087
geneo,7508,0.308236367
geneo,7509,0.166017323
geneo,7510,0.152489831
geneo,7511,0.152483105
geneo,7512,0.152483103
geneo,7513,0.152483103
geneo,7514,0.152483103
geneo,7515,0.152483103
geneo,7516,0.152483103
geneo,7517,0.152483103
geneo,7518,0.152483103
geneo,7519,0.152483103
geneo,7520,0.152483103
geneo,7521,0.152483103
geneo,7522,0.145981076
geneo,7523,0.097782615
geneo,7524,0.057731188
geneo,7525,0.065621964
geneo,7526,0.059320866
geneo,7527,0.056826571
geneo,7528,0.071883317
geneo,7529,0.105097406
geneo,7530,0.082234316
geneo,7531,0.051907806
geneo,7532,0.267801344
geneo,7533,0.759030823
geneo,7534,0.984485508
geneo,7535,1.000000000
geneo,7546,0.014902759
geneo,7547,0.133327549
geneo,7548,0.258488639
geneo,7549,0.314539476
geneo,7550,0.485330333
geneo,7551,0.716962706
geneo,7552,0.836682886
geneo,7553,0.833133500
geneo,7554,0.677150810
geneo,7555,0.411057867
geneo,7556,0.201387154
geneo,7557,0.155309668
geneo,7558,0.152486752
geneo,7559,0.152483104
geneo,7560,0.152483103
geneo,7561,0.152483103
geneo,7562,0.152483103
geneo,7563,0.152483103
geneo,7564,0.152483103
geneo,7565,0.152483103
geneo,7566,0.152483103
geneo,7567,0.152483103
geneo,7568,0.152483103
geneo,7569,0.144826164
geneo,7570,0.148840870
geneo,7571,0.136355272
geneo,7572,0.075439002
geneo,7573,0.051864747
geneo,7574,0.056068391
geneo,7575,0.064033536
geneo,7576,0.065572868
geneo,7577,0.055484750
geneo,7578,0.118863919
geneo,7579,0.356302712
geneo,7580,0.736173029
geneo,7581,0.965026256
geneo,7582,0.984485503
geneo,7583,0.856694185
geneo,7593,0.015559828
geneo,7594,0.141735332
geneo,7595,0.361504539
geneo,7596,0.640447289
geneo,7597,0.733363827
geneo,7598,0.780224656
geneo,7599,0.838612914
geneo,7600,0.832019912
geneo,7601,0.657846892
geneo,7602,0.372068445
geneo,7603,0.194431641
geneo,7604,0.156795939
geneo,7605,0.152643730
geneo,7606,0.152483648
geneo,7607,0.152483103
geneo,7608,0.152483103
geneo,7609,0.152483103
geneo,7610,0.152483103
geneo,7611,0.152483103
geneo,7612,0.152483103
geneo,7613,0.152483103
geneo,7614,0.152483103
geneo,7615,0.152483103
geneo,7616,0.143554624
geneo,7617,0.097102492
geneo,7618,0.113479095
geneo,7619,0.145589879
geneo,7620,0.130438814
geneo,7621,0.061058138
geneo,7622,0.053075341
geneo,7623,0.055845779
geneo,7624,0.050032776
geneo,7625,0.192591877
geneo,7626,0.510011426
geneo,7627,0.820919163
geneo,7628,0.980563241
geneo,7629,0.984485503
geneo,7630,0.741577294
geneo,7631,0.304917544
geneo,7639,0.000000314
geneo,7640,0.031063183
geneo,7641,0.227582623
geneo,7642,0.605458877
geneo,7643,0.746268391
geneo,7644,0.832807266
geneo,7645,0.847516897
geneo,7646,0.838119173
geneo,7647,0.777228554
geneo,7648,0.641857113
geneo,7649,0.350285944
geneo,7650,0.174711223
geneo,7651,0.153715198
geneo,7652,0.152511212
geneo,7653,0.152485103
geneo,7654,0.152483117
geneo,7655,0.152483103
geneo,7656,0.152483103
geneo,7657,0.152483103
geneo,7658,0.152483103
geneo,7659,0.152483103
geneo,7660,0.152483103
geneo,7661,0.152483103
geneo,7662,0.152483103
geneo,7663,0.150009219
geneo,7664,0.132357782
geneo,7665,0.087271346
geneo,7666,0.070075550
geneo,7667,0.113575390
geneo,7668,0.146164458
geneo,7669,0.110791433
geneo,7670,0.055364383
geneo,7671,0.070203829
geneo,7672,0.320470689
geneo,7673,0.659511713
geneo,7674,0.911210248
geneo,7675,0.992751162
geneo,7676,0.971738894
geneo,7677,0.741577285
geneo,7678,0.258422715
geneo,7679,0.018305837
geneo,7686,0.001610954
geneo,7687,0.055934651
geneo,7688,0.319435351
geneo,7689,0.643169130
geneo,7690,0.833827247
geneo,7691,0.847517031
geneo,7692,0.847516901
geneo,7693,0.834555713
geneo,7694,0.701685137
geneo,7695,0.473869753
geneo,7696,0.294093190
geneo,7697,0.168100393
geneo,7698,0.152501333
geneo,7699,0.152483311
geneo,7700,0.152483127
geneo,7701,0.152483105
geneo,7702,0.152483103
geneo,7703,0.152483103
geneo,7704,0.152483103
geneo,7705,0.152483103
geneo,7706,0.152483103
geneo,7707,0.152483103
geneo,7708,0.152483103
geneo,7709,0.152483103
geneo,7710,0.151280758
geneo,7711,0.133665390
geneo,7712,0.109295117
geneo,7713,0.101007497
geneo,7714,0.071296652
geneo,7715,0.077923866
geneo,7716,0.141866219
geneo,7717,0.164929986
geneo,7718,0.252332336
geneo,7719,0.368503839
geneo,7720,0.688280540
geneo,7721,0.953460064
geneo,7722,0.990515300
geneo,7723,0.900943529
geneo,7724,0.657799901
geneo,7725,0.245676106
geneo,7726,0.015514497
geneo,7732,0.000000001
geneo,7733,0.023895228
geneo,7734,0.146357936
geneo,7735,0.377016190
geneo,7736,0.673364532
geneo,7737,0.884283386
geneo,7738,0.865666872
geneo,7739,0.849342383
geneo,7740,0.832261743
geneo,7741,0.667544887
geneo,7742,0.399869244
geneo,7743,0.218530711
geneo,7744,0.158600488
geneo,7745,0.152483207
geneo,7746,0.152483104
geneo,7747,0.152483103
geneo,7748,0.152483103
geneo,7749,0.152483103
geneo,7750,0.152483103
geneo,7751,0.152483103
geneo,7752,0.152483103
geneo,7753,0.152483103
geneo,7754,0.152483103
geneo,7755,0.152483103
geneo,7756,0.152483103
geneo,7757,0.152483103
geneo,7758,0.146276948
geneo,7759,0.111777626
geneo,7760,0.119579950
geneo,7761,0.134646248
geneo,7762,0.141242835
geneo,7763,0.143855561
geneo,7764,0.179592395
geneo,7765,0.350837264
geneo,7766,0.640069334
geneo,7767,0.779934371
geneo,7768,0.954715007
geneo,7769,0.981305197
geneo,7770,0.800882826
geneo,7771,0.469799371
geneo,7772,0.174880741
geneo,7773,0.015514497
geneo,7779,0.003910058
geneo,7780,0.062199152
geneo,7781,0.286156731
geneo,7782,0.645629359
geneo,7783,0.862229795
geneo,7784,0.902428945
geneo,7785,0.899758486
geneo,7786,0.856197342
geneo,7787,0.832025486
geneo,7788,0.652699888
geneo,7789,0.355940218
geneo,7790,0.184390324
geneo,7791,0.155036432
geneo,7792,0.152483106
geneo,7793,0.152483103
geneo,7794,0.152483103
geneo,7795,0.152483103
geneo,7796,0.152483103
geneo,7797,0.152483103
geneo,7798,0.152483103
geneo,7799,0.152483103
geneo,7800,0.152483103
geneo,7801,0.152483103
geneo,7802,0.152483103
geneo,7803,0.152483103
geneo,7804,0.152483103
geneo,7805,0.152483103
geneo,7806,0.152483103
geneo,7807,0.146276948
geneo,7808,0.149152092
geneo,7809,0.151320980
geneo,7810,0.171008213
geneo,7811,0.270534021
geneo,7812,0.399415389
geneo,7813,0.671817748
geneo,7814,0.881532736
geneo,7815,0.972359621
geneo,7816,0.965786463
geneo,7817,0.731663652
geneo,7818,0.311594882
geneo,7819,0.074820038
geneo,7820,0.006029797
geneo,7825,0.006496986
geneo,7826,0.068900856
geneo,7827,0.181769579
geneo,7828,0.423222615
geneo,7829,0.732845227
geneo,7830,0.959463002
geneo,7831,1.000000000
geneo,7832,0.959735401
geneo,7833,0.859637917
geneo,7834,0.772430448
geneo,7835,0.640963012
geneo,7836,0.349217462
geneo,7837,0.169545325
geneo,7838,0.152742403
geneo,7839,0.152485441
geneo,7840,0.152495800
geneo,7841,0.152488418
geneo,7842,0.152483950
geneo,7843,0.152483338
geneo,7844,0.152483174
geneo,7845,0.152483116
geneo,7846,0.152483105
geneo,7847,0.152483104
geneo,7848,0.152483103
geneo,7849,0.152483103
geneo,7850,0.152483103
geneo,7851,0.152483103
geneo,7852,0.152483104
geneo,7853,0.152483188
geneo,7854,0.152504569
geneo,7855,0.159014918
geneo,7856,0.205375601
geneo,7857,0.267842783
geneo,7858,0.374865877
geneo,7859,0.647193010
geneo,7860,0.776149437
geneo,7861,0.899656561
geneo,7862,0.950542670
geneo,7863,0.863127310
geneo,7864,0.635654876
geneo,7865,0.239731437
geneo,7866,0.024161894
geneo,7867,0.000004263
geneo,7872,0.161611652
geneo,7873,0.205869452
geneo,7874,0.477991009
geneo,7875,0.783359195
geneo,7876,0.901335318
geneo,7877,0.978887546
geneo,7878,1.000000000
geneo,7879,0.985428129
geneo,7880,0.899554413
geneo,7881,0.804385403
geneo,7882,0.593802354
geneo,7883,0.426221476
geneo,7884,0.305003022
geneo,7885,0.289458052
geneo,7886,0.289452031
geneo,7887,0.289464606
geneo,7888,0.277316516
geneo,7889,0.273959451
geneo,7890,0.261303260
geneo,7891,0.190337240
geneo,7892,0.188782698
geneo,7893,0.163690846
geneo,7894,0.154694217
geneo,7895,0.154669080
geneo,7896,0.163408754
geneo,7897,0.191103668
geneo,7898,0.190314883
geneo,7899,0.189346949
geneo,7900,0.203155193
geneo,7901,0.263663536
geneo,7902,0.274061051
geneo,7903,0.314805750
geneo,7904,0.490448339
geneo,7905,0.690497442
geneo,7906,0.774966777
geneo,7907,0.901660750
geneo,7908,0.954714782
geneo,7909,0.893998784
geneo,7910,0.678086342
geneo,7911,0.352648924
geneo,7912,0.137064522
geneo,7913,0.015515097
geneo,7920,0.838388348
geneo,7921,0.854013883
geneo,7922,0.916417743
geneo,7923,0.990982489
geneo,7924,1.000000000
geneo,7925,1.000000000
geneo,7926,1.000000000
geneo,7927,1.000000000
geneo,7928,0.985428129
geneo,7929,0.974259535
geneo,7930,0.909369696
geneo,7931,0.868319935
geneo,7932,0.863031397
geneo,7933,0.863031400
geneo,7934,0.863031459
geneo,7935,0.850858774
geneo,7936,0.776569031
geneo,7937,0.744923823
geneo,7938,0.667917995
geneo,7939,0.462659342
geneo,7940,0.409129007
geneo,7941,0.339365931
geneo,7942,0.299277726
geneo,7943,0.298993036
geneo,7944,0.338803759
geneo,7945,0.421141546
geneo,7946,0.432025585
geneo,7947,0.428235101
geneo,7948,0.498259008
geneo,7949,0.681695232
geneo,7950,0.744743528
geneo,7951,0.780327566
geneo,7952,0.894100898
geneo,7953,0.973758633
geneo,7954,0.954992815
geneo,7955,0.857989411
geneo,7956,0.710759954
geneo,7957,0.463920700
geneo,7958,0.177570503
geneo,7959,0.031124886
geneo,7960,0.000016452
geneo,7968,1.000000000
geneo,7969,1.000000000
geneo,7970,1.000000000
geneo,7971,1.000000000
geneo,7972,1.000000000
geneo,7973,1.000000000
geneo,7974,1.000000000
geneo,7975,1.000000000
geneo,7976,1.000000000
geneo,7977,1.000000000
geneo,7978,1.000000000
geneo,7979,1.000000000
geneo,7980,1.000000000
geneo,7981,1.000000000
geneo,7982,1.000000000
geneo,7983,1.000000000
geneo,7984,0.987825043
geneo,7985,0.984485792
geneo,7986,0.971847372
geneo,7987,0.900884677
geneo,7988,0.899330685
geneo,7989,0.874239080
geneo,7990,0.865242498
geneo,7991,0.865217369
geneo,7992,0.873957043
geneo,7993,0.901651957
geneo,7994,0.900863173
geneo,7995,0.899752275
geneo,7996,0.912870227
geneo,7997,0.974068372
geneo,7998,0.984485604
geneo,7999,0.967436461
geneo,8000,0.898950013
geneo,8001,0.839894283
geneo,8002,0.651528656
geneo,8003,0.349843128
geneo,8004,0.147515056
geneo,8005,0.068101004
geneo,8006,0.006360553
geneo,8016,1.000000000
geneo,8017,1.000000000
geneo,8018,1.000000000
geneo,8019,1.000000000
geneo,8020,1.000000000
geneo,8021,1.000000000
geneo,8022,1.000000000
geneo,8023,1.000000000
geneo,8024,1.000000000
geneo,8025,1.000000000
geneo,8026,1.000000000
geneo,8027,1.000000000
geneo,8028,1.000000000
geneo,8029,1.000000000
geneo,8030,1.000000000
geneo,8031,1.000000000
geneo,8032,1.000000000
geneo,8033,1.000000000
geneo,8034,1.000000000
geneo,8035,1.000000000
geneo,8036,1.000000000
geneo,8037,1.000000000
geneo,8038,1.000000000
geneo,8039,1.000000000
geneo,8040,1.000000000
geneo,8041,1.000000000
geneo,8042,1.000000000
geneo,8043,1.000000000
geneo,8044,0.999831315
geneo,8045,1.000000000
geneo,8046,0.990020504
geneo,8047,0.842824030
geneo,8048,0.502747575
geneo,8049,0.252440293
geneo,8050,0.148225239
geneo,8051,0.036999908
geneo,8052,0.000066615
geneo,8064,1.000000000
geneo,8065,1.000000000
geneo,8066,1.000000000
geneo,8067,1.000000000
geneo,8068,1.000000000
geneo,8069,1.000000000
geneo,8070,1.000000000
geneo,8071,1.000000000
geneo,8072,1.000000000
geneo,8073,1.000000000
geneo,8074,1.000000000
geneo,8075,1.000000000
geneo,8076,1.000000000
geneo,8077,1.000000000
geneo,8078,1.000000000
geneo,8079,1.000000000
geneo,8080,1.000000000
geneo,8081,1.000000000
geneo,8082,1.000000000
geneo,8083,1.000000000
geneo,8084,1.000000000
geneo,8085,1.000000000
geneo,8086,1.000000000
geneo,8087,1.000000000
geneo,8088,1.000000000
geneo,8089,1.000000000
geneo,8090,1.000000000
geneo,8091,1.000000000
geneo,8092,1.000000000
geneo,8093,1.000000000
geneo,8094,1.000000000
geneo,8095,0.983483972
geneo,8096,0.788311533
geneo,8097,0.426352970
geneo,8098,0.226434249
geneo,8099,0.149175040
geneo,8100,0.021834550
geneo,8101,0.000000001
geneo,8112,1.000000000
geneo,8113,1.000000000
geneo,8114,1.000000000
geneo,8115,1.000000000
geneo,8116,1.000000000
geneo,8117,1.000000000
geneo,8118,1.000000000
geneo,8119,1.000000000
geneo,8120,1.000000000
geneo,8121,1.000000000
geneo,8122,1.000000000
geneo,8123,1.000000000
geneo,8124,1.000000000
geneo,8125,1.000000000
geneo,8126,1.000000000
geneo,8127,1.000000000
geneo,8128,1.000000000
geneo,8129,1.000000000
geneo,8130,1.000000000
geneo,8131,0.985088037
geneo,8132,0.988271136
geneo,8133,0.982797054
geneo,8134,0.981913279
geneo,8135,0.981923172
geneo,8136,0.982719635
geneo,8137,0.988379700
geneo,8138,0.987271632
geneo,8139,0.987139144
geneo,8140,0.987877310
geneo,8141,1.000000000
geneo,8142,1.000000000
geneo,8143,1.000000000
geneo,8144,0.972690519
geneo,8145,0.884922357
geneo,8146,0.824992326
geneo,8147,0.607082437
geneo,8148,0.268372459
geneo,8149,0.132504975
geneo,8150,0.018305842
geneo,8151,0.000000003
geneo,8160,0.829069874
geneo,8161,0.856694174
geneo,8162,0.971054025
geneo,8163,1.000000000
geneo,8164,1.000000000
geneo,8165,1.000000000
geneo,8166,1.000000000
geneo,8167,1.000000000
geneo,8168,1.000000000
geneo,8169,1.000000000
geneo,8170,0.987934192
geneo,8171,0.981694176
geneo,8172,0.981694174
geneo,8173,0.981694174
geneo,8174,0.981694178
geneo,8175,0.981694226
geneo,8176,0.981696624
geneo,8177,0.981694820
geneo,8178,0.966782265
geneo,8179,0.883052055
geneo,8180,0.881218445
geneo,8181,0.851612472
geneo,8182,0.840997264
geneo,8183,0.840967614
geneo,8184,0.851279697
geneo,8185,0.883957367
geneo,8186,0.883026655
geneo,8187,0.881884557
geneo,8188,0.898177102
geneo,8189,0.969571484
geneo,8190,0.981694272
geneo,8191,0.981718929
geneo,8192,0.989256786
geneo,8193,1.000000000
geneo,8194,1.000000000
geneo,8195,0.963454963
geneo,8196,0.845893321
geneo,8197,0.650436343
geneo,8198,0.275810839
geneo,8199,0.125019428
geneo,8200,0.018305826
geneo,8208,0.170930126
geneo,8209,0.275971504
geneo,8210,0.651373030
geneo,8211,0.846054099
geneo,8212,0.968001825
geneo,8213,1.000000000
geneo,8214,1.000000000
geneo,8215,1.000000000
geneo,8216,1.000000000
geneo,8217,0.987934192
geneo,8218,0.911369492
geneo,8219,0.862934207
geneo,8220,0.838395801
geneo,8221,0.838388355
geneo,8222,0.838388425
geneo,8223,0.838391105
geneo,8224,0.838403329
geneo,8225,0.838394619
geneo,8226,0.838389347
geneo,8227,0.823476662
geneo,8228,0.826659568
geneo,8229,0.821185416
geneo,8230,0.820301629
geneo,8231,0.820311521
geneo,8232,0.821107983
geneo,8233,0.826768048
geneo,8234,0.825659980
geneo,8235,0.825527493
geneo,8236,0.826265658
geneo,8237,0.838388448
geneo,8238,0.838413675
geneo,8239,0.846095340
geneo,8240,0.900797064
geneo,8241,0.970950960
geneo,8242,0.982303643
geneo,8243,1.000000000
geneo,8244,1.000000000
geneo,8245,0.970893317
geneo,8246,0.838407775
geneo,8247,0.606807320
geneo,8248,0.250020121
geneo,8249,0.018309955
geneo,8250,0.000000708
geneo,8257,0.018305826
geneo,8258,0.132665752
geneo,8259,0.272919513
geneo,8260,0.643472000
geneo,8261,0.900636275
geneo,8262,0.991582684
geneo,8263,1.000000000
geneo,8264,1.000000000
geneo,8265,1.000000000
geneo,8266,0.987934192
geneo,8267,0.963395800
geneo,8268,0.856737593
geneo,8269,0.820395844
geneo,8270,0.820082526
geneo,8271,0.820082573
geneo,8272,0.820084972
geneo,8273,0.820083168
geneo,8274,0.820082576
geneo,8275,0.820082558
geneo,8276,0.820082529
geneo,8277,0.820082523
geneo,8278,0.820082522
geneo,8279,0.820082522
geneo,8280,0.820082522
geneo,8281,0.820082522
geneo,8282,0.820082522
geneo,8283,0.820082522
geneo,8284,0.820082522
geneo,8285,0.820082522
geneo,8286,0.820082620
geneo,8287,0.820107276
geneo,8288,0.827645134
geneo,8289,0.838997819
geneo,8290,0.860246421
geneo,8291,0.963997817
geneo,8292,0.984041419
geneo,8293,1.000000000
geneo,8294,1.000000000
geneo,8295,0.963407760
geneo,8296,0.731698302
geneo,8297,0.278491508
geneo,8298,0.077609301
geneo,8299,0.010173296
geneo,8306,0.000000013
geneo,8307,0.018305900
geneo,8308,0.187247940
geneo,8309,0.459515044
geneo,8310,0.789328638
geneo,8311,0.965289133
geneo,8312,1.000000000
geneo,8313,1.000000000
geneo,8314,1.000000000
geneo,8315,1.000000000
geneo,8316,0.963701670
geneo,8317,0.858476931
geneo,8318,0.823401087
geneo,8319,0.820082525
geneo,8320,0.820082521
geneo,8321,0.820082521
geneo,8322,0.820082521
geneo,8323,0.820082521
geneo,8324,0.820082521
geneo,8325,0.820082521
geneo,8326,0.820082521
geneo,8327,0.820082521
geneo,8328,0.820082521
geneo,8329,0.820082521
geneo,8330,0.820082521
geneo,8331,0.820082521
geneo,8332,0.820082521
geneo,8333,0.820082521
geneo,8334,0.812759784
geneo,8335,0.773472194
geneo,8336,0.787871756
geneo,8337,0.804608231
geneo,8338,0.818711353
geneo,8339,0.840735593
geneo,8340,0.870374921
geneo,8341,0.965735599
geneo,8342,1.000000000
geneo,8343,1.000000000
geneo,8344,0.981694882
geneo,8345,0.790997648
geneo,8346,0.464524627
geneo,8347,0.191413915
geneo,8348,0.018305826
geneo,8356,0.009888510
geneo,8357,0.075940291
geneo,8358,0.261789300
geneo,8359,0.636078590
geneo,8360,0.946983678
geneo,8361,1.000000000
geneo,8362,1.000000000
geneo,8363,1.000000000
geneo,8364,1.000000000
geneo,8365,0.966706911
geneo,8366,0.874253428
geneo,8367,0.830312498
geneo,8368,0.820082645
geneo,8369,0.820082522
geneo,8370,0.820082522
geneo,8371,0.820082521
geneo,8372,0.820082521
geneo,8373,0.820082521
geneo,8374,0.820082521
geneo,8375,0.820082521
geneo,8376,0.820082521
geneo,8377,0.820082521
geneo,8378,0.820082521
geneo,8379,0.820082521
geneo,8380,0.820082521
geneo,8381,0.820082521
geneo,8382,0.775983774
geneo,8383,0.654254174
geneo,8384,0.651608598
geneo,8385,0.712176685
geneo,8386,0.724684548
geneo,8387,0.735787896
geneo,8388,0.809902764
geneo,8389,0.856694207
geneo,8390,0.963388354
geneo,8391,0.982924808
geneo,8392,1.000000000
geneo,8393,0.991867470
geneo,8394,0.904802262
geneo,8395,0.658334215
geneo,8396,0.257114569
geneo,8397,0.018305826
geneo,8405,0.000000000
geneo,8406,0.018305827
geneo,8407,0.233595330
geneo,8408,0.606734514
geneo,8409,0.838611237
geneo,8410,0.981732352
geneo,8411,1.000000000
geneo,8412,1.000000000
geneo,8413,1.000000000
geneo,8414,0.973618307
geneo,8415,0.898759620
geneo,8416,0.845606321
geneo,8417,0.820103308
geneo,8418,0.820082664
geneo,8419,0.820082539
geneo,8420,0.820082523
geneo,8421,0.820082522
geneo,8422,0.820082521
geneo,8423,0.820082521
geneo,8424,0.820082521
geneo,8425,0.820082521
geneo,8426,0.820082521
geneo,8427,0.820082521
geneo,8428,0.820082521
geneo,8429,0.820082521
geneo,8430,0.804490953
geneo,8431,0.708627747
geneo,8432,0.614383053
geneo,8433,0.540558703
geneo,8434,0.433695200
geneo,8435,0.501907936
geneo,8436,0.739771549
geneo,8437,0.784627965
geneo,8438,0.735419249
geneo,8439,0.751069880
geneo,8440,0.947732386
geneo,8441,1.000000000
geneo,8442,1.000000000
geneo,8443,0.970502916
geneo,8444,0.731694174
geneo,8445,0.268305826
geneo,8446,0.018305826
geneo,8455,0.018305826
geneo,8456,0.125222890
geneo,8457,0.287294518
geneo,8458,0.732005923
geneo,8459,0.964353336
geneo,8460,1.000000000
geneo,8461,1.000000000
geneo,8462,1.000000000
geneo,8463,0.988911442
geneo,8464,0.963409132
geneo,8465,0.856814750
geneo,8466,0.821438630
geneo,8467,0.820102629
geneo,8468,0.820084806
geneo,8469,0.820082539
geneo,8470,0.820082522
geneo,8471,0.820082521
geneo,8472,0.820082521
geneo,8473,0.820082521
geneo,8474,0.820082521
geneo,8475,0.820082521
geneo,8476,0.820082521
geneo,8477,0.820082521
geneo,8478,0.818663814
geneo,8479,0.796456932
geneo,8480,0.690386692
geneo,8481,0.487732289
geneo,8482,0.423046483
geneo,8483,0.597422137
geneo,8484,0.750365956
geneo,8485,0.581246459
geneo,8486,0.358060929
geneo,8487,0.355238042
geneo,8488,0.625465746
geneo,8489,0.839089899
geneo,8490,0.973201414
geneo,8491,1.000000000
geneo,8492,0.981694174
geneo,8493,0.731694174
geneo,8494,0.268305837
geneo,8495,0.021834620
geneo,8504,0.000038178
geneo,8505,0.018617575
geneo,8506,0.267874643
geneo,8507,0.727487550
geneo,8508,0.962651304
geneo,8509,0.981833964
geneo,8510,0.989494045
geneo,8511,1.000000000
geneo,8512,1.000000000
geneo,8513,0.964743613
geneo,8514,0.864492807
geneo,8515,0.825460363
geneo,8516,0.820288448
geneo,8517,0.820085420
geneo,8518,0.820082538
geneo,8519,0.820082522
geneo,8520,0.820082521
geneo,8521,0.820082521
geneo,8522,0.820082521
geneo,8523,0.820082521
geneo,8524,0.820082521
geneo,8525,0.820082521
geneo,8526,0.820082521
geneo,8527,0.818582159
geneo,8528,0.750290395
geneo,8529,0.574722879
geneo,8530,0.610625704
geneo,8531,0.749380696
geneo,8532,0.651378943
geneo,8533,0.380480276
geneo,8534,0.283823642
geneo,8535,0.275602128
geneo,8536,0.232384644
geneo,8537,0.291401516
geneo,8538,0.682518121
geneo,8539,0.954863035
geneo,8540,1.000000000
geneo,8541,0.981694174
geneo,8542,0.731694239
geneo,8543,0.320025943
geneo,8553,0.000015309
geneo,8554,0.115258240
geneo,8555,0.541554548
geneo,8556,0.810391368
geneo,8557,0.847002983
geneo,8558,0.902297035
geneo,8559,0.976710811
geneo,8560,1.000000000
geneo,8561,1.000000000
geneo,8562,0.968648145
geneo,8563,0.879764648
geneo,8564,0.827327374
geneo,8565,0.820259714
geneo,8566,0.820083073
geneo,8567,0.820082522
geneo,8568,0.820082521
geneo,8569,0.820082521
geneo,8570,0.820082521
geneo,8571,0.820082521
geneo,8572,0.820082521
geneo,8573,0.820082521
geneo,8574,0.820082521
geneo,8575,0.820082521
geneo,8576,0.811047907
geneo,8577,0.763127345
geneo,8578,0.778327891
geneo,8579,0.692560377
geneo,8580,0.446302351
geneo,8581,0.297275194
geneo,8582,0.301891624
geneo,8583,0.313935636
geneo,8584,0.225598721
geneo,8585,0.108517816
geneo,8586,0.253715782
geneo,8587,0.609743540
geneo,8588,0.851779266
geneo,8589,0.983976065
geneo,8590,0.981694185
geneo,8591,0.850904494
geneo,8602,0.016619095
geneo,8603,0.240169010
geneo,8604,0.693395798
geneo,8605,0.820224400
geneo,8606,0.833419238
geneo,8607,0.894406874
geneo,8608,0.987216766
geneo,8609,1.000000000
geneo,8610,1.000000000
geneo,8611,0.969622707
geneo,8612,0.854330275
geneo,8613,0.822399617
geneo,8614,0.820083604
geneo,8615,0.820082522
geneo,8616,0.820082521
geneo,8617,0.820082521
geneo,8618,0.820082521
geneo,8619,0.820082521
geneo,8620,0.820082521
geneo,8621,0.820082521
geneo,8622,0.820082521
geneo,8623,0.820082521
geneo,8624,0.820082521
geneo,8625,0.820082521
geneo,8626,0.767695877
geneo,8627,0.546863466
geneo,8628,0.339015968
geneo,8629,0.337375328
geneo,8630,0.317627416
geneo,8631,0.283435778
geneo,8632,0.243844765
geneo,8633,0.172145784
geneo,8634,0.079527578
geneo,8635,0.146789982
geneo,8636,0.358555896
geneo,8637,0.872276788
geneo,8638,1.000000000
geneo,8639,1.000000000
geneo,8650,0.016619041
geneo,8651,0.240168693
geneo,8652,0.693395744
geneo,8653,0.820224400
geneo,8654,0.833419222
geneo,8655,0.894406849
geneo,8656,0.987216761
geneo,8657,1.000000000
geneo,8658,1.000000000
geneo,8659,0.969622712
geneo,8660,0.854330280
geneo,8661,0.822399618
geneo,8662,0.820083604
geneo,8663,0.820082522
geneo,8664,0.820082521
geneo,8665,0.820082521
geneo,8666,0.820082521
geneo,8667,0.820082521
geneo,8668,0.820082521
geneo,8669,0.820082521
geneo,8670,0.820082521
geneo,8671,0.820082521
geneo,8672,0.820082521
geneo,8673,0.820082521
geneo,8674,0.767695825
geneo,8675,0.546863470
geneo,8676,0.339016389
geneo,8677,0.337375298
geneo,8678,0.317625361
geneo,8679,0.283431765
geneo,8680,0.243838909
geneo,8681,0.172143328
geneo,8682,0.079524078
geneo,8683,0.146789564
geneo,8684,0.358556036
geneo,8685,0.872276845
geneo,8686,1.000000000
geneo,8687,1.000000000
geneo,8697,0.000015309
geneo,8698,0.115257923
geneo,8699,0.541553593
geneo,8700,0.810391051
geneo,8701,0.847002972
geneo,8702,0.902296970
geneo,8703,0.976710795
geneo,8704,1.000000000
geneo,8705,1.000000000
geneo,8706,0.968648152
geneo,8707,0.879764671
geneo,8708,0.827327379
geneo,8709,0.820259714
geneo,8710,0.820083073
geneo,8711,0.820082522
geneo,8712,0.820082521
geneo,8713,0.820082521
geneo,8714,0.820082521
geneo,8715,0.820082521
geneo,8716,0.820082521
geneo,8717,0.820082521
geneo,8718,0.820082521
geneo,8719,0.820082521
geneo,8720,0.811047965
geneo,8721,0.763127733
geneo,8722,0.778328240
geneo,8723,0.692560432
geneo,8724,0.446302411
geneo,8725,0.297274214
geneo,8726,0.301887018
geneo,8727,0.313926159
geneo,8728,0.225586872
geneo,8729,0.108516628
geneo,8730,0.253716057
geneo,8731,0.609743559
geneo,8732,0.851779336
geneo,8733,0.983976077
geneo,8734,0.981694185
geneo,8735,0.850904494
geneo,8744,0.000038178
geneo,8745,0.018617573
geneo,8746,0.267874583
geneo,8747,0.727487210
geneo,8748,0.962651245
geneo,8749,0.981833964
geneo,8750,0.989494034
geneo,8751,1.000000000
geneo,8752,1.000000000
geneo,8753,0.964743615
geneo,8754,0.864492823
geneo,8755,0.825460370
geneo,8756,0.820288449
geneo,8757,0.820085420
geneo,8758,0.820082538
geneo,8759,0.820082522
geneo,8760,0.820082521
geneo,8761,0.820082521
geneo,8762,0.820082521
geneo,8763,0.820082521
geneo,8764,0.820082521
geneo,8765,0.820082521
geneo,8766,0.820082521
geneo,8767,0.818582209
geneo,8768,0.750291046
geneo,8769,0.574724375
geneo,8770,0.610626986
geneo,8771,0.749380646
geneo,8772,0.651377611
geneo,8773,0.380476981
geneo,8774,0.283819332
geneo,8775,0.275598357
geneo,8776,0.232380580
geneo,8777,0.291401903
geneo,8778,0.682522034
geneo,8779,0.954863728
geneo,8780,1.000000000
geneo,8781,0.981694174
geneo,8782,0.731694239
geneo,8783,0.320025943
geneo,8791,0.018305826
geneo,8792,0.125222889
geneo,8793,0.287294515
geneo,8794,0.732005921
geneo,8795,0.964353332
geneo,8796,1.000000000
geneo,8797,1.000000000
geneo,8798,1.000000000
geneo,8799,0.988911461
geneo,8800,0.963409132
geneo,8801,0.856814750
geneo,8802,0.821438632
geneo,8803,0.820102629
geneo,8804,0.820084806
geneo,8805,0.820082539
geneo,8806,0.820082522
geneo,8807,0.820082521
geneo,8808,0.820082521
geneo,8809,0.820082521
geneo,8810,0.820082521
geneo,8811,0.820082521
geneo,8812,0.820082521
geneo,8813,0.820082521
geneo,8814,0.818663854
geneo,8815,0.796457465
geneo,8816,0.690387840
geneo,8817,0.487733311
geneo,8818,0.423046733
geneo,8819,0.597421642
geneo,8820,0.750364459
geneo,8821,0.581242666
geneo,8822,0.358058538
geneo,8823,0.355237895
geneo,8824,0.625465841
geneo,8825,0.839089861
geneo,8826,0.973202100
geneo,8827,1.000000000
geneo,8828,0.981694174
geneo,8829,0.731694174
geneo,8830,0.268305837
geneo,8831,0.021834620
geneo,8837,0.000000000
geneo,8838,0.018305827
geneo,8839,0.233595338
geneo,8840,0.606734514
geneo,8841,0.838611236
geneo,8842,0.981732352
geneo,8843,1.000000000
geneo,8844,1.000000000
geneo,8845,1.000000000
geneo,8846,0.973618334
geneo,8847,0.898759733
geneo,8848,0.845606340
geneo,8849,0.820103308
geneo,8850,0.820082664
geneo,8851,0.820082539
geneo,8852,0.820082523
geneo,8853,0.820082522
geneo,8854,0.820082521
geneo,8855,0.820082521
geneo,8856,0.820082521
geneo,8857,0.820082521
geneo,8858,0.820082521
geneo,8859,0.820082521
geneo,8860,0.820082521
geneo,8861,0.820082521
geneo,8862,0.804491170
geneo,8863,0.708628428
geneo,8864,0.614383446
geneo,8865,0.540558257
geneo,8866,0.433694263
geneo,8867,0.501906869
geneo,8868,0.739771096
geneo,8869,0.784626911
geneo,8870,0.735418939
geneo,8871,0.751070220
geneo,8872,0.947732450
geneo,8873,1.000000000
geneo,8874,1.000000000
geneo,8875,0.970503011
geneo,8876,0.731694174
geneo,8877,0.268305826
geneo,8878,0.018305826
geneo,8884,0.009888567
geneo,8885,0.075940618
geneo,8886,0.261789363
geneo,8887,0.636078633
geneo,8888,0.946983685
geneo,8889,1.000000000
geneo,8890,1.000000000
geneo,8891,1.000000000
geneo,8892,1.000000000
geneo,8893,0.966706919
geneo,8894,0.874253470
geneo,8895,0.830312525
geneo,8896,0.820082645
geneo,8897,0.820082522
geneo,8898,0.820082522
geneo,8899,0.820082521
geneo,8900,0.820082521
geneo,8901,0.820082521
geneo,8902,0.820082521
geneo,8903,0.820082521
geneo,8904,0.820082521
geneo,8905,0.820082521
geneo,8906,0.820082521
geneo,8907,0.820082521
geneo,8908,0.820082521
geneo,8909,0.820082521
geneo,8910,0.775983735
geneo,8911,0.654253996
geneo,8912,0.651607777
geneo,8913,0.712175594
geneo,8914,0.724684015
geneo,8915,0.735787597
geneo,8916,0.809902739
geneo,8917,0.856694207
geneo,8918,0.963388354
geneo,8919,0.982924845
geneo,8920,1.000000000
geneo,8921,0.991867360
geneo,8922,0.904801715
geneo,8923,0.658334656
geneo,8924,0.257114663
geneo,8925,0.018305826
geneo,8930,0.000000013
geneo,8931,0.018305900
geneo,8932,0.187248337
geneo,8933,0.459516026
geneo,8934,0.789328966
geneo,8935,0.965289141
geneo,8936,1.000000000
geneo,8937,1.000000000
geneo,8938,1.000000000
geneo,8939,1.000000000
geneo,8940,0.963701671
geneo,8941,0.858476935
geneo,8942,0.823401095
geneo,8943,0.820082525
geneo,8944,0.820082521
geneo,8945,0.820082521
geneo,8946,0.820082521
geneo,8947,0.820082521
geneo,8948,0.820082521
geneo,8949,0.820082521
geneo,8950,0.820082521
geneo,8951,0.820082521
geneo,8952,0.820082521
geneo,8953,0.820082521
geneo,8954,0.820082521
geneo,8955,0.820082521
geneo,8956,0.820082521
geneo,8957,0.820082521
geneo,8958,0.812759771
geneo,8959,0.773472085
geneo,8960,0.787871513
geneo,8961,0.804607925
geneo,8962,0.818711310
geneo,8963,0.840735614
geneo,8964,0.870375041
geneo,8965,0.965735619
geneo,8966,1.000000000
geneo,8967,1.000000000
geneo,8968,0.981694882
geneo,8969,0.790997007
geneo,8970,0.464522703
geneo,8971,0.191413368
geneo,8972,0.018305826
geneo,8977,0.018305826
geneo,8978,0.132665982
geneo,8979,0.272919582
geneo,8980,0.643472458
geneo,8981,0.900636672
geneo,8982,0.991582740
geneo,8983,1.000000000
geneo,8984,1.000000000
geneo,8985,1.000000000
geneo,8986,0.987934201
geneo,8987,0.963395800
geneo,8988,0.856737593
geneo,8989,0.820395845
geneo,8990,0.820082526
geneo,8991,0.820082573
geneo,8992,0.820084972
geneo,8993,0.820083168
geneo,8994,0.820082576
geneo,8995,0.820082558
geneo,8996,0.820082529
geneo,8997,0.820082523
geneo,8998,0.820082522
geneo,8999,0.820082522
geneo,9000,0.820082522
geneo,9001,0.820082522
geneo,9002,0.820082522
geneo,9003,0.820082522
geneo,9004,0.820082522
geneo,9005,0.820082522
geneo,9006,0.820082620
geneo,9007,0.820107276
geneo,9008,0.827645145
geneo,9009,0.838997823
geneo,9010,0.860246448
geneo,9011,0.963997822
geneo,9012,0.984041440
geneo,9013,1.000000000
geneo,9014,1.000000000
geneo,9015,0.963407760
geneo,9016,0.731698302
geneo,9017,0.278491398
geneo,9018,0.077608659
geneo,9019,0.010173186
geneo,9024,0.170930126
geneo,9025,0.275971734
geneo,9026,0.651374371
geneo,9027,0.846054329
geneo,9028,0.968001894
geneo,9029,1.000000000
geneo,9030,1.000000000
geneo,9031,1.000000000
geneo,9032,1.000000000
geneo,9033,0.987934201
geneo,9034,0.911369546
geneo,9035,0.862934216
geneo,9036,0.838395801
geneo,9037,0.838388355
geneo,9038,0.838388425
geneo,9039,0.838391105
geneo,9040,0.838403329
geneo,9041,0.838394619
geneo,9042,0.838389347
geneo,9043,0.823476673
geneo,9044,0.826659579
geneo,9045,0.821185418
geneo,9046,0.820301629
geneo,9047,0.820311521
geneo,9048,0.821107984
geneo,9049,0.826768056
geneo,9050,0.825659989
geneo,9051,0.825527502
geneo,9052,0.826265678
geneo,9053,0.838388448
geneo,9054,0.838413675
geneo,9055,0.846095350
geneo,9056,0.900797129
geneo,9057,0.970950971
geneo,9058,0.982303648
geneo,9059,1.000000000
geneo,9060,1.000000000
geneo,9061,0.970893276
geneo,9062,0.838407775
geneo,9063,0.606807319
geneo,9064,0.250020121
geneo,9065,0.018309955
geneo,9066,0.000000708
geneo,9072,0.829069874
geneo,9073,0.856694174
geneo,9074,0.971054255
geneo,9075,1.000000000
geneo,9076,1.000000000
geneo,9077,1.000000000
geneo,9078,1.000000000
geneo,9079,1.000000000
geneo,9080,1.000000000
geneo,9081,1.000000000
geneo,9082,0.987934201
geneo,9083,0.981694176
geneo,9084,0.981694174
geneo,9085,0.981694174
geneo,9086,0.981694178
geneo,9087,0.981694226
geneo,9088,0.981696624
geneo,9089,0.981694820
geneo,9090,0.966782276
geneo,9091,0.883052135
geneo,9092,0.881218524
geneo,9093,0.851612493
geneo,9094,0.840997268
geneo,9095,0.840967617
geneo,9096,0.851279712
geneo,9097,0.883957426
geneo,9098,0.883026725
geneo,9099,0.881884642
geneo,9100,0.898177228
geneo,9101,0.969571504
geneo,9102,0.981694272
geneo,9103,0.981718928
geneo,9104,0.989256797
geneo,9105,1.000000000
geneo,9106,1.000000000
geneo,9107,0.963454963
geneo,9108,0.845893279
geneo,9109,0.650436101
geneo,9110,0.275810798
geneo,9111,0.125019428
geneo,9112,0.018305826
geneo,9120,1.000000000
geneo,9121,1.000000000
geneo,9122,1.000000000
geneo,9123,1.000000000
geneo,9124,1.000000000
geneo,9125,1.000000000
geneo,9126,1.000000000
geneo,9127,1.000000000
geneo,9128,1.000000000
geneo,9129,1.000000000
geneo,9130,1.000000000
geneo,9131,1.000000000
geneo,9132,1.000000000
geneo,9133,1.000000000
geneo,9134,1.000000000
geneo,9135,1.000000000
geneo,9136,1.000000000
geneo,9137,1.000000000
geneo,9138,1.000000000
geneo,9139,0.985088048
geneo,9140,0.988271148
geneo,9141,0.982797055
geneo,9142,0.981913279
geneo,9143,0.981923172
geneo,9144,0.982719636
geneo,9145,0.988379708
geneo,9146,0.987271641
geneo,9147,0.987139154
geneo,9148,0.987877330
geneo,9149,1.000000000
geneo,9150,1.000000000
geneo,9151,1.000000000
geneo,9152,0.972690507
geneo,9153,0.884922338
geneo,9154,0.824992323
geneo,9155,0.607082435
geneo,9156,0.268372458
geneo,9157,0.132504934
geneo,9158,0.018305842
geneo,9159,0.000000003
geneo,9168,1.000000000
geneo,9169,1.000000000
geneo,9170,1.000000000
geneo,9171,1.000000000
geneo,9172,1.000000000
geneo,9173,1.000000000
geneo,9174,1.000000000
geneo,9175,1.000000000
geneo,9176,1.000000000
geneo,9177,1.000000000
geneo,9178,1.000000000
geneo,9179,1.000000000
geneo,9180,1.000000000
geneo,9181,1.000000000
geneo,9182,1.000000000
geneo,9183,1.000000000
geneo,9184,1.000000000
geneo,9185,1.000000000
geneo,9186,1.000000000
geneo,9187,1.000000000
geneo,9188,1.000000000
geneo,9189,1.000000000
geneo,9190,1.000000000
geneo,9191,1.000000000
geneo,9192,1.000000000
geneo,9193,1.000000000
geneo,9194,1.000000000
geneo,9195,1.000000000
geneo,9196,1.000000000
geneo,9197,1.000000000
geneo,9198,1.000000000
geneo,9199,0.983483962
geneo,9200,0.788311451
geneo,9201,0.426352892
geneo,9202,0.226434226
geneo,9203,0.149175040
geneo,9204,0.021834550
geneo,9205,0.000000001
recycle,0,1.000000000
recycle,1,1.000000000
recycle,2,1.000000000
recycle,3,1.000000000
recycle,4,1.000000000
recycle,5,1.000000000
recycle,6,1.000000000
recycle,7,1.000000000
recycle,8,1.000000000
recycle,9,1.000000000
recycle,10,1.000000000
recycle,11,1.000000000
recycle,12,1.000000000
recycle,13,1.000000000
recycle,14,1.000000000
recycle,15,1.000000000
recycle,16,1.000000000
recycle,17,1.000000000
recycle,18,1.000000000
recycle,19,1.000000000
recycle,20,1.000000000
recycle,21,1.000000000
recycle,22,1.000000000
recycle,23,1.000000000
recycle,24,1.000000000
recycle,25,1.000000000
recycle,26,1.000000000
recycle,27,1.000000000
recycle,28,1.000000000
recycle,29,1.000000000
recycle,30,1.000000000
recycle,31,0.983590851
recycle,32,0.789396294
recycle,33,0.427845334
recycle,34,0.226896078
recycle,35,0.149177841
recycle,36,0.021834550
recycle,37,0.000000001
recycle,48,1.000000000
recycle,49,1.000000000
recycle,50,1.000000000
recycle,51,1.000000000
recycle,52,1.000000000
recycle,53,1.000000000
recycle,54,1.000000000
recycle,55,1.000000000
recycle,56,1.000000000
recycle,57,1.000000000
recycle,58,1.000000000
recycle,59,1.000000000
recycle,60,1.000000000
recycle,61,1.000000000
recycle,62,1.000000000
recycle,63,1.000000000
recycle,64,1.000000000
recycle,65,1.000000000
recycle,66,1.000000000
recycle,67,0.985110756
recycle,68,0.988311572
recycle,69,0.982804559
recycle,70,0.981914771
recycle,71,0.981924882
recycle,72,0.982713131
recycle,73,0.987870253
recycle,74,0.987212226
recycle,75,0.987168297
recycle,76,0.987916210
recycle,77,1.000000000
recycle,78,1.000000000
recycle,79,1.000000000
recycle,80,0.972846556
recycle,81,0.885309549
recycle,82,0.825061106
recycle,83,0.607096125
recycle,84,0.268374807
recycle,85,0.132695876
recycle,86,0.018305842
recycle,87,0.000000003
recycle,96,0.829069874
recycle,97,0.856694174
recycle,98,0.971105645
recycle,99,1.000000000
recycle,100,1.000000000
recycle,101,1.000000000
recycle,102,1.000000000
recycle,103,1.000000000
recycle,104,1.000000000
recycle,105,1.000000000
recycle,106,0.987983218
recycle,107,0.981694176
recycle,108,0.981694174
recycle,109,0.981694174
recycle,110,0.981694178
recycle,111,0.981694226
recycle,112,0.981696637
recycle,113,0.981694824
recycle,114,0.966804985
recycle,115,0.883224911
recycle,116,0.881484348
recycle,117,0.851698146
recycle,118,0.841015173
recycle,119,0.840972566
recycle,120,0.850734054
recycle,121,0.880922186
recycle,122,0.882200115
recycle,123,0.882033965
recycle,124,0.898432982
recycle,125,0.969610384
recycle,126,0.981694274
recycle,127,0.981719699
recycle,128,0.989385013
recycle,129,1.000000000
recycle,130,1.000000000
recycle,131,0.963457312
recycle,132,0.846084221
recycle,133,0.651548991
recycle,134,0.276001741
recycle,135,0.125020121
recycle,136,0.018305826
recycle,144,0.170930126
recycle,145,0.276023124
recycle,146,0.651673895
recycle,147,0.846105720
recycle,148,0.968029397
recycle,149,1.000000000
recycle,150,1.000000000
recycle,151,1.000000000
recycle,152,1.000000000
recycle,153,0.987983218
recycle,154,0.911655236
recycle,155,0.862983233
recycle,156,0.838395839
recycle,157,0.838388355
recycle,158,0.838388425
recycle,159,0.838391120
recycle,160,0.838403408
recycle,161,0.838394655
recycle,162,0.838389353
recycle,163,0.823499383
recycle,164,0.826700004
recycle,165,0.821192922
recycle,166,0.820303121
recycle,167,0.820313230
recycle,168,0.821101479
recycle,169,0.826258601
recycle,170,0.825600574
recycle,171,0.825556645
recycle,172,0.826304559
recycle,173,0.838388450
recycle,174,0.838414457
recycle,175,0.846228058
recycle,176,0.901545194
recycle,177,0.971079187
recycle,178,0.982304442
recycle,179,1.000000000
recycle,180,1.000000000
recycle,181,0.971084217
recycle,182,0.838408469
recycle,183,0.606811359
recycle,184,0.250020850
recycle,185,0.018310166
recycle,186,0.000000745
recycle,193,0.018305826
recycle,194,0.132717372
recycle,195,0.272947086
recycle,196,0.643694942
recycle,197,0.901026625
recycle,198,0.991644927
recycle,199,1.000000000
recycle,200,1.000000000
recycle,201,1.000000000
recycle,202,0.987983218
recycle,203,0.963395838
recycle,204,0.856737814
recycle,205,0.820397150
recycle,206,0.820082526
recycle,207,0.820082574
recycle,208,0.820084985
recycle,209,0.820083172
recycle,210,0.820082576
recycle,211,0.820082559
recycle,212,0.820082529
recycle,213,0.820082523
recycle,214,0.820082522
recycle,215,0.820082522
recycle,216,0.820082522
recycle,217,0.820082522
recycle,218,0.820082522
recycle,219,0.820082522
recycle,220,0.820082522
recycle,221,0.820082522
recycle,222,0.820082622
recycle,223,0.820108046
recycle,224,0.827773361
recycle,225,0.838998617
recycle,226,0.860251076
recycle,227,0.963998616
recycle,228,0.984050335
recycle,229,1.000000000
recycle,230,1.000000000
recycle,231,0.963408453
recycle,232,0.731698513
recycle,233,0.278926099
recycle,234,0.080138859
recycle,235,0.010607254
recycle,242,0.000000013
recycle,243,0.018305901
recycle,244,0.187638290
recycle,245,0.460603377
recycle,246,0.789691416
recycle,247,0.965306309
recycle,248,1.000000000
recycle,249,1.000000000
recycle,250,1.000000000
recycle,251,1.000000000
recycle,252,0.963702975
recycle,253,0.858484319
recycle,254,0.823419219
recycle,255,0.820082525
recycle,256,0.820082521
recycle,257,0.820082521
recycle,258,0.820082521
recycle,259,0.820082521
recycle,260,0.820082521
recycle,261,0.820082521
recycle,262,0.820082521
recycle,263,0.820082521
recycle,264,0.820082521
recycle,265,0.820082521
recycle,266,0.820082521
recycle,267,0.820082521
recycle,268,0.820082521
recycle,269,0.820082521
recycle,270,0.812783642
recycle,271,0.773624116
recycle,272,0.787969386
recycle,273,0.804613929
recycle,274,0.818710921
recycle,275,0.840744509
recycle,276,0.870426890
recycle,277,0.965744515
recycle,278,1.000000000
recycle,279,1.000000000
recycle,280,0.981694918
recycle,281,0.793527206
recycle,282,0.472112865
recycle,283,0.193995355
recycle,284,0.018305826
recycle,292,0.009950753
recycle,293,0.076303068
recycle,294,0.261868718
recycle,295,0.636178697
recycle,296,0.947000857
recycle,297,1.000000000
recycle,298,1.000000000
recycle,299,1.000000000
recycle,300,1.000000000
recycle,301,0.966725044
recycle,302,0.874351721
recycle,303,0.830366215
recycle,304,0.820082646
recycle,305,0.820082522
recycle,306,0.820082522
recycle,307,0.820082521
recycle,308,0.820082521
recycle,309,0.820082521
recycle,310,0.820082521
recycle,311,0.820082521
recycle,312,0.820082521
recycle,313,0.820082521
recycle,314,0.820082521
recycle,315,0.820082521
recycle,316,0.820082521
recycle,317,0.820082521
recycle,318,0.776163387
recycle,319,0.654996565
recycle,320,0.652091139
recycle,321,0.712252184
recycle,322,0.724541725
recycle,323,0.735562547
recycle,324,0.809876094
recycle,325,0.856694208
recycle,326,0.963388354
recycle,327,0.982908378
recycle,328,1.000000000
recycle,329,0.992301428
recycle,330,0.907383703
recycle,331,0.659071796
recycle,332,0.257166662
recycle,333,0.018305826
recycle,341,0.000000000
recycle,342,0.018305827
recycle,343,0.233612509
recycle,344,0.606734906
recycle,345,0.838613417
recycle,346,0.981732726
recycle,347,1.000000000
recycle,348,1.000000000
recycle,349,1.000000000
recycle,350,0.973672024
recycle,351,0.898974413
recycle,352,0.845643177
recycle,353,0.820103408
recycle,354,0.820082664
recycle,355,0.820082539
recycle,356,0.820082523
recycle,357,0.820082522
recycle,358,0.820082521
recycle,359,0.820082521
recycle,360,0.820082521
recycle,361,0.820082521
recycle,362,0.820082521
recycle,363,0.820082521
recycle,364,0.820082521
recycle,365,0.820082521
recycle,366,0.804751209
recycle,367,0.709613449
recycle,368,0.615259038
recycle,369,0.540761254
recycle,370,0.433166932
recycle,371,0.501046451
recycle,372,0.739538074
recycle,373,0.784557839
recycle,374,0.735103873
recycle,375,0.750842889
recycle,376,0.947701953
recycle,377,1.000000000
recycle,378,1.000000000
recycle,379,0.970555010
recycle,380,0.731694174
recycle,381,0.268305826
recycle,382,0.018305826
recycle,391,0.018305826
recycle,392,0.125225070
recycle,393,0.287301206
recycle,394,0.732009014
recycle,395,0.964357886
recycle,396,1.000000000
recycle,397,1.000000000
recycle,398,1.000000000
recycle,399,0.988948295
recycle,400,0.963409232
recycle,401,0.856815329
recycle,402,0.821443581
recycle,403,0.820102696
recycle,404,0.820084813
recycle,405,0.820082539
recycle,406,0.820082522
recycle,407,0.820082521
recycle,408,0.820082521
recycle,409,0.820082521
recycle,410,0.820082521
recycle,411,0.820082521
recycle,412,0.820082521
recycle,413,0.820082521
recycle,414,0.818704374
recycle,415,0.796963464
recycle,416,0.691412574
recycle,417,0.488477607
recycle,418,0.422951762
recycle,419,0.596889670
recycle,420,0.750703047
recycle,421,0.580925318
recycle,422,0.356654573
recycle,423,0.354850401
recycle,424,0.625767290
recycle,425,0.839210495
recycle,426,0.973301578
recycle,427,1.000000000
recycle,428,0.981694174
recycle,429,0.731694174
recycle,430,0.268305837
recycle,431,0.021834621
recycle,440,0.000038552
recycle,441,0.018620667
recycle,442,0.267929038
recycle,443,0.727787335
recycle,444,0.962702582
recycle,445,0.981834280
recycle,446,0.989514239
recycle,447,1.000000000
recycle,448,1.000000000
recycle,449,0.964748560
recycle,450,0.864521130
recycle,451,0.825476231
recycle,452,0.820288978
recycle,453,0.820085427
recycle,454,0.820082538
recycle,455,0.820082522
recycle,456,0.820082521
recycle,457,0.820082521
recycle,458,0.820082521
recycle,459,0.820082521
recycle,460,0.820082521
recycle,461,0.820082521
recycle,462,0.820082521
recycle,463,0.818626134
recycle,464,0.750728405
recycle,465,0.575479434
recycle,466,0.611123909
recycle,467,0.749928244
recycle,468,0.653217417
recycle,469,0.380826902
recycle,470,0.281941089
recycle,471,0.274880638
recycle,472,0.236635910
recycle,473,0.293498204
recycle,474,0.683248128
recycle,475,0.954961335
recycle,476,1.000000000
recycle,477,0.981694174
recycle,478,0.731694239
recycle,479,0.320025944
recycle,489,0.000015466
recycle,490,0.115532420
recycle,491,0.542378894
recycle,492,0.810664950
recycle,493,0.847025021
recycle,494,0.902415054
recycle,495,0.976747148
recycle,496,1.000000000
recycle,497,1.000000000
recycle,498,0.968663620
recycle,499,0.879827077
recycle,500,0.827345418
recycle,501,0.820260150
recycle,502,0.820083074
recycle,503,0.820082522
recycle,504,0.820082521
recycle,505,0.820082521
recycle,506,0.820082521
recycle,507,0.820082521
recycle,508,0.820082521
recycle,509,0.820082521
recycle,510,0.820082521
recycle,511,0.820082521
recycle,512,0.811076046
recycle,513,0.763312299
recycle,514,0.778491841
recycle,515,0.692953423
recycle,516,0.447706796
recycle,517,0.298360949
recycle,518,0.298953561
recycle,519,0.309582788
recycle,520,0.233662374
recycle,521,0.120760018
recycle,522,0.256580658
recycle,523,0.610340712
recycle,524,0.852948718
recycle,525,0.984168516
recycle,526,0.981694185
recycle,527,0.850904494
recycle,538,0.016665980
recycle,539,0.240442275
recycle,540,0.693442683
recycle,541,0.820224722
recycle,542,0.833455619
recycle,543,0.894517933
recycle,544,0.987232909
recycle,545,1.000000000
recycle,546,1.000000000
recycle,547,0.969638257
recycle,548,0.854364272
recycle,549,0.822404556
recycle,550,0.820083607
recycle,551,0.820082522
recycle,552,0.820082521
recycle,553,0.820082521
recycle,554,0.820082521
recycle,555,0.820082521
recycle,556,0.820082521
recycle,557,0.820082521
recycle,558,0.820082521
recycle,559,0.820082521
recycle,560,0.820082521
recycle,561,0.820082521
recycle,562,0.767783654
recycle,563,0.547003753
recycle,564,0.338864146
recycle,565,0.337240436
recycle,566,0.312000179
recycle,567,0.268844391
recycle,568,0.242295654
recycle,569,0.194728914
recycle,570,0.089065581
recycle,571,0.149679525
recycle,572,0.362908150
recycle,573,0.873523592
recycle,574,1.000000000
recycle,575,1.000000000
recycle,586,0.016666375
recycle,587,0.240444578
recycle,588,0.693443078
recycle,589,0.820224826
recycle,590,0.833461109
recycle,591,0.894521879
recycle,592,0.987233726
recycle,593,1.000000000
recycle,594,1.000000000
recycle,595,0.969638385
recycle,596,0.854364016
recycle,597,0.822404509
recycle,598,0.820083606
recycle,599,0.820082522
recycle,600,0.820082521
recycle,601,0.820082521
recycle,602,0.820082521
recycle,603,0.820082521
recycle,604,0.820082521
recycle,605,0.820082521
recycle,606,0.820082521
recycle,607,0.820082521
recycle,608,0.820082521
recycle,609,0.820082521
recycle,610,0.767755380
recycle,611,0.546861012
recycle,612,0.338411544
recycle,613,0.336442812
recycle,614,0.310966165
recycle,615,0.267421311
recycle,616,0.240506044
recycle,617,0.193186418
recycle,618,0.086894229
recycle,619,0.148762978
recycle,620,0.362050315
recycle,621,0.873196556
recycle,622,1.000000000
recycle,623,1.000000000
recycle,633,0.000015448
recycle,634,0.115534613
recycle,635,0.542386045
recycle,636,0.810667355
recycle,637,0.847030290
recycle,638,0.902442378
recycle,639,0.976752635
recycle,640,1.000000000
recycle,641,1.000000000
recycle,642,0.968664327
recycle,643,0.879828067
recycle,644,0.827345369
recycle,645,0.820260119
recycle,646,0.820083074
recycle,647,0.820082522
recycle,648,0.820082521
recycle,649,0.820082521
recycle,650,0.820082521
recycle,651,0.820082521
recycle,652,0.820082521
recycle,653,0.820082521
recycle,654,0.820082521
recycle,655,0.820082521
recycle,656,0.811063947
recycle,657,0.763221024
recycle,658,0.778352905
recycle,659,0.692724214
recycle,660,0.446786229
recycle,661,0.296972836
recycle,662,0.297070682
recycle,663,0.306933414
recycle,664,0.231000875
recycle,665,0.119578775
recycle,666,0.256052767
recycle,667,0.610147590
recycle,668,0.852535354
recycle,669,0.984100816
recycle,670,0.981694185
recycle,671,0.850904494
recycle,680,0.000038486
recycle,681,0.018620175
recycle,682,0.267929303
recycle,683,0.727791060
recycle,684,0.962703239
recycle,685,0.981834383
recycle,686,0.989518909
recycle,687,1.000000000
recycle,688,1.000000000
recycle,689,0.964749105
recycle,690,0.864524228
recycle,691,0.825476926
recycle,692,0.820288943
recycle,693,0.820085427
recycle,694,0.820082538
recycle,695,0.820082522
recycle,696,0.820082521
recycle,697,0.820082521
recycle,698,0.820082521
recycle,699,0.820082521
recycle,700,0.820082521
recycle,701,0.820082521
recycle,702,0.820082521
recycle,703,0.818613442
recycle,704,0.750575347
recycle,705,0.575077800
recycle,706,0.610627494
recycle,707,0.749462781
recycle,708,0.652303887
recycle,709,0.380010983
recycle,710,0.281168480
recycle,711,0.273851784
recycle,712,0.235836815
recycle,713,0.293367280
recycle,714,0.683184916
recycle,715,0.954943717
recycle,716,1.000000000
recycle,717,0.981694174
recycle,718,0.731694239
recycle,719,0.320025944
recycle,727,0.018305826
recycle,728,0.125224685
recycle,729,0.287300039
recycle,730,0.732008523
recycle,731,0.964358130
recycle,732,1.000000000
recycle,733,1.000000000
recycle,734,1.000000000
recycle,735,0.988960917
recycle,736,0.963409246
recycle,737,0.856815410
recycle,738,0.821444127
recycle,739,0.820102694
recycle,740,0.820084812
recycle,741,0.820082539
recycle,742,0.820082522
recycle,743,0.820082521
recycle,744,0.820082521
recycle,745,0.820082521
recycle,746,0.820082521
recycle,747,0.820082521
recycle,748,0.820082521
recycle,749,0.820082521
recycle,750,0.818694943
recycle,751,0.796829713
recycle,752,0.691086566
recycle,753,0.488093588
recycle,754,0.422555832
recycle,755,0.596513403
recycle,756,0.750340907
recycle,757,0.580722970
recycle,758,0.356595786
recycle,759,0.354739067
recycle,760,0.625731619
recycle,761,0.839210826
recycle,762,0.973289480
recycle,763,1.000000000
recycle,764,0.981694174
recycle,765,0.731694174
recycle,766,0.268305837
recycle,767,0.021834621
recycle,773,0.000000000
recycle,774,0.018305827
recycle,775,0.233603117
recycle,776,0.606734829
recycle,777,0.838613033
recycle,778,0.981732660
recycle,779,1.000000000
recycle,780,1.000000000
recycle,781,1.000000000
recycle,782,0.973691902
recycle,783,0.899047983
recycle,784,0.845655800
recycle,785,0.820103422
recycle,786,0.820082664
recycle,787,0.820082539
recycle,788,0.820082523
recycle,789,0.820082522
recycle,790,0.820082521
recycle,791,0.820082521
recycle,792,0.820082521
recycle,793,0.820082521
recycle,794,0.820082521
recycle,795,0.820082521
recycle,796,0.820082521
recycle,797,0.820082521
recycle,798,0.804696062
recycle,799,0.709408719
recycle,800,0.615025948
recycle,801,0.540608252
recycle,802,0.433094010
recycle,803,0.500980540
recycle,804,0.739527950
recycle,805,0.784526480
recycle,806,0.735120298
recycle,807,0.750835448
recycle,808,0.947699931
recycle,809,1.000000000
recycle,810,1.000000000
recycle,811,0.970558250
recycle,812,0.731694174
recycle,813,0.268305826
recycle,814,0.018305826
recycle,820,0.009925984
recycle,821,0.076158703
recycle,822,0.261834559
recycle,823,0.636123969
recycle,824,0.946991465
recycle,825,1.000000000
recycle,826,1.000000000
recycle,827,1.000000000
recycle,828,1.000000000
recycle,829,0.966732905
recycle,830,0.874394008
recycle,831,0.830386093
recycle,832,0.820082646
recycle,833,0.820082522
recycle,834,0.820082522
recycle,835,0.820082521
recycle,836,0.820082521
recycle,837,0.820082521
recycle,838,0.820082521
recycle,839,0.820082521
recycle,840,0.820082521
recycle,841,0.820082521
recycle,842,0.820082521
recycle,843,0.820082521
recycle,844,0.820082521
recycle,845,0.820082521
recycle,846,0.776152895
recycle,847,0.654945184
recycle,848,0.652104385
recycle,849,0.712297270
recycle,850,0.724560986
recycle,851,0.735575293
recycle,852,0.809877664
recycle,853,0.856694207
recycle,854,0.963388354
recycle,855,0.982906611
recycle,856,1.000000000
recycle,857,0.992312583
recycle,858,0.907451966
recycle,859,0.659101836
recycle,860,0.257169902
recycle,861,0.018305826
recycle,866,0.000000013
recycle,867,0.018305901
recycle,868,0.187490730
recycle,869,0.460170282
recycle,870,0.789547051
recycle,871,0.965296919
recycle,872,1.000000000
recycle,873,1.000000000
recycle,874,1.000000000
recycle,875,1.000000000
recycle,876,0.963703580
recycle,877,0.858487849
recycle,878,0.823427080
recycle,879,0.820082525
recycle,880,0.820082521
recycle,881,0.820082521
recycle,882,0.820082521
recycle,883,0.820082521
recycle,884,0.820082521
recycle,885,0.820082521
recycle,886,0.820082521
recycle,887,0.820082521
recycle,888,0.820082521
recycle,889,0.820082521
recycle,890,0.820082521
recycle,891,0.820082521
recycle,892,0.820082521
recycle,893,0.820082521
recycle,894,0.812783460
recycle,895,0.773625042
recycle,896,0.787984494
recycle,897,0.804637514
recycle,898,0.818714612
recycle,899,0.840743893
recycle,900,0.870423299
recycle,901,0.965743899
recycle,902,1.000000000
recycle,903,1.000000000
recycle,904,0.981694919
recycle,905,0.793592233
recycle,906,0.472307947
recycle,907,0.194063618
recycle,908,0.018305826
recycle,913,0.018305826
recycle,914,0.132714497
recycle,915,0.272943891
recycle,916,0.643651555
recycle,917,0.900879065
recycle,918,0.991620158
recycle,919,1.000000000
recycle,920,1.000000000
recycle,921,1.000000000
recycle,922,0.987985517
recycle,923,0.963395837
recycle,924,0.856737808
recycle,925,0.820397754
recycle,926,0.820082526
recycle,927,0.820082574
recycle,928,0.820084980
recycle,929,0.820083171
recycle,930,0.820082576
recycle,931,0.820082559
recycle,932,0.820082529
recycle,933,0.820082523
recycle,934,0.820082522
recycle,935,0.820082522
recycle,936,0.820082522
recycle,937,0.820082522
recycle,938,0.820082522
recycle,939,0.820082522
recycle,940,0.820082522
recycle,941,0.820082522
recycle,942,0.820082622
recycle,943,0.820108051
recycle,944,0.827774038
recycle,945,0.838998602
recycle,946,0.860250989
recycle,947,0.963998601
recycle,948,0.984049719
recycle,949,1.000000000
recycle,950,1.000000000
recycle,951,0.963408460
recycle,952,0.731698517
recycle,953,0.278937265
recycle,954,0.080203886
recycle,955,0.010618409
recycle,960,0.170930126
recycle,961,0.276020248
recycle,962,0.651657134
recycle,963,0.846102844
recycle,964,0.968026202
recycle,965,1.000000000
recycle,966,1.000000000
recycle,967,1.000000000
recycle,968,1.000000000
recycle,969,0.987985517
recycle,970,0.911668636
recycle,971,0.862985532
recycle,972,0.838395838
recycle,973,0.838388355
recycle,974,0.838388425
recycle,975,0.838391115
recycle,976,0.838403376
recycle,977,0.838394646
recycle,978,0.838389352
recycle,979,0.823497757
recycle,980,0.826699928
recycle,981,0.821192876
recycle,982,0.820303081
recycle,983,0.820313169
recycle,984,0.821101212
recycle,985,0.826257153
recycle,986,0.825599515
recycle,987,0.825555844
recycle,988,0.826303665
recycle,989,0.838388450
recycle,990,0.838414461
recycle,991,0.846228759
recycle,992,0.901549144
recycle,993,0.971079864
recycle,994,0.982304427
recycle,995,1.000000000
recycle,996,1.000000000
recycle,997,0.971083666
recycle,998,0.838408476
recycle,999,0.606811399
recycle,1000,0.250020857
recycle,1001,0.018310169
recycle,1002,0.000000745
recycle,1008,0.829069874
recycle,1009,0.856694174
recycle,1010,0.971102770
recycle,1011,1.000000000
recycle,1012,1.000000000
recycle,1013,1.000000000
recycle,1014,1.000000000
recycle,1015,1.000000000
recycle,1016,1.000000000
recycle,1017,1.000000000
recycle,1018,0.987985517
recycle,1019,0.981694176
recycle,1020,0.981694174
recycle,1021,0.981694174
recycle,1022,0.981694178
recycle,1023,0.981694226
recycle,1024,0.981696632
recycle,1025,0.981694823
recycle,1026,0.966803359
recycle,1027,0.883215360
recycle,1028,0.881482236
recycle,1029,0.851697762
recycle,1030,0.841014833
recycle,1031,0.840971904
recycle,1032,0.850730988
recycle,1033,0.880912417
recycle,1034,0.882191694
recycle,1035,0.882027345
recycle,1036,0.898426975
recycle,1037,0.969609491
recycle,1038,0.981694274
recycle,1039,0.981719703
recycle,1040,0.989385690
recycle,1041,1.000000000
recycle,1042,1.000000000
recycle,1043,0.963457297
recycle,1044,0.846083670
recycle,1045,0.651545778
recycle,1046,0.276001190
recycle,1047,0.125020128
recycle,1048,0.018305826
recycle,1056,1.000000000
recycle,1057,1.000000000
recycle,1058,1.000000000
recycle,1059,1.000000000
recycle,1060,1.000000000
recycle,1061,1.000000000
recycle,1062,1.000000000
recycle,1063,1.000000000
recycle,1064,1.000000000
recycle,1065,1.000000000
recycle,1066,1.000000000
recycle,1067,1.000000000
recycle,1068,1.000000000
recycle,1069,1.000000000
recycle,1070,1.000000000
recycle,1071,1.000000000
recycle,1072,1.000000000
recycle,1073,1.000000000
recycle,1074,1.000000000
recycle,1075,0.985109131
recycle,1076,0.988311497
recycle,1077,0.982804513
recycle,1078,0.981914731
recycle,1079,0.981924821
recycle,1080,0.982712864
recycle,1081,0.987868805
recycle,1082,0.987211167
recycle,1083,0.987167496
recycle,1084,0.987915317
recycle,1085,1.000000000
recycle,1086,1.000000000
recycle,1087,1.000000000
recycle,1088,0.972844553
recycle,1089,0.885302506
recycle,1090,0.825059883
recycle,1091,0.607096038
recycle,1092,0.268374793
recycle,1093,0.132695325
recycle,1094,0.018305842
recycle,1095,0.000000003
recycle,1104,1.000000000
recycle,1105,1.000000000
recycle,1106,1.000000000
recycle,1107,1.000000000
recycle,1108,1.000000000
recycle,1109,1.000000000
recycle,1110,1.000000000
recycle,1111,1.000000000
recycle,1112,1.000000000
recycle,1113,1.000000000
recycle,1114,1.000000000
recycle,1115,1.000000000
recycle,1116,1.000000000
recycle,1117,1.000000000
recycle,1118,1.000000000
recycle,1119,1.000000000
recycle,1120,1.000000000
recycle,1121,1.000000000
recycle,1122,1.000000000
recycle,1123,1.000000000
recycle,1124,1.000000000
recycle,1125,1.000000000
recycle,1126,1.000000000
recycle,1127,1.000000000
recycle,1128,1.000000000
recycle,1129,1.000000000
recycle,1130,1.000000000
recycle,1131,1.000000000
recycle,1132,1.000000000
recycle,1133,1.000000000
recycle,1134,1.000000000
recycle,1135,0.983589903
recycle,1136,0.789382369
recycle,1137,0.427819184
recycle,1138,0.226887677
recycle,1139,0.149177824
recycle,1140,0.021834550
recycle,1141,0.000000001
recycle,1152,1.000000000
recycle,1153,1.000000000
recycle,1154,1.000000000
recycle,1155,1.000000000
recycle,1156,1.000000000
recycle,1157,1.000000000
recycle,1158,1.000000000
recycle,1159,1.000000000
recycle,1160,1.000000000
recycle,1161,1.000000000
recycle,1162,1.000000000
recycle,1163,1.000000000
recycle,1164,1.000000000
recycle,1165,1.000000000
recycle,1166,1.000000000
recycle,1167,1.000000000
recycle,1168,1.000000000
recycle,1169,1.000000000
recycle,1170,1.000000000
recycle,1171,1.000000000
recycle,1172,1.000000000
recycle,1173,1.000000000
recycle,1174,1.000000000
recycle,1175,1.000000000
recycle,1176,1.000000000
recycle,1177,1.000000000
recycle,1178,1.000000000
recycle,1179,1.000000000
recycle,1180,0.999899244
recycle,1181,1.000000000
recycle,1182,0.990251348
recycle,1183,0.844691798
recycle,1184,0.504611781
recycle,1185,0.253349814
recycle,1186,0.148294325
recycle,1187,0.037013597
recycle,1188,0.000068964
recycle,1200,1.000000000
recycle,1201,1.000000000
recycle,1202,1.000000000
recycle,1203,1.000000000
recycle,1204,1.000000000
recycle,1205,1.000000000
recycle,1206,1.000000000
recycle,1207,1.000000000
recycle,1208,1.000000000
recycle,1209,1.000000000
recycle,1210,1.000000000
recycle,1211,1.000000000
recycle,1212,1.000000000
recycle,1213,1.000000000
recycle,1214,1.000000000
recycle,1215,1.000000000
recycle,1216,0.987841492
recycle,1217,0.984485793
recycle,1218,0.971866617
recycle,1219,0.901031108
recycle,1220,0.899555975
recycle,1221,0.874311672
recycle,1222,0.865257673
recycle,1223,0.865221562
recycle,1224,0.873494588
recycle,1225,0.899079540
recycle,1226,0.900162607
recycle,1227,0.899936400
recycle,1228,0.913422533
recycle,1229,0.974158894
recycle,1230,0.984485600
recycle,1231,0.967451533
recycle,1232,0.899296460
recycle,1233,0.840026793
recycle,1234,0.651541749
recycle,1235,0.349878190
recycle,1236,0.147742183
recycle,1237,0.069044196
recycle,1238,0.006522380
recycle,1248,0.838388348
recycle,1249,0.854057437
recycle,1250,0.916671615
recycle,1251,0.991026043
recycle,1252,1.000000000
recycle,1253,1.000000000
recycle,1254,1.000000000
recycle,1255,1.000000000
recycle,1256,0.985431630
recycle,1257,0.974301077
recycle,1258,0.909611823
recycle,1259,0.868361478
recycle,1260,0.863031397
recycle,1261,0.863031400
recycle,1262,0.863031460
recycle,1263,0.850875236
recycle,1264,0.776664974
recycle,1265,0.744940312
recycle,1266,0.668030172
recycle,1267,0.463195540
recycle,1268,0.409877300
recycle,1269,0.339684185
recycle,1270,0.299345337
recycle,1271,0.298993600
recycle,1272,0.336199257
recycle,1273,0.413266274
recycle,1274,0.428772512
recycle,1275,0.428565537
recycle,1276,0.499036706
recycle,1277,0.681887286
recycle,1278,0.744487649
recycle,1279,0.778848698
recycle,1280,0.893917569
recycle,1281,0.973771079
recycle,1282,0.954932038
recycle,1283,0.857967694
recycle,1284,0.712018110
recycle,1285,0.466803976
recycle,1286,0.178553345
recycle,1287,0.031128310
recycle,1288,0.000017040
recycle,1296,0.161611652
recycle,1297,0.206123324
recycle,1298,0.478752682
recycle,1299,0.783636376
recycle,1300,0.901471173
recycle,1301,0.978941937
recycle,1302,1.000000000
recycle,1303,0.985431630
recycle,1304,0.899574822
recycle,1305,0.804631037
recycle,1306,0.594528736
recycle,1307,0.426463636
recycle,1308,0.305003209
recycle,1309,0.289458084
recycle,1310,0.289452033
recycle,1311,0.289464674
recycle,1312,0.277333177
recycle,1313,0.273959575
recycle,1314,0.261322531
recycle,1315,0.190483676
recycle,1316,0.189007991
recycle,1317,0.163763438
recycle,1318,0.154709392
recycle,1319,0.154673274
recycle,1320,0.162946299
recycle,1321,0.188531251
recycle,1322,0.189614317
recycle,1323,0.189473503
recycle,1324,0.203371948
recycle,1325,0.263696497
recycle,1326,0.274064881
recycle,1327,0.315193999
recycle,1328,0.492255960
recycle,1329,0.691068436
recycle,1330,0.774516352
recycle,1331,0.901091229
recycle,1332,0.954836658
recycle,1333,0.894883916
recycle,1334,0.678479260
recycle,1335,0.352698256
recycle,1336,0.137067946
recycle,1337,0.015515128
recycle,1345,0.006540540
recycle,1346,0.069154728
recycle,1347,0.181948988
recycle,1348,0.423661262
recycle,1349,0.733214947
recycle,1350,0.959494084
recycle,1351,1.000000000
recycle,1352,0.959764088
recycle,1353,0.859327297
recycle,1354,0.772672460
recycle,1355,0.641004742
recycle,1356,0.349219096
recycle,1357,0.169551770
recycle,1358,0.152743477
recycle,1359,0.152485453
recycle,1360,0.152495867
recycle,1361,0.152488449
recycle,1362,0.152483955
recycle,1363,0.152483340
recycle,1364,0.152483174
recycle,1365,0.152483116
recycle,1366,0.152483105
recycle,1367,0.152483104
recycle,1368,0.152483103
recycle,1369,0.152483103
recycle,1370,0.152483103
recycle,1371,0.152483103
recycle,1372,0.152483104
recycle,1373,0.152483190
recycle,1374,0.152505231
recycle,1375,0.159127390
recycle,1376,0.206009599
recycle,1377,0.267955370
recycle,1378,0.374814619
recycle,1379,0.647110824
recycle,1380,0.776057613
recycle,1381,0.899091399
recycle,1382,0.950397047
recycle,1383,0.863130734
recycle,1384,0.635655496
recycle,1385,0.239821508
recycle,1386,0.024530086
recycle,1387,0.000004312
recycle,1395,0.003933367
recycle,1396,0.062387711
recycle,1397,0.286518305
recycle,1398,0.645696613
recycle,1399,0.862339781
recycle,1400,0.902238065
recycle,1401,0.897370460
recycle,1402,0.855827177
recycle,1403,0.832025397
recycle,1404,0.652706333
recycle,1405,0.355973311
recycle,1406,0.184479851
recycle,1407,0.155050719
recycle,1408,0.152483106
recycle,1409,0.152483103
recycle,1410,0.152483103
recycle,1411,0.152483103
recycle,1412,0.152483103
recycle,1413,0.152483103
recycle,1414,0.152483103
recycle,1415,0.152483103
recycle,1416,0.152483103
recycle,1417,0.152483103
recycle,1418,0.152483103
recycle,1419,0.152483103
recycle,1420,0.152483103
recycle,1421,0.152483103
recycle,1422,0.152483103
recycle,1423,0.146297179
recycle,1424,0.149163025
recycle,1425,0.151320650
recycle,1426,0.171012135
recycle,1427,0.270578637
recycle,1428,0.399540586
recycle,1429,0.671676419
recycle,1430,0.881018962
recycle,1431,0.972265916
recycle,1432,0.965876306
recycle,1433,0.732555489
recycle,1434,0.313873799
recycle,1435,0.075445058
recycle,1436,0.006073867
recycle,1444,0.000000001
recycle,1445,0.023947933
recycle,1446,0.146442742
recycle,1447,0.377270611
recycle,1448,0.673114170
recycle,1449,0.881813572
recycle,1450,0.865205713
recycle,1451,0.849325107
recycle,1452,0.832262817
recycle,1453,0.667634415
recycle,1454,0.400151343
recycle,1455,0.218795926
recycle,1456,0.158631708
recycle,1457,0.152483208
recycle,1458,0.152483104
recycle,1459,0.152483103
recycle,1460,0.152483103
recycle,1461,0.152483103
recycle,1462,0.152483103
recycle,1463,0.152483103
recycle,1464,0.152483103
recycle,1465,0.152483103
recycle,1466,0.152483103
recycle,1467,0.152483103
recycle,1468,0.152483103
recycle,1469,0.152483103
recycle,1470,0.146297179
recycle,1471,0.111940816
recycle,1472,0.119674614
recycle,1473,0.134655142
recycle,1474,0.141226660
recycle,1475,0.143832979
recycle,1476,0.179636338
recycle,1477,0.350844804
recycle,1478,0.639961673
recycle,1479,0.779820650
recycle,1480,0.954695425
recycle,1481,0.981395089
recycle,1482,0.801507846
recycle,1483,0.470569996
recycle,1484,0.175407456
recycle,1485,0.015514497
recycle,1494,0.001625505
recycle,1495,0.056019472
recycle,1496,0.319449947
recycle,1497,0.642809099
recycle,1498,0.833809974
recycle,1499,0.847517031
recycle,1500,0.847516901
recycle,1501,0.834569999
recycle,1502,0.701950351
recycle,1503,0.474429877
recycle,1504,0.294275228
recycle,1505,0.168100887
recycle,1506,0.152501420
recycle,1507,0.152483311
recycle,1508,0.152483127
recycle,1509,0.152483105
recycle,1510,0.152483103
recycle,1511,0.152483103
recycle,1512,0.152483103
recycle,1513,0.152483103
recycle,1514,0.152483103
recycle,1515,0.152483103
recycle,1516,0.152483103
recycle,1517,0.152483103
recycle,1518,0.151315100
recycle,1519,0.133897492
recycle,1520,0.109449701
recycle,1521,0.101040204
recycle,1522,0.071177899
recycle,1523,0.077714242
recycle,1524,0.141836097
recycle,1525,0.164926947
recycle,1526,0.252210171
recycle,1527,0.368242296
recycle,1528,0.688199982
recycle,1529,0.953460164
recycle,1530,0.990559370
recycle,1531,0.901470244
recycle,1532,0.659416805
recycle,1533,0.245945961
recycle,1534,0.015514497
recycle,1543,0.000000317
recycle,1544,0.031063515
recycle,1545,0.227584472
recycle,1546,0.605463053
recycle,1547,0.746290111
recycle,1548,0.832810992
recycle,1549,0.847516897
recycle,1550,0.838150390
recycle,1551,0.777410499
recycle,1552,0.641888823
recycle,1553,0.350291525
recycle,1554,0.174735713
recycle,1555,0.153719641
recycle,1556,0.152511300
recycle,1557,0.152485108
recycle,1558,0.152483117
recycle,1559,0.152483103
recycle,1560,0.152483103
recycle,1561,0.152483103
recycle,1562,0.152483103
recycle,1563,0.152483103
recycle,1564,0.152483103
recycle,1565,0.152483103
recycle,1566,0.152483103
recycle,1567,0.150080786
recycle,1568,0.132601454
recycle,1569,0.087419513
recycle,1570,0.070050848
recycle,1571,0.113431165
recycle,1572,0.146218330
recycle,1573,0.110735983
recycle,1574,0.055026658
recycle,1575,0.070048694
recycle,1576,0.320519452
recycle,1577,0.659600558
recycle,1578,0.911648435
recycle,1579,0.992826356
recycle,1580,0.972008749
recycle,1581,0.741577285
recycle,1582,0.258422715
recycle,1583,0.018305837
recycle,1593,0.015560278
recycle,1594,0.141757827
recycle,1595,0.361609614
recycle,1596,0.640469277
recycle,1597,0.733382514
recycle,1598,0.780324729
recycle,1599,0.838630037
recycle,1600,0.832019996
recycle,1601,0.657871317
recycle,1602,0.372149665
recycle,1603,0.194509424
recycle,1604,0.156807471
recycle,1605,0.152644130
recycle,1606,0.152483649
recycle,1607,0.152483103
recycle,1608,0.152483103
recycle,1609,0.152483103
recycle,1610,0.152483103
recycle,1611,0.152483103
recycle,1612,0.152483103
recycle,1613,0.152483103
recycle,1614,0.152483103
recycle,1615,0.152483103
recycle,1616,0.143615650
recycle,1617,0.097273900
recycle,1618,0.113602117
recycle,1619,0.145664502
recycle,1620,0.130916880
recycle,1621,0.061121647
recycle,1622,0.052634936
recycle,1623,0.055836916
recycle,1624,0.051318037
recycle,1625,0.193829906
recycle,1626,0.511438787
recycle,1627,0.821399326
recycle,1628,0.981029444
recycle,1629,0.984485503
recycle,1630,0.741577294
recycle,1631,0.304917544
recycle,1642,0.014946400
recycle,1643,0.133581134
recycle,1644,0.258533711
recycle,1645,0.314643975
recycle,1646,0.485645029
recycle,1647,0.717142282
recycle,1648,0.836696571
recycle,1649,0.833137606
recycle,1650,0.677227273
recycle,1651,0.411226003
recycle,1652,0.201470356
recycle,1653,0.155315982
recycle,1654,0.152486760
recycle,1655,0.152483104
recycle,1656,0.152483103
recycle,1657,0.152483103
recycle,1658,0.152483103
recycle,1659,0.152483103
recycle,1660,0.152483103
recycle,1661,0.152483103
recycle,1662,0.152483103
recycle,1663,0.152483103
recycle,1664,0.152483103
recycle,1665,0.144849963
recycle,1666,0.148858580
recycle,1667,0.136400070
recycle,1668,0.075731022
recycle,1669,0.052165137
recycle,1670,0.055634498
recycle,1671,0.062977992
recycle,1672,0.068267205
recycle,1673,0.057249987
recycle,1674,0.119423514
recycle,1675,0.356989176
recycle,1676,0.739060352
recycle,1677,0.965485549
recycle,1678,0.984485503
recycle,1679,0.856694185
recycle,1690,0.000000000
recycle,1691,0.029639203
recycle,1692,0.137087389
recycle,1693,0.159814949
recycle,1694,0.238840916
recycle,1695,0.480444664
recycle,1696,0.773631785
recycle,1697,0.847516897
recycle,1698,0.835338076
recycle,1699,0.668618367
recycle,1700,0.308344515
recycle,1701,0.166046178
recycle,1702,0.152489845
recycle,1703,0.152483105
recycle,1704,0.152483103
recycle,1705,0.152483103
recycle,1706,0.152483103
recycle,1707,0.152483103
recycle,1708,0.152483103
recycle,1709,0.152483103
recycle,1710,0.152483103
recycle,1711,0.152483103
recycle,1712,0.152483103
recycle,1713,0.152483103
recycle,1714,0.145992705
recycle,1715,0.097835501
recycle,1716,0.057639878
recycle,1717,0.065679556
recycle,1718,0.058317822
recycle,1719,0.052556637
recycle,1720,0.066018288
recycle,1721,0.102826312
recycle,1722,0.078522486
recycle,1723,0.051888186
recycle,1724,0.269396593
recycle,1725,0.759195996
recycle,1726,0.984485508
recycle,1727,1.000000000
recycle,1738,0.000000000
recycle,1739,0.029639538
recycle,1740,0.137087476
recycle,1741,0.159819417
recycle,1742,0.238867424
recycle,1743,0.480456697
recycle,1744,0.773635129
recycle,1745,0.847516897
recycle,1746,0.835338225
recycle,1747,0.668619016
recycle,1748,0.308344051
recycle,1749,0.166045959
recycle,1750,0.152489844
recycle,1751,0.152483105
recycle,1752,0.152483103
recycle,1753,0.152483103
recycle,1754,0.152483103
recycle,1755,0.152483103
recycle,1756,0.152483103
recycle,1757,0.152483103
recycle,1758,0.152483103
recycle,1759,0.152483103
recycle,1760,0.152483103
recycle,1761,0.152483103
recycle,1762,0.145987742
recycle,1763,0.097802255
recycle,1764,0.057548272
recycle,1765,0.065501988
recycle,1766,0.058107561
recycle,1767,0.052254805
recycle,1768,0.065409625
recycle,1769,0.100596214
recycle,1770,0.074836992
recycle,1771,0.050304186
recycle,1772,0.269088168
recycle,1773,0.759137987
recycle,1774,0.984485508
recycle,1775,1.000000000
recycle,1786,0.014946942
recycle,1787,0.133584384
recycle,1788,0.258534776
recycle,1789,0.314668568
recycle,1790,0.485715441
recycle,1791,0.717169389
recycle,1792,0.836697264
recycle,1793,0.833138057
recycle,1794,0.677230764
recycle,1795,0.411228854
recycle,1796,0.201470537
recycle,1797,0.155315790
recycle,1798,0.152486760
recycle,1799,0.152483104
recycle,1800,0.152483103
recycle,1801,0.152483103
recycle,1802,0.152483103
recycle,1803,0.152483103
recycle,1804,0.152483103
recycle,1805,0.152483103
recycle,1806,0.152483103
recycle,1807,0.152483103
recycle,1808,0.152483103
recycle,1809,0.144839709
recycle,1810,0.148840988
recycle,1811,0.136376809
recycle,1812,0.075552084
recycle,1813,0.051887696
recycle,1814,0.055250076
recycle,1815,0.062389450
recycle,1816,0.067277761
recycle,1817,0.055843438
recycle,1818,0.117314778
recycle,1819,0.356583931
recycle,1820,0.738946413
recycle,1821,0.965480422
recycle,1822,0.984485503
recycle,1823,0.856694185
recycle,1833,0.015560207
recycle,1834,0.141759033
recycle,1835,0.361613827
recycle,1836,0.640470662
recycle,1837,0.733386980
recycle,1838,0.780347886
recycle,1839,0.838633995
recycle,1840,0.832020008
recycle,1841,0.657874013
recycle,1842,0.372157697
recycle,1843,0.194512861
recycle,1844,0.156807454
recycle,1845,0.152644101
recycle,1846,0.152483649
recycle,1847,0.152483103
recycle,1848,0.152483103
recycle,1849,0.152483103
recycle,1850,0.152483103
recycle,1851,0.152483103
recycle,1852,0.152483103
recycle,1853,0.152483103
recycle,1854,0.152483103
recycle,1855,0.152483103
recycle,1856,0.143594640
recycle,1857,0.097189279
recycle,1858,0.113483859
recycle,1859,0.145600896
recycle,1860,0.130702758
recycle,1861,0.060983426
recycle,1862,0.052513581
recycle,1863,0.055652711
recycle,1864,0.051130778
recycle,1865,0.193479397
recycle,1866,0.511198084
recycle,1867,0.821312238
recycle,1868,0.981020193
recycle,1869,0.984485503
recycle,1870,0.741577294
recycle,1871,0.304917544
recycle,1879,0.000000315
recycle,1880,0.031063450
recycle,1881,0.227584146
recycle,1882,0.605463204
recycle,1883,0.746291409
recycle,1884,0.832811215
recycle,1885,0.847516897
recycle,1886,0.838161088
recycle,1887,0.777472851
recycle,1888,0.641899590
recycle,1889,0.350292182
recycle,1890,0.174738408
recycle,1891,0.153720083
recycle,1892,0.152511296
recycle,1893,0.152485108
recycle,1894,0.152483117
recycle,1895,0.152483103
recycle,1896,0.152483103
recycle,1897,0.152483103
recycle,1898,0.152483103
recycle,1899,0.152483103
recycle,1900,0.152483103
recycle,1901,0.152483103
recycle,1902,0.152483103
recycle,1903,0.150062038
recycle,1904,0.132527417
recycle,1905,0.087346845
recycle,1906,0.069979905
recycle,1907,0.113344743
recycle,1908,0.146167145
recycle,1909,0.110698962
recycle,1910,0.055031325
recycle,1911,0.070024692
recycle,1912,0.320514013
recycle,1913,0.659589560
recycle,1914,0.911586127
recycle,1915,0.992815679
recycle,1916,0.972005764
recycle,1917,0.741577285
recycle,1918,0.258422715
recycle,1919,0.018305837
recycle,1926,0.001617546
recycle,1927,0.055973079
recycle,1928,0.319441959
recycle,1929,0.643240136
recycle,1930,0.833845612
recycle,1931,0.847517032
recycle,1932,0.847516901
recycle,1933,0.834576148
recycle,1934,0.702048541
recycle,1935,0.474623081
recycle,1936,0.294337593
recycle,1937,0.168100956
recycle,1938,0.152501432
recycle,1939,0.152483311
recycle,1940,0.152483127
recycle,1941,0.152483105
recycle,1942,0.152483103
recycle,1943,0.152483103
recycle,1944,0.152483103
recycle,1945,0.152483103
recycle,1946,0.152483103
recycle,1947,0.152483103
recycle,1948,0.152483103
recycle,1949,0.152483103
recycle,1950,0.151307107
recycle,1951,0.133846673
recycle,1952,0.109404996
recycle,1953,0.101009561
recycle,1954,0.071170449
recycle,1955,0.077710837
recycle,1956,0.141837950
recycle,1957,0.164921775
recycle,1958,0.252205012
recycle,1959,0.368215668
recycle,1960,0.688191103
recycle,1961,0.953460135
recycle,1962,0.990562116
recycle,1963,0.901483263
recycle,1964,0.659402151
recycle,1965,0.245942976
recycle,1966,0.015514497
recycle,1972,0.000000001
recycle,1973,0.023926940
recycle,1974,0.146396358
recycle,1975,0.377131460
recycle,1976,0.673523215
recycle,1977,0.884766681
recycle,1978,0.865844744
recycle,1979,0.849360753
recycle,1980,0.832263331
recycle,1981,0.667673245
recycle,1982,0.400270071
recycle,1983,0.218894116
recycle,1984,0.158642407
recycle,1985,0.152483208
recycle,1986,0.152483104
recycle,1987,0.152483103
recycle,1988,0.152483103
recycle,1989,0.152483103
recycle,1990,0.152483103
recycle,1991,0.152483103
recycle,1992,0.152483103
recycle,1993,0.152483103
recycle,1994,0.152483103
recycle,1995,0.152483103
recycle,1996,0.152483103
recycle,1997,0.152483103
recycle,1998,0.146297025
recycle,1999,0.111933608
recycle,2000,0.119683336
recycle,2001,0.134671281
recycle,2002,0.141229803
recycle,2003,0.143834309
recycle,2004,0.179633294
recycle,2005,0.350844281
recycle,2006,0.639958412
recycle,2007,0.779810604
recycle,2008,0.954693695
recycle,2009,0.981399717
recycle,2010,0.801533324
recycle,2011,0.470618013
recycle,2012,0.175420475
recycle,2013,0.015514497
recycle,2019,0.003930660
recycle,2020,0.062350940
recycle,2021,0.286400104
recycle,2022,0.645667663
recycle,2023,0.862317733
recycle,2024,0.902776761
recycle,2025,0.900185594
recycle,2026,0.856268852
recycle,2027,0.832025607
recycle,2028,0.652709320
recycle,2029,0.355988435
recycle,2030,0.184518682
recycle,2031,0.155056868
recycle,2032,0.152483106
recycle,2033,0.152483103
recycle,2034,0.152483103
recycle,2035,0.152483103
recycle,2036,0.152483103
recycle,2037,0.152483103
recycle,2038,0.152483103
recycle,2039,0.152483103
recycle,2040,0.152483103
recycle,2041,0.152483103
recycle,2042,0.152483103
recycle,2043,0.152483103
recycle,2044,0.152483103
recycle,2045,0.152483103
recycle,2046,0.152483103
recycle,2047,0.146297025
recycle,2048,0.149164710
recycle,2049,0.151323778
recycle,2050,0.171012062
recycle,2051,0.270575581
recycle,2052,0.399531367
recycle,2053,0.671670876
recycle,2054,0.881010000
recycle,2055,0.972264152
recycle,2056,0.965880932
recycle,2057,0.732591922
recycle,2058,0.313936333
recycle,2059,0.075470536
recycle,2060,0.006076613
recycle,2065,0.006538103
recycle,2066,0.069140525
recycle,2067,0.181930772
recycle,2068,0.423620783
recycle,2069,0.733218146
recycle,2070,0.959500942
recycle,2071,1.000000000
recycle,2072,0.959789637
recycle,2073,0.859734214
recycle,2074,0.772684050
recycle,2075,0.641006685
recycle,2076,0.349219596
recycle,2077,0.169554757
recycle,2078,0.152743990
recycle,2079,0.152485448
recycle,2080,0.152495840
recycle,2081,0.152488441
recycle,2082,0.152483955
recycle,2083,0.152483339
recycle,2084,0.152483174
recycle,2085,0.152483116
recycle,2086,0.152483105
recycle,2087,0.152483104
recycle,2088,0.152483103
recycle,2089,0.152483103
recycle,2090,0.152483103
recycle,2091,0.152483103
recycle,2092,0.152483104
recycle,2093,0.152483190
recycle,2094,0.152505235
recycle,2095,0.159127984
recycle,2096,0.206012946
recycle,2097,0.267955870
recycle,2098,0.374813788
recycle,2099,0.647109140
recycle,2100,0.776053085
recycle,2101,0.899085182
recycle,2102,0.950394657
recycle,2103,0.863130768
recycle,2104,0.635655503
recycle,2105,0.239826140
recycle,2106,0.024539560
recycle,2107,0.000004315
recycle,2112,0.161611652
recycle,2113,0.206109120
recycle,2114,0.478710074
recycle,2115,0.783619465
recycle,2116,0.901455394
recycle,2117,0.978946088
recycle,2118,1.000000000
recycle,2119,0.985432819
recycle,2120,0.899581750
recycle,2121,0.804643608
recycle,2122,0.594562805
recycle,2123,0.426474991
recycle,2124,0.305003204
recycle,2125,0.289458083
recycle,2126,0.289452033
recycle,2127,0.289464647
recycle,2128,0.277323264
recycle,2129,0.273959539
recycle,2130,0.261321149
recycle,2131,0.190475581
recycle,2132,0.189006201
recycle,2133,0.163763114
recycle,2134,0.154709104
recycle,2135,0.154672713
recycle,2136,0.162943701
recycle,2137,0.188522971
recycle,2138,0.189607180
recycle,2139,0.189467892
recycle,2140,0.203366858
recycle,2141,0.263695740
recycle,2142,0.274064902
recycle,2143,0.315195991
recycle,2144,0.492264591
recycle,2145,0.691071156
recycle,2146,0.774511716
recycle,2147,0.901084783
recycle,2148,0.954834646
recycle,2149,0.894880334
recycle,2150,0.678479430
recycle,2151,0.352698461
recycle,2152,0.137067980
recycle,2153,0.015515129
recycle,2160,0.838388348
recycle,2161,0.854055000
recycle,2162,0.916657411
recycle,2163,0.991023606
recycle,2164,1.000000000
recycle,2165,1.000000000
recycle,2166,1.000000000
recycle,2167,1.000000000
recycle,2168,0.985432819
recycle,2169,0.974303025
recycle,2170,0.909623179
recycle,2171,0.868363426
recycle,2172,0.863031397
recycle,2173,0.863031400
recycle,2174,0.863031460
recycle,2175,0.850865401
recycle,2176,0.776607654
recycle,2177,0.744930472
recycle,2178,0.668022141
recycle,2179,0.463171075
recycle,2180,0.409867924
recycle,2181,0.339682934
recycle,2182,0.299344216
recycle,2183,0.298991180
recycle,2184,0.336187844
recycle,2185,0.413238259
recycle,2186,0.428745710
recycle,2187,0.428544026
recycle,2188,0.499019931
recycle,2189,0.681882875
recycle,2190,0.744486238
recycle,2191,0.778839627
recycle,2192,0.893911219
recycle,2193,0.973770231
recycle,2194,0.954931411
recycle,2195,0.857966165
recycle,2196,0.712012713
recycle,2197,0.466795348
recycle,2198,0.178550731
recycle,2199,0.031128344
recycle,2200,0.000017045
recycle,2208,1.000000000
recycle,2209,1.000000000
recycle,2210,1.000000000
recycle,2211,1.000000000
recycle,2212,1.000000000
recycle,2213,1.000000000
recycle,2214,1.000000000
recycle,2215,1.000000000
recycle,2216,1.000000000
recycle,2217,1.000000000
recycle,2218,1.000000000
recycle,2219,1.000000000
recycle,2220,1.000000000
recycle,2221,1.000000000
recycle,2222,1.000000000
recycle,2223,1.000000000
recycle,2224,0.987831662
recycle,2225,0.984485793
recycle,2226,0.971865240
recycle,2227,0.901023013
recycle,2228,0.899554186
recycle,2229,0.874311347
recycle,2230,0.865257385
recycle,2231,0.865221001
recycle,2232,0.873491990
recycle,2233,0.899071261
recycle,2234,0.900155470
recycle,2235,0.899931206
recycle,2236,0.913419871
recycle,2237,0.974158554
recycle,2238,0.984485600
recycle,2239,0.967448640
recycle,2240,0.899291113
recycle,2241,0.840025094
recycle,2242,0.651541663
recycle,2243,0.349877968
recycle,2244,0.147741186
recycle,2245,0.069041473
recycle,2246,0.006521912
recycle,2256,1.000000000
recycle,2257,1.000000000
recycle,2258,1.000000000
recycle,2259,1.000000000
recycle,2260,1.000000000
recycle,2261,1.000000000
recycle,2262,1.000000000
recycle,2263,1.000000000
recycle,2264,1.000000000
recycle,2265,1.000000000
recycle,2266,1.000000000
recycle,2267,1.000000000
recycle,2268,1.000000000
recycle,2269,1.000000000
recycle,2270,1.000000000
recycle,2271,1.000000000
recycle,2272,1.000000000
recycle,2273,1.000000000
recycle,2274,1.000000000
recycle,2275,1.000000000
recycle,2276,1.000000000
recycle,2277,1.000000000
recycle,2278,1.000000000
recycle,2279,1.000000000
recycle,2280,1.000000000
recycle,2281,1.000000000
recycle,2282,1.000000000
recycle,2283,1.000000000
recycle,2284,0.999899736
recycle,2285,1.000000000
recycle,2286,0.990250398
recycle,2287,0.844681633
recycle,2288,0.504595730
recycle,2289,0.253338139
recycle,2290,0.148293099
recycle,2291,0.037013511
recycle,2292,0.000068949
recycle,2304,1.000000000
recycle,2305,1.000000000
recycle,2306,1.000000000
recycle,2307,1.000000000
recycle,2308,1.000000000
recycle,2309,1.000000000
recycle,2310,1.000000000
recycle,2311,1.000000000
recycle,2312,1.000000000
recycle,2313,1.000000000
recycle,2314,1.000000000
recycle,2315,1.000000000
recycle,2316,1.000000000
recycle,2317,1.000000000
recycle,2318,1.000000000
recycle,2319,1.000000000
recycle,2320,1.000000000
recycle,2321,1.000000000
recycle,2322,1.000000000
recycle,2323,1.000000000
recycle,2324,1.000000000
recycle,2325,1.000000000
recycle,2326,1.000000000
recycle,2327,1.000000000
recycle,2328,1.000000000
recycle,2329,0.983657410
recycle,2330,0.981694258
recycle,2331,0.969203565
recycle,2332,0.897726319
recycle,2333,0.886151474
recycle,2334,0.790696863
recycle,2335,0.547822986
recycle,2336,0.256303798
recycle,2337,0.147864335
recycle,2338,0.036669379
recycle,2339,0.000078867
recycle,2352,0.985382382
recycle,2353,1.000000000
recycle,2354,1.000000000
recycle,2355,1.000000000
recycle,2356,1.000000000
recycle,2357,1.000000000
recycle,2358,1.000000000
recycle,2359,1.000000000
recycle,2360,1.000000000
recycle,2361,1.000000000
recycle,2362,1.000000000
recycle,2363,1.000000000
recycle,2364,1.000000000
recycle,2365,0.987300185
recycle,2366,0.984486389
recycle,2367,0.972326995
recycle,2368,0.898106319
recycle,2369,0.866389075
recycle,2370,0.863031684
recycle,2371,0.850412508
recycle,2372,0.853125254
recycle,2373,0.848457967
recycle,2374,0.847703856
recycle,2375,0.847712426
recycle,2376,0.834529860
recycle,2377,0.756509469
recycle,2378,0.732403723
recycle,2379,0.730204568
recycle,2380,0.719342350
recycle,2381,0.731615249
recycle,2382,0.720979346
recycle,2383,0.693027404
recycle,2384,0.699017063
recycle,2385,0.618454156
recycle,2386,0.333538557
recycle,2387,0.141268725
recycle,2388,0.053879732
recycle,2389,0.010432916
recycle,2400,0.753190625
recycle,2401,0.835132880
recycle,2402,0.869599102
recycle,2403,0.971848703
recycle,2404,1.000000000
recycle,2405,1.000000000
recycle,2406,0.985406537
recycle,2407,0.969917134
recycle,2408,0.884060325
recycle,2409,0.863977521
recycle,2410,0.852846968
recycle,2411,0.847516899
recycle,2412,0.834817082
recycle,2413,0.757983337
recycle,2414,0.728882636
recycle,2415,0.655198741
recycle,2416,0.423046522
recycle,2417,0.293502978
recycle,2418,0.261320065
recycle,2419,0.190482848
recycle,2420,0.189007691
recycle,2421,0.163763382
recycle,2422,0.154709382
recycle,2423,0.154673272
recycle,2424,0.162946297
recycle,2425,0.174680629
recycle,2426,0.174099890
recycle,2427,0.173873612
recycle,2428,0.187359745
recycle,2429,0.248096673
recycle,2430,0.275255080
recycle,2431,0.389349471
recycle,2432,0.613431481
recycle,2433,0.701951888
recycle,2434,0.634582172
recycle,2435,0.574585335
recycle,2436,0.398917690
recycle,2437,0.201328583
recycle,2438,0.058256768
recycle,2439,0.003569524
recycle,2448,0.146994034
recycle,2449,0.159050811
recycle,2450,0.299498316
recycle,2451,0.658950662
recycle,2452,0.844846367
recycle,2453,0.899141991
recycle,2454,0.874437150
recycle,2455,0.779041750
recycle,2456,0.502372439
recycle,2457,0.300370241
recycle,2458,0.214590730
recycle,2459,0.173327684
recycle,2460,0.152489452
recycle,2461,0.139783294
recycle,2462,0.136969558
recycle,2463,0.124812448
recycle,2464,0.050602186
recycle,2465,0.018877524
recycle,2466,0.015515640
recycle,2467,0.002895848
recycle,2468,0.005608428
recycle,2469,0.000941083
recycle,2470,0.000186962
recycle,2471,0.000195529
recycle,2472,0.000863584
recycle,2473,0.005234332
recycle,2474,0.004676643
recycle,2475,0.004639412
recycle,2476,0.005273282
recycle,2477,0.015514681
recycle,2478,0.018424861
recycle,2479,0.052785910
recycle,2480,0.167854782
recycle,2481,0.255918726
recycle,2482,0.319705166
recycle,2483,0.469632735
recycle,2484,0.595951410
recycle,2485,0.579384998
recycle,2486,0.385751400
recycle,2487,0.157773343
recycle,2488,0.031046187
recycle,2489,0.000000026
recycle,2497,0.000004661
recycle,2498,0.022082205
recycle,2499,0.128265163
recycle,2500,0.226112445
recycle,2501,0.458349877
recycle,2502,0.687262768
recycle,2503,0.807268284
recycle,2504,0.588382122
recycle,2505,0.286780383
recycle,2506,0.148875419
recycle,2507,0.121476999
recycle,2508,0.031065979
recycle,2509,0.000266653
recycle,2510,0.000000004
recycle,2511,0.000000044
recycle,2512,0.000002088
recycle,2513,0.000000551
recycle,2514,0.000000046
recycle,2515,0.000000032
recycle,2516,0.000000007
recycle,2517,0.000000001
recycle,2518,0.000000000
recycle,2519,0.000000000
recycle,2520,0.000000000
recycle,2521,0.000000000
recycle,2522,0.000000000
recycle,2523,0.000000000
recycle,2524,0.000000000
recycle,2525,0.000000000
recycle,2526,0.000000085
recycle,2527,0.000021633
recycle,2528,0.006518116
recycle,2529,0.017440399
recycle,2530,0.048453564
recycle,2531,0.176556230
recycle,2532,0.289489066
recycle,2533,0.458417257
recycle,2534,0.617706511
recycle,2535,0.611264534
recycle,2536,0.330239067
recycle,2537,0.118931375
recycle,2538,0.012424083
recycle,2548,0.009970932
recycle,2549,0.081733059
recycle,2550,0.323856413
recycle,2551,0.562498430
recycle,2552,0.486860871
recycle,2553,0.354763391
recycle,2554,0.207795981
recycle,2555,0.154387722
recycle,2556,0.121720871
recycle,2557,0.032546172
recycle,2558,0.002827907
recycle,2559,0.000000003
recycle,2560,0.000000000
recycle,2563,0.000000000
recycle,2564,0.000000000
recycle,2565,0.000000000
recycle,2577,0.000000000
recycle,2578,0.000517212
recycle,2579,0.017773511
recycle,2580,0.049994825
recycle,2581,0.191016180
recycle,2582,0.408818586
recycle,2583,0.654841841
recycle,2584,0.708234289
recycle,2585,0.550500864
recycle,2586,0.209381481
recycle,2587,0.021592753
recycle,2588,0.000000013
recycle,2597,0.000000001
recycle,2598,0.032654499
recycle,2599,0.136277357
recycle,2600,0.217773549
recycle,2601,0.330513461
recycle,2602,0.232189171
recycle,2603,0.163036852
recycle,2604,0.152483749
recycle,2605,0.124282015
recycle,2606,0.045994063
recycle,2607,0.008715604
recycle,2608,0.000000105
recycle,2609,0.000000000
recycle,2610,0.000000000
recycle,2611,0.000000000
recycle,2612,0.000000000
recycle,2627,0.000000000
recycle,2628,0.001996892
recycle,2629,0.034115201
recycle,2630,0.156172753
recycle,2631,0.341099431
recycle,2632,0.649280583
recycle,2633,0.798451645
recycle,2634,0.623106792
recycle,2635,0.265834380
recycle,2636,0.054808203
recycle,2637,0.003037743
recycle,2647,0.001625884
recycle,2648,0.038168110
recycle,2649,0.164858984
recycle,2650,0.170155414
recycle,2651,0.154291384
recycle,2652,0.152483236
recycle,2653,0.152483103
recycle,2654,0.130169699
recycle,2655,0.066862211
recycle,2656,0.021663087
recycle,2657,0.000017701
recycle,2658,0.000000121
recycle,2659,0.000000015
recycle,2660,0.000000002
recycle,2661,0.000000000
recycle,2662,0.000000000
recycle,2676,0.000000000
recycle,2677,0.000000006
recycle,2678,0.016752299
recycle,2679,0.053764469
recycle,2680,0.319078838
recycle,2681,0.651159137
recycle,2682,0.816490064
recycle,2683,0.659459295
recycle,2684,0.386923599
recycle,2685,0.154673871
recycle,2686,0.015514497
recycle,2696,0.000000317
recycle,2697,0.031028995
recycle,2698,0.121454118
recycle,2699,0.137777223
recycle,2700,0.152483107
recycle,2701,0.152483103
recycle,2702,0.152483103
recycle,2703,0.143116596
recycle,2704,0.121471809
recycle,2705,0.031131675
recycle,2706,0.001153521
recycle,2707,0.000017098
recycle,2708,0.000001942
recycle,2709,0.000000015
recycle,2710,0.000000000
recycle,2711,0.000000000
recycle,2723,0.000000000
recycle,2724,0.000000000
recycle,2725,0.000000010
recycle,2726,0.000000177
recycle,2727,0.001043834
recycle,2728,0.046579837
recycle,2729,0.317826361
recycle,2730,0.644012068
recycle,2731,0.820192772
recycle,2732,0.763169841
recycle,2733,0.619732043
recycle,2734,0.227393742
recycle,2735,0.018305826
recycle,2746,0.016323089
recycle,2747,0.035741816
recycle,2748,0.122262708
recycle,2749,0.137087349
recycle,2750,0.143596244
recycle,2751,0.152483103
recycle,2752,0.152483103
recycle,2753,0.122606912
recycle,2754,0.037662472
recycle,2755,0.004571260
recycle,2756,0.000174976
recycle,2757,0.000002463
recycle,2758,0.000000014
recycle,2759,0.000000000
recycle,2771,0.000000000
recycle,2772,0.000000000
recycle,2773,0.000000086
recycle,2774,0.000011599
recycle,2775,0.000095314
recycle,2776,0.000622292
recycle,2777,0.040527824
recycle,2778,0.276014095
recycle,2779,0.626139294
recycle,2780,0.830167645
recycle,2781,0.898283995
recycle,2782,0.647250548
recycle,2783,0.286611677
recycle,2794,0.000000000
recycle,2795,0.000808599
recycle,2796,0.015633279
recycle,2797,0.022834223
recycle,2798,0.069778213
recycle,2799,0.132775918
recycle,2800,0.152483103
recycle,2801,0.152483103
recycle,2802,0.125924992
recycle,2803,0.050634521
recycle,2804,0.006155427
recycle,2805,0.000150543
recycle,2806,0.000000468
recycle,2807,0.000000000
recycle,2819,0.000000000
recycle,2820,0.000000001
recycle,2821,0.000000213
recycle,2822,0.000018238
recycle,2823,0.000652456
recycle,2824,0.004502799
recycle,2825,0.008714188
recycle,2826,0.027633332
recycle,2827,0.207261691
recycle,2828,0.545761344
recycle,2829,0.754129522
recycle,2830,0.938927881
recycle,2831,0.856694174
recycle,2843,0.000000000
recycle,2844,0.000000007
recycle,2845,0.000120518
recycle,2846,0.011333926
recycle,2847,0.063085269
recycle,2848,0.141662778
recycle,2849,0.152483103
recycle,2850,0.152483103
recycle,2851,0.126751013
recycle,2852,0.029054363
recycle,2853,0.001967963
recycle,2854,0.000000920
recycle,2855,0.000000000
recycle,2867,0.000000000
recycle,2868,0.000000002
recycle,2869,0.000000343
recycle,2870,0.000029789
recycle,2871,0.000535895
recycle,2872,0.004469026
recycle,2873,0.015364354
recycle,2874,0.019201932
recycle,2875,0.014731176
recycle,2876,0.116663523
recycle,2877,0.377377319
recycle,2878,0.878545924
recycle,2879,1.000000000
recycle,2891,0.000000000
recycle,2892,0.000000007
recycle,2893,0.000120605
recycle,2894,0.011338579
recycle,2895,0.063088613
recycle,2896,0.141663470
recycle,2897,0.152483103
recycle,2898,0.152483103
recycle,2899,0.126751122
recycle,2900,0.029054146
recycle,2901,0.001967923
recycle,2902,0.000000920
recycle,2903,0.000000000
recycle,2915,0.000000000
recycle,2916,0.000000002
recycle,2917,0.000000342
recycle,2918,0.000029595
recycle,2919,0.000531440
recycle,2920,0.004427719
recycle,2921,0.014915229
recycle,2922,0.017765440
recycle,2923,0.014419565
recycle,2924,0.116631892
recycle,2925,0.377371735
recycle,2926,0.878545924
recycle,2927,1.000000000
recycle,2938,0.000000000
recycle,2939,0.000808822
recycle,2940,0.015633366
recycle,2941,0.022838689
recycle,2942,0.069801370
recycle,2943,0.132780569
recycle,2944,0.152483103
recycle,2945,0.152483103
recycle,2946,0.125925591
recycle,2947,0.050635360
recycle,2948,0.006155386
recycle,2949,0.000150517
recycle,2950,0.000000468
recycle,2951,0.000000000
recycle,2963,0.000000000
recycle,2964,0.000000001
recycle,2965,0.000000210
recycle,2966,0.000017974
recycle,2967,0.000646929
recycle,2968,0.004424008
recycle,2969,0.008391152
recycle,2970,0.027271846
recycle,2971,0.207205612
recycle,2972,0.545669379
recycle,2973,0.754095800
recycle,2974,0.938927425
recycle,2975,0.856694174
recycle,2986,0.016323312
recycle,2987,0.035743114
recycle,2988,0.122262931
recycle,2989,0.137087436
recycle,2990,0.143600202
recycle,2991,0.152483103
recycle,2992,0.152483103
recycle,2993,0.122607374
recycle,2994,0.037665097
recycle,2995,0.004571849
recycle,2996,0.000174946
recycle,2997,0.000002462
recycle,2998,0.000000014
recycle,2999,0.000000000
recycle,3011,0.000000000
recycle,3012,0.000000000
recycle,3013,0.000000086
recycle,3014,0.000011521
recycle,3015,0.000094445
recycle,3016,0.000616584
recycle,3017,0.040463714
recycle,3018,0.275951095
recycle,3019,0.626119579
recycle,3020,0.830137784
recycle,3021,0.898267461
recycle,3022,0.647248606
recycle,3023,0.286611677
recycle,3032,0.000000315
recycle,3033,0.031028995
recycle,3034,0.121454118
recycle,3035,0.137777445
recycle,3036,0.152483107
recycle,3037,0.152483103
recycle,3038,0.152483103
recycle,3039,0.143127294
recycle,3040,0.121471821
recycle,3041,0.031131744
recycle,3042,0.001153983
recycle,3043,0.000017097
recycle,3044,0.000001941
recycle,3045,0.000000015
recycle,3046,0.000000000
recycle,3047,0.000000000
recycle,3059,0.000000000
recycle,3060,0.000000000
recycle,3061,0.000000010
recycle,3062,0.000000176
recycle,3063,0.001042237
recycle,3064,0.046579470
recycle,3065,0.317826203
recycle,3066,0.644001357
recycle,3067,0.820189581
recycle,3068,0.763151701
recycle,3069,0.619726950
recycle,3070,0.227393742
recycle,3071,0.018305826
recycle,3079,0.001617924
recycle,3080,0.038599204
recycle,3081,0.167407274
recycle,3082,0.170794237
recycle,3083,0.154327030
recycle,3084,0.152483238
recycle,3085,0.152483103
recycle,3086,0.130186545
recycle,3087,0.066924563
recycle,3088,0.021673786
recycle,3089,0.000017713
recycle,3090,0.000000121
recycle,3091,0.000000015
recycle,3092,0.000000002
recycle,3093,0.000000000
recycle,3094,0.000000000
recycle,3108,0.000000000
recycle,3109,0.000000006
recycle,3110,0.016750576
recycle,3111,0.053754386
recycle,3112,0.319076981
recycle,3113,0.651159084
recycle,3114,0.816490061
recycle,3115,0.659444630
recycle,3116,0.386871233
recycle,3117,0.154656471
recycle,3118,0.015514497
recycle,3125,0.000000001
recycle,3126,0.032646541
recycle,3127,0.136255310
recycle,3128,0.220824898
recycle,3129,0.340643144
recycle,3130,0.235731023
recycle,3131,0.163244801
recycle,3132,0.152483756
recycle,3133,0.124288678
recycle,3134,0.046029902
recycle,3135,0.008732451
recycle,3136,0.000000106
recycle,3137,0.000000000
recycle,3138,0.000000000
recycle,3139,0.000000000
recycle,3140,0.000000000
recycle,3155,0.000000000
recycle,3156,0.001996370
recycle,3157,0.034113663
recycle,3158,0.156162471
recycle,3159,0.341092430
recycle,3160,0.649283852
recycle,3161,0.798478597
recycle,3162,0.623114167
recycle,3163,0.265847398
recycle,3164,0.054793550
recycle,3165,0.003034758
recycle,3172,0.009975082
recycle,3173,0.081773028
recycle,3174,0.323863271
recycle,3175,0.562632306
recycle,3176,0.490076965
recycle,3177,0.364533269
recycle,3178,0.210797941
recycle,3179,0.154424584
recycle,3180,0.121721385
recycle,3181,0.032549164
recycle,3182,0.002834570
recycle,3183,0.000000003
recycle,3184,0.000000000
recycle,3187,0.000000000
recycle,3188,0.000000000
recycle,3189,0.000000000
recycle,3201,0.000000000
recycle,3202,0.000517200
recycle,3203,0.017772899
recycle,3204,0.049990297
recycle,3205,0.191001001
recycle,3206,0.408790511
recycle,3207,0.654831558
recycle,3208,0.708261020
recycle,3209,0.550581742
recycle,3210,0.209408458
recycle,3211,0.021595503
recycle,3212,0.000000013
recycle,3217,0.000004662
recycle,3218,0.022079773
recycle,3219,0.128263973
recycle,3220,0.226136636
recycle,3221,0.458467079
recycle,3222,0.687304746
recycle,3223,0.807293808
recycle,3224,0.588935853
recycle,3225,0.289166025
recycle,3226,0.149283552
recycle,3227,0.121477207
recycle,3228,0.031065975
recycle,3229,0.000267165
recycle,3230,0.000000004
recycle,3231,0.000000044
recycle,3232,0.000002083
recycle,3233,0.000000550
recycle,3234,0.000000046
recycle,3235,0.000000031
recycle,3236,0.000000007
recycle,3237,0.000000001
recycle,3238,0.000000000
recycle,3239,0.000000000
recycle,3240,0.000000000
recycle,3241,0.000000000
recycle,3242,0.000000000
recycle,3243,0.000000000
recycle,3244,0.000000000
recycle,3245,0.000000000
recycle,3246,0.000000085
recycle,3247,0.000021636
recycle,3248,0.006518690
recycle,3249,0.017439775
recycle,3250,0.048448928
recycle,3251,0.176549261
recycle,3252,0.289480371
recycle,3253,0.458398485
recycle,3254,0.617692547
recycle,3255,0.611263106
recycle,3256,0.330243692
recycle,3257,0.118958333
recycle,3258,0.012428711
recycle,3264,0.146993667
recycle,3265,0.159048379
recycle,3266,0.299485644
recycle,3267,0.658957067
recycle,3268,0.844852034
recycle,3269,0.899183969
recycle,3270,0.874455714
recycle,3271,0.779050687
recycle,3272,0.502393249
recycle,3273,0.300379267
recycle,3274,0.214602112
recycle,3275,0.173329632
recycle,3276,0.152489451
recycle,3277,0.139776463
recycle,3278,0.136969556
recycle,3279,0.124802613
recycle,3280,0.050544866
recycle,3281,0.018867685
recycle,3282,0.015515639
recycle,3283,0.002894470
recycle,3284,0.005608364
recycle,3285,0.000941044
recycle,3286,0.000186928
recycle,3287,0.000195478
recycle,3288,0.000863358
recycle,3289,0.005233104
recycle,3290,0.004675745
recycle,3291,0.004638734
recycle,3292,0.005272525
recycle,3293,0.015514681
recycle,3294,0.018423450
recycle,3295,0.052776839
recycle,3296,0.167848432
recycle,3297,0.255914315
recycle,3298,0.319688642
recycle,3299,0.469611162
recycle,3300,0.595941444
recycle,3301,0.579378982
recycle,3302,0.385752255
recycle,3303,0.157773980
recycle,3304,0.031046192
recycle,3305,0.000000026
recycle,3312,0.753188488
recycle,3313,0.835132570
recycle,3314,0.869596670
recycle,3315,0.971850220
recycle,3316,1.000000000
recycle,3317,1.000000000
recycle,3318,0.985408546
recycle,3319,0.969918323
recycle,3320,0.884067253
recycle,3321,0.863978710
recycle,3322,0.852848916
recycle,3323,0.847516899
recycle,3324,0.834810251
recycle,3325,0.757943524
recycle,3326,0.728875797
recycle,3327,0.655141446
recycle,3328,0.422874636
recycle,3329,0.293445680
recycle,3330,0.261318686
recycle,3331,0.190474754
recycle,3332,0.189005902
recycle,3333,0.163763057
recycle,3334,0.154709094
recycle,3335,0.154672710
recycle,3336,0.162943699
recycle,3337,0.174672357
recycle,3338,0.174092754
recycle,3339,0.173868418
recycle,3340,0.187357083
recycle,3341,0.248096332
recycle,3342,0.275246836
recycle,3343,0.389316457
recycle,3344,0.613398960
recycle,3345,0.701942991
recycle,3346,0.634577596
recycle,3347,0.574576227
recycle,3348,0.398908244
recycle,3349,0.201323303
recycle,3350,0.058256904
recycle,3351,0.003569633
recycle,3360,0.985382015
recycle,3361,1.000000000
recycle,3362,1.000000000
recycle,3363,1.000000000
recycle,3364,1.000000000
recycle,3365,1.000000000
recycle,3366,1.000000000
recycle,3367,1.000000000
recycle,3368,1.000000000
recycle,3369,1.000000000
recycle,3370,1.000000000
recycle,3371,1.000000000
recycle,3372,1.000000000
recycle,3373,0.987293354
recycle,3374,0.984486387
recycle,3375,0.972317165
recycle,3376,0.898049026
recycle,3377,0.866379244
recycle,3378,0.863031684
recycle,3379,0.850411130
recycle,3380,0.853125190
recycle,3381,0.848457929
recycle,3382,0.847703822
recycle,3383,0.847712374
recycle,3384,0.834529641
recycle,3385,0.756508285
recycle,3386,0.732402833
recycle,3387,0.730206318
recycle,3388,0.719348094
recycle,3389,0.731617029
recycle,3390,0.720977113
recycle,3391,0.693013046
recycle,3392,0.699005886
recycle,3393,0.618452722
recycle,3394,0.333538506
recycle,3395,0.141268182
recycle,3396,0.053877059
recycle,3397,0.010431993
recycle,3408,1.000000000
recycle,3409,1.000000000
recycle,3410,1.000000000
recycle,3411,1.000000000
recycle,3412,1.000000000
recycle,3413,1.000000000
recycle,3414,1.000000000
recycle,3415,1.000000000
recycle,3416,1.000000000
recycle,3417,1.000000000
recycle,3418,1.000000000
recycle,3419,1.000000000
recycle,3420,1.000000000
recycle,3421,1.000000000
recycle,3422,1.000000000
recycle,3423,1.000000000
recycle,3424,1.000000000
recycle,3425,1.000000000
recycle,3426,1.000000000
recycle,3427,1.000000000
recycle,3428,1.000000000
recycle,3429,1.000000000
recycle,3430,1.000000000
recycle,3431,1.000000000
recycle,3432,1.000000000
recycle,3433,0.983657419
recycle,3434,0.981694258
recycle,3435,0.969203131
recycle,3436,0.897723023
recycle,3437,0.886146566
recycle,3438,0.790690468
recycle,3439,0.547805576
recycle,3440,0.256293634
recycle,3441,0.147863538
recycle,3442,0.036669364
recycle,3443,0.000078849
recycle,3456,1.000000000
recycle,3457,1.000000000
recycle,3458,1.000000000
recycle,3459,1.000000000
recycle,3460,1.000000000
recycle,3461,1.000000000
recycle,3462,1.000000000
recycle,3463,1.000000000
recycle,3464,1.000000000
recycle,3465,1.000000000
recycle,3466,1.000000000
recycle,3467,1.000000000
recycle,3468,1.000000000
recycle,3469,1.000000000
recycle,3470,1.000000000
recycle,3471,1.000000000
recycle,3472,1.000000000
recycle,3473,1.000000000
recycle,3474,1.000000000
recycle,3475,1.000000000
recycle,3476,1.000000000
recycle,3477,1.000000000
recycle,3478,1.000000000
recycle,3479,1.000000000
recycle,3480,0.983657410
recycle,3481,0.870099716
recycle,3482,0.840352160
recycle,3483,0.753775971
recycle,3484,0.473122057
recycle,3485,0.370736076
recycle,3486,0.208562759
recycle,3487,0.088831690
recycle,3488,0.026866670
recycle,3489,0.018305945
recycle,3490,0.000009906
recycle,3504,0.900187924
recycle,3505,0.987611322
recycle,3506,1.000000000
recycle,3507,1.000000000
recycle,3508,1.000000000
recycle,3509,1.000000000
recycle,3510,1.000000000
recycle,3511,1.000000000
recycle,3512,1.000000000
recycle,3513,1.000000000
recycle,3514,1.000000000
recycle,3515,1.000000000
recycle,3516,0.987300185
recycle,3517,0.897765863
recycle,3518,0.865852124
recycle,3519,0.863032280
recycle,3520,0.850872886
recycle,3521,0.847517187
recycle,3522,0.847516897
recycle,3523,0.847516897
recycle,3524,0.847516897
recycle,3525,0.847516897
recycle,3526,0.847516897
recycle,3527,0.847516897
recycle,3528,0.752938637
recycle,3529,0.418666657
recycle,3530,0.285300229
recycle,3531,0.263351698
recycle,3532,0.192264582
recycle,3533,0.183495889
recycle,3534,0.145002215
recycle,3535,0.131913904
recycle,3536,0.135261202
recycle,3537,0.121463162
recycle,3538,0.031077971
recycle,3539,0.015522910
recycle,3540,0.003910541
recycle,3541,0.000000000
recycle,3552,0.497616488
recycle,3553,0.762924476
recycle,3554,0.850394594
recycle,3555,0.898165910
recycle,3556,0.987358539
recycle,3557,0.985406537
recycle,3558,0.884835894
recycle,3559,0.863952433
recycle,3560,0.848463025
recycle,3561,0.847516897
recycle,3562,0.847516897
recycle,3563,0.847516897
recycle,3564,0.760796371
recycle,3565,0.445499101
recycle,3566,0.293176951
recycle,3567,0.261784754
recycle,3568,0.187558029
recycle,3569,0.155840785
recycle,3570,0.152483393
recycle,3571,0.152483103
recycle,3572,0.152483103
recycle,3573,0.152483103
recycle,3574,0.152483103
recycle,3575,0.152483103
recycle,3576,0.138632482
recycle,3577,0.042390418
recycle,3578,0.017178861
recycle,3579,0.015514568
recycle,3580,0.015429105
recycle,3581,0.015514601
recycle,3582,0.018403984
recycle,3583,0.046150038
recycle,3584,0.114330113
recycle,3585,0.135250704
recycle,3586,0.122871348
recycle,3587,0.116049841
recycle,3588,0.053821300
recycle,3589,0.019425038
recycle,3590,0.003552485
recycle,3591,0.000000000
recycle,3600,0.061799577
recycle,3601,0.140099086
recycle,3602,0.187644787
recycle,3603,0.431358032
recycle,3604,0.761197304
recycle,3605,0.753904862
recycle,3606,0.416868640
recycle,3607,0.281173357
recycle,3608,0.189026535
recycle,3609,0.153441931
recycle,3610,0.152483103
recycle,3611,0.152483103
recycle,3612,0.139783288
recycle,3613,0.050248966
recycle,3614,0.018335227
recycle,3615,0.015515383
recycle,3616,0.003355989
recycle,3617,0.000000290
recycle,3618,0.000000000
recycle,3630,0.000000097
recycle,3631,0.002887670
recycle,3632,0.013796453
recycle,3633,0.016923191
recycle,3634,0.029924576
recycle,3635,0.068571637
recycle,3636,0.116311891
recycle,3637,0.115291440
recycle,3638,0.051734395
recycle,3639,0.019066982
recycle,3640,0.000000026
recycle,3649,0.000000000
recycle,3650,0.002877697
recycle,3651,0.050649013
recycle,3652,0.145879217
recycle,3653,0.188593701
recycle,3654,0.149296185
recycle,3655,0.153404142
recycle,3656,0.112247191
recycle,3657,0.021994826
recycle,3658,0.000029243
recycle,3659,0.000000000
recycle,3681,0.000000000
recycle,3682,0.001408687
recycle,3683,0.006461730
recycle,3684,0.022841621
recycle,3685,0.065092117
recycle,3686,0.118377615
recycle,3687,0.121454137
recycle,3688,0.031029147
recycle,3689,0.012419797
recycle,3701,0.006037575
recycle,3702,0.031028995
recycle,3703,0.111288363
recycle,3704,0.068610161
recycle,3705,0.049853563
recycle,3706,0.008310280
recycle,3707,0.000016652
recycle,3708,0.000000000
recycle,3732,0.000262127
recycle,3733,0.008885512
recycle,3734,0.049016559
recycle,3735,0.124749019
recycle,3736,0.133873907
recycle,3737,0.103416725
recycle,3738,0.027934268
recycle,3739,0.000000013
recycle,3750,0.000000000
recycle,3751,0.015514559
recycle,3752,0.012486019
recycle,3753,0.049810855
recycle,3754,0.017688816
recycle,3755,0.001808210
recycle,3756,0.000000110
recycle,3781,0.000000000
recycle,3782,0.003294910
recycle,3783,0.032245573
recycle,3784,0.121663967
recycle,3785,0.149388465
recycle,3786,0.121456302
recycle,3787,0.031039860
recycle,3788,0.003039347
recycle,3800,0.000000062
recycle,3801,0.007136905
recycle,3802,0.001807574
recycle,3803,0.000000134
recycle,3804,0.000000004
recycle,3831,0.000209858
recycle,3832,0.031035555
recycle,3833,0.121455879
recycle,3834,0.152528870
recycle,3835,0.125226365
recycle,3836,0.051965946
recycle,3837,0.019025107
recycle,3850,0.000000001
recycle,3851,0.000000004
recycle,3880,0.000001181
recycle,3881,0.031029406
recycle,3882,0.121681249
recycle,3883,0.157545846
recycle,3884,0.170124744
recycle,3885,0.204995982
recycle,3886,0.042641890
recycle,3887,0.000000025
recycle,3928,0.000000005
recycle,3929,0.000001620
recycle,3930,0.031062157
recycle,3931,0.129645762
recycle,3932,0.258033113
recycle,3933,0.453185934
recycle,3934,0.323150301
recycle,3935,0.179917646
recycle,3976,0.000001522
recycle,3977,0.000009022
recycle,3978,0.000002762
recycle,3979,0.028640662
recycle,3980,0.126964353
recycle,3981,0.358231888
recycle,3982,0.759914750
recycle,3983,0.838388372
recycle,4024,0.000000121
recycle,4025,0.000003395
recycle,4026,0.000007254
recycle,4027,0.000001069
recycle,4028,0.013013820
recycle,4029,0.174722203
recycle,4030,0.848502745
recycle,4031,1.000000000
recycle,4072,0.000000102
recycle,4073,0.000002545
recycle,4074,0.000006310
recycle,4075,0.000000878
recycle,4076,0.013008367
recycle,4077,0.174720114
recycle,4078,0.848502289
recycle,4079,1.000000000
recycle,4120,0.000000949
recycle,4121,0.000005659
recycle,4122,0.000001963
recycle,4123,0.028635895
recycle,4124,0.126932073
recycle,4125,0.358210560
recycle,4126,0.759910720
recycle,4127,0.838388372
recycle,4168,0.000000004
recycle,4169,0.000001035
recycle,4170,0.031062135
recycle,4171,0.129646411
recycle,4172,0.258015966
recycle,4173,0.453147059
recycle,4174,0.323137921
recycle,4175,0.179917646
recycle,4186,0.000000001
recycle,4187,0.000000004
recycle,4216,0.000001171
recycle,4217,0.031029388
recycle,4218,0.121681192
recycle,4219,0.157544919
recycle,4220,0.170117774
recycle,4221,0.204983332
recycle,4222,0.042639948
recycle,4223,0.000000025
recycle,4232,0.000000063
recycle,4233,0.007568008
recycle,4234,0.001843213
recycle,4235,0.000000135
recycle,4236,0.000000004
recycle,4263,0.000209625
recycle,4264,0.031035518
recycle,4265,0.121455870
recycle,4266,0.152528860
recycle,4267,0.125223151
recycle,4268,0.051947575
recycle,4269,0.019021956
recycle,4278,0.000000000
recycle,4279,0.015514560
recycle,4280,0.012941457
recycle,4281,0.052763966
recycle,4282,0.018327847
recycle,4283,0.001843856
recycle,4284,0.000000111
recycle,4309,0.000000000
recycle,4310,0.003293146
recycle,4311,0.032244253
recycle,4312,0.121663734
recycle,4313,0.149393090
recycle,4314,0.121456302
recycle,4315,0.031039856
recycle,4316,0.003036361
recycle,4325,0.006044432
recycle,4326,0.031028995
recycle,4327,0.111312698
recycle,4328,0.069156815
recycle,4329,0.052668697
recycle,4330,0.008751955
recycle,4331,0.000016862
recycle,4332,0.000000000
recycle,4356,0.000262037
recycle,4357,0.008883012
recycle,4358,0.049007597
recycle,4359,0.124747255
recycle,4360,0.133878532
recycle,4361,0.103443684
recycle,4362,0.027938894
recycle,4363,0.000000013
recycle,4369,0.000000000
recycle,4370,0.002879214
recycle,4371,0.050658400
recycle,4372,0.145887591
recycle,4373,0.188635679
recycle,4374,0.149315048
recycle,4375,0.153406150
recycle,4376,0.112272741
recycle,4377,0.022399795
recycle,4378,0.000029477
recycle,4379,0.000000000
recycle,4401,0.000000000
recycle,4402,0.001408076
recycle,4403,0.006460642
recycle,4404,0.022840136
recycle,4405,0.065086423
recycle,4406,0.118375220
recycle,4407,0.121454138
recycle,4408,0.031029147
recycle,4409,0.012424423
recycle,4416,0.061798017
recycle,4417,0.140098776
recycle,4418,0.187654180
recycle,4419,0.431387752
recycle,4420,0.761206691
recycle,4421,0.753923725
recycle,4422,0.416905505
recycle,4423,0.281186552
recycle,4424,0.189033463
recycle,4425,0.153443146
recycle,4426,0.152483103
recycle,4427,0.152483103
recycle,4428,0.139776457
recycle,4429,0.050203033
recycle,4430,0.018328387
recycle,4431,0.015515381
recycle,4432,0.003346159
recycle,4433,0.000000290
recycle,4434,0.000000000
recycle,4446,0.000000097
recycle,4447,0.002886256
recycle,4448,0.013795032
recycle,4449,0.016922580
recycle,4450,0.029920014
recycle,4451,0.068565205
recycle,4452,0.116310346
recycle,4453,0.115290582
recycle,4454,0.051734999
recycle,4455,0.019067085
recycle,4456,0.000000026
recycle,4464,0.497613441
recycle,4465,0.762923154
recycle,4466,0.850396111
recycle,4467,0.898175297
recycle,4468,0.987360055
recycle,4469,0.985408546
recycle,4470,0.884847900
recycle,4471,0.863954441
recycle,4472,0.848464213
recycle,4473,0.847516897
recycle,4474,0.847516897
recycle,4475,0.847516897
recycle,4476,0.760750440
recycle,4477,0.445343987
recycle,4478,0.293130984
recycle,4479,0.261774913
recycle,4480,0.187500735
recycle,4481,0.155830953
recycle,4482,0.152483393
recycle,4483,0.152483103
recycle,4484,0.152483103
recycle,4485,0.152483103
recycle,4486,0.152483103
recycle,4487,0.152483103
recycle,4488,0.138632490
recycle,4489,0.042390786
recycle,4490,0.017178868
recycle,4491,0.015514568
recycle,4492,0.015429521
recycle,4493,0.015514601
recycle,4494,0.018402569
recycle,4495,0.046140370
recycle,4496,0.114320414
recycle,4497,0.135249283
recycle,4498,0.122870734
recycle,4499,0.116048386
recycle,4500,0.053818640
recycle,4501,0.019424582
recycle,4502,0.003552588
recycle,4503,0.000000000
recycle,4512,0.900186364
recycle,4513,0.987611011
recycle,4514,1.000000000
recycle,4515,1.000000000
recycle,4516,1.000000000
recycle,4517,1.000000000
recycle,4518,1.000000000
recycle,4519,1.000000000
recycle,4520,1.000000000
recycle,4521,1.000000000
recycle,4522,1.000000000
recycle,4523,1.000000000
recycle,4524,0.987293354
recycle,4525,0.897719930
recycle,4526,0.865845283
recycle,4527,0.863032278
recycle,4528,0.850863056
recycle,4529,0.847517187
recycle,4530,0.847516897
recycle,4531,0.847516897
recycle,4532,0.847516897
recycle,4533,0.847516897
recycle,4534,0.847516897
recycle,4535,0.847516897
recycle,4536,0.752939006
recycle,4537,0.418668686
recycle,4538,0.285300598
recycle,4539,0.263351330
recycle,4540,0.192261977
recycle,4541,0.183491663
recycle,4542,0.145001468
recycle,4543,0.131911662
recycle,4544,0.135259778
recycle,4545,0.121463160
recycle,4546,0.031077958
recycle,4547,0.015522908
recycle,4548,0.003910084
recycle,4549,0.000000000
recycle,4560,1.000000000
recycle,4561,1.000000000
recycle,4562,1.000000000
recycle,4563,1.000000000
recycle,4564,1.000000000
recycle,4565,1.000000000
recycle,4566,1.000000000
recycle,4567,1.000000000
recycle,4568,1.000000000
recycle,4569,1.000000000
recycle,4570,1.000000000
recycle,4571,1.000000000
recycle,4572,1.000000000
recycle,4573,1.000000000
recycle,4574,1.000000000
recycle,4575,1.000000000
recycle,4576,1.000000000
recycle,4577,1.000000000
recycle,4578,1.000000000
recycle,4579,1.000000000
recycle,4580,1.000000000
recycle,4581,1.000000000
recycle,4582,1.000000000
recycle,4583,1.000000000
recycle,4584,0.983657419
recycle,4585,0.870100151
recycle,4586,0.840352168
recycle,4587,0.753770797
recycle,4588,0.473103118
recycle,4589,0.370716956
recycle,4590,0.208556890
recycle,4591,0.088826040
recycle,4592,0.026865720
recycle,4593,0.018305945
recycle,4594,0.000009903
recycle,4608,1.000000000
recycle,4609,1.000000000
recycle,4610,1.000000000
recycle,4611,1.000000000
recycle,4612,1.000000000
recycle,4613,1.000000000
recycle,4614,1.000000000
recycle,4615,1.000000000
recycle,4616,1.000000000
recycle,4617,1.000000000
recycle,4618,1.000000000
recycle,4619,1.000000000
recycle,4620,1.000000000
recycle,4621,1.000000000
recycle,4622,1.000000000
recycle,4623,1.000000000
recycle,4624,1.000000000
recycle,4625,1.000000000
recycle,4626,1.000000000
recycle,4627,1.000000000
recycle,4628,1.000000000
recycle,4629,1.000000000
recycle,4630,1.000000000
recycle,4631,1.000000000
recycle,4632,0.983657050
recycle,4633,0.870097976
recycle,4634,0.840351799
recycle,4635,0.753731281
recycle,4636,0.472985402
recycle,4637,0.370650846
recycle,4638,0.208532762
recycle,4639,0.088764707
recycle,4640,0.026855384
recycle,4641,0.018305951
recycle,4642,0.000009922
recycle,4656,0.900203691
recycle,4657,0.987614089
recycle,4658,1.000000000
recycle,4659,1.000000000
recycle,4660,1.000000000
recycle,4661,1.000000000
recycle,4662,1.000000000
recycle,4663,1.000000000
recycle,4664,1.000000000
recycle,4665,1.000000000
recycle,4666,1.000000000
recycle,4667,1.000000000
recycle,4668,0.987299423
recycle,4669,0.897762189
recycle,4670,0.865851363
recycle,4671,0.863032280
recycle,4672,0.850877073
recycle,4673,0.847517187
recycle,4674,0.847516897
recycle,4675,0.847516897
recycle,4676,0.847516897
recycle,4677,0.847516897
recycle,4678,0.847516897
recycle,4679,0.847516897
recycle,4680,0.752937163
recycle,4681,0.418663098
recycle,4682,0.285298755
recycle,4683,0.263333376
recycle,4684,0.192162760
recycle,4685,0.183463502
recycle,4686,0.144998950
recycle,4687,0.132085958
recycle,4688,0.134847025
recycle,4689,0.121463198
recycle,4690,0.031078050
recycle,4691,0.015522924
recycle,4692,0.003851780
recycle,4693,0.000000000
recycle,4704,0.497654553
recycle,4705,0.762937839
recycle,4706,0.850396301
recycle,4707,0.898174126
recycle,4708,0.987360241
recycle,4709,0.985407325
recycle,4710,0.884839697
recycle,4711,0.863953220
recycle,4712,0.848463784
recycle,4713,0.847516897
recycle,4714,0.847516897
recycle,4715,0.847516897
recycle,4716,0.760792697
recycle,4717,0.445490230
recycle,4718,0.293173276
recycle,4719,0.261788940
recycle,4720,0.187582430
recycle,4721,0.155844971
recycle,4722,0.152483394
recycle,4723,0.152483103
recycle,4724,0.152483103
recycle,4725,0.152483103
recycle,4726,0.152483103
recycle,4727,0.152483103
recycle,4728,0.138632177
recycle,4729,0.042388943
recycle,4730,0.017178555
recycle,4731,0.015514568
recycle,4732,0.015418627
recycle,4733,0.015514602
recycle,4734,0.018584947
recycle,4735,0.046790013
recycle,4736,0.112094367
recycle,4737,0.134836065
recycle,4738,0.122928097
recycle,4739,0.116068377
recycle,4740,0.053478817
recycle,4741,0.019366278
recycle,4742,0.003520854
recycle,4743,0.000000000
recycle,4752,0.061815344
recycle,4753,0.140101859
recycle,4754,0.187653034
recycle,4755,0.431377873
recycle,4756,0.761205520
recycle,4757,0.753918167
recycle,4758,0.416877819
recycle,4759,0.281177919
recycle,4760,0.189030962
recycle,4761,0.153442692
recycle,4762,0.152483103
recycle,4763,0.152483103
recycle,4764,0.139782527
recycle,4765,0.050245292
recycle,4766,0.018334466
recycle,4767,0.015515383
recycle,4768,0.003360176
recycle,4769,0.000000290
recycle,4770,0.000000000
recycle,4782,0.000000098
recycle,4783,0.003068543
recycle,4784,0.013381809
recycle,4785,0.016979925
recycle,4786,0.030332540
recycle,4787,0.069078883
recycle,4788,0.116337271
recycle,4789,0.115353768
recycle,4790,0.051550036
recycle,4791,0.019035351
recycle,4792,0.000000026
recycle,4801,0.000000000
recycle,4802,0.002879404
recycle,4803,0.050657230
recycle,4804,0.145890421
recycle,4805,0.188649873
recycle,4806,0.149309489
recycle,4807,0.153404929
recycle,4808,0.112268297
recycle,4809,0.022012422
recycle,4810,0.000029274
recycle,4811,0.000000000
recycle,4833,0.000000000
recycle,4834,0.001465421
recycle,4835,0.006545871
recycle,4836,0.022975475
recycle,4837,0.065646594
recycle,4838,0.118509284
recycle,4839,0.121454138
recycle,4840,0.031029147
recycle,4841,0.012449273
recycle,4853,0.006047077
recycle,4854,0.031028995
recycle,4855,0.111308708
recycle,4856,0.068746330
recycle,4857,0.049983584
recycle,4858,0.008333961
recycle,4859,0.000016683
recycle,4860,0.000000000
recycle,4884,0.000268972
recycle,4885,0.009048811
recycle,4886,0.049420706
recycle,4887,0.124821655
recycle,4888,0.133903382
recycle,4889,0.103588523
recycle,4890,0.027963744
recycle,4891,0.000000013
recycle,4902,0.000000000
recycle,4903,0.015514559
recycle,4904,0.012513479
recycle,4905,0.049875834
recycle,4906,0.017730422
recycle,4907,0.001814125
recycle,4908,0.000000111
recycle,4933,0.000000000
recycle,4934,0.003367545
recycle,4935,0.032264775
recycle,4936,0.121667278
recycle,4937,0.149417941
recycle,4938,0.121456143
recycle,4939,0.031039086
recycle,4940,0.002775029
recycle,4952,0.000000062
recycle,4953,0.007144021
recycle,4954,0.001813486
recycle,4955,0.000000135
recycle,4956,0.000000004
recycle,4983,0.000213168
recycle,4984,0.031035648
recycle,4985,0.121455900
recycle,4986,0.152527281
recycle,4987,0.124915386
recycle,4988,0.050226729
recycle,4989,0.018719942
recycle,5002,0.000000001
recycle,5003,0.000000004
recycle,5032,0.000001201
recycle,5033,0.031029431
recycle,5034,0.121677151
recycle,5035,0.157332680
recycle,5036,0.169313867
recycle,5037,0.204594719
recycle,5038,0.042600801
recycle,5039,0.000000025
recycle,5080,0.000000005
recycle,5081,0.000001564
recycle,5082,0.031061377
recycle,5083,0.129577297
recycle,5084,0.257440480
recycle,5085,0.452607714
recycle,5086,0.322944713
recycle,5087,0.179917646
recycle,5128,0.000001458
recycle,5129,0.000008798
recycle,5130,0.000005661
recycle,5131,0.028504361
recycle,5132,0.126098832
recycle,5133,0.357813320
recycle,5134,0.759838931
recycle,5135,0.838388372
recycle,5176,0.000000242
recycle,5177,0.000007020
recycle,5178,0.000026904
recycle,5179,0.000003882
recycle,5180,0.012875170
recycle,5181,0.174687472
recycle,5182,0.848495553
recycle,5183,1.000000000
recycle,5224,0.000000272
recycle,5225,0.000007977
recycle,5226,0.000027441
recycle,5227,0.000003985
recycle,5228,0.012886799
recycle,5229,0.174690357
recycle,5230,0.848496126
recycle,5231,1.000000000
recycle,5272,0.000002164
recycle,5273,0.000012957
recycle,5274,0.000006535
recycle,5275,0.028514929
recycle,5276,0.126162880
recycle,5277,0.357825758
recycle,5278,0.759841208
recycle,5279,0.838388372
recycle,5320,0.000000007
recycle,5321,0.000002284
recycle,5322,0.031061383
recycle,5323,0.129574547
recycle,5324,0.257439155
recycle,5325,0.452586000
recycle,5326,0.322939804
recycle,5327,0.179917646
recycle,5338,0.000000001
recycle,5339,0.000000004
recycle,5368,0.000001208
recycle,5369,0.031029448
recycle,5370,0.121677063
recycle,5371,0.157331769
recycle,5372,0.169314261
recycle,5373,0.204588618
recycle,5374,0.042600193
recycle,5375,0.000000025
recycle,5384,0.000000062
recycle,5385,0.007148569
recycle,5386,0.001808506
recycle,5387,0.000000134
recycle,5388,0.000000004
recycle,5415,0.000213281
recycle,5416,0.031035674
recycle,5417,0.121455907
recycle,5418,0.152527266
recycle,5419,0.124919893
recycle,5420,0.050253351
recycle,5421,0.018724541
recycle,5430,0.000000000
recycle,5431,0.015514559
recycle,5432,0.012513290
recycle,5433,0.049915057
recycle,5434,0.017705942
recycle,5435,0.001809144
recycle,5436,0.000000110
recycle,5461,0.000000000
recycle,5462,0.003367061
recycle,5463,0.032265407
recycle,5464,0.121667390
recycle,5465,0.149413502
recycle,5466,0.121456143
recycle,5467,0.031039087
recycle,5468,0.002779620
recycle,5477,0.006045336
recycle,5478,0.031028995
recycle,5479,0.111303970
recycle,5480,0.068736416
recycle,5481,0.050086550
recycle,5482,0.008346673
recycle,5483,0.000016682
recycle,5484,0.000000000
recycle,5508,0.000268913
recycle,5509,0.009047025
recycle,5510,0.049417253
recycle,5511,0.124821170
recycle,5512,0.133898944
recycle,5513,0.103562654
recycle,5514,0.027959306
recycle,5515,0.000000013
recycle,5521,0.000000000
recycle,5522,0.002879955
recycle,5523,0.050661955
recycle,5524,0.145889230
recycle,5525,0.188640022
recycle,5526,0.149311505
recycle,5527,0.153405229
recycle,5528,0.112263632
recycle,5529,0.022030152
recycle,5530,0.000029279
recycle,5531,0.000000000
recycle,5553,0.000000000
recycle,5554,0.001465168
recycle,5555,0.006545053
recycle,5556,0.022973940
recycle,5557,0.065639581
recycle,5558,0.118508400
recycle,5559,0.121454138
recycle,5560,0.031029147
recycle,5561,0.012444835
recycle,5568,0.061818340
recycle,5569,0.140102348
recycle,5570,0.187657762
recycle,5571,0.431396338
recycle,5572,0.761210245
recycle,5573,0.753920182
recycle,5574,0.416894770
recycle,5575,0.281181743
recycle,5576,0.189031352
recycle,5577,0.153442764
recycle,5578,0.152483103
recycle,5579,0.152483103
recycle,5580,0.139776407
recycle,5581,0.050202790
recycle,5582,0.018328336
recycle,5583,0.015515381
recycle,5584,0.003343940
recycle,5585,0.000000290
recycle,5586,0.000000000
recycle,5598,0.000000098
recycle,5599,0.003069076
recycle,5600,0.013382162
recycle,5601,0.016979672
recycle,5602,0.030330308
recycle,5603,0.069074206
recycle,5604,0.116337505
recycle,5605,0.115353476
recycle,5606,0.051555291
recycle,5607,0.019036252
recycle,5608,0.000000026
recycle,5616,0.497662505
recycle,5617,0.762940378
recycle,5618,0.850396852
recycle,5619,0.898178852
recycle,5620,0.987360791
recycle,5621,0.985407625
recycle,5622,0.884843453
recycle,5623,0.863953520
recycle,5624,0.848463851
recycle,5625,0.847516897
recycle,5626,0.847516897
recycle,5627,0.847516897
recycle,5628,0.760750197
recycle,5629,0.445343400
recycle,5630,0.293130741
recycle,5631,0.261772694
recycle,5632,0.187487801
recycle,5633,0.155828732
recycle,5634,0.152483393
recycle,5635,0.152483103
recycle,5636,0.152483103
recycle,5637,0.152483103
recycle,5638,0.152483103
recycle,5639,0.152483103
recycle,5640,0.138632503
recycle,5641,0.042390849
recycle,5642,0.017178881
recycle,5643,0.015514568
recycle,5644,0.015418871
recycle,5645,0.015514602
recycle,5646,0.018585481
recycle,5647,0.046793476
recycle,5648,0.112096956
recycle,5649,0.134836418
recycle,5650,0.122927848
recycle,5651,0.116068669
recycle,5652,0.053484946
recycle,5653,0.019367329
recycle,5654,0.003521755
recycle,5655,0.000000000
recycle,5664,0.900206688
recycle,5665,0.987614578
recycle,5666,1.000000000
recycle,5667,1.000000000
recycle,5668,1.000000000
recycle,5669,1.000000000
recycle,5670,1.000000000
recycle,5671,1.000000000
recycle,5672,1.000000000
recycle,5673,1.000000000
recycle,5674,1.000000000
recycle,5675,1.000000000
recycle,5676,0.987293304
recycle,5677,0.897719687
recycle,5678,0.865845233
recycle,5679,0.863032278
recycle,5680,0.850860837
recycle,5681,0.847517187
recycle,5682,0.847516897
recycle,5683,0.847516897
recycle,5684,0.847516897
recycle,5685,0.847516897
recycle,5686,0.847516897
recycle,5687,0.847516897
recycle,5688,0.752939069
recycle,5689,0.418668837
recycle,5690,0.285300661
recycle,5691,0.263333808
recycle,5692,0.192164426
recycle,5693,0.183462882
recycle,5694,0.144998792
recycle,5695,0.132087200
recycle,5696,0.134847378
recycle,5697,0.121463201
recycle,5698,0.031078068
recycle,5699,0.015522927
recycle,5700,0.003852832
recycle,5701,0.000000000
recycle,5712,1.000000000
recycle,5713,1.000000000
recycle,5714,1.000000000
recycle,5715,1.000000000
recycle,5716,1.000000000
recycle,5717,1.000000000
recycle,5718,1.000000000
recycle,5719,1.000000000
recycle,5720,1.000000000
recycle,5721,1.000000000
recycle,5722,1.000000000
recycle,5723,1.000000000
recycle,5724,1.000000000
recycle,5725,1.000000000
recycle,5726,1.000000000
recycle,5727,1.000000000
recycle,5728,1.000000000
recycle,5729,1.000000000
recycle,5730,1.000000000
recycle,5731,1.000000000
recycle,5732,1.000000000
recycle,5733,1.000000000
recycle,5734,1.000000000
recycle,5735,1.000000000
recycle,5736,0.983657435
recycle,5737,0.870100225
recycle,5738,0.840352184
recycle,5739,0.753731650
recycle,5740,0.472982951
recycle,5741,0.370645265
recycle,5742,0.208532019
recycle,5743,0.088769568
recycle,5744,0.026856236
recycle,5745,0.018305951
recycle,5746,0.000009925
recycle,5760,1.000000000
recycle,5761,1.000000000
recycle,5762,1.000000000
recycle,5763,1.000000000
recycle,5764,1.000000000
recycle,5765,1.000000000
recycle,5766,1.000000000
recycle,5767,1.000000000
recycle,5768,1.000000000
recycle,5769,1.000000000
recycle,5770,1.000000000
recycle,5771,1.000000000
recycle,5772,1.000000000
recycle,5773,1.000000000
recycle,5774,1.000000000
recycle,5775,1.000000000
recycle,5776,1.000000000
recycle,5777,1.000000000
recycle,5778,1.000000000
recycle,5779,1.000000000
recycle,5780,1.000000000
recycle,5781,1.000000000
recycle,5782,1.000000000
recycle,5783,1.000000000
recycle,5784,1.000000000
recycle,5785,0.983657050
recycle,5786,0.981694258
recycle,5787,0.969181947
recycle,5788,0.897596920
recycle,5789,0.886109863
recycle,5790,0.790625790
recycle,5791,0.547720083
recycle,5792,0.256801423
recycle,5793,0.147961145
recycle,5794,0.036669472
recycle,5795,0.000078136
recycle,5808,0.985385647
recycle,5809,1.000000000
recycle,5810,1.000000000
recycle,5811,1.000000000
recycle,5812,1.000000000
recycle,5813,1.000000000
recycle,5814,1.000000000
recycle,5815,1.000000000
recycle,5816,1.000000000
recycle,5817,1.000000000
recycle,5818,1.000000000
recycle,5819,1.000000000
recycle,5820,1.000000000
recycle,5821,0.987299423
recycle,5822,0.984486389
recycle,5823,0.972331182
recycle,5824,0.898130720
recycle,5825,0.866393262
recycle,5826,0.863031684
recycle,5827,0.850410814
recycle,5828,0.853124924
recycle,5829,0.848457866
recycle,5830,0.847703847
recycle,5831,0.847712440
recycle,5832,0.834529795
recycle,5833,0.756497767
recycle,5834,0.732397804
recycle,5835,0.730164298
recycle,5836,0.719198395
recycle,5837,0.731551303
recycle,5838,0.721150469
recycle,5839,0.693611076
recycle,5840,0.696853681
recycle,5841,0.618039594
recycle,5842,0.333538159
recycle,5843,0.141206353
recycle,5844,0.053536616
recycle,5845,0.010301107
recycle,5856,0.753209657
recycle,5857,0.835135652
recycle,5858,0.869614410
recycle,5859,0.971850410
recycle,5860,1.000000000
recycle,5861,1.000000000
recycle,5862,0.985407325
recycle,5863,0.969917893
recycle,5864,0.884064751
recycle,5865,0.863978281
recycle,5866,0.852857170
recycle,5867,0.847516899
recycle,5868,0.834816321
recycle,5869,0.757978901
recycle,5870,0.728881875
recycle,5871,0.655223142
recycle,5872,0.423119727
recycle,5873,0.293527380
recycle,5874,0.261318371
recycle,5875,0.190472643
recycle,5876,0.189003974
recycle,5877,0.163762451
recycle,5878,0.154709238
recycle,5879,0.154673583
recycle,5880,0.162937789
recycle,5881,0.174617120
recycle,5882,0.174078053
recycle,5883,0.174025835
recycle,5884,0.187593958
recycle,5885,0.248133294
recycle,5886,0.276309296
recycle,5887,0.390095617
recycle,5888,0.607377313
recycle,5889,0.699591910
recycle,5890,0.634990214
recycle,5891,0.574749479
recycle,5892,0.397894490
recycle,5893,0.200528714
recycle,5894,0.057999361
recycle,5895,0.003537721
recycle,5904,0.146997300
recycle,5905,0.159066120
recycle,5906,0.299589158
recycle,5907,0.658975889
recycle,5908,0.844862489
recycle,5909,0.899198164
recycle,5910,0.874451242
recycle,5911,0.779046965
recycle,5912,0.502385721
recycle,5913,0.300384875
recycle,5914,0.214650191
recycle,5915,0.173337886
recycle,5916,0.152489459
recycle,5917,0.139782533
recycle,5918,0.136969558
recycle,5919,0.124816637
recycle,5920,0.050626601
recycle,5921,0.018881715
recycle,5922,0.015515640
recycle,5923,0.002894154
recycle,5924,0.005608099
recycle,5925,0.000940982
recycle,5926,0.000186952
recycle,5927,0.000195543
recycle,5928,0.000863824
recycle,5929,0.005224410
recycle,5930,0.004671030
recycle,5931,0.004660210
recycle,5932,0.005320375
recycle,5933,0.015514682
recycle,5934,0.018605919
recycle,5935,0.053568318
recycle,5936,0.166445599
recycle,5937,0.255976552
recycle,5938,0.321145040
recycle,5939,0.471263024
recycle,5940,0.596193294
recycle,5941,0.579623306
recycle,5942,0.385292110
recycle,5943,0.157587982
recycle,5944,0.031046015
recycle,5945,0.000000026
recycle,5953,0.000004666
recycle,5954,0.022097514
recycle,5955,0.128271787
recycle,5956,0.226196490
recycle,5957,0.458520949
recycle,5958,0.687318940
recycle,5959,0.807289389
recycle,5960,0.588522724
recycle,5961,0.286904062
recycle,5962,0.148903395
recycle,5963,0.121477036
recycle,5964,0.031066021
recycle,5965,0.000267388
recycle,5966,0.000000004
recycle,5967,0.000000044
recycle,5968,0.000002090
recycle,5969,0.000000551
recycle,5970,0.000000046
recycle,5971,0.000000032
recycle,5972,0.000000007
recycle,5973,0.000000001
recycle,5974,0.000000000
recycle,5975,0.000000000
recycle,5976,0.000000000
recycle,5977,0.000000000
recycle,5978,0.000000000
recycle,5979,0.000000000
recycle,5980,0.000000000
recycle,5981,0.000000000
recycle,5982,0.000000085
recycle,5983,0.000021813
recycle,5984,0.006659920
recycle,5985,0.017494492
recycle,5986,0.048846139
recycle,5987,0.177100731
recycle,5988,0.290223694
recycle,5989,0.460137756
recycle,5990,0.618473930
recycle,5991,0.611302072
recycle,5992,0.330268543
recycle,5993,0.119103173
recycle,5994,0.012453566
recycle,6004,0.009985352
recycle,6005,0.081788444
recycle,6006,0.323865916
recycle,6007,0.562615201
recycle,6008,0.487326253
recycle,6009,0.355237127
recycle,6010,0.207940620
recycle,6011,0.154393815
recycle,6012,0.121721607
recycle,6013,0.032550414
recycle,6014,0.002839802
recycle,6015,0.000000003
recycle,6016,0.000000000
recycle,6019,0.000000000
recycle,6020,0.000000000
recycle,6021,0.000000000
recycle,6033,0.000000000
recycle,6034,0.000514572
recycle,6035,0.017770371
recycle,6036,0.050070482
recycle,6037,0.191964818
recycle,6038,0.410128279
recycle,6039,0.655265190
recycle,6040,0.708409381
recycle,6041,0.551016263
recycle,6042,0.209553319
recycle,6043,0.021605721
recycle,6044,0.000000013
recycle,6053,0.000000001
recycle,6054,0.032652691
recycle,6055,0.136287167
recycle,6056,0.217949387
recycle,6057,0.330795251
recycle,6058,0.232351794
recycle,6059,0.163071350
recycle,6060,0.152483751
recycle,6061,0.124293910
recycle,6062,0.046059147
recycle,6063,0.008760085
recycle,6064,0.000000106
recycle,6065,0.000000000
recycle,6066,0.000000000
recycle,6067,0.000000000
recycle,6068,0.000000000
recycle,6083,0.000000000
recycle,6084,0.001986907
recycle,6085,0.034184541
recycle,6086,0.156596103
recycle,6087,0.341228024
recycle,6088,0.649329355
recycle,6089,0.798623458
recycle,6090,0.623149236
recycle,6091,0.265645597
recycle,6092,0.053281537
recycle,6093,0.002773585
recycle,6103,0.001624076
recycle,6104,0.038175224
recycle,6105,0.164906371
recycle,6106,0.170196990
recycle,6107,0.154297299
recycle,6108,0.152483237
recycle,6109,0.152483103
recycle,6110,0.130214179
recycle,6111,0.067056382
recycle,6112,0.021696403
recycle,6113,0.000017747
recycle,6114,0.000000121
recycle,6115,0.000000015
recycle,6116,0.000000002
recycle,6117,0.000000000
recycle,6118,0.000000000
recycle,6132,0.000000000
recycle,6133,0.000000006
recycle,6134,0.016757222
recycle,6135,0.053793254
recycle,6136,0.319084083
recycle,6137,0.651159256
recycle,6138,0.816489909
recycle,6139,0.657930875
recycle,6140,0.382263551
recycle,6141,0.153134244
recycle,6142,0.015514497
recycle,6152,0.000000317
recycle,6153,0.031028995
recycle,6154,0.121454118
recycle,6155,0.137777951
recycle,6156,0.152483107
recycle,6157,0.152483103
recycle,6158,0.152483103
recycle,6159,0.143149910
recycle,6160,0.121471854
recycle,6161,0.031131939
recycle,6162,0.001156347
recycle,6163,0.000017032
recycle,6164,0.000001944
recycle,6165,0.000000015
recycle,6166,0.000000000
recycle,6167,0.000000000
recycle,6179,0.000000000
recycle,6180,0.000000000
recycle,6181,0.000000010
recycle,6182,0.000000178
recycle,6183,0.001045756
recycle,6184,0.046580425
recycle,6185,0.317826514
recycle,6186,0.644072548
recycle,6187,0.819882687
recycle,6188,0.761385522
recycle,6189,0.619385789
recycle,6190,0.227393742
recycle,6191,0.018305826
recycle,6202,0.016323817
recycle,6203,0.035746059
recycle,6204,0.122263436
recycle,6205,0.137087494
recycle,6206,0.143606402
recycle,6207,0.152483103
recycle,6208,0.152483103
recycle,6209,0.122609737
recycle,6210,0.037678607
recycle,6211,0.004492657
recycle,6212,0.000174364
recycle,6213,0.000002465
recycle,6214,0.000000014
recycle,6215,0.000000000
recycle,6227,0.000000000
recycle,6228,0.000000000
recycle,6229,0.000000087
recycle,6230,0.000011841
recycle,6231,0.000097634
recycle,6232,0.000627642
recycle,6233,0.040511104
recycle,6234,0.276371349
recycle,6235,0.626059391
recycle,6236,0.829290977
recycle,6237,0.897900992
recycle,6238,0.647209459
recycle,6239,0.286611677
recycle,6250,0.000000000
recycle,6251,0.000809327
recycle,6252,0.015633424
recycle,6253,0.022845228
recycle,6254,0.069837568
recycle,6255,0.132790035
recycle,6256,0.152483103
recycle,6257,0.152483103
recycle,6258,0.125846778
recycle,6259,0.050161834
recycle,6260,0.006075095
recycle,6261,0.000149994
recycle,6262,0.000000469
recycle,6263,0.000000000
recycle,6275,0.000000000
recycle,6276,0.000000001
recycle,6277,0.000000214
recycle,6278,0.000018940
recycle,6279,0.000661411
recycle,6280,0.004472262
recycle,6281,0.008293767
recycle,6282,0.027529635
recycle,6283,0.206471961
recycle,6284,0.543446507
recycle,6285,0.753280324
recycle,6286,0.938920688
recycle,6287,0.856694174
recycle,6299,0.000000000
recycle,6300,0.000000007
recycle,6301,0.000120663
recycle,6302,0.011348043
recycle,6303,0.063109257
recycle,6304,0.141666736
recycle,6305,0.152483103
recycle,6306,0.152483103
recycle,6307,0.126673913
recycle,6308,0.029080603
recycle,6309,0.001971868
recycle,6310,0.000000921
recycle,6311,0.000000000
recycle,6323,0.000000000
recycle,6324,0.000000002
recycle,6325,0.000000349
recycle,6326,0.000030892
recycle,6327,0.000569562
recycle,6328,0.004681903
recycle,6329,0.015476513
recycle,6330,0.018884448
recycle,6331,0.014497173
recycle,6332,0.115893454
recycle,6333,0.377238508
recycle,6334,0.878545923
recycle,6335,1.000000000
recycle,6347,0.000000000
recycle,6348,0.000000007
recycle,6349,0.000120597
recycle,6350,0.011339862
recycle,6351,0.063097917
recycle,6352,0.141664387
recycle,6353,0.152483103
recycle,6354,0.152483103
recycle,6355,0.126674724
recycle,6356,0.029081431
recycle,6357,0.001972036
recycle,6358,0.000000921
recycle,6359,0.000000000
recycle,6371,0.000000000
recycle,6372,0.000000002
recycle,6373,0.000000349
recycle,6374,0.000030900
recycle,6375,0.000571016
recycle,6376,0.004723095
recycle,6377,0.015656583
recycle,6378,0.018809121
recycle,6379,0.014486561
recycle,6380,0.115957859
recycle,6381,0.377250137
recycle,6382,0.878545923
recycle,6383,1.000000000
recycle,6394,0.000000000
recycle,6395,0.000808798
recycle,6396,0.015633359
recycle,6397,0.022839015
recycle,6398,0.069803515
recycle,6399,0.132781855
recycle,6400,0.152483103
recycle,6401,0.152483103
recycle,6402,0.125847856
recycle,6403,0.050165609
recycle,6404,0.006076012
recycle,6405,0.000150012
recycle,6406,0.000000469
recycle,6407,0.000000000
recycle,6419,0.000000000
recycle,6420,0.000000001
recycle,6421,0.000000215
recycle,6422,0.000018941
recycle,6423,0.000666005
recycle,6424,0.004560746
recycle,6425,0.008667514
recycle,6426,0.027609383
recycle,6427,0.206536601
recycle,6428,0.543639899
recycle,6429,0.753347495
recycle,6430,0.938921262
recycle,6431,0.856694174
recycle,6442,0.016323288
recycle,6443,0.035742972
recycle,6444,0.122262907
recycle,6445,0.137087428
recycle,6446,0.143600571
recycle,6447,0.152483103
recycle,6448,0.152483103
recycle,6449,0.122610177
recycle,6450,0.037681139
recycle,6451,0.004493755
recycle,6452,0.000174388
recycle,6453,0.000002466
recycle,6454,0.000000014
recycle,6455,0.000000000
recycle,6467,0.000000000
recycle,6468,0.000000000
recycle,6469,0.000000087
recycle,6470,0.000011879
recycle,6471,0.000097993
recycle,6472,0.000633943
recycle,6473,0.040612663
recycle,6474,0.276607816
recycle,6475,0.626110365
recycle,6476,0.829351914
recycle,6477,0.897908582
recycle,6478,0.647208851
recycle,6479,0.286611677
recycle,6488,0.000000317
recycle,6489,0.031028995
recycle,6490,0.121454118
recycle,6491,0.137777421
recycle,6492,0.152483107
recycle,6493,0.152483103
recycle,6494,0.152483103
recycle,6495,0.143152415
recycle,6496,0.121471861
recycle,6497,0.031131977
recycle,6498,0.001156787
recycle,6499,0.000017035
recycle,6500,0.000001944
recycle,6501,0.000000015
recycle,6502,0.000000000
recycle,6503,0.000000000
recycle,6515,0.000000000
recycle,6516,0.000000000
recycle,6517,0.000000010
recycle,6518,0.000000179
recycle,6519,0.001047326
recycle,6520,0.046580706
recycle,6521,0.317826700
recycle,6522,0.644112965
recycle,6523,0.819887201
recycle,6524,0.761411812
recycle,6525,0.619389780
recycle,6526,0.227393742
recycle,6527,0.018305826
recycle,6535,0.001624983
recycle,6536,0.038179773
recycle,6537,0.164927897
recycle,6538,0.170172511
recycle,6539,0.154292318
recycle,6540,0.152483237
recycle,6541,0.152483103
recycle,6542,0.130218037
recycle,6543,0.067070977
recycle,6544,0.021698908
recycle,6545,0.000017754
recycle,6546,0.000000121
recycle,6547,0.000000015
recycle,6548,0.000000002
recycle,6549,0.000000000
recycle,6550,0.000000000
recycle,6564,0.000000000
recycle,6565,0.000000006
recycle,6566,0.016758843
recycle,6567,0.053802730
recycle,6568,0.319085800
recycle,6569,0.651159296
recycle,6570,0.816489912
recycle,6571,0.657963713
recycle,6572,0.382343827
recycle,6573,0.153161000
recycle,6574,0.015514497
recycle,6581,0.000000001
recycle,6582,0.032653598
recycle,6583,0.136287714
recycle,6584,0.217966885
recycle,6585,0.330944154
recycle,6586,0.232308914
recycle,6587,0.163042320
recycle,6588,0.152483750
recycle,6589,0.124295417
recycle,6590,0.046067036
recycle,6591,0.008763943
recycle,6592,0.000000106
recycle,6593,0.000000000
recycle,6594,0.000000000
recycle,6595,0.000000000
recycle,6596,0.000000000
recycle,6611,0.000000000
recycle,6612,0.001987524
recycle,6613,0.034183949
recycle,6614,0.156593281
recycle,6615,0.341230843
recycle,6616,0.649325574
recycle,6617,0.798597594
recycle,6618,0.623150890
recycle,6619,0.265685705
recycle,6620,0.053314387
recycle,6621,0.002778176
recycle,6628,0.009984955
recycle,6629,0.081778293
recycle,6630,0.323864174
recycle,6631,0.562588496
recycle,6632,0.487351120
recycle,6633,0.355540519
recycle,6634,0.208019282
recycle,6635,0.154388828
recycle,6636,0.121721764
recycle,6637,0.032551312
recycle,6638,0.002841309
recycle,6639,0.000000003
recycle,6640,0.000000000
recycle,6643,0.000000000
recycle,6644,0.000000000
recycle,6645,0.000000000
recycle,6657,0.000000000
recycle,6658,0.000514554
recycle,6659,0.017770930
recycle,6660,0.050072547
recycle,6661,0.191954970
recycle,6662,0.410116834
recycle,6663,0.655262368
recycle,6664,0.708383620
recycle,6665,0.550938655
recycle,6666,0.209527444
recycle,6667,0.021611813
recycle,6668,0.000000013
recycle,6673,0.000004667
recycle,6674,0.022100564
recycle,6675,0.128273683
recycle,6676,0.226194179
recycle,6677,0.458491842
recycle,6678,0.687309089
recycle,6679,0.807284718
recycle,6680,0.588513232
recycle,6681,0.287002639
recycle,6682,0.148936591
recycle,6683,0.121477038
recycle,6684,0.031066038
recycle,6685,0.000267545
recycle,6686,0.000000004
recycle,6687,0.000000044
recycle,6688,0.000002083
recycle,6689,0.000000551
recycle,6690,0.000000046
recycle,6691,0.000000032
recycle,6692,0.000000007
recycle,6693,0.000000001
recycle,6694,0.000000000
recycle,6695,0.000000000
recycle,6696,0.000000000
recycle,6697,0.000000000
recycle,6698,0.000000000
recycle,6699,0.000000000
recycle,6700,0.000000000
recycle,6701,0.000000000
recycle,6702,0.000000085
recycle,6703,0.000021810
recycle,6704,0.006659338
recycle,6705,0.017494221
recycle,6706,0.048843799
recycle,6707,0.177095692
recycle,6708,0.290215572
recycle,6709,0.460116861
recycle,6710,0.618468777
recycle,6711,0.611302376
recycle,6712,0.330264105
recycle,6713,0.119077304
recycle,6714,0.012449126
recycle,6720,0.146997876
recycle,6721,0.159069170
recycle,6722,0.299607478
recycle,6723,0.658982148
recycle,6724,0.844862643
recycle,6725,0.899188313
recycle,6726,0.874451249
recycle,6727,0.779047655
recycle,6728,0.502386898
recycle,6729,0.300400769
recycle,6730,0.214740369
recycle,6731,0.173353357
recycle,6732,0.152489462
recycle,6733,0.139776413
recycle,6734,0.136969556
recycle,6735,0.124800394
recycle,6736,0.050531932
recycle,6737,0.018865465
recycle,6738,0.015515639
recycle,6739,0.002889910
recycle,6740,0.005604866
recycle,6741,0.000940523
recycle,6742,0.000186886
recycle,6743,0.000195501
recycle,6744,0.000863695
recycle,6745,0.005223719
recycle,6746,0.004670480
recycle,6747,0.004659654
recycle,6748,0.005319660
recycle,6749,0.015514682
recycle,6750,0.018606450
recycle,6751,0.053571183
recycle,6752,0.166444795
recycle,6753,0.255974850
recycle,6754,0.321136179
recycle,6755,0.471249269
recycle,6756,0.596193462
recycle,6757,0.579623218
recycle,6758,0.385306675
recycle,6759,0.157593205
recycle,6760,0.031046010
recycle,6761,0.000000026
recycle,6768,0.753213020
recycle,6769,0.835136142
recycle,6770,0.869617461
recycle,6771,0.971850961
recycle,6772,1.000000000
recycle,6773,1.000000000
recycle,6774,0.985407625
recycle,6775,0.969917960
recycle,6776,0.884065142
recycle,6777,0.863978348
recycle,6778,0.852872641
recycle,6779,0.847516899
recycle,6780,0.834810201
recycle,6781,0.757943231
recycle,6782,0.728875746
recycle,6783,0.655128512
recycle,6784,0.422835831
recycle,6785,0.293432740
recycle,6786,0.261314124
recycle,6787,0.190444676
recycle,6788,0.188980431
recycle,6789,0.163756477
recycle,6790,0.154708351
recycle,6791,0.154673141
recycle,6792,0.162936302
recycle,6793,0.174612742
recycle,6794,0.174073600
recycle,6795,0.174021571
recycle,6796,0.187590650
recycle,6797,0.248132822
recycle,6798,0.276312406
recycle,6799,0.390107000
recycle,6800,0.607386007
recycle,6801,0.699593716
recycle,6802,0.634988000
recycle,6803,0.574750953
recycle,6804,0.397912737
recycle,6805,0.200539352
recycle,6806,0.058005234
recycle,6807,0.003538617
recycle,6816,0.985386224
recycle,6817,1.000000000
recycle,6818,1.000000000
recycle,6819,1.000000000
recycle,6820,1.000000000
recycle,6821,1.000000000
recycle,6822,1.000000000
recycle,6823,1.000000000
recycle,6824,1.000000000
recycle,6825,1.000000000
recycle,6826,1.000000000
recycle,6827,1.000000000
recycle,6828,1.000000000
recycle,6829,0.987293304
recycle,6830,0.984486387
recycle,6831,0.972314946
recycle,6832,0.898036091
recycle,6833,0.866377023
recycle,6834,0.863031684
recycle,6835,0.850406570
recycle,6836,0.853121692
recycle,6837,0.848457407
recycle,6838,0.847703780
recycle,6839,0.847712397
recycle,6840,0.834529991
recycle,6841,0.756498975
recycle,6842,0.732397580
recycle,6843,0.730165162
recycle,6844,0.719202129
recycle,6845,0.731552656
recycle,6846,0.721151712
recycle,6847,0.693618750
recycle,6848,0.696857729
recycle,6849,0.618039965
recycle,6850,0.333538234
recycle,6851,0.141207537
recycle,6852,0.053542765
recycle,6853,0.010302778
recycle,6864,1.000000000
recycle,6865,1.000000000
recycle,6866,1.000000000
recycle,6867,1.000000000
recycle,6868,1.000000000
recycle,6869,1.000000000
recycle,6870,1.000000000
recycle,6871,1.000000000
recycle,6872,1.000000000
recycle,6873,1.000000000
recycle,6874,1.000000000
recycle,6875,1.000000000
recycle,6876,1.000000000
recycle,6877,1.000000000
recycle,6878,1.000000000
recycle,6879,1.000000000
recycle,6880,1.000000000
recycle,6881,1.000000000
recycle,6882,1.000000000
recycle,6883,1.000000000
recycle,6884,1.000000000
recycle,6885,1.000000000
recycle,6886,1.000000000
recycle,6887,1.000000000
recycle,6888,1.000000000
recycle,6889,0.983657435
recycle,6890,0.981694258
recycle,6891,0.969182457
recycle,6892,0.897599812
recycle,6893,0.886109895
recycle,6894,0.790630588
recycle,6895,0.547735842
recycle,6896,0.256811458
recycle,6897,0.147962018
recycle,6898,0.036669493
recycle,6899,0.000078163
recycle,6912,1.000000000
recycle,6913,1.000000000
recycle,6914,1.000000000
recycle,6915,1.000000000
recycle,6916,1.000000000
recycle,6917,1.000000000
recycle,6918,1.000000000
recycle,6919,1.000000000
recycle,6920,1.000000000
recycle,6921,1.000000000
recycle,6922,1.000000000
recycle,6923,1.000000000
recycle,6924,1.000000000
recycle,6925,1.000000000
recycle,6926,1.000000000
recycle,6927,1.000000000
recycle,6928,1.000000000
recycle,6929,1.000000000
recycle,6930,1.000000000
recycle,6931,1.000000000
recycle,6932,1.000000000
recycle,6933,1.000000000
recycle,6934,1.000000000
recycle,6935,1.000000000
recycle,6936,1.000000000
recycle,6937,1.000000000
recycle,6938,1.000000000
recycle,6939,1.000000000
recycle,6940,0.999886881
recycle,6941,1.000000000
recycle,6942,0.990239932
recycle,6943,0.845189416
recycle,6944,0.506255852
recycle,6945,0.253698471
recycle,6946,0.148256620
recycle,6947,0.037009244
recycle,6948,0.000068217
recycle,6960,1.000000000
recycle,6961,1.000000000
recycle,6962,1.000000000
recycle,6963,1.000000000
recycle,6964,1.000000000
recycle,6965,1.000000000
recycle,6966,1.000000000
recycle,6967,1.000000000
recycle,6968,1.000000000
recycle,6969,1.000000000
recycle,6970,1.000000000
recycle,6971,1.000000000
recycle,6972,1.000000000
recycle,6973,1.000000000
recycle,6974,1.000000000
recycle,6975,1.000000000
recycle,6976,0.987845679
recycle,6977,0.984485793
recycle,6978,0.971864923
recycle,6979,0.901020902
recycle,6980,0.899552258
recycle,6981,0.874310741
recycle,6982,0.865257528
recycle,6983,0.865221874
recycle,6984,0.873486080
recycle,6985,0.899016337
recycle,6986,0.900140769
recycle,6987,0.900088623
recycle,6988,0.913656746
recycle,6989,0.974195511
recycle,6990,0.984485601
recycle,6991,0.967704764
recycle,6992,0.899359944
recycle,6993,0.840077505
recycle,6994,0.651538138
recycle,6995,0.349867135
recycle,6996,0.147606684
recycle,6997,0.068618441
recycle,6998,0.006449332
recycle,7008,0.838388348
recycle,7009,0.854072716
recycle,7010,0.916760670
recycle,7011,0.991041322
recycle,7012,1.000000000
recycle,7013,1.000000000
recycle,7014,1.000000000
recycle,7015,1.000000000
recycle,7016,0.985432390
recycle,7017,0.974311279
recycle,7018,0.909671283
recycle,7019,0.868371679
recycle,7020,0.863031397
recycle,7021,0.863031400
recycle,7022,0.863031460
recycle,7023,0.850879425
recycle,7024,0.776689389
recycle,7025,0.744944502
recycle,7026,0.668020297
recycle,7027,0.463163991
recycle,7028,0.409861068
recycle,7029,0.339680434
recycle,7030,0.299344656
recycle,7031,0.298995186
recycle,7032,0.336145707
recycle,7033,0.413061468
recycle,7034,0.428737761
recycle,7035,0.429170965
recycle,7036,0.499970898
recycle,7037,0.682161771
recycle,7038,0.744668707
recycle,7039,0.779631106
recycle,7040,0.892508386
recycle,7041,0.973498237
recycle,7042,0.954988151
recycle,7043,0.857982539
recycle,7044,0.711249239
recycle,7045,0.465467950
recycle,7046,0.178095787
recycle,7047,0.031127308
recycle,7048,0.000016868
recycle,7056,0.161611652
recycle,7057,0.206212379
recycle,7058,0.479019862
recycle,7059,0.783730348
recycle,7060,0.901499833
recycle,7061,0.978956357
recycle,7062,1.000000000
recycle,7063,0.985432390
recycle,7064,0.899579248
recycle,7065,0.804691257
recycle,7066,0.594707116
recycle,7067,0.426523103
recycle,7068,0.305003251
recycle,7069,0.289458091
recycle,7070,0.289452033
recycle,7071,0.289464687
recycle,7072,0.277337406
recycle,7073,0.273959593
recycle,7074,0.261320838
recycle,7075,0.190473471
recycle,7076,0.189004273
recycle,7077,0.163762508
recycle,7078,0.154709247
recycle,7079,0.154673586
recycle,7080,0.162937790
recycle,7081,0.188468047
recycle,7082,0.189592479
recycle,7083,0.189636203
recycle,7084,0.203667229
recycle,7085,0.263743592
recycle,7086,0.274065934
recycle,7087,0.316204506
recycle,7088,0.494321834
recycle,7089,0.691949020
recycle,7090,0.774908927
recycle,7091,0.901595835
recycle,7092,0.954788990
recycle,7093,0.894520489
recycle,7094,0.678220851
recycle,7095,0.352663619
recycle,7096,0.137066944
recycle,7097,0.015515119
recycle,7105,0.006555819
recycle,7106,0.069243784
recycle,7107,0.181992927
recycle,7108,0.423756745
recycle,7109,0.733297275
recycle,7110,0.959503587
recycle,7111,1.000000000
recycle,7112,0.959785193
recycle,7113,0.859355095
recycle,7114,0.772731951
recycle,7115,0.641014985
recycle,7116,0.349219949
recycle,7117,0.169556053
recycle,7118,0.152744204
recycle,7119,0.152485455
recycle,7120,0.152495881
recycle,7121,0.152488452
recycle,7122,0.152483956
recycle,7123,0.152483340
recycle,7124,0.152483175
recycle,7125,0.152483116
recycle,7126,0.152483105
recycle,7127,0.152483104
recycle,7128,0.152483103
recycle,7129,0.152483103
recycle,7130,0.152483103
recycle,7131,0.152483103
recycle,7132,0.152483104
recycle,7133,0.152483190
recycle,7134,0.152505412
recycle,7135,0.159270241
recycle,7136,0.206836269
recycle,7137,0.268081786
recycle,7138,0.374825190
recycle,7139,0.647169592
recycle,7140,0.776133270
recycle,7141,0.899635891
recycle,7142,0.950528544
recycle,7143,0.863129732
recycle,7144,0.635655316
recycle,7145,0.239850939
recycle,7146,0.024435219
recycle,7147,0.000004319
recycle,7155,0.003938285
recycle,7156,0.062414654
recycle,7157,0.286522716
recycle,7158,0.645693088
recycle,7159,0.862349591
recycle,7160,0.902372427
recycle,7161,0.897500481
recycle,7162,0.855850858
recycle,7163,0.832025436
recycle,7164,0.652710616
recycle,7165,0.355997210
recycle,7166,0.184549176
recycle,7167,0.155061885
recycle,7168,0.152483106
recycle,7169,0.152483103
recycle,7170,0.152483103
recycle,7171,0.152483103
recycle,7172,0.152483103
recycle,7173,0.152483103
recycle,7174,0.152483103
recycle,7175,0.152483103
recycle,7176,0.152483103
recycle,7177,0.152483103
recycle,7178,0.152483103
recycle,7179,0.152483103
recycle,7180,0.152483103
recycle,7181,0.152483103
recycle,7182,0.152483103
recycle,7183,0.146305880
recycle,7184,0.149182617
recycle,7185,0.151350816
recycle,7186,0.170996747
recycle,7187,0.270517799
recycle,7188,0.399372839
recycle,7189,0.671781520
recycle,7190,0.881423109
recycle,7191,0.972338551
recycle,7192,0.965905782
recycle,7193,0.732632420
recycle,7194,0.313363250
recycle,7195,0.075425734
recycle,7196,0.006086827
recycle,7204,0.000000001
recycle,7205,0.023946215
recycle,7206,0.146432207
recycle,7207,0.377239007
recycle,7208,0.673131094
recycle,7209,0.881878551
recycle,7210,0.865247318
recycle,7211,0.849331022
recycle,7212,0.832263545
recycle,7213,0.667703740
recycle,7214,0.400380635
recycle,7215,0.219055180
recycle,7216,0.158665024
recycle,7217,0.152483208
recycle,7218,0.152483104
recycle,7219,0.152483103
recycle,7220,0.152483103
recycle,7221,0.152483103
recycle,7222,0.152483103
recycle,7223,0.152483103
recycle,7224,0.152483103
recycle,7225,0.152483103
recycle,7226,0.152483103
recycle,7227,0.152483103
recycle,7228,0.152483103
recycle,7229,0.152483103
recycle,7230,0.146305880
recycle,7231,0.112017526
recycle,7232,0.119832763
recycle,7233,0.134873706
recycle,7234,0.141277464
recycle,7235,0.143844708
recycle,7236,0.179578140
recycle,7237,0.350834818
recycle,7238,0.640035936
recycle,7239,0.779849341
recycle,7240,0.954700364
recycle,7241,0.981424572
recycle,7242,0.801488521
recycle,7243,0.470796602
recycle,7244,0.175218830
recycle,7245,0.015514497
recycle,7254,0.001623697
recycle,7255,0.056008936
recycle,7256,0.319448135
recycle,7257,0.642816174
recycle,7258,0.833815886
recycle,7259,0.847517032
recycle,7260,0.847516901
recycle,7261,0.834581166
recycle,7262,0.702209604
recycle,7263,0.475023555
recycle,7264,0.294469448
recycle,7265,0.168101152
recycle,7266,0.152501466
recycle,7267,0.152483312
recycle,7268,0.152483127
recycle,7269,0.152483105
recycle,7270,0.152483103
recycle,7271,0.152483103
recycle,7272,0.152483103
recycle,7273,0.152483103
recycle,7274,0.152483103
recycle,7275,0.152483103
recycle,7276,0.152483103
recycle,7277,0.152483103
recycle,7278,0.151321505
recycle,7279,0.133945976
recycle,7280,0.109499798
recycle,7281,0.101139120
recycle,7282,0.071316044
recycle,7283,0.077858468
recycle,7284,0.141857811
recycle,7285,0.164942262
recycle,7286,0.252242558
recycle,7287,0.368275672
recycle,7288,0.688209782
recycle,7289,0.953460221
recycle,7290,0.990572330
recycle,7291,0.901281618
recycle,7292,0.657890137
recycle,7293,0.245681803
recycle,7294,0.015514497
recycle,7303,0.000000317
recycle,7304,0.031063474
recycle,7305,0.227584240
recycle,7306,0.605463725
recycle,7307,0.746294354
recycle,7308,0.832811720
recycle,7309,0.847516897
recycle,7310,0.838183704
recycle,7311,0.777604670
recycle,7312,0.641922402
recycle,7313,0.350295096
recycle,7314,0.174752115
recycle,7315,0.153722033
recycle,7316,0.152511244
recycle,7317,0.152485110
recycle,7318,0.152483117
recycle,7319,0.152483103
recycle,7320,0.152483103
recycle,7321,0.152483103
recycle,7322,0.152483103
recycle,7323,0.152483103
recycle,7324,0.152483103
recycle,7325,0.152483103
recycle,7326,0.152483103
recycle,7327,0.150089243
recycle,7328,0.132616265
recycle,7329,0.087436866
recycle,7330,0.070078340
recycle,7331,0.113454712
recycle,7332,0.146196225
recycle,7333,0.110852878
recycle,7334,0.055217068
recycle,7335,0.070139563
recycle,7336,0.320524705
recycle,7337,0.659661883
recycle,7338,0.912005513
recycle,7339,0.992887616
recycle,7340,0.971744591
recycle,7341,0.741577285
recycle,7342,0.258422715
recycle,7343,0.018305837
recycle,7353,0.015560222
recycle,7354,0.141761973
recycle,7355,0.361620519
recycle,7356,0.640473665
recycle,7357,0.733393519
recycle,7358,0.780384084
recycle,7359,0.838640196
recycle,7360,0.832020042
recycle,7361,0.657887783
recycle,7362,0.372116934
recycle,7363,0.194051844
recycle,7364,0.156722885
recycle,7365,0.152643590
recycle,7366,0.152483650
recycle,7367,0.152483103
recycle,7368,0.152483103
recycle,7369,0.152483103
recycle,7370,0.152483103
recycle,7371,0.152483103
recycle,7372,0.152483103
recycle,7373,0.152483103
recycle,7374,0.152483103
recycle,7375,0.152483103
recycle,7376,0.143619104
recycle,7377,0.097269954
recycle,7378,0.113534248
recycle,7379,0.145614550
recycle,7380,0.130694338
recycle,7381,0.061152272
recycle,7382,0.052923950
recycle,7383,0.056168169
recycle,7384,0.051304699
recycle,7385,0.193734762
recycle,7386,0.512427704
recycle,7387,0.821732791
recycle,7388,0.980893931
recycle,7389,0.984485503
recycle,7390,0.741577294
recycle,7391,0.304917544
recycle,7402,0.014945303
recycle,7403,0.133574839
recycle,7404,0.258533477
recycle,7405,0.314705723
recycle,7406,0.485827462
recycle,7407,0.717224563
recycle,7408,0.836700530
recycle,7409,0.833140386
recycle,7410,0.676771343
recycle,7411,0.409812859
recycle,7412,0.201011229
recycle,7413,0.155316663
recycle,7414,0.152486766
recycle,7415,0.152483104
recycle,7416,0.152483103
recycle,7417,0.152483103
recycle,7418,0.152483103
recycle,7419,0.152483103
recycle,7420,0.152483103
recycle,7421,0.152483103
recycle,7422,0.152483103
recycle,7423,0.152483103
recycle,7424,0.152483103
recycle,7425,0.144851366
recycle,7426,0.148846049
recycle,7427,0.136377243
recycle,7428,0.075616390
recycle,7429,0.052062496
recycle,7430,0.055600141
recycle,7431,0.063077334
recycle,7432,0.067974038
recycle,7433,0.055907092
recycle,7434,0.118709779
recycle,7435,0.356715009
recycle,7436,0.738190915
recycle,7437,0.965353932
recycle,7438,0.984485503
recycle,7439,0.856694185
recycle,7450,0.000000000
recycle,7451,0.029637395
recycle,7452,0.137087534
recycle,7453,0.159825954
recycle,7454,0.238924257
recycle,7455,0.480529382
recycle,7456,0.773655774
recycle,7457,0.847516897
recycle,7458,0.835257083
recycle,7459,0.668172540
recycle,7460,0.308352278
recycle,7461,0.166072457
recycle,7462,0.152489856
recycle,7463,0.152483105
recycle,7464,0.152483103
recycle,7465,0.152483103
recycle,7466,0.152483103
recycle,7467,0.152483103
recycle,7468,0.152483103
recycle,7469,0.152483103
recycle,7470,0.152483103
recycle,7471,0.152483103
recycle,7472,0.152483103
recycle,7473,0.152483103
recycle,7474,0.145980980
recycle,7475,0.097760545
recycle,7476,0.057623405
recycle,7477,0.065637734
recycle,7478,0.058305393
recycle,7479,0.052725125
recycle,7480,0.066462585
recycle,7481,0.102045293
recycle,7482,0.077507536
recycle,7483,0.051181765
recycle,7484,0.268764473
recycle,7485,0.759119278
recycle,7486,0.984485508
recycle,7487,1.000000000
recycle,7498,0.000000000
recycle,7499,0.029637141
recycle,7500,0.137087469
recycle,7501,0.159819739
recycle,7502,0.238878862
recycle,7503,0.480496173
recycle,7504,0.773644434
recycle,7505,0.847516897
recycle,7506,0.835257727
recycle,7507,0.668177122
recycle,7508,0.308354982
recycle,7509,0.166073285
recycle,7510,0.152489856
recycle,7511,0.152483105
recycle,7512,0.152483103
recycle,7513,0.152483103
recycle,7514,0.152483103
recycle,7515,0.152483103
recycle,7516,0.152483103
recycle,7517,0.152483103
recycle,7518,0.152483103
recycle,7519,0.152483103
recycle,7520,0.152483103
recycle,7521,0.152483103
recycle,7522,0.145980572
recycle,7523,0.097759291
recycle,7524,0.057627274
recycle,7525,0.065638489
recycle,7526,0.058283370
recycle,7527,0.052714035
recycle,7528,0.066676098
recycle,7529,0.102555970
recycle,7530,0.077436513
recycle,7531,0.051076530
recycle,7532,0.268779027
recycle,7533,0.759120019
recycle,7534,0.984485508
recycle,7535,1.000000000
recycle,7546,0.014944523
recycle,7547,0.133570270
recycle,7548,0.258532311
recycle,7549,0.314670589
recycle,7550,0.485722771
recycle,7551,0.717176888
recycle,7552,0.836698181
recycle,7553,0.833140820
recycle,7554,0.676777629
recycle,7555,0.409824847
recycle,7556,0.201016280
recycle,7557,0.155316937
recycle,7558,0.152486766
recycle,7559,0.152483104
recycle,7560,0.152483103
recycle,7561,0.152483103
recycle,7562,0.152483103
recycle,7563,0.152483103
recycle,7564,0.152483103
recycle,7565,0.152483103
recycle,7566,0.152483103
recycle,7567,0.152483103
recycle,7568,0.152483103
recycle,7569,0.144853159
recycle,7570,0.148847892
recycle,7571,0.136376974
recycle,7572,0.075615269
recycle,7573,0.052056742
recycle,7574,0.055559080
recycle,7575,0.063032911
recycle,7576,0.068289081
recycle,7577,0.057049918
recycle,7578,0.119170622
recycle,7579,0.356744647
recycle,7580,0.738256089
recycle,7581,0.965364988
recycle,7582,0.984485503
recycle,7583,0.856694185
recycle,7593,0.015560237
recycle,7594,0.141758908
recycle,7595,0.361611008
recycle,7596,0.640470513
recycle,7597,0.733387306
recycle,7598,0.780350032
recycle,7599,0.838634365
recycle,7600,0.832020048
recycle,7601,0.657890350
recycle,7602,0.372125190
recycle,7603,0.194058208
recycle,7604,0.156723661
recycle,7605,0.152643610
recycle,7606,0.152483650
recycle,7607,0.152483103
recycle,7608,0.152483103
recycle,7609,0.152483103
recycle,7610,0.152483103
recycle,7611,0.152483103
recycle,7612,0.152483103
recycle,7613,0.152483103
recycle,7614,0.152483103
recycle,7615,0.152483103
recycle,7616,0.143622832
recycle,7617,0.097283004
recycle,7618,0.113546660
recycle,7619,0.145613179
recycle,7620,0.130675701
recycle,7621,0.061119364
recycle,7622,0.052879604
recycle,7623,0.056165469
recycle,7624,0.051370961
recycle,7625,0.194299011
recycle,7626,0.513190905
recycle,7627,0.821968369
recycle,7628,0.980904991
recycle,7629,0.984485503
recycle,7630,0.741577294
recycle,7631,0.304917544
recycle,7639,0.000000317
recycle,7640,0.031063486
recycle,7641,0.227584306
recycle,7642,0.605463210
recycle,7643,0.746291267
recycle,7644,0.832811191
recycle,7645,0.847516897
recycle,7646,0.838186208
recycle,7647,0.777619265
recycle,7648,0.641924945
recycle,7649,0.350295646
recycle,7650,0.174754686
recycle,7651,0.153722488
recycle,7652,0.152511249
recycle,7653,0.152485111
recycle,7654,0.152483117
recycle,7655,0.152483103
recycle,7656,0.152483103
recycle,7657,0.152483103
recycle,7658,0.152483103
recycle,7659,0.152483103
recycle,7660,0.152483103
recycle,7661,0.152483103
recycle,7662,0.152483103
recycle,7663,0.150093221
recycle,7664,0.132629071
recycle,7665,0.087444962
recycle,7666,0.070078192
recycle,7667,0.113449605
recycle,7668,0.146186072
recycle,7669,0.110808150
recycle,7670,0.055198968
recycle,7671,0.070157406
recycle,7672,0.320529179
recycle,7673,0.659702784
recycle,7674,0.912241137
recycle,7675,0.992928023
recycle,7676,0.971749182
recycle,7677,0.741577285
recycle,7678,0.258422715
recycle,7679,0.018305837
recycle,7686,0.001624604
recycle,7687,0.056014222
recycle,7688,0.319449045
recycle,7689,0.642820734
recycle,7690,0.833810906
recycle,7691,0.847517031
recycle,7692,0.847516901
recycle,7693,0.834582520
recycle,7694,0.702232089
recycle,7695,0.475068695
recycle,7696,0.294484051
recycle,7697,0.168101191
recycle,7698,0.152501473
recycle,7699,0.152483312
recycle,7700,0.152483127
recycle,7701,0.152483105
recycle,7702,0.152483103
recycle,7703,0.152483103
recycle,7704,0.152483103
recycle,7705,0.152483103
recycle,7706,0.152483103
recycle,7707,0.152483103
recycle,7708,0.152483103
recycle,7709,0.152483103
recycle,7710,0.151323548
recycle,7711,0.133958378
recycle,7712,0.109507263
recycle,7713,0.101138157
recycle,7714,0.071304890
recycle,7715,0.077844132
recycle,7716,0.141855701
recycle,7717,0.164935323
recycle,7718,0.252250008
recycle,7719,0.368303854
recycle,7720,0.688218718
recycle,7721,0.953460244
recycle,7722,0.990578424
recycle,7723,0.901321726
recycle,7724,0.657922987
recycle,7725,0.245686394
recycle,7726,0.015514497
recycle,7732,0.000000001
recycle,7733,0.023948340
recycle,7734,0.146437491
recycle,7735,0.377254859
recycle,7736,0.673136190
recycle,7737,0.881917774
recycle,7738,0.865222839
recycle,7739,0.849326041
recycle,7740,0.832263699
recycle,7741,0.667712526
recycle,7742,0.400406960
recycle,7743,0.219077664
recycle,7744,0.158667528
recycle,7745,0.152483208
recycle,7746,0.152483104
recycle,7747,0.152483103
recycle,7748,0.152483103
recycle,7749,0.152483103
recycle,7750,0.152483103
recycle,7751,0.152483103
recycle,7752,0.152483103
recycle,7753,0.152483103
recycle,7754,0.152483103
recycle,7755,0.152483103
recycle,7756,0.152483103
recycle,7757,0.152483103
recycle,7758,0.146305607
recycle,7759,0.112016937
recycle,7760,0.119825908
recycle,7761,0.134865170
recycle,7762,0.141274626
recycle,7763,0.143843215
recycle,7764,0.179581741
recycle,7765,0.350835436
recycle,7766,0.640036965
recycle,7767,0.779858792
recycle,7768,0.954701990
recycle,7769,0.981420132
recycle,7770,0.801520904
recycle,7771,0.470903153
recycle,7772,0.175258938
recycle,7773,0.015514497
recycle,7779,0.003939630
recycle,7780,0.062424619
recycle,7781,0.286534704
recycle,7782,0.645696120
recycle,7783,0.862350138
recycle,7784,0.902363420
recycle,7785,0.897603446
recycle,7786,0.855863570
recycle,7787,0.832025437
recycle,7788,0.652711531
recycle,7789,0.356001259
recycle,7790,0.184557963
recycle,7791,0.155063239
recycle,7792,0.152483106
recycle,7793,0.152483103
recycle,7794,0.152483103
recycle,7795,0.152483103
recycle,7796,0.152483103
recycle,7797,0.152483103
recycle,7798,0.152483103
recycle,7799,0.152483103
recycle,7800,0.152483103
recycle,7801,0.152483103
recycle,7802,0.152483103
recycle,7803,0.152483103
recycle,7804,0.152483103
recycle,7805,0.152483103
recycle,7806,0.152483103
recycle,7807,0.146305607
recycle,7808,0.149181579
recycle,7809,0.151349501
recycle,7810,0.170996639
recycle,7811,0.270521382
recycle,7812,0.399383583
recycle,7813,0.671783336
recycle,7814,0.881419655
recycle,7815,0.972338067
recycle,7816,0.965901344
recycle,7817,0.732603417
recycle,7818,0.313346654
recycle,7819,0.075458116
recycle,7820,0.006092921
recycle,7825,0.006558866
recycle,7826,0.069261543
recycle,7827,0.182003814
recycle,7828,0.423778523
recycle,7829,0.733297089
recycle,7830,0.959501845
recycle,7831,1.000000000
recycle,7832,0.959780528
recycle,7833,0.859388296
recycle,7834,0.772822128
recycle,7835,0.641030473
recycle,7836,0.349220153
recycle,7837,0.169556968
recycle,7838,0.152744358
recycle,7839,0.152485448
recycle,7840,0.152495840
recycle,7841,0.152488442
recycle,7842,0.152483955
recycle,7843,0.152483340
recycle,7844,0.152483175
recycle,7845,0.152483116
recycle,7846,0.152483105
recycle,7847,0.152483104
recycle,7848,0.152483103
recycle,7849,0.152483103
recycle,7850,0.152483103
recycle,7851,0.152483103
recycle,7852,0.152483104
recycle,7853,0.152483190
recycle,7854,0.152505409
recycle,7855,0.159269643
recycle,7856,0.206832876
recycle,7857,0.268081095
recycle,7858,0.374824611
recycle,7859,0.647169283
recycle,7860,0.776135335
recycle,7861,0.899629496
recycle,7862,0.950527654
recycle,7863,0.863129701
recycle,7864,0.635655310
recycle,7865,0.239846498
recycle,7866,0.024432085
recycle,7867,0.000004318
recycle,7872,0.161611652
recycle,7873,0.206230138
recycle,7874,0.479073142
recycle,7875,0.783749453
recycle,7876,0.901507673
recycle,7877,0.978955960
recycle,7878,1.000000000
recycle,7879,0.985432457
recycle,7880,0.899579639
recycle,7881,0.804781502
recycle,7882,0.594977633
recycle,7883,0.426613278
recycle,7884,0.305003268
recycle,7885,0.289458094
recycle,7886,0.289452033
recycle,7887,0.289464647
recycle,7888,0.277321046
recycle,7889,0.273959542
recycle,7890,0.261316591
recycle,7891,0.190445504
recycle,7892,0.188980730
recycle,7893,0.163756533
recycle,7894,0.154708361
recycle,7895,0.154673144
recycle,7896,0.162936304
recycle,7897,0.188463343
recycle,7898,0.189588026
recycle,7899,0.189631695
recycle,7900,0.203662501
recycle,7901,0.263742876
recycle,7902,0.274065917
recycle,7903,0.316201601
recycle,7904,0.494311999
recycle,7905,0.691945358
recycle,7906,0.774906587
recycle,7907,0.901591138
recycle,7908,0.954789843
recycle,7909,0.894523804
recycle,7910,0.678226693
recycle,7911,0.352664428
recycle,7912,0.137066913
recycle,7913,0.015515119
recycle,7920,0.838388348
recycle,7921,0.854075763
recycle,7922,0.916778429
recycle,7923,0.991044369
recycle,7924,1.000000000
recycle,7925,1.000000000
recycle,7926,1.000000000
recycle,7927,1.000000000
recycle,7928,0.985432457
recycle,7929,0.974326750
recycle,7930,0.909761455
recycle,7931,0.868387150
recycle,7932,0.863031397
recycle,7933,0.863031400
recycle,7934,0.863031460
recycle,7935,0.850863182
recycle,7936,0.776594719
recycle,7937,0.744928253
recycle,7938,0.667995561
recycle,7939,0.463070947
recycle,7940,0.409777137
recycle,7941,0.339653180
recycle,7942,0.299340578
recycle,7943,0.298993308
recycle,7944,0.336139174
recycle,7945,0.413045434
recycle,7946,0.428720876
recycle,7947,0.429153861
recycle,7948,0.499955382
recycle,7949,0.682157598
recycle,7950,0.744669238
recycle,7951,0.779633971
recycle,7952,0.892507582
recycle,7953,0.973498008
recycle,7954,0.954987922
recycle,7955,0.857982946
recycle,7956,0.711258995
recycle,7957,0.465479823
recycle,7958,0.178100290
recycle,7959,0.031127277
recycle,7960,0.000016862
recycle,7968,1.000000000
recycle,7969,1.000000000
recycle,7970,1.000000000
recycle,7971,1.000000000
recycle,7972,1.000000000
recycle,7973,1.000000000
recycle,7974,1.000000000
recycle,7975,1.000000000
recycle,7976,1.000000000
recycle,7977,1.000000000
recycle,7978,1.000000000
recycle,7979,1.000000000
recycle,7980,1.000000000
recycle,7981,1.000000000
recycle,7982,1.000000000
recycle,7983,1.000000000
recycle,7984,0.987829443
recycle,7985,0.984485793
recycle,7986,0.971860679
recycle,7987,0.900992935
recycle,7988,0.899528715
recycle,7989,0.874304767
recycle,7990,0.865256642
recycle,7991,0.865221432
recycle,7992,0.873484593
recycle,7993,0.899011633
recycle,7994,0.900136316
recycle,7995,0.900084359
recycle,7996,0.913653438
recycle,7997,0.974195039
recycle,7998,0.984485601
recycle,7999,0.967706757
recycle,8000,0.899364591
recycle,8001,0.840078988
recycle,8002,0.651538270
recycle,8003,0.349867481
recycle,8004,0.147608469
recycle,8005,0.068622049
recycle,8006,0.006449951
recycle,8016,1.000000000
recycle,8017,1.000000000
recycle,8018,1.000000000
recycle,8019,1.000000000
recycle,8020,1.000000000
recycle,8021,1.000000000
recycle,8022,1.000000000
recycle,8023,1.000000000
recycle,8024,1.000000000
recycle,8025,1.000000000
recycle,8026,1.000000000
recycle,8027,1.000000000
recycle,8028,1.000000000
recycle,8029,1.000000000
recycle,8030,1.000000000
recycle,8031,1.000000000
recycle,8032,1.000000000
recycle,8033,1.000000000
recycle,8034,1.000000000
recycle,8035,1.000000000
recycle,8036,1.000000000
recycle,8037,1.000000000
recycle,8038,1.000000000
recycle,8039,1.000000000
recycle,8040,1.000000000
recycle,8041,1.000000000
recycle,8042,1.000000000
recycle,8043,1.000000000
recycle,8044,0.999887169
recycle,8045,1.000000000
recycle,8046,0.990240785
recycle,8047,0.845199451
recycle,8048,0.506272782
recycle,8049,0.253708645
recycle,8050,0.148257523
recycle,8051,0.037009379
recycle,8052,0.000068240
recycle,8064,1.000000000
recycle,8065,1.000000000
recycle,8066,1.000000000
recycle,8067,1.000000000
recycle,8068,1.000000000
recycle,8069,1.000000000
recycle,8070,1.000000000
recycle,8071,1.000000000
recycle,8072,1.000000000
recycle,8073,1.000000000
recycle,8074,1.000000000
recycle,8075,1.000000000
recycle,8076,1.000000000
recycle,8077,1.000000000
recycle,8078,1.000000000
recycle,8079,1.000000000
recycle,8080,1.000000000
recycle,8081,1.000000000
recycle,8082,1.000000000
recycle,8083,1.000000000
recycle,8084,1.000000000
recycle,8085,1.000000000
recycle,8086,1.000000000
recycle,8087,1.000000000
recycle,8088,1.000000000
recycle,8089,1.000000000
recycle,8090,1.000000000
recycle,8091,1.000000000
recycle,8092,1.000000000
recycle,8093,1.000000000
recycle,8094,1.000000000
recycle,8095,0.983706302
recycle,8096,0.789812160
recycle,8097,0.427189679
recycle,8098,0.226639042
recycle,8099,0.149176950
recycle,8100,0.021834550
recycle,8101,0.000000001
recycle,8112,1.000000000
recycle,8113,1.000000000
recycle,8114,1.000000000
recycle,8115,1.000000000
recycle,8116,1.000000000
recycle,8117,1.000000000
recycle,8118,1.000000000
recycle,8119,1.000000000
recycle,8120,1.000000000
recycle,8121,1.000000000
recycle,8122,1.000000000
recycle,8123,1.000000000
recycle,8124,1.000000000
recycle,8125,1.000000000
recycle,8126,1.000000000
recycle,8127,1.000000000
recycle,8128,1.000000000
recycle,8129,1.000000000
recycle,8130,1.000000000
recycle,8131,0.985108757
recycle,8132,0.988311183
recycle,8133,0.982804440
recycle,8134,0.981914759
recycle,8135,0.981924898
recycle,8136,0.982713415
recycle,8137,0.987858546
recycle,8138,0.987205603
recycle,8139,0.987192837
recycle,8140,0.987971777
recycle,8141,1.000000000
recycle,8142,1.000000000
recycle,8143,1.000000000
recycle,8144,0.972906376
recycle,8145,0.885094053
recycle,8146,0.825023386
recycle,8147,0.607091772
recycle,8148,0.268374061
recycle,8149,0.132609685
recycle,8150,0.018305842
recycle,8151,0.000000003
recycle,8160,0.829069874
recycle,8161,0.856694174
recycle,8162,0.971123673
recycle,8163,1.000000000
recycle,8164,1.000000000
recycle,8165,1.000000000
recycle,8166,1.000000000
recycle,8167,1.000000000
recycle,8168,1.000000000
recycle,8169,1.000000000
recycle,8170,0.987995255
recycle,8171,0.981694176
recycle,8172,0.981694174
recycle,8173,0.981694174
recycle,8174,0.981694178
recycle,8175,0.981694226
recycle,8176,0.981696640
recycle,8177,0.981694824
recycle,8178,0.966802985
recycle,8179,0.883212869
recycle,8180,0.881479961
recycle,8181,0.851697048
recycle,8182,0.841015003
recycle,8183,0.840972933
recycle,8184,0.850724014
recycle,8185,0.880847611
recycle,8186,0.882174348
recycle,8187,0.882225939
recycle,8188,0.898781389
recycle,8189,0.969665951
recycle,8190,0.981694274
recycle,8191,0.981719911
recycle,8192,0.989552329
recycle,8193,1.000000000
recycle,8194,1.000000000
recycle,8195,0.963456565
recycle,8196,0.845998030
recycle,8197,0.651046635
recycle,8198,0.275915550
recycle,8199,0.125019918
recycle,8200,0.018305826
recycle,8208,0.170930126
recycle,8209,0.276041151
recycle,8210,0.651778966
recycle,8211,0.846123747
recycle,8212,0.968035199
recycle,8213,1.000000000
recycle,8214,1.000000000
recycle,8215,1.000000000
recycle,8216,1.000000000
recycle,8217,0.987995255
recycle,8218,0.911725394
recycle,8219,0.862995270
recycle,8220,0.838395847
recycle,8221,0.838388355
recycle,8222,0.838388425
recycle,8223,0.838391123
recycle,8224,0.838403424
recycle,8225,0.838394659
recycle,8226,0.838389354
recycle,8227,0.823497384
recycle,8228,0.826699615
recycle,8229,0.821192803
recycle,8230,0.820303109
recycle,8231,0.820313247
recycle,8232,0.821101763
recycle,8233,0.826246894
recycle,8234,0.825593951
recycle,8235,0.825581185
recycle,8236,0.826360125
recycle,8237,0.838388450
recycle,8238,0.838414670
recycle,8239,0.846396610
recycle,8240,0.902520596
recycle,8241,0.971246503
recycle,8242,0.982301327
recycle,8243,1.000000000
recycle,8244,1.000000000
recycle,8245,0.970998027
recycle,8246,0.838408266
recycle,8247,0.606810176
recycle,8248,0.250020636
recycle,8249,0.018310104
recycle,8250,0.000000734
recycle,8257,0.018305826
recycle,8258,0.132735400
recycle,8259,0.272952888
recycle,8260,0.643726733
recycle,8261,0.901020616
recycle,8262,0.991642901
recycle,8263,1.000000000
recycle,8264,1.000000000
recycle,8265,1.000000000
recycle,8266,0.987995255
recycle,8267,0.963395846
recycle,8268,0.856737863
recycle,8269,0.820398017
recycle,8270,0.820082526
recycle,8271,0.820082574
recycle,8272,0.820084988
recycle,8273,0.820083172
recycle,8274,0.820082576
recycle,8275,0.820082559
recycle,8276,0.820082529
recycle,8277,0.820082523
recycle,8278,0.820082522
recycle,8279,0.820082522
recycle,8280,0.820082522
recycle,8281,0.820082522
recycle,8282,0.820082522
recycle,8283,0.820082522
recycle,8284,0.820082522
recycle,8285,0.820082522
recycle,8286,0.820082622
recycle,8287,0.820108259
recycle,8288,0.827940677
recycle,8289,0.838995502
recycle,8290,0.860232920
recycle,8291,0.963995500
recycle,8292,0.984038554
recycle,8293,1.000000000
recycle,8294,1.000000000
recycle,8295,0.963408250
recycle,8296,0.731698452
recycle,8297,0.278813942
recycle,8298,0.079486186
recycle,8299,0.010495282
recycle,8306,0.000000013
recycle,8307,0.018305901
recycle,8308,0.187632281
recycle,8309,0.460567945
recycle,8310,0.789679605
recycle,8311,0.965304176
recycle,8312,1.000000000
recycle,8313,1.000000000
recycle,8314,1.000000000
recycle,8315,1.000000000
recycle,8316,0.963703842
recycle,8317,0.858489324
recycle,8318,0.823433253
recycle,8319,0.820082525
recycle,8320,0.820082521
recycle,8321,0.820082521
recycle,8322,0.820082521
recycle,8323,0.820082521
recycle,8324,0.820082521
recycle,8325,0.820082521
recycle,8326,0.820082521
recycle,8327,0.820082521
recycle,8328,0.820082521
recycle,8329,0.820082521
recycle,8330,0.820082521
recycle,8331,0.820082521
recycle,8332,0.820082521
recycle,8333,0.820082521
recycle,8334,0.812793908
recycle,8335,0.773707070
recycle,8336,0.788153098
recycle,8337,0.804862654
recycle,8338,0.818746514
recycle,8339,0.840732728
recycle,8340,0.870358222
recycle,8341,0.965732733
recycle,8342,1.000000000
recycle,8343,1.000000000
recycle,8344,0.981694908
recycle,8345,0.792874534
recycle,8346,0.470155045
recycle,8347,0.193358035
recycle,8348,0.018305826
recycle,8356,0.009948727
recycle,8357,0.076291258
recycle,8358,0.261864559
recycle,8359,0.636166267
recycle,8360,0.946998724
recycle,8361,1.000000000
recycle,8362,1.000000000
recycle,8363,1.000000000
recycle,8364,1.000000000
recycle,8365,0.966739078
recycle,8366,0.874428514
recycle,8367,0.830418699
recycle,8368,0.820082646
recycle,8369,0.820082522
recycle,8370,0.820082522
recycle,8371,0.820082521
recycle,8372,0.820082521
recycle,8373,0.820082521
recycle,8374,0.820082521
recycle,8375,0.820082521
recycle,8376,0.820082521
recycle,8377,0.820082521
recycle,8378,0.820082521
recycle,8379,0.820082521
recycle,8380,0.820082521
recycle,8381,0.820082521
recycle,8382,0.776230782
recycle,8383,0.655357754
recycle,8384,0.652814369
recycle,8385,0.713141271
recycle,8386,0.724925889
recycle,8387,0.735733113
recycle,8388,0.809889933
recycle,8389,0.856694207
recycle,8390,0.963388354
recycle,8391,0.982910299
recycle,8392,1.000000000
recycle,8393,0.992189456
recycle,8394,0.906746383
recycle,8395,0.659048947
recycle,8396,0.257181953
recycle,8397,0.018305826
recycle,8405,0.000000000
recycle,8406,0.018305827
recycle,8407,0.233610376
recycle,8408,0.606734857
recycle,8409,0.838613145
recycle,8410,0.981732679
recycle,8411,1.000000000
recycle,8412,1.000000000
recycle,8413,1.000000000
recycle,8414,0.973724508
recycle,8415,0.899203518
recycle,8416,0.845682487
recycle,8417,0.820103461
recycle,8418,0.820082665
recycle,8419,0.820082539
recycle,8420,0.820082523
recycle,8421,0.820082522
recycle,8422,0.820082521
recycle,8423,0.820082521
recycle,8424,0.820082521
recycle,8425,0.820082521
recycle,8426,0.820082521
recycle,8427,0.820082521
recycle,8428,0.820082521
recycle,8429,0.820082521
recycle,8430,0.804805524
recycle,8431,0.709847824
recycle,8432,0.615605342
recycle,8433,0.541320456
recycle,8434,0.433805677
recycle,8435,0.501620375
recycle,8436,0.739705083
recycle,8437,0.784690182
recycle,8438,0.735283179
recycle,8439,0.750891835
recycle,8440,0.947705759
recycle,8441,1.000000000
recycle,8442,1.000000000
recycle,8443,0.970570301
recycle,8444,0.731694174
recycle,8445,0.268305826
recycle,8446,0.018305826
recycle,8455,0.018305826
recycle,8456,0.125224797
recycle,8457,0.287300368
recycle,8458,0.732008627
recycle,8459,0.964358726
recycle,8460,1.000000000
recycle,8461,1.000000000
recycle,8462,1.000000000
recycle,8463,0.988987603
recycle,8464,0.963409285
recycle,8465,0.856815640
recycle,8466,0.821446915
recycle,8467,0.820102617
recycle,8468,0.820084815
recycle,8469,0.820082539
recycle,8470,0.820082522
recycle,8471,0.820082521
recycle,8472,0.820082521
recycle,8473,0.820082521
recycle,8474,0.820082521
recycle,8475,0.820082521
recycle,8476,0.820082521
recycle,8477,0.820082521
recycle,8478,0.818711931
recycle,8479,0.797024509
recycle,8480,0.691492911
recycle,8481,0.488598383
recycle,8482,0.423104010
recycle,8483,0.597020745
recycle,8484,0.750582229
recycle,8485,0.581432615
recycle,8486,0.357567413
recycle,8487,0.355413839
recycle,8488,0.625831724
recycle,8489,0.839206377
recycle,8490,0.973373209
recycle,8491,1.000000000
recycle,8492,0.981694174
recycle,8493,0.731694174
recycle,8494,0.268305837
recycle,8495,0.021834621
recycle,8504,0.000038505
recycle,8505,0.018620279
recycle,8506,0.267927373
recycle,8507,0.727779792
recycle,8508,0.962701307
recycle,8509,0.981834452
recycle,8510,0.989526226
recycle,8511,1.000000000
recycle,8512,1.000000000
recycle,8513,0.964751893
recycle,8514,0.864540168
recycle,8515,0.825383486
recycle,8516,0.820288257
recycle,8517,0.820085430
recycle,8518,0.820082538
recycle,8519,0.820082522
recycle,8520,0.820082521
recycle,8521,0.820082521
recycle,8522,0.820082521
recycle,8523,0.820082521
recycle,8524,0.820082521
recycle,8525,0.820082521
recycle,8526,0.820082521
recycle,8527,0.818628554
recycle,8528,0.750752640
recycle,8529,0.575431865
recycle,8530,0.610901012
recycle,8531,0.749576064
recycle,8532,0.652410300
recycle,8533,0.380946529
recycle,8534,0.283177458
recycle,8535,0.276149743
recycle,8536,0.236905201
recycle,8537,0.293460347
recycle,8538,0.683666197
recycle,8539,0.955028762
recycle,8540,1.000000000
recycle,8541,0.981694174
recycle,8542,0.731694239
recycle,8543,0.320025944
recycle,8553,0.000015447
recycle,8554,0.115519870
recycle,8555,0.542342427
recycle,8556,0.810652686
recycle,8557,0.847038006
recycle,8558,0.902485088
recycle,8559,0.976763805
recycle,8560,1.000000000
recycle,8561,1.000000000
recycle,8562,0.968571334
recycle,8563,0.879269346
recycle,8564,0.827250632
recycle,8565,0.820259502
recycle,8566,0.820083075
recycle,8567,0.820082522
recycle,8568,0.820082521
recycle,8569,0.820082521
recycle,8570,0.820082521
recycle,8571,0.820082521
recycle,8572,0.820082521
recycle,8573,0.820082521
recycle,8574,0.820082521
recycle,8575,0.820082521
recycle,8576,0.811077702
recycle,8577,0.763307164
recycle,8578,0.778393484
recycle,8579,0.692738541
recycle,8580,0.447117430
recycle,8581,0.297914126
recycle,8582,0.298940475
recycle,8583,0.309784280
recycle,8584,0.233076544
recycle,8585,0.119111692
recycle,8586,0.255972485
recycle,8587,0.610059451
recycle,8588,0.852403443
recycle,8589,0.984079131
recycle,8590,0.981694185
recycle,8591,0.850904494
recycle,8602,0.016663846
recycle,8603,0.240429840
recycle,8604,0.693440550
recycle,8605,0.820224894
recycle,8606,0.833472275
recycle,8607,0.894546237
recycle,8608,0.987237579
recycle,8609,1.000000000
recycle,8610,1.000000000
recycle,8611,0.969547285
recycle,8612,0.854395233
recycle,8613,0.822409163
recycle,8614,0.820083608
recycle,8615,0.820082522
recycle,8616,0.820082521
recycle,8617,0.820082521
recycle,8618,0.820082521
recycle,8619,0.820082521
recycle,8620,0.820082521
recycle,8621,0.820082521
recycle,8622,0.820082521
recycle,8623,0.820082521
recycle,8624,0.820082521
recycle,8625,0.820082521
recycle,8626,0.767694562
recycle,8627,0.546715682
recycle,8628,0.338735721
recycle,8629,0.337103772
recycle,8630,0.311942249
recycle,8631,0.268679738
recycle,8632,0.240633098
recycle,8633,0.190455346
recycle,8634,0.086326919
recycle,8635,0.148313011
recycle,8636,0.361101074
recycle,8637,0.872981624
recycle,8638,1.000000000
recycle,8639,1.000000000
recycle,8650,0.016663546
recycle,8651,0.240428092
recycle,8652,0.693440250
recycle,8653,0.820224816
recycle,8654,0.833462623
recycle,8655,0.894532857
recycle,8656,0.987234808
recycle,8657,1.000000000
recycle,8658,1.000000000
recycle,8659,0.969548243
recycle,8660,0.854396210
recycle,8661,0.822409361
recycle,8662,0.820083608
recycle,8663,0.820082522
recycle,8664,0.820082521
recycle,8665,0.820082521
recycle,8666,0.820082521
recycle,8667,0.820082521
recycle,8668,0.820082521
recycle,8669,0.820082521
recycle,8670,0.820082521
recycle,8671,0.820082521
recycle,8672,0.820082521
recycle,8673,0.820082521
recycle,8674,0.767692236
recycle,8675,0.546714319
recycle,8676,0.338748142
recycle,8677,0.337094252
recycle,8678,0.311847796
recycle,8679,0.268552688
recycle,8680,0.240468267
recycle,8681,0.190455879
recycle,8682,0.086166258
recycle,8683,0.148293427
recycle,8684,0.361111617
recycle,8685,0.872985853
recycle,8686,1.000000000
recycle,8687,1.000000000
recycle,8697,0.000015451
recycle,8698,0.115518147
recycle,8699,0.542336562
recycle,8700,0.810650860
recycle,8701,0.847030674
recycle,8702,0.902444909
recycle,8703,0.976754154
recycle,8704,1.000000000
recycle,8705,1.000000000
recycle,8706,0.968572606
recycle,8707,0.879273801
recycle,8708,0.827251714
recycle,8709,0.820259523
recycle,8710,0.820083075
recycle,8711,0.820082522
recycle,8712,0.820082521
recycle,8713,0.820082521
recycle,8714,0.820082521
recycle,8715,0.820082521
recycle,8716,0.820082521
recycle,8717,0.820082521
recycle,8718,0.820082521
recycle,8719,0.820082521
recycle,8720,0.811079817
recycle,8721,0.763321665
recycle,8722,0.778407792
recycle,8723,0.692736502
recycle,8724,0.447103884
recycle,8725,0.297859454
recycle,8726,0.298731700
recycle,8727,0.309433269
recycle,8728,0.232660867
recycle,8729,0.119219740
recycle,8730,0.256016740
recycle,8731,0.610061073
recycle,8732,0.852408631
recycle,8733,0.984080007
recycle,8734,0.981694185
recycle,8735,0.850904494
recycle,8744,0.000038518
recycle,8745,0.018620382
recycle,8746,0.267926537
recycle,8747,0.727774426
recycle,8748,0.962700382
recycle,8749,0.981834374
recycle,8750,0.989519345
recycle,8751,1.000000000
recycle,8752,1.000000000
recycle,8753,0.964752413
recycle,8754,0.864543156
recycle,8755,0.825384782
recycle,8756,0.820288285
recycle,8757,0.820085431
recycle,8758,0.820082538
recycle,8759,0.820082522
recycle,8760,0.820082521
recycle,8761,0.820082521
recycle,8762,0.820082521
recycle,8763,0.820082521
recycle,8764,0.820082521
recycle,8765,0.820082521
recycle,8766,0.820082521
recycle,8767,0.818630837
recycle,8768,0.750779174
recycle,8769,0.575488885
recycle,8770,0.610950832
recycle,8771,0.749566654
recycle,8772,0.652326377
recycle,8773,0.380770682
recycle,8774,0.282978525
recycle,8775,0.276046494
recycle,8776,0.236759756
recycle,8777,0.293511725
recycle,8778,0.683936055
recycle,8779,0.955076436
recycle,8780,1.000000000
recycle,8781,0.981694174
recycle,8782,0.731694239
recycle,8783,0.320025944
recycle,8791,0.018305826
recycle,8792,0.125224874
recycle,8793,0.287300604
recycle,8794,0.732008729
recycle,8795,0.964358105
recycle,8796,1.000000000
recycle,8797,1.000000000
recycle,8798,1.000000000
recycle,8799,0.988990558
recycle,8800,0.963409293
recycle,8801,0.856815686
recycle,8802,0.821447435
recycle,8803,0.820102622
recycle,8804,0.820084815
recycle,8805,0.820082539
recycle,8806,0.820082522
recycle,8807,0.820082521
recycle,8808,0.820082521
recycle,8809,0.820082521
recycle,8810,0.820082521
recycle,8811,0.820082521
recycle,8812,0.820082521
recycle,8813,0.820082521
recycle,8814,0.818714342
recycle,8815,0.797052776
recycle,8816,0.691547934
recycle,8817,0.488640529
recycle,8818,0.423105082
recycle,8819,0.596992358
recycle,8820,0.750506477
recycle,8821,0.581249314
recycle,8822,0.357456232
recycle,8823,0.355436230
recycle,8824,0.625843798
recycle,8825,0.839203815
recycle,8826,0.973420404
recycle,8827,1.000000000
recycle,8828,0.981694174
recycle,8829,0.731694174
recycle,8830,0.268305837
recycle,8831,0.021834621
recycle,8837,0.000000000
recycle,8838,0.018305827
recycle,8839,0.233611446
recycle,8840,0.606734872
recycle,8841,0.838613222
recycle,8842,0.981732692
recycle,8843,1.000000000
recycle,8844,1.000000000
recycle,8845,1.000000000
recycle,8846,0.973729060
recycle,8847,0.899220740
recycle,8848,0.845685442
recycle,8849,0.820103469
recycle,8850,0.820082665
recycle,8851,0.820082539
recycle,8852,0.820082523
recycle,8853,0.820082522
recycle,8854,0.820082521
recycle,8855,0.820082521
recycle,8856,0.820082521
recycle,8857,0.820082521
recycle,8858,0.820082521
recycle,8859,0.820082521
recycle,8860,0.820082521
recycle,8861,0.820082521
recycle,8862,0.804819254
recycle,8863,0.709894428
recycle,8864,0.615640825
recycle,8865,0.541313586
recycle,8866,0.433757725
recycle,8867,0.501562698
recycle,8868,0.739681799
recycle,8869,0.784640848
recycle,8870,0.735269238
recycle,8871,0.750911594
recycle,8872,0.947709445
recycle,8873,1.000000000
recycle,8874,1.000000000
recycle,8875,0.970577491
recycle,8876,0.731694174
recycle,8877,0.268305826
recycle,8878,0.018305826
recycle,8884,0.009951234
recycle,8885,0.076305871
recycle,8886,0.261868136
recycle,8887,0.636172502
recycle,8888,0.946999794
recycle,8889,1.000000000
recycle,8890,1.000000000
recycle,8891,1.000000000
recycle,8892,1.000000000
recycle,8893,0.966740857
recycle,8894,0.874437822
recycle,8895,0.830423251
recycle,8896,0.820082646
recycle,8897,0.820082522
recycle,8898,0.820082522
recycle,8899,0.820082521
recycle,8900,0.820082521
recycle,8901,0.820082521
recycle,8902,0.820082521
recycle,8903,0.820082521
recycle,8904,0.820082521
recycle,8905,0.820082521
recycle,8906,0.820082521
recycle,8907,0.820082521
recycle,8908,0.820082521
recycle,8909,0.820082521
recycle,8910,0.776231311
recycle,8911,0.655359926
recycle,8912,0.652789903
recycle,8913,0.713106878
recycle,8914,0.724903957
recycle,8915,0.735716780
recycle,8916,0.809888172
recycle,8917,0.856694207
recycle,8918,0.963388354
recycle,8919,0.982912084
recycle,8920,1.000000000
recycle,8921,0.992185765
recycle,8922,0.906732058
recycle,8923,0.659087163
recycle,8924,0.257189143
recycle,8925,0.018305826
recycle,8930,0.000000013
recycle,8931,0.018305901
recycle,8932,0.187648481
recycle,8933,0.460611785
recycle,8934,0.789694218
recycle,8935,0.965305246
recycle,8936,1.000000000
recycle,8937,1.000000000
recycle,8938,1.000000000
recycle,8939,1.000000000
recycle,8940,0.963704028
recycle,8941,0.858490383
recycle,8942,0.823435032
recycle,8943,0.820082525
recycle,8944,0.820082521
recycle,8945,0.820082521
recycle,8946,0.820082521
recycle,8947,0.820082521
recycle,8948,0.820082521
recycle,8949,0.820082521
recycle,8950,0.820082521
recycle,8951,0.820082521
recycle,8952,0.820082521
recycle,8953,0.820082521
recycle,8954,0.820082521
recycle,8955,0.820082521
recycle,8956,0.820082521
recycle,8957,0.820082521
recycle,8958,0.812793586
recycle,8959,0.773703964
recycle,8960,0.788144106
recycle,8961,0.804852513
recycle,8962,0.818744962
recycle,8963,0.840733457
recycle,8964,0.870362471
recycle,8965,0.965733462
recycle,8966,1.000000000
recycle,8967,1.000000000
recycle,8968,0.981694908
recycle,8969,0.792853018
recycle,8970,0.470090498
recycle,8971,0.193343711
recycle,8972,0.018305826
recycle,8977,0.018305826
recycle,8978,0.132738995
recycle,8979,0.272954475
recycle,8980,0.643738490
recycle,8981,0.901036816
recycle,8982,0.991645408
recycle,8983,1.000000000
recycle,8984,1.000000000
recycle,8985,1.000000000
recycle,8986,0.988013509
recycle,8987,0.963395849
recycle,8988,0.856737883
recycle,8989,0.820398202
recycle,8990,0.820082526
recycle,8991,0.820082574
recycle,8992,0.820084980
recycle,8993,0.820083171
recycle,8994,0.820082576
recycle,8995,0.820082559
recycle,8996,0.820082529
recycle,8997,0.820082523
recycle,8998,0.820082522
recycle,8999,0.820082522
recycle,9000,0.820082522
recycle,9001,0.820082522
recycle,9002,0.820082522
recycle,9003,0.820082522
recycle,9004,0.820082522
recycle,9005,0.820082522
recycle,9006,0.820082622
recycle,9007,0.820108255
recycle,9008,0.827939991
recycle,9009,0.838995480
recycle,9010,0.860232792
recycle,9011,0.963995478
recycle,9012,0.984039283
recycle,9013,1.000000000
recycle,9014,1.000000000
recycle,9015,0.963408244
recycle,9016,0.731698450
recycle,9017,0.278810247
recycle,9018,0.079464670
recycle,9019,0.010491591
recycle,9024,0.170930126
recycle,9025,0.276044747
recycle,9026,0.651799920
recycle,9027,0.846127343
recycle,9028,0.968036786
recycle,9029,1.000000000
recycle,9030,1.000000000
recycle,9031,1.000000000
recycle,9032,1.000000000
recycle,9033,0.988013509
recycle,9034,0.911831790
recycle,9035,0.863013525
recycle,9036,0.838395851
recycle,9037,0.838388355
recycle,9038,0.838388425
recycle,9039,0.838391115
recycle,9040,0.838403376
recycle,9041,0.838394647
recycle,9042,0.838389353
recycle,9043,0.823492377
recycle,9044,0.826695801
recycle,9045,0.821192261
recycle,9046,0.820303031
recycle,9047,0.820313197
recycle,9048,0.821101610
recycle,9049,0.826246079
recycle,9050,0.825593302
recycle,9051,0.825580529
recycle,9052,0.826359281
recycle,9053,0.838388450
recycle,9054,0.838414667
recycle,9055,0.846395905
recycle,9056,0.902516592
recycle,9057,0.971245817
recycle,9058,0.982301305
recycle,9059,1.000000000
recycle,9060,1.000000000
recycle,9061,0.970998757
recycle,9062,0.838408260
recycle,9063,0.606810140
recycle,9064,0.250020630
recycle,9065,0.018310103
recycle,9066,0.000000734
recycle,9072,0.829069874
recycle,9073,0.856694174
recycle,9074,0.971127268
recycle,9075,1.000000000
recycle,9076,1.000000000
recycle,9077,1.000000000
recycle,9078,1.000000000
recycle,9079,1.000000000
recycle,9080,1.000000000
recycle,9081,1.000000000
recycle,9082,0.988013509
recycle,9083,0.981694176
recycle,9084,0.981694174
recycle,9085,0.981694174
recycle,9086,0.981694178
recycle,9087,0.981694226
recycle,9088,0.981696632
recycle,9089,0.981694824
recycle,9090,0.966797978
recycle,9091,0.883179871
recycle,9092,0.881452182
recycle,9093,0.851689998
recycle,9094,0.841013957
recycle,9095,0.840972412
recycle,9096,0.850722260
recycle,9097,0.880842061
recycle,9098,0.882169094
recycle,9099,0.882220619
recycle,9100,0.898775810
recycle,9101,0.969665106
recycle,9102,0.981694274
recycle,9103,0.981719908
recycle,9104,0.989551643
recycle,9105,1.000000000
recycle,9106,1.000000000
recycle,9107,0.963456588
recycle,9108,0.845998761
recycle,9109,0.651050892
recycle,9110,0.275916280
recycle,9111,0.125019912
recycle,9112,0.018305826
recycle,9120,1.000000000
recycle,9121,1.000000000
recycle,9122,1.000000000
recycle,9123,1.000000000
recycle,9124,1.000000000
recycle,9125,1.000000000
recycle,9126,1.000000000
recycle,9127,1.000000000
recycle,9128,1.000000000
recycle,9129,1.000000000
recycle,9130,1.000000000
recycle,9131,1.000000000
recycle,9132,1.000000000
recycle,9133,1.000000000
recycle,9134,1.000000000
recycle,9135,1.000000000
recycle,9136,1.000000000
recycle,9137,1.000000000
recycle,9138,1.000000000
recycle,9139,0.985103750
recycle,9140,0.988307369
recycle,9141,0.982803898
recycle,9142,0.981914681
recycle,9143,0.981924848
recycle,9144,0.982713262
recycle,9145,0.987857731
recycle,9146,0.987204954
recycle,9147,0.987192181
recycle,9148,0.987970932
recycle,9149,1.000000000
recycle,9150,1.000000000
recycle,9151,1.000000000
recycle,9152,0.972908122
recycle,9153,0.885099160
recycle,9154,0.825024285
recycle,9155,0.607091906
recycle,9156,0.268374084
recycle,9157,0.132610416
recycle,9158,0.018305842
recycle,9159,0.000000003
recycle,9168,1.000000000
recycle,9169,1.000000000
recycle,9170,1.000000000
recycle,9171,1.000000000
recycle,9172,1.000000000
recycle,9173,1.000000000
recycle,9174,1.000000000
recycle,9175,1.000000000
recycle,9176,1.000000000
recycle,9177,1.000000000
recycle,9178,1.000000000
recycle,9179,1.000000000
recycle,9180,1.000000000
recycle,9181,1.000000000
recycle,9182,1.000000000
recycle,9183,1.000000000
recycle,9184,1.000000000
recycle,9185,1.000000000
recycle,9186,1.000000000
recycle,9187,1.000000000
recycle,9188,1.000000000
recycle,9189,1.000000000
recycle,9190,1.000000000
recycle,9191,1.000000000
recycle,9192,1.000000000
recycle,9193,1.000000000
recycle,9194,1.000000000
recycle,9195,1.000000000
recycle,9196,1.000000000
recycle,9197,1.000000000
recycle,9198,1.000000000
recycle,9199,0.983707339
recycle,9200,0.789824295
recycle,9201,0.427208990
recycle,9202,0.226645133
recycle,9203,0.149176978
recycle,9204,0.021834550
recycle,9205,0.000000001
full,0,1.000000000
full,1,1.000000000
full,2,1.000000000
full,3,1.000000000
full,4,1.000000000
full,5,1.000000000
full,6,1.000000000
full,7,1.000000000
full,8,1.000000000
full,9,1.000000000
full,10,1.000000000
full,11,1.000000000
full,12,1.000000000
full,13,1.000000000
full,14,1.000000000
full,15,1.000000000
full,16,1.000000000
full,17,1.000000000
full,18,1.000000000
full,19,1.000000000
full,20,1.000000000
full,21,1.000000000
full,22,1.000000000
full,23,1.000000000
full,24,1.000000000
full,25,1.000000000
full,26,1.000000000
full,27,1.000000000
full,28,1.000000000
full,29,1.000000000
full,30,1.000000000
full,31,0.983516811
full,32,0.788813384
full,33,0.427317169
full,34,0.226744702
full,35,0.149175978
full,36,0.021834550
full,37,0.000000001
full,48,1.000000000
full,49,1.000000000
full,50,1.000000000
full,51,1.000000000
full,52,1.000000000
full,53,1.000000000
full,54,1.000000000
full,55,1.000000000
full,56,1.000000000
full,57,1.000000000
full,58,1.000000000
full,59,1.000000000
full,60,1.000000000
full,61,1.000000000
full,62,1.000000000
full,63,1.000000000
full,64,1.000000000
full,65,1.000000000
full,66,1.000000000
full,67,0.985108499
full,68,0.988309386
full,69,0.982803557
full,70,0.981914607
full,71,0.981924578
full,72,0.982711774
full,73,0.987864051
full,74,0.987210467
full,75,0.987169388
full,76,0.987927804
full,77,1.000000000
full,78,1.000000000
full,79,1.000000000
full,80,0.972762708
full,81,0.885182638
full,82,0.825037770
full,83,0.607087020
full,84,0.268373245
full,85,0.132616501
full,86,0.018305842
full,87,0.000000003
full,96,0.829069874
full,97,0.856694174
full,98,0.971081817
full,99,1.000000000
full,100,1.000000000
full,101,1.000000000
full,102,1.000000000
full,103,1.000000000
full,104,1.000000000
full,105,1.000000000
full,106,0.987962990
full,107,0.981694176
full,108,0.981694174
full,109,0.981694174
full,110,0.981694178
full,111,0.981694226
full,112,0.981696635
full,113,0.981694823
full,114,0.966802727
full,115,0.883209570
full,116,0.881468349
full,117,0.851689955
full,118,0.841012915
full,119,0.840969273
full,120,0.850719636
full,121,0.880882919
full,122,0.882184749
full,123,0.882050158
full,124,0.898501647
full,125,0.969621978
full,126,0.981694273
full,127,0.981719027
full,128,0.989285128
full,129,1.000000000
full,130,1.000000000
full,131,0.963455749
full,132,0.846004846
full,133,0.651086363
full,134,0.275922366
full,135,0.125019965
full,136,0.018305826
full,144,0.170930126
full,145,0.275999296
full,146,0.651535013
full,147,0.846081892
full,148,0.968019281
full,149,1.000000000
full,150,1.000000000
full,151,1.000000000
full,152,1.000000000
full,153,0.987962990
full,154,0.911537339
full,155,0.862963005
full,156,0.838395833
full,157,0.838388355
full,158,0.838388425
full,159,0.838391117
full,160,0.838403392
full,161,0.838394648
full,162,0.838389352
full,163,0.823497125
full,164,0.826697818
full,165,0.821191920
full,166,0.820302957
full,167,0.820312926
full,168,0.821100122
full,169,0.826252399
full,170,0.825598814
full,171,0.825557736
full,172,0.826316153
full,173,0.838388449
full,174,0.838413778
full,175,0.846124253
full,176,0.900962348
full,177,0.970979302
full,178,0.982270565
full,179,1.000000000
full,180,1.000000000
full,181,0.971004843
full,182,0.838408313
full,183,0.606810449
full,184,0.250020684
full,185,0.018310106
full,186,0.000000734
full,193,0.018305826
full,194,0.132693544
full,195,0.272936970
full,196,0.643628139
full,197,0.900970794
full,198,0.991637084
full,199,1.000000000
full,200,1.000000000
full,201,1.000000000
full,202,0.987962990
full,203,0.963395832
full,204,0.856737781
full,205,0.820396241
full,206,0.820082526
full,207,0.820082574
full,208,0.820084982
full,209,0.820083171
full,210,0.820082576
full,211,0.820082559
full,212,0.820082529
full,213,0.820082523
full,214,0.820082522
full,215,0.820082522
full,216,0.820082522
full,217,0.820082522
full,218,0.820082522
full,219,0.820082522
full,220,0.820082522
full,221,0.820082522
full,222,0.820082620
full,223,0.820107374
full,224,0.827673476
full,225,0.838964740
full,226,0.860053626
full,227,0.963964738
full,228,0.984047494
full,229,1.000000000
full,230,1.000000000
full,231,0.963408297
full,232,0.731698454
full,233,0.278822152
full,234,0.079534017
full,235,0.010503487
full,242,0.000000013
full,243,0.018305901
full,244,0.187582459
full,245,0.460466234
full,246,0.789645702
full,247,0.965304204
full,248,1.000000000
full,249,1.000000000
full,250,1.000000000
full,251,1.000000000
full,252,0.963702067
full,253,0.858479057
full,254,0.823398929
full,255,0.820082525
full,256,0.820082521
full,257,0.820082521
full,258,0.820082521
full,259,0.820082521
full,260,0.820082521
full,261,0.820082521
full,262,0.820082521
full,263,0.820082521
full,264,0.820082521
full,265,0.820082521
full,266,0.820082521
full,267,0.820082521
full,268,0.820082521
full,269,0.820082521
full,270,0.812783348
full,271,0.773636015
full,272,0.788066860
full,273,0.804734982
full,274,0.818695478
full,275,0.840741668
full,276,0.870410328
full,277,0.965741673
full,278,1.000000000
full,279,1.000000000
full,280,0.981694908
full,281,0.792922365
full,282,0.470298552
full,283,0.193405086
full,284,0.018305826
full,292,0.009942910
full,293,0.076257354
full,294,0.261858770
full,295,0.636166428
full,296,0.946998751
full,297,1.000000000
full,298,1.000000000
full,299,1.000000000
full,300,1.000000000
full,301,0.966704754
full,302,0.874238726
full,303,0.830267194
full,304,0.820082645
full,305,0.820082522
full,306,0.820082522
full,307,0.820082521
full,308,0.820082521
full,309,0.820082521
full,310,0.820082521
full,311,0.820082521
full,312,0.820082521
full,313,0.820082521
full,314,0.820082521
full,315,0.820082521
full,316,0.820082521
full,317,0.820082521
full,318,0.776179583
full,319,0.655199922
full,320,0.652627744
full,321,0.712870250
full,322,0.724775097
full,323,0.735668005
full,324,0.809889002
full,325,0.856694207
full,326,0.963388354
full,327,0.982908484
full,328,1.000000000
full,329,0.992197661
full,330,0.906793434
full,331,0.659052617
full,332,0.257181175
full,333,0.018305826
full,341,0.000000000
full,342,0.018305827
full,343,0.233610404
full,344,0.606734881
full,345,0.838613274
full,346,0.981732701
full,347,1.000000000
full,348,1.000000000
full,349,1.000000000
full,350,0.973573002
full,351,0.898510267
full,352,0.845563539
full,353,0.820103332
full,354,0.820082664
full,355,0.820082539
full,356,0.820082523
full,357,0.820082522
full,358,0.820082521
full,359,0.820082521
full,360,0.820082521
full,361,0.820082521
full,362,0.820082521
full,363,0.820082521
full,364,0.820082521
full,365,0.820082521
full,366,0.804855295
full,367,0.710098064
full,368,0.616172094
full,369,0.541733927
full,370,0.433805037
full,371,0.501635516
full,372,0.739700253
full,373,0.784764864
full,374,0.735252534
full,375,0.750851160
full,376,0.947699881
full,377,1.000000000
full,378,1.000000000
full,379,0.970569523
full,380,0.731694174
full,381,0.268305826
full,382,0.018305826
full,391,0.018305826
full,392,0.125224927
full,393,0.287300754
full,394,0.732008737
full,395,0.964358108
full,396,1.000000000
full,397,1.000000000
full,398,1.000000000
full,399,0.988868660
full,400,0.963409156
full,401,0.856814893
full,402,0.821440274
full,403,0.820102673
full,404,0.820084811
full,405,0.820082539
full,406,0.820082522
full,407,0.820082521
full,408,0.820082521
full,409,0.820082521
full,410,0.820082521
full,411,0.820082521
full,412,0.820082521
full,413,0.820082521
full,414,0.818722283
full,415,0.797180891
full,416,0.691946414
full,417,0.489111850
full,418,0.423660500
full,419,0.597726673
full,420,0.751027038
full,421,0.581610614
full,422,0.357357736
full,423,0.354974019
full,424,0.625727446
full,425,0.839202311
full,426,0.973342726
full,427,1.000000000
full,428,0.981694174
full,429,0.731694174
full,430,0.268305837
full,431,0.021834620
full,440,0.000038527
full,441,0.018620389
full,442,0.267930860
full,443,0.727800317
full,444,0.962704832
full,445,0.981834416
full,446,0.989528645
full,447,1.000000000
full,448,1.000000000
full,449,0.964745255
full,450,0.864502280
full,451,0.825467162
full,452,0.820288811
full,453,0.820085425
full,454,0.820082538
full,455,0.820082522
full,456,0.820082521
full,457,0.820082521
full,458,0.820082521
full,459,0.820082521
full,460,0.820082521
full,461,0.820082521
full,462,0.820082521
full,463,0.818641278
full,464,0.750875614
full,465,0.575815138
full,466,0.611582906
full,467,0.750147091
full,468,0.652871279
full,469,0.380913447
full,470,0.282448440
full,471,0.274744889
full,472,0.235768095
full,473,0.293186378
full,474,0.683493461
full,475,0.954998353
full,476,1.000000000
full,477,0.981694174
full,478,0.731694239
full,479,0.320025943
full,489,0.000015443
full,490,0.115543978
full,491,0.542414195
full,492,0.810676779
full,493,0.847040219
full,494,0.902499157
full,495,0.976771956
full,496,1.000000000
full,497,1.000000000
full,498,0.968654685
full,499,0.879793672
full,500,0.827336007
full,501,0.820260012
full,502,0.820083073
full,503,0.820082522
full,504,0.820082521
full,505,0.820082521
full,506,0.820082521
full,507,0.820082521
full,508,0.820082521
full,509,0.820082521
full,510,0.820082521
full,511,0.820082521
full,512,0.811084156
full,513,0.763376765
full,514,0.778582208
full,515,0.692760163
full,516,0.447162171
full,517,0.297731993
full,518,0.298581359
full,519,0.308141067
full,520,0.230242632
full,521,0.118113044
full,522,0.255757605
full,523,0.610124609
full,524,0.852538398
full,525,0.984101732
full,526,0.981694185
full,527,0.850904494
full,538,0.016667986
full,539,0.240453968
full,540,0.693444690
full,541,0.820224859
full,542,0.833480433
full,543,0.894588144
full,544,0.987243310
full,545,1.000000000
full,546,1.000000000
full,547,0.969629634
full,548,0.854344257
full,549,0.822401630
full,550,0.820083605
full,551,0.820082522
full,552,0.820082521
full,553,0.820082521
full,554,0.820082521
full,555,0.820082521
full,556,0.820082521
full,557,0.820082521
full,558,0.820082521
full,559,0.820082521
full,560,0.820082521
full,561,0.820082521
full,562,0.767666624
full,563,0.546584111
full,564,0.338584275
full,565,0.337232232
full,566,0.312546056
full,567,0.268504541
full,568,0.239199470
full,569,0.190976385
full,570,0.085253941
full,571,0.148374904
full,572,0.361643544
full,573,0.873135079
full,574,1.000000000
full,575,1.000000000
full,586,0.016667986
full,587,0.240453968
full,588,0.693444690
full,589,0.820224859
full,590,0.833480433
full,591,0.894588144
full,592,0.987243310
full,593,1.000000000
full,594,1.000000000
full,595,0.969629634
full,596,0.854344257
full,597,0.822401630
full,598,0.820083605
full,599,0.820082522
full,600,0.820082521
full,601,0.820082521
full,602,0.820082521
full,603,0.820082521
full,604,0.820082521
full,605,0.820082521
full,606,0.820082521
full,607,0.820082521
full,608,0.820082521
full,609,0.820082521
full,610,0.767666624
full,611,0.546584111
full,612,0.338584275
full,613,0.337232232
full,614,0.312546056
full,615,0.268504541
full,616,0.239199470
full,617,0.190976385
full,618,0.085253942
full,619,0.148374904
full,620,0.361643544
full,621,0.873135079
full,622,1.000000000
full,623,1.000000000
full,633,0.000015443
full,634,0.115543978
full,635,0.542414195
full,636,0.810676779
full,637,0.847040219
full,638,0.902499157
full,639,0.976771956
full,640,1.000000000
full,641,1.000000000
full,642,0.968654685
full,643,0.879793672
full,644,0.827336007
full,645,0.820260012
full,646,0.820083073
full,647,0.820082522
full,648,0.820082521
full,649,0.820082521
full,650,0.820082521
full,651,0.820082521
full,652,0.820082521
full,653,0.820082521
full,654,0.820082521
full,655,0.820082521
full,656,0.811084156
full,657,0.763376765
full,658,0.778582208
full,659,0.692760163
full,660,0.447162171
full,661,0.297731994
full,662,0.298581359
full,663,0.308141067
full,664,0.230242632
full,665,0.118113044
full,666,0.255757605
full,667,0.610124609
full,668,0.852538398
full,669,0.984101732
full,670,0.981694185
full,671,0.850904494
full,680,0.000038527
full,681,0.018620389
full,682,0.267930860
full,683,0.727800317
full,684,0.962704832
full,685,0.981834416
full,686,0.989528645
full,687,1.000000000
full,688,1.000000000
full,689,0.964745255
full,690,0.864502280
full,691,0.825467162
full,692,0.820288811
full,693,0.820085425
full,694,0.820082538
full,695,0.820082522
full,696,0.820082521
full,697,0.820082521
full,698,0.820082521
full,699,0.820082521
full,700,0.820082521
full,701,0.820082521
full,702,0.820082521
full,703,0.818641278
full,704,0.750875614
full,705,0.575815138
full,706,0.611582906
full,707,0.750147091
full,708,0.652871279
full,709,0.380913447
full,710,0.282448440
full,711,0.274744889
full,712,0.235768095
full,713,0.293186378
full,714,0.683493460
full,715,0.954998353
full,716,1.000000000
full,717,0.981694174
full,718,0.731694239
full,719,0.320025943
full,727,0.018305826
full,728,0.125224927
full,729,0.287300754
full,730,0.732008737
full,731,0.964358108
full,732,1.000000000
full,733,1.000000000
full,734,1.000000000
full,735,0.988868660
full,736,0.963409156
full,737,0.856814893
full,738,0.821440274
full,739,0.820102673
full,740,0.820084811
full,741,0.820082539
full,742,0.820082522
full,743,0.820082521
full,744,0.820082521
full,745,0.820082521
full,746,0.820082521
full,747,0.820082521
full,748,0.820082521
full,749,0.820082521
full,750,0.818722283
full,751,0.797180891
full,752,0.691946414
full,753,0.489111850
full,754,0.423660500
full,755,0.597726673
full,756,0.751027038
full,757,0.581610614
full,758,0.357357736
full,759,0.354974019
full,760,0.625727446
full,761,0.839202311
full,762,0.973342726
full,763,1.000000000
full,764,0.981694174
full,765,0.731694174
full,766,0.268305837
full,767,0.021834620
full,773,0.000000000
full,774,0.018305827
full,775,0.233610404
full,776,0.606734881
full,777,0.838613274
full,778,0.981732701
full,779,1.000000000
full,780,1.000000000
full,781,1.000000000
full,782,0.973573002
full,783,0.898510267
full,784,0.845563539
full,785,0.820103332
full,786,0.820082664
full,787,0.820082539
full,788,0.820082523
full,789,0.820082522
full,790,0.820082521
full,791,0.820082521
full,792,0.820082521
full,793,0.820082521
full,794,0.820082521
full,795,0.820082521
full,796,0.820082521
full,797,0.820082521
full,798,0.804855295
full,799,0.710098064
full,800,0.616172094
full,801,0.541733927
full,802,0.433805037
full,803,0.501635516
full,804,0.739700253
full,805,0.784764864
full,806,0.735252534
full,807,0.750851160
full,808,0.947699881
full,809,1.000000000
full,810,1.000000000
full,811,0.970569523
full,812,0.731694174
full,813,0.268305826
full,814,0.018305826
full,820,0.009942910
full,821,0.076257354
full,822,0.261858770
full,823,0.636166428
full,824,0.946998751
full,825,1.000000000
full,826,1.000000000
full,827,1.000000000
full,828,1.000000000
full,829,0.966704754
full,830,0.874238726
full,831,0.830267194
full,832,0.820082645
full,833,0.820082522
full,834,0.820082522
full,835,0.820082521
full,836,0.820082521
full,837,0.820082521
full,838,0.820082521
full,839,0.820082521
full,840,0.820082521
full,841,0.820082521
full,842,0.820082521
full,843,0.820082521
full,844,0.820082521
full,845,0.820082521
full,846,0.776179583
full,847,0.655199922
full,848,0.652627744
full,849,0.712870250
full,850,0.724775097
full,851,0.735668005
full,852,0.809889002
full,853,0.856694207
full,854,0.963388354
full,855,0.982908484
full,856,1.000000000
full,857,0.992197661
full,858,0.906793434
full,859,0.659052617
full,860,0.257181175
full,861,0.018305826
full,866,0.000000013
full,867,0.018305901
full,868,0.187582459
full,869,0.460466234
full,870,0.789645702
full,871,0.965304204
full,872,1.000000000
full,873,1.000000000
full,874,1.000000000
full,875,1.000000000
full,876,0.963702067
full,877,0.858479057
full,878,0.823398929
full,879,0.820082525
full,880,0.820082521
full,881,0.820082521
full,882,0.820082521
full,883,0.820082521
full,884,0.820082521
full,885,0.820082521
full,886,0.820082521
full,887,0.820082521
full,888,0.820082521
full,889,0.820082521
full,890,0.820082521
full,891,0.820082521
full,892,0.820082521
full,893,0.820082521
full,894,0.812783348
full,895,0.773636015
full,896,0.788066860
full,897,0.804734982
full,898,0.818695478
full,899,0.840741668
full,900,0.870410328
full,901,0.965741673
full,902,1.000000000
full,903,1.000000000
full,904,0.981694908
full,905,0.792922365
full,906,0.470298552
full,907,0.193405086
full,908,0.018305826
full,913,0.018305826
full,914,0.132693544
full,915,0.272936969
full,916,0.643628139
full,917,0.900970794
full,918,0.991637084
full,919,1.000000000
full,920,1.000000000
full,921,1.000000000
full,922,0.987962990
full,923,0.963395832
full,924,0.856737781
full,925,0.820396241
full,926,0.820082526
full,927,0.820082574
full,928,0.820084982
full,929,0.820083171
full,930,0.820082576
full,931,0.820082559
full,932,0.820082529
full,933,0.820082523
full,934,0.820082522
full,935,0.820082522
full,936,0.820082522
full,937,0.820082522
full,938,0.820082522
full,939,0.820082522
full,940,0.820082522
full,941,0.820082522
full,942,0.820082620
full,943,0.820107374
full,944,0.827673476
full,945,0.838964740
full,946,0.860053626
full,947,0.963964738
full,948,0.984047494
full,949,1.000000000
full,950,1.000000000
full,951,0.963408297
full,952,0.731698454
full,953,0.278822152
full,954,0.079534017
full,955,0.010503487
full,960,0.170930126
full,961,0.275999296
full,962,0.651535013
full,963,0.846081892
full,964,0.968019281
full,965,1.000000000
full,966,1.000000000
full,967,1.000000000
full,968,1.000000000
full,969,0.987962990
full,970,0.911537339
full,971,0.862963005
full,972,0.838395833
full,973,0.838388355
full,974,0.838388425
full,975,0.838391117
full,976,0.838403392
full,977,0.838394648
full,978,0.838389352
full,979,0.823497125
full,980,0.826697818
full,981,0.821191920
full,982,0.820302957
full,983,0.820312926
full,984,0.821100122
full,985,0.826252399
full,986,0.825598814
full,987,0.825557736
full,988,0.826316153
full,989,0.838388449
full,990,0.838413778
full,991,0.846124253
full,992,0.900962348
full,993,0.970979302
full,994,0.982270565
full,995,1.000000000
full,996,1.000000000
full,997,0.971004843
full,998,0.838408313
full,999,0.606810449
full,1000,0.250020684
full,1001,0.018310106
full,1002,0.000000734
full,1008,0.829069874
full,1009,0.856694174
full,1010,0.971081817
full,1011,1.000000000
full,1012,1.000000000
full,1013,1.000000000
full,1014,1.000000000
full,1015,1.000000000
full,1016,1.000000000
full,1017,1.000000000
full,1018,0.987962990
full,1019,0.981694176
full,1020,0.981694174
full,1021,0.981694174
full,1022,0.981694178
full,1023,0.981694226
full,1024,0.981696635
full,1025,0.981694823
full,1026,0.966802727
full,1027,0.883209570
full,1028,0.881468349
full,1029,0.851689955
full,1030,0.841012915
full,1031,0.840969273
full,1032,0.850719636
full,1033,0.880882919
full,1034,0.882184749
full,1035,0.882050158
full,1036,0.898501647
full,1037,0.969621978
full,1038,0.981694273
full,1039,0.981719027
full,1040,0.989285128
full,1041,1.000000000
full,1042,1.000000000
full,1043,0.963455749
full,1044,0.846004846
full,1045,0.651086363
full,1046,0.275922366
full,1047,0.125019965
full,1048,0.018305826
full,1056,1.000000000
full,1057,1.000000000
full,1058,1.000000000
full,1059,1.000000000
full,1060,1.000000000
full,1061,1.000000000
full,1062,1.000000000
full,1063,1.000000000
full,1064,1.000000000
full,1065,1.000000000
full,1066,1.000000000
full,1067,1.000000000
full,1068,1.000000000
full,1069,1.000000000
full,1070,1.000000000
full,1071,1.000000000
full,1072,1.000000000
full,1073,1.000000000
full,1074,1.000000000
full,1075,0.985108499
full,1076,0.988309386
full,1077,0.982803557
full,1078,0.981914607
full,1079,0.981924578
full,1080,0.982711774
full,1081,0.987864051
full,1082,0.987210467
full,1083,0.987169388
full,1084,0.987927804
full,1085,1.000000000
full,1086,1.000000000
full,1087,1.000000000
full,1088,0.972762708
full,1089,0.885182638
full,1090,0.825037770
full,1091,0.607087020
full,1092,0.268373245
full,1093,0.132616501
full,1094,0.018305842
full,1095,0.000000003
full,1104,1.000000000
full,1105,1.000000000
full,1106,1.000000000
full,1107,1.000000000
full,1108,1.000000000
full,1109,1.000000000
full,1110,1.000000000
full,1111,1.000000000
full,1112,1.000000000
full,1113,1.000000000
full,1114,1.000000000
full,1115,1.000000000
full,1116,1.000000000
full,1117,1.000000000
full,1118,1.000000000
full,1119,1.000000000
full,1120,1.000000000
full,1121,1.000000000
full,1122,1.000000000
full,1123,1.000000000
full,1124,1.000000000
full,1125,1.000000000
full,1126,1.000000000
full,1127,1.000000000
full,1128,1.000000000
full,1129,1.000000000
full,1130,1.000000000
full,1131,1.000000000
full,1132,1.000000000
full,1133,1.000000000
full,1134,1.000000000
full,1135,0.983516811
full,1136,0.788813384
full,1137,0.427317169
full,1138,0.226744702
full,1139,0.149175978
full,1140,0.021834550
full,1141,0.000000001
full,1152,1.000000000
full,1153,1.000000000
full,1154,1.000000000
full,1155,1.000000000
full,1156,1.000000000
full,1157,1.000000000
full,1158,1.000000000
full,1159,1.000000000
full,1160,1.000000000
full,1161,1.000000000
full,1162,1.000000000
full,1163,1.000000000
full,1164,1.000000000
full,1165,1.000000000
full,1166,1.000000000
full,1167,1.000000000
full,1168,1.000000000
full,1169,1.000000000
full,1170,1.000000000
full,1171,1.000000000
full,1172,1.000000000
full,1173,1.000000000
full,1174,1.000000000
full,1175,1.000000000
full,1176,1.000000000
full,1177,1.000000000
full,1178,1.000000000
full,1179,1.000000000
full,1180,0.999947686
full,1181,1.000000000
full,1182,0.990070360
full,1183,0.843275131
full,1184,0.503323638
full,1185,0.252861108
full,1186,0.148270792
full,1187,0.037004492
full,1188,0.000067402
full,1200,1.000000000
full,1201,1.000000000
full,1202,1.000000000
full,1203,1.000000000
full,1204,1.000000000
full,1205,1.000000000
full,1206,1.000000000
full,1207,1.000000000
full,1208,1.000000000
full,1209,1.000000000
full,1210,1.000000000
full,1211,1.000000000
full,1212,1.000000000
full,1213,1.000000000
full,1214,1.000000000
full,1215,1.000000000
full,1216,0.987839766
full,1217,0.984485793
full,1218,0.971864704
full,1219,0.901018106
full,1220,0.899542416
full,1221,0.874304730
full,1222,0.865255758
full,1223,0.865218772
full,1224,0.873482369
full,1225,0.899046261
full,1226,0.900149584
full,1227,0.899991178
full,1228,0.913720016
full,1229,0.974209776
full,1230,0.984485605
full,1231,0.967589022
full,1232,0.899217716
full,1233,0.839955565
full,1234,0.651533068
full,1235,0.349854875
full,1236,0.147640050
full,1237,0.068652111
full,1238,0.006455108
full,1248,0.838388348
full,1249,0.854037242
full,1250,0.916553900
full,1251,0.991005848
full,1252,1.000000000
full,1253,1.000000000
full,1254,1.000000000
full,1255,1.000000000
full,1256,0.985431100
full,1257,0.974283933
full,1258,0.909511903
full,1259,0.868344334
full,1260,0.863031397
full,1261,0.863031400
full,1262,0.863031460
full,1263,0.850873508
full,1264,0.776654902
full,1265,0.744938580
full,1266,0.668019021
full,1267,0.463151294
full,1268,0.409828810
full,1269,0.339657729
full,1270,0.299336463
full,1271,0.298981582
full,1272,0.336147002
full,1273,0.413158964
full,1274,0.428721191
full,1275,0.428630282
full,1276,0.499254962
full,1277,0.681944561
full,1278,0.744830592
full,1279,0.780990604
full,1280,0.895095284
full,1281,0.973914307
full,1282,0.954916406
full,1283,0.858041253
full,1284,0.711466487
full,1285,0.465600574
full,1286,0.178157433
full,1287,0.031127539
full,1288,0.000016907
full,1296,0.161611652
full,1297,0.206005609
full,1298,0.478399510
full,1299,0.783510088
full,1300,0.901421203
full,1301,0.979493504
full,1302,1.000000000
full,1303,0.985431100
full,1304,0.899571730
full,1305,0.804530587
full,1306,0.594228975
full,1307,0.426363711
full,1308,0.305003181
full,1309,0.289458079
full,1310,0.289452033
full,1311,0.289464660
full,1312,0.277331408
full,1313,0.273959551
full,1314,0.261320613
full,1315,0.190470673
full,1316,0.188994431
full,1317,0.163756497
full,1318,0.154707477
full,1319,0.154670483
full,1320,0.162934079
full,1321,0.188497971
full,1322,0.189601294
full,1323,0.189487226
full,1324,0.203430143
full,1325,0.263706317
full,1326,0.274061548
full,1327,0.315034117
full,1328,0.491000316
full,1329,0.690532181
full,1330,0.774375004
full,1331,0.901680295
full,1332,0.954859573
full,1333,0.894612324
full,1334,0.678389687
full,1335,0.352692250
full,1336,0.137067176
full,1337,0.015515119
full,1345,0.006520345
full,1346,0.069037014
full,1347,0.181878824
full,1348,0.424071494
full,1349,0.736423068
full,1350,0.960054225
full,1351,1.000000000
full,1352,0.959754762
full,1353,0.859296673
full,1354,0.772572531
full,1355,0.640987570
full,1356,0.349218248
full,1357,0.169547283
full,1358,0.152742712
full,1359,0.152485451
full,1360,0.152495853
full,1361,0.152488443
full,1362,0.152483954
full,1363,0.152483339
full,1364,0.152483174
full,1365,0.152483116
full,1366,0.152483105
full,1367,0.152483104
full,1368,0.152483103
full,1369,0.152483103
full,1370,0.152483103
full,1371,0.152483103
full,1372,0.152483104
full,1373,0.152483189
full,1374,0.152504656
full,1375,0.159039414
full,1376,0.205515627
full,1377,0.267703373
full,1378,0.374298450
full,1379,0.647058404
full,1380,0.776219698
full,1381,0.899821719
full,1382,0.950590350
full,1383,0.863129964
full,1384,0.635655356
full,1385,0.239905860
full,1386,0.024442208
full,1387,0.000004325
full,1395,0.003924794
full,1396,0.062331095
full,1397,0.287031129
full,1398,0.645688182
full,1399,0.862320587
full,1400,0.902171534
full,1401,0.897276026
full,1402,0.855807398
full,1403,0.832025384
full,1404,0.652701846
full,1405,0.355943498
full,1406,0.184379627
full,1407,0.155034288
full,1408,0.152483106
full,1409,0.152483103
full,1410,0.152483103
full,1411,0.152483103
full,1412,0.152483103
full,1413,0.152483103
full,1414,0.152483103
full,1415,0.152483103
full,1416,0.152483103
full,1417,0.152483103
full,1418,0.152483103
full,1419,0.152483103
full,1420,0.152483103
full,1421,0.152483103
full,1422,0.152483103
full,1423,0.146296930
full,1424,0.149174561
full,1425,0.151307562
full,1426,0.170844793
full,1427,0.270535889
full,1428,0.399507388
full,1429,0.671859511
full,1430,0.881444097
full,1431,0.972341934
full,1432,0.965960696
full,1433,0.732959470
full,1434,0.313458138
full,1435,0.075428879
full,1436,0.006086167
full,1444,0.000000001
full,1445,0.023941285
full,1446,0.146432343
full,1447,0.377239415
full,1448,0.673087921
full,1449,0.881752731
full,1450,0.865162251
full,1451,0.849318861
full,1452,0.832262051
full,1453,0.667534190
full,1454,0.399795791
full,1455,0.218306789
full,1456,0.158564214
full,1457,0.152483208
full,1458,0.152483104
full,1459,0.152483103
full,1460,0.152483103
full,1461,0.152483103
full,1462,0.152483103
full,1463,0.152483103
full,1464,0.152483103
full,1465,0.152483103
full,1466,0.152483103
full,1467,0.152483103
full,1468,0.152483103
full,1469,0.152483103
full,1470,0.146296930
full,1471,0.111966079
full,1472,0.119778226
full,1473,0.134783614
full,1474,0.141253864
full,1475,0.143843918
full,1476,0.179622301
full,1477,0.350842395
full,1478,0.640037781
full,1479,0.779839106
full,1480,0.954698599
full,1481,0.981479491
full,1482,0.801491666
full,1483,0.470785078
full,1484,0.175201738
full,1485,0.015514497
full,1494,0.001623720
full,1495,0.056009073
full,1496,0.319448161
full,1497,0.642802023
full,1498,0.833803729
full,1499,0.847517031
full,1500,0.847516901
full,1501,0.834553569
full,1502,0.701461214
full,1503,0.473233331
full,1504,0.293881787
full,1505,0.168100514
full,1506,0.152501355
full,1507,0.152483311
full,1508,0.152483127
full,1509,0.152483105
full,1510,0.152483103
full,1511,0.152483103
full,1512,0.152483103
full,1513,0.152483103
full,1514,0.152483103
full,1515,0.152483103
full,1516,0.152483103
full,1517,0.152483103
full,1518,0.151330278
full,1519,0.134006709
full,1520,0.109637537
full,1521,0.101249133
full,1522,0.071293488
full,1523,0.077836131
full,1524,0.141849445
full,1525,0.164954089
full,1526,0.252227960
full,1527,0.368245113
full,1528,0.688200568
full,1529,0.953460174
full,1530,0.990571670
full,1531,0.901264526
full,1532,0.657812257
full,1533,0.245668554
full,1534,0.015514497
full,1543,0.000000317
full,1544,0.031063494
full,1545,0.227584350
full,1546,0.605463220
full,1547,0.746291317
full,1548,0.832811199
full,1549,0.847516897
full,1550,0.838082898
full,1551,0.777017128
full,1552,0.641820959
full,1553,0.350287677
full,1554,0.174719363
full,1555,0.153716789
full,1556,0.152511272
full,1557,0.152485107
full,1558,0.152483117
full,1559,0.152483103
full,1560,0.152483103
full,1561,0.152483103
full,1562,0.152483103
full,1563,0.152483103
full,1564,0.152483103
full,1565,0.152483103
full,1566,0.152483103
full,1567,0.150108799
full,1568,0.132707159
full,1569,0.087531638
full,1570,0.070171058
full,1571,0.113642865
full,1572,0.146263285
full,1573,0.110910662
full,1574,0.055177563
full,1575,0.070058561
full,1576,0.320511793
full,1577,0.659634143
full,1578,0.911853981
full,1579,0.992861653
full,1580,0.971731342
full,1581,0.741577285
full,1582,0.258422715
full,1583,0.018305837
full,1593,0.015560238
full,1594,0.141758920
full,1595,0.361614914
full,1596,0.640470598
full,1597,0.733395395
full,1598,0.780396007
full,1599,0.838642247
full,1600,0.832019933
full,1601,0.657854991
full,1602,0.372096784
full,1603,0.194464831
full,1604,0.156801832
full,1605,0.152644004
full,1606,0.152483649
full,1607,0.152483103
full,1608,0.152483103
full,1609,0.152483103
full,1610,0.152483103
full,1611,0.152483103
full,1612,0.152483103
full,1613,0.152483103
full,1614,0.152483103
full,1615,0.152483103
full,1616,0.143635358
full,1617,0.097338432
full,1618,0.113702817
full,1619,0.145696893
full,1620,0.130818261
full,1621,0.061133877
full,1622,0.052783555
full,1623,0.055809001
full,1624,0.050798886
full,1625,0.192887791
full,1626,0.511860395
full,1627,0.821582247
full,1628,0.981041669
full,1629,0.984485503
full,1630,0.741577294
full,1631,0.304917544
full,1642,0.014948288
full,1643,0.133592251
full,1644,0.258536290
full,1645,0.314717153
full,1646,0.485868009
full,1647,0.717264827
full,1648,0.836705387
full,1649,0.833134868
full,1650,0.677183119
full,1651,0.411135479
full,1652,0.201425734
full,1653,0.155312829
full,1654,0.152486757
full,1655,0.152483104
full,1656,0.152483103
full,1657,0.152483103
full,1658,0.152483103
full,1659,0.152483103
full,1660,0.152483103
full,1661,0.152483103
full,1662,0.152483103
full,1663,0.152483103
full,1664,0.152483103
full,1665,0.144856836
full,1666,0.148873158
full,1667,0.136372645
full,1668,0.075621026
full,1669,0.052011632
full,1670,0.055535689
full,1671,0.062503477
full,1672,0.065721317
full,1673,0.052591748
full,1674,0.116188212
full,1675,0.356566887
full,1676,0.739071117
full,1677,0.965501522
full,1678,0.984485503
full,1679,0.856694185
full,1690,0.000000000
full,1691,0.029640904
full,1692,0.137087504
full,1693,0.159827835
full,1694,0.238971715
full,1695,0.480658366
full,1696,0.773691289
full,1697,0.847516897
full,1698,0.835333242
full,1699,0.668573226
full,1700,0.308281580
full,1701,0.166029193
full,1702,0.152489838
full,1703,0.152483105
full,1704,0.152483103
full,1705,0.152483103
full,1706,0.152483103
full,1707,0.152483103
full,1708,0.152483103
full,1709,0.152483103
full,1710,0.152483103
full,1711,0.152483103
full,1712,0.152483103
full,1713,0.152483103
full,1714,0.145977453
full,1715,0.097732493
full,1716,0.057590499
full,1717,0.065660782
full,1718,0.058446909
full,1719,0.052505366
full,1720,0.064195534
full,1721,0.096437219
full,1722,0.070350030
full,1723,0.049386009
full,1724,0.269044585
full,1725,0.759138466
full,1726,0.984485508
full,1727,1.000000000
full,1738,0.000000000
full,1739,0.029640904
full,1740,0.137087504
full,1741,0.159827835
full,1742,0.238971715
full,1743,0.480658366
full,1744,0.773691289
full,1745,0.847516897
full,1746,0.835333242
full,1747,0.668573226
full,1748,0.308281580
full,1749,0.166029193
full,1750,0.152489838
full,1751,0.152483105
full,1752,0.152483103
full,1753,0.152483103
full,1754,0.152483103
full,1755,0.152483103
full,1756,0.152483103
full,1757,0.152483103
full,1758,0.152483103
full,1759,0.152483103
full,1760,0.152483103
full,1761,0.152483103
full,1762,0.145977453
full,1763,0.097732493
full,1764,0.057590499
full,1765,0.065660782
full,1766,0.058446909
full,1767,0.052505366
full,1768,0.064195534
full,1769,0.096437219
full,1770,0.070350030
full,1771,0.049386009
full,1772,0.269044585
full,1773,0.759138466
full,1774,0.984485508
full,1775,1.000000000
full,1786,0.014948288
full,1787,0.133592251
full,1788,0.258536290
full,1789,0.314717153
full,1790,0.485868009
full,1791,0.717264827
full,1792,0.836705387
full,1793,0.833134868
full,1794,0.677183119
full,1795,0.411135479
full,1796,0.201425734
full,1797,0.155312829
full,1798,0.152486757
full,1799,0.152483104
full,1800,0.152483103
full,1801,0.152483103
full,1802,0.152483103
full,1803,0.152483103
full,1804,0.152483103
full,1805,0.152483103
full,1806,0.152483103
full,1807,0.152483103
full,1808,0.152483103
full,1809,0.144856836
full,1810,0.148873158
full,1811,0.136372645
full,1812,0.075621026
full,1813,0.052011632
full,1814,0.055535689
full,1815,0.062503477
full,1816,0.065721317
full,1817,0.052591748
full,1818,0.116188211
full,1819,0.356566887
full,1820,0.739071117
full,1821,0.965501522
full,1822,0.984485503
full,1823,0.856694185
full,1833,0.015560238
full,1834,0.141758920
full,1835,0.361614914
full,1836,0.640470598
full,1837,0.733395395
full,1838,0.780396007
full,1839,0.838642247
full,1840,0.832019933
full,1841,0.657854991
full,1842,0.372096784
full,1843,0.194464831
full,1844,0.156801832
full,1845,0.152644004
full,1846,0.152483649
full,1847,0.152483103
full,1848,0.152483103
full,1849,0.152483103
full,1850,0.152483103
full,1851,0.152483103
full,1852,0.152483103
full,1853,0.152483103
full,1854,0.152483103
full,1855,0.152483103
full,1856,0.143635358
full,1857,0.097338432
full,1858,0.113702817
full,1859,0.145696893
full,1860,0.130818261
full,1861,0.061133877
full,1862,0.052783555
full,1863,0.055809001
full,1864,0.050798886
full,1865,0.192887791
full,1866,0.511860395
full,1867,0.821582247
full,1868,0.981041669
full,1869,0.984485503
full,1870,0.741577294
full,1871,0.304917544
full,1879,0.000000317
full,1880,0.031063494
full,1881,0.227584350
full,1882,0.605463220
full,1883,0.746291317
full,1884,0.832811199
full,1885,0.847516897
full,1886,0.838082898
full,1887,0.777017128
full,1888,0.641820959
full,1889,0.350287677
full,1890,0.174719363
full,1891,0.153716789
full,1892,0.152511272
full,1893,0.152485107
full,1894,0.152483117
full,1895,0.152483103
full,1896,0.152483103
full,1897,0.152483103
full,1898,0.152483103
full,1899,0.152483103
full,1900,0.152483103
full,1901,0.152483103
full,1902,0.152483103
full,1903,0.150108799
full,1904,0.132707159
full,1905,0.087531638
full,1906,0.070171058
full,1907,0.113642865
full,1908,0.146263285
full,1909,0.110910663
full,1910,0.055177563
full,1911,0.070058561
full,1912,0.320511793
full,1913,0.659634143
full,1914,0.911853981
full,1915,0.992861653
full,1916,0.971731342
full,1917,0.741577285
full,1918,0.258422715
full,1919,0.018305837
full,1926,0.001623720
full,1927,0.056009073
full,1928,0.319448161
full,1929,0.642802023
full,1930,0.833803729
full,1931,0.847517031
full,1932,0.847516901
full,1933,0.834553569
full,1934,0.701461214
full,1935,0.473233331
full,1936,0.293881787
full,1937,0.168100514
full,1938,0.152501355
full,1939,0.152483311
full,1940,0.152483127
full,1941,0.152483105
full,1942,0.152483103
full,1943,0.152483103
full,1944,0.152483103
full,1945,0.152483103
full,1946,0.152483103
full,1947,0.152483103
full,1948,0.152483103
full,1949,0.152483103
full,1950,0.151330278
full,1951,0.134006709
full,1952,0.109637537
full,1953,0.101249133
full,1954,0.071293488
full,1955,0.077836131
full,1956,0.141849445
full,1957,0.164954089
full,1958,0.252227960
full,1959,0.368245113
full,1960,0.688200568
full,1961,0.953460174
full,1962,0.990571670
full,1963,0.901264526
full,1964,0.657812257
full,1965,0.245668554
full,1966,0.015514497
full,1972,0.000000001
full,1973,0.023941285
full,1974,0.146432343
full,1975,0.377239415
full,1976,0.673087921
full,1977,0.881752731
full,1978,0.865162251
full,1979,0.849318861
full,1980,0.832262051
full,1981,0.667534190
full,1982,0.399795791
full,1983,0.218306789
full,1984,0.158564214
full,1985,0.152483208
full,1986,0.152483104
full,1987,0.152483103
full,1988,0.152483103
full,1989,0.152483103
full,1990,0.152483103
full,1991,0.152483103
full,1992,0.152483103
full,1993,0.152483103
full,1994,0.152483103
full,1995,0.152483103
full,1996,0.152483103
full,1997,0.152483103
full,1998,0.146296930
full,1999,0.111966079
full,2000,0.119778226
full,2001,0.134783614
full,2002,0.141253864
full,2003,0.143843918
full,2004,0.179622301
full,2005,0.350842395
full,2006,0.640037781
full,2007,0.779839106
full,2008,0.954698599
full,2009,0.981479491
full,2010,0.801491666
full,2011,0.470785078
full,2012,0.175201738
full,2013,0.015514497
full,2019,0.003924794
full,2020,0.062331095
full,2021,0.287031129
full,2022,0.645688182
full,2023,0.862320587
full,2024,0.902171534
full,2025,0.897276026
full,2026,0.855807398
full,2027,0.832025384
full,2028,0.652701846
full,2029,0.355943498
full,2030,0.184379627
full,2031,0.155034288
full,2032,0.152483106
full,2033,0.152483103
full,2034,0.152483103
full,2035,0.152483103
full,2036,0.152483103
full,2037,0.152483103
full,2038,0.152483103
full,2039,0.152483103
full,2040,0.152483103
full,2041,0.152483103
full,2042,0.152483103
full,2043,0.152483103
full,2044,0.152483103
full,2045,0.152483103
full,2046,0.152483103
full,2047,0.146296930
full,2048,0.149174561
full,2049,0.151307562
full,2050,0.170844793
full,2051,0.270535889
full,2052,0.399507388
full,2053,0.671859511
full,2054,0.881444097
full,2055,0.972341934
full,2056,0.965960696
full,2057,0.732959470
full,2058,0.313458138
full,2059,0.075428879
full,2060,0.006086167
full,2065,0.006520345
full,2066,0.069037014
full,2067,0.181878824
full,2068,0.424071494
full,2069,0.736423068
full,2070,0.960054225
full,2071,1.000000000
full,2072,0.959754762
full,2073,0.859296673
full,2074,0.772572531
full,2075,0.640987570
full,2076,0.349218248
full,2077,0.169547283
full,2078,0.152742712
full,2079,0.152485451
full,2080,0.152495853
full,2081,0.152488443
full,2082,0.152483954
full,2083,0.152483339
full,2084,0.152483174
full,2085,0.152483116
full,2086,0.152483105
full,2087,0.152483104
full,2088,0.152483103
full,2089,0.152483103
full,2090,0.152483103
full,2091,0.152483103
full,2092,0.152483104
full,2093,0.152483189
full,2094,0.152504656
full,2095,0.159039414
full,2096,0.205515627
full,2097,0.267703373
full,2098,0.374298450
full,2099,0.647058404
full,2100,0.776219698
full,2101,0.899821719
full,2102,0.950590350
full,2103,0.863129964
full,2104,0.635655356
full,2105,0.239905860
full,2106,0.024442208
full,2107,0.000004325
full,2112,0.161611652
full,2113,0.206005609
full,2114,0.478399510
full,2115,0.783510088
full,2116,0.901421203
full,2117,0.979493504
full,2118,1.000000000
full,2119,0.985431100
full,2120,0.899571730
full,2121,0.804530587
full,2122,0.594228975
full,2123,0.426363711
full,2124,0.305003181
full,2125,0.289458079
full,2126,0.289452033
full,2127,0.289464660
full,2128,0.277331408
full,2129,0.273959551
full,2130,0.261320613
full,2131,0.190470673
full,2132,0.188994431
full,2133,0.163756497
full,2134,0.154707477
full,2135,0.154670483
full,2136,0.162934079
full,2137,0.188497971
full,2138,0.189601294
full,2139,0.189487226
full,2140,0.203430143
full,2141,0.263706317
full,2142,0.274061548
full,2143,0.315034117
full,2144,0.491000316
full,2145,0.690532181
full,2146,0.774375004
full,2147,0.901680295
full,2148,0.954859573
full,2149,0.894612324
full,2150,0.678389687
full,2151,0.352692250
full,2152,0.137067176
full,2153,0.015515119
full,2160,0.838388348
full,2161,0.854037242
full,2162,0.916553900
full,2163,0.991005848
full,2164,1.000000000
full,2165,1.000000000
full,2166,1.000000000
full,2167,1.000000000
full,2168,0.985431100
full,2169,0.974283933
full,2170,0.909511903
full,2171,0.868344334
full,2172,0.863031397
full,2173,0.863031400
full,2174,0.863031460
full,2175,0.850873508
full,2176,0.776654902
full,2177,0.744938580
full,2178,0.668019021
full,2179,0.463151294
full,2180,0.409828810
full,2181,0.339657729
full,2182,0.299336463
full,2183,0.298981582
full,2184,0.336147002
full,2185,0.413158964
full,2186,0.428721191
full,2187,0.428630282
full,2188,0.499254962
full,2189,0.681944561
full,2190,0.744830592
full,2191,0.780990604
full,2192,0.895095284
full,2193,0.973914307
full,2194,0.954916406
full,2195,0.858041253
full,2196,0.711466487
full,2197,0.465600574
full,2198,0.178157433
full,2199,0.031127539
full,2200,0.000016907
full,2208,1.000000000
full,2209,1.000000000
full,2210,1.000000000
full,2211,1.000000000
full,2212,1.000000000
full,2213,1.000000000
full,2214,1.000000000
full,2215,1.000000000
full,2216,1.000000000
full,2217,1.000000000
full,2218,1.000000000
full,2219,1.000000000
full,2220,1.000000000
full,2221,1.000000000
full,2222,1.000000000
full,2223,1.000000000
full,2224,0.987839766
full,2225,0.984485793
full,2226,0.971864704
full,2227,0.901018106
full,2228,0.899542416
full,2229,0.874304730
full,2230,0.865255758
full,2231,0.865218772
full,2232,0.873482369
full,2233,0.899046261
full,2234,0.900149584
full,2235,0.899991178
full,2236,0.913720016
full,2237,0.974209776
full,2238,0.984485605
full,2239,0.967589022
full,2240,0.899217716
full,2241,0.839955565
full,2242,0.651533068
full,2243,0.349854875
full,2244,0.147640050
full,2245,0.068652111
full,2246,0.006455108
full,2256,1.000000000
full,2257,1.000000000
full,2258,1.000000000
full,2259,1.000000000
full,2260,1.000000000
full,2261,1.000000000
full,2262,1.000000000
full,2263,1.000000000
full,2264,1.000000000
full,2265,1.000000000
full,2266,1.000000000
full,2267,1.000000000
full,2268,1.000000000
full,2269,1.000000000
full,2270,1.000000000
full,2271,1.000000000
full,2272,1.000000000
full,2273,1.000000000
full,2274,1.000000000
full,2275,1.000000000
full,2276,1.000000000
full,2277,1.000000000
full,2278,1.000000000
full,2279,1.000000000
full,2280,1.000000000
full,2281,1.000000000
full,2282,1.000000000
full,2283,1.000000000
full,2284,0.999947686
full,2285,1.000000000
full,2286,0.990070360
full,2287,0.843275131
full,2288,0.503323638
full,2289,0.252861108
full,2290,0.148270792
full,2291,0.037004492
full,2292,0.000067402
full,2304,1.000000000
full,2305,1.000000000
full,2306,1.000000000
full,2307,1.000000000
full,2308,1.000000000
full,2309,1.000000000
full,2310,1.000000000
full,2311,1.000000000
full,2312,1.000000000
full,2313,1.000000000
full,2314,1.000000000
full,2315,1.000000000
full,2316,1.000000000
full,2317,1.000000000
full,2318,1.000000000
full,2319,1.000000000
full,2320,1.000000000
full,2321,1.000000000
full,2322,1.000000000
full,2323,1.000000000
full,2324,1.000000000
full,2325,1.000000000
full,2326,1.000000000
full,2327,1.000000000
full,2328,1.000000000
full,2329,0.983673111
full,2330,0.981694259
full,2331,0.969291607
full,2332,0.898219751
full,2333,0.886118459
full,2334,0.789586266
full,2335,0.544590218
full,2336,0.254887118
full,2337,0.147802065
full,2338,0.036668241
full,2339,0.000077109
full,2352,0.985367047
full,2353,1.000000000
full,2354,1.000000000
full,2355,1.000000000
full,2356,1.000000000
full,2357,1.000000000
full,2358,1.000000000
full,2359,1.000000000
full,2360,1.000000000
full,2361,1.000000000
full,2362,1.000000000
full,2363,1.000000000
full,2364,1.000000000
full,2365,0.987297782
full,2366,0.984486388
full,2367,0.972325269
full,2368,0.898096261
full,2369,0.866387349
full,2370,0.863031684
full,2371,0.850410595
full,2372,0.853123401
full,2373,0.848457118
full,2374,0.847703718
full,2375,0.847712168
full,2376,0.834542016
full,2377,0.756581768
full,2378,0.732415542
full,2379,0.730444781
full,2380,0.720103601
full,2381,0.731837838
full,2382,0.721164382
full,2383,0.694364074
full,2384,0.700482878
full,2385,0.618681071
full,2386,0.333534339
full,2387,0.141232898
full,2388,0.053720195
full,2389,0.010338500
full,2400,0.753101248
full,2401,0.835119873
full,2402,0.869578848
full,2403,0.971841680
full,2404,1.000000000
full,2405,1.000000000
full,2406,0.985421108
full,2407,0.969916604
full,2408,0.884057233
full,2409,0.863976991
full,2410,0.852829824
full,2411,0.847516899
full,2412,0.834814679
full,2413,0.757969335
full,2414,0.728880231
full,2415,0.655188682
full,2416,0.423016344
full,2417,0.293492919
full,2418,0.261318152
full,2419,0.190469846
full,2420,0.188994132
full,2421,0.163756440
full,2422,0.154707468
full,2423,0.154670481
full,2424,0.162934078
full,2425,0.174660656
full,2426,0.174086868
full,2427,0.173928391
full,2428,0.187657228
full,2429,0.248147585
full,2430,0.277257166
full,2431,0.396683253
full,2432,0.619333414
full,2433,0.703265779
full,2434,0.634607202
full,2435,0.575043410
full,2436,0.398484201
full,2437,0.200774590
full,2438,0.058167966
full,2439,0.003565698
full,2448,0.146978699
full,2449,0.159030557
full,2450,0.299373423
full,2451,0.658889534
full,2452,0.845390921
full,2453,0.902421300
full,2454,0.875082216
full,2455,0.779053230
full,2456,0.502363166
full,2457,0.300350007
full,2458,0.214490810
full,2459,0.173310540
full,2460,0.152489447
full,2461,0.139780891
full,2462,0.136969557
full,2463,0.124810720
full,2464,0.050592114
full,2465,0.018875792
full,2466,0.015515638
full,2467,0.002893935
full,2468,0.005606576
full,2469,0.000940234
full,2470,0.000186823
full,2471,0.000195272
full,2472,0.000862433
full,2473,0.005229075
full,2474,0.004675152
full,2475,0.004640337
full,2476,0.005283108
full,2477,0.015514685
full,2478,0.018767804
full,2479,0.054927816
full,2480,0.169032497
full,2481,0.255979528
full,2482,0.320061098
full,2483,0.471427835
full,2484,0.596601239
full,2485,0.580001778
full,2486,0.385810862
full,2487,0.157751041
full,2488,0.031046055
full,2489,0.000000026
full,2497,0.000004651
full,2498,0.022061951
full,2499,0.128249567
full,2500,0.229327213
full,2501,0.468135516
full,2502,0.690542076
full,2503,0.807258958
full,2504,0.588314285
full,2505,0.286692477
full,2506,0.148844743
full,2507,0.121476985
full,2508,0.031065952
full,2509,0.000265883
full,2510,0.000000004
full,2511,0.000000044
full,2512,0.000002086
full,2513,0.000000550
full,2514,0.000000046
full,2515,0.000000031
full,2516,0.000000007
full,2517,0.000000001
full,2518,0.000000000
full,2519,0.000000000
full,2520,0.000000000
full,2521,0.000000000
full,2522,0.000000000
full,2523,0.000000000
full,2524,0.000000000
full,2525,0.000000000
full,2526,0.000000084
full,2527,0.000021063
full,2528,0.006433462
full,2529,0.017397546
full,2530,0.048312216
full,2531,0.177197230
full,2532,0.290474698
full,2533,0.460709891
full,2534,0.618833932
full,2535,0.611333650
full,2536,0.330323459
full,2537,0.119423234
full,2538,0.012508485
full,2548,0.010522499
full,2549,0.084997796
full,2550,0.324416554
full,2551,0.562445380
full,2552,0.486621444
full,2553,0.354428989
full,2554,0.207673797
full,2555,0.154381424
full,2556,0.121720101
full,2557,0.032541713
full,2558,0.002810712
full,2559,0.000000003
full,2560,0.000000000
full,2563,0.000000000
full,2564,0.000000000
full,2565,0.000000000
full,2577,0.000000000
full,2578,0.000488501
full,2579,0.017780013
full,2580,0.050156910
full,2581,0.192171635
full,2582,0.410221253
full,2583,0.655284905
full,2584,0.708729224
full,2585,0.551976453
full,2586,0.209873415
full,2587,0.021605067
full,2588,0.000000013
full,2597,0.000000001
full,2598,0.032652715
full,2599,0.136258163
full,2600,0.217665903
full,2601,0.330266341
full,2602,0.232025327
full,2603,0.163000441
full,2604,0.152483747
full,2605,0.124264819
full,2606,0.045898298
full,2607,0.008631682
full,2608,0.000000105
full,2609,0.000000000
full,2610,0.000000000
full,2611,0.000000000
full,2612,0.000000000
full,2627,0.000000000
full,2628,0.001994483
full,2629,0.034188142
full,2630,0.156615817
full,2631,0.341226258
full,2632,0.649382948
full,2633,0.798943511
full,2634,0.623203496
full,2635,0.265628465
full,2636,0.053203657
full,2637,0.002760336
full,2647,0.001624100
full,2648,0.038161055
full,2649,0.164811625
full,2650,0.170111962
full,2651,0.154285137
full,2652,0.152483236
full,2653,0.152483103
full,2654,0.130085776
full,2655,0.066468840
full,2656,0.021595593
full,2657,0.000017638
full,2658,0.000000121
full,2659,0.000000015
full,2660,0.000000002
full,2661,0.000000000
full,2662,0.000000000
full,2676,0.000000000
full,2677,0.000000006
full,2678,0.016755466
full,2679,0.053782970
full,2680,0.319082145
full,2681,0.651159186
full,2682,0.816489867
full,2683,0.657852834
full,2684,0.382020693
full,2685,0.153057024
full,2686,0.015514497
full,2696,0.000000317
full,2697,0.031028995
full,2698,0.121454118
full,2699,0.137777430
full,2700,0.152483107
full,2701,0.152483103
full,2702,0.152483103
full,2703,0.143049104
full,2704,0.121471745
full,2705,0.031131305
full,2706,0.001150718
full,2707,0.000017079
full,2708,0.000001940
full,2709,0.000000015
full,2710,0.000000000
full,2711,0.000000000
full,2723,0.000000000
full,2724,0.000000000
full,2725,0.000000010
full,2726,0.000000178
full,2727,0.001044004
full,2728,0.046579632
full,2729,0.317826188
full,2730,0.644046618
full,2731,0.819858656
full,2732,0.761244022
full,2733,0.619367323
full,2734,0.227393742
full,2735,0.018305826
full,2746,0.016323296
full,2747,0.035743023
full,2748,0.122262915
full,2749,0.137087464
full,2750,0.143608453
full,2751,0.152483103
full,2752,0.152483103
full,2753,0.122604111
full,2754,0.037646496
full,2755,0.004563574
full,2756,0.000174834
full,2757,0.000002461
full,2758,0.000000014
full,2759,0.000000000
full,2771,0.000000000
full,2772,0.000000000
full,2773,0.000000087
full,2774,0.000011671
full,2775,0.000095517
full,2776,0.000585983
full,2777,0.040366174
full,2778,0.276218569
full,2779,0.626181866
full,2780,0.830149869
full,2781,0.898092507
full,2782,0.647215398
full,2783,0.286611677
full,2794,0.000000000
full,2795,0.000808806
full,2796,0.015633394
full,2797,0.022847104
full,2798,0.069849492
full,2799,0.132796943
full,2800,0.152483103
full,2801,0.152483103
full,2802,0.125917419
full,2803,0.050606209
full,2804,0.006147452
full,2805,0.000150426
full,2806,0.000000468
full,2807,0.000000000
full,2819,0.000000000
full,2820,0.000000001
full,2821,0.000000213
full,2822,0.000018318
full,2823,0.000619592
full,2824,0.004107764
full,2825,0.007443639
full,2826,0.027094626
full,2827,0.207329846
full,2828,0.546036540
full,2829,0.754196795
full,2830,0.938929326
full,2831,0.856694174
full,2843,0.000000000
full,2844,0.000000007
full,2845,0.000120634
full,2846,0.011354956
full,2847,0.063144774
full,2848,0.141671593
full,2849,0.152483103
full,2850,0.152483103
full,2851,0.126743705
full,2852,0.029037399
full,2853,0.001965484
full,2854,0.000000919
full,2855,0.000000000
full,2867,0.000000000
full,2868,0.000000002
full,2869,0.000000347
full,2870,0.000030120
full,2871,0.000535265
full,2872,0.004304940
full,2873,0.014044130
full,2874,0.016824940
full,2875,0.014350871
full,2876,0.116753618
full,2877,0.377394737
full,2878,0.878545924
full,2879,1.000000000
full,2891,0.000000000
full,2892,0.000000007
full,2893,0.000120634
full,2894,0.011354956
full,2895,0.063144774
full,2896,0.141671593
full,2897,0.152483103
full,2898,0.152483103
full,2899,0.126743705
full,2900,0.029037399
full,2901,0.001965484
full,2902,0.000000919
full,2903,0.000000000
full,2915,0.000000000
full,2916,0.000000002
full,2917,0.000000347
full,2918,0.000030120
full,2919,0.000535265
full,2920,0.004304940
full,2921,0.014044130
full,2922,0.016824940
full,2923,0.014350871
full,2924,0.116753618
full,2925,0.377394737
full,2926,0.878545924
full,2927,1.000000000
full,2938,0.000000000
full,2939,0.000808806
full,2940,0.015633394
full,2941,0.022847104
full,2942,0.069849492
full,2943,0.132796943
full,2944,0.152483103
full,2945,0.152483103
full,2946,0.125917419
full,2947,0.050606209
full,2948,0.006147452
full,2949,0.000150426
full,2950,0.000000468
full,2951,0.000000000
full,2963,0.000000000
full,2964,0.000000001
full,2965,0.000000213
full,2966,0.000018318
full,2967,0.000619592
full,2968,0.004107764
full,2969,0.007443639
full,2970,0.027094626
full,2971,0.207329846
full,2972,0.546036540
full,2973,0.754196795
full,2974,0.938929326
full,2975,0.856694174
full,2986,0.016323296
full,2987,0.035743023
full,2988,0.122262915
full,2989,0.137087464
full,2990,0.143608453
full,2991,0.152483103
full,2992,0.152483103
full,2993,0.122604111
full,2994,0.037646496
full,2995,0.004563574
full,2996,0.000174834
full,2997,0.000002461
full,2998,0.000000014
full,2999,0.000000000
full,3011,0.000000000
full,3012,0.000000000
full,3013,0.000000087
full,3014,0.000011671
full,3015,0.000095517
full,3016,0.000585983
full,3017,0.040366174
full,3018,0.276218569
full,3019,0.626181866
full,3020,0.830149869
full,3021,0.898092507
full,3022,0.647215398
full,3023,0.286611677
full,3032,0.000000317
full,3033,0.031028995
full,3034,0.121454118
full,3035,0.137777430
full,3036,0.152483107
full,3037,0.152483103
full,3038,0.152483103
full,3039,0.143049104
full,3040,0.121471745
full,3041,0.031131305
full,3042,0.001150718
full,3043,0.000017079
full,3044,0.000001940
full,3045,0.000000015
full,3046,0.000000000
full,3047,0.000000000
full,3059,0.000000000
full,3060,0.000000000
full,3061,0.000000010
full,3062,0.000000178
full,3063,0.001044004
full,3064,0.046579632
full,3065,0.317826188
full,3066,0.644046618
full,3067,0.819858656
full,3068,0.761244022
full,3069,0.619367323
full,3070,0.227393742
full,3071,0.018305826
full,3079,0.001624100
full,3080,0.038161055
full,3081,0.164811625
full,3082,0.170111962
full,3083,0.154285137
full,3084,0.152483236
full,3085,0.152483103
full,3086,0.130085776
full,3087,0.066468840
full,3088,0.021595593
full,3089,0.000017638
full,3090,0.000000121
full,3091,0.000000015
full,3092,0.000000002
full,3093,0.000000000
full,3094,0.000000000
full,3108,0.000000000
full,3109,0.000000006
full,3110,0.016755466
full,3111,0.053782970
full,3112,0.319082145
full,3113,0.651159186
full,3114,0.816489867
full,3115,0.657852834
full,3116,0.382020693
full,3117,0.153057024
full,3118,0.015514497
full,3125,0.000000001
full,3126,0.032652715
full,3127,0.136258163
full,3128,0.217665903
full,3129,0.330266341
full,3130,0.232025327
full,3131,0.163000441
full,3132,0.152483747
full,3133,0.124264819
full,3134,0.045898298
full,3135,0.008631682
full,3136,0.000000105
full,3137,0.000000000
full,3138,0.000000000
full,3139,0.000000000
full,3140,0.000000000
full,3155,0.000000000
full,3156,0.001994483
full,3157,0.034188142
full,3158,0.156615817
full,3159,0.341226258
full,3160,0.649382948
full,3161,0.798943511
full,3162,0.623203496
full,3163,0.265628465
full,3164,0.053203657
full,3165,0.002760336
full,3172,0.010522499
full,3173,0.084997796
full,3174,0.324416554
full,3175,0.562445380
full,3176,0.486621445
full,3177,0.354428989
full,3178,0.207673797
full,3179,0.154381424
full,3180,0.121720101
full,3181,0.032541713
full,3182,0.002810712
full,3183,0.000000003
full,3184,0.000000000
full,3187,0.000000000
full,3188,0.000000000
full,3189,0.000000000
full,3201,0.000000000
full,3202,0.000488501
full,3203,0.017780013
full,3204,0.050156911
full,3205,0.192171635
full,3206,0.410221253
full,3207,0.655284905
full,3208,0.708729224
full,3209,0.551976453
full,3210,0.209873415
full,3211,0.021605067
full,3212,0.000000013
full,3217,0.000004651
full,3218,0.022061951
full,3219,0.128249567
full,3220,0.229327213
full,3221,0.468135516
full,3222,0.690542076
full,3223,0.807258958
full,3224,0.588314285
full,3225,0.286692477
full,3226,0.148844743
full,3227,0.121476985
full,3228,0.031065952
full,3229,0.000265883
full,3230,0.000000004
full,3231,0.000000044
full,3232,0.000002086
full,3233,0.000000550
full,3234,0.000000046
full,3235,0.000000031
full,3236,0.000000007
full,3237,0.000000001
full,3238,0.000000000
full,3239,0.000000000
full,3240,0.000000000
full,3241,0.000000000
full,3242,0.000000000
full,3243,0.000000000
full,3244,0.000000000
full,3245,0.000000000
full,3246,0.000000084
full,3247,0.000021063
full,3248,0.006433462
full,3249,0.017397546
full,3250,0.048312216
full,3251,0.177197230
full,3252,0.290474698
full,3253,0.460709891
full,3254,0.618833932
full,3255,0.611333650
full,3256,0.330323459
full,3257,0.119423235
full,3258,0.012508485
full,3264,0.146978699
full,3265,0.159030557
full,3266,0.299373423
full,3267,0.658889534
full,3268,0.845390921
full,3269,0.902421300
full,3270,0.875082216
full,3271,0.779053230
full,3272,0.502363166
full,3273,0.300350007
full,3274,0.214490810
full,3275,0.173310540
full,3276,0.152489447
full,3277,0.139780891
full,3278,0.136969557
full,3279,0.124810720
full,3280,0.050592114
full,3281,0.018875792
full,3282,0.015515638
full,3283,0.002893935
full,3284,0.005606576
full,3285,0.000940234
full,3286,0.000186823
full,3287,0.000195272
full,3288,0.000862433
full,3289,0.005229075
full,3290,0.004675152
full,3291,0.004640337
full,3292,0.005283108
full,3293,0.015514685
full,3294,0.018767804
full,3295,0.054927816
full,3296,0.169032497
full,3297,0.255979528
full,3298,0.320061098
full,3299,0.471427835
full,3300,0.596601239
full,3301,0.580001778
full,3302,0.385810862
full,3303,0.157751041
full,3304,0.031046055
full,3305,0.000000026
full,3312,0.753101248
full,3313,0.835119873
full,3314,0.869578848
full,3315,0.971841680
full,3316,1.000000000
full,3317,1.000000000
full,3318,0.985421108
full,3319,0.969916604
full,3320,0.884057233
full,3321,0.863976991
full,3322,0.852829824
full,3323,0.847516899
full,3324,0.834814679
full,3325,0.757969335
full,3326,0.728880231
full,3327,0.655188682
full,3328,0.423016344
full,3329,0.293492919
full,3330,0.261318152
full,3331,0.190469846
full,3332,0.188994132
full,3333,0.163756440
full,3334,0.154707468
full,3335,0.154670481
full,3336,0.162934078
full,3337,0.174660656
full,3338,0.174086868
full,3339,0.173928391
full,3340,0.187657228
full,3341,0.248147585
full,3342,0.277257166
full,3343,0.396683253
full,3344,0.619333414
full,3345,0.703265779
full,3346,0.634607202
full,3347,0.575043410
full,3348,0.398484201
full,3349,0.200774590
full,3350,0.058167966
full,3351,0.003565698
full,3360,0.985367047
full,3361,1.000000000
full,3362,1.000000000
full,3363,1.000000000
full,3364,1.000000000
full,3365,1.000000000
full,3366,1.000000000
full,3367,1.000000000
full,3368,1.000000000
full,3369,1.000000000
full,3370,1.000000000
full,3371,1.000000000
full,3372,1.000000000
full,3373,0.987297782
full,3374,0.984486388
full,3375,0.972325269
full,3376,0.898096261
full,3377,0.866387349
full,3378,0.863031684
full,3379,0.850410595
full,3380,0.853123401
full,3381,0.848457118
full,3382,0.847703718
full,3383,0.847712168
full,3384,0.834542016
full,3385,0.756581768
full,3386,0.732415542
full,3387,0.730444781
full,3388,0.720103601
full,3389,0.731837838
full,3390,0.721164382
full,3391,0.694364074
full,3392,0.700482879
full,3393,0.618681071
full,3394,0.333534339
full,3395,0.141232898
full,3396,0.053720195
full,3397,0.010338500
full,3408,1.000000000
full,3409,1.000000000
full,3410,1.000000000
full,3411,1.000000000
full,3412,1.000000000
full,3413,1.000000000
full,3414,1.000000000
full,3415,1.000000000
full,3416,1.000000000
full,3417,1.000000000
full,3418,1.000000000
full,3419,1.000000000
full,3420,1.000000000
full,3421,1.000000000
full,3422,1.000000000
full,3423,1.000000000
full,3424,1.000000000
full,3425,1.000000000
full,3426,1.000000000
full,3427,1.000000000
full,3428,1.000000000
full,3429,1.000000000
full,3430,1.000000000
full,3431,1.000000000
full,3432,1.000000000
full,3433,0.983673111
full,3434,0.981694259
full,3435,0.969291607
full,3436,0.898219751
full,3437,0.886118459
full,3438,0.789586266
full,3439,0.544590218
full,3440,0.254887118
full,3441,0.147802065
full,3442,0.036668241
full,3443,0.000077109
full,3456,1.000000000
full,3457,1.000000000
full,3458,1.000000000
full,3459,1.000000000
full,3460,1.000000000
full,3461,1.000000000
full,3462,1.000000000
full,3463,1.000000000
full,3464,1.000000000
full,3465,1.000000000
full,3466,1.000000000
full,3467,1.000000000
full,3468,1.000000000
full,3469,1.000000000
full,3470,1.000000000
full,3471,1.000000000
full,3472,1.000000000
full,3473,1.000000000
full,3474,1.000000000
full,3475,1.000000000
full,3476,1.000000000
full,3477,1.000000000
full,3478,1.000000000
full,3479,1.000000000
full,3480,0.983673111
full,3481,0.870207284
full,3482,0.840367866
full,3483,0.754055621
full,3484,0.474016404
full,3485,0.370533977
full,3486,0.208107790
full,3487,0.087735600
full,3488,0.026685749
full,3489,0.018305942
full,3490,0.000009710
full,3504,0.900079949
full,3505,0.987598325
full,3506,1.000000000
full,3507,1.000000000
full,3508,1.000000000
full,3509,1.000000000
full,3510,1.000000000
full,3511,1.000000000
full,3512,1.000000000
full,3513,1.000000000
full,3514,1.000000000
full,3515,1.000000000
full,3516,0.987297782
full,3517,0.897750219
full,3518,0.865849719
full,3519,0.863032279
full,3520,0.850871160
full,3521,0.847517187
full,3522,0.847516897
full,3523,0.847516897
full,3524,0.847516897
full,3525,0.847516897
full,3526,0.847516897
full,3527,0.847516897
full,3528,0.753029801
full,3529,0.418978649
full,3530,0.285391410
full,3531,0.263426320
full,3532,0.192724173
full,3533,0.183454079
full,3534,0.144950806
full,3535,0.132101469
full,3536,0.135489875
full,3537,0.121462976
full,3538,0.031077005
full,3539,0.015522745
full,3540,0.003883396
full,3541,0.000000000
full,3552,0.497239958
full,3553,0.762832965
full,3554,0.850387571
full,3555,0.898116322
full,3556,0.987351526
full,3557,0.985421108
full,3558,0.884934603
full,3559,0.863967003
full,3560,0.848462494
full,3561,0.847516897
full,3562,0.847516897
full,3563,0.847516897
full,3564,0.760780728
full,3565,0.445447526
full,3566,0.293161298
full,3567,0.261783025
full,3568,0.187547970
full,3569,0.155839059
full,3570,0.152483393
full,3571,0.152483103
full,3572,0.152483103
full,3573,0.152483103
full,3574,0.152483103
full,3575,0.152483103
full,3576,0.138645789
full,3577,0.042481583
full,3578,0.017192172
full,3579,0.015514569
full,3580,0.015470160
full,3581,0.015514606
full,3582,0.018747646
full,3583,0.048380794
full,3584,0.116001921
full,3585,0.135478585
full,3586,0.122857040
full,3587,0.116131116
full,3588,0.053663087
full,3589,0.019397893
full,3590,0.003548791
full,3591,0.000000000
full,3600,0.061691601
full,3601,0.140086080
full,3602,0.187595140
full,3603,0.431184611
full,3604,0.761147716
full,3605,0.754563712
full,3606,0.417203753
full,3607,0.281271536
full,3608,0.189023444
full,3609,0.153441401
full,3610,0.152483103
full,3611,0.152483103
full,3612,0.139780885
full,3613,0.050233323
full,3614,0.018332822
full,3615,0.015515383
full,3616,0.003354263
full,3617,0.000000290
full,3618,0.000000000
full,3630,0.000000102
full,3631,0.003231158
full,3632,0.014024336
full,3633,0.016909049
full,3634,0.029950571
full,3635,0.069189415
full,3636,0.116402077
full,3637,0.115411933
full,3638,0.051712864
full,3639,0.019063288
full,3640,0.000000026
full,3649,0.000000000
full,3650,0.002870674
full,3651,0.050599425
full,3652,0.146432344
full,3653,0.191873009
full,3654,0.149955034
full,3655,0.153418713
full,3656,0.112237865
full,3657,0.021981346
full,3658,0.000029234
full,3659,0.000000000
full,3681,0.000000000
full,3682,0.001394545
full,3683,0.006579061
full,3684,0.023017743
full,3685,0.065824845
full,3686,0.118571050
full,3687,0.121454138
full,3688,0.031029148
full,3689,0.012504187
full,3701,0.006597715
full,3702,0.031028995
full,3703,0.111279567
full,3704,0.068545413
full,3705,0.049759129
full,3706,0.008290501
full,3707,0.000016643
full,3708,0.000000000
full,3732,0.000271038
full,3733,0.009082641
full,3734,0.049441694
full,3735,0.124825037
full,3736,0.133958296
full,3737,0.103908584
full,3738,0.028018658
full,3739,0.000000013
full,3750,0.000000000
full,3751,0.015514559
full,3752,0.012470169
full,3753,0.049750015
full,3754,0.017645354
full,3755,0.001801964
full,3756,0.000000110
full,3781,0.000000000
full,3782,0.003370928
full,3783,0.032263501
full,3784,0.121667051
full,3785,0.149472855
full,3786,0.121456105
full,3787,0.031038652
full,3788,0.002761740
full,3800,0.000000062
full,3801,0.007129851
full,3802,0.001801329
full,3803,0.000000134
full,3804,0.000000004
full,3831,0.000212942
full,3832,0.031035601
full,3833,0.121455890
full,3834,0.152526927
full,3835,0.124888784
full,3836,0.050031957
full,3837,0.018695537
full,3850,0.000000001
full,3851,0.000000004
full,3880,0.000001189
full,3881,0.031029407
full,3882,0.121676779
full,3883,0.157212637
full,3884,0.168806792
full,3885,0.204477589
full,3886,0.042606740
full,3887,0.000000024
full,3928,0.000000004
full,3929,0.000000628
full,3930,0.031061403
full,3931,0.129565524
full,3932,0.257466219
full,3933,0.452546553
full,3934,0.322952736
full,3935,0.179917645
full,3976,0.000000539
full,3977,0.000003234
full,3978,0.000001712
full,3979,0.028652588
full,3980,0.127016451
full,3981,0.358120351
full,3982,0.759896647
full,3983,0.838388372
full,4024,0.000000065
full,4025,0.000002009
full,4026,0.000007105
full,4027,0.000001028
full,4028,0.013031393
full,4029,0.174739249
full,4030,0.848504190
full,4031,1.000000000
full,4072,0.000000065
full,4073,0.000002009
full,4074,0.000007105
full,4075,0.000001028
full,4076,0.013031393
full,4077,0.174739249
full,4078,0.848504190
full,4079,1.000000000
full,4120,0.000000539
full,4121,0.000003234
full,4122,0.000001712
full,4123,0.028652588
full,4124,0.127016451
full,4125,0.358120351
full,4126,0.759896647
full,4127,0.838388372
full,4168,0.000000004
full,4169,0.000000628
full,4170,0.031061403
full,4171,0.129565524
full,4172,0.257466219
full,4173,0.452546553
full,4174,0.322952736
full,4175,0.179917645
full,4186,0.000000001
full,4187,0.000000004
full,4216,0.000001189
full,4217,0.031029407
full,4218,0.121676779
full,4219,0.157212637
full,4220,0.168806792
full,4221,0.204477589
full,4222,0.042606740
full,4223,0.000000024
full,4232,0.000000062
full,4233,0.007129851
full,4234,0.001801329
full,4235,0.000000134
full,4236,0.000000004
full,4263,0.000212942
full,4264,0.031035601
full,4265,0.121455890
full,4266,0.152526927
full,4267,0.124888784
full,4268,0.050031957
full,4269,0.018695537
full,4278,0.000000000
full,4279,0.015514559
full,4280,0.012470169
full,4281,0.049750015
full,4282,0.017645354
full,4283,0.001801964
full,4284,0.000000110
full,4309,0.000000000
full,4310,0.003370928
full,4311,0.032263501
full,4312,0.121667051
full,4313,0.149472855
full,4314,0.121456105
full,4315,0.031038652
full,4316,0.002761740
full,4325,0.006597715
full,4326,0.031028995
full,4327,0.111279567
full,4328,0.068545414
full,4329,0.049759129
full,4330,0.008290501
full,4331,0.000016643
full,4332,0.000000000
full,4356,0.000271038
full,4357,0.009082641
full,4358,0.049441694
full,4359,0.124825037
full,4360,0.133958296
full,4361,0.103908584
full,4362,0.028018658
full,4363,0.000000013
full,4369,0.000000000
full,4370,0.002870674
full,4371,0.050599425
full,4372,0.146432344
full,4373,0.191873009
full,4374,0.149955034
full,4375,0.153418713
full,4376,0.112237865
full,4377,0.021981346
full,4378,0.000029234
full,4379,0.000000000
full,4401,0.000000000
full,4402,0.001394545
full,4403,0.006579061
full,4404,0.023017743
full,4405,0.065824845
full,4406,0.118571050
full,4407,0.121454138
full,4408,0.031029148
full,4409,0.012504187
full,4416,0.061691601
full,4417,0.140086080
full,4418,0.187595140
full,4419,0.431184611
full,4420,0.761147716
full,4421,0.754563712
full,4422,0.417203753
full,4423,0.281271536
full,4424,0.189023444
full,4425,0.153441401
full,4426,0.152483103
full,4427,0.152483103
full,4428,0.139780885
full,4429,0.050233323
full,4430,0.018332822
full,4431,0.015515383
full,4432,0.003354263
full,4433,0.000000290
full,4434,0.000000000
full,4446,0.000000102
full,4447,0.003231158
full,4448,0.014024336
full,4449,0.016909049
full,4450,0.029950571
full,4451,0.069189415
full,4452,0.116402077
full,4453,0.115411933
full,4454,0.051712864
full,4455,0.019063288
full,4456,0.000000026
full,4464,0.497239958
full,4465,0.762832965
full,4466,0.850387571
full,4467,0.898116322
full,4468,0.987351526
full,4469,0.985421108
full,4470,0.884934603
full,4471,0.863967003
full,4472,0.848462494
full,4473,0.847516897
full,4474,0.847516897
full,4475,0.847516897
full,4476,0.760780728
full,4477,0.445447526
full,4478,0.293161298
full,4479,0.261783025
full,4480,0.187547970
full,4481,0.155839059
full,4482,0.152483393
full,4483,0.152483103
full,4484,0.152483103
full,4485,0.152483103
full,4486,0.152483103
full,4487,0.152483103
full,4488,0.138645789
full,4489,0.042481583
full,4490,0.017192172
full,4491,0.015514569
full,4492,0.015470160
full,4493,0.015514606
full,4494,0.018747646
full,4495,0.048380794
full,4496,0.116001921
full,4497,0.135478585
full,4498,0.122857040
full,4499,0.116131116
full,4500,0.053663087
full,4501,0.019397893
full,4502,0.003548791
full,4503,0.000000000
full,4512,0.900079949
full,4513,0.987598325
full,4514,1.000000000
full,4515,1.000000000
full,4516,1.000000000
full,4517,1.000000000
full,4518,1.000000000
full,4519,1.000000000
full,4520,1.000000000
full,4521,1.000000000
full,4522,1.000000000
full,4523,1.000000000
full,4524,0.987297782
full,4525,0.897750219
full,4526,0.865849719
full,4527,0.863032279
full,4528,0.850871160
full,4529,0.847517187
full,4530,0.847516897
full,4531,0.847516897
full,4532,0.847516897
full,4533,0.847516897
full,4534,0.847516897
full,4535,0.847516897
full,4536,0.753029801
full,4537,0.418978649
full,4538,0.285391410
full,4539,0.263426320
full,4540,0.192724173
full,4541,0.183454079
full,4542,0.144950806
full,4543,0.132101469
full,4544,0.135489875
full,4545,0.121462976
full,4546,0.031077005
full,4547,0.015522745
full,4548,0.003883396
full,4549,0.000000000
full,4560,1.000000000
full,4561,1.000000000
full,4562,1.000000000
full,4563,1.000000000
full,4564,1.000000000
full,4565,1.000000000
full,4566,1.000000000
full,4567,1.000000000
full,4568,1.000000000
full,4569,1.000000000
full,4570,1.000000000
full,4571,1.000000000
full,4572,1.000000000
full,4573,1.000000000
full,4574,1.000000000
full,4575,1.000000000
full,4576,1.000000000
full,4577,1.000000000
full,4578,1.000000000
full,4579,1.000000000
full,4580,1.000000000
full,4581,1.000000000
full,4582,1.000000000
full,4583,1.000000000
full,4584,0.983673111
full,4585,0.870207284
full,4586,0.840367866
full,4587,0.754055621
full,4588,0.474016404
full,4589,0.370533977
full,4590,0.208107790
full,4591,0.087735600
full,4592,0.026685749
full,4593,0.018305942
full,4594,0.000009710
full,4608,1.000000000
full,4609,1.000000000
full,4610,1.000000000
full,4611,1.000000000
full,4612,1.000000000
full,4613,1.000000000
full,4614,1.000000000
full,4615,1.000000000
full,4616,1.000000000
full,4617,1.000000000
full,4618,1.000000000
full,4619,1.000000000
full,4620,1.000000000
full,4621,1.000000000
full,4622,1.000000000
full,4623,1.000000000
full,4624,1.000000000
full,4625,1.000000000
full,4626,1.000000000
full,4627,1.000000000
full,4628,1.000000000
full,4629,1.000000000
full,4630,1.000000000
full,4631,1.000000000
full,4632,0.983673108
full,4633,0.870207271
full,4634,0.840367863
full,4635,0.754055578
full,4636,0.474016258
full,4637,0.370533846
full,4638,0.208107736
full,4639,0.087735504
full,4640,0.026685733
full,4641,0.018305942
full,4642,0.000009710
full,4656,0.900079956
full,4657,0.987598326
full,4658,1.000000000
full,4659,1.000000000
full,4660,1.000000000
full,4661,1.000000000
full,4662,1.000000000
full,4663,1.000000000
full,4664,1.000000000
full,4665,1.000000000
full,4666,1.000000000
full,4667,1.000000000
full,4668,0.987297782
full,4669,0.897750218
full,4670,0.865849719
full,4671,0.863032279
full,4672,0.850871161
full,4673,0.847517187
full,4674,0.847516897
full,4675,0.847516897
full,4676,0.847516897
full,4677,0.847516897
full,4678,0.847516897
full,4679,0.847516897
full,4680,0.753029791
full,4681,0.418978624
full,4682,0.285391400
full,4683,0.263426309
full,4684,0.192724110
full,4685,0.183454037
full,4686,0.144950799
full,4687,0.132101435
full,4688,0.135489839
full,4689,0.121462976
full,4690,0.031077005
full,4691,0.015522745
full,4692,0.003883384
full,4693,0.000000000
full,4704,0.497239974
full,4705,0.762832971
full,4706,0.850387572
full,4707,0.898116325
full,4708,0.987351527
full,4709,0.985421108
full,4710,0.884934604
full,4711,0.863967004
full,4712,0.848462495
full,4713,0.847516897
full,4714,0.847516897
full,4715,0.847516897
full,4716,0.760780727
full,4717,0.445447524
full,4718,0.293161297
full,4719,0.261783026
full,4720,0.187547972
full,4721,0.155839059
full,4722,0.152483393
full,4723,0.152483103
full,4724,0.152483103
full,4725,0.152483103
full,4726,0.152483103
full,4727,0.152483103
full,4728,0.138645786
full,4729,0.042481572
full,4730,0.017192170
full,4731,0.015514569
full,4732,0.015470157
full,4733,0.015514606
full,4734,0.018747626
full,4735,0.048380643
full,4736,0.116001691
full,4737,0.135478549
full,4738,0.122857034
full,4739,0.116131087
full,4740,0.053663018
full,4741,0.019397882
full,4742,0.003548774
full,4743,0.000000000
full,4752,0.061691608
full,4753,0.140086081
full,4754,0.187595143
full,4755,0.431184618
full,4756,0.761147719
full,4757,0.754563715
full,4758,0.417203755
full,4759,0.281271537
full,4760,0.189023446
full,4761,0.153441402
full,4762,0.152483103
full,4763,0.152483103
full,4764,0.139780885
full,4765,0.050233322
full,4766,0.018332822
full,4767,0.015515383
full,4768,0.003354264
full,4769,0.000000290
full,4770,0.000000000
full,4782,0.000000102
full,4783,0.003231138
full,4784,0.014024300
full,4785,0.016909043
full,4786,0.029950519
full,4787,0.069189310
full,4788,0.116402048
full,4789,0.115411911
full,4790,0.051712767
full,4791,0.019063271
full,4792,0.000000026
full,4801,0.000000000
full,4802,0.002870675
full,4803,0.050599428
full,4804,0.146432347
full,4805,0.191873024
full,4806,0.149955037
full,4807,0.153418713
full,4808,0.112237869
full,4809,0.021981351
full,4810,0.000029234
full,4811,0.000000000
full,4833,0.000000000
full,4834,0.001394539
full,4835,0.006579044
full,4836,0.023017735
full,4837,0.065824810
full,4838,0.118571033
full,4839,0.121454138
full,4840,0.031029148
full,4841,0.012504152
full,4853,0.006597718
full,4854,0.031028995
full,4855,0.111279570
full,4856,0.068545439
full,4857,0.049759165
full,4858,0.008290508
full,4859,0.000016643
full,4860,0.000000000
full,4884,0.000271037
full,4885,0.009082640
full,4886,0.049441723
full,4887,0.124825042
full,4888,0.133958261
full,4889,0.103908379
full,4890,0.028018623
full,4891,0.000000013
full,4902,0.000000000
full,4903,0.015514559
full,4904,0.012470176
full,4905,0.049750042
full,4906,0.017645368
full,4907,0.001801965
full,4908,0.000000110
full,4933,0.000000000
full,4934,0.003370933
full,4935,0.032263504
full,4936,0.121667052
full,4937,0.149472820
full,4938,0.121456105
full,4939,0.031038652
full,4940,0.002761749
full,4952,0.000000062
full,4953,0.007129854
full,4954,0.001801330
full,4955,0.000000134
full,4956,0.000000004
full,4983,0.000212942
full,4984,0.031035601
full,4985,0.121455890
full,4986,0.152526926
full,4987,0.124888791
full,4988,0.050032004
full,4989,0.018695545
full,5002,0.000000001
full,5003,0.000000004
full,5032,0.000001189
full,5033,0.031029407
full,5034,0.121676778
full,5035,0.157212618
full,5036,0.168806656
full,5037,0.204477165
full,5038,0.042606656
full,5039,0.000000024
full,5080,0.000000004
full,5081,0.000000628
full,5082,0.031061403
full,5083,0.129565482
full,5084,0.257465537
full,5085,0.452545479
full,5086,0.322952318
full,5087,0.179917645
full,5128,0.000000540
full,5129,0.000003237
full,5130,0.000001715
full,5131,0.028652420
full,5132,0.127015344
full,5133,0.358119657
full,5134,0.759896514
full,5135,0.838388372
full,5176,0.000000065
full,5177,0.000002012
full,5178,0.000007119
full,5179,0.000001030
full,5180,0.013031222
full,5181,0.174739200
full,5182,0.848504180
full,5183,1.000000000
full,5224,0.000000065
full,5225,0.000002012
full,5226,0.000007119
full,5227,0.000001030
full,5228,0.013031222
full,5229,0.174739200
full,5230,0.848504180
full,5231,1.000000000
full,5272,0.000000540
full,5273,0.000003237
full,5274,0.000001715
full,5275,0.028652420
full,5276,0.127015344
full,5277,0.358119657
full,5278,0.759896514
full,5279,0.838388372
full,5320,0.000000004
full,5321,0.000000628
full,5322,0.031061403
full,5323,0.129565482
full,5324,0.257465537
full,5325,0.452545479
full,5326,0.322952318
full,5327,0.179917645
full,5338,0.000000001
full,5339,0.000000004
full,5368,0.000001189
full,5369,0.031029407
full,5370,0.121676778
full,5371,0.157212618
full,5372,0.168806656
full,5373,0.204477165
full,5374,0.042606656
full,5375,0.000000024
full,5384,0.000000062
full,5385,0.007129854
full,5386,0.001801330
full,5387,0.000000134
full,5388,0.000000004
full,5415,0.000212942
full,5416,0.031035601
full,5417,0.121455890
full,5418,0.152526926
full,5419,0.124888791
full,5420,0.050032004
full,5421,0.018695545
full,5430,0.000000000
full,5431,0.015514559
full,5432,0.012470176
full,5433,0.049750042
full,5434,0.017645368
full,5435,0.001801965
full,5436,0.000000110
full,5461,0.000000000
full,5462,0.003370933
full,5463,0.032263504
full,5464,0.121667052
full,5465,0.149472820
full,5466,0.121456105
full,5467,0.031038652
full,5468,0.002761749
full,5477,0.006597718
full,5478,0.031028995
full,5479,0.111279570
full,5480,0.068545439
full,5481,0.049759165
full,5482,0.008290508
full,5483,0.000016643
full,5484,0.000000000
full,5508,0.000271037
full,5509,0.009082640
full,5510,0.049441723
full,5511,0.124825042
full,5512,0.133958261
full,5513,0.103908379
full,5514,0.028018623
full,5515,0.000000013
full,5521,0.000000000
full,5522,0.002870675
full,5523,0.050599428
full,5524,0.146432347
full,5525,0.191873024
full,5526,0.149955037
full,5527,0.153418713
full,5528,0.112237869
full,5529,0.021981351
full,5530,0.000029234
full,5531,0.000000000
full,5553,0.000000000
full,5554,0.001394539
full,5555,0.006579044
full,5556,0.023017735
full,5557,0.065824810
full,5558,0.118571033
full,5559,0.121454138
full,5560,0.031029148
full,5561,0.012504152
full,5568,0.061691608
full,5569,0.140086081
full,5570,0.187595143
full,5571,0.431184618
full,5572,0.761147719
full,5573,0.754563715
full,5574,0.417203755
full,5575,0.281271537
full,5576,0.189023446
full,5577,0.153441402
full,5578,0.152483103
full,5579,0.152483103
full,5580,0.139780885
full,5581,0.050233322
full,5582,0.018332822
full,5583,0.015515383
full,5584,0.003354264
full,5585,0.000000290
full,5586,0.000000000
full,5598,0.000000102
full,5599,0.003231138
full,5600,0.014024300
full,5601,0.016909043
full,5602,0.029950519
full,5603,0.069189310
full,5604,0.116402048
full,5605,0.115411911
full,5606,0.051712767
full,5607,0.019063271
full,5608,0.000000026
full,5616,0.497239974
full,5617,0.762832971
full,5618,0.850387572
full,5619,0.898116325
full,5620,0.987351527
full,5621,0.985421108
full,5622,0.884934604
full,5623,0.863967004
full,5624,0.848462495
full,5625,0.847516897
full,5626,0.847516897
full,5627,0.847516897
full,5628,0.760780727
full,5629,0.445447523
full,5630,0.293161297
full,5631,0.261783026
full,5632,0.187547972
full,5633,0.155839059
full,5634,0.152483393
full,5635,0.152483103
full,5636,0.152483103
full,5637,0.152483103
full,5638,0.152483103
full,5639,0.152483103
full,5640,0.138645786
full,5641,0.042481572
full,5642,0.017192170
full,5643,0.015514569
full,5644,0.015470157
full,5645,0.015514606
full,5646,0.018747626
full,5647,0.048380643
full,5648,0.116001691
full,5649,0.135478549
full,5650,0.122857034
full,5651,0.116131087
full,5652,0.053663018
full,5653,0.019397882
full,5654,0.003548774
full,5655,0.000000000
full,5664,0.900079956
full,5665,0.987598326
full,5666,1.000000000
full,5667,1.000000000
full,5668,1.000000000
full,5669,1.000000000
full,5670,1.000000000
full,5671,1.000000000
full,5672,1.000000000
full,5673,1.000000000
full,5674,1.000000000
full,5675,1.000000000
full,5676,0.987297782
full,5677,0.897750218
full,5678,0.865849719
full,5679,0.863032279
full,5680,0.850871161
full,5681,0.847517187
full,5682,0.847516897
full,5683,0.847516897
full,5684,0.847516897
full,5685,0.847516897
full,5686,0.847516897
full,5687,0.847516897
full,5688,0.753029791
full,5689,0.418978624
full,5690,0.285391400
full,5691,0.263426309
full,5692,0.192724110
full,5693,0.183454037
full,5694,0.144950799
full,5695,0.132101435
full,5696,0.135489839
full,5697,0.121462976
full,5698,0.031077005
full,5699,0.015522745
full,5700,0.003883384
full,5701,0.000000000
full,5712,1.000000000
full,5713,1.000000000
full,5714,1.000000000
full,5715,1.000000000
full,5716,1.000000000
full,5717,1.000000000
full,5718,1.000000000
full,5719,1.000000000
full,5720,1.000000000
full,5721,1.000000000
full,5722,1.000000000
full,5723,1.000000000
full,5724,1.000000000
full,5725,1.000000000
full,5726,1.000000000
full,5727,1.000000000
full,5728,1.000000000
full,5729,1.000000000
full,5730,1.000000000
full,5731,1.000000000
full,5732,1.000000000
full,5733,1.000000000
full,5734,1.000000000
full,5735,1.000000000
full,5736,0.983673108
full,5737,0.870207271
full,5738,0.840367863
full,5739,0.754055578
full,5740,0.474016258
full,5741,0.370533846
full,5742,0.208107736
full,5743,0.087735504
full,5744,0.026685733
full,5745,0.018305942
full,5746,0.000009710
full,5760,1.000000000
full,5761,1.000000000
full,5762,1.000000000
full,5763,1.000000000
full,5764,1.000000000
full,5765,1.000000000
full,5766,1.000000000
full,5767,1.000000000
full,5768,1.000000000
full,5769,1.000000000
full,5770,1.000000000
full,5771,1.000000000
full,5772,1.000000000
full,5773,1.000000000
full,5774,1.000000000
full,5775,1.000000000
full,5776,1.000000000
full,5777,1.000000000
full,5778,1.000000000
full,5779,1.000000000
full,5780,1.000000000
full,5781,1.000000000
full,5782,1.000000000
full,5783,1.000000000
full,5784,1.000000000
full,5785,0.983673108
full,5786,0.981694259
full,5787,0.969291594
full,5788,0.898219667
full,5789,0.886118402
full,5790,0.789586162
full,5791,0.544589919
full,5792,0.254886952
full,5793,0.147802053
full,5794,0.036668240
full,5795,0.000077109
full,5808,0.985367048
full,5809,1.000000000
full,5810,1.000000000
full,5811,1.000000000
full,5812,1.000000000
full,5813,1.000000000
full,5814,1.000000000
full,5815,1.000000000
full,5816,1.000000000
full,5817,1.000000000
full,5818,1.000000000
full,5819,1.000000000
full,5820,1.000000000
full,5821,0.987297782
full,5822,0.984486388
full,5823,0.972325270
full,5824,0.898096263
full,5825,0.866387350
full,5826,0.863031684
full,5827,0.850410596
full,5828,0.853123403
full,5829,0.848457118
full,5830,0.847703718
full,5831,0.847712168
full,5832,0.834542013
full,5833,0.756581755
full,5834,0.732415539
full,5835,0.730444759
full,5836,0.720103528
full,5837,0.731837811
full,5838,0.721164349
full,5839,0.694363841
full,5840,0.700482624
full,5841,0.618681035
full,5842,0.333534338
full,5843,0.141232885
full,5844,0.053720126
full,5845,0.010338447
full,5856,0.753101256
full,5857,0.835119874
full,5858,0.869578856
full,5859,0.971841681
full,5860,1.000000000
full,5861,1.000000000
full,5862,0.985421108
full,5863,0.969916604
full,5864,0.884057235
full,5865,0.863976991
full,5866,0.852829828
full,5867,0.847516899
full,5868,0.834814679
full,5869,0.757969334
full,5870,0.728880231
full,5871,0.655188684
full,5872,0.423016350
full,5873,0.293492921
full,5874,0.261318153
full,5875,0.190469853
full,5876,0.188994141
full,5877,0.163756442
full,5878,0.154707468
full,5879,0.154670481
full,5880,0.162934077
full,5881,0.174660649
full,5882,0.174086859
full,5883,0.173928369
full,5884,0.187657175
full,5885,0.248147576
full,5886,0.277257051
full,5887,0.396682696
full,5888,0.619332657
full,5889,0.703265563
full,5890,0.634607149
full,5891,0.575043236
full,5892,0.398483936
full,5893,0.200774264
full,5894,0.058167828
full,5895,0.003565681
full,5904,0.146978701
full,5905,0.159030565
full,5906,0.299373471
full,5907,0.658889546
full,5908,0.845390927
full,5909,0.902421315
full,5910,0.875082219
full,5911,0.779053232
full,5912,0.502363172
full,5913,0.300350014
full,5914,0.214490834
full,5915,0.173310544
full,5916,0.152489447
full,5917,0.139780891
full,5918,0.136969557
full,5919,0.124810720
full,5920,0.050592116
full,5921,0.018875793
full,5922,0.015515638
full,5923,0.002893935
full,5924,0.005606577
full,5925,0.000940234
full,5926,0.000186823
full,5927,0.000195272
full,5928,0.000862433
full,5929,0.005229075
full,5930,0.004675150
full,5931,0.004640335
full,5932,0.005283102
full,5933,0.015514685
full,5934,0.018767784
full,5935,0.054927655
full,5936,0.169032208
full,5937,0.255979447
full,5938,0.320060892
full,5939,0.471427489
full,5940,0.596601062
full,5941,0.580001593
full,5942,0.385810565
full,5943,0.157750943
full,5944,0.031046055
full,5945,0.000000026
full,5953,0.000004651
full,5954,0.022061959
full,5955,0.128249570
full,5956,0.229327244
full,5957,0.468135563
full,5958,0.690542091
full,5959,0.807258962
full,5960,0.588314313
full,5961,0.286692510
full,5962,0.148844752
full,5963,0.121476985
full,5964,0.031065952
full,5965,0.000265883
full,5966,0.000000004
full,5967,0.000000044
full,5968,0.000002086
full,5969,0.000000550
full,5970,0.000000046
full,5971,0.000000031
full,5972,0.000000007
full,5973,0.000000001
full,5974,0.000000000
full,5975,0.000000000
full,5976,0.000000000
full,5977,0.000000000
full,5978,0.000000000
full,5979,0.000000000
full,5980,0.000000000
full,5981,0.000000000
full,5982,0.000000084
full,5983,0.000021063
full,5984,0.006433452
full,5985,0.017397539
full,5986,0.048312160
full,5987,0.177197122
full,5988,0.290474640
full,5989,0.460709773
full,5990,0.618833829
full,5991,0.611333638
full,5992,0.330323424
full,5993,0.119423030
full,5994,0.012508450
full,6004,0.010522504
full,6005,0.084997811
full,6006,0.324416556
full,6007,0.562445401
full,6008,0.486621538
full,6009,0.354429120
full,6010,0.207673840
full,6011,0.154381425
full,6012,0.121720102
full,6013,0.032541714
full,6014,0.002810715
full,6015,0.000000003
full,6016,0.000000000
full,6019,0.000000000
full,6020,0.000000000
full,6021,0.000000000
full,6033,0.000000000
full,6034,0.000488500
full,6035,0.017780012
full,6036,0.050156899
full,6037,0.192171627
full,6038,0.410221334
full,6039,0.655284936
full,6040,0.708729020
full,6041,0.551975839
full,6042,0.209873210
full,6043,0.021605056
full,6044,0.000000013
full,6053,0.000000001
full,6054,0.032652715
full,6055,0.136258167
full,6056,0.217665950
full,6057,0.330266446
full,6058,0.232025383
full,6059,0.163000451
full,6060,0.152483747
full,6061,0.124264822
full,6062,0.045898314
full,6063,0.008631690
full,6064,0.000000105
full,6065,0.000000000
full,6066,0.000000000
full,6067,0.000000000
full,6068,0.000000000
full,6083,0.000000000
full,6084,0.001994483
full,6085,0.034188147
full,6086,0.156615849
full,6087,0.341226271
full,6088,0.649382916
full,6089,0.798943307
full,6090,0.623203450
full,6091,0.265628407
full,6092,0.053203702
full,6093,0.002760346
full,6103,0.001624100
full,6104,0.038161059
full,6105,0.164811647
full,6106,0.170111975
full,6107,0.154285139
full,6108,0.152483236
full,6109,0.152483103
full,6110,0.130085785
full,6111,0.066468873
full,6112,0.021595599
full,6113,0.000017638
full,6114,0.000000121
full,6115,0.000000015
full,6116,0.000000002
full,6117,0.000000000
full,6118,0.000000000
full,6132,0.000000000
full,6133,0.000000006
full,6134,0.016755466
full,6135,0.053782974
full,6136,0.319082146
full,6137,0.651159186
full,6138,0.816489867
full,6139,0.657852879
full,6140,0.382020861
full,6141,0.153057080
full,6142,0.015514497
full,6152,0.000000317
full,6153,0.031028995
full,6154,0.121454118
full,6155,0.137777430
full,6156,0.152483107
full,6157,0.152483103
full,6158,0.152483103
full,6159,0.143049110
full,6160,0.121471745
full,6161,0.031131305
full,6162,0.001150719
full,6163,0.000017079
full,6164,0.000001940
full,6165,0.000000015
full,6166,0.000000000
full,6167,0.000000000
full,6179,0.000000000
full,6180,0.000000000
full,6181,0.000000010
full,6182,0.000000178
full,6183,0.001044004
full,6184,0.046579633
full,6185,0.317826189
full,6186,0.644046561
full,6187,0.819858663
full,6188,0.761244059
full,6189,0.619367247
full,6190,0.227393742
full,6191,0.018305826
full,6202,0.016323297
full,6203,0.035743025
full,6204,0.122262916
full,6205,0.137087464
full,6206,0.143608459
full,6207,0.152483103
full,6208,0.152483103
full,6209,0.122604112
full,6210,0.037646502
full,6211,0.004563578
full,6212,0.000174834
full,6213,0.000002461
full,6214,0.000000014
full,6215,0.000000000
full,6227,0.000000000
full,6228,0.000000000
full,6229,0.000000087
full,6230,0.000011671
full,6231,0.000095519
full,6232,0.000586024
full,6233,0.040366245
full,6234,0.276218237
full,6235,0.626181640
full,6236,0.830148801
full,6237,0.898091836
full,6238,0.647215314
full,6239,0.286611677
full,6250,0.000000000
full,6251,0.000808807
full,6252,0.015633394
full,6253,0.022847111
full,6254,0.069849526
full,6255,0.132796953
full,6256,0.152483103
full,6257,0.152483103
full,6258,0.125917423
full,6259,0.050606227
full,6260,0.006147458
full,6261,0.000150426
full,6262,0.000000468
full,6263,0.000000000
full,6275,0.000000000
full,6276,0.000000001
full,6277,0.000000213
full,6278,0.000018318
full,6279,0.000619631
full,6280,0.004108123
full,6281,0.007444594
full,6282,0.027095044
full,6283,0.207328915
full,6284,0.546033718
full,6285,0.754195717
full,6286,0.938929316
full,6287,0.856694174
full,6299,0.000000000
full,6300,0.000000007
full,6301,0.000120634
full,6302,0.011354966
full,6303,0.063144796
full,6304,0.141671596
full,6305,0.152483103
full,6306,0.152483103
full,6307,0.126743710
full,6308,0.029037413
full,6309,0.001965486
full,6310,0.000000919
full,6311,0.000000000
full,6323,0.000000000
full,6324,0.000000002
full,6325,0.000000347
full,6326,0.000030122
full,6327,0.000535298
full,6328,0.004305336
full,6329,0.014045923
full,6330,0.016827471
full,6331,0.014351063
full,6332,0.116752684
full,6333,0.377394566
full,6334,0.878545924
full,6335,1.000000000
full,6347,0.000000000
full,6348,0.000000007
full,6349,0.000120634
full,6350,0.011354966
full,6351,0.063144796
full,6352,0.141671596
full,6353,0.152483103
full,6354,0.152483103
full,6355,0.126743710
full,6356,0.029037413
full,6357,0.001965486
full,6358,0.000000919
full,6359,0.000000000
full,6371,0.000000000
full,6372,0.000000002
full,6373,0.000000347
full,6374,0.000030122
full,6375,0.000535298
full,6376,0.004305336
full,6377,0.014045923
full,6378,0.016827471
full,6379,0.014351063
full,6380,0.116752684
full,6381,0.377394566
full,6382,0.878545924
full,6383,1.000000000
full,6394,0.000000000
full,6395,0.000808807
full,6396,0.015633394
full,6397,0.022847111
full,6398,0.069849526
full,6399,0.132796953
full,6400,0.152483103
full,6401,0.152483103
full,6402,0.125917423
full,6403,0.050606227
full,6404,0.006147458
full,6405,0.000150426
full,6406,0.000000468
full,6407,0.000000000
full,6419,0.000000000
full,6420,0.000000001
full,6421,0.000000213
full,6422,0.000018318
full,6423,0.000619631
full,6424,0.004108123
full,6425,0.007444594
full,6426,0.027095044
full,6427,0.207328915
full,6428,0.546033718
full,6429,0.754195717
full,6430,0.938929316
full,6431,0.856694174
full,6442,0.016323297
full,6443,0.035743025
full,6444,0.122262916
full,6445,0.137087464
full,6446,0.143608459
full,6447,0.152483103
full,6448,0.152483103
full,6449,0.122604112
full,6450,0.037646502
full,6451,0.004563578
full,6452,0.000174834
full,6453,0.000002461
full,6454,0.000000014
full,6455,0.000000000
full,6467,0.000000000
full,6468,0.000000000
full,6469,0.000000087
full,6470,0.000011671
full,6471,0.000095519
full,6472,0.000586024
full,6473,0.040366245
full,6474,0.276218237
full,6475,0.626181640
full,6476,0.830148801
full,6477,0.898091836
full,6478,0.647215314
full,6479,0.286611677
full,6488,0.000000317
full,6489,0.031028995
full,6490,0.121454118
full,6491,0.137777430
full,6492,0.152483107
full,6493,0.152483103
full,6494,0.152483103
full,6495,0.143049110
full,6496,0.121471745
full,6497,0.031131305
full,6498,0.001150719
full,6499,0.000017079
full,6500,0.000001940
full,6501,0.000000015
full,6502,0.000000000
full,6503,0.000000000
full,6515,0.000000000
full,6516,0.000000000
full,6517,0.000000010
full,6518,0.000000178
full,6519,0.001044004
full,6520,0.046579633
full,6521,0.317826189
full,6522,0.644046561
full,6523,0.819858663
full,6524,0.761244059
full,6525,0.619367247
full,6526,0.227393742
full,6527,0.018305826
full,6535,0.001624100
full,6536,0.038161059
full,6537,0.164811647
full,6538,0.170111975
full,6539,0.154285139
full,6540,0.152483236
full,6541,0.152483103
full,6542,0.130085785
full,6543,0.066468873
full,6544,0.021595599
full,6545,0.000017638
full,6546,0.000000121
full,6547,0.000000015
full,6548,0.000000002
full,6549,0.000000000
full,6550,0.000000000
full,6564,0.000000000
full,6565,0.000000006
full,6566,0.016755466
full,6567,0.053782974
full,6568,0.319082146
full,6569,0.651159186
full,6570,0.816489867
full,6571,0.657852879
full,6572,0.382020861
full,6573,0.153057080
full,6574,0.015514497
full,6581,0.000000001
full,6582,0.032652715
full,6583,0.136258167
full,6584,0.217665950
full,6585,0.330266446
full,6586,0.232025383
full,6587,0.163000451
full,6588,0.152483747
full,6589,0.124264822
full,6590,0.045898314
full,6591,0.008631690
full,6592,0.000000105
full,6593,0.000000000
full,6594,0.000000000
full,6595,0.000000000
full,6596,0.000000000
full,6611,0.000000000
full,6612,0.001994483
full,6613,0.034188147
full,6614,0.156615849
full,6615,0.341226271
full,6616,0.649382916
full,6617,0.798943307
full,6618,0.623203450
full,6619,0.265628407
full,6620,0.053203702
full,6621,0.002760346
full,6628,0.010522504
full,6629,0.084997811
full,6630,0.324416556
full,6631,0.562445401
full,6632,0.486621539
full,6633,0.354429120
full,6634,0.207673840
full,6635,0.154381425
full,6636,0.121720102
full,6637,0.032541714
full,6638,0.002810715
full,6639,0.000000003
full,6640,0.000000000
full,6643,0.000000000
full,6644,0.000000000
full,6645,0.000000000
full,6657,0.000000000
full,6658,0.000488500
full,6659,0.017780012
full,6660,0.050156899
full,6661,0.192171627
full,6662,0.410221334
full,6663,0.655284936
full,6664,0.708729020
full,6665,0.551975840
full,6666,0.209873210
full,6667,0.021605056
full,6668,0.000000013
full,6673,0.000004651
full,6674,0.022061959
full,6675,0.128249570
full,6676,0.229327244
full,6677,0.468135563
full,6678,0.690542091
full,6679,0.807258962
full,6680,0.588314313
full,6681,0.286692510
full,6682,0.148844752
full,6683,0.121476985
full,6684,0.031065952
full,6685,0.000265883
full,6686,0.000000004
full,6687,0.000000044
full,6688,0.000002086
full,6689,0.000000550
full,6690,0.000000046
full,6691,0.000000031
full,6692,0.000000007
full,6693,0.000000001
full,6694,0.000000000
full,6695,0.000000000
full,6696,0.000000000
full,6697,0.000000000
full,6698,0.000000000
full,6699,0.000000000
full,6700,0.000000000
full,6701,0.000000000
full,6702,0.000000084
full,6703,0.000021063
full,6704,0.006433452
full,6705,0.017397539
full,6706,0.048312160
full,6707,0.177197122
full,6708,0.290474640
full,6709,0.460709773
full,6710,0.618833829
full,6711,0.611333638
full,6712,0.330323424
full,6713,0.119423030
full,6714,0.012508450
full,6720,0.146978701
full,6721,0.159030565
full,6722,0.299373471
full,6723,0.658889546
full,6724,0.845390927
full,6725,0.902421315
full,6726,0.875082219
full,6727,0.779053232
full,6728,0.502363172
full,6729,0.300350014
full,6730,0.214490834
full,6731,0.173310544
full,6732,0.152489447
full,6733,0.139780891
full,6734,0.136969557
full,6735,0.124810720
full,6736,0.050592116
full,6737,0.018875793
full,6738,0.015515638
full,6739,0.002893935
full,6740,0.005606577
full,6741,0.000940234
full,6742,0.000186823
full,6743,0.000195272
full,6744,0.000862433
full,6745,0.005229075
full,6746,0.004675150
full,6747,0.004640335
full,6748,0.005283102
full,6749,0.015514685
full,6750,0.018767784
full,6751,0.054927655
full,6752,0.169032208
full,6753,0.255979447
full,6754,0.320060892
full,6755,0.471427489
full,6756,0.596601062
full,6757,0.580001593
full,6758,0.385810565
full,6759,0.157750944
full,6760,0.031046055
full,6761,0.000000026
full,6768,0.753101256
full,6769,0.835119874
full,6770,0.869578856
full,6771,0.971841681
full,6772,1.000000000
full,6773,1.000000000
full,6774,0.985421108
full,6775,0.969916604
full,6776,0.884057235
full,6777,0.863976991
full,6778,0.852829828
full,6779,0.847516899
full,6780,0.834814679
full,6781,0.757969334
full,6782,0.728880231
full,6783,0.655188684
full,6784,0.423016350
full,6785,0.293492921
full,6786,0.261318153
full,6787,0.190469853
full,6788,0.188994141
full,6789,0.163756442
full,6790,0.154707468
full,6791,0.154670481
full,6792,0.162934077
full,6793,0.174660649
full,6794,0.174086859
full,6795,0.173928369
full,6796,0.187657175
full,6797,0.248147576
full,6798,0.277257051
full,6799,0.396682696
full,6800,0.619332657
full,6801,0.703265563
full,6802,0.634607149
full,6803,0.575043236
full,6804,0.398483936
full,6805,0.200774264
full,6806,0.058167828
full,6807,0.003565681
full,6816,0.985367048
full,6817,1.000000000
full,6818,1.000000000
full,6819,1.000000000
full,6820,1.000000000
full,6821,1.000000000
full,6822,1.000000000
full,6823,1.000000000
full,6824,1.000000000
full,6825,1.000000000
full,6826,1.000000000
full,6827,1.000000000
full,6828,1.000000000
full,6829,0.987297782
full,6830,0.984486388
full,6831,0.972325270
full,6832,0.898096263
full,6833,0.866387350
full,6834,0.863031684
full,6835,0.850410596
full,6836,0.853123403
full,6837,0.848457118
full,6838,0.847703718
full,6839,0.847712168
full,6840,0.834542013
full,6841,0.756581755
full,6842,0.732415539
full,6843,0.730444759
full,6844,0.720103528
full,6845,0.731837811
full,6846,0.721164349
full,6847,0.694363841
full,6848,0.700482624
full,6849,0.618681035
full,6850,0.333534338
full,6851,0.141232885
full,6852,0.053720126
full,6853,0.010338447
full,6864,1.000000000
full,6865,1.000000000
full,6866,1.000000000
full,6867,1.000000000
full,6868,1.000000000
full,6869,1.000000000
full,6870,1.000000000
full,6871,1.000000000
full,6872,1.000000000
full,6873,1.000000000
full,6874,1.000000000
full,6875,1.000000000
full,6876,1.000000000
full,6877,1.000000000
full,6878,1.000000000
full,6879,1.000000000
full,6880,1.000000000
full,6881,1.000000000
full,6882,1.000000000
full,6883,1.000000000
full,6884,1.000000000
full,6885,1.000000000
full,6886,1.000000000
full,6887,1.000000000
full,6888,1.000000000
full,6889,0.983673108
full,6890,0.981694259
full,6891,0.969291594
full,6892,0.898219667
full,6893,0.886118402
full,6894,0.789586162
full,6895,0.544589919
full,6896,0.254886952
full,6897,0.147802053
full,6898,0.036668240
full,6899,0.000077109
full,6912,1.000000000
full,6913,1.000000000
full,6914,1.000000000
full,6915,1.000000000
full,6916,1.000000000
full,6917,1.000000000
full,6918,1.000000000
full,6919,1.000000000
full,6920,1.000000000
full,6921,1.000000000
full,6922,1.000000000
full,6923,1.000000000
full,6924,1.000000000
full,6925,1.000000000
full,6926,1.000000000
full,6927,1.000000000
full,6928,1.000000000
full,6929,1.000000000
full,6930,1.000000000
full,6931,1.000000000
full,6932,1.000000000
full,6933,1.000000000
full,6934,1.000000000
full,6935,1.000000000
full,6936,1.000000000
full,6937,1.000000000
full,6938,1.000000000
full,6939,1.000000000
full,6940,0.999947682
full,6941,1.000000000
full,6942,0.990070344
full,6943,0.843274966
full,6944,0.503323397
full,6945,0.252860943
full,6946,0.148270775
full,6947,0.037004490
full,6948,0.000067401
full,6960,1.000000000
full,6961,1.000000000
full,6962,1.000000000
full,6963,1.000000000
full,6964,1.000000000
full,6965,1.000000000
full,6966,1.000000000
full,6967,1.000000000
full,6968,1.000000000
full,6969,1.000000000
full,6970,1.000000000
full,6971,1.000000000
full,6972,1.000000000
full,6973,1.000000000
full,6974,1.000000000
full,6975,1.000000000
full,6976,0.987839767
full,6977,0.984485793
full,6978,0.971864705
full,6979,0.901018112
full,6980,0.899542425
full,6981,0.874304732
full,6982,0.865255759
full,6983,0.865218772
full,6984,0.873482368
full,6985,0.899046256
full,6986,0.900149575
full,6987,0.899991157
full,6988,0.913719963
full,6989,0.974209767
full,6990,0.984485605
full,6991,0.967588978
full,6992,0.899217621
full,6993,0.839955541
full,6994,0.651533066
full,6995,0.349854870
full,6996,0.147639995
full,6997,0.068651870
full,6998,0.006455067
full,7008,0.838388348
full,7009,0.854037250
full,7010,0.916553947
full,7011,0.991005857
full,7012,1.000000000
full,7013,1.000000000
full,7014,1.000000000
full,7015,1.000000000
full,7016,0.985431100
full,7017,0.974283937
full,7018,0.909511926
full,7019,0.868344338
full,7020,0.863031397
full,7021,0.863031400
full,7022,0.863031460
full,7023,0.850873508
full,7024,0.776654904
full,7025,0.744938580
full,7026,0.668019027
full,7027,0.463151317
full,7028,0.409828839
full,7029,0.339657740
full,7030,0.299336464
full,7031,0.298981582
full,7032,0.336146998
full,7033,0.413158948
full,7034,0.428721157
full,7035,0.428630210
full,7036,0.499254854
full,7037,0.681944530
full,7038,0.744830572
full,7039,0.780990442
full,7040,0.895094995
full,7041,0.973914261
full,7042,0.954916400
full,7043,0.858041222
full,7044,0.711466177
full,7045,0.465599840
full,7046,0.178157176
full,7047,0.031127538
full,7048,0.000016907
full,7056,0.161611652
full,7057,0.206005656
full,7058,0.478399652
full,7059,0.783510138
full,7060,0.901421219
full,7061,0.979493509
full,7062,1.000000000
full,7063,0.985431100
full,7064,0.899571732
full,7065,0.804530611
full,7066,0.594229046
full,7067,0.426363734
full,7068,0.305003181
full,7069,0.289458079
full,7070,0.289452033
full,7071,0.289464660
full,7072,0.277331409
full,7073,0.273959551
full,7074,0.261320613
full,7075,0.190470679
full,7076,0.188994440
full,7077,0.163756499
full,7078,0.154707478
full,7079,0.154670483
full,7080,0.162934079
full,7081,0.188497967
full,7082,0.189601285
full,7083,0.189487208
full,7084,0.203430110
full,7085,0.263706312
full,7086,0.274061548
full,7087,0.315034038
full,7088,0.491000104
full,7089,0.690532115
full,7090,0.774374948
full,7091,0.901680189
full,7092,0.954859503
full,7093,0.894612061
full,7094,0.678389548
full,7095,0.352692230
full,7096,0.137067175
full,7097,0.015515119
full,7105,0.006520354
full,7106,0.069037061
full,7107,0.181878848
full,7108,0.424071544
full,7109,0.736423101
full,7110,0.960054227
full,7111,1.000000000
full,7112,0.959754766
full,7113,0.859296682
full,7114,0.772572554
full,7115,0.640987574
full,7116,0.349218248
full,7117,0.169547284
full,7118,0.152742712
full,7119,0.152485451
full,7120,0.152495853
full,7121,0.152488443
full,7122,0.152483954
full,7123,0.152483339
full,7124,0.152483174
full,7125,0.152483116
full,7126,0.152483105
full,7127,0.152483104
full,7128,0.152483103
full,7129,0.152483103
full,7130,0.152483103
full,7131,0.152483103
full,7132,0.152483104
full,7133,0.152483189
full,7134,0.152504655
full,7135,0.159039404
full,7136,0.205515568
full,7137,0.267703359
full,7138,0.374298432
full,7139,0.647058382
full,7140,0.776219687
full,7141,0.899821683
full,7142,0.950590332
full,7143,0.863129962
full,7144,0.635655356
full,7145,0.239905825
full,7146,0.024442114
full,7147,0.000004325
full,7155,0.003924797
full,7156,0.062331113
full,7157,0.287031150
full,7158,0.645688185
full,7159,0.862320591
full,7160,0.902171559
full,7161,0.897276062
full,7162,0.855807405
full,7163,0.832025384
full,7164,0.652701847
full,7165,0.355943504
full,7166,0.184379644
full,7167,0.155034291
full,7168,0.152483106
full,7169,0.152483103
full,7170,0.152483103
full,7171,0.152483103
full,7172,0.152483103
full,7173,0.152483103
full,7174,0.152483103
full,7175,0.152483103
full,7176,0.152483103
full,7177,0.152483103
full,7178,0.152483103
full,7179,0.152483103
full,7180,0.152483103
full,7181,0.152483103
full,7182,0.152483103
full,7183,0.146296947
full,7184,0.149174582
full,7185,0.151307596
full,7186,0.170844789
full,7187,0.270535885
full,7188,0.399507377
full,7189,0.671859507
full,7190,0.881444125
full,7191,0.972341939
full,7192,0.965960661
full,7193,0.732959172
full,7194,0.313457546
full,7195,0.075428717
full,7196,0.006086156
full,7204,0.000000001
full,7205,0.023941288
full,7206,0.146432344
full,7207,0.377239417
full,7208,0.673087928
full,7209,0.881752759
full,7210,0.865162265
full,7211,0.849318862
full,7212,0.832262051
full,7213,0.667534208
full,7214,0.399795845
full,7215,0.218306838
full,7216,0.158564220
full,7217,0.152483208
full,7218,0.152483104
full,7219,0.152483103
full,7220,0.152483103
full,7221,0.152483103
full,7222,0.152483103
full,7223,0.152483103
full,7224,0.152483103
full,7225,0.152483103
full,7226,0.152483103
full,7227,0.152483103
full,7228,0.152483103
full,7229,0.152483103
full,7230,0.146296947
full,7231,0.111966203
full,7232,0.119778404
full,7233,0.134783851
full,7234,0.141253924
full,7235,0.143843943
full,7236,0.179622298
full,7237,0.350842395
full,7238,0.640037787
full,7239,0.779839109
full,7240,0.954698600
full,7241,0.981479456
full,7242,0.801491505
full,7243,0.470784875
full,7244,0.175201680
full,7245,0.015514497
full,7254,0.001623721
full,7255,0.056009074
full,7256,0.319448161
full,7257,0.642802027
full,7258,0.833803730
full,7259,0.847517031
full,7260,0.847516901
full,7261,0.834553571
full,7262,0.701461263
full,7263,0.473233432
full,7264,0.293881820
full,7265,0.168100515
full,7266,0.152501355
full,7267,0.152483311
full,7268,0.152483127
full,7269,0.152483105
full,7270,0.152483103
full,7271,0.152483103
full,7272,0.152483103
full,7273,0.152483103
full,7274,0.152483103
full,7275,0.152483103
full,7276,0.152483103
full,7277,0.152483103
full,7278,0.151330285
full,7279,0.134006775
full,7280,0.109637615
full,7281,0.101249288
full,7282,0.071293684
full,7283,0.077836306
full,7284,0.141849470
full,7285,0.164954089
full,7286,0.252227979
full,7287,0.368245118
full,7288,0.688200569
full,7289,0.953460174
full,7290,0.990571659
full,7291,0.901264468
full,7292,0.657812302
full,7293,0.245668564
full,7294,0.015514497
full,7303,0.000000317
full,7304,0.031063494
full,7305,0.227584350
full,7306,0.605463220
full,7307,0.746291320
full,7308,0.832811200
full,7309,0.847516897
full,7310,0.838082904
full,7311,0.777017161
full,7312,0.641820965
full,7313,0.350287678
full,7314,0.174719370
full,7315,0.153716790
full,7316,0.152511272
full,7317,0.152485107
full,7318,0.152483117
full,7319,0.152483103
full,7320,0.152483103
full,7321,0.152483103
full,7322,0.152483103
full,7323,0.152483103
full,7324,0.152483103
full,7325,0.152483103
full,7326,0.152483103
full,7327,0.150108816
full,7328,0.132707226
full,7329,0.087531735
full,7330,0.070171153
full,7331,0.113642910
full,7332,0.146263254
full,7333,0.110910698
full,7334,0.055177713
full,7335,0.070058644
full,7336,0.320511804
full,7337,0.659634087
full,7338,0.911853649
full,7339,0.992861595
full,7340,0.971731352
full,7341,0.741577285
full,7342,0.258422715
full,7343,0.018305837
full,7353,0.015560238
full,7354,0.141758922
full,7355,0.361614921
full,7356,0.640470601
full,7357,0.733395402
full,7358,0.780396042
full,7359,0.838642253
full,7360,0.832019933
full,7361,0.657854997
full,7362,0.372096806
full,7363,0.194464855
full,7364,0.156801836
full,7365,0.152644004
full,7366,0.152483649
full,7367,0.152483103
full,7368,0.152483103
full,7369,0.152483103
full,7370,0.152483103
full,7371,0.152483103
full,7372,0.152483103
full,7373,0.152483103
full,7374,0.152483103
full,7375,0.152483103
full,7376,0.143635366
full,7377,0.097338432
full,7378,0.113702766
full,7379,0.145696851
full,7380,0.130818081
full,7381,0.061133972
full,7382,0.052783867
full,7383,0.055809365
full,7384,0.050799331
full,7385,0.192888212
full,7386,0.511859522
full,7387,0.821581916
full,7388,0.981041509
full,7389,0.984485503
full,7390,0.741577294
full,7391,0.304917544
full,7402,0.014948287
full,7403,0.133592247
full,7404,0.258536289
full,7405,0.314717189
full,7406,0.485868117
full,7407,0.717264881
full,7408,0.836705390
full,7409,0.833134869
full,7410,0.677183143
full,7411,0.411135536
full,7412,0.201425765
full,7413,0.155312832
full,7414,0.152486757
full,7415,0.152483104
full,7416,0.152483103
full,7417,0.152483103
full,7418,0.152483103
full,7419,0.152483103
full,7420,0.152483103
full,7421,0.152483103
full,7422,0.152483103
full,7423,0.152483103
full,7424,0.152483103
full,7425,0.144856836
full,7426,0.148873148
full,7427,0.136372632
full,7428,0.075621033
full,7429,0.052011787
full,7430,0.055535868
full,7431,0.062503937
full,7432,0.065723278
full,7433,0.052595274
full,7434,0.116190697
full,7435,0.356567011
full,7436,0.739070149
full,7437,0.965501362
full,7438,0.984485503
full,7439,0.856694185
full,7450,0.000000000
full,7451,0.029640902
full,7452,0.137087504
full,7453,0.159827842
full,7454,0.238971773
full,7455,0.480658450
full,7456,0.773691312
full,7457,0.847516897
full,7458,0.835333245
full,7459,0.668573257
full,7460,0.308281629
full,7461,0.166029206
full,7462,0.152489838
full,7463,0.152483105
full,7464,0.152483103
full,7465,0.152483103
full,7466,0.152483103
full,7467,0.152483103
full,7468,0.152483103
full,7469,0.152483103
full,7470,0.152483103
full,7471,0.152483103
full,7472,0.152483103
full,7473,0.152483103
full,7474,0.145977438
full,7475,0.097732403
full,7476,0.057590585
full,7477,0.065660957
full,7478,0.058447081
full,7479,0.052505866
full,7480,0.064197766
full,7481,0.096443066
full,7482,0.070358702
full,7483,0.049388212
full,7484,0.269044180
full,7485,0.759138430
full,7486,0.984485508
full,7487,1.000000000
full,7498,0.000000000
full,7499,0.029640902
full,7500,0.137087504
full,7501,0.159827842
full,7502,0.238971773
full,7503,0.480658450
full,7504,0.773691312
full,7505,0.847516897
full,7506,0.835333245
full,7507,0.668573257
full,7508,0.308281629
full,7509,0.166029206
full,7510,0.152489838
full,7511,0.152483105
full,7512,0.152483103
full,7513,0.152483103
full,7514,0.152483103
full,7515,0.152483103
full,7516,0.152483103
full,7517,0.152483103
full,7518,0.152483103
full,7519,0.152483103
full,7520,0.152483103
full,7521,0.152483103
full,7522,0.145977438
full,7523,0.097732403
full,7524,0.057590585
full,7525,0.065660957
full,7526,0.058447081
full,7527,0.052505866
full,7528,0.064197766
full,7529,0.096443066
full,7530,0.070358702
full,7531,0.049388212
full,7532,0.269044180
full,7533,0.759138430
full,7534,0.984485508
full,7535,1.000000000
full,7546,0.014948287
full,7547,0.133592247
full,7548,0.258536289
full,7549,0.314717189
full,7550,0.485868117
full,7551,0.717264881
full,7552,0.836705390
full,7553,0.833134869
full,7554,0.677183143
full,7555,0.411135536
full,7556,0.201425765
full,7557,0.155312832
full,7558,0.152486757
full,7559,0.152483104
full,7560,0.152483103
full,7561,0.152483103
full,7562,0.152483103
full,7563,0.152483103
full,7564,0.152483103
full,7565,0.152483103
full,7566,0.152483103
full,7567,0.152483103
full,7568,0.152483103
full,7569,0.144856836
full,7570,0.148873148
full,7571,0.136372632
full,7572,0.075621033
full,7573,0.052011787
full,7574,0.055535868
full,7575,0.062503937
full,7576,0.065723278
full,7577,0.052595274
full,7578,0.116190697
full,7579,0.356567011
full,7580,0.739070149
full,7581,0.965501362
full,7582,0.984485503
full,7583,0.856694185
full,7593,0.015560238
full,7594,0.141758922
full,7595,0.361614921
full,7596,0.640470601
full,7597,0.733395402
full,7598,0.780396042
full,7599,0.838642253
full,7600,0.832019933
full,7601,0.657854997
full,7602,0.372096806
full,7603,0.194464855
full,7604,0.156801836
full,7605,0.152644004
full,7606,0.152483649
full,7607,0.152483103
full,7608,0.152483103
full,7609,0.152483103
full,7610,0.152483103
full,7611,0.152483103
full,7612,0.152483103
full,7613,0.152483103
full,7614,0.152483103
full,7615,0.152483103
full,7616,0.143635366
full,7617,0.097338432
full,7618,0.113702766
full,7619,0.145696851
full,7620,0.130818081
full,7621,0.061133972
full,7622,0.052783867
full,7623,0.055809365
full,7624,0.050799331
full,7625,0.192888212
full,7626,0.511859521
full,7627,0.821581916
full,7628,0.981041508
full,7629,0.984485503
full,7630,0.741577294
full,7631,0.304917544
full,7639,0.000000317
full,7640,0.031063494
full,7641,0.227584350
full,7642,0.605463220
full,7643,0.746291320
full,7644,0.832811200
full,7645,0.847516897
full,7646,0.838082904
full,7647,0.777017161
full,7648,0.641820965
full,7649,0.350287678
full,7650,0.174719370
full,7651,0.153716790
full,7652,0.152511272
full,7653,0.152485107
full,7654,0.152483117
full,7655,0.152483103
full,7656,0.152483103
full,7657,0.152483103
full,7658,0.152483103
full,7659,0.152483103
full,7660,0.152483103
full,7661,0.152483103
full,7662,0.152483103
full,7663,0.150108816
full,7664,0.132707226
full,7665,0.087531735
full,7666,0.070171153
full,7667,0.113642910
full,7668,0.146263254
full,7669,0.110910698
full,7670,0.055177713
full,7671,0.070058644
full,7672,0.320511804
full,7673,0.659634087
full,7674,0.911853649
full,7675,0.992861595
full,7676,0.971731352
full,7677,0.741577285
full,7678,0.258422715
full,7679,0.018305837
full,7686,0.001623721
full,7687,0.056009074
full,7688,0.319448161
full,7689,0.642802027
full,7690,0.833803730
full,7691,0.847517031
full,7692,0.847516901
full,7693,0.834553571
full,7694,0.701461263
full,7695,0.473233432
full,7696,0.293881820
full,7697,0.168100515
full,7698,0.152501355
full,7699,0.152483311
full,7700,0.152483127
full,7701,0.152483105
full,7702,0.152483103
full,7703,0.152483103
full,7704,0.152483103
full,7705,0.152483103
full,7706,0.152483103
full,7707,0.152483103
full,7708,0.152483103
full,7709,0.152483103
full,7710,0.151330285
full,7711,0.134006775
full,7712,0.109637615
full,7713,0.101249288
full,7714,0.071293684
full,7715,0.077836306
full,7716,0.141849470
full,7717,0.164954089
full,7718,0.252227979
full,7719,0.368245118
full,7720,0.688200569
full,7721,0.953460174
full,7722,0.990571659
full,7723,0.901264468
full,7724,0.657812302
full,7725,0.245668564
full,7726,0.015514497
full,7732,0.000000001
full,7733,0.023941288
full,7734,0.146432344
full,7735,0.377239417
full,7736,0.673087928
full,7737,0.881752759
full,7738,0.865162265
full,7739,0.849318862
full,7740,0.832262051
full,7741,0.667534208
full,7742,0.399795845
full,7743,0.218306838
full,7744,0.158564220
full,7745,0.152483208
full,7746,0.152483104
full,7747,0.152483103
full,7748,0.152483103
full,7749,0.152483103
full,7750,0.152483103
full,7751,0.152483103
full,7752,0.152483103
full,7753,0.152483103
full,7754,0.152483103
full,7755,0.152483103
full,7756,0.152483103
full,7757,0.152483103
full,7758,0.146296947
full,7759,0.111966203
full,7760,0.119778404
full,7761,0.134783851
full,7762,0.141253924
full,7763,0.143843943
full,7764,0.179622298
full,7765,0.350842395
full,7766,0.640037787
full,7767,0.779839109
full,7768,0.954698600
full,7769,0.981479456
full,7770,0.801491505
full,7771,0.470784875
full,7772,0.175201680
full,7773,0.015514497
full,7779,0.003924797
full,7780,0.062331113
full,7781,0.287031150
full,7782,0.645688185
full,7783,0.862320591
full,7784,0.902171559
full,7785,0.897276062
full,7786,0.855807405
full,7787,0.832025384
full,7788,0.652701847
full,7789,0.355943504
full,7790,0.184379644
full,7791,0.155034291
full,7792,0.152483106
full,7793,0.152483103
full,7794,0.152483103
full,7795,0.152483103
full,7796,0.152483103
full,7797,0.152483103
full,7798,0.152483103
full,7799,0.152483103
full,7800,0.152483103
full,7801,0.152483103
full,7802,0.152483103
full,7803,0.152483103
full,7804,0.152483103
full,7805,0.152483103
full,7806,0.152483103
full,7807,0.146296947
full,7808,0.149174582
full,7809,0.151307596
full,7810,0.170844789
full,7811,0.270535885
full,7812,0.399507377
full,7813,0.671859507
full,7814,0.881444125
full,7815,0.972341939
full,7816,0.965960661
full,7817,0.732959172
full,7818,0.313457546
full,7819,0.075428717
full,7820,0.006086156
full,7825,0.006520354
full,7826,0.069037061
full,7827,0.181878848
full,7828,0.424071544
full,7829,0.736423101
full,7830,0.960054227
full,7831,1.000000000
full,7832,0.959754766
full,7833,0.859296682
full,7834,0.772572554
full,7835,0.640987574
full,7836,0.349218248
full,7837,0.169547284
full,7838,0.152742712
full,7839,0.152485451
full,7840,0.152495853
full,7841,0.152488443
full,7842,0.152483954
full,7843,0.152483339
full,7844,0.152483174
full,7845,0.152483116
full,7846,0.152483105
full,7847,0.152483104
full,7848,0.152483103
full,7849,0.152483103
full,7850,0.152483103
full,7851,0.152483103
full,7852,0.152483104
full,7853,0.152483189
full,7854,0.152504655
full,7855,0.159039404
full,7856,0.205515568
full,7857,0.267703359
full,7858,0.374298432
full,7859,0.647058382
full,7860,0.776219687
full,7861,0.899821683
full,7862,0.950590332
full,7863,0.863129962
full,7864,0.635655356
full,7865,0.239905825
full,7866,0.024442114
full,7867,0.000004325
full,7872,0.161611652
full,7873,0.206005656
full,7874,0.478399652
full,7875,0.783510138
full,7876,0.901421219
full,7877,0.979493509
full,7878,1.000000000
full,7879,0.985431100
full,7880,0.899571732
full,7881,0.804530611
full,7882,0.594229046
full,7883,0.426363734
full,7884,0.305003181
full,7885,0.289458079
full,7886,0.289452033
full,7887,0.289464660
full,7888,0.277331409
full,7889,0.273959551
full,7890,0.261320613
full,7891,0.190470679
full,7892,0.188994440
full,7893,0.163756499
full,7894,0.154707478
full,7895,0.154670483
full,7896,0.162934079
full,7897,0.188497967
full,7898,0.189601285
full,7899,0.189487208
full,7900,0.203430110
full,7901,0.263706312
full,7902,0.274061548
full,7903,0.315034038
full,7904,0.491000104
full,7905,0.690532115
full,7906,0.774374948
full,7907,0.901680189
full,7908,0.954859503
full,7909,0.894612061
full,7910,0.678389548
full,7911,0.352692230
full,7912,0.137067175
full,7913,0.015515119
full,7920,0.838388348
full,7921,0.854037250
full,7922,0.916553947
full,7923,0.991005857
full,7924,1.000000000
full,7925,1.000000000
full,7926,1.000000000
full,7927,1.000000000
full,7928,0.985431100
full,7929,0.974283937
full,7930,0.909511926
full,7931,0.868344338
full,7932,0.863031397
full,7933,0.863031400
full,7934,0.863031460
full,7935,0.850873508
full,7936,0.776654904
full,7937,0.744938580
full,7938,0.668019027
full,7939,0.463151317
full,7940,0.409828839
full,7941,0.339657740
full,7942,0.299336464
full,7943,0.298981582
full,7944,0.336146998
full,7945,0.413158948
full,7946,0.428721157
full,7947,0.428630210
full,7948,0.499254854
full,7949,0.681944530
full,7950,0.744830572
full,7951,0.780990442
full,7952,0.895094995
full,7953,0.973914261
full,7954,0.954916400
full,7955,0.858041222
full,7956,0.711466177
full,7957,0.465599840
full,7958,0.178157176
full,7959,0.031127538
full,7960,0.000016907
full,7968,1.000000000
full,7969,1.000000000
full,7970,1.000000000
full,7971,1.000000000
full,7972,1.000000000
full,7973,1.000000000
full,7974,1.000000000
full,7975,1.000000000
full,7976,1.000000000
full,7977,1.000000000
full,7978,1.000000000
full,7979,1.000000000
full,7980,1.000000000
full,7981,1.000000000
full,7982,1.000000000
full,7983,1.000000000
full,7984,0.987839767
full,7985,0.984485793
full,7986,0.971864705
full,7987,0.901018112
full,7988,0.899542425
full,7989,0.874304732
full,7990,0.865255759
full,7991,0.865218772
full,7992,0.873482368
full,7993,0.899046256
full,7994,0.900149575
full,7995,0.899991157
full,7996,0.913719963
full,7997,0.974209767
full,7998,0.984485605
full,7999,0.967588978
full,8000,0.899217621
full,8001,0.839955541
full,8002,0.651533066
full,8003,0.349854870
full,8004,0.147639995
full,8005,0.068651870
full,8006,0.006455067
full,8016,1.000000000
full,8017,1.000000000
full,8018,1.000000000
full,8019,1.000000000
full,8020,1.000000000
full,8021,1.000000000
full,8022,1.000000000
full,8023,1.000000000
full,8024,1.000000000
full,8025,1.000000000
full,8026,1.000000000
full,8027,1.000000000
full,8028,1.000000000
full,8029,1.000000000
full,8030,1.000000000
full,8031,1.000000000
full,8032,1.000000000
full,8033,1.000000000
full,8034,1.000000000
full,8035,1.000000000
full,8036,1.000000000
full,8037,1.000000000
full,8038,1.000000000
full,8039,1.000000000
full,8040,1.000000000
full,8041,1.000000000
full,8042,1.000000000
full,8043,1.000000000
full,8044,0.999947682
full,8045,1.000000000
full,8046,0.990070344
full,8047,0.843274966
full,8048,0.503323397
full,8049,0.252860943
full,8050,0.148270775
full,8051,0.037004490
full,8052,0.000067401
full,8064,1.000000000
full,8065,1.000000000
full,8066,1.000000000
full,8067,1.000000000
full,8068,1.000000000
full,8069,1.000000000
full,8070,1.000000000
full,8071,1.000000000
full,8072,1.000000000
full,8073,1.000000000
full,8074,1.000000000
full,8075,1.000000000
full,8076,1.000000000
full,8077,1.000000000
full,8078,1.000000000
full,8079,1.000000000
full,8080,1.000000000
full,8081,1.000000000
full,8082,1.000000000
full,8083,1.000000000
full,8084,1.000000000
full,8085,1.000000000
full,8086,1.000000000
full,8087,1.000000000
full,8088,1.000000000
full,8089,1.000000000
full,8090,1.000000000
full,8091,1.000000000
full,8092,1.000000000
full,8093,1.000000000
full,8094,1.000000000
full,8095,0.983516797
full,8096,0.788813187
full,8097,0.427316812
full,8098,0.226744588
full,8099,0.149175978
full,8100,0.021834550
full,8101,0.000000001
full,8112,1.000000000
full,8113,1.000000000
full,8114,1.000000000
full,8115,1.000000000
full,8116,1.000000000
full,8117,1.000000000
full,8118,1.000000000
full,8119,1.000000000
full,8120,1.000000000
full,8121,1.000000000
full,8122,1.000000000
full,8123,1.000000000
full,8124,1.000000000
full,8125,1.000000000
full,8126,1.000000000
full,8127,1.000000000
full,8128,1.000000000
full,8129,1.000000000
full,8130,1.000000000
full,8131,0.985108500
full,8132,0.988309388
full,8133,0.982803557
full,8134,0.981914607
full,8135,0.981924578
full,8136,0.982711774
full,8137,0.987864050
full,8138,0.987210465
full,8139,0.987169386
full,8140,0.987927798
full,8141,1.000000000
full,8142,1.000000000
full,8143,1.000000000
full,8144,0.972762679
full,8145,0.885182542
full,8146,0.825037753
full,8147,0.607087018
full,8148,0.268373245
full,8149,0.132616453
full,8150,0.018305842
full,8151,0.000000003
full,8160,0.829069874
full,8161,0.856694174
full,8162,0.971081827
full,8163,1.000000000
full,8164,1.000000000
full,8165,1.000000000
full,8166,1.000000000
full,8167,1.000000000
full,8168,1.000000000
full,8169,1.000000000
full,8170,0.987962994
full,8171,0.981694176
full,8172,0.981694174
full,8173,0.981694174
full,8174,0.981694178
full,8175,0.981694226
full,8176,0.981696635
full,8177,0.981694823
full,8178,0.966802729
full,8179,0.883209577
full,8180,0.881468359
full,8181,0.851689958
full,8182,0.841012915
full,8183,0.840969273
full,8184,0.850719635
full,8185,0.880882913
full,8186,0.882184738
full,8187,0.882050136
full,8188,0.898501608
full,8189,0.969621972
full,8190,0.981694273
full,8191,0.981719027
full,8192,0.989285116
full,8193,1.000000000
full,8194,1.000000000
full,8195,0.963455749
full,8196,0.846004798
full,8197,0.651086079
full,8198,0.275922317
full,8199,0.125019965
full,8200,0.018305826
full,8208,0.170930126
full,8209,0.275999305
full,8210,0.651535069
full,8211,0.846081901
full,8212,0.968019284
full,8213,1.000000000
full,8214,1.000000000
full,8215,1.000000000
full,8216,1.000000000
full,8217,0.987962994
full,8218,0.911537366
full,8219,0.862963009
full,8220,0.838395833
full,8221,0.838388355
full,8222,0.838388425
full,8223,0.838391117
full,8224,0.838403392
full,8225,0.838394648
full,8226,0.838389352
full,8227,0.823497126
full,8228,0.826697820
full,8229,0.821191920
full,8230,0.820302957
full,8231,0.820312926
full,8232,0.821100122
full,8233,0.826252398
full,8234,0.825598813
full,8235,0.825557734
full,8236,0.826316146
full,8237,0.838388449
full,8238,0.838413778
full,8239,0.846124241
full,8240,0.900962279
full,8241,0.970979290
full,8242,0.982270564
full,8243,1.000000000
full,8244,1.000000000
full,8245,0.971004794
full,8246,0.838408312
full,8247,0.606810448
full,8248,0.250020683
full,8249,0.018310106
full,8250,0.000000734
full,8257,0.018305826
full,8258,0.132693553
full,8259,0.272936973
full,8260,0.643628161
full,8261,0.900970816
full,8262,0.991637087
full,8263,1.000000000
full,8264,1.000000000
full,8265,1.000000000
full,8266,0.987962994
full,8267,0.963395832
full,8268,0.856737781
full,8269,0.820396242
full,8270,0.820082526
full,8271,0.820082574
full,8272,0.820084982
full,8273,0.820083171
full,8274,0.820082576
full,8275,0.820082559
full,8276,0.820082529
full,8277,0.820082523
full,8278,0.820082522
full,8279,0.820082522
full,8280,0.820082522
full,8281,0.820082522
full,8282,0.820082522
full,8283,0.820082522
full,8284,0.820082522
full,8285,0.820082522
full,8286,0.820082620
full,8287,0.820107374
full,8288,0.827673464
full,8289,0.838964739
full,8290,0.860053621
full,8291,0.963964738
full,8292,0.984047493
full,8293,1.000000000
full,8294,1.000000000
full,8295,0.963408297
full,8296,0.731698453
full,8297,0.278822042
full,8298,0.079533374
full,8299,0.010503377
full,8306,0.000000013
full,8307,0.018305901
full,8308,0.187582482
full,8309,0.460466291
full,8310,0.789645721
full,8311,0.965304204
full,8312,1.000000000
full,8313,1.000000000
full,8314,1.000000000
full,8315,1.000000000
full,8316,0.963702067
full,8317,0.858479059
full,8318,0.823398933
full,8319,0.820082525
full,8320,0.820082521
full,8321,0.820082521
full,8322,0.820082521
full,8323,0.820082521
full,8324,0.820082521
full,8325,0.820082521
full,8326,0.820082521
full,8327,0.820082521
full,8328,0.820082521
full,8329,0.820082521
full,8330,0.820082521
full,8331,0.820082521
full,8332,0.820082521
full,8333,0.820082521
full,8334,0.812783368
full,8335,0.773636153
full,8336,0.788067064
full,8337,0.804735245
full,8338,0.818695518
full,8339,0.840741667
full,8340,0.870410324
full,8341,0.965741673
full,8342,1.000000000
full,8343,1.000000000
full,8344,0.981694908
full,8345,0.792921721
full,8346,0.470296623
full,8347,0.193404429
full,8348,0.018305826
full,8356,0.009942913
full,8357,0.076257373
full,8358,0.261858773
full,8359,0.636166429
full,8360,0.946998752
full,8361,1.000000000
full,8362,1.000000000
full,8363,1.000000000
full,8364,1.000000000
full,8365,0.966704757
full,8366,0.874238745
full,8367,0.830267204
full,8368,0.820082645
full,8369,0.820082522
full,8370,0.820082522
full,8371,0.820082521
full,8372,0.820082521
full,8373,0.820082521
full,8374,0.820082521
full,8375,0.820082521
full,8376,0.820082521
full,8377,0.820082521
full,8378,0.820082521
full,8379,0.820082521
full,8380,0.820082521
full,8381,0.820082521
full,8382,0.776179705
full,8383,0.655200464
full,8384,0.652628586
full,8385,0.712871240
full,8386,0.724775553
full,8387,0.735668210
full,8388,0.809889031
full,8389,0.856694207
full,8390,0.963388354
full,8391,0.982908485
full,8392,1.000000000
full,8393,0.992197550
full,8394,0.906792777
full,8395,0.659052427
full,8396,0.257181161
full,8397,0.018305826
full,8405,0.000000000
full,8406,0.018305827
full,8407,0.233610404
full,8408,0.606734881
full,8409,0.838613274
full,8410,0.981732701
full,8411,1.000000000
full,8412,1.000000000
full,8413,1.000000000
full,8414,0.973573012
full,8415,0.898510306
full,8416,0.845563546
full,8417,0.820103332
full,8418,0.820082664
full,8419,0.820082539
full,8420,0.820082523
full,8421,0.820082522
full,8422,0.820082521
full,8423,0.820082521
full,8424,0.820082521
full,8425,0.820082521
full,8426,0.820082521
full,8427,0.820082521
full,8428,0.820082521
full,8429,0.820082521
full,8430,0.804855368
full,8431,0.710098406
full,8432,0.616172617
full,8433,0.541734777
full,8434,0.433805957
full,8435,0.501636236
full,8436,0.739700430
full,8437,0.784764891
full,8438,0.735252667
full,8439,0.750851203
full,8440,0.947699884
full,8441,1.000000000
full,8442,1.000000000
full,8443,0.970569509
full,8444,0.731694174
full,8445,0.268305826
full,8446,0.018305826
full,8455,0.018305826
full,8456,0.125224927
full,8457,0.287300753
full,8458,0.732008736
full,8459,0.964358108
full,8460,1.000000000
full,8461,1.000000000
full,8462,1.000000000
full,8463,0.988868667
full,8464,0.963409156
full,8465,0.856814893
full,8466,0.821440275
full,8467,0.820102673
full,8468,0.820084811
full,8469,0.820082539
full,8470,0.820082522
full,8471,0.820082521
full,8472,0.820082521
full,8473,0.820082521
full,8474,0.820082521
full,8475,0.820082521
full,8476,0.820082521
full,8477,0.820082521
full,8478,0.818722292
full,8479,0.797181010
full,8480,0.691946728
full,8481,0.489112330
full,8482,0.423660971
full,8483,0.597726937
full,8484,0.751026869
full,8485,0.581610848
full,8486,0.357358473
full,8487,0.354974565
full,8488,0.625727538
full,8489,0.839202308
full,8490,0.973342657
full,8491,1.000000000
full,8492,0.981694174
full,8493,0.731694174
full,8494,0.268305837
full,8495,0.021834620
full,8504,0.000038527
full,8505,0.018620389
full,8506,0.267930859
full,8507,0.727800312
full,8508,0.962704831
full,8509,0.981834416
full,8510,0.989528652
full,8511,1.000000000
full,8512,1.000000000
full,8513,0.964745256
full,8514,0.864502287
full,8515,0.825467167
full,8516,0.820288811
full,8517,0.820085425
full,8518,0.820082538
full,8519,0.820082522
full,8520,0.820082521
full,8521,0.820082521
full,8522,0.820082521
full,8523,0.820082521
full,8524,0.820082521
full,8525,0.820082521
full,8526,0.820082521
full,8527,0.818641288
full,8528,0.750875686
full,8529,0.575815161
full,8530,0.611582782
full,8531,0.750146816
full,8532,0.652870715
full,8533,0.380913903
full,8534,0.282449885
full,8535,0.274746295
full,8536,0.235768793
full,8537,0.293186473
full,8538,0.683493056
full,8539,0.954998285
full,8540,1.000000000
full,8541,0.981694174
full,8542,0.731694239
full,8543,0.320025943
full,8553,0.000015443
full,8554,0.115543970
full,8555,0.542414170
full,8556,0.810676771
full,8557,0.847040227
full,8558,0.902499199
full,8559,0.976771967
full,8560,1.000000000
full,8561,1.000000000
full,8562,0.968654690
full,8563,0.879793693
full,8564,0.827336014
full,8565,0.820260012
full,8566,0.820083073
full,8567,0.820082522
full,8568,0.820082521
full,8569,0.820082521
full,8570,0.820082521
full,8571,0.820082521
full,8572,0.820082521
full,8573,0.820082521
full,8574,0.820082521
full,8575,0.820082521
full,8576,0.811084155
full,8577,0.763376752
full,8578,0.778582117
full,8579,0.692760035
full,8580,0.447162205
full,8581,0.297732741
full,8582,0.298582383
full,8583,0.308142400
full,8584,0.230243972
full,8585,0.118112553
full,8586,0.255757411
full,8587,0.610124494
full,8588,0.852538149
full,8589,0.984101689
full,8590,0.981694185
full,8591,0.850904494
full,8602,0.016667985
full,8603,0.240453960
full,8604,0.693444688
full,8605,0.820224859
full,8606,0.833480444
full,8607,0.894588170
full,8608,0.987243314
full,8609,1.000000000
full,8610,1.000000000
full,8611,0.969629640
full,8612,0.854344272
full,8613,0.822401633
full,8614,0.820083605
full,8615,0.820082522
full,8616,0.820082521
full,8617,0.820082521
full,8618,0.820082521
full,8619,0.820082521
full,8620,0.820082521
full,8621,0.820082521
full,8622,0.820082521
full,8623,0.820082521
full,8624,0.820082521
full,8625,0.820082521
full,8626,0.767666504
full,8627,0.546583799
full,8628,0.338584663
full,8629,0.337233114
full,8630,0.312546997
full,8631,0.268505940
full,8632,0.239199257
full,8633,0.190971302
full,8634,0.085253461
full,8635,0.148374555
full,8636,0.361642537
full,8637,0.873134790
full,8638,1.000000000
full,8639,1.000000000
full,8650,0.016667985
full,8651,0.240453960
full,8652,0.693444688
full,8653,0.820224859
full,8654,0.833480444
full,8655,0.894588170
full,8656,0.987243314
full,8657,1.000000000
full,8658,1.000000000
full,8659,0.969629640
full,8660,0.854344272
full,8661,0.822401633
full,8662,0.820083605
full,8663,0.820082522
full,8664,0.820082521
full,8665,0.820082521
full,8666,0.820082521
full,8667,0.820082521
full,8668,0.820082521
full,8669,0.820082521
full,8670,0.820082521
full,8671,0.820082521
full,8672,0.820082521
full,8673,0.820082521
full,8674,0.767666504
full,8675,0.546583799
full,8676,0.338584663
full,8677,0.337233114
full,8678,0.312546997
full,8679,0.268505940
full,8680,0.239199257
full,8681,0.190971302
full,8682,0.085253461
full,8683,0.148374555
full,8684,0.361642537
full,8685,0.873134790
full,8686,1.000000000
full,8687,1.000000000
full,8697,0.000015443
full,8698,0.115543970
full,8699,0.542414170
full,8700,0.810676771
full,8701,0.847040227
full,8702,0.902499199
full,8703,0.976771967
full,8704,1.000000000
full,8705,1.000000000
full,8706,0.968654690
full,8707,0.879793693
full,8708,0.827336014
full,8709,0.820260012
full,8710,0.820083073
full,8711,0.820082522
full,8712,0.820082521
full,8713,0.820082521
full,8714,0.820082521
full,8715,0.820082521
full,8716,0.820082521
full,8717,0.820082521
full,8718,0.820082521
full,8719,0.820082521
full,8720,0.811084155
full,8721,0.763376752
full,8722,0.778582117
full,8723,0.692760035
full,8724,0.447162205
full,8725,0.297732741
full,8726,0.298582383
full,8727,0.308142400
full,8728,0.230243972
full,8729,0.118112553
full,8730,0.255757410
full,8731,0.610124494
full,8732,0.852538149
full,8733,0.984101689
full,8734,0.981694185
full,8735,0.850904494
full,8744,0.000038527
full,8745,0.018620389
full,8746,0.267930859
full,8747,0.727800312
full,8748,0.962704831
full,8749,0.981834416
full,8750,0.989528652
full,8751,1.000000000
full,8752,1.000000000
full,8753,0.964745256
full,8754,0.864502287
full,8755,0.825467167
full,8756,0.820288811
full,8757,0.820085425
full,8758,0.820082538
full,8759,0.820082522
full,8760,0.820082521
full,8761,0.820082521
full,8762,0.820082521
full,8763,0.820082521
full,8764,0.820082521
full,8765,0.820082521
full,8766,0.820082521
full,8767,0.818641288
full,8768,0.750875686
full,8769,0.575815161
full,8770,0.611582782
full,8771,0.750146816
full,8772,0.652870715
full,8773,0.380913903
full,8774,0.282449885
full,8775,0.274746295
full,8776,0.235768793
full,8777,0.293186473
full,8778,0.683493056
full,8779,0.954998285
full,8780,1.000000000
full,8781,0.981694174
full,8782,0.731694239
full,8783,0.320025943
full,8791,0.018305826
full,8792,0.125224927
full,8793,0.287300753
full,8794,0.732008736
full,8795,0.964358108
full,8796,1.000000000
full,8797,1.000000000
full,8798,1.000000000
full,8799,0.988868667
full,8800,0.963409156
full,8801,0.856814893
full,8802,0.821440275
full,8803,0.820102673
full,8804,0.820084811
full,8805,0.820082539
full,8806,0.820082522
full,8807,0.820082521
full,8808,0.820082521
full,8809,0.820082521
full,8810,0.820082521
full,8811,0.820082521
full,8812,0.820082521
full,8813,0.820082521
full,8814,0.818722292
full,8815,0.797181010
full,8816,0.691946728
full,8817,0.489112330
full,8818,0.423660971
full,8819,0.597726937
full,8820,0.751026869
full,8821,0.581610848
full,8822,0.357358473
full,8823,0.354974565
full,8824,0.625727538
full,8825,0.839202308
full,8826,0.973342657
full,8827,1.000000000
full,8828,0.981694174
full,8829,0.731694174
full,8830,0.268305837
full,8831,0.021834620
full,8837,0.000000000
full,8838,0.018305827
full,8839,0.233610404
full,8840,0.606734881
full,8841,0.838613274
full,8842,0.981732701
full,8843,1.000000000
full,8844,1.000000000
full,8845,1.000000000
full,8846,0.973573012
full,8847,0.898510306
full,8848,0.845563546
full,8849,0.820103332
full,8850,0.820082664
full,8851,0.820082539
full,8852,0.820082523
full,8853,0.820082522
full,8854,0.820082521
full,8855,0.820082521
full,8856,0.820082521
full,8857,0.820082521
full,8858,0.820082521
full,8859,0.820082521
full,8860,0.820082521
full,8861,0.820082521
full,8862,0.804855368
full,8863,0.710098406
full,8864,0.616172617
full,8865,0.541734777
full,8866,0.433805957
full,8867,0.501636236
full,8868,0.739700430
full,8869,0.784764891
full,8870,0.735252667
full,8871,0.750851203
full,8872,0.947699884
full,8873,1.000000000
full,8874,1.000000000
full,8875,0.970569509
full,8876,0.731694174
full,8877,0.268305826
full,8878,0.018305826
full,8884,0.009942913
full,8885,0.076257373
full,8886,0.261858773
full,8887,0.636166429
full,8888,0.946998752
full,8889,1.000000000
full,8890,1.000000000
full,8891,1.000000000
full,8892,1.000000000
full,8893,0.966704757
full,8894,0.874238745
full,8895,0.830267204
full,8896,0.820082645
full,8897,0.820082522
full,8898,0.820082522
full,8899,0.820082521
full,8900,0.820082521
full,8901,0.820082521
full,8902,0.820082521
full,8903,0.820082521
full,8904,0.820082521
full,8905,0.820082521
full,8906,0.820082521
full,8907,0.820082521
full,8908,0.820082521
full,8909,0.820082521
full,8910,0.776179705
full,8911,0.655200464
full,8912,0.652628586
full,8913,0.712871240
full,8914,0.724775553
full,8915,0.735668210
full,8916,0.809889031
full,8917,0.856694207
full,8918,0.963388354
full,8919,0.982908485
full,8920,1.000000000
full,8921,0.992197550
full,8922,0.906792777
full,8923,0.659052427
full,8924,0.257181161
full,8925,0.018305826
full,8930,0.000000013
full,8931,0.018305901
full,8932,0.187582482
full,8933,0.460466291
full,8934,0.789645721
full,8935,0.965304204
full,8936,1.000000000
full,8937,1.000000000
full,8938,1.000000000
full,8939,1.000000000
full,8940,0.963702067
full,8941,0.858479059
full,8942,0.823398933
full,8943,0.820082525
full,8944,0.820082521
full,8945,0.820082521
full,8946,0.820082521
full,8947,0.820082521
full,8948,0.820082521
full,8949,0.820082521
full,8950,0.820082521
full,8951,0.820082521
full,8952,0.820082521
full,8953,0.820082521
full,8954,0.820082521
full,8955,0.820082521
full,8956,0.820082521
full,8957,0.820082521
full,8958,0.812783368
full,8959,0.773636153
full,8960,0.788067064
full,8961,0.804735245
full,8962,0.818695518
full,8963,0.840741667
full,8964,0.870410324
full,8965,0.965741673
full,8966,1.000000000
full,8967,1.000000000
full,8968,0.981694908
full,8969,0.792921721
full,8970,0.470296623
full,8971,0.193404429
full,8972,0.018305826
full,8977,0.018305826
full,8978,0.132693553
full,8979,0.272936973
full,8980,0.643628161
full,8981,0.900970816
full,8982,0.991637087
full,8983,1.000000000
full,8984,1.000000000
full,8985,1.000000000
full,8986,0.987962994
full,8987,0.963395832
full,8988,0.856737781
full,8989,0.820396242
full,8990,0.820082526
full,8991,0.820082574
full,8992,0.820084982
full,8993,0.820083171
full,8994,0.820082576
full,8995,0.820082559
full,8996,0.820082529
full,8997,0.820082523
full,8998,0.820082522
full,8999,0.820082522
full,9000,0.820082522
full,9001,0.820082522
full,9002,0.820082522
full,9003,0.820082522
full,9004,0.820082522
full,9005,0.820082522
full,9006,0.820082620
full,9007,0.820107374
full,9008,0.827673464
full,9009,0.838964739
full,9010,0.860053621
full,9011,0.963964738
full,9012,0.984047493
full,9013,1.000000000
full,9014,1.000000000
full,9015,0.963408297
full,9016,0.731698453
full,9017,0.278822042
full,9018,0.079533374
full,9019,0.010503377
full,9024,0.170930126
full,9025,0.275999305
full,9026,0.651535069
full,9027,0.846081901
full,9028,0.968019284
full,9029,1.000000000
full,9030,1.000000000
full,9031,1.000000000
full,9032,1.000000000
full,9033,0.987962994
full,9034,0.911537366
full,9035,0.862963009
full,9036,0.838395833
full,9037,0.838388355
full,9038,0.838388425
full,9039,0.838391117
full,9040,0.838403392
full,9041,0.838394648
full,9042,0.838389352
full,9043,0.823497126
full,9044,0.826697820
full,9045,0.821191920
full,9046,0.820302957
full,9047,0.820312926
full,9048,0.821100122
full,9049,0.826252398
full,9050,0.825598813
full,9051,0.825557734
full,9052,0.826316146
full,9053,0.838388449
full,9054,0.838413778
full,9055,0.846124241
full,9056,0.900962279
full,9057,0.970979290
full,9058,0.982270564
full,9059,1.000000000
full,9060,1.000000000
full,9061,0.971004794
full,9062,0.838408312
full,9063,0.606810448
full,9064,0.250020683
full,9065,0.018310106
full,9066,0.000000734
full,9072,0.829069874
full,9073,0.856694174
full,9074,0.971081827
full,9075,1.000000000
full,9076,1.000000000
full,9077,1.000000000
full,9078,1.000000000
full,9079,1.000000000
full,9080,1.000000000
full,9081,1.000000000
full,9082,0.987962994
full,9083,0.981694176
full,9084,0.981694174
full,9085,0.981694174
full,9086,0.981694178
full,9087,0.981694226
full,9088,0.981696635
full,9089,0.981694823
full,9090,0.966802729
full,9091,0.883209577
full,9092,0.881468359
full,9093,0.851689958
full,9094,0.841012915
full,9095,0.840969273
full,9096,0.850719635
full,9097,0.880882913
full,9098,0.882184738
full,9099,0.882050136
full,9100,0.898501608
full,9101,0.969621972
full,9102,0.981694273
full,9103,0.981719027
full,9104,0.989285116
full,9105,1.000000000
full,9106,1.000000000
full,9107,0.963455749
full,9108,0.846004798
full,9109,0.651086079
full,9110,0.275922317
full,9111,0.125019965
full,9112,0.018305826
full,9120,1.000000000
full,9121,1.000000000
full,9122,1.000000000
full,9123,1.000000000
full,9124,1.000000000
full,9125,1.000000000
full,9126,1.000000000
full,9127,1.000000000
full,9128,1.000000000
full,9129,1.000000000
full,9130,1.000000000
full,9131,1.000000000
full,9132,1.000000000
full,9133,1.000000000
full,9134,1.000000000
full,9135,1.000000000
full,9136,1.000000000
full,9137,1.000000000
full,9138,1.000000000
full,9139,0.985108500
full,9140,0.988309388
full,9141,0.982803557
full,9142,0.981914607
full,9143,0.981924578
full,9144,0.982711774
full,9145,0.987864050
full,9146,0.987210465
full,9147,0.987169386
full,9148,0.987927798
full,9149,1.000000000
full,9150,1.000000000
full,9151,1.000000000
full,9152,0.972762679
full,9153,0.885182542
full,9154,0.825037753
full,9155,0.607087018
full,9156,0.268373245
full,9157,0.132616453
full,9158,0.018305842
full,9159,0.000000003
full,9168,1.000000000
full,9169,1.000000000
full,9170,1.000000000
full,9171,1.000000000
full,9172,1.000000000
full,9173,1.000000000
full,9174,1.000000000
full,9175,1.000000000
full,9176,1.000000000
full,9177,1.000000000
full,9178,1.000000000
full,9179,1.000000000
full,9180,1.000000000
full,9181,1.000000000
full,9182,1.000000000
full,9183,1.000000000
full,9184,1.000000000
full,9185,1.000000000
full,9186,1.000000000
full,9187,1.000000000
full,9188,1.000000000
full,9189,1.000000000
full,9190,1.000000000
full,9191,1.000000000
full,9192,1.000000000
full,9193,1.000000000
full,9194,1.000000000
full,9195,1.000000000
full,9196,1.000000000
full,9197,1.000000000
full,9198,1.000000000
full,9199,0.983516797
full,9200,0.788813187
full,9201,0.427316812
full,9202,0.226744588
full,9203,0.149175978
full,9204,0.021834550
full,9205,0.000000001
