rung,iter,wall_ms,compliance,achieved_vf,plateau,cg_iters,cg_multigrid,beta,hier_built,mg_cycles_attempted,infeasible,recycle_dim,active_fraction,total_ms,tail_prev_ms,filter_ms,project_ms,solve_ms,fea_ms,sens_ms,update_ms,analysis_ms,observe_ms,residual_ms,solver_build_ms,mg_build_ms,mg_ms,cg_ms,geneo_setup_ms,geneo_apply_ms,recycle_ms,fea_solves,matvecs,geneo_dim,geneo_action,geneo_burn,geneo_threshold,rss_mb,peak_rss_mb,compressed_mb,available_mb,major_faults,swapins
0,1,1785745762531,0.004191250104,0.634857,0,880,0,0,1,300,0,0,1.000000,200566.316,0.000,719.886,0.251,197656.399,197637.144,19.220,2185.372,2.331,0.478,1.600,43.355,919.598,31172.855,16783.862,144544.396,3621.023,539.659,1,3759,1674,3,500,0,1207.63,1842.95,139.64,4971.22,117,888799232
0,2,1785745834714,0.003384297837,0.643460,0,1545,0,0,1,300,0,16,1.000000,71893.737,288.377,201.376,0.171,71336.373,71318.736,17.612,352.118,1.408,0.233,2.058,80.601,1675.004,24278.883,36007.114,1.822,0.000,9270.815,1,2766,1674,5,1545,4608,1337.89,1842.95,326.39,4032.19,118,946995200
0,3,1785745884295,0.002755602405,0.655394,0,973,0,0,1,300,0,16,1.000000,49471.180,110.123,364.457,0.173,48960.637,48941.495,19.138,144.414,1.084,0.037,0.378,44.468,975.944,25387.260,17366.364,2.197,0.000,5162.283,1,2194,1674,5,973,4608,1339.72,1842.95,168.92,5536.91,118,965230592
0,4,1785745918153,0.002553072449,0.667623,0,1069,0,0,0,0,0,16,1.000000,33735.363,120.808,121.319,0.163,32885.271,32866.657,18.595,721.708,1.348,0.071,5.482,28.695,0.000,0.000,24907.099,1.793,0.000,7921.849,1,1087,1674,5,1069,4608,1339.72,1842.95,328.47,4755.64,118,968818688
0,5,1785745939984,0.002482157434,0.676512,0,982,0,0,0,0,0,16,1.000000,21745.373,86.225,127.034,0.163,21386.283,21368.512,17.759,229.871,1.089,0.047,0.885,29.698,0.000,0.000,16207.127,2.003,0.000,5127.640,1,1000,1674,5,982,4608,1339.72,1842.95,266.44,5129.73,118,969998336
0,6,1785745954883,0.002456037525,0.678838,0,706,0,0,0,0,0,16,1.000000,14793.494,103.793,134.740,0.163,14486.577,14470.042,16.531,170.284,1.273,0.060,0.397,21.048,0.000,0.000,10552.668,1.797,0.000,3892.221,1,724,1674,5,706,4608,1339.72,1842.95,257.77,5435.27,118,972259328
0,7,1785745971089,0.002447406905,0.679304,0,742,0,0,0,0,0,16,1.000000,16106.601,99.821,149.047,0.196,15809.953,15793.895,16.053,145.901,1.146,0.048,0.310,23.095,0.000,0.000,11924.186,1.799,0.000,3842.717,1,760,1674,5,742,4608,1339.72,1842.95,256.91,5377.83,118,973045760
0,8,1785745981976,0.002443640673,0.679361,0,884,0,0,0,0,0,16,1.000000,10794.265,92.347,120.803,0.219,10524.448,10509.774,14.670,147.155,1.158,0.062,0.420,13.539,0.000,0.000,7616.790,2.736,0.000,2874.470,1,902,1674,5,884,4608,1340.08,1842.95,255.06,5125.97,118,973127680
0,9,1785745995832,0.002440779836,0.679472,0,1129,0,0,0,0,0,16,1.000000,13764.387,90.515,117.885,0.159,13502.429,13488.111,14.316,142.374,1.175,0.049,0.315,22.116,0.000,0.000,9965.507,1.795,0.000,3496.890,1,1147,1674,5,1129,4608,1340.08,1842.95,252.92,5251.72,118,977059840
0,10,1785746007844,0.002438334614,0.679565,0,1124,0,0,0,0,0,16,1.000000,11924.094,88.104,117.756,0.173,11665.731,11651.063,14.666,139.025,1.075,0.046,0.288,15.698,0.000,0.000,8369.536,1.899,0.000,3261.932,1,1142,1674,5,1124,4608,1340.08,1842.95,251.09,5260.75,118,978223104
0,11,1785746019740,0.002436350309,0.679657,0,1108,0,0,0,0,0,16,1.000000,11802.131,92.128,120.241,0.171,11538.003,11522.924,15.076,142.141,1.192,0.044,0.340,12.903,0.000,0.000,8387.798,1.831,0.000,3118.348,1,1126,1674,5,1108,4608,1340.85,1842.95,251.02,5272.11,118,978223104
0,12,1785746031742,0.002434780585,0.679738,0,1115,0,0,0,0,0,16,1.000000,11910.118,91.847,123.162,0.171,11633.661,11618.289,15.369,151.600,1.155,0.045,0.323,14.836,0.000,0.000,8481.309,1.880,0.000,3118.177,1,1133,1674,5,1115,4608,1340.85,1842.95,250.03,5258.48,118,978337792
0,13,1785746042589,0.002433596117,0.679816,0,979,0,0,0,0,0,16,1.000000,10753.590,93.726,122.555,0.164,10474.875,10459.029,15.841,154.296,1.199,0.048,0.453,13.729,0.000,0.000,7567.659,1.919,0.000,2873.548,1,997,1674,5,979,4608,1340.86,1842.95,249.30,5215.50,118,978354176
0,14,1785746053507,0.002432744804,0.679876,0,964,0,0,0,0,0,16,1.000000,10823.803,93.706,120.895,0.171,10552.321,10537.394,14.924,148.933,1.159,0.052,0.272,13.742,0.000,0.000,7598.977,2.036,0.000,2920.456,1,982,1674,5,964,4608,1341.13,1842.95,248.03,5144.23,118,978354176
0,15,1785746062726,0.002432169751,0.679907,0,816,0,0,0,0,0,16,1.000000,9126.078,92.629,117.633,0.266,8850.550,8832.552,17.989,155.134,1.059,0.050,1.386,18.079,0.000,0.000,6216.267,1.802,0.000,2594.247,1,834,1674,5,816,4608,1341.13,1842.95,246.62,5198.45,118,979845120
0,16,1785746072217,0.002431764793,0.679923,0,933,0,0,0,0,0,16,1.000000,9403.223,86.791,114.092,0.168,9135.966,9121.770,14.193,151.653,1.027,0.045,0.273,15.419,0.000,0.000,6396.490,1.863,0.000,2706.007,1,951,1674,5,933,4608,1341.13,1842.95,247.28,4998.81,118,979959808
0,17,1785746081373,0.002431445787,0.679935,0,853,0,0,0,0,0,16,1.000000,9075.183,80.035,220.240,0.165,8365.925,8344.628,21.294,484.169,4.290,0.040,0.354,13.335,0.000,0.000,5752.295,1.835,0.000,2571.557,1,871,1674,5,853,4608,1341.13,1842.95,338.92,4069.33,118,980205568
0,18,1785746088949,0.002431176731,0.679945,0,700,0,0,0,0,0,16,1.000000,7440.244,134.771,127.236,0.167,7085.089,7070.674,14.411,223.635,1.036,0.047,3.034,32.201,0.000,0.000,4782.630,1.743,0.000,2252.053,1,718,1674,5,700,4608,1341.13,1842.95,272.86,3863.94,118,981073920
0,19,1785746096370,0.002430948747,0.679954,0,703,0,0,0,0,0,16,1.000000,7327.888,92.414,117.147,0.157,7052.736,7038.741,13.992,156.400,1.112,0.051,0.284,17.594,0.000,0.000,4822.540,1.805,0.000,2194.387,1,721,1674,5,703,4608,1341.13,1842.95,258.58,3934.52,118,981188608
0,20,1785746104575,0.00243075583,0.679962,0,746,0,0,0,0,0,16,1.000000,8119.934,85.444,118.063,0.156,7769.295,7753.462,15.820,229.802,1.705,0.072,0.839,11.296,0.000,0.000,5354.625,1.869,0.000,2380.435,1,764,1674,5,746,4608,1341.13,1842.95,301.34,3862.72,118,981188608
0,21,1785746112506,0.002430596968,0.679969,0,739,0,0,0,0,0,16,1.000000,7843.270,86.132,113.074,0.170,7587.614,7572.662,14.949,141.009,1.121,0.046,0.237,22.394,0.000,0.000,5198.618,2.252,0.000,2347.527,1,757,1674,5,739,4608,1341.13,1842.95,266.56,3962.75,118,981204992
0,22,1785746119997,0.002430466057,0.679977,0,738,0,0,0,0,0,16,1.000000,7402.119,88.844,119.744,0.184,7141.463,7127.511,13.950,139.338,1.091,0.049,0.249,13.278,0.000,0.000,4863.452,1.795,0.000,2246.972,1,756,1674,5,738,4608,1341.13,1842.95,264.02,4010.25,118,981204992
0,23,1785746128017,0.002430364953,0.679982,0,745,0,0,0,0,0,16,1.000000,7935.645,83.276,114.055,0.173,7666.523,7651.371,15.150,153.319,1.222,0.044,0.310,16.524,0.000,0.000,5276.610,1.907,0.000,2353.535,1,763,1674,5,745,4608,1341.13,1842.95,263.75,4038.45,118,981745664
0,24,1785746135773,0.00243028877,0.679985,0,729,0,0,0,0,0,16,1.000000,7668.051,88.338,119.168,0.155,7381.747,7366.893,14.849,165.500,1.149,0.036,0.296,14.122,0.000,0.000,5068.029,1.717,0.000,2280.542,1,747,1674,5,729,4608,1341.13,1842.95,251.78,3993.83,118,981745664
0,25,1785746145236,0.002430228081,0.679988,1,726,0,0,0,0,0,16,1.000000,9372.852,89.405,111.049,0.164,9110.684,9096.163,14.519,149.005,1.073,0.040,0.838,13.613,0.000,0.000,6504.587,1.725,0.000,2574.482,1,744,1674,5,726,4608,1341.13,1842.95,263.12,4017.92,118,981876736
0,26,1785746177476,0.002458710876,0.676000,0,850,0,1,0,0,0,16,1.000000,9632.024,0.000,214.603,0.755,9337.406,9322.144,15.236,77.104,1.103,0.783,0.271,63.257,0.000,0.000,6457.037,1.848,0.000,2783.973,1,868,1674,5,850,4608,1153.83,1842.95,134.45,3977.66,119,998277120
0,27,1785746188407,0.002448283952,0.677314,0,1076,0,1,0,0,0,16,1.000000,10844.285,87.195,260.257,0.705,10496.075,10480.708,15.359,84.891,1.096,0.366,0.895,12.913,0.000,0.000,7203.525,1.718,0.000,3259.843,1,1094,1674,5,1076,4608,1183.99,1842.95,134.28,4227.39,119,998277120
0,28,1785746199487,0.002441713078,0.677688,0,1172,0,1,0,0,0,16,1.000000,10996.074,83.466,196.185,0.725,10721.282,10706.988,14.292,75.732,1.080,0.785,0.284,16.288,0.000,0.000,7573.502,1.722,0.000,3113.693,1,1190,1674,5,1172,4608,1199.61,1842.95,155.09,3701.12,119,998277120
0,29,1785746209920,0.00243821556,0.677845,0,1015,0,1,0,0,0,16,1.000000,10346.049,86.580,378.516,0.692,9853.039,9837.501,15.528,109.601,1.494,0.780,1.927,12.454,0.000,0.000,6853.872,1.739,0.000,2966.667,1,1033,1674,5,1015,4608,1199.63,1842.95,178.33,4282.06,119,998293504
0,30,1785746221076,0.002435811633,0.677989,0,944,0,1,0,0,0,16,1.000000,11064.891,91.022,584.030,0.715,10374.095,10357.329,16.754,99.439,1.299,0.816,4.497,16.913,0.000,0.000,7246.361,1.753,0.000,3084.107,1,962,1674,5,944,4608,1199.63,1842.95,260.28,3397.20,119,998293504
0,31,1785746232736,0.002434105818,0.678079,0,1274,0,1,0,0,0,16,1.000000,11573.685,85.774,170.636,0.736,11327.118,11313.278,13.823,73.328,1.267,0.361,0.239,58.202,0.000,0.000,7997.509,1.883,0.000,3252.551,1,1292,1674,5,1274,4608,1206.28,1842.95,152.88,3874.33,119,998293504
0,32,1785746243151,0.002432840825,0.678173,0,1106,0,1,0,0,0,16,1.000000,10333.176,81.942,184.572,0.682,10069.018,10054.144,14.869,76.084,1.080,0.777,0.962,11.532,0.000,0.000,7122.417,1.738,0.000,2916.767,1,1124,1674,5,1106,4608,1206.28,1842.95,146.28,3891.58,119,998293504
0,33,1785746254813,0.002431897762,0.678251,0,1288,0,1,0,0,0,16,1.000000,11580.383,80.854,186.308,0.693,11314.277,11300.059,14.215,76.821,1.094,0.919,0.271,11.851,0.000,0.000,8081.653,1.798,0.000,3203.036,1,1306,1674,5,1288,4608,1212.19,1842.95,145.91,4144.42,119,998293504
0,34,1785746266364,0.002431213896,0.678308,0,1268,0,1,0,0,0,16,1.000000,11463.298,87.877,171.409,0.697,11218.957,11204.785,14.170,70.910,1.034,0.036,0.254,12.496,0.000,0.000,8002.789,1.757,0.000,3185.986,1,1286,1674,5,1268,4608,1213.22,1842.95,145.88,4070.16,119,998293504
0,35,1785746278116,0.002430687793,0.678355,0,1242,0,1,0,0,0,16,1.000000,11669.181,82.954,254.979,0.726,11314.171,11299.719,14.445,97.448,1.347,0.274,0.236,10.995,0.000,0.000,8058.110,1.722,0.000,3227.110,1,1260,1674,5,1242,4608,1213.44,1842.95,179.41,3940.66,119,998293504
0,36,1785746290508,0.002430270098,0.678394,0,1255,0,1,0,0,0,16,1.000000,12302.533,88.986,306.474,0.728,11914.439,11899.478,14.950,76.503,1.122,0.758,2.508,23.922,0.000,0.000,8475.126,1.784,0.000,3396.046,1,1273,1674,5,1255,4608,1213.91,1842.95,162.81,4019.09,119,998309888
0,37,1785746302274,0.002429937408,0.678425,0,1271,0,1,0,0,0,16,1.000000,11682.468,83.044,181.680,0.691,11418.911,11404.245,14.663,78.956,1.179,0.812,0.239,12.188,0.000,0.000,8164.269,1.739,0.000,3224.170,1,1289,1674,5,1271,4608,1213.91,1842.95,195.03,4153.62,119,998309888
0,38,1785746314665,0.002429667549,0.678450,0,1324,0,1,0,0,0,16,1.000000,12305.187,85.347,200.830,0.712,12027.772,12012.820,14.946,73.619,1.075,0.239,0.940,15.341,0.000,0.000,8606.189,1.821,0.000,3386.975,1,1342,1674,5,1324,4608,1213.91,1842.95,161.78,3936.92,119,998309888
0,39,1785746326561,0.002429443239,0.678474,0,1292,0,1,0,0,0,16,1.000000,11813.218,83.197,196.722,0.733,11540.456,11526.351,14.102,73.632,1.054,0.358,0.264,10.858,0.000,0.000,8247.209,1.813,0.000,3264.605,1,1310,1674,5,1292,4608,1213.91,1842.95,163.70,4483.22,119,998309888
0,40,1785746339162,0.002429260222,0.678494,0,1355,0,1,0,0,0,16,1.000000,12516.201,84.005,175.995,0.728,12260.733,12246.442,14.289,76.540,1.025,0.885,0.295,10.808,0.000,0.000,8819.897,1.814,0.000,3412.145,1,1373,1674,5,1355,4608,1213.91,1842.95,160.30,4584.89,119,998309888
0,41,1785746349924,0.002429116651,0.678510,0,1095,0,1,0,0,0,16,1.000000,10679.714,82.685,315.443,0.702,10279.040,10263.613,15.407,76.406,1.110,0.292,6.721,13.233,0.000,0.000,7194.123,1.816,0.000,3046.901,1,1113,1674,5,1095,4608,1213.91,1842.95,163.05,4260.80,119,998309888
0,42,1785746361242,0.002429002632,0.678525,0,1162,0,1,0,0,0,16,1.000000,11232.694,85.236,182.748,0.695,10970.974,10956.588,14.378,76.133,1.061,0.770,0.313,12.513,0.000,0.000,7738.297,1.794,0.000,3202.203,1,1180,1674,5,1162,4608,1213.91,1842.95,161.66,4228.77,119,998309888
0,43,1785746375662,0.002428908744,0.678539,0,929,0,1,0,0,0,16,1.000000,14329.873,89.585,186.851,0.703,14061.264,14046.654,14.607,78.932,1.086,0.771,0.266,11.791,0.000,0.000,10493.202,1.751,0.000,3538.073,1,947,1674,5,929,4608,1213.91,1842.95,160.25,4014.25,119,998309888
0,44,1785746386720,0.002428836297,0.678552,0,1031,0,1,0,0,0,16,1.000000,10975.075,82.707,174.267,0.694,10714.833,10700.090,14.740,83.453,1.084,0.394,0.350,12.848,0.000,0.000,7386.218,1.741,0.000,3297.603,1,1049,1674,5,1031,4608,1213.91,1842.95,160.25,4058.98,119,998309888
0,45,1785746394800,0.00242878122,0.678561,0,761,0,1,0,0,0,16,1.000000,7990.676,88.846,294.935,0.715,7612.667,7597.641,15.017,74.281,1.109,0.223,6.748,14.768,0.000,0.000,5079.862,1.806,0.000,2494.600,1,779,1674,5,761,4608,1213.91,1842.95,147.25,4065.06,119,998309888
0,46,1785746406939,0.002428741341,0.678568,0,1215,0,1,0,0,0,16,1.000000,12048.454,90.291,246.623,0.735,11707.123,11692.214,14.900,91.574,1.350,0.781,0.268,12.907,0.000,0.000,8201.322,1.820,0.000,3474.361,1,1233,1674,5,1215,4608,1213.91,1842.95,195.42,3821.97,119,998309888
0,47,1785746417425,0.002428709274,0.678572,0,1004,0,1,0,0,0,16,1.000000,10402.664,83.478,170.858,0.704,10152.321,10137.787,14.531,77.367,1.077,0.047,0.291,22.693,0.000,0.000,7163.750,1.825,0.000,2947.747,1,1022,1674,5,1004,4608,1213.91,1842.95,160.12,3878.55,119,998309888
0,48,1785746428676,0.002428684337,0.678576,0,1010,0,1,0,0,0,16,1.000000,11164.370,85.573,218.891,0.715,10863.766,10848.250,15.492,77.129,1.102,0.788,1.978,11.342,0.000,0.000,7710.143,1.811,0.000,3122.254,1,1028,1674,5,1010,4608,1213.91,1842.95,160.20,4115.89,119,998309888
0,49,1785746439442,0.002428664803,0.678578,0,1081,0,1,0,0,0,16,1.000000,10679.893,85.905,204.642,0.699,10389.372,10375.386,13.980,83.658,1.120,0.152,0.249,12.815,0.000,0.000,7353.391,1.788,0.000,3005.707,1,1099,1674,5,1081,4608,1213.91,1842.95,162.88,4214.86,119,998309888
0,50,1785746448321,0.002428649264,0.678579,0,946,0,1,0,0,0,16,1.000000,8792.474,86.613,171.482,0.721,8545.397,8531.282,14.112,73.525,1.032,0.045,0.272,15.508,0.000,0.000,5911.693,1.818,0.000,2600.441,1,964,1674,5,946,4608,1213.91,1842.95,160.91,4302.69,119,998309888
0,51,1785746461402,0.00242863706,0.678580,0,1410,0,1,0,0,0,16,1.000000,12998.011,82.647,234.568,0.729,12684.185,12663.011,21.165,75.615,1.027,0.786,1.101,13.109,0.000,0.000,9023.300,1.793,0.000,3622.242,1,1428,1674,5,1410,4608,1213.91,1842.95,148.56,4368.52,119,998309888
0,52,1785746474598,0.002428627268,0.678582,0,1436,0,1,0,0,0,16,1.000000,13114.590,80.763,182.882,0.715,12855.860,12841.408,14.443,73.083,1.028,0.789,0.234,14.570,0.000,0.000,9195.624,1.768,0.000,3627.519,1,1454,1674,5,1436,4608,1213.91,1842.95,150.39,4292.20,119,998309888
0,53,1785746488799,0.002428620136,0.678583,0,1319,0,1,0,0,0,16,1.000000,14110.757,89.688,680.891,0.676,13267.010,13250.954,16.039,152.526,1.597,0.822,7.234,17.832,0.000,0.000,9526.085,3.381,0.000,3700.284,1,1337,1674,5,1319,4608,1213.91,1842.95,267.31,3652.62,119,998309888
0,54,1785746500806,0.002428615098,0.678583,0,1279,0,1,0,0,0,16,1.000000,11923.816,83.439,397.246,0.685,11441.455,11426.506,14.924,79.564,1.372,0.750,2.744,25.422,0.000,0.000,8130.586,1.805,0.000,3265.564,1,1297,1674,5,1279,4608,1213.91,1842.95,163.52,3824.25,119,998309888
0,55,1785746511942,0.002428611336,0.678583,0,1271,0,1,0,0,0,16,1.000000,11052.110,83.840,170.911,0.799,10805.255,10791.166,14.082,73.039,1.063,0.783,0.260,17.686,0.000,0.000,7675.171,1.721,0.000,3094.072,1,1289,1674,5,1271,4608,1213.92,1842.95,163.14,3757.88,119,998309888
0,56,1785746525821,0.002428608328,0.678584,0,1581,0,1,0,0,0,16,1.000000,13796.441,82.226,374.567,0.740,13326.312,13310.976,15.329,90.732,1.299,0.793,1.997,11.219,0.000,0.000,9695.483,1.788,0.000,3600.683,1,1599,1674,5,1581,4608,1213.92,1842.95,197.42,3687.22,119,998309888
0,57,1785746541908,0.002428605853,0.678584,0,1646,0,1,0,0,0,16,1.000000,16003.490,82.769,402.460,0.676,15509.255,15492.721,16.516,83.428,1.459,0.796,5.416,14.945,0.000,0.000,11271.979,1.717,0.000,4201.275,1,1664,1674,5,1646,4608,1213.92,1842.95,199.86,4090.36,119,998309888
0,58,1785746557345,0.002428603731,0.678584,0,1639,0,1,0,0,0,16,1.000000,15350.054,86.610,220.770,0.672,15046.986,15032.142,14.832,78.148,1.034,0.771,1.672,25.211,0.000,0.000,10972.692,1.735,0.000,4029.917,1,1657,1674,5,1639,4608,1213.92,1842.95,163.23,3940.08,119,998309888
0,59,1785746572008,0.002428601894,0.678584,0,1631,0,1,0,0,0,16,1.000000,14579.637,83.578,175.181,0.702,14325.906,14311.839,14.064,76.355,1.081,0.148,0.266,13.990,0.000,0.000,10432.386,1.805,0.000,3861.748,1,1649,1674,5,1631,4608,1213.92,1842.95,165.11,3992.31,119,998309888
0,60,1785746586750,0.002428600269,0.678584,0,1618,0,1,0,0,0,16,1.000000,14658.270,83.711,217.293,0.724,14349.139,14334.036,15.085,80.453,1.107,0.781,8.773,14.009,0.000,0.000,10416.082,1.816,0.000,3896.796,1,1636,1674,5,1618,4608,1213.92,1842.95,163.80,3713.61,119,998309888
0,61,1785746601215,0.002428598834,0.678584,0,1594,0,1,0,0,0,16,1.000000,14381.440,82.586,190.083,0.683,14107.743,14093.467,14.274,80.820,1.096,0.771,0.244,14.259,0.000,0.000,10299.149,1.760,0.000,3776.103,1,1612,1674,5,1594,4608,1213.92,1842.95,163.80,3891.16,119,998309888
0,62,1785746616184,0.002428597566,0.678584,0,1580,0,1,0,0,0,16,1.000000,14886.069,83.424,223.217,0.744,14568.211,14553.942,14.266,91.501,1.307,0.848,0.241,11.120,0.000,0.000,10530.793,1.814,0.000,4008.432,1,1598,1674,5,1580,4608,1213.92,1842.95,196.16,3941.86,119,998309888
0,63,1785746631154,0.002428596418,0.678584,0,1573,0,1,0,0,0,16,1.000000,14879.374,89.851,343.175,0.867,14450.740,14436.080,14.649,80.836,1.088,0.782,1.886,23.914,0.000,0.000,10467.689,1.727,0.000,3939.919,1,1591,1674,5,1573,4608,1213.92,1842.95,162.52,3885.56,119,998309888
0,64,1785746647597,0.002428595418,0.678585,0,1670,0,1,0,0,0,16,1.000000,16360.275,82.501,399.981,0.736,15845.158,15829.946,15.201,108.847,1.481,0.248,3.823,15.056,0.000,0.000,11471.258,1.722,0.000,4336.611,1,1688,1674,5,1670,4608,1213.92,1842.95,198.86,3805.22,119,998309888
0,65,1785746662665,0.002428594583,0.678585,1,1704,0,1,0,0,0,16,1.000000,14978.599,88.762,423.751,0.695,14461.423,14441.677,19.726,86.724,1.383,0.282,4.342,16.910,0.000,0.000,10140.182,1.722,0.000,4277.694,1,1722,1674,5,1704,4608,1213.92,1842.95,198.81,3914.19,119,998309888
0,66,1785746677480,0.00242213237,0.674709,0,1718,0,2,0,0,0,16,1.000000,14733.436,81.356,375.757,0.694,14275.831,14257.098,18.714,75.543,1.148,0.058,4.405,30.262,0.000,0.000,9920.622,1.723,0.000,4297.039,1,1736,1674,5,1718,4608,1213.92,1842.95,162.45,3808.25,119,998326272
0,67,1785746692634,0.002425692218,0.675013,0,1828,0,2,0,0,0,16,1.000000,15061.945,85.014,216.909,0.736,14772.087,14757.867,14.205,70.023,1.025,0.270,0.895,18.551,0.000,0.000,10257.721,1.724,0.000,4476.991,1,1846,1674,5,1828,4608,1214.11,1842.95,161.97,3871.12,119,998326272
0,68,1785746709532,0.002425316402,0.675052,0,1913,0,2,0,0,0,16,1.000000,16804.865,82.191,424.525,0.720,16274.253,16252.852,21.374,100.665,1.352,0.810,2.540,15.725,0.000,0.000,11531.250,1.749,0.000,4700.931,1,1931,1674,5,1913,4608,1215.97,1842.95,202.22,3995.19,119,998326272
0,69,1785746725009,0.002425251679,0.675073,0,1912,0,2,0,0,0,16,1.000000,15392.375,81.381,165.053,0.698,15155.010,15141.224,13.785,69.558,1.025,0.782,0.248,23.452,0.000,0.000,10511.607,1.728,0.000,4602.741,1,1930,1674,5,1912,4608,1216.44,1842.95,166.45,3910.61,119,998326272
0,70,1785746741075,0.002425214375,0.675090,0,1906,0,2,0,0,0,16,1.000000,15981.355,82.884,433.955,1.979,15463.099,15445.855,17.219,77.788,1.303,0.778,2.452,14.509,0.000,0.000,10680.725,2.465,0.000,4743.080,1,1924,1674,5,1906,4608,1217.33,1842.95,161.59,3913.81,119,998326272
0,71,1785746756488,0.002425187452,0.675102,0,1890,0,2,0,0,0,16,1.000000,15330.733,81.153,167.216,0.697,15087.339,15072.980,14.356,73.301,1.093,0.824,0.262,14.148,0.000,0.000,10451.206,1.726,0.000,4604.057,1,1908,1674,5,1890,4608,1217.33,1842.95,166.98,4167.41,119,998326272
0,72,1785746771669,0.002425166923,0.675112,0,1889,0,2,0,0,0,16,1.000000,15097.144,83.060,340.745,0.669,14677.603,14662.053,15.532,74.031,1.175,0.252,2.669,10.967,0.000,0.000,10147.496,1.755,0.000,4498.220,1,1907,1674,5,1889,4608,1217.33,1842.95,164.06,3966.42,119,998326272
0,73,1785746786357,0.002425150248,0.675121,0,1866,0,2,0,0,0,16,1.000000,14606.945,81.426,164.702,0.676,14368.446,14354.794,13.651,71.075,1.031,0.768,0.247,15.769,0.000,0.000,9881.910,1.753,0.000,4453.682,1,1884,1674,5,1866,4608,1217.33,1842.95,163.69,4076.91,119,998326272
0,74,1785746801022,0.002425136011,0.675129,0,1851,0,2,0,0,0,16,1.000000,14582.317,82.357,164.452,0.671,14345.377,14331.727,13.649,69.744,1.038,0.796,0.239,10.568,0.000,0.000,9902.217,1.743,0.000,4415.551,1,1869,1674,5,1851,4608,1217.33,1842.95,163.97,3907.83,119,998342656
0,75,1785746815307,0.002425123755,0.675137,0,1806,0,2,0,0,0,16,1.000000,14203.738,80.956,204.026,0.676,13924.646,13910.507,14.132,71.627,1.034,0.800,0.929,10.592,0.000,0.000,9566.479,1.722,0.000,4329.288,1,1824,1674,5,1806,4608,1217.33,1842.95,166.62,3824.59,119,998342656
0,76,1785746829209,0.002425112944,0.675143,0,1741,0,2,0,0,0,16,1.000000,13819.419,81.372,238.775,0.686,13491.687,13477.485,14.198,85.899,1.297,0.803,0.272,13.636,0.000,0.000,9273.342,1.769,0.000,4186.931,1,1759,1674,5,1741,4608,1217.33,1842.95,187.16,3656.77,119,998342656
0,77,1785746842641,0.002411525789,0.664575,0,1682,0,4,0,0,0,16,1.000000,13350.728,81.682,170.194,0.746,13108.279,13094.059,14.213,69.180,1.036,0.268,1.025,15.024,0.000,0.000,8969.898,1.724,0.000,4104.841,1,1700,1674,5,1682,4608,1217.33,1842.95,161.70,3641.64,119,998342656
0,78,1785746854651,0.002419700534,0.666816,0,1475,0,4,0,0,0,16,1.000000,11927.945,81.408,300.483,0.709,11551.730,11537.938,13.792,73.445,1.074,0.262,0.242,12.548,0.000,0.000,7816.606,1.719,0.000,3705.307,1,1493,1674,5,1475,4608,1217.33,1842.95,163.09,3573.05,119,998342656
0,79,1785746867242,0.002417812706,0.667100,0,1565,0,4,0,0,0,16,1.000000,12509.248,81.415,215.364,0.717,12214.624,12200.592,14.028,76.659,1.242,0.370,0.271,13.112,0.000,0.000,8326.466,1.810,0.000,3857.450,1,1583,1674,5,1565,4608,1217.33,1842.95,166.59,3480.94,119,998342656
0,80,1785746879147,0.002417585438,0.667262,0,1487,0,4,0,0,0,16,1.000000,11823.212,81.698,218.381,0.717,11528.853,11514.522,14.321,69.599,1.080,0.885,3.696,14.630,0.000,0.000,7781.530,1.752,0.000,3713.711,1,1505,1674,5,1487,4608,1217.80,1842.95,162.73,3485.77,119,998342656
0,81,1785746890580,0.002417460604,0.667406,0,1395,0,4,0,0,0,16,1.000000,11347.912,81.352,258.990,0.711,11006.276,10991.969,14.301,79.785,1.108,0.793,0.249,18.018,0.000,0.000,7433.234,1.753,0.000,3537.230,1,1413,1674,5,1395,4608,1217.80,1842.95,176.53,3437.72,119,998342656
0,82,1785746901059,0.002417353974,0.667530,0,1280,0,4,0,0,0,16,1.000000,10397.935,80.762,200.588,0.704,10122.788,10108.250,14.525,69.924,1.065,0.789,2.078,14.803,0.000,0.000,6790.386,1.767,0.000,3298.558,1,1298,1674,5,1280,4608,1217.80,1842.95,166.84,3379.92,119,998359040
0,83,1785746911152,0.002417261567,0.667638,0,1226,0,4,0,0,0,16,1.000000,10011.351,81.527,240.679,0.710,9668.327,9654.207,14.117,99.276,1.301,0.812,0.246,11.725,0.000,0.000,6464.934,1.721,0.000,3174.169,1,1244,1674,5,1226,4608,1217.80,1842.95,187.33,3256.34,119,998359040
0,84,1785746920844,0.002417179106,0.667735,0,1170,0,4,0,0,0,16,1.000000,9609.658,81.672,216.246,0.707,9316.836,9296.717,20.102,72.242,1.099,0.386,2.142,13.896,0.000,0.000,6208.226,1.734,0.000,3070.431,1,1188,1674,5,1170,4608,1217.80,1842.95,167.41,3234.78,119,998359040
0,85,1785746930387,0.002417103722,0.667817,0,1107,0,4,0,0,0,16,1.000000,9461.091,82.204,199.685,0.721,9186.397,9172.622,13.769,72.963,1.022,0.042,0.261,11.779,0.000,0.000,6135.143,1.725,0.000,3022.287,1,1125,1674,5,1107,4608,1217.80,1842.95,164.20,4158.58,119,998359040
0,86,1785746941812,0.002417035684,0.667888,0,1320,0,4,0,0,0,16,1.000000,11344.474,80.553,269.685,0.713,10958.181,10928.121,30.038,112.006,1.110,0.805,1.973,12.399,0.000,0.000,7363.723,1.719,0.000,3546.043,1,1338,1674,5,1320,4608,1217.80,1842.95,183.47,3908.94,119,998359040
0,87,1785746951899,0.002416971786,0.667956,0,1149,0,4,0,0,0,16,1.000000,9984.390,101.661,195.154,0.728,9714.675,9700.422,14.251,71.724,1.060,0.782,0.266,18.669,0.000,0.000,6530.032,2.427,0.000,3147.483,1,1167,1674,5,1149,4608,1217.80,1842.95,165.52,3762.14,119,998359040
0,88,1785746959070,0.002402631135,0.656187,0,812,0,8,0,0,0,16,1.000000,7088.801,82.212,187.758,0.736,6825.396,6810.979,14.410,72.815,1.032,0.059,1.006,13.539,0.000,0.000,4360.542,1.760,0.000,2432.607,1,830,1674,5,812,4608,1218.14,1842.95,163.31,3872.61,119,998359040
0,89,1785746971101,0.002410276423,0.659985,0,1470,0,8,0,0,0,16,1.000000,11950.175,80.890,193.779,0.732,11682.946,11668.775,14.161,70.575,1.027,0.843,0.273,13.769,0.000,0.000,7932.104,2.740,0.000,3718.451,1,1488,1674,5,1470,4608,1218.14,1842.95,166.27,3725.73,119,998359040
0,90,1785746980930,0.002408140766,0.660646,0,1154,0,8,0,0,0,16,1.000000,9747.048,81.073,233.141,0.728,9425.712,9411.173,14.523,83.784,1.167,0.751,1.766,12.768,0.000,0.000,6323.807,1.731,0.000,3070.416,1,1172,1674,5,1154,4608,1218.14,1842.95,178.73,3719.62,119,998375424
0,91,1785746992800,0.002407897726,0.661053,0,1435,0,8,0,0,0,16,1.000000,11788.283,81.544,221.358,0.724,11492.146,11478.479,13.656,71.833,1.177,0.795,0.248,13.771,0.000,0.000,7853.205,1.758,0.000,3607.890,1,1453,1674,5,1435,4608,1218.14,1842.95,189.05,3756.66,119,998375424
0,92,1785747005012,0.002407762817,0.661369,0,1481,0,8,0,0,0,16,1.000000,12130.959,80.964,243.447,0.745,11797.242,11782.334,14.900,85.267,1.121,0.785,2.352,18.390,0.000,0.000,7938.562,1.722,0.000,3821.022,1,1499,1674,5,1481,4608,1218.14,1842.95,169.58,3385.50,120,998375424
0,93,1785747016299,0.002407636975,0.661625,0,1408,0,8,0,0,0,16,1.000000,11205.820,80.964,180.466,0.733,10951.857,10938.124,13.730,71.303,1.026,0.176,0.258,11.730,0.000,0.000,7375.255,1.805,0.000,3547.585,1,1426,1674,5,1408,4608,1218.14,1842.95,165.72,3368.70,120,998375424
0,94,1785747027433,0.002407520733,0.661852,0,1322,0,8,0,0,0,16,1.000000,11050.802,82.423,246.407,0.725,10716.200,10701.675,14.510,83.519,1.108,0.779,2.064,16.582,0.000,0.000,7236.966,1.726,0.000,3443.497,1,1340,1674,5,1322,4608,1218.14,1842.95,165.41,3464.80,120,998375424
0,95,1785747037724,0.002407412489,0.662070,0,1209,0,8,0,0,0,16,1.000000,10204.351,86.238,247.878,0.749,9857.017,9843.186,13.820,96.107,1.537,0.795,0.268,18.498,0.000,0.000,6621.814,3.867,0.000,3197.287,1,1227,1674,5,1209,4608,1218.14,1842.95,190.28,3338.72,120,998375424
0,96,1785747045543,0.002407310366,0.662268,0,922,0,8,0,0,0,16,1.000000,7735.687,82.940,173.171,0.728,7488.650,7474.638,14.011,70.789,1.040,0.411,0.897,16.536,0.000,0.000,4854.378,1.757,0.000,2600.221,1,940,1674,5,922,4608,1218.14,1842.95,153.70,3372.58,120,998375424
0,97,1785747051670,0.00240721743,0.662441,0,695,0,8,0,0,0,16,1.000000,6044.907,80.993,174.521,0.728,5798.787,5784.940,13.842,69.166,1.041,0.404,0.260,10.640,0.000,0.000,3605.188,1.744,0.000,2165.691,1,713,1674,5,695,4608,1218.14,1842.95,164.55,3272.19,120,998375424
0,98,1785747058170,0.002407131217,0.662633,0,743,0,8,0,0,0,16,1.000000,6420.114,80.575,179.485,0.759,6167.843,6154.097,13.742,70.718,1.025,0.048,0.236,19.422,0.000,0.000,3905.628,1.859,0.000,2225.420,1,761,1674,5,743,4608,1218.14,1842.95,153.31,3478.06,120,998375424
0,99,1785747066086,0.002399291777,0.659537,0,861,0,16,0,0,0,16,1.000000,7834.718,80.840,393.062,0.738,7360.942,7343.274,17.662,75.852,1.328,0.851,1.947,10.634,0.000,0.000,4779.885,1.725,0.000,2545.023,1,879,1674,5,861,4608,1218.14,1842.95,191.45,3469.77,120,998375424
0,100,1785747078248,0.002401492892,0.660959,0,1478,0,16,0,0,0,16,1.000000,12080.270,81.099,164.616,0.738,11843.829,11829.910,13.913,69.531,1.018,0.309,0.230,15.408,0.000,0.000,8106.339,1.739,0.000,3704.720,1,1496,1674,5,1478,4608,1218.14,1842.95,166.69,4097.39,120,998375424
0,101,1785747090006,0.002401097522,0.661367,0,1491,0,16,0,0,0,16,1.000000,11675.676,80.712,163.874,0.747,11440.861,11427.093,13.764,68.887,1.023,0.042,0.243,12.646,0.000,0.000,7736.295,1.737,0.000,3674.682,1,1509,1674,5,1491,4608,1218.14,1842.95,152.08,4100.16,120,998375424
0,102,1785747102101,0.002400912083,0.661873,0,1522,0,16,0,0,0,16,1.000000,12015.490,79.691,167.129,0.730,11775.390,11761.333,14.053,69.493,1.050,0.807,0.890,11.003,0.000,0.000,8000.126,1.763,0.000,3746.063,1,1540,1674,5,1522,4608,1218.14,1842.95,150.77,4105.73,120,998375424
0,103,1785747114520,0.00240074628,0.662298,0,1573,0,16,0,0,0,16,1.000000,12337.293,80.687,171.431,0.744,12094.302,12080.549,13.751,69.100,1.022,0.438,0.255,10.950,0.000,0.000,8207.370,1.789,0.000,3858.746,1,1591,1674,5,1573,4608,1218.14,1842.95,149.72,4134.52,120,998375424
0,104,1785747129741,0.002400579672,0.662707,0,1925,0,16,0,0,0,16,1.000000,15140.125,80.667,281.347,0.738,14771.134,14756.850,14.278,84.456,1.368,0.843,0.240,10.387,0.000,0.000,10189.057,1.760,0.000,4553.947,1,1943,1674,5,1925,4608,1218.14,1842.95,189.05,3857.67,120,998375424
0,105,1785747145980,0.002400396889,0.663002,0,2102,0,16,0,0,0,16,1.000000,16155.822,82.084,165.209,0.736,15917.826,15904.065,13.759,69.984,1.042,0.782,0.243,17.005,0.000,0.000,11036.940,1.723,0.000,4846.502,1,2120,1674,5,2102,4608,1218.14,1842.95,150.20,3875.70,120,998375424
0,106,1785747164676,0.002400227172,0.663232,0,2444,0,16,0,0,0,16,1.000000,18614.476,80.519,175.353,0.736,18366.255,18352.058,14.187,69.457,1.029,0.836,0.811,10.514,0.000,0.000,12820.851,1.731,0.000,5516.556,1,2462,1674,5,2444,4608,1218.14,1842.95,163.11,3754.39,120,998391808
0,107,1785747184046,0.002400086552,0.663301,0,2404,0,16,0,0,0,16,1.000000,19288.875,80.204,422.098,0.731,18769.825,18754.944,14.869,92.242,1.328,0.814,1.837,10.519,0.000,0.000,13131.367,1.749,0.000,5608.805,1,2422,1674,5,2404,4608,1218.14,1842.95,202.98,3707.70,120,998391808
0,108,1785747203284,0.002399961413,0.663562,0,2456,0,16,0,0,0,16,1.000000,19150.302,87.233,164.091,0.746,18913.511,18899.772,13.733,69.898,1.019,0.806,0.231,25.067,0.000,0.000,13259.994,2.031,0.000,5610.738,1,2474,1674,5,2456,4608,1218.14,1842.95,165.78,3926.23,120,998391808
0,109,1785747225581,0.002399839714,0.663520,0,2667,0,16,0,0,0,16,1.000000,22215.549,80.619,619.163,0.801,21427.421,21408.978,18.428,162.043,2.191,0.131,3.798,10.645,0.000,0.000,15207.351,1.740,0.000,6186.770,1,2685,1674,5,2667,4608,1218.14,1842.95,202.30,4067.03,120,998391808
0,110,1785747248777,0.002396095417,0.662932,0,2668,0,32,0,0,0,16,1.000000,23088.125,106.776,401.171,1.989,22586.479,22571.741,14.727,91.724,1.523,0.806,4.433,38.157,0.000,0.000,15957.717,1.942,0.000,6568.561,1,2686,1674,5,2668,4608,1218.14,1842.95,206.31,3837.95,120,998391808
0,111,1785747275278,0.002396168219,0.663124,0,3358,0,32,0,0,0,16,1.000000,26419.605,81.131,389.627,0.737,25931.944,25914.261,17.664,91.230,1.311,0.830,3.927,23.207,0.000,0.000,18432.151,1.731,0.000,7451.840,1,3376,1674,5,3358,4608,1218.14,1842.95,205.69,3401.23,120,998391808
0,112,1785747303190,0.002396097888,0.662971,0,3350,0,32,0,0,0,16,1.000000,27820.841,89.709,509.293,0.763,27226.041,27207.631,18.369,80.374,1.421,0.772,2.177,32.089,0.000,0.000,19730.950,1.970,0.000,7439.364,1,3368,1674,5,3350,4608,1172.99,1842.95,167.20,2968.58,138,998391808
0,113,1785747329712,0.002396019337,0.663233,0,3348,0,32,0,0,0,16,1.000000,26438.959,82.053,457.888,0.733,25879.390,25864.391,14.982,97.507,1.324,0.254,1.862,20.433,0.000,0.000,18527.213,1.738,0.000,7312.283,1,3366,1674,5,3348,4608,1195.24,1842.95,181.73,2866.66,144,998391808
0,114,1785747355523,0.002395993582,0.663027,0,3347,0,32,0,0,0,16,1.000000,25723.354,87.474,468.417,0.767,25145.545,25127.288,18.243,100.551,1.528,0.265,6.280,26.797,0.000,0.000,17824.919,1.809,0.000,7267.258,1,3365,1674,5,3347,4608,1206.75,1842.95,193.55,2537.09,144,998391808
0,115,1785747381414,0.002395898888,0.663218,0,3349,0,32,0,0,0,16,1.000000,25808.003,82.244,423.688,0.772,25285.335,25264.940,20.371,92.494,1.370,0.156,4.188,24.402,0.000,0.000,17929.479,1.717,0.000,7300.873,1,3367,1674,5,3349,4608,1208.99,1842.95,227.22,3112.27,144,998408192
0,116,1785747408470,0.002395840959,0.663225,0,3351,0,32,0,0,0,16,1.000000,26973.582,81.835,468.393,0.734,26414.603,26396.016,18.566,84.367,1.301,0.797,3.387,37.090,0.000,0.000,18714.277,1.751,0.000,7634.426,1,3369,1674,5,3351,4608,1210.33,1842.95,226.97,3163.09,144,998408192
0,117,1785747435402,0.002395762926,0.663346,0,3358,0,32,0,0,0,16,1.000000,26847.367,82.796,474.315,0.734,26267.121,26250.706,16.402,99.322,1.514,0.236,4.125,38.526,0.000,0.000,18703.519,1.740,0.000,7503.562,1,3376,1674,5,3358,4608,1210.33,1842.95,233.52,2719.20,144,998424576
0,118,1785747461966,0.002395710354,0.663332,0,3366,0,32,0,0,0,16,1.000000,26466.163,96.784,379.257,0.739,25992.592,25977.447,15.134,89.297,1.414,0.838,2.025,20.772,0.000,0.000,18321.107,1.748,0.000,7631.320,1,3384,1674,5,3366,4608,1210.60,1842.95,197.41,2848.23,144,998424576
0,119,1785747487721,0.002395689243,0.663711,0,3374,0,32,0,0,0,16,1.000000,25672.085,81.902,329.883,0.729,25254.340,25239.235,15.090,83.375,1.419,0.278,2.061,20.560,0.000,0.000,17814.871,1.899,0.000,7399.012,1,3392,1674,5,3374,4608,1211.00,1842.95,197.80,2938.97,152,998424576
0,120,1785747514413,0.002395700259,0.663055,0,3425,0,32,0,0,0,16,1.000000,26609.730,80.887,429.171,0.770,26082.286,26063.679,18.592,93.661,1.369,0.218,2.256,29.685,0.000,0.000,18534.048,1.751,0.000,7495.018,1,3443,1674,5,3425,4608,1211.22,1842.95,204.39,2713.31,152,998440960
1,1,1785747635107,0.003667603512,0.502893,0,2100,0,0,0,0,0,16,1.000000,16831.586,0.000,109.776,0.159,16314.556,16299.310,15.224,403.018,1.476,0.818,1.783,14.629,0.000,0.000,11387.259,1.718,0.000,4891.855,1,2118,1674,5,2100,4608,2249.16,1935.55,1240.02,3575.44,181,1026867200
1,2,1785747647889,0.003319371481,0.512810,0,1561,0,0,0,0,0,16,1.000000,12696.376,85.724,114.797,0.173,12440.216,12425.331,14.878,138.442,1.044,0.798,0.906,44.262,0.000,0.000,8467.135,1.747,0.000,3907.808,1,1579,1674,5,1561,4608,2254.13,1935.55,1196.31,4517.97,181,1026867200
1,3,1785747659386,0.003029811654,0.516832,0,1434,0,0,0,0,0,16,1.000000,11415.433,81.024,109.915,0.156,11169.286,11155.181,14.104,134.707,1.083,0.042,0.245,10.867,0.000,0.000,7522.350,1.758,0.000,3618.336,1,1452,1674,5,1434,4608,1979.39,1935.55,950.06,4796.75,181,1026867200
1,4,1785747668821,0.002928157847,0.518215,0,1138,0,0,0,0,0,16,1.000000,9354.512,80.587,109.695,0.156,9116.757,9102.591,14.155,126.440,1.037,0.196,0.230,11.415,0.000,0.000,6097.898,1.722,0.000,2989.691,1,1156,1674,5,1138,4608,1994.50,1935.55,949.97,4474.12,181,1026867200
1,5,1785747677866,0.002879928267,0.518717,0,1034,0,0,0,0,0,16,1.000000,8963.536,81.163,109.888,0.216,8694.972,8680.815,14.155,156.865,1.026,0.325,0.244,12.389,0.000,0.000,5849.799,1.810,0.000,2814.919,1,1052,1674,5,1034,4608,1997.31,1935.55,958.91,4491.59,181,1026867200
1,6,1785747685473,0.002850035594,0.518873,0,898,0,0,0,0,0,16,1.000000,7525.754,80.702,109.760,0.155,7290.546,7276.462,14.081,123.976,1.024,0.049,0.244,13.582,0.000,0.000,4717.116,1.718,0.000,2542.208,1,916,1674,5,898,4608,1998.39,1935.55,951.19,4554.12,181,1026867200
1,7,1785747692399,0.002826741979,0.519003,0,795,0,0,0,0,0,16,1.000000,6846.038,80.127,109.536,0.154,6586.341,6572.061,14.274,147.801,1.063,0.905,0.238,10.775,0.000,0.000,4196.139,1.740,0.000,2361.620,1,813,1674,5,795,4608,2000.25,1935.55,954.75,4484.11,181,1026867200
1,8,1785747699381,0.002806818177,0.519183,0,798,0,0,0,0,0,16,1.000000,6901.734,80.339,109.727,0.164,6665.518,6651.540,13.970,124.222,1.027,0.806,0.272,11.561,0.000,0.000,4265.645,1.755,0.000,2370.790,1,816,1674,5,798,4608,2014.49,1935.55,954.61,4388.20,181,1026867200
1,9,1785747706602,0.002791022661,0.519361,0,843,0,0,0,0,0,16,1.000000,7139.687,80.398,110.185,0.154,6904.139,6890.116,14.022,123.886,1.047,0.038,0.238,11.206,0.000,0.000,4441.304,1.766,0.000,2434.072,1,861,1674,5,843,4608,2014.78,1935.55,952.50,4420.23,181,1026867200
1,10,1785747713942,0.002778927967,0.519518,0,853,0,0,0,0,0,16,1.000000,7260.380,79.762,109.621,0.159,7025.602,7011.696,13.905,123.630,1.031,0.102,0.235,10.936,0.000,0.000,4543.765,1.782,0.000,2453.402,1,871,1674,5,853,4608,2014.89,1935.55,951.03,4372.47,181,1026867200
1,11,1785747721821,0.002769935576,0.519636,0,856,0,0,0,0,0,16,1.000000,7797.405,81.703,109.959,0.236,7317.398,7300.569,16.820,366.153,1.507,0.268,1.884,11.449,0.000,0.000,4753.425,1.801,0.000,2531.029,1,874,1674,5,856,4608,2016.46,1935.55,999.78,3941.91,181,1026867200
1,12,1785747734289,0.002763452685,0.519723,0,809,0,0,0,0,0,16,1.000000,12386.393,80.604,125.325,0.154,11831.296,11813.984,17.306,424.609,1.378,0.227,3.405,15.558,0.000,0.000,8472.526,1.734,0.000,3319.876,1,827,1674,5,809,4608,2016.46,1935.55,1005.08,4090.34,181,1026867200
1,13,1785747755339,0.002758729092,0.519775,0,784,0,0,0,0,0,16,1.000000,20924.066,126.506,124.225,0.164,20489.065,20473.987,15.070,306.706,1.344,0.790,1.773,24.073,0.000,0.000,15305.017,1.811,0.000,5140.258,1,802,1674,5,784,4608,2016.53,1935.55,1005.97,3923.45,181,1026883584
1,14,1785747762962,0.002755065113,0.519821,0,854,0,0,0,0,0,16,1.000000,7541.552,80.939,109.327,0.154,7307.143,7293.242,13.891,123.601,1.024,0.056,0.247,30.856,0.000,0.000,4723.161,1.861,0.000,2535.348,1,872,1674,5,854,4608,2016.53,1935.55,965.52,3946.23,181,1026883584
1,15,1785747770677,0.002752176349,0.519861,0,880,0,0,0,0,0,16,1.000000,7634.086,80.094,117.948,0.175,7356.835,7342.248,14.582,156.870,1.070,0.203,0.985,13.015,0.000,0.000,4734.700,1.720,0.000,2591.005,1,898,1674,5,880,4608,2016.53,1935.55,959.33,3939.64,181,1026883584
1,16,1785747777887,0.00274992775,0.519897,0,791,0,0,0,0,0,16,1.000000,7128.927,80.983,109.445,0.154,6851.386,6837.190,14.192,166.613,1.024,0.063,0.242,14.141,0.000,0.000,4420.675,1.738,0.000,2398.850,1,809,1674,5,791,4608,2016.53,1935.55,956.75,4200.50,181,1026883584
1,17,1785747785018,0.002748229234,0.519925,0,790,0,0,0,0,0,16,1.000000,7047.709,80.559,110.420,0.154,6810.673,6796.739,13.933,124.363,1.051,0.820,0.228,12.304,0.000,0.000,4398.319,1.716,0.000,2382.621,1,808,1674,5,790,4608,2016.53,1935.55,974.16,4010.77,181,1026883584
1,18,1785747792241,0.002746993314,0.519941,0,800,0,0,0,0,0,16,1.000000,7139.317,81.120,110.439,0.157,6903.210,6889.238,13.971,124.167,1.058,0.051,0.235,20.331,0.000,0.000,4476.685,1.728,0.000,2388.641,1,818,1674,5,800,4608,2016.53,1935.55,960.19,4049.80,181,1026883584
1,19,1785747799210,0.002746053586,0.519954,0,773,0,0,0,0,0,16,1.000000,6887.031,80.192,110.090,0.155,6650.452,6636.524,13.926,124.279,1.029,0.783,0.242,11.500,0.000,0.000,4267.860,1.728,0.000,2353.694,1,791,1674,5,773,4608,2016.53,1935.55,955.06,4299.31,181,1026883584
1,20,1785747805960,0.002745316337,0.519966,0,747,0,0,0,0,0,16,1.000000,6666.706,82.620,111.022,0.155,6430.376,6416.392,13.983,123.836,1.029,0.052,0.235,11.816,0.000,0.000,4123.934,1.744,0.000,2277.114,1,765,1674,5,747,4608,2016.53,1935.55,952.66,4167.20,181,1026883584
1,21,1785747812126,0.002744750802,0.519973,0,676,0,0,0,0,0,16,1.000000,6084.438,80.945,109.670,0.155,5849.030,5835.106,13.922,123.519,1.034,0.794,0.237,11.044,0.000,0.000,3675.576,1.739,0.000,2145.011,1,694,1674,5,676,4608,2016.53,1935.55,951.45,4230.44,181,1026883584
1,22,1785747818833,0.002744315566,0.519979,0,744,0,0,0,0,0,16,1.000000,6625.900,80.394,109.673,0.154,6334.656,6320.040,14.608,179.363,1.079,0.057,0.918,10.579,0.000,0.000,4031.051,1.777,0.000,2274.197,1,762,1674,5,744,4608,2016.53,1935.55,951.23,4177.14,181,1026883584
1,23,1785747825827,0.002743984945,0.519983,0,783,0,0,0,0,0,16,1.000000,6913.576,80.216,109.297,0.162,6673.700,6659.347,14.348,128.243,1.038,0.858,0.279,10.510,0.000,0.000,4255.757,1.750,0.000,2388.799,1,801,1674,5,783,4608,2016.53,1935.55,952.38,4269.50,181,1026883584
1,24,1785747832819,0.002743717335,0.519986,0,789,0,0,0,0,0,16,1.000000,6910.901,80.745,109.575,0.155,6674.341,6660.436,13.904,125.490,1.029,0.056,0.254,11.704,0.000,0.000,4301.325,1.756,0.000,2343.881,1,807,1674,5,789,4608,2016.53,1935.55,950.27,4250.84,181,1026883584
1,25,1785747839626,0.002743495348,0.519989,0,779,0,0,0,0,0,16,1.000000,6726.500,79.748,109.205,0.156,6488.311,6474.449,13.860,126.712,1.068,0.799,0.250,10.893,0.000,0.000,4137.679,1.744,0.000,2322.342,1,797,1674,5,779,4608,2016.53,1935.55,950.17,4367.59,181,1026883584
1,26,1785747845751,0.002743320475,0.519993,0,662,0,0,0,0,0,16,1.000000,6043.485,81.718,109.456,0.158,5796.553,5782.287,14.264,135.200,1.022,0.044,1.053,10.650,0.000,0.000,3606.046,1.877,0.000,2161.820,1,680,1674,5,662,4608,2016.53,1935.55,984.03,4017.36,181,1026883584
1,27,1785747852001,0.002743199595,0.519995,0,687,0,0,0,0,0,16,1.000000,6168.766,80.361,109.680,0.155,5914.321,5900.462,13.858,143.096,1.065,0.217,0.232,12.424,0.000,0.000,3764.468,1.717,0.000,2120.113,1,705,1674,5,687,4608,2016.53,1935.55,966.47,4088.16,181,1026883584
1,28,1785747858832,0.002743113489,0.519996,0,793,0,0,0,0,0,16,1.000000,6747.701,83.728,113.334,0.162,6494.931,6481.021,13.908,137.854,1.141,0.038,0.240,13.186,0.000,0.000,4116.582,1.747,0.000,2347.771,1,811,1674,5,793,4608,2016.53,1935.55,954.56,4129.33,181,1026883584
1,29,1785747864826,0.002743044255,0.519996,0,675,0,0,0,0,0,16,1.000000,5910.573,82.524,110.430,0.154,5664.895,5650.954,13.939,133.436,1.040,0.383,0.235,10.539,0.000,0.000,3527.795,1.754,0.000,2109.142,1,693,1674,5,675,4608,2016.53,1935.55,954.55,4085.02,181,1026883584
1,30,1785747874014,0.002742989862,0.519997,1,1044,0,0,0,0,0,16,1.000000,9104.131,82.873,111.787,0.194,8728.915,8712.258,16.646,260.023,1.541,1.160,0.511,11.458,0.000,0.000,5781.329,1.760,0.000,2912.580,1,1062,1674,5,1044,4608,2016.53,1935.55,977.89,3689.14,181,1026883584
1,31,1785747902610,0.002874531961,0.516568,0,1276,0,1,0,0,0,16,1.000000,10078.961,0.000,418.288,0.688,9572.264,9557.341,14.895,85.339,1.306,0.229,0.847,39.628,0.000,0.000,6810.124,1.786,0.000,2701.773,1,1294,1674,5,1276,4608,2212.19,2003.41,1178.61,3488.42,181,1026883584
1,32,1785747911974,0.002848788816,0.517565,0,1106,0,1,0,0,0,16,1.000000,9278.018,85.023,207.057,0.694,8997.891,8983.867,14.022,70.301,1.017,0.829,0.230,16.685,0.000,0.000,5947.631,1.838,0.000,3015.770,1,1124,1674,5,1106,4608,2215.78,2003.41,1163.95,3562.17,181,1026883584
1,33,1785747924066,0.002819331217,0.517885,0,1500,0,1,0,0,0,16,1.000000,12007.852,83.983,195.993,0.709,11738.328,11724.286,14.037,71.296,1.027,0.262,0.237,12.073,0.000,0.000,7967.505,1.735,0.000,3741.096,1,1518,1674,5,1500,4608,2215.78,2003.41,1165.27,3419.83,181,1026883584
1,34,1785747939608,0.002800661933,0.518098,0,1601,0,1,0,0,0,16,1.000000,15457.849,83.775,348.501,0.690,15006.987,14991.484,15.491,98.119,1.423,0.280,1.850,11.361,0.000,0.000,10586.425,1.724,0.000,4389.021,1,1619,1674,5,1601,4608,2215.78,2003.41,1202.00,3932.62,181,1026883584
1,35,1785747953116,0.002786652267,0.518279,0,1608,0,1,0,0,0,16,1.000000,13424.944,82.849,192.058,0.699,13160.453,13146.156,14.293,69.569,1.049,0.238,0.879,27.582,0.000,0.000,9121.683,1.735,0.000,3993.170,1,1626,1674,5,1608,4608,2218.28,2003.41,1168.56,3876.91,181,1026883584
1,36,1785747967584,0.002775604388,0.518446,0,1594,0,1,0,0,0,16,1.000000,14384.455,82.933,451.151,0.687,13826.032,13805.204,20.812,100.627,1.506,0.843,3.610,21.052,0.000,0.000,9568.487,1.727,0.000,4207.973,1,1612,1674,5,1594,4608,2218.28,2003.41,1213.61,3422.16,181,1026883584
1,37,1785747981103,0.002766934704,0.518606,0,1599,0,1,0,0,0,16,1.000000,13437.852,81.127,239.935,0.720,13103.018,13088.572,14.438,91.918,1.082,0.223,0.956,28.758,0.000,0.000,9049.174,1.729,0.000,4005.875,1,1617,1674,5,1599,4608,2218.41,2003.41,1167.91,3692.86,181,1026883584
1,38,1785747995889,0.002759989703,0.518748,0,1631,0,1,0,0,0,16,1.000000,14683.722,101.780,457.258,0.714,14128.809,14110.138,18.647,91.608,1.450,0.851,3.031,18.272,0.000,0.000,9742.450,2.484,0.000,4343.716,1,1649,1674,5,1631,4608,2219.13,2003.41,1204.92,3687.61,181,1026883584
1,39,1785748008955,0.002754342797,0.518871,0,1611,0,1,0,0,0,16,1.000000,12980.730,84.912,170.521,0.750,12737.768,12723.542,14.224,70.138,1.035,0.268,0.248,26.579,0.000,0.000,8720.540,1.727,0.000,3972.032,1,1629,1674,5,1611,4608,2219.13,2003.41,1170.33,3468.28,181,1026883584
1,40,1785748021678,0.002749744224,0.518992,0,1461,0,1,0,0,0,16,1.000000,12641.604,81.410,424.623,0.694,12110.131,12094.135,15.936,98.022,1.332,0.260,6.540,15.569,0.000,0.000,8287.480,1.770,0.000,3786.480,1,1479,1674,5,1461,4608,2219.13,2003.41,1252.17,3323.80,181,1026883584
1,41,1785748035193,0.00274616112,0.519079,0,1604,0,1,0,0,0,16,1.000000,13430.968,83.155,211.824,0.712,13146.168,13131.878,14.283,70.080,1.048,0.238,0.898,28.931,0.000,0.000,9067.351,1.816,0.000,4031.502,1,1622,1674,5,1604,4608,2219.13,2003.41,1170.20,3509.47,181,1026883584
1,42,1785748048191,0.002743495621,0.519140,0,1559,0,1,0,0,0,16,1.000000,12917.554,80.665,266.946,0.689,12561.217,12544.277,16.931,86.418,1.313,0.513,0.458,16.619,0.000,0.000,8606.363,1.743,0.000,3914.394,1,1577,1674,5,1559,4608,2219.21,2003.41,1181.33,3707.64,181,1026883584
1,43,1785748060462,0.002741447059,0.519190,0,1435,0,1,0,0,0,16,1.000000,12173.194,95.776,206.141,0.793,11893.657,11879.074,14.579,69.783,1.032,0.805,0.982,22.252,0.000,0.000,8148.414,1.762,0.000,3704.588,1,1453,1674,5,1435,4608,2219.21,2003.41,1165.55,3889.86,181,1026899968
1,44,1785748072709,0.00273982684,0.519235,0,1379,0,1,0,0,0,16,1.000000,12165.546,81.542,253.069,0.687,11798.518,11783.749,14.757,110.331,1.297,0.790,0.854,12.007,0.000,0.000,8182.059,1.717,0.000,3585.447,1,1397,1674,5,1379,4608,2219.21,2003.41,1190.92,3811.12,181,1026899968
1,45,1785748082645,0.002738545776,0.519269,0,1103,0,1,0,0,0,16,1.000000,9851.382,84.216,248.260,0.687,9526.853,9512.735,14.116,74.014,1.069,0.243,0.257,22.474,0.000,0.000,6412.059,2.133,0.000,3073.966,1,1121,1674,5,1103,4608,2219.21,2003.41,1179.20,3541.92,181,1026899968
1,46,1785748089909,0.002737585519,0.519294,0,801,0,1,0,0,0,16,1.000000,7179.703,84.422,185.883,0.702,6918.705,6904.390,14.312,72.722,1.047,0.402,0.243,17.219,0.000,0.000,4464.244,1.721,0.000,2418.730,1,819,1674,5,801,4608,2219.21,2003.41,1167.06,3660.41,181,1026899968
1,47,1785748096125,0.002736863165,0.519318,0,672,0,1,0,0,0,16,1.000000,6132.741,83.110,165.251,0.688,5895.606,5881.611,13.993,69.878,1.041,0.041,0.236,11.198,0.000,0.000,3727.408,1.752,0.000,2139.496,1,690,1674,5,672,4608,2219.21,2003.41,1166.33,3682.05,181,1026899968
1,48,1785748102518,0.002736310253,0.519338,0,564,0,1,0,0,0,16,1.000000,6312.891,79.999,460.937,0.692,5755.625,5737.752,17.861,90.645,1.350,0.183,3.459,10.669,0.000,0.000,3521.262,1.755,0.000,2197.621,1,582,1674,5,564,4608,2219.21,2003.41,1182.78,3258.28,181,1026899968
1,49,1785748110089,0.00273588538,0.519352,0,706,0,1,0,0,0,16,1.000000,7440.873,128.996,462.970,0.760,6884.578,6869.541,15.026,88.143,1.386,0.260,2.775,17.856,0.000,0.000,4414.468,1.753,0.000,2432.414,1,724,1674,5,706,4608,2219.21,2003.41,1205.39,3448.34,181,1026899968
1,50,1785748114884,0.002735565393,0.519362,0,453,0,1,0,0,0,16,1.000000,4705.337,89.192,167.137,0.747,4466.149,4452.182,13.963,69.996,1.022,0.047,0.239,16.809,0.000,0.000,2656.110,3.627,0.000,1773.747,1,471,1674,5,453,4608,2219.21,2003.41,1182.80,3303.86,181,1026899968
1,51,1785748122265,0.002735330641,0.519368,0,790,0,1,0,0,0,16,1.000000,7297.977,83.779,293.897,0.705,6924.758,6909.443,15.304,73.442,1.099,2.132,1.944,22.126,0.000,0.000,4493.698,1.818,0.000,2390.010,1,808,1674,5,790,4608,2219.21,2003.41,1168.84,3472.47,181,1026899968
1,52,1785748129725,0.002735149187,0.519376,0,852,0,1,0,0,0,16,1.000000,7378.174,81.286,166.939,0.689,7136.598,7122.660,13.935,71.891,1.032,0.782,0.243,13.285,0.000,0.000,4613.725,1.727,0.000,2491.425,1,870,1674,5,852,4608,2219.21,2003.41,1168.19,3417.05,181,1026899968
1,53,1785748137808,0.002735015312,0.519381,0,852,0,1,0,0,0,16,1.000000,8000.359,81.697,288.422,0.713,7626.067,7611.161,14.896,82.041,1.158,0.366,1.592,16.427,0.000,0.000,5027.160,1.741,0.000,2563.221,1,870,1674,5,852,4608,1503.86,2003.41,475.22,3632.86,181,1026899968
1,54,1785748146151,0.002734920985,0.519384,0,893,0,1,0,0,0,16,1.000000,8249.735,93.701,239.287,0.733,7921.922,7907.484,14.433,85.084,1.578,0.195,0.936,16.002,0.000,0.000,5229.392,1.749,0.000,2657.084,1,911,1674,5,893,4608,1524.36,2003.41,503.44,3730.52,181,1026899968
1,55,1785748153818,0.002734850111,0.519386,0,797,0,1,0,0,0,16,1.000000,7573.996,92.469,264.590,1.091,7211.840,7197.244,14.594,93.965,1.419,0.801,0.287,18.611,0.000,0.000,4679.141,1.720,0.000,2494.813,1,815,1674,5,797,4608,1541.33,2003.41,507.08,3937.80,181,1026899968
1,56,1785748161831,0.00273480015,0.519388,0,916,0,1,0,0,0,16,1.000000,7925.947,86.487,170.703,0.702,7677.888,7663.336,14.546,74.369,1.029,0.289,0.965,15.044,0.000,0.000,5018.457,1.743,0.000,2625.393,1,934,1674,5,916,4608,1542.06,2003.41,487.61,3939.52,181,1026899968
1,57,1785748175957,0.002734762374,0.519390,0,1234,0,1,0,0,0,16,1.000000,14043.773,81.772,425.795,0.708,13530.004,13513.947,16.042,83.253,1.324,0.796,1.893,17.501,0.000,0.000,9545.219,1.902,0.000,3946.318,1,1252,1674,5,1234,4608,1542.47,2003.41,528.95,3488.88,181,1026899968
1,58,1785748183648,0.002734732332,0.519391,0,856,0,1,0,0,0,16,1.000000,7600.104,91.015,191.664,0.697,7335.249,7320.569,14.665,70.238,1.026,0.370,0.860,32.064,0.000,0.000,4778.200,1.907,0.000,2505.534,1,874,1674,5,856,4608,1543.03,2003.41,500.31,3213.17,181,1026899968
1,59,1785748193467,0.002734708685,0.519392,0,1102,0,1,0,0,0,16,1.000000,9736.135,82.647,362.893,0.694,9250.312,9235.225,15.084,119.625,1.397,0.267,0.948,14.349,0.000,0.000,6179.929,1.781,0.000,3036.266,1,1120,1674,5,1102,4608,1543.03,2003.41,508.44,3399.58,181,1026899968
1,60,1785748203020,0.00273468855,0.519393,0,866,0,1,0,0,0,16,1.000000,9453.419,98.535,447.633,0.798,8909.430,8891.964,17.453,91.122,1.384,0.849,2.202,65.787,0.000,0.000,5727.792,2.767,0.000,3091.371,1,884,1674,5,866,4608,1543.36,2003.41,529.95,3015.86,189,1026899968
1,61,1785748214672,0.002734675424,0.519393,0,1284,0,1,0,0,0,16,1.000000,11563.722,87.983,466.120,0.705,10942.655,10927.459,15.186,147.602,1.467,0.181,4.991,25.091,0.000,0.000,7453.509,2.097,0.000,3443.562,1,1302,1674,5,1284,4608,1287.56,2003.41,276.81,3271.97,189,1026899968
1,62,1785748229550,0.002734663998,0.519394,0,1765,0,1,0,0,0,16,1.000000,14793.519,84.887,432.260,0.692,14271.617,14256.054,15.532,84.826,1.561,0.170,2.394,20.188,0.000,0.000,9964.138,1.915,0.000,4266.971,1,1783,1674,5,1765,4608,1228.14,2003.41,214.62,3418.91,189,1026899968
1,63,1785748243530,0.002734654476,0.519394,0,1657,0,1,0,0,0,16,1.000000,13898.705,80.638,412.841,0.711,13387.181,13367.979,19.190,90.943,1.376,0.798,4.855,26.544,0.000,0.000,9212.828,1.718,0.000,4121.335,1,1675,1674,5,1657,4608,1241.31,2003.41,228.02,3270.84,189,1026899968
1,64,1785748255790,0.002734646411,0.519394,0,1496,0,1,0,0,0,16,1.000000,12178.610,81.342,292.615,0.687,11807.927,11792.495,15.415,73.634,1.178,0.800,1.770,17.248,0.000,0.000,8036.316,1.761,0.000,3734.202,1,1514,1674,5,1496,4608,1245.42,2003.41,210.72,3254.94,189,1026899968
1,65,1785748266513,0.002734639571,0.519395,0,1291,0,1,0,0,0,16,1.000000,10641.211,81.046,166.809,0.706,10396.627,10382.854,13.770,72.790,1.042,2.990,0.246,15.918,0.000,0.000,7033.617,1.740,0.000,3329.820,1,1309,1674,5,1291,4608,1246.35,2003.41,208.52,3390.23,189,1026899968
1,66,1785748278818,0.00273463358,0.519395,0,1430,0,1,0,0,0,16,1.000000,12224.037,81.239,406.986,0.712,11722.978,11705.056,17.914,87.889,1.556,0.681,3.235,12.087,0.000,0.000,8005.582,1.722,0.000,3682.233,1,1448,1674,5,1430,4608,1246.75,2003.41,234.58,3424.14,189,1026899968
1,67,1785748294617,0.002734628655,0.519395,0,1958,0,1,0,0,0,16,1.000000,15711.365,86.145,484.524,0.767,15101.840,15086.645,15.190,120.540,1.446,0.245,2.004,36.006,0.000,0.000,10444.845,1.731,0.000,4601.145,1,1976,1674,5,1958,4608,1255.56,2003.41,311.55,3065.58,189,1026899968
1,68,1785748312625,0.002734624419,0.519395,0,1928,0,1,0,0,0,16,1.000000,17926.106,81.392,449.932,0.705,17379.494,17363.796,15.676,92.321,1.365,0.207,2.083,31.161,0.000,0.000,12207.531,1.919,0.000,5119.956,1,1946,1674,5,1928,4608,1255.56,2003.41,242.94,3511.98,189,1026899968
1,69,1785748341476,0.002734620628,0.519396,0,1874,0,1,0,0,0,16,1.000000,28767.339,83.494,313.252,0.702,28357.811,28342.401,15.401,91.896,1.432,0.274,1.971,30.105,0.000,0.000,21346.325,1.824,0.000,6961.149,1,1892,1674,5,1874,4608,1255.56,2003.41,242.28,3446.11,189,1026899968
1,70,1785748356216,0.002734617243,0.519396,0,1863,0,1,0,0,0,16,1.000000,14656.930,82.590,249.027,0.696,14330.516,14315.526,14.975,73.408,1.078,0.282,1.923,17.362,0.000,0.000,9878.891,1.763,0.000,4414.813,1,1881,1674,5,1863,4608,1255.56,2003.41,217.52,3152.12,189,1026899968
1,71,1785748370825,0.002734614154,0.519396,0,1859,0,1,0,0,0,16,1.000000,14526.146,82.483,164.418,0.709,14289.071,14275.260,13.809,69.872,1.038,0.801,0.237,20.575,0.000,0.000,9853.634,1.814,0.000,4397.231,1,1877,1674,5,1859,4608,1255.56,2003.41,204.86,3274.50,189,1026899968
1,72,1785748385769,0.002734611294,0.519396,0,1854,0,1,0,0,0,16,1.000000,14861.925,81.022,329.958,0.734,14417.198,14402.182,15.006,110.241,1.379,0.803,1.611,11.371,0.000,0.000,10001.101,1.757,0.000,4385.355,1,1872,1674,5,1854,4608,1255.56,2003.41,239.80,3124.45,189,1026899968
1,73,1785748401459,0.002734608684,0.519396,0,1851,0,1,0,0,0,16,1.000000,15606.120,84.237,435.814,0.697,15050.576,15035.069,15.492,115.358,1.352,0.258,2.065,16.567,0.000,0.000,10687.710,1.755,0.000,4326.488,1,1869,1674,5,1851,4608,1255.56,2003.41,267.23,2927.78,189,1026899968
1,74,1785748422992,0.002734606298,0.519396,0,1847,0,1,0,0,0,16,1.000000,21444.087,87.994,370.985,0.711,20965.503,20950.125,15.363,102.977,1.418,0.806,1.688,19.555,0.000,0.000,15625.740,1.758,0.000,5300.474,1,1865,1674,5,1847,4608,1255.56,2003.41,253.91,2741.64,189,1026899968
1,75,1785748439150,0.002734604028,0.519397,0,1840,0,1,0,0,0,16,1.000000,16075.559,82.289,389.282,0.695,15581.123,15566.297,14.804,97.519,2.323,1.914,2.704,52.042,0.000,0.000,11004.476,3.651,0.000,4504.147,1,1858,1674,5,1840,4608,1256.25,2003.41,264.31,2654.42,189,1026899968
1,76,1785748455383,0.002734601909,0.519397,0,1827,0,1,0,0,0,16,1.000000,16146.807,83.669,415.147,0.727,15614.348,15597.803,16.534,109.549,1.407,0.232,5.398,40.564,0.000,0.000,11157.601,1.786,0.000,4393.377,1,1845,1674,5,1827,4608,1256.30,2003.41,272.78,2401.06,189,1026899968
1,77,1785748473411,0.002734600083,0.519397,1,1963,0,1,0,0,0,16,1.000000,17928.490,99.469,606.237,0.695,17220.102,17200.821,19.263,93.435,1.345,0.797,5.878,33.157,0.000,0.000,12546.762,1.745,0.000,4614.117,1,1981,1674,5,1963,4608,1256.30,2003.41,277.59,2608.75,189,1026899968
1,78,1785748491076,0.002710110381,0.517932,0,1982,0,2,0,0,0,16,1.000000,17579.674,84.525,442.787,0.691,17024.822,17004.803,19.988,102.407,1.482,0.790,6.695,31.375,0.000,0.000,12539.893,1.855,0.000,4425.846,1,2000,1674,5,1982,4608,1256.30,2003.41,248.56,2562.58,189,1026899968
1,79,1785748510805,0.002715236916,0.517972,0,2154,0,2,0,0,0,16,1.000000,19638.067,90.029,348.102,0.708,19177.891,19162.249,15.612,107.411,1.944,0.169,1.841,50.913,0.000,0.000,14316.077,1.762,0.000,4789.906,1,2172,1674,5,2154,4608,1256.63,2003.41,242.88,3068.95,189,1026916352
1,80,1785748531365,0.002714920396,0.517979,0,2222,0,2,0,0,0,16,1.000000,20473.122,86.681,418.719,0.723,19937.923,19921.722,16.177,107.030,1.463,0.787,6.476,20.766,0.000,0.000,15053.763,1.914,0.000,4842.279,1,2240,1674,5,2222,4608,1258.05,2003.41,246.17,2881.34,189,1026916352
1,81,1785748554843,0.002714837949,0.517983,0,2232,0,2,0,0,0,16,1.000000,23391.147,86.606,394.364,0.731,22887.316,22871.388,15.912,104.814,1.367,0.804,1.751,19.141,0.000,0.000,17048.345,1.800,0.000,5799.274,1,2250,1674,5,2232,4608,1258.05,2003.41,245.11,3872.98,189,1026916352
1,82,1785748577392,0.002714784365,0.517986,0,2227,0,2,0,0,0,16,1.000000,22461.968,86.868,450.172,0.748,21900.235,21881.499,18.722,107.275,1.553,0.222,1.764,36.776,0.000,0.000,16433.599,1.768,0.000,5406.016,1,2245,1674,5,2227,4608,1258.05,2003.41,243.41,3924.08,189,1026916352
1,83,1785748599313,0.00271474141,0.517989,0,2215,0,2,0,0,0,16,1.000000,21827.188,93.203,408.362,0.777,21309.705,21292.947,16.744,104.372,1.335,0.794,1.843,34.321,0.000,0.000,16016.054,1.834,0.000,5237.799,1,2233,1674,5,2215,4608,1258.05,2003.41,242.91,3980.25,189,1026916352
1,84,1785748621446,0.002714705504,0.517992,0,2188,0,2,0,0,0,16,1.000000,22045.104,87.003,444.198,0.715,21488.797,21471.547,17.230,106.461,1.432,0.808,2.692,26.545,0.000,0.000,16051.633,1.954,0.000,5383.622,1,2206,1674,5,2188,4608,1258.05,2003.41,243.44,3579.23,189,1026932736
1,85,1785748644654,0.002714673593,0.517995,0,2166,0,2,0,0,0,16,1.000000,23105.088,102.835,443.354,0.735,22552.470,22536.030,16.425,102.192,1.363,0.262,4.713,17.350,0.000,0.000,16839.040,1.784,0.000,5674.770,1,2184,1674,5,2166,4608,1258.05,2003.41,243.42,4012.30,189,1026932736
1,86,1785748667949,0.002714643541,0.517999,0,2100,0,2,0,0,0,16,1.000000,23199.714,94.947,586.136,0.819,22491.378,22433.136,58.219,113.742,2.175,0.232,5.232,45.933,0.000,0.000,16592.636,1.825,0.000,5785.422,1,2118,1674,5,2100,4608,1258.05,2003.41,311.86,3326.55,189,1026932736
1,87,1785748692543,0.002714614173,0.518003,0,2036,0,2,0,0,0,16,1.000000,24507.824,85.689,495.134,0.718,23908.774,23891.613,17.140,97.870,1.858,0.159,3.311,48.599,0.000,0.000,17735.905,1.792,0.000,6101.168,1,2054,1674,5,2036,4608,1258.05,2003.41,243.86,3216.09,189,1026949120
1,88,1785748714255,0.002714584121,0.518008,1,1981,0,2,0,0,0,16,1.000000,21626.393,84.464,456.758,0.703,21065.982,21047.908,18.047,95.335,1.331,0.183,6.102,29.885,0.000,0.000,15662.866,1.822,0.000,5346.550,1,1999,1674,5,1981,4608,1258.10,2003.41,257.52,3060.84,189,1026949120
1,89,1785748735745,0.00266052652,0.515006,0,1869,0,4,0,0,0,16,1.000000,21401.279,88.162,454.563,0.753,20821.160,20805.671,15.475,121.146,1.430,0.254,1.974,30.256,0.000,0.000,15359.409,1.963,0.000,5411.077,1,1887,1674,5,1869,4608,1258.10,2003.41,317.66,2913.34,189,1026949120
1,90,1785748757261,0.002669663896,0.515181,0,2010,0,4,0,0,0,16,1.000000,21425.549,90.252,429.092,0.724,20892.456,20875.402,16.969,96.539,1.377,0.818,4.543,36.043,0.000,0.000,15538.792,1.772,0.000,5289.859,1,2028,1674,5,2010,4608,1258.10,2003.41,244.73,2933.41,189,1026949120
1,91,1785748778200,0.002668597491,0.515245,0,2019,0,4,0,0,0,16,1.000000,20843.541,95.106,478.907,0.739,20267.324,20252.288,15.022,92.819,1.399,0.776,1.576,19.336,0.000,0.000,15076.408,1.799,0.000,5151.901,1,2037,1674,5,2019,4608,1258.69,2003.41,243.55,3042.84,189,1026949120
1,92,1785748797893,0.002668197714,0.515320,0,1888,0,4,0,0,0,16,1.000000,19607.180,85.498,412.822,0.764,19090.466,19074.574,15.874,99.470,1.427,0.253,1.977,27.178,0.000,0.000,14173.419,1.753,0.000,4869.172,1,1906,1674,5,1888,4608,1258.69,2003.41,244.89,3386.09,189,1026949120
1,93,1785748817195,0.00266784123,0.515407,0,1789,0,4,0,0,0,16,1.000000,19214.797,86.971,474.233,0.804,18635.844,18597.541,38.285,95.914,2.220,0.869,4.912,21.420,0.000,0.000,13801.543,2.094,0.000,4763.739,1,1807,1674,5,1789,4608,1258.69,2003.41,244.39,3085.44,189,1026949120
1,94,1785748836331,0.002667480654,0.515502,0,1710,0,4,0,0,0,16,1.000000,19046.775,88.350,369.258,0.725,18569.167,18553.026,16.120,103.719,1.458,0.298,2.149,18.573,0.000,0.000,13746.506,1.787,0.000,4783.340,1,1728,1674,5,1710,4608,1258.69,2003.41,244.05,3376.70,189,1026949120
1,95,1785748852322,0.002667099785,0.515603,0,1563,0,4,0,0,0,16,1.000000,15898.357,91.405,271.094,0.755,15515.699,15500.373,15.313,106.301,2.374,0.193,1.942,35.041,0.000,0.000,11325.155,1.783,0.000,4136.176,1,1581,1674,5,1563,4608,1258.69,2003.41,220.39,3087.28,189,1026965504
1,96,1785748865810,0.002666693846,0.515705,0,1302,0,4,0,0,0,16,1.000000,13398.067,89.759,357.270,0.754,12939.029,12922.282,16.729,96.782,1.434,0.819,1.979,27.630,0.000,0.000,9338.420,1.764,0.000,3551.516,1,1320,1674,5,1302,4608,1258.69,2003.41,243.14,3053.50,189,1026965504
1,97,1785748880729,0.002666270487,0.515804,0,1226,0,4,0,0,0,16,1.000000,14827.062,91.340,539.959,0.740,14171.532,14146.528,24.935,107.239,1.369,0.264,5.959,19.413,0.000,0.000,10303.218,1.754,0.000,3816.693,1,1244,1674,5,1226,4608,1258.69,2003.41,243.77,3027.31,189,1026965504
1,98,1785748893568,0.002665846109,0.515898,0,1203,0,4,0,0,0,16,1.000000,12751.963,86.581,413.349,0.820,12225.765,12208.797,16.949,102.422,1.472,0.810,7.325,28.127,0.000,0.000,8710.743,1.809,0.000,3466.028,1,1221,1674,5,1203,4608,1258.69,2003.41,220.06,3100.52,189,1026965504
1,99,1785748905693,0.002665436015,0.515986,1,1185,0,4,0,0,0,16,1.000000,12035.857,89.356,208.627,0.759,11745.134,11729.471,15.654,78.552,1.057,0.784,0.945,35.817,0.000,0.000,8433.191,2.239,0.000,3256.312,1,1203,1674,5,1185,4608,1258.69,2003.41,215.00,3021.91,189,1026965504
1,100,1785748917662,0.002606293475,0.513578,0,1143,0,8,0,0,0,16,1.000000,11878.038,90.148,251.085,0.765,11537.774,11520.743,17.028,86.494,1.261,0.402,0.259,20.148,0.000,0.000,8302.040,1.780,0.000,3191.461,1,1161,1674,5,1143,4608,1258.69,2003.41,241.25,2969.72,189,1026965504
1,101,1785748936666,0.002611938101,0.514164,0,1845,0,8,0,0,0,16,1.000000,18919.560,84.044,445.101,0.759,18381.158,18365.489,15.650,88.060,1.376,0.772,2.334,38.639,0.000,0.000,13597.017,1.722,0.000,4721.558,1,1863,1674,5,1845,4608,1258.69,2003.41,245.38,2997.16,189,1026965504
1,102,1785748955887,0.002610668172,0.514553,0,1878,0,8,0,0,0,16,1.000000,19134.551,85.872,395.309,0.766,18631.819,18616.057,15.737,102.373,1.457,0.799,2.028,29.525,0.000,0.000,13852.249,1.835,0.000,4729.402,1,1896,1674,5,1878,4608,1258.69,2003.41,243.89,2903.09,189,1026965504
1,103,1785748973630,0.00260993137,0.514889,0,1812,0,8,0,0,0,16,1.000000,17657.525,85.238,220.740,0.759,17351.700,17336.484,15.208,81.483,1.061,0.812,0.971,19.060,0.000,0.000,12938.629,1.773,0.000,4375.020,1,1830,1674,5,1812,4608,1258.69,2003.41,206.91,3463.73,189,1026965504
1,104,1785748990448,0.00260921675,0.515168,0,1749,0,8,0,0,0,16,1.000000,16732.449,85.033,225.339,0.759,16413.754,16399.075,14.671,89.743,1.133,0.785,0.936,12.602,0.000,0.000,12249.615,1.769,0.000,4131.988,1,1767,1674,5,1749,4608,1258.69,2003.41,229.77,3562.52,189,1026965504
1,105,1785749006266,0.002608535883,0.515374,0,1647,0,8,0,0,0,16,1.000000,15734.253,83.327,200.362,0.749,15437.691,15423.314,14.372,93.257,1.149,0.794,0.251,16.562,0.000,0.000,11520.264,1.789,0.000,3882.696,1,1665,1674,5,1647,4608,1258.69,2003.41,222.88,3316.97,189,1026965504
1,106,1785749020612,0.002607897476,0.515508,0,1469,0,8,0,0,0,16,1.000000,14265.151,80.934,327.330,0.735,13835.288,13820.064,15.210,97.833,1.277,0.796,1.891,15.524,0.000,0.000,10175.834,1.786,0.000,3622.120,1,1487,1674,5,1469,4608,1258.69,2003.41,232.89,3351.95,189,1026965504
1,107,1785749033815,0.002607294744,0.515591,0,1326,0,8,0,0,0,16,1.000000,13115.989,86.248,427.281,0.757,12579.665,12563.034,16.615,102.306,1.364,0.823,3.793,29.405,0.000,0.000,9157.511,2.121,0.000,3370.064,1,1344,1674,5,1326,4608,1258.69,2003.41,276.75,3038.83,189,1026965504
1,108,1785749046197,0.002606723536,0.515626,0,1243,0,8,0,0,0,16,1.000000,12290.027,92.160,354.219,0.775,11839.315,11823.743,15.552,91.685,1.343,0.813,1.878,73.528,0.000,0.000,8554.679,1.768,0.000,3189.501,1,1261,1674,5,1243,4608,1259.95,2003.41,223.75,3042.72,189,1026998272
1,109,1785749058213,0.002606185782,0.515624,0,1205,0,8,0,0,0,16,1.000000,11931.162,84.082,404.452,0.768,11411.046,11395.551,15.482,107.497,1.410,0.498,5.491,16.021,0.000,0.000,8258.319,1.773,0.000,3117.433,1,1223,1674,5,1205,4608,1259.95,2003.41,233.11,2940.05,189,1026998272
1,110,1785749073127,0.002605682979,0.515607,1,1210,0,8,0,0,0,16,1.000000,14826.047,87.527,598.496,0.760,14085.320,14069.751,15.547,137.775,1.357,0.223,2.115,17.457,0.000,0.000,10280.664,1.795,0.000,3766.859,1,1228,1674,5,1210,4608,1259.95,2003.41,258.38,3105.05,189,1026998272
1,111,1785749081987,0.002571659922,0.514269,0,733,0,16,0,0,0,16,1.000000,8765.431,94.183,425.732,0.769,8241.407,8225.523,15.864,93.757,1.500,0.268,1.998,22.567,0.000,0.000,5677.518,1.765,0.000,2520.851,1,751,1674,5,733,4608,1259.95,2003.41,251.67,3202.47,189,1027047424
1,112,1785749102182,0.002574465247,0.514904,0,1831,0,16,0,0,0,16,1.000000,20106.752,88.305,376.830,0.772,19632.443,19614.520,17.906,92.340,1.289,0.821,2.257,62.298,0.000,0.000,14543.103,1.770,0.000,5003.523,1,1849,1674,5,1831,4608,1259.95,2003.41,246.72,3078.86,189,1027047424
1,113,1785749123749,0.002573648959,0.515312,0,1823,0,16,0,0,0,16,1.000000,21483.578,82.795,383.342,0.767,21011.345,20993.722,17.601,84.396,1.307,0.230,2.191,22.333,0.000,0.000,15805.684,1.722,0.000,5160.929,1,1841,1674,5,1823,4608,1259.95,2003.41,244.80,3362.12,189,1027047424
1,114,1785749143509,0.002573118917,0.515676,0,1953,0,16,0,0,0,16,1.000000,19676.410,82.454,337.201,0.808,19244.939,19229.358,15.568,90.233,1.310,0.303,1.616,30.702,0.000,0.000,14355.153,1.810,0.000,4838.667,1,1971,1674,5,1953,4608,1259.95,2003.41,233.97,3327.42,189,1027047424
1,115,1785749163945,0.002572561294,0.515955,0,1988,0,16,0,0,0,16,1.000000,20352.772,82.610,400.475,0.750,19845.915,19829.879,16.018,93.262,1.326,0.788,10.256,16.167,0.000,0.000,14747.974,1.764,0.000,5061.220,1,2006,1674,5,1988,4608,1259.95,2003.41,245.23,3205.50,189,1027047424
1,116,1785749186585,0.002572078,0.516174,0,2337,0,16,0,0,0,16,1.000000,22555.735,84.672,174.063,0.776,22293.777,22279.347,14.428,84.953,1.079,0.805,0.282,18.076,0.000,0.000,16688.693,1.804,0.000,5568.740,1,2355,1674,5,2337,4608,1259.95,2003.41,206.38,3368.33,189,1027047424
1,117,1785749212242,0.002571629096,0.516303,0,2540,0,16,0,0,0,16,1.000000,25564.477,91.093,360.691,0.768,25101.435,25086.297,15.128,97.653,1.296,0.805,1.827,12.389,0.000,0.000,18854.660,1.776,0.000,6214.833,1,2558,1674,5,2540,4608,1259.95,2003.41,241.70,3441.48,189,1027047424
1,118,1785749239183,0.002571204301,0.516411,0,2766,0,16,0,0,0,16,1.000000,26858.637,82.125,311.664,0.750,26446.348,26430.520,15.811,95.956,1.144,0.770,2.004,25.384,0.000,0.000,19927.293,1.750,0.000,6473.277,1,2784,1674,5,2766,4608,1259.95,2003.41,216.64,3498.25,189,1027047424
1,119,1785749267494,0.002570789015,0.516487,0,3002,0,16,0,0,0,16,1.000000,28221.979,87.998,235.381,0.789,27902.644,27886.383,16.242,79.889,1.100,0.226,1.951,15.322,0.000,0.000,21089.519,1.778,0.000,6777.726,1,3020,1674,5,3002,4608,1259.95,2003.41,205.41,3299.14,189,1027047424
1,120,1785749296277,0.002570379343,0.516562,0,3036,0,16,0,0,0,16,1.000000,28699.184,83.862,246.527,0.785,28358.521,28342.885,15.622,89.639,1.160,0.774,1.778,13.589,0.000,0.000,21472.375,1.782,0.000,6852.487,1,3054,1674,5,3036,4608,1259.95,2003.41,244.38,3140.00,189,1027047424
1,121,1785749326340,0.002569989438,0.516620,1,2845,0,16,0,0,0,16,1.000000,29971.114,90.621,480.745,0.919,29362.693,29346.888,15.788,122.741,1.683,0.249,2.084,20.497,0.000,0.000,22175.589,1.965,0.000,7145.312,1,2863,1674,5,2845,4608,1259.95,2003.41,256.77,3110.84,189,1027047424
1,122,1785749355198,0.002552835088,0.516132,0,2748,0,32,0,0,0,16,1.000000,28765.059,92.902,374.051,0.773,28295.771,28280.034,15.710,90.179,1.782,0.835,1.669,33.145,0.000,0.000,21413.603,1.783,0.000,6828.515,1,2766,1674,5,2748,4608,1216.28,2003.41,206.06,3362.69,189,1027047424
1,123,1785749390675,0.002553393349,0.517267,0,3351,0,32,0,0,0,16,1.000000,35385.979,90.597,653.609,0.751,34611.703,34591.231,20.451,111.807,2.097,0.821,5.192,31.056,0.000,0.000,26349.279,1.748,0.000,8202.640,1,3369,1674,5,3351,4608,1239.58,2003.41,229.09,3116.70,189,1027047424
1,124,1785749425384,0.002553092282,0.516522,0,3413,0,32,0,0,0,16,1.000000,34616.531,90.981,410.945,0.784,34096.652,34080.898,15.728,104.424,1.411,0.369,1.945,30.552,0.000,0.000,25936.438,1.965,0.000,8108.787,1,3431,1674,5,3413,4608,1246.75,2003.41,233.55,3304.02,189,1027047424
1,125,1785749461700,0.002552493112,0.517728,0,3541,0,32,0,0,0,16,1.000000,36201.950,113.925,473.732,2.711,35623.763,35605.247,18.496,96.361,1.378,0.263,3.742,30.614,0.000,0.000,26970.253,2.256,0.000,8597.017,1,3559,1674,5,3541,4608,1248.78,2003.41,236.36,3320.45,189,1027047424
1,126,1785749489488,0.002552892891,0.516547,0,2884,0,32,0,0,0,16,1.000000,27698.046,88.937,372.285,0.784,27215.098,27200.270,14.820,105.973,1.373,0.809,1.723,22.481,0.000,0.000,20731.046,1.861,0.000,6441.918,1,2902,1674,5,2884,4608,1249.69,2003.41,236.42,3418.67,189,1027047424
1,127,1785749519656,0.002552103162,0.517314,0,3099,0,32,0,0,0,16,1.000000,30080.150,87.315,450.260,0.759,29518.496,29502.790,15.692,106.192,1.412,0.813,2.218,18.952,0.000,0.000,22492.346,1.775,0.000,6986.744,1,3117,1674,5,3099,4608,1249.69,2003.41,236.55,3515.16,189,1027080192
1,128,1785749554707,0.002552498482,0.516567,0,3294,0,32,0,0,0,16,1.000000,34958.871,91.448,438.536,0.807,34403.964,34387.742,16.197,110.753,1.486,1.377,1.949,23.370,0.000,0.000,26179.236,1.796,0.000,8180.333,1,3312,1674,5,3294,4608,1250.02,2003.41,240.75,2907.30,189,1027080192
1,129,1785749590035,0.002551858241,0.516854,0,3345,0,32,0,0,0,16,1.000000,35233.816,93.269,407.362,0.794,34729.614,34713.071,16.315,91.388,1.347,0.821,2.490,21.303,0.000,0.000,26295.351,2.690,0.000,8389.609,1,3363,1674,5,3345,4608,1250.38,2003.41,237.16,3289.14,209,1027080192
1,130,1785749625846,0.00255169798,0.516739,0,3655,0,32,0,0,0,16,1.000000,35716.827,94.401,521.812,6.141,35072.192,35053.857,18.316,112.465,1.348,0.828,2.040,19.404,0.000,0.000,26672.747,1.946,0.000,8356.865,1,3673,1674,5,3655,4608,1250.38,2003.41,257.05,3258.08,209,1027080192
1,131,1785749663202,0.002551383533,0.516685,0,3930,0,32,0,0,0,16,1.000000,37262.913,91.450,295.885,0.777,36848.890,36833.841,15.038,114.238,1.336,0.227,1.560,30.527,0.000,0.000,28074.372,1.869,0.000,8724.416,1,3948,1674,5,3930,4608,1256.06,2003.41,242.25,3093.09,209,1027080192
1,132,1785749699918,0.002551170627,0.516585,1,3745,0,32,0,0,0,16,1.000000,36627.916,88.128,410.420,0.790,36109.846,36092.948,16.877,102.551,1.484,0.822,2.003,20.992,0.000,0.000,27558.209,1.772,0.000,8508.968,1,3763,1674,5,3745,4608,1259.31,2003.41,248.78,2510.84,209,1027080192
2,1,1785749891817,0.00478169249,0.373933,0,3234,0,0,0,0,0,16,1.000000,30826.180,0.000,119.513,0.171,30518.022,30502.288,15.709,185.084,1.341,0.795,1.253,21.098,0.000,0.000,23199.469,1.889,0.000,7275.570,1,3252,1674,5,3234,4608,1240.19,2003.41,228.52,3416.12,238,1035190272
2,2,1785749917998,0.00457406591,0.376392,0,2873,0,0,0,0,0,16,1.000000,26097.250,84.949,113.242,0.161,25734.919,25719.707,15.208,246.789,1.070,0.797,0.272,14.502,0.000,0.000,19622.286,1.811,0.000,6079.100,1,2891,1674,5,2873,4608,1283.49,2003.41,233.55,3329.16,238,1035190272
2,3,1785749934125,0.004320089167,0.377244,0,1733,0,0,0,0,0,16,1.000000,16047.477,83.483,112.735,0.167,15767.672,15752.636,15.028,164.092,1.058,0.834,0.921,13.967,0.000,0.000,11735.280,1.776,0.000,3998.741,1,1751,1674,5,1733,4608,1292.31,2003.41,244.77,3360.38,238,1035190272
2,4,1785749946830,0.004140513767,0.377731,0,1322,0,0,0,0,0,16,1.000000,12622.460,83.842,113.257,0.169,12217.009,12202.314,14.688,289.757,1.057,0.788,0.423,14.290,0.000,0.000,8917.591,1.740,0.000,3266.699,1,1340,1674,5,1322,4608,1294.66,2003.41,256.48,3210.45,238,1035190272
2,5,1785749963843,0.003993269318,0.378061,0,1067,0,0,0,0,0,16,1.000000,16928.252,84.919,116.574,0.158,16502.490,16485.248,17.228,305.454,1.354,0.200,2.022,13.100,0.000,0.000,12500.005,1.734,0.000,3967.479,1,1085,1674,5,1067,4608,1295.42,2003.41,283.23,3560.86,238,1035190272
2,6,1785749973868,0.00387253975,0.378389,0,976,0,0,0,0,0,16,1.000000,9938.282,86.357,113.581,0.157,9684.076,9669.170,14.901,138.328,1.066,0.782,0.293,18.224,0.000,0.000,6936.493,1.785,0.000,2710.651,1,994,1674,5,976,4608,1296.19,2003.41,251.31,3252.03,238,1035190272
2,7,1785749985208,0.003781811384,0.378745,0,1191,0,0,0,0,0,16,1.000000,11254.034,86.482,113.205,0.172,10949.081,10933.750,15.323,189.280,1.069,0.372,0.855,11.833,0.000,0.000,7940.240,1.756,0.000,2977.375,1,1209,1674,5,1191,4608,1296.61,2003.41,250.14,3118.83,238,1035190272
2,8,1785749997132,0.003714610121,0.379084,0,1255,0,0,0,0,0,16,1.000000,11848.466,74.825,114.347,0.166,11512.528,11497.936,14.589,219.801,1.085,0.243,0.296,11.812,0.000,0.000,8402.155,1.746,0.000,3080.280,1,1273,1674,5,1255,4608,1296.61,2003.41,284.00,3222.38,238,1035190272
2,9,1785750006675,0.00366736637,0.379309,0,949,0,0,0,0,0,16,1.000000,9464.707,77.910,113.132,0.167,9075.136,9059.804,15.318,272.855,1.025,0.809,1.583,18.755,0.000,0.000,6491.355,1.764,0.000,2545.065,1,967,1674,5,949,4608,1296.61,2003.41,255.50,3026.48,238,1035190272
2,10,1785750015143,0.003633824455,0.379489,0,856,0,0,0,0,0,16,1.000000,8393.500,74.416,113.396,0.163,8140.957,8126.319,14.635,137.030,1.230,0.369,0.355,12.717,0.000,0.000,5738.093,1.777,0.000,2371.771,1,874,1674,5,856,4608,1296.61,2003.41,253.05,3045.16,238,1035190272
2,11,1785750023571,0.003609802497,0.379600,0,869,0,0,0,0,0,16,1.000000,8351.702,75.526,114.147,0.160,8098.831,8084.224,14.606,136.884,1.088,0.345,0.248,14.048,0.000,0.000,5688.850,1.754,0.000,2377.430,1,887,1674,5,869,4608,1299.14,2003.41,239.73,3025.59,238,1035190272
2,12,1785750032430,0.003592213515,0.379683,0,866,0,0,0,0,0,16,1.000000,8783.581,75.191,114.862,0.165,8533.654,8519.215,14.437,133.487,1.054,0.046,0.312,12.005,0.000,0.000,6036.911,1.887,0.000,2466.408,1,884,1674,5,866,4608,1299.19,2003.41,239.73,3195.27,238,1035190272
2,13,1785750041476,0.003578748072,0.379753,0,935,0,0,0,0,0,16,1.000000,8970.534,75.867,113.016,0.167,8722.978,8708.120,14.854,132.199,1.066,0.827,0.280,11.771,0.000,0.000,6178.066,1.759,0.000,2514.498,1,953,1674,5,935,4608,1299.19,2003.41,238.88,3167.88,238,1035190272
2,14,1785750049751,0.003568295783,0.379808,0,827,0,0,0,0,0,16,1.000000,8200.396,74.574,111.565,0.160,7964.246,7950.288,13.957,123.122,1.020,0.041,0.242,12.533,0.000,0.000,5591.363,1.779,0.000,2342.636,1,845,1674,5,827,4608,1299.19,2003.41,238.84,3177.58,238,1035190272
2,15,1785750057112,0.003560306357,0.379852,0,707,0,0,0,0,0,16,1.000000,7288.994,71.048,110.856,0.154,7038.546,7023.873,14.669,137.279,1.090,0.801,0.268,10.628,0.000,0.000,4833.012,1.739,0.000,2176.628,1,725,1674,5,707,4608,1299.19,2003.41,238.11,3083.81,238,1035190272
2,16,1785750065981,0.003554136604,0.379891,0,870,0,0,0,0,0,16,1.000000,8793.634,75.669,113.391,0.164,8394.030,8375.372,18.644,282.124,1.078,0.781,2.065,14.111,0.000,0.000,5940.913,1.778,0.000,2415.354,1,888,1674,5,870,4608,1299.19,2003.41,238.62,3192.80,238,1035190272
2,17,1785750074080,0.003549530366,0.379917,0,830,0,0,0,0,0,16,1.000000,8021.469,77.090,113.827,0.167,7773.326,7758.607,14.715,132.712,1.091,0.044,0.302,13.151,0.000,0.000,5441.446,1.749,0.000,2300.290,1,848,1674,5,830,4608,1299.19,2003.41,237.34,3209.84,238,1035190272
2,18,1785750082081,0.003546048175,0.379936,0,783,0,0,0,0,0,16,1.000000,7925.725,75.113,113.380,0.168,7665.289,7650.832,14.454,144.710,1.078,0.788,0.313,12.481,0.000,0.000,5333.134,1.780,0.000,2301.445,1,801,1674,5,783,4608,1299.19,2003.41,238.77,3352.97,238,1035190272
2,19,1785750089254,0.003543386956,0.379950,0,698,0,0,0,0,0,16,1.000000,7097.795,75.058,113.735,0.183,6849.644,6835.205,14.438,132.837,1.055,0.049,0.292,11.807,0.000,0.000,4695.358,1.821,0.000,2124.188,1,716,1674,5,698,4608,1299.19,2003.41,237.27,3264.20,238,1035190272
2,20,1785750096607,0.003541276851,0.379960,0,697,0,0,0,0,0,16,1.000000,7278.252,74.442,110.887,0.156,7020.840,7005.171,15.665,144.914,1.024,0.173,0.257,11.501,0.000,0.000,4773.345,1.779,0.000,2216.576,1,715,1674,5,697,4608,1299.19,2003.41,240.72,3332.33,238,1035190272
2,21,1785750104534,0.003539590779,0.379968,0,701,0,0,0,0,0,16,1.000000,7855.674,71.746,111.283,0.166,7572.084,7556.934,15.145,170.017,1.090,0.054,0.981,15.082,0.000,0.000,5186.972,1.798,0.000,2350.458,1,719,1674,5,701,4608,1299.19,2003.41,241.23,3316.70,238,1035190272
2,22,1785750112206,0.003538249116,0.379975,0,662,0,0,0,0,0,16,1.000000,7597.356,74.386,118.213,0.155,7314.636,7300.087,14.548,162.666,1.216,0.210,0.261,11.992,0.000,0.000,4987.389,1.759,0.000,2297.021,1,680,1674,5,662,4608,1299.19,2003.41,241.20,3338.11,238,1035190272
2,23,1785750121253,0.003537180794,0.379980,0,689,0,0,0,0,0,16,1.000000,8968.579,77.863,117.639,0.167,8615.641,8600.287,15.352,232.757,1.281,0.819,0.275,11.656,0.000,0.000,6024.374,1.783,0.000,2560.326,1,707,1674,5,689,4608,1299.19,2003.41,256.70,3075.98,238,1035190272
2,24,1785750129900,0.003536333904,0.379984,0,651,0,0,0,0,0,16,1.000000,8569.209,77.472,115.860,0.267,8105.467,8087.716,17.724,344.242,1.082,0.255,2.038,16.439,0.000,0.000,5615.639,1.774,0.000,2448.891,1,669,1674,5,651,4608,1299.19,2003.41,265.06,3078.06,238,1035190272
2,25,1785750138791,0.003535643502,0.379987,0,676,0,0,0,0,0,16,1.000000,8815.691,75.472,115.164,0.157,8541.549,8526.072,15.470,156.535,1.092,0.101,1.092,18.559,0.000,0.000,6074.712,1.749,0.000,2428.364,1,694,1674,5,676,4608,1299.19,2003.41,256.50,2989.53,238,1035190272
2,26,1785750153998,0.003535078473,0.379989,0,655,0,0,0,0,0,16,1.000000,15128.233,78.487,114.999,0.167,14757.312,14742.266,15.043,252.966,1.095,1.401,0.293,12.996,0.000,0.000,11323.291,1.829,0.000,3401.518,1,673,1674,5,655,4608,1299.19,2003.41,270.80,3129.06,238,1035190272
2,27,1785750164008,0.003534620997,0.379990,0,657,0,0,0,0,0,16,1.000000,9930.460,78.427,114.934,0.174,9668.933,9653.724,15.201,143.233,1.101,0.396,1.688,17.323,0.000,0.000,6799.578,1.799,0.000,2832.138,1,675,1674,5,657,4608,1299.19,2003.41,256.72,3356.78,238,1035190272
2,28,1785750172371,0.003534221502,0.379992,0,649,0,0,0,0,0,16,1.000000,8288.224,75.125,110.417,0.161,8030.054,8014.944,15.107,146.213,1.031,0.041,0.307,15.061,0.000,0.000,5533.790,1.814,0.000,2462.350,1,667,1674,5,649,4608,1299.19,2003.41,241.75,3399.00,238,1035190272
2,29,1785750180957,0.00353388628,0.379993,0,657,0,0,0,0,0,16,1.000000,8511.253,74.446,115.797,0.157,8040.258,8023.049,17.206,352.474,1.639,0.642,0.287,10.605,0.000,0.000,5473.432,1.759,0.000,2533.454,1,675,1674,5,657,4608,1299.19,2003.41,351.38,2617.61,252,1035190272
2,30,1785750189183,0.003533601731,0.379994,0,660,0,0,0,0,0,16,1.000000,8136.614,89.523,136.130,0.168,7814.985,7799.870,15.102,182.016,1.055,0.194,2.066,42.302,0.000,0.000,5245.259,1.817,0.000,2507.989,1,678,1674,5,660,4608,1299.19,2003.41,251.59,3071.12,258,1035190272
2,31,1785750197138,0.003533359427,0.379995,0,679,0,0,0,0,0,16,1.000000,7878.586,76.000,115.573,0.166,7566.075,7543.440,22.604,194.860,1.380,0.148,0.383,11.677,0.000,0.000,5146.267,1.744,0.000,2379.042,1,697,1674,5,679,4608,1299.19,2003.41,286.70,2972.30,258,1035190272
2,32,1785750205537,0.003533153081,0.379995,0,673,0,0,0,0,0,16,1.000000,8318.254,80.700,120.068,0.165,8054.157,8039.201,14.952,142.144,1.241,0.181,0.298,16.617,0.000,0.000,5552.566,1.801,0.000,2466.168,1,691,1674,5,673,4608,1299.19,2003.41,252.44,3003.62,258,1035190272
2,33,1785750214541,0.003532974476,0.379996,0,697,0,0,0,0,0,16,1.000000,8923.957,79.183,114.785,0.165,8613.171,8597.782,15.385,192.606,1.083,0.236,1.910,14.160,0.000,0.000,6082.186,1.973,0.000,2497.222,1,715,1674,5,697,4608,1299.52,2003.41,247.97,3074.70,258,1035190272
2,34,1785750223365,0.003532815155,0.379996,1,686,0,0,0,0,0,16,1.000000,8747.375,76.622,114.867,0.166,8440.833,8424.502,16.313,189.518,1.321,0.293,0.377,12.825,0.000,0.000,5905.739,1.804,0.000,2501.050,1,704,1674,5,686,4608,1299.52,2003.41,276.77,3048.91,258,1035190272
2,35,1785750265703,0.003996073425,0.377416,0,1219,0,1,0,0,0,16,1.000000,14527.614,0.000,177.618,1.200,14249.612,14234.406,15.187,96.071,1.167,1.656,0.289,18.812,0.000,0.000,10559.327,1.813,0.000,3650.289,1,1237,1674,5,1219,4608,1266.42,2003.41,227.42,3356.86,259,1035190272
2,36,1785750279207,0.00388984104,0.378521,0,1083,0,1,0,0,0,16,1.000000,13418.309,85.558,375.137,0.889,12937.762,12920.813,16.940,101.441,1.474,0.261,1.344,14.661,0.000,0.000,9524.460,1.805,0.000,3376.630,1,1101,1674,5,1083,4608,1298.56,2003.41,279.98,2867.03,259,1035190272
2,37,1785750294210,0.003785953571,0.378908,0,1397,0,1,0,0,0,16,1.000000,14911.676,90.953,173.117,0.940,14654.499,14639.574,14.921,80.886,1.093,0.802,0.339,18.705,0.000,0.000,10929.734,1.804,0.000,3686.979,1,1415,1674,5,1397,4608,1308.24,2003.41,265.25,2950.22,259,1035190272
2,38,1785750309906,0.003719152661,0.379133,0,1138,0,1,0,0,0,16,1.000000,15620.253,75.458,503.418,0.747,14980.982,14958.928,22.022,131.400,1.418,0.327,1.960,14.361,0.000,0.000,11033.601,1.782,0.000,3906.109,1,1156,1674,5,1138,4608,1309.27,2003.41,341.72,2745.33,259,1035190272
2,39,1785750340359,0.003670101998,0.379348,0,1254,0,1,0,0,0,16,1.000000,30325.940,126.131,324.218,0.749,29907.925,29890.646,17.201,89.031,1.395,0.315,2.308,69.517,0.000,0.000,22828.779,2.306,0.000,6983.382,1,1272,1674,5,1254,4608,1314.31,2003.41,300.62,3687.27,259,1035190272
2,40,1785750356060,0.003632961758,0.379509,0,1409,0,1,0,0,0,16,1.000000,15622.163,78.329,172.060,0.734,15367.238,15352.524,14.710,80.730,1.079,0.043,0.278,16.589,0.000,0.000,11522.631,1.795,0.000,3808.634,1,1427,1674,5,1409,4608,1322.17,2003.41,271.58,4469.66,259,1035190272
2,41,1785750376477,0.003604563104,0.379629,0,1288,0,1,0,0,0,16,1.000000,20339.767,77.606,239.996,0.725,20006.602,19989.511,17.073,89.039,1.119,0.212,2.074,12.981,0.000,0.000,15325.644,1.823,0.000,4646.172,1,1306,1674,5,1288,4608,1324.58,2003.41,286.69,3910.77,259,1035190272
2,42,1785750394296,0.003581927649,0.379742,0,1085,0,1,0,0,0,16,1.000000,17736.685,81.466,475.698,0.923,17134.757,17112.968,21.772,120.472,1.665,0.267,2.903,17.420,0.000,0.000,12583.258,1.979,0.000,4506.255,1,1103,1674,5,1085,4608,1324.58,2003.41,310.77,3782.03,259,1035190272
2,43,1785750406998,0.003563555049,0.379829,0,1119,0,1,0,0,0,16,1.000000,12595.366,106.515,193.362,0.761,12316.064,12301.654,14.408,83.598,1.057,0.220,0.304,23.662,0.000,0.000,8878.049,4.012,0.000,3389.438,1,1137,1674,5,1119,4608,1325.69,2003.41,272.97,4139.64,259,1035190272
2,44,1785750416958,0.003548581396,0.379925,0,893,0,1,0,0,0,16,1.000000,9879.232,80.273,172.011,0.725,9629.935,9615.472,14.455,75.153,1.084,0.038,0.286,13.401,0.000,0.000,6965.178,1.816,0.000,2633.147,1,911,1674,5,893,4608,1326.53,2003.41,268.44,4249.61,259,1035190272
2,45,1785750428596,0.00353663571,0.380000,0,1059,0,1,0,0,0,16,1.000000,11563.641,74.164,168.331,0.726,11317.089,11302.616,14.470,75.326,1.058,0.813,0.299,12.846,0.000,0.000,8310.541,1.774,0.000,2974.786,1,1077,1674,5,1059,4608,1326.53,2003.41,261.02,3993.94,259,1035190272
2,46,1785750437375,0.003527387294,0.380062,0,738,0,1,0,0,0,16,1.000000,8702.228,76.474,172.387,0.710,8444.419,8429.770,14.647,83.223,1.066,0.135,0.289,12.589,0.000,0.000,6005.380,1.774,0.000,2408.049,1,756,1674,5,738,4608,1326.60,2003.41,262.64,3780.80,259,1035190272
2,47,1785750445890,0.003520218588,0.380117,0,737,0,1,0,0,0,16,1.000000,8436.901,78.580,175.898,0.741,8174.171,8158.917,15.250,84.653,1.107,0.042,0.289,12.514,0.000,0.000,5720.223,2.010,0.000,2421.977,1,755,1674,5,737,4608,1327.06,2003.41,262.61,4036.44,259,1035190272
2,48,1785750454679,0.003514841031,0.380154,0,770,0,1,0,0,0,16,1.000000,8710.788,77.774,174.814,0.736,8449.163,8433.664,15.496,84.703,1.066,0.049,0.257,13.206,0.000,0.000,5980.770,1.755,0.000,2435.788,1,788,1674,5,770,4608,1327.06,2003.41,260.23,3971.09,259,1035190272
2,49,1785750464602,0.003510695796,0.380182,0,756,0,1,0,0,0,16,1.000000,9845.775,76.428,230.125,0.696,9529.479,9513.492,15.973,81.673,1.092,0.782,1.928,11.915,0.000,0.000,6791.335,1.811,0.000,2706.376,1,774,1674,5,756,4608,1327.06,2003.41,259.89,4011.47,259,1035190272
2,50,1785750473797,0.003507386971,0.380201,0,807,0,1,0,0,0,16,1.000000,9117.459,77.791,173.316,0.754,8860.840,8845.379,15.456,81.092,1.093,0.043,0.320,14.548,0.000,0.000,6308.413,1.797,0.000,2518.402,1,825,1674,5,807,4608,1327.06,2003.41,258.75,3943.64,259,1035190272
2,51,1785750484018,0.003504636124,0.380217,0,921,0,1,0,0,0,16,1.000000,10142.400,77.924,205.913,0.718,9844.137,9829.291,14.841,89.367,1.129,0.805,0.332,12.321,0.000,0.000,7105.271,1.797,0.000,2707.658,1,939,1674,5,921,4608,1327.06,2003.41,261.02,3782.52,259,1035190272
2,52,1785750492662,0.00350244154,0.380230,0,614,0,1,0,0,0,16,1.000000,8561.145,83.104,174.562,0.753,8301.714,8286.911,14.800,82.486,1.048,0.211,0.370,13.996,0.000,0.000,5868.031,1.811,0.000,2400.784,1,632,1674,5,614,4608,1327.06,2003.41,265.92,3889.30,259,1035190272
2,53,1785750501638,0.003500779199,0.380239,0,786,0,1,0,0,0,16,1.000000,8899.260,76.553,171.929,0.745,8639.536,8624.432,15.100,85.663,1.044,0.047,0.296,12.914,0.000,0.000,6145.701,1.801,0.000,2461.859,1,804,1674,5,786,4608,1327.06,2003.41,258.67,3961.95,259,1035190272
2,54,1785750510001,0.003499466054,0.380245,0,711,0,1,0,0,0,16,1.000000,8285.708,76.917,176.130,0.745,8023.378,8008.006,15.369,83.902,1.179,0.044,0.330,14.093,0.000,0.000,5662.342,1.790,0.000,2327.463,1,729,1674,5,711,4608,1327.06,2003.41,257.52,3815.70,259,1035190272
2,55,1785750518047,0.003498393805,0.380249,0,704,0,1,0,0,0,16,1.000000,7966.401,79.512,173.146,0.728,7709.619,7694.711,14.903,80.746,1.060,0.802,0.301,12.262,0.000,0.000,5380.942,1.783,0.000,2297.696,1,722,1674,5,704,4608,1327.06,2003.41,256.70,3760.83,259,1035190272
2,56,1785750526055,0.00349748559,0.380253,0,689,0,1,0,0,0,16,1.000000,7929.445,78.183,171.235,0.716,7681.449,7666.536,14.911,74.682,1.058,0.041,0.265,13.104,0.000,0.000,5395.188,1.995,0.000,2254.116,1,707,1674,5,689,4608,1327.06,2003.41,256.62,3844.91,259,1035190272
2,57,1785750534405,0.003496724003,0.380255,0,739,0,1,0,0,0,16,1.000000,8275.838,74.545,171.198,0.741,8020.647,8006.076,14.568,81.095,1.056,0.798,0.302,11.332,0.000,0.000,5630.442,1.757,0.000,2360.585,1,757,1674,5,739,4608,1327.06,2003.41,256.61,3839.27,259,1035190272
2,58,1785750544118,0.003496083729,0.380256,0,807,0,1,0,0,0,16,1.000000,9635.664,76.334,312.612,0.708,9229.626,9213.381,16.227,84.587,1.180,0.269,6.682,11.971,0.000,0.000,6605.160,1.752,0.000,2587.637,1,825,1674,5,807,4608,1327.06,2003.41,258.27,3636.08,259,1035190272
2,59,1785750552984,0.003495549164,0.380257,0,786,0,1,0,0,0,16,1.000000,8778.229,87.848,174.958,0.736,8515.962,8501.288,14.670,85.164,1.077,0.046,0.285,15.557,0.000,0.000,6040.452,1.806,0.000,2441.419,1,804,1674,5,786,4608,1327.06,2003.41,258.97,3736.59,259,1035190272
2,60,1785750561898,0.003495095539,0.380258,0,773,0,1,0,0,0,16,1.000000,8835.649,78.040,173.273,0.744,8579.817,8565.144,14.670,79.664,1.065,0.787,0.300,12.919,0.000,0.000,6099.676,1.808,0.000,2448.445,1,791,1674,5,773,4608,1327.06,2003.41,258.47,3651.98,259,1035190272
2,61,1785750570523,0.003494715249,0.380258,0,721,0,1,0,0,0,16,1.000000,8544.927,79.825,201.886,0.729,8238.765,8219.020,19.742,101.378,1.103,0.770,0.295,11.920,0.000,0.000,5786.296,1.816,0.000,2417.009,1,739,1674,5,721,4608,1327.06,2003.41,270.23,3712.16,259,1035190272
2,62,1785750580511,0.003494399709,0.380260,0,752,0,1,0,0,0,16,1.000000,9901.663,85.737,250.719,0.751,9560.842,9545.223,15.606,85.458,1.102,0.799,1.992,15.919,0.000,0.000,6775.651,1.991,0.000,2748.139,1,770,1674,5,752,4608,1327.06,2003.41,274.86,3606.89,259,1035190272
2,63,1785750588704,0.003494141296,0.380261,0,704,0,1,0,0,0,16,1.000000,8113.070,79.755,173.002,0.723,7854.141,7839.158,14.979,82.800,2.090,0.041,0.273,13.067,0.000,0.000,5543.599,1.802,0.000,2278.657,1,722,1674,5,704,4608,1327.06,2003.41,273.09,3600.16,259,1035190272
2,64,1785750596333,0.003493928575,0.380262,0,641,0,1,0,0,0,16,1.000000,7551.446,77.696,176.068,0.726,7292.650,7277.064,15.583,80.511,1.070,0.050,0.370,12.176,0.000,0.000,5081.195,1.797,0.000,2179.900,1,659,1674,5,641,4608,1327.06,2003.41,273.09,3631.34,259,1035190272
2,65,1785750603907,0.003493751143,0.380263,0,630,0,1,0,0,0,16,1.000000,7494.991,78.876,198.439,0.701,7197.840,7183.105,14.732,95.593,1.356,0.790,0.273,12.455,0.000,0.000,4976.940,1.752,0.000,2189.315,1,648,1674,5,630,4608,1327.06,2003.41,311.00,3465.67,259,1035190272
2,66,1785750611782,0.003493602684,0.380264,0,660,0,1,0,0,0,16,1.000000,7792.934,81.499,174.186,0.727,7532.756,7517.982,14.771,83.851,1.079,0.041,0.295,16.939,0.000,0.000,5256.869,1.815,0.000,2240.326,1,678,1674,5,660,4608,1327.06,2003.41,275.08,3501.78,259,1035190272
2,67,1785750619412,0.003493469832,0.380266,1,653,0,1,0,0,0,16,1.000000,7551.160,78.547,172.732,0.733,7291.621,7276.789,14.828,84.418,1.139,0.257,0.259,11.323,0.000,0.000,5089.451,1.761,0.000,2172.334,1,671,1674,5,653,4608,1327.06,2003.41,272.64,3513.30,259,1035190272
2,68,1785750628168,0.003431583239,0.380798,0,747,0,2,0,0,0,16,1.000000,8673.311,82.460,203.259,0.723,8382.539,8362.553,19.976,83.871,1.071,0.043,1.805,12.451,0.000,0.000,5933.503,1.929,0.000,2412.248,1,765,1674,5,747,4608,1327.06,2003.41,269.81,3496.45,259,1035190272
2,69,1785750647551,0.003427365747,0.380817,0,1803,0,2,0,0,0,16,1.000000,19304.700,77.388,288.003,0.734,18926.042,18910.849,15.191,87.605,1.225,0.814,0.276,13.099,0.000,0.000,14362.104,1.874,0.000,4531.726,1,1821,1674,5,1803,4608,1327.06,2003.41,274.38,3731.25,259,1035190272
2,70,1785750668958,0.003427107354,0.380822,0,1847,0,2,0,0,0,16,1.000000,21327.479,78.990,250.774,0.740,20988.521,20972.515,15.991,83.815,1.144,0.233,2.253,20.348,0.000,0.000,16019.779,1.756,0.000,4927.222,1,1865,1674,5,1847,4608,1328.49,2003.41,284.59,3626.58,259,1035190272
2,71,1785750688386,0.003426991234,0.380826,0,1801,0,2,0,0,0,16,1.000000,19344.575,83.295,182.349,0.721,19078.958,19064.071,14.883,81.082,1.104,0.053,0.309,16.409,0.000,0.000,14517.870,1.792,0.000,4525.791,1,1819,1674,5,1801,4608,1328.49,2003.41,271.00,3637.92,259,1035190272
2,72,1785750706852,0.003426878243,0.380831,0,1737,0,2,0,0,0,16,1.000000,18386.767,78.863,213.234,0.704,18088.417,18072.686,15.727,82.184,1.098,0.834,0.296,12.484,0.000,0.000,13656.507,1.774,0.000,4399.898,1,1755,1674,5,1737,4608,1328.49,2003.41,270.52,3755.00,259,1035190272
2,73,1785750723800,0.003426752105,0.380836,0,1598,0,2,0,0,0,16,1.000000,16870.249,77.862,187.228,0.700,16598.513,16583.269,15.233,80.989,1.072,0.828,0.919,13.671,0.000,0.000,12482.988,1.761,0.000,4082.805,1,1616,1674,5,1598,4608,1328.49,2003.41,293.28,3441.92,259,1035190272
2,74,1785750742850,0.003426605194,0.380842,0,1604,0,2,0,0,0,16,1.000000,18969.550,79.895,189.098,0.742,18684.186,18669.467,14.716,93.932,1.078,0.113,0.401,22.553,0.000,0.000,14201.049,1.806,0.000,4441.793,1,1622,1674,5,1604,4608,1328.49,2003.41,285.75,3621.77,259,1035190272
2,75,1785750758149,0.003426435426,0.380848,0,1396,0,2,0,0,0,16,1.000000,15218.654,80.173,213.618,0.749,14920.567,14905.897,14.667,82.079,1.116,0.227,0.297,16.029,0.000,0.000,11142.688,1.816,0.000,3743.006,1,1414,1674,5,1396,4608,1328.49,2003.41,272.12,3645.59,259,1035190272
2,76,1785750770725,0.003426241612,0.380855,0,1158,0,2,0,0,0,16,1.000000,12497.172,77.835,193.654,0.740,12212.530,12196.435,16.091,88.335,1.193,0.420,0.300,11.797,0.000,0.000,8972.670,1.953,0.000,3207.946,1,1176,1674,5,1158,4608,1328.49,2003.41,271.75,3596.38,259,1035190272
2,77,1785750778952,0.003426011894,0.380863,0,710,0,2,0,0,0,16,1.000000,8148.423,79.222,176.640,0.728,7889.548,7873.916,15.627,80.064,1.111,0.036,0.296,13.345,0.000,0.000,5549.959,1.814,0.000,2306.650,1,728,1674,5,710,4608,1328.49,2003.41,270.39,3478.84,259,1035190272
2,78,1785750788124,0.003425746787,0.380871,0,776,0,2,0,0,0,16,1.000000,9087.225,84.341,257.838,0.743,8726.299,8710.886,15.399,98.955,1.170,0.287,1.932,16.908,0.000,0.000,6227.438,1.927,0.000,2461.108,1,794,1674,5,776,4608,1328.49,2003.41,285.77,3507.55,260,1035190272
2,79,1785750796251,0.0034254444,0.380881,1,705,0,2,0,0,0,16,1.000000,8047.916,78.380,175.453,0.736,7783.515,7768.903,14.609,86.685,1.067,0.170,0.289,19.583,0.000,0.000,5446.161,1.820,0.000,2299.082,1,723,1674,5,705,4608,1328.49,2003.41,262.16,3628.28,260,1035190272
2,80,1785750805356,0.003284955333,0.381735,0,801,0,4,0,0,0,16,1.000000,9026.901,78.423,173.250,0.739,8769.318,8754.448,14.866,81.431,1.046,0.806,0.311,12.777,0.000,0.000,6274.466,1.772,0.000,2462.958,1,819,1674,5,801,4608,1328.49,2003.41,259.22,3632.83,260,1035190272
2,81,1785750820388,0.003278987531,0.381825,0,1426,0,4,0,0,0,16,1.000000,14953.297,77.462,177.522,0.740,14689.409,14674.558,14.844,83.931,1.072,0.250,0.373,13.410,0.000,0.000,10984.295,1.861,0.000,3671.950,1,1444,1674,5,1426,4608,1330.66,2003.41,256.03,3603.52,260,1035190272
2,82,1785750838807,0.003277802337,0.381898,0,1639,0,4,0,0,0,16,1.000000,18340.166,79.145,398.423,0.736,17816.767,17800.813,15.944,121.498,1.416,0.265,1.061,12.133,0.000,0.000,13393.329,1.807,0.000,4390.688,1,1657,1674,5,1639,4608,1330.66,2003.41,297.97,3756.00,260,1035190272
2,83,1785750856402,0.003276665263,0.381974,0,1370,0,4,0,0,0,16,1.000000,17512.684,81.947,347.104,0.765,17058.659,17031.726,26.920,101.885,1.601,0.212,2.458,17.897,0.000,0.000,12885.079,1.821,0.000,4120.495,1,1388,1674,5,1370,4608,1330.66,2003.41,292.53,3509.22,260,1035206656
2,84,1785750870916,0.003275423198,0.382048,0,1167,0,4,0,0,0,16,1.000000,14433.692,80.086,191.846,0.780,14149.480,14134.664,14.812,89.585,1.471,0.246,0.284,20.256,0.000,0.000,10492.475,1.888,0.000,3617.042,1,1185,1674,5,1167,4608,1330.66,2003.41,277.73,3398.27,260,1035206656
2,85,1785750880913,0.003274035381,0.382119,0,874,0,4,0,0,0,16,1.000000,9915.613,80.385,218.974,0.727,9608.377,9592.939,15.412,85.220,1.083,0.251,0.980,16.848,0.000,0.000,6919.140,1.803,0.000,2653.045,1,892,1674,5,874,4608,1330.66,2003.41,272.70,3367.45,260,1035206656
2,86,1785750889653,0.003272491875,0.382188,0,685,0,4,0,0,0,16,1.000000,8660.852,78.882,208.495,0.747,8360.783,8344.695,16.081,88.604,1.288,0.405,0.531,14.054,0.000,0.000,5946.545,1.813,0.000,2380.126,1,703,1674,5,685,4608,1330.66,2003.41,268.28,3309.44,260,1035206656
2,87,1785750900793,0.003270884124,0.382263,0,894,0,4,0,0,0,16,1.000000,11063.404,76.569,202.328,0.749,10770.042,10753.593,16.441,87.344,1.053,0.763,1.124,13.048,0.000,0.000,7817.960,1.833,0.000,2917.391,1,912,1674,5,894,4608,1330.66,2003.41,326.30,2826.14,260,1035206656
2,88,1785750914330,0.003269358779,0.382344,0,1115,0,4,0,0,0,16,1.000000,13457.908,78.338,209.534,0.757,13163.571,13148.441,15.123,81.870,1.097,0.773,0.307,20.394,0.000,0.000,9710.308,1.807,0.000,3413.556,1,1133,1674,5,1115,4608,1330.66,2003.41,278.33,3215.41,260,1035206656
2,89,1785750927874,0.003267992381,0.382429,0,1112,0,4,0,0,0,16,1.000000,13463.421,80.569,184.880,1.034,13190.190,13174.822,15.364,85.529,1.220,0.252,0.315,18.699,0.000,0.000,9768.014,1.801,0.000,3383.996,1,1130,1674,5,1112,4608,1330.66,2003.41,265.05,3371.89,260,1035206656
2,90,1785750942303,0.003266738112,0.382515,0,1193,0,4,0,0,0,16,1.000000,14343.353,85.650,197.933,0.738,14043.814,14028.632,15.174,97.992,1.067,0.792,1.016,12.906,0.000,0.000,10480.025,1.817,0.000,3530.971,1,1211,1674,5,1193,4608,1330.66,2003.41,263.81,3283.31,260,1035206656
2,91,1785750956876,0.003265559038,0.382603,0,1256,0,4,0,0,0,16,1.000000,14492.877,79.499,195.328,0.748,14212.911,14198.354,14.554,82.034,1.048,0.387,0.421,14.221,0.000,0.000,10599.552,1.882,0.000,3580.609,1,1274,1674,5,1256,4608,1330.66,2003.41,268.02,3811.05,260,1035206656
2,92,1785750967998,0.003264454348,0.382687,0,1006,0,4,0,0,0,16,1.000000,11042.227,78.957,177.466,0.728,10780.496,10765.312,15.180,82.052,1.067,0.047,0.370,14.704,0.000,0.000,7828.387,1.824,0.000,2918.142,1,1024,1674,5,1006,4608,1330.66,2003.41,263.22,3510.23,260,1035206656
2,93,1785750978939,0.003263435063,0.382757,0,993,0,4,0,0,0,16,1.000000,10863.269,78.247,191.139,0.729,10588.409,10573.386,15.018,80.805,1.074,0.813,0.299,13.150,0.000,0.000,7711.302,1.801,0.000,2844.382,1,1011,1674,5,993,4608,1330.66,2003.41,258.12,3563.17,260,1035206656
2,94,1785750990528,0.003262528524,0.382825,0,1057,0,4,0,0,0,16,1.000000,11505.235,83.411,181.135,0.752,11241.037,11225.709,15.324,80.119,1.082,0.809,0.300,13.880,0.000,0.000,8179.156,1.908,0.000,3028.663,1,1075,1674,5,1057,4608,1330.67,2003.41,257.72,3399.38,260,1035206656
2,95,1785751000869,0.003261712161,0.382888,0,900,0,4,0,0,0,16,1.000000,10261.260,79.158,173.966,0.745,10000.207,9985.568,14.635,84.518,1.083,0.379,0.363,12.921,0.000,0.000,7214.970,1.837,0.000,2753.674,1,918,1674,5,900,4608,1330.67,2003.41,257.25,3601.45,260,1035206656
2,96,1785751011143,0.003261009457,0.382946,0,835,0,4,0,0,0,16,1.000000,10192.316,81.756,170.148,0.746,9945.550,9929.982,15.564,74.541,1.039,0.048,0.244,12.456,0.000,0.000,7236.169,1.839,0.000,2677.392,1,853,1674,5,835,4608,1330.67,2003.41,256.77,3483.98,260,1035206656
2,97,1785751021856,0.003260398786,0.382999,0,813,0,4,0,0,0,16,1.000000,10639.464,73.062,245.190,0.714,10295.899,10280.321,15.562,92.178,1.272,0.259,3.951,10.836,0.000,0.000,7508.679,1.757,0.000,2757.038,1,831,1674,5,813,4608,1330.67,2003.41,292.45,3273.98,260,1035206656
2,98,1785751030281,0.003259855986,0.383050,0,654,0,4,0,0,0,16,1.000000,8343.607,80.811,180.044,0.738,8075.495,8060.577,14.914,85.440,1.158,0.434,0.299,18.988,0.000,0.000,5673.849,1.801,0.000,2363.825,1,672,1674,5,654,4608,1330.67,2003.41,271.36,3482.73,260,1035206656
2,99,1785751038682,0.003259385083,0.383109,0,639,0,4,0,0,0,16,1.000000,8321.856,78.852,182.984,0.723,8054.250,8039.256,14.991,82.404,1.129,0.047,0.320,12.912,0.000,0.000,5685.877,1.888,0.000,2336.581,1,657,1674,5,639,4608,1330.67,2003.41,268.88,3468.67,260,1035206656
2,100,1785751047584,0.003258946285,0.383174,0,719,0,4,0,0,0,16,1.000000,8822.455,79.290,176.267,0.739,8559.579,8544.325,15.250,84.007,1.085,0.384,0.393,12.933,0.000,0.000,6092.282,1.799,0.000,2435.199,1,737,1674,5,719,4608,1330.67,2003.41,268.81,3484.27,260,1035206656
2,101,1785751056395,0.003258464921,0.383215,0,678,0,4,0,0,0,16,1.000000,8733.144,78.454,173.864,0.747,8477.012,8462.085,14.923,79.988,1.068,0.041,0.424,13.652,0.000,0.000,5994.448,1.873,0.000,2449.748,1,696,1674,5,678,4608,1330.67,2003.41,268.80,3527.48,260,1035206656
2,102,1785751067588,0.003258010969,0.383239,0,881,0,4,0,0,0,16,1.000000,11116.744,75.578,198.463,0.734,10817.510,10800.857,16.643,97.020,1.209,0.669,1.139,11.067,0.000,0.000,7933.294,1.786,0.000,2851.921,1,899,1674,5,881,4608,1330.67,2003.41,282.36,3240.92,260,1035206656
2,103,1785751077324,0.003257643173,0.383256,0,773,0,4,0,0,0,16,1.000000,9656.954,78.857,201.633,0.749,9366.522,9351.416,15.102,86.517,1.089,0.045,0.398,27.194,0.000,0.000,6729.763,1.775,0.000,2589.422,1,791,1674,5,773,4608,1330.67,2003.41,268.25,3445.73,260,1035206656
2,104,1785751085504,0.003257325653,0.383268,0,635,0,4,0,0,0,16,1.000000,8100.647,79.056,220.241,0.740,7790.623,7775.763,14.853,86.675,1.230,0.793,0.346,12.713,0.000,0.000,5494.874,2.730,0.000,2263.338,1,653,1674,5,635,4608,1330.67,2003.41,284.70,3409.09,260,1035206656
2,105,1785751093498,0.003257053857,0.383278,0,609,0,4,0,0,0,16,1.000000,7913.621,79.802,173.107,0.738,7654.602,7639.160,15.439,83.783,1.084,0.051,0.255,15.638,0.000,0.000,5396.802,1.814,0.000,2222.756,1,627,1674,5,609,4608,1330.67,2003.41,269.98,3606.67,260,1035206656
2,106,1785751101798,0.00325681639,0.383287,0,640,0,4,0,0,0,16,1.000000,8221.709,79.009,174.191,0.749,7957.184,7942.353,14.828,87.375,1.099,0.781,0.330,12.476,0.000,0.000,5612.645,1.795,0.000,2313.173,1,658,1674,5,640,4608,1330.67,2003.41,268.78,3520.69,260,1035206656
2,107,1785751109066,0.003256617649,0.383297,0,541,0,4,0,0,0,16,1.000000,7188.155,78.904,178.871,0.745,6922.401,6906.304,16.093,83.803,1.066,0.804,0.465,12.686,0.000,0.000,4802.421,1.807,0.000,2086.962,1,559,1674,5,541,4608,1330.67,2003.41,268.33,3386.02,260,1035206656
2,108,1785751117340,0.003256440799,0.383309,0,652,0,4,0,0,0,16,1.000000,8194.020,79.584,174.141,0.742,7934.186,7918.639,15.543,82.766,1.079,0.825,0.280,12.455,0.000,0.000,5577.140,1.798,0.000,2325.049,1,670,1674,5,652,4608,1330.67,2003.41,268.33,3536.89,260,1035206656
2,109,1785751125710,0.003256279814,0.383318,1,646,0,4,0,0,0,16,1.000000,8290.148,79.737,174.510,0.755,8030.545,8015.611,14.930,82.393,1.069,0.050,0.826,13.343,0.000,0.000,5684.648,1.822,0.000,2313.650,1,664,1674,5,646,4608,1330.67,2003.41,265.55,3571.45,260,1035206656
2,110,1785751135587,0.00309519923,0.384169,0,787,0,8,0,0,0,16,1.000000,9799.466,77.623,182.733,0.799,9519.890,9504.450,15.436,94.483,1.083,0.040,0.438,12.383,0.000,0.000,6870.406,1.809,0.000,2617.592,1,805,1674,5,787,4608,1330.67,2003.41,264.77,3606.67,260,1035206656
2,111,1785751154607,0.003092161477,0.384529,0,1577,0,8,0,0,0,16,1.000000,18945.409,78.840,271.984,0.815,18565.767,18550.184,15.566,102.586,1.384,0.809,2.062,12.333,0.000,0.000,14104.012,1.819,0.000,4426.784,1,1595,1674,5,1577,4608,1330.67,2003.41,273.17,3440.95,260,1035206656
2,112,1785751175482,0.003091015853,0.384851,0,1755,0,8,0,0,0,16,1.000000,20800.672,79.631,215.965,0.791,20490.911,20474.309,16.594,90.617,1.284,0.815,0.288,15.620,0.000,0.000,15660.920,1.796,0.000,4793.786,1,1773,1674,5,1755,4608,1330.67,2003.41,280.42,3339.00,260,1035206656
2,113,1785751195146,0.003089931639,0.385130,0,1679,0,8,0,0,0,16,1.000000,19585.991,78.270,174.673,0.789,19324.771,19309.952,14.815,83.522,1.081,0.815,0.340,15.361,0.000,0.000,14750.938,1.808,0.000,4539.432,1,1697,1674,5,1679,4608,1330.67,2003.41,265.53,3289.69,260,1035206656
2,114,1785751213404,0.003088877401,0.385360,0,1548,0,8,0,0,0,16,1.000000,18179.266,79.223,294.821,0.923,17791.487,17775.398,16.071,88.059,1.201,0.782,1.993,12.776,0.000,0.000,13487.526,1.936,0.000,4270.960,1,1566,1674,5,1548,4608,1330.67,2003.41,279.50,3328.27,260,1035206656
2,115,1785751231349,0.003087866711,0.385542,0,1497,0,8,0,0,0,16,1.000000,17864.457,80.640,209.047,0.797,17555.917,17540.519,15.392,97.036,1.301,0.056,0.303,28.607,0.000,0.000,13298.246,1.824,0.000,4209.203,1,1515,1674,5,1497,4608,1330.67,2003.41,278.08,3302.80,260,1035206656
2,116,1785751247943,0.003086904868,0.385675,0,1392,0,8,0,0,0,16,1.000000,16513.671,79.818,206.728,0.809,16222.286,16207.239,15.041,81.579,1.124,0.212,0.933,17.096,0.000,0.000,12213.723,1.802,0.000,3972.507,1,1410,1674,5,1392,4608,1330.67,2003.41,262.02,3322.20,260,1035206656
2,117,1785751264016,0.003085995575,0.385770,0,1321,0,8,0,0,0,16,1.000000,15993.669,79.285,267.548,0.789,15639.862,15624.835,15.018,83.180,1.140,0.820,0.331,14.613,0.000,0.000,11775.285,1.803,0.000,3830.916,1,1339,1674,5,1321,4608,1330.67,2003.41,268.08,3317.44,260,1035206656
2,118,1785751278183,0.003085122453,0.385841,0,1203,0,8,0,0,0,16,1.000000,14087.463,79.119,175.266,0.789,13820.218,13805.348,14.867,88.960,1.113,0.815,0.302,14.610,0.000,0.000,10296.083,3.634,0.000,3488.383,1,1221,1674,5,1203,4608,1330.67,2003.41,274.25,3448.31,260,1035206656
2,119,1785751294748,0.003084276709,0.385890,0,1394,0,8,0,0,0,16,1.000000,16484.891,79.835,187.861,0.954,16206.898,16191.766,15.130,86.981,1.089,0.795,0.314,18.412,0.000,0.000,12148.331,2.016,0.000,4020.022,1,1412,1674,5,1394,4608,1330.67,2003.41,258.56,3337.22,260,1035206656
2,120,1785751313017,0.003083449575,0.385919,0,1622,0,8,0,0,0,16,1.000000,18186.718,81.057,174.946,0.904,17922.058,17907.159,14.895,87.044,1.105,0.379,0.281,12.284,0.000,0.000,13593.304,1.953,0.000,4297.599,1,1640,1674,5,1622,4608,1330.67,2003.41,255.88,3470.92,260,1035206656
2,121,1785751328049,0.003082621247,0.385942,0,1283,0,8,0,0,0,16,1.000000,14953.037,79.560,180.936,0.818,14683.521,14668.341,15.174,84.894,1.079,0.786,1.004,12.942,0.000,0.000,10907.369,1.804,0.000,3743.259,1,1301,1674,5,1283,4608,1330.67,2003.41,267.64,3447.45,260,1035206656
2,122,1785751342873,0.003081748507,0.385957,0,1201,0,8,0,0,0,16,1.000000,14744.128,79.192,270.807,0.886,14385.693,14370.892,14.798,84.956,1.207,0.248,0.330,13.400,0.000,0.000,10754.180,1.953,0.000,3599.244,1,1219,1674,5,1201,4608,1330.67,2003.41,266.38,3468.39,260,1035206656
2,123,1785751355070,0.003080867334,0.385940,0,984,0,8,0,0,0,16,1.000000,12116.840,79.625,197.882,0.788,11818.003,11803.010,14.988,97.703,1.349,0.814,0.300,14.503,0.000,0.000,8690.375,1.803,0.000,3094.121,1,1002,1674,5,984,4608,1330.67,2003.41,255.47,3355.17,260,1035206656
2,124,1785751366181,0.003080043539,0.385891,0,910,0,8,0,0,0,16,1.000000,11033.007,77.998,176.436,0.796,10767.479,10751.912,15.564,86.092,1.074,0.803,0.327,13.267,0.000,0.000,7831.402,1.815,0.000,2902.573,1,928,1674,5,910,4608,1330.67,2003.41,273.72,3636.45,260,1035206656
2,125,1785751377294,0.003079256073,0.385835,0,902,0,8,0,0,0,16,1.000000,11034.164,78.543,176.652,0.792,10771.713,10756.856,14.853,83.527,1.100,0.039,0.341,15.024,0.000,0.000,7819.843,1.795,0.000,2918.120,1,920,1674,5,902,4608,1330.67,2003.41,266.69,3550.56,260,1035206656
2,126,1785751386300,0.003078487888,0.385797,0,682,0,8,0,0,0,16,1.000000,8929.087,77.050,287.582,0.787,8542.795,8526.999,15.784,94.308,1.220,0.284,2.112,14.047,0.000,0.000,6066.665,1.768,0.000,2442.347,1,700,1674,5,682,4608,1330.67,2003.41,271.80,3116.05,261,1035206656
2,127,1785751394763,0.003077754235,0.385766,0,657,0,8,0,0,0,16,1.000000,8382.967,79.240,173.947,0.789,8120.305,8104.837,15.461,86.029,1.110,0.416,0.371,14.464,0.000,0.000,5746.916,2.017,0.000,2339.180,1,675,1674,5,657,4608,1330.67,2003.41,267.64,3434.86,261,1035206656
2,128,1785751402452,0.003077075067,0.385707,0,634,0,8,0,0,0,16,1.000000,7609.764,78.675,175.086,0.794,7350.431,7335.681,14.745,81.990,1.126,0.046,0.290,13.478,0.000,0.000,5131.045,1.800,0.000,2187.192,1,652,1674,5,634,4608,1330.67,2003.41,257.89,3403.25,261,1035206656
2,129,1785751410315,0.003076474395,0.385660,0,682,0,8,0,0,0,16,1.000000,7783.642,79.865,174.799,0.790,7523.749,7508.820,14.925,82.819,1.097,0.057,0.330,12.301,0.000,0.000,5248.490,1.807,0.000,2244.056,1,700,1674,5,682,4608,1330.67,2003.41,257.39,3377.66,261,1035206656
2,130,1785751419204,0.003075954778,0.385621,0,685,0,8,0,0,0,16,1.000000,8810.601,78.246,178.375,0.808,8538.577,8523.578,14.996,90.343,1.171,0.846,0.481,13.408,0.000,0.000,6078.397,1.833,0.000,2426.132,1,703,1674,5,685,4608,1330.67,2003.41,298.33,3064.17,261,1035206656
2,131,1785751430589,0.003075505385,0.385608,0,883,0,8,0,0,0,16,1.000000,11297.951,86.330,177.740,0.795,11025.976,11010.730,15.241,91.593,1.103,0.409,0.335,22.318,0.000,0.000,8054.100,1.807,0.000,2929.998,1,901,1674,5,883,4608,1330.67,2003.41,264.86,3187.80,261,1035206656
2,132,1785751442233,0.003075117834,0.385601,0,900,0,8,0,0,0,16,1.000000,11564.779,78.807,329.888,0.795,11145.182,11129.454,15.716,85.431,1.219,0.225,2.039,15.330,0.000,0.000,8176.178,1.819,0.000,2933.699,1,918,1674,5,900,4608,1330.67,2003.41,276.39,3172.16,261,1035206656
2,133,1785751453473,0.003074776262,0.385602,0,919,0,8,0,0,0,16,1.000000,11163.094,77.306,184.509,0.787,10886.145,10871.438,14.703,89.332,1.196,0.813,0.312,12.365,0.000,0.000,7987.722,1.789,0.000,2867.505,1,937,1674,5,919,4608,1330.67,2003.41,271.41,3246.11,261,1035206656
2,134,1785751465358,0.003074467466,0.385610,0,973,0,8,0,0,0,16,1.000000,11806.991,77.863,174.596,0.874,11542.655,11527.735,14.916,86.654,1.070,0.833,0.308,13.097,0.000,0.000,8466.112,1.809,0.000,3044.607,1,991,1674,5,973,4608,1330.67,2003.41,269.03,3088.00,261,1035206656
2,135,1785751476625,0.003074171831,0.385622,0,866,0,8,0,0,0,16,1.000000,11186.081,79.843,325.565,0.786,10765.607,10750.206,15.382,90.723,1.147,0.287,1.966,11.893,0.000,0.000,7827.193,1.789,0.000,2906.535,1,884,1674,5,866,4608,1330.67,2003.41,309.75,3137.42,261,1035206656
2,136,1785751488027,0.00307389572,0.385635,0,932,0,8,0,0,0,16,1.000000,11322.009,79.739,175.284,0.815,11058.375,11043.272,15.099,85.387,1.089,0.797,0.262,21.774,0.000,0.000,8077.317,1.817,0.000,2940.049,1,950,1674,5,932,4608,1330.67,2003.41,274.20,3150.66,261,1035206656
2,137,1785751499760,0.00307363562,0.385640,0,956,0,8,0,0,0,16,1.000000,11653.494,79.127,175.727,0.785,11389.872,11374.836,15.030,85.647,1.077,0.054,0.331,14.599,0.000,0.000,8319.335,1.808,0.000,3036.880,1,974,1674,5,956,4608,1330.67,2003.41,282.94,2960.75,261,1035206656
2,138,1785751511056,0.003073387805,0.385667,0,880,0,8,0,0,0,16,1.000000,11212.701,82.438,348.216,0.795,10763.652,10747.029,16.367,94.133,1.794,0.265,3.847,20.504,0.000,0.000,7658.988,2.713,0.000,3061.180,1,898,1674,5,880,4608,1330.67,2003.41,300.02,3084.28,280,1035206656
2,139,1785751522141,0.003073154078,0.385662,0,901,0,8,0,0,0,16,1.000000,11004.937,80.503,178.189,0.801,10740.324,10725.391,14.929,83.837,1.071,0.366,0.349,20.394,0.000,0.000,7858.092,2.261,0.000,2842.228,1,919,1674,5,901,4608,1330.67,2003.41,278.22,3113.06,280,1035206656
2,140,1785751534570,0.003072930485,0.385732,1,992,0,8,0,0,0,16,1.000000,12348.930,79.958,203.076,0.789,12057.655,12042.089,15.543,85.001,1.096,0.284,1.028,17.194,0.000,0.000,8919.672,1.805,0.000,3100.304,1,1010,1674,5,992,4608,1330.67,2003.41,270.45,3052.27,280,1035206656
2,141,1785751545515,0.002975760733,0.385496,0,877,0,16,0,0,0,16,1.000000,10863.955,79.936,198.455,0.790,10581.889,10567.174,14.712,81.390,1.080,0.046,0.303,12.510,0.000,0.000,7737.866,1.757,0.000,2812.956,1,895,1674,5,877,4608,1330.67,2003.41,262.28,3140.59,280,1035206656
2,142,1785751568541,0.002979573184,0.386124,0,1992,0,16,0,0,0,16,1.000000,22947.279,78.874,189.918,0.785,22653.916,22636.484,17.427,100.038,1.468,0.832,0.322,13.577,0.000,0.000,17371.273,1.808,0.000,5246.868,1,2010,1674,5,1992,4608,1330.67,2003.41,298.31,3243.16,280,1035206656
2,143,1785751592716,0.002978010074,0.386572,0,2085,0,16,0,0,0,16,1.000000,24095.852,78.509,176.685,0.791,23832.310,23817.267,15.039,83.866,1.105,0.794,0.301,18.084,0.000,0.000,18304.280,1.915,0.000,5490.766,1,2103,1674,5,2085,4608,1330.67,2003.41,278.88,3157.11,280,1035206656
2,144,1785751614810,0.002977142873,0.386918,0,1914,0,16,0,0,0,16,1.000000,22016.065,78.195,176.443,0.939,21751.120,21735.587,15.522,85.204,1.216,0.813,0.330,15.445,0.000,0.000,16673.312,1.787,0.000,5042.136,1,1932,1674,5,1914,4608,1330.67,2003.41,265.41,3291.27,280,1035206656
2,145,1785751637753,0.002976363327,0.387216,0,1958,0,16,0,0,0,16,1.000000,22862.162,79.932,329.859,0.800,22436.036,22419.280,16.745,91.891,1.233,0.274,2.070,14.909,0.000,0.000,17209.323,1.877,0.000,5190.863,1,1976,1674,5,1958,4608,1330.67,2003.41,265.73,3141.03,280,1035206656
2,146,1785751660496,0.002975643555,0.387526,0,1980,0,16,0,0,0,16,1.000000,22663.793,78.459,181.660,0.806,22395.231,22376.961,18.263,83.571,1.122,0.828,0.575,16.120,0.000,0.000,17133.960,1.819,0.000,5222.652,1,1998,1674,5,1980,4608,1330.67,2003.41,261.25,3197.45,280,1035206656
2,147,1785751683274,0.002974939636,0.387819,0,1968,0,16,0,0,0,16,1.000000,22699.417,78.118,186.918,0.972,22431.840,22416.944,14.892,76.855,1.052,0.795,0.985,13.917,0.000,0.000,17190.628,1.786,0.000,5207.624,1,1986,1674,5,1968,4608,1330.67,2003.41,294.69,3138.53,280,1035206656
2,148,1785751709356,0.002974292346,0.388050,0,2249,0,16,0,0,0,16,1.000000,26004.678,77.721,201.680,0.805,25716.755,25701.856,14.893,83.068,1.473,0.410,0.487,23.616,0.000,0.000,19858.954,1.806,0.000,5815.152,1,2267,1674,5,2249,4608,1330.67,2003.41,265.92,3159.56,280,1035206656
2,149,1785751735504,0.002973700876,0.388314,0,2281,0,16,0,0,0,16,1.000000,26067.176,79.824,188.356,0.806,25785.545,25770.693,14.848,90.216,1.093,0.829,0.331,13.024,0.000,0.000,19886.935,1.817,0.000,5866.800,1,2299,1674,5,2281,4608,1330.67,2003.41,266.70,3309.12,280,1035206656
2,150,1785751762015,0.002973139921,0.388596,0,2328,0,16,0,0,0,16,1.000000,26433.957,77.400,213.146,0.799,26118.586,26103.222,15.348,98.829,1.236,0.260,1.100,13.876,0.000,0.000,20214.921,1.794,0.000,5869.592,1,2346,1674,5,2328,4608,1330.67,2003.41,303.58,3359.80,280,1035206656
2,151,1785751789539,0.002972608522,0.388911,0,2363,0,16,0,0,0,16,1.000000,27443.498,79.327,275.966,0.791,27079.726,27064.706,15.010,84.622,1.249,0.829,0.315,21.966,0.000,0.000,20848.928,1.812,0.000,6189.725,1,2381,1674,5,2363,4608,1330.67,2003.41,280.52,3270.64,280,1035206656
2,152,1785751817071,0.002972084248,0.389236,0,2385,0,16,0,0,0,16,1.000000,27452.521,79.105,284.505,0.780,27064.082,27046.522,17.549,96.947,1.351,0.808,4.048,16.248,0.000,0.000,20796.869,1.814,0.000,6228.543,1,2403,1674,5,2385,4608,1330.67,2003.41,288.06,3083.80,280,1035206656
2,153,1785751845286,0.002971543588,0.389581,0,2415,0,16,0,0,0,16,1.000000,28135.246,79.663,203.491,0.803,27847.951,27832.003,15.933,79.129,1.118,0.798,1.956,16.282,0.000,0.000,21502.330,1.792,0.000,6308.630,1,2433,1674,5,2415,4608,1330.67,2003.41,294.17,3233.98,280,1035206656
2,154,1785751872932,0.002970956331,0.389924,0,2437,0,16,0,0,0,16,1.000000,27565.755,79.102,267.772,0.941,27195.916,27180.931,14.980,97.981,2.039,0.822,0.284,15.472,0.000,0.000,20931.520,1.785,0.000,6230.021,1,2455,1674,5,2437,4608,1330.67,2003.41,294.92,3271.69,280,1035206656
2,155,1785751900852,0.00297024196,0.390475,0,2470,0,16,0,0,0,16,1.000000,27840.292,80.005,172.427,1.646,27589.662,27574.730,14.928,74.438,1.032,0.812,0.276,16.976,0.000,0.000,21253.259,1.804,0.000,6300.561,1,2488,1674,5,2470,4608,1330.67,2003.41,269.55,3362.34,280,1035206656
2,156,1785751929697,0.002969162425,0.390539,0,2547,0,16,0,0,0,16,1.000000,28769.261,75.335,243.648,0.824,28439.243,28423.887,15.338,82.051,1.152,0.285,2.057,13.119,0.000,0.000,21909.253,1.769,0.000,6494.394,1,2565,1674,5,2547,4608,1330.67,2003.41,270.69,3151.11,280,1035206656
2,157,1785751959400,0.00296834403,0.391217,0,2672,0,16,0,0,0,16,1.000000,29624.741,77.627,186.627,0.797,29360.779,29346.212,14.565,74.372,1.072,0.836,0.257,14.572,0.000,0.000,22665.491,2.071,0.000,6662.015,1,2690,1674,5,2672,4608,1330.67,2003.41,266.42,3280.20,280,1035206656
2,158,1785751988570,0.002968956677,0.390136,0,2576,0,16,0,0,0,16,1.000000,29092.432,76.782,182.547,0.776,28816.216,28798.999,17.213,90.677,1.112,0.799,0.306,14.503,0.000,0.000,22269.009,1.882,0.000,6510.876,1,2594,1674,5,2576,4608,1330.67,2003.41,259.28,4900.83,280,1035206656
2,159,1785752022244,0.002970106767,0.390925,0,3045,0,16,0,0,0,16,1.000000,33595.956,77.818,172.181,0.785,33340.459,33325.557,14.898,81.004,1.080,0.194,0.252,13.294,0.000,0.000,25839.370,1.807,0.000,7469.056,1,3063,1674,5,3045,4608,1330.67,2003.41,258.67,4879.72,280,1035206656
2,160,1785752055803,0.002972568292,0.389813,0,2976,0,16,0,0,0,16,1.000000,33483.170,75.500,175.799,0.783,33222.156,33207.473,14.680,83.035,1.073,0.043,0.280,12.314,0.000,0.000,25760.698,1.799,0.000,7430.679,1,2994,1674,5,2976,4608,1330.67,2003.41,258.22,4948.33,280,1035206656
2,161,1785752093176,0.002973222418,0.390212,0,3285,0,16,0,0,0,16,1.000000,37292.326,79.676,180.987,0.792,37009.178,36992.957,16.217,99.683,1.067,0.306,0.313,12.092,0.000,0.000,28764.255,1.944,0.000,8211.522,1,3303,1674,5,3285,4608,1330.67,2003.41,267.08,4602.17,280,1035206656
2,162,1785752126775,0.002970528006,0.390511,0,2877,0,16,0,0,0,16,1.000000,33519.934,78.779,296.818,0.788,33129.719,33113.941,15.759,88.345,1.113,0.651,2.499,13.330,0.000,0.000,25622.623,1.803,0.000,7474.070,1,2895,1674,5,2877,4608,1330.67,2003.41,282.36,4360.78,280,1035206656
2,163,1785752164501,0.002967535577,0.390599,0,2856,0,16,0,0,0,16,1.000000,37647.369,78.108,180.497,0.802,37381.921,37367.037,14.881,81.937,1.086,0.805,0.321,16.545,0.000,0.000,29334.098,1.776,0.000,8012.238,1,2874,1674,5,2856,4608,1330.67,2003.41,266.50,4427.75,280,1035223040
2,164,1785752198750,0.002966187905,0.390703,0,2826,0,16,0,0,0,16,1.000000,34169.452,79.269,184.556,0.802,33889.880,33874.516,15.360,91.847,1.223,0.811,0.332,14.886,0.000,0.000,26356.076,1.810,0.000,7499.617,1,2844,1674,5,2826,4608,1331.58,2003.41,259.00,4534.03,280,1035223040
2,165,1785752230492,0.002965813278,0.390751,0,2847,0,16,0,0,0,16,1.000000,31663.636,78.059,174.655,0.804,31400.524,31384.989,15.532,86.281,1.060,0.051,0.260,12.964,0.000,0.000,24263.048,2.203,0.000,7104.738,1,2865,1674,5,2847,4608,1331.58,2003.41,256.59,4539.66,280,1035223040
2,166,1785752262569,0.002965673783,0.390745,0,2865,0,16,0,0,0,16,1.000000,31997.406,79.606,173.498,0.814,31739.224,31724.498,14.722,82.434,1.074,0.041,0.321,13.390,0.000,0.000,24554.184,1.840,0.000,7153.027,1,2883,1674,5,2865,4608,1331.58,2003.41,255.44,4541.17,280,1035223040
2,167,1785752294914,0.002965536648,0.390782,1,2875,0,16,0,0,0,16,1.000000,32265.057,78.974,174.403,0.762,32003.621,31988.692,14.925,84.385,1.490,0.048,0.348,12.822,0.000,0.000,24756.996,1.808,0.000,7214.793,1,2893,1674,5,2875,4608,1331.58,2003.41,255.44,4550.22,280,1035223040
2,168,1785752329556,0.002917767593,0.391286,0,3081,0,32,0,0,0,16,1.000000,34561.179,80.809,172.576,0.798,34304.413,34289.747,14.663,81.207,1.068,0.821,0.296,12.991,0.000,0.000,26635.068,1.823,0.000,7637.701,1,3099,1674,5,3081,4608,1331.58,2003.41,253.84,4378.03,280,1035223040
2,169,1785752367258,0.002918266878,0.391944,0,3404,0,32,0,0,0,16,1.000000,37626.588,78.094,178.725,0.783,37362.611,37347.533,15.074,82.335,1.802,0.036,0.296,13.874,0.000,0.000,29110.576,1.806,0.000,8219.123,1,3422,1674,5,3404,4608,1331.58,2003.41,253.83,4479.97,280,1035239424
2,170,1785752405997,0.002917638893,0.392124,0,3446,0,32,0,0,0,16,1.000000,38664.352,79.637,184.774,0.771,38397.732,38382.347,15.378,78.701,1.067,0.221,1.086,12.564,0.000,0.000,29762.981,1.784,0.000,8602.507,1,3464,1674,5,3446,4608,1331.58,2003.41,254.92,4263.20,280,1035239424
2,171,1785752444869,0.002917068361,0.392585,0,3470,0,32,0,0,0,16,1.000000,38789.143,82.892,191.699,0.789,38507.632,38492.626,14.999,86.716,1.083,0.815,0.409,12.394,0.000,0.000,30006.159,1.787,0.000,8470.056,1,3488,1674,5,3470,4608,1331.58,2003.41,254.77,4405.25,280,1035239424
2,172,1785752483981,0.002916973345,0.392835,0,3509,0,32,0,0,0,16,1.000000,39034.925,77.537,191.684,0.787,38757.633,38741.258,16.370,83.437,1.066,0.037,0.281,12.452,0.000,0.000,30195.714,1.800,0.000,8529.010,1,3527,1674,5,3509,4608,1331.58,2003.41,254.73,4574.42,280,1035239424
2,173,1785752523910,0.002916512707,0.393195,0,3545,0,32,0,0,0,16,1.000000,39849.308,78.661,172.507,0.783,39594.044,39579.274,14.767,80.563,1.086,0.035,0.290,12.903,0.000,0.000,30936.380,1.777,0.000,8626.161,1,3563,1674,5,3545,4608,1331.58,2003.41,254.73,4283.05,280,1035239424
2,174,1785752564132,0.002915956163,0.393611,0,3751,0,32,0,0,0,16,1.000000,40144.125,77.729,171.573,0.784,39891.304,39876.583,14.719,79.105,1.070,0.030,0.258,17.836,0.000,0.000,31119.327,1.950,0.000,8735.322,1,3769,1674,5,3751,4608,1331.58,2003.41,254.73,4455.70,280,1035239424
2,175,1785752606606,0.002915536197,0.393929,0,3821,0,32,0,0,0,16,1.000000,42398.824,75.396,172.097,0.789,42134.660,42119.935,14.722,89.063,1.875,0.044,0.296,14.005,0.000,0.000,32958.126,1.817,0.000,9143.820,1,3839,1674,5,3821,4608,1331.58,2003.41,254.72,4499.06,280,1035239424
2,176,1785752652611,0.002915111269,0.394250,0,3881,0,32,0,0,0,16,1.000000,45926.757,77.231,218.214,0.799,45614.970,45599.998,14.968,90.088,1.136,1.190,0.360,12.243,0.000,0.000,35623.129,1.817,0.000,9960.641,1,3899,1674,5,3881,4608,1331.58,2003.41,269.30,4161.23,280,1035239424
2,177,1785752696716,0.002914861442,0.394427,0,3919,0,32,0,0,0,16,1.000000,44025.882,78.657,179.790,1.102,43757.433,43742.375,15.055,85.201,1.252,0.786,0.316,14.180,0.000,0.000,34234.724,1.774,0.000,9488.863,1,3937,1674,5,3919,4608,1331.58,2003.41,277.12,4132.30,280,1035239424
2,178,1785752741050,0.002914638624,0.394760,0,3927,0,32,0,0,0,16,1.000000,44253.771,80.539,277.340,0.785,43882.635,43863.934,18.683,89.211,1.311,0.475,2.012,13.776,0.000,0.000,34382.200,1.798,0.000,9464.062,1,3945,1674,5,3927,4608,1331.58,2003.41,292.98,4013.94,280,1035239424
2,179,1785752779928,0.002914440123,0.394826,0,3629,0,32,0,0,0,16,1.000000,38793.757,83.642,222.874,0.790,38482.918,38467.981,14.922,84.164,1.110,0.945,0.955,17.152,0.000,0.000,29991.475,1.803,0.000,8455.328,1,3647,1674,5,3629,4608,1331.58,2003.41,274.52,3942.41,280,1035239424
2,180,1785752822025,0.002914267543,0.395316,0,3975,0,32,0,0,0,16,1.000000,42017.370,78.440,176.865,0.965,41752.235,41737.324,14.908,85.077,1.065,0.802,0.361,14.597,0.000,0.000,32691.267,1.820,0.000,9027.483,1,3993,1674,5,3975,4608,1331.58,2003.41,276.66,3668.19,280,1035239424
2,181,1785752862459,0.002914197468,0.395070,1,3606,0,32,0,0,0,16,1.000000,40350.081,83.537,207.404,0.803,40051.305,40036.008,15.290,87.474,1.083,0.799,1.212,22.263,0.000,0.000,31201.095,1.797,0.000,8808.749,1,3624,1674,5,3606,4608,1331.58,2003.41,266.80,4028.56,280,1035239424
3,1,1785753048153,0.008489415098,0.248586,0,3486,0,0,0,0,0,16,1.000000,38954.698,0.000,115.213,0.167,38414.158,38396.526,17.607,420.911,1.824,1.060,1.366,21.881,0.000,0.000,29640.598,1.789,0.000,8727.770,1,3504,1674,5,3486,4608,1285.13,2038.44,277.75,3658.34,309,1035337728
3,2,1785753124297,0.007509302435,0.254150,0,3066,0,0,0,0,0,16,1.000000,76050.216,92.303,119.283,0.199,75599.584,75583.502,16.064,323.812,1.535,0.815,4.988,20.989,0.000,0.000,61043.117,1.809,0.000,14513.860,1,3084,1674,5,3066,4608,1330.33,2038.44,320.36,3430.30,309,1035337728
3,3,1785753184543,0.006585805594,0.256478,0,2662,0,0,0,0,0,16,1.000000,60159.314,86.316,119.285,0.166,59650.219,59634.152,16.042,385.237,1.389,0.818,2.200,20.368,0.000,0.000,47747.035,1.795,0.000,11861.891,1,2680,1674,5,2662,4608,1348.11,2038.44,337.95,3387.55,309,1035337728
3,4,1785753218523,0.006124909169,0.257389,0,1712,0,0,0,0,0,16,1.000000,33892.435,87.357,116.001,0.174,33380.221,33363.823,16.382,391.836,1.418,0.442,2.343,26.109,0.000,0.000,26353.574,2.488,0.000,6974.658,1,1730,1674,5,1712,4608,1348.55,2038.44,338.84,3271.27,309,1035337728
3,5,1785753244344,0.005824356999,0.258190,0,1142,0,0,0,0,0,16,1.000000,25742.133,78.217,115.206,0.167,25355.830,25338.716,17.104,267.853,1.155,0.237,1.685,27.534,0.000,0.000,19963.453,1.798,0.000,5342.325,1,1160,1674,5,1142,4608,1354.08,2038.44,318.67,3938.86,309,1035354112
3,6,1785753272217,0.005622342067,0.258728,0,1088,0,0,0,0,0,16,1.000000,27779.026,93.406,132.413,0.172,27341.771,27322.371,19.385,301.170,1.318,0.255,1.926,17.702,0.000,0.000,21489.137,1.797,0.000,5807.336,1,1106,1674,5,1088,4608,1354.16,2038.44,344.50,3907.16,309,1035354112
3,7,1785753305208,0.005489891034,0.258956,0,1073,0,0,0,0,0,16,1.000000,32886.859,103.951,128.044,0.164,32519.483,32501.868,17.600,229.810,1.099,1.152,7.106,18.388,0.000,0.000,26000.918,1.802,0.000,6477.835,1,1091,1674,5,1073,4608,1354.16,2038.44,319.19,3437.44,309,1035354112
3,8,1785753326725,0.005390622164,0.259055,0,1042,0,0,0,0,0,16,1.000000,21415.318,101.955,522.059,0.171,19939.971,19897.668,42.283,932.830,2.565,1.899,15.823,17.878,0.000,0.000,15160.619,1.795,0.000,4700.522,1,1060,1674,5,1042,4608,1354.75,2038.44,535.95,2550.48,323,1035370496
3,9,1785753347963,0.005306419926,0.259134,0,1026,0,0,0,0,0,16,1.000000,21059.195,178.331,152.925,0.272,20577.301,20560.808,16.466,325.067,1.442,0.247,1.942,78.555,0.000,0.000,15656.869,1.799,0.000,4813.421,1,1044,1674,5,1026,4608,1355.20,2038.44,345.52,3787.33,329,1035370496
3,10,1785753366079,0.005230302831,0.259277,0,1029,0,0,0,0,0,16,1.000000,18027.946,86.818,122.015,0.165,17763.526,17748.543,14.976,140.826,1.107,0.041,0.266,24.466,0.000,0.000,13579.421,1.815,0.000,4140.308,1,1047,1674,5,1029,4608,1355.66,2038.44,306.25,7114.67,329,1035370496
3,11,1785753389872,0.005165856997,0.259408,0,1049,0,0,0,0,0,16,1.000000,23713.779,79.368,145.354,0.163,23379.123,23364.028,15.091,187.274,1.394,0.033,0.438,14.070,0.000,0.000,18327.273,2.024,0.000,5018.411,1,1067,1674,5,1049,4608,1355.66,2038.44,292.42,6556.56,329,1035370496
3,12,1785753415911,0.005115651849,0.259527,0,927,0,0,0,0,0,16,1.000000,25957.001,81.372,174.779,0.167,25618.840,25604.044,14.793,161.833,1.063,0.046,0.272,12.967,0.000,0.000,20170.936,1.794,0.000,5416.070,1,945,1674,5,927,4608,1355.66,2038.44,290.70,6608.77,329,1035370496
3,13,1785753438437,0.005076242545,0.259652,0,895,0,0,0,0,0,16,1.000000,22342.289,195.672,202.608,0.164,21985.291,21970.371,14.916,152.425,1.480,0.044,0.276,19.993,0.000,0.000,17067.543,1.801,0.000,4878.936,1,913,1674,5,895,4608,1355.66,2038.44,290.61,6330.92,329,1035370496
3,14,1785753458116,0.005047174583,0.259742,0,904,0,0,0,0,0,16,1.000000,19621.944,76.319,120.728,0.163,19359.707,19344.601,15.102,139.864,1.071,0.038,0.373,12.003,0.000,0.000,14953.827,1.799,0.000,4374.735,1,922,1674,5,904,4608,1355.74,2038.44,290.22,6232.08,329,1035370496
3,15,1785753478558,0.005026522346,0.259798,0,887,0,0,0,0,0,16,1.000000,20371.351,76.212,117.381,0.167,19954.148,19937.370,16.757,295.012,1.307,0.800,2.537,14.490,0.000,0.000,15518.985,1.801,0.000,4398.644,1,905,1674,5,887,4608,1355.74,2038.44,346.06,6561.59,329,1035370496
3,16,1785753498158,0.005010216985,0.259831,0,875,0,0,0,0,0,16,1.000000,19521.664,79.529,115.799,0.163,19267.202,19252.474,14.726,137.061,1.067,0.044,0.328,19.954,0.000,0.000,14913.518,1.793,0.000,4315.023,1,893,1674,5,875,4608,1355.75,2038.44,305.72,6393.17,329,1035370496
3,17,1785753515866,0.004996358171,0.259855,0,888,0,0,0,0,0,16,1.000000,17634.782,74.029,113.726,0.164,17373.666,17358.576,15.087,145.752,1.091,0.061,0.322,14.787,0.000,0.000,13182.712,1.801,0.000,4157.007,1,906,1674,5,888,4608,1357.33,2038.44,295.81,6831.08,329,1035370496
3,18,1785753532200,0.004984584724,0.259877,0,890,0,0,0,0,0,16,1.000000,16255.954,77.747,116.189,0.163,15962.267,15947.536,14.729,175.418,1.603,0.035,0.279,13.216,0.000,0.000,12042.320,1.792,0.000,3888.088,1,908,1674,5,890,4608,1357.36,2038.44,294.77,6475.42,329,1035370496
3,19,1785753545692,0.004974047678,0.259899,0,896,0,0,0,0,0,16,1.000000,13416.914,75.430,113.877,0.164,13164.438,13149.640,14.796,136.874,1.082,0.045,0.433,11.814,0.000,0.000,9830.044,1.821,0.000,3303.952,1,914,1674,5,896,4608,1357.36,2038.44,292.64,6464.59,329,1035370496
3,20,1785753561439,0.004965059212,0.259914,0,1006,0,0,0,0,0,16,1.000000,15669.976,76.792,113.656,0.163,15415.671,15400.777,14.892,139.028,1.083,0.036,0.339,12.269,0.000,0.000,11780.588,1.796,0.000,3603.950,1,1024,1674,5,1006,4608,1357.36,2038.44,292.12,6535.62,329,1035386880
3,21,1785753572939,0.004957560369,0.259928,0,766,0,0,0,0,0,16,1.000000,11423.732,76.281,118.927,0.164,11161.969,11147.125,14.841,141.055,1.166,0.042,0.410,11.429,0.000,0.000,8299.586,1.793,0.000,2832.159,1,784,1674,5,766,4608,1357.36,2038.44,292.06,6127.77,329,1035386880
3,22,1785753586569,0.004950928815,0.259939,0,947,0,0,0,0,0,16,1.000000,13552.966,77.407,114.761,0.171,13303.234,13288.493,14.739,133.402,1.078,0.043,0.277,12.829,0.000,0.000,9955.962,1.806,0.000,3315.577,1,965,1674,5,947,4608,1357.36,2038.44,291.61,6171.52,329,1035386880
3,23,1785753598436,0.004945514659,0.259944,0,898,0,0,0,0,0,16,1.000000,11789.497,77.626,115.401,0.170,11528.593,11513.667,14.922,143.787,1.139,0.045,0.362,12.827,0.000,0.000,8540.469,1.811,0.000,2956.288,1,916,1674,5,898,4608,1357.36,2038.44,291.53,6291.98,329,1035386880
3,24,1785753609287,0.004940741728,0.259948,0,876,0,0,0,0,0,16,1.000000,10773.493,76.855,114.170,0.167,10523.743,10509.011,14.730,134.028,1.047,0.040,0.299,12.984,0.000,0.000,7613.820,1.806,0.000,2878.080,1,894,1674,5,876,4608,1357.36,2038.44,291.50,6255.28,329,1035386880
3,25,1785753620164,0.00493635874,0.259952,0,899,0,0,0,0,0,16,1.000000,10802.158,75.361,114.804,0.166,10544.720,10529.904,14.814,141.023,1.101,0.045,0.300,11.828,0.000,0.000,7652.051,1.800,0.000,2862.124,1,917,1674,5,899,4608,1357.36,2038.44,291.48,6209.72,329,1035386880
3,26,1785753630705,0.004932366628,0.259957,0,854,0,0,0,0,0,16,1.000000,10461.878,78.733,115.121,0.163,10205.631,10190.711,14.917,139.520,1.076,0.066,0.301,12.415,0.000,0.000,7393.126,1.818,0.000,2781.186,1,872,1674,5,854,4608,1357.36,2038.44,291.48,6042.33,329,1035386880
3,27,1785753641799,0.004928679323,0.259962,0,932,0,0,0,0,0,16,1.000000,11021.767,72.277,115.118,0.163,10766.394,10751.695,14.696,138.648,1.103,0.061,0.281,12.656,0.000,0.000,7828.898,1.857,0.000,2906.107,1,950,1674,5,932,4608,1357.36,2038.44,291.48,6090.34,329,1035386880
3,28,1785753652516,0.004925396377,0.259969,0,914,0,0,0,0,0,16,1.000000,10644.925,72.112,114.453,0.158,10394.122,10379.396,14.724,134.730,1.062,0.050,0.350,12.397,0.000,0.000,7522.762,1.806,0.000,2840.325,1,932,1674,5,914,4608,1357.36,2038.44,291.48,6010.50,329,1035386880
3,29,1785753662836,0.004922772793,0.259971,0,866,0,0,0,0,0,16,1.000000,10250.393,70.211,113.616,0.158,9993.522,9978.313,15.205,141.637,1.111,0.051,0.296,11.560,0.000,0.000,7236.688,1.819,0.000,2726.219,1,884,1674,5,866,4608,1357.36,2038.44,291.02,6012.36,329,1035386880
3,30,1785753674491,0.004920568908,0.259973,0,1019,0,0,0,0,0,16,1.000000,11583.031,71.694,114.953,0.167,11325.873,11310.963,14.905,140.442,1.087,0.048,0.461,12.531,0.000,0.000,8270.997,1.776,0.000,3023.378,1,1037,1674,5,1019,4608,1357.36,2038.44,291.02,6222.75,329,1035386880
3,31,1785753686044,0.004918551534,0.259974,0,963,0,0,0,0,0,16,1.000000,11480.091,72.941,114.982,0.163,11232.594,11217.989,14.603,130.962,1.063,0.042,0.284,12.726,0.000,0.000,8227.949,1.828,0.000,2973.228,1,981,1674,5,963,4608,1357.36,2038.44,291.02,6504.20,329,1035386880
3,32,1785753696556,0.004916591603,0.259975,0,862,0,0,0,0,0,16,1.000000,10441.346,70.395,113.389,0.183,10185.574,10170.688,14.883,140.789,1.063,0.049,0.299,11.908,0.000,0.000,7360.549,1.817,0.000,2794.214,1,880,1674,5,862,4608,1357.36,2038.44,291.02,6280.61,329,1035386880
3,33,1785753707640,0.004914651131,0.259976,0,913,0,0,0,0,0,16,1.000000,11013.898,69.996,114.233,0.164,10756.326,10741.350,14.972,140.752,1.145,0.345,0.932,11.243,0.000,0.000,7771.072,1.816,0.000,2955.225,1,931,1674,5,913,4608,1357.36,2038.44,291.02,5984.00,329,1035386880
3,34,1785753719072,0.004912788892,0.259978,0,970,0,0,0,0,0,16,1.000000,11360.413,71.921,115.331,0.164,11101.287,11086.229,15.055,142.239,1.066,0.043,0.282,12.156,0.000,0.000,8076.790,1.772,0.000,2993.353,1,988,1674,5,970,4608,1357.36,2038.44,290.98,6129.42,329,1035386880
3,35,1785753729568,0.004911073257,0.259981,0,886,0,0,0,0,0,16,1.000000,10425.186,70.810,114.413,0.181,10171.923,10157.160,14.761,137.267,1.071,0.052,0.279,12.487,0.000,0.000,7357.816,2.036,0.000,2782.654,1,904,1674,5,886,4608,1357.36,2038.44,290.98,5818.19,329,1035386880
3,36,1785753740319,0.004909588082,0.259982,0,921,0,0,0,0,0,16,1.000000,10678.676,71.778,115.479,0.173,10420.275,10405.430,14.840,141.148,1.215,0.052,0.335,11.901,0.000,0.000,7522.642,1.819,0.000,2866.877,1,939,1674,5,921,4608,1357.36,2038.44,290.98,5781.78,329,1035386880
3,37,1785753751528,0.004908258258,0.259983,0,902,0,0,0,0,0,16,1.000000,11137.170,72.109,115.191,0.177,10878.592,10863.770,14.820,141.624,1.082,0.236,0.268,12.855,0.000,0.000,7931.834,2.040,0.000,2914.788,1,920,1674,5,902,4608,1357.36,2038.44,290.98,5494.45,329,1035386880
3,38,1785753762044,0.004906998518,0.259982,0,885,0,0,0,0,0,16,1.000000,10443.756,72.663,115.367,0.168,10186.357,10171.604,14.749,140.401,1.097,0.056,0.311,12.553,0.000,0.000,7355.404,1.878,0.000,2799.641,1,903,1674,5,885,4608,1357.36,2038.44,290.98,5644.67,329,1035386880
3,39,1785753772906,0.004905747449,0.259983,0,938,0,0,0,0,0,16,1.000000,10788.767,72.687,115.209,0.164,10529.249,10513.793,15.452,142.745,1.072,0.038,0.291,12.617,0.000,0.000,7602.855,1.807,0.000,2894.339,1,956,1674,5,938,4608,1357.36,2038.44,290.98,5549.78,329,1035386880
3,40,1785753783537,0.004904492477,0.259983,0,892,0,0,0,0,0,16,1.000000,10558.380,72.620,114.167,0.168,10306.484,10291.787,14.694,135.397,1.083,0.800,0.281,12.369,0.000,0.000,7431.273,1.806,0.000,2844.213,1,910,1674,5,892,4608,1357.36,2038.44,290.98,5532.61,329,1035386880
3,41,1785753795038,0.00490323531,0.259982,0,833,0,0,0,0,0,16,1.000000,11429.831,71.604,114.221,0.165,11178.569,11163.939,14.627,135.471,1.095,0.049,0.261,12.216,0.000,0.000,8218.779,1.795,0.000,2929.086,1,851,1674,5,833,4608,1357.36,2038.44,290.97,5577.97,329,1035386880
3,42,1785753806870,0.004901969688,0.259983,0,874,0,0,0,0,0,16,1.000000,11760.813,71.210,114.513,0.161,11503.482,11488.402,15.076,141.210,1.090,0.036,0.321,11.288,0.000,0.000,8449.220,1.832,0.000,3024.022,1,892,1674,5,874,4608,1357.36,2038.44,290.97,5598.36,329,1035386880
3,43,1785753820060,0.004900677131,0.259984,0,876,0,0,0,0,0,16,1.000000,13113.670,75.948,115.237,0.178,12857.865,12843.229,14.634,138.943,1.089,0.042,0.315,12.192,0.000,0.000,9596.189,1.801,0.000,3230.887,1,894,1674,5,876,4608,1357.36,2038.44,290.97,5490.94,329,1035386880
3,44,1785753831962,0.00489942518,0.259986,0,867,0,0,0,0,0,16,1.000000,11828.565,73.101,115.946,0.167,11561.675,11546.385,15.286,148.442,1.125,0.793,0.417,13.252,0.000,0.000,8482.878,1.810,0.000,3046.232,1,885,1674,5,867,4608,1357.36,2038.44,290.97,5417.30,329,1035386880
3,45,1785753843614,0.00489831225,0.259987,0,862,0,0,0,0,0,16,1.000000,11579.298,73.109,114.721,0.170,11328.212,11313.416,14.794,134.830,1.068,0.033,0.264,12.863,0.000,0.000,8332.879,1.818,0.000,2963.691,1,880,1674,5,862,4608,1357.36,2038.44,290.97,5519.38,329,1035386880
3,46,1785753855912,0.004897330714,0.259989,0,883,0,0,0,0,0,16,1.000000,12225.820,72.097,113.548,0.164,11976.554,11961.845,14.707,133.854,1.047,0.387,0.267,11.885,0.000,0.000,8817.344,1.795,0.000,3128.809,1,901,1674,5,883,4608,1357.36,2038.44,290.97,5304.06,329,1035386880
3,47,1785753868216,0.004896484963,0.259990,0,892,0,0,0,0,0,16,1.000000,12231.726,72.362,113.348,0.165,11970.479,11949.876,20.596,145.838,1.070,0.208,0.618,11.563,0.000,0.000,8839.866,1.807,0.000,3094.173,1,910,1674,5,892,4608,1357.36,2038.44,290.97,5441.03,329,1035386880
3,48,1785753881093,0.004895742378,0.259991,0,860,0,0,0,0,0,16,1.000000,12808.383,68.056,112.435,0.160,12505.698,12490.483,15.209,187.426,1.073,0.764,0.826,10.590,0.000,0.000,9222.939,1.798,0.000,3252.673,1,878,1674,5,860,4608,1357.36,2038.44,292.50,5159.33,329,1035386880
3,49,1785753892284,0.004895068243,0.259991,0,880,0,0,0,0,0,16,1.000000,11118.195,73.043,114.511,0.175,10859.425,10844.613,14.809,142.310,1.131,0.356,0.287,15.330,0.000,0.000,7890.441,1.973,0.000,2934.795,1,898,1674,5,880,4608,1357.36,2038.44,292.50,5355.50,329,1035403264
3,50,1785753903150,0.004894443667,0.259992,0,875,0,0,0,0,0,16,1.000000,10793.677,72.205,114.973,0.168,10517.601,10502.568,15.027,158.501,1.415,0.764,0.255,13.031,0.000,0.000,7621.822,1.807,0.000,2863.713,1,893,1674,5,875,4608,1357.36,2038.44,303.28,4989.75,329,1035403264
3,51,1785753913484,0.00489386186,0.259992,0,875,0,0,0,0,0,16,1.000000,10262.103,71.869,115.206,0.164,10007.600,9993.000,14.598,137.712,1.119,0.041,0.261,12.725,0.000,0.000,7230.410,2.068,0.000,2745.737,1,893,1674,5,875,4608,1357.36,2038.44,302.14,5036.61,329,1035403264
3,52,1785753923895,0.004893303742,0.259992,0,856,0,0,0,0,0,16,1.000000,10339.041,72.003,114.577,0.161,10082.725,10067.809,14.913,140.011,1.110,0.137,0.320,12.639,0.000,0.000,7280.754,1.803,0.000,2770.453,1,874,1674,5,856,4608,1357.36,2038.44,302.25,4937.72,329,1035403264
3,53,1785753934229,0.004892769725,0.259992,0,842,0,0,0,0,0,16,1.000000,10261.787,72.049,115.061,0.171,10002.298,9987.488,14.805,142.844,1.072,0.053,0.289,12.318,0.000,0.000,7213.956,1.802,0.000,2757.266,1,860,1674,5,842,4608,1357.36,2038.44,302.25,5015.31,329,1035403264
3,54,1785753944347,0.004892245096,0.259992,0,855,0,0,0,0,0,16,1.000000,10045.455,72.571,113.768,0.169,9799.347,9784.757,14.588,130.786,1.085,0.035,0.264,14.339,0.000,0.000,7060.387,1.806,0.000,2706.012,1,873,1674,5,855,4608,1357.36,2038.44,292.69,4991.06,329,1035403264
3,55,1785753954530,0.004891740431,0.259992,0,878,0,0,0,0,0,16,1.000000,10115.021,67.669,113.572,0.156,9857.923,9843.143,14.778,141.913,1.085,0.037,0.334,11.105,0.000,0.000,7099.615,1.753,0.000,2728.746,1,896,1674,5,878,4608,1357.36,2038.44,292.69,5080.91,329,1035403264
3,56,1785753965093,0.004891229368,0.259992,0,879,0,0,0,0,0,16,1.000000,10490.540,72.150,114.174,0.159,10241.549,10226.683,14.865,133.277,1.069,0.050,0.261,12.239,0.000,0.000,7413.117,1.800,0.000,2797.409,1,897,1674,5,879,4608,1357.36,2038.44,292.69,5229.72,329,1035403264
3,57,1785753975703,0.00489070071,0.259992,0,882,0,0,0,0,0,16,1.000000,10539.332,71.324,114.804,0.346,10275.582,10259.818,15.760,147.181,1.113,0.035,0.272,12.253,0.000,0.000,7438.008,1.778,0.000,2805.647,1,900,1674,5,882,4608,1357.36,2038.44,292.67,5175.92,329,1035403264
3,58,1785753986316,0.004890154986,0.259993,0,890,0,0,0,0,0,16,1.000000,10535.652,77.134,115.573,0.162,10278.093,10263.391,14.700,140.426,1.076,0.038,0.284,12.447,0.000,0.000,7461.372,1.803,0.000,2785.594,1,908,1674,5,890,4608,1357.36,2038.44,292.67,5294.95,329,1035403264
3,59,1785753996944,0.00488966392,0.259994,0,885,0,0,0,0,0,16,1.000000,10550.060,78.102,127.212,0.167,10264.602,10249.904,14.696,156.517,1.203,0.041,0.317,13.095,0.000,0.000,7449.246,1.864,0.000,2783.441,1,903,1674,5,885,4608,1357.36,2038.44,292.67,5285.55,329,1035403264
3,60,1785754007481,0.004889243375,0.259995,0,884,0,0,0,0,0,16,1.000000,10458.639,78.163,115.405,0.172,10205.804,10191.101,14.701,135.817,1.062,0.036,0.341,11.993,0.000,0.000,7399.873,1.796,0.000,2775.315,1,902,1674,5,884,4608,1357.36,2038.44,292.67,5154.73,329,1035403264
3,61,1785754018047,0.004888880212,0.259995,0,883,0,0,0,0,0,16,1.000000,10490.919,74.875,115.466,0.166,10234.012,10218.843,15.165,139.862,1.084,0.037,0.291,13.055,0.000,0.000,7396.345,1.798,0.000,2805.420,1,901,1674,5,883,4608,1357.36,2038.44,292.67,5589.52,329,1035403264
3,62,1785754028549,0.004888567641,0.259996,1,892,0,0,0,0,0,16,1.000000,10420.414,81.998,115.336,0.168,10161.805,10146.978,14.824,141.726,1.071,0.040,0.267,12.692,0.000,0.000,7332.735,1.802,0.000,2797.358,1,910,1674,5,892,4608,1357.36,2038.44,292.67,5297.23,329,1035403264
3,63,1785754076813,0.005973892095,0.257378,0,2074,0,1,0,0,0,16,1.000000,23034.660,0.000,170.464,0.735,22777.660,22762.959,14.696,83.038,1.080,0.779,0.904,11.771,0.000,0.000,17362.326,1.782,0.000,5384.204,1,2092,1674,5,2074,4608,2322.69,2054.48,273.41,5116.70,330,1035419648
3,64,1785754089465,0.005607727096,0.259248,0,1094,0,1,0,0,0,16,1.000000,12566.826,85.529,172.447,0.698,12307.644,12292.710,14.931,83.917,1.061,0.755,0.304,12.417,0.000,0.000,9037.560,1.819,0.000,3238.557,1,1112,1674,5,1094,4608,2326.72,2056.22,288.84,4860.28,330,1035419648
3,65,1785754107408,0.005349275261,0.259885,0,1599,0,1,0,0,0,16,1.000000,17857.208,85.469,178.016,0.717,17594.449,17579.691,14.752,82.278,1.115,0.356,0.278,12.122,0.000,0.000,13271.722,1.796,0.000,4291.245,1,1617,1674,5,1599,4608,2327.02,2056.22,298.70,4888.98,330,1035419648
3,66,1785754125996,0.00520254235,0.260153,0,1658,0,1,0,0,0,16,1.000000,18501.760,86.408,197.484,0.900,18222.582,18208.006,14.573,78.619,1.100,0.789,0.288,13.946,0.000,0.000,13764.521,1.858,0.000,4425.525,1,1676,1674,5,1658,4608,2327.02,2056.22,298.66,4913.41,330,1035452416
3,67,1785754142931,0.005105083499,0.260324,0,1501,0,1,0,0,0,16,1.000000,16858.848,76.033,181.378,0.737,16588.389,16573.262,15.119,86.020,1.095,0.796,0.433,11.319,0.000,0.000,12490.033,1.782,0.000,4067.752,1,1519,1674,5,1501,4608,2327.36,2056.22,299.09,4618.84,330,1035452416
3,68,1785754157601,0.005035083569,0.260456,0,1268,0,1,0,0,0,16,1.000000,14592.344,77.639,167.738,0.743,14348.193,14334.085,14.106,74.277,1.094,0.040,0.259,14.408,0.000,0.000,10682.794,1.820,0.000,3632.826,1,1286,1674,5,1268,4608,2327.36,2056.22,298.66,4889.09,330,1035452416
3,69,1785754171719,0.004983738124,0.260582,0,1186,0,1,0,0,0,16,1.000000,14042.988,74.133,176.109,0.735,13777.185,13761.706,15.474,86.698,1.130,0.786,0.346,12.060,0.000,0.000,10213.718,1.741,0.000,3532.099,1,1204,1674,5,1186,4608,2327.88,2056.22,319.83,4721.39,330,1035452416
3,70,1785754186456,0.004945686047,0.260679,0,1292,0,1,0,0,0,16,1.000000,14660.668,76.386,172.711,0.838,14401.311,14386.495,14.814,84.040,1.077,0.360,0.331,14.244,0.000,0.000,10719.868,2.033,0.000,3647.662,1,1310,1674,5,1292,4608,1969.85,2056.22,297.98,5256.77,330,1035452416
3,71,1785754202302,0.004916778102,0.260772,0,1386,0,1,0,0,0,16,1.000000,15768.851,77.256,172.868,0.725,15506.778,15491.733,15.042,86.255,1.077,0.801,0.347,13.627,0.000,0.000,11590.183,1.807,0.000,3883.934,1,1404,1674,5,1386,4608,1591.99,2056.22,289.30,4922.44,330,1035452416
3,72,1785754216296,0.004895080073,0.260838,0,1204,0,1,0,0,0,16,1.000000,13916.721,76.886,171.632,0.706,13656.566,13641.406,15.156,86.312,1.110,0.051,0.344,11.736,0.000,0.000,10155.373,1.796,0.000,3470.498,1,1222,1674,5,1204,4608,1329.49,2056.22,289.09,5165.25,330,1035452416
3,73,1785754229412,0.004878613958,0.260896,0,1081,0,1,0,0,0,16,1.000000,13039.783,76.767,171.475,0.755,12783.199,12768.413,14.783,82.782,1.164,0.040,0.366,13.480,0.000,0.000,9427.266,1.782,0.000,3323.511,1,1099,1674,5,1081,4608,1336.58,2056.22,289.06,5039.92,330,1035468800
3,74,1785754243004,0.004865887919,0.260954,0,1163,0,1,0,0,0,16,1.000000,13515.247,75.979,174.973,0.762,13251.621,13236.983,14.636,85.712,1.079,0.813,0.287,13.289,0.000,0.000,9827.511,1.849,0.000,3392.134,1,1181,1674,5,1163,4608,1336.58,2056.22,289.05,5082.94,330,1035468800
3,75,1785754253449,0.004856324698,0.260998,0,873,0,1,0,0,0,16,1.000000,10366.988,78.432,171.436,0.755,10112.991,10098.133,14.855,80.235,1.153,0.043,0.374,11.595,0.000,0.000,7319.889,1.821,0.000,2762.804,1,891,1674,5,873,4608,1336.58,2056.22,289.03,5073.61,330,1035468800
3,76,1785754263839,0.004849325194,0.261033,0,875,0,1,0,0,0,16,1.000000,10313.944,75.746,172.710,0.764,10057.922,10043.074,14.846,81.132,1.055,0.041,0.320,12.179,0.000,0.000,7287.973,1.811,0.000,2738.936,1,893,1674,5,875,4608,1336.58,2056.22,289.03,5161.42,330,1035468800
3,77,1785754273814,0.004844273369,0.261060,0,821,0,1,0,0,0,16,1.000000,9897.376,77.395,173.091,0.717,9638.501,9623.763,14.734,83.521,1.095,0.037,0.415,12.656,0.000,0.000,6941.496,1.791,0.000,2665.628,1,839,1674,5,821,4608,1336.60,2056.22,289.02,5309.23,330,1035468800
3,78,1785754284216,0.004840695071,0.261079,0,884,0,1,0,0,0,16,1.000000,10324.876,77.348,172.574,0.724,10065.443,10050.409,15.030,84.518,1.069,0.045,0.502,12.662,0.000,0.000,7243.968,1.766,0.000,2789.907,1,902,1674,5,884,4608,1336.94,2056.22,289.02,5215.36,330,1035468800
3,79,1785754294793,0.004838151776,0.261092,0,884,0,1,0,0,0,16,1.000000,10499.844,76.822,172.427,0.742,10240.458,10225.707,14.749,84.626,1.154,0.049,0.388,11.957,0.000,0.000,7412.658,1.826,0.000,2797.099,1,902,1674,5,884,4608,1336.94,2056.22,288.98,5187.75,330,1035468800
3,80,1785754304722,0.004836286442,0.261100,0,819,0,1,0,0,0,16,1.000000,9852.130,76.884,172.319,0.743,9592.709,9577.655,15.051,84.830,1.114,0.035,0.380,11.929,0.000,0.000,6916.542,1.797,0.000,2645.322,1,837,1674,5,819,4608,1336.95,2056.22,288.97,5361.25,330,1035468800
3,81,1785754314392,0.004834874055,0.261105,0,801,0,1,0,0,0,16,1.000000,9593.556,77.212,172.370,0.759,9333.708,9318.984,14.722,85.183,1.087,0.044,0.406,12.448,0.000,0.000,6649.976,1.804,0.000,2652.630,1,819,1674,5,801,4608,1336.95,2056.22,288.97,5386.88,330,1035468800
3,82,1785754324744,0.004833702866,0.261110,0,856,0,1,0,0,0,16,1.000000,10274.655,76.580,171.668,0.736,10017.234,10002.345,14.884,83.381,1.125,0.038,0.473,12.817,0.000,0.000,7242.985,1.814,0.000,2742.393,1,874,1674,5,856,4608,1337.38,2056.22,288.97,5217.66,330,1035468800
3,83,1785754334441,0.004832751207,0.261113,0,789,0,1,0,0,0,16,1.000000,9620.473,77.200,172.125,0.754,9363.103,9348.208,14.892,82.853,1.103,0.044,0.490,12.178,0.000,0.000,6698.686,1.793,0.000,2633.305,1,807,1674,5,789,4608,1337.38,2056.22,288.95,5315.81,330,1035468800
3,84,1785754344793,0.004831926505,0.261116,0,866,0,1,0,0,0,16,1.000000,10275.239,76.280,172.140,0.741,10015.963,10001.036,14.923,84.907,1.067,0.044,0.377,12.646,0.000,0.000,7223.530,1.817,0.000,2760.806,1,884,1674,5,866,4608,1337.38,2056.22,288.95,5182.19,330,1035468800
3,85,1785754354725,0.004831240984,0.261118,0,804,0,1,0,0,0,16,1.000000,9855.041,77.711,173.090,0.743,9596.182,9581.103,15.074,83.457,1.084,0.039,0.445,13.422,0.000,0.000,6891.289,1.825,0.000,2672.242,1,822,1674,5,804,4608,1337.38,2056.22,288.95,5198.88,330,1035468800
3,86,1785754363725,0.004830710562,0.261120,0,742,0,1,0,0,0,16,1.000000,8921.971,77.218,172.095,0.735,8662.322,8647.546,14.774,85.293,1.101,0.047,0.379,12.549,0.000,0.000,6160.115,1.805,0.000,2470.834,1,760,1674,5,742,4608,1337.38,2056.22,288.91,5286.69,330,1035468800
3,87,1785754372703,0.00483028314,0.261121,0,745,0,1,0,0,0,16,1.000000,8901.712,76.744,171.994,0.747,8644.370,8629.481,14.888,82.974,1.102,0.040,0.485,12.532,0.000,0.000,6123.492,1.798,0.000,2489.370,1,763,1674,5,745,4608,1337.38,2056.22,288.89,5320.41,330,1035468800
3,88,1785754381645,0.004829935133,0.261122,0,711,0,1,0,0,0,16,1.000000,8865.325,76.748,172.302,0.727,8606.429,8591.627,14.799,84.420,1.100,0.036,0.311,12.604,0.000,0.000,6104.018,1.806,0.000,2471.011,1,729,1674,5,711,4608,1337.38,2056.22,288.89,4888.28,330,1035468800
3,89,1785754390653,0.004829655298,0.261123,0,725,0,1,0,0,0,16,1.000000,8930.664,76.899,172.035,0.731,8671.602,8656.650,14.948,83.968,1.257,0.766,0.306,12.422,0.000,0.000,6110.081,1.797,0.000,2530.264,1,743,1674,5,725,4608,1337.38,2056.22,288.89,5084.56,330,1035468800
3,90,1785754399998,0.004829417988,0.261123,0,722,0,1,0,0,0,16,1.000000,9268.730,76.867,172.349,0.747,9014.572,8999.513,15.056,79.482,1.060,0.034,0.486,12.247,0.000,0.000,6463.470,1.885,0.000,2519.732,1,740,1674,5,722,4608,1337.38,2056.22,288.89,5114.06,330,1035468800
3,91,1785754412170,0.004829211151,0.261123,0,1017,0,1,0,0,0,16,1.000000,12096.351,75.401,171.531,0.719,11838.603,11823.533,15.065,83.961,1.151,0.033,0.352,11.899,0.000,0.000,8650.511,2.603,0.000,3156.342,1,1035,1674,5,1017,4608,1337.38,2056.22,288.88,4987.78,330,1035468800
3,92,1785754424582,0.004829031882,0.261123,1,1023,0,1,0,0,0,16,1.000000,12335.373,76.615,172.627,0.727,12074.226,12059.142,15.081,85.493,1.106,0.786,0.408,12.149,0.000,0.000,8866.222,1.880,0.000,3176.720,1,1041,1674,5,1023,4608,1349.42,2056.22,290.70,4968.56,330,1035468800
3,93,1785754436956,0.004739227028,0.263504,0,1023,0,2,0,0,0,16,1.000000,12297.379,76.130,171.909,0.720,12040.633,12025.992,14.638,81.922,1.124,0.135,0.936,13.013,0.000,0.000,8820.708,1.806,0.000,3188.165,1,1041,1674,5,1023,4608,1349.42,2056.22,289.94,4915.41,330,1035468800
3,94,1785754458334,0.004710039254,0.263643,0,1864,0,2,0,0,0,16,1.000000,21302.152,76.309,243.662,0.735,20961.347,20946.248,15.091,94.764,1.072,0.202,0.372,13.661,0.000,0.000,15800.116,1.802,0.000,5127.741,1,1882,1674,5,1864,4608,1354.69,2056.22,303.88,4839.41,330,1035468800
3,95,1785754485132,0.004707212367,0.263657,0,2062,0,2,0,0,0,16,1.000000,26720.762,76.657,184.489,0.720,26441.800,26426.312,15.482,91.475,1.095,0.786,0.396,13.790,0.000,0.000,20441.513,1.797,0.000,5967.120,1,2080,1674,5,2062,4608,1373.39,2056.22,308.41,4772.50,330,1035468800
3,96,1785754510965,0.004706465778,0.263664,0,2019,0,2,0,0,0,16,1.000000,25755.173,77.327,171.297,0.764,25500.677,25485.958,14.714,79.631,1.089,1.452,0.262,14.481,0.000,0.000,19651.626,1.806,0.000,5815.713,1,2037,1674,5,2019,4608,1374.13,2056.22,310.27,4372.58,330,1035468800
3,97,1785754537961,0.004705951972,0.263671,0,2065,0,2,0,0,0,16,1.000000,26920.450,75.973,174.145,0.717,26662.648,26647.862,14.782,81.174,1.140,0.196,0.430,12.082,0.000,0.000,20637.984,1.799,0.000,5993.951,1,2083,1674,5,2065,4608,1374.13,2056.22,312.00,4517.45,330,1035468800
3,98,1785754564753,0.00470553463,0.263678,0,2000,0,2,0,0,0,16,1.000000,26713.455,78.451,172.401,0.720,26454.545,26439.652,14.890,82.903,1.111,0.769,1.007,14.173,0.000,0.000,20479.120,1.824,0.000,5942.417,1,2018,1674,5,2000,4608,1374.13,2056.22,303.62,4521.48,330,1035468800
3,99,1785754589302,0.004705181538,0.263685,0,1914,0,2,0,0,0,16,1.000000,24471.408,75.491,173.108,0.725,24208.791,24193.982,14.805,87.293,1.130,0.038,0.323,12.154,0.000,0.000,18664.146,1.786,0.000,5513.775,1,1932,1674,5,1914,4608,1374.13,2056.22,302.84,4530.64,330,1035468800
3,100,1785754612161,0.004704858024,0.263692,0,1834,0,2,0,0,0,16,1.000000,22780.288,77.587,172.586,0.730,22521.130,22506.458,14.670,83.674,1.088,0.806,0.274,12.042,0.000,0.000,17272.284,1.785,0.000,5218.270,1,1852,1674,5,1834,4608,1374.13,2056.22,302.06,4605.95,330,1035468800
3,101,1785754632109,0.004704551676,0.263700,0,1777,0,2,0,0,0,16,1.000000,19869.988,77.191,173.001,0.706,19614.984,19599.981,14.996,79.836,1.072,0.083,0.306,12.550,0.000,0.000,14896.915,1.788,0.000,4686.669,1,1795,1674,5,1777,4608,1374.13,2056.22,301.28,4699.52,330,1035468800
3,102,1785754651007,0.004704251297,0.263708,0,1677,0,2,0,0,0,16,1.000000,18820.591,77.499,172.411,0.723,18562.559,18547.839,14.717,83.469,1.108,0.043,0.277,12.657,0.000,0.000,14047.113,1.776,0.000,4484.057,1,1695,1674,5,1677,4608,1374.13,2056.22,300.84,4571.02,330,1035468800
3,103,1785754668254,0.004703941361,0.263717,0,1516,0,2,0,0,0,16,1.000000,17171.635,75.294,172.996,0.729,16911.398,16896.513,14.882,84.226,1.141,0.838,0.306,12.014,0.000,0.000,12753.534,1.809,0.000,4127.020,1,1534,1674,5,1516,4608,1374.13,2056.22,300.83,4547.00,330,1035468800
3,104,1785754683414,0.004703612023,0.263728,0,1310,0,2,0,0,0,16,1.000000,15083.475,76.536,185.096,0.758,14810.474,14795.669,14.797,84.940,1.095,0.770,0.342,11.750,0.000,0.000,11037.487,1.800,0.000,3741.753,1,1328,1674,5,1310,4608,1374.13,2056.22,300.83,4636.28,330,1035468800
3,105,1785754695301,0.004703255562,0.263740,1,1025,0,2,0,0,0,16,1.000000,11809.984,76.550,172.445,0.735,11557.977,11543.279,14.695,77.291,1.104,0.047,0.385,13.330,0.000,0.000,8465.064,1.813,0.000,3060.937,1,1043,1674,5,1025,4608,1374.13,2056.22,300.81,4723.28,330,1035468800
3,106,1785754708311,0.004493963687,0.268568,0,1081,0,4,0,0,0,16,1.000000,12933.109,77.298,174.318,0.733,12673.338,12658.457,14.878,82.930,1.073,0.408,0.309,12.390,0.000,0.000,9350.242,1.912,0.000,3291.438,1,1099,1674,5,1081,4608,1374.13,2056.22,300.03,4411.30,330,1035468800
3,107,1785754725384,0.004447982233,0.268907,0,1512,0,4,0,0,0,16,1.000000,16996.241,76.669,171.666,0.728,16744.839,16730.211,14.625,76.830,1.080,0.786,0.312,11.981,0.000,0.000,12598.270,1.813,0.000,4116.064,1,1530,1674,5,1512,4608,1374.13,2056.22,300.03,4607.14,330,1035468800
3,108,1785754745775,0.004441863835,0.268972,0,1730,0,4,0,0,0,16,1.000000,20314.654,76.448,199.803,0.721,20033.102,20018.293,14.801,78.876,1.069,0.778,0.305,11.379,0.000,0.000,15256.293,1.787,0.000,4746.794,1,1748,1674,5,1730,4608,1374.13,2056.22,300.39,4550.20,330,1035468800
3,109,1785754765050,0.004439398191,0.269028,0,1691,0,4,0,0,0,16,1.000000,19195.816,78.586,183.695,0.718,18922.001,18907.058,14.940,87.275,1.084,0.785,0.258,12.755,0.000,0.000,14336.105,2.000,0.000,4554.136,1,1709,1674,5,1691,4608,1374.14,2056.22,311.53,4528.30,330,1035468800
3,110,1785754782907,0.004437251342,0.269097,0,1520,0,4,0,0,0,16,1.000000,17779.851,76.531,178.916,0.726,17512.764,17496.323,16.436,85.165,1.086,0.788,0.406,13.163,0.000,0.000,13239.679,1.800,0.000,4239.561,1,1538,1674,5,1520,4608,1374.14,2056.22,309.53,4528.78,330,1035468800
3,111,1785754798659,0.004435114964,0.269175,0,1364,0,4,0,0,0,16,1.000000,15675.225,76.616,174.125,0.716,15415.022,15400.281,14.737,83.479,1.251,0.354,0.278,14.566,0.000,0.000,11569.238,1.946,0.000,3812.324,1,1382,1674,5,1364,4608,1374.14,2056.22,300.88,4469.39,330,1035468800
3,112,1785754812801,0.004432951253,0.269260,0,1198,0,4,0,0,0,16,1.000000,14065.892,76.760,171.114,0.734,13803.677,13788.448,15.226,83.780,1.147,0.229,5.210,11.506,0.000,0.000,10155.665,1.797,0.000,3617.411,1,1216,1674,5,1198,4608,1374.14,2056.22,319.14,4241.00,330,1035468800
3,113,1785754824648,0.004430751406,0.269351,0,1037,0,4,0,0,0,16,1.000000,11770.355,75.875,169.852,0.717,11520.161,11505.674,14.480,78.204,1.083,0.047,0.291,13.472,0.000,0.000,8463.641,1.796,0.000,3024.547,1,1055,1674,5,1037,4608,1374.14,2056.22,311.08,4460.70,330,1035468800
3,114,1785754836296,0.004428506661,0.269447,0,1035,0,4,0,0,0,16,1.000000,11571.755,76.405,170.899,0.710,11318.449,11303.866,14.581,79.581,1.056,0.778,0.282,12.011,0.000,0.000,8305.496,1.745,0.000,2982.435,1,1053,1674,5,1035,4608,1374.14,2056.22,310.06,4360.91,330,1035468800
3,115,1785754847875,0.004426233108,0.269546,0,1074,0,4,0,0,0,16,1.000000,11500.670,78.145,170.394,0.718,11249.657,11235.010,14.645,78.441,1.110,0.036,0.315,11.780,0.000,0.000,8238.211,1.799,0.000,2981.109,1,1092,1674,5,1074,4608,1374.14,2056.22,309.08,4451.12,330,1035468800
3,116,1785754861888,0.004424005205,0.269650,0,1187,0,4,0,0,0,16,1.000000,13936.729,76.118,186.288,0.724,13662.775,13647.752,15.018,84.733,1.091,0.791,0.328,12.023,0.000,0.000,10169.538,1.815,0.000,3461.381,1,1205,1674,5,1187,4608,1374.14,2056.22,309.12,4345.66,330,1035468800
3,117,1785754875066,0.004421783951,0.269764,0,1140,0,4,0,0,0,16,1.000000,13101.210,77.056,172.030,0.721,12841.055,12826.293,14.758,85.221,1.118,0.769,0.297,14.778,0.000,0.000,9495.897,2.015,0.000,3311.557,1,1158,1674,5,1140,4608,1374.14,2056.22,301.44,4538.12,330,1035468800
3,118,1785754888001,0.004419546138,0.269893,0,1099,0,4,0,0,0,16,1.000000,12856.428,78.336,179.774,0.704,12588.961,12574.168,14.789,85.305,1.079,0.230,0.374,13.139,0.000,0.000,9302.968,1.784,0.000,3254.142,1,1117,1674,5,1099,4608,1374.14,2056.22,301.47,4528.70,330,1035468800
3,119,1785754897770,0.004417269219,0.270036,0,790,0,4,0,0,0,16,1.000000,9691.841,77.065,199.441,0.732,9404.535,9389.782,14.747,84.878,1.114,0.790,0.351,12.408,0.000,0.000,6735.267,1.796,0.000,2638.168,1,808,1674,5,790,4608,1374.14,2056.22,301.38,4467.98,330,1035468800
3,120,1785754909212,0.004414957852,0.270192,0,974,0,4,0,0,0,16,1.000000,11363.582,77.952,172.052,0.734,11104.835,11089.817,15.014,83.829,1.094,0.735,0.302,13.018,0.000,0.000,8093.022,1.796,0.000,2979.798,1,992,1674,5,974,4608,1374.14,2056.22,301.38,4583.27,330,1035468800
3,121,1785754921933,0.004412661796,0.270371,0,923,0,4,0,0,0,16,1.000000,12644.387,76.394,180.257,0.734,12380.176,12364.352,15.820,81.517,1.114,0.269,0.319,12.365,0.000,0.000,9178.558,1.800,0.000,3169.449,1,941,1674,5,923,4608,1374.14,2056.22,317.11,4128.83,330,1035468800
3,122,1785754937913,0.00441040068,0.270542,0,990,0,4,0,0,0,16,1.000000,15903.772,76.577,170.931,0.714,15646.799,15631.671,15.124,82.506,1.075,0.779,0.969,14.182,0.000,0.000,11828.113,1.793,0.000,3785.418,1,1008,1674,5,990,4608,1374.14,2056.22,310.25,4566.56,330,1035468800
3,123,1785754953337,0.004408376094,0.270666,0,827,0,4,0,0,0,16,1.000000,15345.870,77.324,170.801,0.714,15090.514,15075.767,14.744,82.190,1.119,0.223,0.309,12.698,0.000,0.000,11404.278,1.796,0.000,3654.949,1,845,1674,5,827,4608,1374.14,2056.22,308.31,4467.31,330,1035468800
3,124,1785754969973,0.004406690448,0.270748,0,937,0,4,0,0,0,16,1.000000,16552.025,84.309,172.719,0.715,16298.174,16283.397,14.775,78.180,1.088,0.808,0.341,13.900,0.000,0.000,12294.924,1.838,0.000,3970.424,1,955,1674,5,937,4608,1374.14,2056.22,303.56,4583.67,330,1035468800
3,125,1785754987359,0.004405313867,0.270807,0,878,0,4,0,0,0,16,1.000000,17308.910,76.530,288.147,0.713,16918.988,16904.047,14.922,98.707,1.165,0.840,0.350,12.023,0.000,0.000,12956.578,1.797,0.000,3929.158,1,896,1674,5,878,4608,1374.14,2056.22,323.19,4261.41,330,1035468800
3,126,1785755003325,0.004404100338,0.270854,0,873,0,4,0,0,0,16,1.000000,15887.598,78.011,173.176,0.715,15625.491,15610.657,14.829,86.452,1.088,0.382,0.294,16.377,0.000,0.000,11717.148,1.964,0.000,3872.890,1,891,1674,5,873,4608,1374.14,2056.22,304.14,4413.05,330,1035468800
3,127,1785755020000,0.004403013525,0.270891,0,911,0,4,0,0,0,16,1.000000,16597.522,78.021,173.407,0.713,16341.397,16325.647,15.746,80.373,1.090,0.241,0.302,11.609,0.000,0.000,12464.123,1.793,0.000,3846.088,1,929,1674,5,911,4608,1374.14,2056.22,302.98,4294.97,330,1035468800
3,128,1785755037814,0.004402068391,0.270926,0,935,0,4,0,0,0,16,1.000000,17736.240,77.052,172.541,0.768,17474.015,17459.186,14.808,86.706,1.058,0.232,0.920,12.733,0.000,0.000,13257.647,1.796,0.000,4183.867,1,953,1674,5,935,4608,1374.14,2056.22,322.03,4561.62,330,1035468800
3,129,1785755050018,0.004401257567,0.270961,0,859,0,4,0,0,0,16,1.000000,12127.488,76.725,170.240,0.734,11879.404,11864.724,14.677,75.528,1.076,0.219,0.288,13.512,0.000,0.000,8660.346,1.833,0.000,3186.824,1,877,1674,5,859,4608,1374.14,2056.22,319.08,4244.22,330,1035468800
3,130,1785755062370,0.004400506182,0.270992,0,829,0,4,0,0,0,16,1.000000,12276.329,75.631,193.565,0.717,11994.066,11979.219,14.843,85.774,1.071,0.776,0.360,13.499,0.000,0.000,8689.349,1.776,0.000,3272.543,1,847,1674,5,829,4608,1374.14,2056.22,305.02,4477.59,330,1035468800
3,131,1785755078811,0.004399801119,0.271018,0,761,0,4,0,0,0,16,1.000000,16363.330,77.534,201.166,0.728,16077.469,16062.674,14.789,82.278,1.115,0.207,0.367,12.189,0.000,0.000,12170.222,1.820,0.000,3875.683,1,779,1674,5,761,4608,1374.14,2056.22,304.02,4331.50,330,1035468800
3,132,1785755095431,0.004399169683,0.271038,0,896,0,4,0,0,0,16,1.000000,16540.190,79.472,194.934,0.733,16267.269,16252.358,14.909,75.152,1.070,0.781,0.251,13.607,0.000,0.000,12160.047,1.807,0.000,4074.856,1,914,1674,5,896,4608,1374.14,2056.22,305.23,4456.14,330,1035468800
3,133,1785755109147,0.004398638407,0.271052,0,822,0,4,0,0,0,16,1.000000,13641.257,74.665,171.842,0.732,13382.952,13366.211,16.725,81.876,1.143,0.760,1.951,14.083,0.000,0.000,9782.201,1.818,0.000,3565.783,1,840,1674,5,822,4608,1374.14,2056.22,345.88,4159.50,333,1035468800
3,134,1785755119319,0.004398185374,0.271064,0,720,0,4,0,0,0,16,1.000000,10091.968,79.999,179.400,0.715,9820.974,9803.144,17.827,89.337,1.078,0.186,0.279,19.375,0.000,0.000,6913.039,1.849,0.000,2866.676,1,738,1674,5,720,4608,1374.14,2056.22,316.75,4226.52,333,1035468800
3,135,1785755133550,0.004397776598,0.271074,0,915,0,4,0,0,0,16,1.000000,14149.316,80.975,173.061,0.768,13897.241,13882.835,14.398,76.724,1.083,0.210,0.228,12.890,0.000,0.000,10290.205,1.800,0.000,3575.814,1,933,1674,5,915,4608,1374.14,2056.22,315.66,4248.52,333,1035468800
3,136,1785755144935,0.004397405033,0.271082,0,791,0,4,0,0,0,16,1.000000,11304.962,80.437,202.725,0.721,11014.764,10999.841,14.915,84.963,1.116,0.344,0.329,13.517,0.000,0.000,7753.393,1.741,0.000,3228.458,1,809,1674,5,791,4608,1374.14,2056.22,303.38,4317.31,333,1035468800
3,137,1785755155158,0.004397073183,0.271090,0,795,0,4,0,0,0,16,1.000000,10145.097,77.643,175.252,0.707,9886.069,9870.936,15.131,81.594,1.083,0.042,0.349,12.752,0.000,0.000,7007.445,1.793,0.000,2846.968,1,813,1674,5,795,4608,1374.14,2056.22,303.36,4327.75,333,1035468800
3,138,1785755165741,0.004396772398,0.271098,0,783,0,4,0,0,0,16,1.000000,10503.619,78.733,179.617,0.709,10241.480,10225.632,15.844,79.670,1.095,0.796,0.253,11.507,0.000,0.000,7250.511,1.796,0.000,2959.670,1,801,1674,5,783,4608,1374.14,2056.22,303.36,4263.50,333,1035468800
3,139,1785755175794,0.004396490123,0.271106,0,789,0,4,0,0,0,16,1.000000,9977.509,75.927,177.046,0.717,9720.530,9705.754,14.771,77.756,1.087,0.025,0.349,11.993,0.000,0.000,6930.918,1.794,0.000,2758.886,1,807,1674,5,789,4608,1374.14,2056.22,302.12,4168.92,333,1035468800
3,140,1785755195667,0.004396220318,0.271114,1,782,0,4,0,0,0,16,1.000000,19795.832,77.174,293.434,0.714,19409.708,19392.668,17.027,88.006,1.464,0.238,2.269,11.476,0.000,0.000,14751.235,1.829,0.000,4625.169,1,800,1674,5,782,4608,1374.14,2056.22,359.47,4839.69,333,1035468800
3,141,1785755235775,0.004147856113,0.277015,0,805,0,8,0,0,0,16,1.000000,39996.295,111.596,560.618,1.317,39283.279,39257.252,25.952,142.065,1.351,0.238,7.427,19.583,0.000,0.000,31124.518,1.795,0.000,8105.028,1,823,1674,5,805,4608,1374.14,2056.22,361.77,4029.30,333,1035468800
3,142,1785755257625,0.004112193431,0.277499,0,1236,0,8,0,0,0,16,1.000000,21737.370,111.881,201.381,0.786,21450.461,21435.368,15.083,82.730,1.084,0.033,0.895,27.076,0.000,0.000,15997.284,1.804,0.000,5406.362,1,1254,1674,5,1236,4608,1374.41,2056.22,334.53,4810.45,333,1035468800
3,143,1785755274774,0.00410819751,0.277817,0,1483,0,8,0,0,0,16,1.000000,17072.334,77.043,173.389,0.781,16814.388,16799.605,14.778,82.230,1.153,0.055,0.339,14.800,0.000,0.000,12419.362,1.796,0.000,4361.597,1,1501,1674,5,1483,4608,1374.41,2056.22,306.12,4801.64,333,1035468800
3,144,1785755294345,0.004105872365,0.278082,0,1404,0,8,0,0,0,16,1.000000,19493.600,77.333,172.076,0.773,19234.421,19219.688,14.729,84.148,1.104,0.793,0.285,12.682,0.000,0.000,14509.450,1.799,0.000,4693.548,1,1422,1674,5,1404,4608,1374.52,2056.22,304.03,4420.19,333,1035468800
3,145,1785755310595,0.004103544698,0.278274,0,1272,0,8,0,0,0,16,1.000000,16172.961,77.494,170.656,0.773,15921.266,15906.643,14.621,78.895,1.088,0.036,0.248,12.184,0.000,0.000,11874.782,1.804,0.000,4015.765,1,1290,1674,5,1272,4608,1374.85,2056.22,304.02,4347.02,333,1035468800
3,146,1785755325387,0.004100710094,0.278362,0,1091,0,8,0,0,0,16,1.000000,14715.723,75.790,169.642,0.775,14465.859,14451.191,14.665,77.340,1.074,0.775,0.259,12.120,0.000,0.000,10667.117,1.796,0.000,3768.088,1,1109,1674,5,1091,4608,1374.85,2056.22,302.47,4383.34,333,1035468800
3,147,1785755337315,0.004097358699,0.278354,0,886,0,8,0,0,0,16,1.000000,11852.083,75.915,171.031,0.776,11596.366,11581.494,14.869,82.462,1.142,0.031,0.275,11.638,0.000,0.000,8355.617,1.780,0.000,3210.293,1,904,1674,5,886,4608,1374.85,2056.22,301.62,4618.09,333,1035468800
3,148,1785755359256,0.004094753587,0.278327,0,1139,0,8,0,0,0,16,1.000000,21863.055,77.462,222.882,0.769,21550.285,21535.083,15.199,86.841,1.081,0.817,0.382,12.385,0.000,0.000,16569.084,1.834,0.000,4949.726,1,1157,1674,5,1139,4608,1374.85,2056.22,302.02,4465.64,333,1035468800
3,149,1785755393770,0.00409245855,0.278276,0,1778,0,8,0,0,0,16,1.000000,34436.694,77.294,176.442,0.811,34182.144,34167.359,14.782,73.464,3.311,0.248,0.273,14.809,0.000,0.000,26550.305,1.856,0.000,7598.252,1,1796,1674,5,1778,4608,1374.85,2056.22,320.47,4403.83,333,1035468800
3,150,1785755433422,0.00409025905,0.278197,0,2073,0,8,0,0,0,16,1.000000,39573.997,78.610,218.083,0.772,39269.189,39253.818,15.360,81.198,1.136,1.861,1.757,12.141,0.000,0.000,30664.447,1.773,0.000,8571.172,1,2091,1674,5,2073,4608,1374.85,2056.22,319.41,3852.94,333,1035468800
3,151,1785755462953,0.004087977856,0.278089,0,1623,0,8,0,0,0,16,1.000000,29451.640,78.699,189.247,0.768,29180.916,29165.974,14.940,79.144,1.073,0.245,0.246,12.073,0.000,0.000,22214.784,1.794,0.000,6935.422,1,1641,1674,5,1623,4608,1374.85,2056.22,318.53,5552.67,333,1035468800
3,152,1785755490806,0.004085493878,0.277963,0,1346,0,8,0,0,0,16,1.000000,27774.158,78.772,171.648,0.775,27523.532,27508.838,14.691,76.834,1.075,0.036,0.256,13.600,0.000,0.000,21225.848,1.793,0.000,6265.435,1,1364,1674,5,1346,4608,1374.85,2056.22,318.42,5455.39,333,1035468800
3,153,1785755505796,0.004082647561,0.277846,0,1263,0,8,0,0,0,16,1.000000,14913.565,76.306,169.310,0.779,14665.763,14651.167,14.594,76.287,1.083,0.049,0.295,16.259,0.000,0.000,10729.132,1.810,0.000,3901.711,1,1281,1674,5,1263,4608,1374.85,2056.22,305.59,5607.05,333,1035468800
3,154,1785755541636,0.00407927818,0.277739,0,1329,0,8,0,0,0,16,1.000000,35764.357,75.454,334.715,0.786,35315.414,35299.598,15.808,110.229,1.393,0.247,1.574,12.247,0.000,0.000,27760.698,1.800,0.000,7522.005,1,1347,1674,5,1329,4608,1374.85,2056.22,359.67,4924.14,333,1035468800
3,155,1785755567158,0.004075380622,0.277637,0,1435,0,8,0,0,0,16,1.000000,25426.187,95.946,182.261,0.774,25171.803,25157.566,14.235,69.846,1.028,0.229,0.245,18.752,0.000,0.000,19108.242,7.089,0.000,6021.403,1,1453,1674,5,1435,4608,1374.85,2056.22,320.20,5989.41,333,1035468800
3,156,1785755580141,0.00407099497,0.277556,0,1417,0,8,0,0,0,16,1.000000,12910.307,72.932,168.140,0.742,12664.005,12649.490,14.514,76.035,1.060,0.041,0.284,12.590,0.000,0.000,9256.530,1.739,0.000,3376.765,1,1435,1674,5,1417,4608,1374.85,2056.22,306.38,5025.56,333,1035468800
3,157,1785755595890,0.004066578174,0.277496,0,1782,0,8,0,0,0,16,1.000000,15673.287,75.912,169.362,0.793,15425.968,15411.224,14.739,75.789,1.054,0.041,0.279,11.567,0.000,0.000,11434.143,1.849,0.000,3961.676,1,1800,1674,5,1782,4608,1374.85,2056.22,305.27,5424.73,333,1035468800
3,158,1785755611728,0.004062341737,0.277414,0,1808,0,8,0,0,0,16,1.000000,15762.533,75.191,170.072,0.761,15514.191,15499.584,14.605,76.115,1.075,0.040,0.278,11.345,0.000,0.000,11483.533,1.778,0.000,4001.007,1,1826,1674,5,1808,4608,1374.85,2056.22,303.78,5582.16,333,1035468800
3,159,1785755650581,0.004058183103,0.277301,0,1673,0,8,0,0,0,16,1.000000,38777.314,75.615,299.109,0.769,38384.008,38367.994,16.000,89.436,1.395,0.800,1.797,11.379,0.000,0.000,30417.257,1.778,0.000,7934.885,1,1691,1674,5,1673,4608,1374.85,2056.22,359.69,5142.41,333,1035485184
3,160,1785755671426,0.00405451878,0.277177,0,1551,0,8,0,0,0,16,1.000000,20766.889,78.220,170.753,0.817,20516.427,20501.777,14.648,76.732,1.063,0.815,0.283,17.712,0.000,0.000,15539.820,1.832,0.000,4940.351,1,1569,1674,5,1551,4608,1374.85,2056.22,321.47,5446.86,333,1035485184
3,161,1785755685219,0.00405171129,0.277108,0,1544,0,8,0,0,0,16,1.000000,13719.199,73.308,168.736,0.752,13471.936,13457.103,14.830,76.389,1.069,0.050,0.267,11.715,0.000,0.000,9904.367,1.770,0.000,3537.402,1,1562,1674,5,1544,4608,1374.85,2056.22,320.34,5354.55,333,1035485184
3,162,1785755700723,0.004049036744,0.277070,0,1581,0,8,0,0,0,16,1.000000,15427.817,76.099,169.846,0.762,15180.009,15165.277,14.729,75.828,1.046,0.056,0.271,11.524,0.000,0.000,11177.800,1.814,0.000,3972.034,1,1599,1674,5,1581,4608,1374.85,2056.22,320.31,4687.67,333,1035501568
3,163,1785755713296,0.00404642976,0.277038,0,1263,0,8,0,0,0,16,1.000000,12495.601,77.510,167.560,0.795,12251.551,12237.019,14.530,74.352,1.023,0.053,0.268,11.882,0.000,0.000,8920.225,1.833,0.000,3301.031,1,1281,1674,5,1263,4608,1374.85,2056.22,317.14,4956.83,333,1035501568
3,164,1785755727568,0.004043993943,0.277037,0,1476,0,8,0,0,0,16,1.000000,14200.434,71.853,178.308,0.750,13941.924,13927.454,14.468,77.838,1.119,0.220,0.276,12.695,0.000,0.000,10221.785,1.772,0.000,3689.325,1,1494,1674,5,1476,4608,1374.85,2056.22,304.75,5086.19,333,1035501568
3,165,1785755744704,0.004041843377,0.277066,0,1727,0,8,0,0,0,16,1.000000,17049.552,85.720,171.033,0.782,16796.596,16781.978,14.616,79.702,1.101,0.049,0.289,11.883,0.000,0.000,12435.371,1.816,0.000,4330.742,1,1745,1674,5,1727,4608,1374.85,2056.22,304.75,5033.72,333,1035501568
3,166,1785755759335,0.004039893909,0.277077,0,1519,0,8,0,0,0,16,1.000000,14558.917,72.798,169.762,0.778,14307.980,14293.505,14.473,78.993,1.068,0.052,0.284,11.558,0.000,0.000,10443.777,1.773,0.000,3834.422,1,1537,1674,5,1519,4608,1374.85,2056.22,303.27,5649.56,333,1035501568
3,167,1785755772913,0.004038030854,0.277079,0,1393,0,8,0,0,0,16,1.000000,13505.866,71.997,179.861,0.783,13243.814,13229.117,14.693,80.010,1.092,0.045,0.260,11.885,0.000,0.000,9648.012,1.801,0.000,3565.316,1,1411,1674,5,1393,4608,1374.85,2056.22,302.50,5320.64,333,1035501568
3,168,1785755788285,0.004036180447,0.277076,0,1640,0,8,0,0,0,16,1.000000,15300.259,71.205,170.076,0.785,15052.126,15037.475,14.650,75.929,1.049,0.043,0.250,10.953,0.000,0.000,11075.770,1.787,0.000,3947.050,1,1658,1674,5,1640,4608,1374.85,2056.22,302.50,5259.41,333,1035501568
3,169,1785755802654,0.004034261171,0.277106,0,1483,0,8,0,0,0,16,1.000000,14297.664,71.261,169.778,0.750,14050.310,14035.538,14.768,75.431,1.059,0.051,0.286,11.245,0.000,0.000,10346.728,1.775,0.000,3673.857,1,1501,1674,5,1483,4608,1374.85,2056.22,301.73,5489.38,333,1035501568
3,170,1785755817080,0.004032467644,0.277158,0,1475,0,8,0,0,0,16,1.000000,14352.708,73.209,179.162,0.826,14084.066,14068.873,15.191,87.278,1.062,0.030,0.284,11.977,0.000,0.000,10272.452,1.839,0.000,3780.610,1,1493,1674,5,1475,4608,1374.85,2056.22,301.72,5620.73,333,1035501568
3,171,1785755833309,0.004030856812,0.277201,0,1620,0,8,0,0,0,16,1.000000,16157.024,72.607,178.444,0.784,15895.981,15881.195,14.782,80.397,1.085,0.059,0.274,11.509,0.000,0.000,11697.188,1.798,0.000,4168.641,1,1638,1674,5,1620,4608,1374.85,2056.22,301.30,5293.64,333,1035501568
3,172,1785755847978,0.004029528736,0.277231,0,1547,0,8,0,0,0,16,1.000000,14596.397,72.347,170.445,0.788,14343.215,14328.495,14.718,79.768,1.077,0.802,0.301,12.034,0.000,0.000,10488.753,1.830,0.000,3823.817,1,1565,1674,5,1547,4608,1374.85,2056.22,301.31,5056.36,333,1035501568
3,173,1785755863117,0.004028237188,0.277265,0,1601,0,8,0,0,0,16,1.000000,15065.637,73.256,170.004,0.791,14817.802,14803.285,14.514,75.662,1.064,0.036,0.277,11.907,0.000,0.000,10911.576,1.825,0.000,3875.937,1,1619,1674,5,1601,4608,1374.85,2056.22,301.30,5294.78,333,1035501568
3,174,1785755876494,0.004026575875,0.277294,0,1482,0,8,0,0,0,16,1.000000,13304.964,71.589,170.579,0.780,13055.107,13040.561,14.544,77.040,1.134,0.046,0.278,12.115,0.000,0.000,9559.832,1.812,0.000,3464.818,1,1500,1674,5,1482,4608,1374.85,2056.22,301.30,5063.42,333,1035501568
3,175,1785755889005,0.004024157351,0.277309,0,1381,0,8,0,0,0,16,1.000000,12439.464,72.286,169.798,0.777,12191.817,12177.294,14.521,75.666,1.095,0.042,0.269,11.841,0.000,0.000,8905.605,1.809,0.000,3256.007,1,1399,1674,5,1381,4608,1374.85,2056.22,301.28,5227.45,333,1035501568
3,176,1785755900240,0.004021638572,0.277322,0,1235,0,8,0,0,0,16,1.000000,11164.092,71.106,168.615,0.770,10917.822,10903.352,14.468,75.548,1.050,0.046,0.240,11.549,0.000,0.000,7864.040,1.776,0.000,3023.944,1,1253,1674,5,1235,4608,1374.85,2056.22,301.28,5113.36,333,1035501568
3,177,1785755911187,0.004019214659,0.277367,0,1188,0,8,0,0,0,16,1.000000,10875.313,70.925,167.866,0.771,10632.210,10617.530,14.677,72.360,1.049,0.805,0.252,11.047,0.000,0.000,7678.417,1.740,0.000,2924.301,1,1206,1674,5,1188,4608,1374.85,2056.22,301.28,5105.31,333,1035501568
3,178,1785755922022,0.004016734164,0.277414,0,1180,0,8,0,0,0,16,1.000000,10766.042,69.526,168.206,0.745,10520.859,10506.343,14.515,74.901,1.054,0.028,0.248,10.296,0.000,0.000,7594.832,1.718,0.000,2897.621,1,1198,1674,5,1180,4608,1374.85,2056.22,301.28,5213.59,333,1035501568
3,179,1785755936453,0.004014074223,0.277427,0,1169,0,8,0,0,0,16,1.000000,14358.693,71.449,512.489,0.785,13717.563,13693.005,24.538,120.656,2.528,0.672,4.000,11.391,0.000,0.000,9884.128,1.755,0.000,3790.701,1,1187,1674,5,1169,4608,1374.85,2056.22,348.67,4597.17,333,1035501568
3,180,1785755968324,0.004011349614,0.277438,0,1186,0,8,0,0,0,16,1.000000,31719.354,151.914,322.390,1.041,31316.909,31300.209,16.685,75.483,1.308,0.250,1.974,26.281,0.000,0.000,24519.610,1.805,0.000,6749.312,1,1204,1674,5,1186,4608,1374.85,2056.22,359.67,5164.27,333,1035501568
3,181,1785755987307,0.004008977248,0.277441,0,1249,0,8,0,0,0,16,1.000000,18912.587,70.364,189.528,0.760,18643.645,18628.479,15.161,75.955,1.043,0.780,0.877,15.537,0.000,0.000,14160.394,1.778,0.000,4448.251,1,1267,1674,5,1249,4608,1374.85,2056.22,332.95,5418.22,333,1035501568
3,182,1785755999319,0.004006973882,0.277464,0,1279,0,8,0,0,0,16,1.000000,11939.777,71.868,169.241,0.771,11692.900,11678.378,14.519,75.481,1.069,0.045,0.270,12.307,0.000,0.000,8478.140,1.847,0.000,3184.144,1,1297,1674,5,1279,4608,1374.85,2056.22,320.61,5010.14,333,1035501568
3,183,1785756012249,0.004005155742,0.277486,0,1353,0,8,0,0,0,16,1.000000,12858.745,71.318,168.199,0.780,12613.482,12598.995,14.485,74.917,1.071,0.052,0.244,13.649,0.000,0.000,9244.922,1.764,0.000,3336.564,1,1371,1674,5,1353,4608,1374.85,2056.22,304.88,4841.78,333,1035501568
3,184,1785756027344,0.004003543167,0.277499,0,1578,0,8,0,0,0,16,1.000000,15024.024,70.753,168.264,0.773,14778.071,14763.557,14.511,75.481,1.040,0.135,0.261,11.657,0.000,0.000,10932.344,1.775,0.000,3815.778,1,1596,1674,5,1578,4608,1374.85,2056.22,303.36,4603.78,333,1035501568
3,185,1785756041443,0.004002166811,0.277499,0,1503,0,8,0,0,0,16,1.000000,14028.117,71.198,167.403,0.774,13786.678,13772.447,14.229,71.950,1.036,0.051,0.225,11.736,0.000,0.000,10113.213,1.786,0.000,3643.802,1,1521,1674,5,1503,4608,1374.85,2056.22,302.58,4791.45,333,1035501568
3,186,1785756056942,0.004001107941,0.277487,0,1661,0,8,0,0,0,16,1.000000,15428.306,70.407,168.079,0.752,15182.988,15168.504,14.482,75.134,1.067,0.039,0.247,11.585,0.000,0.000,11200.743,1.756,0.000,3952.450,1,1679,1674,5,1661,4608,1374.85,2056.22,301.81,5071.70,333,1035501568
3,187,1785756069487,0.004000370253,0.277473,0,1314,0,8,0,0,0,16,1.000000,12474.412,71.102,168.690,0.778,12228.684,12214.154,14.529,74.875,1.064,0.038,0.282,11.755,0.000,0.000,8904.992,1.794,0.000,3293.618,1,1332,1674,5,1314,4608,1374.85,2056.22,301.78,4851.42,333,1035501568
3,188,1785756080462,0.003999834177,0.277465,0,1141,0,8,0,0,0,16,1.000000,10908.841,70.821,171.043,0.753,10655.609,10640.525,15.081,79.978,1.104,0.046,0.308,11.702,0.000,0.000,7671.136,1.861,0.000,2953.834,1,1159,1674,5,1141,4608,1374.85,2056.22,301.36,4959.52,333,1035501568
3,189,1785756091659,0.003999404111,0.277458,0,1164,0,8,0,0,0,16,1.000000,11130.969,72.669,171.493,0.791,10876.879,10861.995,14.881,80.400,1.078,0.051,0.276,12.003,0.000,0.000,7820.796,1.812,0.000,3025.421,1,1182,1674,5,1164,4608,1374.85,2056.22,301.36,4835.91,333,1035501568
3,190,1785756105056,0.003999026586,0.277451,0,1426,0,8,0,0,0,16,1.000000,13328.352,72.456,169.023,0.782,13081.462,13066.975,14.485,75.745,1.038,0.053,0.249,11.753,0.000,0.000,9596.290,1.800,0.000,3455.054,1,1444,1674,5,1426,4608,1374.85,2056.22,301.27,4951.84,333,1035501568
3,191,1785756115301,0.003998671026,0.277444,0,1075,0,8,0,0,0,16,1.000000,10174.238,72.021,169.509,0.793,9927.280,9912.725,14.553,75.299,1.086,0.041,0.230,11.760,0.000,0.000,7102.598,1.797,0.000,2794.535,1,1093,1674,5,1075,4608,1374.85,2056.22,301.25,4950.38,333,1035501568
3,192,1785756126236,0.003998317207,0.277437,0,1186,0,8,0,0,0,16,1.000000,10865.121,71.217,168.934,0.788,10618.375,10603.777,14.596,75.642,1.087,0.038,0.256,11.366,0.000,0.000,7657.750,1.825,0.000,2930.836,1,1204,1674,5,1186,4608,1374.85,2056.22,301.22,4890.61,333,1035501568
3,193,1785756137822,0.003997982326,0.277432,0,1263,0,8,0,0,0,16,1.000000,11515.092,71.303,169.386,0.769,11266.501,11251.935,14.564,77.079,1.067,0.042,0.248,11.060,0.000,0.000,8169.674,1.770,0.000,3067.486,1,1281,1674,5,1263,4608,1374.85,2056.22,301.22,4975.48,333,1035501568
3,194,1785756150585,0.00399766977,0.277429,0,1040,0,8,0,0,0,16,1.000000,12690.926,72.374,242.588,0.787,12347.646,12326.913,20.729,98.021,1.438,0.151,0.295,11.595,0.000,0.000,8785.617,1.881,0.000,3525.765,1,1058,1674,5,1040,4608,1374.85,2056.22,301.20,4781.56,333,1035501568
3,195,1785756163514,0.00399738985,0.277426,0,1022,0,8,0,0,0,16,1.000000,12834.462,94.840,192.382,0.806,12538.795,12523.974,14.817,100.201,1.122,0.795,0.361,17.003,0.000,0.000,8997.307,1.806,0.000,3505.609,1,1040,1674,5,1022,4608,1374.85,2056.22,301.19,4708.89,333,1035501568
3,196,1785756176094,0.003997148555,0.277426,1,1022,0,8,0,0,0,16,1.000000,12504.389,75.035,171.485,0.819,12252.059,12237.118,14.938,78.611,1.074,0.053,0.287,13.601,0.000,0.000,9080.971,1.798,0.000,3138.362,1,1040,1674,5,1022,4608,1374.85,2056.22,301.19,4722.70,333,1035501568
3,197,1785756190397,0.003800204214,0.278981,0,1172,0,16,0,0,0,16,1.000000,14229.990,72.717,174.440,0.789,13954.331,13938.818,15.510,97.979,1.310,0.807,0.333,11.559,0.000,0.000,10407.439,1.805,0.000,3515.950,1,1190,1674,5,1172,4608,1374.85,2056.22,341.80,4454.28,333,1035501568
3,198,1785756214890,0.003796701368,0.280105,0,2083,0,16,0,0,0,16,1.000000,24417.695,75.696,196.065,0.832,24135.407,24120.262,15.136,83.194,1.153,0.118,0.926,17.290,0.000,0.000,18570.529,1.809,0.000,5527.705,1,2101,1674,5,2083,4608,1374.85,2056.22,322.27,4361.84,333,1035501568
3,199,1785756240245,0.00379376367,0.280956,0,2108,0,16,0,0,0,16,1.000000,25276.728,77.604,297.309,0.812,24762.594,24747.623,14.954,212.045,3.142,0.326,0.499,12.358,0.000,0.000,19040.195,1.798,0.000,5690.977,1,2126,1674,5,2108,4608,1374.85,2056.22,414.34,3437.38,333,1035501568
3,200,1785756266663,0.003791917106,0.281658,0,2223,0,16,0,0,0,16,1.000000,26329.584,88.397,248.766,1.079,25994.981,25978.112,16.838,81.519,1.127,0.271,1.840,30.997,0.000,0.000,19987.083,2.479,0.000,5949.957,1,2241,1674,5,2223,4608,1374.85,2056.22,319.94,3914.72,333,1035501568
3,201,1785756298888,0.003790381283,0.282196,0,2712,0,16,0,0,0,16,1.000000,32153.496,72.359,409.631,0.789,31599.033,31582.678,16.340,137.986,2.295,0.262,3.500,12.833,0.000,0.000,24576.669,1.803,0.000,6981.692,1,2730,1674,5,2712,4608,1374.85,2056.22,359.59,3777.20,333,1035501568
3,202,1785756336232,0.00378912934,0.282667,0,3146,0,16,0,0,0,16,1.000000,37266.728,76.580,231.644,0.810,36934.968,36919.127,15.826,95.227,1.107,1.315,1.656,33.232,0.000,0.000,28847.821,2.954,0.000,8031.848,1,3164,1674,5,3146,4608,1374.85,2056.22,318.73,5517.28,333,1035501568
3,203,1785756374633,0.00378793759,0.283025,0,3517,0,16,0,0,0,16,1.000000,38328.020,73.118,173.155,0.788,38067.877,38053.111,14.764,84.801,1.105,0.041,0.253,13.694,0.000,0.000,29657.745,1.788,0.000,8377.867,1,3535,1674,5,3517,4608,1374.85,2056.22,314.36,5108.97,333,1035501568
3,204,1785756412260,0.003786923038,0.283317,0,3471,0,16,0,0,0,16,1.000000,37554.822,72.817,171.335,0.788,37306.056,37291.232,14.822,75.240,1.061,0.041,0.301,13.536,0.000,0.000,29019.841,2.170,0.000,8253.608,1,3489,1674,5,3471,4608,1374.85,2056.22,305.11,5112.91,333,1035501568
3,205,1785756452842,0.003785878723,0.283549,0,3660,0,16,0,0,0,16,1.000000,40509.333,72.823,172.034,0.803,40254.708,40239.868,14.837,80.424,1.053,0.038,0.273,12.856,0.000,0.000,31423.400,1.896,0.000,8799.588,1,3678,1674,5,3660,4608,1374.85,2056.22,303.62,5001.47,333,1035501568
3,206,1785756496923,0.003784895592,0.283790,0,3489,0,16,0,0,0,16,1.000000,44009.035,72.112,260.778,0.826,43564.479,43549.414,15.060,167.029,14.266,0.794,0.863,12.733,0.000,0.000,33593.506,1.820,0.000,9938.539,1,3507,1674,5,3489,4608,1374.85,2056.22,315.42,4379.16,333,1035501568
3,207,1785756549529,0.003783799541,0.283960,0,3798,0,16,0,0,0,16,1.000000,52461.821,143.903,215.818,0.794,52140.943,52126.122,14.819,101.892,1.121,0.773,0.481,45.891,0.000,0.000,41085.175,1.792,0.000,10988.519,1,3816,1674,5,3798,4608,1374.85,2056.22,304.17,4646.62,333,1035517952
3,208,1785756602042,0.003782759826,0.284077,0,3822,0,16,0,0,0,16,1.000000,52439.366,74.134,213.296,0.801,52140.520,52125.401,15.117,83.183,1.077,0.228,0.261,14.117,0.000,0.000,41095.788,1.814,0.000,11011.250,1,3840,1674,5,3822,4608,1374.85,2056.22,303.72,4681.36,333,1035517952
3,209,1785756659861,0.003781631639,0.284154,0,3657,0,16,0,0,0,16,1.000000,57739.675,80.003,173.845,0.804,57485.855,57470.633,15.218,77.661,1.100,0.052,0.358,12.015,0.000,0.000,46211.925,1.799,0.000,11242.897,1,3675,1674,5,3657,4608,1374.85,2056.22,302.48,5400.80,333,1035517952
3,210,1785756706865,0.003780473371,0.284187,0,3694,0,16,0,0,0,16,1.000000,46929.848,74.087,310.352,0.802,46526.641,46510.708,15.921,88.227,1.354,0.630,1.842,11.717,0.000,0.000,36605.157,1.809,0.000,9889.138,1,3712,1674,5,3694,4608,1374.85,2056.22,359.66,5061.22,333,1035517952
3,211,1785756748707,0.003779334165,0.284160,0,3266,0,16,0,0,0,16,1.000000,41767.971,73.620,286.944,0.778,41395.864,41379.891,15.953,81.140,1.348,0.246,1.652,18.450,0.000,0.000,32028.830,1.748,0.000,9327.709,1,3284,1674,5,3266,4608,1374.85,2056.22,359.66,6121.75,333,1035517952
3,212,1785756787492,0.00377836972,0.284169,0,3165,0,16,0,0,0,16,1.000000,38711.664,74.033,172.213,0.792,38440.890,38426.403,14.485,96.435,1.052,0.042,0.241,16.689,0.000,0.000,29509.580,1.766,0.000,8896.269,1,3183,1674,5,3165,4608,1374.86,2056.22,322.78,6416.56,333,1035517952
3,213,1785756817159,0.003778110204,0.284040,0,3365,0,16,0,0,0,16,1.000000,29598.692,68.596,169.223,0.765,29348.105,29333.596,14.507,79.207,1.044,0.045,0.303,11.441,0.000,0.000,22243.035,1.784,0.000,7075.470,1,3383,1674,5,3365,4608,1374.86,2056.22,319.30,6336.38,333,1035517952
3,214,1785756846016,0.003779403448,0.284042,0,3409,0,16,0,0,0,16,1.000000,28785.574,70.826,169.918,0.787,28537.091,28522.434,14.655,76.373,1.088,0.047,0.270,11.553,0.000,0.000,21719.065,1.785,0.000,6788.079,1,3427,1674,5,3409,4608,1374.86,2056.22,318.27,6270.48,333,1035517952
3,215,1785756875000,0.003781989616,0.283703,0,3382,0,16,0,0,0,16,1.000000,28912.970,71.870,168.415,0.802,28666.158,28651.726,14.430,76.236,1.073,0.042,0.243,13.754,0.000,0.000,21839.627,1.785,0.000,6794.523,1,3400,1674,5,3382,4608,1374.86,2056.22,304.47,6134.25,333,1035517952
3,216,1785756904078,0.003782823779,0.283712,0,3429,0,16,0,0,0,16,1.000000,29008.332,69.234,168.981,0.760,28760.772,28746.024,14.746,76.413,1.082,0.060,0.264,10.958,0.000,0.000,21916.939,1.741,0.000,6814.513,1,3447,1674,5,3429,4608,1374.86,2056.22,303.34,5998.06,333,1035517952
3,217,1785756933241,0.00377991927,0.283788,0,3387,0,16,0,0,0,16,1.000000,29091.714,71.316,169.755,0.776,28841.101,28826.432,14.668,78.688,1.085,0.050,0.260,11.420,0.000,0.000,22016.225,1.773,0.000,6794.951,1,3405,1674,5,3387,4608,1374.86,2056.22,302.61,5902.81,333,1035517952
3,218,1785756962824,0.003776081515,0.283841,0,3477,0,16,0,0,0,16,1.000000,29512.297,71.633,171.030,0.763,29263.003,29248.231,14.769,76.164,1.064,0.035,0.237,11.361,0.000,0.000,22352.161,1.815,0.000,6880.897,1,3495,1674,5,3477,4608,1374.86,2056.22,302.59,6115.17,333,1035517952
3,219,1785756992333,0.003772855483,0.283920,0,3497,0,16,0,0,0,16,1.000000,29437.228,71.576,168.362,0.765,29189.249,29174.748,14.499,77.441,1.054,0.046,0.310,11.405,0.000,0.000,22271.089,1.764,0.000,6888.480,1,3515,1674,5,3497,4608,1374.86,2056.22,301.83,6113.50,333,1035517952
3,220,1785757021929,0.00377178981,0.283931,0,3492,0,16,0,0,0,16,1.000000,29524.860,71.111,169.651,0.798,29277.009,29262.381,14.625,76.004,1.068,0.053,0.278,11.366,0.000,0.000,22324.197,1.803,0.000,6923.013,1,3510,1674,5,3492,4608,1374.86,2056.22,301.41,5858.80,333,1035517952
3,221,1785757051973,0.003771218761,0.283959,0,3546,0,16,0,0,0,16,1.000000,29972.527,71.370,168.967,0.753,29726.170,29711.876,14.292,75.263,1.058,0.044,0.271,11.462,0.000,0.000,22668.681,1.815,0.000,7027.974,1,3564,1674,5,3546,4608,1374.86,2056.22,301.41,6100.98,333,1035517952
3,222,1785757082100,0.003770764396,0.283980,0,3536,0,16,0,0,0,16,1.000000,30056.990,70.630,166.416,0.795,29818.552,29804.388,14.162,69.917,1.030,0.033,0.248,11.236,0.000,0.000,22759.189,1.767,0.000,7030.216,1,3554,1674,5,3536,4608,1374.86,2056.22,301.39,5564.70,333,1035517952
3,223,1785757112169,0.003770350649,0.284007,0,3536,0,16,0,0,0,16,1.000000,29987.757,68.905,168.957,0.764,29739.172,29724.465,14.706,76.554,2.038,0.043,0.230,10.453,0.000,0.000,22715.985,1.762,0.000,6994.377,1,3554,1674,5,3536,4608,1374.86,2056.22,301.38,6039.17,333,1035534336
3,224,1785757136880,0.003769989036,0.284037,0,2880,0,16,0,0,0,16,1.000000,24637.808,71.464,169.325,0.813,24390.878,24376.362,14.514,75.391,1.085,0.044,0.271,11.315,0.000,0.000,18528.389,1.794,0.000,5832.896,1,2898,1674,5,2880,4608,1374.86,2056.22,301.38,6089.47,333,1035534336
3,225,1785757162024,0.003769655143,0.284048,0,2919,0,16,0,0,0,16,1.000000,25071.480,71.813,169.608,0.782,24824.018,24809.412,14.604,75.684,1.076,0.053,0.259,11.674,0.000,0.000,18870.074,1.848,0.000,5923.757,1,2937,1674,5,2919,4608,1374.86,2056.22,301.38,6179.02,333,1035534336
3,226,1785757185957,0.003769342974,0.284059,0,2754,0,16,0,0,0,16,1.000000,23861.296,71.457,170.957,0.778,23611.155,23596.450,14.703,77.017,1.066,0.049,0.274,11.640,0.000,0.000,17875.301,1.825,0.000,5705.547,1,2772,1674,5,2754,4608,1374.86,2056.22,301.36,5917.05,333,1035534336
3,227,1785757210825,0.003769036558,0.284058,0,2917,0,16,0,0,0,16,1.000000,24796.120,71.620,169.790,0.783,24548.844,24534.242,14.599,75.343,1.048,0.041,0.270,11.207,0.000,0.000,18585.929,1.794,0.000,5933.298,1,2935,1674,5,2917,4608,1374.86,2056.22,301.36,5899.25,333,1035534336
3,228,1785757236662,0.003768748322,0.284049,0,2972,0,16,0,0,0,16,1.000000,25766.569,71.340,169.942,0.792,25518.567,25504.092,14.472,75.903,1.042,0.048,0.275,11.608,0.000,0.000,19411.822,1.789,0.000,6076.845,1,2990,1674,5,2972,4608,1374.86,2056.22,301.36,5812.23,333,1035534336
3,229,1785757263169,0.003768472872,0.284036,0,3074,0,16,0,0,0,16,1.000000,26436.147,70.526,168.275,0.773,26189.570,26174.945,14.623,76.147,1.057,0.043,0.283,11.535,0.000,0.000,19931.281,1.822,0.000,6228.353,1,3092,1674,5,3074,4608,1374.86,2056.22,301.36,5964.64,333,1035534336
3,230,1785757289665,0.003768208876,0.284021,1,3117,0,16,0,0,0,16,1.000000,26426.665,68.928,167.694,0.760,26180.886,26166.432,14.452,75.957,1.082,0.052,0.232,10.283,0.000,0.000,19923.854,1.728,0.000,6228.715,1,3135,1674,5,3117,4608,1374.86,2056.22,301.36,6055.16,333,1035534336
3,231,1785757315971,0.003659807011,0.284799,0,3069,0,32,0,0,0,16,1.000000,26234.988,71.655,166.760,0.759,25996.978,25982.818,14.159,69.174,1.035,0.037,0.245,11.153,0.000,0.000,19750.116,1.768,0.000,6217.769,1,3087,1674,5,3069,4608,1374.86,2056.22,300.58,6058.22,333,1035534336
3,232,1785757344808,0.00366102867,0.285405,0,3392,0,32,0,0,0,16,1.000000,28767.871,69.508,167.648,0.751,28522.796,28508.277,14.517,75.287,1.079,0.040,0.270,10.737,0.000,0.000,21808.667,1.747,0.000,6685.219,1,3410,1674,5,3392,4608,1374.86,2056.22,300.58,6171.72,333,1035534336
3,233,1785757373443,0.003660919823,0.286058,0,3375,0,32,0,0,0,16,1.000000,28562.562,71.809,172.647,0.804,28311.386,28296.663,14.721,76.325,1.072,0.044,0.283,12.029,0.000,0.000,21570.703,1.828,0.000,6710.097,1,3393,1674,5,3375,4608,1374.86,2056.22,300.58,6001.16,333,1035534336
3,234,1785757402112,0.003659132621,0.286287,0,3372,0,32,0,0,0,16,1.000000,28597.828,71.797,169.212,0.799,28351.216,28336.752,14.462,75.212,1.071,0.048,0.270,11.423,0.000,0.000,21578.972,1.764,0.000,6742.672,1,3390,1674,5,3372,4608,1374.86,2056.22,300.56,6147.75,333,1035534336
3,235,1785757431103,0.003660999023,0.286706,0,3380,0,32,0,0,0,16,1.000000,28920.181,70.700,170.736,0.790,28670.970,28656.429,14.540,76.300,1.076,0.051,0.258,11.125,0.000,0.000,21916.387,1.737,0.000,6725.221,1,3398,1674,5,3380,4608,1374.86,2056.22,300.55,6069.28,333,1035534336
3,236,1785757459955,0.003657946958,0.287022,0,3371,0,32,0,0,0,16,1.000000,28780.849,71.499,169.446,0.778,28533.766,28519.266,14.498,74.739,1.068,0.787,0.265,11.541,0.000,0.000,21813.879,1.815,0.000,6689.996,1,3389,1674,5,3371,4608,1374.86,2056.22,300.55,5990.61,333,1035534336
3,237,1785757489232,0.003658018418,0.287449,0,3379,0,32,0,0,0,16,1.000000,29205.347,71.533,169.288,0.786,28957.906,28943.380,14.525,75.246,1.084,0.789,0.248,11.226,0.000,0.000,22145.481,1.790,0.000,6782.884,1,3397,1674,5,3379,4608,1374.86,2056.22,300.55,5806.09,333,1035534336
3,238,1785757518234,0.003657037728,0.287514,0,3378,0,32,0,0,0,16,1.000000,28930.967,70.881,169.662,0.765,28682.884,28668.116,14.765,76.232,1.083,0.051,0.291,11.268,0.000,0.000,21861.375,1.750,0.000,6791.714,1,3396,1674,5,3378,4608,1374.86,2056.22,300.53,5815.83,333,1035534336
3,239,1785757547478,0.003656690695,0.287918,0,3386,0,32,0,0,0,16,1.000000,29172.536,71.634,168.766,0.779,28926.271,28911.733,14.536,75.333,1.074,0.040,0.273,11.325,0.000,0.000,22107.329,1.748,0.000,6789.259,1,3404,1674,5,3386,4608,1374.86,2056.22,300.52,5725.92,333,1035534336
3,240,1785757576473,0.003656402808,0.288080,0,3384,0,32,0,0,0,16,1.000000,28924.199,70.845,168.666,0.776,28678.181,28663.662,14.517,75.156,1.090,0.044,0.286,11.055,0.000,0.000,21905.532,1.812,0.000,6743.327,1,3402,1674,5,3384,4608,1374.86,2056.22,300.50,5880.02,333,1035534336
3,241,1785757605242,0.0036559734,0.288361,0,3342,0,32,0,0,0,16,1.000000,28697.834,71.345,169.855,0.793,28449.589,28434.976,14.611,76.248,1.066,0.045,0.238,11.323,0.000,0.000,21761.735,1.739,0.000,6658.115,1,3360,1674,5,3342,4608,1374.86,2056.22,300.50,5876.80,333,1035534336
3,242,1785757634340,0.003655669297,0.288593,0,3397,0,32,0,0,0,16,1.000000,29025.335,72.395,170.862,0.786,28777.409,28763.151,14.256,74.892,1.076,0.051,0.259,11.736,0.000,0.000,22030.959,1.820,0.000,6716.576,1,3415,1674,5,3397,4608,1374.86,2056.22,300.50,5911.17,333,1035534336
3,243,1785757664599,0.003655324585,0.288811,0,3524,0,32,0,0,0,16,1.000000,30187.121,71.332,169.645,0.774,29940.097,29925.559,14.537,75.255,1.081,0.041,0.227,11.249,0.000,0.000,22944.418,1.781,0.000,6966.065,1,3542,1674,5,3524,4608,1374.86,2056.22,300.48,6051.75,333,1035534336
3,244,1785757695812,0.003654948901,0.289023,0,3668,0,32,0,0,0,16,1.000000,31141.470,72.107,170.474,0.776,30892.725,30877.971,14.752,76.134,1.061,0.049,0.250,11.276,0.000,0.000,23690.012,1.785,0.000,7172.908,1,3686,1674,5,3668,4608,1374.86,2056.22,300.47,6052.56,333,1035534336
3,245,1785757726565,0.003654526518,0.289211,0,3859,0,32,0,0,0,16,1.000000,30680.630,72.340,166.348,0.795,30442.449,30428.359,14.089,69.706,1.022,0.056,0.253,11.031,0.000,0.000,22240.925,1.744,0.000,8172.705,1,3877,1674,5,3859,4608,1374.86,2056.22,300.45,6056.92,333,1035534336
3,246,1785757756764,0.00365414898,0.289374,0,3995,0,32,0,0,0,16,1.000000,30130.533,68.403,163.543,0.773,29896.676,29882.843,13.828,68.229,1.020,0.050,0.241,10.590,0.000,0.000,21059.579,1.776,0.000,8809.040,1,4013,1674,5,3995,4608,1374.86,2056.22,300.45,6722.56,333,1035534336
3,247,1785757794238,0.003653795516,0.289538,0,3997,0,32,0,0,0,16,1.000000,37406.732,68.033,166.101,0.751,37165.727,37151.415,14.311,72.054,1.033,0.768,0.298,10.516,0.000,0.000,27951.024,1.716,0.000,9186.310,1,4015,1674,5,3997,4608,1374.86,2056.22,300.45,5757.78,333,1035534336
3,248,1785757825648,0.003653427753,0.289714,1,3996,0,32,0,0,0,16,1.000000,31334.164,74.627,169.476,0.764,31093.432,31079.480,13.951,69.187,1.018,0.048,0.240,11.048,0.000,0.000,22801.196,1.778,0.000,8263.580,1,4014,1674,5,3996,4608,1374.86,2056.22,300.45,5835.91,333,1035534336
