fixture,rho_target,rho_lib,N,vpc,state,ci,cj,ck,class,n_solid,cellavg_vm,cell_peak_vm,K_cell,K_far
sandwich,0.05047,0.04762,4,16,uni_x,0,0,0,grip,32,0.0000,0.0000,-1.000,0.000
sandwich,0.05047,0.04762,4,16,uni_x,3,0,0,grip,32,0.0000,0.0661,1587.602,0.004
sandwich,0.05047,0.04762,4,16,uni_x,0,1,0,grip,32,0.0000,0.0000,-1.000,0.000
sandwich,0.05047,0.04762,4,16,uni_x,3,1,0,grip,32,0.0000,0.0542,1673.871,0.003
sandwich,0.05047,0.04762,4,16,uni_x,0,2,0,grip,32,0.0000,0.0000,-1.000,0.000
sandwich,0.05047,0.04762,4,16,uni_x,3,2,0,grip,32,0.0000,0.0542,1673.871,0.003
sandwich,0.05047,0.04762,4,16,uni_x,0,3,0,grip,32,0.0000,0.0000,-1.000,0.000
sandwich,0.05047,0.04762,4,16,uni_x,3,3,0,grip,32,0.0000,0.0661,1587.602,0.004
sandwich,0.05047,0.04762,4,16,uni_x,0,0,1,grip,32,0.0000,0.0000,-1.000,0.000
sandwich,0.05047,0.04762,4,16,uni_x,3,0,1,grip,32,0.0000,0.0542,1673.871,0.003
sandwich,0.05047,0.04762,4,16,uni_x,0,1,1,grip,32,0.0000,0.0000,-1.000,0.000
sandwich,0.05047,0.04762,4,16,uni_x,3,1,1,grip,32,0.0000,0.0241,5764.589,0.001
sandwich,0.05047,0.04762,4,16,uni_x,0,2,1,grip,32,0.0000,0.0000,-1.000,0.000
sandwich,0.05047,0.04762,4,16,uni_x,3,2,1,grip,32,0.0000,0.0241,5764.589,0.001
sandwich,0.05047,0.04762,4,16,uni_x,0,3,1,grip,32,0.0000,0.0000,-1.000,0.000
sandwich,0.05047,0.04762,4,16,uni_x,3,3,1,grip,32,0.0000,0.0542,1673.871,0.003
sandwich,0.05047,0.04762,4,16,uni_x,0,0,2,grip,32,0.0000,0.0000,-1.000,0.000
sandwich,0.05047,0.04762,4,16,uni_x,3,0,2,grip,32,0.0000,0.0542,1673.871,0.003
sandwich,0.05047,0.04762,4,16,uni_x,0,1,2,grip,32,0.0000,0.0000,-1.000,0.000
sandwich,0.05047,0.04762,4,16,uni_x,3,1,2,grip,32,0.0000,0.0241,5764.589,0.001
sandwich,0.05047,0.04762,4,16,uni_x,0,2,2,grip,32,0.0000,0.0000,-1.000,0.000
sandwich,0.05047,0.04762,4,16,uni_x,3,2,2,grip,32,0.0000,0.0241,5764.589,0.001
sandwich,0.05047,0.04762,4,16,uni_x,0,3,2,grip,32,0.0000,0.0000,-1.000,0.000
sandwich,0.05047,0.04762,4,16,uni_x,3,3,2,grip,32,0.0000,0.0542,1673.871,0.003
sandwich,0.05047,0.04762,4,16,uni_x,0,0,3,grip,32,0.0000,0.0000,-1.000,0.000
sandwich,0.05047,0.04762,4,16,uni_x,3,0,3,grip,32,0.0000,0.0661,1587.602,0.004
sandwich,0.05047,0.04762,4,16,uni_x,0,1,3,grip,32,0.0000,0.0000,-1.000,0.000
sandwich,0.05047,0.04762,4,16,uni_x,3,1,3,grip,32,0.0000,0.0542,1673.871,0.003
sandwich,0.05047,0.04762,4,16,uni_x,0,2,3,grip,32,0.0000,0.0000,-1.000,0.000
sandwich,0.05047,0.04762,4,16,uni_x,3,2,3,grip,32,0.0000,0.0542,1673.871,0.003
sandwich,0.05047,0.04762,4,16,uni_x,0,3,3,grip,32,0.0000,0.0000,-1.000,0.000
sandwich,0.05047,0.04762,4,16,uni_x,3,3,3,grip,32,0.0000,0.0661,1587.602,0.004
sandwich,0.05047,0.04762,4,16,uni_z,0,0,0,grip,32,13.9441,2296.8739,164.720,122.736
sandwich,0.05047,0.04762,4,16,uni_z,3,0,0,grip,32,13.9441,2296.8739,164.720,122.736
sandwich,0.05047,0.04762,4,16,uni_z,0,1,0,grip,32,13.9904,2296.8739,164.175,122.736
sandwich,0.05047,0.04762,4,16,uni_z,3,1,0,grip,32,13.9904,2296.8739,164.175,122.736
sandwich,0.05047,0.04762,4,16,uni_z,0,2,0,grip,32,13.9904,2296.8739,164.175,122.736
sandwich,0.05047,0.04762,4,16,uni_z,3,2,0,grip,32,13.9904,2296.8739,164.175,122.736
sandwich,0.05047,0.04762,4,16,uni_z,0,3,0,grip,32,13.9441,2296.8739,164.720,122.736
sandwich,0.05047,0.04762,4,16,uni_z,3,3,0,grip,32,13.9441,2296.8739,164.720,122.736
sandwich,0.05047,0.04762,4,16,uni_z,0,0,1,grip,32,14.3282,2296.8741,160.304,122.736
sandwich,0.05047,0.04762,4,16,uni_z,3,0,1,grip,32,14.3282,2296.8741,160.304,122.736
sandwich,0.05047,0.04762,4,16,uni_z,0,1,1,grip,32,14.3932,2296.8741,159.581,122.736
sandwich,0.05047,0.04762,4,16,uni_z,3,1,1,grip,32,14.3932,2296.8741,159.581,122.736
sandwich,0.05047,0.04762,4,16,uni_z,0,2,1,grip,32,14.3932,2296.8741,159.581,122.736
sandwich,0.05047,0.04762,4,16,uni_z,3,2,1,grip,32,14.3932,2296.8741,159.581,122.736
sandwich,0.05047,0.04762,4,16,uni_z,0,3,1,grip,32,14.3282,2296.8741,160.304,122.736
sandwich,0.05047,0.04762,4,16,uni_z,3,3,1,grip,32,14.3282,2296.8741,160.304,122.736
sandwich,0.05047,0.04762,4,16,uni_z,0,0,2,grip,32,14.3282,2296.8745,160.304,122.736
sandwich,0.05047,0.04762,4,16,uni_z,3,0,2,grip,32,14.3282,2296.8745,160.304,122.736
sandwich,0.05047,0.04762,4,16,uni_z,0,1,2,grip,32,14.3932,2296.8746,159.581,122.736
sandwich,0.05047,0.04762,4,16,uni_z,3,1,2,grip,32,14.3932,2296.8746,159.581,122.736
sandwich,0.05047,0.04762,4,16,uni_z,0,2,2,grip,32,14.3932,2296.8746,159.581,122.736
sandwich,0.05047,0.04762,4,16,uni_z,3,2,2,grip,32,14.3932,2296.8746,159.581,122.736
sandwich,0.05047,0.04762,4,16,uni_z,0,3,2,grip,32,14.3282,2296.8745,160.304,122.736
sandwich,0.05047,0.04762,4,16,uni_z,3,3,2,grip,32,14.3282,2296.8745,160.304,122.736
sandwich,0.05047,0.04762,4,16,uni_z,0,0,3,grip,32,13.9441,2296.8726,164.720,122.736
sandwich,0.05047,0.04762,4,16,uni_z,3,0,3,grip,32,13.9441,2296.8726,164.720,122.736
sandwich,0.05047,0.04762,4,16,uni_z,0,1,3,grip,32,13.9904,2296.8724,164.174,122.736
sandwich,0.05047,0.04762,4,16,uni_z,3,1,3,grip,32,13.9904,2296.8724,164.174,122.736
sandwich,0.05047,0.04762,4,16,uni_z,0,2,3,grip,32,13.9904,2296.8724,164.174,122.736
sandwich,0.05047,0.04762,4,16,uni_z,3,2,3,grip,32,13.9904,2296.8724,164.174,122.736
sandwich,0.05047,0.04762,4,16,uni_z,0,3,3,grip,32,13.9441,2296.8726,164.720,122.736
sandwich,0.05047,0.04762,4,16,uni_z,3,3,3,grip,32,13.9441,2296.8726,164.720,122.736
sandwich,0.05047,0.04762,4,16,biax_xy,0,0,0,grip,32,13.9441,2296.8739,164.720,122.736
sandwich,0.05047,0.04762,4,16,biax_xy,3,0,0,grip,32,13.9441,2296.8680,164.720,122.736
sandwich,0.05047,0.04762,4,16,biax_xy,0,1,0,grip,32,14.3282,2296.8741,160.304,122.736
sandwich,0.05047,0.04762,4,16,biax_xy,3,1,0,grip,32,14.3282,2296.8684,160.304,122.736
sandwich,0.05047,0.04762,4,16,biax_xy,0,2,0,grip,32,14.3282,2296.8745,160.304,122.736
sandwich,0.05047,0.04762,4,16,biax_xy,3,2,0,grip,32,14.3282,2296.8688,160.304,122.736
sandwich,0.05047,0.04762,4,16,biax_xy,0,3,0,grip,32,13.9441,2296.8726,164.720,122.736
sandwich,0.05047,0.04762,4,16,biax_xy,3,3,0,grip,32,13.9441,2296.8667,164.720,122.736
sandwich,0.05047,0.04762,4,16,biax_xy,0,0,1,grip,32,13.9904,2296.8739,164.175,122.736
sandwich,0.05047,0.04762,4,16,biax_xy,3,0,1,grip,32,13.9905,2296.8683,164.174,122.736
sandwich,0.05047,0.04762,4,16,biax_xy,0,1,1,grip,32,14.3932,2296.8741,159.581,122.736
sandwich,0.05047,0.04762,4,16,biax_xy,3,1,1,grip,32,14.3931,2296.8682,159.581,122.736
sandwich,0.05047,0.04762,4,16,biax_xy,0,2,1,grip,32,14.3932,2296.8746,159.581,122.736
sandwich,0.05047,0.04762,4,16,biax_xy,3,2,1,grip,32,14.3931,2296.8686,159.581,122.736
sandwich,0.05047,0.04762,4,16,biax_xy,0,3,1,grip,32,13.9904,2296.8724,164.174,122.736
sandwich,0.05047,0.04762,4,16,biax_xy,3,3,1,grip,32,13.9905,2296.8668,164.174,122.736
sandwich,0.05047,0.04762,4,16,biax_xy,0,0,2,grip,32,13.9904,2296.8739,164.175,122.736
sandwich,0.05047,0.04762,4,16,biax_xy,3,0,2,grip,32,13.9905,2296.8683,164.174,122.736
sandwich,0.05047,0.04762,4,16,biax_xy,0,1,2,grip,32,14.3932,2296.8741,159.581,122.736
sandwich,0.05047,0.04762,4,16,biax_xy,3,1,2,grip,32,14.3931,2296.8682,159.581,122.736
sandwich,0.05047,0.04762,4,16,biax_xy,0,2,2,grip,32,14.3932,2296.8746,159.581,122.736
sandwich,0.05047,0.04762,4,16,biax_xy,3,2,2,grip,32,14.3931,2296.8686,159.581,122.736
sandwich,0.05047,0.04762,4,16,biax_xy,0,3,2,grip,32,13.9904,2296.8724,164.174,122.736
sandwich,0.05047,0.04762,4,16,biax_xy,3,3,2,grip,32,13.9905,2296.8668,164.174,122.736
sandwich,0.05047,0.04762,4,16,biax_xy,0,0,3,grip,32,13.9441,2296.8739,164.720,122.736
sandwich,0.05047,0.04762,4,16,biax_xy,3,0,3,grip,32,13.9441,2296.8680,164.720,122.736
sandwich,0.05047,0.04762,4,16,biax_xy,0,1,3,grip,32,14.3282,2296.8741,160.304,122.736
sandwich,0.05047,0.04762,4,16,biax_xy,3,1,3,grip,32,14.3282,2296.8684,160.304,122.736
sandwich,0.05047,0.04762,4,16,biax_xy,0,2,3,grip,32,14.3282,2296.8745,160.304,122.736
sandwich,0.05047,0.04762,4,16,biax_xy,3,2,3,grip,32,14.3282,2296.8688,160.304,122.736
sandwich,0.05047,0.04762,4,16,biax_xy,0,3,3,grip,32,13.9441,2296.8726,164.720,122.736
sandwich,0.05047,0.04762,4,16,biax_xy,3,3,3,grip,32,13.9441,2296.8667,164.720,122.736
sandwich,0.05047,0.04762,4,16,shear_xy,0,0,0,grip,32,0.0000,0.0024,2311.472,0.000
sandwich,0.05047,0.04762,4,16,shear_xy,3,0,0,grip,32,0.0000,0.0294,2121.492,0.001
sandwich,0.05047,0.04762,4,16,shear_xy,0,1,0,grip,32,0.0000,0.0047,2628.446,0.000
sandwich,0.05047,0.04762,4,16,shear_xy,3,1,0,grip,32,0.0000,0.0153,3049.367,0.001
sandwich,0.05047,0.04762,4,16,shear_xy,0,2,0,grip,32,0.0000,0.0070,2460.851,0.000
sandwich,0.05047,0.04762,4,16,shear_xy,3,2,0,grip,32,0.0000,0.0167,3047.137,0.001
sandwich,0.05047,0.04762,4,16,shear_xy,0,3,0,grip,32,0.0000,0.0092,949.536,0.000
sandwich,0.05047,0.04762,4,16,shear_xy,3,3,0,grip,32,0.0000,0.0313,1492.988,0.001
sandwich,0.05047,0.04762,4,16,shear_xy,0,0,1,grip,32,0.0000,0.0017,4192.693,0.000
sandwich,0.05047,0.04762,4,16,shear_xy,3,0,1,grip,32,0.0000,0.0267,3160.645,0.001
sandwich,0.05047,0.04762,4,16,shear_xy,0,1,1,grip,32,0.0000,0.0033,2022.326,0.000
sandwich,0.05047,0.04762,4,16,shear_xy,3,1,1,grip,32,0.0000,0.0083,398.799,0.000
sandwich,0.05047,0.04762,4,16,shear_xy,0,2,1,grip,32,0.0000,0.0049,1845.147,0.000
sandwich,0.05047,0.04762,4,16,shear_xy,3,2,1,grip,32,0.0000,0.0090,434.320,0.000
sandwich,0.05047,0.04762,4,16,shear_xy,0,3,1,grip,32,0.0000,0.0090,2239.705,0.000
sandwich,0.05047,0.04762,4,16,shear_xy,3,3,1,grip,32,0.0000,0.0275,2357.764,0.001
sandwich,0.05047,0.04762,4,16,shear_xy,0,0,2,grip,32,0.0000,0.0017,4192.693,0.000
sandwich,0.05047,0.04762,4,16,shear_xy,3,0,2,grip,32,0.0000,0.0267,3160.645,0.001
sandwich,0.05047,0.04762,4,16,shear_xy,0,1,2,grip,32,0.0000,0.0033,2022.326,0.000
sandwich,0.05047,0.04762,4,16,shear_xy,3,1,2,grip,32,0.0000,0.0083,398.799,0.000
sandwich,0.05047,0.04762,4,16,shear_xy,0,2,2,grip,32,0.0000,0.0049,1845.147,0.000
sandwich,0.05047,0.04762,4,16,shear_xy,3,2,2,grip,32,0.0000,0.0090,434.320,0.000
sandwich,0.05047,0.04762,4,16,shear_xy,0,3,2,grip,32,0.0000,0.0090,2239.705,0.000
sandwich,0.05047,0.04762,4,16,shear_xy,3,3,2,grip,32,0.0000,0.0275,2357.764,0.001
sandwich,0.05047,0.04762,4,16,shear_xy,0,0,3,grip,32,0.0000,0.0024,2311.472,0.000
sandwich,0.05047,0.04762,4,16,shear_xy,3,0,3,grip,32,0.0000,0.0294,2121.492,0.001
sandwich,0.05047,0.04762,4,16,shear_xy,0,1,3,grip,32,0.0000,0.0047,2628.446,0.000
sandwich,0.05047,0.04762,4,16,shear_xy,3,1,3,grip,32,0.0000,0.0153,3049.367,0.001
sandwich,0.05047,0.04762,4,16,shear_xy,0,2,3,grip,32,0.0000,0.0070,2460.851,0.000
sandwich,0.05047,0.04762,4,16,shear_xy,3,2,3,grip,32,0.0000,0.0167,3047.137,0.001
sandwich,0.05047,0.04762,4,16,shear_xy,0,3,3,grip,32,0.0000,0.0092,949.536,0.000
sandwich,0.05047,0.04762,4,16,shear_xy,3,3,3,grip,32,0.0000,0.0313,1492.988,0.001
sandwich,0.05047,0.04762,4,16,shear_diag,0,0,0,grip,32,13.9441,2296.8739,164.720,70.862
sandwich,0.05047,0.04762,4,16,shear_diag,3,0,0,grip,32,13.9441,2296.8798,164.721,70.862
sandwich,0.05047,0.04762,4,16,shear_diag,0,1,0,grip,32,14.3282,2296.8741,160.304,70.862
sandwich,0.05047,0.04762,4,16,shear_diag,3,1,0,grip,32,14.3283,2296.8798,160.304,70.862
sandwich,0.05047,0.04762,4,16,shear_diag,0,2,0,grip,32,14.3282,2296.8745,160.304,70.862
sandwich,0.05047,0.04762,4,16,shear_diag,3,2,0,grip,32,14.3283,2296.8801,160.304,70.862
sandwich,0.05047,0.04762,4,16,shear_diag,0,3,0,grip,32,13.9441,2296.8726,164.720,70.862
sandwich,0.05047,0.04762,4,16,shear_diag,3,3,0,grip,32,13.9441,2296.8785,164.721,70.862
sandwich,0.05047,0.04762,4,16,shear_diag,0,0,1,grip,32,13.9904,2296.8739,164.175,70.862
sandwich,0.05047,0.04762,4,16,shear_diag,3,0,1,grip,32,13.9904,2296.8795,164.175,70.862
sandwich,0.05047,0.04762,4,16,shear_diag,0,1,1,grip,32,14.3932,2296.8741,159.581,70.862
sandwich,0.05047,0.04762,4,16,shear_diag,3,1,1,grip,32,14.3932,2296.8800,159.581,70.862
sandwich,0.05047,0.04762,4,16,shear_diag,0,2,1,grip,32,14.3932,2296.8746,159.581,70.862
sandwich,0.05047,0.04762,4,16,shear_diag,3,2,1,grip,32,14.3932,2296.8806,159.581,70.862
sandwich,0.05047,0.04762,4,16,shear_diag,0,3,1,grip,32,13.9904,2296.8724,164.174,70.862
sandwich,0.05047,0.04762,4,16,shear_diag,3,3,1,grip,32,13.9904,2296.8781,164.175,70.862
sandwich,0.05047,0.04762,4,16,shear_diag,0,0,2,grip,32,13.9904,2296.8739,164.175,70.862
sandwich,0.05047,0.04762,4,16,shear_diag,3,0,2,grip,32,13.9904,2296.8795,164.175,70.862
sandwich,0.05047,0.04762,4,16,shear_diag,0,1,2,grip,32,14.3932,2296.8741,159.581,70.862
sandwich,0.05047,0.04762,4,16,shear_diag,3,1,2,grip,32,14.3932,2296.8800,159.581,70.862
sandwich,0.05047,0.04762,4,16,shear_diag,0,2,2,grip,32,14.3932,2296.8746,159.581,70.862
sandwich,0.05047,0.04762,4,16,shear_diag,3,2,2,grip,32,14.3932,2296.8806,159.581,70.862
sandwich,0.05047,0.04762,4,16,shear_diag,0,3,2,grip,32,13.9904,2296.8724,164.174,70.862
sandwich,0.05047,0.04762,4,16,shear_diag,3,3,2,grip,32,13.9904,2296.8781,164.175,70.862
sandwich,0.05047,0.04762,4,16,shear_diag,0,0,3,grip,32,13.9441,2296.8739,164.720,70.862
sandwich,0.05047,0.04762,4,16,shear_diag,3,0,3,grip,32,13.9441,2296.8798,164.721,70.862
sandwich,0.05047,0.04762,4,16,shear_diag,0,1,3,grip,32,14.3282,2296.8741,160.304,70.862
sandwich,0.05047,0.04762,4,16,shear_diag,3,1,3,grip,32,14.3283,2296.8798,160.304,70.862
sandwich,0.05047,0.04762,4,16,shear_diag,0,2,3,grip,32,14.3282,2296.8745,160.304,70.862
sandwich,0.05047,0.04762,4,16,shear_diag,3,2,3,grip,32,14.3283,2296.8801,160.304,70.862
sandwich,0.05047,0.04762,4,16,shear_diag,0,3,3,grip,32,13.9441,2296.8726,164.720,70.862
sandwich,0.05047,0.04762,4,16,shear_diag,3,3,3,grip,32,13.9441,2296.8785,164.721,70.862
sandwich,0.05047,0.04762,4,16,uni_111,0,0,0,grip,32,11.8717,2361.4428,198.913,70.051
sandwich,0.05047,0.04762,4,16,uni_111,3,0,0,grip,32,11.8717,2361.4422,198.913,70.051
sandwich,0.05047,0.04762,4,16,uni_111,0,1,0,grip,32,12.1234,2361.4436,194.783,70.051
sandwich,0.05047,0.04762,4,16,uni_111,3,1,0,grip,32,12.1234,2361.4418,194.783,70.051
sandwich,0.05047,0.04762,4,16,uni_111,0,2,0,grip,32,12.1234,2361.4444,194.783,70.051
sandwich,0.05047,0.04762,4,16,uni_111,3,2,0,grip,32,12.1234,2361.4414,194.783,70.051
sandwich,0.05047,0.04762,4,16,uni_111,0,3,0,grip,32,11.8832,2361.1297,198.695,70.042
sandwich,0.05047,0.04762,4,16,uni_111,3,3,0,grip,32,11.8832,2361.1273,198.695,70.042
sandwich,0.05047,0.04762,4,16,uni_111,0,0,1,grip,32,12.1234,2361.4436,194.783,70.051
sandwich,0.05047,0.04762,4,16,uni_111,3,0,1,grip,32,12.1234,2361.4418,194.783,70.051
sandwich,0.05047,0.04762,4,16,uni_111,0,1,1,grip,32,12.4349,2361.4444,189.904,70.051
sandwich,0.05047,0.04762,4,16,uni_111,3,1,1,grip,32,12.4349,2361.4424,189.904,70.051
sandwich,0.05047,0.04762,4,16,uni_111,0,2,1,grip,32,12.4349,2361.4452,189.904,70.051
sandwich,0.05047,0.04762,4,16,uni_111,3,2,1,grip,32,12.4349,2361.4416,189.904,70.051
sandwich,0.05047,0.04762,4,16,uni_111,0,3,1,grip,32,12.1234,2361.4435,194.783,70.051
sandwich,0.05047,0.04762,4,16,uni_111,3,3,1,grip,32,12.1235,2361.4409,194.783,70.051
sandwich,0.05047,0.04762,4,16,uni_111,0,0,2,grip,32,12.1234,2361.4444,194.783,70.051
sandwich,0.05047,0.04762,4,16,uni_111,3,0,2,grip,32,12.1234,2361.4414,194.783,70.051
sandwich,0.05047,0.04762,4,16,uni_111,0,1,2,grip,32,12.4349,2361.4452,189.904,70.051
sandwich,0.05047,0.04762,4,16,uni_111,3,1,2,grip,32,12.4349,2361.4416,189.904,70.051
sandwich,0.05047,0.04762,4,16,uni_111,0,2,2,grip,32,12.4349,2361.4460,189.904,70.051
sandwich,0.05047,0.04762,4,16,uni_111,3,2,2,grip,32,12.4349,2361.4408,189.904,70.051
sandwich,0.05047,0.04762,4,16,uni_111,0,3,2,grip,32,12.1234,2361.4440,194.783,70.051
sandwich,0.05047,0.04762,4,16,uni_111,3,3,2,grip,32,12.1235,2361.4402,194.783,70.051
sandwich,0.05047,0.04762,4,16,uni_111,0,0,3,grip,32,11.8832,2361.1297,198.695,70.042
sandwich,0.05047,0.04762,4,16,uni_111,3,0,3,grip,32,11.8832,2361.1273,198.695,70.042
sandwich,0.05047,0.04762,4,16,uni_111,0,1,3,grip,32,12.1234,2361.4435,194.783,70.051
sandwich,0.05047,0.04762,4,16,uni_111,3,1,3,grip,32,12.1235,2361.4409,194.783,70.051
sandwich,0.05047,0.04762,4,16,uni_111,0,2,3,grip,32,12.1234,2361.4440,194.783,70.051
sandwich,0.05047,0.04762,4,16,uni_111,3,2,3,grip,32,12.1235,2361.4402,194.783,70.051
sandwich,0.05047,0.04762,4,16,uni_111,0,3,3,grip,32,11.8717,2361.4446,198.914,70.051
sandwich,0.05047,0.04762,4,16,uni_111,3,3,3,grip,32,11.8717,2361.4391,198.913,70.051
sandwich,0.05047,0.04762,4,16,hydro,0,0,0,grip,32,23.2497,3790.4546,163.032,-1.000
sandwich,0.05047,0.04762,4,16,hydro,3,0,0,grip,32,23.2497,3790.4474,163.032,-1.000
sandwich,0.05047,0.04762,4,16,hydro,0,1,0,grip,32,23.6321,3790.4546,160.395,-1.000
sandwich,0.05047,0.04762,4,16,hydro,3,1,0,grip,32,23.6321,3790.4478,160.394,-1.000
sandwich,0.05047,0.04762,4,16,hydro,0,2,0,grip,32,23.6321,3790.4548,160.395,-1.000
sandwich,0.05047,0.04762,4,16,hydro,3,2,0,grip,32,23.6321,3790.4479,160.394,-1.000
sandwich,0.05047,0.04762,4,16,hydro,0,3,0,grip,32,23.2498,3790.4540,163.032,-1.000
sandwich,0.05047,0.04762,4,16,hydro,3,3,0,grip,32,23.2498,3790.4468,163.032,-1.000
sandwich,0.05047,0.04762,4,16,hydro,0,0,1,grip,32,23.6321,3790.4546,160.395,-1.000
sandwich,0.05047,0.04762,4,16,hydro,3,0,1,grip,32,23.6321,3790.4478,160.394,-1.000
sandwich,0.05047,0.04762,4,16,hydro,0,1,1,grip,32,24.0912,3790.4547,157.338,-1.000
sandwich,0.05047,0.04762,4,16,hydro,3,1,1,grip,32,24.0912,3790.4476,157.337,-1.000
sandwich,0.05047,0.04762,4,16,hydro,0,2,1,grip,32,24.0912,3790.4549,157.338,-1.000
sandwich,0.05047,0.04762,4,16,hydro,3,2,1,grip,32,24.0912,3790.4477,157.337,-1.000
sandwich,0.05047,0.04762,4,16,hydro,0,3,1,grip,32,23.6321,3790.4538,160.395,-1.000
sandwich,0.05047,0.04762,4,16,hydro,3,3,1,grip,32,23.6321,3790.4469,160.394,-1.000
sandwich,0.05047,0.04762,4,16,hydro,0,0,2,grip,32,23.6321,3790.4548,160.395,-1.000
sandwich,0.05047,0.04762,4,16,hydro,3,0,2,grip,32,23.6321,3790.4479,160.394,-1.000
sandwich,0.05047,0.04762,4,16,hydro,0,1,2,grip,32,24.0912,3790.4549,157.338,-1.000
sandwich,0.05047,0.04762,4,16,hydro,3,1,2,grip,32,24.0912,3790.4477,157.337,-1.000
sandwich,0.05047,0.04762,4,16,hydro,0,2,2,grip,32,24.0912,3790.4550,157.338,-1.000
sandwich,0.05047,0.04762,4,16,hydro,3,2,2,grip,32,24.0912,3790.4479,157.337,-1.000
sandwich,0.05047,0.04762,4,16,hydro,0,3,2,grip,32,23.6321,3790.4539,160.395,-1.000
sandwich,0.05047,0.04762,4,16,hydro,3,3,2,grip,32,23.6321,3790.4471,160.394,-1.000
sandwich,0.05047,0.04762,4,16,hydro,0,0,3,grip,32,23.2498,3790.4540,163.032,-1.000
sandwich,0.05047,0.04762,4,16,hydro,3,0,3,grip,32,23.2498,3790.4468,163.032,-1.000
sandwich,0.05047,0.04762,4,16,hydro,0,1,3,grip,32,23.6321,3790.4538,160.395,-1.000
sandwich,0.05047,0.04762,4,16,hydro,3,1,3,grip,32,23.6321,3790.4469,160.394,-1.000
sandwich,0.05047,0.04762,4,16,hydro,0,2,3,grip,32,23.6321,3790.4539,160.395,-1.000
sandwich,0.05047,0.04762,4,16,hydro,3,2,3,grip,32,23.6321,3790.4471,160.394,-1.000
sandwich,0.05047,0.04762,4,16,hydro,0,3,3,grip,32,23.2498,3790.4534,163.032,-1.000
sandwich,0.05047,0.04762,4,16,hydro,3,3,3,grip,32,23.2498,3790.4463,163.032,-1.000
sandwich,0.10000,0.09505,4,16,uni_x,0,0,0,grip,488,77.0888,3531.1015,45.806,87.155
sandwich,0.10000,0.09505,4,16,uni_x,1,0,0,free_surface,488,77.6709,2831.4044,36.454,69.885
sandwich,0.10000,0.09505,4,16,uni_x,2,0,0,free_surface,488,77.6705,2831.4920,36.455,69.887
sandwich,0.10000,0.09505,4,16,uni_x,3,0,0,grip,488,77.0887,3531.0634,45.805,87.154
sandwich,0.10000,0.09505,4,16,uni_x,0,1,0,grip,488,68.6091,2986.2033,43.525,73.705
sandwich,0.10000,0.09505,4,16,uni_x,1,1,0,free_surface,488,82.4369,2989.7150,36.267,73.792
sandwich,0.10000,0.09505,4,16,uni_x,2,1,0,free_surface,488,82.4375,2989.7478,36.267,73.793
sandwich,0.10000,0.09505,4,16,uni_x,3,1,0,grip,488,68.6093,2986.2013,43.525,73.705
sandwich,0.10000,0.09505,4,16,uni_x,0,2,0,grip,488,68.6091,2986.2033,43.525,73.705
sandwich,0.10000,0.09505,4,16,uni_x,1,2,0,free_surface,488,82.4369,2989.7150,36.267,73.792
sandwich,0.10000,0.09505,4,16,uni_x,2,2,0,free_surface,488,82.4375,2989.7478,36.267,73.793
sandwich,0.10000,0.09505,4,16,uni_x,3,2,0,grip,488,68.6093,2986.2013,43.525,73.705
sandwich,0.10000,0.09505,4,16,uni_x,0,3,0,grip,488,77.0888,3531.1017,45.806,87.155
sandwich,0.10000,0.09505,4,16,uni_x,1,3,0,free_surface,488,77.6709,2831.4044,36.454,69.885
sandwich,0.10000,0.09505,4,16,uni_x,2,3,0,free_surface,488,77.6705,2831.4920,36.455,69.887
sandwich,0.10000,0.09505,4,16,uni_x,3,3,0,grip,488,77.0887,3531.0629,45.805,87.154
sandwich,0.10000,0.09505,4,16,uni_x,0,0,1,grip,488,68.6091,2986.2033,43.525,73.705
sandwich,0.10000,0.09505,4,16,uni_x,1,0,1,free_surface,488,82.4369,2989.7150,36.267,73.792
sandwich,0.10000,0.09505,4,16,uni_x,2,0,1,free_surface,488,82.4375,2989.7478,36.267,73.793
sandwich,0.10000,0.09505,4,16,uni_x,3,0,1,grip,488,68.6093,2986.2013,43.525,73.705
sandwich,0.10000,0.09505,4,16,uni_x,0,1,1,grip,488,58.0246,2635.7777,45.425,65.056
sandwich,0.10000,0.09505,4,16,uni_x,1,1,1,interior,488,86.1231,3030.1262,35.184,74.790
sandwich,0.10000,0.09505,4,16,uni_x,2,1,1,interior,488,86.1240,3030.1008,35.183,74.789
sandwich,0.10000,0.09505,4,16,uni_x,3,1,1,grip,488,58.0255,2635.8474,45.426,65.058
sandwich,0.10000,0.09505,4,16,uni_x,0,2,1,grip,488,58.0246,2635.7777,45.425,65.056
sandwich,0.10000,0.09505,4,16,uni_x,1,2,1,interior,488,86.1231,3030.1262,35.184,74.790
sandwich,0.10000,0.09505,4,16,uni_x,2,2,1,interior,488,86.1240,3030.1008,35.183,74.789
sandwich,0.10000,0.09505,4,16,uni_x,3,2,1,grip,488,58.0255,2635.8474,45.426,65.058
sandwich,0.10000,0.09505,4,16,uni_x,0,3,1,grip,488,68.6091,2986.2033,43.525,73.705
sandwich,0.10000,0.09505,4,16,uni_x,1,3,1,free_surface,488,82.4369,2989.7150,36.267,73.792
sandwich,0.10000,0.09505,4,16,uni_x,2,3,1,free_surface,488,82.4375,2989.7478,36.267,73.793
sandwich,0.10000,0.09505,4,16,uni_x,3,3,1,grip,488,68.6093,2986.2013,43.525,73.705
sandwich,0.10000,0.09505,4,16,uni_x,0,0,2,grip,488,68.6091,2986.2033,43.525,73.705
sandwich,0.10000,0.09505,4,16,uni_x,1,0,2,free_surface,488,82.4369,2989.7150,36.267,73.792
sandwich,0.10000,0.09505,4,16,uni_x,2,0,2,free_surface,488,82.4375,2989.7478,36.267,73.793
sandwich,0.10000,0.09505,4,16,uni_x,3,0,2,grip,488,68.6093,2986.2013,43.525,73.705
sandwich,0.10000,0.09505,4,16,uni_x,0,1,2,grip,488,58.0246,2635.7777,45.425,65.056
sandwich,0.10000,0.09505,4,16,uni_x,1,1,2,interior,488,86.1231,3030.1262,35.184,74.790
sandwich,0.10000,0.09505,4,16,uni_x,2,1,2,interior,488,86.1240,3030.1008,35.183,74.789
sandwich,0.10000,0.09505,4,16,uni_x,3,1,2,grip,488,58.0255,2635.8474,45.426,65.058
sandwich,0.10000,0.09505,4,16,uni_x,0,2,2,grip,488,58.0246,2635.7777,45.425,65.056
sandwich,0.10000,0.09505,4,16,uni_x,1,2,2,interior,488,86.1231,3030.1262,35.184,74.790
sandwich,0.10000,0.09505,4,16,uni_x,2,2,2,interior,488,86.1240,3030.1008,35.183,74.789
sandwich,0.10000,0.09505,4,16,uni_x,3,2,2,grip,488,58.0255,2635.8474,45.426,65.058
sandwich,0.10000,0.09505,4,16,uni_x,0,3,2,grip,488,68.6091,2986.2033,43.525,73.705
sandwich,0.10000,0.09505,4,16,uni_x,1,3,2,free_surface,488,82.4369,2989.7150,36.267,73.792
sandwich,0.10000,0.09505,4,16,uni_x,2,3,2,free_surface,488,82.4375,2989.7478,36.267,73.793
sandwich,0.10000,0.09505,4,16,uni_x,3,3,2,grip,488,68.6093,2986.2013,43.525,73.705
sandwich,0.10000,0.09505,4,16,uni_x,0,0,3,grip,488,77.0888,3531.1018,45.806,87.155
sandwich,0.10000,0.09505,4,16,uni_x,1,0,3,free_surface,488,77.6709,2831.4044,36.454,69.885
sandwich,0.10000,0.09505,4,16,uni_x,2,0,3,free_surface,488,77.6705,2831.4921,36.455,69.887
sandwich,0.10000,0.09505,4,16,uni_x,3,0,3,grip,488,77.0887,3531.0629,45.805,87.154
sandwich,0.10000,0.09505,4,16,uni_x,0,1,3,grip,488,68.6091,2986.2033,43.525,73.705
sandwich,0.10000,0.09505,4,16,uni_x,1,1,3,free_surface,488,82.4369,2989.7150,36.267,73.792
sandwich,0.10000,0.09505,4,16,uni_x,2,1,3,free_surface,488,82.4375,2989.7478,36.267,73.793
sandwich,0.10000,0.09505,4,16,uni_x,3,1,3,grip,488,68.6093,2986.2013,43.525,73.705
sandwich,0.10000,0.09505,4,16,uni_x,0,2,3,grip,488,68.6091,2986.2033,43.525,73.705
sandwich,0.10000,0.09505,4,16,uni_x,1,2,3,free_surface,488,82.4369,2989.7150,36.267,73.792
sandwich,0.10000,0.09505,4,16,uni_x,2,2,3,free_surface,488,82.4375,2989.7478,36.267,73.793
sandwich,0.10000,0.09505,4,16,uni_x,3,2,3,grip,488,68.6093,2986.2013,43.525,73.705
sandwich,0.10000,0.09505,4,16,uni_x,0,3,3,grip,488,77.0888,3531.1016,45.806,87.155
sandwich,0.10000,0.09505,4,16,uni_x,1,3,3,free_surface,488,77.6709,2831.4044,36.454,69.885
sandwich,0.10000,0.09505,4,16,uni_x,2,3,3,free_surface,488,77.6705,2831.4920,36.455,69.887
sandwich,0.10000,0.09505,4,16,uni_x,3,3,3,grip,488,77.0887,3531.0634,45.805,87.154
sandwich,0.10000,0.09505,4,16,uni_z,0,0,0,grip,488,96.3941,3606.3863,37.413,89.013
sandwich,0.10000,0.09505,4,16,uni_z,1,0,0,free_surface,488,11.4369,869.8811,76.059,21.470
sandwich,0.10000,0.09505,4,16,uni_z,2,0,0,free_surface,488,11.4369,869.8811,76.059,21.470
sandwich,0.10000,0.09505,4,16,uni_z,3,0,0,grip,488,96.3941,3606.3863,37.413,89.013
sandwich,0.10000,0.09505,4,16,uni_z,0,1,0,grip,488,95.1033,3604.1594,37.897,88.958
sandwich,0.10000,0.09505,4,16,uni_z,1,1,0,free_surface,488,11.2639,655.2272,58.170,16.172
sandwich,0.10000,0.09505,4,16,uni_z,2,1,0,free_surface,488,11.2639,655.2272,58.170,16.172
sandwich,0.10000,0.09505,4,16,uni_z,3,1,0,grip,488,95.1033,3604.1594,37.897,88.958
sandwich,0.10000,0.09505,4,16,uni_z,0,2,0,grip,488,95.1033,3604.1594,37.897,88.958
sandwich,0.10000,0.09505,4,16,uni_z,1,2,0,free_surface,488,11.2639,655.2272,58.170,16.172
sandwich,0.10000,0.09505,4,16,uni_z,2,2,0,free_surface,488,11.2639,655.2272,58.170,16.172
sandwich,0.10000,0.09505,4,16,uni_z,3,2,0,grip,488,95.1033,3604.1594,37.897,88.958
sandwich,0.10000,0.09505,4,16,uni_z,0,3,0,grip,488,96.3941,3606.3863,37.413,89.013
sandwich,0.10000,0.09505,4,16,uni_z,1,3,0,free_surface,488,11.4369,869.8811,76.059,21.470
sandwich,0.10000,0.09505,4,16,uni_z,2,3,0,free_surface,488,11.4369,869.8811,76.059,21.470
sandwich,0.10000,0.09505,4,16,uni_z,3,3,0,grip,488,96.3941,3606.3863,37.413,89.013
sandwich,0.10000,0.09505,4,16,uni_z,0,0,1,grip,488,91.0274,3598.2524,39.529,88.812
sandwich,0.10000,0.09505,4,16,uni_z,1,0,1,free_surface,488,22.3990,1358.2292,60.638,33.524
sandwich,0.10000,0.09505,4,16,uni_z,2,0,1,free_surface,488,22.3990,1358.2292,60.638,33.524
sandwich,0.10000,0.09505,4,16,uni_z,3,0,1,grip,488,91.0274,3598.2524,39.529,88.812
sandwich,0.10000,0.09505,4,16,uni_z,0,1,1,grip,488,90.7782,3564.7200,39.268,87.984
sandwich,0.10000,0.09505,4,16,uni_z,1,1,1,interior,488,22.1170,1366.4363,61.782,33.726
sandwich,0.10000,0.09505,4,16,uni_z,2,1,1,interior,488,22.1170,1366.4363,61.782,33.726
sandwich,0.10000,0.09505,4,16,uni_z,3,1,1,grip,488,90.7782,3564.7200,39.268,87.984
sandwich,0.10000,0.09505,4,16,uni_z,0,2,1,grip,488,90.7782,3564.7200,39.268,87.984
sandwich,0.10000,0.09505,4,16,uni_z,1,2,1,interior,488,22.1170,1366.4363,61.782,33.726
sandwich,0.10000,0.09505,4,16,uni_z,2,2,1,interior,488,22.1170,1366.4363,61.782,33.726
sandwich,0.10000,0.09505,4,16,uni_z,3,2,1,grip,488,90.7782,3564.7200,39.268,87.984
sandwich,0.10000,0.09505,4,16,uni_z,0,3,1,grip,488,91.0274,3598.2524,39.529,88.812
sandwich,0.10000,0.09505,4,16,uni_z,1,3,1,free_surface,488,22.3990,1358.2292,60.638,33.524
sandwich,0.10000,0.09505,4,16,uni_z,2,3,1,free_surface,488,22.3990,1358.2292,60.638,33.524
sandwich,0.10000,0.09505,4,16,uni_z,3,3,1,grip,488,91.0274,3598.2524,39.529,88.812
sandwich,0.10000,0.09505,4,16,uni_z,0,0,2,grip,488,91.0274,3598.2506,39.529,88.812
sandwich,0.10000,0.09505,4,16,uni_z,1,0,2,free_surface,488,22.3990,1358.2368,60.638,33.524
sandwich,0.10000,0.09505,4,16,uni_z,2,0,2,free_surface,488,22.3990,1358.2368,60.638,33.524
sandwich,0.10000,0.09505,4,16,uni_z,3,0,2,grip,488,91.0274,3598.2506,39.529,88.812
sandwich,0.10000,0.09505,4,16,uni_z,0,1,2,grip,488,90.7784,3564.7181,39.268,87.984
sandwich,0.10000,0.09505,4,16,uni_z,1,1,2,interior,488,22.1173,1366.4637,61.783,33.727
sandwich,0.10000,0.09505,4,16,uni_z,2,1,2,interior,488,22.1173,1366.4637,61.783,33.727
sandwich,0.10000,0.09505,4,16,uni_z,3,1,2,grip,488,90.7784,3564.7181,39.268,87.984
sandwich,0.10000,0.09505,4,16,uni_z,0,2,2,grip,488,90.7784,3564.7181,39.268,87.984
sandwich,0.10000,0.09505,4,16,uni_z,1,2,2,interior,488,22.1173,1366.4637,61.783,33.727
sandwich,0.10000,0.09505,4,16,uni_z,2,2,2,interior,488,22.1173,1366.4637,61.783,33.727
sandwich,0.10000,0.09505,4,16,uni_z,3,2,2,grip,488,90.7784,3564.7181,39.268,87.984
sandwich,0.10000,0.09505,4,16,uni_z,0,3,2,grip,488,91.0274,3598.2506,39.529,88.812
sandwich,0.10000,0.09505,4,16,uni_z,1,3,2,free_surface,488,22.3990,1358.2368,60.638,33.524
sandwich,0.10000,0.09505,4,16,uni_z,2,3,2,free_surface,488,22.3990,1358.2368,60.638,33.524
sandwich,0.10000,0.09505,4,16,uni_z,3,3,2,grip,488,91.0274,3598.2506,39.529,88.812
sandwich,0.10000,0.09505,4,16,uni_z,0,0,3,grip,488,96.3940,3606.3881,37.413,89.013
sandwich,0.10000,0.09505,4,16,uni_z,1,0,3,free_surface,488,11.4370,869.8767,76.058,21.470
sandwich,0.10000,0.09505,4,16,uni_z,2,0,3,free_surface,488,11.4370,869.8767,76.058,21.470
sandwich,0.10000,0.09505,4,16,uni_z,3,0,3,grip,488,96.3940,3606.3881,37.413,89.013
sandwich,0.10000,0.09505,4,16,uni_z,0,1,3,grip,488,95.1035,3604.1597,37.897,88.958
sandwich,0.10000,0.09505,4,16,uni_z,1,1,3,free_surface,488,11.2644,655.2299,58.168,16.172
sandwich,0.10000,0.09505,4,16,uni_z,2,1,3,free_surface,488,11.2644,655.2299,58.168,16.172
sandwich,0.10000,0.09505,4,16,uni_z,3,1,3,grip,488,95.1035,3604.1597,37.897,88.958
sandwich,0.10000,0.09505,4,16,uni_z,0,2,3,grip,488,95.1035,3604.1597,37.897,88.958
sandwich,0.10000,0.09505,4,16,uni_z,1,2,3,free_surface,488,11.2644,655.2299,58.168,16.172
sandwich,0.10000,0.09505,4,16,uni_z,2,2,3,free_surface,488,11.2644,655.2299,58.168,16.172
sandwich,0.10000,0.09505,4,16,uni_z,3,2,3,grip,488,95.1035,3604.1597,37.897,88.958
sandwich,0.10000,0.09505,4,16,uni_z,0,3,3,grip,488,96.3940,3606.3881,37.413,89.013
sandwich,0.10000,0.09505,4,16,uni_z,1,3,3,free_surface,488,11.4370,869.8767,76.058,21.470
sandwich,0.10000,0.09505,4,16,uni_z,2,3,3,free_surface,488,11.4370,869.8767,76.058,21.470
sandwich,0.10000,0.09505,4,16,uni_z,3,3,3,grip,488,96.3940,3606.3881,37.413,89.013
sandwich,0.10000,0.09505,4,16,biax_xy,0,0,0,grip,488,121.7226,6129.7502,50.358,151.295
sandwich,0.10000,0.09505,4,16,biax_xy,1,0,0,free_surface,488,78.3068,3410.5302,43.553,84.179
sandwich,0.10000,0.09505,4,16,biax_xy,2,0,0,free_surface,488,78.3065,3410.6180,43.555,84.181
sandwich,0.10000,0.09505,4,16,biax_xy,3,0,0,grip,488,121.7234,6129.7102,50.358,151.294
sandwich,0.10000,0.09505,4,16,biax_xy,0,1,0,grip,488,92.6108,4387.1659,47.372,108.284
sandwich,0.10000,0.09505,4,16,biax_xy,1,1,0,free_surface,488,97.2198,4236.7875,43.579,104.572
sandwich,0.10000,0.09505,4,16,biax_xy,2,1,0,free_surface,488,97.2204,4236.8206,43.580,104.573
sandwich,0.10000,0.09505,4,16,biax_xy,3,1,0,grip,488,92.6107,4387.1804,47.372,108.284
sandwich,0.10000,0.09505,4,16,biax_xy,0,2,0,grip,488,92.6107,4387.1564,47.372,108.284
sandwich,0.10000,0.09505,4,16,biax_xy,1,2,0,free_surface,488,97.2198,4236.7972,43.580,104.573
sandwich,0.10000,0.09505,4,16,biax_xy,2,2,0,free_surface,488,97.2204,4236.8302,43.580,104.573
sandwich,0.10000,0.09505,4,16,biax_xy,3,2,0,grip,488,92.6107,4387.1707,47.372,108.284
sandwich,0.10000,0.09505,4,16,biax_xy,0,3,0,grip,488,121.7226,6129.7626,50.358,151.295
sandwich,0.10000,0.09505,4,16,biax_xy,1,3,0,free_surface,488,78.3066,3410.5624,43.554,84.180
sandwich,0.10000,0.09505,4,16,biax_xy,2,3,0,free_surface,488,78.3063,3410.6502,43.555,84.182
sandwich,0.10000,0.09505,4,16,biax_xy,3,3,0,grip,488,121.7234,6129.7220,50.358,151.294
sandwich,0.10000,0.09505,4,16,biax_xy,0,0,1,grip,488,113.1214,5344.5340,47.246,131.914
sandwich,0.10000,0.09505,4,16,biax_xy,1,0,1,free_surface,488,84.2116,3529.1333,41.908,87.106
sandwich,0.10000,0.09505,4,16,biax_xy,2,0,1,free_surface,488,84.2123,3529.1685,41.908,87.107
sandwich,0.10000,0.09505,4,16,biax_xy,3,0,1,grip,488,113.1223,5344.5919,47.246,131.915
sandwich,0.10000,0.09505,4,16,biax_xy,0,1,1,grip,488,80.3829,4165.3171,51.818,102.808
sandwich,0.10000,0.09505,4,16,biax_xy,1,1,1,interior,488,100.3052,4337.8026,43.246,107.066
sandwich,0.10000,0.09505,4,16,biax_xy,2,1,1,interior,488,100.3062,4337.7771,43.245,107.065
sandwich,0.10000,0.09505,4,16,biax_xy,3,1,1,grip,488,80.3833,4165.3532,51.819,102.809
sandwich,0.10000,0.09505,4,16,biax_xy,0,2,1,grip,488,80.3831,4165.3310,51.819,102.809
sandwich,0.10000,0.09505,4,16,biax_xy,1,2,1,interior,488,100.3055,4337.8130,43.246,107.066
sandwich,0.10000,0.09505,4,16,biax_xy,2,2,1,interior,488,100.3065,4337.7874,43.245,107.065
sandwich,0.10000,0.09505,4,16,biax_xy,3,2,1,grip,488,80.3835,4165.3672,51.819,102.810
sandwich,0.10000,0.09505,4,16,biax_xy,0,3,1,grip,488,113.1215,5344.5259,47.246,131.914
sandwich,0.10000,0.09505,4,16,biax_xy,1,3,1,free_surface,488,84.2120,3529.1472,41.908,87.106
sandwich,0.10000,0.09505,4,16,biax_xy,2,3,1,free_surface,488,84.2127,3529.1825,41.908,87.107
sandwich,0.10000,0.09505,4,16,biax_xy,3,3,1,grip,488,113.1224,5344.5838,47.246,131.915
sandwich,0.10000,0.09505,4,16,biax_xy,0,0,2,grip,488,113.1214,5344.5340,47.246,131.914
sandwich,0.10000,0.09505,4,16,biax_xy,1,0,2,free_surface,488,84.2116,3529.1333,41.908,87.106
sandwich,0.10000,0.09505,4,16,biax_xy,2,0,2,free_surface,488,84.2123,3529.1685,41.908,87.107
sandwich,0.10000,0.09505,4,16,biax_xy,3,0,2,grip,488,113.1223,5344.5919,47.246,131.915
sandwich,0.10000,0.09505,4,16,biax_xy,0,1,2,grip,488,80.3829,4165.3171,51.818,102.808
sandwich,0.10000,0.09505,4,16,biax_xy,1,1,2,interior,488,100.3052,4337.8026,43.246,107.066
sandwich,0.10000,0.09505,4,16,biax_xy,2,1,2,interior,488,100.3062,4337.7771,43.245,107.065
sandwich,0.10000,0.09505,4,16,biax_xy,3,1,2,grip,488,80.3833,4165.3532,51.819,102.809
sandwich,0.10000,0.09505,4,16,biax_xy,0,2,2,grip,488,80.3831,4165.3310,51.819,102.809
sandwich,0.10000,0.09505,4,16,biax_xy,1,2,2,interior,488,100.3055,4337.8130,43.246,107.066
sandwich,0.10000,0.09505,4,16,biax_xy,2,2,2,interior,488,100.3065,4337.7874,43.245,107.065
sandwich,0.10000,0.09505,4,16,biax_xy,3,2,2,grip,488,80.3835,4165.3672,51.819,102.810
sandwich,0.10000,0.09505,4,16,biax_xy,0,3,2,grip,488,113.1215,5344.5259,47.246,131.914
sandwich,0.10000,0.09505,4,16,biax_xy,1,3,2,free_surface,488,84.2120,3529.1472,41.908,87.106
sandwich,0.10000,0.09505,4,16,biax_xy,2,3,2,free_surface,488,84.2127,3529.1825,41.908,87.107
sandwich,0.10000,0.09505,4,16,biax_xy,3,3,2,grip,488,113.1224,5344.5838,47.246,131.915
sandwich,0.10000,0.09505,4,16,biax_xy,0,0,3,grip,488,121.7226,6129.7506,50.358,151.295
sandwich,0.10000,0.09505,4,16,biax_xy,1,0,3,free_surface,488,78.3068,3410.5302,43.553,84.179
sandwich,0.10000,0.09505,4,16,biax_xy,2,0,3,free_surface,488,78.3065,3410.6180,43.555,84.181
sandwich,0.10000,0.09505,4,16,biax_xy,3,0,3,grip,488,121.7234,6129.7104,50.358,151.294
sandwich,0.10000,0.09505,4,16,biax_xy,0,1,3,grip,488,92.6108,4387.1658,47.372,108.284
sandwich,0.10000,0.09505,4,16,biax_xy,1,1,3,free_surface,488,97.2198,4236.7875,43.579,104.572
sandwich,0.10000,0.09505,4,16,biax_xy,2,1,3,free_surface,488,97.2204,4236.8206,43.580,104.573
sandwich,0.10000,0.09505,4,16,biax_xy,3,1,3,grip,488,92.6107,4387.1803,47.372,108.284
sandwich,0.10000,0.09505,4,16,biax_xy,0,2,3,grip,488,92.6107,4387.1564,47.372,108.284
sandwich,0.10000,0.09505,4,16,biax_xy,1,2,3,free_surface,488,97.2198,4236.7972,43.580,104.573
sandwich,0.10000,0.09505,4,16,biax_xy,2,2,3,free_surface,488,97.2204,4236.8302,43.580,104.573
sandwich,0.10000,0.09505,4,16,biax_xy,3,2,3,grip,488,92.6107,4387.1707,47.372,108.284
sandwich,0.10000,0.09505,4,16,biax_xy,0,3,3,grip,488,121.7226,6129.7622,50.358,151.295
sandwich,0.10000,0.09505,4,16,biax_xy,1,3,3,free_surface,488,78.3066,3410.5624,43.554,84.180
sandwich,0.10000,0.09505,4,16,biax_xy,2,3,3,free_surface,488,78.3063,3410.6502,43.555,84.182
sandwich,0.10000,0.09505,4,16,biax_xy,3,3,3,grip,488,121.7234,6129.7220,50.358,151.294
sandwich,0.10000,0.09505,4,16,shear_xy,0,0,0,grip,488,55.7909,2661.8709,47.712,45.486
sandwich,0.10000,0.09505,4,16,shear_xy,1,0,0,free_surface,488,36.8767,1620.0137,43.931,27.683
sandwich,0.10000,0.09505,4,16,shear_xy,2,0,0,free_surface,488,36.8767,1620.0438,43.931,27.683
sandwich,0.10000,0.09505,4,16,shear_xy,3,0,0,grip,488,55.7907,2661.8461,47.711,45.486
sandwich,0.10000,0.09505,4,16,shear_xy,0,1,0,grip,488,57.2357,2244.1483,39.209,38.348
sandwich,0.10000,0.09505,4,16,shear_xy,1,1,0,free_surface,488,70.0754,2718.5124,38.794,46.454
sandwich,0.10000,0.09505,4,16,shear_xy,2,1,0,free_surface,488,70.0755,2718.5277,38.794,46.454
sandwich,0.10000,0.09505,4,16,shear_xy,3,1,0,grip,488,57.2355,2244.1303,39.209,38.348
sandwich,0.10000,0.09505,4,16,shear_xy,0,2,0,grip,488,57.2353,2244.1430,39.209,38.348
sandwich,0.10000,0.09505,4,16,shear_xy,1,2,0,free_surface,488,70.0749,2718.4973,38.794,46.454
sandwich,0.10000,0.09505,4,16,shear_xy,2,2,0,free_surface,488,70.0750,2718.5126,38.794,46.454
sandwich,0.10000,0.09505,4,16,shear_xy,3,2,0,grip,488,57.2351,2244.1249,39.209,38.348
sandwich,0.10000,0.09505,4,16,shear_xy,0,3,0,grip,488,55.7909,2661.8951,47.712,45.486
sandwich,0.10000,0.09505,4,16,shear_xy,1,3,0,free_surface,488,36.8768,1620.0286,43.931,27.683
sandwich,0.10000,0.09505,4,16,shear_xy,2,3,0,free_surface,488,36.8767,1620.0587,43.932,27.683
sandwich,0.10000,0.09505,4,16,shear_xy,3,3,0,grip,488,55.7907,2661.8703,47.712,45.486
sandwich,0.10000,0.09505,4,16,shear_xy,0,0,1,grip,488,56.9568,2658.5280,46.676,45.429
sandwich,0.10000,0.09505,4,16,shear_xy,1,0,1,free_surface,488,35.5232,1617.0975,45.522,27.633
sandwich,0.10000,0.09505,4,16,shear_xy,2,0,1,free_surface,488,35.5230,1617.0989,45.523,27.633
sandwich,0.10000,0.09505,4,16,shear_xy,3,0,1,grip,488,56.9565,2658.5099,46.676,45.429
sandwich,0.10000,0.09505,4,16,shear_xy,0,1,1,grip,488,58.4556,2265.9983,38.764,38.721
sandwich,0.10000,0.09505,4,16,shear_xy,1,1,1,interior,488,69.2951,2685.4107,38.753,45.888
sandwich,0.10000,0.09505,4,16,shear_xy,2,1,1,interior,488,69.2950,2685.4012,38.753,45.888
sandwich,0.10000,0.09505,4,16,shear_xy,3,1,1,grip,488,58.4550,2265.9725,38.764,38.721
sandwich,0.10000,0.09505,4,16,shear_xy,0,2,1,grip,488,58.4553,2265.9843,38.764,38.721
sandwich,0.10000,0.09505,4,16,shear_xy,1,2,1,interior,488,69.2947,2685.4037,38.753,45.888
sandwich,0.10000,0.09505,4,16,shear_xy,2,2,1,interior,488,69.2946,2685.3943,38.753,45.888
sandwich,0.10000,0.09505,4,16,shear_xy,3,2,1,grip,488,58.4547,2265.9585,38.764,38.721
sandwich,0.10000,0.09505,4,16,shear_xy,0,3,1,grip,488,56.9567,2658.5375,46.676,45.429
sandwich,0.10000,0.09505,4,16,shear_xy,1,3,1,free_surface,488,35.5233,1617.1158,45.523,27.633
sandwich,0.10000,0.09505,4,16,shear_xy,2,3,1,free_surface,488,35.5230,1617.1171,45.523,27.633
sandwich,0.10000,0.09505,4,16,shear_xy,3,3,1,grip,488,56.9564,2658.5194,46.676,45.429
sandwich,0.10000,0.09505,4,16,shear_xy,0,0,2,grip,488,56.9568,2658.5280,46.676,45.429
sandwich,0.10000,0.09505,4,16,shear_xy,1,0,2,free_surface,488,35.5232,1617.0975,45.522,27.633
sandwich,0.10000,0.09505,4,16,shear_xy,2,0,2,free_surface,488,35.5230,1617.0989,45.523,27.633
sandwich,0.10000,0.09505,4,16,shear_xy,3,0,2,grip,488,56.9565,2658.5099,46.676,45.429
sandwich,0.10000,0.09505,4,16,shear_xy,0,1,2,grip,488,58.4556,2265.9983,38.764,38.721
sandwich,0.10000,0.09505,4,16,shear_xy,1,1,2,interior,488,69.2951,2685.4107,38.753,45.888
sandwich,0.10000,0.09505,4,16,shear_xy,2,1,2,interior,488,69.2950,2685.4012,38.753,45.888
sandwich,0.10000,0.09505,4,16,shear_xy,3,1,2,grip,488,58.4550,2265.9725,38.764,38.721
sandwich,0.10000,0.09505,4,16,shear_xy,0,2,2,grip,488,58.4553,2265.9843,38.764,38.721
sandwich,0.10000,0.09505,4,16,shear_xy,1,2,2,interior,488,69.2947,2685.4037,38.753,45.888
sandwich,0.10000,0.09505,4,16,shear_xy,2,2,2,interior,488,69.2946,2685.3943,38.753,45.888
sandwich,0.10000,0.09505,4,16,shear_xy,3,2,2,grip,488,58.4547,2265.9585,38.764,38.721
sandwich,0.10000,0.09505,4,16,shear_xy,0,3,2,grip,488,56.9567,2658.5375,46.676,45.429
sandwich,0.10000,0.09505,4,16,shear_xy,1,3,2,free_surface,488,35.5233,1617.1158,45.523,27.633
sandwich,0.10000,0.09505,4,16,shear_xy,2,3,2,free_surface,488,35.5230,1617.1171,45.523,27.633
sandwich,0.10000,0.09505,4,16,shear_xy,3,3,2,grip,488,56.9564,2658.5194,46.676,45.429
sandwich,0.10000,0.09505,4,16,shear_xy,0,0,3,grip,488,55.7909,2661.8709,47.712,45.486
sandwich,0.10000,0.09505,4,16,shear_xy,1,0,3,free_surface,488,36.8767,1620.0137,43.931,27.683
sandwich,0.10000,0.09505,4,16,shear_xy,2,0,3,free_surface,488,36.8767,1620.0438,43.931,27.683
sandwich,0.10000,0.09505,4,16,shear_xy,3,0,3,grip,488,55.7907,2661.8461,47.711,45.486
sandwich,0.10000,0.09505,4,16,shear_xy,0,1,3,grip,488,57.2357,2244.1483,39.209,38.348
sandwich,0.10000,0.09505,4,16,shear_xy,1,1,3,free_surface,488,70.0754,2718.5124,38.794,46.454
sandwich,0.10000,0.09505,4,16,shear_xy,2,1,3,free_surface,488,70.0755,2718.5277,38.794,46.454
sandwich,0.10000,0.09505,4,16,shear_xy,3,1,3,grip,488,57.2355,2244.1303,39.209,38.348
sandwich,0.10000,0.09505,4,16,shear_xy,0,2,3,grip,488,57.2353,2244.1430,39.209,38.348
sandwich,0.10000,0.09505,4,16,shear_xy,1,2,3,free_surface,488,70.0749,2718.4973,38.794,46.454
sandwich,0.10000,0.09505,4,16,shear_xy,2,2,3,free_surface,488,70.0750,2718.5126,38.794,46.454
sandwich,0.10000,0.09505,4,16,shear_xy,3,2,3,grip,488,57.2351,2244.1249,39.209,38.348
sandwich,0.10000,0.09505,4,16,shear_xy,0,3,3,grip,488,55.7909,2661.8951,47.712,45.486
sandwich,0.10000,0.09505,4,16,shear_xy,1,3,3,free_surface,488,36.8768,1620.0286,43.931,27.683
sandwich,0.10000,0.09505,4,16,shear_xy,2,3,3,free_surface,488,36.8767,1620.0587,43.932,27.683
sandwich,0.10000,0.09505,4,16,shear_xy,3,3,3,grip,488,55.7907,2661.8703,47.712,45.486
sandwich,0.10000,0.09505,4,16,shear_diag,0,0,0,grip,488,125.1105,4176.0924,33.379,59.510
sandwich,0.10000,0.09505,4,16,shear_diag,1,0,0,free_surface,488,78.7094,3089.8070,39.256,44.030
sandwich,0.10000,0.09505,4,16,shear_diag,2,0,0,free_surface,488,78.7090,3089.8090,39.256,44.030
sandwich,0.10000,0.09505,4,16,shear_diag,3,0,0,grip,488,125.1096,4176.0635,33.379,59.510
sandwich,0.10000,0.09505,4,16,shear_diag,0,1,0,grip,488,131.9456,4120.8586,31.231,58.723
sandwich,0.10000,0.09505,4,16,shear_diag,1,1,0,free_surface,488,71.7176,2429.6924,33.879,34.624
sandwich,0.10000,0.09505,4,16,shear_diag,2,1,0,free_surface,488,71.7182,2429.7424,33.879,34.624
sandwich,0.10000,0.09505,4,16,shear_diag,3,1,0,grip,488,131.9459,4120.8515,31.231,58.723
sandwich,0.10000,0.09505,4,16,shear_diag,0,2,0,grip,488,131.9456,4120.8485,31.231,58.723
sandwich,0.10000,0.09505,4,16,shear_diag,1,2,0,free_surface,488,71.7176,2429.6942,33.879,34.624
sandwich,0.10000,0.09505,4,16,shear_diag,2,2,0,free_surface,488,71.7183,2429.7442,33.879,34.624
sandwich,0.10000,0.09505,4,16,shear_diag,3,2,0,grip,488,131.9458,4120.8414,31.231,58.723
sandwich,0.10000,0.09505,4,16,shear_diag,0,3,0,grip,488,125.1103,4176.0762,33.379,59.510
sandwich,0.10000,0.09505,4,16,shear_diag,1,3,0,free_surface,488,78.7096,3089.7987,39.256,44.030
sandwich,0.10000,0.09505,4,16,shear_diag,2,3,0,free_surface,488,78.7092,3089.8029,39.256,44.030
sandwich,0.10000,0.09505,4,16,shear_diag,3,3,0,grip,488,125.1094,4176.0472,33.379,59.509
sandwich,0.10000,0.09505,4,16,shear_diag,0,0,1,grip,488,121.2734,3797.5001,31.314,54.115
sandwich,0.10000,0.09505,4,16,shear_diag,1,0,1,free_surface,488,82.1817,3186.3049,38.771,45.405
sandwich,0.10000,0.09505,4,16,shear_diag,2,0,1,free_surface,488,82.1822,3186.3847,38.772,45.406
sandwich,0.10000,0.09505,4,16,shear_diag,3,0,1,grip,488,121.2728,3797.4957,31.314,54.115
sandwich,0.10000,0.09505,4,16,shear_diag,0,1,1,grip,488,129.4360,3821.2560,29.522,54.454
sandwich,0.10000,0.09505,4,16,shear_diag,1,1,1,interior,488,75.8389,2581.8831,34.044,36.792
sandwich,0.10000,0.09505,4,16,shear_diag,2,1,1,interior,488,75.8398,2581.8768,34.044,36.792
sandwich,0.10000,0.09505,4,16,shear_diag,3,1,1,grip,488,129.4365,3821.2629,29.522,54.454
sandwich,0.10000,0.09505,4,16,shear_diag,0,2,1,grip,488,129.4361,3821.2588,29.522,54.454
sandwich,0.10000,0.09505,4,16,shear_diag,1,2,1,interior,488,75.8388,2581.8758,34.044,36.792
sandwich,0.10000,0.09505,4,16,shear_diag,2,2,1,interior,488,75.8396,2581.8696,34.044,36.792
sandwich,0.10000,0.09505,4,16,shear_diag,3,2,1,grip,488,129.4367,3821.2657,29.522,54.454
sandwich,0.10000,0.09505,4,16,shear_diag,0,3,1,grip,488,121.2736,3797.5018,31.314,54.115
sandwich,0.10000,0.09505,4,16,shear_diag,1,3,1,free_surface,488,82.1814,3186.2936,38.771,45.405
sandwich,0.10000,0.09505,4,16,shear_diag,2,3,1,free_surface,488,82.1820,3186.3735,38.772,45.406
sandwich,0.10000,0.09505,4,16,shear_diag,3,3,1,grip,488,121.2730,3797.4974,31.314,54.115
sandwich,0.10000,0.09505,4,16,shear_diag,0,0,2,grip,488,121.2734,3797.5001,31.314,54.115
sandwich,0.10000,0.09505,4,16,shear_diag,1,0,2,free_surface,488,82.1817,3186.3049,38.771,45.405
sandwich,0.10000,0.09505,4,16,shear_diag,2,0,2,free_surface,488,82.1822,3186.3847,38.772,45.406
sandwich,0.10000,0.09505,4,16,shear_diag,3,0,2,grip,488,121.2728,3797.4957,31.314,54.115
sandwich,0.10000,0.09505,4,16,shear_diag,0,1,2,grip,488,129.4360,3821.2560,29.522,54.454
sandwich,0.10000,0.09505,4,16,shear_diag,1,1,2,interior,488,75.8389,2581.8831,34.044,36.792
sandwich,0.10000,0.09505,4,16,shear_diag,2,1,2,interior,488,75.8398,2581.8768,34.044,36.792
sandwich,0.10000,0.09505,4,16,shear_diag,3,1,2,grip,488,129.4365,3821.2629,29.522,54.454
sandwich,0.10000,0.09505,4,16,shear_diag,0,2,2,grip,488,129.4361,3821.2588,29.522,54.454
sandwich,0.10000,0.09505,4,16,shear_diag,1,2,2,interior,488,75.8388,2581.8758,34.044,36.792
sandwich,0.10000,0.09505,4,16,shear_diag,2,2,2,interior,488,75.8396,2581.8696,34.044,36.792
sandwich,0.10000,0.09505,4,16,shear_diag,3,2,2,grip,488,129.4367,3821.2657,29.522,54.454
sandwich,0.10000,0.09505,4,16,shear_diag,0,3,2,grip,488,121.2736,3797.5018,31.314,54.115
sandwich,0.10000,0.09505,4,16,shear_diag,1,3,2,free_surface,488,82.1814,3186.2936,38.771,45.405
sandwich,0.10000,0.09505,4,16,shear_diag,2,3,2,free_surface,488,82.1820,3186.3735,38.772,45.406
sandwich,0.10000,0.09505,4,16,shear_diag,3,3,2,grip,488,121.2730,3797.4974,31.314,54.115
sandwich,0.10000,0.09505,4,16,shear_diag,0,0,3,grip,488,125.1105,4176.0925,33.379,59.510
sandwich,0.10000,0.09505,4,16,shear_diag,1,0,3,free_surface,488,78.7094,3089.8060,39.256,44.030
sandwich,0.10000,0.09505,4,16,shear_diag,2,0,3,free_surface,488,78.7090,3089.8097,39.256,44.030
sandwich,0.10000,0.09505,4,16,shear_diag,3,0,3,grip,488,125.1096,4176.0634,33.379,59.510
sandwich,0.10000,0.09505,4,16,shear_diag,0,1,3,grip,488,131.9456,4120.8586,31.231,58.723
sandwich,0.10000,0.09505,4,16,shear_diag,1,1,3,free_surface,488,71.7176,2429.6924,33.879,34.624
sandwich,0.10000,0.09505,4,16,shear_diag,2,1,3,free_surface,488,71.7182,2429.7424,33.879,34.624
sandwich,0.10000,0.09505,4,16,shear_diag,3,1,3,grip,488,131.9459,4120.8515,31.231,58.723
sandwich,0.10000,0.09505,4,16,shear_diag,0,2,3,grip,488,131.9456,4120.8485,31.231,58.723
sandwich,0.10000,0.09505,4,16,shear_diag,1,2,3,free_surface,488,71.7176,2429.6942,33.879,34.624
sandwich,0.10000,0.09505,4,16,shear_diag,2,2,3,free_surface,488,71.7183,2429.7442,33.879,34.624
sandwich,0.10000,0.09505,4,16,shear_diag,3,2,3,grip,488,131.9458,4120.8414,31.231,58.723
sandwich,0.10000,0.09505,4,16,shear_diag,0,3,3,grip,488,125.1103,4176.0762,33.379,59.510
sandwich,0.10000,0.09505,4,16,shear_diag,1,3,3,free_surface,488,78.7096,3089.7999,39.256,44.030
sandwich,0.10000,0.09505,4,16,shear_diag,2,3,3,free_surface,488,78.7092,3089.8021,39.256,44.030
sandwich,0.10000,0.09505,4,16,shear_diag,3,3,3,grip,488,125.1094,4176.0473,33.379,59.509
sandwich,0.10000,0.09505,4,16,uni_111,0,0,0,grip,488,137.1608,6817.1362,49.702,100.884
sandwich,0.10000,0.09505,4,16,uni_111,1,0,0,free_surface,488,52.0864,2751.3259,52.822,40.716
sandwich,0.10000,0.09505,4,16,uni_111,2,0,0,free_surface,488,22.1807,984.9621,44.406,14.576
sandwich,0.10000,0.09505,4,16,uni_111,3,0,0,grip,488,55.9960,2945.1048,52.595,43.583
sandwich,0.10000,0.09505,4,16,uni_111,0,1,0,grip,488,112.9962,4968.7080,43.972,73.530
sandwich,0.10000,0.09505,4,16,uni_111,1,1,0,free_surface,488,76.5391,3419.4734,44.676,50.603
sandwich,0.10000,0.09505,4,16,uni_111,2,1,0,free_surface,488,43.8898,2215.9326,50.489,32.793
sandwich,0.10000,0.09505,4,16,uni_111,3,1,0,grip,488,50.0466,2855.5968,57.059,42.259
sandwich,0.10000,0.09505,4,16,uni_111,0,2,0,grip,488,85.8872,3769.4521,43.888,55.783
sandwich,0.10000,0.09505,4,16,uni_111,1,2,0,free_surface,488,68.5410,2801.1668,40.868,41.453
sandwich,0.10000,0.09505,4,16,uni_111,2,2,0,free_surface,488,57.5637,2571.5544,44.673,38.055
sandwich,0.10000,0.09505,4,16,uni_111,3,2,0,grip,488,50.3653,2772.0334,55.039,41.022
sandwich,0.10000,0.09505,4,16,uni_111,0,3,0,grip,488,50.7206,2565.5499,50.582,37.967
sandwich,0.10000,0.09505,4,16,uni_111,1,3,0,free_surface,488,48.3127,1972.0480,40.818,29.184
sandwich,0.10000,0.09505,4,16,uni_111,2,3,0,free_surface,488,48.3130,1972.0533,40.818,29.184
sandwich,0.10000,0.09505,4,16,uni_111,3,3,0,grip,488,50.7209,2565.5384,50.581,37.966
sandwich,0.10000,0.09505,4,16,uni_111,0,0,1,grip,488,112.9962,4968.7079,43.972,73.530
sandwich,0.10000,0.09505,4,16,uni_111,1,0,1,free_surface,488,76.5391,3419.4734,44.676,50.603
sandwich,0.10000,0.09505,4,16,uni_111,2,0,1,free_surface,488,43.8898,2215.9326,50.489,32.793
sandwich,0.10000,0.09505,4,16,uni_111,3,0,1,grip,488,50.0466,2855.5968,57.059,42.259
sandwich,0.10000,0.09505,4,16,uni_111,0,1,1,grip,488,93.1216,3175.8456,34.104,46.998
sandwich,0.10000,0.09505,4,16,uni_111,1,1,1,interior,488,88.8520,3212.6035,36.157,47.542
sandwich,0.10000,0.09505,4,16,uni_111,2,1,1,interior,488,66.1752,2626.2429,39.686,38.865
sandwich,0.10000,0.09505,4,16,uni_111,3,1,1,grip,488,58.3301,2866.6960,49.146,42.423
sandwich,0.10000,0.09505,4,16,uni_111,0,2,1,grip,488,71.7741,2964.3405,41.301,43.868
sandwich,0.10000,0.09505,4,16,uni_111,1,2,1,interior,488,77.8039,2986.6336,38.387,44.198
sandwich,0.10000,0.09505,4,16,uni_111,2,2,1,interior,488,77.8039,2986.6202,38.386,44.198
sandwich,0.10000,0.09505,4,16,uni_111,3,2,1,grip,488,71.7739,2964.3415,41.301,43.868
sandwich,0.10000,0.09505,4,16,uni_111,0,3,1,grip,488,50.3654,2772.0369,55.039,41.022
sandwich,0.10000,0.09505,4,16,uni_111,1,3,1,free_surface,488,57.5639,2571.6122,44.674,38.056
sandwich,0.10000,0.09505,4,16,uni_111,2,3,1,free_surface,488,68.5415,2801.2166,40.869,41.454
sandwich,0.10000,0.09505,4,16,uni_111,3,3,1,grip,488,85.8872,3769.4688,43.889,55.783
sandwich,0.10000,0.09505,4,16,uni_111,0,0,2,grip,488,85.8872,3769.4522,43.888,55.783
sandwich,0.10000,0.09505,4,16,uni_111,1,0,2,free_surface,488,68.5410,2801.1668,40.868,41.453
sandwich,0.10000,0.09505,4,16,uni_111,2,0,2,free_surface,488,57.5637,2571.5544,44.673,38.055
sandwich,0.10000,0.09505,4,16,uni_111,3,0,2,grip,488,50.3653,2772.0334,55.039,41.022
sandwich,0.10000,0.09505,4,16,uni_111,0,1,2,grip,488,71.7741,2964.3405,41.301,43.868
sandwich,0.10000,0.09505,4,16,uni_111,1,1,2,interior,488,77.8039,2986.6336,38.387,44.198
sandwich,0.10000,0.09505,4,16,uni_111,2,1,2,interior,488,77.8039,2986.6202,38.386,44.198
sandwich,0.10000,0.09505,4,16,uni_111,3,1,2,grip,488,71.7739,2964.3415,41.301,43.868
sandwich,0.10000,0.09505,4,16,uni_111,0,2,2,grip,488,58.3307,2866.7031,49.146,42.423
sandwich,0.10000,0.09505,4,16,uni_111,1,2,2,interior,488,66.1752,2626.2601,39.686,38.865
sandwich,0.10000,0.09505,4,16,uni_111,2,2,2,interior,488,88.8517,3212.5896,36.157,47.542
sandwich,0.10000,0.09505,4,16,uni_111,3,2,2,grip,488,93.1209,3175.8569,34.105,46.998
sandwich,0.10000,0.09505,4,16,uni_111,0,3,2,grip,488,50.0469,2855.6016,57.059,42.259
sandwich,0.10000,0.09505,4,16,uni_111,1,3,2,free_surface,488,43.8895,2215.9585,50.489,32.793
sandwich,0.10000,0.09505,4,16,uni_111,2,3,2,free_surface,488,76.5391,3419.4760,44.676,50.603
sandwich,0.10000,0.09505,4,16,uni_111,3,3,2,grip,488,112.9955,4968.7006,43.973,73.530
sandwich,0.10000,0.09505,4,16,uni_111,0,0,3,grip,488,50.7206,2565.5499,50.582,37.967
sandwich,0.10000,0.09505,4,16,uni_111,1,0,3,free_surface,488,48.3127,1972.0480,40.818,29.184
sandwich,0.10000,0.09505,4,16,uni_111,2,0,3,free_surface,488,48.3130,1972.0533,40.818,29.184
sandwich,0.10000,0.09505,4,16,uni_111,3,0,3,grip,488,50.7209,2565.5384,50.581,37.966
sandwich,0.10000,0.09505,4,16,uni_111,0,1,3,grip,488,50.3654,2772.0369,55.039,41.022
sandwich,0.10000,0.09505,4,16,uni_111,1,1,3,free_surface,488,57.5639,2571.6122,44.674,38.056
sandwich,0.10000,0.09505,4,16,uni_111,2,1,3,free_surface,488,68.5415,2801.2166,40.869,41.454
sandwich,0.10000,0.09505,4,16,uni_111,3,1,3,grip,488,85.8872,3769.4688,43.889,55.783
sandwich,0.10000,0.09505,4,16,uni_111,0,2,3,grip,488,50.0469,2855.6016,57.059,42.259
sandwich,0.10000,0.09505,4,16,uni_111,1,2,3,free_surface,488,43.8895,2215.9585,50.489,32.793
sandwich,0.10000,0.09505,4,16,uni_111,2,2,3,free_surface,488,76.5391,3419.4760,44.676,50.603
sandwich,0.10000,0.09505,4,16,uni_111,3,2,3,grip,488,112.9955,4968.7006,43.973,73.530
sandwich,0.10000,0.09505,4,16,uni_111,0,3,3,grip,488,55.9957,2945.1075,52.595,43.583
sandwich,0.10000,0.09505,4,16,uni_111,1,3,3,free_surface,488,22.1806,984.9394,44.405,14.576
sandwich,0.10000,0.09505,4,16,uni_111,2,3,3,free_surface,488,52.0868,2751.3461,52.822,40.716
sandwich,0.10000,0.09505,4,16,uni_111,3,3,3,grip,488,137.1602,6817.1316,49.702,100.884
sandwich,0.10000,0.09505,4,16,hydro,0,0,0,grip,488,141.0234,7591.7677,53.833,-1.000
sandwich,0.10000,0.09505,4,16,hydro,1,0,0,free_surface,488,78.5175,3910.7174,49.807,-1.000
sandwich,0.10000,0.09505,4,16,hydro,2,0,0,free_surface,488,78.5172,3910.8077,49.808,-1.000
sandwich,0.10000,0.09505,4,16,hydro,3,0,0,grip,488,141.0248,7591.7348,53.833,-1.000
sandwich,0.10000,0.09505,4,16,hydro,0,1,0,grip,488,112.0841,5172.8908,46.152,-1.000
sandwich,0.10000,0.09505,4,16,hydro,1,1,0,free_surface,488,97.8814,4775.4032,48.788,-1.000
sandwich,0.10000,0.09505,4,16,hydro,2,1,0,free_surface,488,97.8821,4775.4380,48.788,-1.000
sandwich,0.10000,0.09505,4,16,hydro,3,1,0,grip,488,112.0848,5172.9077,46.152,-1.000
sandwich,0.10000,0.09505,4,16,hydro,0,2,0,grip,488,112.0840,5172.8876,46.152,-1.000
sandwich,0.10000,0.09505,4,16,hydro,1,2,0,free_surface,488,97.8814,4775.4131,48.788,-1.000
sandwich,0.10000,0.09505,4,16,hydro,2,2,0,free_surface,488,97.8821,4775.4480,48.788,-1.000
sandwich,0.10000,0.09505,4,16,hydro,3,2,0,grip,488,112.0848,5172.9045,46.152,-1.000
sandwich,0.10000,0.09505,4,16,hydro,0,3,0,grip,488,141.0234,7591.7704,53.833,-1.000
sandwich,0.10000,0.09505,4,16,hydro,1,3,0,free_surface,488,78.5173,3910.7496,49.807,-1.000
sandwich,0.10000,0.09505,4,16,hydro,2,3,0,free_surface,488,78.5171,3910.8399,49.809,-1.000
sandwich,0.10000,0.09505,4,16,hydro,3,3,0,grip,488,141.0248,7591.7375,53.833,-1.000
sandwich,0.10000,0.09505,4,16,hydro,0,0,1,grip,488,112.0841,5172.8908,46.152,-1.000
sandwich,0.10000,0.09505,4,16,hydro,1,0,1,free_surface,488,97.8814,4775.4032,48.788,-1.000
sandwich,0.10000,0.09505,4,16,hydro,2,0,1,free_surface,488,97.8821,4775.4381,48.788,-1.000
sandwich,0.10000,0.09505,4,16,hydro,3,0,1,grip,488,112.0848,5172.9077,46.152,-1.000
sandwich,0.10000,0.09505,4,16,hydro,0,1,1,grip,488,67.3214,4849.2041,72.031,-1.000
sandwich,0.10000,0.09505,4,16,hydro,1,1,1,interior,488,112.2311,4919.5981,43.835,-1.000
sandwich,0.10000,0.09505,4,16,hydro,2,1,1,interior,488,112.2321,4919.5732,43.834,-1.000
sandwich,0.10000,0.09505,4,16,hydro,3,1,1,grip,488,67.3216,4849.2020,72.030,-1.000
sandwich,0.10000,0.09505,4,16,hydro,0,2,1,grip,488,67.3217,4849.2074,72.030,-1.000
sandwich,0.10000,0.09505,4,16,hydro,1,2,1,interior,488,112.2314,4919.6084,43.835,-1.000
sandwich,0.10000,0.09505,4,16,hydro,2,2,1,interior,488,112.2324,4919.5836,43.834,-1.000
sandwich,0.10000,0.09505,4,16,hydro,3,2,1,grip,488,67.3219,4849.2053,72.030,-1.000
sandwich,0.10000,0.09505,4,16,hydro,0,3,1,grip,488,112.0842,5172.8944,46.152,-1.000
sandwich,0.10000,0.09505,4,16,hydro,1,3,1,free_surface,488,97.8817,4775.4171,48.788,-1.000
sandwich,0.10000,0.09505,4,16,hydro,2,3,1,free_surface,488,97.8824,4775.4520,48.788,-1.000
sandwich,0.10000,0.09505,4,16,hydro,3,3,1,grip,488,112.0850,5172.9113,46.152,-1.000
sandwich,0.10000,0.09505,4,16,hydro,0,0,2,grip,488,112.0840,5172.8876,46.152,-1.000
sandwich,0.10000,0.09505,4,16,hydro,1,0,2,free_surface,488,97.8814,4775.4131,48.788,-1.000
sandwich,0.10000,0.09505,4,16,hydro,2,0,2,free_surface,488,97.8821,4775.4480,48.788,-1.000
sandwich,0.10000,0.09505,4,16,hydro,3,0,2,grip,488,112.0848,5172.9045,46.152,-1.000
sandwich,0.10000,0.09505,4,16,hydro,0,1,2,grip,488,67.3217,4849.2074,72.030,-1.000
sandwich,0.10000,0.09505,4,16,hydro,1,1,2,interior,488,112.2314,4919.6084,43.835,-1.000
sandwich,0.10000,0.09505,4,16,hydro,2,1,2,interior,488,112.2324,4919.5836,43.834,-1.000
sandwich,0.10000,0.09505,4,16,hydro,3,1,2,grip,488,67.3219,4849.2053,72.030,-1.000
sandwich,0.10000,0.09505,4,16,hydro,0,2,2,grip,488,67.3220,4849.2052,72.030,-1.000
sandwich,0.10000,0.09505,4,16,hydro,1,2,2,interior,488,112.2317,4919.6052,43.834,-1.000
sandwich,0.10000,0.09505,4,16,hydro,2,2,2,interior,488,112.2327,4919.5803,43.834,-1.000
sandwich,0.10000,0.09505,4,16,hydro,3,2,2,grip,488,67.3222,4849.2030,72.030,-1.000
sandwich,0.10000,0.09505,4,16,hydro,0,3,2,grip,488,112.0842,5172.8912,46.152,-1.000
sandwich,0.10000,0.09505,4,16,hydro,1,3,2,free_surface,488,97.8817,4775.4270,48.788,-1.000
sandwich,0.10000,0.09505,4,16,hydro,2,3,2,free_surface,488,97.8824,4775.4619,48.788,-1.000
sandwich,0.10000,0.09505,4,16,hydro,3,3,2,grip,488,112.0849,5172.9081,46.152,-1.000
sandwich,0.10000,0.09505,4,16,hydro,0,0,3,grip,488,141.0234,7591.7704,53.833,-1.000
sandwich,0.10000,0.09505,4,16,hydro,1,0,3,free_surface,488,78.5173,3910.7496,49.807,-1.000
sandwich,0.10000,0.09505,4,16,hydro,2,0,3,free_surface,488,78.5171,3910.8399,49.809,-1.000
sandwich,0.10000,0.09505,4,16,hydro,3,0,3,grip,488,141.0248,7591.7375,53.833,-1.000
sandwich,0.10000,0.09505,4,16,hydro,0,1,3,grip,488,112.0842,5172.8944,46.152,-1.000
sandwich,0.10000,0.09505,4,16,hydro,1,1,3,free_surface,488,97.8817,4775.4171,48.788,-1.000
sandwich,0.10000,0.09505,4,16,hydro,2,1,3,free_surface,488,97.8824,4775.4520,48.788,-1.000
sandwich,0.10000,0.09505,4,16,hydro,3,1,3,grip,488,112.0850,5172.9113,46.152,-1.000
sandwich,0.10000,0.09505,4,16,hydro,0,2,3,grip,488,112.0842,5172.8912,46.152,-1.000
sandwich,0.10000,0.09505,4,16,hydro,1,2,3,free_surface,488,97.8817,4775.4270,48.788,-1.000
sandwich,0.10000,0.09505,4,16,hydro,2,2,3,free_surface,488,97.8824,4775.4619,48.788,-1.000
sandwich,0.10000,0.09505,4,16,hydro,3,2,3,grip,488,112.0849,5172.9081,46.152,-1.000
sandwich,0.10000,0.09505,4,16,hydro,0,3,3,grip,488,141.0233,7591.7732,53.833,-1.000
sandwich,0.10000,0.09505,4,16,hydro,1,3,3,free_surface,488,78.5172,3910.7704,49.808,-1.000
sandwich,0.10000,0.09505,4,16,hydro,2,3,3,free_surface,488,78.5170,3910.8606,49.809,-1.000
sandwich,0.10000,0.09505,4,16,hydro,3,3,3,grip,488,141.0247,7591.7402,53.833,-1.000
sandwich,0.15700,0.15524,4,16,uni_x,0,0,0,grip,488,77.0888,3531.1015,45.806,44.624
sandwich,0.15700,0.15524,4,16,uni_x,1,0,0,free_surface,488,77.6709,2831.4044,36.454,35.782
sandwich,0.15700,0.15524,4,16,uni_x,2,0,0,free_surface,488,77.6705,2831.4920,36.455,35.783
sandwich,0.15700,0.15524,4,16,uni_x,3,0,0,grip,488,77.0887,3531.0634,45.805,44.624
sandwich,0.15700,0.15524,4,16,uni_x,0,1,0,grip,488,68.6091,2986.2033,43.525,37.738
sandwich,0.15700,0.15524,4,16,uni_x,1,1,0,free_surface,488,82.4369,2989.7150,36.267,37.783
sandwich,0.15700,0.15524,4,16,uni_x,2,1,0,free_surface,488,82.4375,2989.7478,36.267,37.783
sandwich,0.15700,0.15524,4,16,uni_x,3,1,0,grip,488,68.6093,2986.2013,43.525,37.738
sandwich,0.15700,0.15524,4,16,uni_x,0,2,0,grip,488,68.6091,2986.2033,43.525,37.738
sandwich,0.15700,0.15524,4,16,uni_x,1,2,0,free_surface,488,82.4369,2989.7150,36.267,37.783
sandwich,0.15700,0.15524,4,16,uni_x,2,2,0,free_surface,488,82.4375,2989.7478,36.267,37.783
sandwich,0.15700,0.15524,4,16,uni_x,3,2,0,grip,488,68.6093,2986.2013,43.525,37.738
sandwich,0.15700,0.15524,4,16,uni_x,0,3,0,grip,488,77.0888,3531.1017,45.806,44.624
sandwich,0.15700,0.15524,4,16,uni_x,1,3,0,free_surface,488,77.6709,2831.4044,36.454,35.782
sandwich,0.15700,0.15524,4,16,uni_x,2,3,0,free_surface,488,77.6705,2831.4920,36.455,35.783
sandwich,0.15700,0.15524,4,16,uni_x,3,3,0,grip,488,77.0887,3531.0629,45.805,44.624
sandwich,0.15700,0.15524,4,16,uni_x,0,0,1,grip,488,68.6091,2986.2033,43.525,37.738
sandwich,0.15700,0.15524,4,16,uni_x,1,0,1,free_surface,488,82.4369,2989.7150,36.267,37.783
sandwich,0.15700,0.15524,4,16,uni_x,2,0,1,free_surface,488,82.4375,2989.7478,36.267,37.783
sandwich,0.15700,0.15524,4,16,uni_x,3,0,1,grip,488,68.6093,2986.2013,43.525,37.738
sandwich,0.15700,0.15524,4,16,uni_x,0,1,1,grip,488,58.0246,2635.7777,45.425,33.310
sandwich,0.15700,0.15524,4,16,uni_x,1,1,1,interior,488,86.1231,3030.1262,35.184,38.293
sandwich,0.15700,0.15524,4,16,uni_x,2,1,1,interior,488,86.1240,3030.1008,35.183,38.293
sandwich,0.15700,0.15524,4,16,uni_x,3,1,1,grip,488,58.0255,2635.8474,45.426,33.311
sandwich,0.15700,0.15524,4,16,uni_x,0,2,1,grip,488,58.0246,2635.7777,45.425,33.310
sandwich,0.15700,0.15524,4,16,uni_x,1,2,1,interior,488,86.1231,3030.1262,35.184,38.293
sandwich,0.15700,0.15524,4,16,uni_x,2,2,1,interior,488,86.1240,3030.1008,35.183,38.293
sandwich,0.15700,0.15524,4,16,uni_x,3,2,1,grip,488,58.0255,2635.8474,45.426,33.311
sandwich,0.15700,0.15524,4,16,uni_x,0,3,1,grip,488,68.6091,2986.2033,43.525,37.738
sandwich,0.15700,0.15524,4,16,uni_x,1,3,1,free_surface,488,82.4369,2989.7150,36.267,37.783
sandwich,0.15700,0.15524,4,16,uni_x,2,3,1,free_surface,488,82.4375,2989.7478,36.267,37.783
sandwich,0.15700,0.15524,4,16,uni_x,3,3,1,grip,488,68.6093,2986.2013,43.525,37.738
sandwich,0.15700,0.15524,4,16,uni_x,0,0,2,grip,488,68.6091,2986.2033,43.525,37.738
sandwich,0.15700,0.15524,4,16,uni_x,1,0,2,free_surface,488,82.4369,2989.7150,36.267,37.783
sandwich,0.15700,0.15524,4,16,uni_x,2,0,2,free_surface,488,82.4375,2989.7478,36.267,37.783
sandwich,0.15700,0.15524,4,16,uni_x,3,0,2,grip,488,68.6093,2986.2013,43.525,37.738
sandwich,0.15700,0.15524,4,16,uni_x,0,1,2,grip,488,58.0246,2635.7777,45.425,33.310
sandwich,0.15700,0.15524,4,16,uni_x,1,1,2,interior,488,86.1231,3030.1262,35.184,38.293
sandwich,0.15700,0.15524,4,16,uni_x,2,1,2,interior,488,86.1240,3030.1008,35.183,38.293
sandwich,0.15700,0.15524,4,16,uni_x,3,1,2,grip,488,58.0255,2635.8474,45.426,33.311
sandwich,0.15700,0.15524,4,16,uni_x,0,2,2,grip,488,58.0246,2635.7777,45.425,33.310
sandwich,0.15700,0.15524,4,16,uni_x,1,2,2,interior,488,86.1231,3030.1262,35.184,38.293
sandwich,0.15700,0.15524,4,16,uni_x,2,2,2,interior,488,86.1240,3030.1008,35.183,38.293
sandwich,0.15700,0.15524,4,16,uni_x,3,2,2,grip,488,58.0255,2635.8474,45.426,33.311
sandwich,0.15700,0.15524,4,16,uni_x,0,3,2,grip,488,68.6091,2986.2033,43.525,37.738
sandwich,0.15700,0.15524,4,16,uni_x,1,3,2,free_surface,488,82.4369,2989.7150,36.267,37.783
sandwich,0.15700,0.15524,4,16,uni_x,2,3,2,free_surface,488,82.4375,2989.7478,36.267,37.783
sandwich,0.15700,0.15524,4,16,uni_x,3,3,2,grip,488,68.6093,2986.2013,43.525,37.738
sandwich,0.15700,0.15524,4,16,uni_x,0,0,3,grip,488,77.0888,3531.1018,45.806,44.624
sandwich,0.15700,0.15524,4,16,uni_x,1,0,3,free_surface,488,77.6709,2831.4044,36.454,35.782
sandwich,0.15700,0.15524,4,16,uni_x,2,0,3,free_surface,488,77.6705,2831.4921,36.455,35.783
sandwich,0.15700,0.15524,4,16,uni_x,3,0,3,grip,488,77.0887,3531.0629,45.805,44.624
sandwich,0.15700,0.15524,4,16,uni_x,0,1,3,grip,488,68.6091,2986.2033,43.525,37.738
sandwich,0.15700,0.15524,4,16,uni_x,1,1,3,free_surface,488,82.4369,2989.7150,36.267,37.783
sandwich,0.15700,0.15524,4,16,uni_x,2,1,3,free_surface,488,82.4375,2989.7478,36.267,37.783
sandwich,0.15700,0.15524,4,16,uni_x,3,1,3,grip,488,68.6093,2986.2013,43.525,37.738
sandwich,0.15700,0.15524,4,16,uni_x,0,2,3,grip,488,68.6091,2986.2033,43.525,37.738
sandwich,0.15700,0.15524,4,16,uni_x,1,2,3,free_surface,488,82.4369,2989.7150,36.267,37.783
sandwich,0.15700,0.15524,4,16,uni_x,2,2,3,free_surface,488,82.4375,2989.7478,36.267,37.783
sandwich,0.15700,0.15524,4,16,uni_x,3,2,3,grip,488,68.6093,2986.2013,43.525,37.738
sandwich,0.15700,0.15524,4,16,uni_x,0,3,3,grip,488,77.0888,3531.1016,45.806,44.624
sandwich,0.15700,0.15524,4,16,uni_x,1,3,3,free_surface,488,77.6709,2831.4044,36.454,35.782
sandwich,0.15700,0.15524,4,16,uni_x,2,3,3,free_surface,488,77.6705,2831.4920,36.455,35.783
sandwich,0.15700,0.15524,4,16,uni_x,3,3,3,grip,488,77.0887,3531.0634,45.805,44.624
sandwich,0.15700,0.15524,4,16,uni_z,0,0,0,grip,488,96.3941,3606.3863,37.413,45.576
sandwich,0.15700,0.15524,4,16,uni_z,1,0,0,free_surface,488,11.4369,869.8811,76.059,10.993
sandwich,0.15700,0.15524,4,16,uni_z,2,0,0,free_surface,488,11.4369,869.8811,76.059,10.993
sandwich,0.15700,0.15524,4,16,uni_z,3,0,0,grip,488,96.3941,3606.3863,37.413,45.576
sandwich,0.15700,0.15524,4,16,uni_z,0,1,0,grip,488,95.1033,3604.1594,37.897,45.548
sandwich,0.15700,0.15524,4,16,uni_z,1,1,0,free_surface,488,11.2639,655.2272,58.170,8.280
sandwich,0.15700,0.15524,4,16,uni_z,2,1,0,free_surface,488,11.2639,655.2272,58.170,8.280
sandwich,0.15700,0.15524,4,16,uni_z,3,1,0,grip,488,95.1033,3604.1594,37.897,45.548
sandwich,0.15700,0.15524,4,16,uni_z,0,2,0,grip,488,95.1033,3604.1594,37.897,45.548
sandwich,0.15700,0.15524,4,16,uni_z,1,2,0,free_surface,488,11.2639,655.2272,58.170,8.280
sandwich,0.15700,0.15524,4,16,uni_z,2,2,0,free_surface,488,11.2639,655.2272,58.170,8.280
sandwich,0.15700,0.15524,4,16,uni_z,3,2,0,grip,488,95.1033,3604.1594,37.897,45.548
sandwich,0.15700,0.15524,4,16,uni_z,0,3,0,grip,488,96.3941,3606.3863,37.413,45.576
sandwich,0.15700,0.15524,4,16,uni_z,1,3,0,free_surface,488,11.4369,869.8811,76.059,10.993
sandwich,0.15700,0.15524,4,16,uni_z,2,3,0,free_surface,488,11.4369,869.8811,76.059,10.993
sandwich,0.15700,0.15524,4,16,uni_z,3,3,0,grip,488,96.3941,3606.3863,37.413,45.576
sandwich,0.15700,0.15524,4,16,uni_z,0,0,1,grip,488,91.0274,3598.2524,39.529,45.473
sandwich,0.15700,0.15524,4,16,uni_z,1,0,1,free_surface,488,22.3990,1358.2292,60.638,17.165
sandwich,0.15700,0.15524,4,16,uni_z,2,0,1,free_surface,488,22.3990,1358.2292,60.638,17.165
sandwich,0.15700,0.15524,4,16,uni_z,3,0,1,grip,488,91.0274,3598.2524,39.529,45.473
sandwich,0.15700,0.15524,4,16,uni_z,0,1,1,grip,488,90.7782,3564.7200,39.268,45.049
sandwich,0.15700,0.15524,4,16,uni_z,1,1,1,interior,488,22.1170,1366.4363,61.782,17.268
sandwich,0.15700,0.15524,4,16,uni_z,2,1,1,interior,488,22.1170,1366.4363,61.782,17.268
sandwich,0.15700,0.15524,4,16,uni_z,3,1,1,grip,488,90.7782,3564.7200,39.268,45.049
sandwich,0.15700,0.15524,4,16,uni_z,0,2,1,grip,488,90.7782,3564.7200,39.268,45.049
sandwich,0.15700,0.15524,4,16,uni_z,1,2,1,interior,488,22.1170,1366.4363,61.782,17.268
sandwich,0.15700,0.15524,4,16,uni_z,2,2,1,interior,488,22.1170,1366.4363,61.782,17.268
sandwich,0.15700,0.15524,4,16,uni_z,3,2,1,grip,488,90.7782,3564.7200,39.268,45.049
sandwich,0.15700,0.15524,4,16,uni_z,0,3,1,grip,488,91.0274,3598.2524,39.529,45.473
sandwich,0.15700,0.15524,4,16,uni_z,1,3,1,free_surface,488,22.3990,1358.2292,60.638,17.165
sandwich,0.15700,0.15524,4,16,uni_z,2,3,1,free_surface,488,22.3990,1358.2292,60.638,17.165
sandwich,0.15700,0.15524,4,16,uni_z,3,3,1,grip,488,91.0274,3598.2524,39.529,45.473
sandwich,0.15700,0.15524,4,16,uni_z,0,0,2,grip,488,91.0274,3598.2506,39.529,45.473
sandwich,0.15700,0.15524,4,16,uni_z,1,0,2,free_surface,488,22.3990,1358.2368,60.638,17.165
sandwich,0.15700,0.15524,4,16,uni_z,2,0,2,free_surface,488,22.3990,1358.2368,60.638,17.165
sandwich,0.15700,0.15524,4,16,uni_z,3,0,2,grip,488,91.0274,3598.2506,39.529,45.473
sandwich,0.15700,0.15524,4,16,uni_z,0,1,2,grip,488,90.7784,3564.7181,39.268,45.049
sandwich,0.15700,0.15524,4,16,uni_z,1,1,2,interior,488,22.1173,1366.4637,61.783,17.269
sandwich,0.15700,0.15524,4,16,uni_z,2,1,2,interior,488,22.1173,1366.4637,61.783,17.269
sandwich,0.15700,0.15524,4,16,uni_z,3,1,2,grip,488,90.7784,3564.7181,39.268,45.049
sandwich,0.15700,0.15524,4,16,uni_z,0,2,2,grip,488,90.7784,3564.7181,39.268,45.049
sandwich,0.15700,0.15524,4,16,uni_z,1,2,2,interior,488,22.1173,1366.4637,61.783,17.269
sandwich,0.15700,0.15524,4,16,uni_z,2,2,2,interior,488,22.1173,1366.4637,61.783,17.269
sandwich,0.15700,0.15524,4,16,uni_z,3,2,2,grip,488,90.7784,3564.7181,39.268,45.049
sandwich,0.15700,0.15524,4,16,uni_z,0,3,2,grip,488,91.0274,3598.2506,39.529,45.473
sandwich,0.15700,0.15524,4,16,uni_z,1,3,2,free_surface,488,22.3990,1358.2368,60.638,17.165
sandwich,0.15700,0.15524,4,16,uni_z,2,3,2,free_surface,488,22.3990,1358.2368,60.638,17.165
sandwich,0.15700,0.15524,4,16,uni_z,3,3,2,grip,488,91.0274,3598.2506,39.529,45.473
sandwich,0.15700,0.15524,4,16,uni_z,0,0,3,grip,488,96.3940,3606.3881,37.413,45.576
sandwich,0.15700,0.15524,4,16,uni_z,1,0,3,free_surface,488,11.4370,869.8767,76.058,10.993
sandwich,0.15700,0.15524,4,16,uni_z,2,0,3,free_surface,488,11.4370,869.8767,76.058,10.993
sandwich,0.15700,0.15524,4,16,uni_z,3,0,3,grip,488,96.3940,3606.3881,37.413,45.576
sandwich,0.15700,0.15524,4,16,uni_z,0,1,3,grip,488,95.1035,3604.1597,37.897,45.548
sandwich,0.15700,0.15524,4,16,uni_z,1,1,3,free_surface,488,11.2644,655.2299,58.168,8.281
sandwich,0.15700,0.15524,4,16,uni_z,2,1,3,free_surface,488,11.2644,655.2299,58.168,8.281
sandwich,0.15700,0.15524,4,16,uni_z,3,1,3,grip,488,95.1035,3604.1597,37.897,45.548
sandwich,0.15700,0.15524,4,16,uni_z,0,2,3,grip,488,95.1035,3604.1597,37.897,45.548
sandwich,0.15700,0.15524,4,16,uni_z,1,2,3,free_surface,488,11.2644,655.2299,58.168,8.281
sandwich,0.15700,0.15524,4,16,uni_z,2,2,3,free_surface,488,11.2644,655.2299,58.168,8.281
sandwich,0.15700,0.15524,4,16,uni_z,3,2,3,grip,488,95.1035,3604.1597,37.897,45.548
sandwich,0.15700,0.15524,4,16,uni_z,0,3,3,grip,488,96.3940,3606.3881,37.413,45.576
sandwich,0.15700,0.15524,4,16,uni_z,1,3,3,free_surface,488,11.4370,869.8767,76.058,10.993
sandwich,0.15700,0.15524,4,16,uni_z,2,3,3,free_surface,488,11.4370,869.8767,76.058,10.993
sandwich,0.15700,0.15524,4,16,uni_z,3,3,3,grip,488,96.3940,3606.3881,37.413,45.576
sandwich,0.15700,0.15524,4,16,biax_xy,0,0,0,grip,488,121.7226,6129.7502,50.358,77.465
sandwich,0.15700,0.15524,4,16,biax_xy,1,0,0,free_surface,488,78.3068,3410.5302,43.553,43.101
sandwich,0.15700,0.15524,4,16,biax_xy,2,0,0,free_surface,488,78.3065,3410.6180,43.555,43.102
sandwich,0.15700,0.15524,4,16,biax_xy,3,0,0,grip,488,121.7234,6129.7102,50.358,77.465
sandwich,0.15700,0.15524,4,16,biax_xy,0,1,0,grip,488,92.6108,4387.1659,47.372,55.443
sandwich,0.15700,0.15524,4,16,biax_xy,1,1,0,free_surface,488,97.2198,4236.7875,43.579,53.543
sandwich,0.15700,0.15524,4,16,biax_xy,2,1,0,free_surface,488,97.2204,4236.8206,43.580,53.543
sandwich,0.15700,0.15524,4,16,biax_xy,3,1,0,grip,488,92.6107,4387.1804,47.372,55.443
sandwich,0.15700,0.15524,4,16,biax_xy,0,2,0,grip,488,92.6107,4387.1564,47.372,55.443
sandwich,0.15700,0.15524,4,16,biax_xy,1,2,0,free_surface,488,97.2198,4236.7972,43.580,53.543
sandwich,0.15700,0.15524,4,16,biax_xy,2,2,0,free_surface,488,97.2204,4236.8302,43.580,53.543
sandwich,0.15700,0.15524,4,16,biax_xy,3,2,0,grip,488,92.6107,4387.1707,47.372,55.443
sandwich,0.15700,0.15524,4,16,biax_xy,0,3,0,grip,488,121.7226,6129.7626,50.358,77.465
sandwich,0.15700,0.15524,4,16,biax_xy,1,3,0,free_surface,488,78.3066,3410.5624,43.554,43.101
sandwich,0.15700,0.15524,4,16,biax_xy,2,3,0,free_surface,488,78.3063,3410.6502,43.555,43.102
sandwich,0.15700,0.15524,4,16,biax_xy,3,3,0,grip,488,121.7234,6129.7220,50.358,77.465
sandwich,0.15700,0.15524,4,16,biax_xy,0,0,1,grip,488,113.1214,5344.5340,47.246,67.542
sandwich,0.15700,0.15524,4,16,biax_xy,1,0,1,free_surface,488,84.2116,3529.1333,41.908,44.600
sandwich,0.15700,0.15524,4,16,biax_xy,2,0,1,free_surface,488,84.2123,3529.1685,41.908,44.600
sandwich,0.15700,0.15524,4,16,biax_xy,3,0,1,grip,488,113.1223,5344.5919,47.246,67.543
sandwich,0.15700,0.15524,4,16,biax_xy,0,1,1,grip,488,80.3829,4165.3171,51.818,52.639
sandwich,0.15700,0.15524,4,16,biax_xy,1,1,1,interior,488,100.3052,4337.8026,43.246,54.819
sandwich,0.15700,0.15524,4,16,biax_xy,2,1,1,interior,488,100.3062,4337.7771,43.245,54.819
sandwich,0.15700,0.15524,4,16,biax_xy,3,1,1,grip,488,80.3833,4165.3532,51.819,52.640
sandwich,0.15700,0.15524,4,16,biax_xy,0,2,1,grip,488,80.3831,4165.3310,51.819,52.640
sandwich,0.15700,0.15524,4,16,biax_xy,1,2,1,interior,488,100.3055,4337.8130,43.246,54.819
sandwich,0.15700,0.15524,4,16,biax_xy,2,2,1,interior,488,100.3065,4337.7874,43.245,54.819
sandwich,0.15700,0.15524,4,16,biax_xy,3,2,1,grip,488,80.3835,4165.3672,51.819,52.640
sandwich,0.15700,0.15524,4,16,biax_xy,0,3,1,grip,488,113.1215,5344.5259,47.246,67.542
sandwich,0.15700,0.15524,4,16,biax_xy,1,3,1,free_surface,488,84.2120,3529.1472,41.908,44.600
sandwich,0.15700,0.15524,4,16,biax_xy,2,3,1,free_surface,488,84.2127,3529.1825,41.908,44.600
sandwich,0.15700,0.15524,4,16,biax_xy,3,3,1,grip,488,113.1224,5344.5838,47.246,67.542
sandwich,0.15700,0.15524,4,16,biax_xy,0,0,2,grip,488,113.1214,5344.5340,47.246,67.542
sandwich,0.15700,0.15524,4,16,biax_xy,1,0,2,free_surface,488,84.2116,3529.1333,41.908,44.600
sandwich,0.15700,0.15524,4,16,biax_xy,2,0,2,free_surface,488,84.2123,3529.1685,41.908,44.600
sandwich,0.15700,0.15524,4,16,biax_xy,3,0,2,grip,488,113.1223,5344.5919,47.246,67.543
sandwich,0.15700,0.15524,4,16,biax_xy,0,1,2,grip,488,80.3829,4165.3171,51.818,52.639
sandwich,0.15700,0.15524,4,16,biax_xy,1,1,2,interior,488,100.3052,4337.8026,43.246,54.819
sandwich,0.15700,0.15524,4,16,biax_xy,2,1,2,interior,488,100.3062,4337.7771,43.245,54.819
sandwich,0.15700,0.15524,4,16,biax_xy,3,1,2,grip,488,80.3833,4165.3532,51.819,52.640
sandwich,0.15700,0.15524,4,16,biax_xy,0,2,2,grip,488,80.3831,4165.3310,51.819,52.640
sandwich,0.15700,0.15524,4,16,biax_xy,1,2,2,interior,488,100.3055,4337.8130,43.246,54.819
sandwich,0.15700,0.15524,4,16,biax_xy,2,2,2,interior,488,100.3065,4337.7874,43.245,54.819
sandwich,0.15700,0.15524,4,16,biax_xy,3,2,2,grip,488,80.3835,4165.3672,51.819,52.640
sandwich,0.15700,0.15524,4,16,biax_xy,0,3,2,grip,488,113.1215,5344.5259,47.246,67.542
sandwich,0.15700,0.15524,4,16,biax_xy,1,3,2,free_surface,488,84.2120,3529.1472,41.908,44.600
sandwich,0.15700,0.15524,4,16,biax_xy,2,3,2,free_surface,488,84.2127,3529.1825,41.908,44.600
sandwich,0.15700,0.15524,4,16,biax_xy,3,3,2,grip,488,113.1224,5344.5838,47.246,67.542
sandwich,0.15700,0.15524,4,16,biax_xy,0,0,3,grip,488,121.7226,6129.7506,50.358,77.465
sandwich,0.15700,0.15524,4,16,biax_xy,1,0,3,free_surface,488,78.3068,3410.5302,43.553,43.101
sandwich,0.15700,0.15524,4,16,biax_xy,2,0,3,free_surface,488,78.3065,3410.6180,43.555,43.102
sandwich,0.15700,0.15524,4,16,biax_xy,3,0,3,grip,488,121.7234,6129.7104,50.358,77.465
sandwich,0.15700,0.15524,4,16,biax_xy,0,1,3,grip,488,92.6108,4387.1658,47.372,55.443
sandwich,0.15700,0.15524,4,16,biax_xy,1,1,3,free_surface,488,97.2198,4236.7875,43.579,53.543
sandwich,0.15700,0.15524,4,16,biax_xy,2,1,3,free_surface,488,97.2204,4236.8206,43.580,53.543
sandwich,0.15700,0.15524,4,16,biax_xy,3,1,3,grip,488,92.6107,4387.1803,47.372,55.443
sandwich,0.15700,0.15524,4,16,biax_xy,0,2,3,grip,488,92.6107,4387.1564,47.372,55.443
sandwich,0.15700,0.15524,4,16,biax_xy,1,2,3,free_surface,488,97.2198,4236.7972,43.580,53.543
sandwich,0.15700,0.15524,4,16,biax_xy,2,2,3,free_surface,488,97.2204,4236.8302,43.580,53.543
sandwich,0.15700,0.15524,4,16,biax_xy,3,2,3,grip,488,92.6107,4387.1707,47.372,55.443
sandwich,0.15700,0.15524,4,16,biax_xy,0,3,3,grip,488,121.7226,6129.7622,50.358,77.465
sandwich,0.15700,0.15524,4,16,biax_xy,1,3,3,free_surface,488,78.3066,3410.5624,43.554,43.101
sandwich,0.15700,0.15524,4,16,biax_xy,2,3,3,free_surface,488,78.3063,3410.6502,43.555,43.102
sandwich,0.15700,0.15524,4,16,biax_xy,3,3,3,grip,488,121.7234,6129.7220,50.358,77.465
sandwich,0.15700,0.15524,4,16,shear_xy,0,0,0,grip,488,55.7909,2661.8709,47.712,25.503
sandwich,0.15700,0.15524,4,16,shear_xy,1,0,0,free_surface,488,36.8767,1620.0137,43.931,15.521
sandwich,0.15700,0.15524,4,16,shear_xy,2,0,0,free_surface,488,36.8767,1620.0438,43.931,15.521
sandwich,0.15700,0.15524,4,16,shear_xy,3,0,0,grip,488,55.7907,2661.8461,47.711,25.503
sandwich,0.15700,0.15524,4,16,shear_xy,0,1,0,grip,488,57.2357,2244.1483,39.209,21.501
sandwich,0.15700,0.15524,4,16,shear_xy,1,1,0,free_surface,488,70.0754,2718.5124,38.794,26.045
sandwich,0.15700,0.15524,4,16,shear_xy,2,1,0,free_surface,488,70.0755,2718.5277,38.794,26.046
sandwich,0.15700,0.15524,4,16,shear_xy,3,1,0,grip,488,57.2355,2244.1303,39.209,21.501
sandwich,0.15700,0.15524,4,16,shear_xy,0,2,0,grip,488,57.2353,2244.1430,39.209,21.501
sandwich,0.15700,0.15524,4,16,shear_xy,1,2,0,free_surface,488,70.0749,2718.4973,38.794,26.045
sandwich,0.15700,0.15524,4,16,shear_xy,2,2,0,free_surface,488,70.0750,2718.5126,38.794,26.045
sandwich,0.15700,0.15524,4,16,shear_xy,3,2,0,grip,488,57.2351,2244.1249,39.209,21.500
sandwich,0.15700,0.15524,4,16,shear_xy,0,3,0,grip,488,55.7909,2661.8951,47.712,25.503
sandwich,0.15700,0.15524,4,16,shear_xy,1,3,0,free_surface,488,36.8768,1620.0286,43.931,15.521
sandwich,0.15700,0.15524,4,16,shear_xy,2,3,0,free_surface,488,36.8767,1620.0587,43.932,15.521
sandwich,0.15700,0.15524,4,16,shear_xy,3,3,0,grip,488,55.7907,2661.8703,47.712,25.503
sandwich,0.15700,0.15524,4,16,shear_xy,0,0,1,grip,488,56.9568,2658.5280,46.676,25.471
sandwich,0.15700,0.15524,4,16,shear_xy,1,0,1,free_surface,488,35.5232,1617.0975,45.522,15.493
sandwich,0.15700,0.15524,4,16,shear_xy,2,0,1,free_surface,488,35.5230,1617.0989,45.523,15.493
sandwich,0.15700,0.15524,4,16,shear_xy,3,0,1,grip,488,56.9565,2658.5099,46.676,25.471
sandwich,0.15700,0.15524,4,16,shear_xy,0,1,1,grip,488,58.4556,2265.9983,38.764,21.710
sandwich,0.15700,0.15524,4,16,shear_xy,1,1,1,interior,488,69.2951,2685.4107,38.753,25.728
sandwich,0.15700,0.15524,4,16,shear_xy,2,1,1,interior,488,69.2950,2685.4012,38.753,25.728
sandwich,0.15700,0.15524,4,16,shear_xy,3,1,1,grip,488,58.4550,2265.9725,38.764,21.710
sandwich,0.15700,0.15524,4,16,shear_xy,0,2,1,grip,488,58.4553,2265.9843,38.764,21.710
sandwich,0.15700,0.15524,4,16,shear_xy,1,2,1,interior,488,69.2947,2685.4037,38.753,25.728
sandwich,0.15700,0.15524,4,16,shear_xy,2,2,1,interior,488,69.2946,2685.3943,38.753,25.728
sandwich,0.15700,0.15524,4,16,shear_xy,3,2,1,grip,488,58.4547,2265.9585,38.764,21.710
sandwich,0.15700,0.15524,4,16,shear_xy,0,3,1,grip,488,56.9567,2658.5375,46.676,25.471
sandwich,0.15700,0.15524,4,16,shear_xy,1,3,1,free_surface,488,35.5233,1617.1158,45.523,15.493
sandwich,0.15700,0.15524,4,16,shear_xy,2,3,1,free_surface,488,35.5230,1617.1171,45.523,15.493
sandwich,0.15700,0.15524,4,16,shear_xy,3,3,1,grip,488,56.9564,2658.5194,46.676,25.471
sandwich,0.15700,0.15524,4,16,shear_xy,0,0,2,grip,488,56.9568,2658.5280,46.676,25.471
sandwich,0.15700,0.15524,4,16,shear_xy,1,0,2,free_surface,488,35.5232,1617.0975,45.522,15.493
sandwich,0.15700,0.15524,4,16,shear_xy,2,0,2,free_surface,488,35.5230,1617.0989,45.523,15.493
sandwich,0.15700,0.15524,4,16,shear_xy,3,0,2,grip,488,56.9565,2658.5099,46.676,25.471
sandwich,0.15700,0.15524,4,16,shear_xy,0,1,2,grip,488,58.4556,2265.9983,38.764,21.710
sandwich,0.15700,0.15524,4,16,shear_xy,1,1,2,interior,488,69.2951,2685.4107,38.753,25.728
sandwich,0.15700,0.15524,4,16,shear_xy,2,1,2,interior,488,69.2950,2685.4012,38.753,25.728
sandwich,0.15700,0.15524,4,16,shear_xy,3,1,2,grip,488,58.4550,2265.9725,38.764,21.710
sandwich,0.15700,0.15524,4,16,shear_xy,0,2,2,grip,488,58.4553,2265.9843,38.764,21.710
sandwich,0.15700,0.15524,4,16,shear_xy,1,2,2,interior,488,69.2947,2685.4037,38.753,25.728
sandwich,0.15700,0.15524,4,16,shear_xy,2,2,2,interior,488,69.2946,2685.3943,38.753,25.728
sandwich,0.15700,0.15524,4,16,shear_xy,3,2,2,grip,488,58.4547,2265.9585,38.764,21.710
sandwich,0.15700,0.15524,4,16,shear_xy,0,3,2,grip,488,56.9567,2658.5375,46.676,25.471
sandwich,0.15700,0.15524,4,16,shear_xy,1,3,2,free_surface,488,35.5233,1617.1158,45.523,15.493
sandwich,0.15700,0.15524,4,16,shear_xy,2,3,2,free_surface,488,35.5230,1617.1171,45.523,15.493
sandwich,0.15700,0.15524,4,16,shear_xy,3,3,2,grip,488,56.9564,2658.5194,46.676,25.471
sandwich,0.15700,0.15524,4,16,shear_xy,0,0,3,grip,488,55.7909,2661.8709,47.712,25.503
sandwich,0.15700,0.15524,4,16,shear_xy,1,0,3,free_surface,488,36.8767,1620.0137,43.931,15.521
sandwich,0.15700,0.15524,4,16,shear_xy,2,0,3,free_surface,488,36.8767,1620.0438,43.931,15.521
sandwich,0.15700,0.15524,4,16,shear_xy,3,0,3,grip,488,55.7907,2661.8461,47.711,25.503
sandwich,0.15700,0.15524,4,16,shear_xy,0,1,3,grip,488,57.2357,2244.1483,39.209,21.501
sandwich,0.15700,0.15524,4,16,shear_xy,1,1,3,free_surface,488,70.0754,2718.5124,38.794,26.045
sandwich,0.15700,0.15524,4,16,shear_xy,2,1,3,free_surface,488,70.0755,2718.5277,38.794,26.046
sandwich,0.15700,0.15524,4,16,shear_xy,3,1,3,grip,488,57.2355,2244.1303,39.209,21.501
sandwich,0.15700,0.15524,4,16,shear_xy,0,2,3,grip,488,57.2353,2244.1430,39.209,21.501
sandwich,0.15700,0.15524,4,16,shear_xy,1,2,3,free_surface,488,70.0749,2718.4973,38.794,26.045
sandwich,0.15700,0.15524,4,16,shear_xy,2,2,3,free_surface,488,70.0750,2718.5126,38.794,26.045
sandwich,0.15700,0.15524,4,16,shear_xy,3,2,3,grip,488,57.2351,2244.1249,39.209,21.500
sandwich,0.15700,0.15524,4,16,shear_xy,0,3,3,grip,488,55.7909,2661.8951,47.712,25.503
sandwich,0.15700,0.15524,4,16,shear_xy,1,3,3,free_surface,488,36.8768,1620.0286,43.931,15.521
sandwich,0.15700,0.15524,4,16,shear_xy,2,3,3,free_surface,488,36.8767,1620.0587,43.932,15.521
sandwich,0.15700,0.15524,4,16,shear_xy,3,3,3,grip,488,55.7907,2661.8703,47.712,25.503
sandwich,0.15700,0.15524,4,16,shear_diag,0,0,0,grip,488,125.1105,4176.0924,33.379,30.470
sandwich,0.15700,0.15524,4,16,shear_diag,1,0,0,free_surface,488,78.7094,3089.8070,39.256,22.544
sandwich,0.15700,0.15524,4,16,shear_diag,2,0,0,free_surface,488,78.7090,3089.8090,39.256,22.544
sandwich,0.15700,0.15524,4,16,shear_diag,3,0,0,grip,488,125.1096,4176.0635,33.379,30.470
sandwich,0.15700,0.15524,4,16,shear_diag,0,1,0,grip,488,131.9456,4120.8586,31.231,30.067
sandwich,0.15700,0.15524,4,16,shear_diag,1,1,0,free_surface,488,71.7176,2429.6924,33.879,17.728
sandwich,0.15700,0.15524,4,16,shear_diag,2,1,0,free_surface,488,71.7182,2429.7424,33.879,17.728
sandwich,0.15700,0.15524,4,16,shear_diag,3,1,0,grip,488,131.9459,4120.8515,31.231,30.067
sandwich,0.15700,0.15524,4,16,shear_diag,0,2,0,grip,488,131.9456,4120.8485,31.231,30.067
sandwich,0.15700,0.15524,4,16,shear_diag,1,2,0,free_surface,488,71.7176,2429.6942,33.879,17.728
sandwich,0.15700,0.15524,4,16,shear_diag,2,2,0,free_surface,488,71.7183,2429.7442,33.879,17.728
sandwich,0.15700,0.15524,4,16,shear_diag,3,2,0,grip,488,131.9458,4120.8414,31.231,30.067
sandwich,0.15700,0.15524,4,16,shear_diag,0,3,0,grip,488,125.1103,4176.0762,33.379,30.470
sandwich,0.15700,0.15524,4,16,shear_diag,1,3,0,free_surface,488,78.7096,3089.7987,39.256,22.544
sandwich,0.15700,0.15524,4,16,shear_diag,2,3,0,free_surface,488,78.7092,3089.8029,39.256,22.544
sandwich,0.15700,0.15524,4,16,shear_diag,3,3,0,grip,488,125.1094,4176.0472,33.379,30.470
sandwich,0.15700,0.15524,4,16,shear_diag,0,0,1,grip,488,121.2734,3797.5001,31.314,27.708
sandwich,0.15700,0.15524,4,16,shear_diag,1,0,1,free_surface,488,82.1817,3186.3049,38.771,23.248
sandwich,0.15700,0.15524,4,16,shear_diag,2,0,1,free_surface,488,82.1822,3186.3847,38.772,23.249
sandwich,0.15700,0.15524,4,16,shear_diag,3,0,1,grip,488,121.2728,3797.4957,31.314,27.708
sandwich,0.15700,0.15524,4,16,shear_diag,0,1,1,grip,488,129.4360,3821.2560,29.522,27.881
sandwich,0.15700,0.15524,4,16,shear_diag,1,1,1,interior,488,75.8389,2581.8831,34.044,18.838
sandwich,0.15700,0.15524,4,16,shear_diag,2,1,1,interior,488,75.8398,2581.8768,34.044,18.838
sandwich,0.15700,0.15524,4,16,shear_diag,3,1,1,grip,488,129.4365,3821.2629,29.522,27.881
sandwich,0.15700,0.15524,4,16,shear_diag,0,2,1,grip,488,129.4361,3821.2588,29.522,27.881
sandwich,0.15700,0.15524,4,16,shear_diag,1,2,1,interior,488,75.8388,2581.8758,34.044,18.838
sandwich,0.15700,0.15524,4,16,shear_diag,2,2,1,interior,488,75.8396,2581.8696,34.044,18.838
sandwich,0.15700,0.15524,4,16,shear_diag,3,2,1,grip,488,129.4367,3821.2657,29.522,27.881
sandwich,0.15700,0.15524,4,16,shear_diag,0,3,1,grip,488,121.2736,3797.5018,31.314,27.708
sandwich,0.15700,0.15524,4,16,shear_diag,1,3,1,free_surface,488,82.1814,3186.2936,38.771,23.248
sandwich,0.15700,0.15524,4,16,shear_diag,2,3,1,free_surface,488,82.1820,3186.3735,38.772,23.249
sandwich,0.15700,0.15524,4,16,shear_diag,3,3,1,grip,488,121.2730,3797.4974,31.314,27.708
sandwich,0.15700,0.15524,4,16,shear_diag,0,0,2,grip,488,121.2734,3797.5001,31.314,27.708
sandwich,0.15700,0.15524,4,16,shear_diag,1,0,2,free_surface,488,82.1817,3186.3049,38.771,23.248
sandwich,0.15700,0.15524,4,16,shear_diag,2,0,2,free_surface,488,82.1822,3186.3847,38.772,23.249
sandwich,0.15700,0.15524,4,16,shear_diag,3,0,2,grip,488,121.2728,3797.4957,31.314,27.708
sandwich,0.15700,0.15524,4,16,shear_diag,0,1,2,grip,488,129.4360,3821.2560,29.522,27.881
sandwich,0.15700,0.15524,4,16,shear_diag,1,1,2,interior,488,75.8389,2581.8831,34.044,18.838
sandwich,0.15700,0.15524,4,16,shear_diag,2,1,2,interior,488,75.8398,2581.8768,34.044,18.838
sandwich,0.15700,0.15524,4,16,shear_diag,3,1,2,grip,488,129.4365,3821.2629,29.522,27.881
sandwich,0.15700,0.15524,4,16,shear_diag,0,2,2,grip,488,129.4361,3821.2588,29.522,27.881
sandwich,0.15700,0.15524,4,16,shear_diag,1,2,2,interior,488,75.8388,2581.8758,34.044,18.838
sandwich,0.15700,0.15524,4,16,shear_diag,2,2,2,interior,488,75.8396,2581.8696,34.044,18.838
sandwich,0.15700,0.15524,4,16,shear_diag,3,2,2,grip,488,129.4367,3821.2657,29.522,27.881
sandwich,0.15700,0.15524,4,16,shear_diag,0,3,2,grip,488,121.2736,3797.5018,31.314,27.708
sandwich,0.15700,0.15524,4,16,shear_diag,1,3,2,free_surface,488,82.1814,3186.2936,38.771,23.248
sandwich,0.15700,0.15524,4,16,shear_diag,2,3,2,free_surface,488,82.1820,3186.3735,38.772,23.249
sandwich,0.15700,0.15524,4,16,shear_diag,3,3,2,grip,488,121.2730,3797.4974,31.314,27.708
sandwich,0.15700,0.15524,4,16,shear_diag,0,0,3,grip,488,125.1105,4176.0925,33.379,30.470
sandwich,0.15700,0.15524,4,16,shear_diag,1,0,3,free_surface,488,78.7094,3089.8060,39.256,22.544
sandwich,0.15700,0.15524,4,16,shear_diag,2,0,3,free_surface,488,78.7090,3089.8097,39.256,22.544
sandwich,0.15700,0.15524,4,16,shear_diag,3,0,3,grip,488,125.1096,4176.0634,33.379,30.470
sandwich,0.15700,0.15524,4,16,shear_diag,0,1,3,grip,488,131.9456,4120.8586,31.231,30.067
sandwich,0.15700,0.15524,4,16,shear_diag,1,1,3,free_surface,488,71.7176,2429.6924,33.879,17.728
sandwich,0.15700,0.15524,4,16,shear_diag,2,1,3,free_surface,488,71.7182,2429.7424,33.879,17.728
sandwich,0.15700,0.15524,4,16,shear_diag,3,1,3,grip,488,131.9459,4120.8515,31.231,30.067
sandwich,0.15700,0.15524,4,16,shear_diag,0,2,3,grip,488,131.9456,4120.8485,31.231,30.067
sandwich,0.15700,0.15524,4,16,shear_diag,1,2,3,free_surface,488,71.7176,2429.6942,33.879,17.728
sandwich,0.15700,0.15524,4,16,shear_diag,2,2,3,free_surface,488,71.7183,2429.7442,33.879,17.728
sandwich,0.15700,0.15524,4,16,shear_diag,3,2,3,grip,488,131.9458,4120.8414,31.231,30.067
sandwich,0.15700,0.15524,4,16,shear_diag,0,3,3,grip,488,125.1103,4176.0762,33.379,30.470
sandwich,0.15700,0.15524,4,16,shear_diag,1,3,3,free_surface,488,78.7096,3089.7999,39.256,22.544
sandwich,0.15700,0.15524,4,16,shear_diag,2,3,3,free_surface,488,78.7092,3089.8021,39.256,22.544
sandwich,0.15700,0.15524,4,16,shear_diag,3,3,3,grip,488,125.1094,4176.0473,33.379,30.470
sandwich,0.15700,0.15524,4,16,uni_111,0,0,0,grip,488,137.1608,6817.1362,49.702,56.563
sandwich,0.15700,0.15524,4,16,uni_111,1,0,0,free_surface,488,52.0864,2751.3259,52.822,22.828
sandwich,0.15700,0.15524,4,16,uni_111,2,0,0,free_surface,488,22.1807,984.9621,44.406,8.172
sandwich,0.15700,0.15524,4,16,uni_111,3,0,0,grip,488,55.9960,2945.1048,52.595,24.436
sandwich,0.15700,0.15524,4,16,uni_111,0,1,0,grip,488,112.9962,4968.7080,43.972,41.226
sandwich,0.15700,0.15524,4,16,uni_111,1,1,0,free_surface,488,76.5391,3419.4734,44.676,28.372
sandwich,0.15700,0.15524,4,16,uni_111,2,1,0,free_surface,488,43.8898,2215.9326,50.489,18.386
sandwich,0.15700,0.15524,4,16,uni_111,3,1,0,grip,488,50.0466,2855.5968,57.059,23.693
sandwich,0.15700,0.15524,4,16,uni_111,0,2,0,grip,488,85.8872,3769.4521,43.888,31.276
sandwich,0.15700,0.15524,4,16,uni_111,1,2,0,free_surface,488,68.5410,2801.1668,40.868,23.242
sandwich,0.15700,0.15524,4,16,uni_111,2,2,0,free_surface,488,57.5637,2571.5544,44.673,21.337
sandwich,0.15700,0.15524,4,16,uni_111,3,2,0,grip,488,50.3653,2772.0334,55.039,23.000
sandwich,0.15700,0.15524,4,16,uni_111,0,3,0,grip,488,50.7206,2565.5499,50.582,21.287
sandwich,0.15700,0.15524,4,16,uni_111,1,3,0,free_surface,488,48.3127,1972.0480,40.818,16.362
sandwich,0.15700,0.15524,4,16,uni_111,2,3,0,free_surface,488,48.3130,1972.0533,40.818,16.363
sandwich,0.15700,0.15524,4,16,uni_111,3,3,0,grip,488,50.7209,2565.5384,50.581,21.287
sandwich,0.15700,0.15524,4,16,uni_111,0,0,1,grip,488,112.9962,4968.7079,43.972,41.226
sandwich,0.15700,0.15524,4,16,uni_111,1,0,1,free_surface,488,76.5391,3419.4734,44.676,28.372
sandwich,0.15700,0.15524,4,16,uni_111,2,0,1,free_surface,488,43.8898,2215.9326,50.489,18.386
sandwich,0.15700,0.15524,4,16,uni_111,3,0,1,grip,488,50.0466,2855.5968,57.059,23.693
sandwich,0.15700,0.15524,4,16,uni_111,0,1,1,grip,488,93.1216,3175.8456,34.104,26.351
sandwich,0.15700,0.15524,4,16,uni_111,1,1,1,interior,488,88.8520,3212.6035,36.157,26.656
sandwich,0.15700,0.15524,4,16,uni_111,2,1,1,interior,488,66.1752,2626.2429,39.686,21.790
sandwich,0.15700,0.15524,4,16,uni_111,3,1,1,grip,488,58.3301,2866.6960,49.146,23.786
sandwich,0.15700,0.15524,4,16,uni_111,0,2,1,grip,488,71.7741,2964.3405,41.301,24.596
sandwich,0.15700,0.15524,4,16,uni_111,1,2,1,interior,488,77.8039,2986.6336,38.387,24.781
sandwich,0.15700,0.15524,4,16,uni_111,2,2,1,interior,488,77.8039,2986.6202,38.386,24.781
sandwich,0.15700,0.15524,4,16,uni_111,3,2,1,grip,488,71.7739,2964.3415,41.301,24.596
sandwich,0.15700,0.15524,4,16,uni_111,0,3,1,grip,488,50.3654,2772.0369,55.039,23.000
sandwich,0.15700,0.15524,4,16,uni_111,1,3,1,free_surface,488,57.5639,2571.6122,44.674,21.337
sandwich,0.15700,0.15524,4,16,uni_111,2,3,1,free_surface,488,68.5415,2801.2166,40.869,23.242
sandwich,0.15700,0.15524,4,16,uni_111,3,3,1,grip,488,85.8872,3769.4688,43.889,31.276
sandwich,0.15700,0.15524,4,16,uni_111,0,0,2,grip,488,85.8872,3769.4522,43.888,31.276
sandwich,0.15700,0.15524,4,16,uni_111,1,0,2,free_surface,488,68.5410,2801.1668,40.868,23.242
sandwich,0.15700,0.15524,4,16,uni_111,2,0,2,free_surface,488,57.5637,2571.5544,44.673,21.337
sandwich,0.15700,0.15524,4,16,uni_111,3,0,2,grip,488,50.3653,2772.0334,55.039,23.000
sandwich,0.15700,0.15524,4,16,uni_111,0,1,2,grip,488,71.7741,2964.3405,41.301,24.596
sandwich,0.15700,0.15524,4,16,uni_111,1,1,2,interior,488,77.8039,2986.6336,38.387,24.781
sandwich,0.15700,0.15524,4,16,uni_111,2,1,2,interior,488,77.8039,2986.6202,38.386,24.781
sandwich,0.15700,0.15524,4,16,uni_111,3,1,2,grip,488,71.7739,2964.3415,41.301,24.596
sandwich,0.15700,0.15524,4,16,uni_111,0,2,2,grip,488,58.3307,2866.7031,49.146,23.786
sandwich,0.15700,0.15524,4,16,uni_111,1,2,2,interior,488,66.1752,2626.2601,39.686,21.791
sandwich,0.15700,0.15524,4,16,uni_111,2,2,2,interior,488,88.8517,3212.5896,36.157,26.656
sandwich,0.15700,0.15524,4,16,uni_111,3,2,2,grip,488,93.1209,3175.8569,34.105,26.351
sandwich,0.15700,0.15524,4,16,uni_111,0,3,2,grip,488,50.0469,2855.6016,57.059,23.694
sandwich,0.15700,0.15524,4,16,uni_111,1,3,2,free_surface,488,43.8895,2215.9585,50.489,18.386
sandwich,0.15700,0.15524,4,16,uni_111,2,3,2,free_surface,488,76.5391,3419.4760,44.676,28.372
sandwich,0.15700,0.15524,4,16,uni_111,3,3,2,grip,488,112.9955,4968.7006,43.973,41.226
sandwich,0.15700,0.15524,4,16,uni_111,0,0,3,grip,488,50.7206,2565.5499,50.582,21.287
sandwich,0.15700,0.15524,4,16,uni_111,1,0,3,free_surface,488,48.3127,1972.0480,40.818,16.362
sandwich,0.15700,0.15524,4,16,uni_111,2,0,3,free_surface,488,48.3130,1972.0533,40.818,16.363
sandwich,0.15700,0.15524,4,16,uni_111,3,0,3,grip,488,50.7209,2565.5384,50.581,21.287
sandwich,0.15700,0.15524,4,16,uni_111,0,1,3,grip,488,50.3654,2772.0369,55.039,23.000
sandwich,0.15700,0.15524,4,16,uni_111,1,1,3,free_surface,488,57.5639,2571.6122,44.674,21.337
sandwich,0.15700,0.15524,4,16,uni_111,2,1,3,free_surface,488,68.5415,2801.2166,40.869,23.242
sandwich,0.15700,0.15524,4,16,uni_111,3,1,3,grip,488,85.8872,3769.4688,43.889,31.276
sandwich,0.15700,0.15524,4,16,uni_111,0,2,3,grip,488,50.0469,2855.6016,57.059,23.694
sandwich,0.15700,0.15524,4,16,uni_111,1,2,3,free_surface,488,43.8895,2215.9585,50.489,18.386
sandwich,0.15700,0.15524,4,16,uni_111,2,2,3,free_surface,488,76.5391,3419.4760,44.676,28.372
sandwich,0.15700,0.15524,4,16,uni_111,3,2,3,grip,488,112.9955,4968.7006,43.973,41.226
sandwich,0.15700,0.15524,4,16,uni_111,0,3,3,grip,488,55.9957,2945.1075,52.595,24.436
sandwich,0.15700,0.15524,4,16,uni_111,1,3,3,free_surface,488,22.1806,984.9394,44.405,8.172
sandwich,0.15700,0.15524,4,16,uni_111,2,3,3,free_surface,488,52.0868,2751.3461,52.822,22.828
sandwich,0.15700,0.15524,4,16,uni_111,3,3,3,grip,488,137.1602,6817.1316,49.702,56.563
sandwich,0.15700,0.15524,4,16,hydro,0,0,0,grip,488,141.0234,7591.7677,53.833,-1.000
sandwich,0.15700,0.15524,4,16,hydro,1,0,0,free_surface,488,78.5175,3910.7174,49.807,-1.000
sandwich,0.15700,0.15524,4,16,hydro,2,0,0,free_surface,488,78.5172,3910.8077,49.808,-1.000
sandwich,0.15700,0.15524,4,16,hydro,3,0,0,grip,488,141.0248,7591.7348,53.833,-1.000
sandwich,0.15700,0.15524,4,16,hydro,0,1,0,grip,488,112.0841,5172.8908,46.152,-1.000
sandwich,0.15700,0.15524,4,16,hydro,1,1,0,free_surface,488,97.8814,4775.4032,48.788,-1.000
sandwich,0.15700,0.15524,4,16,hydro,2,1,0,free_surface,488,97.8821,4775.4380,48.788,-1.000
sandwich,0.15700,0.15524,4,16,hydro,3,1,0,grip,488,112.0848,5172.9077,46.152,-1.000
sandwich,0.15700,0.15524,4,16,hydro,0,2,0,grip,488,112.0840,5172.8876,46.152,-1.000
sandwich,0.15700,0.15524,4,16,hydro,1,2,0,free_surface,488,97.8814,4775.4131,48.788,-1.000
sandwich,0.15700,0.15524,4,16,hydro,2,2,0,free_surface,488,97.8821,4775.4480,48.788,-1.000
sandwich,0.15700,0.15524,4,16,hydro,3,2,0,grip,488,112.0848,5172.9045,46.152,-1.000
sandwich,0.15700,0.15524,4,16,hydro,0,3,0,grip,488,141.0234,7591.7704,53.833,-1.000
sandwich,0.15700,0.15524,4,16,hydro,1,3,0,free_surface,488,78.5173,3910.7496,49.807,-1.000
sandwich,0.15700,0.15524,4,16,hydro,2,3,0,free_surface,488,78.5171,3910.8399,49.809,-1.000
sandwich,0.15700,0.15524,4,16,hydro,3,3,0,grip,488,141.0248,7591.7375,53.833,-1.000
sandwich,0.15700,0.15524,4,16,hydro,0,0,1,grip,488,112.0841,5172.8908,46.152,-1.000
sandwich,0.15700,0.15524,4,16,hydro,1,0,1,free_surface,488,97.8814,4775.4032,48.788,-1.000
sandwich,0.15700,0.15524,4,16,hydro,2,0,1,free_surface,488,97.8821,4775.4381,48.788,-1.000
sandwich,0.15700,0.15524,4,16,hydro,3,0,1,grip,488,112.0848,5172.9077,46.152,-1.000
sandwich,0.15700,0.15524,4,16,hydro,0,1,1,grip,488,67.3214,4849.2041,72.031,-1.000
sandwich,0.15700,0.15524,4,16,hydro,1,1,1,interior,488,112.2311,4919.5981,43.835,-1.000
sandwich,0.15700,0.15524,4,16,hydro,2,1,1,interior,488,112.2321,4919.5732,43.834,-1.000
sandwich,0.15700,0.15524,4,16,hydro,3,1,1,grip,488,67.3216,4849.2020,72.030,-1.000
sandwich,0.15700,0.15524,4,16,hydro,0,2,1,grip,488,67.3217,4849.2074,72.030,-1.000
sandwich,0.15700,0.15524,4,16,hydro,1,2,1,interior,488,112.2314,4919.6084,43.835,-1.000
sandwich,0.15700,0.15524,4,16,hydro,2,2,1,interior,488,112.2324,4919.5836,43.834,-1.000
sandwich,0.15700,0.15524,4,16,hydro,3,2,1,grip,488,67.3219,4849.2053,72.030,-1.000
sandwich,0.15700,0.15524,4,16,hydro,0,3,1,grip,488,112.0842,5172.8944,46.152,-1.000
sandwich,0.15700,0.15524,4,16,hydro,1,3,1,free_surface,488,97.8817,4775.4171,48.788,-1.000
sandwich,0.15700,0.15524,4,16,hydro,2,3,1,free_surface,488,97.8824,4775.4520,48.788,-1.000
sandwich,0.15700,0.15524,4,16,hydro,3,3,1,grip,488,112.0850,5172.9113,46.152,-1.000
sandwich,0.15700,0.15524,4,16,hydro,0,0,2,grip,488,112.0840,5172.8876,46.152,-1.000
sandwich,0.15700,0.15524,4,16,hydro,1,0,2,free_surface,488,97.8814,4775.4131,48.788,-1.000
sandwich,0.15700,0.15524,4,16,hydro,2,0,2,free_surface,488,97.8821,4775.4480,48.788,-1.000
sandwich,0.15700,0.15524,4,16,hydro,3,0,2,grip,488,112.0848,5172.9045,46.152,-1.000
sandwich,0.15700,0.15524,4,16,hydro,0,1,2,grip,488,67.3217,4849.2074,72.030,-1.000
sandwich,0.15700,0.15524,4,16,hydro,1,1,2,interior,488,112.2314,4919.6084,43.835,-1.000
sandwich,0.15700,0.15524,4,16,hydro,2,1,2,interior,488,112.2324,4919.5836,43.834,-1.000
sandwich,0.15700,0.15524,4,16,hydro,3,1,2,grip,488,67.3219,4849.2053,72.030,-1.000
sandwich,0.15700,0.15524,4,16,hydro,0,2,2,grip,488,67.3220,4849.2052,72.030,-1.000
sandwich,0.15700,0.15524,4,16,hydro,1,2,2,interior,488,112.2317,4919.6052,43.834,-1.000
sandwich,0.15700,0.15524,4,16,hydro,2,2,2,interior,488,112.2327,4919.5803,43.834,-1.000
sandwich,0.15700,0.15524,4,16,hydro,3,2,2,grip,488,67.3222,4849.2030,72.030,-1.000
sandwich,0.15700,0.15524,4,16,hydro,0,3,2,grip,488,112.0842,5172.8912,46.152,-1.000
sandwich,0.15700,0.15524,4,16,hydro,1,3,2,free_surface,488,97.8817,4775.4270,48.788,-1.000
sandwich,0.15700,0.15524,4,16,hydro,2,3,2,free_surface,488,97.8824,4775.4619,48.788,-1.000
sandwich,0.15700,0.15524,4,16,hydro,3,3,2,grip,488,112.0849,5172.9081,46.152,-1.000
sandwich,0.15700,0.15524,4,16,hydro,0,0,3,grip,488,141.0234,7591.7704,53.833,-1.000
sandwich,0.15700,0.15524,4,16,hydro,1,0,3,free_surface,488,78.5173,3910.7496,49.807,-1.000
sandwich,0.15700,0.15524,4,16,hydro,2,0,3,free_surface,488,78.5171,3910.8399,49.809,-1.000
sandwich,0.15700,0.15524,4,16,hydro,3,0,3,grip,488,141.0248,7591.7375,53.833,-1.000
sandwich,0.15700,0.15524,4,16,hydro,0,1,3,grip,488,112.0842,5172.8944,46.152,-1.000
sandwich,0.15700,0.15524,4,16,hydro,1,1,3,free_surface,488,97.8817,4775.4171,48.788,-1.000
sandwich,0.15700,0.15524,4,16,hydro,2,1,3,free_surface,488,97.8824,4775.4520,48.788,-1.000
sandwich,0.15700,0.15524,4,16,hydro,3,1,3,grip,488,112.0850,5172.9113,46.152,-1.000
sandwich,0.15700,0.15524,4,16,hydro,0,2,3,grip,488,112.0842,5172.8912,46.152,-1.000
sandwich,0.15700,0.15524,4,16,hydro,1,2,3,free_surface,488,97.8817,4775.4270,48.788,-1.000
sandwich,0.15700,0.15524,4,16,hydro,2,2,3,free_surface,488,97.8824,4775.4619,48.788,-1.000
sandwich,0.15700,0.15524,4,16,hydro,3,2,3,grip,488,112.0849,5172.9081,46.152,-1.000
sandwich,0.15700,0.15524,4,16,hydro,0,3,3,grip,488,141.0233,7591.7732,53.833,-1.000
sandwich,0.15700,0.15524,4,16,hydro,1,3,3,free_surface,488,78.5172,3910.7704,49.808,-1.000
sandwich,0.15700,0.15524,4,16,hydro,2,3,3,free_surface,488,78.5170,3910.8606,49.809,-1.000
sandwich,0.15700,0.15524,4,16,hydro,3,3,3,grip,488,141.0247,7591.7402,53.833,-1.000
sandwich,0.20000,0.20414,4,16,uni_x,0,0,0,grip,904,197.6644,4610.1661,23.323,38.663
sandwich,0.20000,0.20414,4,16,uni_x,1,0,0,free_surface,904,203.1980,3898.7786,19.187,32.697
sandwich,0.20000,0.20414,4,16,uni_x,2,0,0,free_surface,904,203.2016,3898.7626,19.187,32.697
sandwich,0.20000,0.20414,4,16,uni_x,3,0,0,grip,904,197.6654,4610.1696,23.323,38.663
sandwich,0.20000,0.20414,4,16,uni_x,0,1,0,grip,904,180.0510,4016.8983,22.310,33.688
sandwich,0.20000,0.20414,4,16,uni_x,1,1,0,free_surface,904,213.4439,4095.6039,19.188,34.348
sandwich,0.20000,0.20414,4,16,uni_x,2,1,0,free_surface,904,213.4438,4095.4776,19.188,34.347
sandwich,0.20000,0.20414,4,16,uni_x,3,1,0,grip,904,180.0507,4016.8640,22.310,33.687
sandwich,0.20000,0.20414,4,16,uni_x,0,2,0,grip,904,180.0510,4016.8983,22.310,33.688
sandwich,0.20000,0.20414,4,16,uni_x,1,2,0,free_surface,904,213.4439,4095.6039,19.188,34.348
sandwich,0.20000,0.20414,4,16,uni_x,2,2,0,free_surface,904,213.4438,4095.4776,19.188,34.347
sandwich,0.20000,0.20414,4,16,uni_x,3,2,0,grip,904,180.0507,4016.8640,22.310,33.687
sandwich,0.20000,0.20414,4,16,uni_x,0,3,0,grip,904,197.6644,4610.1661,23.323,38.663
sandwich,0.20000,0.20414,4,16,uni_x,1,3,0,free_surface,904,203.1980,3898.7786,19.187,32.697
sandwich,0.20000,0.20414,4,16,uni_x,2,3,0,free_surface,904,203.2016,3898.7626,19.187,32.697
sandwich,0.20000,0.20414,4,16,uni_x,3,3,0,grip,904,197.6654,4610.1699,23.323,38.663
sandwich,0.20000,0.20414,4,16,uni_x,0,0,1,grip,904,180.0510,4016.8983,22.310,33.688
sandwich,0.20000,0.20414,4,16,uni_x,1,0,1,free_surface,904,213.4439,4095.6039,19.188,34.348
sandwich,0.20000,0.20414,4,16,uni_x,2,0,1,free_surface,904,213.4438,4095.4776,19.188,34.347
sandwich,0.20000,0.20414,4,16,uni_x,3,0,1,grip,904,180.0507,4016.8640,22.310,33.687
sandwich,0.20000,0.20414,4,16,uni_x,0,1,1,grip,904,159.0324,3688.5815,23.194,30.934
sandwich,0.20000,0.20414,4,16,uni_x,1,1,1,interior,904,221.7591,4125.0331,18.601,34.594
sandwich,0.20000,0.20414,4,16,uni_x,2,1,1,interior,904,221.7562,4125.0335,18.602,34.594
sandwich,0.20000,0.20414,4,16,uni_x,3,1,1,grip,904,159.0314,3688.5405,23.194,30.934
sandwich,0.20000,0.20414,4,16,uni_x,0,2,1,grip,904,159.0324,3688.5815,23.194,30.934
sandwich,0.20000,0.20414,4,16,uni_x,1,2,1,interior,904,221.7591,4125.0331,18.601,34.594
sandwich,0.20000,0.20414,4,16,uni_x,2,2,1,interior,904,221.7562,4125.0335,18.602,34.594
sandwich,0.20000,0.20414,4,16,uni_x,3,2,1,grip,904,159.0314,3688.5405,23.194,30.934
sandwich,0.20000,0.20414,4,16,uni_x,0,3,1,grip,904,180.0510,4016.8983,22.310,33.688
sandwich,0.20000,0.20414,4,16,uni_x,1,3,1,free_surface,904,213.4439,4095.6039,19.188,34.348
sandwich,0.20000,0.20414,4,16,uni_x,2,3,1,free_surface,904,213.4438,4095.4776,19.188,34.347
sandwich,0.20000,0.20414,4,16,uni_x,3,3,1,grip,904,180.0507,4016.8640,22.310,33.687
sandwich,0.20000,0.20414,4,16,uni_x,0,0,2,grip,904,180.0510,4016.8983,22.310,33.688
sandwich,0.20000,0.20414,4,16,uni_x,1,0,2,free_surface,904,213.4439,4095.6039,19.188,34.348
sandwich,0.20000,0.20414,4,16,uni_x,2,0,2,free_surface,904,213.4438,4095.4776,19.188,34.347
sandwich,0.20000,0.20414,4,16,uni_x,3,0,2,grip,904,180.0507,4016.8640,22.310,33.687
sandwich,0.20000,0.20414,4,16,uni_x,0,1,2,grip,904,159.0324,3688.5815,23.194,30.934
sandwich,0.20000,0.20414,4,16,uni_x,1,1,2,interior,904,221.7591,4125.0331,18.601,34.594
sandwich,0.20000,0.20414,4,16,uni_x,2,1,2,interior,904,221.7562,4125.0335,18.602,34.594
sandwich,0.20000,0.20414,4,16,uni_x,3,1,2,grip,904,159.0314,3688.5405,23.194,30.934
sandwich,0.20000,0.20414,4,16,uni_x,0,2,2,grip,904,159.0324,3688.5815,23.194,30.934
sandwich,0.20000,0.20414,4,16,uni_x,1,2,2,interior,904,221.7591,4125.0331,18.601,34.594
sandwich,0.20000,0.20414,4,16,uni_x,2,2,2,interior,904,221.7562,4125.0335,18.602,34.594
sandwich,0.20000,0.20414,4,16,uni_x,3,2,2,grip,904,159.0314,3688.5405,23.194,30.934
sandwich,0.20000,0.20414,4,16,uni_x,0,3,2,grip,904,180.0510,4016.8983,22.310,33.688
sandwich,0.20000,0.20414,4,16,uni_x,1,3,2,free_surface,904,213.4439,4095.6039,19.188,34.348
sandwich,0.20000,0.20414,4,16,uni_x,2,3,2,free_surface,904,213.4438,4095.4776,19.188,34.347
sandwich,0.20000,0.20414,4,16,uni_x,3,3,2,grip,904,180.0507,4016.8640,22.310,33.687
sandwich,0.20000,0.20414,4,16,uni_x,0,0,3,grip,904,197.6644,4610.1661,23.323,38.663
sandwich,0.20000,0.20414,4,16,uni_x,1,0,3,free_surface,904,203.1980,3898.7786,19.187,32.697
sandwich,0.20000,0.20414,4,16,uni_x,2,0,3,free_surface,904,203.2016,3898.7626,19.187,32.697
sandwich,0.20000,0.20414,4,16,uni_x,3,0,3,grip,904,197.6654,4610.1696,23.323,38.663
sandwich,0.20000,0.20414,4,16,uni_x,0,1,3,grip,904,180.0510,4016.8983,22.310,33.688
sandwich,0.20000,0.20414,4,16,uni_x,1,1,3,free_surface,904,213.4439,4095.6039,19.188,34.348
sandwich,0.20000,0.20414,4,16,uni_x,2,1,3,free_surface,904,213.4438,4095.4776,19.188,34.347
sandwich,0.20000,0.20414,4,16,uni_x,3,1,3,grip,904,180.0507,4016.8640,22.310,33.687
sandwich,0.20000,0.20414,4,16,uni_x,0,2,3,grip,904,180.0510,4016.8983,22.310,33.688
sandwich,0.20000,0.20414,4,16,uni_x,1,2,3,free_surface,904,213.4439,4095.6039,19.188,34.348
sandwich,0.20000,0.20414,4,16,uni_x,2,2,3,free_surface,904,213.4438,4095.4776,19.188,34.347
sandwich,0.20000,0.20414,4,16,uni_x,3,2,3,grip,904,180.0507,4016.8640,22.310,33.687
sandwich,0.20000,0.20414,4,16,uni_x,0,3,3,grip,904,197.6644,4610.1661,23.323,38.663
sandwich,0.20000,0.20414,4,16,uni_x,1,3,3,free_surface,904,203.1980,3898.7786,19.187,32.697
sandwich,0.20000,0.20414,4,16,uni_x,2,3,3,free_surface,904,203.2016,3898.7626,19.187,32.697
sandwich,0.20000,0.20414,4,16,uni_x,3,3,3,grip,904,197.6654,4610.1700,23.323,38.663
sandwich,0.20000,0.20414,4,16,uni_z,0,0,0,grip,904,206.4425,4734.1884,22.932,39.703
sandwich,0.20000,0.20414,4,16,uni_z,1,0,0,free_surface,904,24.0278,855.6035,35.609,7.175
sandwich,0.20000,0.20414,4,16,uni_z,2,0,0,free_surface,904,24.0278,855.6035,35.609,7.175
sandwich,0.20000,0.20414,4,16,uni_z,3,0,0,grip,904,206.4425,4734.1884,22.932,39.703
sandwich,0.20000,0.20414,4,16,uni_z,0,1,0,grip,904,204.1796,4463.8954,21.863,37.436
sandwich,0.20000,0.20414,4,16,uni_z,1,1,0,free_surface,904,24.2489,759.2791,31.312,6.368
sandwich,0.20000,0.20414,4,16,uni_z,2,1,0,free_surface,904,24.2489,759.2791,31.312,6.368
sandwich,0.20000,0.20414,4,16,uni_z,3,1,0,grip,904,204.1796,4463.8954,21.863,37.436
sandwich,0.20000,0.20414,4,16,uni_z,0,2,0,grip,904,204.1796,4463.8954,21.863,37.436
sandwich,0.20000,0.20414,4,16,uni_z,1,2,0,free_surface,904,24.2489,759.2791,31.312,6.368
sandwich,0.20000,0.20414,4,16,uni_z,2,2,0,free_surface,904,24.2489,759.2791,31.312,6.368
sandwich,0.20000,0.20414,4,16,uni_z,3,2,0,grip,904,204.1796,4463.8954,21.863,37.436
sandwich,0.20000,0.20414,4,16,uni_z,0,3,0,grip,904,206.4425,4734.1884,22.932,39.703
sandwich,0.20000,0.20414,4,16,uni_z,1,3,0,free_surface,904,24.0278,855.6035,35.609,7.175
sandwich,0.20000,0.20414,4,16,uni_z,2,3,0,free_surface,904,24.0278,855.6035,35.609,7.175
sandwich,0.20000,0.20414,4,16,uni_z,3,3,0,grip,904,206.4425,4734.1884,22.932,39.703
sandwich,0.20000,0.20414,4,16,uni_z,0,0,1,grip,904,200.9340,4044.7484,20.130,33.921
sandwich,0.20000,0.20414,4,16,uni_z,1,0,1,free_surface,904,47.7022,1402.7078,29.405,11.764
sandwich,0.20000,0.20414,4,16,uni_z,2,0,1,free_surface,904,47.7022,1402.7078,29.405,11.764
sandwich,0.20000,0.20414,4,16,uni_z,3,0,1,grip,904,200.9340,4044.7484,20.130,33.921
sandwich,0.20000,0.20414,4,16,uni_z,0,1,1,grip,904,200.3430,3958.0309,19.756,33.194
sandwich,0.20000,0.20414,4,16,uni_z,1,1,1,interior,904,47.9498,1411.6223,29.440,11.839
sandwich,0.20000,0.20414,4,16,uni_z,2,1,1,interior,904,47.9498,1411.6223,29.440,11.839
sandwich,0.20000,0.20414,4,16,uni_z,3,1,1,grip,904,200.3430,3958.0309,19.756,33.194
sandwich,0.20000,0.20414,4,16,uni_z,0,2,1,grip,904,200.3430,3958.0309,19.756,33.194
sandwich,0.20000,0.20414,4,16,uni_z,1,2,1,interior,904,47.9498,1411.6223,29.440,11.839
sandwich,0.20000,0.20414,4,16,uni_z,2,2,1,interior,904,47.9498,1411.6223,29.440,11.839
sandwich,0.20000,0.20414,4,16,uni_z,3,2,1,grip,904,200.3430,3958.0309,19.756,33.194
sandwich,0.20000,0.20414,4,16,uni_z,0,3,1,grip,904,200.9340,4044.7484,20.130,33.921
sandwich,0.20000,0.20414,4,16,uni_z,1,3,1,free_surface,904,47.7022,1402.7078,29.405,11.764
sandwich,0.20000,0.20414,4,16,uni_z,2,3,1,free_surface,904,47.7022,1402.7078,29.405,11.764
sandwich,0.20000,0.20414,4,16,uni_z,3,3,1,grip,904,200.9340,4044.7484,20.130,33.921
sandwich,0.20000,0.20414,4,16,uni_z,0,0,2,grip,904,200.9341,4044.7449,20.130,33.921
sandwich,0.20000,0.20414,4,16,uni_z,1,0,2,free_surface,904,47.7021,1402.7079,29.406,11.764
sandwich,0.20000,0.20414,4,16,uni_z,2,0,2,free_surface,904,47.7021,1402.7079,29.406,11.764
sandwich,0.20000,0.20414,4,16,uni_z,3,0,2,grip,904,200.9341,4044.7449,20.130,33.921
sandwich,0.20000,0.20414,4,16,uni_z,0,1,2,grip,904,200.3430,3958.0318,19.756,33.194
sandwich,0.20000,0.20414,4,16,uni_z,1,1,2,interior,904,47.9499,1411.6198,29.439,11.839
sandwich,0.20000,0.20414,4,16,uni_z,2,1,2,interior,904,47.9499,1411.6198,29.439,11.839
sandwich,0.20000,0.20414,4,16,uni_z,3,1,2,grip,904,200.3430,3958.0318,19.756,33.194
sandwich,0.20000,0.20414,4,16,uni_z,0,2,2,grip,904,200.3430,3958.0318,19.756,33.194
sandwich,0.20000,0.20414,4,16,uni_z,1,2,2,interior,904,47.9499,1411.6198,29.439,11.839
sandwich,0.20000,0.20414,4,16,uni_z,2,2,2,interior,904,47.9499,1411.6198,29.439,11.839
sandwich,0.20000,0.20414,4,16,uni_z,3,2,2,grip,904,200.3430,3958.0318,19.756,33.194
sandwich,0.20000,0.20414,4,16,uni_z,0,3,2,grip,904,200.9341,4044.7449,20.130,33.921
sandwich,0.20000,0.20414,4,16,uni_z,1,3,2,free_surface,904,47.7021,1402.7079,29.406,11.764
sandwich,0.20000,0.20414,4,16,uni_z,2,3,2,free_surface,904,47.7021,1402.7079,29.406,11.764
sandwich,0.20000,0.20414,4,16,uni_z,3,3,2,grip,904,200.9341,4044.7449,20.130,33.921
sandwich,0.20000,0.20414,4,16,uni_z,0,0,3,grip,904,206.4426,4734.1984,22.932,39.703
sandwich,0.20000,0.20414,4,16,uni_z,1,0,3,free_surface,904,24.0280,855.5920,35.608,7.175
sandwich,0.20000,0.20414,4,16,uni_z,2,0,3,free_surface,904,24.0280,855.5920,35.608,7.175
sandwich,0.20000,0.20414,4,16,uni_z,3,0,3,grip,904,206.4426,4734.1984,22.932,39.703
sandwich,0.20000,0.20414,4,16,uni_z,0,1,3,grip,904,204.1799,4463.8973,21.863,37.436
sandwich,0.20000,0.20414,4,16,uni_z,1,1,3,free_surface,904,24.2491,759.2810,31.312,6.368
sandwich,0.20000,0.20414,4,16,uni_z,2,1,3,free_surface,904,24.2491,759.2810,31.312,6.368
sandwich,0.20000,0.20414,4,16,uni_z,3,1,3,grip,904,204.1799,4463.8973,21.863,37.436
sandwich,0.20000,0.20414,4,16,uni_z,0,2,3,grip,904,204.1799,4463.8973,21.863,37.436
sandwich,0.20000,0.20414,4,16,uni_z,1,2,3,free_surface,904,24.2491,759.2810,31.312,6.368
sandwich,0.20000,0.20414,4,16,uni_z,2,2,3,free_surface,904,24.2491,759.2810,31.312,6.368
sandwich,0.20000,0.20414,4,16,uni_z,3,2,3,grip,904,204.1799,4463.8973,21.863,37.436
sandwich,0.20000,0.20414,4,16,uni_z,0,3,3,grip,904,206.4426,4734.1984,22.932,39.703
sandwich,0.20000,0.20414,4,16,uni_z,1,3,3,free_surface,904,24.0280,855.5920,35.608,7.175
sandwich,0.20000,0.20414,4,16,uni_z,2,3,3,free_surface,904,24.0280,855.5920,35.608,7.175
sandwich,0.20000,0.20414,4,16,uni_z,3,3,3,grip,904,206.4426,4734.1984,22.932,39.703
sandwich,0.20000,0.20414,4,16,biax_xy,0,0,0,grip,904,273.9054,7130.6486,26.033,59.801
sandwich,0.20000,0.20414,4,16,biax_xy,1,0,0,free_surface,904,202.8848,4561.2216,22.482,38.253
sandwich,0.20000,0.20414,4,16,biax_xy,2,0,0,free_surface,904,202.8883,4561.2056,22.481,38.252
sandwich,0.20000,0.20414,4,16,biax_xy,3,0,0,grip,904,273.9057,7130.6326,26.033,59.801
sandwich,0.20000,0.20414,4,16,biax_xy,0,1,0,grip,904,207.1183,5143.0786,24.832,43.132
sandwich,0.20000,0.20414,4,16,biax_xy,1,1,0,free_surface,904,244.7019,5396.2935,22.053,45.256
sandwich,0.20000,0.20414,4,16,biax_xy,2,1,0,free_surface,904,244.7018,5396.1660,22.052,45.255
sandwich,0.20000,0.20414,4,16,biax_xy,3,1,0,grip,904,207.1175,5143.0473,24.832,43.132
sandwich,0.20000,0.20414,4,16,biax_xy,0,2,0,grip,904,207.1185,5143.0745,24.832,43.132
sandwich,0.20000,0.20414,4,16,biax_xy,1,2,0,free_surface,904,244.7017,5396.2937,22.053,45.256
sandwich,0.20000,0.20414,4,16,biax_xy,2,2,0,free_surface,904,244.7017,5396.1662,22.052,45.255
sandwich,0.20000,0.20414,4,16,biax_xy,3,2,0,grip,904,207.1177,5143.0432,24.832,43.132
sandwich,0.20000,0.20414,4,16,biax_xy,0,3,0,grip,904,273.9057,7130.6634,26.033,59.801
sandwich,0.20000,0.20414,4,16,biax_xy,1,3,0,free_surface,904,202.8847,4561.2239,22.482,38.253
sandwich,0.20000,0.20414,4,16,biax_xy,2,3,0,free_surface,904,202.8882,4561.2079,22.481,38.252
sandwich,0.20000,0.20414,4,16,biax_xy,3,3,0,grip,904,273.9060,7130.6473,26.033,59.801
sandwich,0.20000,0.20414,4,16,biax_xy,0,0,1,grip,904,253.9557,6207.4990,24.443,52.059
sandwich,0.20000,0.20414,4,16,biax_xy,1,0,1,free_surface,904,215.7916,4692.8934,21.747,39.357
sandwich,0.20000,0.20414,4,16,biax_xy,2,0,1,free_surface,904,215.7915,4692.7687,21.747,39.356
sandwich,0.20000,0.20414,4,16,biax_xy,3,0,1,grip,904,253.9551,6207.5237,24.443,52.059
sandwich,0.20000,0.20414,4,16,biax_xy,0,1,1,grip,904,178.2324,4870.3740,27.326,40.845
sandwich,0.20000,0.20414,4,16,biax_xy,1,1,1,interior,904,252.3414,5414.1991,21.456,45.406
sandwich,0.20000,0.20414,4,16,biax_xy,2,1,1,interior,904,252.3385,5414.1710,21.456,45.406
sandwich,0.20000,0.20414,4,16,biax_xy,3,1,1,grip,904,178.2317,4870.3645,27.326,40.845
sandwich,0.20000,0.20414,4,16,biax_xy,0,2,1,grip,904,178.2325,4870.3750,27.326,40.845
sandwich,0.20000,0.20414,4,16,biax_xy,1,2,1,interior,904,252.3413,5414.1935,21.456,45.406
sandwich,0.20000,0.20414,4,16,biax_xy,2,2,1,interior,904,252.3384,5414.1654,21.456,45.406
sandwich,0.20000,0.20414,4,16,biax_xy,3,2,1,grip,904,178.2318,4870.3654,27.326,40.845
sandwich,0.20000,0.20414,4,16,biax_xy,0,3,1,grip,904,253.9560,6207.5010,24.443,52.059
sandwich,0.20000,0.20414,4,16,biax_xy,1,3,1,free_surface,904,215.7916,4692.8955,21.747,39.357
sandwich,0.20000,0.20414,4,16,biax_xy,2,3,1,free_surface,904,215.7914,4692.7708,21.747,39.356
sandwich,0.20000,0.20414,4,16,biax_xy,3,3,1,grip,904,253.9555,6207.5258,24.443,52.059
sandwich,0.20000,0.20414,4,16,biax_xy,0,0,2,grip,904,253.9557,6207.4990,24.443,52.059
sandwich,0.20000,0.20414,4,16,biax_xy,1,0,2,free_surface,904,215.7916,4692.8934,21.747,39.357
sandwich,0.20000,0.20414,4,16,biax_xy,2,0,2,free_surface,904,215.7915,4692.7687,21.747,39.356
sandwich,0.20000,0.20414,4,16,biax_xy,3,0,2,grip,904,253.9551,6207.5237,24.443,52.059
sandwich,0.20000,0.20414,4,16,biax_xy,0,1,2,grip,904,178.2324,4870.3740,27.326,40.845
sandwich,0.20000,0.20414,4,16,biax_xy,1,1,2,interior,904,252.3414,5414.1991,21.456,45.406
sandwich,0.20000,0.20414,4,16,biax_xy,2,1,2,interior,904,252.3385,5414.1710,21.456,45.406
sandwich,0.20000,0.20414,4,16,biax_xy,3,1,2,grip,904,178.2317,4870.3645,27.326,40.845
sandwich,0.20000,0.20414,4,16,biax_xy,0,2,2,grip,904,178.2325,4870.3750,27.326,40.845
sandwich,0.20000,0.20414,4,16,biax_xy,1,2,2,interior,904,252.3413,5414.1935,21.456,45.406
sandwich,0.20000,0.20414,4,16,biax_xy,2,2,2,interior,904,252.3384,5414.1654,21.456,45.406
sandwich,0.20000,0.20414,4,16,biax_xy,3,2,2,grip,904,178.2318,4870.3654,27.326,40.845
sandwich,0.20000,0.20414,4,16,biax_xy,0,3,2,grip,904,253.9560,6207.5010,24.443,52.059
sandwich,0.20000,0.20414,4,16,biax_xy,1,3,2,free_surface,904,215.7916,4692.8955,21.747,39.357
sandwich,0.20000,0.20414,4,16,biax_xy,2,3,2,free_surface,904,215.7914,4692.7708,21.747,39.356
sandwich,0.20000,0.20414,4,16,biax_xy,3,3,2,grip,904,253.9555,6207.5258,24.443,52.059
sandwich,0.20000,0.20414,4,16,biax_xy,0,0,3,grip,904,273.9054,7130.6486,26.033,59.801
sandwich,0.20000,0.20414,4,16,biax_xy,1,0,3,free_surface,904,202.8848,4561.2216,22.482,38.253
sandwich,0.20000,0.20414,4,16,biax_xy,2,0,3,free_surface,904,202.8883,4561.2056,22.481,38.252
sandwich,0.20000,0.20414,4,16,biax_xy,3,0,3,grip,904,273.9057,7130.6325,26.033,59.801
sandwich,0.20000,0.20414,4,16,biax_xy,0,1,3,grip,904,207.1183,5143.0786,24.832,43.132
sandwich,0.20000,0.20414,4,16,biax_xy,1,1,3,free_surface,904,244.7019,5396.2935,22.053,45.256
sandwich,0.20000,0.20414,4,16,biax_xy,2,1,3,free_surface,904,244.7018,5396.1660,22.052,45.255
sandwich,0.20000,0.20414,4,16,biax_xy,3,1,3,grip,904,207.1175,5143.0473,24.832,43.132
sandwich,0.20000,0.20414,4,16,biax_xy,0,2,3,grip,904,207.1185,5143.0745,24.832,43.132
sandwich,0.20000,0.20414,4,16,biax_xy,1,2,3,free_surface,904,244.7017,5396.2937,22.053,45.256
sandwich,0.20000,0.20414,4,16,biax_xy,2,2,3,free_surface,904,244.7017,5396.1662,22.052,45.255
sandwich,0.20000,0.20414,4,16,biax_xy,3,2,3,grip,904,207.1177,5143.0432,24.832,43.132
sandwich,0.20000,0.20414,4,16,biax_xy,0,3,3,grip,904,273.9057,7130.6634,26.033,59.801
sandwich,0.20000,0.20414,4,16,biax_xy,1,3,3,free_surface,904,202.8847,4561.2239,22.482,38.253
sandwich,0.20000,0.20414,4,16,biax_xy,2,3,3,free_surface,904,202.8882,4561.2079,22.481,38.252
sandwich,0.20000,0.20414,4,16,biax_xy,3,3,3,grip,904,273.9060,7130.6473,26.033,59.801
sandwich,0.20000,0.20414,4,16,shear_xy,0,0,0,grip,904,125.7259,3094.1691,24.610,21.430
sandwich,0.20000,0.20414,4,16,shear_xy,1,0,0,free_surface,904,83.1439,1906.3491,22.928,13.203
sandwich,0.20000,0.20414,4,16,shear_xy,2,0,0,free_surface,904,83.1440,1906.3665,22.928,13.203
sandwich,0.20000,0.20414,4,16,shear_xy,3,0,0,grip,904,125.7257,3094.1547,24.610,21.430
sandwich,0.20000,0.20414,4,16,shear_xy,0,1,0,grip,904,126.8108,2258.8495,17.813,15.645
sandwich,0.20000,0.20414,4,16,shear_xy,1,1,0,free_surface,904,150.8941,2831.2944,18.763,19.609
sandwich,0.20000,0.20414,4,16,shear_xy,2,1,0,free_surface,904,150.8941,2831.2998,18.763,19.610
sandwich,0.20000,0.20414,4,16,shear_xy,3,1,0,grip,904,126.8110,2258.8515,17.813,15.645
sandwich,0.20000,0.20414,4,16,shear_xy,0,2,0,grip,904,126.8105,2258.8487,17.813,15.645
sandwich,0.20000,0.20414,4,16,shear_xy,1,2,0,free_surface,904,150.8937,2831.2880,18.763,19.609
sandwich,0.20000,0.20414,4,16,shear_xy,2,2,0,free_surface,904,150.8938,2831.2934,18.763,19.609
sandwich,0.20000,0.20414,4,16,shear_xy,3,2,0,grip,904,126.8107,2258.8508,17.813,15.645
sandwich,0.20000,0.20414,4,16,shear_xy,0,3,0,grip,904,125.7262,3094.1788,24.610,21.430
sandwich,0.20000,0.20414,4,16,shear_xy,1,3,0,free_surface,904,83.1434,1906.3280,22.928,13.203
sandwich,0.20000,0.20414,4,16,shear_xy,2,3,0,free_surface,904,83.1435,1906.3454,22.928,13.203
sandwich,0.20000,0.20414,4,16,shear_xy,3,3,0,grip,904,125.7260,3094.1644,24.610,21.430
sandwich,0.20000,0.20414,4,16,shear_xy,0,0,1,grip,904,127.7140,3087.5603,24.176,21.384
sandwich,0.20000,0.20414,4,16,shear_xy,1,0,1,free_surface,904,81.0804,1947.4058,24.018,13.488
sandwich,0.20000,0.20414,4,16,shear_xy,2,0,1,free_surface,904,81.0807,1947.4257,24.018,13.488
sandwich,0.20000,0.20414,4,16,shear_xy,3,0,1,grip,904,127.7137,3087.5456,24.176,21.384
sandwich,0.20000,0.20414,4,16,shear_xy,0,1,1,grip,904,129.8198,2279.2123,17.557,15.786
sandwich,0.20000,0.20414,4,16,shear_xy,1,1,1,interior,904,149.8990,2652.4387,17.695,18.371
sandwich,0.20000,0.20414,4,16,shear_xy,2,1,1,interior,904,149.8992,2652.4479,17.695,18.371
sandwich,0.20000,0.20414,4,16,shear_xy,3,1,1,grip,904,129.8197,2279.2093,17.557,15.786
sandwich,0.20000,0.20414,4,16,shear_xy,0,2,1,grip,904,129.8194,2279.2040,17.557,15.786
sandwich,0.20000,0.20414,4,16,shear_xy,1,2,1,interior,904,149.8983,2652.4276,17.695,18.371
sandwich,0.20000,0.20414,4,16,shear_xy,2,2,1,interior,904,149.8986,2652.4368,17.695,18.371
sandwich,0.20000,0.20414,4,16,shear_xy,3,2,1,grip,904,129.8194,2279.2010,17.557,15.786
sandwich,0.20000,0.20414,4,16,shear_xy,0,3,1,grip,904,127.7138,3087.5618,24.176,21.384
sandwich,0.20000,0.20414,4,16,shear_xy,1,3,1,free_surface,904,81.0797,1947.3975,24.018,13.488
sandwich,0.20000,0.20414,4,16,shear_xy,2,3,1,free_surface,904,81.0799,1947.4174,24.018,13.488
sandwich,0.20000,0.20414,4,16,shear_xy,3,3,1,grip,904,127.7135,3087.5471,24.176,21.384
sandwich,0.20000,0.20414,4,16,shear_xy,0,0,2,grip,904,127.7140,3087.5603,24.176,21.384
sandwich,0.20000,0.20414,4,16,shear_xy,1,0,2,free_surface,904,81.0804,1947.4058,24.018,13.488
sandwich,0.20000,0.20414,4,16,shear_xy,2,0,2,free_surface,904,81.0807,1947.4257,24.018,13.488
sandwich,0.20000,0.20414,4,16,shear_xy,3,0,2,grip,904,127.7137,3087.5456,24.176,21.384
sandwich,0.20000,0.20414,4,16,shear_xy,0,1,2,grip,904,129.8198,2279.2123,17.557,15.786
sandwich,0.20000,0.20414,4,16,shear_xy,1,1,2,interior,904,149.8990,2652.4387,17.695,18.371
sandwich,0.20000,0.20414,4,16,shear_xy,2,1,2,interior,904,149.8992,2652.4479,17.695,18.371
sandwich,0.20000,0.20414,4,16,shear_xy,3,1,2,grip,904,129.8197,2279.2093,17.557,15.786
sandwich,0.20000,0.20414,4,16,shear_xy,0,2,2,grip,904,129.8194,2279.2040,17.557,15.786
sandwich,0.20000,0.20414,4,16,shear_xy,1,2,2,interior,904,149.8983,2652.4276,17.695,18.371
sandwich,0.20000,0.20414,4,16,shear_xy,2,2,2,interior,904,149.8986,2652.4368,17.695,18.371
sandwich,0.20000,0.20414,4,16,shear_xy,3,2,2,grip,904,129.8194,2279.2010,17.557,15.786
sandwich,0.20000,0.20414,4,16,shear_xy,0,3,2,grip,904,127.7138,3087.5618,24.176,21.384
sandwich,0.20000,0.20414,4,16,shear_xy,1,3,2,free_surface,904,81.0797,1947.3975,24.018,13.488
sandwich,0.20000,0.20414,4,16,shear_xy,2,3,2,free_surface,904,81.0799,1947.4174,24.018,13.488
sandwich,0.20000,0.20414,4,16,shear_xy,3,3,2,grip,904,127.7135,3087.5471,24.176,21.384
sandwich,0.20000,0.20414,4,16,shear_xy,0,0,3,grip,904,125.7259,3094.1691,24.610,21.430
sandwich,0.20000,0.20414,4,16,shear_xy,1,0,3,free_surface,904,83.1439,1906.3491,22.928,13.203
sandwich,0.20000,0.20414,4,16,shear_xy,2,0,3,free_surface,904,83.1440,1906.3665,22.928,13.203
sandwich,0.20000,0.20414,4,16,shear_xy,3,0,3,grip,904,125.7257,3094.1547,24.610,21.430
sandwich,0.20000,0.20414,4,16,shear_xy,0,1,3,grip,904,126.8108,2258.8495,17.813,15.645
sandwich,0.20000,0.20414,4,16,shear_xy,1,1,3,free_surface,904,150.8941,2831.2944,18.763,19.609
sandwich,0.20000,0.20414,4,16,shear_xy,2,1,3,free_surface,904,150.8941,2831.2998,18.763,19.610
sandwich,0.20000,0.20414,4,16,shear_xy,3,1,3,grip,904,126.8110,2258.8515,17.813,15.645
sandwich,0.20000,0.20414,4,16,shear_xy,0,2,3,grip,904,126.8105,2258.8487,17.813,15.645
sandwich,0.20000,0.20414,4,16,shear_xy,1,2,3,free_surface,904,150.8937,2831.2880,18.763,19.609
sandwich,0.20000,0.20414,4,16,shear_xy,2,2,3,free_surface,904,150.8938,2831.2934,18.763,19.609
sandwich,0.20000,0.20414,4,16,shear_xy,3,2,3,grip,904,126.8107,2258.8508,17.813,15.645
sandwich,0.20000,0.20414,4,16,shear_xy,0,3,3,grip,904,125.7262,3094.1788,24.610,21.430
sandwich,0.20000,0.20414,4,16,shear_xy,1,3,3,free_surface,904,83.1434,1906.3280,22.928,13.203
sandwich,0.20000,0.20414,4,16,shear_xy,2,3,3,free_surface,904,83.1435,1906.3454,22.928,13.203
sandwich,0.20000,0.20414,4,16,shear_xy,3,3,3,grip,904,125.7260,3094.1644,24.610,21.430
sandwich,0.20000,0.20414,4,16,shear_diag,0,0,0,grip,904,297.2462,5633.9363,18.954,27.279
sandwich,0.20000,0.20414,4,16,shear_diag,1,0,0,free_surface,904,206.3280,4325.3468,20.963,20.943
sandwich,0.20000,0.20414,4,16,shear_diag,2,0,0,free_surface,904,206.3317,4325.4146,20.963,20.943
sandwich,0.20000,0.20414,4,16,shear_diag,3,0,0,grip,904,297.2472,5633.9676,18.954,27.279
sandwich,0.20000,0.20414,4,16,shear_diag,0,1,0,grip,904,320.4492,5272.9114,16.455,25.531
sandwich,0.20000,0.20414,4,16,shear_diag,1,1,0,free_surface,904,189.1787,3514.0077,18.575,17.015
sandwich,0.20000,0.20414,4,16,shear_diag,2,1,0,free_surface,904,189.1786,3514.0628,18.575,17.015
sandwich,0.20000,0.20414,4,16,shear_diag,3,1,0,grip,904,320.4493,5272.9065,16.455,25.531
sandwich,0.20000,0.20414,4,16,shear_diag,0,2,0,grip,904,320.4492,5272.9053,16.455,25.531
sandwich,0.20000,0.20414,4,16,shear_diag,1,2,0,free_surface,904,189.1788,3514.0170,18.575,17.015
sandwich,0.20000,0.20414,4,16,shear_diag,2,2,0,free_surface,904,189.1788,3514.0721,18.575,17.015
sandwich,0.20000,0.20414,4,16,shear_diag,3,2,0,grip,904,320.4493,5272.9004,16.455,25.531
sandwich,0.20000,0.20414,4,16,shear_diag,0,3,0,grip,904,297.2461,5633.9393,18.954,27.279
sandwich,0.20000,0.20414,4,16,shear_diag,1,3,0,free_surface,904,206.3282,4325.3462,20.963,20.943
sandwich,0.20000,0.20414,4,16,shear_diag,2,3,0,free_surface,904,206.3319,4325.4135,20.963,20.943
sandwich,0.20000,0.20414,4,16,shear_diag,3,3,0,grip,904,297.2471,5633.9705,18.954,27.279
sandwich,0.20000,0.20414,4,16,shear_diag,0,0,1,grip,904,289.3473,5114.1571,17.675,24.762
sandwich,0.20000,0.20414,4,16,shear_diag,1,0,1,free_surface,904,213.8377,4429.4753,20.714,21.447
sandwich,0.20000,0.20414,4,16,shear_diag,2,0,1,free_surface,904,213.8378,4429.5239,20.714,21.447
sandwich,0.20000,0.20414,4,16,shear_diag,3,0,1,grip,904,289.3473,5114.1754,17.675,24.762
sandwich,0.20000,0.20414,4,16,shear_diag,0,1,1,grip,904,314.7863,4801.2545,15.252,23.247
sandwich,0.20000,0.20414,4,16,shear_diag,1,1,1,interior,904,198.1827,3647.9529,18.407,17.663
sandwich,0.20000,0.20414,4,16,shear_diag,2,1,1,interior,904,198.1800,3647.8881,18.407,17.663
sandwich,0.20000,0.20414,4,16,shear_diag,3,1,1,grip,904,314.7857,4801.2535,15.252,23.247
sandwich,0.20000,0.20414,4,16,shear_diag,0,2,1,grip,904,314.7863,4801.2577,15.252,23.247
sandwich,0.20000,0.20414,4,16,shear_diag,1,2,1,interior,904,198.1829,3647.9517,18.407,17.663
sandwich,0.20000,0.20414,4,16,shear_diag,2,2,1,interior,904,198.1801,3647.8870,18.407,17.663
sandwich,0.20000,0.20414,4,16,shear_diag,3,2,1,grip,904,314.7857,4801.2568,15.252,23.247
sandwich,0.20000,0.20414,4,16,shear_diag,0,3,1,grip,904,289.3475,5114.1604,17.675,24.762
sandwich,0.20000,0.20414,4,16,shear_diag,1,3,1,free_surface,904,213.8378,4429.4767,20.714,21.447
sandwich,0.20000,0.20414,4,16,shear_diag,2,3,1,free_surface,904,213.8379,4429.5253,20.714,21.447
sandwich,0.20000,0.20414,4,16,shear_diag,3,3,1,grip,904,289.3475,5114.1787,17.675,24.762
sandwich,0.20000,0.20414,4,16,shear_diag,0,0,2,grip,904,289.3473,5114.1571,17.675,24.762
sandwich,0.20000,0.20414,4,16,shear_diag,1,0,2,free_surface,904,213.8377,4429.4753,20.714,21.447
sandwich,0.20000,0.20414,4,16,shear_diag,2,0,2,free_surface,904,213.8378,4429.5239,20.714,21.447
sandwich,0.20000,0.20414,4,16,shear_diag,3,0,2,grip,904,289.3473,5114.1754,17.675,24.762
sandwich,0.20000,0.20414,4,16,shear_diag,0,1,2,grip,904,314.7863,4801.2545,15.252,23.247
sandwich,0.20000,0.20414,4,16,shear_diag,1,1,2,interior,904,198.1827,3647.9529,18.407,17.663
sandwich,0.20000,0.20414,4,16,shear_diag,2,1,2,interior,904,198.1800,3647.8881,18.407,17.663
sandwich,0.20000,0.20414,4,16,shear_diag,3,1,2,grip,904,314.7857,4801.2535,15.252,23.247
sandwich,0.20000,0.20414,4,16,shear_diag,0,2,2,grip,904,314.7863,4801.2577,15.252,23.247
sandwich,0.20000,0.20414,4,16,shear_diag,1,2,2,interior,904,198.1829,3647.9517,18.407,17.663
sandwich,0.20000,0.20414,4,16,shear_diag,2,2,2,interior,904,198.1801,3647.8870,18.407,17.663
sandwich,0.20000,0.20414,4,16,shear_diag,3,2,2,grip,904,314.7857,4801.2568,15.252,23.247
sandwich,0.20000,0.20414,4,16,shear_diag,0,3,2,grip,904,289.3475,5114.1604,17.675,24.762
sandwich,0.20000,0.20414,4,16,shear_diag,1,3,2,free_surface,904,213.8378,4429.4767,20.714,21.447
sandwich,0.20000,0.20414,4,16,shear_diag,2,3,2,free_surface,904,213.8379,4429.5253,20.714,21.447
sandwich,0.20000,0.20414,4,16,shear_diag,3,3,2,grip,904,289.3475,5114.1787,17.675,24.762
sandwich,0.20000,0.20414,4,16,shear_diag,0,0,3,grip,904,297.2462,5633.9363,18.954,27.279
sandwich,0.20000,0.20414,4,16,shear_diag,1,0,3,free_surface,904,206.3280,4325.3468,20.963,20.943
sandwich,0.20000,0.20414,4,16,shear_diag,2,0,3,free_surface,904,206.3317,4325.4146,20.963,20.943
sandwich,0.20000,0.20414,4,16,shear_diag,3,0,3,grip,904,297.2472,5633.9676,18.954,27.279
sandwich,0.20000,0.20414,4,16,shear_diag,0,1,3,grip,904,320.4492,5272.9114,16.455,25.531
sandwich,0.20000,0.20414,4,16,shear_diag,1,1,3,free_surface,904,189.1787,3514.0077,18.575,17.015
sandwich,0.20000,0.20414,4,16,shear_diag,2,1,3,free_surface,904,189.1786,3514.0628,18.575,17.015
sandwich,0.20000,0.20414,4,16,shear_diag,3,1,3,grip,904,320.4493,5272.9065,16.455,25.531
sandwich,0.20000,0.20414,4,16,shear_diag,0,2,3,grip,904,320.4492,5272.9053,16.455,25.531
sandwich,0.20000,0.20414,4,16,shear_diag,1,2,3,free_surface,904,189.1788,3514.0170,18.575,17.015
sandwich,0.20000,0.20414,4,16,shear_diag,2,2,3,free_surface,904,189.1788,3514.0721,18.575,17.015
sandwich,0.20000,0.20414,4,16,shear_diag,3,2,3,grip,904,320.4493,5272.9004,16.455,25.531
sandwich,0.20000,0.20414,4,16,shear_diag,0,3,3,grip,904,297.2461,5633.9393,18.954,27.279
sandwich,0.20000,0.20414,4,16,shear_diag,1,3,3,free_surface,904,206.3282,4325.3462,20.963,20.943
sandwich,0.20000,0.20414,4,16,shear_diag,2,3,3,free_surface,904,206.3319,4325.4135,20.963,20.943
sandwich,0.20000,0.20414,4,16,shear_diag,3,3,3,grip,904,297.2471,5633.9705,18.954,27.279
sandwich,0.20000,0.20414,4,16,uni_111,0,0,0,grip,904,303.7794,8323.0648,27.398,49.922
sandwich,0.20000,0.20414,4,16,uni_111,1,0,0,free_surface,904,124.7839,3360.6107,26.931,20.157
sandwich,0.20000,0.20414,4,16,uni_111,2,0,0,free_surface,904,50.7835,1381.7929,27.209,8.288
sandwich,0.20000,0.20414,4,16,uni_111,3,0,0,grip,904,115.6921,3135.1085,27.099,18.805
sandwich,0.20000,0.20414,4,16,uni_111,0,1,0,grip,904,246.3596,5452.9817,22.134,32.707
sandwich,0.20000,0.20414,4,16,uni_111,1,1,0,free_surface,904,171.1476,4025.4063,23.520,24.145
sandwich,0.20000,0.20414,4,16,uni_111,2,1,0,free_surface,904,102.9076,2829.1549,27.492,16.969
sandwich,0.20000,0.20414,4,16,uni_111,3,1,0,grip,904,101.7045,2974.8414,29.250,17.843
sandwich,0.20000,0.20414,4,16,uni_111,0,2,0,grip,904,188.0509,4345.6709,23.109,26.066
sandwich,0.20000,0.20414,4,16,uni_111,1,2,0,free_surface,904,157.5357,3341.6223,21.212,20.043
sandwich,0.20000,0.20414,4,16,uni_111,2,2,0,free_surface,904,128.8694,3105.7083,24.100,18.628
sandwich,0.20000,0.20414,4,16,uni_111,3,2,0,grip,904,105.0623,2864.7645,27.267,17.183
sandwich,0.20000,0.20414,4,16,uni_111,0,3,0,grip,904,108.7606,3029.3044,27.853,18.170
sandwich,0.20000,0.20414,4,16,uni_111,1,3,0,free_surface,904,113.8628,2525.5441,22.181,15.148
sandwich,0.20000,0.20414,4,16,uni_111,2,3,0,free_surface,904,113.8640,2525.5077,22.180,15.148
sandwich,0.20000,0.20414,4,16,uni_111,3,3,0,grip,904,108.7600,3029.3283,27.853,18.170
sandwich,0.20000,0.20414,4,16,uni_111,0,0,1,grip,904,246.3596,5452.9817,22.134,32.707
sandwich,0.20000,0.20414,4,16,uni_111,1,0,1,free_surface,904,171.1476,4025.4063,23.520,24.145
sandwich,0.20000,0.20414,4,16,uni_111,2,0,1,free_surface,904,102.9076,2829.1549,27.492,16.969
sandwich,0.20000,0.20414,4,16,uni_111,3,0,1,grip,904,101.7045,2974.8414,29.250,17.843
sandwich,0.20000,0.20414,4,16,uni_111,0,1,1,grip,904,201.2404,3872.1415,19.241,23.225
sandwich,0.20000,0.20414,4,16,uni_111,1,1,1,interior,904,195.0407,3665.0099,18.791,21.983
sandwich,0.20000,0.20414,4,16,uni_111,2,1,1,interior,904,151.9339,3249.1689,21.385,19.489
sandwich,0.20000,0.20414,4,16,uni_111,3,1,1,grip,904,122.4873,2998.8475,24.483,17.987
sandwich,0.20000,0.20414,4,16,uni_111,0,2,1,grip,904,154.3195,3269.3676,21.186,19.610
sandwich,0.20000,0.20414,4,16,uni_111,1,2,1,interior,904,174.1504,3506.6996,20.136,21.033
sandwich,0.20000,0.20414,4,16,uni_111,2,2,1,interior,904,174.1494,3506.6654,20.136,21.033
sandwich,0.20000,0.20414,4,16,uni_111,3,2,1,grip,904,154.3197,3269.3649,21.186,19.610
sandwich,0.20000,0.20414,4,16,uni_111,0,3,1,grip,904,105.0626,2864.7633,27.267,17.183
sandwich,0.20000,0.20414,4,16,uni_111,1,3,1,free_surface,904,128.8698,3105.7504,24.100,18.629
sandwich,0.20000,0.20414,4,16,uni_111,2,3,1,free_surface,904,157.5357,3341.5916,21.212,20.043
sandwich,0.20000,0.20414,4,16,uni_111,3,3,1,grip,904,188.0506,4345.6813,23.109,26.066
sandwich,0.20000,0.20414,4,16,uni_111,0,0,2,grip,904,188.0509,4345.6709,23.109,26.066
sandwich,0.20000,0.20414,4,16,uni_111,1,0,2,free_surface,904,157.5357,3341.6223,21.212,20.043
sandwich,0.20000,0.20414,4,16,uni_111,2,0,2,free_surface,904,128.8694,3105.7083,24.100,18.628
sandwich,0.20000,0.20414,4,16,uni_111,3,0,2,grip,904,105.0623,2864.7645,27.267,17.183
sandwich,0.20000,0.20414,4,16,uni_111,0,1,2,grip,904,154.3195,3269.3676,21.186,19.610
sandwich,0.20000,0.20414,4,16,uni_111,1,1,2,interior,904,174.1504,3506.6996,20.136,21.033
sandwich,0.20000,0.20414,4,16,uni_111,2,1,2,interior,904,174.1494,3506.6654,20.136,21.033
sandwich,0.20000,0.20414,4,16,uni_111,3,1,2,grip,904,154.3197,3269.3649,21.186,19.610
sandwich,0.20000,0.20414,4,16,uni_111,0,2,2,grip,904,122.4865,2998.8481,24.483,17.987
sandwich,0.20000,0.20414,4,16,uni_111,1,2,2,interior,904,151.9337,3249.1959,21.386,19.489
sandwich,0.20000,0.20414,4,16,uni_111,2,2,2,interior,904,195.0382,3664.9900,18.791,21.983
sandwich,0.20000,0.20414,4,16,uni_111,3,2,2,grip,904,201.2394,3872.1249,19.241,23.225
sandwich,0.20000,0.20414,4,16,uni_111,0,3,2,grip,904,101.7048,2974.8393,29.250,17.843
sandwich,0.20000,0.20414,4,16,uni_111,1,3,2,free_surface,904,102.9068,2829.1802,27.493,16.970
sandwich,0.20000,0.20414,4,16,uni_111,2,3,2,free_surface,904,171.1464,4025.3478,23.520,24.144
sandwich,0.20000,0.20414,4,16,uni_111,3,3,2,grip,904,246.3586,5452.9933,22.134,32.707
sandwich,0.20000,0.20414,4,16,uni_111,0,0,3,grip,904,108.7606,3029.3044,27.853,18.170
sandwich,0.20000,0.20414,4,16,uni_111,1,0,3,free_surface,904,113.8628,2525.5441,22.181,15.148
sandwich,0.20000,0.20414,4,16,uni_111,2,0,3,free_surface,904,113.8640,2525.5077,22.180,15.148
sandwich,0.20000,0.20414,4,16,uni_111,3,0,3,grip,904,108.7600,3029.3283,27.853,18.170
sandwich,0.20000,0.20414,4,16,uni_111,0,1,3,grip,904,105.0626,2864.7633,27.267,17.183
sandwich,0.20000,0.20414,4,16,uni_111,1,1,3,free_surface,904,128.8698,3105.7504,24.100,18.629
sandwich,0.20000,0.20414,4,16,uni_111,2,1,3,free_surface,904,157.5357,3341.5916,21.212,20.043
sandwich,0.20000,0.20414,4,16,uni_111,3,1,3,grip,904,188.0506,4345.6813,23.109,26.066
sandwich,0.20000,0.20414,4,16,uni_111,0,2,3,grip,904,101.7048,2974.8393,29.250,17.843
sandwich,0.20000,0.20414,4,16,uni_111,1,2,3,free_surface,904,102.9068,2829.1802,27.493,16.970
sandwich,0.20000,0.20414,4,16,uni_111,2,2,3,free_surface,904,171.1464,4025.3478,23.520,24.144
sandwich,0.20000,0.20414,4,16,uni_111,3,2,3,grip,904,246.3586,5452.9933,22.134,32.707
sandwich,0.20000,0.20414,4,16,uni_111,0,3,3,grip,904,115.6940,3135.1088,27.098,18.805
sandwich,0.20000,0.20414,4,16,uni_111,1,3,3,free_surface,904,50.7817,1381.7825,27.210,8.288
sandwich,0.20000,0.20414,4,16,uni_111,2,3,3,free_surface,904,124.7841,3360.5963,26.931,20.157
sandwich,0.20000,0.20414,4,16,uni_111,3,3,3,grip,904,303.7794,8323.0713,27.398,49.922
sandwich,0.20000,0.20414,4,16,hydro,0,0,0,grip,904,309.0835,9953.2456,32.202,-1.000
sandwich,0.20000,0.20414,4,16,hydro,1,0,0,free_surface,904,201.4977,5010.1824,24.865,-1.000
sandwich,0.20000,0.20414,4,16,hydro,2,0,0,free_surface,904,201.5011,5010.1652,24.864,-1.000
sandwich,0.20000,0.20414,4,16,hydro,3,0,0,grip,904,309.0834,9953.2277,32.202,-1.000
sandwich,0.20000,0.20414,4,16,hydro,0,1,0,grip,904,239.8087,6319.7324,26.353,-1.000
sandwich,0.20000,0.20414,4,16,hydro,1,1,0,free_surface,904,244.7773,5985.4751,24.453,-1.000
sandwich,0.20000,0.20414,4,16,hydro,2,1,0,free_surface,904,244.7771,5985.3488,24.452,-1.000
sandwich,0.20000,0.20414,4,16,hydro,3,1,0,grip,904,239.8077,6319.7272,26.353,-1.000
sandwich,0.20000,0.20414,4,16,hydro,0,2,0,grip,904,239.8088,6319.7347,26.353,-1.000
sandwich,0.20000,0.20414,4,16,hydro,1,2,0,free_surface,904,244.7771,5985.4752,24.453,-1.000
sandwich,0.20000,0.20414,4,16,hydro,2,2,0,free_surface,904,244.7770,5985.3490,24.452,-1.000
sandwich,0.20000,0.20414,4,16,hydro,3,2,0,grip,904,239.8078,6319.7295,26.353,-1.000
sandwich,0.20000,0.20414,4,16,hydro,0,3,0,grip,904,309.0840,9953.2639,32.202,-1.000
sandwich,0.20000,0.20414,4,16,hydro,1,3,0,free_surface,904,201.4975,5010.1845,24.865,-1.000
sandwich,0.20000,0.20414,4,16,hydro,2,3,0,free_surface,904,201.5009,5010.1674,24.864,-1.000
sandwich,0.20000,0.20414,4,16,hydro,3,3,0,grip,904,309.0839,9953.2460,32.202,-1.000
sandwich,0.20000,0.20414,4,16,hydro,0,0,1,grip,904,239.8087,6319.7324,26.353,-1.000
sandwich,0.20000,0.20414,4,16,hydro,1,0,1,free_surface,904,244.7773,5985.4751,24.453,-1.000
sandwich,0.20000,0.20414,4,16,hydro,2,0,1,free_surface,904,244.7771,5985.3488,24.452,-1.000
sandwich,0.20000,0.20414,4,16,hydro,3,0,1,grip,904,239.8077,6319.7272,26.353,-1.000
sandwich,0.20000,0.20414,4,16,hydro,0,1,1,grip,904,131.5595,5260.0133,39.982,-1.000
sandwich,0.20000,0.20414,4,16,hydro,1,1,1,interior,904,278.1613,6107.2126,21.956,-1.000
sandwich,0.20000,0.20414,4,16,hydro,2,1,1,interior,904,278.1583,6107.2122,21.956,-1.000
sandwich,0.20000,0.20414,4,16,hydro,3,1,1,grip,904,131.5589,5260.0194,39.982,-1.000
sandwich,0.20000,0.20414,4,16,hydro,0,2,1,grip,904,131.5596,5260.0137,39.982,-1.000
sandwich,0.20000,0.20414,4,16,hydro,1,2,1,interior,904,278.1612,6107.2165,21.956,-1.000
sandwich,0.20000,0.20414,4,16,hydro,2,2,1,interior,904,278.1582,6107.2161,21.956,-1.000
sandwich,0.20000,0.20414,4,16,hydro,3,2,1,grip,904,131.5590,5260.0198,39.982,-1.000
sandwich,0.20000,0.20414,4,16,hydro,0,3,1,grip,904,239.8089,6319.7359,26.353,-1.000
sandwich,0.20000,0.20414,4,16,hydro,1,3,1,free_surface,904,244.7771,5985.4770,24.453,-1.000
sandwich,0.20000,0.20414,4,16,hydro,2,3,1,free_surface,904,244.7770,5985.3507,24.452,-1.000
sandwich,0.20000,0.20414,4,16,hydro,3,3,1,grip,904,239.8079,6319.7308,26.353,-1.000
sandwich,0.20000,0.20414,4,16,hydro,0,0,2,grip,904,239.8088,6319.7347,26.353,-1.000
sandwich,0.20000,0.20414,4,16,hydro,1,0,2,free_surface,904,244.7771,5985.4752,24.453,-1.000
sandwich,0.20000,0.20414,4,16,hydro,2,0,2,free_surface,904,244.7770,5985.3490,24.452,-1.000
sandwich,0.20000,0.20414,4,16,hydro,3,0,2,grip,904,239.8078,6319.7295,26.353,-1.000
sandwich,0.20000,0.20414,4,16,hydro,0,1,2,grip,904,131.5596,5260.0137,39.982,-1.000
sandwich,0.20000,0.20414,4,16,hydro,1,1,2,interior,904,278.1612,6107.2165,21.956,-1.000
sandwich,0.20000,0.20414,4,16,hydro,2,1,2,interior,904,278.1582,6107.2161,21.956,-1.000
sandwich,0.20000,0.20414,4,16,hydro,3,1,2,grip,904,131.5590,5260.0198,39.982,-1.000
sandwich,0.20000,0.20414,4,16,hydro,0,2,2,grip,904,131.5597,5260.0132,39.982,-1.000
sandwich,0.20000,0.20414,4,16,hydro,1,2,2,interior,904,278.1611,6107.2086,21.956,-1.000
sandwich,0.20000,0.20414,4,16,hydro,2,2,2,interior,904,278.1581,6107.2082,21.956,-1.000
sandwich,0.20000,0.20414,4,16,hydro,3,2,2,grip,904,131.5591,5260.0193,39.982,-1.000
sandwich,0.20000,0.20414,4,16,hydro,0,3,2,grip,904,239.8090,6319.7382,26.353,-1.000
sandwich,0.20000,0.20414,4,16,hydro,1,3,2,free_surface,904,244.7770,5985.4771,24.453,-1.000
sandwich,0.20000,0.20414,4,16,hydro,2,3,2,free_surface,904,244.7768,5985.3509,24.452,-1.000
sandwich,0.20000,0.20414,4,16,hydro,3,3,2,grip,904,239.8080,6319.7330,26.353,-1.000
sandwich,0.20000,0.20414,4,16,hydro,0,0,3,grip,904,309.0840,9953.2639,32.202,-1.000
sandwich,0.20000,0.20414,4,16,hydro,1,0,3,free_surface,904,201.4975,5010.1845,24.865,-1.000
sandwich,0.20000,0.20414,4,16,hydro,2,0,3,free_surface,904,201.5009,5010.1674,24.864,-1.000
sandwich,0.20000,0.20414,4,16,hydro,3,0,3,grip,904,309.0839,9953.2460,32.202,-1.000
sandwich,0.20000,0.20414,4,16,hydro,0,1,3,grip,904,239.8089,6319.7359,26.353,-1.000
sandwich,0.20000,0.20414,4,16,hydro,1,1,3,free_surface,904,244.7771,5985.4770,24.453,-1.000
sandwich,0.20000,0.20414,4,16,hydro,2,1,3,free_surface,904,244.7770,5985.3507,24.452,-1.000
sandwich,0.20000,0.20414,4,16,hydro,3,1,3,grip,904,239.8079,6319.7308,26.353,-1.000
sandwich,0.20000,0.20414,4,16,hydro,0,2,3,grip,904,239.8090,6319.7382,26.353,-1.000
sandwich,0.20000,0.20414,4,16,hydro,1,2,3,free_surface,904,244.7770,5985.4771,24.453,-1.000
sandwich,0.20000,0.20414,4,16,hydro,2,2,3,free_surface,904,244.7768,5985.3509,24.452,-1.000
sandwich,0.20000,0.20414,4,16,hydro,3,2,3,grip,904,239.8080,6319.7330,26.353,-1.000
sandwich,0.20000,0.20414,4,16,hydro,0,3,3,grip,904,309.0844,9953.2822,32.202,-1.000
sandwich,0.20000,0.20414,4,16,hydro,1,3,3,free_surface,904,201.4973,5010.1826,24.865,-1.000
sandwich,0.20000,0.20414,4,16,hydro,2,3,3,free_surface,904,201.5006,5010.1654,24.864,-1.000
sandwich,0.20000,0.20414,4,16,hydro,3,3,3,grip,904,309.0843,9953.2643,32.202,-1.000
sandwich,0.31300,0.31619,4,16,uni_x,0,0,0,grip,1168,269.7082,4739.5858,17.573,18.747
sandwich,0.31300,0.31619,4,16,uni_x,1,0,0,free_surface,1168,275.4463,4210.3202,15.285,16.653
sandwich,0.31300,0.31619,4,16,uni_x,2,0,0,free_surface,1168,275.4474,4210.3493,15.285,16.653
sandwich,0.31300,0.31619,4,16,uni_x,3,0,0,grip,1168,269.7077,4739.6298,17.573,18.747
sandwich,0.31300,0.31619,4,16,uni_x,0,1,0,grip,1168,244.8725,4278.5439,17.473,16.923
sandwich,0.31300,0.31619,4,16,uni_x,1,1,0,free_surface,1168,290.8996,4433.8983,15.242,17.537
sandwich,0.31300,0.31619,4,16,uni_x,2,1,0,free_surface,1168,290.9000,4433.9164,15.242,17.538
sandwich,0.31300,0.31619,4,16,uni_x,3,1,0,grip,1168,244.8728,4278.5450,17.473,16.923
sandwich,0.31300,0.31619,4,16,uni_x,0,2,0,grip,1168,244.8725,4278.5439,17.473,16.923
sandwich,0.31300,0.31619,4,16,uni_x,1,2,0,free_surface,1168,290.8996,4433.8983,15.242,17.537
sandwich,0.31300,0.31619,4,16,uni_x,2,2,0,free_surface,1168,290.9000,4433.9164,15.242,17.538
sandwich,0.31300,0.31619,4,16,uni_x,3,2,0,grip,1168,244.8728,4278.5450,17.473,16.923
sandwich,0.31300,0.31619,4,16,uni_x,0,3,0,grip,1168,269.7082,4739.5858,17.573,18.747
sandwich,0.31300,0.31619,4,16,uni_x,1,3,0,free_surface,1168,275.4463,4210.3202,15.285,16.653
sandwich,0.31300,0.31619,4,16,uni_x,2,3,0,free_surface,1168,275.4474,4210.3493,15.285,16.653
sandwich,0.31300,0.31619,4,16,uni_x,3,3,0,grip,1168,269.7077,4739.6298,17.573,18.747
sandwich,0.31300,0.31619,4,16,uni_x,0,0,1,grip,1168,244.8725,4278.5439,17.473,16.923
sandwich,0.31300,0.31619,4,16,uni_x,1,0,1,free_surface,1168,290.8996,4433.8983,15.242,17.537
sandwich,0.31300,0.31619,4,16,uni_x,2,0,1,free_surface,1168,290.9000,4433.9164,15.242,17.538
sandwich,0.31300,0.31619,4,16,uni_x,3,0,1,grip,1168,244.8728,4278.5450,17.473,16.923
sandwich,0.31300,0.31619,4,16,uni_x,0,1,1,grip,1168,215.0497,3908.8812,18.177,15.461
sandwich,0.31300,0.31619,4,16,uni_x,1,1,1,interior,1168,303.4543,4503.3284,14.840,17.812
sandwich,0.31300,0.31619,4,16,uni_x,2,1,1,interior,1168,303.4529,4503.2844,14.840,17.812
sandwich,0.31300,0.31619,4,16,uni_x,3,1,1,grip,1168,215.0492,3908.8890,18.177,15.461
sandwich,0.31300,0.31619,4,16,uni_x,0,2,1,grip,1168,215.0497,3908.8812,18.177,15.461
sandwich,0.31300,0.31619,4,16,uni_x,1,2,1,interior,1168,303.4543,4503.3284,14.840,17.812
sandwich,0.31300,0.31619,4,16,uni_x,2,2,1,interior,1168,303.4529,4503.2844,14.840,17.812
sandwich,0.31300,0.31619,4,16,uni_x,3,2,1,grip,1168,215.0492,3908.8890,18.177,15.461
sandwich,0.31300,0.31619,4,16,uni_x,0,3,1,grip,1168,244.8725,4278.5439,17.473,16.923
sandwich,0.31300,0.31619,4,16,uni_x,1,3,1,free_surface,1168,290.8996,4433.8983,15.242,17.537
sandwich,0.31300,0.31619,4,16,uni_x,2,3,1,free_surface,1168,290.9000,4433.9164,15.242,17.538
sandwich,0.31300,0.31619,4,16,uni_x,3,3,1,grip,1168,244.8728,4278.5450,17.473,16.923
sandwich,0.31300,0.31619,4,16,uni_x,0,0,2,grip,1168,244.8725,4278.5439,17.473,16.923
sandwich,0.31300,0.31619,4,16,uni_x,1,0,2,free_surface,1168,290.8996,4433.8983,15.242,17.537
sandwich,0.31300,0.31619,4,16,uni_x,2,0,2,free_surface,1168,290.9000,4433.9164,15.242,17.538
sandwich,0.31300,0.31619,4,16,uni_x,3,0,2,grip,1168,244.8728,4278.5450,17.473,16.923
sandwich,0.31300,0.31619,4,16,uni_x,0,1,2,grip,1168,215.0497,3908.8812,18.177,15.461
sandwich,0.31300,0.31619,4,16,uni_x,1,1,2,interior,1168,303.4543,4503.3284,14.840,17.812
sandwich,0.31300,0.31619,4,16,uni_x,2,1,2,interior,1168,303.4529,4503.2844,14.840,17.812
sandwich,0.31300,0.31619,4,16,uni_x,3,1,2,grip,1168,215.0492,3908.8890,18.177,15.461
sandwich,0.31300,0.31619,4,16,uni_x,0,2,2,grip,1168,215.0497,3908.8812,18.177,15.461
sandwich,0.31300,0.31619,4,16,uni_x,1,2,2,interior,1168,303.4543,4503.3284,14.840,17.812
sandwich,0.31300,0.31619,4,16,uni_x,2,2,2,interior,1168,303.4529,4503.2844,14.840,17.812
sandwich,0.31300,0.31619,4,16,uni_x,3,2,2,grip,1168,215.0492,3908.8890,18.177,15.461
sandwich,0.31300,0.31619,4,16,uni_x,0,3,2,grip,1168,244.8725,4278.5439,17.473,16.923
sandwich,0.31300,0.31619,4,16,uni_x,1,3,2,free_surface,1168,290.8996,4433.8983,15.242,17.537
sandwich,0.31300,0.31619,4,16,uni_x,2,3,2,free_surface,1168,290.9000,4433.9164,15.242,17.538
sandwich,0.31300,0.31619,4,16,uni_x,3,3,2,grip,1168,244.8728,4278.5450,17.473,16.923
sandwich,0.31300,0.31619,4,16,uni_x,0,0,3,grip,1168,269.7082,4739.5858,17.573,18.747
sandwich,0.31300,0.31619,4,16,uni_x,1,0,3,free_surface,1168,275.4463,4210.3202,15.285,16.653
sandwich,0.31300,0.31619,4,16,uni_x,2,0,3,free_surface,1168,275.4474,4210.3493,15.285,16.653
sandwich,0.31300,0.31619,4,16,uni_x,3,0,3,grip,1168,269.7077,4739.6298,17.573,18.747
sandwich,0.31300,0.31619,4,16,uni_x,0,1,3,grip,1168,244.8725,4278.5439,17.473,16.923
sandwich,0.31300,0.31619,4,16,uni_x,1,1,3,free_surface,1168,290.8996,4433.8983,15.242,17.537
sandwich,0.31300,0.31619,4,16,uni_x,2,1,3,free_surface,1168,290.9000,4433.9164,15.242,17.538
sandwich,0.31300,0.31619,4,16,uni_x,3,1,3,grip,1168,244.8728,4278.5450,17.473,16.923
sandwich,0.31300,0.31619,4,16,uni_x,0,2,3,grip,1168,244.8725,4278.5439,17.473,16.923
sandwich,0.31300,0.31619,4,16,uni_x,1,2,3,free_surface,1168,290.8996,4433.8983,15.242,17.537
sandwich,0.31300,0.31619,4,16,uni_x,2,2,3,free_surface,1168,290.9000,4433.9164,15.242,17.538
sandwich,0.31300,0.31619,4,16,uni_x,3,2,3,grip,1168,244.8728,4278.5450,17.473,16.923
sandwich,0.31300,0.31619,4,16,uni_x,0,3,3,grip,1168,269.7082,4739.5858,17.573,18.747
sandwich,0.31300,0.31619,4,16,uni_x,1,3,3,free_surface,1168,275.4463,4210.3202,15.285,16.653
sandwich,0.31300,0.31619,4,16,uni_x,2,3,3,free_surface,1168,275.4474,4210.3493,15.285,16.653
sandwich,0.31300,0.31619,4,16,uni_x,3,3,3,grip,1168,269.7077,4739.6298,17.573,18.747
sandwich,0.31300,0.31619,4,16,uni_z,0,0,0,grip,1168,270.6820,5106.5688,18.866,20.198
sandwich,0.31300,0.31619,4,16,uni_z,1,0,0,free_surface,1168,32.5572,949.6919,29.170,3.756
sandwich,0.31300,0.31619,4,16,uni_z,2,0,0,free_surface,1168,32.5572,949.6919,29.170,3.756
sandwich,0.31300,0.31619,4,16,uni_z,3,0,0,grip,1168,270.6820,5106.5688,18.866,20.198
sandwich,0.31300,0.31619,4,16,uni_z,0,1,0,grip,1168,267.0495,4790.4811,17.939,18.948
sandwich,0.31300,0.31619,4,16,uni_z,1,1,0,free_surface,1168,33.1667,811.3093,24.462,3.209
sandwich,0.31300,0.31619,4,16,uni_z,2,1,0,free_surface,1168,33.1667,811.3093,24.462,3.209
sandwich,0.31300,0.31619,4,16,uni_z,3,1,0,grip,1168,267.0495,4790.4811,17.939,18.948
sandwich,0.31300,0.31619,4,16,uni_z,0,2,0,grip,1168,267.0495,4790.4811,17.939,18.948
sandwich,0.31300,0.31619,4,16,uni_z,1,2,0,free_surface,1168,33.1667,811.3093,24.462,3.209
sandwich,0.31300,0.31619,4,16,uni_z,2,2,0,free_surface,1168,33.1667,811.3093,24.462,3.209
sandwich,0.31300,0.31619,4,16,uni_z,3,2,0,grip,1168,267.0495,4790.4811,17.939,18.948
sandwich,0.31300,0.31619,4,16,uni_z,0,3,0,grip,1168,270.6820,5106.5688,18.866,20.198
sandwich,0.31300,0.31619,4,16,uni_z,1,3,0,free_surface,1168,32.5572,949.6919,29.170,3.756
sandwich,0.31300,0.31619,4,16,uni_z,2,3,0,free_surface,1168,32.5572,949.6919,29.170,3.756
sandwich,0.31300,0.31619,4,16,uni_z,3,3,0,grip,1168,270.6820,5106.5688,18.866,20.198
sandwich,0.31300,0.31619,4,16,uni_z,0,0,1,grip,1168,260.3712,4082.2793,15.679,16.147
sandwich,0.31300,0.31619,4,16,uni_z,1,0,1,free_surface,1168,66.8587,1453.1015,21.734,5.747
sandwich,0.31300,0.31619,4,16,uni_z,2,0,1,free_surface,1168,66.8587,1453.1015,21.734,5.747
sandwich,0.31300,0.31619,4,16,uni_z,3,0,1,grip,1168,260.3712,4082.2793,15.679,16.147
sandwich,0.31300,0.31619,4,16,uni_z,0,1,1,grip,1168,259.4196,4087.6702,15.757,16.168
sandwich,0.31300,0.31619,4,16,uni_z,1,1,1,interior,1168,66.7643,1463.2230,21.916,5.788
sandwich,0.31300,0.31619,4,16,uni_z,2,1,1,interior,1168,66.7643,1463.2230,21.916,5.788
sandwich,0.31300,0.31619,4,16,uni_z,3,1,1,grip,1168,259.4196,4087.6702,15.757,16.168
sandwich,0.31300,0.31619,4,16,uni_z,0,2,1,grip,1168,259.4196,4087.6702,15.757,16.168
sandwich,0.31300,0.31619,4,16,uni_z,1,2,1,interior,1168,66.7643,1463.2230,21.916,5.788
sandwich,0.31300,0.31619,4,16,uni_z,2,2,1,interior,1168,66.7643,1463.2230,21.916,5.788
sandwich,0.31300,0.31619,4,16,uni_z,3,2,1,grip,1168,259.4196,4087.6702,15.757,16.168
sandwich,0.31300,0.31619,4,16,uni_z,0,3,1,grip,1168,260.3712,4082.2793,15.679,16.147
sandwich,0.31300,0.31619,4,16,uni_z,1,3,1,free_surface,1168,66.8587,1453.1015,21.734,5.747
sandwich,0.31300,0.31619,4,16,uni_z,2,3,1,free_surface,1168,66.8587,1453.1015,21.734,5.747
sandwich,0.31300,0.31619,4,16,uni_z,3,3,1,grip,1168,260.3712,4082.2793,15.679,16.147
sandwich,0.31300,0.31619,4,16,uni_z,0,0,2,grip,1168,260.3714,4082.2813,15.679,16.147
sandwich,0.31300,0.31619,4,16,uni_z,1,0,2,free_surface,1168,66.8589,1453.1033,21.734,5.747
sandwich,0.31300,0.31619,4,16,uni_z,2,0,2,free_surface,1168,66.8589,1453.1033,21.734,5.747
sandwich,0.31300,0.31619,4,16,uni_z,3,0,2,grip,1168,260.3714,4082.2813,15.679,16.147
sandwich,0.31300,0.31619,4,16,uni_z,0,1,2,grip,1168,259.4198,4087.6710,15.757,16.168
sandwich,0.31300,0.31619,4,16,uni_z,1,1,2,interior,1168,66.7646,1463.2225,21.916,5.788
sandwich,0.31300,0.31619,4,16,uni_z,2,1,2,interior,1168,66.7646,1463.2225,21.916,5.788
sandwich,0.31300,0.31619,4,16,uni_z,3,1,2,grip,1168,259.4198,4087.6710,15.757,16.168
sandwich,0.31300,0.31619,4,16,uni_z,0,2,2,grip,1168,259.4198,4087.6710,15.757,16.168
sandwich,0.31300,0.31619,4,16,uni_z,1,2,2,interior,1168,66.7646,1463.2225,21.916,5.788
sandwich,0.31300,0.31619,4,16,uni_z,2,2,2,interior,1168,66.7646,1463.2225,21.916,5.788
sandwich,0.31300,0.31619,4,16,uni_z,3,2,2,grip,1168,259.4198,4087.6710,15.757,16.168
sandwich,0.31300,0.31619,4,16,uni_z,0,3,2,grip,1168,260.3714,4082.2813,15.679,16.147
sandwich,0.31300,0.31619,4,16,uni_z,1,3,2,free_surface,1168,66.8589,1453.1033,21.734,5.747
sandwich,0.31300,0.31619,4,16,uni_z,2,3,2,free_surface,1168,66.8589,1453.1033,21.734,5.747
sandwich,0.31300,0.31619,4,16,uni_z,3,3,2,grip,1168,260.3714,4082.2813,15.679,16.147
sandwich,0.31300,0.31619,4,16,uni_z,0,0,3,grip,1168,270.6819,5106.5650,18.866,20.198
sandwich,0.31300,0.31619,4,16,uni_z,1,0,3,free_surface,1168,32.5573,949.6994,29.170,3.756
sandwich,0.31300,0.31619,4,16,uni_z,2,0,3,free_surface,1168,32.5573,949.6994,29.170,3.756
sandwich,0.31300,0.31619,4,16,uni_z,3,0,3,grip,1168,270.6819,5106.5650,18.866,20.198
sandwich,0.31300,0.31619,4,16,uni_z,0,1,3,grip,1168,267.0497,4790.4744,17.939,18.948
sandwich,0.31300,0.31619,4,16,uni_z,1,1,3,free_surface,1168,33.1669,811.3007,24.461,3.209
sandwich,0.31300,0.31619,4,16,uni_z,2,1,3,free_surface,1168,33.1669,811.3007,24.461,3.209
sandwich,0.31300,0.31619,4,16,uni_z,3,1,3,grip,1168,267.0497,4790.4744,17.939,18.948
sandwich,0.31300,0.31619,4,16,uni_z,0,2,3,grip,1168,267.0497,4790.4744,17.939,18.948
sandwich,0.31300,0.31619,4,16,uni_z,1,2,3,free_surface,1168,33.1669,811.3007,24.461,3.209
sandwich,0.31300,0.31619,4,16,uni_z,2,2,3,free_surface,1168,33.1669,811.3007,24.461,3.209
sandwich,0.31300,0.31619,4,16,uni_z,3,2,3,grip,1168,267.0497,4790.4744,17.939,18.948
sandwich,0.31300,0.31619,4,16,uni_z,0,3,3,grip,1168,270.6819,5106.5650,18.866,20.198
sandwich,0.31300,0.31619,4,16,uni_z,1,3,3,free_surface,1168,32.5573,949.6994,29.170,3.756
sandwich,0.31300,0.31619,4,16,uni_z,2,3,3,free_surface,1168,32.5573,949.6994,29.170,3.756
sandwich,0.31300,0.31619,4,16,uni_z,3,3,3,grip,1168,270.6819,5106.5650,18.866,20.198
sandwich,0.31300,0.31619,4,16,biax_xy,0,0,0,grip,1168,375.9593,7871.7670,20.938,31.135
sandwich,0.31300,0.31619,4,16,biax_xy,1,0,0,free_surface,1168,274.3927,4814.8463,17.547,19.044
sandwich,0.31300,0.31619,4,16,biax_xy,2,0,0,free_surface,1168,274.3939,4814.8754,17.547,19.044
sandwich,0.31300,0.31619,4,16,biax_xy,3,0,0,grip,1168,375.9586,7871.7834,20.938,31.135
sandwich,0.31300,0.31619,4,16,biax_xy,0,1,0,grip,1168,280.0071,5253.5971,18.762,20.780
sandwich,0.31300,0.31619,4,16,biax_xy,1,1,0,free_surface,1168,335.9351,5759.2730,17.144,22.780
sandwich,0.31300,0.31619,4,16,biax_xy,2,1,0,free_surface,1168,335.9357,5759.2916,17.144,22.780
sandwich,0.31300,0.31619,4,16,biax_xy,3,1,0,grip,1168,280.0075,5253.5750,18.762,20.780
sandwich,0.31300,0.31619,4,16,biax_xy,0,2,0,grip,1168,280.0072,5253.6003,18.762,20.780
sandwich,0.31300,0.31619,4,16,biax_xy,1,2,0,free_surface,1168,335.9353,5759.2710,17.144,22.780
sandwich,0.31300,0.31619,4,16,biax_xy,2,2,0,free_surface,1168,335.9359,5759.2895,17.144,22.780
sandwich,0.31300,0.31619,4,16,biax_xy,3,2,0,grip,1168,280.0076,5253.5782,18.762,20.780
sandwich,0.31300,0.31619,4,16,biax_xy,0,3,0,grip,1168,375.9592,7871.7640,20.938,31.135
sandwich,0.31300,0.31619,4,16,biax_xy,1,3,0,free_surface,1168,274.3928,4814.8563,17.547,19.044
sandwich,0.31300,0.31619,4,16,biax_xy,2,3,0,free_surface,1168,274.3941,4814.8854,17.547,19.044
sandwich,0.31300,0.31619,4,16,biax_xy,3,3,0,grip,1168,375.9584,7871.7803,20.938,31.135
sandwich,0.31300,0.31619,4,16,biax_xy,0,0,1,grip,1168,346.8917,6686.7559,19.276,26.448
sandwich,0.31300,0.31619,4,16,biax_xy,1,0,1,free_surface,1168,293.8663,5099.6189,17.354,20.171
sandwich,0.31300,0.31619,4,16,biax_xy,2,0,1,free_surface,1168,293.8667,5099.6370,17.354,20.171
sandwich,0.31300,0.31619,4,16,biax_xy,3,0,1,grip,1168,346.8911,6686.7722,19.276,26.448
sandwich,0.31300,0.31619,4,16,biax_xy,0,1,1,grip,1168,236.5990,5157.5745,21.799,20.400
sandwich,0.31300,0.31619,4,16,biax_xy,1,1,1,interior,1168,347.1461,5854.7058,16.865,23.157
sandwich,0.31300,0.31619,4,16,biax_xy,2,1,1,interior,1168,347.1446,5854.6621,16.865,23.157
sandwich,0.31300,0.31619,4,16,biax_xy,3,1,1,grip,1168,236.5987,5157.5659,21.799,20.400
sandwich,0.31300,0.31619,4,16,biax_xy,0,2,1,grip,1168,236.5992,5157.5756,21.799,20.400
sandwich,0.31300,0.31619,4,16,biax_xy,1,2,1,interior,1168,347.1463,5854.7002,16.865,23.157
sandwich,0.31300,0.31619,4,16,biax_xy,2,2,1,interior,1168,347.1448,5854.6565,16.865,23.157
sandwich,0.31300,0.31619,4,16,biax_xy,3,2,1,grip,1168,236.5989,5157.5670,21.799,20.400
sandwich,0.31300,0.31619,4,16,biax_xy,0,3,1,grip,1168,346.8918,6686.7563,19.276,26.448
sandwich,0.31300,0.31619,4,16,biax_xy,1,3,1,free_surface,1168,293.8664,5099.6245,17.354,20.171
sandwich,0.31300,0.31619,4,16,biax_xy,2,3,1,free_surface,1168,293.8668,5099.6426,17.354,20.171
sandwich,0.31300,0.31619,4,16,biax_xy,3,3,1,grip,1168,346.8912,6686.7726,19.276,26.448
sandwich,0.31300,0.31619,4,16,biax_xy,0,0,2,grip,1168,346.8917,6686.7559,19.276,26.448
sandwich,0.31300,0.31619,4,16,biax_xy,1,0,2,free_surface,1168,293.8663,5099.6189,17.354,20.171
sandwich,0.31300,0.31619,4,16,biax_xy,2,0,2,free_surface,1168,293.8667,5099.6370,17.354,20.171
sandwich,0.31300,0.31619,4,16,biax_xy,3,0,2,grip,1168,346.8911,6686.7722,19.276,26.448
sandwich,0.31300,0.31619,4,16,biax_xy,0,1,2,grip,1168,236.5990,5157.5745,21.799,20.400
sandwich,0.31300,0.31619,4,16,biax_xy,1,1,2,interior,1168,347.1461,5854.7058,16.865,23.157
sandwich,0.31300,0.31619,4,16,biax_xy,2,1,2,interior,1168,347.1446,5854.6621,16.865,23.157
sandwich,0.31300,0.31619,4,16,biax_xy,3,1,2,grip,1168,236.5987,5157.5659,21.799,20.400
sandwich,0.31300,0.31619,4,16,biax_xy,0,2,2,grip,1168,236.5992,5157.5756,21.799,20.400
sandwich,0.31300,0.31619,4,16,biax_xy,1,2,2,interior,1168,347.1463,5854.7002,16.865,23.157
sandwich,0.31300,0.31619,4,16,biax_xy,2,2,2,interior,1168,347.1448,5854.6565,16.865,23.157
sandwich,0.31300,0.31619,4,16,biax_xy,3,2,2,grip,1168,236.5989,5157.5670,21.799,20.400
sandwich,0.31300,0.31619,4,16,biax_xy,0,3,2,grip,1168,346.8918,6686.7563,19.276,26.448
sandwich,0.31300,0.31619,4,16,biax_xy,1,3,2,free_surface,1168,293.8664,5099.6245,17.354,20.171
sandwich,0.31300,0.31619,4,16,biax_xy,2,3,2,free_surface,1168,293.8668,5099.6426,17.354,20.171
sandwich,0.31300,0.31619,4,16,biax_xy,3,3,2,grip,1168,346.8912,6686.7726,19.276,26.448
sandwich,0.31300,0.31619,4,16,biax_xy,0,0,3,grip,1168,375.9593,7871.7670,20.938,31.135
sandwich,0.31300,0.31619,4,16,biax_xy,1,0,3,free_surface,1168,274.3927,4814.8463,17.547,19.044
sandwich,0.31300,0.31619,4,16,biax_xy,2,0,3,free_surface,1168,274.3939,4814.8754,17.547,19.044
sandwich,0.31300,0.31619,4,16,biax_xy,3,0,3,grip,1168,375.9586,7871.7834,20.938,31.135
sandwich,0.31300,0.31619,4,16,biax_xy,0,1,3,grip,1168,280.0071,5253.5971,18.762,20.780
sandwich,0.31300,0.31619,4,16,biax_xy,1,1,3,free_surface,1168,335.9351,5759.2730,17.144,22.780
sandwich,0.31300,0.31619,4,16,biax_xy,2,1,3,free_surface,1168,335.9357,5759.2916,17.144,22.780
sandwich,0.31300,0.31619,4,16,biax_xy,3,1,3,grip,1168,280.0075,5253.5750,18.762,20.780
sandwich,0.31300,0.31619,4,16,biax_xy,0,2,3,grip,1168,280.0072,5253.6003,18.762,20.780
sandwich,0.31300,0.31619,4,16,biax_xy,1,2,3,free_surface,1168,335.9353,5759.2710,17.144,22.780
sandwich,0.31300,0.31619,4,16,biax_xy,2,2,3,free_surface,1168,335.9359,5759.2895,17.144,22.780
sandwich,0.31300,0.31619,4,16,biax_xy,3,2,3,grip,1168,280.0076,5253.5782,18.762,20.780
sandwich,0.31300,0.31619,4,16,biax_xy,0,3,3,grip,1168,375.9592,7871.7640,20.938,31.135
sandwich,0.31300,0.31619,4,16,biax_xy,1,3,3,free_surface,1168,274.3928,4814.8563,17.547,19.044
sandwich,0.31300,0.31619,4,16,biax_xy,2,3,3,free_surface,1168,274.3941,4814.8854,17.547,19.044
sandwich,0.31300,0.31619,4,16,biax_xy,3,3,3,grip,1168,375.9584,7871.7803,20.938,31.135
sandwich,0.31300,0.31619,4,16,shear_xy,0,0,0,grip,1168,174.3263,3400.8125,19.508,13.266
sandwich,0.31300,0.31619,4,16,shear_xy,1,0,0,free_surface,1168,114.3536,1853.1205,16.205,7.229
sandwich,0.31300,0.31619,4,16,shear_xy,2,0,0,free_surface,1168,114.3540,1853.1172,16.205,7.229
sandwich,0.31300,0.31619,4,16,shear_xy,3,0,0,grip,1168,174.3258,3400.8009,19.508,13.266
sandwich,0.31300,0.31619,4,16,shear_xy,0,1,0,grip,1168,176.8909,2585.4801,14.616,10.086
sandwich,0.31300,0.31619,4,16,shear_xy,1,1,0,free_surface,1168,210.6220,3132.5740,14.873,12.220
sandwich,0.31300,0.31619,4,16,shear_xy,2,1,0,free_surface,1168,210.6223,3132.5785,14.873,12.220
sandwich,0.31300,0.31619,4,16,shear_xy,3,1,0,grip,1168,176.8907,2585.4839,14.616,10.086
sandwich,0.31300,0.31619,4,16,shear_xy,0,2,0,grip,1168,176.8909,2585.4819,14.616,10.086
sandwich,0.31300,0.31619,4,16,shear_xy,1,2,0,free_surface,1168,210.6220,3132.5828,14.873,12.220
sandwich,0.31300,0.31619,4,16,shear_xy,2,2,0,free_surface,1168,210.6223,3132.5874,14.873,12.220
sandwich,0.31300,0.31619,4,16,shear_xy,3,2,0,grip,1168,176.8907,2585.4858,14.616,10.086
sandwich,0.31300,0.31619,4,16,shear_xy,0,3,0,grip,1168,174.3262,3400.8129,19.508,13.266
sandwich,0.31300,0.31619,4,16,shear_xy,1,3,0,free_surface,1168,114.3535,1853.1444,16.205,7.229
sandwich,0.31300,0.31619,4,16,shear_xy,2,3,0,free_surface,1168,114.3539,1853.1411,16.205,7.229
sandwich,0.31300,0.31619,4,16,shear_xy,3,3,0,grip,1168,174.3257,3400.8013,19.508,13.266
sandwich,0.31300,0.31619,4,16,shear_xy,0,0,1,grip,1168,176.7109,3407.9698,19.286,13.294
sandwich,0.31300,0.31619,4,16,shear_xy,1,0,1,free_surface,1168,111.6731,1855.4430,16.615,7.238
sandwich,0.31300,0.31619,4,16,shear_xy,2,0,1,free_surface,1168,111.6728,1855.4379,16.615,7.238
sandwich,0.31300,0.31619,4,16,shear_xy,3,0,1,grip,1168,176.7111,3407.9633,19.286,13.294
sandwich,0.31300,0.31619,4,16,shear_xy,0,1,1,grip,1168,180.8751,2632.8864,14.556,10.271
sandwich,0.31300,0.31619,4,16,shear_xy,1,1,1,interior,1168,208.8162,3072.8652,14.716,11.987
sandwich,0.31300,0.31619,4,16,shear_xy,2,1,1,interior,1168,208.8163,3072.8653,14.716,11.987
sandwich,0.31300,0.31619,4,16,shear_xy,3,1,1,grip,1168,180.8758,2632.8909,14.556,10.271
sandwich,0.31300,0.31619,4,16,shear_xy,0,2,1,grip,1168,180.8749,2632.8823,14.556,10.271
sandwich,0.31300,0.31619,4,16,shear_xy,1,2,1,interior,1168,208.8159,3072.8612,14.716,11.987
sandwich,0.31300,0.31619,4,16,shear_xy,2,2,1,interior,1168,208.8160,3072.8613,14.716,11.987
sandwich,0.31300,0.31619,4,16,shear_xy,3,2,1,grip,1168,180.8756,2632.8868,14.556,10.271
sandwich,0.31300,0.31619,4,16,shear_xy,0,3,1,grip,1168,176.7108,3407.9752,19.286,13.294
sandwich,0.31300,0.31619,4,16,shear_xy,1,3,1,free_surface,1168,111.6724,1855.4446,16.615,7.238
sandwich,0.31300,0.31619,4,16,shear_xy,2,3,1,free_surface,1168,111.6721,1855.4395,16.615,7.238
sandwich,0.31300,0.31619,4,16,shear_xy,3,3,1,grip,1168,176.7110,3407.9686,19.286,13.294
sandwich,0.31300,0.31619,4,16,shear_xy,0,0,2,grip,1168,176.7109,3407.9698,19.286,13.294
sandwich,0.31300,0.31619,4,16,shear_xy,1,0,2,free_surface,1168,111.6731,1855.4430,16.615,7.238
sandwich,0.31300,0.31619,4,16,shear_xy,2,0,2,free_surface,1168,111.6728,1855.4379,16.615,7.238
sandwich,0.31300,0.31619,4,16,shear_xy,3,0,2,grip,1168,176.7111,3407.9633,19.286,13.294
sandwich,0.31300,0.31619,4,16,shear_xy,0,1,2,grip,1168,180.8751,2632.8864,14.556,10.271
sandwich,0.31300,0.31619,4,16,shear_xy,1,1,2,interior,1168,208.8162,3072.8652,14.716,11.987
sandwich,0.31300,0.31619,4,16,shear_xy,2,1,2,interior,1168,208.8163,3072.8653,14.716,11.987
sandwich,0.31300,0.31619,4,16,shear_xy,3,1,2,grip,1168,180.8758,2632.8909,14.556,10.271
sandwich,0.31300,0.31619,4,16,shear_xy,0,2,2,grip,1168,180.8749,2632.8823,14.556,10.271
sandwich,0.31300,0.31619,4,16,shear_xy,1,2,2,interior,1168,208.8159,3072.8612,14.716,11.987
sandwich,0.31300,0.31619,4,16,shear_xy,2,2,2,interior,1168,208.8160,3072.8613,14.716,11.987
sandwich,0.31300,0.31619,4,16,shear_xy,3,2,2,grip,1168,180.8756,2632.8868,14.556,10.271
sandwich,0.31300,0.31619,4,16,shear_xy,0,3,2,grip,1168,176.7108,3407.9752,19.286,13.294
sandwich,0.31300,0.31619,4,16,shear_xy,1,3,2,free_surface,1168,111.6724,1855.4446,16.615,7.238
sandwich,0.31300,0.31619,4,16,shear_xy,2,3,2,free_surface,1168,111.6721,1855.4395,16.615,7.238
sandwich,0.31300,0.31619,4,16,shear_xy,3,3,2,grip,1168,176.7110,3407.9686,19.286,13.294
sandwich,0.31300,0.31619,4,16,shear_xy,0,0,3,grip,1168,174.3263,3400.8125,19.508,13.266
sandwich,0.31300,0.31619,4,16,shear_xy,1,0,3,free_surface,1168,114.3536,1853.1205,16.205,7.229
sandwich,0.31300,0.31619,4,16,shear_xy,2,0,3,free_surface,1168,114.3540,1853.1172,16.205,7.229
sandwich,0.31300,0.31619,4,16,shear_xy,3,0,3,grip,1168,174.3258,3400.8009,19.508,13.266
sandwich,0.31300,0.31619,4,16,shear_xy,0,1,3,grip,1168,176.8909,2585.4801,14.616,10.086
sandwich,0.31300,0.31619,4,16,shear_xy,1,1,3,free_surface,1168,210.6220,3132.5740,14.873,12.220
sandwich,0.31300,0.31619,4,16,shear_xy,2,1,3,free_surface,1168,210.6223,3132.5785,14.873,12.220
sandwich,0.31300,0.31619,4,16,shear_xy,3,1,3,grip,1168,176.8907,2585.4839,14.616,10.086
sandwich,0.31300,0.31619,4,16,shear_xy,0,2,3,grip,1168,176.8909,2585.4819,14.616,10.086
sandwich,0.31300,0.31619,4,16,shear_xy,1,2,3,free_surface,1168,210.6220,3132.5828,14.873,12.220
sandwich,0.31300,0.31619,4,16,shear_xy,2,2,3,free_surface,1168,210.6223,3132.5874,14.873,12.220
sandwich,0.31300,0.31619,4,16,shear_xy,3,2,3,grip,1168,176.8907,2585.4858,14.616,10.086
sandwich,0.31300,0.31619,4,16,shear_xy,0,3,3,grip,1168,174.3262,3400.8129,19.508,13.266
sandwich,0.31300,0.31619,4,16,shear_xy,1,3,3,free_surface,1168,114.3535,1853.1444,16.205,7.229
sandwich,0.31300,0.31619,4,16,shear_xy,2,3,3,free_surface,1168,114.3539,1853.1411,16.205,7.229
sandwich,0.31300,0.31619,4,16,shear_xy,3,3,3,grip,1168,174.3257,3400.8013,19.508,13.266
sandwich,0.31300,0.31619,4,16,shear_diag,0,0,0,grip,1168,388.1715,5708.9524,14.707,13.037
sandwich,0.31300,0.31619,4,16,shear_diag,1,0,0,free_surface,1168,280.3032,4490.1441,16.019,10.254
sandwich,0.31300,0.31619,4,16,shear_diag,2,0,0,free_surface,1168,280.3043,4490.1254,16.019,10.254
sandwich,0.31300,0.31619,4,16,shear_diag,3,0,0,grip,1168,388.1715,5708.9614,14.707,13.037
sandwich,0.31300,0.31619,4,16,shear_diag,0,1,0,grip,1168,420.8414,5514.5471,13.104,12.593
sandwich,0.31300,0.31619,4,16,shear_diag,1,1,0,free_surface,1168,255.6030,3517.4385,13.761,8.032
sandwich,0.31300,0.31619,4,16,shear_diag,2,1,0,free_surface,1168,255.6033,3517.4760,13.761,8.033
sandwich,0.31300,0.31619,4,16,shear_diag,3,1,0,grip,1168,420.8414,5514.5464,13.104,12.593
sandwich,0.31300,0.31619,4,16,shear_diag,0,2,0,grip,1168,420.8415,5514.5496,13.104,12.593
sandwich,0.31300,0.31619,4,16,shear_diag,1,2,0,free_surface,1168,255.6029,3517.4308,13.761,8.032
sandwich,0.31300,0.31619,4,16,shear_diag,2,2,0,free_surface,1168,255.6032,3517.4683,13.761,8.033
sandwich,0.31300,0.31619,4,16,shear_diag,3,2,0,grip,1168,420.8415,5514.5490,13.104,12.593
sandwich,0.31300,0.31619,4,16,shear_diag,0,3,0,grip,1168,388.1714,5708.9498,14.707,13.037
sandwich,0.31300,0.31619,4,16,shear_diag,1,3,0,free_surface,1168,280.3031,4490.1437,16.019,10.254
sandwich,0.31300,0.31619,4,16,shear_diag,2,3,0,free_surface,1168,280.3042,4490.1251,16.019,10.254
sandwich,0.31300,0.31619,4,16,shear_diag,3,3,0,grip,1168,388.1715,5708.9589,14.707,13.037
sandwich,0.31300,0.31619,4,16,shear_diag,0,0,1,grip,1168,377.1235,5068.0571,13.439,11.573
sandwich,0.31300,0.31619,4,16,shear_diag,1,0,1,free_surface,1168,291.6981,4564.4117,15.648,10.423
sandwich,0.31300,0.31619,4,16,shear_diag,2,0,1,free_surface,1168,291.6987,4564.4281,15.648,10.423
sandwich,0.31300,0.31619,4,16,shear_diag,3,0,1,grip,1168,377.1243,5068.0468,13.439,11.573
sandwich,0.31300,0.31619,4,16,shear_diag,0,1,1,grip,1168,413.6553,5050.2793,12.209,11.533
sandwich,0.31300,0.31619,4,16,shear_diag,1,1,1,interior,1168,269.3948,3679.8107,13.660,8.403
sandwich,0.31300,0.31619,4,16,shear_diag,2,1,1,interior,1168,269.3935,3679.8140,13.660,8.403
sandwich,0.31300,0.31619,4,16,shear_diag,3,1,1,grip,1168,413.6550,5050.2800,12.209,11.533
sandwich,0.31300,0.31619,4,16,shear_diag,0,2,1,grip,1168,413.6555,5050.2847,12.209,11.533
sandwich,0.31300,0.31619,4,16,shear_diag,1,2,1,interior,1168,269.3947,3679.8067,13.660,8.403
sandwich,0.31300,0.31619,4,16,shear_diag,2,2,1,interior,1168,269.3934,3679.8100,13.660,8.403
sandwich,0.31300,0.31619,4,16,shear_diag,3,2,1,grip,1168,413.6552,5050.2854,12.209,11.533
sandwich,0.31300,0.31619,4,16,shear_diag,0,3,1,grip,1168,377.1236,5068.0564,13.439,11.573
sandwich,0.31300,0.31619,4,16,shear_diag,1,3,1,free_surface,1168,291.6981,4564.4064,15.648,10.423
sandwich,0.31300,0.31619,4,16,shear_diag,2,3,1,free_surface,1168,291.6986,4564.4228,15.648,10.423
sandwich,0.31300,0.31619,4,16,shear_diag,3,3,1,grip,1168,377.1245,5068.0461,13.439,11.573
sandwich,0.31300,0.31619,4,16,shear_diag,0,0,2,grip,1168,377.1235,5068.0571,13.439,11.573
sandwich,0.31300,0.31619,4,16,shear_diag,1,0,2,free_surface,1168,291.6981,4564.4117,15.648,10.423
sandwich,0.31300,0.31619,4,16,shear_diag,2,0,2,free_surface,1168,291.6987,4564.4281,15.648,10.423
sandwich,0.31300,0.31619,4,16,shear_diag,3,0,2,grip,1168,377.1243,5068.0468,13.439,11.573
sandwich,0.31300,0.31619,4,16,shear_diag,0,1,2,grip,1168,413.6553,5050.2793,12.209,11.533
sandwich,0.31300,0.31619,4,16,shear_diag,1,1,2,interior,1168,269.3948,3679.8107,13.660,8.403
sandwich,0.31300,0.31619,4,16,shear_diag,2,1,2,interior,1168,269.3935,3679.8140,13.660,8.403
sandwich,0.31300,0.31619,4,16,shear_diag,3,1,2,grip,1168,413.6550,5050.2800,12.209,11.533
sandwich,0.31300,0.31619,4,16,shear_diag,0,2,2,grip,1168,413.6555,5050.2847,12.209,11.533
sandwich,0.31300,0.31619,4,16,shear_diag,1,2,2,interior,1168,269.3947,3679.8067,13.660,8.403
sandwich,0.31300,0.31619,4,16,shear_diag,2,2,2,interior,1168,269.3934,3679.8100,13.660,8.403
sandwich,0.31300,0.31619,4,16,shear_diag,3,2,2,grip,1168,413.6552,5050.2854,12.209,11.533
sandwich,0.31300,0.31619,4,16,shear_diag,0,3,2,grip,1168,377.1236,5068.0564,13.439,11.573
sandwich,0.31300,0.31619,4,16,shear_diag,1,3,2,free_surface,1168,291.6981,4564.4064,15.648,10.423
sandwich,0.31300,0.31619,4,16,shear_diag,2,3,2,free_surface,1168,291.6986,4564.4228,15.648,10.423
sandwich,0.31300,0.31619,4,16,shear_diag,3,3,2,grip,1168,377.1245,5068.0461,13.439,11.573
sandwich,0.31300,0.31619,4,16,shear_diag,0,0,3,grip,1168,388.1715,5708.9524,14.707,13.037
sandwich,0.31300,0.31619,4,16,shear_diag,1,0,3,free_surface,1168,280.3032,4490.1441,16.019,10.254
sandwich,0.31300,0.31619,4,16,shear_diag,2,0,3,free_surface,1168,280.3043,4490.1254,16.019,10.254
sandwich,0.31300,0.31619,4,16,shear_diag,3,0,3,grip,1168,388.1715,5708.9614,14.707,13.037
sandwich,0.31300,0.31619,4,16,shear_diag,0,1,3,grip,1168,420.8414,5514.5471,13.104,12.593
sandwich,0.31300,0.31619,4,16,shear_diag,1,1,3,free_surface,1168,255.6030,3517.4385,13.761,8.032
sandwich,0.31300,0.31619,4,16,shear_diag,2,1,3,free_surface,1168,255.6033,3517.4760,13.761,8.033
sandwich,0.31300,0.31619,4,16,shear_diag,3,1,3,grip,1168,420.8414,5514.5464,13.104,12.593
sandwich,0.31300,0.31619,4,16,shear_diag,0,2,3,grip,1168,420.8415,5514.5496,13.104,12.593
sandwich,0.31300,0.31619,4,16,shear_diag,1,2,3,free_surface,1168,255.6029,3517.4308,13.761,8.032
sandwich,0.31300,0.31619,4,16,shear_diag,2,2,3,free_surface,1168,255.6032,3517.4683,13.761,8.033
sandwich,0.31300,0.31619,4,16,shear_diag,3,2,3,grip,1168,420.8415,5514.5490,13.104,12.593
sandwich,0.31300,0.31619,4,16,shear_diag,0,3,3,grip,1168,388.1714,5708.9498,14.707,13.037
sandwich,0.31300,0.31619,4,16,shear_diag,1,3,3,free_surface,1168,280.3031,4490.1437,16.019,10.254
sandwich,0.31300,0.31619,4,16,shear_diag,2,3,3,free_surface,1168,280.3042,4490.1251,16.019,10.254
sandwich,0.31300,0.31619,4,16,shear_diag,3,3,3,grip,1168,388.1715,5708.9589,14.707,13.037
sandwich,0.31300,0.31619,4,16,uni_111,0,0,0,grip,1168,424.3221,9434.3299,22.234,31.872
sandwich,0.31300,0.31619,4,16,uni_111,1,0,0,free_surface,1168,170.6014,3385.5481,19.845,11.437
sandwich,0.31300,0.31619,4,16,uni_111,2,0,0,free_surface,1168,68.4798,1368.3463,19.982,4.623
sandwich,0.31300,0.31619,4,16,uni_111,3,0,0,grip,1168,152.4465,3371.5995,22.117,11.390
sandwich,0.31300,0.31619,4,16,uni_111,0,1,0,grip,1168,343.9850,5787.8605,16.826,19.553
sandwich,0.31300,0.31619,4,16,uni_111,1,1,0,free_surface,1168,237.2297,4380.6403,18.466,14.799
sandwich,0.31300,0.31619,4,16,uni_111,2,1,0,free_surface,1168,141.6033,2915.1274,20.587,9.848
sandwich,0.31300,0.31619,4,16,uni_111,3,1,0,grip,1168,133.7400,3120.9344,23.336,10.544
sandwich,0.31300,0.31619,4,16,uni_111,0,2,0,grip,1168,261.3012,4447.4877,17.021,15.025
sandwich,0.31300,0.31619,4,16,uni_111,1,2,0,free_surface,1168,218.1155,3747.6847,17.182,12.661
sandwich,0.31300,0.31619,4,16,uni_111,2,2,0,free_surface,1168,178.6145,3316.6185,18.569,11.205
sandwich,0.31300,0.31619,4,16,uni_111,3,2,0,grip,1168,139.3711,2946.2800,21.140,9.953
sandwich,0.31300,0.31619,4,16,uni_111,0,3,0,grip,1168,146.7252,3313.8355,22.585,11.195
sandwich,0.31300,0.31619,4,16,uni_111,1,3,0,free_surface,1168,155.5054,2557.6947,16.448,8.641
sandwich,0.31300,0.31619,4,16,uni_111,2,3,0,free_surface,1168,155.5064,2557.7100,16.448,8.641
sandwich,0.31300,0.31619,4,16,uni_111,3,3,0,grip,1168,146.7240,3313.8368,22.586,11.195
sandwich,0.31300,0.31619,4,16,uni_111,0,0,1,grip,1168,343.9850,5787.8605,16.826,19.553
sandwich,0.31300,0.31619,4,16,uni_111,1,0,1,free_surface,1168,237.2297,4380.6403,18.466,14.799
sandwich,0.31300,0.31619,4,16,uni_111,2,0,1,free_surface,1168,141.6033,2915.1274,20.587,9.848
sandwich,0.31300,0.31619,4,16,uni_111,3,0,1,grip,1168,133.7400,3120.9344,23.336,10.544
sandwich,0.31300,0.31619,4,16,uni_111,0,1,1,grip,1168,279.7742,4447.3956,15.896,15.025
sandwich,0.31300,0.31619,4,16,uni_111,1,1,1,interior,1168,271.4173,4140.9986,15.257,13.990
sandwich,0.31300,0.31619,4,16,uni_111,2,1,1,interior,1168,210.4460,3573.1536,16.979,12.071
sandwich,0.31300,0.31619,4,16,uni_111,3,1,1,grip,1168,166.8708,3189.7322,19.115,10.776
sandwich,0.31300,0.31619,4,16,uni_111,0,2,1,grip,1168,212.7784,3445.4846,16.193,11.640
sandwich,0.31300,0.31619,4,16,uni_111,1,2,1,interior,1168,241.9259,3955.2694,16.349,13.362
sandwich,0.31300,0.31619,4,16,uni_111,2,2,1,interior,1168,241.9255,3955.2641,16.349,13.362
sandwich,0.31300,0.31619,4,16,uni_111,3,2,1,grip,1168,212.7789,3445.4903,16.193,11.640
sandwich,0.31300,0.31619,4,16,uni_111,0,3,1,grip,1168,139.3717,2946.2801,21.140,9.953
sandwich,0.31300,0.31619,4,16,uni_111,1,3,1,free_surface,1168,178.6137,3316.6147,18.569,11.205
sandwich,0.31300,0.31619,4,16,uni_111,2,3,1,free_surface,1168,218.1153,3747.6651,17.182,12.661
sandwich,0.31300,0.31619,4,16,uni_111,3,3,1,grip,1168,261.3008,4447.4853,17.021,15.025
sandwich,0.31300,0.31619,4,16,uni_111,0,0,2,grip,1168,261.3012,4447.4877,17.021,15.025
sandwich,0.31300,0.31619,4,16,uni_111,1,0,2,free_surface,1168,218.1155,3747.6847,17.182,12.661
sandwich,0.31300,0.31619,4,16,uni_111,2,0,2,free_surface,1168,178.6145,3316.6185,18.569,11.205
sandwich,0.31300,0.31619,4,16,uni_111,3,0,2,grip,1168,139.3711,2946.2800,21.140,9.953
sandwich,0.31300,0.31619,4,16,uni_111,0,1,2,grip,1168,212.7784,3445.4846,16.193,11.640
sandwich,0.31300,0.31619,4,16,uni_111,1,1,2,interior,1168,241.9259,3955.2694,16.349,13.362
sandwich,0.31300,0.31619,4,16,uni_111,2,1,2,interior,1168,241.9255,3955.2641,16.349,13.362
sandwich,0.31300,0.31619,4,16,uni_111,3,1,2,grip,1168,212.7789,3445.4903,16.193,11.640
sandwich,0.31300,0.31619,4,16,uni_111,0,2,2,grip,1168,166.8703,3189.7283,19.115,10.776
sandwich,0.31300,0.31619,4,16,uni_111,1,2,2,interior,1168,210.4461,3573.1619,16.979,12.071
sandwich,0.31300,0.31619,4,16,uni_111,2,2,2,interior,1168,271.4170,4140.9899,15.257,13.990
sandwich,0.31300,0.31619,4,16,uni_111,3,2,2,grip,1168,279.7744,4447.4010,15.896,15.025
sandwich,0.31300,0.31619,4,16,uni_111,0,3,2,grip,1168,133.7403,3120.9429,23.336,10.544
sandwich,0.31300,0.31619,4,16,uni_111,1,3,2,free_surface,1168,141.6031,2915.1356,20.587,9.848
sandwich,0.31300,0.31619,4,16,uni_111,2,3,2,free_surface,1168,237.2301,4380.6416,18.466,14.799
sandwich,0.31300,0.31619,4,16,uni_111,3,3,2,grip,1168,343.9851,5787.8674,16.826,19.553
sandwich,0.31300,0.31619,4,16,uni_111,0,0,3,grip,1168,146.7252,3313.8355,22.585,11.195
sandwich,0.31300,0.31619,4,16,uni_111,1,0,3,free_surface,1168,155.5054,2557.6947,16.448,8.641
sandwich,0.31300,0.31619,4,16,uni_111,2,0,3,free_surface,1168,155.5064,2557.7100,16.448,8.641
sandwich,0.31300,0.31619,4,16,uni_111,3,0,3,grip,1168,146.7240,3313.8368,22.586,11.195
sandwich,0.31300,0.31619,4,16,uni_111,0,1,3,grip,1168,139.3717,2946.2801,21.140,9.953
sandwich,0.31300,0.31619,4,16,uni_111,1,1,3,free_surface,1168,178.6137,3316.6147,18.569,11.205
sandwich,0.31300,0.31619,4,16,uni_111,2,1,3,free_surface,1168,218.1153,3747.6651,17.182,12.661
sandwich,0.31300,0.31619,4,16,uni_111,3,1,3,grip,1168,261.3008,4447.4853,17.021,15.025
sandwich,0.31300,0.31619,4,16,uni_111,0,2,3,grip,1168,133.7403,3120.9429,23.336,10.544
sandwich,0.31300,0.31619,4,16,uni_111,1,2,3,free_surface,1168,141.6031,2915.1356,20.587,9.848
sandwich,0.31300,0.31619,4,16,uni_111,2,2,3,free_surface,1168,237.2301,4380.6416,18.466,14.799
sandwich,0.31300,0.31619,4,16,uni_111,3,2,3,grip,1168,343.9851,5787.8674,16.826,19.553
sandwich,0.31300,0.31619,4,16,uni_111,0,3,3,grip,1168,152.4472,3371.5990,22.117,11.390
sandwich,0.31300,0.31619,4,16,uni_111,1,3,3,free_surface,1168,68.4799,1368.3464,19.982,4.623
sandwich,0.31300,0.31619,4,16,uni_111,2,3,3,free_surface,1168,170.6025,3385.5673,19.845,11.438
sandwich,0.31300,0.31619,4,16,uni_111,3,3,3,grip,1168,424.3211,9434.3273,22.234,31.872
sandwich,0.31300,0.31619,4,16,hydro,0,0,0,grip,1168,431.6038,11265.6289,26.102,-1.000
sandwich,0.31300,0.31619,4,16,hydro,1,0,0,free_surface,1168,272.0353,5403.5309,19.863,-1.000
sandwich,0.31300,0.31619,4,16,hydro,2,0,0,free_surface,1168,272.0365,5403.5600,19.863,-1.000
sandwich,0.31300,0.31619,4,16,hydro,3,0,0,grip,1168,431.6028,11265.6462,26.102,-1.000
sandwich,0.31300,0.31619,4,16,hydro,0,1,0,grip,1168,333.2527,7025.7621,21.082,-1.000
sandwich,0.31300,0.31619,4,16,hydro,1,1,0,free_surface,1168,335.7842,6425.1398,19.135,-1.000
sandwich,0.31300,0.31619,4,16,hydro,2,1,0,free_surface,1168,335.7847,6425.1583,19.135,-1.000
sandwich,0.31300,0.31619,4,16,hydro,3,1,0,grip,1168,333.2522,7025.7619,21.082,-1.000
sandwich,0.31300,0.31619,4,16,hydro,0,2,0,grip,1168,333.2528,7025.7601,21.082,-1.000
sandwich,0.31300,0.31619,4,16,hydro,1,2,0,free_surface,1168,335.7844,6425.1377,19.135,-1.000
sandwich,0.31300,0.31619,4,16,hydro,2,2,0,free_surface,1168,335.7849,6425.1562,19.135,-1.000
sandwich,0.31300,0.31619,4,16,hydro,3,2,0,grip,1168,333.2523,7025.7598,21.082,-1.000
sandwich,0.31300,0.31619,4,16,hydro,0,3,0,grip,1168,431.6039,11265.6280,26.102,-1.000
sandwich,0.31300,0.31619,4,16,hydro,1,3,0,free_surface,1168,272.0354,5403.5411,19.863,-1.000
sandwich,0.31300,0.31619,4,16,hydro,2,3,0,free_surface,1168,272.0367,5403.5702,19.863,-1.000
sandwich,0.31300,0.31619,4,16,hydro,3,3,0,grip,1168,431.6028,11265.6453,26.102,-1.000
sandwich,0.31300,0.31619,4,16,hydro,0,0,1,grip,1168,333.2527,7025.7621,21.082,-1.000
sandwich,0.31300,0.31619,4,16,hydro,1,0,1,free_surface,1168,335.7842,6425.1398,19.135,-1.000
sandwich,0.31300,0.31619,4,16,hydro,2,0,1,free_surface,1168,335.7847,6425.1583,19.135,-1.000
sandwich,0.31300,0.31619,4,16,hydro,3,0,1,grip,1168,333.2522,7025.7619,21.082,-1.000
sandwich,0.31300,0.31619,4,16,hydro,0,1,1,grip,1168,174.4062,5396.3646,30.941,-1.000
sandwich,0.31300,0.31619,4,16,hydro,1,1,1,interior,1168,384.4105,6730.9680,17.510,-1.000
sandwich,0.31300,0.31619,4,16,hydro,2,1,1,interior,1168,384.4090,6730.9242,17.510,-1.000
sandwich,0.31300,0.31619,4,16,hydro,3,1,1,grip,1168,174.4060,5396.3612,30.941,-1.000
sandwich,0.31300,0.31619,4,16,hydro,0,2,1,grip,1168,174.4065,5396.3672,30.941,-1.000
sandwich,0.31300,0.31619,4,16,hydro,1,2,1,interior,1168,384.4107,6730.9686,17.510,-1.000
sandwich,0.31300,0.31619,4,16,hydro,2,2,1,interior,1168,384.4092,6730.9248,17.510,-1.000
sandwich,0.31300,0.31619,4,16,hydro,3,2,1,grip,1168,174.4063,5396.3638,30.941,-1.000
sandwich,0.31300,0.31619,4,16,hydro,0,3,1,grip,1168,333.2527,7025.7568,21.082,-1.000
sandwich,0.31300,0.31619,4,16,hydro,1,3,1,free_surface,1168,335.7842,6425.1455,19.135,-1.000
sandwich,0.31300,0.31619,4,16,hydro,2,3,1,free_surface,1168,335.7847,6425.1640,19.135,-1.000
sandwich,0.31300,0.31619,4,16,hydro,3,3,1,grip,1168,333.2522,7025.7565,21.082,-1.000
sandwich,0.31300,0.31619,4,16,hydro,0,0,2,grip,1168,333.2528,7025.7601,21.082,-1.000
sandwich,0.31300,0.31619,4,16,hydro,1,0,2,free_surface,1168,335.7844,6425.1377,19.135,-1.000
sandwich,0.31300,0.31619,4,16,hydro,2,0,2,free_surface,1168,335.7849,6425.1562,19.135,-1.000
sandwich,0.31300,0.31619,4,16,hydro,3,0,2,grip,1168,333.2523,7025.7598,21.082,-1.000
sandwich,0.31300,0.31619,4,16,hydro,0,1,2,grip,1168,174.4065,5396.3672,30.941,-1.000
sandwich,0.31300,0.31619,4,16,hydro,1,1,2,interior,1168,384.4107,6730.9686,17.510,-1.000
sandwich,0.31300,0.31619,4,16,hydro,2,1,2,interior,1168,384.4092,6730.9248,17.510,-1.000
sandwich,0.31300,0.31619,4,16,hydro,3,1,2,grip,1168,174.4063,5396.3638,30.941,-1.000
sandwich,0.31300,0.31619,4,16,hydro,0,2,2,grip,1168,174.4068,5396.3686,30.941,-1.000
sandwich,0.31300,0.31619,4,16,hydro,1,2,2,interior,1168,384.4108,6730.9630,17.510,-1.000
sandwich,0.31300,0.31619,4,16,hydro,2,2,2,interior,1168,384.4093,6730.9192,17.510,-1.000
sandwich,0.31300,0.31619,4,16,hydro,3,2,2,grip,1168,174.4066,5396.3652,30.941,-1.000
sandwich,0.31300,0.31619,4,16,hydro,0,3,2,grip,1168,333.2528,7025.7547,21.082,-1.000
sandwich,0.31300,0.31619,4,16,hydro,1,3,2,free_surface,1168,335.7844,6425.1434,19.135,-1.000
sandwich,0.31300,0.31619,4,16,hydro,2,3,2,free_surface,1168,335.7849,6425.1619,19.135,-1.000
sandwich,0.31300,0.31619,4,16,hydro,3,3,2,grip,1168,333.2523,7025.7544,21.082,-1.000
sandwich,0.31300,0.31619,4,16,hydro,0,0,3,grip,1168,431.6039,11265.6280,26.102,-1.000
sandwich,0.31300,0.31619,4,16,hydro,1,0,3,free_surface,1168,272.0354,5403.5411,19.863,-1.000
sandwich,0.31300,0.31619,4,16,hydro,2,0,3,free_surface,1168,272.0367,5403.5702,19.863,-1.000
sandwich,0.31300,0.31619,4,16,hydro,3,0,3,grip,1168,431.6028,11265.6453,26.102,-1.000
sandwich,0.31300,0.31619,4,16,hydro,0,1,3,grip,1168,333.2527,7025.7568,21.082,-1.000
sandwich,0.31300,0.31619,4,16,hydro,1,1,3,free_surface,1168,335.7842,6425.1455,19.135,-1.000
sandwich,0.31300,0.31619,4,16,hydro,2,1,3,free_surface,1168,335.7847,6425.1640,19.135,-1.000
sandwich,0.31300,0.31619,4,16,hydro,3,1,3,grip,1168,333.2522,7025.7565,21.082,-1.000
sandwich,0.31300,0.31619,4,16,hydro,0,2,3,grip,1168,333.2528,7025.7547,21.082,-1.000
sandwich,0.31300,0.31619,4,16,hydro,1,2,3,free_surface,1168,335.7844,6425.1434,19.135,-1.000
sandwich,0.31300,0.31619,4,16,hydro,2,2,3,free_surface,1168,335.7849,6425.1619,19.135,-1.000
sandwich,0.31300,0.31619,4,16,hydro,3,2,3,grip,1168,333.2523,7025.7544,21.082,-1.000
sandwich,0.31300,0.31619,4,16,hydro,0,3,3,grip,1168,431.6039,11265.6271,26.102,-1.000
sandwich,0.31300,0.31619,4,16,hydro,1,3,3,free_surface,1168,272.0356,5403.5443,19.863,-1.000
sandwich,0.31300,0.31619,4,16,hydro,2,3,3,free_surface,1168,272.0369,5403.5733,19.863,-1.000
sandwich,0.31300,0.31619,4,16,hydro,3,3,3,grip,1168,431.6029,11265.6444,26.102,-1.000
sandwich,0.45000,0.44394,4,16,uni_x,0,0,0,grip,1728,579.4854,6119.3332,10.560,12.341
sandwich,0.45000,0.44394,4,16,uni_x,1,0,0,free_surface,1728,596.7382,6027.0875,10.100,12.155
sandwich,0.45000,0.44394,4,16,uni_x,2,0,0,free_surface,1728,596.7370,6027.0506,10.100,12.154
sandwich,0.45000,0.44394,4,16,uni_x,3,0,0,grip,1728,579.4849,6119.3375,10.560,12.341
sandwich,0.45000,0.44394,4,16,uni_x,0,1,0,grip,1728,538.4346,6004.5267,11.152,12.109
sandwich,0.45000,0.44394,4,16,uni_x,1,1,0,free_surface,1728,624.5280,6205.2835,9.936,12.514
sandwich,0.45000,0.44394,4,16,uni_x,2,1,0,free_surface,1728,624.5282,6205.2898,9.936,12.514
sandwich,0.45000,0.44394,4,16,uni_x,3,1,0,grip,1728,538.4357,6004.5391,11.152,12.109
sandwich,0.45000,0.44394,4,16,uni_x,0,2,0,grip,1728,538.4346,6004.5267,11.152,12.109
sandwich,0.45000,0.44394,4,16,uni_x,1,2,0,free_surface,1728,624.5280,6205.2835,9.936,12.514
sandwich,0.45000,0.44394,4,16,uni_x,2,2,0,free_surface,1728,624.5282,6205.2898,9.936,12.514
sandwich,0.45000,0.44394,4,16,uni_x,3,2,0,grip,1728,538.4357,6004.5391,11.152,12.109
sandwich,0.45000,0.44394,4,16,uni_x,0,3,0,grip,1728,579.4854,6119.3332,10.560,12.341
sandwich,0.45000,0.44394,4,16,uni_x,1,3,0,free_surface,1728,596.7382,6027.0875,10.100,12.155
sandwich,0.45000,0.44394,4,16,uni_x,2,3,0,free_surface,1728,596.7370,6027.0506,10.100,12.154
sandwich,0.45000,0.44394,4,16,uni_x,3,3,0,grip,1728,579.4849,6119.3375,10.560,12.341
sandwich,0.45000,0.44394,4,16,uni_x,0,0,1,grip,1728,538.4346,6004.5267,11.152,12.109
sandwich,0.45000,0.44394,4,16,uni_x,1,0,1,free_surface,1728,624.5280,6205.2835,9.936,12.514
sandwich,0.45000,0.44394,4,16,uni_x,2,0,1,free_surface,1728,624.5282,6205.2898,9.936,12.514
sandwich,0.45000,0.44394,4,16,uni_x,3,0,1,grip,1728,538.4357,6004.5391,11.152,12.109
sandwich,0.45000,0.44394,4,16,uni_x,0,1,1,grip,1728,490.4669,5633.6705,11.486,11.361
sandwich,0.45000,0.44394,4,16,uni_x,1,1,1,interior,1728,648.6453,6301.4289,9.715,12.708
sandwich,0.45000,0.44394,4,16,uni_x,2,1,1,interior,1728,648.6434,6301.4413,9.715,12.708
sandwich,0.45000,0.44394,4,16,uni_x,3,1,1,grip,1728,490.4653,5633.6730,11.486,11.361
sandwich,0.45000,0.44394,4,16,uni_x,0,2,1,grip,1728,490.4669,5633.6705,11.486,11.361
sandwich,0.45000,0.44394,4,16,uni_x,1,2,1,interior,1728,648.6453,6301.4289,9.715,12.708
sandwich,0.45000,0.44394,4,16,uni_x,2,2,1,interior,1728,648.6434,6301.4413,9.715,12.708
sandwich,0.45000,0.44394,4,16,uni_x,3,2,1,grip,1728,490.4653,5633.6730,11.486,11.361
sandwich,0.45000,0.44394,4,16,uni_x,0,3,1,grip,1728,538.4346,6004.5267,11.152,12.109
sandwich,0.45000,0.44394,4,16,uni_x,1,3,1,free_surface,1728,624.5280,6205.2835,9.936,12.514
sandwich,0.45000,0.44394,4,16,uni_x,2,3,1,free_surface,1728,624.5282,6205.2898,9.936,12.514
sandwich,0.45000,0.44394,4,16,uni_x,3,3,1,grip,1728,538.4357,6004.5391,11.152,12.109
sandwich,0.45000,0.44394,4,16,uni_x,0,0,2,grip,1728,538.4346,6004.5267,11.152,12.109
sandwich,0.45000,0.44394,4,16,uni_x,1,0,2,free_surface,1728,624.5280,6205.2835,9.936,12.514
sandwich,0.45000,0.44394,4,16,uni_x,2,0,2,free_surface,1728,624.5282,6205.2898,9.936,12.514
sandwich,0.45000,0.44394,4,16,uni_x,3,0,2,grip,1728,538.4357,6004.5391,11.152,12.109
sandwich,0.45000,0.44394,4,16,uni_x,0,1,2,grip,1728,490.4669,5633.6705,11.486,11.361
sandwich,0.45000,0.44394,4,16,uni_x,1,1,2,interior,1728,648.6453,6301.4289,9.715,12.708
sandwich,0.45000,0.44394,4,16,uni_x,2,1,2,interior,1728,648.6434,6301.4413,9.715,12.708
sandwich,0.45000,0.44394,4,16,uni_x,3,1,2,grip,1728,490.4653,5633.6730,11.486,11.361
sandwich,0.45000,0.44394,4,16,uni_x,0,2,2,grip,1728,490.4669,5633.6705,11.486,11.361
sandwich,0.45000,0.44394,4,16,uni_x,1,2,2,interior,1728,648.6453,6301.4289,9.715,12.708
sandwich,0.45000,0.44394,4,16,uni_x,2,2,2,interior,1728,648.6434,6301.4413,9.715,12.708
sandwich,0.45000,0.44394,4,16,uni_x,3,2,2,grip,1728,490.4653,5633.6730,11.486,11.361
sandwich,0.45000,0.44394,4,16,uni_x,0,3,2,grip,1728,538.4346,6004.5267,11.152,12.109
sandwich,0.45000,0.44394,4,16,uni_x,1,3,2,free_surface,1728,624.5280,6205.2835,9.936,12.514
sandwich,0.45000,0.44394,4,16,uni_x,2,3,2,free_surface,1728,624.5282,6205.2898,9.936,12.514
sandwich,0.45000,0.44394,4,16,uni_x,3,3,2,grip,1728,538.4357,6004.5391,11.152,12.109
sandwich,0.45000,0.44394,4,16,uni_x,0,0,3,grip,1728,579.4854,6119.3332,10.560,12.341
sandwich,0.45000,0.44394,4,16,uni_x,1,0,3,free_surface,1728,596.7382,6027.0875,10.100,12.155
sandwich,0.45000,0.44394,4,16,uni_x,2,0,3,free_surface,1728,596.7370,6027.0506,10.100,12.154
sandwich,0.45000,0.44394,4,16,uni_x,3,0,3,grip,1728,579.4849,6119.3375,10.560,12.341
sandwich,0.45000,0.44394,4,16,uni_x,0,1,3,grip,1728,538.4346,6004.5267,11.152,12.109
sandwich,0.45000,0.44394,4,16,uni_x,1,1,3,free_surface,1728,624.5280,6205.2835,9.936,12.514
sandwich,0.45000,0.44394,4,16,uni_x,2,1,3,free_surface,1728,624.5282,6205.2898,9.936,12.514
sandwich,0.45000,0.44394,4,16,uni_x,3,1,3,grip,1728,538.4357,6004.5391,11.152,12.109
sandwich,0.45000,0.44394,4,16,uni_x,0,2,3,grip,1728,538.4346,6004.5267,11.152,12.109
sandwich,0.45000,0.44394,4,16,uni_x,1,2,3,free_surface,1728,624.5280,6205.2835,9.936,12.514
sandwich,0.45000,0.44394,4,16,uni_x,2,2,3,free_surface,1728,624.5282,6205.2898,9.936,12.514
sandwich,0.45000,0.44394,4,16,uni_x,3,2,3,grip,1728,538.4357,6004.5391,11.152,12.109
sandwich,0.45000,0.44394,4,16,uni_x,0,3,3,grip,1728,579.4854,6119.3332,10.560,12.341
sandwich,0.45000,0.44394,4,16,uni_x,1,3,3,free_surface,1728,596.7382,6027.0875,10.100,12.155
sandwich,0.45000,0.44394,4,16,uni_x,2,3,3,free_surface,1728,596.7370,6027.0506,10.100,12.154
sandwich,0.45000,0.44394,4,16,uni_x,3,3,3,grip,1728,579.4849,6119.3375,10.560,12.341
sandwich,0.45000,0.44394,4,16,uni_z,0,0,0,grip,1728,476.6818,6041.5643,12.674,12.184
sandwich,0.45000,0.44394,4,16,uni_z,1,0,0,free_surface,1728,55.5090,1082.8176,19.507,2.184
sandwich,0.45000,0.44394,4,16,uni_z,2,0,0,free_surface,1728,55.5090,1082.8176,19.507,2.184
sandwich,0.45000,0.44394,4,16,uni_z,3,0,0,grip,1728,476.6818,6041.5643,12.674,12.184
sandwich,0.45000,0.44394,4,16,uni_z,0,1,0,grip,1728,471.2734,5694.5271,12.083,11.484
sandwich,0.45000,0.44394,4,16,uni_z,1,1,0,free_surface,1728,57.6062,1002.9191,17.410,2.023
sandwich,0.45000,0.44394,4,16,uni_z,2,1,0,free_surface,1728,57.6062,1002.9191,17.410,2.023
sandwich,0.45000,0.44394,4,16,uni_z,3,1,0,grip,1728,471.2734,5694.5271,12.083,11.484
sandwich,0.45000,0.44394,4,16,uni_z,0,2,0,grip,1728,471.2734,5694.5271,12.083,11.484
sandwich,0.45000,0.44394,4,16,uni_z,1,2,0,free_surface,1728,57.6062,1002.9191,17.410,2.023
sandwich,0.45000,0.44394,4,16,uni_z,2,2,0,free_surface,1728,57.6062,1002.9191,17.410,2.023
sandwich,0.45000,0.44394,4,16,uni_z,3,2,0,grip,1728,471.2734,5694.5271,12.083,11.484
sandwich,0.45000,0.44394,4,16,uni_z,0,3,0,grip,1728,476.6818,6041.5643,12.674,12.184
sandwich,0.45000,0.44394,4,16,uni_z,1,3,0,free_surface,1728,55.5090,1082.8176,19.507,2.184
sandwich,0.45000,0.44394,4,16,uni_z,2,3,0,free_surface,1728,55.5090,1082.8176,19.507,2.184
sandwich,0.45000,0.44394,4,16,uni_z,3,3,0,grip,1728,476.6818,6041.5643,12.674,12.184
sandwich,0.45000,0.44394,4,16,uni_z,0,0,1,grip,1728,477.7538,5483.6300,11.478,11.059
sandwich,0.45000,0.44394,4,16,uni_z,1,0,1,free_surface,1728,117.7872,1688.8165,14.338,3.406
sandwich,0.45000,0.44394,4,16,uni_z,2,0,1,free_surface,1728,117.7872,1688.8165,14.338,3.406
sandwich,0.45000,0.44394,4,16,uni_z,3,0,1,grip,1728,477.7538,5483.6300,11.478,11.059
sandwich,0.45000,0.44394,4,16,uni_z,0,1,1,grip,1728,475.7247,5491.4688,11.543,11.074
sandwich,0.45000,0.44394,4,16,uni_z,1,1,1,interior,1728,119.7128,1708.8856,14.275,3.446
sandwich,0.45000,0.44394,4,16,uni_z,2,1,1,interior,1728,119.7128,1708.8856,14.275,3.446
sandwich,0.45000,0.44394,4,16,uni_z,3,1,1,grip,1728,475.7247,5491.4688,11.543,11.074
sandwich,0.45000,0.44394,4,16,uni_z,0,2,1,grip,1728,475.7247,5491.4688,11.543,11.074
sandwich,0.45000,0.44394,4,16,uni_z,1,2,1,interior,1728,119.7128,1708.8856,14.275,3.446
sandwich,0.45000,0.44394,4,16,uni_z,2,2,1,interior,1728,119.7128,1708.8856,14.275,3.446
sandwich,0.45000,0.44394,4,16,uni_z,3,2,1,grip,1728,475.7247,5491.4688,11.543,11.074
sandwich,0.45000,0.44394,4,16,uni_z,0,3,1,grip,1728,477.7538,5483.6300,11.478,11.059
sandwich,0.45000,0.44394,4,16,uni_z,1,3,1,free_surface,1728,117.7872,1688.8165,14.338,3.406
sandwich,0.45000,0.44394,4,16,uni_z,2,3,1,free_surface,1728,117.7872,1688.8165,14.338,3.406
sandwich,0.45000,0.44394,4,16,uni_z,3,3,1,grip,1728,477.7538,5483.6300,11.478,11.059
sandwich,0.45000,0.44394,4,16,uni_z,0,0,2,grip,1728,477.7538,5483.6261,11.478,11.059
sandwich,0.45000,0.44394,4,16,uni_z,1,0,2,free_surface,1728,117.7873,1688.8200,14.338,3.406
sandwich,0.45000,0.44394,4,16,uni_z,2,0,2,free_surface,1728,117.7873,1688.8200,14.338,3.406
sandwich,0.45000,0.44394,4,16,uni_z,3,0,2,grip,1728,477.7538,5483.6261,11.478,11.059
sandwich,0.45000,0.44394,4,16,uni_z,0,1,2,grip,1728,475.7251,5491.4674,11.543,11.074
sandwich,0.45000,0.44394,4,16,uni_z,1,1,2,interior,1728,119.7141,1708.8821,14.275,3.446
sandwich,0.45000,0.44394,4,16,uni_z,2,1,2,interior,1728,119.7141,1708.8821,14.275,3.446
sandwich,0.45000,0.44394,4,16,uni_z,3,1,2,grip,1728,475.7251,5491.4674,11.543,11.074
sandwich,0.45000,0.44394,4,16,uni_z,0,2,2,grip,1728,475.7251,5491.4674,11.543,11.074
sandwich,0.45000,0.44394,4,16,uni_z,1,2,2,interior,1728,119.7141,1708.8821,14.275,3.446
sandwich,0.45000,0.44394,4,16,uni_z,2,2,2,interior,1728,119.7141,1708.8821,14.275,3.446
sandwich,0.45000,0.44394,4,16,uni_z,3,2,2,grip,1728,475.7251,5491.4674,11.543,11.074
sandwich,0.45000,0.44394,4,16,uni_z,0,3,2,grip,1728,477.7538,5483.6261,11.478,11.059
sandwich,0.45000,0.44394,4,16,uni_z,1,3,2,free_surface,1728,117.7873,1688.8200,14.338,3.406
sandwich,0.45000,0.44394,4,16,uni_z,2,3,2,free_surface,1728,117.7873,1688.8200,14.338,3.406
sandwich,0.45000,0.44394,4,16,uni_z,3,3,2,grip,1728,477.7538,5483.6261,11.478,11.059
sandwich,0.45000,0.44394,4,16,uni_z,0,0,3,grip,1728,476.6820,6041.5669,12.674,12.184
sandwich,0.45000,0.44394,4,16,uni_z,1,0,3,free_surface,1728,55.5095,1082.8210,19.507,2.184
sandwich,0.45000,0.44394,4,16,uni_z,2,0,3,free_surface,1728,55.5095,1082.8210,19.507,2.184
sandwich,0.45000,0.44394,4,16,uni_z,3,0,3,grip,1728,476.6820,6041.5669,12.674,12.184
sandwich,0.45000,0.44394,4,16,uni_z,0,1,3,grip,1728,471.2739,5694.5292,12.083,11.484
sandwich,0.45000,0.44394,4,16,uni_z,1,1,3,free_surface,1728,57.6076,1002.9142,17.409,2.023
sandwich,0.45000,0.44394,4,16,uni_z,2,1,3,free_surface,1728,57.6076,1002.9142,17.409,2.023
sandwich,0.45000,0.44394,4,16,uni_z,3,1,3,grip,1728,471.2739,5694.5292,12.083,11.484
sandwich,0.45000,0.44394,4,16,uni_z,0,2,3,grip,1728,471.2739,5694.5292,12.083,11.484
sandwich,0.45000,0.44394,4,16,uni_z,1,2,3,free_surface,1728,57.6076,1002.9142,17.409,2.023
sandwich,0.45000,0.44394,4,16,uni_z,2,2,3,free_surface,1728,57.6076,1002.9142,17.409,2.023
sandwich,0.45000,0.44394,4,16,uni_z,3,2,3,grip,1728,471.2739,5694.5292,12.083,11.484
sandwich,0.45000,0.44394,4,16,uni_z,0,3,3,grip,1728,476.6820,6041.5669,12.674,12.184
sandwich,0.45000,0.44394,4,16,uni_z,1,3,3,free_surface,1728,55.5095,1082.8210,19.507,2.184
sandwich,0.45000,0.44394,4,16,uni_z,2,3,3,free_surface,1728,55.5095,1082.8210,19.507,2.184
sandwich,0.45000,0.44394,4,16,uni_z,3,3,3,grip,1728,476.6820,6041.5669,12.674,12.184
sandwich,0.45000,0.44394,4,16,biax_xy,0,0,0,grip,1728,719.1363,9219.0590,12.820,18.592
sandwich,0.45000,0.44394,4,16,biax_xy,1,0,0,free_surface,1728,589.0896,6795.6724,11.536,13.705
sandwich,0.45000,0.44394,4,16,biax_xy,2,0,0,free_surface,1728,589.0885,6795.6353,11.536,13.704
sandwich,0.45000,0.44394,4,16,biax_xy,3,0,0,grip,1728,719.1369,9219.0576,12.820,18.592
sandwich,0.45000,0.44394,4,16,biax_xy,0,1,0,grip,1728,541.1569,6304.9035,11.651,12.715
sandwich,0.45000,0.44394,4,16,biax_xy,1,1,0,free_surface,1728,703.1228,7511.6128,10.683,15.148
sandwich,0.45000,0.44394,4,16,biax_xy,2,1,0,free_surface,1728,703.1230,7511.6183,10.683,15.148
sandwich,0.45000,0.44394,4,16,biax_xy,3,1,0,grip,1728,541.1571,6304.8899,11.651,12.715
sandwich,0.45000,0.44394,4,16,biax_xy,0,2,0,grip,1728,541.1573,6304.8997,11.651,12.715
sandwich,0.45000,0.44394,4,16,biax_xy,1,2,0,free_surface,1728,703.1228,7511.6071,10.683,15.148
sandwich,0.45000,0.44394,4,16,biax_xy,2,2,0,free_surface,1728,703.1230,7511.6125,10.683,15.148
sandwich,0.45000,0.44394,4,16,biax_xy,3,2,0,grip,1728,541.1575,6304.8861,11.651,12.715
sandwich,0.45000,0.44394,4,16,biax_xy,0,3,0,grip,1728,719.1366,9219.0614,12.820,18.592
sandwich,0.45000,0.44394,4,16,biax_xy,1,3,0,free_surface,1728,589.0898,6795.6702,11.536,13.705
sandwich,0.45000,0.44394,4,16,biax_xy,2,3,0,free_surface,1728,589.0887,6795.6331,11.536,13.704
sandwich,0.45000,0.44394,4,16,biax_xy,3,3,0,grip,1728,719.1373,9219.0600,12.820,18.592
sandwich,0.45000,0.44394,4,16,biax_xy,0,0,1,grip,1728,665.6430,8051.8733,12.096,16.238
sandwich,0.45000,0.44394,4,16,biax_xy,1,0,1,free_surface,1728,624.0578,7028.7078,11.263,14.174
sandwich,0.45000,0.44394,4,16,biax_xy,2,0,1,free_surface,1728,624.0580,7028.6560,11.263,14.174
sandwich,0.45000,0.44394,4,16,biax_xy,3,0,1,grip,1728,665.6431,8051.8753,12.096,16.238
sandwich,0.45000,0.44394,4,16,biax_xy,0,1,1,grip,1728,459.2474,6315.4037,13.752,12.736
sandwich,0.45000,0.44394,4,16,biax_xy,1,1,1,interior,1728,726.3591,7645.3717,10.526,15.418
sandwich,0.45000,0.44394,4,16,biax_xy,2,1,1,interior,1728,726.3571,7645.3836,10.526,15.418
sandwich,0.45000,0.44394,4,16,biax_xy,3,1,1,grip,1728,459.2462,6315.3793,13.752,12.736
sandwich,0.45000,0.44394,4,16,biax_xy,0,2,1,grip,1728,459.2480,6315.4025,13.752,12.736
sandwich,0.45000,0.44394,4,16,biax_xy,1,2,1,interior,1728,726.3592,7645.3680,10.526,15.418
sandwich,0.45000,0.44394,4,16,biax_xy,2,2,1,interior,1728,726.3573,7645.3799,10.526,15.418
sandwich,0.45000,0.44394,4,16,biax_xy,3,2,1,grip,1728,459.2467,6315.3781,13.752,12.736
sandwich,0.45000,0.44394,4,16,biax_xy,0,3,1,grip,1728,665.6432,8051.8689,12.096,16.238
sandwich,0.45000,0.44394,4,16,biax_xy,1,3,1,free_surface,1728,624.0583,7028.7060,11.263,14.174
sandwich,0.45000,0.44394,4,16,biax_xy,2,3,1,free_surface,1728,624.0584,7028.6541,11.263,14.174
sandwich,0.45000,0.44394,4,16,biax_xy,3,3,1,grip,1728,665.6434,8051.8708,12.096,16.238
sandwich,0.45000,0.44394,4,16,biax_xy,0,0,2,grip,1728,665.6430,8051.8733,12.096,16.238
sandwich,0.45000,0.44394,4,16,biax_xy,1,0,2,free_surface,1728,624.0578,7028.7078,11.263,14.174
sandwich,0.45000,0.44394,4,16,biax_xy,2,0,2,free_surface,1728,624.0580,7028.6560,11.263,14.174
sandwich,0.45000,0.44394,4,16,biax_xy,3,0,2,grip,1728,665.6431,8051.8753,12.096,16.238
sandwich,0.45000,0.44394,4,16,biax_xy,0,1,2,grip,1728,459.2474,6315.4037,13.752,12.736
sandwich,0.45000,0.44394,4,16,biax_xy,1,1,2,interior,1728,726.3591,7645.3717,10.526,15.418
sandwich,0.45000,0.44394,4,16,biax_xy,2,1,2,interior,1728,726.3571,7645.3836,10.526,15.418
sandwich,0.45000,0.44394,4,16,biax_xy,3,1,2,grip,1728,459.2462,6315.3793,13.752,12.736
sandwich,0.45000,0.44394,4,16,biax_xy,0,2,2,grip,1728,459.2480,6315.4025,13.752,12.736
sandwich,0.45000,0.44394,4,16,biax_xy,1,2,2,interior,1728,726.3592,7645.3680,10.526,15.418
sandwich,0.45000,0.44394,4,16,biax_xy,2,2,2,interior,1728,726.3573,7645.3799,10.526,15.418
sandwich,0.45000,0.44394,4,16,biax_xy,3,2,2,grip,1728,459.2467,6315.3781,13.752,12.736
sandwich,0.45000,0.44394,4,16,biax_xy,0,3,2,grip,1728,665.6432,8051.8689,12.096,16.238
sandwich,0.45000,0.44394,4,16,biax_xy,1,3,2,free_surface,1728,624.0583,7028.7060,11.263,14.174
sandwich,0.45000,0.44394,4,16,biax_xy,2,3,2,free_surface,1728,624.0584,7028.6541,11.263,14.174
sandwich,0.45000,0.44394,4,16,biax_xy,3,3,2,grip,1728,665.6434,8051.8708,12.096,16.238
sandwich,0.45000,0.44394,4,16,biax_xy,0,0,3,grip,1728,719.1363,9219.0590,12.820,18.592
sandwich,0.45000,0.44394,4,16,biax_xy,1,0,3,free_surface,1728,589.0896,6795.6724,11.536,13.705
sandwich,0.45000,0.44394,4,16,biax_xy,2,0,3,free_surface,1728,589.0885,6795.6353,11.536,13.704
sandwich,0.45000,0.44394,4,16,biax_xy,3,0,3,grip,1728,719.1369,9219.0576,12.820,18.592
sandwich,0.45000,0.44394,4,16,biax_xy,0,1,3,grip,1728,541.1569,6304.9035,11.651,12.715
sandwich,0.45000,0.44394,4,16,biax_xy,1,1,3,free_surface,1728,703.1228,7511.6128,10.683,15.148
sandwich,0.45000,0.44394,4,16,biax_xy,2,1,3,free_surface,1728,703.1230,7511.6183,10.683,15.148
sandwich,0.45000,0.44394,4,16,biax_xy,3,1,3,grip,1728,541.1571,6304.8899,11.651,12.715
sandwich,0.45000,0.44394,4,16,biax_xy,0,2,3,grip,1728,541.1573,6304.8997,11.651,12.715
sandwich,0.45000,0.44394,4,16,biax_xy,1,2,3,free_surface,1728,703.1228,7511.6071,10.683,15.148
sandwich,0.45000,0.44394,4,16,biax_xy,2,2,3,free_surface,1728,703.1230,7511.6125,10.683,15.148
sandwich,0.45000,0.44394,4,16,biax_xy,3,2,3,grip,1728,541.1575,6304.8861,11.651,12.715
sandwich,0.45000,0.44394,4,16,biax_xy,0,3,3,grip,1728,719.1366,9219.0614,12.820,18.592
sandwich,0.45000,0.44394,4,16,biax_xy,1,3,3,free_surface,1728,589.0898,6795.6702,11.536,13.705
sandwich,0.45000,0.44394,4,16,biax_xy,2,3,3,free_surface,1728,589.0887,6795.6331,11.536,13.704
sandwich,0.45000,0.44394,4,16,biax_xy,3,3,3,grip,1728,719.1373,9219.0600,12.820,18.592
sandwich,0.45000,0.44394,4,16,shear_xy,0,0,0,grip,1728,324.1943,4100.4306,12.648,9.718
sandwich,0.45000,0.44394,4,16,shear_xy,1,0,0,free_surface,1728,211.7723,2039.0521,9.629,4.832
sandwich,0.45000,0.44394,4,16,shear_xy,2,0,0,free_surface,1728,211.7732,2039.0622,9.629,4.832
sandwich,0.45000,0.44394,4,16,shear_xy,3,0,0,grip,1728,324.1942,4100.4351,12.648,9.718
sandwich,0.45000,0.44394,4,16,shear_xy,0,1,0,grip,1728,324.0759,2695.6089,8.318,6.388
sandwich,0.45000,0.44394,4,16,shear_xy,1,1,0,free_surface,1728,375.3249,3362.4196,8.959,7.969
sandwich,0.45000,0.44394,4,16,shear_xy,2,1,0,free_surface,1728,375.3256,3362.4308,8.959,7.969
sandwich,0.45000,0.44394,4,16,shear_xy,3,1,0,grip,1728,324.0752,2695.5936,8.318,6.388
sandwich,0.45000,0.44394,4,16,shear_xy,0,2,0,grip,1728,324.0759,2695.6094,8.318,6.388
sandwich,0.45000,0.44394,4,16,shear_xy,1,2,0,free_surface,1728,375.3261,3362.4322,8.959,7.969
sandwich,0.45000,0.44394,4,16,shear_xy,2,2,0,free_surface,1728,375.3268,3362.4433,8.959,7.969
sandwich,0.45000,0.44394,4,16,shear_xy,3,2,0,grip,1728,324.0752,2695.5941,8.318,6.388
sandwich,0.45000,0.44394,4,16,shear_xy,0,3,0,grip,1728,324.1934,4100.4213,12.648,9.718
sandwich,0.45000,0.44394,4,16,shear_xy,1,3,0,free_surface,1728,211.7726,2039.0632,9.629,4.832
sandwich,0.45000,0.44394,4,16,shear_xy,2,3,0,free_surface,1728,211.7735,2039.0733,9.629,4.832
sandwich,0.45000,0.44394,4,16,shear_xy,3,3,0,grip,1728,324.1933,4100.4258,12.648,9.718
sandwich,0.45000,0.44394,4,16,shear_xy,0,0,1,grip,1728,327.1144,4098.4883,12.529,9.713
sandwich,0.45000,0.44394,4,16,shear_xy,1,0,1,free_surface,1728,208.6827,2040.2636,9.777,4.835
sandwich,0.45000,0.44394,4,16,shear_xy,2,0,1,free_surface,1728,208.6820,2040.2612,9.777,4.835
sandwich,0.45000,0.44394,4,16,shear_xy,3,0,1,grip,1728,327.1146,4098.5040,12.529,9.713
sandwich,0.45000,0.44394,4,16,shear_xy,0,1,1,grip,1728,330.7968,2639.5580,7.979,6.256
sandwich,0.45000,0.44394,4,16,shear_xy,1,1,1,interior,1728,372.8646,3075.3374,8.248,7.288
sandwich,0.45000,0.44394,4,16,shear_xy,2,1,1,interior,1728,372.8646,3075.3381,8.248,7.288
sandwich,0.45000,0.44394,4,16,shear_xy,3,1,1,grip,1728,330.7967,2639.5572,7.979,6.256
sandwich,0.45000,0.44394,4,16,shear_xy,0,2,1,grip,1728,330.7967,2639.5584,7.979,6.256
sandwich,0.45000,0.44394,4,16,shear_xy,1,2,1,interior,1728,372.8652,3075.3470,8.248,7.288
sandwich,0.45000,0.44394,4,16,shear_xy,2,2,1,interior,1728,372.8653,3075.3478,8.248,7.288
sandwich,0.45000,0.44394,4,16,shear_xy,3,2,1,grip,1728,330.7967,2639.5576,7.979,6.256
sandwich,0.45000,0.44394,4,16,shear_xy,0,3,1,grip,1728,327.1140,4098.4922,12.529,9.713
sandwich,0.45000,0.44394,4,16,shear_xy,1,3,1,free_surface,1728,208.6829,2040.2660,9.777,4.835
sandwich,0.45000,0.44394,4,16,shear_xy,2,3,1,free_surface,1728,208.6823,2040.2636,9.777,4.835
sandwich,0.45000,0.44394,4,16,shear_xy,3,3,1,grip,1728,327.1142,4098.5079,12.529,9.713
sandwich,0.45000,0.44394,4,16,shear_xy,0,0,2,grip,1728,327.1144,4098.4883,12.529,9.713
sandwich,0.45000,0.44394,4,16,shear_xy,1,0,2,free_surface,1728,208.6827,2040.2636,9.777,4.835
sandwich,0.45000,0.44394,4,16,shear_xy,2,0,2,free_surface,1728,208.6820,2040.2612,9.777,4.835
sandwich,0.45000,0.44394,4,16,shear_xy,3,0,2,grip,1728,327.1146,4098.5040,12.529,9.713
sandwich,0.45000,0.44394,4,16,shear_xy,0,1,2,grip,1728,330.7968,2639.5580,7.979,6.256
sandwich,0.45000,0.44394,4,16,shear_xy,1,1,2,interior,1728,372.8646,3075.3374,8.248,7.288
sandwich,0.45000,0.44394,4,16,shear_xy,2,1,2,interior,1728,372.8646,3075.3381,8.248,7.288
sandwich,0.45000,0.44394,4,16,shear_xy,3,1,2,grip,1728,330.7967,2639.5572,7.979,6.256
sandwich,0.45000,0.44394,4,16,shear_xy,0,2,2,grip,1728,330.7967,2639.5584,7.979,6.256
sandwich,0.45000,0.44394,4,16,shear_xy,1,2,2,interior,1728,372.8652,3075.3470,8.248,7.288
sandwich,0.45000,0.44394,4,16,shear_xy,2,2,2,interior,1728,372.8653,3075.3478,8.248,7.288
sandwich,0.45000,0.44394,4,16,shear_xy,3,2,2,grip,1728,330.7967,2639.5576,7.979,6.256
sandwich,0.45000,0.44394,4,16,shear_xy,0,3,2,grip,1728,327.1140,4098.4922,12.529,9.713
sandwich,0.45000,0.44394,4,16,shear_xy,1,3,2,free_surface,1728,208.6829,2040.2660,9.777,4.835
sandwich,0.45000,0.44394,4,16,shear_xy,2,3,2,free_surface,1728,208.6823,2040.2636,9.777,4.835
sandwich,0.45000,0.44394,4,16,shear_xy,3,3,2,grip,1728,327.1142,4098.5079,12.529,9.713
sandwich,0.45000,0.44394,4,16,shear_xy,0,0,3,grip,1728,324.1943,4100.4306,12.648,9.718
sandwich,0.45000,0.44394,4,16,shear_xy,1,0,3,free_surface,1728,211.7723,2039.0521,9.629,4.832
sandwich,0.45000,0.44394,4,16,shear_xy,2,0,3,free_surface,1728,211.7732,2039.0622,9.629,4.832
sandwich,0.45000,0.44394,4,16,shear_xy,3,0,3,grip,1728,324.1942,4100.4351,12.648,9.718
sandwich,0.45000,0.44394,4,16,shear_xy,0,1,3,grip,1728,324.0759,2695.6089,8.318,6.388
sandwich,0.45000,0.44394,4,16,shear_xy,1,1,3,free_surface,1728,375.3249,3362.4196,8.959,7.969
sandwich,0.45000,0.44394,4,16,shear_xy,2,1,3,free_surface,1728,375.3256,3362.4308,8.959,7.969
sandwich,0.45000,0.44394,4,16,shear_xy,3,1,3,grip,1728,324.0752,2695.5936,8.318,6.388
sandwich,0.45000,0.44394,4,16,shear_xy,0,2,3,grip,1728,324.0759,2695.6094,8.318,6.388
sandwich,0.45000,0.44394,4,16,shear_xy,1,2,3,free_surface,1728,375.3261,3362.4322,8.959,7.969
sandwich,0.45000,0.44394,4,16,shear_xy,2,2,3,free_surface,1728,375.3268,3362.4433,8.959,7.969
sandwich,0.45000,0.44394,4,16,shear_xy,3,2,3,grip,1728,324.0752,2695.5941,8.318,6.388
sandwich,0.45000,0.44394,4,16,shear_xy,0,3,3,grip,1728,324.1934,4100.4213,12.648,9.718
sandwich,0.45000,0.44394,4,16,shear_xy,1,3,3,free_surface,1728,211.7726,2039.0632,9.629,4.832
sandwich,0.45000,0.44394,4,16,shear_xy,2,3,3,free_surface,1728,211.7735,2039.0733,9.629,4.832
sandwich,0.45000,0.44394,4,16,shear_xy,3,3,3,grip,1728,324.1933,4100.4258,12.648,9.718
sandwich,0.45000,0.44394,4,16,shear_diag,0,0,0,grip,1728,780.3210,6872.2976,8.807,8.002
sandwich,0.45000,0.44394,4,16,shear_diag,1,0,0,free_surface,1728,609.3676,6347.0901,10.416,7.390
sandwich,0.45000,0.44394,4,16,shear_diag,2,0,0,free_surface,1728,609.3664,6347.0739,10.416,7.390
sandwich,0.45000,0.44394,4,16,shear_diag,3,0,0,grip,1728,780.3196,6872.2764,8.807,8.001
sandwich,0.45000,0.44394,4,16,shear_diag,0,1,0,grip,1728,862.2472,6536.2353,7.580,7.610
sandwich,0.45000,0.44394,4,16,shear_diag,1,1,0,free_surface,1728,559.8540,5191.6278,9.273,6.045
sandwich,0.45000,0.44394,4,16,shear_diag,2,1,0,free_surface,1728,559.8542,5191.6298,9.273,6.045
sandwich,0.45000,0.44394,4,16,shear_diag,3,1,0,grip,1728,862.2484,6536.2430,7.580,7.610
sandwich,0.45000,0.44394,4,16,shear_diag,0,2,0,grip,1728,862.2470,6536.2275,7.580,7.610
sandwich,0.45000,0.44394,4,16,shear_diag,1,2,0,free_surface,1728,559.8540,5191.6276,9.273,6.045
sandwich,0.45000,0.44394,4,16,shear_diag,2,2,0,free_surface,1728,559.8542,5191.6297,9.273,6.045
sandwich,0.45000,0.44394,4,16,shear_diag,3,2,0,grip,1728,862.2482,6536.2352,7.580,7.610
sandwich,0.45000,0.44394,4,16,shear_diag,0,3,0,grip,1728,780.3208,6872.2985,8.807,8.002
sandwich,0.45000,0.44394,4,16,shear_diag,1,3,0,free_surface,1728,609.3675,6347.0935,10.416,7.390
sandwich,0.45000,0.44394,4,16,shear_diag,2,3,0,free_surface,1728,609.3663,6347.0773,10.416,7.390
sandwich,0.45000,0.44394,4,16,shear_diag,3,3,0,grip,1728,780.3194,6872.2774,8.807,8.001
sandwich,0.45000,0.44394,4,16,shear_diag,0,0,1,grip,1728,762.1944,6540.4052,8.581,7.615
sandwich,0.45000,0.44394,4,16,shear_diag,1,0,1,free_surface,1728,630.2851,6396.1582,10.148,7.447
sandwich,0.45000,0.44394,4,16,shear_diag,2,0,1,free_surface,1728,630.2853,6396.1677,10.148,7.447
sandwich,0.45000,0.44394,4,16,shear_diag,3,0,1,grip,1728,762.1957,6540.4428,8.581,7.615
sandwich,0.45000,0.44394,4,16,shear_diag,0,1,1,grip,1728,850.1973,6214.3103,7.309,7.235
sandwich,0.45000,0.44394,4,16,shear_diag,1,1,1,interior,1728,585.2745,5322.8962,9.095,6.198
sandwich,0.45000,0.44394,4,16,shear_diag,2,1,1,interior,1728,585.2728,5322.8533,9.095,6.197
sandwich,0.45000,0.44394,4,16,shear_diag,3,1,1,grip,1728,850.1961,6214.2704,7.309,7.235
sandwich,0.45000,0.44394,4,16,shear_diag,0,2,1,grip,1728,850.1973,6214.3084,7.309,7.235
sandwich,0.45000,0.44394,4,16,shear_diag,1,2,1,interior,1728,585.2749,5322.8941,9.095,6.198
sandwich,0.45000,0.44394,4,16,shear_diag,2,2,1,interior,1728,585.2731,5322.8512,9.095,6.197
sandwich,0.45000,0.44394,4,16,shear_diag,3,2,1,grip,1728,850.1961,6214.2686,7.309,7.235
sandwich,0.45000,0.44394,4,16,shear_diag,0,3,1,grip,1728,762.1949,6540.4009,8.581,7.615
sandwich,0.45000,0.44394,4,16,shear_diag,1,3,1,free_surface,1728,630.2849,6396.1531,10.148,7.447
sandwich,0.45000,0.44394,4,16,shear_diag,2,3,1,free_surface,1728,630.2851,6396.1626,10.148,7.447
sandwich,0.45000,0.44394,4,16,shear_diag,3,3,1,grip,1728,762.1962,6540.4386,8.581,7.615
sandwich,0.45000,0.44394,4,16,shear_diag,0,0,2,grip,1728,762.1944,6540.4052,8.581,7.615
sandwich,0.45000,0.44394,4,16,shear_diag,1,0,2,free_surface,1728,630.2851,6396.1582,10.148,7.447
sandwich,0.45000,0.44394,4,16,shear_diag,2,0,2,free_surface,1728,630.2853,6396.1677,10.148,7.447
sandwich,0.45000,0.44394,4,16,shear_diag,3,0,2,grip,1728,762.1957,6540.4428,8.581,7.615
sandwich,0.45000,0.44394,4,16,shear_diag,0,1,2,grip,1728,850.1973,6214.3103,7.309,7.235
sandwich,0.45000,0.44394,4,16,shear_diag,1,1,2,interior,1728,585.2745,5322.8962,9.095,6.198
sandwich,0.45000,0.44394,4,16,shear_diag,2,1,2,interior,1728,585.2728,5322.8533,9.095,6.197
sandwich,0.45000,0.44394,4,16,shear_diag,3,1,2,grip,1728,850.1961,6214.2704,7.309,7.235
sandwich,0.45000,0.44394,4,16,shear_diag,0,2,2,grip,1728,850.1973,6214.3084,7.309,7.235
sandwich,0.45000,0.44394,4,16,shear_diag,1,2,2,interior,1728,585.2749,5322.8941,9.095,6.198
sandwich,0.45000,0.44394,4,16,shear_diag,2,2,2,interior,1728,585.2731,5322.8512,9.095,6.197
sandwich,0.45000,0.44394,4,16,shear_diag,3,2,2,grip,1728,850.1961,6214.2686,7.309,7.235
sandwich,0.45000,0.44394,4,16,shear_diag,0,3,2,grip,1728,762.1949,6540.4009,8.581,7.615
sandwich,0.45000,0.44394,4,16,shear_diag,1,3,2,free_surface,1728,630.2849,6396.1531,10.148,7.447
sandwich,0.45000,0.44394,4,16,shear_diag,2,3,2,free_surface,1728,630.2851,6396.1626,10.148,7.447
sandwich,0.45000,0.44394,4,16,shear_diag,3,3,2,grip,1728,762.1962,6540.4386,8.581,7.615
sandwich,0.45000,0.44394,4,16,shear_diag,0,0,3,grip,1728,780.3210,6872.2976,8.807,8.002
sandwich,0.45000,0.44394,4,16,shear_diag,1,0,3,free_surface,1728,609.3676,6347.0901,10.416,7.390
sandwich,0.45000,0.44394,4,16,shear_diag,2,0,3,free_surface,1728,609.3664,6347.0739,10.416,7.390
sandwich,0.45000,0.44394,4,16,shear_diag,3,0,3,grip,1728,780.3196,6872.2764,8.807,8.001
sandwich,0.45000,0.44394,4,16,shear_diag,0,1,3,grip,1728,862.2472,6536.2353,7.580,7.610
sandwich,0.45000,0.44394,4,16,shear_diag,1,1,3,free_surface,1728,559.8540,5191.6278,9.273,6.045
sandwich,0.45000,0.44394,4,16,shear_diag,2,1,3,free_surface,1728,559.8542,5191.6298,9.273,6.045
sandwich,0.45000,0.44394,4,16,shear_diag,3,1,3,grip,1728,862.2484,6536.2430,7.580,7.610
sandwich,0.45000,0.44394,4,16,shear_diag,0,2,3,grip,1728,862.2470,6536.2275,7.580,7.610
sandwich,0.45000,0.44394,4,16,shear_diag,1,2,3,free_surface,1728,559.8540,5191.6276,9.273,6.045
sandwich,0.45000,0.44394,4,16,shear_diag,2,2,3,free_surface,1728,559.8542,5191.6297,9.273,6.045
sandwich,0.45000,0.44394,4,16,shear_diag,3,2,3,grip,1728,862.2482,6536.2352,7.580,7.610
sandwich,0.45000,0.44394,4,16,shear_diag,0,3,3,grip,1728,780.3208,6872.2985,8.807,8.002
sandwich,0.45000,0.44394,4,16,shear_diag,1,3,3,free_surface,1728,609.3675,6347.0935,10.416,7.390
sandwich,0.45000,0.44394,4,16,shear_diag,2,3,3,free_surface,1728,609.3663,6347.0773,10.416,7.390
sandwich,0.45000,0.44394,4,16,shear_diag,3,3,3,grip,1728,780.3194,6872.2774,8.807,8.001
sandwich,0.45000,0.44394,4,16,uni_111,0,0,0,grip,1728,778.8393,10892.8940,13.986,22.357
sandwich,0.45000,0.44394,4,16,uni_111,1,0,0,free_surface,1728,337.2472,3931.5637,11.658,8.069
sandwich,0.45000,0.44394,4,16,uni_111,2,0,0,free_surface,1728,135.5387,1976.6520,14.584,4.057
sandwich,0.45000,0.44394,4,16,uni_111,3,0,0,grip,1728,253.5734,4042.1108,15.941,8.296
sandwich,0.45000,0.44394,4,16,uni_111,0,1,0,grip,1728,624.1880,6694.8228,10.726,13.741
sandwich,0.45000,0.44394,4,16,uni_111,1,1,0,free_surface,1728,442.9906,4849.7963,10.948,9.954
sandwich,0.45000,0.44394,4,16,uni_111,2,1,0,free_surface,1728,275.9640,3435.4021,12.449,7.051
sandwich,0.45000,0.44394,4,16,uni_111,3,1,0,grip,1728,219.5032,3351.3597,15.268,6.878
sandwich,0.45000,0.44394,4,16,uni_111,0,2,0,grip,1728,476.9914,5302.7732,11.117,10.884
sandwich,0.45000,0.44394,4,16,uni_111,1,2,0,free_surface,1728,415.7280,4196.9472,10.095,8.614
sandwich,0.45000,0.44394,4,16,uni_111,2,2,0,free_surface,1728,335.9314,3766.8727,11.213,7.731
sandwich,0.45000,0.44394,4,16,uni_111,3,2,0,grip,1728,239.7964,2974.0081,12.402,6.104
sandwich,0.45000,0.44394,4,16,uni_111,0,3,0,grip,1728,267.1295,4214.9210,15.779,8.651
sandwich,0.45000,0.44394,4,16,uni_111,1,3,0,free_surface,1728,304.8223,3206.7728,10.520,6.582
sandwich,0.45000,0.44394,4,16,uni_111,2,3,0,free_surface,1728,304.8223,3206.7690,10.520,6.582
sandwich,0.45000,0.44394,4,16,uni_111,3,3,0,grip,1728,267.1281,4214.9101,15.779,8.651
sandwich,0.45000,0.44394,4,16,uni_111,0,0,1,grip,1728,624.1880,6694.8228,10.726,13.741
sandwich,0.45000,0.44394,4,16,uni_111,1,0,1,free_surface,1728,442.9906,4849.7963,10.948,9.954
sandwich,0.45000,0.44394,4,16,uni_111,2,0,1,free_surface,1728,275.9640,3435.4021,12.449,7.051
sandwich,0.45000,0.44394,4,16,uni_111,3,0,1,grip,1728,219.5032,3351.3597,15.268,6.878
sandwich,0.45000,0.44394,4,16,uni_111,0,1,1,grip,1728,501.5991,5158.8439,10.285,10.588
sandwich,0.45000,0.44394,4,16,uni_111,1,1,1,interior,1728,498.2262,4608.2824,9.249,9.458
sandwich,0.45000,0.44394,4,16,uni_111,2,1,1,interior,1728,401.0759,4076.1827,10.163,8.366
sandwich,0.45000,0.44394,4,16,uni_111,3,1,1,grip,1728,288.3797,3340.5471,11.584,6.856
sandwich,0.45000,0.44394,4,16,uni_111,0,2,1,grip,1728,379.0487,3981.8604,10.505,8.172
sandwich,0.45000,0.44394,4,16,uni_111,1,2,1,interior,1728,451.4410,4372.7572,9.686,8.975
sandwich,0.45000,0.44394,4,16,uni_111,2,2,1,interior,1728,451.4405,4372.7454,9.686,8.975
sandwich,0.45000,0.44394,4,16,uni_111,3,2,1,grip,1728,379.0484,3981.8602,10.505,8.172
sandwich,0.45000,0.44394,4,16,uni_111,0,3,1,grip,1728,239.7964,2974.0066,12.402,6.104
sandwich,0.45000,0.44394,4,16,uni_111,1,3,1,free_surface,1728,335.9286,3766.8365,11.213,7.731
sandwich,0.45000,0.44394,4,16,uni_111,2,3,1,free_surface,1728,415.7270,4196.9293,10.095,8.614
sandwich,0.45000,0.44394,4,16,uni_111,3,3,1,grip,1728,476.9896,5302.7874,11.117,10.884
sandwich,0.45000,0.44394,4,16,uni_111,0,0,2,grip,1728,476.9914,5302.7732,11.117,10.884
sandwich,0.45000,0.44394,4,16,uni_111,1,0,2,free_surface,1728,415.7280,4196.9472,10.095,8.614
sandwich,0.45000,0.44394,4,16,uni_111,2,0,2,free_surface,1728,335.9314,3766.8727,11.213,7.731
sandwich,0.45000,0.44394,4,16,uni_111,3,0,2,grip,1728,239.7964,2974.0081,12.402,6.104
sandwich,0.45000,0.44394,4,16,uni_111,0,1,2,grip,1728,379.0487,3981.8604,10.505,8.172
sandwich,0.45000,0.44394,4,16,uni_111,1,1,2,interior,1728,451.4410,4372.7572,9.686,8.975
sandwich,0.45000,0.44394,4,16,uni_111,2,1,2,interior,1728,451.4405,4372.7454,9.686,8.975
sandwich,0.45000,0.44394,4,16,uni_111,3,1,2,grip,1728,379.0484,3981.8602,10.505,8.172
sandwich,0.45000,0.44394,4,16,uni_111,0,2,2,grip,1728,288.3791,3340.5501,11.584,6.856
sandwich,0.45000,0.44394,4,16,uni_111,1,2,2,interior,1728,401.0768,4076.1983,10.163,8.366
sandwich,0.45000,0.44394,4,16,uni_111,2,2,2,interior,1728,498.2259,4608.2934,9.249,9.458
sandwich,0.45000,0.44394,4,16,uni_111,3,2,2,grip,1728,501.5987,5158.8443,10.285,10.588
sandwich,0.45000,0.44394,4,16,uni_111,0,3,2,grip,1728,219.5036,3351.3523,15.268,6.878
sandwich,0.45000,0.44394,4,16,uni_111,1,3,2,free_surface,1728,275.9646,3435.4147,12.449,7.051
sandwich,0.45000,0.44394,4,16,uni_111,2,3,2,free_surface,1728,442.9920,4849.8010,10.948,9.954
sandwich,0.45000,0.44394,4,16,uni_111,3,3,2,grip,1728,624.1878,6694.8235,10.726,13.741
sandwich,0.45000,0.44394,4,16,uni_111,0,0,3,grip,1728,267.1295,4214.9210,15.779,8.651
sandwich,0.45000,0.44394,4,16,uni_111,1,0,3,free_surface,1728,304.8223,3206.7728,10.520,6.582
sandwich,0.45000,0.44394,4,16,uni_111,2,0,3,free_surface,1728,304.8223,3206.7690,10.520,6.582
sandwich,0.45000,0.44394,4,16,uni_111,3,0,3,grip,1728,267.1281,4214.9101,15.779,8.651
sandwich,0.45000,0.44394,4,16,uni_111,0,1,3,grip,1728,239.7964,2974.0066,12.402,6.104
sandwich,0.45000,0.44394,4,16,uni_111,1,1,3,free_surface,1728,335.9286,3766.8365,11.213,7.731
sandwich,0.45000,0.44394,4,16,uni_111,2,1,3,free_surface,1728,415.7270,4196.9293,10.095,8.614
sandwich,0.45000,0.44394,4,16,uni_111,3,1,3,grip,1728,476.9896,5302.7874,11.117,10.884
sandwich,0.45000,0.44394,4,16,uni_111,0,2,3,grip,1728,219.5036,3351.3523,15.268,6.878
sandwich,0.45000,0.44394,4,16,uni_111,1,2,3,free_surface,1728,275.9646,3435.4147,12.449,7.051
sandwich,0.45000,0.44394,4,16,uni_111,2,2,3,free_surface,1728,442.9920,4849.8010,10.948,9.954
sandwich,0.45000,0.44394,4,16,uni_111,3,2,3,grip,1728,624.1878,6694.8235,10.726,13.741
sandwich,0.45000,0.44394,4,16,uni_111,0,3,3,grip,1728,253.5730,4042.1286,15.941,8.296
sandwich,0.45000,0.44394,4,16,uni_111,1,3,3,free_surface,1728,135.5400,1976.6478,14.583,4.057
sandwich,0.45000,0.44394,4,16,uni_111,2,3,3,free_surface,1728,337.2478,3931.5711,11.658,8.069
sandwich,0.45000,0.44394,4,16,uni_111,3,3,3,grip,1728,778.8390,10892.8722,13.986,22.357
sandwich,0.45000,0.44394,4,16,hydro,0,0,0,grip,1728,793.8222,13478.6865,16.979,-1.000
sandwich,0.45000,0.44394,4,16,hydro,1,0,0,free_surface,1728,579.3170,7421.3304,12.810,-1.000
sandwich,0.45000,0.44394,4,16,hydro,2,0,0,free_surface,1728,579.3160,7421.2933,12.810,-1.000
sandwich,0.45000,0.44394,4,16,hydro,3,0,0,grip,1728,793.8238,13478.6850,16.979,-1.000
sandwich,0.45000,0.44394,4,16,hydro,0,1,0,grip,1728,602.1856,8269.3849,13.732,-1.000
sandwich,0.45000,0.44394,4,16,hydro,1,1,0,free_surface,1728,697.6720,8300.2841,11.897,-1.000
sandwich,0.45000,0.44394,4,16,hydro,2,1,0,free_surface,1728,697.6721,8300.2891,11.897,-1.000
sandwich,0.45000,0.44394,4,16,hydro,3,1,0,grip,1728,602.1851,8269.3758,13.732,-1.000
sandwich,0.45000,0.44394,4,16,hydro,0,2,0,grip,1728,602.1863,8269.3888,13.732,-1.000
sandwich,0.45000,0.44394,4,16,hydro,1,2,0,free_surface,1728,697.6720,8300.2783,11.897,-1.000
sandwich,0.45000,0.44394,4,16,hydro,2,2,0,free_surface,1728,697.6722,8300.2834,11.897,-1.000
sandwich,0.45000,0.44394,4,16,hydro,3,2,0,grip,1728,602.1857,8269.3796,13.732,-1.000
sandwich,0.45000,0.44394,4,16,hydro,0,3,0,grip,1728,793.8228,13478.6870,16.979,-1.000
sandwich,0.45000,0.44394,4,16,hydro,1,3,0,free_surface,1728,579.3171,7421.3281,12.810,-1.000
sandwich,0.45000,0.44394,4,16,hydro,2,3,0,free_surface,1728,579.3161,7421.2910,12.810,-1.000
sandwich,0.45000,0.44394,4,16,hydro,3,3,0,grip,1728,793.8244,13478.6855,16.979,-1.000
sandwich,0.45000,0.44394,4,16,hydro,0,0,1,grip,1728,602.1856,8269.3849,13.732,-1.000
sandwich,0.45000,0.44394,4,16,hydro,1,0,1,free_surface,1728,697.6720,8300.2841,11.897,-1.000
sandwich,0.45000,0.44394,4,16,hydro,2,0,1,free_surface,1728,697.6721,8300.2891,11.897,-1.000
sandwich,0.45000,0.44394,4,16,hydro,3,0,1,grip,1728,602.1851,8269.3758,13.732,-1.000
sandwich,0.45000,0.44394,4,16,hydro,0,1,1,grip,1728,283.6454,6731.2757,23.731,-1.000
sandwich,0.45000,0.44394,4,16,hydro,1,1,1,interior,1728,793.4021,8753.4556,11.033,-1.000
sandwich,0.45000,0.44394,4,16,hydro,2,1,1,interior,1728,793.4001,8753.4675,11.033,-1.000
sandwich,0.45000,0.44394,4,16,hydro,3,1,1,grip,1728,283.6441,6731.2516,23.731,-1.000
sandwich,0.45000,0.44394,4,16,hydro,0,2,1,grip,1728,283.6457,6731.2765,23.731,-1.000
sandwich,0.45000,0.44394,4,16,hydro,1,2,1,interior,1728,793.4020,8753.4546,11.033,-1.000
sandwich,0.45000,0.44394,4,16,hydro,2,2,1,interior,1728,793.4000,8753.4666,11.033,-1.000
sandwich,0.45000,0.44394,4,16,hydro,3,2,1,grip,1728,283.6445,6731.2524,23.731,-1.000
sandwich,0.45000,0.44394,4,16,hydro,0,3,1,grip,1728,602.1856,8269.3823,13.732,-1.000
sandwich,0.45000,0.44394,4,16,hydro,1,3,1,free_surface,1728,697.6722,8300.2809,11.897,-1.000
sandwich,0.45000,0.44394,4,16,hydro,2,3,1,free_surface,1728,697.6723,8300.2859,11.897,-1.000
sandwich,0.45000,0.44394,4,16,hydro,3,3,1,grip,1728,602.1850,8269.3731,13.732,-1.000
sandwich,0.45000,0.44394,4,16,hydro,0,0,2,grip,1728,602.1863,8269.3888,13.732,-1.000
sandwich,0.45000,0.44394,4,16,hydro,1,0,2,free_surface,1728,697.6720,8300.2783,11.897,-1.000
sandwich,0.45000,0.44394,4,16,hydro,2,0,2,free_surface,1728,697.6722,8300.2834,11.897,-1.000
sandwich,0.45000,0.44394,4,16,hydro,3,0,2,grip,1728,602.1857,8269.3796,13.732,-1.000
sandwich,0.45000,0.44394,4,16,hydro,0,1,2,grip,1728,283.6457,6731.2765,23.731,-1.000
sandwich,0.45000,0.44394,4,16,hydro,1,1,2,interior,1728,793.4020,8753.4546,11.033,-1.000
sandwich,0.45000,0.44394,4,16,hydro,2,1,2,interior,1728,793.4000,8753.4666,11.033,-1.000
sandwich,0.45000,0.44394,4,16,hydro,3,1,2,grip,1728,283.6445,6731.2524,23.731,-1.000
sandwich,0.45000,0.44394,4,16,hydro,0,2,2,grip,1728,283.6461,6731.2752,23.731,-1.000
sandwich,0.45000,0.44394,4,16,hydro,1,2,2,interior,1728,793.4019,8753.4510,11.033,-1.000
sandwich,0.45000,0.44394,4,16,hydro,2,2,2,interior,1728,793.3999,8753.4629,11.033,-1.000
sandwich,0.45000,0.44394,4,16,hydro,3,2,2,grip,1728,283.6448,6731.2511,23.731,-1.000
sandwich,0.45000,0.44394,4,16,hydro,0,3,2,grip,1728,602.1862,8269.3862,13.732,-1.000
sandwich,0.45000,0.44394,4,16,hydro,1,3,2,free_surface,1728,697.6722,8300.2751,11.897,-1.000
sandwich,0.45000,0.44394,4,16,hydro,2,3,2,free_surface,1728,697.6723,8300.2802,11.897,-1.000
sandwich,0.45000,0.44394,4,16,hydro,3,3,2,grip,1728,602.1857,8269.3770,13.732,-1.000
sandwich,0.45000,0.44394,4,16,hydro,0,0,3,grip,1728,793.8228,13478.6870,16.979,-1.000
sandwich,0.45000,0.44394,4,16,hydro,1,0,3,free_surface,1728,579.3171,7421.3281,12.810,-1.000
sandwich,0.45000,0.44394,4,16,hydro,2,0,3,free_surface,1728,579.3161,7421.2910,12.810,-1.000
sandwich,0.45000,0.44394,4,16,hydro,3,0,3,grip,1728,793.8244,13478.6855,16.979,-1.000
sandwich,0.45000,0.44394,4,16,hydro,0,1,3,grip,1728,602.1856,8269.3823,13.732,-1.000
sandwich,0.45000,0.44394,4,16,hydro,1,1,3,free_surface,1728,697.6722,8300.2809,11.897,-1.000
sandwich,0.45000,0.44394,4,16,hydro,2,1,3,free_surface,1728,697.6723,8300.2859,11.897,-1.000
sandwich,0.45000,0.44394,4,16,hydro,3,1,3,grip,1728,602.1850,8269.3731,13.732,-1.000
sandwich,0.45000,0.44394,4,16,hydro,0,2,3,grip,1728,602.1862,8269.3862,13.732,-1.000
sandwich,0.45000,0.44394,4,16,hydro,1,2,3,free_surface,1728,697.6722,8300.2751,11.897,-1.000
sandwich,0.45000,0.44394,4,16,hydro,2,2,3,free_surface,1728,697.6723,8300.2802,11.897,-1.000
sandwich,0.45000,0.44394,4,16,hydro,3,2,3,grip,1728,602.1857,8269.3770,13.732,-1.000
sandwich,0.45000,0.44394,4,16,hydro,0,3,3,grip,1728,793.8235,13478.6875,16.979,-1.000
sandwich,0.45000,0.44394,4,16,hydro,1,3,3,free_surface,1728,579.3173,7421.3237,12.810,-1.000
sandwich,0.45000,0.44394,4,16,hydro,2,3,3,free_surface,1728,579.3163,7421.2866,12.810,-1.000
sandwich,0.45000,0.44394,4,16,hydro,3,3,3,grip,1728,793.8251,13478.6861,16.979,-1.000
sandwich,0.60000,0.60004,4,16,uni_x,0,0,0,grip,2448,1198.6956,7199.7616,6.006,7.740
sandwich,0.60000,0.60004,4,16,uni_x,1,0,0,free_surface,2448,1230.3974,6972.0608,5.667,7.495
sandwich,0.60000,0.60004,4,16,uni_x,2,0,0,free_surface,2448,1230.3963,6972.0518,5.667,7.495
sandwich,0.60000,0.60004,4,16,uni_x,3,0,0,grip,2448,1198.6952,7199.7690,6.006,7.740
sandwich,0.60000,0.60004,4,16,uni_x,0,1,0,grip,2448,1122.2138,7030.9508,6.265,7.559
sandwich,0.60000,0.60004,4,16,uni_x,1,1,0,free_surface,2448,1281.0392,7135.3886,5.570,7.671
sandwich,0.60000,0.60004,4,16,uni_x,2,1,0,free_surface,2448,1281.0398,7135.4061,5.570,7.671
sandwich,0.60000,0.60004,4,16,uni_x,3,1,0,grip,2448,1122.2156,7030.9672,6.265,7.559
sandwich,0.60000,0.60004,4,16,uni_x,0,2,0,grip,2448,1122.2138,7030.9508,6.265,7.559
sandwich,0.60000,0.60004,4,16,uni_x,1,2,0,free_surface,2448,1281.0392,7135.3886,5.570,7.671
sandwich,0.60000,0.60004,4,16,uni_x,2,2,0,free_surface,2448,1281.0398,7135.4061,5.570,7.671
sandwich,0.60000,0.60004,4,16,uni_x,3,2,0,grip,2448,1122.2156,7030.9672,6.265,7.559
sandwich,0.60000,0.60004,4,16,uni_x,0,3,0,grip,2448,1198.6956,7199.7616,6.006,7.740
sandwich,0.60000,0.60004,4,16,uni_x,1,3,0,free_surface,2448,1230.3974,6972.0608,5.667,7.495
sandwich,0.60000,0.60004,4,16,uni_x,2,3,0,free_surface,2448,1230.3963,6972.0518,5.667,7.495
sandwich,0.60000,0.60004,4,16,uni_x,3,3,0,grip,2448,1198.6952,7199.7690,6.006,7.740
sandwich,0.60000,0.60004,4,16,uni_x,0,0,1,grip,2448,1122.2138,7030.9508,6.265,7.559
sandwich,0.60000,0.60004,4,16,uni_x,1,0,1,free_surface,2448,1281.0392,7135.3886,5.570,7.671
sandwich,0.60000,0.60004,4,16,uni_x,2,0,1,free_surface,2448,1281.0398,7135.4061,5.570,7.671
sandwich,0.60000,0.60004,4,16,uni_x,3,0,1,grip,2448,1122.2156,7030.9672,6.265,7.559
sandwich,0.60000,0.60004,4,16,uni_x,0,1,1,grip,2448,1032.5042,6711.2305,6.500,7.215
sandwich,0.60000,0.60004,4,16,uni_x,1,1,1,interior,2448,1325.4921,7262.1759,5.479,7.807
sandwich,0.60000,0.60004,4,16,uni_x,2,1,1,interior,2448,1325.4900,7262.1610,5.479,7.807
sandwich,0.60000,0.60004,4,16,uni_x,3,1,1,grip,2448,1032.5015,6711.2294,6.500,7.215
sandwich,0.60000,0.60004,4,16,uni_x,0,2,1,grip,2448,1032.5042,6711.2305,6.500,7.215
sandwich,0.60000,0.60004,4,16,uni_x,1,2,1,interior,2448,1325.4921,7262.1759,5.479,7.807
sandwich,0.60000,0.60004,4,16,uni_x,2,2,1,interior,2448,1325.4900,7262.1610,5.479,7.807
sandwich,0.60000,0.60004,4,16,uni_x,3,2,1,grip,2448,1032.5015,6711.2294,6.500,7.215
sandwich,0.60000,0.60004,4,16,uni_x,0,3,1,grip,2448,1122.2138,7030.9508,6.265,7.559
sandwich,0.60000,0.60004,4,16,uni_x,1,3,1,free_surface,2448,1281.0392,7135.3886,5.570,7.671
sandwich,0.60000,0.60004,4,16,uni_x,2,3,1,free_surface,2448,1281.0398,7135.4061,5.570,7.671
sandwich,0.60000,0.60004,4,16,uni_x,3,3,1,grip,2448,1122.2156,7030.9672,6.265,7.559
sandwich,0.60000,0.60004,4,16,uni_x,0,0,2,grip,2448,1122.2138,7030.9508,6.265,7.559
sandwich,0.60000,0.60004,4,16,uni_x,1,0,2,free_surface,2448,1281.0392,7135.3886,5.570,7.671
sandwich,0.60000,0.60004,4,16,uni_x,2,0,2,free_surface,2448,1281.0398,7135.4061,5.570,7.671
sandwich,0.60000,0.60004,4,16,uni_x,3,0,2,grip,2448,1122.2156,7030.9672,6.265,7.559
sandwich,0.60000,0.60004,4,16,uni_x,0,1,2,grip,2448,1032.5042,6711.2305,6.500,7.215
sandwich,0.60000,0.60004,4,16,uni_x,1,1,2,interior,2448,1325.4921,7262.1759,5.479,7.807
sandwich,0.60000,0.60004,4,16,uni_x,2,1,2,interior,2448,1325.4900,7262.1610,5.479,7.807
sandwich,0.60000,0.60004,4,16,uni_x,3,1,2,grip,2448,1032.5015,6711.2294,6.500,7.215
sandwich,0.60000,0.60004,4,16,uni_x,0,2,2,grip,2448,1032.5042,6711.2305,6.500,7.215
sandwich,0.60000,0.60004,4,16,uni_x,1,2,2,interior,2448,1325.4921,7262.1759,5.479,7.807
sandwich,0.60000,0.60004,4,16,uni_x,2,2,2,interior,2448,1325.4900,7262.1610,5.479,7.807
sandwich,0.60000,0.60004,4,16,uni_x,3,2,2,grip,2448,1032.5015,6711.2294,6.500,7.215
sandwich,0.60000,0.60004,4,16,uni_x,0,3,2,grip,2448,1122.2138,7030.9508,6.265,7.559
sandwich,0.60000,0.60004,4,16,uni_x,1,3,2,free_surface,2448,1281.0392,7135.3886,5.570,7.671
sandwich,0.60000,0.60004,4,16,uni_x,2,3,2,free_surface,2448,1281.0398,7135.4061,5.570,7.671
sandwich,0.60000,0.60004,4,16,uni_x,3,3,2,grip,2448,1122.2156,7030.9672,6.265,7.559
sandwich,0.60000,0.60004,4,16,uni_x,0,0,3,grip,2448,1198.6956,7199.7616,6.006,7.740
sandwich,0.60000,0.60004,4,16,uni_x,1,0,3,free_surface,2448,1230.3974,6972.0608,5.667,7.495
sandwich,0.60000,0.60004,4,16,uni_x,2,0,3,free_surface,2448,1230.3963,6972.0518,5.667,7.495
sandwich,0.60000,0.60004,4,16,uni_x,3,0,3,grip,2448,1198.6952,7199.7690,6.006,7.740
sandwich,0.60000,0.60004,4,16,uni_x,0,1,3,grip,2448,1122.2138,7030.9508,6.265,7.559
sandwich,0.60000,0.60004,4,16,uni_x,1,1,3,free_surface,2448,1281.0392,7135.3886,5.570,7.671
sandwich,0.60000,0.60004,4,16,uni_x,2,1,3,free_surface,2448,1281.0398,7135.4061,5.570,7.671
sandwich,0.60000,0.60004,4,16,uni_x,3,1,3,grip,2448,1122.2156,7030.9672,6.265,7.559
sandwich,0.60000,0.60004,4,16,uni_x,0,2,3,grip,2448,1122.2138,7030.9508,6.265,7.559
sandwich,0.60000,0.60004,4,16,uni_x,1,2,3,free_surface,2448,1281.0392,7135.3886,5.570,7.671
sandwich,0.60000,0.60004,4,16,uni_x,2,2,3,free_surface,2448,1281.0398,7135.4061,5.570,7.671
sandwich,0.60000,0.60004,4,16,uni_x,3,2,3,grip,2448,1122.2156,7030.9672,6.265,7.559
sandwich,0.60000,0.60004,4,16,uni_x,0,3,3,grip,2448,1198.6956,7199.7616,6.006,7.740
sandwich,0.60000,0.60004,4,16,uni_x,1,3,3,free_surface,2448,1230.3974,6972.0608,5.667,7.495
sandwich,0.60000,0.60004,4,16,uni_x,2,3,3,free_surface,2448,1230.3963,6972.0518,5.667,7.495
sandwich,0.60000,0.60004,4,16,uni_x,3,3,3,grip,2448,1198.6952,7199.7690,6.006,7.740
sandwich,0.60000,0.60004,4,16,uni_z,0,0,0,grip,2448,818.1118,7012.5269,8.572,7.539
sandwich,0.60000,0.60004,4,16,uni_z,1,0,0,free_surface,2448,94.9015,1199.8422,12.643,1.290
sandwich,0.60000,0.60004,4,16,uni_z,2,0,0,free_surface,2448,94.9015,1199.8422,12.643,1.290
sandwich,0.60000,0.60004,4,16,uni_z,3,0,0,grip,2448,818.1118,7012.5269,8.572,7.539
sandwich,0.60000,0.60004,4,16,uni_z,0,1,0,grip,2448,806.2713,6647.4569,8.245,7.146
sandwich,0.60000,0.60004,4,16,uni_z,1,1,0,free_surface,2448,100.0968,1137.8594,11.368,1.223
sandwich,0.60000,0.60004,4,16,uni_z,2,1,0,free_surface,2448,100.0968,1137.8594,11.368,1.223
sandwich,0.60000,0.60004,4,16,uni_z,3,1,0,grip,2448,806.2713,6647.4569,8.245,7.146
sandwich,0.60000,0.60004,4,16,uni_z,0,2,0,grip,2448,806.2713,6647.4569,8.245,7.146
sandwich,0.60000,0.60004,4,16,uni_z,1,2,0,free_surface,2448,100.0968,1137.8594,11.368,1.223
sandwich,0.60000,0.60004,4,16,uni_z,2,2,0,free_surface,2448,100.0968,1137.8594,11.368,1.223
sandwich,0.60000,0.60004,4,16,uni_z,3,2,0,grip,2448,806.2713,6647.4569,8.245,7.146
sandwich,0.60000,0.60004,4,16,uni_z,0,3,0,grip,2448,818.1118,7012.5269,8.572,7.539
sandwich,0.60000,0.60004,4,16,uni_z,1,3,0,free_surface,2448,94.9015,1199.8422,12.643,1.290
sandwich,0.60000,0.60004,4,16,uni_z,2,3,0,free_surface,2448,94.9015,1199.8422,12.643,1.290
sandwich,0.60000,0.60004,4,16,uni_z,3,3,0,grip,2448,818.1118,7012.5269,8.572,7.539
sandwich,0.60000,0.60004,4,16,uni_z,0,0,1,grip,2448,845.4020,5991.7002,7.087,6.441
sandwich,0.60000,0.60004,4,16,uni_z,1,0,1,free_surface,2448,211.8298,1956.0471,9.234,2.103
sandwich,0.60000,0.60004,4,16,uni_z,2,0,1,free_surface,2448,211.8298,1956.0471,9.234,2.103
sandwich,0.60000,0.60004,4,16,uni_z,3,0,1,grip,2448,845.4020,5991.7002,7.087,6.441
sandwich,0.60000,0.60004,4,16,uni_z,0,1,1,grip,2448,838.5149,6009.3570,7.167,6.460
sandwich,0.60000,0.60004,4,16,uni_z,1,1,1,interior,2448,218.4577,1976.3416,9.047,2.125
sandwich,0.60000,0.60004,4,16,uni_z,2,1,1,interior,2448,218.4577,1976.3416,9.047,2.125
sandwich,0.60000,0.60004,4,16,uni_z,3,1,1,grip,2448,838.5149,6009.3570,7.167,6.460
sandwich,0.60000,0.60004,4,16,uni_z,0,2,1,grip,2448,838.5149,6009.3570,7.167,6.460
sandwich,0.60000,0.60004,4,16,uni_z,1,2,1,interior,2448,218.4577,1976.3416,9.047,2.125
sandwich,0.60000,0.60004,4,16,uni_z,2,2,1,interior,2448,218.4577,1976.3416,9.047,2.125
sandwich,0.60000,0.60004,4,16,uni_z,3,2,1,grip,2448,838.5149,6009.3570,7.167,6.460
sandwich,0.60000,0.60004,4,16,uni_z,0,3,1,grip,2448,845.4020,5991.7002,7.087,6.441
sandwich,0.60000,0.60004,4,16,uni_z,1,3,1,free_surface,2448,211.8298,1956.0471,9.234,2.103
sandwich,0.60000,0.60004,4,16,uni_z,2,3,1,free_surface,2448,211.8298,1956.0471,9.234,2.103
sandwich,0.60000,0.60004,4,16,uni_z,3,3,1,grip,2448,845.4020,5991.7002,7.087,6.441
sandwich,0.60000,0.60004,4,16,uni_z,0,0,2,grip,2448,845.4029,5991.7003,7.087,6.441
sandwich,0.60000,0.60004,4,16,uni_z,1,0,2,free_surface,2448,211.8303,1956.0432,9.234,2.103
sandwich,0.60000,0.60004,4,16,uni_z,2,0,2,free_surface,2448,211.8303,1956.0432,9.234,2.103
sandwich,0.60000,0.60004,4,16,uni_z,3,0,2,grip,2448,845.4029,5991.7003,7.087,6.441
sandwich,0.60000,0.60004,4,16,uni_z,0,1,2,grip,2448,838.5150,6009.3563,7.167,6.460
sandwich,0.60000,0.60004,4,16,uni_z,1,1,2,interior,2448,218.4579,1976.3348,9.047,2.125
sandwich,0.60000,0.60004,4,16,uni_z,2,1,2,interior,2448,218.4579,1976.3348,9.047,2.125
sandwich,0.60000,0.60004,4,16,uni_z,3,1,2,grip,2448,838.5150,6009.3563,7.167,6.460
sandwich,0.60000,0.60004,4,16,uni_z,0,2,2,grip,2448,838.5150,6009.3563,7.167,6.460
sandwich,0.60000,0.60004,4,16,uni_z,1,2,2,interior,2448,218.4579,1976.3348,9.047,2.125
sandwich,0.60000,0.60004,4,16,uni_z,2,2,2,interior,2448,218.4579,1976.3348,9.047,2.125
sandwich,0.60000,0.60004,4,16,uni_z,3,2,2,grip,2448,838.5150,6009.3563,7.167,6.460
sandwich,0.60000,0.60004,4,16,uni_z,0,3,2,grip,2448,845.4029,5991.7003,7.087,6.441
sandwich,0.60000,0.60004,4,16,uni_z,1,3,2,free_surface,2448,211.8303,1956.0432,9.234,2.103
sandwich,0.60000,0.60004,4,16,uni_z,2,3,2,free_surface,2448,211.8303,1956.0432,9.234,2.103
sandwich,0.60000,0.60004,4,16,uni_z,3,3,2,grip,2448,845.4029,5991.7003,7.087,6.441
sandwich,0.60000,0.60004,4,16,uni_z,0,0,3,grip,2448,818.1126,7012.5310,8.572,7.539
sandwich,0.60000,0.60004,4,16,uni_z,1,0,3,free_surface,2448,94.9021,1199.8395,12.643,1.290
sandwich,0.60000,0.60004,4,16,uni_z,2,0,3,free_surface,2448,94.9021,1199.8395,12.643,1.290
sandwich,0.60000,0.60004,4,16,uni_z,3,0,3,grip,2448,818.1126,7012.5310,8.572,7.539
sandwich,0.60000,0.60004,4,16,uni_z,0,1,3,grip,2448,806.2705,6647.4512,8.245,7.146
sandwich,0.60000,0.60004,4,16,uni_z,1,1,3,free_surface,2448,100.0964,1137.8649,11.368,1.223
sandwich,0.60000,0.60004,4,16,uni_z,2,1,3,free_surface,2448,100.0964,1137.8649,11.368,1.223
sandwich,0.60000,0.60004,4,16,uni_z,3,1,3,grip,2448,806.2705,6647.4512,8.245,7.146
sandwich,0.60000,0.60004,4,16,uni_z,0,2,3,grip,2448,806.2705,6647.4512,8.245,7.146
sandwich,0.60000,0.60004,4,16,uni_z,1,2,3,free_surface,2448,100.0964,1137.8649,11.368,1.223
sandwich,0.60000,0.60004,4,16,uni_z,2,2,3,free_surface,2448,100.0964,1137.8649,11.368,1.223
sandwich,0.60000,0.60004,4,16,uni_z,3,2,3,grip,2448,806.2705,6647.4512,8.245,7.146
sandwich,0.60000,0.60004,4,16,uni_z,0,3,3,grip,2448,818.1126,7012.5310,8.572,7.539
sandwich,0.60000,0.60004,4,16,uni_z,1,3,3,free_surface,2448,94.9021,1199.8395,12.643,1.290
sandwich,0.60000,0.60004,4,16,uni_z,2,3,3,free_surface,2448,94.9021,1199.8395,12.643,1.290
sandwich,0.60000,0.60004,4,16,uni_z,3,3,3,grip,2448,818.1126,7012.5310,8.572,7.539
sandwich,0.60000,0.60004,4,16,biax_xy,0,0,0,grip,2448,1390.7660,11062.6862,7.954,11.893
sandwich,0.60000,0.60004,4,16,biax_xy,1,0,0,free_surface,2448,1208.6505,7858.5395,6.502,8.448
sandwich,0.60000,0.60004,4,16,biax_xy,2,0,0,free_surface,2448,1208.6494,7858.5252,6.502,8.448
sandwich,0.60000,0.60004,4,16,biax_xy,3,0,0,grip,2448,1390.7668,11062.6889,7.954,11.893
sandwich,0.60000,0.60004,4,16,biax_xy,0,1,0,grip,2448,1057.7471,7676.4578,7.257,8.253
sandwich,0.60000,0.60004,4,16,biax_xy,1,1,0,free_surface,2448,1427.5887,8409.4706,5.891,9.041
sandwich,0.60000,0.60004,4,16,biax_xy,2,1,0,free_surface,2448,1427.5892,8409.4881,5.891,9.041
sandwich,0.60000,0.60004,4,16,biax_xy,3,1,0,grip,2448,1057.7479,7676.4655,7.257,8.253
sandwich,0.60000,0.60004,4,16,biax_xy,0,2,0,grip,2448,1057.7477,7676.4589,7.257,8.253
sandwich,0.60000,0.60004,4,16,biax_xy,1,2,0,free_surface,2448,1427.5892,8409.4715,5.891,9.041
sandwich,0.60000,0.60004,4,16,biax_xy,2,2,0,free_surface,2448,1427.5898,8409.4889,5.891,9.041
sandwich,0.60000,0.60004,4,16,biax_xy,3,2,0,grip,2448,1057.7485,7676.4666,7.257,8.253
sandwich,0.60000,0.60004,4,16,biax_xy,0,3,0,grip,2448,1390.7661,11062.6894,7.954,11.893
sandwich,0.60000,0.60004,4,16,biax_xy,1,3,0,free_surface,2448,1208.6509,7858.5400,6.502,8.448
sandwich,0.60000,0.60004,4,16,biax_xy,2,3,0,free_surface,2448,1208.6498,7858.5257,6.502,8.448
sandwich,0.60000,0.60004,4,16,biax_xy,3,3,0,grip,2448,1390.7669,11062.6921,7.954,11.893
sandwich,0.60000,0.60004,4,16,biax_xy,0,0,1,grip,2448,1285.1886,9669.1946,7.524,10.395
sandwich,0.60000,0.60004,4,16,biax_xy,1,0,1,free_surface,2448,1273.4192,8059.0486,6.329,8.664
sandwich,0.60000,0.60004,4,16,biax_xy,2,0,1,free_surface,2448,1273.4199,8059.0573,6.329,8.664
sandwich,0.60000,0.60004,4,16,biax_xy,3,0,1,grip,2448,1285.1893,9669.2044,7.524,10.395
sandwich,0.60000,0.60004,4,16,biax_xy,0,1,1,grip,2448,893.3594,7342.1300,8.219,7.893
sandwich,0.60000,0.60004,4,16,biax_xy,1,1,1,interior,2448,1473.1011,8583.8986,5.827,9.228
sandwich,0.60000,0.60004,4,16,biax_xy,2,1,1,interior,2448,1473.0989,8583.8840,5.827,9.228
sandwich,0.60000,0.60004,4,16,biax_xy,3,1,1,grip,2448,893.3573,7342.1260,8.219,7.893
sandwich,0.60000,0.60004,4,16,biax_xy,0,2,1,grip,2448,893.3592,7342.1280,8.219,7.893
sandwich,0.60000,0.60004,4,16,biax_xy,1,2,1,interior,2448,1473.1015,8583.8973,5.827,9.228
sandwich,0.60000,0.60004,4,16,biax_xy,2,2,1,interior,2448,1473.0993,8583.8827,5.827,9.228
sandwich,0.60000,0.60004,4,16,biax_xy,3,2,1,grip,2448,893.3570,7342.1240,8.219,7.893
sandwich,0.60000,0.60004,4,16,biax_xy,0,3,1,grip,2448,1285.1878,9669.1906,7.524,10.395
sandwich,0.60000,0.60004,4,16,biax_xy,1,3,1,free_surface,2448,1273.4189,8059.0487,6.329,8.664
sandwich,0.60000,0.60004,4,16,biax_xy,2,3,1,free_surface,2448,1273.4196,8059.0575,6.329,8.664
sandwich,0.60000,0.60004,4,16,biax_xy,3,3,1,grip,2448,1285.1885,9669.2005,7.524,10.395
sandwich,0.60000,0.60004,4,16,biax_xy,0,0,2,grip,2448,1285.1886,9669.1946,7.524,10.395
sandwich,0.60000,0.60004,4,16,biax_xy,1,0,2,free_surface,2448,1273.4192,8059.0486,6.329,8.664
sandwich,0.60000,0.60004,4,16,biax_xy,2,0,2,free_surface,2448,1273.4199,8059.0573,6.329,8.664
sandwich,0.60000,0.60004,4,16,biax_xy,3,0,2,grip,2448,1285.1893,9669.2044,7.524,10.395
sandwich,0.60000,0.60004,4,16,biax_xy,0,1,2,grip,2448,893.3594,7342.1300,8.219,7.893
sandwich,0.60000,0.60004,4,16,biax_xy,1,1,2,interior,2448,1473.1011,8583.8986,5.827,9.228
sandwich,0.60000,0.60004,4,16,biax_xy,2,1,2,interior,2448,1473.0989,8583.8840,5.827,9.228
sandwich,0.60000,0.60004,4,16,biax_xy,3,1,2,grip,2448,893.3573,7342.1260,8.219,7.893
sandwich,0.60000,0.60004,4,16,biax_xy,0,2,2,grip,2448,893.3592,7342.1280,8.219,7.893
sandwich,0.60000,0.60004,4,16,biax_xy,1,2,2,interior,2448,1473.1015,8583.8973,5.827,9.228
sandwich,0.60000,0.60004,4,16,biax_xy,2,2,2,interior,2448,1473.0993,8583.8827,5.827,9.228
sandwich,0.60000,0.60004,4,16,biax_xy,3,2,2,grip,2448,893.3570,7342.1240,8.219,7.893
sandwich,0.60000,0.60004,4,16,biax_xy,0,3,2,grip,2448,1285.1878,9669.1906,7.524,10.395
sandwich,0.60000,0.60004,4,16,biax_xy,1,3,2,free_surface,2448,1273.4189,8059.0487,6.329,8.664
sandwich,0.60000,0.60004,4,16,biax_xy,2,3,2,free_surface,2448,1273.4196,8059.0575,6.329,8.664
sandwich,0.60000,0.60004,4,16,biax_xy,3,3,2,grip,2448,1285.1885,9669.2005,7.524,10.395
sandwich,0.60000,0.60004,4,16,biax_xy,0,0,3,grip,2448,1390.7660,11062.6862,7.954,11.893
sandwich,0.60000,0.60004,4,16,biax_xy,1,0,3,free_surface,2448,1208.6505,7858.5395,6.502,8.448
sandwich,0.60000,0.60004,4,16,biax_xy,2,0,3,free_surface,2448,1208.6494,7858.5252,6.502,8.448
sandwich,0.60000,0.60004,4,16,biax_xy,3,0,3,grip,2448,1390.7668,11062.6889,7.954,11.893
sandwich,0.60000,0.60004,4,16,biax_xy,0,1,3,grip,2448,1057.7471,7676.4578,7.257,8.253
sandwich,0.60000,0.60004,4,16,biax_xy,1,1,3,free_surface,2448,1427.5887,8409.4706,5.891,9.041
sandwich,0.60000,0.60004,4,16,biax_xy,2,1,3,free_surface,2448,1427.5892,8409.4881,5.891,9.041
sandwich,0.60000,0.60004,4,16,biax_xy,3,1,3,grip,2448,1057.7479,7676.4655,7.257,8.253
sandwich,0.60000,0.60004,4,16,biax_xy,0,2,3,grip,2448,1057.7477,7676.4589,7.257,8.253
sandwich,0.60000,0.60004,4,16,biax_xy,1,2,3,free_surface,2448,1427.5892,8409.4715,5.891,9.041
sandwich,0.60000,0.60004,4,16,biax_xy,2,2,3,free_surface,2448,1427.5898,8409.4889,5.891,9.041
sandwich,0.60000,0.60004,4,16,biax_xy,3,2,3,grip,2448,1057.7485,7676.4666,7.257,8.253
sandwich,0.60000,0.60004,4,16,biax_xy,0,3,3,grip,2448,1390.7661,11062.6894,7.954,11.893
sandwich,0.60000,0.60004,4,16,biax_xy,1,3,3,free_surface,2448,1208.6509,7858.5400,6.502,8.448
sandwich,0.60000,0.60004,4,16,biax_xy,2,3,3,free_surface,2448,1208.6498,7858.5257,6.502,8.448
sandwich,0.60000,0.60004,4,16,biax_xy,3,3,3,grip,2448,1390.7669,11062.6921,7.954,11.893
sandwich,0.60000,0.60004,4,16,shear_xy,0,0,0,grip,2448,601.7076,4386.5980,7.290,6.267
sandwich,0.60000,0.60004,4,16,shear_xy,1,0,0,free_surface,2448,390.4252,2140.7571,5.483,3.059
sandwich,0.60000,0.60004,4,16,shear_xy,2,0,0,free_surface,2448,390.4265,2140.7763,5.483,3.059
sandwich,0.60000,0.60004,4,16,shear_xy,3,0,0,grip,2448,601.7081,4386.6071,7.290,6.267
sandwich,0.60000,0.60004,4,16,shear_xy,0,1,0,grip,2448,599.7900,2938.7562,4.900,4.199
sandwich,0.60000,0.60004,4,16,shear_xy,1,1,0,free_surface,2448,681.4708,3459.2319,5.076,4.942
sandwich,0.60000,0.60004,4,16,shear_xy,2,1,0,free_surface,2448,681.4723,3459.2394,5.076,4.942
sandwich,0.60000,0.60004,4,16,shear_xy,3,1,0,grip,2448,599.7912,2938.7539,4.900,4.199
sandwich,0.60000,0.60004,4,16,shear_xy,0,2,0,grip,2448,599.7893,2938.7570,4.900,4.199
sandwich,0.60000,0.60004,4,16,shear_xy,1,2,0,free_surface,2448,681.4705,3459.2331,5.076,4.942
sandwich,0.60000,0.60004,4,16,shear_xy,2,2,0,free_surface,2448,681.4721,3459.2407,5.076,4.942
sandwich,0.60000,0.60004,4,16,shear_xy,3,2,0,grip,2448,599.7905,2938.7547,4.900,4.199
sandwich,0.60000,0.60004,4,16,shear_xy,0,3,0,grip,2448,601.7069,4386.5963,7.290,6.267
sandwich,0.60000,0.60004,4,16,shear_xy,1,3,0,free_surface,2448,390.4255,2140.7668,5.483,3.059
sandwich,0.60000,0.60004,4,16,shear_xy,2,3,0,free_surface,2448,390.4268,2140.7861,5.483,3.059
sandwich,0.60000,0.60004,4,16,shear_xy,3,3,0,grip,2448,601.7074,4386.6054,7.290,6.267
sandwich,0.60000,0.60004,4,16,shear_xy,0,0,1,grip,2448,604.2510,4378.7751,7.247,6.256
sandwich,0.60000,0.60004,4,16,shear_xy,1,0,1,free_surface,2448,385.8802,2132.9591,5.528,3.047
sandwich,0.60000,0.60004,4,16,shear_xy,2,0,1,free_surface,2448,385.8789,2132.9587,5.528,3.047
sandwich,0.60000,0.60004,4,16,shear_xy,3,0,1,grip,2448,604.2496,4378.7840,7.247,6.256
sandwich,0.60000,0.60004,4,16,shear_xy,0,1,1,grip,2448,609.8427,2974.7528,4.878,4.250
sandwich,0.60000,0.60004,4,16,shear_xy,1,1,1,interior,2448,675.6395,3430.7647,5.078,4.902
sandwich,0.60000,0.60004,4,16,shear_xy,2,1,1,interior,2448,675.6393,3430.7633,5.078,4.902
sandwich,0.60000,0.60004,4,16,shear_xy,3,1,1,grip,2448,609.8397,2974.7437,4.878,4.250
sandwich,0.60000,0.60004,4,16,shear_xy,0,2,1,grip,2448,609.8432,2974.7504,4.878,4.250
sandwich,0.60000,0.60004,4,16,shear_xy,1,2,1,interior,2448,675.6411,3430.7747,5.078,4.902
sandwich,0.60000,0.60004,4,16,shear_xy,2,2,1,interior,2448,675.6410,3430.7734,5.078,4.902
sandwich,0.60000,0.60004,4,16,shear_xy,3,2,1,grip,2448,609.8401,2974.7414,4.878,4.250
sandwich,0.60000,0.60004,4,16,shear_xy,0,3,1,grip,2448,604.2506,4378.7646,7.247,6.256
sandwich,0.60000,0.60004,4,16,shear_xy,1,3,1,free_surface,2448,385.8814,2132.9599,5.528,3.047
sandwich,0.60000,0.60004,4,16,shear_xy,2,3,1,free_surface,2448,385.8801,2132.9595,5.528,3.047
sandwich,0.60000,0.60004,4,16,shear_xy,3,3,1,grip,2448,604.2492,4378.7735,7.247,6.256
sandwich,0.60000,0.60004,4,16,shear_xy,0,0,2,grip,2448,604.2510,4378.7751,7.247,6.256
sandwich,0.60000,0.60004,4,16,shear_xy,1,0,2,free_surface,2448,385.8802,2132.9591,5.528,3.047
sandwich,0.60000,0.60004,4,16,shear_xy,2,0,2,free_surface,2448,385.8789,2132.9587,5.528,3.047
sandwich,0.60000,0.60004,4,16,shear_xy,3,0,2,grip,2448,604.2496,4378.7840,7.247,6.256
sandwich,0.60000,0.60004,4,16,shear_xy,0,1,2,grip,2448,609.8427,2974.7528,4.878,4.250
sandwich,0.60000,0.60004,4,16,shear_xy,1,1,2,interior,2448,675.6395,3430.7647,5.078,4.902
sandwich,0.60000,0.60004,4,16,shear_xy,2,1,2,interior,2448,675.6393,3430.7633,5.078,4.902
sandwich,0.60000,0.60004,4,16,shear_xy,3,1,2,grip,2448,609.8397,2974.7437,4.878,4.250
sandwich,0.60000,0.60004,4,16,shear_xy,0,2,2,grip,2448,609.8432,2974.7504,4.878,4.250
sandwich,0.60000,0.60004,4,16,shear_xy,1,2,2,interior,2448,675.6411,3430.7747,5.078,4.902
sandwich,0.60000,0.60004,4,16,shear_xy,2,2,2,interior,2448,675.6410,3430.7734,5.078,4.902
sandwich,0.60000,0.60004,4,16,shear_xy,3,2,2,grip,2448,609.8401,2974.7414,4.878,4.250
sandwich,0.60000,0.60004,4,16,shear_xy,0,3,2,grip,2448,604.2506,4378.7646,7.247,6.256
sandwich,0.60000,0.60004,4,16,shear_xy,1,3,2,free_surface,2448,385.8814,2132.9599,5.528,3.047
sandwich,0.60000,0.60004,4,16,shear_xy,2,3,2,free_surface,2448,385.8801,2132.9595,5.528,3.047
sandwich,0.60000,0.60004,4,16,shear_xy,3,3,2,grip,2448,604.2492,4378.7735,7.247,6.256
sandwich,0.60000,0.60004,4,16,shear_xy,0,0,3,grip,2448,601.7076,4386.5980,7.290,6.267
sandwich,0.60000,0.60004,4,16,shear_xy,1,0,3,free_surface,2448,390.4252,2140.7571,5.483,3.059
sandwich,0.60000,0.60004,4,16,shear_xy,2,0,3,free_surface,2448,390.4265,2140.7763,5.483,3.059
sandwich,0.60000,0.60004,4,16,shear_xy,3,0,3,grip,2448,601.7081,4386.6071,7.290,6.267
sandwich,0.60000,0.60004,4,16,shear_xy,0,1,3,grip,2448,599.7900,2938.7562,4.900,4.199
sandwich,0.60000,0.60004,4,16,shear_xy,1,1,3,free_surface,2448,681.4708,3459.2319,5.076,4.942
sandwich,0.60000,0.60004,4,16,shear_xy,2,1,3,free_surface,2448,681.4723,3459.2394,5.076,4.942
sandwich,0.60000,0.60004,4,16,shear_xy,3,1,3,grip,2448,599.7912,2938.7539,4.900,4.199
sandwich,0.60000,0.60004,4,16,shear_xy,0,2,3,grip,2448,599.7893,2938.7570,4.900,4.199
sandwich,0.60000,0.60004,4,16,shear_xy,1,2,3,free_surface,2448,681.4705,3459.2331,5.076,4.942
sandwich,0.60000,0.60004,4,16,shear_xy,2,2,3,free_surface,2448,681.4721,3459.2407,5.076,4.942
sandwich,0.60000,0.60004,4,16,shear_xy,3,2,3,grip,2448,599.7905,2938.7547,4.900,4.199
sandwich,0.60000,0.60004,4,16,shear_xy,0,3,3,grip,2448,601.7069,4386.5963,7.290,6.267
sandwich,0.60000,0.60004,4,16,shear_xy,1,3,3,free_surface,2448,390.4255,2140.7668,5.483,3.059
sandwich,0.60000,0.60004,4,16,shear_xy,2,3,3,free_surface,2448,390.4268,2140.7861,5.483,3.059
sandwich,0.60000,0.60004,4,16,shear_xy,3,3,3,grip,2448,601.7074,4386.6054,7.290,6.267
sandwich,0.60000,0.60004,4,16,shear_diag,0,0,0,grip,2448,1509.3462,7496.4191,4.967,4.653
sandwich,0.60000,0.60004,4,16,shear_diag,1,0,0,free_surface,2448,1258.9409,7481.1972,5.942,4.643
sandwich,0.60000,0.60004,4,16,shear_diag,2,0,0,free_surface,2448,1258.9397,7481.2143,5.942,4.643
sandwich,0.60000,0.60004,4,16,shear_diag,3,0,0,grip,2448,1509.3448,7496.4045,4.967,4.653
sandwich,0.60000,0.60004,4,16,shear_diag,0,1,0,grip,2448,1682.0546,7404.0442,4.402,4.596
sandwich,0.60000,0.60004,4,16,shear_diag,1,1,0,free_surface,2448,1154.9273,6043.7982,5.233,3.751
sandwich,0.60000,0.60004,4,16,shear_diag,2,1,0,free_surface,2448,1154.9281,6043.7868,5.233,3.751
sandwich,0.60000,0.60004,4,16,shear_diag,3,1,0,grip,2448,1682.0565,7404.0451,4.402,4.596
sandwich,0.60000,0.60004,4,16,shear_diag,0,2,0,grip,2448,1682.0552,7404.0484,4.402,4.596
sandwich,0.60000,0.60004,4,16,shear_diag,1,2,0,free_surface,2448,1154.9268,6043.7979,5.233,3.751
sandwich,0.60000,0.60004,4,16,shear_diag,2,2,0,free_surface,2448,1154.9276,6043.7864,5.233,3.751
sandwich,0.60000,0.60004,4,16,shear_diag,3,2,0,grip,2448,1682.0571,7404.0492,4.402,4.596
sandwich,0.60000,0.60004,4,16,shear_diag,0,3,0,grip,2448,1509.3470,7496.4292,4.967,4.653
sandwich,0.60000,0.60004,4,16,shear_diag,1,3,0,free_surface,2448,1258.9406,7481.1944,5.942,4.643
sandwich,0.60000,0.60004,4,16,shear_diag,2,3,0,free_surface,2448,1258.9394,7481.2115,5.942,4.643
sandwich,0.60000,0.60004,4,16,shear_diag,3,3,0,grip,2448,1509.3456,7496.4145,4.967,4.653
sandwich,0.60000,0.60004,4,16,shear_diag,0,0,1,grip,2448,1472.1294,7285.1178,4.949,4.522
sandwich,0.60000,0.60004,4,16,shear_diag,1,0,1,free_surface,2448,1296.3661,7525.9700,5.805,4.671
sandwich,0.60000,0.60004,4,16,shear_diag,2,0,1,free_surface,2448,1296.3667,7525.9977,5.805,4.671
sandwich,0.60000,0.60004,4,16,shear_diag,3,0,1,grip,2448,1472.1315,7285.1334,4.949,4.522
sandwich,0.60000,0.60004,4,16,shear_diag,0,1,1,grip,2448,1655.3710,7246.7396,4.378,4.498
sandwich,0.60000,0.60004,4,16,shear_diag,1,1,1,interior,2448,1199.6997,6203.4518,5.171,3.850
sandwich,0.60000,0.60004,4,16,shear_diag,2,1,1,interior,2448,1199.6978,6203.4493,5.171,3.850
sandwich,0.60000,0.60004,4,16,shear_diag,3,1,1,grip,2448,1655.3688,7246.7436,4.378,4.498
sandwich,0.60000,0.60004,4,16,shear_diag,0,2,1,grip,2448,1655.3713,7246.7389,4.378,4.498
sandwich,0.60000,0.60004,4,16,shear_diag,1,2,1,interior,2448,1199.6993,6203.4522,5.171,3.850
sandwich,0.60000,0.60004,4,16,shear_diag,2,2,1,interior,2448,1199.6973,6203.4497,5.171,3.850
sandwich,0.60000,0.60004,4,16,shear_diag,3,2,1,grip,2448,1655.3691,7246.7429,4.378,4.498
sandwich,0.60000,0.60004,4,16,shear_diag,0,3,1,grip,2448,1472.1292,7285.1136,4.949,4.522
sandwich,0.60000,0.60004,4,16,shear_diag,1,3,1,free_surface,2448,1296.3663,7525.9764,5.805,4.671
sandwich,0.60000,0.60004,4,16,shear_diag,2,3,1,free_surface,2448,1296.3669,7526.0041,5.805,4.671
sandwich,0.60000,0.60004,4,16,shear_diag,3,3,1,grip,2448,1472.1313,7285.1292,4.949,4.522
sandwich,0.60000,0.60004,4,16,shear_diag,0,0,2,grip,2448,1472.1294,7285.1178,4.949,4.522
sandwich,0.60000,0.60004,4,16,shear_diag,1,0,2,free_surface,2448,1296.3661,7525.9700,5.805,4.671
sandwich,0.60000,0.60004,4,16,shear_diag,2,0,2,free_surface,2448,1296.3667,7525.9977,5.805,4.671
sandwich,0.60000,0.60004,4,16,shear_diag,3,0,2,grip,2448,1472.1315,7285.1334,4.949,4.522
sandwich,0.60000,0.60004,4,16,shear_diag,0,1,2,grip,2448,1655.3710,7246.7396,4.378,4.498
sandwich,0.60000,0.60004,4,16,shear_diag,1,1,2,interior,2448,1199.6997,6203.4518,5.171,3.850
sandwich,0.60000,0.60004,4,16,shear_diag,2,1,2,interior,2448,1199.6978,6203.4493,5.171,3.850
sandwich,0.60000,0.60004,4,16,shear_diag,3,1,2,grip,2448,1655.3688,7246.7436,4.378,4.498
sandwich,0.60000,0.60004,4,16,shear_diag,0,2,2,grip,2448,1655.3713,7246.7389,4.378,4.498
sandwich,0.60000,0.60004,4,16,shear_diag,1,2,2,interior,2448,1199.6993,6203.4522,5.171,3.850
sandwich,0.60000,0.60004,4,16,shear_diag,2,2,2,interior,2448,1199.6973,6203.4497,5.171,3.850
sandwich,0.60000,0.60004,4,16,shear_diag,3,2,2,grip,2448,1655.3691,7246.7429,4.378,4.498
sandwich,0.60000,0.60004,4,16,shear_diag,0,3,2,grip,2448,1472.1292,7285.1136,4.949,4.522
sandwich,0.60000,0.60004,4,16,shear_diag,1,3,2,free_surface,2448,1296.3663,7525.9764,5.805,4.671
sandwich,0.60000,0.60004,4,16,shear_diag,2,3,2,free_surface,2448,1296.3669,7526.0041,5.805,4.671
sandwich,0.60000,0.60004,4,16,shear_diag,3,3,2,grip,2448,1472.1313,7285.1292,4.949,4.522
sandwich,0.60000,0.60004,4,16,shear_diag,0,0,3,grip,2448,1509.3462,7496.4191,4.967,4.653
sandwich,0.60000,0.60004,4,16,shear_diag,1,0,3,free_surface,2448,1258.9409,7481.1972,5.942,4.643
sandwich,0.60000,0.60004,4,16,shear_diag,2,0,3,free_surface,2448,1258.9397,7481.2143,5.942,4.643
sandwich,0.60000,0.60004,4,16,shear_diag,3,0,3,grip,2448,1509.3448,7496.4045,4.967,4.653
sandwich,0.60000,0.60004,4,16,shear_diag,0,1,3,grip,2448,1682.0546,7404.0442,4.402,4.596
sandwich,0.60000,0.60004,4,16,shear_diag,1,1,3,free_surface,2448,1154.9273,6043.7982,5.233,3.751
sandwich,0.60000,0.60004,4,16,shear_diag,2,1,3,free_surface,2448,1154.9281,6043.7868,5.233,3.751
sandwich,0.60000,0.60004,4,16,shear_diag,3,1,3,grip,2448,1682.0565,7404.0451,4.402,4.596
sandwich,0.60000,0.60004,4,16,shear_diag,0,2,3,grip,2448,1682.0552,7404.0484,4.402,4.596
sandwich,0.60000,0.60004,4,16,shear_diag,1,2,3,free_surface,2448,1154.9268,6043.7979,5.233,3.751
sandwich,0.60000,0.60004,4,16,shear_diag,2,2,3,free_surface,2448,1154.9276,6043.7864,5.233,3.751
sandwich,0.60000,0.60004,4,16,shear_diag,3,2,3,grip,2448,1682.0571,7404.0492,4.402,4.596
sandwich,0.60000,0.60004,4,16,shear_diag,0,3,3,grip,2448,1509.3470,7496.4292,4.967,4.653
sandwich,0.60000,0.60004,4,16,shear_diag,1,3,3,free_surface,2448,1258.9406,7481.1944,5.942,4.643
sandwich,0.60000,0.60004,4,16,shear_diag,2,3,3,free_surface,2448,1258.9394,7481.2115,5.942,4.643
sandwich,0.60000,0.60004,4,16,shear_diag,3,3,3,grip,2448,1509.3456,7496.4145,4.967,4.653
sandwich,0.60000,0.60004,4,16,uni_111,0,0,0,grip,2448,1446.0155,13114.3748,9.069,16.227
sandwich,0.60000,0.60004,4,16,uni_111,1,0,0,free_surface,2448,654.4119,4575.4160,6.992,5.661
sandwich,0.60000,0.60004,4,16,uni_111,2,0,0,free_surface,2448,268.7839,2445.9673,9.100,3.027
sandwich,0.60000,0.60004,4,16,uni_111,3,0,0,grip,2448,412.0893,4862.4572,11.800,6.017
sandwich,0.60000,0.60004,4,16,uni_111,0,1,0,grip,2448,1153.7516,8379.7757,7.263,10.369
sandwich,0.60000,0.60004,4,16,uni_111,1,1,0,free_surface,2448,834.2712,5540.2397,6.641,6.855
sandwich,0.60000,0.60004,4,16,uni_111,2,1,0,free_surface,2448,534.6499,3973.3266,7.432,4.916
sandwich,0.60000,0.60004,4,16,uni_111,3,1,0,grip,2448,355.7205,3623.0972,10.185,4.483
sandwich,0.60000,0.60004,4,16,uni_111,0,2,0,grip,2448,883.0311,6501.9632,7.363,8.045
sandwich,0.60000,0.60004,4,16,uni_111,1,2,0,free_surface,2448,792.1416,4911.1092,6.200,6.077
sandwich,0.60000,0.60004,4,16,uni_111,2,2,0,free_surface,2448,638.9790,4363.4798,6.829,5.399
sandwich,0.60000,0.60004,4,16,uni_111,3,2,0,grip,2448,414.0243,3333.2143,8.051,4.124
sandwich,0.60000,0.60004,4,16,uni_111,0,3,0,grip,2448,494.9604,4717.7791,9.532,5.838
sandwich,0.60000,0.60004,4,16,uni_111,1,3,0,free_surface,2448,589.6733,3783.2270,6.416,4.681
sandwich,0.60000,0.60004,4,16,uni_111,2,3,0,free_surface,2448,589.6746,3783.2288,6.416,4.681
sandwich,0.60000,0.60004,4,16,uni_111,3,3,0,grip,2448,494.9627,4717.7930,9.532,5.838
sandwich,0.60000,0.60004,4,16,uni_111,0,0,1,grip,2448,1153.7516,8379.7757,7.263,10.369
sandwich,0.60000,0.60004,4,16,uni_111,1,0,1,free_surface,2448,834.2712,5540.2397,6.641,6.855
sandwich,0.60000,0.60004,4,16,uni_111,2,0,1,free_surface,2448,534.6499,3973.3265,7.432,4.916
sandwich,0.60000,0.60004,4,16,uni_111,3,0,1,grip,2448,355.7205,3623.0972,10.185,4.483
sandwich,0.60000,0.60004,4,16,uni_111,0,1,1,grip,2448,917.7861,6450.3339,7.028,7.981
sandwich,0.60000,0.60004,4,16,uni_111,1,1,1,interior,2448,929.7369,5666.1441,6.094,7.011
sandwich,0.60000,0.60004,4,16,uni_111,2,1,1,interior,2448,764.7181,4930.5545,6.448,6.101
sandwich,0.60000,0.60004,4,16,uni_111,3,1,1,grip,2448,505.0876,3757.8528,7.440,4.650
sandwich,0.60000,0.60004,4,16,uni_111,0,2,1,grip,2448,685.9085,5055.2979,7.370,6.255
sandwich,0.60000,0.60004,4,16,uni_111,1,2,1,interior,2448,850.6444,5283.5643,6.211,6.538
sandwich,0.60000,0.60004,4,16,uni_111,2,2,1,interior,2448,850.6444,5283.5734,6.211,6.538
sandwich,0.60000,0.60004,4,16,uni_111,3,2,1,grip,2448,685.9058,5055.2920,7.370,6.255
sandwich,0.60000,0.60004,4,16,uni_111,0,3,1,grip,2448,414.0233,3333.2174,8.051,4.124
sandwich,0.60000,0.60004,4,16,uni_111,1,3,1,free_surface,2448,638.9770,4363.4710,6.829,5.399
sandwich,0.60000,0.60004,4,16,uni_111,2,3,1,free_surface,2448,792.1410,4911.1240,6.200,6.077
sandwich,0.60000,0.60004,4,16,uni_111,3,3,1,grip,2448,883.0317,6501.9809,7.363,8.045
sandwich,0.60000,0.60004,4,16,uni_111,0,0,2,grip,2448,883.0311,6501.9632,7.363,8.045
sandwich,0.60000,0.60004,4,16,uni_111,1,0,2,free_surface,2448,792.1416,4911.1092,6.200,6.077
sandwich,0.60000,0.60004,4,16,uni_111,2,0,2,free_surface,2448,638.9790,4363.4798,6.829,5.399
sandwich,0.60000,0.60004,4,16,uni_111,3,0,2,grip,2448,414.0243,3333.2143,8.051,4.124
sandwich,0.60000,0.60004,4,16,uni_111,0,1,2,grip,2448,685.9085,5055.2979,7.370,6.255
sandwich,0.60000,0.60004,4,16,uni_111,1,1,2,interior,2448,850.6444,5283.5643,6.211,6.538
sandwich,0.60000,0.60004,4,16,uni_111,2,1,2,interior,2448,850.6444,5283.5734,6.211,6.538
sandwich,0.60000,0.60004,4,16,uni_111,3,1,2,grip,2448,685.9058,5055.2920,7.370,6.255
sandwich,0.60000,0.60004,4,16,uni_111,0,2,2,grip,2448,505.0883,3757.8488,7.440,4.650
sandwich,0.60000,0.60004,4,16,uni_111,1,2,2,interior,2448,764.7173,4930.5466,6.448,6.101
sandwich,0.60000,0.60004,4,16,uni_111,2,2,2,interior,2448,929.7371,5666.1411,6.094,7.011
sandwich,0.60000,0.60004,4,16,uni_111,3,2,2,grip,2448,917.7824,6450.3354,7.028,7.981
sandwich,0.60000,0.60004,4,16,uni_111,0,3,2,grip,2448,355.7187,3623.0986,10.185,4.483
sandwich,0.60000,0.60004,4,16,uni_111,1,3,2,free_surface,2448,534.6482,3973.3169,7.432,4.916
sandwich,0.60000,0.60004,4,16,uni_111,2,3,2,free_surface,2448,834.2705,5540.2496,6.641,6.855
sandwich,0.60000,0.60004,4,16,uni_111,3,3,2,grip,2448,1153.7495,8379.7711,7.263,10.369
sandwich,0.60000,0.60004,4,16,uni_111,0,0,3,grip,2448,494.9604,4717.7791,9.532,5.838
sandwich,0.60000,0.60004,4,16,uni_111,1,0,3,free_surface,2448,589.6733,3783.2270,6.416,4.681
sandwich,0.60000,0.60004,4,16,uni_111,2,0,3,free_surface,2448,589.6746,3783.2288,6.416,4.681
sandwich,0.60000,0.60004,4,16,uni_111,3,0,3,grip,2448,494.9627,4717.7930,9.532,5.838
sandwich,0.60000,0.60004,4,16,uni_111,0,1,3,grip,2448,414.0233,3333.2174,8.051,4.124
sandwich,0.60000,0.60004,4,16,uni_111,1,1,3,free_surface,2448,638.9770,4363.4710,6.829,5.399
sandwich,0.60000,0.60004,4,16,uni_111,2,1,3,free_surface,2448,792.1410,4911.1240,6.200,6.077
sandwich,0.60000,0.60004,4,16,uni_111,3,1,3,grip,2448,883.0317,6501.9809,7.363,8.045
sandwich,0.60000,0.60004,4,16,uni_111,0,2,3,grip,2448,355.7187,3623.0986,10.185,4.483
sandwich,0.60000,0.60004,4,16,uni_111,1,2,3,free_surface,2448,534.6482,3973.3169,7.432,4.916
sandwich,0.60000,0.60004,4,16,uni_111,2,2,3,free_surface,2448,834.2705,5540.2496,6.641,6.855
sandwich,0.60000,0.60004,4,16,uni_111,3,2,3,grip,2448,1153.7495,8379.7711,7.263,10.369
sandwich,0.60000,0.60004,4,16,uni_111,0,3,3,grip,2448,412.0879,4862.4802,11.800,6.017
sandwich,0.60000,0.60004,4,16,uni_111,1,3,3,free_surface,2448,268.7834,2445.9713,9.100,3.027
sandwich,0.60000,0.60004,4,16,uni_111,2,3,3,free_surface,2448,654.4123,4575.4267,6.992,5.661
sandwich,0.60000,0.60004,4,16,uni_111,3,3,3,grip,2448,1446.0134,13114.3557,9.069,16.227
sandwich,0.60000,0.60004,4,16,hydro,0,0,0,grip,2448,1502.9209,16427.8578,10.931,-1.000
sandwich,0.60000,0.60004,4,16,hydro,1,0,0,free_surface,2448,1183.8559,8443.3558,7.132,-1.000
sandwich,0.60000,0.60004,4,16,hydro,2,0,0,free_surface,2448,1183.8549,8443.3471,7.132,-1.000
sandwich,0.60000,0.60004,4,16,hydro,3,0,0,grip,2448,1502.9228,16427.8608,10.931,-1.000
sandwich,0.60000,0.60004,4,16,hydro,0,1,0,grip,2448,1135.6965,9934.0519,8.747,-1.000
sandwich,0.60000,0.60004,4,16,hydro,1,1,0,free_surface,2448,1412.0169,9247.3806,6.549,-1.000
sandwich,0.60000,0.60004,4,16,hydro,2,1,0,free_surface,2448,1412.0175,9247.3978,6.549,-1.000
sandwich,0.60000,0.60004,4,16,hydro,3,1,0,grip,2448,1135.6962,9934.0600,8.747,-1.000
sandwich,0.60000,0.60004,4,16,hydro,0,2,0,grip,2448,1135.6970,9934.0554,8.747,-1.000
sandwich,0.60000,0.60004,4,16,hydro,1,2,0,free_surface,2448,1412.0175,9247.3814,6.549,-1.000
sandwich,0.60000,0.60004,4,16,hydro,2,2,0,free_surface,2448,1412.0180,9247.3987,6.549,-1.000
sandwich,0.60000,0.60004,4,16,hydro,3,2,0,grip,2448,1135.6968,9934.0635,8.747,-1.000
sandwich,0.60000,0.60004,4,16,hydro,0,3,0,grip,2448,1502.9210,16427.8596,10.931,-1.000
sandwich,0.60000,0.60004,4,16,hydro,1,3,0,free_surface,2448,1183.8563,8443.3578,7.132,-1.000
sandwich,0.60000,0.60004,4,16,hydro,2,3,0,free_surface,2448,1183.8553,8443.3490,7.132,-1.000
sandwich,0.60000,0.60004,4,16,hydro,3,3,0,grip,2448,1502.9228,16427.8626,10.931,-1.000
sandwich,0.60000,0.60004,4,16,hydro,0,0,1,grip,2448,1135.6965,9934.0519,8.747,-1.000
sandwich,0.60000,0.60004,4,16,hydro,1,0,1,free_surface,2448,1412.0169,9247.3805,6.549,-1.000
sandwich,0.60000,0.60004,4,16,hydro,2,0,1,free_surface,2448,1412.0175,9247.3978,6.549,-1.000
sandwich,0.60000,0.60004,4,16,hydro,3,0,1,grip,2448,1135.6962,9934.0600,8.747,-1.000
sandwich,0.60000,0.60004,4,16,hydro,0,1,1,grip,2448,510.6311,8002.3367,15.671,-1.000
sandwich,0.60000,0.60004,4,16,hydro,1,1,1,interior,2448,1603.7735,9862.4044,6.149,-1.000
sandwich,0.60000,0.60004,4,16,hydro,2,1,1,interior,2448,1603.7712,9862.3896,6.149,-1.000
sandwich,0.60000,0.60004,4,16,hydro,3,1,1,grip,2448,510.6291,8002.3255,15.672,-1.000
sandwich,0.60000,0.60004,4,16,hydro,0,2,1,grip,2448,510.6306,8002.3305,15.671,-1.000
sandwich,0.60000,0.60004,4,16,hydro,1,2,1,interior,2448,1603.7739,9862.4047,6.149,-1.000
sandwich,0.60000,0.60004,4,16,hydro,2,2,1,interior,2448,1603.7717,9862.3900,6.149,-1.000
sandwich,0.60000,0.60004,4,16,hydro,3,2,1,grip,2448,510.6285,8002.3193,15.672,-1.000
sandwich,0.60000,0.60004,4,16,hydro,0,3,1,grip,2448,1135.6954,9934.0494,8.747,-1.000
sandwich,0.60000,0.60004,4,16,hydro,1,3,1,free_surface,2448,1412.0166,9247.3811,6.549,-1.000
sandwich,0.60000,0.60004,4,16,hydro,2,3,1,free_surface,2448,1412.0172,9247.3983,6.549,-1.000
sandwich,0.60000,0.60004,4,16,hydro,3,3,1,grip,2448,1135.6952,9934.0574,8.747,-1.000
sandwich,0.60000,0.60004,4,16,hydro,0,0,2,grip,2448,1135.6970,9934.0554,8.747,-1.000
sandwich,0.60000,0.60004,4,16,hydro,1,0,2,free_surface,2448,1412.0175,9247.3815,6.549,-1.000
sandwich,0.60000,0.60004,4,16,hydro,2,0,2,free_surface,2448,1412.0180,9247.3987,6.549,-1.000
sandwich,0.60000,0.60004,4,16,hydro,3,0,2,grip,2448,1135.6968,9934.0634,8.747,-1.000
sandwich,0.60000,0.60004,4,16,hydro,0,1,2,grip,2448,510.6306,8002.3305,15.671,-1.000
sandwich,0.60000,0.60004,4,16,hydro,1,1,2,interior,2448,1603.7739,9862.4047,6.149,-1.000
sandwich,0.60000,0.60004,4,16,hydro,2,1,2,interior,2448,1603.7717,9862.3900,6.149,-1.000
sandwich,0.60000,0.60004,4,16,hydro,3,1,2,grip,2448,510.6286,8002.3193,15.672,-1.000
sandwich,0.60000,0.60004,4,16,hydro,0,2,2,grip,2448,510.6300,8002.3243,15.671,-1.000
sandwich,0.60000,0.60004,4,16,hydro,1,2,2,interior,2448,1603.7743,9862.4035,6.149,-1.000
sandwich,0.60000,0.60004,4,16,hydro,2,2,2,interior,2448,1603.7721,9862.3888,6.149,-1.000
sandwich,0.60000,0.60004,4,16,hydro,3,2,2,grip,2448,510.6280,8002.3131,15.672,-1.000
sandwich,0.60000,0.60004,4,16,hydro,0,3,2,grip,2448,1135.6960,9934.0528,8.747,-1.000
sandwich,0.60000,0.60004,4,16,hydro,1,3,2,free_surface,2448,1412.0172,9247.3820,6.549,-1.000
sandwich,0.60000,0.60004,4,16,hydro,2,3,2,free_surface,2448,1412.0178,9247.3993,6.549,-1.000
sandwich,0.60000,0.60004,4,16,hydro,3,3,2,grip,2448,1135.6957,9934.0609,8.747,-1.000
sandwich,0.60000,0.60004,4,16,hydro,0,0,3,grip,2448,1502.9210,16427.8596,10.931,-1.000
sandwich,0.60000,0.60004,4,16,hydro,1,0,3,free_surface,2448,1183.8563,8443.3578,7.132,-1.000
sandwich,0.60000,0.60004,4,16,hydro,2,0,3,free_surface,2448,1183.8553,8443.3490,7.132,-1.000
sandwich,0.60000,0.60004,4,16,hydro,3,0,3,grip,2448,1502.9228,16427.8626,10.931,-1.000
sandwich,0.60000,0.60004,4,16,hydro,0,1,3,grip,2448,1135.6954,9934.0493,8.747,-1.000
sandwich,0.60000,0.60004,4,16,hydro,1,1,3,free_surface,2448,1412.0166,9247.3811,6.549,-1.000
sandwich,0.60000,0.60004,4,16,hydro,2,1,3,free_surface,2448,1412.0172,9247.3984,6.549,-1.000
sandwich,0.60000,0.60004,4,16,hydro,3,1,3,grip,2448,1135.6952,9934.0574,8.747,-1.000
sandwich,0.60000,0.60004,4,16,hydro,0,2,3,grip,2448,1135.6960,9934.0528,8.747,-1.000
sandwich,0.60000,0.60004,4,16,hydro,1,2,3,free_surface,2448,1412.0172,9247.3820,6.549,-1.000
sandwich,0.60000,0.60004,4,16,hydro,2,2,3,free_surface,2448,1412.0178,9247.3992,6.549,-1.000
sandwich,0.60000,0.60004,4,16,hydro,3,2,3,grip,2448,1135.6957,9934.0609,8.747,-1.000
sandwich,0.60000,0.60004,4,16,hydro,0,3,3,grip,2448,1502.9210,16427.8615,10.931,-1.000
sandwich,0.60000,0.60004,4,16,hydro,1,3,3,free_surface,2448,1183.8567,8443.3588,7.132,-1.000
sandwich,0.60000,0.60004,4,16,hydro,2,3,3,free_surface,2448,1183.8557,8443.3500,7.132,-1.000
sandwich,0.60000,0.60004,4,16,hydro,3,3,3,grip,2448,1502.9228,16427.8645,10.931,-1.000
sandwich,0.75000,0.75210,4,16,uni_x,0,0,0,grip,3080,1933.3741,6746.6933,3.490,4.471
sandwich,0.75000,0.75210,4,16,uni_x,1,0,0,free_surface,3080,1969.5358,6589.0118,3.345,4.367
sandwich,0.75000,0.75210,4,16,uni_x,2,0,0,free_surface,3080,1969.5321,6589.0277,3.345,4.367
sandwich,0.75000,0.75210,4,16,uni_x,3,0,0,grip,3080,1933.3731,6746.7029,3.490,4.471
sandwich,0.75000,0.75210,4,16,uni_x,0,1,0,grip,3080,1797.0659,6724.3159,3.742,4.456
sandwich,0.75000,0.75210,4,16,uni_x,1,1,0,free_surface,3080,2056.1997,6739.4018,3.278,4.466
sandwich,0.75000,0.75210,4,16,uni_x,2,1,0,free_surface,3080,2056.2002,6739.3980,3.278,4.466
sandwich,0.75000,0.75210,4,16,uni_x,3,1,0,grip,3080,1797.0677,6724.3131,3.742,4.456
sandwich,0.75000,0.75210,4,16,uni_x,0,2,0,grip,3080,1797.0659,6724.3159,3.742,4.456
sandwich,0.75000,0.75210,4,16,uni_x,1,2,0,free_surface,3080,2056.1997,6739.4018,3.278,4.466
sandwich,0.75000,0.75210,4,16,uni_x,2,2,0,free_surface,3080,2056.2002,6739.3980,3.278,4.466
sandwich,0.75000,0.75210,4,16,uni_x,3,2,0,grip,3080,1797.0677,6724.3131,3.742,4.456
sandwich,0.75000,0.75210,4,16,uni_x,0,3,0,grip,3080,1933.3741,6746.6933,3.490,4.471
sandwich,0.75000,0.75210,4,16,uni_x,1,3,0,free_surface,3080,1969.5358,6589.0118,3.345,4.367
sandwich,0.75000,0.75210,4,16,uni_x,2,3,0,free_surface,3080,1969.5321,6589.0277,3.345,4.367
sandwich,0.75000,0.75210,4,16,uni_x,3,3,0,grip,3080,1933.3731,6746.7029,3.490,4.471
sandwich,0.75000,0.75210,4,16,uni_x,0,0,1,grip,3080,1797.0659,6724.3159,3.742,4.456
sandwich,0.75000,0.75210,4,16,uni_x,1,0,1,free_surface,3080,2056.1997,6739.4018,3.278,4.466
sandwich,0.75000,0.75210,4,16,uni_x,2,0,1,free_surface,3080,2056.2002,6739.3980,3.278,4.466
sandwich,0.75000,0.75210,4,16,uni_x,3,0,1,grip,3080,1797.0677,6724.3131,3.742,4.456
sandwich,0.75000,0.75210,4,16,uni_x,0,1,1,grip,3080,1634.2741,6420.8280,3.929,4.255
sandwich,0.75000,0.75210,4,16,uni_x,1,1,1,interior,3080,2131.4569,6888.9637,3.232,4.565
sandwich,0.75000,0.75210,4,16,uni_x,2,1,1,interior,3080,2131.4569,6888.9584,3.232,4.565
sandwich,0.75000,0.75210,4,16,uni_x,3,1,1,grip,3080,1634.2714,6420.8278,3.929,4.255
sandwich,0.75000,0.75210,4,16,uni_x,0,2,1,grip,3080,1634.2741,6420.8280,3.929,4.255
sandwich,0.75000,0.75210,4,16,uni_x,1,2,1,interior,3080,2131.4569,6888.9637,3.232,4.565
sandwich,0.75000,0.75210,4,16,uni_x,2,2,1,interior,3080,2131.4569,6888.9584,3.232,4.565
sandwich,0.75000,0.75210,4,16,uni_x,3,2,1,grip,3080,1634.2714,6420.8278,3.929,4.255
sandwich,0.75000,0.75210,4,16,uni_x,0,3,1,grip,3080,1797.0659,6724.3159,3.742,4.456
sandwich,0.75000,0.75210,4,16,uni_x,1,3,1,free_surface,3080,2056.1997,6739.4018,3.278,4.466
sandwich,0.75000,0.75210,4,16,uni_x,2,3,1,free_surface,3080,2056.2002,6739.3980,3.278,4.466
sandwich,0.75000,0.75210,4,16,uni_x,3,3,1,grip,3080,1797.0677,6724.3131,3.742,4.456
sandwich,0.75000,0.75210,4,16,uni_x,0,0,2,grip,3080,1797.0659,6724.3159,3.742,4.456
sandwich,0.75000,0.75210,4,16,uni_x,1,0,2,free_surface,3080,2056.1997,6739.4018,3.278,4.466
sandwich,0.75000,0.75210,4,16,uni_x,2,0,2,free_surface,3080,2056.2002,6739.3980,3.278,4.466
sandwich,0.75000,0.75210,4,16,uni_x,3,0,2,grip,3080,1797.0677,6724.3131,3.742,4.456
sandwich,0.75000,0.75210,4,16,uni_x,0,1,2,grip,3080,1634.2741,6420.8280,3.929,4.255
sandwich,0.75000,0.75210,4,16,uni_x,1,1,2,interior,3080,2131.4569,6888.9637,3.232,4.565
sandwich,0.75000,0.75210,4,16,uni_x,2,1,2,interior,3080,2131.4569,6888.9584,3.232,4.565
sandwich,0.75000,0.75210,4,16,uni_x,3,1,2,grip,3080,1634.2714,6420.8278,3.929,4.255
sandwich,0.75000,0.75210,4,16,uni_x,0,2,2,grip,3080,1634.2741,6420.8280,3.929,4.255
sandwich,0.75000,0.75210,4,16,uni_x,1,2,2,interior,3080,2131.4569,6888.9637,3.232,4.565
sandwich,0.75000,0.75210,4,16,uni_x,2,2,2,interior,3080,2131.4569,6888.9584,3.232,4.565
sandwich,0.75000,0.75210,4,16,uni_x,3,2,2,grip,3080,1634.2714,6420.8278,3.929,4.255
sandwich,0.75000,0.75210,4,16,uni_x,0,3,2,grip,3080,1797.0659,6724.3159,3.742,4.456
sandwich,0.75000,0.75210,4,16,uni_x,1,3,2,free_surface,3080,2056.1997,6739.4018,3.278,4.466
sandwich,0.75000,0.75210,4,16,uni_x,2,3,2,free_surface,3080,2056.2002,6739.3980,3.278,4.466
sandwich,0.75000,0.75210,4,16,uni_x,3,3,2,grip,3080,1797.0677,6724.3131,3.742,4.456
sandwich,0.75000,0.75210,4,16,uni_x,0,0,3,grip,3080,1933.3741,6746.6933,3.490,4.471
sandwich,0.75000,0.75210,4,16,uni_x,1,0,3,free_surface,3080,1969.5358,6589.0118,3.345,4.367
sandwich,0.75000,0.75210,4,16,uni_x,2,0,3,free_surface,3080,1969.5321,6589.0277,3.345,4.367
sandwich,0.75000,0.75210,4,16,uni_x,3,0,3,grip,3080,1933.3731,6746.7029,3.490,4.471
sandwich,0.75000,0.75210,4,16,uni_x,0,1,3,grip,3080,1797.0659,6724.3159,3.742,4.456
sandwich,0.75000,0.75210,4,16,uni_x,1,1,3,free_surface,3080,2056.1997,6739.4018,3.278,4.466
sandwich,0.75000,0.75210,4,16,uni_x,2,1,3,free_surface,3080,2056.2002,6739.3980,3.278,4.466
sandwich,0.75000,0.75210,4,16,uni_x,3,1,3,grip,3080,1797.0677,6724.3131,3.742,4.456
sandwich,0.75000,0.75210,4,16,uni_x,0,2,3,grip,3080,1797.0659,6724.3159,3.742,4.456
sandwich,0.75000,0.75210,4,16,uni_x,1,2,3,free_surface,3080,2056.1997,6739.4018,3.278,4.466
sandwich,0.75000,0.75210,4,16,uni_x,2,2,3,free_surface,3080,2056.2002,6739.3980,3.278,4.466
sandwich,0.75000,0.75210,4,16,uni_x,3,2,3,grip,3080,1797.0677,6724.3131,3.742,4.456
sandwich,0.75000,0.75210,4,16,uni_x,0,3,3,grip,3080,1933.3741,6746.6933,3.490,4.471
sandwich,0.75000,0.75210,4,16,uni_x,1,3,3,free_surface,3080,1969.5358,6589.0118,3.345,4.367
sandwich,0.75000,0.75210,4,16,uni_x,2,3,3,free_surface,3080,1969.5321,6589.0277,3.345,4.367
sandwich,0.75000,0.75210,4,16,uni_x,3,3,3,grip,3080,1933.3731,6746.7029,3.490,4.471
sandwich,0.75000,0.75210,4,16,uni_z,0,0,0,grip,3080,1220.9269,7743.6963,6.342,5.132
sandwich,0.75000,0.75210,4,16,uni_z,1,0,0,free_surface,3080,148.2961,1248.4578,8.419,0.827
sandwich,0.75000,0.75210,4,16,uni_z,2,0,0,free_surface,3080,148.2961,1248.4578,8.419,0.827
sandwich,0.75000,0.75210,4,16,uni_z,3,0,0,grip,3080,1220.9269,7743.6963,6.342,5.132
sandwich,0.75000,0.75210,4,16,uni_z,0,1,0,grip,3080,1196.7958,7320.6413,6.117,4.851
sandwich,0.75000,0.75210,4,16,uni_z,1,1,0,free_surface,3080,159.3119,1180.3793,7.409,0.782
sandwich,0.75000,0.75210,4,16,uni_z,2,1,0,free_surface,3080,159.3119,1180.3793,7.409,0.782
sandwich,0.75000,0.75210,4,16,uni_z,3,1,0,grip,3080,1196.7958,7320.6413,6.117,4.851
sandwich,0.75000,0.75210,4,16,uni_z,0,2,0,grip,3080,1196.7958,7320.6413,6.117,4.851
sandwich,0.75000,0.75210,4,16,uni_z,1,2,0,free_surface,3080,159.3119,1180.3793,7.409,0.782
sandwich,0.75000,0.75210,4,16,uni_z,2,2,0,free_surface,3080,159.3119,1180.3793,7.409,0.782
sandwich,0.75000,0.75210,4,16,uni_z,3,2,0,grip,3080,1196.7958,7320.6413,6.117,4.851
sandwich,0.75000,0.75210,4,16,uni_z,0,3,0,grip,3080,1220.9269,7743.6963,6.342,5.132
sandwich,0.75000,0.75210,4,16,uni_z,1,3,0,free_surface,3080,148.2961,1248.4578,8.419,0.827
sandwich,0.75000,0.75210,4,16,uni_z,2,3,0,free_surface,3080,148.2961,1248.4578,8.419,0.827
sandwich,0.75000,0.75210,4,16,uni_z,3,3,0,grip,3080,1220.9269,7743.6963,6.342,5.132
sandwich,0.75000,0.75210,4,16,uni_z,0,0,1,grip,3080,1255.7025,5521.6447,4.397,3.659
sandwich,0.75000,0.75210,4,16,uni_z,1,0,1,free_surface,3080,341.3453,1977.1006,5.792,1.310
sandwich,0.75000,0.75210,4,16,uni_z,2,0,1,free_surface,3080,341.3453,1977.1006,5.792,1.310
sandwich,0.75000,0.75210,4,16,uni_z,3,0,1,grip,3080,1255.7025,5521.6447,4.397,3.659
sandwich,0.75000,0.75210,4,16,uni_z,0,1,1,grip,3080,1240.0068,5541.7886,4.469,3.673
sandwich,0.75000,0.75210,4,16,uni_z,1,1,1,interior,3080,356.6238,1997.9059,5.602,1.324
sandwich,0.75000,0.75210,4,16,uni_z,2,1,1,interior,3080,356.6238,1997.9059,5.602,1.324
sandwich,0.75000,0.75210,4,16,uni_z,3,1,1,grip,3080,1240.0068,5541.7886,4.469,3.673
sandwich,0.75000,0.75210,4,16,uni_z,0,2,1,grip,3080,1240.0068,5541.7886,4.469,3.673
sandwich,0.75000,0.75210,4,16,uni_z,1,2,1,interior,3080,356.6238,1997.9059,5.602,1.324
sandwich,0.75000,0.75210,4,16,uni_z,2,2,1,interior,3080,356.6238,1997.9059,5.602,1.324
sandwich,0.75000,0.75210,4,16,uni_z,3,2,1,grip,3080,1240.0068,5541.7886,4.469,3.673
sandwich,0.75000,0.75210,4,16,uni_z,0,3,1,grip,3080,1255.7025,5521.6447,4.397,3.659
sandwich,0.75000,0.75210,4,16,uni_z,1,3,1,free_surface,3080,341.3453,1977.1006,5.792,1.310
sandwich,0.75000,0.75210,4,16,uni_z,2,3,1,free_surface,3080,341.3453,1977.1006,5.792,1.310
sandwich,0.75000,0.75210,4,16,uni_z,3,3,1,grip,3080,1255.7025,5521.6447,4.397,3.659
sandwich,0.75000,0.75210,4,16,uni_z,0,0,2,grip,3080,1255.7032,5521.6438,4.397,3.659
sandwich,0.75000,0.75210,4,16,uni_z,1,0,2,free_surface,3080,341.3456,1977.1002,5.792,1.310
sandwich,0.75000,0.75210,4,16,uni_z,2,0,2,free_surface,3080,341.3456,1977.1002,5.792,1.310
sandwich,0.75000,0.75210,4,16,uni_z,3,0,2,grip,3080,1255.7032,5521.6438,4.397,3.659
sandwich,0.75000,0.75210,4,16,uni_z,0,1,2,grip,3080,1240.0070,5541.7865,4.469,3.673
sandwich,0.75000,0.75210,4,16,uni_z,1,1,2,interior,3080,356.6244,1997.9093,5.602,1.324
sandwich,0.75000,0.75210,4,16,uni_z,2,1,2,interior,3080,356.6244,1997.9093,5.602,1.324
sandwich,0.75000,0.75210,4,16,uni_z,3,1,2,grip,3080,1240.0070,5541.7865,4.469,3.673
sandwich,0.75000,0.75210,4,16,uni_z,0,2,2,grip,3080,1240.0070,5541.7865,4.469,3.673
sandwich,0.75000,0.75210,4,16,uni_z,1,2,2,interior,3080,356.6244,1997.9093,5.602,1.324
sandwich,0.75000,0.75210,4,16,uni_z,2,2,2,interior,3080,356.6244,1997.9093,5.602,1.324
sandwich,0.75000,0.75210,4,16,uni_z,3,2,2,grip,3080,1240.0070,5541.7865,4.469,3.673
sandwich,0.75000,0.75210,4,16,uni_z,0,3,2,grip,3080,1255.7032,5521.6438,4.397,3.659
sandwich,0.75000,0.75210,4,16,uni_z,1,3,2,free_surface,3080,341.3456,1977.1002,5.792,1.310
sandwich,0.75000,0.75210,4,16,uni_z,2,3,2,free_surface,3080,341.3456,1977.1002,5.792,1.310
sandwich,0.75000,0.75210,4,16,uni_z,3,3,2,grip,3080,1255.7032,5521.6438,4.397,3.659
sandwich,0.75000,0.75210,4,16,uni_z,0,0,3,grip,3080,1220.9277,7743.7001,6.342,5.132
sandwich,0.75000,0.75210,4,16,uni_z,1,0,3,free_surface,3080,148.2952,1248.4588,8.419,0.827
sandwich,0.75000,0.75210,4,16,uni_z,2,0,3,free_surface,3080,148.2952,1248.4588,8.419,0.827
sandwich,0.75000,0.75210,4,16,uni_z,3,0,3,grip,3080,1220.9277,7743.7001,6.342,5.132
sandwich,0.75000,0.75210,4,16,uni_z,0,1,3,grip,3080,1196.7946,7320.6338,6.117,4.851
sandwich,0.75000,0.75210,4,16,uni_z,1,1,3,free_surface,3080,159.3110,1180.3823,7.409,0.782
sandwich,0.75000,0.75210,4,16,uni_z,2,1,3,free_surface,3080,159.3110,1180.3823,7.409,0.782
sandwich,0.75000,0.75210,4,16,uni_z,3,1,3,grip,3080,1196.7946,7320.6338,6.117,4.851
sandwich,0.75000,0.75210,4,16,uni_z,0,2,3,grip,3080,1196.7946,7320.6338,6.117,4.851
sandwich,0.75000,0.75210,4,16,uni_z,1,2,3,free_surface,3080,159.3110,1180.3823,7.409,0.782
sandwich,0.75000,0.75210,4,16,uni_z,2,2,3,free_surface,3080,159.3110,1180.3823,7.409,0.782
sandwich,0.75000,0.75210,4,16,uni_z,3,2,3,grip,3080,1196.7946,7320.6338,6.117,4.851
sandwich,0.75000,0.75210,4,16,uni_z,0,3,3,grip,3080,1220.9277,7743.7001,6.342,5.132
sandwich,0.75000,0.75210,4,16,uni_z,1,3,3,free_surface,3080,148.2952,1248.4588,8.419,0.827
sandwich,0.75000,0.75210,4,16,uni_z,2,3,3,free_surface,3080,148.2952,1248.4588,8.419,0.827
sandwich,0.75000,0.75210,4,16,uni_z,3,3,3,grip,3080,1220.9277,7743.7001,6.342,5.132
sandwich,0.75000,0.75210,4,16,biax_xy,0,0,0,grip,3080,2232.0939,13014.1130,5.830,8.624
sandwich,0.75000,0.75210,4,16,biax_xy,1,0,0,free_surface,3080,1935.1532,7488.5313,3.870,4.963
sandwich,0.75000,0.75210,4,16,biax_xy,2,0,0,free_surface,3080,1935.1496,7488.5423,3.870,4.963
sandwich,0.75000,0.75210,4,16,biax_xy,3,0,0,grip,3080,2232.0928,13014.1014,5.830,8.624
sandwich,0.75000,0.75210,4,16,biax_xy,0,1,0,grip,3080,1693.0392,7995.3729,4.722,5.299
sandwich,0.75000,0.75210,4,16,biax_xy,1,1,0,free_surface,3080,2305.9882,7997.9876,3.468,5.300
sandwich,0.75000,0.75210,4,16,biax_xy,2,1,0,free_surface,3080,2305.9887,7997.9840,3.468,5.300
sandwich,0.75000,0.75210,4,16,biax_xy,3,1,0,grip,3080,1693.0409,7995.3716,4.722,5.299
sandwich,0.75000,0.75210,4,16,biax_xy,0,2,0,grip,3080,1693.0393,7995.3699,4.722,5.299
sandwich,0.75000,0.75210,4,16,biax_xy,1,2,0,free_surface,3080,2305.9888,7997.9882,3.468,5.300
sandwich,0.75000,0.75210,4,16,biax_xy,2,2,0,free_surface,3080,2305.9893,7997.9846,3.468,5.300
sandwich,0.75000,0.75210,4,16,biax_xy,3,2,0,grip,3080,1693.0410,7995.3686,4.722,5.299
sandwich,0.75000,0.75210,4,16,biax_xy,0,3,0,grip,3080,2232.0940,13014.1167,5.830,8.624
sandwich,0.75000,0.75210,4,16,biax_xy,1,3,0,free_surface,3080,1935.1536,7488.5341,3.870,4.963
sandwich,0.75000,0.75210,4,16,biax_xy,2,3,0,free_surface,3080,1935.1501,7488.5451,3.870,4.963
sandwich,0.75000,0.75210,4,16,biax_xy,3,3,0,grip,3080,2232.0929,13014.1051,5.830,8.624
sandwich,0.75000,0.75210,4,16,biax_xy,0,0,1,grip,3080,2045.5924,11280.6390,5.515,7.476
sandwich,0.75000,0.75210,4,16,biax_xy,1,0,1,free_surface,3080,2049.0152,7693.1128,3.755,5.098
sandwich,0.75000,0.75210,4,16,biax_xy,2,0,1,free_surface,3080,2049.0157,7693.1002,3.755,5.098
sandwich,0.75000,0.75210,4,16,biax_xy,3,0,1,grip,3080,2045.5923,11280.6344,5.515,7.476
sandwich,0.75000,0.75210,4,16,biax_xy,0,1,1,grip,3080,1399.0764,7664.0695,5.478,5.079
sandwich,0.75000,0.75210,4,16,biax_xy,1,1,1,interior,3080,2387.6275,8225.5075,3.445,5.451
sandwich,0.75000,0.75210,4,16,biax_xy,2,1,1,interior,3080,2387.6273,8225.5022,3.445,5.451
sandwich,0.75000,0.75210,4,16,biax_xy,3,1,1,grip,3080,1399.0739,7664.0686,5.478,5.079
sandwich,0.75000,0.75210,4,16,biax_xy,0,2,1,grip,3080,1399.0758,7664.0591,5.478,5.079
sandwich,0.75000,0.75210,4,16,biax_xy,1,2,1,interior,3080,2387.6283,8225.5070,3.445,5.451
sandwich,0.75000,0.75210,4,16,biax_xy,2,2,1,interior,3080,2387.6281,8225.5017,3.445,5.451
sandwich,0.75000,0.75210,4,16,biax_xy,3,2,1,grip,3080,1399.0733,7664.0582,5.478,5.079
sandwich,0.75000,0.75210,4,16,biax_xy,0,3,1,grip,3080,2045.5906,11280.6362,5.515,7.476
sandwich,0.75000,0.75210,4,16,biax_xy,1,3,1,free_surface,3080,2049.0156,7693.1214,3.755,5.098
sandwich,0.75000,0.75210,4,16,biax_xy,2,3,1,free_surface,3080,2049.0161,7693.1089,3.755,5.098
sandwich,0.75000,0.75210,4,16,biax_xy,3,3,1,grip,3080,2045.5906,11280.6316,5.515,7.476
sandwich,0.75000,0.75210,4,16,biax_xy,0,0,2,grip,3080,2045.5924,11280.6390,5.515,7.476
sandwich,0.75000,0.75210,4,16,biax_xy,1,0,2,free_surface,3080,2049.0152,7693.1128,3.755,5.098
sandwich,0.75000,0.75210,4,16,biax_xy,2,0,2,free_surface,3080,2049.0157,7693.1002,3.755,5.098
sandwich,0.75000,0.75210,4,16,biax_xy,3,0,2,grip,3080,2045.5923,11280.6344,5.515,7.476
sandwich,0.75000,0.75210,4,16,biax_xy,0,1,2,grip,3080,1399.0764,7664.0695,5.478,5.079
sandwich,0.75000,0.75210,4,16,biax_xy,1,1,2,interior,3080,2387.6275,8225.5075,3.445,5.451
sandwich,0.75000,0.75210,4,16,biax_xy,2,1,2,interior,3080,2387.6273,8225.5022,3.445,5.451
sandwich,0.75000,0.75210,4,16,biax_xy,3,1,2,grip,3080,1399.0739,7664.0686,5.478,5.079
sandwich,0.75000,0.75210,4,16,biax_xy,0,2,2,grip,3080,1399.0758,7664.0591,5.478,5.079
sandwich,0.75000,0.75210,4,16,biax_xy,1,2,2,interior,3080,2387.6283,8225.5070,3.445,5.451
sandwich,0.75000,0.75210,4,16,biax_xy,2,2,2,interior,3080,2387.6281,8225.5017,3.445,5.451
sandwich,0.75000,0.75210,4,16,biax_xy,3,2,2,grip,3080,1399.0733,7664.0582,5.478,5.079
sandwich,0.75000,0.75210,4,16,biax_xy,0,3,2,grip,3080,2045.5906,11280.6362,5.515,7.476
sandwich,0.75000,0.75210,4,16,biax_xy,1,3,2,free_surface,3080,2049.0156,7693.1214,3.755,5.098
sandwich,0.75000,0.75210,4,16,biax_xy,2,3,2,free_surface,3080,2049.0161,7693.1089,3.755,5.098
sandwich,0.75000,0.75210,4,16,biax_xy,3,3,2,grip,3080,2045.5906,11280.6316,5.515,7.476
sandwich,0.75000,0.75210,4,16,biax_xy,0,0,3,grip,3080,2232.0939,13014.1130,5.830,8.624
sandwich,0.75000,0.75210,4,16,biax_xy,1,0,3,free_surface,3080,1935.1532,7488.5313,3.870,4.963
sandwich,0.75000,0.75210,4,16,biax_xy,2,0,3,free_surface,3080,1935.1496,7488.5423,3.870,4.963
sandwich,0.75000,0.75210,4,16,biax_xy,3,0,3,grip,3080,2232.0928,13014.1014,5.830,8.624
sandwich,0.75000,0.75210,4,16,biax_xy,0,1,3,grip,3080,1693.0392,7995.3729,4.722,5.299
sandwich,0.75000,0.75210,4,16,biax_xy,1,1,3,free_surface,3080,2305.9882,7997.9876,3.468,5.300
sandwich,0.75000,0.75210,4,16,biax_xy,2,1,3,free_surface,3080,2305.9887,7997.9840,3.468,5.300
sandwich,0.75000,0.75210,4,16,biax_xy,3,1,3,grip,3080,1693.0409,7995.3716,4.722,5.299
sandwich,0.75000,0.75210,4,16,biax_xy,0,2,3,grip,3080,1693.0393,7995.3699,4.722,5.299
sandwich,0.75000,0.75210,4,16,biax_xy,1,2,3,free_surface,3080,2305.9888,7997.9882,3.468,5.300
sandwich,0.75000,0.75210,4,16,biax_xy,2,2,3,free_surface,3080,2305.9893,7997.9846,3.468,5.300
sandwich,0.75000,0.75210,4,16,biax_xy,3,2,3,grip,3080,1693.0410,7995.3686,4.722,5.299
sandwich,0.75000,0.75210,4,16,biax_xy,0,3,3,grip,3080,2232.0940,13014.1167,5.830,8.624
sandwich,0.75000,0.75210,4,16,biax_xy,1,3,3,free_surface,3080,1935.1536,7488.5341,3.870,4.963
sandwich,0.75000,0.75210,4,16,biax_xy,2,3,3,free_surface,3080,1935.1501,7488.5451,3.870,4.963
sandwich,0.75000,0.75210,4,16,biax_xy,3,3,3,grip,3080,2232.0929,13014.1051,5.830,8.624
sandwich,0.75000,0.75210,4,16,shear_xy,0,0,0,grip,3080,960.1850,4123.9205,4.295,3.659
sandwich,0.75000,0.75210,4,16,shear_xy,1,0,0,free_surface,3080,622.2918,2529.2008,4.064,2.244
sandwich,0.75000,0.75210,4,16,shear_xy,2,0,0,free_surface,3080,622.2925,2529.2086,4.064,2.244
sandwich,0.75000,0.75210,4,16,shear_xy,3,0,0,grip,3080,960.1856,4123.9200,4.295,3.659
sandwich,0.75000,0.75210,4,16,shear_xy,0,1,0,grip,3080,966.6544,3098.5473,3.205,2.749
sandwich,0.75000,0.75210,4,16,shear_xy,1,1,0,free_surface,3080,1094.8162,3490.6188,3.188,3.097
sandwich,0.75000,0.75210,4,16,shear_xy,2,1,0,free_surface,3080,1094.8172,3490.6224,3.188,3.097
sandwich,0.75000,0.75210,4,16,shear_xy,3,1,0,grip,3080,966.6557,3098.5539,3.205,2.749
sandwich,0.75000,0.75210,4,16,shear_xy,0,2,0,grip,3080,966.6534,3098.5480,3.205,2.749
sandwich,0.75000,0.75210,4,16,shear_xy,1,2,0,free_surface,3080,1094.8151,3490.6176,3.188,3.097
sandwich,0.75000,0.75210,4,16,shear_xy,2,2,0,free_surface,3080,1094.8162,3490.6212,3.188,3.097
sandwich,0.75000,0.75210,4,16,shear_xy,3,2,0,grip,3080,966.6547,3098.5547,3.205,2.749
sandwich,0.75000,0.75210,4,16,shear_xy,0,3,0,grip,3080,960.1851,4123.9205,4.295,3.659
sandwich,0.75000,0.75210,4,16,shear_xy,1,3,0,free_surface,3080,622.2912,2529.1944,4.064,2.244
sandwich,0.75000,0.75210,4,16,shear_xy,2,3,0,free_surface,3080,622.2919,2529.2022,4.064,2.244
sandwich,0.75000,0.75210,4,16,shear_xy,3,3,0,grip,3080,960.1856,4123.9201,4.295,3.659
sandwich,0.75000,0.75210,4,16,shear_xy,0,0,1,grip,3080,962.1716,4103.5471,4.265,3.641
sandwich,0.75000,0.75210,4,16,shear_xy,1,0,1,free_surface,3080,612.9921,2521.4215,4.113,2.237
sandwich,0.75000,0.75210,4,16,shear_xy,2,0,1,free_surface,3080,612.9918,2521.4256,4.113,2.237
sandwich,0.75000,0.75210,4,16,shear_xy,3,0,1,grip,3080,962.1701,4103.5441,4.265,3.641
sandwich,0.75000,0.75210,4,16,shear_xy,0,1,1,grip,3080,980.1472,3122.6551,3.186,2.770
sandwich,0.75000,0.75210,4,16,shear_xy,1,1,1,interior,3080,1079.8225,3454.0103,3.199,3.064
sandwich,0.75000,0.75210,4,16,shear_xy,2,1,1,interior,3080,1079.8228,3454.0128,3.199,3.064
sandwich,0.75000,0.75210,4,16,shear_xy,3,1,1,grip,3080,980.1449,3122.6488,3.186,2.770
sandwich,0.75000,0.75210,4,16,shear_xy,0,2,1,grip,3080,980.1488,3122.6709,3.186,2.770
sandwich,0.75000,0.75210,4,16,shear_xy,1,2,1,interior,3080,1079.8253,3454.0249,3.199,3.064
sandwich,0.75000,0.75210,4,16,shear_xy,2,2,1,interior,3080,1079.8255,3454.0274,3.199,3.064
sandwich,0.75000,0.75210,4,16,shear_xy,3,2,1,grip,3080,980.1465,3122.6646,3.186,2.770
sandwich,0.75000,0.75210,4,16,shear_xy,0,3,1,grip,3080,962.1715,4103.5392,4.265,3.641
sandwich,0.75000,0.75210,4,16,shear_xy,1,3,1,free_surface,3080,612.9935,2521.4229,4.113,2.237
sandwich,0.75000,0.75210,4,16,shear_xy,2,3,1,free_surface,3080,612.9931,2521.4271,4.113,2.237
sandwich,0.75000,0.75210,4,16,shear_xy,3,3,1,grip,3080,962.1701,4103.5362,4.265,3.641
sandwich,0.75000,0.75210,4,16,shear_xy,0,0,2,grip,3080,962.1716,4103.5471,4.265,3.641
sandwich,0.75000,0.75210,4,16,shear_xy,1,0,2,free_surface,3080,612.9921,2521.4215,4.113,2.237
sandwich,0.75000,0.75210,4,16,shear_xy,2,0,2,free_surface,3080,612.9918,2521.4256,4.113,2.237
sandwich,0.75000,0.75210,4,16,shear_xy,3,0,2,grip,3080,962.1701,4103.5441,4.265,3.641
sandwich,0.75000,0.75210,4,16,shear_xy,0,1,2,grip,3080,980.1472,3122.6551,3.186,2.770
sandwich,0.75000,0.75210,4,16,shear_xy,1,1,2,interior,3080,1079.8225,3454.0103,3.199,3.064
sandwich,0.75000,0.75210,4,16,shear_xy,2,1,2,interior,3080,1079.8228,3454.0128,3.199,3.064
sandwich,0.75000,0.75210,4,16,shear_xy,3,1,2,grip,3080,980.1449,3122.6488,3.186,2.770
sandwich,0.75000,0.75210,4,16,shear_xy,0,2,2,grip,3080,980.1488,3122.6709,3.186,2.770
sandwich,0.75000,0.75210,4,16,shear_xy,1,2,2,interior,3080,1079.8253,3454.0249,3.199,3.064
sandwich,0.75000,0.75210,4,16,shear_xy,2,2,2,interior,3080,1079.8255,3454.0274,3.199,3.064
sandwich,0.75000,0.75210,4,16,shear_xy,3,2,2,grip,3080,980.1465,3122.6646,3.186,2.770
sandwich,0.75000,0.75210,4,16,shear_xy,0,3,2,grip,3080,962.1715,4103.5392,4.265,3.641
sandwich,0.75000,0.75210,4,16,shear_xy,1,3,2,free_surface,3080,612.9935,2521.4229,4.113,2.237
sandwich,0.75000,0.75210,4,16,shear_xy,2,3,2,free_surface,3080,612.9931,2521.4271,4.113,2.237
sandwich,0.75000,0.75210,4,16,shear_xy,3,3,2,grip,3080,962.1701,4103.5362,4.265,3.641
sandwich,0.75000,0.75210,4,16,shear_xy,0,0,3,grip,3080,960.1850,4123.9205,4.295,3.659
sandwich,0.75000,0.75210,4,16,shear_xy,1,0,3,free_surface,3080,622.2918,2529.2008,4.064,2.244
sandwich,0.75000,0.75210,4,16,shear_xy,2,0,3,free_surface,3080,622.2925,2529.2086,4.064,2.244
sandwich,0.75000,0.75210,4,16,shear_xy,3,0,3,grip,3080,960.1856,4123.9200,4.295,3.659
sandwich,0.75000,0.75210,4,16,shear_xy,0,1,3,grip,3080,966.6544,3098.5473,3.205,2.749
sandwich,0.75000,0.75210,4,16,shear_xy,1,1,3,free_surface,3080,1094.8162,3490.6188,3.188,3.097
sandwich,0.75000,0.75210,4,16,shear_xy,2,1,3,free_surface,3080,1094.8172,3490.6224,3.188,3.097
sandwich,0.75000,0.75210,4,16,shear_xy,3,1,3,grip,3080,966.6557,3098.5539,3.205,2.749
sandwich,0.75000,0.75210,4,16,shear_xy,0,2,3,grip,3080,966.6534,3098.5480,3.205,2.749
sandwich,0.75000,0.75210,4,16,shear_xy,1,2,3,free_surface,3080,1094.8151,3490.6176,3.188,3.097
sandwich,0.75000,0.75210,4,16,shear_xy,2,2,3,free_surface,3080,1094.8162,3490.6212,3.188,3.097
sandwich,0.75000,0.75210,4,16,shear_xy,3,2,3,grip,3080,966.6547,3098.5547,3.205,2.749
sandwich,0.75000,0.75210,4,16,shear_xy,0,3,3,grip,3080,960.1851,4123.9205,4.295,3.659
sandwich,0.75000,0.75210,4,16,shear_xy,1,3,3,free_surface,3080,622.2912,2529.1944,4.064,2.244
sandwich,0.75000,0.75210,4,16,shear_xy,2,3,3,free_surface,3080,622.2919,2529.2022,4.064,2.244
sandwich,0.75000,0.75210,4,16,shear_xy,3,3,3,grip,3080,960.1856,4123.9201,4.295,3.659
sandwich,0.75000,0.75210,4,16,shear_diag,0,0,0,grip,3080,2339.8617,7153.5789,3.057,2.737
sandwich,0.75000,0.75210,4,16,shear_diag,1,0,0,free_surface,3080,2014.2761,7250.4824,3.600,2.774
sandwich,0.75000,0.75210,4,16,shear_diag,2,0,0,free_surface,3080,2014.2724,7250.4567,3.600,2.774
sandwich,0.75000,0.75210,4,16,shear_diag,3,0,0,grip,3080,2339.8611,7153.5640,3.057,2.737
sandwich,0.75000,0.75210,4,16,shear_diag,0,1,0,grip,3080,2597.3233,7088.4980,2.729,2.712
sandwich,0.75000,0.75210,4,16,shear_diag,1,1,0,free_surface,3080,1836.1280,5701.4222,3.105,2.181
sandwich,0.75000,0.75210,4,16,shear_diag,2,1,0,free_surface,3080,1836.1285,5701.4340,3.105,2.181
sandwich,0.75000,0.75210,4,16,shear_diag,3,1,0,grip,3080,2597.3246,7088.4923,2.729,2.712
sandwich,0.75000,0.75210,4,16,shear_diag,0,2,0,grip,3080,2597.3238,7088.5034,2.729,2.712
sandwich,0.75000,0.75210,4,16,shear_diag,1,2,0,free_surface,3080,1836.1274,5701.4195,3.105,2.181
sandwich,0.75000,0.75210,4,16,shear_diag,2,2,0,free_surface,3080,1836.1279,5701.4313,3.105,2.181
sandwich,0.75000,0.75210,4,16,shear_diag,3,2,0,grip,3080,2597.3252,7088.4977,2.729,2.712
sandwich,0.75000,0.75210,4,16,shear_diag,0,3,0,grip,3080,2339.8623,7153.5816,3.057,2.737
sandwich,0.75000,0.75210,4,16,shear_diag,1,3,0,free_surface,3080,2014.2755,7250.4835,3.600,2.774
sandwich,0.75000,0.75210,4,16,shear_diag,2,3,0,free_surface,3080,2014.2718,7250.4578,3.600,2.774
sandwich,0.75000,0.75210,4,16,shear_diag,3,3,0,grip,3080,2339.8618,7153.5666,3.057,2.737
sandwich,0.75000,0.75210,4,16,shear_diag,0,0,1,grip,3080,2266.9548,6617.0406,2.919,2.532
sandwich,0.75000,0.75210,4,16,shear_diag,1,0,1,free_surface,3080,2075.6231,7281.1381,3.508,2.786
sandwich,0.75000,0.75210,4,16,shear_diag,2,0,1,free_surface,3080,2075.6237,7281.1257,3.508,2.786
sandwich,0.75000,0.75210,4,16,shear_diag,3,0,1,grip,3080,2266.9578,6617.0518,2.919,2.532
sandwich,0.75000,0.75210,4,16,shear_diag,0,1,1,grip,3080,2541.5591,6749.2713,2.656,2.582
sandwich,0.75000,0.75210,4,16,shear_diag,1,1,1,interior,3080,1907.8295,5813.0679,3.047,2.224
sandwich,0.75000,0.75210,4,16,shear_diag,2,1,1,interior,3080,1907.8296,5813.0817,3.047,2.224
sandwich,0.75000,0.75210,4,16,shear_diag,3,1,1,grip,3080,2541.5569,6749.2753,2.656,2.582
sandwich,0.75000,0.75210,4,16,shear_diag,0,2,1,grip,3080,2541.5597,6749.2732,2.656,2.582
sandwich,0.75000,0.75210,4,16,shear_diag,1,2,1,interior,3080,1907.8288,5813.0638,3.047,2.224
sandwich,0.75000,0.75210,4,16,shear_diag,2,2,1,interior,3080,1907.8288,5813.0776,3.047,2.224
sandwich,0.75000,0.75210,4,16,shear_diag,3,2,1,grip,3080,2541.5575,6749.2772,2.656,2.582
sandwich,0.75000,0.75210,4,16,shear_diag,0,3,1,grip,3080,2266.9551,6617.0446,2.919,2.532
sandwich,0.75000,0.75210,4,16,shear_diag,1,3,1,free_surface,3080,2075.6226,7281.1427,3.508,2.786
sandwich,0.75000,0.75210,4,16,shear_diag,2,3,1,free_surface,3080,2075.6232,7281.1304,3.508,2.786
sandwich,0.75000,0.75210,4,16,shear_diag,3,3,1,grip,3080,2266.9580,6617.0559,2.919,2.532
sandwich,0.75000,0.75210,4,16,shear_diag,0,0,2,grip,3080,2266.9548,6617.0406,2.919,2.532
sandwich,0.75000,0.75210,4,16,shear_diag,1,0,2,free_surface,3080,2075.6231,7281.1381,3.508,2.786
sandwich,0.75000,0.75210,4,16,shear_diag,2,0,2,free_surface,3080,2075.6237,7281.1257,3.508,2.786
sandwich,0.75000,0.75210,4,16,shear_diag,3,0,2,grip,3080,2266.9578,6617.0518,2.919,2.532
sandwich,0.75000,0.75210,4,16,shear_diag,0,1,2,grip,3080,2541.5591,6749.2713,2.656,2.582
sandwich,0.75000,0.75210,4,16,shear_diag,1,1,2,interior,3080,1907.8295,5813.0679,3.047,2.224
sandwich,0.75000,0.75210,4,16,shear_diag,2,1,2,interior,3080,1907.8296,5813.0817,3.047,2.224
sandwich,0.75000,0.75210,4,16,shear_diag,3,1,2,grip,3080,2541.5569,6749.2753,2.656,2.582
sandwich,0.75000,0.75210,4,16,shear_diag,0,2,2,grip,3080,2541.5597,6749.2732,2.656,2.582
sandwich,0.75000,0.75210,4,16,shear_diag,1,2,2,interior,3080,1907.8288,5813.0638,3.047,2.224
sandwich,0.75000,0.75210,4,16,shear_diag,2,2,2,interior,3080,1907.8288,5813.0776,3.047,2.224
sandwich,0.75000,0.75210,4,16,shear_diag,3,2,2,grip,3080,2541.5575,6749.2772,2.656,2.582
sandwich,0.75000,0.75210,4,16,shear_diag,0,3,2,grip,3080,2266.9551,6617.0446,2.919,2.532
sandwich,0.75000,0.75210,4,16,shear_diag,1,3,2,free_surface,3080,2075.6226,7281.1427,3.508,2.786
sandwich,0.75000,0.75210,4,16,shear_diag,2,3,2,free_surface,3080,2075.6232,7281.1304,3.508,2.786
sandwich,0.75000,0.75210,4,16,shear_diag,3,3,2,grip,3080,2266.9580,6617.0559,2.919,2.532
sandwich,0.75000,0.75210,4,16,shear_diag,0,0,3,grip,3080,2339.8617,7153.5789,3.057,2.737
sandwich,0.75000,0.75210,4,16,shear_diag,1,0,3,free_surface,3080,2014.2761,7250.4824,3.600,2.774
sandwich,0.75000,0.75210,4,16,shear_diag,2,0,3,free_surface,3080,2014.2724,7250.4567,3.600,2.774
sandwich,0.75000,0.75210,4,16,shear_diag,3,0,3,grip,3080,2339.8611,7153.5640,3.057,2.737
sandwich,0.75000,0.75210,4,16,shear_diag,0,1,3,grip,3080,2597.3233,7088.4980,2.729,2.712
sandwich,0.75000,0.75210,4,16,shear_diag,1,1,3,free_surface,3080,1836.1280,5701.4222,3.105,2.181
sandwich,0.75000,0.75210,4,16,shear_diag,2,1,3,free_surface,3080,1836.1285,5701.4340,3.105,2.181
sandwich,0.75000,0.75210,4,16,shear_diag,3,1,3,grip,3080,2597.3246,7088.4923,2.729,2.712
sandwich,0.75000,0.75210,4,16,shear_diag,0,2,3,grip,3080,2597.3238,7088.5034,2.729,2.712
sandwich,0.75000,0.75210,4,16,shear_diag,1,2,3,free_surface,3080,1836.1274,5701.4195,3.105,2.181
sandwich,0.75000,0.75210,4,16,shear_diag,2,2,3,free_surface,3080,1836.1279,5701.4313,3.105,2.181
sandwich,0.75000,0.75210,4,16,shear_diag,3,2,3,grip,3080,2597.3252,7088.4977,2.729,2.712
sandwich,0.75000,0.75210,4,16,shear_diag,0,3,3,grip,3080,2339.8623,7153.5816,3.057,2.737
sandwich,0.75000,0.75210,4,16,shear_diag,1,3,3,free_surface,3080,2014.2755,7250.4835,3.600,2.774
sandwich,0.75000,0.75210,4,16,shear_diag,2,3,3,free_surface,3080,2014.2718,7250.4578,3.600,2.774
sandwich,0.75000,0.75210,4,16,shear_diag,3,3,3,grip,3080,2339.8618,7153.5666,3.057,2.737
sandwich,0.75000,0.75210,4,16,uni_111,0,0,0,grip,3080,2317.2643,15561.6783,6.716,11.957
sandwich,0.75000,0.75210,4,16,uni_111,1,0,0,free_surface,3080,1045.8484,4557.8639,4.358,3.502
sandwich,0.75000,0.75210,4,16,uni_111,2,0,0,free_surface,3080,429.3532,2523.7552,5.878,1.939
sandwich,0.75000,0.75210,4,16,uni_111,3,0,0,grip,3080,614.3343,5419.5206,8.822,4.164
sandwich,0.75000,0.75210,4,16,uni_111,0,1,0,grip,3080,1858.0682,8823.5704,4.749,6.780
sandwich,0.75000,0.75210,4,16,uni_111,1,1,0,free_surface,3080,1338.3290,5462.7509,4.082,4.197
sandwich,0.75000,0.75210,4,16,uni_111,2,1,0,free_surface,3080,861.1611,3856.5014,4.478,2.963
sandwich,0.75000,0.75210,4,16,uni_111,3,1,0,grip,3080,531.2472,3760.3204,7.078,2.889
sandwich,0.75000,0.75210,4,16,uni_111,0,2,0,grip,3080,1411.1879,7222.9403,5.118,5.550
sandwich,0.75000,0.75210,4,16,uni_111,1,2,0,free_surface,3080,1273.7287,4934.1316,3.874,3.791
sandwich,0.75000,0.75210,4,16,uni_111,2,2,0,free_surface,3080,1030.9234,4338.4327,4.208,3.333
sandwich,0.75000,0.75210,4,16,uni_111,3,2,0,grip,3080,640.6889,3250.3645,5.073,2.497
sandwich,0.75000,0.75210,4,16,uni_111,0,3,0,grip,3080,786.2238,5303.3883,6.745,4.075
sandwich,0.75000,0.75210,4,16,uni_111,1,3,0,free_surface,3080,941.5798,3868.0648,4.108,2.972
sandwich,0.75000,0.75210,4,16,uni_111,2,3,0,free_surface,3080,941.5811,3868.0700,4.108,2.972
sandwich,0.75000,0.75210,4,16,uni_111,3,3,0,grip,3080,786.2254,5303.4001,6.745,4.075
sandwich,0.75000,0.75210,4,16,uni_111,0,0,1,grip,3080,1858.0682,8823.5704,4.749,6.780
sandwich,0.75000,0.75210,4,16,uni_111,1,0,1,free_surface,3080,1338.3290,5462.7509,4.082,4.197
sandwich,0.75000,0.75210,4,16,uni_111,2,0,1,free_surface,3080,861.1611,3856.5014,4.478,2.963
sandwich,0.75000,0.75210,4,16,uni_111,3,0,1,grip,3080,531.2472,3760.3204,7.078,2.889
sandwich,0.75000,0.75210,4,16,uni_111,0,1,1,grip,3080,1478.9570,6811.3343,4.605,5.233
sandwich,0.75000,0.75210,4,16,uni_111,1,1,1,interior,3080,1496.0603,5874.1189,3.926,4.513
sandwich,0.75000,0.75210,4,16,uni_111,2,1,1,interior,3080,1231.5228,5048.1174,4.099,3.879
sandwich,0.75000,0.75210,4,16,uni_111,3,1,1,grip,3080,791.7683,3966.7720,5.010,3.048
sandwich,0.75000,0.75210,4,16,uni_111,0,2,1,grip,3080,1093.3932,5270.3681,4.820,4.049
sandwich,0.75000,0.75210,4,16,uni_111,1,2,1,interior,3080,1370.2591,5478.4813,3.998,4.209
sandwich,0.75000,0.75210,4,16,uni_111,2,2,1,interior,3080,1370.2592,5478.4880,3.998,4.209
sandwich,0.75000,0.75210,4,16,uni_111,3,2,1,grip,3080,1093.3912,5270.3669,4.820,4.049
sandwich,0.75000,0.75210,4,16,uni_111,0,3,1,grip,3080,640.6882,3250.3625,5.073,2.497
sandwich,0.75000,0.75210,4,16,uni_111,1,3,1,free_surface,3080,1030.9246,4338.4548,4.208,3.333
sandwich,0.75000,0.75210,4,16,uni_111,2,3,1,free_surface,3080,1273.7276,4934.1359,3.874,3.791
sandwich,0.75000,0.75210,4,16,uni_111,3,3,1,grip,3080,1411.1883,7222.9480,5.118,5.550
sandwich,0.75000,0.75210,4,16,uni_111,0,0,2,grip,3080,1411.1879,7222.9403,5.118,5.550
sandwich,0.75000,0.75210,4,16,uni_111,1,0,2,free_surface,3080,1273.7287,4934.1316,3.874,3.791
sandwich,0.75000,0.75210,4,16,uni_111,2,0,2,free_surface,3080,1030.9234,4338.4327,4.208,3.333
sandwich,0.75000,0.75210,4,16,uni_111,3,0,2,grip,3080,640.6889,3250.3645,5.073,2.497
sandwich,0.75000,0.75210,4,16,uni_111,0,1,2,grip,3080,1093.3932,5270.3681,4.820,4.049
sandwich,0.75000,0.75210,4,16,uni_111,1,1,2,interior,3080,1370.2591,5478.4813,3.998,4.209
sandwich,0.75000,0.75210,4,16,uni_111,2,1,2,interior,3080,1370.2592,5478.4880,3.998,4.209
sandwich,0.75000,0.75210,4,16,uni_111,3,1,2,grip,3080,1093.3912,5270.3670,4.820,4.049
sandwich,0.75000,0.75210,4,16,uni_111,0,2,2,grip,3080,791.7700,3966.7782,5.010,3.048
sandwich,0.75000,0.75210,4,16,uni_111,1,2,2,interior,3080,1231.5245,5048.1295,4.099,3.879
sandwich,0.75000,0.75210,4,16,uni_111,2,2,2,interior,3080,1496.0624,5874.1240,3.926,4.513
sandwich,0.75000,0.75210,4,16,uni_111,3,2,2,grip,3080,1478.9553,6811.3417,4.606,5.233
sandwich,0.75000,0.75210,4,16,uni_111,0,3,2,grip,3080,531.2439,3760.3241,7.078,2.889
sandwich,0.75000,0.75210,4,16,uni_111,1,3,2,free_surface,3080,861.1619,3856.5037,4.478,2.963
sandwich,0.75000,0.75210,4,16,uni_111,2,3,2,free_surface,3080,1338.3268,5462.7587,4.082,4.197
sandwich,0.75000,0.75210,4,16,uni_111,3,3,2,grip,3080,1858.0667,8823.5686,4.749,6.780
sandwich,0.75000,0.75210,4,16,uni_111,0,0,3,grip,3080,786.2238,5303.3883,6.745,4.075
sandwich,0.75000,0.75210,4,16,uni_111,1,0,3,free_surface,3080,941.5798,3868.0648,4.108,2.972
sandwich,0.75000,0.75210,4,16,uni_111,2,0,3,free_surface,3080,941.5811,3868.0700,4.108,2.972
sandwich,0.75000,0.75210,4,16,uni_111,3,0,3,grip,3080,786.2254,5303.4001,6.745,4.075
sandwich,0.75000,0.75210,4,16,uni_111,0,1,3,grip,3080,640.6882,3250.3625,5.073,2.497
sandwich,0.75000,0.75210,4,16,uni_111,1,1,3,free_surface,3080,1030.9246,4338.4548,4.208,3.333
sandwich,0.75000,0.75210,4,16,uni_111,2,1,3,free_surface,3080,1273.7276,4934.1359,3.874,3.791
sandwich,0.75000,0.75210,4,16,uni_111,3,1,3,grip,3080,1411.1883,7222.9480,5.118,5.550
sandwich,0.75000,0.75210,4,16,uni_111,0,2,3,grip,3080,531.2439,3760.3241,7.078,2.889
sandwich,0.75000,0.75210,4,16,uni_111,1,2,3,free_surface,3080,861.1619,3856.5037,4.478,2.963
sandwich,0.75000,0.75210,4,16,uni_111,2,2,3,free_surface,3080,1338.3268,5462.7587,4.082,4.197
sandwich,0.75000,0.75210,4,16,uni_111,3,2,3,grip,3080,1858.0667,8823.5686,4.749,6.780
sandwich,0.75000,0.75210,4,16,uni_111,0,3,3,grip,3080,614.3355,5419.5154,8.822,4.164
sandwich,0.75000,0.75210,4,16,uni_111,1,3,3,free_surface,3080,429.3513,2523.7593,5.878,1.939
sandwich,0.75000,0.75210,4,16,uni_111,2,3,3,free_surface,3080,1045.8473,4557.8600,4.358,3.502
sandwich,0.75000,0.75210,4,16,uni_111,3,3,3,grip,3080,2317.2631,15561.6600,6.716,11.957
sandwich,0.75000,0.75210,4,16,hydro,0,0,0,grip,3080,2437.7169,19273.3115,7.906,-1.000
sandwich,0.75000,0.75210,4,16,hydro,1,0,0,free_surface,3080,1896.2610,8118.0653,4.281,-1.000
sandwich,0.75000,0.75210,4,16,hydro,2,0,0,free_surface,3080,1896.2575,8118.0816,4.281,-1.000
sandwich,0.75000,0.75210,4,16,hydro,3,0,0,grip,3080,2437.7158,19273.2997,7.906,-1.000
sandwich,0.75000,0.75210,4,16,hydro,0,1,0,grip,3080,1854.9159,11706.9566,6.311,-1.000
sandwich,0.75000,0.75210,4,16,hydro,1,1,0,free_surface,3080,2286.1190,8837.2007,3.866,-1.000
sandwich,0.75000,0.75210,4,16,hydro,2,1,0,free_surface,3080,2286.1195,8837.1968,3.866,-1.000
sandwich,0.75000,0.75210,4,16,hydro,3,1,0,grip,3080,1854.9157,11706.9513,6.311,-1.000
sandwich,0.75000,0.75210,4,16,hydro,0,2,0,grip,3080,1854.9161,11706.9569,6.311,-1.000
sandwich,0.75000,0.75210,4,16,hydro,1,2,0,free_surface,3080,2286.1196,8837.2013,3.866,-1.000
sandwich,0.75000,0.75210,4,16,hydro,2,2,0,free_surface,3080,2286.1201,8837.1974,3.866,-1.000
sandwich,0.75000,0.75210,4,16,hydro,3,2,0,grip,3080,1854.9159,11706.9516,6.311,-1.000
sandwich,0.75000,0.75210,4,16,hydro,0,3,0,grip,3080,2437.7170,19273.3149,7.906,-1.000
sandwich,0.75000,0.75210,4,16,hydro,1,3,0,free_surface,3080,1896.2614,8118.0699,4.281,-1.000
sandwich,0.75000,0.75210,4,16,hydro,2,3,0,free_surface,3080,1896.2580,8118.0861,4.281,-1.000
sandwich,0.75000,0.75210,4,16,hydro,3,3,0,grip,3080,2437.7159,19273.3032,7.906,-1.000
sandwich,0.75000,0.75210,4,16,hydro,0,0,1,grip,3080,1854.9159,11706.9566,6.311,-1.000
sandwich,0.75000,0.75210,4,16,hydro,1,0,1,free_surface,3080,2286.1190,8837.2007,3.866,-1.000
sandwich,0.75000,0.75210,4,16,hydro,2,0,1,free_surface,3080,2286.1195,8837.1968,3.866,-1.000
sandwich,0.75000,0.75210,4,16,hydro,3,0,1,grip,3080,1854.9157,11706.9513,6.311,-1.000
sandwich,0.75000,0.75210,4,16,hydro,0,1,1,grip,3080,855.2941,8303.6112,9.708,-1.000
sandwich,0.75000,0.75210,4,16,hydro,1,1,1,interior,3080,2618.6946,9538.7001,3.643,-1.000
sandwich,0.75000,0.75210,4,16,hydro,2,1,1,interior,3080,2618.6944,9538.6947,3.643,-1.000
sandwich,0.75000,0.75210,4,16,hydro,3,1,1,grip,3080,855.2911,8303.5964,9.709,-1.000
sandwich,0.75000,0.75210,4,16,hydro,0,2,1,grip,3080,855.2932,8303.6074,9.708,-1.000
sandwich,0.75000,0.75210,4,16,hydro,1,2,1,interior,3080,2618.6954,9538.7005,3.643,-1.000
sandwich,0.75000,0.75210,4,16,hydro,2,2,1,interior,3080,2618.6952,9538.6952,3.643,-1.000
sandwich,0.75000,0.75210,4,16,hydro,3,2,1,grip,3080,855.2902,8303.5926,9.709,-1.000
sandwich,0.75000,0.75210,4,16,hydro,0,3,1,grip,3080,1854.9141,11706.9531,6.311,-1.000
sandwich,0.75000,0.75210,4,16,hydro,1,3,1,free_surface,3080,2286.1194,8837.2073,3.866,-1.000
sandwich,0.75000,0.75210,4,16,hydro,2,3,1,free_surface,3080,2286.1200,8837.2034,3.866,-1.000
sandwich,0.75000,0.75210,4,16,hydro,3,3,1,grip,3080,1854.9138,11706.9478,6.311,-1.000
sandwich,0.75000,0.75210,4,16,hydro,0,0,2,grip,3080,1854.9161,11706.9569,6.311,-1.000
sandwich,0.75000,0.75210,4,16,hydro,1,0,2,free_surface,3080,2286.1196,8837.2013,3.866,-1.000
sandwich,0.75000,0.75210,4,16,hydro,2,0,2,free_surface,3080,2286.1201,8837.1973,3.866,-1.000
sandwich,0.75000,0.75210,4,16,hydro,3,0,2,grip,3080,1854.9159,11706.9516,6.311,-1.000
sandwich,0.75000,0.75210,4,16,hydro,0,1,2,grip,3080,855.2932,8303.6074,9.708,-1.000
sandwich,0.75000,0.75210,4,16,hydro,1,1,2,interior,3080,2618.6954,9538.7005,3.643,-1.000
sandwich,0.75000,0.75210,4,16,hydro,2,1,2,interior,3080,2618.6952,9538.6952,3.643,-1.000
sandwich,0.75000,0.75210,4,16,hydro,3,1,2,grip,3080,855.2902,8303.5926,9.709,-1.000
sandwich,0.75000,0.75210,4,16,hydro,0,2,2,grip,3080,855.2924,8303.5983,9.708,-1.000
sandwich,0.75000,0.75210,4,16,hydro,1,2,2,interior,3080,2618.6962,9538.7001,3.643,-1.000
sandwich,0.75000,0.75210,4,16,hydro,2,2,2,interior,3080,2618.6959,9538.6947,3.643,-1.000
sandwich,0.75000,0.75210,4,16,hydro,3,2,2,grip,3080,855.2894,8303.5836,9.709,-1.000
sandwich,0.75000,0.75210,4,16,hydro,0,3,2,grip,3080,1854.9143,11706.9534,6.311,-1.000
sandwich,0.75000,0.75210,4,16,hydro,1,3,2,free_surface,3080,2286.1200,8837.2079,3.866,-1.000
sandwich,0.75000,0.75210,4,16,hydro,2,3,2,free_surface,3080,2286.1205,8837.2039,3.866,-1.000
sandwich,0.75000,0.75210,4,16,hydro,3,3,2,grip,3080,1854.9141,11706.9480,6.311,-1.000
sandwich,0.75000,0.75210,4,16,hydro,0,0,3,grip,3080,2437.7170,19273.3149,7.906,-1.000
sandwich,0.75000,0.75210,4,16,hydro,1,0,3,free_surface,3080,1896.2614,8118.0699,4.281,-1.000
sandwich,0.75000,0.75210,4,16,hydro,2,0,3,free_surface,3080,1896.2580,8118.0861,4.281,-1.000
sandwich,0.75000,0.75210,4,16,hydro,3,0,3,grip,3080,2437.7159,19273.3032,7.906,-1.000
sandwich,0.75000,0.75210,4,16,hydro,0,1,3,grip,3080,1854.9141,11706.9531,6.311,-1.000
sandwich,0.75000,0.75210,4,16,hydro,1,1,3,free_surface,3080,2286.1194,8837.2073,3.866,-1.000
sandwich,0.75000,0.75210,4,16,hydro,2,1,3,free_surface,3080,2286.1200,8837.2033,3.866,-1.000
sandwich,0.75000,0.75210,4,16,hydro,3,1,3,grip,3080,1854.9138,11706.9478,6.311,-1.000
sandwich,0.75000,0.75210,4,16,hydro,0,2,3,grip,3080,1854.9143,11706.9534,6.311,-1.000
sandwich,0.75000,0.75210,4,16,hydro,1,2,3,free_surface,3080,2286.1200,8837.2079,3.866,-1.000
sandwich,0.75000,0.75210,4,16,hydro,2,2,3,free_surface,3080,2286.1205,8837.2039,3.866,-1.000
sandwich,0.75000,0.75210,4,16,hydro,3,2,3,grip,3080,1854.9141,11706.9480,6.311,-1.000
sandwich,0.75000,0.75210,4,16,hydro,0,3,3,grip,3080,2437.7171,19273.3183,7.906,-1.000
sandwich,0.75000,0.75210,4,16,hydro,1,3,3,free_surface,3080,1896.2619,8118.0721,4.281,-1.000
sandwich,0.75000,0.75210,4,16,hydro,2,3,3,free_surface,3080,1896.2584,8118.0883,4.281,-1.000
sandwich,0.75000,0.75210,4,16,hydro,3,3,3,grip,3080,2437.7160,19273.3065,7.906,-1.000
sandwich,0.89988,0.89598,4,16,uni_x,0,0,0,grip,3640,2753.3444,7353.5232,2.671,3.384
sandwich,0.89988,0.89598,4,16,uni_x,1,0,0,free_surface,3640,2789.3747,4600.6380,1.649,2.117
sandwich,0.89988,0.89598,4,16,uni_x,2,0,0,free_surface,3640,2789.3671,4600.6384,1.649,2.117
sandwich,0.89988,0.89598,4,16,uni_x,3,0,0,grip,3640,2753.3463,7353.5154,2.671,3.384
sandwich,0.89988,0.89598,4,16,uni_x,0,1,0,grip,3640,2531.8523,5389.6203,2.129,2.480
sandwich,0.89988,0.89598,4,16,uni_x,1,1,0,free_surface,3640,2939.7530,4924.8841,1.675,2.266
sandwich,0.89988,0.89598,4,16,uni_x,2,1,0,free_surface,3640,2939.7531,4924.8853,1.675,2.266
sandwich,0.89988,0.89598,4,16,uni_x,3,1,0,grip,3640,2531.8542,5389.6372,2.129,2.480
sandwich,0.89988,0.89598,4,16,uni_x,0,2,0,grip,3640,2531.8523,5389.6203,2.129,2.480
sandwich,0.89988,0.89598,4,16,uni_x,1,2,0,free_surface,3640,2939.7530,4924.8841,1.675,2.266
sandwich,0.89988,0.89598,4,16,uni_x,2,2,0,free_surface,3640,2939.7531,4924.8853,1.675,2.266
sandwich,0.89988,0.89598,4,16,uni_x,3,2,0,grip,3640,2531.8542,5389.6372,2.129,2.480
sandwich,0.89988,0.89598,4,16,uni_x,0,3,0,grip,3640,2753.3444,7353.5232,2.671,3.384
sandwich,0.89988,0.89598,4,16,uni_x,1,3,0,free_surface,3640,2789.3747,4600.6380,1.649,2.117
sandwich,0.89988,0.89598,4,16,uni_x,2,3,0,free_surface,3640,2789.3671,4600.6384,1.649,2.117
sandwich,0.89988,0.89598,4,16,uni_x,3,3,0,grip,3640,2753.3463,7353.5154,2.671,3.384
sandwich,0.89988,0.89598,4,16,uni_x,0,0,1,grip,3640,2531.8523,5389.6203,2.129,2.480
sandwich,0.89988,0.89598,4,16,uni_x,1,0,1,free_surface,3640,2939.7530,4924.8841,1.675,2.266
sandwich,0.89988,0.89598,4,16,uni_x,2,0,1,free_surface,3640,2939.7531,4924.8853,1.675,2.266
sandwich,0.89988,0.89598,4,16,uni_x,3,0,1,grip,3640,2531.8542,5389.6372,2.129,2.480
sandwich,0.89988,0.89598,4,16,uni_x,0,1,1,grip,3640,2261.5511,4714.3605,2.085,2.170
sandwich,0.89988,0.89598,4,16,uni_x,1,1,1,interior,3640,3073.0771,5036.5800,1.639,2.318
sandwich,0.89988,0.89598,4,16,uni_x,2,1,1,interior,3640,3073.0789,5036.5816,1.639,2.318
sandwich,0.89988,0.89598,4,16,uni_x,3,1,1,grip,3640,2261.5473,4714.3528,2.085,2.170
sandwich,0.89988,0.89598,4,16,uni_x,0,2,1,grip,3640,2261.5511,4714.3605,2.085,2.170
sandwich,0.89988,0.89598,4,16,uni_x,1,2,1,interior,3640,3073.0771,5036.5800,1.639,2.318
sandwich,0.89988,0.89598,4,16,uni_x,2,2,1,interior,3640,3073.0789,5036.5816,1.639,2.318
sandwich,0.89988,0.89598,4,16,uni_x,3,2,1,grip,3640,2261.5473,4714.3528,2.085,2.170
sandwich,0.89988,0.89598,4,16,uni_x,0,3,1,grip,3640,2531.8523,5389.6203,2.129,2.480
sandwich,0.89988,0.89598,4,16,uni_x,1,3,1,free_surface,3640,2939.7530,4924.8841,1.675,2.266
sandwich,0.89988,0.89598,4,16,uni_x,2,3,1,free_surface,3640,2939.7531,4924.8853,1.675,2.266
sandwich,0.89988,0.89598,4,16,uni_x,3,3,1,grip,3640,2531.8542,5389.6372,2.129,2.480
sandwich,0.89988,0.89598,4,16,uni_x,0,0,2,grip,3640,2531.8523,5389.6203,2.129,2.480
sandwich,0.89988,0.89598,4,16,uni_x,1,0,2,free_surface,3640,2939.7530,4924.8841,1.675,2.266
sandwich,0.89988,0.89598,4,16,uni_x,2,0,2,free_surface,3640,2939.7531,4924.8853,1.675,2.266
sandwich,0.89988,0.89598,4,16,uni_x,3,0,2,grip,3640,2531.8542,5389.6372,2.129,2.480
sandwich,0.89988,0.89598,4,16,uni_x,0,1,2,grip,3640,2261.5511,4714.3605,2.085,2.170
sandwich,0.89988,0.89598,4,16,uni_x,1,1,2,interior,3640,3073.0771,5036.5800,1.639,2.318
sandwich,0.89988,0.89598,4,16,uni_x,2,1,2,interior,3640,3073.0789,5036.5816,1.639,2.318
sandwich,0.89988,0.89598,4,16,uni_x,3,1,2,grip,3640,2261.5473,4714.3528,2.085,2.170
sandwich,0.89988,0.89598,4,16,uni_x,0,2,2,grip,3640,2261.5511,4714.3605,2.085,2.170
sandwich,0.89988,0.89598,4,16,uni_x,1,2,2,interior,3640,3073.0771,5036.5800,1.639,2.318
sandwich,0.89988,0.89598,4,16,uni_x,2,2,2,interior,3640,3073.0789,5036.5816,1.639,2.318
sandwich,0.89988,0.89598,4,16,uni_x,3,2,2,grip,3640,2261.5473,4714.3528,2.085,2.170
sandwich,0.89988,0.89598,4,16,uni_x,0,3,2,grip,3640,2531.8523,5389.6203,2.129,2.480
sandwich,0.89988,0.89598,4,16,uni_x,1,3,2,free_surface,3640,2939.7530,4924.8841,1.675,2.266
sandwich,0.89988,0.89598,4,16,uni_x,2,3,2,free_surface,3640,2939.7531,4924.8853,1.675,2.266
sandwich,0.89988,0.89598,4,16,uni_x,3,3,2,grip,3640,2531.8542,5389.6372,2.129,2.480
sandwich,0.89988,0.89598,4,16,uni_x,0,0,3,grip,3640,2753.3444,7353.5232,2.671,3.384
sandwich,0.89988,0.89598,4,16,uni_x,1,0,3,free_surface,3640,2789.3747,4600.6380,1.649,2.117
sandwich,0.89988,0.89598,4,16,uni_x,2,0,3,free_surface,3640,2789.3671,4600.6384,1.649,2.117
sandwich,0.89988,0.89598,4,16,uni_x,3,0,3,grip,3640,2753.3463,7353.5154,2.671,3.384
sandwich,0.89988,0.89598,4,16,uni_x,0,1,3,grip,3640,2531.8523,5389.6203,2.129,2.480
sandwich,0.89988,0.89598,4,16,uni_x,1,1,3,free_surface,3640,2939.7530,4924.8841,1.675,2.266
sandwich,0.89988,0.89598,4,16,uni_x,2,1,3,free_surface,3640,2939.7531,4924.8853,1.675,2.266
sandwich,0.89988,0.89598,4,16,uni_x,3,1,3,grip,3640,2531.8542,5389.6372,2.129,2.480
sandwich,0.89988,0.89598,4,16,uni_x,0,2,3,grip,3640,2531.8523,5389.6203,2.129,2.480
sandwich,0.89988,0.89598,4,16,uni_x,1,2,3,free_surface,3640,2939.7530,4924.8841,1.675,2.266
sandwich,0.89988,0.89598,4,16,uni_x,2,2,3,free_surface,3640,2939.7531,4924.8853,1.675,2.266
sandwich,0.89988,0.89598,4,16,uni_x,3,2,3,grip,3640,2531.8542,5389.6372,2.129,2.480
sandwich,0.89988,0.89598,4,16,uni_x,0,3,3,grip,3640,2753.3444,7353.5232,2.671,3.384
sandwich,0.89988,0.89598,4,16,uni_x,1,3,3,free_surface,3640,2789.3747,4600.6380,1.649,2.117
sandwich,0.89988,0.89598,4,16,uni_x,2,3,3,free_surface,3640,2789.3671,4600.6384,1.649,2.117
sandwich,0.89988,0.89598,4,16,uni_x,3,3,3,grip,3640,2753.3463,7353.5154,2.671,3.384
sandwich,0.89988,0.89598,4,16,uni_z,0,0,0,grip,3640,1693.7685,8425.1302,4.974,3.877
sandwich,0.89988,0.89598,4,16,uni_z,1,0,0,free_surface,3640,211.7494,1040.8985,4.916,0.479
sandwich,0.89988,0.89598,4,16,uni_z,2,0,0,free_surface,3640,211.7494,1040.8985,4.916,0.479
sandwich,0.89988,0.89598,4,16,uni_z,3,0,0,grip,3640,1693.7685,8425.1302,4.974,3.877
sandwich,0.89988,0.89598,4,16,uni_z,0,1,0,grip,3640,1653.0582,7954.1660,4.812,3.661
sandwich,0.89988,0.89598,4,16,uni_z,1,1,0,free_surface,3640,236.6809,954.5408,4.033,0.439
sandwich,0.89988,0.89598,4,16,uni_z,2,1,0,free_surface,3640,236.6809,954.5408,4.033,0.439
sandwich,0.89988,0.89598,4,16,uni_z,3,1,0,grip,3640,1653.0582,7954.1660,4.812,3.661
sandwich,0.89988,0.89598,4,16,uni_z,0,2,0,grip,3640,1653.0582,7954.1660,4.812,3.661
sandwich,0.89988,0.89598,4,16,uni_z,1,2,0,free_surface,3640,236.6809,954.5408,4.033,0.439
sandwich,0.89988,0.89598,4,16,uni_z,2,2,0,free_surface,3640,236.6809,954.5408,4.033,0.439
sandwich,0.89988,0.89598,4,16,uni_z,3,2,0,grip,3640,1653.0582,7954.1660,4.812,3.661
sandwich,0.89988,0.89598,4,16,uni_z,0,3,0,grip,3640,1693.7685,8425.1302,4.974,3.877
sandwich,0.89988,0.89598,4,16,uni_z,1,3,0,free_surface,3640,211.7494,1040.8985,4.916,0.479
sandwich,0.89988,0.89598,4,16,uni_z,2,3,0,free_surface,3640,211.7494,1040.8985,4.916,0.479
sandwich,0.89988,0.89598,4,16,uni_z,3,3,0,grip,3640,1693.7685,8425.1302,4.974,3.877
sandwich,0.89988,0.89598,4,16,uni_z,0,0,1,grip,3640,1717.8838,4087.0634,2.379,1.881
sandwich,0.89988,0.89598,4,16,uni_z,1,0,1,free_surface,3640,515.1505,1370.8124,2.661,0.631
sandwich,0.89988,0.89598,4,16,uni_z,2,0,1,free_surface,3640,515.1505,1370.8124,2.661,0.631
sandwich,0.89988,0.89598,4,16,uni_z,3,0,1,grip,3640,1717.8838,4087.0634,2.379,1.881
sandwich,0.89988,0.89598,4,16,uni_z,0,1,1,grip,3640,1690.4840,4065.8958,2.405,1.871
sandwich,0.89988,0.89598,4,16,uni_z,1,1,1,interior,3640,546.9470,1473.4873,2.694,0.678
sandwich,0.89988,0.89598,4,16,uni_z,2,1,1,interior,3640,546.9470,1473.4873,2.694,0.678
sandwich,0.89988,0.89598,4,16,uni_z,3,1,1,grip,3640,1690.4840,4065.8958,2.405,1.871
sandwich,0.89988,0.89598,4,16,uni_z,0,2,1,grip,3640,1690.4840,4065.8958,2.405,1.871
sandwich,0.89988,0.89598,4,16,uni_z,1,2,1,interior,3640,546.9470,1473.4873,2.694,0.678
sandwich,0.89988,0.89598,4,16,uni_z,2,2,1,interior,3640,546.9470,1473.4873,2.694,0.678
sandwich,0.89988,0.89598,4,16,uni_z,3,2,1,grip,3640,1690.4840,4065.8958,2.405,1.871
sandwich,0.89988,0.89598,4,16,uni_z,0,3,1,grip,3640,1717.8838,4087.0634,2.379,1.881
sandwich,0.89988,0.89598,4,16,uni_z,1,3,1,free_surface,3640,515.1505,1370.8124,2.661,0.631
sandwich,0.89988,0.89598,4,16,uni_z,2,3,1,free_surface,3640,515.1505,1370.8124,2.661,0.631
sandwich,0.89988,0.89598,4,16,uni_z,3,3,1,grip,3640,1717.8838,4087.0634,2.379,1.881
sandwich,0.89988,0.89598,4,16,uni_z,0,0,2,grip,3640,1717.8840,4087.0640,2.379,1.881
sandwich,0.89988,0.89598,4,16,uni_z,1,0,2,free_surface,3640,515.1501,1370.8117,2.661,0.631
sandwich,0.89988,0.89598,4,16,uni_z,2,0,2,free_surface,3640,515.1501,1370.8117,2.661,0.631
sandwich,0.89988,0.89598,4,16,uni_z,3,0,2,grip,3640,1717.8840,4087.0640,2.379,1.881
sandwich,0.89988,0.89598,4,16,uni_z,0,1,2,grip,3640,1690.4853,4065.8980,2.405,1.871
sandwich,0.89988,0.89598,4,16,uni_z,1,1,2,interior,3640,546.9483,1473.4883,2.694,0.678
sandwich,0.89988,0.89598,4,16,uni_z,2,1,2,interior,3640,546.9483,1473.4883,2.694,0.678
sandwich,0.89988,0.89598,4,16,uni_z,3,1,2,grip,3640,1690.4853,4065.8980,2.405,1.871
sandwich,0.89988,0.89598,4,16,uni_z,0,2,2,grip,3640,1690.4853,4065.8980,2.405,1.871
sandwich,0.89988,0.89598,4,16,uni_z,1,2,2,interior,3640,546.9483,1473.4883,2.694,0.678
sandwich,0.89988,0.89598,4,16,uni_z,2,2,2,interior,3640,546.9483,1473.4883,2.694,0.678
sandwich,0.89988,0.89598,4,16,uni_z,3,2,2,grip,3640,1690.4853,4065.8980,2.405,1.871
sandwich,0.89988,0.89598,4,16,uni_z,0,3,2,grip,3640,1717.8840,4087.0640,2.379,1.881
sandwich,0.89988,0.89598,4,16,uni_z,1,3,2,free_surface,3640,515.1501,1370.8117,2.661,0.631
sandwich,0.89988,0.89598,4,16,uni_z,2,3,2,free_surface,3640,515.1501,1370.8117,2.661,0.631
sandwich,0.89988,0.89598,4,16,uni_z,3,3,2,grip,3640,1717.8840,4087.0640,2.379,1.881
sandwich,0.89988,0.89598,4,16,uni_z,0,0,3,grip,3640,1693.7685,8425.1313,4.974,3.877
sandwich,0.89988,0.89598,4,16,uni_z,1,0,3,free_surface,3640,211.7484,1040.9004,4.916,0.479
sandwich,0.89988,0.89598,4,16,uni_z,2,0,3,free_surface,3640,211.7484,1040.9004,4.916,0.479
sandwich,0.89988,0.89598,4,16,uni_z,3,0,3,grip,3640,1693.7685,8425.1313,4.974,3.877
sandwich,0.89988,0.89598,4,16,uni_z,0,1,3,grip,3640,1653.0589,7954.1586,4.812,3.660
sandwich,0.89988,0.89598,4,16,uni_z,1,1,3,free_surface,3640,236.6826,954.5490,4.033,0.439
sandwich,0.89988,0.89598,4,16,uni_z,2,1,3,free_surface,3640,236.6826,954.5490,4.033,0.439
sandwich,0.89988,0.89598,4,16,uni_z,3,1,3,grip,3640,1653.0589,7954.1586,4.812,3.660
sandwich,0.89988,0.89598,4,16,uni_z,0,2,3,grip,3640,1653.0589,7954.1586,4.812,3.660
sandwich,0.89988,0.89598,4,16,uni_z,1,2,3,free_surface,3640,236.6826,954.5490,4.033,0.439
sandwich,0.89988,0.89598,4,16,uni_z,2,2,3,free_surface,3640,236.6826,954.5490,4.033,0.439
sandwich,0.89988,0.89598,4,16,uni_z,3,2,3,grip,3640,1653.0589,7954.1586,4.812,3.660
sandwich,0.89988,0.89598,4,16,uni_z,0,3,3,grip,3640,1693.7685,8425.1313,4.974,3.877
sandwich,0.89988,0.89598,4,16,uni_z,1,3,3,free_surface,3640,211.7484,1040.9004,4.916,0.479
sandwich,0.89988,0.89598,4,16,uni_z,2,3,3,free_surface,3640,211.7484,1040.9004,4.916,0.479
sandwich,0.89988,0.89598,4,16,uni_z,3,3,3,grip,3640,1693.7685,8425.1313,4.974,3.877
sandwich,0.89988,0.89598,4,16,biax_xy,0,0,0,grip,3640,3233.0801,15125.7474,4.678,6.961
sandwich,0.89988,0.89598,4,16,biax_xy,1,0,0,free_surface,3640,2759.0115,5106.5438,1.851,2.350
sandwich,0.89988,0.89598,4,16,biax_xy,2,0,0,free_surface,3640,2759.0041,5106.5295,1.851,2.350
sandwich,0.89988,0.89598,4,16,biax_xy,3,0,0,grip,3640,3233.0806,15125.7396,4.678,6.961
sandwich,0.89988,0.89598,4,16,biax_xy,0,1,0,grip,3640,2445.7689,7398.5181,3.025,3.405
sandwich,0.89988,0.89598,4,16,biax_xy,1,1,0,free_surface,3640,3344.7627,5973.5570,1.786,2.749
sandwich,0.89988,0.89598,4,16,biax_xy,2,1,0,free_surface,3640,3344.7631,5973.5584,1.786,2.749
sandwich,0.89988,0.89598,4,16,biax_xy,3,1,0,grip,3640,2445.7725,7398.5244,3.025,3.405
sandwich,0.89988,0.89598,4,16,biax_xy,0,2,0,grip,3640,2445.7683,7398.5126,3.025,3.405
sandwich,0.89988,0.89598,4,16,biax_xy,1,2,0,free_surface,3640,3344.7635,5973.5589,1.786,2.749
sandwich,0.89988,0.89598,4,16,biax_xy,2,2,0,free_surface,3640,3344.7639,5973.5603,1.786,2.749
sandwich,0.89988,0.89598,4,16,biax_xy,3,2,0,grip,3640,2445.7719,7398.5189,3.025,3.405
sandwich,0.89988,0.89598,4,16,biax_xy,0,3,0,grip,3640,3233.0797,15125.7486,4.678,6.961
sandwich,0.89988,0.89598,4,16,biax_xy,1,3,0,free_surface,3640,2759.0128,5106.5443,1.851,2.350
sandwich,0.89988,0.89598,4,16,biax_xy,2,3,0,free_surface,3640,2759.0054,5106.5299,1.851,2.350
sandwich,0.89988,0.89598,4,16,biax_xy,3,3,0,grip,3640,3233.0801,15125.7407,4.678,6.961
sandwich,0.89988,0.89598,4,16,biax_xy,0,0,1,grip,3640,2933.0584,12697.9888,4.329,5.844
sandwich,0.89988,0.89598,4,16,biax_xy,1,0,1,free_surface,3640,2957.6386,5494.9781,1.858,2.529
sandwich,0.89988,0.89598,4,16,biax_xy,2,0,1,free_surface,3640,2957.6385,5494.9785,1.858,2.529
sandwich,0.89988,0.89598,4,16,biax_xy,3,0,1,grip,3640,2933.0584,12698.0041,4.329,5.844
sandwich,0.89988,0.89598,4,16,biax_xy,0,1,1,grip,3640,1961.0330,7139.1027,3.640,3.285
sandwich,0.89988,0.89598,4,16,biax_xy,1,1,1,interior,3640,3496.8117,6137.1212,1.755,2.824
sandwich,0.89988,0.89598,4,16,biax_xy,2,1,1,interior,3640,3496.8135,6137.1229,1.755,2.824
sandwich,0.89988,0.89598,4,16,biax_xy,3,1,1,grip,3640,1961.0295,7139.0970,3.640,3.285
sandwich,0.89988,0.89598,4,16,biax_xy,0,2,1,grip,3640,1961.0333,7139.1013,3.640,3.285
sandwich,0.89988,0.89598,4,16,biax_xy,1,2,1,interior,3640,3496.8127,6137.1217,1.755,2.824
sandwich,0.89988,0.89598,4,16,biax_xy,2,2,1,interior,3640,3496.8146,6137.1234,1.755,2.824
sandwich,0.89988,0.89598,4,16,biax_xy,3,2,1,grip,3640,1961.0297,7139.0956,3.640,3.285
sandwich,0.89988,0.89598,4,16,biax_xy,0,3,1,grip,3640,2933.0577,12697.9805,4.329,5.844
sandwich,0.89988,0.89598,4,16,biax_xy,1,3,1,free_surface,3640,2957.6407,5494.9820,1.858,2.529
sandwich,0.89988,0.89598,4,16,biax_xy,2,3,1,free_surface,3640,2957.6407,5494.9825,1.858,2.529
sandwich,0.89988,0.89598,4,16,biax_xy,3,3,1,grip,3640,2933.0577,12697.9958,4.329,5.844
sandwich,0.89988,0.89598,4,16,biax_xy,0,0,2,grip,3640,2933.0584,12697.9888,4.329,5.844
sandwich,0.89988,0.89598,4,16,biax_xy,1,0,2,free_surface,3640,2957.6386,5494.9781,1.858,2.529
sandwich,0.89988,0.89598,4,16,biax_xy,2,0,2,free_surface,3640,2957.6385,5494.9785,1.858,2.529
sandwich,0.89988,0.89598,4,16,biax_xy,3,0,2,grip,3640,2933.0584,12698.0041,4.329,5.844
sandwich,0.89988,0.89598,4,16,biax_xy,0,1,2,grip,3640,1961.0330,7139.1027,3.640,3.285
sandwich,0.89988,0.89598,4,16,biax_xy,1,1,2,interior,3640,3496.8117,6137.1212,1.755,2.824
sandwich,0.89988,0.89598,4,16,biax_xy,2,1,2,interior,3640,3496.8135,6137.1229,1.755,2.824
sandwich,0.89988,0.89598,4,16,biax_xy,3,1,2,grip,3640,1961.0295,7139.0970,3.640,3.285
sandwich,0.89988,0.89598,4,16,biax_xy,0,2,2,grip,3640,1961.0333,7139.1013,3.640,3.285
sandwich,0.89988,0.89598,4,16,biax_xy,1,2,2,interior,3640,3496.8127,6137.1217,1.755,2.824
sandwich,0.89988,0.89598,4,16,biax_xy,2,2,2,interior,3640,3496.8146,6137.1234,1.755,2.824
sandwich,0.89988,0.89598,4,16,biax_xy,3,2,2,grip,3640,1961.0297,7139.0956,3.640,3.285
sandwich,0.89988,0.89598,4,16,biax_xy,0,3,2,grip,3640,2933.0577,12697.9805,4.329,5.844
sandwich,0.89988,0.89598,4,16,biax_xy,1,3,2,free_surface,3640,2957.6407,5494.9820,1.858,2.529
sandwich,0.89988,0.89598,4,16,biax_xy,2,3,2,free_surface,3640,2957.6407,5494.9825,1.858,2.529
sandwich,0.89988,0.89598,4,16,biax_xy,3,3,2,grip,3640,2933.0577,12697.9958,4.329,5.844
sandwich,0.89988,0.89598,4,16,biax_xy,0,0,3,grip,3640,3233.0801,15125.7474,4.678,6.961
sandwich,0.89988,0.89598,4,16,biax_xy,1,0,3,free_surface,3640,2759.0115,5106.5438,1.851,2.350
sandwich,0.89988,0.89598,4,16,biax_xy,2,0,3,free_surface,3640,2759.0041,5106.5295,1.851,2.350
sandwich,0.89988,0.89598,4,16,biax_xy,3,0,3,grip,3640,3233.0806,15125.7395,4.678,6.961
sandwich,0.89988,0.89598,4,16,biax_xy,0,1,3,grip,3640,2445.7689,7398.5181,3.025,3.405
sandwich,0.89988,0.89598,4,16,biax_xy,1,1,3,free_surface,3640,3344.7627,5973.5570,1.786,2.749
sandwich,0.89988,0.89598,4,16,biax_xy,2,1,3,free_surface,3640,3344.7631,5973.5584,1.786,2.749
sandwich,0.89988,0.89598,4,16,biax_xy,3,1,3,grip,3640,2445.7725,7398.5244,3.025,3.405
sandwich,0.89988,0.89598,4,16,biax_xy,0,2,3,grip,3640,2445.7683,7398.5126,3.025,3.405
sandwich,0.89988,0.89598,4,16,biax_xy,1,2,3,free_surface,3640,3344.7635,5973.5589,1.786,2.749
sandwich,0.89988,0.89598,4,16,biax_xy,2,2,3,free_surface,3640,3344.7639,5973.5603,1.786,2.749
sandwich,0.89988,0.89598,4,16,biax_xy,3,2,3,grip,3640,2445.7719,7398.5189,3.025,3.405
sandwich,0.89988,0.89598,4,16,biax_xy,0,3,3,grip,3640,3233.0797,15125.7486,4.678,6.961
sandwich,0.89988,0.89598,4,16,biax_xy,1,3,3,free_surface,3640,2759.0128,5106.5443,1.851,2.350
sandwich,0.89988,0.89598,4,16,biax_xy,2,3,3,free_surface,3640,2759.0054,5106.5299,1.851,2.350
sandwich,0.89988,0.89598,4,16,biax_xy,3,3,3,grip,3640,3233.0801,15125.7407,4.678,6.961
sandwich,0.89988,0.89598,4,16,shear_xy,0,0,0,grip,3640,1387.5313,4795.6099,3.456,2.766
sandwich,0.89988,0.89598,4,16,shear_xy,1,0,0,free_surface,3640,902.0790,2803.3537,3.108,1.617
sandwich,0.89988,0.89598,4,16,shear_xy,2,0,0,free_surface,3640,902.0799,2803.3587,3.108,1.617
sandwich,0.89988,0.89598,4,16,shear_xy,3,0,0,grip,3640,1387.5316,4795.6162,3.456,2.766
sandwich,0.89988,0.89598,4,16,shear_xy,0,1,0,grip,3640,1418.2943,3491.3154,2.462,2.014
sandwich,0.89988,0.89598,4,16,shear_xy,1,1,0,free_surface,3640,1615.4714,3668.4367,2.271,2.116
sandwich,0.89988,0.89598,4,16,shear_xy,2,1,0,free_surface,3640,1615.4714,3668.4352,2.271,2.116
sandwich,0.89988,0.89598,4,16,shear_xy,3,1,0,grip,3640,1418.2946,3491.3164,2.462,2.014
sandwich,0.89988,0.89598,4,16,shear_xy,0,2,0,grip,3640,1418.2936,3491.3136,2.462,2.014
sandwich,0.89988,0.89598,4,16,shear_xy,1,2,0,free_surface,3640,1615.4708,3668.4363,2.271,2.116
sandwich,0.89988,0.89598,4,16,shear_xy,2,2,0,free_surface,3640,1615.4708,3668.4348,2.271,2.116
sandwich,0.89988,0.89598,4,16,shear_xy,3,2,0,grip,3640,1418.2939,3491.3145,2.462,2.014
sandwich,0.89988,0.89598,4,16,shear_xy,0,3,0,grip,3640,1387.5304,4795.6083,3.456,2.766
sandwich,0.89988,0.89598,4,16,shear_xy,1,3,0,free_surface,3640,902.0786,2803.3550,3.108,1.617
sandwich,0.89988,0.89598,4,16,shear_xy,2,3,0,free_surface,3640,902.0795,2803.3601,3.108,1.617
sandwich,0.89988,0.89598,4,16,shear_xy,3,3,0,grip,3640,1387.5306,4795.6147,3.456,2.766
sandwich,0.89988,0.89598,4,16,shear_xy,0,0,1,grip,3640,1392.9563,4279.0813,3.072,2.468
sandwich,0.89988,0.89598,4,16,shear_xy,1,0,1,free_surface,3640,885.0422,2781.6445,3.143,1.604
sandwich,0.89988,0.89598,4,16,shear_xy,2,0,1,free_surface,3640,885.0417,2781.6467,3.143,1.604
sandwich,0.89988,0.89598,4,16,shear_xy,3,0,1,grip,3640,1392.9546,4279.0757,3.072,2.468
sandwich,0.89988,0.89598,4,16,shear_xy,0,1,1,grip,3640,1438.0744,3511.3928,2.442,2.025
sandwich,0.89988,0.89598,4,16,shear_xy,1,1,1,interior,3640,1585.8501,3618.2435,2.282,2.087
sandwich,0.89988,0.89598,4,16,shear_xy,2,1,1,interior,3640,1585.8500,3618.2494,2.282,2.087
sandwich,0.89988,0.89598,4,16,shear_xy,3,1,1,grip,3640,1438.0739,3511.3941,2.442,2.025
sandwich,0.89988,0.89598,4,16,shear_xy,0,2,1,grip,3640,1438.0758,3511.3967,2.442,2.025
sandwich,0.89988,0.89598,4,16,shear_xy,1,2,1,interior,3640,1585.8519,3618.2472,2.282,2.087
sandwich,0.89988,0.89598,4,16,shear_xy,2,2,1,interior,3640,1585.8518,3618.2531,2.282,2.087
sandwich,0.89988,0.89598,4,16,shear_xy,3,2,1,grip,3640,1438.0754,3511.3980,2.442,2.025
sandwich,0.89988,0.89598,4,16,shear_xy,0,3,1,grip,3640,1392.9561,4279.0781,3.072,2.468
sandwich,0.89988,0.89598,4,16,shear_xy,1,3,1,free_surface,3640,885.0437,2781.6531,3.143,1.604
sandwich,0.89988,0.89598,4,16,shear_xy,2,3,1,free_surface,3640,885.0431,2781.6553,3.143,1.604
sandwich,0.89988,0.89598,4,16,shear_xy,3,3,1,grip,3640,1392.9543,4279.0725,3.072,2.468
sandwich,0.89988,0.89598,4,16,shear_xy,0,0,2,grip,3640,1392.9563,4279.0813,3.072,2.468
sandwich,0.89988,0.89598,4,16,shear_xy,1,0,2,free_surface,3640,885.0422,2781.6445,3.143,1.604
sandwich,0.89988,0.89598,4,16,shear_xy,2,0,2,free_surface,3640,885.0417,2781.6467,3.143,1.604
sandwich,0.89988,0.89598,4,16,shear_xy,3,0,2,grip,3640,1392.9546,4279.0757,3.072,2.468
sandwich,0.89988,0.89598,4,16,shear_xy,0,1,2,grip,3640,1438.0744,3511.3928,2.442,2.025
sandwich,0.89988,0.89598,4,16,shear_xy,1,1,2,interior,3640,1585.8501,3618.2435,2.282,2.087
sandwich,0.89988,0.89598,4,16,shear_xy,2,1,2,interior,3640,1585.8500,3618.2494,2.282,2.087
sandwich,0.89988,0.89598,4,16,shear_xy,3,1,2,grip,3640,1438.0739,3511.3941,2.442,2.025
sandwich,0.89988,0.89598,4,16,shear_xy,0,2,2,grip,3640,1438.0758,3511.3967,2.442,2.025
sandwich,0.89988,0.89598,4,16,shear_xy,1,2,2,interior,3640,1585.8519,3618.2472,2.282,2.087
sandwich,0.89988,0.89598,4,16,shear_xy,2,2,2,interior,3640,1585.8518,3618.2531,2.282,2.087
sandwich,0.89988,0.89598,4,16,shear_xy,3,2,2,grip,3640,1438.0754,3511.3980,2.442,2.025
sandwich,0.89988,0.89598,4,16,shear_xy,0,3,2,grip,3640,1392.9561,4279.0781,3.072,2.468
sandwich,0.89988,0.89598,4,16,shear_xy,1,3,2,free_surface,3640,885.0437,2781.6531,3.143,1.604
sandwich,0.89988,0.89598,4,16,shear_xy,2,3,2,free_surface,3640,885.0431,2781.6553,3.143,1.604
sandwich,0.89988,0.89598,4,16,shear_xy,3,3,2,grip,3640,1392.9543,4279.0725,3.072,2.468
sandwich,0.89988,0.89598,4,16,shear_xy,0,0,3,grip,3640,1387.5313,4795.6099,3.456,2.766
sandwich,0.89988,0.89598,4,16,shear_xy,1,0,3,free_surface,3640,902.0790,2803.3537,3.108,1.617
sandwich,0.89988,0.89598,4,16,shear_xy,2,0,3,free_surface,3640,902.0799,2803.3587,3.108,1.617
sandwich,0.89988,0.89598,4,16,shear_xy,3,0,3,grip,3640,1387.5316,4795.6162,3.456,2.766
sandwich,0.89988,0.89598,4,16,shear_xy,0,1,3,grip,3640,1418.2943,3491.3154,2.462,2.014
sandwich,0.89988,0.89598,4,16,shear_xy,1,1,3,free_surface,3640,1615.4714,3668.4367,2.271,2.116
sandwich,0.89988,0.89598,4,16,shear_xy,2,1,3,free_surface,3640,1615.4714,3668.4352,2.271,2.116
sandwich,0.89988,0.89598,4,16,shear_xy,3,1,3,grip,3640,1418.2946,3491.3164,2.462,2.014
sandwich,0.89988,0.89598,4,16,shear_xy,0,2,3,grip,3640,1418.2936,3491.3136,2.462,2.014
sandwich,0.89988,0.89598,4,16,shear_xy,1,2,3,free_surface,3640,1615.4708,3668.4363,2.271,2.116
sandwich,0.89988,0.89598,4,16,shear_xy,2,2,3,free_surface,3640,1615.4708,3668.4348,2.271,2.116
sandwich,0.89988,0.89598,4,16,shear_xy,3,2,3,grip,3640,1418.2939,3491.3145,2.462,2.014
sandwich,0.89988,0.89598,4,16,shear_xy,0,3,3,grip,3640,1387.5304,4795.6083,3.456,2.766
sandwich,0.89988,0.89598,4,16,shear_xy,1,3,3,free_surface,3640,902.0786,2803.3550,3.108,1.617
sandwich,0.89988,0.89598,4,16,shear_xy,2,3,3,free_surface,3640,902.0795,2803.3601,3.108,1.617
sandwich,0.89988,0.89598,4,16,shear_xy,3,3,3,grip,3640,1387.5306,4795.6147,3.456,2.766
sandwich,0.89988,0.89598,4,16,shear_diag,0,0,0,grip,3640,3232.1366,6919.7656,2.141,1.839
sandwich,0.89988,0.89598,4,16,shear_diag,1,0,0,free_surface,3640,2835.2696,5124.4238,1.807,1.362
sandwich,0.89988,0.89598,4,16,shear_diag,2,0,0,free_surface,3640,2835.2618,5124.4205,1.807,1.362
sandwich,0.89988,0.89598,4,16,shear_diag,3,0,0,grip,3640,3232.1394,6919.7674,2.141,1.839
sandwich,0.89988,0.89598,4,16,shear_diag,0,1,0,grip,3640,3569.4560,6571.7115,1.841,1.746
sandwich,0.89988,0.89598,4,16,shear_diag,1,1,0,free_surface,3640,2574.4160,4708.1966,1.829,1.251
sandwich,0.89988,0.89598,4,16,shear_diag,2,1,0,free_surface,3640,2574.4156,4708.2049,1.829,1.251
sandwich,0.89988,0.89598,4,16,shear_diag,3,1,0,grip,3640,3569.4561,6571.7239,1.841,1.746
sandwich,0.89988,0.89598,4,16,shear_diag,0,2,0,grip,3640,3569.4566,6571.7133,1.841,1.746
sandwich,0.89988,0.89598,4,16,shear_diag,1,2,0,free_surface,3640,2574.4148,4708.1963,1.829,1.251
sandwich,0.89988,0.89598,4,16,shear_diag,2,2,0,free_surface,3640,2574.4145,4708.2046,1.829,1.251
sandwich,0.89988,0.89598,4,16,shear_diag,3,2,0,grip,3640,3569.4567,6571.7258,1.841,1.746
sandwich,0.89988,0.89598,4,16,shear_diag,0,3,0,grip,3640,3232.1371,6919.7674,2.141,1.839
sandwich,0.89988,0.89598,4,16,shear_diag,1,3,0,free_surface,3640,2835.2681,5124.4211,1.807,1.362
sandwich,0.89988,0.89598,4,16,shear_diag,2,3,0,free_surface,3640,2835.2604,5124.4178,1.807,1.362
sandwich,0.89988,0.89598,4,16,shear_diag,3,3,0,grip,3640,3232.1398,6919.7692,2.141,1.839
sandwich,0.89988,0.89598,4,16,shear_diag,0,0,1,grip,3640,3111.7395,5668.3271,1.822,1.506
sandwich,0.89988,0.89598,4,16,shear_diag,1,0,1,free_surface,3640,2940.8680,5373.9148,1.827,1.428
sandwich,0.89988,0.89598,4,16,shear_diag,2,0,1,free_surface,3640,2940.8683,5373.9143,1.827,1.428
sandwich,0.89988,0.89598,4,16,shear_diag,3,0,1,grip,3640,3111.7426,5668.3324,1.822,1.506
sandwich,0.89988,0.89598,4,16,shear_diag,0,1,1,grip,3640,3478.3687,5769.9207,1.659,1.533
sandwich,0.89988,0.89598,4,16,shear_diag,1,1,1,interior,3640,2694.1075,4853.0819,1.801,1.289
sandwich,0.89988,0.89598,4,16,shear_diag,2,1,1,interior,3640,2694.1093,4853.0841,1.801,1.289
sandwich,0.89988,0.89598,4,16,shear_diag,3,1,1,grip,3640,3478.3657,5769.9282,1.659,1.533
sandwich,0.89988,0.89598,4,16,shear_diag,0,2,1,grip,3640,3478.3698,5769.9218,1.659,1.533
sandwich,0.89988,0.89598,4,16,shear_diag,1,2,1,interior,3640,2694.1067,4853.0815,1.801,1.289
sandwich,0.89988,0.89598,4,16,shear_diag,2,2,1,interior,3640,2694.1085,4853.0836,1.801,1.289
sandwich,0.89988,0.89598,4,16,shear_diag,3,2,1,grip,3640,3478.3668,5769.9293,1.659,1.533
sandwich,0.89988,0.89598,4,16,shear_diag,0,3,1,grip,3640,3111.7410,5668.3259,1.822,1.506
sandwich,0.89988,0.89598,4,16,shear_diag,1,3,1,free_surface,3640,2940.8661,5373.9124,1.827,1.428
sandwich,0.89988,0.89598,4,16,shear_diag,2,3,1,free_surface,3640,2940.8664,5373.9119,1.827,1.428
sandwich,0.89988,0.89598,4,16,shear_diag,3,3,1,grip,3640,3111.7441,5668.3312,1.822,1.506
sandwich,0.89988,0.89598,4,16,shear_diag,0,0,2,grip,3640,3111.7395,5668.3271,1.822,1.506
sandwich,0.89988,0.89598,4,16,shear_diag,1,0,2,free_surface,3640,2940.8680,5373.9148,1.827,1.428
sandwich,0.89988,0.89598,4,16,shear_diag,2,0,2,free_surface,3640,2940.8683,5373.9143,1.827,1.428
sandwich,0.89988,0.89598,4,16,shear_diag,3,0,2,grip,3640,3111.7426,5668.3324,1.822,1.506
sandwich,0.89988,0.89598,4,16,shear_diag,0,1,2,grip,3640,3478.3687,5769.9207,1.659,1.533
sandwich,0.89988,0.89598,4,16,shear_diag,1,1,2,interior,3640,2694.1075,4853.0819,1.801,1.289
sandwich,0.89988,0.89598,4,16,shear_diag,2,1,2,interior,3640,2694.1093,4853.0841,1.801,1.289
sandwich,0.89988,0.89598,4,16,shear_diag,3,1,2,grip,3640,3478.3657,5769.9282,1.659,1.533
sandwich,0.89988,0.89598,4,16,shear_diag,0,2,2,grip,3640,3478.3698,5769.9218,1.659,1.533
sandwich,0.89988,0.89598,4,16,shear_diag,1,2,2,interior,3640,2694.1067,4853.0815,1.801,1.289
sandwich,0.89988,0.89598,4,16,shear_diag,2,2,2,interior,3640,2694.1085,4853.0836,1.801,1.289
sandwich,0.89988,0.89598,4,16,shear_diag,3,2,2,grip,3640,3478.3668,5769.9293,1.659,1.533
sandwich,0.89988,0.89598,4,16,shear_diag,0,3,2,grip,3640,3111.7410,5668.3259,1.822,1.506
sandwich,0.89988,0.89598,4,16,shear_diag,1,3,2,free_surface,3640,2940.8661,5373.9124,1.827,1.428
sandwich,0.89988,0.89598,4,16,shear_diag,2,3,2,free_surface,3640,2940.8664,5373.9119,1.827,1.428
sandwich,0.89988,0.89598,4,16,shear_diag,3,3,2,grip,3640,3111.7441,5668.3312,1.822,1.506
sandwich,0.89988,0.89598,4,16,shear_diag,0,0,3,grip,3640,3232.1366,6919.7656,2.141,1.839
sandwich,0.89988,0.89598,4,16,shear_diag,1,0,3,free_surface,3640,2835.2696,5124.4238,1.807,1.362
sandwich,0.89988,0.89598,4,16,shear_diag,2,0,3,free_surface,3640,2835.2618,5124.4205,1.807,1.362
sandwich,0.89988,0.89598,4,16,shear_diag,3,0,3,grip,3640,3232.1394,6919.7674,2.141,1.839
sandwich,0.89988,0.89598,4,16,shear_diag,0,1,3,grip,3640,3569.4560,6571.7115,1.841,1.746
sandwich,0.89988,0.89598,4,16,shear_diag,1,1,3,free_surface,3640,2574.4160,4708.1966,1.829,1.251
sandwich,0.89988,0.89598,4,16,shear_diag,2,1,3,free_surface,3640,2574.4156,4708.2049,1.829,1.251
sandwich,0.89988,0.89598,4,16,shear_diag,3,1,3,grip,3640,3569.4561,6571.7239,1.841,1.746
sandwich,0.89988,0.89598,4,16,shear_diag,0,2,3,grip,3640,3569.4566,6571.7133,1.841,1.746
sandwich,0.89988,0.89598,4,16,shear_diag,1,2,3,free_surface,3640,2574.4148,4708.1963,1.829,1.251
sandwich,0.89988,0.89598,4,16,shear_diag,2,2,3,free_surface,3640,2574.4145,4708.2046,1.829,1.251
sandwich,0.89988,0.89598,4,16,shear_diag,3,2,3,grip,3640,3569.4567,6571.7258,1.841,1.746
sandwich,0.89988,0.89598,4,16,shear_diag,0,3,3,grip,3640,3232.1371,6919.7674,2.141,1.839
sandwich,0.89988,0.89598,4,16,shear_diag,1,3,3,free_surface,3640,2835.2681,5124.4211,1.807,1.362
sandwich,0.89988,0.89598,4,16,shear_diag,2,3,3,free_surface,3640,2835.2604,5124.4178,1.807,1.362
sandwich,0.89988,0.89598,4,16,shear_diag,3,3,3,grip,3640,3232.1398,6919.7692,2.141,1.839
sandwich,0.89988,0.89598,4,16,uni_111,0,0,0,grip,3640,3380.4160,18062.6176,5.343,9.023
sandwich,0.89988,0.89598,4,16,uni_111,1,0,0,free_surface,3640,1505.8730,4222.6625,2.804,2.109
sandwich,0.89988,0.89598,4,16,uni_111,2,0,0,free_surface,3640,613.2252,2062.0374,3.363,1.030
sandwich,0.89988,0.89598,4,16,uni_111,3,0,0,grip,3640,863.3137,5899.1086,6.833,2.947
sandwich,0.89988,0.89598,4,16,uni_111,0,1,0,grip,3640,2733.4493,9216.1497,3.372,4.604
sandwich,0.89988,0.89598,4,16,uni_111,1,1,0,free_surface,3640,1958.5101,5240.5216,2.676,2.618
sandwich,0.89988,0.89598,4,16,uni_111,2,1,0,free_surface,3640,1257.8506,3564.3141,2.834,1.780
sandwich,0.89988,0.89598,4,16,uni_111,3,1,0,grip,3640,746.9595,3757.4336,5.030,1.877
sandwich,0.89988,0.89598,4,16,uni_111,0,2,0,grip,3640,2051.4457,7642.7807,3.726,3.818
sandwich,0.89988,0.89598,4,16,uni_111,1,2,0,free_surface,3640,1864.8601,4916.3099,2.636,2.456
sandwich,0.89988,0.89598,4,16,uni_111,2,2,0,free_surface,3640,1515.8167,4148.5720,2.737,2.072
sandwich,0.89988,0.89598,4,16,uni_111,3,2,0,grip,3640,918.8043,3507.6603,3.818,1.752
sandwich,0.89988,0.89598,4,16,uni_111,0,3,0,grip,3640,1132.8309,5984.8993,5.283,2.990
sandwich,0.89988,0.89598,4,16,uni_111,1,3,0,free_surface,3640,1359.1421,3786.5184,2.786,1.891
sandwich,0.89988,0.89598,4,16,uni_111,2,3,0,free_surface,3640,1359.1428,3786.5271,2.786,1.891
sandwich,0.89988,0.89598,4,16,uni_111,3,3,0,grip,3640,1132.8303,5984.9008,5.283,2.990
sandwich,0.89988,0.89598,4,16,uni_111,0,0,1,grip,3640,2733.4493,9216.1497,3.372,4.604
sandwich,0.89988,0.89598,4,16,uni_111,1,0,1,free_surface,3640,1958.5101,5240.5216,2.676,2.618
sandwich,0.89988,0.89598,4,16,uni_111,2,0,1,free_surface,3640,1257.8506,3564.3140,2.834,1.780
sandwich,0.89988,0.89598,4,16,uni_111,3,0,1,grip,3640,746.9595,3757.4336,5.030,1.877
sandwich,0.89988,0.89598,4,16,uni_111,0,1,1,grip,3640,2184.9806,7212.9092,3.301,3.603
sandwich,0.89988,0.89598,4,16,uni_111,1,1,1,interior,3640,2207.6438,5946.9494,2.694,2.971
sandwich,0.89988,0.89598,4,16,uni_111,2,1,1,interior,3640,1810.0730,4946.8637,2.733,2.471
sandwich,0.89988,0.89598,4,16,uni_111,3,1,1,grip,3640,1140.0327,4277.7548,3.752,2.137
sandwich,0.89988,0.89598,4,16,uni_111,0,2,1,grip,3640,1595.1846,5637.9957,3.534,2.816
sandwich,0.89988,0.89598,4,16,uni_111,1,2,1,interior,3640,2019.9645,5475.7127,2.711,2.735
sandwich,0.89988,0.89598,4,16,uni_111,2,2,1,interior,3640,2019.9662,5475.7106,2.711,2.735
sandwich,0.89988,0.89598,4,16,uni_111,3,2,1,grip,3640,1595.1840,5637.9888,3.534,2.816
sandwich,0.89988,0.89598,4,16,uni_111,0,3,1,grip,3640,918.8052,3507.6716,3.818,1.752
sandwich,0.89988,0.89598,4,16,uni_111,1,3,1,free_surface,3640,1515.8179,4148.5797,2.737,2.072
sandwich,0.89988,0.89598,4,16,uni_111,2,3,1,free_surface,3640,1864.8603,4916.3114,2.636,2.456
sandwich,0.89988,0.89598,4,16,uni_111,3,3,1,grip,3640,2051.4447,7642.7774,3.726,3.818
sandwich,0.89988,0.89598,4,16,uni_111,0,0,2,grip,3640,2051.4457,7642.7807,3.726,3.818
sandwich,0.89988,0.89598,4,16,uni_111,1,0,2,free_surface,3640,1864.8601,4916.3099,2.636,2.456
sandwich,0.89988,0.89598,4,16,uni_111,2,0,2,free_surface,3640,1515.8167,4148.5720,2.737,2.072
sandwich,0.89988,0.89598,4,16,uni_111,3,0,2,grip,3640,918.8043,3507.6603,3.818,1.752
sandwich,0.89988,0.89598,4,16,uni_111,0,1,2,grip,3640,1595.1846,5637.9957,3.534,2.816
sandwich,0.89988,0.89598,4,16,uni_111,1,1,2,interior,3640,2019.9645,5475.7127,2.711,2.735
sandwich,0.89988,0.89598,4,16,uni_111,2,1,2,interior,3640,2019.9662,5475.7106,2.711,2.735
sandwich,0.89988,0.89598,4,16,uni_111,3,1,2,grip,3640,1595.1840,5637.9888,3.534,2.816
sandwich,0.89988,0.89598,4,16,uni_111,0,2,2,grip,3640,1140.0323,4277.7549,3.752,2.137
sandwich,0.89988,0.89598,4,16,uni_111,1,2,2,interior,3640,1810.0724,4946.8704,2.733,2.471
sandwich,0.89988,0.89598,4,16,uni_111,2,2,2,interior,3640,2207.6477,5946.9679,2.694,2.971
sandwich,0.89988,0.89598,4,16,uni_111,3,2,2,grip,3640,2184.9811,7212.9145,3.301,3.603
sandwich,0.89988,0.89598,4,16,uni_111,0,3,2,grip,3640,746.9559,3757.4354,5.030,1.877
sandwich,0.89988,0.89598,4,16,uni_111,1,3,2,free_surface,3640,1257.8512,3564.3163,2.834,1.780
sandwich,0.89988,0.89598,4,16,uni_111,2,3,2,free_surface,3640,1958.5109,5240.5235,2.676,2.618
sandwich,0.89988,0.89598,4,16,uni_111,3,3,2,grip,3640,2733.4487,9216.1458,3.372,4.604
sandwich,0.89988,0.89598,4,16,uni_111,0,0,3,grip,3640,1132.8309,5984.8993,5.283,2.990
sandwich,0.89988,0.89598,4,16,uni_111,1,0,3,free_surface,3640,1359.1421,3786.5184,2.786,1.891
sandwich,0.89988,0.89598,4,16,uni_111,2,0,3,free_surface,3640,1359.1428,3786.5271,2.786,1.891
sandwich,0.89988,0.89598,4,16,uni_111,3,0,3,grip,3640,1132.8303,5984.9008,5.283,2.990
sandwich,0.89988,0.89598,4,16,uni_111,0,1,3,grip,3640,918.8052,3507.6716,3.818,1.752
sandwich,0.89988,0.89598,4,16,uni_111,1,1,3,free_surface,3640,1515.8179,4148.5797,2.737,2.072
sandwich,0.89988,0.89598,4,16,uni_111,2,1,3,free_surface,3640,1864.8603,4916.3114,2.636,2.456
sandwich,0.89988,0.89598,4,16,uni_111,3,1,3,grip,3640,2051.4447,7642.7774,3.726,3.818
sandwich,0.89988,0.89598,4,16,uni_111,0,2,3,grip,3640,746.9559,3757.4354,5.030,1.877
sandwich,0.89988,0.89598,4,16,uni_111,1,2,3,free_surface,3640,1257.8512,3564.3163,2.834,1.780
sandwich,0.89988,0.89598,4,16,uni_111,2,2,3,free_surface,3640,1958.5109,5240.5235,2.676,2.618
sandwich,0.89988,0.89598,4,16,uni_111,3,2,3,grip,3640,2733.4487,9216.1458,3.372,4.604
sandwich,0.89988,0.89598,4,16,uni_111,0,3,3,grip,3640,863.3126,5899.1189,6.833,2.947
sandwich,0.89988,0.89598,4,16,uni_111,1,3,3,free_surface,3640,613.2240,2062.0303,3.363,1.030
sandwich,0.89988,0.89598,4,16,uni_111,2,3,3,free_surface,3640,1505.8725,4222.6630,2.804,2.109
sandwich,0.89988,0.89598,4,16,uni_111,3,3,3,grip,3640,3380.4145,18062.6192,5.343,9.023
sandwich,0.89988,0.89598,4,16,hydro,0,0,0,grip,3640,3603.5055,22235.0458,6.170,-1.000
sandwich,0.89988,0.89598,4,16,hydro,1,0,0,free_surface,3640,2722.1307,5402.9733,1.985,-1.000
sandwich,0.89988,0.89598,4,16,hydro,2,0,0,free_surface,3640,2722.1234,5402.9717,1.985,-1.000
sandwich,0.89988,0.89598,4,16,hydro,3,0,0,grip,3640,3603.5049,22235.0377,6.170,-1.000
sandwich,0.89988,0.89598,4,16,hydro,0,1,0,grip,3640,2771.8882,13472.9588,4.861,-1.000
sandwich,0.89988,0.89598,4,16,hydro,1,1,0,free_surface,3640,3343.8768,6532.7501,1.954,-1.000
sandwich,0.89988,0.89598,4,16,hydro,2,1,0,free_surface,3640,3343.8771,6532.7514,1.954,-1.000
sandwich,0.89988,0.89598,4,16,hydro,3,1,0,grip,3640,2771.8897,13472.9732,4.861,-1.000
sandwich,0.89988,0.89598,4,16,hydro,0,2,0,grip,3640,2771.8878,13472.9572,4.861,-1.000
sandwich,0.89988,0.89598,4,16,hydro,1,2,0,free_surface,3640,3343.8777,6532.7519,1.954,-1.000
sandwich,0.89988,0.89598,4,16,hydro,2,2,0,free_surface,3640,3343.8780,6532.7533,1.954,-1.000
sandwich,0.89988,0.89598,4,16,hydro,3,2,0,grip,3640,2771.8893,13472.9715,4.861,-1.000
sandwich,0.89988,0.89598,4,16,hydro,0,3,0,grip,3640,3603.5052,22235.0464,6.170,-1.000
sandwich,0.89988,0.89598,4,16,hydro,1,3,0,free_surface,3640,2722.1320,5402.9759,1.985,-1.000
sandwich,0.89988,0.89598,4,16,hydro,2,3,0,free_surface,3640,2722.1248,5402.9742,1.985,-1.000
sandwich,0.89988,0.89598,4,16,hydro,3,3,0,grip,3640,3603.5046,22235.0383,6.170,-1.000
sandwich,0.89988,0.89598,4,16,hydro,0,0,1,grip,3640,2771.8882,13472.9588,4.861,-1.000
sandwich,0.89988,0.89598,4,16,hydro,1,0,1,free_surface,3640,3343.8768,6532.7501,1.954,-1.000
sandwich,0.89988,0.89598,4,16,hydro,2,0,1,free_surface,3640,3343.8771,6532.7514,1.954,-1.000
sandwich,0.89988,0.89598,4,16,hydro,3,0,1,grip,3640,2771.8897,13472.9732,4.861,-1.000
sandwich,0.89988,0.89598,4,16,hydro,0,1,1,grip,3640,1318.9973,8545.4355,6.479,-1.000
sandwich,0.89988,0.89598,4,16,hydro,1,1,1,interior,3640,3886.9237,7068.9414,1.819,-1.000
sandwich,0.89988,0.89598,4,16,hydro,2,1,1,interior,3640,3886.9256,7068.9434,1.819,-1.000
sandwich,0.89988,0.89598,4,16,hydro,3,1,1,grip,3640,1318.9933,8545.4313,6.479,-1.000
sandwich,0.89988,0.89598,4,16,hydro,0,2,1,grip,3640,1318.9977,8545.4334,6.479,-1.000
sandwich,0.89988,0.89598,4,16,hydro,1,2,1,interior,3640,3886.9247,7068.9447,1.819,-1.000
sandwich,0.89988,0.89598,4,16,hydro,2,2,1,interior,3640,3886.9266,7068.9467,1.819,-1.000
sandwich,0.89988,0.89598,4,16,hydro,3,2,1,grip,3640,1318.9936,8545.4292,6.479,-1.000
sandwich,0.89988,0.89598,4,16,hydro,0,3,1,grip,3640,2771.8875,13472.9510,4.861,-1.000
sandwich,0.89988,0.89598,4,16,hydro,1,3,1,free_surface,3640,3343.8789,6532.7525,1.954,-1.000
sandwich,0.89988,0.89598,4,16,hydro,2,3,1,free_surface,3640,3343.8792,6532.7539,1.954,-1.000
sandwich,0.89988,0.89598,4,16,hydro,3,3,1,grip,3640,2771.8890,13472.9653,4.861,-1.000
sandwich,0.89988,0.89598,4,16,hydro,0,0,2,grip,3640,2771.8878,13472.9572,4.861,-1.000
sandwich,0.89988,0.89598,4,16,hydro,1,0,2,free_surface,3640,3343.8777,6532.7519,1.954,-1.000
sandwich,0.89988,0.89598,4,16,hydro,2,0,2,free_surface,3640,3343.8780,6532.7533,1.954,-1.000
sandwich,0.89988,0.89598,4,16,hydro,3,0,2,grip,3640,2771.8893,13472.9715,4.861,-1.000
sandwich,0.89988,0.89598,4,16,hydro,0,1,2,grip,3640,1318.9977,8545.4334,6.479,-1.000
sandwich,0.89988,0.89598,4,16,hydro,1,1,2,interior,3640,3886.9247,7068.9447,1.819,-1.000
sandwich,0.89988,0.89598,4,16,hydro,2,1,2,interior,3640,3886.9266,7068.9467,1.819,-1.000
sandwich,0.89988,0.89598,4,16,hydro,3,1,2,grip,3640,1318.9936,8545.4292,6.479,-1.000
sandwich,0.89988,0.89598,4,16,hydro,0,2,2,grip,3640,1318.9980,8545.4313,6.479,-1.000
sandwich,0.89988,0.89598,4,16,hydro,1,2,2,interior,3640,3886.9257,7068.9459,1.819,-1.000
sandwich,0.89988,0.89598,4,16,hydro,2,2,2,interior,3640,3886.9276,7068.9479,1.819,-1.000
sandwich,0.89988,0.89598,4,16,hydro,3,2,2,grip,3640,1318.9940,8545.4271,6.479,-1.000
sandwich,0.89988,0.89598,4,16,hydro,0,3,2,grip,3640,2771.8871,13472.9493,4.861,-1.000
sandwich,0.89988,0.89598,4,16,hydro,1,3,2,free_surface,3640,3343.8798,6532.7544,1.954,-1.000
sandwich,0.89988,0.89598,4,16,hydro,2,3,2,free_surface,3640,3343.8801,6532.7558,1.954,-1.000
sandwich,0.89988,0.89598,4,16,hydro,3,3,2,grip,3640,2771.8886,13472.9636,4.861,-1.000
sandwich,0.89988,0.89598,4,16,hydro,0,0,3,grip,3640,3603.5052,22235.0464,6.170,-1.000
sandwich,0.89988,0.89598,4,16,hydro,1,0,3,free_surface,3640,2722.1320,5402.9759,1.985,-1.000
sandwich,0.89988,0.89598,4,16,hydro,2,0,3,free_surface,3640,2722.1248,5402.9742,1.985,-1.000
sandwich,0.89988,0.89598,4,16,hydro,3,0,3,grip,3640,3603.5046,22235.0383,6.170,-1.000
sandwich,0.89988,0.89598,4,16,hydro,0,1,3,grip,3640,2771.8875,13472.9510,4.861,-1.000
sandwich,0.89988,0.89598,4,16,hydro,1,1,3,free_surface,3640,3343.8789,6532.7525,1.954,-1.000
sandwich,0.89988,0.89598,4,16,hydro,2,1,3,free_surface,3640,3343.8792,6532.7539,1.954,-1.000
sandwich,0.89988,0.89598,4,16,hydro,3,1,3,grip,3640,2771.8890,13472.9653,4.861,-1.000
sandwich,0.89988,0.89598,4,16,hydro,0,2,3,grip,3640,2771.8871,13472.9493,4.861,-1.000
sandwich,0.89988,0.89598,4,16,hydro,1,2,3,free_surface,3640,3343.8798,6532.7544,1.954,-1.000
sandwich,0.89988,0.89598,4,16,hydro,2,2,3,free_surface,3640,3343.8801,6532.7558,1.954,-1.000
sandwich,0.89988,0.89598,4,16,hydro,3,2,3,grip,3640,2771.8886,13472.9636,4.861,-1.000
sandwich,0.89988,0.89598,4,16,hydro,0,3,3,grip,3640,3603.5050,22235.0470,6.170,-1.000
sandwich,0.89988,0.89598,4,16,hydro,1,3,3,free_surface,3640,2722.1334,5402.9777,1.985,-1.000
sandwich,0.89988,0.89598,4,16,hydro,2,3,3,free_surface,3640,2722.1261,5402.9760,1.985,-1.000
sandwich,0.89988,0.89598,4,16,hydro,3,3,3,grip,3640,3603.5044,22235.0389,6.170,-1.000
sandwich,0.20000,0.20414,4,24,uni_x,0,0,0,grip,2752,159.1199,4860.0486,30.543,40.759
sandwich,0.20000,0.20414,4,24,uni_x,1,0,0,free_surface,2752,162.6893,4553.2295,27.987,38.186
sandwich,0.20000,0.20414,4,24,uni_x,2,0,0,free_surface,2752,162.6895,4553.1460,27.987,38.185
sandwich,0.20000,0.20414,4,24,uni_x,3,0,0,grip,2752,159.1218,4860.0959,30.543,40.759
sandwich,0.20000,0.20414,4,24,uni_x,0,1,0,grip,2752,143.9735,4559.6961,31.670,38.240
sandwich,0.20000,0.20414,4,24,uni_x,1,1,0,free_surface,2752,171.4281,4789.7914,27.941,40.169
sandwich,0.20000,0.20414,4,24,uni_x,2,1,0,free_surface,2752,171.4277,4789.7203,27.940,40.169
sandwich,0.20000,0.20414,4,24,uni_x,3,1,0,grip,2752,143.9735,4559.7592,31.671,38.240
sandwich,0.20000,0.20414,4,24,uni_x,0,2,0,grip,2752,143.9735,4559.6961,31.670,38.240
sandwich,0.20000,0.20414,4,24,uni_x,1,2,0,free_surface,2752,171.4281,4789.7914,27.941,40.169
sandwich,0.20000,0.20414,4,24,uni_x,2,2,0,free_surface,2752,171.4277,4789.7203,27.940,40.169
sandwich,0.20000,0.20414,4,24,uni_x,3,2,0,grip,2752,143.9735,4559.7592,31.671,38.240
sandwich,0.20000,0.20414,4,24,uni_x,0,3,0,grip,2752,159.1199,4860.0486,30.543,40.759
sandwich,0.20000,0.20414,4,24,uni_x,1,3,0,free_surface,2752,162.6893,4553.2295,27.987,38.186
sandwich,0.20000,0.20414,4,24,uni_x,2,3,0,free_surface,2752,162.6895,4553.1460,27.987,38.185
sandwich,0.20000,0.20414,4,24,uni_x,3,3,0,grip,2752,159.1218,4860.0959,30.543,40.759
sandwich,0.20000,0.20414,4,24,uni_x,0,0,1,grip,2752,143.9735,4559.6961,31.670,38.240
sandwich,0.20000,0.20414,4,24,uni_x,1,0,1,free_surface,2752,171.4281,4789.7914,27.941,40.169
sandwich,0.20000,0.20414,4,24,uni_x,2,0,1,free_surface,2752,171.4277,4789.7203,27.940,40.169
sandwich,0.20000,0.20414,4,24,uni_x,3,0,1,grip,2752,143.9735,4559.7592,31.671,38.240
sandwich,0.20000,0.20414,4,24,uni_x,0,1,1,grip,2752,125.7996,4114.3848,32.706,34.505
sandwich,0.20000,0.20414,4,24,uni_x,1,1,1,interior,2752,178.4211,4846.2335,27.162,40.643
sandwich,0.20000,0.20414,4,24,uni_x,2,1,1,interior,2752,178.4210,4846.0301,27.161,40.641
sandwich,0.20000,0.20414,4,24,uni_x,3,1,1,grip,2752,125.8004,4114.3680,32.706,34.505
sandwich,0.20000,0.20414,4,24,uni_x,0,2,1,grip,2752,125.7996,4114.3848,32.706,34.505
sandwich,0.20000,0.20414,4,24,uni_x,1,2,1,interior,2752,178.4211,4846.2335,27.162,40.643
sandwich,0.20000,0.20414,4,24,uni_x,2,2,1,interior,2752,178.4210,4846.0301,27.161,40.641
sandwich,0.20000,0.20414,4,24,uni_x,3,2,1,grip,2752,125.8004,4114.3680,32.706,34.505
sandwich,0.20000,0.20414,4,24,uni_x,0,3,1,grip,2752,143.9735,4559.6961,31.670,38.240
sandwich,0.20000,0.20414,4,24,uni_x,1,3,1,free_surface,2752,171.4281,4789.7914,27.941,40.169
sandwich,0.20000,0.20414,4,24,uni_x,2,3,1,free_surface,2752,171.4277,4789.7203,27.940,40.169
sandwich,0.20000,0.20414,4,24,uni_x,3,3,1,grip,2752,143.9735,4559.7592,31.671,38.240
sandwich,0.20000,0.20414,4,24,uni_x,0,0,2,grip,2752,143.9735,4559.6961,31.670,38.240
sandwich,0.20000,0.20414,4,24,uni_x,1,0,2,free_surface,2752,171.4281,4789.7914,27.941,40.169
sandwich,0.20000,0.20414,4,24,uni_x,2,0,2,free_surface,2752,171.4277,4789.7203,27.940,40.169
sandwich,0.20000,0.20414,4,24,uni_x,3,0,2,grip,2752,143.9735,4559.7592,31.671,38.240
sandwich,0.20000,0.20414,4,24,uni_x,0,1,2,grip,2752,125.7996,4114.3848,32.706,34.505
sandwich,0.20000,0.20414,4,24,uni_x,1,1,2,interior,2752,178.4211,4846.2335,27.162,40.643
sandwich,0.20000,0.20414,4,24,uni_x,2,1,2,interior,2752,178.4210,4846.0301,27.161,40.641
sandwich,0.20000,0.20414,4,24,uni_x,3,1,2,grip,2752,125.8004,4114.3680,32.706,34.505
sandwich,0.20000,0.20414,4,24,uni_x,0,2,2,grip,2752,125.7996,4114.3848,32.706,34.505
sandwich,0.20000,0.20414,4,24,uni_x,1,2,2,interior,2752,178.4211,4846.2335,27.162,40.643
sandwich,0.20000,0.20414,4,24,uni_x,2,2,2,interior,2752,178.4210,4846.0301,27.161,40.641
sandwich,0.20000,0.20414,4,24,uni_x,3,2,2,grip,2752,125.8004,4114.3680,32.706,34.505
sandwich,0.20000,0.20414,4,24,uni_x,0,3,2,grip,2752,143.9735,4559.6961,31.670,38.240
sandwich,0.20000,0.20414,4,24,uni_x,1,3,2,free_surface,2752,171.4281,4789.7914,27.941,40.169
sandwich,0.20000,0.20414,4,24,uni_x,2,3,2,free_surface,2752,171.4277,4789.7203,27.940,40.169
sandwich,0.20000,0.20414,4,24,uni_x,3,3,2,grip,2752,143.9735,4559.7592,31.671,38.240
sandwich,0.20000,0.20414,4,24,uni_x,0,0,3,grip,2752,159.1199,4860.0486,30.543,40.759
sandwich,0.20000,0.20414,4,24,uni_x,1,0,3,free_surface,2752,162.6893,4553.2295,27.987,38.186
sandwich,0.20000,0.20414,4,24,uni_x,2,0,3,free_surface,2752,162.6895,4553.1460,27.987,38.185
sandwich,0.20000,0.20414,4,24,uni_x,3,0,3,grip,2752,159.1218,4860.0960,30.543,40.759
sandwich,0.20000,0.20414,4,24,uni_x,0,1,3,grip,2752,143.9735,4559.6961,31.670,38.240
sandwich,0.20000,0.20414,4,24,uni_x,1,1,3,free_surface,2752,171.4281,4789.7914,27.941,40.169
sandwich,0.20000,0.20414,4,24,uni_x,2,1,3,free_surface,2752,171.4277,4789.7203,27.940,40.169
sandwich,0.20000,0.20414,4,24,uni_x,3,1,3,grip,2752,143.9735,4559.7592,31.671,38.240
sandwich,0.20000,0.20414,4,24,uni_x,0,2,3,grip,2752,143.9735,4559.6961,31.670,38.240
sandwich,0.20000,0.20414,4,24,uni_x,1,2,3,free_surface,2752,171.4281,4789.7914,27.941,40.169
sandwich,0.20000,0.20414,4,24,uni_x,2,2,3,free_surface,2752,171.4277,4789.7203,27.940,40.169
sandwich,0.20000,0.20414,4,24,uni_x,3,2,3,grip,2752,143.9735,4559.7592,31.671,38.240
sandwich,0.20000,0.20414,4,24,uni_x,0,3,3,grip,2752,159.1199,4860.0486,30.543,40.759
sandwich,0.20000,0.20414,4,24,uni_x,1,3,3,free_surface,2752,162.6893,4553.2295,27.987,38.186
sandwich,0.20000,0.20414,4,24,uni_x,2,3,3,free_surface,2752,162.6895,4553.1460,27.987,38.185
sandwich,0.20000,0.20414,4,24,uni_x,3,3,3,grip,2752,159.1218,4860.0959,30.543,40.759
sandwich,0.20000,0.20414,4,24,uni_z,0,0,0,grip,2752,173.9812,5655.9468,32.509,47.433
sandwich,0.20000,0.20414,4,24,uni_z,1,0,0,free_surface,2752,20.4311,1033.0863,50.564,8.664
sandwich,0.20000,0.20414,4,24,uni_z,2,0,0,free_surface,2752,20.4311,1033.0863,50.564,8.664
sandwich,0.20000,0.20414,4,24,uni_z,3,0,0,grip,2752,173.9812,5655.9468,32.509,47.433
sandwich,0.20000,0.20414,4,24,uni_z,0,1,0,grip,2752,171.8106,5255.3096,30.588,44.073
sandwich,0.20000,0.20414,4,24,uni_z,1,1,0,free_surface,2752,20.3655,871.2601,42.781,7.307
sandwich,0.20000,0.20414,4,24,uni_z,2,1,0,free_surface,2752,20.3655,871.2601,42.781,7.307
sandwich,0.20000,0.20414,4,24,uni_z,3,1,0,grip,2752,171.8106,5255.3096,30.588,44.073
sandwich,0.20000,0.20414,4,24,uni_z,0,2,0,grip,2752,171.8106,5255.3096,30.588,44.073
sandwich,0.20000,0.20414,4,24,uni_z,1,2,0,free_surface,2752,20.3655,871.2601,42.781,7.307
sandwich,0.20000,0.20414,4,24,uni_z,2,2,0,free_surface,2752,20.3655,871.2601,42.781,7.307
sandwich,0.20000,0.20414,4,24,uni_z,3,2,0,grip,2752,171.8106,5255.3096,30.588,44.073
sandwich,0.20000,0.20414,4,24,uni_z,0,3,0,grip,2752,173.9812,5655.9468,32.509,47.433
sandwich,0.20000,0.20414,4,24,uni_z,1,3,0,free_surface,2752,20.4311,1033.0863,50.564,8.664
sandwich,0.20000,0.20414,4,24,uni_z,2,3,0,free_surface,2752,20.4311,1033.0863,50.564,8.664
sandwich,0.20000,0.20414,4,24,uni_z,3,3,0,grip,2752,173.9812,5655.9468,32.509,47.433
sandwich,0.20000,0.20414,4,24,uni_z,0,0,1,grip,2752,168.4124,4412.2861,26.199,37.003
sandwich,0.20000,0.20414,4,24,uni_z,1,0,1,free_surface,2752,40.3343,1530.8533,37.954,12.838
sandwich,0.20000,0.20414,4,24,uni_z,2,0,1,free_surface,2752,40.3343,1530.8533,37.954,12.838
sandwich,0.20000,0.20414,4,24,uni_z,3,0,1,grip,2752,168.4124,4412.2861,26.199,37.003
sandwich,0.20000,0.20414,4,24,uni_z,0,1,1,grip,2752,167.9446,4417.3731,26.303,37.046
sandwich,0.20000,0.20414,4,24,uni_z,1,1,1,interior,2752,40.2655,1542.7106,38.313,12.938
sandwich,0.20000,0.20414,4,24,uni_z,2,1,1,interior,2752,40.2655,1542.7106,38.313,12.938
sandwich,0.20000,0.20414,4,24,uni_z,3,1,1,grip,2752,167.9446,4417.3731,26.303,37.046
sandwich,0.20000,0.20414,4,24,uni_z,0,2,1,grip,2752,167.9446,4417.3731,26.303,37.046
sandwich,0.20000,0.20414,4,24,uni_z,1,2,1,interior,2752,40.2655,1542.7106,38.313,12.938
sandwich,0.20000,0.20414,4,24,uni_z,2,2,1,interior,2752,40.2655,1542.7106,38.313,12.938
sandwich,0.20000,0.20414,4,24,uni_z,3,2,1,grip,2752,167.9446,4417.3731,26.303,37.046
sandwich,0.20000,0.20414,4,24,uni_z,0,3,1,grip,2752,168.4124,4412.2861,26.199,37.003
sandwich,0.20000,0.20414,4,24,uni_z,1,3,1,free_surface,2752,40.3343,1530.8533,37.954,12.838
sandwich,0.20000,0.20414,4,24,uni_z,2,3,1,free_surface,2752,40.3343,1530.8533,37.954,12.838
sandwich,0.20000,0.20414,4,24,uni_z,3,3,1,grip,2752,168.4124,4412.2861,26.199,37.003
sandwich,0.20000,0.20414,4,24,uni_z,0,0,2,grip,2752,168.4124,4412.2818,26.199,37.003
sandwich,0.20000,0.20414,4,24,uni_z,1,0,2,free_surface,2752,40.3343,1530.8597,37.954,12.839
sandwich,0.20000,0.20414,4,24,uni_z,2,0,2,free_surface,2752,40.3343,1530.8597,37.954,12.839
sandwich,0.20000,0.20414,4,24,uni_z,3,0,2,grip,2752,168.4124,4412.2818,26.199,37.003
sandwich,0.20000,0.20414,4,24,uni_z,0,1,2,grip,2752,167.9449,4417.3652,26.302,37.046
sandwich,0.20000,0.20414,4,24,uni_z,1,1,2,interior,2752,40.2660,1542.7160,38.313,12.938
sandwich,0.20000,0.20414,4,24,uni_z,2,1,2,interior,2752,40.2660,1542.7160,38.313,12.938
sandwich,0.20000,0.20414,4,24,uni_z,3,1,2,grip,2752,167.9449,4417.3652,26.302,37.046
sandwich,0.20000,0.20414,4,24,uni_z,0,2,2,grip,2752,167.9449,4417.3652,26.302,37.046
sandwich,0.20000,0.20414,4,24,uni_z,1,2,2,interior,2752,40.2660,1542.7160,38.313,12.938
sandwich,0.20000,0.20414,4,24,uni_z,2,2,2,interior,2752,40.2660,1542.7160,38.313,12.938
sandwich,0.20000,0.20414,4,24,uni_z,3,2,2,grip,2752,167.9449,4417.3652,26.302,37.046
sandwich,0.20000,0.20414,4,24,uni_z,0,3,2,grip,2752,168.4124,4412.2818,26.199,37.003
sandwich,0.20000,0.20414,4,24,uni_z,1,3,2,free_surface,2752,40.3343,1530.8597,37.954,12.839
sandwich,0.20000,0.20414,4,24,uni_z,2,3,2,free_surface,2752,40.3343,1530.8597,37.954,12.839
sandwich,0.20000,0.20414,4,24,uni_z,3,3,2,grip,2752,168.4124,4412.2818,26.199,37.003
sandwich,0.20000,0.20414,4,24,uni_z,0,0,3,grip,2752,173.9812,5655.9536,32.509,47.433
sandwich,0.20000,0.20414,4,24,uni_z,1,0,3,free_surface,2752,20.4310,1033.0886,50.565,8.664
sandwich,0.20000,0.20414,4,24,uni_z,2,0,3,free_surface,2752,20.4310,1033.0886,50.565,8.664
sandwich,0.20000,0.20414,4,24,uni_z,3,0,3,grip,2752,173.9812,5655.9536,32.509,47.433
sandwich,0.20000,0.20414,4,24,uni_z,0,1,3,grip,2752,171.8109,5255.3067,30.588,44.073
sandwich,0.20000,0.20414,4,24,uni_z,1,1,3,free_surface,2752,20.3662,871.2494,42.779,7.307
sandwich,0.20000,0.20414,4,24,uni_z,2,1,3,free_surface,2752,20.3662,871.2494,42.779,7.307
sandwich,0.20000,0.20414,4,24,uni_z,3,1,3,grip,2752,171.8109,5255.3067,30.588,44.073
sandwich,0.20000,0.20414,4,24,uni_z,0,2,3,grip,2752,171.8109,5255.3067,30.588,44.073
sandwich,0.20000,0.20414,4,24,uni_z,1,2,3,free_surface,2752,20.3662,871.2494,42.779,7.307
sandwich,0.20000,0.20414,4,24,uni_z,2,2,3,free_surface,2752,20.3662,871.2494,42.779,7.307
sandwich,0.20000,0.20414,4,24,uni_z,3,2,3,grip,2752,171.8109,5255.3067,30.588,44.073
sandwich,0.20000,0.20414,4,24,uni_z,0,3,3,grip,2752,173.9812,5655.9536,32.509,47.433
sandwich,0.20000,0.20414,4,24,uni_z,1,3,3,free_surface,2752,20.4310,1033.0886,50.565,8.664
sandwich,0.20000,0.20414,4,24,uni_z,2,3,3,free_surface,2752,20.4310,1033.0886,50.565,8.664
sandwich,0.20000,0.20414,4,24,uni_z,3,3,3,grip,2752,173.9812,5655.9536,32.509,47.433
sandwich,0.20000,0.20414,4,24,biax_xy,0,0,0,grip,2752,228.7911,8697.0875,38.013,72.938
sandwich,0.20000,0.20414,4,24,biax_xy,1,0,0,free_surface,2752,162.7808,5260.2088,32.315,44.115
sandwich,0.20000,0.20414,4,24,biax_xy,2,0,0,free_surface,2752,162.7809,5260.1260,32.314,44.114
sandwich,0.20000,0.20414,4,24,biax_xy,3,0,0,grip,2752,228.7928,8697.0762,38.013,72.938
sandwich,0.20000,0.20414,4,24,biax_xy,0,1,0,grip,2752,174.1961,5487.8553,31.504,46.024
sandwich,0.20000,0.20414,4,24,biax_xy,1,1,0,free_surface,2752,198.0995,6232.0889,31.459,52.265
sandwich,0.20000,0.20414,4,24,biax_xy,2,1,0,free_surface,2752,198.0987,6232.0172,31.459,52.265
sandwich,0.20000,0.20414,4,24,biax_xy,3,1,0,grip,2752,174.1953,5487.8338,31.504,46.024
sandwich,0.20000,0.20414,4,24,biax_xy,0,2,0,grip,2752,174.1962,5487.8515,31.504,46.024
sandwich,0.20000,0.20414,4,24,biax_xy,1,2,0,free_surface,2752,198.0995,6232.0816,31.459,52.265
sandwich,0.20000,0.20414,4,24,biax_xy,2,2,0,free_surface,2752,198.0987,6232.0098,31.459,52.265
sandwich,0.20000,0.20414,4,24,biax_xy,3,2,0,grip,2752,174.1954,5487.8299,31.504,46.023
sandwich,0.20000,0.20414,4,24,biax_xy,0,3,0,grip,2752,228.7912,8697.0929,38.013,72.938
sandwich,0.20000,0.20414,4,24,biax_xy,1,3,0,free_surface,2752,162.7808,5260.2104,32.315,44.115
sandwich,0.20000,0.20414,4,24,biax_xy,2,3,0,free_surface,2752,162.7808,5260.1276,32.314,44.114
sandwich,0.20000,0.20414,4,24,biax_xy,3,3,0,grip,2752,228.7930,8697.0815,38.013,72.938
sandwich,0.20000,0.20414,4,24,biax_xy,0,0,1,grip,2752,211.7464,7168.9582,33.856,60.122
sandwich,0.20000,0.20414,4,24,biax_xy,1,0,1,free_surface,2752,173.6336,5545.7758,31.940,46.509
sandwich,0.20000,0.20414,4,24,biax_xy,2,0,1,free_surface,2752,173.6333,5545.7047,31.939,46.509
sandwich,0.20000,0.20414,4,24,biax_xy,3,0,1,grip,2752,211.7469,7168.9738,33.856,60.122
sandwich,0.20000,0.20414,4,24,biax_xy,0,1,1,grip,2752,150.1657,5509.7761,36.691,46.208
sandwich,0.20000,0.20414,4,24,biax_xy,1,1,1,interior,2752,204.2332,6310.4016,30.898,52.922
sandwich,0.20000,0.20414,4,24,biax_xy,2,1,1,interior,2752,204.2331,6310.1975,30.897,52.920
sandwich,0.20000,0.20414,4,24,biax_xy,3,1,1,grip,2752,150.1660,5509.7832,36.691,46.208
sandwich,0.20000,0.20414,4,24,biax_xy,0,2,1,grip,2752,150.1660,5509.7685,36.691,46.207
sandwich,0.20000,0.20414,4,24,biax_xy,1,2,1,interior,2752,204.2335,6310.4044,30.898,52.922
sandwich,0.20000,0.20414,4,24,biax_xy,2,2,1,interior,2752,204.2334,6310.2004,30.897,52.920
sandwich,0.20000,0.20414,4,24,biax_xy,3,2,1,grip,2752,150.1663,5509.7755,36.691,46.208
sandwich,0.20000,0.20414,4,24,biax_xy,0,3,1,grip,2752,211.7467,7168.9574,33.856,60.122
sandwich,0.20000,0.20414,4,24,biax_xy,1,3,1,free_surface,2752,173.6340,5545.7810,31.939,46.510
sandwich,0.20000,0.20414,4,24,biax_xy,2,3,1,free_surface,2752,173.6337,5545.7098,31.939,46.509
sandwich,0.20000,0.20414,4,24,biax_xy,3,3,1,grip,2752,211.7472,7168.9730,33.856,60.122
sandwich,0.20000,0.20414,4,24,biax_xy,0,0,2,grip,2752,211.7464,7168.9582,33.856,60.122
sandwich,0.20000,0.20414,4,24,biax_xy,1,0,2,free_surface,2752,173.6336,5545.7758,31.940,46.509
sandwich,0.20000,0.20414,4,24,biax_xy,2,0,2,free_surface,2752,173.6333,5545.7047,31.939,46.509
sandwich,0.20000,0.20414,4,24,biax_xy,3,0,2,grip,2752,211.7469,7168.9738,33.856,60.122
sandwich,0.20000,0.20414,4,24,biax_xy,0,1,2,grip,2752,150.1657,5509.7761,36.691,46.208
sandwich,0.20000,0.20414,4,24,biax_xy,1,1,2,interior,2752,204.2332,6310.4016,30.898,52.922
sandwich,0.20000,0.20414,4,24,biax_xy,2,1,2,interior,2752,204.2331,6310.1975,30.897,52.920
sandwich,0.20000,0.20414,4,24,biax_xy,3,1,2,grip,2752,150.1660,5509.7832,36.691,46.208
sandwich,0.20000,0.20414,4,24,biax_xy,0,2,2,grip,2752,150.1660,5509.7685,36.691,46.207
sandwich,0.20000,0.20414,4,24,biax_xy,1,2,2,interior,2752,204.2335,6310.4044,30.898,52.922
sandwich,0.20000,0.20414,4,24,biax_xy,2,2,2,interior,2752,204.2334,6310.2004,30.897,52.920
sandwich,0.20000,0.20414,4,24,biax_xy,3,2,2,grip,2752,150.1663,5509.7755,36.691,46.208
sandwich,0.20000,0.20414,4,24,biax_xy,0,3,2,grip,2752,211.7467,7168.9574,33.856,60.122
sandwich,0.20000,0.20414,4,24,biax_xy,1,3,2,free_surface,2752,173.6340,5545.7810,31.939,46.510
sandwich,0.20000,0.20414,4,24,biax_xy,2,3,2,free_surface,2752,173.6337,5545.7098,31.939,46.509
sandwich,0.20000,0.20414,4,24,biax_xy,3,3,2,grip,2752,211.7472,7168.9730,33.856,60.122
sandwich,0.20000,0.20414,4,24,biax_xy,0,0,3,grip,2752,228.7911,8697.0875,38.013,72.938
sandwich,0.20000,0.20414,4,24,biax_xy,1,0,3,free_surface,2752,162.7808,5260.2088,32.315,44.115
sandwich,0.20000,0.20414,4,24,biax_xy,2,0,3,free_surface,2752,162.7809,5260.1260,32.314,44.114
sandwich,0.20000,0.20414,4,24,biax_xy,3,0,3,grip,2752,228.7928,8697.0762,38.013,72.938
sandwich,0.20000,0.20414,4,24,biax_xy,0,1,3,grip,2752,174.1961,5487.8553,31.504,46.024
sandwich,0.20000,0.20414,4,24,biax_xy,1,1,3,free_surface,2752,198.0995,6232.0889,31.459,52.265
sandwich,0.20000,0.20414,4,24,biax_xy,2,1,3,free_surface,2752,198.0987,6232.0172,31.459,52.265
sandwich,0.20000,0.20414,4,24,biax_xy,3,1,3,grip,2752,174.1953,5487.8338,31.504,46.024
sandwich,0.20000,0.20414,4,24,biax_xy,0,2,3,grip,2752,174.1962,5487.8515,31.504,46.024
sandwich,0.20000,0.20414,4,24,biax_xy,1,2,3,free_surface,2752,198.0995,6232.0816,31.459,52.265
sandwich,0.20000,0.20414,4,24,biax_xy,2,2,3,free_surface,2752,198.0987,6232.0098,31.459,52.265
sandwich,0.20000,0.20414,4,24,biax_xy,3,2,3,grip,2752,174.1954,5487.8299,31.504,46.023
sandwich,0.20000,0.20414,4,24,biax_xy,0,3,3,grip,2752,228.7912,8697.0929,38.013,72.938
sandwich,0.20000,0.20414,4,24,biax_xy,1,3,3,free_surface,2752,162.7808,5260.2104,32.315,44.115
sandwich,0.20000,0.20414,4,24,biax_xy,2,3,3,free_surface,2752,162.7808,5260.1276,32.314,44.114
sandwich,0.20000,0.20414,4,24,biax_xy,3,3,3,grip,2752,228.7930,8697.0815,38.013,72.938
sandwich,0.20000,0.20414,4,24,shear_xy,0,0,0,grip,2752,104.9502,3584.2711,34.152,24.825
sandwich,0.20000,0.20414,4,24,shear_xy,1,0,0,free_surface,2752,69.4792,1990.8825,28.654,13.789
sandwich,0.20000,0.20414,4,24,shear_xy,2,0,0,free_surface,2752,69.4797,1990.9366,28.655,13.789
sandwich,0.20000,0.20414,4,24,shear_xy,3,0,0,grip,2752,104.9501,3584.2554,34.152,24.824
sandwich,0.20000,0.20414,4,24,shear_xy,0,1,0,grip,2752,106.5522,2552.5994,23.956,17.679
sandwich,0.20000,0.20414,4,24,shear_xy,1,1,0,free_surface,2752,127.6760,3162.4192,24.769,21.903
sandwich,0.20000,0.20414,4,24,shear_xy,2,1,0,free_surface,2752,127.6761,3162.4342,24.769,21.903
sandwich,0.20000,0.20414,4,24,shear_xy,3,1,0,grip,2752,106.5524,2552.5933,23.956,17.679
sandwich,0.20000,0.20414,4,24,shear_xy,0,2,0,grip,2752,106.5514,2552.5893,23.956,17.679
sandwich,0.20000,0.20414,4,24,shear_xy,1,2,0,free_surface,2752,127.6754,3162.3990,24.769,21.903
sandwich,0.20000,0.20414,4,24,shear_xy,2,2,0,free_surface,2752,127.6755,3162.4139,24.769,21.903
sandwich,0.20000,0.20414,4,24,shear_xy,3,2,0,grip,2752,106.5517,2552.5832,23.956,17.679
sandwich,0.20000,0.20414,4,24,shear_xy,0,3,0,grip,2752,104.9496,3584.2718,34.152,24.825
sandwich,0.20000,0.20414,4,24,shear_xy,1,3,0,free_surface,2752,69.4799,1990.9504,28.655,13.789
sandwich,0.20000,0.20414,4,24,shear_xy,2,3,0,free_surface,2752,69.4804,1991.0046,28.656,13.790
sandwich,0.20000,0.20414,4,24,shear_xy,3,3,0,grip,2752,104.9495,3584.2561,34.152,24.824
sandwich,0.20000,0.20414,4,24,shear_xy,0,0,1,grip,2752,106.7200,3594.7785,33.684,24.897
sandwich,0.20000,0.20414,4,24,shear_xy,1,0,1,free_surface,2752,67.4189,2025.0077,30.036,14.025
sandwich,0.20000,0.20414,4,24,shear_xy,2,0,1,free_surface,2752,67.4192,2025.0295,30.036,14.025
sandwich,0.20000,0.20414,4,24,shear_xy,3,0,1,grip,2752,106.7200,3594.7459,33.684,24.897
sandwich,0.20000,0.20414,4,24,shear_xy,0,1,1,grip,2752,108.9669,2588.5728,23.756,17.928
sandwich,0.20000,0.20414,4,24,shear_xy,1,1,1,interior,2752,126.5300,3030.7451,23.953,20.991
sandwich,0.20000,0.20414,4,24,shear_xy,2,1,1,interior,2752,126.5298,3030.7457,23.953,20.991
sandwich,0.20000,0.20414,4,24,shear_xy,3,1,1,grip,2752,108.9667,2588.5712,23.756,17.928
sandwich,0.20000,0.20414,4,24,shear_xy,0,2,1,grip,2752,108.9663,2588.5672,23.756,17.928
sandwich,0.20000,0.20414,4,24,shear_xy,1,2,1,interior,2752,126.5300,3030.7557,23.953,20.991
sandwich,0.20000,0.20414,4,24,shear_xy,2,2,1,interior,2752,126.5299,3030.7562,23.953,20.991
sandwich,0.20000,0.20414,4,24,shear_xy,3,2,1,grip,2752,108.9662,2588.5656,23.756,17.928
sandwich,0.20000,0.20414,4,24,shear_xy,0,3,1,grip,2752,106.7191,3594.7685,33.684,24.897
sandwich,0.20000,0.20414,4,24,shear_xy,1,3,1,free_surface,2752,67.4198,2025.0268,30.036,14.025
sandwich,0.20000,0.20414,4,24,shear_xy,2,3,1,free_surface,2752,67.4200,2025.0485,30.036,14.025
sandwich,0.20000,0.20414,4,24,shear_xy,3,3,1,grip,2752,106.7191,3594.7359,33.684,24.897
sandwich,0.20000,0.20414,4,24,shear_xy,0,0,2,grip,2752,106.7200,3594.7785,33.684,24.897
sandwich,0.20000,0.20414,4,24,shear_xy,1,0,2,free_surface,2752,67.4189,2025.0077,30.036,14.025
sandwich,0.20000,0.20414,4,24,shear_xy,2,0,2,free_surface,2752,67.4192,2025.0295,30.036,14.025
sandwich,0.20000,0.20414,4,24,shear_xy,3,0,2,grip,2752,106.7200,3594.7459,33.684,24.897
sandwich,0.20000,0.20414,4,24,shear_xy,0,1,2,grip,2752,108.9669,2588.5728,23.756,17.928
sandwich,0.20000,0.20414,4,24,shear_xy,1,1,2,interior,2752,126.5300,3030.7451,23.953,20.991
sandwich,0.20000,0.20414,4,24,shear_xy,2,1,2,interior,2752,126.5298,3030.7457,23.953,20.991
sandwich,0.20000,0.20414,4,24,shear_xy,3,1,2,grip,2752,108.9667,2588.5712,23.756,17.928
sandwich,0.20000,0.20414,4,24,shear_xy,0,2,2,grip,2752,108.9663,2588.5672,23.756,17.928
sandwich,0.20000,0.20414,4,24,shear_xy,1,2,2,interior,2752,126.5300,3030.7557,23.953,20.991
sandwich,0.20000,0.20414,4,24,shear_xy,2,2,2,interior,2752,126.5299,3030.7562,23.953,20.991
sandwich,0.20000,0.20414,4,24,shear_xy,3,2,2,grip,2752,108.9662,2588.5656,23.756,17.928
sandwich,0.20000,0.20414,4,24,shear_xy,0,3,2,grip,2752,106.7191,3594.7685,33.684,24.897
sandwich,0.20000,0.20414,4,24,shear_xy,1,3,2,free_surface,2752,67.4198,2025.0268,30.036,14.025
sandwich,0.20000,0.20414,4,24,shear_xy,2,3,2,free_surface,2752,67.4200,2025.0485,30.036,14.025
sandwich,0.20000,0.20414,4,24,shear_xy,3,3,2,grip,2752,106.7191,3594.7359,33.684,24.897
sandwich,0.20000,0.20414,4,24,shear_xy,0,0,3,grip,2752,104.9502,3584.2711,34.152,24.825
sandwich,0.20000,0.20414,4,24,shear_xy,1,0,3,free_surface,2752,69.4792,1990.8825,28.654,13.789
sandwich,0.20000,0.20414,4,24,shear_xy,2,0,3,free_surface,2752,69.4797,1990.9366,28.655,13.789
sandwich,0.20000,0.20414,4,24,shear_xy,3,0,3,grip,2752,104.9501,3584.2554,34.152,24.824
sandwich,0.20000,0.20414,4,24,shear_xy,0,1,3,grip,2752,106.5522,2552.5994,23.956,17.679
sandwich,0.20000,0.20414,4,24,shear_xy,1,1,3,free_surface,2752,127.6760,3162.4192,24.769,21.903
sandwich,0.20000,0.20414,4,24,shear_xy,2,1,3,free_surface,2752,127.6761,3162.4342,24.769,21.903
sandwich,0.20000,0.20414,4,24,shear_xy,3,1,3,grip,2752,106.5524,2552.5933,23.956,17.679
sandwich,0.20000,0.20414,4,24,shear_xy,0,2,3,grip,2752,106.5514,2552.5893,23.956,17.679
sandwich,0.20000,0.20414,4,24,shear_xy,1,2,3,free_surface,2752,127.6754,3162.3990,24.769,21.903
sandwich,0.20000,0.20414,4,24,shear_xy,2,2,3,free_surface,2752,127.6755,3162.4139,24.769,21.903
sandwich,0.20000,0.20414,4,24,shear_xy,3,2,3,grip,2752,106.5517,2552.5832,23.956,17.679
sandwich,0.20000,0.20414,4,24,shear_xy,0,3,3,grip,2752,104.9496,3584.2718,34.152,24.825
sandwich,0.20000,0.20414,4,24,shear_xy,1,3,3,free_surface,2752,69.4799,1990.9504,28.655,13.789
sandwich,0.20000,0.20414,4,24,shear_xy,2,3,3,free_surface,2752,69.4804,1991.0046,28.656,13.790
sandwich,0.20000,0.20414,4,24,shear_xy,3,3,3,grip,2752,104.9495,3584.2561,34.152,24.824
sandwich,0.20000,0.20414,4,24,shear_diag,0,0,0,grip,2752,242.5528,6286.1361,25.917,30.437
sandwich,0.20000,0.20414,4,24,shear_diag,1,0,0,free_surface,2752,165.1451,4821.0688,29.193,23.343
sandwich,0.20000,0.20414,4,24,shear_diag,2,0,0,free_surface,2752,165.1453,4821.2638,29.194,23.344
sandwich,0.20000,0.20414,4,24,shear_diag,3,0,0,grip,2752,242.5536,6286.1375,25.916,30.437
sandwich,0.20000,0.20414,4,24,shear_diag,0,1,0,grip,2752,260.4572,5849.6453,22.459,28.324
sandwich,0.20000,0.20414,4,24,shear_diag,1,1,0,free_surface,2752,150.9487,3787.9119,25.094,18.341
sandwich,0.20000,0.20414,4,24,shear_diag,2,1,0,free_surface,2752,150.9487,3787.8912,25.094,18.341
sandwich,0.20000,0.20414,4,24,shear_diag,3,1,0,grip,2752,260.4577,5849.6728,22.459,28.324
sandwich,0.20000,0.20414,4,24,shear_diag,0,2,0,grip,2752,260.4571,5849.6433,22.459,28.324
sandwich,0.20000,0.20414,4,24,shear_diag,1,2,0,free_surface,2752,150.9487,3787.9281,25.094,18.341
sandwich,0.20000,0.20414,4,24,shear_diag,2,2,0,free_surface,2752,150.9488,3787.9073,25.094,18.341
sandwich,0.20000,0.20414,4,24,shear_diag,3,2,0,grip,2752,260.4576,5849.6708,22.459,28.324
sandwich,0.20000,0.20414,4,24,shear_diag,0,3,0,grip,2752,242.5526,6286.1158,25.917,30.437
sandwich,0.20000,0.20414,4,24,shear_diag,1,3,0,free_surface,2752,165.1451,4821.0639,29.193,23.343
sandwich,0.20000,0.20414,4,24,shear_diag,2,3,0,free_surface,2752,165.1454,4821.2589,29.194,23.344
sandwich,0.20000,0.20414,4,24,shear_diag,3,3,0,grip,2752,242.5534,6286.1172,25.916,30.437
sandwich,0.20000,0.20414,4,24,shear_diag,0,0,1,grip,2752,235.9194,5611.6350,23.786,27.171
sandwich,0.20000,0.20414,4,24,shear_diag,1,0,1,free_surface,2752,171.6278,4884.8798,28.462,23.652
sandwich,0.20000,0.20414,4,24,shear_diag,2,0,1,free_surface,2752,171.6272,4885.1566,28.464,23.654
sandwich,0.20000,0.20414,4,24,shear_diag,3,0,1,grip,2752,235.9190,5611.6635,23.786,27.171
sandwich,0.20000,0.20414,4,24,shear_diag,0,1,1,grip,2752,255.9534,5418.9985,21.172,26.238
sandwich,0.20000,0.20414,4,24,shear_diag,1,1,1,interior,2752,158.7438,3971.4111,25.018,19.229
sandwich,0.20000,0.20414,4,24,shear_diag,2,1,1,interior,2752,158.7438,3971.3510,25.017,19.229
sandwich,0.20000,0.20414,4,24,shear_diag,3,1,1,grip,2752,255.9540,5419.0332,21.172,26.239
sandwich,0.20000,0.20414,4,24,shear_diag,0,2,1,grip,2752,255.9536,5419.0172,21.172,26.238
sandwich,0.20000,0.20414,4,24,shear_diag,1,2,1,interior,2752,158.7436,3971.3954,25.018,19.229
sandwich,0.20000,0.20414,4,24,shear_diag,2,2,1,interior,2752,158.7436,3971.3353,25.017,19.229
sandwich,0.20000,0.20414,4,24,shear_diag,3,2,1,grip,2752,255.9542,5419.0519,21.172,26.239
sandwich,0.20000,0.20414,4,24,shear_diag,0,3,1,grip,2752,235.9196,5611.6326,23.786,27.171
sandwich,0.20000,0.20414,4,24,shear_diag,1,3,1,free_surface,2752,171.6275,4884.8692,28.462,23.652
sandwich,0.20000,0.20414,4,24,shear_diag,2,3,1,free_surface,2752,171.6269,4885.1459,28.464,23.654
sandwich,0.20000,0.20414,4,24,shear_diag,3,3,1,grip,2752,235.9192,5611.6611,23.786,27.171
sandwich,0.20000,0.20414,4,24,shear_diag,0,0,2,grip,2752,235.9194,5611.6350,23.786,27.171
sandwich,0.20000,0.20414,4,24,shear_diag,1,0,2,free_surface,2752,171.6278,4884.8798,28.462,23.652
sandwich,0.20000,0.20414,4,24,shear_diag,2,0,2,free_surface,2752,171.6272,4885.1566,28.464,23.654
sandwich,0.20000,0.20414,4,24,shear_diag,3,0,2,grip,2752,235.9190,5611.6635,23.786,27.171
sandwich,0.20000,0.20414,4,24,shear_diag,0,1,2,grip,2752,255.9534,5418.9985,21.172,26.238
sandwich,0.20000,0.20414,4,24,shear_diag,1,1,2,interior,2752,158.7438,3971.4111,25.018,19.229
sandwich,0.20000,0.20414,4,24,shear_diag,2,1,2,interior,2752,158.7438,3971.3510,25.017,19.229
sandwich,0.20000,0.20414,4,24,shear_diag,3,1,2,grip,2752,255.9540,5419.0332,21.172,26.239
sandwich,0.20000,0.20414,4,24,shear_diag,0,2,2,grip,2752,255.9536,5419.0172,21.172,26.238
sandwich,0.20000,0.20414,4,24,shear_diag,1,2,2,interior,2752,158.7436,3971.3954,25.018,19.229
sandwich,0.20000,0.20414,4,24,shear_diag,2,2,2,interior,2752,158.7436,3971.3353,25.017,19.229
sandwich,0.20000,0.20414,4,24,shear_diag,3,2,2,grip,2752,255.9542,5419.0519,21.172,26.239
sandwich,0.20000,0.20414,4,24,shear_diag,0,3,2,grip,2752,235.9196,5611.6326,23.786,27.171
sandwich,0.20000,0.20414,4,24,shear_diag,1,3,2,free_surface,2752,171.6275,4884.8692,28.462,23.652
sandwich,0.20000,0.20414,4,24,shear_diag,2,3,2,free_surface,2752,171.6269,4885.1459,28.464,23.654
sandwich,0.20000,0.20414,4,24,shear_diag,3,3,2,grip,2752,235.9192,5611.6611,23.786,27.171
sandwich,0.20000,0.20414,4,24,shear_diag,0,0,3,grip,2752,242.5528,6286.1361,25.917,30.437
sandwich,0.20000,0.20414,4,24,shear_diag,1,0,3,free_surface,2752,165.1451,4821.0688,29.193,23.343
sandwich,0.20000,0.20414,4,24,shear_diag,2,0,3,free_surface,2752,165.1453,4821.2638,29.194,23.344
sandwich,0.20000,0.20414,4,24,shear_diag,3,0,3,grip,2752,242.5536,6286.1375,25.916,30.437
sandwich,0.20000,0.20414,4,24,shear_diag,0,1,3,grip,2752,260.4572,5849.6453,22.459,28.324
sandwich,0.20000,0.20414,4,24,shear_diag,1,1,3,free_surface,2752,150.9487,3787.9119,25.094,18.341
sandwich,0.20000,0.20414,4,24,shear_diag,2,1,3,free_surface,2752,150.9487,3787.8912,25.094,18.341
sandwich,0.20000,0.20414,4,24,shear_diag,3,1,3,grip,2752,260.4577,5849.6728,22.459,28.324
sandwich,0.20000,0.20414,4,24,shear_diag,0,2,3,grip,2752,260.4571,5849.6433,22.459,28.324
sandwich,0.20000,0.20414,4,24,shear_diag,1,2,3,free_surface,2752,150.9487,3787.9281,25.094,18.341
sandwich,0.20000,0.20414,4,24,shear_diag,2,2,3,free_surface,2752,150.9488,3787.9073,25.094,18.341
sandwich,0.20000,0.20414,4,24,shear_diag,3,2,3,grip,2752,260.4576,5849.6708,22.459,28.324
sandwich,0.20000,0.20414,4,24,shear_diag,0,3,3,grip,2752,242.5526,6286.1158,25.917,30.437
sandwich,0.20000,0.20414,4,24,shear_diag,1,3,3,free_surface,2752,165.1451,4821.0639,29.193,23.343
sandwich,0.20000,0.20414,4,24,shear_diag,2,3,3,free_surface,2752,165.1454,4821.2589,29.194,23.344
sandwich,0.20000,0.20414,4,24,shear_diag,3,3,3,grip,2752,242.5534,6286.1172,25.916,30.437
sandwich,0.20000,0.20414,4,24,uni_111,0,0,0,grip,2752,254.5553,10404.4190,40.873,62.406
sandwich,0.20000,0.20414,4,24,uni_111,1,0,0,free_surface,2752,102.2334,3528.6608,34.516,21.165
sandwich,0.20000,0.20414,4,24,uni_111,2,0,0,free_surface,2752,42.0410,1414.9306,33.656,8.487
sandwich,0.20000,0.20414,4,24,uni_111,3,0,0,grip,2752,97.8445,3677.6519,37.587,22.059
sandwich,0.20000,0.20414,4,24,uni_111,0,1,0,grip,2752,207.2733,5909.8583,28.512,35.448
sandwich,0.20000,0.20414,4,24,uni_111,1,1,0,free_surface,2752,142.9845,4484.7556,31.365,26.900
sandwich,0.20000,0.20414,4,24,uni_111,2,1,0,free_surface,2752,84.9820,3021.6595,35.556,18.124
sandwich,0.20000,0.20414,4,24,uni_111,3,1,0,grip,2752,86.2889,3335.2781,38.652,20.005
sandwich,0.20000,0.20414,4,24,uni_111,0,2,0,grip,2752,157.7833,4656.0252,29.509,27.927
sandwich,0.20000,0.20414,4,24,uni_111,1,2,0,free_surface,2752,130.8599,3772.4925,28.828,22.628
sandwich,0.20000,0.20414,4,24,uni_111,2,2,0,free_surface,2752,107.6237,3400.3663,31.595,20.396
sandwich,0.20000,0.20414,4,24,uni_111,3,2,0,grip,2752,88.8694,3159.1375,35.548,18.949
sandwich,0.20000,0.20414,4,24,uni_111,0,3,0,grip,2752,91.5098,3501.8474,38.267,21.004
sandwich,0.20000,0.20414,4,24,uni_111,1,3,0,free_surface,2752,93.9144,2696.9648,28.717,16.177
sandwich,0.20000,0.20414,4,24,uni_111,2,3,0,free_surface,2752,93.9154,2697.0350,28.718,16.177
sandwich,0.20000,0.20414,4,24,uni_111,3,3,0,grip,2752,91.5101,3501.8437,38.267,21.004
sandwich,0.20000,0.20414,4,24,uni_111,0,0,1,grip,2752,207.2733,5909.8583,28.512,35.448
sandwich,0.20000,0.20414,4,24,uni_111,1,0,1,free_surface,2752,142.9845,4484.7556,31.365,26.900
sandwich,0.20000,0.20414,4,24,uni_111,2,0,1,free_surface,2752,84.9820,3021.6595,35.556,18.124
sandwich,0.20000,0.20414,4,24,uni_111,3,0,1,grip,2752,86.2889,3335.2781,38.652,20.005
sandwich,0.20000,0.20414,4,24,uni_111,0,1,1,grip,2752,169.7120,4299.3738,25.333,25.788
sandwich,0.20000,0.20414,4,24,uni_111,1,1,1,interior,2752,163.7384,4192.5327,25.605,25.147
sandwich,0.20000,0.20414,4,24,uni_111,2,1,1,interior,2752,126.1707,3618.8019,28.682,21.706
sandwich,0.20000,0.20414,4,24,uni_111,3,1,1,grip,2752,103.2700,3414.3125,33.062,20.479
sandwich,0.20000,0.20414,4,24,uni_111,0,2,1,grip,2752,129.9267,3675.8274,28.292,22.048
sandwich,0.20000,0.20414,4,24,uni_111,1,2,1,interior,2752,145.5295,3992.8389,27.437,23.949
sandwich,0.20000,0.20414,4,24,uni_111,2,2,1,interior,2752,145.5292,3992.8219,27.437,23.949
sandwich,0.20000,0.20414,4,24,uni_111,3,2,1,grip,2752,129.9269,3675.8444,28.292,22.048
sandwich,0.20000,0.20414,4,24,uni_111,0,3,1,grip,2752,88.8695,3159.1406,35.548,18.949
sandwich,0.20000,0.20414,4,24,uni_111,1,3,1,free_surface,2752,107.6253,3400.3883,31.595,20.396
sandwich,0.20000,0.20414,4,24,uni_111,2,3,1,free_surface,2752,130.8612,3772.5423,28.829,22.628
sandwich,0.20000,0.20414,4,24,uni_111,3,3,1,grip,2752,157.7836,4656.1275,29.510,27.928
sandwich,0.20000,0.20414,4,24,uni_111,0,0,2,grip,2752,157.7833,4656.0252,29.509,27.927
sandwich,0.20000,0.20414,4,24,uni_111,1,0,2,free_surface,2752,130.8599,3772.4925,28.828,22.628
sandwich,0.20000,0.20414,4,24,uni_111,2,0,2,free_surface,2752,107.6237,3400.3663,31.595,20.396
sandwich,0.20000,0.20414,4,24,uni_111,3,0,2,grip,2752,88.8694,3159.1375,35.548,18.949
sandwich,0.20000,0.20414,4,24,uni_111,0,1,2,grip,2752,129.9267,3675.8274,28.292,22.048
sandwich,0.20000,0.20414,4,24,uni_111,1,1,2,interior,2752,145.5295,3992.8389,27.437,23.949
sandwich,0.20000,0.20414,4,24,uni_111,2,1,2,interior,2752,145.5292,3992.8219,27.437,23.949
sandwich,0.20000,0.20414,4,24,uni_111,3,1,2,grip,2752,129.9269,3675.8444,28.292,22.048
sandwich,0.20000,0.20414,4,24,uni_111,0,2,2,grip,2752,103.2700,3414.3123,33.062,20.479
sandwich,0.20000,0.20414,4,24,uni_111,1,2,2,interior,2752,126.1713,3618.8406,28.682,21.706
sandwich,0.20000,0.20414,4,24,uni_111,2,2,2,interior,2752,163.7381,4192.5618,25.605,25.147
sandwich,0.20000,0.20414,4,24,uni_111,3,2,2,grip,2752,169.7112,4299.4110,25.334,25.788
sandwich,0.20000,0.20414,4,24,uni_111,0,3,2,grip,2752,86.2895,3335.2920,38.652,20.005
sandwich,0.20000,0.20414,4,24,uni_111,1,3,2,free_surface,2752,84.9819,3021.6139,35.556,18.124
sandwich,0.20000,0.20414,4,24,uni_111,2,3,2,free_surface,2752,142.9844,4484.7279,31.365,26.900
sandwich,0.20000,0.20414,4,24,uni_111,3,3,2,grip,2752,207.2717,5909.8846,28.513,35.448
sandwich,0.20000,0.20414,4,24,uni_111,0,0,3,grip,2752,91.5098,3501.8474,38.267,21.004
sandwich,0.20000,0.20414,4,24,uni_111,1,0,3,free_surface,2752,93.9144,2696.9648,28.717,16.177
sandwich,0.20000,0.20414,4,24,uni_111,2,0,3,free_surface,2752,93.9154,2697.0350,28.718,16.177
sandwich,0.20000,0.20414,4,24,uni_111,3,0,3,grip,2752,91.5101,3501.8437,38.267,21.004
sandwich,0.20000,0.20414,4,24,uni_111,0,1,3,grip,2752,88.8695,3159.1406,35.548,18.949
sandwich,0.20000,0.20414,4,24,uni_111,1,1,3,free_surface,2752,107.6253,3400.3883,31.595,20.396
sandwich,0.20000,0.20414,4,24,uni_111,2,1,3,free_surface,2752,130.8612,3772.5423,28.829,22.628
sandwich,0.20000,0.20414,4,24,uni_111,3,1,3,grip,2752,157.7836,4656.1275,29.510,27.928
sandwich,0.20000,0.20414,4,24,uni_111,0,2,3,grip,2752,86.2895,3335.2920,38.652,20.005
sandwich,0.20000,0.20414,4,24,uni_111,1,2,3,free_surface,2752,84.9819,3021.6139,35.556,18.124
sandwich,0.20000,0.20414,4,24,uni_111,2,2,3,free_surface,2752,142.9844,4484.7279,31.365,26.900
sandwich,0.20000,0.20414,4,24,uni_111,3,2,3,grip,2752,207.2717,5909.8846,28.513,35.448
sandwich,0.20000,0.20414,4,24,uni_111,0,3,3,grip,2752,97.8455,3677.6026,37.586,22.059
sandwich,0.20000,0.20414,4,24,uni_111,1,3,3,free_surface,2752,42.0407,1414.9502,33.657,8.487
sandwich,0.20000,0.20414,4,24,uni_111,2,3,3,free_surface,2752,102.2350,3528.7233,34.516,21.166
sandwich,0.20000,0.20414,4,24,uni_111,3,3,3,grip,2752,254.5543,10404.3226,40.873,62.406
sandwich,0.20000,0.20414,4,24,hydro,0,0,0,grip,2752,259.1987,12587.2477,48.562,-1.000
sandwich,0.20000,0.20414,4,24,hydro,1,0,0,free_surface,2752,161.9851,5940.3350,36.672,-1.000
sandwich,0.20000,0.20414,4,24,hydro,2,0,0,free_surface,2752,161.9851,5940.2527,36.672,-1.000
sandwich,0.20000,0.20414,4,24,hydro,3,0,0,grip,2752,259.2006,12587.2340,48.562,-1.000
sandwich,0.20000,0.20414,4,24,hydro,0,1,0,grip,2752,201.7827,7526.1946,37.299,-1.000
sandwich,0.20000,0.20414,4,24,hydro,1,1,0,free_surface,2752,198.3903,6988.0677,35.224,-1.000
sandwich,0.20000,0.20414,4,24,hydro,2,1,0,free_surface,2752,198.3896,6987.9960,35.224,-1.000
sandwich,0.20000,0.20414,4,24,hydro,3,1,0,grip,2752,201.7826,7526.2066,37.299,-1.000
sandwich,0.20000,0.20414,4,24,hydro,0,2,0,grip,2752,201.7828,7526.1961,37.299,-1.000
sandwich,0.20000,0.20414,4,24,hydro,1,2,0,free_surface,2752,198.3903,6988.0602,35.224,-1.000
sandwich,0.20000,0.20414,4,24,hydro,2,2,0,free_surface,2752,198.3896,6987.9885,35.224,-1.000
sandwich,0.20000,0.20414,4,24,hydro,3,2,0,grip,2752,201.7826,7526.2081,37.299,-1.000
sandwich,0.20000,0.20414,4,24,hydro,0,3,0,grip,2752,259.1989,12587.2498,48.562,-1.000
sandwich,0.20000,0.20414,4,24,hydro,1,3,0,free_surface,2752,161.9851,5940.3401,36.672,-1.000
sandwich,0.20000,0.20414,4,24,hydro,2,3,0,free_surface,2752,161.9851,5940.2578,36.672,-1.000
sandwich,0.20000,0.20414,4,24,hydro,3,3,0,grip,2752,259.2008,12587.2361,48.562,-1.000
sandwich,0.20000,0.20414,4,24,hydro,0,0,1,grip,2752,201.7827,7526.1946,37.299,-1.000
sandwich,0.20000,0.20414,4,24,hydro,1,0,1,free_surface,2752,198.3903,6988.0677,35.224,-1.000
sandwich,0.20000,0.20414,4,24,hydro,2,0,1,free_surface,2752,198.3896,6987.9960,35.224,-1.000
sandwich,0.20000,0.20414,4,24,hydro,3,0,1,grip,2752,201.7826,7526.2066,37.299,-1.000
sandwich,0.20000,0.20414,4,24,hydro,0,1,1,grip,2752,112.7613,5779.0234,51.250,-1.000
sandwich,0.20000,0.20414,4,24,hydro,1,1,1,interior,2752,226.0281,7240.4473,32.033,-1.000
sandwich,0.20000,0.20414,4,24,hydro,2,1,1,interior,2752,226.0279,7240.2433,32.033,-1.000
sandwich,0.20000,0.20414,4,24,hydro,3,1,1,grip,2752,112.7612,5779.0248,51.250,-1.000
sandwich,0.20000,0.20414,4,24,hydro,0,2,1,grip,2752,112.7616,5779.0310,51.250,-1.000
sandwich,0.20000,0.20414,4,24,hydro,1,2,1,interior,2752,226.0283,7240.4500,32.033,-1.000
sandwich,0.20000,0.20414,4,24,hydro,2,2,1,interior,2752,226.0282,7240.2460,32.032,-1.000
sandwich,0.20000,0.20414,4,24,hydro,3,2,1,grip,2752,112.7616,5779.0325,51.250,-1.000
sandwich,0.20000,0.20414,4,24,hydro,0,3,1,grip,2752,201.7829,7526.1953,37.298,-1.000
sandwich,0.20000,0.20414,4,24,hydro,1,3,1,free_surface,2752,198.3906,6988.0733,35.224,-1.000
sandwich,0.20000,0.20414,4,24,hydro,2,3,1,free_surface,2752,198.3899,6988.0015,35.224,-1.000
sandwich,0.20000,0.20414,4,24,hydro,3,3,1,grip,2752,201.7828,7526.2073,37.299,-1.000
sandwich,0.20000,0.20414,4,24,hydro,0,0,2,grip,2752,201.7828,7526.1961,37.299,-1.000
sandwich,0.20000,0.20414,4,24,hydro,1,0,2,free_surface,2752,198.3903,6988.0602,35.224,-1.000
sandwich,0.20000,0.20414,4,24,hydro,2,0,2,free_surface,2752,198.3896,6987.9885,35.224,-1.000
sandwich,0.20000,0.20414,4,24,hydro,3,0,2,grip,2752,201.7826,7526.2081,37.299,-1.000
sandwich,0.20000,0.20414,4,24,hydro,0,1,2,grip,2752,112.7616,5779.0310,51.250,-1.000
sandwich,0.20000,0.20414,4,24,hydro,1,1,2,interior,2752,226.0283,7240.4500,32.033,-1.000
sandwich,0.20000,0.20414,4,24,hydro,2,1,2,interior,2752,226.0282,7240.2460,32.032,-1.000
sandwich,0.20000,0.20414,4,24,hydro,3,1,2,grip,2752,112.7616,5779.0325,51.250,-1.000
sandwich,0.20000,0.20414,4,24,hydro,0,2,2,grip,2752,112.7620,5779.0301,51.250,-1.000
sandwich,0.20000,0.20414,4,24,hydro,1,2,2,interior,2752,226.0286,7240.4432,32.033,-1.000
sandwich,0.20000,0.20414,4,24,hydro,2,2,2,interior,2752,226.0285,7240.2392,32.032,-1.000
sandwich,0.20000,0.20414,4,24,hydro,3,2,2,grip,2752,112.7620,5779.0315,51.250,-1.000
sandwich,0.20000,0.20414,4,24,hydro,0,3,2,grip,2752,201.7830,7526.1968,37.298,-1.000
sandwich,0.20000,0.20414,4,24,hydro,1,3,2,free_surface,2752,198.3905,6988.0658,35.224,-1.000
sandwich,0.20000,0.20414,4,24,hydro,2,3,2,free_surface,2752,198.3899,6987.9941,35.224,-1.000
sandwich,0.20000,0.20414,4,24,hydro,3,3,2,grip,2752,201.7828,7526.2088,37.299,-1.000
sandwich,0.20000,0.20414,4,24,hydro,0,0,3,grip,2752,259.1989,12587.2498,48.562,-1.000
sandwich,0.20000,0.20414,4,24,hydro,1,0,3,free_surface,2752,161.9851,5940.3401,36.672,-1.000
sandwich,0.20000,0.20414,4,24,hydro,2,0,3,free_surface,2752,161.9851,5940.2578,36.672,-1.000
sandwich,0.20000,0.20414,4,24,hydro,3,0,3,grip,2752,259.2008,12587.2361,48.562,-1.000
sandwich,0.20000,0.20414,4,24,hydro,0,1,3,grip,2752,201.7829,7526.1953,37.298,-1.000
sandwich,0.20000,0.20414,4,24,hydro,1,1,3,free_surface,2752,198.3906,6988.0733,35.224,-1.000
sandwich,0.20000,0.20414,4,24,hydro,2,1,3,free_surface,2752,198.3899,6988.0015,35.224,-1.000
sandwich,0.20000,0.20414,4,24,hydro,3,1,3,grip,2752,201.7828,7526.2073,37.299,-1.000
sandwich,0.20000,0.20414,4,24,hydro,0,2,3,grip,2752,201.7830,7526.1968,37.298,-1.000
sandwich,0.20000,0.20414,4,24,hydro,1,2,3,free_surface,2752,198.3905,6988.0658,35.224,-1.000
sandwich,0.20000,0.20414,4,24,hydro,2,2,3,free_surface,2752,198.3899,6987.9941,35.224,-1.000
sandwich,0.20000,0.20414,4,24,hydro,3,2,3,grip,2752,201.7828,7526.2088,37.299,-1.000
sandwich,0.20000,0.20414,4,24,hydro,0,3,3,grip,2752,259.1992,12587.2519,48.562,-1.000
sandwich,0.20000,0.20414,4,24,hydro,1,3,3,free_surface,2752,161.9851,5940.3419,36.672,-1.000
sandwich,0.20000,0.20414,4,24,hydro,2,3,3,free_surface,2752,161.9850,5940.2596,36.672,-1.000
sandwich,0.20000,0.20414,4,24,hydro,3,3,3,grip,2752,259.2011,12587.2382,48.562,-1.000
sandwich,0.05047,0.04762,3,24,uni_x,0,0,0,grip,776,28.0227,2864.8327,102.233,153.086
sandwich,0.05047,0.04762,3,24,uni_x,1,0,0,free_surface,776,30.1983,2429.6259,80.456,129.830
sandwich,0.05047,0.04762,3,24,uni_x,2,0,0,grip,776,28.0224,2864.7801,102.232,153.083
sandwich,0.05047,0.04762,3,24,uni_x,0,1,0,grip,776,25.6113,2563.1348,100.078,136.964
sandwich,0.05047,0.04762,3,24,uni_x,1,1,0,free_surface,776,32.0537,2611.0959,81.460,139.527
sandwich,0.05047,0.04762,3,24,uni_x,2,1,0,grip,776,25.6108,2562.9001,100.071,136.952
sandwich,0.05047,0.04762,3,24,uni_x,0,2,0,grip,776,28.0227,2864.8327,102.233,153.086
sandwich,0.05047,0.04762,3,24,uni_x,1,2,0,free_surface,776,30.1983,2429.6259,80.456,129.830
sandwich,0.05047,0.04762,3,24,uni_x,2,2,0,grip,776,28.0224,2864.7805,102.232,153.083
sandwich,0.05047,0.04762,3,24,uni_x,0,0,1,grip,776,25.6113,2563.1348,100.078,136.964
sandwich,0.05047,0.04762,3,24,uni_x,1,0,1,free_surface,776,32.0537,2611.0959,81.460,139.527
sandwich,0.05047,0.04762,3,24,uni_x,2,0,1,grip,776,25.6108,2562.9001,100.071,136.952
sandwich,0.05047,0.04762,3,24,uni_x,0,1,1,grip,776,22.6020,2092.8507,92.596,111.834
sandwich,0.05047,0.04762,3,24,uni_x,1,1,1,interior,776,33.4691,2621.1963,78.317,140.067
sandwich,0.05047,0.04762,3,24,uni_x,2,1,1,grip,776,22.6011,2092.5946,92.588,111.820
sandwich,0.05047,0.04762,3,24,uni_x,0,2,1,grip,776,25.6113,2563.1348,100.078,136.964
sandwich,0.05047,0.04762,3,24,uni_x,1,2,1,free_surface,776,32.0537,2611.0959,81.460,139.527
sandwich,0.05047,0.04762,3,24,uni_x,2,2,1,grip,776,25.6108,2562.9001,100.071,136.952
sandwich,0.05047,0.04762,3,24,uni_x,0,0,2,grip,776,28.0227,2864.8325,102.232,153.086
sandwich,0.05047,0.04762,3,24,uni_x,1,0,2,free_surface,776,30.1983,2429.6259,80.456,129.830
sandwich,0.05047,0.04762,3,24,uni_x,2,0,2,grip,776,28.0224,2864.7802,102.232,153.083
sandwich,0.05047,0.04762,3,24,uni_x,0,1,2,grip,776,25.6113,2563.1348,100.078,136.964
sandwich,0.05047,0.04762,3,24,uni_x,1,1,2,free_surface,776,32.0537,2611.0960,81.460,139.527
sandwich,0.05047,0.04762,3,24,uni_x,2,1,2,grip,776,25.6108,2562.9001,100.071,136.952
sandwich,0.05047,0.04762,3,24,uni_x,0,2,2,grip,776,28.0227,2864.8326,102.233,153.086
sandwich,0.05047,0.04762,3,24,uni_x,1,2,2,free_surface,776,30.1983,2429.6259,80.456,129.830
sandwich,0.05047,0.04762,3,24,uni_x,2,2,2,grip,776,28.0224,2864.7805,102.232,153.083
sandwich,0.05047,0.04762,3,24,uni_z,0,0,0,grip,776,37.4370,3577.7968,95.568,191.184
sandwich,0.05047,0.04762,3,24,uni_z,1,0,0,free_surface,776,2.8574,729.1519,255.183,38.963
sandwich,0.05047,0.04762,3,24,uni_z,2,0,0,grip,776,37.4370,3577.7968,95.568,191.184
sandwich,0.05047,0.04762,3,24,uni_z,0,1,0,grip,776,37.1237,3571.2356,96.198,190.833
sandwich,0.05047,0.04762,3,24,uni_z,1,1,0,free_surface,776,3.2272,708.2716,219.467,37.847
sandwich,0.05047,0.04762,3,24,uni_z,2,1,0,grip,776,37.1237,3571.2356,96.198,190.833
sandwich,0.05047,0.04762,3,24,uni_z,0,2,0,grip,776,37.4370,3577.7968,95.568,191.184
sandwich,0.05047,0.04762,3,24,uni_z,1,2,0,free_surface,776,2.8574,729.1519,255.183,38.963
sandwich,0.05047,0.04762,3,24,uni_z,2,2,0,grip,776,37.4370,3577.7968,95.568,191.184
sandwich,0.05047,0.04762,3,24,uni_z,0,0,1,grip,776,33.7222,3563.6343,105.676,190.427
sandwich,0.05047,0.04762,3,24,uni_z,1,0,1,free_surface,776,9.0242,1317.5718,146.004,70.406
sandwich,0.05047,0.04762,3,24,uni_z,2,0,1,grip,776,33.7222,3563.6343,105.676,190.427
sandwich,0.05047,0.04762,3,24,uni_z,0,1,1,grip,776,33.7582,3515.6444,104.142,187.863
sandwich,0.05047,0.04762,3,24,uni_z,1,1,1,interior,776,8.5502,1320.8777,154.485,70.583
sandwich,0.05047,0.04762,3,24,uni_z,2,1,1,grip,776,33.7582,3515.6444,104.142,187.863
sandwich,0.05047,0.04762,3,24,uni_z,0,2,1,grip,776,33.7222,3563.6343,105.676,190.427
sandwich,0.05047,0.04762,3,24,uni_z,1,2,1,free_surface,776,9.0242,1317.5718,146.004,70.406
sandwich,0.05047,0.04762,3,24,uni_z,2,2,1,grip,776,33.7222,3563.6343,105.676,190.427
sandwich,0.05047,0.04762,3,24,uni_z,0,0,2,grip,776,37.4370,3577.7972,95.568,191.184
sandwich,0.05047,0.04762,3,24,uni_z,1,0,2,free_surface,776,2.8574,729.1844,255.194,38.965
sandwich,0.05047,0.04762,3,24,uni_z,2,0,2,grip,776,37.4370,3577.7972,95.568,191.184
sandwich,0.05047,0.04762,3,24,uni_z,0,1,2,grip,776,37.1236,3571.2319,96.198,190.833
sandwich,0.05047,0.04762,3,24,uni_z,1,1,2,free_surface,776,3.2271,708.2428,219.469,37.846
sandwich,0.05047,0.04762,3,24,uni_z,2,1,2,grip,776,37.1236,3571.2319,96.198,190.833
sandwich,0.05047,0.04762,3,24,uni_z,0,2,2,grip,776,37.4370,3577.7972,95.568,191.184
sandwich,0.05047,0.04762,3,24,uni_z,1,2,2,free_surface,776,2.8574,729.1844,255.194,38.965
sandwich,0.05047,0.04762,3,24,uni_z,2,2,2,grip,776,37.4370,3577.7972,95.568,191.184
sandwich,0.05047,0.04762,3,24,biax_xy,0,0,0,grip,776,44.1396,4971.7112,112.636,265.669
sandwich,0.05047,0.04762,3,24,biax_xy,1,0,0,free_surface,776,31.7186,3158.5491,99.580,168.781
sandwich,0.05047,0.04762,3,24,biax_xy,2,0,0,grip,776,44.1389,4971.7186,112.638,265.670
sandwich,0.05047,0.04762,3,24,biax_xy,0,1,0,grip,776,32.8341,3598.7646,109.605,192.304
sandwich,0.05047,0.04762,3,24,biax_xy,1,1,0,free_surface,776,39.0985,3928.3701,100.474,209.917
sandwich,0.05047,0.04762,3,24,biax_xy,2,1,0,grip,776,32.8342,3598.7431,109.603,192.303
sandwich,0.05047,0.04762,3,24,biax_xy,0,2,0,grip,776,44.1396,4971.7081,112.636,265.669
sandwich,0.05047,0.04762,3,24,biax_xy,1,2,0,free_surface,776,31.7187,3158.5815,99.581,168.783
sandwich,0.05047,0.04762,3,24,biax_xy,2,2,0,grip,776,44.1389,4971.7154,112.638,265.670
sandwich,0.05047,0.04762,3,24,biax_xy,0,0,1,grip,776,41.6266,4654.1406,111.807,248.700
sandwich,0.05047,0.04762,3,24,biax_xy,1,0,1,free_surface,776,33.8754,3319.2779,97.985,177.370
sandwich,0.05047,0.04762,3,24,biax_xy,2,0,1,grip,776,41.6259,4653.9064,111.803,248.687
sandwich,0.05047,0.04762,3,24,biax_xy,0,1,1,grip,776,29.0780,3477.9708,119.608,185.850
sandwich,0.05047,0.04762,3,24,biax_xy,1,1,1,interior,776,40.0264,3941.7414,98.479,210.632
sandwich,0.05047,0.04762,3,24,biax_xy,2,1,1,grip,776,29.0778,3477.9703,119.609,185.850
sandwich,0.05047,0.04762,3,24,biax_xy,0,2,1,grip,776,41.6266,4654.1370,111.807,248.699
sandwich,0.05047,0.04762,3,24,biax_xy,1,2,1,free_surface,776,33.8752,3319.2491,97.985,177.368
sandwich,0.05047,0.04762,3,24,biax_xy,2,2,1,grip,776,41.6259,4653.9029,111.803,248.687
sandwich,0.05047,0.04762,3,24,biax_xy,0,0,2,grip,776,44.1396,4971.7114,112.636,265.669
sandwich,0.05047,0.04762,3,24,biax_xy,1,0,2,free_surface,776,31.7186,3158.5491,99.580,168.781
sandwich,0.05047,0.04762,3,24,biax_xy,2,0,2,grip,776,44.1389,4971.7184,112.638,265.670
sandwich,0.05047,0.04762,3,24,biax_xy,0,1,2,grip,776,32.8341,3598.7646,109.605,192.304
sandwich,0.05047,0.04762,3,24,biax_xy,1,1,2,free_surface,776,39.0985,3928.3701,100.474,209.917
sandwich,0.05047,0.04762,3,24,biax_xy,2,1,2,grip,776,32.8342,3598.7429,109.603,192.303
sandwich,0.05047,0.04762,3,24,biax_xy,0,2,2,grip,776,44.1396,4971.7081,112.636,265.669
sandwich,0.05047,0.04762,3,24,biax_xy,1,2,2,free_surface,776,31.7187,3158.5815,99.581,168.783
sandwich,0.05047,0.04762,3,24,biax_xy,2,2,2,grip,776,44.1389,4971.7151,112.638,265.670
sandwich,0.05047,0.04762,3,24,shear_xy,0,0,0,grip,776,22.6407,2282.4308,100.811,78.181
sandwich,0.05047,0.04762,3,24,shear_xy,1,0,0,free_surface,776,17.5525,1656.6666,94.383,56.747
sandwich,0.05047,0.04762,3,24,shear_xy,2,0,0,grip,776,22.6412,2282.4615,100.810,78.182
sandwich,0.05047,0.04762,3,24,shear_xy,0,1,0,grip,776,26.0663,2275.9987,87.316,77.961
sandwich,0.05047,0.04762,3,24,shear_xy,1,1,0,free_surface,776,32.7388,2888.1201,88.217,98.928
sandwich,0.05047,0.04762,3,24,shear_xy,2,1,0,grip,776,26.0667,2276.0242,87.315,77.962
sandwich,0.05047,0.04762,3,24,shear_xy,0,2,0,grip,776,22.6408,2282.3867,100.809,78.180
sandwich,0.05047,0.04762,3,24,shear_xy,1,2,0,free_surface,776,17.5527,1656.6865,94.384,56.747
sandwich,0.05047,0.04762,3,24,shear_xy,2,2,0,grip,776,22.6413,2282.4174,100.808,78.181
sandwich,0.05047,0.04762,3,24,shear_xy,0,0,1,grip,776,23.1823,2272.3140,98.020,77.835
sandwich,0.05047,0.04762,3,24,shear_xy,1,0,1,free_surface,776,16.5681,1501.0289,90.598,51.416
sandwich,0.05047,0.04762,3,24,shear_xy,2,0,1,grip,776,23.1826,2272.3277,98.019,77.835
sandwich,0.05047,0.04762,3,24,shear_xy,0,1,1,grip,776,26.0482,2293.5786,88.051,78.563
sandwich,0.05047,0.04762,3,24,shear_xy,1,1,1,interior,776,32.5615,2835.7066,87.088,97.133
sandwich,0.05047,0.04762,3,24,shear_xy,2,1,1,grip,776,26.0486,2293.6175,88.052,78.565
sandwich,0.05047,0.04762,3,24,shear_xy,0,2,1,grip,776,23.1823,2272.3599,98.021,77.836
sandwich,0.05047,0.04762,3,24,shear_xy,1,2,1,free_surface,776,16.5683,1501.0437,90.597,51.416
sandwich,0.05047,0.04762,3,24,shear_xy,2,2,1,grip,776,23.1826,2272.3736,98.020,77.837
sandwich,0.05047,0.04762,3,24,shear_xy,0,0,2,grip,776,22.6407,2282.4308,100.811,78.181
sandwich,0.05047,0.04762,3,24,shear_xy,1,0,2,free_surface,776,17.5525,1656.6666,94.383,56.747
sandwich,0.05047,0.04762,3,24,shear_xy,2,0,2,grip,776,22.6412,2282.4615,100.810,78.182
sandwich,0.05047,0.04762,3,24,shear_xy,0,1,2,grip,776,26.0663,2275.9987,87.316,77.961
sandwich,0.05047,0.04762,3,24,shear_xy,1,1,2,free_surface,776,32.7388,2888.1201,88.217,98.928
sandwich,0.05047,0.04762,3,24,shear_xy,2,1,2,grip,776,26.0667,2276.0242,87.315,77.962
sandwich,0.05047,0.04762,3,24,shear_xy,0,2,2,grip,776,22.6408,2282.3867,100.809,78.180
sandwich,0.05047,0.04762,3,24,shear_xy,1,2,2,free_surface,776,17.5527,1656.6865,94.384,56.747
sandwich,0.05047,0.04762,3,24,shear_xy,2,2,2,grip,776,22.6413,2282.4174,100.808,78.181
sandwich,0.05047,0.04762,3,24,shear_diag,0,0,0,grip,776,49.2474,3838.1155,77.935,118.411
sandwich,0.05047,0.04762,3,24,shear_diag,1,0,0,free_surface,776,28.8814,2555.0594,88.467,78.827
sandwich,0.05047,0.04762,3,24,shear_diag,2,0,0,grip,776,49.2477,3838.0980,77.935,118.411
sandwich,0.05047,0.04762,3,24,shear_diag,0,1,0,grip,776,50.0817,3724.6315,74.371,114.910
sandwich,0.05047,0.04762,3,24,shear_diag,1,1,0,free_surface,776,26.2500,1786.1011,68.042,55.104
sandwich,0.05047,0.04762,3,24,shear_diag,2,1,0,grip,776,50.0811,3724.6478,74.372,114.911
sandwich,0.05047,0.04762,3,24,shear_diag,0,2,0,grip,776,49.2474,3838.1080,77.935,118.411
sandwich,0.05047,0.04762,3,24,shear_diag,1,2,0,free_surface,776,28.8813,2555.0803,88.468,78.828
sandwich,0.05047,0.04762,3,24,shear_diag,2,2,0,grip,776,49.2477,3838.0906,77.934,118.411
sandwich,0.05047,0.04762,3,24,shear_diag,0,0,1,grip,776,48.3265,3725.1562,77.083,114.926
sandwich,0.05047,0.04762,3,24,shear_diag,1,0,1,free_surface,776,30.4659,2675.0004,87.803,82.528
sandwich,0.05047,0.04762,3,24,shear_diag,2,0,1,grip,776,48.3264,3725.1903,77.084,114.927
sandwich,0.05047,0.04762,3,24,shear_diag,0,1,1,grip,776,49.5520,3716.7036,75.006,114.666
sandwich,0.05047,0.04762,3,24,shear_diag,1,1,1,interior,776,28.0082,1988.2722,70.989,61.341
sandwich,0.05047,0.04762,3,24,shear_diag,2,1,1,grip,776,49.5513,3716.6552,75.006,114.664
sandwich,0.05047,0.04762,3,24,shear_diag,0,2,1,grip,776,48.3264,3725.1522,77.083,114.926
sandwich,0.05047,0.04762,3,24,shear_diag,1,2,1,free_surface,776,30.4661,2675.0282,87.804,82.528
sandwich,0.05047,0.04762,3,24,shear_diag,2,2,1,grip,776,48.3263,3725.1865,77.084,114.927
sandwich,0.05047,0.04762,3,24,shear_diag,0,0,2,grip,776,49.2474,3838.1154,77.935,118.411
sandwich,0.05047,0.04762,3,24,shear_diag,1,0,2,free_surface,776,28.8814,2555.0588,88.467,78.827
sandwich,0.05047,0.04762,3,24,shear_diag,2,0,2,grip,776,49.2477,3838.0980,77.935,118.411
sandwich,0.05047,0.04762,3,24,shear_diag,0,1,2,grip,776,50.0817,3724.6316,74.371,114.910
sandwich,0.05047,0.04762,3,24,shear_diag,1,1,2,free_surface,776,26.2500,1786.1010,68.042,55.104
sandwich,0.05047,0.04762,3,24,shear_diag,2,1,2,grip,776,50.0811,3724.6478,74.372,114.911
sandwich,0.05047,0.04762,3,24,shear_diag,0,2,2,grip,776,49.2474,3838.1081,77.935,118.411
sandwich,0.05047,0.04762,3,24,shear_diag,1,2,2,free_surface,776,28.8813,2555.0816,88.468,78.828
sandwich,0.05047,0.04762,3,24,shear_diag,2,2,2,grip,776,49.2477,3838.0906,77.934,118.411
sandwich,0.05047,0.04762,3,24,uni_111,0,0,0,grip,776,49.7264,5941.3880,119.481,176.248
sandwich,0.05047,0.04762,3,24,uni_111,1,0,0,free_surface,776,17.7034,2160.9035,122.061,64.102
sandwich,0.05047,0.04762,3,24,uni_111,2,0,0,grip,776,20.9610,2832.2252,135.119,84.016
sandwich,0.05047,0.04762,3,24,uni_111,0,1,0,grip,776,39.7122,3886.3948,97.864,115.288
sandwich,0.05047,0.04762,3,24,uni_111,1,1,0,free_surface,776,28.5884,2935.5028,102.682,87.080
sandwich,0.05047,0.04762,3,24,uni_111,2,1,0,grip,776,21.0248,2716.6731,129.213,80.589
sandwich,0.05047,0.04762,3,24,uni_111,0,2,0,grip,776,23.6266,2576.7917,109.063,76.439
sandwich,0.05047,0.04762,3,24,uni_111,1,2,0,free_surface,776,22.7134,2038.9651,89.769,60.485
sandwich,0.05047,0.04762,3,24,uni_111,2,2,0,grip,776,23.6268,2576.7933,109.062,76.439
sandwich,0.05047,0.04762,3,24,uni_111,0,0,1,grip,776,39.7122,3886.3950,97.864,115.288
sandwich,0.05047,0.04762,3,24,uni_111,1,0,1,free_surface,776,28.5884,2935.5028,102.682,87.080
sandwich,0.05047,0.04762,3,24,uni_111,2,0,1,grip,776,21.0248,2716.6731,129.213,80.589
sandwich,0.05047,0.04762,3,24,uni_111,0,1,1,grip,776,31.1707,2903.7763,93.157,86.139
sandwich,0.05047,0.04762,3,24,uni_111,1,1,1,interior,776,35.7527,2882.2035,80.615,85.499
sandwich,0.05047,0.04762,3,24,uni_111,2,1,1,grip,776,31.1710,2903.8036,93.157,86.140
sandwich,0.05047,0.04762,3,24,uni_111,0,2,1,grip,776,21.0245,2716.6733,129.215,80.589
sandwich,0.05047,0.04762,3,24,uni_111,1,2,1,free_surface,776,28.5884,2935.5142,102.682,87.080
sandwich,0.05047,0.04762,3,24,uni_111,2,2,1,grip,776,39.7125,3886.3803,97.863,115.287
sandwich,0.05047,0.04762,3,24,uni_111,0,0,2,grip,776,23.6266,2576.7917,109.063,76.439
sandwich,0.05047,0.04762,3,24,uni_111,1,0,2,free_surface,776,22.7134,2038.9652,89.769,60.485
sandwich,0.05047,0.04762,3,24,uni_111,2,0,2,grip,776,23.6268,2576.7933,109.062,76.439
sandwich,0.05047,0.04762,3,24,uni_111,0,1,2,grip,776,21.0245,2716.6733,129.215,80.589
sandwich,0.05047,0.04762,3,24,uni_111,1,1,2,free_surface,776,28.5884,2935.5142,102.682,87.080
sandwich,0.05047,0.04762,3,24,uni_111,2,1,2,grip,776,39.7125,3886.3802,97.863,115.287
sandwich,0.05047,0.04762,3,24,uni_111,0,2,2,grip,776,20.9608,2832.2222,135.120,84.016
sandwich,0.05047,0.04762,3,24,uni_111,1,2,2,free_surface,776,17.7034,2160.8506,122.059,64.100
sandwich,0.05047,0.04762,3,24,uni_111,2,2,2,grip,776,49.7269,5941.4209,119.481,176.249
sandwich,0.05047,0.04762,3,24,hydro,0,0,0,grip,776,48.5513,6517.6844,134.243,-1.000
sandwich,0.05047,0.04762,3,24,hydro,1,0,0,free_surface,776,33.1662,3674.6356,110.794,-1.000
sandwich,0.05047,0.04762,3,24,hydro,2,0,0,grip,776,48.5502,6517.6968,134.247,-1.000
sandwich,0.05047,0.04762,3,24,hydro,0,1,0,grip,776,36.1868,4942.4690,136.582,-1.000
sandwich,0.05047,0.04762,3,24,hydro,1,1,0,free_surface,776,40.4626,4636.5921,114.589,-1.000
sandwich,0.05047,0.04762,3,24,hydro,2,1,0,grip,776,36.1866,4942.4215,136.582,-1.000
sandwich,0.05047,0.04762,3,24,hydro,0,2,0,grip,776,48.5513,6517.6866,134.243,-1.000
sandwich,0.05047,0.04762,3,24,hydro,1,2,0,free_surface,776,33.1663,3674.6681,110.795,-1.000
sandwich,0.05047,0.04762,3,24,hydro,2,2,0,grip,776,48.5502,6517.6990,134.247,-1.000
sandwich,0.05047,0.04762,3,24,hydro,0,0,1,grip,776,36.1868,4942.4690,136.582,-1.000
sandwich,0.05047,0.04762,3,24,hydro,1,0,1,free_surface,776,40.4626,4636.5921,114.589,-1.000
sandwich,0.05047,0.04762,3,24,hydro,2,0,1,grip,776,36.1866,4942.4214,136.582,-1.000
sandwich,0.05047,0.04762,3,24,hydro,0,1,1,grip,776,13.0116,4720.1734,362.768,-1.000
sandwich,0.05047,0.04762,3,24,hydro,1,1,1,interior,776,45.6841,4677.1168,102.380,-1.000
sandwich,0.05047,0.04762,3,24,hydro,2,1,1,grip,776,13.0125,4720.1706,362.742,-1.000
sandwich,0.05047,0.04762,3,24,hydro,0,2,1,grip,776,36.1868,4942.4612,136.582,-1.000
sandwich,0.05047,0.04762,3,24,hydro,1,2,1,free_surface,776,40.4625,4636.5633,114.589,-1.000
sandwich,0.05047,0.04762,3,24,hydro,2,2,1,grip,776,36.1866,4942.4135,136.581,-1.000
sandwich,0.05047,0.04762,3,24,hydro,0,0,2,grip,776,48.5513,6517.6866,134.243,-1.000
sandwich,0.05047,0.04762,3,24,hydro,1,0,2,free_surface,776,33.1663,3674.6681,110.795,-1.000
sandwich,0.05047,0.04762,3,24,hydro,2,0,2,grip,776,48.5502,6517.6989,134.247,-1.000
sandwich,0.05047,0.04762,3,24,hydro,0,1,2,grip,776,36.1868,4942.4612,136.582,-1.000
sandwich,0.05047,0.04762,3,24,hydro,1,1,2,free_surface,776,40.4625,4636.5634,114.589,-1.000
sandwich,0.05047,0.04762,3,24,hydro,2,1,2,grip,776,36.1866,4942.4136,136.581,-1.000
sandwich,0.05047,0.04762,3,24,hydro,0,2,2,grip,776,48.5513,6517.6887,134.243,-1.000
sandwich,0.05047,0.04762,3,24,hydro,1,2,2,free_surface,776,33.1664,3674.6247,110.794,-1.000
sandwich,0.05047,0.04762,3,24,hydro,2,2,2,grip,776,48.5502,6517.7011,134.247,-1.000
sandwich,0.10000,0.09505,3,24,uni_x,0,0,0,grip,1480,63.8374,3644.4683,57.090,89.953
sandwich,0.10000,0.09505,3,24,uni_x,1,0,0,free_surface,1480,69.3742,3266.2349,47.081,80.617
sandwich,0.10000,0.09505,3,24,uni_x,2,0,0,grip,1480,63.8372,3644.4356,57.090,89.952
sandwich,0.10000,0.09505,3,24,uni_x,0,1,0,grip,1480,58.9448,3272.6710,55.521,80.776
sandwich,0.10000,0.09505,3,24,uni_x,1,1,0,free_surface,1480,73.2474,3467.4462,47.339,85.584
sandwich,0.10000,0.09505,3,24,uni_x,2,1,0,grip,1480,58.9438,3272.7115,55.523,80.777
sandwich,0.10000,0.09505,3,24,uni_x,0,2,0,grip,1480,63.8374,3644.4683,57.090,89.953
sandwich,0.10000,0.09505,3,24,uni_x,1,2,0,free_surface,1480,69.3742,3266.2349,47.081,80.617
sandwich,0.10000,0.09505,3,24,uni_x,2,2,0,grip,1480,63.8372,3644.4354,57.090,89.952
sandwich,0.10000,0.09505,3,24,uni_x,0,0,1,grip,1480,58.9448,3272.6710,55.521,80.776
sandwich,0.10000,0.09505,3,24,uni_x,1,0,1,free_surface,1480,73.2474,3467.4462,47.339,85.584
sandwich,0.10000,0.09505,3,24,uni_x,2,0,1,grip,1480,58.9438,3272.7115,55.523,80.777
sandwich,0.10000,0.09505,3,24,uni_x,0,1,1,grip,1480,52.9186,2875.3746,54.336,70.970
sandwich,0.10000,0.09505,3,24,uni_x,1,1,1,interior,1480,76.2880,3444.5939,45.153,85.019
sandwich,0.10000,0.09505,3,24,uni_x,2,1,1,grip,1480,52.9172,2875.3060,54.336,70.968
sandwich,0.10000,0.09505,3,24,uni_x,0,2,1,grip,1480,58.9448,3272.6710,55.521,80.776
sandwich,0.10000,0.09505,3,24,uni_x,1,2,1,free_surface,1480,73.2474,3467.4462,47.339,85.584
sandwich,0.10000,0.09505,3,24,uni_x,2,2,1,grip,1480,58.9438,3272.7115,55.523,80.777
sandwich,0.10000,0.09505,3,24,uni_x,0,0,2,grip,1480,63.8374,3644.4684,57.090,89.953
sandwich,0.10000,0.09505,3,24,uni_x,1,0,2,free_surface,1480,69.3742,3266.2349,47.081,80.617
sandwich,0.10000,0.09505,3,24,uni_x,2,0,2,grip,1480,63.8372,3644.4356,57.090,89.952
sandwich,0.10000,0.09505,3,24,uni_x,0,1,2,grip,1480,58.9448,3272.6710,55.521,80.776
sandwich,0.10000,0.09505,3,24,uni_x,1,1,2,free_surface,1480,73.2474,3467.4462,47.339,85.584
sandwich,0.10000,0.09505,3,24,uni_x,2,1,2,grip,1480,58.9438,3272.7115,55.523,80.777
sandwich,0.10000,0.09505,3,24,uni_x,0,2,2,grip,1480,63.8374,3644.4683,57.090,89.953
sandwich,0.10000,0.09505,3,24,uni_x,1,2,2,free_surface,1480,69.3742,3266.2349,47.081,80.617
sandwich,0.10000,0.09505,3,24,uni_x,2,2,2,grip,1480,63.8372,3644.4354,57.090,89.952
sandwich,0.10000,0.09505,3,24,uni_z,0,0,0,grip,1480,77.2565,4149.7113,53.713,102.423
sandwich,0.10000,0.09505,3,24,uni_z,1,0,0,free_surface,1480,6.0578,806.4485,133.125,19.905
sandwich,0.10000,0.09505,3,24,uni_z,2,0,0,grip,1480,77.2565,4149.7113,53.713,102.423
sandwich,0.10000,0.09505,3,24,uni_z,0,1,0,grip,1480,76.6897,3979.6744,51.893,98.226
sandwich,0.10000,0.09505,3,24,uni_z,1,1,0,free_surface,1480,7.0858,839.2713,118.444,20.715
sandwich,0.10000,0.09505,3,24,uni_z,2,1,0,grip,1480,76.6897,3979.6744,51.893,98.226
sandwich,0.10000,0.09505,3,24,uni_z,0,2,0,grip,1480,77.2565,4149.7113,53.713,102.423
sandwich,0.10000,0.09505,3,24,uni_z,1,2,0,free_surface,1480,6.0578,806.4485,133.125,19.905
sandwich,0.10000,0.09505,3,24,uni_z,2,2,0,grip,1480,77.2565,4149.7113,53.713,102.423
sandwich,0.10000,0.09505,3,24,uni_z,0,0,1,grip,1480,71.3008,3853.7619,54.049,95.119
sandwich,0.10000,0.09505,3,24,uni_z,1,0,1,free_surface,1480,19.0028,1396.1089,73.468,34.459
sandwich,0.10000,0.09505,3,24,uni_z,2,0,1,grip,1480,71.3008,3853.7619,54.049,95.119
sandwich,0.10000,0.09505,3,24,uni_z,0,1,1,grip,1480,71.2407,3853.7505,54.095,95.118
sandwich,0.10000,0.09505,3,24,uni_z,1,1,1,interior,1480,18.4614,1400.3857,75.855,34.564
sandwich,0.10000,0.09505,3,24,uni_z,2,1,1,grip,1480,71.2407,3853.7505,54.095,95.118
sandwich,0.10000,0.09505,3,24,uni_z,0,2,1,grip,1480,71.3008,3853.7619,54.049,95.119
sandwich,0.10000,0.09505,3,24,uni_z,1,2,1,free_surface,1480,19.0028,1396.1089,73.468,34.459
sandwich,0.10000,0.09505,3,24,uni_z,2,2,1,grip,1480,71.3008,3853.7619,54.049,95.119
sandwich,0.10000,0.09505,3,24,uni_z,0,0,2,grip,1480,77.2564,4149.7196,53.714,102.423
sandwich,0.10000,0.09505,3,24,uni_z,1,0,2,free_surface,1480,6.0579,806.4276,133.121,19.904
sandwich,0.10000,0.09505,3,24,uni_z,2,0,2,grip,1480,77.2564,4149.7196,53.714,102.423
sandwich,0.10000,0.09505,3,24,uni_z,0,1,2,grip,1480,76.6898,3979.6777,51.893,98.226
sandwich,0.10000,0.09505,3,24,uni_z,1,1,2,free_surface,1480,7.0859,839.2521,118.439,20.714
sandwich,0.10000,0.09505,3,24,uni_z,2,1,2,grip,1480,76.6898,3979.6777,51.893,98.226
sandwich,0.10000,0.09505,3,24,uni_z,0,2,2,grip,1480,77.2564,4149.7196,53.714,102.423
sandwich,0.10000,0.09505,3,24,uni_z,1,2,2,free_surface,1480,6.0579,806.4276,133.121,19.904
sandwich,0.10000,0.09505,3,24,uni_z,2,2,2,grip,1480,77.2564,4149.7196,53.714,102.423
sandwich,0.10000,0.09505,3,24,biax_xy,0,0,0,grip,1480,92.6291,6266.0607,67.647,154.659
sandwich,0.10000,0.09505,3,24,biax_xy,1,0,0,free_surface,1480,72.6638,3989.6832,54.906,98.473
sandwich,0.10000,0.09505,3,24,biax_xy,2,0,0,grip,1480,92.6284,6266.0012,67.647,154.657
sandwich,0.10000,0.09505,3,24,biax_xy,0,1,0,grip,1480,70.2490,3853.8150,54.859,95.120
sandwich,0.10000,0.09505,3,24,biax_xy,1,1,0,free_surface,1480,88.2037,4816.1012,54.602,118.871
sandwich,0.10000,0.09505,3,24,biax_xy,2,1,0,grip,1480,70.2492,3853.8141,54.859,95.120
sandwich,0.10000,0.09505,3,24,biax_xy,0,2,0,grip,1480,92.6291,6266.0695,67.647,154.659
sandwich,0.10000,0.09505,3,24,biax_xy,1,2,0,free_surface,1480,72.6638,3989.6488,54.906,98.473
sandwich,0.10000,0.09505,3,24,biax_xy,2,2,0,grip,1480,92.6284,6266.0100,67.647,154.658
sandwich,0.10000,0.09505,3,24,biax_xy,0,0,1,grip,1480,87.0919,5363.6413,61.586,132.385
sandwich,0.10000,0.09505,3,24,biax_xy,1,0,1,free_surface,1480,77.3256,4244.1459,54.887,104.754
sandwich,0.10000,0.09505,3,24,biax_xy,2,0,1,grip,1480,87.0909,5363.5466,61.586,132.383
sandwich,0.10000,0.09505,3,24,biax_xy,0,1,1,grip,1480,61.7777,3853.7728,62.381,95.119
sandwich,0.10000,0.09505,3,24,biax_xy,1,1,1,interior,1480,90.6047,4785.0984,52.813,118.106
sandwich,0.10000,0.09505,3,24,biax_xy,2,1,1,grip,1480,61.7773,3853.7725,62.382,95.119
sandwich,0.10000,0.09505,3,24,biax_xy,0,2,1,grip,1480,87.0920,5363.6437,61.586,132.385
sandwich,0.10000,0.09505,3,24,biax_xy,1,2,1,free_surface,1480,77.3254,4244.1219,54.887,104.753
sandwich,0.10000,0.09505,3,24,biax_xy,2,2,1,grip,1480,87.0910,5363.5490,61.586,132.383
sandwich,0.10000,0.09505,3,24,biax_xy,0,0,2,grip,1480,92.6291,6266.0607,67.647,154.659
sandwich,0.10000,0.09505,3,24,biax_xy,1,0,2,free_surface,1480,72.6638,3989.6832,54.906,98.473
sandwich,0.10000,0.09505,3,24,biax_xy,2,0,2,grip,1480,92.6284,6266.0012,67.647,154.657
sandwich,0.10000,0.09505,3,24,biax_xy,0,1,2,grip,1480,70.2490,3853.8150,54.859,95.120
sandwich,0.10000,0.09505,3,24,biax_xy,1,1,2,free_surface,1480,88.2037,4816.1012,54.602,118.871
sandwich,0.10000,0.09505,3,24,biax_xy,2,1,2,grip,1480,70.2492,3853.8141,54.859,95.120
sandwich,0.10000,0.09505,3,24,biax_xy,0,2,2,grip,1480,92.6291,6266.0695,67.647,154.659
sandwich,0.10000,0.09505,3,24,biax_xy,1,2,2,free_surface,1480,72.6638,3989.6488,54.906,98.473
sandwich,0.10000,0.09505,3,24,biax_xy,2,2,2,grip,1480,92.6284,6266.0100,67.647,154.658
sandwich,0.10000,0.09505,3,24,shear_xy,0,0,0,grip,1480,47.8480,2721.7631,56.884,46.509
sandwich,0.10000,0.09505,3,24,shear_xy,1,0,0,free_surface,1480,37.2905,1748.1961,46.881,29.873
sandwich,0.10000,0.09505,3,24,shear_xy,2,0,0,grip,1480,47.8479,2721.7766,56.884,46.510
sandwich,0.10000,0.09505,3,24,shear_xy,0,1,0,grip,1480,54.4231,2318.8873,42.609,39.625
sandwich,0.10000,0.09505,3,24,shear_xy,1,1,0,free_surface,1480,66.9439,2917.3042,43.578,49.851
sandwich,0.10000,0.09505,3,24,shear_xy,2,1,0,grip,1480,54.4228,2318.8761,42.609,39.625
sandwich,0.10000,0.09505,3,24,shear_xy,0,2,0,grip,1480,47.8479,2721.7529,56.883,46.509
sandwich,0.10000,0.09505,3,24,shear_xy,1,2,0,free_surface,1480,37.2904,1748.1899,46.880,29.873
sandwich,0.10000,0.09505,3,24,shear_xy,2,2,0,grip,1480,47.8478,2721.7664,56.884,46.509
sandwich,0.10000,0.09505,3,24,shear_xy,0,0,1,grip,1480,48.8259,2717.7065,55.661,46.440
sandwich,0.10000,0.09505,3,24,shear_xy,1,0,1,free_surface,1480,35.5532,1574.9943,44.300,26.913
sandwich,0.10000,0.09505,3,24,shear_xy,2,0,1,grip,1480,48.8257,2717.7155,55.662,46.440
sandwich,0.10000,0.09505,3,24,shear_xy,0,1,1,grip,1480,54.8179,2233.0548,40.736,38.158
sandwich,0.10000,0.09505,3,24,shear_xy,1,1,1,interior,1480,66.7333,2718.1333,40.731,46.447
sandwich,0.10000,0.09505,3,24,shear_xy,2,1,1,grip,1480,54.8176,2233.0427,40.736,38.158
sandwich,0.10000,0.09505,3,24,shear_xy,0,2,1,grip,1480,48.8258,2717.7153,55.661,46.440
sandwich,0.10000,0.09505,3,24,shear_xy,1,2,1,free_surface,1480,35.5530,1574.9982,44.300,26.914
sandwich,0.10000,0.09505,3,24,shear_xy,2,2,1,grip,1480,48.8257,2717.7243,55.662,46.440
sandwich,0.10000,0.09505,3,24,shear_xy,0,0,2,grip,1480,47.8480,2721.7631,56.884,46.509
sandwich,0.10000,0.09505,3,24,shear_xy,1,0,2,free_surface,1480,37.2905,1748.1961,46.881,29.873
sandwich,0.10000,0.09505,3,24,shear_xy,2,0,2,grip,1480,47.8479,2721.7766,56.884,46.510
sandwich,0.10000,0.09505,3,24,shear_xy,0,1,2,grip,1480,54.4231,2318.8873,42.609,39.625
sandwich,0.10000,0.09505,3,24,shear_xy,1,1,2,free_surface,1480,66.9439,2917.3042,43.578,49.851
sandwich,0.10000,0.09505,3,24,shear_xy,2,1,2,grip,1480,54.4228,2318.8761,42.609,39.625
sandwich,0.10000,0.09505,3,24,shear_xy,0,2,2,grip,1480,47.8479,2721.7529,56.883,46.509
sandwich,0.10000,0.09505,3,24,shear_xy,1,2,2,free_surface,1480,37.2904,1748.1899,46.880,29.873
sandwich,0.10000,0.09505,3,24,shear_xy,2,2,2,grip,1480,47.8478,2721.7664,56.884,46.509
sandwich,0.10000,0.09505,3,24,shear_diag,0,0,0,grip,1480,107.2725,4926.3644,45.924,70.201
sandwich,0.10000,0.09505,3,24,shear_diag,1,0,0,free_surface,1480,66.4750,3522.1217,52.984,50.191
sandwich,0.10000,0.09505,3,24,shear_diag,2,0,0,grip,1480,107.2729,4926.2741,45.923,70.200
sandwich,0.10000,0.09505,3,24,shear_diag,0,1,0,grip,1480,110.3705,4428.1312,40.121,63.102
sandwich,0.10000,0.09505,3,24,shear_diag,1,1,0,free_surface,1480,60.6026,2548.5002,42.053,36.317
sandwich,0.10000,0.09505,3,24,shear_diag,2,1,0,grip,1480,110.3694,4428.1358,40.121,63.102
sandwich,0.10000,0.09505,3,24,shear_diag,0,2,0,grip,1480,107.2725,4926.3708,45.924,70.202
sandwich,0.10000,0.09505,3,24,shear_diag,1,2,0,free_surface,1480,66.4749,3522.0852,52.984,50.190
sandwich,0.10000,0.09505,3,24,shear_diag,2,2,0,grip,1480,107.2729,4926.2805,45.923,70.200
sandwich,0.10000,0.09505,3,24,shear_diag,0,0,1,grip,1480,105.4827,4489.0048,42.557,63.969
sandwich,0.10000,0.09505,3,24,shear_diag,1,0,1,free_surface,1480,69.6528,3642.6568,52.297,51.908
sandwich,0.10000,0.09505,3,24,shear_diag,2,0,1,grip,1480,105.4825,4489.0272,42.557,63.969
sandwich,0.10000,0.09505,3,24,shear_diag,0,1,1,grip,1480,109.2462,4234.6791,38.763,60.345
sandwich,0.10000,0.09505,3,24,shear_diag,1,1,1,interior,1480,64.1261,2755.2124,42.966,39.262
sandwich,0.10000,0.09505,3,24,shear_diag,2,1,1,grip,1480,109.2451,4234.6732,38.763,60.345
sandwich,0.10000,0.09505,3,24,shear_diag,0,2,1,grip,1480,105.4827,4489.0024,42.557,63.969
sandwich,0.10000,0.09505,3,24,shear_diag,1,2,1,free_surface,1480,69.6531,3642.6978,52.298,51.909
sandwich,0.10000,0.09505,3,24,shear_diag,2,2,1,grip,1480,105.4825,4489.0248,42.557,63.969
sandwich,0.10000,0.09505,3,24,shear_diag,0,0,2,grip,1480,107.2725,4926.3644,45.924,70.201
sandwich,0.10000,0.09505,3,24,shear_diag,1,0,2,free_surface,1480,66.4750,3522.1221,52.984,50.191
sandwich,0.10000,0.09505,3,24,shear_diag,2,0,2,grip,1480,107.2729,4926.2740,45.923,70.200
sandwich,0.10000,0.09505,3,24,shear_diag,0,1,2,grip,1480,110.3705,4428.1312,40.121,63.102
sandwich,0.10000,0.09505,3,24,shear_diag,1,1,2,free_surface,1480,60.6026,2548.5002,42.053,36.317
sandwich,0.10000,0.09505,3,24,shear_diag,2,1,2,grip,1480,110.3694,4428.1358,40.121,63.102
sandwich,0.10000,0.09505,3,24,shear_diag,0,2,2,grip,1480,107.2725,4926.3708,45.924,70.202
sandwich,0.10000,0.09505,3,24,shear_diag,1,2,2,free_surface,1480,66.4749,3522.0852,52.984,50.190
sandwich,0.10000,0.09505,3,24,shear_diag,2,2,2,grip,1480,107.2729,4926.2805,45.923,70.200
sandwich,0.10000,0.09505,3,24,uni_111,0,0,0,grip,1480,104.0353,7398.4965,71.115,109.487
sandwich,0.10000,0.09505,3,24,uni_111,1,0,0,free_surface,1480,38.5218,2574.8990,66.843,38.105
sandwich,0.10000,0.09505,3,24,uni_111,2,0,0,grip,1480,42.1748,2956.2350,70.095,43.748
sandwich,0.10000,0.09505,3,24,uni_111,0,1,0,grip,1480,82.4268,4389.1328,53.249,64.953
sandwich,0.10000,0.09505,3,24,uni_111,1,1,0,free_surface,1480,60.2865,3325.3369,55.159,49.210
sandwich,0.10000,0.09505,3,24,uni_111,2,1,0,grip,1480,42.9225,2824.2631,65.799,41.795
sandwich,0.10000,0.09505,3,24,uni_111,0,2,0,grip,1480,48.6209,2931.3192,60.289,43.379
sandwich,0.10000,0.09505,3,24,uni_111,1,2,0,free_surface,1480,49.1103,2455.9013,50.008,36.344
sandwich,0.10000,0.09505,3,24,uni_111,2,2,0,grip,1480,48.6208,2931.3045,60.289,43.379
sandwich,0.10000,0.09505,3,24,uni_111,0,0,1,grip,1480,82.4268,4389.1329,53.249,64.953
sandwich,0.10000,0.09505,3,24,uni_111,1,0,1,free_surface,1480,60.2865,3325.3369,55.159,49.210
sandwich,0.10000,0.09505,3,24,uni_111,2,0,1,grip,1480,42.9225,2824.2631,65.799,41.795
sandwich,0.10000,0.09505,3,24,uni_111,0,1,1,grip,1480,64.6559,3143.0310,48.612,46.512
sandwich,0.10000,0.09505,3,24,uni_111,1,1,1,interior,1480,74.5530,3194.0006,42.842,47.267
sandwich,0.10000,0.09505,3,24,uni_111,2,1,1,grip,1480,64.6556,3143.0238,48.612,46.512
sandwich,0.10000,0.09505,3,24,uni_111,0,2,1,grip,1480,42.9227,2824.2635,65.799,41.795
sandwich,0.10000,0.09505,3,24,uni_111,1,2,1,free_surface,1480,60.2865,3325.2430,55.157,49.209
sandwich,0.10000,0.09505,3,24,uni_111,2,2,1,grip,1480,82.4263,4389.1361,53.249,64.953
sandwich,0.10000,0.09505,3,24,uni_111,0,0,2,grip,1480,48.6209,2931.3192,60.289,43.379
sandwich,0.10000,0.09505,3,24,uni_111,1,0,2,free_surface,1480,49.1103,2455.9013,50.008,36.344
sandwich,0.10000,0.09505,3,24,uni_111,2,0,2,grip,1480,48.6208,2931.3045,60.289,43.379
sandwich,0.10000,0.09505,3,24,uni_111,0,1,2,grip,1480,42.9227,2824.2635,65.799,41.795
sandwich,0.10000,0.09505,3,24,uni_111,1,1,2,free_surface,1480,60.2865,3325.2430,55.157,49.209
sandwich,0.10000,0.09505,3,24,uni_111,2,1,2,grip,1480,82.4263,4389.1362,53.249,64.953
sandwich,0.10000,0.09505,3,24,uni_111,0,2,2,grip,1480,42.1750,2956.2319,70.094,43.748
sandwich,0.10000,0.09505,3,24,uni_111,1,2,2,free_surface,1480,38.5218,2574.8683,66.842,38.104
sandwich,0.10000,0.09505,3,24,uni_111,2,2,2,grip,1480,104.0345,7398.5232,71.116,109.488
sandwich,0.10000,0.09505,3,24,hydro,0,0,0,grip,1480,100.0784,8542.7912,85.361,-1.000
sandwich,0.10000,0.09505,3,24,hydro,1,0,0,free_surface,1480,75.7442,4601.8331,60.755,-1.000
sandwich,0.10000,0.09505,3,24,hydro,2,0,0,grip,1480,100.0771,8542.7271,85.361,-1.000
sandwich,0.10000,0.09505,3,24,hydro,0,1,0,grip,1480,74.2968,5635.5590,75.852,-1.000
sandwich,0.10000,0.09505,3,24,hydro,1,1,0,free_surface,1480,91.3742,5593.1621,61.212,-1.000
sandwich,0.10000,0.09505,3,24,hydro,2,1,0,grip,1480,74.2965,5635.5383,75.852,-1.000
sandwich,0.10000,0.09505,3,24,hydro,0,2,0,grip,1480,100.0785,8542.7964,85.361,-1.000
sandwich,0.10000,0.09505,3,24,hydro,1,2,0,free_surface,1480,75.7443,4601.8129,60.755,-1.000
sandwich,0.10000,0.09505,3,24,hydro,2,2,0,grip,1480,100.0773,8542.7322,85.361,-1.000
sandwich,0.10000,0.09505,3,24,hydro,0,0,1,grip,1480,74.2968,5635.5590,75.852,-1.000
sandwich,0.10000,0.09505,3,24,hydro,1,0,1,free_surface,1480,91.3742,5593.1621,61.212,-1.000
sandwich,0.10000,0.09505,3,24,hydro,2,0,1,grip,1480,74.2965,5635.5383,75.852,-1.000
sandwich,0.10000,0.09505,3,24,hydro,0,1,1,grip,1480,23.7866,5041.4369,211.945,-1.000
sandwich,0.10000,0.09505,3,24,hydro,1,1,1,interior,1480,103.1405,5599.5057,54.290,-1.000
sandwich,0.10000,0.09505,3,24,hydro,2,1,1,grip,1480,23.7880,5041.4351,211.932,-1.000
sandwich,0.10000,0.09505,3,24,hydro,0,2,1,grip,1480,74.2966,5635.5556,75.852,-1.000
sandwich,0.10000,0.09505,3,24,hydro,1,2,1,free_surface,1480,91.3738,5593.1382,61.212,-1.000
sandwich,0.10000,0.09505,3,24,hydro,2,2,1,grip,1480,74.2964,5635.5350,75.852,-1.000
sandwich,0.10000,0.09505,3,24,hydro,0,0,2,grip,1480,100.0785,8542.7964,85.361,-1.000
sandwich,0.10000,0.09505,3,24,hydro,1,0,2,free_surface,1480,75.7443,4601.8129,60.755,-1.000
sandwich,0.10000,0.09505,3,24,hydro,2,0,2,grip,1480,100.0773,8542.7322,85.361,-1.000
sandwich,0.10000,0.09505,3,24,hydro,0,1,2,grip,1480,74.2966,5635.5556,75.852,-1.000
sandwich,0.10000,0.09505,3,24,hydro,1,1,2,free_surface,1480,91.3738,5593.1382,61.212,-1.000
sandwich,0.10000,0.09505,3,24,hydro,2,1,2,grip,1480,74.2964,5635.5350,75.852,-1.000
sandwich,0.10000,0.09505,3,24,hydro,0,2,2,grip,1480,100.0786,8542.8016,85.361,-1.000
sandwich,0.10000,0.09505,3,24,hydro,1,2,2,free_surface,1480,75.7444,4601.7785,60.754,-1.000
sandwich,0.10000,0.09505,3,24,hydro,2,2,2,grip,1480,100.0774,8542.7374,85.361,-1.000
sandwich,0.15700,0.15524,3,24,uni_x,0,0,0,grip,1936,85.7080,3693.9484,43.099,46.682
sandwich,0.15700,0.15524,3,24,uni_x,1,0,0,free_surface,1936,92.9216,3234.2122,34.806,40.873
sandwich,0.15700,0.15524,3,24,uni_x,2,0,0,grip,1936,85.7073,3693.9318,43.099,46.682
sandwich,0.15700,0.15524,3,24,uni_x,0,1,0,grip,1936,78.9139,3355.9668,42.527,42.411
sandwich,0.15700,0.15524,3,24,uni_x,1,1,0,free_surface,1936,98.5263,3509.1411,35.616,44.347
sandwich,0.15700,0.15524,3,24,uni_x,2,1,0,grip,1936,78.9132,3355.9045,42.527,42.410
sandwich,0.15700,0.15524,3,24,uni_x,0,2,0,grip,1936,85.7080,3693.9482,43.099,46.682
sandwich,0.15700,0.15524,3,24,uni_x,1,2,0,free_surface,1936,92.9216,3234.2122,34.806,40.873
sandwich,0.15700,0.15524,3,24,uni_x,2,2,0,grip,1936,85.7073,3693.9317,43.099,46.682
sandwich,0.15700,0.15524,3,24,uni_x,0,0,1,grip,1936,78.9139,3355.9668,42.527,42.411
sandwich,0.15700,0.15524,3,24,uni_x,1,0,1,free_surface,1936,98.5263,3509.1411,35.616,44.347
sandwich,0.15700,0.15524,3,24,uni_x,2,0,1,grip,1936,78.9132,3355.9045,42.527,42.410
sandwich,0.15700,0.15524,3,24,uni_x,0,1,1,grip,1936,70.4874,2861.3132,40.593,36.160
sandwich,0.15700,0.15524,3,24,uni_x,1,1,1,interior,1936,102.7736,3530.3171,34.350,44.615
sandwich,0.15700,0.15524,3,24,uni_x,2,1,1,grip,1936,70.4854,2861.2508,40.594,36.159
sandwich,0.15700,0.15524,3,24,uni_x,0,2,1,grip,1936,78.9139,3355.9668,42.527,42.411
sandwich,0.15700,0.15524,3,24,uni_x,1,2,1,free_surface,1936,98.5263,3509.1411,35.616,44.347
sandwich,0.15700,0.15524,3,24,uni_x,2,2,1,grip,1936,78.9132,3355.9045,42.527,42.410
sandwich,0.15700,0.15524,3,24,uni_x,0,0,2,grip,1936,85.7080,3693.9483,43.099,46.682
sandwich,0.15700,0.15524,3,24,uni_x,1,0,2,free_surface,1936,92.9216,3234.2122,34.806,40.873
sandwich,0.15700,0.15524,3,24,uni_x,2,0,2,grip,1936,85.7073,3693.9319,43.099,46.682
sandwich,0.15700,0.15524,3,24,uni_x,0,1,2,grip,1936,78.9139,3355.9668,42.527,42.411
sandwich,0.15700,0.15524,3,24,uni_x,1,1,2,free_surface,1936,98.5263,3509.1411,35.616,44.347
sandwich,0.15700,0.15524,3,24,uni_x,2,1,2,grip,1936,78.9132,3355.9045,42.527,42.410
sandwich,0.15700,0.15524,3,24,uni_x,0,2,2,grip,1936,85.7080,3693.9484,43.099,46.682
sandwich,0.15700,0.15524,3,24,uni_x,1,2,2,free_surface,1936,92.9216,3234.2122,34.806,40.873
sandwich,0.15700,0.15524,3,24,uni_x,2,2,2,grip,1936,85.7073,3693.9319,43.099,46.682
sandwich,0.15700,0.15524,3,24,uni_z,0,0,0,grip,1936,98.3944,4446.3540,45.189,56.191
sandwich,0.15700,0.15524,3,24,uni_z,1,0,0,free_surface,1936,8.0871,876.4124,108.372,11.076
sandwich,0.15700,0.15524,3,24,uni_z,2,0,0,grip,1936,98.3944,4446.3540,45.189,56.191
sandwich,0.15700,0.15524,3,24,uni_z,0,1,0,grip,1936,97.4534,4183.2184,42.925,52.866
sandwich,0.15700,0.15524,3,24,uni_z,1,1,0,free_surface,1936,9.6212,886.9415,92.187,11.209
sandwich,0.15700,0.15524,3,24,uni_z,2,1,0,grip,1936,97.4534,4183.2184,42.925,52.866
sandwich,0.15700,0.15524,3,24,uni_z,0,2,0,grip,1936,98.3944,4446.3540,45.189,56.191
sandwich,0.15700,0.15524,3,24,uni_z,1,2,0,free_surface,1936,8.0871,876.4124,108.372,11.076
sandwich,0.15700,0.15524,3,24,uni_z,2,2,0,grip,1936,98.3944,4446.3540,45.189,56.191
sandwich,0.15700,0.15524,3,24,uni_z,0,0,1,grip,1936,88.9873,3959.2866,44.493,50.036
sandwich,0.15700,0.15524,3,24,uni_z,1,0,1,free_surface,1936,26.2876,1419.9517,54.016,17.945
sandwich,0.15700,0.15524,3,24,uni_z,2,0,1,grip,1936,88.9873,3959.2866,44.493,50.036
sandwich,0.15700,0.15524,3,24,uni_z,0,1,1,grip,1936,88.8334,3959.1842,44.569,50.034
sandwich,0.15700,0.15524,3,24,uni_z,1,1,1,interior,1936,25.1397,1426.0120,56.724,18.021
sandwich,0.15700,0.15524,3,24,uni_z,2,1,1,grip,1936,88.8334,3959.1842,44.569,50.034
sandwich,0.15700,0.15524,3,24,uni_z,0,2,1,grip,1936,88.9873,3959.2866,44.493,50.036
sandwich,0.15700,0.15524,3,24,uni_z,1,2,1,free_surface,1936,26.2876,1419.9517,54.016,17.945
sandwich,0.15700,0.15524,3,24,uni_z,2,2,1,grip,1936,88.9873,3959.2866,44.493,50.036
sandwich,0.15700,0.15524,3,24,uni_z,0,0,2,grip,1936,98.3945,4446.3711,45.189,56.191
sandwich,0.15700,0.15524,3,24,uni_z,1,0,2,free_surface,1936,8.0873,876.4084,108.368,11.076
sandwich,0.15700,0.15524,3,24,uni_z,2,0,2,grip,1936,98.3945,4446.3711,45.189,56.191
sandwich,0.15700,0.15524,3,24,uni_z,0,1,2,grip,1936,97.4536,4183.2220,42.925,52.866
sandwich,0.15700,0.15524,3,24,uni_z,1,1,2,free_surface,1936,9.6214,886.9333,92.184,11.209
sandwich,0.15700,0.15524,3,24,uni_z,2,1,2,grip,1936,97.4536,4183.2220,42.925,52.866
sandwich,0.15700,0.15524,3,24,uni_z,0,2,2,grip,1936,98.3945,4446.3711,45.189,56.191
sandwich,0.15700,0.15524,3,24,uni_z,1,2,2,free_surface,1936,8.0873,876.4084,108.368,11.076
sandwich,0.15700,0.15524,3,24,uni_z,2,2,2,grip,1936,98.3945,4446.3711,45.189,56.191
sandwich,0.15700,0.15524,3,24,biax_xy,0,0,0,grip,1936,123.8582,6869.1614,55.460,86.809
sandwich,0.15700,0.15524,3,24,biax_xy,1,0,0,free_surface,1936,97.4046,4037.7120,41.453,51.027
sandwich,0.15700,0.15524,3,24,biax_xy,2,0,0,grip,1936,123.8567,6869.1478,55.460,86.809
sandwich,0.15700,0.15524,3,24,biax_xy,0,1,0,grip,1936,91.7641,3959.6970,43.151,50.041
sandwich,0.15700,0.15524,3,24,biax_xy,1,1,0,free_surface,1936,119.6488,4928.8963,41.195,62.289
sandwich,0.15700,0.15524,3,24,biax_xy,2,1,0,grip,1936,91.7648,3959.6976,43.151,50.041
sandwich,0.15700,0.15524,3,24,biax_xy,0,2,0,grip,1936,123.8583,6869.1843,55.460,86.810
sandwich,0.15700,0.15524,3,24,biax_xy,1,2,0,free_surface,1936,97.4046,4037.7065,41.453,51.027
sandwich,0.15700,0.15524,3,24,biax_xy,2,2,0,grip,1936,123.8569,6869.1706,55.461,86.810
sandwich,0.15700,0.15524,3,24,biax_xy,0,0,1,grip,1936,115.9495,5766.9787,49.737,72.880
sandwich,0.15700,0.15524,3,24,biax_xy,1,0,1,free_surface,1936,104.1799,4395.9212,42.195,55.554
sandwich,0.15700,0.15524,3,24,biax_xy,2,0,1,grip,1936,115.9476,5766.9298,49.737,72.880
sandwich,0.15700,0.15524,3,24,biax_xy,0,1,1,grip,1936,79.1818,3959.3381,50.003,50.036
sandwich,0.15700,0.15524,3,24,biax_xy,1,1,1,interior,1936,122.7321,4956.1414,40.382,62.634
sandwich,0.15700,0.15524,3,24,biax_xy,2,1,1,grip,1936,79.1812,3959.3387,50.004,50.036
sandwich,0.15700,0.15524,3,24,biax_xy,0,2,1,grip,1936,115.9498,5766.9825,49.737,72.881
sandwich,0.15700,0.15524,3,24,biax_xy,1,2,1,free_surface,1936,104.1798,4395.9130,42.195,55.554
sandwich,0.15700,0.15524,3,24,biax_xy,2,2,1,grip,1936,115.9480,5766.9336,49.737,72.880
sandwich,0.15700,0.15524,3,24,biax_xy,0,0,2,grip,1936,123.8582,6869.1614,55.460,86.809
sandwich,0.15700,0.15524,3,24,biax_xy,1,0,2,free_surface,1936,97.4046,4037.7120,41.453,51.027
sandwich,0.15700,0.15524,3,24,biax_xy,2,0,2,grip,1936,123.8567,6869.1478,55.460,86.809
sandwich,0.15700,0.15524,3,24,biax_xy,0,1,2,grip,1936,91.7641,3959.6970,43.151,50.041
sandwich,0.15700,0.15524,3,24,biax_xy,1,1,2,free_surface,1936,119.6488,4928.8963,41.195,62.289
sandwich,0.15700,0.15524,3,24,biax_xy,2,1,2,grip,1936,91.7648,3959.6976,43.151,50.041
sandwich,0.15700,0.15524,3,24,biax_xy,0,2,2,grip,1936,123.8583,6869.1843,55.460,86.810
sandwich,0.15700,0.15524,3,24,biax_xy,1,2,2,free_surface,1936,97.4046,4037.7065,41.453,51.027
sandwich,0.15700,0.15524,3,24,biax_xy,2,2,2,grip,1936,123.8569,6869.1706,55.461,86.810
sandwich,0.15700,0.15524,3,24,shear_xy,0,0,0,grip,1936,64.7736,2827.4482,43.651,27.089
sandwich,0.15700,0.15524,3,24,shear_xy,1,0,0,free_surface,1936,50.0974,1921.5256,38.356,18.410
sandwich,0.15700,0.15524,3,24,shear_xy,2,0,0,grip,1936,64.7735,2827.4719,43.652,27.089
sandwich,0.15700,0.15524,3,24,shear_xy,0,1,0,grip,1936,73.8273,2550.0112,34.540,24.431
sandwich,0.15700,0.15524,3,24,shear_xy,1,1,0,free_surface,1936,91.1540,3212.4087,35.242,30.777
sandwich,0.15700,0.15524,3,24,shear_xy,2,1,0,grip,1936,73.8272,2549.9923,34.540,24.431
sandwich,0.15700,0.15524,3,24,shear_xy,0,2,0,grip,1936,64.7736,2827.4465,43.651,27.089
sandwich,0.15700,0.15524,3,24,shear_xy,1,2,0,free_surface,1936,50.0976,1921.5465,38.356,18.410
sandwich,0.15700,0.15524,3,24,shear_xy,2,2,0,grip,1936,64.7735,2827.4702,43.652,27.089
sandwich,0.15700,0.15524,3,24,shear_xy,0,0,1,grip,1936,66.0324,2823.4658,42.759,27.051
sandwich,0.15700,0.15524,3,24,shear_xy,1,0,1,free_surface,1936,47.9179,1715.4535,35.800,16.435
sandwich,0.15700,0.15524,3,24,shear_xy,2,0,1,grip,1936,66.0322,2823.4980,42.759,27.051
sandwich,0.15700,0.15524,3,24,shear_xy,0,1,1,grip,1936,74.3675,2600.3590,34.966,24.913
sandwich,0.15700,0.15524,3,24,shear_xy,1,1,1,interior,1936,90.7975,3126.6130,34.435,29.955
sandwich,0.15700,0.15524,3,24,shear_xy,2,1,1,grip,1936,74.3673,2600.3665,34.967,24.914
sandwich,0.15700,0.15524,3,24,shear_xy,0,2,1,grip,1936,66.0326,2823.4635,42.759,27.051
sandwich,0.15700,0.15524,3,24,shear_xy,1,2,1,free_surface,1936,47.9177,1715.4551,35.800,16.435
sandwich,0.15700,0.15524,3,24,shear_xy,2,2,1,grip,1936,66.0325,2823.4957,42.759,27.051
sandwich,0.15700,0.15524,3,24,shear_xy,0,0,2,grip,1936,64.7736,2827.4482,43.651,27.089
sandwich,0.15700,0.15524,3,24,shear_xy,1,0,2,free_surface,1936,50.0974,1921.5256,38.356,18.410
sandwich,0.15700,0.15524,3,24,shear_xy,2,0,2,grip,1936,64.7735,2827.4719,43.652,27.089
sandwich,0.15700,0.15524,3,24,shear_xy,0,1,2,grip,1936,73.8273,2550.0112,34.540,24.431
sandwich,0.15700,0.15524,3,24,shear_xy,1,1,2,free_surface,1936,91.1540,3212.4087,35.242,30.777
sandwich,0.15700,0.15524,3,24,shear_xy,2,1,2,grip,1936,73.8272,2549.9923,34.540,24.431
sandwich,0.15700,0.15524,3,24,shear_xy,0,2,2,grip,1936,64.7736,2827.4465,43.651,27.089
sandwich,0.15700,0.15524,3,24,shear_xy,1,2,2,free_surface,1936,50.0976,1921.5465,38.356,18.410
sandwich,0.15700,0.15524,3,24,shear_xy,2,2,2,grip,1936,64.7735,2827.4702,43.652,27.089
sandwich,0.15700,0.15524,3,24,shear_diag,0,0,0,grip,1936,136.7984,5012.1067,36.639,36.570
sandwich,0.15700,0.15524,3,24,shear_diag,1,0,0,free_surface,1936,88.9494,3496.8327,39.313,25.514
sandwich,0.15700,0.15524,3,24,shear_diag,2,0,0,grip,1936,136.7988,5012.1398,36.639,36.570
sandwich,0.15700,0.15524,3,24,shear_diag,0,1,0,grip,1936,140.9668,4611.8812,32.716,33.650
sandwich,0.15700,0.15524,3,24,shear_diag,1,1,0,free_surface,1936,80.5053,2500.8763,31.065,18.247
sandwich,0.15700,0.15524,3,24,shear_diag,2,1,0,grip,1936,140.9655,4611.8669,32.716,33.650
sandwich,0.15700,0.15524,3,24,shear_diag,0,2,0,grip,1936,136.7984,5012.0937,36.639,36.570
sandwich,0.15700,0.15524,3,24,shear_diag,1,2,0,free_surface,1936,88.9494,3496.8338,39.313,25.514
sandwich,0.15700,0.15524,3,24,shear_diag,2,2,0,grip,1936,136.7988,5012.1268,36.639,36.570
sandwich,0.15700,0.15524,3,24,shear_diag,0,0,1,grip,1936,134.1822,4420.9931,32.948,32.257
sandwich,0.15700,0.15524,3,24,shear_diag,1,0,1,free_surface,1936,93.5231,3616.7131,38.672,26.389
sandwich,0.15700,0.15524,3,24,shear_diag,2,0,1,grip,1936,134.1829,4420.9964,32.948,32.257
sandwich,0.15700,0.15524,3,24,shear_diag,0,1,1,grip,1936,139.4631,4336.1789,31.092,31.638
sandwich,0.15700,0.15524,3,24,shear_diag,1,1,1,interior,1936,85.5902,2697.6803,31.519,19.683
sandwich,0.15700,0.15524,3,24,shear_diag,2,1,1,grip,1936,139.4613,4336.1794,31.092,31.638
sandwich,0.15700,0.15524,3,24,shear_diag,0,2,1,grip,1936,134.1823,4420.9943,32.948,32.257
sandwich,0.15700,0.15524,3,24,shear_diag,1,2,1,free_surface,1936,93.5232,3616.7293,38.672,26.389
sandwich,0.15700,0.15524,3,24,shear_diag,2,2,1,grip,1936,134.1830,4420.9977,32.948,32.257
sandwich,0.15700,0.15524,3,24,shear_diag,0,0,2,grip,1936,136.7984,5012.1068,36.639,36.570
sandwich,0.15700,0.15524,3,24,shear_diag,1,0,2,free_surface,1936,88.9494,3496.8326,39.313,25.514
sandwich,0.15700,0.15524,3,24,shear_diag,2,0,2,grip,1936,136.7988,5012.1398,36.639,36.570
sandwich,0.15700,0.15524,3,24,shear_diag,0,1,2,grip,1936,140.9668,4611.8812,32.716,33.650
sandwich,0.15700,0.15524,3,24,shear_diag,1,1,2,free_surface,1936,80.5053,2500.8763,31.065,18.247
sandwich,0.15700,0.15524,3,24,shear_diag,2,1,2,grip,1936,140.9655,4611.8669,32.716,33.650
sandwich,0.15700,0.15524,3,24,shear_diag,0,2,2,grip,1936,136.7984,5012.0937,36.639,36.570
sandwich,0.15700,0.15524,3,24,shear_diag,1,2,2,free_surface,1936,88.9494,3496.8338,39.313,25.514
sandwich,0.15700,0.15524,3,24,shear_diag,2,2,2,grip,1936,136.7988,5012.1267,36.639,36.570
sandwich,0.15700,0.15524,3,24,uni_111,0,0,0,grip,1936,141.8917,8310.1107,58.567,68.951
sandwich,0.15700,0.15524,3,24,uni_111,1,0,0,free_surface,1936,51.6927,2567.9700,49.678,21.307
sandwich,0.15700,0.15524,3,24,uni_111,2,0,0,grip,1936,53.7267,3135.8450,58.367,26.019
sandwich,0.15700,0.15524,3,24,uni_111,0,1,0,grip,1936,111.8308,4388.1846,39.240,36.410
sandwich,0.15700,0.15524,3,24,uni_111,1,1,0,free_surface,1936,81.8058,3548.3763,43.376,29.442
sandwich,0.15700,0.15524,3,24,uni_111,2,1,0,grip,1936,55.4554,2921.1648,52.676,24.237
sandwich,0.15700,0.15524,3,24,uni_111,0,2,0,grip,1936,64.4084,3289.7511,51.076,27.296
sandwich,0.15700,0.15524,3,24,uni_111,1,2,0,free_surface,1936,65.9313,2520.5999,38.231,20.914
sandwich,0.15700,0.15524,3,24,uni_111,2,2,0,grip,1936,64.4080,3289.7516,51.077,27.296
sandwich,0.15700,0.15524,3,24,uni_111,0,0,1,grip,1936,111.8308,4388.1846,39.240,36.410
sandwich,0.15700,0.15524,3,24,uni_111,1,0,1,free_surface,1936,81.8058,3548.3763,43.376,29.442
sandwich,0.15700,0.15524,3,24,uni_111,2,0,1,grip,1936,55.4554,2921.1648,52.676,24.237
sandwich,0.15700,0.15524,3,24,uni_111,0,1,1,grip,1936,86.7346,3309.3795,38.155,27.459
sandwich,0.15700,0.15524,3,24,uni_111,1,1,1,interior,1936,101.3700,3488.6223,34.415,28.946
sandwich,0.15700,0.15524,3,24,uni_111,2,1,1,grip,1936,86.7346,3309.3802,38.155,27.459
sandwich,0.15700,0.15524,3,24,uni_111,0,2,1,grip,1936,55.4556,2921.1668,52.676,24.238
sandwich,0.15700,0.15524,3,24,uni_111,1,2,1,free_surface,1936,81.8056,3548.3383,43.375,29.441
sandwich,0.15700,0.15524,3,24,uni_111,2,2,1,grip,1936,111.8307,4388.1742,39.239,36.410
sandwich,0.15700,0.15524,3,24,uni_111,0,0,2,grip,1936,64.4084,3289.7511,51.076,27.296
sandwich,0.15700,0.15524,3,24,uni_111,1,0,2,free_surface,1936,65.9313,2520.5996,38.231,20.914
sandwich,0.15700,0.15524,3,24,uni_111,2,0,2,grip,1936,64.4080,3289.7516,51.077,27.296
sandwich,0.15700,0.15524,3,24,uni_111,0,1,2,grip,1936,55.4556,2921.1668,52.676,24.238
sandwich,0.15700,0.15524,3,24,uni_111,1,1,2,free_surface,1936,81.8056,3548.3383,43.375,29.441
sandwich,0.15700,0.15524,3,24,uni_111,2,1,2,grip,1936,111.8307,4388.1742,39.239,36.410
sandwich,0.15700,0.15524,3,24,uni_111,0,2,2,grip,1936,53.7267,3135.8274,58.366,26.019
sandwich,0.15700,0.15524,3,24,uni_111,1,2,2,free_surface,1936,51.6935,2567.9542,49.677,21.307
sandwich,0.15700,0.15524,3,24,uni_111,2,2,2,grip,1936,141.8913,8310.1663,58.567,68.951
sandwich,0.15700,0.15524,3,24,hydro,0,0,0,grip,1936,136.5486,9616.5261,70.426,-1.000
sandwich,0.15700,0.15524,3,24,hydro,1,0,0,free_surface,1936,101.6668,4698.4329,46.214,-1.000
sandwich,0.15700,0.15524,3,24,hydro,2,0,0,grip,1936,136.5464,9616.5130,70.427,-1.000
sandwich,0.15700,0.15524,3,24,hydro,0,1,0,grip,1936,100.4938,6211.2777,61.808,-1.000
sandwich,0.15700,0.15524,3,24,hydro,1,1,0,free_surface,1936,124.0937,5815.6192,46.865,-1.000
sandwich,0.15700,0.15524,3,24,hydro,2,1,0,grip,1936,100.4929,6211.2361,61.808,-1.000
sandwich,0.15700,0.15524,3,24,hydro,0,2,0,grip,1936,136.5489,9616.5470,70.426,-1.000
sandwich,0.15700,0.15524,3,24,hydro,1,2,0,free_surface,1936,101.6668,4698.4273,46.214,-1.000
sandwich,0.15700,0.15524,3,24,hydro,2,2,0,grip,1936,136.5467,9616.5338,70.427,-1.000
sandwich,0.15700,0.15524,3,24,hydro,0,0,1,grip,1936,100.4938,6211.2777,61.808,-1.000
sandwich,0.15700,0.15524,3,24,hydro,1,0,1,free_surface,1936,124.0937,5815.6192,46.865,-1.000
sandwich,0.15700,0.15524,3,24,hydro,2,0,1,grip,1936,100.4929,6211.2362,61.808,-1.000
sandwich,0.15700,0.15524,3,24,hydro,0,1,1,grip,1936,23.0057,5005.4584,217.575,-1.000
sandwich,0.15700,0.15524,3,24,hydro,1,1,1,interior,1936,140.4170,5903.9585,42.046,-1.000
sandwich,0.15700,0.15524,3,24,hydro,2,1,1,grip,1936,23.0078,5005.4628,217.555,-1.000
sandwich,0.15700,0.15524,3,24,hydro,0,2,1,grip,1936,100.4940,6211.2803,61.807,-1.000
sandwich,0.15700,0.15524,3,24,hydro,1,2,1,free_surface,1936,124.0936,5815.6110,46.865,-1.000
sandwich,0.15700,0.15524,3,24,hydro,2,2,1,grip,1936,100.4931,6211.2388,61.808,-1.000
sandwich,0.15700,0.15524,3,24,hydro,0,0,2,grip,1936,136.5489,9616.5470,70.426,-1.000
sandwich,0.15700,0.15524,3,24,hydro,1,0,2,free_surface,1936,101.6668,4698.4273,46.214,-1.000
sandwich,0.15700,0.15524,3,24,hydro,2,0,2,grip,1936,136.5467,9616.5338,70.427,-1.000
sandwich,0.15700,0.15524,3,24,hydro,0,1,2,grip,1936,100.4940,6211.2803,61.807,-1.000
sandwich,0.15700,0.15524,3,24,hydro,1,1,2,free_surface,1936,124.0936,5815.6110,46.865,-1.000
sandwich,0.15700,0.15524,3,24,hydro,2,1,2,grip,1936,100.4931,6211.2387,61.808,-1.000
sandwich,0.15700,0.15524,3,24,hydro,0,2,2,grip,1936,136.5491,9616.5678,70.426,-1.000
sandwich,0.15700,0.15524,3,24,hydro,1,2,2,free_surface,1936,101.6668,4698.4209,46.214,-1.000
sandwich,0.15700,0.15524,3,24,hydro,2,2,2,grip,1936,136.5470,9616.5547,70.427,-1.000
cut,0.20000,0.20414,4,16,uni_x,0,0,0,grip,904,198.4634,4649.5697,23.428,38.993
cut,0.20000,0.20414,4,16,uni_x,1,0,0,free_surface,904,202.6651,3903.7901,19.262,32.739
cut,0.20000,0.20414,4,16,uni_x,2,0,0,free_surface,904,202.6657,3903.8024,19.262,32.739
cut,0.20000,0.20414,4,16,uni_x,3,0,0,grip,904,198.4636,4649.6049,23.428,38.994
cut,0.20000,0.20414,4,16,uni_x,0,1,0,grip,904,180.7388,4036.5927,22.334,33.853
cut,0.20000,0.20414,4,16,uni_x,1,1,0,free_surface,904,212.9810,4094.2999,19.224,34.337
cut,0.20000,0.20414,4,16,uni_x,2,1,0,free_surface,904,212.9807,4094.2364,19.224,34.336
cut,0.20000,0.20414,4,16,uni_x,3,1,0,grip,904,180.7380,4036.6339,22.334,33.853
cut,0.20000,0.20414,4,16,uni_x,0,2,0,grip,904,180.7388,4036.5927,22.334,33.853
cut,0.20000,0.20414,4,16,uni_x,1,2,0,free_surface,904,212.9810,4094.2999,19.224,34.337
cut,0.20000,0.20414,4,16,uni_x,2,2,0,free_surface,904,212.9807,4094.2364,19.224,34.336
cut,0.20000,0.20414,4,16,uni_x,3,2,0,grip,904,180.7380,4036.6339,22.334,33.853
cut,0.20000,0.20414,4,16,uni_x,0,3,0,grip,904,198.4634,4649.5697,23.428,38.993
cut,0.20000,0.20414,4,16,uni_x,1,3,0,free_surface,904,202.6651,3903.7901,19.262,32.739
cut,0.20000,0.20414,4,16,uni_x,2,3,0,free_surface,904,202.6657,3903.8024,19.262,32.739
cut,0.20000,0.20414,4,16,uni_x,3,3,0,grip,904,198.4636,4649.6049,23.428,38.994
cut,0.20000,0.20414,4,16,uni_x,0,0,1,grip,904,180.6105,4020.5635,22.261,33.718
cut,0.20000,0.20414,4,16,uni_x,1,0,1,free_surface,904,212.7330,4115.0298,19.344,34.511
cut,0.20000,0.20414,4,16,uni_x,2,0,1,free_surface,904,212.7330,4115.0378,19.344,34.511
cut,0.20000,0.20414,4,16,uni_x,3,0,1,grip,904,180.6099,4020.6097,22.261,33.719
cut,0.20000,0.20414,4,16,uni_x,0,1,1,grip,904,159.3291,3716.5908,23.327,31.169
cut,0.20000,0.20414,4,16,uni_x,1,1,1,interior,904,221.4920,4129.5877,18.644,34.633
cut,0.20000,0.20414,4,16,uni_x,2,1,1,interior,904,221.4907,4129.5162,18.644,34.632
cut,0.20000,0.20414,4,16,uni_x,3,1,1,grip,904,159.3276,3716.5811,23.327,31.169
cut,0.20000,0.20414,4,16,uni_x,0,2,1,grip,904,159.3291,3716.5908,23.327,31.169
cut,0.20000,0.20414,4,16,uni_x,1,2,1,interior,904,221.4920,4129.5877,18.644,34.633
cut,0.20000,0.20414,4,16,uni_x,2,2,1,interior,904,221.4907,4129.5162,18.644,34.632
cut,0.20000,0.20414,4,16,uni_x,3,2,1,grip,904,159.3276,3716.5811,23.327,31.169
cut,0.20000,0.20414,4,16,uni_x,0,3,1,grip,904,180.6105,4020.5635,22.261,33.718
cut,0.20000,0.20414,4,16,uni_x,1,3,1,free_surface,904,212.7330,4115.0298,19.344,34.511
cut,0.20000,0.20414,4,16,uni_x,2,3,1,free_surface,904,212.7330,4115.0378,19.344,34.511
cut,0.20000,0.20414,4,16,uni_x,3,3,1,grip,904,180.6099,4020.6097,22.261,33.719
cut,0.20000,0.20414,4,16,uni_x,0,0,2,grip,904,180.2165,4027.0991,22.346,33.773
cut,0.20000,0.20414,4,16,uni_x,1,0,2,free_surface,904,212.2085,4078.7920,19.221,34.207
cut,0.20000,0.20414,4,16,uni_x,2,0,2,free_surface,904,212.2083,4078.7270,19.220,34.206
cut,0.20000,0.20414,4,16,uni_x,3,0,2,grip,904,180.2164,4027.0852,22.346,33.773
cut,0.20000,0.20414,4,16,uni_x,0,1,2,grip,904,158.6093,3666.0980,23.114,30.746
cut,0.20000,0.20414,4,16,uni_x,1,1,2,interior,904,222.3228,4145.3277,18.646,34.765
cut,0.20000,0.20414,4,16,uni_x,2,1,2,interior,904,222.3222,4145.3990,18.646,34.765
cut,0.20000,0.20414,4,16,uni_x,3,1,2,grip,904,158.6085,3666.0640,23.114,30.745
cut,0.20000,0.20414,4,16,uni_x,0,2,2,grip,904,158.6093,3666.0980,23.114,30.746
cut,0.20000,0.20414,4,16,uni_x,1,2,2,interior,904,222.3228,4145.3277,18.646,34.765
cut,0.20000,0.20414,4,16,uni_x,2,2,2,interior,904,222.3222,4145.3990,18.646,34.765
cut,0.20000,0.20414,4,16,uni_x,3,2,2,grip,904,158.6085,3666.0640,23.114,30.745
cut,0.20000,0.20414,4,16,uni_x,0,3,2,grip,904,180.2165,4027.0991,22.346,33.773
cut,0.20000,0.20414,4,16,uni_x,1,3,2,free_surface,904,212.2085,4078.7920,19.221,34.207
cut,0.20000,0.20414,4,16,uni_x,2,3,2,free_surface,904,212.2083,4078.7270,19.220,34.206
cut,0.20000,0.20414,4,16,uni_x,3,3,2,grip,904,180.2164,4027.0852,22.346,33.773
cut,0.20000,0.20414,4,16,uni_x,0,0,3,grip,904,191.9030,4308.7495,22.453,36.135
cut,0.20000,0.20414,4,16,uni_x,1,0,3,free_surface,904,207.7221,4154.2676,19.999,34.840
cut,0.20000,0.20414,4,16,uni_x,2,0,3,free_surface,904,207.7205,4154.1335,19.999,34.838
cut,0.20000,0.20414,4,16,uni_x,3,0,3,grip,904,191.9047,4308.7957,22.453,36.136
cut,0.20000,0.20414,4,16,uni_x,0,1,3,grip,904,169.9639,4045.7854,23.804,33.930
cut,0.20000,0.20414,4,16,uni_x,1,1,3,interior,904,219.9565,4126.8063,18.762,34.609
cut,0.20000,0.20414,4,16,uni_x,2,1,3,interior,904,219.9550,4126.7163,18.762,34.609
cut,0.20000,0.20414,4,16,uni_x,3,1,3,grip,904,169.9646,4045.7449,23.803,33.930
cut,0.20000,0.20414,4,16,uni_x,0,2,3,grip,904,169.9639,4045.7854,23.804,33.930
cut,0.20000,0.20414,4,16,uni_x,1,2,3,interior,904,219.9565,4126.8063,18.762,34.609
cut,0.20000,0.20414,4,16,uni_x,2,2,3,interior,904,219.9550,4126.7163,18.762,34.609
cut,0.20000,0.20414,4,16,uni_x,3,2,3,grip,904,169.9646,4045.7449,23.803,33.930
cut,0.20000,0.20414,4,16,uni_x,0,3,3,grip,904,191.9030,4308.7495,22.453,36.135
cut,0.20000,0.20414,4,16,uni_x,1,3,3,free_surface,904,207.7221,4154.2676,19.999,34.840
cut,0.20000,0.20414,4,16,uni_x,2,3,3,free_surface,904,207.7205,4154.1335,19.999,34.838
cut,0.20000,0.20414,4,16,uni_x,3,3,3,grip,904,191.9047,4308.7957,22.453,36.136
cut,0.20000,0.20414,4,16,uni_x,0,0,4,cut_layer,524,133.5822,4378.7904,32.780,36.723
cut,0.20000,0.20414,4,16,uni_x,1,0,4,cut_layer,524,111.5392,3524.7615,31.601,29.560
cut,0.20000,0.20414,4,16,uni_x,2,0,4,cut_layer,524,111.5413,3524.9188,31.602,29.562
cut,0.20000,0.20414,4,16,uni_x,3,0,4,cut_layer,524,133.5841,4378.8549,32.780,36.723
cut,0.20000,0.20414,4,16,uni_x,0,1,4,cut_layer,524,119.5547,3830.2713,32.038,32.122
cut,0.20000,0.20414,4,16,uni_x,1,1,4,cut_layer,524,123.6227,3796.2953,30.709,31.838
cut,0.20000,0.20414,4,16,uni_x,2,1,4,cut_layer,524,123.6241,3796.4107,30.709,31.838
cut,0.20000,0.20414,4,16,uni_x,3,1,4,cut_layer,524,119.5571,3830.2992,32.037,32.123
cut,0.20000,0.20414,4,16,uni_x,0,2,4,cut_layer,524,119.5547,3830.2713,32.038,32.122
cut,0.20000,0.20414,4,16,uni_x,1,2,4,cut_layer,524,123.6227,3796.2953,30.709,31.838
cut,0.20000,0.20414,4,16,uni_x,2,2,4,cut_layer,524,123.6241,3796.4107,30.709,31.838
cut,0.20000,0.20414,4,16,uni_x,3,2,4,cut_layer,524,119.5571,3830.2992,32.037,32.123
cut,0.20000,0.20414,4,16,uni_x,0,3,4,cut_layer,524,133.5822,4378.7904,32.780,36.723
cut,0.20000,0.20414,4,16,uni_x,1,3,4,cut_layer,524,111.5392,3524.7615,31.601,29.560
cut,0.20000,0.20414,4,16,uni_x,2,3,4,cut_layer,524,111.5413,3524.9188,31.602,29.562
cut,0.20000,0.20414,4,16,uni_x,3,3,4,cut_layer,524,133.5841,4378.8549,32.780,36.723
cut,0.20000,0.20414,4,16,uni_z,0,0,0,grip,904,211.4538,4821.1179,22.800,40.432
cut,0.20000,0.20414,4,16,uni_z,1,0,0,free_surface,904,26.8896,915.2495,34.037,7.676
cut,0.20000,0.20414,4,16,uni_z,2,0,0,free_surface,904,26.8896,915.2495,34.037,7.676
cut,0.20000,0.20414,4,16,uni_z,3,0,0,grip,904,211.4538,4821.1179,22.800,40.432
cut,0.20000,0.20414,4,16,uni_z,0,1,0,grip,904,208.9182,4532.0383,21.693,38.008
cut,0.20000,0.20414,4,16,uni_z,1,1,0,free_surface,904,26.9146,811.5377,30.152,6.806
cut,0.20000,0.20414,4,16,uni_z,2,1,0,free_surface,904,26.9146,811.5377,30.152,6.806
cut,0.20000,0.20414,4,16,uni_z,3,1,0,grip,904,208.9182,4532.0383,21.693,38.008
cut,0.20000,0.20414,4,16,uni_z,0,2,0,grip,904,208.9182,4532.0383,21.693,38.008
cut,0.20000,0.20414,4,16,uni_z,1,2,0,free_surface,904,26.9146,811.5377,30.152,6.806
cut,0.20000,0.20414,4,16,uni_z,2,2,0,free_surface,904,26.9146,811.5377,30.152,6.806
cut,0.20000,0.20414,4,16,uni_z,3,2,0,grip,904,208.9182,4532.0383,21.693,38.008
cut,0.20000,0.20414,4,16,uni_z,0,3,0,grip,904,211.4538,4821.1179,22.800,40.432
cut,0.20000,0.20414,4,16,uni_z,1,3,0,free_surface,904,26.8896,915.2495,34.037,7.676
cut,0.20000,0.20414,4,16,uni_z,2,3,0,free_surface,904,26.8896,915.2495,34.037,7.676
cut,0.20000,0.20414,4,16,uni_z,3,3,0,grip,904,211.4538,4821.1179,22.800,40.432
cut,0.20000,0.20414,4,16,uni_z,0,0,1,grip,904,205.1902,4207.1889,20.504,35.283
cut,0.20000,0.20414,4,16,uni_z,1,0,1,free_surface,904,51.6923,1526.4740,29.530,12.802
cut,0.20000,0.20414,4,16,uni_z,2,0,1,free_surface,904,51.6923,1526.4740,29.530,12.802
cut,0.20000,0.20414,4,16,uni_z,3,0,1,grip,904,205.1902,4207.1889,20.504,35.283
cut,0.20000,0.20414,4,16,uni_z,0,1,1,grip,904,204.4622,4104.7779,20.076,34.425
cut,0.20000,0.20414,4,16,uni_z,1,1,1,interior,904,52.0642,1537.3955,29.529,12.893
cut,0.20000,0.20414,4,16,uni_z,2,1,1,interior,904,52.0642,1537.3955,29.529,12.893
cut,0.20000,0.20414,4,16,uni_z,3,1,1,grip,904,204.4622,4104.7779,20.076,34.425
cut,0.20000,0.20414,4,16,uni_z,0,2,1,grip,904,204.4622,4104.7779,20.076,34.425
cut,0.20000,0.20414,4,16,uni_z,1,2,1,interior,904,52.0642,1537.3955,29.529,12.893
cut,0.20000,0.20414,4,16,uni_z,2,2,1,interior,904,52.0642,1537.3955,29.529,12.893
cut,0.20000,0.20414,4,16,uni_z,3,2,1,grip,904,204.4622,4104.7779,20.076,34.425
cut,0.20000,0.20414,4,16,uni_z,0,3,1,grip,904,205.1902,4207.1889,20.504,35.283
cut,0.20000,0.20414,4,16,uni_z,1,3,1,free_surface,904,51.6923,1526.4740,29.530,12.802
cut,0.20000,0.20414,4,16,uni_z,2,3,1,free_surface,904,51.6923,1526.4740,29.530,12.802
cut,0.20000,0.20414,4,16,uni_z,3,3,1,grip,904,205.1902,4207.1889,20.504,35.283
cut,0.20000,0.20414,4,16,uni_z,0,0,2,grip,904,201.0039,3899.5409,19.400,32.703
cut,0.20000,0.20414,4,16,uni_z,1,0,2,free_surface,904,50.9215,1495.2354,29.364,12.540
cut,0.20000,0.20414,4,16,uni_z,2,0,2,free_surface,904,50.9215,1495.2354,29.364,12.540
cut,0.20000,0.20414,4,16,uni_z,3,0,2,grip,904,201.0039,3899.5409,19.400,32.703
cut,0.20000,0.20414,4,16,uni_z,0,1,2,grip,904,200.7305,3862.8911,19.244,32.396
cut,0.20000,0.20414,4,16,uni_z,1,1,2,interior,904,51.7732,1511.6300,29.197,12.677
cut,0.20000,0.20414,4,16,uni_z,2,1,2,interior,904,51.7732,1511.6300,29.197,12.677
cut,0.20000,0.20414,4,16,uni_z,3,1,2,grip,904,200.7305,3862.8911,19.244,32.396
cut,0.20000,0.20414,4,16,uni_z,0,2,2,grip,904,200.7305,3862.8911,19.244,32.396
cut,0.20000,0.20414,4,16,uni_z,1,2,2,interior,904,51.7732,1511.6300,29.197,12.677
cut,0.20000,0.20414,4,16,uni_z,2,2,2,interior,904,51.7732,1511.6300,29.197,12.677
cut,0.20000,0.20414,4,16,uni_z,3,2,2,grip,904,200.7305,3862.8911,19.244,32.396
cut,0.20000,0.20414,4,16,uni_z,0,3,2,grip,904,201.0039,3899.5409,19.400,32.703
cut,0.20000,0.20414,4,16,uni_z,1,3,2,free_surface,904,50.9215,1495.2354,29.364,12.540
cut,0.20000,0.20414,4,16,uni_z,2,3,2,free_surface,904,50.9215,1495.2354,29.364,12.540
cut,0.20000,0.20414,4,16,uni_z,3,3,2,grip,904,201.0039,3899.5409,19.400,32.703
cut,0.20000,0.20414,4,16,uni_z,0,0,3,grip,904,223.5242,5429.9624,24.293,45.538
cut,0.20000,0.20414,4,16,uni_z,1,0,3,free_surface,904,37.0075,1086.7078,29.365,9.114
cut,0.20000,0.20414,4,16,uni_z,2,0,3,free_surface,904,37.0075,1086.7078,29.365,9.114
cut,0.20000,0.20414,4,16,uni_z,3,0,3,grip,904,223.5242,5429.9624,24.293,45.538
cut,0.20000,0.20414,4,16,uni_z,0,1,3,grip,904,220.6504,5187.5779,23.510,43.505
cut,0.20000,0.20414,4,16,uni_z,1,1,3,interior,904,37.4538,1111.8033,29.685,9.324
cut,0.20000,0.20414,4,16,uni_z,2,1,3,interior,904,37.4538,1111.8033,29.685,9.324
cut,0.20000,0.20414,4,16,uni_z,3,1,3,grip,904,220.6504,5187.5779,23.510,43.505
cut,0.20000,0.20414,4,16,uni_z,0,2,3,grip,904,220.6504,5187.5779,23.510,43.505
cut,0.20000,0.20414,4,16,uni_z,1,2,3,interior,904,37.4538,1111.8033,29.685,9.324
cut,0.20000,0.20414,4,16,uni_z,2,2,3,interior,904,37.4538,1111.8033,29.685,9.324
cut,0.20000,0.20414,4,16,uni_z,3,2,3,grip,904,220.6504,5187.5779,23.510,43.505
cut,0.20000,0.20414,4,16,uni_z,0,3,3,grip,904,223.5242,5429.9624,24.293,45.538
cut,0.20000,0.20414,4,16,uni_z,1,3,3,free_surface,904,37.0075,1086.7078,29.365,9.114
cut,0.20000,0.20414,4,16,uni_z,2,3,3,free_surface,904,37.0075,1086.7078,29.365,9.114
cut,0.20000,0.20414,4,16,uni_z,3,3,3,grip,904,223.5242,5429.9624,24.293,45.538
cut,0.20000,0.20414,4,16,uni_z,0,0,4,cut_layer,524,108.9466,4234.8844,38.871,35.516
cut,0.20000,0.20414,4,16,uni_z,1,0,4,cut_layer,524,23.0767,940.5358,40.757,7.888
cut,0.20000,0.20414,4,16,uni_z,2,0,4,cut_layer,524,23.0767,940.5358,40.757,7.888
cut,0.20000,0.20414,4,16,uni_z,3,0,4,cut_layer,524,108.9466,4234.8844,38.871,35.516
cut,0.20000,0.20414,4,16,uni_z,0,1,4,cut_layer,524,108.7991,4239.3014,38.964,35.553
cut,0.20000,0.20414,4,16,uni_z,1,1,4,cut_layer,524,22.0426,899.9514,40.828,7.547
cut,0.20000,0.20414,4,16,uni_z,2,1,4,cut_layer,524,22.0426,899.9514,40.828,7.547
cut,0.20000,0.20414,4,16,uni_z,3,1,4,cut_layer,524,108.7991,4239.3014,38.964,35.553
cut,0.20000,0.20414,4,16,uni_z,0,2,4,cut_layer,524,108.7991,4239.3014,38.964,35.553
cut,0.20000,0.20414,4,16,uni_z,1,2,4,cut_layer,524,22.0426,899.9514,40.828,7.547
cut,0.20000,0.20414,4,16,uni_z,2,2,4,cut_layer,524,22.0426,899.9514,40.828,7.547
cut,0.20000,0.20414,4,16,uni_z,3,2,4,cut_layer,524,108.7991,4239.3014,38.964,35.553
cut,0.20000,0.20414,4,16,uni_z,0,3,4,cut_layer,524,108.9466,4234.8844,38.871,35.516
cut,0.20000,0.20414,4,16,uni_z,1,3,4,cut_layer,524,23.0767,940.5358,40.757,7.888
cut,0.20000,0.20414,4,16,uni_z,2,3,4,cut_layer,524,23.0767,940.5358,40.757,7.888
cut,0.20000,0.20414,4,16,uni_z,3,3,4,cut_layer,524,108.9466,4234.8844,38.871,35.516
cut,0.20000,0.20414,4,16,biax_xy,0,0,0,grip,904,274.6804,7155.0661,26.049,60.006
cut,0.20000,0.20414,4,16,biax_xy,1,0,0,free_surface,904,202.1051,4552.5588,22.526,38.180
cut,0.20000,0.20414,4,16,biax_xy,2,0,0,free_surface,904,202.1056,4552.5497,22.526,38.180
cut,0.20000,0.20414,4,16,biax_xy,3,0,0,grip,904,274.6795,7155.0463,26.049,60.006
cut,0.20000,0.20414,4,16,biax_xy,0,1,0,grip,904,207.9680,5144.3414,24.736,43.143
cut,0.20000,0.20414,4,16,biax_xy,1,1,0,free_surface,904,244.0338,5393.6379,22.102,45.234
cut,0.20000,0.20414,4,16,biax_xy,2,1,0,free_surface,904,244.0336,5393.5746,22.102,45.233
cut,0.20000,0.20414,4,16,biax_xy,3,1,0,grip,904,207.9676,5144.3649,24.736,43.143
cut,0.20000,0.20414,4,16,biax_xy,0,2,0,grip,904,207.9681,5144.3410,24.736,43.143
cut,0.20000,0.20414,4,16,biax_xy,1,2,0,free_surface,904,244.0339,5393.6524,22.102,45.234
cut,0.20000,0.20414,4,16,biax_xy,2,2,0,free_surface,904,244.0337,5393.5892,22.102,45.233
cut,0.20000,0.20414,4,16,biax_xy,3,2,0,grip,904,207.9677,5144.3644,24.736,43.143
cut,0.20000,0.20414,4,16,biax_xy,0,3,0,grip,904,274.6807,7155.0753,26.049,60.006
cut,0.20000,0.20414,4,16,biax_xy,1,3,0,free_surface,904,202.1052,4552.5748,22.526,38.180
cut,0.20000,0.20414,4,16,biax_xy,2,3,0,free_surface,904,202.1057,4552.5658,22.526,38.180
cut,0.20000,0.20414,4,16,biax_xy,3,3,0,grip,904,274.6798,7155.0555,26.049,60.006
cut,0.20000,0.20414,4,16,biax_xy,0,0,1,grip,904,254.4141,6217.7688,24.440,52.145
cut,0.20000,0.20414,4,16,biax_xy,1,0,1,free_surface,904,214.8594,4724.3419,21.988,39.621
cut,0.20000,0.20414,4,16,biax_xy,2,0,1,free_surface,904,214.8594,4724.3526,21.988,39.621
cut,0.20000,0.20414,4,16,biax_xy,3,0,1,grip,904,254.4127,6217.7363,24.440,52.145
cut,0.20000,0.20414,4,16,biax_xy,0,1,1,grip,904,178.3821,4882.9518,27.374,40.951
cut,0.20000,0.20414,4,16,biax_xy,1,1,1,interior,904,251.6410,5408.0989,21.491,45.355
cut,0.20000,0.20414,4,16,biax_xy,2,1,1,interior,904,251.6397,5408.0807,21.491,45.355
cut,0.20000,0.20414,4,16,biax_xy,3,1,1,grip,904,178.3814,4882.9233,27.373,40.950
cut,0.20000,0.20414,4,16,biax_xy,0,2,1,grip,904,178.3823,4882.9567,27.374,40.951
cut,0.20000,0.20414,4,16,biax_xy,1,2,1,interior,904,251.6411,5408.1005,21.491,45.355
cut,0.20000,0.20414,4,16,biax_xy,2,2,1,interior,904,251.6398,5408.0823,21.491,45.355
cut,0.20000,0.20414,4,16,biax_xy,3,2,1,grip,904,178.3816,4882.9281,27.373,40.951
cut,0.20000,0.20414,4,16,biax_xy,0,3,1,grip,904,254.4141,6217.7660,24.440,52.145
cut,0.20000,0.20414,4,16,biax_xy,1,3,1,free_surface,904,214.8597,4724.3488,21.988,39.621
cut,0.20000,0.20414,4,16,biax_xy,2,3,1,free_surface,904,214.8596,4724.3594,21.988,39.621
cut,0.20000,0.20414,4,16,biax_xy,3,3,1,grip,904,254.4127,6217.7336,24.440,52.145
cut,0.20000,0.20414,4,16,biax_xy,0,0,2,grip,904,253.7261,6198.7070,24.431,51.985
cut,0.20000,0.20414,4,16,biax_xy,1,0,2,free_surface,904,214.5549,4673.1847,21.781,39.192
cut,0.20000,0.20414,4,16,biax_xy,2,0,2,free_surface,904,214.5546,4673.1205,21.781,39.191
cut,0.20000,0.20414,4,16,biax_xy,3,0,2,grip,904,253.7249,6198.7386,24.431,51.986
cut,0.20000,0.20414,4,16,biax_xy,0,1,2,grip,904,176.5804,4865.9795,27.557,40.808
cut,0.20000,0.20414,4,16,biax_xy,1,1,2,interior,904,252.0719,5456.4663,21.646,45.760
cut,0.20000,0.20414,4,16,biax_xy,2,1,2,interior,904,252.0713,5456.4664,21.647,45.760
cut,0.20000,0.20414,4,16,biax_xy,3,1,2,grip,904,176.5800,4865.9609,27.557,40.808
cut,0.20000,0.20414,4,16,biax_xy,0,2,2,grip,904,176.5804,4865.9821,27.557,40.808
cut,0.20000,0.20414,4,16,biax_xy,1,2,2,interior,904,252.0718,5456.4667,21.646,45.760
cut,0.20000,0.20414,4,16,biax_xy,2,2,2,interior,904,252.0713,5456.4668,21.647,45.760
cut,0.20000,0.20414,4,16,biax_xy,3,2,2,grip,904,176.5799,4865.9636,27.557,40.808
cut,0.20000,0.20414,4,16,biax_xy,0,3,2,grip,904,253.7260,6198.7062,24.431,51.985
cut,0.20000,0.20414,4,16,biax_xy,1,3,2,free_surface,904,214.5550,4673.1866,21.781,39.192
cut,0.20000,0.20414,4,16,biax_xy,2,3,2,free_surface,904,214.5548,4673.1224,21.781,39.191
cut,0.20000,0.20414,4,16,biax_xy,3,3,2,grip,904,253.7248,6198.7379,24.431,51.986
cut,0.20000,0.20414,4,16,biax_xy,0,0,3,grip,904,265.4025,6548.1143,24.672,54.916
cut,0.20000,0.20414,4,16,biax_xy,1,0,3,free_surface,904,207.7555,4899.0014,23.581,41.085
cut,0.20000,0.20414,4,16,biax_xy,2,0,3,free_surface,904,207.7536,4898.8652,23.580,41.084
cut,0.20000,0.20414,4,16,biax_xy,3,0,3,grip,904,265.4027,6548.1471,24.672,54.916
cut,0.20000,0.20414,4,16,biax_xy,0,1,3,grip,904,195.2886,4986.6156,25.535,41.820
cut,0.20000,0.20414,4,16,biax_xy,1,1,3,interior,904,254.6554,5418.4813,21.278,45.442
cut,0.20000,0.20414,4,16,biax_xy,2,1,3,interior,904,254.6536,5418.4238,21.278,45.441
cut,0.20000,0.20414,4,16,biax_xy,3,1,3,grip,904,195.2884,4986.6137,25.535,41.820
cut,0.20000,0.20414,4,16,biax_xy,0,2,3,grip,904,195.2884,4986.6031,25.535,41.820
cut,0.20000,0.20414,4,16,biax_xy,1,2,3,interior,904,254.6552,5418.4749,21.278,45.442
cut,0.20000,0.20414,4,16,biax_xy,2,2,3,interior,904,254.6534,5418.4174,21.278,45.441
cut,0.20000,0.20414,4,16,biax_xy,3,2,3,grip,904,195.2883,4986.6012,25.535,41.820
cut,0.20000,0.20414,4,16,biax_xy,0,3,3,grip,904,265.4023,6548.1101,24.672,54.916
cut,0.20000,0.20414,4,16,biax_xy,1,3,3,free_surface,904,207.7554,4898.9855,23.581,41.085
cut,0.20000,0.20414,4,16,biax_xy,2,3,3,free_surface,904,207.7535,4898.8493,23.580,41.084
cut,0.20000,0.20414,4,16,biax_xy,3,3,3,grip,904,265.4025,6548.1429,24.673,54.916
cut,0.20000,0.20414,4,16,biax_xy,0,0,4,cut_layer,524,230.5169,6671.9479,28.943,55.954
cut,0.20000,0.20414,4,16,biax_xy,1,0,4,cut_layer,524,114.6431,4094.9054,35.719,34.342
cut,0.20000,0.20414,4,16,biax_xy,2,0,4,cut_layer,524,114.6451,4095.0623,35.719,34.343
cut,0.20000,0.20414,4,16,biax_xy,3,0,4,cut_layer,524,230.5182,6672.0185,28.944,55.955
cut,0.20000,0.20414,4,16,biax_xy,0,1,4,cut_layer,524,184.1749,5400.0005,29.320,45.287
cut,0.20000,0.20414,4,16,biax_xy,1,1,4,cut_layer,524,157.7896,5147.1367,32.620,43.166
cut,0.20000,0.20414,4,16,biax_xy,2,1,4,cut_layer,524,157.7906,5147.1727,32.620,43.167
cut,0.20000,0.20414,4,16,biax_xy,3,1,4,cut_layer,524,184.1771,5400.0300,29.320,45.287
cut,0.20000,0.20414,4,16,biax_xy,0,2,4,cut_layer,524,184.1748,5399.9904,29.320,45.287
cut,0.20000,0.20414,4,16,biax_xy,1,2,4,cut_layer,524,157.7894,5147.1410,32.620,43.166
cut,0.20000,0.20414,4,16,biax_xy,2,2,4,cut_layer,524,157.7904,5147.1769,32.620,43.167
cut,0.20000,0.20414,4,16,biax_xy,3,2,4,cut_layer,524,184.1769,5400.0199,29.320,45.287
cut,0.20000,0.20414,4,16,biax_xy,0,3,4,cut_layer,524,230.5172,6671.9495,28.943,55.954
cut,0.20000,0.20414,4,16,biax_xy,1,3,4,cut_layer,524,114.6430,4094.9131,35.719,34.342
cut,0.20000,0.20414,4,16,biax_xy,2,3,4,cut_layer,524,114.6449,4095.0700,35.720,34.343
cut,0.20000,0.20414,4,16,biax_xy,3,3,4,cut_layer,524,230.5185,6672.0201,28.944,55.955
cut,0.20000,0.20414,4,16,shear_xy,0,0,0,grip,904,125.6764,3092.4208,24.606,21.418
cut,0.20000,0.20414,4,16,shear_xy,1,0,0,free_surface,904,83.2152,1905.0382,22.893,13.194
cut,0.20000,0.20414,4,16,shear_xy,2,0,0,free_surface,904,83.2150,1905.0409,22.893,13.194
cut,0.20000,0.20414,4,16,shear_xy,3,0,0,grip,904,125.6764,3092.4162,24.606,21.418
cut,0.20000,0.20414,4,16,shear_xy,0,1,0,grip,904,126.6896,2256.1340,17.808,15.626
cut,0.20000,0.20414,4,16,shear_xy,1,1,0,free_surface,904,151.0444,2833.8449,18.762,19.627
cut,0.20000,0.20414,4,16,shear_xy,2,1,0,free_surface,904,151.0442,2833.8357,18.762,19.627
cut,0.20000,0.20414,4,16,shear_xy,3,1,0,grip,904,126.6890,2256.1212,17.808,15.626
cut,0.20000,0.20414,4,16,shear_xy,0,2,0,grip,904,126.6902,2256.1456,17.808,15.626
cut,0.20000,0.20414,4,16,shear_xy,1,2,0,free_surface,904,151.0449,2833.8582,18.762,19.627
cut,0.20000,0.20414,4,16,shear_xy,2,2,0,free_surface,904,151.0447,2833.8490,18.762,19.627
cut,0.20000,0.20414,4,16,shear_xy,3,2,0,grip,904,126.6896,2256.1328,17.808,15.626
cut,0.20000,0.20414,4,16,shear_xy,0,3,0,grip,904,125.6765,3092.4171,24.606,21.418
cut,0.20000,0.20414,4,16,shear_xy,1,3,0,free_surface,904,83.2153,1905.0585,22.893,13.194
cut,0.20000,0.20414,4,16,shear_xy,2,3,0,free_surface,904,83.2151,1905.0613,22.893,13.194
cut,0.20000,0.20414,4,16,shear_xy,3,3,0,grip,904,125.6765,3092.4126,24.606,21.418
cut,0.20000,0.20414,4,16,shear_xy,0,0,1,grip,904,127.6755,3088.1773,24.188,21.389
cut,0.20000,0.20414,4,16,shear_xy,1,0,1,free_surface,904,81.1892,1947.3339,23.985,13.487
cut,0.20000,0.20414,4,16,shear_xy,2,0,1,free_surface,904,81.1891,1947.3317,23.985,13.487
cut,0.20000,0.20414,4,16,shear_xy,3,0,1,grip,904,127.6752,3088.1811,24.188,21.389
cut,0.20000,0.20414,4,16,shear_xy,0,1,1,grip,904,129.5290,2276.5465,17.576,15.767
cut,0.20000,0.20414,4,16,shear_xy,1,1,1,interior,904,150.0515,2654.9674,17.694,18.388
cut,0.20000,0.20414,4,16,shear_xy,2,1,1,interior,904,150.0517,2654.9723,17.694,18.388
cut,0.20000,0.20414,4,16,shear_xy,3,1,1,grip,904,129.5290,2276.5439,17.576,15.767
cut,0.20000,0.20414,4,16,shear_xy,0,2,1,grip,904,129.5296,2276.5639,17.576,15.767
cut,0.20000,0.20414,4,16,shear_xy,1,2,1,interior,904,150.0520,2654.9768,17.694,18.388
cut,0.20000,0.20414,4,16,shear_xy,2,2,1,interior,904,150.0521,2654.9818,17.694,18.388
cut,0.20000,0.20414,4,16,shear_xy,3,2,1,grip,904,129.5297,2276.5612,17.576,15.767
cut,0.20000,0.20414,4,16,shear_xy,0,3,1,grip,904,127.6760,3088.1891,24.188,21.389
cut,0.20000,0.20414,4,16,shear_xy,1,3,1,free_surface,904,81.1897,1947.3530,23.985,13.487
cut,0.20000,0.20414,4,16,shear_xy,2,3,1,free_surface,904,81.1896,1947.3509,23.985,13.487
cut,0.20000,0.20414,4,16,shear_xy,3,3,1,grip,904,127.6757,3088.1930,24.188,21.389
cut,0.20000,0.20414,4,16,shear_xy,0,0,2,grip,904,127.9475,3112.1270,24.323,21.555
cut,0.20000,0.20414,4,16,shear_xy,1,0,2,free_surface,904,80.9614,1952.0559,24.111,13.520
cut,0.20000,0.20414,4,16,shear_xy,2,0,2,free_surface,904,80.9612,1952.0511,24.111,13.520
cut,0.20000,0.20414,4,16,shear_xy,3,0,2,grip,904,127.9477,3112.1363,24.324,21.555
cut,0.20000,0.20414,4,16,shear_xy,0,1,2,grip,904,129.0739,2268.0665,17.572,15.709
cut,0.20000,0.20414,4,16,shear_xy,1,1,2,interior,904,149.4578,2653.7131,17.756,18.380
cut,0.20000,0.20414,4,16,shear_xy,2,1,2,interior,904,149.4579,2653.7174,17.756,18.380
cut,0.20000,0.20414,4,16,shear_xy,3,1,2,grip,904,129.0743,2268.0816,17.572,15.709
cut,0.20000,0.20414,4,16,shear_xy,0,2,2,grip,904,129.0744,2268.0725,17.572,15.709
cut,0.20000,0.20414,4,16,shear_xy,1,2,2,interior,904,149.4581,2653.7163,17.756,18.380
cut,0.20000,0.20414,4,16,shear_xy,2,2,2,interior,904,149.4582,2653.7207,17.756,18.380
cut,0.20000,0.20414,4,16,shear_xy,3,2,2,grip,904,129.0748,2268.0876,17.572,15.709
cut,0.20000,0.20414,4,16,shear_xy,0,3,2,grip,904,127.9479,3112.1233,24.323,21.554
cut,0.20000,0.20414,4,16,shear_xy,1,3,2,free_surface,904,80.9619,1952.0546,24.111,13.520
cut,0.20000,0.20414,4,16,shear_xy,2,3,2,free_surface,904,80.9617,1952.0497,24.111,13.520
cut,0.20000,0.20414,4,16,shear_xy,3,3,2,grip,904,127.9481,3112.1326,24.323,21.555
cut,0.20000,0.20414,4,16,shear_xy,0,0,3,grip,904,129.2359,3165.9108,24.497,21.927
cut,0.20000,0.20414,4,16,shear_xy,1,0,3,free_surface,904,81.6741,1911.0398,23.398,13.236
cut,0.20000,0.20414,4,16,shear_xy,2,0,3,free_surface,904,81.6737,1911.0524,23.399,13.236
cut,0.20000,0.20414,4,16,shear_xy,3,0,3,grip,904,129.2363,3165.9169,24.497,21.927
cut,0.20000,0.20414,4,16,shear_xy,0,1,3,grip,904,126.3352,2244.2263,17.764,15.543
cut,0.20000,0.20414,4,16,shear_xy,1,1,3,interior,904,149.7676,2673.5481,17.851,18.517
cut,0.20000,0.20414,4,16,shear_xy,2,1,3,interior,904,149.7674,2673.5502,17.851,18.517
cut,0.20000,0.20414,4,16,shear_xy,3,1,3,grip,904,126.3355,2244.2346,17.764,15.544
cut,0.20000,0.20414,4,16,shear_xy,0,2,3,grip,904,126.3355,2244.2415,17.764,15.544
cut,0.20000,0.20414,4,16,shear_xy,1,2,3,interior,904,149.7680,2673.5542,17.851,18.517
cut,0.20000,0.20414,4,16,shear_xy,2,2,3,interior,904,149.7678,2673.5562,17.851,18.517
cut,0.20000,0.20414,4,16,shear_xy,3,2,3,grip,904,126.3358,2244.2497,17.764,15.544
cut,0.20000,0.20414,4,16,shear_xy,0,3,3,grip,904,129.2355,3165.8865,24.497,21.927
cut,0.20000,0.20414,4,16,shear_xy,1,3,3,free_surface,904,81.6747,1911.0461,23.398,13.236
cut,0.20000,0.20414,4,16,shear_xy,2,3,3,free_surface,904,81.6742,1911.0587,23.399,13.236
cut,0.20000,0.20414,4,16,shear_xy,3,3,3,grip,904,129.2358,3165.8925,24.497,21.927
cut,0.20000,0.20414,4,16,shear_xy,0,0,4,cut_layer,524,94.7572,3155.6956,33.303,21.856
cut,0.20000,0.20414,4,16,shear_xy,1,0,4,cut_layer,524,62.0880,1828.1958,29.445,12.662
cut,0.20000,0.20414,4,16,shear_xy,2,0,4,cut_layer,524,62.0877,1828.1679,29.445,12.662
cut,0.20000,0.20414,4,16,shear_xy,3,0,4,cut_layer,524,94.7577,3155.7012,33.303,21.856
cut,0.20000,0.20414,4,16,shear_xy,0,1,4,cut_layer,524,98.2796,2151.6965,21.894,14.903
cut,0.20000,0.20414,4,16,shear_xy,1,1,4,cut_layer,524,121.5853,2690.3362,22.127,18.633
cut,0.20000,0.20414,4,16,shear_xy,2,1,4,cut_layer,524,121.5852,2690.3309,22.127,18.633
cut,0.20000,0.20414,4,16,shear_xy,3,1,4,cut_layer,524,98.2798,2151.7111,21.894,14.903
cut,0.20000,0.20414,4,16,shear_xy,0,2,4,cut_layer,524,98.2798,2151.6957,21.894,14.903
cut,0.20000,0.20414,4,16,shear_xy,1,2,4,cut_layer,524,121.5856,2690.3374,22.127,18.633
cut,0.20000,0.20414,4,16,shear_xy,2,2,4,cut_layer,524,121.5855,2690.3320,22.127,18.633
cut,0.20000,0.20414,4,16,shear_xy,3,2,4,cut_layer,524,98.2800,2151.7103,21.894,14.903
cut,0.20000,0.20414,4,16,shear_xy,0,3,4,cut_layer,524,94.7567,3155.6890,33.303,21.856
cut,0.20000,0.20414,4,16,shear_xy,1,3,4,cut_layer,524,62.0883,1828.1544,29.444,12.662
cut,0.20000,0.20414,4,16,shear_xy,2,3,4,cut_layer,524,62.0880,1828.1265,29.444,12.662
cut,0.20000,0.20414,4,16,shear_xy,3,3,4,cut_layer,524,94.7572,3155.6946,33.303,21.856
cut,0.20000,0.20414,4,16,shear_diag,0,0,0,grip,904,297.7224,5641.7305,18.950,27.317
cut,0.20000,0.20414,4,16,shear_diag,1,0,0,free_surface,904,206.0392,4334.8883,21.039,20.989
cut,0.20000,0.20414,4,16,shear_diag,2,0,0,free_surface,904,206.0400,4334.9375,21.039,20.989
cut,0.20000,0.20414,4,16,shear_diag,3,0,0,grip,904,297.7236,5641.7996,18.950,27.317
cut,0.20000,0.20414,4,16,shear_diag,0,1,0,grip,904,320.5642,5287.3249,16.494,25.601
cut,0.20000,0.20414,4,16,shear_diag,1,1,0,free_surface,904,188.8338,3516.7073,18.623,17.028
cut,0.20000,0.20414,4,16,shear_diag,2,1,0,free_surface,904,188.8334,3516.6971,18.623,17.028
cut,0.20000,0.20414,4,16,shear_diag,3,1,0,grip,904,320.5636,5287.3571,16.494,25.601
cut,0.20000,0.20414,4,16,shear_diag,0,2,0,grip,904,320.5643,5287.3243,16.494,25.601
cut,0.20000,0.20414,4,16,shear_diag,1,2,0,free_surface,904,188.8337,3516.6923,18.623,17.028
cut,0.20000,0.20414,4,16,shear_diag,2,2,0,free_surface,904,188.8334,3516.6820,18.623,17.028
cut,0.20000,0.20414,4,16,shear_diag,3,2,0,grip,904,320.5637,5287.3565,16.494,25.601
cut,0.20000,0.20414,4,16,shear_diag,0,3,0,grip,904,297.7224,5641.7249,18.950,27.317
cut,0.20000,0.20414,4,16,shear_diag,1,3,0,free_surface,904,206.0392,4334.8697,21.039,20.989
cut,0.20000,0.20414,4,16,shear_diag,2,3,0,free_surface,904,206.0400,4334.9188,21.039,20.989
cut,0.20000,0.20414,4,16,shear_diag,3,3,0,grip,904,297.7236,5641.7940,18.950,27.317
cut,0.20000,0.20414,4,16,shear_diag,0,0,1,grip,904,289.9423,5119.4563,17.657,24.788
cut,0.20000,0.20414,4,16,shear_diag,1,0,1,free_surface,904,213.3540,4458.7938,20.899,21.589
cut,0.20000,0.20414,4,16,shear_diag,2,0,1,free_surface,904,213.3541,4458.8775,20.899,21.590
cut,0.20000,0.20414,4,16,shear_diag,3,0,1,grip,904,289.9427,5119.4407,17.657,24.788
cut,0.20000,0.20414,4,16,shear_diag,0,1,1,grip,904,314.7448,4813.4724,15.293,23.306
cut,0.20000,0.20414,4,16,shear_diag,1,1,1,interior,904,198.1142,3659.1504,18.470,17.717
cut,0.20000,0.20414,4,16,shear_diag,2,1,1,interior,904,198.1131,3659.1449,18.470,17.717
cut,0.20000,0.20414,4,16,shear_diag,3,1,1,grip,904,314.7437,4813.4819,15.293,23.307
cut,0.20000,0.20414,4,16,shear_diag,0,2,1,grip,904,314.7450,4813.4715,15.293,23.306
cut,0.20000,0.20414,4,16,shear_diag,1,2,1,interior,904,198.1142,3659.1396,18.470,17.717
cut,0.20000,0.20414,4,16,shear_diag,2,2,1,interior,904,198.1131,3659.1342,18.470,17.717
cut,0.20000,0.20414,4,16,shear_diag,3,2,1,grip,904,314.7439,4813.4809,15.293,23.307
cut,0.20000,0.20414,4,16,shear_diag,0,3,1,grip,904,289.9424,5119.4531,17.657,24.788
cut,0.20000,0.20414,4,16,shear_diag,1,3,1,free_surface,904,213.3538,4458.7830,20.899,21.589
cut,0.20000,0.20414,4,16,shear_diag,2,3,1,free_surface,904,213.3539,4458.8667,20.899,21.590
cut,0.20000,0.20414,4,16,shear_diag,3,3,1,grip,904,289.9429,5119.4375,17.657,24.788
cut,0.20000,0.20414,4,16,shear_diag,0,0,2,grip,904,289.7477,5116.1945,17.657,24.772
cut,0.20000,0.20414,4,16,shear_diag,1,0,2,free_surface,904,212.6291,4364.2923,20.525,21.132
cut,0.20000,0.20414,4,16,shear_diag,2,0,2,free_surface,904,212.6290,4364.2743,20.525,21.132
cut,0.20000,0.20414,4,16,shear_diag,3,0,2,grip,904,289.7486,5116.1916,17.657,24.772
cut,0.20000,0.20414,4,16,shear_diag,0,1,2,grip,904,315.0351,4790.5804,15.206,23.196
cut,0.20000,0.20414,4,16,shear_diag,1,1,2,interior,904,199.2886,3634.4678,18.237,17.598
cut,0.20000,0.20414,4,16,shear_diag,2,1,2,interior,904,199.2880,3634.4108,18.237,17.598
cut,0.20000,0.20414,4,16,shear_diag,3,1,2,grip,904,315.0346,4790.5964,15.207,23.196
cut,0.20000,0.20414,4,16,shear_diag,0,2,2,grip,904,315.0351,4790.5828,15.207,23.196
cut,0.20000,0.20414,4,16,shear_diag,1,2,2,interior,904,199.2887,3634.4765,18.237,17.598
cut,0.20000,0.20414,4,16,shear_diag,2,2,2,interior,904,199.2881,3634.4195,18.237,17.598
cut,0.20000,0.20414,4,16,shear_diag,3,2,2,grip,904,315.0346,4790.5988,15.207,23.196
cut,0.20000,0.20414,4,16,shear_diag,0,3,2,grip,904,289.7479,5116.1943,17.657,24.772
cut,0.20000,0.20414,4,16,shear_diag,1,3,2,free_surface,904,212.6290,4364.2691,20.525,21.131
cut,0.20000,0.20414,4,16,shear_diag,2,3,2,free_surface,904,212.6289,4364.2512,20.525,21.131
cut,0.20000,0.20414,4,16,shear_diag,3,3,2,grip,904,289.7488,5116.1915,17.657,24.772
cut,0.20000,0.20414,4,16,shear_diag,0,0,3,grip,904,291.9970,5135.9614,17.589,24.868
cut,0.20000,0.20414,4,16,shear_diag,1,0,3,free_surface,904,210.4739,4459.4722,21.188,21.592
cut,0.20000,0.20414,4,16,shear_diag,2,0,3,free_surface,904,210.4724,4459.3920,21.188,21.592
cut,0.20000,0.20414,4,16,shear_diag,3,0,3,grip,904,291.9991,5135.9753,17.589,24.868
cut,0.20000,0.20414,4,16,shear_diag,0,1,3,grip,904,318.0255,5137.0345,16.153,24.873
cut,0.20000,0.20414,4,16,shear_diag,1,1,3,interior,904,193.1194,3589.3341,18.586,17.379
cut,0.20000,0.20414,4,16,shear_diag,2,1,3,interior,904,193.1181,3589.1804,18.585,17.379
cut,0.20000,0.20414,4,16,shear_diag,3,1,3,grip,904,318.0264,5137.0812,16.153,24.873
cut,0.20000,0.20414,4,16,shear_diag,0,2,3,grip,904,318.0254,5137.0362,16.153,24.873
cut,0.20000,0.20414,4,16,shear_diag,1,2,3,interior,904,193.1196,3589.3362,18.586,17.379
cut,0.20000,0.20414,4,16,shear_diag,2,2,3,interior,904,193.1183,3589.1825,18.585,17.379
cut,0.20000,0.20414,4,16,shear_diag,3,2,3,grip,904,318.0262,5137.0829,16.153,24.873
cut,0.20000,0.20414,4,16,shear_diag,0,3,3,grip,904,291.9970,5135.9616,17.589,24.868
cut,0.20000,0.20414,4,16,shear_diag,1,3,3,free_surface,904,210.4739,4459.4767,21.188,21.592
cut,0.20000,0.20414,4,16,shear_diag,2,3,3,free_surface,904,210.4724,4459.3966,21.188,21.592
cut,0.20000,0.20414,4,16,shear_diag,3,3,3,grip,904,291.9991,5135.9755,17.589,24.868
cut,0.20000,0.20414,4,16,shear_diag,0,0,4,cut_layer,524,207.3781,5279.9800,25.461,25.565
cut,0.20000,0.20414,4,16,shear_diag,1,0,4,cut_layer,524,111.2673,3546.1047,31.870,17.170
cut,0.20000,0.20414,4,16,shear_diag,2,0,4,cut_layer,524,111.2696,3546.2622,31.871,17.171
cut,0.20000,0.20414,4,16,shear_diag,3,0,4,cut_layer,524,207.3791,5279.9963,25.461,25.565
cut,0.20000,0.20414,4,16,shear_diag,0,1,4,cut_layer,524,221.5321,5051.9844,22.805,24.461
cut,0.20000,0.20414,4,16,shear_diag,1,1,4,cut_layer,524,96.5879,2994.7754,31.006,14.500
cut,0.20000,0.20414,4,16,shear_diag,2,1,4,cut_layer,524,96.5897,2994.7787,31.005,14.501
cut,0.20000,0.20414,4,16,shear_diag,3,1,4,cut_layer,524,221.5329,5052.0474,22.805,24.462
cut,0.20000,0.20414,4,16,shear_diag,0,2,4,cut_layer,524,221.5320,5051.9776,22.805,24.461
cut,0.20000,0.20414,4,16,shear_diag,1,2,4,cut_layer,524,96.5880,2994.7809,31.006,14.501
cut,0.20000,0.20414,4,16,shear_diag,2,2,4,cut_layer,524,96.5898,2994.7841,31.005,14.501
cut,0.20000,0.20414,4,16,shear_diag,3,2,4,cut_layer,524,221.5328,5052.0405,22.805,24.462
cut,0.20000,0.20414,4,16,shear_diag,0,3,4,cut_layer,524,207.3781,5279.9768,25.461,25.565
cut,0.20000,0.20414,4,16,shear_diag,1,3,4,cut_layer,524,111.2675,3546.1062,31.870,17.170
cut,0.20000,0.20414,4,16,shear_diag,2,3,4,cut_layer,524,111.2698,3546.2637,31.871,17.171
cut,0.20000,0.20414,4,16,shear_diag,3,3,4,cut_layer,524,207.3792,5279.9931,25.461,25.565
cut,0.20000,0.20414,4,16,uni_111,0,0,0,grip,904,308.6971,8410.7790,27.246,50.448
cut,0.20000,0.20414,4,16,uni_111,1,0,0,free_surface,904,124.0351,3371.0762,27.178,20.220
cut,0.20000,0.20414,4,16,uni_111,2,0,0,free_surface,904,49.0400,1350.2449,27.534,8.099
cut,0.20000,0.20414,4,16,uni_111,3,0,0,grip,904,116.4224,3148.1513,27.041,18.883
cut,0.20000,0.20414,4,16,uni_111,0,1,0,grip,904,249.8447,5471.0539,21.898,32.816
cut,0.20000,0.20414,4,16,uni_111,1,1,0,free_surface,904,170.9674,4032.1630,23.584,24.185
cut,0.20000,0.20414,4,16,uni_111,2,1,0,free_surface,904,101.7147,2812.0687,27.647,16.867
cut,0.20000,0.20414,4,16,uni_111,3,1,0,grip,904,101.7012,2978.4010,29.286,17.865
cut,0.20000,0.20414,4,16,uni_111,0,2,0,grip,904,190.5797,4352.5242,22.838,26.107
cut,0.20000,0.20414,4,16,uni_111,1,2,0,free_surface,904,157.4844,3346.7572,21.251,20.074
cut,0.20000,0.20414,4,16,uni_111,2,2,0,free_surface,904,128.0801,3093.8944,24.156,18.557
cut,0.20000,0.20414,4,16,uni_111,3,2,0,grip,904,104.5516,2865.9024,27.411,17.190
cut,0.20000,0.20414,4,16,uni_111,0,3,0,grip,904,110.3687,3071.4027,27.829,18.422
cut,0.20000,0.20414,4,16,uni_111,1,3,0,free_surface,904,113.7299,2528.7707,22.235,15.168
cut,0.20000,0.20414,4,16,uni_111,2,3,0,free_surface,904,113.4550,2523.3606,22.241,15.135
cut,0.20000,0.20414,4,16,uni_111,3,3,0,grip,904,108.3389,3010.8938,27.791,18.060
cut,0.20000,0.20414,4,16,uni_111,0,0,1,grip,904,256.4426,5693.6586,22.202,34.151
cut,0.20000,0.20414,4,16,uni_111,1,0,1,free_surface,904,172.8796,4092.5093,23.673,24.547
cut,0.20000,0.20414,4,16,uni_111,2,0,1,free_surface,904,99.5023,2808.7947,28.228,16.847
cut,0.20000,0.20414,4,16,uni_111,3,0,1,grip,904,101.9915,2983.1912,29.249,17.893
cut,0.20000,0.20414,4,16,uni_111,0,1,1,grip,904,208.4606,4043.0606,19.395,24.251
cut,0.20000,0.20414,4,16,uni_111,1,1,1,interior,904,197.1525,3686.2722,18.698,22.111
cut,0.20000,0.20414,4,16,uni_111,2,1,1,interior,904,149.9369,3234.8388,21.575,19.403
cut,0.20000,0.20414,4,16,uni_111,3,1,1,grip,904,121.1098,2985.1762,24.649,17.905
cut,0.20000,0.20414,4,16,uni_111,0,2,1,grip,904,159.2651,3307.1751,20.765,19.837
cut,0.20000,0.20414,4,16,uni_111,1,2,1,interior,904,176.0855,3524.0319,20.013,21.137
cut,0.20000,0.20414,4,16,uni_111,2,2,1,interior,904,172.6814,3479.8335,20.152,20.872
cut,0.20000,0.20414,4,16,uni_111,3,2,1,grip,904,152.4504,3258.7074,21.376,19.546
cut,0.20000,0.20414,4,16,uni_111,0,3,1,grip,904,106.9635,2860.8038,26.746,17.159
cut,0.20000,0.20414,4,16,uni_111,1,3,1,free_surface,904,130.3043,3121.2265,23.953,18.721
cut,0.20000,0.20414,4,16,uni_111,2,3,1,free_surface,904,156.9378,3313.4250,21.113,19.874
cut,0.20000,0.20414,4,16,uni_111,3,3,1,grip,904,186.7809,4341.0541,23.241,26.038
cut,0.20000,0.20414,4,16,uni_111,0,0,2,grip,904,206.0170,4709.6443,22.860,28.249
cut,0.20000,0.20414,4,16,uni_111,1,0,2,free_surface,904,163.8126,3526.7611,21.529,21.154
cut,0.20000,0.20414,4,16,uni_111,2,0,2,free_surface,904,128.3047,3155.0207,24.590,18.924
cut,0.20000,0.20414,4,16,uni_111,3,0,2,grip,904,106.0793,2902.4231,27.361,17.409
cut,0.20000,0.20414,4,16,uni_111,0,1,2,grip,904,166.3020,3374.6798,20.292,20.242
cut,0.20000,0.20414,4,16,uni_111,1,1,2,interior,904,181.6102,3593.2703,19.786,21.553
cut,0.20000,0.20414,4,16,uni_111,2,1,2,interior,904,174.5379,3567.9701,20.442,21.401
cut,0.20000,0.20414,4,16,uni_111,3,1,2,grip,904,152.7664,3255.6419,21.311,19.528
cut,0.20000,0.20414,4,16,uni_111,0,2,2,grip,904,129.1058,3068.8442,23.770,18.407
cut,0.20000,0.20414,4,16,uni_111,1,2,2,interior,904,158.8040,3391.5117,21.357,20.343
cut,0.20000,0.20414,4,16,uni_111,2,2,2,interior,904,195.7861,3721.2365,19.007,22.320
cut,0.20000,0.20414,4,16,uni_111,3,2,2,grip,904,198.3894,3806.4837,19.187,22.832
cut,0.20000,0.20414,4,16,uni_111,0,3,2,grip,904,100.9462,2962.6852,29.349,17.770
cut,0.20000,0.20414,4,16,uni_111,1,3,2,free_surface,904,109.3496,2960.3945,27.073,17.757
cut,0.20000,0.20414,4,16,uni_111,2,3,2,free_surface,904,173.4181,3970.0531,22.893,23.813
cut,0.20000,0.20414,4,16,uni_111,3,3,2,grip,904,243.8151,5434.4169,22.289,32.596
cut,0.20000,0.20414,4,16,uni_111,0,0,3,grip,904,141.8478,3420.8928,24.117,20.519
cut,0.20000,0.20414,4,16,uni_111,1,0,3,free_surface,904,135.6357,2786.2905,20.542,16.712
cut,0.20000,0.20414,4,16,uni_111,2,0,3,free_surface,904,123.6950,2760.9297,22.320,16.560
cut,0.20000,0.20414,4,16,uni_111,3,0,3,grip,904,115.9744,2783.3887,24.000,16.695
cut,0.20000,0.20414,4,16,uni_111,0,1,3,grip,904,122.7064,3059.2198,24.931,18.349
cut,0.20000,0.20414,4,16,uni_111,1,1,3,interior,904,147.8175,3270.7715,22.127,19.618
cut,0.20000,0.20414,4,16,uni_111,2,1,3,interior,904,168.6983,3242.3542,19.220,19.448
cut,0.20000,0.20414,4,16,uni_111,3,1,3,grip,904,183.5537,3816.8552,20.794,22.894
cut,0.20000,0.20414,4,16,uni_111,0,2,3,grip,904,109.6388,2973.0367,27.117,17.832
cut,0.20000,0.20414,4,16,uni_111,1,2,3,interior,904,120.0705,2993.4097,24.930,17.955
cut,0.20000,0.20414,4,16,uni_111,2,2,3,interior,904,185.9339,3932.4070,21.149,23.587
cut,0.20000,0.20414,4,16,uni_111,3,2,3,grip,904,238.6222,5095.9504,21.356,30.566
cut,0.20000,0.20414,4,16,uni_111,0,3,3,grip,904,114.4221,3063.3006,26.772,18.374
cut,0.20000,0.20414,4,16,uni_111,1,3,3,free_surface,904,64.5683,1775.9338,27.505,10.652
cut,0.20000,0.20414,4,16,uni_111,2,3,3,free_surface,904,144.4485,3831.0787,26.522,22.979
cut,0.20000,0.20414,4,16,uni_111,3,3,3,grip,904,292.3877,6926.6102,23.690,41.546
cut,0.20000,0.20414,4,16,uni_111,0,0,4,cut_layer,524,85.6665,2465.6716,28.782,14.789
cut,0.20000,0.20414,4,16,uni_111,1,0,4,cut_layer,524,64.6903,2132.5437,32.965,12.791
cut,0.20000,0.20414,4,16,uni_111,2,0,4,cut_layer,524,62.5908,1992.0350,31.826,11.948
cut,0.20000,0.20414,4,16,uni_111,3,0,4,cut_layer,524,62.4361,2602.9697,41.690,15.613
cut,0.20000,0.20414,4,16,uni_111,0,1,4,cut_layer,524,91.3446,2991.4116,32.749,17.943
cut,0.20000,0.20414,4,16,uni_111,1,1,4,cut_layer,524,88.3213,2519.7482,28.529,15.114
cut,0.20000,0.20414,4,16,uni_111,2,1,4,cut_layer,524,104.7202,3106.2915,29.663,18.632
cut,0.20000,0.20414,4,16,uni_111,3,1,4,cut_layer,524,125.3517,4537.2147,36.196,27.215
cut,0.20000,0.20414,4,16,uni_111,0,2,4,cut_layer,524,89.9967,3050.4901,33.896,18.297
cut,0.20000,0.20414,4,16,uni_111,1,2,4,cut_layer,524,63.6318,2026.3008,31.844,12.154
cut,0.20000,0.20414,4,16,uni_111,2,2,4,cut_layer,524,116.1416,3725.4778,32.077,22.346
cut,0.20000,0.20414,4,16,uni_111,3,2,4,cut_layer,524,171.5142,5856.2775,34.145,35.126
cut,0.20000,0.20414,4,16,uni_111,0,3,4,cut_layer,524,98.5246,3249.3754,32.980,19.490
cut,0.20000,0.20414,4,16,uni_111,1,3,4,cut_layer,524,25.9493,1267.4986,48.845,7.603
cut,0.20000,0.20414,4,16,uni_111,2,3,4,cut_layer,524,61.4693,2813.5774,45.772,16.876
cut,0.20000,0.20414,4,16,uni_111,3,3,4,cut_layer,524,205.2825,7367.1918,35.888,44.189
cut,0.20000,0.20414,4,16,hydro,0,0,0,grip,904,316.4102,10074.2921,31.839,-1.000
cut,0.20000,0.20414,4,16,hydro,1,0,0,free_surface,904,199.3451,5048.3327,25.325,-1.000
cut,0.20000,0.20414,4,16,hydro,2,0,0,free_surface,904,199.3456,5048.3452,25.325,-1.000
cut,0.20000,0.20414,4,16,hydro,3,0,0,grip,904,316.4085,10074.2731,31.839,-1.000
cut,0.20000,0.20414,4,16,hydro,0,1,0,grip,904,247.8295,6407.8666,25.856,-1.000
cut,0.20000,0.20414,4,16,hydro,1,1,0,free_surface,904,242.7454,5977.1941,24.623,-1.000
cut,0.20000,0.20414,4,16,hydro,2,1,0,free_surface,904,242.7450,5977.1309,24.623,-1.000
cut,0.20000,0.20414,4,16,hydro,3,1,0,grip,904,247.8285,6407.8699,25.856,-1.000
cut,0.20000,0.20414,4,16,hydro,0,2,0,grip,904,247.8297,6407.8685,25.856,-1.000
cut,0.20000,0.20414,4,16,hydro,1,2,0,free_surface,904,242.7455,5977.2091,24.623,-1.000
cut,0.20000,0.20414,4,16,hydro,2,2,0,free_surface,904,242.7451,5977.1458,24.623,-1.000
cut,0.20000,0.20414,4,16,hydro,3,2,0,grip,904,247.8287,6407.8718,25.856,-1.000
cut,0.20000,0.20414,4,16,hydro,0,3,0,grip,904,316.4107,10074.2984,31.839,-1.000
cut,0.20000,0.20414,4,16,hydro,1,3,0,free_surface,904,199.3452,5048.3476,25.325,-1.000
cut,0.20000,0.20414,4,16,hydro,2,3,0,free_surface,904,199.3457,5048.3602,25.325,-1.000
cut,0.20000,0.20414,4,16,hydro,3,3,0,grip,904,316.4090,10074.2794,31.839,-1.000
cut,0.20000,0.20414,4,16,hydro,0,0,1,grip,904,246.8347,6354.0496,25.742,-1.000
cut,0.20000,0.20414,4,16,hydro,1,0,1,free_surface,904,243.3951,6101.8622,25.070,-1.000
cut,0.20000,0.20414,4,16,hydro,2,0,1,free_surface,904,243.3951,6101.8721,25.070,-1.000
cut,0.20000,0.20414,4,16,hydro,3,0,1,grip,904,246.8334,6354.0355,25.742,-1.000
cut,0.20000,0.20414,4,16,hydro,0,1,1,grip,904,140.2304,5285.4381,37.691,-1.000
cut,0.20000,0.20414,4,16,hydro,1,1,1,interior,904,276.5263,6145.0706,22.222,-1.000
cut,0.20000,0.20414,4,16,hydro,2,1,1,interior,904,276.5251,6144.9988,22.222,-1.000
cut,0.20000,0.20414,4,16,hydro,3,1,1,grip,904,140.2310,5285.4326,37.691,-1.000
cut,0.20000,0.20414,4,16,hydro,0,2,1,grip,904,140.2308,5285.4393,37.691,-1.000
cut,0.20000,0.20414,4,16,hydro,1,2,1,interior,904,276.5264,6145.0721,22.222,-1.000
cut,0.20000,0.20414,4,16,hydro,2,2,1,interior,904,276.5252,6145.0003,22.222,-1.000
cut,0.20000,0.20414,4,16,hydro,3,2,1,grip,904,140.2313,5285.4338,37.691,-1.000
cut,0.20000,0.20414,4,16,hydro,0,3,1,grip,904,246.8350,6354.0504,25.742,-1.000
cut,0.20000,0.20414,4,16,hydro,1,3,1,free_surface,904,243.3953,6101.8687,25.070,-1.000
cut,0.20000,0.20414,4,16,hydro,2,3,1,free_surface,904,243.3953,6101.8787,25.070,-1.000
cut,0.20000,0.20414,4,16,hydro,3,3,1,grip,904,246.8337,6354.0363,25.742,-1.000
cut,0.20000,0.20414,4,16,hydro,0,0,2,grip,904,238.5643,6313.9588,26.466,-1.000
cut,0.20000,0.20414,4,16,hydro,1,0,2,free_surface,904,242.6342,5915.7399,24.381,-1.000
cut,0.20000,0.20414,4,16,hydro,2,0,2,free_surface,904,242.6341,5915.6752,24.381,-1.000
cut,0.20000,0.20414,4,16,hydro,3,0,2,grip,904,238.5632,6313.9399,26.467,-1.000
cut,0.20000,0.20414,4,16,hydro,0,1,2,grip,904,124.6720,5288.2098,42.417,-1.000
cut,0.20000,0.20414,4,16,hydro,1,1,2,interior,904,276.5716,6174.7761,22.326,-1.000
cut,0.20000,0.20414,4,16,hydro,2,1,2,interior,904,276.5711,6174.8474,22.326,-1.000
cut,0.20000,0.20414,4,16,hydro,3,1,2,grip,904,124.6711,5288.2063,42.417,-1.000
cut,0.20000,0.20414,4,16,hydro,0,2,2,grip,904,124.6718,5288.2100,42.417,-1.000
cut,0.20000,0.20414,4,16,hydro,1,2,2,interior,904,276.5716,6174.7716,22.326,-1.000
cut,0.20000,0.20414,4,16,hydro,2,2,2,interior,904,276.5711,6174.8430,22.326,-1.000
cut,0.20000,0.20414,4,16,hydro,3,2,2,grip,904,124.6709,5288.2065,42.417,-1.000
cut,0.20000,0.20414,4,16,hydro,0,3,2,grip,904,238.5641,6313.9551,26.466,-1.000
cut,0.20000,0.20414,4,16,hydro,1,3,2,free_surface,904,242.6343,5915.7418,24.381,-1.000
cut,0.20000,0.20414,4,16,hydro,2,3,2,free_surface,904,242.6341,5915.6770,24.381,-1.000
cut,0.20000,0.20414,4,16,hydro,3,3,2,grip,904,238.5631,6313.9362,26.467,-1.000
cut,0.20000,0.20414,4,16,hydro,0,0,3,grip,904,299.4790,7250.5161,24.210,-1.000
cut,0.20000,0.20414,4,16,hydro,1,0,3,free_surface,904,223.6484,5964.0248,26.667,-1.000
cut,0.20000,0.20414,4,16,hydro,2,0,3,free_surface,904,223.6467,5963.8889,26.667,-1.000
cut,0.20000,0.20414,4,16,hydro,3,0,3,grip,904,299.4774,7250.5335,24.211,-1.000
cut,0.20000,0.20414,4,16,hydro,0,1,3,grip,904,230.4319,6860.4361,29.772,-1.000
cut,0.20000,0.20414,4,16,hydro,1,1,3,interior,904,270.2632,6050.3217,22.387,-1.000
cut,0.20000,0.20414,4,16,hydro,2,1,3,interior,904,270.2615,6050.2626,22.387,-1.000
cut,0.20000,0.20414,4,16,hydro,3,1,3,grip,904,230.4294,6860.4200,29.772,-1.000
cut,0.20000,0.20414,4,16,hydro,0,2,3,grip,904,230.4317,6860.4337,29.772,-1.000
cut,0.20000,0.20414,4,16,hydro,1,2,3,interior,904,270.2630,6050.3153,22.387,-1.000
cut,0.20000,0.20414,4,16,hydro,2,2,3,interior,904,270.2613,6050.2562,22.387,-1.000
cut,0.20000,0.20414,4,16,hydro,3,2,3,grip,904,230.4291,6860.4176,29.772,-1.000
cut,0.20000,0.20414,4,16,hydro,0,3,3,grip,904,299.4785,7250.5035,24.210,-1.000
cut,0.20000,0.20414,4,16,hydro,1,3,3,free_surface,904,223.6483,5964.0090,26.667,-1.000
cut,0.20000,0.20414,4,16,hydro,2,3,3,free_surface,904,223.6466,5963.8730,26.667,-1.000
cut,0.20000,0.20414,4,16,hydro,3,3,3,grip,904,299.4769,7250.5209,24.211,-1.000
cut,0.20000,0.20414,4,16,hydro,0,0,4,cut_layer,524,205.2691,8645.2329,42.117,-1.000
cut,0.20000,0.20414,4,16,hydro,1,0,4,cut_layer,524,91.7991,3761.5290,40.976,-1.000
cut,0.20000,0.20414,4,16,hydro,2,0,4,cut_layer,524,91.8011,3761.5427,40.975,-1.000
cut,0.20000,0.20414,4,16,hydro,3,0,4,cut_layer,524,205.2695,8645.3154,42.117,-1.000
cut,0.20000,0.20414,4,16,hydro,0,1,4,cut_layer,524,155.5876,6708.5171,43.117,-1.000
cut,0.20000,0.20414,4,16,hydro,1,1,4,cut_layer,524,136.1738,4858.2203,35.677,-1.000
cut,0.20000,0.20414,4,16,hydro,2,1,4,cut_layer,524,136.1748,4858.2558,35.677,-1.000
cut,0.20000,0.20414,4,16,hydro,3,1,4,cut_layer,524,155.5885,6708.5789,43.117,-1.000
cut,0.20000,0.20414,4,16,hydro,0,2,4,cut_layer,524,155.5874,6708.5059,43.117,-1.000
cut,0.20000,0.20414,4,16,hydro,1,2,4,cut_layer,524,136.1735,4858.2247,35.677,-1.000
cut,0.20000,0.20414,4,16,hydro,2,2,4,cut_layer,524,136.1746,4858.2602,35.677,-1.000
cut,0.20000,0.20414,4,16,hydro,3,2,4,cut_layer,524,155.5884,6708.5677,43.117,-1.000
cut,0.20000,0.20414,4,16,hydro,0,3,4,cut_layer,524,205.2691,8645.2377,42.117,-1.000
cut,0.20000,0.20414,4,16,hydro,1,3,4,cut_layer,524,91.7989,3761.5162,40.976,-1.000
cut,0.20000,0.20414,4,16,hydro,2,3,4,cut_layer,524,91.8010,3761.5299,40.975,-1.000
cut,0.20000,0.20414,4,16,hydro,3,3,4,cut_layer,524,205.2696,8645.3202,42.117,-1.000
cut,0.31300,0.31619,4,16,uni_x,0,0,0,grip,1168,271.0274,4783.8543,17.651,18.922
cut,0.31300,0.31619,4,16,uni_x,1,0,0,free_surface,1168,274.5902,4208.2302,15.325,16.645
cut,0.31300,0.31619,4,16,uni_x,2,0,0,free_surface,1168,274.5932,4208.2729,15.325,16.645
cut,0.31300,0.31619,4,16,uni_x,3,0,0,grip,1168,271.0297,4783.9129,17.651,18.922
cut,0.31300,0.31619,4,16,uni_x,0,1,0,grip,1168,246.0330,4312.3922,17.528,17.057
cut,0.31300,0.31619,4,16,uni_x,1,1,0,free_surface,1168,290.1665,4429.9397,15.267,17.522
cut,0.31300,0.31619,4,16,uni_x,2,1,0,free_surface,1168,290.1687,4429.9417,15.267,17.522
cut,0.31300,0.31619,4,16,uni_x,3,1,0,grip,1168,246.0348,4312.4143,17.528,17.057
cut,0.31300,0.31619,4,16,uni_x,0,2,0,grip,1168,246.0330,4312.3922,17.528,17.057
cut,0.31300,0.31619,4,16,uni_x,1,2,0,free_surface,1168,290.1665,4429.9397,15.267,17.522
cut,0.31300,0.31619,4,16,uni_x,2,2,0,free_surface,1168,290.1687,4429.9417,15.267,17.522
cut,0.31300,0.31619,4,16,uni_x,3,2,0,grip,1168,246.0348,4312.4143,17.528,17.057
cut,0.31300,0.31619,4,16,uni_x,0,3,0,grip,1168,271.0274,4783.8543,17.651,18.922
cut,0.31300,0.31619,4,16,uni_x,1,3,0,free_surface,1168,274.5902,4208.2302,15.325,16.645
cut,0.31300,0.31619,4,16,uni_x,2,3,0,free_surface,1168,274.5932,4208.2729,15.325,16.645
cut,0.31300,0.31619,4,16,uni_x,3,3,0,grip,1168,271.0297,4783.9129,17.651,18.922
cut,0.31300,0.31619,4,16,uni_x,0,0,1,grip,1168,245.8236,4288.8557,17.447,16.964
cut,0.31300,0.31619,4,16,uni_x,1,0,1,free_surface,1168,289.8481,4440.8384,15.321,17.565
cut,0.31300,0.31619,4,16,uni_x,2,0,1,free_surface,1168,289.8478,4440.8555,15.321,17.565
cut,0.31300,0.31619,4,16,uni_x,3,0,1,grip,1168,245.8237,4288.8114,17.447,16.964
cut,0.31300,0.31619,4,16,uni_x,0,1,1,grip,1168,215.5867,3944.4533,18.296,15.602
cut,0.31300,0.31619,4,16,uni_x,1,1,1,interior,1168,302.9499,4508.3209,14.881,17.832
cut,0.31300,0.31619,4,16,uni_x,2,1,1,interior,1168,302.9478,4508.2643,14.881,17.832
cut,0.31300,0.31619,4,16,uni_x,3,1,1,grip,1168,215.5862,3944.4094,18.296,15.601
cut,0.31300,0.31619,4,16,uni_x,0,2,1,grip,1168,215.5867,3944.4533,18.296,15.602
cut,0.31300,0.31619,4,16,uni_x,1,2,1,interior,1168,302.9499,4508.3209,14.881,17.832
cut,0.31300,0.31619,4,16,uni_x,2,2,1,interior,1168,302.9478,4508.2643,14.881,17.832
cut,0.31300,0.31619,4,16,uni_x,3,2,1,grip,1168,215.5862,3944.4094,18.296,15.601
cut,0.31300,0.31619,4,16,uni_x,0,3,1,grip,1168,245.8236,4288.8557,17.447,16.964
cut,0.31300,0.31619,4,16,uni_x,1,3,1,free_surface,1168,289.8481,4440.8384,15.321,17.565
cut,0.31300,0.31619,4,16,uni_x,2,3,1,free_surface,1168,289.8478,4440.8555,15.321,17.565
cut,0.31300,0.31619,4,16,uni_x,3,3,1,grip,1168,245.8237,4288.8114,17.447,16.964
cut,0.31300,0.31619,4,16,uni_x,0,0,2,grip,1168,244.9776,4300.8210,17.556,17.011
cut,0.31300,0.31619,4,16,uni_x,1,0,2,free_surface,1168,289.2188,4438.7390,15.347,17.557
cut,0.31300,0.31619,4,16,uni_x,2,0,2,free_surface,1168,289.2174,4438.7391,15.347,17.557
cut,0.31300,0.31619,4,16,uni_x,3,0,2,grip,1168,244.9763,4300.7868,17.556,17.011
cut,0.31300,0.31619,4,16,uni_x,0,1,2,grip,1168,214.2360,3883.3012,18.126,15.360
cut,0.31300,0.31619,4,16,uni_x,1,1,2,interior,1168,303.9071,4515.6010,14.858,17.861
cut,0.31300,0.31619,4,16,uni_x,2,1,2,interior,1168,303.9039,4515.5444,14.858,17.860
cut,0.31300,0.31619,4,16,uni_x,3,1,2,grip,1168,214.2342,3883.3015,18.126,15.360
cut,0.31300,0.31619,4,16,uni_x,0,2,2,grip,1168,214.2360,3883.3012,18.126,15.360
cut,0.31300,0.31619,4,16,uni_x,1,2,2,interior,1168,303.9071,4515.6010,14.858,17.861
cut,0.31300,0.31619,4,16,uni_x,2,2,2,interior,1168,303.9039,4515.5444,14.858,17.860
cut,0.31300,0.31619,4,16,uni_x,3,2,2,grip,1168,214.2342,3883.3015,18.126,15.360
cut,0.31300,0.31619,4,16,uni_x,0,3,2,grip,1168,244.9776,4300.8210,17.556,17.011
cut,0.31300,0.31619,4,16,uni_x,1,3,2,free_surface,1168,289.2188,4438.7390,15.347,17.557
cut,0.31300,0.31619,4,16,uni_x,2,3,2,free_surface,1168,289.2174,4438.7391,15.347,17.557
cut,0.31300,0.31619,4,16,uni_x,3,3,2,grip,1168,244.9763,4300.7868,17.556,17.011
cut,0.31300,0.31619,4,16,uni_x,0,0,3,grip,1168,261.3898,4633.4959,17.726,18.327
cut,0.31300,0.31619,4,16,uni_x,1,0,3,free_surface,1168,283.0689,4330.2415,15.297,17.127
cut,0.31300,0.31619,4,16,uni_x,2,0,3,free_surface,1168,283.0691,4330.2832,15.298,17.128
cut,0.31300,0.31619,4,16,uni_x,3,0,3,grip,1168,261.3891,4633.5367,17.727,18.327
cut,0.31300,0.31619,4,16,uni_x,0,1,3,grip,1168,230.5634,4242.1369,18.399,16.779
cut,0.31300,0.31619,4,16,uni_x,1,1,3,interior,1168,300.8378,4463.9191,14.838,17.656
cut,0.31300,0.31619,4,16,uni_x,2,1,3,interior,1168,300.8379,4463.8833,14.838,17.656
cut,0.31300,0.31619,4,16,uni_x,3,1,3,grip,1168,230.5628,4242.0736,18.399,16.779
cut,0.31300,0.31619,4,16,uni_x,0,2,3,grip,1168,230.5634,4242.1369,18.399,16.779
cut,0.31300,0.31619,4,16,uni_x,1,2,3,interior,1168,300.8378,4463.9191,14.838,17.656
cut,0.31300,0.31619,4,16,uni_x,2,2,3,interior,1168,300.8379,4463.8833,14.838,17.656
cut,0.31300,0.31619,4,16,uni_x,3,2,3,grip,1168,230.5628,4242.0736,18.399,16.779
cut,0.31300,0.31619,4,16,uni_x,0,3,3,grip,1168,261.3898,4633.4959,17.726,18.327
cut,0.31300,0.31619,4,16,uni_x,1,3,3,free_surface,1168,283.0689,4330.2415,15.297,17.127
cut,0.31300,0.31619,4,16,uni_x,2,3,3,free_surface,1168,283.0691,4330.2832,15.298,17.128
cut,0.31300,0.31619,4,16,uni_x,3,3,3,grip,1168,261.3891,4633.5367,17.727,18.327
cut,0.31300,0.31619,4,16,uni_x,0,0,4,cut_layer,680,183.8730,4733.9696,25.746,18.724
cut,0.31300,0.31619,4,16,uni_x,1,0,4,cut_layer,680,154.4571,3935.9660,25.483,15.568
cut,0.31300,0.31619,4,16,uni_x,2,0,4,cut_layer,680,154.4567,3935.9794,25.483,15.568
cut,0.31300,0.31619,4,16,uni_x,3,0,4,cut_layer,680,183.8753,4734.0020,25.746,18.725
cut,0.31300,0.31619,4,16,uni_x,0,1,4,cut_layer,680,164.6822,4213.1625,25.584,16.664
cut,0.31300,0.31619,4,16,uni_x,1,1,4,cut_layer,680,171.4437,4222.7240,24.630,16.702
cut,0.31300,0.31619,4,16,uni_x,2,1,4,cut_layer,680,171.4442,4222.7617,24.631,16.702
cut,0.31300,0.31619,4,16,uni_x,3,1,4,cut_layer,680,164.6836,4213.1703,25.583,16.664
cut,0.31300,0.31619,4,16,uni_x,0,2,4,cut_layer,680,164.6822,4213.1625,25.584,16.664
cut,0.31300,0.31619,4,16,uni_x,1,2,4,cut_layer,680,171.4437,4222.7240,24.630,16.702
cut,0.31300,0.31619,4,16,uni_x,2,2,4,cut_layer,680,171.4442,4222.7617,24.631,16.702
cut,0.31300,0.31619,4,16,uni_x,3,2,4,cut_layer,680,164.6836,4213.1703,25.583,16.664
cut,0.31300,0.31619,4,16,uni_x,0,3,4,cut_layer,680,183.8730,4733.9696,25.746,18.724
cut,0.31300,0.31619,4,16,uni_x,1,3,4,cut_layer,680,154.4571,3935.9660,25.483,15.568
cut,0.31300,0.31619,4,16,uni_x,2,3,4,cut_layer,680,154.4567,3935.9794,25.483,15.568
cut,0.31300,0.31619,4,16,uni_x,3,3,4,cut_layer,680,183.8753,4734.0020,25.746,18.725
cut,0.31300,0.31619,4,16,uni_z,0,0,0,grip,1168,278.9972,5217.1634,18.700,20.636
cut,0.31300,0.31619,4,16,uni_z,1,0,0,free_surface,1168,37.0868,1025.6055,27.654,4.057
cut,0.31300,0.31619,4,16,uni_z,2,0,0,free_surface,1168,37.0868,1025.6055,27.654,4.057
cut,0.31300,0.31619,4,16,uni_z,3,0,0,grip,1168,278.9972,5217.1634,18.700,20.636
cut,0.31300,0.31619,4,16,uni_z,0,1,0,grip,1168,274.8153,4876.5922,17.745,19.288
cut,0.31300,0.31619,4,16,uni_z,1,1,0,free_surface,1168,37.3314,877.8679,23.516,3.472
cut,0.31300,0.31619,4,16,uni_z,2,1,0,free_surface,1168,37.3314,877.8679,23.516,3.472
cut,0.31300,0.31619,4,16,uni_z,3,1,0,grip,1168,274.8153,4876.5922,17.745,19.288
cut,0.31300,0.31619,4,16,uni_z,0,2,0,grip,1168,274.8153,4876.5922,17.745,19.288
cut,0.31300,0.31619,4,16,uni_z,1,2,0,free_surface,1168,37.3314,877.8679,23.516,3.472
cut,0.31300,0.31619,4,16,uni_z,2,2,0,free_surface,1168,37.3314,877.8679,23.516,3.472
cut,0.31300,0.31619,4,16,uni_z,3,2,0,grip,1168,274.8153,4876.5922,17.745,19.288
cut,0.31300,0.31619,4,16,uni_z,0,3,0,grip,1168,278.9972,5217.1634,18.700,20.636
cut,0.31300,0.31619,4,16,uni_z,1,3,0,free_surface,1168,37.0868,1025.6055,27.654,4.057
cut,0.31300,0.31619,4,16,uni_z,2,3,0,free_surface,1168,37.0868,1025.6055,27.654,4.057
cut,0.31300,0.31619,4,16,uni_z,3,3,0,grip,1168,278.9972,5217.1634,18.700,20.636
cut,0.31300,0.31619,4,16,uni_z,0,0,1,grip,1168,267.6308,4196.6815,15.681,16.599
cut,0.31300,0.31619,4,16,uni_z,1,0,1,free_surface,1168,73.1901,1599.7820,21.858,6.328
cut,0.31300,0.31619,4,16,uni_z,2,0,1,free_surface,1168,73.1901,1599.7820,21.858,6.328
cut,0.31300,0.31619,4,16,uni_z,3,0,1,grip,1168,267.6308,4196.6815,15.681,16.599
cut,0.31300,0.31619,4,16,uni_z,0,1,1,grip,1168,266.3045,4201.0962,15.776,16.617
cut,0.31300,0.31619,4,16,uni_z,1,1,1,interior,1168,73.2636,1611.5228,21.996,6.374
cut,0.31300,0.31619,4,16,uni_z,2,1,1,interior,1168,73.2636,1611.5228,21.996,6.374
cut,0.31300,0.31619,4,16,uni_z,3,1,1,grip,1168,266.3045,4201.0962,15.776,16.617
cut,0.31300,0.31619,4,16,uni_z,0,2,1,grip,1168,266.3045,4201.0962,15.776,16.617
cut,0.31300,0.31619,4,16,uni_z,1,2,1,interior,1168,73.2636,1611.5228,21.996,6.374
cut,0.31300,0.31619,4,16,uni_z,2,2,1,interior,1168,73.2636,1611.5228,21.996,6.374
cut,0.31300,0.31619,4,16,uni_z,3,2,1,grip,1168,266.3045,4201.0962,15.776,16.617
cut,0.31300,0.31619,4,16,uni_z,0,3,1,grip,1168,267.6308,4196.6815,15.681,16.599
cut,0.31300,0.31619,4,16,uni_z,1,3,1,free_surface,1168,73.1901,1599.7820,21.858,6.328
cut,0.31300,0.31619,4,16,uni_z,2,3,1,free_surface,1168,73.1901,1599.7820,21.858,6.328
cut,0.31300,0.31619,4,16,uni_z,3,3,1,grip,1168,267.6308,4196.6815,15.681,16.599
cut,0.31300,0.31619,4,16,uni_z,0,0,2,grip,1168,260.1159,4004.0346,15.393,15.837
cut,0.31300,0.31619,4,16,uni_z,1,0,2,free_surface,1168,72.0567,1594.2009,22.124,6.306
cut,0.31300,0.31619,4,16,uni_z,2,0,2,free_surface,1168,72.0567,1594.2009,22.124,6.306
cut,0.31300,0.31619,4,16,uni_z,3,0,2,grip,1168,260.1159,4004.0346,15.393,15.837
cut,0.31300,0.31619,4,16,uni_z,0,1,2,grip,1168,259.7803,3996.4886,15.384,15.807
cut,0.31300,0.31619,4,16,uni_z,1,1,2,interior,1168,72.9284,1619.3014,22.204,6.405
cut,0.31300,0.31619,4,16,uni_z,2,1,2,interior,1168,72.9284,1619.3014,22.204,6.405
cut,0.31300,0.31619,4,16,uni_z,3,1,2,grip,1168,259.7803,3996.4886,15.384,15.807
cut,0.31300,0.31619,4,16,uni_z,0,2,2,grip,1168,259.7803,3996.4886,15.384,15.807
cut,0.31300,0.31619,4,16,uni_z,1,2,2,interior,1168,72.9284,1619.3014,22.204,6.405
cut,0.31300,0.31619,4,16,uni_z,2,2,2,interior,1168,72.9284,1619.3014,22.204,6.405
cut,0.31300,0.31619,4,16,uni_z,3,2,2,grip,1168,259.7803,3996.4886,15.384,15.807
cut,0.31300,0.31619,4,16,uni_z,0,3,2,grip,1168,260.1159,4004.0346,15.393,15.837
cut,0.31300,0.31619,4,16,uni_z,1,3,2,free_surface,1168,72.0567,1594.2009,22.124,6.306
cut,0.31300,0.31619,4,16,uni_z,2,3,2,free_surface,1168,72.0567,1594.2009,22.124,6.306
cut,0.31300,0.31619,4,16,uni_z,3,3,2,grip,1168,260.1159,4004.0346,15.393,15.837
cut,0.31300,0.31619,4,16,uni_z,0,0,3,grip,1168,295.9025,5314.9128,17.962,21.022
cut,0.31300,0.31619,4,16,uni_z,1,0,3,free_surface,1168,53.5453,1139.0595,21.273,4.505
cut,0.31300,0.31619,4,16,uni_z,2,0,3,free_surface,1168,53.5453,1139.0595,21.273,4.505
cut,0.31300,0.31619,4,16,uni_z,3,0,3,grip,1168,295.9025,5314.9128,17.962,21.022
cut,0.31300,0.31619,4,16,uni_z,0,1,3,grip,1168,291.2966,4933.5583,16.937,19.514
cut,0.31300,0.31619,4,16,uni_z,1,1,3,interior,1168,54.2714,1167.5507,21.513,4.618
cut,0.31300,0.31619,4,16,uni_z,2,1,3,interior,1168,54.2714,1167.5507,21.513,4.618
cut,0.31300,0.31619,4,16,uni_z,3,1,3,grip,1168,291.2966,4933.5583,16.937,19.514
cut,0.31300,0.31619,4,16,uni_z,0,2,3,grip,1168,291.2966,4933.5583,16.937,19.514
cut,0.31300,0.31619,4,16,uni_z,1,2,3,interior,1168,54.2714,1167.5507,21.513,4.618
cut,0.31300,0.31619,4,16,uni_z,2,2,3,interior,1168,54.2714,1167.5507,21.513,4.618
cut,0.31300,0.31619,4,16,uni_z,3,2,3,grip,1168,291.2966,4933.5583,16.937,19.514
cut,0.31300,0.31619,4,16,uni_z,0,3,3,grip,1168,295.9025,5314.9128,17.962,21.022
cut,0.31300,0.31619,4,16,uni_z,1,3,3,free_surface,1168,53.5453,1139.0595,21.273,4.505
cut,0.31300,0.31619,4,16,uni_z,2,3,3,free_surface,1168,53.5453,1139.0595,21.273,4.505
cut,0.31300,0.31619,4,16,uni_z,3,3,3,grip,1168,295.9025,5314.9128,17.962,21.022
cut,0.31300,0.31619,4,16,uni_z,0,0,4,cut_layer,680,142.4998,4728.8492,33.185,18.704
cut,0.31300,0.31619,4,16,uni_z,1,0,4,cut_layer,680,33.8669,946.9541,27.961,3.746
cut,0.31300,0.31619,4,16,uni_z,2,0,4,cut_layer,680,33.8669,946.9541,27.961,3.746
cut,0.31300,0.31619,4,16,uni_z,3,0,4,cut_layer,680,142.4998,4728.8492,33.185,18.704
cut,0.31300,0.31619,4,16,uni_z,0,1,4,cut_layer,680,142.0784,4714.6501,33.183,18.648
cut,0.31300,0.31619,4,16,uni_z,1,1,4,cut_layer,680,32.1772,877.9449,27.285,3.473
cut,0.31300,0.31619,4,16,uni_z,2,1,4,cut_layer,680,32.1772,877.9449,27.285,3.473
cut,0.31300,0.31619,4,16,uni_z,3,1,4,cut_layer,680,142.0784,4714.6501,33.183,18.648
cut,0.31300,0.31619,4,16,uni_z,0,2,4,cut_layer,680,142.0784,4714.6501,33.183,18.648
cut,0.31300,0.31619,4,16,uni_z,1,2,4,cut_layer,680,32.1772,877.9449,27.285,3.473
cut,0.31300,0.31619,4,16,uni_z,2,2,4,cut_layer,680,32.1772,877.9449,27.285,3.473
cut,0.31300,0.31619,4,16,uni_z,3,2,4,cut_layer,680,142.0784,4714.6501,33.183,18.648
cut,0.31300,0.31619,4,16,uni_z,0,3,4,cut_layer,680,142.4998,4728.8492,33.185,18.704
cut,0.31300,0.31619,4,16,uni_z,1,3,4,cut_layer,680,33.8669,946.9541,27.961,3.746
cut,0.31300,0.31619,4,16,uni_z,2,3,4,cut_layer,680,33.8669,946.9541,27.961,3.746
cut,0.31300,0.31619,4,16,uni_z,3,3,4,cut_layer,680,142.4998,4728.8492,33.185,18.704
cut,0.31300,0.31619,4,16,biax_xy,0,0,0,grip,1168,377.3246,7905.6591,20.952,31.269
cut,0.31300,0.31619,4,16,biax_xy,1,0,0,free_surface,1168,273.1531,4812.4767,17.618,19.035
cut,0.31300,0.31619,4,16,biax_xy,2,0,0,free_surface,1168,273.1558,4812.5190,17.618,19.035
cut,0.31300,0.31619,4,16,biax_xy,3,0,0,grip,1168,377.3265,7905.7054,20.952,31.270
cut,0.31300,0.31619,4,16,biax_xy,0,1,0,grip,1168,281.4424,5278.2464,18.754,20.877
cut,0.31300,0.31619,4,16,biax_xy,1,1,0,free_surface,1168,334.8656,5752.0418,17.177,22.751
cut,0.31300,0.31619,4,16,biax_xy,2,1,0,free_surface,1168,334.8675,5752.0423,17.177,22.751
cut,0.31300,0.31619,4,16,biax_xy,3,1,0,grip,1168,281.4421,5278.2662,18.754,20.877
cut,0.31300,0.31619,4,16,biax_xy,0,2,0,grip,1168,281.4422,5278.2507,18.754,20.877
cut,0.31300,0.31619,4,16,biax_xy,1,2,0,free_surface,1168,334.8654,5752.0341,17.177,22.751
cut,0.31300,0.31619,4,16,biax_xy,2,2,0,free_surface,1168,334.8673,5752.0347,17.177,22.751
cut,0.31300,0.31619,4,16,biax_xy,3,2,0,grip,1168,281.4419,5278.2705,18.754,20.877
cut,0.31300,0.31619,4,16,biax_xy,0,3,0,grip,1168,377.3249,7905.6641,20.952,31.269
cut,0.31300,0.31619,4,16,biax_xy,1,3,0,free_surface,1168,273.1532,4812.4786,17.618,19.035
cut,0.31300,0.31619,4,16,biax_xy,2,3,0,free_surface,1168,273.1559,4812.5209,17.618,19.035
cut,0.31300,0.31619,4,16,biax_xy,3,3,0,grip,1168,377.3267,7905.7104,20.952,31.270
cut,0.31300,0.31619,4,16,biax_xy,0,0,1,grip,1168,347.8955,6743.2620,19.383,26.672
cut,0.31300,0.31619,4,16,biax_xy,1,0,1,free_surface,1168,292.4960,5121.6094,17.510,20.258
cut,0.31300,0.31619,4,16,biax_xy,2,0,1,free_surface,1168,292.4954,5121.5755,17.510,20.257
cut,0.31300,0.31619,4,16,biax_xy,3,0,1,grip,1168,347.8952,6743.2512,19.383,26.672
cut,0.31300,0.31619,4,16,biax_xy,0,1,1,grip,1168,236.8971,5162.2725,21.791,20.418
cut,0.31300,0.31619,4,16,biax_xy,1,1,1,interior,1168,345.9437,5843.5624,16.892,23.113
cut,0.31300,0.31619,4,16,biax_xy,2,1,1,interior,1168,345.9414,5843.5011,16.892,23.113
cut,0.31300,0.31619,4,16,biax_xy,3,1,1,grip,1168,236.8955,5162.2751,21.791,20.418
cut,0.31300,0.31619,4,16,biax_xy,0,2,1,grip,1168,236.8972,5162.2749,21.791,20.418
cut,0.31300,0.31619,4,16,biax_xy,1,2,1,interior,1168,345.9438,5843.5607,16.892,23.113
cut,0.31300,0.31619,4,16,biax_xy,2,2,1,interior,1168,345.9414,5843.4994,16.892,23.113
cut,0.31300,0.31619,4,16,biax_xy,3,2,1,grip,1168,236.8956,5162.2774,21.791,20.418
cut,0.31300,0.31619,4,16,biax_xy,0,3,1,grip,1168,347.8956,6743.2610,19.383,26.672
cut,0.31300,0.31619,4,16,biax_xy,1,3,1,free_surface,1168,292.4964,5121.6188,17.510,20.258
cut,0.31300,0.31619,4,16,biax_xy,2,3,1,free_surface,1168,292.4958,5121.5849,17.510,20.258
cut,0.31300,0.31619,4,16,biax_xy,3,3,1,grip,1168,347.8954,6743.2502,19.383,26.672
cut,0.31300,0.31619,4,16,biax_xy,0,0,2,grip,1168,346.7606,6672.2660,19.242,26.391
cut,0.31300,0.31619,4,16,biax_xy,1,0,2,free_surface,1168,292.3147,5120.5564,17.517,20.253
cut,0.31300,0.31619,4,16,biax_xy,2,0,2,free_surface,1168,292.3131,5120.5504,17.517,20.253
cut,0.31300,0.31619,4,16,biax_xy,3,0,2,grip,1168,346.7592,6672.1911,19.242,26.391
cut,0.31300,0.31619,4,16,biax_xy,0,1,2,grip,1168,233.6747,5153.0664,22.052,20.382
cut,0.31300,0.31619,4,16,biax_xy,1,1,2,interior,1168,346.2457,5853.6363,16.906,23.153
cut,0.31300,0.31619,4,16,biax_xy,2,1,2,interior,1168,346.2424,5853.5905,16.906,23.153
cut,0.31300,0.31619,4,16,biax_xy,3,1,2,grip,1168,233.6734,5153.0718,22.052,20.382
cut,0.31300,0.31619,4,16,biax_xy,0,2,2,grip,1168,233.6748,5153.0668,22.052,20.382
cut,0.31300,0.31619,4,16,biax_xy,1,2,2,interior,1168,346.2456,5853.6319,16.906,23.153
cut,0.31300,0.31619,4,16,biax_xy,2,2,2,interior,1168,346.2422,5853.5861,16.906,23.153
cut,0.31300,0.31619,4,16,biax_xy,3,2,2,grip,1168,233.6735,5153.0722,22.052,20.382
cut,0.31300,0.31619,4,16,biax_xy,0,3,2,grip,1168,346.7606,6672.2590,19.242,26.391
cut,0.31300,0.31619,4,16,biax_xy,1,3,2,free_surface,1168,292.3148,5120.5539,17.517,20.253
cut,0.31300,0.31619,4,16,biax_xy,2,3,2,free_surface,1168,292.3132,5120.5478,17.517,20.253
cut,0.31300,0.31619,4,16,biax_xy,3,3,2,grip,1168,346.7592,6672.1840,19.242,26.391
cut,0.31300,0.31619,4,16,biax_xy,0,0,3,grip,1168,363.0249,6970.6482,19.202,27.571
cut,0.31300,0.31619,4,16,biax_xy,1,0,3,free_surface,1168,282.9431,5053.5816,17.861,19.989
cut,0.31300,0.31619,4,16,biax_xy,2,0,3,free_surface,1168,282.9431,5053.5926,17.861,19.989
cut,0.31300,0.31619,4,16,biax_xy,3,0,3,grip,1168,363.0244,6970.6111,19.201,27.571
cut,0.31300,0.31619,4,16,biax_xy,0,1,3,grip,1168,260.6750,5197.7606,19.940,20.559
cut,0.31300,0.31619,4,16,biax_xy,1,1,3,interior,1168,349.7796,5820.1806,16.640,23.021
cut,0.31300,0.31619,4,16,biax_xy,2,1,3,interior,1168,349.7796,5820.1457,16.639,23.021
cut,0.31300,0.31619,4,16,biax_xy,3,1,3,grip,1168,260.6736,5197.7641,19.940,20.559
cut,0.31300,0.31619,4,16,biax_xy,0,2,3,grip,1168,260.6751,5197.7614,19.940,20.559
cut,0.31300,0.31619,4,16,biax_xy,1,2,3,interior,1168,349.7795,5820.1774,16.640,23.021
cut,0.31300,0.31619,4,16,biax_xy,2,2,3,interior,1168,349.7795,5820.1425,16.639,23.021
cut,0.31300,0.31619,4,16,biax_xy,3,2,3,grip,1168,260.6737,5197.7649,19.940,20.559
cut,0.31300,0.31619,4,16,biax_xy,0,3,3,grip,1168,363.0249,6970.6516,19.202,27.571
cut,0.31300,0.31619,4,16,biax_xy,1,3,3,free_surface,1168,282.9430,5053.5747,17.861,19.989
cut,0.31300,0.31619,4,16,biax_xy,2,3,3,free_surface,1168,282.9430,5053.5857,17.861,19.989
cut,0.31300,0.31619,4,16,biax_xy,3,3,3,grip,1168,363.0244,6970.6146,19.202,27.571
cut,0.31300,0.31619,4,16,biax_xy,0,0,4,cut_layer,680,311.0120,7566.4330,24.328,29.928
cut,0.31300,0.31619,4,16,biax_xy,1,0,4,cut_layer,680,158.0549,4534.5553,28.690,17.936
cut,0.31300,0.31619,4,16,biax_xy,2,0,4,cut_layer,680,158.0541,4534.5679,28.690,17.936
cut,0.31300,0.31619,4,16,biax_xy,3,0,4,cut_layer,680,311.0140,7566.4318,24.328,29.928
cut,0.31300,0.31619,4,16,biax_xy,0,1,4,cut_layer,680,244.9736,5768.4101,23.547,22.816
cut,0.31300,0.31619,4,16,biax_xy,1,1,4,cut_layer,680,218.1865,5586.7576,25.605,22.097
cut,0.31300,0.31619,4,16,biax_xy,2,1,4,cut_layer,680,218.1867,5586.7949,25.606,22.098
cut,0.31300,0.31619,4,16,biax_xy,3,1,4,cut_layer,680,244.9745,5768.4244,23.547,22.816
cut,0.31300,0.31619,4,16,biax_xy,0,2,4,cut_layer,680,244.9734,5768.4139,23.547,22.816
cut,0.31300,0.31619,4,16,biax_xy,1,2,4,cut_layer,680,218.1865,5586.7530,25.605,22.097
cut,0.31300,0.31619,4,16,biax_xy,2,2,4,cut_layer,680,218.1867,5586.7903,25.606,22.098
cut,0.31300,0.31619,4,16,biax_xy,3,2,4,cut_layer,680,244.9743,5768.4282,23.547,22.816
cut,0.31300,0.31619,4,16,biax_xy,0,3,4,cut_layer,680,311.0118,7566.4442,24.328,29.928
cut,0.31300,0.31619,4,16,biax_xy,1,3,4,cut_layer,680,158.0551,4534.5604,28.690,17.936
cut,0.31300,0.31619,4,16,biax_xy,2,3,4,cut_layer,680,158.0544,4534.5730,28.690,17.936
cut,0.31300,0.31619,4,16,biax_xy,3,3,4,cut_layer,680,311.0138,7566.4430,24.328,29.928
cut,0.31300,0.31619,4,16,shear_xy,0,0,0,grip,1168,174.2479,3398.3703,19.503,13.257
cut,0.31300,0.31619,4,16,shear_xy,1,0,0,free_surface,1168,114.4562,1852.4731,16.185,7.226
cut,0.31300,0.31619,4,16,shear_xy,2,0,0,free_surface,1168,114.4556,1852.4604,16.185,7.226
cut,0.31300,0.31619,4,16,shear_xy,3,0,0,grip,1168,174.2483,3398.3663,19.503,13.257
cut,0.31300,0.31619,4,16,shear_xy,0,1,0,grip,1168,176.7354,2581.2873,14.605,10.069
cut,0.31300,0.31619,4,16,shear_xy,1,1,0,free_surface,1168,210.8447,3135.5056,14.871,12.231
cut,0.31300,0.31619,4,16,shear_xy,2,1,0,free_surface,1168,210.8441,3135.4992,14.871,12.231
cut,0.31300,0.31619,4,16,shear_xy,3,1,0,grip,1168,176.7355,2581.2845,14.605,10.069
cut,0.31300,0.31619,4,16,shear_xy,0,2,0,grip,1168,176.7353,2581.2847,14.605,10.069
cut,0.31300,0.31619,4,16,shear_xy,1,2,0,free_surface,1168,210.8453,3135.5140,14.871,12.232
cut,0.31300,0.31619,4,16,shear_xy,2,2,0,free_surface,1168,210.8448,3135.5075,14.871,12.231
cut,0.31300,0.31619,4,16,shear_xy,3,2,0,grip,1168,176.7354,2581.2820,14.605,10.069
cut,0.31300,0.31619,4,16,shear_xy,0,3,0,grip,1168,174.2473,3398.3662,19.503,13.257
cut,0.31300,0.31619,4,16,shear_xy,1,3,0,free_surface,1168,114.4565,1852.4556,16.185,7.226
cut,0.31300,0.31619,4,16,shear_xy,2,3,0,free_surface,1168,114.4559,1852.4428,16.185,7.226
cut,0.31300,0.31619,4,16,shear_xy,3,3,0,grip,1168,174.2476,3398.3622,19.503,13.257
cut,0.31300,0.31619,4,16,shear_xy,0,0,1,grip,1168,176.6427,3405.7254,19.280,13.286
cut,0.31300,0.31619,4,16,shear_xy,1,0,1,free_surface,1168,111.8283,1854.2380,16.581,7.233
cut,0.31300,0.31619,4,16,shear_xy,2,0,1,free_surface,1168,111.8285,1854.2543,16.581,7.233
cut,0.31300,0.31619,4,16,shear_xy,3,0,1,grip,1168,176.6427,3405.7174,19.280,13.286
cut,0.31300,0.31619,4,16,shear_xy,0,1,1,grip,1168,180.4825,2630.8168,14.577,10.263
cut,0.31300,0.31619,4,16,shear_xy,1,1,1,interior,1168,209.0935,3078.8670,14.725,12.011
cut,0.31300,0.31619,4,16,shear_xy,2,1,1,interior,1168,209.0935,3078.8720,14.725,12.011
cut,0.31300,0.31619,4,16,shear_xy,3,1,1,grip,1168,180.4824,2630.8185,14.577,10.263
cut,0.31300,0.31619,4,16,shear_xy,0,2,1,grip,1168,180.4829,2630.8129,14.577,10.263
cut,0.31300,0.31619,4,16,shear_xy,1,2,1,interior,1168,209.0938,3078.8739,14.725,12.011
cut,0.31300,0.31619,4,16,shear_xy,2,2,1,interior,1168,209.0938,3078.8789,14.725,12.011
cut,0.31300,0.31619,4,16,shear_xy,3,2,1,grip,1168,180.4827,2630.8147,14.577,10.263
cut,0.31300,0.31619,4,16,shear_xy,0,3,1,grip,1168,176.6430,3405.7187,19.280,13.286
cut,0.31300,0.31619,4,16,shear_xy,1,3,1,free_surface,1168,111.8290,1854.2293,16.581,7.233
cut,0.31300,0.31619,4,16,shear_xy,2,3,1,free_surface,1168,111.8292,1854.2456,16.581,7.233
cut,0.31300,0.31619,4,16,shear_xy,3,3,1,grip,1168,176.6431,3405.7107,19.280,13.286
cut,0.31300,0.31619,4,16,shear_xy,0,0,2,grip,1168,176.9753,3438.1382,19.427,13.412
cut,0.31300,0.31619,4,16,shear_xy,1,0,2,free_surface,1168,111.5199,1857.8467,16.659,7.247
cut,0.31300,0.31619,4,16,shear_xy,2,0,2,free_surface,1168,111.5201,1857.8524,16.659,7.247
cut,0.31300,0.31619,4,16,shear_xy,3,0,2,grip,1168,176.9752,3438.1402,19.427,13.412
cut,0.31300,0.31619,4,16,shear_xy,0,1,2,grip,1168,179.8805,2607.9525,14.498,10.174
cut,0.31300,0.31619,4,16,shear_xy,1,1,2,interior,1168,208.3458,3074.1210,14.755,11.992
cut,0.31300,0.31619,4,16,shear_xy,2,1,2,interior,1168,208.3459,3074.1239,14.755,11.992
cut,0.31300,0.31619,4,16,shear_xy,3,1,2,grip,1168,179.8802,2607.9490,14.498,10.173
cut,0.31300,0.31619,4,16,shear_xy,0,2,2,grip,1168,179.8808,2607.9452,14.498,10.173
cut,0.31300,0.31619,4,16,shear_xy,1,2,2,interior,1168,208.3460,3074.1265,14.755,11.992
cut,0.31300,0.31619,4,16,shear_xy,2,2,2,interior,1168,208.3461,3074.1294,14.755,11.992
cut,0.31300,0.31619,4,16,shear_xy,3,2,2,grip,1168,179.8804,2607.9417,14.498,10.173
cut,0.31300,0.31619,4,16,shear_xy,0,3,2,grip,1168,176.9757,3438.1244,19.427,13.412
cut,0.31300,0.31619,4,16,shear_xy,1,3,2,free_surface,1168,111.5209,1857.8775,16.659,7.247
cut,0.31300,0.31619,4,16,shear_xy,2,3,2,free_surface,1168,111.5211,1857.8831,16.659,7.248
cut,0.31300,0.31619,4,16,shear_xy,3,3,2,grip,1168,176.9756,3438.1264,19.427,13.412
cut,0.31300,0.31619,4,16,shear_xy,0,0,3,grip,1168,178.7543,3518.4985,19.683,13.726
cut,0.31300,0.31619,4,16,shear_xy,1,0,3,free_surface,1168,112.4252,1839.3309,16.360,7.175
cut,0.31300,0.31619,4,16,shear_xy,2,0,3,free_surface,1168,112.4248,1839.3329,16.361,7.175
cut,0.31300,0.31619,4,16,shear_xy,3,0,3,grip,1168,178.7546,3518.5147,19.683,13.726
cut,0.31300,0.31619,4,16,shear_xy,0,1,3,grip,1168,176.3285,2577.2397,14.616,10.054
cut,0.31300,0.31619,4,16,shear_xy,1,1,3,interior,1168,208.5374,3075.9619,14.750,11.999
cut,0.31300,0.31619,4,16,shear_xy,2,1,3,interior,1168,208.5372,3075.9621,14.750,11.999
cut,0.31300,0.31619,4,16,shear_xy,3,1,3,grip,1168,176.3285,2577.2426,14.616,10.054
cut,0.31300,0.31619,4,16,shear_xy,0,2,3,grip,1168,176.3282,2577.2413,14.616,10.054
cut,0.31300,0.31619,4,16,shear_xy,1,2,3,interior,1168,208.5371,3075.9559,14.750,11.999
cut,0.31300,0.31619,4,16,shear_xy,2,2,3,interior,1168,208.5369,3075.9561,14.750,11.999
cut,0.31300,0.31619,4,16,shear_xy,3,2,3,grip,1168,176.3282,2577.2442,14.616,10.054
cut,0.31300,0.31619,4,16,shear_xy,0,3,3,grip,1168,178.7536,3518.4646,19.683,13.725
cut,0.31300,0.31619,4,16,shear_xy,1,3,3,free_surface,1168,112.4259,1839.3632,16.361,7.175
cut,0.31300,0.31619,4,16,shear_xy,2,3,3,free_surface,1168,112.4254,1839.3652,16.361,7.175
cut,0.31300,0.31619,4,16,shear_xy,3,3,3,grip,1168,178.7539,3518.4808,19.683,13.725
cut,0.31300,0.31619,4,16,shear_xy,0,0,4,cut_layer,680,130.7184,3474.6825,26.581,13.555
cut,0.31300,0.31619,4,16,shear_xy,1,0,4,cut_layer,680,86.1064,1724.9333,20.033,6.729
cut,0.31300,0.31619,4,16,shear_xy,2,0,4,cut_layer,680,86.1060,1724.9348,20.033,6.729
cut,0.31300,0.31619,4,16,shear_xy,3,0,4,cut_layer,680,130.7186,3474.6869,26.581,13.555
cut,0.31300,0.31619,4,16,shear_xy,0,1,4,cut_layer,680,137.0155,2446.9815,17.859,9.546
cut,0.31300,0.31619,4,16,shear_xy,1,1,4,cut_layer,680,169.7193,3137.9486,18.489,12.241
cut,0.31300,0.31619,4,16,shear_xy,2,1,4,cut_layer,680,169.7193,3137.9454,18.489,12.241
cut,0.31300,0.31619,4,16,shear_xy,3,1,4,cut_layer,680,137.0158,2446.9967,17.859,9.546
cut,0.31300,0.31619,4,16,shear_xy,0,2,4,cut_layer,680,137.0151,2446.9706,17.859,9.546
cut,0.31300,0.31619,4,16,shear_xy,1,2,4,cut_layer,680,169.7188,3137.9366,18.489,12.241
cut,0.31300,0.31619,4,16,shear_xy,2,2,4,cut_layer,680,169.7187,3137.9335,18.489,12.241
cut,0.31300,0.31619,4,16,shear_xy,3,2,4,cut_layer,680,137.0154,2446.9858,17.859,9.546
cut,0.31300,0.31619,4,16,shear_xy,0,3,4,cut_layer,680,130.7177,3474.6539,26.581,13.554
cut,0.31300,0.31619,4,16,shear_xy,1,3,4,cut_layer,680,86.1063,1724.9157,20.032,6.729
cut,0.31300,0.31619,4,16,shear_xy,2,3,4,cut_layer,680,86.1059,1724.9172,20.033,6.729
cut,0.31300,0.31619,4,16,shear_xy,3,3,4,cut_layer,680,130.7179,3474.6583,26.581,13.554
cut,0.31300,0.31619,4,16,shear_diag,0,0,0,grip,1168,388.9148,5719.7475,14.707,13.062
cut,0.31300,0.31619,4,16,shear_diag,1,0,0,free_surface,1168,279.8296,4489.9105,16.045,10.253
cut,0.31300,0.31619,4,16,shear_diag,2,0,0,free_surface,1168,279.8328,4489.8921,16.045,10.253
cut,0.31300,0.31619,4,16,shear_diag,3,0,0,grip,1168,388.9162,5719.7680,14.707,13.062
cut,0.31300,0.31619,4,16,shear_diag,0,1,0,grip,1168,421.1020,5530.8322,13.134,12.630
cut,0.31300,0.31619,4,16,shear_diag,1,1,0,free_surface,1168,255.0777,3516.5021,13.786,8.030
cut,0.31300,0.31619,4,16,shear_diag,2,1,0,free_surface,1168,255.0800,3516.5218,13.786,8.030
cut,0.31300,0.31619,4,16,shear_diag,3,1,0,grip,1168,421.1042,5530.8467,13.134,12.630
cut,0.31300,0.31619,4,16,shear_diag,0,2,0,grip,1168,421.1016,5530.8290,13.134,12.630
cut,0.31300,0.31619,4,16,shear_diag,1,2,0,free_surface,1168,255.0778,3516.5097,13.786,8.030
cut,0.31300,0.31619,4,16,shear_diag,2,2,0,free_surface,1168,255.0801,3516.5294,13.786,8.030
cut,0.31300,0.31619,4,16,shear_diag,3,2,0,grip,1168,421.1038,5530.8435,13.134,12.630
cut,0.31300,0.31619,4,16,shear_diag,0,3,0,grip,1168,388.9148,5719.7426,14.707,13.062
cut,0.31300,0.31619,4,16,shear_diag,1,3,0,free_surface,1168,279.8295,4489.9075,16.045,10.253
cut,0.31300,0.31619,4,16,shear_diag,2,3,0,free_surface,1168,279.8327,4489.8892,16.045,10.253
cut,0.31300,0.31619,4,16,shear_diag,3,3,0,grip,1168,388.9162,5719.7631,14.707,13.062
cut,0.31300,0.31619,4,16,shear_diag,0,0,1,grip,1168,378.0183,5074.3639,13.424,11.588
cut,0.31300,0.31619,4,16,shear_diag,1,0,1,free_surface,1168,290.9773,4578.9161,15.736,10.456
cut,0.31300,0.31619,4,16,shear_diag,2,0,1,free_surface,1168,290.9772,4578.7990,15.736,10.456
cut,0.31300,0.31619,4,16,shear_diag,3,0,1,grip,1168,378.0187,5074.3463,13.424,11.588
cut,0.31300,0.31619,4,16,shear_diag,0,1,1,grip,1168,413.6571,5065.0171,12.244,11.567
cut,0.31300,0.31619,4,16,shear_diag,1,1,1,interior,1168,269.2206,3683.5417,13.682,8.412
cut,0.31300,0.31619,4,16,shear_diag,2,1,1,interior,1168,269.2189,3683.5555,13.682,8.412
cut,0.31300,0.31619,4,16,shear_diag,3,1,1,grip,1168,413.6575,5065.0250,12.244,11.567
cut,0.31300,0.31619,4,16,shear_diag,0,2,1,grip,1168,413.6570,5065.0144,12.244,11.566
cut,0.31300,0.31619,4,16,shear_diag,1,2,1,interior,1168,269.2207,3683.5391,13.682,8.412
cut,0.31300,0.31619,4,16,shear_diag,2,2,1,interior,1168,269.2190,3683.5529,13.682,8.412
cut,0.31300,0.31619,4,16,shear_diag,3,2,1,grip,1168,413.6574,5065.0223,12.244,11.567
cut,0.31300,0.31619,4,16,shear_diag,0,3,1,grip,1168,378.0185,5074.3635,13.424,11.588
cut,0.31300,0.31619,4,16,shear_diag,1,3,1,free_surface,1168,290.9770,4578.9188,15.736,10.456
cut,0.31300,0.31619,4,16,shear_diag,2,3,1,free_surface,1168,290.9769,4578.8017,15.736,10.456
cut,0.31300,0.31619,4,16,shear_diag,3,3,1,grip,1168,378.0189,5074.3458,13.424,11.588
cut,0.31300,0.31619,4,16,shear_diag,0,0,2,grip,1168,377.7242,5069.9256,13.422,11.578
cut,0.31300,0.31619,4,16,shear_diag,1,0,2,free_surface,1168,289.9352,4550.5135,15.695,10.392
cut,0.31300,0.31619,4,16,shear_diag,2,0,2,free_surface,1168,289.9341,4550.4964,15.695,10.392
cut,0.31300,0.31619,4,16,shear_diag,3,0,2,grip,1168,377.7238,5069.9042,13.422,11.578
cut,0.31300,0.31619,4,16,shear_diag,0,1,2,grip,1168,413.8926,5040.4318,12.178,11.510
cut,0.31300,0.31619,4,16,shear_diag,1,1,2,interior,1168,270.6747,3674.8057,13.576,8.392
cut,0.31300,0.31619,4,16,shear_diag,2,1,2,interior,1168,270.6718,3674.8050,13.577,8.392
cut,0.31300,0.31619,4,16,shear_diag,3,1,2,grip,1168,413.8915,5040.4176,12.178,11.510
cut,0.31300,0.31619,4,16,shear_diag,0,2,2,grip,1168,413.8925,5040.4319,12.178,11.510
cut,0.31300,0.31619,4,16,shear_diag,1,2,2,interior,1168,270.6751,3674.8065,13.576,8.392
cut,0.31300,0.31619,4,16,shear_diag,2,2,2,interior,1168,270.6721,3674.8059,13.577,8.392
cut,0.31300,0.31619,4,16,shear_diag,3,2,2,grip,1168,413.8914,5040.4178,12.178,11.510
cut,0.31300,0.31619,4,16,shear_diag,0,3,2,grip,1168,377.7244,5069.9251,13.422,11.578
cut,0.31300,0.31619,4,16,shear_diag,1,3,2,free_surface,1168,289.9352,4550.5072,15.695,10.392
cut,0.31300,0.31619,4,16,shear_diag,2,3,2,free_surface,1168,289.9341,4550.4901,15.695,10.392
cut,0.31300,0.31619,4,16,shear_diag,3,3,2,grip,1168,377.7240,5069.9037,13.422,11.578
cut,0.31300,0.31619,4,16,shear_diag,0,0,3,grip,1168,381.3657,5092.7498,13.354,11.630
cut,0.31300,0.31619,4,16,shear_diag,1,0,3,free_surface,1168,286.9954,4519.1614,15.746,10.320
cut,0.31300,0.31619,4,16,shear_diag,2,0,3,free_surface,1168,286.9959,4519.1430,15.746,10.320
cut,0.31300,0.31619,4,16,shear_diag,3,0,3,grip,1168,381.3651,5092.7289,13.354,11.630
cut,0.31300,0.31619,4,16,shear_diag,0,1,3,grip,1168,418.2799,5363.0150,12.822,12.247
cut,0.31300,0.31619,4,16,shear_diag,1,1,3,interior,1168,262.5581,3600.7662,13.714,8.223
cut,0.31300,0.31619,4,16,shear_diag,2,1,3,interior,1168,262.5583,3600.8028,13.714,8.223
cut,0.31300,0.31619,4,16,shear_diag,3,1,3,grip,1168,418.2801,5362.9812,12.822,12.247
cut,0.31300,0.31619,4,16,shear_diag,0,2,3,grip,1168,418.2798,5363.0115,12.822,12.247
cut,0.31300,0.31619,4,16,shear_diag,1,2,3,interior,1168,262.5585,3600.7693,13.714,8.223
cut,0.31300,0.31619,4,16,shear_diag,2,2,3,interior,1168,262.5587,3600.8059,13.714,8.223
cut,0.31300,0.31619,4,16,shear_diag,3,2,3,grip,1168,418.2800,5362.9778,12.822,12.247
cut,0.31300,0.31619,4,16,shear_diag,0,3,3,grip,1168,381.3656,5092.7461,13.354,11.630
cut,0.31300,0.31619,4,16,shear_diag,1,3,3,free_surface,1168,286.9956,4519.1608,15.746,10.320
cut,0.31300,0.31619,4,16,shear_diag,2,3,3,free_surface,1168,286.9960,4519.1423,15.746,10.320
cut,0.31300,0.31619,4,16,shear_diag,3,3,3,grip,1168,381.3651,5092.7252,13.354,11.630
cut,0.31300,0.31619,4,16,shear_diag,0,0,4,cut_layer,680,271.0026,5247.8594,19.365,11.984
cut,0.31300,0.31619,4,16,shear_diag,1,0,4,cut_layer,680,154.8318,3991.2285,25.778,9.114
cut,0.31300,0.31619,4,16,shear_diag,2,0,4,cut_layer,680,154.8317,3991.2685,25.778,9.114
cut,0.31300,0.31619,4,16,shear_diag,3,0,4,cut_layer,680,271.0035,5247.8403,19.364,11.984
cut,0.31300,0.31619,4,16,shear_diag,0,1,4,cut_layer,680,291.5309,4941.7966,16.951,11.285
cut,0.31300,0.31619,4,16,shear_diag,1,1,4,cut_layer,680,134.2662,3277.8566,24.413,7.485
cut,0.31300,0.31619,4,16,shear_diag,2,1,4,cut_layer,680,134.2670,3277.9107,24.413,7.485
cut,0.31300,0.31619,4,16,shear_diag,3,1,4,cut_layer,680,291.5317,4941.7985,16.951,11.285
cut,0.31300,0.31619,4,16,shear_diag,0,2,4,cut_layer,680,291.5306,4941.7939,16.951,11.285
cut,0.31300,0.31619,4,16,shear_diag,1,2,4,cut_layer,680,134.2663,3277.8583,24.413,7.485
cut,0.31300,0.31619,4,16,shear_diag,2,2,4,cut_layer,680,134.2671,3277.9124,24.413,7.485
cut,0.31300,0.31619,4,16,shear_diag,3,2,4,cut_layer,680,291.5315,4941.7958,16.951,11.285
cut,0.31300,0.31619,4,16,shear_diag,0,3,4,cut_layer,680,271.0028,5247.8551,19.365,11.984
cut,0.31300,0.31619,4,16,shear_diag,1,3,4,cut_layer,680,154.8317,3991.2236,25.778,9.114
cut,0.31300,0.31619,4,16,shear_diag,2,3,4,cut_layer,680,154.8316,3991.2636,25.778,9.114
cut,0.31300,0.31619,4,16,shear_diag,3,3,4,cut_layer,680,271.0037,5247.8360,19.364,11.984
cut,0.31300,0.31619,4,16,uni_111,0,0,0,grip,1168,431.6818,9539.0103,22.097,32.226
cut,0.31300,0.31619,4,16,uni_111,1,0,0,free_surface,1168,169.5320,3395.3175,20.028,11.470
cut,0.31300,0.31619,4,16,uni_111,2,0,0,free_surface,1168,66.0097,1325.5608,20.081,4.478
cut,0.31300,0.31619,4,16,uni_111,3,0,0,grip,1168,153.7444,3410.8685,22.185,11.523
cut,0.31300,0.31619,4,16,uni_111,0,1,0,grip,1168,349.2769,5870.5605,16.808,19.833
cut,0.31300,0.31619,4,16,uni_111,1,1,0,free_surface,1168,236.9902,4391.2714,18.529,14.835
cut,0.31300,0.31619,4,16,uni_111,2,1,0,free_surface,1168,139.8288,2884.6956,20.630,9.745
cut,0.31300,0.31619,4,16,uni_111,3,1,0,grip,1168,133.8430,3129.8282,23.384,10.574
cut,0.31300,0.31619,4,16,uni_111,0,2,0,grip,1168,265.2728,4505.8452,16.986,15.222
cut,0.31300,0.31619,4,16,uni_111,1,2,0,free_surface,1168,218.0588,3755.6097,17.223,12.688
cut,0.31300,0.31619,4,16,uni_111,2,2,0,free_surface,1168,177.3833,3294.2573,18.571,11.129
cut,0.31300,0.31619,4,16,uni_111,3,2,0,grip,1168,138.6496,2950.6829,21.282,9.968
cut,0.31300,0.31619,4,16,uni_111,0,3,0,grip,1168,149.5312,3368.3961,22.526,11.380
cut,0.31300,0.31619,4,16,uni_111,1,3,0,free_surface,1168,155.3490,2554.1267,16.441,8.629
cut,0.31300,0.31619,4,16,uni_111,2,3,0,free_surface,1168,154.7167,2548.5843,16.473,8.610
cut,0.31300,0.31619,4,16,uni_111,3,3,0,grip,1168,146.0884,3293.5375,22.545,11.127
cut,0.31300,0.31619,4,16,uni_111,0,0,1,grip,1168,359.2478,6028.5490,16.781,20.366
cut,0.31300,0.31619,4,16,uni_111,1,0,1,free_surface,1168,240.1133,4472.9112,18.628,15.111
cut,0.31300,0.31619,4,16,uni_111,2,0,1,free_surface,1168,136.5386,2889.0637,21.159,9.760
cut,0.31300,0.31619,4,16,uni_111,3,0,1,grip,1168,134.2609,3134.9758,23.350,10.591
cut,0.31300,0.31619,4,16,uni_111,0,1,1,grip,1168,290.8215,4620.9557,15.889,15.611
cut,0.31300,0.31619,4,16,uni_111,1,1,1,interior,1168,274.8253,4220.5652,15.357,14.258
cut,0.31300,0.31619,4,16,uni_111,2,1,1,interior,1168,207.4455,3556.0556,17.142,12.014
cut,0.31300,0.31619,4,16,uni_111,3,1,1,grip,1168,164.6185,3177.2854,19.301,10.734
cut,0.31300,0.31619,4,16,uni_111,0,2,1,grip,1168,220.4861,3533.6155,16.026,11.938
cut,0.31300,0.31619,4,16,uni_111,1,2,1,interior,1168,245.0561,4006.4641,16.349,13.535
cut,0.31300,0.31619,4,16,uni_111,2,2,1,interior,1168,239.6559,3925.4444,16.380,13.261
cut,0.31300,0.31619,4,16,uni_111,3,2,1,grip,1168,209.7708,3434.0193,16.370,11.601
cut,0.31300,0.31619,4,16,uni_111,0,3,1,grip,1168,142.6663,2936.0625,20.580,9.919
cut,0.31300,0.31619,4,16,uni_111,1,3,1,free_surface,1168,181.1529,3361.5486,18.556,11.356
cut,0.31300,0.31619,4,16,uni_111,2,3,1,free_surface,1168,217.0455,3722.2264,17.150,12.575
cut,0.31300,0.31619,4,16,uni_111,3,3,1,grip,1168,259.1627,4422.1614,17.063,14.940
cut,0.31300,0.31619,4,16,uni_111,0,0,2,grip,1168,288.2970,4964.9030,17.221,16.773
cut,0.31300,0.31619,4,16,uni_111,1,0,2,free_surface,1168,227.6534,3985.0322,17.505,13.463
cut,0.31300,0.31619,4,16,uni_111,2,0,2,free_surface,1168,178.0358,3375.2349,18.958,11.403
cut,0.31300,0.31619,4,16,uni_111,3,0,2,grip,1168,140.3727,3000.4644,21.375,10.137
cut,0.31300,0.31619,4,16,uni_111,0,1,2,grip,1168,231.0194,3586.9263,15.527,12.118
cut,0.31300,0.31619,4,16,uni_111,1,1,2,interior,1168,253.1705,4017.0126,15.867,13.571
cut,0.31300,0.31619,4,16,uni_111,2,1,2,interior,1168,242.6354,4034.0085,16.626,13.628
cut,0.31300,0.31619,4,16,uni_111,3,1,2,grip,1168,209.7296,3426.9758,16.340,11.577
cut,0.31300,0.31619,4,16,uni_111,0,2,2,grip,1168,177.0520,3263.0336,18.430,11.024
cut,0.31300,0.31619,4,16,uni_111,1,2,2,interior,1168,220.9306,3782.4469,17.121,12.778
cut,0.31300,0.31619,4,16,uni_111,2,2,2,interior,1168,272.6554,4186.6229,15.355,14.144
cut,0.31300,0.31619,4,16,uni_111,3,2,2,grip,1168,274.9449,4354.2564,15.837,14.710
cut,0.31300,0.31619,4,16,uni_111,0,3,2,grip,1168,132.6885,3095.7078,23.331,10.458
cut,0.31300,0.31619,4,16,uni_111,1,3,2,free_surface,1168,151.7211,3107.6471,20.483,10.499
cut,0.31300,0.31619,4,16,uni_111,2,3,2,free_surface,1168,240.9703,4376.7280,18.163,14.786
cut,0.31300,0.31619,4,16,uni_111,3,3,2,grip,1168,339.8266,5701.5035,16.778,19.262
cut,0.31300,0.31619,4,16,uni_111,0,0,3,grip,1168,196.8423,3722.9449,18.913,12.577
cut,0.31300,0.31619,4,16,uni_111,1,0,3,free_surface,1168,186.8716,3015.8532,16.139,10.189
cut,0.31300,0.31619,4,16,uni_111,2,0,3,free_surface,1168,171.7540,3009.9410,17.525,10.169
cut,0.31300,0.31619,4,16,uni_111,3,0,3,grip,1168,156.1266,3033.7978,19.432,10.249
cut,0.31300,0.31619,4,16,uni_111,0,1,3,grip,1168,168.0273,3237.4588,19.267,10.937
cut,0.31300,0.31619,4,16,uni_111,1,1,3,interior,1168,205.0382,3569.9611,17.411,12.060
cut,0.31300,0.31619,4,16,uni_111,2,1,3,interior,1168,234.8742,3724.1811,15.856,12.581
cut,0.31300,0.31619,4,16,uni_111,3,1,3,grip,1168,253.7063,4501.4055,17.743,15.207
cut,0.31300,0.31619,4,16,uni_111,0,2,3,grip,1168,147.9203,3090.9223,20.896,10.442
cut,0.31300,0.31619,4,16,uni_111,1,2,3,interior,1168,166.2673,3156.3235,18.983,10.663
cut,0.31300,0.31619,4,16,uni_111,2,2,3,interior,1168,259.1117,4388.4697,16.937,14.826
cut,0.31300,0.31619,4,16,uni_111,3,2,3,grip,1168,331.6044,5925.2589,17.868,20.017
cut,0.31300,0.31619,4,16,uni_111,0,3,3,grip,1168,151.4316,3301.4238,21.801,11.153
cut,0.31300,0.31619,4,16,uni_111,1,3,3,free_surface,1168,88.5584,1835.5350,20.727,6.201
cut,0.31300,0.31619,4,16,uni_111,2,3,3,free_surface,1168,200.7544,4067.6053,20.262,13.742
cut,0.31300,0.31619,4,16,uni_111,3,3,3,grip,1168,407.9912,7097.5015,17.396,23.978
cut,0.31300,0.31619,4,16,uni_111,0,0,4,cut_layer,680,110.7841,2628.4708,23.726,8.880
cut,0.31300,0.31619,4,16,uni_111,1,0,4,cut_layer,680,89.7228,2133.7422,23.782,7.208
cut,0.31300,0.31619,4,16,uni_111,2,0,4,cut_layer,680,87.1103,2183.3639,25.064,7.376
cut,0.31300,0.31619,4,16,uni_111,3,0,4,cut_layer,680,83.5130,2782.8112,33.322,9.401
cut,0.31300,0.31619,4,16,uni_111,0,1,4,cut_layer,680,119.2956,3154.8918,26.446,10.658
cut,0.31300,0.31619,4,16,uni_111,1,1,4,cut_layer,680,123.0920,2649.0380,21.521,8.949
cut,0.31300,0.31619,4,16,uni_111,2,1,4,cut_layer,680,146.0607,3221.9868,22.059,10.885
cut,0.31300,0.31619,4,16,uni_111,3,1,4,cut_layer,680,178.4583,4929.1841,27.621,16.652
cut,0.31300,0.31619,4,16,uni_111,0,2,4,cut_layer,680,117.7288,3263.2671,27.719,11.024
cut,0.31300,0.31619,4,16,uni_111,1,2,4,cut_layer,680,88.5511,2035.4724,22.986,6.876
cut,0.31300,0.31619,4,16,uni_111,2,2,4,cut_layer,680,161.2753,3770.9107,23.382,12.739
cut,0.31300,0.31619,4,16,uni_111,3,2,4,cut_layer,680,244.1902,6360.0280,26.045,21.486
cut,0.31300,0.31619,4,16,uni_111,0,3,4,cut_layer,680,129.9587,3427.0126,26.370,11.578
cut,0.31300,0.31619,4,16,uni_111,1,3,4,cut_layer,680,36.8060,1306.6555,35.501,4.414
cut,0.31300,0.31619,4,16,uni_111,2,3,4,cut_layer,680,84.5618,2553.5638,30.198,8.627
cut,0.31300,0.31619,4,16,uni_111,3,3,4,cut_layer,680,290.6974,9167.8475,31.537,30.972
cut,0.31300,0.31619,4,16,hydro,0,0,0,grip,1168,443.2363,11419.4087,25.764,-1.000
cut,0.31300,0.31619,4,16,hydro,1,0,0,free_surface,1168,268.5865,5396.8182,20.093,-1.000
cut,0.31300,0.31619,4,16,hydro,2,0,0,free_surface,1168,268.5891,5396.8599,20.093,-1.000
cut,0.31300,0.31619,4,16,hydro,3,0,0,grip,1168,443.2362,11419.4490,25.764,-1.000
cut,0.31300,0.31619,4,16,hydro,0,1,0,grip,1168,345.9941,7138.1230,20.631,-1.000
cut,0.31300,0.31619,4,16,hydro,1,1,0,free_surface,1168,332.5586,6398.7935,19.241,-1.000
cut,0.31300,0.31619,4,16,hydro,2,1,0,free_surface,1168,332.5604,6398.7939,19.241,-1.000
cut,0.31300,0.31619,4,16,hydro,3,1,0,grip,1168,345.9917,7138.1206,20.631,-1.000
cut,0.31300,0.31619,4,16,hydro,0,2,0,grip,1168,345.9942,7138.1255,20.631,-1.000
cut,0.31300,0.31619,4,16,hydro,1,2,0,free_surface,1168,332.5584,6398.7858,19.241,-1.000
cut,0.31300,0.31619,4,16,hydro,2,2,0,free_surface,1168,332.5602,6398.7862,19.241,-1.000
cut,0.31300,0.31619,4,16,hydro,3,2,0,grip,1168,345.9917,7138.1231,20.631,-1.000
cut,0.31300,0.31619,4,16,hydro,0,3,0,grip,1168,443.2367,11419.4126,25.764,-1.000
cut,0.31300,0.31619,4,16,hydro,1,3,0,free_surface,1168,268.5866,5396.8205,20.093,-1.000
cut,0.31300,0.31619,4,16,hydro,2,3,0,free_surface,1168,268.5892,5396.8621,20.093,-1.000
cut,0.31300,0.31619,4,16,hydro,3,3,0,grip,1168,443.2365,11419.4529,25.764,-1.000
cut,0.31300,0.31619,4,16,hydro,0,0,1,grip,1168,344.8751,7073.4477,20.510,-1.000
cut,0.31300,0.31619,4,16,hydro,1,0,1,free_surface,1168,333.7064,6468.7496,19.385,-1.000
cut,0.31300,0.31619,4,16,hydro,2,0,1,free_surface,1168,333.7060,6468.7650,19.385,-1.000
cut,0.31300,0.31619,4,16,hydro,3,0,1,grip,1168,344.8748,7073.4650,20.510,-1.000
cut,0.31300,0.31619,4,16,hydro,0,1,1,grip,1168,189.3376,5438.5560,28.724,-1.000
cut,0.31300,0.31619,4,16,hydro,1,1,1,interior,1168,381.8577,6773.1654,17.737,-1.000
cut,0.31300,0.31619,4,16,hydro,2,1,1,interior,1168,381.8554,6773.1085,17.737,-1.000
cut,0.31300,0.31619,4,16,hydro,3,1,1,grip,1168,189.3361,5438.5590,28.724,-1.000
cut,0.31300,0.31619,4,16,hydro,0,2,1,grip,1168,189.3378,5438.5564,28.724,-1.000
cut,0.31300,0.31619,4,16,hydro,1,2,1,interior,1168,381.8577,6773.1621,17.737,-1.000
cut,0.31300,0.31619,4,16,hydro,2,2,1,interior,1168,381.8554,6773.1051,17.737,-1.000
cut,0.31300,0.31619,4,16,hydro,3,2,1,grip,1168,189.3364,5438.5594,28.724,-1.000
cut,0.31300,0.31619,4,16,hydro,0,3,1,grip,1168,344.8754,7073.4479,20.510,-1.000
cut,0.31300,0.31619,4,16,hydro,1,3,1,free_surface,1168,333.7069,6468.7485,19.385,-1.000
cut,0.31300,0.31619,4,16,hydro,2,3,1,free_surface,1168,333.7064,6468.7638,19.385,-1.000
cut,0.31300,0.31619,4,16,hydro,3,3,1,grip,1168,344.8750,7073.4652,20.510,-1.000
cut,0.31300,0.31619,4,16,hydro,0,0,2,grip,1168,331.6494,7007.1166,21.128,-1.000
cut,0.31300,0.31619,4,16,hydro,1,0,2,free_surface,1168,332.7100,6470.2000,19.447,-1.000
cut,0.31300,0.31619,4,16,hydro,2,0,2,free_surface,1168,332.7090,6470.2010,19.447,-1.000
cut,0.31300,0.31619,4,16,hydro,3,0,2,grip,1168,331.6490,7007.1026,21.128,-1.000
cut,0.31300,0.31619,4,16,hydro,0,1,2,grip,1168,162.2766,5422.7601,33.417,-1.000
cut,0.31300,0.31619,4,16,hydro,1,1,2,interior,1168,381.4771,6791.5989,17.803,-1.000
cut,0.31300,0.31619,4,16,hydro,2,1,2,interior,1168,381.4739,6791.5432,17.803,-1.000
cut,0.31300,0.31619,4,16,hydro,3,1,2,grip,1168,162.2767,5422.7617,33.417,-1.000
cut,0.31300,0.31619,4,16,hydro,0,2,2,grip,1168,162.2765,5422.7590,33.417,-1.000
cut,0.31300,0.31619,4,16,hydro,1,2,2,interior,1168,381.4769,6791.5955,17.803,-1.000
cut,0.31300,0.31619,4,16,hydro,2,2,2,interior,1168,381.4737,6791.5398,17.803,-1.000
cut,0.31300,0.31619,4,16,hydro,3,2,2,grip,1168,162.2765,5422.7606,33.417,-1.000
cut,0.31300,0.31619,4,16,hydro,0,3,2,grip,1168,331.6492,7007.1145,21.128,-1.000
cut,0.31300,0.31619,4,16,hydro,1,3,2,free_surface,1168,332.7100,6470.2006,19.447,-1.000
cut,0.31300,0.31619,4,16,hydro,2,3,2,free_surface,1168,332.7090,6470.2015,19.447,-1.000
cut,0.31300,0.31619,4,16,hydro,3,3,2,grip,1168,331.6488,7007.1005,21.128,-1.000
cut,0.31300,0.31619,4,16,hydro,0,0,3,grip,1168,416.7843,8334.0412,19.996,-1.000
cut,0.31300,0.31619,4,16,hydro,1,0,3,free_surface,1168,307.2713,5932.2199,19.306,-1.000
cut,0.31300,0.31619,4,16,hydro,2,0,3,free_surface,1168,307.2716,5932.2607,19.306,-1.000
cut,0.31300,0.31619,4,16,hydro,3,0,3,grip,1168,416.7825,8334.0646,19.996,-1.000
cut,0.31300,0.31619,4,16,hydro,0,1,3,grip,1168,314.3354,6799.2609,21.631,-1.000
cut,0.31300,0.31619,4,16,hydro,1,1,3,interior,1168,373.7716,6594.8829,17.644,-1.000
cut,0.31300,0.31619,4,16,hydro,2,1,3,interior,1168,373.7716,6594.8477,17.644,-1.000
cut,0.31300,0.31619,4,16,hydro,3,1,3,grip,1168,314.3317,6799.2557,21.631,-1.000
cut,0.31300,0.31619,4,16,hydro,0,2,3,grip,1168,314.3353,6799.2636,21.631,-1.000
cut,0.31300,0.31619,4,16,hydro,1,2,3,interior,1168,373.7714,6594.8797,17.644,-1.000
cut,0.31300,0.31619,4,16,hydro,2,2,3,interior,1168,373.7714,6594.8444,17.644,-1.000
cut,0.31300,0.31619,4,16,hydro,3,2,3,grip,1168,314.3316,6799.2584,21.631,-1.000
cut,0.31300,0.31619,4,16,hydro,0,3,3,grip,1168,416.7841,8334.0320,19.996,-1.000
cut,0.31300,0.31619,4,16,hydro,1,3,3,free_surface,1168,307.2712,5932.2179,19.306,-1.000
cut,0.31300,0.31619,4,16,hydro,2,3,3,free_surface,1168,307.2715,5932.2588,19.306,-1.000
cut,0.31300,0.31619,4,16,hydro,3,3,3,grip,1168,416.7822,8334.0554,19.996,-1.000
cut,0.31300,0.31619,4,16,hydro,0,0,4,cut_layer,680,288.1394,9998.7770,34.701,-1.000
cut,0.31300,0.31619,4,16,hydro,1,0,4,cut_layer,680,124.6219,4047.4802,32.478,-1.000
cut,0.31300,0.31619,4,16,hydro,2,0,4,cut_layer,680,124.6212,4047.4932,32.478,-1.000
cut,0.31300,0.31619,4,16,hydro,3,0,4,cut_layer,680,288.1412,9998.7756,34.701,-1.000
cut,0.31300,0.31619,4,16,hydro,0,1,4,cut_layer,680,220.9607,7249.6930,32.810,-1.000
cut,0.31300,0.31619,4,16,hydro,1,1,4,cut_layer,680,186.7803,5206.4643,27.875,-1.000
cut,0.31300,0.31619,4,16,hydro,2,1,4,cut_layer,680,186.7806,5206.5016,27.875,-1.000
cut,0.31300,0.31619,4,16,hydro,3,1,4,cut_layer,680,220.9603,7249.7055,32.810,-1.000
cut,0.31300,0.31619,4,16,hydro,0,2,4,cut_layer,680,220.9604,7249.6970,32.810,-1.000
cut,0.31300,0.31619,4,16,hydro,1,2,4,cut_layer,680,186.7804,5206.4597,27.875,-1.000
cut,0.31300,0.31619,4,16,hydro,2,2,4,cut_layer,680,186.7806,5206.4970,27.875,-1.000
cut,0.31300,0.31619,4,16,hydro,3,2,4,cut_layer,680,220.9600,7249.7096,32.810,-1.000
cut,0.31300,0.31619,4,16,hydro,0,3,4,cut_layer,680,288.1393,9998.7901,34.701,-1.000
cut,0.31300,0.31619,4,16,hydro,1,3,4,cut_layer,680,124.6222,4047.4852,32.478,-1.000
cut,0.31300,0.31619,4,16,hydro,2,3,4,cut_layer,680,124.6215,4047.4982,32.478,-1.000
cut,0.31300,0.31619,4,16,hydro,3,3,4,cut_layer,680,288.1410,9998.7887,34.701,-1.000
cut,0.60000,0.60004,4,16,uni_x,0,0,0,grip,2448,1204.8183,7256.8247,6.023,7.802
cut,0.60000,0.60004,4,16,uni_x,1,0,0,free_surface,2448,1225.5263,6968.4844,5.686,7.492
cut,0.60000,0.60004,4,16,uni_x,2,0,0,free_surface,2448,1225.5256,6968.5101,5.686,7.492
cut,0.60000,0.60004,4,16,uni_x,3,0,0,grip,2448,1204.8107,7256.7878,6.023,7.801
cut,0.60000,0.60004,4,16,uni_x,0,1,0,grip,2448,1127.9507,7087.1907,6.283,7.619
cut,0.60000,0.60004,4,16,uni_x,1,1,0,free_surface,2448,1276.5927,7134.1142,5.588,7.670
cut,0.60000,0.60004,4,16,uni_x,2,1,0,free_surface,2448,1276.5930,7134.1303,5.588,7.670
cut,0.60000,0.60004,4,16,uni_x,3,1,0,grip,2448,1127.9460,7087.1681,6.283,7.619
cut,0.60000,0.60004,4,16,uni_x,0,2,0,grip,2448,1127.9507,7087.1907,6.283,7.619
cut,0.60000,0.60004,4,16,uni_x,1,2,0,free_surface,2448,1276.5927,7134.1142,5.588,7.670
cut,0.60000,0.60004,4,16,uni_x,2,2,0,free_surface,2448,1276.5930,7134.1303,5.588,7.670
cut,0.60000,0.60004,4,16,uni_x,3,2,0,grip,2448,1127.9460,7087.1681,6.283,7.619
cut,0.60000,0.60004,4,16,uni_x,0,3,0,grip,2448,1204.8183,7256.8247,6.023,7.802
cut,0.60000,0.60004,4,16,uni_x,1,3,0,free_surface,2448,1225.5263,6968.4844,5.686,7.492
cut,0.60000,0.60004,4,16,uni_x,2,3,0,free_surface,2448,1225.5256,6968.5101,5.686,7.492
cut,0.60000,0.60004,4,16,uni_x,3,3,0,grip,2448,1204.8107,7256.7878,6.023,7.801
cut,0.60000,0.60004,4,16,uni_x,0,0,1,grip,2448,1124.5647,7074.7670,6.291,7.606
cut,0.60000,0.60004,4,16,uni_x,1,0,1,free_surface,2448,1276.8841,7147.9699,5.598,7.684
cut,0.60000,0.60004,4,16,uni_x,2,0,1,free_surface,2448,1276.8806,7147.9735,5.598,7.684
cut,0.60000,0.60004,4,16,uni_x,3,0,1,grip,2448,1124.5575,7074.7289,6.291,7.606
cut,0.60000,0.60004,4,16,uni_x,0,1,1,grip,2448,1033.7610,6764.8872,6.544,7.273
cut,0.60000,0.60004,4,16,uni_x,1,1,1,interior,2448,1321.7999,7267.2660,5.498,7.813
cut,0.60000,0.60004,4,16,uni_x,2,1,1,interior,2448,1321.7958,7267.2456,5.498,7.813
cut,0.60000,0.60004,4,16,uni_x,3,1,1,grip,2448,1033.7557,6764.8592,6.544,7.273
cut,0.60000,0.60004,4,16,uni_x,0,2,1,grip,2448,1033.7610,6764.8872,6.544,7.273
cut,0.60000,0.60004,4,16,uni_x,1,2,1,interior,2448,1321.7999,7267.2660,5.498,7.813
cut,0.60000,0.60004,4,16,uni_x,2,2,1,interior,2448,1321.7958,7267.2456,5.498,7.813
cut,0.60000,0.60004,4,16,uni_x,3,2,1,grip,2448,1033.7557,6764.8592,6.544,7.273
cut,0.60000,0.60004,4,16,uni_x,0,3,1,grip,2448,1124.5647,7074.7670,6.291,7.606
cut,0.60000,0.60004,4,16,uni_x,1,3,1,free_surface,2448,1276.8841,7147.9699,5.598,7.684
cut,0.60000,0.60004,4,16,uni_x,2,3,1,free_surface,2448,1276.8806,7147.9735,5.598,7.684
cut,0.60000,0.60004,4,16,uni_x,3,3,1,grip,2448,1124.5575,7074.7289,6.291,7.606
cut,0.60000,0.60004,4,16,uni_x,0,0,2,grip,2448,1117.6133,7033.5318,6.293,7.561
cut,0.60000,0.60004,4,16,uni_x,1,0,2,free_surface,2448,1277.4076,7171.9839,5.614,7.710
cut,0.60000,0.60004,4,16,uni_x,2,0,2,free_surface,2448,1277.4044,7171.9827,5.614,7.710
cut,0.60000,0.60004,4,16,uni_x,3,0,2,grip,2448,1117.6098,7033.4947,6.293,7.561
cut,0.60000,0.60004,4,16,uni_x,0,1,2,grip,2448,1024.9499,6672.6370,6.510,7.173
cut,0.60000,0.60004,4,16,uni_x,1,1,2,interior,2448,1322.6081,7282.5207,5.506,7.829
cut,0.60000,0.60004,4,16,uni_x,2,1,2,interior,2448,1322.6034,7282.4945,5.506,7.829
cut,0.60000,0.60004,4,16,uni_x,3,1,2,grip,2448,1024.9502,6672.6151,6.510,7.173
cut,0.60000,0.60004,4,16,uni_x,0,2,2,grip,2448,1024.9499,6672.6370,6.510,7.173
cut,0.60000,0.60004,4,16,uni_x,1,2,2,interior,2448,1322.6081,7282.5207,5.506,7.829
cut,0.60000,0.60004,4,16,uni_x,2,2,2,interior,2448,1322.6034,7282.4945,5.506,7.829
cut,0.60000,0.60004,4,16,uni_x,3,2,2,grip,2448,1024.9502,6672.6151,6.510,7.173
cut,0.60000,0.60004,4,16,uni_x,0,3,2,grip,2448,1117.6133,7033.5318,6.293,7.561
cut,0.60000,0.60004,4,16,uni_x,1,3,2,free_surface,2448,1277.4076,7171.9839,5.614,7.710
cut,0.60000,0.60004,4,16,uni_x,2,3,2,free_surface,2448,1277.4044,7171.9827,5.614,7.710
cut,0.60000,0.60004,4,16,uni_x,3,3,2,grip,2448,1117.6098,7033.4947,6.293,7.561
cut,0.60000,0.60004,4,16,uni_x,0,0,3,grip,2448,1154.1995,7383.9665,6.397,7.938
cut,0.60000,0.60004,4,16,uni_x,1,0,3,free_surface,2448,1266.8579,7091.6112,5.598,7.624
cut,0.60000,0.60004,4,16,uni_x,2,0,3,free_surface,2448,1266.8614,7091.6001,5.598,7.624
cut,0.60000,0.60004,4,16,uni_x,3,0,3,grip,2448,1154.2045,7384.0208,6.397,7.938
cut,0.60000,0.60004,4,16,uni_x,0,1,3,grip,2448,1065.3517,7084.1696,6.650,7.616
cut,0.60000,0.60004,4,16,uni_x,1,1,3,interior,2448,1316.0717,7226.2497,5.491,7.769
cut,0.60000,0.60004,4,16,uni_x,2,1,3,interior,2448,1316.0722,7226.2376,5.491,7.769
cut,0.60000,0.60004,4,16,uni_x,3,1,3,grip,2448,1065.3610,7084.2544,6.650,7.616
cut,0.60000,0.60004,4,16,uni_x,0,2,3,grip,2448,1065.3517,7084.1696,6.650,7.616
cut,0.60000,0.60004,4,16,uni_x,1,2,3,interior,2448,1316.0717,7226.2497,5.491,7.769
cut,0.60000,0.60004,4,16,uni_x,2,2,3,interior,2448,1316.0722,7226.2376,5.491,7.769
cut,0.60000,0.60004,4,16,uni_x,3,2,3,grip,2448,1065.3610,7084.2544,6.650,7.616
cut,0.60000,0.60004,4,16,uni_x,0,3,3,grip,2448,1154.1995,7383.9665,6.397,7.938
cut,0.60000,0.60004,4,16,uni_x,1,3,3,free_surface,2448,1266.8579,7091.6112,5.598,7.624
cut,0.60000,0.60004,4,16,uni_x,2,3,3,free_surface,2448,1266.8614,7091.6001,5.598,7.624
cut,0.60000,0.60004,4,16,uni_x,3,3,3,grip,2448,1154.2045,7384.0208,6.397,7.938
cut,0.60000,0.60004,4,16,uni_x,0,0,4,cut_layer,1440,948.2231,7616.7872,8.033,8.188
cut,0.60000,0.60004,4,16,uni_x,1,0,4,cut_layer,1440,912.6204,6909.0812,7.571,7.428
cut,0.60000,0.60004,4,16,uni_x,2,0,4,cut_layer,1440,912.6253,6909.1195,7.571,7.428
cut,0.60000,0.60004,4,16,uni_x,3,0,4,cut_layer,1440,948.2318,7616.8543,8.033,8.189
cut,0.60000,0.60004,4,16,uni_x,0,1,4,cut_layer,1440,892.4566,7489.5545,8.392,8.052
cut,0.60000,0.60004,4,16,uni_x,1,1,4,cut_layer,1440,958.0188,6995.9160,7.302,7.521
cut,0.60000,0.60004,4,16,uni_x,2,1,4,cut_layer,1440,958.0205,6995.9019,7.302,7.521
cut,0.60000,0.60004,4,16,uni_x,3,1,4,cut_layer,1440,892.4678,7489.6301,8.392,8.052
cut,0.60000,0.60004,4,16,uni_x,0,2,4,cut_layer,1440,892.4566,7489.5545,8.392,8.052
cut,0.60000,0.60004,4,16,uni_x,1,2,4,cut_layer,1440,958.0188,6995.9160,7.302,7.521
cut,0.60000,0.60004,4,16,uni_x,2,2,4,cut_layer,1440,958.0205,6995.9019,7.302,7.521
cut,0.60000,0.60004,4,16,uni_x,3,2,4,cut_layer,1440,892.4678,7489.6301,8.392,8.052
cut,0.60000,0.60004,4,16,uni_x,0,3,4,cut_layer,1440,948.2231,7616.7872,8.033,8.188
cut,0.60000,0.60004,4,16,uni_x,1,3,4,cut_layer,1440,912.6204,6909.0812,7.571,7.428
cut,0.60000,0.60004,4,16,uni_x,2,3,4,cut_layer,1440,912.6253,6909.1195,7.571,7.428
cut,0.60000,0.60004,4,16,uni_x,3,3,4,cut_layer,1440,948.2318,7616.8543,8.033,8.189
cut,0.60000,0.60004,4,16,uni_z,0,0,0,grip,2448,871.2209,7281.1846,8.357,7.828
cut,0.60000,0.60004,4,16,uni_z,1,0,0,free_surface,2448,123.8042,1383.2605,11.173,1.487
cut,0.60000,0.60004,4,16,uni_z,2,0,0,free_surface,2448,123.8042,1383.2605,11.173,1.487
cut,0.60000,0.60004,4,16,uni_z,3,0,0,grip,2448,871.2209,7281.1846,8.357,7.828
cut,0.60000,0.60004,4,16,uni_z,0,1,0,grip,2448,856.9548,6874.6288,8.022,7.391
cut,0.60000,0.60004,4,16,uni_z,1,1,0,free_surface,2448,126.3898,1312.5427,10.385,1.411
cut,0.60000,0.60004,4,16,uni_z,2,1,0,free_surface,2448,126.3898,1312.5427,10.385,1.411
cut,0.60000,0.60004,4,16,uni_z,3,1,0,grip,2448,856.9548,6874.6288,8.022,7.391
cut,0.60000,0.60004,4,16,uni_z,0,2,0,grip,2448,856.9548,6874.6288,8.022,7.391
cut,0.60000,0.60004,4,16,uni_z,1,2,0,free_surface,2448,126.3898,1312.5427,10.385,1.411
cut,0.60000,0.60004,4,16,uni_z,2,2,0,free_surface,2448,126.3898,1312.5427,10.385,1.411
cut,0.60000,0.60004,4,16,uni_z,3,2,0,grip,2448,856.9548,6874.6288,8.022,7.391
cut,0.60000,0.60004,4,16,uni_z,0,3,0,grip,2448,871.2209,7281.1846,8.357,7.828
cut,0.60000,0.60004,4,16,uni_z,1,3,0,free_surface,2448,123.8042,1383.2605,11.173,1.487
cut,0.60000,0.60004,4,16,uni_z,2,3,0,free_surface,2448,123.8042,1383.2605,11.173,1.487
cut,0.60000,0.60004,4,16,uni_z,3,3,0,grip,2448,871.2209,7281.1846,8.357,7.828
cut,0.60000,0.60004,4,16,uni_z,0,0,1,grip,2448,895.8961,6149.5766,6.864,6.611
cut,0.60000,0.60004,4,16,uni_z,1,0,1,free_surface,2448,243.6739,2265.3376,9.297,2.435
cut,0.60000,0.60004,4,16,uni_z,2,0,1,free_surface,2448,243.6739,2265.3376,9.297,2.435
cut,0.60000,0.60004,4,16,uni_z,3,0,1,grip,2448,895.8961,6149.5766,6.864,6.611
cut,0.60000,0.60004,4,16,uni_z,0,1,1,grip,2448,887.6827,6166.2088,6.946,6.629
cut,0.60000,0.60004,4,16,uni_z,1,1,1,interior,2448,251.5457,2288.8195,9.099,2.461
cut,0.60000,0.60004,4,16,uni_z,2,1,1,interior,2448,251.5457,2288.8195,9.099,2.461
cut,0.60000,0.60004,4,16,uni_z,3,1,1,grip,2448,887.6827,6166.2088,6.946,6.629
cut,0.60000,0.60004,4,16,uni_z,0,2,1,grip,2448,887.6827,6166.2088,6.946,6.629
cut,0.60000,0.60004,4,16,uni_z,1,2,1,interior,2448,251.5457,2288.8195,9.099,2.461
cut,0.60000,0.60004,4,16,uni_z,2,2,1,interior,2448,251.5457,2288.8195,9.099,2.461
cut,0.60000,0.60004,4,16,uni_z,3,2,1,grip,2448,887.6827,6166.2088,6.946,6.629
cut,0.60000,0.60004,4,16,uni_z,0,3,1,grip,2448,895.8961,6149.5766,6.864,6.611
cut,0.60000,0.60004,4,16,uni_z,1,3,1,free_surface,2448,243.6739,2265.3376,9.297,2.435
cut,0.60000,0.60004,4,16,uni_z,2,3,1,free_surface,2448,243.6739,2265.3376,9.297,2.435
cut,0.60000,0.60004,4,16,uni_z,3,3,1,grip,2448,895.8961,6149.5766,6.864,6.611
cut,0.60000,0.60004,4,16,uni_z,0,0,2,grip,2448,859.4065,5928.9369,6.899,6.374
cut,0.60000,0.60004,4,16,uni_z,1,0,2,free_surface,2448,252.9043,2346.4995,9.278,2.523
cut,0.60000,0.60004,4,16,uni_z,2,0,2,free_surface,2448,252.9043,2346.4995,9.278,2.523
cut,0.60000,0.60004,4,16,uni_z,3,0,2,grip,2448,859.4065,5928.9369,6.899,6.374
cut,0.60000,0.60004,4,16,uni_z,0,1,2,grip,2448,855.5806,5950.1464,6.955,6.397
cut,0.60000,0.60004,4,16,uni_z,1,1,2,interior,2448,264.7885,2394.8777,9.044,2.575
cut,0.60000,0.60004,4,16,uni_z,2,1,2,interior,2448,264.7885,2394.8777,9.044,2.575
cut,0.60000,0.60004,4,16,uni_z,3,1,2,grip,2448,855.5806,5950.1464,6.955,6.397
cut,0.60000,0.60004,4,16,uni_z,0,2,2,grip,2448,855.5806,5950.1464,6.955,6.397
cut,0.60000,0.60004,4,16,uni_z,1,2,2,interior,2448,264.7885,2394.8777,9.044,2.575
cut,0.60000,0.60004,4,16,uni_z,2,2,2,interior,2448,264.7885,2394.8777,9.044,2.575
cut,0.60000,0.60004,4,16,uni_z,3,2,2,grip,2448,855.5806,5950.1464,6.955,6.397
cut,0.60000,0.60004,4,16,uni_z,0,3,2,grip,2448,859.4065,5928.9369,6.899,6.374
cut,0.60000,0.60004,4,16,uni_z,1,3,2,free_surface,2448,252.9043,2346.4995,9.278,2.523
cut,0.60000,0.60004,4,16,uni_z,2,3,2,free_surface,2448,252.9043,2346.4995,9.278,2.523
cut,0.60000,0.60004,4,16,uni_z,3,3,2,grip,2448,859.4065,5928.9369,6.899,6.374
cut,0.60000,0.60004,4,16,uni_z,0,0,3,grip,2448,974.4939,6520.5329,6.691,7.010
cut,0.60000,0.60004,4,16,uni_z,1,0,3,free_surface,2448,198.6062,1883.2096,9.482,2.025
cut,0.60000,0.60004,4,16,uni_z,2,0,3,free_surface,2448,198.6062,1883.2096,9.482,2.025
cut,0.60000,0.60004,4,16,uni_z,3,0,3,grip,2448,974.4939,6520.5329,6.691,7.010
cut,0.60000,0.60004,4,16,uni_z,0,1,3,grip,2448,958.2640,6531.4616,6.816,7.022
cut,0.60000,0.60004,4,16,uni_z,1,1,3,interior,2448,204.6230,1883.2909,9.204,2.025
cut,0.60000,0.60004,4,16,uni_z,2,1,3,interior,2448,204.6230,1883.2909,9.204,2.025
cut,0.60000,0.60004,4,16,uni_z,3,1,3,grip,2448,958.2640,6531.4616,6.816,7.022
cut,0.60000,0.60004,4,16,uni_z,0,2,3,grip,2448,958.2640,6531.4616,6.816,7.022
cut,0.60000,0.60004,4,16,uni_z,1,2,3,interior,2448,204.6230,1883.2909,9.204,2.025
cut,0.60000,0.60004,4,16,uni_z,2,2,3,interior,2448,204.6230,1883.2909,9.204,2.025
cut,0.60000,0.60004,4,16,uni_z,3,2,3,grip,2448,958.2640,6531.4616,6.816,7.022
cut,0.60000,0.60004,4,16,uni_z,0,3,3,grip,2448,974.4939,6520.5329,6.691,7.010
cut,0.60000,0.60004,4,16,uni_z,1,3,3,free_surface,2448,198.6062,1883.2096,9.482,2.025
cut,0.60000,0.60004,4,16,uni_z,2,3,3,free_surface,2448,198.6062,1883.2096,9.482,2.025
cut,0.60000,0.60004,4,16,uni_z,3,3,3,grip,2448,974.4939,6520.5329,6.691,7.010
cut,0.60000,0.60004,4,16,uni_z,0,0,4,cut_layer,1440,574.2699,6984.2781,12.162,7.509
cut,0.60000,0.60004,4,16,uni_z,1,0,4,cut_layer,1440,132.1131,1339.2097,10.137,1.440
cut,0.60000,0.60004,4,16,uni_z,2,0,4,cut_layer,1440,132.1131,1339.2097,10.137,1.440
cut,0.60000,0.60004,4,16,uni_z,3,0,4,cut_layer,1440,574.2699,6984.2781,12.162,7.509
cut,0.60000,0.60004,4,16,uni_z,0,1,4,cut_layer,1440,568.4167,6918.0314,12.171,7.437
cut,0.60000,0.60004,4,16,uni_z,1,1,4,cut_layer,1440,122.2306,1306.5335,10.689,1.405
cut,0.60000,0.60004,4,16,uni_z,2,1,4,cut_layer,1440,122.2306,1306.5335,10.689,1.405
cut,0.60000,0.60004,4,16,uni_z,3,1,4,cut_layer,1440,568.4167,6918.0314,12.171,7.437
cut,0.60000,0.60004,4,16,uni_z,0,2,4,cut_layer,1440,568.4167,6918.0314,12.171,7.437
cut,0.60000,0.60004,4,16,uni_z,1,2,4,cut_layer,1440,122.2306,1306.5335,10.689,1.405
cut,0.60000,0.60004,4,16,uni_z,2,2,4,cut_layer,1440,122.2306,1306.5335,10.689,1.405
cut,0.60000,0.60004,4,16,uni_z,3,2,4,cut_layer,1440,568.4167,6918.0314,12.171,7.437
cut,0.60000,0.60004,4,16,uni_z,0,3,4,cut_layer,1440,574.2699,6984.2781,12.162,7.509
cut,0.60000,0.60004,4,16,uni_z,1,3,4,cut_layer,1440,132.1131,1339.2097,10.137,1.440
cut,0.60000,0.60004,4,16,uni_z,2,3,4,cut_layer,1440,132.1131,1339.2097,10.137,1.440
cut,0.60000,0.60004,4,16,uni_z,3,3,4,cut_layer,1440,574.2699,6984.2781,12.162,7.509
cut,0.60000,0.60004,4,16,biax_xy,0,0,0,grip,2448,1397.6968,11144.8410,7.974,11.981
cut,0.60000,0.60004,4,16,biax_xy,1,0,0,free_surface,2448,1202.3096,7832.4789,6.515,8.420
cut,0.60000,0.60004,4,16,biax_xy,2,0,0,free_surface,2448,1202.3088,7832.4973,6.515,8.420
cut,0.60000,0.60004,4,16,biax_xy,3,0,0,grip,2448,1397.6918,11144.8349,7.974,11.981
cut,0.60000,0.60004,4,16,biax_xy,0,1,0,grip,2448,1064.4988,7730.8892,7.262,8.311
cut,0.60000,0.60004,4,16,biax_xy,1,1,0,free_surface,2448,1421.5368,8399.8071,5.909,9.030
cut,0.60000,0.60004,4,16,biax_xy,2,1,0,free_surface,2448,1421.5367,8399.7848,5.909,9.030
cut,0.60000,0.60004,4,16,biax_xy,3,1,0,grip,2448,1064.4938,7730.8483,7.262,8.311
cut,0.60000,0.60004,4,16,biax_xy,0,2,0,grip,2448,1064.4988,7730.8861,7.262,8.311
cut,0.60000,0.60004,4,16,biax_xy,1,2,0,free_surface,2448,1421.5367,8399.8074,5.909,9.030
cut,0.60000,0.60004,4,16,biax_xy,2,2,0,free_surface,2448,1421.5367,8399.7851,5.909,9.030
cut,0.60000,0.60004,4,16,biax_xy,3,2,0,grip,2448,1064.4937,7730.8452,7.262,8.311
cut,0.60000,0.60004,4,16,biax_xy,0,3,0,grip,2448,1397.6972,11144.8460,7.974,11.981
cut,0.60000,0.60004,4,16,biax_xy,1,3,0,free_surface,2448,1202.3095,7832.4786,6.515,8.420
cut,0.60000,0.60004,4,16,biax_xy,2,3,0,free_surface,2448,1202.3087,7832.4970,6.515,8.420
cut,0.60000,0.60004,4,16,biax_xy,3,3,0,grip,2448,1397.6921,11144.8399,7.974,11.981
cut,0.60000,0.60004,4,16,biax_xy,0,0,1,grip,2448,1287.8153,9707.6384,7.538,10.436
cut,0.60000,0.60004,4,16,biax_xy,1,0,1,free_surface,2448,1268.3500,8065.3955,6.359,8.671
cut,0.60000,0.60004,4,16,biax_xy,2,0,1,free_surface,2448,1268.3464,8065.3988,6.359,8.671
cut,0.60000,0.60004,4,16,biax_xy,3,0,1,grip,2448,1287.8093,9707.6169,7.538,10.436
cut,0.60000,0.60004,4,16,biax_xy,0,1,1,grip,2448,891.8667,7403.1003,8.301,7.959
cut,0.60000,0.60004,4,16,biax_xy,1,1,1,interior,2448,1466.8385,8592.8667,5.858,9.238
cut,0.60000,0.60004,4,16,biax_xy,2,1,1,interior,2448,1466.8345,8592.8370,5.858,9.238
cut,0.60000,0.60004,4,16,biax_xy,3,1,1,grip,2448,891.8626,7403.0718,8.301,7.959
cut,0.60000,0.60004,4,16,biax_xy,0,2,1,grip,2448,891.8668,7403.1002,8.301,7.959
cut,0.60000,0.60004,4,16,biax_xy,1,2,1,interior,2448,1466.8386,8592.8694,5.858,9.238
cut,0.60000,0.60004,4,16,biax_xy,2,2,1,interior,2448,1466.8346,8592.8397,5.858,9.238
cut,0.60000,0.60004,4,16,biax_xy,3,2,1,grip,2448,891.8628,7403.0717,8.301,7.959
cut,0.60000,0.60004,4,16,biax_xy,0,3,1,grip,2448,1287.8158,9707.6422,7.538,10.436
cut,0.60000,0.60004,4,16,biax_xy,1,3,1,free_surface,2448,1268.3503,8065.3969,6.359,8.671
cut,0.60000,0.60004,4,16,biax_xy,2,3,1,free_surface,2448,1268.3467,8065.4001,6.359,8.671
cut,0.60000,0.60004,4,16,biax_xy,3,3,1,grip,2448,1287.8098,9707.6207,7.538,10.436
cut,0.60000,0.60004,4,16,biax_xy,0,0,2,grip,2448,1277.6639,9690.1516,7.584,10.417
cut,0.60000,0.60004,4,16,biax_xy,1,0,2,free_surface,2448,1271.1064,8121.9924,6.390,8.732
cut,0.60000,0.60004,4,16,biax_xy,2,0,2,free_surface,2448,1271.1034,8121.9916,6.390,8.732
cut,0.60000,0.60004,4,16,biax_xy,3,0,2,grip,2448,1277.6598,9690.1485,7.584,10.417
cut,0.60000,0.60004,4,16,biax_xy,0,1,2,grip,2448,870.8564,7299.9845,8.383,7.848
cut,0.60000,0.60004,4,16,biax_xy,1,1,2,interior,2448,1467.2104,8608.2134,5.867,9.254
cut,0.60000,0.60004,4,16,biax_xy,2,1,2,interior,2448,1467.2061,8608.1891,5.867,9.254
cut,0.60000,0.60004,4,16,biax_xy,3,1,2,grip,2448,870.8573,7299.9633,8.383,7.848
cut,0.60000,0.60004,4,16,biax_xy,0,2,2,grip,2448,870.8560,7299.9797,8.383,7.848
cut,0.60000,0.60004,4,16,biax_xy,1,2,2,interior,2448,1467.2108,8608.2185,5.867,9.254
cut,0.60000,0.60004,4,16,biax_xy,2,2,2,interior,2448,1467.2065,8608.1942,5.867,9.254
cut,0.60000,0.60004,4,16,biax_xy,3,2,2,grip,2448,870.8569,7299.9585,8.383,7.848
cut,0.60000,0.60004,4,16,biax_xy,0,3,2,grip,2448,1277.6637,9690.1504,7.584,10.417
cut,0.60000,0.60004,4,16,biax_xy,1,3,2,free_surface,2448,1271.1072,8121.9957,6.390,8.732
cut,0.60000,0.60004,4,16,biax_xy,2,3,2,free_surface,2448,1271.1041,8121.9949,6.390,8.732
cut,0.60000,0.60004,4,16,biax_xy,3,3,2,grip,2448,1277.6596,9690.1473,7.584,10.417
cut,0.60000,0.60004,4,16,biax_xy,0,0,3,grip,2448,1320.9118,9772.4863,7.398,10.506
cut,0.60000,0.60004,4,16,biax_xy,1,0,3,free_surface,2448,1252.5981,7969.8988,6.363,8.568
cut,0.60000,0.60004,4,16,biax_xy,2,0,3,free_surface,2448,1252.6016,7969.9067,6.363,8.568
cut,0.60000,0.60004,4,16,biax_xy,3,0,3,grip,2448,1320.9154,9772.4904,7.398,10.506
cut,0.60000,0.60004,4,16,biax_xy,0,1,3,grip,2448,945.5641,7555.7184,7.991,8.123
cut,0.60000,0.60004,4,16,biax_xy,1,1,3,interior,2448,1469.9623,8538.1794,5.808,9.179
cut,0.60000,0.60004,4,16,biax_xy,2,1,3,interior,2448,1469.9632,8538.1612,5.808,9.179
cut,0.60000,0.60004,4,16,biax_xy,3,1,3,grip,2448,945.5715,7555.7485,7.991,8.123
cut,0.60000,0.60004,4,16,biax_xy,0,2,3,grip,2448,945.5637,7555.7115,7.991,8.123
cut,0.60000,0.60004,4,16,biax_xy,1,2,3,interior,2448,1469.9623,8538.1806,5.808,9.179
cut,0.60000,0.60004,4,16,biax_xy,2,2,3,interior,2448,1469.9633,8538.1624,5.808,9.179
cut,0.60000,0.60004,4,16,biax_xy,3,2,3,grip,2448,945.5711,7555.7417,7.991,8.123
cut,0.60000,0.60004,4,16,biax_xy,0,3,3,grip,2448,1320.9108,9772.4883,7.398,10.506
cut,0.60000,0.60004,4,16,biax_xy,1,3,3,free_surface,2448,1252.5983,7969.9013,6.363,8.568
cut,0.60000,0.60004,4,16,biax_xy,2,3,3,free_surface,2448,1252.6017,7969.9092,6.363,8.568
cut,0.60000,0.60004,4,16,biax_xy,3,3,3,grip,2448,1320.9145,9772.4924,7.398,10.506
cut,0.60000,0.60004,4,16,biax_xy,0,0,4,cut_layer,1440,1122.6765,10326.9697,9.199,11.102
cut,0.60000,0.60004,4,16,biax_xy,1,0,4,cut_layer,1440,897.2956,7792.5612,8.684,8.377
cut,0.60000,0.60004,4,16,biax_xy,2,0,4,cut_layer,1440,897.3003,7792.5993,8.684,8.378
cut,0.60000,0.60004,4,16,biax_xy,3,0,4,cut_layer,1440,1122.6841,10327.0164,9.199,11.102
cut,0.60000,0.60004,4,16,biax_xy,0,1,4,cut_layer,1440,892.9251,8164.6202,9.144,8.777
cut,0.60000,0.60004,4,16,biax_xy,1,1,4,cut_layer,1440,1082.5072,8224.7123,7.598,8.842
cut,0.60000,0.60004,4,16,biax_xy,2,1,4,cut_layer,1440,1082.5088,8224.7097,7.598,8.842
cut,0.60000,0.60004,4,16,biax_xy,3,1,4,cut_layer,1440,892.9327,8164.6980,9.144,8.778
cut,0.60000,0.60004,4,16,biax_xy,0,2,4,cut_layer,1440,892.9246,8164.6202,9.144,8.777
cut,0.60000,0.60004,4,16,biax_xy,1,2,4,cut_layer,1440,1082.5067,8224.7079,7.598,8.842
cut,0.60000,0.60004,4,16,biax_xy,2,2,4,cut_layer,1440,1082.5083,8224.7053,7.598,8.842
cut,0.60000,0.60004,4,16,biax_xy,3,2,4,cut_layer,1440,892.9322,8164.6980,9.144,8.778
cut,0.60000,0.60004,4,16,biax_xy,0,3,4,cut_layer,1440,1122.6755,10326.9717,9.199,11.102
cut,0.60000,0.60004,4,16,biax_xy,1,3,4,cut_layer,1440,897.2958,7792.5628,8.684,8.377
cut,0.60000,0.60004,4,16,biax_xy,2,3,4,cut_layer,1440,897.3005,7792.6010,8.684,8.378
cut,0.60000,0.60004,4,16,biax_xy,3,3,4,cut_layer,1440,1122.6831,10327.0183,9.199,11.102
cut,0.60000,0.60004,4,16,shear_xy,0,0,0,grip,2448,601.2179,4383.8336,7.292,6.263
cut,0.60000,0.60004,4,16,shear_xy,1,0,0,free_surface,2448,390.6520,2141.2614,5.481,3.059
cut,0.60000,0.60004,4,16,shear_xy,2,0,0,free_surface,2448,390.6520,2141.2473,5.481,3.059
cut,0.60000,0.60004,4,16,shear_xy,3,0,0,grip,2448,601.2180,4383.8288,7.292,6.263
cut,0.60000,0.60004,4,16,shear_xy,0,1,0,grip,2448,599.5346,2936.4572,4.898,4.196
cut,0.60000,0.60004,4,16,shear_xy,1,1,0,free_surface,2448,682.1739,3464.4384,5.079,4.950
cut,0.60000,0.60004,4,16,shear_xy,2,1,0,free_surface,2448,682.1733,3464.4333,5.079,4.950
cut,0.60000,0.60004,4,16,shear_xy,3,1,0,grip,2448,599.5337,2936.4578,4.898,4.196
cut,0.60000,0.60004,4,16,shear_xy,0,2,0,grip,2448,599.5357,2936.4626,4.898,4.196
cut,0.60000,0.60004,4,16,shear_xy,1,2,0,free_surface,2448,682.1729,3464.4309,5.079,4.950
cut,0.60000,0.60004,4,16,shear_xy,2,2,0,free_surface,2448,682.1723,3464.4258,5.079,4.950
cut,0.60000,0.60004,4,16,shear_xy,3,2,0,grip,2448,599.5349,2936.4631,4.898,4.196
cut,0.60000,0.60004,4,16,shear_xy,0,3,0,grip,2448,601.2197,4383.8321,7.292,6.263
cut,0.60000,0.60004,4,16,shear_xy,1,3,0,free_surface,2448,390.6510,2141.2575,5.481,3.059
cut,0.60000,0.60004,4,16,shear_xy,2,3,0,free_surface,2448,390.6510,2141.2434,5.481,3.059
cut,0.60000,0.60004,4,16,shear_xy,3,3,0,grip,2448,601.2198,4383.8273,7.292,6.263
cut,0.60000,0.60004,4,16,shear_xy,0,0,1,grip,2448,603.3879,4376.2767,7.253,6.253
cut,0.60000,0.60004,4,16,shear_xy,1,0,1,free_surface,2448,386.0328,2138.0732,5.539,3.055
cut,0.60000,0.60004,4,16,shear_xy,2,0,1,free_surface,2448,386.0336,2138.0720,5.539,3.055
cut,0.60000,0.60004,4,16,shear_xy,3,0,1,grip,2448,603.3883,4376.2734,7.253,6.253
cut,0.60000,0.60004,4,16,shear_xy,0,1,1,grip,2448,609.4285,2974.6050,4.881,4.250
cut,0.60000,0.60004,4,16,shear_xy,1,1,1,interior,2448,676.6818,3440.4395,5.084,4.916
cut,0.60000,0.60004,4,16,shear_xy,2,1,1,interior,2448,676.6815,3440.4354,5.084,4.916
cut,0.60000,0.60004,4,16,shear_xy,3,1,1,grip,2448,609.4300,2974.6077,4.881,4.250
cut,0.60000,0.60004,4,16,shear_xy,0,2,1,grip,2448,609.4289,2974.6063,4.881,4.250
cut,0.60000,0.60004,4,16,shear_xy,1,2,1,interior,2448,676.6812,3440.4348,5.084,4.916
cut,0.60000,0.60004,4,16,shear_xy,2,2,1,interior,2448,676.6809,3440.4308,5.084,4.916
cut,0.60000,0.60004,4,16,shear_xy,3,2,1,grip,2448,609.4303,2974.6091,4.881,4.250
cut,0.60000,0.60004,4,16,shear_xy,0,3,1,grip,2448,603.3881,4376.2759,7.253,6.253
cut,0.60000,0.60004,4,16,shear_xy,1,3,1,free_surface,2448,386.0326,2138.0659,5.539,3.055
cut,0.60000,0.60004,4,16,shear_xy,2,3,1,free_surface,2448,386.0334,2138.0647,5.539,3.055
cut,0.60000,0.60004,4,16,shear_xy,3,3,1,grip,2448,603.3885,4376.2726,7.253,6.253
cut,0.60000,0.60004,4,16,shear_xy,0,0,2,grip,2448,602.9804,4377.8455,7.260,6.255
cut,0.60000,0.60004,4,16,shear_xy,1,0,2,free_surface,2448,385.2607,2111.9335,5.482,3.017
cut,0.60000,0.60004,4,16,shear_xy,2,0,2,free_surface,2448,385.2614,2111.9402,5.482,3.017
cut,0.60000,0.60004,4,16,shear_xy,3,0,2,grip,2448,602.9813,4377.8420,7.260,6.255
cut,0.60000,0.60004,4,16,shear_xy,0,1,2,grip,2448,609.2487,2968.5930,4.873,4.241
cut,0.60000,0.60004,4,16,shear_xy,1,1,2,interior,2448,676.3479,3434.2369,5.078,4.907
cut,0.60000,0.60004,4,16,shear_xy,2,1,2,interior,2448,676.3473,3434.2358,5.078,4.907
cut,0.60000,0.60004,4,16,shear_xy,3,1,2,grip,2448,609.2504,2968.6015,4.873,4.241
cut,0.60000,0.60004,4,16,shear_xy,0,2,2,grip,2448,609.2482,2968.5924,4.873,4.241
cut,0.60000,0.60004,4,16,shear_xy,1,2,2,interior,2448,676.3481,3434.2374,5.078,4.907
cut,0.60000,0.60004,4,16,shear_xy,2,2,2,interior,2448,676.3476,3434.2362,5.078,4.907
cut,0.60000,0.60004,4,16,shear_xy,3,2,2,grip,2448,609.2500,2968.6009,4.873,4.241
cut,0.60000,0.60004,4,16,shear_xy,0,3,2,grip,2448,602.9801,4377.8417,7.260,6.255
cut,0.60000,0.60004,4,16,shear_xy,1,3,2,free_surface,2448,385.2619,2111.9467,5.482,3.017
cut,0.60000,0.60004,4,16,shear_xy,2,3,2,free_surface,2448,385.2626,2111.9533,5.482,3.017
cut,0.60000,0.60004,4,16,shear_xy,3,3,2,grip,2448,602.9810,4377.8382,7.260,6.255
cut,0.60000,0.60004,4,16,shear_xy,0,0,3,grip,2448,607.2179,4393.7568,7.236,6.278
cut,0.60000,0.60004,4,16,shear_xy,1,0,3,free_surface,2448,387.8214,2140.8285,5.520,3.059
cut,0.60000,0.60004,4,16,shear_xy,2,0,3,free_surface,2448,387.8212,2140.8260,5.520,3.059
cut,0.60000,0.60004,4,16,shear_xy,3,0,3,grip,2448,607.2185,4393.7538,7.236,6.278
cut,0.60000,0.60004,4,16,shear_xy,0,1,3,grip,2448,606.0453,2947.1062,4.863,4.211
cut,0.60000,0.60004,4,16,shear_xy,1,1,3,interior,2448,678.3160,3446.7709,5.081,4.925
cut,0.60000,0.60004,4,16,shear_xy,2,1,3,interior,2448,678.3147,3446.7669,5.081,4.925
cut,0.60000,0.60004,4,16,shear_xy,3,1,3,grip,2448,606.0460,2947.1067,4.863,4.211
cut,0.60000,0.60004,4,16,shear_xy,0,2,3,grip,2448,606.0450,2947.1057,4.863,4.211
cut,0.60000,0.60004,4,16,shear_xy,1,2,3,interior,2448,678.3164,3446.7745,5.081,4.925
cut,0.60000,0.60004,4,16,shear_xy,2,2,3,interior,2448,678.3151,3446.7705,5.081,4.925
cut,0.60000,0.60004,4,16,shear_xy,3,2,3,grip,2448,606.0457,2947.1061,4.863,4.211
cut,0.60000,0.60004,4,16,shear_xy,0,3,3,grip,2448,607.2169,4393.7546,7.236,6.278
cut,0.60000,0.60004,4,16,shear_xy,1,3,3,free_surface,2448,387.8228,2140.8465,5.520,3.059
cut,0.60000,0.60004,4,16,shear_xy,2,3,3,free_surface,2448,387.8226,2140.8440,5.520,3.059
cut,0.60000,0.60004,4,16,shear_xy,3,3,3,grip,2448,607.2176,4393.7517,7.236,6.278
cut,0.60000,0.60004,4,16,shear_xy,0,0,4,cut_layer,1440,473.1802,4430.6128,9.363,6.330
cut,0.60000,0.60004,4,16,shear_xy,1,0,4,cut_layer,1440,313.2478,2041.8904,6.518,2.917
cut,0.60000,0.60004,4,16,shear_xy,2,0,4,cut_layer,1440,313.2474,2041.9003,6.518,2.917
cut,0.60000,0.60004,4,16,shear_xy,3,0,4,cut_layer,1440,473.1798,4430.6065,9.363,6.330
cut,0.60000,0.60004,4,16,shear_xy,0,1,4,cut_layer,1440,477.8544,2881.2795,6.030,4.117
cut,0.60000,0.60004,4,16,shear_xy,1,1,4,cut_layer,1440,553.7969,3522.4252,6.360,5.033
cut,0.60000,0.60004,4,16,shear_xy,2,1,4,cut_layer,1440,553.7956,3522.4196,6.361,5.033
cut,0.60000,0.60004,4,16,shear_xy,3,1,4,cut_layer,1440,477.8540,2881.2762,6.030,4.117
cut,0.60000,0.60004,4,16,shear_xy,0,2,4,cut_layer,1440,477.8541,2881.2768,6.030,4.117
cut,0.60000,0.60004,4,16,shear_xy,1,2,4,cut_layer,1440,553.7968,3522.4229,6.360,5.033
cut,0.60000,0.60004,4,16,shear_xy,2,2,4,cut_layer,1440,553.7954,3522.4173,6.361,5.033
cut,0.60000,0.60004,4,16,shear_xy,3,2,4,cut_layer,1440,477.8538,2881.2735,6.030,4.117
cut,0.60000,0.60004,4,16,shear_xy,0,3,4,cut_layer,1440,473.1797,4430.6071,9.363,6.330
cut,0.60000,0.60004,4,16,shear_xy,1,3,4,cut_layer,1440,313.2472,2041.8396,6.518,2.917
cut,0.60000,0.60004,4,16,shear_xy,2,3,4,cut_layer,1440,313.2468,2041.8496,6.518,2.917
cut,0.60000,0.60004,4,16,shear_xy,3,3,4,cut_layer,1440,473.1793,4430.6008,9.363,6.330
cut,0.60000,0.60004,4,16,shear_diag,0,0,0,grip,2448,1513.0419,7526.4089,4.974,4.672
cut,0.60000,0.60004,4,16,shear_diag,1,0,0,free_surface,2448,1255.5105,7479.8868,5.958,4.643
cut,0.60000,0.60004,4,16,shear_diag,2,0,0,free_surface,2448,1255.5099,7479.8723,5.958,4.643
cut,0.60000,0.60004,4,16,shear_diag,3,0,0,grip,2448,1513.0344,7526.3686,4.974,4.672
cut,0.60000,0.60004,4,16,shear_diag,0,1,0,grip,2448,1684.8843,7442.3568,4.417,4.619
cut,0.60000,0.60004,4,16,shear_diag,1,1,0,free_surface,2448,1151.7945,6044.3481,5.248,3.752
cut,0.60000,0.60004,4,16,shear_diag,2,1,0,free_surface,2448,1151.7953,6044.3297,5.248,3.752
cut,0.60000,0.60004,4,16,shear_diag,3,1,0,grip,2448,1684.8813,7442.3147,4.417,4.619
cut,0.60000,0.60004,4,16,shear_diag,0,2,0,grip,2448,1684.8842,7442.3522,4.417,4.619
cut,0.60000,0.60004,4,16,shear_diag,1,2,0,free_surface,2448,1151.7943,6044.3485,5.248,3.752
cut,0.60000,0.60004,4,16,shear_diag,2,2,0,free_surface,2448,1151.7951,6044.3301,5.248,3.752
cut,0.60000,0.60004,4,16,shear_diag,3,2,0,grip,2448,1684.8812,7442.3100,4.417,4.619
cut,0.60000,0.60004,4,16,shear_diag,0,3,0,grip,2448,1513.0418,7526.4013,4.974,4.672
cut,0.60000,0.60004,4,16,shear_diag,1,3,0,free_surface,2448,1255.5105,7479.8869,5.958,4.643
cut,0.60000,0.60004,4,16,shear_diag,2,3,0,free_surface,2448,1255.5099,7479.8723,5.958,4.643
cut,0.60000,0.60004,4,16,shear_diag,3,3,0,grip,2448,1513.0343,7526.3609,4.974,4.672
cut,0.60000,0.60004,4,16,shear_diag,0,0,1,grip,2448,1474.1702,7307.8067,4.957,4.536
cut,0.60000,0.60004,4,16,shear_diag,1,0,1,free_surface,2448,1293.0147,7534.3244,5.827,4.676
cut,0.60000,0.60004,4,16,shear_diag,2,0,1,free_surface,2448,1293.0113,7534.2986,5.827,4.676
cut,0.60000,0.60004,4,16,shear_diag,3,0,1,grip,2448,1474.1644,7307.7845,4.957,4.536
cut,0.60000,0.60004,4,16,shear_diag,0,1,1,grip,2448,1656.5999,7265.2230,4.386,4.509
cut,0.60000,0.60004,4,16,shear_diag,1,1,1,interior,2448,1197.7290,6214.7966,5.189,3.857
cut,0.60000,0.60004,4,16,shear_diag,2,1,1,interior,2448,1197.7250,6214.7973,5.189,3.857
cut,0.60000,0.60004,4,16,shear_diag,3,1,1,grip,2448,1656.5955,7265.1750,4.386,4.509
cut,0.60000,0.60004,4,16,shear_diag,0,2,1,grip,2448,1656.6001,7265.2229,4.386,4.509
cut,0.60000,0.60004,4,16,shear_diag,1,2,1,interior,2448,1197.7287,6214.7955,5.189,3.857
cut,0.60000,0.60004,4,16,shear_diag,2,2,1,interior,2448,1197.7247,6214.7962,5.189,3.857
cut,0.60000,0.60004,4,16,shear_diag,3,2,1,grip,2448,1656.5956,7265.1749,4.386,4.509
cut,0.60000,0.60004,4,16,shear_diag,0,3,1,grip,2448,1474.1706,7307.8111,4.957,4.536
cut,0.60000,0.60004,4,16,shear_diag,1,3,1,free_surface,2448,1293.0144,7534.3253,5.827,4.676
cut,0.60000,0.60004,4,16,shear_diag,2,3,1,free_surface,2448,1293.0110,7534.2995,5.827,4.676
cut,0.60000,0.60004,4,16,shear_diag,3,3,1,grip,2448,1474.1648,7307.7888,4.957,4.536
cut,0.60000,0.60004,4,16,shear_diag,0,0,2,grip,2448,1472.0184,7283.2549,4.948,4.521
cut,0.60000,0.60004,4,16,shear_diag,1,0,2,free_surface,2448,1291.3038,7524.8256,5.827,4.671
cut,0.60000,0.60004,4,16,shear_diag,2,0,2,free_surface,2448,1291.3004,7524.8192,5.827,4.671
cut,0.60000,0.60004,4,16,shear_diag,3,0,2,grip,2448,1472.0166,7283.2327,4.948,4.521
cut,0.60000,0.60004,4,16,shear_diag,0,1,2,grip,2448,1655.6304,7214.4907,4.358,4.478
cut,0.60000,0.60004,4,16,shear_diag,1,1,2,interior,2448,1198.6284,6206.1557,5.178,3.852
cut,0.60000,0.60004,4,16,shear_diag,2,1,2,interior,2448,1198.6234,6206.1368,5.178,3.852
cut,0.60000,0.60004,4,16,shear_diag,3,1,2,grip,2448,1655.6303,7214.5145,4.358,4.478
cut,0.60000,0.60004,4,16,shear_diag,0,2,2,grip,2448,1655.6306,7214.4946,4.358,4.478
cut,0.60000,0.60004,4,16,shear_diag,1,2,2,interior,2448,1198.6281,6206.1510,5.178,3.852
cut,0.60000,0.60004,4,16,shear_diag,2,2,2,interior,2448,1198.6231,6206.1320,5.178,3.852
cut,0.60000,0.60004,4,16,shear_diag,3,2,2,grip,2448,1655.6305,7214.5184,4.358,4.478
cut,0.60000,0.60004,4,16,shear_diag,0,3,2,grip,2448,1472.0189,7283.2592,4.948,4.521
cut,0.60000,0.60004,4,16,shear_diag,1,3,2,free_surface,2448,1291.3031,7524.8197,5.827,4.671
cut,0.60000,0.60004,4,16,shear_diag,2,3,2,free_surface,2448,1291.2998,7524.8133,5.827,4.671
cut,0.60000,0.60004,4,16,shear_diag,3,3,2,grip,2448,1472.0171,7283.2370,4.948,4.521
cut,0.60000,0.60004,4,16,shear_diag,0,0,3,grip,2448,1489.4763,7512.8978,5.044,4.663
cut,0.60000,0.60004,4,16,shear_diag,1,0,3,free_surface,2448,1288.3633,7525.3656,5.841,4.671
cut,0.60000,0.60004,4,16,shear_diag,2,0,3,free_surface,2448,1288.3669,7525.3472,5.841,4.671
cut,0.60000,0.60004,4,16,shear_diag,3,0,3,grip,2448,1489.4809,7512.9520,5.044,4.663
cut,0.60000,0.60004,4,16,shear_diag,0,1,3,grip,2448,1670.3507,7601.9392,4.551,4.718
cut,0.60000,0.60004,4,16,shear_diag,1,1,3,interior,2448,1184.4646,6133.3503,5.178,3.807
cut,0.60000,0.60004,4,16,shear_diag,2,1,3,interior,2448,1184.4645,6133.3617,5.178,3.807
cut,0.60000,0.60004,4,16,shear_diag,3,1,3,grip,2448,1670.3584,7602.0080,4.551,4.718
cut,0.60000,0.60004,4,16,shear_diag,0,2,3,grip,2448,1670.3507,7601.9389,4.551,4.718
cut,0.60000,0.60004,4,16,shear_diag,1,2,3,interior,2448,1184.4647,6133.3460,5.178,3.807
cut,0.60000,0.60004,4,16,shear_diag,2,2,3,interior,2448,1184.4646,6133.3574,5.178,3.807
cut,0.60000,0.60004,4,16,shear_diag,3,2,3,grip,2448,1670.3585,7602.0077,4.551,4.718
cut,0.60000,0.60004,4,16,shear_diag,0,3,3,grip,2448,1489.4763,7512.8970,5.044,4.663
cut,0.60000,0.60004,4,16,shear_diag,1,3,3,free_surface,2448,1288.3632,7525.3589,5.841,4.671
cut,0.60000,0.60004,4,16,shear_diag,2,3,3,free_surface,2448,1288.3668,7525.3406,5.841,4.671
cut,0.60000,0.60004,4,16,shear_diag,3,3,3,grip,2448,1489.4809,7512.9512,5.044,4.663
cut,0.60000,0.60004,4,16,shear_diag,0,0,4,cut_layer,1440,1216.2448,7778.7120,6.396,4.828
cut,0.60000,0.60004,4,16,shear_diag,1,0,4,cut_layer,1440,933.4096,7561.9129,8.101,4.694
cut,0.60000,0.60004,4,16,shear_diag,2,0,4,cut_layer,1440,933.4147,7561.9560,8.101,4.694
cut,0.60000,0.60004,4,16,shear_diag,3,0,4,cut_layer,1440,1216.2514,7778.7681,6.396,4.828
cut,0.60000,0.60004,4,16,shear_diag,0,1,4,cut_layer,1440,1349.2614,7571.4657,5.612,4.700
cut,0.60000,0.60004,4,16,shear_diag,1,1,4,cut_layer,1440,849.3675,6036.5987,7.107,3.747
cut,0.60000,0.60004,4,16,shear_diag,2,1,4,cut_layer,1440,849.3692,6036.6387,7.107,3.747
cut,0.60000,0.60004,4,16,shear_diag,3,1,4,cut_layer,1440,1349.2712,7571.5562,5.612,4.700
cut,0.60000,0.60004,4,16,shear_diag,0,2,4,cut_layer,1440,1349.2609,7571.4615,5.612,4.699
cut,0.60000,0.60004,4,16,shear_diag,1,2,4,cut_layer,1440,849.3680,6036.5976,7.107,3.747
cut,0.60000,0.60004,4,16,shear_diag,2,2,4,cut_layer,1440,849.3697,6036.6376,7.107,3.747
cut,0.60000,0.60004,4,16,shear_diag,3,2,4,cut_layer,1440,1349.2707,7571.5520,5.612,4.700
cut,0.60000,0.60004,4,16,shear_diag,0,3,4,cut_layer,1440,1216.2446,7778.7126,6.396,4.828
cut,0.60000,0.60004,4,16,shear_diag,1,3,4,cut_layer,1440,933.4093,7561.9199,8.101,4.694
cut,0.60000,0.60004,4,16,shear_diag,2,3,4,cut_layer,1440,933.4144,7561.9630,8.101,4.694
cut,0.60000,0.60004,4,16,shear_diag,3,3,4,cut_layer,1440,1216.2513,7778.7687,6.396,4.828
cut,0.60000,0.60004,4,16,uni_111,0,0,0,grip,2448,1477.0483,13314.9768,9.015,16.475
cut,0.60000,0.60004,4,16,uni_111,1,0,0,free_surface,2448,648.2816,4603.7069,7.101,5.696
cut,0.60000,0.60004,4,16,uni_111,2,0,0,free_surface,2448,255.0389,2413.4791,9.463,2.986
cut,0.60000,0.60004,4,16,uni_111,3,0,0,grip,2448,421.9738,5005.9594,11.863,6.194
cut,0.60000,0.60004,4,16,uni_111,0,1,0,grip,2448,1178.7830,8528.4548,7.235,10.553
cut,0.60000,0.60004,4,16,uni_111,1,1,0,free_surface,2448,831.5939,5582.8593,6.713,6.908
cut,0.60000,0.60004,4,16,uni_111,2,1,0,free_surface,2448,524.9918,3918.4058,7.464,4.848
cut,0.60000,0.60004,4,16,uni_111,3,1,0,grip,2448,357.7300,3649.5753,10.202,4.516
cut,0.60000,0.60004,4,16,uni_111,0,2,0,grip,2448,904.7760,6623.7231,7.321,8.196
cut,0.60000,0.60004,4,16,uni_111,1,2,0,free_surface,2448,790.3778,4947.4510,6.260,6.122
cut,0.60000,0.60004,4,16,uni_111,2,2,0,free_surface,2448,630.5445,4315.5784,6.844,5.340
cut,0.60000,0.60004,4,16,uni_111,3,2,0,grip,2448,410.1335,3257.1992,7.942,4.030
cut,0.60000,0.60004,4,16,uni_111,0,3,0,grip,2448,514.2929,4817.5482,9.367,5.961
cut,0.60000,0.60004,4,16,uni_111,1,3,0,free_surface,2448,588.3467,3789.5570,6.441,4.689
cut,0.60000,0.60004,4,16,uni_111,2,3,0,free_surface,2448,582.3223,3760.3968,6.458,4.653
cut,0.60000,0.60004,4,16,uni_111,3,3,0,grip,2448,490.9794,4691.4075,9.555,5.805
cut,0.60000,0.60004,4,16,uni_111,0,0,1,grip,2448,1213.4389,8805.9785,7.257,10.896
cut,0.60000,0.60004,4,16,uni_111,1,0,1,free_surface,2448,842.9611,5683.8123,6.743,7.033
cut,0.60000,0.60004,4,16,uni_111,2,0,1,free_surface,2448,513.9282,3946.0590,7.678,4.883
cut,0.60000,0.60004,4,16,uni_111,3,0,1,grip,2448,357.5943,3741.9877,10.464,4.630
cut,0.60000,0.60004,4,16,uni_111,0,1,1,grip,2448,966.6473,6707.9024,6.939,8.300
cut,0.60000,0.60004,4,16,uni_111,1,1,1,interior,2448,942.0361,5822.1361,6.180,7.204
cut,0.60000,0.60004,4,16,uni_111,2,1,1,interior,2448,751.3320,4916.7886,6.544,6.084
cut,0.60000,0.60004,4,16,uni_111,3,1,1,grip,2448,487.6819,3693.3717,7.573,4.570
cut,0.60000,0.60004,4,16,uni_111,0,2,1,grip,2448,725.8891,5283.8882,7.279,6.538
cut,0.60000,0.60004,4,16,uni_111,1,2,1,interior,2448,862.5803,5364.9603,6.220,6.638
cut,0.60000,0.60004,4,16,uni_111,2,2,1,interior,2448,838.6952,5276.4487,6.291,6.529
cut,0.60000,0.60004,4,16,uni_111,3,2,1,grip,2448,664.1727,4934.7918,7.430,6.106
cut,0.60000,0.60004,4,16,uni_111,0,3,1,grip,2448,440.3518,3515.3736,7.983,4.350
cut,0.60000,0.60004,4,16,uni_111,1,3,1,free_surface,2448,651.0282,4436.2821,6.814,5.489
cut,0.60000,0.60004,4,16,uni_111,2,3,1,free_surface,2448,784.5635,4856.0447,6.189,6.009
cut,0.60000,0.60004,4,16,uni_111,3,3,1,grip,2448,863.4663,6412.3547,7.426,7.934
cut,0.60000,0.60004,4,16,uni_111,0,0,2,grip,2448,984.5981,7322.2314,7.437,9.060
cut,0.60000,0.60004,4,16,uni_111,1,0,2,free_surface,2448,821.7460,5224.7952,6.358,6.465
cut,0.60000,0.60004,4,16,uni_111,2,0,2,free_surface,2448,632.1935,4448.0448,7.036,5.504
cut,0.60000,0.60004,4,16,uni_111,3,0,2,grip,2448,403.4088,3283.9836,8.141,4.063
cut,0.60000,0.60004,4,16,uni_111,0,1,2,grip,2448,764.4899,5569.3362,7.285,6.891
cut,0.60000,0.60004,4,16,uni_111,1,1,2,interior,2448,889.7561,5462.5290,6.139,6.759
cut,0.60000,0.60004,4,16,uni_111,2,1,2,interior,2448,849.3986,5397.9677,6.355,6.679
cut,0.60000,0.60004,4,16,uni_111,3,1,2,grip,2448,652.8124,4821.9161,7.386,5.966
cut,0.60000,0.60004,4,16,uni_111,0,2,2,grip,2448,560.0454,4187.4287,7.477,5.181
cut,0.60000,0.60004,4,16,uni_111,1,2,2,interior,2448,804.3513,5226.4091,6.498,6.467
cut,0.60000,0.60004,4,16,uni_111,2,2,2,interior,2448,931.7867,5652.8031,6.067,6.994
cut,0.60000,0.60004,4,16,uni_111,3,2,2,grip,2448,878.5865,6226.5123,7.087,7.704
cut,0.60000,0.60004,4,16,uni_111,0,3,2,grip,2448,364.0041,3522.7446,9.678,4.359
cut,0.60000,0.60004,4,16,uni_111,1,3,2,free_surface,2448,576.3294,4262.1919,7.395,5.274
cut,0.60000,0.60004,4,16,uni_111,2,3,2,free_surface,2448,847.9843,5558.1157,6.555,6.877
cut,0.60000,0.60004,4,16,uni_111,3,3,2,grip,2448,1114.0890,8189.1530,7.351,10.133
cut,0.60000,0.60004,4,16,uni_111,0,0,3,grip,2448,687.4915,5296.2476,7.704,6.553
cut,0.60000,0.60004,4,16,uni_111,1,0,3,free_surface,2448,705.7842,4203.0409,5.955,5.201
cut,0.60000,0.60004,4,16,uni_111,2,0,3,free_surface,2448,644.6438,4205.3381,6.524,5.203
cut,0.60000,0.60004,4,16,uni_111,3,0,3,grip,2448,486.3241,4227.1315,8.692,5.230
cut,0.60000,0.60004,4,16,uni_111,0,1,3,grip,2448,538.3753,4079.5832,7.578,5.048
cut,0.60000,0.60004,4,16,uni_111,1,1,3,interior,2448,748.1421,4854.3296,6.489,6.006
cut,0.60000,0.60004,4,16,uni_111,2,1,3,interior,2448,853.5928,5179.9737,6.068,6.409
cut,0.60000,0.60004,4,16,uni_111,3,1,3,grip,2448,818.9024,6157.0393,7.519,7.618
cut,0.60000,0.60004,4,16,uni_111,0,2,3,grip,2448,421.1664,3327.9960,7.902,4.118
cut,0.60000,0.60004,4,16,uni_111,1,2,3,interior,2448,652.7326,4471.6795,6.851,5.533
cut,0.60000,0.60004,4,16,uni_111,2,2,3,interior,2448,921.2965,5869.3743,6.371,7.262
cut,0.60000,0.60004,4,16,uni_111,3,2,3,grip,2448,1075.9507,7634.1011,7.095,9.446
cut,0.60000,0.60004,4,16,uni_111,0,3,3,grip,2448,399.1980,4027.7046,10.089,4.984
cut,0.60000,0.60004,4,16,uni_111,1,3,3,free_surface,2448,393.1651,3192.7387,8.121,3.951
cut,0.60000,0.60004,4,16,uni_111,2,3,3,free_surface,2448,785.1155,5547.6740,7.066,6.864
cut,0.60000,0.60004,4,16,uni_111,3,3,3,grip,2448,1346.7828,9594.2218,7.124,11.871
cut,0.60000,0.60004,4,16,uni_111,0,0,4,cut_layer,1440,327.4456,3664.2996,11.191,4.534
cut,0.60000,0.60004,4,16,uni_111,1,0,4,cut_layer,1440,392.4233,3107.4378,7.919,3.845
cut,0.60000,0.60004,4,16,uni_111,2,0,4,cut_layer,1440,414.2310,3567.5833,8.613,4.414
cut,0.60000,0.60004,4,16,uni_111,3,0,4,cut_layer,1440,389.9179,4928.0297,12.639,6.098
cut,0.60000,0.60004,4,16,uni_111,0,1,4,cut_layer,1440,335.2614,3381.0222,10.085,4.183
cut,0.60000,0.60004,4,16,uni_111,1,1,4,cut_layer,1440,448.2568,3410.4965,7.608,4.220
cut,0.60000,0.60004,4,16,uni_111,2,1,4,cut_layer,1440,580.0811,4341.2886,7.484,5.372
cut,0.60000,0.60004,4,16,uni_111,3,1,4,cut_layer,1440,723.5603,7425.2342,10.262,9.188
cut,0.60000,0.60004,4,16,uni_111,0,2,4,cut_layer,1440,324.8113,3789.7265,11.667,4.689
cut,0.60000,0.60004,4,16,uni_111,1,2,4,cut_layer,1440,357.8167,2936.0254,8.205,3.633
cut,0.60000,0.60004,4,16,uni_111,2,2,4,cut_layer,1440,599.2679,4711.4336,7.862,5.830
cut,0.60000,0.60004,4,16,uni_111,3,2,4,cut_layer,1440,941.4018,9080.6320,9.646,11.236
cut,0.60000,0.60004,4,16,uni_111,0,3,4,cut_layer,1440,385.9029,4400.2045,11.402,5.445
cut,0.60000,0.60004,4,16,uni_111,1,3,4,cut_layer,1440,140.5459,1629.6359,11.595,2.016
cut,0.60000,0.60004,4,16,uni_111,2,3,4,cut_layer,1440,412.1707,3682.4383,8.934,4.556
cut,0.60000,0.60004,4,16,uni_111,3,3,4,cut_layer,1440,1153.2267,12332.6735,10.694,15.260
cut,0.60000,0.60004,4,16,hydro,0,0,0,grip,2448,1566.6014,16801.7308,10.725,-1.000
cut,0.60000,0.60004,4,16,hydro,1,0,0,free_surface,2448,1160.5213,8429.4076,7.263,-1.000
cut,0.60000,0.60004,4,16,hydro,2,0,0,free_surface,2448,1160.5207,8429.4335,7.263,-1.000
cut,0.60000,0.60004,4,16,hydro,3,0,0,grip,2448,1566.5959,16801.7175,10.725,-1.000
cut,0.60000,0.60004,4,16,hydro,0,1,0,grip,2448,1208.8852,10227.7379,8.460,-1.000
cut,0.60000,0.60004,4,16,hydro,1,1,0,free_surface,2448,1389.5541,9244.6088,6.653,-1.000
cut,0.60000,0.60004,4,16,hydro,2,1,0,free_surface,2448,1389.5543,9244.6250,6.653,-1.000
cut,0.60000,0.60004,4,16,hydro,3,1,0,grip,2448,1208.8816,10227.7214,8.460,-1.000
cut,0.60000,0.60004,4,16,hydro,0,2,0,grip,2448,1208.8853,10227.7389,8.460,-1.000
cut,0.60000,0.60004,4,16,hydro,1,2,0,free_surface,2448,1389.5541,9244.6088,6.653,-1.000
cut,0.60000,0.60004,4,16,hydro,2,2,0,free_surface,2448,1389.5543,9244.6250,6.653,-1.000
cut,0.60000,0.60004,4,16,hydro,3,2,0,grip,2448,1208.8817,10227.7224,8.460,-1.000
cut,0.60000,0.60004,4,16,hydro,0,3,0,grip,2448,1566.6019,16801.7372,10.725,-1.000
cut,0.60000,0.60004,4,16,hydro,1,3,0,free_surface,2448,1160.5212,8429.4104,7.263,-1.000
cut,0.60000,0.60004,4,16,hydro,2,3,0,free_surface,2448,1160.5206,8429.4364,7.263,-1.000
cut,0.60000,0.60004,4,16,hydro,3,3,0,grip,2448,1566.5964,16801.7239,10.725,-1.000
cut,0.60000,0.60004,4,16,hydro,0,0,1,grip,2448,1196.7632,10163.6898,8.493,-1.000
cut,0.60000,0.60004,4,16,hydro,1,0,1,free_surface,2448,1397.5369,9320.6102,6.669,-1.000
cut,0.60000,0.60004,4,16,hydro,2,0,1,free_surface,2448,1397.5339,9320.6143,6.669,-1.000
cut,0.60000,0.60004,4,16,hydro,3,0,1,grip,2448,1196.7606,10163.6763,8.493,-1.000
cut,0.60000,0.60004,4,16,hydro,0,1,1,grip,2448,608.8025,8397.0415,13.793,-1.000
cut,0.60000,0.60004,4,16,hydro,1,1,1,interior,2448,1586.6341,9899.4566,6.239,-1.000
cut,0.60000,0.60004,4,16,hydro,2,1,1,interior,2448,1586.6303,9899.4376,6.239,-1.000
cut,0.60000,0.60004,4,16,hydro,3,1,1,grip,2448,608.8041,8397.0207,13.793,-1.000
cut,0.60000,0.60004,4,16,hydro,0,2,1,grip,2448,608.8031,8397.0394,13.793,-1.000
cut,0.60000,0.60004,4,16,hydro,1,2,1,interior,2448,1586.6343,9899.4563,6.239,-1.000
cut,0.60000,0.60004,4,16,hydro,2,2,1,interior,2448,1586.6305,9899.4373,6.239,-1.000
cut,0.60000,0.60004,4,16,hydro,3,2,1,grip,2448,608.8047,8397.0185,13.793,-1.000
cut,0.60000,0.60004,4,16,hydro,0,3,1,grip,2448,1196.7636,10163.6925,8.493,-1.000
cut,0.60000,0.60004,4,16,hydro,1,3,1,free_surface,2448,1397.5372,9320.6117,6.669,-1.000
cut,0.60000,0.60004,4,16,hydro,2,3,1,free_surface,2448,1397.5343,9320.6158,6.669,-1.000
cut,0.60000,0.60004,4,16,hydro,3,3,1,grip,2448,1196.7610,10163.6791,8.493,-1.000
cut,0.60000,0.60004,4,16,hydro,0,0,2,grip,2448,1121.2516,9963.3384,8.886,-1.000
cut,0.60000,0.60004,4,16,hydro,1,0,2,free_surface,2448,1401.5605,9452.9462,6.745,-1.000
cut,0.60000,0.60004,4,16,hydro,2,0,2,free_surface,2448,1401.5575,9452.9444,6.745,-1.000
cut,0.60000,0.60004,4,16,hydro,3,0,2,grip,2448,1121.2485,9963.3444,8.886,-1.000
cut,0.60000,0.60004,4,16,hydro,0,1,2,grip,2448,421.9796,7921.3889,18.772,-1.000
cut,0.60000,0.60004,4,16,hydro,1,1,2,interior,2448,1586.8534,9987.5288,6.294,-1.000
cut,0.60000,0.60004,4,16,hydro,2,1,2,interior,2448,1586.8488,9987.5021,6.294,-1.000
cut,0.60000,0.60004,4,16,hydro,3,1,2,grip,2448,421.9774,7921.3911,18.772,-1.000
cut,0.60000,0.60004,4,16,hydro,0,2,2,grip,2448,421.9800,7921.3909,18.772,-1.000
cut,0.60000,0.60004,4,16,hydro,1,2,2,interior,2448,1586.8539,9987.5303,6.294,-1.000
cut,0.60000,0.60004,4,16,hydro,2,2,2,interior,2448,1586.8492,9987.5036,6.294,-1.000
cut,0.60000,0.60004,4,16,hydro,3,2,2,grip,2448,421.9778,7921.3932,18.772,-1.000
cut,0.60000,0.60004,4,16,hydro,0,3,2,grip,2448,1121.2518,9963.3414,8.886,-1.000
cut,0.60000,0.60004,4,16,hydro,1,3,2,free_surface,2448,1401.5612,9452.9492,6.745,-1.000
cut,0.60000,0.60004,4,16,hydro,2,3,2,free_surface,2448,1401.5582,9452.9475,6.745,-1.000
cut,0.60000,0.60004,4,16,hydro,3,3,2,grip,2448,1121.2488,9963.3475,8.886,-1.000
cut,0.60000,0.60004,4,16,hydro,0,0,3,grip,2448,1387.6543,11396.3326,8.213,-1.000
cut,0.60000,0.60004,4,16,hydro,1,0,3,free_surface,2448,1354.1843,9101.6599,6.721,-1.000
cut,0.60000,0.60004,4,16,hydro,2,0,3,free_surface,2448,1354.1875,9101.6485,6.721,-1.000
cut,0.60000,0.60004,4,16,hydro,3,0,3,grip,2448,1387.6540,11396.3282,8.213,-1.000
cut,0.60000,0.60004,4,16,hydro,0,1,3,grip,2448,946.2953,9888.3890,10.450,-1.000
cut,0.60000,0.60004,4,16,hydro,1,1,3,interior,2448,1569.2448,9722.1245,6.195,-1.000
cut,0.60000,0.60004,4,16,hydro,2,1,3,interior,2448,1569.2451,9722.1126,6.195,-1.000
cut,0.60000,0.60004,4,16,hydro,3,1,3,grip,2448,946.2940,9888.4366,10.450,-1.000
cut,0.60000,0.60004,4,16,hydro,0,2,3,grip,2448,946.2944,9888.3908,10.450,-1.000
cut,0.60000,0.60004,4,16,hydro,1,2,3,interior,2448,1569.2449,9722.1279,6.195,-1.000
cut,0.60000,0.60004,4,16,hydro,2,2,3,interior,2448,1569.2452,9722.1161,6.195,-1.000
cut,0.60000,0.60004,4,16,hydro,3,2,3,grip,2448,946.2932,9888.4384,10.450,-1.000
cut,0.60000,0.60004,4,16,hydro,0,3,3,grip,2448,1387.6533,11396.3259,8.213,-1.000
cut,0.60000,0.60004,4,16,hydro,1,3,3,free_surface,2448,1354.1844,9101.6628,6.721,-1.000
cut,0.60000,0.60004,4,16,hydro,2,3,3,free_surface,2448,1354.1876,9101.6514,6.721,-1.000
cut,0.60000,0.60004,4,16,hydro,3,3,3,grip,2448,1387.6530,11396.3214,8.213,-1.000
cut,0.60000,0.60004,4,16,hydro,0,0,4,cut_layer,1440,1202.3411,14918.5764,12.408,-1.000
cut,0.60000,0.60004,4,16,hydro,1,0,4,cut_layer,1440,767.8237,7161.0065,9.326,-1.000
cut,0.60000,0.60004,4,16,hydro,2,0,4,cut_layer,1440,767.8284,7161.0430,9.326,-1.000
cut,0.60000,0.60004,4,16,hydro,3,0,4,cut_layer,1440,1202.3468,14918.6354,12.408,-1.000
cut,0.60000,0.60004,4,16,hydro,0,1,4,cut_layer,1440,977.0335,11694.1136,11.969,-1.000
cut,0.60000,0.60004,4,16,hydro,1,1,4,cut_layer,1440,967.1561,7947.5369,8.217,-1.000
cut,0.60000,0.60004,4,16,hydro,2,1,4,cut_layer,1440,967.1577,7947.5341,8.217,-1.000
cut,0.60000,0.60004,4,16,hydro,3,1,4,cut_layer,1440,977.0381,11694.1764,11.969,-1.000
cut,0.60000,0.60004,4,16,hydro,0,2,4,cut_layer,1440,977.0330,11694.1058,11.969,-1.000
cut,0.60000,0.60004,4,16,hydro,1,2,4,cut_layer,1440,967.1556,7947.5324,8.217,-1.000
cut,0.60000,0.60004,4,16,hydro,2,2,4,cut_layer,1440,967.1573,7947.5296,8.217,-1.000
cut,0.60000,0.60004,4,16,hydro,3,2,4,cut_layer,1440,977.0377,11694.1686,11.969,-1.000
cut,0.60000,0.60004,4,16,hydro,0,3,4,cut_layer,1440,1202.3401,14918.5674,12.408,-1.000
cut,0.60000,0.60004,4,16,hydro,1,3,4,cut_layer,1440,767.8239,7161.0073,9.326,-1.000
cut,0.60000,0.60004,4,16,hydro,2,3,4,cut_layer,1440,767.8286,7161.0438,9.326,-1.000
cut,0.60000,0.60004,4,16,hydro,3,3,4,cut_layer,1440,1202.3458,14918.6264,12.408,-1.000
