ISO-10303-21;
HEADER;

/* File generated by Shapr3D Version 26.120.0.11243 */

FILE_DESCRIPTION(('HOOPS Exchange Step'),'2;1');

FILE_NAME('/private/var/mobile/Containers/Data/Application/75629B9B-5FE2-4143-B4D1-0A3269C1C910/tmp/export/temp_export',
'2026-07-19T21:37:18+20:00',
('mobile'),
('Shapr3D Limited'),
'HOOPS Exchange 2026.3',
'Shapr3D',
'Authorized');

FILE_SCHEMA( ('AP242_MANAGED_MODEL_BASED_3D_ENGINEERING_MIM_LF {1 0 10303 442 1 1 4}') );

ENDSEC;

DATA;
#3=(NAMED_UNIT(*)PLANE_ANGLE_UNIT()SI_UNIT($,.RADIAN.));
#4=PLANE_ANGLE_MEASURE_WITH_UNIT(PLANE_ANGLE_MEASURE(0.0174532925),#3);
#5=(CONVERSION_BASED_UNIT('DEGREE',#4)NAMED_UNIT(#6)PLANE_ANGLE_UNIT());
#6=DIMENSIONAL_EXPONENTS(0.,0.,0.,0.,0.,0.,0.);
#7=(NAMED_UNIT(*)SI_UNIT($,.STERADIAN.)SOLID_ANGLE_UNIT());
#8=(LENGTH_UNIT()NAMED_UNIT(*)SI_UNIT(.MILLI.,.METRE.));
#9=UNCERTAINTY_MEASURE_WITH_UNIT(LENGTH_MEASURE(1.000000E-05),#8,'DISTANCE_ACCURACY_VALUE','Maximum Tolerance applied to model');
#10=(GEOMETRIC_REPRESENTATION_CONTEXT(3)GLOBAL_UNCERTAINTY_ASSIGNED_CONTEXT((#9))GLOBAL_UNIT_ASSIGNED_CONTEXT((#8,#5,#7))REPRESENTATION_CONTEXT('','root'));
#12=CARTESIAN_POINT('',(0.,0.,0.));
#13=DIRECTION('',(0.,0.,1.));
#14=DIRECTION('',(1.,0.,0.));
#15=AXIS2_PLACEMENT_3D('',#12,#13,#14);
#27=CARTESIAN_POINT('',(197.151545244,-170.,99.3));
#28=DIRECTION('',(0.,0.,-1.));
#29=DIRECTION('',(-1.,0.,0.));
#30=AXIS2_PLACEMENT_3D('',#27,#28,#29);
#31=PLANE('',#30);
#32=CARTESIAN_POINT('',(195.411437158,-47.609974716,99.3));
#33=VERTEX_POINT('',#32);
#34=CARTESIAN_POINT('',(198.7,-47.609974716,99.3));
#35=VERTEX_POINT('',#34);
#36=CARTESIAN_POINT('',(195.411437158,-47.609974716,99.3));
#37=DIRECTION('',(1.,0.,-0.));
#38=VECTOR('',#37,3.288562842);
#39=LINE('',#36,#38);
#40=EDGE_CURVE('',#33,#35,#39,.T.);
#41=ORIENTED_EDGE('',*,*,#40,.T.);
#42=CARTESIAN_POINT('',(198.7,-40.441789349,99.3));
#43=VERTEX_POINT('',#42);
#44=CARTESIAN_POINT('',(198.7,-47.609974716,99.3));
#45=DIRECTION('',(0.,1.,0.));
#46=VECTOR('',#45,7.168185367);
#47=LINE('',#44,#46);
#48=EDGE_CURVE('',#35,#43,#47,.T.);
#49=ORIENTED_EDGE('',*,*,#48,.T.);
#50=CARTESIAN_POINT('',(195.411433856,-41.013170293,99.3));
#51=VERTEX_POINT('',#50);
#52=CARTESIAN_POINT('',(198.699999688,-40.441787597,99.3));
#53=CARTESIAN_POINT('',(197.604566101,-40.636554076,99.3));
#54=CARTESIAN_POINT('',(196.508397745,-40.827222963,99.3));
#55=CARTESIAN_POINT('',(195.411433856,-41.013170293,99.3));
#56=B_SPLINE_CURVE_WITH_KNOTS('',3,(#52,#53,#54,#55),.UNSPECIFIED.,.F.,.F.,(4,4),(0.015675913,0.019013767),.UNSPECIFIED.);
#57=EDGE_CURVE('',#43,#51,#56,.T.);
#58=ORIENTED_EDGE('',*,*,#57,.T.);
#59=CARTESIAN_POINT('',(195.411437158,-41.013170293,99.3));
#60=DIRECTION('',(-0.,-1.,-0.));
#61=VECTOR('',#60,6.596804422);
#62=LINE('',#59,#61);
#63=EDGE_CURVE('',#51,#33,#62,.T.);
#64=ORIENTED_EDGE('',*,*,#63,.T.);
#65=EDGE_LOOP('',(#41,#49,#58,#64));
#66=FACE_BOUND('',#65,.T.);
#67=ADVANCED_FACE('',(#66),#31,.F.);
#68=CARTESIAN_POINT('',(43.786782942,-36.817417332,21.73881999));
#69=CARTESIAN_POINT('',(63.714678076,-39.815645659,50.446167845));
#70=CARTESIAN_POINT('',(63.9160955,-39.845945661,50.736393203));
#71=CARTESIAN_POINT('',(64.255354012,-39.896981356,51.225239444));
#72=CARTESIAN_POINT('',(64.347365842,-39.910822899,51.357822659));
#73=CARTESIAN_POINT('',(49.60667089,-36.816923495,21.73216371));
#74=CARTESIAN_POINT('',(67.18024096,-39.815258101,48.030939331));
#75=CARTESIAN_POINT('',(67.357857071,-39.845559159,48.296816813));
#76=CARTESIAN_POINT('',(67.657025433,-39.896596628,48.744652397));
#77=CARTESIAN_POINT('',(67.738164155,-39.91043865,48.866112875));
#78=CARTESIAN_POINT('',(55.382935485,-36.816334613,21.725289168));
#79=CARTESIAN_POINT('',(70.850688397,-39.814773605,45.856816238));
#80=CARTESIAN_POINT('',(71.007014661,-39.84507587,46.100785626));
#81=CARTESIAN_POINT('',(71.270323055,-39.896115371,46.511720051));
#82=CARTESIAN_POINT('',(71.341735948,-39.909957944,46.623172358));
#83=CARTESIAN_POINT('',(61.127311197,-36.815639369,21.718244606));
#84=CARTESIAN_POINT('',(74.685503142,-39.81417051,43.961774064));
#85=CARTESIAN_POINT('',(74.822522922,-39.84447409,44.186658349));
#86=CARTESIAN_POINT('',(75.053312015,-39.89551582,44.565446567));
#87=CARTESIAN_POINT('',(75.115905109,-39.909359001,44.668180325));
#88=CARTESIAN_POINT('',(66.871687241,-36.814830933,21.710832226));
#89=CARTESIAN_POINT('',(78.520640558,-39.813427015,42.066044453));
#90=CARTESIAN_POINT('',(78.638356731,-39.843731918,42.27184019));
#91=CARTESIAN_POINT('',(78.836631335,-39.894775903,42.618476392));
#92=CARTESIAN_POINT('',(78.890405928,-39.908619703,42.712490023));
#93=CARTESIAN_POINT('',(72.584174575,-36.813910824,21.70339263));
#94=CARTESIAN_POINT('',(82.520343073,-39.812525454,40.44943675));
#95=CARTESIAN_POINT('',(82.620741587,-39.842831516,40.638965263));
#96=CARTESIAN_POINT('',(82.78984675,-39.893877496,40.958201557));
#97=CARTESIAN_POINT('',(82.835710067,-39.90772185,41.044783903));
#98=CARTESIAN_POINT('',(78.276499942,-36.812894785,21.696105387));
#99=CARTESIAN_POINT('',(86.635328812,-39.811460296,39.141596739));
#100=CARTESIAN_POINT('',(86.719779589,-39.841767117,39.317976752));
#101=CARTESIAN_POINT('',(86.862022783,-39.89281444,39.615066151));
#102=CARTESIAN_POINT('',(86.900600656,-39.906659176,39.695641895));
#103=CARTESIAN_POINT('',(83.968825932,-36.811818885,21.688920371));
#104=CARTESIAN_POINT('',(90.751018963,-39.810251289,37.833511127));
#105=CARTESIAN_POINT('',(90.819530792,-39.840558195,37.996737666));
#106=CARTESIAN_POINT('',(90.934926902,-39.891605744,38.271671706));
#107=CARTESIAN_POINT('',(90.96622339,-39.905450564,38.34623853));
#108=CARTESIAN_POINT('',(89.640990161,-36.810742675,21.682396104));
#109=CARTESIAN_POINT('',(94.982227638,-39.808956794,36.834872509));
#110=CARTESIAN_POINT('',(95.036174902,-39.839262917,36.988065497));
#111=CARTESIAN_POINT('',(95.127039046,-39.890309237,37.246099171));
#112=CARTESIAN_POINT('',(95.15168209,-39.904153749,37.316082284));
#113=CARTESIAN_POINT('',(95.303075443,-36.809749464,21.676886363));
#114=CARTESIAN_POINT('',(99.273384148,-39.807684127,36.165014304));
#115=CARTESIAN_POINT('',(99.313478646,-39.837988646,36.311485901));
#116=CARTESIAN_POINT('',(99.381009985,-39.889032349,36.558198005));
#117=CARTESIAN_POINT('',(99.399324882,-39.902876177,36.625110443));
#118=CARTESIAN_POINT('',(100.965161463,-36.808938084,21.672456187));
#119=CARTESIAN_POINT('',(103.565375855,-39.806587377,35.496552255));
#120=CARTESIAN_POINT('',(103.591630438,-39.836889877,35.6363055));
#121=CARTESIAN_POINT('',(103.635850894,-39.887930248,35.871701132));
#122=CARTESIAN_POINT('',(103.64784367,-39.901773191,35.93554427));
#123=CARTESIAN_POINT('',(106.61716833,-36.808403528,21.66970592));
#124=CARTESIAN_POINT('',(107.917084024,-39.805836406,35.158189833));
#125=CARTESIAN_POINT('',(107.930208177,-39.836137196,35.294546053));
#126=CARTESIAN_POINT('',(107.952313038,-39.88717473,35.524219602));
#127=CARTESIAN_POINT('',(107.958307947,-39.901016916,35.586510748));
#128=CARTESIAN_POINT('',(112.269175536,-36.808216367,21.668860116));
#129=CARTESIAN_POINT('',(112.269175536,-39.805568062,35.156834779));
#130=CARTESIAN_POINT('',(112.269175536,-39.835868179,35.293184217));
#131=CARTESIAN_POINT('',(112.269175536,-39.886904594,35.522846246));
#132=CARTESIAN_POINT('',(112.269175536,-39.900746481,35.585134239));
#133=CARTESIAN_POINT('',(117.921182742,-36.808403528,21.66970592));
#134=CARTESIAN_POINT('',(116.621267048,-39.805836406,35.158189833));
#135=CARTESIAN_POINT('',(116.608142896,-39.836137196,35.294546053));
#136=CARTESIAN_POINT('',(116.586038034,-39.88717473,35.524219602));
#137=CARTESIAN_POINT('',(116.580043125,-39.901016916,35.586510748));
#138=CARTESIAN_POINT('',(123.573189609,-36.808938084,21.672456187));
#139=CARTESIAN_POINT('',(120.972975217,-39.806587377,35.496552255));
#140=CARTESIAN_POINT('',(120.946720635,-39.836889877,35.6363055));
#141=CARTESIAN_POINT('',(120.902500178,-39.887930248,35.871701132));
#142=CARTESIAN_POINT('',(120.890507402,-39.901773191,35.93554427));
#143=CARTESIAN_POINT('',(129.235275629,-36.809749464,21.676886363));
#144=CARTESIAN_POINT('',(125.264966924,-39.807684127,36.165014304));
#145=CARTESIAN_POINT('',(125.224872426,-39.837988646,36.311485901));
#146=CARTESIAN_POINT('',(125.157341087,-39.889032349,36.558198005));
#147=CARTESIAN_POINT('',(125.13902619,-39.902876177,36.625110443));
#148=CARTESIAN_POINT('',(134.897360911,-36.810742675,21.682396104));
#149=CARTESIAN_POINT('',(129.556123434,-39.808956794,36.834872509));
#150=CARTESIAN_POINT('',(129.50217617,-39.839262917,36.988065497));
#151=CARTESIAN_POINT('',(129.411312026,-39.890309237,37.246099171));
#152=CARTESIAN_POINT('',(129.386668982,-39.904153749,37.316082284));
#153=CARTESIAN_POINT('',(140.569525141,-36.811818885,21.688920371));
#154=CARTESIAN_POINT('',(133.787332109,-39.810251289,37.833511127));
#155=CARTESIAN_POINT('',(133.718820281,-39.840558195,37.996737666));
#156=CARTESIAN_POINT('',(133.60342417,-39.891605744,38.271671706));
#157=CARTESIAN_POINT('',(133.572127682,-39.905450564,38.34623853));
#158=CARTESIAN_POINT('',(146.26185113,-36.812894785,21.696105387));
#159=CARTESIAN_POINT('',(137.90302226,-39.811460296,39.141596739));
#160=CARTESIAN_POINT('',(137.818571483,-39.841767117,39.317976752));
#161=CARTESIAN_POINT('',(137.676328289,-39.89281444,39.615066151));
#162=CARTESIAN_POINT('',(137.637750417,-39.906659176,39.695641895));
#163=CARTESIAN_POINT('',(151.954176497,-36.813910824,21.70339263));
#164=CARTESIAN_POINT('',(142.018007999,-39.812525454,40.44943675));
#165=CARTESIAN_POINT('',(141.917609485,-39.842831516,40.638965263));
#166=CARTESIAN_POINT('',(141.748504322,-39.893877496,40.958201557));
#167=CARTESIAN_POINT('',(141.702641005,-39.90772185,41.044783903));
#168=CARTESIAN_POINT('',(157.666663831,-36.814830933,21.710832226));
#169=CARTESIAN_POINT('',(146.017710514,-39.813427015,42.066044453));
#170=CARTESIAN_POINT('',(145.899994342,-39.843731918,42.27184019));
#171=CARTESIAN_POINT('',(145.701719737,-39.894775903,42.618476392));
#172=CARTESIAN_POINT('',(145.647945145,-39.908619703,42.712490023));
#173=CARTESIAN_POINT('',(163.411039875,-36.815639369,21.718244606));
#174=CARTESIAN_POINT('',(149.85284793,-39.81417051,43.961774064));
#175=CARTESIAN_POINT('',(149.71582815,-39.84447409,44.186658349));
#176=CARTESIAN_POINT('',(149.485039057,-39.89551582,44.565446567));
#177=CARTESIAN_POINT('',(149.422445963,-39.909359001,44.668180325));
#178=CARTESIAN_POINT('',(169.155415633,-36.816334613,21.725289168));
#179=CARTESIAN_POINT('',(153.687662706,-39.814773605,45.856816253));
#180=CARTESIAN_POINT('',(153.531336442,-39.84507587,46.100785641));
#181=CARTESIAN_POINT('',(153.268028047,-39.896115371,46.511720066));
#182=CARTESIAN_POINT('',(153.196615155,-39.909957944,46.623172374));
#183=CARTESIAN_POINT('',(174.931680275,-36.816923495,21.73216371));
#184=CARTESIAN_POINT('',(157.358110171,-39.815258101,48.030939366));
#185=CARTESIAN_POINT('',(157.180494061,-39.845559159,48.296816849));
#186=CARTESIAN_POINT('',(156.881325697,-39.896596628,48.744652434));
#187=CARTESIAN_POINT('',(156.800186976,-39.91043865,48.866112912));
#188=CARTESIAN_POINT('',(180.751568271,-36.817417332,21.73881999));
#189=CARTESIAN_POINT('',(160.82367308,-39.815645659,50.446167903));
#190=CARTESIAN_POINT('',(160.622255655,-39.845945661,50.736393262));
#191=CARTESIAN_POINT('',(160.282997143,-39.896981356,51.225239504));
#192=CARTESIAN_POINT('',(160.190985313,-39.910822899,51.357822719));
#193=CARTESIAN_POINT('',(182.60378786,-36.817746647,21.742845497));
#194=CARTESIAN_POINT('',(161.924808301,-39.81574776,51.213408948));
#195=CARTESIAN_POINT('',(161.715810578,-39.846047539,51.511358437));
#196=CARTESIAN_POINT('',(161.363784893,-39.897082921,52.013215498));
#197=CARTESIAN_POINT('',(161.268310632,-39.910924396,52.149327618));
#198=CARTESIAN_POINT('',(184.494217202,-36.818003529,21.918141403));
#199=CARTESIAN_POINT('',(162.980472018,-39.815835732,51.986763741));
#200=CARTESIAN_POINT('',(162.763043264,-39.846135391,52.290764861));
#201=CARTESIAN_POINT('',(162.396817259,-39.897170635,52.802815529));
#202=CARTESIAN_POINT('',(162.29749182,-39.911012089,52.94169245));
#203=CARTESIAN_POINT('',(186.382116691,-36.818206888,22.281256119));
#204=CARTESIAN_POINT('',(163.999723752,-39.815911324,52.769182444));
#205=CARTESIAN_POINT('',(163.773517559,-39.846210943,53.077425754));
#206=CARTESIAN_POINT('',(163.392507555,-39.897246179,53.596622151));
#207=CARTESIAN_POINT('',(163.289172576,-39.911087648,53.737437205));
#208=CARTESIAN_POINT('',(188.269820858,-36.818368445,22.64413349));
#209=CARTESIAN_POINT('',(165.019014868,-39.815975946,53.551493729));
#210=CARTESIAN_POINT('',(164.784030304,-39.846275581,53.86397839));
#211=CARTESIAN_POINT('',(164.388234527,-39.897310905,54.390318972));
#212=CARTESIAN_POINT('',(164.28088947,-39.911152415,54.533071705));
#213=CARTESIAN_POINT('',(190.155067678,-36.818496986,23.194927545));
#214=CARTESIAN_POINT('',(166.001889078,-39.816030761,54.342883321));
#215=CARTESIAN_POINT('',(165.757780075,-39.846330453,54.657799506));
#216=CARTESIAN_POINT('',(165.34661542,-39.897365929,55.188235732));
#217=CARTESIAN_POINT('',(165.235102079,-39.911207496,55.33209929));
#218=CARTESIAN_POINT('',(191.989141896,-36.818599477,23.936828898));
#219=CARTESIAN_POINT('',(166.957408153,-39.816076674,55.14629664));
#220=CARTESIAN_POINT('',(166.704413224,-39.846376447,55.461832233));
#221=CARTESIAN_POINT('',(166.278281245,-39.897412113,55.9933117));
#222=CARTESIAN_POINT('',(166.162708476,-39.911253747,56.137458184));
#223=CARTESIAN_POINT('',(193.823118815,-36.818680035,24.678610331));
#224=CARTESIAN_POINT('',(167.912970637,-39.81611437,55.949624495));
#225=CARTESIAN_POINT('',(167.65108949,-39.846414231,56.265778311));
#226=CARTESIAN_POINT('',(167.209989536,-39.897450094,56.798298888));
#227=CARTESIAN_POINT('',(167.090357114,-39.911291796,56.942727682));
#228=CARTESIAN_POINT('',(195.605952176,-36.818741988,25.611540411));
#229=CARTESIAN_POINT('',(168.841192648,-39.816144471,56.764997679));
#230=CARTESIAN_POINT('',(168.570664689,-39.846444414,57.079957865));
#231=CARTESIAN_POINT('',(168.114999878,-39.897480458,57.610467612));
#232=CARTESIAN_POINT('',(167.991417097,-39.911322221,57.754350944));
#233=CARTESIAN_POINT('',(197.287206935,-36.818788146,26.721759462));
#234=CARTESIAN_POINT('',(169.746536008,-39.816167442,57.59559346));
#235=CARTESIAN_POINT('',(169.468155888,-39.846467457,57.907720487));
#236=CARTESIAN_POINT('',(168.999264599,-39.897503655,58.433457722));
#237=CARTESIAN_POINT('',(168.872094419,-39.91134547,58.576046546));
#238=CARTESIAN_POINT('',(198.968422457,-36.818819945,27.831925074));
#239=CARTESIAN_POINT('',(170.65193011,-39.816183597,58.426121302));
#240=CARTESIAN_POINT('',(170.365698199,-39.846483668,58.735414023));
#241=CARTESIAN_POINT('',(169.883580983,-39.897519983,59.256376717));
#242=CARTESIAN_POINT('',(169.752823533,-39.911361837,59.397670454));
#243=CARTESIAN_POINT('',(200.548072811,-36.81883855,29.11939856));
#244=CARTESIAN_POINT('',(171.534446269,-39.816193214,59.271877267));
#245=CARTESIAN_POINT('',(171.241157827,-39.84649332,59.576696454));
#246=CARTESIAN_POINT('',(170.747154155,-39.897529709,60.090123472));
#247=CARTESIAN_POINT('',(170.613172709,-39.911371587,60.229373236));
#248=CARTESIAN_POINT('',(201.981626301,-36.818844726,30.552958131));
#249=CARTESIAN_POINT('',(172.398547676,-39.816196422,60.136036757));
#250=CARTESIAN_POINT('',(172.099493427,-39.846496539,60.435091006));
#251=CARTESIAN_POINT('',(171.595777337,-39.897532954,60.938807095));
#252=CARTESIAN_POINT('',(171.459161526,-39.911374841,61.075422906));
#253=CARTESIAN_POINT('',(203.415185872,-36.81883855,31.986511621));
#254=CARTESIAN_POINT('',(173.262707165,-39.816193214,61.000138163));
#255=CARTESIAN_POINT('',(172.957887978,-39.84649332,61.293426606));
#256=CARTESIAN_POINT('',(172.44446096,-39.897529709,61.787430277));
#257=CARTESIAN_POINT('',(172.305211196,-39.911371587,61.921411723));
#258=CARTESIAN_POINT('',(204.702659358,-36.818819945,33.566161975));
#259=CARTESIAN_POINT('',(174.10846313,-39.816183597,61.882654322));
#260=CARTESIAN_POINT('',(173.799170409,-39.846483668,62.168886233));
#261=CARTESIAN_POINT('',(173.278207715,-39.897519983,62.651003449));
#262=CARTESIAN_POINT('',(173.136913978,-39.911361837,62.781760899));
#263=CARTESIAN_POINT('',(205.81282497,-36.818788146,35.247377497));
#264=CARTESIAN_POINT('',(174.938990972,-39.816167442,62.788048425));
#265=CARTESIAN_POINT('',(174.626863946,-39.846467457,63.066428544));
#266=CARTESIAN_POINT('',(174.10112671,-39.897503655,63.535319833));
#267=CARTESIAN_POINT('',(173.958537886,-39.91134547,63.662490013));
#268=CARTESIAN_POINT('',(206.923044021,-36.818741988,36.928632256));
#269=CARTESIAN_POINT('',(175.769586754,-39.816144471,63.693391785));
#270=CARTESIAN_POINT('',(175.454626567,-39.846444414,63.963919744));
#271=CARTESIAN_POINT('',(174.92411682,-39.897480458,64.419584555));
#272=CARTESIAN_POINT('',(174.780233488,-39.911322221,64.543167335));
#273=CARTESIAN_POINT('',(207.855974101,-36.818680035,38.711465618));
#274=CARTESIAN_POINT('',(176.584959938,-39.81611437,64.621613795));
#275=CARTESIAN_POINT('',(176.268806122,-39.846414231,64.883494942));
#276=CARTESIAN_POINT('',(175.736285544,-39.897450094,65.324594896));
#277=CARTESIAN_POINT('',(175.591856751,-39.911291796,65.444227319));
#278=CARTESIAN_POINT('',(208.597755534,-36.818599477,40.545442536));
#279=CARTESIAN_POINT('',(177.388287792,-39.816076674,65.577176279));
#280=CARTESIAN_POINT('',(177.072752199,-39.846376447,65.830171208));
#281=CARTESIAN_POINT('',(176.541272733,-39.897412113,66.256303187));
#282=CARTESIAN_POINT('',(176.397126248,-39.911253747,66.371875957));
#283=CARTESIAN_POINT('',(209.339656888,-36.818496986,42.379516754));
#284=CARTESIAN_POINT('',(178.191701111,-39.816030761,66.532695355));
#285=CARTESIAN_POINT('',(177.876784926,-39.846330453,66.776804357));
#286=CARTESIAN_POINT('',(177.3463487,-39.897365929,67.187969013));
#287=CARTESIAN_POINT('',(177.202485142,-39.911207496,67.299482353));
#288=CARTESIAN_POINT('',(209.890450942,-36.818368445,44.264763575));
#289=CARTESIAN_POINT('',(178.983090703,-39.815975946,67.515569564));
#290=CARTESIAN_POINT('',(178.670606043,-39.846275581,67.750554129));
#291=CARTESIAN_POINT('',(178.14426546,-39.897310905,68.146349905));
#292=CARTESIAN_POINT('',(178.001512727,-39.911152415,68.253694962));
#293=CARTESIAN_POINT('',(210.253328313,-36.818206888,46.152467741));
#294=CARTESIAN_POINT('',(179.765401989,-39.815911324,68.53486068));
#295=CARTESIAN_POINT('',(179.457158678,-39.846210943,68.761066874));
#296=CARTESIAN_POINT('',(178.937962281,-39.897246179,69.142076878));
#297=CARTESIAN_POINT('',(178.797147227,-39.911087648,69.245411856));
#298=CARTESIAN_POINT('',(210.616443029,-36.818003529,48.04036723));
#299=CARTESIAN_POINT('',(180.547820692,-39.815835732,69.554112415));
#300=CARTESIAN_POINT('',(180.243819571,-39.846135391,69.771541168));
#301=CARTESIAN_POINT('',(179.731768903,-39.897170635,70.137767173));
#302=CARTESIAN_POINT('',(179.592891982,-39.911012089,70.237092612));
#303=CARTESIAN_POINT('',(210.791738935,-36.817746647,49.930796572));
#304=CARTESIAN_POINT('',(181.321175484,-39.81574776,70.609776131));
#305=CARTESIAN_POINT('',(181.023225996,-39.846047539,70.818773854));
#306=CARTESIAN_POINT('',(180.521368935,-39.897082921,71.170799539));
#307=CARTESIAN_POINT('',(180.385256814,-39.910924396,71.2662738));
#308=CARTESIAN_POINT('',(210.795764442,-36.817417332,51.783016161));
#309=CARTESIAN_POINT('',(182.088416529,-39.815645659,71.710911352));
#310=CARTESIAN_POINT('',(181.79819117,-39.845945661,71.912328777));
#311=CARTESIAN_POINT('',(181.309344928,-39.896981356,72.251587289));
#312=CARTESIAN_POINT('',(181.176761713,-39.910822899,72.34359912));
#313=CARTESIAN_POINT('',(210.802420722,-36.816923495,57.602904157));
#314=CARTESIAN_POINT('',(184.503645066,-39.815258101,75.176474261));
#315=CARTESIAN_POINT('',(184.237767583,-39.845559159,75.354090372));
#316=CARTESIAN_POINT('',(183.789931999,-39.896596628,75.653258735));
#317=CARTESIAN_POINT('',(183.668471521,-39.91043865,75.734397456));
#318=CARTESIAN_POINT('',(210.809295265,-36.816334613,63.379168799));
#319=CARTESIAN_POINT('',(186.677768179,-39.814773605,78.846921726));
#320=CARTESIAN_POINT('',(186.433798791,-39.84507587,79.00324799));
#321=CARTESIAN_POINT('',(186.022864366,-39.896115371,79.266556385));
#322=CARTESIAN_POINT('',(185.911412058,-39.909957944,79.337969277));
#323=CARTESIAN_POINT('',(210.816339826,-36.815639369,69.123544558));
#324=CARTESIAN_POINT('',(188.572810368,-39.81417051,82.681736502));
#325=CARTESIAN_POINT('',(188.347926083,-39.84447409,82.818756283));
#326=CARTESIAN_POINT('',(187.969137865,-39.89551582,83.049545375));
#327=CARTESIAN_POINT('',(187.866404107,-39.909359001,83.112138469));
#328=CARTESIAN_POINT('',(210.823752206,-36.814830933,74.867920601));
#329=CARTESIAN_POINT('',(190.468539979,-39.813427015,86.516873918));
#330=CARTESIAN_POINT('',(190.262744242,-39.843731918,86.634590091));
#331=CARTESIAN_POINT('',(189.916108041,-39.894775903,86.832864695));
#332=CARTESIAN_POINT('',(189.822094409,-39.908619703,86.886639288));
#333=CARTESIAN_POINT('',(210.831191803,-36.813910824,80.580407935));
#334=CARTESIAN_POINT('',(192.085147683,-39.812525454,90.516576433));
#335=CARTESIAN_POINT('',(191.89561917,-39.842831516,90.616974947));
#336=CARTESIAN_POINT('',(191.576382875,-39.893877496,90.78608011));
#337=CARTESIAN_POINT('',(191.48980053,-39.90772185,90.831943428));
#338=CARTESIAN_POINT('',(210.838479046,-36.812894785,86.272733302));
#339=CARTESIAN_POINT('',(193.392987694,-39.811460296,94.631562172));
#340=CARTESIAN_POINT('',(193.21660768,-39.841767117,94.716012949));
#341=CARTESIAN_POINT('',(192.919518281,-39.89281444,94.858256144));
#342=CARTESIAN_POINT('',(192.838942537,-39.906659176,94.896834016));
#343=CARTESIAN_POINT('',(210.841198542,-36.812487561,88.427253243));
#344=CARTESIAN_POINT('',(193.88809225,-39.811002692,96.189332496));
#345=CARTESIAN_POINT('',(193.716690768,-39.841309546,96.267750452));
#346=CARTESIAN_POINT('',(193.427987073,-39.892356954,96.399832145));
#347=CARTESIAN_POINT('',(193.349685679,-39.906201722,96.435654046));
#348=CARTESIAN_POINT('',(210.84382338,-36.812080294,90.578884833));
#349=CARTESIAN_POINT('',(194.338865781,-39.810532842,97.763651872));
#350=CARTESIAN_POINT('',(194.171995874,-39.840839603,97.836233901));
#351=CARTESIAN_POINT('',(193.890925059,-39.891886888,97.958485754));
#352=CARTESIAN_POINT('',(193.81469384,-39.905731632,97.991641641));
#353=CARTESIAN_POINT('',(210.846334378,-36.811677499,92.72817479));
#354=CARTESIAN_POINT('',(194.744259974,-39.810056563,99.351507101));
#355=CARTESIAN_POINT('',(194.581464261,-39.84036311,99.418414167));
#356=CARTESIAN_POINT('',(194.307255944,-39.891410068,99.53110733));
#357=CARTESIAN_POINT('',(194.232885964,-39.905254732,99.561670752));
#358=B_SPLINE_SURFACE_WITH_KNOTS('',3,1,((#68,#69,#70,#71,#72),(#73,#74,#75,#76,#77),(#78,#79,#80,#81,#82),(#83,#84,#85,#86,#87),(#88,#89,#90,#91,#92),(#93,#94,#95,#96,#97),(#98,#99,#100,#101,#102),(#103,#104,#105,#106,#107),(#108,#109,#110,#111,#112),(#113,#114,#115,#116,#117),(#118,#119,#120,#121,#122),(#123,#124,#125,#126,#127),(#128,#129,#130,#131,#132),(#133,#134,#135,#136,#137),(#138,#139,#140,#141,#142),(#143,#144,#145,#146,#147),(#148,#149,#150,#151,#152),(#153,#154,#155,#156,#157),(#158,#159,#160,#161,#162),(#163,#164,#165,#166,#167),(#168,#169,#170,#171,#172),(#173,#174,#175,#176,#177),(#178,#179,#180,#181,#182),(#183,#184,#185,#186,#187),(#188,#189,#190,#191,#192),(#193,#194,#195,#196,#197),
(#198,#199,#200,#201,#202),(#203,#204,#205,#206,#207),(#208,#209,#210,#211,#212),(#213,#214,#215,#216,#217),(#218,#219,#220,#221,#222),(#223,#224,#225,#226,#227),(#228,#229,#230,#231,#232),(#233,#234,#235,#236,#237),(#238,#239,#240,#241,#242),(#243,#244,#245,#246,#247),(#248,#249,#250,#251,#252),(#253,#254,#255,#256,#257),(#258,#259,#260,#261,#262),(#263,#264,#265,#266,#267),(#268,#269,#270,#271,#272),(#273,#274,#275,#276,#277),(#278,#279,#280,#281,#282),(#283,#284,#285,#286,#287),(#288,#289,#290,#291,#292),(#293,#294,#295,#296,#297),(#298,#299,#300,#301,#302),(#303,#304,#305,#306,#307),(#308,#309,#310,#311,#312),(#313,#314,#315,#316,#317),(#318,#319,#320,#321,#322),
(#323,#324,#325,#326,#327),(#328,#329,#330,#331,#332),(#333,#334,#335,#336,#337),(#338,#339,#340,#341,#342),(#343,#344,#345,#346,#347),(#348,#349,#350,#351,#352),(#353,#354,#355,#356,#357)),.UNSPECIFIED.,.F.,.F.,.U.,(4,3,3,3,3,3,3,3,3,3,3,3,3,3,3,3,3,3,3,4),(2,1,1,1,2),(0.060280953,0.083995833,0.107710714,0.131425595,0.155140476,0.178855357,0.202570238,0.226285119,0.25,0.257535119,0.265070238,0.272605357,0.280140476,0.287675595,0.295210714,0.302745833,0.310280953,0.333995833,0.357710714,0.366686691),(0.000882768,1.,1.010100039,1.027112177,1.03172614),.UNSPECIFIED.);
#359=CARTESIAN_POINT('',(198.029181236,-39.198518887,98.001011764));
#360=VERTEX_POINT('',#359);
#361=CARTESIAN_POINT('',(198.028264651,-39.168968745,97.090875539));
#362=VERTEX_POINT('',#361);
#363=CARTESIAN_POINT('',(198.028750622,-39.198449151,98.000483965));
#364=CARTESIAN_POINT('',(198.02875807,-39.188595849,97.697733926));
#365=CARTESIAN_POINT('',(198.02844223,-39.178742312,97.394344054));
#366=CARTESIAN_POINT('',(198.027843481,-39.168888525,97.090311421));
#367=B_SPLINE_CURVE_WITH_KNOTS('',3,(#363,#364,#365,#366),.UNSPECIFIED.,.F.,.F.,(4,4),(0.,1.),.UNSPECIFIED.);
#368=EDGE_CURVE('',#360,#362,#367,.T.);
#369=ORIENTED_EDGE('',*,*,#368,.T.);
#370=CARTESIAN_POINT('',(198.001703497,-36.818803225,27.208536537));
#371=VERTEX_POINT('',#370);
#372=CARTESIAN_POINT('',(198.027843481,-39.168888525,97.090311421));
#373=CARTESIAN_POINT('',(198.02754598,-39.159059262,96.788591979));
#374=CARTESIAN_POINT('',(198.024151489,-39.064264046,93.989102306));
#375=CARTESIAN_POINT('',(198.01971032,-38.884056007,88.358404739));
#376=CARTESIAN_POINT('',(198.019640927,-38.881240256,88.27042509));
#377=CARTESIAN_POINT('',(198.019628393,-38.88076793,88.255629193));
#378=CARTESIAN_POINT('',(198.019586338,-38.879129909,88.204372958));
#379=CARTESIAN_POINT('',(198.019544284,-38.877491888,88.153116723));
#380=CARTESIAN_POINT('',(198.019501536,-38.875857879,88.101948254));
#381=CARTESIAN_POINT('',(198.019458191,-38.874227881,88.050867776));
#382=CARTESIAN_POINT('',(198.019371503,-38.870967887,87.948706821));
#383=CARTESIAN_POINT('',(198.019282434,-38.86772394,87.846897829));
#384=CARTESIAN_POINT('',(198.019191712,-38.864496042,87.745442591));
#385=CARTESIAN_POINT('',(198.019010268,-38.858040248,87.542532115));
#386=CARTESIAN_POINT('',(198.018822277,-38.851648651,87.341036658));
#387=CARTESIAN_POINT('',(198.018632789,-38.845321265,87.140970456));
#388=CARTESIAN_POINT('',(198.018253814,-38.832666494,86.740838052));
#389=CARTESIAN_POINT('',(198.01786977,-38.820268566,86.346422768));
#390=CARTESIAN_POINT('',(198.017509445,-38.808127581,85.957837291));
#391=CARTESIAN_POINT('',(198.016788794,-38.783845612,85.180666338));
#392=CARTESIAN_POINT('',(198.01617508,-38.760591419,84.426816231));
#393=CARTESIAN_POINT('',(198.015736039,-38.738365721,83.697169332));
#394=CARTESIAN_POINT('',(198.014857959,-38.693914327,82.237875536));
#395=CARTESIAN_POINT('',(198.014797243,-38.653576987,80.875427424));
#396=CARTESIAN_POINT('',(198.014171858,-38.617358487,79.616537639));
#397=CARTESIAN_POINT('',(198.014015512,-38.608303862,79.301815193));
#398=CARTESIAN_POINT('',(198.013768839,-38.596408553,78.885120152));
#399=CARTESIAN_POINT('',(198.013522821,-38.586073007,78.519422618));
#400=CARTESIAN_POINT('',(198.013276803,-38.57573746,78.153725084));
#401=CARTESIAN_POINT('',(198.013006108,-38.565494866,77.788041321));
#402=CARTESIAN_POINT('',(198.012723314,-38.555345234,77.422390403));
#403=CARTESIAN_POINT('',(198.012157726,-38.53504597,76.691088568));
#404=CARTESIAN_POINT('',(198.011645204,-38.515095219,75.959952535));
#405=CARTESIAN_POINT('',(198.01114375,-38.49552295,75.229081611));
#406=CARTESIAN_POINT('',(198.010140842,-38.456378411,73.767339764));
#407=CARTESIAN_POINT('',(198.009317729,-38.418724079,72.306685279));
#408=CARTESIAN_POINT('',(198.008900576,-38.382560581,70.848348335));
#409=CARTESIAN_POINT('',(198.008066269,-38.310233586,67.931674448));
#410=CARTESIAN_POINT('',(198.009326858,-38.243869986,65.024104331));
#411=CARTESIAN_POINT('',(198.008177929,-38.183473943,62.137212706));
#412=CARTESIAN_POINT('',(198.007029001,-38.1230779,59.250321081));
#413=CARTESIAN_POINT('',(198.00545763,-38.058866914,56.335960602));
#414=CARTESIAN_POINT('',(198.004565994,-37.973833579,53.407371498));
#415=CARTESIAN_POINT('',(198.004120176,-37.931316912,51.943076946));
#416=CARTESIAN_POINT('',(198.00428212,-37.886625141,50.528118205));
#417=CARTESIAN_POINT('',(198.003993894,-37.837052697,49.071230497));
#418=CARTESIAN_POINT('',(198.003705669,-37.787480253,47.614342788));
#419=CARTESIAN_POINT('',(198.003036428,-37.733908941,46.146697821));
#420=CARTESIAN_POINT('',(198.002832898,-37.676374794,44.672218071));
#421=CARTESIAN_POINT('',(198.002731133,-37.647607721,43.934978196));
#422=CARTESIAN_POINT('',(198.003079145,-37.62068744,43.267039297));
#423=CARTESIAN_POINT('',(198.003521584,-37.591266641,42.557483323));
#424=CARTESIAN_POINT('',(198.003964024,-37.561845843,41.847927349));
#425=CARTESIAN_POINT('',(198.004491255,-37.531368174,41.13391281));
#426=CARTESIAN_POINT('',(198.004984939,-37.499841255,40.415933957));
#427=CARTESIAN_POINT('',(198.005972308,-37.436787417,38.97997625));
#428=CARTESIAN_POINT('',(198.006895114,-37.369528862,37.528058698));
#429=CARTESIAN_POINT('',(198.007026098,-37.298065864,36.065439148));
#430=CARTESIAN_POINT('',(198.007288066,-37.15513987,33.140200048));
#431=CARTESIAN_POINT('',(198.001964716,-36.995377751,30.172913539));
#432=CARTESIAN_POINT('',(198.00167382,-36.818803619,27.2085603));
#433=B_SPLINE_CURVE_WITH_KNOTS('',3,(#372,#373,#374,#375,#376,#377,#378,#379,#380,#381,#382,#383,#384,#385,#386,#387,#388,#389,#390,#391,#392,#393,#394,#395,#396,#397,
#398,#399,#400,#401,#402,#403,#404,#405,#406,#407,#408,#409,#410,#411,#412,#413,#414,#415,#416,#417,#418,#419,#420,#421,#422,
#423,#424,#425,#426,#427,#428,#429,#430,#431,#432),.UNSPECIFIED.,.F.,.F.,(4,3,3,3,3,3,3,3,3,3,3,3,3,3,3,3,3,3,3,3,4),(0.,0.125,0.126953125,0.12890625,0.1328125,0.140625,0.15625,0.1875,0.25,0.265625,0.28125,0.3125,0.375,0.5,0.625,0.6875,0.75,0.78125,0.8125,0.875,1.),.UNSPECIFIED.);
#434=EDGE_CURVE('',#362,#371,#433,.T.);
#435=ORIENTED_EDGE('',*,*,#434,.T.);
#436=CARTESIAN_POINT('',(180.769175536,-36.820190827,21.765408896));
#437=VERTEX_POINT('',#436);
#438=CARTESIAN_POINT('',(198.001703497,-36.818803225,27.208536537));
#439=CARTESIAN_POINT('',(196.74949449,-36.818844044,26.329811991));
#440=CARTESIAN_POINT('',(195.439477544,-36.818843459,25.55263558));
#441=CARTESIAN_POINT('',(194.072131396,-36.81890334,24.876166337));
#442=CARTESIAN_POINT('',(193.388458322,-36.818933281,24.537931716));
#443=CARTESIAN_POINT('',(192.690391272,-36.818977168,24.22498223));
#444=CARTESIAN_POINT('',(191.977607143,-36.819014107,23.937885454));
#445=CARTESIAN_POINT('',(191.264823014,-36.819051046,23.650788679));
#446=CARTESIAN_POINT('',(190.53543343,-36.819079797,23.389197015));
#447=CARTESIAN_POINT('',(189.803476201,-36.819121824,23.158042511));
#448=CARTESIAN_POINT('',(188.339561743,-36.819205879,22.695733503));
#449=CARTESIAN_POINT('',(186.854494683,-36.819355933,22.349592537));
#450=CARTESIAN_POINT('',(185.348750007,-36.819509649,22.117011002));
#451=CARTESIAN_POINT('',(184.595877669,-36.819586508,22.000720235));
#452=CARTESIAN_POINT('',(183.837813058,-36.819672223,21.91294493));
#453=CARTESIAN_POINT('',(183.074478128,-36.819783893,21.854113706));
#454=CARTESIAN_POINT('',(182.692810663,-36.819839728,21.824698094));
#455=CARTESIAN_POINT('',(182.309824178,-36.819901556,21.802526414));
#456=CARTESIAN_POINT('',(181.925499867,-36.819969719,21.787701945));
#457=CARTESIAN_POINT('',(181.541175557,-36.820037883,21.772877476));
#458=CARTESIAN_POINT('',(181.154675419,-36.820112407,21.765408897));
#459=CARTESIAN_POINT('',(180.769175536,-36.820190827,21.765408896));
#460=B_SPLINE_CURVE_WITH_KNOTS('',3,(#438,#439,#440,#441,#442,#443,#444,#445,#446,#447,#448,#449,#450,#451,#452,#453,#454,#455,#456,#457,#458,#459),.UNSPECIFIED.,.F.,.F.,(4,3,3,3,3,3,3,4),(0.032423248,0.036992331,0.039276873,0.041561415,0.046130499,0.04841504,0.049557311,0.050699582),.UNSPECIFIED.);
#461=EDGE_CURVE('',#371,#437,#460,.T.);
#462=ORIENTED_EDGE('',*,*,#461,.T.);
#463=CARTESIAN_POINT('',(43.805247941,-36.820195906,21.765408896));
#464=VERTEX_POINT('',#463);
#465=CARTESIAN_POINT('',(180.769175536,-36.820190827,21.765408896));
#466=CARTESIAN_POINT('',(175.06234528,-36.82135092,21.765408896));
#467=CARTESIAN_POINT('',(169.355514878,-36.821210638,21.765408896));
#468=CARTESIAN_POINT('',(163.648684576,-36.821964662,21.765408896));
#469=CARTESIAN_POINT('',(157.941854274,-36.822718687,21.765408896));
#470=CARTESIAN_POINT('',(152.235023996,-36.823669072,21.765408896));
#471=CARTESIAN_POINT('',(146.52819374,-36.82475307,21.765408896));
#472=CARTESIAN_POINT('',(135.114533228,-36.826921068,21.765408896));
#473=CARTESIAN_POINT('',(123.700872803,-36.829669261,21.765408896));
#474=CARTESIAN_POINT('',(112.287211964,-36.829671821,21.765408896));
#475=CARTESIAN_POINT('',(100.873551125,-36.829674381,21.765408896));
#476=CARTESIAN_POINT('',(89.459890601,-36.826928525,21.765408896));
#477=CARTESIAN_POINT('',(78.046230009,-36.824759923,21.765408896));
#478=CARTESIAN_POINT('',(66.632569417,-36.822591322,21.765408896));
#479=CARTESIAN_POINT('',(55.218908725,-36.82108881,21.765408896));
#480=CARTESIAN_POINT('',(43.805247941,-36.820195906,21.765408896));
#481=B_SPLINE_CURVE_WITH_KNOTS('',3,(#465,#466,#467,#468,#469,#470,#471,#472,#473,#474,#475,#476,#477,#478,#479,#480),.UNSPECIFIED.,.F.,.F.,(4,3,3,3,3,4),(0.117196937,0.13427575,0.151354563,0.185512188,0.219669814,0.25382744),.UNSPECIFIED.);
#482=EDGE_CURVE('',#437,#464,#481,.T.);
#483=ORIENTED_EDGE('',*,*,#482,.T.);
#484=CARTESIAN_POINT('',(63.846830121,-39.835525828,50.636587688));
#485=VERTEX_POINT('',#484);
#486=CARTESIAN_POINT('',(63.846831589,-39.835526049,50.636589813));
#487=CARTESIAN_POINT('',(57.167391098,-38.830712605,41.012076547));
#488=CARTESIAN_POINT('',(50.486749002,-37.825531732,31.388437303));
#489=CARTESIAN_POINT('',(43.805249192,-36.820196095,21.765410708));
#490=B_SPLINE_CURVE_WITH_KNOTS('',3,(#486,#487,#488,#489),.UNSPECIFIED.,.F.,.F.,(4,4),(0.00180835,1.006626813),.UNSPECIFIED.);
#491=EDGE_CURVE('',#485,#464,#490,.T.);
#492=ORIENTED_EDGE('',*,*,#491,.F.);
#493=CARTESIAN_POINT('',(194.087299794,-39.853281846,97.866682462));
#494=VERTEX_POINT('',#493);
#495=CARTESIAN_POINT('',(63.846830121,-39.835525828,50.636587688));
#496=CARTESIAN_POINT('',(66.644116167,-39.836931069,48.689544372));
#497=CARTESIAN_POINT('',(69.529625786,-39.838528215,46.930204633));
#498=CARTESIAN_POINT('',(72.49991774,-39.840414366,45.351247087));
#499=CARTESIAN_POINT('',(75.470209694,-39.842300517,43.77228954));
#500=CARTESIAN_POINT('',(78.525338615,-39.844398958,42.373830305));
#501=CARTESIAN_POINT('',(81.665580213,-39.846786493,41.156456093));
#502=CARTESIAN_POINT('',(83.235701012,-39.84798026,40.547768986));
#503=CARTESIAN_POINT('',(84.827155192,-39.849246585,39.984470601));
#504=CARTESIAN_POINT('',(86.44034779,-39.850538186,39.467422625));
#505=CARTESIAN_POINT('',(87.246944089,-39.851183986,39.208898637));
#506=CARTESIAN_POINT('',(88.058979755,-39.851833727,38.96194738));
#507=CARTESIAN_POINT('',(88.876526389,-39.852487441,38.72672119));
#508=CARTESIAN_POINT('',(89.694073023,-39.853141155,38.491495001));
#509=CARTESIAN_POINT('',(90.51699544,-39.853798958,38.268091768));
#510=CARTESIAN_POINT('',(91.33982717,-39.854453673,38.057929976));
#511=CARTESIAN_POINT('',(94.631154089,-39.857072532,37.217282809));
#512=CARTESIAN_POINT('',(97.943285658,-39.859712405,36.581095787));
#513=CARTESIAN_POINT('',(101.275640645,-39.861645638,36.143654025));
#514=CARTESIAN_POINT('',(104.607995632,-39.863578871,35.706212262));
#515=CARTESIAN_POINT('',(107.960568201,-39.864887502,35.467458727));
#516=CARTESIAN_POINT('',(111.333628715,-39.865100105,35.430048639));
#517=CARTESIAN_POINT('',(113.020158973,-39.865206407,35.411343595));
#518=CARTESIAN_POINT('',(114.711827028,-39.865014863,35.443129716));
#519=CARTESIAN_POINT('',(116.408740315,-39.864577641,35.526463014));
#520=CARTESIAN_POINT('',(117.257196958,-39.864359031,35.568129663));
#521=CARTESIAN_POINT('',(118.108410923,-39.864079354,35.622824138));
#522=CARTESIAN_POINT('',(118.956284094,-39.863748347,35.690194968));
#523=CARTESIAN_POINT('',(119.804157265,-39.86341734,35.757565798));
#524=CARTESIAN_POINT('',(120.648982821,-39.863035201,35.837574219));
#525=CARTESIAN_POINT('',(121.490801469,-39.862608944,35.930051446));
#526=CARTESIAN_POINT('',(124.858076063,-39.860903916,36.299960351));
#527=CARTESIAN_POINT('',(128.177384348,-39.858412303,36.868771895));
#528=CARTESIAN_POINT('',(131.450036829,-39.855838035,37.631053778));
#529=CARTESIAN_POINT('',(134.72268931,-39.853263766,38.393335661));
#530=CARTESIAN_POINT('',(137.948685846,-39.850618995,39.3490885));
#531=CARTESIAN_POINT('',(141.127209032,-39.848133339,40.501702551));
#532=CARTESIAN_POINT('',(141.921839828,-39.847511925,40.789856064));
#533=CARTESIAN_POINT('',(142.713494261,-39.846903331,41.090351886));
#534=CARTESIAN_POINT('',(143.502138987,-39.846310797,41.403328302));
#535=CARTESIAN_POINT('',(144.290783712,-39.845718263,41.716304719));
#536=CARTESIAN_POINT('',(145.077108453,-39.845141306,42.042061047));
#537=CARTESIAN_POINT('',(145.858876578,-39.844581722,42.379823438));
#538=CARTESIAN_POINT('',(147.422412827,-39.843462554,43.055348219));
#539=CARTESIAN_POINT('',(148.95781557,-39.842420361,43.774471345));
#540=CARTESIAN_POINT('',(150.46575219,-39.841430202,44.536158562));
#541=CARTESIAN_POINT('',(153.48162543,-39.839449884,46.059532995));
#542=CARTESIAN_POINT('',(156.38795858,-39.837749919,47.752661113));
#543=CARTESIAN_POINT('',(159.186515748,-39.836294575,49.612809066));
#544=CARTESIAN_POINT('',(161.985072915,-39.834839231,51.47295702));
#545=CARTESIAN_POINT('',(164.675888533,-39.833679628,53.500071488));
#546=CARTESIAN_POINT('',(167.256250551,-39.833088143,55.698355526));
#547=CARTESIAN_POINT('',(167.901341056,-39.832940272,56.247926536));
#548=CARTESIAN_POINT('',(168.539507,-39.832831972,56.808228516));
#549=CARTESIAN_POINT('',(169.170645736,-39.832746457,57.379420528));
#550=CARTESIAN_POINT('',(169.801784471,-39.832660942,57.95061254));
#551=CARTESIAN_POINT('',(170.424736342,-39.832598738,58.531698853));
#552=CARTESIAN_POINT('',(171.03666585,-39.832560032,59.119883259));
#553=CARTESIAN_POINT('',(172.260524867,-39.83248262,60.29625207));
#554=CARTESIAN_POINT('',(173.443864057,-39.832531234,61.504127312));
#555=CARTESIAN_POINT('',(174.587482485,-39.832669723,62.742887676));
#556=CARTESIAN_POINT('',(176.874719342,-39.8329467,65.220408403));
#557=CARTESIAN_POINT('',(179.003612691,-39.83374558,67.821050046));
#558=CARTESIAN_POINT('',(180.975471383,-39.834922747,70.543794944));
#559=CARTESIAN_POINT('',(182.947330076,-39.836099914,73.266539843));
#560=CARTESIAN_POINT('',(184.7622284,-39.837712751,76.111330216));
#561=CARTESIAN_POINT('',(186.414597623,-39.839532532,79.082496146));
#562=CARTESIAN_POINT('',(186.827689929,-39.839987477,79.825287629));
#563=CARTESIAN_POINT('',(187.231022327,-39.840461655,80.576890272));
#564=CARTESIAN_POINT('',(187.621888701,-39.840950272,81.332324883));
#565=CARTESIAN_POINT('',(188.012755076,-39.841438888,82.087759494));
#566=CARTESIAN_POINT('',(188.391623298,-39.841941572,82.847808296));
#567=CARTESIAN_POINT('',(188.758594631,-39.84245652,83.612432345));
#568=CARTESIAN_POINT('',(189.492537297,-39.843486417,85.141680443));
#569=CARTESIAN_POINT('',(190.178931243,-39.844572717,86.689214592));
#570=CARTESIAN_POINT('',(190.818220286,-39.845731037,88.254864099));
#571=CARTESIAN_POINT('',(192.096798374,-39.848047677,91.386163112));
#572=CARTESIAN_POINT('',(193.187477599,-39.850664197,94.589723279));
#573=CARTESIAN_POINT('',(194.087299794,-39.853281846,97.866682462));
#574=B_SPLINE_CURVE_WITH_KNOTS('',3,(#495,#496,#497,#498,#499,#500,#501,#502,#503,#504,#505,#506,#507,#508,#509,#510,#511,#512,#513,#514,#515,#516,#517,#518,#519,#520,
#521,#522,#523,#524,#525,#526,#527,#528,#529,#530,#531,#532,#533,#534,#535,#536,#537,#538,#539,#540,#541,#542,#543,#544,#545,
#546,#547,#548,#549,#550,#551,#552,#553,#554,#555,#556,#557,#558,#559,#560,#561,#562,#563,#564,#565,#566,#567,#568,#569,#570,
#571,#572,#573),.UNSPECIFIED.,.F.,.F.,(4,3,3,3,3,3,3,3,3,3,3,3,3,3,3,3,3,3,3,3,3,3,3,3,3,3,
4),(0.,0.010079444,0.020158887,0.025198609,0.02771847,0.030238331,0.040317774,0.050397218,0.055436939,0.0579568,0.060476661,0.070556105,0.080635548,0.083155409,0.08567527,0.090714992,0.100794435,0.110873879,0.11339374,0.115913601,0.120953322,0.131032766,0.141112209,0.14363207,0.146151931,0.151191653,
0.161271096),.UNSPECIFIED.);
#575=EDGE_CURVE('',#485,#494,#574,.T.);
#576=ORIENTED_EDGE('',*,*,#575,.T.);
#577=CARTESIAN_POINT('',(194.094414999,-39.855041413,97.931086962));
#578=VERTEX_POINT('',#577);
#579=CARTESIAN_POINT('',(194.087299794,-39.853281846,97.866682462));
#580=CARTESIAN_POINT('',(194.093059133,-39.853298601,97.887656742));
#581=CARTESIAN_POINT('',(194.094832445,-39.853993259,97.909389709));
#582=CARTESIAN_POINT('',(194.094414999,-39.855041413,97.931086962));
#583=B_SPLINE_CURVE_WITH_KNOTS('',3,(#579,#580,#581,#582),.UNSPECIFIED.,.F.,.F.,(4,4),(0.,0.000064894),.UNSPECIFIED.);
#584=EDGE_CURVE('',#494,#578,#583,.T.);
#585=ORIENTED_EDGE('',*,*,#584,.T.);
#586=CARTESIAN_POINT('',(193.781385779,-39.905603595,97.930879816));
#587=VERTEX_POINT('',#586);
#588=CARTESIAN_POINT('',(194.094415501,-39.855041293,97.931086113));
#589=CARTESIAN_POINT('',(193.99008044,-39.871941376,97.931017245));
#590=CARTESIAN_POINT('',(193.885736553,-39.888795773,97.930948962));
#591=CARTESIAN_POINT('',(193.781385757,-39.905603595,97.930879736));
#592=B_SPLINE_CURVE_WITH_KNOTS('',3,(#588,#589,#590,#591),.UNSPECIFIED.,.F.,.F.,(4,4),(0.010947216,0.01126412),.UNSPECIFIED.);
#593=EDGE_CURVE('',#578,#587,#592,.T.);
#594=ORIENTED_EDGE('',*,*,#593,.T.);
#595=CARTESIAN_POINT('',(193.800854449,-39.905753436,98.002074029));
#596=VERTEX_POINT('',#595);
#597=CARTESIAN_POINT('',(193.781385779,-39.905603595,97.930879816));
#598=CARTESIAN_POINT('',(193.787886189,-39.905653591,97.954610145));
#599=CARTESIAN_POINT('',(193.794375758,-39.90570359,97.97834154));
#600=CARTESIAN_POINT('',(193.800854481,-39.905753594,98.002074014));
#601=B_SPLINE_CURVE_WITH_KNOTS('',3,(#597,#598,#599,#600),.UNSPECIFIED.,.F.,.F.,(4,4),(0.,0.000072769),.UNSPECIFIED.);
#602=EDGE_CURVE('',#587,#596,#601,.T.);
#603=ORIENTED_EDGE('',*,*,#602,.T.);
#604=CARTESIAN_POINT('',(193.800819107,-39.905727371,98.002309976));
#605=CARTESIAN_POINT('',(195.189858841,-39.681519148,98.00189674));
#606=CARTESIAN_POINT('',(196.598011871,-39.44573232,98.000958855));
#607=CARTESIAN_POINT('',(198.028750932,-39.198449097,98.000483963));
#608=B_SPLINE_CURVE_WITH_KNOTS('',3,(#604,#605,#606,#607),.UNSPECIFIED.,.F.,.F.,(4,4),(0.002843547,0.687801445),.UNSPECIFIED.);
#609=EDGE_CURVE('',#596,#360,#608,.T.);
#610=ORIENTED_EDGE('',*,*,#609,.T.);
#611=EDGE_LOOP('',(#369,#435,#462,#483,#492,#576,#585,#594,#603,#610));
#612=FACE_BOUND('',#611,.T.);
#613=ADVANCED_FACE('',(#612),#358,.F.);
#614=COLOUR_RGB('',0.666666687,0.694117665,0.764705896);
#615=FILL_AREA_STYLE_COLOUR('',#614);
#616=FILL_AREA_STYLE('',(#615));
#617=SURFACE_STYLE_FILL_AREA(#616);
#618=SURFACE_SIDE_STYLE('',(#617));
#619=SURFACE_STYLE_USAGE(.BOTH.,#618);
#620=PRESENTATION_STYLE_ASSIGNMENT((#619));
#621=OVER_RIDING_STYLED_ITEM('',(#620),#613,#26);
#622=CARTESIAN_POINT('',(0.,-48.909974716,0.));
#623=DIRECTION('',(0.,-1.,0.));
#624=DIRECTION('',(0.,0.,-1.));
#625=AXIS2_PLACEMENT_3D('',#622,#623,#624);
#626=PLANE('',#625);
#627=CARTESIAN_POINT('',(2.98735189,-48.909974716,197.));
#628=VERTEX_POINT('',#627);
#629=CARTESIAN_POINT('',(-15.970017925,-48.909974716,3.888565514));
#630=VERTEX_POINT('',#629);
#631=CARTESIAN_POINT('',(2.987351892,-48.909974716,197.000000009));
#632=CARTESIAN_POINT('',(17.391975303,-48.909974716,147.923860788));
#633=CARTESIAN_POINT('',(11.225425118,-48.909974716,96.591518706));
#634=CARTESIAN_POINT('',(8.282909254,-48.909974716,72.097072638));
#635=CARTESIAN_POINT('',(0.631050381,-48.909974716,47.104717651));
#636=CARTESIAN_POINT('',(-5.846655117,-48.909974716,25.947359945));
#637=CARTESIAN_POINT('',(-15.972126303,-48.909974716,3.889536815));
#638=B_SPLINE_CURVE_WITH_KNOTS('',2,(#631,#632,#633,#634,#635,#636,#637),.UNSPECIFIED.,.F.,.F.,(3,2,2,3),(0.,0.5,0.75,0.979777567),.UNSPECIFIED.);
#639=EDGE_CURVE('',#628,#630,#638,.T.);
#640=ORIENTED_EDGE('',*,*,#639,.T.);
#641=CARTESIAN_POINT('',(-16.167680208,-48.909974716,3.));
#642=VERTEX_POINT('',#641);
#643=CARTESIAN_POINT('',(-15.967905592,-48.909974716,3.887602797));
#644=CARTESIAN_POINT('',(-16.032276194,-48.909974716,3.747875454));
#645=CARTESIAN_POINT('',(-16.081960604,-48.909974716,3.604092928));
#646=CARTESIAN_POINT('',(-16.11584382,-48.909974716,3.45594734));
#647=CARTESIAN_POINT('',(-16.149727035,-48.909974716,3.307801752));
#648=CARTESIAN_POINT('',(-16.167680208,-48.909974716,3.153291231));
#649=CARTESIAN_POINT('',(-16.167680208,-48.909974716,3.));
#650=B_SPLINE_CURVE_WITH_KNOTS('',3,(#643,#644,#645,#646,#647,#648,#649),.UNSPECIFIED.,.F.,.F.,(4,3,4),(0.,0.00045546,0.000910921),.UNSPECIFIED.);
#651=EDGE_CURVE('',#630,#642,#650,.T.);
#652=ORIENTED_EDGE('',*,*,#651,.T.);
#653=CARTESIAN_POINT('',(198.,-48.909974716,3.));
#654=VERTEX_POINT('',#653);
#655=CARTESIAN_POINT('',(-16.167680208,-48.909974716,3.));
#656=DIRECTION('',(1.,0.,-0.));
#657=VECTOR('',#656,214.167680208);
#658=LINE('',#655,#657);
#659=EDGE_CURVE('',#642,#654,#658,.T.);
#660=ORIENTED_EDGE('',*,*,#659,.T.);
#661=CARTESIAN_POINT('',(198.,-48.909974716,98.));
#662=VERTEX_POINT('',#661);
#663=CARTESIAN_POINT('',(198.,-48.909974716,3.));
#664=DIRECTION('',(0.,0.,1.));
#665=VECTOR('',#664,95.);
#666=LINE('',#663,#665);
#667=EDGE_CURVE('',#654,#662,#666,.T.);
#668=ORIENTED_EDGE('',*,*,#667,.T.);
#669=CARTESIAN_POINT('',(195.854470694,-48.909974716,98.));
#670=VERTEX_POINT('',#669);
#671=CARTESIAN_POINT('',(198.,-48.909974716,98.));
#672=DIRECTION('',(-1.,0.,0.));
#673=VECTOR('',#672,2.145529306);
#674=LINE('',#671,#673);
#675=EDGE_CURVE('',#662,#670,#674,.T.);
#676=ORIENTED_EDGE('',*,*,#675,.T.);
#677=CARTESIAN_POINT('',(112.269175536,-48.909974716,33.765408896));
#678=VERTEX_POINT('',#677);
#679=CARTESIAN_POINT('',(112.269175536,-48.909974716,120.265408896));
#680=DIRECTION('',(-0.,1.,-0.));
#681=DIRECTION('',(0.,0.,-1.));
#682=AXIS2_PLACEMENT_3D('',#679,#680,#681);
#683=CIRCLE('',#682,86.5);
#684=EDGE_CURVE('',#670,#678,#683,.T.);
#685=ORIENTED_EDGE('',*,*,#684,.T.);
#686=CARTESIAN_POINT('',(25.769175536,-48.909974716,120.265408896));
#687=VERTEX_POINT('',#686);
#688=CARTESIAN_POINT('',(112.269175536,-48.909974716,120.265408896));
#689=DIRECTION('',(-0.,1.,-0.));
#690=DIRECTION('',(0.,0.,-1.));
#691=AXIS2_PLACEMENT_3D('',#688,#689,#690);
#692=CIRCLE('',#691,86.5);
#693=EDGE_CURVE('',#678,#687,#692,.T.);
#694=ORIENTED_EDGE('',*,*,#693,.T.);
#695=CARTESIAN_POINT('',(25.769175536,-48.909974716,197.));
#696=VERTEX_POINT('',#695);
#697=CARTESIAN_POINT('',(25.769175536,-48.909974716,120.265408896));
#698=DIRECTION('',(-0.,0.,1.));
#699=VECTOR('',#698,76.734591104);
#700=LINE('',#697,#699);
#701=EDGE_CURVE('',#687,#696,#700,.T.);
#702=ORIENTED_EDGE('',*,*,#701,.T.);
#703=CARTESIAN_POINT('',(25.769175536,-48.909974716,197.));
#704=DIRECTION('',(-1.,0.,0.));
#705=VECTOR('',#704,22.781823646);
#706=LINE('',#703,#705);
#707=EDGE_CURVE('',#696,#628,#706,.T.);
#708=ORIENTED_EDGE('',*,*,#707,.T.);
#709=EDGE_LOOP('',(#640,#652,#660,#668,#676,#685,#694,#702,#708));
#710=FACE_BOUND('',#709,.T.);
#711=ADVANCED_FACE('',(#710),#626,.T.);
#712=CARTESIAN_POINT('',(200.,-170.,50.));
#713=DIRECTION('',(1.,0.,0.));
#714=DIRECTION('',(0.,0.,-1.));
#715=AXIS2_PLACEMENT_3D('',#712,#713,#714);
#716=PLANE('',#715);
#717=CARTESIAN_POINT('',(200.,-46.909974716,98.));
#718=VERTEX_POINT('',#717);
#719=CARTESIAN_POINT('',(200.,-46.909974716,3.));
#720=VERTEX_POINT('',#719);
#721=CARTESIAN_POINT('',(200.,-46.909974716,98.));
#722=DIRECTION('',(0.,0.,-1.));
#723=VECTOR('',#722,95.);
#724=LINE('',#721,#723);
#725=EDGE_CURVE('',#718,#720,#724,.T.);
#726=ORIENTED_EDGE('',*,*,#725,.T.);
#727=CARTESIAN_POINT('',(200.,1.682525284,3.));
#728=VERTEX_POINT('',#727);
#729=CARTESIAN_POINT('',(200.,-46.909974716,3.));
#730=DIRECTION('',(0.,1.,0.));
#731=VECTOR('',#730,48.5925);
#732=LINE('',#729,#731);
#733=EDGE_CURVE('',#720,#728,#732,.T.);
#734=ORIENTED_EDGE('',*,*,#733,.T.);
#735=CARTESIAN_POINT('',(200.,1.682525284,99.));
#736=VERTEX_POINT('',#735);
#737=CARTESIAN_POINT('',(200.,1.682525284,3.));
#738=DIRECTION('',(0.,0.,1.));
#739=VECTOR('',#738,96.);
#740=LINE('',#737,#739);
#741=EDGE_CURVE('',#728,#736,#740,.T.);
#742=ORIENTED_EDGE('',*,*,#741,.T.);
#743=CARTESIAN_POINT('',(200.,-4.317474716,99.));
#744=VERTEX_POINT('',#743);
#745=CARTESIAN_POINT('',(200.,1.682525284,99.));
#746=DIRECTION('',(0.,-1.,0.));
#747=VECTOR('',#746,6.);
#748=LINE('',#745,#747);
#749=EDGE_CURVE('',#736,#744,#748,.T.);
#750=ORIENTED_EDGE('',*,*,#749,.T.);
#751=CARTESIAN_POINT('',(200.,-4.317474716,26.653174248));
#752=VERTEX_POINT('',#751);
#753=CARTESIAN_POINT('',(200.,-4.317474716,99.));
#754=DIRECTION('',(0.,-0.,-1.));
#755=VECTOR('',#754,72.346825752);
#756=LINE('',#753,#755);
#757=EDGE_CURVE('',#744,#752,#756,.T.);
#758=ORIENTED_EDGE('',*,*,#757,.T.);
#759=CARTESIAN_POINT('',(200.,-38.707288759,26.653174248));
#760=VERTEX_POINT('',#759);
#761=CARTESIAN_POINT('',(200.,-4.317474716,26.653174248));
#762=DIRECTION('',(0.,-1.,0.));
#763=VECTOR('',#762,34.389814044);
#764=LINE('',#761,#763);
#765=EDGE_CURVE('',#752,#760,#764,.T.);
#766=ORIENTED_EDGE('',*,*,#765,.T.);
#767=CARTESIAN_POINT('',(200.,-38.825735637,28.739871108));
#768=VERTEX_POINT('',#767);
#769=CARTESIAN_POINT('',(200.,-38.707288759,26.653174248));
#770=CARTESIAN_POINT('',(200.,-38.825735637,28.739871108));
#771=B_SPLINE_CURVE_WITH_KNOTS('',1,(#769,#770),.UNSPECIFIED.,.F.,.F.,(2,2),(0.,1.),.UNSPECIFIED.);
#772=EDGE_CURVE('',#760,#768,#771,.T.);
#773=ORIENTED_EDGE('',*,*,#772,.T.);
#774=CARTESIAN_POINT('',(200.,-40.833025303,97.036393781));
#775=VERTEX_POINT('',#774);
#776=CARTESIAN_POINT('',(200.,-38.825735637,28.739871108));
#777=CARTESIAN_POINT('',(200.,-39.30718975,37.406579913));
#778=CARTESIAN_POINT('',(200.,-39.600435969,45.834899674));
#779=CARTESIAN_POINT('',(200.,-39.827684934,52.366363073));
#780=CARTESIAN_POINT('',(200.,-40.011397312,62.92613766));
#781=CARTESIAN_POINT('',(200.,-40.178571735,72.535311791));
#782=CARTESIAN_POINT('',(200.,-40.833025303,97.036393781));
#783=B_SPLINE_CURVE_WITH_KNOTS('',2,(#776,#777,#778,#779,#780,#781,#782),.UNSPECIFIED.,.F.,.F.,(3,2,2,3),(0.,0.25,0.5,1.),.UNSPECIFIED.);
#784=EDGE_CURVE('',#768,#775,#783,.T.);
#785=ORIENTED_EDGE('',*,*,#784,.T.);
#786=CARTESIAN_POINT('',(200.,-40.858643824,98.));
#787=VERTEX_POINT('',#786);
#788=CARTESIAN_POINT('',(200.,-40.833025303,97.036393781));
#789=CARTESIAN_POINT('',(200.,-40.858642568,97.999996147));
#790=B_SPLINE_CURVE_WITH_KNOTS('',1,(#788,#789),.UNSPECIFIED.,.F.,.F.,(2,2),(0.,1.),.UNSPECIFIED.);
#791=EDGE_CURVE('',#775,#787,#790,.T.);
#792=ORIENTED_EDGE('',*,*,#791,.T.);
#793=CARTESIAN_POINT('',(200.,-40.858643824,98.));
#794=DIRECTION('',(0.,-1.,0.));
#795=VECTOR('',#794,6.051330892);
#796=LINE('',#793,#795);
#797=EDGE_CURVE('',#787,#718,#796,.T.);
#798=ORIENTED_EDGE('',*,*,#797,.T.);
#799=EDGE_LOOP('',(#726,#734,#742,#750,#758,#766,#773,#785,#792,#798));
#800=FACE_BOUND('',#799,.T.);
#801=ADVANCED_FACE('',(#800),#716,.T.);
#802=CARTESIAN_POINT('',(112.269175536,-170.,120.265408896));
#803=DIRECTION('',(0.,1.,0.));
#804=DIRECTION('',(0.,-0.,1.));
#805=AXIS2_PLACEMENT_3D('',#802,#803,#804);
#806=CYLINDRICAL_SURFACE('',#805,84.5);
#807=CARTESIAN_POINT('',(27.769175536,-46.909974716,120.265408896));
#808=VERTEX_POINT('',#807);
#809=CARTESIAN_POINT('',(27.769175536,-39.524581497,120.265408896));
#810=VERTEX_POINT('',#809);
#811=CARTESIAN_POINT('',(27.769175536,-46.909974716,120.265408896));
#812=DIRECTION('',(0.,1.,0.));
#813=VECTOR('',#812,7.385393219);
#814=LINE('',#811,#813);
#815=EDGE_CURVE('',#808,#810,#814,.T.);
#816=ORIENTED_EDGE('',*,*,#815,.F.);
#817=CARTESIAN_POINT('',(112.269175536,-46.909974716,35.765408896));
#818=VERTEX_POINT('',#817);
#819=CARTESIAN_POINT('',(112.269175536,-46.909974716,120.265408896));
#820=DIRECTION('',(0.,-1.,0.));
#821=DIRECTION('',(0.,0.,-1.));
#822=AXIS2_PLACEMENT_3D('',#819,#820,#821);
#823=CIRCLE('',#822,84.5);
#824=EDGE_CURVE('',#808,#818,#823,.T.);
#825=ORIENTED_EDGE('',*,*,#824,.T.);
#826=CARTESIAN_POINT('',(193.802137248,-46.909974716,98.070225758));
#827=VERTEX_POINT('',#826);
#828=CARTESIAN_POINT('',(112.269175536,-46.909974716,120.265408896));
#829=DIRECTION('',(0.,-1.,0.));
#830=DIRECTION('',(0.,0.,-1.));
#831=AXIS2_PLACEMENT_3D('',#828,#829,#830);
#832=CIRCLE('',#831,84.5);
#833=EDGE_CURVE('',#818,#827,#832,.T.);
#834=ORIENTED_EDGE('',*,*,#833,.T.);
#835=CARTESIAN_POINT('',(193.802137248,-39.977797083,98.070225758));
#836=VERTEX_POINT('',#835);
#837=CARTESIAN_POINT('',(193.802137248,-46.909974716,98.070225758));
#838=DIRECTION('',(0.,1.,0.));
#839=VECTOR('',#838,6.932177633);
#840=LINE('',#837,#839);
#841=EDGE_CURVE('',#827,#836,#840,.T.);
#842=ORIENTED_EDGE('',*,*,#841,.T.);
#843=CARTESIAN_POINT('',(193.788108351,-39.925503566,98.018766137));
#844=VERTEX_POINT('',#843);
#845=CARTESIAN_POINT('',(193.802137248,-39.977797083,98.070225758));
#846=CARTESIAN_POINT('',(193.797467283,-39.960365874,98.053070862));
#847=CARTESIAN_POINT('',(193.792791904,-39.942934666,98.035917439));
#848=CARTESIAN_POINT('',(193.788111111,-39.925503457,98.018765494));
#849=B_SPLINE_CURVE_WITH_KNOTS('',3,(#845,#846,#847,#848),.UNSPECIFIED.,.F.,.F.,(4,4),(0.,0.755120852),.UNSPECIFIED.);
#850=EDGE_CURVE('',#836,#844,#849,.T.);
#851=ORIENTED_EDGE('',*,*,#850,.T.);
#852=CARTESIAN_POINT('',(193.765274458,-39.925328464,97.935253042));
#853=VERTEX_POINT('',#852);
#854=CARTESIAN_POINT('',(193.788111084,-39.925503456,98.018765392));
#855=CARTESIAN_POINT('',(193.780513797,-39.92544512,97.990926464));
#856=CARTESIAN_POINT('',(193.772901591,-39.92538679,97.963089013));
#857=CARTESIAN_POINT('',(193.765274458,-39.925328464,97.935253042));
#858=B_SPLINE_CURVE_WITH_KNOTS('',3,(#854,#855,#856,#857),.UNSPECIFIED.,.F.,.F.,(4,4),(0.,0.000085377),.UNSPECIFIED.);
#859=EDGE_CURVE('',#844,#853,#858,.T.);
#860=ORIENTED_EDGE('',*,*,#859,.T.);
#861=CARTESIAN_POINT('',(193.709297461,-39.766002853,97.731955079));
#862=VERTEX_POINT('',#861);
#863=CARTESIAN_POINT('',(193.765274458,-39.925328464,97.935253042));
#864=CARTESIAN_POINT('',(193.752637358,-39.925231849,97.889132702));
#865=CARTESIAN_POINT('',(193.740250426,-39.910297431,97.844091968));
#866=CARTESIAN_POINT('',(193.730058603,-39.881689305,97.8071241));
#867=CARTESIAN_POINT('',(193.71986678,-39.853081179,97.770156233));
#868=CARTESIAN_POINT('',(193.712509552,-39.812333505,97.74356418));
#869=CARTESIAN_POINT('',(193.709297461,-39.766002853,97.731955079));
#870=B_SPLINE_CURVE_WITH_KNOTS('',3,(#863,#864,#865,#866,#867,#868,#869),.UNSPECIFIED.,.F.,.F.,(4,3,4),(0.,0.000141583,0.000283165),.UNSPECIFIED.);
#871=EDGE_CURVE('',#853,#862,#870,.T.);
#872=ORIENTED_EDGE('',*,*,#871,.T.);
#873=CARTESIAN_POINT('',(112.269175536,-39.766002853,35.765408896));
#874=VERTEX_POINT('',#873);
#875=CARTESIAN_POINT('',(112.269175536,-39.766002853,120.265408896));
#876=DIRECTION('',(0.,1.,0.));
#877=DIRECTION('',(0.,0.,-1.));
#878=AXIS2_PLACEMENT_3D('',#875,#876,#877);
#879=CIRCLE('',#878,84.5);
#880=EDGE_CURVE('',#862,#874,#879,.T.);
#881=ORIENTED_EDGE('',*,*,#880,.T.);
#882=CARTESIAN_POINT('',(31.006552943,-39.766002853,97.1));
#883=VERTEX_POINT('',#882);
#884=CARTESIAN_POINT('',(112.269175536,-39.766002853,120.265408896));
#885=DIRECTION('',(0.,1.,0.));
#886=DIRECTION('',(0.,0.,-1.));
#887=AXIS2_PLACEMENT_3D('',#884,#885,#886);
#888=CIRCLE('',#887,84.5);
#889=EDGE_CURVE('',#874,#883,#888,.T.);
#890=ORIENTED_EDGE('',*,*,#889,.T.);
#891=CARTESIAN_POINT('',(31.006552943,-39.524581497,97.1));
#892=VERTEX_POINT('',#891);
#893=CARTESIAN_POINT('',(31.006552943,-39.524581497,97.1));
#894=DIRECTION('',(-0.,-1.,-0.));
#895=VECTOR('',#894,0.241421356);
#896=LINE('',#893,#895);
#897=EDGE_CURVE('',#892,#883,#896,.T.);
#898=ORIENTED_EDGE('',*,*,#897,.F.);
#899=CARTESIAN_POINT('',(112.269175536,-39.524581497,120.265408896));
#900=DIRECTION('',(-0.,-1.,-0.));
#901=DIRECTION('',(0.,0.,-1.));
#902=AXIS2_PLACEMENT_3D('',#899,#900,#901);
#903=CIRCLE('',#902,84.5);
#904=EDGE_CURVE('',#810,#892,#903,.T.);
#905=ORIENTED_EDGE('',*,*,#904,.F.);
#906=EDGE_LOOP('',(#816,#825,#834,#842,#851,#860,#872,#881,#890,#898,#905));
#907=FACE_BOUND('',#906,.T.);
#908=ADVANCED_FACE('',(#907),#806,.F.);
#909=CARTESIAN_POINT('',(193.802137248,-170.,98.070225758));
#910=DIRECTION('',(0.607180002,0.,-0.794564311));
#911=DIRECTION('',(0.,1.,0.));
#912=AXIS2_PLACEMENT_3D('',#909,#910,#911);
#913=PLANE('',#912);
#914=ORIENTED_EDGE('',*,*,#841,.F.);
#915=CARTESIAN_POINT('',(195.058757476,-47.879480968,99.030493747));
#916=VERTEX_POINT('',#915);
#917=CARTESIAN_POINT('',(193.802137248,-46.909974716,98.070225758));
#918=CARTESIAN_POINT('',(194.222103737,-47.230899341,98.391150384));
#919=CARTESIAN_POINT('',(194.640959168,-47.554105002,98.711225975));
#920=CARTESIAN_POINT('',(195.058757476,-47.879480968,99.030493747));
#921=B_SPLINE_CURVE_WITH_KNOTS('',3,(#917,#918,#919,#920),.UNSPECIFIED.,.F.,.F.,(4,4),(0.,0.001855034),.UNSPECIFIED.);
#922=EDGE_CURVE('',#827,#916,#921,.T.);
#923=ORIENTED_EDGE('',*,*,#922,.T.);
#924=CARTESIAN_POINT('',(195.411437158,-47.609974716,99.3));
#925=DIRECTION('',(-0.679172461,-0.519001333,-0.519001333));
#926=VECTOR('',#925,0.519278537);
#927=LINE('',#924,#926);
#928=EDGE_CURVE('',#33,#916,#927,.T.);
#929=ORIENTED_EDGE('',*,*,#928,.F.);
#930=ORIENTED_EDGE('',*,*,#63,.F.);
#931=CARTESIAN_POINT('',(193.802137248,-39.977797083,98.070225758));
#932=CARTESIAN_POINT('',(194.59920162,-40.494973604,98.679316225));
#933=CARTESIAN_POINT('',(195.411436126,-41.01316768,99.299999211));
#934=B_SPLINE_CURVE_WITH_KNOTS('',2,(#931,#932,#933),.UNSPECIFIED.,.F.,.F.,(3,3),(0.359367365,1.),.UNSPECIFIED.);
#935=EDGE_CURVE('',#836,#51,#934,.T.);
#936=ORIENTED_EDGE('',*,*,#935,.F.);
#937=EDGE_LOOP('',(#914,#923,#929,#930,#936));
#938=FACE_BOUND('',#937,.T.);
#939=ADVANCED_FACE('',(#938),#913,.F.);
#940=CARTESIAN_POINT('',(0.,-48.909974716,98.));
#941=DIRECTION('',(0.,-0.707106781,0.707106781));
#942=DIRECTION('',(1.,0.,0.));
#943=AXIS2_PLACEMENT_3D('',#940,#941,#942);
#944=PLANE('',#943);
#945=ORIENTED_EDGE('',*,*,#675,.F.);
#946=CARTESIAN_POINT('',(199.,-47.909974716,99.));
#947=VERTEX_POINT('',#946);
#948=CARTESIAN_POINT('',(198.,-48.909974716,98.));
#949=DIRECTION('',(0.577350269,0.577350269,0.577350269));
#950=VECTOR('',#949,1.732050808);
#951=LINE('',#948,#950);
#952=EDGE_CURVE('',#662,#947,#951,.T.);
#953=ORIENTED_EDGE('',*,*,#952,.T.);
#954=CARTESIAN_POINT('',(198.7,-47.609974716,99.3));
#955=DIRECTION('',(0.577350269,-0.577350269,-0.577350269));
#956=VECTOR('',#955,0.519615242);
#957=LINE('',#954,#956);
#958=EDGE_CURVE('',#35,#947,#957,.T.);
#959=ORIENTED_EDGE('',*,*,#958,.F.);
#960=ORIENTED_EDGE('',*,*,#40,.F.);
#961=ORIENTED_EDGE('',*,*,#928,.T.);
#962=CARTESIAN_POINT('',(195.058757476,-47.879480968,99.030493747));
#963=CARTESIAN_POINT('',(195.324976041,-48.222600203,98.687374512));
#964=CARTESIAN_POINT('',(195.59020658,-48.566100899,98.343873816));
#965=CARTESIAN_POINT('',(195.854470694,-48.909974716,98.));
#966=B_SPLINE_CURVE_WITH_KNOTS('',3,(#962,#963,#964,#965),.UNSPECIFIED.,.F.,.F.,(4,4),(0.,0.00166042),.UNSPECIFIED.);
#967=EDGE_CURVE('',#916,#670,#966,.T.);
#968=ORIENTED_EDGE('',*,*,#967,.T.);
#969=EDGE_LOOP('',(#945,#953,#959,#960,#961,#968));
#970=FACE_BOUND('',#969,.T.);
#971=ADVANCED_FACE('',(#970),#944,.T.);
#972=CARTESIAN_POINT('',(199.070129866,-40.375825279,99.300006119));
#973=CARTESIAN_POINT('',(197.383722435,-40.677230211,99.300110278));
#974=CARTESIAN_POINT('',(195.693254536,-40.969532857,99.300248096));
#975=CARTESIAN_POINT('',(194.001663287,-41.249870358,99.300426952));
#976=CARTESIAN_POINT('',(198.839709448,-39.0576352,98.000876916));
#977=CARTESIAN_POINT('',(197.15737185,-39.351711891,98.001174386));
#978=CARTESIAN_POINT('',(195.471533905,-39.636161871,98.001567981));
#979=CARTESIAN_POINT('',(193.785196217,-39.908280345,98.002078778));
#980=B_SPLINE_SURFACE_WITH_KNOTS('',1,3,((#972,#973,#974,#975),(#976,#977,#978,#979)),.UNSPECIFIED.,.F.,.F.,.U.,(2,2),(4,4),(0.350150467,1.),(0.171394455,0.91577336),.UNSPECIFIED.);
#981=CARTESIAN_POINT('',(199.014344658,-40.056946205,98.985729325));
#982=VERTEX_POINT('',#981);
#983=CARTESIAN_POINT('',(199.014296808,-40.05692846,98.985703192));
#984=CARTESIAN_POINT('',(198.856764711,-40.249727609,99.143235289));
#985=CARTESIAN_POINT('',(198.7,-40.441789349,99.3));
#986=B_SPLINE_CURVE_WITH_KNOTS('',2,(#983,#984,#985),.UNSPECIFIED.,.F.,.F.,(3,3),(0.488872954,0.646386066),.UNSPECIFIED.);
#987=EDGE_CURVE('',#982,#43,#986,.T.);
#988=ORIENTED_EDGE('',*,*,#987,.F.);
#989=CARTESIAN_POINT('',(199.01429641,-40.05692734,98.985704138));
#990=CARTESIAN_POINT('',(198.685511415,-39.771934794,98.657452631));
#991=CARTESIAN_POINT('',(198.357120479,-39.485812456,98.329225891));
#992=CARTESIAN_POINT('',(198.02916904,-39.198518899,98.00102771));
#993=B_SPLINE_CURVE_WITH_KNOTS('',3,(#989,#990,#991,#992),.UNSPECIFIED.,.F.,.F.,(4,4),(0.,1.),.UNSPECIFIED.);
#994=EDGE_CURVE('',#982,#360,#993,.T.);
#995=ORIENTED_EDGE('',*,*,#994,.T.);
#996=ORIENTED_EDGE('',*,*,#609,.F.);
#997=CARTESIAN_POINT('',(193.800854477,-39.90575361,98.002074361));
#998=CARTESIAN_POINT('',(193.795450111,-39.906625954,98.002076009));
#999=CARTESIAN_POINT('',(193.790961259,-39.910010904,98.004586997));
#1000=CARTESIAN_POINT('',(193.789032162,-39.913818434,98.007885399));
#1001=CARTESIAN_POINT('',(193.787103065,-39.917625964,98.011183801));
#1002=CARTESIAN_POINT('',(193.787090485,-39.921700125,98.015024827));
#1003=CARTESIAN_POINT('',(193.788111378,-39.925502412,98.018766469));
#1004=B_SPLINE_CURVE_WITH_KNOTS('',3,(#997,#998,#999,#1000,#1001,#1002,#1003),.UNSPECIFIED.,.F.,.F.,(4,3,4),(0.,0.000016195,0.00003239),.UNSPECIFIED.);
#1005=EDGE_CURVE('',#596,#844,#1004,.T.);
#1006=ORIENTED_EDGE('',*,*,#1005,.T.);
#1007=ORIENTED_EDGE('',*,*,#850,.F.);
#1008=ORIENTED_EDGE('',*,*,#935,.T.);
#1009=ORIENTED_EDGE('',*,*,#57,.F.);
#1010=EDGE_LOOP('',(#988,#995,#996,#1006,#1007,#1008,#1009));
#1011=FACE_BOUND('',#1010,.T.);
#1012=ADVANCED_FACE('',(#1011),#980,.T.);
#1013=CARTESIAN_POINT('',(198.,-170.,100.));
#1014=DIRECTION('',(0.707106781,0.,0.707106781));
#1015=DIRECTION('',(0.,-1.,0.));
#1016=AXIS2_PLACEMENT_3D('',#1013,#1014,#1015);
#1017=PLANE('',#1016);
#1018=ORIENTED_EDGE('',*,*,#958,.T.);
#1019=CARTESIAN_POINT('',(199.,-47.909974716,99.));
#1020=DIRECTION('',(0.577350269,0.577350269,-0.577350269));
#1021=VECTOR('',#1020,1.732050808);
#1022=LINE('',#1019,#1021);
#1023=EDGE_CURVE('',#947,#718,#1022,.T.);
#1024=ORIENTED_EDGE('',*,*,#1023,.T.);
#1025=ORIENTED_EDGE('',*,*,#797,.F.);
#1026=CARTESIAN_POINT('',(200.000001414,-40.858643824,97.999998586));
#1027=CARTESIAN_POINT('',(199.014297208,-40.056927971,98.985702792));
#1028=B_SPLINE_CURVE_WITH_KNOTS('',1,(#1026,#1027),.UNSPECIFIED.,.F.,.F.,(2,2),(0.,1.),.UNSPECIFIED.);
#1029=EDGE_CURVE('',#787,#982,#1028,.T.);
#1030=ORIENTED_EDGE('',*,*,#1029,.T.);
#1031=ORIENTED_EDGE('',*,*,#987,.T.);
#1032=ORIENTED_EDGE('',*,*,#48,.F.);
#1033=EDGE_LOOP('',(#1018,#1024,#1025,#1030,#1031,#1032));
#1034=FACE_BOUND('',#1033,.T.);
#1035=ADVANCED_FACE('',(#1034),#1017,.T.);
#1036=CARTESIAN_POINT('',(197.198520817,-44.153097218,97.74));
#1037=DIRECTION('',(0.,0.,1.));
#1038=DIRECTION('',(1.,0.,0.));
#1039=AXIS2_PLACEMENT_3D('',#1036,#1037,#1038);
#1040=PLANE('',#1039);
#1041=CARTESIAN_POINT('',(193.752744419,-39.707849739,97.74));
#1042=VERTEX_POINT('',#1041);
#1043=CARTESIAN_POINT('',(193.844002967,-39.693134926,97.74));
#1044=VERTEX_POINT('',#1043);
#1045=CARTESIAN_POINT('',(193.752744419,-39.707849739,97.74));
#1046=CARTESIAN_POINT('',(193.783164538,-39.702948747,97.74));
#1047=CARTESIAN_POINT('',(193.813584054,-39.698043806,97.74));
#1048=CARTESIAN_POINT('',(193.844002967,-39.693134926,97.74));
#1049=B_SPLINE_CURVE_WITH_KNOTS('',3,(#1045,#1046,#1047,#1048),.UNSPECIFIED.,.F.,.F.,(4,4),(0.011168509,0.011260944),.UNSPECIFIED.);
#1050=EDGE_CURVE('',#1042,#1044,#1049,.T.);
#1051=ORIENTED_EDGE('',*,*,#1050,.T.);
#1052=CARTESIAN_POINT('',(193.844002967,-39.693134926,97.74));
#1053=CARTESIAN_POINT('',(193.81389828,-39.679986308,97.74));
#1054=CARTESIAN_POINT('',(193.777040007,-39.685728403,97.74));
#1055=CARTESIAN_POINT('',(193.752744419,-39.707849739,97.74));
#1056=B_SPLINE_CURVE_WITH_KNOTS('',3,(#1052,#1053,#1054,#1055),.UNSPECIFIED.,.F.,.F.,(4,4),(0.,0.000097139),.UNSPECIFIED.);
#1057=EDGE_CURVE('',#1044,#1042,#1056,.T.);
#1058=ORIENTED_EDGE('',*,*,#1057,.T.);
#1059=EDGE_LOOP('',(#1051,#1058));
#1060=FACE_BOUND('',#1059,.T.);
#1061=ADVANCED_FACE('',(#1060),#1040,.T.);
#1062=CARTESIAN_POINT('',(197.151545244,-170.,100.));
#1063=DIRECTION('',(0.,0.,-1.));
#1064=DIRECTION('',(-1.,0.,0.));
#1065=AXIS2_PLACEMENT_3D('',#1062,#1063,#1064);
#1066=PLANE('',#1065);
#1067=CARTESIAN_POINT('',(195.309185301,1.682303318,100.));
#1068=VERTEX_POINT('',#1067);
#1069=CARTESIAN_POINT('',(195.309185301,-4.31725275,100.));
#1070=VERTEX_POINT('',#1069);
#1071=CARTESIAN_POINT('',(195.309185301,1.682303318,100.));
#1072=DIRECTION('',(0.,-1.,0.));
#1073=VECTOR('',#1072,5.999556068);
#1074=LINE('',#1071,#1073);
#1075=EDGE_CURVE('',#1068,#1070,#1074,.T.);
#1076=ORIENTED_EDGE('',*,*,#1075,.T.);
#1077=CARTESIAN_POINT('',(196.945620905,-5.317474716,100.));
#1078=VERTEX_POINT('',#1077);
#1079=CARTESIAN_POINT('',(195.309185301,-4.31725275,100.));
#1080=CARTESIAN_POINT('',(195.854601639,-4.65076183,100.));
#1081=CARTESIAN_POINT('',(196.400080129,-4.984169226,100.));
#1082=CARTESIAN_POINT('',(196.945620905,-5.317474716,100.));
#1083=B_SPLINE_CURVE_WITH_KNOTS('',3,(#1079,#1080,#1081,#1082),.UNSPECIFIED.,.F.,.F.,(4,4),(0.,0.001917907),.UNSPECIFIED.);
#1084=EDGE_CURVE('',#1070,#1078,#1083,.T.);
#1085=ORIENTED_EDGE('',*,*,#1084,.T.);
#1086=CARTESIAN_POINT('',(199.,-5.317474716,100.));
#1087=VERTEX_POINT('',#1086);
#1088=CARTESIAN_POINT('',(196.945620905,-5.317474716,100.));
#1089=DIRECTION('',(1.,-0.,0.));
#1090=VECTOR('',#1089,2.054379095);
#1091=LINE('',#1088,#1090);
#1092=EDGE_CURVE('',#1078,#1087,#1091,.T.);
#1093=ORIENTED_EDGE('',*,*,#1092,.T.);
#1094=CARTESIAN_POINT('',(199.,2.682525284,100.));
#1095=VERTEX_POINT('',#1094);
#1096=CARTESIAN_POINT('',(199.,-5.317474716,100.));
#1097=DIRECTION('',(0.,1.,0.));
#1098=VECTOR('',#1097,8.);
#1099=LINE('',#1096,#1098);
#1100=EDGE_CURVE('',#1087,#1095,#1099,.T.);
#1101=ORIENTED_EDGE('',*,*,#1100,.T.);
#1102=CARTESIAN_POINT('',(196.945620905,2.682525284,100.));
#1103=VERTEX_POINT('',#1102);
#1104=CARTESIAN_POINT('',(199.,2.682525284,100.));
#1105=DIRECTION('',(-1.,0.,0.));
#1106=VECTOR('',#1105,2.054379095);
#1107=LINE('',#1104,#1106);
#1108=EDGE_CURVE('',#1095,#1103,#1107,.T.);
#1109=ORIENTED_EDGE('',*,*,#1108,.T.);
#1110=CARTESIAN_POINT('',(196.945620905,2.682525284,100.));
#1111=CARTESIAN_POINT('',(196.400080129,2.349219795,100.));
#1112=CARTESIAN_POINT('',(195.854601639,2.015812398,100.));
#1113=CARTESIAN_POINT('',(195.309185301,1.682303318,100.));
#1114=B_SPLINE_CURVE_WITH_KNOTS('',3,(#1110,#1111,#1112,#1113),.UNSPECIFIED.,.F.,.F.,(4,4),(0.,0.001917907),.UNSPECIFIED.);
#1115=EDGE_CURVE('',#1103,#1068,#1114,.T.);
#1116=ORIENTED_EDGE('',*,*,#1115,.T.);
#1117=EDGE_LOOP('',(#1076,#1085,#1093,#1101,#1109,#1116));
#1118=FACE_BOUND('',#1117,.T.);
#1119=ADVANCED_FACE('',(#1118),#1066,.F.);
#1120=CARTESIAN_POINT('',(199.,-170.,100.));
#1121=DIRECTION('',(0.707106781,0.,0.707106781));
#1122=DIRECTION('',(0.,-1.,0.));
#1123=AXIS2_PLACEMENT_3D('',#1120,#1121,#1122);
#1124=PLANE('',#1123);
#1125=ORIENTED_EDGE('',*,*,#1100,.F.);
#1126=CARTESIAN_POINT('',(199.,-5.317474716,100.));
#1127=DIRECTION('',(0.577350269,0.577350269,-0.577350269));
#1128=VECTOR('',#1127,1.732050808);
#1129=LINE('',#1126,#1128);
#1130=EDGE_CURVE('',#1087,#744,#1129,.T.);
#1131=ORIENTED_EDGE('',*,*,#1130,.T.);
#1132=ORIENTED_EDGE('',*,*,#749,.F.);
#1133=CARTESIAN_POINT('',(200.,1.682525284,99.));
#1134=DIRECTION('',(-0.577350269,0.577350269,0.577350269));
#1135=VECTOR('',#1134,1.732050808);
#1136=LINE('',#1133,#1135);
#1137=EDGE_CURVE('',#736,#1095,#1136,.T.);
#1138=ORIENTED_EDGE('',*,*,#1137,.T.);
#1139=EDGE_LOOP('',(#1125,#1131,#1132,#1138));
#1140=FACE_BOUND('',#1139,.T.);
#1141=ADVANCED_FACE('',(#1140),#1124,.T.);
#1142=CARTESIAN_POINT('',(194.057903374,-170.,99.032086061));
#1143=DIRECTION('',(0.611848867,0.,-0.790974692));
#1144=DIRECTION('',(0.,1.,0.));
#1145=AXIS2_PLACEMENT_3D('',#1142,#1143,#1144);
#1146=PLANE('',#1145);
#1147=CARTESIAN_POINT('',(194.563877085,1.682525284,99.42347588));
#1148=VERTEX_POINT('',#1147);
#1149=CARTESIAN_POINT('',(194.563877085,-4.317474716,99.42347588));
#1150=VERTEX_POINT('',#1149);
#1151=CARTESIAN_POINT('',(194.563877085,1.682525284,99.42347588));
#1152=DIRECTION('',(0.,-1.,0.));
#1153=VECTOR('',#1152,6.);
#1154=LINE('',#1151,#1153);
#1155=EDGE_CURVE('',#1148,#1150,#1154,.T.);
#1156=ORIENTED_EDGE('',*,*,#1155,.T.);
#1157=CARTESIAN_POINT('',(194.563877085,-4.317474716,99.42347588));
#1158=CARTESIAN_POINT('',(194.812313171,-4.317474716,99.615650597));
#1159=CARTESIAN_POINT('',(195.060749243,-4.317400727,99.807825304));
#1160=CARTESIAN_POINT('',(195.309185301,-4.31725275,100.));
#1161=B_SPLINE_CURVE_WITH_KNOTS('',3,(#1157,#1158,#1159,#1160),.UNSPECIFIED.,.F.,.F.,(4,4),(0.,0.000942266),.UNSPECIFIED.);
#1162=EDGE_CURVE('',#1150,#1070,#1161,.T.);
#1163=ORIENTED_EDGE('',*,*,#1162,.T.);
#1164=ORIENTED_EDGE('',*,*,#1075,.F.);
#1165=CARTESIAN_POINT('',(195.309185301,1.682303318,100.));
#1166=CARTESIAN_POINT('',(195.060749243,1.682451296,99.807825304));
#1167=CARTESIAN_POINT('',(194.812313171,1.682525284,99.615650597));
#1168=CARTESIAN_POINT('',(194.563877085,1.682525284,99.42347588));
#1169=B_SPLINE_CURVE_WITH_KNOTS('',3,(#1165,#1166,#1167,#1168),.UNSPECIFIED.,.F.,.F.,(4,4),(0.,0.000942266),.UNSPECIFIED.);
#1170=EDGE_CURVE('',#1068,#1148,#1169,.T.);
#1171=ORIENTED_EDGE('',*,*,#1170,.T.);
#1172=EDGE_LOOP('',(#1156,#1163,#1164,#1171));
#1173=FACE_BOUND('',#1172,.T.);
#1174=ADVANCED_FACE('',(#1173),#1146,.F.);
#1175=CARTESIAN_POINT('',(197.151545244,2.682525284,100.));
#1176=DIRECTION('',(0.,-0.707106781,-0.707106781));
#1177=DIRECTION('',(-1.,0.,0.));
#1178=AXIS2_PLACEMENT_3D('',#1175,#1176,#1177);
#1179=PLANE('',#1178);
#1180=CARTESIAN_POINT('',(197.286672896,3.682525284,99.));
#1181=VERTEX_POINT('',#1180);
#1182=CARTESIAN_POINT('',(198.,3.682525284,99.));
#1183=VERTEX_POINT('',#1182);
#1184=CARTESIAN_POINT('',(197.286672896,3.682525284,99.));
#1185=DIRECTION('',(1.,0.,-0.));
#1186=VECTOR('',#1185,0.713327104);
#1187=LINE('',#1184,#1186);
#1188=EDGE_CURVE('',#1181,#1183,#1187,.T.);
#1189=ORIENTED_EDGE('',*,*,#1188,.F.);
#1190=CARTESIAN_POINT('',(197.286672896,3.682525284,99.));
#1191=CARTESIAN_POINT('',(197.172973894,3.34919451,99.333330775));
#1192=CARTESIAN_POINT('',(197.059289902,3.015861176,99.666664109));
#1193=CARTESIAN_POINT('',(196.945620905,2.682525284,100.));
#1194=B_SPLINE_CURVE_WITH_KNOTS('',3,(#1190,#1191,#1192,#1193),.UNSPECIFIED.,.F.,.F.,(4,4),(0.,0.001454756),.UNSPECIFIED.);
#1195=EDGE_CURVE('',#1181,#1103,#1194,.T.);
#1196=ORIENTED_EDGE('',*,*,#1195,.T.);
#1197=ORIENTED_EDGE('',*,*,#1108,.F.);
#1198=CARTESIAN_POINT('',(199.,2.682525284,100.));
#1199=DIRECTION('',(-0.577350269,0.577350269,-0.577350269));
#1200=VECTOR('',#1199,1.732050808);
#1201=LINE('',#1198,#1200);
#1202=EDGE_CURVE('',#1095,#1183,#1201,.T.);
#1203=ORIENTED_EDGE('',*,*,#1202,.T.);
#1204=EDGE_LOOP('',(#1189,#1196,#1197,#1203));
#1205=FACE_BOUND('',#1204,.T.);
#1206=ADVANCED_FACE('',(#1205),#1179,.F.);
#1207=CARTESIAN_POINT('',(197.151545244,-5.317474716,100.));
#1208=DIRECTION('',(0.,0.707106781,-0.707106781));
#1209=DIRECTION('',(1.,-0.,0.));
#1210=AXIS2_PLACEMENT_3D('',#1207,#1208,#1209);
#1211=PLANE('',#1210);
#1212=ORIENTED_EDGE('',*,*,#1092,.F.);
#1213=CARTESIAN_POINT('',(197.286672895,-6.317474716,98.999999999));
#1214=VERTEX_POINT('',#1213);
#1215=CARTESIAN_POINT('',(196.945620905,-5.317474716,100.));
#1216=CARTESIAN_POINT('',(197.059289901,-5.650810607,99.666664108));
#1217=CARTESIAN_POINT('',(197.172973894,-5.984143941,99.333330774));
#1218=CARTESIAN_POINT('',(197.286672895,-6.317474716,98.999999999));
#1219=B_SPLINE_CURVE_WITH_KNOTS('',3,(#1215,#1216,#1217,#1218),.UNSPECIFIED.,.F.,.F.,(4,4),(0.,0.001454756),.UNSPECIFIED.);
#1220=EDGE_CURVE('',#1078,#1214,#1219,.T.);
#1221=ORIENTED_EDGE('',*,*,#1220,.T.);
#1222=CARTESIAN_POINT('',(198.,-6.317474716,98.999999999));
#1223=VERTEX_POINT('',#1222);
#1224=CARTESIAN_POINT('',(198.,-6.317474716,98.999999999));
#1225=DIRECTION('',(-1.,0.,0.));
#1226=VECTOR('',#1225,0.713327105);
#1227=LINE('',#1224,#1226);
#1228=EDGE_CURVE('',#1223,#1214,#1227,.T.);
#1229=ORIENTED_EDGE('',*,*,#1228,.F.);
#1230=CARTESIAN_POINT('',(198.,-6.317474716,98.999999999));
#1231=DIRECTION('',(0.577350269,0.577350269,0.577350269));
#1232=VECTOR('',#1231,1.732050808);
#1233=LINE('',#1230,#1232);
#1234=EDGE_CURVE('',#1223,#1087,#1233,.T.);
#1235=ORIENTED_EDGE('',*,*,#1234,.T.);
#1236=EDGE_LOOP('',(#1212,#1221,#1229,#1235));
#1237=FACE_BOUND('',#1236,.T.);
#1238=ADVANCED_FACE('',(#1237),#1211,.F.);
#1239=CARTESIAN_POINT('',(0.,3.682525284,0.));
#1240=DIRECTION('',(0.,-1.,0.));
#1241=DIRECTION('',(0.,0.,-1.));
#1242=AXIS2_PLACEMENT_3D('',#1239,#1240,#1241);
#1243=PLANE('',#1242);
#1244=CARTESIAN_POINT('',(42.769175536,3.682525284,120.265408896));
#1245=VERTEX_POINT('',#1244);
#1246=CARTESIAN_POINT('',(156.170738739,3.682525284,66.386816224));
#1247=VERTEX_POINT('',#1246);
#1248=CARTESIAN_POINT('',(112.269175536,3.682525284,120.265408896));
#1249=DIRECTION('',(0.,-1.,0.));
#1250=DIRECTION('',(0.,0.,-1.));
#1251=AXIS2_PLACEMENT_3D('',#1248,#1249,#1250);
#1252=CIRCLE('',#1251,69.5);
#1253=EDGE_CURVE('',#1245,#1247,#1252,.T.);
#1254=ORIENTED_EDGE('',*,*,#1253,.T.);
#1255=CARTESIAN_POINT('',(1418.261611787,3.682525284,-1482.525908293));
#1256=DIRECTION('',(-0.,1.,-0.));
#1257=DIRECTION('',(0.,0.,-1.));
#1258=AXIS2_PLACEMENT_3D('',#1255,#1256,#1257);
#1259=CIRCLE('',#1258,1998.);
#1260=EDGE_CURVE('',#1247,#1181,#1259,.T.);
#1261=ORIENTED_EDGE('',*,*,#1260,.T.);
#1262=ORIENTED_EDGE('',*,*,#1188,.T.);
#1263=CARTESIAN_POINT('',(198.,3.682525284,3.));
#1264=VERTEX_POINT('',#1263);
#1265=CARTESIAN_POINT('',(198.,3.682525284,99.));
#1266=DIRECTION('',(0.,0.,-1.));
#1267=VECTOR('',#1266,96.);
#1268=LINE('',#1265,#1267);
#1269=EDGE_CURVE('',#1183,#1264,#1268,.T.);
#1270=ORIENTED_EDGE('',*,*,#1269,.T.);
#1271=CARTESIAN_POINT('',(-16.167671507,3.682525284,3.));
#1272=VERTEX_POINT('',#1271);
#1273=CARTESIAN_POINT('',(198.,3.682525284,3.));
#1274=DIRECTION('',(-1.,-0.,0.));
#1275=VECTOR('',#1274,214.167671507);
#1276=LINE('',#1273,#1275);
#1277=EDGE_CURVE('',#1264,#1272,#1276,.T.);
#1278=ORIENTED_EDGE('',*,*,#1277,.T.);
#1279=CARTESIAN_POINT('',(-15.970005786,3.682525284,3.888591791));
#1280=VERTEX_POINT('',#1279);
#1281=CARTESIAN_POINT('',(-16.167671507,3.682525284,3.));
#1282=CARTESIAN_POINT('',(-16.167671507,3.682525284,3.154133423));
#1283=CARTESIAN_POINT('',(-16.150121442,3.682525284,3.305168938));
#1284=CARTESIAN_POINT('',(-16.116426269,3.682525284,3.453354546));
#1285=CARTESIAN_POINT('',(-16.082731097,3.682525284,3.601540154));
#1286=CARTESIAN_POINT('',(-16.03231644,3.682525284,3.747771897));
#1287=CARTESIAN_POINT('',(-15.967887163,3.682525284,3.887622783));
#1288=B_SPLINE_CURVE_WITH_KNOTS('',3,(#1281,#1282,#1283,#1284,#1285,#1286,#1287),.UNSPECIFIED.,.F.,.F.,(4,3,4),(0.,0.00045536,0.000910721),.UNSPECIFIED.);
#1289=EDGE_CURVE('',#1272,#1280,#1288,.T.);
#1290=ORIENTED_EDGE('',*,*,#1289,.T.);
#1291=CARTESIAN_POINT('',(2.9873403,3.682525284,197.));
#1292=VERTEX_POINT('',#1291);
#1293=CARTESIAN_POINT('',(-15.972121733,3.682525284,3.889566605));
#1294=CARTESIAN_POINT('',(-5.846727924,3.682525284,25.947492313));
#1295=CARTESIAN_POINT('',(0.631388123,3.682525284,47.105793038));
#1296=CARTESIAN_POINT('',(8.282229254,3.682525284,72.094353951));
#1297=CARTESIAN_POINT('',(11.22522038,3.682525284,96.589814556));
#1298=CARTESIAN_POINT('',(17.392560807,3.682525284,147.92257025));
#1299=CARTESIAN_POINT('',(2.9873403,3.682525284,197.000000003));
#1300=B_SPLINE_CURVE_WITH_KNOTS('',2,(#1293,#1294,#1295,#1296,#1297,#1298,#1299),.UNSPECIFIED.,.F.,.F.,(3,2,2,3),(0.02022252,0.25,0.5,1.),.UNSPECIFIED.);
#1301=EDGE_CURVE('',#1280,#1292,#1300,.T.);
#1302=ORIENTED_EDGE('',*,*,#1301,.T.);
#1303=CARTESIAN_POINT('',(24.940748411,3.682525284,197.));
#1304=VERTEX_POINT('',#1303);
#1305=CARTESIAN_POINT('',(2.9873403,3.682525284,197.));
#1306=DIRECTION('',(1.,0.,-0.));
#1307=VECTOR('',#1306,21.953408112);
#1308=LINE('',#1305,#1307);
#1309=EDGE_CURVE('',#1292,#1304,#1308,.T.);
#1310=ORIENTED_EDGE('',*,*,#1309,.T.);
#1311=CARTESIAN_POINT('',(42.769175536,3.682525284,179.171572875));
#1312=VERTEX_POINT('',#1311);
#1313=CARTESIAN_POINT('',(24.940748411,3.682525284,197.));
#1314=DIRECTION('',(0.707106781,0.,-0.707106781));
#1315=VECTOR('',#1314,25.213203436);
#1316=LINE('',#1313,#1315);
#1317=EDGE_CURVE('',#1304,#1312,#1316,.T.);
#1318=ORIENTED_EDGE('',*,*,#1317,.T.);
#1319=CARTESIAN_POINT('',(42.769175536,3.682525284,179.171572875));
#1320=DIRECTION('',(0.,0.,-1.));
#1321=VECTOR('',#1320,58.906163979);
#1322=LINE('',#1319,#1321);
#1323=EDGE_CURVE('',#1312,#1245,#1322,.T.);
#1324=ORIENTED_EDGE('',*,*,#1323,.T.);
#1325=EDGE_LOOP('',(#1254,#1261,#1262,#1270,#1278,#1290,#1302,#1310,#1318,#1324));
#1326=FACE_BOUND('',#1325,.T.);
#1327=ADVANCED_FACE('',(#1326),#1243,.F.);
#1328=CARTESIAN_POINT('',(43.769175536,-6.317474716,51.765408896));
#1329=DIRECTION('',(0.,1.,-0.));
#1330=DIRECTION('',(-1.,0.,0.));
#1331=AXIS2_PLACEMENT_3D('',#1328,#1329,#1330);
#1332=PLANE('',#1331);
#1333=CARTESIAN_POINT('',(42.769175536,-6.317474716,120.265408896));
#1334=VERTEX_POINT('',#1333);
#1335=CARTESIAN_POINT('',(42.769175536,-6.317474716,179.171572875));
#1336=VERTEX_POINT('',#1335);
#1337=CARTESIAN_POINT('',(42.769175536,-6.317474716,120.265408896));
#1338=DIRECTION('',(-0.,0.,1.));
#1339=VECTOR('',#1338,58.906163979);
#1340=LINE('',#1337,#1339);
#1341=EDGE_CURVE('',#1334,#1336,#1340,.T.);
#1342=ORIENTED_EDGE('',*,*,#1341,.T.);
#1343=CARTESIAN_POINT('',(24.940748411,-6.317474716,197.000000001));
#1344=VERTEX_POINT('',#1343);
#1345=CARTESIAN_POINT('',(42.769175536,-6.317474716,179.171572875));
#1346=DIRECTION('',(-0.707106781,0.,0.707106781));
#1347=VECTOR('',#1346,25.213203437);
#1348=LINE('',#1345,#1347);
#1349=EDGE_CURVE('',#1336,#1344,#1348,.T.);
#1350=ORIENTED_EDGE('',*,*,#1349,.T.);
#1351=CARTESIAN_POINT('',(14.921445828,-6.317474716,197.000000001));
#1352=VERTEX_POINT('',#1351);
#1353=CARTESIAN_POINT('',(24.940748411,-6.317474716,197.000000001));
#1354=DIRECTION('',(-1.,0.,0.));
#1355=VECTOR('',#1354,10.019302583);
#1356=LINE('',#1353,#1355);
#1357=EDGE_CURVE('',#1344,#1352,#1356,.T.);
#1358=ORIENTED_EDGE('',*,*,#1357,.T.);
#1359=CARTESIAN_POINT('',(13.769175536,-6.317474716,188.765408896));
#1360=VERTEX_POINT('',#1359);
#1361=CARTESIAN_POINT('',(43.769175536,-6.317474716,188.765408896));
#1362=DIRECTION('',(0.,1.,-0.));
#1363=DIRECTION('',(1.,-0.,-0.));
#1364=AXIS2_PLACEMENT_3D('',#1361,#1362,#1363);
#1365=CIRCLE('',#1364,30.);
#1366=EDGE_CURVE('',#1360,#1352,#1365,.T.);
#1367=ORIENTED_EDGE('',*,*,#1366,.F.);
#1368=CARTESIAN_POINT('',(13.769175536,-6.317474716,51.765408896));
#1369=VERTEX_POINT('',#1368);
#1370=CARTESIAN_POINT('',(13.769175536,-6.317474716,51.765408896));
#1371=DIRECTION('',(0.,0.,1.));
#1372=VECTOR('',#1371,137.);
#1373=LINE('',#1370,#1372);
#1374=EDGE_CURVE('',#1369,#1360,#1373,.T.);
#1375=ORIENTED_EDGE('',*,*,#1374,.F.);
#1376=CARTESIAN_POINT('',(43.769175536,-6.317474716,21.765408896));
#1377=VERTEX_POINT('',#1376);
#1378=CARTESIAN_POINT('',(43.769175536,-6.317474716,51.765408896));
#1379=DIRECTION('',(0.,1.,-0.));
#1380=DIRECTION('',(1.,-0.,-0.));
#1381=AXIS2_PLACEMENT_3D('',#1378,#1379,#1380);
#1382=CIRCLE('',#1381,30.);
#1383=EDGE_CURVE('',#1377,#1369,#1382,.T.);
#1384=ORIENTED_EDGE('',*,*,#1383,.F.);
#1385=CARTESIAN_POINT('',(180.769175536,-6.317474716,21.765408896));
#1386=VERTEX_POINT('',#1385);
#1387=CARTESIAN_POINT('',(180.769175536,-6.317474716,21.765408896));
#1388=DIRECTION('',(-1.,0.,0.));
#1389=VECTOR('',#1388,137.);
#1390=LINE('',#1387,#1389);
#1391=EDGE_CURVE('',#1386,#1377,#1390,.T.);
#1392=ORIENTED_EDGE('',*,*,#1391,.F.);
#1393=CARTESIAN_POINT('',(198.,-6.317474716,27.207341214));
#1394=VERTEX_POINT('',#1393);
#1395=CARTESIAN_POINT('',(180.769175536,-6.317474716,51.765408896));
#1396=DIRECTION('',(0.,1.,-0.));
#1397=DIRECTION('',(1.,-0.,-0.));
#1398=AXIS2_PLACEMENT_3D('',#1395,#1396,#1397);
#1399=CIRCLE('',#1398,30.);
#1400=EDGE_CURVE('',#1394,#1386,#1399,.T.);
#1401=ORIENTED_EDGE('',*,*,#1400,.F.);
#1402=CARTESIAN_POINT('',(198.,-6.317474716,27.207341214));
#1403=DIRECTION('',(0.,0.,1.));
#1404=VECTOR('',#1403,71.792658786);
#1405=LINE('',#1402,#1404);
#1406=EDGE_CURVE('',#1394,#1223,#1405,.T.);
#1407=ORIENTED_EDGE('',*,*,#1406,.T.);
#1408=ORIENTED_EDGE('',*,*,#1228,.T.);
#1409=CARTESIAN_POINT('',(156.170738852,-6.317474716,66.386816316));
#1410=VERTEX_POINT('',#1409);
#1411=CARTESIAN_POINT('',(1418.261611787,-6.317474716,-1482.525908293));
#1412=DIRECTION('',(-0.,-1.,0.));
#1413=DIRECTION('',(-1.,0.,0.));
#1414=AXIS2_PLACEMENT_3D('',#1411,#1412,#1413);
#1415=CIRCLE('',#1414,1998.);
#1416=EDGE_CURVE('',#1214,#1410,#1415,.T.);
#1417=ORIENTED_EDGE('',*,*,#1416,.T.);
#1418=CARTESIAN_POINT('',(112.269175536,-6.317474716,50.765408896));
#1419=VERTEX_POINT('',#1418);
#1420=CARTESIAN_POINT('',(112.269175536,-6.317474716,120.265408896));
#1421=DIRECTION('',(0.,1.,-0.));
#1422=DIRECTION('',(-1.,0.,0.));
#1423=AXIS2_PLACEMENT_3D('',#1420,#1421,#1422);
#1424=CIRCLE('',#1423,69.5);
#1425=EDGE_CURVE('',#1410,#1419,#1424,.T.);
#1426=ORIENTED_EDGE('',*,*,#1425,.T.);
#1427=CARTESIAN_POINT('',(112.269175536,-6.317474716,120.265408896));
#1428=DIRECTION('',(0.,1.,-0.));
#1429=DIRECTION('',(-1.,0.,0.));
#1430=AXIS2_PLACEMENT_3D('',#1427,#1428,#1429);
#1431=CIRCLE('',#1430,69.5);
#1432=EDGE_CURVE('',#1419,#1334,#1431,.T.);
#1433=ORIENTED_EDGE('',*,*,#1432,.T.);
#1434=EDGE_LOOP('',(#1342,#1350,#1358,#1367,#1375,#1384,#1392,#1401,#1407,#1408,#1417,#1426,#1433));
#1435=FACE_BOUND('',#1434,.T.);
#1436=ADVANCED_FACE('',(#1435),#1332,.F.);
#1437=CARTESIAN_POINT('',(112.269175536,-170.,120.265408896));
#1438=DIRECTION('',(0.,1.,0.));
#1439=DIRECTION('',(0.,-0.,1.));
#1440=AXIS2_PLACEMENT_3D('',#1437,#1438,#1439);
#1441=CYLINDRICAL_SURFACE('',#1440,67.5);
#1442=CARTESIAN_POINT('',(44.769175536,-4.317474716,120.265408896));
#1443=VERTEX_POINT('',#1442);
#1444=CARTESIAN_POINT('',(44.769175536,1.682525284,120.265408896));
#1445=VERTEX_POINT('',#1444);
#1446=CARTESIAN_POINT('',(44.769175536,-4.317474716,120.265408896));
#1447=DIRECTION('',(-0.,1.,-0.));
#1448=VECTOR('',#1447,6.);
#1449=LINE('',#1446,#1448);
#1450=EDGE_CURVE('',#1443,#1445,#1449,.T.);
#1451=ORIENTED_EDGE('',*,*,#1450,.F.);
#1452=CARTESIAN_POINT('',(112.269175536,-4.317474716,52.765408896));
#1453=VERTEX_POINT('',#1452);
#1454=CARTESIAN_POINT('',(112.269175536,-4.317474716,120.265408896));
#1455=DIRECTION('',(-0.,-1.,-0.));
#1456=DIRECTION('',(0.,-0.,1.));
#1457=AXIS2_PLACEMENT_3D('',#1454,#1455,#1456);
#1458=CIRCLE('',#1457,67.5);
#1459=EDGE_CURVE('',#1443,#1453,#1458,.T.);
#1460=ORIENTED_EDGE('',*,*,#1459,.T.);
#1461=CARTESIAN_POINT('',(154.907384512,-4.317474716,67.937279412));
#1462=VERTEX_POINT('',#1461);
#1463=CARTESIAN_POINT('',(112.269175536,-4.317474716,120.265408896));
#1464=DIRECTION('',(-0.,-1.,-0.));
#1465=DIRECTION('',(0.,-0.,1.));
#1466=AXIS2_PLACEMENT_3D('',#1463,#1464,#1465);
#1467=CIRCLE('',#1466,67.5);
#1468=EDGE_CURVE('',#1453,#1462,#1467,.T.);
#1469=ORIENTED_EDGE('',*,*,#1468,.T.);
#1470=CARTESIAN_POINT('',(154.907384512,1.682525284,67.937279412));
#1471=VERTEX_POINT('',#1470);
#1472=CARTESIAN_POINT('',(154.907384512,-4.317474716,67.937279412));
#1473=DIRECTION('',(0.,1.,0.));
#1474=VECTOR('',#1473,6.);
#1475=LINE('',#1472,#1474);
#1476=EDGE_CURVE('',#1462,#1471,#1475,.T.);
#1477=ORIENTED_EDGE('',*,*,#1476,.T.);
#1478=CARTESIAN_POINT('',(112.269175536,1.682525284,120.265408896));
#1479=DIRECTION('',(-0.,1.,-0.));
#1480=DIRECTION('',(0.,0.,-1.));
#1481=AXIS2_PLACEMENT_3D('',#1478,#1479,#1480);
#1482=CIRCLE('',#1481,67.5);
#1483=EDGE_CURVE('',#1471,#1445,#1482,.T.);
#1484=ORIENTED_EDGE('',*,*,#1483,.T.);
#1485=EDGE_LOOP('',(#1451,#1460,#1469,#1477,#1484));
#1486=FACE_BOUND('',#1485,.T.);
#1487=ADVANCED_FACE('',(#1486),#1441,.F.);
#1488=CARTESIAN_POINT('',(-10.,-170.,0.));
#1489=DIRECTION('',(0.,0.,1.));
#1490=DIRECTION('',(1.,0.,0.));
#1491=AXIS2_PLACEMENT_3D('',#1488,#1489,#1490);
#1492=PLANE('',#1491);
#1493=CARTESIAN_POINT('',(196.757359313,0.682525284,0.));
#1494=VERTEX_POINT('',#1493);
#1495=CARTESIAN_POINT('',(197.,0.439884597,0.));
#1496=VERTEX_POINT('',#1495);
#1497=CARTESIAN_POINT('',(196.757359313,0.682525284,0.));
#1498=DIRECTION('',(0.707106781,-0.707106781,0.));
#1499=VECTOR('',#1498,0.343145751);
#1500=LINE('',#1497,#1499);
#1501=EDGE_CURVE('',#1494,#1496,#1500,.T.);
#1502=ORIENTED_EDGE('',*,*,#1501,.T.);
#1503=CARTESIAN_POINT('',(197.,-45.667334028,0.));
#1504=VERTEX_POINT('',#1503);
#1505=CARTESIAN_POINT('',(197.,0.439884597,0.));
#1506=DIRECTION('',(-0.,-1.,-0.));
#1507=VECTOR('',#1506,46.107218626);
#1508=LINE('',#1505,#1507);
#1509=EDGE_CURVE('',#1496,#1504,#1508,.T.);
#1510=ORIENTED_EDGE('',*,*,#1509,.T.);
#1511=CARTESIAN_POINT('',(196.757359313,-45.909974716,0.));
#1512=VERTEX_POINT('',#1511);
#1513=CARTESIAN_POINT('',(197.,-45.667334028,0.));
#1514=DIRECTION('',(-0.707106781,-0.707106781,-0.));
#1515=VECTOR('',#1514,0.343145751);
#1516=LINE('',#1513,#1515);
#1517=EDGE_CURVE('',#1504,#1512,#1516,.T.);
#1518=ORIENTED_EDGE('',*,*,#1517,.T.);
#1519=CARTESIAN_POINT('',(-15.008882426,-45.909974716,0.));
#1520=VERTEX_POINT('',#1519);
#1521=CARTESIAN_POINT('',(196.757359313,-45.909974716,0.));
#1522=DIRECTION('',(-1.,-0.,0.));
#1523=VECTOR('',#1522,211.766241739);
#1524=LINE('',#1521,#1523);
#1525=EDGE_CURVE('',#1512,#1520,#1524,.T.);
#1526=ORIENTED_EDGE('',*,*,#1525,.T.);
#1527=CARTESIAN_POINT('',(-15.276180019,-45.66733519,0.));
#1528=VERTEX_POINT('',#1527);
#1529=CARTESIAN_POINT('',(-15.008891295,-45.909984483,0.));
#1530=CARTESIAN_POINT('',(-15.097987782,-45.829101655,0.));
#1531=CARTESIAN_POINT('',(-15.187096745,-45.748232578,0.));
#1532=CARTESIAN_POINT('',(-15.276198666,-45.667355738,0.));
#1533=B_SPLINE_CURVE_WITH_KNOTS('',3,(#1529,#1530,#1531,#1532),.UNSPECIFIED.,.F.,.F.,(4,4),(0.013226066,0.013587067),.UNSPECIFIED.);
#1534=EDGE_CURVE('',#1520,#1528,#1533,.T.);
#1535=ORIENTED_EDGE('',*,*,#1534,.T.);
#1536=CARTESIAN_POINT('',(-15.276180019,0.439882077,0.));
#1537=VERTEX_POINT('',#1536);
#1538=CARTESIAN_POINT('',(-15.276180019,-45.66733519,0.));
#1539=DIRECTION('',(0.,1.,0.));
#1540=VECTOR('',#1539,46.107217267);
#1541=LINE('',#1538,#1540);
#1542=EDGE_CURVE('',#1528,#1537,#1541,.T.);
#1543=ORIENTED_EDGE('',*,*,#1542,.T.);
#1544=CARTESIAN_POINT('',(-15.008877394,0.682525284,0.));
#1545=VERTEX_POINT('',#1544);
#1546=CARTESIAN_POINT('',(-15.276198621,0.439902574,0.));
#1547=CARTESIAN_POINT('',(-15.187095028,0.520780649,0.));
#1548=CARTESIAN_POINT('',(-15.097984412,0.601650979,0.));
#1549=CARTESIAN_POINT('',(-15.008886241,0.682535028,0.));
#1550=B_SPLINE_CURVE_WITH_KNOTS('',3,(#1546,#1547,#1548,#1549),.UNSPECIFIED.,.F.,.F.,(4,4),(0.013226052,0.013587059),.UNSPECIFIED.);
#1551=EDGE_CURVE('',#1537,#1545,#1550,.T.);
#1552=ORIENTED_EDGE('',*,*,#1551,.T.);
#1553=CARTESIAN_POINT('',(-15.008877394,0.682525284,0.));
#1554=DIRECTION('',(1.,0.,-0.));
#1555=VECTOR('',#1554,211.766236707);
#1556=LINE('',#1553,#1555);
#1557=EDGE_CURVE('',#1545,#1494,#1556,.T.);
#1558=ORIENTED_EDGE('',*,*,#1557,.T.);
#1559=EDGE_LOOP('',(#1502,#1510,#1518,#1526,#1535,#1543,#1552,#1558));
#1560=FACE_BOUND('',#1559,.T.);
#1561=ADVANCED_FACE('',(#1560),#1492,.F.);
#1562=CARTESIAN_POINT('',(180.769175536,-6.317474716,51.765408896));
#1563=DIRECTION('',(-0.,-1.,0.));
#1564=DIRECTION('',(1.,-0.,-0.));
#1565=AXIS2_PLACEMENT_3D('',#1562,#1563,#1564);
#1566=CYLINDRICAL_SURFACE('',#1565,30.);
#1567=CARTESIAN_POINT('',(198.380910067,-37.199732443,27.479055955));
#1568=VERTEX_POINT('',#1567);
#1569=CARTESIAN_POINT('',(198.001703511,-36.819355282,27.208536546));
#1570=CARTESIAN_POINT('',(198.129258084,-36.947275989,27.298046632));
#1571=CARTESIAN_POINT('',(198.255660309,-37.074067763,27.388231304));
#1572=CARTESIAN_POINT('',(198.380909981,-37.199730603,27.479058618));
#1573=B_SPLINE_CURVE_WITH_KNOTS('',3,(#1569,#1570,#1571,#1572),.UNSPECIFIED.,.F.,.F.,(4,4),(0.,0.181995852),.UNSPECIFIED.);
#1574=EDGE_CURVE('',#371,#1568,#1573,.T.);
#1575=ORIENTED_EDGE('',*,*,#1574,.T.);
#1576=CARTESIAN_POINT('',(198.380909981,-5.936564734,27.479058618));
#1577=VERTEX_POINT('',#1576);
#1578=CARTESIAN_POINT('',(198.380909981,-37.199730603,27.479058618));
#1579=DIRECTION('',(0.,1.,-0.));
#1580=VECTOR('',#1579,31.263165869);
#1581=LINE('',#1578,#1580);
#1582=EDGE_CURVE('',#1568,#1577,#1581,.T.);
#1583=ORIENTED_EDGE('',*,*,#1582,.T.);
#1584=CARTESIAN_POINT('',(180.769175536,-23.548299179,51.765408896));
#1585=DIRECTION('',(-0.707106781,0.707106781,-0.));
#1586=DIRECTION('',(-0.707106781,-0.707106781,0.));
#1587=AXIS2_PLACEMENT_3D('',#1584,#1585,#1586);
#1588=ELLIPSE('',#1587,42.426406871,30.);
#1589=EDGE_CURVE('',#1577,#1394,#1588,.T.);
#1590=ORIENTED_EDGE('',*,*,#1589,.T.);
#1591=ORIENTED_EDGE('',*,*,#1400,.T.);
#1592=CARTESIAN_POINT('',(180.769175536,-6.317474716,21.765408896));
#1593=DIRECTION('',(-0.,-1.,0.));
#1594=VECTOR('',#1593,30.502716112);
#1595=LINE('',#1592,#1594);
#1596=EDGE_CURVE('',#1386,#437,#1595,.T.);
#1597=ORIENTED_EDGE('',*,*,#1596,.T.);
#1598=ORIENTED_EDGE('',*,*,#461,.F.);
#1599=EDGE_LOOP('',(#1575,#1583,#1590,#1591,#1597,#1598));
#1600=FACE_BOUND('',#1599,.T.);
#1601=ADVANCED_FACE('',(#1600),#1566,.F.);
#1602=OVER_RIDING_STYLED_ITEM('',(#620),#1601,#26);
#1603=CARTESIAN_POINT('',(180.769175536,-6.317474716,21.765408896));
#1604=DIRECTION('',(0.,-0.,1.));
#1605=DIRECTION('',(1.,-0.,-0.));
#1606=AXIS2_PLACEMENT_3D('',#1603,#1604,#1605);
#1607=PLANE('',#1606);
#1608=ORIENTED_EDGE('',*,*,#482,.F.);
#1609=ORIENTED_EDGE('',*,*,#1596,.F.);
#1610=ORIENTED_EDGE('',*,*,#1391,.T.);
#1611=CARTESIAN_POINT('',(43.769175536,-36.820190827,21.765408896));
#1612=VERTEX_POINT('',#1611);
#1613=CARTESIAN_POINT('',(43.769175536,-6.317474716,21.765408896));
#1614=DIRECTION('',(-0.,-1.,0.));
#1615=VECTOR('',#1614,30.502716112);
#1616=LINE('',#1613,#1615);
#1617=EDGE_CURVE('',#1377,#1612,#1616,.T.);
#1618=ORIENTED_EDGE('',*,*,#1617,.T.);
#1619=CARTESIAN_POINT('',(43.769175536,-36.820190827,21.765408896));
#1620=CARTESIAN_POINT('',(43.781199671,-36.820193272,21.765408896));
#1621=CARTESIAN_POINT('',(43.793223806,-36.820194966,21.765408896));
#1622=CARTESIAN_POINT('',(43.805247941,-36.820195906,21.765408896));
#1623=B_SPLINE_CURVE_WITH_KNOTS('',3,(#1619,#1620,#1621,#1622),.UNSPECIFIED.,.F.,.F.,(4,4),(0.,0.000036072),.UNSPECIFIED.);
#1624=EDGE_CURVE('',#1612,#464,#1623,.T.);
#1625=ORIENTED_EDGE('',*,*,#1624,.T.);
#1626=EDGE_LOOP('',(#1608,#1609,#1610,#1618,#1625));
#1627=FACE_BOUND('',#1626,.T.);
#1628=ADVANCED_FACE('',(#1627),#1607,.T.);
#1629=OVER_RIDING_STYLED_ITEM('',(#620),#1628,#26);
#1630=CARTESIAN_POINT('',(43.769175536,-6.317474716,51.765408896));
#1631=DIRECTION('',(-0.,-1.,0.));
#1632=DIRECTION('',(1.,-0.,-0.));
#1633=AXIS2_PLACEMENT_3D('',#1630,#1631,#1632);
#1634=CYLINDRICAL_SURFACE('',#1633,30.);
#1635=CARTESIAN_POINT('',(13.769175536,-36.820190827,51.765408896));
#1636=VERTEX_POINT('',#1635);
#1637=CARTESIAN_POINT('',(43.769175536,-36.820190827,21.765408896));
#1638=CARTESIAN_POINT('',(41.78707335,-36.819787915,21.765408896));
#1639=CARTESIAN_POINT('',(39.837496204,-36.819574967,21.959917179));
#1640=CARTESIAN_POINT('',(37.919169763,-36.819383403,22.341312777));
#1641=CARTESIAN_POINT('',(36.960006543,-36.819287621,22.532010576));
#1642=CARTESIAN_POINT('',(36.00871391,-36.8192005,22.769776527));
#1643=CARTESIAN_POINT('',(35.065479025,-36.819141614,23.055729918));
#1644=CARTESIAN_POINT('',(34.593861583,-36.819112172,23.198706613));
#1645=CARTESIAN_POINT('',(34.123112694,-36.819088468,23.354173681));
#1646=CARTESIAN_POINT('',(33.657279026,-36.819066551,23.520948396));
#1647=CARTESIAN_POINT('',(33.191445358,-36.819044633,23.687723111));
#1648=CARTESIAN_POINT('',(32.731594968,-36.81902389,23.865348665));
#1649=CARTESIAN_POINT('',(32.277608405,-36.818998961,24.053608434));
#1650=CARTESIAN_POINT('',(30.461662154,-36.818899243,24.806647508));
#1651=CARTESIAN_POINT('',(28.738702566,-36.818865237,25.728320483));
#1652=CARTESIAN_POINT('',(27.108021822,-36.818820743,26.817343702));
#1653=CARTESIAN_POINT('',(26.700351636,-36.81880962,27.089599507));
#1654=CARTESIAN_POINT('',(26.298500782,-36.818794804,27.372408832));
#1655=CARTESIAN_POINT('',(25.90256433,-36.818783073,27.665944089));
#1656=CARTESIAN_POINT('',(25.506627878,-36.818771342,27.959479345));
#1657=CARTESIAN_POINT('',(25.115587726,-36.818762679,28.26459328));
#1658=CARTESIAN_POINT('',(24.733278138,-36.818759025,28.57845976));
#1659=CARTESIAN_POINT('',(23.968658961,-36.818751718,29.20619272));
#1660=CARTESIAN_POINT('',(23.24094512,-36.818768616,29.866778761));
#1661=CARTESIAN_POINT('',(22.548986136,-36.818768465,30.559193727));
#1662=CARTESIAN_POINT('',(21.165068167,-36.818768163,31.944023658));
#1663=CARTESIAN_POINT('',(19.923153154,-36.81877552,33.455264429));
#1664=CARTESIAN_POINT('',(18.826655262,-36.818820516,35.095955325));
#1665=CARTESIAN_POINT('',(18.552530789,-36.818831765,35.506128049));
#1666=CARTESIAN_POINT('',(18.286902558,-36.81883748,35.925650102));
#1667=CARTESIAN_POINT('',(18.03297265,-36.818844309,36.34957739));
#1668=CARTESIAN_POINT('',(17.779042743,-36.818851138,36.773504679));
#1669=CARTESIAN_POINT('',(17.536525924,-36.818859385,37.202123433));
#1670=CARTESIAN_POINT('',(17.305212126,-36.818872596,37.635347303));
#1671=CARTESIAN_POINT('',(16.84258453,-36.818899019,38.501795042));
#1672=CARTESIAN_POINT('',(16.424689564,-36.818950319,39.386630582));
#1673=CARTESIAN_POINT('',(16.050854959,-36.818999823,40.289577581));
#1674=CARTESIAN_POINT('',(15.677020353,-36.819049327,41.19252458));
#1675=CARTESIAN_POINT('',(15.347246424,-36.819082504,42.113583169));
#1676=CARTESIAN_POINT('',(15.062138598,-36.819141071,43.053002212));
#1677=CARTESIAN_POINT('',(14.919584685,-36.819170355,43.522711733));
#1678=CARTESIAN_POINT('',(14.788217104,-36.819205503,43.99701951));
#1679=CARTESIAN_POINT('',(14.668236779,-36.819246867,44.476008134));
#1680=CARTESIAN_POINT('',(14.548256455,-36.819288231,44.954996757));
#1681=CARTESIAN_POINT('',(14.439522654,-36.819335987,45.439652023));
#1682=CARTESIAN_POINT('',(14.343391209,-36.81938425,45.923900809));
#1683=CARTESIAN_POINT('',(13.95886543,-36.819577301,47.860895954));
#1684=CARTESIAN_POINT('',(13.769175536,-36.819792966,49.808155811));
#1685=CARTESIAN_POINT('',(13.769175536,-36.820190827,51.765408896));
#1686=B_SPLINE_CURVE_WITH_KNOTS('',3,(#1637,#1638,#1639,#1640,#1641,#1642,#1643,#1644,#1645,#1646,#1647,#1648,#1649,#1650,#1651,#1652,#1653,#1654,#1655,#1656,#1657,#1658,#1659,#1660,#1661,#1662,
#1663,#1664,#1665,#1666,#1667,#1668,#1669,#1670,#1671,#1672,#1673,#1674,#1675,#1676,#1677,#1678,#1679,#1680,#1681,#1682,#1683,#1684,#1685),.UNSPECIFIED.,.F.,.F.,(4,3,3,3,3,3,3,3,3,3,3,3,3,3,3,3,4),(0.020077205,0.025940924,0.028872783,0.030338713,0.031804642,0.037668361,0.039134291,0.040600221,0.04353208,0.049395799,0.050861729,0.052327658,0.055259518,0.058191377,0.059657307,0.061123236,0.066986955),.UNSPECIFIED.);
#1687=EDGE_CURVE('',#1612,#1636,#1686,.T.);
#1688=ORIENTED_EDGE('',*,*,#1687,.F.);
#1689=ORIENTED_EDGE('',*,*,#1617,.F.);
#1690=ORIENTED_EDGE('',*,*,#1383,.T.);
#1691=CARTESIAN_POINT('',(13.769175536,-6.317474716,51.765408896));
#1692=DIRECTION('',(-0.,-1.,0.));
#1693=VECTOR('',#1692,30.502716112);
#1694=LINE('',#1691,#1693);
#1695=EDGE_CURVE('',#1369,#1636,#1694,.T.);
#1696=ORIENTED_EDGE('',*,*,#1695,.T.);
#1697=EDGE_LOOP('',(#1688,#1689,#1690,#1696));
#1698=FACE_BOUND('',#1697,.T.);
#1699=ADVANCED_FACE('',(#1698),#1634,.F.);
#1700=OVER_RIDING_STYLED_ITEM('',(#620),#1699,#26);
#1701=CARTESIAN_POINT('',(13.741503223,-36.817304179,51.782264088));
#1702=CARTESIAN_POINT('',(42.449934543,-39.815645659,71.710911352));
#1703=CARTESIAN_POINT('',(42.640356511,-39.835526024,71.843064874));
#1704=CARTESIAN_POINT('',(13.745499926,-36.817633504,49.930016153));
#1705=CARTESIAN_POINT('',(43.217175588,-39.81574776,70.609776131));
#1706=CARTESIAN_POINT('',(43.412665493,-39.835627979,70.746903221));
#1707=CARTESIAN_POINT('',(13.920773261,-36.817890392,48.039555307));
#1708=CARTESIAN_POINT('',(43.990530381,-39.815835732,69.554112415));
#1709=CARTESIAN_POINT('',(44.189990867,-39.835715873,69.696771254));
#1710=CARTESIAN_POINT('',(14.283872153,-36.818093755,46.151623035));
#1711=CARTESIAN_POINT('',(44.772949083,-39.815911324,68.53486068));
#1712=CARTESIAN_POINT('',(44.975192945,-39.835791438,68.683278553));
#1713=CARTESIAN_POINT('',(14.646733695,-36.818255316,44.263886095));
#1714=CARTESIAN_POINT('',(45.555260369,-39.815975946,67.515569564));
#1715=CARTESIAN_POINT('',(45.760287054,-39.835856071,67.669747081));
#1716=CARTESIAN_POINT('',(15.197518669,-36.81838386,42.378605219));
#1717=CARTESIAN_POINT('',(46.346649961,-39.816030761,66.532695355));
#1718=CARTESIAN_POINT('',(46.553272013,-39.835910923,66.692859576));
#1719=CARTESIAN_POINT('',(15.939417701,-36.818486353,40.544497845));
#1720=CARTESIAN_POINT('',(47.15006328,-39.816076674,65.577176279));
#1721=CARTESIAN_POINT('',(47.357091736,-39.835956889,65.743170713));
#1722=CARTESIAN_POINT('',(16.681196811,-36.818566913,38.710487776));
#1723=CARTESIAN_POINT('',(47.953391135,-39.81611437,64.621613795));
#1724=CARTESIAN_POINT('',(48.160825218,-39.835994643,64.793438633));
#1725=CARTESIAN_POINT('',(17.614131328,-36.818628867,36.927622162));
#1726=CARTESIAN_POINT('',(48.768764318,-39.816144471,63.693391785));
#1727=CARTESIAN_POINT('',(48.975415241,-39.836024797,63.870889947));
#1728=CARTESIAN_POINT('',(18.724360932,-36.818675025,35.246338119));
#1729=CARTESIAN_POINT('',(49.5993601,-39.816167442,62.788048425));
#1730=CARTESIAN_POINT('',(49.804152137,-39.836047816,62.970698527));
#1731=CARTESIAN_POINT('',(19.834537098,-36.818706826,33.565093319));
#1732=CARTESIAN_POINT('',(50.429887942,-39.816183597,61.882654322));
#1733=CARTESIAN_POINT('',(50.632820342,-39.836064007,62.070456122));
#1734=CARTESIAN_POINT('',(21.122027253,-36.81872543,31.985416655));
#1735=CARTESIAN_POINT('',(51.275643907,-39.816193214,61.000138163));
#1736=CARTESIAN_POINT('',(51.475641143,-39.836073647,61.192569877));
#1737=CARTESIAN_POINT('',(22.555608314,-36.818731607,30.551841674));
#1738=CARTESIAN_POINT('',(52.139803397,-39.816196422,60.136036757));
#1739=CARTESIAN_POINT('',(52.336018156,-39.836076862,60.332251517));
#1740=CARTESIAN_POINT('',(23.989183295,-36.81872543,29.118260613));
#1741=CARTESIAN_POINT('',(53.003904803,-39.816193214,59.271877267));
#1742=CARTESIAN_POINT('',(53.196336517,-39.836073647,59.471874503));
#1743=CARTESIAN_POINT('',(25.568859959,-36.818706826,27.830770458));
#1744=CARTESIAN_POINT('',(53.886420962,-39.816183597,58.426121302));
#1745=CARTESIAN_POINT('',(54.074222762,-39.836064007,58.629053702));
#1746=CARTESIAN_POINT('',(27.250104759,-36.818675025,26.720594292));
#1747=CARTESIAN_POINT('',(54.791815065,-39.816167442,57.59559346));
#1748=CARTESIAN_POINT('',(54.974465167,-39.836047816,57.800385497));
#1749=CARTESIAN_POINT('',(28.931388801,-36.818628867,25.610364688));
#1750=CARTESIAN_POINT('',(55.697158424,-39.816144471,56.764997679));
#1751=CARTESIAN_POINT('',(55.874656587,-39.836024797,56.971648601));
#1752=CARTESIAN_POINT('',(30.714254416,-36.818566913,24.677430172));
#1753=CARTESIAN_POINT('',(56.625380435,-39.81611437,55.949624495));
#1754=CARTESIAN_POINT('',(56.797205272,-39.835994643,56.157058578));
#1755=CARTESIAN_POINT('',(32.548264485,-36.818486353,23.935651061));
#1756=CARTESIAN_POINT('',(57.580942919,-39.816076674,55.14629664));
#1757=CARTESIAN_POINT('',(57.746937353,-39.835956889,55.353325096));
#1758=CARTESIAN_POINT('',(34.382371859,-36.81838386,23.193752029));
#1759=CARTESIAN_POINT('',(58.536461994,-39.816030761,54.342883321));
#1760=CARTESIAN_POINT('',(58.696626216,-39.835910923,54.549505373));
#1761=CARTESIAN_POINT('',(36.267652735,-36.818255316,22.642967055));
#1762=CARTESIAN_POINT('',(59.519336204,-39.815975946,53.551493729));
#1763=CARTESIAN_POINT('',(59.673513721,-39.835856071,53.756520415));
#1764=CARTESIAN_POINT('',(38.155389675,-36.818093755,22.280105513));
#1765=CARTESIAN_POINT('',(60.53862732,-39.815911324,52.769182444));
#1766=CARTESIAN_POINT('',(60.687045193,-39.835791438,52.971426305));
#1767=CARTESIAN_POINT('',(40.043321947,-36.817890392,21.917006621));
#1768=CARTESIAN_POINT('',(61.557879055,-39.815835732,51.986763741));
#1769=CARTESIAN_POINT('',(61.700537894,-39.835715873,52.186224227));
#1770=CARTESIAN_POINT('',(41.933782793,-36.817633504,21.741733286));
#1771=CARTESIAN_POINT('',(62.613542771,-39.81574776,51.213408948));
#1772=CARTESIAN_POINT('',(62.750669861,-39.835627979,51.408898853));
#1773=CARTESIAN_POINT('',(43.786030728,-36.817304179,21.737736583));
#1774=CARTESIAN_POINT('',(63.714677992,-39.815645659,50.446167903));
#1775=CARTESIAN_POINT('',(63.846831514,-39.835526024,50.636589871));
#1776=B_SPLINE_SURFACE_WITH_KNOTS('',3,1,((#1701,#1702,#1703),(#1704,#1705,#1706),(#1707,#1708,#1709),(#1710,#1711,#1712),(#1713,#1714,#1715),(#1716,#1717,#1718),(#1719,#1720,#1721),(#1722,#1723,#1724),(#1725,#1726,#1727),(#1728,#1729,#1730),(#1731,#1732,#1733),(#1734,#1735,#1736),(#1737,#1738,#1739),(#1740,#1741,#1742),(#1743,#1744,#1745),(#1746,#1747,#1748),(#1749,#1750,#1751),(#1752,#1753,#1754),(#1755,#1756,#1757),(#1758,#1759,#1760),(#1761,#1762,#1763),(#1764,#1765,#1766),(#1767,#1768,#1769),(#1770,#1771,#1772),(#1773,#1774,#1775)),.UNSPECIFIED.,.F.,.F.,.U.,(4,3,3,3,3,3,3,3,4),(2,1,2),(0.,0.007535119,0.015070238,0.022605357,0.030140476,0.037675595,0.045210714,0.052745833,0.060280953),(0.000845062,1.,1.006626814),.UNSPECIFIED.);
#1777=CARTESIAN_POINT('',(42.640354328,-39.835525828,71.843063481));
#1778=VERTEX_POINT('',#1777);
#1779=CARTESIAN_POINT('',(13.769175536,-36.820195906,51.801481302));
#1780=VERTEX_POINT('',#1779);
#1781=CARTESIAN_POINT('',(42.640356445,-39.835526049,71.843064953));
#1782=CARTESIAN_POINT('',(33.01584318,-38.830712604,65.163624462));
#1783=CARTESIAN_POINT('',(23.392203935,-37.825531732,58.482982366));
#1784=CARTESIAN_POINT('',(13.769177339,-36.820196095,51.801482556));
#1785=B_SPLINE_CURVE_WITH_KNOTS('',3,(#1781,#1782,#1783,#1784),.UNSPECIFIED.,.F.,.F.,(4,4),(0.001808349,1.006626813),.UNSPECIFIED.);
#1786=EDGE_CURVE('',#1778,#1780,#1785,.T.);
#1787=ORIENTED_EDGE('',*,*,#1786,.F.);
#1788=CARTESIAN_POINT('',(42.640354328,-39.835525828,71.843063481));
#1789=CARTESIAN_POINT('',(44.077309094,-39.834488738,69.778613505));
#1790=CARTESIAN_POINT('',(45.60162605,-39.833750327,67.783620652));
#1791=CARTESIAN_POINT('',(47.21291706,-39.833232263,65.857776362));
#1792=CARTESIAN_POINT('',(48.018562566,-39.832973232,64.894854217));
#1793=CARTESIAN_POINT('',(48.846417514,-39.832815714,63.948705416));
#1794=CARTESIAN_POINT('',(49.695142568,-39.832702284,63.021127525));
#1795=CARTESIAN_POINT('',(50.543867623,-39.832588854,62.093549635));
#1796=CARTESIAN_POINT('',(51.412219085,-39.832519505,61.185853011));
#1797=CARTESIAN_POINT('',(52.30010444,-39.832519458,60.297943941));
#1798=CARTESIAN_POINT('',(53.187989795,-39.832519412,59.410034871));
#1799=CARTESIAN_POINT('',(54.095409053,-39.832588708,58.541913362));
#1800=CARTESIAN_POINT('',(55.022420987,-39.832701982,57.693638953));
#1801=CARTESIAN_POINT('',(55.949432921,-39.832815256,56.845364544));
#1802=CARTESIAN_POINT('',(56.896433882,-39.832972764,56.016667255));
#1803=CARTESIAN_POINT('',(57.859887548,-39.833231818,55.21053552));
#1804=CARTESIAN_POINT('',(59.786794881,-39.833749926,53.59827205));
#1805=CARTESIAN_POINT('',(61.782379661,-39.834488737,52.07354279));
#1806=CARTESIAN_POINT('',(63.846830121,-39.835525828,50.636587688));
#1807=B_SPLINE_CURVE_WITH_KNOTS('',3,(#1788,#1789,#1790,#1791,#1792,#1793,#1794,#1795,#1796,#1797,#1798,#1799,#1800,#1801,#1802,#1803,#1804,#1805,#1806),.UNSPECIFIED.,.F.,.F.,(4,3,3,3,3,3,4),(0.,0.007530657,0.011295985,0.015061314,0.018826642,0.02259197,0.030122627),.UNSPECIFIED.);
#1808=EDGE_CURVE('',#1778,#485,#1807,.T.);
#1809=ORIENTED_EDGE('',*,*,#1808,.T.);
#1810=ORIENTED_EDGE('',*,*,#491,.T.);
#1811=ORIENTED_EDGE('',*,*,#1624,.F.);
#1812=ORIENTED_EDGE('',*,*,#1687,.T.);
#1813=CARTESIAN_POINT('',(13.769175536,-36.820190827,51.765408896));
#1814=CARTESIAN_POINT('',(13.769175536,-36.820193272,51.777433031));
#1815=CARTESIAN_POINT('',(13.769175536,-36.820194966,51.789457166));
#1816=CARTESIAN_POINT('',(13.769175536,-36.820195906,51.801481302));
#1817=B_SPLINE_CURVE_WITH_KNOTS('',3,(#1813,#1814,#1815,#1816),.UNSPECIFIED.,.F.,.F.,(4,4),(0.,0.000036072),.UNSPECIFIED.);
#1818=EDGE_CURVE('',#1636,#1780,#1817,.T.);
#1819=ORIENTED_EDGE('',*,*,#1818,.T.);
#1820=EDGE_LOOP('',(#1787,#1809,#1810,#1811,#1812,#1819));
#1821=FACE_BOUND('',#1820,.T.);
#1822=ADVANCED_FACE('',(#1821),#1776,.F.);
#1823=OVER_RIDING_STYLED_ITEM('',(#620),#1822,#26);
#1824=CARTESIAN_POINT('',(0.868814833,-46.910274934,197.12309435));
#1825=CARTESIAN_POINT('',(0.868814833,0.,197.12309435));
#1826=CARTESIAN_POINT('',(0.868814833,1.682826987,197.12309435));
#1827=CARTESIAN_POINT('',(28.288199192,-46.910274934,104.378223587));
#1828=CARTESIAN_POINT('',(28.288199192,0.,104.378223587));
#1829=CARTESIAN_POINT('',(28.288199192,1.682826987,104.378223587));
#1830=CARTESIAN_POINT('',(-17.999244807,-46.910274934,4.258935327));
#1831=CARTESIAN_POINT('',(-17.999244807,0.,4.258935327));
#1832=CARTESIAN_POINT('',(-17.999244807,1.682826987,4.258935327));
#1833=B_SPLINE_SURFACE_WITH_KNOTS('',2,1,((#1824,#1825,#1826),(#1827,#1828,#1829),(#1830,#1831,#1832)),.UNSPECIFIED.,.F.,.F.,.U.,(3,3),(2,1,2),(0.014968921,0.979501115),(0.724057206,1.,1.009898982),.UNSPECIFIED.);
#1834=CARTESIAN_POINT('',(0.868814833,1.682826987,197.12309435));
#1835=VERTEX_POINT('',#1834);
#1836=CARTESIAN_POINT('',(-17.999243668,1.682525284,4.2589348));
#1837=VERTEX_POINT('',#1836);
#1838=CARTESIAN_POINT('',(0.868815197,1.682525284,197.123093118));
#1839=CARTESIAN_POINT('',(19.148404322,1.682525284,135.293179655));
#1840=CARTESIAN_POINT('',(12.859050987,1.682525284,71.005127057));
#1841=CARTESIAN_POINT('',(-17.999244807,1.682525284,4.258935327));
#1842=B_SPLINE_CURVE_WITH_KNOTS('',3,(#1838,#1839,#1840,#1841),.UNSPECIFIED.,.F.,.F.,(4,4),(0.,0.979189663),.UNSPECIFIED.);
#1843=EDGE_CURVE('',#1835,#1837,#1842,.T.);
#1844=ORIENTED_EDGE('',*,*,#1843,.T.);
#1845=CARTESIAN_POINT('',(-17.999245335,-46.909974716,4.258935571));
#1846=VERTEX_POINT('',#1845);
#1847=CARTESIAN_POINT('',(-17.999244807,1.682525284,4.258935327));
#1848=DIRECTION('',(-0.,-1.,-0.));
#1849=VECTOR('',#1848,48.5925);
#1850=LINE('',#1847,#1849);
#1851=EDGE_CURVE('',#1837,#1846,#1850,.T.);
#1852=ORIENTED_EDGE('',*,*,#1851,.T.);
#1853=CARTESIAN_POINT('',(0.868814833,-46.910274934,197.12309435));
#1854=VERTEX_POINT('',#1853);
#1855=CARTESIAN_POINT('',(-17.999244807,-46.909974716,4.258935327));
#1856=CARTESIAN_POINT('',(12.85905099,-46.909974716,71.005127063));
#1857=CARTESIAN_POINT('',(19.148404323,-46.909974716,135.293179665));
#1858=CARTESIAN_POINT('',(0.868815192,-46.909974716,197.123093133));
#1859=B_SPLINE_CURVE_WITH_KNOTS('',3,(#1855,#1856,#1857,#1858),.UNSPECIFIED.,.F.,.F.,(4,4),(0.020810337,1.),.UNSPECIFIED.);
#1860=EDGE_CURVE('',#1846,#1854,#1859,.T.);
#1861=ORIENTED_EDGE('',*,*,#1860,.T.);
#1862=CARTESIAN_POINT('',(0.868814833,-46.910274934,197.12309435));
#1863=CARTESIAN_POINT('',(0.868814833,-30.712574294,197.12309435));
#1864=CARTESIAN_POINT('',(0.868814833,-14.514873653,197.12309435));
#1865=CARTESIAN_POINT('',(0.868814833,1.682826987,197.12309435));
#1866=B_SPLINE_CURVE_WITH_KNOTS('',3,(#1862,#1863,#1864,#1865),.UNSPECIFIED.,.F.,.F.,(4,4),(0.035849812,0.964150216),.UNSPECIFIED.);
#1867=EDGE_CURVE('',#1854,#1835,#1866,.T.);
#1868=ORIENTED_EDGE('',*,*,#1867,.T.);
#1869=EDGE_LOOP('',(#1844,#1852,#1861,#1868));
#1870=FACE_BOUND('',#1869,.T.);
#1871=ADVANCED_FACE('',(#1870),#1833,.F.);
#1872=CARTESIAN_POINT('',(13.769175536,-6.317474716,51.765408896));
#1873=DIRECTION('',(1.,-0.,-0.));
#1874=DIRECTION('',(-0.,0.,-1.));
#1875=AXIS2_PLACEMENT_3D('',#1872,#1873,#1874);
#1876=PLANE('',#1875);
#1877=ORIENTED_EDGE('',*,*,#1374,.T.);
#1878=CARTESIAN_POINT('',(13.769175536,-36.820190827,188.765408896));
#1879=VERTEX_POINT('',#1878);
#1880=CARTESIAN_POINT('',(13.769175536,-6.317474716,188.765408896));
#1881=DIRECTION('',(-0.,-1.,0.));
#1882=VECTOR('',#1881,30.502716112);
#1883=LINE('',#1880,#1882);
#1884=EDGE_CURVE('',#1360,#1879,#1883,.T.);
#1885=ORIENTED_EDGE('',*,*,#1884,.T.);
#1886=CARTESIAN_POINT('',(13.769175536,-36.820195906,51.801481302));
#1887=CARTESIAN_POINT('',(13.769175536,-36.82108881,63.215142005));
#1888=CARTESIAN_POINT('',(13.769175536,-36.82259121,74.628802623));
#1889=CARTESIAN_POINT('',(13.769175536,-36.824759923,86.04246315));
#1890=CARTESIAN_POINT('',(13.769175536,-36.826928636,97.456123677));
#1891=CARTESIAN_POINT('',(13.769175536,-36.829674391,108.869784124));
#1892=CARTESIAN_POINT('',(13.769175536,-36.829671821,120.28344495));
#1893=CARTESIAN_POINT('',(13.769175536,-36.829669251,131.697105777));
#1894=CARTESIAN_POINT('',(13.769175536,-36.826920739,143.110766287));
#1895=CARTESIAN_POINT('',(13.769175536,-36.82475307,154.524426867));
#1896=CARTESIAN_POINT('',(13.769175536,-36.823669236,160.231257157));
#1897=CARTESIAN_POINT('',(13.769175536,-36.822718397,165.938087466));
#1898=CARTESIAN_POINT('',(13.769175536,-36.821964662,171.644917805));
#1899=CARTESIAN_POINT('',(13.769175536,-36.821210927,177.351748145));
#1900=CARTESIAN_POINT('',(13.769175536,-36.82135092,183.058578618));
#1901=CARTESIAN_POINT('',(13.769175536,-36.820190827,188.765408896));
#1902=B_SPLINE_CURVE_WITH_KNOTS('',3,(#1886,#1887,#1888,#1889,#1890,#1891,#1892,#1893,#1894,#1895,#1896,#1897,#1898,#1899,#1900,#1901),.UNSPECIFIED.,.F.,.F.,(4,3,3,3,3,4),(0.117232922,0.151390547,0.185548173,0.219705799,0.236784612,0.253863424),.UNSPECIFIED.);
#1903=EDGE_CURVE('',#1780,#1879,#1902,.T.);
#1904=ORIENTED_EDGE('',*,*,#1903,.F.);
#1905=ORIENTED_EDGE('',*,*,#1818,.F.);
#1906=ORIENTED_EDGE('',*,*,#1695,.F.);
#1907=EDGE_LOOP('',(#1877,#1885,#1904,#1905,#1906));
#1908=FACE_BOUND('',#1907,.T.);
#1909=ADVANCED_FACE('',(#1908),#1876,.T.);
#1910=OVER_RIDING_STYLED_ITEM('',(#620),#1909,#26);
#1911=CARTESIAN_POINT('',(18.633915461,-36.81953378,205.125136459));
#1912=CARTESIAN_POINT('',(49.524723262,-39.816165358,177.661309375));
#1913=CARTESIAN_POINT('',(49.837100592,-39.846465366,177.383637359));
#1914=CARTESIAN_POINT('',(50.139707538,-39.875817534,177.114652398));
#1915=CARTESIAN_POINT('',(17.567354826,-36.819488091,203.488595463));
#1916=CARTESIAN_POINT('',(48.719902387,-39.81614266,176.781764641));
#1917=CARTESIAN_POINT('',(49.034932491,-39.846442598,176.511755179));
#1918=CARTESIAN_POINT('',(49.340109472,-39.875794679,176.250193404));
#1919=CARTESIAN_POINT('',(16.667968431,-36.819427462,201.757913575));
#1920=CARTESIAN_POINT('',(47.929315752,-39.81611324,175.88056621));
#1921=CARTESIAN_POINT('',(48.245451041,-39.846413099,175.618951379));
#1922=CARTESIAN_POINT('',(48.551698813,-39.875765079,175.365521909));
#1923=CARTESIAN_POINT('',(15.948402925,-36.819349328,199.979113296));
#1924=CARTESIAN_POINT('',(47.15006328,-39.816076674,174.953641513));
#1925=CARTESIAN_POINT('',(47.465598873,-39.846376447,174.700646585));
#1926=CARTESIAN_POINT('',(47.771265822,-39.875728317,174.455567574));
#1927=CARTESIAN_POINT('',(15.206486184,-36.819246852,198.145258859));
#1928=CARTESIAN_POINT('',(46.346649961,-39.816030761,173.998122438));
#1929=CARTESIAN_POINT('',(46.661566146,-39.846330453,173.754013435));
#1930=CARTESIAN_POINT('',(46.966633101,-39.875682214,173.517542502));
#1931=CARTESIAN_POINT('',(14.655631942,-36.819118329,196.260237776));
#1932=CARTESIAN_POINT('',(45.555260369,-39.815975946,173.015248228));
#1933=CARTESIAN_POINT('',(45.867745029,-39.846275581,172.780263664));
#1934=CARTESIAN_POINT('',(46.170456479,-39.875627255,172.552631752));
#1935=CARTESIAN_POINT('',(14.292649645,-36.818956796,194.372750853));
#1936=CARTESIAN_POINT('',(44.772949083,-39.815911324,171.995957112));
#1937=CARTESIAN_POINT('',(45.081192394,-39.846210943,171.769750919));
#1938=CARTESIAN_POINT('',(45.379795046,-39.875562566,171.550622669));
#1939=CARTESIAN_POINT('',(13.929430035,-36.81875347,192.485068665));
#1940=CARTESIAN_POINT('',(43.990530381,-39.815835732,170.976705378));
#1941=CARTESIAN_POINT('',(44.294531501,-39.846135391,170.759276624));
#1942=CARTESIAN_POINT('',(44.589024469,-39.875487018,170.548651017));
#1943=CARTESIAN_POINT('',(13.753984519,-36.81849663,190.594848149));
#1944=CARTESIAN_POINT('',(43.217175588,-39.81574776,169.921041662));
#1945=CARTESIAN_POINT('',(43.515125076,-39.846047539,169.712043938));
#1946=CARTESIAN_POINT('',(43.803755449,-39.875399246,169.509585285));
#1947=CARTESIAN_POINT('',(13.749768085,-36.818167371,188.742816452));
#1948=CARTESIAN_POINT('',(42.449934543,-39.815645659,168.81990644));
#1949=CARTESIAN_POINT('',(42.740159902,-39.845945661,168.618489015));
#1950=CARTESIAN_POINT('',(43.021307432,-39.875297548,168.423373078));
#1951=CARTESIAN_POINT('',(13.742509274,-36.817673561,182.923517416));
#1952=CARTESIAN_POINT('',(40.034706006,-39.815258101,165.354343531));
#1953=CARTESIAN_POINT('',(40.300583489,-39.845559159,165.176727421));
#1954=CARTESIAN_POINT('',(40.558144778,-39.874912066,165.004668317));
#1955=CARTESIAN_POINT('',(13.735092571,-36.817084705,177.147779567));
#1956=CARTESIAN_POINT('',(37.860582893,-39.814773605,161.683896066));
#1957=CARTESIAN_POINT('',(38.104552281,-39.84507587,161.527569802));
#1958=CARTESIAN_POINT('',(38.340890803,-39.874429945,161.376134651));
#1959=CARTESIAN_POINT('',(13.727575707,-36.816389484,171.403881506));
#1960=CARTESIAN_POINT('',(35.965540704,-39.81417051,157.84908129));
#1961=CARTESIAN_POINT('',(36.190424989,-39.84447409,157.71206151));
#1962=CARTESIAN_POINT('',(36.408275435,-39.873829448,157.579329011));
#1963=CARTESIAN_POINT('',(13.719690944,-36.815581065,165.659983079));
#1964=CARTESIAN_POINT('',(34.069811093,-39.813427015,154.013943875));
#1965=CARTESIAN_POINT('',(34.27560683,-39.843731918,153.896227702));
#1966=CARTESIAN_POINT('',(34.474965858,-39.873088573,153.782195087));
#1967=CARTESIAN_POINT('',(13.711848796,-36.814660961,159.947924217));
#1968=CARTESIAN_POINT('',(32.453203389,-39.812525454,150.014241359));
#1969=CARTESIAN_POINT('',(32.642731902,-39.842831516,149.913842845));
#1970=CARTESIAN_POINT('',(32.826332569,-39.872189318,149.816586295));
#1971=CARTESIAN_POINT('',(13.704236206,-36.813644909,154.255993438));
#1972=CARTESIAN_POINT('',(31.145363379,-39.811460296,145.899255621));
#1973=CARTESIAN_POINT('',(31.321743392,-39.841767117,145.814804843));
#1974=CARTESIAN_POINT('',(31.492606832,-39.871125692,145.732997274));
#1975=CARTESIAN_POINT('',(13.696725755,-36.812568975,148.564061862));
#1976=CARTESIAN_POINT('',(29.837277767,-39.810251289,141.783565469));
#1977=CARTESIAN_POINT('',(30.000504305,-39.840558195,141.715053641));
#1978=CARTESIAN_POINT('',(30.158625653,-39.869916899,141.648686491));
#1979=CARTESIAN_POINT('',(13.6899533,-36.811492711,142.892258102));
#1980=CARTESIAN_POINT('',(28.838639149,-39.808956794,137.552356794));
#1981=CARTESIAN_POINT('',(28.991832137,-39.839262917,137.49840953));
#1982=CARTESIAN_POINT('',(29.140233667,-39.868620915,137.44615132));
#1983=CARTESIAN_POINT('',(13.684277366,-36.81049943,137.230515773));
#1984=CARTESIAN_POINT('',(28.168780944,-39.807684127,133.261200284));
#1985=CARTESIAN_POINT('',(28.315252541,-39.837988646,133.221105786));
#1986=CARTESIAN_POINT('',(28.457142756,-39.867345138,133.182266848));
#1987=CARTESIAN_POINT('',(13.679681075,-36.809687979,131.568772498));
#1988=CARTESIAN_POINT('',(27.500318895,-39.806587377,128.969208577));
#1989=CARTESIAN_POINT('',(27.64007214,-39.836889877,128.942953995));
#1990=CARTESIAN_POINT('',(27.775453973,-39.866244453,128.91752172));
#1991=CARTESIAN_POINT('',(13.676846851,-36.809153369,125.917090914));
#1992=CARTESIAN_POINT('',(27.161956473,-39.805836406,124.617500408));
#1993=CARTESIAN_POINT('',(27.298312693,-39.836137196,124.604376256));
#1994=CARTESIAN_POINT('',(27.430403615,-39.865490141,124.591663205));
#1995=CARTESIAN_POINT('',(13.676000919,-36.808966187,120.265408896));
#1996=CARTESIAN_POINT('',(27.160601419,-39.805568062,120.265408896));
#1997=CARTESIAN_POINT('',(27.296950857,-39.835868179,120.265408896));
#1998=CARTESIAN_POINT('',(27.429035154,-39.86522048,120.265408896));
#1999=CARTESIAN_POINT('',(13.676846851,-36.809153369,114.613726878));
#2000=CARTESIAN_POINT('',(27.161956473,-39.805836406,115.913317384));
#2001=CARTESIAN_POINT('',(27.298312693,-39.836137196,115.926441537));
#2002=CARTESIAN_POINT('',(27.430403615,-39.865490141,115.939154588));
#2003=CARTESIAN_POINT('',(13.679681075,-36.809687979,108.962045295));
#2004=CARTESIAN_POINT('',(27.500318895,-39.806587377,111.561609215));
#2005=CARTESIAN_POINT('',(27.64007214,-39.836889877,111.587863798));
#2006=CARTESIAN_POINT('',(27.775453973,-39.866244453,111.613296073));
#2007=CARTESIAN_POINT('',(13.684277366,-36.81049943,103.300302019));
#2008=CARTESIAN_POINT('',(28.168780944,-39.807684127,107.269617508));
#2009=CARTESIAN_POINT('',(28.315252541,-39.837988646,107.309712006));
#2010=CARTESIAN_POINT('',(28.457142756,-39.867345138,107.348550944));
#2011=CARTESIAN_POINT('',(13.6899533,-36.811492711,97.63855969));
#2012=CARTESIAN_POINT('',(28.838639149,-39.808956794,102.978460999));
#2013=CARTESIAN_POINT('',(28.991832137,-39.839262917,103.032408262));
#2014=CARTESIAN_POINT('',(29.140233667,-39.868620915,103.084666472));
#2015=CARTESIAN_POINT('',(13.696725755,-36.812568975,91.966755931));
#2016=CARTESIAN_POINT('',(29.837277767,-39.810251289,98.747252323));
#2017=CARTESIAN_POINT('',(30.000504305,-39.840558195,98.815764152));
#2018=CARTESIAN_POINT('',(30.158625653,-39.869916899,98.882131301));
#2019=CARTESIAN_POINT('',(13.704236206,-36.813644909,86.274824354));
#2020=CARTESIAN_POINT('',(31.145363379,-39.811460296,94.631562172));
#2021=CARTESIAN_POINT('',(31.321743392,-39.841767117,94.716012949));
#2022=CARTESIAN_POINT('',(31.492606832,-39.871125692,94.797820518));
#2023=CARTESIAN_POINT('',(13.711848796,-36.814660961,80.582893576));
#2024=CARTESIAN_POINT('',(32.453203389,-39.812525454,90.516576433));
#2025=CARTESIAN_POINT('',(32.642731902,-39.842831516,90.616974947));
#2026=CARTESIAN_POINT('',(32.826332569,-39.872189318,90.714231497));
#2027=CARTESIAN_POINT('',(13.719690944,-36.815581065,74.870834713));
#2028=CARTESIAN_POINT('',(34.069811093,-39.813427015,86.516873918));
#2029=CARTESIAN_POINT('',(34.27560683,-39.843731918,86.634590091));
#2030=CARTESIAN_POINT('',(34.474965858,-39.873088573,86.748622706));
#2031=CARTESIAN_POINT('',(13.727575707,-36.816389484,69.126936286));
#2032=CARTESIAN_POINT('',(35.965540704,-39.81417051,82.681736502));
#2033=CARTESIAN_POINT('',(36.190424989,-39.84447409,82.818756283));
#2034=CARTESIAN_POINT('',(36.408275435,-39.873829448,82.951488781));
#2035=CARTESIAN_POINT('',(13.735092571,-36.817084705,63.383038225));
#2036=CARTESIAN_POINT('',(37.860582893,-39.814773605,78.846921726));
#2037=CARTESIAN_POINT('',(38.104552281,-39.84507587,79.00324799));
#2038=CARTESIAN_POINT('',(38.340890803,-39.874429945,79.154683141));
#2039=CARTESIAN_POINT('',(13.742509274,-36.817673561,57.607300376));
#2040=CARTESIAN_POINT('',(40.034706006,-39.815258101,75.176474261));
#2041=CARTESIAN_POINT('',(40.300583489,-39.845559159,75.354090372));
#2042=CARTESIAN_POINT('',(40.558144778,-39.874912066,75.526149476));
#2043=CARTESIAN_POINT('',(13.749768085,-36.818167371,51.788001341));
#2044=CARTESIAN_POINT('',(42.449934543,-39.815645659,71.710911352));
#2045=CARTESIAN_POINT('',(42.740159902,-39.845945661,71.912328777));
#2046=CARTESIAN_POINT('',(43.021307432,-39.875297548,72.107444714));
#2047=B_SPLINE_SURFACE_WITH_KNOTS('',3,1,((#1911,#1912,#1913,#1914),(#1915,#1916,#1917,#1918),(#1919,#1920,#1921,#1922),(#1923,#1924,#1925,#1926),(#1927,#1928,#1929,#1930),(#1931,#1932,#1933,#1934),(#1935,#1936,#1937,#1938),(#1939,#1940,#1941,#1942),(#1943,#1944,#1945,#1946),(#1947,#1948,#1949,#1950),(#1951,#1952,#1953,#1954),(#1955,#1956,#1957,#1958),(#1959,#1960,#1961,#1962),(#1963,#1964,#1965,#1966),(#1967,#1968,#1969,#1970),(#1971,#1972,#1973,#1974),(#1975,#1976,#1977,#1978),(#1979,#1980,#1981,#1982),(#1983,#1984,#1985,#1986),(#1987,#1988,#1989,#1990),(#1991,#1992,#1993,#1994),(#1995,#1996,#1997,#1998),(#1999,#2000,#2001,#2002),(#2003,#2004,#2005,#2006),(#2007,#2008,#2009,#2010),(#2011,#2012,#2013,#2014),
(#2015,#2016,#2017,#2018),(#2019,#2020,#2021,#2022),(#2023,#2024,#2025,#2026),(#2027,#2028,#2029,#2030),(#2031,#2032,#2033,#2034),(#2035,#2036,#2037,#2038),(#2039,#2040,#2041,#2042),(#2043,#2044,#2045,#2046)),.UNSPECIFIED.,.F.,.F.,.U.,(4,3,3,3,3,3,3,3,3,3,3,4),(2,1,1,2),(0.78790142,0.795210714,0.802745833,0.810280953,0.833995833,0.857710714,0.881425595,0.905140476,0.928855357,0.952570238,0.976285119,1.),(0.001132708,1.,1.010100039,1.019884139),.UNSPECIFIED.);
#2048=ORIENTED_EDGE('',*,*,#1903,.T.);
#2049=CARTESIAN_POINT('',(14.921662856,-36.819172662,197.000760267));
#2050=VERTEX_POINT('',#2049);
#2051=CARTESIAN_POINT('',(13.769175536,-36.820190827,188.765408896));
#2052=CARTESIAN_POINT('',(13.769175536,-36.81990963,190.148739035));
#2053=CARTESIAN_POINT('',(13.864392385,-36.819702368,191.529830597));
#2054=CARTESIAN_POINT('',(14.056659109,-36.819555089,192.908640435));
#2055=CARTESIAN_POINT('',(14.10472579,-36.81951827,193.253342894));
#2056=CARTESIAN_POINT('',(14.158885583,-36.819483975,193.597902094));
#2057=CARTESIAN_POINT('',(14.219224053,-36.81945002,193.942316017));
#2058=CARTESIAN_POINT('',(14.279562523,-36.819416065,194.286729939));
#2059=CARTESIAN_POINT('',(14.346212866,-36.819381568,194.631547488));
#2060=CARTESIAN_POINT('',(14.418588121,-36.819347822,194.973711272));
#2061=CARTESIAN_POINT('',(14.563338631,-36.81928033,195.65803884));
#2062=CARTESIAN_POINT('',(14.731217428,-36.819219606,196.333651291));
#2063=CARTESIAN_POINT('',(14.921662856,-36.819172662,197.000760267));
#2064=B_SPLINE_CURVE_WITH_KNOTS('',3,(#2051,#2052,#2053,#2054,#2055,#2056,#2057,#2058,#2059,#2060,#2061,#2062,#2063),.UNSPECIFIED.,.F.,.F.,(4,3,3,3,4),(0.027648476,0.031796958,0.032834078,0.033871199,0.03594544),.UNSPECIFIED.);
#2065=EDGE_CURVE('',#1879,#2050,#2064,.T.);
#2066=ORIENTED_EDGE('',*,*,#2065,.T.);
#2067=CARTESIAN_POINT('',(27.768311488,-37.705290563,197.00217083));
#2068=VERTEX_POINT('',#2067);
#2069=CARTESIAN_POINT('',(14.921604888,-36.819161522,197.000713607));
#2070=CARTESIAN_POINT('',(19.193138756,-37.158610232,197.001690153));
#2071=CARTESIAN_POINT('',(23.561337463,-37.454114291,197.002481717));
#2072=CARTESIAN_POINT('',(27.769529624,-37.705754369,197.003013874));
#2073=B_SPLINE_CURVE_WITH_KNOTS('',3,(#2069,#2070,#2071,#2072),.UNSPECIFIED.,.F.,.F.,(4,4),(0.,1.),.UNSPECIFIED.);
#2074=EDGE_CURVE('',#2050,#2068,#2073,.T.);
#2075=ORIENTED_EDGE('',*,*,#2074,.T.);
#2076=CARTESIAN_POINT('',(27.769175536,-39.863383056,127.839856076));
#2077=VERTEX_POINT('',#2076);
#2078=CARTESIAN_POINT('',(27.769175536,-37.705775915,197.002187121));
#2079=CARTESIAN_POINT('',(27.769175536,-37.946882691,191.240920324));
#2080=CARTESIAN_POINT('',(27.769175536,-38.132988897,185.477807425));
#2081=CARTESIAN_POINT('',(27.769175536,-38.266582597,179.712931935));
#2082=CARTESIAN_POINT('',(27.769175536,-38.299981022,178.271713063));
#2083=CARTESIAN_POINT('',(27.769175536,-38.33211191,176.830449606));
#2084=CARTESIAN_POINT('',(27.769175536,-38.366902583,175.389264618));
#2085=CARTESIAN_POINT('',(27.769175536,-38.401693256,173.948079629));
#2086=CARTESIAN_POINT('',(27.769175536,-38.437992241,172.506936805));
#2087=CARTESIAN_POINT('',(27.769175536,-38.475877644,171.065838327));
#2088=CARTESIAN_POINT('',(27.769175536,-38.551648452,168.183641372));
#2089=CARTESIAN_POINT('',(27.769175536,-38.633833731,165.301623728));
#2090=CARTESIAN_POINT('',(27.769175536,-38.722508285,162.419787488));
#2091=CARTESIAN_POINT('',(27.769175536,-38.811182839,159.537951247));
#2092=CARTESIAN_POINT('',(27.769175536,-38.906439674,156.656290146));
#2093=CARTESIAN_POINT('',(27.769175536,-39.006837443,153.77480267));
#2094=CARTESIAN_POINT('',(27.769175536,-39.107235213,150.893315194));
#2095=CARTESIAN_POINT('',(27.769175536,-39.212942426,148.012003741));
#2096=CARTESIAN_POINT('',(27.769175536,-39.318888165,145.130700195));
#2097=CARTESIAN_POINT('',(27.769175536,-39.424833905,142.249396649));
#2098=CARTESIAN_POINT('',(27.769175536,-39.531220975,139.368107734));
#2099=CARTESIAN_POINT('',(27.769175536,-39.626817344,136.486461079));
#2100=CARTESIAN_POINT('',(27.769175536,-39.674615528,135.045637752));
#2101=CARTESIAN_POINT('',(27.769175536,-39.719583309,133.604720589));
#2102=CARTESIAN_POINT('',(27.769175536,-39.759695539,132.163642452));
#2103=CARTESIAN_POINT('',(27.769175536,-39.779751655,131.443103383));
#2104=CARTESIAN_POINT('',(27.769175536,-39.7985914,130.722523988));
#2105=CARTESIAN_POINT('',(27.769175536,-39.815957077,130.001895725));
#2106=CARTESIAN_POINT('',(27.769175536,-39.833322755,129.281267461));
#2107=CARTESIAN_POINT('',(27.769175536,-39.849198021,128.561358893));
#2108=CARTESIAN_POINT('',(27.769175536,-39.863383056,127.839856076));
#2109=B_SPLINE_CURVE_WITH_KNOTS('',3,(#2078,#2079,#2080,#2081,#2082,#2083,#2084,#2085,#2086,#2087,#2088,#2089,#2090,#2091,#2092,#2093,#2094,#2095,#2096,#2097,#2098,#2099,#2100,#2101,#2102,#2103,
#2104,#2105,#2106,#2107,#2108),.UNSPECIFIED.,.F.,.F.,(4,3,3,3,3,3,3,3,3,3,4),(0.101876618,0.119163395,0.123485089,0.127806783,0.136450172,0.145093561,0.153736949,0.162380338,0.166702032,0.168862879,0.171023726),.UNSPECIFIED.);
#2110=EDGE_CURVE('',#2068,#2077,#2109,.T.);
#2111=ORIENTED_EDGE('',*,*,#2110,.T.);
#2112=CARTESIAN_POINT('',(27.769175536,-39.863383056,127.839856076));
#2113=CARTESIAN_POINT('',(27.545866722,-39.864455625,125.36065213));
#2114=CARTESIAN_POINT('',(27.433538484,-39.865101304,122.890218688));
#2115=CARTESIAN_POINT('',(27.428784467,-39.865128913,120.428286617));
#2116=CARTESIAN_POINT('',(27.42403045,-39.865156522,117.966354546));
#2117=CARTESIAN_POINT('',(27.526876145,-39.864557316,115.512925863));
#2118=CARTESIAN_POINT('',(27.736074038,-39.863542804,113.067901917));
#2119=CARTESIAN_POINT('',(27.94527193,-39.862528291,110.622877971));
#2120=CARTESIAN_POINT('',(28.26082981,-39.861090139,108.18625938));
#2121=CARTESIAN_POINT('',(28.684005757,-39.859369748,105.758145522));
#2122=CARTESIAN_POINT('',(28.89559373,-39.858509553,104.544088592));
#2123=CARTESIAN_POINT('',(29.134113071,-39.857589958,103.332159964));
#2124=CARTESIAN_POINT('',(29.3999373,-39.856649794,102.122389144));
#2125=CARTESIAN_POINT('',(29.532849414,-39.856179712,101.517503734));
#2126=CARTESIAN_POINT('',(29.672590625,-39.855704185,100.913158003));
#2127=CARTESIAN_POINT('',(29.819225357,-39.855226256,100.309357041));
#2128=CARTESIAN_POINT('',(29.965860088,-39.854748327,99.705556079));
#2129=CARTESIAN_POINT('',(30.119491621,-39.854267734,99.101983448));
#2130=CARTESIAN_POINT('',(30.279241253,-39.853789069,98.502019141));
#2131=CARTESIAN_POINT('',(30.918239782,-39.85187441,96.102161914));
#2132=CARTESIAN_POINT('',(31.657684198,-39.849964581,93.748092313));
#2133=CARTESIAN_POINT('',(32.494261838,-39.848157527,91.438300215));
#2134=CARTESIAN_POINT('',(33.330839477,-39.846350472,89.128508116));
#2135=CARTESIAN_POINT('',(34.264534507,-39.844681481,86.862986278));
#2136=CARTESIAN_POINT('',(35.29441294,-39.843155961,84.641308944));
#2137=CARTESIAN_POINT('',(36.324291372,-39.841630442,82.41963161));
#2138=CARTESIAN_POINT('',(37.450381517,-39.840215938,80.241811707));
#2139=CARTESIAN_POINT('',(38.673908548,-39.838943917,78.108407702));
#2140=CARTESIAN_POINT('',(39.897435578,-39.837671897,75.975003696));
#2141=CARTESIAN_POINT('',(41.218371866,-39.836552113,73.886002987));
#2142=CARTESIAN_POINT('',(42.640354328,-39.835525828,71.843063481));
#2143=B_SPLINE_CURVE_WITH_KNOTS('',3,(#2112,#2113,#2114,#2115,#2116,#2117,#2118,#2119,#2120,#2121,#2122,#2123,#2124,#2125,#2126,#2127,#2128,#2129,#2130,#2131,#2132,#2133,#2134,#2135,#2136,#2137,
#2138,#2139,#2140,#2141,#2142),.UNSPECIFIED.,.F.,.F.,(4,3,3,3,3,3,3,3,3,3,4),(0.,0.007361717,0.014723434,0.022085151,0.02576601,0.027606439,0.029446868,0.036808585,0.044170302,0.051532019,0.058893737),.UNSPECIFIED.);
#2144=EDGE_CURVE('',#2077,#1778,#2143,.T.);
#2145=ORIENTED_EDGE('',*,*,#2144,.T.);
#2146=ORIENTED_EDGE('',*,*,#1786,.T.);
#2147=EDGE_LOOP('',(#2048,#2066,#2075,#2111,#2145,#2146));
#2148=FACE_BOUND('',#2147,.T.);
#2149=ADVANCED_FACE('',(#2148),#2047,.F.);
#2150=OVER_RIDING_STYLED_ITEM('',(#620),#2149,#26);
#2151=CARTESIAN_POINT('',(112.269175536,-39.671028106,120.265408896));
#2152=DIRECTION('',(-0.,-1.,-0.));
#2153=DIRECTION('',(0.,-0.,1.));
#2154=AXIS2_PLACEMENT_3D('',#2151,#2152,#2153);
#2155=CONICAL_SURFACE('',#2154,84.646446609,45.);
#2156=CARTESIAN_POINT('',(30.829055955,-39.695292175,97.1));
#2157=VERTEX_POINT('',#2156);
#2158=CARTESIAN_POINT('',(112.269175536,-39.695292175,35.594698218));
#2159=VERTEX_POINT('',#2158);
#2160=CARTESIAN_POINT('',(112.269175536,-39.695292175,120.265408896));
#2161=DIRECTION('',(-0.,-1.,-0.));
#2162=DIRECTION('',(0.,-0.,1.));
#2163=AXIS2_PLACEMENT_3D('',#2160,#2161,#2162);
#2164=CIRCLE('',#2163,84.670710678);
#2165=EDGE_CURVE('',#2157,#2159,#2164,.T.);
#2166=ORIENTED_EDGE('',*,*,#2165,.T.);
#2167=CARTESIAN_POINT('',(193.882318693,-39.695292175,97.717147083));
#2168=VERTEX_POINT('',#2167);
#2169=CARTESIAN_POINT('',(112.269175536,-39.695292175,120.265408896));
#2170=DIRECTION('',(-0.,-1.,-0.));
#2171=DIRECTION('',(0.,-0.,1.));
#2172=AXIS2_PLACEMENT_3D('',#2169,#2170,#2171);
#2173=CIRCLE('',#2172,84.670710678);
#2174=EDGE_CURVE('',#2159,#2168,#2173,.T.);
#2175=ORIENTED_EDGE('',*,*,#2174,.T.);
#2176=CARTESIAN_POINT('',(193.882318693,-39.695292175,97.717147083));
#2177=CARTESIAN_POINT('',(193.920357154,-39.730951999,97.720921022));
#2178=CARTESIAN_POINT('',(193.958886261,-39.764069442,97.736025735));
#2179=CARTESIAN_POINT('',(193.994429276,-39.791692472,97.761053669));
#2180=CARTESIAN_POINT('',(194.029972292,-39.819315502,97.786081604));
#2181=CARTESIAN_POINT('',(194.063209385,-39.841954138,97.821585373));
#2182=CARTESIAN_POINT('',(194.087299826,-39.853281887,97.866682422));
#2183=B_SPLINE_CURVE_WITH_KNOTS('',3,(#2176,#2177,#2178,#2179,#2180,#2181,#2182),.UNSPECIFIED.,.F.,.F.,(4,3,4),(0.00083765,0.000992596,0.001147542),.UNSPECIFIED.);
#2184=EDGE_CURVE('',#2168,#494,#2183,.T.);
#2185=ORIENTED_EDGE('',*,*,#2184,.T.);
#2186=ORIENTED_EDGE('',*,*,#575,.F.);
#2187=ORIENTED_EDGE('',*,*,#1808,.F.);
#2188=ORIENTED_EDGE('',*,*,#2144,.F.);
#2189=CARTESIAN_POINT('',(27.769175536,-39.524581497,120.265408896));
#2190=CARTESIAN_POINT('',(27.769175536,-39.524581497,122.795276102));
#2191=CARTESIAN_POINT('',(27.769175536,-39.638413759,125.320051643));
#2192=CARTESIAN_POINT('',(27.769175536,-39.863383056,127.839856076));
#2193=B_SPLINE_CURVE_WITH_KNOTS('',3,(#2189,#2190,#2191,#2192),.UNSPECIFIED.,.F.,.F.,(4,4),(0.,0.007582021),.UNSPECIFIED.);
#2194=EDGE_CURVE('',#810,#2077,#2193,.T.);
#2195=ORIENTED_EDGE('',*,*,#2194,.F.);
#2196=ORIENTED_EDGE('',*,*,#904,.T.);
#2197=CARTESIAN_POINT('',(30.829055955,-39.695292175,97.1));
#2198=CARTESIAN_POINT('',(30.888219331,-39.638386164,97.1));
#2199=CARTESIAN_POINT('',(30.947384989,-39.581482599,97.1));
#2200=CARTESIAN_POINT('',(31.006552943,-39.524581497,97.1));
#2201=B_SPLINE_CURVE_WITH_KNOTS('',3,(#2197,#2198,#2199,#2200),.UNSPECIFIED.,.F.,.F.,(4,4),(0.008117779,0.008364017),.UNSPECIFIED.);
#2202=EDGE_CURVE('',#2157,#892,#2201,.T.);
#2203=ORIENTED_EDGE('',*,*,#2202,.F.);
#2204=EDGE_LOOP('',(#2166,#2175,#2185,#2186,#2187,#2188,#2195,#2196,#2203));
#2205=FACE_BOUND('',#2204,.T.);
#2206=ADVANCED_FACE('',(#2205),#2155,.T.);
#2207=OVER_RIDING_STYLED_ITEM('',(#620),#2206,#26);
#2208=CARTESIAN_POINT('',(112.269175536,-39.766002853,120.265408896));
#2209=DIRECTION('',(-0.,-1.,-0.));
#2210=DIRECTION('',(0.,0.,-1.));
#2211=AXIS2_PLACEMENT_3D('',#2208,#2209,#2210);
#2212=TOROIDAL_SURFACE('',#2211,84.6,0.1);
#2213=CARTESIAN_POINT('',(112.269175536,-39.766002853,35.665408896));
#2214=DIRECTION('',(1.,-0.,-0.));
#2215=DIRECTION('',(0.,0.,-1.));
#2216=AXIS2_PLACEMENT_3D('',#2213,#2214,#2215);
#2217=CIRCLE('',#2216,0.1);
#2218=EDGE_CURVE('',#2159,#874,#2217,.T.);
#2219=ORIENTED_EDGE('',*,*,#2218,.T.);
#2220=ORIENTED_EDGE('',*,*,#880,.F.);
#2221=CARTESIAN_POINT('',(193.739507195,-39.69331146,97.723662562));
#2222=VERTEX_POINT('',#2221);
#2223=CARTESIAN_POINT('',(193.709297461,-39.766002853,97.731955079));
#2224=CARTESIAN_POINT('',(193.707814581,-39.739266852,97.726595674));
#2225=CARTESIAN_POINT('',(193.719402199,-39.711881507,97.724711602));
#2226=CARTESIAN_POINT('',(193.739507195,-39.69331146,97.723662562));
#2227=B_SPLINE_CURVE_WITH_KNOTS('',3,(#2223,#2224,#2225,#2226),.UNSPECIFIED.,.F.,.F.,(4,4),(-0.,0.000065359),.UNSPECIFIED.);
#2228=EDGE_CURVE('',#862,#2222,#2227,.T.);
#2229=ORIENTED_EDGE('',*,*,#2228,.T.);
#2230=CARTESIAN_POINT('',(193.851959474,-39.674917944,97.717801004));
#2231=VERTEX_POINT('',#2230);
#2232=CARTESIAN_POINT('',(193.739507195,-39.69331146,97.723662562));
#2233=CARTESIAN_POINT('',(193.769444476,-39.665659791,97.722100489));
#2234=CARTESIAN_POINT('',(193.814862491,-39.658482171,97.719732703));
#2235=CARTESIAN_POINT('',(193.851959474,-39.674917944,97.717801004));
#2236=B_SPLINE_CURVE_WITH_KNOTS('',3,(#2232,#2233,#2234,#2235),.UNSPECIFIED.,.F.,.F.,(4,4),(0.,0.000097139),.UNSPECIFIED.);
#2237=EDGE_CURVE('',#2222,#2231,#2236,.T.);
#2238=ORIENTED_EDGE('',*,*,#2237,.T.);
#2239=CARTESIAN_POINT('',(193.851959474,-39.674917944,97.717801004));
#2240=CARTESIAN_POINT('',(193.863271108,-39.67992955,97.71721199));
#2241=CARTESIAN_POINT('',(193.873383651,-39.686751218,97.716878861));
#2242=CARTESIAN_POINT('',(193.882318693,-39.695292175,97.717147083));
#2243=B_SPLINE_CURVE_WITH_KNOTS('',3,(#2239,#2240,#2241,#2242),.UNSPECIFIED.,.F.,.F.,(4,4),(0.,0.000029594),.UNSPECIFIED.);
#2244=EDGE_CURVE('',#2231,#2168,#2243,.T.);
#2245=ORIENTED_EDGE('',*,*,#2244,.T.);
#2246=ORIENTED_EDGE('',*,*,#2174,.F.);
#2247=EDGE_LOOP('',(#2219,#2220,#2229,#2238,#2245,#2246));
#2248=FACE_BOUND('',#2247,.T.);
#2249=ADVANCED_FACE('',(#2248),#2212,.T.);
#2250=CARTESIAN_POINT('',(197.198520817,-44.153097218,97.1));
#2251=DIRECTION('',(0.,0.,1.));
#2252=DIRECTION('',(1.,0.,0.));
#2253=AXIS2_PLACEMENT_3D('',#2250,#2251,#2252);
#2254=PLANE('',#2253);
#2255=ORIENTED_EDGE('',*,*,#897,.T.);
#2256=CARTESIAN_POINT('',(31.006552943,-39.766002853,97.1));
#2257=CARTESIAN_POINT('',(31.006552943,-39.74569061,97.1));
#2258=CARTESIAN_POINT('',(31.000051943,-39.725911541,97.1));
#2259=CARTESIAN_POINT('',(30.988358573,-39.7094933,97.1));
#2260=CARTESIAN_POINT('',(30.976665203,-39.69307506,97.1));
#2261=CARTESIAN_POINT('',(30.959927635,-39.680370515,97.1));
#2262=CARTESIAN_POINT('',(30.941221493,-39.67316742,97.1));
#2263=CARTESIAN_POINT('',(30.90380921,-39.658761229,97.1));
#2264=CARTESIAN_POINT('',(30.858320262,-39.66714444,97.1));
#2265=CARTESIAN_POINT('',(30.829055955,-39.695292175,97.1));
#2266=B_SPLINE_CURVE_WITH_KNOTS('',3,(#2256,#2257,#2258,#2259,#2260,#2261,#2262,#2263,#2264,#2265),.UNSPECIFIED.,.F.,.F.,(4,3,3,4),(0.,0.000060058,0.000120115,0.00024023),.UNSPECIFIED.);
#2267=EDGE_CURVE('',#883,#2157,#2266,.T.);
#2268=ORIENTED_EDGE('',*,*,#2267,.T.);
#2269=ORIENTED_EDGE('',*,*,#2202,.T.);
#2270=EDGE_LOOP('',(#2255,#2268,#2269));
#2271=FACE_BOUND('',#2270,.T.);
#2272=ADVANCED_FACE('',(#2271),#2254,.F.);
#2273=CARTESIAN_POINT('',(44.769175536,-170.,160.132704448));
#2274=DIRECTION('',(1.,0.,0.));
#2275=DIRECTION('',(0.,0.,-1.));
#2276=AXIS2_PLACEMENT_3D('',#2273,#2274,#2275);
#2277=PLANE('',#2276);
#2278=CARTESIAN_POINT('',(44.769175536,1.682525284,180.));
#2279=VERTEX_POINT('',#2278);
#2280=CARTESIAN_POINT('',(44.769175536,-4.317474716,180.));
#2281=VERTEX_POINT('',#2280);
#2282=CARTESIAN_POINT('',(44.769175536,1.682525284,180.));
#2283=DIRECTION('',(-0.,-1.,-0.));
#2284=VECTOR('',#2283,6.);
#2285=LINE('',#2282,#2284);
#2286=EDGE_CURVE('',#2279,#2281,#2285,.T.);
#2287=ORIENTED_EDGE('',*,*,#2286,.T.);
#2288=CARTESIAN_POINT('',(44.769175536,-4.317474716,180.));
#2289=DIRECTION('',(0.,-0.,-1.));
#2290=VECTOR('',#2289,59.734591104);
#2291=LINE('',#2288,#2290);
#2292=EDGE_CURVE('',#2281,#1443,#2291,.T.);
#2293=ORIENTED_EDGE('',*,*,#2292,.T.);
#2294=ORIENTED_EDGE('',*,*,#1450,.T.);
#2295=CARTESIAN_POINT('',(44.769175536,1.682525284,120.265408896));
#2296=DIRECTION('',(-0.,0.,1.));
#2297=VECTOR('',#2296,59.734591104);
#2298=LINE('',#2295,#2297);
#2299=EDGE_CURVE('',#1445,#2279,#2298,.T.);
#2300=ORIENTED_EDGE('',*,*,#2299,.T.);
#2301=EDGE_LOOP('',(#2287,#2293,#2294,#2300));
#2302=FACE_BOUND('',#2301,.T.);
#2303=ADVANCED_FACE('',(#2302),#2277,.T.);
#2304=CARTESIAN_POINT('',(13.884587768,-170.,200.));
#2305=DIRECTION('',(0.,0.,1.));
#2306=DIRECTION('',(1.,0.,0.));
#2307=AXIS2_PLACEMENT_3D('',#2304,#2305,#2306);
#2308=PLANE('',#2307);
#2309=CARTESIAN_POINT('',(12.790898914,-39.598833827,200.));
#2310=VERTEX_POINT('',#2309);
#2311=CARTESIAN_POINT('',(12.790898914,-3.317474716,200.));
#2312=VERTEX_POINT('',#2311);
#2313=CARTESIAN_POINT('',(12.790898914,-39.598833827,200.));
#2314=DIRECTION('',(0.,1.,0.));
#2315=VECTOR('',#2314,36.281359111);
#2316=LINE('',#2313,#2315);
#2317=EDGE_CURVE('',#2310,#2312,#2316,.T.);
#2318=ORIENTED_EDGE('',*,*,#2317,.T.);
#2319=CARTESIAN_POINT('',(24.769175536,-3.317474716,200.));
#2320=VERTEX_POINT('',#2319);
#2321=CARTESIAN_POINT('',(12.790898914,-3.317474716,200.));
#2322=DIRECTION('',(1.,-0.,0.));
#2323=VECTOR('',#2322,11.978276622);
#2324=LINE('',#2321,#2323);
#2325=EDGE_CURVE('',#2312,#2320,#2324,.T.);
#2326=ORIENTED_EDGE('',*,*,#2325,.T.);
#2327=CARTESIAN_POINT('',(24.769175536,0.682525284,200.));
#2328=VERTEX_POINT('',#2327);
#2329=CARTESIAN_POINT('',(24.769175536,-3.317474716,200.));
#2330=DIRECTION('',(0.,1.,0.));
#2331=VECTOR('',#2330,4.);
#2332=LINE('',#2329,#2331);
#2333=EDGE_CURVE('',#2320,#2328,#2332,.T.);
#2334=ORIENTED_EDGE('',*,*,#2333,.T.);
#2335=CARTESIAN_POINT('',(3.018277427,0.682525284,200.));
#2336=VERTEX_POINT('',#2335);
#2337=CARTESIAN_POINT('',(24.769175536,0.682525284,200.));
#2338=DIRECTION('',(-1.,0.,0.));
#2339=VECTOR('',#2338,21.750898109);
#2340=LINE('',#2337,#2339);
#2341=EDGE_CURVE('',#2328,#2336,#2340,.T.);
#2342=ORIENTED_EDGE('',*,*,#2341,.T.);
#2343=CARTESIAN_POINT('',(3.018277427,-45.909974716,200.));
#2344=VERTEX_POINT('',#2343);
#2345=CARTESIAN_POINT('',(3.018277427,0.682525284,200.));
#2346=DIRECTION('',(-0.,-1.,-0.));
#2347=VECTOR('',#2346,46.5925);
#2348=LINE('',#2345,#2347);
#2349=EDGE_CURVE('',#2336,#2344,#2348,.T.);
#2350=ORIENTED_EDGE('',*,*,#2349,.T.);
#2351=CARTESIAN_POINT('',(24.769175536,-45.909974716,200.));
#2352=VERTEX_POINT('',#2351);
#2353=CARTESIAN_POINT('',(3.018277427,-45.909974716,200.));
#2354=DIRECTION('',(1.,0.,-0.));
#2355=VECTOR('',#2354,21.750898109);
#2356=LINE('',#2353,#2355);
#2357=EDGE_CURVE('',#2344,#2352,#2356,.T.);
#2358=ORIENTED_EDGE('',*,*,#2357,.T.);
#2359=CARTESIAN_POINT('',(24.769175536,-40.411885809,200.));
#2360=VERTEX_POINT('',#2359);
#2361=CARTESIAN_POINT('',(24.769175536,-45.909974716,200.));
#2362=DIRECTION('',(0.,1.,0.));
#2363=VECTOR('',#2362,5.498088907);
#2364=LINE('',#2361,#2363);
#2365=EDGE_CURVE('',#2352,#2360,#2364,.T.);
#2366=ORIENTED_EDGE('',*,*,#2365,.T.);
#2367=CARTESIAN_POINT('',(24.769175536,-40.411885809,200.));
#2368=CARTESIAN_POINT('',(18.51453563,-40.039373592,200.));
#2369=CARTESIAN_POINT('',(12.790898914,-39.598833827,200.));
#2370=B_SPLINE_CURVE_WITH_KNOTS('',2,(#2367,#2368,#2369),.UNSPECIFIED.,.F.,.F.,(3,3),(0.,1.),.UNSPECIFIED.);
#2371=EDGE_CURVE('',#2360,#2310,#2370,.T.);
#2372=ORIENTED_EDGE('',*,*,#2371,.T.);
#2373=EDGE_LOOP('',(#2318,#2326,#2334,#2342,#2350,#2358,#2366,#2372));
#2374=FACE_BOUND('',#2373,.T.);
#2375=ADVANCED_FACE('',(#2374),#2308,.T.);
#2376=CARTESIAN_POINT('',(27.769175536,-170.,160.132704448));
#2377=DIRECTION('',(1.,0.,0.));
#2378=DIRECTION('',(0.,0.,-1.));
#2379=AXIS2_PLACEMENT_3D('',#2376,#2377,#2378);
#2380=PLANE('',#2379);
#2381=CARTESIAN_POINT('',(27.769175536,-46.909974716,197.));
#2382=VERTEX_POINT('',#2381);
#2383=CARTESIAN_POINT('',(27.769175536,-37.705867443,197.));
#2384=DIRECTION('',(0.,-1.,0.));
#2385=VECTOR('',#2384,9.204107273);
#2386=LINE('',#2383,#2385);
#2387=EDGE_CURVE('',#2068,#2382,#2386,.T.);
#2388=ORIENTED_EDGE('',*,*,#2387,.T.);
#2389=CARTESIAN_POINT('',(27.769175536,-46.909974716,197.));
#2390=DIRECTION('',(0.,0.,-1.));
#2391=VECTOR('',#2390,76.734591104);
#2392=LINE('',#2389,#2391);
#2393=EDGE_CURVE('',#2382,#808,#2392,.T.);
#2394=ORIENTED_EDGE('',*,*,#2393,.T.);
#2395=ORIENTED_EDGE('',*,*,#815,.T.);
#2396=ORIENTED_EDGE('',*,*,#2194,.T.);
#2397=ORIENTED_EDGE('',*,*,#2110,.F.);
#2398=EDGE_LOOP('',(#2388,#2394,#2395,#2396,#2397));
#2399=FACE_BOUND('',#2398,.T.);
#2400=ADVANCED_FACE('',(#2399),#2380,.T.);
#2401=CARTESIAN_POINT('',(43.769175536,-6.317474716,188.765408896));
#2402=DIRECTION('',(-0.,-1.,0.));
#2403=DIRECTION('',(1.,-0.,-0.));
#2404=AXIS2_PLACEMENT_3D('',#2401,#2402,#2403);
#2405=CYLINDRICAL_SURFACE('',#2404,30.);
#2406=CARTESIAN_POINT('',(14.955575801,-6.19883469,197.118640027));
#2407=VERTEX_POINT('',#2406);
#2408=CARTESIAN_POINT('',(43.769175536,-14.552065822,188.765408896));
#2409=DIRECTION('',(0.,0.707106781,-0.707106781));
#2410=DIRECTION('',(-0.,-0.707106781,-0.707106781));
#2411=AXIS2_PLACEMENT_3D('',#2408,#2409,#2410);
#2412=ELLIPSE('',#2411,42.426406877,30.);
#2413=EDGE_CURVE('',#1352,#2407,#2412,.T.);
#2414=ORIENTED_EDGE('',*,*,#2413,.T.);
#2415=CARTESIAN_POINT('',(14.955575801,-36.937689836,197.118640027));
#2416=VERTEX_POINT('',#2415);
#2417=CARTESIAN_POINT('',(14.955575801,-6.19883469,197.118640027));
#2418=DIRECTION('',(-0.,-1.,0.));
#2419=VECTOR('',#2418,30.738855146);
#2420=LINE('',#2417,#2419);
#2421=EDGE_CURVE('',#2407,#2416,#2420,.T.);
#2422=ORIENTED_EDGE('',*,*,#2421,.T.);
#2423=CARTESIAN_POINT('',(14.955575801,-36.937689836,197.118640027));
#2424=CARTESIAN_POINT('',(14.944191478,-36.898264693,197.079370991));
#2425=CARTESIAN_POINT('',(14.932887432,-36.858839551,197.040078682));
#2426=CARTESIAN_POINT('',(14.921663759,-36.819414408,197.000763429));
#2427=B_SPLINE_CURVE_WITH_KNOTS('',3,(#2423,#2424,#2425,#2426),.UNSPECIFIED.,.F.,.F.,(4,4),(0.,1.),.UNSPECIFIED.);
#2428=EDGE_CURVE('',#2416,#2050,#2427,.T.);
#2429=ORIENTED_EDGE('',*,*,#2428,.T.);
#2430=ORIENTED_EDGE('',*,*,#2065,.F.);
#2431=ORIENTED_EDGE('',*,*,#1884,.F.);
#2432=ORIENTED_EDGE('',*,*,#1366,.T.);
#2433=EDGE_LOOP('',(#2414,#2422,#2429,#2430,#2431,#2432));
#2434=FACE_BOUND('',#2433,.T.);
#2435=ADVANCED_FACE('',(#2434),#2405,.F.);
#2436=OVER_RIDING_STYLED_ITEM('',(#620),#2435,#26);
#2437=CARTESIAN_POINT('',(13.884587768,-45.909974716,200.));
#2438=DIRECTION('',(0.,0.707106781,-0.707106781));
#2439=DIRECTION('',(1.,0.,0.));
#2440=AXIS2_PLACEMENT_3D('',#2437,#2438,#2439);
#2441=PLANE('',#2440);
#2442=CARTESIAN_POINT('',(1.568538686,-47.850348828,198.059625888));
#2443=VERTEX_POINT('',#2442);
#2444=CARTESIAN_POINT('',(1.568538686,-47.850348828,198.059625888));
#2445=CARTESIAN_POINT('',(3.018277427,-45.909974716,200.));
#2446=B_SPLINE_CURVE_WITH_KNOTS('',1,(#2444,#2445),.UNSPECIFIED.,.F.,.F.,(2,2),(0.,0.674465675),.UNSPECIFIED.);
#2447=EDGE_CURVE('',#2443,#2344,#2446,.T.);
#2448=ORIENTED_EDGE('',*,*,#2447,.F.);
#2449=CARTESIAN_POINT('',(1.568538686,-47.850348828,198.059625888));
#2450=CARTESIAN_POINT('',(2.98735189,-48.909974712,197.000000003));
#2451=B_SPLINE_CURVE_WITH_KNOTS('',1,(#2449,#2450),.UNSPECIFIED.,.F.,.F.,(2,2),(0.,1.),.UNSPECIFIED.);
#2452=EDGE_CURVE('',#2443,#628,#2451,.T.);
#2453=ORIENTED_EDGE('',*,*,#2452,.T.);
#2454=ORIENTED_EDGE('',*,*,#707,.F.);
#2455=CARTESIAN_POINT('',(26.769175536,-47.909974716,198.));
#2456=VERTEX_POINT('',#2455);
#2457=CARTESIAN_POINT('',(25.769175536,-48.909974716,197.));
#2458=DIRECTION('',(0.577350269,0.577350269,0.577350269));
#2459=VECTOR('',#2458,1.732050808);
#2460=LINE('',#2457,#2459);
#2461=EDGE_CURVE('',#696,#2456,#2460,.T.);
#2462=ORIENTED_EDGE('',*,*,#2461,.T.);
#2463=CARTESIAN_POINT('',(24.769175536,-45.909974716,200.));
#2464=DIRECTION('',(0.577350269,-0.577350269,-0.577350269));
#2465=VECTOR('',#2464,3.464101615);
#2466=LINE('',#2463,#2465);
#2467=EDGE_CURVE('',#2352,#2456,#2466,.T.);
#2468=ORIENTED_EDGE('',*,*,#2467,.F.);
#2469=ORIENTED_EDGE('',*,*,#2357,.F.);
#2470=EDGE_LOOP('',(#2448,#2453,#2454,#2462,#2468,#2469));
#2471=FACE_BOUND('',#2470,.T.);
#2472=ADVANCED_FACE('',(#2471),#2441,.F.);
#2473=CARTESIAN_POINT('',(0.868814833,-47.850348828,197.12309435));
#2474=CARTESIAN_POINT('',(0.868814832,-31.025930164,197.12309435));
#2475=CARTESIAN_POINT('',(0.868814833,-14.201511499,197.12309435));
#2476=CARTESIAN_POINT('',(0.868814833,2.622907165,197.12309435));
#2477=CARTESIAN_POINT('',(3.018277427,-47.850348828,200.));
#2478=CARTESIAN_POINT('',(3.018277427,-31.025930164,200.));
#2479=CARTESIAN_POINT('',(3.018277427,-14.201511499,200.));
#2480=CARTESIAN_POINT('',(3.018277427,2.622907165,200.));
#2481=B_SPLINE_SURFACE_WITH_KNOTS('',1,3,((#2473,#2474,#2475,#2476),(#2477,#2478,#2479,#2480)),.UNSPECIFIED.,.F.,.F.,.U.,(2,2),(4,4),(0.,1.),(0.10012321,0.899876913),.UNSPECIFIED.);
#2482=CARTESIAN_POINT('',(1.568532883,2.622907165,198.05961812));
#2483=VERTEX_POINT('',#2482);
#2484=CARTESIAN_POINT('',(1.568532883,2.622907165,198.05961812));
#2485=CARTESIAN_POINT('',(3.018277427,0.682525284,200.));
#2486=B_SPLINE_CURVE_WITH_KNOTS('',1,(#2484,#2485),.UNSPECIFIED.,.F.,.F.,(2,2),(0.325531625,1.),.UNSPECIFIED.);
#2487=EDGE_CURVE('',#2483,#2336,#2486,.T.);
#2488=ORIENTED_EDGE('',*,*,#2487,.F.);
#2489=CARTESIAN_POINT('',(1.568532883,2.622907165,198.05961812));
#2490=CARTESIAN_POINT('',(1.335293533,2.309647673,197.74744353));
#2491=CARTESIAN_POINT('',(1.102054183,1.996388181,197.43526894));
#2492=CARTESIAN_POINT('',(0.868814833,1.68312869,197.12309435));
#2493=B_SPLINE_CURVE_WITH_KNOTS('',3,(#2489,#2490,#2491,#2492),.UNSPECIFIED.,.F.,.F.,(4,4),(0.,1.),.UNSPECIFIED.);
#2494=EDGE_CURVE('',#2483,#1835,#2493,.T.);
#2495=ORIENTED_EDGE('',*,*,#2494,.T.);
#2496=ORIENTED_EDGE('',*,*,#1867,.F.);
#2497=CARTESIAN_POINT('',(0.868814833,-46.910575153,197.12309435));
#2498=CARTESIAN_POINT('',(1.102056117,-47.223833045,197.435271529));
#2499=CARTESIAN_POINT('',(1.335297402,-47.537090936,197.747448708));
#2500=CARTESIAN_POINT('',(1.568538686,-47.850348828,198.059625888));
#2501=B_SPLINE_CURVE_WITH_KNOTS('',3,(#2497,#2498,#2499,#2500),.UNSPECIFIED.,.F.,.F.,(4,4),(0.,1.),.UNSPECIFIED.);
#2502=EDGE_CURVE('',#1854,#2443,#2501,.T.);
#2503=ORIENTED_EDGE('',*,*,#2502,.T.);
#2504=ORIENTED_EDGE('',*,*,#2447,.T.);
#2505=ORIENTED_EDGE('',*,*,#2349,.F.);
#2506=EDGE_LOOP('',(#2488,#2495,#2496,#2503,#2504,#2505));
#2507=FACE_BOUND('',#2506,.T.);
#2508=ADVANCED_FACE('',(#2507),#2481,.T.);
#2509=CARTESIAN_POINT('',(24.769175536,-170.,200.));
#2510=DIRECTION('',(-0.707106781,0.,-0.707106781));
#2511=DIRECTION('',(0.,1.,0.));
#2512=AXIS2_PLACEMENT_3D('',#2509,#2510,#2511);
#2513=PLANE('',#2512);
#2514=ORIENTED_EDGE('',*,*,#2467,.T.);
#2515=CARTESIAN_POINT('',(26.769175536,-47.909974716,198.));
#2516=DIRECTION('',(0.577350269,0.577350269,-0.577350269));
#2517=VECTOR('',#2516,1.732050808);
#2518=LINE('',#2515,#2517);
#2519=EDGE_CURVE('',#2456,#2382,#2518,.T.);
#2520=ORIENTED_EDGE('',*,*,#2519,.T.);
#2521=ORIENTED_EDGE('',*,*,#2387,.F.);
#2522=CARTESIAN_POINT('',(24.769175536,-40.411885809,200.));
#2523=CARTESIAN_POINT('',(27.767447439,-37.704823057,197.001728097));
#2524=B_SPLINE_CURVE_WITH_KNOTS('',1,(#2522,#2523),.UNSPECIFIED.,.F.,.F.,(2,2),(0.,1.),.UNSPECIFIED.);
#2525=EDGE_CURVE('',#2360,#2068,#2524,.T.);
#2526=ORIENTED_EDGE('',*,*,#2525,.F.);
#2527=ORIENTED_EDGE('',*,*,#2365,.F.);
#2528=EDGE_LOOP('',(#2514,#2520,#2521,#2526,#2527));
#2529=FACE_BOUND('',#2528,.T.);
#2530=ADVANCED_FACE('',(#2529),#2513,.F.);
#2531=CARTESIAN_POINT('',(0.,3.682525284,197.));
#2532=DIRECTION('',(0.,0.707106781,0.707106781));
#2533=DIRECTION('',(-1.,0.,0.));
#2534=AXIS2_PLACEMENT_3D('',#2531,#2532,#2533);
#2535=PLANE('',#2534);
#2536=CARTESIAN_POINT('',(25.769175536,1.682525284,199.));
#2537=VERTEX_POINT('',#2536);
#2538=CARTESIAN_POINT('',(25.769175536,1.682525284,199.));
#2539=DIRECTION('',(-0.577350269,-0.577350269,0.577350269));
#2540=VECTOR('',#2539,1.732050808);
#2541=LINE('',#2538,#2540);
#2542=EDGE_CURVE('',#2537,#2328,#2541,.T.);
#2543=ORIENTED_EDGE('',*,*,#2542,.F.);
#2544=CARTESIAN_POINT('',(25.769175536,1.682525284,199.));
#2545=DIRECTION('',(-0.281084638,0.678598345,-0.678598345));
#2546=VECTOR('',#2545,2.947251516);
#2547=LINE('',#2544,#2546);
#2548=EDGE_CURVE('',#2537,#1304,#2547,.T.);
#2549=ORIENTED_EDGE('',*,*,#2548,.T.);
#2550=ORIENTED_EDGE('',*,*,#1309,.F.);
#2551=CARTESIAN_POINT('',(2.9873403,3.682525283,197.000000001));
#2552=CARTESIAN_POINT('',(1.568532883,2.622907165,198.05961812));
#2553=B_SPLINE_CURVE_WITH_KNOTS('',1,(#2551,#2552),.UNSPECIFIED.,.F.,.F.,(2,2),(0.,1.),.UNSPECIFIED.);
#2554=EDGE_CURVE('',#1292,#2483,#2553,.T.);
#2555=ORIENTED_EDGE('',*,*,#2554,.T.);
#2556=ORIENTED_EDGE('',*,*,#2487,.T.);
#2557=ORIENTED_EDGE('',*,*,#2341,.F.);
#2558=EDGE_LOOP('',(#2543,#2549,#2550,#2555,#2556,#2557));
#2559=FACE_BOUND('',#2558,.T.);
#2560=ADVANCED_FACE('',(#2559),#2535,.T.);
#2561=CARTESIAN_POINT('',(13.034887108,-36.665808818,197.000537755));
#2562=CARTESIAN_POINT('',(17.939130132,-37.07403249,197.001111641));
#2563=CARTESIAN_POINT('',(22.851812374,-37.411986449,197.001860461));
#2564=CARTESIAN_POINT('',(27.767396714,-37.705671147,197.002613938));
#2565=CARTESIAN_POINT('',(12.790898914,-39.598833827,200.));
#2566=CARTESIAN_POINT('',(17.726703545,-39.978735333,200.));
#2567=CARTESIAN_POINT('',(22.66092419,-40.298346821,200.));
#2568=CARTESIAN_POINT('',(27.595759068,-40.575319727,200.));
#2569=B_SPLINE_SURFACE_WITH_KNOTS('',1,3,((#2561,#2562,#2563,#2564),(#2565,#2566,#2567,#2568)),.UNSPECIFIED.,.F.,.F.,.U.,(2,2),(4,4),(0.,1.),(0.069058322,0.930669865),.UNSPECIFIED.);
#2570=ORIENTED_EDGE('',*,*,#2074,.F.);
#2571=ORIENTED_EDGE('',*,*,#2428,.F.);
#2572=CARTESIAN_POINT('',(12.790898914,-39.598833827,200.));
#2573=CARTESIAN_POINT('',(14.955575801,-36.937689836,197.118640027));
#2574=B_SPLINE_CURVE_WITH_KNOTS('',1,(#2572,#2573),.UNSPECIFIED.,.F.,.F.,(2,2),(0.,1.),.UNSPECIFIED.);
#2575=EDGE_CURVE('',#2310,#2416,#2574,.T.);
#2576=ORIENTED_EDGE('',*,*,#2575,.F.);
#2577=ORIENTED_EDGE('',*,*,#2371,.F.);
#2578=ORIENTED_EDGE('',*,*,#2525,.T.);
#2579=EDGE_LOOP('',(#2570,#2571,#2576,#2577,#2578));
#2580=FACE_BOUND('',#2579,.T.);
#2581=ADVANCED_FACE('',(#2580),#2569,.T.);
#2582=CARTESIAN_POINT('',(24.769175536,-170.,200.));
#2583=DIRECTION('',(-0.707106781,0.,-0.707106781));
#2584=DIRECTION('',(0.,1.,0.));
#2585=AXIS2_PLACEMENT_3D('',#2582,#2583,#2584);
#2586=PLANE('',#2585);
#2587=CARTESIAN_POINT('',(25.769175536,-4.317474716,199.));
#2588=VERTEX_POINT('',#2587);
#2589=CARTESIAN_POINT('',(25.769175536,-4.317474716,199.));
#2590=DIRECTION('',(-0.577350269,0.577350269,0.577350269));
#2591=VECTOR('',#2590,1.732050807);
#2592=LINE('',#2589,#2591);
#2593=EDGE_CURVE('',#2588,#2320,#2592,.T.);
#2594=ORIENTED_EDGE('',*,*,#2593,.F.);
#2595=CARTESIAN_POINT('',(25.769175536,-4.317474716,199.));
#2596=DIRECTION('',(0.707106781,-0.,-0.707106781));
#2597=VECTOR('',#2596,26.870057685);
#2598=LINE('',#2595,#2597);
#2599=EDGE_CURVE('',#2588,#2281,#2598,.T.);
#2600=ORIENTED_EDGE('',*,*,#2599,.T.);
#2601=ORIENTED_EDGE('',*,*,#2286,.F.);
#2602=CARTESIAN_POINT('',(44.769175536,1.682525284,180.));
#2603=DIRECTION('',(-0.707106781,-0.,0.707106781));
#2604=VECTOR('',#2603,26.870057685);
#2605=LINE('',#2602,#2604);
#2606=EDGE_CURVE('',#2279,#2537,#2605,.T.);
#2607=ORIENTED_EDGE('',*,*,#2606,.T.);
#2608=ORIENTED_EDGE('',*,*,#2542,.T.);
#2609=ORIENTED_EDGE('',*,*,#2333,.F.);
#2610=EDGE_LOOP('',(#2594,#2600,#2601,#2607,#2608,#2609));
#2611=FACE_BOUND('',#2610,.T.);
#2612=ADVANCED_FACE('',(#2611),#2586,.F.);
#2613=CARTESIAN_POINT('',(14.955575801,-6.317474716,197.118640027));
#2614=DIRECTION('',(-0.799512676,0.,-0.600649216));
#2615=DIRECTION('',(-0.,-1.,0.));
#2616=AXIS2_PLACEMENT_3D('',#2613,#2614,#2615);
#2617=PLANE('',#2616);
#2618=ORIENTED_EDGE('',*,*,#2421,.F.);
#2619=CARTESIAN_POINT('',(12.790898914,-3.317474716,200.));
#2620=DIRECTION('',(0.469139741,-0.624462931,-0.62446293));
#2621=VECTOR('',#2620,4.614140941);
#2622=LINE('',#2619,#2621);
#2623=EDGE_CURVE('',#2312,#2407,#2622,.T.);
#2624=ORIENTED_EDGE('',*,*,#2623,.F.);
#2625=ORIENTED_EDGE('',*,*,#2317,.F.);
#2626=ORIENTED_EDGE('',*,*,#2575,.T.);
#2627=EDGE_LOOP('',(#2618,#2624,#2625,#2626));
#2628=FACE_BOUND('',#2627,.T.);
#2629=ADVANCED_FACE('',(#2628),#2617,.F.);
#2630=CARTESIAN_POINT('',(43.769175536,-6.317474716,197.000000001));
#2631=DIRECTION('',(-0.,-0.707106781,0.707106781));
#2632=DIRECTION('',(1.,-0.,0.));
#2633=AXIS2_PLACEMENT_3D('',#2630,#2631,#2632);
#2634=PLANE('',#2633);
#2635=ORIENTED_EDGE('',*,*,#1357,.F.);
#2636=CARTESIAN_POINT('',(24.940748411,-6.317474716,197.000000001));
#2637=DIRECTION('',(0.281084638,0.678598345,0.678598344));
#2638=VECTOR('',#2637,2.947251516);
#2639=LINE('',#2636,#2638);
#2640=EDGE_CURVE('',#1344,#2588,#2639,.T.);
#2641=ORIENTED_EDGE('',*,*,#2640,.T.);
#2642=ORIENTED_EDGE('',*,*,#2593,.T.);
#2643=ORIENTED_EDGE('',*,*,#2325,.F.);
#2644=ORIENTED_EDGE('',*,*,#2623,.T.);
#2645=ORIENTED_EDGE('',*,*,#2413,.F.);
#2646=EDGE_LOOP('',(#2635,#2641,#2642,#2643,#2644,#2645));
#2647=FACE_BOUND('',#2646,.T.);
#2648=ADVANCED_FACE('',(#2647),#2634,.T.);
#2649=CARTESIAN_POINT('',(194.094405543,-39.854983045,97.931081739));
#2650=CARTESIAN_POINT('',(194.094042994,-39.852743895,97.880259495));
#2651=CARTESIAN_POINT('',(194.090439843,-39.830499697,97.830621571));
#2652=CARTESIAN_POINT('',(194.078682044,-39.757914141,97.760298545));
#2653=CARTESIAN_POINT('',(194.070592029,-39.707971767,97.74));
#2654=CARTESIAN_POINT('',(194.062457297,-39.657753353,97.74));
#2655=CARTESIAN_POINT('',(193.979304153,-39.873626321,97.931005753));
#2656=CARTESIAN_POINT('',(193.97893933,-39.871368533,97.880197037));
#2657=CARTESIAN_POINT('',(193.975342131,-39.849115464,97.830579533));
#2658=CARTESIAN_POINT('',(193.963608615,-39.77653099,97.760288013));
#2659=CARTESIAN_POINT('',(193.955536736,-39.726598172,97.74));
#2660=CARTESIAN_POINT('',(193.947420283,-39.676389639,97.74));
#2661=CARTESIAN_POINT('',(193.864193438,-39.892213875,97.930929559));
#2662=CARTESIAN_POINT('',(193.863826356,-39.889937409,97.880134417));
#2663=CARTESIAN_POINT('',(193.860235157,-39.867675457,97.83053739));
#2664=CARTESIAN_POINT('',(193.848526063,-39.795092083,97.760277456));
#2665=CARTESIAN_POINT('',(193.840472407,-39.745168849,97.74));
#2666=CARTESIAN_POINT('',(193.832374323,-39.694970227,97.74));
#2667=CARTESIAN_POINT('',(193.749073336,-39.910745047,97.930853166));
#2668=CARTESIAN_POINT('',(193.748704012,-39.908449865,97.880071645));
#2669=CARTESIAN_POINT('',(193.745118861,-39.886179018,97.830495146));
#2670=CARTESIAN_POINT('',(193.733434324,-39.813596761,97.760266876));
#2671=CARTESIAN_POINT('',(193.725398981,-39.76368314,97.74));
#2672=CARTESIAN_POINT('',(193.717319353,-39.713494455,97.74));
#2673=B_SPLINE_SURFACE_WITH_KNOTS('',3,3,((#2649,#2650,#2651,#2652,#2653,#2654),(#2655,#2656,#2657,#2658,#2659,#2660),(#2661,#2662,#2663,#2664,#2665,#2666),(#2667,#2668,#2669,#2670,#2671,#2672)),.UNSPECIFIED.,.F.,.F.,.U.,(4,4),(4,2,4),(0.010947195,0.011296809),(0.,0.5,1.),.UNSPECIFIED.);
#2674=ORIENTED_EDGE('',*,*,#593,.F.);
#2675=CARTESIAN_POINT('',(193.868397121,-39.707637175,97.74083019));
#2676=VERTEX_POINT('',#2675);
#2677=CARTESIAN_POINT('',(194.094415119,-39.855041395,97.931086985));
#2678=CARTESIAN_POINT('',(194.077765727,-39.855234596,97.875674807));
#2679=CARTESIAN_POINT('',(194.041051228,-39.835718423,97.828258551));
#2680=CARTESIAN_POINT('',(194.000354428,-39.808618059,97.796143044));
#2681=CARTESIAN_POINT('',(193.959657627,-39.781517695,97.764027536));
#2682=CARTESIAN_POINT('',(193.913638889,-39.746252776,97.744973554));
#2683=CARTESIAN_POINT('',(193.868397122,-39.707637173,97.74083019));
#2684=B_SPLINE_CURVE_WITH_KNOTS('',3,(#2677,#2678,#2679,#2680,#2681,#2682,#2683),.UNSPECIFIED.,.F.,.F.,(4,3,4),(0.00083765,0.001024884,0.001212119),.UNSPECIFIED.);
#2685=EDGE_CURVE('',#578,#2676,#2684,.T.);
#2686=ORIENTED_EDGE('',*,*,#2685,.T.);
#2687=CARTESIAN_POINT('',(193.868397122,-39.707637173,97.74083019));
#2688=CARTESIAN_POINT('',(193.861223297,-39.701514035,97.740173192));
#2689=CARTESIAN_POINT('',(193.853104001,-39.69665773,97.74));
#2690=CARTESIAN_POINT('',(193.844002967,-39.693134925,97.74));
#2691=B_SPLINE_CURVE_WITH_KNOTS('',3,(#2687,#2688,#2689,#2690),.UNSPECIFIED.,.F.,.F.,(4,4),(0.,0.000029594),.UNSPECIFIED.);
#2692=EDGE_CURVE('',#2676,#1044,#2691,.T.);
#2693=ORIENTED_EDGE('',*,*,#2692,.T.);
#2694=ORIENTED_EDGE('',*,*,#1050,.F.);
#2695=CARTESIAN_POINT('',(193.727799063,-39.761194811,97.746019743));
#2696=VERTEX_POINT('',#2695);
#2697=CARTESIAN_POINT('',(193.752744394,-39.707849703,97.74));
#2698=CARTESIAN_POINT('',(193.736253637,-39.721622287,97.739999996));
#2699=CARTESIAN_POINT('',(193.726624356,-39.741722454,97.7411464));
#2700=CARTESIAN_POINT('',(193.727799034,-39.761194789,97.746019737));
#2701=B_SPLINE_CURVE_WITH_KNOTS('',3,(#2697,#2698,#2699,#2700),.UNSPECIFIED.,.F.,.F.,(4,4),(-0.,0.000065359),.UNSPECIFIED.);
#2702=EDGE_CURVE('',#1042,#2696,#2701,.T.);
#2703=ORIENTED_EDGE('',*,*,#2702,.T.);
#2704=CARTESIAN_POINT('',(193.727799034,-39.761194789,97.746019737));
#2705=CARTESIAN_POINT('',(193.730343524,-39.803374151,97.756575956));
#2706=CARTESIAN_POINT('',(193.737113353,-39.840461156,97.780720445));
#2707=CARTESIAN_POINT('',(193.746875485,-39.86639016,97.814334614));
#2708=CARTESIAN_POINT('',(193.756637617,-39.892319165,97.847948783));
#2709=CARTESIAN_POINT('',(193.768776828,-39.905695892,97.8889424));
#2710=CARTESIAN_POINT('',(193.781385782,-39.905603599,97.930879905));
#2711=B_SPLINE_CURVE_WITH_KNOTS('',3,(#2704,#2705,#2706,#2707,#2708,#2709,#2710),.UNSPECIFIED.,.F.,.F.,(4,3,4),(0.,0.000141583,0.000283165),.UNSPECIFIED.);
#2712=EDGE_CURVE('',#2696,#587,#2711,.T.);
#2713=ORIENTED_EDGE('',*,*,#2712,.T.);
#2714=EDGE_LOOP('',(#2674,#2686,#2693,#2694,#2703,#2713));
#2715=FACE_BOUND('',#2714,.T.);
#2716=ADVANCED_FACE('',(#2715),#2673,.F.);
#2717=CARTESIAN_POINT('',(193.765274458,-39.925328464,97.935253042));
#2718=CARTESIAN_POINT('',(193.765279458,-39.915963503,97.93527129));
#2719=CARTESIAN_POINT('',(193.77247712,-39.907151504,97.933317571));
#2720=CARTESIAN_POINT('',(193.781385779,-39.905603595,97.930879816));
#2721=CARTESIAN_POINT('',(193.772901591,-39.92538679,97.963089013));
#2722=CARTESIAN_POINT('',(193.772906585,-39.916022499,97.963107264));
#2723=CARTESIAN_POINT('',(193.780103789,-39.90721098,97.961156312));
#2724=CARTESIAN_POINT('',(193.789012493,-39.905662254,97.958721819));
#2725=CARTESIAN_POINT('',(193.780513826,-39.925445127,97.99092646));
#2726=CARTESIAN_POINT('',(193.780518814,-39.916081507,97.990944713));
#2727=CARTESIAN_POINT('',(193.787715559,-39.907270468,97.988996529));
#2728=CARTESIAN_POINT('',(193.796624306,-39.905720923,97.986565295));
#2729=CARTESIAN_POINT('',(193.788111168,-39.925503474,98.018765383));
#2730=CARTESIAN_POINT('',(193.78811615,-39.916140524,98.018783639));
#2731=CARTESIAN_POINT('',(193.795312434,-39.907329965,98.01683822));
#2732=CARTESIAN_POINT('',(193.804221222,-39.905779603,98.014410246));
#2733=B_SPLINE_SURFACE_WITH_KNOTS('',3,3,((#2717,#2718,#2719,#2720),(#2721,#2722,#2723,#2724),(#2725,#2726,#2727,#2728),(#2729,#2730,#2731,#2732)),.UNSPECIFIED.,.F.,.F.,.U.,(4,4),(4,4),(0.,0.000085377),(0.,1.),.UNSPECIFIED.);
#2734=ORIENTED_EDGE('',*,*,#1005,.F.);
#2735=ORIENTED_EDGE('',*,*,#602,.F.);
#2736=CARTESIAN_POINT('',(193.784563476,-39.925328464,97.929967798));
#2737=DIRECTION('',(-0.26426166,0.002020373,-0.964448906));
#2738=DIRECTION('',(-0.964450875,0.,0.264262199));
#2739=AXIS2_PLACEMENT_3D('',#2736,#2737,#2738);
#2740=CIRCLE('',#2739,0.02);
#2741=EDGE_CURVE('',#853,#587,#2740,.T.);
#2742=ORIENTED_EDGE('',*,*,#2741,.F.);
#2743=ORIENTED_EDGE('',*,*,#859,.F.);
#2744=EDGE_LOOP('',(#2734,#2735,#2742,#2743));
#2745=FACE_BOUND('',#2744,.T.);
#2746=ADVANCED_FACE('',(#2745),#2733,.T.);
#2747=CARTESIAN_POINT('',(193.709297461,-39.766002853,97.731955079));
#2748=CARTESIAN_POINT('',(193.711483172,-39.763871402,97.739854648));
#2749=CARTESIAN_POINT('',(193.719355512,-39.761825591,97.7458391));
#2750=CARTESIAN_POINT('',(193.727799034,-39.761194789,97.746019737));
#2751=CARTESIAN_POINT('',(193.712509552,-39.812333505,97.74356418));
#2752=CARTESIAN_POINT('',(193.714533231,-39.80838093,97.750882516));
#2753=CARTESIAN_POINT('',(193.722069488,-39.804582283,97.756379425));
#2754=CARTESIAN_POINT('',(193.730343524,-39.803374151,97.756575956));
#2755=CARTESIAN_POINT('',(193.719856803,-39.853152339,97.770120684));
#2756=CARTESIAN_POINT('',(193.721595992,-39.847586203,97.776420359));
#2757=CARTESIAN_POINT('',(193.728892674,-39.842229261,97.780920698));
#2758=CARTESIAN_POINT('',(193.737093371,-39.840471099,97.780723951));
#2759=CARTESIAN_POINT('',(193.740240885,-39.910365659,97.844057878));
#2760=CARTESIAN_POINT('',(193.741214593,-39.902245386,97.847598429));
#2761=CARTESIAN_POINT('',(193.748271903,-39.894482949,97.849290261));
#2762=CARTESIAN_POINT('',(193.756618621,-39.892323823,97.847955491));
#2763=CARTESIAN_POINT('',(193.752637358,-39.925231849,97.889132702));
#2764=CARTESIAN_POINT('',(193.753150497,-39.916235215,97.891005412));
#2765=CARTESIAN_POINT('',(193.760213544,-39.907687815,97.890960346));
#2766=CARTESIAN_POINT('',(193.768776828,-39.905695892,97.8889424));
#2767=CARTESIAN_POINT('',(193.765274458,-39.925328464,97.935253042));
#2768=CARTESIAN_POINT('',(193.765279469,-39.91596351,97.93527133));
#2769=CARTESIAN_POINT('',(193.77247713,-39.907151516,97.933317651));
#2770=CARTESIAN_POINT('',(193.781385782,-39.905603599,97.930879905));
#2771=B_SPLINE_SURFACE_WITH_KNOTS('',3,3,((#2747,#2748,#2749,#2750),(#2751,#2752,#2753,#2754),(#2755,#2756,#2757,#2758),(#2759,#2760,#2761,#2762),(#2763,#2764,#2765,#2766),(#2767,#2768,#2769,#2770)),.UNSPECIFIED.,.F.,.F.,.U.,(4,2,4),(4,4),(0.,0.000141583,0.000283165),(0.,1.),.UNSPECIFIED.);
#2772=ORIENTED_EDGE('',*,*,#2741,.T.);
#2773=ORIENTED_EDGE('',*,*,#2712,.F.);
#2774=CARTESIAN_POINT('',(193.728573229,-39.766002853,97.726621718));
#2775=DIRECTION('',(-0.067114011,0.967811496,-0.242562605));
#2776=DIRECTION('',(-0.,0.243110743,0.969998539));
#2777=AXIS2_PLACEMENT_3D('',#2774,#2775,#2776);
#2778=CIRCLE('',#2777,0.02);
#2779=EDGE_CURVE('',#862,#2696,#2778,.T.);
#2780=ORIENTED_EDGE('',*,*,#2779,.F.);
#2781=ORIENTED_EDGE('',*,*,#871,.F.);
#2782=EDGE_LOOP('',(#2772,#2773,#2780,#2781));
#2783=FACE_BOUND('',#2782,.T.);
#2784=ADVANCED_FACE('',(#2783),#2771,.T.);
#2785=CARTESIAN_POINT('',(193.739507195,-39.69331146,97.723662562));
#2786=CARTESIAN_POINT('',(193.740646915,-39.694563196,97.732750413));
#2787=CARTESIAN_POINT('',(193.746520784,-39.70101439,97.73999998));
#2788=CARTESIAN_POINT('',(193.752744394,-39.707849703,97.74));
#2789=CARTESIAN_POINT('',(193.719402199,-39.711881507,97.724711602));
#2790=CARTESIAN_POINT('',(193.72133301,-39.712904769,97.733058414));
#2791=CARTESIAN_POINT('',(193.72859424,-39.716989448,97.739575373));
#2792=CARTESIAN_POINT('',(193.736253637,-39.721622287,97.739999996));
#2793=CARTESIAN_POINT('',(193.707814581,-39.739266852,97.726595674));
#2794=CARTESIAN_POINT('',(193.710554117,-39.738746132,97.734357867));
#2795=CARTESIAN_POINT('',(193.718395862,-39.73983301,97.740426191));
#2796=CARTESIAN_POINT('',(193.726624356,-39.741722454,97.7411464));
#2797=CARTESIAN_POINT('',(193.709297461,-39.766002853,97.731955079));
#2798=CARTESIAN_POINT('',(193.711483172,-39.763871402,97.739854648));
#2799=CARTESIAN_POINT('',(193.719355512,-39.761825591,97.7458391));
#2800=CARTESIAN_POINT('',(193.727799034,-39.761194789,97.746019737));
#2801=B_SPLINE_SURFACE_WITH_KNOTS('',3,3,((#2785,#2786,#2787,#2788),(#2789,#2790,#2791,#2792),(#2793,#2794,#2795,#2796),(#2797,#2798,#2799,#2800)),.UNSPECIFIED.,.F.,.F.,.U.,(4,4),(4,4),(-0.,0.000065359),(0.,1.),.UNSPECIFIED.);
#2802=ORIENTED_EDGE('',*,*,#2779,.T.);
#2803=ORIENTED_EDGE('',*,*,#2702,.F.);
#2804=CARTESIAN_POINT('',(193.752744419,-39.707849739,97.72));
#2805=DIRECTION('',(0.739418185,0.673246425,0.));
#2806=DIRECTION('',(-0.673246425,0.739418185,-0.));
#2807=AXIS2_PLACEMENT_3D('',#2804,#2805,#2806);
#2808=CIRCLE('',#2807,0.02);
#2809=EDGE_CURVE('',#2222,#1042,#2808,.T.);
#2810=ORIENTED_EDGE('',*,*,#2809,.F.);
#2811=ORIENTED_EDGE('',*,*,#2228,.F.);
#2812=EDGE_LOOP('',(#2802,#2803,#2810,#2811));
#2813=FACE_BOUND('',#2812,.T.);
#2814=ADVANCED_FACE('',(#2813),#2801,.T.);
#2815=CARTESIAN_POINT('',(193.851959474,-39.674917944,97.717801004));
#2816=CARTESIAN_POINT('',(193.852206058,-39.674353371,97.723370262));
#2817=CARTESIAN_POINT('',(193.851462565,-39.676055651,97.729167823));
#2818=CARTESIAN_POINT('',(193.848470341,-39.68290656,97.737516258));
#2819=CARTESIAN_POINT('',(193.846245671,-39.688000097,97.74));
#2820=CARTESIAN_POINT('',(193.844002967,-39.693134926,97.74));
#2821=CARTESIAN_POINT('',(193.833410982,-39.666700058,97.718766854));
#2822=CARTESIAN_POINT('',(193.833432458,-39.666351874,97.72420507));
#2823=CARTESIAN_POINT('',(193.832959938,-39.668335319,97.72974124));
#2824=CARTESIAN_POINT('',(193.831303913,-39.675755349,97.737666755));
#2825=CARTESIAN_POINT('',(193.830130989,-39.681138529,97.74));
#2826=CARTESIAN_POINT('',(193.828950624,-39.686560617,97.74));
#2827=CARTESIAN_POINT('',(193.812874029,-39.664152835,97.719836783));
#2828=CARTESIAN_POINT('',(193.812827544,-39.664125668,97.725106509));
#2829=CARTESIAN_POINT('',(193.812743704,-39.666310432,97.730353851));
#2830=CARTESIAN_POINT('',(193.812534549,-39.673857981,97.737823778));
#2831=CARTESIAN_POINT('',(193.812409543,-39.679173812,97.739999999));
#2832=CARTESIAN_POINT('',(193.812284431,-39.684522833,97.74));
#2833=CARTESIAN_POINT('',(193.77338432,-39.670509866,97.721895275));
#2834=CARTESIAN_POINT('',(193.773499915,-39.670972531,97.726799205));
#2835=CARTESIAN_POINT('',(193.774289286,-39.673233685,97.73149331));
#2836=CARTESIAN_POINT('',(193.776803905,-39.680214065,97.738109367));
#2837=CARTESIAN_POINT('',(193.77851613,-39.684900122,97.739999999));
#2838=CARTESIAN_POINT('',(193.780237262,-39.689608458,97.74));
#2839=CARTESIAN_POINT('',(193.754475835,-39.679485625,97.722881526));
#2840=CARTESIAN_POINT('',(193.754814845,-39.680110368,97.727589254));
#2841=CARTESIAN_POINT('',(193.756083963,-39.682243342,97.732019604));
#2842=CARTESIAN_POINT('',(193.759873396,-39.688525478,97.738237938));
#2843=CARTESIAN_POINT('',(193.762377409,-39.692648754,97.74));
#2844=CARTESIAN_POINT('',(193.764892213,-39.696789071,97.74));
#2845=CARTESIAN_POINT('',(193.739507195,-39.69331146,97.723662562));
#2846=CARTESIAN_POINT('',(193.740077055,-39.69393733,97.728206494));
#2847=CARTESIAN_POINT('',(193.741745726,-39.695770011,97.732428705));
#2848=CARTESIAN_POINT('',(193.746532511,-39.701027278,97.738336575));
#2849=CARTESIAN_POINT('',(193.749632609,-39.704432077,97.74));
#2850=CARTESIAN_POINT('',(193.752744419,-39.707849739,97.74));
#2851=B_SPLINE_SURFACE_WITH_KNOTS('',3,3,((#2815,#2816,#2817,#2818,#2819,#2820),(#2821,#2822,#2823,#2824,#2825,#2826),(#2827,#2828,#2829,#2830,#2831,#2832),(#2833,#2834,#2835,#2836,#2837,#2838),(#2839,#2840,#2841,#2842,#2843,#2844),(#2845,#2846,#2847,#2848,#2849,#2850)),.UNSPECIFIED.,.F.,.F.,.U.,(4,2,4),(4,2,4),(0.,0.00004857,0.000097139),(0.,0.5,1.),.UNSPECIFIED.);
#2852=ORIENTED_EDGE('',*,*,#2809,.T.);
#2853=ORIENTED_EDGE('',*,*,#1057,.F.);
#2854=CARTESIAN_POINT('',(193.844002967,-39.693134926,97.72));
#2855=DIRECTION('',(0.916405124,-0.400251981,-0.));
#2856=DIRECTION('',(0.400251981,0.916405124,0.));
#2857=AXIS2_PLACEMENT_3D('',#2854,#2855,#2856);
#2858=CIRCLE('',#2857,0.02);
#2859=EDGE_CURVE('',#2231,#1044,#2858,.T.);
#2860=ORIENTED_EDGE('',*,*,#2859,.F.);
#2861=ORIENTED_EDGE('',*,*,#2237,.F.);
#2862=EDGE_LOOP('',(#2852,#2853,#2860,#2861));
#2863=FACE_BOUND('',#2862,.T.);
#2864=ADVANCED_FACE('',(#2863),#2851,.T.);
#2865=CARTESIAN_POINT('',(193.882318693,-39.695292175,97.717147083));
#2866=CARTESIAN_POINT('',(193.882758801,-39.694233918,97.722713899));
#2867=CARTESIAN_POINT('',(193.881451002,-39.694994168,97.728715254));
#2868=CARTESIAN_POINT('',(193.876196729,-39.699653412,97.737653722));
#2869=CARTESIAN_POINT('',(193.872294939,-39.703512782,97.740514819));
#2870=CARTESIAN_POINT('',(193.868397122,-39.707637173,97.74083019));
#2871=CARTESIAN_POINT('',(193.873383651,-39.686751218,97.716878861));
#2872=CARTESIAN_POINT('',(193.873752399,-39.685877669,97.722453134));
#2873=CARTESIAN_POINT('',(193.872605622,-39.687017629,97.728398997));
#2874=CARTESIAN_POINT('',(193.868023751,-39.692582591,97.73717766));
#2875=CARTESIAN_POINT('',(193.864626615,-39.696961159,97.739937518));
#2876=CARTESIAN_POINT('',(193.861223297,-39.701514035,97.740173192));
#2877=CARTESIAN_POINT('',(193.863271108,-39.67992955,97.71721199));
#2878=CARTESIAN_POINT('',(193.863583055,-39.679209888,97.722792516));
#2879=CARTESIAN_POINT('',(193.862628597,-39.680659087,97.728676503));
#2880=CARTESIAN_POINT('',(193.858801102,-39.686959082,97.737257398));
#2881=CARTESIAN_POINT('',(193.855959345,-39.691758068,97.739883904));
#2882=CARTESIAN_POINT('',(193.853104001,-39.69665773,97.74));
#2883=CARTESIAN_POINT('',(193.851959474,-39.674917944,97.717801004));
#2884=CARTESIAN_POINT('',(193.852206058,-39.674353371,97.723370262));
#2885=CARTESIAN_POINT('',(193.851462565,-39.676055651,97.729167823));
#2886=CARTESIAN_POINT('',(193.84847034,-39.68290656,97.737516258));
#2887=CARTESIAN_POINT('',(193.846245671,-39.688000097,97.74));
#2888=CARTESIAN_POINT('',(193.844002967,-39.693134925,97.74));
#2889=B_SPLINE_SURFACE_WITH_KNOTS('',3,3,((#2865,#2866,#2867,#2868,#2869,#2870),(#2871,#2872,#2873,#2874,#2875,#2876),(#2877,#2878,#2879,#2880,#2881,#2882),(#2883,#2884,#2885,#2886,#2887,#2888)),.UNSPECIFIED.,.F.,.F.,.U.,(4,4),(4,2,4),(0.,0.000029594),(0.,0.5,1.),.UNSPECIFIED.);
#2890=ORIENTED_EDGE('',*,*,#2859,.T.);
#2891=ORIENTED_EDGE('',*,*,#2692,.F.);
#2892=CARTESIAN_POINT('',(193.868687248,-39.709434311,97.720913209));
#2893=DIRECTION('',(0.727642128,-0.682151877,0.072150881));
#2894=DIRECTION('',(0.683934396,0.729543517,0.));
#2895=AXIS2_PLACEMENT_3D('',#2892,#2893,#2894);
#2896=CIRCLE('',#2895,0.02);
#2897=EDGE_CURVE('',#2168,#2676,#2896,.T.);
#2898=ORIENTED_EDGE('',*,*,#2897,.F.);
#2899=ORIENTED_EDGE('',*,*,#2244,.F.);
#2900=EDGE_LOOP('',(#2890,#2891,#2898,#2899));
#2901=FACE_BOUND('',#2900,.T.);
#2902=ADVANCED_FACE('',(#2901),#2889,.T.);
#2903=CARTESIAN_POINT('',(193.868397122,-39.707637173,97.74083019));
#2904=CARTESIAN_POINT('',(193.872294939,-39.703512782,97.740514819));
#2905=CARTESIAN_POINT('',(193.876196729,-39.699653412,97.737653722));
#2906=CARTESIAN_POINT('',(193.881451002,-39.694994168,97.728715254));
#2907=CARTESIAN_POINT('',(193.882758801,-39.694233918,97.722713899));
#2908=CARTESIAN_POINT('',(193.882318693,-39.695292175,97.717147083));
#2909=CARTESIAN_POINT('',(193.895555538,-39.730817934,97.743317432));
#2910=CARTESIAN_POINT('',(193.899209219,-39.7268811,97.742540075));
#2911=CARTESIAN_POINT('',(193.90292702,-39.723521096,97.739513718));
#2912=CARTESIAN_POINT('',(193.90827971,-39.71993385,97.730781129));
#2913=CARTESIAN_POINT('',(193.909877666,-39.7197295,97.725134552));
#2914=CARTESIAN_POINT('',(193.909911373,-39.721159418,97.719884657));
#2915=CARTESIAN_POINT('',(193.922531782,-39.752416075,97.751066332));
#2916=CARTESIAN_POINT('',(193.926023686,-39.748815598,97.749907751));
#2917=CARTESIAN_POINT('',(193.929617035,-39.74598297,97.746824535));
#2918=CARTESIAN_POINT('',(193.935060116,-39.743364761,97.738480222));
#2919=CARTESIAN_POINT('',(193.936879297,-39.743592924,97.733265257));
#2920=CARTESIAN_POINT('',(193.937297323,-39.745287079,97.728410947));
#2921=CARTESIAN_POINT('',(193.975965438,-39.792361904,97.776961638));
#2922=CARTESIAN_POINT('',(193.979218845,-39.789578635,97.775298726));
#2923=CARTESIAN_POINT('',(193.982619071,-39.787783026,97.772334441));
#2924=CARTESIAN_POINT('',(193.98822627,-39.786927949,97.765100671));
#2925=CARTESIAN_POINT('',(193.990413364,-39.787870588,97.760856149));
#2926=CARTESIAN_POINT('',(193.991499335,-39.789967285,97.756902524));
#2927=CARTESIAN_POINT('',(194.001060701,-39.809703194,97.794403072));
#2928=CARTESIAN_POINT('',(194.004244121,-39.80738109,97.792627214));
#2929=CARTESIAN_POINT('',(194.007581207,-39.806069829,97.789833558));
#2930=CARTESIAN_POINT('',(194.013258018,-39.805964341,97.783292458));
#2931=CARTESIAN_POINT('',(194.015581885,-39.807170056,97.779562761));
#2932=CARTESIAN_POINT('',(194.01693386,-39.809394035,97.776092103));
#2933=CARTESIAN_POINT('',(194.04737956,-39.838131539,97.839988074));
#2934=CARTESIAN_POINT('',(194.050464523,-39.836702515,97.83829114));
#2935=CARTESIAN_POINT('',(194.053700396,-39.836239034,97.836068757));
#2936=CARTESIAN_POINT('',(194.059486252,-39.837366772,97.831240701));
#2937=CARTESIAN_POINT('',(194.062026671,-39.838955782,97.828642494));
#2938=CARTESIAN_POINT('',(194.063823693,-39.841322782,97.826245392));
#2939=CARTESIAN_POINT('',(194.067806013,-39.848621114,97.867752498));
#2940=CARTESIAN_POINT('',(194.070865359,-39.847609621,97.866256109));
#2941=CARTESIAN_POINT('',(194.07406566,-39.847493934,97.864432387));
#2942=CARTESIAN_POINT('',(194.079888546,-39.849079919,97.860607966));
#2943=CARTESIAN_POINT('',(194.082503695,-39.850779514,97.858611888));
#2944=CARTESIAN_POINT('',(194.084470427,-39.853157018,97.856791895));
#2945=CARTESIAN_POINT('',(194.087011459,-39.854342611,97.909386967));
#2946=CARTESIAN_POINT('',(194.090042755,-39.853690479,97.908316282));
#2947=CARTESIAN_POINT('',(194.093201168,-39.853841745,97.907122619));
#2948=CARTESIAN_POINT('',(194.099035675,-39.855715201,97.904766344));
#2949=CARTESIAN_POINT('',(194.101706163,-39.857435584,97.903605967));
#2950=CARTESIAN_POINT('',(194.1038184,-39.859738975,97.902597745));
#2951=CARTESIAN_POINT('',(194.091100643,-39.855056563,97.92014273));
#2952=CARTESIAN_POINT('',(194.094125308,-39.85447646,97.919191261));
#2953=CARTESIAN_POINT('',(194.097273673,-39.854677263,97.918162747));
#2954=CARTESIAN_POINT('',(194.103107805,-39.856594642,97.916183027));
#2955=CARTESIAN_POINT('',(194.105788339,-39.85830949,97.915233577));
#2956=CARTESIAN_POINT('',(194.107929987,-39.86058697,97.91443112));
#2957=CARTESIAN_POINT('',(194.094379154,-39.855007188,97.931096732));
#2958=CARTESIAN_POINT('',(194.097397369,-39.854479153,97.930271658));
#2959=CARTESIAN_POINT('',(194.100536042,-39.854710925,97.929412365));
#2960=CARTESIAN_POINT('',(194.106366337,-39.856642411,97.927814416));
#2961=CARTESIAN_POINT('',(194.109053026,-39.858340477,97.927077111));
#2962=CARTESIAN_POINT('',(194.111216714,-39.860584459,97.926482563));
#2963=B_SPLINE_SURFACE_WITH_KNOTS('',3,3,((#2903,#2904,#2905,#2906,#2907,#2908),(#2909,#2910,#2911,#2912,#2913,#2914),(#2915,#2916,#2917,#2918,#2919,#2920),(#2921,#2922,#2923,#2924,#2925,#2926),(#2927,#2928,#2929,#2930,#2931,#2932),(#2933,#2934,#2935,#2936,#2937,#2938),(#2939,#2940,#2941,#2942,#2943,#2944),(#2945,#2946,#2947,#2948,#2949,#2950),(#2951,#2952,#2953,#2954,#2955,#2956),(#2957,#2958,#2959,#2960,#2961,#2962)),.UNSPECIFIED.,.F.,.F.,.U.,(4,2,2,2,4),(4,2,4),(0.00083765,0.000950046,0.001062442,0.001174838,0.001212165),(0.,0.5,1.),.UNSPECIFIED.);
#2964=ORIENTED_EDGE('',*,*,#2897,.T.);
#2965=ORIENTED_EDGE('',*,*,#2685,.F.);
#2966=ORIENTED_EDGE('',*,*,#584,.F.);
#2967=ORIENTED_EDGE('',*,*,#2184,.F.);
#2968=EDGE_LOOP('',(#2964,#2965,#2966,#2967));
#2969=FACE_BOUND('',#2968,.T.);
#2970=ADVANCED_FACE('',(#2969),#2963,.T.);
#2971=CARTESIAN_POINT('',(27.769175536,-46.909974716,160.132704448));
#2972=DIRECTION('',(-0.707106781,0.707106781,-0.));
#2973=DIRECTION('',(0.,0.,-1.));
#2974=AXIS2_PLACEMENT_3D('',#2971,#2972,#2973);
#2975=PLANE('',#2974);
#2976=ORIENTED_EDGE('',*,*,#2461,.F.);
#2977=ORIENTED_EDGE('',*,*,#701,.F.);
#2978=CARTESIAN_POINT('',(27.769175536,-46.909974716,120.265408896));
#2979=DIRECTION('',(-0.707106781,-0.707106781,0.));
#2980=VECTOR('',#2979,2.828427125);
#2981=LINE('',#2978,#2980);
#2982=EDGE_CURVE('',#808,#687,#2981,.T.);
#2983=ORIENTED_EDGE('',*,*,#2982,.F.);
#2984=ORIENTED_EDGE('',*,*,#2393,.F.);
#2985=ORIENTED_EDGE('',*,*,#2519,.F.);
#2986=EDGE_LOOP('',(#2976,#2977,#2983,#2984,#2985));
#2987=FACE_BOUND('',#2986,.T.);
#2988=ADVANCED_FACE('',(#2987),#2975,.F.);
#2989=CARTESIAN_POINT('',(112.269175536,-46.909974716,120.265408896));
#2990=DIRECTION('',(0.,-1.,0.));
#2991=DIRECTION('',(0.,0.,-1.));
#2992=AXIS2_PLACEMENT_3D('',#2989,#2990,#2991);
#2993=CONICAL_SURFACE('',#2992,84.5,45.);
#2994=CARTESIAN_POINT('',(112.269175536,-48.909974716,33.765408896));
#2995=DIRECTION('',(-0.,0.707106781,0.707106781));
#2996=VECTOR('',#2995,2.828427125);
#2997=LINE('',#2994,#2996);
#2998=EDGE_CURVE('',#678,#818,#2997,.T.);
#2999=ORIENTED_EDGE('',*,*,#2998,.F.);
#3000=ORIENTED_EDGE('',*,*,#684,.F.);
#3001=ORIENTED_EDGE('',*,*,#967,.F.);
#3002=ORIENTED_EDGE('',*,*,#922,.F.);
#3003=ORIENTED_EDGE('',*,*,#833,.F.);
#3004=EDGE_LOOP('',(#2999,#3000,#3001,#3002,#3003));
#3005=FACE_BOUND('',#3004,.T.);
#3006=ADVANCED_FACE('',(#3005),#2993,.F.);
#3007=CARTESIAN_POINT('',(198.,-6.317474716,51.765408896));
#3008=DIRECTION('',(0.707106781,-0.707106781,0.));
#3009=DIRECTION('',(-0.,-0.,-1.));
#3010=AXIS2_PLACEMENT_3D('',#3007,#3008,#3009);
#3011=PLANE('',#3010);
#3012=ORIENTED_EDGE('',*,*,#1589,.F.);
#3013=CARTESIAN_POINT('',(198.380909981,-5.936564734,27.479058618));
#3014=DIRECTION('',(0.665161625,0.665161625,-0.33929342));
#3015=VECTOR('',#3014,2.434130229);
#3016=LINE('',#3013,#3015);
#3017=EDGE_CURVE('',#1577,#752,#3016,.T.);
#3018=ORIENTED_EDGE('',*,*,#3017,.T.);
#3019=ORIENTED_EDGE('',*,*,#757,.F.);
#3020=ORIENTED_EDGE('',*,*,#1130,.F.);
#3021=ORIENTED_EDGE('',*,*,#1234,.F.);
#3022=ORIENTED_EDGE('',*,*,#1406,.F.);
#3023=EDGE_LOOP('',(#3012,#3018,#3019,#3020,#3021,#3022));
#3024=FACE_BOUND('',#3023,.T.);
#3025=ADVANCED_FACE('',(#3024),#3011,.T.);
#3026=CARTESIAN_POINT('',(200.,-46.909974716,50.));
#3027=DIRECTION('',(-0.707106781,0.707106781,0.));
#3028=DIRECTION('',(0.,0.,-1.));
#3029=AXIS2_PLACEMENT_3D('',#3026,#3027,#3028);
#3030=PLANE('',#3029);
#3031=ORIENTED_EDGE('',*,*,#667,.F.);
#3032=CARTESIAN_POINT('',(198.,-48.909974716,3.));
#3033=DIRECTION('',(0.707106781,0.707106781,-0.));
#3034=VECTOR('',#3033,2.828427125);
#3035=LINE('',#3032,#3034);
#3036=EDGE_CURVE('',#654,#720,#3035,.T.);
#3037=ORIENTED_EDGE('',*,*,#3036,.T.);
#3038=ORIENTED_EDGE('',*,*,#725,.F.);
#3039=ORIENTED_EDGE('',*,*,#1023,.F.);
#3040=ORIENTED_EDGE('',*,*,#952,.F.);
#3041=EDGE_LOOP('',(#3031,#3037,#3038,#3039,#3040));
#3042=FACE_BOUND('',#3041,.T.);
#3043=ADVANCED_FACE('',(#3042),#3030,.F.);
#3044=CARTESIAN_POINT('',(198.,3.682525284,0.));
#3045=DIRECTION('',(0.707106781,0.707106781,0.));
#3046=DIRECTION('',(0.,0.,1.));
#3047=AXIS2_PLACEMENT_3D('',#3044,#3045,#3046);
#3048=PLANE('',#3047);
#3049=ORIENTED_EDGE('',*,*,#741,.F.);
#3050=CARTESIAN_POINT('',(200.,1.682525284,3.));
#3051=DIRECTION('',(-0.707106781,0.707106781,-0.));
#3052=VECTOR('',#3051,2.828427125);
#3053=LINE('',#3050,#3052);
#3054=EDGE_CURVE('',#728,#1264,#3053,.T.);
#3055=ORIENTED_EDGE('',*,*,#3054,.T.);
#3056=ORIENTED_EDGE('',*,*,#1269,.F.);
#3057=ORIENTED_EDGE('',*,*,#1202,.F.);
#3058=ORIENTED_EDGE('',*,*,#1137,.F.);
#3059=EDGE_LOOP('',(#3049,#3055,#3056,#3057,#3058));
#3060=FACE_BOUND('',#3059,.T.);
#3061=ADVANCED_FACE('',(#3060),#3048,.T.);
#3062=CARTESIAN_POINT('',(198.030199691,-39.231209544,99.012343504));
#3063=CARTESIAN_POINT('',(198.029889982,-39.221399446,98.708924783));
#3064=CARTESIAN_POINT('',(198.029580274,-39.211589349,98.405506063));
#3065=CARTESIAN_POINT('',(198.029270565,-39.201779251,98.102087343));
#3066=CARTESIAN_POINT('',(198.028926506,-39.190881089,97.765015615));
#3067=CARTESIAN_POINT('',(198.028586501,-39.179935808,97.42794474));
#3068=CARTESIAN_POINT('',(198.028250869,-39.168957114,97.09087592));
#3069=CARTESIAN_POINT('',(198.030213458,-39.231221096,99.012343131));
#3070=CARTESIAN_POINT('',(198.029903752,-39.221411011,98.708924409));
#3071=CARTESIAN_POINT('',(198.029594046,-39.211600926,98.405505688));
#3072=CARTESIAN_POINT('',(198.02928434,-39.201790841,98.102086966));
#3073=CARTESIAN_POINT('',(198.028940283,-39.190892692,97.765015236));
#3074=CARTESIAN_POINT('',(198.02860028,-39.179947425,97.42794436));
#3075=CARTESIAN_POINT('',(198.028264651,-39.168968745,97.090875539));
#3076=CARTESIAN_POINT('',(200.,-40.883993399,98.959021274));
#3077=CARTESIAN_POINT('',(200.,-40.875967831,98.655408749));
#3078=CARTESIAN_POINT('',(200.,-40.867942262,98.351796224));
#3079=CARTESIAN_POINT('',(200.,-40.859916694,98.048183699));
#3080=CARTESIAN_POINT('',(200.,-40.851000988,97.710896671));
#3081=CARTESIAN_POINT('',(200.,-40.842033384,97.37363346));
#3082=CARTESIAN_POINT('',(200.,-40.833025303,97.036393781));
#3083=B_SPLINE_SURFACE_WITH_KNOTS('',1,3,((#3062,#3063,#3064,#3065,#3066,#3067,#3068),(#3069,#3070,#3071,#3072,#3073,#3074,#3075),(#3076,#3077,#3078,#3079,#3080,#3081,#3082)),.UNSPECIFIED.,.F.,.F.,.U.,(2,1,2),(4,3,4),(-0.000006989,0.,1.),(-0.759642309,0.036633024,0.921225451),.UNSPECIFIED.);
#3084=ORIENTED_EDGE('',*,*,#1029,.F.);
#3085=ORIENTED_EDGE('',*,*,#791,.F.);
#3086=CARTESIAN_POINT('',(198.028264651,-39.168968745,97.090875539));
#3087=CARTESIAN_POINT('',(198.685509767,-39.723654264,97.072714953));
#3088=CARTESIAN_POINT('',(199.342754884,-40.278339784,97.054554367));
#3089=CARTESIAN_POINT('',(200.,-40.833025303,97.036393781));
#3090=B_SPLINE_CURVE_WITH_KNOTS('',3,(#3086,#3087,#3088,#3089),.UNSPECIFIED.,.F.,.F.,(4,4),(0.,1.),.UNSPECIFIED.);
#3091=EDGE_CURVE('',#362,#775,#3090,.T.);
#3092=ORIENTED_EDGE('',*,*,#3091,.F.);
#3093=ORIENTED_EDGE('',*,*,#368,.F.);
#3094=ORIENTED_EDGE('',*,*,#994,.F.);
#3095=EDGE_LOOP('',(#3084,#3085,#3092,#3093,#3094));
#3096=FACE_BOUND('',#3095,.T.);
#3097=ADVANCED_FACE('',(#3096),#3083,.T.);
#3098=CARTESIAN_POINT('',(198.028264651,-39.168968745,97.090875539));
#3099=CARTESIAN_POINT('',(198.016103055,-38.771154521,84.877133709));
#3100=CARTESIAN_POINT('',(198.013396432,-38.399930887,72.608196861));
#3101=CARTESIAN_POINT('',(198.003022329,-37.916477242,49.192437128));
#3102=CARTESIAN_POINT('',(198.002633883,-37.468900704,37.962472863));
#3103=CARTESIAN_POINT('',(198.001665735,-36.79289546,26.768418257));
#3104=CARTESIAN_POINT('',(200.,-40.833025303,97.036393781));
#3105=CARTESIAN_POINT('',(200.,-40.505969353,84.792248356));
#3106=CARTESIAN_POINT('',(200.,-40.161209897,72.599589732));
#3107=CARTESIAN_POINT('',(200.,-39.792382402,49.12812152));
#3108=CARTESIAN_POINT('',(200.,-39.357873931,37.87605773));
#3109=CARTESIAN_POINT('',(200.,-38.707288759,26.653174248));
#3110=B_SPLINE_SURFACE_WITH_KNOTS('',1,3,((#3098,#3099,#3100,#3101,#3102,#3103),(#3104,#3105,#3106,#3107,#3108,#3109)),.UNSPECIFIED.,.F.,.F.,.U.,(2,2),(4,2,4),(0.,1.),(0.081931739,0.520986042,0.923485044),.UNSPECIFIED.);
#3111=ORIENTED_EDGE('',*,*,#3091,.T.);
#3112=ORIENTED_EDGE('',*,*,#784,.F.);
#3113=ORIENTED_EDGE('',*,*,#772,.F.);
#3114=CARTESIAN_POINT('',(200.,-38.707288759,26.653174248));
#3115=CARTESIAN_POINT('',(199.460457655,-38.20456054,26.928390317));
#3116=CARTESIAN_POINT('',(198.920758763,-37.702044205,27.203686238));
#3117=CARTESIAN_POINT('',(198.380908306,-37.199732873,27.479059473));
#3118=B_SPLINE_CURVE_WITH_KNOTS('',3,(#3114,#3115,#3116,#3117),.UNSPECIFIED.,.F.,.F.,(4,4),(0.,0.002361413),.UNSPECIFIED.);
#3119=EDGE_CURVE('',#760,#1568,#3118,.T.);
#3120=ORIENTED_EDGE('',*,*,#3119,.T.);
#3121=ORIENTED_EDGE('',*,*,#1574,.F.);
#3122=ORIENTED_EDGE('',*,*,#434,.F.);
#3123=EDGE_LOOP('',(#3111,#3112,#3113,#3120,#3121,#3122));
#3124=FACE_BOUND('',#3123,.T.);
#3125=ADVANCED_FACE('',(#3124),#3110,.T.);
#3126=CARTESIAN_POINT('',(198.380909981,-6.317474716,27.479058618));
#3127=DIRECTION('',(0.454390903,-0.,0.890802395));
#3128=DIRECTION('',(-0.,-1.,-0.));
#3129=AXIS2_PLACEMENT_3D('',#3126,#3127,#3128);
#3130=PLANE('',#3129);
#3131=ORIENTED_EDGE('',*,*,#3119,.F.);
#3132=ORIENTED_EDGE('',*,*,#765,.F.);
#3133=ORIENTED_EDGE('',*,*,#3017,.F.);
#3134=ORIENTED_EDGE('',*,*,#1582,.F.);
#3135=EDGE_LOOP('',(#3131,#3132,#3133,#3134));
#3136=FACE_BOUND('',#3135,.T.);
#3137=ADVANCED_FACE('',(#3136),#3130,.T.);
#3138=CARTESIAN_POINT('',(0.66716943,1.682525284,197.791547904));
#3139=CARTESIAN_POINT('',(1.09653585,1.682525284,196.353089666));
#3140=CARTESIAN_POINT('',(1.516370774,1.682525284,194.911851115));
#3141=CARTESIAN_POINT('',(3.172663637,1.682525284,188.98698071));
#3142=CARTESIAN_POINT('',(4.302176165,1.682525284,184.473430595));
#3143=CARTESIAN_POINT('',(7.308640773,1.682525284,170.846988613));
#3144=CARTESIAN_POINT('',(8.801174041,1.682525284,161.651016543));
#3145=CARTESIAN_POINT('',(11.683686974,1.682525284,133.895880325));
#3146=CARTESIAN_POINT('',(11.452946861,1.682525284,115.179707811));
#3147=CARTESIAN_POINT('',(6.997303398,1.682525284,78.238225976));
#3148=CARTESIAN_POINT('',(2.792924462,1.682525284,60.02939374));
#3149=CARTESIAN_POINT('',(-5.853893251,1.682525284,33.498218489));
#3150=CARTESIAN_POINT('',(-9.125004248,1.682525284,24.779241479));
#3151=CARTESIAN_POINT('',(-14.465631713,1.682525284,12.068504478));
#3152=CARTESIAN_POINT('',(-16.277776646,1.682525284,7.971752144));
#3153=CARTESIAN_POINT('',(-18.166493591,1.682525284,3.897670727));
#3154=CARTESIAN_POINT('',(2.584185211,3.682525284,198.361678447));
#3155=CARTESIAN_POINT('',(3.016292211,3.682525284,196.913973133));
#3156=CARTESIAN_POINT('',(3.439353925,3.682525284,195.461646035));
#3157=CARTESIAN_POINT('',(5.108638553,3.682525284,189.490301646));
#3158=CARTESIAN_POINT('',(6.247150381,3.682525284,184.940841326));
#3159=CARTESIAN_POINT('',(9.27777783,3.682525284,171.204884149));
#3160=CARTESIAN_POINT('',(10.782590792,3.682525284,161.933527478));
#3161=CARTESIAN_POINT('',(13.688755239,3.682525284,133.950655595));
#3162=CARTESIAN_POINT('',(13.455548739,3.682525284,115.081101778));
#3163=CARTESIAN_POINT('',(8.96591991,3.682525284,77.857849239));
#3164=CARTESIAN_POINT('',(4.730741749,3.682525284,59.520909115));
#3165=CARTESIAN_POINT('',(-3.970464985,3.682525284,32.822851122));
#3166=CARTESIAN_POINT('',(-7.261081311,3.682525284,24.052278387));
#3167=CARTESIAN_POINT('',(-12.631448401,3.682525284,11.270760837));
#3168=CARTESIAN_POINT('',(-14.453389122,3.682525284,7.151896485));
#3169=CARTESIAN_POINT('',(-16.351993412,3.682525284,3.056487556));
#3170=B_SPLINE_SURFACE_WITH_KNOTS('',1,3,((#3138,#3139,#3140,#3141,#3142,#3143,#3144,#3145,#3146,#3147,#3148,#3149,#3150,#3151,#3152,#3153),(#3154,#3155,#3156,#3157,#3158,#3159,#3160,#3161,#3162,#3163,#3164,#3165,#3166,#3167,#3168,#3169)),.UNSPECIFIED.,.F.,.F.,.U.,(2,2),(4,2,2,2,2,2,2,4),(0.,1.),(0.011089969,0.032739633,0.099813219,0.233960393,0.502254739,0.770549086,0.904696259,0.96934322),.UNSPECIFIED.);
#3171=ORIENTED_EDGE('',*,*,#1301,.F.);
#3172=CARTESIAN_POINT('',(-18.166493969,1.682525284,3.897670903));
#3173=VERTEX_POINT('',#3172);
#3174=CARTESIAN_POINT('',(-15.969049495,3.681473402,3.887613691));
#3175=CARTESIAN_POINT('',(-16.701728735,3.015375878,3.889149237));
#3176=CARTESIAN_POINT('',(-17.434593572,2.34948737,3.890654294));
#3177=CARTESIAN_POINT('',(-18.167632273,1.683794455,3.892197044));
#3178=B_SPLINE_CURVE_WITH_KNOTS('',3,(#3174,#3175,#3176,#3177),.UNSPECIFIED.,.F.,.F.,(4,4),(0.011920395,0.014892579),.UNSPECIFIED.);
#3179=EDGE_CURVE('',#1280,#3173,#3178,.T.);
#3180=ORIENTED_EDGE('',*,*,#3179,.T.);
#3181=CARTESIAN_POINT('',(-18.140443445,1.708466336,3.892185533));
#3182=CARTESIAN_POINT('',(-18.101457591,1.699819319,4.017345323));
#3183=CARTESIAN_POINT('',(-18.054256536,1.691172302,4.139945497));
#3184=CARTESIAN_POINT('',(-17.999244807,1.682525284,4.258935327));
#3185=B_SPLINE_CURVE_WITH_KNOTS('',3,(#3181,#3182,#3183,#3184),.UNSPECIFIED.,.F.,.F.,(4,4),(0.,1.),.UNSPECIFIED.);
#3186=EDGE_CURVE('',#3173,#1837,#3185,.T.);
#3187=ORIENTED_EDGE('',*,*,#3186,.T.);
#3188=ORIENTED_EDGE('',*,*,#1843,.F.);
#3189=ORIENTED_EDGE('',*,*,#2494,.F.);
#3190=ORIENTED_EDGE('',*,*,#2554,.F.);
#3191=EDGE_LOOP('',(#3171,#3180,#3187,#3188,#3189,#3190));
#3192=FACE_BOUND('',#3191,.T.);
#3193=ADVANCED_FACE('',(#3192),#3170,.T.);
#3194=CARTESIAN_POINT('',(2.584198465,-48.909974716,198.361688634));
#3195=CARTESIAN_POINT('',(3.016206755,-48.909974716,196.914303154));
#3196=CARTESIAN_POINT('',(3.439209448,-48.909974716,195.462158276));
#3197=CARTESIAN_POINT('',(5.108979238,-48.909974716,189.489097138));
#3198=CARTESIAN_POINT('',(6.247345477,-48.909974716,184.940013686));
#3199=CARTESIAN_POINT('',(9.277809448,-48.909974716,171.204627611));
#3200=CARTESIAN_POINT('',(10.782642649,-48.909974716,161.933117482));
#3201=CARTESIAN_POINT('',(13.68872646,-48.909974716,133.95075405));
#3202=CARTESIAN_POINT('',(13.455392177,-48.909974716,115.080604163));
#3203=CARTESIAN_POINT('',(8.966400009,-48.909974716,77.861029329));
#3204=CARTESIAN_POINT('',(4.731006288,-48.909974716,59.521163564));
#3205=CARTESIAN_POINT('',(-3.971968923,-48.909974716,32.818515249));
#3206=CARTESIAN_POINT('',(-7.262647901,-48.909974716,24.048456442));
#3207=CARTESIAN_POINT('',(-12.630897256,-48.909974716,11.272117597));
#3208=CARTESIAN_POINT('',(-14.456026019,-48.909974716,7.146260966));
#3209=CARTESIAN_POINT('',(-16.351998688,-48.909974716,3.056479098));
#3210=CARTESIAN_POINT('',(0.667182675,-46.909974716,197.791557704));
#3211=CARTESIAN_POINT('',(1.096451058,-46.909974716,196.353417123));
#3212=CARTESIAN_POINT('',(1.516227421,-46.909974716,194.912359374));
#3213=CARTESIAN_POINT('',(3.173001674,-46.909974716,188.985785562));
#3214=CARTESIAN_POINT('',(4.302369713,-46.909974716,184.472609521));
#3215=CARTESIAN_POINT('',(7.308672124,-46.909974716,170.846734188));
#3216=CARTESIAN_POINT('',(8.801225476,-46.909974716,161.650609884));
#3217=CARTESIAN_POINT('',(11.683658429,-46.909974716,133.89597798));
#3218=CARTESIAN_POINT('',(11.452791426,-46.909974716,115.179213483));
#3219=CARTESIAN_POINT('',(6.99777992,-46.909974716,78.241382472));
#3220=CARTESIAN_POINT('',(2.793187786,-46.909974716,60.029647945));
#3221=CARTESIAN_POINT('',(-5.855388008,-46.909974716,33.493909044));
#3222=CARTESIAN_POINT('',(-9.126562036,-46.909974716,24.775440998));
#3223=CARTESIAN_POINT('',(-14.46508368,-46.909974716,12.06985358));
#3224=CARTESIAN_POINT('',(-16.280399895,-46.909974716,7.966145788));
#3225=CARTESIAN_POINT('',(-18.166498844,-46.909974716,3.897662303));
#3226=B_SPLINE_SURFACE_WITH_KNOTS('',1,3,((#3194,#3195,#3196,#3197,#3198,#3199,#3200,#3201,#3202,#3203,#3204,#3205,#3206,#3207,#3208,#3209),(#3210,#3211,#3212,#3213,#3214,#3215,#3216,#3217,#3218,#3219,#3220,#3221,#3222,#3223,#3224,#3225)),.UNSPECIFIED.,.F.,.F.,.U.,(2,2),(4,2,2,2,2,2,2,4),(0.,1.),(0.084062218,0.103269036,0.162780203,0.281802538,0.519847207,0.757891876,0.876914211,0.934252682),.UNSPECIFIED.);
#3227=ORIENTED_EDGE('',*,*,#1860,.F.);
#3228=CARTESIAN_POINT('',(-18.166498668,-46.909974716,3.897662221));
#3229=VERTEX_POINT('',#3228);
#3230=CARTESIAN_POINT('',(-17.999244807,-46.909975878,4.258935327));
#3231=CARTESIAN_POINT('',(-18.054257852,-46.918623338,4.139942649));
#3232=CARTESIAN_POINT('',(-18.10145985,-46.927270798,4.017339456));
#3233=CARTESIAN_POINT('',(-18.140446244,-46.935918258,3.892176548));
#3234=B_SPLINE_CURVE_WITH_KNOTS('',3,(#3230,#3231,#3232,#3233),.UNSPECIFIED.,.F.,.F.,(4,4),(0.,1.),.UNSPECIFIED.);
#3235=EDGE_CURVE('',#1846,#3229,#3234,.T.);
#3236=ORIENTED_EDGE('',*,*,#3235,.T.);
#3237=CARTESIAN_POINT('',(-18.167637851,-46.911244447,3.892186529));
#3238=CARTESIAN_POINT('',(-17.434602412,-47.576937815,3.890638998));
#3239=CARTESIAN_POINT('',(-16.701740602,-48.242827073,3.889131663));
#3240=CARTESIAN_POINT('',(-15.969064553,-48.908926025,3.887593381));
#3241=B_SPLINE_CURVE_WITH_KNOTS('',3,(#3237,#3238,#3239,#3240),.UNSPECIFIED.,.F.,.F.,(4,4),(0.011920406,0.014892588),.UNSPECIFIED.);
#3242=EDGE_CURVE('',#3229,#630,#3241,.T.);
#3243=ORIENTED_EDGE('',*,*,#3242,.T.);
#3244=ORIENTED_EDGE('',*,*,#639,.F.);
#3245=ORIENTED_EDGE('',*,*,#2452,.F.);
#3246=ORIENTED_EDGE('',*,*,#2502,.F.);
#3247=EDGE_LOOP('',(#3227,#3236,#3243,#3244,#3245,#3246));
#3248=FACE_BOUND('',#3247,.T.);
#3249=ADVANCED_FACE('',(#3248),#3226,.T.);
#3250=CARTESIAN_POINT('',(-15.276180019,-22.613724716,3.));
#3251=DIRECTION('',(0.,1.,0.));
#3252=DIRECTION('',(0.,-0.,1.));
#3253=AXIS2_PLACEMENT_3D('',#3250,#3251,#3252);
#3254=CYLINDRICAL_SURFACE('',#3253,3.);
#3255=CARTESIAN_POINT('',(-15.276180019,0.439882077,0.));
#3256=CARTESIAN_POINT('',(-15.500429502,0.539185814,0.));
#3257=CARTESIAN_POINT('',(-15.721633892,0.637146182,0.0248567));
#3258=CARTESIAN_POINT('',(-15.939503002,0.733632298,0.074251785));
#3259=CARTESIAN_POINT('',(-16.048437557,0.781875357,0.098949327));
#3260=CARTESIAN_POINT('',(-16.157069995,0.829985505,0.13002737));
#3261=CARTESIAN_POINT('',(-16.263528113,0.877133541,0.167131535));
#3262=CARTESIAN_POINT('',(-16.36998623,0.924281577,0.2042357));
#3263=CARTESIAN_POINT('',(-16.473950433,0.970325948,0.247179304));
#3264=CARTESIAN_POINT('',(-16.575430844,1.015271024,0.295938741));
#3265=CARTESIAN_POINT('',(-16.676911255,1.0602161,0.344698177));
#3266=CARTESIAN_POINT('',(-16.775908353,1.104062093,0.399272322));
#3267=CARTESIAN_POINT('',(-16.872335342,1.14677045,0.459864534));
#3268=CARTESIAN_POINT('',(-16.96876233,1.189478806,0.520456746));
#3269=CARTESIAN_POINT('',(-17.063141254,1.231280756,0.587515159));
#3270=CARTESIAN_POINT('',(-17.153152388,1.271148722,0.659706273));
#3271=CARTESIAN_POINT('',(-17.333174656,1.350884655,0.804088502));
#3272=CARTESIAN_POINT('',(-17.496208076,1.423098158,0.968502241));
#3273=CARTESIAN_POINT('',(-17.641162892,1.487305491,1.154232948));
#3274=CARTESIAN_POINT('',(-17.7136403,1.519409157,1.247098302));
#3275=CARTESIAN_POINT('',(-17.781491675,1.549463979,1.345470598));
#3276=CARTESIAN_POINT('',(-17.842864979,1.576649774,1.446897197));
#3277=CARTESIAN_POINT('',(-17.904238282,1.603835568,1.548323796));
#3278=CARTESIAN_POINT('',(-17.95962725,1.628370729,1.653385328));
#3279=CARTESIAN_POINT('',(-18.008899767,1.650196676,1.762162055));
#3280=CARTESIAN_POINT('',(-18.107444801,1.69384857,1.97971551));
#3281=CARTESIAN_POINT('',(-18.18153384,1.726668285,2.214330236));
#3282=CARTESIAN_POINT('',(-18.225674417,1.7462214,2.451836892));
#3283=CARTESIAN_POINT('',(-18.247744706,1.755997957,2.570590221));
#3284=CARTESIAN_POINT('',(-18.262683372,1.76261552,2.690743249));
#3285=CARTESIAN_POINT('',(-18.270304417,1.765991451,2.812332501));
#3286=CARTESIAN_POINT('',(-18.277925461,1.769367381,2.933921753));
#3287=CARTESIAN_POINT('',(-18.278095376,1.769442701,3.05748838));
#3288=CARTESIAN_POINT('',(-18.270839274,1.766228381,3.178929996));
#3289=CARTESIAN_POINT('',(-18.25632707,1.759799741,3.42181323));
#3290=CARTESIAN_POINT('',(-18.212899958,1.740563202,3.659571876));
#3291=CARTESIAN_POINT('',(-18.140443445,1.708466336,3.892185533));
#3292=B_SPLINE_CURVE_WITH_KNOTS('',3,(#3255,#3256,#3257,#3258,#3259,#3260,#3261,#3262,#3263,#3264,#3265,#3266,#3267,#3268,#3269,#3270,#3271,#3272,#3273,#3274,#3275,#3276,#3277,#3278,#3279,#3280,
#3281,#3282,#3283,#3284,#3285,#3286,#3287,#3288,#3289,#3290,#3291),.UNSPECIFIED.,.F.,.F.,(4,3,3,3,3,3,3,3,3,3,3,3,4),(0.,0.000726884,0.001090326,0.001453768,0.001817211,0.002180653,0.002907537,0.003270979,0.003634421,0.004361305,0.004724747,0.005088189,0.005815074),.UNSPECIFIED.);
#3293=EDGE_CURVE('',#1537,#3173,#3292,.T.);
#3294=ORIENTED_EDGE('',*,*,#3293,.F.);
#3295=ORIENTED_EDGE('',*,*,#1542,.F.);
#3296=CARTESIAN_POINT('',(-18.140446244,-46.935918258,3.892176548));
#3297=CARTESIAN_POINT('',(-18.212901911,-46.968014705,3.659563035));
#3298=CARTESIAN_POINT('',(-18.256328248,-46.98725087,3.421804659));
#3299=CARTESIAN_POINT('',(-18.270839762,-46.993679196,3.178921827));
#3300=CARTESIAN_POINT('',(-18.27809552,-46.996893359,3.057480411));
#3301=CARTESIAN_POINT('',(-18.277925282,-46.996817897,2.933914012));
#3302=CARTESIAN_POINT('',(-18.270303946,-46.993441842,2.81232499));
#3303=CARTESIAN_POINT('',(-18.262682609,-46.990065786,2.690735968));
#3304=CARTESIAN_POINT('',(-18.247743681,-46.983448116,2.570583192));
#3305=CARTESIAN_POINT('',(-18.225673162,-46.973671471,2.451830138));
#3306=CARTESIAN_POINT('',(-18.181532123,-46.95411818,2.214324029));
#3307=CARTESIAN_POINT('',(-18.10744275,-46.921298363,1.979709917));
#3308=CARTESIAN_POINT('',(-18.008897493,-46.877646437,1.762157036));
#3309=CARTESIAN_POINT('',(-17.959624865,-46.855820473,1.653380595));
#3310=CARTESIAN_POINT('',(-17.90423582,-46.831285316,1.548319358));
#3311=CARTESIAN_POINT('',(-17.842862475,-46.804099545,1.446893059));
#3312=CARTESIAN_POINT('',(-17.78148913,-46.776913775,1.345466761));
#3313=CARTESIAN_POINT('',(-17.713637751,-46.746858999,1.24709477));
#3314=CARTESIAN_POINT('',(-17.641160329,-46.714755378,1.154229664));
#3315=CARTESIAN_POINT('',(-17.496205484,-46.650548136,0.968499451));
#3316=CARTESIAN_POINT('',(-17.33317215,-46.578334795,0.804086203));
#3317=CARTESIAN_POINT('',(-17.153150097,-46.498599099,0.659704436));
#3318=CARTESIAN_POINT('',(-17.06313907,-46.458731252,0.587513553));
#3319=CARTESIAN_POINT('',(-16.968760214,-46.416929409,0.520455309));
#3320=CARTESIAN_POINT('',(-16.872333314,-46.37422117,0.45986326));
#3321=CARTESIAN_POINT('',(-16.775906413,-46.331512932,0.39927121));
#3322=CARTESIAN_POINT('',(-16.676909426,-46.287667073,0.34469722));
#3323=CARTESIAN_POINT('',(-16.575429151,-46.242722146,0.295937928));
#3324=CARTESIAN_POINT('',(-16.473948877,-46.197777219,0.247178635));
#3325=CARTESIAN_POINT('',(-16.369984836,-46.151733012,0.204235163));
#3326=CARTESIAN_POINT('',(-16.263526906,-46.104585156,0.167131114));
#3327=CARTESIAN_POINT('',(-16.157068977,-46.057437301,0.130027065));
#3328=CARTESIAN_POINT('',(-16.048436622,-46.009327291,0.098949083));
#3329=CARTESIAN_POINT('',(-15.939502183,-45.961084388,0.074251599));
#3330=CARTESIAN_POINT('',(-15.721633304,-45.864598582,0.02485663));
#3331=CARTESIAN_POINT('',(-15.500428635,-45.766639805,0.));
#3332=CARTESIAN_POINT('',(-15.276180019,-45.66733519,0.));
#3333=B_SPLINE_CURVE_WITH_KNOTS('',3,(#3296,#3297,#3298,#3299,#3300,#3301,#3302,#3303,#3304,#3305,#3306,#3307,#3308,#3309,#3310,#3311,#3312,#3313,#3314,#3315,#3316,#3317,#3318,#3319,#3320,#3321,
#3322,#3323,#3324,#3325,#3326,#3327,#3328,#3329,#3330,#3331,#3332),.UNSPECIFIED.,.F.,.F.,(4,3,3,3,3,3,3,3,3,3,3,3,4),(0.,0.000726883,0.001090324,0.001453766,0.002180649,0.00254409,0.002907532,0.003634415,0.003997856,0.004361297,0.004724739,0.00508818,0.005815063),.UNSPECIFIED.);
#3334=EDGE_CURVE('',#3229,#1528,#3333,.T.);
#3335=ORIENTED_EDGE('',*,*,#3334,.F.);
#3336=ORIENTED_EDGE('',*,*,#3235,.F.);
#3337=ORIENTED_EDGE('',*,*,#1851,.F.);
#3338=ORIENTED_EDGE('',*,*,#3186,.F.);
#3339=EDGE_LOOP('',(#3294,#3295,#3335,#3336,#3337,#3338));
#3340=FACE_BOUND('',#3339,.T.);
#3341=ADVANCED_FACE('',(#3340),#3254,.T.);
#3342=CARTESIAN_POINT('',(-16.261047034,-44.773604752,-0.));
#3343=CARTESIAN_POINT('',(-16.418342749,-44.946983714,-0.));
#3344=CARTESIAN_POINT('',(-16.575630611,-45.12035402,0.027525555));
#3345=CARTESIAN_POINT('',(-16.881641185,-45.457653707,0.136131614));
#3346=CARTESIAN_POINT('',(-17.030348618,-45.621566248,0.217206695));
#3347=CARTESIAN_POINT('',(-17.311084726,-45.931007195,0.428494092));
#3348=CARTESIAN_POINT('',(-17.443099385,-46.076520151,0.558695859));
#3349=CARTESIAN_POINT('',(-17.683246202,-46.341221614,0.861138362));
#3350=CARTESIAN_POINT('',(-17.791366372,-46.460396905,1.033363998));
#3351=CARTESIAN_POINT('',(-17.977823315,-46.665918787,1.410462646));
#3352=CARTESIAN_POINT('',(-18.056150781,-46.752255116,1.615316831));
#3353=CARTESIAN_POINT('',(-18.17874618,-46.887385707,2.046499991));
#3354=CARTESIAN_POINT('',(-18.223007992,-46.936173222,2.27280744));
#3355=CARTESIAN_POINT('',(-18.275053973,-46.993540825,2.73455304));
#3356=CARTESIAN_POINT('',(-18.282835543,-47.002118049,2.96996814));
#3357=CARTESIAN_POINT('',(-18.261492874,-46.978593125,3.437086855));
#3358=CARTESIAN_POINT('',(-18.2323697,-46.946492151,3.66876715));
#3359=CARTESIAN_POINT('',(-18.185586188,-46.894925096,3.892271844));
#3360=CARTESIAN_POINT('',(-15.521299228,-45.444730909,-0.));
#3361=CARTESIAN_POINT('',(-15.678581621,-45.618030019,-0.));
#3362=CARTESIAN_POINT('',(-15.835856171,-45.791320487,0.027509471));
#3363=CARTESIAN_POINT('',(-16.141845796,-46.128470303,0.136052928));
#3364=CARTESIAN_POINT('',(-16.290545612,-46.292312839,0.217081503));
#3365=CARTESIAN_POINT('',(-16.571277277,-46.601632579,0.428250544));
#3366=CARTESIAN_POINT('',(-16.703295126,-46.747094358,0.558380481));
#3367=CARTESIAN_POINT('',(-16.943463117,-47.011719666,0.860662005));
#3368=CARTESIAN_POINT('',(-17.051601281,-47.130869998,1.032798518));
#3369=CARTESIAN_POINT('',(-17.238111445,-47.336373293,1.409711898));
#3370=CARTESIAN_POINT('',(-17.316474145,-47.422716007,1.614469971));
#3371=CARTESIAN_POINT('',(-17.439157798,-47.557893085,2.045465595));
#3372=CARTESIAN_POINT('',(-17.483472634,-47.606720708,2.271681655));
#3373=CARTESIAN_POINT('',(-17.535640962,-47.664201605,2.733261304));
#3374=CARTESIAN_POINT('',(-17.543491853,-47.672852014,2.968601874));
#3375=CARTESIAN_POINT('',(-17.522300593,-47.649502823,3.43559986));
#3376=CARTESIAN_POINT('',(-17.4932595,-47.617504388,3.667233987));
#3377=CARTESIAN_POINT('',(-17.446561756,-47.566051254,3.890711599));
#3378=CARTESIAN_POINT('',(-14.781739738,-46.116064563,-0.));
#3379=CARTESIAN_POINT('',(-14.939008705,-46.2892842,-0.));
#3380=CARTESIAN_POINT('',(-15.096269838,-46.462495209,0.027493446));
#3381=CARTESIAN_POINT('',(-15.402238291,-46.799495865,0.135974534));
#3382=CARTESIAN_POINT('',(-15.550930371,-46.963268726,0.216956773));
#3383=CARTESIAN_POINT('',(-15.83165733,-47.272467828,0.428007891));
#3384=CARTESIAN_POINT('',(-15.963678227,-47.417878669,0.558066257));
#3385=CARTESIAN_POINT('',(-16.203867069,-47.682428171,0.860187373));
#3386=CARTESIAN_POINT('',(-16.312023052,-47.801553655,1.032235075));
#3387=CARTESIAN_POINT('',(-16.498586048,-48.007038435,1.40896382));
#3388=CARTESIAN_POINT('',(-16.57698377,-48.093387496,1.613626097));
#3389=CARTESIAN_POINT('',(-16.699755226,-48.228610827,2.04443478));
#3390=CARTESIAN_POINT('',(-16.744122847,-48.277478362,2.270559727));
#3391=CARTESIAN_POINT('',(-16.796413027,-48.335072015,2.731973878));
#3392=CARTESIAN_POINT('',(-16.804332983,-48.343795263,2.9672401));
#3393=CARTESIAN_POINT('',(-16.783292626,-48.320620994,3.434117579));
#3394=CARTESIAN_POINT('',(-16.754333362,-48.288724631,3.665705582));
#3395=CARTESIAN_POINT('',(-16.707721151,-48.237384908,3.889156067));
#3396=CARTESIAN_POINT('',(-14.042366172,-46.787602905,-0.));
#3397=CARTESIAN_POINT('',(-14.199621611,-46.960743445,-0.));
#3398=CARTESIAN_POINT('',(-14.356869226,-47.13387537,0.027477481));
#3399=CARTESIAN_POINT('',(-14.662816291,-47.470727567,0.135896429));
#3400=CARTESIAN_POINT('',(-14.811500521,-47.634431079,0.216832503));
#3401=CARTESIAN_POINT('',(-15.092222518,-47.943510107,0.427766124));
#3402=CARTESIAN_POINT('',(-15.22424632,-48.088870245,0.557753177));
#3403=CARTESIAN_POINT('',(-15.4644557,-48.353344287,0.859714453));
#3404=CARTESIAN_POINT('',(-15.572629326,-48.472445033,1.031673654));
#3405=CARTESIAN_POINT('',(-15.759244773,-48.67791137,1.408218389));
#3406=CARTESIAN_POINT('',(-15.837677308,-48.76426674,1.612785189));
#3407=CARTESIAN_POINT('',(-15.960536123,-48.899536093,2.043407519));
#3408=CARTESIAN_POINT('',(-16.00495629,-48.948443347,2.269441626));
#3409=CARTESIAN_POINT('',(-16.057367831,-49.006149221,2.730690734));
#3410=CARTESIAN_POINT('',(-16.065356598,-49.01494497,2.965882789));
#3411=CARTESIAN_POINT('',(-16.04446664,-48.991944821,3.432639985));
#3412=CARTESIAN_POINT('',(-16.015588954,-48.960150067,3.664181906));
#3413=CARTESIAN_POINT('',(-15.969062038,-48.908923251,3.887605223));
#3414=B_SPLINE_SURFACE_WITH_KNOTS('',3,3,((#3342,#3343,#3344,#3345,#3346,#3347,#3348,#3349,#3350,#3351,#3352,#3353,#3354,#3355,#3356,#3357,#3358,#3359),(#3360,#3361,#3362,#3363,#3364,#3365,#3366,#3367,#3368,#3369,#3370,#3371,#3372,#3373,#3374,#3375,#3376,#3377),(#3378,#3379,#3380,#3381,#3382,#3383,#3384,#3385,#3386,#3387,#3388,#3389,#3390,#3391,#3392,#3393,#3394,#3395),(#3396,#3397,#3398,#3399,#3400,#3401,#3402,#3403,#3404,#3405,#3406,#3407,#3408,#3409,#3410,#3411,#3412,#3413)),.UNSPECIFIED.,.F.,.F.,.U.,(4,4),(4,2,2,2,2,2,2,2,4),(0.011896134,0.014892588),(0.,0.125,0.25,0.375,0.5,0.625,0.75,0.875,1.),.UNSPECIFIED.);
#3415=ORIENTED_EDGE('',*,*,#3334,.T.);
#3416=ORIENTED_EDGE('',*,*,#1534,.F.);
#3417=CARTESIAN_POINT('',(-16.167680208,-48.909974716,3.));
#3418=CARTESIAN_POINT('',(-16.167680208,-48.909974716,2.794627039));
#3419=CARTESIAN_POINT('',(-16.159619298,-48.889109305,2.593122684));
#3420=CARTESIAN_POINT('',(-16.143891751,-48.848398651,2.395297778));
#3421=CARTESIAN_POINT('',(-16.128164204,-48.807687997,2.197472872));
#3422=CARTESIAN_POINT('',(-16.104325836,-48.74598231,2.001312097));
#3423=CARTESIAN_POINT('',(-16.073732722,-48.666790703,1.816798574));
#3424=CARTESIAN_POINT('',(-16.043139608,-48.587599095,1.632285052));
#3425=CARTESIAN_POINT('',(-16.005862815,-48.491105535,1.458060407));
#3426=CARTESIAN_POINT('',(-15.962027507,-48.377632443,1.293932785));
#3427=CARTESIAN_POINT('',(-15.940109853,-48.320895896,1.211868974));
#3428=CARTESIAN_POINT('',(-15.916544183,-48.259892736,1.132482524));
#3429=CARTESIAN_POINT('',(-15.891860879,-48.19599573,1.05729366));
#3430=CARTESIAN_POINT('',(-15.867177576,-48.132098723,0.982104797));
#3431=CARTESIAN_POINT('',(-15.841259542,-48.065004755,0.910652337));
#3432=CARTESIAN_POINT('',(-15.814146227,-47.994815739,0.842817136));
#3433=CARTESIAN_POINT('',(-15.787032911,-47.924626723,0.774981935));
#3434=CARTESIAN_POINT('',(-15.758724109,-47.851342131,0.710764611));
#3435=CARTESIAN_POINT('',(-15.729224036,-47.77497266,0.650152629));
#3436=CARTESIAN_POINT('',(-15.699723963,-47.698603189,0.589540646));
#3437=CARTESIAN_POINT('',(-15.668890142,-47.61877998,0.532331941));
#3438=CARTESIAN_POINT('',(-15.637426755,-47.537325843,0.47973646));
#3439=CARTESIAN_POINT('',(-15.574499982,-47.374417568,0.374545498));
#3440=CARTESIAN_POINT('',(-15.508728018,-47.204139268,0.286765344));
#3441=CARTESIAN_POINT('',(-15.440235275,-47.026811859,0.215637453));
#3442=CARTESIAN_POINT('',(-15.371742532,-46.849484451,0.144509561));
#3443=CARTESIAN_POINT('',(-15.300033497,-46.663824912,0.090038375));
#3444=CARTESIAN_POINT('',(-15.227906719,-46.477078053,0.054088629));
#3445=CARTESIAN_POINT('',(-15.155779941,-46.290331194,0.018138883));
#3446=CARTESIAN_POINT('',(-15.08273889,-46.10121309,0.));
#3447=CARTESIAN_POINT('',(-15.008882426,-45.909974716,0.));
#3448=B_SPLINE_CURVE_WITH_KNOTS('',3,(#3417,#3418,#3419,#3420,#3421,#3422,#3423,#3424,#3425,#3426,#3427,#3428,#3429,#3430,#3431,#3432,#3433,#3434,#3435,#3436,#3437,#3438,#3439,#3440,#3441,#3442,
#3443,#3444,#3445,#3446,#3447),.UNSPECIFIED.,.F.,.F.,(4,3,3,3,3,3,3,3,3,3,4),(0.,0.000607106,0.001214212,0.001821318,0.002124871,0.002428424,0.002731977,0.00303553,0.003642636,0.004249742,0.004856848),.UNSPECIFIED.);
#3449=EDGE_CURVE('',#642,#1520,#3448,.T.);
#3450=ORIENTED_EDGE('',*,*,#3449,.F.);
#3451=ORIENTED_EDGE('',*,*,#651,.F.);
#3452=ORIENTED_EDGE('',*,*,#3242,.F.);
#3453=EDGE_LOOP('',(#3415,#3416,#3450,#3451,#3452));
#3454=FACE_BOUND('',#3453,.T.);
#3455=ADVANCED_FACE('',(#3454),#3414,.T.);
#3456=CARTESIAN_POINT('',(-18.185584431,1.667472445,3.892280542));
#3457=CARTESIAN_POINT('',(-18.232368421,1.719040136,3.668775697));
#3458=CARTESIAN_POINT('',(-18.261492053,1.751141682,3.437095145));
#3459=CARTESIAN_POINT('',(-18.282835566,1.774667586,2.969975757));
#3460=CARTESIAN_POINT('',(-18.275054382,1.766090769,2.734560241));
#3461=CARTESIAN_POINT('',(-18.223009083,1.708723797,2.272813716));
#3462=CARTESIAN_POINT('',(-18.178747566,1.659936506,2.046505758));
#3463=CARTESIAN_POINT('',(-18.05615266,1.524806174,1.615321552));
#3464=CARTESIAN_POINT('',(-17.977825391,1.43846988,1.410466831));
#3465=CARTESIAN_POINT('',(-17.791368744,1.232947895,1.033367151));
#3466=CARTESIAN_POINT('',(-17.683248676,1.113772464,0.861141018));
#3467=CARTESIAN_POINT('',(-17.443101977,0.849070576,0.558697617));
#3468=CARTESIAN_POINT('',(-17.311087336,0.703557335,0.428495449));
#3469=CARTESIAN_POINT('',(-17.030351204,0.394115712,0.217207393));
#3470=CARTESIAN_POINT('',(-16.881643728,0.23020278,0.136132052));
#3471=CARTESIAN_POINT('',(-16.575633039,-0.107097743,0.027525645));
#3472=CARTESIAN_POINT('',(-16.418345102,-0.280468495,0.));
#3473=CARTESIAN_POINT('',(-16.261049313,-0.453847902,-0.));
#3474=CARTESIAN_POINT('',(-17.446555593,2.338599191,3.890725134));
#3475=CARTESIAN_POINT('',(-17.49325408,2.390053313,3.667247287));
#3476=CARTESIAN_POINT('',(-17.522295886,2.422052638,3.435612759));
#3477=CARTESIAN_POINT('',(-17.543488458,2.445403352,2.968613726));
#3478=CARTESIAN_POINT('',(-17.535638169,2.436753578,2.733272508));
#3479=CARTESIAN_POINT('',(-17.483470902,2.379273662,2.27169142));
#3480=CARTESIAN_POINT('',(-17.439156526,2.330446387,2.045474567));
#3481=CARTESIAN_POINT('',(-17.316473638,2.195269712,1.614477316));
#3482=CARTESIAN_POINT('',(-17.238111244,2.108927052,1.40971841));
#3483=CARTESIAN_POINT('',(-17.051601542,1.903423596,1.032803422));
#3484=CARTESIAN_POINT('',(-16.943463534,1.784273047,0.860666136));
#3485=CARTESIAN_POINT('',(-16.703295727,1.519647078,0.558383216));
#3486=CARTESIAN_POINT('',(-16.571277905,1.374184855,0.428252656));
#3487=CARTESIAN_POINT('',(-16.290546202,1.064864063,0.217082589));
#3488=CARTESIAN_POINT('',(-16.14184632,0.90102092,0.136053611));
#3489=CARTESIAN_POINT('',(-15.835856514,0.563869803,0.02750961));
#3490=CARTESIAN_POINT('',(-15.678581848,0.390578642,0.));
#3491=CARTESIAN_POINT('',(-15.52129934,0.21727884,-0.));
#3492=CARTESIAN_POINT('',(-16.707710553,3.00993282,3.889173313));
#3493=CARTESIAN_POINT('',(-16.754323712,3.0612738,3.665722526));
#3494=CARTESIAN_POINT('',(-16.783283883,3.093171296,3.434134013));
#3495=CARTESIAN_POINT('',(-16.804325912,3.116347504,2.967255197));
#3496=CARTESIAN_POINT('',(-16.796406722,3.107625062,2.731988151));
#3497=CARTESIAN_POINT('',(-16.744117893,3.050032659,2.270572164));
#3498=CARTESIAN_POINT('',(-16.699750858,3.001165566,2.044446208));
#3499=CARTESIAN_POINT('',(-16.576980376,2.865942747,1.613635453));
#3500=CARTESIAN_POINT('',(-16.498583043,2.779593756,1.408972113));
#3501=CARTESIAN_POINT('',(-16.312020633,2.574108769,1.032241321));
#3502=CARTESIAN_POINT('',(-16.203864849,2.454983009,0.860192635));
#3503=CARTESIAN_POINT('',(-15.96367624,2.190432665,0.55806974));
#3504=CARTESIAN_POINT('',(-15.831655378,2.045021258,0.428010581));
#3505=CARTESIAN_POINT('',(-15.550928369,1.735820816,0.216958156));
#3506=CARTESIAN_POINT('',(-15.402236203,1.572047182,0.135975403));
#3507=CARTESIAN_POINT('',(-15.096267518,1.235044871,0.027493624));
#3508=CARTESIAN_POINT('',(-14.939006237,1.06183298,-0.));
#3509=CARTESIAN_POINT('',(-14.781737123,0.888612461,-0.));
#3510=CARTESIAN_POINT('',(-15.969047107,3.681470761,3.887625226));
#3511=CARTESIAN_POINT('',(-16.015575123,3.732699033,3.664201558));
#3512=CARTESIAN_POINT('',(-16.04445386,3.764495099,3.432659043));
#3513=CARTESIAN_POINT('',(-16.065345757,3.787497494,2.965900295));
#3514=CARTESIAN_POINT('',(-16.057357878,3.77870268,2.730707285));
#3515=CARTESIAN_POINT('',(-16.004947903,3.720998253,2.269456047));
#3516=CARTESIAN_POINT('',(-15.960528414,3.672091511,2.043420769));
#3517=CARTESIAN_POINT('',(-15.837670728,3.53682275,1.612796035));
#3518=CARTESIAN_POINT('',(-15.759238643,3.450467461,1.408228004));
#3519=CARTESIAN_POINT('',(-15.572623876,3.245000884,1.031680896));
#3520=CARTESIAN_POINT('',(-15.464450479,3.125899817,0.859720553));
#3521=CARTESIAN_POINT('',(-15.224241368,2.861424799,0.557757215));
#3522=CARTESIAN_POINT('',(-15.092217605,2.716064005,0.427769242));
#3523=CARTESIAN_POINT('',(-14.811495547,2.406983425,0.216834106));
#3524=CARTESIAN_POINT('',(-14.662811219,2.243279016,0.135897436));
#3525=CARTESIAN_POINT('',(-14.356863882,1.906424901,0.027477686));
#3526=CARTESIAN_POINT('',(-14.199616095,1.733291953,-0.));
#3527=CARTESIAN_POINT('',(-14.042360484,1.560150392,-0.));
#3528=B_SPLINE_SURFACE_WITH_KNOTS('',3,3,((#3456,#3457,#3458,#3459,#3460,#3461,#3462,#3463,#3464,#3465,#3466,#3467,#3468,#3469,#3470,#3471,#3472,#3473),(#3474,#3475,#3476,#3477,#3478,#3479,#3480,#3481,#3482,#3483,#3484,#3485,#3486,#3487,#3488,#3489,#3490,#3491),(#3492,#3493,#3494,#3495,#3496,#3497,#3498,#3499,#3500,#3501,#3502,#3503,#3504,#3505,#3506,#3507,#3508,#3509),(#3510,#3511,#3512,#3513,#3514,#3515,#3516,#3517,#3518,#3519,#3520,#3521,#3522,#3523,#3524,#3525,#3526,#3527)),.UNSPECIFIED.,.F.,.F.,.U.,(4,4),(4,2,2,2,2,2,2,2,4),(0.011896119,0.014892579),(0.,0.125,0.25,0.375,0.5,0.625,0.75,0.875,1.),.UNSPECIFIED.);
#3529=ORIENTED_EDGE('',*,*,#3179,.F.);
#3530=ORIENTED_EDGE('',*,*,#1289,.F.);
#3531=CARTESIAN_POINT('',(-15.008877394,0.682525284,0.));
#3532=CARTESIAN_POINT('',(-15.082734769,0.873763259,0.000000839));
#3533=CARTESIAN_POINT('',(-15.155774514,1.062881826,0.018138889));
#3534=CARTESIAN_POINT('',(-15.227901092,1.249628719,0.054088648));
#3535=CARTESIAN_POINT('',(-15.30002767,1.436375613,0.090038407));
#3536=CARTESIAN_POINT('',(-15.371736498,1.622035179,0.144509612));
#3537=CARTESIAN_POINT('',(-15.440229035,1.799362602,0.215637523));
#3538=CARTESIAN_POINT('',(-15.508721572,1.976690026,0.286765433));
#3539=CARTESIAN_POINT('',(-15.574493336,2.146968341,0.37454561));
#3540=CARTESIAN_POINT('',(-15.637419913,2.309876631,0.479736602));
#3541=CARTESIAN_POINT('',(-15.668883202,2.391330776,0.532332098));
#3542=CARTESIAN_POINT('',(-15.699716923,2.471153985,0.589540815));
#3543=CARTESIAN_POINT('',(-15.729216899,2.547523451,0.650152806));
#3544=CARTESIAN_POINT('',(-15.758716874,2.623892918,0.710764796));
#3545=CARTESIAN_POINT('',(-15.787025582,2.697177506,0.774982128));
#3546=CARTESIAN_POINT('',(-15.814138806,2.767366516,0.842817338));
#3547=CARTESIAN_POINT('',(-15.84125203,2.837555526,0.910652547));
#3548=CARTESIAN_POINT('',(-15.867169975,2.90464949,0.982105014));
#3549=CARTESIAN_POINT('',(-15.891853194,2.96854649,1.057293885));
#3550=CARTESIAN_POINT('',(-15.916536413,3.03244349,1.132482756));
#3551=CARTESIAN_POINT('',(-15.940102001,3.093446644,1.211869215));
#3552=CARTESIAN_POINT('',(-15.962019576,3.150183176,1.293933024));
#3553=CARTESIAN_POINT('',(-16.005854725,3.263656242,1.45806064));
#3554=CARTESIAN_POINT('',(-16.043131381,3.360149776,1.632285275));
#3555=CARTESIAN_POINT('',(-16.073724381,3.439341361,1.816798782));
#3556=CARTESIAN_POINT('',(-16.104317381,3.518532945,2.001312289));
#3557=CARTESIAN_POINT('',(-16.128155657,3.580238607,2.197473032));
#3558=CARTESIAN_POINT('',(-16.143883143,3.620949245,2.395297901));
#3559=CARTESIAN_POINT('',(-16.159610629,3.661659882,2.59312277));
#3560=CARTESIAN_POINT('',(-16.167671507,3.682525284,2.794627084));
#3561=CARTESIAN_POINT('',(-16.167671507,3.682525284,3.));
#3562=B_SPLINE_CURVE_WITH_KNOTS('',3,(#3531,#3532,#3533,#3534,#3535,#3536,#3537,#3538,#3539,#3540,#3541,#3542,#3543,#3544,#3545,#3546,#3547,#3548,#3549,#3550,#3551,#3552,#3553,#3554,#3555,#3556,
#3557,#3558,#3559,#3560,#3561),.UNSPECIFIED.,.F.,.F.,(4,3,3,3,3,3,3,3,3,3,4),(0.,0.000607106,0.001214212,0.001821318,0.002124871,0.002428424,0.002731976,0.003035529,0.003642635,0.004249741,0.004856847),.UNSPECIFIED.);
#3563=EDGE_CURVE('',#1545,#1272,#3562,.T.);
#3564=ORIENTED_EDGE('',*,*,#3563,.F.);
#3565=ORIENTED_EDGE('',*,*,#1551,.F.);
#3566=ORIENTED_EDGE('',*,*,#3293,.T.);
#3567=EDGE_LOOP('',(#3529,#3530,#3564,#3565,#3566));
#3568=FACE_BOUND('',#3567,.T.);
#3569=ADVANCED_FACE('',(#3568),#3528,.T.);
#3570=CARTESIAN_POINT('',(0.,-45.909974716,3.));
#3571=DIRECTION('',(-1.,0.,0.));
#3572=DIRECTION('',(0.,0.,1.));
#3573=AXIS2_PLACEMENT_3D('',#3570,#3571,#3572);
#3574=CYLINDRICAL_SURFACE('',#3573,3.);
#3575=ORIENTED_EDGE('',*,*,#3449,.T.);
#3576=ORIENTED_EDGE('',*,*,#1525,.F.);
#3577=CARTESIAN_POINT('',(196.757359313,-45.909974716,3.));
#3578=DIRECTION('',(0.923879533,0.382683432,-0.));
#3579=DIRECTION('',(0.382683432,-0.923879533,0.));
#3580=AXIS2_PLACEMENT_3D('',#3577,#3578,#3579);
#3581=ELLIPSE('',#3580,3.247176601,3.);
#3582=EDGE_CURVE('',#654,#1512,#3581,.T.);
#3583=ORIENTED_EDGE('',*,*,#3582,.F.);
#3584=ORIENTED_EDGE('',*,*,#659,.F.);
#3585=EDGE_LOOP('',(#3575,#3576,#3583,#3584));
#3586=FACE_BOUND('',#3585,.T.);
#3587=ADVANCED_FACE('',(#3586),#3574,.T.);
#3588=CARTESIAN_POINT('',(-10.,0.682525284,3.));
#3589=DIRECTION('',(1.,0.,0.));
#3590=DIRECTION('',(0.,0.,-1.));
#3591=AXIS2_PLACEMENT_3D('',#3588,#3589,#3590);
#3592=CYLINDRICAL_SURFACE('',#3591,3.);
#3593=ORIENTED_EDGE('',*,*,#3563,.T.);
#3594=ORIENTED_EDGE('',*,*,#1277,.F.);
#3595=CARTESIAN_POINT('',(196.757359313,0.682525284,3.));
#3596=DIRECTION('',(0.923879533,-0.382683432,0.));
#3597=DIRECTION('',(0.382683432,0.923879533,0.));
#3598=AXIS2_PLACEMENT_3D('',#3595,#3596,#3597);
#3599=ELLIPSE('',#3598,3.247176601,3.);
#3600=EDGE_CURVE('',#1494,#1264,#3599,.T.);
#3601=ORIENTED_EDGE('',*,*,#3600,.F.);
#3602=ORIENTED_EDGE('',*,*,#1557,.F.);
#3603=EDGE_LOOP('',(#3593,#3594,#3601,#3602));
#3604=FACE_BOUND('',#3603,.T.);
#3605=ADVANCED_FACE('',(#3604),#3592,.T.);
#3606=CARTESIAN_POINT('',(31.333667014,-211.333667014,3.));
#3607=DIRECTION('',(-0.707106781,-0.707106781,0.));
#3608=DIRECTION('',(0.707106781,-0.707106781,0.));
#3609=AXIS2_PLACEMENT_3D('',#3606,#3607,#3608);
#3610=CYLINDRICAL_SURFACE('',#3609,3.);
#3611=ORIENTED_EDGE('',*,*,#3582,.T.);
#3612=ORIENTED_EDGE('',*,*,#1517,.F.);
#3613=CARTESIAN_POINT('',(197.,-45.667334028,3.));
#3614=DIRECTION('',(0.382683432,0.923879533,-0.));
#3615=DIRECTION('',(-0.923879533,0.382683432,0.));
#3616=AXIS2_PLACEMENT_3D('',#3613,#3614,#3615);
#3617=ELLIPSE('',#3616,3.247176601,3.);
#3618=EDGE_CURVE('',#720,#1504,#3617,.T.);
#3619=ORIENTED_EDGE('',*,*,#3618,.F.);
#3620=ORIENTED_EDGE('',*,*,#3036,.F.);
#3621=EDGE_LOOP('',(#3611,#3612,#3619,#3620));
#3622=FACE_BOUND('',#3621,.T.);
#3623=ADVANCED_FACE('',(#3622),#3610,.T.);
#3624=CARTESIAN_POINT('',(178.719942299,18.719942299,3.));
#3625=DIRECTION('',(-0.707106781,0.707106781,0.));
#3626=DIRECTION('',(-0.707106781,-0.707106781,0.));
#3627=AXIS2_PLACEMENT_3D('',#3624,#3625,#3626);
#3628=CYLINDRICAL_SURFACE('',#3627,3.);
#3629=ORIENTED_EDGE('',*,*,#3600,.T.);
#3630=ORIENTED_EDGE('',*,*,#3054,.F.);
#3631=CARTESIAN_POINT('',(197.,0.439884597,3.));
#3632=DIRECTION('',(0.382683432,-0.923879533,-0.));
#3633=DIRECTION('',(-0.923879533,-0.382683432,0.));
#3634=AXIS2_PLACEMENT_3D('',#3631,#3632,#3633);
#3635=ELLIPSE('',#3634,3.247176601,3.);
#3636=EDGE_CURVE('',#1496,#728,#3635,.T.);
#3637=ORIENTED_EDGE('',*,*,#3636,.F.);
#3638=ORIENTED_EDGE('',*,*,#1501,.F.);
#3639=EDGE_LOOP('',(#3629,#3630,#3637,#3638));
#3640=FACE_BOUND('',#3639,.T.);
#3641=ADVANCED_FACE('',(#3640),#3628,.T.);
#3642=CARTESIAN_POINT('',(197.,-170.,3.));
#3643=DIRECTION('',(0.,-1.,0.));
#3644=DIRECTION('',(0.,0.,-1.));
#3645=AXIS2_PLACEMENT_3D('',#3642,#3643,#3644);
#3646=CYLINDRICAL_SURFACE('',#3645,3.);
#3647=ORIENTED_EDGE('',*,*,#3618,.T.);
#3648=ORIENTED_EDGE('',*,*,#1509,.F.);
#3649=ORIENTED_EDGE('',*,*,#3636,.T.);
#3650=ORIENTED_EDGE('',*,*,#733,.F.);
#3651=EDGE_LOOP('',(#3647,#3648,#3649,#3650));
#3652=FACE_BOUND('',#3651,.T.);
#3653=ADVANCED_FACE('',(#3652),#3646,.T.);
#3654=CARTESIAN_POINT('',(1418.261611787,-170.,-1482.525908293));
#3655=DIRECTION('',(0.,1.,0.));
#3656=DIRECTION('',(0.,-0.,1.));
#3657=AXIS2_PLACEMENT_3D('',#3654,#3655,#3656);
#3658=CYLINDRICAL_SURFACE('',#3657,2000.);
#3659=ORIENTED_EDGE('',*,*,#1476,.F.);
#3660=CARTESIAN_POINT('',(1418.261611787,-4.317474716,-1482.525908293));
#3661=DIRECTION('',(0.,1.,0.));
#3662=DIRECTION('',(0.,-0.,1.));
#3663=AXIS2_PLACEMENT_3D('',#3660,#3661,#3662);
#3664=CIRCLE('',#3663,2000.);
#3665=EDGE_CURVE('',#1462,#1150,#3664,.T.);
#3666=ORIENTED_EDGE('',*,*,#3665,.T.);
#3667=ORIENTED_EDGE('',*,*,#1155,.F.);
#3668=CARTESIAN_POINT('',(1418.261611787,1.682525284,-1482.525908293));
#3669=DIRECTION('',(0.,-1.,0.));
#3670=DIRECTION('',(0.,0.,-1.));
#3671=AXIS2_PLACEMENT_3D('',#3668,#3669,#3670);
#3672=CIRCLE('',#3671,2000.);
#3673=EDGE_CURVE('',#1148,#1471,#3672,.T.);
#3674=ORIENTED_EDGE('',*,*,#3673,.T.);
#3675=EDGE_LOOP('',(#3659,#3666,#3667,#3674));
#3676=FACE_BOUND('',#3675,.T.);
#3677=ADVANCED_FACE('',(#3676),#3658,.T.);
#3678=CARTESIAN_POINT('',(24.769175536,1.682525284,200.));
#3679=DIRECTION('',(-0.5,-0.707106781,-0.5));
#3680=DIRECTION('',(-0.707106781,0.,0.707106781));
#3681=AXIS2_PLACEMENT_3D('',#3678,#3679,#3680);
#3682=PLANE('',#3681);
#3683=ORIENTED_EDGE('',*,*,#2548,.F.);
#3684=ORIENTED_EDGE('',*,*,#2606,.F.);
#3685=CARTESIAN_POINT('',(42.769175536,3.682525284,179.171572875));
#3686=DIRECTION('',(0.678598345,-0.678598345,0.281084638));
#3687=VECTOR('',#3686,2.947251516);
#3688=LINE('',#3685,#3687);
#3689=EDGE_CURVE('',#1312,#2279,#3688,.T.);
#3690=ORIENTED_EDGE('',*,*,#3689,.F.);
#3691=ORIENTED_EDGE('',*,*,#1317,.F.);
#3692=EDGE_LOOP('',(#3683,#3684,#3690,#3691));
#3693=FACE_BOUND('',#3692,.T.);
#3694=ADVANCED_FACE('',(#3693),#3682,.F.);
#3695=CARTESIAN_POINT('',(44.769175536,1.682525284,160.132704448));
#3696=DIRECTION('',(0.707106781,0.707106781,0.));
#3697=DIRECTION('',(0.,0.,-1.));
#3698=AXIS2_PLACEMENT_3D('',#3695,#3696,#3697);
#3699=PLANE('',#3698);
#3700=ORIENTED_EDGE('',*,*,#3689,.T.);
#3701=ORIENTED_EDGE('',*,*,#2299,.F.);
#3702=CARTESIAN_POINT('',(42.769175536,3.682525284,120.265408896));
#3703=DIRECTION('',(0.707106781,-0.707106781,0.));
#3704=VECTOR('',#3703,2.828427125);
#3705=LINE('',#3702,#3704);
#3706=EDGE_CURVE('',#1245,#1445,#3705,.T.);
#3707=ORIENTED_EDGE('',*,*,#3706,.F.);
#3708=ORIENTED_EDGE('',*,*,#1323,.F.);
#3709=EDGE_LOOP('',(#3700,#3701,#3707,#3708));
#3710=FACE_BOUND('',#3709,.T.);
#3711=ADVANCED_FACE('',(#3710),#3699,.T.);
#3712=CARTESIAN_POINT('',(112.269175536,1.682525284,120.265408896));
#3713=DIRECTION('',(0.,1.,0.));
#3714=DIRECTION('',(0.,-0.,1.));
#3715=AXIS2_PLACEMENT_3D('',#3712,#3713,#3714);
#3716=CONICAL_SURFACE('',#3715,67.5,45.);
#3717=ORIENTED_EDGE('',*,*,#3706,.T.);
#3718=ORIENTED_EDGE('',*,*,#1483,.F.);
#3719=CARTESIAN_POINT('',(156.170738739,3.682525284,66.386816224));
#3720=DIRECTION('',(-0.446663171,-0.707106781,0.548171517));
#3721=VECTOR('',#3720,2.828427125);
#3722=LINE('',#3719,#3721);
#3723=EDGE_CURVE('',#1247,#1471,#3722,.T.);
#3724=ORIENTED_EDGE('',*,*,#3723,.F.);
#3725=ORIENTED_EDGE('',*,*,#1253,.F.);
#3726=EDGE_LOOP('',(#3717,#3718,#3724,#3725));
#3727=FACE_BOUND('',#3726,.T.);
#3728=ADVANCED_FACE('',(#3727),#3716,.F.);
#3729=CARTESIAN_POINT('',(1418.261611787,3.682525284,-1482.525908293));
#3730=DIRECTION('',(0.,-1.,0.));
#3731=DIRECTION('',(0.,0.,-1.));
#3732=AXIS2_PLACEMENT_3D('',#3729,#3730,#3731);
#3733=CONICAL_SURFACE('',#3732,1998.,45.);
#3734=ORIENTED_EDGE('',*,*,#3723,.T.);
#3735=ORIENTED_EDGE('',*,*,#3673,.F.);
#3736=ORIENTED_EDGE('',*,*,#1170,.F.);
#3737=ORIENTED_EDGE('',*,*,#1115,.F.);
#3738=ORIENTED_EDGE('',*,*,#1195,.F.);
#3739=ORIENTED_EDGE('',*,*,#1260,.F.);
#3740=EDGE_LOOP('',(#3734,#3735,#3736,#3737,#3738,#3739));
#3741=FACE_BOUND('',#3740,.T.);
#3742=ADVANCED_FACE('',(#3741),#3733,.T.);
#3743=CARTESIAN_POINT('',(1418.261611787,-6.317474716,-1482.525908293));
#3744=DIRECTION('',(0.,1.,0.));
#3745=DIRECTION('',(0.,-0.,1.));
#3746=AXIS2_PLACEMENT_3D('',#3743,#3744,#3745);
#3747=CONICAL_SURFACE('',#3746,1998.,45.);
#3748=ORIENTED_EDGE('',*,*,#1162,.F.);
#3749=ORIENTED_EDGE('',*,*,#3665,.F.);
#3750=CARTESIAN_POINT('',(156.170738852,-6.317474716,66.386816316));
#3751=DIRECTION('',(-0.44666321,0.707106781,0.548171485));
#3752=VECTOR('',#3751,2.828427125);
#3753=LINE('',#3750,#3752);
#3754=EDGE_CURVE('',#1410,#1462,#3753,.T.);
#3755=ORIENTED_EDGE('',*,*,#3754,.F.);
#3756=ORIENTED_EDGE('',*,*,#1416,.F.);
#3757=ORIENTED_EDGE('',*,*,#1220,.F.);
#3758=ORIENTED_EDGE('',*,*,#1084,.F.);
#3759=EDGE_LOOP('',(#3748,#3749,#3755,#3756,#3757,#3758));
#3760=FACE_BOUND('',#3759,.T.);
#3761=ADVANCED_FACE('',(#3760),#3747,.T.);
#3762=CARTESIAN_POINT('',(112.269175536,-4.317474716,120.265408896));
#3763=DIRECTION('',(0.,-1.,0.));
#3764=DIRECTION('',(0.,0.,-1.));
#3765=AXIS2_PLACEMENT_3D('',#3762,#3763,#3764);
#3766=CONICAL_SURFACE('',#3765,67.5,45.);
#3767=CARTESIAN_POINT('',(112.269175536,-6.317474716,50.765408896));
#3768=DIRECTION('',(-0.,0.707106781,0.707106781));
#3769=VECTOR('',#3768,2.828427125);
#3770=LINE('',#3767,#3769);
#3771=EDGE_CURVE('',#1419,#1453,#3770,.T.);
#3772=ORIENTED_EDGE('',*,*,#3771,.F.);
#3773=ORIENTED_EDGE('',*,*,#1425,.F.);
#3774=ORIENTED_EDGE('',*,*,#3754,.T.);
#3775=ORIENTED_EDGE('',*,*,#1468,.F.);
#3776=EDGE_LOOP('',(#3772,#3773,#3774,#3775));
#3777=FACE_BOUND('',#3776,.T.);
#3778=ADVANCED_FACE('',(#3777),#3766,.F.);
#3779=CARTESIAN_POINT('',(42.769175536,-6.317474716,51.765408896));
#3780=DIRECTION('',(0.707106781,-0.707106781,0.));
#3781=DIRECTION('',(0.,-0.,-1.));
#3782=AXIS2_PLACEMENT_3D('',#3779,#3780,#3781);
#3783=PLANE('',#3782);
#3784=CARTESIAN_POINT('',(42.769175536,-6.317474716,120.265408896));
#3785=DIRECTION('',(0.707106781,0.707106781,0.));
#3786=VECTOR('',#3785,2.828427125);
#3787=LINE('',#3784,#3786);
#3788=EDGE_CURVE('',#1334,#1443,#3787,.T.);
#3789=ORIENTED_EDGE('',*,*,#3788,.T.);
#3790=ORIENTED_EDGE('',*,*,#2292,.F.);
#3791=CARTESIAN_POINT('',(42.769175536,-6.317474716,179.171572875));
#3792=DIRECTION('',(0.678598345,0.678598345,0.281084638));
#3793=VECTOR('',#3792,2.947251516);
#3794=LINE('',#3791,#3793);
#3795=EDGE_CURVE('',#1336,#2281,#3794,.T.);
#3796=ORIENTED_EDGE('',*,*,#3795,.F.);
#3797=ORIENTED_EDGE('',*,*,#1341,.F.);
#3798=EDGE_LOOP('',(#3789,#3790,#3796,#3797));
#3799=FACE_BOUND('',#3798,.T.);
#3800=ADVANCED_FACE('',(#3799),#3783,.T.);
#3801=CARTESIAN_POINT('',(106.972257526,-6.317474716,114.968490886));
#3802=DIRECTION('',(-0.5,0.707106781,-0.5));
#3803=DIRECTION('',(-0.707106781,0.,0.707106781));
#3804=AXIS2_PLACEMENT_3D('',#3801,#3802,#3803);
#3805=PLANE('',#3804);
#3806=ORIENTED_EDGE('',*,*,#3795,.T.);
#3807=ORIENTED_EDGE('',*,*,#2599,.F.);
#3808=ORIENTED_EDGE('',*,*,#2640,.F.);
#3809=ORIENTED_EDGE('',*,*,#1349,.F.);
#3810=EDGE_LOOP('',(#3806,#3807,#3808,#3809));
#3811=FACE_BOUND('',#3810,.T.);
#3812=ADVANCED_FACE('',(#3811),#3805,.F.);
#3813=CARTESIAN_POINT('',(112.269175536,-39.766002853,120.265408896));
#3814=DIRECTION('',(-0.,-1.,-0.));
#3815=DIRECTION('',(0.,0.,-1.));
#3816=AXIS2_PLACEMENT_3D('',#3813,#3814,#3815);
#3817=TOROIDAL_SURFACE('',#3816,84.6,0.1);
#3818=ORIENTED_EDGE('',*,*,#2218,.F.);
#3819=ORIENTED_EDGE('',*,*,#2165,.F.);
#3820=ORIENTED_EDGE('',*,*,#2267,.F.);
#3821=ORIENTED_EDGE('',*,*,#889,.F.);
#3822=EDGE_LOOP('',(#3818,#3819,#3820,#3821));
#3823=FACE_BOUND('',#3822,.T.);
#3824=ADVANCED_FACE('',(#3823),#3817,.T.);
#3825=CARTESIAN_POINT('',(112.269175536,-46.909974716,120.265408896));
#3826=DIRECTION('',(0.,-1.,0.));
#3827=DIRECTION('',(0.,0.,-1.));
#3828=AXIS2_PLACEMENT_3D('',#3825,#3826,#3827);
#3829=CONICAL_SURFACE('',#3828,84.5,45.);
#3830=ORIENTED_EDGE('',*,*,#2998,.T.);
#3831=ORIENTED_EDGE('',*,*,#824,.F.);
#3832=ORIENTED_EDGE('',*,*,#2982,.T.);
#3833=ORIENTED_EDGE('',*,*,#693,.F.);
#3834=EDGE_LOOP('',(#3830,#3831,#3832,#3833));
#3835=FACE_BOUND('',#3834,.T.);
#3836=ADVANCED_FACE('',(#3835),#3829,.F.);
#3837=CARTESIAN_POINT('',(112.269175536,-4.317474716,120.265408896));
#3838=DIRECTION('',(0.,-1.,0.));
#3839=DIRECTION('',(0.,0.,-1.));
#3840=AXIS2_PLACEMENT_3D('',#3837,#3838,#3839);
#3841=CONICAL_SURFACE('',#3840,67.5,45.);
#3842=ORIENTED_EDGE('',*,*,#3771,.T.);
#3843=ORIENTED_EDGE('',*,*,#1459,.F.);
#3844=ORIENTED_EDGE('',*,*,#3788,.F.);
#3845=ORIENTED_EDGE('',*,*,#1432,.F.);
#3846=EDGE_LOOP('',(#3842,#3843,#3844,#3845));
#3847=FACE_BOUND('',#3846,.T.);
#3848=ADVANCED_FACE('',(#3847),#3841,.F.);
#3849=CLOSED_SHELL('',(#67,#613,#711,#801,#908,#939,#971,#1012,#1035,#1061,#1119,#1141,#1174,#1206,#1238,#1327,#1436,#1487,#1561,#1601,#1628,#1699,#1822,#1871,#1909,#2149,
#2206,#2249,#2272,#2303,#2375,#2400,#2435,#2472,#2508,#2530,#2560,#2581,#2612,#2629,#2648,#2716,#2746,#2784,#2814,#2864,#2902,#2970,#2988,#3006,#3025,
#3043,#3061,#3097,#3125,#3137,#3193,#3249,#3341,#3455,#3569,#3587,#3605,#3623,#3641,#3653,#3677,#3694,#3711,#3728,#3742,#3761,#3778,#3800,#3812,#3824,
#3836,#3848));
#3850=MANIFOLD_SOLID_BREP('Body 94',#3849);
#3851=COLOUR_RGB('',0.494117647,0.494117647,0.525490224);
#3852=FILL_AREA_STYLE_COLOUR('',#3851);
#3853=FILL_AREA_STYLE('',(#3852));
#3854=SURFACE_STYLE_FILL_AREA(#3853);
#3855=SURFACE_SIDE_STYLE('',(#3854));
#3856=SURFACE_STYLE_USAGE(.BOTH.,#3855);
#3857=PRESENTATION_STYLE_ASSIGNMENT((#3856));
#26=STYLED_ITEM('',(#3857),#3850);
#16=SHAPE_REPRESENTATION('root',(#15),#10);
#17=ADVANCED_BREP_SHAPE_REPRESENTATION('root',(#3850),#10);
#3865=SHAPE_REPRESENTATION_RELATIONSHIP('','',#16,#17);
#3866=CARTESIAN_POINT('',(0.,0.,0.));
#3867=DIRECTION('',(0.,0.,1.));
#3868=DIRECTION('',(1.,0.,0.));
#3869=AXIS2_PLACEMENT_3D('',#3866,#3867,#3868);
#3871=MAPPED_ITEM('',#3870,#3869);
#3870=REPRESENTATION_MAP(#3869,#16);
#3872=APPLICATION_CONTEXT('Managed model based 3d engineering');
#3873=APPLICATION_PROTOCOL_DEFINITION('international standard','ap242_managed_model_based_3d_engineering',2014,#3872);
#3874=PRODUCT_CONTEXT('',#3872,'mechanical');
#3875=PRODUCT_DEFINITION_CONTEXT('part definition',#3872,'design');
#24=PRODUCT('root','root','',(#3874));
#3876=PRODUCT_RELATED_PRODUCT_CATEGORY('part','',(#24));
#3877=PRODUCT_DEFINITION_FORMATION_WITH_SPECIFIED_SOURCE('','',#24,.NOT_KNOWN.);
#25=PRODUCT_DEFINITION('design','',#3877,#3875);
#23=PRODUCT_DEFINITION_SHAPE('','',#25);
#3878=SHAPE_DEFINITION_REPRESENTATION(#23,#16);
#11=DRAUGHTING_MODEL('',(#3871),#10);
#3879=DESCRIPTIVE_REPRESENTATION_ITEM('KEY','/private/var/mobile/Containers/Data/Application/75629B9B-5FE2-4143-B4D1-0A3269C1C910/tmp/2FAFFD1A-EAC9-4498-824C-888863E23DAC.tmp');
#3880=PROPERTY_DEFINITION('KEY','',#25);
#3881=REPRESENTATION('',(#3879),#10);
#3882=PROPERTY_DEFINITION_REPRESENTATION(#3880,#3881);
#3883=GENERAL_PROPERTY('','KEY','');
#3884=GENERAL_PROPERTY_ASSOCIATION('','',#3883,#3880);
#1=MECHANICAL_DESIGN_GEOMETRIC_PRESENTATION_REPRESENTATION('',(#621,#1602,#1629,#1700,#1823,#1910,#2150,#2207,#2436,#26),#10);
ENDSEC;
END-ISO-10303-21;