rung,iter,wall_ms,compliance,achieved_vf,plateau,cg_iters,cg_multigrid,beta,hier_built,mg_cycles_attempted,infeasible,recycle_dim,active_fraction,total_ms,tail_prev_ms,filter_ms,project_ms,solve_ms,fea_ms,sens_ms,update_ms,analysis_ms,observe_ms,residual_ms,solver_build_ms,mg_build_ms,mg_ms,cg_ms,geneo_setup_ms,geneo_apply_ms,recycle_ms,fea_solves,matvecs,geneo_dim,geneo_action,geneo_burn,geneo_threshold,rss_mb,peak_rss_mb,compressed_mb,available_mb,major_faults,swapins
0,1,1785737881963,0.0001166524199,0.547878,0,184,1,0,1,184,0,0,1.000000,557.193,0.000,0.218,0.013,554.149,552.964,1.185,2.596,0.094,0.067,0.055,1.783,57.274,493.586,0.000,0.000,0.000,0.000,1,736,0,0,0,0,42.77,62.53,0.00,4622.61,459,0
0,2,1785737882425,5.523305127e-05,0.566316,0,157,1,0,1,157,0,0,1.000000,462.410,0.003,0.244,0.013,459.697,458.534,1.162,2.287,0.097,0.037,0.035,1.204,52.661,404.501,0.000,0.000,0.000,0.000,1,628,0,0,0,0,46.20,65.98,0.00,4638.81,459,0
0,3,1785737883040,3.167910338e-05,0.590479,0,122,1,0,1,122,0,0,1.000000,614.316,0.002,0.217,0.013,611.418,610.258,1.158,2.489,0.101,0.030,0.047,1.096,209.914,398.998,0.000,0.000,0.000,0.000,1,488,0,0,0,0,53.70,73.47,0.00,4545.91,459,0
0,4,1785737883488,3.049191929e-05,0.594986,0,124,1,0,1,124,0,0,1.000000,448.436,0.001,0.202,0.013,445.667,444.533,1.133,2.394,0.094,0.033,0.032,1.064,54.511,388.783,0.000,0.000,0.000,0.000,1,496,0,0,0,0,53.83,73.59,0.00,4394.94,459,0
0,5,1785737883942,3.071920508e-05,0.595717,0,128,1,0,1,128,0,0,1.000000,454.143,0.001,0.234,0.013,451.308,450.094,1.214,2.411,0.095,0.048,0.034,0.941,52.415,396.568,0.000,0.000,0.000,0.000,1,512,0,0,0,0,53.84,73.61,0.00,4390.19,459,0
0,6,1785737884348,2.980725242e-05,0.594249,0,133,1,0,1,133,0,0,1.000000,406.038,0.002,0.232,0.016,403.234,402.099,1.135,2.379,0.101,0.037,0.038,1.002,52.499,348.438,0.000,0.000,0.000,0.000,1,532,0,0,0,0,53.86,73.62,0.00,4404.92,459,0
0,7,1785737884791,2.913853547e-05,0.595390,0,137,1,0,1,137,0,0,1.000000,442.180,0.001,0.205,0.016,439.461,438.291,1.169,2.335,0.098,0.026,0.038,1.036,51.458,385.629,0.000,0.000,0.000,0.000,1,548,0,0,0,0,54.17,73.94,0.00,4468.39,459,0
0,8,1785737885217,2.896787205e-05,0.597487,0,137,1,0,1,137,0,0,1.000000,426.231,0.001,0.206,0.013,423.528,422.349,1.178,2.322,0.095,0.036,0.031,0.968,51.164,370.055,0.000,0.000,0.000,0.000,1,548,0,0,0,0,55.66,75.42,0.00,4468.39,459,0
0,9,1785737885640,2.876240698e-05,0.597890,0,138,1,0,1,138,0,0,1.000000,423.368,0.003,0.229,0.013,420.547,419.422,1.124,2.401,0.115,0.026,0.038,0.965,51.538,366.748,0.000,0.000,0.000,0.000,1,552,0,0,0,0,55.67,75.44,0.00,4473.56,459,0
0,10,1785737886090,2.863925748e-05,0.598585,0,144,1,0,1,144,0,0,1.000000,449.278,0.002,0.217,0.014,446.465,445.357,1.108,2.417,0.095,0.037,0.033,1.065,51.397,392.719,0.000,0.000,0.000,0.000,1,576,0,0,0,0,55.67,75.44,0.00,4473.83,459,0
0,11,1785737886545,2.851530169e-05,0.598886,0,147,1,0,1,147,0,0,1.000000,455.321,0.001,0.207,0.013,452.625,451.513,1.111,2.298,0.099,0.042,0.037,1.022,51.089,399.227,0.000,0.000,0.000,0.000,1,588,0,0,0,0,55.78,75.55,0.00,4502.30,459,0
0,12,1785737887016,2.843367031e-05,0.598120,0,152,1,0,1,152,0,0,1.000000,470.966,0.001,0.226,0.013,468.186,467.072,1.113,2.368,0.096,0.044,0.032,1.087,51.305,414.507,0.000,0.000,0.000,0.000,1,608,0,0,0,0,55.81,75.58,0.00,4485.36,459,0
0,13,1785737887474,2.838611203e-05,0.598502,0,151,1,0,1,151,0,0,1.000000,458.062,0.003,0.234,0.014,455.174,454.053,1.121,2.471,0.102,0.034,0.033,0.988,51.405,401.496,0.000,0.000,0.000,0.000,1,604,0,0,0,0,55.81,75.58,0.00,4445.95,459,0
0,14,1785737887962,2.827101523e-05,0.598728,0,158,1,0,1,158,0,0,1.000000,488.339,0.002,0.237,0.017,485.589,484.428,1.160,2.307,0.094,0.057,0.037,0.988,51.404,431.872,0.000,0.000,0.000,0.000,1,632,0,0,0,0,55.81,75.58,0.00,4438.19,459,0
0,15,1785737888440,2.832314191e-05,0.598985,0,159,1,0,1,159,0,0,1.000000,478.161,0.002,0.225,0.013,475.363,474.171,1.192,2.380,0.101,0.042,0.037,0.989,52.667,420.348,0.000,0.000,0.000,0.000,1,636,0,0,0,0,55.81,75.58,0.00,4464.19,459,0
0,16,1785737888928,2.814267412e-05,0.599230,0,163,1,0,1,163,0,0,1.000000,487.641,0.001,0.216,0.015,484.880,483.770,1.110,2.364,0.095,0.036,0.035,0.972,51.013,431.630,0.000,0.000,0.000,0.000,1,652,0,0,0,0,55.81,75.58,0.00,4488.83,459,0
0,17,1785737889418,2.820367371e-05,0.599197,0,160,1,0,1,160,0,0,1.000000,490.104,0.001,0.199,0.013,487.328,486.227,1.100,2.380,0.095,0.052,0.038,0.940,52.166,432.948,0.000,0.000,0.000,0.000,1,640,0,0,0,0,55.81,75.58,0.00,4450.30,459,0
0,18,1785737889995,2.806244705e-05,0.599241,0,166,1,0,1,166,0,0,1.000000,576.309,0.001,0.209,0.013,573.491,572.309,1.180,2.388,0.094,0.070,0.043,0.973,51.405,519.772,0.000,0.000,0.000,0.000,1,664,0,0,0,0,58.09,77.86,0.00,4368.80,459,0
0,19,1785737890497,2.820808271e-05,0.598909,0,167,1,0,1,167,0,0,1.000000,502.078,0.003,0.245,0.014,499.293,498.109,1.183,2.361,0.094,0.033,0.037,1.077,53.812,443.051,0.000,0.000,0.000,0.000,1,668,0,0,0,0,58.11,77.88,0.00,4398.67,459,0
0,20,1785737891019,2.801245684e-05,0.599213,0,160,1,0,1,160,0,0,1.000000,522.475,0.001,0.213,0.014,519.768,518.621,1.146,2.309,0.094,0.039,0.038,1.062,58.541,458.822,0.000,0.000,0.000,0.000,1,640,0,0,0,0,58.11,77.88,0.00,4417.62,459,0
0,21,1785737891528,2.805363968e-05,0.599107,0,173,1,0,1,173,0,0,1.000000,509.136,0.001,0.200,0.013,506.418,505.280,1.138,2.316,0.102,0.048,0.038,0.974,52.118,452.024,0.000,0.000,0.000,0.000,1,692,0,0,0,0,58.13,77.89,0.00,4399.09,459,0
0,22,1785737892038,2.792882148e-05,0.599261,0,174,1,0,1,174,0,0,1.000000,509.530,0.001,0.205,0.013,506.852,505.730,1.122,2.284,0.094,0.046,0.035,0.943,51.684,452.944,0.000,0.000,0.000,0.000,1,696,0,0,0,0,58.13,77.89,0.00,4441.92,459,0
0,23,1785737892566,2.787595758e-05,0.599301,0,175,1,0,1,175,0,0,1.000000,528.285,0.001,0.205,0.013,525.445,524.279,1.165,2.447,0.097,0.039,0.038,1.017,52.338,470.759,0.000,0.000,0.000,0.000,1,700,0,0,0,0,58.13,77.89,0.00,4468.28,459,0
0,24,1785737893117,2.782824993e-05,0.599461,0,177,1,0,1,177,0,0,1.000000,550.501,0.002,0.206,0.018,547.775,546.620,1.154,2.337,0.095,0.027,0.043,0.962,52.320,493.161,0.000,0.000,0.000,0.000,1,708,0,0,0,0,58.13,77.89,0.00,4387.62,459,0
0,25,1785737893740,2.778158344e-05,0.599578,0,211,1,0,1,211,0,0,1.000000,623.075,0.001,0.217,0.013,620.283,619.180,1.102,2.373,0.105,0.046,0.037,0.951,53.868,564.209,0.000,0.000,0.000,0.000,1,844,0,0,0,0,58.13,77.89,4.44,4293.36,459,0
0,26,1785737894359,2.774403776e-05,0.599641,0,215,1,0,1,215,0,0,1.000000,619.436,0.002,0.203,0.013,616.738,615.578,1.158,2.310,0.104,0.037,0.030,1.027,51.713,562.642,0.000,0.000,0.000,0.000,1,860,0,0,0,0,58.13,77.89,4.44,4321.70,459,0
0,27,1785737894973,2.771338093e-05,0.599665,0,215,1,0,1,215,0,0,1.000000,613.138,0.004,0.204,0.013,610.364,609.235,1.129,2.368,0.107,0.045,0.037,0.960,51.506,556.606,0.000,0.000,0.000,0.000,1,860,0,0,0,0,58.13,77.89,4.44,4356.98,459,0
0,28,1785737895613,2.768601047e-05,0.599700,0,215,1,0,1,215,0,0,1.000000,640.533,0.001,0.219,0.014,637.686,636.560,1.125,2.444,0.097,0.037,0.037,1.065,51.254,584.076,0.000,0.000,0.000,0.000,1,860,0,0,0,0,58.13,77.89,4.44,4456.38,459,0
0,29,1785737896295,2.766121291e-05,0.599742,0,227,1,0,1,227,0,0,1.000000,681.834,0.001,0.224,0.014,678.899,677.791,1.104,2.375,0.107,0.172,0.044,1.080,50.364,626.181,0.000,0.000,0.000,0.000,1,908,0,0,0,0,58.13,77.89,4.48,4465.19,459,0
0,30,1785737897063,2.763974139e-05,0.599785,0,234,1,0,1,234,0,0,1.000000,768.076,0.002,0.214,0.013,765.229,764.112,1.117,2.447,0.106,0.034,0.033,0.991,51.888,711.062,0.000,0.000,0.000,0.000,1,936,0,0,0,0,59.89,77.89,5.95,4552.28,459,0
0,31,1785737897787,2.762223459e-05,0.599802,0,236,1,0,1,236,0,0,1.000000,724.089,0.002,0.211,0.014,721.389,720.209,1.179,2.312,0.095,0.033,0.035,1.226,52.515,666.310,0.000,0.000,0.000,0.000,1,944,0,0,0,0,59.89,77.89,5.95,4442.94,459,0
0,32,1785737898459,2.76079264e-05,0.599821,0,229,1,0,1,229,0,0,1.000000,671.801,0.001,0.209,0.013,669.127,667.963,1.163,2.278,0.095,0.040,0.039,0.978,51.007,615.810,0.000,0.000,0.000,0.000,1,916,0,0,0,0,59.89,77.89,5.95,4480.48,459,0
0,33,1785737899266,2.759617603e-05,0.599828,0,229,1,0,1,229,0,0,1.000000,807.248,0.004,0.240,0.013,804.068,802.950,1.117,2.752,0.100,0.041,0.033,0.997,51.652,750.135,0.000,0.000,0.000,0.000,1,916,0,0,0,0,59.89,77.89,5.94,4437.80,459,0
0,34,1785737899983,2.758749323e-05,0.599825,0,232,1,0,1,232,0,0,1.000000,717.043,0.002,0.222,0.013,714.050,712.938,1.112,2.597,0.097,0.030,0.034,1.033,54.714,657.039,0.000,0.000,0.000,0.000,1,928,0,0,0,0,59.89,77.89,5.23,4426.27,459,0
0,35,1785737900657,2.757945848e-05,0.599820,0,233,1,0,1,233,0,0,1.000000,673.901,0.001,0.208,0.013,671.029,669.932,1.097,2.428,0.097,0.091,0.036,0.994,52.661,616.117,0.000,0.000,0.000,0.000,1,932,0,0,0,0,59.89,77.89,5.23,4568.73,459,0
0,36,1785737901341,2.75725381e-05,0.599855,0,234,1,0,1,234,0,0,1.000000,683.734,0.002,0.201,0.014,680.939,679.729,1.209,2.397,0.097,0.048,0.037,1.023,51.855,626.702,0.000,0.000,0.000,0.000,1,936,0,0,0,0,60.30,77.89,5.23,4521.19,459,0
0,37,1785737902100,2.75646252e-05,0.599892,0,236,1,0,1,236,0,0,1.000000,758.679,0.002,0.206,0.013,755.553,754.443,1.110,2.527,0.098,0.246,0.036,1.051,53.037,700.201,0.000,0.000,0.000,0.000,1,944,0,0,0,0,60.30,77.89,5.25,4530.45,459,0
0,38,1785737902818,2.755826345e-05,0.599884,0,248,1,0,1,248,0,0,1.000000,718.146,0.003,0.228,0.013,715.414,714.263,1.150,2.320,0.095,0.039,0.036,1.087,51.546,661.442,0.000,0.000,0.000,0.000,1,992,0,0,0,0,60.31,77.89,5.23,4566.27,459,0
0,39,1785737903510,2.755461313e-05,0.599849,0,242,1,0,1,242,0,0,1.000000,692.004,0.002,0.205,0.013,689.356,688.127,1.222,2.235,0.114,0.039,0.042,0.961,51.893,635.109,0.000,0.000,0.000,0.000,1,968,0,0,0,0,60.33,77.89,5.23,4524.22,459,0
0,40,1785737904235,2.755094375e-05,0.599822,0,256,1,0,1,256,0,0,1.000000,725.104,0.005,0.217,0.013,722.419,721.304,1.115,2.274,0.094,0.053,0.033,0.973,51.837,668.330,0.000,0.000,0.000,0.000,1,1024,0,0,0,0,60.33,77.89,5.23,4566.66,459,0
0,41,1785737904967,2.754724343e-05,0.599838,0,251,1,0,1,251,0,0,1.000000,731.929,0.001,0.201,0.013,729.245,728.072,1.171,2.279,0.108,0.038,0.045,0.952,52.179,674.776,0.000,0.000,0.000,0.000,1,1004,0,0,0,0,60.33,77.89,5.22,4563.89,459,0
0,42,1785737905823,2.754136587e-05,0.599893,0,256,1,0,1,256,0,0,1.000000,855.697,0.002,0.203,0.013,852.892,851.779,1.112,2.419,0.096,0.040,0.034,0.954,51.263,799.405,0.000,0.000,0.000,0.000,1,1024,0,0,0,0,60.33,77.89,5.17,4634.84,459,0
0,43,1785737906596,2.753518146e-05,0.599943,0,253,1,0,1,253,0,0,1.000000,773.219,0.002,0.203,0.013,770.377,769.278,1.099,2.437,0.102,0.048,0.039,0.940,51.110,717.068,0.000,0.000,0.000,0.000,1,1012,0,0,0,0,60.61,77.89,5.09,4682.00,459,0
0,44,1785737907364,2.753075995e-05,0.599958,0,255,1,0,1,255,0,0,1.000000,768.298,0.001,0.234,0.015,765.460,764.324,1.136,2.423,0.103,0.030,0.034,0.975,51.176,712.010,0.000,0.000,0.000,0.000,1,1020,0,0,0,0,60.61,77.89,5.09,4678.41,459,0
0,45,1785737908169,2.752756107e-05,0.599966,0,281,1,0,1,281,0,0,1.000000,804.149,0.001,0.208,0.013,801.447,800.263,1.183,2.295,0.098,0.047,0.041,0.944,51.330,747.826,0.000,0.000,0.000,0.000,1,1124,0,0,0,0,60.63,77.89,5.09,4660.88,459,0
0,46,1785737908964,2.75251233e-05,0.599966,0,280,1,0,1,280,0,0,1.000000,795.445,0.005,0.231,0.013,792.744,791.636,1.107,2.289,0.103,0.033,0.032,0.978,51.483,739.016,0.000,0.000,0.000,0.000,1,1120,0,0,0,0,60.63,77.89,5.09,4704.52,459,0
0,47,1785737909772,2.752309431e-05,0.599962,0,277,1,0,1,277,0,0,1.000000,807.947,0.002,0.221,0.015,805.176,804.085,1.090,2.344,0.096,0.057,0.037,0.967,51.682,751.275,0.000,0.000,0.000,0.000,1,1108,0,0,0,0,60.63,77.89,5.09,4672.56,459,0
0,48,1785737910514,2.752122819e-05,0.599959,0,261,1,0,1,261,0,0,1.000000,741.747,0.001,0.210,0.014,739.052,737.955,1.096,2.289,0.097,0.048,0.038,1.033,52.207,684.560,0.000,0.000,0.000,0.000,1,1044,0,0,0,0,60.63,77.89,5.09,4708.86,459,0
0,49,1785737911297,2.751961913e-05,0.599954,0,270,1,0,1,270,0,0,1.000000,782.818,0.002,0.215,0.014,780.058,778.955,1.102,2.337,0.109,0.046,0.039,1.028,51.307,726.441,0.000,0.000,0.000,0.000,1,1080,0,0,0,0,60.63,77.89,5.08,4597.77,459,0
0,50,1785737912074,2.751813418e-05,0.599951,0,265,1,0,1,265,0,0,1.000000,777.803,0.001,0.225,0.013,774.679,773.528,1.151,2.379,0.095,0.364,0.047,1.022,51.581,720.750,0.000,0.000,0.000,0.000,1,1060,0,0,0,0,60.63,77.89,5.08,4553.34,459,0
0,51,1785737912900,2.751636634e-05,0.599962,0,287,1,0,1,287,0,0,1.000000,825.768,0.003,0.227,0.014,823.055,821.813,1.239,2.284,0.095,0.042,0.053,1.023,51.482,769.153,0.000,0.000,0.000,0.000,1,1148,0,0,0,0,60.63,77.89,5.08,4625.80,459,0
0,52,1785737913746,2.751435398e-05,0.599971,1,294,1,0,1,294,0,0,1.000000,845.950,0.008,0.195,0.013,843.212,842.118,1.094,2.331,0.095,0.057,0.046,1.027,51.540,789.377,0.000,0.000,0.000,0.000,1,1176,0,0,0,0,60.63,77.89,5.08,4545.83,459,0
0,53,1785737930923,2.843980917e-05,0.597709,0,161,1,1,1,161,0,0,1.000000,586.152,0.000,0.409,0.083,582.952,581.833,1.119,2.275,0.100,0.299,0.034,1.118,52.534,528.023,0.000,0.000,0.000,0.000,1,644,0,0,0,0,112.78,146.56,3.62,4787.56,466,0
0,54,1785737931539,2.813243315e-05,0.599516,0,173,1,1,1,173,0,0,1.000000,615.736,0.003,0.391,0.085,612.876,611.763,1.112,2.213,0.094,0.045,0.033,1.086,52.086,558.424,0.000,0.000,0.000,0.000,1,692,0,0,0,0,112.78,146.56,3.62,4739.14,466,0
0,55,1785737932175,2.797959049e-05,0.600276,0,181,1,1,1,181,0,0,1.000000,635.197,0.001,0.309,0.079,632.412,631.292,1.120,2.222,0.094,0.047,0.034,0.944,51.279,578.906,0.000,0.000,0.000,0.000,1,724,0,0,0,0,112.78,146.56,3.62,4760.30,466,0
0,56,1785737932879,2.78486034e-05,0.601169,0,200,1,1,1,200,0,0,1.000000,704.638,0.001,0.391,0.080,701.719,700.557,1.157,2.255,0.095,0.049,0.050,0.926,51.839,647.633,0.000,0.000,0.000,0.000,1,800,0,0,0,0,112.78,146.56,3.62,4781.59,466,0
0,57,1785737933634,2.776131328e-05,0.601432,0,218,1,1,1,218,0,0,1.000000,754.513,0.002,0.415,0.077,751.267,750.117,1.149,2.578,0.100,0.042,0.034,1.011,51.998,696.957,0.000,0.000,0.000,0.000,1,872,0,0,0,0,112.78,146.56,3.62,4748.91,466,0
0,58,1785737934363,2.770628271e-05,0.601690,0,212,1,1,1,212,0,0,1.000000,729.319,0.002,0.415,0.081,726.221,725.038,1.182,2.394,0.099,0.056,0.052,0.997,51.487,672.384,0.000,0.000,0.000,0.000,1,848,0,0,0,0,112.78,146.56,3.62,4700.78,466,0
0,59,1785737935142,2.765851202e-05,0.601810,0,227,1,1,1,227,0,0,1.000000,778.432,0.002,0.658,0.082,775.071,773.942,1.128,2.349,0.095,0.052,0.126,1.561,53.261,718.865,0.000,0.000,0.000,0.000,1,908,0,0,0,0,112.78,146.58,3.61,4739.20,466,0
0,60,1785737935977,2.762587005e-05,0.601889,0,235,1,1,1,235,0,0,1.000000,835.055,0.001,0.376,0.078,832.163,830.999,1.163,2.253,0.095,0.053,0.038,1.022,51.772,778.052,0.000,0.000,0.000,0.000,1,940,0,0,0,0,112.78,146.58,3.61,4729.16,466,0
0,61,1785737936811,2.759946288e-05,0.601950,0,241,1,1,1,241,0,0,1.000000,834.421,0.007,0.375,0.078,831.502,830.400,1.102,2.294,0.100,0.034,0.038,0.944,51.809,777.482,0.000,0.000,0.000,0.000,1,964,0,0,0,0,112.78,146.58,3.61,4776.31,466,0
0,62,1785737937666,2.757891474e-05,0.601985,0,248,1,1,1,248,0,0,1.000000,854.730,0.009,0.390,0.077,851.699,850.604,1.095,2.392,0.099,0.041,0.032,0.935,51.812,797.699,0.000,0.000,0.000,0.000,1,992,0,0,0,0,112.78,146.59,3.59,4727.75,466,0
0,63,1785737938556,2.75620997e-05,0.602017,0,252,1,1,1,252,0,0,1.000000,890.113,0.001,0.337,0.080,887.250,886.137,1.112,2.266,0.100,0.042,0.037,1.003,51.506,833.471,0.000,0.000,0.000,0.000,1,1008,0,0,0,0,112.78,146.59,3.59,4771.33,466,0
0,64,1785737939411,2.754813266e-05,0.602035,0,250,1,1,1,250,0,0,1.000000,854.972,0.002,0.510,0.076,851.438,850.131,1.306,2.625,0.108,0.159,0.055,1.156,51.773,797.019,0.000,0.000,0.000,0.000,1,1000,0,0,0,0,112.78,146.59,3.59,4611.95,466,0
0,65,1785737940331,2.75364489e-05,0.602051,0,253,1,1,1,253,0,0,1.000000,920.150,0.003,0.413,0.092,917.197,916.092,1.105,2.272,0.098,0.045,0.033,1.039,52.883,862.008,0.000,0.000,0.000,0.000,1,1012,0,0,0,0,116.77,146.59,17.75,4278.47,466,0
0,66,1785737941182,2.752694301e-05,0.602054,0,252,1,1,1,252,0,0,1.000000,850.265,0.010,0.363,0.076,847.420,846.321,1.098,2.224,0.094,0.050,0.038,0.917,51.908,793.340,0.000,0.000,0.000,0.000,1,1008,0,0,0,0,116.77,146.59,17.73,4247.62,466,0
0,67,1785737942025,2.751912651e-05,0.602045,0,243,1,1,1,243,0,0,1.000000,843.410,0.002,0.388,0.077,840.556,839.462,1.093,2.213,0.097,0.042,0.037,0.931,51.614,786.766,0.000,0.000,0.000,0.000,1,972,0,0,0,0,116.77,146.59,17.73,4476.62,466,0
0,68,1785737942789,2.751346103e-05,0.602010,0,217,1,1,1,217,0,0,1.000000,764.268,0.002,0.394,0.076,761.319,760.198,1.121,2.311,0.095,0.037,0.036,0.973,51.612,707.449,0.000,0.000,0.000,0.000,1,868,0,0,0,0,116.77,146.59,17.75,4521.41,466,0
0,69,1785737943531,2.750924156e-05,0.601981,0,214,1,1,1,214,0,0,1.000000,741.216,0.002,0.398,0.076,738.316,737.186,1.129,2.242,0.095,0.053,0.037,0.916,51.881,684.235,0.000,0.000,0.000,0.000,1,856,0,0,0,0,116.77,146.59,17.75,4479.14,466,0
0,70,1785737944275,2.750552817e-05,0.601978,0,217,1,1,1,217,0,0,1.000000,744.255,0.016,0.377,0.076,741.393,740.264,1.128,2.230,0.095,0.045,0.039,0.958,51.038,688.104,0.000,0.000,0.000,0.000,1,868,0,0,0,0,116.77,146.59,17.73,4474.50,466,0
0,71,1785737945066,2.750171625e-05,0.601979,0,223,1,1,1,223,0,0,1.000000,791.000,0.002,0.387,0.078,788.127,787.021,1.105,2.237,0.094,0.044,0.032,0.930,51.506,734.403,0.000,0.000,0.000,0.000,1,892,0,0,0,0,116.77,146.59,17.73,4558.17,466,0
0,72,1785737945913,2.749746956e-05,0.601975,0,237,1,1,1,237,0,0,1.000000,846.755,0.002,0.364,0.076,843.882,842.781,1.100,2.259,0.096,0.045,0.034,0.948,51.524,790.158,0.000,0.000,0.000,0.000,1,948,0,0,0,0,116.77,146.59,17.73,4482.38,466,0
0,73,1785737946683,2.749473845e-05,0.601939,0,226,1,1,1,226,0,0,1.000000,769.908,0.002,0.446,0.081,766.867,765.671,1.195,2.340,0.099,0.045,0.032,0.941,50.848,713.725,0.000,0.000,0.000,0.000,1,904,0,0,0,0,116.77,146.59,17.73,4577.06,466,0
0,74,1785737947464,2.749318259e-05,0.601927,0,225,1,1,1,225,0,0,1.000000,781.184,0.002,0.384,0.080,777.968,776.874,1.093,2.255,0.095,0.370,0.031,1.006,51.435,724.272,0.000,0.000,0.000,0.000,1,900,0,0,0,0,116.77,146.59,17.78,4508.08,466,0
0,75,1785737948435,2.749078373e-05,0.601932,0,285,1,1,1,285,0,0,1.000000,971.019,0.003,0.380,0.075,968.201,967.070,1.131,2.187,0.094,0.045,0.037,1.082,51.214,914.631,0.000,0.000,0.000,0.000,1,1140,0,0,0,0,116.78,146.59,17.77,4577.11,466,0
0,76,1785737949350,2.74876024e-05,0.601941,0,263,1,1,1,263,0,0,1.000000,914.995,0.001,0.364,0.074,912.173,911.081,1.091,2.217,0.094,0.038,0.035,0.975,51.370,858.580,0.000,0.000,0.000,0.000,1,1052,0,0,0,0,116.78,146.59,17.77,4565.25,466,0
0,77,1785737950318,2.748551073e-05,0.601994,0,282,1,1,1,282,0,0,1.000000,968.279,0.002,0.377,0.077,965.449,964.299,1.148,2.206,0.101,0.032,0.037,0.919,51.506,911.719,0.000,0.000,0.000,0.000,1,1128,0,0,0,0,116.78,146.59,17.77,4579.78,466,0
0,78,1785737951205,2.747942608e-05,0.602062,0,262,1,1,1,262,0,0,1.000000,886.900,0.010,0.367,0.074,884.054,882.941,1.113,2.237,0.094,0.035,0.038,0.956,51.301,830.532,0.000,0.000,0.000,0.000,1,1048,0,0,0,0,116.78,146.59,17.75,4563.64,466,0
0,79,1785737952209,2.747620268e-05,0.602073,0,296,1,1,1,296,0,0,1.000000,1003.771,0.001,0.381,0.074,1000.809,999.688,1.119,2.312,0.098,0.052,0.045,0.945,51.310,947.276,0.000,0.000,0.000,0.000,1,1184,0,0,0,0,116.78,146.59,17.75,4583.75,466,0
0,80,1785737954194,2.747419211e-05,0.602072,0,888,0,1,1,300,0,13,1.000000,1985.095,0.004,0.385,0.081,1982.185,1981.020,1.163,2.254,0.095,0.038,0.056,0.992,51.508,996.618,711.113,0.181,0.000,220.448,1,2106,191,5,888,1456,116.78,146.59,17.72,4552.75,466,0
0,81,1785737956133,2.747260001e-05,0.602068,0,811,0,1,1,300,0,13,1.000000,1938.894,0.003,0.357,0.074,1936.076,1934.980,1.095,2.214,0.094,0.041,0.038,1.028,51.281,1005.858,671.217,0.184,0.000,205.259,1,2029,191,5,811,1456,116.81,146.59,17.72,4560.98,466,0
0,82,1785737958101,2.747122051e-05,0.602063,0,795,0,1,1,300,0,13,1.000000,1968.241,0.002,0.451,0.077,1964.961,1963.808,1.152,2.366,0.099,0.247,0.040,0.972,51.175,965.432,723.232,0.180,0.000,222.651,1,2013,191,5,795,1456,118.48,146.59,25.91,4495.20,466,0
0,83,1785737958982,2.746992609e-05,0.602057,0,830,0,1,0,0,0,13,1.000000,880.351,0.003,0.418,0.074,877.464,876.373,1.090,2.228,0.094,0.040,0.033,1.062,0.000,0.000,658.705,0.182,0.000,216.279,1,845,191,5,830,1456,118.48,146.59,25.91,4511.56,466,0
0,84,1785737959924,2.746868955e-05,0.602050,0,883,0,1,0,0,0,13,1.000000,941.802,0.002,0.362,0.074,938.980,937.889,1.091,2.225,0.095,0.033,0.033,1.160,0.000,0.000,717.437,0.190,0.000,218.948,1,898,191,5,883,1456,118.48,146.59,25.91,4449.14,466,0
0,85,1785737960867,2.746747343e-05,0.602041,0,890,0,1,0,0,0,13,1.000000,943.725,0.002,0.365,0.074,940.918,939.775,1.140,2.195,0.095,0.041,0.039,1.092,0.000,0.000,697.489,0.185,0.000,240.844,1,905,191,5,890,1456,118.48,146.59,25.91,4469.67,466,0
0,86,1785737961753,2.74663489e-05,0.602026,0,849,0,1,0,0,0,13,1.000000,885.439,0.012,0.350,0.086,882.565,881.474,1.091,2.272,0.094,0.039,0.033,1.023,0.000,0.000,665.288,0.177,0.000,214.836,1,864,191,5,849,1456,118.48,146.59,24.91,4462.19,466,0
0,87,1785737962528,2.746545927e-05,0.602015,0,718,0,1,0,0,0,13,1.000000,774.676,0.002,0.334,0.074,771.720,770.626,1.093,2.375,0.106,0.029,0.039,1.010,0.000,0.000,565.934,0.177,0.000,203.353,1,733,191,5,718,1456,118.48,146.59,24.91,4621.95,466,0
0,88,1785737963107,2.746439723e-05,0.602001,0,469,0,1,0,0,0,14,1.000000,579.150,0.005,0.367,0.084,576.285,575.190,1.095,2.249,0.094,0.033,0.037,1.583,0.000,0.000,402.684,0.189,0.000,170.584,1,485,191,5,469,1456,120.83,146.59,22.84,4602.41,466,0
0,89,1785737963703,2.74633352e-05,0.602002,0,497,0,1,0,0,0,16,1.000000,596.242,0.003,0.398,0.082,593.293,592.200,1.092,2.266,0.115,0.049,0.038,1.016,0.000,0.000,405.008,0.183,0.000,185.838,1,515,191,5,497,1456,125.50,146.59,22.84,4556.95,466,0
0,90,1785737964234,2.746193413e-05,0.601999,0,411,0,1,0,0,0,16,1.000000,531.357,0.005,0.373,0.074,528.421,527.282,1.138,2.283,0.096,0.038,0.072,1.059,0.000,0.000,359.221,0.181,0.000,166.674,1,429,191,5,411,1456,125.50,146.59,22.83,4564.97,466,0
0,91,1785737964854,2.746058906e-05,0.601988,0,539,0,1,0,0,0,16,1.000000,619.139,0.002,0.379,0.074,616.321,615.226,1.095,2.204,0.094,0.035,0.031,0.986,0.000,0.000,422.801,0.180,0.000,191.103,1,557,191,5,539,1456,125.50,146.59,22.83,4605.92,466,0
0,92,1785737965475,2.745988028e-05,0.601968,0,537,0,1,0,0,0,16,1.000000,621.961,0.001,0.379,0.091,618.955,617.807,1.147,2.352,0.107,0.044,0.033,0.932,0.000,0.000,427.145,0.180,0.000,189.394,1,555,191,5,537,1456,125.50,146.59,22.83,4563.73,466,0
0,93,1785737966139,2.746029649e-05,0.601938,0,534,0,1,0,0,0,16,1.000000,663.334,0.007,0.349,0.081,660.418,659.327,1.090,2.301,0.106,0.042,0.037,1.013,0.000,0.000,467.061,0.177,0.000,190.926,1,552,191,5,534,1456,125.50,146.59,22.83,4545.52,466,0
0,94,1785737966842,2.745918932e-05,0.601943,0,506,0,1,0,0,0,16,1.000000,703.463,0.003,0.408,0.077,700.350,699.224,1.125,2.448,0.101,0.038,0.041,1.082,0.000,0.000,454.899,0.187,0.000,242.909,1,524,191,5,506,1456,125.50,146.59,22.83,4829.42,466,0
0,95,1785737967487,2.745799174e-05,0.601951,0,531,0,1,0,0,0,16,1.000000,644.182,0.003,0.384,0.072,641.314,640.091,1.220,2.220,0.107,0.035,0.050,0.998,0.000,0.000,429.751,0.175,0.000,209.011,1,549,191,5,531,1456,125.50,146.59,22.83,4820.03,466,0
0,96,1785737968134,2.745652574e-05,0.601954,0,508,0,1,0,0,0,16,1.000000,647.853,0.003,0.388,0.076,645.002,643.842,1.158,2.205,0.095,0.048,0.039,0.990,0.000,0.000,441.746,0.184,0.000,200.769,1,526,191,5,508,1456,125.50,146.59,22.83,4748.03,466,0
0,97,1785737968802,2.745574178e-05,0.601926,0,536,0,1,0,0,0,16,1.000000,667.232,0.002,0.380,0.074,664.255,663.160,1.094,2.360,0.097,0.034,0.032,1.026,0.000,0.000,460.358,0.185,0.000,201.429,1,554,191,5,536,1456,125.50,146.59,22.83,4780.38,466,0
0,98,1785737969539,2.74569355e-05,0.601896,0,509,0,1,0,0,0,16,1.000000,737.430,0.002,0.384,0.077,734.452,733.355,1.097,2.340,0.102,0.036,0.038,0.957,0.000,0.000,480.117,0.177,0.000,251.956,1,527,191,5,509,1456,125.50,146.59,22.83,4746.81,466,0
0,99,1785737970259,2.745637574e-05,0.601884,0,539,0,1,0,0,0,16,1.000000,720.150,0.005,0.383,0.075,716.876,715.710,1.163,2.367,0.097,0.310,0.044,1.084,0.000,0.000,479.284,0.177,0.000,234.989,1,557,191,5,539,1456,125.50,146.59,22.83,4714.78,466,0
0,100,1785737970963,2.745555902e-05,0.601917,0,512,0,1,0,0,0,16,1.000000,703.397,0.004,0.517,0.074,700.316,699.201,1.115,2.305,0.103,0.044,0.037,1.043,0.000,0.000,471.081,0.187,0.000,226.738,1,530,191,5,512,1456,125.50,146.59,23.53,4649.50,466,0
0,101,1785737971590,2.745301349e-05,0.601953,0,538,0,1,0,0,0,16,1.000000,627.126,0.002,0.391,0.077,624.089,622.984,1.105,2.409,0.095,0.031,0.034,0.988,0.000,0.000,423.719,0.177,0.000,197.946,1,556,191,5,538,1456,125.50,146.59,23.53,4596.58,466,0
0,102,1785737972271,2.745116304e-05,0.601964,0,570,0,1,0,0,0,16,1.000000,680.998,0.006,0.398,0.074,677.783,676.522,1.261,2.571,0.110,0.020,0.042,0.967,0.000,0.000,463.568,0.177,0.000,211.650,1,588,191,5,570,1456,125.52,146.59,23.53,4641.89,466,0
0,103,1785737973283,2.745027299e-05,0.601963,0,895,0,1,0,0,0,16,1.000000,1011.566,0.004,0.386,0.081,1008.483,1007.377,1.106,2.438,0.099,0.036,0.042,1.120,0.000,0.000,725.495,0.196,0.000,280.400,1,913,191,5,895,1456,125.52,146.59,25.28,4605.23,466,0
0,104,1785737974273,2.744966045e-05,0.601959,0,897,0,1,0,0,0,16,1.000000,989.908,0.002,0.398,0.081,986.878,985.758,1.119,2.372,0.098,0.043,0.038,0.968,0.000,0.000,719.703,0.177,0.000,264.755,1,915,191,5,897,1456,125.52,146.59,25.28,4582.97,466,0
0,105,1785737975275,2.744908291e-05,0.601955,0,886,0,1,0,0,0,16,1.000000,1002.150,0.002,0.348,0.076,999.378,998.283,1.094,2.192,0.095,0.025,0.037,1.074,0.000,0.000,732.706,0.177,0.000,264.181,1,904,191,5,886,1456,125.52,146.59,25.28,4608.86,466,0
0,106,1785737976219,2.74484891e-05,0.601951,0,853,0,1,0,0,0,16,1.000000,943.854,0.003,0.422,0.076,940.894,939.657,1.234,2.286,0.100,0.037,0.040,1.030,0.000,0.000,685.464,0.180,0.000,252.825,1,871,191,5,853,1456,125.52,146.59,25.28,4624.23,466,0
0,107,1785737977170,2.744787824e-05,0.601947,0,799,0,1,0,0,0,16,1.000000,951.649,0.003,0.371,0.079,948.788,947.694,1.094,2.226,0.096,0.048,0.041,1.056,0.000,0.000,703.052,0.177,0.000,243.264,1,817,191,5,799,1456,125.52,146.59,25.28,4633.94,466,0
0,108,1785737978036,2.744727073e-05,0.601942,0,774,0,1,0,0,0,16,1.000000,865.351,0.002,0.405,0.073,862.479,861.358,1.121,2.217,0.103,0.041,0.032,0.925,0.000,0.000,606.869,0.180,0.000,253.208,1,792,191,5,774,1456,125.52,146.59,25.28,4617.73,466,0
0,109,1785737978932,2.744667583e-05,0.601937,0,776,0,1,0,0,0,16,1.000000,896.301,0.003,0.394,0.073,893.286,892.192,1.093,2.344,0.125,0.042,0.036,1.071,0.000,0.000,642.018,0.181,0.000,248.777,1,794,191,5,776,1456,125.52,146.59,25.28,4671.70,466,0
0,110,1785737979566,2.744630321e-05,0.601924,0,550,0,1,0,0,0,16,1.000000,634.245,0.003,0.338,0.075,631.288,630.158,1.129,2.378,0.099,0.034,0.033,1.003,0.000,0.000,434.029,0.180,0.000,194.795,1,568,191,5,550,1456,125.52,146.59,25.28,4620.30,466,0
0,111,1785737980206,2.744633121e-05,0.601900,1,554,0,1,0,0,0,16,1.000000,639.587,0.003,0.381,0.072,636.668,635.580,1.087,2.286,0.103,0.039,0.038,0.967,0.000,0.000,440.609,0.177,0.000,193.667,1,572,191,5,554,1456,125.52,146.59,25.28,4619.16,466,0
0,112,1785737980857,2.752796939e-05,0.606235,1,559,0,2,0,0,0,16,1.000000,651.533,0.007,0.362,0.082,648.687,647.567,1.120,2.255,0.095,0.014,0.038,1.071,0.000,0.000,439.590,0.195,0.000,206.553,1,577,191,5,559,1456,125.52,146.59,25.28,4656.44,466,0
0,113,1785737981676,2.740944132e-05,0.606797,0,732,0,2,0,0,0,16,1.000000,818.757,0.002,0.405,0.070,815.889,814.762,1.126,2.223,0.097,0.038,0.036,0.960,0.000,0.000,581.209,0.180,0.000,232.259,1,750,191,5,732,1456,125.52,146.59,25.28,4619.30,466,0
0,114,1785737982629,2.738393112e-05,0.607002,0,862,0,2,0,0,0,16,1.000000,952.841,0.003,0.342,0.074,949.849,948.727,1.122,2.376,0.107,0.052,0.041,0.979,0.000,0.000,686.938,0.183,0.000,260.465,1,880,191,5,862,1456,103.22,146.59,23.11,4660.95,466,0
0,115,1785737983573,2.737417337e-05,0.607125,0,857,0,2,0,0,0,16,1.000000,943.994,0.008,0.425,0.074,941.024,939.875,1.149,2.268,0.106,0.049,0.047,1.378,0.000,0.000,682.262,0.181,0.000,255.906,1,875,191,5,857,1456,103.22,146.59,23.11,4605.25,466,0
0,116,1785737984497,2.736751689e-05,0.607191,0,810,0,2,0,0,0,16,1.000000,923.684,0.005,0.381,0.084,920.791,919.683,1.108,2.257,0.095,0.038,0.038,1.146,0.000,0.000,670.616,0.180,0.000,247.550,1,828,191,5,810,1456,103.22,146.59,23.11,4639.88,466,0
0,117,1785737985634,2.736388039e-05,0.607211,0,979,0,2,0,0,0,16,1.000000,1137.619,0.002,0.422,0.069,1134.663,1133.535,1.126,2.250,0.115,0.053,0.048,1.007,0.000,0.000,850.204,0.201,0.000,281.965,1,997,191,5,979,1456,103.22,146.59,23.09,4615.75,466,0
0,118,1785737986675,2.73620954e-05,0.607217,0,943,0,2,0,0,0,16,1.000000,1040.615,0.006,0.333,0.070,1037.738,1036.586,1.152,2.290,0.098,0.048,0.038,0.956,0.000,0.000,763.286,0.182,0.000,272.000,1,961,191,5,943,1456,103.22,146.59,23.09,4665.56,466,0
0,119,1785737987717,2.736069301e-05,0.607223,0,941,0,2,0,0,0,16,1.000000,1042.090,0.008,0.388,0.070,1038.882,1037.765,1.116,2.562,0.101,0.048,0.039,1.019,0.000,0.000,763.514,0.177,0.000,272.901,1,959,191,5,941,1456,103.25,146.59,23.09,4614.61,466,0
0,120,1785737988765,2.735935971e-05,0.607229,0,937,0,2,0,0,0,16,1.000000,1047.378,0.004,0.353,0.077,1044.470,1043.325,1.144,2.304,0.098,0.037,0.038,1.042,0.000,0.000,755.256,0.188,0.000,286.673,1,955,191,5,937,1456,103.25,146.59,23.09,4655.20,466,0
0,121,1785737989857,2.735803068e-05,0.607235,0,925,0,2,0,0,0,16,1.000000,1091.905,0.002,0.406,0.077,1088.900,1087.791,1.108,2.323,0.107,0.054,0.038,1.533,0.000,0.000,810.265,0.189,0.000,275.638,1,943,191,5,925,1456,103.33,146.59,23.09,4629.09,466,0
0,122,1785737990996,2.735669856e-05,0.607238,0,926,0,2,0,0,0,16,1.000000,1139.486,0.004,0.436,0.082,1136.303,1135.144,1.157,2.328,0.096,0.186,0.054,1.094,0.000,0.000,812.768,0.187,0.000,320.937,1,944,191,5,926,1456,103.33,146.59,23.11,4611.39,466,0
0,123,1785737992000,2.735537567e-05,0.607240,0,894,0,2,0,0,0,16,1.000000,1003.399,0.005,0.388,0.078,1000.405,999.209,1.193,2.364,0.101,0.027,0.036,1.010,0.000,0.000,717.010,0.180,0.000,280.861,1,912,191,5,894,1456,103.33,146.59,23.11,4548.75,466,0
0,124,1785737992912,2.735397984e-05,0.607241,0,821,0,2,0,0,0,16,1.000000,912.080,0.002,0.431,0.070,908.988,907.857,1.130,2.395,0.118,0.037,0.040,1.000,0.000,0.000,661.475,0.177,0.000,245.047,1,839,191,5,821,1456,103.33,146.59,23.11,4598.06,466,0
0,125,1785737993748,2.735246333e-05,0.607239,0,743,0,2,0,0,0,16,1.000000,836.481,0.008,0.467,0.071,833.481,832.381,1.098,2.284,0.105,0.039,0.034,1.055,0.000,0.000,600.011,0.177,0.000,230.987,1,761,191,5,743,1456,103.33,146.59,23.11,4563.80,466,0
0,126,1785737994736,2.841358203e-05,0.601900,0,845,0,4,0,0,0,16,1.000000,987.895,0.006,0.377,0.100,985.044,983.938,1.104,2.208,0.095,0.038,0.033,0.979,0.000,0.000,732.566,0.192,0.000,250.044,1,863,191,5,845,1456,103.33,146.59,23.11,4599.75,466,0
0,127,1785737995529,2.757786365e-05,0.615187,0,698,0,4,0,0,0,16,1.000000,792.713,0.002,0.463,0.071,789.748,788.618,1.130,2.243,0.095,0.056,0.038,0.974,0.000,0.000,546.694,0.188,0.000,240.609,1,716,191,5,698,1456,103.38,146.59,23.11,4534.25,466,0
0,128,1785737996317,2.739557466e-05,0.615529,0,652,0,4,0,0,0,16,1.000000,788.303,0.002,0.384,0.072,785.448,784.321,1.127,2.228,0.095,0.042,0.034,0.982,0.000,0.000,562.802,0.177,0.000,220.192,1,670,191,5,652,1456,103.39,146.59,23.11,4529.94,466,0
0,129,1785737997144,2.731265165e-05,0.618786,0,705,0,4,0,0,0,16,1.000000,826.850,0.004,0.371,0.072,823.990,822.848,1.141,2.239,0.095,0.042,0.042,0.967,0.000,0.000,590.953,0.177,0.000,230.591,1,723,191,5,705,1456,103.39,146.59,23.11,4530.06,466,0
0,130,1785737997992,2.72302527e-05,0.620230,0,717,0,4,0,0,0,16,1.000000,848.333,0.004,0.413,0.083,845.372,844.224,1.148,2.268,0.113,0.047,0.037,1.022,0.000,0.000,604.934,0.178,0.000,237.927,1,735,191,5,717,1456,103.39,146.59,23.11,4545.80,466,0
0,131,1785737999095,2.717577776e-05,0.621115,0,954,0,4,0,0,0,16,1.000000,1102.319,0.003,0.401,0.076,1099.347,1098.243,1.103,2.315,0.100,0.046,0.034,1.062,0.000,0.000,799.785,0.198,0.000,297.040,1,972,191,5,954,1456,103.39,146.59,23.11,4582.36,466,0
0,132,1785738000407,2.715771925e-05,0.621360,0,1046,0,4,0,0,0,16,1.000000,1312.316,0.003,0.430,0.074,1308.525,1307.402,1.123,2.374,0.101,0.771,0.041,1.003,0.000,0.000,913.170,0.178,0.000,392.880,1,1064,191,5,1046,1456,103.73,146.59,23.88,4172.02,466,0
0,133,1785738001583,2.715036545e-05,0.621455,0,996,0,4,0,0,0,16,1.000000,1175.909,0.004,0.429,0.077,1172.194,1171.090,1.103,3.014,0.109,0.049,0.037,1.212,0.000,0.000,848.617,0.186,0.000,320.919,1,1014,191,5,996,1456,103.73,146.59,24.27,4266.12,466,0
0,134,1785738002674,2.714469807e-05,0.621463,0,948,0,4,0,0,0,16,1.000000,1091.278,0.002,0.406,0.077,1088.304,1087.195,1.108,2.317,0.097,0.042,0.034,1.062,0.000,0.000,785.472,0.175,0.000,300.333,1,966,191,5,948,1456,103.73,146.59,24.27,4487.70,466,0
0,135,1785738003738,2.713937369e-05,0.621459,0,926,0,4,0,0,0,16,1.000000,1063.979,0.005,0.327,0.086,1061.142,1060.040,1.101,2.246,0.095,0.043,0.040,1.000,0.000,0.000,779.940,0.177,0.000,278.773,1,944,191,5,926,1456,103.73,146.59,24.27,4418.02,466,0
0,136,1785738004614,2.713414895e-05,0.621465,0,750,0,4,0,0,0,16,1.000000,875.980,0.002,0.359,0.074,873.198,872.099,1.098,2.178,0.094,0.042,0.034,1.020,0.000,0.000,631.992,0.180,0.000,238.760,1,768,191,5,750,1456,103.73,146.59,24.27,4419.97,466,0
0,137,1785738005472,2.712905021e-05,0.621475,0,740,0,4,0,0,0,16,1.000000,857.512,0.002,0.322,0.073,854.742,853.387,1.353,2.205,0.102,0.035,0.034,1.204,0.000,0.000,604.371,0.182,0.000,247.477,1,758,191,5,740,1456,103.73,146.59,24.27,4411.17,466,0
0,138,1785738006614,2.712443006e-05,0.621499,0,985,0,4,0,0,0,16,1.000000,1142.274,0.002,0.613,0.074,1138.211,1137.065,1.146,2.393,0.098,0.779,0.105,0.987,0.000,0.000,837.162,0.178,0.000,298.477,1,1003,191,5,985,1456,104.22,146.59,46.58,4454.03,466,0
0,139,1785738007520,2.712000423e-05,0.621527,0,779,0,4,0,0,0,16,1.000000,905.801,0.004,0.390,0.074,902.897,901.786,1.110,2.267,0.094,0.043,0.035,1.559,0.000,0.000,650.585,0.177,0.000,249.308,1,797,191,5,779,1456,104.22,146.59,46.58,4352.69,466,0
0,140,1785738008417,2.711578358e-05,0.621523,0,764,0,4,0,0,0,16,1.000000,896.254,0.002,0.374,0.073,893.188,892.057,1.130,2.451,0.095,0.039,0.034,1.011,0.000,0.000,630.484,0.187,0.000,260.231,1,782,191,5,764,1456,104.22,146.59,46.58,4373.67,466,0
0,141,1785738009292,2.711179418e-05,0.621547,0,731,0,4,0,0,0,16,1.000000,875.793,0.010,0.411,0.074,872.845,871.716,1.129,2.293,0.095,0.042,0.033,1.000,0.000,0.000,612.188,0.177,0.000,258.206,1,749,191,5,731,1456,104.22,146.59,46.56,4336.53,466,0
0,142,1785738010197,2.710830467e-05,0.621494,0,775,0,4,0,0,0,16,1.000000,904.516,0.003,0.401,0.076,901.524,900.405,1.118,2.341,0.094,0.044,0.036,1.333,0.000,0.000,653.633,0.177,0.000,245.106,1,793,191,5,775,1456,104.23,146.59,46.56,4355.53,466,0
0,143,1785738010952,2.71060672e-05,0.621532,0,634,0,4,0,0,0,16,1.000000,754.714,0.006,0.385,0.077,751.813,750.693,1.119,2.256,0.095,0.048,0.038,0.988,0.000,0.000,532.694,0.177,0.000,216.686,1,652,191,5,634,1456,104.23,146.59,46.53,4389.17,466,0
0,144,1785738011648,2.710696873e-05,0.621383,0,580,0,4,0,0,0,16,1.000000,695.967,0.003,0.383,0.076,693.151,692.014,1.137,2.185,0.094,0.039,0.038,0.988,0.000,0.000,472.677,0.177,0.000,218.008,1,598,191,5,580,1456,104.23,146.59,46.53,4362.67,466,0
0,145,1785738012335,2.710960569e-05,0.621345,0,564,0,4,0,0,0,16,1.000000,687.785,0.002,0.372,0.074,684.636,683.314,1.320,2.219,0.095,0.355,0.035,1.041,0.000,0.000,470.219,0.201,0.000,211.690,1,582,191,5,564,1456,104.23,146.59,46.53,4456.31,466,0
0,146,1785738013046,2.711546008e-05,0.621269,0,594,0,4,0,0,0,16,1.000000,710.771,0.002,0.323,0.077,707.951,706.832,1.119,2.244,0.095,0.043,0.038,1.040,0.000,0.000,498.405,0.184,0.000,207.037,1,612,191,5,594,1456,104.23,146.59,46.53,4458.22,466,0
0,147,1785738013789,2.712290538e-05,0.621057,0,624,0,4,0,0,0,16,1.000000,742.949,0.015,0.384,0.074,740.028,738.925,1.102,2.297,0.095,0.037,0.035,0.947,0.000,0.000,524.139,0.177,0.000,213.500,1,642,191,5,624,1456,104.23,146.59,46.52,4410.02,466,0
0,148,1785738014796,3.779837725e-05,0.601704,0,869,0,8,0,0,0,16,1.000000,1007.025,0.003,0.388,0.091,1004.190,1003.057,1.133,2.182,0.095,0.043,0.036,0.962,0.000,0.000,737.241,0.181,0.000,264.514,1,887,191,5,869,1456,104.23,146.59,46.52,4465.94,466,0
0,149,1785738015741,4.112902806e-05,0.604517,0,817,0,8,0,0,0,16,1.000000,944.428,0.005,0.398,0.090,941.475,940.288,1.187,2.264,0.107,0.059,0.036,0.963,0.000,0.000,678.494,0.178,0.000,260.498,1,835,191,5,817,1456,104.23,146.59,46.50,4419.70,466,0
0,150,1785738016737,4.37134938e-05,0.565488,0,865,0,8,0,0,0,16,1.000000,996.359,0.002,0.399,0.092,993.477,992.340,1.136,2.221,0.095,0.041,0.034,0.986,0.000,0.000,726.263,0.183,0.000,264.723,1,883,191,5,865,1456,104.30,146.59,46.50,4472.14,466,0
0,151,1785738017664,5.074277879e-05,0.552604,0,805,0,8,0,0,0,16,1.000000,927.028,0.008,0.365,0.087,924.174,923.057,1.117,2.228,0.095,0.045,0.034,0.961,0.000,0.000,668.102,0.177,0.000,253.647,1,823,191,5,805,1456,104.31,146.59,46.48,4410.62,466,0
0,152,1785738018716,3.662768021e-05,0.560692,0,926,0,8,0,0,0,16,1.000000,1051.791,0.002,0.402,0.083,1048.743,1047.623,1.119,2.331,0.123,0.064,0.045,1.000,0.000,0.000,755.829,0.203,0.000,290.401,1,944,191,5,926,1456,104.31,146.59,46.47,4451.28,466,0
0,153,1785738019642,2.973689899e-05,0.580225,0,793,0,8,0,0,0,16,1.000000,925.888,0.003,0.500,0.086,922.715,921.571,1.144,2.415,0.096,0.043,0.034,0.971,0.000,0.000,659.174,0.180,0.000,261.076,1,811,191,5,793,1456,104.31,146.59,46.47,4392.56,466,0
0,154,1785738020427,2.771790574e-05,0.600309,0,666,0,8,0,0,0,16,1.000000,784.655,0.002,0.390,0.090,781.776,780.661,1.114,2.227,0.095,0.044,0.034,1.009,0.000,0.000,556.507,0.177,0.000,222.776,1,684,191,5,666,1456,104.31,146.59,46.47,4420.67,466,0
0,155,1785738021288,2.717693741e-05,0.615387,0,730,0,8,0,0,0,16,1.000000,861.665,0.003,0.387,0.083,858.816,857.699,1.117,2.208,0.096,0.037,0.037,0.964,0.000,0.000,619.353,0.177,0.000,237.033,1,748,191,5,730,1456,104.31,146.59,46.47,4411.72,466,0
0,156,1785738022158,2.699597354e-05,0.624525,0,731,0,8,0,0,0,16,1.000000,869.846,0.002,0.414,0.084,866.608,865.474,1.134,2.244,0.096,0.366,0.034,0.996,0.000,0.000,605.195,0.181,0.000,258.938,1,749,191,5,731,1456,104.31,146.59,46.47,4429.31,466,0
0,157,1785738023017,2.69232019e-05,0.629396,0,733,0,8,0,0,0,16,1.000000,858.708,0.004,0.479,0.088,855.273,854.156,1.116,2.697,0.096,0.040,0.034,1.538,0.000,0.000,603.650,0.189,0.000,248.596,1,751,191,5,733,1456,104.31,146.59,46.47,4459.36,466,0
0,158,1785738023885,2.689080892e-05,0.632054,0,737,0,8,0,0,0,16,1.000000,868.337,0.002,0.436,0.084,865.408,864.073,1.334,2.245,0.095,0.027,0.042,0.943,0.000,0.000,622.683,0.177,0.000,240.105,1,755,191,5,737,1456,104.31,146.59,46.47,4389.89,466,0
0,159,1785738024751,2.687141049e-05,0.633289,0,733,0,8,0,0,0,16,1.000000,865.152,0.002,0.323,0.084,862.073,860.966,1.106,2.500,0.096,0.041,0.034,0.993,0.000,0.000,618.806,0.179,0.000,240.812,1,751,191,5,733,1456,104.31,146.59,46.47,4423.45,466,0
0,160,1785738025693,2.685833465e-05,0.633889,0,731,0,8,0,0,0,16,1.000000,941.933,0.002,0.401,0.085,938.833,937.680,1.152,2.420,0.113,0.045,0.035,0.970,0.000,0.000,653.215,0.177,0.000,283.152,1,749,191,5,731,1456,104.31,146.59,46.47,4378.25,466,0
0,161,1785738026636,2.684829504e-05,0.634260,0,801,0,8,0,0,0,16,1.000000,943.681,0.002,0.361,0.088,940.806,939.514,1.292,2.258,0.095,0.040,0.034,1.015,0.000,0.000,679.578,0.179,0.000,258.548,1,819,191,5,801,1456,104.31,146.59,46.47,4404.69,466,0
0,162,1785738027607,2.683948128e-05,0.634527,0,833,0,8,0,0,0,16,1.000000,970.510,0.002,0.357,0.085,967.715,966.549,1.165,2.190,0.095,0.035,0.033,0.965,0.000,0.000,697.097,0.184,0.000,268.137,1,851,191,5,833,1456,104.31,146.59,46.86,4421.16,466,0
0,163,1785738028585,2.683130582e-05,0.634685,0,830,0,8,0,0,0,16,1.000000,977.804,0.003,0.377,0.085,974.554,973.408,1.145,2.617,0.095,0.043,0.034,0.962,0.000,0.000,712.594,0.184,0.000,259.504,1,848,191,5,830,1456,104.31,146.59,46.86,4471.80,466,0
0,164,1785738029738,2.682382488e-05,0.634707,0,1003,0,8,0,0,0,16,1.000000,1153.421,0.002,0.371,0.087,1150.577,1149.472,1.105,2.220,0.095,0.039,0.033,0.964,0.000,0.000,833.309,0.177,0.000,314.844,1,1021,191,5,1003,1456,104.31,146.59,46.86,4431.64,466,0
0,165,1785738030766,2.681667999e-05,0.634672,0,888,0,8,0,0,0,16,1.000000,1027.448,0.002,0.393,0.085,1024.516,1023.370,1.145,2.253,0.115,0.047,0.039,0.948,0.000,0.000,752.743,0.178,0.000,269.334,1,906,191,5,888,1456,104.31,146.59,46.84,4513.98,466,0
0,166,1785738031923,2.680999081e-05,0.634596,0,920,0,8,0,0,0,16,1.000000,1157.773,0.004,0.384,0.141,1154.701,1153.526,1.173,2.379,0.099,0.033,0.037,1.153,0.000,0.000,820.221,0.186,0.000,331.798,1,938,191,5,920,1456,104.31,146.59,46.84,4499.45,466,0
0,167,1785738032913,2.680431537e-05,0.634363,0,874,0,8,0,0,0,16,1.000000,989.103,0.002,0.366,0.090,985.936,984.726,1.208,2.338,0.101,0.231,0.041,1.043,0.000,0.000,709.111,0.188,0.000,274.204,1,892,191,5,874,1456,104.31,146.59,46.84,4529.72,466,0
0,168,1785738033775,2.680170935e-05,0.634062,0,729,0,8,0,0,0,16,1.000000,862.401,0.003,0.397,0.090,859.393,858.234,1.159,2.300,0.140,0.041,0.040,1.042,0.000,0.000,619.127,0.180,0.000,237.721,1,747,191,5,729,1456,104.31,146.59,46.84,4370.19,466,0
0,169,1785738034633,2.680884308e-05,0.633691,0,732,0,8,0,0,0,16,1.000000,858.452,0.003,0.392,0.094,855.296,854.174,1.122,2.495,0.095,0.043,0.038,0.996,0.000,0.000,614.079,0.178,0.000,238.751,1,750,191,5,732,1456,104.31,146.59,46.84,4431.44,466,0
0,170,1785738035484,2.684731369e-05,0.632142,0,724,0,8,0,0,0,16,1.000000,850.902,0.002,0.356,0.087,847.803,846.682,1.121,2.481,0.096,0.042,0.037,0.965,0.000,0.000,611.029,0.177,0.000,234.346,1,742,191,5,724,1456,104.31,146.59,46.84,4445.94,466,0
0,171,1785738036341,2.69070901e-05,0.630601,0,735,0,8,0,0,0,16,1.000000,856.939,0.002,0.424,0.089,853.938,852.810,1.128,2.305,0.097,0.049,0.038,0.937,0.000,0.000,604.643,0.178,0.000,246.879,1,753,191,5,735,1456,104.31,146.59,46.84,4467.38,466,0
0,172,1785738037176,2.699158119e-05,0.628143,0,708,0,8,0,0,0,16,1.000000,834.674,0.003,0.327,0.131,831.838,830.697,1.140,2.204,0.095,0.046,0.034,0.969,0.000,0.000,599.384,0.177,0.000,230.012,1,726,191,5,708,1456,104.31,146.59,46.84,4449.55,466,0
0,173,1785738038043,2.72531893e-05,0.625130,0,733,0,8,0,0,0,16,1.000000,867.204,0.007,0.360,0.089,864.375,863.263,1.111,2.191,0.102,0.048,0.039,0.991,0.000,0.000,626.033,0.177,0.000,235.905,1,751,191,5,733,1456,104.31,146.59,46.84,4457.41,466,0
0,174,1785738038952,2.717003228e-05,0.624887,1,769,0,8,0,0,0,16,1.000000,909.060,0.002,0.372,0.089,906.207,904.730,1.475,2.224,0.095,0.033,0.042,0.988,0.000,0.000,648.607,0.177,0.000,254.797,1,787,191,5,769,1456,104.31,146.59,46.84,4506.00,466,0
0,175,1785738040028,0.0001360782756,0.646936,1,935,0,16,0,0,0,16,1.000000,1075.596,0.003,0.377,0.094,1072.726,1071.600,1.126,2.227,0.096,0.040,0.035,0.981,0.000,0.000,784.227,0.177,0.000,286.064,1,953,191,5,935,1456,104.31,146.59,46.84,4456.98,466,0
0,176,1785738041520,7.226645454e-05,0.643962,1,1341,0,16,0,0,0,16,1.000000,1492.355,0.003,0.360,0.104,1489.573,1488.453,1.120,2.146,0.095,0.045,0.033,0.981,0.000,0.000,1130.035,0.180,0.000,357.094,1,1359,191,5,1341,1456,104.31,146.59,46.84,4473.33,466,0
0,177,1785738042947,3.28070253e-05,0.628913,1,1245,0,16,0,0,0,16,1.000000,1426.739,0.001,0.356,0.108,1423.439,1422.287,1.151,2.352,0.096,0.349,0.040,1.081,0.000,0.000,1053.017,0.177,0.000,367.844,1,1263,191,5,1245,1456,89.72,146.59,43.64,4526.56,466,0
0,178,1785738044525,6.251231017e-05,0.626858,1,1432,0,16,0,0,0,16,1.000000,1577.794,0.003,0.404,0.098,1574.840,1573.669,1.171,2.278,0.095,0.044,0.035,1.091,0.000,0.000,1197.920,0.180,0.000,374.313,1,1450,191,5,1432,1456,89.72,146.59,43.64,4524.72,466,0
0,179,1785738045936,3.64231496e-05,0.608054,1,1264,0,16,0,0,0,16,1.000000,1410.981,0.002,0.384,0.096,1407.934,1406.780,1.153,2.411,0.096,0.027,0.033,1.033,0.000,0.000,1063.084,0.183,0.000,342.326,1,1282,191,5,1264,1456,89.72,146.59,43.64,4494.33,466,0
0,180,1785738047869,6.144163627e-05,0.598822,1,1535,0,16,0,0,0,16,1.000000,1932.445,0.002,0.367,0.099,1929.586,1928.458,1.128,2.217,0.095,0.042,0.038,1.010,0.000,0.000,1274.466,208.974,46.381,397.477,1,1744,191,2,1456,1456,89.72,146.59,37.89,4489.84,466,0
0,181,1785738049332,3.435979184e-05,0.597293,1,1293,0,16,0,0,0,16,1.000000,1460.053,0.002,0.375,0.096,1457.066,1455.885,1.179,2.326,0.100,0.045,0.044,0.969,0.000,0.000,1080.650,0.188,0.000,373.899,1,1311,191,5,1293,1456,89.73,146.59,37.81,4485.00,466,0
0,182,1785738050934,2.903088458e-05,0.609649,1,1442,0,16,0,0,0,16,1.000000,1598.974,0.002,0.392,0.097,1595.988,1594.844,1.143,2.297,0.100,0.063,0.038,1.060,0.000,0.000,1199.475,0.177,0.000,393.976,1,1460,191,5,1442,1456,89.75,146.59,37.64,4519.03,466,0
0,183,1785738052369,2.718851149e-05,0.620508,1,1265,0,16,0,0,0,16,1.000000,1432.102,0.002,0.384,0.097,1428.759,1427.641,1.118,2.370,0.104,0.351,0.036,1.021,0.000,0.000,1061.819,0.177,0.000,364.467,1,1283,191,5,1265,1456,89.75,146.59,39.19,4458.84,466,0
0,184,1785738053759,2.685435741e-05,0.627015,1,1248,0,16,0,0,0,16,1.000000,1387.676,0.002,0.395,0.097,1384.743,1383.612,1.130,2.280,0.095,0.030,0.037,1.030,0.000,0.000,1034.894,0.177,0.000,347.338,1,1266,191,5,1248,1456,89.75,146.59,39.19,4430.47,466,0
0,185,1785738055148,2.674878856e-05,0.630085,0,1236,0,16,0,0,0,16,1.000000,1386.539,0.002,0.392,0.095,1383.239,1382.116,1.122,2.637,0.099,0.044,0.034,0.940,0.000,0.000,1029.375,0.177,0.000,351.449,1,1254,191,5,1236,1456,89.75,146.59,39.19,4459.67,466,0
0,186,1785738056554,2.670690064e-05,0.632660,0,1228,0,16,0,0,0,16,1.000000,1403.783,0.002,0.450,0.098,1400.200,1398.977,1.222,2.853,0.097,0.042,0.043,0.977,0.000,0.000,1018.928,0.180,0.000,378.613,1,1246,191,5,1228,1456,89.75,146.59,39.19,4579.30,466,0
0,187,1785738058049,2.668374841e-05,0.633052,0,1224,0,16,0,0,0,16,1.000000,1492.238,0.003,0.366,0.128,1489.364,1488.214,1.148,2.214,0.096,0.036,0.036,1.125,0.000,0.000,1099.847,0.177,0.000,386.812,1,1242,191,5,1224,1456,89.75,146.59,39.19,4603.36,466,0
0,188,1785738059422,2.666747954e-05,0.634266,0,1212,0,16,0,0,0,16,1.000000,1372.104,0.003,0.388,0.093,1368.912,1367.795,1.117,2.554,0.095,0.026,0.035,0.984,0.000,0.000,1004.318,0.177,0.000,362.143,1,1230,191,5,1212,1456,89.75,146.59,39.19,4573.34,466,0
0,189,1785738060848,2.665815282e-05,0.634209,0,1204,0,16,0,0,0,16,1.000000,1423.524,0.002,0.389,0.093,1419.879,1418.772,1.107,2.247,0.095,0.781,0.039,0.954,0.000,0.000,1028.760,0.180,0.000,388.708,1,1222,191,5,1204,1456,89.75,146.59,39.19,4206.39,466,0
0,190,1785738062212,2.664882802e-05,0.634892,0,1195,0,16,0,0,0,16,1.000000,1362.395,0.005,0.394,0.092,1359.457,1358.329,1.127,2.289,0.095,0.033,0.036,1.029,0.000,0.000,1004.257,0.184,0.000,352.675,1,1213,191,5,1195,1456,89.75,146.59,39.19,4437.91,466,0
0,191,1785738063564,2.664273855e-05,0.634959,0,1190,0,16,0,0,0,16,1.000000,1351.195,0.003,0.368,0.100,1348.298,1347.168,1.130,2.257,0.095,0.041,0.035,1.033,0.000,0.000,977.856,0.186,0.000,367.938,1,1208,191,5,1190,1456,92.78,146.59,39.66,4403.14,466,0
0,192,1785738064895,2.663629847e-05,0.635106,0,1187,0,16,0,0,0,16,1.000000,1329.338,0.003,0.395,0.093,1326.341,1325.223,1.117,2.339,0.099,0.039,0.034,0.943,0.000,0.000,987.882,0.177,0.000,336.048,1,1205,191,5,1187,1456,92.78,146.59,39.66,4473.34,466,0
0,193,1785738066231,2.663138128e-05,0.635170,0,1181,0,16,0,0,0,16,1.000000,1334.930,0.003,0.365,0.094,1332.053,1330.932,1.121,2.249,0.095,0.039,0.034,0.941,0.000,0.000,987.073,0.177,0.000,342.574,1,1199,191,5,1181,1456,92.78,146.59,39.66,4395.45,466,0
0,194,1785738067540,2.662709189e-05,0.635142,0,1181,0,16,0,0,0,16,1.000000,1308.266,0.002,0.371,0.093,1305.381,1304.271,1.110,2.252,0.095,0.040,0.034,0.953,0.000,0.000,967.186,0.177,0.000,335.791,1,1199,191,5,1181,1456,92.78,146.59,39.66,4404.06,466,0
0,195,1785738068865,2.662270774e-05,0.635183,0,1174,0,16,0,0,0,16,1.000000,1324.466,0.002,0.401,0.092,1321.353,1320.207,1.145,2.412,0.097,0.072,0.038,0.965,0.000,0.000,992.379,0.177,0.000,326.504,1,1192,191,5,1174,1456,92.78,146.59,39.66,4434.41,466,0
0,196,1785738070298,2.662170773e-05,0.635097,0,1180,0,16,0,0,0,16,1.000000,1431.085,0.002,0.429,0.098,1427.672,1426.544,1.127,2.699,0.100,0.043,0.045,1.005,0.000,0.000,1029.087,0.180,0.000,396.113,1,1198,191,5,1180,1456,92.78,146.59,39.67,4434.03,466,0
0,197,1785738071622,2.662442021e-05,0.634668,0,1179,0,16,0,0,0,16,1.000000,1323.538,0.002,0.375,0.099,1320.666,1319.538,1.127,2.229,0.095,0.039,0.035,1.011,0.000,0.000,987.458,0.185,0.000,330.707,1,1197,191,5,1179,1456,92.78,146.59,39.67,4505.11,466,0
0,198,1785738072961,2.662862439e-05,0.634567,0,1192,0,16,0,0,0,16,1.000000,1337.977,0.002,0.392,0.092,1335.104,1333.996,1.107,2.221,0.095,0.036,0.037,0.929,0.000,0.000,995.407,0.183,0.000,337.290,1,1210,191,5,1192,1456,92.78,146.59,39.67,4548.69,466,0
0,199,1785738074276,2.662427619e-05,0.634574,0,1176,0,16,0,0,0,16,1.000000,1315.090,0.002,0.368,0.093,1312.244,1311.132,1.112,2.222,0.095,0.035,0.033,0.958,0.000,0.000,977.277,0.177,0.000,332.553,1,1194,191,5,1176,1456,92.78,146.59,39.67,4529.95,466,0
0,200,1785738075615,2.66197806e-05,0.634270,0,1188,0,16,0,0,0,16,1.000000,1337.938,0.002,0.368,0.093,1335.104,1333.986,1.117,2.202,0.095,0.042,0.035,0.952,0.000,0.000,1002.902,0.177,0.000,329.791,1,1206,191,5,1188,1456,92.78,146.59,39.67,4548.17,466,0
0,201,1785738076918,2.662085338e-05,0.634421,1,1189,0,16,0,0,0,16,1.000000,1302.031,0.002,0.363,0.092,1299.183,1298.077,1.106,2.233,0.095,0.033,0.033,0.942,0.000,0.000,970.664,0.177,0.000,326.134,1,1207,191,5,1189,1456,92.78,146.59,39.67,4594.58,466,0
0,202,1785738080658,3.588037471e-05,0.640818,1,2646,0,32,0,0,0,16,1.000000,3738.949,0.002,0.368,0.086,3735.766,3734.634,1.132,2.244,0.094,0.353,0.036,0.974,0.000,0.000,2195.551,207.288,690.657,640.010,1,2855,191,2,1456,1456,92.78,146.59,39.66,4617.33,466,0
0,203,1785738082629,5.454580266e-05,0.642450,1,1808,0,32,0,0,0,16,1.000000,1970.274,0.004,0.376,0.097,1967.460,1966.346,1.113,2.172,0.095,0.037,0.037,1.080,0.000,0.000,1504.810,0.200,0.000,460.085,1,1826,191,5,1808,1956,92.78,146.59,39.27,4610.55,466,0
0,204,1785738097098,3.283919107e-05,0.635724,1,2771,0,32,0,0,0,16,1.000000,14466.024,0.002,0.411,0.088,14462.911,14461.751,1.157,2.426,0.095,0.034,0.060,1.012,0.000,0.000,2273.379,10804.487,719.938,662.779,1,3069,280,3,1956,1956,130.63,146.59,14.30,4637.02,466,0
0,205,1785738098949,5.70072953e-05,0.639345,1,1798,0,32,0,0,0,16,1.000000,1851.410,0.005,0.442,0.104,1848.285,1847.175,1.109,2.376,0.124,0.043,0.037,1.087,0.000,0.000,1415.255,0.195,0.000,430.469,1,1816,280,5,1798,4146,130.63,146.59,14.30,4658.83,466,0
0,206,1785738101672,3.295578543e-05,0.630846,1,2635,0,32,0,0,0,16,1.000000,2722.258,0.002,0.433,0.098,2719.175,2718.036,1.138,2.380,0.095,0.040,0.037,1.142,0.000,0.000,2085.357,0.177,0.000,631.163,1,2653,280,5,2635,4146,116.33,146.59,11.53,4649.56,466,0
0,207,1785738103619,5.478024896e-05,0.631942,1,1874,0,32,0,0,0,16,1.000000,1947.129,0.002,0.385,0.092,1944.213,1943.102,1.111,2.266,0.097,0.040,0.037,0.995,0.000,0.000,1482.591,0.179,0.000,459.176,1,1892,280,5,1874,4146,116.33,146.59,11.53,4653.59,466,0
0,208,1785738106492,3.557973303e-05,0.621166,1,2808,0,32,0,0,0,16,1.000000,2872.957,0.001,0.353,0.090,2869.778,2868.609,1.167,2.202,0.098,0.397,0.039,0.953,0.000,0.000,2233.726,0.180,0.000,633.583,1,2826,280,5,2808,4146,116.33,146.59,11.53,4678.23,466,0
0,209,1785738108621,4.998098591e-05,0.619495,1,2078,0,32,0,0,0,16,1.000000,2128.265,0.002,0.388,0.110,2125.325,2124.198,1.127,2.250,0.095,0.054,0.044,1.014,0.000,0.000,1635.686,0.177,0.000,487.143,1,2096,280,5,2078,4146,116.33,146.59,11.53,4683.25,466,0
0,210,1785738111637,3.588518391e-05,0.613822,1,2877,0,32,0,0,0,16,1.000000,3015.892,0.002,0.341,0.091,3013.129,3012.017,1.110,2.170,0.095,0.035,0.032,1.142,0.000,0.000,2346.236,0.172,0.000,664.312,1,2895,280,5,2877,4146,116.33,146.59,11.53,4662.58,466,0
0,211,1785738113963,2.980869422e-05,0.617695,1,2167,0,32,0,0,0,16,1.000000,2325.528,0.002,0.385,0.091,2322.231,2321.115,1.116,2.298,0.109,0.373,0.040,1.004,0.000,0.000,1794.389,0.207,0.000,525.363,1,2185,280,5,2167,4146,116.33,146.59,11.53,4648.39,466,0
0,212,1785738116269,2.718986549e-05,0.622992,1,2252,0,32,0,0,0,16,1.000000,2306.526,0.003,0.462,0.093,2303.355,2302.085,1.267,2.430,0.096,0.042,0.047,1.076,0.000,0.000,1782.775,0.180,0.000,517.880,1,2270,280,5,2252,4146,116.33,146.59,11.53,4666.61,466,0
0,213,1785738118363,2.673326867e-05,0.626904,1,2004,0,32,0,0,0,16,1.000000,2093.718,0.003,0.378,0.098,2090.825,2089.715,1.108,2.248,0.095,0.042,0.032,1.056,0.000,0.000,1601.776,0.177,0.000,486.541,1,2022,280,5,2004,4146,116.33,146.59,11.53,4623.27,466,0
0,214,1785738120432,2.664530276e-05,0.628330,1,2003,0,32,0,0,0,16,1.000000,2068.370,0.002,0.347,0.091,2065.364,2064.252,1.111,2.186,0.095,0.249,0.038,0.982,0.000,0.000,1586.187,0.177,0.000,476.744,1,2021,280,5,2003,4146,116.33,146.59,11.55,4207.50,466,0
0,215,1785738122514,2.661197997e-05,0.629476,1,1992,0,32,0,0,0,16,1.000000,2081.980,0.004,0.411,0.100,2075.154,2072.279,2.872,6.110,0.101,0.040,0.064,1.077,0.000,0.000,1569.818,0.173,0.000,501.048,1,2010,280,5,1992,4146,116.33,146.59,15.78,4298.30,466,0
0,216,1785738124698,2.659650301e-05,0.629823,1,1984,0,32,0,0,0,16,1.000000,2183.599,0.003,0.422,0.097,2180.572,2179.452,1.119,2.307,0.112,0.053,0.036,1.095,0.000,0.000,1673.872,0.191,0.000,504.117,1,2002,280,5,1984,4146,116.33,146.59,15.78,4418.45,466,0
0,217,1785738126842,2.658649054e-05,0.630128,0,1968,0,32,0,0,0,16,1.000000,2144.773,0.002,0.377,0.104,2141.934,2140.772,1.161,2.187,0.095,0.043,0.032,1.108,0.000,0.000,1663.077,0.177,0.000,476.243,1,1986,280,5,1968,4146,116.33,146.59,15.78,4417.02,466,0
0,218,1785738128954,2.657945679e-05,0.630026,0,1955,0,32,0,0,0,16,1.000000,2111.141,0.002,0.390,0.091,2107.973,2106.797,1.174,2.451,0.095,0.101,0.040,0.947,0.000,0.000,1619.960,0.177,0.000,485.557,1,1973,280,5,1955,4146,116.33,146.59,15.78,4345.69,466,0
0,219,1785738131055,2.657425886e-05,0.629849,0,1945,0,32,0,0,0,16,1.000000,2101.183,0.003,0.377,0.091,2098.357,2097.242,1.115,2.193,0.095,0.035,0.034,1.005,0.000,0.000,1606.923,0.177,0.000,488.970,1,1963,280,5,1945,4146,116.33,146.59,15.78,4356.38,466,0
0,220,1785738133153,2.6569962e-05,0.629939,0,1948,0,32,0,0,0,16,1.000000,2098.100,0.003,0.380,0.089,2095.236,2094.122,1.114,2.221,0.097,0.041,0.034,0.989,0.000,0.000,1600.877,0.185,0.000,491.899,1,1966,280,5,1948,4146,116.33,146.59,15.78,4372.98,466,0
0,221,1785738135255,2.656687394e-05,0.629648,0,1934,0,32,0,0,0,16,1.000000,2101.448,0.002,0.384,0.089,2098.589,2097.455,1.133,2.218,0.095,0.041,0.033,1.003,0.000,0.000,1607.841,0.177,0.000,488.267,1,1952,280,5,1934,4146,116.33,146.59,15.78,4377.08,466,0
0,222,1785738137376,2.656342648e-05,0.629773,0,1941,0,32,0,0,0,16,1.000000,2121.098,0.003,0.362,0.089,2118.307,2117.168,1.138,2.169,0.095,0.041,0.035,0.959,0.000,0.000,1642.861,0.180,0.000,473.020,1,1959,280,5,1941,4146,116.33,146.59,15.78,4371.98,466,0
0,223,1785738139410,2.656087245e-05,0.629404,0,1908,0,32,0,0,0,16,1.000000,2033.811,0.002,0.313,0.088,2030.694,2029.560,1.134,2.174,0.095,0.410,0.037,0.973,0.000,0.000,1555.196,0.177,0.000,473.053,1,1926,280,5,1908,4146,116.33,146.59,15.78,4357.09,466,0
0,224,1785738141516,2.655888e-05,0.629515,0,1933,0,32,0,0,0,16,1.000000,2105.732,0.003,0.322,0.093,2102.920,2101.807,1.113,2.228,0.095,0.041,0.033,1.245,0.000,0.000,1613.930,0.173,0.000,486.298,1,1951,280,5,1933,4146,116.33,146.59,15.78,4365.55,466,0
0,225,1785738143589,2.655820427e-05,0.629145,0,1915,0,32,0,0,0,16,1.000000,2073.134,0.002,0.381,0.089,2070.205,2069.077,1.127,2.280,0.095,0.047,0.038,0.948,0.000,0.000,1581.717,0.180,0.000,486.059,1,1933,280,5,1915,4146,116.33,146.59,15.78,4353.58,466,0
0,226,1785738145680,2.656335288e-05,0.628866,0,1934,0,32,0,0,0,16,1.000000,2090.930,0.003,0.390,0.092,2088.018,2086.894,1.124,2.253,0.099,0.044,0.033,1.184,0.000,0.000,1597.858,0.194,0.000,487.483,1,1952,280,5,1934,4146,116.33,146.59,15.78,4355.61,466,0
0,227,1785738147792,2.657436496e-05,0.628413,0,1945,0,32,0,0,0,16,1.000000,2112.649,0.002,0.399,0.089,2109.742,2108.625,1.117,2.251,0.095,0.038,0.036,0.988,0.000,0.000,1627.014,0.177,0.000,480.292,1,1963,280,5,1945,4146,116.33,146.59,15.78,4370.88,466,0
0,228,1785738149886,2.657651763e-05,0.628636,1,1940,0,32,0,0,0,16,1.000000,2093.030,0.002,0.382,0.091,2089.405,2088.223,1.181,2.252,0.095,0.764,0.041,0.992,0.000,0.000,1603.359,0.177,0.000,483.532,1,1958,280,5,1940,4146,116.33,146.59,15.78,4383.08,466,0
1,1,1785738163213,0.0002765094401,0.397878,0,795,0,0,0,0,0,16,1.000000,878.390,0.000,0.227,0.013,875.653,874.404,1.246,2.317,0.098,0.035,0.047,0.939,0.000,0.000,624.969,0.177,0.000,248.154,1,813,280,5,795,4146,120.13,146.59,12.67,4781.09,472,0
1,2,1785738163748,0.0001110562458,0.421299,0,449,0,0,0,0,0,16,1.000000,535.343,0.002,0.225,0.013,532.551,531.427,1.124,2.372,0.103,0.042,0.036,1.139,0.000,0.000,354.827,0.177,0.000,175.110,1,467,280,5,449,4146,102.27,146.59,6.00,4792.89,472,0
1,3,1785738164149,6.524350998e-05,0.429504,0,315,0,0,0,0,0,16,1.000000,400.855,0.002,0.266,0.017,397.921,396.778,1.143,2.464,0.113,0.037,0.037,1.031,0.000,0.000,248.325,0.187,0.000,147.060,1,333,280,5,315,4146,102.28,146.59,6.00,4786.72,472,0
1,4,1785738164637,5.100574709e-05,0.436144,0,384,0,0,0,0,0,16,1.000000,487.480,0.002,0.233,0.017,484.657,483.548,1.109,2.405,0.095,0.032,0.041,1.044,0.000,0.000,309.572,0.177,0.000,172.580,1,402,280,5,384,4146,102.28,146.59,6.00,4834.98,472,0
1,5,1785738165031,4.283692678e-05,0.435706,0,311,0,0,0,0,0,16,1.000000,394.236,0.002,0.226,0.013,391.414,390.293,1.119,2.408,0.105,0.038,0.033,0.964,0.000,0.000,243.047,0.177,0.000,145.934,1,329,280,5,311,4146,102.28,146.59,6.00,4831.72,472,0
1,6,1785738165424,4.143243641e-05,0.439294,0,305,0,0,0,0,0,16,1.000000,393.130,0.002,0.234,0.016,390.287,389.058,1.226,2.423,0.098,0.031,0.041,1.012,0.000,0.000,238.801,0.180,0.000,148.895,1,323,280,5,305,4146,102.28,146.59,5.98,4778.39,472,0
1,7,1785738165781,3.937389731e-05,0.446729,0,264,0,0,0,0,0,16,1.000000,356.981,0.001,0.263,0.014,354.099,352.948,1.150,2.430,0.105,0.033,0.037,1.094,0.000,0.000,212.244,0.180,0.000,139.261,1,282,280,5,264,4146,102.28,146.59,5.98,4781.03,472,0
1,8,1785738166126,3.78484611e-05,0.448118,0,257,0,0,0,0,0,16,1.000000,344.423,0.002,0.231,0.016,341.531,340.410,1.120,2.475,0.103,0.034,0.033,1.032,0.000,0.000,203.536,0.180,0.000,135.486,1,275,280,5,257,4146,102.28,146.59,5.98,4746.84,472,0
1,9,1785738166471,3.736407956e-05,0.448432,0,255,0,0,0,0,0,16,1.000000,344.946,0.002,0.201,0.013,342.248,341.128,1.119,2.314,0.095,0.041,0.034,0.989,0.000,0.000,203.493,0.177,0.000,136.303,1,273,280,5,255,4146,102.28,146.59,5.98,4758.95,472,0
1,10,1785738166811,3.706322976e-05,0.448441,0,251,0,0,0,0,0,16,1.000000,340.394,0.002,0.202,0.013,337.704,336.585,1.119,2.310,0.095,0.036,0.033,0.923,0.000,0.000,199.763,0.177,0.000,135.558,1,269,280,5,251,4146,102.28,146.59,5.98,4772.56,472,0
1,11,1785738167156,3.680812917e-05,0.448774,0,261,0,0,0,0,0,16,1.000000,345.420,0.002,0.226,0.013,342.524,341.436,1.087,2.477,0.104,0.036,0.040,0.960,0.000,0.000,203.572,0.180,0.000,136.555,1,279,280,5,261,4146,102.28,146.59,5.98,4746.00,472,0
1,12,1785738167512,3.658310718e-05,0.448633,0,266,0,0,0,0,0,16,1.000000,355.179,0.005,0.256,0.017,352.319,351.226,1.092,2.407,0.109,0.038,0.032,1.003,0.000,0.000,212.455,0.186,0.000,137.423,1,284,280,5,266,4146,102.28,146.59,5.98,4746.56,472,0
1,13,1785738167882,3.633109856e-05,0.448530,0,283,0,0,0,0,0,16,1.000000,370.285,0.002,0.240,0.013,367.373,366.260,1.112,2.467,0.108,0.043,0.042,0.992,0.000,0.000,224.088,0.184,0.000,140.833,1,301,280,5,283,4146,102.28,146.59,5.98,4750.61,472,0
1,14,1785738168246,3.600105775e-05,0.448637,0,275,0,0,0,0,0,16,1.000000,363.915,0.003,0.236,0.017,360.996,359.898,1.097,2.485,0.103,0.038,0.041,1.111,0.000,0.000,218.903,0.172,0.000,139.526,1,293,280,5,275,4146,102.28,146.59,5.98,4755.00,472,0
1,15,1785738168624,3.564137544e-05,0.448696,0,290,0,0,0,0,0,16,1.000000,378.346,0.005,0.247,0.016,375.362,374.234,1.127,2.527,0.100,0.052,0.042,0.999,0.000,0.000,219.900,0.179,0.000,152.985,1,308,280,5,290,4146,102.28,146.59,5.98,4790.39,472,0
1,16,1785738169024,3.526589648e-05,0.448703,0,316,0,0,0,0,0,16,1.000000,400.187,0.002,0.269,0.013,397.215,396.088,1.127,2.512,0.108,0.036,0.035,1.209,0.000,0.000,246.760,0.180,0.000,147.766,1,334,280,5,316,4146,102.28,146.59,5.98,4796.31,472,0
1,17,1785738169437,3.584977606e-05,0.448492,0,324,0,0,0,0,0,16,1.000000,412.048,0.003,0.236,0.013,409.079,407.944,1.134,2.554,0.111,0.018,0.037,0.955,0.000,0.000,256.314,0.177,0.000,150.327,1,342,280,5,324,4146,102.28,146.59,5.98,4747.62,472,0
1,18,1785738169838,3.478027343e-05,0.448357,0,320,0,0,0,0,0,16,1.000000,401.527,0.002,0.227,0.016,398.724,397.637,1.086,2.386,0.098,0.036,0.040,1.053,0.000,0.000,248.604,0.180,0.000,147.617,1,338,280,5,320,4146,102.28,146.59,5.98,4746.78,472,0
1,19,1785738170274,3.463459467e-05,0.447736,0,351,0,0,0,0,0,16,1.000000,435.536,0.002,0.216,0.013,432.684,431.358,1.324,2.455,0.097,0.034,0.037,0.972,0.000,0.000,275.498,0.177,0.000,154.515,1,369,280,5,351,4146,102.28,146.59,5.98,4759.91,472,0
1,20,1785738170711,3.435003943e-05,0.447800,0,344,0,0,0,0,0,16,1.000000,437.597,0.001,0.297,0.014,434.642,433.470,1.171,2.468,0.103,0.036,0.037,1.272,0.000,0.000,275.810,0.210,0.000,155.963,1,362,280,5,344,4146,102.28,146.59,5.95,4725.61,472,0
1,21,1785738171200,3.413657102e-05,0.447898,0,395,0,0,0,0,0,16,1.000000,488.991,0.002,0.243,0.013,486.110,484.969,1.141,2.454,0.101,0.036,0.034,0.997,0.000,0.000,317.573,0.177,0.000,166.056,1,413,280,5,395,4146,102.28,146.59,5.95,4680.98,472,0
1,22,1785738171657,3.394040105e-05,0.448174,0,363,0,0,0,0,0,16,1.000000,456.951,0.003,0.221,0.013,454.223,453.097,1.126,2.331,0.096,0.031,0.035,0.982,0.000,0.000,287.319,0.177,0.000,164.458,1,381,280,5,363,4146,102.28,146.59,5.95,4683.34,472,0
1,23,1785738172100,3.376383599e-05,0.448898,0,341,0,0,0,0,0,16,1.000000,442.762,0.002,0.242,0.014,439.872,438.761,1.109,2.461,0.098,0.039,0.036,1.137,0.000,0.000,278.035,0.185,0.000,159.225,1,359,280,5,341,4146,102.28,146.59,5.95,4687.06,472,0
1,24,1785738172590,3.355191355e-05,0.449348,0,370,0,0,0,0,0,16,1.000000,489.703,0.003,0.243,0.016,486.794,485.676,1.118,2.460,0.104,0.051,0.034,1.039,0.000,0.000,303.482,0.180,0.000,180.819,1,388,280,5,370,4146,102.28,146.59,5.95,4702.09,472,0
1,25,1785738173057,3.34408229e-05,0.449493,0,375,0,0,0,0,0,16,1.000000,467.664,0.005,0.221,0.016,464.845,463.588,1.255,2.411,0.095,0.032,0.044,1.060,0.000,0.000,299.516,0.183,0.000,162.662,1,393,280,5,375,4146,102.28,146.59,5.95,4714.81,472,0
1,26,1785738173504,3.334768343e-05,0.449582,0,365,0,0,0,0,0,16,1.000000,446.961,0.002,0.228,0.013,444.139,443.034,1.104,2.392,0.108,0.038,0.043,1.052,0.000,0.000,284.942,0.183,0.000,156.689,1,383,280,5,365,4146,102.28,146.59,5.95,4692.28,472,0
1,27,1785738173942,3.328714284e-05,0.449692,0,355,0,0,0,0,0,16,1.000000,437.856,0.002,0.223,0.016,435.049,433.917,1.132,2.396,0.094,0.042,0.034,0.999,0.000,0.000,277.893,0.175,0.000,154.689,1,373,280,5,355,4146,73.94,146.59,5.12,4694.75,472,0
1,28,1785738174428,3.321874853e-05,0.449739,0,383,0,0,0,0,0,16,1.000000,485.904,0.002,0.218,0.013,483.022,481.900,1.121,2.480,0.105,0.033,0.033,0.942,0.000,0.000,312.442,0.177,0.000,168.178,1,401,280,5,383,4146,73.94,146.59,5.12,4701.73,472,0
1,29,1785738174903,3.317951018e-05,0.449762,0,385,0,0,0,0,0,16,1.000000,475.084,0.002,0.225,0.016,472.166,471.007,1.158,2.499,0.095,0.038,0.045,1.022,0.000,0.000,295.504,0.173,0.000,174.105,1,403,280,5,385,4146,73.94,146.59,5.12,4715.44,472,0
1,30,1785738175375,3.312994777e-05,0.449788,0,389,0,0,0,0,0,16,1.000000,471.705,0.002,0.222,0.013,468.906,467.771,1.135,2.362,0.095,0.053,0.053,0.940,0.000,0.000,306.041,0.180,0.000,160.452,1,407,280,5,389,4146,73.94,146.59,5.12,4715.44,472,0
1,31,1785738175842,3.309399946e-05,0.449791,0,392,0,0,0,0,0,16,1.000000,467.319,0.003,0.230,0.013,464.313,463.200,1.112,2.607,0.094,0.026,0.036,0.960,0.000,0.000,298.204,0.177,0.000,163.694,1,410,280,5,392,4146,73.94,146.59,5.12,4697.66,472,0
1,32,1785738176318,3.305607232e-05,0.449740,0,396,0,0,0,0,0,16,1.000000,475.862,0.004,0.220,0.013,472.966,471.859,1.106,2.492,0.103,0.035,0.033,0.983,0.000,0.000,308.474,0.172,0.000,162.068,1,414,280,5,396,4146,73.94,146.59,5.12,4700.12,472,0
1,33,1785738176807,3.30340718e-05,0.449738,0,400,0,0,0,0,0,16,1.000000,488.769,0.002,0.245,0.018,485.973,484.865,1.108,2.360,0.098,0.035,0.039,1.009,0.000,0.000,318.717,0.183,0.000,164.770,1,418,280,5,400,4146,73.94,146.59,5.12,4700.12,472,0
1,34,1785738177298,3.299814468e-05,0.449746,0,403,0,0,0,0,0,16,1.000000,490.349,0.006,0.278,0.017,487.438,486.302,1.136,2.434,0.111,0.039,0.033,1.076,0.000,0.000,319.008,0.174,0.000,165.868,1,421,280,5,403,4146,73.94,146.59,5.12,4699.44,472,0
1,35,1785738177793,3.296692294e-05,0.449772,0,407,0,0,0,0,0,16,1.000000,495.097,0.003,0.236,0.016,492.310,491.198,1.110,2.367,0.095,0.039,0.034,0.972,0.000,0.000,321.157,0.190,0.000,168.702,1,425,280,5,407,4146,73.94,146.59,5.12,4668.44,472,0
1,36,1785738178286,3.29375346e-05,0.449812,0,398,0,0,0,0,0,16,1.000000,493.719,0.002,0.212,0.013,490.944,489.835,1.107,2.380,0.095,0.040,0.037,1.008,0.000,0.000,323.008,0.183,0.000,165.471,1,416,280,5,398,4146,73.94,146.59,5.12,4658.06,472,0
1,37,1785738178742,3.290871455e-05,0.449847,0,347,0,0,0,0,0,16,1.000000,455.375,0.003,0.231,0.013,452.441,451.306,1.134,2.522,0.098,0.034,0.036,1.073,0.000,0.000,293.131,0.180,0.000,156.758,1,365,280,5,347,4146,73.94,146.59,5.12,4685.88,472,0
1,38,1785738179181,3.28845968e-05,0.449853,0,347,0,0,0,0,0,16,1.000000,439.057,0.002,0.259,0.014,436.224,435.075,1.148,2.370,0.117,0.040,0.033,0.977,0.000,0.000,276.555,0.183,0.000,157.198,1,365,280,5,347,4146,73.94,146.59,5.12,4630.39,472,0
1,39,1785738179630,3.286660092e-05,0.449823,0,350,0,0,0,0,0,16,1.000000,448.969,0.002,0.216,0.013,446.260,445.156,1.103,2.318,0.095,0.034,0.032,0.924,0.000,0.000,285.492,0.177,0.000,158.408,1,368,280,5,350,4146,73.94,146.59,5.12,4640.16,472,0
1,40,1785738180090,3.285410415e-05,0.449742,0,345,0,0,0,0,0,16,1.000000,459.758,0.002,0.235,0.013,456.047,454.904,1.142,2.591,0.106,0.669,0.098,0.940,0.000,0.000,277.621,0.183,0.000,175.928,1,363,280,5,345,4146,73.94,146.59,5.27,4144.36,472,0
1,41,1785738180530,3.285393307e-05,0.449719,0,338,0,0,0,0,0,16,1.000000,440.119,0.003,0.235,0.017,436.954,435.815,1.139,2.732,0.094,0.051,0.036,1.448,0.000,0.000,276.737,0.197,0.000,157.236,1,356,280,5,338,4146,73.94,146.59,5.27,4214.80,472,0
1,42,1785738180971,3.28348878e-05,0.449780,0,353,0,0,0,0,0,16,1.000000,440.959,0.002,0.250,0.016,437.834,436.717,1.117,2.675,0.103,0.041,0.040,1.062,0.000,0.000,278.130,0.184,0.000,157.175,1,371,280,5,353,4146,73.94,146.59,5.27,4227.62,472,0
1,43,1785738181415,3.281715396e-05,0.449867,0,360,0,0,0,0,0,16,1.000000,443.688,0.003,0.236,0.016,440.861,439.736,1.125,2.400,0.097,0.040,0.037,1.093,0.000,0.000,282.515,0.175,0.000,155.792,1,378,280,5,360,4146,73.94,146.59,5.27,4219.53,472,0
1,44,1785738181852,3.279613456e-05,0.449937,0,354,0,0,0,0,0,16,1.000000,437.541,0.002,0.222,0.013,434.627,433.451,1.174,2.506,0.099,0.032,0.042,1.241,0.000,0.000,273.115,0.185,0.000,158.754,1,372,280,5,354,4146,73.94,146.59,5.27,4251.86,472,0
1,45,1785738182325,3.278196717e-05,0.449955,0,382,0,0,0,0,0,16,1.000000,472.480,0.002,0.264,0.014,469.631,468.492,1.138,2.364,0.099,0.073,0.036,0.996,0.000,0.000,300.353,0.188,0.000,166.780,1,400,280,5,382,4146,73.94,146.59,5.27,4251.86,472,0
1,46,1785738182847,3.277280784e-05,0.449961,0,402,0,0,0,0,0,16,1.000000,522.782,0.005,0.230,0.013,519.999,518.853,1.145,2.375,0.094,0.037,0.033,0.942,0.000,0.000,331.385,0.172,0.000,186.185,1,420,280,5,402,4146,73.95,146.59,6.27,4554.53,472,0
1,47,1785738183304,3.276516189e-05,0.449962,0,374,0,0,0,0,0,16,1.000000,456.246,0.002,0.228,0.017,453.489,452.276,1.210,2.323,0.098,0.037,0.054,1.005,0.000,0.000,292.650,0.180,0.000,158.277,1,392,280,5,374,4146,73.95,146.59,6.27,4507.38,472,0
1,48,1785738183774,3.275776498e-05,0.449965,0,387,0,0,0,0,0,16,1.000000,470.582,0.002,0.278,0.013,467.666,466.520,1.146,2.424,0.117,0.048,0.035,1.011,0.000,0.000,303.936,0.196,0.000,161.199,1,405,280,5,387,4146,73.95,146.59,6.27,4500.41,472,0
1,49,1785738184233,3.275079723e-05,0.449966,0,379,0,0,0,0,0,16,1.000000,459.071,0.004,0.278,0.013,456.138,454.966,1.171,2.462,0.101,0.040,0.038,0.975,0.000,0.000,295.090,0.172,0.000,158.569,1,397,280,5,379,4146,73.95,146.59,6.27,4507.28,472,0
1,50,1785738184698,3.274403665e-05,0.449964,0,381,0,0,0,0,0,16,1.000000,464.468,0.002,0.239,0.013,461.633,460.513,1.119,2.412,0.100,0.037,0.034,1.010,0.000,0.000,299.079,0.173,0.000,160.094,1,399,280,5,381,4146,73.95,146.59,6.27,4534.44,472,0
1,51,1785738185192,3.273786916e-05,0.449958,0,383,0,0,0,0,0,16,1.000000,494.149,0.002,0.225,0.015,491.206,490.074,1.132,2.528,0.096,0.038,0.041,1.033,0.000,0.000,310.083,0.180,0.000,178.610,1,401,280,5,383,4146,73.95,146.59,6.27,4504.52,472,0
1,52,1785738185679,3.273161768e-05,0.449956,0,405,0,0,0,0,0,16,1.000000,486.649,0.002,0.220,0.013,483.918,482.835,1.083,2.329,0.095,0.042,0.032,0.934,0.000,0.000,317.256,0.173,0.000,164.314,1,423,280,5,405,4146,73.95,146.59,6.27,4504.39,472,0
1,53,1785738186175,3.272494326e-05,0.449958,0,419,0,0,0,0,0,16,1.000000,495.868,0.001,0.216,0.013,493.017,491.900,1.116,2.446,0.102,0.038,0.036,0.951,0.000,0.000,322.408,0.177,0.000,168.209,1,437,280,5,419,4146,73.95,146.59,6.27,4493.38,472,0
1,54,1785738186649,3.271808645e-05,0.449956,0,389,0,0,0,0,0,16,1.000000,474.686,0.002,0.222,0.013,471.829,470.720,1.108,2.429,0.096,0.056,0.040,0.943,0.000,0.000,307.604,0.177,0.000,161.836,1,407,280,5,389,4146,73.95,146.59,6.27,4522.50,472,0
1,55,1785738187134,3.271170559e-05,0.449945,0,394,0,0,0,0,0,16,1.000000,484.391,0.002,0.244,0.013,481.590,480.483,1.106,2.363,0.096,0.046,0.038,0.954,0.000,0.000,314.648,0.172,0.000,164.513,1,412,280,5,394,4146,73.95,146.59,6.27,4500.31,472,0
1,56,1785738187622,3.270814291e-05,0.449899,0,398,0,0,0,0,0,16,1.000000,487.929,0.007,0.243,0.013,485.197,484.107,1.089,2.295,0.095,0.045,0.041,0.975,0.000,0.000,316.882,0.177,0.000,165.905,1,416,280,5,398,4146,73.95,146.59,6.27,4459.62,472,0
1,57,1785738188107,3.271052534e-05,0.449825,0,403,0,0,0,0,0,16,1.000000,485.673,0.002,0.227,0.013,482.767,481.661,1.105,2.475,0.103,0.043,0.046,0.942,0.000,0.000,315.735,0.180,0.000,164.644,1,421,280,5,403,4146,73.95,146.59,6.27,4459.62,472,0
1,58,1785738188594,3.271199176e-05,0.449792,0,406,0,0,0,0,0,16,1.000000,486.405,0.003,0.235,0.013,483.535,482.398,1.136,2.435,0.101,0.044,0.041,1.009,0.000,0.000,316.937,0.177,0.000,164.111,1,424,280,5,406,4146,73.95,146.59,6.27,4501.98,472,0
1,59,1785738189077,3.271174753e-05,0.449737,0,405,0,0,0,0,0,16,1.000000,483.462,0.005,0.233,0.016,480.639,479.374,1.263,2.391,0.107,0.036,0.040,0.957,0.000,0.000,310.488,0.172,0.000,167.595,1,423,280,5,405,4146,73.95,146.59,6.27,4521.55,472,0
1,60,1785738189568,3.271486624e-05,0.449788,0,410,0,0,0,0,0,16,1.000000,490.780,0.002,0.266,0.016,487.846,486.725,1.119,2.469,0.097,0.050,0.036,0.995,0.000,0.000,319.796,0.177,0.000,165.593,1,428,280,5,410,4146,73.95,146.59,6.27,4484.03,472,0
1,61,1785738190061,3.269984406e-05,0.449834,0,403,0,0,0,0,0,16,1.000000,492.408,0.003,0.232,0.013,489.354,488.059,1.294,2.559,0.110,0.045,0.096,0.983,0.000,0.000,315.331,0.174,0.000,171.409,1,421,280,5,403,4146,73.95,146.59,6.27,4426.94,472,0
1,62,1785738190560,3.269076845e-05,0.449891,0,410,0,0,0,0,0,16,1.000000,498.977,0.003,0.226,0.013,496.095,494.984,1.111,2.465,0.101,0.040,0.037,1.020,0.000,0.000,327.555,0.177,0.000,166.053,1,428,280,5,410,4146,73.95,146.59,6.27,4478.92,472,0
1,63,1785738191057,3.267904137e-05,0.449949,0,404,0,0,0,0,0,16,1.000000,497.699,0.005,0.236,0.016,494.534,493.418,1.116,2.411,0.108,0.350,0.044,1.003,0.000,0.000,316.378,0.172,0.000,175.705,1,422,280,5,404,4146,73.95,146.59,7.59,4517.48,472,0
1,64,1785738191549,3.266891959e-05,0.449979,0,409,0,0,0,0,0,16,1.000000,491.515,0.003,0.252,0.015,488.592,487.479,1.111,2.478,0.101,0.040,0.037,1.089,0.000,0.000,321.180,0.172,0.000,164.863,1,427,280,5,409,4146,73.95,146.59,7.59,4475.34,472,0
1,65,1785738192137,3.266312803e-05,0.449984,0,500,0,0,0,0,0,16,1.000000,587.518,0.003,0.214,0.017,584.651,583.493,1.157,2.467,0.096,0.038,0.036,1.101,0.000,0.000,390.785,0.176,0.000,191.258,1,518,280,5,500,4146,73.95,146.59,7.59,4458.11,472,0
1,66,1785738192646,3.265941641e-05,0.449984,0,424,0,0,0,0,0,16,1.000000,509.670,0.002,0.241,0.014,506.686,505.576,1.110,2.566,0.096,0.024,0.043,0.966,0.000,0.000,335.275,0.180,0.000,168.988,1,442,280,5,424,4146,73.95,146.59,7.59,4526.59,472,0
1,67,1785738193154,3.265609177e-05,0.449983,0,412,0,0,0,0,0,16,1.000000,507.630,0.002,0.213,0.013,504.786,503.624,1.162,2.452,0.098,0.032,0.035,1.012,0.000,0.000,322.392,0.192,0.000,179.846,1,430,280,5,412,4146,73.95,146.59,7.59,4460.58,472,0
1,68,1785738193659,3.265270322e-05,0.449984,0,424,0,0,0,0,0,16,1.000000,504.640,0.002,0.212,0.013,501.865,500.727,1.137,2.378,0.098,0.040,0.034,0.983,0.000,0.000,329.917,0.177,0.000,169.495,1,442,280,5,424,4146,73.95,146.59,7.59,4447.12,472,0
1,69,1785738194150,3.264956025e-05,0.449981,0,412,0,0,0,0,0,16,1.000000,491.493,0.002,0.234,0.013,488.635,487.517,1.117,2.424,0.102,0.044,0.040,0.933,0.000,0.000,320.549,0.179,0.000,165.701,1,430,280,5,412,4146,73.95,146.59,7.59,4466.92,472,0
1,70,1785738194676,3.264659105e-05,0.449976,0,412,0,0,0,0,0,16,1.000000,526.012,0.003,0.243,0.014,523.091,521.978,1.112,2.496,0.096,0.036,0.036,1.006,0.000,0.000,355.422,0.177,0.000,165.221,1,430,280,5,412,4146,73.95,146.59,7.59,4493.89,472,0
1,71,1785738195179,3.264411071e-05,0.449968,0,414,0,0,0,0,0,16,1.000000,502.448,0.002,0.206,0.016,499.718,498.614,1.104,2.351,0.095,0.021,0.041,0.943,0.000,0.000,318.910,0.172,0.000,178.422,1,432,280,5,414,4146,73.95,146.59,7.59,4465.33,472,0
1,72,1785738195686,3.264152048e-05,0.449961,0,411,0,0,0,0,0,16,1.000000,507.693,0.002,0.214,0.013,504.992,503.914,1.077,2.300,0.095,0.043,0.036,0.982,0.000,0.000,334.444,0.181,0.000,168.139,1,429,280,5,411,4146,73.95,146.59,7.59,4465.73,472,0
1,73,1785738196194,3.263879868e-05,0.449963,0,418,0,0,0,0,0,16,1.000000,507.657,0.002,0.222,0.013,504.606,503.490,1.115,2.638,0.099,0.035,0.043,0.988,0.000,0.000,324.044,0.179,0.000,178.119,1,436,280,5,418,4146,76.77,146.59,12.77,4483.77,472,0
1,74,1785738196689,3.263478727e-05,0.449968,0,414,0,0,0,0,0,16,1.000000,495.306,0.002,0.235,0.013,492.440,491.329,1.110,2.424,0.104,0.049,0.040,1.016,0.000,0.000,324.054,0.180,0.000,165.918,1,432,280,5,414,4146,76.77,146.59,12.77,4526.47,472,0
1,75,1785738197189,3.263195922e-05,0.449965,1,418,0,0,0,0,0,16,1.000000,499.806,0.005,0.227,0.013,496.948,495.826,1.121,2.442,0.095,0.045,0.037,0.983,0.000,0.000,327.896,0.173,0.000,166.612,1,436,280,5,418,4146,76.77,146.59,12.77,4494.38,472,0
1,76,1785738198505,3.648645808e-05,0.447798,0,314,0,1,0,0,0,16,1.000000,397.462,0.000,0.374,0.126,394.471,393.340,1.131,2.306,0.107,0.045,0.032,1.078,0.000,0.000,245.128,0.177,0.000,146.747,1,332,280,5,314,4146,76.77,146.59,11.97,4513.80,472,0
1,77,1785738198915,3.554387958e-05,0.446535,0,328,0,1,0,0,0,16,1.000000,409.590,0.010,0.385,0.078,406.743,405.623,1.120,2.213,0.098,0.038,0.034,0.974,0.000,0.000,254.013,0.176,0.000,150.304,1,346,280,5,328,4146,76.77,146.59,11.95,4507.80,472,0
1,78,1785738199358,3.518959586e-05,0.448964,0,363,0,1,0,0,0,16,1.000000,443.434,0.002,0.379,0.076,440.344,439.206,1.138,2.462,0.096,0.044,0.033,1.117,0.000,0.000,279.590,0.177,0.000,158.155,1,381,280,5,363,4146,76.77,146.59,11.41,4462.00,472,0
1,79,1785738199796,3.427800686e-05,0.452019,0,344,0,1,0,0,0,16,1.000000,437.075,0.001,0.384,0.074,434.131,433.029,1.102,2.311,0.101,0.036,0.037,0.995,0.000,0.000,276.283,0.172,0.000,155.417,1,362,280,5,344,4146,76.77,146.59,11.41,4449.77,472,0
1,80,1785738200313,3.374608116e-05,0.453228,0,423,0,1,0,0,0,16,1.000000,517.200,0.004,0.361,0.078,514.351,513.229,1.122,2.229,0.100,0.046,0.037,1.047,0.000,0.000,340.642,0.177,0.000,171.191,1,441,280,5,423,4146,77.20,146.59,11.41,4478.47,472,0
1,81,1785738200933,3.345643896e-05,0.453631,0,529,0,1,0,0,0,16,1.000000,619.909,0.002,0.359,0.076,616.614,615.482,1.131,2.404,0.095,0.319,0.043,0.986,0.000,0.000,419.325,0.194,0.000,194.812,1,547,280,5,529,4146,77.20,146.59,11.41,4506.00,472,0
1,82,1785738201587,3.327196112e-05,0.453842,0,534,0,1,0,0,0,16,1.000000,654.223,0.003,0.337,0.087,651.402,650.196,1.204,2.217,0.098,0.041,0.041,1.084,0.000,0.000,453.830,0.195,0.000,194.887,1,552,280,5,534,4146,77.20,146.59,11.41,4493.30,472,0
1,83,1785738202218,3.314482046e-05,0.453916,0,554,0,1,0,0,0,16,1.000000,630.818,0.003,0.405,0.074,627.672,626.495,1.177,2.474,0.104,0.043,0.046,1.056,0.000,0.000,431.625,0.181,0.000,193.461,1,572,280,5,554,4146,77.25,146.59,11.41,4485.66,472,0
1,84,1785738202841,3.304780427e-05,0.453941,0,537,0,1,0,0,0,16,1.000000,623.212,0.002,0.411,0.079,620.168,619.052,1.116,2.262,0.127,0.124,0.040,1.075,0.000,0.000,418.613,0.185,0.000,199.005,1,555,280,5,537,4146,77.25,146.59,11.41,4535.47,472,0
1,85,1785738203465,3.296416376e-05,0.453968,0,526,0,1,0,0,0,16,1.000000,623.134,0.017,0.407,0.082,620.178,619.034,1.142,2.290,0.101,0.040,0.037,1.048,0.000,0.000,416.043,0.179,0.000,201.583,1,544,280,5,526,4146,77.25,146.59,11.39,4478.20,472,0
1,86,1785738204034,3.289060854e-05,0.454000,0,492,0,1,0,0,0,16,1.000000,569.547,0.005,0.340,0.075,566.593,565.458,1.135,2.359,0.097,0.043,0.041,1.042,0.000,0.000,383.621,0.180,0.000,180.453,1,510,280,5,492,4146,77.25,146.59,11.39,4472.53,472,0
1,87,1785738204635,3.282995086e-05,0.454017,0,525,0,1,0,0,0,16,1.000000,600.558,0.005,0.388,0.076,597.558,596.364,1.193,2.361,0.099,0.038,0.038,1.013,0.000,0.000,408.214,0.177,0.000,186.807,1,543,280,5,525,4146,77.25,146.59,11.39,4502.50,472,0
1,88,1785738205171,3.278232398e-05,0.454005,0,458,0,1,0,0,0,16,1.000000,535.903,0.005,0.388,0.077,532.964,531.773,1.186,2.290,0.096,0.041,0.046,0.980,0.000,0.000,355.599,0.172,0.000,174.855,1,476,280,5,458,4146,77.25,146.59,11.39,4474.17,472,0
1,89,1785738205743,3.27427986e-05,0.453976,0,479,0,1,0,0,0,16,1.000000,571.834,0.014,0.379,0.075,568.832,567.720,1.111,2.380,0.095,0.037,0.037,1.013,0.000,0.000,375.100,0.180,0.000,191.257,1,497,280,5,479,4146,77.25,146.59,11.38,4457.06,472,0
1,90,1785738206258,3.27096324e-05,0.453930,0,429,0,1,0,0,0,16,1.000000,515.788,0.002,0.445,0.072,512.624,511.388,1.233,2.387,0.118,0.078,0.063,0.991,0.000,0.000,334.525,0.178,0.000,175.522,1,447,280,5,429,4146,77.25,146.59,11.38,4481.89,472,0
1,91,1785738206776,3.268424386e-05,0.453849,0,425,0,1,0,0,0,16,1.000000,517.257,0.002,0.376,0.077,514.220,513.069,1.151,2.408,0.098,0.039,0.039,0.972,0.000,0.000,340.503,0.180,0.000,171.249,1,443,280,5,425,4146,77.25,146.59,11.38,4544.12,472,0
1,92,1785738207292,3.265982896e-05,0.453863,0,433,0,1,0,0,0,16,1.000000,516.419,0.002,0.392,0.073,513.329,512.202,1.126,2.462,0.096,0.036,0.032,0.996,0.000,0.000,341.367,0.176,0.000,169.498,1,451,280,5,433,4146,77.25,146.59,11.38,4488.80,472,0
1,93,1785738207801,3.263910054e-05,0.453766,0,426,0,1,0,0,0,16,1.000000,508.961,0.011,0.451,0.074,505.915,504.684,1.229,2.354,0.096,0.030,0.040,0.967,0.000,0.000,335.424,0.177,0.000,167.950,1,444,280,5,426,4146,77.25,146.59,11.36,4483.09,472,0
1,94,1785738208326,3.262502437e-05,0.453756,0,434,0,1,0,0,0,16,1.000000,524.707,0.002,0.385,0.076,521.654,520.510,1.144,2.413,0.094,0.050,0.036,1.060,0.000,0.000,342.212,0.180,0.000,176.897,1,452,280,5,434,4146,77.25,146.59,11.36,4468.52,472,0
1,95,1785738208840,3.26061323e-05,0.453744,0,430,0,1,0,0,0,16,1.000000,514.029,0.003,0.371,0.074,511.109,509.998,1.110,2.303,0.093,0.039,0.040,1.077,0.000,0.000,337.595,0.177,0.000,170.964,1,448,280,5,430,4146,77.25,146.59,11.36,4515.09,472,0
1,96,1785738209358,3.259147479e-05,0.453734,0,439,0,1,0,0,0,16,1.000000,517.738,0.005,0.377,0.079,514.742,513.505,1.235,2.357,0.096,0.043,0.044,0.962,0.000,0.000,339.016,0.213,0.000,173.138,1,457,280,5,439,4146,77.25,146.59,11.36,4488.47,472,0
1,97,1785738209870,3.258443507e-05,0.453688,0,433,0,1,0,0,0,16,1.000000,512.614,0.002,0.362,0.081,509.704,508.521,1.181,2.298,0.092,0.041,0.036,1.292,0.000,0.000,335.965,0.183,0.000,170.896,1,451,280,5,433,4146,77.25,146.59,11.36,4484.77,472,0
1,98,1785738210384,3.258247245e-05,0.453665,0,436,0,1,0,0,0,16,1.000000,514.008,0.002,0.379,0.072,511.127,510.004,1.123,2.253,0.095,0.049,0.032,0.985,0.000,0.000,338.734,0.177,0.000,169.930,1,454,280,5,436,4146,77.25,146.59,11.36,4506.81,472,0
1,99,1785738210912,3.257275695e-05,0.453671,0,441,0,1,0,0,0,16,1.000000,527.605,0.002,0.352,0.074,524.820,523.623,1.195,2.199,0.092,0.035,0.034,1.068,0.000,0.000,345.295,0.174,0.000,176.920,1,459,280,5,441,4146,77.25,146.59,11.36,4516.23,472,0
1,100,1785738211443,3.255816791e-05,0.453794,0,438,0,1,0,0,0,16,1.000000,531.339,0.002,0.403,0.072,528.194,527.014,1.178,2.384,0.098,0.150,0.038,0.959,0.000,0.000,343.410,0.177,0.000,182.310,1,456,280,5,438,4146,77.25,146.59,11.36,4517.16,472,0
1,101,1785738211989,3.253240056e-05,0.453913,0,442,0,1,0,0,0,16,1.000000,545.852,0.018,0.403,0.078,542.822,541.715,1.106,2.366,0.104,0.039,0.038,1.232,0.000,0.000,354.496,0.212,0.000,185.597,1,460,280,5,442,4146,77.25,146.59,11.34,4506.70,472,0
1,102,1785738212514,3.251434432e-05,0.453954,0,439,0,1,0,0,0,16,1.000000,525.139,0.002,0.400,0.090,522.264,521.139,1.124,2.219,0.094,0.034,0.038,1.006,0.000,0.000,341.668,0.177,0.000,178.098,1,457,280,5,439,4146,77.25,146.59,11.34,4533.98,472,0
1,103,1785738213043,3.250439348e-05,0.453960,0,440,0,1,0,0,0,16,1.000000,528.687,0.002,0.371,0.074,525.208,524.079,1.128,2.873,0.098,0.030,0.034,0.954,0.000,0.000,344.683,0.178,0.000,178.106,1,458,280,5,440,4146,77.25,146.59,11.34,4522.20,472,0
1,104,1785738213611,3.249828312e-05,0.453955,0,439,0,1,0,0,0,16,1.000000,567.893,0.002,0.392,0.085,564.964,563.817,1.145,2.269,0.098,0.041,0.044,1.018,0.000,0.000,363.424,0.188,0.000,199.027,1,457,280,5,439,4146,77.25,146.59,16.72,4240.61,472,0
1,105,1785738214302,3.249336903e-05,0.453948,0,607,0,1,0,0,0,16,1.000000,691.021,0.005,0.406,0.074,687.996,686.873,1.123,2.354,0.104,0.046,0.042,1.019,0.000,0.000,482.549,0.181,0.000,202.958,1,625,280,5,607,4146,77.25,146.59,16.72,4246.45,472,0
1,106,1785738214878,3.248852874e-05,0.453940,0,497,0,1,0,0,0,16,1.000000,575.731,0.003,0.368,0.080,572.862,571.632,1.227,2.244,0.101,0.034,0.042,1.007,0.000,0.000,387.546,0.172,0.000,182.731,1,515,280,5,497,4146,77.25,146.59,16.72,4285.91,472,0
1,107,1785738215453,3.248355736e-05,0.453931,0,487,0,1,0,0,0,16,1.000000,575.020,0.002,0.361,0.073,571.972,570.838,1.134,2.433,0.099,0.040,0.042,1.007,0.000,0.000,384.251,0.188,0.000,185.229,1,505,280,5,487,4146,77.25,146.59,16.72,4311.69,472,0
1,108,1785738215974,3.247827664e-05,0.453920,0,432,0,1,0,0,0,16,1.000000,520.812,0.002,0.399,0.084,517.856,516.705,1.150,2.297,0.097,0.037,0.042,0.985,0.000,0.000,340.723,0.185,0.000,174.644,1,450,280,5,432,4146,77.25,146.59,16.72,4360.80,472,0
1,109,1785738216488,3.24725845e-05,0.453910,0,432,0,1,0,0,0,16,1.000000,514.243,0.003,0.396,0.075,511.280,510.128,1.152,2.309,0.096,0.045,0.042,1.385,0.000,0.000,336.889,0.179,0.000,171.508,1,450,280,5,432,4146,77.25,146.59,16.72,4431.02,472,0
1,110,1785738217022,3.246670974e-05,0.453897,0,434,0,1,0,0,0,16,1.000000,534.270,0.002,0.399,0.074,531.322,530.203,1.119,2.297,0.101,0.043,0.034,1.044,0.000,0.000,356.009,0.188,0.000,172.793,1,452,280,5,434,4146,77.25,146.59,16.72,4429.55,472,0
1,111,1785738217538,3.246132198e-05,0.453870,0,436,0,1,0,0,0,16,1.000000,515.299,0.002,0.344,0.077,512.487,511.313,1.172,2.220,0.096,0.038,0.037,0.972,0.000,0.000,339.482,0.181,0.000,170.509,1,454,280,5,436,4146,77.25,146.59,16.72,4395.09,472,0
1,112,1785738218053,3.245809569e-05,0.453842,0,436,0,1,0,0,0,16,1.000000,515.463,0.002,0.317,0.076,512.705,511.418,1.285,2.196,0.092,0.040,0.038,0.927,0.000,0.000,339.804,0.189,0.000,170.332,1,454,280,5,436,4146,77.25,146.59,16.72,4393.50,472,0
1,113,1785738218569,3.245752953e-05,0.453793,0,437,0,1,0,0,0,16,1.000000,515.798,0.002,0.351,0.072,512.855,511.735,1.119,2.342,0.099,0.045,0.035,0.949,0.000,0.000,339.994,0.177,0.000,170.459,1,455,280,5,437,4146,77.25,146.59,16.72,4422.05,472,0
1,114,1785738219090,3.245845095e-05,0.453706,0,441,0,1,0,0,0,16,1.000000,520.518,0.002,0.401,0.086,517.521,516.407,1.113,2.323,0.106,0.042,0.040,0.949,0.000,0.000,343.469,0.175,0.000,171.654,1,459,280,5,441,4146,77.25,146.59,16.72,4434.77,472,0
1,115,1785738219610,3.246686608e-05,0.453633,0,444,0,1,0,0,0,16,1.000000,520.432,0.003,0.417,0.075,517.222,516.086,1.136,2.529,0.106,0.040,0.042,0.999,0.000,0.000,341.039,0.172,0.000,173.706,1,462,280,5,444,4146,77.25,146.59,16.72,4381.56,472,0
1,116,1785738220133,3.247583233e-05,0.453551,1,441,0,1,0,0,0,16,1.000000,522.569,0.002,0.392,0.077,519.627,518.510,1.117,2.287,0.101,0.050,0.036,1.026,0.000,0.000,345.518,0.180,0.000,171.617,1,459,280,5,441,4146,77.25,146.59,16.72,4384.78,472,0
1,117,1785738220701,3.305010515e-05,0.462476,1,488,0,2,0,0,0,16,1.000000,568.207,0.003,0.388,0.072,565.284,564.140,1.144,2.288,0.100,0.039,0.036,1.087,0.000,0.000,383.693,0.174,0.000,179.024,1,506,280,5,488,4146,77.25,146.59,16.72,4420.16,472,0
1,118,1785738221263,3.248076921e-05,0.462624,1,462,0,2,0,0,0,16,1.000000,562.007,0.002,0.396,0.070,558.774,557.567,1.206,2.227,0.094,0.400,0.046,1.017,0.000,0.000,369.505,0.172,0.000,186.666,1,480,280,5,462,4146,77.47,146.59,17.50,4322.00,472,0
1,119,1785738221811,3.249643899e-05,0.461552,1,436,0,2,0,0,0,16,1.000000,547.696,0.002,0.368,0.070,544.716,543.598,1.118,2.360,0.105,0.044,0.033,1.048,0.000,0.000,372.196,0.177,0.000,170.006,1,454,280,5,436,4146,77.47,146.59,17.50,4337.12,472,0
1,120,1785738222370,3.245802443e-05,0.463126,1,482,0,2,0,0,0,16,1.000000,559.572,0.009,0.425,0.073,556.708,555.577,1.129,2.198,0.095,0.037,0.036,1.005,0.000,0.000,375.651,0.172,0.000,178.568,1,500,280,5,482,4146,77.47,146.59,17.50,4332.53,472,0
1,121,1785738222979,3.226592167e-05,0.464257,0,477,0,2,0,0,0,16,1.000000,608.807,0.007,0.396,0.075,605.882,604.781,1.100,2.285,0.094,0.038,0.038,1.075,0.000,0.000,405.658,0.180,0.000,197.684,1,495,280,5,477,4146,77.47,146.59,17.50,4367.20,472,0
1,122,1785738223673,3.216424403e-05,0.464488,0,610,0,2,0,0,0,16,1.000000,694.118,0.005,0.395,0.069,691.181,690.028,1.153,2.288,0.095,0.045,0.044,1.041,0.000,0.000,472.762,0.182,0.000,215.848,1,628,280,5,610,4146,77.47,146.59,17.50,4329.06,472,0
1,123,1785738224596,3.214371124e-05,0.464472,0,858,0,2,0,0,0,16,1.000000,922.448,0.002,0.358,0.074,919.583,918.480,1.102,2.249,0.102,0.046,0.037,1.033,0.000,0.000,666.156,0.193,0.000,250.921,1,876,280,5,858,4146,77.47,146.59,17.50,4356.64,472,0
1,124,1785738225576,3.21384844e-05,0.464458,0,851,0,2,0,0,0,16,1.000000,980.055,0.002,0.391,0.071,977.023,975.896,1.126,2.399,0.097,0.034,0.041,0.992,0.000,0.000,724.319,0.181,0.000,250.227,1,869,280,5,851,4146,77.47,146.59,17.50,4332.12,472,0
1,125,1785738226516,3.21342814e-05,0.464451,0,830,0,2,0,0,0,16,1.000000,940.343,0.002,0.424,0.072,937.439,936.285,1.154,2.247,0.095,0.032,0.034,1.046,0.000,0.000,673.255,0.180,0.000,261.632,1,848,280,5,830,4146,77.47,146.59,17.50,4351.98,472,0
1,126,1785738227390,3.213032453e-05,0.464447,0,812,0,2,0,0,0,16,1.000000,873.184,0.002,0.409,0.069,870.237,869.126,1.110,2.297,0.101,0.034,0.037,0.954,0.000,0.000,623.869,0.177,0.000,243.964,1,830,280,5,812,4146,77.47,146.59,17.50,4329.50,472,0
1,127,1785738228238,3.212649211e-05,0.464444,0,777,0,2,0,0,0,16,1.000000,848.389,0.002,0.333,0.073,845.469,844.240,1.226,2.342,0.093,0.031,0.048,1.008,0.000,0.000,605.845,0.172,0.000,237.027,1,795,280,5,777,4146,77.47,146.59,17.50,4318.58,472,0
1,128,1785738229068,3.212259249e-05,0.464438,0,731,0,2,0,0,0,16,1.000000,830.401,0.005,0.419,0.073,827.254,826.087,1.166,2.324,0.108,0.184,0.038,1.000,0.000,0.000,591.766,0.184,0.000,232.967,1,749,280,5,731,4146,77.47,146.59,17.50,4322.56,472,0
1,129,1785738229950,3.211859689e-05,0.464429,0,758,0,2,0,0,0,16,1.000000,881.039,0.003,0.385,0.076,878.062,876.952,1.110,2.325,0.106,0.042,0.042,1.073,0.000,0.000,635.451,0.209,0.000,240.033,1,776,280,5,758,4146,77.47,146.59,17.50,4304.83,472,0
1,130,1785738230802,3.211454974e-05,0.464414,0,741,0,2,0,0,0,16,1.000000,852.354,0.002,0.405,0.075,849.315,848.196,1.118,2.364,0.103,0.048,0.044,1.101,0.000,0.000,612.265,0.180,0.000,234.470,1,759,280,5,741,4146,77.47,146.59,17.50,4335.16,472,0
1,131,1785738231581,3.211029232e-05,0.464390,0,702,0,2,0,0,0,16,1.000000,778.765,0.003,0.410,0.076,775.869,774.760,1.108,2.226,0.095,0.049,0.039,1.079,0.000,0.000,549.166,0.181,0.000,224.152,1,720,280,5,702,4146,77.47,146.59,17.50,4320.62,472,0
1,132,1785738232326,3.21058334e-05,0.464370,0,622,0,2,0,0,0,16,1.000000,744.798,0.002,0.373,0.070,741.799,740.687,1.111,2.370,0.108,0.046,0.033,0.967,0.000,0.000,533.666,0.177,0.000,205.712,1,640,280,5,622,4146,77.47,146.59,17.50,4354.45,472,0
1,133,1785738233187,3.210158289e-05,0.464319,0,704,0,2,0,0,0,16,1.000000,861.254,0.002,0.383,0.070,858.208,857.062,1.145,2.414,0.095,0.041,0.044,0.995,0.000,0.000,607.011,0.177,0.000,248.717,1,722,280,5,704,4146,77.47,146.59,17.50,4344.73,472,0
1,134,1785738233754,3.209896115e-05,0.464263,0,475,0,2,0,0,0,16,1.000000,567.442,0.002,0.386,0.070,564.483,563.205,1.276,2.329,0.097,0.037,0.041,1.001,0.000,0.000,370.571,0.177,0.000,191.270,1,493,280,5,475,4146,77.47,146.59,17.50,4374.41,472,0
1,135,1785738234321,3.210572052e-05,0.464129,0,481,0,2,0,0,0,16,1.000000,566.780,0.002,0.387,0.072,563.885,562.798,1.087,2.265,0.095,0.037,0.039,1.027,0.000,0.000,379.080,0.180,0.000,182.336,1,499,280,5,481,4146,77.47,146.59,17.50,4398.06,472,0
1,136,1785738234833,3.212050574e-05,0.464042,1,431,0,2,0,0,0,16,1.000000,511.562,0.002,0.380,0.070,508.678,507.551,1.126,2.266,0.095,0.037,0.037,0.944,0.000,0.000,335.935,0.177,0.000,170.335,1,449,280,5,431,4146,77.47,146.59,17.50,4418.97,472,0
1,137,1785738235609,3.865741115e-05,0.476536,1,709,0,4,0,0,0,16,1.000000,776.226,0.002,0.426,0.071,773.173,772.064,1.109,2.373,0.106,0.042,0.034,0.979,0.000,0.000,547.586,0.177,0.000,223.160,1,727,280,5,709,4146,77.47,146.59,17.50,4376.42,472,0
1,138,1785738236251,3.332622828e-05,0.484246,1,530,0,4,0,0,0,16,1.000000,642.313,0.002,0.326,0.077,639.470,638.287,1.182,2.280,0.096,0.031,0.033,0.989,0.000,0.000,436.365,0.177,0.000,200.593,1,548,280,5,530,4146,77.47,146.59,17.50,4393.20,472,0
1,139,1785738236920,3.381559471e-05,0.481097,1,593,0,4,0,0,0,16,1.000000,669.049,0.002,0.324,0.069,666.133,665.000,1.132,2.356,0.094,0.040,0.034,1.075,0.000,0.000,459.904,0.188,0.000,203.673,1,611,280,5,593,4146,78.55,146.59,17.50,4395.19,472,0
1,140,1785738237615,3.421690295e-05,0.482776,1,613,0,4,0,0,0,16,1.000000,694.581,0.002,0.394,0.071,691.283,690.172,1.111,2.327,0.105,0.363,0.037,0.958,0.000,0.000,477.191,0.174,0.000,211.685,1,631,280,5,613,4146,78.55,146.59,17.50,4313.98,472,0
1,141,1785738238205,3.278202018e-05,0.488908,1,500,0,4,0,0,0,16,1.000000,590.296,0.003,0.390,0.079,587.415,586.251,1.163,2.221,0.096,0.052,0.044,1.029,0.000,0.000,399.936,0.180,0.000,184.925,1,518,280,5,500,4146,78.55,146.59,17.50,4278.61,472,0
1,142,1785738238818,3.191990307e-05,0.492640,0,533,0,4,0,0,0,16,1.000000,612.502,0.002,0.360,0.080,609.419,608.260,1.159,2.444,0.129,0.038,0.032,0.996,0.000,0.000,417.120,0.177,0.000,189.801,1,551,280,5,533,4146,78.55,146.59,17.50,4335.55,472,0
1,143,1785738239676,3.159862626e-05,0.493451,0,699,0,4,0,0,0,16,1.000000,858.038,0.003,0.404,0.072,855.011,853.841,1.170,2.384,0.097,0.037,0.033,1.034,0.000,0.000,601.123,0.177,0.000,251.350,1,717,280,5,699,4146,78.55,146.59,17.50,4812.33,472,0
1,144,1785738240467,3.152368268e-05,0.493672,0,700,0,4,0,0,0,16,1.000000,791.259,0.005,0.337,0.076,788.394,787.264,1.129,2.266,0.104,0.046,0.037,1.033,0.000,0.000,556.192,0.177,0.000,229.694,1,718,280,5,700,4146,78.55,146.59,17.50,4308.89,472,0
1,145,1785738241305,3.149191895e-05,0.493785,0,645,0,4,0,0,0,16,1.000000,838.004,0.002,0.369,0.107,835.191,834.088,1.102,2.168,0.095,0.041,0.034,1.025,0.000,0.000,575.216,0.172,0.000,257.511,1,663,280,5,645,4146,78.55,146.59,17.50,4315.78,472,0
1,146,1785738242028,3.146834772e-05,0.493823,0,651,0,4,0,0,0,16,1.000000,722.545,0.002,0.359,0.074,719.591,718.449,1.141,2.338,0.100,0.040,0.041,0.966,0.000,0.000,506.881,0.177,0.000,210.262,1,669,280,5,651,4146,78.55,146.59,17.50,4332.47,472,0
1,147,1785738242836,3.144825271e-05,0.493816,0,718,0,4,0,0,0,16,1.000000,808.503,0.003,0.393,0.068,805.508,804.374,1.133,2.357,0.096,0.042,0.038,0.977,0.000,0.000,565.162,0.179,0.000,237.873,1,736,280,5,718,4146,78.98,146.59,21.86,4733.50,472,0
1,148,1785738243553,3.142997925e-05,0.493761,0,629,0,4,0,0,0,16,1.000000,716.878,0.009,0.428,0.071,713.782,712.656,1.125,2.426,0.101,0.033,0.037,0.977,0.000,0.000,491.421,0.182,0.000,219.900,1,647,280,5,629,4146,78.98,146.59,21.86,4685.14,472,0
1,149,1785738244239,3.141217336e-05,0.493673,0,595,0,4,0,0,0,16,1.000000,685.420,0.002,0.378,0.073,682.522,681.422,1.099,2.264,0.102,0.037,0.044,1.048,0.000,0.000,466.027,0.181,0.000,213.990,1,613,280,5,595,4146,78.98,146.59,21.86,4684.00,472,0
1,150,1785738244992,3.139478927e-05,0.493542,0,679,0,4,0,0,0,16,1.000000,753.506,0.003,0.324,0.075,750.688,749.578,1.109,2.237,0.099,0.044,0.038,1.004,0.000,0.000,532.295,0.172,0.000,215.927,1,697,280,5,679,4146,78.98,146.59,21.86,4720.78,472,0
1,151,1785738245741,3.137751037e-05,0.493395,0,671,0,4,0,0,0,16,1.000000,749.036,0.003,0.357,0.072,746.104,744.982,1.122,2.318,0.100,0.046,0.040,0.958,0.000,0.000,528.917,0.177,0.000,214.771,1,689,280,5,671,4146,78.98,146.59,21.86,4678.89,472,0
1,152,1785738246419,3.135975161e-05,0.493251,0,574,0,4,0,0,0,16,1.000000,677.999,0.007,0.393,0.079,675.102,673.956,1.145,2.251,0.093,0.037,0.044,1.039,0.000,0.000,462.372,0.181,0.000,210.213,1,592,280,5,574,4146,78.98,146.59,21.86,4699.12,472,0
1,153,1785738247208,3.134235433e-05,0.493127,0,710,0,4,0,0,0,16,1.000000,788.368,0.005,0.338,0.074,785.538,784.401,1.136,2.238,0.097,0.046,0.037,0.982,0.000,0.000,556.324,0.172,0.000,226.754,1,728,280,5,710,4146,78.98,146.59,21.86,4671.84,472,0
1,154,1785738247998,3.132568187e-05,0.493038,0,721,0,4,0,0,0,16,1.000000,790.359,0.002,0.379,0.072,787.474,786.365,1.109,2.265,0.095,0.039,0.034,1.074,0.000,0.000,560.248,0.187,0.000,224.672,1,739,280,5,721,4146,78.98,146.59,21.86,4676.31,472,0
1,155,1785738248722,3.13097225e-05,0.492957,0,622,0,4,0,0,0,16,1.000000,723.272,0.006,0.355,0.097,720.242,719.102,1.139,2.405,0.095,0.043,0.036,1.004,0.000,0.000,511.679,0.172,0.000,206.063,1,640,280,5,622,4146,78.98,146.59,21.86,4706.28,472,0
1,156,1785738249308,3.129603758e-05,0.492966,0,506,0,4,0,0,0,16,1.000000,586.071,0.002,0.367,0.071,583.177,582.065,1.112,2.269,0.096,0.055,0.036,0.984,0.000,0.000,397.588,0.177,0.000,183.153,1,524,280,5,506,4146,78.98,146.59,21.84,4676.58,472,0
1,157,1785738249867,3.130160844e-05,0.492855,0,479,0,4,0,0,0,16,1.000000,558.973,0.002,0.345,0.072,555.947,554.836,1.111,2.431,0.101,0.044,0.033,1.126,0.000,0.000,375.030,0.179,0.000,178.333,1,497,280,5,479,4146,78.98,146.59,21.84,4647.09,472,0
1,158,1785738250416,3.134412573e-05,0.492887,0,473,0,4,0,0,0,16,1.000000,548.989,0.002,0.372,0.074,546.067,544.953,1.114,2.283,0.101,0.045,0.047,1.092,0.000,0.000,364.613,0.182,0.000,178.895,1,491,280,5,473,4146,78.98,146.59,21.84,4664.64,472,0
1,159,1785738250995,3.144872626e-05,0.492279,0,499,0,4,0,0,0,16,1.000000,579.513,0.002,0.385,0.071,576.584,575.414,1.169,2.293,0.099,0.038,0.043,0.964,0.000,0.000,393.107,0.180,0.000,180.989,1,517,280,5,499,4146,78.98,146.59,21.84,4687.05,472,0
1,160,1785738251532,3.155312829e-05,0.491965,0,455,0,4,0,0,0,16,1.000000,536.889,0.007,0.398,0.076,533.965,532.851,1.113,2.267,0.104,0.042,0.037,0.975,0.000,0.000,358.109,0.172,0.000,173.429,1,473,280,5,455,4146,78.98,146.59,21.84,4670.80,472,0
1,161,1785738252103,3.157381129e-05,0.492254,0,484,0,4,0,0,0,16,1.000000,570.616,0.003,0.379,0.072,567.554,566.439,1.115,2.280,0.110,0.184,0.037,0.970,0.000,0.000,380.878,0.180,0.000,184.244,1,502,280,5,484,4146,78.98,146.59,21.84,4645.14,472,0
1,162,1785738252655,3.148237863e-05,0.492707,0,460,0,4,0,0,0,16,1.000000,551.743,0.003,0.388,0.076,548.774,547.477,1.295,2.323,0.101,0.039,0.042,0.992,0.000,0.000,363.672,0.172,0.000,182.468,1,478,280,5,460,4146,79.08,146.59,21.72,4694.19,472,0
1,163,1785738253233,3.137164229e-05,0.492998,0,498,0,4,0,0,0,16,1.000000,578.219,0.002,0.383,0.071,575.329,574.214,1.114,2.258,0.105,0.038,0.034,0.979,0.000,0.000,392.196,0.177,0.000,180.698,1,516,280,5,498,4146,79.08,146.59,21.72,4640.69,472,0
1,164,1785738253813,3.129578163e-05,0.493156,1,485,0,4,0,0,0,16,1.000000,579.899,0.004,0.385,0.075,577.054,575.785,1.266,2.205,0.094,0.040,0.046,1.069,0.000,0.000,381.254,0.185,0.000,193.108,1,503,280,5,485,4146,79.08,146.59,21.72,4643.69,472,0
1,165,1785738254786,7.947061643e-05,0.503018,1,887,0,8,0,0,0,16,1.000000,972.831,0.003,0.378,0.091,969.905,968.765,1.140,2.272,0.102,0.044,0.039,0.962,0.000,0.000,700.579,0.172,0.000,266.896,1,905,280,5,887,4146,79.08,146.59,21.72,4675.72,472,0
1,166,1785738255513,3.427857051e-05,0.507687,1,646,0,8,0,0,0,16,1.000000,727.795,0.004,0.365,0.092,724.922,723.832,1.089,2.234,0.108,0.041,0.033,1.006,0.000,0.000,513.012,0.172,0.000,209.450,1,664,280,5,646,4146,79.08,146.59,21.72,4666.45,472,0
1,167,1785738256170,7.662362034e-05,0.486495,1,572,0,8,0,0,0,16,1.000000,656.652,0.002,0.371,0.112,653.673,652.551,1.121,2.330,0.097,0.034,0.034,1.017,0.000,0.000,456.076,0.172,0.000,195.113,1,590,280,5,572,4146,79.08,146.59,21.70,4666.48,472,0
1,168,1785738257004,6.72470777e-05,0.483632,1,746,0,8,0,0,0,16,1.000000,834.302,0.011,0.375,0.091,831.155,829.998,1.156,2.461,0.117,0.065,0.038,1.016,0.000,0.000,582.402,0.180,0.000,246.231,1,764,280,5,746,4146,79.08,146.59,21.67,4688.66,472,0
1,169,1785738257852,5.539983136e-05,0.476783,1,774,0,8,0,0,0,16,1.000000,847.238,0.004,0.375,0.084,844.356,843.213,1.142,2.246,0.107,0.037,0.033,1.023,0.000,0.000,604.347,0.177,0.000,237.505,1,792,280,5,774,4146,79.08,146.59,21.67,4651.08,472,0
1,170,1785738258787,4.074710946e-05,0.492990,1,769,0,8,0,0,0,16,1.000000,934.968,0.003,0.369,0.084,932.059,930.938,1.121,2.270,0.101,0.047,0.037,1.080,0.000,0.000,693.604,0.172,0.000,235.914,1,787,280,5,769,4146,79.08,146.59,21.67,4698.17,472,0
1,171,1785738259499,3.354120647e-05,0.507297,1,632,0,8,0,0,0,16,1.000000,711.942,0.004,0.373,0.088,708.949,707.761,1.185,2.347,0.095,0.042,0.048,0.988,0.000,0.000,497.227,0.176,0.000,209.204,1,650,280,5,632,4146,79.08,146.59,21.67,4650.02,472,0
1,172,1785738260152,3.158586475e-05,0.517545,1,563,0,8,0,0,0,16,1.000000,653.436,0.002,0.403,0.100,650.397,649.229,1.164,2.337,0.115,0.044,0.039,1.017,0.000,0.000,451.394,0.184,0.000,196.464,1,581,280,5,563,4146,79.08,146.59,21.66,4647.53,472,0
1,173,1785738260797,3.096890733e-05,0.523182,0,564,0,8,0,0,0,16,1.000000,645.240,0.003,0.381,0.086,642.304,641.216,1.087,2.289,0.104,0.038,0.040,0.977,0.000,0.000,443.965,0.180,0.000,195.926,1,582,280,5,564,4146,79.08,146.59,21.66,4683.50,472,0
1,174,1785738261578,3.075139007e-05,0.526495,0,704,0,8,0,0,0,16,1.000000,780.335,0.002,0.365,0.079,777.370,776.252,1.116,2.349,0.097,0.042,0.033,1.006,0.000,0.000,552.600,0.189,0.000,222.279,1,722,280,5,704,4146,79.08,146.59,21.66,4656.33,472,0
1,175,1785738262422,3.065213727e-05,0.528563,0,760,0,8,0,0,0,16,1.000000,844.280,0.005,0.336,0.084,841.141,840.043,1.096,2.224,0.092,0.358,0.044,0.958,0.000,0.000,602.789,0.177,0.000,235.959,1,778,280,5,760,4146,79.13,146.59,21.67,4656.48,472,0
1,176,1785738263264,3.058899492e-05,0.529756,0,764,0,8,0,0,0,16,1.000000,841.719,0.003,0.383,0.081,838.875,837.789,1.085,2.204,0.095,0.043,0.037,0.977,0.000,0.000,603.382,0.175,0.000,233.082,1,782,280,5,764,4146,79.13,146.59,21.67,4639.59,472,0
1,177,1785738264154,3.054186062e-05,0.530230,0,797,0,8,0,0,0,16,1.000000,890.155,0.002,0.378,0.083,887.184,886.047,1.136,2.328,0.100,0.045,0.036,0.955,0.000,0.000,624.681,0.177,0.000,260.054,1,815,280,5,797,4146,79.13,146.59,21.67,4628.89,472,0
1,178,1785738265017,3.050430162e-05,0.530484,0,763,0,8,0,0,0,16,1.000000,862.633,0.002,0.424,0.086,859.520,858.357,1.162,2.424,0.104,0.038,0.037,0.978,0.000,0.000,620.628,0.180,0.000,236.411,1,781,280,5,763,4146,79.13,146.59,21.67,4677.34,472,0
1,179,1785738265814,3.047275797e-05,0.530642,0,720,0,8,0,0,0,16,1.000000,797.270,0.006,0.419,0.089,794.350,793.243,1.106,2.243,0.097,0.040,0.033,1.086,0.000,0.000,566.675,0.186,0.000,225.124,1,738,280,5,720,4146,79.13,146.59,21.67,4638.59,472,0
1,180,1785738266746,3.044488524e-05,0.530751,0,847,0,8,0,0,0,16,1.000000,932.039,0.006,0.405,0.083,929.126,927.872,1.251,2.241,0.101,0.045,0.038,0.967,0.000,0.000,662.769,0.172,0.000,263.802,1,865,280,5,847,4146,79.13,146.59,21.67,4682.52,472,0
1,181,1785738267705,3.041913893e-05,0.530755,0,890,0,8,0,0,0,16,1.000000,958.296,0.002,0.326,0.086,955.391,954.161,1.228,2.311,0.104,0.037,0.040,0.999,0.000,0.000,686.081,0.177,0.000,266.741,1,908,280,5,890,4146,83.17,146.59,21.83,4620.30,472,0
1,182,1785738268602,3.039437805e-05,0.530753,0,807,0,8,0,0,0,16,1.000000,897.323,0.002,0.337,0.086,894.373,893.216,1.156,2.347,0.099,0.045,0.036,1.006,0.000,0.000,642.701,0.177,0.000,249.172,1,825,280,5,807,4146,83.17,146.59,21.83,4641.06,472,0
1,183,1785738269510,3.037116974e-05,0.530550,0,828,0,8,0,0,0,16,1.000000,908.456,0.002,0.396,0.086,905.433,904.320,1.112,2.356,0.102,0.050,0.033,0.999,0.000,0.000,659.577,0.177,0.000,243.410,1,846,280,5,828,4146,83.17,146.59,21.83,4583.39,472,0
1,184,1785738270340,3.035188093e-05,0.530504,0,652,0,8,0,0,0,16,1.000000,829.870,0.003,0.339,0.090,826.790,825.565,1.222,2.272,0.097,0.223,0.059,0.975,0.000,0.000,560.839,0.172,0.000,263.404,1,670,280,5,652,4146,83.45,146.59,30.00,4533.77,472,0
1,185,1785738271116,3.034262242e-05,0.529851,0,601,0,8,0,0,0,16,1.000000,775.997,0.004,0.331,0.087,773.223,772.108,1.114,2.206,0.097,0.020,0.033,0.992,0.000,0.000,517.686,0.183,0.000,253.077,1,619,280,5,601,4146,83.45,146.59,30.00,4566.66,472,0
1,186,1785738271799,3.037307713e-05,0.529959,0,602,0,8,0,0,0,16,1.000000,682.450,0.002,0.383,0.093,679.568,678.456,1.111,2.226,0.095,0.046,0.039,1.023,0.000,0.000,475.161,0.180,0.000,201.930,1,620,280,5,602,4146,83.45,146.59,30.00,4451.25,472,0
1,187,1785738272474,3.051613896e-05,0.527974,0,564,0,8,0,0,0,16,1.000000,674.873,0.003,0.429,0.097,671.798,670.679,1.117,2.375,0.105,0.035,0.034,1.020,0.000,0.000,455.247,0.182,0.000,214.011,1,582,280,5,564,4146,83.45,146.59,31.84,4363.69,472,0
1,188,1785738273150,3.103822625e-05,0.525621,0,588,0,8,0,0,0,16,1.000000,676.544,0.002,0.363,0.088,673.556,672.404,1.152,2.345,0.103,0.052,0.037,0.975,0.000,0.000,470.103,0.180,0.000,200.989,1,606,280,5,588,4146,83.45,146.59,31.83,4354.95,472,0
1,189,1785738273862,3.193110313e-05,0.519755,0,624,0,8,0,0,0,16,1.000000,711.882,0.003,0.391,0.095,709.005,707.780,1.222,2.233,0.094,0.024,0.039,1.037,0.000,0.000,487.815,0.180,0.000,218.578,1,642,280,5,624,4146,83.45,146.59,31.83,4342.59,472,0
1,190,1785738274523,3.227464645e-05,0.521036,0,561,0,8,0,0,0,16,1.000000,660.903,0.002,0.397,0.087,657.935,656.805,1.130,2.304,0.101,0.044,0.034,0.998,0.000,0.000,448.472,0.188,0.000,206.977,1,579,280,5,561,4146,83.45,146.59,31.83,4352.62,472,0
1,191,1785738275235,3.175281722e-05,0.523287,0,633,0,8,0,0,0,16,1.000000,711.663,0.002,0.375,0.086,708.809,707.662,1.146,2.224,0.095,0.038,0.035,0.992,0.000,0.000,498.764,0.180,0.000,207.560,1,651,280,5,633,4146,83.45,146.59,31.83,4377.73,472,0
1,192,1785738275880,3.080855623e-05,0.528631,0,563,0,8,0,0,0,16,1.000000,645.292,0.002,0.369,0.087,642.415,641.284,1.131,2.258,0.102,0.029,0.032,1.011,0.000,0.000,444.821,0.172,0.000,195.098,1,581,280,5,563,4146,83.45,146.59,31.78,4376.73,472,0
1,193,1785738276549,3.046137198e-05,0.529771,1,587,0,8,0,0,0,16,1.000000,668.194,0.002,0.342,0.101,665.354,664.265,1.088,2.201,0.100,0.048,0.048,1.071,0.000,0.000,463.717,0.177,0.000,199.115,1,605,280,5,587,4146,83.45,146.59,31.78,4390.38,472,0
1,194,1785738277536,7.790905259e-05,0.554261,1,890,0,16,0,0,0,16,1.000000,987.232,0.013,0.371,0.100,984.404,983.253,1.151,2.188,0.095,0.038,0.037,1.150,0.000,0.000,710.326,0.181,0.000,271.427,1,908,280,5,890,4146,83.45,146.59,31.77,4366.78,472,0
1,195,1785738279098,0.000140703274,0.549752,1,1527,0,16,0,0,0,16,1.000000,1562.390,0.003,0.360,0.099,1559.531,1558.411,1.119,2.221,0.095,0.043,0.042,1.080,0.000,0.000,1176.281,0.172,0.000,380.681,1,1545,280,5,1527,4146,83.45,146.59,31.75,4403.98,472,0
1,196,1785738280220,5.825627642e-05,0.541635,1,1056,0,16,0,0,0,16,1.000000,1122.162,0.002,0.457,0.104,1118.827,1117.641,1.185,2.385,0.101,0.255,0.034,0.979,0.000,0.000,826.222,0.180,0.000,290.090,1,1074,280,5,1056,4146,83.45,146.59,31.75,4317.59,472,0
1,197,1785738281788,0.0001439520013,0.538936,1,1527,0,16,0,0,0,16,1.000000,1567.178,0.003,0.454,0.102,1564.105,1562.902,1.201,2.341,0.093,0.043,0.041,1.003,0.000,0.000,1174.107,0.180,0.000,387.430,1,1545,280,5,1527,4146,83.45,146.59,31.75,4334.44,472,0
1,198,1785738282886,7.032558481e-05,0.524256,1,981,0,16,0,0,0,16,1.000000,1098.505,0.014,0.377,0.096,1095.608,1094.422,1.185,2.235,0.098,0.042,0.050,0.999,0.000,0.000,806.400,0.190,0.000,286.659,1,999,280,5,981,4146,83.48,146.59,31.80,4406.81,472,0
1,199,1785738284591,0.0001320473695,0.518100,1,1643,0,16,0,0,0,16,1.000000,1704.877,0.004,0.472,0.096,1701.863,1700.737,1.125,2.285,0.095,0.030,0.038,0.990,0.000,0.000,1271.338,0.180,0.000,428.038,1,1661,280,5,1643,4146,83.48,146.59,31.80,4392.48,472,0
1,200,1785738285669,6.434121512e-05,0.510845,1,1015,0,16,0,0,0,16,1.000000,1077.473,0.003,0.406,0.102,1074.380,1073.223,1.157,2.418,0.099,0.035,0.033,0.976,0.000,0.000,790.085,0.180,0.000,281.812,1,1033,280,5,1015,4146,83.48,146.59,31.80,4339.58,472,0
1,201,1785738287395,5.215105403e-05,0.514611,1,1641,0,16,0,0,0,16,1.000000,1726.102,0.003,0.631,0.094,1722.449,1721.276,1.172,2.537,0.103,0.198,0.091,0.947,0.000,0.000,1293.026,0.172,0.000,426.884,1,1659,280,5,1641,4146,83.48,146.59,32.23,4335.19,472,0
1,202,1785738288530,3.457778072e-05,0.526220,1,1083,0,16,0,0,0,16,1.000000,1134.793,0.002,0.380,0.098,1131.899,1130.709,1.188,2.245,0.097,0.038,0.034,1.151,0.000,0.000,832.155,0.177,0.000,297.038,1,1101,280,5,1083,4146,83.48,146.59,32.23,4374.48,472,0
1,203,1785738289807,3.130248996e-05,0.535854,1,1206,0,16,0,0,0,16,1.000000,1276.885,0.005,0.392,0.095,1273.904,1272.700,1.202,2.317,0.092,0.046,0.039,0.969,0.000,0.000,948.939,0.177,0.000,322.435,1,1224,280,5,1206,4146,83.48,146.59,32.23,4327.78,472,0
1,204,1785738290972,3.040496848e-05,0.541133,1,1108,0,16,0,0,0,16,1.000000,1164.916,0.002,0.421,0.093,1161.835,1160.746,1.089,2.362,0.125,0.046,0.034,0.984,0.000,0.000,858.487,0.172,0.000,300.927,1,1126,280,5,1108,4146,83.48,146.59,32.20,4392.70,472,0
1,205,1785738292185,3.014871856e-05,0.544457,0,1114,0,16,0,0,0,16,1.000000,1212.876,0.002,0.469,0.099,1209.818,1208.687,1.130,2.295,0.109,0.043,0.043,1.061,0.000,0.000,895.745,0.177,0.000,311.536,1,1132,280,5,1114,4146,83.48,146.59,34.97,4271.09,472,0
1,206,1785738293357,3.004350645e-05,0.546660,0,1115,0,16,0,0,0,16,1.000000,1172.433,0.007,0.403,0.101,1169.553,1168.458,1.094,2.207,0.095,0.037,0.037,1.088,0.000,0.000,866.944,0.184,0.000,300.059,1,1133,280,5,1115,4146,83.48,146.59,34.97,4316.41,472,0
1,207,1785738294546,2.99780897e-05,0.547590,0,1115,0,16,0,0,0,16,1.000000,1188.486,0.004,0.355,0.096,1185.630,1184.509,1.119,2.241,0.097,0.035,0.033,1.107,0.000,0.000,870.585,0.178,0.000,312.470,1,1133,280,5,1115,4146,83.48,146.59,34.97,4349.19,472,0
1,208,1785738295768,2.994122635e-05,0.548426,0,1120,0,16,0,0,0,16,1.000000,1222.142,0.003,0.419,0.093,1219.129,1218.011,1.118,2.316,0.102,0.049,0.034,0.936,0.000,0.000,895.559,0.177,0.000,321.171,1,1138,280,5,1120,4146,83.48,146.59,34.97,4290.77,472,0
1,209,1785738296960,2.990776289e-05,0.548624,0,1112,0,16,0,0,0,16,1.000000,1192.633,0.010,0.361,0.097,1189.731,1188.615,1.116,2.263,0.100,0.042,0.038,1.053,0.000,0.000,886.013,0.172,0.000,301.190,1,1130,280,5,1112,4146,83.48,146.59,34.95,4314.22,472,0
1,210,1785738298179,2.988179248e-05,0.548958,0,1110,0,16,0,0,0,16,1.000000,1218.821,0.003,0.341,0.095,1215.713,1214.567,1.145,2.345,0.097,0.197,0.033,0.956,0.000,0.000,890.646,0.177,0.000,322.624,1,1128,280,5,1110,4146,83.48,146.59,34.95,4200.25,472,0
1,211,1785738299387,2.985955561e-05,0.549105,0,1101,0,16,0,0,0,16,1.000000,1207.046,0.006,0.407,0.100,1204.091,1202.977,1.114,2.275,0.099,0.036,0.038,1.058,0.000,0.000,899.851,0.177,0.000,301.692,1,1119,280,5,1101,4146,83.48,146.59,37.70,4177.48,472,0
1,212,1785738300593,2.983929535e-05,0.549251,0,1092,0,16,0,0,0,16,1.000000,1206.114,0.004,0.388,0.100,1203.107,1201.938,1.168,2.322,0.115,0.045,0.037,1.174,0.000,0.000,883.919,0.172,0.000,316.498,1,1110,280,5,1092,4146,83.48,146.59,39.31,3694.52,472,0
1,213,1785738301748,2.982142017e-05,0.549067,0,1082,0,16,0,0,0,16,1.000000,1154.997,0.003,0.389,0.097,1152.043,1150.944,1.098,2.292,0.103,0.038,0.036,1.000,0.000,0.000,844.189,0.177,0.000,305.413,1,1100,280,5,1082,4146,83.48,146.59,39.31,3861.84,472,0
1,214,1785738302898,2.980558552e-05,0.549272,0,1081,0,16,0,0,0,16,1.000000,1150.471,0.004,0.433,0.095,1147.478,1146.396,1.081,2.283,0.101,0.044,0.037,1.085,0.000,0.000,841.475,0.173,0.000,303.487,1,1099,280,5,1081,4146,83.48,146.59,39.03,4015.00,472,0
1,215,1785738304031,2.979311833e-05,0.549054,0,1068,0,16,0,0,0,16,1.000000,1132.792,0.014,0.392,0.092,1129.824,1128.729,1.095,2.289,0.104,0.049,0.041,0.981,0.000,0.000,836.264,0.187,0.000,291.123,1,1086,280,5,1068,4146,83.48,146.59,39.02,3952.86,472,0
1,216,1785738305192,2.978762555e-05,0.548538,0,1073,0,16,0,0,0,16,1.000000,1161.174,0.006,0.346,0.096,1158.294,1157.154,1.139,2.268,0.095,0.039,0.036,1.023,0.000,0.000,835.638,0.183,0.000,320.132,1,1091,280,5,1073,4146,83.48,146.59,39.02,3956.95,472,0
1,217,1785738306283,2.98019452e-05,0.548885,0,1030,0,16,0,0,0,16,1.000000,1091.051,0.002,0.373,0.094,1088.155,1087.015,1.139,2.259,0.095,0.040,0.035,0.984,0.000,0.000,802.121,0.186,0.000,283.558,1,1048,280,5,1030,4146,83.48,146.59,39.02,3969.31,472,0
1,218,1785738307488,2.985808918e-05,0.547134,0,1115,0,16,0,0,0,16,1.000000,1204.449,0.003,0.369,0.095,1201.317,1200.147,1.168,2.485,0.103,0.040,0.041,0.951,0.000,0.000,884.334,0.180,0.000,314.509,1,1133,280,5,1115,4146,83.48,146.59,39.02,3946.58,472,0
1,219,1785738308601,2.99179027e-05,0.547745,0,1054,0,16,0,0,0,16,1.000000,1113.411,0.010,0.370,0.096,1110.430,1109.282,1.147,2.335,0.096,0.042,0.042,0.976,0.000,0.000,818.889,0.180,0.000,289.066,1,1072,280,5,1054,4146,83.48,146.59,39.00,3992.19,472,0
1,220,1785738309785,2.989031105e-05,0.547328,0,1121,0,16,0,0,0,16,1.000000,1183.106,0.002,0.365,0.097,1180.223,1179.109,1.113,2.257,0.095,0.037,0.033,1.075,0.000,0.000,877.130,0.172,0.000,300.554,1,1139,280,5,1121,4146,83.48,146.59,39.00,3938.27,472,0
1,221,1785738310851,2.983508119e-05,0.547706,0,1001,0,16,0,0,0,16,1.000000,1066.699,0.002,0.370,0.095,1063.773,1062.639,1.133,2.260,0.105,0.059,0.038,0.980,0.000,0.000,784.172,0.184,0.000,277.136,1,1019,280,5,1001,4146,83.48,146.59,39.00,3960.95,472,0
1,222,1785738312007,2.977127854e-05,0.547945,0,1057,0,16,0,0,0,16,1.000000,1155.530,0.003,0.318,0.139,1152.724,1151.543,1.177,2.173,0.093,0.046,0.037,1.002,0.000,0.000,858.508,0.172,0.000,291.685,1,1075,280,5,1057,4146,83.48,146.59,39.00,3922.59,472,0
1,223,1785738313154,2.972463608e-05,0.548129,0,1035,0,16,0,0,0,16,1.000000,1147.327,0.002,0.359,0.095,1144.075,1142.951,1.123,2.223,0.133,0.404,0.039,1.031,0.000,0.000,845.902,0.181,0.000,295.664,1,1053,280,5,1035,4146,83.48,146.59,38.98,3953.94,472,0
1,224,1785738314267,2.970651563e-05,0.548114,0,1047,0,16,0,0,0,16,1.000000,1112.556,0.009,0.369,0.101,1109.590,1108.468,1.121,2.316,0.107,0.038,0.034,1.045,0.000,0.000,819.814,0.183,0.000,287.248,1,1065,280,5,1047,4146,83.48,146.59,38.98,3912.06,472,0
1,225,1785738315383,2.96975084e-05,0.548049,0,1026,0,16,0,0,0,16,1.000000,1116.589,0.002,0.404,0.096,1113.599,1112.482,1.116,2.302,0.108,0.041,0.039,1.038,0.000,0.000,800.968,0.193,0.000,310.109,1,1044,280,5,1026,4146,83.48,146.59,38.98,3906.92,472,0
1,226,1785738316492,2.969209075e-05,0.547989,0,1048,0,16,0,0,0,16,1.000000,1107.978,0.002,0.390,0.093,1105.065,1103.974,1.090,2.242,0.108,0.040,0.040,1.012,0.000,0.000,814.979,0.180,0.000,287.628,1,1066,280,5,1048,4146,83.48,146.59,38.98,3938.72,472,0
1,227,1785738317597,2.968631338e-05,0.547896,0,1025,0,16,0,0,0,16,1.000000,1105.474,0.016,0.347,0.095,1102.549,1101.355,1.190,2.319,0.096,0.028,0.040,0.971,0.000,0.000,801.296,0.177,0.000,298.728,1,1043,280,5,1025,4146,83.48,146.59,38.97,3803.25,472,0
1,228,1785738318750,2.968148172e-05,0.547910,0,1028,0,16,0,0,0,16,1.000000,1152.958,0.004,0.380,0.097,1150.006,1148.894,1.112,2.299,0.095,0.039,0.042,0.954,0.000,0.000,846.837,0.177,0.000,300.763,1,1046,280,5,1028,4146,83.48,146.59,38.97,4007.52,472,0
1,229,1785738319902,2.967619779e-05,0.547648,0,1027,0,16,0,0,0,16,1.000000,1152.042,0.002,0.334,0.095,1149.199,1148.060,1.138,2.252,0.095,0.035,0.032,0.988,0.000,0.000,857.386,0.177,0.000,289.346,1,1045,280,5,1027,4146,83.48,146.59,38.97,3950.00,472,0
1,230,1785738321068,2.967073833e-05,0.547802,0,1029,0,16,0,0,0,16,1.000000,1166.066,0.002,0.381,0.103,1163.154,1162.009,1.144,2.260,0.095,0.041,0.032,0.932,0.000,0.000,868.028,0.177,0.000,292.717,1,1047,280,5,1029,4146,83.48,146.59,38.97,3998.38,472,0
1,231,1785738322213,2.96655229e-05,0.547384,0,1033,0,16,0,0,0,16,1.000000,1144.723,0.002,0.391,0.096,1141.772,1140.639,1.132,2.293,0.095,0.039,0.037,0.951,0.000,0.000,843.759,0.177,0.000,295.588,1,1051,280,5,1033,4146,83.48,146.59,38.97,3950.31,472,0
1,232,1785738323371,2.965992603e-05,0.547539,0,1037,0,16,0,0,0,16,1.000000,1158.327,0.002,0.384,0.096,1155.098,1153.961,1.136,2.216,0.094,0.402,0.037,0.966,0.000,0.000,854.588,0.177,0.000,298.072,1,1055,280,5,1037,4146,83.48,146.59,38.97,4002.67,472,0
1,233,1785738324548,2.965341323e-05,0.547096,0,1033,0,16,0,0,0,16,1.000000,1176.408,0.004,0.394,0.094,1173.515,1172.378,1.136,2.233,0.094,0.044,0.035,0.989,0.000,0.000,874.663,0.172,0.000,296.379,1,1051,280,5,1033,4146,83.48,146.59,38.97,4024.83,472,0
1,234,1785738325845,2.964858991e-05,0.547398,0,1036,0,16,0,0,0,16,1.000000,1296.843,0.002,0.412,0.099,1293.482,1292.341,1.141,2.662,0.105,0.047,0.036,0.963,0.000,0.000,923.702,0.196,0.000,367.296,1,1054,280,5,1036,4146,83.48,146.59,38.97,4040.34,472,0
1,235,1785738327016,2.964834958e-05,0.546628,0,1045,0,16,0,0,0,16,1.000000,1171.332,0.013,0.384,0.106,1168.440,1167.326,1.114,2.229,0.095,0.043,0.036,1.016,0.000,0.000,864.637,0.194,0.000,301.308,1,1063,280,5,1045,4146,83.48,146.59,38.95,4040.06,472,0
1,236,1785738328201,2.964612036e-05,0.547242,0,1022,0,16,0,0,0,16,1.000000,1184.373,0.002,0.349,0.095,1181.457,1180.303,1.153,2.290,0.105,0.045,0.032,0.932,0.000,0.000,859.807,0.177,0.000,319.225,1,1040,280,5,1022,4146,83.48,146.59,38.92,4114.28,472,0
1,237,1785738329352,2.965735307e-05,0.546009,0,1035,0,16,0,0,0,16,1.000000,1151.941,0.002,0.380,0.110,1148.979,1147.829,1.148,2.290,0.108,0.041,0.033,0.942,0.000,0.000,841.305,0.177,0.000,305.247,1,1053,280,5,1035,4146,83.48,146.59,38.92,4104.66,472,0
1,238,1785738330518,2.970613122e-05,0.546312,0,1041,0,16,0,0,0,16,1.000000,1165.728,0.002,0.319,0.099,1162.871,1161.732,1.138,2.266,0.094,0.043,0.036,0.928,0.000,0.000,865.862,0.180,0.000,294.604,1,1059,280,5,1041,4146,83.48,146.59,38.92,4168.75,472,0
1,239,1785738331717,2.976977582e-05,0.545692,0,1070,0,16,0,0,0,16,1.000000,1198.342,0.002,0.321,0.095,1195.496,1194.372,1.123,2.264,0.094,0.035,0.038,0.966,0.000,0.000,892.806,0.177,0.000,300.265,1,1088,280,5,1070,4146,83.48,146.59,38.92,4111.72,472,0
1,240,1785738332885,2.982560002e-05,0.545243,1,1068,0,16,0,0,0,16,1.000000,1168.615,0.002,0.402,0.096,1165.216,1164.100,1.115,2.217,0.095,0.549,0.040,0.962,0.000,0.000,853.317,0.177,0.000,309.480,1,1086,280,5,1068,4146,83.48,146.59,39.02,4096.20,472,0
1,241,1785738335344,8.4379478e-05,0.563071,1,2252,0,32,0,0,0,16,1.000000,2458.451,0.003,0.380,0.093,2455.526,2454.394,1.132,2.280,0.095,0.044,0.034,1.032,0.000,0.000,1899.319,0.177,0.000,553.688,1,2270,280,5,2252,4146,83.48,146.59,39.02,4059.30,472,0
1,242,1785738337441,0.0002080289487,0.560176,1,1920,0,32,0,0,0,16,1.000000,2097.009,0.012,0.386,0.277,2093.926,2092.782,1.143,2.252,0.095,0.040,0.033,0.982,0.000,0.000,1608.064,0.172,0.000,483.350,1,1938,280,5,1920,4146,83.48,146.59,38.97,4048.02,472,0
1,243,1785738339099,4.564354177e-05,0.554771,1,1494,0,32,0,0,0,16,1.000000,1658.293,0.002,0.388,0.093,1655.361,1654.218,1.142,2.286,0.095,0.037,0.034,0.988,0.000,0.000,1247.905,0.177,0.000,404.969,1,1512,280,5,1494,4146,83.48,146.59,38.89,4079.41,472,0
1,244,1785738341390,0.0002161811449,0.557425,1,2109,0,32,0,0,0,16,1.000000,2290.662,0.009,0.324,0.095,2287.810,2286.679,1.131,2.255,0.095,0.049,0.034,1.280,0.000,0.000,1771.310,0.180,0.000,513.736,1,2127,280,5,2109,4146,83.48,146.59,36.66,3925.95,472,0
1,245,1785738343217,5.182480056e-05,0.550066,1,1617,0,32,0,0,0,16,1.000000,1827.304,0.011,0.326,0.094,1823.607,1822.459,1.147,2.268,0.095,0.874,0.041,0.936,0.000,0.000,1382.401,0.177,0.000,438.754,1,1635,280,5,1617,4146,83.48,146.59,38.03,3835.41,472,0
1,246,1785738345488,0.0002018166822,0.550080,1,2083,0,32,0,0,0,16,1.000000,2270.394,0.005,0.376,0.100,2267.497,2266.336,1.161,2.251,0.098,0.031,0.041,1.029,0.000,0.000,1745.776,0.180,0.000,519.176,1,2101,280,5,2083,4146,83.48,146.59,38.03,3827.34,472,0
1,247,1785738347361,6.927420036e-05,0.541347,1,1698,0,32,0,0,0,16,1.000000,1872.594,0.005,0.390,0.095,1869.682,1868.566,1.115,2.242,0.095,0.057,0.033,1.045,0.000,0.000,1416.865,0.177,0.000,450.242,1,1716,280,5,1698,4146,83.48,146.59,38.03,3820.02,472,0
1,248,1785738349677,0.0001764994035,0.538821,1,2142,0,32,0,0,0,16,1.000000,2316.046,0.003,0.323,0.097,2313.143,2312.007,1.136,2.308,0.098,0.040,0.037,1.056,0.000,0.000,1772.259,0.177,0.000,538.339,1,2160,280,5,2142,4146,83.48,146.59,38.50,3821.58,472,0
1,249,1785738352035,7.601117783e-05,0.535471,1,2155,0,32,0,0,0,16,1.000000,2358.512,0.001,0.316,0.096,2355.665,2354.512,1.153,2.255,0.100,0.042,0.038,0.959,0.000,0.000,1834.786,0.201,0.000,518.380,1,2173,280,5,2155,4146,83.48,146.59,38.50,3811.03,472,0
1,250,1785738354215,6.068198344e-05,0.534614,1,2031,0,32,0,0,0,16,1.000000,2179.862,0.002,0.384,0.096,2176.675,2175.532,1.142,2.214,0.095,0.361,0.036,0.944,0.000,0.000,1676.659,0.177,0.000,497.577,1,2049,280,5,2031,4146,83.48,146.59,38.56,3798.69,472,0
1,251,1785738356343,3.634803606e-05,0.538420,1,1833,0,32,0,0,0,16,1.000000,2127.626,0.005,0.375,0.094,2124.710,2123.580,1.130,2.275,0.102,0.034,0.036,1.141,0.000,0.000,1623.354,0.183,0.000,498.732,1,1851,280,5,1833,4146,83.48,146.59,38.56,4659.47,472,0
1,252,1785738357990,3.087289735e-05,0.543684,1,1498,0,32,0,0,0,16,1.000000,1646.533,0.010,0.313,0.096,1643.713,1642.597,1.116,2.233,0.095,0.044,0.039,0.926,0.000,0.000,1246.120,0.177,0.000,395.194,1,1516,280,5,1498,4146,83.48,146.59,38.55,4550.95,472,0
1,253,1785738359504,2.998329029e-05,0.545420,1,1362,0,32,0,0,0,16,1.000000,1514.012,0.002,0.328,0.096,1510.995,1509.858,1.136,2.421,0.099,0.039,0.035,0.969,0.000,0.000,1132.242,0.177,0.000,376.299,1,1380,280,5,1362,4146,83.48,146.59,38.55,4570.39,472,0
1,254,1785738361018,2.974910729e-05,0.546689,1,1367,0,32,0,0,0,16,1.000000,1514.255,0.002,0.392,0.095,1511.314,1510.138,1.175,2.279,0.095,0.045,0.034,0.969,0.000,0.000,1148.412,0.180,0.000,360.395,1,1385,280,5,1367,4146,83.48,146.59,38.55,4052.38,472,0
1,255,1785738362532,2.966789503e-05,0.547053,1,1364,0,32,0,0,0,16,1.000000,1514.485,0.002,0.348,0.102,1511.594,1510.459,1.135,2.267,0.096,0.043,0.033,0.931,0.000,0.000,1147.109,0.177,0.000,362.059,1,1382,280,5,1364,4146,83.48,146.59,38.55,4128.42,472,0
1,256,1785738364070,2.962094229e-05,0.548093,1,1361,0,32,0,0,0,16,1.000000,1537.930,0.005,0.587,0.096,1534.291,1533.142,1.148,2.403,0.095,0.366,0.093,0.960,0.000,0.000,1157.568,0.180,0.000,374.205,1,1379,280,5,1361,4146,83.48,146.59,39.12,4433.33,472,0
1,257,1785738365582,2.959411596e-05,0.547969,0,1358,0,32,0,0,0,16,1.000000,1511.094,0.007,0.349,0.092,1508.238,1507.080,1.157,2.248,0.095,0.037,0.035,1.226,0.000,0.000,1146.299,0.177,0.000,359.211,1,1376,280,5,1358,4146,83.48,146.59,39.12,4427.69,472,0
1,258,1785738367104,2.957422662e-05,0.548695,0,1356,0,32,0,0,0,16,1.000000,1521.900,0.002,0.354,0.095,1518.992,1517.837,1.155,2.287,0.095,0.041,0.037,1.070,0.000,0.000,1133.607,0.177,0.000,382.808,1,1374,280,5,1356,4146,83.48,146.59,39.12,4466.08,472,0
1,259,1785738368616,2.956299552e-05,0.548192,0,1354,0,32,0,0,0,16,1.000000,1511.967,0.002,0.346,0.094,1509.119,1507.989,1.130,2.250,0.095,0.030,0.032,0.962,0.000,0.000,1140.561,0.177,0.000,366.097,1,1372,280,5,1354,4146,83.48,146.59,39.12,4466.42,472,0
1,260,1785738370113,2.955004661e-05,0.548721,0,1353,0,32,0,0,0,16,1.000000,1497.598,0.002,0.380,0.094,1494.388,1493.268,1.119,2.555,0.099,0.045,0.037,0.933,0.000,0.000,1130.387,0.179,0.000,361.579,1,1371,280,5,1353,4146,83.48,146.59,39.12,4386.19,472,0
1,261,1785738371615,2.954124731e-05,0.548169,0,1354,0,32,0,0,0,16,1.000000,1502.064,0.002,0.368,0.095,1499.198,1498.021,1.175,2.236,0.095,0.040,0.033,0.942,0.000,0.000,1140.842,0.179,0.000,355.889,1,1372,280,5,1354,4146,83.48,146.59,39.12,4408.50,472,0
1,262,1785738373109,2.952958516e-05,0.548529,0,1354,0,32,0,0,0,16,1.000000,1493.238,0.002,0.316,0.093,1490.382,1489.269,1.113,2.283,0.098,0.033,0.032,0.963,0.000,0.000,1125.890,0.177,0.000,362.056,1,1372,280,5,1354,4146,83.48,146.59,39.12,4706.91,472,0
1,263,1785738374588,2.952130271e-05,0.548210,0,1348,0,32,0,0,0,16,1.000000,1479.659,0.002,0.384,0.093,1476.719,1475.600,1.118,2.299,0.095,0.037,0.032,0.978,0.000,0.000,1116.814,0.181,0.000,357.450,1,1366,280,5,1348,4146,71.28,146.59,34.55,4655.48,472,0
1,264,1785738376078,2.951195835e-05,0.548419,0,1332,0,32,0,0,0,16,1.000000,1489.835,0.002,0.310,0.094,1487.016,1485.869,1.146,2.263,0.095,0.025,0.032,1.043,0.000,0.000,1116.486,0.180,0.000,367.985,1,1350,280,5,1332,4146,71.28,146.59,34.55,4610.41,472,0
1,265,1785738377553,2.951368856e-05,0.547962,0,1326,0,32,0,0,0,16,1.000000,1475.069,0.002,0.367,0.093,1472.176,1471.014,1.162,2.267,0.095,0.035,0.035,1.007,0.000,0.000,1102.429,0.177,0.000,367.220,1,1344,280,5,1326,4146,71.28,146.59,34.55,4560.45,472,0
1,266,1785738379078,2.952457688e-05,0.547924,0,1376,0,32,0,0,0,16,1.000000,1524.591,0.002,0.323,0.106,1521.748,1520.618,1.130,2.250,0.095,0.036,0.034,0.972,0.000,0.000,1136.524,0.177,0.000,382.769,1,1394,280,5,1376,4146,71.28,146.59,34.55,4584.94,472,0
1,267,1785738380573,2.955872617e-05,0.547545,0,1371,0,32,0,0,0,16,1.000000,1494.589,0.002,0.357,0.099,1491.737,1490.610,1.127,2.220,0.095,0.045,0.036,0.986,0.000,0.000,1115.516,0.177,0.000,373.757,1,1389,280,5,1371,4146,71.28,146.59,34.55,4549.00,472,0
1,268,1785738382175,2.959248242e-05,0.547488,0,1441,0,32,0,0,0,16,1.000000,1602.091,0.003,0.368,0.093,1599.194,1598.068,1.125,2.254,0.103,0.047,0.032,0.972,0.000,0.000,1213.907,0.185,0.000,382.828,1,1459,280,5,1441,4146,71.30,146.59,34.55,4526.27,472,0
1,269,1785738383678,2.961347532e-05,0.546890,0,1374,0,32,0,0,0,16,1.000000,1503.332,0.002,0.381,0.093,1500.476,1499.356,1.119,2.215,0.095,0.039,0.033,0.936,0.000,0.000,1134.947,0.177,0.000,363.118,1,1392,280,5,1374,4146,71.30,146.59,34.55,4493.05,472,0
1,270,1785738385099,2.955312352e-05,0.548052,0,1301,0,32,0,0,0,16,1.000000,1420.568,0.014,0.357,0.093,1417.535,1416.373,1.161,2.204,0.094,0.251,0.033,0.979,0.000,0.000,1059.494,0.177,0.000,355.518,1,1319,280,5,1301,4146,63.67,146.59,32.02,4558.38,472,0
1,271,1785738386594,2.949304479e-05,0.547827,0,1336,0,32,0,0,0,16,1.000000,1494.867,0.003,0.340,0.094,1491.832,1490.665,1.166,2.414,0.100,0.045,0.043,1.597,0.000,0.000,1111.730,0.172,0.000,376.973,1,1354,280,5,1336,4146,63.67,146.59,32.02,4551.53,472,0
1,272,1785738388092,2.946502891e-05,0.548092,0,1340,0,32,0,0,0,16,1.000000,1497.768,0.002,0.420,0.101,1494.810,1493.672,1.137,2.262,0.095,0.048,0.034,0.971,0.000,0.000,1129.252,0.246,0.000,363.031,1,1358,280,5,1340,4146,63.67,146.59,32.02,4511.09,472,0
1,273,1785738389610,2.945662908e-05,0.547881,0,1348,0,32,0,0,0,16,1.000000,1518.857,0.003,0.399,0.093,1515.965,1514.845,1.119,2.232,0.095,0.036,0.038,0.964,0.000,0.000,1138.051,0.177,0.000,375.474,1,1366,280,5,1348,4146,63.67,146.59,32.03,4524.86,472,0
1,274,1785738391083,2.945270291e-05,0.547998,0,1348,0,32,0,0,0,16,1.000000,1472.207,0.002,0.320,0.093,1469.373,1468.217,1.156,2.245,0.095,0.047,0.034,0.993,0.000,0.000,1109.576,0.177,0.000,357.288,1,1366,280,5,1348,4146,63.67,146.59,32.03,4492.70,472,0
1,275,1785738392571,2.944986987e-05,0.547822,0,1348,0,32,0,0,0,16,1.000000,1488.679,0.004,0.381,0.093,1485.802,1484.640,1.162,2.235,0.095,0.040,0.032,0.931,0.000,0.000,1127.757,0.177,0.000,355.592,1,1366,280,5,1348,4146,63.67,146.59,32.03,4412.41,472,0
