GRID 0 0 0 0.625 64 64 64
SEG 39.408146 39.408146 9.9679395 39.409056 39.409056 11.646026 0.263063
SEG 39.409056 39.409056 11.646026 39.412523 39.412523 13.318799 0.263063
SEG 39.412523 39.412523 13.318799 39.417456 39.417456 14.966284 0.263063
SEG 39.417456 39.417456 14.966284 39.516573 39.281092 16.579035 0.263063
SEG 39.516573 39.281092 16.579035 39.429269 39.429269 18.164557 0.263063
SEG 39.429269 39.429269 18.164557 39.435417 39.435417 19.682506 0.263063
SEG 39.435417 39.435417 19.682506 39.441588 39.441588 21.156118 0.263063
SEG 39.441588 39.441588 21.156118 39.447727 39.447727 22.580344 0.263063
SEG 39.447727 39.447727 22.580344 39.453682 39.453682 23.919579 0.263063
SEG 39.453682 39.453682 23.919579 39.459558 39.459558 25.193283 0.263063
SEG 39.459558 39.459558 25.193283 39.465348 39.465348 26.392361 0.263063
SEG 39.465348 39.465348 26.392361 39.471025 39.471025 27.505067 0.263063
SEG 39.471025 39.471025 27.505067 39.476738 39.476738 28.555036 0.263063
SEG 39.476738 39.476738 28.555036 39.482909 39.482909 29.605 0.263063
SEG 39.482909 39.482909 29.605 39.489702 39.489702 30.654956 0.263063
SEG 39.489702 39.489702 30.654956 39.497337 39.497337 31.7049 0.263063
SEG 39.497337 39.497337 31.7049 39.506125 39.506125 32.754827 0.263063
SEG 37.40921 37.500661 1.9135806 37.240939 37.240939 2.9731521 0.263063
SEG 37.240939 37.240939 2.9731521 37.082713 37.082713 3.9990318 0.263063
SEG 37.082713 37.082713 3.9990318 36.967793 36.967793 5.0363779 0.263063
SEG 36.967793 36.967793 5.0363779 36.884413 36.884413 6.0890109 0.263063
SEG 36.884413 36.884413 6.0890109 36.821913 36.821913 7.2263494 0.263063
SEG 36.821913 36.821913 7.2263494 36.777363 36.777363 8.4740287 0.263063
SEG 36.777363 36.777363 8.4740287 36.649226 36.522581 9.6888366 0.263063
SEG 36.649226 36.522581 9.6888366 36.737111 36.737111 11.166836 0.263063
SEG 36.737111 36.737111 11.166836 36.735682 36.735682 12.571991 0.263063
SEG 36.735682 36.735682 12.571991 36.595412 36.887077 14.016594 0.263063
SEG 36.595412 36.887077 14.016594 36.756523 36.756523 15.433359 0.263063
SEG 36.756523 36.756523 15.433359 36.861533 36.708419 16.918141 0.263063
SEG 36.861533 36.708419 16.918141 36.795365 36.795365 18.278783 0.263063
SEG 36.795365 36.795365 18.278783 36.818176 36.818176 19.6713 0.263063
SEG 36.818176 36.818176 19.6713 36.854043 36.635684 20.869284 0.263063
SEG 36.854043 36.635684 20.869284 36.867459 36.867459 22.387237 0.263063
SEG 36.867459 36.867459 22.387237 36.893333 36.893333 23.703773 0.263063
SEG 36.893333 36.893333 23.703773 36.97102 37.063579 25.148878 0.263063
SEG 36.97102 37.063579 25.148878 36.94705 36.94705 26.23382 0.263063
SEG 36.94705 36.94705 26.23382 36.974779 36.974779 27.431917 0.263063
SEG 36.974779 36.974779 27.431917 37.238812 37.051836 28.69347 0.263063
SEG 37.238812 37.051836 28.69347 37.032371 37.032371 29.674219 0.263063
SEG 37.032371 37.032371 29.674219 37.06283 37.06283 30.723335 0.263063
SEG 37.06283 37.06283 30.723335 37.128751 37.248725 31.703642 0.263063
SEG 37.128751 37.248725 31.703642 37.133921 37.133921 32.820919 0.263063
SEG 37.133921 37.133921 32.820919 37.176534 37.176534 33.869188 0.263063
SEG 35.018717 35.018717 1.4167674 34.629733 34.629733 2.9906648 0.319221
SEG 34.629733 34.629733 2.9906648 34.378412 34.378412 4.3802471 0.319221
SEG 34.378412 34.378412 4.3802471 34.195159 34.195159 5.7800004 0.319221
SEG 34.195159 34.195159 5.7800004 34.036624 34.141864 6.9350133 0.319221
SEG 34.036624 34.141864 6.9350133 33.985286 33.985286 8.4687924 0.319221
SEG 33.985286 33.985286 8.4687924 33.930537 33.930537 9.7976271 0.319221
SEG 33.930537 33.930537 9.7976271 33.898402 33.898402 11.127782 0.319221
SEG 33.898402 33.898402 11.127782 33.883691 33.883691 12.45855 0.319221
SEG 33.883691 33.883691 12.45855 33.882355 33.882355 13.792066 0.319221
SEG 33.882355 33.882355 13.792066 33.891305 33.891305 15.128502 0.319221
SEG 33.891305 33.891305 15.128502 33.908116 33.908116 16.464501 0.319221
SEG 33.908116 33.908116 16.464501 33.930904 33.930904 17.797851 0.319221
SEG 33.930904 33.930904 17.797851 33.958231 33.958231 19.12647 0.319221
SEG 33.958231 33.958231 19.12647 33.989034 33.989034 20.448555 0.319221
SEG 33.989034 33.989034 20.448555 34.02258 34.02258 21.76268 0.319221
SEG 34.02258 34.02258 21.76268 34.058381 34.058381 23.067881 0.319221
SEG 34.058381 34.058381 23.067881 34.096138 34.096138 24.363764 0.319221
SEG 34.096138 34.096138 24.363764 34.135705 34.135705 25.650659 0.319221
SEG 34.135705 34.135705 25.650659 34.176982 34.176982 26.926943 0.319221
SEG 34.176982 34.176982 26.926943 34.22021 34.22021 28.20002 0.319221
SEG 34.22021 34.22021 28.20002 34.265574 34.265574 29.475251 0.319221
SEG 34.265574 34.265574 29.475251 34.313208 34.313208 30.760463 0.319221
SEG 34.313208 34.313208 30.760463 34.362913 34.362913 32.066119 0.319221
SEG 38.678874 31.612468 1.3557373 38.275708 31.233384 2.6981056 0.320653
SEG 38.275708 31.233384 2.6981056 38.087255 31.064637 3.9330253 0.320653
SEG 38.087255 31.064637 3.9330253 37.96247 30.901383 5.3112772 0.320653
SEG 37.96247 30.901383 5.3112772 37.889752 30.766082 6.7199079 0.320653
SEG 37.889752 30.766082 6.7199079 37.850516 30.660928 8.1499054 0.320653
SEG 37.850516 30.660928 8.1499054 37.833369 30.584618 9.5920292 0.320653
SEG 37.833369 30.584618 9.5920292 37.830632 30.533736 11.046506 0.320653
SEG 37.830632 30.533736 11.046506 37.837016 30.504666 12.493829 0.320653
SEG 37.837016 30.504666 12.493829 37.849103 30.49321 13.93134 0.320653
SEG 37.849103 30.49321 13.93134 37.864612 30.495646 15.351027 0.320653
SEG 37.864612 30.495646 15.351027 37.882164 30.508752 16.757422 0.320653
SEG 37.882164 30.508752 16.757422 37.900911 30.530034 18.149703 0.320653
SEG 37.900911 30.530034 18.149703 37.920266 30.557368 19.519691 0.320653
SEG 37.920266 30.557368 19.519691 37.940089 30.589317 20.874142 0.320653
SEG 37.940089 30.589317 20.874142 37.960318 30.624666 22.21264 0.320653
SEG 37.960318 30.624666 22.21264 37.981026 30.662421 23.53482 0.320653
SEG 37.981026 30.662421 23.53482 37.671524 30.363409 24.876476 0.320653
SEG 37.671524 30.363409 24.876476 38.024587 30.741698 26.122676 0.320653
SEG 38.024587 30.741698 26.122676 38.04812 30.781741 27.389225 0.320653
SEG 38.04812 30.781741 27.389225 38.102114 30.677847 28.604266 0.320653
SEG 38.102114 30.677847 28.604266 38.10127 30.858405 29.866345 0.320653
SEG 38.10127 30.858405 29.866345 38.132455 30.892905 31.076313 0.320653
SEG 38.132455 30.892905 31.076313 38.114573 31.009255 32.235293 0.320653
SEG 38.114573 31.009255 32.235293 38.271538 30.805154 33.225422 0.320653
SEG 38.271538 30.805154 33.225422 38.252956 30.96346 34.423718 0.320653
SEG 38.252956 30.96346 34.423718 38.308718 30.974369 35.472179 0.320653
SEG 38.308718 30.974369 35.472179 38.347474 30.837267 36.322605 0.320653
SEG 31.493218 38.525499 1.4896337 31.233384 38.275708 2.6981056 0.320653
SEG 31.233384 38.275708 2.6981056 31.064637 38.087255 3.9330253 0.320653
SEG 31.064637 38.087255 3.9330253 30.901383 37.96247 5.3112772 0.320653
SEG 30.901383 37.96247 5.3112772 30.766082 37.889752 6.7199079 0.320653
SEG 30.766082 37.889752 6.7199079 30.660928 37.850516 8.1499054 0.320653
SEG 30.660928 37.850516 8.1499054 30.584618 37.833369 9.5920292 0.320653
SEG 30.584618 37.833369 9.5920292 30.533736 37.830632 11.046506 0.320653
SEG 30.533736 37.830632 11.046506 30.504666 37.837016 12.493829 0.320653
SEG 30.504666 37.837016 12.493829 30.49321 37.849103 13.93134 0.320653
SEG 30.49321 37.849103 13.93134 30.495646 37.864612 15.351027 0.320653
SEG 30.495646 37.864612 15.351027 30.508752 37.882164 16.757422 0.320653
SEG 30.508752 37.882164 16.757422 30.530034 37.900911 18.149703 0.320653
SEG 30.530034 37.900911 18.149703 30.557368 37.920266 19.519691 0.320653
SEG 30.557368 37.920266 19.519691 30.589317 37.940089 20.874142 0.320653
SEG 30.589317 37.940089 20.874142 30.624666 37.960318 22.21264 0.320653
SEG 30.624666 37.960318 22.21264 30.662421 37.981026 23.53482 0.320653
SEG 30.662421 37.981026 23.53482 30.438886 37.718116 24.870145 0.320653
SEG 30.438886 37.718116 24.870145 30.741698 38.024587 26.122676 0.320653
SEG 30.741698 38.024587 26.122676 30.781741 38.04812 27.389225 0.320653
SEG 30.781741 38.04812 27.389225 30.677847 38.102114 28.604266 0.320653
SEG 30.677847 38.102114 28.604266 30.858405 38.10127 29.866345 0.320653
SEG 30.858405 38.10127 29.866345 30.892905 38.132455 31.076313 0.320653
SEG 30.892905 38.132455 31.076313 30.874893 38.148837 32.237289 0.320653
SEG 30.874893 38.148837 32.237289 30.946199 38.206872 33.352621 0.320653
SEG 30.946199 38.206872 33.352621 30.96346 38.252956 34.423718 0.320653
SEG 30.96346 38.252956 34.423718 30.974369 38.308718 35.472179 0.320653
SEG 30.974369 38.308718 35.472179 30.979314 38.37921 36.519799 0.320653
SEG 32.211965 32.211965 1.8212189 31.787028 31.96039 3.7039632 0.318017
SEG 31.787028 31.96039 3.7039632 31.608821 31.608821 5.2728273 0.318017
SEG 31.608821 31.608821 5.2728273 31.441113 31.441113 6.8553054 0.318017
SEG 31.441113 31.441113 6.8553054 31.142497 31.29404 8.5547203 0.318017
SEG 31.142497 31.29404 8.5547203 31.25954 31.25954 9.7402661 0.318017
SEG 31.25954 31.25954 9.7402661 31.214615 31.214615 11.135522 0.318017
SEG 31.214615 31.214615 11.135522 31.190634 31.190634 12.495002 0.318017
SEG 31.190634 31.190634 12.495002 31.182293 31.182293 13.819342 0.318017
SEG 31.182293 31.182293 13.819342 31.185772 31.185772 15.143725 0.318017
SEG 31.185772 31.185772 15.143725 31.198477 31.198477 16.454003 0.318017
SEG 31.198477 31.198477 16.454003 31.218362 31.218362 17.755686 0.318017
SEG 31.218362 31.218362 17.755686 31.243928 31.243928 19.053001 0.318017
SEG 31.243928 31.243928 19.053001 31.274068 31.274068 20.349276 0.318017
SEG 31.274068 31.274068 20.349276 31.307966 31.307966 21.647585 0.318017
SEG 31.307966 31.307966 21.647585 31.34496 31.34496 22.948424 0.318017
SEG 31.34496 31.34496 22.948424 31.384554 31.384554 24.253688 0.318017
SEG 31.384554 31.384554 24.253688 31.206024 31.637455 25.645649 0.318017
SEG 31.206024 31.637455 25.645649 31.469855 31.469855 26.88654 0.318017
SEG 31.469855 31.469855 26.88654 31.514829 31.514829 28.227088 0.318017
SEG 31.514829 31.514829 28.227088 31.560199 31.560199 29.584976 0.318017
SEG 31.560199 31.560199 29.584976 31.604484 31.604484 30.963458 0.318017
SEG 31.604484 31.604484 30.963458 31.645129 31.645129 32.36442 0.318017
SEG 31.645129 31.645129 32.36442 31.801847 31.545711 33.950201 0.318017
SEG 31.801847 31.545711 33.950201 31.699476 31.699476 35.221662 0.318017
SEG 31.699476 31.699476 35.221662 31.705953 31.705953 36.637933 0.318017
SEG 31.705953 31.705953 36.637933 31.701381 31.701381 37.997363 0.318017
SEG 31.701381 31.701381 37.997363 31.694779 31.694779 39.255278 0.318017
SEG 36.53067 27.155408 5.3196271 36.396696 27.054402 6.8307138 0.327178
SEG 36.396696 27.054402 6.8307138 36.320369 26.976735 8.313363 0.327178
SEG 36.320369 26.976735 8.313363 36.295006 27.049395 9.5293443 0.327178
SEG 36.295006 27.049395 9.5293443 36.266538 26.880257 11.22391 0.327178
SEG 36.266538 26.880257 11.22391 36.267998 26.856021 12.648655 0.327178
SEG 36.267998 26.856021 12.648655 36.280208 26.844175 14.055281 0.327178
SEG 36.280208 26.844175 14.055281 36.2995 26.842356 15.44518 0.327178
SEG 36.2995 26.842356 15.44518 36.323457 26.848543 16.819896 0.327178
SEG 36.323457 26.848543 16.819896 36.350841 26.861241 18.194504 0.327178
SEG 36.350841 26.861241 18.194504 36.380284 26.878911 19.549271 0.327178
SEG 36.380284 26.878911 19.549271 36.411315 26.900408 20.89066 0.327178
SEG 36.411315 26.900408 20.89066 36.443719 26.924771 22.22189 0.327178
SEG 36.443719 26.924771 22.22189 36.477463 26.951111 23.543814 0.327178
SEG 36.477463 26.951111 23.543814 36.512696 26.978618 24.857106 0.327178
SEG 36.512696 26.978618 24.857106 36.549722 27.006495 26.162253 0.327178
SEG 36.549722 27.006495 26.162253 36.588975 27.033926 27.459567 0.327178
SEG 36.588975 27.033926 27.459567 36.630997 27.060058 28.749218 0.327178
SEG 36.630997 27.060058 28.749218 36.676518 27.084001 30.031333 0.327178
SEG 36.676518 27.084001 30.031333 36.726312 27.104842 31.303108 0.327178
SEG 36.726312 27.104842 31.303108 36.781609 27.121918 32.57024 0.327178
SEG 36.781609 27.121918 32.57024 36.843641 27.134747 33.838106 0.327178
SEG 36.843641 27.134747 33.838106 36.913191 27.143217 35.118504 0.327178
SEG 36.913191 27.143217 35.118504 37.284875 27.237936 36.295655 0.327178
SEG 35.290787 31.526497 2.4057394 34.935487 31.269116 4.0131017 0.270847
SEG 34.935487 31.269116 4.0131017 34.704484 31.077952 5.559133 0.270847
SEG 34.704484 31.077952 5.559133 34.560258 30.942626 7.0046266 0.270847
SEG 34.560258 30.942626 7.0046266 34.469176 30.845617 8.4099758 0.270847
SEG 34.469176 30.845617 8.4099758 34.414474 30.778463 9.7882954 0.270847
SEG 34.414474 30.778463 9.7882954 34.385267 30.734707 11.148755 0.270847
SEG 34.385267 30.734707 11.148755 34.374461 30.709579 12.49255 0.270847
SEG 34.374461 30.709579 12.49255 34.489684 30.808015 13.611418 0.270847
SEG 34.489684 30.808015 13.611418 34.389364 30.700429 15.159392 0.270847
SEG 34.389364 30.700429 15.159392 34.40898 30.711041 16.484468 0.270847
SEG 34.40898 30.711041 16.484468 34.433982 30.729043 17.804473 0.270847
SEG 34.433982 30.729043 17.804473 34.463034 30.752876 19.119569 0.270847
SEG 34.463034 30.752876 19.119569 34.495221 30.781306 20.429966 0.270847
SEG 34.495221 30.781306 20.429966 34.498475 30.54894 21.75903 0.270847
SEG 34.498475 30.54894 21.75903 34.56696 30.848304 23.038534 0.270847
SEG 34.56696 30.848304 23.038534 34.606099 30.885476 24.338559 0.270847
SEG 34.606099 30.885476 24.338559 34.647489 30.924354 25.638492 0.270847
SEG 34.647489 30.924354 25.638492 34.691414 30.964419 26.941878 0.270847
SEG 34.691414 30.964419 26.941878 34.738253 31.005047 28.252732 0.270847
SEG 34.738253 31.005047 28.252732 34.788461 31.045405 29.576123 0.270847
SEG 34.788461 31.045405 29.576123 34.842445 31.084246 30.917921 0.270847
SEG 34.842445 31.084246 30.917921 34.900075 31.11961 32.28388 0.270847
SEG 34.900075 31.11961 32.28388 34.959429 31.148619 33.677339 0.270847
SEG 34.959429 31.148619 33.677339 35.013942 31.167838 35.085575 0.270847
SEG 35.013942 31.167838 35.085575 35.050377 31.175386 36.490663 0.270847
SEG 35.050377 31.175386 36.490663 35.054745 31.173668 37.807087 0.270847
SEG 35.054745 31.173668 37.807087 35.039685 31.169731 38.893598 0.270847
SEG 26.880257 36.266538 11.22391 26.856021 36.267998 12.648655 0.327178
SEG 26.856021 36.267998 12.648655 26.844175 36.280208 14.055281 0.327178
SEG 26.844175 36.280208 14.055281 26.842356 36.2995 15.44518 0.327178
SEG 26.842356 36.2995 15.44518 26.848543 36.323457 16.819896 0.327178
SEG 26.848543 36.323457 16.819896 26.861241 36.350841 18.194504 0.327178
SEG 26.861241 36.350841 18.194504 26.878911 36.380284 19.549271 0.327178
SEG 26.878911 36.380284 19.549271 26.900408 36.411315 20.89066 0.327178
SEG 26.900408 36.411315 20.89066 26.924771 36.443719 22.22189 0.327178
SEG 26.924771 36.443719 22.22189 26.951111 36.477463 23.543814 0.327178
SEG 26.951111 36.477463 23.543814 26.978618 36.512696 24.857106 0.327178
SEG 26.978618 36.512696 24.857106 27.006495 36.549722 26.162253 0.327178
SEG 27.006495 36.549722 26.162253 27.126641 36.560765 27.141093 0.327178
SEG 27.126641 36.560765 27.141093 27.060058 36.630997 28.749218 0.327178
SEG 27.060058 36.630997 28.749218 27.084001 36.676518 30.031333 0.327178
SEG 27.084001 36.676518 30.031333 27.104842 36.726312 31.303108 0.327178
SEG 27.104842 36.726312 31.303108 27.254252 36.602357 32.691067 0.327178
SEG 27.254252 36.602357 32.691067 27.134747 36.843641 33.838106 0.327178
SEG 31.873083 35.831482 0.69632101 31.526497 35.290787 2.4057394 0.270847
SEG 31.526497 35.290787 2.4057394 31.269116 34.935487 4.0131017 0.270847
SEG 31.269116 34.935487 4.0131017 31.077952 34.704484 5.559133 0.270847
SEG 31.077952 34.704484 5.559133 30.942626 34.560258 7.0046266 0.270847
SEG 30.942626 34.560258 7.0046266 30.845617 34.469176 8.4099758 0.270847
SEG 30.845617 34.469176 8.4099758 30.778463 34.414474 9.7882954 0.270847
SEG 30.778463 34.414474 9.7882954 30.734707 34.385267 11.148755 0.270847
SEG 30.734707 34.385267 11.148755 30.709579 34.374461 12.49255 0.270847
SEG 30.709579 34.374461 12.49255 30.393036 34.817066 13.493833 0.270847
SEG 30.393036 34.817066 13.493833 30.700429 34.389364 15.159392 0.270847
SEG 30.700429 34.389364 15.159392 30.711041 34.40898 16.484468 0.270847
SEG 30.711041 34.40898 16.484468 30.729043 34.433982 17.804473 0.270847
SEG 30.729043 34.433982 17.804473 30.752876 34.463034 19.119569 0.270847
SEG 30.752876 34.463034 19.119569 30.781306 34.495221 20.429966 0.270847
SEG 30.781306 34.495221 20.429966 30.813371 34.529968 21.736053 0.270847
SEG 30.813371 34.529968 21.736053 30.848304 34.56696 23.038534 0.270847
SEG 30.848304 34.56696 23.038534 30.885476 34.606099 24.338559 0.270847
SEG 30.885476 34.606099 24.338559 30.924354 34.647489 25.638492 0.270847
SEG 30.924354 34.647489 25.638492 30.964419 34.691414 26.941878 0.270847
SEG 30.964419 34.691414 26.941878 31.005047 34.738253 28.252732 0.270847
SEG 31.005047 34.738253 28.252732 31.045405 34.788461 29.576123 0.270847
SEG 31.045405 34.788461 29.576123 31.084246 34.842445 30.917921 0.270847
SEG 31.084246 34.842445 30.917921 31.11961 34.900075 32.28388 0.270847
SEG 31.11961 34.900075 32.28388 31.39458 35.013138 33.891702 0.270847
SEG 31.39458 35.013138 33.891702 31.167838 35.013942 35.085575 0.270847
SEG 31.167838 35.013942 35.085575 31.175386 35.050377 36.490663 0.270847
SEG 31.175386 35.050377 36.490663 31.173668 35.054745 37.807087 0.270847
SEG 31.173668 35.054745 37.807087 31.169731 35.039685 38.893598 0.270847
SEG 29.197968 29.253819 2.6695288 28.94578 28.94578 4.2736373 0.326402
SEG 28.94578 28.94578 4.2736373 28.756442 28.756442 6.0325423 0.326402
SEG 28.756442 28.756442 6.0325423 28.62718 28.62718 7.6952793 0.326402
SEG 28.62718 28.62718 7.6952793 28.541068 28.541068 9.2812167 0.326402
SEG 28.541068 28.541068 9.2812167 28.487472 28.487472 10.763339 0.326402
SEG 28.487472 28.487472 10.763339 28.456075 28.456075 12.190054 0.326402
SEG 28.456075 28.456075 12.190054 28.441108 28.441108 13.572718 0.326402
SEG 28.441108 28.441108 13.572718 28.438466 28.438466 14.922368 0.326402
SEG 28.438466 28.438466 14.922368 28.445288 28.445288 16.249031 0.326402
SEG 28.445288 28.445288 16.249031 28.463735 28.371472 17.572402 0.326402
SEG 28.463735 28.371472 17.572402 28.479589 28.479589 18.861833 0.326402
SEG 28.479589 28.479589 18.861833 28.504573 28.504573 20.168367 0.326402
SEG 28.504573 28.504573 20.168367 28.533563 28.533563 21.4814 0.326402
SEG 28.533563 28.533563 21.4814 28.56584 28.56584 22.8046 0.326402
SEG 28.56584 28.56584 22.8046 28.444696 28.496725 24.035685 0.326402
SEG 28.444696 28.496725 24.035685 28.49907 28.724352 25.666465 0.326402
SEG 28.49907 28.724352 25.666465 28.675241 28.675241 26.859934 0.326402
SEG 28.675241 28.675241 26.859934 28.713111 28.713111 28.25198 0.326402
SEG 28.713111 28.713111 28.25198 28.749339 28.749339 29.657772 0.326402
SEG 28.749339 28.749339 29.657772 28.782012 28.782012 31.074621 0.326402
SEG 28.782012 28.782012 31.074621 28.971345 28.939457 32.381852 0.326402
SEG 28.971345 28.939457 32.381852 28.827886 28.827886 33.900213 0.326402
SEG 28.827886 28.827886 33.900213 28.838328 28.838328 35.270716 0.326402
SEG 28.838328 28.838328 35.270716 28.841421 28.841421 36.641292 0.326402
SEG 28.841421 28.841421 36.641292 28.839859 28.839859 37.956366 0.326402
SEG 28.839859 28.839859 37.956366 28.837413 28.837413 39.1967 0.326402
SEG 32.350416 27.377676 18.102154 32.381721 27.395638 19.410978 0.322727
SEG 32.381721 27.395638 19.410978 32.417206 27.417534 20.716362 0.322727
SEG 32.417206 27.417534 20.716362 32.456239 27.442588 22.023855 0.322727
SEG 32.456239 27.442588 22.023855 32.498368 27.470093 23.336406 0.322727
SEG 32.498368 27.470093 23.336406 32.509615 27.418163 24.688264 0.322727
SEG 32.509615 27.418163 24.688264 32.590649 27.529602 25.983004 0.322727
SEG 32.590649 27.529602 25.983004 32.640181 27.55998 27.318224 0.322727
SEG 32.640181 27.55998 27.318224 32.691527 27.589574 28.666031 0.322727
SEG 32.691527 27.589574 28.666031 32.743863 27.61723 30.028436 0.322727
SEG 32.743863 27.61723 30.028436 32.795875 27.641746 31.415297 0.322727
SEG 32.795875 27.641746 31.415297 32.84418 27.661508 32.818268 0.322727
SEG 32.84418 27.661508 32.818268 32.883569 27.67531 34.233682 0.322727
SEG 32.883569 27.67531 34.233682 32.907381 27.682796 35.651879 0.322727
SEG 32.907381 27.682796 35.651879 32.911723 27.685006 37.033534 0.322727
SEG 37.255233 23.65088 3.61608 37.08979 23.15577 4.9958536 0.313058
SEG 37.08979 23.15577 4.9958536 36.825945 23.358911 6.7213098 0.313058
SEG 36.825945 23.358911 6.7213098 36.757473 23.054255 8.2238746 0.313058
SEG 36.757473 23.054255 8.2238746 36.71546 23.287638 9.7592834 0.313058
SEG 36.71546 23.287638 9.7592834 36.703913 23.266228 11.244091 0.313058
SEG 36.703913 23.266228 11.244091 36.708066 23.252758 12.693604 0.313058
SEG 36.708066 23.252758 12.693604 36.722246 23.245765 14.120919 0.313058
SEG 36.722246 23.245765 14.120919 36.742782 23.244058 15.527801 0.313058
SEG 36.742782 23.244058 15.527801 36.767231 23.24659 16.908034 0.313058
SEG 36.767231 23.24659 16.908034 36.794318 23.252491 18.273175 0.313058
SEG 36.794318 23.252491 18.273175 36.823196 23.261044 19.625197 0.313058
SEG 36.823196 23.261044 19.625197 36.853392 23.271626 20.965768 0.313058
SEG 36.853392 23.271626 20.965768 36.884812 23.283723 22.300608 0.313058
SEG 36.884812 23.283723 22.300608 36.91728 23.296763 23.623128 0.313058
SEG 36.91728 23.296763 23.623128 36.950926 23.31026 24.933316 0.313058
SEG 36.950926 23.31026 24.933316 36.986 23.323739 26.230539 0.313058
SEG 36.986 23.323739 26.230539 36.995007 23.50718 27.195889 0.313058
SEG 36.995007 23.50718 27.195889 37.06352 23.285669 29.036175 0.313058
SEG 37.06352 23.285669 29.036175 37.105016 23.359887 30.061204 0.313058
SEG 37.105016 23.359887 30.061204 37.151115 23.369127 31.300682 0.313058
SEG 37.151115 23.369127 31.300682 37.336071 23.220373 32.606963 0.313058
SEG 37.336071 23.220373 32.606963 37.259075 23.382245 33.724454 0.313058
SEG 37.259075 23.382245 33.724454 37.323914 23.386239 34.923268 0.313058
SEG 37.323914 23.386239 34.923268 37.318094 23.400919 36.205128 0.313058
SEG 37.318094 23.400919 36.205128 37.472105 23.390192 37.380684 0.313058
SEG 37.472105 23.390192 37.380684 37.572148 23.381405 38.908189 0.313058
SEG 27.865019 33.007048 3.6152725 27.696667 32.72404 5.3252768 0.322727
SEG 27.696667 32.72404 5.3252768 27.576837 32.542502 6.9178554 0.322727
SEG 27.576837 32.542502 6.9178554 27.489769 32.42407 8.4718065 0.322727
SEG 27.489769 32.42407 8.4718065 27.430087 32.352174 9.9625099 0.322727
SEG 27.430087 32.352174 9.9625099 27.391829 32.312914 11.377321 0.322727
SEG 27.391829 32.312914 11.377321 27.369148 32.295677 12.755211 0.322727
SEG 27.369148 32.295677 12.755211 27.35864 32.294357 14.105311 0.322727
SEG 27.35864 32.294357 14.105311 27.357745 32.304906 15.455411 0.322727
SEG 27.357745 32.304906 15.455411 27.36463 32.324314 16.785468 0.322727
SEG 27.36463 32.324314 16.785468 27.377676 32.350416 18.102154 0.322727
SEG 27.377676 32.350416 18.102154 27.395638 32.381721 19.410978 0.322727
SEG 27.395638 32.381721 19.410978 27.417534 32.417206 20.716362 0.322727
SEG 27.417534 32.417206 20.716362 27.442588 32.456239 22.023855 0.322727
SEG 27.442588 32.456239 22.023855 27.470093 32.498368 23.336406 0.322727
SEG 27.470093 32.498368 23.336406 27.499365 32.543292 24.656599 0.322727
SEG 27.499365 32.543292 24.656599 27.823455 32.535882 25.879195 0.322727
SEG 27.823455 32.535882 25.879195 27.55998 32.640181 27.318224 0.322727
SEG 27.55998 32.640181 27.318224 27.589574 32.691527 28.666031 0.322727
SEG 27.589574 32.691527 28.666031 27.34203 32.907576 30.067157 0.322727
SEG 27.34203 32.907576 30.067157 27.641746 32.795875 31.415297 0.322727
SEG 27.641746 32.795875 31.415297 27.889662 32.956568 32.786029 0.322727
SEG 27.889662 32.956568 32.786029 27.67531 32.883569 34.233682 0.322727
SEG 27.67531 32.883569 34.233682 27.682796 32.907381 35.651879 0.322727
SEG 27.682796 32.907381 35.651879 27.685006 32.911723 37.033534 0.322727
SEG 23.640081 37.263075 3.6166569 23.410686 36.96096 5.1618634 0.313058
SEG 23.410686 36.96096 5.1618634 23.067184 36.966805 6.7265559 0.313058
SEG 23.067184 36.966805 6.7265559 22.986604 36.768072 8.2173916 0.313058
SEG 22.986604 36.768072 8.2173916 23.287638 36.71546 9.7592834 0.313058
SEG 23.287638 36.71546 9.7592834 23.266228 36.703913 11.244091 0.313058
SEG 23.266228 36.703913 11.244091 23.252758 36.708066 12.693604 0.313058
SEG 23.252758 36.708066 12.693604 23.245765 36.722246 14.120919 0.313058
SEG 23.245765 36.722246 14.120919 23.244058 36.742782 15.527801 0.313058
SEG 23.244058 36.742782 15.527801 23.24659 36.767231 16.908034 0.313058
SEG 23.24659 36.767231 16.908034 23.252491 36.794318 18.273175 0.313058
SEG 23.252491 36.794318 18.273175 23.261044 36.823196 19.625197 0.313058
SEG 23.261044 36.823196 19.625197 23.271626 36.853392 20.965768 0.313058
SEG 23.271626 36.853392 20.965768 23.283723 36.884812 22.300608 0.313058
SEG 23.283723 36.884812 22.300608 23.296763 36.91728 23.623128 0.313058
SEG 23.296763 36.91728 23.623128 23.31026 36.950926 24.933316 0.313058
SEG 23.31026 36.950926 24.933316 23.323739 36.986 26.230539 0.313058
SEG 23.323739 36.986 26.230539 23.349108 37.006023 27.197274 0.313058
SEG 23.349108 37.006023 27.197274 23.349038 37.062674 28.802937 0.313058
SEG 23.349038 37.062674 28.802937 23.359887 37.105016 30.061204 0.313058
SEG 23.359887 37.105016 30.061204 23.369127 37.151115 31.300682 0.313058
SEG 23.369127 37.151115 31.300682 23.376585 37.202047 32.520756 0.313058
SEG 23.376585 37.202047 32.520756 23.593023 37.216844 33.641531 0.313058
SEG 23.593023 37.216844 33.641531 23.386239 37.323914 34.923268 0.313058
SEG 23.386239 37.323914 34.923268 23.388782 37.397073 36.128765 0.313058
SEG 23.388782 37.397073 36.128765 23.327952 37.379196 37.178741 0.313058
SEG 25.846662 25.846662 7.3503783 25.774152 25.774152 9.0171102 0.331509
SEG 25.774152 25.774152 9.0171102 25.727147 25.727147 10.609074 0.331509
SEG 25.727147 25.727147 10.609074 25.699495 25.699495 12.100624 0.331509
SEG 25.699495 25.699495 12.100624 25.685341 25.685341 13.537535 0.331509
SEG 25.685341 25.685341 13.537535 25.681263 25.681263 14.930828 0.331509
SEG 25.681263 25.681263 14.930828 25.684807 25.684807 16.279392 0.331509
SEG 25.684807 25.684807 16.279392 25.75674 25.897931 17.509872 0.331509
SEG 25.75674 25.897931 17.509872 25.708459 25.708459 18.933765 0.331509
SEG 25.708459 25.708459 18.933765 25.726494 25.726494 20.255571 0.331509
SEG 25.726494 25.726494 20.255571 25.746444 25.896717 21.412688 0.331509
SEG 25.746444 25.896717 21.412688 25.77122 25.77122 22.917572 0.331509
SEG 25.77122 25.77122 22.917572 25.79657 25.79657 24.265088 0.331509
SEG 25.79657 25.79657 24.265088 25.823086 25.823086 25.63301 0.331509
SEG 25.823086 25.823086 25.63301 25.849752 25.849752 27.013983 0.331509
SEG 25.849752 25.849752 27.013983 25.875517 25.875517 28.40573 0.331509
SEG 25.875517 25.875517 28.40573 25.899174 25.899174 29.804213 0.331509
SEG 25.899174 25.899174 29.804213 25.919474 25.919474 31.203466 0.331509
SEG 25.919474 25.919474 31.203466 26.082126 25.979396 32.477368 0.331509
SEG 26.082126 25.979396 32.477368 25.946518 25.946518 33.987648 0.331509
SEG 25.946518 25.946518 33.987648 25.952806 25.952806 35.349712 0.331509
SEG 25.952806 25.952806 35.349712 25.955313 25.955313 36.677299 0.331509
SEG 25.955313 25.955313 36.677299 25.955547 25.955547 37.95916 0.331509
SEG 25.955547 25.955547 37.95916 25.955043 25.955043 39.186565 0.331509
SEG 32.235017 23.997901 3.0034353 31.904362 23.898281 4.8140835 0.32456
SEG 31.904362 23.898281 4.8140835 31.685931 23.824972 6.5362934 0.32456
SEG 31.685931 23.824972 6.5362934 31.547722 23.773046 8.1468943 0.32456
SEG 31.547722 23.773046 8.1468943 31.461637 23.736402 9.6954056 0.32456
SEG 31.461637 23.736402 9.6954056 31.412476 23.711846 11.184316 0.32456
SEG 31.412476 23.711846 11.184316 31.389399 23.69685 12.601029 0.32456
SEG 31.389399 23.69685 12.601029 31.384315 23.688966 13.981774 0.32456
SEG 31.384315 23.688966 13.981774 31.392403 23.686712 15.335407 0.32456
SEG 31.392403 23.686712 15.335407 31.410284 23.688938 16.669932 0.32456
SEG 31.410284 23.688938 16.669932 31.43565 23.69476 17.992366 0.32456
SEG 31.43565 23.69476 17.992366 31.46691 23.703489 19.308709 0.32456
SEG 31.46691 23.703489 19.308709 31.502982 23.714564 20.625122 0.32456
SEG 31.502982 23.714564 20.625122 31.543098 23.7275 21.946343 0.32456
SEG 31.543098 23.7275 21.946343 31.586669 23.741837 23.275314 0.32456
SEG 31.586669 23.741837 23.275314 31.633175 23.757101 24.613834 0.32456
SEG 31.633175 23.757101 24.613834 31.68216 23.772801 25.964272 0.32456
SEG 31.68216 23.772801 25.964272 31.733017 23.788372 27.327686 0.32456
SEG 31.733017 23.788372 27.327686 31.78485 23.8032 28.704432 0.32456
SEG 31.78485 23.8032 28.704432 31.836438 23.81669 30.099583 0.32456
SEG 31.836438 23.81669 30.099583 31.885072 23.828107 31.499558 0.32456
SEG 31.885072 23.828107 31.499558 31.927505 23.837013 32.905368 0.32456
SEG 31.927505 23.837013 32.905368 31.959093 23.843175 34.307286 0.32456
SEG 31.959093 23.843175 34.307286 31.975707 23.846734 35.66748 0.32456
SEG 31.975707 23.846734 35.66748 31.977551 23.848398 37.027778 0.32456
SEG 37.483837 19.428744 1.9680241 37.160264 19.357847 3.5818089 0.319685
SEG 37.160264 19.357847 3.5818089 37.038948 19.593566 4.9492295 0.319685
SEG 37.038948 19.593566 4.9492295 36.692509 19.45867 6.6835424 0.319685
SEG 36.692509 19.45867 6.6835424 36.612239 19.46538 8.2262697 0.319685
SEG 36.612239 19.46538 8.2262697 36.57277 19.470436 9.7470222 0.319685
SEG 36.57277 19.470436 9.7470222 36.559525 19.474 11.243574 0.319685
SEG 36.559525 19.474 11.243574 36.563105 19.476257 12.703092 0.319685
SEG 36.563105 19.476257 12.703092 36.577445 19.477448 14.139084 0.319685
SEG 36.577445 19.477448 14.139084 36.598605 19.477767 15.553338 0.319685
SEG 36.598605 19.477767 15.553338 36.623972 19.477384 16.939203 0.319685
SEG 36.623972 19.477384 16.939203 36.652182 19.476444 18.309017 0.319685
SEG 36.652182 19.476444 18.309017 36.682324 19.475067 19.66492 0.319685
SEG 36.682324 19.475067 19.66492 36.713883 19.473356 21.008718 0.319685
SEG 36.713883 19.473356 21.008718 36.74663 19.471406 22.34177 0.319685
SEG 36.74663 19.471406 22.34177 36.780801 19.469286 23.674786 0.319685
SEG 36.780801 19.469286 23.674786 36.816282 19.467091 24.997896 0.319685
SEG 36.816282 19.467091 24.997896 36.853351 19.464901 26.3114 0.319685
SEG 36.853351 19.464901 26.3114 36.89225 19.462801 27.610011 0.319685
SEG 36.89225 19.462801 27.610011 36.9332 19.460873 28.884731 0.319685
SEG 36.9332 19.460873 28.884731 36.977016 19.459164 30.141458 0.319685
SEG 36.977016 19.459164 30.141458 37.024449 19.457716 31.378363 0.319685
SEG 37.024449 19.457716 31.378363 36.981324 19.503901 32.660296 0.319685
SEG 36.981324 19.503901 32.660296 37.134413 19.455668 33.79475 0.319685
SEG 37.134413 19.455668 33.79475 37.199846 19.455037 34.989795 0.319685
SEG 37.199846 19.455037 34.989795 37.211284 19.499368 36.249456 0.319685
SEG 23.997901 32.235017 3.0034353 23.898281 31.904362 4.8140835 0.32456
SEG 23.898281 31.904362 4.8140835 23.824972 31.685931 6.5362934 0.32456
SEG 23.824972 31.685931 6.5362934 23.773046 31.547722 8.1468943 0.32456
SEG 23.773046 31.547722 8.1468943 23.736402 31.461637 9.6954056 0.32456
SEG 23.736402 31.461637 9.6954056 23.711846 31.412476 11.184316 0.32456
SEG 23.711846 31.412476 11.184316 23.69685 31.389399 12.601029 0.32456
SEG 23.69685 31.389399 12.601029 23.688966 31.384315 13.981774 0.32456
SEG 23.688966 31.384315 13.981774 23.686712 31.392403 15.335407 0.32456
SEG 23.686712 31.392403 15.335407 23.688938 31.410284 16.669932 0.32456
SEG 23.688938 31.410284 16.669932 23.69476 31.43565 17.992366 0.32456
SEG 23.69476 31.43565 17.992366 23.703489 31.46691 19.308709 0.32456
SEG 23.703489 31.46691 19.308709 23.714564 31.502982 20.625122 0.32456
SEG 23.714564 31.502982 20.625122 23.7275 31.543098 21.946343 0.32456
SEG 23.7275 31.543098 21.946343 23.741837 31.586669 23.275314 0.32456
SEG 23.741837 31.586669 23.275314 23.595106 31.681117 24.665818 0.32456
SEG 23.595106 31.681117 24.665818 23.772801 31.68216 25.964272 0.32456
SEG 23.772801 31.68216 25.964272 23.788372 31.733017 27.327686 0.32456
SEG 23.788372 31.733017 27.327686 23.8032 31.78485 28.704432 0.32456
SEG 23.8032 31.78485 28.704432 23.81669 31.836438 30.099583 0.32456
SEG 23.81669 31.836438 30.099583 23.828107 31.885072 31.499558 0.32456
SEG 23.828107 31.885072 31.499558 23.837013 31.927505 32.905368 0.32456
SEG 23.837013 31.927505 32.905368 23.843175 31.959093 34.307286 0.32456
SEG 23.843175 31.959093 34.307286 23.846734 31.975707 35.66748 0.32456
SEG 23.846734 31.975707 35.66748 23.848398 31.977551 37.027778 0.32456
SEG 23.848398 31.977551 37.027778 23.848865 31.969943 38.323745 0.32456
SEG 23.848865 31.969943 38.323745 23.848889 31.962937 39.525591 0.32456
SEG 19.428744 37.483837 1.9680241 19.342719 37.172479 3.5862546 0.319685
SEG 19.342719 37.172479 3.5862546 19.45018 36.836863 5.1118887 0.319685
SEG 19.45018 36.836863 5.1118887 19.542358 36.901217 6.6907671 0.319685
SEG 19.542358 36.901217 6.6907671 19.46538 36.612239 8.2262697 0.319685
SEG 19.46538 36.612239 8.2262697 19.470436 36.57277 9.7470222 0.319685
SEG 19.470436 36.57277 9.7470222 19.474 36.559525 11.243574 0.319685
SEG 19.474 36.559525 11.243574 19.487742 36.75596 12.646104 0.319685
SEG 19.487742 36.75596 12.646104 19.477448 36.577445 14.139084 0.319685
SEG 19.477448 36.577445 14.139084 19.477767 36.598605 15.553338 0.319685
SEG 19.477767 36.598605 15.553338 19.477384 36.623972 16.939203 0.319685
SEG 19.477384 36.623972 16.939203 19.476444 36.652182 18.309017 0.319685
SEG 19.476444 36.652182 18.309017 19.475067 36.682324 19.66492 0.319685
SEG 19.475067 36.682324 19.66492 19.473356 36.713883 21.008718 0.319685
SEG 19.473356 36.713883 21.008718 19.471406 36.74663 22.34177 0.319685
SEG 19.471406 36.74663 22.34177 19.469286 36.780801 23.674786 0.319685
SEG 19.469286 36.780801 23.674786 19.467091 36.816282 24.997896 0.319685
SEG 19.467091 36.816282 24.997896 19.464901 36.853351 26.3114 0.319685
SEG 19.464901 36.853351 26.3114 19.376644 37.077837 27.180172 0.319685
SEG 19.376644 37.077837 27.180172 19.460873 36.9332 28.884731 0.319685
SEG 19.460873 36.9332 28.884731 19.459164 36.977016 30.141458 0.319685
SEG 19.459164 36.977016 30.141458 19.457716 37.024449 31.378363 0.319685
SEG 19.457716 37.024449 31.378363 19.456552 37.07648 32.594994 0.319685
SEG 19.456552 37.07648 32.594994 19.455668 37.134413 33.79475 0.319685
SEG 19.455668 37.134413 33.79475 19.455037 37.199846 34.989795 0.319685
SEG 19.455037 37.199846 34.989795 19.454625 37.271971 36.191839 0.319685
SEG 19.454625 37.271971 36.191839 19.357452 37.309635 37.244692 0.319685
SEG 22.963657 22.963657 13.481142 22.960611 22.960611 14.91581 0.328639
SEG 22.960611 22.960611 14.91581 22.962058 22.962058 16.295769 0.328639
SEG 22.962058 22.962058 16.295769 22.966946 22.966946 17.652643 0.328639
SEG 22.966946 22.966946 17.652643 22.97456 22.97456 18.996034 0.328639
SEG 22.97456 22.97456 18.996034 22.984348 22.984348 20.334114 0.328639
SEG 22.984348 22.984348 20.334114 22.995849 22.995849 21.673385 0.328639
SEG 22.995849 22.995849 21.673385 23.008642 23.008642 23.01857 0.328639
SEG 23.008642 23.008642 23.01857 23.022355 23.022355 24.377561 0.328639
SEG 23.022355 23.022355 24.377561 23.036471 23.036471 25.746481 0.328639
SEG 23.036471 23.036471 25.746481 23.050454 23.050454 27.123955 0.328639
SEG 23.050454 23.050454 27.123955 23.063712 23.063712 28.507016 0.328639
SEG 23.063712 23.063712 28.507016 23.07562 23.07562 29.890101 0.328639
SEG 23.07562 23.07562 29.890101 23.085697 23.085697 31.274309 0.328639
SEG 23.085697 23.085697 31.274309 23.093535 23.093535 32.648862 0.328639
SEG 23.093535 23.093535 32.648862 23.099028 23.099028 34.007847 0.328639
SEG 23.099028 23.099028 34.007847 23.102363 23.102363 35.343161 0.328639
SEG 23.102363 23.102363 35.343161 23.104013 23.104013 36.646645 0.328639
SEG 31.719775 19.544853 2.5440786 31.404545 19.85926 4.6284287 0.331526
SEG 31.404545 19.85926 4.6284287 31.177401 19.862061 6.3829406 0.331526
SEG 31.177401 19.862061 6.3829406 31.029576 19.864097 8.0657963 0.331526
SEG 31.029576 19.864097 8.0657963 30.939549 19.865497 9.6409032 0.331526
SEG 30.939549 19.865497 9.6409032 30.887546 19.866439 11.15299 0.331526
SEG 30.887546 19.866439 11.15299 30.86252 19.867019 12.586895 0.331526
SEG 30.86252 19.867019 12.586895 30.856034 19.867329 13.980973 0.331526
SEG 30.856034 19.867329 13.980973 30.863108 19.867428 15.344603 0.331526
SEG 30.863108 19.867428 15.344603 30.880252 19.867358 16.686482 0.331526
SEG 30.880252 19.867358 16.686482 30.905096 19.867153 18.014373 0.331526
SEG 30.905096 19.867153 18.014373 30.936006 19.866839 19.334985 0.331526
SEG 30.936006 19.866839 19.334985 30.971853 19.866438 20.654963 0.331526
SEG 30.971853 19.866438 20.654963 31.011826 19.865968 21.979791 0.331526
SEG 31.011826 19.865968 21.979791 31.055273 19.865446 23.312611 0.331526
SEG 31.055273 19.865446 23.312611 31.101624 19.864892 24.655697 0.331526
SEG 31.101624 19.864892 24.655697 31.150274 19.864325 26.01051 0.331526
SEG 31.150274 19.864325 26.01051 31.200447 19.863766 27.377711 0.331526
SEG 31.200447 19.863766 27.377711 31.251089 19.863238 28.758233 0.331526
SEG 35.432145 21.98801 0.26309496 34.838735 21.932731 1.9213324 0.263063
SEG 34.838735 21.932731 1.9213324 34.370764 21.882481 3.7261964 0.263063
SEG 34.370764 21.882481 3.7261964 34.073795 21.843957 5.4371196 0.263063
SEG 34.073795 21.843957 5.4371196 33.890053 21.815054 7.0521945 0.263063
SEG 33.890053 21.815054 7.0521945 33.778087 21.793469 8.6129484 0.263063
SEG 33.778087 21.793469 8.6129484 33.714753 21.778101 10.108928 0.263063
SEG 33.714753 21.778101 10.108928 33.683855 21.76764 11.561408 0.263063
SEG 33.683855 21.76764 11.561408 33.675218 21.761159 12.977521 0.263063
SEG 33.675218 21.761159 12.977521 33.682014 21.757887 14.364126 0.263063
SEG 33.682014 21.757887 14.364126 33.699607 21.757203 15.718301 0.263063
SEG 33.699607 21.757203 15.718301 33.725057 21.758589 17.05777 0.263063
SEG 33.725057 21.758589 17.05777 33.756486 21.761666 18.392227 0.263063
SEG 33.756486 21.761666 18.392227 33.792423 21.766099 19.719822 0.263063
SEG 33.792423 21.766099 19.719822 33.831947 21.771591 21.043608 0.263063
SEG 33.831947 21.771591 21.043608 33.874498 21.777883 22.366102 0.263063
SEG 33.874498 21.777883 22.366102 33.919756 21.784729 23.689329 0.263063
SEG 33.919756 21.784729 23.689329 33.967638 21.791895 25.016647 0.263063
SEG 33.967638 21.791895 25.016647 34.018065 21.799127 26.348274 0.263063
SEG 34.018065 21.799127 26.348274 34.071029 21.806169 27.685461 0.263063
SEG 34.071029 21.806169 27.685461 34.126416 21.812763 29.029694 0.263063
SEG 34.126416 21.812763 29.029694 34.183874 21.818658 30.382915 0.263063
SEG 34.183874 21.818658 30.382915 34.242415 21.823635 31.747523 0.263063
SEG 34.242415 21.823635 31.747523 34.299916 21.827556 33.132295 0.263063
SEG 34.299916 21.827556 33.132295 34.350698 21.830329 34.526203 0.263063
SEG 34.350698 21.830329 34.526203 34.385302 21.832027 35.915215 0.263063
SEG 34.385302 21.832027 35.915215 34.393841 21.832879 37.262291 0.263063
SEG 34.393841 21.832879 37.262291 34.619128 21.735985 38.485099 0.263063
SEG 34.619128 21.735985 38.485099 34.367746 21.833303 39.531711 0.263063
SEG 38.0621 14.546538 0.45413494 37.449386 14.668198 2.0331548 0.359858
SEG 37.449386 14.668198 2.0331548 37.066045 14.77319 3.5697516 0.359858
SEG 37.066045 14.77319 3.5697516 37.002906 14.944617 5.0202128 0.359858
SEG 37.002906 14.944617 5.0202128 36.689391 14.944057 6.6949876 0.359858
SEG 36.689391 14.944057 6.6949876 36.61118 15.005064 8.2399607 0.359858
SEG 36.61118 15.005064 8.2399607 36.394357 15.067274 9.4814283 0.359858
SEG 36.394357 15.067274 9.4814283 36.560349 15.081439 11.257421 0.359858
SEG 36.560349 15.081439 11.257421 36.564047 15.100722 12.720841 0.359858
SEG 36.564047 15.100722 12.720841 36.578213 15.110318 14.161983 0.359858
SEG 36.578213 15.110318 14.161983 36.598989 15.112089 15.582099 0.359858
SEG 36.598989 15.112089 15.582099 36.624008 15.107593 16.982927 0.359858
SEG 36.624008 15.107593 16.982927 36.651613 15.09821 18.35859 0.359858
SEG 36.651613 15.09821 18.35859 36.68107 15.085005 19.719936 0.359858
SEG 36.68107 15.085005 19.719936 36.711892 15.068907 21.068766 0.359858
SEG 36.711892 15.068907 21.068766 36.743889 15.050708 22.406613 0.359858
SEG 36.743889 15.050708 22.406613 36.777077 15.031118 23.734665 0.359858
SEG 36.777077 15.031118 23.734665 36.811631 15.010809 25.053723 0.359858
SEG 36.811631 15.010809 25.053723 36.847744 14.990511 26.359933 0.359858
SEG 36.847744 14.990511 26.359933 36.885944 14.970829 27.656849 0.359858
SEG 36.885944 14.970829 27.656849 36.926403 14.95259 28.93182 0.359858
SEG 36.926403 14.95259 28.93182 36.969997 14.936272 30.191197 0.359858
SEG 36.969997 14.936272 30.191197 37.017541 14.922373 31.433288 0.359858
SEG 37.017541 14.922373 31.433288 36.854276 14.863752 32.693921 0.359858
SEG 36.854276 14.863752 32.693921 37.128851 14.902871 33.866088 0.359858
SEG 37.128851 14.902871 33.866088 37.195396 14.897174 35.07016 0.359858
SEG 37.195396 14.897174 35.07016 37.185548 14.618067 36.289042 0.359858
SEG 37.185548 14.618067 36.289042 37.338254 14.892107 37.593764 0.359858
SEG 37.338254 14.892107 37.593764 37.346633 14.891585 38.961481 0.359858
SEG 19.663354 31.088326 12.574211 19.867329 30.856034 13.980973 0.331526
SEG 19.867329 30.856034 13.980973 19.867428 30.863108 15.344603 0.331526
SEG 19.867428 30.863108 15.344603 19.867358 30.880252 16.686482 0.331526
SEG 19.867358 30.880252 16.686482 19.867153 30.905096 18.014373 0.331526
SEG 19.867153 30.905096 18.014373 19.866839 30.936006 19.334985 0.331526
SEG 19.866839 30.936006 19.334985 19.866438 30.971853 20.654963 0.331526
SEG 19.866438 30.971853 20.654963 19.865968 31.011826 21.979791 0.331526
SEG 19.865968 31.011826 21.979791 19.865446 31.055273 23.312611 0.331526
SEG 19.865446 31.055273 23.312611 19.864892 31.101624 24.655697 0.331526
SEG 19.864892 31.101624 24.655697 19.864325 31.150274 26.01051 0.331526
SEG 19.864325 31.150274 26.01051 19.863766 31.200447 27.377711 0.331526
SEG 19.863766 31.200447 27.377711 19.863238 31.251089 28.758233 0.331526
SEG 19.863238 31.251089 28.758233 19.862764 31.300507 30.149371 0.331526
SEG 19.862764 31.300507 30.149371 19.862365 31.346279 31.548264 0.331526
SEG 19.862365 31.346279 31.548264 19.862056 31.384949 32.94737 0.331526
SEG 19.862056 31.384949 32.94737 19.861839 31.412802 34.348578 0.331526
SEG 19.861839 31.412802 34.348578 19.861707 31.426803 35.741505 0.331526
SEG 19.861707 31.426803 35.741505 19.861642 31.427488 37.088363 0.331526
SEG 21.98801 35.432145 0.26309496 21.932731 34.838735 1.9213324 0.263063
SEG 21.932731 34.838735 1.9213324 21.882481 34.370764 3.7261964 0.263063
SEG 21.882481 34.370764 3.7261964 21.843957 34.073795 5.4371196 0.263063
SEG 21.843957 34.073795 5.4371196 21.815054 33.890053 7.0521945 0.263063
SEG 21.815054 33.890053 7.0521945 21.793469 33.778087 8.6129484 0.263063
SEG 21.793469 33.778087 8.6129484 21.778101 33.714753 10.108928 0.263063
SEG 21.778101 33.714753 10.108928 21.76764 33.683855 11.561408 0.263063
SEG 21.76764 33.683855 11.561408 21.789728 33.82974 13.117675 0.263063
SEG 21.789728 33.82974 13.117675 21.757887 33.682014 14.364126 0.263063
SEG 21.757887 33.682014 14.364126 21.757203 33.699607 15.718301 0.263063
SEG 21.757203 33.699607 15.718301 21.707289 33.856609 17.161843 0.263063
SEG 21.707289 33.856609 17.161843 21.761666 33.756486 18.392227 0.263063
SEG 21.761666 33.756486 18.392227 21.766099 33.792423 19.719822 0.263063
SEG 21.766099 33.792423 19.719822 21.65006 33.971451 21.068175 0.263063
SEG 21.65006 33.971451 21.068175 21.777883 33.874498 22.366102 0.263063
SEG 21.777883 33.874498 22.366102 21.784729 33.919756 23.689329 0.263063
SEG 21.784729 33.919756 23.689329 21.791895 33.967638 25.016647 0.263063
SEG 21.791895 33.967638 25.016647 21.799127 34.018065 26.348274 0.263063
SEG 21.799127 34.018065 26.348274 21.806169 34.071029 27.685461 0.263063
SEG 21.806169 34.071029 27.685461 21.812763 34.126416 29.029694 0.263063
SEG 21.812763 34.126416 29.029694 21.818658 34.183874 30.382915 0.263063
SEG 21.818658 34.183874 30.382915 21.823635 34.242415 31.747523 0.263063
SEG 21.823635 34.242415 31.747523 21.827556 34.299916 33.132295 0.263063
SEG 21.827556 34.299916 33.132295 21.749008 34.188151 34.703235 0.263063
SEG 21.749008 34.188151 34.703235 21.832027 34.385302 35.915215 0.263063
SEG 21.832027 34.385302 35.915215 21.832879 34.393841 37.262291 0.263063
SEG 21.832879 34.393841 37.262291 21.735985 34.619128 38.485099 0.263063
SEG 14.546538 38.0621 0.45413494 14.668198 37.449386 2.0331548 0.359858
SEG 14.668198 37.449386 2.0331548 14.77319 37.066045 3.5697516 0.359858
SEG 14.77319 37.066045 3.5697516 14.865984 36.83007 5.1262247 0.359858
SEG 14.865984 36.83007 5.1262247 14.946743 36.897272 6.7525793 0.359858
SEG 14.946743 36.897272 6.7525793 15.005064 36.61118 8.2399607 0.359858
SEG 15.005064 36.61118 8.2399607 15.050196 36.573026 9.7596988 0.359858
SEG 15.050196 36.573026 9.7596988 15.081439 36.560349 11.257421 0.359858
SEG 15.081439 36.560349 11.257421 15.100722 36.564047 12.720841 0.359858
SEG 15.100722 36.564047 12.720841 15.110318 36.578213 14.161983 0.359858
SEG 15.110318 36.578213 14.161983 15.112089 36.598989 15.582099 0.359858
SEG 15.112089 36.598989 15.582099 15.107593 36.624008 16.982927 0.359858
SEG 15.107593 36.624008 16.982927 15.09821 36.651613 18.35859 0.359858
SEG 15.09821 36.651613 18.35859 15.085005 36.68107 19.719936 0.359858
SEG 15.085005 36.68107 19.719936 15.068907 36.711892 21.068766 0.359858
SEG 15.068907 36.711892 21.068766 15.050708 36.743889 22.406613 0.359858
SEG 15.050708 36.743889 22.406613 15.031118 36.777077 23.734665 0.359858
SEG 15.031118 36.777077 23.734665 15.010809 36.811631 25.053723 0.359858
SEG 15.010809 36.811631 25.053723 14.990511 36.847744 26.359933 0.359858
SEG 14.990511 36.847744 26.359933 14.970829 36.885944 27.656849 0.359858
SEG 14.970829 36.885944 27.656849 14.95259 36.926403 28.93182 0.359858
SEG 14.95259 36.926403 28.93182 14.936272 36.969997 30.191197 0.359858
SEG 14.936272 36.969997 30.191197 14.922373 37.017541 31.433288 0.359858
SEG 14.922373 37.017541 31.433288 14.911212 37.070058 32.657386 0.359858
SEG 14.911212 37.070058 32.657386 14.903774 37.002116 33.72873 0.359858
SEG 26.12556 19.850172 10.470313 26.094351 19.851031 11.996328 0.352334
SEG 26.094351 19.851031 11.996328 26.078346 19.851516 13.522578 0.352334
SEG 26.078346 19.851516 13.522578 26.07465 19.851687 14.990566 0.352334
SEG 26.07465 19.851687 14.990566 26.079977 19.851623 16.410696 0.352334
SEG 26.079977 19.851623 16.410696 26.091875 19.851384 17.779654 0.352334
SEG 26.091875 19.851384 17.779654 26.108838 19.851011 19.127604 0.352334
SEG 26.108838 19.851011 19.127604 26.129751 19.850533 20.463819 0.352334
SEG 26.129751 19.850533 20.463819 26.153776 19.849974 21.796149 0.352334
SEG 26.153776 19.849974 21.796149 26.180196 19.849355 23.130847 0.352334
SEG 26.180196 19.849355 23.130847 26.208411 19.848694 24.477208 0.352334
SEG 26.208411 19.848694 24.477208 26.237573 19.848016 25.834324 0.352334
SEG 26.237573 19.848016 25.834324 26.266747 19.847346 27.202705 0.352334
SEG 26.266747 19.847346 27.202705 26.294802 19.846712 28.581446 0.352334
SEG 26.294802 19.846712 28.581446 26.320461 19.846143 29.968424 0.352334
SEG 26.320461 19.846143 29.968424 26.342419 19.845663 31.35952 0.352334
SEG 26.342419 19.845663 31.35952 26.359517 19.845291 32.745428 0.352334
SEG 26.359517 19.845291 32.745428 26.371173 19.84503 34.118004 0.352334
SEG 26.371173 19.84503 34.118004 26.37763 19.844871 35.467761 0.352334
SEG 26.37763 19.844871 35.467761 26.380012 19.844789 36.784551 0.352334
SEG 19.846659 26.26277 7.1381385 19.848767 26.179244 8.8413794 0.352334
SEG 19.848767 26.179244 8.8413794 19.850172 26.12556 10.470313 0.352334
SEG 19.850172 26.12556 10.470313 19.851031 26.094351 11.996328 0.352334
SEG 19.851031 26.094351 11.996328 19.851516 26.078346 13.522578 0.352334
SEG 19.851516 26.078346 13.522578 19.851687 26.07465 14.990566 0.352334
SEG 19.851687 26.07465 14.990566 19.851623 26.079977 16.410696 0.352334
SEG 19.851623 26.079977 16.410696 19.851384 26.091875 17.779654 0.352334
SEG 19.851384 26.091875 17.779654 19.851011 26.108838 19.127604 0.352334
SEG 19.851011 26.108838 19.127604 19.850533 26.129751 20.463819 0.352334
SEG 19.850533 26.129751 20.463819 19.849974 26.153776 21.796149 0.352334
SEG 19.849974 26.153776 21.796149 19.849355 26.180196 23.130847 0.352334
SEG 19.849355 26.180196 23.130847 19.848694 26.208411 24.477208 0.352334
SEG 19.848694 26.208411 24.477208 19.848016 26.237573 25.834324 0.352334
SEG 19.848016 26.237573 25.834324 19.847346 26.266747 27.202705 0.352334
SEG 19.847346 26.266747 27.202705 19.846712 26.294802 28.581446 0.352334
SEG 19.846712 26.294802 28.581446 19.846143 26.320461 29.968424 0.352334
SEG 19.846143 26.320461 29.968424 19.845663 26.342419 31.35952 0.352334
SEG 19.845663 26.342419 31.35952 19.845291 26.359517 32.745428 0.352334
SEG 19.845291 26.359517 32.745428 19.84503 26.371173 34.118004 0.352334
SEG 19.84503 26.371173 34.118004 19.844871 26.37763 35.467761 0.352334
SEG 19.844871 26.37763 35.467761 19.844789 26.380012 36.784551 0.352334
SEG 19.844789 26.380012 36.784551 19.844758 26.380014 38.058679 0.352334
SEG 19.844758 26.380014 38.058679 19.844751 26.379356 39.282425 0.352334
SEG 20.262435 20.262435 20.379763 20.263462 20.263462 21.723066 0.327978
SEG 20.263462 20.263462 21.723066 20.264601 20.264601 23.071047 0.327978
SEG 20.264601 20.264601 23.071047 20.265818 20.265818 24.430927 0.327978
SEG 20.265818 20.265818 24.430927 20.267065 20.267065 25.799348 0.327978
SEG 20.267065 20.267065 25.799348 20.268294 20.268294 27.174811 0.327978
SEG 20.268294 20.268294 27.174811 20.269451 20.269451 28.554261 0.327978
SEG 20.269451 20.269451 28.554261 20.270484 20.270484 29.933712 0.327978
SEG 20.270484 20.270484 29.933712 20.271354 20.271354 31.3127 0.327978
SEG 20.271354 20.271354 31.3127 20.272029 20.272029 32.680107 0.327978
SEG 20.272029 20.272029 32.680107 20.272506 20.272506 34.031278 0.327978
SEG 20.272506 20.272506 34.031278 20.272803 20.272803 35.358872 0.327978
SEG 20.272803 20.272803 35.358872 20.27296 20.27296 36.655608 0.327978
SEG 20.27296 20.27296 36.655608 20.273025 20.273025 37.914799 0.327978
SEG 20.273025 20.273025 37.914799 20.273042 20.273042 39.130842 0.327978
SEG 31.718395 14.564287 2.8507075 31.392405 14.704856 4.6698587 0.380529
SEG 31.392405 14.704856 4.6698587 31.174243 14.807353 6.3981677 0.380529
SEG 31.174243 14.807353 6.3981677 31.025709 14.883951 8.1351832 0.380529
SEG 31.025709 14.883951 8.1351832 30.93693 14.934809 9.7535007 0.380529
SEG 30.93693 14.934809 9.7535007 30.886753 14.967656 11.299961 0.380529
SEG 30.886753 14.967656 11.299961 30.863649 14.98664 12.755488 0.380529
SEG 30.863649 14.98664 12.755488 30.858723 14.995719 14.163926 0.380529
SEG 30.858723 14.995719 14.163926 30.866786 14.997234 15.535706 0.380529
SEG 30.866786 14.997234 15.535706 30.714157 15.046626 16.802816 0.380529
SEG 30.714157 15.046626 16.802816 30.909178 14.983941 18.200484 0.380529
SEG 30.909178 14.983941 18.200484 30.939618 14.971339 19.51267 0.380529
SEG 30.939618 14.971339 19.51267 31.087588 15.121427 20.875669 0.380529
SEG 31.087588 15.121427 20.875669 31.013534 14.937936 22.135331 0.380529
SEG 31.013534 14.937936 22.135331 31.055636 14.918328 23.454323 0.380529
SEG 31.055636 14.918328 23.454323 31.100457 14.897556 24.782754 0.380529
SEG 31.100457 14.897556 24.782754 31.147468 14.876247 26.12299 0.380529
SEG 31.147468 14.876247 26.12299 31.127092 14.704562 27.622403 0.380529
SEG 31.127092 14.704562 27.622403 31.245045 14.83493 28.844939 0.380529
SEG 31.245045 14.83493 28.844939 31.293303 14.81652 30.234568 0.380529
SEG 31.293303 14.81652 30.234568 31.337973 14.800938 31.632437 0.380529
SEG 31.337973 14.800938 31.632437 31.375731 14.788889 33.040122 0.380529
SEG 31.375731 14.788889 33.040122 31.402561 14.780752 34.45111 0.380529
SEG 31.402561 14.780752 34.45111 31.415391 14.776334 35.843305 0.380529
SEG 31.415391 14.776334 35.843305 31.516419 14.720291 37.319156 0.380529
SEG 37.577364 9.9860356 0.80768793 37.226398 10.025427 2.4437936 0.347544
SEG 37.226398 10.025427 2.4437936 36.915073 10.210061 3.8896637 0.347544
SEG 36.915073 10.210061 3.8896637 36.87147 10.444796 5.3027169 0.347544
SEG 36.87147 10.444796 5.3027169 36.598257 10.495448 6.8492985 0.347544
SEG 36.598257 10.495448 6.8492985 36.530059 10.591218 8.3082084 0.347544
SEG 36.530059 10.591218 8.3082084 36.48108 10.680838 9.5565052 0.347544
SEG 36.48108 10.680838 9.5565052 36.482806 10.705919 11.174964 0.347544
SEG 36.482806 10.705919 11.174964 36.484664 10.733293 12.594241 0.347544
SEG 36.484664 10.733293 12.594241 36.496235 10.74528 13.993752 0.347544
SEG 36.496235 10.74528 13.993752 36.514251 10.745076 15.380811 0.347544
SEG 36.514251 10.745076 15.380811 36.5365 10.735273 16.755885 0.347544
SEG 36.5365 10.735273 16.755885 36.561593 10.717928 18.119419 0.347544
SEG 36.561593 10.717928 18.119419 36.588641 10.694701 19.47183 0.347544
SEG 36.588641 10.694701 19.47183 36.617008 10.667053 20.808346 0.347544
SEG 36.617008 10.667053 20.808346 36.646566 10.636 22.134696 0.347544
SEG 36.646566 10.636 22.134696 36.677293 10.602466 23.451277 0.347544
SEG 36.677293 10.602466 23.451277 36.709286 10.567344 24.756249 0.347544
SEG 36.709286 10.567344 24.756249 36.742892 10.53138 26.051813 0.347544
SEG 36.742892 10.53138 26.051813 36.77857 10.49538 27.338661 0.347544
SEG 36.77857 10.49538 27.338661 36.816954 10.460236 28.617765 0.347544
SEG 36.816954 10.460236 28.617765 36.858887 10.426976 29.890472 0.347544
SEG 36.858887 10.426976 29.890472 36.905466 10.396787 31.158663 0.347544
SEG 36.905466 10.396787 31.158663 36.956603 10.371595 32.391582 0.347544
SEG 36.956603 10.371595 32.391582 37.014418 10.351912 33.614939 0.347544
SEG 37.014418 10.351912 33.614939 37.080058 10.338486 34.83387 0.347544
SEG 37.080058 10.338486 34.83387 37.153043 10.331394 36.06266 0.347544
SEG 14.564287 31.718395 2.8507075 14.704856 31.392405 4.6698587 0.380529
SEG 14.704856 31.392405 4.6698587 14.807353 31.174243 6.3981677 0.380529
SEG 14.807353 31.174243 6.3981677 14.883951 31.025709 8.1351832 0.380529
SEG 14.883951 31.025709 8.1351832 14.934809 30.93693 9.7535007 0.380529
SEG 14.934809 30.93693 9.7535007 14.967656 30.886753 11.299961 0.380529
SEG 14.967656 30.886753 11.299961 14.98664 30.863649 12.755488 0.380529
SEG 14.98664 30.863649 12.755488 14.995719 30.858723 14.163926 0.380529
SEG 14.995719 30.858723 14.163926 14.997234 30.866786 15.535706 0.380529
SEG 14.997234 30.866786 15.535706 14.992872 30.884424 16.880476 0.380529
SEG 14.992872 30.884424 16.880476 14.983941 30.909178 18.200484 0.380529
SEG 14.983941 30.909178 18.200484 14.971339 30.939618 19.51267 0.380529
SEG 14.971339 30.939618 19.51267 14.955797 30.974664 20.822721 0.380529
SEG 14.955797 30.974664 20.822721 14.937936 31.013534 22.135331 0.380529
SEG 14.937936 31.013534 22.135331 14.918328 31.055636 23.454323 0.380529
SEG 14.918328 31.055636 23.454323 14.897556 31.100457 24.782754 0.380529
SEG 14.897556 31.100457 24.782754 14.876247 31.147468 26.12299 0.380529
SEG 14.876247 31.147468 26.12299 14.855105 31.195996 27.476728 0.380529
SEG 14.855105 31.195996 27.476728 14.83493 31.245045 28.844939 0.380529
SEG 14.83493 31.245045 28.844939 14.81652 31.293303 30.234568 0.380529
SEG 14.81652 31.293303 30.234568 14.800938 31.337973 31.632437 0.380529
SEG 14.800938 31.337973 31.632437 14.788889 31.375731 33.040122 0.380529
SEG 14.788889 31.375731 33.040122 14.780752 31.402561 34.45111 0.380529
SEG 14.780752 31.402561 34.45111 14.776334 31.415391 35.843305 0.380529
SEG 14.776334 31.415391 35.843305 14.974595 31.196585 37.134915 0.380529
SEG 14.974595 31.196585 37.134915 14.77457 31.408284 38.486507 0.380529
SEG 14.77457 31.408284 38.486507 14.613471 31.523106 39.420991 0.380529
SEG 9.9860356 37.577364 0.80768793 10.025427 37.226398 2.4437936 0.347544
SEG 10.025427 37.226398 2.4437936 10.210061 36.915073 3.8896637 0.347544
SEG 10.210061 36.915073 3.8896637 10.367951 36.718524 5.3639329 0.347544
SEG 10.367951 36.718524 5.3639329 10.486627 36.869193 6.9642174 0.347544
SEG 10.486627 36.869193 6.9642174 10.591218 36.530059 8.3082084 0.347544
SEG 10.591218 36.530059 8.3082084 10.65963 36.495614 9.7417789 0.347544
SEG 10.65963 36.495614 9.7417789 10.705919 36.482806 11.174964 0.347544
SEG 10.705919 36.482806 11.174964 10.733293 36.484664 12.594241 0.347544
SEG 10.733293 36.484664 12.594241 10.74528 36.496235 13.993752 0.347544
SEG 10.74528 36.496235 13.993752 10.745076 36.514251 15.380811 0.347544
SEG 10.745076 36.514251 15.380811 10.735273 36.5365 16.755885 0.347544
SEG 10.735273 36.5365 16.755885 10.717928 36.561593 18.119419 0.347544
SEG 10.717928 36.561593 18.119419 10.694701 36.588641 19.47183 0.347544
SEG 10.694701 36.588641 19.47183 10.667053 36.617008 20.808346 0.347544
SEG 10.667053 36.617008 20.808346 10.636 36.646566 22.134696 0.347544
SEG 10.636 36.646566 22.134696 10.602466 36.677293 23.451277 0.347544
SEG 10.602466 36.677293 23.451277 10.567344 36.709286 24.756249 0.347544
SEG 10.567344 36.709286 24.756249 10.53138 36.742892 26.051813 0.347544
SEG 10.53138 36.742892 26.051813 10.49538 36.77857 27.338661 0.347544
SEG 10.49538 36.77857 27.338661 10.460236 36.816954 28.617765 0.347544
SEG 10.460236 36.816954 28.617765 10.426976 36.858887 29.890472 0.347544
SEG 10.426976 36.858887 29.890472 10.396787 36.905466 31.158663 0.347544
SEG 10.396787 36.905466 31.158663 10.371595 36.956603 32.391582 0.347544
SEG 26.173306 15.466459 10.496338 26.142662 15.490346 12.000671 0.348994
SEG 26.142662 15.490346 12.000671 26.126667 15.50341 13.505365 0.348994
SEG 26.126667 15.50341 13.505365 26.122602 15.507513 14.953726 0.348994
SEG 26.122602 15.507513 14.953726 26.127329 15.504948 16.35666 0.348994
SEG 26.127329 15.504948 16.35666 26.138522 15.497432 17.712325 0.348994
SEG 26.138522 15.497432 17.712325 26.154744 15.486062 19.049393 0.348994
SEG 26.154744 15.486062 19.049393 26.174932 15.471656 20.376847 0.348994
SEG 26.174932 15.471656 20.376847 26.198257 15.454866 21.702237 0.348994
SEG 26.198257 15.454866 21.702237 26.224025 15.436252 23.031583 0.348994
SEG 26.224025 15.436252 23.031583 26.251561 15.416366 24.369363 0.348994
SEG 26.251561 15.416366 24.369363 26.2801 15.395821 25.717498 0.348994
SEG 26.2801 15.395821 25.717498 26.308939 15.375186 27.085489 0.348994
SEG 26.308939 15.375186 27.085489 26.336863 15.355372 28.466106 0.348994
SEG 26.336863 15.355372 28.466106 26.362587 15.337298 29.857019 0.348994
SEG 26.362587 15.337298 29.857019 26.384766 15.321859 31.25416 0.348994
SEG 26.384766 15.321859 31.25416 26.402193 15.309791 32.648833 0.348994
SEG 26.402193 15.309791 32.648833 26.41418 15.301428 34.031237 0.348994
SEG 26.41418 15.301428 34.031237 26.420878 15.296556 35.390877 0.348994
SEG 26.420878 15.296556 35.390877 26.42338 15.294412 36.716351 0.348994
SEG 26.42338 15.294412 36.716351 26.423398 15.293931 37.996722 0.348994
SEG 26.423398 15.293931 37.996722 26.422698 15.294075 39.223457 0.348994
SEG 15.518808 26.335444 7.2846188 15.426699 26.225567 8.8903783 0.348994
SEG 15.426699 26.225567 8.8903783 15.466459 26.173306 10.496338 0.348994
SEG 15.466459 26.173306 10.496338 15.490346 26.142662 12.000671 0.348994
SEG 15.490346 26.142662 12.000671 15.50341 26.126667 13.505365 0.348994
SEG 15.50341 26.126667 13.505365 15.507513 26.122602 14.953726 0.348994
SEG 15.507513 26.122602 14.953726 15.504948 26.127329 16.35666 0.348994
SEG 15.504948 26.127329 16.35666 15.497432 26.138522 17.712325 0.348994
SEG 15.497432 26.138522 17.712325 15.486062 26.154744 19.049393 0.348994
SEG 15.486062 26.154744 19.049393 15.471656 26.174932 20.376847 0.348994
SEG 15.471656 26.174932 20.376847 15.454866 26.198257 21.702237 0.348994
SEG 15.454866 26.198257 21.702237 15.436252 26.224025 23.031583 0.348994
SEG 15.436252 26.224025 23.031583 15.416366 26.251561 24.369363 0.348994
SEG 15.416366 26.251561 24.369363 15.395821 26.2801 25.717498 0.348994
SEG 15.395821 26.2801 25.717498 15.43845 26.291356 27.123166 0.348994
SEG 15.43845 26.291356 27.123166 15.355372 26.336863 28.466106 0.348994
SEG 15.355372 26.336863 28.466106 15.337298 26.362587 29.857019 0.348994
SEG 15.337298 26.362587 29.857019 15.321859 26.384766 31.25416 0.348994
SEG 15.321859 26.384766 31.25416 15.309791 26.402193 32.648833 0.348994
SEG 15.309791 26.402193 32.648833 15.301428 26.41418 34.031237 0.348994
SEG 15.301428 26.41418 34.031237 15.296556 26.420878 35.390877 0.348994
SEG 15.296556 26.420878 35.390877 15.294412 26.42338 36.716351 0.348994
SEG 15.294412 26.42338 36.716351 15.293931 26.423398 37.996722 0.348994
SEG 15.293931 26.423398 37.996722 15.294075 26.422698 39.223457 0.348994
SEG 16.573868 16.573868 15.272334 16.570887 16.570887 16.680198 0.376296
SEG 16.570887 16.570887 16.680198 16.564107 16.564107 18.055244 0.376296
SEG 16.564107 16.564107 18.055244 16.554403 16.554403 19.408061 0.376296
SEG 16.554403 16.554403 19.408061 16.542459 16.542459 20.744967 0.376296
SEG 16.542459 16.542459 20.744967 16.528736 16.528736 22.080673 0.376296
SEG 16.528736 16.528736 22.080673 16.513698 16.513698 23.420741 0.376296
SEG 16.513698 16.513698 23.420741 16.497823 16.497823 24.76898 0.376296
SEG 16.497823 16.497823 24.76898 16.481645 16.481645 26.127455 0.376296
SEG 16.481645 16.481645 26.127455 16.465759 16.465759 27.496524 0.376296
SEG 16.465759 16.465759 27.496524 16.450822 16.450822 28.874886 0.376296
SEG 16.450822 16.450822 28.874886 16.437498 16.437498 30.261225 0.376296
SEG 16.437498 16.437498 30.261225 16.426436 16.426436 31.646699 0.376296
SEG 16.426436 16.426436 31.646699 16.418041 16.418041 33.024723 0.376296
SEG 16.418041 16.418041 33.024723 16.412379 16.412379 34.387564 0.376296
SEG 16.412379 16.412379 34.387564 16.31291 16.30337 35.548603 0.376296
SEG 16.31291 16.30337 35.548603 16.407735 16.407735 36.999321 0.376296
SEG 16.407735 16.407735 36.999321 16.565911 16.294129 38.340211 0.376296
SEG 16.565911 16.294129 38.340211 16.242568 16.393429 39.31704 0.376296
SEG 29.782321 9.8574436 6.8640067 29.436304 9.8840471 8.3426278 0.385117
SEG 29.436304 9.8840471 8.3426278 29.361419 9.9613627 9.900406 0.385117
SEG 29.361419 9.9613627 9.900406 29.315798 10.007493 11.400609 0.385117
SEG 29.315798 10.007493 11.400609 29.381697 10.023819 12.695132 0.385117
SEG 29.381697 10.023819 12.695132 29.283699 10.037743 14.205079 0.385117
SEG 29.283699 10.037743 14.205079 29.286783 10.033067 15.55237 0.385117
SEG 29.286783 10.033067 15.55237 29.298571 10.019488 16.876613 0.385117
SEG 29.298571 10.019488 16.876613 29.317053 9.9991057 18.181498 0.385117
SEG 29.317053 9.9991057 18.181498 29.340916 9.973262 19.480531 0.385117
SEG 29.340916 9.973262 19.480531 29.36917 9.9429539 20.779874 0.385117
SEG 29.36917 9.9429539 20.779874 29.401024 9.9089567 22.083424 0.385117
SEG 29.401024 9.9089567 22.083424 29.435775 9.8719415 23.3929 0.385117
SEG 29.435775 9.8719415 23.3929 29.472843 9.8324359 24.712371 0.385117
SEG 29.472843 9.8324359 24.712371 29.50656 9.7754677 25.87232 0.385117
SEG 29.50656 9.7754677 25.87232 29.551164 9.7484481 27.391311 0.385117
SEG 29.551164 9.7484481 27.391311 29.590576 9.7056841 28.755121 0.385117
SEG 29.590576 9.7056841 28.755121 29.628575 9.6639481 30.146305 0.385117
SEG 29.628575 9.6639481 30.146305 29.662834 9.6257178 31.554954 0.385117
SEG 29.662834 9.6257178 31.554954 29.690749 9.5939684 32.97719 0.385117
SEG 29.690749 9.5939684 32.97719 29.709794 9.5719066 34.404625 0.385117
SEG 29.709794 9.5719066 34.404625 29.718789 9.5614568 35.810362 0.385117
SEG 34.301405 11.733331 0.60456053 33.747431 11.9997 2.4504852 0.264539
SEG 33.747431 11.9997 2.4504852 33.369656 12.201483 4.2108487 0.264539
SEG 33.369656 12.201483 4.2108487 33.122664 12.350131 5.880866 0.264539
SEG 33.122664 12.350131 5.880866 32.964146 12.457994 7.4767543 0.264539
SEG 32.964146 12.457994 7.4767543 32.866965 12.533059 8.9819069 0.264539
SEG 32.866965 12.533059 8.9819069 32.809896 12.584273 10.433783 0.264539
SEG 32.809896 12.584273 10.433783 32.780591 12.617058 11.84256 0.264539
SEG 32.780591 12.617058 11.84256 32.770992 12.635345 13.204065 0.264539
SEG 32.770992 12.635345 13.204065 32.775353 12.64255 14.544076 0.264539
SEG 32.775353 12.64255 14.544076 32.790039 12.640904 15.868926 0.264539
SEG 32.790039 12.640904 15.868926 32.812504 12.632147 17.183862 0.264539
SEG 32.812504 12.632147 17.183862 32.840941 12.617659 18.493218 0.264539
SEG 32.840941 12.617659 18.493218 32.874085 12.598546 19.800599 0.264539
SEG 32.874085 12.598546 19.800599 32.911085 12.575708 21.109051 0.264539
SEG 32.911085 12.575708 21.109051 32.951382 12.549917 22.42121 0.264539
SEG 32.951382 12.549917 22.42121 32.994625 12.52188 23.739436 0.264539
SEG 32.994625 12.52188 23.739436 33.040732 12.49222 25.069265 0.264539
SEG 33.040732 12.49222 25.069265 33.089509 12.461736 26.41057 0.264539
SEG 33.089509 12.461736 26.41057 33.140462 12.431501 27.756357 0.264539
SEG 33.140462 12.431501 27.756357 33.193527 12.402377 29.115961 0.264539
SEG 33.193527 12.402377 29.115961 33.247887 12.375626 30.491312 0.264539
SEG 33.247887 12.375626 30.491312 33.302046 12.352531 31.891282 0.264539
SEG 33.302046 12.352531 31.891282 33.351967 12.334689 33.30387 0.264539
SEG 34.894837 16.488898 0.34337338 34.275325 16.60218 2.1860838 0.263063
SEG 34.275325 16.60218 2.1860838 33.851688 16.688218 3.9508987 0.263063
SEG 33.851688 16.688218 3.9508987 33.575127 16.754393 5.6434889 0.263063
SEG 33.575127 16.754393 5.6434889 33.398842 16.804369 7.2717852 0.263063
SEG 33.398842 16.804369 7.2717852 33.292644 16.840368 8.8081611 0.263063
SEG 33.292644 16.840368 8.8081611 33.231423 16.865938 10.294138 0.263063
SEG 33.231423 16.865938 10.294138 33.201136 16.88311 11.741112 0.263063
SEG 33.201136 16.88311 11.741112 33.2158 17.082765 13.041337 0.263063
SEG 33.2158 17.082765 13.041337 33.198737 16.898315 14.507314 0.263063
SEG 33.198737 16.898315 14.507314 33.215905 16.898896 15.858168 0.263063
SEG 33.215905 16.898896 15.858168 33.130752 17.128077 17.222635 0.263063
SEG 33.130752 17.128077 17.222635 33.272229 16.890193 18.522208 0.263063
SEG 33.272229 16.890193 18.522208 33.308054 16.882154 19.844118 0.263063
SEG 33.308054 16.882154 19.844118 33.223897 17.110516 21.11074 0.263063
SEG 33.223897 17.110516 21.11074 33.390432 16.861141 22.482903 0.263063
SEG 33.390432 16.861141 22.482903 33.436203 16.848974 23.808474 0.263063
SEG 33.436203 16.848974 23.808474 33.433461 16.915442 25.405573 0.263063
SEG 33.433461 16.915442 25.405573 33.535744 16.823397 26.478963 0.263063
SEG 33.535744 16.823397 26.478963 33.589234 16.810871 27.826696 0.263063
SEG 33.589234 16.810871 27.826696 33.64486 16.799156 29.184525 0.263063
SEG 33.64486 16.799156 29.184525 33.701901 16.78873 30.553739 0.263063
SEG 33.701901 16.78873 30.553739 33.758468 16.780055 31.927789 0.263063
SEG 33.758468 16.780055 31.927789 33.811712 16.773362 33.315635 0.263063
SEG 33.811712 16.773362 33.315635 33.855601 16.76877 34.712366 0.263063
SEG 33.855601 16.76877 34.712366 33.881076 16.766112 36.098806 0.263063
SEG 33.881076 16.766112 36.098806 33.882804 16.764907 37.430747 0.263063
SEG 33.882804 16.764907 37.430747 33.869931 16.764516 38.641963 0.263063
SEG 33.869931 16.764516 38.641963 33.980173 16.679252 39.429246 0.263063
SEG 36.700367 6.2267249 5.7229374 36.450691 6.2350646 7.0415742 0.311607
SEG 36.450691 6.2350646 7.0415742 36.394684 6.3211849 8.3397362 0.311607
SEG 36.394684 6.3211849 8.3397362 36.362019 6.3812284 9.6771489 0.311607
SEG 36.362019 6.3812284 9.6771489 36.347144 6.4184943 11.031282 0.311607
SEG 36.347144 6.4184943 11.031282 36.373853 6.7160153 12.533643 0.311607
SEG 36.373853 6.7160153 12.533643 36.352565 6.4415018 13.774599 0.311607
SEG 36.352565 6.4415018 13.774599 36.366654 6.4341308 15.15425 0.311607
SEG 36.366654 6.4341308 15.15425 36.385442 6.4179124 16.530981 0.311607
SEG 36.385442 6.4179124 16.530981 36.407492 6.3950206 17.901119 0.311607
SEG 36.407492 6.3950206 17.901119 36.431811 6.3671533 19.261532 0.311607
SEG 36.431811 6.3671533 19.261532 36.561253 6.3188502 20.674462 0.311607
SEG 36.561253 6.3188502 20.674462 36.485006 6.3011401 21.943045 0.311607
SEG 36.485006 6.3011401 21.943045 36.513161 6.2648109 23.25151 0.311607
SEG 36.513161 6.2648109 23.25151 36.542403 6.2268173 24.54181 0.311607
SEG 36.542403 6.2268173 24.54181 36.591716 6.2758065 25.587743 0.311607
SEG 36.591716 6.2758065 25.587743 36.604563 6.1473415 27.054238 0.311607
SEG 36.604563 6.1473415 27.054238 36.638202 6.1061829 28.27941 0.311607
SEG 36.638202 6.1061829 28.27941 36.674316 6.0642944 29.487042 0.311607
SEG 36.674316 6.0642944 29.487042 36.713819 6.0219013 30.682539 0.311607
SEG 36.713819 6.0219013 30.682539 36.758043 5.9794289 31.875136 0.311607
SEG 36.758043 5.9794289 31.875136 36.808929 5.9378148 33.079294 0.311607
SEG 36.808929 5.9378148 33.079294 36.74125 5.6909495 34.155797 0.311607
SEG 36.74125 5.6909495 34.155797 36.937581 5.8693114 35.557722 0.311607
SEG 36.937581 5.8693114 35.557722 37.007524 5.8540166 36.80288 0.311607
SEG 37.007524 5.8540166 36.80288 37.051728 5.8562833 38.133128 0.311607
SEG 37.051728 5.8562833 38.133128 37.033274 5.8661272 39.426338 0.311607
SEG 39.73689 7.5770015 1.4121847 39.641074 7.7416856 2.5007703 0.263063
SEG 39.641074 7.7416856 2.5007703 39.515821 8.038211 4.1117026 0.263063
SEG 39.515821 8.038211 4.1117026 39.561442 8.1781643 5.5004201 0.263063
SEG 39.561442 8.1781643 5.5004201 39.550168 8.3396034 7.0638809 0.263063
SEG 39.550168 8.3396034 7.0638809 39.54669 8.4545055 8.6233773 0.263063
SEG 39.54669 8.4545055 8.6233773 39.547324 8.5293628 10.164398 0.263063
SEG 39.547324 8.5293628 10.164398 39.574552 8.5865657 11.72625 0.263063
SEG 39.574552 8.5865657 11.72625 39.554162 8.5911144 13.187814 0.263063
SEG 39.554162 8.5911144 13.187814 39.558696 8.5914839 14.665949 0.263063
SEG 39.558696 8.5914839 14.665949 39.563461 8.5782593 16.123017 0.263063
SEG 39.563461 8.5782593 16.123017 39.568241 8.5553154 17.546665 0.263063
SEG 39.568241 8.5553154 17.546665 39.57299 8.5252484 18.946819 0.263063
SEG 39.57299 8.5252484 18.946819 39.577683 8.4900638 20.322557 0.263063
SEG 39.577683 8.4900638 20.322557 39.402169 8.2912976 21.639885 0.263063
SEG 39.402169 8.2912976 21.639885 39.58695 8.4100755 22.996949 0.263063
SEG 39.58695 8.4100755 22.996949 39.591607 8.3673351 24.293474 0.263063
SEG 39.591607 8.3673351 24.293474 39.596359 8.3238202 25.561183 0.263063
SEG 39.596359 8.3238202 25.561183 39.601285 8.2802299 26.798377 0.263063
SEG 39.601285 8.2802299 26.798377 39.60648 8.2372949 28.002654 0.263063
SEG 39.60648 8.2372949 28.002654 39.612051 8.1958567 29.170236 0.263063
SEG 39.612051 8.1958567 29.170236 39.618113 8.1569372 30.29463 0.263063
SEG 39.618113 8.1569372 30.29463 39.624704 8.1221801 31.353254 0.263063
SEG 39.624704 8.1221801 31.353254 39.638262 8.0408191 32.613118 0.263063
SEG 39.638262 8.0408191 32.613118 39.641811 8.0636973 33.452364 0.263063
SEG 39.641811 8.0636973 33.452364 39.65363 8.042649 34.502087 0.263063
SEG 39.65363 8.042649 34.502087 39.67715 8.1121583 35.719282 0.263063
SEG 9.8297762 29.252457 8.074571 9.9613627 29.361419 9.900406 0.385117
SEG 9.9613627 29.361419 9.900406 10.007493 29.315798 11.400609 0.385117
SEG 10.007493 29.315798 11.400609 10.030632 29.292048 12.8249 0.385117
SEG 10.030632 29.292048 12.8249 10.037743 29.283699 14.205079 0.385117
SEG 10.037743 29.283699 14.205079 10.033067 29.286783 15.55237 0.385117
SEG 10.033067 29.286783 15.55237 10.011999 29.346093 17.060982 0.385117
SEG 10.011999 29.346093 17.060982 9.9991057 29.317053 18.181498 0.385117
SEG 9.9991057 29.317053 18.181498 9.973262 29.340916 19.480531 0.385117
SEG 9.973262 29.340916 19.480531 10.055565 29.360805 20.96315 0.385117
SEG 10.055565 29.360805 20.96315 9.9089567 29.401024 22.083424 0.385117
SEG 9.9089567 29.401024 22.083424 9.8719415 29.435775 23.3929 0.385117
SEG 9.8719415 29.435775 23.3929 9.8324359 29.472843 24.712371 0.385117
SEG 9.8324359 29.472843 24.712371 9.7910318 29.511569 26.044395 0.385117
SEG 9.7910318 29.511569 26.044395 9.7484481 29.551164 27.391311 0.385117
SEG 9.7484481 29.551164 27.391311 9.7056841 29.590576 28.755121 0.385117
SEG 9.7056841 29.590576 28.755121 9.6639481 29.628575 30.146305 0.385117
SEG 9.6639481 29.628575 30.146305 9.6257178 29.662834 31.554954 0.385117
SEG 9.6257178 29.662834 31.554954 9.7193671 29.523841 33.00743 0.385117
SEG 9.7193671 29.523841 33.00743 9.5719066 29.709794 34.404625 0.385117
SEG 9.5719066 29.709794 34.404625 9.5614568 29.718789 35.810362 0.385117
SEG 9.5614568 29.718789 35.810362 9.662676 29.56998 37.140265 0.385117
SEG 9.662676 29.56998 37.140265 9.5656806 29.716094 38.462832 0.385117
SEG 9.5656806 29.716094 38.462832 9.5692039 29.713481 39.637421 0.385117
SEG 11.733331 34.301405 0.60456053 11.9997 33.747431 2.4504852 0.264539
SEG 11.9997 33.747431 2.4504852 12.201483 33.369656 4.2108487 0.264539
SEG 12.201483 33.369656 4.2108487 12.350131 33.122664 5.880866 0.264539
SEG 12.350131 33.122664 5.880866 12.457994 32.964146 7.4767543 0.264539
SEG 12.457994 32.964146 7.4767543 12.533059 32.866965 8.9819069 0.264539
SEG 12.533059 32.866965 8.9819069 12.584273 32.809896 10.433783 0.264539
SEG 12.584273 32.809896 10.433783 12.617058 32.780591 11.84256 0.264539
SEG 12.617058 32.780591 11.84256 12.635345 32.770992 13.204065 0.264539
SEG 12.635345 32.770992 13.204065 12.64255 32.775353 14.544076 0.264539
SEG 12.64255 32.775353 14.544076 12.640904 32.790039 15.868926 0.264539
SEG 12.640904 32.790039 15.868926 12.632147 32.812504 17.183862 0.264539
SEG 12.632147 32.812504 17.183862 12.617659 32.840941 18.493218 0.264539
SEG 12.617659 32.840941 18.493218 12.598546 32.874085 19.800599 0.264539
SEG 12.598546 32.874085 19.800599 12.575708 32.911085 21.109051 0.264539
SEG 12.575708 32.911085 21.109051 12.549917 32.951382 22.42121 0.264539
SEG 12.549917 32.951382 22.42121 12.52188 32.994625 23.739436 0.264539
SEG 12.52188 32.994625 23.739436 12.49222 33.040732 25.069265 0.264539
SEG 12.49222 33.040732 25.069265 12.461736 33.089509 26.41057 0.264539
SEG 12.461736 33.089509 26.41057 12.431501 33.140462 27.756357 0.264539
SEG 12.431501 33.140462 27.756357 12.402377 33.193527 29.115961 0.264539
SEG 12.402377 33.193527 29.115961 12.375626 33.247887 30.491312 0.264539
SEG 12.375626 33.247887 30.491312 12.352531 33.302046 31.891282 0.264539
SEG 12.352531 33.302046 31.891282 12.194788 33.206805 33.17733 0.264539
SEG 12.194788 33.206805 33.17733 12.323082 33.391342 34.717779 0.264539
SEG 16.489887 34.894268 0.34362422 16.60218 34.275325 2.1860838 0.263063
SEG 16.60218 34.275325 2.1860838 16.688218 33.851688 3.9508987 0.263063
SEG 16.688218 33.851688 3.9508987 16.754393 33.575127 5.6434889 0.263063
SEG 16.754393 33.575127 5.6434889 16.804369 33.398842 7.2717852 0.263063
SEG 16.804369 33.398842 7.2717852 16.840368 33.292644 8.8081611 0.263063
SEG 16.840368 33.292644 8.8081611 16.865938 33.231423 10.294138 0.263063
SEG 16.865938 33.231423 10.294138 16.88311 33.201136 11.741112 0.263063
SEG 16.88311 33.201136 11.741112 16.893393 33.192431 13.136967 0.263063
SEG 16.893393 33.192431 13.136967 16.898315 33.198737 14.507314 0.263063
SEG 16.898315 33.198737 14.507314 16.898896 33.215905 15.858168 0.263063
SEG 16.898896 33.215905 15.858168 16.895961 33.241066 17.1949 0.263063
SEG 16.895961 33.241066 17.1949 16.890193 33.272229 18.522208 0.263063
SEG 16.890193 33.272229 18.522208 16.882154 33.308054 19.844118 0.263063
SEG 16.882154 33.308054 19.844118 16.872329 33.347631 21.163012 0.263063
SEG 16.872329 33.347631 21.163012 16.861141 33.390432 22.482903 0.263063
SEG 16.861141 33.390432 22.482903 16.848974 33.436203 23.808474 0.263063
SEG 16.848974 33.436203 23.808474 16.83625 33.484689 25.140004 0.263063
SEG 16.83625 33.484689 25.140004 16.823397 33.535744 26.478963 0.263063
SEG 16.823397 33.535744 26.478963 16.810871 33.589234 27.826696 0.263063
SEG 16.810871 33.589234 27.826696 16.799156 33.64486 29.184525 0.263063
SEG 16.799156 33.64486 29.184525 16.78873 33.701901 30.553739 0.263063
SEG 16.78873 33.701901 30.553739 16.780055 33.758468 31.927789 0.263063
SEG 16.780055 33.758468 31.927789 16.773362 33.811712 33.315635 0.263063
SEG 16.773362 33.811712 33.315635 16.76877 33.855601 34.712366 0.263063
SEG 16.76877 33.855601 34.712366 16.766112 33.881076 36.098806 0.263063
SEG 16.766112 33.881076 36.098806 16.764907 33.882804 37.430747 0.263063
SEG 16.764907 33.882804 37.430747 16.764516 33.869931 38.641963 0.263063
SEG 16.764516 33.869931 38.641963 16.635018 33.921907 39.693551 0.263063
SEG 6.3211849 36.394684 8.3397362 6.3812284 36.362019 9.6771489 0.311607
SEG 6.3812284 36.362019 9.6771489 6.4184943 36.347144 11.031282 0.311607
SEG 6.4184943 36.347144 11.031282 6.4373488 36.345175 12.398695 0.311607
SEG 6.4373488 36.345175 12.398695 6.4415018 36.352565 13.774599 0.311607
SEG 6.4415018 36.352565 13.774599 6.4341308 36.366654 15.15425 0.311607
SEG 6.4341308 36.366654 15.15425 6.4179124 36.385442 16.530981 0.311607
SEG 6.4179124 36.385442 16.530981 6.3950206 36.407492 17.901119 0.311607
SEG 6.3950206 36.407492 17.901119 6.3671533 36.431811 19.261532 0.311607
SEG 6.3671533 36.431811 19.261532 6.3355551 36.457771 20.609574 0.311607
SEG 6.3355551 36.457771 20.609574 6.3011401 36.485006 21.943045 0.311607
SEG 6.3011401 36.485006 21.943045 6.2648109 36.513161 23.25151 0.311607
SEG 6.2648109 36.513161 23.25151 6.2268173 36.542403 24.54181 0.311607
SEG 6.2268173 36.542403 24.54181 6.1876083 36.572771 25.808729 0.311607
SEG 6.1876083 36.572771 25.808729 6.1473415 36.604563 27.054238 0.311607
SEG 6.1473415 36.604563 27.054238 6.1061829 36.638202 28.27941 0.311607
SEG 6.1061829 36.638202 28.27941 6.0642944 36.674316 29.487042 0.311607
SEG 6.0642944 36.674316 29.487042 6.0219013 36.713819 30.682539 0.311607
SEG 6.0219013 36.713819 30.682539 5.9355276 36.792418 32.035669 0.311607
SEG 5.9355276 36.792418 32.035669 5.9378148 36.808929 33.079294 0.311607
SEG 5.9378148 36.808929 33.079294 5.8997681 36.868082 34.296454 0.311607
SEG 5.8997681 36.868082 34.296454 5.8693114 36.937581 35.557722 0.311607
SEG 5.8693114 36.937581 35.557722 5.8540166 37.007524 36.80288 0.311607
SEG 5.8540166 37.007524 36.80288 5.8562833 37.051728 38.133128 0.311607
SEG 5.8562833 37.051728 38.133128 5.8661272 37.033274 39.426338 0.311607
SEG 8.0306133 39.522171 4.1113211 8.1781643 39.561442 5.5004201 0.263063
SEG 8.1781643 39.561442 5.5004201 8.3396034 39.550168 7.0638809 0.263063
SEG 8.3396034 39.550168 7.0638809 8.4545055 39.54669 8.6233773 0.263063
SEG 8.4545055 39.54669 8.6233773 8.5293628 39.547324 10.164398 0.263063
SEG 8.5293628 39.547324 10.164398 8.5724548 39.550184 11.689799 0.263063
SEG 8.5724548 39.550184 11.689799 8.5911144 39.554162 13.187814 0.263063
SEG 8.5911144 39.554162 13.187814 8.5927604 39.590863 14.730274 0.263063
SEG 8.5927604 39.590863 14.730274 8.5782593 39.563461 16.123017 0.263063
SEG 8.5782593 39.563461 16.123017 8.5553154 39.568241 17.546665 0.263063
SEG 8.5553154 39.568241 17.546665 8.6262899 39.61423 19.141055 0.263063
SEG 8.6262899 39.61423 19.141055 8.4900638 39.577683 20.322557 0.263063
SEG 8.4900638 39.577683 20.322557 8.4512883 39.582325 21.672936 0.263063
SEG 8.4512883 39.582325 21.672936 8.4100755 39.58695 22.996949 0.263063
SEG 8.4100755 39.58695 22.996949 8.3673351 39.591607 24.293474 0.263063
SEG 8.3673351 39.591607 24.293474 8.3238202 39.596359 25.561183 0.263063
SEG 8.3238202 39.596359 25.561183 8.2802299 39.601285 26.798377 0.263063
SEG 8.2802299 39.601285 26.798377 8.2372949 39.60648 28.002654 0.263063
SEG 8.2372949 39.60648 28.002654 8.1958567 39.612051 29.170236 0.263063
SEG 8.1958567 39.612051 29.170236 8.1569372 39.618113 30.29463 0.263063
SEG 8.1569372 39.618113 30.29463 8.1221801 39.624704 31.353254 0.263063
SEG 8.1221801 39.624704 31.353254 8.2046145 39.644391 32.617372 0.263063
SEG 8.2046145 39.644391 32.617372 8.0636973 39.641811 33.452364 0.263063
SEG 8.0636973 39.641811 33.452364 8.042649 39.65363 34.502087 0.263063
SEG 8.042649 39.65363 34.502087 8.1473123 39.677856 35.716056 0.263063
SEG 23.18936 10.255573 1.7071431 23.341662 10.582926 3.6191042 0.383469
SEG 23.341662 10.582926 3.6191042 23.255271 10.835974 5.5660554 0.383469
SEG 23.255271 10.835974 5.5660554 23.194064 11.004721 7.4348768 0.383469
SEG 23.194064 11.004721 7.4348768 23.152967 11.110611 9.1936935 0.383469
SEG 23.152967 11.110611 9.1936935 23.126833 11.172703 10.835423 0.383469
SEG 23.126833 11.172703 10.835423 23.111436 11.205182 12.369464 0.383469
SEG 23.111436 11.205182 12.369464 23.103518 11.217962 13.846295 0.383469
SEG 23.103518 11.217962 13.846295 23.101268 11.216597 15.250557 0.383469
SEG 23.101268 11.216597 15.250557 23.103209 11.205071 16.619847 0.383469
SEG 23.103209 11.205071 16.619847 23.108387 11.18592 17.964284 0.383469
SEG 23.108387 11.18592 17.964284 23.116106 11.160853 19.293011 0.383469
SEG 23.116106 11.160853 19.293011 23.125834 11.131076 20.613962 0.383469
SEG 23.125834 11.131076 20.613962 23.13712 11.097523 21.932596 0.383469
SEG 23.13712 11.097523 21.932596 23.149616 11.060783 23.259581 0.383469
SEG 23.149616 11.060783 23.259581 23.16291 11.021598 24.59669 0.383469
SEG 23.16291 11.021598 24.59669 23.224939 11.083694 25.930001 0.383469
SEG 23.224939 11.083694 25.930001 23.190102 10.939221 27.309389 0.383469
SEG 23.190102 10.939221 27.309389 23.189165 10.926603 28.664286 0.383469
SEG 23.189165 10.926603 28.664286 23.214555 10.859798 30.075039 0.383469
SEG 23.214555 10.859798 30.075039 23.224381 10.825641 31.476026 0.383469
SEG 23.224381 10.825641 31.476026 23.231979 10.798341 32.877989 0.383469
SEG 23.231979 10.798341 32.877989 23.237199 10.779869 34.272264 0.383469
SEG 23.237199 10.779869 34.272264 23.240241 10.770754 35.647323 0.383469
SEG 23.240241 10.770754 35.647323 23.195393 10.830662 37.078142 0.383469
SEG 23.195393 10.830662 37.078142 23.242005 10.771939 38.231224 0.383469
SEG 23.242005 10.771939 38.231224 23.242025 10.774589 39.430411 0.383469
SEG 10.256459 23.188367 1.7071469 10.582926 23.341662 3.6191042 0.383469
SEG 10.582926 23.341662 3.6191042 10.835974 23.255271 5.5660554 0.383469
SEG 10.835974 23.255271 5.5660554 11.004721 23.194064 7.4348768 0.383469
SEG 11.004721 23.194064 7.4348768 11.110611 23.152967 9.1936935 0.383469
SEG 11.110611 23.152967 9.1936935 11.172703 23.126833 10.835423 0.383469
SEG 11.172703 23.126833 10.835423 11.205182 23.111436 12.369464 0.383469
SEG 11.205182 23.111436 12.369464 11.217962 23.103518 13.846295 0.383469
SEG 11.217962 23.103518 13.846295 11.216597 23.101268 15.250557 0.383469
SEG 11.216597 23.101268 15.250557 11.205071 23.103209 16.619847 0.383469
SEG 11.205071 23.103209 16.619847 11.18592 23.108387 17.964284 0.383469
SEG 11.18592 23.108387 17.964284 11.160853 23.116106 19.293011 0.383469
SEG 11.160853 23.116106 19.293011 11.131076 23.125834 20.613962 0.383469
SEG 11.131076 23.125834 20.613962 11.097523 23.13712 21.932596 0.383469
SEG 11.097523 23.13712 21.932596 11.060783 23.149616 23.259581 0.383469
SEG 11.060783 23.149616 23.259581 11.021598 23.16291 24.59669 0.383469
SEG 11.021598 23.16291 24.59669 10.945415 23.306961 25.975802 0.383469
SEG 10.945415 23.306961 25.975802 10.952087 23.275797 27.206974 0.383469
SEG 10.952087 23.275797 27.206974 10.898338 23.202954 28.686115 0.383469
SEG 10.898338 23.202954 28.686115 10.859798 23.214555 30.075039 0.383469
SEG 10.859798 23.214555 30.075039 10.825641 23.224381 31.476026 0.383469
SEG 10.825641 23.224381 31.476026 10.798341 23.231979 32.877989 0.383469
SEG 10.798341 23.231979 32.877989 10.779869 23.237199 34.272264 0.383469
SEG 10.779869 23.237199 34.272264 10.770754 23.240241 35.647323 0.383469
SEG 10.770754 23.240241 35.647323 10.76934 23.241607 36.966849 0.383469
SEG 10.76934 23.241607 36.966849 10.771939 23.242005 38.231224 0.383469
SEG 10.771939 23.242005 38.231224 10.774589 23.242025 39.430411 0.383469
SEG 12.048312 12.045796 2.2275621 12.257407 12.257407 3.8942699 0.386657
SEG 12.257407 12.257407 3.8942699 12.449128 12.449128 5.8061791 0.386657
SEG 12.449128 12.449128 5.8061791 12.578923 12.578923 7.6174817 0.386657
SEG 12.578923 12.578923 7.6174817 12.663461 12.663461 9.3291676 0.386657
SEG 12.663461 12.663461 9.3291676 12.71592 12.71592 10.962017 0.386657
SEG 12.71592 12.71592 10.962017 12.744587 12.744587 12.485056 0.386657
SEG 12.744587 12.744587 12.485056 12.75712 12.75712 13.946472 0.386657
SEG 12.75712 12.75712 13.946472 12.757894 12.757894 15.336272 0.386657
SEG 12.757894 12.757894 15.336272 12.750133 12.750133 16.692468 0.386657
SEG 12.750133 12.750133 16.692468 12.735835 12.735835 18.025486 0.386657
SEG 12.735835 12.735835 18.025486 12.716406 12.716406 19.344586 0.386657
SEG 12.716406 12.716406 19.344586 12.692877 12.692877 20.657705 0.386657
SEG 12.692877 12.692877 20.657705 12.666004 12.666004 21.973862 0.386657
SEG 12.666004 12.666004 21.973862 12.636475 12.636475 23.298117 0.386657
SEG 12.636475 12.636475 23.298117 12.604977 12.604977 24.633981 0.386657
SEG 12.604977 12.604977 24.633981 12.560486 12.325194 25.913583 0.386657
SEG 12.560486 12.325194 25.913583 12.53935 12.53935 27.348851 0.386657
SEG 12.53935 12.53935 27.348851 12.507368 12.507368 28.728982 0.386657
SEG 12.507368 12.507368 28.728982 12.477775 12.477775 30.122638 0.386657
SEG 12.477775 12.477775 30.122638 12.452109 12.452109 31.532245 0.386657
SEG 12.452109 12.452109 31.532245 12.432133 12.432133 32.944873 0.386657
SEG 12.432133 12.432133 32.944873 12.41891 12.41891 34.350815 0.386657
SEG 12.41891 12.41891 34.350815 12.412326 12.412326 35.737104 0.386657
SEG 12.412326 12.412326 35.737104 12.41086 12.41086 37.064325 0.386657
SEG 12.41086 12.41086 37.064325 12.411935 12.411935 38.332674 0.386657
SEG 12.411935 12.411935 38.332674 12.237816 12.30213 39.385614 0.386657
SEG 19.467612 13.740828 7.5021808 19.338814 13.71391 9.3525289 0.326031
SEG 19.338814 13.71391 9.3525289 19.344139 13.76047 10.944652 0.326031
SEG 19.344139 13.76047 10.944652 19.493111 13.564132 12.496976 0.326031
SEG 19.493111 13.564132 12.496976 19.348971 13.798629 13.911949 0.326031
SEG 19.348971 13.798629 13.911949 19.349419 13.79972 15.311709 0.326031
SEG 19.349419 13.79972 15.311709 19.348968 13.792806 16.680198 0.326031
SEG 19.348968 13.792806 16.680198 19.347792 13.779472 18.048639 0.326031
SEG 19.347792 13.779472 18.048639 19.346055 13.761253 19.396156 0.326031
SEG 19.346055 13.761253 19.396156 19.541469 13.586048 20.69786 0.326031
SEG 19.541469 13.586048 20.69786 19.341381 13.714249 22.060039 0.326031
SEG 19.341381 13.714249 22.060039 19.338626 13.686895 23.396099 0.326031
SEG 19.338626 13.686895 23.396099 19.553684 13.550802 24.631662 0.326031
SEG 19.553684 13.550802 24.631662 19.332746 13.628151 26.097407 0.326031
SEG 19.332746 13.628151 26.097407 19.329838 13.598566 27.465413 0.326031
SEG 19.329838 13.598566 27.465413 19.327109 13.570315 28.844245 0.326031
SEG 19.327109 13.570315 28.844245 19.324676 13.544658 30.234074 0.326031
SEG 19.324676 13.544658 30.234074 19.322655 13.52303 31.625413 0.326031
SEG 19.322655 13.52303 31.625413 19.51601 13.199776 33.035807 0.326031
SEG 19.51601 13.199776 33.035807 19.320059 13.495663 34.384588 0.326031
SEG 19.320059 13.495663 34.384588 19.31944 13.490032 35.719455 0.326031
SEG 19.31944 13.490032 35.719455 19.319139 13.488253 37.016299 0.326031
SEG 19.319139 13.488253 37.016299 19.319031 13.488547 38.266173 0.326031
SEG 19.319031 13.488547 38.266173 19.449863 13.21686 39.333135 0.326031
SEG 13.740514 19.464718 7.5022425 13.71391 19.338814 9.3525289 0.326031
SEG 13.71391 19.338814 9.3525289 13.76047 19.344139 10.944652 0.326031
SEG 13.76047 19.344139 10.944652 14.059514 19.491691 12.491159 0.326031
SEG 14.059514 19.491691 12.491159 13.798629 19.348971 13.911949 0.326031
SEG 13.798629 19.348971 13.911949 13.79972 19.349419 15.311709 0.326031
SEG 13.79972 19.349419 15.311709 13.792806 19.348968 16.680198 0.326031
SEG 13.792806 19.348968 16.680198 13.779472 19.347792 18.048639 0.326031
SEG 13.779472 19.347792 18.048639 13.761253 19.346055 19.396156 0.326031
SEG 13.761253 19.346055 19.396156 14.020127 19.491658 20.708206 0.326031
SEG 14.020127 19.491658 20.708206 13.714249 19.341381 22.060039 0.326031
SEG 13.714249 19.341381 22.060039 13.686895 19.338626 23.396099 0.326031
SEG 13.686895 19.338626 23.396099 13.657918 19.335713 24.74117 0.326031
SEG 13.657918 19.335713 24.74117 13.628151 19.332746 26.097407 0.326031
SEG 13.628151 19.332746 26.097407 13.598566 19.329838 27.465413 0.326031
SEG 13.598566 19.329838 27.465413 13.570315 19.327109 28.844245 0.326031
SEG 13.570315 19.327109 28.844245 13.544658 19.324676 30.234074 0.326031
SEG 13.544658 19.324676 30.234074 13.52303 19.322655 31.625413 0.326031
SEG 13.52303 19.322655 31.625413 13.244173 19.472672 33.032845 0.326031
SEG 13.244173 19.472672 33.032845 13.495663 19.320059 34.384588 0.326031
SEG 13.495663 19.320059 34.384588 13.490032 19.31944 35.719455 0.326031
SEG 13.490032 19.31944 35.719455 13.566061 19.492593 36.984109 0.326031
SEG 13.566061 19.492593 36.984109 13.488547 19.319031 38.266173 0.326031
SEG 26.111185 4.9659379 0.99788583 25.926503 5.5374098 2.8827663 0.38964
SEG 25.926503 5.5374098 2.8827663 25.784301 5.9102054 4.7068219 0.38964
SEG 25.784301 5.9102054 4.7068219 25.678681 6.1414022 6.4431531 0.38964
SEG 25.678681 6.1414022 6.4431531 25.603715 6.2778956 8.0631835 0.38964
SEG 25.603715 6.2778956 8.0631835 25.550051 6.3580408 9.6459567 0.38964
SEG 25.550051 6.3580408 9.6459567 25.514987 6.3982741 11.139842 0.38964
SEG 25.514987 6.3982741 11.139842 25.493443 6.4132415 12.587112 0.38964
SEG 25.493443 6.4132415 12.587112 25.482578 6.4109719 13.980621 0.38964
SEG 25.482578 6.4109719 13.980621 25.479875 6.3968342 15.347786 0.38964
SEG 25.479875 6.3968342 15.347786 25.48363 6.3742603 16.695001 0.38964
SEG 25.48363 6.3742603 16.695001 25.492527 6.3455094 18.027776 0.38964
SEG 25.492527 6.3455094 18.027776 25.505524 6.3120775 19.350809 0.38964
SEG 25.505524 6.3120775 19.350809 25.521766 6.274945 20.668082 0.38964
SEG 25.521766 6.274945 20.668082 25.540526 6.2347251 21.9829 0.38964
SEG 25.540526 6.2347251 21.9829 25.561177 6.1917003 23.29995 0.38964
SEG 25.561177 6.1917003 23.29995 25.583047 6.1461143 24.618792 0.38964
SEG 25.583047 6.1461143 24.618792 25.631493 6.2972789 25.819724 0.38964
SEG 25.631493 6.2972789 25.819724 25.627771 6.047371 27.268543 0.38964
SEG 25.627771 6.047371 27.268543 25.649142 5.9942302 28.602158 0.38964
SEG 25.649142 5.9942302 28.602158 25.668796 5.9387716 29.944498 0.38964
SEG 25.668796 5.9387716 29.944498 25.685915 5.8817585 31.29753 0.38964
SEG 25.685915 5.8817585 31.29753 25.699823 5.8247704 32.670513 0.38964
SEG 25.699823 5.8247704 32.670513 25.709901 5.7721506 34.058584 0.38964
SEG 25.709901 5.7721506 34.058584 25.716057 5.7319897 35.459507 0.38964
SEG 25.716057 5.7319897 35.459507 25.718863 5.7153132 36.861229 0.38964
SEG 33.834843 6.4186036 1.1392533 33.414924 6.8272305 2.8407998 0.321052
SEG 33.414924 6.8272305 2.8407998 33.123092 7.113464 4.4501782 0.321052
SEG 33.123092 7.113464 4.4501782 32.924127 7.3103514 5.9748631 0.321052
SEG 32.924127 7.3103514 5.9748631 32.790106 7.4438221 7.4272273 0.321052
SEG 32.790106 7.4438221 7.4272273 32.701714 7.5325241 8.8206463 0.321052
SEG 32.701714 7.5325241 8.8206463 32.645382 7.5896143 10.181778 0.321052
SEG 32.645382 7.5896143 10.181778 32.612696 7.6232149 11.521889 0.321052
SEG 32.612696 7.6232149 11.521889 32.626361 7.8549015 13.091728 0.321052
SEG 32.626361 7.8549015 13.091728 32.596416 7.6412527 14.189535 0.321052
SEG 32.596416 7.6412527 14.189535 32.605561 7.6328238 15.507628 0.321052
SEG 32.605561 7.6328238 15.507628 32.622731 7.6162448 16.819952 0.321052
SEG 32.622731 7.6162448 16.819952 32.64613 7.5933189 18.128267 0.321052
SEG 32.64613 7.5933189 18.128267 32.881699 7.5374006 19.248136 0.321052
SEG 32.881699 7.5374006 19.248136 32.706557 7.5335603 20.734707 0.321052
SEG 32.706557 7.5335603 20.734707 32.741916 7.4984468 22.035621 0.321052
SEG 32.741916 7.4984468 22.035621 32.779966 7.460626 23.335604 0.321052
SEG 32.779966 7.460626 23.335604 32.820348 7.4204951 24.634847 0.321052
SEG 32.820348 7.4204951 24.634847 32.862827 7.3783117 25.935152 0.321052
SEG 32.862827 7.3783117 25.935152 32.907236 7.3342864 27.239217 0.321052
SEG 32.907236 7.3342864 27.239217 32.953389 7.2886773 28.550828 0.321052
SEG 32.953389 7.2886773 28.550828 33.00092 7.2419511 29.874971 0.321052
SEG 33.00092 7.2419511 29.874971 33.04897 7.1950925 31.217675 0.321052
SEG 33.04897 7.1950925 31.217675 33.095623 7.1501523 32.585243 0.321052
SEG 33.095623 7.1501523 32.585243 33.001961 7.2763495 34.076409 0.321052
SEG 33.001961 7.2763495 34.076409 33.210564 7.0111474 35.38115 0.321052
SEG 33.210564 7.0111474 35.38115 33.176888 7.0746953 36.865574 0.321052
SEG 33.176888 7.0746953 36.865574 33.169637 7.0815651 38.263744 0.321052
SEG 33.169637 7.0815651 38.263744 33.160571 7.0897782 39.45577 0.321052
SEG 36.146782 2.3203818 5.9854254 36.065345 2.3687457 7.1639877 0.264433
SEG 36.065345 2.3687457 7.1639877 35.871598 2.1848432 8.5005439 0.264433
SEG 35.871598 2.1848432 8.5005439 35.935665 2.5362839 9.7153498 0.264433
SEG 35.935665 2.5362839 9.7153498 35.946557 2.4230722 11.214412 0.264433
SEG 35.946557 2.4230722 11.214412 35.941179 2.4201017 12.651375 0.264433
SEG 35.941179 2.4201017 12.651375 35.947215 2.4109533 14.106859 0.264433
SEG 35.947215 2.4109533 14.106859 35.961533 2.3976294 15.562352 0.264433
SEG 35.961533 2.3976294 15.562352 36.009622 2.4297403 17.066689 0.264433
SEG 36.009622 2.4297403 17.066689 36.005801 2.36375 18.436921 0.264433
SEG 36.005801 2.36375 18.436921 36.032611 2.3448445 19.842922 0.264433
SEG 36.032611 2.3448445 19.842922 35.899372 2.1645458 21.008914 0.264433
SEG 35.899372 2.1645458 21.008914 36.091208 2.3050588 22.577927 0.264433
SEG 36.091208 2.3050588 22.577927 36.121699 2.2847335 23.882765 0.264433
SEG 36.121699 2.2847335 23.882765 36.152882 2.2640013 25.151025 0.264433
SEG 36.152882 2.2640013 25.151025 36.184671 2.2427789 26.379456 0.264433
SEG 36.184671 2.2427789 26.379456 36.21705 2.2209232 27.564945 0.264433
SEG 36.21705 2.2209232 27.564945 36.250042 2.1982332 28.704751 0.264433
SEG 36.250042 2.1982332 28.704751 36.283794 2.1743791 29.800064 0.264433
SEG 36.283794 2.1743791 29.800064 36.318365 2.1490636 30.849189 0.264433
SEG 36.318365 2.1490636 30.849189 36.355526 2.1204422 31.898141 0.264433
SEG 36.355526 2.1204422 31.898141 36.415323 2.1616128 32.919918 0.264433
SEG 39.636272 4.7633259 9.0199897 39.637178 4.804916 10.543551 0.27244
SEG 39.637178 4.804916 10.543551 39.63934 4.8216126 12.070549 0.27244
SEG 39.63934 4.8216126 12.070549 39.642221 4.8202559 13.590105 0.27244
SEG 39.642221 4.8202559 13.590105 39.645462 4.8065013 15.087506 0.27244
SEG 39.645462 4.8065013 15.087506 39.648882 4.7842534 16.564176 0.27244
SEG 39.648882 4.7842534 16.564176 39.652364 4.7563459 18.016084 0.27244
SEG 39.652364 4.7563459 18.016084 39.655809 4.7251068 19.4241 0.27244
SEG 39.655809 4.7251068 19.4241 39.659224 4.6915771 20.798532 0.27244
SEG 39.659224 4.6915771 20.798532 39.662603 4.6566294 22.135963 0.27244
SEG 39.662603 4.6566294 22.135963 39.665956 4.6208472 23.432856 0.27244
SEG 39.665956 4.6208472 23.432856 39.6693 4.5846009 24.685448 0.27244
SEG 39.6693 4.5846009 24.685448 39.672661 4.5481453 25.88966 0.27244
SEG 39.672661 4.5481453 25.88966 39.676066 4.5116858 27.04102 0.27244
SEG 39.676066 4.5116858 27.04102 39.679544 4.4754357 28.134601 0.27244
SEG 39.679544 4.4754357 28.134601 39.490454 4.3318465 29.254051 0.27244
SEG 39.490454 4.3318465 29.254051 39.687494 4.3985977 30.290705 0.27244
SEG 39.687494 4.3985977 30.290705 39.692229 4.3583222 31.339922 0.27244
SEG 39.692229 4.3583222 31.339922 39.697946 4.3161655 32.389059 0.27244
SEG 39.697946 4.3161655 32.389059 39.705133 4.2725169 33.438127 0.27244
SEG 39.705133 4.2725169 33.438127 39.714687 4.2286382 34.487166 0.27244
SEG 39.714687 4.2286382 34.487166 39.498367 4.0631436 35.704286 0.27244
SEG 4.9659379 26.111185 0.99788583 5.5374098 25.926503 2.8827663 0.38964
SEG 5.5374098 25.926503 2.8827663 5.9102054 25.784301 4.7068219 0.38964
SEG 5.9102054 25.784301 4.7068219 6.1414022 25.678681 6.4431531 0.38964
SEG 6.1414022 25.678681 6.4431531 6.2778956 25.603715 8.0631835 0.38964
SEG 6.2778956 25.603715 8.0631835 6.3580408 25.550051 9.6459567 0.38964
SEG 6.3580408 25.550051 9.6459567 6.3982741 25.514987 11.139842 0.38964
SEG 6.3982741 25.514987 11.139842 6.4132415 25.493443 12.587112 0.38964
SEG 6.4132415 25.493443 12.587112 6.4109719 25.482578 13.980621 0.38964
SEG 6.4109719 25.482578 13.980621 6.3968342 25.479875 15.347786 0.38964
SEG 6.3968342 25.479875 15.347786 6.3742603 25.48363 16.695001 0.38964
SEG 6.3742603 25.48363 16.695001 6.3455094 25.492527 18.027776 0.38964
SEG 6.3455094 25.492527 18.027776 6.3120775 25.505524 19.350809 0.38964
SEG 6.3120775 25.505524 19.350809 6.274945 25.521766 20.668082 0.38964
SEG 6.274945 25.521766 20.668082 6.2347251 25.540526 21.9829 0.38964
SEG 6.2347251 25.540526 21.9829 6.1917003 25.561177 23.29995 0.38964
SEG 6.1917003 25.561177 23.29995 6.1461143 25.583047 24.618792 0.38964
SEG 6.1461143 25.583047 24.618792 6.127787 25.717492 25.877376 0.38964
SEG 6.127787 25.717492 25.877376 6.047371 25.627771 27.268543 0.38964
SEG 6.047371 25.627771 27.268543 5.9942302 25.649142 28.602158 0.38964
SEG 5.9942302 25.649142 28.602158 5.9387716 25.668796 29.944498 0.38964
SEG 5.9387716 25.668796 29.944498 5.8817585 25.685915 31.29753 0.38964
SEG 5.8817585 25.685915 31.29753 5.8578785 25.587651 32.728309 0.38964
SEG 5.8578785 25.587651 32.728309 5.7721506 25.709901 34.058584 0.38964
SEG 5.7721506 25.709901 34.058584 5.7319897 25.716057 35.459507 0.38964
SEG 5.7319897 25.716057 35.459507 5.7153132 25.718863 36.861229 0.38964
SEG 5.7153132 25.718863 36.861229 5.7245741 25.719532 38.231566 0.38964
SEG 5.7245741 25.719532 38.231566 5.7395534 25.719464 39.441407 0.38964
SEG 6.4186036 33.834843 1.1392533 6.8272305 33.414924 2.8407998 0.321052
SEG 6.8272305 33.414924 2.8407998 7.113464 33.123092 4.4501782 0.321052
SEG 7.113464 33.123092 4.4501782 7.3103514 32.924127 5.9748631 0.321052
SEG 7.3103514 32.924127 5.9748631 7.4438221 32.790106 7.4272273 0.321052
SEG 7.4438221 32.790106 7.4272273 7.5325241 32.701714 8.8206463 0.321052
SEG 7.5325241 32.701714 8.8206463 7.5896143 32.645382 10.181778 0.321052
SEG 7.5896143 32.645382 10.181778 7.6232149 32.612696 11.521889 0.321052
SEG 7.6232149 32.612696 11.521889 7.6391323 32.597701 12.862641 0.321052
SEG 7.6391323 32.597701 12.862641 7.6412527 32.596416 14.189535 0.321052
SEG 7.6412527 32.596416 14.189535 7.6328238 32.605561 15.507628 0.321052
SEG 7.6328238 32.605561 15.507628 7.4962126 32.467475 17.050318 0.321052
SEG 7.4962126 32.467475 17.050318 7.5933189 32.64613 18.128267 0.321052
SEG 7.5933189 32.64613 18.128267 7.5654293 32.674392 19.43248 0.321052
SEG 7.5654293 32.674392 19.43248 7.5364263 32.472658 20.869316 0.321052
SEG 7.5364263 32.472658 20.869316 7.4984468 32.741916 22.035621 0.321052
SEG 7.4984468 32.741916 22.035621 7.2874592 32.699679 23.247315 0.321052
SEG 7.2874592 32.699679 23.247315 7.4204951 32.820348 24.634847 0.321052
SEG 7.4204951 32.820348 24.634847 7.3783117 32.862827 25.935152 0.321052
SEG 7.3783117 32.862827 25.935152 7.3342864 32.907236 27.239217 0.321052
SEG 7.3342864 32.907236 27.239217 7.2886773 32.953389 28.550828 0.321052
SEG 7.2886773 32.953389 28.550828 7.2419511 33.00092 29.874971 0.321052
SEG 7.2419511 33.00092 29.874971 7.1950925 33.04897 31.217675 0.321052
SEG 7.1950925 33.04897 31.217675 7.1501523 33.095623 32.585243 0.321052
SEG 7.1501523 33.095623 32.585243 7.1106406 33.137378 33.996839 0.321052
SEG 7.1106406 33.137378 33.996839 7.0835364 33.16677 35.427256 0.321052
SEG 7.0835364 33.16677 35.427256 7.0746953 33.176888 36.865574 0.321052
SEG 7.0746953 33.176888 36.865574 7.0815651 33.169637 38.263744 0.321052
SEG 7.0815651 33.169637 38.263744 7.0897782 33.160571 39.45577 0.321052
SEG 2.1564522 36.380437 3.8924862 2.2542504 36.24724 4.9358881 0.264433
SEG 2.2542504 36.24724 4.9358881 2.3203818 36.146782 5.9854254 0.264433
SEG 2.3203818 36.146782 5.9854254 2.3687457 36.065345 7.1639877 0.264433
SEG 2.3687457 36.065345 7.1639877 2.5212752 35.9567 8.53081 0.264433
SEG 2.5212752 35.9567 8.53081 2.3820657 35.927181 9.6636412 0.264433
SEG 2.3820657 35.927181 9.6636412 2.4230722 35.946557 11.214412 0.264433
SEG 2.4230722 35.946557 11.214412 2.4201017 35.941179 12.651375 0.264433
SEG 2.4201017 35.941179 12.651375 2.4109533 35.947215 14.106859 0.264433
SEG 2.4109533 35.947215 14.106859 2.3976294 35.961533 15.562352 0.264433
SEG 2.3976294 35.961533 15.562352 2.3720936 36.109609 16.958829 0.264433
SEG 2.3720936 36.109609 16.958829 2.36375 36.005801 18.436921 0.264433
SEG 2.36375 36.005801 18.436921 2.3448445 36.032611 19.842922 0.264433
SEG 2.3448445 36.032611 19.842922 2.3252122 36.061264 21.224482 0.264433
SEG 2.3252122 36.061264 21.224482 2.3050588 36.091208 22.577927 0.264433
SEG 2.3050588 36.091208 22.577927 2.2847335 36.121699 23.882765 0.264433
SEG 2.2847335 36.121699 23.882765 2.2640013 36.152882 25.151025 0.264433
SEG 2.2640013 36.152882 25.151025 2.2427789 36.184671 26.379456 0.264433
SEG 2.2427789 36.184671 26.379456 2.2209232 36.21705 27.564945 0.264433
SEG 2.2209232 36.21705 27.564945 2.1982332 36.250042 28.704751 0.264433
SEG 2.1982332 36.250042 28.704751 2.1743791 36.283794 29.800064 0.264433
SEG 2.1743791 36.283794 29.800064 2.1490636 36.318365 30.849189 0.264433
SEG 2.1490636 36.318365 30.849189 2.1204422 36.355526 31.898141 0.264433
SEG 2.1204422 36.355526 31.898141 2.236323 36.320628 32.764076 0.264433
SEG 2.236323 36.320628 32.764076 2.0479785 36.438786 33.995227 0.264433
SEG 2.0479785 36.438786 33.995227 1.9996776 36.484372 35.043124 0.264433
SEG 1.9996776 36.484372 35.043124 1.9387714 36.529547 36.090383 0.264433
SEG 1.9387714 36.529547 36.090383 1.86166 36.566903 37.136881 0.264433
SEG 1.86166 36.566903 37.136881 1.7759712 36.582012 38.183269 0.264433
SEG 1.7759712 36.582012 38.183269 1.7446876 36.569264 39.40901 0.264433
SEG 4.7633259 39.636272 9.0199897 4.804916 39.637178 10.543551 0.27244
SEG 4.804916 39.637178 10.543551 4.8216126 39.63934 12.070549 0.27244
SEG 4.8216126 39.63934 12.070549 4.8202559 39.642221 13.590105 0.27244
SEG 4.8202559 39.642221 13.590105 4.8065013 39.645462 15.087506 0.27244
SEG 4.8065013 39.645462 15.087506 4.7842534 39.648882 16.564176 0.27244
SEG 4.7842534 39.648882 16.564176 4.7563459 39.652364 18.016084 0.27244
SEG 4.7563459 39.652364 18.016084 4.7251068 39.655809 19.4241 0.27244
SEG 4.7251068 39.655809 19.4241 4.6915771 39.659224 20.798532 0.27244
SEG 4.6915771 39.659224 20.798532 4.6566294 39.662603 22.135963 0.27244
SEG 4.6566294 39.662603 22.135963 4.6208472 39.665956 23.432856 0.27244
SEG 4.6208472 39.665956 23.432856 4.5460442 39.675832 24.683791 0.27244
SEG 4.5460442 39.675832 24.683791 4.5481453 39.672661 25.88966 0.27244
SEG 4.5481453 39.672661 25.88966 4.5116858 39.676066 27.04102 0.27244
SEG 4.5116858 39.676066 27.04102 4.3102614 39.682726 28.255761 0.27244
SEG 4.3102614 39.682726 28.255761 4.3776776 39.496443 29.255626 0.27244
SEG 4.3776776 39.496443 29.255626 4.3985977 39.687494 30.290705 0.27244
SEG 4.3985977 39.687494 30.290705 4.3583222 39.692229 31.339922 0.27244
SEG 4.3583222 39.692229 31.339922 4.2260923 39.511716 32.541126 0.27244
SEG 4.2260923 39.511716 32.541126 4.2725169 39.705133 33.438127 0.27244
SEG 4.2725169 39.705133 33.438127 4.2286382 39.714687 34.487166 0.27244
SEG 4.2286382 39.714687 34.487166 4.1329761 39.525788 35.690299 0.27244
SEG 7.9222546 16.053327 1.9183859 8.3379673 16.172896 3.8562528 0.389173
SEG 8.3379673 16.172896 3.8562528 8.6187155 16.262015 5.732436 0.389173
SEG 8.6187155 16.262015 5.732436 8.7042904 16.215571 7.757546 0.389173
SEG 8.7042904 16.215571 7.757546 8.9074922 16.368797 9.1792339 0.389173
SEG 8.9074922 16.368797 9.1792339 8.9710155 16.397721 10.778781 0.389173
SEG 8.9710155 16.397721 10.778781 9.1100143 16.386165 12.51923 0.389173
SEG 9.1100143 16.386165 12.51923 9.0120157 16.424561 13.725542 0.389173
SEG 9.0120157 16.424561 13.725542 9.0068603 16.42771 15.128138 0.389173
SEG 9.0068603 16.42771 15.128138 9.1214513 16.405449 16.654496 0.389173
SEG 9.1214513 16.405449 16.654496 8.9672615 16.420804 17.818501 0.389173
SEG 8.9672615 16.420804 17.818501 8.9373503 16.412586 19.140726 0.389173
SEG 8.9373503 16.412586 19.140726 9.0480876 16.388232 20.548307 0.389173
SEG 9.0480876 16.388232 20.548307 8.8637882 16.389704 21.772019 0.389173
SEG 8.8637882 16.389704 21.772019 8.8216388 16.375988 23.091016 0.389173
SEG 8.8216388 16.375988 23.091016 8.7766365 16.361346 24.417274 0.389173
SEG 8.7766365 16.361346 24.417274 8.7290731 16.346175 25.75928 0.389173
SEG 8.7290731 16.346175 25.75928 8.6798753 16.331088 27.109895 0.389173
SEG 8.6798753 16.331088 27.109895 8.6298183 16.316616 28.473195 0.389173
SEG 8.6298183 16.316616 28.473195 8.5803058 16.30338 29.84951 0.389173
SEG 8.5803058 16.30338 29.84951 8.5334815 16.291976 31.238247 0.389173
SEG 8.5334815 16.291976 31.238247 8.49245 16.282899 32.637387 0.389173
SEG 8.49245 16.282899 32.637387 8.4611795 16.276425 34.042634 0.389173
SEG 8.4611795 16.276425 34.042634 8.4435168 16.272502 35.439543 0.389173
SEG 8.4435168 16.272502 35.439543 8.4401258 16.270631 36.810779 0.389173
SEG 8.4401258 16.270631 36.810779 8.4461478 16.270049 38.132425 0.389173
SEG 8.4461478 16.270049 38.132425 8.4577608 16.571816 39.269408 0.389173
SEG 16.053327 7.9222546 1.9183859 16.172896 8.3379673 3.8562528 0.389173
SEG 16.172896 8.3379673 3.8562528 16.262015 8.6187155 5.732436 0.389173
SEG 16.262015 8.6187155 5.732436 16.237654 8.7220439 7.707161 0.389173
SEG 16.237654 8.7220439 7.707161 16.368797 8.9074922 9.1792339 0.389173
SEG 16.368797 8.9074922 9.1792339 16.397721 8.9710155 10.778781 0.389173
SEG 16.397721 8.9710155 10.778781 16.4152 9.0021353 12.279146 0.389173
SEG 16.4152 9.0021353 12.279146 16.424561 9.0120157 13.725542 0.389173
SEG 16.424561 9.0120157 13.725542 16.42771 9.0068603 15.128138 0.389173
SEG 16.42771 9.0068603 15.128138 16.426021 8.9344917 16.651541 0.389173
SEG 16.426021 8.9344917 16.651541 16.420804 8.9672615 17.818501 0.389173
SEG 16.420804 8.9672615 17.818501 16.412586 8.9373503 19.140726 0.389173
SEG 16.412586 8.9373503 19.140726 16.3912 9.039645 20.548118 0.389173
SEG 16.3912 9.039645 20.548118 16.389704 8.8637882 21.772019 0.389173
SEG 16.389704 8.8637882 21.772019 16.375988 8.8216388 23.091016 0.389173
SEG 16.375988 8.8216388 23.091016 16.361346 8.7766365 24.417274 0.389173
SEG 16.361346 8.7766365 24.417274 16.346175 8.7290731 25.75928 0.389173
SEG 16.346175 8.7290731 25.75928 16.331088 8.6798753 27.109895 0.389173
SEG 16.331088 8.6798753 27.109895 16.474728 8.5883138 28.640873 0.389173
SEG 16.474728 8.5883138 28.640873 16.30338 8.5803058 29.84951 0.389173
SEG 16.30338 8.5803058 29.84951 16.291976 8.5334815 31.238247 0.389173
SEG 16.291976 8.5334815 31.238247 16.282899 8.49245 32.637387 0.389173
SEG 16.282899 8.49245 32.637387 16.276425 8.4611795 34.042634 0.389173
SEG 16.276425 8.4611795 34.042634 16.272502 8.4435168 35.439543 0.389173
SEG 16.272502 8.4435168 35.439543 16.25492 8.5420361 36.882931 0.389173
SEG 16.25492 8.5420361 36.882931 16.270049 8.4461478 38.132425 0.389173
SEG 16.270049 8.4461478 38.132425 16.196697 8.4194843 39.276606 0.389173
SEG 7.616797 7.616797 1.3071131 8.009038 8.009038 3.1000045 0.389974
SEG 8.009038 8.009038 3.1000045 8.3014495 8.3014495 4.930621 0.389974
SEG 8.3014495 8.3014495 4.930621 8.4136197 8.5349616 6.4614321 0.389974
SEG 8.4136197 8.5349616 6.4614321 8.6189096 8.6189096 8.2533364 0.389974
SEG 8.6189096 8.6189096 8.2533364 8.6946799 8.6946799 9.7272578 0.389974
SEG 8.6946799 8.6946799 9.7272578 8.740273 8.740273 11.144753 0.389974
SEG 8.740273 8.740273 11.144753 8.7642224 8.7642224 12.520652 0.389974
SEG 8.7642224 8.7642224 12.520652 8.6829543 8.8417389 13.58521 0.389974
SEG 8.6829543 8.8417389 13.58521 8.7682852 8.7682852 15.190744 0.389974
SEG 8.7682852 8.7682852 15.190744 8.7551993 8.7551993 16.501015 0.389974
SEG 8.7551993 8.7551993 16.501015 8.735008 8.735008 17.802688 0.389974
SEG 8.735008 8.735008 17.802688 8.7091688 8.7091688 19.10144 0.389974
SEG 8.7091688 8.7091688 19.10144 8.6788055 8.6788055 20.399009 0.389974
SEG 8.6788055 8.6788055 20.399009 8.6447455 8.6447455 21.697309 0.389974
SEG 8.6447455 8.6447455 21.697309 8.6076136 8.6076136 22.998141 0.389974
SEG 8.6076136 8.6076136 22.998141 8.5678959 8.5678959 24.303397 0.389974
SEG 8.5678959 8.5678959 24.303397 8.5260055 8.5260055 25.61524 0.389974
SEG 8.5260055 8.5260055 25.61524 8.4823645 8.4823645 26.936234 0.389974
SEG 8.4823645 8.4823645 26.936234 8.4372727 8.4372727 28.276774 0.389974
SEG 8.4372727 8.4372727 28.276774 8.3917927 8.3917927 29.634655 0.389974
SEG 8.3917927 8.3917927 29.634655 8.3474208 8.3474208 31.013131 0.389974
SEG 8.3474208 8.3474208 31.013131 8.3067506 8.3067506 32.414092 0.389974
SEG 8.3067506 8.3067506 32.414092 8.2736389 8.2736389 33.836049 0.389974
SEG 8.2736389 8.2736389 33.836049 8.0694167 8.1319808 35.255332 0.389974
SEG 8.0694167 8.1319808 35.255332 8.246525 8.246525 36.687616 0.389974
SEG 8.246525 8.246525 36.687616 8.2513627 8.2513627 38.047045 0.389974
SEG 8.2513627 8.2513627 38.047045 8.0626504 8.1891193 39.311728 0.389974
SEG 16.264704 13.291128 12.71866 16.271975 13.30102 14.14531 0.281884
SEG 16.271975 13.30102 14.14531 16.273118 13.300421 15.532031 0.281884
SEG 16.273118 13.300421 15.532031 16.269572 13.291934 16.879104 0.281884
SEG 16.269572 13.291934 16.879104 16.262333 13.27727 18.211944 0.281884
SEG 16.262333 13.27727 18.211944 16.252121 13.257647 19.538814 0.281884
SEG 16.252121 13.257647 19.538814 16.025896 13.170247 20.805777 0.281884
SEG 16.025896 13.170247 20.805777 16.225028 13.207163 22.198017 0.281884
SEG 16.225028 13.207163 22.198017 16.20912 13.177791 23.540849 0.281884
SEG 16.20912 13.177791 23.540849 16.192315 13.146685 24.895931 0.281884
SEG 16.192315 13.146685 24.895931 16.175112 13.114588 26.269814 0.281884
SEG 16.175112 13.114588 26.269814 16.158244 13.08272 27.655477 0.281884
SEG 16.158244 13.08272 27.655477 16.14245 13.05239 29.049888 0.281884
SEG 16.14245 13.05239 29.049888 16.128494 13.025109 30.44822 0.281884
SEG 16.128494 13.025109 30.44822 16.117047 13.002402 31.843686 0.281884
SEG 16.117047 13.002402 31.843686 16.108566 12.985534 33.217707 0.281884
SEG 16.108566 12.985534 33.217707 16.103007 12.9748 34.563645 0.281884
SEG 16.103007 12.9748 34.563645 16.099957 12.96957 35.869682 0.281884
SEG 16.099957 12.96957 35.869682 16.098696 12.968293 37.12527 0.281884
SEG 16.098696 12.968293 37.12527 16.098421 12.968981 38.323467 0.281884
SEG 16.098421 12.968981 38.323467 16.098476 12.969863 39.463078 0.281884
SEG 19.824947 9.5184966 0.8793233 19.831096 9.9416255 2.8223822 0.279869
SEG 19.831096 9.9416255 2.8223822 19.835752 10.241331 4.7074151 0.279869
SEG 19.835752 10.241331 4.7074151 19.655039 10.443212 6.5347253 0.279869
SEG 19.655039 10.443212 6.5347253 19.726677 10.407149 7.8784494 0.279869
SEG 19.726677 10.407149 7.8784494 19.843157 10.660785 9.7850999 0.279869
SEG 19.843157 10.660785 9.7850999 19.844227 10.709948 11.298713 0.279869
SEG 19.844227 10.709948 11.298713 19.755806 10.56113 12.65875 0.279869
SEG 19.755806 10.56113 12.65875 19.845208 10.742942 14.16669 0.279869
SEG 19.845208 10.742942 14.16669 19.845287 10.738018 15.54169 0.279869
SEG 19.845287 10.738018 15.54169 19.791905 10.505133 16.812696 0.279869
SEG 19.791905 10.505133 16.812696 19.844902 10.701909 18.209173 0.279869
SEG 19.844902 10.701909 18.209173 19.844506 10.674278 19.531717 0.279869
SEG 19.844506 10.674278 19.531717 19.785686 10.723677 20.734936 0.279869
SEG 19.785686 10.723677 20.734936 19.843437 10.605484 22.183161 0.279869
SEG 19.843437 10.605484 22.183161 19.842805 10.565922 23.520094 0.279869
SEG 19.842805 10.565922 23.520094 19.802963 10.631578 24.658982 0.279869
SEG 19.802963 10.631578 24.658982 19.84146 10.480215 26.229379 0.279869
SEG 19.84146 10.480215 26.229379 19.840794 10.435763 27.609118 0.279869
SEG 19.840794 10.435763 27.609118 19.840171 10.392187 28.999466 0.279869
SEG 19.840171 10.392187 28.999466 19.839621 10.351418 30.397105 0.279869
SEG 19.839621 10.351418 30.397105 19.839166 10.315919 31.796672 0.279869
SEG 19.839166 10.315919 31.796672 19.767701 10.248263 33.099204 0.279869
SEG 19.767701 10.248263 33.099204 19.838594 10.270529 34.545303 0.279869
SEG 19.838594 10.270529 34.545303 19.838459 10.262584 35.867848 0.279869
SEG 19.838459 10.262584 35.867848 19.838395 10.262309 37.134657 0.279869
SEG 19.838395 10.262309 37.134657 19.838371 10.265701 38.333928 0.279869
SEG 19.838371 10.265701 38.333928 19.838366 10.268688 39.46376 0.279869
SEG 13.404119 16.017907 12.717693 13.30102 16.271975 14.14531 0.281884
SEG 13.30102 16.271975 14.14531 13.300421 16.273118 15.532031 0.281884
SEG 13.300421 16.273118 15.532031 13.205361 15.923065 17.021664 0.281884
SEG 13.205361 15.923065 17.021664 13.27727 16.262333 18.211944 0.281884
SEG 13.27727 16.262333 18.211944 13.257647 16.252121 19.538814 0.281884
SEG 13.257647 16.252121 19.538814 13.143271 15.925381 20.929064 0.281884
SEG 13.143271 15.925381 20.929064 13.207163 16.225028 22.198017 0.281884
SEG 13.207163 16.225028 22.198017 13.177791 16.20912 23.540849 0.281884
SEG 13.177791 16.20912 23.540849 13.146685 16.192315 24.895931 0.281884
SEG 13.146685 16.192315 24.895931 13.278643 16.07457 26.161715 0.281884
SEG 13.278643 16.07457 26.161715 13.08272 16.158244 27.655477 0.281884
SEG 13.08272 16.158244 27.655477 13.05239 16.14245 29.049888 0.281884
SEG 13.05239 16.14245 29.049888 13.025109 16.128494 30.44822 0.281884
SEG 13.025109 16.128494 30.44822 13.002402 16.117047 31.843686 0.281884
SEG 13.002402 16.117047 31.843686 12.985534 16.108566 33.217707 0.281884
SEG 12.985534 16.108566 33.217707 12.9748 16.103007 34.563645 0.281884
SEG 12.9748 16.103007 34.563645 12.96957 16.099957 35.869682 0.281884
SEG 12.96957 16.099957 35.869682 12.968293 16.098696 37.12527 0.281884
SEG 12.968293 16.098696 37.12527 12.968981 16.098421 38.323467 0.281884
SEG 12.968981 16.098421 38.323467 12.969863 16.098476 39.463078 0.281884
SEG 9.5184966 19.824947 0.8793233 9.9416255 19.831096 2.8223822 0.279869
SEG 9.9416255 19.831096 2.8223822 10.241331 19.835752 4.7074151 0.279869
SEG 10.241331 19.835752 4.7074151 10.44405 19.839129 6.4948185 0.279869
SEG 10.44405 19.839129 6.4948185 10.406835 19.723837 7.8785142 0.279869
SEG 10.406835 19.723837 7.8785142 10.660785 19.843157 9.7850999 0.279869
SEG 10.660785 19.843157 9.7850999 10.709948 19.844227 11.298713 0.279869
SEG 10.709948 19.844227 11.298713 11.045083 19.756544 12.652743 0.279869
SEG 11.045083 19.756544 12.652743 10.742942 19.845208 14.16669 0.279869
SEG 10.742942 19.845208 14.16669 10.738018 19.845287 15.54169 0.279869
SEG 10.738018 19.845287 15.54169 10.508031 19.769031 16.812728 0.279869
SEG 10.508031 19.769031 16.812728 10.701909 19.844902 18.209173 0.279869
SEG 10.701909 19.844902 18.209173 10.674278 19.844506 19.531717 0.279869
SEG 10.674278 19.844506 19.531717 10.479823 19.767016 20.728654 0.279869
SEG 10.479823 19.767016 20.728654 10.605484 19.843437 22.183161 0.279869
SEG 10.605484 19.843437 22.183161 10.565922 19.842805 23.520094 0.279869
SEG 10.565922 19.842805 23.520094 10.349908 19.787791 24.716149 0.279869
SEG 10.349908 19.787791 24.716149 10.480215 19.84146 26.229379 0.279869
SEG 10.480215 19.84146 26.229379 10.435763 19.840794 27.609118 0.279869
SEG 10.435763 19.840794 27.609118 10.392187 19.840171 28.999466 0.279869
SEG 10.392187 19.840171 28.999466 10.351418 19.839621 30.397105 0.279869
SEG 10.351418 19.839621 30.397105 10.315919 19.839166 31.796672 0.279869
SEG 10.315919 19.839166 31.796672 10.25434 19.750716 33.099308 0.279869
SEG 10.25434 19.750716 33.099308 10.270529 19.838594 34.545303 0.279869
SEG 10.270529 19.838594 34.545303 10.262584 19.838459 35.867848 0.279869
SEG 10.262584 19.838459 35.867848 10.058726 19.790184 37.044058 0.279869
SEG 10.058726 19.790184 37.044058 10.265701 19.838371 38.333928 0.279869
SEG 20.839541 3.3297936 0.86566796 20.613092 4.2033272 2.7681016 0.390974
SEG 20.613092 4.2033272 2.7681016 20.599418 4.5852423 4.5273493 0.390974
SEG 20.599418 4.5852423 4.5273493 20.588657 4.8156542 6.220977 0.390974
SEG 20.588657 4.8156542 6.220977 20.580431 4.9505263 7.8562621 0.390974
SEG 20.580431 4.9505263 7.8562621 20.580318 5.292955 9.2159516 0.390974
SEG 20.580318 5.292955 9.2159516 20.570286 5.0588862 10.929333 0.390974
SEG 20.570286 5.0588862 10.929333 20.567586 5.0687369 12.400856 0.390974
SEG 20.567586 5.0687369 12.400856 20.566081 5.0619941 13.839639 0.390974
SEG 20.566081 5.0619941 13.839639 20.565544 5.0442326 15.238232 0.390974
SEG 20.565544 5.0442326 15.238232 20.565773 5.0189151 16.615581 0.390974
SEG 20.565773 5.0189151 16.615581 20.566612 4.9883632 17.975849 0.390974
SEG 20.566612 4.9883632 17.975849 20.567944 4.9538 19.331351 0.390974
SEG 20.567944 4.9538 19.331351 20.569654 4.9163512 20.675587 0.390974
SEG 20.569654 4.9163512 20.675587 20.571641 4.8766595 22.007618 0.390974
SEG 20.571641 4.8766595 22.007618 20.573822 4.834852 23.333944 0.390974
SEG 20.573822 4.834852 23.333944 20.576116 4.7909749 24.655998 0.390974
SEG 20.576116 4.7909749 24.655998 20.57844 4.7449198 25.974803 0.390974
SEG 20.57844 4.7449198 25.974803 20.427154 4.8243303 27.492843 0.390974
SEG 20.427154 4.8243303 27.492843 20.582847 4.6453121 28.605417 0.390974
SEG 20.582847 4.6453121 28.605417 20.584779 4.5912252 29.918648 0.390974
SEG 20.584779 4.5912252 29.918648 20.586441 4.5339822 31.232304 0.390974
SEG 20.586441 4.5339822 31.232304 20.587793 4.4737294 32.549369 0.390974
SEG 20.587793 4.4737294 32.549369 20.58882 4.4113945 33.882202 0.390974
SEG 20.58882 4.4113945 33.882202 20.589527 4.3516168 35.235564 0.390974
SEG 20.589527 4.3516168 35.235564 20.589944 4.3077154 36.586946 0.390974
SEG 20.589944 4.3077154 36.586946 20.590156 4.2997461 37.968519 0.390974
SEG 20.590156 4.2997461 37.968519 20.590237 4.3229893 39.306791 0.390974
SEG 25.972246 1.0958958 1.2742211 25.988195 1.1392516 2.3127152 0.360611
SEG 25.988195 1.1392516 2.3127152 25.88214 1.3425224 3.7838324 0.360611
SEG 25.88214 1.3425224 3.7838324 25.779039 1.4556264 5.3309517 0.360611
SEG 25.779039 1.4556264 5.3309517 25.690101 1.5148769 6.9096009 0.360611
SEG 25.690101 1.5148769 6.9096009 25.620057 1.541652 8.4900851 0.360611
SEG 25.620057 1.541652 8.4900851 25.568688 1.5491766 10.072598 0.360611
SEG 25.568688 1.5491766 10.072598 25.534902 1.5452993 11.627733 0.360611
SEG 25.534902 1.5452993 11.627733 25.515691 1.5349865 13.158825 0.360611
SEG 25.515691 1.5349865 13.158825 25.508334 1.5212457 14.651134 0.360611
SEG 25.508334 1.5212457 14.651134 25.510182 1.5056576 16.117909 0.360611
SEG 25.510182 1.5056576 16.117909 25.519146 1.4891732 17.560318 0.360611
SEG 25.519146 1.4891732 17.560318 25.53343 1.4724115 18.969132 0.360611
SEG 25.53343 1.4724115 18.969132 25.551743 1.4554639 20.35752 0.360611
SEG 25.551743 1.4554639 20.35752 25.57294 1.4383825 21.726844 0.360611
SEG 25.57294 1.4383825 21.726844 25.596061 1.421104 23.07809 0.360611
SEG 25.596061 1.421104 23.07809 25.62025 1.403486 24.411732 0.360611
SEG 25.62025 1.403486 24.411732 25.868581 1.3330593 25.641118 0.360611
SEG 25.868581 1.3330593 25.641118 25.668234 1.3666511 27.00437 0.360611
SEG 25.668234 1.3666511 27.00437 25.690635 1.3467547 28.268453 0.360611
SEG 25.690635 1.3467547 28.268453 25.710994 1.3253864 29.506747 0.360611
SEG 25.710994 1.3253864 29.506747 25.728676 1.3020924 30.713587 0.360611
SEG 25.728676 1.3020924 30.713587 25.743224 1.2763317 31.881124 0.360611
SEG 25.743224 1.2763317 31.881124 25.754453 1.2474793 32.999112 0.360611
SEG 25.754453 1.2474793 32.999112 25.842355 1.2601307 34.025149 0.360611
SEG 29.534844 5.4730138 5.5765923 29.40982 5.6245296 7.0593389 0.315592
SEG 29.40982 5.6245296 7.0593389 29.317506 5.720669 8.5255925 0.315592
SEG 29.317506 5.720669 8.5255925 29.253534 5.7767739 9.9486719 0.315592
SEG 29.253534 5.7767739 9.9486719 29.212061 5.805204 11.32536 0.315592
SEG 29.212061 5.805204 11.32536 29.196191 5.8869124 12.980118 0.315592
SEG 29.196191 5.8869124 12.980118 29.177 5.8105376 14.021646 0.315592
SEG 29.177 5.8105376 14.021646 29.177205 5.796534 15.350691 0.315592
SEG 29.177205 5.796534 15.350691 28.952987 5.8218089 16.662399 0.315592
SEG 28.952987 5.8218089 16.662399 29.201966 5.748765 17.98623 0.315592
SEG 29.201966 5.748765 17.98623 29.223408 5.718097 19.297007 0.315592
SEG 29.223408 5.718097 19.297007 29.249359 5.6841183 20.607621 0.315592
SEG 29.249359 5.6841183 20.607621 29.27883 5.6474516 21.915865 0.315592
SEG 29.27883 5.6474516 21.915865 29.311036 5.6083722 23.223483 0.315592
SEG 29.311036 5.6083722 23.223483 29.345253 5.5669807 24.531295 0.315592
SEG 29.345253 5.5669807 24.531295 29.353349 5.3610308 25.709351 0.315592
SEG 29.353349 5.3610308 25.709351 29.416718 5.4770467 27.147627 0.315592
SEG 29.416718 5.4770467 27.147627 29.452352 5.4280398 28.460157 0.315592
SEG 29.452352 5.4280398 28.460157 29.486576 5.3759382 29.780561 0.315592
SEG 29.486576 5.3759382 29.780561 29.518026 5.3207025 31.112738 0.315592
SEG 29.518026 5.3207025 31.112738 29.545033 5.2630824 32.461112 0.315592
SEG 29.545033 5.2630824 32.461112 29.565746 5.2057288 33.830026 0.315592
SEG 29.565746 5.2057288 33.830026 29.578667 5.1549563 35.232629 0.315592
SEG 29.578667 5.1549563 35.232629 29.639518 4.9563914 36.518452 0.315592
SEG 29.639518 4.9563914 36.518452 29.582284 5.1268631 38.040471 0.315592
SEG 29.582284 5.1268631 38.040471 29.580071 5.1452508 39.337035 0.315592
SEG 33.365017 0.528296 17.242609 33.395656 0.52291322 18.662346 0.263063
SEG 33.395656 0.52291322 18.662346 33.430472 0.51761227 20.042116 0.263063
SEG 33.430472 0.51761227 20.042116 33.468314 0.51235758 21.392512 0.263063
SEG 33.468314 0.51235758 21.392512 33.508172 0.50713274 22.711425 0.263063
SEG 33.508172 0.50713274 22.711425 33.549328 0.50190123 23.996728 0.263063
SEG 33.549328 0.50190123 23.996728 33.625107 0.50248669 25.277798 0.263063
SEG 33.625107 0.50248669 25.277798 33.633525 0.49119381 26.457636 0.263063
SEG 33.633525 0.49119381 26.457636 33.675741 0.48557 27.628393 0.263063
SEG 33.675741 0.48557 27.628393 33.848799 0.51311868 28.973358 0.263063
SEG 33.848799 0.51311868 28.973358 33.758271 0.4732908 29.838103 0.263063
SEG 33.758271 0.4732908 29.838103 33.798087 0.46627836 30.887324 0.263063
SEG 33.798087 0.46627836 30.887324 33.905702 0.50198194 31.989591 0.263063
SEG 33.905702 0.50198194 31.989591 33.757021 0.44373863 32.880324 0.263063
SEG 33.757021 0.44373863 32.880324 33.909177 0.43568897 34.035205 0.263063
SEG 33.909177 0.43568897 34.035205 33.937022 0.41943203 35.08471 0.263063
SEG 33.937022 0.41943203 35.08471 33.99269 0.40187478 35.932827 0.263063
SEG 39.505155 1.1225371 24.620876 39.510042 1.1114938 25.781534 0.286202
SEG 39.510042 1.1114938 25.781534 39.346382 1.1484989 27.046791 0.286202
SEG 39.346382 1.1484989 27.046791 39.520212 1.0885062 28.014142 0.286202
SEG 39.520212 1.0885062 28.014142 39.525502 1.0765556 29.064061 0.286202
SEG 39.525502 1.0765556 29.064061 39.531266 1.063547 30.113964 0.286202
SEG 39.531266 1.063547 30.113964 39.537675 1.0491112 31.163845 0.286202
SEG 39.537675 1.0491112 31.163845 39.54496 1.0327543 32.213693 0.286202
SEG 39.54496 1.0327543 32.213693 39.553484 1.0137138 33.263485 0.286202
SEG 39.553484 1.0137138 33.263485 39.563857 0.99075062 34.313183 0.286202
SEG 39.563857 0.99075062 34.313183 39.577048 0.96195657 35.362705 0.286202
SEG 39.577048 0.96195657 35.362705 39.594941 0.92391058 36.411863 0.286202
SEG 39.594941 0.92391058 36.411863 39.622531 0.87051586 37.460142 0.286202
SEG 39.622531 0.87051586 37.460142 39.675332 0.7945804 38.50606 0.286202
SEG 3.1288955 20.769829 0.82518667 4.2033272 20.613092 2.7681016 0.390974
SEG 4.2033272 20.613092 2.7681016 4.5852423 20.599418 4.5273493 0.390974
SEG 4.5852423 20.599418 4.5273493 4.8156542 20.588657 6.220977 0.390974
SEG 4.8156542 20.588657 6.220977 4.9505263 20.580431 7.8562621 0.390974
SEG 4.9505263 20.580431 7.8562621 4.9154062 20.594721 9.150787 0.390974
SEG 4.9154062 20.594721 9.150787 5.0588862 20.570286 10.929333 0.390974
SEG 5.0588862 20.570286 10.929333 5.0687369 20.567586 12.400856 0.390974
SEG 5.0687369 20.567586 12.400856 5.0619941 20.566081 13.839639 0.390974
SEG 5.0619941 20.566081 13.839639 5.0442326 20.565544 15.238232 0.390974
SEG 5.0442326 20.565544 15.238232 5.0189151 20.565773 16.615581 0.390974
SEG 5.0189151 20.565773 16.615581 4.9883632 20.566612 17.975849 0.390974
SEG 4.9883632 20.566612 17.975849 4.9538 20.567944 19.331351 0.390974
SEG 4.9538 20.567944 19.331351 4.9163512 20.569654 20.675587 0.390974
SEG 4.9163512 20.569654 20.675587 4.8766595 20.571641 22.007618 0.390974
SEG 4.8766595 20.571641 22.007618 4.834852 20.573822 23.333944 0.390974
SEG 4.834852 20.573822 23.333944 4.7909749 20.576116 24.655998 0.390974
SEG 4.7909749 20.576116 24.655998 4.7449198 20.57844 25.974803 0.390974
SEG 4.7449198 20.57844 25.974803 4.6964571 20.58071 27.291075 0.390974
SEG 4.6964571 20.58071 27.291075 4.6890307 20.193412 28.330368 0.390974
SEG 4.6890307 20.193412 28.330368 4.5912252 20.584779 29.918648 0.390974
SEG 4.5912252 20.584779 29.918648 4.5339822 20.586441 31.232304 0.390974
SEG 4.5339822 20.586441 31.232304 4.3106288 20.626055 32.456034 0.390974
SEG 4.3106288 20.626055 32.456034 4.4113945 20.58882 33.882202 0.390974
SEG 4.4113945 20.58882 33.882202 4.3516168 20.589527 35.235564 0.390974
SEG 4.3516168 20.589527 35.235564 4.3077154 20.589944 36.586946 0.390974
SEG 4.3077154 20.589944 36.586946 4.2997461 20.590156 37.968519 0.390974
SEG 4.2997461 20.590156 37.968519 4.4563599 20.342337 39.144941 0.390974
SEG 1.1392516 25.988195 2.3127152 1.3425224 25.88214 3.7838324 0.360611
SEG 1.3425224 25.88214 3.7838324 1.4556264 25.779039 5.3309517 0.360611
SEG 1.4556264 25.779039 5.3309517 1.5148769 25.690101 6.9096009 0.360611
SEG 1.5148769 25.690101 6.9096009 1.541652 25.620057 8.4900851 0.360611
SEG 1.541652 25.620057 8.4900851 1.5491766 25.568688 10.072598 0.360611
SEG 1.5491766 25.568688 10.072598 1.5452993 25.534902 11.627733 0.360611
SEG 1.5452993 25.534902 11.627733 1.5349865 25.515691 13.158825 0.360611
SEG 1.5349865 25.515691 13.158825 1.5212457 25.508334 14.651134 0.360611
SEG 1.5212457 25.508334 14.651134 1.5056576 25.510182 16.117909 0.360611
SEG 1.5056576 25.510182 16.117909 1.4891732 25.519146 17.560318 0.360611
SEG 1.4891732 25.519146 17.560318 1.4724115 25.53343 18.969132 0.360611
SEG 1.4724115 25.53343 18.969132 1.4554639 25.551743 20.35752 0.360611
SEG 1.4554639 25.551743 20.35752 1.4383825 25.57294 21.726844 0.360611
SEG 1.4383825 25.57294 21.726844 1.421104 25.596061 23.07809 0.360611
SEG 1.421104 25.596061 23.07809 1.403486 25.62025 24.411732 0.360611
SEG 1.403486 25.62025 24.411732 1.3854521 25.644524 25.718387 0.360611
SEG 1.3854521 25.644524 25.718387 1.3666511 25.668234 27.00437 0.360611
SEG 1.3666511 25.668234 27.00437 1.3467547 25.690635 28.268453 0.360611
SEG 1.3467547 25.690635 28.268453 1.3253864 25.710994 29.506747 0.360611
SEG 1.3253864 25.710994 29.506747 1.3020924 25.728676 30.713587 0.360611
SEG 1.3020924 25.728676 30.713587 1.2763317 25.743224 31.881124 0.360611
SEG 1.2763317 25.743224 31.881124 1.2474793 25.754453 32.999112 0.360611
SEG 1.2474793 25.754453 32.999112 1.1471838 25.852595 34.658849 0.360611
SEG 1.1471838 25.852595 34.658849 1.1232443 25.771504 36.146518 0.360611
SEG 1.1232443 25.771504 36.146518 1.0522219 25.773247 37.194112 0.360611
SEG 5.7764827 29.064592 16.915344 5.748765 29.201966 17.98623 0.315592
SEG 5.748765 29.201966 17.98623 5.718097 29.223408 19.297007 0.315592
SEG 5.718097 29.223408 19.297007 5.6209466 29.061962 20.805868 0.315592
SEG 5.6209466 29.061962 20.805868 5.4678726 29.157705 21.91543 0.315592
SEG 5.4678726 29.157705 21.91543 5.6083722 29.311036 23.223483 0.315592
SEG 5.6083722 29.311036 23.223483 5.5669807 29.345253 24.531295 0.315592
SEG 5.5669807 29.345253 24.531295 5.5232355 29.380757 25.83975 0.315592
SEG 5.5232355 29.380757 25.83975 5.4770467 29.416718 27.147627 0.315592
SEG 5.4770467 29.416718 27.147627 5.4280398 29.452352 28.460157 0.315592
SEG 5.4280398 29.452352 28.460157 5.3759382 29.486576 29.780561 0.315592
SEG 5.3759382 29.486576 29.780561 5.3207025 29.518026 31.112738 0.315592
SEG 5.3207025 29.518026 31.112738 5.2630824 29.545033 32.461112 0.315592
SEG 5.2630824 29.545033 32.461112 5.2057288 29.565746 33.830026 0.315592
SEG 5.2057288 29.565746 33.830026 5.1549563 29.578667 35.232629 0.315592
SEG 5.1549563 29.578667 35.232629 5.1246393 29.583334 36.647583 0.315592
SEG 5.1246393 29.583334 36.647583 5.1268631 29.582284 38.040471 0.315592
SEG 5.1268631 29.582284 38.040471 5.339017 29.424451 39.516329 0.315592
SEG 0.49926361 33.946643 3.8299348 0.48342822 33.635024 5.2173863 0.263063
SEG 0.48342822 33.635024 5.2173863 0.54417719 33.570995 6.7833403 0.263063
SEG 0.54417719 33.570995 6.7833403 0.54965804 33.456018 8.3002334 0.263063
SEG 0.54965804 33.456018 8.3002334 0.55005836 33.382301 9.8215024 0.263063
SEG 0.55005836 33.382301 9.8215024 0.5476506 33.34105 11.336774 0.263063
SEG 0.5476506 33.34105 11.336774 0.54366532 33.3245 12.842301 0.263063
SEG 0.54366532 33.3245 12.842301 0.53884372 33.326169 14.33405 0.263063
SEG 0.53884372 33.326169 14.33405 0.53364979 33.340917 15.799019 0.263063
SEG 0.53364979 33.340917 15.799019 0.528296 33.365017 17.242609 0.263063
SEG 0.528296 33.365017 17.242609 0.52291322 33.395656 18.662346 0.263063
SEG 0.52291322 33.395656 18.662346 0.51761227 33.430472 20.042116 0.263063
SEG 0.51761227 33.430472 20.042116 0.51235758 33.468314 21.392512 0.263063
SEG 0.51235758 33.468314 21.392512 0.50713274 33.508172 22.711425 0.263063
SEG 0.50713274 33.508172 22.711425 0.50190123 33.549328 23.996728 0.263063
SEG 0.50190123 33.549328 23.996728 0.45681635 33.644912 25.47014 0.263063
SEG 0.45681635 33.644912 25.47014 0.49119381 33.633525 26.457636 0.263063
SEG 0.49119381 33.633525 26.457636 0.48557 33.675741 27.628393 0.263063
SEG 0.48557 33.675741 27.628393 0.47964425 33.717463 28.755434 0.263063
SEG 0.47964425 33.717463 28.755434 0.4732908 33.758271 29.838103 0.263063
SEG 0.4732908 33.758271 29.838103 0.46627836 33.798087 30.887324 0.263063
SEG 0.46627836 33.798087 30.887324 0.45806271 33.837414 31.936555 0.263063
SEG 0.45806271 33.837414 31.936555 0.45843624 33.920185 32.862771 0.263063
SEG 0.45843624 33.920185 32.862771 0.43568897 33.909177 34.035205 0.263063
SEG 0.43568897 33.909177 34.035205 0.41943203 33.937022 35.08471 0.263063
SEG 0.41943203 33.937022 35.08471 0.40474557 34.041152 35.948821 0.263063
SEG 0.98423069 39.611463 3.7904917 1.1405766 39.490521 5.0738484 0.286202
SEG 1.1405766 39.490521 5.0738484 1.1830735 39.473964 6.600423 0.286202
SEG 1.1830735 39.473964 6.600423 1.2062868 39.465273 8.2209352 0.286202
SEG 1.2062868 39.465273 8.2209352 1.2155314 39.462212 9.8634772 0.286202
SEG 1.2155314 39.462212 9.8634772 1.215839 39.462739 11.508359 0.286202
SEG 1.215839 39.462739 11.508359 1.2105875 39.465486 13.133069 0.286202
SEG 1.2105875 39.465486 13.133069 1.202033 39.469542 14.735635 0.286202
SEG 1.202033 39.469542 14.735635 1.191703 39.474286 16.294676 0.286202
SEG 1.191703 39.474286 16.294676 1.1804028 39.479396 17.818578 0.286202
SEG 1.1804028 39.479396 17.818578 1.1686547 39.484664 19.30265 0.286202
SEG 1.1686547 39.484664 19.30265 1.1569649 39.489878 20.717859 0.286202
SEG 1.1569649 39.489878 20.717859 1.145328 39.495052 22.080416 0.286202
SEG 1.145328 39.495052 22.080416 1.1338336 39.500151 23.383974 0.286202
SEG 1.1338336 39.500151 23.383974 1.1225371 39.505155 24.620876 0.286202
SEG 1.1225371 39.505155 24.620876 0.91728406 39.595741 25.698521 0.286202
SEG 0.91728406 39.595741 25.698521 1.0998865 39.515177 26.942186 0.286202
SEG 1.0998865 39.515177 26.942186 1.0885062 39.520212 28.014142 0.286202
SEG 1.0885062 39.520212 28.014142 1.0765556 39.525502 29.064061 0.286202
SEG 1.0765556 39.525502 29.064061 1.063547 39.531266 30.113964 0.286202
SEG 1.063547 39.531266 30.113964 1.0491112 39.537675 31.163845 0.286202
SEG 1.0491112 39.537675 31.163845 1.0327543 39.54496 32.213693 0.286202
SEG 1.0327543 39.54496 32.213693 1.0137138 39.553484 33.263485 0.286202
SEG 1.0137138 39.553484 33.263485 0.99075062 39.563857 34.313183 0.286202
SEG 0.99075062 39.563857 34.313183 0.96195657 39.577048 35.362705 0.286202
SEG 0.96195657 39.577048 35.362705 0.92391058 39.594941 36.411863 0.286202
SEG 0.92391058 39.594941 36.411863 0.87051586 39.622531 37.460142 0.286202
SEG 0.87051586 39.622531 37.460142 1.010079 39.560053 38.785462 0.286202
SEG 2.206337 15.661651 0.34948537 2.67104 15.971705 1.6690022 0.357554
SEG 2.67104 15.971705 1.6690022 3.1106155 16.053674 3.2018465 0.357554
SEG 3.1106155 16.053674 3.2018465 3.3923634 16.127481 4.7836948 0.357554
SEG 3.3923634 16.127481 4.7836948 3.5606633 16.188467 6.3345135 0.357554
SEG 3.5606633 16.188467 6.3345135 3.7345592 16.215579 8.096163 0.357554
SEG 3.7345592 16.215579 8.096163 3.7103472 16.27518 9.4286861 0.357554
SEG 3.7103472 16.27518 9.4286861 3.7310746 16.301493 10.93723 0.357554
SEG 3.7310746 16.301493 10.93723 3.647875 16.509856 12.59404 0.357554
SEG 3.647875 16.509856 12.59404 3.7202189 16.32762 13.883254 0.357554
SEG 3.7202189 16.32762 13.883254 3.70028 16.330394 15.310515 0.357554
SEG 3.70028 16.330394 15.310515 3.7913351 16.589864 16.720417 0.357554
SEG 3.7913351 16.589864 16.720417 3.6464121 16.321868 18.105776 0.357554
SEG 3.6464121 16.321868 18.105776 3.6154268 16.312498 19.478072 0.357554
SEG 3.6154268 16.312498 19.478072 3.5828962 16.300812 20.829987 0.357554
SEG 3.5828962 16.300812 20.829987 3.5489618 16.287398 22.170443 0.357554
SEG 3.5489618 16.287398 22.170443 3.5136873 16.272831 23.500717 0.357554
SEG 3.5136873 16.272831 23.500717 3.4769529 16.257656 24.821633 0.357554
SEG 3.4769529 16.257656 24.821633 3.4384943 16.242394 26.133545 0.357554
SEG 3.4384943 16.242394 26.133545 3.178314 16.337785 27.157858 0.357554
SEG 3.178314 16.337785 27.157858 3.3548594 16.213662 28.729058 0.357554
SEG 3.3548594 16.213662 28.729058 3.3085398 16.201153 30.012316 0.357554
SEG 3.3085398 16.201153 30.012316 3.2583957 16.190462 31.280637 0.357554
SEG 3.2583957 16.190462 31.280637 3.2032259 16.181788 32.541035 0.357554
SEG 3.2032259 16.181788 32.541035 3.1418015 16.175217 33.799571 0.357554
SEG 3.1418015 16.175217 33.799571 3.0731568 16.170658 35.06968 0.357554
SEG 3.0731568 16.170658 35.06968 3.0041724 16.167998 36.293634 0.357554
SEG 3.0041724 16.167998 36.293634 2.9469144 16.166589 37.589309 0.357554
SEG 2.9469144 16.166589 37.589309 2.9358997 16.102601 39.285519 0.357554
SEG 8.2293205 12.159888 6.234335 8.4771077 12.414063 8.3414023 0.319107
SEG 8.4771077 12.414063 8.3414023 8.5472272 12.487988 9.593538 0.319107
SEG 8.5472272 12.487988 9.593538 8.5964768 12.53182 11.040747 0.319107
SEG 8.5964768 12.53182 11.040747 8.6214701 12.558228 12.442209 0.319107
SEG 8.6214701 12.558228 12.442209 8.6289173 12.571179 13.79421 0.319107
SEG 8.6289173 12.571179 13.79421 8.623649 12.573927 15.124505 0.319107
SEG 8.623649 12.573927 15.124505 8.6085204 12.568473 16.454717 0.319107
SEG 8.6085204 12.568473 16.454717 8.5858852 12.556449 17.770481 0.319107
SEG 8.5858852 12.556449 17.770481 8.5573921 12.539182 19.077966 0.319107
SEG 8.5573921 12.539182 19.077966 8.5242075 12.517715 20.382275 0.319107
SEG 8.5242075 12.517715 20.382275 8.4871432 12.49288 21.687635 0.319107
SEG 8.4871432 12.49288 21.687635 8.4468285 12.465429 22.99598 0.319107
SEG 8.4468285 12.465429 22.99598 8.403666 12.436003 24.311936 0.319107
SEG 8.403666 12.436003 24.311936 8.3354478 12.004248 25.794647 0.319107
SEG 8.3354478 12.004248 25.794647 8.3102105 12.373933 26.983692 0.319107
SEG 8.3102105 12.373933 26.983692 8.2609579 12.343021 28.3446 0.319107
SEG 8.2609579 12.343021 28.3446 8.2113789 12.313755 29.722016 0.319107
SEG 8.2113789 12.313755 29.722016 8.1633691 12.287612 31.116117 0.319107
SEG 8.1633691 12.287612 31.116117 8.1199686 12.26617 32.525235 0.319107
SEG 8.1199686 12.26617 32.525235 8.0854735 12.250786 33.944884 0.319107
SEG 8.0854735 12.250786 33.944884 8.064657 12.24206 35.362222 0.319107
SEG 8.064657 12.24206 35.362222 8.0596407 12.239112 36.756932 0.319107
SEG 8.0596407 12.239112 36.756932 8.0659088 12.239603 38.098871 0.319107
SEG 8.0659088 12.239603 38.098871 8.0734715 12.240788 39.352926 0.319107
SEG 15.661651 2.206337 0.34948537 15.971705 2.67104 1.6690022 0.357554
SEG 15.971705 2.67104 1.6690022 16.053674 3.1106155 3.2018465 0.357554
SEG 16.053674 3.1106155 3.2018465 16.260669 3.5072632 4.7428705 0.357554
SEG 16.260669 3.5072632 4.7428705 16.188467 3.5606633 6.3345135 0.357554
SEG 16.188467 3.5606633 6.3345135 16.220168 3.7185022 8.0553156 0.357554
SEG 16.220168 3.7185022 8.0553156 16.27518 3.7103472 9.4286861 0.357554
SEG 16.27518 3.7103472 9.4286861 16.301493 3.7310746 10.93723 0.357554
SEG 16.301493 3.7310746 10.93723 16.476129 3.8293911 12.570547 0.357554
SEG 16.476129 3.8293911 12.570547 16.32762 3.7202189 13.883254 0.357554
SEG 16.32762 3.7202189 13.883254 16.330394 3.70028 15.310515 0.357554
SEG 16.330394 3.70028 15.310515 16.601657 3.5960464 16.716679 0.357554
SEG 16.601657 3.5960464 16.716679 16.321868 3.6464121 18.105776 0.357554
SEG 16.321868 3.6464121 18.105776 16.312498 3.6154268 19.478072 0.357554
SEG 16.312498 3.6154268 19.478072 16.300812 3.5828962 20.829987 0.357554
SEG 16.300812 3.5828962 20.829987 16.287398 3.5489618 22.170443 0.357554
SEG 16.287398 3.5489618 22.170443 16.272831 3.5136873 23.500717 0.357554
SEG 16.272831 3.5136873 23.500717 16.257656 3.4769529 24.821633 0.357554
SEG 16.257656 3.4769529 24.821633 16.242394 3.4384943 26.133545 0.357554
SEG 16.242394 3.4384943 26.133545 16.227565 3.3979623 27.435943 0.357554
SEG 16.227565 3.3979623 27.435943 16.213662 3.3548594 28.729058 0.357554
SEG 16.213662 3.3548594 28.729058 16.201153 3.3085398 30.012316 0.357554
SEG 12.414602 8.4718956 8.3416891 12.487988 8.5472272 9.593538 0.319107
SEG 12.487988 8.5472272 9.593538 12.53182 8.5964768 11.040747 0.319107
SEG 12.53182 8.5964768 11.040747 12.558228 8.6214701 12.442209 0.319107
SEG 12.558228 8.6214701 12.442209 12.571179 8.6289173 13.79421 0.319107
SEG 12.571179 8.6289173 13.79421 12.573927 8.623649 15.124505 0.319107
SEG 12.573927 8.623649 15.124505 12.568473 8.6085204 16.454717 0.319107
SEG 12.568473 8.6085204 16.454717 12.556449 8.5858852 17.770481 0.319107
SEG 12.556449 8.5858852 17.770481 12.539182 8.5573921 19.077966 0.319107
SEG 12.539182 8.5573921 19.077966 12.517715 8.5242075 20.382275 0.319107
SEG 12.517715 8.5242075 20.382275 12.479831 8.3156165 21.434236 0.319107
SEG 12.479831 8.3156165 21.434236 12.465429 8.4468285 22.99598 0.319107
SEG 12.465429 8.4468285 22.99598 12.436003 8.403666 24.311936 0.319107
SEG 12.436003 8.403666 24.311936 12.405296 8.3580634 25.63807 0.319107
SEG 12.405296 8.3580634 25.63807 12.373933 8.3102105 26.983692 0.319107
SEG 12.373933 8.3102105 26.983692 12.343021 8.2609579 28.3446 0.319107
SEG 12.343021 8.2609579 28.3446 12.313755 8.2113789 29.722016 0.319107
SEG 12.313755 8.2113789 29.722016 12.287612 8.1633691 31.116117 0.319107
SEG 12.287612 8.1633691 31.116117 12.0488 8.0533242 32.352723 0.319107
SEG 12.0488 8.0533242 32.352723 12.250786 8.0854735 33.944884 0.319107
SEG 12.250786 8.0854735 33.944884 12.24206 8.064657 35.362222 0.319107
SEG 12.24206 8.064657 35.362222 12.239112 8.0596407 36.756932 0.319107
SEG 12.239112 8.0596407 36.756932 12.239603 8.0659088 38.098871 0.319107
SEG 12.239603 8.0659088 38.098871 12.240788 8.0734715 39.352926 0.319107
SEG 3.0945653 3.0945653 0.3534247 3.5416863 3.5416863 1.764245 0.334448
SEG 3.5416863 3.5416863 1.764245 3.8570339 3.8570339 3.1087441 0.334448
SEG 3.8570339 3.8570339 3.1087441 4.1318285 4.1318285 4.7489679 0.334448
SEG 4.1318285 4.1318285 4.7489679 4.2738767 4.0712855 5.7177835 0.334448
SEG 4.2738767 4.0712855 5.7177835 4.3187879 4.3187879 6.8837998 0.334448
SEG 4.3187879 4.3187879 6.8837998 4.3878426 4.3878426 8.1344222 0.334448
SEG 4.3878426 4.3878426 8.1344222 4.4536413 4.6823578 9.3419835 0.334448
SEG 4.4536413 4.6823578 9.3419835 4.4593552 4.4593552 10.762194 0.334448
SEG 4.4593552 4.4593552 10.762194 4.4699447 4.4699447 12.110988 0.334448
SEG 4.4699447 4.4699447 12.110988 4.4687016 4.4687016 13.474824 0.334448
SEG 4.4687016 4.4687016 13.474824 4.4585812 4.4585812 14.847051 0.334448
SEG 4.4585812 4.4585812 14.847051 4.4418793 4.4418793 16.221703 0.334448
SEG 4.4418793 4.4418793 16.221703 4.331759 4.4157889 17.434705 0.334448
SEG 4.331759 4.4157889 17.434705 4.3954062 4.3954062 18.953668 0.334448
SEG 4.3954062 4.3954062 18.953668 4.3679429 4.3679429 20.301372 0.334448
SEG 4.3679429 4.3679429 20.301372 4.3383302 4.3383302 21.645865 0.334448
SEG 4.3383302 4.3383302 21.645865 4.3370374 4.3611602 22.981484 0.334448
SEG 4.3370374 4.3611602 22.981484 4.2751229 4.2751229 24.265957 0.334448
SEG 4.2751229 4.2751229 24.265957 4.3314331 4.2549834 25.439338 0.334448
SEG 4.3314331 4.2549834 25.439338 4.2074249 4.2074249 26.780169 0.334448
SEG 4.2074249 4.2074249 26.780169 4.1171129 4.1171129 28.216065 0.334448
SEG 4.1171129 4.1171129 28.216065 4.1344829 4.1344829 29.181305 0.334448
SEG 4.1344829 4.1344829 29.181305 4.0953 4.0953 30.343409 0.334448
SEG 4.0953 4.0953 30.343409 4.0535863 4.0535863 31.488165 0.334448
SEG 4.0535863 4.0535863 31.488165 4.0085422 4.0085422 32.629379 0.334448
SEG 4.0085422 4.0085422 32.629379 3.9591533 3.9591533 33.790794 0.334448
SEG 3.9591533 3.9591533 33.790794 3.9049147 3.9049147 35.008061 0.334448
SEG 3.9049147 3.9049147 35.008061 3.8501603 3.8501603 36.320708 0.334448
SEG 3.8501603 3.8501603 36.320708 3.8169278 3.8169278 37.732628 0.334448
SEG 3.8169278 3.8169278 37.732628 3.5745908 3.6144321 39.203658 0.334448
SEG 5.1229975 5.1229975 0.41207335 5.5896126 5.5896126 2.0412519 0.26534
SEG 5.5896126 5.5896126 2.0412519 5.9330832 5.9330832 3.6340539 0.26534
SEG 5.9330832 5.9330832 3.6340539 6.0817919 6.0253106 4.7846688 0.26534
SEG 6.0817919 6.0253106 4.7846688 6.3239089 6.3021061 6.562252 0.26534
SEG 6.3239089 6.3021061 6.562252 6.4262162 6.4262162 7.8794991 0.26534
SEG 6.4262162 6.4262162 7.8794991 6.497263 6.497263 9.2320204 0.26534
SEG 6.497263 6.497263 9.2320204 6.5413027 6.5413027 10.569577 0.26534
SEG 6.5413027 6.5413027 10.569577 6.5649781 6.5649781 11.897962 0.26534
SEG 6.5649781 6.5649781 11.897962 6.792107 6.712283 13.329694 0.26534
SEG 6.792107 6.712283 13.329694 6.5694366 6.5694366 14.548724 0.26534
SEG 6.5694366 6.5694366 14.548724 6.5565783 6.5565783 15.871029 0.26534
SEG 6.5565783 6.5565783 15.871029 6.2965243 6.4255506 17.21213 0.26534
SEG 6.2965243 6.4255506 17.21213 6.5115411 6.5115411 18.50546 0.26534
SEG 6.5115411 6.5115411 18.50546 6.4822328 6.4822328 19.81589 0.26534
SEG 6.4822328 6.4822328 19.81589 6.4824416 6.3672777 21.093158 0.26534
SEG 6.4824416 6.3672777 21.093158 6.4144668 6.4144668 22.420963 0.26534
SEG 6.4144668 6.4144668 22.420963 6.3769848 6.3769848 23.716139 0.26534
SEG 6.3769848 6.3769848 23.716139 6.3374514 6.3374514 25.007159 0.26534
SEG 6.3374514 6.3374514 25.007159 6.295841 6.295841 26.298891 0.26534
SEG 6.295841 6.295841 26.298891 6.2520646 6.2520646 27.595844 0.26534
SEG 6.2520646 6.2520646 27.595844 6.2823785 6.0494318 28.938443 0.26534
SEG 6.2823785 6.0494318 28.938443 6.3919516 6.329076 30.401825 0.26534
SEG 6.3919516 6.329076 30.401825 6.1107336 6.1107336 31.489644 0.26534
SEG 6.1107336 6.1107336 31.489644 6.0608765 6.0608765 32.848478 0.26534
SEG 6.0608765 6.0608765 32.848478 6.0142243 6.0142243 34.251987 0.26534
SEG 6.0142243 6.0142243 34.251987 5.9794113 5.9794113 35.689922 0.26534
SEG 5.9794113 5.9794113 35.689922 5.9672268 5.9672268 37.068807 0.26534
SEG 5.9672268 5.9672268 37.068807 5.9740911 5.9740911 38.264935 0.26534
SEG 5.9740911 5.9740911 38.264935 5.7436008 5.9799169 39.336445 0.26534
SEG 20.642553 1.0815182 8.6471168 20.636272 1.0841572 10.264997 0.305738
SEG 20.636272 1.0841572 10.264997 20.632149 1.0789655 11.852807 0.305738
SEG 20.632149 1.0789655 11.852807 20.629849 1.0696748 13.392527 0.305738
SEG 20.629849 1.0696748 13.392527 20.628981 1.0582294 14.900582 0.305738
SEG 20.628981 1.0582294 14.900582 20.609506 0.86684863 16.548119 0.305738
SEG 20.609506 0.86684863 16.548119 20.630342 1.0331174 17.800615 0.305738
SEG 20.630342 1.0331174 17.800615 20.632104 1.0202181 19.21213 0.305738
SEG 20.632104 1.0202181 19.21213 20.634345 1.0073088 20.600497 0.305738
SEG 20.634345 1.0073088 20.600497 20.6369 0.99449942 21.956327 0.305738
SEG 20.6369 0.99449942 21.956327 20.639658 0.98163484 23.290769 0.305738
SEG 20.639658 0.98163484 23.290769 20.642504 0.96861939 24.602876 0.305738
SEG 20.642504 0.96861939 24.602876 20.64533 0.95532773 25.890428 0.305738
SEG 20.64533 0.95532773 25.890428 20.648034 0.94161256 27.149652 0.305738
SEG 20.648034 0.94161256 27.149652 20.650592 0.92690432 28.408865 0.305738
SEG 20.650592 0.92690432 28.408865 20.652861 0.9112763 29.634035 0.305738
SEG 20.652861 0.9112763 29.634035 20.654784 0.89445508 30.816961 0.305738
SEG 29.826735 1.174711 4.2994092 29.665932 1.2463528 5.838758 0.322136
SEG 29.665932 1.2463528 5.838758 29.540512 1.2803875 7.3433707 0.322136
SEG 29.540512 1.2803875 7.3433707 29.44675 1.2944331 8.8463266 0.322136
SEG 29.44675 1.2944331 8.8463266 29.381877 1.2965204 10.339514 0.322136
SEG 29.381877 1.2965204 10.339514 29.341293 1.291592 11.826921 0.322136
SEG 29.341293 1.291592 11.826921 29.320883 1.2826963 13.28711 0.322136
SEG 29.320883 1.2826963 13.28711 29.316216 1.2715644 14.728545 0.322136
SEG 29.316216 1.2715644 14.728545 29.323727 1.2592648 16.151166 0.322136
SEG 29.323727 1.2592648 16.151166 29.340663 1.2463414 17.561404 0.322136
SEG 29.340663 1.2463414 17.561404 29.300018 0.99893665 18.976474 0.322136
SEG 29.300018 0.99893665 18.976474 29.393986 1.2199818 20.31794 0.322136
SEG 29.393986 1.2199818 20.31794 29.427061 1.2067222 21.664354 0.322136
SEG 29.427061 1.2067222 21.664354 29.463324 1.1931433 23.010682 0.322136
SEG 29.463324 1.1931433 23.010682 29.501264 1.1793209 24.335882 0.322136
SEG 29.501264 1.1793209 24.335882 29.6808 1.2553178 25.565906 0.322136
SEG 29.6808 1.2553178 25.565906 29.578104 1.1503021 26.908453 0.322136
SEG 29.578104 1.1503021 26.908453 29.615115 1.1346083 28.152172 0.322136
SEG 29.615115 1.1346083 28.152172 29.64995 1.1176499 29.367264 0.322136
SEG 29.64995 1.1176499 29.367264 29.681961 1.0987282 30.566204 0.322136
SEG 29.681961 1.0987282 30.566204 29.709577 1.0775225 31.727142 0.322136
SEG 29.709577 1.0775225 31.727142 29.731828 1.0535058 32.838489 0.322136
SEG 29.731828 1.0535058 32.838489 29.748229 1.0260445 33.888002 0.322136
SEG 29.748229 1.0260445 33.888002 29.759637 0.99165008 34.937376 0.322136
SEG 29.759637 0.99165008 34.937376 29.766072 0.94659965 35.986389 0.322136
SEG 29.766072 0.94659965 35.986389 29.768215 0.88425964 37.034535 0.322136
SEG 0.60051662 20.553376 2.1442666 0.93454792 20.675354 3.6931406 0.305738
SEG 0.93454792 20.675354 3.6931406 1.0223046 20.662504 5.3298296 0.305738
SEG 1.0223046 20.662504 5.3298296 1.0647069 20.651318 6.9937337 0.305738
SEG 1.0647069 20.651318 6.9937337 1.0815182 20.642553 8.6471168 0.305738
SEG 1.0815182 20.642553 8.6471168 1.0841572 20.636272 10.264997 0.305738
SEG 1.0841572 20.636272 10.264997 1.0789655 20.632149 11.852807 0.305738
SEG 1.0789655 20.632149 11.852807 1.0696748 20.629849 13.392527 0.305738
SEG 1.0696748 20.629849 13.392527 1.0582294 20.628981 14.900582 0.305738
SEG 1.0582294 20.628981 14.900582 1.0458872 20.629231 16.364135 0.305738
SEG 1.0458872 20.629231 16.364135 1.0331174 20.630342 17.800615 0.305738
SEG 1.0331174 20.630342 17.800615 0.85677745 20.549854 19.276697 0.305738
SEG 0.85677745 20.549854 19.276697 1.0073088 20.634345 20.600497 0.305738
SEG 1.0073088 20.634345 20.600497 0.99449942 20.6369 21.956327 0.305738
SEG 0.99449942 20.6369 21.956327 0.98163484 20.639658 23.290769 0.305738
SEG 0.98163484 20.639658 23.290769 0.96861939 20.642504 24.602876 0.305738
SEG 0.96861939 20.642504 24.602876 0.95532773 20.64533 25.890428 0.305738
SEG 0.95532773 20.64533 25.890428 0.94161256 20.648034 27.149652 0.305738
SEG 0.94161256 20.648034 27.149652 0.92690432 20.650592 28.408865 0.305738
SEG 0.92690432 20.650592 28.408865 0.9112763 20.652861 29.634035 0.305738
SEG 0.9112763 20.652861 29.634035 0.89445508 20.654784 30.816961 0.305738
SEG 0.89445508 20.654784 30.816961 0.87615102 20.656333 31.946096 0.305738
SEG 0.87615102 20.656333 31.946096 0.85613795 20.657512 33.005157 0.305738
SEG 0.85613795 20.657512 33.005157 0.84523079 20.693508 34.666598 0.305738
SEG 0.84099079 30.030503 2.7641562 1.174711 29.826735 4.2994092 0.322136
SEG 1.174711 29.826735 4.2994092 1.2463528 29.665932 5.838758 0.322136
SEG 1.2463528 29.665932 5.838758 1.2803875 29.540512 7.3433707 0.322136
SEG 1.2803875 29.540512 7.3433707 1.2944331 29.44675 8.8463266 0.322136
SEG 1.2944331 29.44675 8.8463266 1.2965204 29.381877 10.339514 0.322136
SEG 1.2965204 29.381877 10.339514 1.291592 29.341293 11.826921 0.322136
SEG 1.291592 29.341293 11.826921 1.2826963 29.320883 13.28711 0.322136
SEG 1.2826963 29.320883 13.28711 1.2715644 29.316216 14.728545 0.322136
SEG 1.2715644 29.316216 14.728545 1.2592648 29.323727 16.151166 0.322136
SEG 1.2592648 29.323727 16.151166 1.2463414 29.340663 17.561404 0.322136
SEG 1.2463414 29.340663 17.561404 1.2331939 29.364701 18.95067 0.322136
SEG 1.2331939 29.364701 18.95067 1.2199818 29.393986 20.31794 0.322136
SEG 1.2199818 29.393986 20.31794 1.2067222 29.427061 21.664354 0.322136
SEG 1.2067222 29.427061 21.664354 1.1931433 29.463324 23.010682 0.322136
SEG 1.1931433 29.463324 23.010682 1.1793209 29.501264 24.335882 0.322136
SEG 1.1793209 29.501264 24.335882 1.1650724 29.539948 25.639403 0.322136
SEG 1.1650724 29.539948 25.639403 1.1503021 29.578104 26.908453 0.322136
SEG 1.1503021 29.578104 26.908453 1.1346083 29.615115 28.152172 0.322136
SEG 1.1346083 29.615115 28.152172 1.1176499 29.64995 29.367264 0.322136
SEG 1.1176499 29.64995 29.367264 1.0987282 29.681961 30.566204 0.322136
SEG 1.0987282 29.681961 30.566204 1.0775225 29.709577 31.727142 0.322136
SEG 1.0775225 29.709577 31.727142 1.0535058 29.731828 32.838489 0.322136
SEG 1.0535058 29.731828 32.838489 1.0260445 29.748229 33.888002 0.322136
SEG 1.0260445 29.748229 33.888002 0.99165008 29.759637 34.937376 0.322136
SEG 0.99165008 29.759637 34.937376 0.94659965 29.766072 35.986389 0.322136
SEG 2.2701891 10.987881 0.35309268 2.8659717 11.199414 1.8864611 0.355972
SEG 2.8659717 11.199414 1.8864611 3.2733221 11.385302 3.4517785 0.355972
SEG 3.2733221 11.385302 3.4517785 3.5209246 11.537714 4.9746801 0.355972
SEG 3.5209246 11.537714 4.9746801 3.6738403 11.662984 6.5124348 0.355972
SEG 3.6738403 11.662984 6.5124348 3.7607289 11.757486 8.0021284 0.355972
SEG 3.7607289 11.757486 8.0021284 3.807335 11.826812 9.4735098 0.355972
SEG 3.807335 11.826812 9.4735098 3.826948 11.873922 10.907136 0.355972
SEG 3.826948 11.873922 10.907136 3.8291271 11.903323 12.321208 0.355972
SEG 3.8291271 11.903323 12.321208 3.8196977 11.918368 13.725802 0.355972
SEG 3.8196977 11.918368 13.725802 3.8024699 11.921659 15.113931 0.355972
SEG 3.8024699 11.921659 15.113931 3.7801364 11.915616 16.481015 0.355972
SEG 3.7801364 11.915616 16.481015 3.7542905 11.902198 17.836115 0.355972
SEG 3.7542905 11.902198 17.836115 3.7260096 11.882994 19.18066 0.355972
SEG 3.7260096 11.882994 19.18066 3.6957011 11.859107 20.525531 0.355972
SEG 3.6957011 11.859107 20.525531 3.6639743 11.831817 21.858319 0.355972
SEG 3.6639743 11.831817 21.858319 3.6308907 11.802047 23.181337 0.355972
SEG 3.6308907 11.802047 23.181337 3.596476 11.770757 24.490761 0.355972
SEG 3.596476 11.770757 24.490761 3.560363 11.73866 25.791735 0.355972
SEG 3.560363 11.73866 25.791735 3.6704507 11.480927 26.961935 0.355972
SEG 3.6704507 11.480927 26.961935 3.4812562 11.67542 28.370417 0.355972
SEG 3.4812562 11.67542 28.370417 3.4369601 11.646146 29.649338 0.355972
SEG 3.4369601 11.646146 29.649338 3.1172889 11.684314 30.704656 0.355972
SEG 4.3596362 13.806205 0.30958323 5.059883 13.960484 1.9557353 0.277747
SEG 5.059883 13.960484 1.9557353 5.5069992 14.114291 3.7103137 0.277747
SEG 5.5069992 14.114291 3.7103137 5.7948233 14.232563 5.3913221 0.277747
SEG 5.7948233 14.232563 5.3913221 5.9729574 14.320076 6.9702431 0.277747
SEG 5.9729574 14.320076 6.9702431 6.0829716 14.385104 8.5016226 0.277747
SEG 6.0829716 14.385104 8.5016226 6.1464233 14.431413 9.9849346 0.277747
SEG 6.1464233 14.431413 9.9849346 6.1779156 14.46229 11.409896 0.277747
SEG 6.1779156 14.46229 11.409896 6.224725 14.594375 13.025121 0.277747
SEG 6.224725 14.594375 13.025121 6.1827658 14.49073 14.176271 0.277747
SEG 6.1827658 14.49073 14.176271 6.1668831 14.492465 15.528876 0.277747
SEG 6.1668831 14.492465 15.528876 6.4070943 14.477804 17.037346 0.277747
SEG 6.4070943 14.477804 17.037346 6.1137687 14.478531 18.192343 0.277747
SEG 6.1137687 14.478531 18.192343 6.0799032 14.46506 19.512112 0.277747
SEG 6.0799032 14.46506 19.512112 6.1556359 14.463472 20.956932 0.277747
SEG 6.1556359 14.463472 20.956932 6.0020403 14.429248 22.14659 0.277747
SEG 6.0020403 14.429248 22.14659 5.9588972 14.408285 23.465529 0.277747
SEG 5.9588972 14.408285 23.465529 5.9131646 14.386162 24.78796 0.277747
SEG 5.9131646 14.386162 24.78796 5.8648922 14.363557 26.114692 0.277747
SEG 5.8648922 14.363557 26.114692 5.8139643 14.341167 27.448377 0.277747
SEG 5.8139643 14.341167 27.448377 5.7601103 14.319692 28.795861 0.277747
SEG 5.7601103 14.319692 28.795861 5.7036025 14.300048 30.155019 0.277747
SEG 5.7036025 14.300048 30.155019 5.645086 14.283095 31.527904 0.277747
SEG 5.645086 14.283095 31.527904 5.3852917 14.380352 32.869269 0.277747
SEG 10.987881 2.2701891 0.35309268 11.199414 2.8659717 1.8864611 0.355972
SEG 11.199414 2.8659717 1.8864611 11.385302 3.2733221 3.4517785 0.355972
SEG 11.385302 3.2733221 3.4517785 11.576164 3.6692075 4.9828252 0.355972
SEG 11.576164 3.6692075 4.9828252 11.662984 3.6738403 6.5124348 0.355972
SEG 11.662984 3.6738403 6.5124348 11.757486 3.7607289 8.0021284 0.355972
SEG 11.757486 3.7607289 8.0021284 11.826812 3.807335 9.4735098 0.355972
SEG 11.826812 3.807335 9.4735098 11.873922 3.826948 10.907136 0.355972
SEG 11.873922 3.826948 10.907136 11.903323 3.8291271 12.321208 0.355972
SEG 11.903323 3.8291271 12.321208 11.918368 3.8196977 13.725802 0.355972
SEG 11.918368 3.8196977 13.725802 11.921659 3.8024699 15.113931 0.355972
SEG 11.921659 3.8024699 15.113931 11.915616 3.7801364 16.481015 0.355972
SEG 11.915616 3.7801364 16.481015 11.902198 3.7542905 17.836115 0.355972
SEG 11.902198 3.7542905 17.836115 11.882994 3.7260096 19.18066 0.355972
SEG 11.882994 3.7260096 19.18066 11.859107 3.6957011 20.525531 0.355972
SEG 11.859107 3.6957011 20.525531 11.831817 3.6639743 21.858319 0.355972
SEG 11.831817 3.6639743 21.858319 11.802047 3.6308907 23.181337 0.355972
SEG 11.802047 3.6308907 23.181337 11.770757 3.596476 24.490761 0.355972
SEG 11.770757 3.596476 24.490761 11.73866 3.560363 25.791735 0.355972
SEG 11.73866 3.560363 25.791735 11.571592 3.6431634 26.971522 0.355972
SEG 11.571592 3.6431634 26.971522 11.67542 3.4812562 28.370417 0.355972
SEG 11.67542 3.4812562 28.370417 11.646146 3.4369601 29.649338 0.355972
SEG 11.646146 3.4369601 29.649338 11.741624 3.0904323 30.698842 0.355972
SEG 11.741624 3.0904323 30.698842 11.597454 3.3345578 32.191722 0.355972
SEG 11.597454 3.3345578 32.191722 11.580012 3.2743281 33.460664 0.355972
SEG 11.580012 3.2743281 33.460664 11.568047 3.2070134 34.73719 0.355972
SEG 11.568047 3.2070134 34.73719 11.561543 3.1347301 36.036473 0.355972
SEG 13.694044 4.3536106 0.32017535 13.960484 5.059883 1.9557353 0.277747
SEG 13.960484 5.059883 1.9557353 14.114291 5.5069992 3.7103137 0.277747
SEG 14.114291 5.5069992 3.7103137 14.232563 5.7948233 5.3913221 0.277747
SEG 14.232563 5.7948233 5.3913221 14.320076 5.9729574 6.9702431 0.277747
SEG 14.320076 5.9729574 6.9702431 14.385104 6.0829716 8.5016226 0.277747
SEG 14.385104 6.0829716 8.5016226 14.431413 6.1464233 9.9849346 0.277747
SEG 14.431413 6.1464233 9.9849346 14.46229 6.1779156 11.409896 0.277747
SEG 14.46229 6.1779156 11.409896 14.481296 6.1878999 12.805031 0.277747
SEG 14.481296 6.1878999 12.805031 14.49073 6.1827658 14.176271 0.277747
SEG 14.49073 6.1827658 14.176271 14.492465 6.1668831 15.528876 0.277747
SEG 14.492465 6.1668831 15.528876 14.487986 6.1431828 16.867452 0.277747
SEG 14.487986 6.1431828 16.867452 14.478531 6.1137687 18.192343 0.277747
SEG 14.478531 6.1137687 18.192343 14.46506 6.0799032 19.512112 0.277747
SEG 14.46506 6.0799032 19.512112 14.448393 6.042476 20.829435 0.277747
SEG 14.448393 6.042476 20.829435 14.429248 6.0020403 22.14659 0.277747
SEG 14.429248 6.0020403 22.14659 14.408285 5.9588972 23.465529 0.277747
SEG 14.408285 5.9588972 23.465529 14.386162 5.9131646 24.78796 0.277747
SEG 14.386162 5.9131646 24.78796 14.363557 5.8648922 26.114692 0.277747
SEG 14.363557 5.8648922 26.114692 14.341167 5.8139643 27.448377 0.277747
SEG 14.341167 5.8139643 27.448377 14.319692 5.7601103 28.795861 0.277747
SEG 14.319692 5.7601103 28.795861 14.300048 5.7036025 30.155019 0.277747
SEG 14.300048 5.7036025 30.155019 14.283095 5.645086 31.527904 0.277747
SEG 14.283095 5.645086 31.527904 14.180961 5.7161057 32.865864 0.277747
SEG 14.180961 5.7161057 32.865864 14.260281 5.5338398 34.284164 0.277747
SEG 14.260281 5.5338398 34.284164 14.254674 5.4938859 35.679635 0.277747
SEG 14.254674 5.4938859 35.679635 14.252298 5.479175 37.029521 0.277747
SEG 14.252298 5.479175 37.029521 14.25177 5.4885963 38.247254 0.277747
SEG 14.25177 5.4885963 38.247254 14.251815 5.5036785 39.366748 0.277747
SEG 1.2133238 1.2133238 1.8954547 1.5056923 1.5056923 2.9375071 0.27931
SEG 1.5056923 1.5056923 2.9375071 1.6082956 1.6082956 3.9774327 0.27931
SEG 1.6082956 1.6082956 3.9774327 1.6814605 1.6814605 5.0998063 0.27931
SEG 1.6814605 1.6814605 5.0998063 1.7042209 1.6875492 6.1656968 0.27931
SEG 1.7042209 1.6875492 6.1656968 1.7642391 1.7642391 7.4748064 0.27931
SEG 1.7642391 1.7642391 7.4748064 1.7859995 1.7859995 8.8803076 0.27931
SEG 1.7859995 1.7859995 8.8803076 1.795876 1.795876 10.395708 0.27931
SEG 1.795876 1.795876 10.395708 1.7962885 1.7962885 11.94254 0.27931
SEG 1.7962885 1.7962885 11.94254 1.7900874 1.7900874 13.502922 0.27931
SEG 1.7900874 1.7900874 13.502922 1.7795538 1.7795538 15.057799 0.27931
SEG 1.7795538 1.7795538 15.057799 1.7663613 1.7663613 16.589599 0.27931
SEG 1.7663613 1.7663613 16.589599 1.7515481 1.7515481 18.098269 0.27931
SEG 1.7515481 1.7515481 18.098269 1.7357985 1.7357985 19.578607 0.27931
SEG 1.7357985 1.7357985 19.578607 1.7197329 1.7197329 21.007542 0.27931
SEG 1.7197329 1.7197329 21.007542 1.7034183 1.7034183 22.396373 0.27931
SEG 1.7034183 1.7034183 22.396373 1.6869658 1.6869658 23.740202 0.27931
SEG 1.6869658 1.6869658 23.740202 1.6704167 1.6704167 25.033647 0.27931
SEG 1.6704167 1.6704167 25.033647 1.6542037 1.6542037 26.239612 0.27931
SEG 1.6542037 1.6542037 26.239612 1.6375007 1.6375007 27.412614 0.27931
SEG 1.6375007 1.6375007 27.412614 1.6207494 1.6207494 28.512752 0.27931
SEG 1.6207494 1.6207494 28.512752 1.7513584 1.5036342 29.417352 0.27931
SEG 1.7513584 1.5036342 29.417352 1.4438732 1.4348128 30.469667 0.27931
SEG 1.4438732 1.4348128 30.469667 1.5633946 1.5633946 31.6617 0.27931
SEG 1.5633946 1.5633946 31.6617 1.5392537 1.5392537 32.711145 0.27931
SEG 1.5392537 1.5392537 32.711145 1.5108736 1.5108736 33.760377 0.27931
SEG 1.5108736 1.5108736 33.760377 1.4764275 1.4764275 34.809247 0.27931
SEG 1.4764275 1.4764275 34.809247 1.5792365 1.4104732 35.762891 0.27931
SEG 1.5792365 1.4104732 35.762891 1.3757412 1.3757412 36.90432 0.27931
SEG 1.3757412 1.3757412 36.90432 1.2984459 1.2984459 37.948614 0.27931
SEG 1.2984459 1.2984459 37.948614 1.2100599 1.2100599 38.991148 0.27931
SEG 2.069051 6.4408433 9.342746 2.0193465 6.7944688 10.852438 0.271546
SEG 2.0193465 6.7944688 10.852438 2.0148014 6.8183489 12.2742 0.271546
SEG 2.0148014 6.8183489 12.2742 2.0051514 6.8250384 13.696035 0.271546
SEG 2.0051514 6.8250384 13.696035 1.9922927 6.8184996 15.108699 0.271546
SEG 1.9922927 6.8184996 15.108699 1.9774481 6.8019981 16.51024 0.271546
SEG 1.9774481 6.8019981 16.51024 1.9614182 6.7781157 17.897386 0.271546
SEG 1.9614182 6.7781157 17.897386 1.9446984 6.7488638 19.267346 0.271546
SEG 1.9446984 6.7488638 19.267346 1.9275533 6.7157028 20.617713 0.271546
SEG 1.9275533 6.7157028 20.617713 1.910249 6.680034 21.934893 0.271546
SEG 1.910249 6.680034 21.934893 1.8926542 6.6423881 23.227776 0.271546
SEG 1.8926542 6.6423881 23.227776 1.8746952 6.6033597 24.494074 0.271546
SEG 1.8746952 6.6033597 24.494074 1.8562536 6.56347 25.729917 0.271546
SEG 1.8562536 6.56347 25.729917 1.8371092 6.5231113 26.934082 0.271546
SEG 1.8371092 6.5231113 26.934082 1.8166732 6.4820849 28.122026 0.271546
SEG 1.8166732 6.4820849 28.122026 1.7947855 6.4413218 29.277158 0.271546
SEG 1.7947855 6.4413218 29.277158 1.7709199 6.4013262 30.39923 0.271546
SEG 1.7709199 6.4013262 30.39923 1.8154545 6.2951796 31.542041 0.271546
SEG 1.8154545 6.2951796 31.542041 1.7131883 6.3256024 32.577023 0.271546
SEG 1.7131883 6.3256024 32.577023 1.6766699 6.2924682 33.632026 0.271546
SEG 1.6766699 6.2924682 33.632026 1.6317346 6.2644781 34.68069 0.271546
SEG 1.6317346 6.2644781 34.68069 1.3703277 6.1990017 35.636061 0.271546
SEG 6.7781157 1.9614182 17.897386 6.7488638 1.9446984 19.267346 0.271546
SEG 6.7488638 1.9446984 19.267346 6.7157028 1.9275533 20.617713 0.271546
SEG 6.7157028 1.9275533 20.617713 6.680034 1.910249 21.934893 0.271546
SEG 6.680034 1.910249 21.934893 6.6423881 1.8926542 23.227776 0.271546
SEG 6.6423881 1.8926542 23.227776 6.6033597 1.8746952 24.494074 0.271546
SEG 6.6033597 1.8746952 24.494074 6.5286837 1.9591376 25.565989 0.271546
SEG 6.5286837 1.9591376 25.565989 6.5231113 1.8371092 26.934082 0.271546
SEG 6.5231113 1.8371092 26.934082 6.4820849 1.8166732 28.122026 0.271546
SEG 6.4820849 1.8166732 28.122026 6.4411412 1.8575739 29.099895 0.271546
SEG 6.4411412 1.8575739 29.099895 6.4013262 1.7709199 30.39923 0.271546
SEG 6.4013262 1.7709199 30.39923 6.292676 1.8180863 31.544037 0.271546
SEG 6.292676 1.8180863 31.544037 6.3229745 1.7630944 32.354225 0.271546
SEG 6.3229745 1.7630944 32.354225 6.2924682 1.6766699 33.632026 0.271546
SEG 6.2924682 1.6766699 33.632026 6.2564797 1.6913672 34.914472 0.271546
SEG 39.490387 12.777479 8.9255099 39.491521 12.838206 10.562725 0.263063
SEG 39.491521 12.838206 10.562725 39.524837 12.960602 12.174115 0.263063
SEG 39.524837 12.960602 12.174115 39.500831 12.891455 13.734086 0.263063
SEG 39.500831 12.891455 13.734086 39.506782 12.893611 15.265352 0.263063
SEG 39.506782 12.893611 15.265352 39.561381 13.048292 16.730412 0.263063
SEG 39.561381 13.048292 16.730412 39.519023 12.867653 18.210781 0.263063
SEG 39.519023 12.867653 18.210781 39.525044 12.84476 19.630889 0.263063
SEG 39.525044 12.84476 19.630889 39.531001 12.817571 21.026948 0.263063
SEG 12.124594 39.263947 2.660678 12.42383 39.541906 3.9992547 0.263063
SEG 12.42383 39.541906 3.9992547 12.566473 39.509521 5.5945451 0.263063
SEG 12.566473 39.509521 5.5945451 12.687198 39.494811 7.2574905 0.263063
SEG 12.687198 39.494811 7.2574905 12.777479 39.490387 8.9255099 0.263063
SEG 12.777479 39.490387 8.9255099 12.838206 39.491521 10.562725 0.263063
SEG 12.838206 39.491521 10.562725 12.737143 39.502383 12.267395 0.263063
SEG 12.737143 39.502383 12.267395 12.891455 39.500831 13.734086 0.263063
SEG 12.891455 39.500831 13.734086 12.893611 39.506782 15.265352 0.263063
SEG 12.893611 39.506782 15.265352 12.884719 39.512892 16.751986 0.263063
SEG 12.884719 39.512892 16.751986 12.867653 39.519023 18.210781 0.263063
SEG 12.867653 39.519023 18.210781 12.84476 39.525044 19.630889 0.263063
SEG 12.84476 39.525044 19.630889 12.817571 39.531001 21.026948 0.263063
SEG 12.817571 39.531001 21.026948 12.787463 39.536924 22.400008 0.263063
SEG 12.787463 39.536924 22.400008 12.755573 39.542872 23.750657 0.263063
SEG 12.755573 39.542872 23.750657 12.762431 39.576644 25.056463 0.263063
SEG 12.762431 39.576644 25.056463 12.691065 39.555055 26.360205 0.263063
SEG 12.691065 39.555055 26.360205 12.660117 39.561535 27.6264 0.263063
SEG 12.660117 39.561535 27.6264 12.631328 39.568431 28.861673 0.263063
SEG 12.631328 39.568431 28.861673 12.605634 39.575876 30.059028 0.263063
SEG 12.605634 39.575876 30.059028 12.583847 39.584001 31.207439 0.263063
SEG 12.583847 39.584001 31.207439 12.566 39.593211 32.32541 0.263063
SEG 12.566 39.593211 32.32541 12.543972 39.641622 33.262689 0.263063
SEG 22.210828 16.525044 21.385607 22.220026 16.51045 22.724683 0.330705
SEG 22.220026 16.51045 22.724683 22.229918 16.494761 24.069727 0.330705
SEG 22.229918 16.494761 24.069727 22.24017 16.478484 25.423665 0.330705
SEG 22.24017 16.478484 25.423665 22.123605 16.402138 26.68633 0.330705
SEG 22.123605 16.402138 26.68633 22.260235 16.446524 28.161185 0.330705
SEG 22.260235 16.446524 28.161185 22.389092 16.235553 29.623499 0.330705
SEG 22.389092 16.235553 29.623499 22.276964 16.41973 30.928848 0.330705
SEG 22.276964 16.41973 30.928848 22.374253 16.296528 32.345157 0.330705
SEG 22.374253 16.296528 32.345157 22.287584 16.402714 33.676786 0.330705
SEG 22.287584 16.402714 33.676786 22.290428 16.39823 35.025386 0.330705
SEG 22.290428 16.39823 35.025386 22.291939 16.395935 36.329244 0.330705
SEG 22.291939 16.395935 36.329244 22.292566 16.395077 37.593683 0.330705
SEG 22.292566 16.395077 37.593683 22.292728 16.394939 38.812618 0.330705
SEG 22.292728 16.394939 38.812618 22.292735 16.394966 39.66921 0.330705
SEG 16.558142 22.190702 13.108497 16.636847 22.319173 14.601133 0.330705
SEG 16.636847 22.319173 14.601133 16.5625 22.1875 15.9375 0.330705
SEG 16.5625 22.1875 15.9375 16.557489 22.190522 17.332428 0.330705
SEG 16.557489 22.190522 17.332428 16.54909 22.195731 18.699129 0.330705
SEG 16.54909 22.195731 18.699129 16.538072 22.202631 20.047778 0.330705
SEG 16.538072 22.202631 20.047778 16.525044 22.210828 21.385607 0.330705
SEG 16.525044 22.210828 21.385607 16.51045 22.220026 22.724683 0.330705
SEG 16.51045 22.220026 22.724683 16.494761 22.229918 24.069727 0.330705
SEG 16.494761 22.229918 24.069727 16.478484 22.24017 25.423665 0.330705
SEG 16.478484 22.24017 25.423665 16.462194 22.250411 26.787664 0.330705
SEG 16.462194 22.250411 26.787664 16.446524 22.260235 28.161185 0.330705
SEG 16.446524 22.260235 28.161185 16.432133 22.26923 29.544413 0.330705
SEG 16.432133 22.26923 29.544413 16.41973 22.276964 30.928848 0.330705
SEG 16.41973 22.276964 30.928848 16.40984 22.283126 32.308646 0.330705
SEG 16.40984 22.283126 32.308646 16.402714 22.287584 33.676786 0.330705
SEG 16.402714 22.287584 33.676786 16.39823 22.290428 35.025386 0.330705
SEG 16.39823 22.290428 35.025386 16.395935 22.291939 36.329244 0.330705
SEG 16.395935 22.291939 36.329244 16.395077 22.292566 37.593683 0.330705
SEG 16.395077 22.292566 37.593683 16.394939 22.292728 38.812618 0.330705
SEG 39.660178 17.381287 20.767148 39.669108 17.237564 21.995156 0.30493
SEG 39.669108 17.237564 21.995156 39.673618 17.225091 23.332928 0.30493
SEG 39.673618 17.225091 23.332928 39.678151 17.212276 24.646178 0.30493
SEG 39.678151 17.212276 24.646178 39.685108 17.195388 25.928611 0.30493
SEG 39.685108 17.195388 25.928611 39.6875 17.1875 27.1875 0.30493
SEG 39.6875 17.1875 27.1875 39.696746 17.052243 28.767993 0.30493
SEG 17.05373 39.688297 3.3585183 17.118841 39.65234 5.1311656 0.30493
SEG 17.118841 39.65234 5.1311656 17.172514 39.638395 6.8487853 0.30493
SEG 17.172514 39.638395 6.8487853 17.213688 39.633921 8.5431308 0.30493
SEG 17.213688 39.633921 8.5431308 17.242506 39.632937 10.194123 0.30493
SEG 17.242506 39.632937 10.194123 17.261149 39.637212 11.808872 0.30493
SEG 17.261149 39.637212 11.808872 17.271182 39.64126 13.371019 0.30493
SEG 17.271182 39.64126 13.371019 17.274641 39.645844 14.898469 0.30493
SEG 17.274641 39.645844 14.898469 17.27306 39.650565 16.377405 0.30493
SEG 17.27306 39.650565 16.377405 17.267662 39.655307 17.826859 0.30493
SEG 17.267662 39.655307 17.826859 17.259411 39.659997 19.249084 0.30493
SEG 17.259411 39.659997 19.249084 17.249189 39.664579 20.633904 0.30493
SEG 39.718382 25.570721 2.2575798 39.647528 25.437558 3.9065975 0.276495
SEG 39.647528 25.437558 3.9065975 39.628629 25.342721 5.5942467 0.276495
SEG 39.628629 25.342721 5.5942467 39.61758 25.251391 7.2864726 0.276495
SEG 39.61758 25.251391 7.2864726 39.614616 25.183662 8.9468826 0.276495
SEG 39.614616 25.183662 8.9468826 39.615826 25.137192 10.577491 0.276495
SEG 39.615826 25.137192 10.577491 39.624222 25.036727 12.158401 0.276495
SEG 39.624222 25.036727 12.158401 39.623417 25.094716 13.705064 0.276495
SEG 39.623417 25.094716 13.705064 39.628111 25.091605 15.203619 0.276495
SEG 39.628111 25.091605 15.203619 39.640281 25.257715 16.675794 0.276495
SEG 39.640281 25.257715 16.675794 39.637787 25.108443 18.11297 0.276495
SEG 39.637787 25.108443 18.11297 39.642525 25.124571 19.515507 0.276495
SEG 39.642525 25.124571 19.515507 39.657203 25.325019 20.895976 0.276495
SEG 25.570721 39.718382 2.2575798 25.453739 39.655178 3.9073183 0.276495
SEG 25.453739 39.655178 3.9073183 25.342721 39.628629 5.5942467 0.276495
SEG 25.342721 39.628629 5.5942467 25.251391 39.61758 7.2864726 0.276495
SEG 25.251391 39.61758 7.2864726 25.183662 39.614616 8.9468826 0.276495
SEG 25.183662 39.614616 8.9468826 25.137192 39.615826 10.577491 0.276495
SEG 25.137192 39.615826 10.577491 25.108874 39.619112 12.15812 0.276495
SEG 25.108874 39.619112 12.15812 25.094716 39.623417 13.705064 0.276495
SEG 25.094716 39.623417 13.705064 25.091605 39.628111 15.203619 0.276495
SEG 25.091605 39.628111 15.203619 25.096869 39.63295 16.672233 0.276495
SEG 25.096869 39.63295 16.672233 25.108443 39.637787 18.11297 0.276495
SEG 25.108443 39.637787 18.11297 25.124571 39.642525 19.515507 0.276495
SEG 25.124571 39.642525 19.515507 25.144072 39.647198 20.894432 0.276495
SEG 25.144072 39.647198 20.894432 25.178544 39.6579 22.2321 0.276495
SEG 25.178544 39.6579 22.2321 25.189054 39.656453 23.584041 0.276495
SEG 25.189054 39.656453 23.584041 25.199795 39.668936 24.897629 0.276495
SEG 25.199795 39.668936 24.897629 25.236171 39.665914 26.177948 0.276495
SEG 25.236171 39.665914 26.177948 25.25854 39.670876 27.432336 0.276495
SEG 25.25854 39.670876 27.432336 25.234165 39.6826 28.670693 0.276495
SEG 25.234165 39.6826 28.670693 25.273754 39.691474 29.80084 0.276495
SEG 25.273754 39.691474 29.80084 25.3125 39.6875 30.9375 0.276495
SEG 25.3125 39.6875 30.9375 25.325369 39.694336 32.050978 0.276495
SEG 25.325369 39.694336 32.050978 25.317087 39.702914 33.188159 0.276495
SEG 39.733507 20.985193 2.1723021 39.67652 20.974652 3.0564765 0.266447
SEG 39.67652 20.974652 3.0564765 39.634567 20.953824 4.7508097 0.266447
SEG 39.634567 20.953824 4.7508097 39.615913 20.935245 6.4753812 0.266447
SEG 39.615913 20.935245 6.4753812 39.609188 20.920673 8.1767846 0.266447
SEG 39.609188 20.920673 8.1767846 39.608608 20.910132 9.8499306 0.266447
SEG 39.608608 20.910132 9.8499306 39.611153 20.903236 11.471943 0.266447
SEG 39.611153 20.903236 11.471943 39.615266 20.89927 13.057725 0.266447
SEG 39.615266 20.89927 13.057725 39.620043 20.897649 14.590073 0.266447
SEG 39.620043 20.897649 14.590073 39.590433 20.886971 16.391709 0.266447
SEG 39.590433 20.886971 16.391709 39.630166 20.899332 17.541694 0.266447
SEG 39.630166 20.899332 17.541694 39.635194 20.901859 18.966775 0.266447
SEG 39.635194 20.901859 18.966775 39.653781 20.834612 20.291368 0.266447
SEG 39.653781 20.834612 20.291368 39.645058 20.908916 21.741092 0.266447
SEG 39.645058 20.908916 21.741092 39.649934 20.913019 23.0923 0.266447
SEG 39.649934 20.913019 23.0923 39.65478 20.917223 24.406558 0.266447
SEG 39.65478 20.917223 24.406558 39.659689 20.921401 25.693314 0.266447
SEG 39.659689 20.921401 25.693314 39.664715 20.925401 26.948209 0.266447
SEG 39.664715 20.925401 26.948209 39.669913 20.929087 28.164535 0.266447
SEG 39.669913 20.929087 28.164535 39.68337 20.901868 29.373586 0.266447
SEG 39.68337 20.901868 29.373586 39.681313 20.935232 30.496672 0.266447
SEG 39.681313 20.935232 30.496672 39.6875 20.9375 31.5625 0.266447
SEG 39.6875 20.9375 31.5625 39.705276 20.911135 32.6543 0.266447
SEG 39.705276 20.911135 32.6543 39.703481 20.940829 33.678285 0.266447
SEG 20.985193 39.733507 2.1723021 20.981073 39.67051 3.0476132 0.266447
SEG 20.981073 39.67051 3.0476132 20.953824 39.634567 4.7508097 0.266447
SEG 20.953824 39.634567 4.7508097 20.935245 39.615913 6.4753812 0.266447
SEG 20.935245 39.615913 6.4753812 20.940868 39.612904 8.1774226 0.266447
SEG 20.940868 39.612904 8.1774226 20.910132 39.608608 9.8499306 0.266447
SEG 20.910132 39.608608 9.8499306 20.903236 39.611153 11.471943 0.266447
SEG 20.903236 39.611153 11.471943 20.930734 39.621165 13.058007 0.266447
SEG 20.930734 39.621165 13.058007 20.897649 39.620043 14.590073 0.266447
SEG 20.897649 39.620043 14.590073 20.841178 39.46212 15.947877 0.266447
SEG 20.841178 39.46212 15.947877 20.899332 39.630166 17.541694 0.266447
SEG 20.899332 39.630166 17.541694 20.901859 39.635194 18.966775 0.266447
SEG 20.901859 39.635194 18.966775 20.90513 39.640155 20.366109 0.266447
SEG 20.90513 39.640155 20.366109 20.908916 39.645058 21.741092 0.266447
SEG 20.908916 39.645058 21.741092 20.913019 39.649934 23.0923 0.266447
SEG 20.913019 39.649934 23.0923 20.919073 39.662037 24.427637 0.266447
SEG 20.919073 39.662037 24.427637 20.921401 39.659689 25.693314 0.266447
SEG 20.921401 39.659689 25.693314 20.925401 39.664715 26.948209 0.266447
SEG 20.925401 39.664715 26.948209 20.929087 39.669913 28.164535 0.266447
SEG 20.929087 39.669913 28.164535 20.889628 39.686013 29.378903 0.266447
SEG 20.889628 39.686013 29.378903 20.971051 39.69364 30.507693 0.266447
SEG 28.416669 22.856206 6.5128455 28.187033 22.754084 8.1823883 0.305858
SEG 28.187033 22.754084 8.1823883 28.108906 22.725199 9.8122237 0.305858
SEG 28.108906 22.725199 9.8122237 28.062633 22.706846 11.337343 0.305858
SEG 28.062633 22.706846 11.337343 28.348638 22.91791 12.981661 0.305858
SEG 28.348638 22.91791 12.981661 28.029282 22.690678 14.220579 0.305858
SEG 28.029282 22.690678 14.220579 28.03223 22.689754 15.59986 0.305858
SEG 28.03223 22.689754 15.59986 28.043928 22.692174 16.94193 0.305858
SEG 28.043928 22.692174 16.94193 28.062478 22.697241 18.270893 0.305858
SEG 28.062478 22.697241 18.270893 28.086523 22.704445 19.594629 0.305858
SEG 28.086523 22.704445 19.594629 28.115045 22.713369 20.919607 0.305858
SEG 28.115045 22.713369 20.919607 28.237686 22.891714 22.072883 0.305858
SEG 28.237686 22.891714 22.072883 28.182163 22.734883 23.588737 0.305858
SEG 28.182163 22.734883 23.588737 28.219261 22.746751 24.940513 0.305858
SEG 28.219261 22.746751 24.940513 28.12407 22.726524 26.134177 0.305858
SEG 28.12407 22.726524 26.134177 28.296277 22.770737 27.695886 0.305858
SEG 28.296277 22.770737 27.695886 28.333394 22.781805 29.089353 0.305858
SEG 28.333394 22.781805 29.089353 28.085916 22.773875 30.400633 0.305858
SEG 28.085916 22.773875 30.400633 28.39581 22.799518 31.882579 0.305858
SEG 28.39581 22.799518 31.882579 28.417294 22.805448 33.26217 0.305858
SEG 28.417294 22.805448 33.26217 28.430812 22.809357 34.614948 0.305858
SEG 28.430812 22.809357 34.614948 28.436871 22.811542 35.927573 0.305858
SEG 28.436871 22.811542 35.927573 28.4375 22.8125 37.1875 0.305858
SEG 28.4375 22.8125 37.1875 28.716998 22.678477 38.444052 0.305858
SEG 22.575493 28.236065 6.4947232 22.754084 28.187033 8.1823883 0.305858
SEG 22.754084 28.187033 8.1823883 22.725199 28.108906 9.8122237 0.305858
SEG 22.725199 28.108906 9.8122237 22.706846 28.062633 11.337343 0.305858
SEG 22.706846 28.062633 11.337343 22.895068 28.151427 12.944921 0.305858
SEG 22.895068 28.151427 12.944921 22.690678 28.029282 14.220579 0.305858
SEG 22.690678 28.029282 14.220579 22.689754 28.03223 15.59986 0.305858
SEG 22.689754 28.03223 15.59986 22.692174 28.043928 16.94193 0.305858
SEG 22.692174 28.043928 16.94193 22.697241 28.062478 18.270893 0.305858
SEG 22.697241 28.062478 18.270893 22.704445 28.086523 19.594629 0.305858
SEG 22.704445 28.086523 19.594629 22.713369 28.115045 20.919607 0.305858
SEG 22.713369 28.115045 20.919607 22.723631 28.147167 22.249192 0.305858
SEG 22.723631 28.147167 22.249192 22.734883 28.182163 23.588737 0.305858
SEG 22.734883 28.182163 23.588737 22.746751 28.219261 24.940513 0.305858
SEG 22.746751 28.219261 24.940513 22.75888 28.257744 26.312097 0.305858
SEG 22.75888 28.257744 26.312097 22.770737 28.296277 27.695886 0.305858
SEG 22.770737 28.296277 27.695886 22.781805 28.333394 29.089353 0.305858
SEG 22.781805 28.333394 29.089353 22.716259 28.173537 30.677892 0.305858
SEG 22.716259 28.173537 30.677892 22.799518 28.39581 31.882579 0.305858
SEG 22.799518 28.39581 31.882579 22.805448 28.417294 33.26217 0.305858
SEG 22.805448 28.417294 33.26217 22.660715 28.212196 34.768559 0.305858
SEG 22.660715 28.212196 34.768559 22.811542 28.436871 35.927573 0.305858
SEG 22.811542 28.436871 35.927573 22.8125 28.4375 37.1875 0.305858
SEG 22.8125 28.4375 37.1875 22.678477 28.716998 38.444052 0.305858
SEG 31.770497 3.516881 9.3196934 31.719407 3.5348839 10.702052 0.271779
SEG 31.719407 3.5348839 10.702052 31.68929 3.5379906 12.082879 0.271779
SEG 31.68929 3.5379906 12.082879 31.676103 3.5308028 13.460302 0.271779
SEG 31.676103 3.5308028 13.460302 31.676296 3.5165992 14.832416 0.271779
SEG 31.676296 3.5165992 14.832416 31.686954 3.4976219 16.197436 0.271779
SEG 31.686954 3.4976219 16.197436 31.705657 3.4754686 17.54897 0.271779
SEG 31.705657 3.4754686 17.54897 31.730562 3.4510956 18.889848 0.271779
SEG 31.730562 3.4510956 18.889848 31.760208 3.4251404 20.219064 0.271779
SEG 31.760208 3.4251404 20.219064 31.793468 3.3979806 21.53589 0.271779
SEG 31.793468 3.3979806 21.53589 31.82947 3.3697572 22.839915 0.271779
SEG 31.82947 3.3697572 22.839915 31.867524 3.3404271 24.131114 0.271779
SEG 31.867524 3.3404271 24.131114 31.906921 3.3099159 25.404892 0.271779
SEG 31.906921 3.3099159 25.404892 31.947268 3.2778074 26.665672 0.271779
SEG 31.947268 3.2778074 26.665672 31.988082 3.2435836 27.915568 0.271779
SEG 31.988082 3.2435836 27.915568 32.028807 3.2065028 29.158064 0.271779
SEG 32.028807 3.2065028 29.158064 32.068703 3.1655173 30.398442 0.271779
SEG 32.068703 3.1655173 30.398442 32.105498 3.1207671 31.603552 0.271779
SEG 32.105498 3.1207671 31.603552 32.138698 3.0697077 32.810615 0.271779
SEG 32.138698 3.0697077 32.810615 32.166271 3.0102271 34.031447 0.271779
SEG 32.166271 3.0102271 34.031447 32.18567 2.9401026 35.286306 0.271779
SEG 32.18567 2.9401026 35.286306 32.194334 2.860979 36.605425 0.271779
SEG 32.194334 2.860979 36.605425 32.192247 2.803271 37.971504 0.271779
SEG 32.192247 2.803271 37.971504 32.1875 2.8125 39.0625 0.271779
SEG 8.5808225 4.6421301 21.966231 8.7566237 4.5532824 23.490142 0.268531
SEG 8.7566237 4.5532824 23.490142 8.7185157 4.5167473 24.781873 0.268531
SEG 8.7185157 4.5167473 24.781873 8.6789937 4.4782053 26.069355 0.268531
SEG 8.6789937 4.4782053 26.069355 8.8412381 4.4702307 27.057413 0.268531
SEG 8.8412381 4.4702307 27.057413 8.5978431 4.3932416 28.64388 0.268531
SEG 8.5978431 4.3932416 28.64388 8.5583023 4.346252 29.918122 0.268531
SEG 8.5583023 4.346252 29.918122 8.5205589 4.2948434 31.201394 0.268531
SEG 8.5205589 4.2948434 31.201394 8.4860158 4.2376223 32.514581 0.268531
SEG 8.4860158 4.2376223 32.514581 8.4575014 4.1748206 33.85995 0.268531
SEG 8.4575014 4.1748206 33.85995 8.334531 4.2473986 34.992514 0.268531
SEG 8.334531 4.2473986 34.992514 8.4310921 4.0575822 36.6477 0.268531
SEG 8.4310921 4.0575822 36.6477 8.4334179 4.0444757 37.986994 0.268531
SEG 8.4334179 4.0444757 37.986994 8.4375 4.0625 39.0625 0.268531
SEG 22.286152 6.8517423 2.6228517 22.228554 7.2255124 4.4133584 0.282909
SEG 22.228554 7.2255124 4.4133584 22.184731 7.4739366 6.1419159 0.282909
SEG 22.184731 7.4739366 6.1419159 22.152677 7.6314653 7.7832988 0.282909
SEG 22.152677 7.6314653 7.7832988 22.129728 7.7280336 9.3577531 0.282909
SEG 22.129728 7.7280336 9.3577531 22.114248 7.7819786 10.84388 0.282909
SEG 22.114248 7.7819786 10.84388 22.104272 7.8077518 12.282607 0.282909
SEG 22.104272 7.8077518 12.282607 22.098638 7.8137986 13.682729 0.282909
SEG 22.098638 7.8137986 13.682729 22.096462 7.8057999 15.040632 0.282909
SEG 22.096462 7.8057999 15.040632 21.907563 8.0006652 16.572335 0.282909
SEG 21.907563 8.0006652 16.572335 22.099746 7.76153 17.706545 0.282909
SEG 22.099746 7.76153 17.706545 22.104271 7.7295119 19.026568 0.282909
SEG 22.104271 7.7295119 19.026568 22.11023 7.6926903 20.3445 0.282909
SEG 22.11023 7.6926903 20.3445 22.117313 7.6519064 21.664194 0.282909
SEG 22.117313 7.6519064 21.664194 22.125239 7.6077267 22.988761 0.282909
SEG 22.125239 7.6077267 22.988761 22.133729 7.5605575 24.320647 0.282909
SEG 22.133729 7.5605575 24.320647 22.142528 7.5105397 25.666907 0.282909
SEG 22.142528 7.5105397 25.666907 22.151251 7.4584664 27.01762 0.282909
SEG 22.151251 7.4584664 27.01762 22.159604 7.4046916 28.378966 0.282909
SEG 22.159604 7.4046916 28.378966 22.167248 7.3501361 29.751691 0.282909
SEG 22.167248 7.3501361 29.751691 22.173857 7.296519 31.135971 0.282909
SEG 22.173857 7.296519 31.135971 22.179185 7.24665 32.534225 0.282909
SEG 22.179185 7.24665 32.534225 22.183059 7.2054646 33.933734 0.282909
SEG 22.183059 7.2054646 33.933734 22.185517 7.1788834 35.318385 0.282909
SEG 22.185517 7.1788834 35.318385 22.186812 7.1707329 36.659443 0.282909
SEG 22.186812 7.1707329 36.659443 22.187345 7.1772278 37.917944 0.282909
SEG 22.187345 7.1772278 37.917944 22.1875 7.1875 39.0625 0.282909
SEG 3.6192049 7.9205318 1.4947305 4.0674039 8.2146585 3.1071035 0.268531
SEG 4.0674039 8.2146585 3.1071035 4.3398042 8.4277899 4.5767034 0.268531
SEG 4.3398042 8.4277899 4.5767034 4.5172767 8.5922885 6.0291633 0.268531
SEG 4.5172767 8.5922885 6.0291633 4.628788 8.7130204 7.4369182 0.268531
SEG 4.628788 8.7130204 7.4369182 4.5527338 8.8315692 9.0188685 0.268531
SEG 4.5527338 8.8315692 9.0188685 4.7352205 8.8593336 10.193436 0.268531
SEG 4.7352205 8.8593336 10.193436 4.7522085 8.8968787 11.554185 0.268531
SEG 4.7522085 8.8968787 11.554185 4.7541759 8.916844 12.907422 0.268531
SEG 4.7541759 8.916844 12.907422 4.7454468 8.9228198 14.254322 0.268531
SEG 4.7454468 8.9228198 14.254322 4.7290277 8.9176793 15.595256 0.268531
SEG 4.7290277 8.9176793 15.595256 4.7071208 8.9037968 16.92716 0.268531
SEG 4.7071208 8.9037968 16.92716 4.6812063 8.8830415 18.252691 0.268531
SEG 4.6812063 8.8830415 18.252691 4.6523316 8.8568972 19.57165 0.268531
SEG 4.6523316 8.8568972 19.57165 4.621172 8.8265326 20.883998 0.268531
SEG 4.621172 8.8265326 20.883998 4.5881075 8.7928649 22.189963 0.268531
SEG 4.5881075 8.7928649 22.189963 4.5532824 8.7566237 23.490142 0.268531
SEG 4.5532824 8.7566237 23.490142 4.5167473 8.7185157 24.781873 0.268531
SEG 4.5167473 8.7185157 24.781873 4.4782053 8.6789937 26.069355 0.268531
SEG 4.4782053 8.6789937 26.069355 4.50792 8.7702408 27.03464 0.268531
SEG 4.50792 8.7702408 27.03464 4.3932416 8.5978431 28.64388 0.268531
SEG 4.3932416 8.5978431 28.64388 4.346252 8.5583023 29.918122 0.268531
SEG 4.346252 8.5583023 29.918122 4.2948434 8.5205589 31.201394 0.268531
SEG 4.2948434 8.5205589 31.201394 4.2376223 8.4860158 32.514581 0.268531
SEG 4.2376223 8.4860158 32.514581 4.1748206 8.4575014 33.85995 0.268531
SEG 4.1748206 8.4575014 33.85995 4.1099919 8.4383431 35.243135 0.268531
SEG 4.1099919 8.4383431 35.243135 4.0575822 8.4310921 36.6477 0.268531
SEG 4.0575822 8.4310921 36.6477 4.0444757 8.4334179 37.986994 0.268531
SEG 4.0444757 8.4334179 37.986994 4.0625 8.4375 39.0625 0.268531
SEG 27.161591 10.126288 0.36326128 26.887344 10.52913 2.3064603 0.286664
SEG 26.887344 10.52913 2.3064603 26.680156 10.825126 4.2001201 0.286664
SEG 26.680156 10.825126 4.2001201 26.532203 11.030234 5.9986425 0.286664
SEG 26.532203 11.030234 5.9986425 26.430241 11.167106 7.6811691 0.286664
SEG 26.430241 11.167106 7.6811691 26.360245 11.257803 9.2993081 0.286664
SEG 26.360245 11.257803 9.2993081 26.315715 11.313134 10.810316 0.286664
SEG 26.315715 11.313134 10.810316 26.288845 11.344535 12.261983 0.286664
SEG 26.288845 11.344535 12.261983 26.275187 11.358522 13.665187 0.286664
SEG 26.275187 11.358522 13.665187 26.271555 11.35964 15.016459 0.286664
SEG 26.271555 11.35964 15.016459 26.275545 11.351124 16.345944 0.286664
SEG 26.275545 11.351124 16.345944 26.361218 11.512876 17.54567 0.286664
SEG 26.361218 11.512876 17.54567 26.30054 11.312944 18.973664 0.286664
SEG 26.30054 11.312944 18.973664 26.319475 11.285898 20.285733 0.286664
SEG 26.319475 11.285898 20.285733 26.534716 11.429639 21.480769 0.286664
SEG 26.534716 11.429639 21.480769 26.366363 11.220394 22.930026 0.286664
SEG 26.366363 11.220394 22.930026 26.392967 11.183376 24.268981 0.286664
SEG 26.392967 11.183376 24.268981 26.420903 11.14425 25.630359 0.286664
SEG 26.420903 11.14425 25.630359 26.44916 11.10415 27.007377 0.286664
SEG 26.44916 11.10415 27.007377 26.618604 11.111004 28.106986 0.286664
SEG 26.618604 11.111004 28.106986 26.502223 11.026388 29.802955 0.286664
SEG 26.502223 11.026388 29.802955 26.524377 10.992508 31.214036 0.286664
SEG 26.524377 10.992508 31.214036 26.54185 10.965044 32.620368 0.286664
SEG 26.54185 10.965044 32.620368 26.7294 11.080453 34.015003 0.286664
SEG 26.7294 11.080453 34.015003 26.560604 10.935702 35.36183 0.286664
SEG 26.560604 10.935702 35.36183 26.563135 10.933032 36.66378 0.286664
SEG 26.563135 10.933032 36.66378 26.524674 11.069478 37.66592 0.286664
SEG 26.524674 11.069478 37.66592 26.5625 10.9375 39.0625 0.286664
SEG 6.8517423 22.286152 2.6228517 7.2255124 22.228554 4.4133584 0.282909
SEG 7.2255124 22.228554 4.4133584 7.7107838 22.368791 5.9130058 0.282909
SEG 7.7107838 22.368791 5.9130058 7.6314653 22.152677 7.7832988 0.282909
SEG 7.6314653 22.152677 7.7832988 7.7280336 22.129728 9.3577531 0.282909
SEG 7.7280336 22.129728 9.3577531 7.7819786 22.114248 10.84388 0.282909
SEG 7.7819786 22.114248 10.84388 7.8077518 22.104272 12.282607 0.282909
SEG 7.8077518 22.104272 12.282607 7.8137986 22.098638 13.682729 0.282909
SEG 7.8137986 22.098638 13.682729 7.8057999 22.096462 15.040632 0.282909
SEG 7.8057999 22.096462 15.040632 7.9523548 21.924979 16.547733 0.282909
SEG 7.9523548 21.924979 16.547733 7.76153 22.099746 17.706545 0.282909
SEG 7.76153 22.099746 17.706545 7.7295119 22.104271 19.026568 0.282909
SEG 7.7295119 22.104271 19.026568 7.8831668 21.974191 20.449276 0.282909
SEG 7.8831668 21.974191 20.449276 7.6519064 22.117313 21.664194 0.282909
SEG 7.6519064 22.117313 21.664194 7.6077267 22.125239 22.988761 0.282909
SEG 7.6077267 22.125239 22.988761 7.5605575 22.133729 24.320647 0.282909
SEG 7.5605575 22.133729 24.320647 7.5105397 22.142528 25.666907 0.282909
SEG 7.5105397 22.142528 25.666907 7.4584664 22.151251 27.01762 0.282909
SEG 7.4584664 22.151251 27.01762 7.4046916 22.159604 28.378966 0.282909
SEG 7.4046916 22.159604 28.378966 7.3501361 22.167248 29.751691 0.282909
SEG 7.3501361 22.167248 29.751691 7.296519 22.173857 31.135971 0.282909
SEG 7.296519 22.173857 31.135971 7.24665 22.179185 32.534225 0.282909
SEG 7.24665 22.179185 32.534225 7.2054646 22.183059 33.933734 0.282909
SEG 7.2054646 22.183059 33.933734 7.1788834 22.185517 35.318385 0.282909
SEG 7.1788834 22.185517 35.318385 7.1707329 22.186812 36.659443 0.282909
SEG 7.1707329 22.186812 36.659443 7.1772278 22.187345 37.917944 0.282909
SEG 7.1772278 22.187345 37.917944 7.1875 22.1875 39.0625 0.282909
SEG 10.126288 27.161591 0.36326128 10.52913 26.887344 2.3064603 0.286664
SEG 10.52913 26.887344 2.3064603 10.825126 26.680156 4.2001201 0.286664
SEG 10.825126 26.680156 4.2001201 11.030234 26.532203 5.9986425 0.286664
SEG 11.030234 26.532203 5.9986425 11.167106 26.430241 7.6811691 0.286664
SEG 11.167106 26.430241 7.6811691 11.257803 26.360245 9.2993081 0.286664
SEG 11.257803 26.360245 9.2993081 11.313134 26.315715 10.810316 0.286664
SEG 11.313134 26.315715 10.810316 11.344535 26.288845 12.261983 0.286664
SEG 11.344535 26.288845 12.261983 11.358522 26.275187 13.665187 0.286664
SEG 11.358522 26.275187 13.665187 11.35964 26.271555 15.016459 0.286664
SEG 11.35964 26.271555 15.016459 11.351124 26.275545 16.345944 0.286664
SEG 11.351124 26.275545 16.345944 11.335057 26.285595 17.662493 0.286664
SEG 11.335057 26.285595 17.662493 11.312944 26.30054 18.973664 0.286664
SEG 11.312944 26.30054 18.973664 11.285898 26.319475 20.285733 0.286664
SEG 11.285898 26.319475 20.285733 11.254785 26.341654 21.603773 0.286664
SEG 11.254785 26.341654 21.603773 11.220394 26.366363 22.930026 0.286664
SEG 11.220394 26.366363 22.930026 11.183376 26.392967 24.268981 0.286664
SEG 11.183376 26.392967 24.268981 11.067691 26.551493 25.787093 0.286664
SEG 11.067691 26.551493 25.787093 11.10415 26.44916 27.007377 0.286664
SEG 11.10415 26.44916 27.007377 11.064311 26.476686 28.399116 0.286664
SEG 11.064311 26.476686 28.399116 11.026388 26.502223 29.802955 0.286664
SEG 11.026388 26.502223 29.802955 10.992508 26.524377 31.214036 0.286664
SEG 10.992508 26.524377 31.214036 11.148646 26.354022 32.471666 0.286664
SEG 11.148646 26.354022 32.471666 10.945904 26.553885 34.008284 0.286664
SEG 10.945904 26.553885 34.008284 10.935702 26.560604 35.36183 0.286664
SEG 10.935702 26.560604 35.36183 10.933032 26.563135 36.66378 0.286664
SEG 10.933032 26.563135 36.66378 10.934796 26.563205 37.899513 0.286664
SEG 10.934796 26.563205 37.899513 10.9375 26.5625 39.0625 0.286664
SEG 3.8196498 32.034584 9.2980584 3.5348839 31.719407 10.702052 0.271779
SEG 3.5348839 31.719407 10.702052 3.4768442 31.565215 12.28959 0.271779
SEG 3.4768442 31.565215 12.28959 3.5308028 31.676103 13.460302 0.271779
SEG 3.5308028 31.676103 13.460302 3.5165992 31.676296 14.832416 0.271779
SEG 3.5165992 31.676296 14.832416 3.497176 31.469166 16.270072 0.271779
SEG 3.497176 31.469166 16.270072 3.4754686 31.705657 17.54897 0.271779
SEG 3.4754686 31.705657 17.54897 3.4510956 31.730562 18.889848 0.271779
SEG 3.4510956 31.730562 18.889848 3.4251404 31.760208 20.219064 0.271779
SEG 3.4251404 31.760208 20.219064 3.3979806 31.793468 21.53589 0.271779
SEG 3.3979806 31.793468 21.53589 3.3697572 31.82947 22.839915 0.271779
SEG 3.3697572 31.82947 22.839915 3.3404271 31.867524 24.131114 0.271779
SEG 3.3404271 31.867524 24.131114 3.3099159 31.906921 25.404892 0.271779
SEG 3.3099159 31.906921 25.404892 3.2778074 31.947268 26.665672 0.271779
SEG 3.2778074 31.947268 26.665672 3.2435836 31.988082 27.915568 0.271779
SEG 3.2435836 31.988082 27.915568 3.2065028 32.028807 29.158064 0.271779
SEG 3.2065028 32.028807 29.158064 3.1655173 32.068703 30.398442 0.271779
SEG 3.1655173 32.068703 30.398442 3.1207671 32.105498 31.603552 0.271779
SEG 3.1207671 32.105498 31.603552 3.0697077 32.138698 32.810615 0.271779
SEG 3.0697077 32.138698 32.810615 3.0102271 32.166271 34.031447 0.271779
SEG 3.0102271 32.166271 34.031447 2.9401026 32.18567 35.286306 0.271779
SEG 2.9401026 32.18567 35.286306 2.860979 32.194334 36.605425 0.271779
SEG 23.604766 2.5830003 1.7936131 23.502664 3.0747468 3.4312384 0.263063
SEG 23.502664 3.0747468 3.4312384 23.168893 3.4383518 4.8012258 0.263063
SEG 23.168893 3.4383518 4.8012258 23.413043 3.4283375 6.4820769 0.263063
SEG 23.413043 3.4283375 6.4820769 23.370028 3.5174842 8.0223294 0.263063
SEG 23.370028 3.5174842 8.0223294 23.337749 3.5629804 9.5302136 0.263063
SEG 23.337749 3.5629804 9.5302136 23.314853 3.5804273 11.014942 0.263063
SEG 23.314853 3.5804273 11.014942 23.068637 3.5045421 12.528875 0.263063
SEG 23.068637 3.5045421 12.528875 23.292059 3.5675492 13.903385 0.263063
SEG 23.292059 3.5675492 13.903385 23.289564 3.5477329 15.310276 0.263063
SEG 23.289564 3.5477329 15.310276 23.291507 3.5230134 16.698821 0.263063
SEG 23.291507 3.5230134 16.698821 23.296983 3.4950819 18.071203 0.263063
SEG 23.296983 3.4950819 18.071203 23.305197 3.4650982 19.423202 0.263063
SEG 23.305197 3.4650982 19.423202 23.315537 3.4335008 20.763743 0.263063
SEG 23.315537 3.4335008 20.763743 23.327448 3.4005944 22.094104 0.263063
SEG 23.327448 3.4005944 22.094104 23.340422 3.3664607 23.415114 0.263063
SEG 23.340422 3.3664607 23.415114 23.353974 3.3309994 24.727128 0.263063
SEG 23.353974 3.3309994 24.727128 23.367627 3.2939699 26.030047 0.263063
SEG 23.367627 3.2939699 26.030047 23.152515 3.0956822 27.113763 0.263063
SEG 23.152515 3.0956822 27.113763 23.393395 3.2136405 28.606562 0.263063
SEG 23.393395 3.2136405 28.606562 23.404658 3.1692094 29.879215 0.263063
SEG 23.404658 3.1692094 29.879215 23.414139 3.1221929 31.108963 0.263063
SEG 23.414139 3.1221929 31.108963 23.296198 3.1466312 32.514966 0.263063
SEG 29.719983 16.968393 1.1176739 29.340558 17.075053 3.0767091 0.280546
SEG 29.340558 17.075053 3.0767091 29.072617 17.154459 4.9701703 0.280546
SEG 29.072617 17.154459 4.9701703 28.70977 17.334435 6.6460619 0.280546
SEG 28.70977 17.334435 6.6460619 28.772786 17.250683 8.4469491 0.280546
SEG 28.772786 17.250683 8.4469491 28.698477 17.277141 10.029171 0.280546
SEG 28.698477 17.277141 10.029171 28.654396 17.294275 11.54483 0.280546
SEG 28.654396 17.294275 11.54483 28.632185 17.304305 13.002806 0.280546
SEG 28.632185 17.304305 13.002806 28.625838 17.308895 14.393881 0.280546
SEG 28.625838 17.308895 14.393881 28.630985 17.309419 15.753785 0.280546
SEG 28.630985 17.309419 15.753785 28.644931 17.30673 17.092472 0.280546
SEG 28.644931 17.30673 17.092472 28.665773 17.301472 18.418826 0.280546
SEG 28.665773 17.301472 18.418826 28.692136 17.294145 19.740448 0.280546
SEG 28.692136 17.294145 19.740448 28.722987 17.285161 21.06358 0.280546
SEG 28.722987 17.285161 21.06358 28.75747 17.274896 22.391438 0.280546
SEG 28.75747 17.274896 22.391438 28.794892 17.263688 23.729169 0.280546
SEG 28.794892 17.263688 23.729169 28.834694 17.25185 25.085676 0.280546
SEG 28.834694 17.25185 25.085676 28.875806 17.239849 26.455591 0.280546
SEG 28.875806 17.239849 26.455591 28.917068 17.228156 27.83819 0.280546
SEG 28.917068 17.228156 27.83819 28.956922 17.217293 29.23132 0.280546
SEG 28.956922 17.217293 29.23132 28.993445 17.207766 30.632278 0.280546
SEG 28.993445 17.207766 30.632278 29.024306 17.200029 32.029984 0.280546
SEG 29.024306 17.200029 32.029984 29.04743 17.194325 33.414537 0.280546
SEG 29.04743 17.194325 33.414537 29.061616 17.190621 34.773277 0.280546
SEG 29.061616 17.190621 34.773277 29.067391 17.188595 36.09161 0.280546
SEG 29.067391 17.188595 36.09161 28.907983 16.979758 37.27212 0.280546
SEG 28.907983 16.979758 37.27212 29.0645 17.187506 38.554382 0.280546
SEG 29.0645 17.187506 38.554382 29.0625 17.1875 39.6875 0.280546
SEG 2.5830003 23.604766 1.7936131 3.0757471 23.501341 3.4311831 0.263063
SEG 3.0757471 23.501341 3.4311831 3.271558 23.467014 4.9247427 0.263063
SEG 3.271558 23.467014 4.9247427 3.4283375 23.413043 6.4820769 0.263063
SEG 3.4283375 23.413043 6.4820769 3.5174842 23.370028 8.0223294 0.263063
SEG 3.5174842 23.370028 8.0223294 3.5629804 23.337749 9.5302136 0.263063
SEG 3.5629804 23.337749 9.5302136 3.5804273 23.314853 11.014942 0.263063
SEG 3.5804273 23.314853 11.014942 3.5798013 23.300047 12.476057 0.263063
SEG 3.5798013 23.300047 12.476057 3.5675492 23.292059 13.903385 0.263063
SEG 3.5675492 23.292059 13.903385 3.5477329 23.289564 15.310276 0.263063
SEG 3.5477329 23.289564 15.310276 3.5230134 23.291507 16.698821 0.263063
SEG 3.5230134 23.291507 16.698821 3.4950819 23.296983 18.071203 0.263063
SEG 3.4950819 23.296983 18.071203 3.4650982 23.305197 19.423202 0.263063
SEG 3.4650982 23.305197 19.423202 3.4335008 23.315537 20.763743 0.263063
SEG 3.4335008 23.315537 20.763743 3.4005944 23.327448 22.094104 0.263063
SEG 3.4005944 23.327448 22.094104 3.3664607 23.340422 23.415114 0.263063
SEG 3.3664607 23.340422 23.415114 3.3309994 23.353974 24.727128 0.263063
SEG 3.3309994 23.353974 24.727128 3.2939699 23.367627 26.030047 0.263063
SEG 3.2939699 23.367627 26.030047 3.2550125 23.380916 27.323399 0.263063
SEG 3.2550125 23.380916 27.323399 3.2136405 23.393395 28.606562 0.263063
SEG 3.2136405 23.393395 28.606562 3.1749848 23.330317 30.131066 0.263063
SEG 3.1749848 23.330317 30.131066 3.1221929 23.414139 31.108963 0.263063
SEG 3.1221929 23.414139 31.108963 3.0709322 23.421881 32.320194 0.263063
SEG 3.0709322 23.421881 32.320194 3.0141945 23.427854 33.519411 0.263063
SEG 3.0141945 23.427854 33.519411 2.950171 23.43217 34.725422 0.263063
SEG 2.950171 23.43217 34.725422 2.8772577 23.435028 35.977464 0.263063
SEG 2.8772577 23.435028 35.977464 2.8051413 23.436642 37.318386 0.263063
SEG 2.8051413 23.436642 37.318386 2.7856621 23.437308 38.637843 0.263063
SEG 16.968393 29.719983 1.1176739 17.075053 29.340558 3.0767091 0.280546
SEG 17.075053 29.340558 3.0767091 17.154459 29.072617 4.9701703 0.280546
SEG 17.154459 29.072617 4.9701703 17.21134 28.89105 6.7653402 0.280546
SEG 17.21134 28.89105 6.7653402 17.250683 28.772786 8.4469491 0.280546
SEG 17.250683 28.772786 8.4469491 17.277141 28.698477 10.029171 0.280546
SEG 17.277141 28.698477 10.029171 17.294275 28.654396 11.54483 0.280546
SEG 17.294275 28.654396 11.54483 17.304305 28.632185 13.002806 0.280546
SEG 17.304305 28.632185 13.002806 17.308895 28.625838 14.393881 0.280546
SEG 17.308895 28.625838 14.393881 17.309419 28.630985 15.753785 0.280546
SEG 17.309419 28.630985 15.753785 17.30673 28.644931 17.092472 0.280546
SEG 17.30673 28.644931 17.092472 17.301472 28.665773 18.418826 0.280546
SEG 17.301472 28.665773 18.418826 17.294145 28.692136 19.740448 0.280546
SEG 17.294145 28.692136 19.740448 17.285161 28.722987 21.06358 0.280546
SEG 17.285161 28.722987 21.06358 17.274896 28.75747 22.391438 0.280546
SEG 17.274896 28.75747 22.391438 17.263688 28.794892 23.729169 0.280546
SEG 17.263688 28.794892 23.729169 17.25185 28.834694 25.085676 0.280546
SEG 17.25185 28.834694 25.085676 17.239849 28.875806 26.455591 0.280546
SEG 17.239849 28.875806 26.455591 17.228156 28.917068 27.83819 0.280546
SEG 17.228156 28.917068 27.83819 17.217293 28.956922 29.23132 0.280546
SEG 17.217293 28.956922 29.23132 17.207766 28.993445 30.632278 0.280546
SEG 17.207766 28.993445 30.632278 17.200029 29.024306 32.029984 0.280546
SEG 17.200029 29.024306 32.029984 17.194325 29.04743 33.414537 0.280546
SEG 17.194325 29.04743 33.414537 17.190621 29.061616 34.773277 0.280546
SEG 37.918051 34.320551 1.6458148 37.587134 34.205407 3.0217153 0.263063
SEG 37.587134 34.205407 3.0217153 37.39729 34.003468 4.2671152 0.263063
SEG 37.39729 34.003468 4.2671152 37.0951 33.60607 5.5802921 0.263063
SEG 37.0951 33.60607 5.5802921 37.196374 33.71497 6.8268163 0.263063
SEG 37.196374 33.71497 6.8268163 37.148087 33.619669 8.178146 0.263063
SEG 37.148087 33.619669 8.178146 36.952019 33.511289 9.3728382 0.263063
SEG 36.952019 33.511289 9.3728382 37.113014 33.513006 10.94031 0.263063
SEG 37.113014 33.513006 10.94031 37.114535 33.492116 12.337263 0.263063
SEG 37.114535 33.492116 12.337263 37.123616 33.486987 13.736638 0.263063
SEG 37.123616 33.486987 13.736638 37.1378 33.49403 15.130547 0.263063
SEG 37.1378 33.49403 15.130547 37.129413 33.599428 16.750613 0.263063
SEG 37.129413 33.599428 16.750613 37.175189 33.533378 17.889116 0.263063
SEG 37.175189 33.533378 17.889116 37.196448 33.561502 19.247734 0.263063
SEG 37.196448 33.561502 19.247734 37.218684 33.593331 20.589312 0.263063
SEG 37.218684 33.593331 20.589312 37.241476 33.627619 21.901813 0.263063
SEG 37.241476 33.627619 21.901813 37.264898 33.663887 23.193071 0.263063
SEG 37.264898 33.663887 23.193071 37.210192 33.834051 25.025116 0.263063
SEG 37.210192 33.834051 25.025116 37.339832 33.780078 26.922015 0.263063
SEG 37.339832 33.780078 26.922015 37.270457 33.904713 28.319453 0.263063
SEG 37.270457 33.904713 28.319453 37.397066 33.861505 29.301733 0.263063
SEG 37.397066 33.861505 29.301733 37.42959 33.902612 30.463197 0.263063
SEG 37.42959 33.902612 30.463197 37.466271 33.943574 31.616528 0.263063
SEG 37.466271 33.943574 31.616528 37.506588 33.981582 32.712384 0.263063
SEG 37.506588 33.981582 32.712384 37.554258 34.016946 33.810625 0.263063
SEG 37.554258 34.016946 33.810625 37.611979 34.047057 34.918015 0.263063
SEG 37.611979 34.047057 34.918015 37.684531 34.068491 36.069899 0.263063
SEG 37.684531 34.068491 36.069899 37.774417 34.076201 37.322948 0.263063
SEG 37.774417 34.076201 37.322948 37.834435 34.069066 38.63775 0.263063
SEG 37.834435 34.069066 38.63775 37.8125 34.0625 39.6875 0.263063
SEG 34.437116 37.869346 1.8414786 34.205407 37.587134 3.0217153 0.263063
SEG 34.205407 37.587134 3.0217153 34.003468 37.39729 4.2671152 0.263063
SEG 34.003468 37.39729 4.2671152 33.843021 37.276053 5.5154223 0.263063
SEG 33.843021 37.276053 5.5154223 33.71497 37.196374 6.8268163 0.263063
SEG 33.71497 37.196374 6.8268163 33.619669 37.148087 8.178146 0.263063
SEG 33.619669 37.148087 8.178146 33.438218 37.139359 9.343939 0.263063
SEG 33.438218 37.139359 9.343939 33.513006 37.113014 10.94031 0.263063
SEG 33.513006 37.113014 10.94031 33.492116 37.114535 12.337263 0.263063
SEG 33.492116 37.114535 12.337263 33.567615 37.016032 13.527331 0.263063
SEG 33.567615 37.016032 13.527331 33.49403 37.1378 15.130547 0.263063
SEG 33.49403 37.1378 15.130547 33.510278 37.155382 16.515799 0.263063
SEG 33.510278 37.155382 16.515799 33.533378 37.175189 17.889116 0.263063
SEG 33.533378 37.175189 17.889116 33.561502 37.196448 19.247734 0.263063
SEG 33.561502 37.196448 19.247734 33.593331 37.218684 20.589312 0.263063
SEG 33.593331 37.218684 20.589312 33.627619 37.241476 21.901813 0.263063
SEG 33.627619 37.241476 21.901813 33.663887 37.264898 23.193071 0.263063
SEG 33.663887 37.264898 23.193071 33.87055 37.193057 24.66377 0.263063
SEG 33.87055 37.193057 24.66377 33.842531 37.40306 25.586537 0.263063
SEG 33.842531 37.40306 25.586537 33.780078 37.339832 26.922015 0.263063
SEG 33.780078 37.339832 26.922015 33.894197 37.282578 28.294903 0.263063
SEG 33.894197 37.282578 28.294903 33.861505 37.397066 29.301733 0.263063
SEG 33.861505 37.397066 29.301733 33.902612 37.42959 30.463197 0.263063
SEG 33.902612 37.42959 30.463197 33.943574 37.466271 31.616528 0.263063
SEG 33.943574 37.466271 31.616528 33.981582 37.506588 32.712384 0.263063
SEG 33.981582 37.506588 32.712384 34.016946 37.554258 33.810625 0.263063
SEG 1.0432653 2.0756567 3.8417403 1.0678357 3.1168219 3.7080572 0.263063
SEG 1.0678357 3.1168219 3.7080572 1.0025599 4.1528244 3.5501398 0.263063
SEG 1.0025599 4.1528244 3.5501398 0.92540397 5.1860707 3.3799951 0.263063
SEG 0.92540397 5.1860707 3.3799951 0.84946937 6.2338101 3.2067352 0.263063
SEG 0.84946937 6.2338101 3.2067352 0.77559934 7.3486646 3.0291054 0.263063
SEG 0.77559934 7.3486646 3.0291054 0.71216515 8.4288863 2.8678505 0.263063
SEG 0.71216515 8.4288863 2.8678505 0.54258248 9.6405945 2.6807428 0.263063
SEG 0.54258248 9.6405945 2.6807428 0.59921347 10.789881 2.5648826 0.263063
SEG 0.59921347 10.789881 2.5648826 0.54797431 12.159819 2.4232255 0.263063
SEG 0.54797431 12.159819 2.4232255 0.51282003 13.300306 2.3239615 0.263063
SEG 0.51282003 13.300306 2.3239615 0.42786414 14.426216 2.2582048 0.263063
SEG 0.42786414 14.426216 2.2582048 0.46020863 15.638053 2.1715645 0.263063
SEG 0.46020863 15.638053 2.1715645 0.39279281 16.892218 2.1618875 0.263063
SEG 0.39279281 16.892218 2.1618875 0.43036114 18.018586 2.0847591 0.263063
SEG 0.43036114 18.018586 2.0847591 0.4238724 19.217315 2.0660009 0.263063
SEG 0.4238724 19.217315 2.0660009 0.60051662 20.553376 2.1442666 0.263063
SEG 0.60051662 20.553376 2.1442666 0.42782011 21.621792 2.0774104 0.263063
SEG 0.42782011 21.621792 2.0774104 0.43830044 22.822116 2.1077562 0.263063
SEG 0.43830044 22.822116 2.1077562 0.45446777 24.017456 2.1547905 0.263063
SEG 0.45446777 24.017456 2.1547905 0.47629381 25.204741 2.2187453 0.263063
SEG 0.47629381 25.204741 2.2187453 0.50410955 26.380489 2.2991535 0.263063
SEG 0.50410955 26.380489 2.2991535 0.53807058 27.540544 2.3955325 0.263063
SEG 0.53807058 27.540544 2.3955325 0.57814957 28.679729 2.5071085 0.263063
SEG 0.57814957 28.679729 2.5071085 0.84099079 30.030503 2.7641562 0.263063
SEG 0.84099079 30.030503 2.7641562 0.6957428 31.266076 2.8245979 0.263063
SEG 0.6957428 31.266076 2.8245979 0.76125739 32.41806 2.9932432 0.263063
SEG 0.76125739 32.41806 2.9932432 0.83356232 33.535341 3.1691757 0.263063
SEG 0.83356232 33.535341 3.1691757 0.91718935 34.702677 3.3615728 0.263063
SEG 0.91718935 34.702677 3.3615728 0.99543075 35.750289 3.5345788 0.263063
SEG 0.99543075 35.750289 3.5345788 1.0629952 36.785902 3.6940801 0.263063
SEG 1.0629952 36.785902 3.6940801 1.0591104 37.826995 3.8304987 0.263063
SEG 1.0591104 37.826995 3.8304987 0.73150806 38.819252 3.933474 0.263063
SEG 0.73150806 38.819252 3.933474 0.98423069 39.611463 3.7904917 0.263063
SEG 9.5507935 38.862376 2.9647875 10.757364 38.941668 2.8268802 0.263063
SEG 10.757364 38.941668 2.8268802 12.124594 39.263947 2.660678 0.263063
SEG 12.124594 39.263947 2.660678 13.279205 39.07148 2.5963219 0.263063
SEG 13.279205 39.07148 2.5963219 14.577614 39.120647 2.5077965 0.263063
SEG 14.577614 39.120647 2.5077965 15.892999 39.158807 2.4380707 0.263063
SEG 15.892999 39.158807 2.4380707 17.000739 39.182331 2.3945847 0.263063
SEG 17.000739 39.182331 2.3945847 18.116717 39.19841 2.3646217 0.263063
SEG 18.116717 39.19841 2.3646217 19.235753 39.20708 2.3483783 0.263063
SEG 19.235753 39.20708 2.3483783 20.358232 39.208409 2.3458827 0.263063
SEG 20.358232 39.208409 2.3458827 21.481292 39.202376 2.3572008 0.263063
SEG 21.481292 39.202376 2.3572008 22.602103 39.188919 2.3823354 0.263063
SEG 22.602103 39.188919 2.3823354 23.717725 39.167952 2.4212152 0.263063
SEG 23.717725 39.167952 2.4212152 24.829172 39.139264 2.4738969 0.263063
SEG 24.829172 39.139264 2.4738969 25.930351 39.102809 2.5400708 0.263063
SEG 25.930351 39.102809 2.5400708 27.236284 39.048665 2.6370197 0.263063
SEG 27.236284 39.048665 2.6370197 28.522189 38.983461 2.7528539 0.263063
SEG 28.522189 38.983461 2.7528539 29.781757 38.907862 2.8864805 0.263063
SEG 29.781757 38.907862 2.8864805 31.00684 38.821629 3.034208 0.263063
SEG 31.00684 38.821629 3.034208 32.186172 38.726135 3.1918583 0.263063
SEG 32.186172 38.726135 3.1918583 33.4284 38.612225 3.3719817 0.263063
SEG 33.4284 38.612225 3.3719817 34.586756 38.494392 3.5482321 0.263063
SEG 34.586756 38.494392 3.5482321 35.625317 38.381249 3.7051026 0.263063
SEG 35.625317 38.381249 3.7051026 36.658964 38.267583 3.8505498 0.263063
SEG 38.601652 7.770221 1.35175 38.895198 9.0512284 1.2602138 0.263063
SEG 38.895198 9.0512284 1.2602138 38.911425 9.9580113 1.234597 0.263063
SEG 39.648653 25.960846 1.2979449 39.434409 27.151382 1.056296 0.263063
SEG 39.434409 27.151382 1.056296 39.325783 28.194708 1.1029037 0.263063
SEG 39.325783 28.194708 1.1029037 39.166837 29.400223 1.1658088 0.263063
SEG 39.166837 29.400223 1.1658088 38.852121 30.430762 1.2562517 0.263063
SEG 38.852121 30.430762 1.2562517 38.678874 31.612468 1.3557373 0.263063
SEG 38.678874 31.612468 1.3557373 38.375765 33.027433 1.4140801 0.263063
SEG 38.375765 33.027433 1.4140801 37.918051 34.320551 1.6458148 0.263063
SEG 37.918051 34.320551 1.6458148 37.288705 35.584077 1.6200806 0.263063
SEG 37.288705 35.584077 1.6200806 36.47114 36.796235 1.5548641 0.263063
SEG 1.7042209 1.6875492 6.1656968 2.4994714 2.4390892 6.002635 0.309872
SEG 2.4994714 2.4390892 6.002635 3.3486397 3.2220107 5.8966376 0.309872
SEG 3.3486397 3.2220107 5.8966376 4.2738767 4.0712855 5.7177835 0.309872
SEG 4.2738767 4.0712855 5.7177835 5.6406643 4.1183293 5.6004937 0.309872
SEG 5.6406643 4.1183293 5.6004937 7.043474 4.0778578 5.4456936 0.309872
SEG 7.043474 4.0778578 5.4456936 8.5026626 3.9984386 5.2875173 0.309872
SEG 8.5026626 3.9984386 5.2875173 10.025007 3.9079428 5.1335912 0.309872
SEG 10.025007 3.9079428 5.1335912 11.576164 3.6692075 4.9828252 0.309872
SEG 11.576164 3.6692075 4.9828252 13.190499 3.7382579 4.8713474 0.309872
SEG 13.190499 3.7382579 4.8713474 14.78359 3.6723 4.7744242 0.309872
SEG 14.78359 3.6723 4.7744242 16.260669 3.5072632 4.7428705 0.309872
SEG 16.260669 3.5072632 4.7428705 18.011709 3.5897208 4.655784 0.309872
SEG 18.011709 3.5897208 4.655784 19.634364 3.5758959 4.6362511 0.309872
SEG 19.634364 3.5758959 4.6362511 21.255186 3.5811239 4.6436249 0.309872
SEG 21.255186 3.5811239 4.6436249 23.168893 3.4383518 4.8012258 0.309872
SEG 26.059578 3.7052875 4.822639 27.664078 3.7796782 4.9333819 0.309872
SEG 27.664078 3.7796782 4.9333819 29.205295 3.8631385 5.0619755 0.309872
SEG 29.205295 3.8631385 5.0619755 30.689617 3.9504799 5.2040119 0.309872
SEG 30.689617 3.9504799 5.2040119 32.122082 4.034266 5.3543918 0.309872
SEG 32.122082 4.034266 5.3543918 33.489174 4.1007482 5.5045574 0.309872
SEG 33.489174 4.1007482 5.5045574 34.762315 4.1109046 5.6450588 0.309872
SEG 34.762315 4.1109046 5.6450588 35.986412 3.7659971 5.7978854 0.309872
SEG 35.986412 3.7659971 5.7978854 36.912717 2.9979743 5.9316721 0.309872
SEG 12.849309 5.386138 8.9499103 14.51881 5.4649847 9.1045055 0.323659
SEG 14.51881 5.4649847 9.1045055 16.017504 5.5147664 9.0609509 0.323659
SEG 16.017504 5.5147664 9.0609509 17.530106 5.5452597 9.0302453 0.323659
SEG 17.530106 5.5452597 9.0302453 19.055963 5.5603663 9.0136188 0.323659
SEG 19.055963 5.5603663 9.0136188 20.580318 5.292955 9.2159516 0.323659
SEG 20.580318 5.292955 9.2159516 22.117146 5.5500329 9.0250975 0.323659
SEG 22.117146 5.5500329 9.0250975 23.642679 5.5231659 9.0528585 0.323659
SEG 23.642679 5.5231659 9.0528585 25.159809 5.4775798 9.0941169 0.323659
SEG 25.159809 5.4775798 9.0941169 26.657388 5.4074543 9.1470019 0.323659
SEG 26.657388 5.4074543 9.1470019 28.135605 5.3022509 9.2093245 0.323659
SEG 28.135605 5.3022509 9.2093245 29.576247 5.1472958 9.2776173 0.323659
SEG 29.576247 5.1472958 9.2776173 30.979867 4.9177407 9.3488203 0.323659
SEG 30.979867 4.9177407 9.3488203 32.326489 4.5799724 9.4185504 0.323659
SEG 32.326489 4.5799724 9.4185504 33.593067 4.1019087 9.4822768 0.323659
SEG 33.593067 4.1019087 9.4822768 34.777254 3.473927 9.5363442 0.323659
SEG 34.777254 3.473927 9.5363442 35.935665 2.5362839 9.7153498 0.323659
SEG 12.743596 6.2455978 13.13459 14.060295 6.6374748 13.251703 0.32198
SEG 14.060295 6.6374748 13.251703 15.425596 6.7929785 13.241319 0.32198
SEG 15.425596 6.7929785 13.241319 16.671495 6.8380293 13.003168 0.32198
SEG 16.671495 6.8380293 13.003168 18.196751 6.9636824 13.227069 0.32198
SEG 18.196751 6.9636824 13.227069 19.596765 6.9913479 13.224413 0.32198
SEG 19.596765 6.9913479 13.224413 20.999058 6.9839391 13.225137 0.32198
SEG 20.999058 6.9839391 13.225137 22.400024 6.9407881 13.229192 0.32198
SEG 22.400024 6.9407881 13.229192 23.795862 6.8584783 13.236253 0.32198
SEG 23.795862 6.8584783 13.236253 25.178794 6.7309919 13.24571 0.32198
SEG 25.178794 6.7309919 13.24571 26.546155 6.5485422 13.256733 0.32198
SEG 26.546155 6.5485422 13.256733 27.891236 6.2970524 13.268253 0.32198
SEG 27.891236 6.2970524 13.268253 29.196191 5.8869124 12.980118 0.32198
SEG 29.196191 5.8869124 12.980118 30.478083 5.5180362 13.287754 0.32198
SEG 30.478083 5.5180362 13.287754 31.702753 4.9645512 13.293336 0.32198
SEG 31.702753 4.9645512 13.293336 32.875104 4.3005837 13.294989 0.32198
SEG 32.875104 4.3005837 13.294989 33.999016 3.5345505 13.292458 0.32198
SEG 33.999016 3.5345505 13.292458 35.083165 2.6733952 13.286092 0.32198
SEG 35.083165 2.6733952 13.286092 36.164717 1.7503746 13.276954 0.32198
SEG 36.164717 1.7503746 13.276954 37.640034 1.8722715 13.269667 0.32198
SEG 37.640034 1.8722715 13.269667 38.740302 2.939842 13.269962 0.32198
SEG 38.740302 2.939842 13.269962 39.629242 4.1643052 13.273502 0.32198
SEG 3.1161681 5.8742483 13.288723 3.878417 7.0007288 13.29194 0.324532
SEG 3.878417 7.0007288 13.29194 4.8261108 8.1706382 13.411145 0.324532
SEG 4.8261108 8.1706382 13.411145 5.0827777 9.4222902 13.28596 0.324532
SEG 5.0827777 9.4222902 13.28596 5.5108831 10.696203 13.277723 0.324532
SEG 5.5108831 10.696203 13.277723 5.8394511 12.009921 13.267326 0.324532
SEG 5.8394511 12.009921 13.267326 6.0835193 13.347459 13.256101 0.324532
SEG 6.0835193 13.347459 13.256101 6.224725 14.594375 13.025121 0.324532
SEG 6.224725 14.594375 13.025121 6.386662 16.08126 13.235759 0.324532
SEG 6.386662 16.08126 13.235759 6.4686382 17.467648 13.228577 0.324532
SEG 6.4686382 17.467648 13.228577 6.5133055 18.862847 13.22428 0.324532
SEG 6.5133055 18.862847 13.22428 6.5237404 20.264677 13.223233 0.324532
SEG 6.5237404 20.264677 13.223233 6.5005411 21.667022 13.225543 0.324532
SEG 6.5005411 21.667022 13.225543 6.4418552 23.066318 13.231027 0.324532
SEG 6.4418552 23.066318 13.231027 6.3431898 24.458723 13.239233 0.324532
SEG 6.3431898 24.458723 13.239233 6.1975585 25.835434 13.249416 0.324532
SEG 6.1975585 25.835434 13.249416 5.9933985 27.197454 13.260668 0.324532
SEG 5.9933985 27.197454 13.260668 5.7157769 28.534625 13.27179 0.324532
SEG 5.7157769 28.534625 13.27179 5.3470623 29.836997 13.281485 0.324532
SEG 5.3470623 29.836997 13.281485 4.8707315 31.09886 13.288532 0.324532
SEG 4.8707315 31.09886 13.288532 4.2790455 32.312336 13.291921 0.324532
SEG 4.2790455 32.312336 13.291921 3.5741177 33.474902 13.291123 0.324532
SEG 3.5741177 33.474902 13.291123 2.7614172 34.589703 13.286223 0.324532
SEG 2.7614172 34.589703 13.286223 1.8398825 35.659148 13.278054 0.324532
SEG 1.8398825 35.659148 13.278054 1.6236036 37.123602 13.269676 0.324532
SEG 1.6236036 37.123602 13.269676 2.6323019 38.251461 13.269134 0.324532
SEG 2.6323019 38.251461 13.269134 3.7262288 39.29686 13.270681 0.324532
SEG 3.7095489 0.4628756 17.568565 2.3132187 1.3521401 17.551922 0.339136
SEG 5.5122214 2.9935769 17.15681 6.5310268 3.8842527 17.187708 0.323352
SEG 6.5310268 3.8842527 17.187708 7.5062118 4.7305673 17.461012 0.323352
SEG 7.5062118 4.7305673 17.461012 8.7080047 5.458144 17.250394 0.323352
SEG 8.7080047 5.458144 17.250394 9.8582251 6.1124683 17.279255 0.323352
SEG 9.8582251 6.1124683 17.279255 11.051793 6.6644002 17.305158 0.323352
SEG 11.051793 6.6644002 17.305158 12.323856 7.3290578 17.156774 0.323352
SEG 12.323856 7.3290578 17.156774 13.551618 7.4548802 17.345893 0.323352
SEG 13.551618 7.4548802 17.345893 14.84422 7.7122443 17.360484 0.323352
SEG 14.84422 7.7122443 17.360484 16.152783 7.8953064 17.371398 0.323352
SEG 16.152783 7.8953064 17.371398 17.473816 8.0165979 17.378899 0.323352
SEG 17.473816 8.0165979 17.378899 18.802886 8.0843549 17.383191 0.323352
SEG 18.802886 8.0843549 17.383191 20.137185 8.1032558 17.384402 0.323352
SEG 20.137185 8.1032558 17.384402 21.471722 8.0745197 17.382563 0.323352
SEG 21.471722 8.0745197 17.382563 22.803016 7.9960919 17.377609 0.323352
SEG 22.803016 7.9960919 17.377609 24.127052 7.8623 17.369382 0.323352
SEG 24.127052 7.8623 17.369382 25.438646 7.6636078 17.357648 0.323352
SEG 25.438646 7.6636078 17.357648 26.730659 7.3871442 17.342173 0.323352
SEG 26.730659 7.3871442 17.342173 27.99609 7.0189374 17.322782 0.323352
SEG 27.99609 7.0189374 17.322782 29.221339 6.5492992 17.299623 0.323352
SEG 29.221339 6.5492992 17.299623 30.401048 5.9759857 17.273089 0.323352
SEG 30.401048 5.9759857 17.273089 31.532553 5.3060977 17.243921 0.323352
SEG 31.532553 5.3060977 17.243921 32.619166 4.5509146 17.213092 0.323352
SEG 32.619166 4.5509146 17.213092 33.864785 3.7372221 17.063964 0.323352
SEG 33.864785 3.7372221 17.063964 34.684605 2.8084702 17.150912 0.323352
SEG 34.684605 2.8084702 17.150912 36.009622 2.4297403 17.066689 0.323352
SEG 36.009622 2.4297403 17.066689 37.24628 3.2358536 17.114836 0.323352
SEG 37.24628 3.2358536 17.114836 38.170002 4.319439 17.12095 0.323352
SEG 38.170002 4.319439 17.12095 39.06989 5.4464655 17.133247 0.323352
SEG 39.06989 5.4464655 17.133247 39.668721 6.7765075 17.150965 0.323352
SEG 34.402425 6.0839414 13.324827 33.515488 7.0670188 13.324721 0.319086
SEG 33.515488 7.0670188 13.324721 32.626361 7.8549015 13.091728 0.319086
SEG 32.626361 7.8549015 13.091728 31.828166 9.1126247 13.313375 0.319086
SEG 31.828166 9.1126247 13.313375 31.061889 10.199879 13.302976 0.319086
SEG 31.061889 10.199879 13.302976 30.381011 11.359392 13.290325 0.319086
SEG 30.381011 11.359392 13.290325 29.822798 12.602747 13.276481 0.319086
SEG 29.822798 12.602747 13.276481 29.407893 13.921751 13.262755 0.319086
SEG 29.407893 13.921751 13.262755 29.123736 15.287943 13.250454 0.319086
SEG 29.123736 15.287943 13.250454 28.939774 16.689384 13.240511 0.319086
SEG 28.939774 16.689384 13.240511 28.831764 18.107561 13.233718 0.319086
SEG 28.831764 18.107561 13.233718 28.785582 19.535355 13.230546 0.319086
SEG 28.785582 19.535355 13.230546 28.795282 20.968088 13.23123 0.319086
SEG 28.795282 20.968088 13.23123 28.862455 22.398563 13.235741 0.319086
SEG 28.862455 22.398563 13.235741 28.996706 23.820762 13.243781 0.319086
SEG 28.996706 23.820762 13.243781 29.215981 25.221869 13.254766 0.319086
SEG 29.215981 25.221869 13.254766 29.549412 26.589987 13.267899 0.319086
SEG 29.549412 26.589987 13.267899 30.023142 27.895959 13.281981 0.319086
SEG 30.023142 27.895959 13.281981 30.638858 29.119439 13.295645 0.319086
SEG 30.638858 29.119439 13.295645 31.36553 30.25827 13.307604 0.319086
SEG 31.36553 30.25827 13.307604 32.164337 31.327846 13.316896 0.319086
SEG 32.164337 31.327846 13.316896 33.006358 32.349976 13.322909 0.319086
SEG 33.006358 32.349976 13.322909 33.878392 33.343599 13.325248 0.319086
SEG 33.878392 33.343599 13.325248 34.777878 34.324699 13.323772 0.319086
SEG 34.777878 34.324699 13.323772 35.700767 35.301014 13.318556 0.319086
SEG 35.700767 35.301014 13.318556 36.665486 36.295951 13.309999 0.319086
SEG 36.665486 36.295951 13.309999 37.492665 37.464625 13.299443 0.319086
SEG 2.8022127 6.138172 17.037624 3.6572295 7.1974601 17.067737 0.317742
SEG 3.6572295 7.1974601 17.067737 4.4097443 8.297337 17.097467 0.317742
SEG 4.4097443 8.297337 17.097467 5.0645012 9.4464958 17.12569 0.317742
SEG 5.0645012 9.4464958 17.12569 5.6172445 10.648112 17.151429 0.317742
SEG 5.6172445 10.648112 17.151429 6.0648738 11.895385 17.173854 0.317742
SEG 6.0648738 11.895385 17.173854 6.4115755 13.171301 17.192451 0.317742
SEG 6.4115755 13.171301 17.192451 6.4070943 14.477804 17.037346 0.317742
SEG 6.4070943 14.477804 17.037346 6.8587309 15.782014 17.218473 0.317742
SEG 6.8587309 15.782014 17.218473 6.986312 17.108759 17.226392 0.317742
SEG 6.986312 17.108759 17.226392 7.0620851 18.439728 17.231212 0.317742
SEG 7.0620851 18.439728 17.231212 7.0916686 19.775305 17.233117 0.317742
SEG 7.0916686 19.775305 17.233117 7.0769798 21.11235 17.23217 0.317742
SEG 7.0769798 21.11235 17.23217 7.0168633 22.447709 17.228328 0.317742
SEG 7.0168633 22.447709 17.228328 6.9071035 23.777875 17.221454 0.317742
SEG 6.9071035 23.777875 17.221454 6.7405635 25.096357 17.211355 0.317742
SEG 6.7405635 25.096357 17.211355 6.5057798 26.40314 17.197733 0.317742
SEG 6.5057798 26.40314 17.197733 6.1897262 27.6868 17.180409 0.317742
SEG 6.1897262 27.6868 17.180409 5.7764827 29.064592 16.915344 0.317742
SEG 5.7764827 29.064592 16.915344 5.2622592 30.15566 17.134658 0.317742
SEG 5.2622592 30.15566 17.134658 4.6405869 31.323065 17.107148 0.317742
SEG 4.6405869 31.323065 17.107148 3.9176871 32.442637 17.077714 0.317742
SEG 3.9176871 32.442637 17.077714 3.1007288 33.511879 17.04768 0.317742
SEG 3.1007288 33.511879 17.04768 2.1790955 34.538497 17.018363 0.317742
SEG 2.1790955 34.538497 17.018363 2.3720936 36.109609 16.958829 0.317742
SEG 2.3720936 36.109609 16.958829 3.0861112 37.053103 16.988097 0.317742
SEG 3.0861112 37.053103 16.988097 4.0603373 38.109422 16.9899 0.317742
SEG 4.0603373 38.109422 16.9899 5.1653481 39.011849 17.000976 0.317742
SEG 27.116389 27.246213 13.251734 26.05434 26.287805 13.235292 0.319789
SEG 26.05434 26.287805 13.235292 24.911355 25.388682 13.219755 0.319789
SEG 24.911355 25.388682 13.219755 23.631502 24.668223 13.206483 0.319789
SEG 23.631502 24.668223 13.206483 22.204127 24.277267 13.197269 0.319789
SEG 22.204127 24.277267 13.197269 20.727497 24.134107 13.19276 0.319789
SEG 20.727497 24.134107 13.19276 19.243937 24.135362 13.192804 0.319789
SEG 19.243937 24.135362 13.192804 17.771189 24.281381 13.197388 0.319789
SEG 17.771189 24.281381 13.197388 16.356003 24.67435 13.206604 0.319789
SEG 16.356003 24.67435 13.206604 15.0893 25.388752 13.219765 0.319789
SEG 15.0893 25.388752 13.219765 13.964114 26.272203 13.235036 0.319789
SEG 13.964114 26.272203 13.235036 12.915866 27.216281 13.25124 0.319789
SEG 12.915866 27.216281 13.25124 11.906926 28.171994 13.267419 0.319789
SEG 11.906926 28.171994 13.267419 10.925304 29.126136 13.282763 0.319789
SEG 10.925304 29.126136 13.282763 9.9668969 30.068324 13.296449 0.319789
SEG 9.9668969 30.068324 13.296449 9.0188325 31.006758 13.307915 0.319789
SEG 9.0188325 31.006758 13.307915 8.0723855 31.946853 13.316562 0.319789
SEG 8.0723855 31.946853 13.316562 7.1354188 32.879822 13.32179 0.319789
SEG 3.4054249 5.8869304 9.309366 3.8921344 7.4050754 9.305567 0.322173
SEG 3.8921344 7.4050754 9.305567 4.5527338 8.8315692 9.0188685 0.322173
SEG 4.5527338 8.8315692 9.0188685 4.4182342 10.145366 9.1645992 0.322173
SEG 4.4182342 10.145366 9.1645992 4.5619656 11.581921 9.0946288 0.322173
SEG 4.5619656 11.581921 9.0946288 4.6590529 13.045388 9.0304086 0.322173
SEG 4.6590529 13.045388 9.0304086 4.7245807 14.537734 8.9747611 0.322173
SEG 4.7245807 14.537734 8.9747611 4.7671965 16.044361 8.9305471 0.322173
SEG 4.7671965 16.044361 8.9305471 4.7931141 17.564509 8.8995281 0.322173
SEG 4.7931141 17.564509 8.8995281 4.8057264 19.089262 8.8830013 0.322173
SEG 4.8057264 19.089262 8.8830013 4.9154062 20.594721 9.150787 0.322173
SEG 4.9154062 20.594721 9.150787 4.7965651 22.135583 8.8951028 0.322173
SEG 4.7965651 22.135583 8.8951028 4.7736814 23.648183 8.9231405 0.322173
SEG 4.7736814 23.648183 8.9231405 4.7352898 25.141943 8.9642918 0.322173
SEG 4.7352898 25.141943 8.9642918 4.6763791 26.617801 9.0169121 0.322173
SEG 4.6763791 26.617801 9.0169121 4.5886949 28.071083 9.0786603 0.322173
SEG 4.5886949 28.071083 9.0786603 4.4610745 29.482864 9.1459668 0.322173
SEG 4.4610745 29.482864 9.1459668 4.2742543 30.860048 9.2160404 0.322173
SEG 4.2742543 30.860048 9.2160404 3.8196498 32.034584 9.2980584 0.322173
SEG 3.8196498 32.034584 9.2980584 3.602915 33.478251 9.3495253 0.322173
SEG 3.602915 33.478251 9.3495253 3.0475979 34.704288 9.4052605 0.322173
SEG 3.0475979 34.704288 9.4052605 2.3820657 35.927181 9.6636412 0.322173
SEG 0.60287333 3.3796104 21.704526 1.5065888 2.362661 21.692549 0.32393
SEG 1.5065888 2.362661 21.692549 2.5507539 1.4996738 21.695764 0.32393
SEG 2.5507539 1.4996738 21.695764 3.6407071 0.69170793 21.710966 0.32393
SEG 3.6407071 0.69170793 21.710966 4.3251329 0.32399324 21.726878 0.32393
SEG 5.4413099 3.0595116 20.945849 6.4673759 3.8895894 20.987901 0.31593
SEG 6.4673759 3.8895894 20.987901 7.5415524 4.6435512 21.032549 0.31593
SEG 7.5415524 4.6435512 21.032549 8.6707118 5.3123099 21.078024 0.31593
SEG 8.6707118 5.3123099 21.078024 9.8494313 5.8793275 21.122109 0.31593
SEG 9.8494313 5.8793275 21.122109 11.071665 6.3387163 21.162965 0.31593
SEG 11.071665 6.3387163 21.162965 12.558008 6.7872435 21.174386 0.31593
SEG 12.558008 6.7872435 21.174386 13.607895 6.9668991 21.230189 0.31593
SEG 13.607895 6.9668991 21.230189 14.903258 7.1660173 21.255422 0.31593
SEG 14.903258 7.1660173 21.255422 16.210814 7.3075565 21.274881 0.31593
SEG 16.210814 7.3075565 21.274881 17.525287 7.4011701 21.288536 0.31593
SEG 17.525287 7.4011701 21.288536 18.844803 7.4532337 21.296425 0.31593
SEG 18.844803 7.4532337 21.296425 20.166225 7.4671466 21.298571 0.31593
SEG 20.166225 7.4671466 21.298571 21.4877 7.4438381 21.294982 0.31593
SEG 21.4877 7.4438381 21.294982 22.807331 7.381781 21.285636 0.31593
SEG 22.807331 7.381781 21.285636 24.325608 7.3323037 21.079643 0.31593
SEG 24.325608 7.3323037 21.079643 25.431394 7.1212646 21.24949 0.31593
SEG 25.431394 7.1212646 21.24949 26.727105 6.9044828 21.222687 0.31593
SEG 26.727105 6.9044828 21.222687 28.004454 6.6119527 21.190234 0.31593
SEG 28.004454 6.6119527 21.190234 29.255331 6.22761 21.152569 0.31593
SEG 29.255331 6.22761 21.152569 30.468617 5.7392692 21.110649 0.31593
SEG 30.468617 5.7392692 21.110649 31.631637 5.1460049 21.06611 0.31593
SEG 31.631637 5.1460049 21.06611 32.742569 4.4556375 21.020768 0.31593
SEG 32.742569 4.4556375 21.020768 33.803667 3.6818696 20.976632 0.31593
SEG 33.803667 3.6818696 20.976632 34.821979 2.8296965 20.935441 0.31593
SEG 34.821979 2.8296965 20.935441 35.899372 2.1645458 21.008914 0.31593
SEG 35.899372 2.1645458 21.008914 37.197976 2.3717887 20.875141 0.31593
SEG 37.197976 2.3717887 20.875141 38.363397 3.1845373 20.917999 0.31593
SEG 38.363397 3.1845373 20.917999 39.048085 4.381372 20.891815 0.31593
SEG 4.331759 4.4157889 17.434705 5.1298704 5.3667906 17.201576 0.313801
SEG 5.1298704 5.3667906 17.201576 6.2965243 6.4255506 17.21213 0.313801
SEG 6.2965243 6.4255506 17.21213 6.9654742 7.2574953 17.266216 0.313801
SEG 6.9654742 7.2574953 17.266216 7.861796 8.2017851 17.29758 0.313801
SEG 7.861796 8.2017851 17.29758 8.7449331 9.1552522 17.32763 0.313801
SEG 8.7449331 9.1552522 17.32763 9.612742 10.125094 17.356004 0.313801
SEG 9.612742 10.125094 17.356004 10.442447 11.012789 17.199325 0.313801
SEG 10.442447 11.012789 17.199325 11.253637 12.149365 17.406143 0.313801
SEG 11.253637 12.149365 17.406143 11.984992 13.242704 17.427371 0.313801
SEG 11.984992 13.242704 17.427371 12.602931 14.414911 17.445367 0.313801
SEG 12.602931 14.414911 17.445367 13.205361 15.923065 17.021664 0.313801
SEG 13.205361 15.923065 17.021664 13.36001 16.976058 17.469581 0.313801
SEG 13.36001 16.976058 17.469581 13.526779 18.314953 17.475755 0.313801
SEG 13.526779 18.314953 17.475755 13.592627 19.665701 17.478332 0.313801
SEG 13.592627 19.665701 17.478332 13.570671 21.019238 17.477463 0.313801
SEG 13.570671 21.019238 17.477463 13.456177 22.367638 17.473085 0.313801
SEG 13.456177 22.367638 17.473085 13.226275 23.698923 17.46494 0.313801
SEG 13.226275 23.698923 17.46494 12.844911 24.990861 17.452694 0.313801
SEG 12.844911 24.990861 17.452694 12.295325 26.21094 17.436366 0.313801
SEG 12.295325 26.21094 17.436366 11.606479 27.346787 17.416464 0.313801
SEG 11.606479 27.346787 17.416464 10.82838 28.411309 17.393605 0.313801
SEG 10.82838 28.411309 17.393605 10.011999 29.346093 17.060982 0.313801
SEG 10.011999 29.346093 17.060982 9.1426743 30.404868 17.340822 0.313801
SEG 9.1426743 30.404868 17.340822 8.2658671 31.364055 17.311502 0.313801
SEG 8.2658671 31.364055 17.311502 7.4962126 32.467475 17.050318 0.313801
SEG 7.4962126 32.467475 17.050318 6.4717028 33.255493 17.24876 0.313801
SEG 13.388928 11.60697 17.426109 14.612568 12.132319 17.443433 0.315876
SEG 14.612568 12.132319 17.443433 15.900651 12.505231 17.456682 0.315876
SEG 15.900651 12.505231 17.456682 17.225339 12.741701 17.465851 0.315876
SEG 17.225339 12.741701 17.465851 18.567779 12.871754 17.47126 0.315876
SEG 18.567779 12.871754 17.47126 19.917137 12.916024 17.473169 0.315876
SEG 19.917137 12.916024 17.473169 21.265431 12.881546 17.471681 0.315876
SEG 21.265431 12.881546 17.471681 22.605849 12.762976 17.466728 0.315876
SEG 22.605849 12.762976 17.466728 23.928477 12.541673 17.45808 0.315876
SEG 23.928477 12.541673 17.45808 25.213124 12.190802 17.445477 0.315876
SEG 25.213124 12.190802 17.445477 26.361218 11.512876 17.54567 0.315876
SEG 33.440005 13.21106 13.29085 33.243953 14.576537 13.2799 0.329566
SEG 33.243953 14.576537 13.2799 33.106261 15.958106 13.270281 0.329566
SEG 33.106261 15.958106 13.270281 33.2158 17.082765 13.041337 0.329566
SEG 33.2158 17.082765 13.041337 32.965869 18.738314 13.258376 0.329566
SEG 32.965869 18.738314 13.258376 32.951744 20.138532 13.257041 0.329566
SEG 32.951744 20.138532 13.257041 32.972916 21.540684 13.259037 0.329566
SEG 32.972916 21.540684 13.259037 32.937973 22.845916 13.188482 0.329566
SEG 32.937973 22.845916 13.188482 33.130878 24.331781 13.272132 0.329566
SEG 33.130878 24.331781 13.272132 33.280222 25.712521 13.282116 0.329566
SEG 33.280222 25.712521 13.282116 33.489656 27.07059 13.293189 0.329566
SEG 33.489656 27.07059 13.293189 33.774923 28.402772 13.304254 0.329566
SEG 33.774923 28.402772 13.304254 34.153943 29.702181 13.314071 0.329566
SEG 34.153943 29.702181 13.314071 34.489684 30.808015 13.611418 0.329566
SEG 30.467104 11.608754 17.235961 29.888352 12.787882 17.257371 0.31878
SEG 29.888352 12.787882 17.257371 29.432563 14.026615 17.275076 0.31878
SEG 29.432563 14.026615 17.275076 29.099475 15.31264 17.288872 0.31878
SEG 29.099475 15.31264 17.288872 28.874607 16.621965 17.298825 0.31878
SEG 28.874607 16.621965 17.298825 28.867054 18.011085 17.002395 0.31878
SEG 28.867054 18.011085 17.002395 28.668803 19.287146 17.308516 0.31878
SEG 28.668803 19.287146 17.308516 28.666832 20.629807 17.308613 0.31878
SEG 28.666832 20.629807 17.308613 28.729845 21.970986 17.305576 0.31878
SEG 28.729845 21.970986 17.305576 28.99321 23.251308 17.456249 0.31878
SEG 29.702566 27.343264 17.419694 30.434891 28.330544 17.237162 0.31878
SEG 30.434891 28.330544 17.237162 31.109806 29.448562 17.212785 0.31878
SEG 31.109806 29.448562 17.212785 31.85855 30.512334 17.185862 0.31878
SEG 31.85855 30.512334 17.185862 32.660079 31.535862 17.156912 0.31878
SEG 32.660079 31.535862 17.156912 33.501831 32.533127 17.126447 0.31878
SEG 33.501831 32.533127 17.126447 34.375964 33.514946 17.095036 0.31878
SEG 34.375964 33.514946 17.095036 35.283167 34.49153 17.063303 0.31878
SEG 35.283167 34.49153 17.063303 36.223274 35.46855 17.032276 0.31878
SEG 36.223274 35.46855 17.032276 36.861533 36.708419 16.918141 0.31878
SEG 34.615949 5.8628297 9.4740244 33.793572 6.9290935 9.4040523 0.318577
SEG 33.793572 6.9290935 9.4040523 33.056445 8.1154043 9.3227642 0.318577
SEG 33.056445 8.1154043 9.3227642 32.483258 9.4568966 9.2349526 0.318577
SEG 32.483258 9.4568966 9.2349526 32.115796 10.898401 9.1499837 0.318577
SEG 32.115796 10.898401 9.1499837 31.892236 12.394646 9.0725914 0.318577
SEG 31.892236 12.394646 9.0725914 31.75156 13.946953 9.0046414 0.318577
SEG 31.75156 13.946953 9.0046414 31.664768 15.518388 8.9499585 0.318577
SEG 31.664768 15.518388 8.9499585 31.612683 17.106865 8.9103842 0.318577
SEG 31.612683 17.106865 8.9103842 31.585983 18.702019 8.8874697 0.318577
SEG 31.585983 18.702019 8.8874697 31.579898 20.299966 8.8819695 0.318577
SEG 31.579898 20.299966 8.8819695 31.593364 21.892964 8.8940011 0.318577
SEG 31.593364 21.892964 8.8940011 31.628483 23.478002 8.9230527 0.318577
SEG 31.628483 23.478002 8.9230527 31.691042 25.044057 8.9678156 0.318577
SEG 31.691042 25.044057 8.9678156 31.792649 26.590972 9.0266874 0.318577
SEG 31.792649 26.590972 9.0266874 31.953432 28.095619 9.0967232 0.318577
SEG 31.953432 28.095619 9.0967232 32.209602 29.547271 9.1751787 0.318577
SEG 32.209602 29.547271 9.1751787 32.615212 30.916532 9.2585787 0.318577
SEG 32.615212 30.916532 9.2585787 33.205438 32.166593 9.3418127 0.318577
SEG 33.205438 32.166593 9.3418127 33.941077 33.28208 9.4182879 0.318577
SEG 33.941077 33.28208 9.4182879 34.765973 34.319928 9.4852741 0.318577
SEG 34.765973 34.319928 9.4852741 35.640474 35.317054 9.5405628 0.318577
SEG 35.640474 35.317054 9.5405628 36.649226 36.522581 9.6888366 0.318577
SEG 36.649226 36.522581 9.6888366 37.498746 37.284622 9.6124594 0.318577
SEG 37.498746 37.284622 9.6124594 38.307443 38.44528 9.6300398 0.318577
SEG 2.8629417 6.0535643 20.819148 3.6498107 7.1185113 20.861195 0.316806
SEG 3.6498107 7.1185113 20.861195 4.3393316 8.2407224 20.90497 0.316806
SEG 4.3393316 8.2407224 20.90497 4.9259875 9.4199846 20.948431 0.316806
SEG 4.9259875 9.4199846 20.948431 5.4024026 10.643585 20.989351 0.316806
SEG 5.4024026 10.643585 20.989351 5.7750049 11.90081 21.026193 0.316806
SEG 5.7750049 11.90081 21.026193 5.7978977 13.120085 21.086414 0.316806
SEG 5.7978977 13.120085 21.086414 6.1556359 14.463472 20.956932 0.316806
SEG 6.1556359 14.463472 20.956932 6.4205023 15.785176 21.105192 0.316806
SEG 6.4205023 15.785176 21.105192 6.5239255 17.099373 21.120313 0.316806
SEG 6.5239255 17.099373 21.120313 6.5860225 18.41841 21.129807 0.316806
SEG 6.5860225 18.41841 21.129807 6.6108817 19.740156 21.1337 0.316806
SEG 6.6108817 19.740156 21.1337 6.6000708 21.062733 21.132002 0.316806
SEG 6.6000708 21.062733 21.132002 6.5528225 22.384277 21.1247 0.316806
SEG 6.5528225 22.384277 21.1247 6.4660067 23.702715 21.111761 0.316806
SEG 6.4660067 23.702715 21.111761 6.3337775 25.015466 21.093152 0.316806
SEG 6.3337775 25.015466 21.093152 6.1473478 26.317531 21.068914 0.316806
SEG 6.1473478 26.317531 21.068914 5.893752 27.607288 21.039101 0.316806
SEG 5.893752 27.607288 21.039101 5.6209466 29.061962 20.805868 0.316806
SEG 5.6209466 29.061962 20.805868 5.1234336 30.111736 20.96465 0.316806
SEG 5.1234336 30.111736 20.96465 4.5821493 31.303468 20.922159 0.316806
SEG 4.5821493 31.303468 20.922159 3.9342026 32.44444 20.878418 0.316806
SEG 3.9342026 32.44444 20.878418 3.1873824 33.529712 20.835552 0.316806
SEG 3.1873824 33.529712 20.835552 2.3471795 34.55511 20.795755 0.316806
SEG 2.3471795 34.55511 20.795755 1.8622223 35.809549 20.758131 0.316806
SEG 1.8622223 35.809549 20.758131 2.5123833 36.919099 20.999218 0.316806
SEG 2.5123833 36.919099 20.999218 3.413311 38.028078 20.74238 0.316806
SEG 3.413311 38.028078 20.74238 4.4351465 38.924668 20.755264 0.316806
SEG 11.711683 31.035933 13.288696 13.020188 30.609122 13.275462 0.332372
SEG 13.020188 30.609122 13.275462 14.380517 30.301767 13.262651 0.332372
SEG 14.380517 30.301767 13.262651 15.769248 30.092111 13.25148 0.332372
SEG 15.769248 30.092111 13.25148 17.181428 29.957125 13.242817 0.332372
SEG 17.181428 29.957125 13.242817 18.602957 29.882247 13.237385 0.332372
SEG 18.602957 29.882247 13.237385 20.028378 29.858788 13.235583 0.332372
SEG 20.028378 29.858788 13.235583 21.451662 29.884128 13.237529 0.332372
SEG 21.451662 29.884128 13.237529 22.917395 29.830849 13.170539 0.332372
SEG 22.917395 29.830849 13.170539 24.266135 30.096467 13.251734 0.332372
SEG 24.266135 30.096467 13.251734 25.654529 30.308339 13.26296 0.332372
SEG 25.654529 30.308339 13.26296 26.915147 30.834261 13.191977 0.332372
SEG 22.330431 24.196931 17.411211 23.61197 24.643734 17.402828 0.324006
SEG 23.61197 24.643734 17.402828 24.777351 25.339279 17.39062 0.324006
SEG 24.777351 25.339279 17.39062 25.75674 25.897931 17.509872 0.324006
SEG 4.9279891 5.0666815 13.313616 5.8611531 6.0225889 13.316858 0.340524
SEG 5.8611531 6.0225889 13.316858 6.792107 6.712283 13.329694 0.340524
SEG 6.792107 6.712283 13.329694 7.6906423 7.9345749 13.311925 0.340524
SEG 7.6906423 7.9345749 13.311925 8.6829543 8.8417389 13.58521 0.340524
SEG 8.6829543 8.8417389 13.58521 9.4829718 9.9189547 13.293104 0.340524
SEG 9.4829718 9.9189547 13.293104 10.575064 11.059441 13.138197 0.340524
SEG 10.575064 11.059441 13.138197 11.15291 12.095824 13.264531 0.340524
SEG 11.15291 12.095824 13.264531 11.843041 13.317642 13.248855 0.340524
SEG 11.843041 13.317642 13.248855 12.356273 14.64443 13.234143 0.340524
SEG 12.356273 14.64443 13.234143 12.686207 16.045953 13.221841 0.340524
SEG 12.686207 16.045953 13.221841 12.877151 17.480815 13.212902 0.340524
SEG 12.877151 17.480815 13.212902 12.970877 18.931697 13.207805 0.340524
SEG 12.970877 18.931697 13.207805 12.987714 20.386228 13.206826 0.340524
SEG 12.987714 20.386228 13.206826 12.931659 21.837633 13.210003 0.340524
SEG 12.931659 21.837633 13.210003 12.790058 23.283186 13.217192 0.340524
SEG 0.63211763 2.0791036 25.577584 0.59389284 3.2947236 25.602688 0.297384
SEG 0.59389284 3.2947236 25.602688 0.51102636 4.507931 25.635617 0.297384
SEG 0.51102636 4.507931 25.635617 0.44376456 5.7102109 25.673903 0.297384
SEG 0.44376456 5.7102109 25.673903 0.392298 6.9313156 25.716042 0.297384
SEG 0.392298 6.9313156 25.716042 0.35332652 8.1694317 25.759731 0.297384
SEG 0.35332652 8.1694317 25.759731 0.32366661 9.4218054 25.802846 0.297384
SEG 0.31122734 29.927362 25.824272 0.3253999 31.054034 25.729221 0.297384
SEG 0.3253999 31.054034 25.729221 0.37157496 32.453318 25.73777 0.297384
SEG 0.37157496 32.453318 25.73777 0.45681635 33.644912 25.47014 0.297384
SEG 0.45681635 33.644912 25.47014 0.5187009 34.717637 25.5588 0.297384
SEG 0.5187009 34.717637 25.5588 0.55431164 36.138861 25.617203 0.297384
SEG 0.55431164 36.138861 25.617203 0.63165704 37.35882 25.588155 0.297384
SEG 0.63165704 37.35882 25.588155 0.52107168 38.565597 25.56754 0.297384
SEG 0.52107168 38.565597 25.56754 0.91728406 39.595741 25.698521 0.297384
SEG 8.9969652 2.5244068 24.87058 10.257271 2.4242387 24.906044 0.305937
SEG 10.257271 2.4242387 24.906044 11.600442 2.3504979 24.94121 0.305937
SEG 11.600442 2.3504979 24.94121 12.849717 2.2838514 24.96996 0.305937
SEG 12.849717 2.2838514 24.96996 14.177389 2.2389751 24.996274 0.305937
SEG 14.177389 2.2389751 24.996274 15.504549 2.2065845 25.017511 0.305937
SEG 15.504549 2.2065845 25.017511 16.755623 2.1756267 25.032478 0.305937
SEG 16.755623 2.1756267 25.032478 18.057604 2.1596365 25.043062 0.305937
SEG 18.057604 2.1596365 25.043062 19.409362 2.1586315 25.048562 0.305937
SEG 19.409362 2.1586315 25.048562 20.646445 2.1496176 25.048295 0.305937
SEG 20.646445 2.1496176 25.048295 21.989982 2.1635403 25.04283 0.305937
SEG 21.989982 2.1635403 25.04283 23.3164 2.1837401 25.031869 0.305937
SEG 23.3164 2.1837401 25.031869 24.592195 2.2053339 25.016079 0.305937
SEG 24.592195 2.2053339 25.016079 25.894555 2.241306 24.994983 0.305937
SEG 25.894555 2.241306 24.994983 27.197679 2.2895571 24.969019 0.305937
SEG 27.197679 2.2895571 24.969019 28.496352 2.35207 24.938734 0.305937
SEG 28.496352 2.35207 24.938734 29.763555 2.4257902 24.905482 0.305937
SEG 29.763555 2.4257902 24.905482 31.073935 2.5306367 24.868531 0.305937
SEG 31.073935 2.5306367 24.868531 32.331405 2.6491094 24.831593 0.305937
SEG 32.331405 2.6491094 24.831593 33.587493 2.8002309 24.795205 0.305937
SEG 33.587493 2.8002309 24.795205 34.861011 3.0111952 24.761436 0.305937
SEG 34.861011 3.0111952 24.761436 36.084129 3.3806777 24.736699 0.305937
SEG 36.084129 3.3806777 24.736699 36.798888 4.3763554 24.744458 0.305937
SEG 36.798888 4.3763554 24.744458 37.068907 5.6425187 24.774512 0.305937
SEG 37.068907 5.6425187 24.774512 37.247106 6.8248713 24.807075 0.305937
SEG 37.247106 6.8248713 24.807075 37.389628 8.1289241 24.845275 0.305937
SEG 37.389628 8.1289241 24.845275 37.503571 9.407848 24.882429 0.305937
SEG 37.503571 9.407848 24.882429 37.595837 10.670322 24.917235 0.305937
SEG 37.595837 10.670322 24.917235 37.667827 11.989798 24.950548 0.305937
SEG 37.667827 11.989798 24.950548 37.724803 13.289917 24.979268 0.305937
SEG 37.724803 13.289917 24.979268 37.768244 14.590807 25.003406 0.305937
SEG 37.768244 14.590807 25.003406 37.800139 15.890369 25.022584 0.305937
SEG 37.800139 15.890369 25.022584 37.819557 17.226202 25.037005 0.305937
SEG 37.819557 17.226202 25.037005 37.835337 18.493637 25.045451 0.305937
SEG 37.835337 18.493637 25.045451 37.843442 19.761618 25.048872 0.305937
SEG 37.843442 19.761618 25.048872 37.840971 21.064276 25.047182 0.305937
SEG 37.840971 21.064276 25.047182 37.765549 22.453999 25.219641 0.305937
SEG 37.765549 22.453999 25.219641 37.807992 23.702695 25.027543 0.305937
SEG 37.807992 23.702695 25.027543 37.779326 25.002811 25.00995 0.305937
SEG 37.779326 25.002811 25.00995 37.698727 26.240102 25.200874 0.305937
SEG 37.698727 26.240102 25.200874 37.687012 27.606772 24.959931 0.305937
SEG 37.687012 27.606772 24.959931 37.619345 28.904155 24.928428 0.305937
SEG 37.619345 28.904155 24.928428 37.671524 30.363409 24.876476 0.305937
SEG 37.671524 30.363409 24.876476 37.427489 31.474865 24.856904 0.305937
SEG 37.427489 31.474865 24.856904 37.295003 32.746381 24.819618 0.305937
SEG 37.295003 32.746381 24.819618 37.210192 33.834051 25.025116 0.305937
SEG 37.210192 33.834051 25.025116 36.897845 35.243328 24.752623 0.305937
SEG 36.897845 35.243328 24.752623 36.372204 36.411446 24.734521 0.305937
SEG 36.372204 36.411446 24.734521 35.250417 36.897789 24.752431 0.305937
SEG 35.250417 36.897789 24.752431 33.87055 37.193057 24.66377 0.305937
SEG 33.87055 37.193057 24.66377 32.753526 37.295393 24.819377 0.305937
SEG 32.753526 37.295393 24.819377 31.482019 37.427976 24.85666 0.305937
SEG 31.482019 37.427976 24.85666 30.438886 37.718116 24.870145 0.305937
SEG 30.438886 37.718116 24.870145 28.874052 37.622928 24.929151 0.305937
SEG 28.874052 37.622928 24.929151 27.613941 37.687711 24.959733 0.305937
SEG 27.613941 37.687711 24.959733 26.348664 37.738352 24.986445 0.305937
SEG 26.348664 37.738352 24.986445 25.009984 37.780113 25.009808 0.305937
SEG 25.009984 37.780113 25.009808 23.709869 37.808818 25.02743 0.305937
SEG 23.709869 37.808818 25.02743 22.50815 37.991483 25.187756 0.305937
SEG 22.50815 37.991483 25.187756 21.106058 37.838673 25.047067 0.305937
SEG 21.106058 37.838673 25.047067 19.803393 37.841392 25.048928 0.305937
SEG 19.803393 37.841392 25.048928 18.500812 37.836312 25.045458 0.305937
SEG 18.500812 37.836312 25.045458 17.198703 37.823152 25.036677 0.305937
SEG 17.198703 37.823152 25.036677 15.890415 37.822604 25.185256 0.305937
SEG 15.890415 37.822604 25.185256 14.597979 37.769373 25.0035 0.305937
SEG 14.597979 37.769373 25.0035 13.259835 37.725303 24.978614 0.305937
SEG 13.259835 37.725303 24.978614 11.996964 37.669115 24.950692 0.305937
SEG 11.996964 37.669115 24.950692 10.702355 37.596447 24.918113 0.305937
SEG 10.702355 37.596447 24.918113 9.4149993 37.505109 24.882603 0.305937
SEG 9.4149993 37.505109 24.882603 8.1352769 37.391251 24.84543 0.305937
SEG 8.1352769 37.391251 24.84543 6.8944772 37.252448 24.809165 0.305937
SEG 6.8944772 37.252448 24.809165 5.651724 37.074637 24.774624 0.305937
SEG 5.651724 37.074637 24.774624 4.3526564 36.679773 24.871075 0.305937
SEG 4.3526564 36.679773 24.871075 3.3489768 36.042196 24.736949 0.305937
SEG 3.3489768 36.042196 24.736949 3.0107796 34.875717 24.761 0.305937
SEG 3.0107796 34.875717 24.761 2.8141662 33.667695 24.793069 0.305937
SEG 2.8141662 33.667695 24.793069 2.6480516 32.330252 24.831619 0.305937
SEG 2.6480516 32.330252 24.831619 2.525333 31.055914 24.868966 0.305937
SEG 2.525333 31.055914 24.868966 2.4361054 29.868332 24.902676 0.305937
SEG 2.4361054 29.868332 24.902676 2.3505841 28.514664 24.938211 0.305937
SEG 2.3505841 28.514664 24.938211 2.287891 27.216001 24.968553 0.305937
SEG 2.287891 27.216001 24.968553 2.2394824 25.912885 24.994582 0.305937
SEG 2.2394824 25.912885 24.994582 2.2033723 24.610531 25.015749 0.305937
SEG 2.2033723 24.610531 25.015749 2.1777879 23.310044 25.031804 0.305937
SEG 2.1777879 23.310044 25.031804 2.1613494 22.008323 25.04265 0.305937
SEG 2.1613494 22.008323 25.04265 2.1531897 20.705801 25.048203 0.305937
SEG 2.1531897 20.705801 25.048203 2.1528638 19.403096 25.048426 0.305937
SEG 2.1528638 19.403096 25.048426 2.1603553 18.100569 25.043318 0.305937
SEG 2.1603553 18.100569 25.043318 2.175648 16.762838 25.032539 0.305937
SEG 2.175648 16.762838 25.032539 2.2008459 15.497744 25.017281 0.305937
SEG 2.2008459 15.497744 25.017281 2.4783506 13.957966 24.993509 0.305937
SEG 2.4783506 13.957966 24.993509 2.2828599 12.927745 24.971665 0.305937
SEG 2.2828599 12.927745 24.971665 2.3455486 11.557496 24.939977 0.305937
SEG 2.3455486 11.557496 24.939977 2.4226573 10.300681 24.907259 0.305937
SEG 2.4226573 10.300681 24.907259 2.5183504 9.0518616 24.872138 0.305937
SEG 2.5183504 9.0518616 24.872138 2.6419082 7.7380051 24.833672 0.305937
SEG 2.6419082 7.7380051 24.833672 2.7907042 6.5006454 24.797819 0.305937
SEG 2.7907042 6.5006454 24.797819 2.991479 5.2240935 24.763517 0.305937
SEG 2.991479 5.2240935 24.763517 3.3274443 4.0135843 24.737969 0.305937
SEG 4.1261633 3.3010434 24.740247 5.3484077 2.9947157 24.767254 0.305937
SEG 5.3484077 2.9947157 24.767254 6.5934584 2.8019593 24.801034 0.305937
SEG 6.5934584 2.8019593 24.801034 7.8540247 2.6529893 24.837673 0.305937
SEG 7.8540247 2.6529893 24.837673 8.9969652 2.5244068 24.87058 0.305937
SEG 8.9969652 2.5244068 24.87058 10.257271 2.4242387 24.906044 0.305937
SEG 10.257271 2.4242387 24.906044 11.600442 2.3504979 24.94121 0.305937
SEG 11.600442 2.3504979 24.94121 12.849717 2.2838514 24.96996 0.305937
SEG 12.849717 2.2838514 24.96996 14.177389 2.2389751 24.996274 0.305937
SEG 14.177389 2.2389751 24.996274 15.504549 2.2065845 25.017511 0.305937
SEG 15.504549 2.2065845 25.017511 16.755623 2.1756267 25.032478 0.305937
SEG 16.755623 2.1756267 25.032478 18.057604 2.1596365 25.043062 0.305937
SEG 18.057604 2.1596365 25.043062 19.409362 2.1586315 25.048562 0.305937
SEG 19.409362 2.1586315 25.048562 20.646445 2.1496176 25.048295 0.305937
SEG 20.646445 2.1496176 25.048295 21.989982 2.1635403 25.04283 0.305937
SEG 21.989982 2.1635403 25.04283 23.3164 2.1837401 25.031869 0.305937
SEG 23.3164 2.1837401 25.031869 24.592195 2.2053339 25.016079 0.305937
SEG 24.592195 2.2053339 25.016079 25.894555 2.241306 24.994983 0.305937
SEG 25.894555 2.241306 24.994983 27.197679 2.2895571 24.969019 0.305937
SEG 27.197679 2.2895571 24.969019 28.496352 2.35207 24.938734 0.305937
SEG 28.496352 2.35207 24.938734 29.763555 2.4257902 24.905482 0.305937
SEG 29.763555 2.4257902 24.905482 31.073935 2.5306367 24.868531 0.305937
SEG 31.073935 2.5306367 24.868531 32.331405 2.6491094 24.831593 0.305937
SEG 32.331405 2.6491094 24.831593 33.587493 2.8002309 24.795205 0.305937
SEG 33.587493 2.8002309 24.795205 34.861011 3.0111952 24.761436 0.305937
SEG 34.861011 3.0111952 24.761436 36.084129 3.3806777 24.736699 0.305937
SEG 36.084129 3.3806777 24.736699 36.798888 4.3763554 24.744458 0.305937
SEG 36.798888 4.3763554 24.744458 37.068907 5.6425187 24.774512 0.305937
SEG 37.068907 5.6425187 24.774512 37.247106 6.8248713 24.807075 0.305937
SEG 37.247106 6.8248713 24.807075 37.389628 8.1289241 24.845275 0.305937
SEG 37.389628 8.1289241 24.845275 37.503571 9.407848 24.882429 0.305937
SEG 37.503571 9.407848 24.882429 37.595837 10.670322 24.917235 0.305937
SEG 37.595837 10.670322 24.917235 37.667827 11.989798 24.950548 0.305937
SEG 37.667827 11.989798 24.950548 37.724803 13.289917 24.979268 0.305937
SEG 37.724803 13.289917 24.979268 37.768244 14.590807 25.003406 0.305937
SEG 37.768244 14.590807 25.003406 37.800139 15.890369 25.022584 0.305937
SEG 37.800139 15.890369 25.022584 37.819557 17.226202 25.037005 0.305937
SEG 37.819557 17.226202 25.037005 37.835337 18.493637 25.045451 0.305937
SEG 37.835337 18.493637 25.045451 37.843442 19.761618 25.048872 0.305937
SEG 37.843442 19.761618 25.048872 37.840971 21.064276 25.047182 0.305937
SEG 37.840971 21.064276 25.047182 37.765549 22.453999 25.219641 0.305937
SEG 37.765549 22.453999 25.219641 37.807992 23.702695 25.027543 0.305937
SEG 37.807992 23.702695 25.027543 37.779326 25.002811 25.00995 0.305937
SEG 37.779326 25.002811 25.00995 37.698727 26.240102 25.200874 0.305937
SEG 37.698727 26.240102 25.200874 37.687012 27.606772 24.959931 0.305937
SEG 37.687012 27.606772 24.959931 37.619345 28.904155 24.928428 0.305937
SEG 37.619345 28.904155 24.928428 37.671524 30.363409 24.876476 0.305937
SEG 37.671524 30.363409 24.876476 37.427489 31.474865 24.856904 0.305937
SEG 37.427489 31.474865 24.856904 37.295003 32.746381 24.819618 0.305937
SEG 37.295003 32.746381 24.819618 37.210192 33.834051 25.025116 0.305937
SEG 37.210192 33.834051 25.025116 36.897845 35.243328 24.752623 0.305937
SEG 36.897845 35.243328 24.752623 36.372204 36.411446 24.734521 0.305937
SEG 36.372204 36.411446 24.734521 35.250417 36.897789 24.752431 0.305937
SEG 35.250417 36.897789 24.752431 33.87055 37.193057 24.66377 0.305937
SEG 33.87055 37.193057 24.66377 32.753526 37.295393 24.819377 0.305937
SEG 32.753526 37.295393 24.819377 31.482019 37.427976 24.85666 0.305937
SEG 31.482019 37.427976 24.85666 30.438886 37.718116 24.870145 0.305937
SEG 30.438886 37.718116 24.870145 28.874052 37.622928 24.929151 0.305937
SEG 28.874052 37.622928 24.929151 27.613941 37.687711 24.959733 0.305937
SEG 27.613941 37.687711 24.959733 26.348664 37.738352 24.986445 0.305937
SEG 26.348664 37.738352 24.986445 25.009984 37.780113 25.009808 0.305937
SEG 25.009984 37.780113 25.009808 23.709869 37.808818 25.02743 0.305937
SEG 23.709869 37.808818 25.02743 22.50815 37.991483 25.187756 0.305937
SEG 22.50815 37.991483 25.187756 21.106058 37.838673 25.047067 0.305937
SEG 21.106058 37.838673 25.047067 19.803393 37.841392 25.048928 0.305937
SEG 19.803393 37.841392 25.048928 18.500812 37.836312 25.045458 0.305937
SEG 18.500812 37.836312 25.045458 17.198703 37.823152 25.036677 0.305937
SEG 17.198703 37.823152 25.036677 15.890415 37.822604 25.185256 0.305937
SEG 15.890415 37.822604 25.185256 14.597979 37.769373 25.0035 0.305937
SEG 14.597979 37.769373 25.0035 13.259835 37.725303 24.978614 0.305937
SEG 13.259835 37.725303 24.978614 11.996964 37.669115 24.950692 0.305937
SEG 11.996964 37.669115 24.950692 10.702355 37.596447 24.918113 0.305937
SEG 10.702355 37.596447 24.918113 9.4149993 37.505109 24.882603 0.305937
SEG 9.4149993 37.505109 24.882603 8.1352769 37.391251 24.84543 0.305937
SEG 8.1352769 37.391251 24.84543 6.8944772 37.252448 24.809165 0.305937
SEG 6.8944772 37.252448 24.809165 5.651724 37.074637 24.774624 0.305937
SEG 5.651724 37.074637 24.774624 4.3526564 36.679773 24.871075 0.305937
SEG 4.3526564 36.679773 24.871075 3.3489768 36.042196 24.736949 0.305937
SEG 3.3489768 36.042196 24.736949 3.0107796 34.875717 24.761 0.305937
SEG 3.0107796 34.875717 24.761 2.8141662 33.667695 24.793069 0.305937
SEG 2.8141662 33.667695 24.793069 2.6480516 32.330252 24.831619 0.305937
SEG 2.6480516 32.330252 24.831619 2.525333 31.055914 24.868966 0.305937
SEG 2.525333 31.055914 24.868966 2.4361054 29.868332 24.902676 0.305937
SEG 2.4361054 29.868332 24.902676 2.3505841 28.514664 24.938211 0.305937
SEG 2.3505841 28.514664 24.938211 2.287891 27.216001 24.968553 0.305937
SEG 2.287891 27.216001 24.968553 2.2394824 25.912885 24.994582 0.305937
SEG 2.2394824 25.912885 24.994582 2.2033723 24.610531 25.015749 0.305937
SEG 2.2033723 24.610531 25.015749 2.1777879 23.310044 25.031804 0.305937
SEG 2.1777879 23.310044 25.031804 2.1613494 22.008323 25.04265 0.305937
SEG 2.1613494 22.008323 25.04265 2.1531897 20.705801 25.048203 0.305937
SEG 2.1531897 20.705801 25.048203 2.1528638 19.403096 25.048426 0.305937
SEG 2.1528638 19.403096 25.048426 2.1603553 18.100569 25.043318 0.305937
SEG 2.1603553 18.100569 25.043318 2.175648 16.762838 25.032539 0.305937
SEG 2.175648 16.762838 25.032539 2.2008459 15.497744 25.017281 0.305937
SEG 2.2008459 15.497744 25.017281 2.4783506 13.957966 24.993509 0.305937
SEG 2.4783506 13.957966 24.993509 2.2828599 12.927745 24.971665 0.305937
SEG 2.2828599 12.927745 24.971665 2.3455486 11.557496 24.939977 0.305937
SEG 2.3455486 11.557496 24.939977 2.4226573 10.300681 24.907259 0.305937
SEG 2.4226573 10.300681 24.907259 2.5183504 9.0518616 24.872138 0.305937
SEG 2.5183504 9.0518616 24.872138 2.6419082 7.7380051 24.833672 0.305937
SEG 2.6419082 7.7380051 24.833672 2.7907042 6.5006454 24.797819 0.305937
SEG 2.7907042 6.5006454 24.797819 2.991479 5.2240935 24.763517 0.305937
SEG 2.991479 5.2240935 24.763517 3.3274443 4.0135843 24.737969 0.305937
SEG 6.4824416 6.3672777 21.093158 7.4714961 7.1525137 21.10433 0.315179
SEG 7.4714961 7.1525137 21.10433 8.4266128 8.0339861 21.153268 0.315179
SEG 8.4266128 8.0339861 21.153268 9.4000152 8.8964121 21.201784 0.315179
SEG 9.4000152 8.8964121 21.201784 10.400171 9.7303918 21.248845 0.315179
SEG 10.400171 9.7303918 21.248845 11.433771 10.524686 21.258766 0.315179
SEG 11.433771 10.524686 21.258766 12.55389 11.22697 21.334853 0.315179
SEG 12.55389 11.22697 21.334853 13.735594 11.810891 21.370917 0.315179
SEG 13.735594 11.810891 21.370917 14.986326 12.242171 21.400455 0.315179
SEG 14.986326 12.242171 21.400455 16.283524 12.529196 21.422808 0.315179
SEG 16.283524 12.529196 21.422808 17.602416 12.703489 21.43805 0.315179
SEG 17.602416 12.703489 21.43805 18.930787 12.792924 21.446532 0.315179
SEG 18.930787 12.792924 21.446532 20.262235 12.812823 21.448489 0.315179
SEG 20.262235 12.812823 21.448489 21.59245 12.766767 21.443985 0.315179
SEG 21.59245 12.766767 21.443985 22.91669 12.647001 21.432902 0.315179
SEG 22.91669 12.647001 21.432902 24.22521 12.433496 21.414979 0.315179
SEG 24.22521 12.433496 21.414979 25.535338 12.315396 21.200597 0.315179
SEG 25.535338 12.315396 21.200597 26.534716 11.429639 21.480769 0.315179
SEG 26.534716 11.429639 21.480769 27.877189 10.969454 21.319651 0.315179
SEG 27.877189 10.969454 21.319651 28.95548 10.22837 21.277053 0.315179
SEG 28.95548 10.22837 21.277053 29.983085 9.4186441 21.231227 0.315179
SEG 12.045029 13.213777 21.246104 12.63693 14.3988 21.27922 0.319307
SEG 12.63693 14.3988 21.27922 13.143271 15.925381 20.929064 0.319307
SEG 13.143271 15.925381 20.929064 13.322464 16.962442 21.324389 0.319307
SEG 13.322464 16.962442 21.324389 13.469356 18.285656 21.3362 0.319307
SEG 13.469356 18.285656 21.3362 13.528836 19.617047 21.341326 0.319307
SEG 13.528836 19.617047 21.341326 13.513126 20.950265 21.339946 0.319307
SEG 13.513126 20.950265 21.339946 13.419092 22.280037 21.332008 0.319307
SEG 13.419092 22.280037 21.332008 13.226878 23.598168 21.317224 0.319307
SEG 13.226878 23.598168 21.317224 12.899564 24.887548 21.295172 0.319307
SEG 12.899564 24.887548 21.295172 12.404541 26.117783 21.265857 0.319307
SEG 12.404541 26.117783 21.265857 11.751863 27.266702 21.230278 0.319307
SEG 11.751863 27.266702 21.230278 10.991741 28.336832 21.190058 0.319307
SEG 10.991741 28.336832 21.190058 10.055565 29.360805 20.96315 0.319307
SEG 10.055565 29.360805 20.96315 9.3095965 30.334723 21.100231 0.319307
SEG 9.3095965 30.334723 21.100231 8.4307979 31.293407 21.052451 0.319307
SEG 8.4307979 31.293407 21.052451 7.5364263 32.472658 20.869316 0.319307
SEG 7.5364263 32.472658 20.869316 6.6383212 33.175977 20.955589 0.319307
SEG 37.016948 6.485004 16.990065 36.21672 7.3978747 17.095346 0.319626
SEG 36.21672 7.3978747 17.095346 35.480499 8.5087247 17.125041 0.319626
SEG 35.480499 8.5087247 17.125041 34.844234 9.6682304 17.153023 0.319626
SEG 34.844234 9.6682304 17.153023 34.313809 10.874288 17.178231 0.319626
SEG 34.313809 10.874288 17.178231 33.887199 12.125702 17.200058 0.319626
SEG 33.887199 12.125702 17.200058 33.558441 13.406158 17.218052 0.319626
SEG 33.558441 13.406158 17.218052 33.313246 14.711022 17.232301 0.319626
SEG 33.313246 14.711022 17.232301 33.137524 16.032233 17.242996 0.319626
SEG 33.137524 16.032233 17.242996 33.130752 17.128077 17.222635 0.319626
SEG 33.130752 17.128077 17.222635 32.953698 18.691648 17.254665 0.319626
SEG 32.953698 18.691648 17.254665 32.932505 20.027385 17.256043 0.319626
SEG 32.932505 20.027385 17.256043 32.955554 21.364311 17.254544 0.319626
SEG 32.955554 21.364311 17.254544 33.052466 22.761391 17.393671 0.319626
SEG 33.052466 22.761391 17.393671 33.143857 24.026185 17.2426 0.319626
SEG 33.143857 24.026185 17.2426 33.322318 25.347028 17.231754 0.319626
SEG 33.322318 25.347028 17.231754 33.42314 26.500815 17.369685 0.319626
SEG 33.42314 26.500815 17.369685 33.904193 27.930546 17.199167 0.319626
SEG 33.904193 27.930546 17.199167 34.335609 29.180308 17.177176 0.319626
SEG 34.335609 29.180308 17.177176 34.870799 30.384256 17.151831 0.319626
SEG 34.870799 30.384256 17.151831 35.511432 31.541352 17.123758 0.319626
SEG 35.511432 31.541352 17.123758 36.251584 32.649586 17.094021 0.319626
SEG 36.251584 32.649586 17.094021 37.129413 33.599428 16.750613 0.319626
SEG 30.411432 11.570073 20.987552 29.866816 12.761178 21.025863 0.316874
SEG 29.866816 12.761178 21.025863 29.450676 14.006759 21.058309 0.316874
SEG 29.450676 14.006759 21.058309 29.153086 15.290676 21.084235 0.316874
SEG 29.153086 15.290676 21.084235 28.953838 16.593598 21.103497 0.316874
SEG 28.953838 16.593598 21.103497 28.766357 18.10093 20.853019 0.316874
SEG 28.766357 18.10093 20.853019 28.769907 19.229877 21.122977 0.316874
SEG 28.769907 19.229877 21.122977 28.765423 20.553662 21.123477 0.316874
SEG 28.765423 20.553662 21.123477 28.816726 21.876669 21.117849 0.316874
SEG 28.816726 21.876669 21.117849 28.929555 23.194502 21.105997 0.316874
SEG 28.929555 23.194502 21.105997 29.116336 24.501911 21.087739 0.316874
SEG 29.116336 24.501911 21.087739 29.397185 25.789615 21.062879 0.316874
SEG 29.397185 25.789615 21.062879 29.793695 27.041609 21.031463 0.316874
SEG 29.793695 27.041609 21.031463 30.318608 28.241555 20.994037 0.316874
SEG 30.318608 28.241555 20.994037 30.959708 29.378437 20.951907 0.316874
SEG 30.959708 29.378437 20.951907 31.689014 30.456546 20.906608 0.316874
SEG 31.689014 30.456546 20.906608 32.479416 31.489056 20.859492 0.316874
SEG 32.479416 31.489056 20.859492 33.310905 32.488053 20.811865 0.316874
SEG 33.310905 32.488053 20.811865 34.173127 33.464482 20.764815 0.316874
SEG 34.173127 33.464482 20.764815 35.058849 34.426353 20.719515 0.316874
SEG 35.058849 34.426353 20.719515 35.969251 35.382474 20.677089 0.316874
SEG 35.969251 35.382474 20.677089 36.854043 36.635684 20.869284 0.316874
SEG 37.258367 6.5566757 9.5616458 36.889521 7.8990796 9.5020827 0.338725
SEG 36.889521 7.8990796 9.5020827 36.639584 9.2722936 9.4377415 0.338725
SEG 36.639584 9.2722936 9.4377415 36.48108 10.680838 9.5565052 0.338725
SEG 36.48108 10.680838 9.5565052 36.350071 12.13768 9.3083867 0.338725
SEG 36.350071 12.13768 9.3083867 36.270043 13.600077 9.251391 0.338725
SEG 36.270043 13.600077 9.251391 36.394357 15.067274 9.4814283 0.338725
SEG 36.394357 15.067274 9.4814283 36.18036 16.585629 9.1659499 0.338725
SEG 36.18036 16.585629 9.1659499 36.159716 18.098625 9.1414666 0.338725
SEG 36.159716 18.098625 9.1414666 36.151271 19.619529 9.1307735 0.338725
SEG 36.151271 19.619529 9.1307735 36.15408 21.145522 9.1343795 0.338725
SEG 36.15408 21.145522 9.1343795 36.168556 22.670513 9.1522222 0.338725
SEG 36.168556 22.670513 9.1522222 36.196434 24.187518 9.1835738 0.338725
SEG 36.196434 24.187518 9.1835738 36.241383 25.694414 9.2271412 0.338725
SEG 36.241383 25.694414 9.2271412 36.295006 27.049395 9.5293443 0.338725
SEG 36.295006 27.049395 9.5293443 36.40836 28.650901 9.3422303 0.338725
SEG 36.40836 28.650901 9.3422303 36.500054 29.942169 9.1817105 0.338725
SEG 7.0354944 36.474417 13.319757 8.235745 35.833222 13.319251 0.330144
SEG 8.235745 35.833222 13.319251 9.4852709 35.311938 13.314691 0.330144
SEG 9.4852709 35.311938 13.314691 10.776634 34.904212 13.306848 0.330144
SEG 10.776634 34.904212 13.306848 12.106805 34.593696 13.296833 0.330144
SEG 12.106805 34.593696 13.296833 13.459008 34.363849 13.285983 0.330144
SEG 13.459008 34.363849 13.285983 14.831389 34.196726 13.275514 0.330144
SEG 14.831389 34.196726 13.275514 16.218177 34.079783 13.266495 0.330144
SEG 16.218177 34.079783 13.266495 17.607869 34.004613 13.25979 0.330144
SEG 17.607869 34.004613 13.25979 19.008644 33.964972 13.255919 0.330144
SEG 19.008644 33.964972 13.255919 20.413253 33.958318 13.255244 0.330144
SEG 20.413253 33.958318 13.255244 21.789728 33.82974 13.117675 0.330144
SEG 21.789728 33.82974 13.117675 22.966582 33.994964 13.187941 0.330144
SEG 22.966582 33.994964 13.187941 24.612252 34.144175 13.271661 0.330144
SEG 24.612252 34.144175 13.271661 25.991952 34.28979 13.28168 0.330144
SEG 25.991952 34.28979 13.28168 27.354103 34.493088 13.292519 0.330144
SEG 27.354103 34.493088 13.292519 28.6977 34.77023 13.303037 0.330144
SEG 28.6977 34.77023 13.303037 30.393036 34.817066 13.493833 0.330144
SEG 30.393036 34.817066 13.493833 31.274814 35.613109 13.317873 0.330144
SEG 31.274814 35.613109 13.317873 32.486672 36.201883 13.320034 0.330144
SEG 32.486672 36.201883 13.320034 33.567615 37.016032 13.527331 0.330144
SEG 33.567615 37.016032 13.527331 34.771514 37.743065 13.312035 0.330144
SEG 11.985974 31.141573 17.216825 13.215427 30.677663 17.236482 0.318461
SEG 13.215427 30.677663 17.236482 14.488886 30.325703 17.252287 0.318461
SEG 14.488886 30.325703 17.252287 15.791626 30.074481 17.264269 0.318461
SEG 15.791626 30.074481 17.264269 17.107822 29.907315 17.272655 0.318461
SEG 17.107822 29.907315 17.272655 18.437313 29.809074 17.277769 0.318461
SEG 18.437313 29.809074 17.277769 19.772849 29.771025 17.27979 0.318461
SEG 19.772849 29.771025 17.27979 21.110094 29.78975 17.278794 0.318461
SEG 21.110094 29.78975 17.278794 22.444782 29.867239 17.27473 0.318461
SEG 22.444782 29.867239 17.27473 23.771815 30.010841 17.26743 0.318461
SEG 23.771815 30.010841 17.26743 25.079946 30.232349 17.256678 0.318461
SEG 25.079946 30.232349 17.256678 26.362841 30.548247 17.242189 0.318461
SEG 26.362841 30.548247 17.242189 27.60712 30.973709 17.223827 0.318461
SEG 27.60712 30.973709 17.223827 28.799289 31.511827 17.201779 0.318461
SEG 28.799289 31.511827 17.201779 29.934977 32.15082 17.176533 0.318461
SEG 14.635517 25.734203 21.254591 15.728911 24.970562 21.281518 0.320635
SEG 15.728911 24.970562 21.281518 16.940255 24.407426 21.302079 0.320635
SEG 16.940255 24.407426 21.302079 18.245052 24.108587 21.314974 0.320635
SEG 18.245052 24.108587 21.314974 19.579368 24.001182 21.320512 0.320635
SEG 19.579368 24.001182 21.320512 20.918408 24.024027 21.319266 0.320635
SEG 20.918408 24.024027 21.319266 22.247242 24.188806 21.311111 0.320635
SEG 22.247242 24.188806 21.311111 23.526488 24.580827 21.295331 0.320635
SEG 23.526488 24.580827 21.295331 24.690799 25.233674 21.272194 0.320635
SEG 24.690799 25.233674 21.272194 25.746444 25.896717 21.412688 0.320635
SEG 25.746444 25.896717 21.412688 26.740321 26.918235 21.2099 0.320635
SEG 26.740321 26.918235 21.2099 27.703478 27.817858 21.172405 0.320635
SEG 0.46130011 30.625827 29.355408 0.37249547 31.757295 29.424859 0.288771
SEG 0.37249547 31.757295 29.424859 0.4289778 32.902948 29.383933 0.288771
SEG 0.4289778 32.902948 29.383933 0.44915911 34.195292 29.244403 0.288771
SEG 0.44915911 34.195292 29.244403 0.61729932 35.124222 29.302349 0.288771
SEG 0.61729932 35.124222 29.302349 0.7773645 36.174825 29.267407 0.288771
SEG 0.7773645 36.174825 29.267407 1.0235577 37.197662 29.239459 0.288771
SEG 1.0235577 37.197662 29.239459 1.4536251 38.155411 29.223386 0.288771
SEG 1.4536251 38.155411 29.223386 2.2864996 38.794778 29.228939 0.288771
SEG 2.2864996 38.794778 29.228939 3.28715 39.112083 29.251651 0.288771
SEG 3.28715 39.112083 29.251651 4.3776776 39.496443 29.255626 0.288771
SEG 4.3776776 39.496443 29.255626 5.3616353 39.439695 29.319729 0.288771
SEG 5.3616353 39.439695 29.319729 6.4444058 39.531465 29.359777 0.288771
SEG 6.4444058 39.531465 29.359777 7.5694846 39.598498 29.401044 0.288771
SEG 7.5694846 39.598498 29.401044 8.7041115 39.647423 29.440516 0.288771
SEG 8.7041115 39.647423 29.440516 9.8507151 39.68418 29.477074 0.288771
SEG 9.8507151 39.68418 29.477074 10.689369 39.709591 29.361032 0.288771
SEG 29.63052 39.702845 29.442858 30.920521 39.660643 29.452882 0.288771
SEG 30.920521 39.660643 29.452882 32.07559 39.615518 29.41366 0.288771
SEG 32.07559 39.615518 29.41366 33.209582 39.554651 29.372564 0.288771
SEG 33.209582 39.554651 29.372564 34.363082 39.557682 29.403782 0.288771
SEG 34.363082 39.557682 29.403782 35.434716 39.345204 29.291527 0.288771
SEG 35.434716 39.345204 29.291527 36.496058 39.161701 29.2577 0.288771
SEG 36.496058 39.161701 29.2577 37.506474 38.877211 29.232706 0.288771
SEG 37.506474 38.877211 29.232706 38.407662 38.338463 29.22223 0.288771
SEG 38.407662 38.338463 29.22223 38.91205 37.417624 29.234404 0.288771
SEG 38.91205 37.417624 29.234404 39.183677 36.403696 29.260287 0.288771
SEG 39.183677 36.403696 29.260287 39.397614 35.288289 29.121861 0.288771
SEG 39.397614 35.288289 29.121861 39.560909 34.334908 29.404269 0.288771
SEG 39.560909 34.334908 29.404269 39.557064 33.192932 29.373105 0.288771
SEG 39.557064 33.192932 29.373105 39.617076 32.067439 29.413877 0.288771
SEG 39.617076 32.067439 29.413877 39.661288 30.932587 29.452424 0.288771
SEG 39.490454 4.3318465 29.254051 39.092268 3.1945358 29.249023 0.288771
SEG 39.092268 3.1945358 29.249023 38.759451 2.1989134 29.227379 0.288771
SEG 38.759451 2.1989134 29.227379 38.08653 1.3928965 29.22355 0.288771
SEG 38.08653 1.3928965 29.22355 37.117724 0.98840642 29.240936 0.288771
SEG 37.117724 0.98840642 29.240936 36.094614 0.75404246 29.269572 0.288771
SEG 36.094614 0.75404246 29.269572 35.053835 0.6019175 29.304554 0.288771
SEG 35.053835 0.6019175 29.304554 33.848799 0.51311868 28.973358 0.288771
SEG 33.848799 0.51311868 28.973358 32.890622 0.4233106 29.384144 0.288771
SEG 32.890622 0.4233106 29.384144 31.770629 0.36872546 29.424178 0.288771
SEG 31.770629 0.36872546 29.424178 30.499534 0.32153264 29.302335 0.288771
SEG 9.554178 0.32227149 29.467821 8.3922302 0.36220536 29.429778 0.288771
SEG 8.3922302 0.36220536 29.429778 7.2464239 0.41570619 29.389119 0.288771
SEG 7.2464239 0.41570619 29.389119 6.1275319 0.48875342 29.34775 0.288771
SEG 6.1275319 0.48875342 29.34775 5.0242183 0.59308039 29.307352 0.288771
SEG 5.0242183 0.59308039 29.307352 3.9483401 0.74662877 29.270932 0.288771
SEG 3.9483401 0.74662877 29.270932 2.9218828 0.97712503 29.24188 0.288771
SEG 2.9218828 0.97712503 29.24188 1.7513584 1.5036342 29.417352 0.288771
SEG 36.561253 6.3188502 20.674462 35.929109 7.3664809 20.80389 0.317014
SEG 35.929109 7.3664809 20.80389 35.250569 8.4895156 20.847971 0.317014
SEG 35.250569 8.4895156 20.847971 34.673822 9.6644688 20.891181 0.317014
SEG 34.673822 9.6644688 20.891181 34.203653 10.884961 20.931612 0.317014
SEG 34.203653 10.884961 20.931612 33.834688 12.142993 20.967867 0.317014
SEG 33.834688 12.142993 20.967867 33.554674 13.424795 20.998952 0.317014
SEG 33.554674 13.424795 20.998952 33.347603 14.723712 21.024493 0.317014
SEG 33.347603 14.723712 21.024493 33.199407 16.033553 21.044341 0.317014
SEG 33.199407 16.033553 21.044341 33.223897 17.110516 21.11074 0.317014
SEG 33.223897 17.110516 21.11074 33.043043 18.666404 21.066933 0.317014
SEG 33.043043 18.666404 21.066933 33.024148 19.986684 21.069789 0.317014
SEG 33.024148 19.986684 21.069789 33.04231 21.307612 21.067043 0.317014
SEG 33.04231 21.307612 21.067043 33.098739 22.626797 21.058678 0.317014
SEG 33.098739 22.626797 21.058678 33.197164 23.94201 21.044655 0.317014
SEG 33.197164 23.94201 21.044655 33.344404 25.25196 21.024914 0.317014
SEG 33.344404 25.25196 21.024914 33.550304 26.551066 20.99948 0.317014
SEG 33.550304 26.551066 20.99948 33.828701 27.833223 20.968497 0.317014
SEG 33.828701 27.833223 20.968497 34.195748 29.091818 20.932332 0.317014
SEG 34.195748 29.091818 20.932332 34.663849 30.313107 20.891965 0.317014
SEG 34.663849 30.313107 20.891965 35.238691 31.488995 20.848792 0.317014
SEG 35.238691 31.488995 20.848792 35.915475 32.613088 20.804709 0.317014
SEG 36.700367 6.2267249 5.7229374 36.929807 7.7381311 5.524316 0.326835
SEG 36.929807 7.7381311 5.524316 36.971693 9.102916 5.3802034 0.326835
SEG 36.971693 9.102916 5.3802034 36.87147 10.444796 5.3027169 0.326835
SEG 36.87147 10.444796 5.3027169 37.079453 11.983063 5.1148997 0.326835
SEG 37.079453 11.983063 5.1148997 37.131432 13.491413 5.004205 0.326835
SEG 37.131432 13.491413 5.004205 37.002906 14.944617 5.0202128 0.326835
SEG 37.002906 14.944617 5.0202128 37.209975 16.584127 4.8466745 0.326835
SEG 37.209975 16.584127 4.8466745 37.232046 18.155916 4.8038606 0.326835
SEG 37.232046 18.155916 4.8038606 37.038948 19.593566 4.9492295 0.326835
SEG 37.038948 19.593566 4.9492295 37.236512 21.320176 4.7952589 0.326835
SEG 37.236512 21.320176 4.7952589 37.08979 23.15577 4.9958536 0.326835
SEG 37.08979 23.15577 4.9958536 37.18801 24.475586 4.8898271 0.326835
SEG 37.18801 24.475586 4.8898271 37.146146 26.035471 4.9739424 0.326835
SEG 37.146146 26.035471 4.9739424 37.095199 27.580037 5.0806556 0.326835
SEG 37.095199 27.580037 5.0806556 37.039339 29.087112 5.2058681 0.326835
SEG 37.039339 29.087112 5.2058681 36.983607 30.564409 5.346467 0.326835
SEG 36.983607 30.564409 5.346467 36.936525 32.004367 5.4964555 0.326835
SEG 36.936525 32.004367 5.4964555 37.0951 33.60607 5.5802921 0.326835
SEG 7.4831 37.015108 17.11378 8.6247817 36.282858 17.143088 0.321611
SEG 8.6247817 36.282858 17.143088 9.8202658 35.6709 17.170642 0.321611
SEG 9.8202658 35.6709 17.170642 11.059506 35.175941 17.195235 0.321611
SEG 11.059506 35.175941 17.195235 12.331592 34.789001 17.216188 0.321611
SEG 12.331592 34.789001 17.216188 13.63369 34.494033 17.233395 0.321611
SEG 13.63369 34.494033 17.233395 14.949238 34.277116 17.246833 0.321611
SEG 14.949238 34.277116 17.246833 16.280931 34.123222 17.256819 0.321611
SEG 16.280931 34.123222 17.256819 17.621148 34.022699 17.263559 0.321611
SEG 17.621148 34.022699 17.263559 18.964057 33.968744 17.26725 0.321611
SEG 18.964057 33.968744 17.26725 20.309975 33.95747 17.268027 0.321611
SEG 20.309975 33.95747 17.268027 21.707289 33.856609 17.161843 0.321611
SEG 21.707289 33.856609 17.161843 22.871806 34.073239 17.387749 0.321611
SEG 22.871806 34.073239 17.387749 24.335757 34.187108 17.252624 0.321611
SEG 24.335757 34.187108 17.252624 25.902406 34.340568 17.37106 0.321611
SEG 25.902406 34.340568 17.37106 26.968481 34.619322 17.225947 0.321611
SEG 26.968481 34.619322 17.225947 28.257851 34.954812 17.207008 0.321611
SEG 28.257851 34.954812 17.207008 29.512198 35.388497 17.184405 0.321611
SEG 29.512198 35.388497 17.184405 30.60047 36.088603 17.406756 0.321611
SEG 30.60047 36.088603 17.406756 31.895763 36.597751 17.130041 0.321611
SEG 31.895763 36.597751 17.130041 33.004823 37.381803 17.100613 0.321611
SEG 10.7595 31.66281 20.92223 11.949184 31.123751 20.962603 0.316112
SEG 11.949184 31.123751 20.962603 13.188729 30.701144 20.997748 0.316112
SEG 13.188729 30.701144 20.997748 14.464495 30.387379 21.026835 0.316112
SEG 14.464495 30.387379 21.026835 15.630336 29.984215 20.887749 0.316112
SEG 15.630336 29.984215 20.887749 17.068199 30.018495 21.065974 0.316112
SEG 17.068199 30.018495 21.065974 18.219297 29.940505 20.842888 0.316112
SEG 18.219297 29.940505 20.842888 19.705823 29.895481 21.080607 0.316112
SEG 19.705823 29.895481 21.080607 21.028277 29.909029 21.07895 0.316112
SEG 21.028277 29.909029 21.07895 22.349017 29.972919 21.071295 0.316112
SEG 0.28785894 29.761959 32.873198 0.48144215 30.798938 32.782146 0.263063
SEG 0.48144215 30.798938 32.782146 0.35211757 31.860462 32.827554 0.263063
SEG 0.35211757 31.860462 32.827554 0.40025699 32.90895 32.798288 0.263063
SEG 0.40025699 32.90895 32.798288 0.45843624 33.920185 32.862771 0.263063
SEG 0.45843624 33.920185 32.862771 0.56240566 35.001233 32.726333 0.263063
SEG 0.56240566 35.001233 32.726333 0.70749574 36.040406 32.686709 0.263063
SEG 0.70749574 36.040406 32.686709 0.72901802 37.044679 32.589081 0.263063
SEG 0.72901802 37.044679 32.589081 1.3556922 38.027836 32.625947 0.263063
SEG 1.3556922 38.027836 32.625947 2.1268669 38.740425 32.628468 0.263063
SEG 2.1268669 38.740425 32.628468 3.1087441 39.111469 32.655743 0.263063
SEG 3.1087441 39.111469 32.655743 4.2260923 39.511716 32.541126 0.263063
SEG 4.2260923 39.511716 32.541126 5.176715 39.459181 32.732912 0.263063
SEG 5.176715 39.459181 32.732912 6.3740482 39.498491 32.785191 0.263063
SEG 6.3740482 39.498491 32.785191 7.269857 39.610941 32.803524 0.263063
SEG 7.269857 39.610941 32.803524 8.2046145 39.644391 32.617372 0.263063
SEG 8.2046145 39.644391 32.617372 9.467252 39.610901 32.861161 0.263063
SEG 31.413487 39.66604 32.838546 32.462287 39.623928 32.811235 0.263063
SEG 32.462287 39.623928 32.811235 33.510227 39.566506 32.779248 0.263063
SEG 33.510227 39.566506 32.779248 34.56459 39.569307 32.759103 0.263063
SEG 34.56459 39.569307 32.759103 35.598828 39.365416 32.703381 0.263063
SEG 35.598828 39.365416 32.703381 36.631033 39.176832 32.66479 0.263063
SEG 36.631033 39.176832 32.66479 37.63136 38.85922 32.633655 0.263063
SEG 37.63136 38.85922 32.633655 38.489196 38.253824 32.623038 0.263063
SEG 38.489196 38.253824 32.623038 38.978919 37.325215 32.641917 0.263063
SEG 38.978919 37.325215 32.641917 39.246944 36.310579 32.676237 0.263063
SEG 39.246944 36.310579 32.676237 39.399962 35.334285 32.54638 0.263063
SEG 39.399962 35.334285 32.54638 39.588704 34.29932 32.767783 0.263063
SEG 39.588704 34.29932 32.767783 39.58706 33.183064 32.789629 0.263063
SEG 39.58706 33.183064 32.789629 39.638925 32.13479 32.820138 0.263063
SEG 39.638925 32.13479 32.820138 39.568945 30.965295 32.940996 0.263063
SEG 39.703102 9.9901316 32.739987 39.681151 9.0399361 32.848874 0.263063
SEG 39.681151 9.0399361 32.848874 39.638262 8.0408191 32.613118 0.263063
SEG 39.638262 8.0408191 32.613118 39.59411 6.9425155 32.793533 0.263063
SEG 39.59411 6.9425155 32.793533 39.524698 5.8953847 32.758909 0.263063
SEG 39.524698 5.8953847 32.758909 39.424266 4.8509073 32.720432 0.263063
SEG 39.424266 4.8509073 32.720432 39.270442 3.8129892 32.680881 0.263063
SEG 39.270442 3.8129892 32.680881 39.019599 2.7940082 32.645452 0.263063
SEG 39.019599 2.7940082 32.645452 38.568493 1.8460968 32.623835 0.263063
SEG 38.568493 1.8460968 32.623835 37.749881 1.1885791 32.630617 0.263063
SEG 37.749881 1.1885791 32.630617 36.756837 0.84873816 32.660118 0.263063
SEG 36.756837 0.84873816 32.660118 35.726654 0.64931094 32.698219 0.263063
SEG 35.726654 0.64931094 32.698219 34.684951 0.52367033 32.737836 0.263063
SEG 34.684951 0.52367033 32.737836 33.757021 0.44373863 32.880324 0.263063
SEG 16.23803 34.231302 21.074041 17.556019 34.147034 21.087004 0.316828
SEG 17.556019 34.147034 21.087004 18.878937 34.100445 21.09444 0.316828
SEG 18.878937 34.100445 21.09444 20.203695 34.088667 21.096351 0.316828
SEG 20.203695 34.088667 21.096351 21.65006 33.971451 21.068175 0.316828
SEG 21.65006 33.971451 21.068175 22.851625 34.168703 21.083594 0.316828
SEG 22.851625 34.168703 21.083594 24.170912 34.265743 21.068884 0.316828
SEG 24.170912 34.265743 21.068884 25.48375 34.408605 21.048605 0.316828
SEG 25.48375 34.408605 21.048605 26.789667 34.607607 21.022745 0.316828
SEG 26.789667 34.607607 21.022745 28.079781 34.875792 20.99156 0.316828
SEG 28.079781 34.875792 20.99156 29.345585 35.229485 20.955554 0.316828
SEG 29.345585 35.229485 20.955554 30.579355 35.685484 20.915588 0.316828
SEG 30.579355 35.685484 20.915588 31.768753 36.253514 20.873235 0.316828
SEG 31.768753 36.253514 20.873235 32.902378 36.935684 20.830583 0.316828
SEG 0.27230918 29.606643 35.837966 0.29757896 30.98946 35.843524 0.263063
SEG 0.29757896 30.98946 35.843524 0.32312862 32.039129 35.837241 0.263063
SEG 0.32312862 32.039129 35.837241 0.35646874 33.00755 35.829449 0.263063
SEG 0.35646874 33.00755 35.829449 0.40474557 34.041152 35.948821 0.263063
SEG 0.40474557 34.041152 35.948821 0.49346682 35.183666 35.796078 0.263063
SEG 0.49346682 35.183666 35.796078 0.62491142 36.224901 35.767072 0.263063
SEG 0.62491142 36.224901 35.767072 0.85494723 37.248255 35.730474 0.263063
SEG 0.85494723 37.248255 35.730474 1.341942 38.264128 35.700144 0.263063
SEG 1.341942 38.264128 35.700144 2.0186881 38.840774 35.706132 0.263063
SEG 2.0186881 38.840774 35.706132 3.073587 39.234165 35.742506 0.263063
SEG 3.073587 39.234165 35.742506 4.1329761 39.525788 35.690299 0.263063
SEG 4.1329761 39.525788 35.690299 5.2267 39.543974 35.804924 0.263063
SEG 5.2267 39.543974 35.804924 6.1963004 39.607547 35.820529 0.263063
SEG 6.1963004 39.607547 35.820529 7.2451955 39.654164 35.831773 0.263063
SEG 7.2451955 39.654164 35.831773 8.1473123 39.677856 35.716056 0.263063
SEG 30.343287 39.715936 35.846711 31.346161 39.694552 35.841673 0.263063
SEG 31.346161 39.694552 35.841673 32.442621 39.665037 35.834366 0.263063
SEG 32.442621 39.665037 35.834366 33.444914 39.625585 35.824932 0.263063
SEG 33.444914 39.625585 35.824932 34.596298 39.612514 35.83147 0.263063
SEG 34.596298 39.612514 35.83147 35.631568 39.459404 35.784934 0.263063
SEG 39.67715 8.1121583 35.719282 39.650818 7.1552863 35.83108 0.263063
SEG 39.650818 7.1552863 35.83108 39.60255 6.1064704 35.819415 0.263063
SEG 39.60255 6.1064704 35.819415 39.529227 5.0592098 35.801645 0.263063
SEG 39.529227 5.0592098 35.801645 39.498367 4.0631436 35.704286 0.263063
SEG 39.498367 4.0631436 35.704286 39.211843 2.9864155 35.739423 0.263063
SEG 39.211843 2.9864155 35.739423 38.812563 1.967957 35.704899 0.263063
SEG 38.812563 1.967957 35.704899 38.123203 1.2461412 35.702968 0.263063
SEG 38.123203 1.2461412 35.702968 37.162367 0.8292074 35.733832 0.263063
SEG 37.162367 0.8292074 35.733832 36.136438 0.61056376 35.770075 0.263063
SEG 36.136438 0.61056376 35.770075 35.047545 0.48082447 35.799274 0.263063
SEG 35.047545 0.48082447 35.799274 33.99269 0.40187478 35.932827 0.263063
SEG 33.99269 0.40187478 35.932827 32.998935 0.35518229 35.829603 0.263063
SEG 32.998935 0.35518229 35.829603 31.996654 0.32158717 35.837664 0.263063
SEG 31.996654 0.32158717 35.837664 30.89986 0.29555125 35.844093 0.263063
SEG 30.89986 0.29555125 35.844093 29.657607 0.27217962 35.849647 0.263063
SEG 1.5792365 1.4104732 35.762891 1.0522125 2.2323619 35.712489 0.263063
SEG 1.0522125 2.2323619 35.712489 0.72955056 3.2296739 35.748174 0.263063
SEG 0.72955056 3.2296739 35.748174 0.55497501 4.2642848 35.78202 0.263063
SEG 0.55497501 4.2642848 35.78202 0.37299603 5.8820103 35.760145 0.263063
SEG 0.27230918 29.606643 35.837966 0.29757896 30.98946 35.843524 0.263063
SEG 0.29757896 30.98946 35.843524 0.32312862 32.039129 35.837241 0.263063
SEG 0.32312862 32.039129 35.837241 0.35646874 33.00755 35.829449 0.263063
SEG 0.35646874 33.00755 35.829449 0.40474557 34.041152 35.948821 0.263063
SEG 0.40474557 34.041152 35.948821 0.49346682 35.183666 35.796078 0.263063
SEG 0.49346682 35.183666 35.796078 0.62491142 36.224901 35.767072 0.263063
SEG 0.62491142 36.224901 35.767072 0.85494723 37.248255 35.730474 0.263063
SEG 0.85494723 37.248255 35.730474 1.341942 38.264128 35.700144 0.263063
SEG 1.341942 38.264128 35.700144 2.0186881 38.840774 35.706132 0.263063
SEG 2.0186881 38.840774 35.706132 3.073587 39.234165 35.742506 0.263063
SEG 3.073587 39.234165 35.742506 4.1329761 39.525788 35.690299 0.263063
SEG 4.1329761 39.525788 35.690299 5.2267 39.543974 35.804924 0.263063
SEG 5.2267 39.543974 35.804924 6.1963004 39.607547 35.820529 0.263063
SEG 6.1963004 39.607547 35.820529 7.2451955 39.654164 35.831773 0.263063
SEG 7.2451955 39.654164 35.831773 8.1473123 39.677856 35.716056 0.263063
SEG 30.343287 39.715936 35.846711 31.346161 39.694552 35.841673 0.263063
SEG 31.346161 39.694552 35.841673 32.442621 39.665037 35.834366 0.263063
SEG 32.442621 39.665037 35.834366 33.444914 39.625585 35.824932 0.263063
SEG 33.444914 39.625585 35.824932 34.596298 39.612514 35.83147 0.263063
SEG 34.596298 39.612514 35.83147 35.631568 39.459404 35.784934 0.263063
SEG 39.67715 8.1121583 35.719282 39.650818 7.1552863 35.83108 0.263063
SEG 39.650818 7.1552863 35.83108 39.60255 6.1064704 35.819415 0.263063
SEG 39.60255 6.1064704 35.819415 39.529227 5.0592098 35.801645 0.263063
SEG 39.529227 5.0592098 35.801645 39.498367 4.0631436 35.704286 0.263063
SEG 39.498367 4.0631436 35.704286 39.211843 2.9864155 35.739423 0.263063
SEG 39.211843 2.9864155 35.739423 38.812563 1.967957 35.704899 0.263063
SEG 38.812563 1.967957 35.704899 38.123203 1.2461412 35.702968 0.263063
SEG 38.123203 1.2461412 35.702968 37.162367 0.8292074 35.733832 0.263063
SEG 37.162367 0.8292074 35.733832 36.136438 0.61056376 35.770075 0.263063
SEG 36.136438 0.61056376 35.770075 35.047545 0.48082447 35.799274 0.263063
SEG 35.047545 0.48082447 35.799274 33.99269 0.40187478 35.932827 0.263063
SEG 33.99269 0.40187478 35.932827 32.998935 0.35518229 35.829603 0.263063
SEG 32.998935 0.35518229 35.829603 31.996654 0.32158717 35.837664 0.263063
SEG 31.996654 0.32158717 35.837664 30.89986 0.29555125 35.844093 0.263063
SEG 30.89986 0.29555125 35.844093 29.657607 0.27217962 35.849647 0.263063
SEG 1.5792365 1.4104732 35.762891 1.0522125 2.2323619 35.712489 0.263063
SEG 1.0522125 2.2323619 35.712489 0.72955056 3.2296739 35.748174 0.263063
SEG 0.72955056 3.2296739 35.748174 0.55497501 4.2642848 35.78202 0.263063
SEG 0.55497501 4.2642848 35.78202 0.37299603 5.8820103 35.760145 0.263063
SEG 1.010079 39.560053 38.785462 2.2500548 39.713681 38.920497 0.263063
SEG 39.736905 2.6749498 38.919718 39.673352 1.8664853 38.943015 0.263063
SEG 39.673352 1.8664853 38.943015 39.449184 0.97537998 38.922139 0.263063
SEG 1.010079 39.560053 38.785462 2.2500548 39.713681 38.920497 0.263063
SEG 39.673352 1.8664853 38.943015 39.449184 0.97537998 38.922139 0.263063
SEG 2.8936203 38.177293 39.383067 3.7231156 37.533755 39.356567 0.263063
SEG 3.7231156 37.533755 39.356567 4.5185994 36.848823 39.332625 0.263063
SEG 4.5185994 36.848823 39.332625 5.2875497 36.134113 39.312513 0.263063
SEG 5.2875497 36.134113 39.312513 6.0411868 35.40318 39.296108 0.263063
SEG 6.0411868 35.40318 39.296108 6.7881959 34.665411 39.282903 0.263063
SEG 6.7881959 34.665411 39.282903 7.5420715 33.918772 39.272244 0.263063
SEG 7.5420715 33.918772 39.272244 8.3178136 33.155142 39.263571 0.263063
SEG 8.3178136 33.155142 39.263571 9.1094955 32.385222 39.256663 0.263063
SEG 9.1094955 32.385222 39.256663 9.9220741 31.607528 39.251193 0.263063
SEG 9.9220741 31.607528 39.251193 10.750095 30.830874 39.246967 0.263063
SEG 10.750095 30.830874 39.246967 11.596591 30.056998 39.243753 0.263063
SEG 11.596591 30.056998 39.243753 12.460034 29.292586 39.241379 0.263063
SEG 12.460034 29.292586 39.241379 13.344277 28.540944 39.239668 0.263063
SEG 13.344277 28.540944 39.239668 14.252086 27.811206 39.238485 0.263063
SEG 14.252086 27.811206 39.238485 15.18819 27.114715 39.23771 0.263063
SEG 15.18819 27.114715 39.23771 16.162432 26.469613 39.237235 0.263063
SEG 16.162432 26.469613 39.237235 17.185968 25.904482 39.236974 0.263063
SEG 17.185968 25.904482 39.236974 18.270384 25.466438 39.23685 0.263063
SEG 18.270384 25.466438 39.23685 19.271991 25.300308 39.162228 0.263063
SEG 19.271991 25.300308 39.162228 20.583312 25.219986 39.236806 0.263063
SEG 20.583312 25.219986 39.236806 21.726866 25.464962 39.23685 0.263063
SEG 21.726866 25.464962 39.23685 22.811489 25.902544 39.236973 0.263063
SEG 22.811489 25.902544 39.236973 23.835469 26.467614 39.237234 0.263063
SEG 23.835469 26.467614 39.237234 24.810376 27.113026 39.237709 0.263063
SEG 24.810376 27.113026 39.237709 25.747832 27.810507 39.238484 0.263063
SEG 25.747832 27.810507 39.238484 26.657196 28.541564 39.23967 0.263063
SEG 26.657196 28.541564 39.23967 27.544569 29.296021 39.241388 0.263063
SEG 27.544569 29.296021 39.241388 28.39443 30.168253 39.464857 0.263063
SEG 28.39443 30.168253 39.464857 29.264342 30.843724 39.247029 0.263063
SEG 29.264342 30.843724 39.247029 30.100646 31.628599 39.251324 0.263063
SEG 30.100646 31.628599 39.251324 30.920578 32.41378 39.256891 0.263063
SEG 30.920578 32.41378 39.256891 31.726692 33.198159 39.264006 0.263063
SEG 31.726692 33.198159 39.264006 32.513427 33.973112 39.27294 0.263063
SEG 32.513427 33.973112 39.27294 33.280773 34.733269 39.284001 0.263063
SEG 38.173311 3.2826131 39.379527 37.521643 4.1190997 39.353254 0.263063
SEG 37.521643 4.1190997 39.353254 36.833606 4.9119257 39.330199 0.263063
SEG 36.833606 4.9119257 39.330199 36.115816 5.6780233 39.310907 0.263063
SEG 36.115816 5.6780233 39.310907 35.3817 6.4285742 39.295173 0.263063
SEG 35.3817 6.4285742 39.295173 34.64011 7.175318 39.282502 0.263063
SEG 34.64011 7.175318 39.282502 33.886023 7.9357211 39.272236 0.263063
SEG 33.886023 7.9357211 39.272236 33.015936 8.7304382 39.454625 0.263063
SEG 33.015936 8.7304382 39.454625 32.351991 9.5136063 39.257419 0.263063
SEG 32.351991 9.5136063 39.257419 31.577056 10.335383 39.252247 0.263063
SEG 31.577056 10.335383 39.252247 30.758353 11.234478 39.155747 0.263063
SEG 30.758353 11.234478 39.155747 30.045587 12.032505 39.245286 0.263063
SEG 30.045587 12.032505 39.245286 29.297414 12.912629 39.243086 0.263063
SEG 29.297414 12.912629 39.243086 28.568847 13.817745 39.241517 0.263063
SEG 28.568847 13.817745 39.241517 27.871719 14.751764 39.240444 0.263063
SEG 27.871719 14.751764 39.240444 27.221456 15.721138 39.239751 0.263063
SEG 27.221456 15.721138 39.239751 26.642386 16.736223 39.239335 0.263063
SEG 26.642386 16.736223 39.239335 26.171118 17.806295 39.239112 0.263063
SEG 26.171118 17.806295 39.239112 25.860388 18.933773 39.239013 0.263063
SEG 25.860388 18.933773 39.239013 25.762746 20.09913 39.238988 0.263063
SEG 25.762746 20.09913 39.238988 25.898821 21.260609 39.239023 0.263063
SEG 25.898821 21.260609 39.239023 26.240267 22.379128 39.23914 0.263063
SEG 26.240267 22.379128 39.23914 26.733125 23.439718 39.23939 0.263063
SEG 26.733125 23.439718 39.23939 27.327225 24.446789 39.239847 0.263063
SEG 27.327225 24.446789 39.239847 27.987504 25.410809 39.240598 0.263063
SEG 27.987504 25.410809 39.240598 28.69252 26.34112 39.241748 0.263063
SEG 28.69252 26.34112 39.241748 29.427341 27.24482 39.243421 0.263063
SEG 29.427341 27.24482 39.243421 30.182315 28.12498 39.245763 0.263063
SEG 30.182315 28.12498 39.245763 30.951975 28.986374 39.248947 0.263063
SEG 30.951975 28.986374 39.248947 31.729816 29.829225 39.253169 0.263063
SEG 31.729816 29.829225 39.253169 32.513289 30.656105 39.258665 0.263063
SEG 32.513289 30.656105 39.258665 33.290866 31.459383 39.265648 0.263063
SEG 33.290866 31.459383 39.265648 34.065391 32.246541 39.274479 0.263063
SEG 34.065391 32.246541 39.274479 34.832398 33.018914 39.285528 0.263063
SEG 34.832398 33.018914 39.285528 35.586059 33.779685 39.299199 0.263063
SEG 35.586059 33.779685 39.299199 36.317084 34.533227 39.315865 0.263063
SEG 36.317084 34.533227 39.315865 37.028202 35.305494 39.336216 0.263063
SEG 7.2633409 4.7225665 39.343278 8.2262968 5.5128569 39.272885 0.263063
SEG 8.2262968 5.5128569 39.272885 9.0152361 6.2942319 39.263518 0.263063
SEG 9.0152361 6.2942319 39.263518 9.8239452 7.0733572 39.256157 0.263063
SEG 9.8239452 7.0733572 39.256157 10.656095 7.8480784 39.250426 0.263063
SEG 10.656095 7.8480784 39.250426 11.509948 8.6109665 39.246042 0.263063
SEG 11.509948 8.6109665 39.246042 12.387303 9.3568268 39.242746 0.263063
SEG 12.387303 9.3568268 39.242746 13.293807 10.081821 39.240317 0.263063
SEG 13.293807 10.081821 39.240317 14.229904 10.77333 39.238582 0.263063
SEG 14.229904 10.77333 39.238582 15.201365 11.418973 39.237388 0.263063
SEG 15.201365 11.418973 39.237388 16.215461 11.998158 39.236608 0.263063
SEG 16.215461 11.998158 39.236608 17.278373 12.482494 39.236133 0.263063
SEG 17.278373 12.482494 39.236133 18.392827 12.834752 39.235877 0.263063
SEG 18.392827 12.834752 39.235877 19.449863 13.21686 39.333135 0.263063
SEG 19.449863 13.21686 39.333135 20.716561 12.98913 39.235785 0.263063
SEG 20.716561 12.98913 39.235785 21.864358 12.768551 39.23592 0.263063
SEG 21.864358 12.768551 39.23592 22.966954 12.383004 39.23622 0.263063
SEG 22.966954 12.383004 39.23622 24.017053 11.874549 39.236754 0.263063
SEG 24.017053 11.874549 39.236754 25.019707 11.279275 39.237615 0.263063
SEG 25.019707 11.279275 39.237615 25.979479 10.62482 39.238911 0.263063
SEG 31.756067 5.2087015 39.351852 32.632064 4.6463047 39.286252 0.263063
SEG 32.632064 4.6463047 39.286252 33.370643 3.9001243 39.300955 0.263063
SEG 11.071724 34.540087 39.260563 11.85056 33.751781 39.252365 0.271196
SEG 11.85056 33.751781 39.252365 12.678576 32.998739 39.246249 0.271196
SEG 12.678576 32.998739 39.246249 13.561552 32.28062 39.241671 0.271196
SEG 13.561552 32.28062 39.241671 14.613471 31.523106 39.420991 0.271196
SEG 14.613471 31.523106 39.420991 15.474313 31.009512 39.235947 0.271196
SEG 15.474313 31.009512 39.235947 16.507753 30.488988 39.234309 0.271196
SEG 16.507753 30.488988 39.234309 17.5936 30.077879 39.233255 0.271196
SEG 17.5936 30.077879 39.233255 18.722731 29.805808 39.232659 0.271196
SEG 18.722731 29.805808 39.232659 19.701552 29.877911 39.150545 0.271196
SEG 19.701552 29.877911 39.150545 21.043565 29.769888 39.232587 0.271196
SEG 21.043565 29.769888 39.232587 22.182261 30.011124 39.2331 0.271196
SEG 22.182261 30.011124 39.2331 23.277736 30.396989 39.234055 0.271196
SEG 23.277736 30.396989 39.234055 24.324734 30.898855 39.235569 0.271196
SEG 24.324734 30.898855 39.235569 25.320039 31.489983 39.237799 0.271196
SEG 25.320039 31.489983 39.237799 26.265208 32.149475 39.24095 0.271196
SEG 26.265208 32.149475 39.24095 27.161731 32.862553 39.245293 0.271196
SEG 27.161731 32.862553 39.245293 28.010838 33.620409 39.251194 0.271196
SEG 28.010838 33.620409 39.251194 28.927237 34.548697 39.455448 0.271196
SEG 28.927237 34.548697 39.455448 29.55433 35.23914 39.269754 0.271196
SEG 29.55433 35.23914 39.269754 30.252749 36.085137 39.283958 0.271196
SEG 6.4834245 9.609583 39.320899 7.3461741 10.349987 39.238199 0.271009
SEG 7.3461741 10.349987 39.238199 8.1090052 11.193053 39.233031 0.271009
SEG 8.1090052 11.193053 39.233031 8.8608054 12.06532 39.229088 0.271009
SEG 8.8608054 12.06532 39.229088 9.5900576 12.963217 39.226153 0.271009
SEG 9.5900576 12.963217 39.226153 10.289283 13.890878 39.224025 0.271009
SEG 10.289283 13.890878 39.224025 10.945368 14.852885 39.222531 0.271009
SEG 10.945368 14.852885 39.222531 11.542104 15.855453 39.221527 0.271009
SEG 11.542104 15.855453 39.221527 12.053841 16.905447 39.220891 0.271009
SEG 12.053841 16.905447 39.220891 12.446433 18.005597 39.220525 0.271009
SEG 12.446433 18.005597 39.220525 12.681508 19.150505 39.22035 0.271009
SEG 12.681508 19.150505 39.22035 12.726747 20.318415 39.220321 0.271009
SEG 12.726747 20.318415 39.220321 12.5751 21.477336 39.220425 0.271009
SEG 12.5751 21.477336 39.220425 12.249282 22.599034 39.220696 0.271009
SEG 12.249282 22.599034 39.220696 11.787745 23.670783 39.221198 0.271009
SEG 11.787745 23.670783 39.221198 11.227692 24.692209 39.222017 0.271009
SEG 11.227692 24.692209 39.222017 10.598699 25.668856 39.223263 0.271009
SEG 10.598699 25.668856 39.223263 9.9209779 26.607811 39.225068 0.271009
SEG 9.9209779 26.607811 39.225068 9.2371573 27.402711 39.456917 0.271009
SEG 9.2371573 27.402711 39.456917 8.4732631 28.39022 39.230991 0.271009
SEG 8.4732631 28.39022 39.230991 7.7197669 29.241643 39.235511 0.271009
SEG 7.7197669 29.241643 39.235511 6.9573204 30.066108 39.24137 0.271009
SEG 6.9573204 30.066108 39.24137 6.1945693 30.861798 39.248815 0.271009
SEG 6.1945693 30.861798 39.248815 5.4304083 31.635353 39.258258 0.271009
SEG 5.4304083 31.635353 39.258258 4.6587652 32.401407 39.270307 0.271009
SEG 4.6587652 32.401407 39.270307 3.8982767 33.156763 39.285295 0.271009
SEG 3.8982767 33.156763 39.285295 3.1666722 33.909708 39.303397 0.271009
SEG 3.1666722 33.909708 39.303397 2.4659142 34.691357 39.324937 0.271009
SEG 2.4659142 34.691357 39.324937 1.7761249 35.535448 39.350775 0.271009
SEG 1.9815589 2.042565 39.392342 2.7151075 2.7933495 39.36534 0.287945
SEG 2.7151075 2.7933495 39.36534 3.5745908 3.6144321 39.203658 0.287945
SEG 3.5745908 3.6144321 39.203658 4.1909146 4.2865701 39.317867 0.287945
SEG 4.1909146 4.2865701 39.317867 4.9315817 5.0306161 39.300322 0.287945
SEG 4.9315817 5.0306161 39.300322 5.7436008 5.9799169 39.336445 0.287945
SEG 5.7436008 5.9799169 39.336445 6.4444074 6.5454579 39.274507 0.287945
SEG 6.4444074 6.5454579 39.274507 7.2201573 7.3221875 39.265162 0.287945
SEG 7.2201573 7.3221875 39.265162 8.0626504 8.1891193 39.311728 0.287945
SEG 8.0626504 8.1891193 39.311728 8.8082496 8.914028 39.251783 0.287945
SEG 8.8082496 8.914028 39.251783 9.6157324 9.7248994 39.247191 0.287945
SEG 9.6157324 9.7248994 39.247191 10.427459 10.54124 39.243697 0.287945
SEG 10.427459 10.54124 39.243697 11.24377 11.363715 39.241096 0.287945
SEG 11.24377 11.363715 39.241096 12.237816 12.30213 39.385614 0.287945
SEG 12.237816 12.30213 39.385614 12.881501 13.021495 39.237894 0.287945
SEG 12.881501 13.021495 39.237894 13.700216 13.855151 39.23702 0.287945
SEG 13.700216 13.855151 39.23702 14.516265 14.692911 39.236476 0.287945
SEG 14.516265 14.692911 39.236476 15.328113 15.535093 39.23617 0.287945
SEG 15.328113 15.535093 39.23617 16.242568 16.393429 39.31704 0.287945
SEG 16.242568 16.393429 39.31704 16.920881 17.248051 39.235983 0.287945
SEG 16.920881 17.248051 39.235983 17.675995 18.140525 39.235991 0.287945
SEG 17.675995 18.140525 39.235991 18.32846 19.110333 39.236014 0.287945
SEG 18.32846 19.110333 39.236014 18.545331 20.258854 39.236023 0.287945
SEG 18.545331 20.258854 39.236023 18.065417 21.32487 39.236004 0.287945
SEG 18.065417 21.32487 39.236004 17.583285 22.220204 39.149242 0.287945
SEG 17.583285 22.220204 39.149242 16.580061 23.129367 39.235993 0.287945
SEG 16.580061 23.129367 39.235993 15.78311 23.985488 39.236074 0.287945
SEG 15.78311 23.985488 39.236074 14.975559 24.831812 39.23628 0.287945
SEG 14.975559 24.831812 39.23628 14.161429 25.671639 39.236679 0.287945
SEG 25.483283 14.692689 39.236476 24.671375 15.534814 39.23617 0.287945
SEG 24.671375 15.534814 39.23617 23.866688 16.383779 39.236027 0.287945
SEG 23.866688 16.383779 39.236027 23.078375 17.247558 39.235983 0.287945
SEG 23.078375 17.247558 39.235983 22.322986 18.139798 39.235991 0.287945
SEG 22.322986 18.139798 39.235991 21.669855 19.109157 39.236014 0.287945
SEG 36.490285 10.466587 39.372806 35.674927 11.053316 39.280163 0.278668
SEG 35.674927 11.053316 39.280163 34.811358 11.75291 39.267836 0.278668
SEG 34.811358 11.75291 39.267836 33.989663 12.519845 39.258885 0.278668
SEG 33.989663 12.519845 39.258885 33.306545 13.376102 39.177554 0.278668
SEG 33.306545 13.376102 39.177554 32.516908 14.228335 39.247807 0.278668
SEG 32.516908 14.228335 39.247807 31.873718 15.17083 39.244477 0.278668
SEG 31.873718 15.17083 39.244477 31.308919 16.176263 39.24214 0.278668
SEG 31.308919 16.176263 39.24214 30.848934 17.234349 39.240586 0.278668
SEG 30.848934 17.234349 39.240586 30.51956 18.344761 39.239647 0.278668
SEG 30.51956 18.344761 39.239647 30.351381 19.49407 39.239219 0.278668
SEG 30.351381 19.49407 39.239219 30.3631 20.655649 39.239248 0.278668
SEG 30.3631 20.655649 39.239248 30.553256 21.801588 39.239738 0.278668
SEG 30.553256 21.801588 39.239738 30.901997 22.909548 39.240752 0.278668
SEG 30.901997 22.909548 39.240752 31.379972 23.964555 39.242408 0.278668
SEG 31.379972 23.964555 39.242408 31.958256 24.962912 39.244876 0.278668
SEG 31.958256 24.962912 39.244876 32.616641 25.903943 39.248406 0.278668
SEG 32.616641 25.903943 39.248406 33.340121 26.786299 39.253339 0.278668
SEG 33.340121 26.786299 39.253339 34.12025 27.608081 39.26017 0.278668
SEG 34.12025 27.608081 39.26017 34.908803 28.53641 39.461274 0.278668
SEG 34.908803 28.53641 39.461274 35.819972 29.054569 39.282601 0.278668
SEG 35.819972 29.054569 39.282601 36.765529 29.572279 39.511029 0.278668
SEG 11.793123 4.7593819 39.337592 12.541723 5.649698 39.253202 0.273054
SEG 12.541723 5.649698 39.253202 13.345538 6.4353699 39.245798 0.273054
SEG 13.345538 6.4353699 39.245798 14.215281 7.1616568 39.24047 0.273054
SEG 14.215281 7.1616568 39.24047 15.147551 7.819576 39.236673 0.273054
SEG 15.147551 7.819576 39.236673 16.196697 8.4194843 39.276606 0.273054
SEG 16.196697 8.4194843 39.276606 17.194971 8.8655423 39.23225 0.273054
SEG 17.194971 8.8655423 39.23225 18.302677 9.2039054 39.231179 0.273054
SEG 18.302677 9.2039054 39.231179 19.447647 9.380696 39.230677 0.273054
SEG 19.447647 9.380696 39.230677 20.738712 9.2704271 39.46083 0.273054
SEG 20.738712 9.2704271 39.46083 21.75596 9.1904277 39.231219 0.273054
SEG 21.75596 9.1904277 39.231219 22.86167 8.844573 39.232323 0.273054
SEG 22.86167 8.844573 39.232323 23.916064 8.3652478 39.234143 0.273054
SEG 23.916064 8.3652478 39.234143 24.9115 7.7819512 39.236868 0.273054
SEG 24.9115 7.7819512 39.236868 25.84625 7.114681 39.240779 0.273054
SEG 25.84625 7.114681 39.240779 26.717931 6.3783781 39.246276 0.273054
SEG 26.717931 6.3783781 39.246276 27.523544 5.5815695 39.253929 0.273054
SEG 27.523544 5.5815695 39.253929 28.145806 4.7797926 39.459884 0.273054
SEG 28.145806 4.7797926 39.459884 28.916926 3.8568519 39.279241 0.273054
SEG 25.5993 35.961907 39.271012 24.993502 35.026207 39.256595 0.276554
SEG 24.993502 35.026207 39.256595 24.303247 34.043915 39.470899 0.276554
SEG 24.303247 34.043915 39.470899 23.381713 33.440712 39.240998 0.276554
SEG 23.381713 33.440712 39.240998 22.404538 32.844701 39.237187 0.276554
SEG 22.404538 32.844701 39.237187 21.336934 32.416622 39.234995 0.276554
SEG 21.336934 32.416622 39.234995 20.204301 32.215334 39.234116 0.276554
SEG 20.204301 32.215334 39.234116 19.058731 32.31991 39.234554 0.276554
SEG 19.058731 32.31991 39.234554 17.971304 32.677141 39.236272 0.276554
SEG 17.971304 32.677141 39.236272 16.967333 33.21286 39.239424 0.276554
SEG 16.967333 33.21286 39.239424 16.065562 33.893625 39.244544 0.276554
SEG 16.065562 33.893625 39.244544 15.282084 34.696256 39.252553 0.276554
SEG 15.282084 34.696256 39.252553 14.610755 35.734328 39.463491 0.276554
SEG 14.610755 35.734328 39.463491 14.082449 36.569089 39.28312 0.276554
SEG 14.082449 36.569089 39.28312 13.448801 37.482494 39.305393 0.276554
SEG 2.4570914 10.322344 39.371625 3.3027401 10.999062 39.278895 0.27375
SEG 3.3027401 10.999062 39.278895 4.1912622 11.648036 39.261095 0.27375
SEG 4.1912622 11.648036 39.261095 5.0552657 12.329419 39.248034 0.27375
SEG 5.0552657 12.329419 39.248034 5.8740271 13.084983 39.23863 0.27375
SEG 5.8740271 13.084983 39.23863 6.634239 13.912923 39.231904 0.27375
SEG 6.634239 13.912923 39.231904 7.3282698 14.810338 39.227103 0.27375
SEG 7.3282698 14.810338 39.227103 7.9435547 15.772504 39.223726 0.27375
SEG 7.9435547 15.772504 39.223726 8.4577608 16.571816 39.269408 0.27375
SEG 8.4577608 16.571816 39.269408 8.8573617 17.882344 39.219961 0.27375
SEG 8.8573617 17.882344 39.219961 9.1012456 19.014796 39.219176 0.27375
SEG 9.1012456 19.014796 39.219176 9.0024398 20.2761 39.156353 0.27375
SEG 9.0024398 20.2761 39.156353 9.047272 21.324011 39.219343 0.27375
SEG 9.047272 21.324011 39.219343 8.7555677 22.445224 39.220317 0.27375
SEG 8.7555677 22.445224 39.220317 8.3184609 23.518007 39.222016 0.27375
SEG 8.3184609 23.518007 39.222016 7.7647382 24.530649 39.22463 0.27375
SEG 7.7647382 24.530649 39.22463 7.1187733 25.480248 39.228433 0.27375
SEG 7.1187733 25.480248 39.228433 6.3956068 26.364189 39.233834 0.27375
SEG 6.3956068 26.364189 39.233834 5.6071337 27.177962 39.241408 0.27375
SEG 5.6071337 27.177962 39.241408 4.7664786 27.912431 39.251981 0.27375
SEG 4.7664786 27.912431 39.251981 3.8836445 28.580446 39.266731 0.27375
SEG 3.8836445 28.580446 39.266731 2.9981549 29.233506 39.286146 0.27375
SEG 36.09139 24.795481 39.473441 35.236685 24.36449 39.267255 0.275905
SEG 35.236685 24.36449 39.267255 34.254415 23.711899 39.476383 0.275905
SEG 34.254415 23.711899 39.476383 33.601218 22.805475 39.250401 0.275905
SEG 33.601218 22.805475 39.250401 33.0045 21.828523 39.246565 0.275905
SEG 33.0045 21.828523 39.246565 32.596948 20.75863 39.24456 0.275905
SEG 32.596948 20.75863 39.24456 32.503104 19.617538 39.244178 0.275905
SEG 32.503104 19.617538 39.244178 32.836345 18.522335 39.245692 0.275905
SEG 32.836345 18.522335 39.245692 33.367493 17.515626 39.248802 0.275905
SEG 33.367493 17.515626 39.248802 33.980173 16.679252 39.429246 0.275905
SEG 33.980173 16.679252 39.429246 34.890411 15.867031 39.262816 0.275905
SEG 34.890411 15.867031 39.262816 35.896348 15.260882 39.469895 0.275905
SEG 35.896348 15.260882 39.469895 36.815485 14.76381 39.296397 0.275905
SEG 36.815485 14.76381 39.296397 37.912671 14.231771 39.406106 0.275905
SEG 15.583766 3.2665403 39.362486 16.029031 4.4526951 39.260813 0.276896
SEG 16.029031 4.4526951 39.260813 16.676432 5.3610256 39.248629 0.276896
SEG 16.676432 5.3610256 39.248629 17.495788 6.1288409 39.241258 0.276896
SEG 17.495788 6.1288409 39.241258 18.449748 6.7360475 39.236997 0.276896
SEG 18.449748 6.7360475 39.236997 19.505667 7.1615545 39.234796 0.276896
SEG 19.505667 7.1615545 39.234796 20.650365 7.137834 39.234904 0.276896
SEG 20.650365 7.137834 39.234904 21.703317 6.6883215 39.237319 0.276896
SEG 21.703317 6.6883215 39.237319 22.650438 6.0566822 39.241911 0.276896
SEG 22.650438 6.0566822 39.241911 23.457838 5.2649752 39.249797 0.276896
SEG 23.457838 5.2649752 39.249797 24.089831 4.3368823 39.262713 0.276896
SEG 24.089831 4.3368823 39.262713 24.585136 3.3420773 39.282112 0.276896
SEG 24.585136 3.3420773 39.282112 25.220632 2.4274813 39.304984 0.276896
SEG 19.948635 34.494989 39.170861 20.974665 34.963123 39.245589 0.276365
SEG 20.974665 34.963123 39.245589 21.445931 35.971248 39.261532 0.276365
SEG 3.5579295 16.041008 39.266586 4.5584211 16.535231 39.248204 0.277011
SEG 4.5584211 16.535231 39.248204 5.4462947 17.211339 39.236556 0.277011
SEG 5.4462947 17.211339 39.236556 6.1672477 18.07276 39.229824 0.277011
SEG 6.1672477 18.07276 39.229824 6.7124151 19.063817 39.22617 0.277011
SEG 6.7124151 19.063817 39.22617 7.0203831 20.159925 39.224708 0.277011
SEG 7.0203831 20.159925 39.224708 6.6656404 21.248526 39.226546 0.277011
SEG 6.6656404 21.248526 39.226546 6.08017 22.225002 39.230718 0.277011
SEG 6.08017 22.225002 39.230718 5.3205067 23.063019 39.238197 0.277011
SEG 5.3205067 23.063019 39.238197 4.405435 23.714438 39.250821 0.277011
SEG 4.405435 23.714438 39.250821 3.4039256 24.206558 39.270194 0.277011
SEG 3.4039256 24.206558 39.270194 2.4825481 24.833436 39.293102 0.277011
SEG 4.9740113 10.321725 0.90685464 4.0930036 12.70765 0.79039277 0.389352
SEG 4.0930036 12.70765 0.79039277 3.7463041 13.992762 0.8528559 0.389352
SEG 3.7463041 13.992762 0.8528559 3.40042 15.892917 0.83223288 0.389352
SEG 3.40042 15.892917 0.83223288 3.1958299 17.816191 0.81872838 0.389352
SEG 3.1958299 17.816191 0.81872838 3.1192048 19.705417 0.8133931 0.389352
SEG 3.1192048 19.705417 0.8133931 3.1616278 21.639637 0.81636565 0.389352
SEG 3.1616278 21.639637 0.81636565 3.329034 23.564924 0.82764112 0.389352
SEG 3.329034 23.564924 0.82764112 3.6323897 25.469447 0.84633404 0.389352
SEG 3.6323897 25.469447 0.84633404 4.0995829 27.365385 0.8713312 0.389352
SEG 4.0995829 27.365385 0.8713312 4.5217148 28.751156 0.80821979 0.389352
SEG 4.5217148 28.751156 0.80821979 5.680123 30.975346 0.92557901 0.389352
SEG 5.680123 30.975346 0.92557901 6.8805744 32.555316 0.93928094 0.389352
SEG 6.8805744 32.555316 0.93928094 8.3592666 33.869743 0.93315272 0.389352
SEG 8.3592666 33.869743 0.93315272 10.052874 34.893853 0.9109254 0.389352
SEG 10.052874 34.893853 0.9109254 11.8489 35.645875 0.88302567 0.389352
SEG 11.8489 35.645875 0.88302567 13.726293 36.190664 0.85622774 0.389352
SEG 13.726293 36.190664 0.85622774 15.621052 36.55809 0.8347219 0.389352
SEG 15.621052 36.55809 0.8347219 17.54219 36.781783 0.82013202 0.389352
SEG 17.54219 36.781783 0.82013202 19.430635 36.875625 0.81363007 0.389352
SEG 19.430635 36.875625 0.81363007 21.36516 36.850542 0.8153903 0.389352
SEG 21.36516 36.850542 0.8153903 23.291952 36.701384 0.82552012 0.389352
SEG 23.291952 36.701384 0.82552012 25.19962 36.418415 0.84321974 0.389352
SEG 25.19962 36.418415 0.84321974 27.101381 35.975477 0.86749535 0.389352
SEG 27.101381 35.975477 0.86749535 28.961597 35.339275 0.8956225 0.389352
SEG 28.961597 35.339275 0.8956225 30.728767 34.467798 0.92225158 0.389352
SEG 30.728767 34.467798 0.92225158 32.339283 33.311137 0.93838879 0.389352
SEG 32.339283 33.311137 0.93838879 33.937769 31.47709 0.98104623 0.389352
SEG 33.937769 31.47709 0.98104623 34.764019 30.196829 0.91464869 0.389352
SEG 34.764019 30.196829 0.91464869 35.557629 28.394672 0.88676978 0.389352
SEG 35.557629 28.394672 0.88676978 36.128072 26.524921 0.85953809 0.389352
SEG 36.128072 26.524921 0.85953809 36.516569 24.634379 0.83722567 0.389352
SEG 36.516569 24.634379 0.83722567 36.758499 22.716164 0.82163803 0.389352
SEG 36.758499 22.716164 0.82163803 36.869882 20.784359 0.81396284 0.389352
SEG 36.869882 20.784359 0.81396284 36.858332 18.849366 0.81477373 0.389352
SEG 36.858332 18.849366 0.81477373 36.7232 16.920642 0.82400441 0.389352
SEG 36.7232 16.920642 0.82400441 36.455591 15.009183 0.84093831 0.389352
SEG 36.455591 15.009183 0.84093831 36.031032 13.103228 0.86462744 0.389352
SEG 36.031032 13.103228 0.86462744 35.487663 11.145033 0.74904649 0.389352
SEG 35.487663 11.145033 0.74904649 34.570904 9.4509337 0.91979793 0.389352
SEG 34.570904 9.4509337 0.91979793 33.444884 7.8188642 0.93751136 0.389352
SEG 33.444884 7.8188642 0.93751136 32.028935 6.4307095 0.93645873 0.389352
SEG 32.028935 6.4307095 0.93645873 30.38381 5.3375971 0.91740821 0.389352
SEG 30.38381 5.3375971 0.91740821 28.593554 4.5174804 0.88987717 0.389352
SEG 28.593554 4.5174804 0.88987717 26.730507 3.9255233 0.86233592 0.389352
SEG 26.730507 3.9255233 0.86233592 24.843678 3.5194091 0.83938922 0.389352
SEG 24.843678 3.5194091 0.83938922 22.927451 3.2622574 0.82299587 0.389352
SEG 22.927451 3.2622574 0.82299587 20.839541 3.3297936 0.86566796 0.389352
SEG 20.839541 3.3297936 0.86566796 19.06147 3.1352418 0.81428549 0.389352
SEG 19.06147 3.1352418 0.81428549 17.131822 3.2565313 0.82261245 0.389352
SEG 17.131822 3.2565313 0.82261245 15.218281 3.5088783 0.83874881 0.389352
SEG 15.218281 3.5088783 0.83874881 13.306269 3.9160536 0.86183912 0.389352
SEG 13.306269 3.9160536 0.86183912 11.428603 4.5093246 0.88953768 0.389352
SEG 11.428603 4.5093246 0.88953768 9.6318854 5.3295299 0.91718347 0.389352
SEG 9.6318854 5.3295299 0.91718347 7.9793422 6.4252571 0.93638143 0.389352
SEG 7.9793422 6.4252571 0.93638143 6.5625 7.8125 0.9375 0.389352
SEG 6.5625 7.8125 0.9375 5.435042 9.4435773 0.91986199 0.389352
SEG 5.435042 9.4435773 0.91986199 4.5874297 11.227536 0.89264619 0.389352
SEG 4.5874297 11.227536 0.89264619 4.0930036 12.70765 0.79039277 0.389352
SEG 4.0930036 12.70765 0.79039277 3.5472665 15.000715 0.84100501 0.389352
SEG 3.5472665 15.000715 0.84100501 3.2789822 16.912079 0.82404171 0.389352
SEG 3.2789822 16.912079 0.82404171 3.1432599 18.840762 0.81477589 0.389352
SEG 3.1432599 18.840762 0.81477589 3.1288955 20.769829 0.82518667 0.389352
SEG 3.1288955 20.769829 0.82518667 3.2420127 22.707587 0.82156412 0.389352
SEG 3.2420127 22.707587 0.82156412 3.483377 24.625874 0.8371163 0.389352
SEG 3.483377 24.625874 0.8371163 3.8712406 26.516546 0.85939935 0.389352
SEG 3.8712406 26.516546 0.85939935 4.5217148 28.751156 0.80821979 0.389352
SEG 4.5217148 28.751156 0.80821979 5.2336132 30.189092 0.914497 0.389352
SEG 5.2336132 30.189092 0.914497 6.2946924 31.855041 0.93503898 0.389352
SEG 6.2946924 31.855041 0.93503898 7.6561918 33.305099 0.93835946 0.389352
SEG 7.6561918 33.305099 0.93835946 9.2659071 34.462875 0.92228527 0.389352
SEG 9.2659071 34.462875 0.92228527 10.999114 35.384339 0.81145571 0.389352
SEG 10.999114 35.384339 0.81145571 12.892542 35.972319 0.86755465 0.389352
SEG 12.892542 35.972319 0.86755465 14.794154 36.415893 0.84326535 0.389352
SEG 14.794154 36.415893 0.84326535 16.701744 36.699382 0.82554496 0.389352
SEG 16.701744 36.699382 0.82554496 18.628502 36.84899 0.81539009 0.389352
SEG 18.628502 36.84899 0.81539009 20.563021 36.874478 0.81360211 0.389352
SEG 20.563021 36.874478 0.81360211 22.495769 36.77738 0.82032372 0.389352
SEG 22.495769 36.77738 0.82032372 24.416588 36.550975 0.83506085 0.389352
SEG 24.416588 36.550975 0.83506085 26.310734 36.180406 0.85668469 0.389352
SEG 26.310734 36.180406 0.85668469 28.187008 35.631782 0.88354376 0.389352
SEG 28.187008 35.631782 0.88354376 29.98107 34.875083 0.91139798 0.389352
SEG 29.98107 34.875083 0.91139798 31.671285 33.845379 0.93340304 0.389352
SEG 31.671285 33.845379 0.93340304 33.144875 32.525233 0.93913081 0.389352
SEG 33.144875 32.525233 0.93913081 33.937769 31.47709 0.98104623 0.389352
SEG 33.937769 31.47709 0.98104623 35.332024 29.20501 0.77193662 0.389352
SEG 35.332024 29.20501 0.77193662 35.907882 27.335138 0.87085703 0.389352
SEG 35.907882 27.335138 0.87085703 36.372343 25.438528 0.84594382 0.389352
SEG 36.372343 25.438528 0.84594382 36.673395 23.533638 0.82736657 0.389352
SEG 36.673395 23.533638 0.82736657 37.135801 21.543744 0.76651483 0.389352
SEG 37.135801 21.543744 0.76651483 36.879167 19.673908 0.81338984 0.389352
SEG 36.879167 19.673908 0.81338984 36.800558 17.784764 0.81885851 0.389352
SEG 36.800558 17.784764 0.81885851 36.593752 15.861728 0.83248629 0.389352
SEG 36.593752 15.861728 0.83248629 36.245323 13.962039 0.85321142 0.389352
SEG 36.245323 13.962039 0.85321142 35.723153 12.076241 0.87957539 0.389352
SEG 35.723153 12.076241 0.87957539 34.997829 10.266096 0.90766523 0.389352
SEG 34.997829 10.266096 0.90766523 34.007314 8.5526398 0.93113442 0.389352
SEG 34.007314 8.5526398 0.93113442 32.727678 7.043751 0.939632 0.389352
SEG 32.727678 7.043751 0.939632 31.175119 5.808031 0.92805578 0.389352
SEG 31.175119 5.808031 0.92805578 29.432013 4.8612473 0.90300827 0.389352
SEG 29.432013 4.8612473 0.90300827 27.595435 4.170056 0.87467247 0.389352
SEG 27.595435 4.170056 0.87467247 25.707522 3.6815442 0.84912427 0.389352
SEG 25.707522 3.6815442 0.84912427 23.807836 3.3600048 0.82958622 0.389352
SEG 23.807836 3.3600048 0.82958622 21.885152 3.1761906 0.81731023 0.389352
SEG 21.885152 3.1761906 0.81731023 19.951854 3.1181992 0.81325607 0.389352
SEG 19.951854 3.1181992 0.81325607 18.062066 3.1794918 0.81753801 0.389352
SEG 18.062066 3.1794918 0.81753801 16.137067 3.3672261 0.83004954 0.389352
SEG 16.137067 3.3672261 0.83004954 14.233518 3.6939717 0.84983358 0.389352
SEG 14.233518 3.6939717 0.84983358 12.369469 4.1942945 0.71372804 0.389352
SEG 6.3239089 6.3021061 6.562252 7.4727237 7.2385748 6.4622692 0.372134
SEG 7.4727237 7.2385748 6.4622692 8.4136197 8.5349616 6.4614321 0.372134
SEG 8.2293205 12.159888 6.234335 8.0534414 13.727254 5.847704 0.372134
SEG 8.0534414 13.727254 5.847704 7.993354 15.478653 5.7540914 0.372134
SEG 7.993354 15.478653 5.7540914 7.9512277 17.243415 5.6895602 0.372134
SEG 7.9512277 17.243415 5.6895602 7.9290634 19.014865 5.6560024 0.372134
SEG 7.9290634 19.014865 5.6560024 7.9278807 20.78677 5.6542184 0.372134
SEG 7.9278807 20.78677 5.6542184 7.7107838 22.368791 5.9130058 0.372134
SEG 12.615158 33.687469 6.0340255 14.289826 33.732914 5.9300982 0.373246
SEG 14.289826 33.732914 5.9300982 15.982515 33.771284 5.8507132 0.373246
SEG 15.982515 33.771284 5.8507132 17.666309 33.798007 5.7986636 0.373246
SEG 17.666309 33.798007 5.7986636 19.361262 33.811053 5.7740231 0.373246
SEG 19.361262 33.811053 5.7740231 21.059772 33.809184 5.7775249 0.373246
SEG 21.059772 33.809184 5.7775249 22.75791 33.792502 5.8092036 0.373246
SEG 22.75791 33.792502 5.8092036 24.449079 33.762469 5.8684122 0.373246
SEG 24.449079 33.762469 5.8684122 26.1262 33.722131 5.9536374 0.373246
SEG 26.1262 33.722131 5.9536374 27.816894 33.675238 6.0646568 0.373246
SEG 27.816894 33.675238 6.0646568 29.479602 33.631026 6.1957601 0.373246
SEG 29.479602 33.631026 6.1957601 31.102156 33.607489 6.3410649 0.373246
SEG 31.102156 33.607489 6.3410649 32.640739 33.669959 6.4931911 0.373246
SEG 32.640739 33.669959 6.4931911 34.036624 34.141864 6.9350133 0.373246
SEG 21.667748 8.9918067 0.93535029 23.719633 9.3788785 0.9471628 0.381405
SEG 23.719633 9.3788785 0.9471628 25.599719 10.058676 0.96355296 0.381405
SEG 25.599719 10.058676 0.96355296 27.291365 11.067186 0.97713474 0.381405
SEG 27.291365 11.067186 0.97713474 28.808387 12.55038 0.9779439 0.381405
SEG 28.808387 12.55038 0.9779439 29.907388 14.329276 0.96421244 0.381405
SEG 29.907388 14.329276 0.96421244 30.601333 16.20494 0.94775049 0.381405
SEG 30.601333 16.20494 0.94775049 30.99901 18.25587 0.93564209 0.381405
SEG 30.99901 18.25587 0.93564209 31.100101 20.204847 0.93228796 0.381405
SEG 31.100101 20.204847 0.93228796 30.917398 22.333465 0.93828085 0.381405
SEG 30.917398 22.333465 0.93828085 30.471859 24.233606 0.95130202 0.381405
SEG 30.471859 24.233606 0.95130202 29.658319 26.159917 0.96863776 0.381405
SEG 29.658319 26.159917 0.96863776 28.462264 27.858675 0.97944353 0.381405
SEG 28.462264 27.858675 0.97944353 26.880133 29.22312 0.97450634 0.381405
SEG 26.880133 29.22312 0.97450634 25.139966 30.142647 0.95932186 0.381405
SEG 25.139966 30.142647 0.95932186 23.235518 30.742613 0.94366578 0.381405
SEG 23.235518 30.742613 0.94366578 21.168865 31.055401 0.93379082 0.381405
SEG 21.168865 31.055401 0.93379082 19.12488 31.075372 0.93311584 0.381405
SEG 19.12488 31.075372 0.93311584 17.098025 30.814606 0.94150679 0.381405
SEG 17.098025 30.814606 0.94150679 15.09018 30.234512 0.95723585 0.381405
SEG 15.09018 30.234512 0.95723585 13.303242 29.342339 0.97312761 0.381405
SEG 13.303242 29.342339 0.97312761 11.717041 28.051105 0.97976358 0.381405
SEG 11.717041 28.051105 0.97976358 10.504573 26.445855 0.9710984 0.381405
SEG 10.504573 26.445855 0.9710984 9.636749 24.557844 0.95408676 0.381405
SEG 9.636749 24.557844 0.95408676 9.1326088 22.62492 0.93985131 0.381405
SEG 9.1326088 22.62492 0.93985131 8.9055769 20.469054 0.93249719 0.381405
SEG 8.9055769 20.469054 0.93249719 8.9738325 18.503562 0.93476137 0.381405
SEG 8.9738325 18.503562 0.93476137 9.3234324 16.49054 0.94560963 0.381405
SEG 9.3234324 16.49054 0.94560963 9.9874477 14.556643 0.96213227 0.381405
SEG 9.9874477 14.556643 0.96213227 11.011467 12.786273 0.97670359 0.381405
SEG 11.011467 12.786273 0.97670359 12.381274 11.330202 0.97870162 0.381405
SEG 12.381274 11.330202 0.97870162 14.173982 10.166644 0.96567044 0.381405
SEG 14.173982 10.166644 0.96567044 15.819386 9.5146407 0.95080595 0.381405
SEG 15.819386 9.5146407 0.95080595 17.8125 9.0625 0.9375 0.381405
SEG 17.8125 9.0625 0.9375 19.850025 8.9025781 0.93219433 0.381405
SEG 19.850025 8.9025781 0.93219433 21.667748 8.9918067 0.93535029 0.381405
SEG 21.667748 8.9918067 0.93535029 23.719633 9.3788785 0.9471628 0.381405
SEG 23.719633 9.3788785 0.9471628 25.599719 10.058676 0.96355296 0.381405
SEG 25.599719 10.058676 0.96355296 27.291365 11.067186 0.97713474 0.381405
SEG 27.291365 11.067186 0.97713474 28.808387 12.55038 0.9779439 0.381405
SEG 28.808387 12.55038 0.9779439 29.907388 14.329276 0.96421244 0.381405
SEG 29.907388 14.329276 0.96421244 30.601333 16.20494 0.94775049 0.381405
SEG 30.601333 16.20494 0.94775049 30.99901 18.25587 0.93564209 0.381405
SEG 30.99901 18.25587 0.93564209 31.100101 20.204847 0.93228796 0.381405
SEG 31.100101 20.204847 0.93228796 30.917398 22.333465 0.93828085 0.381405
SEG 30.917398 22.333465 0.93828085 30.471859 24.233606 0.95130202 0.381405
SEG 30.471859 24.233606 0.95130202 29.658319 26.159917 0.96863776 0.381405
SEG 29.658319 26.159917 0.96863776 28.462264 27.858675 0.97944353 0.381405
SEG 28.462264 27.858675 0.97944353 26.880133 29.22312 0.97450634 0.381405
SEG 26.880133 29.22312 0.97450634 25.139966 30.142647 0.95932186 0.381405
SEG 25.139966 30.142647 0.95932186 23.235518 30.742613 0.94366578 0.381405
SEG 23.235518 30.742613 0.94366578 21.168865 31.055401 0.93379082 0.381405
SEG 21.168865 31.055401 0.93379082 19.12488 31.075372 0.93311584 0.381405
SEG 19.12488 31.075372 0.93311584 17.098025 30.814606 0.94150679 0.381405
SEG 17.098025 30.814606 0.94150679 15.09018 30.234512 0.95723585 0.381405
SEG 15.09018 30.234512 0.95723585 13.303242 29.342339 0.97312761 0.381405
SEG 13.303242 29.342339 0.97312761 11.717041 28.051105 0.97976358 0.381405
SEG 11.717041 28.051105 0.97976358 10.504573 26.445855 0.9710984 0.381405
SEG 10.504573 26.445855 0.9710984 9.636749 24.557844 0.95408676 0.381405
SEG 9.636749 24.557844 0.95408676 9.1326088 22.62492 0.93985131 0.381405
SEG 9.1326088 22.62492 0.93985131 8.9055769 20.469054 0.93249719 0.381405
SEG 8.9055769 20.469054 0.93249719 8.9738325 18.503562 0.93476137 0.381405
SEG 8.9738325 18.503562 0.93476137 9.3234324 16.49054 0.94560963 0.381405
SEG 9.3234324 16.49054 0.94560963 9.9874477 14.556643 0.96213227 0.381405
SEG 9.9874477 14.556643 0.96213227 11.011467 12.786273 0.97670359 0.381405
SEG 11.011467 12.786273 0.97670359 12.381274 11.330202 0.97870162 0.381405
SEG 12.381274 11.330202 0.97870162 14.173982 10.166644 0.96567044 0.381405
SEG 12.328572 10.446596 6.8539589 14.094303 10.460745 6.7417648 0.385181
SEG 14.094303 10.460745 6.7417648 15.877955 10.454919 6.656185 0.385181
SEG 15.877955 10.454919 6.656185 17.672266 10.446826 6.5998693 0.385181
SEG 17.672266 10.446826 6.5998693 19.655039 10.443212 6.5347253 0.385181
SEG 19.655039 10.443212 6.5347253 21.267986 10.443571 6.5811677 0.385181
SEG 21.267986 10.443571 6.5811677 23.06462 10.449925 6.6192902 0.385181
SEG 23.06462 10.449925 6.6192902 24.856018 10.458146 6.6879251 0.385181
SEG 24.856018 10.458146 6.6879251 26.634472 10.459354 6.7848314 0.385181
SEG 26.634472 10.459354 6.7848314 28.391811 10.41972 6.9077346 0.385181
SEG 28.391811 10.41972 6.9077346 29.782321 9.8574436 6.8640067 0.385181
SEG 29.782321 9.8574436 6.8640067 31.158119 8.815578 7.2523671 0.385181
SEG 11.545249 13.341652 6.7104607 11.537421 15.143826 6.6099321 0.384905
SEG 11.537421 15.143826 6.6099321 11.52493 16.958663 6.5389811 0.384905
SEG 11.52493 16.958663 6.5389811 11.51652 18.779847 6.5000634 0.384905
SEG 11.51652 18.779847 6.5000634 11.515215 20.60204 6.4943874 0.384905
SEG 11.515215 20.60204 6.4943874 11.521385 22.420487 6.5220192 0.384905
SEG 11.521385 22.420487 6.5220192 11.532969 24.228929 6.5818711 0.384905
SEG 11.532969 24.228929 6.5818711 11.544247 26.020255 6.6715566 0.384905
SEG 11.544247 26.020255 6.6715566 11.528148 27.785577 6.7882814 0.384905
SEG 11.528148 27.785577 6.7882814 13.277496 28.136293 6.6958803 0.384905
SEG 13.277496 28.136293 6.6958803 15.079573 28.146382 6.5938264 0.384905
SEG 15.079573 28.146382 6.5938264 16.894338 28.160496 6.5213658 0.384905
SEG 16.894338 28.160496 6.5213658 18.714313 28.169837 6.4810647 0.384905
SEG 18.714313 28.169837 6.4810647 20.536501 28.171529 6.474144 0.384905
SEG 20.536501 28.171529 6.474144 22.575493 28.236065 6.4947232 0.384905
SEG 22.575493 28.236065 6.4947232 24.163426 28.152521 6.5597754 0.384905
SEG 24.163426 28.152521 6.5597754 25.954765 28.138747 6.6488521 0.384905
SEG 25.954765 28.138747 6.6488521 27.744487 28.111443 6.7636066 0.384905
SEG 27.744487 28.111443 6.7636066 28.505492 26.503938 6.7023078 0.384905
SEG 28.505492 26.503938 6.7023078 28.514189 24.720052 6.6051972 0.384905
SEG 28.514189 24.720052 6.6051972 28.416669 22.856206 6.5128455 0.384905
SEG 28.416669 22.856206 6.5128455 28.534287 21.100508 6.5004207 0.384905
SEG 28.534287 21.100508 6.5004207 28.535084 19.278893 6.4969403 0.384905
SEG 28.535084 19.278893 6.4969403 28.70977 17.334435 6.6460619 0.384905
SEG 28.70977 17.334435 6.6460619 28.516744 15.642369 6.5890121 0.384905
SEG 28.516744 15.642369 6.5890121 28.506073 13.835305 6.6816665 0.384905
SEG 11.768821 9.9232441 11.821068 13.147855 10.404699 11.786622 0.347874
SEG 13.147855 10.404699 11.786622 14.598359 10.725794 11.756396 0.347874
SEG 14.598359 10.725794 11.756396 16.082425 10.92634 11.732281 0.347874
SEG 16.082425 10.92634 11.732281 17.575411 11.044488 11.715404 0.347874
SEG 17.575411 11.044488 11.715404 19.083938 11.101847 11.706285 0.347874
SEG 19.083938 11.101847 11.706285 20.597546 11.107131 11.705407 0.347874
SEG 20.597546 11.107131 11.705407 22.111236 11.061001 11.71284 0.347874
SEG 22.111236 11.061001 11.71284 23.61715 10.956057 11.728276 0.347874
SEG 23.61715 10.956057 11.728276 25.108329 10.773362 11.75107 0.347874
SEG 25.108329 10.773362 11.75107 26.56499 10.481349 11.780127 0.347874
SEG 26.56499 10.481349 11.780127 27.957094 10.039043 11.813774 0.347874
SEG 27.957094 10.039043 11.813774 29.260142 9.4183233 11.849832 0.347874
SEG 4.9918169 37.743867 7.5047037 6.2864089 37.446595 7.4084313 0.335083
SEG 6.2864089 37.446595 7.4084313 7.649709 37.278945 7.3003598 0.335083
SEG 7.649709 37.278945 7.3003598 9.0625 37.1875 7.1875 0.335083
SEG 9.0625 37.1875 7.1875 10.486627 36.869193 6.9642174 0.335083
SEG 10.486627 36.869193 6.9642174 11.930925 37.116595 6.9773816 0.335083
SEG 11.930925 37.116595 6.9773816 13.428608 37.107042 6.8861038 0.335083
SEG 13.428608 37.107042 6.8861038 14.946743 36.897272 6.7525793 0.335083
SEG 14.946743 36.897272 6.7525793 16.49321 37.106623 6.752195 0.335083
SEG 16.49321 37.106623 6.752195 18.055731 37.108755 6.7143016 0.335083
SEG 18.055731 37.108755 6.7143016 19.542358 36.901217 6.6907671 0.335083
SEG 19.542358 36.901217 6.6907671 21.20127 37.109489 6.7038382 0.335083
SEG 21.20127 37.109489 6.7038382 23.067184 36.966805 6.7265559 0.335083
SEG 23.067184 36.966805 6.7265559 24.341807 37.105604 6.7810808 0.335083
SEG 24.341807 37.105604 6.7810808 25.898193 37.105558 6.8502848 0.335083
SEG 25.898193 37.105558 6.8502848 27.4325 37.11122 6.9367264 0.335083
SEG 27.4325 37.11122 6.9367264 28.941308 37.128437 7.0370916 0.335083
SEG 28.941308 37.128437 7.0370916 30.409652 37.165926 7.1462967 0.335083
SEG 30.409652 37.165926 7.1462967 31.842633 37.239305 7.25957 0.335083
SEG 31.842633 37.239305 7.25957 33.231273 37.375141 7.3706046 0.335083
SEG 33.231273 37.375141 7.3706046 34.537607 37.614024 7.47078 0.335083
SEG 34.537607 37.614024 7.47078 35.780155 38.024855 7.5564162 0.335083
SEG 19.949722 0.3796081 7.2770314 21.66888 0.37913992 7.2899663 0.358655
SEG 21.66888 0.37913992 7.2899663 23.378984 0.37752743 7.3296888 0.358655
SEG 23.378984 0.37752743 7.3296888 25.072479 0.3742817 7.394158 0.358655
SEG 25.072479 0.3742817 7.394158 26.755828 0.47984293 7.7250978 0.358655
SEG 10.304147 0.35363712 12.269176 11.66682 0.43043862 12.247184 0.353586
SEG 11.66682 0.43043862 12.247184 13.214088 0.48889513 12.222529 0.353586
SEG 13.214088 0.48889513 12.222529 14.771126 0.48669427 12.204124 0.353586
SEG 14.771126 0.48669427 12.204124 16.363029 0.55498546 12.181899 0.353586
SEG 16.363029 0.55498546 12.181899 17.894667 0.50146486 12.214053 0.353586
SEG 17.894667 0.50146486 12.214053 19.558045 0.57711351 12.163832 0.353586
SEG 19.558045 0.57711351 12.163832 21.162684 0.57523181 12.165479 0.353586
SEG 21.162684 0.57523181 12.165479 22.766679 0.52923999 12.340346 0.353586
SEG 22.766679 0.52923999 12.340346 24.364293 0.54439507 12.189608 0.353586
SEG 24.364293 0.54439507 12.189608 25.954439 0.51201616 12.210177 0.353586
SEG 25.954439 0.51201616 12.210177 27.422497 0.45798359 12.385928 0.353586
SEG 27.422497 0.45798359 12.385928 29.220502 0.38293237 12.261544 0.353586
SEG 13.448064 0.67306931 16.775178 14.734255 0.49454588 16.718955 0.342127
SEG 14.734255 0.49454588 16.718955 16.21007 0.63061703 16.724023 0.342127
SEG 16.21007 0.63061703 16.724023 17.469757 0.63255394 16.735199 0.342127
SEG 17.469757 0.63255394 16.735199 19.409287 0.70000204 16.665806 0.342127
SEG 19.409287 0.70000204 16.665806 20.609506 0.86684863 16.548119 0.342127
SEG 20.609506 0.86684863 16.548119 22.053747 0.67263063 16.729913 0.342127
SEG 22.053747 0.67263063 16.729913 23.709769 0.67864046 16.662564 0.342127
SEG 23.709769 0.67864046 16.662564 24.971407 0.5840996 16.717801 0.342127
SEG 17.228073 0.37209 20.950797 18.592271 0.40142244 20.942683 0.32564
SEG 18.592271 0.40142244 20.942683 19.978814 0.40543939 20.945678 0.32564
SEG 19.978814 0.40543939 20.945678 21.366097 0.40165704 20.942858 0.32564
SEG 21.366097 0.40165704 20.942858 22.752571 0.38973043 20.934237 0.32564
SEG 22.752571 0.38973043 20.934237 24.072628 0.50978862 20.841418 0.32564
SEG 24.072628 0.50978862 20.841418 25.588011 0.33313712 20.898685 0.32564
SEG 28.818933 11.202247 10.01216 27.721496 12.329124 9.9323336 0.373527
SEG 27.721496 12.329124 9.9323336 26.626581 13.512808 9.8555474 0.373527
SEG 26.626581 13.512808 9.8555474 25.612471 14.80722 9.7861115 0.373527
SEG 25.612471 14.80722 9.7861115 24.968457 16.346205 9.7319338 0.373527
SEG 24.968457 16.346205 9.7319338 24.750064 18.007843 9.7001059 0.373527
SEG 24.750064 18.007843 9.7001059 24.6875 19.6875 9.6875 0.373527
SEG 24.6875 19.6875 9.6875 24.714814 21.368138 9.6932554 0.373527
SEG 24.714814 21.368138 9.6932554 24.857258 23.04046 9.7176788 0.373527
SEG 24.857258 23.04046 9.7176788 25.302165 24.652685 9.7633769 0.373527
SEG 25.302165 24.652685 9.7633769 26.220154 26.025015 9.8282421 0.373527
SEG 26.220154 26.025015 9.8282421 27.307427 27.238441 9.90291 0.373527
SEG 27.307427 27.238441 9.90291 28.413807 28.385405 9.9824421 0.373527
SEG 28.413807 28.385405 9.9824421 29.502289 29.489455 10.062804 0.373527
SEG 29.502289 29.489455 10.062804 30.537085 30.530389 10.138909 0.373527
SEG 27.960614 12.231296 14.503331 27.04456 13.259559 14.501087 0.336744
SEG 27.04456 13.259559 14.501087 26.176588 14.349473 14.498003 0.336744
SEG 26.176588 14.349473 14.498003 25.42547 15.540397 14.494591 0.336744
SEG 25.42547 15.540397 14.494591 24.910477 16.864278 14.491493 0.336744
SEG 24.910477 16.864278 14.491493 24.652563 18.268854 14.489323 0.336744
SEG 24.652563 18.268854 14.489323 24.563664 19.69607 14.488379 0.336744
SEG 24.563664 19.69607 14.488379 24.598505 21.125629 14.488763 0.336744
SEG 24.598505 21.125629 14.488763 24.774748 22.544061 14.490433 0.336744
SEG 26.864777 13.569291 18.506846 26.061151 14.627457 18.529492 0.322063
SEG 26.061151 14.627457 18.529492 25.37789 15.77583 18.548236 0.322063
SEG 25.37789 15.77583 18.548236 24.902504 17.031572 18.562118 0.322063
SEG 24.902504 17.031572 18.562118 24.651014 18.353185 18.5706 0.322063
SEG 24.651014 18.353185 18.5706 24.560018 19.696585 18.574043 0.322063
SEG 24.560018 19.696585 18.574043 24.593645 21.042647 18.572747 0.322063
SEG 24.593645 21.042647 18.572747 24.765692 22.377697 18.56659 0.322063
SEG 24.765692 22.377697 18.56659 25.136113 23.669844 18.555139 0.322063
SEG 24.744917 18.33563 22.411051 24.675875 19.673958 22.416268 0.320695
SEG 0.85677745 20.549854 19.276697 0.67966476 21.879423 19.337182 0.331995
SEG 0.67966476 21.879423 19.337182 0.64831185 23.28907 19.328196 0.331995
SEG 0.64831185 23.28907 19.328196 0.59624029 24.695383 19.314324 0.331995
SEG 0.59624029 24.695383 19.314324 0.51618984 26.110035 19.295438 0.331995
SEG 0.51618984 26.110035 19.295438 0.37336342 27.649284 19.269207 0.331995
SEG 6.5825646 39.486695 11.190353 8.0300177 39.131405 11.159158 0.358875
SEG 8.0300177 39.131405 11.159158 9.5235075 38.888167 11.121511 0.358875
SEG 9.5235075 38.888167 11.121511 11.011133 38.729268 11.081775 0.358875
SEG 11.011133 38.729268 11.081775 12.528985 38.619127 11.042273 0.358875
SEG 12.528985 38.619127 11.042273 14.063881 38.543129 11.00619 0.358875
SEG 14.063881 38.543129 11.00619 15.612264 38.491699 10.976022 0.358875
SEG 15.612264 38.491699 10.976022 17.174532 38.458897 10.953668 0.358875
SEG 17.174532 38.458897 10.953668 18.742332 38.441438 10.940574 0.358875
SEG 18.742332 38.441438 10.940574 20.3125 38.4375 10.9375 0.358875
SEG 20.3125 38.4375 10.9375 21.882632 38.446706 10.944618 0.358875
SEG 21.882632 38.446706 10.944618 23.4481 38.469959 10.961517 0.358875
SEG 23.4481 38.469959 10.961517 25.006462 38.509705 10.987203 0.358875
SEG 25.006462 38.509705 10.987203 26.548636 38.569998 11.019964 0.358875
SEG 9.1659322 39.657979 15.37103 9.9274147 39.317473 15.378193 0.341959
SEG 9.9274147 39.317473 15.378193 11.345805 38.984702 15.388148 0.341959
SEG 11.345805 38.984702 15.388148 12.793188 38.760669 15.395173 0.341959
SEG 12.793188 38.760669 15.395173 14.236042 38.609082 15.399711 0.341959
SEG 14.236042 38.609082 15.399711 15.693463 38.504595 15.402486 0.341959
SEG 15.693463 38.504595 15.402486 17.153057 38.436908 15.40402 0.341959
SEG 17.153057 38.436908 15.40402 18.618953 38.399186 15.404752 0.341959
SEG 18.618953 38.399186 15.404752 20.088752 38.38797 15.404951 0.341959
SEG 20.088752 38.38797 15.404951 21.56004 38.402301 15.404696 0.341959
SEG 21.56004 38.402301 15.404696 23.029301 38.443621 15.403879 0.341959
SEG 23.029301 38.443621 15.403879 24.493903 38.515812 15.402208 0.341959
SEG 24.493903 38.515812 15.402208 25.947779 38.625254 15.399249 0.341959
SEG 25.947779 38.625254 15.399249 27.389824 38.784348 15.394438 0.341959
SEG 27.389824 38.784348 15.394438 28.835307 39.020322 15.387054 0.341959
SEG 28.835307 39.020322 15.387054 30.246379 39.368778 15.376741 0.341959
SEG 8.6262899 39.61423 19.141055 10.109047 39.475876 19.521116 0.328889
SEG 10.109047 39.475876 19.521116 11.423137 39.05296 19.552062 0.328889
SEG 11.423137 39.05296 19.552062 12.782438 38.790939 19.579725 0.328889
SEG 12.782438 38.790939 19.579725 14.155478 38.613896 19.60292 0.328889
SEG 14.155478 38.613896 19.60292 15.526989 38.492389 19.621198 0.328889
SEG 15.526989 38.492389 19.621198 16.905336 38.411143 19.634626 0.328889
SEG 16.905336 38.411143 19.634626 18.289828 38.362872 19.643163 0.328889
SEG 18.289828 38.362872 19.643163 19.676956 38.343214 19.646775 0.328889
SEG 19.676956 38.343214 19.646775 21.065052 38.350342 19.645456 0.328889
SEG 21.065052 38.350342 19.645456 22.452438 38.384972 19.639201 0.328889
SEG 22.452438 38.384972 19.639201 23.837291 38.450402 19.628005 0.328889
SEG 23.837291 38.450402 19.628005 25.215943 38.552389 19.611907 0.328889
SEG 25.215943 38.552389 19.611907 26.586695 38.701104 19.590987 0.328889
SEG 26.586695 38.701104 19.590987 27.944412 38.916972 19.565502 0.328889
SEG 27.944412 38.916972 19.565502 29.28673 39.247083 19.535843 0.328889
SEG 39.590433 20.886971 16.391709 39.569399 22.358942 16.691853 0.342127
SEG 39.569399 22.358942 16.691853 39.597214 23.839344 16.686585 0.342127
SEG 39.597214 23.839344 16.686585 39.640281 25.257715 16.675794 0.342127
SEG 39.403721 16.074084 20.812492 39.660178 17.381287 20.767148 0.32656
SEG 13.671148 13.723516 14.695537 14.640923 14.737901 14.693863 0.338614
SEG 14.640923 14.737901 14.693863 15.59158 15.788486 14.691811 0.338614
SEG 15.59158 15.788486 14.691811 16.449992 16.934107 14.689768 0.338614
SEG 16.449992 16.934107 14.689768 17.017859 18.256459 14.688187 0.338614
SEG 17.017859 18.256459 14.688187 17.1875 19.6875 14.6875 0.338614
SEG 17.1875 19.6875 14.6875 17.126322 21.127262 14.687771 0.338614
SEG 17.126322 21.127262 14.687771 16.636847 22.319173 14.601133 0.338614
SEG 15.107415 15.05522 19.891904 16.075817 15.972009 19.912877 0.321617
SEG 16.075817 15.972009 19.912877 17.083973 16.852215 19.929554 0.321617
SEG 17.083973 16.852215 19.929554 18.223003 17.563866 19.941276 0.321617
SEG 18.223003 17.563866 19.941276 19.535066 17.855205 19.946681 0.321617
SEG 9.3980189 2.4467933 18.323508 10.64744 2.9815421 18.353974 0.323232
SEG 10.64744 2.9815421 18.353974 11.936327 3.3853545 18.381114 0.323232
SEG 11.936327 3.3853545 18.381114 13.257281 3.6872115 18.404293 0.323232
SEG 13.257281 3.6872115 18.404293 14.588114 3.9064501 18.423024 0.323232
SEG 14.588114 3.9064501 18.423024 15.931998 4.0619857 18.43745 0.323232
SEG 15.931998 4.0619857 18.43745 17.284177 4.1655803 18.447644 0.323232
SEG 17.284177 4.1655803 18.447644 18.64124 4.2249228 18.453707 0.323232
SEG 18.64124 4.2249228 18.453707 20.000442 4.2442396 18.455718 0.323232
SEG 20.000442 4.2442396 18.455718 21.358676 4.224924 18.453708 0.323232
SEG 21.358676 4.224924 18.453708 22.71355 4.1657117 18.447657 0.323232
SEG 22.71355 4.1657117 18.447657 24.0625 4.0625 18.4375 0.323232
SEG 24.0625 4.0625 18.4375 25.406412 3.9072106 18.423091 0.323232
SEG 25.406412 3.9072106 18.423091 26.737296 3.6882757 18.404379 0.323232
SEG 26.737296 3.6882757 18.404379 28.058337 3.3868001 18.381217 0.323232
SEG 28.058337 3.3868001 18.381217 29.347372 2.98346 18.354092 0.323232
SEG 29.347372 2.98346 18.354092 30.597043 2.449295 18.323636 0.323232
SEG 30.597043 2.449295 18.323636 31.775589 1.7507284 18.291629 0.323232
SEG 31.775589 1.7507284 18.291629 33.078344 1.2830062 18.258432 0.323232
SEG 14.429625 14.473924 22.727144 15.347633 15.45026 22.757478 0.322092
SEG 15.347633 15.45026 22.757478 16.215758 16.474869 22.782402 0.322092
SEG 16.215758 16.474869 22.782402 16.875686 17.647665 22.800733 0.322092
SEG 16.875686 17.647665 22.800733 17.147306 18.966458 22.810554 0.322092
SEG 4.3370374 4.3611602 22.981484 5.2833054 5.3721931 23.048799 0.319639
SEG 5.2833054 5.3721931 23.048799 6.1731239 6.315417 23.100133 0.319639
SEG 6.1731239 6.315417 23.100133 7.0350574 7.2877581 23.153949 0.319639
SEG 7.0350574 7.2877581 23.153949 7.8359248 8.3195182 23.20879 0.319639
SEG 7.8359248 8.3195182 23.20879 8.5082224 9.4472886 23.262209 0.319639
SEG 8.5082224 9.4472886 23.262209 8.9840494 10.678026 23.310834 0.319639
SEG 8.9840494 10.678026 23.310834 9.2813342 11.967551 23.35248 0.319639
SEG 9.2813342 11.967551 23.35248 9.4725288 13.282353 23.38731 0.319639
SEG 9.4725288 13.282353 23.38731 9.600394 14.607326 23.415582 0.319639
SEG 9.600394 14.607326 23.415582 9.6875 15.9375 23.4375 0.319639
SEG 9.6875 15.9375 23.4375 9.7447451 17.269381 23.453148 0.319639
SEG 9.7447451 17.269381 23.453148 9.7777031 18.603396 23.462621 0.319639
SEG 9.7777031 18.603396 23.462621 9.7890525 19.938574 23.465962 0.319639
SEG 9.7890525 19.938574 23.465962 9.7796177 21.274095 23.463183 0.319639
SEG 9.7796177 21.274095 23.463183 9.7486813 22.608937 23.454268 0.319639
SEG 9.7486813 22.608937 23.454268 9.6937104 23.942174 23.439169 0.319639
SEG 9.6937104 23.942174 23.439169 9.6096125 25.27255 23.417822 0.319639
SEG 9.6096125 25.27255 23.417822 9.4864977 26.597986 23.39014 0.319639
SEG 9.4864977 26.597986 23.39014 9.3031157 27.913917 23.355933 0.319639
SEG 9.3031157 27.913917 23.355933 9.0190308 29.206435 23.31495 0.319639
SEG 9.0190308 29.206435 23.31495 8.5635377 30.444866 23.266948 0.319639
SEG 8.5635377 30.444866 23.266948 7.9098977 31.583567 23.213846 0.319639
SEG 7.9098977 31.583567 23.213846 7.2874592 32.699679 23.247315 0.319639
SEG 7.2874592 32.699679 23.247315 6.2560046 33.594944 23.105073 0.319639
SEG 8.1946404 35.151555 26.8313 9.3656819 35.650228 26.851647 0.310528
SEG 9.3656819 35.650228 26.851647 10.594627 36.044365 26.874552 0.310528
SEG 10.594627 36.044365 26.874552 11.847822 36.353088 26.897355 0.310528
SEG 11.847822 36.353088 26.897355 13.114844 36.593219 26.918511 0.310528
SEG 13.114844 36.593219 26.918511 14.415495 36.781219 26.937295 0.310528
SEG 14.415495 36.781219 26.937295 15.660281 36.91515 26.952092 0.310528
SEG 15.660281 36.91515 26.952092 16.954232 37.014079 26.963677 0.310528
SEG 16.954232 37.014079 26.963677 18.236363 37.075548 26.971257 0.310528
SEG 18.236363 37.075548 26.971257 19.376644 37.077837 27.180172 0.310528
SEG 19.376644 37.077837 27.180172 20.803201 37.09962 26.974306 0.310528
SEG 20.803201 37.09962 26.974306 22.086287 37.063311 26.969725 0.310528
SEG 22.086287 37.063311 26.969725 23.349108 37.006023 27.197274 0.310528
SEG 23.349108 37.006023 27.197274 24.646846 36.885908 26.948749 0.310528
SEG 24.646846 36.885908 26.948749 25.926068 36.736741 26.932711 0.310528
SEG 25.926068 36.736741 26.932711 27.126641 36.560765 27.141093 0.310528
SEG 27.126641 36.560765 27.141093 28.465195 36.283389 26.891784 0.310528
SEG 28.465195 36.283389 26.891784 29.699758 35.959508 26.869049 0.310528
SEG 29.699758 35.959508 26.869049 30.944098 35.532773 26.845953 0.310528
SEG 30.944098 35.532773 26.845953 32.10435 34.998039 26.826651 0.310528
SEG 32.10435 34.998039 26.826651 33.185178 34.298733 26.814196 0.310528
SEG 33.185178 34.298733 26.814196 34.106665 33.419487 26.812805 0.310528
SEG 34.106665 33.419487 26.812805 34.854726 32.358839 26.823094 0.310528
SEG 34.854726 32.358839 26.823094 35.426651 31.203807 26.841366 0.310528
SEG 35.426651 31.203807 26.841366 35.866882 30.001736 26.863369 0.310528
SEG 35.866882 30.001736 26.863369 36.217397 28.745337 26.886688 0.310528
SEG 36.217397 28.745337 26.886688 36.490916 27.470065 26.908983 0.310528
SEG 36.490916 27.470065 26.908983 36.698074 26.20696 26.928698 0.310528
SEG 36.698074 26.20696 26.928698 36.857732 24.923758 26.94554 0.310528
SEG 36.857732 24.923758 26.94554 36.995007 23.50718 27.195889 0.310528
SEG 36.995007 23.50718 27.195889 37.051603 22.35919 26.968196 0.310528
SEG 37.051603 22.35919 26.968196 37.09494 21.076326 26.973635 0.310528
SEG 37.09494 21.076326 26.973635 37.105836 19.78117 26.974995 0.310528
SEG 37.105836 19.78117 26.974995 37.08457 18.509395 26.97232 0.310528
SEG 37.08457 18.509395 26.97232 37.029661 17.210679 26.965453 0.310528
SEG 37.029661 17.210679 26.965453 36.940849 15.946535 26.954935 0.310528
SEG 36.940849 15.946535 26.954935 36.812739 14.675573 26.940669 0.310528
SEG 36.812739 14.675573 26.940669 36.606543 13.476085 27.036224 0.310528
SEG 36.606543 13.476085 27.036224 36.409547 12.114103 26.901944 0.310528
SEG 36.409547 12.114103 26.901944 36.113618 10.845609 26.879138 0.310528
SEG 36.113618 10.845609 26.879138 35.741976 9.6197853 26.856251 0.310528
SEG 35.741976 9.6197853 26.856251 35.262991 8.4242191 26.834939 0.310528
SEG 35.262991 8.4242191 26.834939 34.644339 7.2976841 26.818694 0.310528
SEG 34.644339 7.2976841 26.818694 33.845938 6.292503 26.811831 0.310528
SEG 33.845938 6.292503 26.811831 32.855963 5.4585643 26.817015 0.310528
SEG 32.855963 5.4585643 26.817015 31.756274 4.8229617 26.83199 0.310528
SEG 31.756274 4.8229617 26.83199 30.571007 4.3253554 26.8527 0.310528
SEG 30.571007 4.3253554 26.8527 29.350357 3.9394229 26.875492 0.310528
SEG 29.350357 3.9394229 26.875492 28.086217 3.6317721 26.898416 0.310528
SEG 28.086217 3.6317721 26.898416 26.818572 3.3949494 26.919461 0.310528
SEG 26.818572 3.3949494 26.919461 25.539067 3.2125037 26.937841 0.310528
SEG 25.539067 3.2125037 26.937841 24.257945 3.076544 26.952831 0.310528
SEG 24.257945 3.076544 26.952831 23.152515 3.0956822 27.113763 0.310528
SEG 23.152515 3.0956822 27.113763 21.695766 2.9214254 26.971464 0.310528
SEG 21.695766 2.9214254 26.971464 20.396477 2.894749 26.974812 0.310528
SEG 20.396477 2.894749 26.974812 19.144874 2.9006874 26.974134 0.310528
SEG 19.144874 2.9006874 26.974134 17.845864 2.9388032 26.969287 0.310528
SEG 17.845864 2.9388032 26.969287 16.552915 3.0115297 26.960399 0.310528
SEG 16.552915 3.0115297 26.960399 15.285582 3.120067 26.947904 0.310528
SEG 15.285582 3.120067 26.947904 14.001464 3.2722478 26.931611 0.310528
SEG 14.001464 3.2722478 26.931611 12.72563 3.4728732 26.912175 0.310528
SEG 12.72563 3.4728732 26.912175 11.571592 3.6431634 26.971522 0.310528
SEG 11.571592 3.6431634 26.971522 10.217434 4.0641035 26.867374 0.310528
SEG 10.217434 4.0641035 26.867374 8.8412381 4.4702307 27.057413 0.310528
SEG 8.8412381 4.4702307 27.057413 7.8160987 5.043728 26.825367 0.310528
SEG 7.8160987 5.043728 26.825367 6.7428379 5.75568 26.813523 0.310528
SEG 6.7428379 5.75568 26.813523 5.8501683 6.6293099 26.812914 0.310528
SEG 5.8501683 6.6293099 26.812914 5.1169769 7.6881706 26.823638 0.310528
SEG 5.1169769 7.6881706 26.823638 4.50792 8.7702408 27.03464 0.310528
SEG 4.50792 8.7702408 27.03464 4.1096364 10.069665 26.864604 0.310528
SEG 4.1096364 10.069665 26.864604 3.6704507 11.480927 26.961935 0.310528
SEG 3.6704507 11.480927 26.961935 3.4971497 12.590592 26.909926 0.310528
SEG 3.4971497 12.590592 26.909926 3.2908554 13.865517 26.92966 0.310528
SEG 3.2908554 13.865517 26.92966 3.1338585 15.14905 26.946314 0.310528
SEG 3.1338585 15.14905 26.946314 3.178314 16.337785 27.157858 0.310528
SEG 3.178314 16.337785 27.157858 2.9446028 17.70874 26.968512 0.310528
SEG 2.9446028 17.70874 26.968512 2.90304 18.991664 26.973739 0.310528
SEG 2.90304 18.991664 26.973739 2.8939154 20.275202 26.974905 0.310528
SEG 2.8939154 20.275202 26.974905 2.9168108 21.55858 26.971991 0.310528
SEG 2.9168108 21.55858 26.971991 2.9732333 22.851858 26.964961 0.310528
SEG 2.9732333 22.851858 26.964961 3.0642451 24.121223 26.95419 0.310528
SEG 3.0642451 24.121223 26.95419 3.195664 25.402824 26.939577 0.310528
SEG 3.195664 25.402824 26.939577 3.3728557 26.683073 26.921527 0.310528
SEG 3.3728557 26.683073 26.921527 3.6033004 27.95253 26.90071 0.310528
SEG 3.6033004 27.95253 26.90071 3.9003978 29.209683 26.878049 0.310528
SEG 3.9003978 29.209683 26.878049 4.2749189 30.430535 26.855254 0.310528
SEG 4.2749189 30.430535 26.855254 4.734782 31.570022 26.835024 0.310528
SEG 4.734782 31.570022 26.835024 5.3513847 32.695253 26.818752 0.310528
SEG 5.3513847 32.695253 26.818752 6.1491836 33.701765 26.811826 0.310528
SEG 6.1491836 33.701765 26.811826 7.1301544 34.530781 26.816895 0.310528
SEG 7.1301544 34.530781 26.816895 8.1946404 35.151555 26.8313 0.310528
SEG 8.1946404 35.151555 26.8313 9.3656819 35.650228 26.851647 0.310528
SEG 9.3656819 35.650228 26.851647 10.594627 36.044365 26.874552 0.310528
SEG 10.594627 36.044365 26.874552 11.847822 36.353088 26.897355 0.310528
SEG 11.847822 36.353088 26.897355 13.114844 36.593219 26.918511 0.310528
SEG 13.114844 36.593219 26.918511 14.415495 36.781219 26.937295 0.310528
SEG 14.415495 36.781219 26.937295 15.660281 36.91515 26.952092 0.310528
SEG 15.660281 36.91515 26.952092 16.954232 37.014079 26.963677 0.310528
SEG 16.954232 37.014079 26.963677 18.236363 37.075548 26.971257 0.310528
SEG 18.236363 37.075548 26.971257 19.376644 37.077837 27.180172 0.310528
SEG 19.376644 37.077837 27.180172 20.803201 37.09962 26.974306 0.310528
SEG 20.803201 37.09962 26.974306 22.086287 37.063311 26.969725 0.310528
SEG 22.086287 37.063311 26.969725 23.349108 37.006023 27.197274 0.310528
SEG 23.349108 37.006023 27.197274 24.646846 36.885908 26.948749 0.310528
SEG 24.646846 36.885908 26.948749 25.926068 36.736741 26.932711 0.310528
SEG 25.926068 36.736741 26.932711 27.126641 36.560765 27.141093 0.310528
SEG 27.126641 36.560765 27.141093 28.465195 36.283389 26.891784 0.310528
SEG 28.465195 36.283389 26.891784 29.699758 35.959508 26.869049 0.310528
SEG 29.699758 35.959508 26.869049 30.944098 35.532773 26.845953 0.310528
SEG 30.944098 35.532773 26.845953 32.10435 34.998039 26.826651 0.310528
SEG 32.10435 34.998039 26.826651 33.185178 34.298733 26.814196 0.310528
SEG 33.185178 34.298733 26.814196 34.106665 33.419487 26.812805 0.310528
SEG 34.106665 33.419487 26.812805 34.854726 32.358839 26.823094 0.310528
SEG 34.854726 32.358839 26.823094 35.426651 31.203807 26.841366 0.310528
SEG 35.426651 31.203807 26.841366 35.866882 30.001736 26.863369 0.310528
SEG 35.866882 30.001736 26.863369 36.217397 28.745337 26.886688 0.310528
SEG 36.217397 28.745337 26.886688 36.490916 27.470065 26.908983 0.310528
SEG 36.490916 27.470065 26.908983 36.698074 26.20696 26.928698 0.310528
SEG 36.698074 26.20696 26.928698 36.857732 24.923758 26.94554 0.310528
SEG 36.857732 24.923758 26.94554 36.995007 23.50718 27.195889 0.310528
SEG 36.995007 23.50718 27.195889 37.051603 22.35919 26.968196 0.310528
SEG 37.051603 22.35919 26.968196 37.09494 21.076326 26.973635 0.310528
SEG 37.09494 21.076326 26.973635 37.105836 19.78117 26.974995 0.310528
SEG 37.105836 19.78117 26.974995 37.08457 18.509395 26.97232 0.310528
SEG 37.08457 18.509395 26.97232 37.029661 17.210679 26.965453 0.310528
SEG 37.029661 17.210679 26.965453 36.940849 15.946535 26.954935 0.310528
SEG 36.940849 15.946535 26.954935 36.812739 14.675573 26.940669 0.310528
SEG 36.812739 14.675573 26.940669 36.606543 13.476085 27.036224 0.310528
SEG 36.606543 13.476085 27.036224 36.409547 12.114103 26.901944 0.310528
SEG 36.409547 12.114103 26.901944 36.113618 10.845609 26.879138 0.310528
SEG 36.113618 10.845609 26.879138 35.741976 9.6197853 26.856251 0.310528
SEG 35.741976 9.6197853 26.856251 35.262991 8.4242191 26.834939 0.310528
SEG 35.262991 8.4242191 26.834939 34.644339 7.2976841 26.818694 0.310528
SEG 34.644339 7.2976841 26.818694 33.845938 6.292503 26.811831 0.310528
SEG 33.845938 6.292503 26.811831 32.855963 5.4585643 26.817015 0.310528
SEG 32.855963 5.4585643 26.817015 31.756274 4.8229617 26.83199 0.310528
SEG 31.756274 4.8229617 26.83199 30.571007 4.3253554 26.8527 0.310528
SEG 30.571007 4.3253554 26.8527 29.350357 3.9394229 26.875492 0.310528
SEG 29.350357 3.9394229 26.875492 28.086217 3.6317721 26.898416 0.310528
SEG 28.086217 3.6317721 26.898416 26.818572 3.3949494 26.919461 0.310528
SEG 26.818572 3.3949494 26.919461 25.539067 3.2125037 26.937841 0.310528
SEG 25.539067 3.2125037 26.937841 24.257945 3.076544 26.952831 0.310528
SEG 24.257945 3.076544 26.952831 23.152515 3.0956822 27.113763 0.310528
SEG 23.152515 3.0956822 27.113763 21.695766 2.9214254 26.971464 0.310528
SEG 21.695766 2.9214254 26.971464 20.396477 2.894749 26.974812 0.310528
SEG 20.396477 2.894749 26.974812 19.144874 2.9006874 26.974134 0.310528
SEG 19.144874 2.9006874 26.974134 17.845864 2.9388032 26.969287 0.310528
SEG 17.845864 2.9388032 26.969287 16.552915 3.0115297 26.960399 0.310528
SEG 16.552915 3.0115297 26.960399 15.285582 3.120067 26.947904 0.310528
SEG 15.285582 3.120067 26.947904 14.001464 3.2722478 26.931611 0.310528
SEG 14.001464 3.2722478 26.931611 12.72563 3.4728732 26.912175 0.310528
SEG 12.72563 3.4728732 26.912175 11.571592 3.6431634 26.971522 0.310528
SEG 11.571592 3.6431634 26.971522 10.217434 4.0641035 26.867374 0.310528
SEG 10.217434 4.0641035 26.867374 8.8412381 4.4702307 27.057413 0.310528
SEG 8.8412381 4.4702307 27.057413 7.8160987 5.043728 26.825367 0.310528
SEG 7.8160987 5.043728 26.825367 6.7428379 5.75568 26.813523 0.310528
SEG 6.7428379 5.75568 26.813523 5.8501683 6.6293099 26.812914 0.310528
SEG 5.8501683 6.6293099 26.812914 5.1169769 7.6881706 26.823638 0.310528
SEG 5.1169769 7.6881706 26.823638 4.50792 8.7702408 27.03464 0.310528
SEG 4.50792 8.7702408 27.03464 4.1096364 10.069665 26.864604 0.310528
SEG 4.1096364 10.069665 26.864604 3.6704507 11.480927 26.961935 0.310528
SEG 3.6704507 11.480927 26.961935 3.4971497 12.590592 26.909926 0.310528
SEG 3.4971497 12.590592 26.909926 3.2908554 13.865517 26.92966 0.310528
SEG 3.2908554 13.865517 26.92966 3.1338585 15.14905 26.946314 0.310528
SEG 3.1338585 15.14905 26.946314 3.178314 16.337785 27.157858 0.310528
SEG 3.178314 16.337785 27.157858 2.9446028 17.70874 26.968512 0.310528
SEG 2.9446028 17.70874 26.968512 2.90304 18.991664 26.973739 0.310528
SEG 2.90304 18.991664 26.973739 2.8939154 20.275202 26.974905 0.310528
SEG 2.8939154 20.275202 26.974905 2.9168108 21.55858 26.971991 0.310528
SEG 2.9168108 21.55858 26.971991 2.9732333 22.851858 26.964961 0.310528
SEG 2.9732333 22.851858 26.964961 3.0642451 24.121223 26.95419 0.310528
SEG 3.0642451 24.121223 26.95419 3.195664 25.402824 26.939577 0.310528
SEG 3.195664 25.402824 26.939577 3.3728557 26.683073 26.921527 0.310528
SEG 3.3728557 26.683073 26.921527 3.6033004 27.95253 26.90071 0.310528
SEG 3.6033004 27.95253 26.90071 3.9003978 29.209683 26.878049 0.310528
SEG 3.9003978 29.209683 26.878049 4.2749189 30.430535 26.855254 0.310528
SEG 32.936077 34.082945 30.54113 33.894846 33.133807 30.541355 0.310921
SEG 33.894846 33.133807 30.541355 34.771817 32.164559 30.539891 0.310921
SEG 34.771817 32.164559 30.539891 35.566336 31.152541 30.538506 0.310921
SEG 35.566336 31.152541 30.538506 36.288079 30.017877 30.539892 0.310921
SEG 36.288079 30.017877 30.539892 36.831574 28.901267 30.54494 0.310921
SEG 36.831574 28.901267 30.54494 37.251197 27.73579 30.553054 0.310921
SEG 37.251197 27.73579 30.553054 37.573593 26.50628 30.562802 0.310921
SEG 37.573593 26.50628 30.562802 37.794809 25.33335 30.571949 0.310921
SEG 37.794809 25.33335 30.571949 37.954634 24.130197 30.580301 0.310921
SEG 37.954634 24.130197 30.580301 38.067385 22.923548 30.586776 0.310921
SEG 38.067385 22.923548 30.586776 38.13782 21.72887 30.591111 0.310921
SEG 38.13782 21.72887 30.591111 38.170974 20.547063 30.593243 0.310921
SEG 38.170974 20.547063 30.593243 38.169705 19.365198 30.593161 0.310921
SEG 38.169705 19.365198 30.593161 38.133948 18.183467 30.590866 0.310921
SEG 38.133948 18.183467 30.590866 38.062502 17.01099 30.586471 0.310921
SEG 38.062502 17.01099 30.586471 37.944757 15.782318 30.579752 0.310921
SEG 37.944757 15.782318 30.579752 37.783624 14.595221 30.571401 0.310921
SEG 37.783624 14.595221 30.571401 37.549522 13.386551 30.561942 0.310921
SEG 37.549522 13.386551 30.561942 37.230737 12.198194 30.552549 0.310921
SEG 37.230737 12.198194 30.552549 36.792591 11.006856 30.544403 0.310921
SEG 36.792591 11.006856 30.544403 36.232963 9.8827287 30.539571 0.310921
SEG 36.232963 9.8827287 30.539571 35.524945 8.7906421 30.538557 0.310921
SEG 35.524945 8.7906421 30.538557 34.710469 7.7627008 30.539987 0.310921
SEG 34.710469 7.7627008 30.539987 33.816871 6.7832923 30.541337 0.310921
SEG 33.816871 6.7832923 30.541337 32.881864 5.8663893 30.541058 0.310921
SEG 32.881864 5.8663893 30.541058 31.886372 4.9957646 30.539343 0.310921
SEG 31.886372 4.9957646 30.539343 30.860686 4.2300609 30.538459 0.310921
SEG 30.860686 4.2300609 30.538459 29.735411 3.5588427 30.54081 0.310921
SEG 29.735411 3.5588427 30.54081 28.606674 3.0489219 30.546748 0.310921
SEG 28.606674 3.0489219 30.546748 27.444352 2.6638204 30.555375 0.310921
SEG 27.444352 2.6638204 30.555375 26.20755 2.3629857 30.565191 0.310921
SEG 26.20755 2.3629857 30.565191 25.032428 2.1605634 30.574216 0.310921
SEG 25.032428 2.1605634 30.574216 23.82814 2.0133264 30.582134 0.310921
SEG 23.82814 2.0133264 30.582134 22.620985 1.9114503 30.588099 0.310921
SEG 22.620985 1.9114503 30.588099 21.400002 1.8498242 30.591951 0.310921
SEG 21.400002 1.8498242 30.591951 20.243854 1.826433 30.593456 0.310921
SEG 20.243854 1.826433 30.593456 19.061929 1.836469 30.592803 0.310921
SEG 19.061929 1.836469 30.592803 17.866597 1.882052 30.589908 0.310921
SEG 17.866597 1.882052 30.589908 16.620557 1.9705473 30.584602 0.310921
SEG 16.620557 1.9705473 30.584602 15.474984 2.0925483 30.577776 0.310921
SEG 15.474984 2.0925483 30.577776 14.251158 2.2745186 30.568758 0.310921
SEG 14.251158 2.2745186 30.568758 13.067337 2.5266596 30.559399 0.310921
SEG 13.067337 2.5266596 30.559399 11.741624 3.0904323 30.698842 0.310921
SEG 11.741624 3.0904323 30.698842 10.687454 3.3505206 30.542682 0.310921
SEG 10.687454 3.3505206 30.542682 9.5611531 3.9583491 30.538897 0.310921
SEG 9.5611531 3.9583491 30.538897 8.5002716 4.6898512 30.538732 0.310921
SEG 8.5002716 4.6898512 30.538732 7.4830166 5.5326565 30.540408 0.310921
SEG 7.4830166 5.5326565 30.540408 6.3919516 6.329076 30.401825 0.310921
SEG 6.3919516 6.329076 30.401825 5.6015279 7.406584 30.540571 0.310921
SEG 5.6015279 7.406584 30.540571 4.7683445 8.3990415 30.538885 0.310921
SEG 4.7683445 8.3990415 30.538885 4.0209951 9.4604817 30.538753 0.310921
SEG 4.0209951 9.4604817 30.538753 3.4010851 10.580196 30.542161 0.310921
SEG 3.4010851 10.580196 30.542161 3.1172889 11.684314 30.704656 0.310921
SEG 3.1172889 11.684314 30.704656 2.5609151 12.933099 30.558347 0.310921
SEG 2.5609151 12.933099 30.558347 2.2921912 14.153501 30.568007 0.310921
SEG 2.2921912 14.153501 30.568007 2.1105461 15.334719 30.576834 0.310921
SEG 2.1105461 15.334719 30.576834 1.7681135 16.561352 30.481918 0.310921
SEG 1.7681135 16.561352 30.481918 1.8886008 17.748036 30.589506 0.310921
SEG 1.8886008 17.748036 30.589506 1.8393608 18.943223 30.59262 0.310921
SEG 1.8393608 18.943223 30.59262 1.8259839 20.148009 30.593497 0.310921
SEG 1.8259839 20.148009 30.593497 1.8458737 21.284041 30.592192 0.310921
SEG 1.8458737 21.284041 30.592192 1.9036307 22.501946 30.588577 0.310921
SEG 1.9036307 22.501946 30.588577 1.9756455 23.61751 30.491711 0.310921
SEG 1.9756455 23.61751 30.491711 2.1466191 24.934025 30.57494 0.310921
SEG 2.1466191 24.934025 30.57494 2.3370517 26.080459 30.566172 0.310921
SEG 2.3370517 26.080459 30.566172 2.6262642 27.31007 30.55644 0.310921
SEG 2.6262642 27.31007 30.55644 3.0055959 28.495145 30.547465 0.310921
SEG 3.0055959 28.495145 30.547465 3.5114444 29.644772 30.541138 0.310921
SEG 3.5114444 29.644772 30.541138 4.154298 30.748484 30.538484 0.310921
SEG 4.154298 30.748484 30.538484 4.9264546 31.802378 30.539142 0.310921
SEG 4.9264546 31.802378 30.539142 5.7796142 32.789554 30.540883 0.310921
SEG 5.7796142 32.789554 30.540883 6.692181 33.729368 30.54135 0.310921
SEG 6.692181 33.729368 30.54135 7.6725048 34.633675 30.540113 0.310921
SEG 7.6725048 34.633675 30.540113 8.6944651 35.455658 30.538589 0.310921
SEG 8.6944651 35.455658 30.538589 9.7769947 36.172122 30.539317 0.310921
SEG 9.7769947 36.172122 30.539317 10.909904 36.750623 30.543862 0.310921
SEG 10.909904 36.750623 30.543862 12.094795 37.198392 30.551767 0.310921
SEG 12.094795 37.198392 30.551767 13.281009 37.525092 30.561118 0.310921
SEG 13.281009 37.525092 30.561118 14.485628 37.765878 30.570584 0.310921
SEG 14.485628 37.765878 30.570584 15.656984 37.929966 30.578977 0.310921
SEG 15.656984 37.929966 30.578977 16.881594 38.052076 30.585895 0.310921
SEG 16.881594 38.052076 30.585895 18.089797 38.129538 30.590622 0.310921
SEG 18.089797 38.129538 30.590622 19.198563 38.316227 30.653523 0.310921
SEG 19.198563 38.316227 30.653523 20.453406 38.172067 30.593348 0.310921
SEG 20.453406 38.172067 30.593348 21.673904 37.955981 30.668974 0.310921
SEG 21.673904 37.955981 30.668974 22.830041 38.074224 30.587223 0.310921
SEG 22.830041 38.074224 30.587223 24.026005 37.965975 30.580971 0.310921
SEG 24.026005 37.965975 30.580971 25.24068 37.808957 30.572682 0.310921
SEG 25.24068 37.808957 30.572682 26.436023 37.589021 30.563388 0.310921
SEG 26.436023 37.589021 30.563388 27.608104 37.288762 30.554104 0.310921
SEG 27.608104 37.288762 30.554104 28.813689 36.867645 30.545503 0.310921
SEG 28.813689 36.867645 30.545503 29.892683 36.355863 30.540326 0.310921
SEG 29.892683 36.355863 30.540326 30.98726 35.679975 30.53859 0.310921
SEG 30.98726 35.679975 30.53859 32.009244 34.898649 30.539784 0.310921
SEG 32.009244 34.898649 30.539784 32.936077 34.082945 30.54113 0.310921
SEG 32.936077 34.082945 30.54113 33.894846 33.133807 30.541355 0.310921
SEG 33.894846 33.133807 30.541355 34.771817 32.164559 30.539891 0.310921
SEG 34.771817 32.164559 30.539891 35.566336 31.152541 30.538506 0.310921
SEG 35.566336 31.152541 30.538506 36.288079 30.017877 30.539892 0.310921
SEG 36.288079 30.017877 30.539892 36.831574 28.901267 30.54494 0.310921
SEG 36.831574 28.901267 30.54494 37.251197 27.73579 30.553054 0.310921
SEG 37.251197 27.73579 30.553054 37.573593 26.50628 30.562802 0.310921
SEG 37.573593 26.50628 30.562802 37.794809 25.33335 30.571949 0.310921
SEG 37.794809 25.33335 30.571949 37.954634 24.130197 30.580301 0.310921
SEG 37.954634 24.130197 30.580301 38.067385 22.923548 30.586776 0.310921
SEG 38.067385 22.923548 30.586776 38.13782 21.72887 30.591111 0.310921
SEG 38.13782 21.72887 30.591111 38.170974 20.547063 30.593243 0.310921
SEG 38.170974 20.547063 30.593243 38.169705 19.365198 30.593161 0.310921
SEG 38.169705 19.365198 30.593161 38.133948 18.183467 30.590866 0.310921
SEG 38.133948 18.183467 30.590866 38.062502 17.01099 30.586471 0.310921
SEG 38.062502 17.01099 30.586471 37.944757 15.782318 30.579752 0.310921
SEG 37.944757 15.782318 30.579752 37.783624 14.595221 30.571401 0.310921
SEG 37.783624 14.595221 30.571401 37.549522 13.386551 30.561942 0.310921
SEG 37.549522 13.386551 30.561942 37.230737 12.198194 30.552549 0.310921
SEG 37.230737 12.198194 30.552549 36.792591 11.006856 30.544403 0.310921
SEG 36.792591 11.006856 30.544403 36.232963 9.8827287 30.539571 0.310921
SEG 36.232963 9.8827287 30.539571 35.524945 8.7906421 30.538557 0.310921
SEG 35.524945 8.7906421 30.538557 34.710469 7.7627008 30.539987 0.310921
SEG 34.710469 7.7627008 30.539987 33.816871 6.7832923 30.541337 0.310921
SEG 33.816871 6.7832923 30.541337 32.881864 5.8663893 30.541058 0.310921
SEG 32.881864 5.8663893 30.541058 31.886372 4.9957646 30.539343 0.310921
SEG 31.886372 4.9957646 30.539343 30.860686 4.2300609 30.538459 0.310921
SEG 30.860686 4.2300609 30.538459 29.735411 3.5588427 30.54081 0.310921
SEG 29.735411 3.5588427 30.54081 28.606674 3.0489219 30.546748 0.310921
SEG 28.606674 3.0489219 30.546748 27.444352 2.6638204 30.555375 0.310921
SEG 27.444352 2.6638204 30.555375 26.20755 2.3629857 30.565191 0.310921
SEG 26.20755 2.3629857 30.565191 25.032428 2.1605634 30.574216 0.310921
SEG 25.032428 2.1605634 30.574216 23.82814 2.0133264 30.582134 0.310921
SEG 23.82814 2.0133264 30.582134 22.620985 1.9114503 30.588099 0.310921
SEG 22.620985 1.9114503 30.588099 21.400002 1.8498242 30.591951 0.310921
SEG 21.400002 1.8498242 30.591951 20.243854 1.826433 30.593456 0.310921
SEG 20.243854 1.826433 30.593456 19.061929 1.836469 30.592803 0.310921
SEG 19.061929 1.836469 30.592803 17.866597 1.882052 30.589908 0.310921
SEG 17.866597 1.882052 30.589908 16.620557 1.9705473 30.584602 0.310921
SEG 16.620557 1.9705473 30.584602 15.474984 2.0925483 30.577776 0.310921
SEG 15.474984 2.0925483 30.577776 14.251158 2.2745186 30.568758 0.310921
SEG 14.251158 2.2745186 30.568758 13.067337 2.5266596 30.559399 0.310921
SEG 13.067337 2.5266596 30.559399 11.741624 3.0904323 30.698842 0.310921
SEG 11.741624 3.0904323 30.698842 10.687454 3.3505206 30.542682 0.310921
SEG 10.687454 3.3505206 30.542682 9.5611531 3.9583491 30.538897 0.310921
SEG 9.5611531 3.9583491 30.538897 8.5002716 4.6898512 30.538732 0.310921
SEG 8.5002716 4.6898512 30.538732 7.4830166 5.5326565 30.540408 0.310921
SEG 7.4830166 5.5326565 30.540408 6.3919516 6.329076 30.401825 0.310921
SEG 6.3919516 6.329076 30.401825 5.6015279 7.406584 30.540571 0.310921
SEG 5.6015279 7.406584 30.540571 4.7683445 8.3990415 30.538885 0.310921
SEG 4.7683445 8.3990415 30.538885 4.0209951 9.4604817 30.538753 0.310921
SEG 4.0209951 9.4604817 30.538753 3.4010851 10.580196 30.542161 0.310921
SEG 3.4010851 10.580196 30.542161 3.1172889 11.684314 30.704656 0.310921
SEG 3.1172889 11.684314 30.704656 2.5609151 12.933099 30.558347 0.310921
SEG 2.5609151 12.933099 30.558347 2.2921912 14.153501 30.568007 0.310921
SEG 2.2921912 14.153501 30.568007 2.1105461 15.334719 30.576834 0.310921
SEG 2.1105461 15.334719 30.576834 1.7681135 16.561352 30.481918 0.310921
SEG 1.7681135 16.561352 30.481918 1.8886008 17.748036 30.589506 0.310921
SEG 1.8886008 17.748036 30.589506 1.8393608 18.943223 30.59262 0.310921
SEG 1.8393608 18.943223 30.59262 1.8259839 20.148009 30.593497 0.310921
SEG 1.8259839 20.148009 30.593497 1.8458737 21.284041 30.592192 0.310921
SEG 1.8458737 21.284041 30.592192 1.9036307 22.501946 30.588577 0.310921
SEG 1.9036307 22.501946 30.588577 1.9756455 23.61751 30.491711 0.310921
SEG 1.9756455 23.61751 30.491711 2.1466191 24.934025 30.57494 0.310921
SEG 2.1466191 24.934025 30.57494 2.3370517 26.080459 30.566172 0.310921
SEG 2.3370517 26.080459 30.566172 2.6262642 27.31007 30.55644 0.310921
SEG 2.6262642 27.31007 30.55644 3.0055959 28.495145 30.547465 0.310921
SEG 3.0055959 28.495145 30.547465 3.5114444 29.644772 30.541138 0.310921
SEG 3.5114444 29.644772 30.541138 4.154298 30.748484 30.538484 0.310921
SEG 4.154298 30.748484 30.538484 4.9264546 31.802378 30.539142 0.310921
SEG 4.9264546 31.802378 30.539142 5.7796142 32.789554 30.540883 0.310921
SEG 5.7796142 32.789554 30.540883 6.692181 33.729368 30.54135 0.310921
SEG 6.692181 33.729368 30.54135 7.6725048 34.633675 30.540113 0.310921
SEG 7.6725048 34.633675 30.540113 8.6944651 35.455658 30.538589 0.310921
SEG 8.6944651 35.455658 30.538589 9.7769947 36.172122 30.539317 0.310921
SEG 9.7769947 36.172122 30.539317 10.909904 36.750623 30.543862 0.310921
SEG 10.909904 36.750623 30.543862 12.094795 37.198392 30.551767 0.310921
SEG 12.094795 37.198392 30.551767 13.281009 37.525092 30.561118 0.310921
SEG 13.281009 37.525092 30.561118 14.485628 37.765878 30.570584 0.310921
SEG 14.485628 37.765878 30.570584 15.656984 37.929966 30.578977 0.310921
SEG 15.656984 37.929966 30.578977 16.881594 38.052076 30.585895 0.310921
SEG 16.881594 38.052076 30.585895 18.089797 38.129538 30.590622 0.310921
SEG 18.089797 38.129538 30.590622 19.198563 38.316227 30.653523 0.310921
SEG 19.198563 38.316227 30.653523 20.453406 38.172067 30.593348 0.310921
SEG 20.453406 38.172067 30.593348 21.673904 37.955981 30.668974 0.310921
SEG 21.673904 37.955981 30.668974 22.830041 38.074224 30.587223 0.310921
SEG 22.830041 38.074224 30.587223 24.026005 37.965975 30.580971 0.310921
SEG 24.026005 37.965975 30.580971 25.24068 37.808957 30.572682 0.310921
SEG 25.24068 37.808957 30.572682 26.436023 37.589021 30.563388 0.310921
SEG 26.436023 37.589021 30.563388 27.608104 37.288762 30.554104 0.310921
SEG 27.608104 37.288762 30.554104 28.813689 36.867645 30.545503 0.310921
SEG 36.080073 1.1924153 24.113592 37.314118 0.90434335 24.083527 0.307777
SEG 37.314118 0.90434335 24.083527 38.4375 0.3125 24.0625 0.307777
SEG 38.4375 0.3125 24.0625 39.693248 0.49392632 24.050947 0.307777
SEG 17.605457 15.880206 24.052263 18.958507 15.92892 24.060728 0.323429
SEG 18.958507 15.92892 24.060728 20.3125 15.9375 24.0625 0.323429
SEG 20.3125 15.9375 24.0625 21.666293 15.913088 24.057675 0.323429
SEG 22.087535 17.971517 24.050422 21.18087 18.979024 24.060318 0.323696
SEG 21.18087 18.979024 24.060318 20.9375 20.3125 24.0625 0.323696
SEG 11.456234 28.623174 23.918213 12.494788 27.776939 23.965461 0.322566
SEG 12.494788 27.776939 23.965461 13.77209 27.355015 24.003427 0.322566
SEG 13.77209 27.355015 24.003427 15.116038 27.262493 24.029776 0.322566
SEG 15.116038 27.262493 24.029776 16.463591 27.215018 24.049315 0.322566
SEG 16.463591 27.215018 24.049315 17.8125 27.1875 24.0625 0.322566
SEG 17.8125 27.1875 24.0625 19.16167 27.174101 24.069439 0.322566
SEG 19.16167 27.174101 24.069439 20.5113 27.172706 24.070187 0.322566
SEG 20.5113 27.172706 24.070187 21.860954 27.183071 24.06475 0.322566
SEG 21.860954 27.183071 24.06475 23.210176 27.206929 24.05308 0.322566
SEG 23.210176 27.206929 24.05308 24.557945 27.248506 24.0351 0.322566
SEG 24.557945 27.248506 24.0351 25.903019 27.323502 24.01053 0.322566
SEG 25.903019 27.323502 24.01053 27.224251 27.576805 23.976715 0.322566
SEG 27.224251 27.576805 23.976715 28.444696 28.496725 24.035685 0.322566
SEG 28.444696 28.496725 24.035685 29.282302 29.286107 23.880148 0.322566
SEG 29.282302 29.286107 23.880148 30.426878 29.968083 23.829176 0.322566
SEG 30.426878 29.968083 23.829176 30.899217 31.206731 23.778933 0.322566
SEG 30.899217 31.206731 23.778933 31.851983 32.116988 23.722774 0.322566
SEG 31.851983 32.116988 23.722774 32.954468 32.817311 23.668014 0.322566
SEG 32.954468 32.817311 23.668014 33.903992 33.704255 23.61317 0.322566
SEG 9.2604708 8.3571653 24.657322 10.506109 7.9112864 24.67906 0.31826
SEG 10.506109 7.9112864 24.67906 11.809406 7.6582553 24.704647 0.31826
SEG 11.809406 7.6582553 24.704647 13.127273 7.4885389 24.728664 0.31826
SEG 13.127273 7.4885389 24.728664 14.452729 7.3682769 24.749415 0.31826
SEG 14.452729 7.3682769 24.749415 15.782372 7.2831732 24.766141 0.31826
SEG 15.782372 7.2831732 24.766141 17.114438 7.225741 24.778474 0.31826
SEG 17.114438 7.225741 24.778474 18.447847 7.1916357 24.786235 0.31826
SEG 18.447847 7.1916357 24.786235 19.781849 7.1783904 24.789341 0.31826
SEG 19.781849 7.1783904 24.789341 21.115835 7.1850936 24.787766 0.31826
SEG 21.115835 7.1850936 24.787766 22.4492 7.2122252 24.781525 0.31826
SEG 22.4492 7.2122252 24.781525 23.780708 7.2616582 24.770687 0.31826
SEG 23.780708 7.2616582 24.770687 25.109551 7.3369565 24.755398 0.31826
SEG 25.109551 7.3369565 24.755398 26.434041 7.4441944 24.735954 0.31826
SEG 26.434041 7.4441944 24.735954 27.755017 7.5948996 24.712879 0.31826
SEG 27.755017 7.5948996 24.712879 29.0625 7.8125 24.6875 0.31826
SEG 29.0625 7.8125 24.6875 30.339087 8.1692095 24.663223 0.31826
SEG 30.339087 8.1692095 24.663223 31.439229 8.9059128 24.652887 0.31826
SEG 31.439229 8.9059128 24.652887 31.999234 10.10213 24.670593 0.31826
SEG 31.999234 10.10213 24.670593 32.291619 11.392388 24.695893 0.31826
SEG 32.291619 11.392388 24.695893 32.481199 12.70643 24.720703 0.31826
SEG 32.481199 12.70643 24.720703 32.614301 14.030911 24.74265 0.31826
SEG 32.614301 14.030911 24.74265 32.708771 15.357542 24.760707 0.31826
SEG 32.708771 15.357542 24.760707 32.774046 16.68771 24.774468 0.31826
SEG 32.774046 16.68771 24.774468 32.8151 18.020016 24.783706 0.31826
SEG 32.8151 18.020016 24.783706 32.834812 19.353519 24.788312 0.31826
SEG 32.834812 19.353519 24.788312 32.834508 20.687522 24.78824 0.31826
SEG 32.834508 20.687522 24.78824 32.814162 22.021363 24.783489 0.31826
SEG 32.814162 22.021363 24.783489 32.772395 23.354332 24.774101 0.31826
SEG 32.772395 23.354332 24.774101 32.706251 24.685587 24.760185 0.31826
SEG 32.706251 24.685587 24.760185 32.610522 26.013857 24.741969 0.31826
SEG 32.610522 26.013857 24.741969 32.509615 27.418163 24.688264 0.31826
SEG 32.509615 27.418163 24.688264 32.283242 28.654038 24.69499 0.31826
SEG 10.153293 30.756934 24.620424 11.42024 31.176304 24.641884 0.320374
SEG 11.42024 31.176304 24.641884 12.734096 31.410783 24.665759 0.320374
SEG 12.734096 31.410783 24.665759 14.0625 31.5625 24.6875 0.320374
SEG 14.0625 31.5625 24.6875 15.395592 31.665877 24.705538 0.320374
SEG 15.395592 31.665877 24.705538 16.732511 31.7361 24.71926 0.320374
SEG 16.732511 31.7361 24.71926 18.071645 31.779691 24.728402 0.320374
SEG 18.071645 31.779691 24.728402 19.411982 31.800082 24.73285 0.320374
SEG 19.411982 31.800082 24.73285 20.752853 31.798763 24.732558 0.320374
SEG 20.752853 31.798763 24.732558 22.093457 31.77565 24.727527 0.320374
SEG 22.093457 31.77565 24.727527 23.595106 31.681117 24.665818 0.320374
SEG 23.595106 31.681117 24.665818 24.77087 31.655158 24.703511 0.320374
SEG 24.77087 31.655158 24.703511 26.105154 31.546486 24.684949 0.320374
SEG 26.105154 31.546486 24.684949 27.432557 31.386292 24.662846 0.320374
SEG 10.09051 16.126426 25.326888 10.487016 14.83215 25.320984 0.323664
SEG 10.487016 14.83215 25.320984 11.050958 13.600695 25.315241 0.323664
SEG 11.050958 13.600695 25.315241 11.822183 12.487798 25.311805 0.323664
SEG 11.822183 12.487798 25.311805 12.8125 11.5625 25.3125 0.323664
SEG 12.8125 11.5625 25.3125 14.218495 10.809969 25.252303 0.323664
SEG 14.218495 10.809969 25.252303 15.226711 10.349714 25.322912 0.323664
SEG 15.226711 10.349714 25.322912 16.533966 9.9964493 25.328543 0.323664
SEG 16.533966 9.9964493 25.328543 17.866609 9.7675357 25.332645 0.323664
SEG 17.866609 9.7675357 25.332645 19.213838 9.6482297 25.334742 0.323664
SEG 19.213838 9.6482297 25.334742 20.566451 9.6389527 25.33489 0.323664
SEG 20.566451 9.6389527 25.33489 21.915293 9.7406382 25.333122 0.323664
SEG 21.915293 9.7406382 25.333122 23.25131 9.9511384 25.329326 0.323664
SEG 23.25131 9.9511384 25.329326 24.382832 10.267504 25.589378 0.323664
SEG 24.382832 10.267504 25.589378 25.828646 10.761848 25.317846 0.323664
SEG 25.828646 10.761848 25.317846 27.007162 11.431079 25.313018 0.323664
SEG 27.007162 11.431079 25.313018 28.029665 12.320681 25.31163 0.323664
SEG 28.029665 12.320681 25.31163 28.837979 13.408943 25.314501 0.323664
SEG 28.837979 13.408943 25.314501 29.432945 14.625713 25.320038 0.323664
SEG 29.432945 14.625713 25.320038 29.853865 15.912255 25.326036 0.323664
SEG 29.853865 15.912255 25.326036 30.139049 17.236407 25.330962 0.323664
SEG 30.139049 17.236407 25.330962 30.309116 18.578033 25.334028 0.323664
SEG 30.309116 18.578033 25.334028 30.371013 19.929208 25.335063 0.323664
SEG 30.371013 19.929208 25.335063 30.320792 21.280946 25.334227 0.323664
SEG 30.320792 21.280946 25.334227 30.162117 22.624196 25.331373 0.323664
SEG 30.162117 22.624196 25.331373 29.890214 23.948938 25.326626 0.323664
SEG 29.890214 23.948938 25.326626 29.485099 25.241446 25.320679 0.323664
SEG 29.485099 25.241446 25.320679 28.81852 26.559194 25.608908 0.323664
SEG 23.18519 14.334914 25.318615 22.019957 13.628953 25.314093 0.324947
SEG 22.019957 13.628953 25.314093 20.720867 13.218244 25.310626 0.324947
SEG 20.720867 13.218244 25.310626 19.358446 13.206465 25.310517 0.324947
SEG 19.358446 13.206465 25.310517 18.05313 13.596731 25.313833 0.324947
SEG 18.05313 13.596731 25.313833 16.879564 14.289872 25.318376 0.324947
SEG 16.879564 14.289872 25.318376 15.830099 15.160395 25.321217 0.324947
SEG 15.830099 15.160395 25.321217 14.880959 16.13887 25.320649 0.324947
SEG 14.880959 16.13887 25.320649 14.054805 17.222926 25.317051 0.324947
SEG 14.054805 17.222926 25.317051 13.4375 18.4375 25.3125 0.324947
SEG 13.4375 18.4375 25.3125 13.159009 19.771184 25.310009 0.324947
SEG 13.159009 19.771184 25.310009 13.297346 21.126622 25.311253 0.324947
SEG 13.297346 21.126622 25.311253 13.810532 22.388744 25.315341 0.324947
SEG 13.810532 22.388744 25.315341 14.578823 23.514623 25.319563 0.324947
SEG 14.578823 23.514623 25.319563 15.490997 24.52786 25.321238 0.324947
SEG 15.490997 24.52786 25.321238 16.50608 25.437893 25.319499 0.324947
SEG 9.8627705 9.848724 25.899829 8.9852562 10.870826 25.901752 0.320228
SEG 8.9852562 10.870826 25.901752 8.3354478 12.004248 25.794647 0.320228
SEG 8.3354478 12.004248 25.794647 7.688494 13.223225 25.913684 0.320228
SEG 7.688494 13.223225 25.913684 7.2470361 14.489199 25.921121 0.320228
SEG 7.2470361 14.489199 25.921121 6.9212296 15.790603 25.928084 0.320228
SEG 6.9212296 15.790603 25.928084 6.6968479 17.107855 25.93371 0.320228
SEG 6.6968479 17.107855 25.93371 6.5625 18.4375 25.9375 0.320228
SEG 6.5625 18.4375 25.9375 6.5098753 19.772883 25.939077 0.320228
SEG 6.5098753 19.772883 25.939077 6.5357314 21.10911 25.938297 0.320228
SEG 6.5357314 21.10911 25.938297 6.641461 22.441377 25.935223 0.320228
SEG 6.641461 22.441377 25.935223 6.8341468 23.763754 25.930166 0.320228
SEG 6.8341468 23.763754 25.930166 7.2840734 25.288644 25.895395 0.320228
SEG 7.2840734 25.288644 25.895395 7.5228343 26.347667 25.916217 0.320228
SEG 7.5228343 26.347667 25.916217 8.0500955 27.584521 25.909 0.320228
SEG 8.0500955 27.584521 25.909 8.7684178 28.527157 25.869606 0.320228
SEG 22.123605 16.402138 26.68633 22.751679 17.489664 26.590817 0.327037
SEG 22.751679 17.489664 26.590817 23.978592 18.107938 26.581513 0.327037
SEG 23.978592 18.107938 26.581513 25.3125 18.4375 26.5625 0.327037
SEG 25.3125 18.4375 26.5625 26.666975 18.667673 26.535997 0.327037
SEG 26.666975 18.667673 26.535997 28.026535 18.863961 26.502669 0.327037
SEG 16.013778 21.040218 26.546268 17.352248 21.34662 26.559899 0.326815
SEG 17.352248 21.34662 26.559899 18.53475 22.000652 26.367891 0.326815
SEG 18.53475 22.000652 26.367891 18.857053 23.494681 26.552035 0.326815
SEG 18.857053 23.494681 26.552035 19.066229 24.851836 26.533658 0.326815
SEG 19.066229 24.851836 26.533658 19.209691 26.217934 26.508354 0.326815
SEG 19.209691 26.217934 26.508354 19.328416 27.586493 26.47636 0.326815
SEG 19.328416 27.586493 26.47636 19.453 28.953174 26.437998 0.326815
SEG 19.453 28.953174 26.437998 19.7644 30.286829 26.395023 0.326815
SEG 8.3742242 22.446343 27.024074 9.6554159 22.936217 27.066296 0.328036
SEG 9.6554159 22.936217 27.066296 10.952087 23.275797 27.206974 0.328036
SEG 10.952087 23.275797 27.206974 12.267139 23.81738 27.135971 0.328036
SEG 12.267139 23.81738 27.135971 13.525693 24.385555 27.15826 0.328036
SEG 13.525693 24.385555 27.15826 14.651403 25.185563 27.167719 0.328036
SEG 14.651403 25.185563 27.167719 15.43845 26.291356 27.123166 0.328036
SEG 15.43845 26.291356 27.123166 16.099601 27.517406 27.140416 0.328036
SEG 16.099601 27.517406 27.140416 16.567631 28.812497 27.110449 0.328036
SEG 16.567631 28.812497 27.110449 16.992069 30.116986 27.073389 0.328036
SEG 16.992069 30.116986 27.073389 17.458327 31.398268 27.031859 0.328036
SEG 17.458327 31.398268 27.031859 18.130073 32.570452 26.991454 0.328036
SEG 18.130073 32.570452 26.991454 19.198104 33.385629 26.963365 0.328036
SEG 19.198104 33.385629 26.963365 20.520697 33.147864 26.973208 0.328036
SEG 20.520697 33.147864 26.973208 21.336594 32.062744 27.013562 0.328036
SEG 21.336594 32.062744 27.013562 21.730359 30.753157 27.06045 0.328036
SEG 21.730359 30.753157 27.06045 21.993451 29.40445 27.104391 0.328036
SEG 21.993451 29.40445 27.104391 22.246288 28.049299 27.142574 0.328036
SEG 22.246288 28.049299 27.142574 22.534519 26.700182 27.17378 0.328036
SEG 22.534519 26.700182 27.17378 22.914656 25.374334 27.197061 0.328036
SEG 22.914656 25.374334 27.197061 23.561257 24.156385 27.209332 0.328036
SEG 8.3414235 14.862926 27.75114 9.5556005 14.206793 27.783609 0.329039
SEG 9.5556005 14.206793 27.783609 10.747002 13.500085 27.808301 0.329039
SEG 10.747002 13.500085 27.808301 11.857125 12.669205 27.821386 0.329039
SEG 11.857125 12.669205 27.821386 12.822682 11.673915 27.820072 0.329039
SEG 12.822682 11.673915 27.820072 13.626004 10.547766 27.804775 0.329039
SEG 13.626004 10.547766 27.804775 14.315224 9.3563314 27.778682 0.329039
SEG 14.315224 9.3563314 27.778682 14.968601 8.1507443 27.745587 0.329039
SEG 14.968601 8.1507443 27.745587 15.679871 6.9947096 27.710473 0.329039
SEG 15.679871 6.9947096 27.710473 16.575339 5.9998343 27.68057 0.329039
SEG 16.575339 5.9998343 27.68057 17.719126 5.3267645 27.662871 0.329039
SEG 17.719126 5.3267645 27.662871 18.991397 4.9952844 27.655659 0.329039
SEG 18.991397 4.9952844 27.655659 20.427154 4.8243303 27.492843 0.329039
SEG 20.427154 4.8243303 27.492843 21.617274 5.1196672 27.658303 0.329039
SEG 21.617274 5.1196672 27.658303 22.852799 5.6048745 27.669791 0.329039
SEG 22.852799 5.6048745 27.669791 23.89192 6.4648973 27.69435 0.329039
SEG 23.89192 6.4648973 27.69435 24.68605 7.5750481 27.72844 0.329039
SEG 24.68605 7.5750481 27.72844 25.356834 8.7765841 27.763611 0.329039
SEG 25.356834 8.7765841 27.763611 26.019394 9.9873248 27.793786 0.329039
SEG 26.019394 9.9873248 27.793786 26.618604 11.111004 28.106986 0.329039
SEG 26.618604 11.111004 28.106986 27.647153 12.224397 27.823153 0.329039
SEG 27.647153 12.224397 27.823153 28.695035 13.132771 27.816741 0.329039
SEG 28.695035 13.132771 27.816741 29.853659 13.888334 27.797182 0.329039
SEG 29.853659 13.888334 27.797182 31.127092 14.704562 27.622403 0.329039
SEG 31.127092 14.704562 27.622403 32.254991 15.210304 27.733534 0.329039
SEG 32.254991 15.210304 27.733534 33.374043 15.962998 27.699059 0.329039
SEG 33.374043 15.962998 27.699059 34.275619 16.952156 27.672861 0.329039
SEG 34.275619 16.952156 27.672861 34.819249 18.162712 27.659544 0.329039
SEG 34.819249 18.162712 27.659544 35.054435 19.456202 27.654602 0.329039
SEG 35.054435 19.456202 27.654602 35.0318 20.770771 27.655067 0.329039
SEG 35.0318 20.770771 27.655067 34.744823 22.066607 27.661216 0.329039
SEG 34.744823 22.066607 27.661216 34.115872 23.248424 27.677454 0.329039
SEG 34.115872 23.248424 27.677454 33.144515 24.18418 27.706437 0.329039
SEG 33.144515 24.18418 27.706437 31.989365 24.911238 27.741869 0.329039
SEG 31.989365 24.911238 27.741869 30.776901 25.562117 27.775975 0.329039
SEG 30.776901 25.562117 27.775975 29.571123 26.239618 27.803563 0.329039
SEG 29.571123 26.239618 27.803563 28.426587 27.022337 27.820671 0.329039
SEG 28.426587 27.022337 27.820671 27.409644 27.966278 27.823925 0.329039
SEG 27.409644 27.966278 27.823925 26.5625 29.0625 27.8125 0.329039
SEG 26.5625 29.0625 27.8125 25.848888 30.249803 27.788971 0.329039
SEG 25.848888 30.249803 27.788971 25.197461 31.466528 27.757131 0.329039
SEG 25.197461 31.466528 27.757131 24.519427 32.658346 27.721413 0.329039
SEG 24.519427 32.658346 27.721413 23.687053 33.730822 27.68856 0.329039
SEG 23.687053 33.730822 27.68856 22.596259 34.52397 27.66648 0.329039
SEG 9.7235155 1.6654582 28.538055 8.3144693 2.0969664 28.527552 0.289102
SEG 8.3144693 2.0969664 28.527552 7.1529335 2.4019229 28.495478 0.289102
SEG 7.1529335 2.4019229 28.495478 6.0321909 2.8022696 28.466756 0.289102
SEG 6.0321909 2.8022696 28.466756 4.9860209 3.3360525 28.445677 0.289102
SEG 4.9860209 3.3360525 28.445677 4.1171129 4.1171129 28.216065 0.289102
SEG 4.1171129 4.1171129 28.216065 3.3360525 4.9860209 28.445677 0.289102
SEG 3.3360525 4.9860209 28.445677 2.8022696 6.0321909 28.466756 0.289102
SEG 2.8022696 6.0321909 28.466756 2.4019229 7.1529335 28.495478 0.289102
SEG 2.4019229 7.1529335 28.495478 2.0969664 8.3144693 28.527552 0.289102
SEG 2.0969664 8.3144693 28.527552 1.8596757 9.5129784 28.560367 0.289102
SEG 12.348535 14.639839 28.327332 13.570241 13.970967 28.342431 0.328568
SEG 13.570241 13.970967 28.342431 14.817771 14.584349 28.374518 0.328568
SEG 14.817771 14.584349 28.374518 15.94928 15.387244 28.402386 0.328568
SEG 15.94928 15.387244 28.402386 17.131433 16.108523 28.423882 0.328568
SEG 17.131433 16.108523 28.423882 18.4375 16.5625 28.4375 0.328568
SEG 18.4375 16.5625 28.4375 19.81185 16.714898 28.442625 0.328568
SEG 19.81185 16.714898 28.442625 21.191348 16.628255 28.439708 0.328568
SEG 8.3134069 9.3679633 32.161633 9.7097856 9.6621181 32.201965 0.327784
SEG 9.7097856 9.6621181 32.201965 10.722203 10.659505 32.243077 0.327784
SEG 10.722203 10.659505 32.243077 11.736102 11.648399 32.277653 0.327784
SEG 11.736102 11.648399 32.277653 12.749165 12.621042 32.30659 0.327784
SEG 12.749165 12.621042 32.30659 13.769483 13.572522 32.330696 0.327784
SEG 13.769483 13.572522 32.330696 14.811254 14.486926 32.350584 0.327784
SEG 14.811254 14.486926 32.350584 15.900947 15.33083 32.366566 0.327784
SEG 15.900947 15.33083 32.366566 17.097002 16.01579 32.378602 0.327784
SEG 17.097002 16.01579 32.378602 18.408528 16.418112 32.386053 0.327784
SEG 18.408528 16.418112 32.386053 19.768964 16.552385 32.3889 0.327784
SEG 19.768964 16.552385 32.3889 21.133336 16.487199 32.387502 0.327784
SEG 21.133336 16.487199 32.387502 22.374253 16.296528 32.345157 0.327784
SEG 22.374253 16.296528 32.345157 23.699443 15.587409 32.371189 0.327784
SEG 23.699443 15.587409 32.371189 24.819006 14.787195 32.356567 0.327784
SEG 24.819006 14.787195 32.356567 25.872989 13.891052 32.33805 0.327784
SEG 25.872989 13.891052 32.33805 26.899728 12.951102 32.315431 0.327784
SEG 26.899728 12.951102 32.315431 27.916969 11.982779 32.288191 0.327784
SEG 27.916969 11.982779 32.288191 28.928785 11.000019 32.255677 0.327784
SEG 28.928785 11.000019 32.255677 29.943064 10.004431 32.216891 0.327784
SEG 29.943064 10.004431 32.216891 31.169846 9.27955 32.173185 0.327784
SEG 31.169846 9.27955 32.173185 32.353164 10.076877 32.157227 0.327784
SEG 32.353164 10.076877 32.157227 33.597606 10.763108 32.127302 0.327784
SEG 8.5332177 13.141112 32.253998 8.873894 14.510607 32.277653 0.333569
SEG 8.873894 14.510607 32.277653 9.1114962 15.901788 32.294799 0.333569
SEG 9.1114962 15.901788 32.294799 9.2659357 17.300755 32.306343 0.333569
SEG 9.2659357 17.300755 32.306343 9.3517777 18.702644 32.31292 0.333569
SEG 9.3517777 18.702644 32.31292 9.3766887 20.105016 32.314852 0.333569
SEG 9.3766887 20.105016 32.314852 9.3430819 21.505066 32.312245 0.333569
SEG 9.3430819 21.505066 32.312245 9.2480366 22.904419 32.30498 0.333569
SEG 9.2480366 22.904419 32.30498 9.0827657 24.299137 32.292693 0.333569
SEG 9.0827657 24.299137 32.292693 8.8322641 25.684062 32.274727 0.333569
SEG 8.8322641 25.684062 32.274727 8.4749046 27.051599 32.250023 0.333569
SEG 8.4749046 27.051599 32.250023 7.9887688 28.382803 32.217285 0.333569
SEG 7.9887688 28.382803 32.217285 7.7399812 29.779143 32.186092 0.333569
SEG 7.7399812 29.779143 32.186092 9.160352 29.818843 32.223726 0.333569
SEG 9.160352 29.818843 32.223726 9.9959801 28.663202 32.263944 0.333569
SEG 9.9959801 28.663202 32.263944 10.732296 27.446104 32.296875 0.333569
SEG 10.732296 27.446104 32.296875 11.148646 26.354022 32.471666 0.333569
SEG 11.148646 26.354022 32.471666 11.776003 24.833017 32.342687 0.333569
SEG 11.776003 24.833017 32.342687 12.075952 23.465369 32.356689 0.333569
SEG 12.075952 23.465369 32.356689 12.256403 22.084468 32.365594 0.333569
SEG 12.256403 22.084468 32.365594 12.341373 20.697309 32.369934 0.333569
SEG 12.341373 20.697309 32.369934 12.341572 19.309172 32.369945 0.333569
SEG 12.341572 19.309172 32.369945 12.257171 17.92361 32.365633 0.333569
SEG 12.257171 17.92361 32.365633 12.077824 16.545494 32.35678 0.333569
SEG 12.0488 8.0533242 32.352723 13.22605 8.4568002 32.254393 0.333569
SEG 13.22605 8.4568002 32.254393 14.598309 8.7861916 32.277653 0.333569
SEG 14.598309 8.7861916 32.277653 15.990937 9.0151898 32.294454 0.333569
SEG 15.990937 9.0151898 32.294454 17.390597 9.1632413 32.305694 0.333569
SEG 17.390597 9.1632413 32.305694 18.792783 9.2441058 32.31198 0.333569
SEG 18.792783 9.2441058 32.31198 20.194664 9.2650026 32.313624 0.333569
SEG 20.194664 9.2650026 32.313624 21.595931 9.2279949 32.310715 0.333569
SEG 21.595931 9.2279949 32.310715 22.995064 9.1297877 32.303119 0.333569
SEG 22.995064 9.1297877 32.303119 24.389419 8.9615116 32.29046 0.333569
SEG 24.389419 8.9615116 32.29046 25.775551 8.7073273 32.272025 0.333569
SEG 25.775551 8.7073273 32.272025 27.141577 8.3469639 32.246797 0.333569
SEG 27.141577 8.3469639 32.246797 28.58048 8.0927832 32.364122 0.333569
SEG 23.705944 18.751042 32.528413 23.382694 19.989603 32.405813 0.32557
SEG 23.382694 19.989603 32.405813 23.482929 21.351848 32.403733 0.32557
SEG 23.482929 21.351848 32.403733 23.840451 22.671301 32.397165 0.32557
SEG 26.082126 25.979396 32.477368 27.176045 27.043309 32.3288 0.32557
SEG 27.176045 27.043309 32.3288 28.147117 28.057911 32.30101 0.32557
SEG 28.147117 28.057911 32.30101 28.971345 28.939457 32.381852 0.32557
SEG 28.971345 28.939457 32.381852 30.130476 30.083211 32.228242 0.32557
SEG 30.130476 30.083211 32.228242 30.715012 31.384941 32.185297 0.32557
SEG 31.766159 15.020077 32.286355 31.576058 16.412595 32.301554 0.333356
SEG 31.576058 16.412595 32.301554 31.457259 17.810659 32.311357 0.333356
SEG 31.457259 17.810659 32.311357 31.146006 19.208006 32.424346 0.333356
SEG 31.146006 19.208006 32.424346 31.395313 20.612741 32.316575 0.333356
SEG 31.395313 20.612741 32.316575 31.446917 22.014921 32.312227 0.333356
SEG 31.446917 22.014921 32.312227 31.558014 23.41601 32.303031 0.333356
SEG 31.558014 23.41601 32.303031 31.738869 24.813134 32.288496 0.333356
SEG 31.738869 24.813134 32.288496 32.006235 26.197597 32.267811 0.333356
SEG 32.006235 26.197597 32.267811 32.381344 27.5567 32.239814 0.333356
SEG 5.4242147 21.461193 28.24144 4.6890307 20.193412 28.330368 0.329473
SEG 4.6890307 20.193412 28.330368 5.4975099 19.133581 28.238086 0.329473
SEG 5.4975099 19.133581 28.238086 6.8085808 18.805525 28.290931 0.329473
SEG 6.8085808 18.805525 28.290931 8.176607 18.667799 28.344592 0.329473
SEG 8.176607 18.667799 28.344592 9.5550705 18.552876 28.394061 0.329473
SEG 9.5550705 18.552876 28.394061 10.9375 18.4375 28.4375 0.329473
SEG 10.9375 18.4375 28.4375 12.029119 19.29387 28.473669 0.329473
SEG 12.029119 19.29387 28.473669 12.030066 20.682274 28.473741 0.329473
SEG 12.030066 20.682274 28.473741 11.919361 22.066233 28.465501 0.329473
SEG 6.3707161 24.732252 28.315077 7.5593084 25.417375 28.352588 0.330485
SEG 7.5593084 25.417375 28.352588 8.7934094 26.043091 28.388308 0.330485
SEG 8.7934094 26.043091 28.388308 10.015661 26.706152 28.417025 0.330485
SEG 10.015661 26.706152 28.417025 11.170212 27.484887 28.434606 0.330485
SEG 11.170212 27.484887 28.434606 12.1875 28.4375 28.4375 0.330485
SEG 12.1875 28.4375 28.4375 13.025239 29.551228 28.424923 0.330485
SEG 13.025239 29.551228 28.424923 13.721147 30.755264 28.399815 0.330485
SEG 13.721147 30.755264 28.399815 14.349476 31.988341 28.366197 0.330485
SEG 14.349476 31.988341 28.366197 14.996331 33.198504 28.328695 0.330485
SEG 14.996331 33.198504 28.328695 15.785454 34.2993 28.294239 0.330485
SEG 15.785454 34.2993 28.294239 16.837094 35.134207 28.271267 0.330485
SEG 25.392479 35.531099 28.395881 26.569227 34.910468 28.400495 0.326286
SEG 26.569227 34.910468 28.400495 27.65534 34.122087 28.410048 0.326286
SEG 27.65534 34.122087 28.410048 28.661771 33.21878 28.422129 0.326286
SEG 28.661771 33.21878 28.422129 29.63061 32.255302 28.432817 0.326286
SEG 29.63061 32.255302 28.432817 30.592171 31.27955 28.438507 0.326286
SEG 30.592171 31.27955 28.438507 31.5625 30.3125 28.4375 0.326286
SEG 31.5625 30.3125 28.4375 32.538302 29.351001 28.430087 0.326286
SEG 32.538302 29.351001 28.430087 33.4879 28.376732 28.418625 0.326286
SEG 33.4879 28.376732 28.418625 34.366162 27.348369 28.406848 0.326286
SEG 34.366162 27.348369 28.406848 35.112511 26.231862 28.398564 0.326286
SEG 1.8596757 30.487022 28.560367 2.0969664 31.685531 28.527552 0.289102
SEG 2.0969664 31.685531 28.527552 2.4019229 32.847066 28.495478 0.289102
SEG 2.4019229 32.847066 28.495478 2.8022696 33.967809 28.466756 0.289102
SEG 2.8022696 33.967809 28.466756 3.3360525 35.013979 28.445677 0.289102
SEG 3.3360525 35.013979 28.445677 4.0625 35.9375 28.4375 0.289102
SEG 4.0625 35.9375 28.4375 5.0670937 36.63738 28.480414 0.289102
SEG 5.0670937 36.63738 28.480414 6.0321909 37.19773 28.466756 0.289102
SEG 6.0321909 37.19773 28.466756 7.1529335 37.598077 28.495478 0.289102
SEG 38.102114 30.677847 28.604266 37.903034 31.685531 28.527552 0.289102
SEG 37.903034 31.685531 28.527552 37.598077 32.847066 28.495478 0.289102
SEG 37.598077 32.847066 28.495478 37.270457 33.904713 28.319453 0.289102
SEG 37.270457 33.904713 28.319453 36.663948 35.013979 28.445677 0.289102
SEG 36.663948 35.013979 28.445677 35.904368 35.818338 28.620496 0.289102
SEG 35.904368 35.818338 28.620496 35.013979 36.663948 28.445677 0.289102
SEG 35.013979 36.663948 28.445677 33.894197 37.282578 28.294903 0.289102
SEG 33.894197 37.282578 28.294903 32.847066 37.598077 28.495478 0.289102
SEG 32.847066 37.598077 28.495478 31.685531 37.903034 28.527552 0.289102
SEG 31.685531 37.903034 28.527552 30.677847 38.102114 28.604266 0.289102
SEG 16.434459 11.357483 29.046384 17.8125 11.5625 29.0625 0.330418
SEG 17.8125 11.5625 29.0625 19.201666 11.669451 29.070846 0.330418
SEG 19.201666 11.669451 29.070846 20.59403 11.676564 29.071411 0.330418
SEG 20.59403 11.676564 29.071411 21.983172 11.584727 29.064228 0.330418
SEG 21.983172 11.584727 29.064228 23.189165 10.926603 28.664286 0.330418
SEG 26.416046 5.6384248 30.063495 27.029383 6.8698223 30.103804 0.331207
SEG 27.029383 6.8698223 30.103804 27.643641 8.1306316 30.139765 0.331207
SEG 27.643641 8.1306316 30.139765 28.34216 9.352472 30.165602 0.331207
SEG 28.34216 9.352472 30.165602 29.159789 10.503538 30.179054 0.331207
SEG 29.159789 10.503538 30.179054 29.529389 11.865999 30.2001 0.331207
SEG 29.529389 11.865999 30.2001 29.070496 13.197567 30.236806 0.331207
SEG 29.070496 13.197567 30.236806 28.4928 14.47785 30.270294 0.331207
SEG 28.4928 14.47785 30.270294 28.07825 15.815289 30.295365 0.331207
SEG 28.07825 15.815289 30.295365 27.8125 17.1875 30.3125 0.331207
SEG 27.8125 17.1875 30.3125 27.666315 18.577611 30.322469 0.331207
SEG 27.666315 18.577611 30.322469 27.618718 19.972842 30.32581 0.331207
SEG 27.618718 19.972842 30.32581 27.662671 21.367415 30.322725 0.331207
SEG 27.662671 21.367415 30.322725 28.085916 22.773875 30.400633 0.331207
SEG 28.085916 22.773875 30.400633 28.064569 24.129513 30.296215 0.331207
SEG 28.064569 24.129513 30.296215 28.472352 25.469038 30.271482 0.331207
SEG 28.472352 25.469038 30.271482 29.043627 26.752208 30.238331 0.331207
SEG 29.043627 26.752208 30.238331 29.539423 28.070465 30.201112 0.331207
SEG 29.539423 28.070465 30.201112 29.21196 29.442956 30.17951 0.331207
SEG 29.21196 29.442956 30.17951 28.391508 30.592017 30.166609 0.331207
SEG 28.391508 30.592017 30.166609 27.684161 31.81197 30.141396 0.331207
SEG 27.684161 31.81197 30.141396 27.34203 32.907576 30.067157 0.331207
SEG 25.842355 1.2601307 34.025149 26.990042 1.4561858 33.99155 0.324388
SEG 26.990042 1.4561858 33.99155 28.023801 1.6401412 33.990089 0.324388
SEG 28.023801 1.6401412 33.990089 29.101605 1.9960593 33.99545 0.324388
SEG 29.101605 1.9960593 33.99545 30.134957 2.6534627 34.016096 0.324388
SEG 30.134957 2.6534627 34.016096 30.912425 3.6882302 34.059268 0.324388
SEG 30.912425 3.6882302 34.059268 31.574074 4.9031091 34.105399 0.324388
SEG 31.574074 4.9031091 34.105399 32.324568 6.1128174 34.135188 0.324388
SEG 32.324568 6.1128174 34.135188 33.001961 7.2763495 34.076409 0.324388
SEG 33.001961 7.2763495 34.076409 32.026005 8.6069628 34.194508 0.324388
SEG 32.026005 8.6069628 34.194508 31.138562 9.7231528 34.224498 0.324388
SEG 31.138562 9.7231528 34.224498 30.317385 10.873899 34.247759 0.324388
SEG 30.317385 10.873899 34.247759 29.584863 12.067715 34.266127 0.324388
SEG 29.584863 12.067715 34.266127 28.965346 13.309812 34.280704 0.324388
SEG 28.965346 13.309812 34.280704 28.476901 14.596713 34.292093 0.324388
SEG 28.476901 14.596713 34.292093 28.12138 15.915971 34.300645 0.324388
SEG 28.12138 15.915971 34.300645 27.884063 17.257779 34.306623 0.324388
SEG 27.884063 17.257779 34.306623 27.7487 18.61135 34.310177 0.324388
SEG 27.7487 18.61135 34.310177 27.70361 19.969945 34.311388 0.324388
SEG 27.70361 19.969945 34.311388 27.744876 21.328661 34.31028 0.324388
SEG 27.744876 21.328661 34.31028 27.876168 22.682633 34.30683 0.324388
SEG 27.876168 22.682633 34.30683 28.108898 24.025245 34.300959 0.324388
SEG 28.108898 24.025245 34.300959 28.458479 25.346089 34.292526 0.324388
SEG 28.458479 25.346089 34.292526 28.94067 26.635348 34.281267 0.324388
SEG 28.94067 26.635348 34.281267 29.554656 27.880191 34.266835 0.324388
SEG 29.554656 27.880191 34.266835 30.282985 29.076572 34.248644 0.324388
SEG 30.282985 29.076572 34.248644 31.101596 30.229149 34.225612 0.324388
SEG 31.101596 30.229149 34.225612 31.801847 31.545711 33.950201 0.324388
SEG 31.801847 31.545711 33.950201 32.847613 32.49712 34.157629 0.324388
SEG 32.847613 32.49712 34.157629 32.399271 33.862265 34.134934 0.324388
SEG 32.399271 33.862265 34.134934 31.39458 35.013138 33.891702 0.324388
SEG 31.39458 35.013138 33.891702 30.973045 36.27855 34.060645 0.324388
SEG 30.973045 36.27855 34.060645 30.200646 37.317102 34.017369 0.324388
SEG 30.200646 37.317102 34.017369 29.196046 37.74309 34.05417 0.324388
SEG 29.196046 37.74309 34.05417 28.099517 38.349558 33.990423 0.324388
SEG 28.099517 38.349558 33.990423 27.066332 38.536713 33.991833 0.324388
SEG 32.855246 2.2906678 34.005794 33.878772 2.8975439 34.010269 0.307001
SEG 33.878772 2.8975439 34.010269 34.849523 3.6693607 34.017457 0.307001
SEG 34.849523 3.6693607 34.017457 35.765377 4.5432266 34.020065 0.307001
SEG 35.765377 4.5432266 34.020065 36.74125 5.6909495 34.155797 0.307001
SEG 36.74125 5.6909495 34.155797 37.342286 6.4862571 34.008113 0.307001
SEG 37.342286 6.4862571 34.008113 37.897138 7.5576882 34.005682 0.307001
SEG 37.897138 7.5576882 34.005682 38.274436 8.6294304 34.008272 0.307001
SEG 38.274436 8.6294304 34.008272 38.515006 9.651485 34.013782 0.307001
SEG 13.116252 27.049572 30.205506 14.147073 26.102693 30.238384 0.328289
SEG 14.147073 26.102693 30.238384 15.206149 25.196159 30.265557 0.328289
SEG 15.206149 25.196159 30.265557 16.334509 24.386352 30.287076 0.328289
SEG 16.334509 24.386352 30.287076 17.582856 23.787436 30.30242 0.328289
SEG 17.582856 23.787436 30.30242 18.932365 23.49193 30.310774 0.328289
SEG 18.932365 23.49193 30.310774 20.3125 23.4375 30.3125 0.328289
SEG 20.3125 23.4375 30.3125 21.685447 23.588274 30.307869 0.328289
SEG 21.685447 23.588274 30.307869 22.997847 24.021503 30.296333 0.328289
SEG 22.997847 24.021503 30.296333 24.185878 24.734752 30.278095 0.328289
SEG 24.185878 24.734752 30.278095 25.276419 25.597315 30.25401 0.328289
SEG 25.276419 25.597315 30.25401 26.319188 26.525318 30.224316 0.328289
SEG 17.6821 23.820565 34.254956 18.983154 23.52662 34.258036 0.319688
SEG 18.983154 23.52662 34.258036 20.31548 23.4713 34.258665 0.319688
SEG 20.31548 23.4713 34.258665 21.639341 23.631114 34.256894 0.319688
SEG 21.639341 23.631114 34.256894 22.90509 24.054229 34.252633 0.319688
SEG 11.804294 29.868535 30.817877 13.044723 29.191807 30.856787 0.330816
SEG 13.044723 29.191807 30.856787 14.334394 28.627016 30.888239 0.330816
SEG 14.334394 28.627016 30.888239 15.677186 28.222434 30.911734 0.330816
SEG 15.677186 28.222434 30.911734 17.04977 27.95997 30.927894 0.330816
SEG 17.04977 27.95997 30.927894 18.4375 27.8125 30.9375 0.330816
SEG 18.4375 27.8125 30.9375 19.832044 27.758964 30.941103 0.330816
SEG 19.832044 27.758964 30.941103 21.226376 27.791614 30.938904 0.330816
SEG 21.226376 27.791614 30.938904 22.716259 28.173537 30.677892 0.330816
SEG 9.701137 2.1341304 34.640392 8.8476914 3.1291643 34.686553 0.321653
SEG 8.8476914 3.1291643 34.686553 8.334531 4.2473986 34.992514 0.321653
SEG 8.334531 4.2473986 34.992514 7.4806307 5.5920989 34.776479 0.321653
SEG 7.4806307 5.5920989 34.776479 6.3322701 6.4560315 34.778881 0.321653
SEG 6.3322701 6.4560315 34.778881 5.1353931 7.2231853 34.760252 0.321653
SEG 5.1353931 7.2231853 34.760252 3.9508139 7.9034728 34.721621 0.321653
SEG 3.9508139 7.9034728 34.721621 2.8875079 8.5334243 34.673569 0.321653
SEG 2.8875079 8.5334243 34.673569 2.107387 9.3560601 34.639841 0.321653
SEG 2.107387 9.3560601 34.639841 1.6619846 10.306813 34.626193 0.321653
SEG 1.6619846 10.306813 34.626193 1.422903 11.329229 34.623914 0.321653
SEG 1.422903 11.329229 34.623914 1.251663 12.365171 34.624071 0.321653
SEG 1.251663 12.365171 34.624071 1.1277302 13.407831 34.625537 0.321653
SEG 1.1277302 13.407831 34.625537 1.0404637 14.454196 34.627776 0.321653
SEG 1.0404637 14.454196 34.627776 0.98097897 15.502506 34.630321 0.321653
SEG 0.98097897 15.502506 34.630321 0.94203735 16.551781 34.632784 0.321653
SEG 0.94203735 16.551781 34.632784 0.91685777 17.601477 34.634792 0.321653
SEG 0.91685777 17.601477 34.634792 0.9011789 18.651359 34.636109 0.321653
SEG 0.9011789 18.651359 34.636109 0.8943796 19.701337 34.636695 0.321653
SEG 0.8943796 19.701337 34.636695 0.84523079 20.693508 34.666598 0.321653
SEG 0.84523079 20.693508 34.666598 0.90682639 21.801282 34.635629 0.321653
SEG 0.90682639 21.801282 34.635629 0.92647398 22.851096 34.634006 0.321653
SEG 0.92647398 22.851096 34.634006 0.95655493 23.900663 34.631746 0.321653
SEG 0.95655493 23.900663 34.631746 1.003533 24.949608 34.629203 0.321653
SEG 1.003533 24.949608 34.629203 1.1471838 25.852595 34.658849 0.321653
SEG 1.1471838 25.852595 34.658849 1.1757967 27.042289 34.624766 0.321653
SEG 1.1757967 27.042289 34.624766 1.3359994 28.20143 34.664383 0.321653
SEG 1.3359994 28.20143 34.664383 1.513912 29.114208 34.624377 0.321653
SEG 1.513912 29.114208 34.624377 1.8315716 30.114984 34.630776 0.321653
SEG 1.8315716 30.114984 34.630776 2.5284785 31.135019 34.657584 0.321653
SEG 2.5284785 31.135019 34.657584 3.605768 31.884347 34.707171 0.321653
SEG 3.605768 31.884347 34.707171 4.8303955 32.562073 34.752704 0.321653
SEG 4.8303955 32.562073 34.752704 6.0393635 33.32764 34.776725 0.321653
SEG 6.0393635 33.32764 34.776725 7.4510317 33.045865 34.809663 0.321653
SEG 7.4510317 33.045865 34.809663 8.5498672 32.125851 34.839979 0.321653
SEG 8.5498672 32.125851 34.839979 9.6752087 31.25856 34.861967 0.321653
SEG 9.6752087 31.25856 34.861967 10.827721 30.462249 34.87851 0.321653
SEG 10.827721 30.462249 34.87851 12.01728 29.750369 34.891494 0.321653
SEG 12.01728 29.750369 34.891494 13.248503 29.14287 34.901902 0.321653
SEG 13.248503 29.14287 34.901902 14.519147 28.654982 34.910213 0.321653
SEG 14.519147 28.654982 34.910213 15.8253 28.289711 34.916653 0.321653
SEG 15.8253 28.289711 34.916653 17.149268 28.03979 34.921278 0.321653
SEG 17.149268 28.03979 34.921278 18.486316 27.892309 34.924137 0.321653
SEG 18.486316 27.892309 34.924137 19.829408 27.837011 34.925239 0.321653
SEG 19.829408 27.837011 34.925239 21.173237 27.869891 34.924583 0.321653
SEG 21.173237 27.869891 34.924583 22.660715 28.212196 34.768559 0.321653
SEG 22.660715 28.212196 34.768559 23.84078 28.216947 34.917991 0.321653
SEG 23.84078 28.216947 34.917991 25.154824 28.552737 34.912004 0.321653
SEG 25.154824 28.552737 34.912004 26.436802 29.010025 34.904166 0.321653
SEG 26.436802 29.010025 34.904166 27.681436 29.589559 34.894291 0.321653
SEG 9.1154866 34.692354 34.820123 10.523512 34.79537 34.825984 0.332051
SEG 10.523512 34.79537 34.825984 11.917779 34.642726 34.839359 0.332051
SEG 11.917779 34.642726 34.839359 13.302464 34.419356 34.853871 0.332051
SEG 13.302464 34.419356 34.853871 14.690128 34.254039 34.86473 0.332051
SEG 14.690128 34.254039 34.86473 16.087136 34.134975 34.872724 0.332051
SEG 16.087136 34.134975 34.872724 17.48364 34.056013 34.878147 0.332051
SEG 17.48364 34.056013 34.878147 18.879306 34.01271 34.881173 0.332051
SEG 18.879306 34.01271 34.881173 20.273679 34.002766 34.881874 0.332051
SEG 20.273679 34.002766 34.881874 21.749008 34.188151 34.703235 0.332051
SEG 21.749008 34.188151 34.703235 23.061362 34.08236 34.876323 0.332051
SEG 23.061362 34.08236 34.876323 24.45454 34.176071 34.869943 0.332051
SEG 24.45454 34.176071 34.869943 25.848178 34.312194 34.86089 0.332051
SEG 14.89432 32.207366 30.91143 16.282412 32.343721 30.918601 0.33014
SEG 16.282412 32.343721 30.918601 17.672775 32.261493 30.93017 0.33014
SEG 17.672775 32.261493 30.93017 19.0625 32.1875 30.9375 0.33014
SEG 19.0625 32.1875 30.9375 20.45417 32.176675 30.938577 0.33014
SEG 20.45417 32.176675 30.938577 21.844668 32.2288 30.933423 0.33014
SEG 21.844668 32.2288 30.933423 23.232684 32.33565 30.922288 0.33014
SEG 6.292676 1.8180863 31.544037 5.192343 2.2862946 31.588561 0.264249
SEG 5.192343 2.2862946 31.588561 4.2618726 2.7783149 31.569794 0.264249
SEG 4.2618726 2.7783149 31.569794 3.4375 3.4375 31.5625 0.264249
SEG 3.4375 3.4375 31.5625 2.7783149 4.2618726 31.569794 0.264249
SEG 2.7783149 4.2618726 31.569794 2.2862946 5.192343 31.588561 0.264249
SEG 2.2862946 5.192343 31.588561 1.8154545 6.2951796 31.542041 0.264249
SEG 1.9554901 31.125101 32.237923 2.2932086 32.230066 32.221206 0.292238
SEG 2.2932086 32.230066 32.221206 2.7446228 33.317955 32.20573 0.292238
SEG 2.7446228 33.317955 32.20573 3.3378244 34.367852 32.193641 0.292238
SEG 3.3378244 34.367852 32.193641 4.0625 35.3125 32.1875 0.292238
SEG 4.0625 35.3125 32.1875 4.9206593 36.137796 32.188427 0.292238
SEG 4.9206593 36.137796 32.188427 5.9355276 36.792418 32.035669 0.292238
SEG 5.9355276 36.792418 32.035669 6.9605825 37.384892 32.209462 0.292238
SEG 6.9605825 37.384892 32.209462 8.0762669 37.811189 32.225791 0.292238
SEG 8.0762669 37.811189 32.225791 9.1884093 38.124458 32.24258 0.292238
SEG 38.114573 31.009255 32.235293 37.706791 32.230066 32.221206 0.292238
SEG 37.706791 32.230066 32.221206 37.255377 33.317955 32.20573 0.292238
SEG 37.255377 33.317955 32.20573 36.489438 34.225147 32.330033 0.292238
SEG 36.489438 34.225147 32.330033 35.9375 35.3125 32.1875 0.292238
SEG 35.9375 35.3125 32.1875 35.079341 36.137796 32.188427 0.292238
SEG 35.079341 36.137796 32.188427 34.108374 36.826792 32.196203 0.292238
SEG 34.108374 36.826792 32.196203 33.039418 37.384892 32.209462 0.292238
SEG 33.039418 37.384892 32.209462 31.923733 37.811189 32.225791 0.292238
SEG 31.923733 37.811189 32.225791 30.874893 38.148837 32.237289 0.292238
SEG 25.040634 6.0802602 33.139751 23.686987 5.757852 32.823866 0.324814
SEG 23.686987 5.757852 32.823866 23.331763 4.4691994 32.768198 0.324814
SEG 23.331763 4.4691994 32.768198 23.296198 3.1466312 32.514966 0.324814
SEG 23.296198 3.1466312 32.514966 22.496339 2.3014178 32.671109 0.324814
SEG 22.496339 2.3014178 32.671109 21.379684 2.0664646 32.664877 0.324814
SEG 21.379684 2.0664646 32.664877 20.242465 1.983117 32.662999 0.324814
SEG 20.242465 1.983117 32.662999 19.102401 2.0165955 32.663745 0.324814
SEG 19.102401 2.0165955 32.663745 18.093628 2.6710025 32.690396 0.324814
SEG 18.093628 2.6710025 32.690396 17.889881 3.9544136 32.750202 0.324814
SEG 17.889881 3.9544136 32.750202 17.8125 5.3125 32.8125 0.324814
SEG 17.8125 5.3125 32.8125 16.64888 6.3991835 32.875656 0.324814
SEG 16.64888 6.3991835 32.875656 15.421793 6.0845681 32.83615 0.324814
SEG 15.421793 6.0845681 32.83615 14.180961 5.7161057 32.865864 0.324814
SEG 5.8578785 25.587651 32.728309 6.0704701 24.026139 32.840107 0.324987
SEG 6.0704701 24.026139 32.840107 4.8087129 23.584707 32.785198 0.324987
SEG 4.8087129 23.584707 32.785198 3.559576 23.442006 32.726933 0.324987
SEG 3.559576 23.442006 32.726933 2.4925676 23.0347 32.679794 0.324987
SEG 2.4925676 23.0347 32.679794 2.1085135 21.95932 32.667731 0.324987
SEG 2.1085135 21.95932 32.667731 1.9707088 20.827124 32.664706 0.324987
SEG 1.9707088 20.827124 32.664706 1.9463012 19.687114 32.664199 0.324987
SEG 1.9463012 19.687114 32.664199 2.0316883 18.549193 32.666015 0.324987
SEG 2.0316883 18.549193 32.666015 2.6779974 17.535177 32.691261 0.324987
SEG 2.6779974 17.535177 32.691261 3.9550726 17.289564 32.750425 0.324987
SEG 3.9550726 17.289564 32.750425 5.3125 17.1875 32.8125 0.324987
SEG 5.3125 17.1875 32.8125 6.3942299 16.327011 32.874977 0.324987
SEG 6.3942299 16.327011 32.874977 6.0401147 14.783419 32.832188 0.324987
SEG 33.986922 12.823026 33.47465 34.374004 14.164297 33.468096 0.322171
SEG 34.374004 14.164297 33.468096 34.438342 15.538221 33.47374 0.322171
SEG 34.438342 15.538221 33.47374 35.3125 16.5625 33.4375 0.322171
SEG 16.37374 12.482599 34.053818 17.712426 12.700874 34.059475 0.323548
SEG 17.712426 12.700874 34.059475 19.0625 12.8125 34.0625 0.323548
SEG 19.0625 12.8125 34.0625 20.417071 12.830014 34.062985 0.323548
SEG 20.417071 12.830014 34.062985 21.769355 12.755297 34.060942 0.323548
SEG 21.769355 12.755297 34.060942 23.113298 12.579821 34.056312 0.323548
SEG 23.113298 12.579821 34.056312 24.439013 12.286756 34.048959 0.323548
SEG 24.439013 12.286756 34.048959 25.738257 11.856283 34.038631 0.323548
SEG 25.738257 11.856283 34.038631 26.7294 11.080453 34.015003 0.323548
SEG 8.0694167 8.1319808 35.255332 8.9979574 9.1102439 35.332779 0.315604
SEG 12.360334 13.120274 35.292759 13.131139 14.205524 35.299294 0.315604
SEG 13.131139 14.205524 35.299294 13.803625 15.34345 35.304865 0.315604
SEG 13.803625 15.34345 35.304865 14.33323 16.549886 35.30934 0.315604
SEG 14.33323 16.549886 35.30934 14.6875 17.8125 35.3125 0.315604
SEG 14.6875 17.8125 35.3125 14.869369 19.111204 35.314231 0.315604
SEG 14.869369 19.111204 35.314231 14.896143 20.420741 35.314494 0.315604
SEG 14.896143 20.420741 35.314494 14.770932 21.724241 35.313289 0.315604
SEG 14.770932 21.724241 35.313289 14.479377 23.001828 35.310635 0.315604
SEG 14.479377 23.001828 35.310635 14.009384 24.227446 35.306621 0.315604
SEG 14.009384 24.227446 35.306621 13.382839 25.388691 35.301428 0.315604
SEG 13.382839 25.388691 35.301428 12.643649 26.492063 35.29523 0.315604
SEG 12.643649 26.492063 35.29523 11.829519 27.554576 35.288075 0.315604
SEG 16.31291 16.30337 35.548603 17.100217 17.056271 35.307711 0.312927
SEG 17.100217 17.056271 35.307711 18.044893 17.950478 35.31041 0.312927
SEG 18.044893 17.950478 35.31041 19.048107 18.773174 35.312105 0.312927
SEG 19.048107 18.773174 35.312105 20.3125 19.0625 35.3125 0.312927
SEG 20.3125 19.0625 35.3125 21.423871 18.393731 35.311441 0.312927
SEG 21.423871 18.393731 35.311441 22.396165 17.532682 35.309276 0.312927
SEG 22.396165 17.532682 35.309276 23.332706 16.62996 35.306112 0.312927
SEG 23.332706 16.62996 35.306112 24.264623 15.713742 35.302035 0.312927
SEG 24.264623 15.713742 35.302035 25.195456 14.790602 35.297092 0.312927
SEG 5.2920067 21.702883 35.311026 5.2422583 23.093067 35.307501 0.329933
SEG 5.2422583 23.093067 35.307501 5.160795 24.483031 35.301863 0.329933
SEG 5.160795 24.483031 35.301863 5.04325 25.873805 35.293943 0.329933
SEG 5.04325 25.873805 35.293943 4.8828744 27.263639 35.283377 0.329933
SEG 10.53911 4.1219829 35.572591 11.990971 4.2713103 35.911307 0.329192
SEG 11.990971 4.2713103 35.911307 13.38007 4.3968756 35.919078 0.329192
SEG 13.38007 4.3968756 35.919078 14.767194 4.5095724 35.926001 0.329192
SEG 14.767194 4.5095724 35.926001 16.154032 4.5938112 35.931321 0.329192
SEG 16.154032 4.5938112 35.931321 17.540072 4.65012 35.934996 0.329192
SEG 17.540072 4.65012 35.934996 18.926193 4.6809306 35.937056 0.329192
SEG 18.926193 4.6809306 35.937056 20.3125 4.6875 35.9375 0.329192
SEG 20.3125 4.6875 35.9375 21.698713 4.6701001 35.936327 0.329192
SEG 21.698713 4.6701001 35.936327 23.084824 4.6280144 35.93354 0.329192
SEG 23.084824 4.6280144 35.93354 24.470896 4.5594977 35.929131 0.329192
SEG 24.470896 4.5594977 35.929131 25.857893 4.4614897 35.923041 0.329192
SEG 37.572148 23.381405 38.908189 37.127112 22.360657 39.077879 0.277051
SEG 37.127112 22.360657 39.077879 36.173471 21.787456 39.051979 0.277051
SEG 36.173471 21.787456 39.051979 35.224318 21.19865 39.032147 0.277051
SEG 35.224318 21.19865 39.032147 34.732837 20.187793 39.023925 0.277051
SEG 34.732837 20.187793 39.023925 35.488295 19.364951 39.037678 0.277051
SEG 35.488295 19.364951 39.037678 36.5625 19.0625 39.0625 0.277051
SEG 36.5625 19.0625 39.0625 37.363912 18.285825 39.08536 0.277051
SEG 37.363912 18.285825 39.08536 37.728639 17.211525 39.096141 0.277051
SEG 37.728639 17.211525 39.096141 37.936243 16.053152 39.101958 0.277051
SEG 2.3002107 22.18648 39.09485 2.6555716 21.108907 39.0843 0.277065
SEG 2.6555716 21.108907 39.0843 3.4375 20.3125 39.0625 0.277065
SEG 3.4375 20.3125 39.0625 4.4563599 20.342337 39.144941 0.277065
SEG 1.2133238 1.2133238 1.8954547 1.7883557 1.7883557 1.5631511 0.359961
SEG 1.7883557 1.7883557 1.5631511 2.8125 2.8125 0.9375 0.359961
SEG 2.8125 2.8125 0.9375 3.6812786 3.6812786 0.3600267 0.359961
SEG 0.71903891 4.3889427 5.2426598 1.8641571 4.3125404 5.208252 0.294263
SEG 1.8641571 4.3125404 5.208252 2.98698 4.2436528 5.131502 0.294263
SEG 2.98698 4.2436528 5.131502 4.1318285 4.1318285 4.7489679 0.294263
SEG 4.1318285 4.1318285 4.7489679 5.1572918 4.8367968 4.7756291 0.294263
SEG 5.1572918 4.8367968 4.7756291 6.0817919 6.0253106 4.7846688 0.294263
SEG 6.0817919 6.0253106 4.7846688 7.0250598 6.977125 4.1725202 0.294263
SEG 7.0250598 6.977125 4.1725202 8.1986 8.1749533 3.7829197 0.294263
SEG 8.1986 8.1749533 3.7829197 9.4369623 9.4237144 3.3704344 0.294263
SEG 9.4369623 9.4237144 3.3704344 10.747868 10.739894 2.9470725 0.294263
SEG 10.747868 10.739894 2.9470725 12.048312 12.045796 2.2275621 0.294263
SEG 27.823643 27.894087 2.5151051 29.197968 29.253819 2.6695288 0.294263
SEG 29.197968 29.253819 2.6695288 30.497644 30.686021 3.3673821 0.294263
SEG 30.497644 30.686021 3.3673821 31.787028 31.96039 3.7039632 0.294263
SEG 8.4771077 12.414063 8.3414023 10.089063 12.190829 8.4977041 0.36727
SEG 10.089063 12.190829 8.4977041 11.608256 11.600282 8.4425088 0.36727
SEG 11.608256 11.600282 8.4425088 12.192672 10.078739 8.4982199 0.36727
SEG 12.192672 10.078739 8.4982199 12.414602 8.4718956 8.3416891 0.36727
SEG 12.414602 8.4718956 8.3416891 12.545993 6.920274 8.6671316 0.36727
SEG 12.545993 6.920274 8.6671316 12.849309 5.386138 8.9499103 0.36727
SEG 12.849309 5.386138 8.9499103 12.731389 3.8898391 8.7963475 0.36727
SEG 3.7345592 16.215579 8.096163 5.3445656 16.169895 8.225696 0.383292
SEG 5.3445656 16.169895 8.225696 6.9592065 16.140931 8.1248264 0.383292
SEG 6.9592065 16.140931 8.1248264 8.7042904 16.215571 7.757546 0.383292
SEG 16.062555 10.308203 7.8907418 16.237654 8.7220439 7.707161 0.383292
SEG 16.237654 8.7220439 7.707161 16.141277 6.956865 8.1249774 0.383292
SEG 16.141277 6.956865 8.1249774 16.170231 5.3422224 8.2258239 0.383292
SEG 16.170231 5.3422224 8.2258239 16.220168 3.7185022 8.0553156 0.383292
SEG 5.2441038 19.613312 7.9581512 6.8556072 19.611309 7.8471111 0.388526
SEG 6.8556072 19.611309 7.8471111 8.5228573 19.608943 7.7194141 0.388526
SEG 8.5228573 19.608943 7.7194141 10.406835 19.723837 7.8785142 0.388526
SEG 10.406835 19.723837 7.8785142 12.027371 19.602857 7.4584088 0.388526
SEG 12.027371 19.602857 7.4584088 13.740514 19.464718 7.5022425 0.388526
SEG 19.467612 13.740828 7.5021808 19.608587 12.028 7.4582807 0.388526
SEG 19.608587 12.028 7.4582807 19.726677 10.407149 7.8784494 0.388526
SEG 19.726677 10.407149 7.8784494 19.614584 8.5234858 7.7192864 0.388526
SEG 19.614584 8.5234858 7.7192864 19.616915 6.8562362 7.8469899 0.388526
SEG 19.616915 6.8562362 7.8469899 19.618889 5.2447334 7.9580402 0.388526
SEG 19.618889 5.2447334 7.9580402 19.620576 3.6676754 8.0429316 0.388526
SEG 19.620576 3.6676754 8.0429316 19.621981 2.1124413 8.0942007 0.388526
SEG 19.621981 2.1124413 8.0942007 19.622932 0.52712095 8.1123799 0.388526
SEG 22.986604 36.768072 8.2173916 22.668183 35.229071 8.1131104 0.387492
SEG 22.668183 35.229071 8.1131104 22.68402 33.624843 8.0138352 0.387492
SEG 28.53824 22.756754 7.6459343 30.271738 22.729087 7.7688589 0.387492
SEG 30.271738 22.729087 7.7688589 31.964851 22.706308 7.8947363 0.387492
SEG 31.964851 22.706308 7.8947363 33.606654 22.687448 8.0125888 0.387492
SEG 33.606654 22.687448 8.0125888 35.210867 22.671564 8.1121008 0.387492
SEG 35.210867 22.671564 8.1121008 36.757473 23.054255 8.2238746 0.387492
SEG 31.719775 19.544853 2.5440786 33.643654 19.273016 2.8284836 0.381266
SEG 33.643654 19.273016 2.8284836 35.518507 19.248329 3.2878124 0.381266
SEG 35.518507 19.248329 3.2878124 37.160264 19.357847 3.5818089 0.381266
SEG 36.500054 29.942169 9.1817105 35.035854 29.946452 8.9179834 0.342104
SEG 35.035854 29.946452 8.9179834 33.62134 30.15934 8.866849 0.342104
SEG 33.62134 30.15934 8.866849 32.199282 30.491738 8.811016 0.342104
SEG 32.199282 30.491738 8.811016 31.142497 31.29404 8.5547203 0.342104
SEG 31.142497 31.29404 8.5547203 30.370717 32.596879 8.8257282 0.342104
SEG 30.370717 32.596879 8.8257282 30.086151 34.013353 8.8815249 0.342104
SEG 4.8261108 8.1706382 13.411145 6.1654028 7.4334205 13.507171 0.344617
SEG 6.1654028 7.4334205 13.507171 6.792107 6.712283 13.329694 0.344617
SEG 6.792107 6.712283 13.329694 7.9168896 5.4571855 13.503972 0.344617
SEG 7.9168896 5.4571855 13.503972 8.5366259 4.2740163 13.495131 0.344617
SEG 8.5366259 4.2740163 13.495131 9.0432777 3.0111332 13.482376 0.344617
SEG 9.0432777 3.0111332 13.482376 9.4644593 1.6762396 13.468162 0.344617
SEG 9.4644593 1.6762396 13.468162 9.7464704 0.34468863 13.458961 0.344617
SEG 2.069051 6.4408433 9.342746 3.4054249 5.8869304 9.309366 0.316307
SEG 3.4054249 5.8869304 9.309366 4.4536413 4.6823578 9.3419835 0.316307
SEG 4.2431846 13.043968 12.997382 5.6103606 12.843275 13.004868 0.328402
SEG 5.6103606 12.843275 13.004868 6.9702 12.597641 13.007175 0.328402
SEG 6.9702 12.597641 13.007175 8.3094503 12.284594 13.005032 0.328402
SEG 8.3094503 12.284594 13.005032 9.6139096 11.84822 13.000347 0.328402
SEG 9.6139096 11.84822 13.000347 10.575064 11.059441 13.138197 0.328402
SEG 10.575064 11.059441 13.138197 11.650973 10.048019 12.998657 0.328402
SEG 11.650973 10.048019 12.998657 12.161552 8.7573844 13.003513 0.328402
SEG 12.161552 8.7573844 13.003513 12.508375 7.4202669 13.006791 0.328402
SEG 12.508375 7.4202669 13.006791 12.743596 6.2455978 13.13459 0.328402
SEG 12.743596 6.2455978 13.13459 12.984982 4.7102542 13.000416 0.328402
SEG 12.984982 4.7102542 13.000416 13.162874 3.3313224 12.989758 0.328402
SEG 13.162874 3.3313224 12.989758 13.308616 1.9139078 12.976285 0.328402
SEG 13.308616 1.9139078 12.976285 13.402846 0.44889095 12.965992 0.328402
SEG 3.647875 16.509856 12.59404 4.9842303 16.635318 12.773226 0.338767
SEG 4.9842303 16.635318 12.773226 6.3898663 16.558188 12.774345 0.338767
SEG 6.3898663 16.558188 12.774345 7.7989449 16.467083 12.76936 0.338767
SEG 7.7989449 16.467083 12.76936 9.1100143 16.386165 12.51923 0.338767
SEG 9.1100143 16.386165 12.51923 10.653187 16.219214 12.745801 0.338767
SEG 10.653187 16.219214 12.745801 12.083736 16.038717 12.730926 0.338767
SEG 12.083736 16.038717 12.730926 13.404119 16.017907 12.717693 0.338767
SEG 13.404119 16.017907 12.717693 14.879869 15.210936 12.707434 0.338767
SEG 14.879869 15.210936 12.707434 15.653784 13.947493 12.712991 0.338767
SEG 15.653784 13.947493 12.712991 15.975912 12.502666 12.726511 0.338767
SEG 15.975912 12.502666 12.726511 16.1773 11.05063 12.741633 0.338767
SEG 16.1773 11.05063 12.741633 16.324551 9.61627 12.755764 0.338767
SEG 16.324551 9.61627 12.755764 16.441233 8.1906557 12.766962 0.338767
SEG 16.441233 8.1906557 12.766962 16.671495 6.8380293 13.003168 0.338767
SEG 16.671495 6.8380293 13.003168 16.617617 5.3714908 12.774085 0.338767
SEG 16.617617 5.3714908 12.774085 16.476129 3.8293911 12.570547 0.338767
SEG 0.36963097 23.515707 3.8600258 1.6543649 23.505069 3.7765963 0.369556
SEG 1.6543649 23.505069 3.7765963 3.0757471 23.501341 3.4311831 0.369556
SEG 3.0757471 23.501341 3.4311831 4.7794404 23.401683 3.1528143 0.369556
SEG 4.7794404 23.401683 3.1528143 6.512927 23.285789 2.7176394 0.369556
SEG 6.512927 23.285789 2.7176394 8.3747225 23.100605 2.2586641 0.369556
SEG 8.3747225 23.100605 2.2586641 10.256459 23.188367 1.7071469 0.369556
SEG 23.507715 1.6523431 3.7765795 23.502664 3.0747468 3.4312384 0.369556
SEG 23.502664 3.0747468 3.4312384 23.404309 4.7774507 3.152976 0.369556
SEG 23.404309 4.7774507 3.152976 23.288364 6.5109286 2.7177802 0.369556
SEG 23.288364 6.5109286 2.7177802 23.103083 8.3726996 2.2587444 0.369556
SEG 23.103083 8.3726996 2.2587444 23.18936 10.255573 1.7071431 0.369556
SEG 2.1502296 24.086797 8.0800839 3.6875588 24.104407 8.0298882 0.357667
SEG 3.6875588 24.104407 8.0298882 5.2471043 24.125704 7.9471603 0.357667
SEG 5.2471043 24.125704 7.9471603 6.8052311 24.150272 7.8417252 0.357667
SEG 6.8052311 24.150272 7.8417252 8.3988636 24.179304 7.7220281 0.357667
SEG 8.3988636 24.179304 7.7220281 10.049729 24.214449 7.5964514 0.357667
SEG 10.049729 24.214449 7.5964514 11.749292 24.258478 7.4754053 0.357667
SEG 15.518808 26.335444 7.2846188 15.73776 28.157885 7.4684871 0.357667
SEG 15.73776 28.157885 7.4684871 15.783878 29.922948 7.5937309 0.357667
SEG 15.783878 29.922948 7.5937309 15.820057 31.622094 7.7229666 0.357667
SEG 15.820057 31.622094 7.7229666 15.849998 33.273197 7.8467437 0.357667
SEG 15.849998 33.273197 7.8467437 15.874911 34.867812 7.9535978 0.357667
SEG 15.874911 34.867812 7.9535978 15.895973 36.427471 8.0342241 0.357667
SEG 1.2541037 19.716436 12.575655 2.7330053 19.712877 12.586659 0.355079
SEG 2.7330053 19.712877 12.586659 4.1769134 19.708161 12.595291 0.355079
SEG 4.1769134 19.708161 12.595291 5.6011694 19.702568 12.597802 0.355079
SEG 5.6011694 19.702568 12.597802 7.0205872 19.696052 12.593484 0.355079
SEG 7.0205872 19.696052 12.593484 8.448321 19.688412 12.582993 0.355079
SEG 8.448321 19.688412 12.582993 9.8895862 19.679323 12.567795 0.355079
SEG 9.8895862 19.679323 12.567795 11.045083 19.756544 12.652743 0.355079
SEG 11.045083 19.756544 12.652743 12.836366 19.65429 12.530503 0.355079
SEG 12.836366 19.65429 12.530503 14.059514 19.491691 12.491159 0.355079
SEG 19.493111 13.564132 12.496976 19.654492 11.852536 12.542993 0.355079
SEG 19.654492 11.852536 12.542993 19.755806 10.56113 12.65875 0.355079
SEG 19.755806 10.56113 12.65875 19.676708 8.9380283 12.578083 0.355079
SEG 19.676708 8.9380283 12.578083 19.68504 7.5039816 12.590365 0.355079
SEG 19.68504 7.5039816 12.590365 19.692109 6.0812554 12.596899 0.355079
SEG 19.692109 6.0812554 12.596899 19.698159 4.6615227 12.596711 0.355079
SEG 19.698159 4.6615227 12.596711 19.703309 3.2293093 12.589985 0.355079
SEG 19.703309 3.2293093 12.589985 19.707424 1.7698306 12.579188 0.355079
SEG 22.353821 0.52715208 8.0276249 22.359722 2.1075531 8.0088078 0.387312
SEG 22.359722 2.1075531 8.0088078 22.368375 3.657709 7.9562395 0.387312
SEG 22.368375 3.657709 7.9562395 22.378702 5.2297369 7.8696344 0.387312
SEG 22.378702 5.2297369 7.8696344 22.390719 6.836303 7.7566326 0.387312
SEG 22.390719 6.836303 7.7566326 22.404781 8.4987979 7.6266984 0.387312
SEG 22.404781 8.4987979 7.6266984 22.421598 10.248836 7.4890648 0.387312
SEG 31.958126 17.627657 7.6652658 33.602468 17.640954 7.7915273 0.387312
SEG 32.937973 22.845916 13.188482 31.426559 22.831745 13.108525 0.360287
SEG 31.426559 22.831745 13.108525 29.988001 22.928833 13.099977 0.360287
SEG 29.988001 22.928833 13.099977 28.348638 22.91791 12.981661 0.360287
SEG 28.348638 22.91791 12.981661 27.073728 23.214253 13.07627 0.360287
SEG 27.073728 23.214253 13.07627 25.603737 23.464283 13.064757 0.360287
SEG 25.603737 23.464283 13.064757 24.219944 24.036884 13.057742 0.360287
SEG 24.219944 24.036884 13.057742 23.541782 25.364885 13.06328 0.360287
SEG 23.541782 25.364885 13.06328 23.267895 26.817071 13.074281 0.360287
SEG 23.267895 26.817071 13.074281 22.895068 28.151427 12.944921 0.360287
SEG 22.895068 28.151427 12.944921 22.917395 29.830849 13.170539 0.360287
SEG 22.917395 29.830849 13.170539 22.865844 31.124216 13.107154 0.360287
SEG 22.865844 31.124216 13.107154 22.783125 32.534101 13.112356 0.360287
SEG 22.783125 32.534101 13.112356 22.966582 33.994964 13.187941 0.360287
SEG 22.966582 33.994964 13.187941 22.652281 35.369236 13.106607 0.360287
SEG 22.652281 35.369236 13.106607 22.600251 36.821121 13.095384 0.360287
SEG 29.652409 14.216925 1.9531758 31.488718 13.606154 2.4025612 0.389091
SEG 31.488718 13.606154 2.4025612 33.368502 13.172253 2.877073 0.389091
SEG 33.368502 13.172253 2.877073 35.20707 12.900804 3.3322994 0.389091
SEG 35.20707 12.900804 3.3322994 36.925573 12.751781 3.7070303 0.389091
SEG 30.320766 23.213776 1.9577892 32.23703 23.482332 2.4087065 0.362648
SEG 32.23703 23.482332 2.4087065 34.07695 23.661117 2.8697713 0.362648
SEG 34.07695 23.661117 2.8697713 35.760505 23.769021 3.2865155 0.362648
SEG 35.760505 23.769021 3.2865155 37.255233 23.65088 3.61608 0.362648
SEG 37.255233 23.65088 3.61608 38.902441 23.861415 3.8363846 0.362648
SEG 14.198098 29.668546 1.9537973 13.586506 31.504419 2.4038474 0.389091
SEG 13.586506 31.504419 2.4038474 13.152136 33.383983 2.8788011 0.389091
SEG 13.152136 33.383983 2.8788011 12.880638 35.222526 3.3340998 0.389091
SEG 12.880638 35.222526 3.3340998 12.731773 36.941156 3.7083086 0.389091
SEG 23.197082 30.333054 1.9582575 23.463589 32.249526 2.4095067 0.362648
SEG 23.463589 32.249526 2.4095067 23.640927 34.089532 2.8707879 0.362648
SEG 23.640927 34.089532 2.8707879 23.748058 35.776052 3.2881997 0.362648
SEG 23.748058 35.776052 3.2881997 23.640081 37.263075 3.6166569 0.362648
SEG 23.640081 37.263075 3.6166569 23.839383 38.918332 3.8360863 0.362648
SEG 29.722365 37.414367 13.412884 30.081266 36.095235 13.427095 0.346158
SEG 30.081266 36.095235 13.427095 30.393036 34.817066 13.493833 0.346158
SEG 30.393036 34.817066 13.493833 31.071323 33.616126 13.445378 0.346158
SEG 31.071323 33.616126 13.445378 31.806974 32.51544 13.448481 0.346158
SEG 31.806974 32.51544 13.448481 32.770489 31.607508 13.448069 0.346158
SEG 32.770489 31.607508 13.448069 33.912512 30.920079 13.444006 0.346158
SEG 33.912512 30.920079 13.444006 35.159789 30.393482 13.435698 0.346158
SEG 35.159789 30.393482 13.435698 36.481426 29.968896 13.423093 0.346158
SEG 36.481426 29.968896 13.423093 37.868155 29.61832 13.407848 0.346158
SEG 33.438218 37.139359 9.343939 33.770892 35.907296 9.1290017 0.317853
SEG 33.770892 35.907296 9.1290017 34.462805 34.78417 9.1211047 0.317853
SEG 34.462805 34.78417 9.1211047 35.505096 33.968528 9.1255151 0.317853
SEG 35.505096 33.968528 9.1255151 36.952019 33.511289 9.3728382 0.317853
SEG 4.5811481 7.536502 17.701548 5.6177312 6.7001206 17.706256 0.332989
SEG 5.6177312 6.7001206 17.706256 6.5660628 5.7666949 17.706626 0.332989
SEG 6.5660628 5.7666949 17.706626 7.5062118 4.7305673 17.461012 0.332989
SEG 7.5062118 4.7305673 17.461012 8.1716739 3.6510604 17.695326 0.332989
SEG 8.1716739 3.6510604 17.695326 8.8643354 2.4901775 17.687801 0.332989
SEG 4.3014427 13.168033 16.928591 5.6041014 12.888953 16.952736 0.319498
SEG 5.6041014 12.888953 16.952736 6.8947227 12.558552 16.975545 0.319498
SEG 6.8947227 12.558552 16.975545 8.1468092 12.156628 16.994883 0.319498
SEG 8.1468092 12.156628 16.994883 9.3460233 11.633674 17.009249 0.319498
SEG 9.3460233 11.633674 17.009249 10.442447 11.012789 17.199325 0.319498
SEG 10.442447 11.012789 17.199325 11.291427 9.9262737 17.01403 0.319498
SEG 11.291427 9.9262737 17.01403 11.907319 8.7744811 17.003045 0.319498
SEG 11.907319 8.7744811 17.003045 12.323856 7.3290578 17.156774 0.319498
SEG 12.323856 7.3290578 17.156774 12.722386 6.2890319 16.96511 0.319498
SEG 12.722386 6.2890319 16.96511 13.023454 5.0047963 16.941645 0.319498
SEG 13.023454 5.0047963 16.941645 13.283527 3.698207 16.917671 0.319498
SEG 13.283527 3.698207 16.917671 13.511241 2.3494856 16.89575 0.319498
SEG 13.511241 2.3494856 16.89575 13.448064 0.67306931 16.775178 0.319498
SEG 3.7913351 16.589864 16.720417 5.2583245 16.756925 16.750963 0.320005
SEG 5.2583245 16.756925 16.750963 6.5950181 16.649913 16.778054 0.320005
SEG 6.5950181 16.649913 16.778054 7.9245195 16.527771 16.803183 0.320005
SEG 7.9245195 16.527771 16.803183 9.1214513 16.405449 16.654496 0.320005
SEG 16.426021 8.9344917 16.651541 16.562412 7.549931 16.79641 0.320005
SEG 16.562412 7.549931 16.79641 16.679877 6.2200201 16.770659 0.320005
SEG 16.679877 6.2200201 16.770659 16.783504 4.8774781 16.743248 0.320005
SEG 16.783504 4.8774781 16.743248 16.601657 3.5960464 16.716679 0.320005
SEG 16.601657 3.5960464 16.716679 16.954195 2.1287095 16.6921 0.320005
SEG 16.954195 2.1287095 16.6921 17.469757 0.63255394 16.735199 0.320005
SEG 0.36191434 28.218311 4.072103 1.613289 28.196183 4.0022587 0.361788
SEG 1.613289 28.196183 4.0022587 3.0417451 28.124445 3.790824 0.361788
SEG 3.0417451 28.124445 3.790824 4.5352533 27.987742 3.4781465 0.361788
SEG 4.5352533 27.987742 3.4781465 6.2259031 27.731262 3.069581 0.361788
SEG 6.2259031 27.731262 3.069581 8.0034083 27.306797 2.6191616 0.361788
SEG 8.0034083 27.306797 2.6191616 9.7854867 26.682882 2.1679702 0.361788
SEG 28.198857 1.6112645 4.002215 28.127152 3.0397398 3.7908997 0.361788
SEG 28.127152 3.0397398 3.7908997 27.991811 4.5216775 3.480935 0.361788
SEG 27.991811 4.5216775 3.480935 27.736157 6.2124959 3.0725499 0.361788
SEG 27.736157 6.2124959 3.0725499 27.312673 7.9902191 2.6220674 0.361788
SEG 27.312673 7.9902191 2.6220674 26.689809 9.772607 2.1706449 0.361788
SEG 4.1173549 23.909116 12.396682 5.5386304 23.989878 12.398079 0.335652
SEG 5.5386304 23.989878 12.398079 6.9589704 24.085538 12.392413 0.335652
SEG 6.9589704 24.085538 12.392413 8.3772555 24.199792 12.380632 0.335652
SEG 8.3772555 24.199792 12.380632 9.8044204 24.341186 12.364431 0.335652
SEG 9.8044204 24.341186 12.364431 11.242864 24.526322 12.346008 0.335652
SEG 11.242864 24.526322 12.346008 12.681299 24.793791 12.327982 0.335652
SEG 12.681299 24.793791 12.327982 14.079378 25.30747 12.314762 0.335652
SEG 14.079378 25.30747 12.314762 14.978704 26.506455 12.319149 0.335652
SEG 14.978704 26.506455 12.319149 15.34727 27.951526 12.335564 0.335652
SEG 15.34727 27.951526 12.335564 15.572853 29.415204 12.354442 0.335652
SEG 15.572853 29.415204 12.354442 15.735882 30.860019 12.372268 0.335652
SEG 15.735882 30.860019 12.372268 15.864065 32.29617 12.386794 0.335652
SEG 15.864065 32.29617 12.386794 15.968896 33.720043 12.395885 0.335652
SEG 15.968896 33.720043 12.395885 16.056784 35.137587 12.398218 0.335652
SEG 16.056784 35.137587 12.398218 16.131147 36.566192 12.393541 0.335652
SEG 16.131147 36.566192 12.393541 16.191538 38.02195 12.383697 0.335652
SEG 9.8297762 29.252457 8.074571 10.974957 30.153282 7.7983949 0.347784
SEG 10.974957 30.153282 7.7983949 11.224221 31.748152 7.8959612 0.347784
SEG 11.224221 31.748152 7.8959612 11.364619 33.320408 7.9969768 0.347784
SEG 11.364619 33.320408 7.9969768 11.465775 34.849589 8.0860423 0.347784
SEG 11.465775 34.849589 8.0860423 11.545144 36.343145 8.1533717 0.347784
SEG 11.545144 36.343145 8.1533717 11.607696 37.804508 8.1931143 0.347784
SEG 11.607696 37.804508 8.1931143 11.65153 39.304704 8.2068158 0.347784
SEG 4.9156605 19.731922 16.645795 6.2630397 19.723968 16.67355 0.326121
SEG 6.2630397 19.723968 16.67355 7.6047044 19.715001 16.699726 0.326121
SEG 7.6047044 19.715001 16.699726 8.9464469 19.704772 16.72332 0.326121
SEG 8.9464469 19.704772 16.72332 10.508031 19.769031 16.812728 0.326121
SEG 10.508031 19.769031 16.812728 11.645166 19.678741 16.761094 0.326121
SEG 11.645166 19.678741 16.761094 13.005892 19.661303 16.775158 0.326121
SEG 13.005892 19.661303 16.775158 14.374672 19.638789 16.786197 0.326121
SEG 14.374672 19.638789 16.786197 15.743306 19.607788 16.794407 0.326121
SEG 15.743306 19.607788 16.794407 17.122101 19.558999 16.800101 0.326121
SEG 17.122101 19.558999 16.800101 18.502729 19.448993 16.803418 0.326121
SEG 18.502729 19.448993 16.803418 19.533135 18.51824 16.803509 0.326121
SEG 19.533135 18.51824 16.803509 19.625071 17.132754 16.800178 0.326121
SEG 19.625071 17.132754 16.800178 19.666309 15.748373 16.794463 0.326121
SEG 19.666309 15.748373 16.794463 19.692712 14.36898 16.78618 0.326121
SEG 19.692712 14.36898 16.78618 19.711792 13.000148 16.775124 0.326121
SEG 19.711792 13.000148 16.775124 19.726605 11.639391 16.761045 0.326121
SEG 19.726605 11.639391 16.761045 19.791905 10.505133 16.812696 0.326121
SEG 19.791905 10.505133 16.812696 19.748745 8.9406377 16.723242 0.326121
SEG 19.748745 8.9406377 16.723242 19.757446 7.5988847 16.699636 0.326121
SEG 19.757446 7.5988847 16.699636 19.765075 6.2572118 16.67345 0.326121
SEG 19.765075 6.2572118 16.67345 19.771842 4.9098262 16.645692 0.326121
SEG 19.222896 22.303068 12.463218 19.313543 23.844021 12.473922 0.354963
SEG 19.313543 23.844021 12.473922 19.363965 25.386775 12.489184 0.354963
SEG 19.363965 25.386775 12.489184 19.398357 26.918567 12.507536 0.354963
SEG 19.398357 26.918567 12.507536 19.423509 28.399762 12.526774 0.354963
SEG 19.423509 28.399762 12.526774 19.443407 29.865099 12.545442 0.354963
SEG 19.443407 29.865099 12.545442 19.663354 31.088326 12.574211 0.354963
SEG 19.663354 31.088326 12.574211 19.473253 32.741814 12.573122 0.354963
SEG 19.473253 32.741814 12.573122 19.484796 34.161195 12.578781 0.354963
SEG 19.484796 34.161195 12.578781 19.494689 35.580906 12.577621 0.354963
SEG 19.494689 35.580906 12.577621 19.487742 36.75596 12.646104 0.354963
SEG 22.766679 0.52923999 12.340346 22.793967 1.9771065 12.570993 0.346118
SEG 22.793967 1.9771065 12.570993 23.068637 3.5045421 12.528875 0.346118
SEG 23.068637 3.5045421 12.528875 22.890405 4.8536944 12.587795 0.346118
SEG 22.890405 4.8536944 12.587795 22.952794 6.2635441 12.587317 0.346118
SEG 22.952794 6.2635441 12.587317 23.026337 7.6771916 12.580354 0.346118
SEG 23.026337 7.6771916 12.580354 23.114387 9.1012574 12.567997 0.346118
SEG 23.114387 9.1012574 12.567997 23.222596 10.535305 12.552026 0.346118
SEG 23.222596 10.535305 12.552026 23.362984 11.991034 12.534297 0.346118
SEG 23.362984 11.991034 12.534297 23.559872 13.455587 12.517037 0.346118
SEG 23.559872 13.455587 12.517037 23.909887 14.900471 12.503189 0.346118
SEG 23.909887 14.900471 12.503189 24.884462 16.02323 12.501464 0.346118
SEG 24.884462 16.02323 12.501464 26.323359 16.419408 12.514427 0.346118
SEG 26.323359 16.419408 12.514427 27.786273 16.62815 12.531392 0.346118
SEG 27.786273 16.62815 12.531392 29.241502 16.773617 12.5492 0.346118
SEG 29.241502 16.773617 12.5492 30.683392 16.885538 12.565616 0.346118
SEG 30.683392 16.885538 12.565616 32.107325 16.975619 12.578617 0.346118
SEG 32.107325 16.975619 12.578617 33.2158 17.082765 13.041337 0.346118
SEG 26.755828 0.47984293 7.7250978 26.791287 2.1821876 8.0697229 0.351577
SEG 26.791287 2.1821876 8.0697229 26.829631 3.6885752 8.0228392 0.351577
SEG 26.829631 3.6885752 8.0228392 26.876414 5.20733 7.9460326 0.351577
SEG 26.876414 5.20733 7.9460326 26.931758 6.72458 7.8480857 0.351577
SEG 26.931758 6.72458 7.8480857 27.000483 8.2779947 7.7369314 0.351577
SEG 27.000483 8.2779947 7.7369314 27.09271 9.8893282 7.6205724 0.351577
SEG 27.09271 9.8893282 7.6205724 27.247197 11.531315 7.5124394 0.351577
SEG 27.247197 11.531315 7.5124394 28.312705 12.848791 7.4957302 0.351577
SEG 28.312705 12.848791 7.4957302 30.038007 13.010468 7.6089416 0.351577
SEG 30.038007 13.010468 7.6089416 31.683947 13.101825 7.7281708 0.351577
SEG 31.683947 13.101825 7.7281708 33.296484 13.170661 7.8440437 0.351577
SEG 33.296484 13.170661 7.8440437 34.86123 13.225562 7.9449376 0.351577
SEG 34.86123 13.225562 7.9449376 36.390348 13.270803 8.0212911 0.351577
SEG 36.390348 13.270803 8.0212911 37.896818 13.307521 8.0667988 0.351577
SEG 37.896818 13.307521 8.0667988 39.4346 13.332345 8.0825072 0.351577
SEG 22.480189 39.582755 17.418981 22.522722 38.154618 17.432188 0.336548
SEG 22.522722 38.154618 17.432188 22.586092 36.773993 17.455734 0.336548
SEG 22.586092 36.773993 17.455734 22.66072 35.417576 17.484433 0.336548
SEG 22.66072 35.417576 17.484433 22.871806 34.073239 17.387749 0.336548
SEG 22.871806 34.073239 17.387749 22.83893 32.759164 17.544307 0.336548
SEG 22.83893 32.759164 17.544307 22.946934 31.439405 17.571944 0.336548
SEG 22.946934 31.439405 17.571944 23.073658 30.120492 17.596729 0.336548
SEG 23.073658 30.120492 17.596729 23.227461 28.802484 17.618127 0.336548
SEG 23.227461 28.802484 17.618127 23.425059 27.481569 17.635891 0.336548
SEG 23.425059 27.481569 17.635891 23.705967 26.169325 17.649584 0.336548
SEG 23.705967 26.169325 17.649584 24.202557 24.918702 17.657936 0.336548
SEG 24.202557 24.918702 17.657936 25.225835 24.049229 17.656402 0.336548
SEG 25.225835 24.049229 17.656402 26.498864 23.634561 17.646477 0.336548
SEG 26.498864 23.634561 17.646477 27.807303 23.382187 17.631807 0.336548
SEG 27.807303 23.382187 17.631807 28.99321 23.251308 17.456249 0.336548
SEG 28.99321 23.251308 17.456249 30.438354 23.051439 17.591005 0.336548
SEG 30.438354 23.051439 17.591005 31.756929 22.929369 17.565491 0.336548
SEG 31.756929 22.929369 17.565491 33.052466 22.761391 17.393671 0.336548
SEG 25.810214 39.335712 13.090859 25.89693 37.864497 13.102412 0.32744
SEG 25.89693 37.864497 13.102412 26.022656 36.439291 13.116227 0.32744
SEG 26.022656 36.439291 13.116227 26.173698 35.055089 13.126733 0.32744
SEG 26.173698 35.055089 13.126733 26.351693 33.698288 13.13222 0.32744
SEG 26.351693 33.698288 13.13222 26.567992 32.346221 13.132721 0.32744
SEG 26.567992 32.346221 13.132721 26.915147 30.834261 13.191977 0.32744
SEG 26.915147 30.834261 13.191977 27.238581 29.650384 13.123209 0.32744
SEG 27.238581 29.650384 13.123209 27.895224 28.400969 13.118495 0.32744
SEG 27.895224 28.400969 13.118495 28.993487 27.527102 13.120365 0.32744
SEG 28.993487 27.527102 13.120365 30.28005 27.037971 13.126166 0.32744
SEG 30.28005 27.037971 13.126166 31.617261 26.711831 13.131241 0.32744
SEG 31.617261 26.711831 13.131241 32.967728 26.466814 13.133111 0.32744
SEG 32.967728 26.466814 13.133111 34.32122 26.269713 13.130378 0.32744
SEG 34.32122 26.269713 13.130378 35.682957 26.105361 13.122551 0.32744
SEG 36.570379 8.3036759 4.0344483 38.045502 8.1838102 4.2499374 0.347532
SEG 38.045502 8.1838102 4.2499374 39.515821 8.038211 4.1117026 0.347532
SEG 8.2836675 36.585962 4.0357265 8.1643199 38.061275 4.2501975 0.347532
SEG 8.1643199 38.061275 4.2501975 8.0306133 39.522171 4.1113211 0.347532
SEG 26.917916 30.733016 2.3033882 27.484594 32.518053 2.7572493 0.345707
SEG 37.075722 30.093716 17.645826 35.862682 30.66125 17.659364 0.33314
SEG 35.862682 30.66125 17.659364 34.709873 31.306757 17.67192 0.33314
SEG 34.709873 31.306757 17.67192 33.636315 32.057906 17.680467 0.33314
SEG 33.636315 32.057906 17.680467 32.667152 32.937796 17.682886 0.33314
SEG 32.667152 32.937796 17.682886 31.823142 33.944991 17.67847 0.33314
SEG 31.823142 33.944991 17.67847 31.097597 35.058519 17.668349 0.33314
SEG 31.097597 35.058519 17.668349 30.60047 36.088603 17.406756 0.33314
SEG 30.60047 36.088603 17.406756 29.91245 37.502617 17.641739 0.33314
SEG 29.91245 37.502617 17.641739 29.406857 38.817688 17.632981 0.33314
SEG 4.7824187 8.327181 21.743602 5.9240955 7.6865551 21.756836 0.321864
SEG 5.9240955 7.6865551 21.756836 6.9315623 6.8589233 21.761888 0.321864
SEG 6.9315623 6.8589233 21.761888 7.7429733 5.8399056 21.756081 0.321864
SEG 7.7429733 5.8399056 21.756081 8.5808225 4.6421301 21.966231 0.321864
SEG 4.2293238 13.280861 21.082337 5.7978977 13.120085 21.086414 0.32725
SEG 5.7978977 13.120085 21.086414 6.8275677 12.798195 21.148182 0.32725
SEG 6.8275677 12.798195 21.148182 8.098247 12.478094 21.179704 0.32725
SEG 8.098247 12.478094 21.179704 9.3353983 12.058386 21.206348 0.32725
SEG 9.3353983 12.058386 21.206348 10.49064 11.447908 21.223468 0.32725
SEG 10.49064 11.447908 21.223468 11.433771 10.524686 21.258766 0.32725
SEG 11.433771 10.524686 21.258766 12.042017 9.3803641 21.207256 0.32725
SEG 12.042017 9.3803641 21.207256 12.479831 8.3156165 21.434236 0.32725
SEG 12.479831 8.3156165 21.434236 12.558008 6.7872435 21.174386 0.32725
SEG 12.558008 6.7872435 21.174386 13.050033 5.5959179 21.116359 0.32725
SEG 13.050033 5.5959179 21.116359 13.271584 4.2986845 21.084033 0.32725
SEG 3.9328698 16.807276 20.490819 5.2568526 16.719608 20.526555 0.31671
SEG 5.2568526 16.719608 20.526555 6.5725227 16.62024 20.56479 0.31671
SEG 6.5725227 16.62024 20.56479 7.8834689 16.506875 20.603159 0.31671
SEG 7.8834689 16.506875 20.603159 9.0480876 16.388232 20.548307 0.31671
SEG 9.0480876 16.388232 20.548307 10.500803 16.214853 20.67344 0.31671
SEG 10.500803 16.214853 20.67344 11.80306 16.012999 20.702715 0.31671
SEG 11.80306 16.012999 20.702715 13.143271 15.925381 20.929064 0.31671
SEG 13.143271 15.925381 20.929064 14.332815 15.263599 20.742356 0.31671
SEG 14.332815 15.263599 20.742356 15.272741 14.326782 20.74241 0.31671
SEG 15.272741 14.326782 20.74241 16.025896 13.170247 20.805777 0.31671
SEG 16.025896 13.170247 20.805777 16.019941 11.790263 20.702544 0.31671
SEG 16.019941 11.790263 20.702544 16.221352 10.484796 20.673138 0.31671
SEG 16.221352 10.484796 20.673138 16.3912 9.039645 20.548118 0.31671
SEG 16.3912 9.039645 20.548118 16.512328 7.8665359 20.602742 0.31671
SEG 16.512328 7.8665359 20.602742 16.625334 6.5555592 20.564355 0.31671
SEG 16.625334 6.5555592 20.564355 16.724414 5.2398668 20.52614 0.31671
SEG 16.724414 5.2398668 20.52614 16.811818 3.915865 20.490461 0.31671
SEG 16.811818 3.915865 20.490461 16.887463 2.5793164 20.460342 0.31671
SEG 16.887463 2.5793164 20.460342 16.946943 1.2247024 20.439616 0.31671
SEG 6.8952044 24.085481 16.490462 8.2206465 24.243388 16.513067 0.323051
SEG 8.2206465 24.243388 16.513067 9.5392588 24.431541 16.532498 0.323051
SEG 9.5392588 24.431541 16.532498 10.849667 24.665667 16.548423 0.323051
SEG 10.849667 24.665667 16.548423 12.14813 24.982507 16.560647 0.323051
SEG 12.14813 24.982507 16.560647 13.39628 25.480566 16.568472 0.323051
SEG 13.39628 25.480566 16.568472 14.392517 26.389218 16.569302 0.323051
SEG 14.392517 26.389218 16.569302 14.950752 27.616599 16.562493 0.323051
SEG 14.950752 27.616599 16.562493 15.291217 28.9131 16.550963 0.323051
SEG 15.291217 28.9131 16.550963 15.536966 30.226841 16.535622 0.323051
SEG 15.536966 30.226841 16.535622 15.731305 31.543699 16.516798 0.323051
SEG 15.731305 31.543699 16.516798 15.893186 32.865753 16.494741 0.323051
SEG 15.893186 32.865753 16.494741 16.032307 34.193262 16.470111 0.323051
SEG 16.032307 34.193262 16.470111 16.15443 35.531864 16.444083 0.323051
SEG 16.15443 35.531864 16.444083 16.26163 36.888853 16.418728 0.323051
SEG 16.26163 36.888853 16.418728 16.352478 38.28976 16.397316 0.323051
SEG 1.101984 27.507338 12.414306 2.5362279 27.645387 12.425824 0.329054
SEG 2.5362279 27.645387 12.425824 3.9290349 27.82756 12.435802 0.329054
SEG 3.9290349 27.82756 12.435802 5.2966286 28.049789 12.440596 0.329054
SEG 5.2966286 28.049789 12.440596 6.6542018 28.326765 12.439588 0.329054
SEG 6.6542018 28.326765 12.439588 7.9793275 28.68701 12.434119 0.329054
SEG 7.9793275 28.68701 12.434119 9.2535993 29.215639 12.42725 0.329054
SEG 9.2535993 29.215639 12.42725 10.336462 30.078037 12.424824 0.329054
SEG 10.336462 30.078037 12.424824 11.039237 31.270002 12.429951 0.329054
SEG 11.039237 31.270002 12.429951 11.482236 32.573937 12.436751 0.329054
SEG 11.482236 32.573937 12.436751 11.800893 33.911805 12.440605 0.329054
SEG 11.800893 33.911805 12.440605 12.050547 35.262841 12.43927 0.329054
SEG 12.050547 35.262841 12.43927 12.255468 36.64074 12.432107 0.329054
SEG 12.255468 36.64074 12.432107 12.421671 38.051594 12.42076 0.329054
SEG 12.421671 38.051594 12.42076 12.737143 39.502383 12.267395 0.329054
SEG 0.94792843 32.135143 8.4066896 2.3509452 32.298643 8.4024858 0.324326
SEG 2.3509452 32.298643 8.4024858 3.68629 32.524708 8.3815021 0.324326
SEG 3.68629 32.524708 8.3815021 5.005052 32.851117 8.3469252 0.324326
SEG 5.005052 32.851117 8.3469252 6.2266824 33.445809 8.3180524 0.324326
SEG 6.2266824 33.445809 8.3180524 6.9949755 34.561668 8.3348501 0.324326
SEG 6.9949755 34.561668 8.3348501 7.3783392 35.864965 8.3712033 0.324326
SEG 0.98844927 19.744141 20.362054 2.356201 19.739756 20.381571 0.318935
SEG 2.356201 19.739756 20.381571 3.7058612 19.733943 20.411538 0.318935
SEG 3.7058612 19.733943 20.411538 5.0361744 19.727208 20.447655 0.318935
SEG 5.0361744 19.727208 20.447655 6.3589994 19.719604 20.486908 0.318935
SEG 6.3589994 19.719604 20.486908 7.6782548 19.711039 20.526867 0.318935
SEG 7.6782548 19.711039 20.526867 8.9970958 19.701295 20.565683 0.318935
SEG 8.9970958 19.701295 20.565683 10.479823 19.767016 20.728654 0.318935
SEG 10.479823 19.767016 20.728654 11.643031 19.676646 20.634766 0.318935
SEG 11.643031 19.676646 20.634766 12.971997 19.66028 20.663325 0.318935
SEG 12.971997 19.66028 20.663325 14.020127 19.491658 20.708206 0.318935
SEG 14.020127 19.491658 20.708206 15.633631 19.611002 20.706097 0.318935
SEG 15.633631 19.611002 20.706097 16.970774 19.567528 20.720021 0.318935
SEG 16.970774 19.567528 20.720021 18.308193 19.47946 20.728778 0.318935
SEG 18.308193 19.47946 20.728778 19.471622 18.810699 20.730792 0.318935
SEG 19.471622 18.810699 20.730792 19.605307 17.47498 20.724035 0.318935
SEG 19.605307 17.47498 20.724035 19.651311 16.135481 20.711993 0.318935
SEG 19.651311 16.135481 20.711993 19.679504 14.797965 20.694859 0.318935
SEG 19.679504 14.797965 20.694859 19.541469 13.586048 20.69786 0.318935
SEG 19.541469 13.586048 20.69786 19.714929 12.132594 20.645846 0.318935
SEG 19.714929 12.132594 20.645846 19.785686 10.723677 20.734936 0.318935
SEG 19.785686 10.723677 20.734936 19.737738 9.4832753 20.579452 0.318935
SEG 19.737738 9.4832753 20.579452 19.746632 8.1637277 20.541438 0.318935
SEG 19.746632 8.1637277 20.541438 19.754403 6.8450152 20.501727 0.318935
SEG 19.754403 6.8450152 20.501727 19.761292 5.5222029 20.461916 0.318935
SEG 19.761292 5.5222029 20.461916 19.767417 4.1919306 20.42422 0.318935
SEG 19.767417 4.1919306 20.42422 19.772773 2.8498158 20.391529 0.318935
SEG 19.772773 2.8498158 20.391529 19.777114 1.4915318 20.367629 0.318935
SEG 5.4330017 21.642785 16.663427 6.778096 21.69441 16.690629 0.327635
SEG 6.778096 21.69441 16.690629 7.9523548 21.924979 16.547733 0.327635
SEG 7.9523548 21.924979 16.547733 9.4575326 21.820582 16.737949 0.327635
SEG 9.4575326 21.820582 16.737949 10.801475 21.900572 16.756967 0.327635
SEG 10.801475 21.900572 16.756967 12.151758 21.998504 16.772698 0.327635
SEG 12.151758 21.998504 16.772698 13.507891 22.124498 16.785212 0.327635
SEG 13.507891 22.124498 16.785212 14.866152 22.301943 16.794639 0.327635
SEG 14.866152 22.301943 16.794639 16.204302 22.616581 16.800858 0.327635
SEG 21.654165 5.4770063 16.664634 21.706334 6.8220807 16.691785 0.327635
SEG 21.706334 6.8220807 16.691785 21.907563 8.0006652 16.572335 0.327635
SEG 21.907563 8.0006652 16.572335 21.833876 9.500835 16.738906 0.327635
SEG 21.833876 9.500835 16.738906 21.914836 10.844721 16.757813 0.327635
SEG 21.914836 10.844721 16.757813 22.014072 12.19491 16.773433 0.327635
SEG 22.014072 12.19491 16.773433 22.142128 13.550851 16.785842 0.327635
SEG 22.142128 13.550851 16.785842 22.323675 14.908571 16.795163 0.327635
SEG 22.323675 14.908571 16.795163 22.649989 16.243922 16.801249 0.327635
SEG 22.649989 16.243922 16.801249 23.580189 17.259934 16.801695 0.327635
SEG 23.580189 17.259934 16.801695 24.907371 17.628864 16.796131 0.327635
SEG 24.907371 17.628864 16.796131 26.266812 17.823941 16.787219 0.327635
SEG 26.266812 17.823941 16.787219 27.622156 17.958215 16.775242 0.327635
SEG 27.622156 17.958215 16.775242 28.867054 18.011085 17.002395 0.327635
SEG 24.167972 3.5975563 16.618828 24.300198 4.9774107 16.645733 0.340985
SEG 24.300198 4.9774107 16.645733 24.449953 6.3303417 16.672317 0.340985
SEG 24.449953 6.3303417 16.672317 24.620124 7.6553194 16.696661 0.340985
SEG 24.620124 7.6553194 16.696661 24.820622 8.969973 16.718058 0.340985
SEG 24.820622 8.969973 16.718058 25.068619 10.276257 16.735964 0.340985
SEG 25.068619 10.276257 16.735964 25.396825 11.565424 16.749955 0.340985
SEG 25.396825 11.565424 16.749955 25.894859 12.80591 16.759195 0.340985
SEG 25.894859 12.80591 16.759195 26.758146 13.831805 16.76101 0.340985
SEG 26.758146 13.831805 16.76101 27.953137 14.448417 16.754151 0.340985
SEG 27.953137 14.448417 16.754151 29.23895 14.827224 16.741703 0.340985
SEG 29.23895 14.827224 16.741703 30.714157 15.046626 16.802816 0.340985
SEG 30.714157 15.046626 16.802816 31.857415 15.315976 16.704974 0.340985
SEG 31.857415 15.315976 16.704974 33.174322 15.49527 16.681707 0.340985
SEG 27.422497 0.45798359 12.385928 27.394414 1.9929998 12.598848 0.355432
SEG 27.394414 1.9929998 12.598848 27.565144 3.4449869 12.611209 0.355432
SEG 27.565144 3.4449869 12.611209 27.772352 4.8420885 12.619303 0.355432
SEG 27.772352 4.8420885 12.619303 28.022282 6.2031462 12.621662 0.355432
SEG 28.022282 6.2031462 12.621662 28.337636 7.5362786 12.618982 0.355432
SEG 28.337636 7.5362786 12.618982 28.768894 8.8299943 12.613315 0.355432
SEG 28.768894 8.8299943 12.613315 29.381697 10.023819 12.695132 0.355432
SEG 29.381697 10.023819 12.695132 30.490559 10.904444 12.610205 0.355432
SEG 30.490559 10.904444 12.610205 31.750614 11.449557 12.616058 0.355432
SEG 31.750614 11.449557 12.616058 33.067993 11.818577 12.620732 0.355432
SEG 33.067993 11.818577 12.620732 34.400207 12.097549 12.621312 0.355432
SEG 34.400207 12.097549 12.621312 35.756642 12.323584 12.616503 0.355432
SEG 35.756642 12.323584 12.616503 37.140159 12.511065 12.606499 0.355432
SEG 37.140159 12.511065 12.606499 38.571071 12.659727 12.594068 0.355432
SEG 30.806697 0.83787154 8.2685812 30.903204 2.2788573 8.2593662 0.333605
SEG 30.903204 2.2788573 8.2593662 31.037117 3.6764252 8.2286393 0.333605
SEG 31.037117 3.6764252 8.2286393 31.215169 5.0758425 8.1772412 0.333605
SEG 31.215169 5.0758425 8.1772412 31.473124 6.4622783 8.11425 0.333605
SEG 31.473124 6.4622783 8.11425 32.030715 7.802115 8.0643496 0.333605
SEG 32.030715 7.802115 8.0643496 33.334063 8.4889414 8.1039515 0.333605
SEG 33.334063 8.4889414 8.1039515 34.757081 8.7705352 8.169418 0.333605
SEG 34.757081 8.7705352 8.169418 36.155682 8.954277 8.2229646 0.333605
SEG 36.155682 8.954277 8.2229646 37.547897 9.0917324 8.2563627 0.333605
SEG 37.547897 9.0917324 8.2563627 38.98849 9.1936842 8.2680858 0.333605
SEG 36.247096 22.57268 21.66188 34.924177 22.626101 21.699406 0.326991
SEG 34.924177 22.626101 21.699406 33.605584 22.687655 21.740546 0.326991
SEG 33.605584 22.687655 21.740546 32.288542 22.75835 21.7827 0.326991
SEG 32.288542 22.75835 21.7827 30.971095 22.840505 21.823779 0.326991
SEG 30.971095 22.840505 21.823779 29.652215 22.93836 21.862135 0.326991
SEG 29.652215 22.93836 21.862135 28.237686 22.891714 22.072883 0.326991
SEG 28.237686 22.891714 22.072883 27.005571 23.219101 21.925959 0.326991
SEG 27.005571 23.219101 21.925959 25.690695 23.452059 21.949294 0.326991
SEG 25.690695 23.452059 21.949294 24.436126 23.914636 21.963641 0.326991
SEG 24.436126 23.914636 21.963641 23.658447 25.002089 21.958318 0.326991
SEG 23.658447 25.002089 21.958318 23.341531 26.297839 21.939115 0.326991
SEG 23.341531 26.297839 21.939115 23.149326 27.614513 21.912918 0.326991
SEG 23.149326 27.614513 21.912918 23.009713 28.935119 21.881184 0.326991
SEG 23.009713 28.935119 21.881184 22.900253 30.251803 21.844974 0.326991
SEG 22.900253 30.251803 21.844974 22.810017 31.568028 21.805268 0.326991
SEG 22.810017 31.568028 21.805268 22.733211 32.884962 21.763468 0.326991
SEG 22.733211 32.884962 21.763468 22.666539 34.204818 21.721401 0.326991
SEG 22.666539 34.204818 21.721401 22.608313 35.530631 21.681382 0.326991
SEG 22.608313 35.530631 21.681382 22.558195 36.865941 21.646325 0.326991
SEG 38.606923 25.517548 17.424948 37.231711 25.680202 17.443885 0.315453
SEG 37.231711 25.680202 17.443885 35.88784 25.874599 17.46882 0.315453
SEG 35.88784 25.874599 17.46882 34.568603 26.096196 17.495775 0.315453
SEG 34.568603 26.096196 17.495775 33.42314 26.500815 17.369685 0.315453
SEG 33.42314 26.500815 17.369685 31.998596 26.652101 17.546 0.315453
SEG 31.998596 26.652101 17.546 30.746763 27.029253 17.566196 0.315453
SEG 30.746763 27.029253 17.566196 29.702566 27.343264 17.419694 0.315453
SEG 29.702566 27.343264 17.419694 28.463735 28.371472 17.572402 0.315453
SEG 28.463735 28.371472 17.572402 27.662847 29.315097 17.583075 0.315453
SEG 27.662847 29.315097 17.583075 27.116221 30.50348 17.569614 0.315453
SEG 27.116221 30.50348 17.569614 26.718112 31.751965 17.550274 0.315453
SEG 26.718112 31.751965 17.550274 26.404814 33.024317 17.526934 0.315453
SEG 26.404814 33.024317 17.526934 25.902406 34.340568 17.37106 0.315453
SEG 25.902406 34.340568 17.37106 25.916873 35.618966 17.474249 0.315453
SEG 29.537798 37.489936 21.721402 29.844112 36.210243 21.741078 0.32387
SEG 29.844112 36.210243 21.741078 30.219255 34.957469 21.763972 0.32387
SEG 30.219255 34.957469 21.763972 30.692095 33.743145 21.785968 0.32387
SEG 30.692095 33.743145 21.785968 31.325734 32.605993 21.801774 0.32387
SEG 31.325734 32.605993 21.801774 32.19738 31.639305 21.804812 0.32387
SEG 32.19738 31.639305 21.804812 33.283322 30.918723 21.793211 0.32387
SEG 33.283322 30.918723 21.793211 34.498475 30.54894 21.75903 0.32387
SEG 0.96718888 9.469542 25.548516 2.2404721 9.5727844 25.570202 0.309251
SEG 2.2404721 9.5727844 25.570202 3.50848 9.7502777 25.605144 0.309251
SEG 3.50848 9.7502777 25.605144 4.7694182 10.011405 25.650146 0.309251
SEG 4.7694182 10.011405 25.650146 6.0186612 10.374249 25.702312 0.309251
SEG 6.0186612 10.374249 25.702312 7.2422745 10.85613 25.758699 0.309251
SEG 7.2422745 10.85613 25.758699 8.3354478 12.004248 25.794647 0.309251
SEG 8.3354478 12.004248 25.794647 9.5577236 12.189117 25.873056 0.309251
SEG 9.5577236 12.189117 25.873056 10.630891 13.014075 25.926316 0.309251
SEG 10.630891 13.014075 25.926316 11.642971 13.923208 25.974833 0.309251
SEG 11.642971 13.923208 25.974833 12.58646 14.908327 26.017535 0.309251
SEG 12.58646 14.908327 26.017535 13.278643 16.07457 26.161715 0.309251
SEG 13.278643 16.07457 26.161715 14.163976 17.136709 26.081973 0.309251
SEG 14.163976 17.136709 26.081973 14.671012 18.408111 26.100963 0.309251
SEG 14.671012 18.408111 26.100963 14.886515 19.760006 26.108901 0.309251
SEG 14.886515 19.760006 26.108901 14.782517 21.124944 26.105085 0.309251
SEG 14.782517 21.124944 26.105085 14.371774 22.43071 26.089849 0.309251
SEG 14.371774 22.43071 26.089849 13.717038 23.632545 26.064612 0.309251
SEG 13.717038 23.632545 26.064612 12.901159 24.73077 26.03109 0.309251
SEG 12.901159 24.73077 26.03109 11.982337 25.743122 25.99053 0.309251
SEG 11.982337 25.743122 25.99053 11.067691 26.551493 25.787093 0.309251
SEG 11.067691 26.551493 25.787093 9.9353877 27.541365 25.891879 0.309251
SEG 9.9353877 27.541365 25.891879 8.7684178 28.527157 25.869606 0.309251
SEG 8.7684178 28.527157 25.869606 7.6406506 28.961574 25.777835 0.309251
SEG 7.6406506 28.961574 25.777835 6.4137959 29.49186 25.719991 0.309251
SEG 6.4137959 29.49186 25.719991 5.1552274 29.89618 25.665517 0.309251
SEG 5.1552274 29.89618 25.665517 3.8804331 30.190385 25.617453 0.309251
SEG 3.8804331 30.190385 25.617453 2.6035217 30.39279 25.579 0.309251
SEG 2.6035217 30.39279 25.579 1.3256612 30.517681 25.553153 0.309251
SEG 1.3256612 30.517681 25.553153 0.3253999 31.054034 25.729221 0.309251
SEG 6.5286837 1.9591376 25.565989 6.7337984 3.3339329 25.380764 0.312955
SEG 6.7337984 3.3339329 25.380764 7.1172909 4.5545332 25.425461 0.312955
SEG 7.1172909 4.5545332 25.425461 7.6434389 5.7390663 25.478632 0.312955
SEG 7.6434389 5.7390663 25.478632 8.2900164 6.8621835 25.536279 0.312955
SEG 8.2900164 6.8621835 25.536279 9.0315008 7.937579 25.595953 0.312955
SEG 9.0315008 7.937579 25.595953 9.8435767 8.9790659 25.655645 0.312955
SEG 9.8435767 8.9790659 25.655645 10.70973 10.001353 25.713869 0.312955
SEG 10.70973 10.001353 25.713869 11.614529 11.00702 25.769066 0.312955
SEG 11.614529 11.00702 25.769066 12.560486 12.325194 25.913583 0.312955
SEG 12.560486 12.325194 25.913583 13.497301 12.971954 25.865832 0.312955
SEG 13.497301 12.971954 25.865832 14.469928 13.931142 25.906133 0.312955
SEG 14.469928 13.931142 25.906133 15.466324 14.868949 25.940478 0.312955
SEG 15.466324 14.868949 25.940478 16.497009 15.769816 25.968588 0.312955
SEG 16.497009 15.769816 25.968588 17.589695 16.594794 25.99005 0.312955
SEG 17.589695 16.594794 25.99005 18.804136 17.226674 26.003961 0.312955
SEG 18.804136 17.226674 26.003961 20.156613 17.437357 26.008215 0.312955
SEG 20.156613 17.437357 26.008215 21.486715 17.114433 26.001602 0.312955
SEG 21.486715 17.114433 26.001602 22.666157 16.419839 25.985821 0.312955
SEG 22.666157 16.419839 25.985821 23.741492 15.572649 25.962823 0.312955
SEG 23.741492 15.572649 25.962823 24.762798 14.661024 25.933296 0.312955
SEG 24.762798 14.661024 25.933296 25.75322 13.71633 25.897541 0.312955
SEG 25.75322 13.71633 25.897541 26.722252 12.751716 25.855884 0.312955
SEG 26.722252 12.751716 25.855884 27.672111 11.770284 25.808681 0.312955
SEG 27.672111 11.770284 25.808681 28.599949 10.774514 25.756563 0.312955
SEG 28.599949 10.774514 25.756563 29.50656 9.7754677 25.87232 0.312955
SEG 29.50656 9.7754677 25.87232 30.363896 8.7252935 25.641017 0.312955
SEG 30.363896 8.7252935 25.641017 31.17148 7.6618679 25.58033 0.312955
SEG 31.17148 7.6618679 25.58033 31.899209 6.5598171 25.520161 0.312955
SEG 31.899209 6.5598171 25.520161 32.51656 5.4138722 25.463161 0.312955
SEG 32.51656 5.4138722 25.463161 33.000279 4.2232898 25.412271 0.312955
SEG 33.000279 4.2232898 25.412271 33.346119 2.9973072 25.37046 0.312955
SEG 33.346119 2.9973072 25.37046 33.565848 1.7583574 25.340654 0.312955
SEG 33.565848 1.7583574 25.340654 33.625107 0.50248669 25.277798 0.312955
SEG 2.4783506 13.957966 24.993509 4.08447 13.772296 25.02789 0.314832
SEG 4.08447 13.772296 25.02789 5.3895821 13.869141 25.072806 0.314832
SEG 5.3895821 13.869141 25.072806 6.7010443 14.007328 25.122251 0.314832
SEG 6.7010443 14.007328 25.122251 8.0153447 14.204643 25.173477 0.314832
SEG 8.0153447 14.204643 25.173477 9.3238436 14.486106 25.224234 0.314832
SEG 13.396253 2.9062994 24.884414 13.462565 4.2096312 24.922223 0.31452
SEG 13.462565 4.2096312 24.922223 13.557824 5.5157354 24.967266 0.31452
SEG 13.557824 5.5157354 24.967266 13.693186 6.8251413 25.016465 0.31452
SEG 13.693186 6.8251413 25.016465 13.886597 8.1389436 25.067344 0.31452
SEG 13.886597 8.1389436 25.067344 14.163034 9.4527057 25.117885 0.31452
SEG 14.163034 9.4527057 25.117885 14.218495 10.809969 25.252303 0.31452
SEG 0.33098797 23.504528 20.10336 1.3849657 23.649912 20.504647 0.327064
SEG 1.3849657 23.649912 20.504647 2.7569276 23.726931 20.526841 0.327064
SEG 2.7569276 23.726931 20.526841 4.1080922 23.822717 20.558019 0.327064
SEG 4.1080922 23.822717 20.558019 5.440792 23.932598 20.594116 0.327064
SEG 5.440792 23.932598 20.594116 6.7604294 24.057297 20.632133 0.327064
SEG 6.7604294 24.057297 20.632133 8.0704194 24.200649 20.669758 0.327064
SEG 8.0704194 24.200649 20.669758 9.3748947 24.370369 20.70525 0.327064
SEG 9.3748947 24.370369 20.70525 10.673858 24.57985 20.737168 0.327064
SEG 10.673858 24.57985 20.737168 11.962303 24.857083 20.764133 0.327064
SEG 11.962303 24.857083 20.764133 13.214254 25.280036 20.783874 0.327064
SEG 13.214254 25.280036 20.783874 14.282948 26.061093 20.790151 0.327064
SEG 14.282948 26.061093 20.790151 14.898841 27.232828 20.777793 0.327064
SEG 14.898841 27.232828 20.777793 15.253374 28.506079 20.75499 0.327064
SEG 15.253374 28.506079 20.75499 15.630336 29.984215 20.887749 0.327064
SEG 15.630336 29.984215 20.887749 15.693865 31.104301 20.692549 0.327064
SEG 15.693865 31.104301 20.692549 15.852768 32.410297 20.6561 0.327064
SEG 15.852768 32.410297 20.6561 15.988197 33.718711 20.618243 0.327064
SEG 15.988197 33.718711 20.618243 16.106369 35.031543 20.580957 0.327064
SEG 16.106369 35.031543 20.580957 16.210501 36.358361 20.546559 0.327064
SEG 16.210501 36.358361 20.546559 16.299749 37.700238 20.518332 0.327064
SEG 16.299749 37.700238 20.518332 16.367284 39.062692 20.500287 0.327064
SEG 1.1777927 26.994026 16.387355 2.5471083 27.214956 16.403057 0.319791
SEG 2.5471083 27.214956 16.403057 3.8785903 27.483065 16.423929 0.319791
SEG 3.8785903 27.483065 16.423929 5.1760709 27.792425 16.445854 0.319791
SEG 5.1760709 27.792425 16.445854 6.458224 28.160256 16.466463 0.319791
SEG 6.458224 28.160256 16.466463 7.6968623 28.608803 16.483549 0.319791
SEG 7.6968623 28.608803 16.483549 8.8708271 29.191547 16.495513 0.319791
SEG 8.8708271 29.191547 16.495513 9.9112685 29.982245 16.500303 0.319791
SEG 9.9112685 29.982245 16.500303 10.72914 30.999724 16.496488 0.319791
SEG 10.72914 30.999724 16.496488 11.330041 32.160128 16.485264 0.319791
SEG 11.330041 32.160128 16.485264 11.789053 33.387712 16.46876 0.319791
SEG 11.789053 33.387712 16.46876 12.161324 34.651327 16.44871 0.319791
SEG 0.70278283 30.707883 12.471405 2.0993439 31.023228 12.483549 0.322144
SEG 2.0993439 31.023228 12.483549 3.4768442 31.565215 12.28959 0.322144
SEG 3.4768442 31.565215 12.28959 4.6601294 31.956434 12.505328 0.322144
SEG 4.6601294 31.956434 12.505328 5.8289488 32.625806 12.509981 0.322144
SEG 5.8289488 32.625806 12.509981 6.8347487 33.495739 12.510989 0.322144
SEG 6.8347487 33.495739 12.510989 7.6263373 34.561221 12.508861 0.322144
SEG 7.6263373 34.561221 12.508861 8.2324321 35.753157 12.502788 0.322144
SEG 0.31755134 34.915935 8.5914466 1.4682275 35.281968 8.6045031 0.317442
SEG 1.4682275 35.281968 8.6045031 2.5212752 35.9567 8.53081 0.317442
SEG 2.5212752 35.9567 8.53081 3.6418273 36.771931 8.6150348 0.317442
SEG 3.6418273 36.771931 8.6150348 4.3925901 37.859183 8.6105878 0.317442
SEG 4.3925901 37.859183 8.6105878 4.9365348 39.102742 8.5976155 0.317442
SEG 0.95362531 19.740783 24.329594 2.2771221 19.741127 24.350318 0.317882
SEG 2.2771221 19.741127 24.350318 3.5961606 19.741686 24.383563 0.317882
SEG 3.5961606 19.741686 24.383563 4.9095286 19.742509 24.425242 0.317882
SEG 4.9095286 19.742509 24.425242 6.2283092 19.743714 24.472039 0.317882
SEG 6.2283092 19.743714 24.472039 7.5541008 19.745467 24.52084 0.317882
SEG 7.5541008 19.745467 24.52084 8.8908104 19.747992 24.569124 0.317882
SEG 8.8908104 19.747992 24.569124 10.349908 19.787791 24.716149 0.317882
SEG 10.349908 19.787791 24.716149 11.582271 19.756503 24.655811 0.317882
SEG 11.582271 19.756503 24.655811 12.934625 19.763304 24.691626 0.317882
SEG 4.1063249 21.685204 20.438151 5.4351535 21.730121 20.475305 0.320325
SEG 5.4351535 21.730121 20.475305 6.7563117 21.780776 20.514683 0.320325
SEG 6.7563117 21.780776 20.514683 7.8831668 21.974191 20.449276 0.320325
SEG 7.8831668 21.974191 20.449276 9.3901166 21.904114 20.591723 0.320325
SEG 9.3901166 21.904114 20.591723 10.710079 21.981847 20.626496 0.320325
SEG 10.710079 21.981847 20.626496 12.032531 22.076293 20.65739 0.320325
SEG 12.032531 22.076293 20.65739 13.356735 22.196421 20.683728 0.320325
SEG 13.356735 22.196421 20.683728 14.679624 22.362651 20.704936 0.320325
SEG 14.679624 22.362651 20.704936 15.986043 22.640158 20.720131 0.320325
SEG 15.986043 22.640158 20.720131 17.089341 23.395242 20.724399 0.320325
SEG 17.089341 23.395242 20.724399 17.514978 24.66258 20.713304 0.320325
SEG 17.514978 24.66258 20.713304 17.723006 25.981225 20.69494 0.320325
SEG 17.723006 25.981225 20.69494 17.862609 27.305396 20.671096 0.320325
SEG 17.862609 27.305396 20.671096 17.968657 28.628883 20.642412 0.320325
SEG 17.968657 28.628883 20.642412 18.219297 29.940505 20.842888 0.320325
SEG 18.219297 29.940505 20.842888 18.125672 31.267435 20.573148 0.320325
SEG 18.125672 31.267435 20.573148 18.187204 32.584038 20.534449 0.320325
SEG 18.187204 32.584038 20.534449 18.24118 33.902843 20.494836 0.320325
SEG 18.24118 33.902843 20.494836 18.289018 35.22731 20.456252 0.320325
SEG 18.289018 35.22731 20.456252 18.331251 36.561588 20.421256 0.320325
SEG 21.735004 11.429544 20.645859 21.82482 12.754896 20.674588 0.32049
SEG 21.82482 12.754896 20.674588 21.942219 14.081219 20.698513 0.32049
SEG 21.942219 14.081219 20.698513 22.111862 15.405344 20.717181 0.32049
SEG 22.111862 15.405344 20.717181 22.433933 16.70379 20.729546 0.32049
SEG 22.433933 16.70379 20.729546 23.433021 17.593547 20.728413 0.32049
SEG 23.433021 17.593547 20.728413 24.738282 17.886744 20.71526 0.32049
SEG 24.738282 17.886744 20.71526 26.063102 18.050807 20.696017 0.32049
SEG 26.063102 18.050807 20.696017 27.389601 18.166095 20.671565 0.32049
SEG 27.389601 18.166095 20.671565 28.766357 18.10093 20.853019 0.32049
SEG 28.766357 18.10093 20.853019 30.037674 18.326774 20.608968 0.32049
SEG 30.037674 18.326774 20.608968 31.35517 18.387156 20.572287 0.32049
SEG 31.35517 18.387156 20.572287 32.672172 18.43927 20.533332 0.32049
SEG 32.672172 18.43927 20.533332 33.991282 18.48509 20.49359 0.32049
SEG 33.991282 18.48509 20.49359 35.315989 18.525768 20.455043 0.32049
SEG 35.315989 18.525768 20.455043 36.65046 18.561661 20.420339 0.32049
SEG 19.757837 1.4518151 24.15631 19.75797 2.7702775 24.181961 0.317768
SEG 19.75797 2.7702775 24.181961 19.758176 4.0894016 24.218677 0.317768
SEG 19.758176 4.0894016 24.218677 19.75852 5.4117132 24.262653 0.317768
SEG 19.75852 5.4117132 24.262653 19.759102 6.7338982 24.310285 0.317768
SEG 19.759102 6.7338982 24.310285 19.760053 8.0609233 24.358764 0.317768
SEG 19.760053 8.0609233 24.358764 19.76154 9.3933874 24.405707 0.317768
SEG 19.76154 9.3933874 24.405707 19.802963 10.631578 24.658982 0.317768
SEG 19.802963 10.631578 24.658982 19.767047 12.089764 24.488638 0.317768
SEG 19.767047 12.089764 24.488638 19.553684 13.550802 24.631662 0.317768
SEG 24.072628 0.50978862 20.841418 24.052177 2.069262 20.752519 0.326794
SEG 24.052177 2.069262 20.752519 24.14545 3.4206348 20.779465 0.326794
SEG 24.14545 3.4206348 20.779465 24.256121 4.7553565 20.813349 0.326794
SEG 24.256121 4.7553565 20.813349 24.382895 6.0770567 20.850695 0.326794
SEG 24.382895 6.0770567 20.850695 24.325608 7.3323037 21.079643 0.326794
SEG 24.325608 7.3323037 21.079643 24.698707 8.6917268 20.925622 0.326794
SEG 24.698707 8.6917268 20.925622 24.906343 9.989209 20.959452 0.326794
SEG 24.906343 9.989209 20.959452 25.17581 11.276579 20.988706 0.326794
SEG 25.17581 11.276579 20.988706 25.535338 12.315396 21.200597 0.326794
SEG 25.535338 12.315396 21.200597 26.25222 13.665498 21.021869 0.326794
SEG 26.25222 13.665498 21.021869 27.355453 14.390705 21.012935 0.326794
SEG 27.355453 14.390705 21.012935 28.612746 14.79828 20.991035 0.326794
SEG 28.612746 14.79828 20.991035 29.901339 15.075172 20.962187 0.326794
SEG 29.901339 15.075172 20.962187 31.087588 15.121427 20.875669 0.326794
SEG 31.087588 15.121427 20.875669 32.503381 15.459821 20.891995 0.326794
SEG 32.503381 15.459821 20.891995 33.81006 15.606639 20.854035 0.326794
SEG 33.81006 15.606639 20.854035 35.122774 15.734111 20.816771 0.326794
SEG 35.122774 15.734111 20.816771 36.445959 15.845384 20.782724 0.326794
SEG 36.445959 15.845384 20.782724 37.782076 15.939767 20.755143 0.326794
SEG 37.782076 15.939767 20.755143 39.403721 16.074084 20.812492 0.326794
SEG 27.841976 3.317504 16.605257 28.173263 4.6167658 16.626501 0.321065
SEG 28.173263 4.6167658 16.626501 28.952987 5.8218089 16.662399 0.321065
SEG 28.952987 5.8218089 16.662399 29.035723 7.1358059 16.665092 0.321065
SEG 29.035723 7.1358059 16.665092 29.632392 8.3027089 16.677752 0.321065
SEG 29.632392 8.3027089 16.677752 30.418154 9.344026 16.683198 0.321065
SEG 30.418154 9.344026 16.683198 31.413214 10.184934 16.679941 0.321065
SEG 31.413214 10.184934 16.679941 32.550774 10.823393 16.668994 0.321065
SEG 32.550774 10.823393 16.668994 33.763772 11.319579 16.652542 0.321065
SEG 33.763772 11.319579 16.652542 35.023178 11.725688 16.632549 0.321065
SEG 35.023178 11.725688 16.632549 36.31847 12.072162 16.611168 0.321065
SEG 32.730725 3.0838816 12.664062 33.432934 4.2918821 12.673547 0.349448
SEG 33.432934 4.2918821 12.673547 34.277598 5.3593418 12.677506 0.349448
SEG 34.277598 5.3593418 12.677506 35.274582 6.2571363 12.675774 0.349448
SEG 35.274582 6.2571363 12.675774 36.373853 6.7160153 12.533643 0.349448
SEG 36.373853 6.7160153 12.533643 37.635415 7.607254 12.65691 0.349448
SEG 37.635415 7.607254 12.65691 38.963877 8.1130023 12.643933 0.349448
SEG 35.871598 2.1848432 8.5005439 36.516102 3.0837916 8.5586357 0.347815
SEG 36.516102 3.0837916 8.5586357 37.530514 3.9595048 8.5564818 0.347815
SEG 37.530514 3.9595048 8.5564818 38.728085 4.6026545 8.5456101 0.347815
SEG 39.686511 16.727851 25.502009 38.647638 16.736449 25.510431 0.313392
SEG 38.647638 16.736449 25.510431 37.343839 16.76404 25.536208 0.313392
SEG 37.343839 16.76404 25.536208 36.032739 16.810572 25.574095 0.313392
SEG 36.032739 16.810572 25.574095 34.712787 16.88253 25.620267 0.313392
SEG 34.712787 16.88253 25.620267 33.433461 16.915442 25.405573 0.313392
SEG 33.433461 16.915442 25.405573 32.048713 17.178463 25.723317 0.313392
SEG 32.048713 17.178463 25.723317 30.733602 17.503683 25.773887 0.313392
SEG 30.733602 17.503683 25.773887 29.517255 18.114129 25.819128 0.313392
SEG 29.517255 18.114129 25.819128 28.694081 19.203212 25.849217 0.313392
SEG 28.694081 19.203212 25.849217 28.860402 20.556838 25.844732 0.313392
SEG 28.860402 20.556838 25.844732 29.809375 21.532797 25.811313 0.313392
SEG 29.809375 21.532797 25.811313 31.081995 21.997672 25.764701 0.313392
SEG 31.081995 21.997672 25.764701 32.409512 22.221553 25.714025 0.313392
SEG 32.409512 22.221553 25.714025 33.739017 22.346436 25.662504 0.313392
SEG 33.739017 22.346436 25.662504 35.053835 22.422627 25.613281 0.313392
SEG 35.053835 22.422627 25.613281 36.360964 22.471711 25.569333 0.313392
SEG 36.360964 22.471711 25.569333 37.765549 22.453999 25.219641 0.313392
SEG 25.620708 39.683945 21.59915 25.669801 38.517584 21.607233 0.315935
SEG 25.669801 38.517584 21.607233 25.772671 37.185579 21.628721 0.315935
SEG 25.772671 37.185579 21.628721 25.902802 35.866757 21.658797 0.315935
SEG 25.902802 35.866757 21.658797 26.056446 34.557713 21.693912 0.315935
SEG 26.056446 34.557713 21.693912 26.237372 33.256032 21.731043 0.315935
SEG 26.237372 33.256032 21.731043 26.45507 31.962579 21.767557 0.315935
SEG 26.45507 31.962579 21.767557 26.730408 30.679056 21.801099 0.315935
SEG 26.730408 30.679056 21.801099 27.113388 29.422523 21.8287 0.315935
SEG 27.113388 29.422523 21.8287 27.732791 28.262298 21.844765 0.315935
SEG 27.732791 28.262298 21.844765 28.746758 27.421917 21.839697 0.315935
SEG 28.746758 27.421917 21.839697 29.965435 26.931363 21.817504 0.315935
SEG 29.965435 26.931363 21.817504 31.236818 26.604227 21.7869 0.315935
SEG 31.236818 26.604227 21.7869 32.526094 26.357449 21.751754 0.315935
SEG 32.526094 26.357449 21.751754 33.822601 26.157395 21.714707 0.315935
SEG 33.822601 26.157395 21.714707 35.127497 25.988995 21.678131 0.315935
SEG 35.127497 25.988995 21.678131 36.440872 25.845611 21.644835 0.315935
SEG 36.440872 25.845611 21.644835 37.765655 25.726216 21.618061 0.315935
SEG 37.765655 25.726216 21.618061 39.105432 25.639569 21.601522 0.315935
SEG 15.890415 37.822604 25.185256 15.926635 36.548423 25.462639 0.314371
SEG 15.926635 36.548423 25.462639 15.999402 35.234316 25.505814 0.314371
SEG 15.999402 35.234316 25.505814 16.109615 33.912756 25.554997 0.314371
SEG 16.109615 33.912756 25.554997 16.280396 32.587511 25.606861 0.314371
SEG 16.280396 32.587511 25.606861 16.55802 31.265754 25.658734 0.314371
SEG 16.55802 31.265754 25.658734 17.022227 29.986584 25.707782 0.314371
SEG 17.022227 29.986584 25.707782 17.761259 28.841084 25.750204 0.314371
SEG 17.761259 28.841084 25.750204 18.884517 28.062892 25.77859 0.314371
SEG 18.884517 28.062892 25.77859 20.216797 28.362168 25.772057 0.314371
SEG 20.216797 28.362168 25.772057 21.311363 29.175354 25.744975 0.314371
SEG 21.311363 29.175354 25.744975 21.94242 30.378157 25.702204 0.314371
SEG 21.94242 30.378157 25.702204 22.238788 31.696111 25.653098 0.314371
SEG 22.238788 31.696111 25.653098 22.395431 33.023607 25.601973 0.314371
SEG 22.395431 33.023607 25.601973 22.488989 34.347376 25.551287 0.314371
SEG 22.488989 34.347376 25.551287 22.548556 35.65804 25.504278 0.314371
SEG 22.548556 35.65804 25.504278 22.587553 36.961613 25.464186 0.314371
SEG 22.587553 36.961613 25.464186 22.50815 37.991483 25.187756 0.314371
SEG 10.729691 37.227413 25.592026 10.909422 35.942547 25.631648 0.309995
SEG 10.909422 35.942547 25.631648 11.170646 34.65743 25.680153 0.309995
SEG 11.170646 34.65743 25.680153 11.536313 33.381461 25.734447 0.309995
SEG 11.536313 33.381461 25.734447 12.02797 32.134095 25.7914 0.309995
SEG 12.02797 32.134095 25.7914 12.655463 30.937398 25.848044 0.309995
SEG 12.655463 30.937398 25.848044 13.412814 29.809233 25.901841 0.309995
SEG 13.412814 29.809233 25.901841 14.284826 28.762987 25.95084 0.309995
SEG 14.284826 28.762987 25.95084 15.261171 27.807527 25.993801 0.309995
SEG 15.261171 27.807527 25.993801 16.341849 26.969721 26.029514 0.309995
SEG 16.341849 26.969721 26.029514 17.537189 26.304102 26.056516 0.309995
SEG 17.537189 26.304102 26.056516 18.840397 25.886044 26.072955 0.309995
SEG 18.840397 25.886044 26.072955 20.204498 25.774118 26.077318 0.309995
SEG 20.204498 25.774118 26.077318 21.557482 25.981258 26.069225 0.309995
SEG 21.557482 25.981258 26.069225 22.830605 26.482796 26.049372 0.309995
SEG 22.830605 26.482796 26.049372 23.989498 27.208797 26.019539 0.309995
SEG 23.989498 27.208797 26.019539 25.037324 28.085146 25.981565 0.309995
SEG 25.037324 28.085146 25.981565 25.98175 29.066721 25.93679 0.309995
SEG 25.98175 29.066721 25.93679 26.81816 30.134059 25.886414 0.309995
SEG 26.81816 30.134059 25.886414 27.532198 31.274745 25.832033 0.309995
SEG 27.532198 31.274745 25.832033 27.823455 32.535882 25.879195 0.309995
SEG 27.823455 32.535882 25.879195 28.568956 33.729165 25.719333 0.309995
SEG 28.568956 33.729165 25.719333 28.901533 34.997531 25.666828 0.309995
SEG 28.901533 34.997531 25.666828 29.137583 36.270201 25.62088 0.309995
SEG 29.137583 36.270201 25.62088 29.2988 37.547409 25.584282 0.309995
SEG 37.438286 34.319993 21.595551 36.413992 35.158793 21.593456 0.321379
SEG 26.173304 16.05876 25.939969 25.425377 17.205228 25.967497 0.312241
SEG 25.425377 17.205228 25.967497 24.888869 18.464655 25.985982 0.312241
SEG 24.888869 18.464655 25.985982 24.665129 19.815197 25.993486 0.312241
SEG 24.665129 19.815197 25.993486 24.795699 21.177953 25.989125 0.312241
SEG 24.795699 21.177953 25.989125 25.256492 22.467042 25.973437 0.312241
SEG 25.256492 22.467042 25.973437 25.956463 23.643246 25.948191 0.312241
SEG 25.956463 23.643246 25.948191 26.802775 24.718103 25.91508 0.312241
SEG 26.802775 24.718103 25.91508 27.741917 25.709434 25.875212 0.312241
SEG 27.741917 25.709434 25.875212 28.81852 26.559194 25.608908 0.312241
SEG 28.81852 26.559194 25.608908 29.814863 27.46983 25.778341 0.312241
SEG 29.814863 27.46983 25.778341 30.934655 28.220629 25.72348 0.312241
SEG 30.934655 28.220629 25.72348 32.106998 28.862563 25.666433 0.312241
SEG 32.106998 28.862563 25.666433 33.318671 29.380158 25.609744 0.312241
SEG 33.318671 29.380158 25.609744 34.563331 29.777976 25.555711 0.312241
SEG 34.563331 29.777976 25.555711 35.822566 30.069408 25.507301 0.312241
SEG 35.822566 30.069408 25.507301 37.098827 30.275524 25.467007 0.312241
SEG 2.1094862 9.5261412 29.224054 3.2889911 9.8609089 29.26813 0.291664
SEG 3.2889911 9.8609089 29.26813 4.4347157 10.39847 29.32394 0.291664
SEG 4.4347157 10.39847 29.32394 5.4934503 11.167614 29.384785 0.291664
SEG 5.4934503 11.167614 29.384785 6.3966513 12.150577 29.44298 0.291664
SEG 6.3966513 12.150577 29.44298 7.1192175 13.311804 29.493772 0.291664
SEG 7.1192175 13.311804 29.493772 7.646724 14.585594 29.534019 0.291664
SEG 7.646724 14.585594 29.534019 8.005984 15.924114 29.563649 0.291664
SEG 8.005984 15.924114 29.563649 8.2332969 17.28951 29.583624 0.291664
SEG 8.2332969 17.28951 29.583624 8.3579302 18.672609 29.595081 0.291664
SEG 8.3579302 18.672609 29.595081 8.3953906 20.059623 29.598604 0.291664
SEG 8.3953906 20.059623 29.598604 8.35089 21.445877 29.594421 0.291664
SEG 8.35089 21.445877 29.594421 8.2185619 22.827024 29.582284 0.291664
SEG 8.2185619 22.827024 29.582284 7.9803052 24.195025 29.561457 0.291664
SEG 7.9803052 24.195025 29.561457 7.6080374 25.528016 29.530963 0.291664
SEG 7.6080374 25.528016 29.530963 7.0609133 26.801011 29.489525 0.291664
SEG 7.0609133 26.801011 29.489525 6.3132173 27.958878 29.437376 0.291664
SEG 6.3132173 27.958878 29.437376 5.365457 28.944392 29.377014 0.291664
SEG 5.365457 28.944392 29.377014 4.2650015 29.699716 29.31491 0.291664
SEG 4.2650015 29.699716 29.31491 3.0819703 30.21408 29.259275 0.291664
SEG 3.0819703 30.21408 29.259275 1.875161 30.523183 29.217202 0.291664
SEG 1.875161 30.523183 29.217202 0.46130011 30.625827 29.355408 0.291664
SEG 1.1273185 5.8244383 25.433956 2.3571405 6.0089235 25.457038 0.302737
SEG 2.3571405 6.0089235 25.457038 3.5647309 6.3234821 25.493168 0.302737
SEG 3.5647309 6.3234821 25.493168 4.7408369 6.7824437 25.539923 0.302737
SEG 4.7408369 6.7824437 25.539923 5.8661329 7.378322 25.594005 0.302737
SEG 15.567943 24.542356 26.114547 16.554393 23.593094 26.140517 0.326057
SEG 16.554393 23.593094 26.140517 17.559051 22.663401 26.160141 0.326057
SEG 17.559051 22.663401 26.160141 18.53475 22.000652 26.367891 0.326057
SEG 18.53475 22.000652 26.367891 19.906584 21.315193 26.178943 0.326057
SEG 1.3987317 28.346105 21.845285 2.7156355 28.526754 21.862251 0.314697
SEG 2.7156355 28.526754 21.862251 4.0091518 28.756757 21.886624 0.314697
SEG 4.0091518 28.756757 21.886624 5.4678726 29.157705 21.91543 0.314697
SEG 5.4678726 29.157705 21.91543 6.5472817 29.384566 21.943757 0.314697
SEG 6.5472817 29.384566 21.943757 7.7690617 29.846736 21.968742 0.314697
SEG 7.7690617 29.846736 21.968742 8.8883583 30.521583 21.983414 0.314697
SEG 8.8883583 30.521583 21.983414 9.7570935 31.498874 21.979841 0.314697
SEG 9.7570935 31.498874 21.979841 10.340284 32.667769 21.960487 0.314697
SEG 10.340284 32.667769 21.960487 10.753934 33.906843 21.933613 0.314697
SEG 10.753934 33.906843 21.933613 11.073764 35.175424 21.904565 0.314697
SEG 11.073764 35.175424 21.904565 11.334445 36.460454 21.877261 0.314697
SEG 2.259856 26.285595 25.683277 3.5568658 26.191183 25.718277 0.31613
SEG 3.5568658 26.191183 25.718277 4.8621599 26.045145 25.763074 0.31613
SEG 4.8621599 26.045145 25.763074 6.127787 25.717492 25.877376 0.31613
SEG 6.127787 25.717492 25.877376 7.2840734 25.288644 25.895395 0.31613
SEG 7.2840734 25.288644 25.895395 8.6993016 25.038532 25.920789 0.31613
SEG 8.6993016 25.038532 25.920789 9.8720135 24.370203 25.971269 0.31613
SEG 9.8720135 24.370203 25.971269 10.945415 23.306961 25.975802 0.31613
SEG 0.5187009 34.717637 25.5588 1.8119843 34.302479 25.449631 0.304399
SEG 1.8119843 34.302479 25.449631 3.0350985 34.035159 25.480555 0.304399
SEG 3.0350985 34.035159 25.480555 4.2170142 33.623216 25.523017 0.304399
SEG 4.2170142 33.623216 25.523017 5.3549332 33.064541 25.574392 0.304399
SEG 5.3549332 33.064541 25.574392 6.4442625 32.383247 25.63149 0.304399
SEG 6.4411412 1.8575739 29.099895 6.826165 3.0300071 28.963552 0.278171
SEG 6.826165 3.0300071 28.963552 7.3580852 4.1004159 29.015801 0.278171
SEG 7.3580852 4.1004159 29.015801 8.0371394 5.1520147 29.07639 0.278171
SEG 8.0371394 5.1520147 29.07639 8.8435893 6.1726447 29.140837 0.278171
SEG 8.8435893 6.1726447 29.140837 9.7566782 7.1425032 29.204887 0.278171
SEG 9.7566782 7.1425032 29.204887 10.768361 8.0541967 29.265822 0.278171
SEG 10.768361 8.0541967 29.265822 11.871511 8.8781544 29.32096 0.278171
SEG 11.871511 8.8781544 29.32096 13.067174 9.588433 29.368728 0.278171
SEG 13.067174 9.588433 29.368728 14.070108 10.558026 29.41518 0.278171
SEG 14.070108 10.558026 29.41518 13.88941 11.948649 29.448304 0.278171
SEG 13.88941 11.948649 29.448304 13.065069 13.083569 29.457697 0.278171
SEG 13.065069 13.083569 29.457697 11.936815 13.91955 29.448605 0.278171
SEG 3.6557389 3.331702 25.265234 4.3314331 4.2549834 25.439338 0.296499
SEG 25.868581 1.3330593 25.641118 26.110977 2.5628436 25.562972 0.323632
SEG 26.110977 2.5628436 25.562972 26.015928 3.8683256 25.600343 0.323632
SEG 26.015928 3.8683256 25.600343 25.871849 5.1807112 25.646598 0.323632
SEG 25.871849 5.1807112 25.646598 25.631493 6.2972789 25.819724 0.323632
SEG 25.631493 6.2972789 25.819724 25.338355 7.8031006 25.752292 0.323632
SEG 25.338355 7.8031006 25.752292 24.867323 9.0726377 25.805543 0.323632
SEG 24.867323 9.0726377 25.805543 24.382832 10.267504 25.589378 0.323632
SEG 24.382832 10.267504 25.589378 23.224939 11.083694 25.930001 0.323632
SEG 28.125672 1.3353519 21.685881 28.307396 2.6521137 21.702377 0.314261
SEG 28.307396 2.6521137 21.702377 28.538677 3.9504845 21.726569 0.314261
SEG 28.538677 3.9504845 21.726569 28.818138 5.230623 21.754842 0.314261
SEG 28.818138 5.230623 21.754842 29.161535 6.4912793 21.783754 0.314261
SEG 29.161535 6.4912793 21.783754 29.609342 7.7162194 21.809327 0.314261
SEG 29.609342 7.7162194 21.809327 30.247103 8.8537103 21.825841 0.314261
SEG 30.247103 8.8537103 21.825841 31.172309 9.7728903 21.825642 0.314261
SEG 31.172309 9.7728903 21.825642 32.313185 10.404568 21.808815 0.314261
SEG 32.313185 10.404568 21.808815 33.539328 10.849063 21.783111 0.314261
SEG 33.539328 10.849063 21.783111 34.80051 11.190521 21.754181 0.314261
SEG 34.80051 11.190521 21.754181 36.080952 11.468595 21.725977 0.314261
SEG 36.080952 11.468595 21.725977 37.37954 11.698671 21.70194 0.314261
SEG 37.37954 11.698671 21.70194 38.69652 11.878824 21.685679 0.314261
SEG 27.736443 14.698844 25.891019 28.736431 13.771225 25.846292 0.318314
SEG 28.736431 13.771225 25.846292 29.805892 12.934329 25.796211 0.318314
SEG 29.805892 12.934329 25.796211 30.938247 12.199349 25.742015 0.318314
SEG 30.938247 12.199349 25.742015 32.127075 11.583391 25.685509 0.318314
SEG 32.127075 11.583391 25.685509 33.358679 11.09528 25.629111 0.318314
SEG 33.358679 11.09528 25.629111 34.630626 10.724472 25.57494 0.318314
SEG 34.630626 10.724472 25.57494 35.912878 10.457112 25.526566 0.318314
SEG 35.912878 10.457112 25.526566 37.195947 10.272109 25.48699 0.318314
SEG 37.195947 10.272109 25.48699 38.478172 10.154784 25.459304 0.318314
SEG 38.478172 10.154784 25.459304 39.68159 10.105774 25.447464 0.318314
SEG 32.820132 3.8934093 29.004058 32.160665 4.9574451 29.063864 0.285252
SEG 32.160665 4.9574451 29.063864 31.381354 5.9762627 29.1275 0.285252
SEG 31.381354 5.9762627 29.1275 30.489995 6.9571063 29.191966 0.285252
SEG 30.489995 6.9571063 29.191966 29.49567 7.8876198 29.254108 0.285252
SEG 29.49567 7.8876198 29.254108 28.414734 8.7367067 29.310801 0.285252
SEG 28.414734 8.7367067 29.310801 27.244726 9.4786614 29.360406 0.285252
SEG 27.244726 9.4786614 29.360406 26.136603 10.326065 29.406417 0.285252
SEG 26.136603 10.326065 29.406417 26.064933 11.726401 29.445188 0.285252
SEG 26.064933 11.726401 29.445188 26.841751 12.895105 29.457174 0.285252
SEG 26.841751 12.895105 29.457174 27.927639 13.78356 29.450888 0.285252
SEG 27.927639 13.78356 29.450888 29.096328 14.559165 29.434369 0.285252
SEG 29.096328 14.559165 29.434369 30.037228 15.598717 29.42164 0.285252
SEG 30.037228 15.598717 29.42164 30.856535 16.732293 29.407342 0.285252
SEG 30.856535 16.732293 29.407342 31.401763 18.015061 29.398059 0.285252
SEG 31.401763 18.015061 29.398059 31.479162 19.40096 29.400126 0.285252
SEG 31.479162 19.40096 29.400126 31.546748 20.786284 29.397486 0.285252
SEG 31.546748 20.786284 29.397486 31.643341 22.170049 29.388819 0.285252
SEG 31.643341 22.170049 29.388819 31.837693 23.544329 29.371695 0.285252
SEG 31.837693 23.544329 29.371695 32.157514 24.890175 29.345143 0.285252
SEG 32.157514 24.890175 29.345143 32.637897 26.181936 29.308103 0.285252
SEG 32.637897 26.181936 29.308103 33.310875 27.37611 29.260222 0.285252
SEG 33.310875 27.37611 29.260222 34.187565 28.416099 29.203073 0.285252
SEG 34.187565 28.416099 29.203073 35.242426 29.251598 29.141136 0.285252
SEG 35.242426 29.251598 29.141136 36.411559 29.846438 29.082317 0.285252
SEG 36.411559 29.846438 29.082317 37.624939 30.222884 29.034454 0.285252
SEG 37.624939 30.222884 29.034454 38.834648 30.425083 29.0034 0.285252
SEG 37.29264 0.95965162 25.211121 37.118087 2.1647095 25.229377 0.297639
SEG 37.118087 2.1647095 25.229377 36.484202 3.2039468 25.263174 0.297639
SEG 3.8363107 14.047965 28.777476 4.9744882 14.67252 28.830944 0.297771
SEG 4.9744882 14.67252 28.830944 5.8011351 15.697116 28.877818 0.297771
SEG 5.8011351 15.697116 28.877818 6.2903026 16.952067 28.910147 0.297771
SEG 6.2903026 16.952067 28.910147 6.5485342 18.285622 28.929085 0.297771
SEG 16.666549 6.474197 28.810766 17.99458 6.7619814 28.831896 0.297771
SEG 17.99458 6.7619814 28.831896 19.346504 6.8896601 28.841817 0.297771
SEG 19.346504 6.8896601 28.841817 20.713892 6.8868775 28.841596 0.297771
SEG 20.713892 6.8868775 28.841596 22.074541 6.7516646 28.831106 0.297771
SEG 22.074541 6.7516646 28.831106 23.399497 6.4548166 28.809387 0.297771
SEG 23.399497 6.4548166 28.809387 24.643978 5.909909 28.773706 0.297771
SEG 24.643978 5.909909 28.773706 25.65521 5.0201731 28.723574 0.297771
SEG 25.65521 5.0201731 28.723574 26.272521 3.8427233 28.66833 0.297771
SEG 26.272521 3.8427233 28.66833 26.579565 2.5801669 28.621557 0.297771
SEG 26.579565 2.5801669 28.621557 26.722968 1.3210587 28.590139 0.297771
SEG 0.99406806 30.106471 16.323729 2.2754199 30.65065 16.33133 0.320446
SEG 2.2754199 30.65065 16.33133 3.497176 31.469166 16.270072 0.320446
SEG 3.497176 31.469166 16.270072 4.6516849 31.926042 16.353569 0.320446
SEG 4.6516849 31.926042 16.353569 5.7365886 32.708436 16.360975 0.320446
SEG 5.7365886 32.708436 16.360975 6.7102843 33.60374 16.362942 0.320446
SEG 6.7102843 33.60374 16.362942 7.5633371 34.612482 16.359044 0.320446
SEG 7.5633371 34.612482 16.359044 8.3027639 35.715167 16.350319 0.320446
SEG 8.3027639 35.715167 16.350319 8.9529257 36.895469 16.338954 0.320446
SEG 8.9529257 36.895469 16.338954 9.5365698 38.141107 16.328302 0.320446
SEG 9.5365698 38.141107 16.328302 10.065265 39.448377 16.323311 0.320446
SEG 5.4242147 21.461193 28.24144 4.6183788 22.345986 28.210237 0.302597
SEG 4.6183788 22.345986 28.210237 3.3270298 22.588582 28.161387 0.302597
SEG 3.3270298 22.588582 28.161387 2.0471011 22.678115 28.123853 0.302597
SEG 2.0471011 22.678115 28.123853 0.78436201 22.714381 28.101946 0.302597
SEG 19.755167 1.3544817 27.948882 19.759992 2.6062247 27.977179 0.301328
SEG 32.314092 1.5889458 16.944747 33.177268 2.6958726 16.944563 0.337623
SEG 33.177268 2.6958726 16.944563 33.864785 3.7372221 17.063964 0.337623
SEG 33.864785 3.7372221 17.063964 34.987441 4.7508332 16.947223 0.337623
SEG 34.987441 4.7508332 16.947223 35.966439 5.6893939 16.946638 0.337623
SEG 35.966439 5.6893939 16.946638 37.016948 6.485004 16.990065 0.337623
SEG 37.016948 6.485004 16.990065 38.08 7.431439 16.944302 0.337623
SEG 38.08 7.431439 16.944302 39.189544 8.269786 16.94784 0.337623
SEG 37.06352 23.285669 29.036175 35.836396 22.806296 29.317906 0.293229
SEG 35.836396 22.806296 29.317906 35.13302 21.696104 29.352699 0.293229
SEG 35.13302 21.696104 29.352699 34.905568 20.385065 29.365536 0.293229
SEG 34.905568 20.385065 29.365536 34.962807 19.055492 29.362222 0.293229
SEG 34.962807 19.055492 29.362222 35.344723 17.797291 29.341474 0.293229
SEG 35.344723 17.797291 29.341474 36.34151 16.998367 29.296901 0.293229
SEG 36.34151 16.998367 29.296901 37.560371 16.775284 29.253856 0.293229
SEG 37.560371 16.775284 29.253856 38.764902 16.702029 29.225001 0.293229
SEG 38.764902 16.702029 29.225001 39.696746 17.052243 28.767993 0.293229
SEG 28.12407 22.726524 26.134177 28.846298 23.681639 25.830766 0.312661
SEG 28.846298 23.681639 25.830766 29.948563 24.479289 25.785836 0.312661
SEG 29.948563 24.479289 25.785836 31.164233 25.075113 25.735372 0.312661
SEG 31.164233 25.075113 25.735372 32.442484 25.493556 25.682155 0.312661
SEG 32.442484 25.493556 25.682155 33.745016 25.7775 25.628964 0.312661
SEG 33.745016 25.7775 25.628964 35.044552 25.968435 25.578867 0.312661
SEG 35.044552 25.968435 25.578867 36.342284 26.098111 25.534515 0.312661
SEG 36.342284 26.098111 25.534515 37.698727 26.240102 25.200874 0.312661
SEG 24.22682 39.704264 29.114918 24.197118 38.605836 29.127475 0.295642
SEG 24.197118 38.605836 29.127475 24.08943 37.351382 29.160039 0.295642
SEG 24.08943 37.351382 29.160039 23.778838 36.091601 29.207317 0.295642
SEG 23.778838 36.091601 29.207317 22.882102 35.130239 29.253308 0.295642
SEG 22.882102 35.130239 29.253308 21.622659 34.70027 29.278316 0.295642
SEG 21.622659 34.70027 29.278316 20.298607 34.567861 29.287075 0.295642
SEG 20.298607 34.567861 29.287075 18.968704 34.616825 29.283792 0.295642
SEG 18.968704 34.616825 29.283792 17.66505 34.886698 29.266979 0.295642
SEG 17.66505 34.886698 29.266979 16.553648 35.59036 29.230012 0.295642
SEG 16.553648 35.59036 29.230012 16.033799 36.758065 29.180899 0.295642
SEG 16.033799 36.758065 29.180899 15.865061 37.986244 29.141749 0.295642
SEG 29.63052 39.702845 29.442858 29.466507 38.569812 29.229148 0.291906
SEG 29.466507 38.569812 29.229148 29.241949 37.33592 29.265039 0.291906
SEG 29.241949 37.33592 29.265039 28.816469 36.114536 29.316697 0.291906
SEG 28.816469 36.114536 29.316697 28.113723 34.97688 29.376811 0.291906
SEG 28.113723 34.97688 29.376811 27.134469 34.04202 29.434471 0.291906
SEG 27.134469 34.04202 29.434471 25.954635 33.351755 29.482525 0.291906
SEG 25.954635 33.351755 29.482525 24.661357 32.880538 29.518861 0.291906
SEG 24.661357 32.880538 29.518861 23.319798 32.579231 29.544148 0.291906
SEG 23.319798 32.579231 29.544148 21.949439 32.400888 29.560032 0.291906
SEG 21.949439 32.400888 29.560032 20.570784 32.321385 29.567377 0.291906
SEG 20.570784 32.321385 29.567377 19.189661 32.328773 29.566686 0.291906
SEG 19.189661 32.328773 29.566686 17.810973 32.424101 29.557908 0.291906
SEG 17.810973 32.424101 29.557908 16.449963 32.620452 29.540562 0.291906
SEG 16.449963 32.620452 29.540562 15.112711 32.947497 29.513472 0.291906
SEG 15.112711 32.947497 29.513472 13.840995 33.449563 29.475392 0.291906
SEG 13.840995 33.449563 29.475392 12.696603 34.173542 29.425922 0.291906
SEG 12.696603 34.173542 29.425922 11.779962 35.114929 29.368933 0.291906
SEG 11.779962 35.114929 29.368933 11.13219 36.234092 29.311061 0.291906
SEG 11.13219 36.234092 29.311061 10.738373 37.424344 29.261973 0.291906
SEG 10.738373 37.424344 29.261973 10.529597 38.619924 29.228229 0.291906
SEG 10.529597 38.619924 29.228229 10.689369 39.709591 29.361032 0.291906
SEG 8.4462879 33.646677 25.620554 7.8968438 34.814025 25.565085 0.305243
SEG 7.8968438 34.814025 25.565085 7.4772834 36.016507 25.51617 0.305243
SEG 7.4772834 36.016507 25.51617 7.1807356 37.245228 25.476567 0.305243
SEG 7.1807356 37.245228 25.476567 6.9926634 38.488996 25.449035 0.305243
SEG 6.9926634 38.488996 25.449035 7.1520034 39.693569 25.458015 0.305243
SEG 28.49907 28.724352 25.666465 29.237593 29.82914 25.844036 0.311973
SEG 29.237593 29.82914 25.844036 30.129762 30.828816 25.786027 0.311973
SEG 30.129762 30.828816 25.786027 31.206024 31.637455 25.645649 0.311973
SEG 31.206024 31.637455 25.645649 31.786786 32.892197 25.665062 0.311973
SEG 31.786786 32.892197 25.665062 32.505286 33.964383 25.606246 0.311973
SEG 32.505286 33.964383 25.606246 33.125543 35.09641 25.550724 0.311973
SEG 33.125543 35.09641 25.550724 33.60817 36.274978 25.502418 0.311973
SEG 33.60817 36.274978 25.502418 33.842531 37.40306 25.586537 0.311973
SEG 33.645154 32.31216 25.492624 34.763103 32.945495 25.436609 0.302661
SEG 34.763103 32.945495 25.436609 35.929136 33.443004 25.386937 0.302661
SEG 35.929136 33.443004 25.386937 37.210192 33.834051 25.025116 0.302661
SEG 5.3852917 14.380352 32.869269 5.3717526 15.872202 32.852377 0.263063
SEG 5.3717526 15.872202 32.852377 6.3942299 16.327011 32.874977 0.263063
SEG 6.3942299 16.327011 32.874977 7.9725325 16.36923 32.945037 0.263063
SEG 7.9725325 16.36923 32.945037 9.368582 16.215127 32.977483 0.263063
SEG 9.368582 16.215127 32.977483 10.760557 16.018085 33.001842 0.263063
SEG 10.760557 16.018085 33.001842 12.130956 15.751011 33.019731 0.263063
SEG 12.130956 15.751011 33.019731 13.458565 15.346218 33.031913 0.263063
SEG 13.458565 15.346218 33.031913 14.631525 14.61451 33.03691 0.263063
SEG 14.631525 14.61451 33.03691 15.357199 13.442465 33.031845 0.263063
SEG 15.357199 13.442465 33.031845 15.757795 12.119352 33.019647 0.263063
SEG 15.757795 12.119352 33.019647 16.022384 10.756917 33.001828 0.263063
SEG 16.022384 10.756917 33.001828 16.217862 9.3745844 32.977643 0.263063
SEG 16.217862 9.3745844 32.977643 16.372052 7.9773775 32.945204 0.263063
SEG 16.372052 7.9773775 32.945204 16.64888 6.3991835 32.875656 0.263063
SEG 1.5696289 26.277516 29.304751 2.817193 26.101937 29.341196 0.305946
SEG 2.817193 26.101937 29.341196 4.0099884 25.697709 29.390294 0.305946
SEG 4.0099884 25.697709 29.390294 4.9861834 24.842815 29.441111 0.305946
SEG 0.48144215 30.798938 32.782146 1.787679 30.625156 32.720009 0.273191
SEG 1.787679 30.625156 32.720009 2.8124027 30.234494 32.769149 0.273191
SEG 2.8124027 30.234494 32.769149 3.7153733 29.414099 32.825552 0.273191
SEG 3.7153733 29.414099 32.825552 4.3220521 28.29362 32.870719 0.273191
SEG 4.3220521 28.29362 32.870719 4.7275795 27.040689 32.904363 0.273191
SEG 4.7275795 27.040689 32.904363 5.0127489 25.722844 32.929573 0.273191
SEG 5.0127489 25.722844 32.929573 5.5396692 24.457962 32.961039 0.273191
SEG 5.5396692 24.457962 32.961039 6.9055537 24.446289 33.011697 0.273191
SEG 6.9055537 24.446289 33.011697 8.2986647 24.622338 33.050465 0.273191
SEG 8.2986647 24.622338 33.050465 9.6903545 24.841496 33.079285 0.273191
SEG 9.6903545 24.841496 33.079285 11.064697 25.135491 33.100169 0.273191
SEG 11.064697 25.135491 33.100169 12.396361 25.570442 33.114265 0.273191
SEG 12.396361 25.570442 33.114265 13.577528 26.308808 33.120288 0.273191
SEG 13.577528 26.308808 33.120288 14.367335 27.454707 33.115482 0.273191
SEG 14.367335 27.454707 33.115482 14.824977 28.76931 33.102299 0.273191
SEG 14.824977 28.76931 33.102299 15.130841 30.136335 33.08232 0.273191
SEG 15.130841 30.136335 33.08232 15.356662 31.523391 33.054661 0.273191
SEG 15.356662 31.523391 33.054661 15.536949 32.920444 33.017206 0.273191
SEG 15.536949 32.920444 33.017206 15.714713 34.313022 32.968432 0.273191
SEG 15.714713 34.313022 32.968432 16.920293 34.991709 32.948724 0.273191
SEG 16.920293 34.991709 32.948724 18.281051 35.063915 32.950613 0.273191
SEG 18.281051 35.063915 32.950613 19.581235 35.36669 32.939786 0.273191
SEG 19.581235 35.36669 32.939786 20.915502 35.374557 32.938959 0.273191
SEG 20.915502 35.374557 32.938959 22.249029 35.426088 32.933613 0.273191
SEG 22.249029 35.426088 32.933613 23.580839 35.527938 32.923382 0.273191
SEG 23.580839 35.527938 32.923382 24.908174 35.694788 32.907463 0.273191
SEG 24.908174 35.694788 32.907463 26.189462 35.946756 32.885029 0.273191
SEG 26.189462 35.946756 32.885029 27.254252 36.602357 32.691067 0.273191
SEG 0.44915911 34.195292 29.244403 1.4789059 34.311413 29.098931 0.290059
SEG 1.4789059 34.311413 29.098931 2.6018193 33.951449 29.135548 0.290059
SEG 2.6018193 33.951449 29.135548 3.6654606 33.443396 29.184519 0.290059
SEG 3.6654606 33.443396 29.184519 4.6979442 32.799398 29.242494 0.290059
SEG 4.6979442 32.799398 29.242494 5.7111587 32.030854 29.306157 0.290059
SEG 5.7111587 32.030854 29.306157 6.6980189 31.158923 29.371533 0.290059
SEG 6.6980189 31.158923 29.371533 7.6413635 30.199363 29.435035 0.290059
SEG 7.6413635 30.199363 29.435035 8.5394729 29.150062 29.494838 0.290059
SEG 8.5394729 29.150062 29.494838 9.3530872 28.019248 29.548247 0.290059
SEG 9.3530872 28.019248 29.548247 10.130436 26.855866 29.595396 0.290059
SEG 10.130436 26.855866 29.595396 11.519125 27.058337 29.629312 0.290059
SEG 11.519125 27.058337 29.629312 12.654311 27.887276 29.637577 0.290059
SEG 12.654311 27.887276 29.637577 13.527102 28.988461 29.627633 0.290059
SEG 4.1354717 31.897538 21.818592 5.2900558 32.508148 21.83135 0.314113
SEG 5.2900558 32.508148 21.83135 6.3319834 33.291199 21.838064 0.314113
SEG 6.3319834 33.291199 21.838064 7.1961637 34.266911 21.835137 0.314113
SEG 7.1961637 34.266911 21.835137 7.8710308 35.382686 21.824243 0.314113
SEG 7.8710308 35.382686 21.824243 8.4046579 36.577782 21.810433 0.314113
SEG 8.4046579 36.577782 21.810433 8.8385071 37.821772 21.798648 0.314113
SEG 8.8385071 37.821772 21.798648 9.177557 39.10771 21.792924 0.314113
SEG 6.3229745 1.7630944 32.354225 6.7117679 2.8111338 32.179627 0.263063
SEG 6.7117679 2.8111338 32.179627 7.3275997 3.8133818 32.240997 0.263063
SEG 7.3275997 3.8133818 32.240997 8.1786874 4.7735614 32.307016 0.263063
SEG 8.1786874 4.7735614 32.307016 9.2134278 5.617412 32.367768 0.263063
SEG 9.2134278 5.617412 32.367768 10.385523 6.3202512 32.419016 0.263063
SEG 10.385523 6.3202512 32.419016 11.600785 7.0236394 32.464253 0.263063
SEG 11.600785 7.0236394 32.464253 11.361305 8.4152252 32.50297 0.263063
SEG 11.361305 8.4152252 32.50297 10.642041 9.6444259 32.520268 0.263063
SEG 10.642041 9.6444259 32.520268 9.6334095 10.651241 32.520207 0.263063
SEG 9.6334095 10.651241 32.520207 8.4022528 11.36885 32.502764 0.263063
SEG 3.0546758 1.292907 28.787108 3.5027114 2.242085 28.815836 0.263063
SEG 3.5027114 2.242085 28.815836 4.0893597 3.1336954 28.855183 0.263063
SEG 4.0893597 3.1336954 28.855183 4.7890974 4.0324561 28.904649 0.263063
SEG 4.7890974 4.0324561 28.904649 5.5591403 4.9320324 28.961329 0.263063
SEG 5.5591403 4.9320324 28.961329 6.2823785 6.0494318 28.938443 0.263063
SEG 29.6808 1.2553178 25.565906 29.758293 2.6530622 25.493876 0.310161
SEG 29.758293 2.6530622 25.493876 29.581498 3.9281807 25.531943 0.310161
SEG 29.581498 3.9281807 25.531943 29.353349 5.3610308 25.709351 0.310161
SEG 29.353349 5.3610308 25.709351 28.971527 6.4596062 25.632018 0.310161
SEG 28.971527 6.4596062 25.632018 28.497645 7.6967587 25.688322 0.310161
SEG 31.923076 0.79763187 21.590646 32.455148 2.0304477 21.588422 0.321381
SEG 32.455148 2.0304477 21.588422 33.087119 3.1991568 21.591198 0.321381
SEG 33.087119 3.1991568 21.591198 33.82441 4.2907619 21.595142 0.321381
SEG 33.82441 4.2907619 21.595142 34.687022 5.2829748 21.597009 0.321381
SEG 34.687022 5.2829748 21.597009 35.671936 6.1472165 21.595264 0.321381
SEG 35.671936 6.1472165 21.595264 36.758479 6.887485 21.591346 0.321381
SEG 36.758479 6.887485 21.591346 37.914956 7.5181731 21.588447 0.321381
SEG 37.914956 7.5181731 21.588447 39.402169 8.2912976 21.639885 0.321381
SEG 33.905702 0.50198194 31.989591 33.815941 1.5945222 32.086567 0.263063
SEG 33.815941 1.5945222 32.086567 33.468455 2.584369 32.130801 0.263063
SEG 33.468455 2.584369 32.130801 32.89331 3.6105758 32.191001 0.263063
SEG 32.89331 3.6105758 32.191001 32.107938 4.5712582 32.256022 0.263063
SEG 32.107938 4.5712582 32.256022 31.117601 5.4566829 32.319206 0.263063
SEG 31.117601 5.4566829 32.319206 29.976933 6.2092213 32.373771 0.263063
SEG 29.976933 6.2092213 32.373771 28.744423 6.8509276 32.418994 0.263063
SEG 28.744423 6.8509276 32.418994 28.58048 8.0927832 32.364122 0.263063
SEG 28.58048 8.0927832 32.364122 29.358196 9.4849145 32.483299 0.263063
SEG 29.358196 9.4849145 32.483299 30.344455 10.513505 32.484717 0.263063
SEG 30.344455 10.513505 32.484717 31.562368 11.256385 32.468353 0.263063
SEG 31.562368 11.256385 32.468353 32.814292 11.930195 32.44168 0.263063
SEG 32.814292 11.930195 32.44168 33.5831 13.113017 32.432375 0.263063
SEG 33.5831 13.113017 32.432375 34.184634 14.37643 32.424299 0.263063
SEG 34.184634 14.37643 32.424299 34.383681 15.741842 32.428081 0.263063
SEG 34.383681 15.741842 32.428081 34.538837 17.090446 32.430052 0.263063
SEG 34.538837 17.090446 32.430052 34.689004 18.437125 32.428933 0.263063
SEG 34.689004 18.437125 32.428933 33.614827 19.259181 32.474112 0.263063
SEG 33.614827 19.259181 32.474112 32.230488 19.233442 32.521571 0.263063
SEG 32.230488 19.233442 32.521571 31.146006 19.208006 32.424346 0.263063
SEG 31.146006 19.208006 32.424346 29.430506 19.168599 32.588941 0.263063
SEG 29.430506 19.168599 32.588941 28.037326 19.124503 32.611899 0.263063
SEG 28.037326 19.124503 32.611899 26.65731 19.067713 32.629652 0.263063
SEG 26.65731 19.067713 32.629652 25.286576 18.990436 32.643219 0.263063
SEG 25.286576 18.990436 32.643219 23.705944 18.751042 32.528413 0.263063
SEG 29.135637 3.6658634 33.201333 27.919731 4.1897201 33.241956 0.329827
SEG 27.919731 4.1897201 33.241956 26.607404 4.5304282 33.271195 0.329827
SEG 26.607404 4.5304282 33.271195 25.280121 4.7865746 33.293281 0.329827
SEG 25.280121 4.7865746 33.293281 25.040634 6.0802602 33.139751 0.329827
SEG 25.040634 6.0802602 33.139751 25.218278 7.554093 33.391854 0.329827
SEG 25.218278 7.554093 33.391854 25.44654 8.9411544 33.422315 0.329827
SEG 25.44654 8.9411544 33.422315 25.750062 10.308296 33.443797 0.329827
SEG 25.750062 10.308296 33.443797 26.189947 11.628256 33.458026 0.329827
SEG 26.189947 11.628256 33.458026 26.913332 12.815097 33.464445 0.329827
SEG 24.229436 30.254134 29.428944 25.291333 29.338534 29.442085 0.305901
SEG 25.291333 29.338534 29.442085 26.241635 28.305936 29.453366 0.305901
SEG 26.241635 28.305936 29.453366 27.143065 27.229239 29.460413 0.305901
SEG 27.143065 27.229239 29.460413 28.440944 26.69254 29.441169 0.305901
SEG 28.440944 26.69254 29.441169 29.623403 27.449241 29.393425 0.305901
SEG 29.623403 27.449241 29.393425 30.430042 28.586719 29.343991 0.305901
SEG 30.430042 28.586719 29.343991 31.30593 29.655343 29.288201 0.305901
SEG 31.30593 29.655343 29.288201 32.23172 30.660348 29.227172 0.305901
SEG 32.23172 30.660348 29.227172 33.186394 31.599389 29.162854 0.305901
SEG 33.186394 31.599389 29.162854 34.170813 32.474035 29.096949 0.305901
SEG 34.170813 32.474035 29.096949 35.157621 33.255179 29.033739 0.305901
SEG 35.157621 33.255179 29.033739 36.200381 33.960164 28.973581 0.305901
SEG 36.200381 33.960164 28.973581 37.277843 34.538449 28.922125 0.305901
SEG 37.277843 34.538449 28.922125 38.363832 34.946472 28.884546 0.305901
SEG 38.363832 34.946472 28.884546 39.397614 35.288289 29.121861 0.305901
SEG 2.2524912 13.703344 32.217969 3.2042696 14.383562 32.264868 0.263063
SEG 3.2042696 14.383562 32.264868 3.6672848 15.558072 32.295951 0.263063
SEG 3.6672848 15.558072 32.295951 3.9053975 16.796467 32.314832 0.263063
SEG 3.9053975 16.796467 32.314832 4.0368517 18.087802 32.32636 0.263063
SEG 4.0368517 18.087802 32.32636 4.0944741 19.382502 32.331711 0.263063
SEG 4.0944741 19.382502 32.331711 4.3106288 20.626055 32.456034 0.263063
SEG 4.3106288 20.626055 32.456034 4.0327657 21.970459 32.325985 0.263063
SEG 4.0327657 21.970459 32.325985 3.8976454 23.259335 32.314176 0.263063
SEG 3.8976454 23.259335 32.314176 3.6438228 24.53218 32.294192 0.263063
SEG 3.6438228 24.53218 32.294192 3.1655275 25.698753 32.26231 0.263063
SEG 3.1655275 25.698753 32.26231 2.1068215 26.388481 32.211484 0.263063
SEG 9.796636 0.32357009 28.497888 9.7235155 1.6654582 28.538055 0.294597
SEG 9.7235155 1.6654582 28.538055 10.092208 2.7360751 28.557716 0.294597
SEG 10.092208 2.7360751 28.557716 10.483899 3.9296276 28.606524 0.294597
SEG 10.483899 3.9296276 28.606524 11.076171 5.0748557 28.664224 0.294597
SEG 11.076171 5.0748557 28.664224 11.889033 6.1194975 28.724504 0.294597
SEG 11.889033 6.1194975 28.724504 12.900487 6.9998924 28.780577 0.294597
SEG 12.900487 6.9998924 28.780577 14.080934 7.6973594 28.828687 0.294597
SEG 14.080934 7.6973594 28.828687 15.366821 8.1966886 28.865948 0.294597
SEG 15.366821 8.1966886 28.865948 16.474728 8.5883138 28.640873 0.294597
SEG 19.761665 2.2648122 31.514421 20.109056 3.3873716 31.558848 0.266378
SEG 20.109056 3.3873716 31.558848 21.343363 3.1492747 31.547382 0.266378
SEG 21.343363 3.1492747 31.547382 21.863171 2.0047838 31.502661 0.266378
SEG 36.981324 19.503901 32.660296 36.898104 20.752609 32.724775 0.263063
SEG 36.898104 20.752609 32.724775 37.01612 21.949519 32.716949 0.263063
SEG 37.01612 21.949519 32.716949 37.336071 23.220373 32.606963 0.263063
SEG 31.451074 35.225298 29.272486 32.066808 36.304317 29.214001 0.28277
SEG 32.066808 36.304317 29.214001 32.522825 37.424752 29.164613 0.28277
SEG 9.467252 39.610901 32.861161 9.7206839 38.411907 32.895675 0.30862
SEG 9.7206839 38.411907 32.895675 10.131803 37.262627 32.949485 0.30862
SEG 12.420658 31.595927 29.510671 11.262486 32.359433 29.457654 0.28277
SEG 11.262486 32.359433 29.457654 10.221388 33.239668 29.39806 0.28277
SEG 10.221388 33.239668 29.39806 9.3094378 34.210645 29.334736 0.28277
SEG 9.3094378 34.210645 29.334736 8.5376452 35.246374 29.271453 0.28277
SEG 8.5376452 35.246374 29.271453 7.9247171 36.326993 29.21306 0.28277
SEG 7.9247171 36.326993 29.21306 7.4719453 37.448754 29.163892 0.28277
SEG 36.97102 37.063579 25.148878 37.674177 38.284401 25.331975 0.296052
SEG 37.674177 38.284401 25.331975 37.705901 39.56143 25.181562 0.296052
SEG 0.36502739 32.961816 36.745666 1.3821252 32.708676 36.808374 0.312615
SEG 1.3821252 32.708676 36.808374 1.9286811 31.657979 36.852296 0.312615
SEG 1.9286811 31.657979 36.852296 2.1749959 30.505355 36.871667 0.312615
SEG 2.1749959 30.505355 36.871667 2.3287929 29.278365 36.883457 0.312615
SEG 2.3287929 29.278365 36.883457 2.4451312 28.049281 36.892407 0.312615
SEG 2.4451312 28.049281 36.892407 2.5421152 26.707574 36.900137 0.312615
SEG 2.5421152 26.707574 36.900137 2.6150743 25.365462 36.906264 0.312615
SEG 2.6150743 25.365462 36.906264 2.6684293 24.02331 36.91099 0.312615
SEG 2.6684293 24.02331 36.91099 2.7049385 22.681252 36.914369 0.312615
SEG 2.7049385 22.681252 36.914369 2.726243 21.339292 36.916402 0.312615
SEG 2.726243 21.339292 36.916402 2.7332319 19.997365 36.91708 0.312615
SEG 2.7332319 19.997365 36.91708 2.7261857 18.655252 36.916396 0.312615
SEG 2.7261857 18.655252 36.916396 2.7048128 17.312865 36.914357 0.312615
SEG 2.7048128 17.312865 36.914357 3.9084147 16.644744 36.948542 0.312615
SEG 3.9084147 16.644744 36.948542 5.2548472 16.583073 36.961913 0.312615
SEG 5.2548472 16.583073 36.961913 6.5691527 16.488038 36.961147 0.312615
SEG 6.5691527 16.488038 36.961147 7.857139 16.349577 36.957341 0.312615
SEG 7.857139 16.349577 36.957341 9.1377814 16.154545 36.953853 0.312615
SEG 9.1377814 16.154545 36.953853 10.390674 15.890302 36.951545 0.312615
SEG 10.390674 15.890302 36.951545 11.608554 15.531999 36.950346 0.312615
SEG 11.608554 15.531999 36.950346 12.770009 15.036891 36.949911 0.312615
SEG 12.770009 15.036891 36.949911 13.815574 14.339611 36.949834 0.312615
SEG 13.815574 14.339611 36.949834 14.655033 13.406051 36.949844 0.312615
SEG 14.655033 13.406051 36.949844 15.260228 12.305708 36.950018 0.312615
SEG 15.260228 12.305708 36.950018 15.691687 11.122462 36.950717 0.312615
SEG 15.691687 11.122462 36.950717 16.006374 9.8970128 36.952319 0.312615
SEG 16.006374 9.8970128 36.952319 16.25492 8.5420361 36.882931 0.312615
SEG 16.25492 8.5420361 36.882931 16.40993 7.3677931 36.958828 0.312615
SEG 16.40993 7.3677931 36.958828 16.530899 6.067811 36.962052 0.312615
SEG 16.530899 6.067811 36.962052 16.612015 4.7383428 36.959357 0.312615
SEG 16.612015 4.7383428 36.959357 16.688843 3.3764833 36.935172 0.312615
SEG 16.688843 3.3764833 36.935172 17.728426 2.4740295 36.908662 0.312615
SEG 17.728426 2.4740295 36.908662 18.957995 2.4903534 36.910349 0.312615
SEG 18.957995 2.4903534 36.910349 20.187316 2.4945239 36.910785 0.312615
SEG 20.187316 2.4945239 36.910785 21.416549 2.4866863 36.909968 0.312615
SEG 21.416549 2.4866863 36.909968 22.645852 2.4665705 36.9079 0.312615
SEG 22.645852 2.4665705 36.9079 23.875357 2.4334563 36.904584 0.312615
SEG 23.875357 2.4334563 36.904584 25.105146 2.3860756 36.900008 0.312615
SEG 25.105146 2.3860756 36.900008 26.33521 2.3224082 36.894116 0.312615
SEG 26.33521 2.3224082 36.894116 27.565391 2.2392778 36.886756 0.312615
SEG 27.565391 2.2392778 36.886756 28.795048 2.1291963 36.877395 0.312615
SEG 28.795048 2.1291963 36.877395 30.018226 1.9477695 36.862601 0.312615
SEG 30.018226 1.9477695 36.862601 31.152392 1.6274841 36.836651 0.312615
SEG 31.152392 1.6274841 36.836651 31.874937 0.8676132 36.781648 0.312615
SEG 6.0306111 19.696924 32.902361 7.4273571 19.687202 32.950372 0.327489
SEG 7.4273571 19.687202 32.950372 8.8269109 19.676052 32.987387 0.327489
SEG 8.8269109 19.676052 32.987387 10.25434 19.750716 33.099308 0.327489
SEG 10.25434 19.750716 33.099308 11.605384 19.645843 33.037229 0.327489
SEG 11.605384 19.645843 33.037229 13.244173 19.472672 33.032845 0.327489
SEG 13.244173 19.472672 33.032845 14.358125 19.594985 33.067096 0.327489
SEG 14.358125 19.594985 33.067096 15.726273 19.552959 33.076901 0.327489
SEG 15.726273 19.552959 33.076901 17.084025 19.484878 33.083775 0.327489
SEG 17.084025 19.484878 33.083775 18.430552 19.332489 33.087855 0.327489
SEG 18.430552 19.332489 33.087855 19.407568 18.396874 33.087855 0.327489
SEG 19.407568 18.396874 33.087855 19.539184 17.050942 33.083681 0.327489
SEG 19.539184 17.050942 33.083681 19.599059 15.697155 33.076751 0.327489
SEG 19.599059 15.697155 33.076751 19.636189 14.338222 33.066951 0.327489
SEG 19.636189 14.338222 33.066951 19.51601 13.199776 33.035807 0.327489
SEG 19.51601 13.199776 33.035807 19.681544 11.593249 33.037074 0.327489
SEG 19.681544 11.593249 33.037074 19.767701 10.248263 33.099204 0.327489
SEG 0.99619807 33.767289 32.629478 2.0151963 33.516809 32.666932 0.263063
SEG 2.0151963 33.516809 32.666932 3.0323544 33.050819 32.722244 0.263063
SEG 3.0323544 33.050819 32.722244 3.9958811 32.341522 32.785914 0.263063
SEG 3.9958811 32.341522 32.785914 4.878964 31.376979 32.849284 0.263063
SEG 4.878964 31.376979 32.849284 5.6055626 30.239035 32.902893 0.263063
SEG 5.6055626 30.239035 32.902893 6.1943405 28.989496 32.945948 0.263063
SEG 6.1943405 28.989496 32.945948 7.2942602 28.125551 32.994739 0.263063
SEG 7.2942602 28.125551 32.994739 8.6188896 28.631959 33.023126 0.263063
SEG 8.6188896 28.631959 33.023126 9.7193671 29.523841 33.00743 0.263063
SEG 9.7193671 29.523841 33.00743 10.820285 30.395863 33.035916 0.263063
SEG 10.820285 30.395863 33.035916 11.488853 31.654323 33.018328 0.263063
SEG 11.488853 31.654323 33.018328 12.194788 33.206805 33.17733 0.263063
SEG 5.6245579 24.305493 37.084012 6.9236883 24.446388 37.08008 0.311268
SEG 6.9236883 24.446388 37.08008 8.1958142 24.649662 37.075158 0.311268
SEG 8.1958142 24.649662 37.075158 9.4522782 24.934147 37.071287 0.311268
SEG 9.4522782 24.934147 37.071287 10.667593 25.320955 37.068837 0.311268
SEG 10.667593 25.320955 37.068837 11.820188 25.847971 37.067553 0.311268
SEG 11.820188 25.847971 37.067553 12.861847 26.56616 37.067076 0.311268
SEG 12.861847 26.56616 37.067076 13.716623 27.493905 37.067174 0.311268
SEG 13.716623 27.493905 37.067174 14.35908 28.579538 37.067901 0.311268
SEG 14.35908 28.579538 37.067901 14.829068 29.754255 37.069545 0.311268
SEG 14.829068 29.754255 37.069545 14.974595 31.196585 37.134915 0.311268
SEG 14.974595 31.196585 37.134915 15.427246 32.234036 37.076766 0.311268
SEG 15.427246 32.234036 37.076766 15.607996 33.51804 37.081798 0.311268
SEG 15.607996 33.51804 37.081798 15.7307 34.831104 37.084228 0.311268
SEG 15.7307 34.831104 37.084228 15.808719 36.17711 37.072677 0.311268
SEG 15.808719 36.17711 37.072677 16.575722 37.320816 37.043791 0.311268
SEG 16.575722 37.320816 37.043791 17.918283 37.29255 37.046355 0.311268
SEG 17.918283 37.29255 37.046355 19.357452 37.309635 37.244692 0.311268
SEG 19.357452 37.309635 37.244692 20.60253 37.277652 37.047741 0.311268
SEG 20.60253 37.277652 37.047741 21.944414 37.290468 37.046548 0.311268
SEG 21.944414 37.290468 37.046548 23.327952 37.379196 37.178741 0.311268
SEG 23.327952 37.379196 37.178741 24.628665 37.359042 37.040457 0.311268
SEG 24.628665 37.359042 37.040457 25.971017 37.417552 37.035594 0.311268
SEG 25.971017 37.417552 37.035594 27.313372 37.495622 37.029475 0.311268
SEG 27.313372 37.495622 37.029475 28.655358 37.597806 37.021884 0.311268
SEG 28.655358 37.597806 37.021884 29.884905 37.719264 37.013113 0.311268
SEG 29.884905 37.719264 37.013113 31.112036 37.881778 37.001191 0.311268
SEG 31.112036 37.881778 37.001191 32.318781 38.171015 36.978571 0.311268
SEG 32.318781 38.171015 36.978571 33.24037 38.672482 36.93728 0.311268
SEG 33.24037 38.672482 36.93728 33.471904 39.691579 36.873372 0.311268
SEG 18.603952 26.38074 33.16367 18.695537 27.750156 33.149416 0.326752
SEG 1.5367724 37.255492 28.984086 2.4386128 36.718663 29.015679 0.263063
SEG 6.2564797 1.6913672 34.914472 6.8452595 2.6127165 35.209897 0.263063
SEG 6.8452595 2.6127165 35.209897 7.8918139 3.3021922 35.264057 0.263063
SEG 7.8918139 3.3021922 35.264057 9.1446901 3.7683178 35.300148 0.263063
SEG 9.1446901 3.7683178 35.300148 10.53911 4.1219829 35.572591 0.263063
SEG 10.53911 4.1219829 35.572591 10.934747 5.4165425 35.372444 0.263063
SEG 10.934747 5.4165425 35.372444 10.57655 6.7820268 35.39752 0.263063
SEG 10.57655 6.7820268 35.39752 10.036415 8.0922922 35.409558 0.263063
SEG 10.036415 8.0922922 35.409558 8.9979574 9.1102439 35.332779 0.263063
SEG 4.1743913 3.0652671 32.09287 4.8251344 3.8872929 32.150376 0.263063
SEG 4.8251344 3.8872929 32.150376 5.6119073 4.7784102 32.217091 0.263063
SEG 5.6119073 4.7784102 32.217091 6.4860683 5.6862515 32.284986 0.263063
SEG 38.597604 9.949188 32.588386 39.703102 9.9901316 32.739987 0.273655
SEG 34.024512 7.28066 32.318276 34.965993 6.3364379 32.249957 0.298855
SEG 34.965993 6.3364379 32.249957 35.881693 5.5271216 32.182617 0.298855
SEG 35.881693 5.5271216 32.182617 36.858222 4.7923486 32.115295 0.298855
SEG 36.858222 4.7923486 32.115295 37.842199 4.2123111 32.058607 0.298855
SEG 37.842199 4.2123111 32.058607 38.817895 3.8263366 32.019356 0.298855
SEG 29.639518 4.9563914 36.518452 30.053566 6.0502178 36.342112 0.329155
SEG 30.053566 6.0502178 36.342112 30.571877 7.3357616 36.347659 0.329155
SEG 30.571877 7.3357616 36.347659 31.355995 8.4531092 36.348889 0.329155
SEG 31.355995 8.4531092 36.348889 32.422476 9.296145 36.348093 0.329155
SEG 32.422476 9.296145 36.348093 33.662922 9.8558169 36.343889 0.329155
SEG 33.662922 9.8558169 36.343889 34.989743 10.2176 36.330097 0.329155
SEG 34.989743 10.2176 36.330097 36.342715 10.546763 36.294579 0.329155
SEG 36.342715 10.546763 36.294579 37.02895 11.735672 36.274242 0.329155
SEG 37.02895 11.735672 36.274242 37.072922 13.040443 36.277757 0.329155
SEG 37.072922 13.040443 36.277757 37.185548 14.618067 36.289042 0.329155
SEG 37.185548 14.618067 36.289042 37.123383 15.641915 36.284044 0.329155
SEG 37.123383 15.641915 36.284044 37.141156 16.938732 36.286221 0.329155
SEG 37.141156 16.938732 36.286221 37.156634 18.234345 36.287531 0.329155
SEG 37.156634 18.234345 36.287531 37.211284 19.499368 36.249456 0.329155
SEG 37.211284 19.499368 36.249456 37.184501 20.823723 36.287166 0.329155
SEG 37.184501 20.823723 36.287166 37.203426 22.118292 36.285193 0.329155
SEG 37.203426 22.118292 36.285193 37.318094 23.400919 36.205128 0.329155
SEG 37.318094 23.400919 36.205128 37.294632 24.70812 36.275939 0.329155
SEG 37.294632 24.70812 36.275939 37.374438 26.003378 36.268322 0.329155
SEG 37.374438 26.003378 36.268322 37.284875 27.237936 36.295655 0.329155
SEG 37.284875 27.237936 36.295655 37.644454 28.590782 36.244423 0.329155
SEG 37.644454 28.590782 36.244423 37.844392 29.708371 36.227605 0.329155
SEG 37.844392 29.708371 36.227605 38.347474 30.837267 36.322605 0.329155
SEG 20.713087 5.057729 36.56348 20.7297 6.4100827 36.57179 0.312862
SEG 20.7297 6.4100827 36.57179 20.753619 7.7392598 36.572637 0.312862
SEG 20.753619 7.7392598 36.572637 20.786666 9.0497385 36.571842 0.312862
SEG 20.786666 9.0497385 36.571842 20.831064 10.345705 36.571317 0.312862
SEG 24.916758 6.3467615 37.45322 25.149819 7.6231069 37.444995 0.31012
SEG 25.149819 7.6231069 37.444995 25.472656 8.8639992 37.438768 0.31012
SEG 25.472656 8.8639992 37.438768 25.909392 10.069537 37.434652 0.31012
SEG 25.909392 10.069537 37.434652 26.524674 11.069478 37.66592 0.31012
SEG 26.524674 11.069478 37.66592 27.23707 12.228744 37.431388 0.31012
SEG 27.23707 12.228744 37.431388 28.166819 13.088021 37.431617 0.31012
SEG 28.166819 13.088021 37.431617 29.240114 13.76476 37.433075 0.31012
SEG 29.240114 13.76476 37.433075 30.40018 14.278473 37.436039 0.31012
SEG 30.40018 14.278473 37.436039 31.516419 14.720291 37.319156 0.31012
SEG 31.516419 14.720291 37.319156 32.874632 14.951865 37.44804 0.31012
SEG 32.874632 14.951865 37.44804 34.166416 15.153694 37.456723 0.31012
SEG 39.568945 30.965295 32.940996 38.271538 30.805154 33.225422 0.329827
SEG 28.359528 26.509214 33.466185 27.222611 27.308785 33.470963 0.329827
SEG 27.222611 27.308785 33.470963 26.457623 28.46925 33.465318 0.329827
SEG 26.457623 28.46925 33.465318 25.990293 29.783261 33.451306 0.329827
SEG 25.990293 29.783261 33.451306 25.67139 31.146896 33.429722 0.329827
SEG 25.67139 31.146896 33.429722 25.43133 32.53458 33.398875 0.329827
SEG 27.889662 32.956568 32.786029 28.999904 31.924986 32.761745 0.295298
SEG 28.999904 31.924986 32.761745 29.731876 30.697742 32.779095 0.295298
SEG 29.731876 30.697742 32.779095 30.749348 29.694267 32.778652 0.295298
SEG 30.749348 29.694267 32.778652 31.979844 28.975676 32.760618 0.295298
SEG 31.979844 28.975676 32.760618 32.840766 30.108226 32.71022 0.295298
SEG 32.840766 30.108226 32.71022 33.607446 31.294223 32.659444 0.295298
SEG 33.607446 31.294223 32.659444 34.464785 32.366633 32.599485 0.295298
SEG 34.464785 32.366633 32.599485 35.390853 33.312533 32.532478 0.295298
SEG 35.390853 33.312533 32.532478 36.489438 34.225147 32.330033 0.295298
SEG 36.489438 34.225147 32.330033 37.332533 34.729107 32.401401 0.295298
SEG 37.332533 34.729107 32.401401 38.365184 35.177174 32.350056 0.295298
SEG 38.365184 35.177174 32.350056 39.399962 35.334285 32.54638 0.295298
SEG 35.904368 35.818338 28.620496 36.672928 36.397338 28.846797 0.263063
SEG 36.672928 36.397338 28.846797 37.238812 37.051836 28.69347 0.263063
SEG 37.238812 37.051836 28.69347 38.306266 37.740464 28.775529 0.263063
SEG 38.306266 37.740464 28.775529 39.251662 38.196879 28.755238 0.263063
SEG 31.214653 35.616582 32.741356 32.0789 36.535742 32.67844 0.281257
SEG 32.0789 36.535742 32.67844 32.640766 37.522003 32.620343 0.281257
SEG 9.8309405 34.796484 33.063011 8.6897782 35.518013 33.009339 0.263063
SEG 8.6897782 35.518013 33.009339 7.7762825 36.388333 32.947663 0.263063
SEG 7.7762825 36.388333 32.947663 7.1298534 37.395168 32.884797 0.263063
SEG 7.1298534 37.395168 32.884797 6.7728857 38.387998 32.836578 0.263063
SEG 6.7728857 38.387998 32.836578 6.3740482 39.498491 32.785191 0.263063
SEG 0.37299603 5.8820103 35.760145 1.3703277 6.1990017 35.636061 0.263063
SEG 4.6627645 19.778416 36.959834 5.9936031 19.773475 36.963037 0.308176
SEG 5.9936031 19.773475 36.963037 7.297887 19.766125 36.959912 0.308176
SEG 7.297887 19.766125 36.959912 8.5832119 19.75583 36.956177 0.308176
SEG 8.5832119 19.75583 36.956177 10.058726 19.790184 37.044058 0.308176
SEG 10.058726 19.790184 37.044058 11.127015 19.723496 36.951992 0.308176
SEG 11.127015 19.723496 36.951992 12.389132 19.69905 36.95159 0.308176
SEG 12.389132 19.69905 36.95159 13.566061 19.492593 36.984109 0.308176
SEG 13.566061 19.492593 36.984109 14.892714 19.619509 36.95265 0.308176
SEG 14.892714 19.619509 36.95265 16.13624 19.548607 36.953507 0.308176
SEG 16.13624 19.548607 36.953507 17.372336 19.423386 36.954268 0.308176
SEG 17.372336 19.423386 36.954268 18.571459 19.10682 36.954744 0.308176
SEG 0.72901802 37.044679 32.589081 1.45512 36.730474 32.535012 0.263063
SEG 1.45512 36.730474 32.535012 2.236323 36.320628 32.764076 0.263063
SEG 2.236323 36.320628 32.764076 3.2450937 35.645553 32.637912 0.263063
SEG 3.2450937 35.645553 32.637912 4.1003986 34.942564 32.701483 0.263063
SEG 4.1003986 34.942564 32.701483 5.0111772 34.100723 32.771283 0.263063
SEG 5.0111772 34.100723 32.771283 5.9491298 33.148926 32.839929 0.263063
SEG 5.9491298 33.148926 32.839929 6.869717 32.126957 32.90087 0.263063
SEG 6.869717 32.126957 32.90087 7.8417606 31.107771 32.953793 0.263063
SEG 4.953874 27.571542 37.120142 6.2552142 27.811966 37.118748 0.311691
SEG 6.2552142 27.811966 37.118748 7.5071059 28.176917 37.114085 0.311691
SEG 7.5071059 28.176917 37.114085 8.6922522 28.702055 37.1102 0.311691
SEG 8.6922522 28.702055 37.1102 9.662676 29.56998 37.140265 0.311691
SEG 5.2987886 21.989915 37.083238 6.6146116 22.046033 37.080092 0.303492
SEG 6.6146116 22.046033 37.080092 7.9065945 22.127575 37.075036 0.303492
SEG 7.9065945 22.127575 37.075036 9.1804295 22.239845 37.070891 0.303492
SEG 9.1804295 22.239845 37.070891 10.439025 22.390314 37.068212 0.303492
SEG 10.439025 22.390314 37.068212 11.682857 22.591055 37.066835 0.303492
SEG 11.682857 22.591055 37.066835 12.906837 22.862978 37.066397 0.303492
SEG 12.906837 22.862978 37.066397 14.096219 23.247643 37.066499 0.303492
SEG 14.096219 23.247643 37.066499 15.202217 23.825122 37.066741 0.303492
SEG 15.202217 23.825122 37.066741 16.099458 24.692113 37.066757 0.303492
SEG 16.099458 24.692113 37.066757 16.704219 25.783432 37.066526 0.303492
SEG 16.704219 25.783432 37.066526 17.104915 26.967509 37.066396 0.303492
SEG 17.104915 26.967509 37.066396 17.386219 28.189367 37.066763 0.303492
SEG 17.386219 28.189367 37.066763 17.59319 29.432178 37.068029 0.303492
SEG 17.59319 29.432178 37.068029 17.748204 30.690222 37.070565 0.303492
SEG 17.748204 30.690222 37.070565 17.86403 31.963739 37.074566 0.303492
SEG 35.220448 24.595673 37.22309 33.893345 24.719828 37.220019 0.316981
SEG 33.893345 24.719828 37.220019 32.600161 24.907552 37.21359 0.316981
SEG 32.600161 24.907552 37.21359 31.338811 25.173766 37.207998 0.316981
SEG 31.338811 25.173766 37.207998 30.115419 25.537809 37.204106 0.316981
SEG 30.115419 25.537809 37.204106 28.946295 26.030564 37.201791 0.316981
SEG 28.946295 26.030564 37.201791 27.869674 26.692817 37.200711 0.316981
SEG 27.869674 26.692817 37.200711 26.944783 27.557321 37.200569 0.316981
SEG 26.944783 27.557321 37.200569 26.219438 28.594011 37.201344 0.316981
SEG 26.219438 28.594011 37.201344 25.676104 29.745011 37.203245 0.316981
SEG 25.676104 29.745011 37.203245 25.273807 30.962476 37.206637 0.316981
SEG 25.273807 30.962476 37.206637 24.978177 32.224989 37.211796 0.316981
SEG 31.138315 21.199093 33.102239 29.752538 21.249371 33.129145 0.32209
SEG 29.752538 21.249371 33.129145 28.376669 21.312516 33.149726 0.32209
SEG 28.376669 21.312516 33.149726 27.011363 21.394699 33.165637 0.32209
SEG 27.011363 21.394699 33.165637 25.656561 21.506945 33.177851 0.32209
SEG 25.656561 21.506945 33.177851 24.317121 21.674044 33.186853 0.32209
SEG 24.317121 21.674044 33.186853 23.008555 21.991898 33.192625 0.32209
SEG 23.008555 21.991898 33.192625 22.042148 22.929697 33.192778 0.32209
SEG 22.042148 22.929697 33.192778 21.703106 24.232936 33.18726 0.32209
SEG 21.703106 24.232936 33.18726 21.528873 25.571467 33.178462 0.32209
SEG 21.528873 25.571467 33.178462 21.413291 26.922359 33.166496 0.32209
SEG 21.413291 26.922359 33.166496 21.328721 28.287522 33.150841 0.32209
SEG 21.328721 28.287522 33.150841 21.263917 29.663319 33.130586 0.32209
SEG 21.263917 29.663319 33.130586 21.21247 31.049676 33.104147 0.32209
SEG 2.9358997 16.102601 39.285519 3.2704274 15.078013 39.440046 0.263063
SEG 3.2704274 15.078013 39.440046 3.6058777 14.083075 39.431604 0.263063
SEG 3.6058777 14.083075 39.431604 3.9979098 13.109042 39.423227 0.263063
SEG 3.9979098 13.109042 39.423227 4.4652836 12.168831 39.415154 0.263063
SEG 4.4652836 12.168831 39.415154 5.0270172 11.281757 39.407748 0.263063
SEG 5.0270172 11.281757 39.407748 5.680398 10.459836 39.401527 0.263063
SEG 5.680398 10.459836 39.401527 6.4834245 9.609583 39.320899 0.263063
SEG 6.4834245 9.609583 39.320899 7.1330648 8.9437817 39.393985 0.263063
SEG 7.1330648 8.9437817 39.393985 8.0626504 8.1891193 39.311728 0.263063
SEG 8.0626504 8.1891193 39.311728 8.6188015 7.4596773 39.393243 0.263063
SEG 8.6188015 7.4596773 39.393243 9.3604327 6.7163884 39.395396 0.263063
SEG 9.3604327 6.7163884 39.395396 10.116901 5.9882122 39.399281 0.263063
SEG 10.116901 5.9882122 39.399281 10.91347 5.3041455 39.404842 0.263063
SEG 10.91347 5.3041455 39.404842 11.793123 4.7593819 39.337592 0.263063
SEG 11.793123 4.7593819 39.337592 12.691097 4.1919817 39.419641 0.263063
SEG 12.691097 4.1919817 39.419641 13.652698 3.7703717 39.427909 0.263063
SEG 13.652698 3.7703717 39.427909 14.639991 3.4130473 39.436315 0.263063
SEG 14.639991 3.4130473 39.436315 15.583766 3.2665403 39.362486 0.263063
SEG 32.357273 5.8144359 35.326416 33.210564 7.0111474 35.38115 0.263063
SEG 33.210564 7.0111474 35.38115 34.437111 7.7418917 35.321254 0.263063
SEG 34.437111 7.7418917 35.321254 35.430105 6.7313809 35.275032 0.263063
SEG 35.430105 6.7313809 35.275032 36.223243 5.6127771 35.218104 0.263063
SEG 36.223243 5.6127771 35.218104 37.058488 4.7454991 35.149078 0.263063
SEG 37.058488 4.7454991 35.149078 37.906915 4.1308233 35.079478 0.263063
SEG 37.906915 4.1308233 35.079478 38.866289 3.7087388 35.01666 0.263063
SEG 34.606578 9.7268331 32.376944 35.421454 8.6690165 32.318092 0.263063
SEG 35.421454 8.6690165 32.318092 36.358488 7.8384335 32.254847 0.263063
SEG 36.358488 7.8384335 32.254847 37.396821 7.251097 32.194456 0.263063
SEG 33.119072 28.635752 36.864193 31.873948 29.128638 36.862005 0.320117
SEG 31.873948 29.128638 36.862005 30.742123 29.838119 36.860476 0.320117
SEG 30.742123 29.838119 36.860476 29.802755 30.787845 36.860514 0.320117
SEG 29.802755 30.787845 36.860514 29.103598 31.926076 36.862101 0.320117
SEG 29.103598 31.926076 36.862101 28.616475 33.182712 36.864288 0.320117
SEG 5.6404744 39.174435 36.183212 6.042591 38.206706 36.248801 0.29256
SEG 6.042591 38.206706 36.248801 7.0331659 37.545516 36.303384 0.29256
SEG 7.0331659 37.545516 36.303384 8.1645491 37.170672 36.332597 0.29256
SEG 8.1645491 37.170672 36.332597 9.3586417 36.613443 36.36407 0.29256
SEG 9.3586417 36.613443 36.36407 9.2094238 35.243961 36.406408 0.29256
SEG 9.2094238 35.243961 36.406408 8.7772339 33.906565 36.4218 0.29256
SEG 8.7772339 33.906565 36.4218 8.0900612 32.69811 36.425995 0.29256
SEG 8.0900612 32.69811 36.425995 7.083492 31.751043 36.425597 0.29256
SEG 7.083492 31.751043 36.425597 5.8578553 31.126817 36.420219 0.29256
SEG 5.8578553 31.126817 36.420219 4.5246423 30.73339 36.40169 0.29256
SEG 26.409157 20.998166 37.067698 25.17164 21.140887 37.068213 0.304408
SEG 25.17164 21.140887 37.068213 23.948288 21.360851 37.06888 0.304408
SEG 23.948288 21.360851 37.06888 22.772102 21.755957 37.069423 0.304408
SEG 22.772102 21.755957 37.069423 21.857519 22.594443 37.069473 0.304408
SEG 21.857519 22.594443 37.069473 21.409574 23.753892 37.068982 0.304408
SEG 21.409574 23.753892 37.068982 21.170159 24.974679 37.068319 0.304408
SEG 21.170159 24.974679 37.068319 21.01782 26.212998 37.067762 0.304408
SEG 21.01782 26.212998 37.067762 20.911532 27.460893 37.067608 0.304408
SEG 20.911532 27.460893 37.067608 20.833715 28.710887 37.0682 0.304408
SEG 20.833715 28.710887 37.0682 20.775064 29.968167 37.069904 0.304408
SEG 20.775064 29.968167 37.069904 20.730674 31.234319 37.073022 0.304408
SEG 20.730674 31.234319 37.073022 20.69759 32.512116 37.077543 0.304408
SEG 20.69759 32.512116 37.077543 20.673687 33.816282 37.082418 0.304408
SEG 7.8601079 4.0183508 39.409161 7.2633409 4.7225665 39.343278 0.263063
SEG 7.2633409 4.7225665 39.343278 6.3086864 5.432506 39.398087 0.263063
SEG 6.3086864 5.432506 39.398087 5.7436008 5.9799169 39.336445 0.263063
SEG 5.7436008 5.9799169 39.336445 4.8338201 6.9273255 39.400975 0.263063
SEG 4.8338201 6.9273255 39.400975 4.1370728 7.7128184 39.407625 0.263063
SEG 4.1370728 7.7128184 39.407625 3.5114729 8.5560454 39.417263 0.263063
SEG 3.5114729 8.5560454 39.417263 2.9605082 9.4497973 39.429324 0.263063
SEG 2.9605082 9.4497973 39.429324 2.4570914 10.322344 39.371625 0.263063
SEG 26.08448 2.0835265 39.48864 27.042866 2.5122977 39.476329 0.263063
SEG 27.042866 2.5122977 39.476329 28.010089 2.9207581 39.464545 0.263063
SEG 28.010089 2.9207581 39.464545 28.972073 3.341438 39.453852 0.263063
SEG 28.972073 3.341438 39.453852 29.911588 3.810183 39.444314 0.263063
SEG 29.911588 3.810183 39.444314 30.802417 4.3659287 39.435953 0.263063
SEG 30.802417 4.3659287 39.435953 31.756067 5.2087015 39.351852 0.263063
SEG 31.756067 5.2087015 39.351852 32.401562 5.7247703 39.424898 0.263063
SEG 32.401562 5.7247703 39.424898 33.151951 6.4592176 39.422974 0.263063
SEG 33.151951 6.4592176 39.422974 33.892352 7.2037345 39.423569 0.263063
SEG 33.892352 7.2037345 39.423569 34.61786 7.9627656 39.426683 0.263063
SEG 34.61786 7.9627656 39.426683 35.303422 8.7580483 39.432218 0.263063
SEG 35.303422 8.7580483 39.432218 35.910551 9.6146912 39.439778 0.263063
SEG 35.910551 9.6146912 39.439778 36.490285 10.466587 39.372806 0.263063
SEG 36.490285 10.466587 39.372806 36.861881 11.484939 39.4588 0.263063
SEG 36.861881 11.484939 39.4588 37.272237 12.451366 39.470071 0.263063
SEG 37.272237 12.451366 39.470071 37.688443 13.415277 39.482238 0.263063
SEG 37.688443 13.415277 39.482238 37.912671 14.231771 39.406106 0.263063
SEG 11.906858 2.5904383 0.74155654 12.210548 3.6810883 0.26310982 0.263063
SEG 25.972246 1.0958958 1.2742211 25.699046 2.6329938 0.73649945 0.263063
SEG 0.3125 8.4375 1.5625 1.3177789 8.560384 1.2853468 0.263063
SEG 1.3177789 8.560384 1.2853468 2.4947112 8.9187873 0.75750492 0.263063
SEG 2.4947112 8.9187873 0.75750492 3.5476928 9.3464896 0.26310852 0.263063
SEG 36.3914 10.490737 0.2631129 37.577364 9.9860356 0.80768793 0.263063
SEG 37.577364 9.9860356 0.80768793 38.911425 9.9580113 1.234597 0.263063
SEG 0.3125 11.5625 1.5625 1.3226506 11.644744 1.288034 0.263063
SEG 1.3226506 11.644744 1.288034 2.5904383 11.906858 0.74155654 0.263063
SEG 2.5904383 11.906858 0.74155654 3.6810883 12.210548 0.26310982 0.263063
SEG 0.3125 14.6875 1.5625 1.3252062 14.736638 1.289532 0.263063
SEG 1.3252062 14.736638 1.289532 2.6405129 14.900121 0.73573035 0.263063
SEG 36.237185 15.088562 0.26311139 37.359487 14.900121 0.73573035 0.263063
SEG 36.191507 21.445794 0.2630918 37.135801 21.543744 0.76651483 0.263063
SEG 37.135801 21.543744 0.76651483 38.673491 21.548469 1.2903082 0.263063
SEG 38.673491 21.548469 1.2903082 39.703965 21.449055 1.5702439 0.263063
SEG 37.367006 25.699046 0.73649945 38.675177 25.882124 1.2893049 0.263063
SEG 38.675177 25.882124 1.2893049 39.648653 25.960846 1.2979449 0.263063
SEG 36.3914 29.509263 0.2631129 37.459318 29.886227 0.74904775 0.263063
SEG 37.459318 29.886227 0.74904775 38.852121 30.430762 1.2562517 0.263063
SEG 30.559334 35.641435 0.38022849 31.218468 37.243415 1.0644604 0.320653
SEG 31.218468 37.243415 1.0644604 31.493218 38.525499 1.4896337 0.320653
SEG 34.052486 36.230194 0.45769116 34.888759 37.505206 1.1441838 0.274961
SEG 36.47114 36.796235 1.5548641 37.40921 37.500661 1.9135806 0.263063
SEG 10.490737 36.3914 0.2631129 9.9860356 37.577364 0.80768793 0.263063
SEG 9.9860356 37.577364 0.80768793 9.7928358 38.679887 1.2866008 0.263063
SEG 9.7928358 38.679887 1.2866008 9.6875 39.6875 1.5625 0.263063
SEG 15.088562 36.237185 0.26311139 14.900121 37.359487 0.73573035 0.263063
SEG 20.867524 36.188811 0.26309232 20.900507 37.332387 0.73325478 0.263063
SEG 20.900507 37.332387 0.73325478 20.929096 38.673417 1.2903525 0.263063
SEG 20.929096 38.673417 1.2903525 20.950508 39.707262 1.5717946 0.263063
SEG 25.699046 37.367006 0.73649945 25.882124 38.675177 1.2893049 0.263063
SEG 25.882124 38.675177 1.2893049 25.903795 39.707258 1.5108739 0.263063
SEG 33.937769 31.47709 0.98104623 35.37672 32.412169 1.7286535 0.263063
SEG 35.37672 32.412169 1.7286535 36.834369 33.028493 2.2773834 0.263063
SEG 36.834369 33.028493 2.2773834 38.036249 33.317128 2.6258984 0.263063
SEG 38.66046 35.197078 14.028538 37.477424 36.009502 14.031856 0.352195
SEG 37.477424 36.009502 14.031856 36.595412 36.887077 14.016594 0.352195
SEG 36.595412 36.887077 14.016594 35.461636 38.08465 14.030891 0.352195
SEG 0.35651691 38.479871 16.7838 1.5095827 37.487182 16.81962 0.35486
SEG 1.5095827 37.487182 16.81962 2.3720936 36.109609 16.958829 0.35486
SEG 0.33381468 38.513306 21.197465 1.3809154 37.596739 21.229301 0.332766
SEG 1.3809154 37.596739 21.229301 2.5123833 36.919099 20.999218 0.332766
SEG 2.5123833 36.919099 20.999218 3.712735 37.440035 21.266673 0.332766
SEG 3.712735 37.440035 21.266673 4.7687137 38.259878 21.278769 0.332766
SEG 4.7687137 38.259878 21.278769 5.9010509 38.979427 21.300304 0.332766
SEG 5.9010509 38.979427 21.300304 7.1412628 39.49775 21.32936 0.332766
SEG 20.841178 39.46212 15.947877 20.778328 37.806843 15.775437 0.331842
SEG 20.778328 37.806843 15.775437 20.795997 36.403213 15.798303 0.331842
SEG 20.795997 36.403213 15.798303 20.816675 35.025766 15.82315 0.331842
SEG 20.816675 35.025766 15.82315 20.839981 33.670917 15.84697 0.331842
SEG 20.839981 33.670917 15.84697 20.86641 32.321158 15.868415 0.331842
SEG 20.86641 32.321158 15.868415 20.896736 30.970357 15.886782 0.331842
SEG 20.896736 30.970357 15.886782 20.932205 29.614249 15.901874 0.331842
SEG 20.932205 29.614249 15.901874 20.974842 28.250339 15.913814 0.331842
SEG 20.974842 28.250339 15.913814 21.028255 26.873091 15.922928 0.331842
SEG 21.028255 26.873091 15.922928 21.098678 25.487868 15.929561 0.331842
SEG 21.098678 25.487868 15.929561 21.200383 24.097042 15.934115 0.331842
SEG 21.200383 24.097042 15.934115 21.382467 22.70967 15.936927 0.331842
SEG 21.382467 22.70967 15.936927 22.1875 21.5625 15.9375 0.331842
SEG 22.1875 21.5625 15.9375 23.5624 21.290977 15.935337 0.331842
SEG 23.5624 21.290977 15.935337 24.953221 21.164241 15.931488 0.331842
SEG 24.953221 21.164241 15.931488 26.34173 21.081696 15.9257 0.331842
SEG 26.34173 21.081696 15.9257 27.71869 21.021184 15.917618 0.331842
SEG 27.71869 21.021184 15.917618 29.086935 20.973629 15.906828 0.331842
SEG 29.086935 20.973629 15.906828 30.446722 20.934593 15.892977 0.331842
SEG 30.446722 20.934593 15.892977 31.799746 20.901552 15.875868 0.331842
SEG 31.799746 20.901552 15.875868 33.149363 20.872964 15.855565 0.331842
SEG 37.460976 36.975652 16.600033 38.542606 38.004322 16.577198 0.357256
SEG 38.542606 38.004322 16.577198 39.516573 39.281092 16.579035 0.357256
SEG 29.300018 0.99893665 18.976474 29.666064 1.9298976 19.018572 0.314862
SEG 29.666064 1.9298976 19.018572 30.179173 3.1683974 19.029091 0.314862
SEG 30.179173 3.1683974 19.029091 30.756358 4.3677869 19.042397 0.314862
SEG 30.756358 4.3677869 19.042397 31.416815 5.5064395 19.054599 0.314862
SEG 31.416815 5.5064395 19.054599 32.1875 6.5625 19.0625 0.314862
SEG 32.1875 6.5625 19.0625 32.881699 7.5374006 19.248136 0.314862
SEG 32.881699 7.5374006 19.248136 34.107239 8.3237251 19.05807 0.314862
SEG 34.107239 8.3237251 19.05807 35.218166 9.0188035 19.04703 0.314862
SEG 35.218166 9.0188035 19.04703 36.395603 9.6214281 19.033705 0.314862
SEG 39.653781 20.834612 20.291368 38.447668 20.528248 19.970651 0.320975
SEG 38.447668 20.528248 19.970651 37.081957 20.539339 19.994878 0.320975
SEG 37.081957 20.539339 19.994878 35.739892 20.552775 20.027294 0.320975
SEG 35.739892 20.552775 20.027294 34.409674 20.568067 20.064298 0.320975
SEG 34.409674 20.568067 20.064298 33.089133 20.585206 20.103016 0.320975
SEG 33.089133 20.585206 20.103016 31.770502 20.604562 20.141463 0.320975
SEG 31.770502 20.604562 20.141463 30.451318 20.626723 20.178068 0.320975
SEG 30.451318 20.626723 20.178068 29.129503 20.652617 20.211695 0.320975
SEG 29.129503 20.652617 20.211695 27.804033 20.683703 20.241541 0.320975
SEG 27.804033 20.683703 20.241541 26.474588 20.722444 20.267066 0.320975
SEG 26.474588 20.722444 20.267066 25.141486 20.773407 20.287941 0.320975
SEG 25.141486 20.773407 20.287941 23.805835 20.846501 20.303971 0.320975
SEG 23.805835 20.846501 20.303971 22.470244 20.972299 20.314998 0.320975
SEG 22.470244 20.972299 20.314998 21.238692 21.506286 20.319195 0.320975
SEG 21.238692 21.506286 20.319195 20.9375 22.8125 20.3125 0.320975
SEG 20.9375 22.8125 20.3125 20.831782 24.148774 20.300165 0.320975
SEG 20.831782 24.148774 20.300165 20.765397 25.48476 20.282868 0.320975
SEG 20.765397 25.48476 20.282868 20.717732 26.817964 20.26076 0.320975
SEG 20.717732 26.817964 20.26076 20.680893 28.14744 20.234067 0.320975
SEG 20.680893 28.14744 20.234067 20.651067 29.470989 20.203215 0.320975
SEG 20.651067 29.470989 20.203215 20.62604 30.791312 20.168753 0.320975
SEG 20.62604 30.791312 20.168753 20.604497 32.109815 20.131549 0.320975
SEG 20.604497 32.109815 20.131549 20.585596 33.428999 20.092816 0.320975
SEG 20.585596 33.428999 20.092816 20.568809 34.75176 20.054258 0.320975
SEG 20.568809 34.75176 20.054258 20.55388 36.082007 20.018176 0.320975
SEG 20.55388 36.082007 20.018176 20.5409 37.424119 19.987587 0.320975
SEG 20.5409 37.424119 19.987587 20.530655 38.789886 19.966346 0.320975
SEG 35.899372 2.1645458 21.008914 37.368173 3.6946859 20.985709 0.331392
SEG 37.368173 3.6946859 20.985709 38.363397 3.1845373 20.917999 0.331392
SEG 5.310962 0.32355078 21.562525 5.1258397 1.6536555 21.565501 0.32344
SEG 5.1258397 1.6536555 21.565501 4.2321365 2.6508951 21.55782 0.32344
SEG 4.2321365 2.6508951 21.55782 3.303812 3.6069746 21.556005 0.32344
SEG 3.303812 3.6069746 21.556005 2.3355455 4.521349 21.559569 0.32344
SEG 2.3355455 4.521349 21.559569 1.3346332 5.4048591 21.569471 0.32344
SEG 33.175283 8.0139281 25.521962 34.272623 7.3343712 25.464242 0.302737
SEG 34.272623 7.3343712 25.464242 35.417601 6.7771159 25.411528 0.302737
SEG 35.417601 6.7771159 25.411528 36.591716 6.2758065 25.587743 0.302737
SEG 36.591716 6.2758065 25.587743 37.828376 6.0909487 25.333015 0.302737
SEG 37.828376 6.0909487 25.333015 39.0625 5.9375 25.3125 0.302737
SEG 38.212313 1.7876866 30.2615 38.954584 1.0454162 30.237637 0.263063
SEG 32.993423 15.160679 27.382726 34.073954 14.378141 27.328367 0.308114
SEG 34.073954 14.378141 27.328367 35.293771 13.891293 27.273557 0.308114
SEG 35.293771 13.891293 27.273557 36.606543 13.476085 27.036224 0.308114
SEG 19.376644 37.077837 27.180172 19.0625 38.4375 27.1875 0.306987
SEG 19.0625 38.4375 27.1875 19.055979 39.692931 27.173633 0.306987
SEG 21.76997 39.725257 30.756907 21.761117 38.839732 30.766528 0.274686
SEG 21.761117 38.839732 30.766528 21.673904 37.955981 30.668974 0.274686
SEG 21.673904 37.955981 30.668974 21.041381 36.577487 30.840037 0.274686
SEG 21.041381 36.577487 30.840037 19.787454 36.443694 30.846806 0.274686
SEG 19.787454 36.443694 30.846806 19.090743 37.454032 30.808059 0.274686
SEG 19.090743 37.454032 30.808059 19.198563 38.316227 30.653523 0.274686
SEG 23.189165 10.926603 28.664286 21.685046 10.836952 28.400835 0.329614
SEG 21.685046 10.836952 28.400835 20.299654 10.912725 28.406949 0.329614
SEG 20.299654 10.912725 28.406949 18.912353 10.882904 28.404529 0.329614
SEG 18.912353 10.882904 28.404529 18.4375 12.1875 28.4375 0.329614
SEG 18.4375 12.1875 28.4375 18.293848 13.568434 28.467961 0.329614
SEG 18.293848 13.568434 28.467961 18.09955 14.942287 28.491399 0.329614
SEG 18.09955 14.942287 28.491399 17.785197 16.292444 28.50749 0.329614
SEG 17.785197 16.292444 28.50749 17.025883 17.448742 28.512492 0.329614
SEG 17.025883 17.448742 28.512492 15.735677 17.947203 28.501875 0.329614
SEG 15.735677 17.947203 28.501875 14.373865 18.194937 28.482652 0.329614
SEG 14.373865 18.194937 28.482652 12.997496 18.363042 28.456317 0.329614
SEG 12.997496 18.363042 28.456317 11.616201 18.499124 28.423003 0.329614
SEG 5.0670937 36.63738 28.480414 4.6366147 37.602329 28.483402 0.267808
SEG 4.6366147 37.602329 28.483402 4.2538113 38.632558 28.452631 0.267808
SEG 4.2538113 38.632558 28.452631 4.3102614 39.682726 28.255761 0.267808
SEG 30.499534 0.32153264 29.302335 30.217212 1.4923957 29.078978 0.290881
SEG 30.217212 1.4923957 29.078978 29.982531 2.6780279 29.114139 0.290881
SEG 29.982531 2.6780279 29.114139 29.568113 3.8575343 29.164107 0.290881
SEG 29.568113 3.8575343 29.164107 28.929028 4.9779605 29.222792 0.290881
SEG 28.929028 4.9779605 29.222792 28.060403 5.9608879 29.282037 0.290881
SEG 28.060403 5.9608879 29.282037 26.981796 6.7679378 29.335977 0.290881
SEG 21.991687 13.312288 29.665461 22.1875 14.6875 29.6875 0.329709
SEG 22.1875 14.6875 29.6875 22.389092 16.235553 29.623499 0.329709
SEG 22.389092 16.235553 29.623499 23.284526 17.188808 29.707059 0.329709
SEG 23.284526 17.188808 29.707059 24.579484 17.681413 29.696714 0.329709
SEG 24.579484 17.681413 29.696714 25.945327 17.925228 29.678286 0.329709
SEG 25.945327 17.925228 29.678286 27.326067 18.091962 29.653135 0.329709
SEG 27.326067 18.091962 29.653135 28.713962 18.221138 29.62107 0.329709
SEG 35.166853 25.660367 29.840986 36.145202 26.513146 29.788443 0.289068
SEG 36.145202 26.513146 29.788443 37.321718 26.939675 29.738931 0.289068
SEG 33.422386 34.787716 29.900092 34.183364 35.742606 29.837731 0.263063
SEG 34.183364 35.742606 29.837731 34.846559 36.712227 29.781622 0.263063
SEG 1.4438732 1.4348128 30.469667 2.0414365 2.0312103 30.355131 0.263063
SEG 2.0414365 2.0312103 30.355131 2.7817849 2.7748251 30.39283 0.263063
SEG 2.7817849 2.7748251 30.39283 3.5227045 3.5174353 30.438307 0.263063
SEG 1.7681135 16.561352 30.481918 2.6325702 16.706344 30.36287 0.282333
SEG 2.6325702 16.706344 30.36287 3.7414615 17.260239 30.408429 0.282333
SEG 3.7414615 17.260239 30.408429 4.2105891 18.437683 30.433465 0.282333
SEG 4.2105891 18.437683 30.433465 4.3364551 19.72447 30.441439 0.282333
SEG 4.3364551 19.72447 30.441439 4.2878625 21.015976 30.438313 0.282333
SEG 4.2878625 21.015976 30.438313 4.0319893 22.282904 30.422856 0.282333
SEG 4.0319893 22.282904 30.422856 3.1749848 23.330317 30.131066 0.282333
SEG 3.1749848 23.330317 30.131066 1.9756455 23.61751 30.491711 0.282333
SEG 1.9756455 23.61751 30.491711 0.72598084 23.555659 30.315128 0.282333
SEG 2.2927862 17.014673 33.637258 2.6769835 18.073073 33.658187 0.263063
SEG 2.6769835 18.073073 33.658187 2.7888977 19.266028 33.665442 0.263063
SEG 2.7888977 19.266028 33.665442 2.7969303 20.462892 33.66603 0.263063
SEG 2.7969303 20.462892 33.66603 2.717941 21.656895 33.660708 0.263063
SEG 2.717941 21.656895 33.660708 2.4019849 22.811742 33.642888 0.263063
SEG 37.424288 19.705423 30.988391 38.583009 19.690284 30.953715 0.274625
SEG 38.583009 19.690284 30.953715 39.693699 19.665021 30.871841 0.274625
SEG 5.5399617 34.624458 31.206527 4.6983735 35.488705 31.141202 0.263063
SEG 4.6983735 35.488705 31.141202 3.9360022 36.286469 31.083244 0.263063
SEG 3.9360022 36.286469 31.083244 3.2241953 37.056706 31.032582 0.263063
SEG 3.2241953 37.056706 31.032582 2.5385707 37.850758 30.988987 0.263063
SEG 2.5385707 37.850758 30.988987 1.9251425 38.702275 30.955459 0.263063
SEG 1.9251425 38.702275 30.955459 1.5625 39.6875 30.9375 0.263063
SEG 34.922588 35.053335 31.805333 35.719101 35.870639 31.742017 0.263063
SEG 35.719101 35.870639 31.742017 36.448094 36.631935 31.685748 0.263063
SEG 36.448094 36.631935 31.685748 37.128751 37.248725 31.703642 0.263063
SEG 37.128751 37.248725 31.703642 37.847735 38.194302 31.592651 0.263063
SEG 36.921598 1.3279595 32.837756 36.415323 2.1616128 32.919918 0.263063
SEG 14.903774 37.002116 33.72873 13.747218 37.185056 33.519739 0.263063
SEG 13.747218 37.185056 33.519739 12.978289 38.026333 33.474541 0.263063
SEG 12.978289 38.026333 33.474541 12.8125 39.0625 33.4375 0.263063
SEG 7.3579199 34.170484 33.776232 6.3318334 35.042415 33.715773 0.263063
SEG 6.3318334 35.042415 33.715773 5.4369028 35.936638 33.647662 0.263063
SEG 23.593023 37.216844 33.641531 24.891567 37.653857 33.502225 0.263063
SEG 24.891567 37.653857 33.502225 25.265792 38.63879 33.460446 0.263063
SEG 25.265792 38.63879 33.460446 25.317087 39.702914 33.188159 0.263063
SEG 10.151945 2.338029 34.138583 11.057827 3.0243879 34.184476 0.263063
SEG 39.179461 22.016265 34.068204 38.1418 21.860322 34.106155 0.263063
SEG 38.1418 21.860322 34.106155 37.813296 20.800947 34.122296 0.263063
SEG 37.813296 20.800947 34.122296 37.791446 19.692185 34.123676 0.263063
SEG 28.234775 36.93298 34.1518 29.196046 37.74309 34.05417 0.263063
SEG 29.196046 37.74309 34.05417 29.6875 38.4375 34.0625 0.263063
SEG 29.6875 38.4375 34.0625 29.803745 39.480537 34.029932 0.263063
SEG 32.172549 32.265805 34.426984 31.4693 33.517036 34.410717 0.263063
SEG 31.4693 33.517036 34.410717 32.31759 34.639944 34.361222 0.263063
SEG 32.31759 34.639944 34.361222 33.432335 35.438417 34.306032 0.263063
SEG 33.432335 35.438417 34.306032 34.360612 36.293157 34.240615 0.263063
SEG 34.360612 36.293157 34.240615 35.074691 37.162235 34.173084 0.263063
SEG 35.074691 37.162235 34.173084 35.599366 38.069597 34.110554 0.263063
SEG 35.599366 38.069597 34.110554 35.9375 39.0625 34.0625 0.263063
SEG 0.3125 28.4375 34.6875 1.3359994 28.20143 34.664383 0.263063
SEG 20.802283 3.7535948 39.667619 21.851713 3.7881869 39.667035 0.263063
SEG 21.851713 3.7881869 39.667035 22.899897 3.8498958 39.666045 0.263063
SEG 22.899897 3.8498958 39.666045 23.945933 3.9410451 39.664676 0.263063
SEG 23.945933 3.9410451 39.664676 24.988332 4.0671387 39.662935 0.263063
SEG 24.988332 4.0671387 39.662935 26.023789 4.2412781 39.660796 0.263063
SEG 26.023789 4.2412781 39.660796 27.045312 4.4841437 39.658225 0.263063
SEG 27.045312 4.4841437 39.658225 28.145806 4.7797926 39.459884 0.263063
SEG 28.145806 4.7797926 39.459884 28.982611 5.2832129 39.651974 0.263063
SEG 28.982611 5.2832129 39.651974 29.853534 5.8697144 39.648879 0.263063
SEG 29.853534 5.8697144 39.648879 30.659608 6.5425725 39.646459 0.263063
SEG 30.659608 6.5425725 39.646459 31.426689 7.2595691 39.645004 0.263063
SEG 31.426689 7.2595691 39.645004 32.174378 7.9967679 39.644597 0.263063
SEG 32.174378 7.9967679 39.644597 33.015936 8.7304382 39.454625 0.263063
SEG 33.015936 8.7304382 39.454625 33.617647 9.5218503 39.646939 0.263063
SEG 33.617647 9.5218503 39.646939 34.275021 10.340601 39.649549 0.263063
SEG 34.275021 10.340601 39.649549 34.8353 11.22862 39.652734 0.263063
SEG 34.8353 11.22862 39.652734 35.26664 12.185926 39.655956 0.263063
SEG 35.26664 12.185926 39.655956 35.57918 13.188328 39.658858 0.263063
SEG 35.57918 13.188328 39.658858 35.804326 14.213903 39.661328 0.263063
SEG 35.804326 14.213903 39.661328 35.896348 15.260882 39.469895 0.263063
SEG 35.896348 15.260882 39.469895 36.082888 16.294871 39.665026 0.263063
SEG 36.082888 16.294871 39.665026 36.166894 17.341505 39.666308 0.263063
SEG 36.166894 17.341505 39.666308 36.222277 18.390043 39.667209 0.263063
SEG 36.222277 18.390043 39.667209 36.250682 19.439658 39.667693 0.263063
SEG 36.250682 19.439658 39.667693 36.251617 20.489658 39.667709 0.263063
SEG 36.251617 20.489658 39.667709 36.225002 21.539321 39.667255 0.263063
SEG 36.225002 21.539321 39.667255 36.171466 22.587954 39.66638 0.263063
SEG 36.171466 22.587954 39.66638 36.089499 23.634749 39.665124 0.263063
SEG 36.089499 23.634749 39.665124 36.09139 24.795481 39.473441 0.263063
SEG 36.09139 24.795481 39.473441 35.816944 25.716536 39.661478 0.263063
SEG 35.816944 25.716536 39.661478 35.596744 26.743184 39.659037 0.263063
SEG 35.596744 26.743184 39.659037 35.291032 27.74769 39.656163 0.263063
SEG 35.291032 27.74769 39.656163 34.908803 28.53641 39.461274 0.263063
SEG 34.908803 28.53641 39.461274 34.315853 29.601725 39.649749 0.263063
SEG 34.315853 29.601725 39.649749 33.663201 30.424244 39.647087 0.263063
SEG 33.663201 30.424244 39.647087 32.955846 31.200225 39.645331 0.263063
SEG 32.955846 31.200225 39.645331 32.223369 31.952539 39.644607 0.263063
SEG 32.223369 31.952539 39.644607 31.476659 32.690729 39.644942 0.263063
SEG 31.476659 32.690729 39.644942 30.711356 33.409623 39.646327 0.263063
SEG 30.711356 33.409623 39.646327 29.908806 34.086682 39.648689 0.263063
SEG 29.908806 34.086682 39.648689 28.927237 34.548697 39.455448 0.263063
SEG 28.927237 34.548697 39.455448 28.104557 35.151724 39.655017 0.263063
SEG 28.104557 35.151724 39.655017 27.112623 35.496046 39.658037 0.263063
SEG 27.112623 35.496046 39.658037 26.092423 35.74441 39.660637 0.263063
SEG 26.092423 35.74441 39.660637 25.057651 35.922577 39.662805 0.263063
SEG 25.057651 35.922577 39.662805 24.01558 36.051356 39.664571 0.263063
SEG 24.01558 36.051356 39.664571 22.969734 36.144648 39.665964 0.263063
SEG 22.969734 36.144648 39.665964 21.921661 36.208223 39.66698 0.263063
SEG 21.921661 36.208223 39.66698 20.872292 36.244633 39.667593 0.263063
SEG 20.872292 36.244633 39.667593 19.796899 36.32836 39.685038 0.263063
SEG 19.796899 36.32836 39.685038 18.772495 36.23536 39.667435 0.263063
SEG 18.772495 36.23536 39.667435 17.723482 36.189865 39.666681 0.263063
SEG 17.723482 36.189865 39.666681 16.676037 36.116657 39.665535 0.263063
SEG 16.676037 36.116657 39.665535 15.63125 36.012178 39.664016 0.263063
SEG 15.63125 36.012178 39.664016 14.610755 35.734328 39.463491 0.263063
SEG 14.610755 35.734328 39.463491 13.560142 35.669771 39.659808 0.263063
SEG 13.560142 35.669771 39.659808 12.547502 35.392189 39.657061 0.263063
SEG 12.547502 35.392189 39.657061 11.570527 35.007468 39.653928 0.263063
SEG 11.570527 35.007468 39.653928 10.655755 34.492025 39.650667 0.263063
SEG 10.655755 34.492025 39.650667 9.813778 33.864676 39.647793 0.263063
SEG 9.813778 33.864676 39.647793 9.0268078 33.169569 39.645748 0.263063
SEG 9.0268078 33.169569 39.645748 8.2695432 32.442211 39.64472 0.263063
SEG 8.2695432 32.442211 39.64472 7.5273243 31.699506 39.644741 0.263063
SEG 7.5273243 31.699506 39.644741 6.8009187 30.941328 39.645813 0.263063
SEG 6.8009187 30.941328 39.645813 6.1078646 30.152549 39.647899 0.263063
SEG 6.1078646 30.152549 39.647899 5.339017 29.424451 39.516329 0.263063
SEG 5.339017 29.424451 39.516329 4.9741705 28.390013 39.654062 0.263063
SEG 4.9741705 28.390013 39.654062 4.5945123 27.411059 39.657183 0.263063
SEG 4.5945123 27.411059 39.657183 4.3206132 26.397416 39.659912 0.263063
SEG 4.3206132 26.397416 39.659912 4.1239664 25.365998 39.662207 0.263063
SEG 4.1239664 25.365998 39.662207 3.9827297 24.325542 39.664087 0.263063
SEG 3.9827297 24.325542 39.664087 3.8796565 23.280614 39.66559 0.263063
SEG 3.8796565 23.280614 39.66559 3.8076489 22.233087 39.66672 0.263063
SEG 3.8076489 22.233087 39.66672 3.763258 21.184026 39.667458 0.263063
SEG 3.763258 21.184026 39.667458 3.7459183 20.134169 39.667756 0.263063
SEG 36.765529 29.572279 39.511029 36.584255 30.496377 39.666068 0.263063
SEG 36.584255 30.496377 39.666068 36.248175 31.491131 39.662253 0.263063
SEG 36.248175 31.491131 39.662253 35.759832 32.420649 39.65812 0.263063
SEG 35.759832 32.420649 39.65812 35.133651 33.263493 39.654722 0.263063
SEG 35.133651 33.263493 39.654722 34.427024 34.040137 39.653099 0.263063
SEG 34.427024 34.040137 39.653099 33.674311 34.772205 39.653631 0.263063
SEG 2.7249722 26.610299 39.676503 2.8128969 27.65661 39.674575 0.263063
SEG 2.8128969 27.65661 39.674575 2.9289892 28.70017 39.672293 0.263063
SEG 2.9289892 28.70017 39.672293 3.0885656 29.737969 39.669583 0.263063
SEG 3.0885656 29.737969 39.669583 3.3156165 30.763122 39.666322 0.263063
SEG 3.3156165 30.763122 39.666322 3.6513363 31.757997 39.662395 0.263063
SEG 3.6513363 31.757997 39.662395 4.1425085 32.686023 39.658147 0.263063
SEG 4.1425085 32.686023 39.658147 4.7735819 33.52521 39.654725 0.263063
SEG 4.7735819 33.52521 39.654725 5.4846078 34.297829 39.653234 0.263063
SEG 5.4846078 34.297829 39.653234 6.2427508 35.024271 39.654049 0.263063
SEG 6.2427508 35.024271 39.654049 7.0584851 35.685383 39.65699 0.263063
SEG 7.0584851 35.685383 39.65699 7.9601316 36.22345 39.661153 0.263063
SEG 7.9601316 36.22345 39.661153 8.9399631 36.600827 39.665238 0.263063
SEG 8.9399631 36.600827 39.665238 9.9588228 36.854625 39.668691 0.263063
SEG 9.9588228 36.854625 39.668691 10.993928 37.030833 39.671549 0.263063
SEG 10.993928 37.030833 39.671549 12.036241 37.157627 39.673945 0.263063
SEG 12.036241 37.157627 39.673945 13.08194 37.252553 39.675971 0.263063
SEG 22.490165 4.4725216 37.208896 22.546988 5.8028873 37.208415 0.304047
SEG 22.546988 5.8028873 37.208415 22.633739 7.1051543 37.202259 0.304047
SEG 22.633739 7.1051543 37.202259 22.757042 8.3856032 37.196348 0.304047
SEG 22.757042 8.3856032 37.196348 22.924727 9.6476918 37.192067 0.304047
SEG 22.924727 9.6476918 37.192067 23.195393 10.830662 37.078142 0.304047
SEG 23.195393 10.830662 37.078142 23.450672 12.112728 37.188088 0.304047
SEG 23.450672 12.112728 37.188088 23.867179 13.294671 37.187584 0.304047
SEG 23.867179 13.294671 37.187584 24.464641 14.393262 37.187499 0.304047
SEG 24.464641 14.393262 37.187499 25.3125 15.3125 37.1875 0.304047
SEG 25.3125 15.3125 37.1875 26.370864 15.978629 37.187529 0.304047
SEG 26.370864 15.978629 37.187529 27.535659 16.440928 37.187872 0.304047
SEG 27.535659 16.440928 37.187872 28.907983 16.979758 37.27212 0.304047
SEG 28.907983 16.979758 37.27212 29.985523 17.016094 37.191154 0.304047
SEG 29.985523 17.016094 37.191154 31.240366 17.19872 37.194922 0.304047
SEG 31.240366 17.19872 37.194922 32.512405 17.333971 37.200379 0.304047
SEG 32.512405 17.333971 37.200379 33.813923 17.43131 37.206766 0.304047
SEG 12.789341 8.6009283 37.816997 12.1875 9.6875 37.8125 0.302412
SEG 12.1875 9.6875 37.8125 11.441576 10.680709 37.810449 0.302412
SEG 11.441576 10.680709 37.810449 10.556786 11.547898 37.810585 0.302412
SEG 10.556786 11.547898 37.810585 9.5507653 12.274154 37.812941 0.302412
SEG 9.5507653 12.274154 37.812941 8.4543013 12.857776 37.817782 0.302412
SEG 18.905654 6.9677002 38.464064 18.809159 8.1648042 38.453921 0.293419
SEG 18.809159 8.1648042 38.453921 18.691218 9.3592991 38.447065 0.293419
SEG 18.691218 9.3592991 38.447065 18.545826 10.549788 38.442612 0.293419
SEG 18.545826 10.549788 38.442612 18.363369 11.734256 38.439866 0.293419
SEG 18.363369 11.734256 38.439866 18.127955 12.908317 38.438297 0.293419
SEG 18.127955 12.908317 38.438297 17.8125 14.0625 38.4375 0.293419
SEG 17.8125 14.0625 38.4375 17.369154 15.173849 38.437164 0.293419
SEG 17.369154 15.173849 38.437164 16.565911 16.294129 38.340211 0.293419
SEG 16.565911 16.294129 38.340211 15.83904 16.984334 38.437084 0.293419
SEG 15.83904 16.984334 38.437084 14.784533 17.547077 38.437245 0.293419
SEG 14.784533 17.547077 38.437245 13.654175 17.937804 38.437719 0.293419
SEG 13.654175 17.937804 38.437719 12.49104 18.220733 38.438758 0.293419
SEG 12.49104 18.220733 38.438758 11.312369 18.434784 38.440698 0.293419
SEG 11.312369 18.434784 38.440698 10.125714 18.602411 38.443984 0.293419
SEG 10.125714 18.602411 38.443984 8.9339565 18.736986 38.449197 0.293419
SEG 8.9339565 18.736986 38.449197 7.738676 18.84661 38.457096 0.293419
SEG 7.738676 18.84661 38.457096 6.5399901 18.93665 38.468642 0.293419
SEG 34.619128 21.735985 38.485099 33.657411 21.76708 38.471316 0.293478
SEG 33.657411 21.76708 38.471316 32.464292 21.913132 38.45909 0.293478
SEG 32.464292 21.913132 38.45909 31.276531 22.090962 38.45067 0.293478
SEG 31.276531 22.090962 38.45067 30.096606 22.308562 38.445079 0.293478
SEG 30.096606 22.308562 38.445079 28.716998 22.678477 38.444052 0.293478
SEG 28.716998 22.678477 38.444052 27.778948 22.91704 38.439389 0.293478
SEG 27.778948 22.91704 38.439389 26.664385 23.354935 38.438217 0.293478
SEG 26.664385 23.354935 38.438217 25.616049 23.93241 38.437659 0.293478
SEG 25.616049 23.93241 38.437659 24.6875 24.6875 38.4375 0.293478
SEG 24.6875 24.6875 38.4375 23.93241 25.616049 38.437659 0.293478
SEG 23.93241 25.616049 38.437659 23.354935 26.664385 38.438217 0.293478
SEG 23.354935 26.664385 38.438217 22.91704 27.778948 38.439389 0.293478
SEG 22.91704 27.778948 38.439389 22.678477 28.716998 38.444052 0.293478
SEG 22.678477 28.716998 38.444052 22.308562 30.096606 38.445079 0.293478
SEG 22.308562 30.096606 38.445079 22.090962 31.276531 38.45067 0.293478
SEG 22.090962 31.276531 38.45067 21.913132 32.464292 38.45909 0.293478
SEG 21.913132 32.464292 38.45909 21.76708 33.657411 38.471316 0.293478
SEG 21.76708 33.657411 38.471316 21.735985 34.619128 38.485099 0.293478
SEG 9.0024398 20.2761 39.156353 9.9431317 20.478634 39.068643 0.287919
SEG 9.9431317 20.478634 39.068643 11.106615 20.552033 39.065924 0.287919
SEG 11.106615 20.552033 39.065924 12.271261 20.64207 39.06425 0.287919
SEG 12.271261 20.64207 39.06425 13.434692 20.758211 39.063288 0.287919
SEG 13.434692 20.758211 39.063288 14.59337 20.917105 39.06279 0.287919
SEG 14.59337 20.917105 39.06279 15.7391 21.151227 39.062574 0.287919
SEG 15.7391 21.151227 39.062574 16.845063 21.53097 39.062508 0.287919
SEG 16.845063 21.53097 39.062508 17.583285 22.220204 39.149242 0.287919
SEG 17.583285 22.220204 39.149242 18.46903 23.154937 39.062508 0.287919
SEG 18.46903 23.154937 39.062508 18.848773 24.2609 39.062574 0.287919
SEG 18.848773 24.2609 39.062574 19.271991 25.300308 39.162228 0.287919
SEG 19.271991 25.300308 39.162228 19.241789 26.565308 39.063288 0.287919
SEG 19.241789 26.565308 39.063288 19.35793 27.728739 39.06425 0.287919
SEG 19.35793 27.728739 39.06425 19.447967 28.893385 39.065924 0.287919
SEG 19.447967 28.893385 39.065924 19.701552 29.877911 39.150545 0.287919
SEG 19.701552 29.877911 39.150545 19.5845 31.216782 39.072852 0.287919
SEG 19.5845 31.216782 39.072852 19.644725 32.373847 39.079178 0.287919
SEG 19.644725 32.373847 39.079178 19.73124 33.520932 39.088535 0.287919
SEG 19.73124 33.520932 39.088535 19.948635 34.494989 39.170861 0.287919
SEG 20.738712 9.2704271 39.46083 21.05314 10.279159 39.689537 0.282608
SEG 21.05314 10.279159 39.689537 21.254482 11.397691 39.688606 0.282608
SEG 21.254482 11.397691 39.688606 21.493452 12.512842 39.688024 0.282608
SEG 21.493452 12.512842 39.688024 21.793462 13.614425 39.687683 0.282608
SEG 21.793462 13.614425 39.687683 22.1875 14.6875 39.6875 0.282608
SEG 22.1875 14.6875 39.6875 22.710728 15.715816 39.694861 0.282608
SEG 22.710728 15.715816 39.694861 23.43938 16.588632 39.687392 0.282608
SEG 23.43938 16.588632 39.687392 24.334995 17.30006 39.687417 0.282608
SEG 24.334995 17.30006 39.687417 25.349086 17.828959 39.687504 0.282608
SEG 25.349086 17.828959 39.687504 26.423701 18.218777 39.687692 0.282608
SEG 26.423701 18.218777 39.687692 27.52601 18.516108 39.68804 0.282608
SEG 27.52601 18.516108 39.68804 28.639859 18.753068 39.688631 0.282608
SEG 20.132471 13.468242 39.687852 20.163508 14.611029 39.687644 0.282761
SEG 20.163508 14.611029 39.687644 20.209668 15.753887 39.687544 0.282761
SEG 20.209668 15.753887 39.687544 20.338215 16.882548 39.694929 0.282761
SEG 20.338215 16.882548 39.694929 20.450618 18.027409 39.687499 0.282761
SEG 20.450618 18.027409 39.687499 20.9375 19.0625 39.6875 0.282761
SEG 20.9375 19.0625 39.6875 21.972591 19.549382 39.687499 0.282761
SEG 21.972591 19.549382 39.687499 23.104848 19.712312 39.687506 0.282761
SEG 23.104848 19.712312 39.687506 24.246113 19.790332 39.687544 0.282761
SEG 24.246113 19.790332 39.687544 25.388971 19.836492 39.687644 0.282761
SEG 5.4652736 20.003672 39.698259 5.5068103 21.05285 39.698003 0.274337
SEG 5.5068103 21.05285 39.698003 5.6393325 22.094453 39.697217 0.274337
SEG 5.6393325 22.094453 39.697217 5.8843114 23.115474 39.695867 0.274337
SEG 5.8843114 23.115474 39.695867 6.2898845 24.104191 39.693911 0.274337
SEG 6.2898845 24.104191 39.693911 6.8862407 25.008174 39.691545 0.274337
SEG 6.8862407 25.008174 39.691545 7.6270776 25.813943 39.689291 0.274337
SEG 7.6270776 25.813943 39.689291 8.4375 26.5625 39.6875 0.274337
SEG 8.4375 26.5625 39.6875 9.2371573 27.402711 39.456917 0.274337
SEG 9.2371573 27.402711 39.456917 10.089293 28.034752 39.685499 0.274337
SEG 10.089293 28.034752 39.685499 10.899066 28.807439 39.685197 0.274337
SEG 10.899066 28.807439 39.685197 11.680076 29.605875 39.685334 0.274337
SEG 11.680076 29.605875 39.685334 12.434988 30.427952 39.685918 0.274337
SEG 12.434988 30.427952 39.685918 13.172597 31.262351 39.686987 0.274337
SEG 13.172597 31.262351 39.686987 13.909813 32.083104 39.688579 0.274337
SEG 13.909813 32.083104 39.688579 14.686896 32.853977 39.690679 0.274337
SEG 14.686896 32.853977 39.690679 15.549539 33.508708 39.693047 0.274337
SEG 15.549539 33.508708 39.693047 16.635018 33.921907 39.693551 0.274337
SEG 24.303247 34.043915 39.470899 25.274132 33.370802 39.692374 0.273854
SEG 25.274132 33.370802 39.692374 26.105152 32.678849 39.690056 0.273854
SEG 26.105152 32.678849 39.690056 26.873081 31.901551 39.688143 0.273854
SEG 26.873081 31.901551 39.688143 27.622304 31.086998 39.686768 0.273854
SEG 27.622304 31.086998 39.686768 28.39443 30.168253 39.464857 0.273854
SEG 28.39443 30.168253 39.464857 29.146443 29.469502 39.685592 0.273854
SEG 29.146443 29.469502 39.685592 29.942069 28.686762 39.685735 0.273854
SEG 29.942069 28.686762 39.685735 30.750346 27.930772 39.68636 0.273854
SEG 30.750346 27.930772 39.68636 31.5625 27.1875 39.6875 0.273854
SEG 31.5625 27.1875 39.6875 32.361445 26.430048 39.689197 0.273854
SEG 32.361445 26.430048 39.689197 33.101445 25.626116 39.691394 0.273854
SEG 33.101445 25.626116 39.691394 33.716811 24.736893 39.693804 0.273854
SEG 33.716811 24.736893 39.693804 34.254415 23.711899 39.476383 0.273854
SEG 34.254415 23.711899 39.476383 34.438522 22.7525 39.697512 0.273854
SEG 39.408146 39.408146 9.9679395 38.307443 38.44528 9.6300398 0.373197
SEG 39.412523 39.412523 13.318799 37.492665 37.464625 13.299443 0.369421
SEG 39.459558 39.459558 25.193283 38.263305 39.706025 24.820893 0.293936
SEG 39.476738 39.476738 28.555036 39.251662 38.196879 28.755238 0.263063
SEG 39.506125 39.506125 32.754827 38.489196 38.253824 32.623038 0.263063
SEG 37.082713 37.082713 3.9990318 36.658964 38.267583 3.8505498 0.263063
SEG 36.861533 36.708419 16.918141 37.460976 36.975652 16.600033 0.334662
SEG 36.97102 37.063579 25.148878 36.372204 36.411446 24.734521 0.302903
SEG 37.176534 37.176534 33.869188 35.599366 38.069597 34.110554 0.263063
SEG 35.018717 35.018717 1.4167674 34.052486 36.230194 0.45769116 0.383712
SEG 33.930537 33.930537 9.7976271 33.941077 33.28208 9.4182879 0.31925
SEG 33.882355 33.882355 13.792066 33.878392 33.343599 13.325248 0.320242
SEG 33.908116 33.908116 16.464501 34.375964 33.514946 17.095036 0.319737
SEG 33.989034 33.989034 20.448555 34.173127 33.464482 20.764815 0.316275
SEG 34.176982 34.176982 26.926943 34.106665 33.419487 26.812805 0.30866
SEG 34.265574 34.265574 29.475251 33.422386 34.787716 29.900092 0.311022
SEG 37.849103 30.49321 13.93134 37.868155 29.61832 13.407848 0.335003
SEG 37.900911 30.530034 18.149703 37.075722 30.093716 17.645826 0.326369
SEG 30.766082 37.889752 6.7199079 30.409652 37.165926 7.1462967 0.337491
SEG 30.49321 37.849103 13.93134 29.722365 37.414367 13.412884 0.335003
SEG 30.530034 37.900911 18.149703 29.91245 37.502617 17.641739 0.326369
SEG 30.624666 37.960318 22.21264 29.537798 37.489936 21.721402 0.317738
SEG 30.974369 38.308718 35.472179 31.346161 39.694552 35.841673 0.263063
SEG 32.211965 32.211965 1.8212189 33.144875 32.525233 0.93913081 0.390293
SEG 31.25954 31.25954 9.7402661 30.537085 30.530389 10.138909 0.334864
SEG 31.182293 31.182293 13.819342 31.36553 30.25827 13.307604 0.318017
SEG 31.274068 31.274068 20.349276 31.689014 30.456546 20.906608 0.313326
SEG 31.384554 31.384554 24.253688 30.899217 31.206731 23.778933 0.31594
SEG 31.645129 31.645129 32.36442 30.715012 31.384941 32.185297 0.335509
SEG 31.801847 31.545711 33.950201 32.172549 32.265805 34.426984 0.337695
SEG 31.694779 31.694779 39.255278 32.223369 31.952539 39.644607 0.278945
SEG 36.53067 27.155408 5.3196271 37.095199 27.580037 5.0806556 0.356065
SEG 36.267998 26.856021 12.648655 35.682957 26.105361 13.122551 0.335888
SEG 36.323457 26.848543 16.819896 35.88784 25.874599 17.46882 0.327178
SEG 36.443719 26.924771 22.22189 36.440872 25.845611 21.644835 0.31769
SEG 36.588975 27.033926 27.459567 36.490916 27.470065 26.908983 0.311707
SEG 36.676518 27.084001 30.031333 37.321718 26.939675 29.738931 0.30835
SEG 35.290787 31.526497 2.4057394 35.37672 32.412169 1.7286535 0.387296
SEG 34.704484 31.077952 5.559133 36.983607 30.564409 5.346467 0.359548
SEG 34.469176 30.845617 8.4099758 35.035854 29.946452 8.9179834 0.333605
SEG 34.433982 30.729043 17.804473 34.709873 31.306757 17.67192 0.317273
SEG 34.647489 30.924354 25.638492 34.563331 29.777976 25.555711 0.313697
SEG 34.842445 31.084246 30.917921 35.566336 31.152541 30.538506 0.32151
SEG 34.900075 31.11961 32.28388 33.607446 31.294223 32.659444 0.325875
SEG 35.039685 31.169731 38.893598 34.065391 32.246541 39.274479 0.270847
SEG 26.880257 36.266538 11.22391 26.548636 38.569998 11.019964 0.339535
SEG 26.856021 36.267998 12.648655 26.022656 36.439291 13.116227 0.335888
SEG 26.848543 36.323457 16.819896 25.916873 35.618966 17.474249 0.327178
SEG 26.924771 36.443719 22.22189 25.902802 35.866757 21.658797 0.31769
SEG 27.084001 36.676518 30.031333 27.608104 37.288762 30.554104 0.30835
SEG 31.873083 35.831482 0.69632101 30.559334 35.641435 0.38022849 0.390995
SEG 30.942626 34.560258 7.0046266 31.102156 33.607489 6.3410649 0.341595
SEG 30.845617 34.469176 8.4099758 30.086151 34.013353 8.8815249 0.333605
SEG 30.729043 34.433982 17.804473 31.097597 35.058519 17.668349 0.317273
SEG 30.813371 34.529968 21.736053 30.219255 34.957469 21.763972 0.314777
SEG 30.964419 34.691414 26.941878 30.944098 35.532773 26.845953 0.314366
SEG 31.045405 34.788461 29.576123 31.451074 35.225298 29.272486 0.318122
SEG 31.169731 35.039685 38.893598 30.252749 36.085137 39.283958 0.270847
SEG 29.197968 29.253819 2.6695288 28.462264 27.858675 0.97944353 0.388231
SEG 28.62718 28.62718 7.6952793 27.744487 28.111443 6.7636066 0.372556
SEG 28.541068 28.541068 9.2812167 28.413807 28.385405 9.9824421 0.361791
SEG 28.441108 28.441108 13.572718 27.895224 28.400969 13.118495 0.328575
SEG 28.749339 28.749339 29.657772 29.21196 29.442956 30.17951 0.332756
SEG 28.838328 28.838328 35.270716 27.681436 29.589559 34.894291 0.326402
SEG 28.837413 28.837413 39.1967 29.146443 29.469502 39.685592 0.285373
SEG 32.350416 27.377676 18.102154 31.998596 26.652101 17.546 0.315221
SEG 32.350416 27.377676 18.102154 31.998596 26.652101 17.546 0.315221
SEG 32.691527 27.589574 28.666031 33.4879 28.376732 28.418625 0.325169
SEG 32.84418 27.661508 32.818268 32.381344 27.5567 32.239814 0.334361
SEG 32.911723 27.685006 37.033534 33.119072 28.635752 36.864193 0.315687
SEG 38.131742 23.61376 0.59351026 36.673395 23.533638 0.82736657 0.341306
SEG 36.71546 23.287638 9.7592834 36.168556 22.670513 9.1522222 0.349634
SEG 36.884812 23.283723 22.300608 36.247096 22.57268 21.66188 0.320017
SEG 27.865019 33.007048 3.6152725 27.484594 32.518053 2.7572493 0.390124
SEG 27.696667 32.72404 5.3252768 27.816894 33.675238 6.0646568 0.380169
SEG 27.369148 32.295677 12.755211 26.567992 32.346221 13.132721 0.327754
SEG 27.36463 32.324314 16.785468 27.60712 30.973709 17.223827 0.316651
SEG 27.377676 32.350416 18.102154 26.718112 31.751965 17.550274 0.315221
SEG 27.499365 32.543292 24.656599 27.432557 31.386292 24.662846 0.318608
SEG 27.685006 32.911723 37.033534 28.616475 33.182712 36.864288 0.315687
SEG 23.61376 38.131742 0.59351026 23.291952 36.701384 0.82552012 0.341306
SEG 23.252758 36.708066 12.693604 22.600251 36.821121 13.095384 0.34004
SEG 23.24659 36.767231 16.908034 22.586092 36.773993 17.455734 0.328155
SEG 23.283723 36.884812 22.300608 22.558195 36.865941 21.646325 0.320017
SEG 23.359887 37.105016 30.061204 24.026005 37.965975 30.580971 0.30207
SEG 25.846662 25.846662 7.3503783 25.954765 28.138747 6.6488521 0.3845
SEG 25.685341 25.685341 13.537535 26.05434 26.287805 13.235292 0.337939
SEG 25.79657 25.79657 24.265088 25.903019 27.323502 24.01053 0.322337
SEG 25.899174 25.899174 29.804213 25.276419 25.597315 30.25401 0.331394
SEG 25.955313 25.955313 36.677299 26.944783 27.557321 37.200569 0.310053
SEG 32.235017 23.997901 3.0034353 32.23703 23.482332 2.4087065 0.390621
SEG 31.547722 23.773046 8.1468943 31.964851 22.706308 7.8947363 0.365472
SEG 31.389399 23.69685 12.601029 31.426559 22.831745 13.108525 0.334525
SEG 31.43565 23.69476 17.992366 31.756929 22.929369 17.565491 0.317703
SEG 31.43565 23.69476 17.992366 31.756929 22.929369 17.565491 0.317703
SEG 31.543098 23.7275 21.946343 30.971095 22.840505 21.823779 0.317556
SEG 31.733017 23.788372 27.327686 31.989365 24.911238 27.741869 0.325305
SEG 31.927505 23.837013 32.905368 31.558014 23.41601 32.303031 0.332713
SEG 31.977551 23.848398 37.027778 32.600161 24.907552 37.21359 0.312723
SEG 37.483837 19.428744 1.9680241 36.879167 19.673908 0.81338984 0.377168
SEG 36.57277 19.470436 9.7470222 36.151271 19.619529 9.1307735 0.351555
SEG 36.682324 19.475067 19.66492 37.081957 20.539339 19.994878 0.323829
SEG 36.713883 19.473356 21.008718 36.65046 18.561661 20.420339 0.321642
SEG 36.89225 19.462801 27.610011 37.105836 19.78117 26.974995 0.308819
SEG 37.024449 19.457716 31.378363 37.424288 19.705423 30.988391 0.297634
SEG 37.134413 19.455668 33.79475 37.791446 19.692185 34.123676 0.293483
SEG 23.997901 32.235017 3.0034353 23.463589 32.249526 2.4095067 0.390621
SEG 23.69685 31.389399 12.601029 22.865844 31.124216 13.107154 0.334525
SEG 23.69476 31.43565 17.992366 22.946934 31.439405 17.571944 0.317703
SEG 23.69476 31.43565 17.992366 22.946934 31.439405 17.571944 0.317703
SEG 23.788372 31.733017 27.327686 24.519427 32.658346 27.721413 0.325305
SEG 23.828107 31.885072 31.499558 23.232684 32.33565 30.922288 0.331739
SEG 23.848398 31.977551 37.027778 24.978177 32.224989 37.211796 0.312723
SEG 23.848889 31.962937 39.525591 24.324734 30.898855 39.235569 0.273288
SEG 19.428744 37.483837 1.9680241 19.430635 36.875625 0.81363007 0.377168
SEG 19.474 36.559525 11.243574 18.742332 38.441438 10.940574 0.347694
SEG 19.473356 36.713883 21.008718 18.331251 36.561588 20.421256 0.321642
SEG 19.457716 37.024449 31.378363 19.090743 37.454032 30.808059 0.297634
SEG 22.963657 22.963657 13.481142 22.204127 24.277267 13.197269 0.345818
SEG 22.995849 22.995849 21.673385 22.247242 24.188806 21.311111 0.320767
SEG 23.050454 23.050454 27.123955 23.561257 24.156385 27.209332 0.327653
SEG 23.093535 23.093535 32.648862 23.840451 22.671301 32.397165 0.324328
SEG 23.104013 23.104013 36.646645 21.857519 22.594443 37.069473 0.306672
SEG 31.029576 19.864097 8.0657963 31.579898 20.299966 8.8819695 0.374522
SEG 31.029576 19.864097 8.0657963 31.579898 20.299966 8.8819695 0.374522
SEG 30.863108 19.867428 15.344603 30.446722 20.934593 15.892977 0.325161
SEG 30.971853 19.866438 20.654963 30.451318 20.626723 20.178068 0.317292
SEG 31.101624 19.864892 24.655697 30.371013 19.929208 25.335063 0.321591
SEG 31.251089 19.863238 28.758233 31.479162 19.40096 29.400126 0.328332
SEG 33.778087 21.793469 8.6129484 33.606654 22.687448 8.0125888 0.35811
SEG 33.778087 21.793469 8.6129484 33.606654 22.687448 8.0125888 0.35811
SEG 33.675218 21.761159 12.977521 32.972916 21.540684 13.259037 0.334383
SEG 33.725057 21.758589 17.05777 32.955554 21.364311 17.254544 0.32083
SEG 33.874498 21.777883 22.366102 33.605584 22.687655 21.740546 0.317796
SEG 33.967638 21.791895 25.016647 33.739017 22.346436 25.662504 0.318719
SEG 34.126416 21.812763 29.029694 35.13302 21.696104 29.352699 0.321864
SEG 38.0621 14.546538 0.45413494 37.359487 14.900121 0.73573035 0.341306
SEG 36.711892 15.068907 21.068766 36.445959 15.845384 20.782724 0.320582
SEG 36.847744 14.990511 26.359933 36.812739 14.675573 26.940669 0.313031
SEG 36.969997 14.936272 30.191197 37.783624 14.595221 30.571401 0.302597
SEG 19.867428 30.863108 15.344603 20.896736 30.970357 15.886782 0.325161
SEG 19.866438 30.971853 20.654963 20.62604 30.791312 20.168753 0.317292
SEG 19.864892 31.101624 24.655697 19.411982 31.800082 24.73285 0.321591
SEG 19.864325 31.150274 26.01051 19.7644 30.286829 26.395023 0.323729
SEG 19.862365 31.346279 31.548264 20.45417 32.176675 30.938577 0.331526
SEG 19.861642 31.427488 37.088363 20.730674 31.234319 37.073022 0.310718
SEG 21.843957 34.073795 5.4371196 21.059772 33.809184 5.7775249 0.379716
SEG 21.793469 33.778087 8.6129484 22.68402 33.624843 8.0138352 0.35811
SEG 21.777883 33.874498 22.366102 22.666539 34.204818 21.721401 0.317796
SEG 21.791895 33.967638 25.016647 22.488989 34.347376 25.551287 0.318719
SEG 21.812763 34.126416 29.029694 21.622659 34.70027 29.278316 0.321864
SEG 14.546538 38.0621 0.45413494 14.900121 37.359487 0.73573035 0.341306
SEG 15.005064 36.61118 8.2399607 15.895973 36.427471 8.0342241 0.351496
SEG 15.100722 36.564047 12.720841 16.131147 36.566192 12.393541 0.338645
SEG 15.085005 36.68107 19.719936 15.526989 38.492389 19.621198 0.32257
SEG 15.068907 36.711892 21.068766 16.210501 36.358361 20.546559 0.320582
SEG 14.990511 36.847744 26.359933 14.415495 36.781219 26.937295 0.313031
SEG 14.936272 36.969997 30.191197 14.485628 37.765878 30.570584 0.302597
SEG 26.12556 19.850172 10.470313 24.6875 19.6875 9.6875 0.367131
SEG 26.079977 19.851623 16.410696 26.34173 21.081696 15.9257 0.326121
SEG 26.129751 19.850533 20.463819 26.474588 20.722444 20.267066 0.319518
SEG 26.237573 19.848016 25.834324 24.665129 19.815197 25.993486 0.326064
SEG 26.320461 19.846143 29.968424 27.618718 19.972842 30.32581 0.330062
SEG 26.359517 19.845291 32.745428 26.65731 19.067713 32.629652 0.326766
SEG 19.846659 26.26277 7.1381385 20.536501 28.171529 6.474144 0.386283
SEG 19.851031 26.094351 11.996328 19.363965 25.386775 12.489184 0.352334
SEG 19.851623 26.079977 16.410696 21.098678 25.487868 15.929561 0.326121
SEG 19.850533 26.129751 20.463819 20.717732 26.817964 20.26076 0.319518
SEG 19.848694 26.208411 24.477208 20.5113 27.172706 24.070187 0.324044
SEG 19.848016 26.237573 25.834324 19.209691 26.217934 26.508354 0.326064
SEG 19.845291 26.359517 32.745428 18.603952 26.38074 33.16367 0.326766
SEG 19.844789 26.380012 36.784551 21.01782 26.212998 37.067762 0.30858
SEG 20.262435 20.262435 20.379763 21.238692 21.506286 20.319195 0.321505
SEG 20.265818 20.265818 24.430927 20.9375 20.3125 24.0625 0.324485
SEG 20.267065 20.267065 25.799348 19.906584 21.315193 26.178943 0.326016
SEG 20.272029 20.272029 32.680107 19.407568 18.396874 33.087855 0.322913
SEG 20.272803 20.272803 35.358872 20.3125 19.0625 35.3125 0.312864
SEG 31.718395 14.564287 2.8507075 31.488718 13.606154 2.4025612 0.390392
SEG 31.025709 14.883951 8.1351832 31.683947 13.101825 7.7281708 0.366034
SEG 30.863649 14.98664 12.755488 30.683392 16.885538 12.565616 0.333059
SEG 31.100457 14.897556 24.782754 32.708771 15.357542 24.760707 0.321107
SEG 31.337973 14.800938 31.632437 31.766159 15.020077 32.286355 0.333019
SEG 36.484664 10.733293 12.594241 35.756642 12.323584 12.616503 0.33152
SEG 36.588641 10.694701 19.47183 36.395603 9.6214281 19.033705 0.320353
SEG 36.646566 10.636 22.134696 36.080952 11.468595 21.725977 0.316717
SEG 36.742892 10.53138 26.051813 37.195947 10.272109 25.48699 0.311187
SEG 36.905466 10.396787 31.158663 36.792591 11.006856 30.544403 0.300873
SEG 14.564287 31.718395 2.8507075 13.586506 31.504419 2.4038474 0.390392
SEG 14.883951 31.025709 8.1351832 15.820057 31.622094 7.7229666 0.366034
SEG 14.98664 30.863649 12.755488 15.735882 30.860019 12.372268 0.333059
SEG 14.992872 30.884424 16.880476 15.536966 30.226841 16.535622 0.317256
SEG 14.955797 30.974664 20.822721 15.693865 31.104301 20.692549 0.315963
SEG 14.897556 31.100457 24.782754 15.395592 31.665877 24.705538 0.321107
SEG 14.83493 31.245045 28.844939 14.349476 31.988341 28.366197 0.329942
SEG 14.800938 31.337973 31.632437 14.89432 32.207366 30.91143 0.333019
SEG 10.591218 36.530059 8.3082084 11.545144 36.343145 8.1533717 0.337697
SEG 10.74528 36.496235 13.993752 10.776634 34.904212 13.306848 0.329342
SEG 10.735273 36.5365 16.755885 9.8202658 35.6709 17.170642 0.325202
SEG 10.636 36.646566 22.134696 11.334445 36.460454 21.877261 0.316717
SEG 10.53138 36.742892 26.051813 10.729691 37.227413 25.592026 0.311187
SEG 10.396787 36.905466 31.158663 10.909904 36.750623 30.543862 0.300873
SEG 10.371595 36.956603 32.391582 10.131803 37.262627 32.949485 0.299039
SEG 26.142662 15.490346 12.000671 26.323359 16.419408 12.514427 0.348994
SEG 26.127329 15.504948 16.35666 26.758146 13.831805 16.76101 0.323737
SEG 26.198257 15.454866 21.702237 27.355453 14.390705 21.012935 0.319
SEG 26.2801 15.395821 25.717498 26.173304 16.05876 25.939969 0.326021
SEG 26.362587 15.337298 29.857019 27.927639 13.78356 29.450888 0.331135
SEG 26.402193 15.309791 32.648833 25.872989 13.891052 32.33805 0.328514
SEG 26.42338 15.294412 36.716351 26.370864 15.978629 37.187529 0.309769
SEG 15.490346 26.142662 12.000671 14.978704 26.506455 12.319149 0.348994
SEG 15.504948 26.127329 16.35666 14.392517 26.389218 16.569302 0.323737
SEG 15.471656 26.174932 20.376847 14.282948 26.061093 20.790151 0.318259
SEG 15.416366 26.251561 24.369363 15.116038 27.262493 24.029776 0.322446
SEG 15.309791 26.402193 32.648833 14.066868 25.876323 32.35325 0.328514
SEG 15.294412 26.42338 36.716351 16.704219 25.783432 37.066526 0.309769
SEG 16.573868 16.573868 15.272334 16.449992 16.934107 14.689768 0.332954
SEG 16.554403 16.554403 19.408061 17.083973 16.852215 19.929554 0.320336
SEG 16.481645 16.481645 26.127455 16.497009 15.769816 25.968588 0.326164
SEG 16.450822 16.450822 28.874886 17.131433 16.108523 28.423882 0.329217
SEG 16.418041 16.418041 33.024723 17.097002 16.01579 32.378602 0.325021
SEG 29.315798 10.007493 11.400609 29.260142 9.4183233 11.849832 0.335841
SEG 29.298571 10.019488 16.876613 30.418154 9.344026 16.683198 0.314447
SEG 29.36917 9.9429539 20.779874 28.95548 10.22837 21.277053 0.314298
SEG 29.401024 9.9089567 22.083424 30.247103 8.8537103 21.825841 0.315433
SEG 29.662834 9.6257178 31.554954 29.943064 10.004431 32.216891 0.335532
SEG 29.718789 9.5614568 35.810362 31.355995 8.4531092 36.348889 0.32486
SEG 34.301405 11.733331 0.60456053 35.487663 11.145033 0.74904649 0.341306
SEG 32.964146 12.457994 7.4767543 33.296484 13.170661 7.8440437 0.364116
SEG 32.866965 12.533059 8.9819069 31.892236 12.394646 9.0725914 0.349828
SEG 32.770992 12.635345 13.204065 33.440005 13.21106 13.29085 0.324805
SEG 32.812504 12.632147 17.183862 33.558441 13.406158 17.218052 0.316307
SEG 32.911085 12.575708 21.109051 33.834688 12.142993 20.967867 0.315194
SEG 33.040732 12.49222 25.069265 32.127075 11.583391 25.685509 0.319227
SEG 33.351967 12.334689 33.30387 33.986922 12.823026 33.47465 0.33394
SEG 33.398842 16.804369 7.2717852 33.602468 17.640954 7.7915273 0.368275
SEG 33.292644 16.840368 8.8081611 31.612683 17.106865 8.9103842 0.354483
SEG 33.758468 16.780055 31.927789 34.538837 17.090446 32.430052 0.327231
SEG 33.811712 16.773362 33.315635 34.438342 15.538221 33.47374 0.329643
SEG 36.362019 6.3812284 9.6771489 37.258367 6.5566757 9.5616458 0.323556
SEG 36.385442 6.4179124 16.530981 37.016948 6.485004 16.990065 0.326388
SEG 36.542403 6.2268173 24.54181 37.068907 5.6425187 24.774512 0.307387
SEG 36.758043 5.9794289 31.875136 35.881693 5.5271216 32.182617 0.295298
SEG 36.937581 5.8693114 35.557722 36.223243 5.6127771 35.218104 0.303401
SEG 37.033274 5.8661272 39.426338 36.115816 5.6780233 39.310907 0.263063
SEG 39.73689 7.5770015 1.4121847 38.601652 7.770221 1.35175 0.263063
SEG 39.54669 8.4545055 8.6233773 38.98849 9.1936842 8.2680858 0.357937
SEG 39.554162 8.5911144 13.187814 38.963877 8.1130023 12.643933 0.347936
SEG 39.568241 8.5553154 17.546665 39.189544 8.269786 16.94784 0.335699
SEG 39.596359 8.3238202 25.561183 39.692471 9.3718837 25.493728 0.307498
SEG 10.030632 29.292048 12.8249 9.2535993 29.215639 12.42725 0.328115
SEG 10.011999 29.346093 17.060982 9.9112685 29.982245 16.500303 0.314447
SEG 9.8719415 29.435775 23.3929 9.0190308 29.206435 23.31495 0.317313
SEG 9.7910318 29.511569 26.044395 8.7684178 28.527157 25.869606 0.322369
SEG 9.6257178 29.662834 31.554954 9.160352 29.818843 32.223726 0.335532
SEG 9.5692039 29.713481 39.637421 10.899066 28.807439 39.685197 0.273931
SEG 11.733331 34.301405 0.60456053 10.999114 35.384339 0.81145571 0.341306
SEG 12.350131 33.122664 5.880866 12.615158 33.687469 6.0340255 0.375143
SEG 12.617058 32.780591 11.84256 11.482236 32.573937 12.436751 0.33323
SEG 12.635345 32.770992 13.204065 13.459008 34.363849 13.285983 0.324805
SEG 12.632147 32.812504 17.183862 11.985974 31.141573 17.216825 0.316307
SEG 12.549917 32.951382 22.42121 10.753934 33.906843 21.933613 0.315912
SEG 12.461736 33.089509 26.41057 11.536313 33.381461 25.734447 0.321345
SEG 12.402377 33.193527 29.115961 12.696603 34.173542 29.425922 0.324677
SEG 12.323082 33.391342 34.717779 11.917779 34.642726 34.839359 0.334099
SEG 16.754393 33.575127 5.6434889 15.982515 33.771284 5.8507132 0.377551
SEG 16.88311 33.201136 11.741112 15.968896 33.720043 12.395885 0.339675
SEG 16.893393 33.192431 13.136967 17.607869 34.004613 13.25979 0.330876
SEG 16.895961 33.241066 17.1949 17.621148 34.022699 17.263559 0.320329
SEG 16.872329 33.347631 21.163012 17.556019 34.147034 21.087004 0.317117
SEG 16.83625 33.484689 25.140004 16.109615 33.912756 25.554997 0.319505
SEG 16.78873 33.701901 30.553739 16.282412 32.343721 30.918601 0.326377
SEG 16.76877 33.855601 34.712366 16.087136 34.134975 34.872724 0.33114
SEG 16.635018 33.921907 39.693551 16.967333 33.21286 39.239424 0.263063
SEG 6.3211849 36.394684 8.3397362 7.3783392 35.864965 8.3712033 0.320729
SEG 6.4415018 36.352565 13.774599 7.0354944 36.474417 13.319757 0.32803
SEG 6.4179124 36.385442 16.530981 7.4831 37.015108 17.11378 0.326388
SEG 6.2268173 36.542403 24.54181 5.651724 37.074637 24.774624 0.307387
SEG 6.1061829 36.638202 28.27941 6.0321909 37.19773 28.466756 0.295883
SEG 5.8540166 37.007524 36.80288 6.042591 38.206706 36.248801 0.319231
SEG 5.8661272 37.033274 39.426338 5.2875497 36.134113 39.312513 0.263063
SEG 8.5724548 39.550184 11.689799 8.0300177 39.131405 11.159158 0.352285
SEG 8.4512883 39.582325 21.672936 9.177557 39.10771 21.792924 0.322872
SEG 8.3238202 39.596359 25.561183 7.1520034 39.693569 25.458015 0.307498
SEG 8.1958567 39.612051 29.170236 8.7041115 39.647423 29.440516 0.287748
SEG 23.194064 11.004721 7.4348768 23.06462 10.449925 6.6192902 0.382202
SEG 23.111436 11.205182 12.369464 23.222596 10.535305 12.552026 0.344532
SEG 23.103209 11.205071 16.619847 21.914836 10.844721 16.757813 0.321718
SEG 23.125834 11.131076 20.613962 21.735004 11.429544 20.645859 0.31704
SEG 23.224939 11.083694 25.930001 23.25131 9.9511384 25.329326 0.325198
SEG 23.231979 10.798341 32.877989 22.995064 9.1297877 32.303119 0.330612
SEG 11.004721 23.194064 7.4348768 11.749292 24.258478 7.4754053 0.382202
SEG 11.205182 23.111436 12.369464 11.242864 24.526322 12.346008 0.344532
SEG 11.205071 23.103209 16.619847 10.801475 21.900572 16.756967 0.321718
SEG 11.131076 23.125834 20.613962 10.710079 21.981847 20.626496 0.31704
SEG 10.898338 23.202954 28.686115 11.919361 22.066233 28.465501 0.329752
SEG 10.798341 23.231979 32.877989 12.075952 23.465369 32.356689 0.330612
SEG 10.76934 23.241607 36.966849 10.439025 22.390314 37.068212 0.306714
SEG 12.449128 12.449128 5.8061791 11.545249 13.341652 6.7104607 0.386925
SEG 12.75712 12.75712 13.946472 11.843041 13.317642 13.248855 0.329804
SEG 12.735835 12.735835 18.025486 11.984992 13.242704 17.427371 0.317092
SEG 12.692877 12.692877 20.657705 12.045029 13.213777 21.246104 0.316595
SEG 12.560486 12.325194 25.913583 11.822183 12.487798 25.311805 0.325551
SEG 12.477775 12.477775 30.122638 13.065069 13.083569 29.457697 0.333335
SEG 12.432133 12.432133 32.944873 12.749165 12.621042 32.30659 0.332642
SEG 12.412326 12.412326 35.737104 12.360334 13.120274 35.292759 0.318539
SEG 19.348968 13.792806 16.680198 19.692712 14.36898 16.78618 0.326031
SEG 19.327109 13.570315 28.844245 18.293848 13.568434 28.467961 0.329851
SEG 19.320059 13.495663 34.384588 19.0625 12.8125 34.0625 0.319946
SEG 13.792806 19.348968 16.680198 14.374672 19.638789 16.786197 0.326031
SEG 13.657918 19.335713 24.74117 12.934625 19.763304 24.691626 0.323888
SEG 13.570315 19.327109 28.844245 12.997496 18.363042 28.456317 0.329851
SEG 13.244173 19.472672 33.032845 12.341572 19.309172 32.369945 0.326829
SEG 26.111185 4.9659379 0.99788583 26.730507 3.9255233 0.86233592 0.38964
SEG 25.603715 6.2778956 8.0631835 26.931758 6.72458 7.8480857 0.3611
SEG 25.493443 6.4132415 12.587112 25.178794 6.7309919 13.24571 0.330462
SEG 25.48363 6.3742603 16.695001 24.449953 6.3303417 16.672317 0.319622
SEG 25.521766 6.274945 20.668082 24.382895 6.0770567 20.850695 0.316383
SEG 25.583047 6.1461143 24.618792 25.109551 7.3369565 24.755398 0.317836
SEG 25.668796 5.9387716 29.944498 26.416046 5.6384248 30.063495 0.323486
SEG 25.716057 5.7319897 35.459507 25.857893 4.4614897 35.923041 0.331905
SEG 33.834843 6.4186036 1.1392533 32.727678 7.043751 0.939632 0.390632
SEG 32.701714 7.5325241 8.8206463 32.030715 7.802115 8.0643496 0.33142
SEG 32.701714 7.5325241 8.8206463 33.056445 8.1154043 9.3227642 0.33142
SEG 32.862827 7.3783117 25.935152 33.175283 8.0139281 25.521962 0.314519
SEG 33.04897 7.1950925 31.217675 33.816871 6.7832923 30.541337 0.326137
SEG 33.160571 7.0897782 39.45577 33.151951 6.4592176 39.422974 0.263063
SEG 36.121699 2.2847335 23.882765 36.080073 1.1924153 24.113592 0.307564
SEG 39.636272 4.7633259 9.0199897 38.728085 4.6026545 8.5456101 0.349735
SEG 39.642221 4.8202559 13.590105 39.629242 4.1643052 13.273502 0.351291
SEG 39.648882 4.7842534 16.564176 39.06989 5.4464655 17.133247 0.344521
SEG 39.659224 4.6915771 20.798532 39.048085 4.381372 20.891815 0.327161
SEG 39.6693 4.5846009 24.685448 39.0625 5.9375 25.3125 0.304545
SEG 39.697946 4.3161655 32.389059 39.424266 4.8509073 32.720432 0.263063
SEG 4.9659379 26.111185 0.99788583 3.8712406 26.516546 0.85939935 0.38964
SEG 6.4132415 25.493443 12.587112 6.9589704 24.085538 12.392413 0.330462
SEG 6.3742603 25.48363 16.695001 6.8952044 24.085481 16.490462 0.319622
SEG 6.274945 25.521766 20.668082 6.3337775 25.015466 21.093152 0.316383
SEG 6.274945 25.521766 20.668082 6.3337775 25.015466 21.093152 0.316383
SEG 5.9942302 25.649142 28.602158 6.3707161 24.732252 28.315077 0.321544
SEG 5.7319897 25.716057 35.459507 5.04325 25.873805 35.293943 0.331905
SEG 5.7395534 25.719464 39.441407 6.3956068 26.364189 39.233834 0.263063
SEG 6.4186036 33.834843 1.1392533 7.6561918 33.305099 0.93835946 0.390632
SEG 7.5325241 32.701714 8.8206463 6.2266824 33.445809 8.3180524 0.33142
SEG 7.6391323 32.597701 12.862641 7.1354188 32.879822 13.32179 0.318479
SEG 7.3783117 32.862827 25.935152 6.4442625 32.383247 25.63149 0.314519
SEG 7.1950925 33.04897 31.217675 6.692181 33.729368 30.54135 0.326137
SEG 7.0835364 33.16677 35.427256 7.4510317 33.045865 34.809663 0.338163
SEG 7.0897782 33.160571 39.45577 7.5420715 33.918772 39.272244 0.263063
SEG 2.1564522 36.380437 3.8924862 1.0629952 36.785902 3.6940801 0.263063
SEG 2.3252122 36.061264 21.224482 1.8622223 35.809549 20.758131 0.323411
SEG 2.2640013 36.152882 25.151025 3.3489768 36.042196 24.736949 0.299853
SEG 2.1982332 36.250042 28.704751 2.4386128 36.718663 29.015679 0.27284
SEG 2.1490636 36.318365 30.849189 3.2241953 37.056706 31.032582 0.263063
SEG 4.7633259 39.636272 9.0199897 4.9365348 39.102742 8.5976155 0.349735
SEG 4.8202559 39.642221 13.590105 3.7262288 39.29686 13.270681 0.351291
SEG 4.7842534 39.648882 16.564176 5.1653481 39.011849 17.000976 0.344521
SEG 4.6915771 39.659224 20.798532 4.4351465 38.924668 20.755264 0.327161
SEG 7.9222546 16.053327 1.9183859 9.3234324 16.49054 0.94560963 0.389173
SEG 8.6187155 16.262015 5.732436 7.993354 15.478653 5.7540914 0.384027
SEG 8.8216388 16.375988 23.091016 9.6875 15.9375 23.4375 0.318517
SEG 8.6798753 16.331088 27.109895 8.3414235 14.862926 27.75114 0.325278
SEG 8.49245 16.282899 32.637387 9.1114962 15.901788 32.294799 0.332563
SEG 8.4401258 16.270631 36.810779 7.857139 16.349577 36.957341 0.317513
SEG 16.053327 7.9222546 1.9183859 15.819386 9.5146407 0.95080595 0.389173
SEG 16.237654 8.7220439 7.707161 15.877955 10.454919 6.656185 0.373197
SEG 16.4152 9.0021353 12.279146 16.324551 9.61627 12.755764 0.339519
SEG 16.361346 8.7766365 24.417274 15.782372 7.2831732 24.766141 0.321417
SEG 16.331088 8.6798753 27.109895 14.968601 8.1507443 27.745587 0.325278
SEG 16.282899 8.49245 32.637387 15.990937 9.0151898 32.294454 0.332563
SEG 7.616797 7.616797 1.3071131 6.5625 7.8125 0.9375 0.390293
SEG 8.735008 8.735008 17.802688 8.7449331 9.1552522 17.32763 0.313339
SEG 8.6076136 8.6076136 22.998141 7.8359248 8.3195182 23.20879 0.314688
SEG 8.5260055 8.5260055 25.61524 9.0315008 7.937579 25.595953 0.317656
SEG 8.3067506 8.3067506 32.414092 8.3134069 9.3679633 32.161633 0.335509
SEG 16.264704 13.291128 12.71866 15.975912 12.502666 12.726511 0.344681
SEG 16.192315 13.146685 24.895931 16.879564 14.289872 25.318376 0.323703
SEG 16.14245 13.05239 29.049888 14.817771 14.584349 28.374518 0.330686
SEG 16.108566 12.985534 33.217707 15.357199 13.442465 33.031845 0.327037
SEG 16.098696 12.968293 37.12527 15.260228 12.305708 36.950018 0.305022
SEG 16.098476 12.969863 39.463078 16.215461 11.998158 39.236608 0.281884
SEG 19.824947 9.5184966 0.8793233 19.850025 8.9025781 0.93219433 0.38043
SEG 19.844227 10.709948 11.298713 20.597546 11.107131 11.705407 0.350492
SEG 19.840171 10.392187 28.999466 20.299654 10.912725 28.406949 0.33002
SEG 19.839166 10.315919 31.796672 20.194664 9.2650026 32.313624 0.331591
SEG 19.838395 10.262309 37.134657 20.831064 10.345705 36.571317 0.30718
SEG 19.838366 10.268688 39.46376 19.447647 9.380696 39.230677 0.279869
SEG 13.146685 16.192315 24.895931 14.054805 17.222926 25.317051 0.323703
SEG 13.002402 16.117047 31.843686 12.077824 16.545494 32.35678 0.330837
SEG 12.96957 16.099957 35.869682 13.803625 15.34345 35.304865 0.314611
SEG 12.969863 16.098476 39.463078 12.053841 16.905447 39.220891 0.281884
SEG 9.5184966 19.824947 0.8793233 8.9055769 20.469054 0.93249719 0.38043
SEG 10.565922 19.842805 23.520094 9.7890525 19.938574 23.465962 0.320429
SEG 10.392187 19.840171 28.999466 10.9375 18.4375 28.4375 0.33002
SEG 10.315919 19.839166 31.796672 9.3766887 20.105016 32.314852 0.331591
SEG 20.580431 4.9505263 7.8562621 19.618889 5.2447334 7.9580402 0.358198
SEG 20.567586 5.0687369 12.400856 19.698159 4.6615227 12.596711 0.338234
SEG 20.565773 5.0189151 16.615581 19.771842 4.9098262 16.645692 0.324616
SEG 20.566612 4.9883632 17.975849 20.000442 4.2442396 18.455718 0.323776
SEG 20.576116 4.7909749 24.655998 19.75852 5.4117132 24.262653 0.317133
SEG 20.586441 4.5339822 31.232304 20.109056 3.3873716 31.558848 0.316917
SEG 20.589944 4.3077154 36.586946 20.3125 4.6875 35.9375 0.328358
SEG 20.590237 4.3229893 39.306791 20.802283 3.7535948 39.667619 0.276407
SEG 25.620057 1.541652 8.4900851 26.791287 2.1821876 8.0697229 0.360767
SEG 25.534902 1.5452993 11.627733 25.954439 0.51201616 12.210177 0.353085
SEG 25.510182 1.5056576 16.117909 24.971407 0.5840996 16.717801 0.338861
SEG 25.551743 1.4554639 20.35752 25.588011 0.33313712 20.898685 0.326225
SEG 29.534844 5.4730138 5.5765923 29.205295 3.8631385 5.0619755 0.364642
SEG 29.253534 5.7767739 9.9486719 29.576247 5.1472958 9.2776173 0.336002
SEG 28.952987 5.8218089 16.662399 29.221339 6.5492992 17.299623 0.317379
SEG 29.27883 5.6474516 21.915865 28.818138 5.230623 21.754842 0.315086
SEG 29.486576 5.3759382 29.780561 28.929028 4.9779605 29.222792 0.319728
SEG 29.565746 5.2057288 33.830026 29.135637 3.6658634 33.201333 0.332211
SEG 29.580071 5.1452508 39.337035 28.982611 5.2832129 39.651974 0.274549
SEG 33.395656 0.52291322 18.662346 33.078344 1.2830062 18.258432 0.335056
SEG 33.468314 0.51235758 21.392512 31.923076 0.79763187 21.590646 0.322871
SEG 39.531266 1.063547 30.113964 38.954584 1.0454162 30.237637 0.263063
SEG 39.54496 1.0327543 32.213693 38.568493 1.8460968 32.623835 0.263063
SEG 39.577048 0.96195657 35.362705 38.812563 1.967957 35.704899 0.263063
SEG 39.675332 0.7945804 38.50606 39.449184 0.97537998 38.922139 0.263063
SEG 4.9505263 20.580431 7.8562621 5.2441038 19.613312 7.9581512 0.358198
SEG 5.0687369 20.567586 12.400856 5.6011694 19.702568 12.597802 0.338234
SEG 5.0189151 20.565773 16.615581 4.9156605 19.731922 16.645795 0.324616
SEG 4.9163512 20.569654 20.675587 5.0361744 19.727208 20.447655 0.319532
SEG 4.7909749 20.576116 24.655998 4.9095286 19.742509 24.425242 0.317133
SEG 4.5912252 20.584779 29.918648 4.2878625 21.015976 30.438313 0.31626
SEG 1.541652 25.620057 8.4900851 2.1502296 24.086797 8.0800839 0.360767
SEG 1.5056576 25.510182 16.117909 1.1777927 26.994026 16.387355 0.338861
SEG 1.4554639 25.551743 20.35752 1.3849657 23.649912 20.504647 0.326225
SEG 1.3253864 25.710994 29.506747 1.5696289 26.277516 29.304751 0.295545
SEG 4.2825014 30.241939 0.596114 5.2336132 30.189092 0.914497 0.341306
SEG 5.5232355 29.380757 25.83975 5.1552274 29.89618 25.665517 0.315196
SEG 5.3759382 29.486576 29.780561 5.365457 28.944392 29.377014 0.319728
SEG 5.2630824 29.545033 32.461112 5.6055626 30.239035 32.902893 0.326346
SEG 0.54965804 33.456018 8.3002334 0.94792843 32.135143 8.4066896 0.351552
SEG 0.54366532 33.3245 12.842301 2.7614172 34.589703 13.286223 0.349117
SEG 0.528296 33.365017 17.242609 2.1790955 34.538497 17.018363 0.339074
SEG 0.51235758 33.468314 21.392512 2.3471795 34.55511 20.795755 0.322871
SEG 0.4732908 33.758271 29.838103 0.44915911 34.195292 29.244403 0.270179
SEG 1.191703 39.474286 16.294676 0.35651691 38.479871 16.7838 0.357256
SEG 1.1569649 39.489878 20.717859 0.33381468 38.513306 21.197465 0.33423
SEG 1.0765556 39.525502 29.064061 2.2864996 38.794778 29.228939 0.263063
SEG 1.0491112 39.537675 31.163845 1.5625 39.6875 30.9375 0.263063
SEG 0.96195657 39.577048 35.362705 2.0186881 38.840774 35.706132 0.263063
SEG 2.206337 15.661651 0.34948537 2.6405129 14.900121 0.73573035 0.341306
SEG 3.5828962 16.300812 20.829987 3.9328698 16.807276 20.490819 0.321056
SEG 3.3085398 16.201153 30.012316 2.6325702 16.706344 30.36287 0.307668
SEG 3.1418015 16.175217 33.799571 2.2927862 17.014673 33.637258 0.308168
SEG 8.6214701 12.558228 12.442209 8.3094503 12.284594 13.005032 0.331925
SEG 8.6085204 12.568473 16.454717 8.1468092 12.156628 16.994883 0.316466
SEG 8.4871432 12.49288 21.687635 8.098247 12.478094 21.179704 0.315208
SEG 8.4468285 12.465429 22.99598 9.2813342 11.967551 23.35248 0.316648
SEG 8.1199686 12.26617 32.525235 8.5332177 13.141112 32.253998 0.335068
SEG 8.0734715 12.240788 39.352926 8.8608054 12.06532 39.229088 0.282397
SEG 16.321868 3.6464121 18.105776 15.931998 4.0619857 18.43745 0.326775
SEG 16.300812 3.5828962 20.829987 16.811818 3.915865 20.490461 0.321056
SEG 16.227565 3.3979623 27.435943 16.552915 3.0115297 26.960399 0.312331
SEG 16.201153 3.3085398 30.012316 16.620557 1.9705473 30.584602 0.307668
SEG 12.558228 8.6214701 12.442209 11.768821 9.9232441 11.821068 0.331925
SEG 12.568473 8.6085204 16.454717 11.907319 8.7744811 17.003045 0.316466
SEG 12.343021 8.2609579 28.3446 12.900487 6.9998924 28.780577 0.327831
SEG 12.24206 8.064657 35.362222 10.57655 6.7820268 35.39752 0.330667
SEG 12.240788 8.0734715 39.352926 11.509948 8.6109665 39.246042 0.282397
SEG 3.0945653 3.0945653 0.3534247 2.8125 2.8125 0.9375 0.341306
SEG 4.4687016 4.4687016 13.474824 4.9279891 5.0666815 13.313616 0.326708
SEG 4.0535863 4.0535863 31.488165 3.4375 3.4375 31.5625 0.282578
SEG 5.1229975 5.1229975 0.41207335 4.4913917 4.4913917 0.34133856 0.341306
SEG 6.3374514 6.3374514 25.007159 5.8661329 7.378322 25.594005 0.312015
SEG 6.0608765 6.0608765 32.848478 6.4860683 5.6862515 32.284986 0.324625
SEG 20.642553 1.0815182 8.6471168 19.622932 0.52712095 8.1123799 0.37018
SEG 20.632149 1.0789655 11.852807 19.707424 1.7698306 12.579188 0.361399
SEG 20.634345 1.0073088 20.600497 19.978814 0.40543939 20.945678 0.329563
SEG 20.642504 0.96861939 24.602876 20.646445 2.1496176 25.048295 0.315753
SEG 29.44675 1.2944331 8.8463266 30.806697 0.83787154 8.2685812 0.349168
SEG 29.341293 1.291592 11.826921 29.220502 0.38293237 12.261544 0.346315
SEG 29.427061 1.2067222 21.664354 28.125672 1.3353519 21.685881 0.322136
SEG 29.64995 1.1176499 29.367264 30.217212 1.4923957 29.078978 0.294017
SEG 29.766072 0.94659965 35.986389 29.657607 0.27217962 35.849647 0.263063
SEG 1.0789655 20.632149 11.852807 1.2541037 19.716436 12.575655 0.361399
SEG 1.0073088 20.634345 20.600497 0.98844927 19.744141 20.362054 0.329563
SEG 0.95532773 20.64533 25.890428 0.3112208 20.91417 25.980423 0.311145
SEG 1.291592 29.341293 11.826921 0.70278283 30.707883 12.471405 0.346315
SEG 1.2592648 29.323727 16.151166 0.99406806 30.106471 16.323729 0.335503
SEG 1.2067222 29.427061 21.664354 1.3987317 28.346105 21.845285 0.322136
SEG 1.1650724 29.539948 25.639403 0.31122734 29.927362 25.824272 0.307736
SEG 1.0535058 29.731828 32.838489 0.28785894 29.761959 32.873198 0.263063
SEG 0.94659965 29.766072 35.986389 0.27230918 29.606643 35.837966 0.263063
SEG 2.2701891 10.987881 0.35309268 2.5904383 11.906858 0.74155654 0.341306
SEG 3.2733221 11.385302 3.4517785 3.5469781 10.455207 4.1725202 0.366904
SEG 3.807335 11.826812 9.4735098 4.5619656 11.581921 9.0946288 0.337515
SEG 3.8291271 11.903323 12.321208 4.2431846 13.043968 12.997382 0.332406
SEG 3.7801364 11.915616 16.481015 4.3014427 13.168033 16.928591 0.32368
SEG 3.6957011 11.859107 20.525531 4.2293238 13.280861 21.082337 0.319683
SEG 4.3596362 13.806205 0.30958323 3.7463041 13.992762 0.8528559 0.341306
SEG 5.7948233 14.232563 5.3913221 8.0534414 13.727254 5.847704 0.376814
SEG 6.0829716 14.385104 8.5016226 4.7245807 14.537734 8.9747611 0.353915
SEG 5.9131646 14.386162 24.78796 5.3895821 13.869141 25.072806 0.317836
SEG 5.7601103 14.319692 28.795861 4.9744882 14.67252 28.830944 0.322471
SEG 10.987881 2.2701891 0.35309268 11.906858 2.5904383 0.74155654 0.341306
SEG 11.826812 3.807335 9.4735098 12.731389 3.8898391 8.7963475 0.337515
SEG 11.903323 3.8291271 12.321208 13.162874 3.3313224 12.989758 0.332406
SEG 11.902198 3.7542905 17.836115 11.936327 3.3853545 18.381114 0.32179
SEG 11.859107 3.6957011 20.525531 13.271584 4.2986845 21.084033 0.319683
SEG 11.568047 3.2070134 34.73719 11.057827 3.0243879 34.184476 0.313722
SEG 11.561543 3.1347301 36.036473 11.990971 4.2713103 35.911307 0.321738
SEG 13.694044 4.3536106 0.32017535 13.306269 3.9160536 0.86183912 0.341306
SEG 14.114291 5.5069992 3.7103137 14.78359 3.6723 4.7744242 0.386688
SEG 14.385104 6.0829716 8.5016226 14.51881 5.4649847 9.1045055 0.353915
SEG 14.481296 6.1878999 12.805031 14.060295 6.6374748 13.251703 0.330768
SEG 14.487986 6.1431828 16.867452 13.551618 7.4548802 17.345893 0.320662
SEG 14.448393 6.042476 20.829435 14.903258 7.1660173 21.255422 0.316828
SEG 14.386162 5.9131646 24.78796 13.557824 5.5157354 24.967266 0.317836
SEG 1.6082956 1.6082956 3.9774327 1.0432653 2.0756567 3.8417403 0.263063
SEG 1.7515481 1.7515481 18.098269 2.3132187 1.3521401 17.551922 0.345114
SEG 1.7197329 1.7197329 21.007542 1.5065888 2.362661 21.692549 0.329667
SEG 1.6704167 1.6704167 25.033647 0.63211763 2.0791036 25.577584 0.295344
SEG 2.0051514 6.8250384 13.696035 3.1161681 5.8742483 13.288723 0.335364
SEG 1.9774481 6.8019981 16.51024 2.8022127 6.138172 17.037624 0.331887
SEG 1.9275533 6.7157028 20.617713 2.8629417 6.0535643 20.819148 0.322861
SEG 1.8746952 6.6033597 24.494074 2.7907042 6.5006454 24.797819 0.307222
SEG 1.8166732 6.4820849 28.122026 2.4019229 7.1529335 28.495478 0.29188
SEG 6.7157028 1.9275533 20.617713 5.4413099 3.0595116 20.945849 0.322861
SEG 39.490387 12.777479 8.9255099 39.4346 13.332345 8.0825072 0.368245
SEG 39.524837 12.960602 12.174115 38.571071 12.659727 12.594068 0.357755
SEG 39.531001 12.817571 21.026948 38.69652 11.878824 21.685679 0.326904
SEG 12.777479 39.490387 8.9255099 11.65153 39.304704 8.2068158 0.368245
SEG 12.84476 39.525044 19.630889 12.782438 38.790939 19.579725 0.330949
SEG 22.210828 16.525044 21.385607 22.433933 16.70379 20.729546 0.320734
SEG 22.229918 16.494761 24.069727 21.666293 15.913088 24.057675 0.323438
SEG 22.260235 16.446524 28.161185 21.191348 16.628255 28.439708 0.328665
SEG 16.558142 22.190702 13.108497 19.222896 22.303068 12.463218 0.35029
SEG 16.557489 22.190522 17.332428 16.204302 22.616581 16.800858 0.325715
SEG 16.525044 22.210828 21.385607 15.986043 22.640158 20.720131 0.320734
SEG 16.462194 22.250411 26.787664 17.352248 21.34662 26.559899 0.326947
SEG 16.39823 22.290428 35.025386 14.770932 21.724241 35.313289 0.314201
SEG 16.394939 22.292728 38.812618 16.580061 23.129367 39.235993 0.287972
SEG 17.242506 39.632937 10.194123 17.174532 38.458897 10.953668 0.369783
SEG 17.274641 39.645844 14.898469 17.153057 38.436908 15.40402 0.352507
SEG 17.259411 39.659997 19.249084 16.905336 38.411143 19.634626 0.335428
SEG 25.137192 39.615826 10.577491 25.006462 38.509705 10.987203 0.367322
SEG 25.091605 39.628111 15.203619 24.493903 38.515812 15.402208 0.348004
SEG 25.124571 39.642525 19.515507 25.215943 38.552389 19.611907 0.332047
SEG 39.65478 20.917223 24.406558 37.840971 21.064276 25.047182 0.316143
SEG 39.681313 20.935232 30.496672 39.693699 19.665021 30.871841 0.281671
SEG 20.903236 39.611153 11.471943 20.3125 38.4375 10.9375 0.366098
SEG 20.90513 39.640155 20.366109 20.530655 38.789886 19.966346 0.331474
SEG 28.03223 22.689754 15.59986 27.71869 21.021184 15.917618 0.327949
SEG 28.115045 22.713369 20.919607 28.929555 23.194502 21.105997 0.318188
SEG 28.430812 22.809357 34.614948 27.876168 22.682633 34.30683 0.323217
SEG 22.689754 28.03223 15.59986 20.974842 28.250339 15.913814 0.327949
SEG 22.704445 28.086523 19.594629 20.680893 28.14744 20.234067 0.31794
SEG 22.734883 28.182163 23.588737 23.210176 27.206929 24.05308 0.320891
SEG 22.770737 28.296277 27.695886 22.246288 28.049299 27.142574 0.328849
SEG 31.770497 3.516881 9.3196934 32.326489 4.5799724 9.4185504 0.329151
SEG 31.68929 3.5379906 12.082879 32.730725 3.0838816 12.664062 0.328281
SEG 31.705657 3.4754686 17.54897 32.619166 4.5509146 17.213092 0.323035
SEG 31.793468 3.3979806 21.53589 33.087119 3.1991568 21.591198 0.316747
SEG 31.906921 3.3099159 25.404892 32.331405 2.6491094 24.831593 0.308699
SEG 32.028807 3.2065028 29.158064 32.820132 3.8934093 29.004058 0.302721
SEG 32.105498 3.1207671 31.603552 32.89331 3.6105758 32.191001 0.295408
SEG 8.5583023 4.346252 29.918122 8.5002716 4.6898512 30.538732 0.308884
SEG 8.4375 4.0625 39.0625 7.8601079 4.0183508 39.409161 0.268531
SEG 22.286152 6.8517423 2.6228517 23.288364 6.5109286 2.7177802 0.391
SEG 22.152677 7.6314653 7.7832988 22.390719 6.836303 7.7566326 0.369642
SEG 22.104272 7.8077518 12.282607 23.026337 7.6771916 12.580354 0.338266
SEG 22.117313 7.6519064 21.664194 21.4877 7.4438381 21.294982 0.317269
SEG 22.159604 7.4046916 28.378966 22.074541 6.7516646 28.831106 0.324944
SEG 22.179185 7.24665 32.534225 22.995064 9.1297877 32.303119 0.33144
SEG 22.186812 7.1707329 36.659443 22.633739 7.1051543 37.202259 0.32108
SEG 22.1875 7.1875 39.0625 21.703317 6.6883215 39.237319 0.282909
SEG 3.6192049 7.9205318 1.4947305 2.4947112 8.9187873 0.75750492 0.384867
SEG 4.3398042 8.4277899 4.5767034 3.5469781 10.455207 4.1725202 0.349765
SEG 4.7541759 8.916844 12.907422 4.8261108 8.1706382 13.411145 0.323314
SEG 4.7071208 8.9037968 16.92716 5.0645012 9.4464958 17.12569 0.319447
SEG 4.5881075 8.7928649 22.189963 4.7824187 8.327181 21.743602 0.314754
SEG 4.346252 8.5583023 29.918122 4.7683445 8.3990415 30.538885 0.308884
SEG 4.1099919 8.4383431 35.243135 3.9508139 7.9034728 34.721621 0.32893
SEG 4.0625 8.4375 39.0625 3.5114729 8.5560454 39.417263 0.268531
SEG 27.161591 10.126288 0.36326128 27.291365 11.067186 0.97713474 0.341306
SEG 26.532203 11.030234 5.9986425 26.634472 10.459354 6.7848314 0.38662
SEG 26.288845 11.344535 12.261983 26.56499 10.481349 11.780127 0.340485
SEG 26.275545 11.351124 16.345944 25.396825 11.565424 16.749955 0.318962
SEG 26.502223 11.026388 29.802955 26.136603 10.326065 29.406417 0.332385
SEG 26.5625 10.9375 39.0625 25.979479 10.62482 39.238911 0.286664
SEG 6.8517423 22.286152 2.6228517 6.512927 23.285789 2.7176394 0.391
SEG 7.8077518 22.104272 12.282607 6.9589704 24.085538 12.392413 0.338266
SEG 7.6519064 22.117313 21.664194 6.5528225 22.384277 21.1247 0.317269
SEG 7.4584664 22.151251 27.01762 8.3742242 22.446343 27.024074 0.323017
SEG 7.3501361 22.167248 29.751691 8.2185619 22.827024 29.582284 0.32698
SEG 7.1707329 22.186812 36.659443 6.6146116 22.046033 37.080092 0.32108
SEG 7.1875 22.1875 39.0625 6.6656404 21.248526 39.226546 0.282909
SEG 10.126288 27.161591 0.36326128 10.504573 26.445855 0.9710984 0.341306
SEG 11.030234 26.532203 5.9986425 11.544247 26.020255 6.6715566 0.38662
SEG 11.344535 26.288845 12.261983 11.242864 24.526322 12.346008 0.340485
SEG 11.351124 26.275545 16.345944 12.14813 24.982507 16.560647 0.318962
SEG 11.335057 26.285595 17.662493 12.295325 26.21094 17.436366 0.316591
SEG 11.220394 26.366363 22.930026 9.4864977 26.597986 23.39014 0.318485
SEG 10.935702 26.560604 35.36183 11.829519 27.554576 35.288075 0.323353
SEG 10.9375 26.5625 39.0625 10.598699 25.668856 39.223263 0.286664
SEG 3.5308028 31.676103 13.460302 4.2790455 32.312336 13.291921 0.327633
SEG 3.4754686 31.705657 17.54897 3.9176871 32.442637 17.077714 0.323035
SEG 3.3099159 31.906921 25.404892 2.6480516 32.330252 24.831619 0.308699
SEG 3.2065028 32.028807 29.158064 2.0969664 31.685531 28.527552 0.302721
SEG 3.0697077 32.138698 32.810615 3.0323544 33.050819 32.722244 0.295824
SEG 2.860979 32.194334 36.605425 1.9286811 31.657979 36.852296 0.317486
SEG 23.604766 2.5830003 1.7936131 23.807836 3.3600048 0.82958622 0.385125
SEG 23.370028 3.5174842 8.0223294 22.368375 3.657709 7.9562395 0.354929
SEG 23.296983 3.4950819 18.071203 22.71355 4.1657117 18.447657 0.326775
SEG 23.315537 3.4335008 20.763743 24.14545 3.4206348 20.779465 0.321056
SEG 23.414139 3.1221929 31.108963 23.82814 2.0133264 30.582134 0.300178
SEG 29.719983 16.968393 1.1176739 30.601333 16.20494 0.94775049 0.379937
SEG 28.632185 17.304305 13.002806 29.241502 16.773617 12.5492 0.341466
SEG 28.644931 17.30673 17.092472 28.867054 18.011085 17.002395 0.320656
SEG 28.722987 17.285161 21.06358 28.766357 18.10093 20.853019 0.317857
SEG 28.834694 17.25185 25.085676 30.139049 17.236407 25.330962 0.323992
SEG 28.956922 17.217293 29.23132 28.713962 18.221138 29.62107 0.330495
SEG 29.024306 17.200029 32.029984 29.430506 19.168599 32.588941 0.331251
SEG 29.0625 17.1875 39.6875 28.639859 18.753068 39.688631 0.280546
SEG 2.5830003 23.604766 1.7936131 3.329034 23.564924 0.82764112 0.385125
SEG 3.5629804 23.337749 9.5302136 4.7736814 23.648183 8.9231405 0.349634
SEG 3.5798013 23.300047 12.476057 4.1173549 23.909116 12.396682 0.341963
SEG 3.4335008 23.315537 20.763743 2.7569276 23.726931 20.526841 0.321056
SEG 3.2550125 23.380916 27.323399 2.9732333 22.851858 26.964961 0.31235
SEG 3.0141945 23.427854 33.519411 2.4019849 22.811742 33.642888 0.294228
SEG 16.968393 29.719983 1.1176739 17.098025 30.814606 0.94150679 0.379937
SEG 17.21134 28.89105 6.7653402 16.894338 28.160496 6.5213658 0.385814
SEG 17.304305 28.632185 13.002806 15.572853 29.415204 12.354442 0.341466
SEG 17.285161 28.722987 21.06358 17.968657 28.628883 20.642412 0.317857
SEG 17.263688 28.794892 23.729169 17.8125 27.1875 24.0625 0.320572
SEG 17.239849 28.875806 26.455591 16.567631 28.812497 27.110449 0.326402
SEG 17.207766 28.993445 30.632278 17.04977 27.95997 30.927894 0.331843
SEG 37.123616 33.486987 13.736638 38.66046 35.197078 14.028538 0.331486
SEG 37.241476 33.627619 21.901813 37.438286 34.319993 21.595551 0.315934
SEG 37.397066 33.861505 29.301733 37.277843 34.538449 28.922125 0.290059
SEG 37.506588 33.981582 32.712384 37.332533 34.729107 32.401401 0.273084
SEG 37.8125 34.0625 39.6875 37.028202 35.305494 39.336216 0.263063
SEG 34.437116 37.869346 1.8414786 34.888759 37.505206 1.1441838 0.341831
SEG 33.510278 37.155382 16.515799 33.004823 37.381803 17.100613 0.32904
SEG 33.981582 37.506588 32.712384 34.108374 36.826792 32.196203 0.273084
SEG 1.6082956 1.6082956 3.9774327 1.0432653 2.0756567 3.8417403 0.263063
SEG 1.6082956 1.6082956 3.9774327 1.0432653 2.0756567 3.8417403 0.263063
SEG 1.1392516 25.988195 2.3127152 0.50410955 26.380489 2.2991535 0.27171
SEG 0.49926361 33.946643 3.8299348 0.83356232 33.535341 3.1691757 0.324158
SEG 9.5507935 38.862376 2.9647875 9.6875 39.6875 1.5625 0.297489
SEG 20.981073 39.67051 3.0476132 21.481292 39.202376 2.3572008 0.341462
SEG 23.717725 39.167952 2.4212152 23.839383 38.918332 3.8360863 0.276389
SEG 31.233384 38.275708 2.6981056 31.00684 38.821629 3.034208 0.30598
SEG 34.205407 37.587134 3.0217153 34.586756 38.494392 3.5482321 0.301107
SEG 37.082713 37.082713 3.9990318 36.658964 38.267583 3.8505498 0.263063
SEG 38.375765 33.027433 1.4140801 38.036249 33.317128 2.6258984 0.311902
SEG 3.3486397 3.2220107 5.8966376 2.98698 4.2436528 5.131502 0.286028
SEG 20.599418 4.5852423 4.5273493 21.255186 3.5811239 4.6436249 0.376781
SEG 25.784301 5.9102054 4.7068219 26.059578 3.7052875 4.822639 0.381482
SEG 36.146782 2.3203818 5.9854254 36.912717 2.9979743 5.9316721 0.290582
SEG 16.017504 5.5147664 9.0609509 16.170231 5.3422224 8.2258239 0.350307
SEG 25.550051 6.3580408 9.6459567 25.159809 5.4775798 9.0941169 0.347412
SEG 29.253534 5.7767739 9.9486719 29.576247 5.1472958 9.2776173 0.336002
SEG 31.770497 3.516881 9.3196934 32.326489 4.5799724 9.4185504 0.329151
SEG 14.481296 6.1878999 12.805031 14.060295 6.6374748 13.251703 0.330768
SEG 19.596765 6.9913479 13.224413 19.68504 7.5039816 12.590365 0.331991
SEG 22.098638 7.8137986 13.682729 22.400024 6.9407881 13.229192 0.331613
SEG 25.493443 6.4132415 12.587112 25.178794 6.7309919 13.24571 0.330462
SEG 32.875104 4.3005837 13.294989 33.432934 4.2918821 12.673547 0.324532
SEG 2.0051514 6.8250384 13.696035 3.1161681 5.8742483 13.288723 0.335364
SEG 4.7541759 8.916844 12.907422 5.0827777 9.4222902 13.28596 0.323314
SEG 6.0835193 13.347459 13.256101 5.6103606 12.843275 13.004868 0.326591
SEG 6.386662 16.08126 13.235759 6.3898663 16.558188 12.774345 0.329633
SEG 7.8137986 22.098638 13.682729 6.5005411 21.667022 13.225543 0.331613
SEG 6.4132415 25.493443 12.587112 6.1975585 25.835434 13.249416 0.330462
SEG 3.5308028 31.676103 13.460302 4.2790455 32.312336 13.291921 0.327633
SEG 6.7781157 1.9614182 17.897386 5.1847284 0.32947774 17.634191 0.32939
SEG 1.7515481 1.7515481 18.098269 2.3132187 1.3521401 17.551922 0.345114
SEG 4.331759 4.4157889 17.434705 5.5122214 2.9935769 17.15681 0.324592
SEG 14.487986 6.1431828 16.867452 13.551618 7.4548802 17.345893 0.320662
SEG 20.137185 8.1032558 17.384402 19.757446 7.5988847 16.699636 0.31994
SEG 22.099746 7.76153 17.706545 21.471722 8.0745197 17.382563 0.318508
SEG 25.48363 6.3742603 16.695001 25.438646 7.6636078 17.357648 0.319622
SEG 28.952987 5.8218089 16.662399 29.221339 6.5492992 17.299623 0.317379
SEG 39.668721 6.7765075 17.150965 39.189544 8.269786 16.94784 0.339074
SEG 34.402425 6.0839414 13.324827 34.277598 5.3593418 12.677506 0.321517
SEG 30.381011 11.359392 13.290325 30.490559 10.904444 12.610205 0.325042
SEG 28.939774 16.689384 13.240511 29.241502 16.773617 12.5492 0.335436
SEG 30.86252 19.867019 12.586895 28.785582 19.535355 13.230546 0.337445
SEG 28.862455 22.398563 13.235741 28.348638 22.91791 12.981661 0.3365
SEG 29.549412 26.589987 13.267899 30.28005 27.037971 13.126166 0.329718
SEG 32.164337 31.327846 13.316896 32.770489 31.607508 13.448069 0.318001
SEG 33.882355 33.882355 13.792066 33.878392 33.343599 13.325248 0.320242
SEG 1.9774481 6.8019981 16.51024 2.8022127 6.138172 17.037624 0.331887
SEG 4.7071208 8.9037968 16.92716 5.0645012 9.4464958 17.12569 0.319447
SEG 6.4115755 13.171301 17.192451 6.8947227 12.558552 16.975545 0.317596
SEG 6.986312 17.108759 17.226392 6.5950181 16.649913 16.778054 0.319626
SEG 7.0916686 19.775305 17.233117 7.6047044 19.715001 16.699726 0.320357
SEG 6.9071035 23.777875 17.221454 6.8952044 24.085481 16.490462 0.318866
SEG 6.1897262 27.6868 17.180409 6.458224 28.160256 16.466463 0.317633
SEG 4.6405869 31.323065 17.107148 4.6516849 31.926042 16.353569 0.319602
SEG 27.116389 27.246213 13.251734 27.895224 28.400969 13.118495 0.333461
SEG 23.631502 24.668223 13.206483 23.541782 25.364885 13.06328 0.343206
SEG 19.243937 24.135362 13.192804 19.313543 23.844021 12.473922 0.345607
SEG 15.50341 26.126667 13.505365 15.0893 25.388752 13.219765 0.339838
SEG 11.358522 26.275187 13.665187 12.915866 27.216281 13.25124 0.332169
SEG 9.9668969 30.068324 13.296449 10.336462 30.078037 12.424824 0.321619
SEG 7.1354188 32.879822 13.32179 6.8347487 33.495739 12.510989 0.317567
SEG 3.807335 11.826812 9.4735098 4.5619656 11.581921 9.0946288 0.337515
SEG 4.7671965 16.044361 8.9305471 5.3445656 16.169895 8.225696 0.349472
SEG 4.7736814 23.648183 8.9231405 5.2471043 24.125704 7.9471603 0.350277
SEG 3.8196498 32.034584 9.2980584 3.68629 32.524708 8.3815021 0.324937
SEG 0.60287333 3.3796104 21.704526 2.3355455 4.521349 21.559569 0.325347
SEG 5.4413099 3.0595116 20.945849 4.2321365 2.6508951 21.55782 0.320531
SEG 16.210814 7.3075565 21.274881 16.512328 7.8665359 20.602742 0.316811
SEG 20.166225 7.4671466 21.298571 19.754403 6.8450152 20.501727 0.317517
SEG 29.255331 6.22761 21.152569 29.161535 6.4912793 21.783754 0.315077
SEG 31.793468 3.3979806 21.53589 32.742569 4.4556375 21.020768 0.316747
SEG 12.735835 12.735835 18.025486 11.984992 13.242704 17.427371 0.317092
SEG 13.456177 22.367638 17.473085 13.507891 22.124498 16.785212 0.322885
SEG 12.844911 24.990861 17.452694 12.14813 24.982507 16.560647 0.320562
SEG 6.4717028 33.255493 17.24876 6.7102843 33.60374 16.362942 0.317116
SEG 12.735835 12.735835 18.025486 13.388928 11.60697 17.426109 0.317092
SEG 16.269572 13.291934 16.879104 15.900651 12.505231 17.456682 0.322176
SEG 22.605849 12.762976 17.466728 22.014072 12.19491 16.773433 0.321913
SEG 25.213124 12.190802 17.445477 25.396825 11.565424 16.749955 0.319374
SEG 32.770992 12.635345 13.204065 33.440005 13.21106 13.29085 0.324805
SEG 33.675218 21.761159 12.977521 32.972916 21.540684 13.259037 0.334383
SEG 33.489656 27.07059 13.293189 32.967728 26.466814 13.133111 0.324943
SEG 30.467104 11.608754 17.235961 31.413214 10.184934 16.679941 0.314632
SEG 29.099475 15.31264 17.288872 29.23895 14.827224 16.741703 0.31878
SEG 31.218362 31.218362 17.755686 31.85855 30.512334 17.185862 0.313067
SEG 33.908116 33.908116 16.464501 34.375964 33.514946 17.095036 0.319737
SEG 36.362019 6.3812284 9.6771489 34.615949 5.8628297 9.4740244 0.323556
SEG 33.056445 8.1154043 9.3227642 33.334063 8.4889414 8.1039515 0.33142
SEG 31.025709 14.883951 8.1351832 31.664768 15.518388 8.9499585 0.366034
SEG 31.029576 19.864097 8.0657963 31.579898 20.299966 8.8819695 0.374522
SEG 31.461637 23.736402 9.6954056 31.628483 23.478002 8.9230527 0.35611
SEG 34.414474 30.778463 9.7882954 32.615212 30.916532 9.2585787 0.328259
SEG 34.765973 34.319928 9.4852741 34.462805 34.78417 9.1211047 0.318577
SEG 4.621172 8.8265326 20.883998 4.3393316 8.2407224 20.90497 0.315919
SEG 6.5239255 17.099373 21.120313 6.5725227 16.62024 20.56479 0.317304
SEG 6.6108817 19.740156 21.1337 6.3589994 19.719604 20.486908 0.31769
SEG 6.4660067 23.702715 21.111761 6.7604294 24.057297 20.632133 0.317117
SEG 3.9342026 32.44444 20.878418 4.1354717 31.897538 21.818592 0.316854
SEG 2.3252122 36.061264 21.224482 1.8622223 35.809549 20.758131 0.323411
SEG 11.711683 31.035933 13.288696 11.039237 31.270002 12.429951 0.324064
SEG 15.769248 30.092111 13.25148 15.572853 29.415204 12.354442 0.332372
SEG 20.028378 29.858788 13.235583 19.443407 29.865099 12.545442 0.336001
SEG 22.966946 22.966946 17.652643 22.330431 24.196931 17.411211 0.323947
SEG 4.4687016 4.4687016 13.474824 4.9279891 5.0666815 13.313616 0.326708
SEG 12.686207 16.045953 13.221841 12.083736 16.038717 12.730926 0.338417
SEG 12.970877 18.931697 13.207805 12.836366 19.65429 12.530503 0.34076
SEG 11.217962 23.103518 13.846295 12.790058 23.283186 13.217192 0.33233
SEG 1.6704167 1.6704167 25.033647 0.63211763 2.0791036 25.577584 0.295344
SEG 0.44376456 5.7102109 25.673903 1.1273185 5.8244383 25.433956 0.298653
SEG 0.32366661 9.4218054 25.802846 0.96718888 9.469542 25.548516 0.306727
SEG 0.95532773 20.64533 25.890428 0.3112208 20.91417 25.980423 0.311145
SEG 0.3109873 22.297281 26.267755 0.78436201 22.714381 28.101946 0.310942
SEG 8.7185157 4.5167473 24.781873 8.9969652 2.5244068 24.87058 0.312124
SEG 12.849717 2.2838514 24.96996 13.396253 2.9062994 24.884414 0.313981
SEG 16.257656 3.4769529 24.821633 16.755623 2.1756267 25.032478 0.315825
SEG 20.642504 0.96861939 24.602876 20.646445 2.1496176 25.048295 0.315753
SEG 25.62025 1.403486 24.411732 25.894555 2.241306 24.994983 0.314789
SEG 29.763555 2.4257902 24.905482 29.758293 2.6530622 25.493876 0.312114
SEG 31.906921 3.3099159 25.404892 32.331405 2.6491094 24.831593 0.308699
SEG 36.084129 3.3806777 24.736699 36.484202 3.2039468 25.263174 0.304813
SEG 36.542403 6.2268173 24.54181 37.247106 6.8248713 24.807075 0.307387
SEG 37.595837 10.670322 24.917235 37.195947 10.272109 25.48699 0.312114
SEG 36.811631 15.010809 25.053723 37.768244 14.590807 25.003406 0.314763
SEG 36.816282 19.467091 24.997896 37.843442 19.761618 25.048872 0.316098
SEG 37.671524 30.363409 24.876476 37.098827 30.275524 25.467007 0.311483
SEG 26.978618 36.512696 24.857106 26.348664 37.738352 24.986445 0.314595
SEG 23.31026 36.950926 24.933316 23.709869 37.808818 25.02743 0.315476
SEG 19.467091 36.816282 24.997896 19.803393 37.841392 25.048928 0.316098
SEG 10.702355 37.596447 24.918113 10.729691 37.227413 25.592026 0.312676
SEG 6.8944772 37.252448 24.809165 7.1807356 37.245228 25.476567 0.308663
SEG 2.4361054 29.868332 24.902676 2.6035217 30.39279 25.579 0.312114
SEG 2.2394824 25.912885 24.994582 2.259856 26.285595 25.683277 0.314576
SEG 3.3309994 23.353974 24.727128 2.1777879 23.310044 25.031804 0.315825
SEG 2.1528638 19.403096 25.048426 2.2771221 19.741127 24.350318 0.313985
SEG 2.2828599 12.927745 24.971665 2.4783506 13.957966 24.993509 0.313981
SEG 2.5183504 9.0518616 24.872138 2.2404721 9.5727844 25.570202 0.311083
SEG 1.8746952 6.6033597 24.494074 2.7907042 6.5006454 24.797819 0.307222
SEG 4.1261633 3.3010434 24.740247 3.6557389 3.331702 25.265234 0.304813
SEG 6.5934584 2.8019593 24.801034 6.7337984 3.3339329 25.380764 0.307766
SEG 11.770757 3.596476 24.490761 11.600442 2.3504979 24.94121 0.313828
SEG 16.257656 3.4769529 24.821633 15.504549 2.2065845 25.017511 0.315825
SEG 19.409362 2.1586315 25.048562 19.75797 2.7702775 24.181961 0.313985
SEG 23.353974 3.3309994 24.727128 23.3164 2.1837401 25.031869 0.315825
SEG 25.894555 2.241306 24.994983 26.110977 2.5628436 25.562972 0.314576
SEG 31.906921 3.3099159 25.404892 32.331405 2.6491094 24.831593 0.308699
SEG 36.084129 3.3806777 24.736699 36.484202 3.2039468 25.263174 0.304813
SEG 37.595837 10.670322 24.917235 37.195947 10.272109 25.48699 0.312676
SEG 36.811631 15.010809 25.053723 37.768244 14.590807 25.003406 0.314763
SEG 37.819557 17.226202 25.037005 37.343839 16.76404 25.536208 0.313838
SEG 37.671524 30.363409 24.876476 37.098827 30.275524 25.467007 0.311483
SEG 28.874052 37.622928 24.929151 29.2988 37.547409 25.584282 0.313172
SEG 23.31026 36.950926 24.933316 23.709869 37.808818 25.02743 0.315476
SEG 19.467091 36.816282 24.997896 19.803393 37.841392 25.048928 0.316098
SEG 12.762431 39.576644 25.056463 13.259835 37.725303 24.978614 0.312194
SEG 10.567344 36.709286 24.756249 10.702355 37.596447 24.918113 0.312819
SEG 6.2268173 36.542403 24.54181 6.8944772 37.252448 24.809165 0.307387
SEG 2.525333 31.055914 24.868966 2.6035217 30.39279 25.579 0.311083
SEG 2.2394824 25.912885 24.994582 2.259856 26.285595 25.683277 0.314576
SEG 3.3309994 23.353974 24.727128 2.1777879 23.310044 25.031804 0.315825
SEG 2.1528638 19.403096 25.048426 2.2771221 19.741127 24.350318 0.313971
SEG 3.4769529 16.257656 24.821633 2.175648 16.762838 25.032539 0.315825
SEG 3.596476 11.770757 24.490761 2.3455486 11.557496 24.939977 0.313828
SEG 1.8746952 6.6033597 24.494074 2.7907042 6.5006454 24.797819 0.307222
SEG 3.3274443 4.0135843 24.737969 3.6557389 3.331702 25.265234 0.304813
SEG 8.6447455 8.6447455 21.697309 8.4266128 8.0339861 21.153268 0.313832
SEG 16.025896 13.170247 20.805777 16.283524 12.529196 21.422808 0.318441
SEG 20.262235 12.812823 21.448489 19.541469 13.586048 20.69786 0.319344
SEG 29.983085 9.4186441 21.231227 30.247103 8.8537103 21.825841 0.314057
SEG 12.692877 12.692877 20.657705 12.045029 13.213777 21.246104 0.316595
SEG 13.419092 22.280037 21.332008 13.356735 22.196421 20.683728 0.319446
SEG 12.899564 24.887548 21.295172 13.214254 25.280036 20.783874 0.318391
SEG 9.3095965 30.334723 21.100231 8.8883583 30.521583 21.983414 0.31374
SEG 6.6383212 33.175977 20.955589 6.3319834 33.291199 21.838064 0.314599
SEG 34.313809 10.874288 17.178231 33.763772 11.319579 16.652542 0.316795
SEG 32.812504 12.632147 17.183862 33.558441 13.406158 17.218052 0.316307
SEG 33.725057 21.758589 17.05777 32.955554 21.364311 17.254544 0.32083
SEG 34.433982 30.729043 17.804473 34.870799 30.384256 17.151831 0.317273
SEG 29.36917 9.9429539 20.779874 30.411432 11.570073 20.987552 0.314298
SEG 29.153086 15.290676 21.084235 28.612746 14.79828 20.991035 0.316874
SEG 28.115045 22.713369 20.919607 28.929555 23.194502 21.105997 0.318188
SEG 29.793695 27.041609 21.031463 29.965435 26.931363 21.817504 0.315398
SEG 31.274068 31.274068 20.349276 31.689014 30.456546 20.906608 0.313326
SEG 33.989034 33.989034 20.448555 34.173127 33.464482 20.764815 0.316275
SEG 36.362019 6.3812284 9.6771489 37.258367 6.5566757 9.5616458 0.323556
SEG 36.57277 19.470436 9.7470222 36.151271 19.619529 9.1307735 0.351555
SEG 6.4415018 36.352565 13.774599 7.0354944 36.474417 13.319757 0.32803
SEG 8.235745 35.833222 13.319251 8.2324321 35.753157 12.502788 0.324647
SEG 12.635345 32.770992 13.204065 13.459008 34.363849 13.285983 0.324805
SEG 16.893393 33.192431 13.136967 17.607869 34.004613 13.25979 0.330876
SEG 25.991952 34.28979 13.28168 26.351693 33.698288 13.13222 0.327594
SEG 14.992872 30.884424 16.880476 14.488886 30.325703 17.252287 0.317256
SEG 22.444782 29.867239 17.27473 23.073658 30.120492 17.596729 0.319931
SEG 27.60712 30.973709 17.223827 27.116221 30.50348 17.569614 0.315007
SEG 31.218362 31.218362 17.755686 29.934977 32.15082 17.176533 0.313067
SEG 14.635517 25.734203 21.254591 14.282948 26.061093 20.790151 0.318743
SEG 16.940255 24.407426 21.302079 17.514978 24.66258 20.713304 0.320151
SEG 22.995849 22.995849 21.673385 22.247242 24.188806 21.311111 0.320767
SEG 0.28823994 23.563495 29.720461 0.72598084 23.555659 30.315128 0.288183
SEG 1.0235577 37.197662 29.239459 1.5367724 37.255492 28.984086 0.263063
SEG 38.407662 38.338463 29.22223 38.306266 37.740464 28.775529 0.263063
SEG 39.661288 30.932587 29.452424 38.834648 30.425083 29.0034 0.285366
SEG 38.08653 1.3928965 29.22355 38.212313 1.7876866 30.2615 0.263063
SEG 33.758271 0.4732908 29.838103 33.848799 0.51311868 28.973358 0.270179
SEG 9.554178 0.32227149 29.467821 9.796636 0.32357009 28.497888 0.286718
SEG 34.203653 10.884961 20.931612 34.80051 11.190521 21.754181 0.315077
SEG 32.911085 12.575708 21.109051 33.834688 12.142993 20.967867 0.315194
SEG 33.831947 21.771591 21.043608 33.04231 21.307612 21.067043 0.318017
SEG 33.550304 26.551066 20.99948 33.822601 26.157395 21.714707 0.315795
SEG 34.663849 30.313107 20.891965 34.498475 30.54894 21.75903 0.315271
SEG 37.218684 33.593331 20.589312 35.915475 32.613088 20.804709 0.321273
SEG 6.4179124 36.385442 16.530981 7.4831 37.015108 17.11378 0.326388
SEG 12.331592 34.789001 17.216188 12.161324 34.651327 16.44871 0.319013
SEG 16.280931 34.123222 17.256819 16.032307 34.193262 16.470111 0.320991
SEG 10.7595 31.66281 20.92223 9.7570935 31.498874 21.979841 0.314116
SEG 14.955797 30.974664 20.822721 14.464495 30.387379 21.026835 0.315963
SEG 22.349017 29.972919 21.071295 22.900253 30.251803 21.844974 0.317433
SEG 30.946199 38.206872 33.352621 31.413487 39.66604 32.838546 0.267802
SEG 38.489196 38.253824 32.623038 37.847735 38.194302 31.592651 0.263063
SEG 39.697946 4.3161655 32.389059 39.424266 4.8509073 32.720432 0.263063
SEG 39.54496 1.0327543 32.213693 38.568493 1.8460968 32.623835 0.263063
SEG 36.756837 0.84873816 32.660118 36.921598 1.3279595 32.837756 0.263063
SEG 18.878937 34.100445 21.09444 18.24118 33.902843 20.494836 0.318095
SEG 25.48375 34.408605 21.048605 26.056446 34.557713 21.693912 0.317436
SEG 30.579355 35.685484 20.915588 30.219255 34.957469 21.763972 0.316975
SEG 33.593331 37.218684 20.589312 32.902378 36.935684 20.830583 0.321273
SEG 0.94659965 29.766072 35.986389 0.27230918 29.606643 35.837966 0.263063
SEG 0.96195657 39.577048 35.362705 1.341942 38.264128 35.700144 0.263063
SEG 5.2267 39.543974 35.804924 5.6404744 39.174435 36.183212 0.263063
SEG 30.974369 38.308718 35.472179 30.343287 39.715936 35.846711 0.263063
SEG 35.631568 39.459404 35.784934 35.9375 39.0625 34.0625 0.263063
SEG 39.498367 4.0631436 35.704286 38.866289 3.7087388 35.01666 0.263063
SEG 29.766072 0.94659965 35.986389 29.657607 0.27217962 35.849647 0.263063
SEG 0.27230918 29.606643 35.837966 0.3125 28.4375 34.6875 0.263063
SEG 0.35646874 33.00755 35.829449 0.36502739 32.961816 36.745666 0.263063
SEG 30.343287 39.715936 35.846711 29.803745 39.480537 34.029932 0.263063
SEG 33.444914 39.625585 35.824932 33.471904 39.691579 36.873372 0.263063
SEG 33.99269 0.40187478 35.932827 34.6875 0.3125 35.3125 0.263063
SEG 31.996654 0.32158717 35.837664 31.874937 0.8676132 36.781648 0.263063
SEG 29.766072 0.94659965 35.986389 29.657607 0.27217962 35.849647 0.263063
SEG 2.8936203 38.177293 39.383067 3.0934873 39.588719 39.726646 0.263063
SEG 5.8661272 37.033274 39.426338 5.2875497 36.134113 39.312513 0.263063
SEG 7.0897782 33.160571 39.45577 7.5420715 33.918772 39.272244 0.263063
SEG 8.3178136 33.155142 39.263571 9.0268078 33.169569 39.645748 0.27457
SEG 11.596591 30.056998 39.243753 11.680076 29.605875 39.685334 0.284668
SEG 15.294075 26.422698 39.223457 15.18819 27.114715 39.23771 0.287894
SEG 19.844751 26.379356 39.282425 19.271991 25.300308 39.162228 0.287924
SEG 25.955043 25.955043 39.186565 24.810376 27.113026 39.237709 0.28787
SEG 31.694779 31.694779 39.255278 30.920578 32.41378 39.256891 0.278945
SEG 33.280773 34.733269 39.284001 33.674311 34.772205 39.653631 0.265433
SEG 38.173311 3.2826131 39.379527 39.588387 2.9684115 39.727014 0.263063
SEG 37.033274 5.8661272 39.426338 36.115816 5.6780233 39.310907 0.263063
SEG 33.886023 7.9357211 39.272236 33.892352 7.2037345 39.423569 0.271257
SEG 28.568847 13.817745 39.241517 29.240114 13.76476 37.433075 0.287173
SEG 26.422698 15.294075 39.223457 27.221456 15.721138 39.239751 0.287894
SEG 26.171118 17.806295 39.239112 26.423701 18.218777 39.687692 0.287987
SEG 26.733125 23.439718 39.23939 26.664385 23.354935 38.438217 0.287934
SEG 25.955043 25.955043 39.186565 27.327225 24.446789 39.239847 0.28787
SEG 30.182315 28.12498 39.245763 30.750346 27.930772 39.68636 0.285068
SEG 33.290866 31.459383 39.265648 32.955846 31.200225 39.645331 0.27457
SEG 34.832398 33.018914 39.285528 35.133651 33.263493 39.654722 0.267534
SEG 37.8125 34.0625 39.6875 37.028202 35.305494 39.336216 0.263063
SEG 9.0152361 6.2942319 39.263518 9.3604327 6.7163884 39.395396 0.27584
SEG 12.240788 8.0734715 39.352926 11.509948 8.6109665 39.246042 0.282397
SEG 12.237816 12.30213 39.385614 14.229904 10.77333 39.238582 0.279937
SEG 18.392827 12.834752 39.235877 18.127955 12.908317 38.438297 0.287843
SEG 19.449863 13.21686 39.333135 20.132471 13.468242 39.687852 0.28784
SEG 23.242025 10.774589 39.430411 24.017053 11.874549 39.236754 0.280474
SEG 26.5625 10.9375 39.0625 25.979479 10.62482 39.238911 0.286664
SEG 32.1875 2.8125 39.0625 33.370643 3.9001243 39.300955 0.271779
SEG 11.071724 34.540087 39.260563 10.655755 34.492025 39.650667 0.275372
SEG 22.182261 30.011124 39.2331 22.308562 30.096606 38.445079 0.28635
SEG 26.265208 32.149475 39.24095 26.105152 32.678849 39.690056 0.2831
SEG 8.0734715 12.240788 39.352926 8.8608054 12.06532 39.229088 0.282397
SEG 12.969863 16.098476 39.463078 12.053841 16.905447 39.220891 0.281884
SEG 12.446433 18.005597 39.220525 12.49104 18.220733 38.438758 0.287701
SEG 12.726747 20.318415 39.220321 12.271261 20.64207 39.06425 0.28784
SEG 10.774589 23.242025 39.430411 11.787745 23.670783 39.221198 0.280474
SEG 6.1945693 30.861798 39.248815 6.8009187 30.941328 39.645813 0.274132
SEG 3.8982767 33.156763 39.285295 4.1425085 32.686023 39.658147 0.263063
SEG 1.7446876 36.569264 39.40901 1.7761249 35.535448 39.350775 0.263063
SEG 1.2100599 1.2100599 38.991148 1.9815589 2.042565 39.392342 0.263063
SEG 11.24377 11.363715 39.241096 10.556786 11.547898 37.810585 0.285813
SEG 20.273042 20.273042 39.130842 18.545331 20.258854 39.236023 0.287819
SEG 15.294075 26.422698 39.223457 14.161429 25.671639 39.236679 0.287894
SEG 26.422698 15.294075 39.223457 25.483283 14.692689 39.236476 0.287894
SEG 23.866688 16.383779 39.236027 23.43938 16.588632 39.687392 0.288031
SEG 21.669855 19.109157 39.236014 21.972591 19.549382 39.687499 0.287855
SEG 30.553256 21.801588 39.239738 30.096606 22.308562 38.445079 0.286371
SEG 32.616641 25.903943 39.248406 33.101445 25.626116 39.691394 0.28218
SEG 14.251815 5.5036785 39.366748 13.345538 6.4353699 39.245798 0.277747
SEG 22.1875 7.1875 39.0625 22.86167 8.844573 39.232323 0.282909
SEG 28.916926 3.8568519 39.279241 28.972073 3.341438 39.453852 0.273054
SEG 25.5993 35.961907 39.271012 26.092423 35.74441 39.660637 0.275713
SEG 21.336934 32.416622 39.234995 21.913132 32.464292 38.45909 0.284062
SEG 20.204301 32.215334 39.234116 19.644725 32.373847 39.079178 0.284092
SEG 16.065562 33.893625 39.244544 16.635018 33.921907 39.693551 0.27988
SEG 13.448801 37.482494 39.305393 13.08194 37.252553 39.675971 0.27972
SEG 4.1912622 11.648036 39.261095 4.4652836 12.168831 39.415154 0.27375
SEG 9.1012456 19.014796 39.219176 8.9339565 18.736986 38.449197 0.285773
SEG 7.1187733 25.480248 39.228433 6.8862407 25.008174 39.691545 0.282391
SEG 4.7664786 27.912431 39.251981 4.9741705 28.390013 39.654062 0.275162
SEG 2.9981549 29.233506 39.286146 3.0885656 29.737969 39.669583 0.277738
SEG 33.0045 21.828523 39.246565 32.464292 21.913132 38.45909 0.282945
SEG 18.449748 6.7360475 39.236997 18.905654 6.9677002 38.464064 0.281641
SEG 22.1875 7.1875 39.0625 21.703317 6.6883215 39.237319 0.282909
SEG 24.089831 4.3368823 39.262713 23.945933 3.9410451 39.664676 0.276054
SEG 3.5579295 16.041008 39.266586 2.9358997 16.102601 39.285519 0.276718
SEG 2.9358997 16.102601 39.285519 3.5579295 16.041008 39.266586 0.280554
SEG 6.7124151 19.063817 39.22617 6.5399901 18.93665 38.468642 0.281666
SEG 3.4039256 24.206558 39.270194 3.9827297 24.325542 39.664087 0.276718
SEG 4.9740113 10.321725 0.90685464 4.3813652 9.8414727 0.39043331 0.390384
SEG 2.67104 15.971705 1.6690022 3.40042 15.892917 0.83223288 0.384981
SEG 3.1616278 21.639637 0.81636565 3.1288955 20.769829 0.82518667 0.390977
SEG 4.9659379 26.111185 0.99788583 3.6323897 25.469447 0.84633404 0.38964
SEG 6.4186036 33.834843 1.1392533 6.8805744 32.555316 0.93928094 0.390632
SEG 11.733331 34.301405 0.60456053 11.8489 35.645875 0.88302567 0.341306
SEG 16.489887 34.894268 0.34362422 15.621052 36.55809 0.8347219 0.341306
SEG 23.61376 38.131742 0.59351026 23.291952 36.701384 0.82552012 0.341306
SEG 30.728767 34.467798 0.92225158 30.559334 35.641435 0.38022849 0.390046
SEG 36.516569 24.634379 0.83722567 37.367006 25.699046 0.73649945 0.390998
SEG 36.869882 20.784359 0.81396284 37.135801 21.543744 0.76651483 0.390974
SEG 36.455591 15.009183 0.84093831 37.359487 14.900121 0.73573035 0.390998
SEG 24.843678 3.5194091 0.83938922 25.699046 2.6329938 0.73649945 0.390998
SEG 13.694044 4.3536106 0.32017535 13.306269 3.9160536 0.86183912 0.341306
SEG 7.616797 7.616797 1.3071131 6.5625 7.8125 0.9375 0.390293
SEG 2.67104 15.971705 1.6690022 3.2789822 16.912079 0.82404171 0.384981
SEG 2.5830003 23.604766 1.7936131 3.2420127 22.707587 0.82156412 0.385125
SEG 6.4186036 33.834843 1.1392533 7.6561918 33.305099 0.93835946 0.390632
SEG 11.733331 34.301405 0.60456053 10.999114 35.384339 0.81145571 0.341306
SEG 19.428744 37.483837 1.9680241 18.628502 36.84899 0.81539009 0.377168
SEG 26.310734 36.180406 0.85668469 25.699046 37.367006 0.73649945 0.390629
SEG 29.98107 34.875083 0.91139798 30.559334 35.641435 0.38022849 0.389578
SEG 36.372343 25.438528 0.84594382 37.367006 25.699046 0.73649945 0.391
SEG 37.483837 19.428744 1.9680241 36.879167 19.673908 0.81338984 0.377168
SEG 36.593752 15.861728 0.83248629 37.359487 14.900121 0.73573035 0.390994
SEG 33.834843 6.4186036 1.1392533 32.727678 7.043751 0.939632 0.390632
SEG 23.604766 2.5830003 1.7936131 23.807836 3.3600048 0.82958622 0.385125
SEG 15.971705 2.67104 1.6690022 16.137067 3.3672261 0.83004954 0.384981
SEG 8.6187155 16.262015 5.732436 7.993354 15.478653 5.7540914 0.384027
SEG 12.350131 33.122664 5.880866 12.615158 33.687469 6.0340255 0.375143
SEG 16.754393 33.575127 5.6434889 15.982515 33.771284 5.8507132 0.377551
SEG 21.843957 34.073795 5.4371196 21.059772 33.809184 5.7775249 0.379716
SEG 27.696667 32.72404 5.3252768 27.816894 33.675238 6.0646568 0.380169
SEG 30.942626 34.560258 7.0046266 31.102156 33.607489 6.3410649 0.341595
SEG 19.824947 9.5184966 0.8793233 21.667748 8.9918067 0.93535029 0.38043
SEG 27.161591 10.126288 0.36326128 27.291365 11.067186 0.97713474 0.341306
SEG 29.719983 16.968393 1.1176739 30.601333 16.20494 0.94775049 0.379937
SEG 30.471859 24.233606 0.95130202 30.320766 23.213776 1.9577892 0.380967
SEG 28.462264 27.858675 0.97944353 27.823643 27.894087 2.5151051 0.380819
SEG 23.235518 30.742613 0.94366578 23.197082 30.333054 1.9582575 0.381623
SEG 16.968393 29.719983 1.1176739 17.098025 30.814606 0.94150679 0.379937
SEG 10.126288 27.161591 0.36326128 10.504573 26.445855 0.9710984 0.341306
SEG 10.256459 23.188367 1.7071469 9.1326088 22.62492 0.93985131 0.383469
SEG 7.9222546 16.053327 1.9183859 9.3234324 16.49054 0.94560963 0.389173
SEG 12.048312 12.045796 2.2275621 12.381274 11.330202 0.97870162 0.386657
SEG 23.18936 10.255573 1.7071431 23.719633 9.3788785 0.9471628 0.383469
SEG 29.907388 14.329276 0.96421244 29.652409 14.216925 1.9531758 0.380658
SEG 30.99901 18.25587 0.93564209 31.719775 19.544853 2.5440786 0.381334
SEG 30.917398 22.333465 0.93828085 30.320766 23.213776 1.9577892 0.381501
SEG 26.880133 29.22312 0.97450634 26.917916 30.733016 2.3033882 0.3806
SEG 15.09018 30.234512 0.95723585 14.198098 29.668546 1.9537973 0.381369
SEG 10.126288 27.161591 0.36326128 10.504573 26.445855 0.9710984 0.341306
SEG 9.5184966 19.824947 0.8793233 8.9055769 20.469054 0.93249719 0.38043
SEG 12.328572 10.446596 6.8539589 12.192672 10.078739 8.4982199 0.380453
SEG 15.877955 10.454919 6.656185 16.062555 10.308203 7.8907418 0.384256
SEG 26.532203 11.030234 5.9986425 26.634472 10.459354 6.7848314 0.38662
SEG 31.158119 8.815578 7.2523671 32.030715 7.802115 8.0643496 0.362348
SEG 12.449128 12.449128 5.8061791 11.545249 13.341652 6.7104607 0.386925
SEG 11.51652 18.779847 6.5000634 12.027371 19.602857 7.4584088 0.386996
SEG 11.532969 24.228929 6.5818711 11.749292 24.258478 7.4754053 0.386132
SEG 17.21134 28.89105 6.7653402 16.894338 28.160496 6.5213658 0.385814
SEG 11.768821 9.9232441 11.821068 11.650973 10.048019 12.998657 0.335803
SEG 16.082425 10.92634 11.732281 16.1773 11.05063 12.741633 0.347874
SEG 19.844227 10.709948 11.298713 20.597546 11.107131 11.705407 0.350492
SEG 26.288845 11.344535 12.261983 26.56499 10.481349 11.780127 0.340485
SEG 29.315798 10.007493 11.400609 29.260142 9.4183233 11.849832 0.335841
SEG 4.9918169 37.743867 7.5047037 4.3925901 37.859183 8.6105878 0.318889
SEG 30.766082 37.889752 6.7199079 30.409652 37.165926 7.1462967 0.337491
SEG 36.821913 36.821913 7.2263494 35.780155 38.024855 7.5564162 0.303799
SEG 19.949722 0.3796081 7.2770314 19.622932 0.52712095 8.1123799 0.37809
SEG 25.690101 1.5148769 6.9096009 25.072479 0.3742817 7.394158 0.360611
SEG 13.214088 0.48889513 12.222529 13.402846 0.44889095 12.965992 0.358711
SEG 29.361419 9.9613627 9.900406 28.818933 11.202247 10.01216 0.348485
SEG 26.173306 15.466459 10.496338 25.612471 14.80722 9.7861115 0.364107
SEG 26.12556 19.850172 10.470313 24.6875 19.6875 9.6875 0.367131
SEG 25.774152 25.774152 9.0171102 26.220154 26.025015 9.8282421 0.372208
SEG 28.541068 28.541068 9.2812167 28.413807 28.385405 9.9824421 0.361791
SEG 26.271555 11.35964 15.016459 27.960614 12.231296 14.503331 0.322932
SEG 26.122602 15.507513 14.953726 25.42547 15.540397 14.494591 0.3321
SEG 26.07465 19.851687 14.990566 24.563664 19.69607 14.488379 0.335066
SEG 26.864777 13.569291 18.506846 26.758146 13.831805 16.76101 0.317371
SEG 24.902504 17.031572 18.562118 24.907371 17.628864 16.796131 0.32139
SEG 24.593645 21.042647 18.572747 25.141486 20.773407 20.287941 0.321994
SEG 24.744917 18.33563 22.411051 24.738282 17.886744 20.71526 0.320904
SEG 26.153776 19.849974 21.796149 24.675875 19.673958 22.416268 0.319961
SEG 0.64831185 23.28907 19.328196 0.33098797 23.504528 20.10336 0.332864
SEG 1.2331939 29.364701 18.95067 0.32984487 28.972559 19.201557 0.329757
SEG 4.804916 39.637178 10.543551 6.5825646 39.486695 11.190353 0.351995
SEG 12.838206 39.491521 10.562725 12.528985 38.619127 11.042273 0.364393
SEG 15.612264 38.491699 10.976022 16.191538 38.02195 12.383697 0.355842
SEG 20.903236 39.611153 11.471943 20.3125 38.4375 10.9375 0.366098
SEG 25.137192 39.615826 10.577491 25.006462 38.509705 10.987203 0.367322
SEG 12.893611 39.506782 15.265352 12.793188 38.760669 15.395173 0.346107
SEG 15.693463 38.504595 15.402486 16.352478 38.28976 16.397316 0.341959
SEG 20.088752 38.38797 15.404951 20.778328 37.806843 15.775437 0.34363
SEG 25.091605 39.628111 15.203619 24.493903 38.515812 15.402208 0.348004
SEG 30.495646 37.864612 15.351027 30.246379 39.368778 15.376741 0.332729
SEG 12.84476 39.525044 19.630889 12.782438 38.790939 19.579725 0.330949
SEG 16.905336 38.411143 19.634626 16.367284 39.062692 20.500287 0.329022
SEG 21.065052 38.350342 19.645456 20.530655 38.789886 19.966346 0.329458
SEG 23.261044 36.823196 19.625197 23.837291 38.450402 19.628005 0.323128
SEG 29.28673 39.247083 19.535843 29.406857 38.817688 17.632981 0.327939
SEG 39.657203 25.325019 20.895976 39.105432 25.639569 21.601522 0.327588
SEG 12.757894 12.757894 15.336272 13.671148 13.723516 14.695537 0.323829
SEG 16.573868 16.573868 15.272334 16.449992 16.934107 14.689768 0.332954
SEG 15.107415 15.05522 19.891904 15.272741 14.326782 20.74241 0.319049
SEG 16.554403 16.554403 19.408061 17.083973 16.852215 19.929554 0.320336
SEG 19.535066 17.855205 19.946681 19.605307 17.47498 20.724035 0.321617
SEG 11.902198 3.7542905 17.836115 11.936327 3.3853545 18.381114 0.32179
SEG 16.321868 3.6464121 18.105776 15.931998 4.0619857 18.43745 0.326775
SEG 20.566612 4.9883632 17.975849 20.000442 4.2442396 18.455718 0.323776
SEG 23.296983 3.4950819 18.071203 22.71355 4.1657117 18.447657 0.326775
SEG 28.058337 3.3868001 18.381217 27.841976 3.317504 16.605257 0.322871
SEG 29.347372 2.98346 18.354092 30.179173 3.1683974 19.029091 0.324396
SEG 14.429625 14.473924 22.727144 14.332815 15.263599 20.742356 0.320579
SEG 16.513698 16.513698 23.420741 16.215758 16.474869 22.782402 0.322416
SEG 6.3769848 6.3769848 23.716139 6.1731239 6.315417 23.100133 0.312775
SEG 8.4468285 12.465429 22.99598 9.2813342 11.967551 23.35248 0.316648
SEG 9.600394 14.607326 23.415582 9.3238436 14.486106 25.224234 0.319313
SEG 10.565922 19.842805 23.520094 9.7890525 19.938574 23.465962 0.320429
SEG 11.060783 23.149616 23.259581 9.7486813 22.608937 23.454268 0.320471
SEG 11.220394 26.366363 22.930026 9.4864977 26.597986 23.39014 0.318485
SEG 8.5635377 30.444866 23.266948 8.8883583 30.521583 21.983414 0.3161
SEG 6.2560046 33.594944 23.105073 6.3319834 33.291199 21.838064 0.313184
SEG 8.1946404 35.151555 26.8313 7.8968438 34.814025 25.565085 0.311132
SEG 10.49538 36.77857 27.338661 10.594627 36.044365 26.874552 0.30973
SEG 14.990511 36.847744 26.359933 15.660281 36.91515 26.952092 0.313031
SEG 30.964419 34.691414 26.941878 30.944098 35.532773 26.845953 0.314366
SEG 34.176982 34.176982 26.926943 34.106665 33.419487 26.812805 0.30866
SEG 35.866882 30.001736 26.863369 35.822566 30.069408 25.507301 0.311356
SEG 36.588975 27.033926 27.459567 36.490916 27.470065 26.908983 0.311707
SEG 36.89225 19.462801 27.610011 37.105836 19.78117 26.974995 0.308819
SEG 36.847744 14.990511 26.359933 36.812739 14.675573 26.940669 0.313031
SEG 36.77857 10.49538 27.338661 36.113618 10.845609 26.879138 0.30973
SEG 34.644339 7.2976841 26.818694 34.272623 7.3343712 25.464242 0.310307
SEG 31.947268 3.2778074 26.665672 31.756274 4.8229617 26.83199 0.306225
SEG 29.350357 3.9394229 26.875492 29.581498 3.9281807 25.531943 0.31214
SEG 19.144874 2.9006874 26.974134 19.759992 2.6062247 27.977179 0.310379
SEG 16.227565 3.3979623 27.435943 16.552915 3.0115297 26.960399 0.312331
SEG 6.295841 6.295841 26.298891 5.8501683 6.6293099 26.812914 0.312174
SEG 4.1096364 10.069665 26.864604 4.7694182 10.011405 25.650146 0.31214
SEG 2.9732333 22.851858 26.964961 3.3270298 22.588582 28.161387 0.310391
SEG 3.3728557 26.683073 26.921527 3.5568658 26.191183 25.718277 0.311942
SEG 5.4770467 29.416718 27.147627 4.2749189 30.430535 26.855254 0.316079
SEG 5.3513847 32.695253 26.818752 5.3549332 33.064541 25.574392 0.310307
SEG 8.1946404 35.151555 26.8313 7.8968438 34.814025 25.565085 0.311132
SEG 10.49538 36.77857 27.338661 10.594627 36.044365 26.874552 0.30973
SEG 14.990511 36.847744 26.359933 14.415495 36.781219 26.937295 0.313031
SEG 30.964419 34.691414 26.941878 30.944098 35.532773 26.845953 0.314366
SEG 34.176982 34.176982 26.926943 34.106665 33.419487 26.812805 0.30866
SEG 35.866882 30.001736 26.863369 35.822566 30.069408 25.507301 0.31214
SEG 36.588975 27.033926 27.459567 36.490916 27.470065 26.908983 0.311707
SEG 36.89225 19.462801 27.610011 37.105836 19.78117 26.974995 0.308819
SEG 36.847744 14.990511 26.359933 36.812739 14.675573 26.940669 0.313031
SEG 36.77857 10.49538 27.338661 36.113618 10.845609 26.879138 0.30973
SEG 34.644339 7.2976841 26.818694 34.272623 7.3343712 25.464242 0.310307
SEG 31.947268 3.2778074 26.665672 31.756274 4.8229617 26.83199 0.306225
SEG 29.350357 3.9394229 26.875492 29.581498 3.9281807 25.531943 0.31255
SEG 20.396477 2.894749 26.974812 19.759992 2.6062247 27.977179 0.310376
SEG 16.227565 3.3979623 27.435943 16.552915 3.0115297 26.960399 0.312331
SEG 6.295841 6.295841 26.298891 6.7428379 5.75568 26.813523 0.312174
SEG 4.1096364 10.069665 26.864604 4.7694182 10.011405 25.650146 0.31214
SEG 3.2908554 13.865517 26.92966 3.8363107 14.047965 28.777476 0.312108
SEG 2.9732333 22.851858 26.964961 3.3270298 22.588582 28.161387 0.310391
SEG 3.3728557 26.683073 26.921527 3.5568658 26.191183 25.718277 0.311942
SEG 4.2749189 30.430535 26.855254 3.8804331 30.190385 25.617453 0.311356
SEG 34.842445 31.084246 30.917921 35.566336 31.152541 30.538506 0.32151
SEG 36.676518 27.084001 30.031333 37.251197 27.73579 30.553054 0.30835
SEG 37.105016 23.359887 30.061204 38.067385 22.923548 30.586776 0.30207
SEG 38.169705 19.365198 30.593161 38.583009 19.690284 30.953715 0.290483
SEG 38.062502 17.01099 30.586471 37.560371 16.775284 29.253856 0.29631
SEG 36.969997 14.936272 30.191197 37.783624 14.595221 30.571401 0.302597
SEG 36.905466 10.396787 31.158663 36.792591 11.006856 30.544403 0.300873
SEG 33.04897 7.1950925 31.217675 33.816871 6.7832923 30.541337 0.326137
SEG 32.068703 3.1655173 30.398442 30.860686 4.2300609 30.538459 0.302329
SEG 23.414139 3.1221929 31.108963 23.82814 2.0133264 30.582134 0.300178
SEG 20.654784 0.89445508 30.816961 20.243854 1.826433 30.593456 0.279755
SEG 16.201153 3.3085398 30.012316 15.474984 2.0925483 30.577776 0.307668
SEG 8.5583023 4.346252 29.918122 8.5002716 4.6898512 30.538732 0.308884
SEG 4.346252 8.5583023 29.918122 4.7683445 8.3990415 30.538885 0.308884
SEG 0.89445508 20.654784 30.816961 1.8458737 21.284041 30.592192 0.279755
SEG 2.3370517 26.080459 30.566172 2.817193 26.101937 29.341196 0.297201
SEG 3.5114444 29.644772 30.541138 4.2650015 29.699716 29.31491 0.307441
SEG 7.1950925 33.04897 31.217675 6.692181 33.729368 30.54135 0.326137
SEG 10.396787 36.905466 31.158663 10.909904 36.750623 30.543862 0.300873
SEG 14.936272 36.969997 30.191197 14.485628 37.765878 30.570584 0.302597
SEG 15.656984 37.929966 30.578977 15.865061 37.986244 29.141749 0.296848
SEG 23.359887 37.105016 30.061204 24.026005 37.965975 30.580971 0.30207
SEG 27.084001 36.676518 30.031333 27.608104 37.288762 30.554104 0.30835
SEG 31.084246 34.842445 30.917921 30.98726 35.679975 30.53859 0.32151
SEG 34.313208 34.313208 30.760463 33.894846 33.133807 30.541355 0.31489
SEG 36.288079 30.017877 30.539892 36.411559 29.846438 29.082317 0.307441
SEG 37.573593 26.50628 30.562802 37.321718 26.939675 29.738931 0.297327
SEG 38.169705 19.365198 30.593161 38.583009 19.690284 30.953715 0.290524
SEG 36.969997 14.936272 30.191197 37.783624 14.595221 30.571401 0.302597
SEG 36.905466 10.396787 31.158663 36.792591 11.006856 30.544403 0.300873
SEG 33.04897 7.1950925 31.217675 33.816871 6.7832923 30.541337 0.326137
SEG 29.735411 3.5588427 30.54081 29.568113 3.8575343 29.164107 0.307441
SEG 25.728676 1.3020924 30.713587 26.20755 2.3629857 30.565191 0.287663
SEG 21.400002 1.8498242 30.591951 21.863171 2.0047838 31.502661 0.290606
SEG 20.243854 1.826433 30.593456 19.761665 2.2648122 31.514421 0.290483
SEG 16.201153 3.3085398 30.012316 16.620557 1.9705473 30.584602 0.307668
SEG 8.5583023 4.346252 29.918122 8.5002716 4.6898512 30.538732 0.308884
SEG 2.2921912 14.153501 30.568007 2.2524912 13.703344 32.217969 0.297201
SEG 0.89445508 20.654784 30.816961 1.8259839 20.148009 30.593497 0.279755
SEG 1.3020924 25.728676 30.713587 2.1466191 24.934025 30.57494 0.287663
SEG 3.5114444 29.644772 30.541138 4.2650015 29.699716 29.31491 0.307441
SEG 4.9264546 31.802378 30.539142 5.7111587 32.030854 29.306157 0.31436
SEG 8.6944651 35.455658 30.538589 8.5376452 35.246374 29.271453 0.31436
SEG 10.396787 36.905466 31.158663 10.909904 36.750623 30.543862 0.300873
SEG 14.936272 36.969997 30.191197 14.485628 37.765878 30.570584 0.302597
SEG 24.026005 37.965975 30.580971 24.08943 37.351382 29.160039 0.296658
SEG 28.813689 36.867645 30.545503 29.241949 37.33592 29.265039 0.30792
SEG 36.121699 2.2847335 23.882765 36.080073 1.1924153 24.113592 0.307564
SEG 39.505155 1.1225371 24.620876 39.693248 0.49392632 24.050947 0.301406
SEG 16.513698 16.513698 23.420741 17.605457 15.880206 24.052263 0.322416
SEG 22.229918 16.494761 24.069727 21.666293 15.913088 24.057675 0.323438
SEG 22.229918 16.494761 24.069727 22.087535 17.971517 24.050422 0.323438
SEG 9.8719415 29.435775 23.3929 11.456234 28.623174 23.918213 0.317313
SEG 15.416366 26.251561 24.369363 15.116038 27.262493 24.029776 0.322446
SEG 19.848694 26.208411 24.477208 20.5113 27.172706 24.070187 0.324044
SEG 22.734883 28.182163 23.588737 23.210176 27.206929 24.05308 0.320891
SEG 31.384554 31.384554 24.253688 30.899217 31.206731 23.778933 0.31594
SEG 34.058381 34.058381 23.067881 33.903992 33.704255 23.61317 0.31291
SEG 8.5678959 8.5678959 24.303397 9.2604708 8.3571653 24.657322 0.31594
SEG 13.127273 7.4885389 24.728664 13.693186 6.8251413 25.016465 0.31886
SEG 16.361346 8.7766365 24.417274 15.782372 7.2831732 24.766141 0.321417
SEG 22.133729 7.5605575 24.320647 22.4492 7.2122252 24.781525 0.319555
SEG 25.109551 7.3369565 24.755398 25.338355 7.8031006 25.752292 0.319246
SEG 29.0625 7.8125 24.6875 28.497645 7.6967587 25.688322 0.31826
SEG 33.040732 12.49222 25.069265 32.481199 12.70643 24.720703 0.319227
SEG 33.433461 16.915442 25.405573 32.774046 16.68771 24.774468 0.319505
SEG 32.814162 22.021363 24.783489 32.409512 22.221553 25.714025 0.319722
SEG 32.610522 26.013857 24.741969 32.442484 25.493556 25.682155 0.319071
SEG 9.8324359 29.472843 24.712371 10.153293 30.756934 24.620424 0.319643
SEG 14.897556 31.100457 24.782754 15.395592 31.665877 24.705538 0.321107
SEG 16.732511 31.7361 24.71926 16.55802 31.265754 25.658734 0.320859
SEG 22.093457 31.77565 24.727527 22.238788 31.696111 25.653098 0.320973
SEG 27.499365 32.543292 24.656599 27.432557 31.386292 24.662846 0.318608
SEG 8.7290731 16.346175 25.75928 10.09051 16.126426 25.326888 0.32299
SEG 12.560486 12.325194 25.913583 11.822183 12.487798 25.311805 0.325551
SEG 19.213838 9.6482297 25.334742 19.76154 9.3933874 24.405707 0.32318
SEG 26.420903 11.14425 25.630359 27.007162 11.431079 25.313018 0.324906
SEG 28.837979 13.408943 25.314501 28.736431 13.771225 25.846292 0.323507
SEG 30.309116 18.578033 25.334028 29.517255 18.114129 25.819128 0.32317
SEG 30.320792 21.280946 25.334227 29.809375 21.532797 25.811313 0.32317
SEG 23.18519 14.334914 25.318615 23.741492 15.572649 25.962823 0.325023
SEG 19.553684 13.550802 24.631662 19.358446 13.206465 25.310517 0.323888
SEG 15.830099 15.160395 25.321217 15.466324 14.868949 25.940478 0.325139
SEG 13.657918 19.335713 24.74117 13.159009 19.771184 25.310009 0.323888
SEG 13.810532 22.388744 25.315341 14.371774 22.43071 26.089849 0.325053
SEG 15.395821 26.2801 25.717498 16.50608 25.437893 25.319499 0.326021
SEG 9.8627705 9.848724 25.899829 10.70973 10.001353 25.713869 0.321787
SEG 8.7290731 16.346175 25.75928 6.9212296 15.790603 25.928084 0.32299
SEG 7.5105397 22.142528 25.666907 6.641461 22.441377 25.935223 0.322196
SEG 16.013778 21.040218 26.546268 14.782517 21.124944 26.105085 0.326938
SEG 19.328416 27.586493 26.47636 18.884517 28.062892 25.77859 0.326812
SEG 7.4584664 22.151251 27.01762 8.3742242 22.446343 27.024074 0.323017
SEG 16.992069 30.116986 27.073389 17.022227 29.986584 25.707782 0.326708
SEG 22.534519 26.700182 27.17378 22.830605 26.482796 26.049372 0.328061
SEG 8.6798753 16.331088 27.109895 8.3414235 14.862926 27.75114 0.325278
SEG 12.53935 12.53935 27.348851 11.857125 12.669205 27.821386 0.32823
SEG 14.968601 8.1507443 27.745587 15.366821 8.1966886 28.865948 0.326593
SEG 16.575339 5.9998343 27.68057 16.666549 6.474197 28.810766 0.320673
SEG 23.89192 6.4648973 27.69435 23.399497 6.4548166 28.809387 0.322534
SEG 28.695035 13.132771 27.816741 27.927639 13.78356 29.450888 0.329278
SEG 32.254991 15.210304 27.733534 32.993423 15.160679 27.382726 0.32547
SEG 34.819249 18.162712 27.659544 35.344723 17.797291 29.341474 0.318514
SEG 34.071029 21.806169 27.685461 34.744823 22.066607 27.661216 0.320563
SEG 31.733017 23.788372 27.327686 31.989365 24.911238 27.741869 0.325305
SEG 28.426587 27.022337 27.820671 28.440944 26.69254 29.441169 0.329257
SEG 25.848888 30.249803 27.788971 25.291333 29.338534 29.442085 0.328165
SEG 21.806169 34.071029 27.685461 22.596259 34.52397 27.66648 0.320563
SEG 7.1529335 2.4019229 28.495478 6.826165 3.0300071 28.963552 0.294379
SEG 1.8596757 9.5129784 28.560367 2.1094862 9.5261412 29.224054 0.298495
SEG 12.348535 14.639839 28.327332 11.936815 13.91955 29.448605 0.330326
SEG 17.131433 16.108523 28.423882 17.785197 16.292444 28.50749 0.328957
SEG 8.3067506 8.3067506 32.414092 8.3134069 9.3679633 32.161633 0.335509
SEG 12.432133 12.432133 32.944873 12.749165 12.621042 32.30659 0.332642
SEG 14.811254 14.486926 32.350584 14.631525 14.61451 33.03691 0.329187
SEG 19.768964 16.552385 32.3889 19.539184 17.050942 33.083681 0.32557
SEG 26.402193 15.309791 32.648833 25.872989 13.891052 32.33805 0.328514
SEG 29.943064 10.004431 32.216891 30.344455 10.513505 32.484717 0.336
SEG 8.1199686 12.26617 32.525235 8.5332177 13.141112 32.253998 0.335068
SEG 9.1114962 15.901788 32.294799 9.368582 16.215127 32.977483 0.332893
SEG 10.315919 19.839166 31.796672 9.3766887 20.105016 32.314852 0.331591
SEG 9.0827657 24.299137 32.292693 9.6903545 24.841496 33.079285 0.332893
SEG 7.7399812 29.779143 32.186092 7.8417606 31.107771 32.953793 0.335286
SEG 10.798341 23.231979 32.877989 12.075952 23.465369 32.356689 0.330612
SEG 12.341572 19.309172 32.369945 13.244173 19.472672 33.032845 0.329511
SEG 12.0488 8.0533242 32.352723 11.361305 8.4152252 32.50297 0.334476
SEG 16.282899 8.49245 32.637387 15.990937 9.0151898 32.294454 0.332563
SEG 23.231979 10.798341 32.877989 22.995064 9.1297877 32.303119 0.330612
SEG 14.066868 25.876323 32.35325 13.577528 26.308808 33.120288 0.330224
SEG 23.093535 23.093535 32.648862 23.840451 22.671301 32.397165 0.324328
SEG 31.337973 14.800938 31.632437 31.766159 15.020077 32.286355 0.333019
SEG 31.395313 20.612741 32.316575 31.138315 21.199093 33.102239 0.331853
SEG 10.9375 18.4375 28.4375 11.616201 18.499124 28.423003 0.329473
SEG 5.9942302 25.649142 28.602158 6.3707161 24.732252 28.315077 0.321544
SEG 11.064311 26.476686 28.399116 11.170212 27.484887 28.434606 0.330292
SEG 13.025239 29.551228 28.424923 13.527102 28.988461 29.627633 0.329998
SEG 14.996331 33.198504 28.328695 15.112711 32.947497 29.513472 0.323581
SEG 25.392479 35.531099 28.395881 23.778838 36.091601 29.207317 0.316494
SEG 27.589574 32.691527 28.666031 28.661771 33.21878 28.422129 0.325169
SEG 31.5625 30.3125 28.4375 32.23172 30.660348 29.227172 0.326286
SEG 33.4879 28.376732 28.418625 34.187565 28.416099 29.203073 0.323137
SEG 1.8596757 30.487022 28.560367 1.875161 30.523183 29.217202 0.298495
SEG 2.8022696 33.967809 28.466756 2.6018193 33.951449 29.135548 0.292205
SEG 7.1529335 37.598077 28.495478 7.4719453 37.448754 29.163892 0.294379
SEG 35.013979 36.663948 28.445677 34.846559 36.712227 29.781622 0.28903
SEG 16.14245 13.05239 29.049888 16.434459 11.357483 29.046384 0.330686
SEG 20.59403 11.676564 29.071411 20.299654 10.912725 28.406949 0.330224
SEG 28.34216 9.352472 30.165602 28.414734 8.7367067 29.310801 0.332917
SEG 28.993445 17.207766 30.632278 27.8125 17.1875 30.3125 0.331843
SEG 26.320461 19.846143 29.968424 27.618718 19.972842 30.32581 0.330062
SEG 29.539423 28.070465 30.201112 29.623403 27.449241 29.393425 0.333526
SEG 29.748229 1.0260445 33.888002 29.101605 1.9960593 33.99545 0.263063
SEG 29.709794 9.5719066 34.404625 30.317385 10.873899 34.247759 0.332597
SEG 28.430812 22.809357 34.614948 27.876168 22.682633 34.30683 0.323217
SEG 28.94067 26.635348 34.281267 28.359528 26.509214 33.466185 0.329505
SEG 31.101596 30.229149 34.225612 30.749348 29.694267 32.778652 0.336118
SEG 27.134747 36.843641 33.838106 27.066332 38.536713 33.991833 0.310138
SEG 32.166271 3.0102271 34.031447 32.855246 2.2906678 34.005794 0.298589
SEG 38.515006 9.651485 34.013782 38.597604 9.949188 32.588386 0.263063
SEG 13.116252 27.049572 30.205506 12.654311 27.887276 29.637577 0.332849
SEG 16.41973 22.276964 30.928848 17.582856 23.787436 30.30242 0.328048
SEG 23.07562 23.07562 29.890101 22.997847 24.021503 30.296333 0.328832
SEG 23.07562 23.07562 29.890101 22.997847 24.021503 30.296333 0.328832
SEG 16.402714 22.287584 33.676786 17.6821 23.820565 34.254956 0.322449
SEG 21.639341 23.631114 34.256894 21.703106 24.232936 33.18726 0.319895
SEG 23.099028 23.099028 34.007847 22.90509 24.054229 34.252633 0.320027
SEG 11.804294 29.868535 30.817877 12.420658 31.595927 29.510671 0.334531
SEG 17.207766 28.993445 30.632278 17.04977 27.95997 30.927894 0.331843
SEG 19.845663 26.342419 31.35952 19.832044 27.758964 30.941103 0.329138
SEG 9.701137 2.1341304 34.640392 10.151945 2.338029 34.138583 0.280331
SEG 7.0835364 33.16677 35.427256 7.4510317 33.045865 34.809663 0.338163
SEG 9.5719066 29.709794 34.404625 10.827721 30.462249 34.87851 0.332597
SEG 14.519147 28.654982 34.910213 14.824977 28.76931 33.102299 0.324707
SEG 17.190621 29.061616 34.773277 17.149268 28.03979 34.921278 0.324294
SEG 26.436802 29.010025 34.904166 26.457623 28.46925 33.465318 0.326829
SEG 9.1154866 34.692354 34.820123 9.2094238 35.243961 36.406408 0.334688
SEG 12.323082 33.391342 34.717779 11.917779 34.642726 34.839359 0.334099
SEG 16.76877 33.855601 34.712366 16.087136 34.134975 34.872724 0.33114
SEG 25.848178 34.312194 34.86089 25.43133 32.53458 33.398875 0.332308
SEG 14.800938 31.337973 31.632437 14.89432 32.207366 30.91143 0.333019
SEG 17.672775 32.261493 30.93017 17.810973 32.424101 29.557908 0.330337
SEG 21.844668 32.2288 30.933423 21.949439 32.400888 29.560032 0.330219
SEG 1.9554901 31.125101 32.237923 1.787679 30.625156 32.720009 0.288109
SEG 4.0625 35.3125 32.1875 4.1003986 34.942564 32.701483 0.292238
SEG 9.1884093 38.124458 32.24258 9.7206839 38.411907 32.895675 0.288109
SEG 33.981582 37.506588 32.712384 34.108374 36.826792 32.196203 0.273084
SEG 25.699823 5.8247704 32.670513 25.040634 6.0802602 33.139751 0.329682
SEG 21.379684 2.0664646 32.664877 21.863171 2.0047838 31.502661 0.282194
SEG 2.1085135 21.95932 32.667731 2.717941 21.656895 33.660708 0.282367
SEG 2.6779974 17.535177 32.691261 2.6769835 18.073073 33.658187 0.294659
SEG 5.3852917 14.380352 32.869269 6.0401147 14.783419 32.832188 0.326406
SEG 33.351967 12.334689 33.30387 33.986922 12.823026 33.47465 0.33394
SEG 35.3125 16.5625 33.4375 34.538837 17.090446 32.430052 0.322171
SEG 16.103007 12.9748 34.563645 16.37374 12.482599 34.053818 0.321974
SEG 19.0625 12.8125 34.0625 19.51601 13.199776 33.035807 0.323548
SEG 23.237199 10.779869 34.272264 23.113298 12.579821 34.056312 0.327205
SEG 12.412326 12.412326 35.737104 12.360334 13.120274 35.292759 0.318539
SEG 13.131139 14.205524 35.299294 13.815574 14.339611 36.949834 0.319261
SEG 13.490032 19.31944 35.719455 14.869369 19.111204 35.314231 0.312885
SEG 16.39823 22.290428 35.025386 14.770932 21.724241 35.313289 0.314201
SEG 15.296556 26.420878 35.390877 13.382839 25.388691 35.301428 0.318218
SEG 19.048107 18.773174 35.312105 18.571459 19.10682 36.954744 0.31299
SEG 26.420878 15.296556 35.390877 25.195456 14.790602 35.297092 0.318218
SEG 5.2920067 21.702883 35.311026 5.2987886 21.989915 37.083238 0.330028
SEG 5.7319897 25.716057 35.459507 5.04325 25.873805 35.293943 0.331905
SEG 14.254674 5.4938859 35.679635 14.767194 4.5095724 35.926001 0.3309
SEG 20.589944 4.3077154 36.586946 20.3125 4.6875 35.9375 0.328358
SEG 23.084824 4.6280144 35.93354 22.490165 4.4725216 37.208896 0.329447
SEG 25.716057 5.7319897 35.459507 25.857893 4.4614897 35.923041 0.331905
SEG 35.224318 21.19865 39.032147 34.619128 21.735985 38.485099 0.277235
SEG 37.346633 14.891585 38.961481 37.936243 16.053152 39.101958 0.280233
SEG 2.7856621 23.437308 38.637843 2.3002107 22.18648 39.09485 0.317132
SEG 1.0025599 4.1528244 3.5501398 0.71903891 4.3889427 5.2426598 0.263063
SEG 28.462264 27.858675 0.97944353 27.823643 27.894087 2.5151051 0.380819
SEG 11.826812 3.807335 9.4735098 12.731389 3.8898391 8.7963475 0.337515
SEG 4.7671965 16.044361 8.9305471 5.3445656 16.169895 8.225696 0.349472
SEG 15.877955 10.454919 6.656185 16.062555 10.308203 7.8907418 0.384256
SEG 16.017504 5.5147664 9.0609509 16.170231 5.3422224 8.2258239 0.350307
SEG 4.9505263 20.580431 7.8562621 5.2441038 19.613312 7.9581512 0.358198
SEG 19.055963 5.5603663 9.0136188 19.618889 5.2447334 7.9580402 0.35293
SEG 20.642553 1.0815182 8.6471168 19.622932 0.52712095 8.1123799 0.37018
SEG 31.547722 23.773046 8.1468943 31.964851 22.706308 7.8947363 0.365472
SEG 34.469176 30.845617 8.4099758 35.035854 29.946452 8.9179834 0.333605
SEG 30.845617 34.469176 8.4099758 30.086151 34.013353 8.8815249 0.333605
SEG 6.0835193 13.347459 13.256101 5.6103606 12.843275 13.004868 0.326591
SEG 12.558228 8.6214701 12.442209 12.161552 8.7573844 13.003513 0.331925
SEG 11.903323 3.8291271 12.321208 13.162874 3.3313224 12.989758 0.332406
SEG 16.4152 9.0021353 12.279146 16.324551 9.61627 12.755764 0.339519
SEG 25.88214 1.3425224 3.7838324 23.507715 1.6523431 3.7765795 0.346461
SEG 1.541652 25.620057 8.4900851 2.1502296 24.086797 8.0800839 0.360767
SEG 4.7736814 23.648183 8.9231405 5.2471043 24.125704 7.9471603 0.350277
SEG 14.883951 31.025709 8.1351832 15.820057 31.622094 7.7229666 0.366034
SEG 16.804369 33.398842 7.2717852 15.849998 33.273197 7.8467437 0.368275
SEG 1.0789655 20.632149 11.852807 1.2541037 19.716436 12.575655 0.361399
SEG 5.0687369 20.567586 12.400856 5.6011694 19.702568 12.597802 0.338234
SEG 19.596765 6.9913479 13.224413 19.68504 7.5039816 12.590365 0.331991
SEG 21.66888 0.37913992 7.2899663 22.353821 0.52715208 8.0276249 0.377863
SEG 22.117146 5.5500329 9.0250975 22.378702 5.2297369 7.8696344 0.352286
SEG 23.194064 11.004721 7.4348768 22.421598 10.248836 7.4890648 0.382202
SEG 31.612683 17.106865 8.9103842 31.958126 17.627657 7.6652658 0.361681
SEG 28.862455 22.398563 13.235741 28.348638 22.91791 12.981661 0.3365
SEG 24.774748 22.544061 14.490433 25.603737 23.464283 13.064757 0.335663
SEG 23.69685 31.389399 12.601029 22.865844 31.124216 13.107154 0.334525
SEG 31.718395 14.564287 2.8507075 31.488718 13.606154 2.4025612 0.390392
SEG 37.131432 13.491413 5.004205 36.925573 12.751781 3.7070303 0.353674
SEG 32.235017 23.997901 3.0034353 32.23703 23.482332 2.4087065 0.390621
SEG 39.647528 25.437558 3.9065975 38.902441 23.861415 3.8363846 0.367737
SEG 14.564287 31.718395 2.8507075 13.586506 31.504419 2.4038474 0.390392
SEG 14.77319 37.066045 3.5697516 12.731773 36.941156 3.7083086 0.361306
SEG 23.997901 32.235017 3.0034353 23.463589 32.249526 2.4095067 0.390621
SEG 23.717725 39.167952 2.4212152 23.839383 38.918332 3.8360863 0.276389
SEG 30.49321 37.849103 13.93134 29.722365 37.414367 13.412884 0.335003
SEG 32.164337 31.327846 13.316896 32.770489 31.607508 13.448069 0.318001
SEG 37.849103 30.49321 13.93134 37.868155 29.61832 13.407848 0.335003
SEG 4.4097443 8.297337 17.097467 4.5811481 7.536502 17.701548 0.319602
SEG 9.3980189 2.4467933 18.323508 8.8643354 2.4901775 17.687801 0.326369
SEG 3.7801364 11.915616 16.481015 4.3014427 13.168033 16.928591 0.32368
SEG 8.6085204 12.568473 16.454717 8.1468092 12.156628 16.994883 0.316466
SEG 10.52913 26.887344 2.3064603 9.7854867 26.682882 2.1679702 0.387656
SEG 29.826735 1.174711 4.2994092 28.198857 1.6112645 4.002215 0.340563
SEG 26.887344 10.52913 2.3064603 26.689809 9.772607 2.1706449 0.387656
SEG 6.3431898 24.458723 13.239233 6.9589704 24.085538 12.392413 0.328859
SEG 11.205182 23.111436 12.369464 11.242864 24.526322 12.346008 0.344532
SEG 13.964114 26.272203 13.235036 14.079378 25.30747 12.314762 0.336857
SEG 15.769248 30.092111 13.25148 15.572853 29.415204 12.354442 0.332372
SEG 16.218177 34.079783 13.266495 15.968896 33.720043 12.395885 0.330144
SEG 15.612264 38.491699 10.976022 16.191538 38.02195 12.383697 0.355842
SEG 12.457994 32.964146 7.4767543 11.364619 33.320408 7.9969768 0.364116
SEG 11.930925 37.116595 6.9773816 11.607696 37.804508 8.1931143 0.348309
SEG 5.0189151 20.565773 16.615581 4.9156605 19.731922 16.645795 0.324616
SEG 13.792806 19.348968 16.680198 14.374672 19.638789 16.786197 0.326031
SEG 17.1875 19.6875 14.6875 17.122101 19.558999 16.800101 0.338614
SEG 19.917137 12.916024 17.473169 19.711792 13.000148 16.775124 0.322716
SEG 20.137185 8.1032558 17.384402 19.757446 7.5988847 16.699636 0.31994
SEG 20.565773 5.0189151 16.615581 19.771842 4.9098262 16.645692 0.324616
SEG 19.243937 24.135362 13.192804 19.313543 23.844021 12.473922 0.345607
SEG 19.851031 26.094351 11.996328 19.363965 25.386775 12.489184 0.352334
SEG 22.104272 7.8077518 12.282607 23.026337 7.6771916 12.580354 0.338266
SEG 28.939774 16.689384 13.240511 29.241502 16.773617 12.5492 0.335436
SEG 26.657388 5.4074543 9.1470019 26.876414 5.20733 7.9460326 0.34556
SEG 28.506073 13.835305 6.6816665 28.312705 12.848791 7.4957302 0.384905
SEG 36.270043 13.600077 9.251391 36.390348 13.270803 8.0212911 0.346008
SEG 20.899332 39.630166 17.541694 22.480189 39.582755 17.418981 0.340579
SEG 23.69476 31.43565 17.992366 22.946934 31.439405 17.571944 0.317703
SEG 22.697241 28.062478 18.270893 23.227461 28.802484 17.618127 0.318885
SEG 25.136113 23.669844 18.555139 25.225835 24.049229 17.656402 0.3206
SEG 25.094716 39.623417 13.705064 25.810214 39.335712 13.090859 0.355466
SEG 25.991952 34.28979 13.28168 26.351693 33.698288 13.13222 0.327594
SEG 29.549412 26.589987 13.267899 30.28005 27.037971 13.126166 0.329718
SEG 33.489656 27.07059 13.293189 32.967728 26.466814 13.133111 0.324943
SEG 36.267998 26.856021 12.648655 35.682957 26.105361 13.122551 0.335888
SEG 36.915073 10.210061 3.8896637 36.570379 8.3036759 4.0344483 0.346718
SEG 10.210061 36.915073 3.8896637 8.2836675 36.585962 4.0357265 0.346718
SEG 26.880133 29.22312 0.97450634 26.917916 30.733016 2.3033882 0.3806
SEG 35.511432 31.541352 17.123758 34.709873 31.306757 17.67192 0.319602
SEG 33.501831 32.533127 17.126447 33.636315 32.057906 17.680467 0.316267
SEG 4.5881075 8.7928649 22.189963 4.7824187 8.327181 21.743602 0.314754
SEG 8.6707118 5.3123099 21.078024 8.5808225 4.6421301 21.966231 0.315115
SEG 3.6957011 11.859107 20.525531 4.2293238 13.280861 21.082337 0.319683
SEG 8.4871432 12.49288 21.687635 8.098247 12.478094 21.179704 0.315208
SEG 11.859107 3.6957011 20.525531 13.271584 4.2986845 21.084033 0.319683
SEG 6.5239255 17.099373 21.120313 6.5725227 16.62024 20.56479 0.317304
SEG 16.300812 3.5828962 20.829987 16.811818 3.915865 20.490461 0.321056
SEG 17.228073 0.37209 20.950797 16.946943 1.2247024 20.439616 0.328935
SEG 6.9071035 23.777875 17.221454 6.8952044 24.085481 16.490462 0.318866
SEG 11.205071 23.103209 16.619847 10.849667 24.665667 16.548423 0.321718
SEG 12.844911 24.990861 17.452694 12.14813 24.982507 16.560647 0.320562
SEG 15.791626 30.074481 17.264269 15.536966 30.226841 16.535622 0.318461
SEG 16.898896 33.215905 15.858168 15.893186 32.865753 16.494741 0.322876
SEG 15.107593 36.624008 16.982927 16.26163 36.888853 16.418728 0.327361
SEG 1.291592 29.341293 11.826921 1.101984 27.507338 12.414306 0.346315
SEG 5.7157769 28.534625 13.27179 5.2966286 28.049789 12.440596 0.323351
SEG 10.030632 29.292048 12.8249 9.2535993 29.215639 12.42725 0.328115
SEG 12.617058 32.780591 11.84256 11.482236 32.573937 12.436751 0.33323
SEG 10.733293 36.484664 12.594241 12.255468 36.64074 12.432107 0.33152
SEG 0.54965804 33.456018 8.3002334 0.94792843 32.135143 8.4066896 0.351552
SEG 3.8196498 32.034584 9.2980584 3.68629 32.524708 8.3815021 0.324937
SEG 1.0073088 20.634345 20.600497 0.98844927 19.744141 20.362054 0.329563
SEG 4.9163512 20.569654 20.675587 5.0361744 19.727208 20.447655 0.319532
SEG 17.147306 18.966458 22.810554 16.970774 19.567528 20.720021 0.322068
SEG 20.569654 4.9163512 20.675587 19.761292 5.5222029 20.461916 0.319532
SEG 20.634345 1.0073088 20.600497 19.777114 1.4915318 20.367629 0.329563
SEG 5.0189151 20.565773 16.615581 5.4330017 21.642785 16.663427 0.324616
SEG 13.456177 22.367638 17.473085 13.507891 22.124498 16.785212 0.322885
SEG 20.565773 5.0189151 16.615581 21.654165 5.4770063 16.664634 0.324616
SEG 21.471722 8.0745197 17.382563 21.907563 8.0006652 16.572335 0.319714
SEG 22.605849 12.762976 17.466728 22.014072 12.19491 16.773433 0.321913
SEG 23.291507 3.5230134 16.698821 24.167972 3.5975563 16.618828 0.329622
SEG 24.127052 7.8623 17.369382 24.620124 7.6553194 16.696661 0.318427
SEG 25.213124 12.190802 17.445477 25.396825 11.565424 16.749955 0.319374
SEG 29.099475 15.31264 17.288872 29.23895 14.827224 16.741703 0.31878
SEG 33.137524 16.032233 17.242996 33.174322 15.49527 16.681707 0.319581
SEG 27.891236 6.2970524 13.268253 28.022282 6.2031462 12.621662 0.323831
SEG 29.260142 9.4183233 11.849832 29.381697 10.023819 12.695132 0.334149
SEG 30.381011 11.359392 13.290325 30.490559 10.904444 12.610205 0.325042
SEG 36.484664 10.733293 12.594241 35.756642 12.323584 12.616503 0.33152
SEG 30.979867 4.9177407 9.3488203 31.215169 5.0758425 8.1772412 0.329854
SEG 36.639584 9.2722936 9.4377415 36.155682 8.954277 8.2229646 0.33111
SEG 33.874498 21.777883 22.366102 33.605584 22.687655 21.740546 0.317796
SEG 31.543098 23.7275 21.946343 30.971095 22.840505 21.823779 0.317556
SEG 22.723631 28.147167 22.249192 23.149326 27.614513 21.912918 0.319053
SEG 22.851625 34.168703 21.083594 22.666539 34.204818 21.721401 0.317748
SEG 23.283723 36.884812 22.300608 22.558195 36.865941 21.646325 0.320017
SEG 39.640281 25.257715 16.675794 38.606923 25.517548 17.424948 0.343185
SEG 27.377676 32.350416 18.102154 26.718112 31.751965 17.550274 0.315221
SEG 26.848543 36.323457 16.819896 25.916873 35.618966 17.474249 0.327178
SEG 30.624666 37.960318 22.21264 29.537798 37.489936 21.721402 0.317738
SEG 30.813371 34.529968 21.736053 30.219255 34.957469 21.763972 0.314777
SEG 31.307966 31.307966 21.647585 32.19738 31.639305 21.804812 0.313832
SEG 34.663849 30.313107 20.891965 34.498475 30.54894 21.75903 0.315271
SEG 0.32366661 9.4218054 25.802846 0.96718888 9.469542 25.548516 0.306727
SEG 4.1096364 10.069665 26.864604 4.7694182 10.011405 25.650146 0.31214
SEG 11.050958 13.600695 25.315241 11.642971 13.923208 25.974833 0.323507
SEG 14.054805 17.222926 25.317051 14.163976 17.136709 26.081973 0.325042
SEG 16.013778 21.040218 26.546268 14.782517 21.124944 26.105085 0.326938
SEG 13.525693 24.385555 27.15826 12.901159 24.73077 26.03109 0.32826
SEG 5.5232355 29.380757 25.83975 5.1552274 29.89618 25.665517 0.315196
SEG 2.4361054 29.868332 24.902676 2.6035217 30.39279 25.579 0.312114
SEG 7.8160987 5.043728 26.825367 7.6434389 5.7390663 25.478632 0.311693
SEG 8.5260055 8.5260055 25.61524 9.0315008 7.937579 25.595953 0.317656
SEG 12.8125 11.5625 25.3125 12.560486 12.325194 25.913583 0.323664
SEG 15.830099 15.160395 25.321217 15.466324 14.868949 25.940478 0.325139
SEG 16.481645 16.481645 26.127455 16.497009 15.769816 25.968588 0.326164
SEG 22.123605 16.402138 26.68633 22.666157 16.419839 25.985821 0.326947
SEG 26.2801 15.395821 25.717498 24.762798 14.661024 25.933296 0.326021
SEG 28.029665 12.320681 25.31163 27.672111 11.770284 25.808681 0.323716
SEG 30.339087 8.1692095 24.663223 30.363896 8.7252935 25.641017 0.317957
SEG 32.855963 5.4585643 26.817015 32.51656 5.4138722 25.463161 0.310307
SEG 33.587493 2.8002309 24.795205 33.346119 2.9973072 25.37046 0.307766
SEG 7.2470361 14.489199 25.921121 6.7010443 14.007328 25.122251 0.321021
SEG 13.127273 7.4885389 24.728664 13.693186 6.8251413 25.016465 0.31886
SEG 0.64831185 23.28907 19.328196 0.33098797 23.504528 20.10336 0.332864
SEG 3.4335008 23.315537 20.763743 2.7569276 23.726931 20.526841 0.321056
SEG 6.4660067 23.702715 21.111761 6.7604294 24.057297 20.632133 0.317117
SEG 12.899564 24.887548 21.295172 13.214254 25.280036 20.783874 0.318391
SEG 15.471656 26.174932 20.376847 14.282948 26.061093 20.790151 0.318259
SEG 14.955797 30.974664 20.822721 15.693865 31.104301 20.692549 0.315963
SEG 16.23803 34.231302 21.074041 15.988197 33.718711 20.618243 0.317343
SEG 17.249189 39.664579 20.633904 16.367284 39.062692 20.500287 0.328935
SEG 1.5056576 25.510182 16.117909 1.1777927 26.994026 16.387355 0.338861
SEG 6.1897262 27.6868 17.180409 6.458224 28.160256 16.466463 0.317633
SEG 10.011999 29.346093 17.060982 9.9112685 29.982245 16.500303 0.314447
SEG 12.331592 34.789001 17.216188 12.161324 34.651327 16.44871 0.319013
SEG 1.291592 29.341293 11.826921 0.70278283 30.707883 12.471405 0.346315
SEG 4.2790455 32.312336 13.291921 4.6601294 31.956434 12.505328 0.324432
SEG 8.235745 35.833222 13.319251 8.2324321 35.753157 12.502788 0.324647
SEG 0.54965804 33.456018 8.3002334 0.35160978 34.130312 8.4392421 0.351552
SEG 0.96861939 20.642504 24.602876 0.95362531 19.740783 24.329594 0.315753
SEG 4.7909749 20.576116 24.655998 4.9095286 19.742509 24.425242 0.317133
SEG 9.7890525 19.938574 23.465962 10.349908 19.787791 24.716149 0.32007
SEG 13.159009 19.771184 25.310009 12.934625 19.763304 24.691626 0.324952
SEG 3.4335008 23.315537 20.763743 4.1063249 21.685204 20.438151 0.321056
SEG 6.5528225 22.384277 21.1247 6.7563117 21.780776 20.514683 0.317457
SEG 11.131076 23.125834 20.613962 10.710079 21.981847 20.626496 0.31704
SEG 13.419092 22.280037 21.332008 13.356735 22.196421 20.683728 0.319446
SEG 17.285161 28.722987 21.06358 17.968657 28.628883 20.642412 0.317857
SEG 16.882154 33.308054 19.844118 18.24118 33.902843 20.494836 0.317653
SEG 19.473356 36.713883 21.008718 18.331251 36.561588 20.421256 0.321642
SEG 23.125834 11.131076 20.613962 21.735004 11.429544 20.645859 0.31704
SEG 22.210828 16.525044 21.385607 22.433933 16.70379 20.729546 0.320734
SEG 33.043043 18.666404 21.066933 32.672172 18.43927 20.533332 0.317283
SEG 36.713883 19.473356 21.008718 36.65046 18.561661 20.420339 0.321642
SEG 20.642504 0.96861939 24.602876 19.757837 1.4518151 24.15631 0.315753
SEG 20.576116 4.7909749 24.655998 19.75852 5.4117132 24.262653 0.317133
SEG 19.781849 7.1783904 24.789341 19.759102 6.7338982 24.310285 0.319798
SEG 19.358446 13.206465 25.310517 19.553684 13.550802 24.631662 0.32495
SEG 23.315537 3.4335008 20.763743 24.14545 3.4206348 20.779465 0.321056
SEG 29.153086 15.290676 21.084235 28.612746 14.79828 20.991035 0.316874
SEG 33.199407 16.033553 21.044341 33.81006 15.606639 20.854035 0.316899
SEG 36.711892 15.068907 21.068766 36.445959 15.845384 20.782724 0.320582
SEG 34.313809 10.874288 17.178231 33.763772 11.319579 16.652542 0.316795
SEG 36.5365 10.735273 16.755885 36.31847 12.072162 16.611168 0.325202
SEG 32.875104 4.3005837 13.294989 33.432934 4.2918821 12.673547 0.324532
SEG 37.029661 17.210679 26.965453 37.343839 16.76404 25.536208 0.310391
SEG 32.774046 16.68771 24.774468 33.433461 16.915442 25.405573 0.319596
SEG 28.026535 18.863961 26.502669 28.694081 19.203212 25.849217 0.326812
SEG 33.967638 21.791895 25.016647 33.739017 22.346436 25.662504 0.318719
SEG 26.924771 36.443719 22.22189 25.902802 35.866757 21.658797 0.31769
SEG 27.442588 32.456239 22.023855 26.45507 31.962579 21.767557 0.316002
SEG 27.703478 27.817858 21.172405 27.732791 28.262298 21.844765 0.315941
SEG 32.456239 27.442588 22.023855 32.526094 26.357449 21.751754 0.316002
SEG 36.443719 26.924771 22.22189 36.440872 25.845611 21.644835 0.31769
SEG 15.010809 36.811631 25.053723 15.926635 36.548423 25.462639 0.314763
SEG 16.732511 31.7361 24.71926 16.55802 31.265754 25.658734 0.320859
SEG 19.328416 27.586493 26.47636 18.884517 28.062892 25.77859 0.326812
SEG 21.791895 33.967638 25.016647 22.488989 34.347376 25.551287 0.318719
SEG 10.53138 36.742892 26.051813 10.729691 37.227413 25.592026 0.311187
SEG 12.461736 33.089509 26.41057 11.536313 33.381461 25.734447 0.321345
SEG 13.77209 27.355015 24.003427 14.284826 28.762987 25.95084 0.321924
SEG 16.50608 25.437893 25.319499 17.537189 26.304102 26.056516 0.325107
SEG 22.534519 26.700182 27.17378 22.830605 26.482796 26.049372 0.328061
SEG 24.557945 27.248506 24.0351 23.989498 27.208797 26.019539 0.322227
SEG 27.432557 31.386292 24.662846 27.532198 31.274745 25.832033 0.319937
SEG 29.699758 35.959508 26.869049 29.137583 36.270201 25.62088 0.31214
SEG 35.969251 35.382474 20.677089 36.413992 35.158793 21.593456 0.318989
SEG 26.2801 15.395821 25.717498 26.173304 16.05876 25.939969 0.326021
SEG 26.237573 19.848016 25.834324 24.665129 19.815197 25.993486 0.326064
SEG 32.283242 28.654038 24.69499 32.106998 28.862563 25.666433 0.31866
SEG 35.866882 30.001736 26.863369 35.822566 30.069408 25.507301 0.311356
SEG 8.2113789 12.313755 29.722016 7.1192175 13.311804 29.493772 0.330746
SEG 8.5803058 16.30338 29.84951 8.005984 15.924114 29.563649 0.329764
SEG 7.3501361 22.167248 29.751691 8.2185619 22.827024 29.582284 0.32698
SEG 7.5593084 25.417375 28.352588 7.6080374 25.528016 29.530963 0.32673
SEG 5.3759382 29.486576 29.780561 5.365457 28.944392 29.377014 0.319728
SEG 1.8596757 30.487022 28.560367 1.875161 30.523183 29.217202 0.298495
SEG 0.44376456 5.7102109 25.673903 1.1273185 5.8244383 25.433956 0.298653
SEG 5.1169769 7.6881706 26.823638 5.8661329 7.378322 25.594005 0.311693
SEG 15.490997 24.52786 25.321238 15.567943 24.542356 26.114547 0.325097
SEG 1.2067222 29.427061 21.664354 1.3987317 28.346105 21.845285 0.322136
SEG 8.5635377 30.444866 23.266948 8.8883583 30.521583 21.983414 0.3161
SEG 10.7595 31.66281 20.92223 9.7570935 31.498874 21.979841 0.314116
SEG 10.636 36.646566 22.134696 11.334445 36.460454 21.877261 0.316717
SEG 2.8141662 33.667695 24.793069 3.0350985 34.035159 25.480555 0.30685
SEG 7.3783117 32.862827 25.935152 6.4442625 32.383247 25.63149 0.314519
SEG 8.3917927 8.3917927 29.634655 9.7566782 7.1425032 29.204887 0.328058
SEG 12.313755 8.2113789 29.722016 11.871511 8.8781544 29.32096 0.330746
SEG 29.427061 1.2067222 21.664354 28.125672 1.3353519 21.685881 0.322136
SEG 29.27883 5.6474516 21.915865 28.818138 5.230623 21.754842 0.315086
SEG 29.983085 9.4186441 21.231227 30.247103 8.8537103 21.825841 0.314057
SEG 34.203653 10.884961 20.931612 34.80051 11.190521 21.754181 0.315077
SEG 36.646566 10.636 22.134696 36.080952 11.468595 21.725977 0.316717
SEG 26.2801 15.395821 25.717498 27.736443 14.698844 25.891019 0.326021
SEG 32.291619 11.392388 24.695893 32.127075 11.583391 25.685509 0.31866
SEG 36.113618 10.845609 26.879138 35.912878 10.457112 25.526566 0.31255
SEG 37.595837 10.670322 24.917235 37.195947 10.272109 25.48699 0.312114
SEG 29.486576 5.3759382 29.780561 30.489995 6.9571063 29.191966 0.319728
SEG 28.34216 9.352472 30.165602 28.414734 8.7367067 29.310801 0.332917
SEG 31.245045 14.83493 28.844939 30.037228 15.598717 29.42164 0.329942
SEG 31.251089 19.863238 28.758233 31.479162 19.40096 29.400126 0.328332
SEG 31.78485 23.8032 28.704432 31.837693 23.544329 29.371695 0.327686
SEG 32.691527 27.589574 28.666031 33.310875 27.37611 29.260222 0.325169
SEG 36.288079 30.017877 30.539892 36.411559 29.846438 29.082317 0.307441
SEG 37.314118 0.90434335 24.083527 37.29264 0.95965162 25.211121 0.307328
SEG 36.084129 3.3806777 24.736699 36.484202 3.2039468 25.263174 0.304813
SEG 6.8085808 18.805525 28.290931 6.5485342 18.285622 28.929085 0.323158
SEG 16.575339 5.9998343 27.68057 16.666549 6.474197 28.810766 0.320673
SEG 22.159604 7.4046916 28.378966 22.074541 6.7516646 28.831106 0.324944
SEG 25.649142 5.9942302 28.602158 25.65521 5.0201731 28.723574 0.321544
SEG 25.690635 1.3467547 28.268453 26.722968 1.3210587 28.590139 0.301734
SEG 1.2592648 29.323727 16.151166 0.99406806 30.106471 16.323729 0.335503
SEG 4.6405869 31.323065 17.107148 4.6516849 31.926042 16.353569 0.319602
SEG 6.4717028 33.255493 17.24876 6.7102843 33.60374 16.362942 0.317116
SEG 9.9274147 39.317473 15.378193 10.065265 39.448377 16.323311 0.339818
SEG 0.28789612 22.445356 29.383212 0.78436201 22.714381 28.101946 0.287856
SEG 20.650592 0.92690432 28.408865 19.755167 1.3544817 27.948882 0.299116
SEG 33.365017 0.528296 17.242609 32.314092 1.5889458 16.944747 0.339074
SEG 35.054435 19.456202 27.654602 34.962807 19.055492 29.362222 0.316224
SEG 31.68216 23.772801 25.964272 31.164233 25.075113 25.735372 0.322958
SEG 36.549722 27.006495 26.162253 36.342284 26.098111 25.534515 0.313139
SEG 23.349038 37.062674 28.802937 24.08943 37.351382 29.160039 0.305685
SEG 16.837094 35.134207 28.271267 16.553648 35.59036 29.230012 0.316363
SEG 28.813689 36.867645 30.545503 29.241949 37.33592 29.265039 0.30792
SEG 27.34203 32.907576 30.067157 27.134469 34.04202 29.434471 0.329405
SEG 21.844668 32.2288 30.933423 21.949439 32.400888 29.560032 0.330219
SEG 17.672775 32.261493 30.93017 17.810973 32.424101 29.557908 0.330337
SEG 12.402377 33.193527 29.115961 12.696603 34.173542 29.425922 0.324677
SEG 10.426976 36.858887 29.890472 10.738373 37.424344 29.261973 0.307678
SEG 7.3783117 32.862827 25.935152 8.4462879 33.646677 25.620554 0.314519
SEG 6.8944772 37.252448 24.809165 7.1807356 37.245228 25.476567 0.308663
SEG 34.135705 34.135705 25.650659 33.125543 35.09641 25.550724 0.309246
SEG 34.647489 30.924354 25.638492 33.645154 32.31216 25.492624 0.313697
SEG 12.985534 16.108566 33.217707 13.458565 15.346218 33.031913 0.327037
SEG 16.108566 12.985534 33.217707 15.357199 13.442465 33.031845 0.327037
SEG 15.990937 9.0151898 32.294454 16.217862 9.3745844 32.977643 0.332893
SEG 5.9387716 25.668796 29.944498 4.9861834 24.842815 29.441111 0.323486
SEG 5.8578785 25.587651 32.728309 5.0127489 25.722844 32.929573 0.329682
SEG 11.776003 24.833017 32.342687 11.064697 25.135491 33.100169 0.331627
SEG 14.519147 28.654982 34.910213 14.824977 28.76931 33.102299 0.324707
SEG 21.827556 34.299916 33.132295 22.249029 35.426088 32.933613 0.32913
SEG 7.2419511 33.00092 29.874971 5.7111587 32.030854 29.306157 0.321681
SEG 9.6639481 29.628575 30.146305 8.5394729 29.150062 29.494838 0.333251
SEG 6.6383212 33.175977 20.955589 6.3319834 33.291199 21.838064 0.314599
SEG 8.4512883 39.582325 21.672936 9.177557 39.10771 21.792924 0.322872
SEG 12.0488 8.0533242 32.352723 11.361305 8.4152252 32.50297 0.334476
SEG 8.1199686 12.26617 32.525235 8.4022528 11.36885 32.502764 0.335068
SEG 2.9218828 0.97712503 29.24188 3.0546758 1.292907 28.787108 0.263063
SEG 29.350357 3.9394229 26.875492 29.581498 3.9281807 25.531943 0.31214
SEG 29.0625 7.8125 24.6875 28.497645 7.6967587 25.688322 0.31826
SEG 33.468314 0.51235758 21.392512 31.923076 0.79763187 21.590646 0.322871
SEG 33.803667 3.6818696 20.976632 33.82441 4.2907619 21.595142 0.318771
SEG 36.485006 6.3011401 21.943045 36.758479 6.887485 21.591346 0.315212
SEG 29.545033 5.2630824 32.461112 29.976933 6.2092213 32.373771 0.326346
SEG 33.302046 12.352531 31.891282 32.814292 11.930195 32.44168 0.331798
SEG 34.438342 15.538221 33.47374 34.383681 15.741842 32.428081 0.327267
SEG 26.359517 19.845291 32.745428 26.65731 19.067713 32.629652 0.326766
SEG 25.699823 5.8247704 32.670513 25.040634 6.0802602 33.139751 0.329682
SEG 25.775551 8.7073273 32.272025 25.44654 8.9411544 33.422315 0.333838
SEG 26.899728 12.951102 32.315431 26.913332 12.815097 33.464445 0.332404
SEG 23.8032 31.78485 28.704432 24.229436 30.254134 29.428944 0.327686
SEG 26.319188 26.525318 30.224316 27.143065 27.229239 29.460413 0.332257
SEG 31.560199 31.560199 29.584976 32.23172 30.660348 29.227172 0.328058
SEG 37.270457 33.904713 28.319453 37.277843 34.538449 28.922125 0.292205
SEG 3.9550726 17.289564 32.750425 3.9053975 16.796467 32.314832 0.313819
SEG 2.3370517 26.080459 30.566172 2.1068215 26.388481 32.211484 0.297201
SEG 12.343021 8.2609579 28.3446 12.900487 6.9998924 28.780577 0.327831
SEG 31.045405 34.788461 29.576123 31.451074 35.225298 29.272486 0.318122
SEG 32.847066 37.598077 28.495478 32.522825 37.424752 29.164613 0.294379
SEG 12.402377 33.193527 29.115961 11.262486 32.359433 29.457654 0.324677
SEG 8.6944651 35.455658 30.538589 8.5376452 35.246374 29.271453 0.31436
SEG 7.1529335 37.598077 28.495478 7.4719453 37.448754 29.163892 0.294379
SEG 0.35646874 33.00755 35.829449 0.36502739 32.961816 36.745666 0.263063
SEG 1.0522219 25.773247 37.194112 2.6150743 25.365462 36.906264 0.263063
SEG 2.8051413 23.436642 37.318386 2.6684293 24.02331 36.91099 0.321404
SEG 4.3077154 20.589944 36.586946 2.7332319 19.997365 36.91708 0.328358
SEG 8.4401258 16.270631 36.810779 7.857139 16.349577 36.957341 0.317513
SEG 12.968293 16.098696 37.12527 12.770009 15.036891 36.949911 0.305022
SEG 16.098696 12.968293 37.12527 15.260228 12.305708 36.950018 0.305022
SEG 16.154032 4.5938112 35.931321 16.612015 4.7383428 36.959357 0.329734
SEG 29.768215 0.88425964 37.034535 30.018226 1.9477695 36.862601 0.263063
SEG 4.3106288 20.626055 32.456034 6.0306111 19.696924 32.902361 0.319838
SEG 0.45843624 33.920185 32.862771 0.99619807 33.767289 32.629478 0.263063
SEG 5.2630824 29.545033 32.461112 5.6055626 30.239035 32.902893 0.326346
SEG 5.7153132 25.718863 36.861229 5.6245579 24.305493 37.084012 0.326364
SEG 10.76934 23.241607 36.966849 10.667593 25.320955 37.068837 0.306714
SEG 12.643649 26.492063 35.29523 12.861847 26.56616 37.067076 0.320623
SEG 16.764907 33.882804 37.430747 15.607996 33.51804 37.081798 0.319407
SEG 30.979314 38.37921 36.519799 31.112036 37.881778 37.001191 0.263063
SEG 18.486316 27.892309 34.924137 18.695537 27.750156 33.149416 0.321822
SEG 1.0235577 37.197662 29.239459 1.5367724 37.255492 28.984086 0.263063
SEG 4.2618726 2.7783149 31.569794 4.1743913 3.0652671 32.09287 0.263644
SEG 33.095623 7.1501523 32.585243 34.024512 7.28066 32.318276 0.3338
SEG 36.758043 5.9794289 31.875136 35.881693 5.5271216 32.182617 0.295298
SEG 39.270442 3.8129892 32.680881 38.817895 3.8263366 32.019356 0.263063
SEG 29.718789 9.5614568 35.810362 31.355995 8.4531092 36.348889 0.32486
SEG 37.153043 10.331394 36.06266 36.342715 10.546763 36.294579 0.308337
SEG 20.589944 4.3077154 36.586946 20.713087 5.057729 36.56348 0.328358
SEG 19.838395 10.262309 37.134657 20.831064 10.345705 36.571317 0.30718
SEG 25.718863 5.7153132 36.861229 24.916758 6.3467615 37.45322 0.326364
SEG 24.9115 7.7819512 39.236868 25.149819 7.6231069 37.444995 0.283705
SEG 33.882804 16.764907 37.430747 34.166416 15.153694 37.456723 0.319407
SEG 27.176045 27.043309 32.3288 27.222611 27.308785 33.470963 0.332404
SEG 23.837013 31.927505 32.905368 25.43133 32.53458 33.398875 0.332713
SEG 30.130476 30.083211 32.228242 30.749348 29.694267 32.778652 0.336338
SEG 34.362913 34.362913 32.066119 35.390853 33.312533 32.532478 0.320917
SEG 38.407662 38.338463 29.22223 38.306266 37.740464 28.775529 0.263063
SEG 31.11961 34.900075 32.28388 31.214653 35.616582 32.741356 0.325875
SEG 33.039418 37.384892 32.209462 32.640766 37.522003 32.620343 0.293009
SEG 10.523512 34.79537 34.825984 9.8309405 34.796484 33.063011 0.333633
SEG 6.9605825 37.384892 32.209462 7.1298534 37.395168 32.884797 0.293009
SEG 4.3077154 20.589944 36.586946 4.6627645 19.778416 36.959834 0.328358
SEG 14.869369 19.111204 35.314231 14.892714 19.619509 36.95265 0.315312
SEG 7.1501523 33.095623 32.585243 6.869717 32.126957 32.90087 0.3338
SEG 4.8828744 27.263639 35.283377 4.953874 27.571542 37.120142 0.330074
SEG 4.3077154 20.589944 36.586946 5.2987886 21.989915 37.083238 0.328358
SEG 10.76934 23.241607 36.966849 10.439025 22.390314 37.068212 0.306714
SEG 10.76934 23.241607 36.966849 10.439025 22.390314 37.068212 0.306714
SEG 15.294412 26.42338 36.716351 16.704219 25.783432 37.066526 0.309769
SEG 19.861642 31.427488 37.088363 17.86403 31.963739 37.074566 0.310718
SEG 35.236685 24.36449 39.267255 35.220448 24.595673 37.22309 0.276896
SEG 31.977551 23.848398 37.027778 32.600161 24.907552 37.21359 0.312723
SEG 25.955313 25.955313 36.677299 26.944783 27.557321 37.200569 0.310053
SEG 26.436802 29.010025 34.904166 26.219438 28.594011 37.201344 0.326829
SEG 23.848398 31.977551 37.027778 24.978177 32.224989 37.211796 0.312723
SEG 31.395313 20.612741 32.316575 31.138315 21.199093 33.102239 0.331853
SEG 27.744876 21.328661 34.31028 28.376669 21.312516 33.149726 0.324565
SEG 23.482929 21.351848 32.403733 23.008555 21.991898 33.192625 0.325771
SEG 22.805448 28.417294 33.26217 21.328721 28.287522 33.150841 0.328035
SEG 19.862056 31.384949 32.94737 21.21247 31.049676 33.104147 0.331846
SEG 3.5579295 16.041008 39.266586 2.9358997 16.102601 39.285519 0.276718
SEG 4.1912622 11.648036 39.261095 4.4652836 12.168831 39.415154 0.27375
SEG 32.324568 6.1128174 34.135188 32.357273 5.8144359 35.326416 0.335711
SEG 39.498367 4.0631436 35.704286 38.866289 3.7087388 35.01666 0.263063
SEG 33.597606 10.763108 32.127302 34.606578 9.7268331 32.376944 0.332313
SEG 36.758043 5.9794289 31.875136 37.396821 7.251097 32.194456 0.295298
SEG 32.911723 27.685006 37.033534 33.119072 28.635752 36.864193 0.315687
SEG 31.705953 31.705953 36.637933 30.742123 29.838119 36.860476 0.324407
SEG 27.685006 32.911723 37.033534 28.616475 33.182712 36.864288 0.315687
SEG 5.2267 39.543974 35.804924 5.6404744 39.174435 36.183212 0.263063
SEG 9.1154866 34.692354 34.820123 9.2094238 35.243961 36.406408 0.334688
SEG 5.1246393 29.583334 36.647583 4.5246423 30.73339 36.40169 0.330346
SEG 26.380012 19.844789 36.784551 26.409157 20.998166 37.067698 0.30858
SEG 23.104013 23.104013 36.646645 21.857519 22.594443 37.069473 0.306672
SEG 19.844789 26.380012 36.784551 21.01782 26.212998 37.067762 0.30858
SEG 19.861642 31.427488 37.088363 20.730674 31.234319 37.073022 0.310718
SEG 21.832879 34.393841 37.262291 20.673687 33.816282 37.082418 0.322176
SEG 8.4375 4.0625 39.0625 7.8601079 4.0183508 39.409161 0.268531
SEG 25.220632 2.4274813 39.304984 26.08448 2.0835265 39.48864 0.28899
SEG 28.916926 3.8568519 39.279241 28.972073 3.341438 39.453852 0.273054
SEG 33.160571 7.0897782 39.45577 33.151951 6.4592176 39.422974 0.263063
SEG 0.71216515 8.4288863 2.8678505 0.3125 8.4375 1.5625 0.287296
SEG 0.54797431 12.159819 2.4232255 0.3125 11.5625 1.5625 0.28306
SEG 0.42786414 14.426216 2.2582048 0.3125 14.6875 1.5625 0.289869
SEG 36.455591 15.009183 0.84093831 37.359487 14.900121 0.73573035 0.390998
SEG 36.372343 25.438528 0.84594382 37.367006 25.699046 0.73649945 0.391
SEG 29.98107 34.875083 0.91139798 30.559334 35.641435 0.38022849 0.389578
SEG 35.018717 35.018717 1.4167674 34.052486 36.230194 0.45769116 0.383712
SEG 9.5507935 38.862376 2.9647875 9.6875 39.6875 1.5625 0.297489
SEG 14.794154 36.415893 0.84326535 14.900121 37.359487 0.73573035 0.391
SEG 25.19962 36.418415 0.84321974 25.699046 37.367006 0.73649945 0.391
SEG 37.587134 34.205407 3.0217153 38.036249 33.317128 2.6258984 0.301107
SEG 34.771514 37.743065 13.312035 35.461636 38.08465 14.030891 0.337414
SEG 1.191703 39.474286 16.294676 0.35651691 38.479871 16.7838 0.357256
SEG 1.1569649 39.489878 20.717859 0.33381468 38.513306 21.197465 0.33423
SEG 8.4512883 39.582325 21.672936 7.1412628 39.49775 21.32936 0.322872
SEG 21.757203 33.699607 15.718301 20.839981 33.670917 15.84697 0.323477
SEG 19.867428 30.863108 15.344603 20.896736 30.970357 15.886782 0.325161
SEG 19.851623 26.079977 16.410696 21.098678 25.487868 15.929561 0.326121
SEG 28.666832 20.629807 17.308613 29.086935 20.973629 15.906828 0.321368
SEG 33.699607 21.757203 15.718301 33.149363 20.872964 15.855565 0.323477
SEG 31.730562 3.4510956 18.889848 30.756358 4.3677869 19.042397 0.321125
SEG 36.588641 10.694701 19.47183 36.395603 9.6214281 19.033705 0.320353
SEG 36.682324 19.475067 19.66492 37.081957 20.539339 19.994878 0.323829
SEG 30.971853 19.866438 20.654963 30.451318 20.626723 20.178068 0.317292
SEG 28.765423 20.553662 21.123477 29.129503 20.652617 20.211695 0.317947
SEG 24.593645 21.042647 18.572747 25.141486 20.773407 20.287941 0.321994
SEG 19.850533 26.129751 20.463819 20.717732 26.817964 20.26076 0.319518
SEG 19.866438 30.971853 20.654963 20.62604 30.791312 20.168753 0.317292
SEG 20.203695 34.088667 21.096351 20.585596 33.428999 20.092816 0.318134
SEG 21.065052 38.350342 19.645456 20.530655 38.789886 19.966346 0.329458
SEG 4.3383302 4.3383302 21.645865 3.303812 3.6069746 21.556005 0.317774
SEG 1.910249 6.680034 21.934893 1.3346332 5.4048591 21.569471 0.316794
SEG 32.862827 7.3783117 25.935152 33.175283 8.0139281 25.521962 0.314519
SEG 38.08653 1.3928965 29.22355 38.212313 1.7876866 30.2615 0.263063
SEG 32.254991 15.210304 27.733534 32.993423 15.160679 27.382726 0.32547
SEG 19.840171 10.392187 28.999466 20.299654 10.912725 28.406949 0.33002
SEG 16.450822 16.450822 28.874886 17.025883 17.448742 28.512492 0.329217
SEG 13.570315 19.327109 28.844245 12.997496 18.363042 28.456317 0.329851
SEG 27.029383 6.8698223 30.103804 26.981796 6.7679378 29.335977 0.327416
SEG 21.983172 11.584727 29.064228 21.991687 13.312288 29.665461 0.330418
SEG 27.666315 18.577611 30.322469 27.326067 18.091962 29.653135 0.330898
SEG 35.112511 26.231862 28.398564 35.166853 25.660367 29.840986 0.316489
SEG 36.676518 27.084001 30.031333 37.321718 26.939675 29.738931 0.30835
SEG 33.861505 37.397066 29.301733 34.846559 36.712227 29.781622 0.290059
SEG 3.4375 3.4375 31.5625 3.5227045 3.5174353 30.438307 0.264249
SEG 4.5912252 20.584779 29.918648 4.2878625 21.015976 30.438313 0.31626
SEG 2.1085135 21.95932 32.667731 2.717941 21.656895 33.660708 0.282367
SEG 6.692181 33.729368 30.54135 5.5399617 34.624458 31.206527 0.318961
SEG 2.1490636 36.318365 30.849189 3.2241953 37.056706 31.032582 0.263063
SEG 1.0491112 39.537675 31.163845 1.5625 39.6875 30.9375 0.263063
SEG 34.362913 34.362913 32.066119 34.922588 35.053335 31.805333 0.320917
SEG 36.756837 0.84873816 32.660118 36.921598 1.3279595 32.837756 0.263063
SEG 12.543972 39.641622 33.262689 12.8125 39.0625 33.4375 0.263063
SEG 7.1106406 33.137378 33.996839 7.3579199 34.170484 33.776232 0.336912
SEG 5.9378148 36.808929 33.079294 5.4369028 35.936638 33.647662 0.297919
SEG 39.703481 20.940829 33.678285 39.179461 22.016265 34.068204 0.263063
SEG 27.134747 36.843641 33.838106 28.234775 36.93298 34.1518 0.310138
SEG 32.847613 32.49712 34.157629 32.172549 32.265805 34.426984 0.337941
SEG 34.016946 37.554258 33.810625 35.074691 37.162235 34.173084 0.273627
SEG 35.047545 0.48082447 35.799274 34.6875 0.3125 35.3125 0.263063
SEG 20.590237 4.3229893 39.306791 20.802283 3.7535948 39.667619 0.276407
SEG 24.089831 4.3368823 39.262713 23.945933 3.9410451 39.664676 0.276054
SEG 29.580071 5.1452508 39.337035 28.982611 5.2832129 39.651974 0.274549
SEG 34.811358 11.75291 39.267836 34.8353 11.22862 39.652734 0.276054
SEG 34.811358 11.75291 39.267836 34.8353 11.22862 39.652734 0.276054
SEG 36.5625 19.0625 39.0625 36.250682 19.439658 39.667693 0.277051
SEG 36.173471 21.787456 39.051979 36.225002 21.539321 39.667255 0.276365
SEG 33.290866 31.459383 39.265648 32.955846 31.200225 39.645331 0.27457
SEG 31.726692 33.198159 39.264006 31.476659 32.690729 39.644942 0.27457
SEG 25.5993 35.961907 39.271012 26.092423 35.74441 39.660637 0.275713
SEG 21.445931 35.971248 39.261532 21.921661 36.208223 39.66698 0.276365
SEG 11.071724 34.540087 39.260563 10.655755 34.492025 39.650667 0.275372
SEG 11.071724 34.540087 39.260563 10.655755 34.492025 39.650667 0.275372
SEG 7.0897782 33.160571 39.45577 8.2695432 32.442211 39.64472 0.263063
SEG 4.7664786 27.912431 39.251981 4.9741705 28.390013 39.654062 0.275162
SEG 4.405435 23.714438 39.250821 3.8796565 23.280614 39.66559 0.277011
SEG 3.4375 20.3125 39.0625 3.7459183 20.134169 39.667756 0.277065
SEG 34.832398 33.018914 39.285528 35.133651 33.263493 39.654722 0.267534
SEG 33.280773 34.733269 39.284001 33.674311 34.772205 39.653631 0.265433
SEG 2.4825481 24.833436 39.293102 2.7249722 26.610299 39.676503 0.289159
SEG 2.9981549 29.233506 39.286146 3.0885656 29.737969 39.669583 0.277738
SEG 3.8982767 33.156763 39.285295 4.1425085 32.686023 39.658147 0.263063
SEG 6.0411868 35.40318 39.296108 6.2427508 35.024271 39.654049 0.263063
SEG 13.448801 37.482494 39.305393 13.08194 37.252553 39.675971 0.27972
SEG 23.084824 4.6280144 35.93354 22.490165 4.4725216 37.208896 0.329447
SEG 22.186812 7.1707329 36.659443 22.633739 7.1051543 37.202259 0.32108
SEG 26.42338 15.294412 36.716351 26.370864 15.978629 37.187529 0.309769
SEG 33.882804 16.764907 37.430747 33.813923 17.43131 37.206766 0.319407
SEG 12.239603 8.0659088 38.098871 12.789341 8.6009283 37.816997 0.30473
SEG 11.24377 11.363715 39.241096 10.556786 11.547898 37.810585 0.285813
SEG 8.0659088 12.239603 38.098871 8.4543013 12.857776 37.817782 0.30473
SEG 18.449748 6.7360475 39.236997 18.905654 6.9677002 38.464064 0.281641
SEG 18.302677 9.2039054 39.231179 18.691218 9.3592991 38.447065 0.285758
SEG 18.392827 12.834752 39.235877 18.127955 12.908317 38.438297 0.287843
SEG 13.488547 19.319031 38.266173 13.654175 17.937804 38.437719 0.293471
SEG 10.265701 19.838371 38.333928 10.125714 18.602411 38.443984 0.29397
SEG 6.7124151 19.063817 39.22617 6.5399901 18.93665 38.468642 0.281666
SEG 30.553256 21.801588 39.239738 30.096606 22.308562 38.445079 0.286371
SEG 22.182261 30.011124 39.2331 22.308562 30.096606 38.445079 0.28635
SEG 12.726747 20.318415 39.220321 12.271261 20.64207 39.06425 0.28784
SEG 16.394939 22.292728 38.812618 16.845063 21.53097 39.062508 0.287972
SEG 19.844751 26.379356 39.282425 19.241789 26.565308 39.063288 0.287924
SEG 21.864358 12.768551 39.23592 21.493452 12.512842 39.688024 0.287843
SEG 23.866688 16.383779 39.236027 23.43938 16.588632 39.687392 0.288031
SEG 26.171118 17.806295 39.239112 26.423701 18.218777 39.687692 0.287987
SEG 19.449863 13.21686 39.333135 20.132471 13.468242 39.687852 0.282323
SEG 25.762746 20.09913 39.238988 25.388971 19.836492 39.687644 0.287969
SEG 4.4563599 20.342337 39.144941 5.4652736 20.003672 39.698259 0.277248
SEG 5.3205067 23.063019 39.238197 5.8843114 23.115474 39.695867 0.278521
SEG 7.1187733 25.480248 39.228433 6.8862407 25.008174 39.691545 0.282391
SEG 11.596591 30.056998 39.243753 11.680076 29.605875 39.685334 0.284668
SEG 13.561552 32.28062 39.241671 13.909813 32.083104 39.688579 0.2831
SEG 26.265208 32.149475 39.24095 26.105152 32.678849 39.690056 0.2831
SEG 30.182315 28.12498 39.245763 30.750346 27.930772 39.68636 0.285068
SEG 32.616641 25.903943 39.248406 33.101445 25.626116 39.691394 0.28218
SEG 34.367746 21.833303 39.531711 34.438522 22.7525 39.697512 0.263063
SEG 22.292735 16.394966 39.66921 22.293656 16.394197 39.669248 0.330705
SEG 17.05373 39.688297 3.3585183 17.035107 39.182827 2.3936619 0.30493
SEG 39.718382 25.570721 2.2575798 39.645656 25.914265 1.2817692 0.276495
SEG 25.570721 39.718382 2.2575798 25.535226 39.11589 2.5163263 0.276495
SEG 39.733503 20.98525 2.1722286 39.703965 21.449055 1.5702439 0.266447
SEG 20.985193 39.733507 2.1723021 20.980542 39.205066 2.3521543 0.266447
SEG 3.7095489 0.4628756 17.568565 5.0774033 0.33918295 17.629416 0.339136
SEG 4.3251329 0.32399324 21.726878 3.6407071 0.69170793 21.710966 0.32393
SEG 39.736882 2.6746538 38.919726 39.673352 1.8664853 38.943015 0.263063
SEG 10.304147 0.35363712 12.269176 10.3035 0.35362675 12.270556 0.353586
SEG 0.37336342 27.649284 19.269207 0.33203621 28.905927 19.204963 0.331995
SEG 9.1659322 39.657979 15.37103 8.5861681 39.578405 15.363428 0.341959
SEG 9.7464704 0.34468863 13.458961 10.304147 0.35363712 12.269176 0.344617
SEG 0.36963097 23.515707 3.8600258 0.36959307 23.515863 3.8595012 0.369556
SEG 0.36191434 28.218311 4.072103 0.36181543 28.219111 4.0694436 0.361788
SEG 0.31755134 34.915935 8.5914466 0.35160978 34.130312 8.4392421 0.317442
SEG 39.686511 16.727851 25.502009 39.682828 17.200923 25.508258 0.313392
SEG 25.620708 39.683945 21.59915 25.162543 39.652933 21.611205 0.315935
SEG 39.68159 10.105774 25.447464 39.68164 10.10237 25.447678 0.318314
SEG 24.22682 39.704264 29.114918 25.248477 39.685808 29.079274 0.295642
SEG 37.705901 39.56143 25.181562 38.255072 39.70389 24.82622 0.296052
SEG 20.950508 39.707262 1.5717946 20.985193 39.733507 2.1723021 0.263063
SEG 25.903795 39.707258 1.5108739 25.570721 39.718382 2.2575798 0.263063
SEG 5.310962 0.32355078 21.562525 4.3251329 0.32399324 21.726878 0.32344
SEG 19.055979 39.692931 27.173633 19.031553 39.692984 27.173813 0.306987
SEG 21.76997 39.725257 30.756907 20.963946 39.692339 30.731078 0.274686
SEG 38.263237 39.706008 24.820937 37.705901 39.56143 25.181562 0.293936
SEG 39.692457 9.3728691 25.493666 39.68159 10.105774 25.447464 0.307498
SEG 5.1847284 0.32947774 17.634191 3.7095489 0.4628756 17.568565 0.32939
SEG 0.3109873 22.297281 26.267755 0.3112208 20.91417 25.980423 0.310942
SEG 0.28823994 23.563495 29.720461 0.72598084 23.555659 30.315128 0.288183
SEG 3.0934873 39.588719 39.726646 2.2500548 39.713681 38.920497 0.263063
SEG 39.588387 2.9684115 39.727014 39.736905 2.6749498 38.919718 0.263063
SEG 0.32984487 28.972559 19.201557 1.2307677 29.370079 19.201749 0.329757
SEG 0.35160978 34.130312 8.4392421 0.54968595 33.45088 8.4062661 0.351552
SEG 0.28789612 22.445356 29.383212 0.28823994 23.563495 29.720461 0.287856
SEG 11.128048 11.127918 1.8139116 11.128048 4.9246391 1.8139116 0.314416
SEG 29.737886 11.127918 1.8139116 29.737886 4.9246391 1.8139116 0.314416
SEG 11.128048 11.127918 1.8139116 4.9247686 11.127918 1.8139116 0.314416
SEG 20.432967 11.127918 1.8139116 14.229688 11.127918 1.8139116 0.314416
SEG 11.128048 14.229558 1.8139116 4.9247686 14.229558 1.8139116 0.314416
SEG 29.737886 14.229558 1.8139116 11.128048 14.229558 1.8139116 0.314416
SEG 29.737886 14.229558 1.8139116 11.128048 14.229558 1.8139116 0.314416
SEG 29.737886 14.229558 1.8139116 11.128048 14.229558 1.8139116 0.314416
SEG 14.229688 29.737756 1.8139116 14.229688 11.127918 1.8139116 0.314416
SEG 20.432967 29.737756 1.8139116 20.432967 11.127918 1.8139116 0.314416
SEG 14.229688 29.737756 1.8139116 14.229688 11.127918 1.8139116 0.314416
SEG 20.432967 29.737756 1.8139116 20.432967 11.127918 1.8139116 0.314416
SEG 14.229688 29.737756 1.8139116 14.229688 11.127918 1.8139116 0.314416
SEG 20.432967 29.737756 1.8139116 20.432967 11.127918 1.8139116 0.314416
SEG 11.128048 29.737756 1.8139116 4.9247686 29.737756 1.8139116 0.314416
SEG 8.0264083 32.839396 1.8139116 8.0264083 26.636117 1.8139116 0.314416
SEG 23.534607 32.839396 1.8139116 17.331327 32.839396 1.8139116 0.314416
SEG 20.432967 35.941036 1.8139116 20.432967 29.737756 1.8139116 0.314416
SEG 8.0264083 35.941036 1.8139116 1.823129 35.941036 1.8139116 0.314416
SEG 11.128048 1.8229994 4.9155513 1.823129 1.8229994 4.9155513 0.314416
SEG 11.128048 1.8229994 4.9155513 1.823129 1.8229994 4.9155513 0.314416
SEG 17.331327 1.8229994 4.9155513 11.128048 1.8229994 4.9155513 0.314416
SEG 23.534607 1.8229994 4.9155513 17.331327 1.8229994 4.9155513 0.314416
SEG 20.432967 1.8229994 8.0171909 20.432967 1.8229994 1.8139116 0.314416
SEG 35.941165 1.8229994 4.9155513 29.737886 1.8229994 4.9155513 0.314416
SEG 17.331327 8.0262787 4.9155513 8.0264083 8.0262787 4.9155513 0.314416
SEG 11.128048 11.127918 4.9155513 11.128048 4.9246391 4.9155513 0.314416
SEG 17.331327 8.0262787 4.9155513 8.0264083 8.0262787 4.9155513 0.314416
SEG 20.432967 11.127918 4.9155513 20.432967 4.9246391 4.9155513 0.314416
SEG 26.636246 11.127918 4.9155513 26.636246 4.9246391 4.9155513 0.314416
SEG 20.432967 11.127918 4.9155513 11.128048 11.127918 4.9155513 0.314416
SEG 20.432967 11.127918 4.9155513 11.128048 11.127918 4.9155513 0.314416
SEG 32.839525 11.127918 4.9155513 26.636246 11.127918 4.9155513 0.314416
SEG 29.737886 11.127918 8.0171909 29.737886 11.127918 1.8139116 0.314416
SEG 17.331327 29.737756 4.9155513 17.331327 8.0262787 4.9155513 0.314416
SEG 17.331327 29.737756 4.9155513 17.331327 8.0262787 4.9155513 0.314416
SEG 26.636246 32.839396 4.9155513 26.636246 11.127918 4.9155513 0.314416
SEG 8.0264083 23.534477 4.9155513 1.823129 23.534477 4.9155513 0.314416
SEG 4.9247686 26.636117 4.9155513 4.9247686 20.432837 4.9155513 0.314416
SEG 26.636246 32.839396 4.9155513 26.636246 11.127918 4.9155513 0.314416
SEG 11.128048 26.636117 4.9155513 4.9247686 26.636117 4.9155513 0.314416
SEG 8.0264083 32.839396 4.9155513 8.0264083 23.534477 4.9155513 0.314416
SEG 8.0264083 26.636117 17.32211 8.0264083 26.636117 1.8139116 0.314416
SEG 35.941165 26.636117 4.9155513 11.128048 26.636117 4.9155513 0.314416
SEG 4.9247686 29.737756 8.0171909 4.9247686 29.737756 1.8139116 0.314416
SEG 8.0264083 32.839396 4.9155513 8.0264083 23.534477 4.9155513 0.314416
SEG 11.128048 32.839396 4.9155513 11.128048 26.636117 4.9155513 0.314416
SEG 11.128048 29.737756 8.0171909 11.128048 29.737756 1.8139116 0.314416
SEG 29.737886 29.737756 4.9155513 17.331327 29.737756 4.9155513 0.314416
SEG 29.737886 29.737756 4.9155513 17.331327 29.737756 4.9155513 0.314416
SEG 29.737886 29.737756 4.9155513 17.331327 29.737756 4.9155513 0.314416
SEG 35.941165 29.737756 4.9155513 29.737886 29.737756 4.9155513 0.314416
SEG 8.0264083 32.839396 4.9155513 1.823129 32.839396 4.9155513 0.314416
SEG 4.9247686 32.839396 8.0171909 4.9247686 32.839396 1.8139116 0.314416
SEG 17.331327 35.941036 8.0171909 17.331327 35.941036 1.8139116 0.314416
SEG 29.737886 35.941036 4.9155513 23.534607 35.941036 4.9155513 0.314416
SEG 26.636246 39.042675 4.9155513 26.636246 32.839396 4.9155513 0.314416
SEG 8.0264083 39.042675 4.9155513 1.823129 39.042675 4.9155513 0.314416
SEG 20.432967 1.8229994 8.0171909 1.823129 1.8229994 8.0171909 0.314416
SEG 20.432967 1.8229994 8.0171909 1.823129 1.8229994 8.0171909 0.314416
SEG 11.128048 1.8229994 11.118831 11.128048 1.8229994 4.9155513 0.314416
SEG 20.432967 1.8229994 8.0171909 1.823129 1.8229994 8.0171909 0.314416
SEG 35.941165 1.8229994 8.0171909 29.737886 1.8229994 8.0171909 0.314416
SEG 11.128048 4.9246391 8.0171909 4.9247686 4.9246391 8.0171909 0.314416
SEG 26.636246 23.534477 8.0171909 26.636246 11.127918 8.0171909 0.314416
SEG 26.636246 23.534477 8.0171909 26.636246 11.127918 8.0171909 0.314416
SEG 26.636246 23.534477 8.0171909 26.636246 11.127918 8.0171909 0.314416
SEG 26.636246 23.534477 8.0171909 11.128048 23.534477 8.0171909 0.314416
SEG 26.636246 23.534477 8.0171909 11.128048 23.534477 8.0171909 0.314416
SEG 26.636246 23.534477 8.0171909 11.128048 23.534477 8.0171909 0.314416
SEG 26.636246 23.534477 8.0171909 11.128048 23.534477 8.0171909 0.314416
SEG 39.042805 23.534477 11.118831 39.042805 23.534477 4.9155513 0.314416
SEG 11.128048 26.636117 8.0171909 4.9247686 26.636117 8.0171909 0.314416
SEG 8.0264083 26.636117 17.32211 8.0264083 26.636117 1.8139116 0.314416
SEG 11.128048 29.737756 8.0171909 4.9247686 29.737756 8.0171909 0.314416
SEG 11.128048 1.8229994 11.118831 1.823129 1.8229994 11.118831 0.314416
SEG 11.128048 1.8229994 11.118831 1.823129 1.8229994 11.118831 0.314416
SEG 11.128048 4.9246391 11.118831 4.9247686 4.9246391 11.118831 0.314416
SEG 39.042805 20.432837 11.118831 39.042805 14.229558 11.118831 0.314416
SEG 8.0264083 26.636117 17.32211 8.0264083 26.636117 1.8139116 0.314416
SEG 32.839525 29.737756 11.118831 32.839525 23.534477 11.118831 0.314416
SEG 14.229688 32.839396 14.22047 14.229688 32.839396 8.0171909 0.314416
SEG 35.941165 39.042675 14.22047 35.941165 39.042675 8.0171909 0.314416
SEG 8.0264083 1.8229994 14.22047 1.823129 1.8229994 14.22047 0.314416
SEG 35.941165 1.8229994 14.22047 29.737886 1.8229994 14.22047 0.314416
SEG 14.229688 14.229558 14.22047 14.229688 8.0262787 14.22047 0.314416
SEG 23.534607 20.432837 14.22047 17.331327 20.432837 14.22047 0.314416
SEG 8.0264083 29.737756 14.22047 8.0264083 23.534477 14.22047 0.314416
SEG 8.0264083 26.636117 17.32211 8.0264083 26.636117 1.8139116 0.314416
SEG 35.941165 39.042675 14.22047 29.737886 39.042675 14.22047 0.314416
SEG 39.042805 1.8229994 20.423749 39.042805 1.8229994 14.22047 0.314416
SEG 39.042805 14.229558 17.32211 39.042805 8.0262787 17.32211 0.314416
SEG 11.128048 17.331198 20.423749 11.128048 17.331198 14.22047 0.314416
SEG 39.042805 20.432837 17.32211 39.042805 14.229558 17.32211 0.314416
SEG 17.331327 29.737756 17.32211 17.331327 23.534477 17.32211 0.314416
SEG 14.229688 1.8229994 23.525389 14.229688 1.8229994 17.32211 0.314416
SEG 39.042805 23.534477 23.525389 39.042805 23.534477 17.32211 0.314416
SEG 8.0264083 26.636117 23.525389 8.0264083 26.636117 17.32211 0.314416
SEG 14.229688 14.229558 23.525389 14.229688 8.0262787 23.525389 0.314416
SEG 14.229688 26.636117 23.525389 14.229688 20.432837 23.525389 0.314416
SEG 20.432967 26.636117 23.525389 20.432967 20.432837 23.525389 0.314416
SEG 20.432967 23.534477 26.627029 20.432967 23.534477 20.423749 0.314416
SEG 29.737886 29.737756 23.525389 29.737886 23.534477 23.525389 0.314416
SEG 29.737886 29.737756 23.525389 23.534607 29.737756 23.525389 0.314416
SEG 17.331327 35.941036 26.627029 17.331327 35.941036 20.423749 0.314416
SEG 14.229688 1.8229994 26.627029 8.0264083 1.8229994 26.627029 0.314416
SEG 4.9247686 23.534477 29.728668 4.9247686 23.534477 23.525389 0.314416
SEG 14.229688 35.941036 26.627029 14.229688 29.737756 26.627029 0.314416
SEG 20.432967 20.432837 29.728668 14.229688 20.432837 29.728668 0.314416
SEG 17.331327 23.534477 29.728668 17.331327 17.331198 29.728668 0.314416
SEG 17.331327 20.432837 32.830308 17.331327 20.432837 26.627029 0.314416
SEG 26.636246 20.432837 29.728668 20.432967 20.432837 29.728668 0.314416
SEG 17.331327 23.534477 32.830308 11.128048 23.534477 32.830308 0.314416
SEG 14.229688 26.636117 32.830308 14.229688 20.432837 32.830308 0.314416
SEG 26.636246 26.636117 32.830308 20.432967 26.636117 32.830308 0.314416
SEG 14.229688 11.127918 35.931948 14.229688 4.9246391 35.931948 0.314416
SEG 14.229688 8.0262787 39.033587 14.229688 8.0262787 32.830308 0.314416
SEG 32.839525 11.127918 35.931948 26.636246 11.127918 35.931948 0.314416
SEG 29.737886 14.229558 35.931948 29.737886 8.0262787 35.931948 0.314416
SEG 29.737886 11.127918 39.033587 29.737886 11.127918 32.830308 0.314416
SEG 8.0264083 14.229558 39.033587 8.0264083 14.229558 32.830308 0.314416
SEG 32.839525 20.432837 35.931948 26.636246 20.432837 35.931948 0.314416
SEG 35.941165 32.839396 39.033587 35.941165 32.839396 32.830308 0.314416
SEG 32.839525 35.941036 39.033587 32.839525 35.941036 32.830308 0.314416
SEG 35.941165 35.941036 39.033587 35.941165 35.941036 32.830308 0.314416
SEG 39.042805 1.8229994 39.033587 32.839525 1.8229994 39.033587 0.314416
SEG 1.823129 8.0262787 39.033587 1.823129 1.8229994 39.033587 0.314416
SEG 11.128048 4.9246391 1.8139116 11.011296 4.6998261 0.89595871 0.314416
SEG 29.737886 4.9246391 1.8139116 29.704856 5.0094444 0.90692888 0.314416
SEG 4.9247686 11.127918 1.8139116 4.6936 11.004081 0.89605519 0.314416
SEG 4.9247686 14.229558 1.8139116 4.9976411 13.946771 1.809416 0.314416
SEG 8.0264083 32.839396 1.8139116 7.6596747 33.247868 0.93605207 0.314416
SEG 23.534607 32.839396 1.8139116 23.503808 32.666825 2.5141216 0.314416
SEG 17.331327 32.839396 1.8139116 16.602551 34.273499 2.1936922 0.314416
SEG 20.432967 35.941036 1.8139116 20.445823 36.862462 0.8145538 0.314416
SEG 8.0264083 35.941036 1.8139116 9.1438265 34.375069 0.92350433 0.314416
SEG 1.823129 35.941036 1.8139116 0.99314626 35.719701 3.5295274 0.314416
SEG 23.534607 1.8229994 4.9155513 23.515682 1.6513035 3.7766038 0.314416
SEG 20.432967 1.8229994 1.8139116 20.395813 3.1315163 0.81418706 0.314416
SEG 35.941165 1.8229994 4.9155513 36.146782 2.3203818 5.9854254 0.314416
SEG 29.737886 1.8229994 4.9155513 29.759134 1.2048287 4.9465408 0.314416
SEG 11.128048 4.9246391 4.9155513 10.961725 3.7637745 5.0425461 0.314416
SEG 26.636246 4.9246391 4.9155513 25.919513 4.8271816 4.7637096 0.314416
SEG 32.839525 11.127918 4.9155513 33.270911 12.260911 4.878505 0.314416
SEG 29.737886 11.127918 8.0171909 29.519174 9.8776757 7.988504 0.314416
SEG 1.823129 23.534477 4.9155513 1.6543649 23.505069 3.7765963 0.314416
SEG 35.941165 26.636117 4.9155513 36.53067 27.155408 5.3196271 0.314416
SEG 11.128048 32.839396 4.9155513 12.260914 33.270907 4.8785348 0.314416
SEG 35.941165 29.737756 4.9155513 37.014532 29.744663 5.2684493 0.314416
SEG 1.823129 32.839396 4.9155513 0.48493209 33.664618 5.0856216 0.314416
SEG 4.9247686 32.839396 8.0171909 4.9348611 32.833744 8.3487655 0.314416
SEG 4.9247686 32.839396 1.8139116 6.5391701 33.710945 1.6412993 0.314416
SEG 17.331327 35.941036 8.0171909 15.889672 35.960871 8.0101033 0.314416
SEG 17.331327 35.941036 1.8139116 17.26383 36.743027 0.82258252 0.314416
SEG 29.737886 35.941036 4.9155513 31.156917 34.799905 4.9205089 0.314416
SEG 23.534607 35.941036 4.9155513 23.419829 36.973001 5.1002794 0.314416
SEG 26.636246 39.042675 4.9155513 25.392156 39.640451 4.8430842 0.314416
SEG 8.0264083 39.042675 4.9155513 8.1135497 39.544245 4.892115 0.314416
SEG 1.823129 39.042675 4.9155513 1.1366567 39.493554 5.0416715 0.314416
SEG 35.941165 1.8229994 8.0171909 35.933439 2.2435421 8.0739353 0.314416
SEG 29.737886 1.8229994 8.0171909 29.499093 1.2865922 8.0073067 0.314416
SEG 11.128048 4.9246391 8.0171909 11.758532 3.7614321 8.0243296 0.314416
SEG 4.9247686 4.9246391 8.0171909 4.3846625 4.3846625 8.0768291 0.314416
SEG 39.042805 23.534477 11.118831 39.619212 25.096676 11.215046 0.314416
SEG 39.042805 23.534477 4.9155513 38.902441 23.861415 3.8363846 0.314416
SEG 4.9247686 26.636117 8.0171909 4.6774634 26.590636 9.0159436 0.314416
SEG 11.128048 4.9246391 11.118831 11.878035 3.8272528 11.104928 0.314416
SEG 4.9247686 4.9246391 11.118831 4.4622122 4.4622122 11.126093 0.314416
SEG 39.042805 20.432837 11.118831 39.610601 20.904732 11.119946 0.314416
SEG 39.042805 14.229558 11.118831 39.504929 12.887463 11.211218 0.314416
SEG 32.839525 29.737756 11.118831 34.385257 30.734685 11.149902 0.314416
SEG 32.839525 23.534477 11.118831 31.416092 23.713652 11.074786 0.314416
SEG 14.229688 32.839396 14.22047 12.640857 32.774328 14.229224 0.314416
SEG 14.229688 32.839396 8.0171909 15.841879 32.825455 7.8131782 0.314416
SEG 35.941165 39.042675 8.0171909 35.780155 38.024855 7.5564162 0.314416
SEG 8.0264083 1.8229994 14.22047 9.2898678 2.2295903 13.474054 0.314416
SEG 35.941165 1.8229994 14.22047 35.948385 2.4098647 14.225771 0.314416
SEG 29.737886 1.8229994 14.22047 29.317879 1.2755313 14.214882 0.314416
SEG 14.229688 14.229558 14.22047 14.191023 14.267305 14.69464 0.314416
SEG 14.229688 8.0262787 14.22047 14.376382 6.6734761 13.249299 0.314416
SEG 23.534607 20.432837 14.22047 24.580997 20.407263 14.48857 0.314416
SEG 17.331327 20.432837 14.22047 17.156149 20.425306 14.687639 0.314416
SEG 8.0264083 29.737756 14.22047 9.1464384 30.880449 13.306372 0.314416
SEG 8.0264083 23.534477 14.22047 7.8106521 22.097782 14.216897 0.314416
SEG 29.737886 39.042675 14.22047 29.699205 39.233656 15.38074 0.314416
SEG 39.042805 1.8229994 20.423749 38.169618 3.0493981 20.910873 0.314416
SEG 39.042805 1.8229994 14.22047 38.338079 2.5495723 13.269854 0.314416
SEG 39.042805 8.0262787 17.32211 38.979771 8.1112859 16.947171 0.314416
SEG 11.128048 17.331198 20.423749 10.938657 16.146984 20.683283 0.314416
SEG 11.128048 17.331198 14.22047 10.967377 16.179572 12.742534 0.314416
SEG 39.042805 20.432837 17.32211 39.621716 20.896703 17.297122 0.314416
SEG 17.331327 23.534477 17.32211 16.37468 22.41105 17.057288 0.314416
SEG 14.229688 1.8229994 23.525389 14.21627 2.2380262 24.996896 0.314416
SEG 14.229688 1.8229994 17.32211 13.493692 1.8838096 16.862258 0.314416
SEG 39.042805 23.534477 23.525389 37.807992 23.702695 25.027543 0.314416
SEG 39.042805 23.534477 17.32211 39.59125 23.521915 16.687715 0.314416
SEG 8.0264083 26.636117 23.525389 9.4539728 26.831382 23.384073 0.314416
SEG 14.229688 14.229558 23.525389 14.429625 14.473924 22.727144 0.314416
SEG 14.229688 8.0262787 23.525389 14.15336 7.3954393 24.744729 0.314416
SEG 14.229688 26.636117 23.525389 14.26727 27.320925 24.013136 0.314416
SEG 14.229688 20.432837 23.525389 13.684414 19.338376 23.511272 0.314416
SEG 20.432967 26.636117 23.525389 20.361216 26.954288 24.162379 0.314416
SEG 20.432967 23.534477 26.627029 18.899452 23.76977 26.54831 0.314416
SEG 20.432967 23.534477 20.423749 20.877684 23.568569 20.305521 0.314416
SEG 29.737886 23.534477 23.525389 28.189512 22.755641 23.388097 0.314416
SEG 23.534607 29.737756 23.525389 22.734749 28.181746 23.57276 0.314416
SEG 17.331327 35.941036 26.627029 17.277139 37.02956 26.965586 0.314416
SEG 17.331327 35.941036 20.423749 18.31064 35.910421 20.438335 0.314416
SEG 14.229688 1.8229994 26.627029 14.392025 3.2259624 26.936566 0.314416
SEG 8.0264083 1.8229994 26.627029 6.5243717 1.864711 26.624631 0.314416
SEG 4.9247686 23.534477 29.728668 4.9861834 24.842815 29.441111 0.314416
SEG 4.9247686 23.534477 23.525389 3.3645659 23.341146 23.485217 0.314416
SEG 14.229688 35.941036 26.627029 14.110206 36.737092 26.932886 0.314416
SEG 14.229688 29.737756 26.627029 13.799019 29.345862 25.923543 0.314416
SEG 14.229688 20.432837 29.728668 13.554254 19.325586 29.714261 0.314416
SEG 17.331327 23.534477 29.728668 17.491802 23.66919 30.351459 0.314416
SEG 17.331327 17.331198 29.728668 16.87505 17.186996 28.607545 0.314416
SEG 17.331327 20.432837 32.830308 17.221515 19.469318 33.084191 0.314416
SEG 17.331327 20.432837 26.627029 17.134273 21.296722 26.557679 0.314416
SEG 26.636246 20.432837 29.728668 26.603369 19.873753 30.046304 0.314416
SEG 17.331327 23.534477 32.830308 17.175505 23.213555 34.02602 0.314416
SEG 14.229688 26.636117 32.830308 13.941068 26.836254 33.118076 0.314416
SEG 14.229688 20.432837 32.830308 14.314965 19.590246 33.065769 0.314416
SEG 26.636246 26.636117 32.830308 26.664965 26.546248 32.398211 0.314416
SEG 20.432967 26.636117 32.830308 19.845274 26.360257 32.832539 0.314416
SEG 14.229688 11.127918 35.931948 15.518159 11.598349 36.950436 0.314416
SEG 14.229688 8.0262787 39.033587 14.632774 7.4562893 39.23877 0.314416
SEG 14.229688 8.0262787 32.830308 14.086297 8.6632903 32.268974 0.314416
SEG 32.839525 11.127918 35.931948 33.456832 9.7628318 36.344588 0.314416
SEG 29.737886 14.229558 35.931948 29.825149 14.023831 37.43457 0.314416
SEG 29.737886 8.0262787 35.931948 30.621151 7.4059752 36.347736 0.314416
SEG 29.737886 11.127918 39.033587 30.368011 11.671513 39.204782 0.314416
SEG 29.737886 11.127918 32.830308 29.265478 10.66953 32.242802 0.314416
SEG 8.0264083 14.229558 39.033587 7.3089967 14.785416 39.227236 0.314416
SEG 8.0264083 14.229558 32.830308 8.7609347 14.056518 32.269809 0.314416
SEG 32.839525 20.432837 35.931948 34.384717 21.831999 35.891743 0.314416
SEG 26.636246 20.432837 35.931948 26.37847 19.844842 35.932378 0.314416
SEG 35.941165 32.839396 39.033587 35.622661 32.605282 39.657376 0.314416
SEG 35.941165 32.839396 32.830308 35.45024 33.361866 32.521534 0.314416
SEG 32.839525 35.941036 39.033587 33.280773 34.733269 39.284001 0.314416
SEG 32.839525 35.941036 32.830308 32.0789 36.535742 32.67844 0.314416
SEG 35.941165 35.941036 39.033587 36.842206 35.103504 39.330893 0.314416
SEG 35.941165 35.941036 32.830308 35.625015 35.613018 32.187838 0.314416
SEG 39.042805 1.8229994 39.033587 39.626062 1.6784995 38.938611 0.314416
SEG 32.839525 1.8229994 39.033587 32.187675 2.8121606 39.022383 0.314416
SEG 1.823129 8.0262787 39.033587 3.2855346 8.922553 39.422209 0.314416
SEG 0.27230918 29.606643 35.837966 1.513912 29.114208 34.624377 0.263063
SEG 0.27230918 29.606643 35.837966 1.8315716 30.114984 34.630776 0.263063
SEG 0.27230918 29.606643 35.837966 1.0260445 29.748229 33.888002 0.263063
SEG 0.28785894 29.761959 32.873198 1.787679 30.625156 32.720009 0.263063
SEG 0.28785894 29.761959 32.873198 0.99165008 29.759637 34.937376 0.263063
SEG 0.28785894 29.761959 32.873198 1.513912 29.114208 34.624377 0.263063
SEG 0.28789612 22.445356 29.383212 0.9112763 20.652861 29.634035 0.287856
SEG 0.28789612 22.445356 29.383212 0.92690432 20.650592 28.408865 0.287856
SEG 0.28789612 22.445356 29.383212 1.8458737 21.284041 30.592192 0.287856
SEG 0.28823994 23.563495 29.720461 0.78436201 22.714381 28.101946 0.287856
SEG 0.28823994 23.563495 29.720461 1.3253864 25.710994 29.506747 0.287856
SEG 0.28823994 23.563495 29.720461 1.3020924 25.728676 30.713587 0.287856
SEG 0.29757896 30.98946 35.843524 0.36502739 32.961816 36.745666 0.263063
SEG 0.29757896 30.98946 35.843524 1.3821252 32.708676 36.808374 0.263063
SEG 0.3109873 22.297281 26.267755 0.95532773 20.64533 25.890428 0.310942
SEG 0.3109873 22.297281 26.267755 0.94161256 20.648034 27.149652 0.305738
SEG 0.3109873 22.297281 26.267755 0.96861939 20.642504 24.602876 0.310942
SEG 0.3112208 20.91417 25.980423 0.95362531 19.740783 24.329594 0.310942
SEG 0.3112208 20.91417 25.980423 0.98163484 20.639658 23.290769 0.305738
SEG 0.31122734 29.927362 25.824272 1.1793209 29.501264 24.335882 0.307736
SEG 0.31122734 29.927362 25.824272 1.1346083 29.615115 28.152172 0.307736
SEG 0.31122734 29.927362 25.824272 1.1931433 29.463324 23.010682 0.307736
SEG 0.3125 8.4375 1.5625 0.77559934 7.3486646 3.0291054 0.263063
SEG 0.3125 8.4375 1.5625 0.59921347 10.789881 2.5648826 0.263063
SEG 0.3125 8.4375 1.5625 0.84946937 6.2338101 3.2067352 0.263063
SEG 0.3125 11.5625 1.5625 0.51282003 13.300306 2.3239615 0.263063
SEG 0.3125 11.5625 1.5625 0.54258248 9.6405945 2.6807428 0.263063
SEG 0.3125 11.5625 1.5625 0.42786414 14.426216 2.2582048 0.263063
SEG 0.3125 14.6875 1.5625 0.39279281 16.892218 2.1618875 0.263063
SEG 0.3125 14.6875 1.5625 0.54797431 12.159819 2.4232255 0.28306
SEG 0.3125 28.4375 34.6875 0.94659965 29.766072 35.986389 0.263063
SEG 0.31755134 34.915935 8.5914466 0.55005836 33.382301 9.8215024 0.263063
SEG 0.31755134 34.915935 8.5914466 0.54417719 33.570995 6.7833403 0.263063
SEG 0.32312862 32.039129 35.837241 0.41943203 33.937022 35.08471 0.263063
SEG 0.32312862 32.039129 35.837241 0.94659965 29.766072 35.986389 0.263063
SEG 0.3253999 31.054034 25.729221 1.1650724 29.539948 25.639403 0.297384
SEG 0.3253999 31.054034 25.729221 1.1503021 29.578104 26.908453 0.297384
SEG 0.3253999 31.054034 25.729221 1.1793209 29.501264 24.335882 0.297384
SEG 0.32984487 28.972559 19.201557 1.2463414 29.340663 17.561404 0.322136
SEG 0.32984487 28.972559 19.201557 1.2067222 29.427061 21.664354 0.322136
SEG 0.33203076 23.499668 20.101069 0.67966476 21.879423 19.337182 0.331995
SEG 0.33290968 23.508027 20.103795 1.4554639 25.551743 20.35752 0.332864
SEG 0.33203621 28.905927 19.204963 1.2463414 29.340663 17.561404 0.322136
SEG 0.33203621 28.905927 19.204963 1.2067222 29.427061 21.664354 0.322136
SEG 0.35160978 34.130312 8.4392421 0.54417719 33.570995 6.7833403 0.263063
SEG 0.35160978 34.130312 8.4392421 0.5476506 33.34105 11.336774 0.263063
SEG 0.35211757 31.860462 32.827554 1.787679 30.625156 32.720009 0.263063
SEG 0.35211757 31.860462 32.827554 0.99619807 33.767289 32.629478 0.263063
SEG 0.35211757 31.860462 32.827554 0.45806271 33.837414 31.936555 0.263063
SEG 0.35332652 8.1694317 25.759731 1.1273185 5.8244383 25.433956 0.297384
SEG 0.35646874 33.00755 35.829449 0.43568897 33.909177 34.035205 0.263063
SEG 0.36181543 28.219111 4.0694436 0.53807058 27.540544 2.3955325 0.263063
SEG 0.36181543 28.219111 4.0694436 1.174711 29.826735 4.2994092 0.322136
SEG 0.36181543 28.219111 4.0694436 0.84099079 30.030503 2.7641562 0.322136
SEG 0.36191434 28.218311 4.072103 1.174711 29.826735 4.2994092 0.322136
SEG 0.36191434 28.218311 4.072103 0.53807058 27.540544 2.3955325 0.263063
SEG 0.36191434 28.218311 4.072103 0.84099079 30.030503 2.7641562 0.322136
SEG 0.36502739 32.961816 36.745666 0.41943203 33.937022 35.08471 0.263063
SEG 0.36502739 32.961816 36.745666 0.49346682 35.183666 35.796078 0.263063
SEG 0.36959307 23.515863 3.8595012 0.45446777 24.017456 2.1547905 0.263063
SEG 0.36959307 23.515863 3.8595012 1.823129 23.534477 4.9155513 0.314416
SEG 0.36959307 23.515863 3.8595012 0.43830044 22.822116 2.1077562 0.263063
SEG 0.36963097 23.515707 3.8600258 0.45446777 24.017456 2.1547905 0.263063
SEG 0.36963097 23.515707 3.8600258 1.823129 23.534477 4.9155513 0.314416
SEG 0.36963097 23.515707 3.8600258 0.43830044 22.822116 2.1077562 0.263063
SEG 0.37157496 32.453318 25.73777 0.50190123 33.549328 23.996728 0.263063
SEG 0.37157496 32.453318 25.73777 1.3256612 30.517681 25.553153 0.297384
SEG 0.37249547 31.757295 29.424859 0.4732908 33.758271 29.838103 0.263063
SEG 0.37249547 31.757295 29.424859 0.47964425 33.717463 28.755434 0.263063
SEG 0.37249547 31.757295 29.424859 1.1176499 29.64995 29.367264 0.288771
SEG 0.37299603 5.8820103 35.760145 1.6766699 6.2924682 33.632026 0.263063
SEG 0.37336342 27.649284 19.269207 1.2307677 29.370079 19.201749 0.329757
SEG 0.37336342 27.649284 19.269207 1.2331939 29.364701 18.95067 0.329757
SEG 0.37336342 27.649284 19.269207 1.2199818 29.393986 20.31794 0.322136
SEG 0.392298 6.9313156 25.716042 0.96718888 9.469542 25.548516 0.297384
SEG 0.392298 6.9313156 25.716042 1.8166732 6.4820849 28.122026 0.29188
SEG 0.40474557 34.041152 35.948821 1.3821252 32.708676 36.808374 0.263063
SEG 0.41943203 33.937022 35.08471 1.3821252 32.708676 36.808374 0.263063
SEG 0.4238724 19.217315 2.0660009 0.93454792 20.675354 3.6931406 0.263063
SEG 0.42782011 21.621792 2.0774104 0.93454792 20.675354 3.6931406 0.263063
SEG 0.4289778 32.902948 29.383933 0.46627836 33.798087 30.887324 0.263063
SEG 0.4289778 32.902948 29.383933 1.4789059 34.311413 29.098931 0.288771
SEG 0.4289778 32.902948 29.383933 0.48557 33.675741 27.628393 0.263063
SEG 0.43568897 33.909177 34.035205 0.56240566 35.001233 32.726333 0.263063
SEG 0.43568897 33.909177 34.035205 0.49346682 35.183666 35.796078 0.263063
SEG 0.43830044 22.822116 2.1077562 1.6543649 23.505069 3.7765963 0.263063
SEG 0.44376456 5.7102109 25.673903 1.8166732 6.4820849 28.122026 0.29188
SEG 0.44915911 34.195292 29.244403 0.45806271 33.837414 31.936555 0.263063
SEG 0.45446777 24.017456 2.1547905 1.6543649 23.505069 3.7765963 0.263063
SEG 0.45806271 33.837414 31.936555 0.70749574 36.040406 32.686709 0.263063
SEG 0.45843624 33.920185 32.862771 1.45512 36.730474 32.535012 0.263063
SEG 0.46130011 30.625827 29.355408 1.1346083 29.615115 28.152172 0.291664
SEG 0.46130011 30.625827 29.355408 1.0775225 29.709577 31.727142 0.291664
SEG 0.46130011 30.625827 29.355408 1.1503021 29.578104 26.908453 0.291664
SEG 0.46627836 33.798087 30.887324 0.99619807 33.767289 32.629478 0.263063
SEG 0.46627836 33.798087 30.887324 0.61729932 35.124222 29.302349 0.263063
SEG 0.4732908 33.758271 29.838103 0.7773645 36.174825 29.267407 0.263063
SEG 0.47629381 25.204741 2.2187453 1.3425224 25.88214 3.7838324 0.263063
SEG 0.47964425 33.717463 28.755434 0.7773645 36.174825 29.267407 0.263063
SEG 0.48144215 30.798938 32.782146 0.99165008 29.759637 34.937376 0.263063
SEG 0.48342822 33.635024 5.2173863 0.83356232 33.535341 3.1691757 0.263063
SEG 0.48342822 33.635024 5.2173863 0.91718935 34.702677 3.3615728 0.263063
SEG 0.48493209 33.664618 5.0856216 0.83356232 33.535341 3.1691757 0.263063
SEG 0.48493209 33.664618 5.0856216 0.91718935 34.702677 3.3615728 0.263063
SEG 0.48493209 33.664618 5.0856216 0.76125739 32.41806 2.9932432 0.263063
SEG 0.48557 33.675741 27.628393 1.4789059 34.311413 29.098931 0.263063
SEG 0.48557 33.675741 27.628393 0.61729932 35.124222 29.302349 0.263063
SEG 0.49119381 33.633525 26.457636 1.8119843 34.302479 25.449631 0.263063
SEG 0.49119381 33.633525 26.457636 0.55431164 36.138861 25.617203 0.263063
SEG 0.49926361 33.946643 3.8299348 0.76125739 32.41806 2.9932432 0.263063
SEG 0.49926361 33.946643 3.8299348 0.99314626 35.719701 3.5295274 0.263063
SEG 0.49926361 33.946643 3.8299348 0.99543075 35.750289 3.5345788 0.263063
SEG 0.50190123 33.549328 23.996728 0.5187009 34.717637 25.5588 0.263063
SEG 0.50190123 33.549328 23.996728 1.8119843 34.302479 25.449631 0.263063
SEG 0.50410955 26.380489 2.2991535 1.3425224 25.88214 3.7838324 0.27171
SEG 0.50713274 33.508172 22.711425 0.5187009 34.717637 25.5588 0.263063
SEG 0.51235758 33.468314 21.392512 1.8622223 35.809549 20.758131 0.322871
SEG 0.51618984 26.110035 19.295438 1.4891732 25.519146 17.560318 0.331995
SEG 0.51618984 26.110035 19.295438 1.4383825 25.57294 21.726844 0.331995
SEG 0.51761227 33.430472 20.042116 1.8622223 35.809549 20.758131 0.263063
SEG 0.53807058 27.540544 2.3955325 1.613289 28.196183 4.0022587 0.263063
SEG 0.53884372 33.326169 14.33405 1.8398825 35.659148 13.278054 0.263063
SEG 0.54366532 33.3245 12.842301 0.70278283 30.707883 12.471405 0.346315
SEG 0.54366532 33.3245 12.842301 1.8398825 35.659148 13.278054 0.324532
SEG 0.54417719 33.570995 6.7833403 0.94792843 32.135143 8.4066896 0.263063
SEG 0.54965804 33.456018 8.3002334 1.4682275 35.281968 8.6045031 0.263063
SEG 0.54968595 33.45088 8.4062661 1.4682275 35.281968 8.6045031 0.317442
SEG 0.55005836 33.382301 9.8215024 0.94792843 32.135143 8.4066896 0.263063
SEG 0.55005836 33.382301 9.8215024 1.4682275 35.281968 8.6045031 0.263063
SEG 0.55431164 36.138861 25.617203 1.8119843 34.302479 25.449631 0.297384
SEG 0.55497501 4.2642848 35.78202 1.3703277 6.1990017 35.636061 0.263063
SEG 0.55497501 4.2642848 35.78202 1.6317346 6.2644781 34.68069 0.263063
SEG 0.55497501 4.2642848 35.78202 1.4764275 1.4764275 34.809247 0.263063
SEG 0.56240566 35.001233 32.726333 1.45512 36.730474 32.535012 0.263063
SEG 0.57814957 28.679729 2.5071085 1.613289 28.196183 4.0022587 0.263063
SEG 0.57814957 28.679729 2.5071085 1.1392516 25.988195 2.3127152 0.263063
SEG 0.59389284 3.2947236 25.602688 1.6704167 1.6704167 25.033647 0.295344
SEG 0.59389284 3.2947236 25.602688 1.6542037 1.6542037 26.239612 0.27931
SEG 0.59389284 3.2947236 25.602688 1.1273185 5.8244383 25.433956 0.297384
SEG 0.59624029 24.695383 19.314324 1.3849657 23.649912 20.504647 0.327064
SEG 0.59624029 24.695383 19.314324 1.4891732 25.519146 17.560318 0.331995
SEG 0.59624029 24.695383 19.314324 1.4383825 25.57294 21.726844 0.331995
SEG 0.60287333 3.3796104 21.704526 1.7197329 1.7197329 21.007542 0.325347
SEG 0.60287333 3.3796104 21.704526 1.7034183 1.7034183 22.396373 0.27931
SEG 0.60287333 3.3796104 21.704526 1.3346332 5.4048591 21.569471 0.316794
SEG 0.61729932 35.124222 29.302349 1.5367724 37.255492 28.984086 0.263063
SEG 0.62491142 36.224901 35.767072 1.7759712 36.582012 38.183269 0.263063
SEG 0.63211763 2.0791036 25.577584 1.6375007 1.6375007 27.412614 0.27931
SEG 0.63211763 2.0791036 25.577584 1.6869658 1.6869658 23.740202 0.27931
SEG 0.64831185 23.28907 19.328196 1.4724115 25.53343 18.969132 0.331995
SEG 0.64831185 23.28907 19.328196 1.4554639 25.551743 20.35752 0.331995
SEG 0.64831185 23.28907 19.328196 1.0073088 20.634345 20.600497 0.329563
SEG 0.67966476 21.879423 19.337182 1.0073088 20.634345 20.600497 0.329563
SEG 0.67966476 21.879423 19.337182 1.0331174 20.630342 17.800615 0.305738
SEG 0.70278283 30.707883 12.471405 1.2826963 29.320883 13.28711 0.322136
SEG 0.70278283 30.707883 12.471405 1.2965204 29.381877 10.339514 0.322136
SEG 0.70749574 36.040406 32.686709 0.99619807 33.767289 32.629478 0.263063
SEG 0.71903891 4.3889427 5.2426598 1.0678357 3.1168219 3.7080572 0.263063
SEG 0.71903891 4.3889427 5.2426598 0.92540397 5.1860707 3.3799951 0.263063
SEG 0.71903891 4.3889427 5.2426598 1.0432653 2.0756567 3.8417403 0.263063
SEG 0.72598084 23.555659 30.315128 1.3020924 25.728676 30.713587 0.288183
SEG 0.72598084 23.555659 30.315128 1.3253864 25.710994 29.506747 0.288183
SEG 0.72955056 3.2296739 35.748174 1.4764275 1.4764275 34.809247 0.263063
SEG 0.72955056 3.2296739 35.748174 1.3757412 1.3757412 36.90432 0.263063
SEG 0.72955056 3.2296739 35.748174 1.5108736 1.5108736 33.760377 0.263063
SEG 0.76125739 32.41806 2.9932432 1.823129 32.839396 4.9155513 0.263063
SEG 0.7773645 36.174825 29.267407 1.4789059 34.311413 29.098931 0.288771
SEG 0.78436201 22.714381 28.101946 0.92690432 20.650592 28.408865 0.287856
SEG 0.78436201 22.714381 28.101946 0.94161256 20.648034 27.149652 0.287856
SEG 0.83356232 33.535341 3.1691757 1.823129 32.839396 4.9155513 0.263063
SEG 0.85494723 37.248255 35.730474 1.7759712 36.582012 38.183269 0.263063
SEG 0.85613795 20.657512 33.005157 0.8943796 19.701337 34.636695 0.305738
SEG 0.85613795 20.657512 33.005157 0.90682639 21.801282 34.635629 0.305738
SEG 0.85613795 20.657512 33.005157 0.9011789 18.651359 34.636109 0.305738
SEG 0.87051586 39.622531 37.460142 2.2500548 39.713681 38.920497 0.263063
SEG 0.87051586 39.622531 37.460142 2.0186881 38.840774 35.706132 0.263063
SEG 0.87615102 20.656333 31.946096 1.8259839 20.148009 30.593497 0.305738
SEG 0.87615102 20.656333 31.946096 1.8458737 21.284041 30.592192 0.305738
SEG 0.87615102 20.656333 31.946096 1.8393608 18.943223 30.59262 0.305738
SEG 0.89445508 20.654784 30.816961 1.8393608 18.943223 30.59262 0.279755
SEG 0.9112763 20.652861 29.634035 1.8393608 18.943223 30.59262 0.305738
SEG 0.91718935 34.702677 3.3615728 1.823129 35.941036 1.8139116 0.263063
SEG 0.92391058 39.594941 36.411863 3.073587 39.234165 35.742506 0.263063
SEG 0.92391058 39.594941 36.411863 2.2500548 39.713681 38.920497 0.263063
SEG 0.92690432 20.650592 28.408865 1.8259839 20.148009 30.593497 0.305738
SEG 0.94659965 29.766072 35.986389 1.3359994 28.20143 34.664383 0.263063
SEG 0.94792843 32.135143 8.4066896 1.2944331 29.44675 8.8463266 0.322136
SEG 0.95362531 19.740783 24.329594 0.95532773 20.64533 25.890428 0.311145
SEG 0.95362531 19.740783 24.329594 0.99449942 20.6369 21.956327 0.305738
SEG 0.95655493 23.900663 34.631746 1.1232443 25.771504 36.146518 0.321653
SEG 0.95655493 23.900663 34.631746 1.2474793 25.754453 32.999112 0.321653
SEG 0.96195657 39.577048 35.362705 3.073587 39.234165 35.742506 0.263063
SEG 0.98844927 19.744141 20.362054 0.99449942 20.6369 21.956327 0.305738
SEG 0.98844927 19.744141 20.362054 1.0331174 20.630342 17.800615 0.305738
SEG 0.99075062 39.563857 34.313183 2.0186881 38.840774 35.706132 0.263063
SEG 0.99075062 39.563857 34.313183 2.1268669 38.740425 32.628468 0.263063
SEG 0.99406806 30.106471 16.323729 1.2715644 29.316216 14.728545 0.320446
SEG 0.99406806 30.106471 16.323729 1.2331939 29.364701 18.95067 0.320446
SEG 0.99406806 30.106471 16.323729 1.2307677 29.370079 19.201749 0.320446
SEG 1.0025599 4.1528244 3.5501398 1.6082956 1.6082956 3.9774327 0.263063
SEG 1.0025599 4.1528244 3.5501398 1.5056923 1.5056923 2.9375071 0.263063
SEG 1.0025599 4.1528244 3.5501398 1.823129 1.8229994 4.9155513 0.263063
SEG 1.003533 24.949608 34.629203 1.1232443 25.771504 36.146518 0.321653
SEG 1.003533 24.949608 34.629203 1.2474793 25.754453 32.999112 0.321653
SEG 1.003533 24.949608 34.629203 1.0522219 25.773247 37.194112 0.321653
SEG 1.0260445 29.748229 33.888002 1.3359994 28.20143 34.664383 0.321653
SEG 1.0327543 39.54496 32.213693 1.9251425 38.702275 30.955459 0.263063
SEG 1.0327543 39.54496 32.213693 3.1087441 39.111469 32.655743 0.263063
SEG 1.0432653 2.0756567 3.8417403 1.2133238 1.2133238 1.8954547 0.263063
SEG 1.0432653 2.0756567 3.8417403 1.7042209 1.6875492 6.1656968 0.263063
SEG 1.0491112 39.537675 31.163845 2.1268669 38.740425 32.628468 0.263063
SEG 1.0522125 2.2323619 35.712489 1.5108736 1.5108736 33.760377 0.263063
SEG 1.0522125 2.2323619 35.712489 1.2984459 1.2984459 37.948614 0.263063
SEG 1.0535058 29.731828 32.838489 1.513912 29.114208 34.624377 0.263063
SEG 1.0535058 29.731828 32.838489 1.8315716 30.114984 34.630776 0.263063
SEG 1.0582294 20.628981 14.900582 1.2541037 19.716436 12.575655 0.305738
SEG 1.0591104 37.826995 3.8304987 1.823129 35.941036 1.8139116 0.263063
SEG 1.0629952 36.785902 3.6940801 1.823129 35.941036 1.8139116 0.263063
SEG 1.0678357 3.1168219 3.7080572 1.5056923 1.5056923 2.9375071 0.263063
SEG 1.0678357 3.1168219 3.7080572 1.823129 1.8229994 4.9155513 0.263063
SEG 1.0765556 39.525502 29.064061 1.5625 39.6875 30.9375 0.263063
SEG 1.0765556 39.525502 29.064061 3.28715 39.112083 29.251651 0.286202
SEG 1.0841572 20.636272 10.264997 1.2541037 19.716436 12.575655 0.305738
SEG 1.0885062 39.520212 28.014142 2.2864996 38.794778 29.228939 0.286202
SEG 1.101984 27.507338 12.414306 1.2826963 29.320883 13.28711 0.322136
SEG 1.101984 27.507338 12.414306 1.5452993 25.534902 11.627733 0.329054
SEG 1.101984 27.507338 12.414306 1.5349865 25.515691 13.158825 0.329054
SEG 1.1232443 25.771504 36.146518 1.1757967 27.042289 34.624766 0.321653
SEG 1.1273185 5.8244383 25.433956 1.8166732 6.4820849 28.122026 0.29188
SEG 1.174711 29.826735 4.2994092 1.613289 28.196183 4.0022587 0.322136
SEG 1.1757967 27.042289 34.624766 1.2474793 25.754453 32.999112 0.321653
SEG 1.1777927 26.994026 16.387355 1.4891732 25.519146 17.560318 0.338861
SEG 1.1777927 26.994026 16.387355 1.5212457 25.508334 14.651134 0.338861
SEG 1.1777927 26.994026 16.387355 1.2592648 29.323727 16.151166 0.335503
SEG 1.1793209 29.501264 24.335882 1.3987317 28.346105 21.845285 0.322136
SEG 1.1830735 39.473964 6.600423 1.823129 39.042675 4.9155513 0.286202
SEG 1.1931433 29.463324 23.010682 1.3256612 30.517681 25.553153 0.309251
SEG 1.202033 39.469542 14.735635 2.6323019 38.251461 13.269134 0.286202
SEG 1.202033 39.469542 14.735635 3.7262288 39.29686 13.270681 0.286202
SEG 1.2105875 39.465486 13.133069 2.6323019 38.251461 13.269134 0.286202
SEG 1.2105875 39.465486 13.133069 3.7262288 39.29686 13.270681 0.286202
SEG 1.215839 39.462739 11.508359 2.6323019 38.251461 13.269134 0.286202
SEG 1.2199818 29.393986 20.31794 1.3987317 28.346105 21.845285 0.322136
SEG 1.2763317 25.743224 31.881124 1.5696289 26.277516 29.304751 0.305946
SEG 1.3177789 8.560384 1.2853468 3.6192049 7.9205318 1.4947305 0.263063
SEG 1.3226506 11.644744 1.288034 2.8659717 11.199414 1.8864611 0.263063
SEG 1.3252062 14.736638 1.289532 2.67104 15.971705 1.6690022 0.263063
SEG 1.3252062 14.736638 1.289532 3.40042 15.892917 0.83223288 0.263063
SEG 1.3346332 5.4048591 21.569471 1.5065888 2.362661 21.692549 0.316794
SEG 1.341942 38.264128 35.700144 1.7759712 36.582012 38.183269 0.263063
SEG 1.341942 38.264128 35.700144 1.3556922 38.027836 32.625947 0.263063
SEG 1.3666511 25.668234 27.00437 1.5696289 26.277516 29.304751 0.305946
SEG 1.3809154 37.596739 21.229301 1.8622223 35.809549 20.758131 0.323411
SEG 1.3849657 23.649912 20.504647 1.4383825 25.57294 21.726844 0.327064
SEG 1.4438732 1.4348128 30.469667 2.9218828 0.97712503 29.24188 0.263063
SEG 1.4438732 1.4348128 30.469667 3.0546758 1.292907 28.787108 0.263063
SEG 1.4438732 1.4348128 30.469667 3.9483401 0.74662877 29.270932 0.263063
SEG 1.4556264 25.779039 5.3309517 1.823129 23.534477 4.9155513 0.314416
SEG 1.5065888 2.362661 21.692549 1.6869658 1.6869658 23.740202 0.27931
SEG 1.5065888 2.362661 21.692549 1.7357985 1.7357985 19.578607 0.27931
SEG 1.5625 39.6875 30.9375 2.1268669 38.740425 32.628468 0.263063
SEG 1.5625 39.6875 30.9375 2.2864996 38.794778 29.228939 0.263063
SEG 1.5633946 1.5633946 31.6617 2.9218828 0.97712503 29.24188 0.263063
SEG 1.6207494 1.6207494 28.512752 3.9483401 0.74662877 29.270932 0.27931
SEG 1.6375007 1.6375007 27.412614 3.0546758 1.292907 28.787108 0.263063
SEG 1.6375007 1.6375007 27.412614 2.9218828 0.97712503 29.24188 0.263063
SEG 1.6869658 1.6869658 23.740202 2.5507539 1.4996738 21.695764 0.27931
SEG 1.7034183 1.7034183 22.396373 3.6407071 0.69170793 21.710966 0.27931
SEG 1.7034183 1.7034183 22.396373 4.3251329 0.32399324 21.726878 0.27931
SEG 1.7197329 1.7197329 21.007542 3.6407071 0.69170793 21.710966 0.32393
SEG 1.7197329 1.7197329 21.007542 4.3251329 0.32399324 21.726878 0.32344
SEG 1.7357985 1.7357985 19.578607 2.3132187 1.3521401 17.551922 0.27931
SEG 1.7357985 1.7357985 19.578607 2.5507539 1.4996738 21.695764 0.27931
SEG 1.7446876 36.569264 39.40901 2.8936203 38.177293 39.383067 0.263063
SEG 1.7446876 36.569264 39.40901 2.4659142 34.691357 39.324937 0.264433
SEG 1.7446876 36.569264 39.40901 3.7231156 37.533755 39.356567 0.263063
SEG 1.7515481 1.7515481 18.098269 3.7095489 0.4628756 17.568565 0.339136
SEG 1.7663613 1.7663613 16.589599 3.7095489 0.4628756 17.568565 0.27931
SEG 1.7761249 35.535448 39.350775 2.8936203 38.177293 39.383067 0.263063
SEG 1.7795538 1.7795538 15.057799 2.3132187 1.3521401 17.551922 0.27931
SEG 1.787679 30.625156 32.720009 1.8315716 30.114984 34.630776 0.273191
SEG 1.7883557 1.7883557 1.5631511 3.5416863 3.5416863 1.764245 0.334448
SEG 1.823129 1.8229994 39.033587 3.5745908 3.6144321 39.203658 0.287945
SEG 1.823129 8.0262787 39.033587 3.5114729 8.5560454 39.417263 0.263063
SEG 1.823129 8.0262787 39.033587 2.9605082 9.4497973 39.429324 0.263063
SEG 1.823129 8.0262787 39.033587 4.0625 8.4375 39.0625 0.268531
SEG 1.9251425 38.702275 30.955459 2.2864996 38.794778 29.228939 0.263063
SEG 1.9251425 38.702275 30.955459 3.1087441 39.111469 32.655743 0.263063
SEG 2.2246356 15.682982 0.35758098 3.2789822 16.912079 0.82404171 0.357554
SEG 2.2311509 15.634759 0.35759632 3.7463041 13.992762 0.8528559 0.357554
SEG 2.2234586 15.698932 0.3576049 3.1958299 17.816191 0.81872838 0.357554
SEG 2.2701891 10.987881 0.35309268 3.6810883 12.210548 0.26310982 0.263063
SEG 2.2701891 10.987881 0.35309268 2.4947112 8.9187873 0.75750492 0.341306
SEG 2.3002107 22.18648 39.09485 3.763258 21.184026 39.667458 0.263063
SEG 2.3002107 22.18648 39.09485 3.8796565 23.280614 39.66559 0.263063
SEG 2.3002107 22.18648 39.09485 3.4039256 24.206558 39.270194 0.277011
SEG 2.3132187 1.3521401 17.551922 5.1847284 0.32947774 17.634191 0.32939
SEG 2.4570914 10.322344 39.371625 4.0625 8.4375 39.0625 0.268531
SEG 2.4825481 24.833436 39.293102 3.8796565 23.280614 39.66559 0.263063
SEG 2.4947112 8.9187873 0.75750492 4.3813652 9.8414727 0.39043331 0.384867
SEG 2.5507539 1.4996738 21.695764 5.1258397 1.6536555 21.565501 0.32344
SEG 2.5830003 23.604766 1.7936131 3.1616278 21.639637 0.81636565 0.385125
SEG 2.5830003 23.604766 1.7936131 3.6323897 25.469447 0.84633404 0.385125
SEG 2.5830003 23.604766 1.7936131 3.1288955 20.769829 0.82518667 0.385125
SEG 2.5904383 11.906858 0.74155654 4.5874297 11.227536 0.89264619 0.263063
SEG 2.5904383 11.906858 0.74155654 4.6936 11.004081 0.89605519 0.263063
SEG 2.5904383 11.906858 0.74155654 3.7463041 13.992762 0.8528559 0.263063
SEG 2.6405129 14.900121 0.73573035 4.2315203 13.887728 0.34134138 0.341306
SEG 2.6405129 14.900121 0.73573035 3.2789822 16.912079 0.82404171 0.341306
SEG 2.6555716 21.108907 39.0843 3.8076489 22.233087 39.66672 0.263063
SEG 2.6555716 21.108907 39.0843 4.4563599 20.342337 39.144941 0.277065
SEG 2.7249722 26.610299 39.676503 4.1239664 25.365998 39.662207 0.263063
SEG 2.7249722 26.610299 39.676503 4.5945123 27.411059 39.657183 0.263063
SEG 2.7249722 26.610299 39.676503 3.8836445 28.580446 39.266731 0.27375
SEG 2.7856621 23.437308 38.637843 4.405435 23.714438 39.250821 0.263063
SEG 2.7856621 23.437308 38.637843 3.9827297 24.325542 39.664087 0.263063
SEG 2.8125 2.8125 0.9375 4.4913405 4.4913405 0.34135675 0.341306
SEG 2.8128969 27.65661 39.674575 4.5945123 27.411059 39.657183 0.263063
SEG 2.8128969 27.65661 39.674575 4.3206132 26.397416 39.659912 0.263063
SEG 2.8128969 27.65661 39.674575 4.7664786 27.912431 39.251981 0.263063
SEG 2.8659717 11.199414 1.8864611 4.5874297 11.227536 0.89264619 0.355972
SEG 2.9289892 28.70017 39.672293 4.7664786 27.912431 39.251981 0.263063
SEG 2.9289892 28.70017 39.672293 4.9741705 28.390013 39.654062 0.263063
SEG 2.9358997 16.102601 39.285519 5.4462947 17.211339 39.236556 0.276718
SEG 2.9605082 9.4497973 39.429324 4.1912622 11.648036 39.261095 0.263063
SEG 2.9981549 29.233506 39.286146 4.9741705 28.390013 39.654062 0.275162
SEG 3.0546758 1.292907 28.787108 5.0242183 0.59308039 29.307352 0.263063
SEG 3.073587 39.234165 35.742506 4.2286382 39.714687 34.487166 0.263063
SEG 3.0885656 29.737969 39.669583 5.339017 29.424451 39.516329 0.263063
SEG 3.0934873 39.588719 39.726646 3.7231156 37.533755 39.356567 0.263063
SEG 3.0945653 3.0945653 0.3534247 4.4913917 4.4913917 0.34133856 0.334448
SEG 3.0945653 3.0945653 0.3534247 5.1229975 5.1229975 0.41207335 0.26534
SEG 3.1087441 39.111469 32.655743 4.3583222 39.692229 31.339922 0.263063
SEG 3.1666722 33.909708 39.303397 3.6513363 31.757997 39.662395 0.263063
SEG 3.2704274 15.078013 39.440046 4.5584211 16.535231 39.248204 0.263063
SEG 3.2855346 8.922553 39.422209 3.3027401 10.999062 39.278895 0.27375
SEG 3.28715 39.112083 29.251651 4.3583222 39.692229 31.339922 0.27244
SEG 3.3027401 10.999062 39.278895 5.0270172 11.281757 39.407748 0.263063
SEG 3.3027401 10.999062 39.278895 3.9979098 13.109042 39.423227 0.263063
SEG 3.3156165 30.763122 39.666322 4.6587652 32.401407 39.270307 0.263063
SEG 3.3156165 30.763122 39.666322 3.8836445 28.580446 39.266731 0.263063
SEG 3.329034 23.564924 0.82764112 4.9659379 26.111185 0.99788583 0.389352
SEG 3.40042 15.892917 0.83223288 4.3013244 13.933058 0.34135563 0.341306
SEG 3.40042 15.892917 0.83223288 4.9247686 14.229558 1.8139116 0.314416
SEG 3.5416863 3.5416863 1.764245 4.4913917 4.4913917 0.34133856 0.334448
SEG 3.5416863 3.5416863 1.764245 5.1229975 5.1229975 0.41207335 0.26534
SEG 3.5472665 15.000715 0.84100501 4.9247686 14.229558 1.8139116 0.314416
SEG 3.5472665 15.000715 0.84100501 4.9976411 13.946771 1.809416 0.314416
SEG 3.5476928 9.3464896 0.26310852 4.9740113 10.321725 0.90685464 0.263063
SEG 3.5476928 9.3464896 0.26310852 3.6192049 7.9205318 1.4947305 0.263063
SEG 3.5476928 9.3464896 0.26310852 5.435042 9.4435773 0.91986199 0.263063
SEG 3.5579295 16.041008 39.266586 3.6058777 14.083075 39.431604 0.263063
SEG 3.6058777 14.083075 39.431604 5.0552657 12.329419 39.248034 0.263063
SEG 3.6192049 7.9205318 1.4947305 4.3813652 9.8414727 0.39043331 0.268531
SEG 3.6407071 0.69170793 21.710966 5.1258397 1.6536555 21.565501 0.32344
SEG 3.6513363 31.757997 39.662395 5.4304083 31.635353 39.258258 0.263063
SEG 3.6810883 12.210548 0.26310982 4.3596362 13.806205 0.30958323 0.263063
SEG 3.6810883 12.210548 0.26310982 3.7463041 13.992762 0.8528559 0.263063
SEG 3.6812786 3.6812786 0.3600267 5.1229975 5.1229975 0.41207335 0.26534
SEG 3.7231156 37.533755 39.356567 5.8661272 37.033274 39.426338 0.263063
SEG 3.7262288 39.29686 13.270681 4.8065013 39.645462 15.087506 0.27244
SEG 3.7459183 20.134169 39.667756 5.4652736 20.003672 39.698259 0.274337
SEG 3.7459183 20.134169 39.667756 5.5068103 21.05285 39.698003 0.274337
SEG 3.763258 21.184026 39.667458 5.5068103 21.05285 39.698003 0.263063
SEG 3.8076489 22.233087 39.66672 5.3205067 23.063019 39.238197 0.263063
SEG 3.8076489 22.233087 39.66672 5.6393325 22.094453 39.697217 0.263063
SEG 3.8796565 23.280614 39.66559 5.8843114 23.115474 39.695867 0.263063
SEG 3.8982767 33.156763 39.285295 5.4846078 34.297829 39.653234 0.263063
SEG 3.9827297 24.325542 39.664087 5.3205067 23.063019 39.238197 0.263063
SEG 3.9979098 13.109042 39.423227 5.8740271 13.084983 39.23863 0.263063
SEG 3.9979098 13.109042 39.423227 6.634239 13.912923 39.231904 0.263063
SEG 4.0625 8.4375 39.0625 4.8338201 6.9273255 39.400975 0.263063
SEG 4.0930036 12.70765 0.79039277 4.9976411 13.946771 1.809416 0.314416
SEG 4.0930036 12.70765 0.79039277 4.9247686 14.229558 1.8139116 0.314416
SEG 4.0930036 12.70765 0.79039277 4.9247686 11.127918 1.8139116 0.314416
SEG 4.0995829 27.365385 0.8713312 4.9247686 29.737756 1.8139116 0.314416
SEG 4.0995829 27.365385 0.8713312 4.9247686 29.737756 1.8139116 0.314416
SEG 4.0995829 27.365385 0.8713312 4.2825014 30.241939 0.596114 0.341306
SEG 4.1239664 25.365998 39.662207 4.405435 23.714438 39.250821 0.263063
SEG 4.1329761 39.525788 35.690299 6.042591 38.206706 36.248801 0.263063
SEG 4.1425085 32.686023 39.658147 5.4304083 31.635353 39.258258 0.263063
SEG 4.1909146 4.2865701 39.317867 6.3086864 5.432506 39.398087 0.263063
SEG 4.1912622 11.648036 39.261095 5.680398 10.459836 39.401527 0.263063
SEG 4.2286382 39.714687 34.487166 5.176715 39.459181 32.732912 0.263063
SEG 4.2538113 38.632558 28.452631 4.5116858 39.676066 27.04102 0.267808
SEG 4.2538113 38.632558 28.452631 4.3985977 39.687494 30.290705 0.267808
SEG 4.2725169 39.705133 33.438127 6.3740482 39.498491 32.785191 0.263063
SEG 4.2725169 39.705133 33.438127 5.2267 39.543974 35.804924 0.263063
SEG 4.3206132 26.397416 39.659912 6.3956068 26.364189 39.233834 0.263063
SEG 4.3583222 39.692229 31.339922 5.3616353 39.439695 29.319729 0.27244
SEG 4.3813652 9.8414727 0.39043331 4.9247686 11.127918 1.8139116 0.314416
SEG 4.3985977 39.687494 30.290705 6.4444058 39.531465 29.359777 0.27244
SEG 4.405435 23.714438 39.250821 6.2898845 24.104191 39.693911 0.274337
SEG 4.4351465 38.924668 20.755264 4.6208472 39.665956 23.432856 0.27244
SEG 4.4351465 38.924668 20.755264 4.7563459 39.652364 18.016084 0.27244
SEG 4.4652836 12.168831 39.415154 6.634239 13.912923 39.231904 0.27375
SEG 4.5116858 39.676066 27.04102 5.3616353 39.439695 29.319729 0.27244
SEG 4.5217148 28.751156 0.80821979 4.9659379 26.111185 0.99788583 0.389352
SEG 4.5460442 39.675832 24.683791 7.1520034 39.693569 25.458015 0.27244
SEG 4.5481453 39.672661 25.88966 7.1520034 39.693569 25.458015 0.27244
SEG 4.5945123 27.411059 39.657183 5.7395534 25.719464 39.441407 0.263063
SEG 4.6208472 39.665956 23.432856 4.7687137 38.259878 21.278769 0.27244
SEG 4.6208472 39.665956 23.432856 5.9010509 38.979427 21.300304 0.27244
SEG 4.6566294 39.662603 22.135963 7.1412628 39.49775 21.32936 0.27244
SEG 4.6915771 39.659224 20.798532 7.1412628 39.49775 21.32936 0.27244
SEG 4.7251068 39.655809 19.4241 5.9010509 38.979427 21.300304 0.27244
SEG 4.7251068 39.655809 19.4241 4.7687137 38.259878 21.278769 0.27244
SEG 4.7251068 39.655809 19.4241 5.1653481 39.011849 17.000976 0.27244
SEG 4.7735819 33.52521 39.654725 5.4304083 31.635353 39.258258 0.263063
SEG 4.7735819 33.52521 39.654725 6.0411868 35.40318 39.296108 0.263063
SEG 4.7735819 33.52521 39.654725 6.7881959 34.665411 39.282903 0.263063
SEG 4.804916 39.637178 10.543551 4.9365348 39.102742 8.5976155 0.349735
SEG 4.8065013 39.645462 15.087506 5.1653481 39.011849 17.000976 0.27244
SEG 4.8216126 39.63934 12.070549 6.5825646 39.486695 11.190353 0.27244
SEG 4.8338201 6.9273255 39.400975 5.9740911 5.9740911 38.264935 0.263063
SEG 4.8338201 6.9273255 39.400975 4.9315817 5.0306161 39.300322 0.263063
SEG 4.9247686 11.127918 1.8139116 5.435042 9.4435773 0.91986199 0.314416
SEG 4.9247686 32.839396 1.8139116 6.2946924 31.855041 0.93503898 0.314416
SEG 4.9247686 32.839396 1.8139116 6.4186036 33.834843 1.1392533 0.314416
SEG 4.9247686 32.839396 1.8139116 6.8805744 32.555316 0.93928094 0.314416
SEG 4.9315817 5.0306161 39.300322 5.9740911 5.9740911 38.264935 0.26534
SEG 4.9315817 5.0306161 39.300322 7.2633409 4.7225665 39.343278 0.263063
SEG 5.0242183 0.59308039 29.307352 6.4013262 1.7709199 30.39923 0.271546
SEG 5.0270172 11.281757 39.407748 5.8740271 13.084983 39.23863 0.263063
SEG 5.0552657 12.329419 39.248034 5.680398 10.459836 39.401527 0.263063
SEG 5.176715 39.459181 32.732912 6.7728857 38.387998 32.836578 0.263063
SEG 5.2875497 36.134113 39.312513 7.0584851 35.685383 39.65699 0.263063
SEG 5.2875497 36.134113 39.312513 5.4846078 34.297829 39.653234 0.263063
SEG 5.339017 29.424451 39.516329 6.9573204 30.066108 39.24137 0.263063
SEG 5.4462947 17.211339 39.236556 6.5399901 18.93665 38.468642 0.277011
SEG 5.4652736 20.003672 39.698259 6.6656404 21.248526 39.226546 0.274337
SEG 5.4652736 20.003672 39.698259 6.5399901 18.93665 38.468642 0.274337
SEG 5.4846078 34.297829 39.653234 7.0897782 33.160571 39.45577 0.263063
SEG 5.5068103 21.05285 39.698003 7.0203831 20.159925 39.224708 0.274337
SEG 5.6071337 27.177962 39.241408 5.7245741 25.719532 38.231566 0.27375
SEG 5.6404744 39.174435 36.183212 7.2451955 39.654164 35.831773 0.263063
SEG 5.6404744 39.174435 36.183212 8.1473123 39.677856 35.716056 0.263063
SEG 5.7245741 25.719532 38.231566 7.1187733 25.480248 39.228433 0.282391
SEG 5.7245741 25.719532 38.231566 6.8862407 25.008174 39.691545 0.274337
SEG 5.7395534 25.719464 39.441407 6.2898845 24.104191 39.693911 0.274337
SEG 5.7395534 25.719464 39.441407 7.6270776 25.813943 39.689291 0.274337
SEG 5.8661272 37.033274 39.426338 7.0584851 35.685383 39.65699 0.263063
SEG 5.8661272 37.033274 39.426338 6.2427508 35.024271 39.654049 0.263063
SEG 5.8843114 23.115474 39.695867 7.1875 22.1875 39.0625 0.274337
SEG 5.8843114 23.115474 39.695867 6.6656404 21.248526 39.226546 0.274337
SEG 5.9010509 38.979427 21.300304 8.4900638 39.577683 20.322557 0.263063
SEG 5.9740911 5.9740911 38.264935 7.2201573 7.3221875 39.265162 0.26534
SEG 6.0411868 35.40318 39.296108 7.9601316 36.22345 39.661153 0.263063
SEG 6.042591 38.206706 36.248801 7.2451955 39.654164 35.831773 0.263063
SEG 6.042591 38.206706 36.248801 8.1473123 39.677856 35.716056 0.263063
SEG 6.08017 22.225002 39.230718 6.2898845 24.104191 39.693911 0.274337
SEG 6.1078646 30.152549 39.647899 7.7197669 29.241643 39.235511 0.263063
SEG 6.1275319 0.48875342 29.34775 6.4820849 1.8166732 28.122026 0.271546
SEG 6.1275319 0.48875342 29.34775 6.292676 1.8180863 31.544037 0.271546
SEG 6.1275319 0.48875342 29.34775 6.5243717 1.864711 26.624631 0.288771
SEG 6.1672477 18.07276 39.229824 7.738676 18.84661 38.457096 0.277011
SEG 6.1945693 30.861798 39.248815 8.2695432 32.442211 39.64472 0.263063
SEG 6.1963004 39.607547 35.820529 8.042649 39.65363 34.502087 0.263063
SEG 6.2427508 35.024271 39.654049 7.5420715 33.918772 39.272244 0.263063
SEG 6.2427508 35.024271 39.654049 7.0897782 33.160571 39.45577 0.263063
SEG 6.2946924 31.855041 0.93503898 6.4186036 33.834843 1.1392533 0.389352
SEG 6.2946924 31.855041 0.93503898 6.5391701 33.710945 1.6412993 0.314416
SEG 6.3086864 5.432506 39.398087 8.2262968 5.5128569 39.272885 0.263063
SEG 6.3740482 39.498491 32.785191 8.0636973 39.641811 33.452364 0.263063
SEG 6.3956068 26.364189 39.233834 8.4375 26.5625 39.6875 0.27375
SEG 6.4013262 1.7709199 30.39923 7.2464239 0.41570619 29.389119 0.271546
SEG 6.4013262 1.7709199 30.39923 8.3922302 0.36220536 29.429778 0.271546
SEG 6.4186036 33.834843 1.1392533 8.3592666 33.869743 0.93315272 0.389352
SEG 6.4444058 39.531465 29.359777 8.1569372 39.618113 30.29463 0.263063
SEG 6.4444058 39.531465 29.359777 8.2372949 39.60648 28.002654 0.263063
SEG 6.4444074 6.5454579 39.274507 7.2633409 4.7225665 39.343278 0.263063
SEG 6.4444074 6.5454579 39.274507 8.6188015 7.4596773 39.393243 0.263063
SEG 6.4820849 1.8166732 28.122026 7.2464239 0.41570619 29.389119 0.271546
SEG 6.4820849 1.8166732 28.122026 8.0264083 1.8229994 26.627029 0.271546
SEG 6.5391701 33.710945 1.6412993 8.0264083 32.839396 1.8139116 0.314416
SEG 6.5391701 33.710945 1.6412993 8.3592666 33.869743 0.93315272 0.314416
SEG 6.5825646 39.486695 11.190353 8.5724548 39.550184 11.689799 0.352285
SEG 6.5825646 39.486695 11.190353 8.5293628 39.547324 10.164398 0.263063
SEG 6.634239 13.912923 39.231904 8.0734715 12.240788 39.352926 0.27375
SEG 6.6656404 21.248526 39.226546 6.7124151 19.063817 39.22617 0.277011
SEG 6.7728857 38.387998 32.836578 8.0636973 39.641811 33.452364 0.263063
SEG 6.7728857 38.387998 32.836578 8.2046145 39.644391 32.617372 0.263063
SEG 6.7881959 34.665411 39.282903 7.0815651 33.169637 38.263744 0.263063
SEG 6.7881959 34.665411 39.282903 7.9601316 36.22345 39.661153 0.263063
SEG 6.8009187 30.941328 39.645813 7.7197669 29.241643 39.235511 0.263063
SEG 6.8862407 25.008174 39.691545 8.3184609 23.518007 39.222016 0.27375
SEG 6.9573204 30.066108 39.24137 7.5273243 31.699506 39.644741 0.263063
SEG 6.9926634 38.488996 25.449035 8.3238202 39.596359 25.561183 0.305243
SEG 6.9926634 38.488996 25.449035 8.3673351 39.591607 24.293474 0.263063
SEG 6.9926634 38.488996 25.449035 8.2802299 39.601285 26.798377 0.263063
SEG 7.0203831 20.159925 39.224708 9.0024398 20.2761 39.156353 0.27375
SEG 7.0203831 20.159925 39.224708 7.1875 22.1875 39.0625 0.277011
SEG 7.0584851 35.685383 39.65699 7.5420715 33.918772 39.272244 0.263063
SEG 7.0815651 33.169637 38.263744 8.2695432 32.442211 39.64472 0.263063
SEG 7.0815651 33.169637 38.263744 7.5273243 31.699506 39.644741 0.263063
SEG 7.0897782 33.160571 39.45577 9.0268078 33.169569 39.645748 0.263063
SEG 7.1187733 25.480248 39.228433 8.4375 26.5625 39.6875 0.274337
SEG 7.1412628 39.49775 21.32936 8.4100755 39.58695 22.996949 0.263063
SEG 7.1520034 39.693569 25.458015 8.2802299 39.601285 26.798377 0.263063
SEG 7.1875 22.1875 39.0625 8.3184609 23.518007 39.222016 0.27375
SEG 7.2201573 7.3221875 39.265162 9.0152361 6.2942319 39.263518 0.27584
SEG 7.2464239 0.41570619 29.389119 9.796636 0.32357009 28.497888 0.288771
SEG 7.269857 39.610941 32.803524 8.042649 39.65363 34.502087 0.263063
SEG 7.269857 39.610941 32.803524 8.1569372 39.618113 30.29463 0.263063
SEG 7.3089967 14.785416 39.227236 8.4461478 16.270049 38.132425 0.314416
SEG 7.3282698 14.810338 39.227103 8.4461478 16.270049 38.132425 0.27375
SEG 7.3461741 10.349987 39.238199 8.0734715 12.240788 39.352926 0.271009
SEG 7.3461741 10.349987 39.238199 8.8082496 8.914028 39.251783 0.271009
SEG 7.3461741 10.349987 39.238199 8.0626504 8.1891193 39.311728 0.263063
SEG 7.5273243 31.699506 39.644741 9.1094955 32.385222 39.256663 0.263063
SEG 7.5694846 39.598498 29.401044 8.1221801 39.624704 31.353254 0.263063
SEG 7.616797 7.616797 1.3071131 9.6318854 5.3295299 0.91718347 0.389352
SEG 7.7197669 29.241643 39.235511 9.5692039 29.713481 39.637421 0.271009
SEG 7.738676 18.84661 38.457096 9.0024398 20.2761 39.156353 0.27375
SEG 7.738676 18.84661 38.457096 8.4577608 16.571816 39.269408 0.293419
SEG 7.9222546 16.053327 1.9183859 9.9874477 14.556643 0.96213227 0.381405
SEG 7.9222546 16.053327 1.9183859 8.9738325 18.503562 0.93476137 0.381405
SEG 8.0264083 1.8229994 14.22047 9.7464704 0.34468863 13.458961 0.314416
SEG 8.0264083 1.8229994 26.627029 9.7235155 1.6654582 28.538055 0.289102
SEG 8.0264083 1.8229994 26.627029 9.796636 0.32357009 28.497888 0.294597
SEG 8.0264083 14.229558 39.033587 8.0734715 12.240788 39.352926 0.282397
SEG 8.0264083 14.229558 39.033587 9.5900576 12.963217 39.226153 0.271009
SEG 8.0264083 26.636117 1.8139116 10.126288 27.161591 0.36326128 0.314416
SEG 8.0264083 26.636117 1.8139116 10.504573 26.445855 0.9710984 0.314416
SEG 8.0264083 26.636117 1.8139116 9.636749 24.557844 0.95408676 0.314416
SEG 8.0264083 26.636117 1.8139116 10.126288 27.161591 0.36326128 0.314416
SEG 8.0264083 26.636117 1.8139116 10.504573 26.445855 0.9710984 0.314416
SEG 8.0264083 26.636117 1.8139116 9.636749 24.557844 0.95408676 0.314416
SEG 8.0264083 32.839396 1.8139116 9.1438265 34.375069 0.92350433 0.314416
SEG 8.0264083 35.941036 1.8139116 8.3592666 33.869743 0.93315272 0.314416
SEG 8.0264083 35.941036 1.8139116 10.052874 34.893853 0.9109254 0.314416
SEG 8.0264083 39.042675 4.9155513 8.3396034 39.550168 7.0638809 0.263063
SEG 8.0264083 39.042675 4.9155513 9.5507935 38.862376 2.9647875 0.297489
SEG 8.0300177 39.131405 11.159158 8.5911144 39.554162 13.187814 0.263063
SEG 8.0300177 39.131405 11.159158 8.4545055 39.54669 8.6233773 0.263063
SEG 8.0306133 39.522171 4.1113211 9.5507935 38.862376 2.9647875 0.297489
SEG 8.0306133 39.522171 4.1113211 9.6875 39.6875 1.5625 0.297489
SEG 8.0306133 39.522171 4.1113211 10.757364 38.941668 2.8268802 0.263063
SEG 8.042649 39.65363 34.502087 9.467252 39.610901 32.861161 0.263063
SEG 8.0626504 8.1891193 39.311728 9.8239452 7.0733572 39.256157 0.263063
SEG 8.0626504 8.1891193 39.311728 9.0152361 6.2942319 39.263518 0.263063
SEG 8.0636973 39.641811 33.452364 9.7206839 38.411907 32.895675 0.263063
SEG 8.1090052 11.193053 39.233031 9.6157324 9.7248994 39.247191 0.271009
SEG 8.1135497 39.544245 4.892115 9.5507935 38.862376 2.9647875 0.297489
SEG 8.1221801 39.624704 31.353254 8.7041115 39.647423 29.440516 0.263063
SEG 8.1221801 39.624704 31.353254 9.467252 39.610901 32.861161 0.263063
SEG 8.1569372 39.618113 30.29463 9.8507151 39.68418 29.477074 0.263063
SEG 8.2046145 39.644391 32.617372 9.7206839 38.411907 32.895675 0.263063
SEG 8.2262968 5.5128569 39.272885 10.116901 5.9882122 39.399281 0.263063
SEG 8.2262968 5.5128569 39.272885 8.6188015 7.4596773 39.393243 0.263063
SEG 8.2372949 39.60648 28.002654 9.8507151 39.68418 29.477074 0.263063
SEG 8.2695432 32.442211 39.64472 9.9220741 31.607528 39.251193 0.263063
SEG 8.2802299 39.601285 26.798377 8.7041115 39.647423 29.440516 0.263063
SEG 8.3673351 39.591607 24.293474 9.177557 39.10771 21.792924 0.263063
SEG 8.3922302 0.36220536 29.429778 9.7235155 1.6654582 28.538055 0.288771
SEG 8.4461478 16.270049 38.132425 8.8573617 17.882344 39.219961 0.27375
SEG 8.4545055 39.54669 8.6233773 9.5235075 38.888167 11.121511 0.263063
SEG 8.4577608 16.571816 39.269408 8.9339565 18.736986 38.449197 0.293419
SEG 8.4732631 28.39022 39.230991 10.089293 28.034752 39.685499 0.271009
SEG 8.4732631 28.39022 39.230991 9.5692039 29.713481 39.637421 0.271009
SEG 8.4732631 28.39022 39.230991 9.5656806 29.716094 38.462832 0.271009
SEG 8.4900638 39.577683 20.322557 10.109047 39.475876 19.521116 0.263063
SEG 8.4900638 39.577683 20.322557 11.423137 39.05296 19.552062 0.263063
SEG 8.5553154 39.568241 17.546665 10.065265 39.448377 16.323311 0.263063
SEG 8.5553154 39.568241 17.546665 9.1659322 39.657979 15.37103 0.263063
SEG 8.5724548 39.550184 11.689799 11.011133 38.729268 11.081775 0.352285
SEG 8.5782593 39.563461 16.123017 9.5365698 38.141107 16.328302 0.263063
SEG 8.5861681 39.578405 15.363428 10.065265 39.448377 16.323311 0.339818
SEG 8.5861681 39.578405 15.363428 9.5365698 38.141107 16.328302 0.320446
SEG 8.5911144 39.554162 13.187814 9.1659322 39.657979 15.37103 0.263063
SEG 8.5911144 39.554162 13.187814 9.5235075 38.888167 11.121511 0.263063
SEG 8.5927604 39.590863 14.730274 10.065265 39.448377 16.323311 0.263063
SEG 8.6188015 7.4596773 39.393243 10.656095 7.8480784 39.250426 0.263063
SEG 8.6262899 39.61423 19.141055 9.177557 39.10771 21.792924 0.322872
SEG 8.7041115 39.647423 29.440516 10.529597 38.619924 29.228229 0.287748
SEG 8.7555677 22.445224 39.220317 10.774589 23.242025 39.430411 0.27375
SEG 8.7555677 22.445224 39.220317 9.9431317 20.478634 39.068643 0.27375
SEG 8.7555677 22.445224 39.220317 10.771939 23.242005 38.231224 0.27375
SEG 8.8082496 8.914028 39.251783 9.8239452 7.0733572 39.256157 0.263063
SEG 8.8082496 8.914028 39.251783 10.656095 7.8480784 39.250426 0.263063
SEG 8.8608054 12.06532 39.229088 10.427459 10.54124 39.243697 0.271009
SEG 8.9339565 18.736986 38.449197 10.265701 19.838371 38.333928 0.279869
SEG 8.9339565 18.736986 38.449197 9.9431317 20.478634 39.068643 0.287919
SEG 9.0024398 20.2761 39.156353 10.125714 18.602411 38.443984 0.27375
SEG 9.0152361 6.2942319 39.263518 10.91347 5.3041455 39.404842 0.263063
SEG 9.0268078 33.169569 39.645748 9.9220741 31.607528 39.251193 0.263063
SEG 9.047272 21.324011 39.219343 10.265701 19.838371 38.333928 0.27375
SEG 9.047272 21.324011 39.219343 11.106615 20.552033 39.065924 0.27375
SEG 9.1326088 22.62492 0.93985131 9.5184966 19.824947 0.8793233 0.38043
SEG 9.1659322 39.657979 15.37103 9.5365698 38.141107 16.328302 0.320446
SEG 9.177557 39.10771 21.792924 10.109047 39.475876 19.521116 0.322872
SEG 9.2371573 27.402711 39.456917 10.9375 26.5625 39.0625 0.274337
SEG 9.2659071 34.462875 0.92228527 10.490737 36.3914 0.2631129 0.263063
SEG 9.3234324 16.49054 0.94560963 11.128048 14.229558 1.8139116 0.314416
SEG 9.4644593 1.6762396 13.468162 10.3035 0.35362675 12.270556 0.344617
SEG 9.4644593 1.6762396 13.468162 10.304147 0.35363712 12.269176 0.344617
SEG 9.5656806 29.716094 38.462832 10.750095 30.830874 39.246967 0.263063
SEG 9.5656806 29.716094 38.462832 10.899066 28.807439 39.685197 0.274337
SEG 9.5692039 29.713481 39.637421 10.089293 28.034752 39.685499 0.273931
SEG 9.5900576 12.963217 39.226153 11.24377 11.363715 39.241096 0.271009
SEG 9.6157324 9.7248994 39.247191 11.509948 8.6109665 39.246042 0.282397
SEG 9.6318854 5.3295299 0.91718347 11.128048 4.9246391 1.8139116 0.314416
SEG 9.6875 39.6875 1.5625 12.124594 39.263947 2.660678 0.263063
SEG 9.7464704 0.34468863 13.458961 11.66682 0.43043862 12.247184 0.344617
SEG 9.813778 33.864676 39.647793 11.85056 33.751781 39.252365 0.263063
SEG 9.8239452 7.0733572 39.256157 10.91347 5.3041455 39.404842 0.263063
SEG 9.9274147 39.317473 15.378193 12.893611 39.506782 15.265352 0.263063
SEG 9.9431317 20.478634 39.068643 10.125714 18.602411 38.443984 0.287919
SEG 9.9588228 36.854625 39.668691 10.655755 34.492025 39.650667 0.263063
SEG 9.9860356 37.577364 0.80768793 10.999114 35.384339 0.81145571 0.263063
SEG 9.9860356 37.577364 0.80768793 11.8489 35.645875 0.88302567 0.263063
SEG 9.9860356 37.577364 0.80768793 10.052874 34.893853 0.9109254 0.263063
SEG 10.052874 34.893853 0.9109254 11.733331 34.301405 0.60456053 0.341306
SEG 10.089293 28.034752 39.685499 10.9375 26.5625 39.0625 0.274337
SEG 10.116901 5.9882122 39.399281 10.656095 7.8480784 39.250426 0.263063
SEG 10.126288 27.161591 0.36326128 11.717041 28.051105 0.97976358 0.341306
SEG 10.265701 19.838371 38.333928 11.312369 18.434784 38.440698 0.279869
SEG 10.289283 13.890878 39.224025 12.237816 12.30213 39.385614 0.271009
SEG 10.3035 0.35362675 12.270556 11.128048 1.8229994 11.118831 0.314416
SEG 10.304147 0.35363712 12.269176 11.128048 1.8229994 11.118831 0.314416
SEG 10.427459 10.54124 39.243697 11.509948 8.6109665 39.246042 0.282397
SEG 10.427459 10.54124 39.243697 12.387303 9.3568268 39.242746 0.263063
SEG 10.490737 36.3914 0.2631129 11.733331 34.301405 0.60456053 0.263063
SEG 10.529597 38.619924 29.228229 12.631328 39.568431 28.861673 0.263063
SEG 10.529597 38.619924 29.228229 12.605634 39.575876 30.059028 0.263063
SEG 10.598699 25.668856 39.223263 10.774589 23.242025 39.430411 0.271009
SEG 10.689369 39.709591 29.361032 12.631328 39.568431 28.861673 0.263063
SEG 10.689369 39.709591 29.361032 12.605634 39.575876 30.059028 0.263063
SEG 10.689369 39.709591 29.361032 12.660117 39.561535 27.6264 0.263063
SEG 10.750095 30.830874 39.246967 12.434988 30.427952 39.685918 0.263063
SEG 10.750095 30.830874 39.246967 10.899066 28.807439 39.685197 0.263063
SEG 10.757364 38.941668 2.8268802 12.42383 39.541906 3.9992547 0.263063
SEG 10.771939 23.242005 38.231224 11.227692 24.692209 39.222017 0.271009
SEG 10.771939 23.242005 38.231224 12.249282 22.599034 39.220696 0.271009
SEG 10.9375 26.5625 39.0625 11.227692 24.692209 39.222017 0.271009
SEG 10.945368 14.852885 39.222531 12.881501 13.021495 39.237894 0.271009
SEG 10.987881 2.2701891 0.35309268 12.210548 3.6810883 0.26310982 0.263063
SEG 10.999055 2.2857496 0.35600919 12.369469 4.1942945 0.71372804 0.355972
SEG 10.993928 37.030833 39.671549 11.570527 35.007468 39.653928 0.263063
SEG 10.993928 37.030833 39.671549 13.448801 37.482494 39.305393 0.263063
SEG 11.011133 38.729268 11.081775 12.838206 39.491521 10.562725 0.263063
SEG 11.011133 38.729268 11.081775 12.737143 39.502383 12.267395 0.263063
SEG 11.011296 4.6998261 0.89595871 11.906858 2.5904383 0.74155654 0.263063
SEG 11.011467 12.786273 0.97670359 11.128048 11.127918 1.8139116 0.314416
SEG 11.071724 34.540087 39.260563 12.547502 35.392189 39.657061 0.263063
SEG 11.106615 20.552033 39.065924 12.5751 21.477336 39.220425 0.271009
SEG 11.128048 1.8229994 11.118831 11.66682 0.43043862 12.247184 0.314416
SEG 11.128048 4.9246391 1.8139116 12.369469 4.1942945 0.71372804 0.314416
SEG 11.128048 4.9246391 1.8139116 11.199414 2.8659717 1.8864611 0.314416
SEG 11.128048 11.127918 1.8139116 14.229688 11.127918 1.8139116 0.314416
SEG 11.128048 11.127918 1.8139116 14.229688 11.127918 1.8139116 0.314416
SEG 11.128048 29.737756 1.8139116 11.717041 28.051105 0.97976358 0.314416
SEG 11.128048 29.737756 1.8139116 13.303242 29.342339 0.97312761 0.314416
SEG 11.128048 29.737756 1.8139116 14.229688 29.737756 1.8139116 0.314416
SEG 11.128048 29.737756 1.8139116 11.717041 28.051105 0.97976358 0.314416
SEG 11.128048 29.737756 1.8139116 13.303242 29.342339 0.97312761 0.314416
SEG 11.128048 29.737756 1.8139116 14.229688 29.737756 1.8139116 0.314416
SEG 11.199414 2.8659717 1.8864611 11.428603 4.5093246 0.88953768 0.355972
SEG 11.199414 2.8659717 1.8864611 12.210548 3.6810883 0.26310982 0.263063
SEG 11.24377 11.363715 39.241096 12.411935 12.411935 38.332674 0.287945
SEG 11.24377 11.363715 39.241096 12.387303 9.3568268 39.242746 0.263063
SEG 11.312369 18.434784 38.440698 12.681508 19.150505 39.22035 0.271009
SEG 11.312369 18.434784 38.440698 12.053841 16.905447 39.220891 0.281884
SEG 11.345805 38.984702 15.388148 12.884719 39.512892 16.751986 0.263063
SEG 11.345805 38.984702 15.388148 12.891455 39.500831 13.734086 0.263063
SEG 11.423137 39.05296 19.552062 12.867653 39.519023 18.210781 0.263063
SEG 11.423137 39.05296 19.552062 12.817571 39.531001 21.026948 0.263063
SEG 11.428603 4.5093246 0.88953768 11.906858 2.5904383 0.74155654 0.263063
SEG 11.428603 4.5093246 0.88953768 13.609767 4.3594033 0.34135616 0.341306
SEG 11.570527 35.007468 39.653928 12.678576 32.998739 39.246249 0.263063
SEG 11.596591 30.056998 39.243753 13.172597 31.262351 39.686987 0.274337
SEG 11.65153 39.304704 8.2068158 12.838206 39.491521 10.562725 0.263063
SEG 11.65153 39.304704 8.2068158 12.566473 39.509521 5.5945451 0.263063
SEG 11.66682 0.43043862 12.247184 13.402846 0.44889095 12.965992 0.328402
SEG 11.680076 29.605875 39.685334 13.344277 28.540944 39.239668 0.263063
SEG 11.733331 34.301405 0.60456053 12.892542 35.972319 0.86755465 0.341306
SEG 11.85056 33.751781 39.252365 12.547502 35.392189 39.657061 0.263063
SEG 11.906858 2.5904383 0.74155654 13.306269 3.9160536 0.86183912 0.263063
SEG 12.036241 37.157627 39.673945 12.547502 35.392189 39.657061 0.263063
SEG 12.036241 37.157627 39.673945 13.560142 35.669771 39.659808 0.263063
SEG 12.036241 37.157627 39.673945 14.082449 36.569089 39.28312 0.263063
SEG 12.053841 16.905447 39.220891 13.654175 17.937804 38.437719 0.281884
SEG 12.210548 3.6810883 0.26310982 14.233518 3.6939717 0.84983358 0.263063
SEG 12.240788 8.0734715 39.352926 13.345538 6.4353699 39.245798 0.273054
SEG 12.240788 8.0734715 39.352926 14.229688 8.0262787 39.033587 0.282397
SEG 12.240788 8.0734715 39.352926 14.215281 7.1616568 39.24047 0.273054
SEG 12.249282 22.599034 39.220696 12.271261 20.64207 39.06425 0.271009
SEG 12.249282 22.599034 39.220696 13.434692 20.758211 39.063288 0.271009
SEG 12.271261 20.64207 39.06425 13.488547 19.319031 38.266173 0.287919
SEG 12.381274 11.330202 0.97870162 14.229688 11.127918 1.8139116 0.314416
SEG 12.381274 11.330202 0.97870162 14.229688 11.127918 1.8139116 0.314416
SEG 12.411935 12.411935 38.332674 13.700216 13.855151 39.23702 0.287945
SEG 12.411935 12.411935 38.332674 14.229904 10.77333 39.238582 0.263063
SEG 12.42383 39.541906 3.9992547 13.279205 39.07148 2.5963219 0.263063
SEG 12.42383 39.541906 3.9992547 14.577614 39.120647 2.5077965 0.263063
SEG 12.434988 30.427952 39.685918 13.344277 28.540944 39.239668 0.263063
SEG 12.434988 30.427952 39.685918 13.561552 32.28062 39.241671 0.274337
SEG 12.446433 18.005597 39.220525 13.488547 19.319031 38.266173 0.287701
SEG 12.446433 18.005597 39.220525 12.969863 16.098476 39.463078 0.281884
SEG 12.446433 18.005597 39.220525 12.968981 16.098421 38.323467 0.281884
SEG 12.49104 18.220733 38.438758 12.968981 16.098421 38.323467 0.281884
SEG 12.49104 18.220733 38.438758 12.726747 20.318415 39.220321 0.271009
SEG 12.528985 38.619127 11.042273 12.777479 39.490387 8.9255099 0.263063
SEG 12.541723 5.649698 39.253202 14.251815 5.5036785 39.366748 0.273054
SEG 12.541723 5.649698 39.253202 14.25177 5.4885963 38.247254 0.273054
SEG 12.541723 5.649698 39.253202 13.652698 3.7703717 39.427909 0.263063
SEG 12.5751 21.477336 39.220425 14.59337 20.917105 39.06279 0.271009
SEG 12.583847 39.584001 31.207439 12.8125 39.0625 33.4375 0.263063
SEG 12.678576 32.998739 39.246249 13.172597 31.262351 39.686987 0.271196
SEG 12.681508 19.150505 39.22035 13.654175 17.937804 38.437719 0.271009
SEG 12.681508 19.150505 39.22035 13.434692 20.758211 39.063288 0.271009
SEG 12.691097 4.1919817 39.419641 13.345538 6.4353699 39.245798 0.263063
SEG 12.726747 20.318415 39.220321 14.59337 20.917105 39.06279 0.271009
SEG 12.737143 39.502383 12.267395 14.063881 38.543129 11.00619 0.263063
SEG 12.777479 39.490387 8.9255099 14.063881 38.543129 11.00619 0.263063
SEG 12.782438 38.790939 19.579725 12.787463 39.536924 22.400008 0.263063
SEG 12.793188 38.760669 15.395173 12.891455 39.500831 13.734086 0.263063
SEG 12.793188 38.760669 15.395173 12.867653 39.519023 18.210781 0.263063
SEG 12.817571 39.531001 21.026948 14.155478 38.613896 19.60292 0.263063
SEG 12.838206 39.491521 10.562725 15.612264 38.491699 10.976022 0.263063
SEG 12.867653 39.519023 18.210781 14.155478 38.613896 19.60292 0.263063
SEG 12.881501 13.021495 39.237894 14.229904 10.77333 39.238582 0.263063
SEG 12.884719 39.512892 16.751986 14.236042 38.609082 15.399711 0.263063
SEG 12.891455 39.500831 13.734086 14.236042 38.609082 15.399711 0.263063
SEG 12.892542 35.972319 0.86755465 14.900121 37.359487 0.73573035 0.263063
SEG 12.968981 16.098421 38.323467 13.654175 17.937804 38.437719 0.281884
SEG 12.969863 16.098476 39.463078 14.516265 14.692911 39.236476 0.281884
SEG 13.08194 37.252553 39.675971 14.610755 35.734328 39.463491 0.276554
SEG 13.172597 31.262351 39.686987 14.77457 31.408284 38.486507 0.274337
SEG 13.345538 6.4353699 39.245798 14.229688 8.0262787 39.033587 0.273054
SEG 13.402846 0.44889095 12.965992 16.363029 0.55498546 12.181899 0.328402
SEG 13.448801 37.482494 39.305393 13.560142 35.669771 39.659808 0.263063
SEG 13.488547 19.319031 38.266173 14.59337 20.917105 39.06279 0.287919
SEG 13.560142 35.669771 39.659808 15.282084 34.696256 39.252553 0.263063
SEG 13.561552 32.28062 39.241671 15.549539 33.508708 39.693047 0.274337
SEG 13.652698 3.7703717 39.427909 14.251815 5.5036785 39.366748 0.263063
SEG 13.652698 3.7703717 39.427909 14.25177 5.4885963 38.247254 0.263063
SEG 13.756236 4.3191438 0.34133419 15.218281 3.5088783 0.83874881 0.341306
SEG 13.726293 36.190664 0.85622774 14.546538 38.0621 0.45413494 0.341306
SEG 13.909813 32.083104 39.688579 15.474313 31.009512 39.235947 0.271196
SEG 14.155478 38.613896 19.60292 16.367284 39.062692 20.500287 0.328889
SEG 14.161429 25.671639 39.236679 15.18819 27.114715 39.23771 0.287894
SEG 14.161429 25.671639 39.236679 14.252086 27.811206 39.238485 0.263063
SEG 14.173982 10.166644 0.96567044 16.053327 7.9222546 1.9183859 0.381405
SEG 14.215281 7.1616568 39.24047 14.25177 5.4885963 38.247254 0.273054
SEG 14.229688 1.8229994 17.32211 16.21007 0.63061703 16.724023 0.314416
SEG 14.229688 8.0262787 39.033587 16.196697 8.4194843 39.276606 0.314416
SEG 14.229688 11.127918 1.8139116 15.819386 9.5146407 0.95080595 0.314416
SEG 14.229688 11.127918 1.8139116 15.819386 9.5146407 0.95080595 0.314416
SEG 14.229688 29.737756 1.8139116 16.968393 29.719983 1.1176739 0.280546
SEG 14.233518 3.6939717 0.84983358 15.638508 2.2304439 0.35759343 0.357554
SEG 14.233518 3.6939717 0.84983358 15.971705 2.67104 1.6690022 0.357554
SEG 14.236042 38.609082 15.399711 16.352478 38.28976 16.397316 0.341959
SEG 14.251815 5.5036785 39.366748 14.632774 7.4562893 39.23877 0.277747
SEG 14.546538 38.0621 0.45413494 15.621052 36.55809 0.8347219 0.341306
SEG 14.546538 38.0621 0.45413494 15.088562 36.237185 0.26311139 0.263063
SEG 14.577614 39.120647 2.5077965 17.05373 39.688297 3.3585183 0.263063
SEG 14.610755 35.734328 39.463491 15.549539 33.508708 39.693047 0.274337
SEG 14.613471 31.523106 39.420991 15.549539 33.508708 39.693047 0.271196
SEG 14.632774 7.4562893 39.23877 16.270049 8.4461478 38.132425 0.314416
SEG 14.639991 3.4130473 39.436315 16.029031 4.4526951 39.260813 0.263063
SEG 14.686896 32.853977 39.690679 16.065562 33.893625 39.244544 0.274337
SEG 14.686896 32.853977 39.690679 14.77457 31.408284 38.486507 0.274337
SEG 14.686896 32.853977 39.690679 15.282084 34.696256 39.252553 0.274337
SEG 14.77457 31.408284 38.486507 16.507753 30.488988 39.234309 0.271196
SEG 14.784533 17.547077 38.437245 16.242568 16.393429 39.31704 0.293419
SEG 14.900121 37.359487 0.73573035 16.701744 36.699382 0.82554496 0.263063
SEG 14.900121 37.359487 0.73573035 17.26383 36.743027 0.82258252 0.263063
SEG 14.975559 24.831812 39.23628 16.162432 26.469613 39.237235 0.263063
SEG 14.975559 24.831812 39.23628 15.18819 27.114715 39.23771 0.287894
SEG 15.088562 36.237185 0.26311139 16.701744 36.699382 0.82554496 0.263063
SEG 15.088562 36.237185 0.26311139 16.489887 34.894268 0.34362422 0.263063
SEG 15.09018 30.234512 0.95723585 16.968393 29.719983 1.1176739 0.280546
SEG 15.201365 11.418973 39.237388 16.098476 12.969863 39.463078 0.263063
SEG 15.201365 11.418973 39.237388 16.098421 12.968981 38.323467 0.263063
SEG 15.282084 34.696256 39.252553 16.764516 33.869931 38.641963 0.263063
SEG 15.294075 26.422698 39.223457 17.185968 25.904482 39.236974 0.263063
SEG 15.294075 26.422698 39.223457 15.78311 23.985488 39.236074 0.287945
SEG 15.328113 15.535093 39.23617 16.565911 16.294129 38.340211 0.287945
SEG 15.328113 15.535093 39.23617 15.83904 16.984334 38.437084 0.287945
SEG 15.328113 15.535093 39.23617 17.369154 15.173849 38.437164 0.287945
SEG 15.526989 38.492389 19.621198 17.259411 39.659997 19.249084 0.328889
SEG 15.526989 38.492389 19.621198 17.249189 39.664579 20.633904 0.328889
SEG 15.612264 38.491699 10.976022 17.242506 39.632937 10.194123 0.30493
SEG 15.612264 38.491699 10.976022 17.261149 39.637212 11.808872 0.30493
SEG 15.621052 36.55809 0.8347219 17.331327 35.941036 1.8139116 0.314416
SEG 15.63125 36.012178 39.664016 16.065562 33.893625 39.244544 0.263063
SEG 15.63125 36.012178 39.664016 16.635018 33.921907 39.693551 0.263063
SEG 15.68682 2.2243167 0.35758547 17.131822 3.2565313 0.82261245 0.357554
SEG 15.703259 2.2232056 0.35759858 18.062066 3.1794918 0.81753801 0.357554
SEG 15.693463 38.504595 15.402486 17.274641 39.645844 14.898469 0.30493
SEG 15.693463 38.504595 15.402486 17.27306 39.650565 16.377405 0.30493
SEG 15.7391 21.151227 39.062574 16.580061 23.129367 39.235993 0.287919
SEG 15.78311 23.985488 39.236074 16.394939 22.292728 38.812618 0.287945
SEG 15.83904 16.984334 38.437084 17.675995 18.140525 39.235991 0.287945
SEG 15.892999 39.158807 2.4380707 17.118841 39.65234 5.1311656 0.263063
SEG 15.971705 2.67104 1.6690022 18.062066 3.1794918 0.81753801 0.357554
SEG 16.053327 7.9222546 1.9183859 17.8125 9.0625 0.9375 0.381405
SEG 16.065562 33.893625 39.244544 16.676037 36.116657 39.665535 0.263063
SEG 16.098421 12.968981 38.323467 18.127955 12.908317 38.438297 0.281884
SEG 16.098421 12.968981 38.323467 17.8125 14.0625 38.4375 0.281884
SEG 16.098476 12.969863 39.463078 18.127955 12.908317 38.438297 0.281884
SEG 16.196697 8.4194843 39.276606 17.495788 6.1288409 39.241258 0.276896
SEG 16.215461 11.998158 39.236608 18.127955 12.908317 38.438297 0.281884
SEG 16.242568 16.393429 39.31704 17.369154 15.173849 38.437164 0.293419
SEG 16.352478 38.28976 16.397316 17.267662 39.655307 17.826859 0.30493
SEG 16.352478 38.28976 16.397316 17.274641 39.645844 14.898469 0.30493
SEG 16.367284 39.062692 20.500287 18.289828 38.362872 19.643163 0.328889
SEG 16.394939 22.292728 38.812618 18.065417 21.32487 39.236004 0.287945
SEG 16.394939 22.292728 38.812618 18.46903 23.154937 39.062508 0.287919
SEG 16.489887 34.894268 0.34362422 16.701744 36.699382 0.82554496 0.341306
SEG 16.489887 34.894268 0.34362422 17.331327 35.941036 1.8139116 0.314416
SEG 16.507753 30.488988 39.234309 16.967333 33.21286 39.239424 0.271196
SEG 16.565911 16.294129 38.340211 17.675995 18.140525 39.235991 0.287945
SEG 16.580061 23.129367 39.235993 18.46903 23.154937 39.062508 0.287919
SEG 16.580061 23.129367 39.235993 18.848773 24.2609 39.062574 0.287919
SEG 16.635018 33.921907 39.693551 17.971304 32.677141 39.236272 0.276554
SEG 16.635018 33.921907 39.693551 16.676037 36.116657 39.665535 0.263063
SEG 16.764516 33.869931 38.641963 17.971304 32.677141 39.236272 0.263063
SEG 16.845063 21.53097 39.062508 18.545331 20.258854 39.236023 0.287919
SEG 16.905336 38.411143 19.634626 17.267662 39.655307 17.826859 0.30493
SEG 16.920881 17.248051 39.235983 17.369154 15.173849 38.437164 0.287945
SEG 16.946943 1.2247024 20.439616 18.592271 0.40142244 20.942683 0.31671
SEG 16.968393 29.719983 1.1176739 19.12488 31.075372 0.93311584 0.280546
SEG 17.098025 30.814606 0.94150679 17.331327 32.839396 1.8139116 0.314416
SEG 17.118841 39.65234 5.1311656 18.116717 39.19841 2.3646217 0.263063
SEG 17.153057 38.436908 15.40402 17.271182 39.64126 13.371019 0.30493
SEG 17.174532 38.458897 10.953668 17.213688 39.633921 8.5431308 0.30493
SEG 17.174532 38.458897 10.953668 17.271182 39.64126 13.371019 0.30493
SEG 17.185968 25.904482 39.236974 19.241789 26.565308 39.063288 0.263063
SEG 17.185968 25.904482 39.236974 18.848773 24.2609 39.062574 0.263063
SEG 17.194971 8.8655423 39.23225 18.691218 9.3592991 38.447065 0.273054
SEG 17.194971 8.8655423 39.23225 18.809159 8.1648042 38.453921 0.273054
SEG 17.194971 8.8655423 39.23225 18.545826 10.549788 38.442612 0.273054
SEG 17.242506 39.632937 10.194123 18.742332 38.441438 10.940574 0.30493
SEG 17.249189 39.664579 20.633904 18.289828 38.362872 19.643163 0.328889
SEG 17.261149 39.637212 11.808872 18.742332 38.441438 10.940574 0.30493
SEG 17.27306 39.650565 16.377405 18.618953 38.399186 15.404752 0.30493
SEG 17.274641 39.645844 14.898469 18.618953 38.399186 15.404752 0.30493
SEG 17.278373 12.482494 39.236133 17.8125 14.0625 38.4375 0.263063
SEG 17.278373 12.482494 39.236133 18.545826 10.549788 38.442612 0.263063
SEG 17.331327 32.839396 1.8139116 19.12488 31.075372 0.93311584 0.314416
SEG 17.331327 35.941036 1.8139116 18.628502 36.84899 0.81539009 0.314416
SEG 17.495788 6.1288409 39.241258 18.905654 6.9677002 38.464064 0.276896
SEG 17.5936 30.077879 39.233255 19.447967 28.893385 39.065924 0.271196
SEG 17.8125 9.0625 0.9375 19.824947 9.5184966 0.8793233 0.38043
SEG 17.8125 14.0625 38.4375 19.449863 13.21686 39.333135 0.28784
SEG 17.894667 0.50146486 12.214053 19.707424 1.7698306 12.579188 0.353586
SEG 17.894667 0.50146486 12.214053 20.632149 1.0789655 11.852807 0.305738
SEG 17.894667 0.50146486 12.214053 20.629849 1.0696748 13.392527 0.305738
SEG 17.971304 32.677141 39.236272 19.73124 33.520932 39.088535 0.276554
SEG 18.065417 21.32487 39.236004 18.46903 23.154937 39.062508 0.287919
SEG 18.065417 21.32487 39.236004 18.32846 19.110333 39.236014 0.287945
SEG 18.270384 25.466438 39.23685 19.844751 26.379356 39.282425 0.263063
SEG 18.270384 25.466438 39.23685 19.35793 27.728739 39.06425 0.263063
SEG 18.289828 38.362872 19.643163 20.530655 38.789886 19.966346 0.328889
SEG 18.302677 9.2039054 39.231179 19.838366 10.268688 39.46376 0.273054
SEG 18.302677 9.2039054 39.231179 19.838371 10.265701 38.333928 0.273054
SEG 18.302677 9.2039054 39.231179 19.505667 7.1615545 39.234796 0.273054
SEG 18.32846 19.110333 39.236014 20.273042 20.273042 39.130842 0.287945
SEG 18.363369 11.734256 38.439866 19.319031 13.488547 38.266173 0.293419
SEG 18.363369 11.734256 38.439866 19.449863 13.21686 39.333135 0.28784
SEG 18.392827 12.834752 39.235877 18.545826 10.549788 38.442612 0.287843
SEG 18.545331 20.258854 39.236023 20.9375 19.0625 39.6875 0.282761
SEG 18.592271 0.40142244 20.942683 19.777114 1.4915318 20.367629 0.318935
SEG 18.592271 0.40142244 20.942683 20.634345 1.0073088 20.600497 0.32564
SEG 18.628502 36.84899 0.81539009 20.432967 35.941036 1.8139116 0.314416
SEG 18.628502 36.84899 0.81539009 20.867456 36.188831 0.26310917 0.263063
SEG 18.691218 9.3592991 38.447065 19.838366 10.268688 39.46376 0.279869
SEG 18.691218 9.3592991 38.447065 20.738712 9.2704271 39.46083 0.273054
SEG 18.722731 29.805808 39.232659 19.35793 27.728739 39.06425 0.271196
SEG 18.722731 29.805808 39.232659 19.058731 32.31991 39.234554 0.271196
SEG 18.722731 29.805808 39.232659 19.644725 32.373847 39.079178 0.271196
SEG 18.742332 38.441438 10.940574 20.903236 39.611153 11.471943 0.266447
SEG 18.809159 8.1648042 38.453921 20.650365 7.137834 39.234904 0.276896
SEG 18.848773 24.2609 39.062574 20.583312 25.219986 39.236806 0.263063
SEG 18.905654 6.9677002 38.464064 20.650365 7.137834 39.234904 0.276896
SEG 19.031553 39.692984 27.173813 20.925401 39.664715 26.948209 0.266447
SEG 19.031553 39.692984 27.173813 20.929087 39.669913 28.164535 0.266447
SEG 19.031553 39.692984 27.173813 20.921401 39.659689 25.693314 0.266447
SEG 19.055979 39.692931 27.173633 20.925401 39.664715 26.948209 0.266447
SEG 19.055979 39.692931 27.173633 20.929087 39.669913 28.164535 0.266447
SEG 19.055979 39.692931 27.173633 20.921401 39.659689 25.693314 0.266447
SEG 19.058731 32.31991 39.234554 19.701552 29.877911 39.150545 0.271196
SEG 19.06147 3.1352418 0.81428549 20.432967 1.8229994 1.8139116 0.314416
SEG 19.061929 1.836469 30.592803 20.654784 0.89445508 30.816961 0.305738
SEG 19.061929 1.836469 30.592803 20.652861 0.9112763 29.634035 0.305738
SEG 19.0625 38.4375 27.1875 20.925401 39.664715 26.948209 0.266447
SEG 19.0625 38.4375 27.1875 20.929087 39.669913 28.164535 0.266447
SEG 19.0625 38.4375 27.1875 20.921401 39.659689 25.693314 0.266447
SEG 19.12488 31.075372 0.93311584 20.432967 29.737756 1.8139116 0.314416
SEG 19.198563 38.316227 30.653523 20.963946 39.692339 30.731078 0.274686
SEG 19.198563 38.316227 30.653523 20.971051 39.69364 30.507693 0.266447
SEG 19.198563 38.316227 30.653523 20.889628 39.686013 29.378903 0.266447
SEG 19.235753 39.20708 2.3483783 20.985193 39.733507 2.1723021 0.263063
SEG 19.235753 39.20708 2.3483783 20.981073 39.67051 3.0476132 0.263063
SEG 19.235753 39.20708 2.3483783 20.950508 39.707262 1.5717946 0.263063
SEG 19.241789 26.565308 39.063288 20.583312 25.219986 39.236806 0.263063
SEG 19.319031 13.488547 38.266173 20.716561 12.98913 39.235785 0.263063
SEG 19.319031 13.488547 38.266173 20.163508 14.611029 39.687644 0.282761
SEG 19.409287 0.70000204 16.665806 20.628981 1.0582294 14.900582 0.305738
SEG 19.447647 9.380696 39.230677 21.05314 10.279159 39.689537 0.279869
SEG 19.447647 9.380696 39.230677 19.505667 7.1615545 39.234796 0.276896
SEG 19.447967 28.893385 39.065924 21.043565 29.769888 39.232587 0.271196
SEG 19.447967 28.893385 39.065924 19.844751 26.379356 39.282425 0.287919
SEG 19.449863 13.21686 39.333135 21.493452 12.512842 39.688024 0.28784
SEG 19.558045 0.57711351 12.163832 20.636272 1.0841572 10.264997 0.305738
SEG 19.5845 31.216782 39.072852 21.043565 29.769888 39.232587 0.271196
SEG 19.5845 31.216782 39.072852 21.336934 32.416622 39.234995 0.276554
SEG 19.622932 0.52712095 8.1123799 21.66888 0.37913992 7.2899663 0.358655
SEG 19.676956 38.343214 19.646775 20.901859 39.635194 18.966775 0.266447
SEG 19.676956 38.343214 19.646775 20.90513 39.640155 20.366109 0.266447
SEG 19.707424 1.7698306 12.579188 20.628981 1.0582294 14.900582 0.305738
SEG 19.73124 33.520932 39.088535 20.974665 34.963123 39.245589 0.276365
SEG 19.73124 33.520932 39.088535 21.336934 32.416622 39.234995 0.276554
SEG 19.755167 1.3544817 27.948882 20.652861 0.9112763 29.634035 0.299116
SEG 19.755167 1.3544817 27.948882 20.64533 0.95532773 25.890428 0.299116
SEG 19.755167 1.3544817 27.948882 20.243854 1.826433 30.593456 0.279755
SEG 19.757837 1.4518151 24.15631 20.64533 0.95532773 25.890428 0.305738
SEG 19.757837 1.4518151 24.15631 20.6369 0.99449942 21.956327 0.305738
SEG 19.777114 1.4915318 20.367629 20.6369 0.99449942 21.956327 0.305738
SEG 19.777114 1.4915318 20.367629 21.366097 0.40165704 20.942858 0.318935
SEG 19.796899 36.32836 39.685038 21.445931 35.971248 39.261532 0.263063
SEG 19.796899 36.32836 39.685038 20.974665 34.963123 39.245589 0.263063
SEG 19.796899 36.32836 39.685038 19.948635 34.494989 39.170861 0.263063
SEG 19.824947 9.5184966 0.8793233 20.432967 11.127918 1.8139116 0.314416
SEG 19.824947 9.5184966 0.8793233 20.432967 11.127918 1.8139116 0.314416
SEG 19.838366 10.268688 39.46376 21.254482 11.397691 39.688606 0.279869
SEG 19.838371 10.265701 38.333928 20.738712 9.2704271 39.46083 0.273054
SEG 19.838371 10.265701 38.333928 21.05314 10.279159 39.689537 0.279869
SEG 19.844751 26.379356 39.282425 21.726866 25.464962 39.23685 0.263063
SEG 19.850025 8.9025781 0.93219433 20.432967 11.127918 1.8139116 0.314416
SEG 19.850025 8.9025781 0.93219433 20.432967 11.127918 1.8139116 0.314416
SEG 19.948635 34.494989 39.170861 21.735985 34.619128 38.485099 0.287919
SEG 19.948635 34.494989 39.170861 20.872292 36.244633 39.667593 0.263063
SEG 19.949722 0.3796081 7.2770314 22.353821 0.52715208 8.0276249 0.37809
SEG 19.978814 0.40543939 20.945678 20.632104 1.0202181 19.21213 0.305738
SEG 19.978814 0.40543939 20.945678 20.639658 0.98163484 23.290769 0.305738
SEG 20.132471 13.468242 39.687852 21.864358 12.768551 39.23592 0.263063
SEG 20.163508 14.611029 39.687644 20.716561 12.98913 39.235785 0.263063
SEG 20.163508 14.611029 39.687644 21.793462 13.614425 39.687683 0.282608
SEG 20.204301 32.215334 39.234116 21.913132 32.464292 38.45909 0.276554
SEG 20.243854 1.826433 30.593456 20.650592 0.92690432 28.408865 0.279755
SEG 20.273042 20.273042 39.130842 21.669855 19.109157 39.236014 0.287945
SEG 20.273042 20.273042 39.130842 21.972591 19.549382 39.687499 0.287855
SEG 20.3125 38.4375 10.9375 20.910132 39.608608 9.8499306 0.266447
SEG 20.3125 38.4375 10.9375 20.930734 39.621165 13.058007 0.266447
SEG 20.3125 38.4375 10.9375 20.940868 39.612904 8.1774226 0.266447
SEG 20.338215 16.882548 39.694929 22.292735 16.394966 39.66921 0.282761
SEG 20.338215 16.882548 39.694929 22.293656 16.394197 39.669248 0.282761
SEG 20.338215 16.882548 39.694929 22.292728 16.394939 38.812618 0.282761
SEG 20.358232 39.208409 2.3458827 20.953824 39.634567 4.7508097 0.263063
SEG 20.432967 1.8229994 1.8139116 20.839541 3.3297936 0.86566796 0.314416
SEG 20.432967 1.8229994 1.8139116 21.885152 3.1761906 0.81731023 0.314416
SEG 20.432967 1.8229994 8.0171909 21.66888 0.37913992 7.2899663 0.314416
SEG 20.432967 1.8229994 8.0171909 20.636272 1.0841572 10.264997 0.305738
SEG 20.432967 11.127918 1.8139116 21.667748 8.9918067 0.93535029 0.314416
SEG 20.432967 11.127918 1.8139116 21.667748 8.9918067 0.93535029 0.314416
SEG 20.432967 29.737756 1.8139116 21.168865 31.055401 0.93379082 0.314416
SEG 20.432967 35.941036 1.8139116 22.495769 36.77738 0.82032372 0.314416
SEG 20.445823 36.862462 0.8145538 20.929096 38.673417 1.2903525 0.263063
SEG 20.445823 36.862462 0.8145538 21.987963 35.432189 0.26311179 0.263063
SEG 20.450618 18.027409 39.687499 21.972591 19.549382 39.687499 0.282761
SEG 20.453406 38.172067 30.593348 20.889628 39.686013 29.378903 0.266447
SEG 20.453406 38.172067 30.593348 21.76997 39.725257 30.756907 0.274686
SEG 20.530655 38.789886 19.966346 22.452438 38.384972 19.639201 0.328889
SEG 20.530655 38.789886 19.966346 20.908916 39.645058 21.741092 0.266447
SEG 20.563021 36.874478 0.81360211 20.929096 38.673417 1.2903525 0.263063
SEG 20.563021 36.874478 0.81360211 21.98801 35.432145 0.26309496 0.263063
SEG 20.590237 4.3229893 39.306791 22.899897 3.8498958 39.666045 0.263063
SEG 20.590237 4.3229893 39.306791 21.703317 6.6883215 39.237319 0.276407
SEG 20.628981 1.0582294 14.900582 22.053747 0.67263063 16.729913 0.305738
SEG 20.629849 1.0696748 13.392527 22.766679 0.52923999 12.340346 0.305738
SEG 20.630342 1.0331174 17.800615 22.053747 0.67263063 16.729913 0.305738
SEG 20.632104 1.0202181 19.21213 21.366097 0.40165704 20.942858 0.305738
SEG 20.632149 1.0789655 11.852807 22.766679 0.52923999 12.340346 0.305738
SEG 20.634345 1.0073088 20.600497 22.752571 0.38973043 20.934237 0.32564
SEG 20.636272 1.0841572 10.264997 21.162684 0.57523181 12.165479 0.305738
SEG 20.639658 0.98163484 23.290769 21.366097 0.40165704 20.942858 0.305738
SEG 20.642553 1.0815182 8.6471168 21.66888 0.37913992 7.2899663 0.305738
SEG 20.650365 7.137834 39.234904 20.738712 9.2704271 39.46083 0.273054
SEG 20.650592 0.92690432 28.408865 21.400002 1.8498242 30.591951 0.305738
SEG 20.716561 12.98913 39.235785 21.254482 11.397691 39.688606 0.263063
SEG 20.841178 39.46212 15.947877 22.480189 39.582755 17.418981 0.266447
SEG 20.867524 36.188811 0.26309232 22.495769 36.77738 0.82032372 0.263063
SEG 20.867598 36.188826 0.26310948 23.291952 36.701384 0.82552012 0.263063
SEG 20.889628 39.686013 29.378903 21.761117 38.839732 30.766528 0.266447
SEG 20.899332 39.630166 17.541694 22.522722 38.154618 17.432188 0.266447
SEG 20.899332 39.630166 17.541694 21.065052 38.350342 19.645456 0.266447
SEG 20.899332 39.630166 17.541694 21.56004 38.402301 15.404696 0.266447
SEG 20.901859 39.635194 18.966775 22.452438 38.384972 19.639201 0.266447
SEG 20.901859 39.635194 18.966775 22.480189 39.582755 17.418981 0.266447
SEG 20.903236 39.611153 11.471943 23.4481 38.469959 10.961517 0.266447
SEG 20.90513 39.640155 20.366109 22.452438 38.384972 19.639201 0.266447
SEG 20.908916 39.645058 21.741092 21.065052 38.350342 19.645456 0.266447
SEG 20.910132 39.608608 9.8499306 21.882632 38.446706 10.944618 0.266447
SEG 20.929096 38.673417 1.2903525 21.36516 36.850542 0.8153903 0.263063
SEG 20.930734 39.621165 13.058007 21.882632 38.446706 10.944618 0.266447
SEG 20.9375 19.0625 39.6875 22.322986 18.139798 39.235991 0.282761
SEG 20.950508 39.707262 1.5717946 22.602103 39.188919 2.3823354 0.263063
SEG 20.953824 39.634567 4.7508097 21.481292 39.202376 2.3572008 0.263063
SEG 20.974665 34.963123 39.245589 21.76708 33.657411 38.471316 0.276365
SEG 20.981073 39.67051 3.0476132 22.602103 39.188919 2.3823354 0.263063
SEG 20.985193 39.733507 2.1723021 22.602103 39.188919 2.3823354 0.263063
SEG 21.043565 29.769888 39.232587 22.090962 31.276531 38.45067 0.271196
SEG 21.168865 31.055401 0.93379082 23.534607 32.839396 1.8139116 0.314416
SEG 21.254482 11.397691 39.688606 22.966954 12.383004 39.23622 0.263063
SEG 21.667748 8.9918067 0.93535029 23.18936 10.255573 1.7071431 0.369556
SEG 21.726866 25.464962 39.23685 23.354935 26.664385 38.438217 0.263063
SEG 21.726866 25.464962 39.23685 23.93241 25.616049 38.437659 0.263063
SEG 21.735985 34.619128 38.485099 21.921661 36.208223 39.66698 0.263063
SEG 21.75596 9.1904277 39.231219 22.1875 7.1875 39.0625 0.273054
SEG 21.76708 33.657411 38.471316 23.381713 33.440712 39.240998 0.276554
SEG 21.793462 13.614425 39.687683 22.966954 12.383004 39.23622 0.263063
SEG 21.851713 3.7881869 39.667035 23.457838 5.2649752 39.249797 0.263063
SEG 21.851713 3.7881869 39.667035 24.089831 4.3368823 39.262713 0.263063
SEG 21.851713 3.7881869 39.667035 22.650438 6.0566822 39.241911 0.263063
SEG 21.885152 3.1761906 0.81731023 23.604766 2.5830003 1.7936131 0.385125
SEG 21.913132 32.464292 38.45909 23.381713 33.440712 39.240998 0.276554
SEG 21.972591 19.549382 39.687499 23.078375 17.247558 39.235983 0.287855
SEG 21.98801 35.432145 0.26309496 23.291952 36.701384 0.82552012 0.263063
SEG 22.090962 31.276531 38.45067 22.404538 32.844701 39.237187 0.276554
SEG 22.090962 31.276531 38.45067 23.848865 31.969943 38.323745 0.293478
SEG 22.1875 7.1875 39.0625 23.916064 8.3652478 39.234143 0.273054
SEG 22.1875 7.1875 39.0625 23.457838 5.2649752 39.249797 0.276896
SEG 22.1875 14.6875 39.6875 22.293656 16.394197 39.669248 0.282608
SEG 22.1875 14.6875 39.6875 22.292735 16.394966 39.66921 0.282608
SEG 22.1875 14.6875 39.6875 22.292728 16.394939 38.812618 0.282608
SEG 22.292728 16.394939 38.812618 22.322986 18.139798 39.235991 0.287945
SEG 22.292735 16.394966 39.66921 22.322986 18.139798 39.235991 0.287945
SEG 22.308562 30.096606 38.445079 24.324734 30.898855 39.235569 0.273288
SEG 22.404538 32.844701 39.237187 23.848889 31.962937 39.525591 0.273288
SEG 22.480189 39.582755 17.418981 23.029301 38.443621 15.403879 0.340579
SEG 22.495769 36.77738 0.82032372 23.61376 38.131742 0.59351026 0.341306
SEG 22.522722 38.154618 17.432188 23.029301 38.443621 15.403879 0.336548
SEG 22.650438 6.0566822 39.241911 22.899897 3.8498958 39.666045 0.263063
SEG 22.650438 6.0566822 39.241911 23.945933 3.9410451 39.664676 0.263063
SEG 22.678477 28.716998 38.444052 23.277736 30.396989 39.234055 0.271196
SEG 22.710728 15.715816 39.694861 24.671375 15.534814 39.23617 0.282608
SEG 22.811489 25.902544 39.236973 22.91704 27.778948 38.439389 0.263063
SEG 22.811489 25.902544 39.236973 24.6875 24.6875 38.4375 0.263063
SEG 22.86167 8.844573 39.232323 23.242025 10.774589 39.430411 0.273054
SEG 22.86167 8.844573 39.232323 23.242005 10.771939 38.231224 0.273054
SEG 22.899897 3.8498958 39.666045 24.585136 3.3420773 39.282112 0.263063
SEG 22.91704 27.778948 38.439389 23.835469 26.467614 39.237234 0.263063
SEG 22.91704 27.778948 38.439389 24.810376 27.113026 39.237709 0.263063
SEG 22.966954 12.383004 39.23622 23.242005 10.771939 38.231224 0.263063
SEG 23.029301 38.443621 15.403879 25.091605 39.628111 15.203619 0.276495
SEG 23.078375 17.247558 39.235983 23.104848 19.712312 39.687506 0.282761
SEG 23.18936 10.255573 1.7071431 25.599719 10.058676 0.96355296 0.369556
SEG 23.235518 30.742613 0.94366578 23.534607 32.839396 1.8139116 0.314416
SEG 23.242005 10.771939 38.231224 25.019707 11.279275 39.237615 0.263063
SEG 23.242025 10.774589 39.430411 25.019707 11.279275 39.237615 0.263063
SEG 23.291952 36.701384 0.82552012 25.699046 37.367006 0.73649945 0.263063
SEG 23.354935 26.664385 38.438217 24.810376 27.113026 39.237709 0.263063
SEG 23.354935 26.664385 38.438217 25.747832 27.810507 39.238484 0.263063
SEG 23.378984 0.37752743 7.3296888 25.690101 1.5148769 6.9096009 0.358655
SEG 23.378984 0.37752743 7.3296888 25.620057 1.541652 8.4900851 0.358655
SEG 23.378984 0.37752743 7.3296888 23.534607 1.8229994 4.9155513 0.314416
SEG 23.381713 33.440712 39.240998 23.848865 31.969943 38.323745 0.276554
SEG 23.43938 16.588632 39.687392 25.483283 14.692689 39.236476 0.287894
SEG 23.4481 38.469959 10.961517 25.137192 39.615826 10.577491 0.358875
SEG 23.4481 38.469959 10.961517 25.108874 39.619112 12.15812 0.276495
SEG 23.457838 5.2649752 39.249797 24.988332 4.0671387 39.662935 0.263063
SEG 23.507715 1.6523431 3.7765795 25.988195 1.1392516 2.3127152 0.360611
SEG 23.515682 1.6513035 3.7766038 25.779039 1.4556264 5.3309517 0.314416
SEG 23.515682 1.6513035 3.7766038 25.988195 1.1392516 2.3127152 0.314416
SEG 23.534607 1.8229994 4.9155513 25.779039 1.4556264 5.3309517 0.314416
SEG 23.534607 1.8229994 4.9155513 25.88214 1.3425224 3.7838324 0.314416
SEG 23.604766 2.5830003 1.7936131 24.843678 3.5194091 0.83938922 0.385125
SEG 23.604766 2.5830003 1.7936131 25.699046 2.6329938 0.73649945 0.385125
SEG 23.61376 38.131742 0.59351026 24.416588 36.550975 0.83506085 0.341306
SEG 23.61376 38.131742 0.59351026 25.699046 37.367006 0.73649945 0.263063
SEG 23.709769 0.67864046 16.662564 25.510182 1.5056576 16.117909 0.342127
SEG 23.709769 0.67864046 16.662564 25.519146 1.4891732 17.560318 0.342127
SEG 23.709769 0.67864046 16.662564 25.508334 1.5212457 14.651134 0.342127
SEG 23.717725 39.167952 2.4212152 25.570721 39.718382 2.2575798 0.263063
SEG 23.717725 39.167952 2.4212152 25.453739 39.655178 3.9073183 0.263063
SEG 23.717725 39.167952 2.4212152 25.903795 39.707258 1.5108739 0.263063
SEG 23.807836 3.3600048 0.82958622 25.699046 2.6329938 0.73649945 0.385125
SEG 23.835469 26.467614 39.237234 24.6875 24.6875 38.4375 0.263063
SEG 23.837291 38.450402 19.628005 25.124571 39.642525 19.515507 0.276495
SEG 23.837291 38.450402 19.628005 25.144072 39.647198 20.894432 0.276495
SEG 23.837291 38.450402 19.628005 25.108443 39.637787 18.11297 0.276495
SEG 23.839383 38.918332 3.8360863 25.453739 39.655178 3.9073183 0.276389
SEG 23.839383 38.918332 3.8360863 25.392156 39.640451 4.8430842 0.276389
SEG 23.848865 31.969943 38.323745 25.320039 31.489983 39.237799 0.271196
SEG 23.848889 31.962937 39.525591 24.303247 34.043915 39.470899 0.273288
SEG 23.866688 16.383779 39.236027 25.349086 17.828959 39.687504 0.282608
SEG 23.93241 25.616049 38.437659 24.810376 27.113026 39.237709 0.263063
SEG 23.945933 3.9410451 39.664676 25.220632 2.4274813 39.304984 0.263063
SEG 24.01558 36.051356 39.664571 24.303247 34.043915 39.470899 0.263063
SEG 24.017053 11.874549 39.236754 26.5625 10.9375 39.0625 0.263063
SEG 24.072628 0.50978862 20.841418 25.551743 1.4554639 20.35752 0.32564
SEG 24.072628 0.50978862 20.841418 25.57294 1.4383825 21.726844 0.32564
SEG 24.072628 0.50978862 20.841418 25.53343 1.4724115 18.969132 0.32564
SEG 24.089831 4.3368823 39.262713 26.023789 4.2412781 39.660796 0.263063
SEG 24.197118 38.605836 29.127475 25.25854 39.670876 27.432336 0.276495
SEG 24.197118 38.605836 29.127475 25.3125 39.6875 30.9375 0.276495
SEG 24.22682 39.704264 29.114918 25.25854 39.670876 27.432336 0.276495
SEG 24.22682 39.704264 29.114918 25.3125 39.6875 30.9375 0.276495
SEG 24.246113 19.790332 39.687544 25.860388 18.933773 39.239013 0.263063
SEG 24.246113 19.790332 39.687544 25.898821 21.260609 39.239023 0.263063
SEG 24.303247 34.043915 39.470899 25.057651 35.922577 39.662805 0.263063
SEG 24.324734 30.898855 39.235569 26.105152 32.678849 39.690056 0.273288
SEG 24.334995 17.30006 39.687417 24.671375 15.534814 39.23617 0.282608
SEG 24.334995 17.30006 39.687417 26.171118 17.806295 39.239112 0.263063
SEG 24.364293 0.54439507 12.189608 25.515691 1.5349865 13.158825 0.353586
SEG 24.364293 0.54439507 12.189608 25.568688 1.5491766 10.072598 0.353586
SEG 24.493903 38.515812 15.402208 25.096869 39.63295 16.672233 0.276495
SEG 24.493903 38.515812 15.402208 25.094716 39.623417 13.705064 0.276495
SEG 24.585136 3.3420773 39.282112 26.023789 4.2412781 39.660796 0.263063
SEG 24.671375 15.534814 39.23617 26.422698 15.294075 39.223457 0.287894
SEG 24.6875 24.6875 38.4375 25.955043 25.955043 39.186565 0.28787
SEG 24.843678 3.5194091 0.83938922 26.111185 4.9659379 0.99788583 0.389352
SEG 24.971407 0.5840996 16.717801 25.508334 1.5212457 14.651134 0.342127
SEG 24.971407 0.5840996 16.717801 25.53343 1.4724115 18.969132 0.342127
SEG 24.988332 4.0671387 39.662935 26.08448 2.0835265 39.48864 0.263063
SEG 24.993502 35.026207 39.256595 25.274132 33.370802 39.692374 0.273854
SEG 24.993502 35.026207 39.256595 27.112623 35.496046 39.658037 0.263063
SEG 25.006462 38.509705 10.987203 25.183662 39.614616 8.9468826 0.276495
SEG 25.006462 38.509705 10.987203 25.810214 39.335712 13.090859 0.32744
SEG 25.072479 0.3742817 7.394158 25.779039 1.4556264 5.3309517 0.360611
SEG 25.091605 39.628111 15.203619 25.810214 39.335712 13.090859 0.276495
SEG 25.091605 39.628111 15.203619 27.389824 38.784348 15.394438 0.276495
SEG 25.094716 39.623417 13.705064 25.947779 38.625254 15.399249 0.276495
SEG 25.096869 39.63295 16.672233 25.947779 38.625254 15.399249 0.276495
SEG 25.108443 39.637787 18.11297 25.215943 38.552389 19.611907 0.276495
SEG 25.108874 39.619112 12.15812 26.548636 38.569998 11.019964 0.276495
SEG 25.124571 39.642525 19.515507 26.586695 38.701104 19.590987 0.276495
SEG 25.124571 39.642525 19.515507 25.620708 39.683945 21.59915 0.276495
SEG 25.137192 39.615826 10.577491 26.548636 38.569998 11.019964 0.339535
SEG 25.144072 39.647198 20.894432 26.586695 38.701104 19.590987 0.276495
SEG 25.162543 39.652933 21.611205 25.215943 38.552389 19.611907 0.315935
SEG 25.189054 39.656453 23.584041 25.620708 39.683945 21.59915 0.276495
SEG 25.189054 39.656453 23.584041 25.669801 38.517584 21.607233 0.276495
SEG 25.19962 36.418415 0.84321974 25.882124 38.675177 1.2893049 0.263063
SEG 25.215943 38.552389 19.611907 25.669801 38.517584 21.607233 0.315935
SEG 25.220632 2.4274813 39.304984 27.042866 2.5122977 39.476329 0.263063
SEG 25.220632 2.4274813 39.304984 26.023789 4.2412781 39.660796 0.263063
SEG 25.265792 38.63879 33.460446 25.325369 39.694336 32.050978 0.263063
SEG 25.265792 38.63879 33.460446 27.066332 38.536713 33.991833 0.263063
SEG 25.265792 38.63879 33.460446 25.3125 39.6875 30.9375 0.263063
SEG 25.274132 33.370802 39.692374 25.320039 31.489983 39.237799 0.271196
SEG 25.317087 39.702914 33.188159 27.066332 38.536713 33.991833 0.263063
SEG 25.349086 17.828959 39.687504 26.642386 16.736223 39.239335 0.263063
SEG 25.349086 17.828959 39.687504 25.388971 19.836492 39.687644 0.282608
SEG 25.388971 19.836492 39.687644 26.423701 18.218777 39.687692 0.287969
SEG 25.388971 19.836492 39.687644 26.171118 17.806295 39.239112 0.263063
SEG 25.392156 39.640451 4.8430842 25.535226 39.11589 2.5163263 0.276495
SEG 25.392156 39.640451 4.8430842 25.930351 39.102809 2.5400708 0.263063
SEG 25.453739 39.655178 3.9073183 27.236284 39.048665 2.6370197 0.263063
SEG 25.483283 14.692689 39.236476 27.871719 14.751764 39.240444 0.263063
SEG 25.508334 1.5212457 14.651134 25.954439 0.51201616 12.210177 0.353586
SEG 25.53343 1.4724115 18.969132 25.588011 0.33313712 20.898685 0.32564
SEG 25.534902 1.5452993 11.627733 27.422497 0.45798359 12.385928 0.353085
SEG 25.535226 39.11589 2.5163263 26.636246 39.042675 4.9155513 0.276495
SEG 25.568688 1.5491766 10.072598 25.954439 0.51201616 12.210177 0.353586
SEG 25.568688 1.5491766 10.072598 26.755828 0.47984293 7.7250978 0.358655
SEG 25.570721 39.718382 2.2575798 27.236284 39.048665 2.6370197 0.263063
SEG 25.57294 1.4383825 21.726844 28.125672 1.3353519 21.685881 0.314261
SEG 25.588011 0.33313712 20.898685 25.596061 1.421104 23.07809 0.32564
SEG 25.616049 23.93241 38.437659 26.240267 22.379128 39.23914 0.263063
SEG 25.616049 23.93241 38.437659 27.327225 24.446789 39.239847 0.28787
SEG 25.620057 1.541652 8.4900851 26.755828 0.47984293 7.7250978 0.358655
SEG 25.668234 1.3666511 27.00437 26.722968 1.3210587 28.590139 0.301734
SEG 25.669801 38.517584 21.607233 26.586695 38.701104 19.590987 0.315935
SEG 25.699046 2.6329938 0.73649945 26.111185 4.9659379 0.99788583 0.38964
SEG 25.699046 37.367006 0.73649945 28.187008 35.631782 0.88354376 0.263063
SEG 25.728676 1.3020924 30.713587 26.722968 1.3210587 28.590139 0.301734
SEG 25.743224 1.2763317 31.881124 26.990042 1.4561858 33.99155 0.324388
SEG 25.747832 27.810507 39.238484 25.955043 25.955043 39.186565 0.263063
SEG 25.762746 20.09913 39.238988 26.423701 18.218777 39.687692 0.263063
SEG 25.810214 39.335712 13.090859 26.548636 38.569998 11.019964 0.32744
SEG 25.860388 18.933773 39.239013 27.52601 18.516108 39.68804 0.263063
SEG 25.882124 38.675177 1.2893049 26.310734 36.180406 0.85668469 0.263063
SEG 25.88214 1.3425224 3.7838324 28.198857 1.6112645 4.002215 0.340563
SEG 25.898821 21.260609 39.239023 26.664385 23.354935 38.438217 0.263063
SEG 25.903795 39.707258 1.5108739 27.236284 39.048665 2.6370197 0.263063
SEG 25.903795 39.707258 1.5108739 28.522189 38.983461 2.7528539 0.263063
SEG 25.930351 39.102809 2.5400708 26.636246 39.042675 4.9155513 0.263063
SEG 25.955043 25.955043 39.186565 27.987504 25.410809 39.240598 0.263063
SEG 26.111185 4.9659379 0.99788583 28.593554 4.5174804 0.88987717 0.389352
SEG 26.171118 17.806295 39.239112 26.422698 15.294075 39.223457 0.263063
SEG 26.240267 22.379128 39.23914 27.778948 22.91704 38.439389 0.263063
SEG 26.265208 32.149475 39.24095 27.622304 31.086998 39.686768 0.273854
SEG 26.422698 15.294075 39.223457 28.568847 13.817745 39.241517 0.263063
SEG 26.642386 16.736223 39.239335 27.52601 18.516108 39.68804 0.263063
SEG 26.664385 23.354935 38.438217 27.987504 25.410809 39.240598 0.263063
SEG 26.717931 6.3783781 39.246276 27.045312 4.4841437 39.658225 0.263063
SEG 26.722968 1.3210587 28.590139 29.615115 1.1346083 28.152172 0.301734
SEG 26.733125 23.439718 39.23939 28.716998 22.678477 38.444052 0.263063
SEG 26.873081 31.901551 39.688143 28.010838 33.620409 39.251194 0.271196
SEG 26.873081 31.901551 39.688143 27.544569 29.296021 39.241388 0.263063
SEG 27.042866 2.5122977 39.476329 27.045312 4.4841437 39.658225 0.263063
SEG 27.045312 4.4841437 39.658225 28.010089 2.9207581 39.464545 0.263063
SEG 27.112623 35.496046 39.658037 28.010838 33.620409 39.251194 0.263063
SEG 27.112623 35.496046 39.658037 29.55433 35.23914 39.269754 0.263063
SEG 27.161731 32.862553 39.245293 28.104557 35.151724 39.655017 0.263063
SEG 27.291365 11.067186 0.97713474 29.737886 11.127918 1.8139116 0.314416
SEG 27.291365 11.067186 0.97713474 29.737886 11.127918 1.8139116 0.314416
SEG 27.327225 24.446789 39.239847 27.778948 22.91704 38.439389 0.28787
SEG 27.389824 38.784348 15.394438 29.737886 39.042675 14.22047 0.314416
SEG 27.422497 0.45798359 12.385928 29.341293 1.291592 11.826921 0.346315
SEG 27.422497 0.45798359 12.385928 29.320883 1.2826963 13.28711 0.322136
SEG 27.523544 5.5815695 39.253929 29.580071 5.1452508 39.337035 0.273054
SEG 27.52601 18.516108 39.68804 29.0625 17.1875 39.6875 0.280546
SEG 27.544569 29.296021 39.241388 27.622304 31.086998 39.686768 0.263063
SEG 27.544569 29.296021 39.241388 29.942069 28.686762 39.685735 0.263063
SEG 27.595435 4.170056 0.87467247 29.737886 4.9246391 1.8139116 0.314416
SEG 27.622304 31.086998 39.686768 29.264342 30.843724 39.247029 0.263063
SEG 27.778948 22.91704 38.439389 27.987504 25.410809 39.240598 0.263063
SEG 27.944412 38.916972 19.565502 29.406857 38.817688 17.632981 0.327939
SEG 28.010089 2.9207581 39.464545 28.145806 4.7797926 39.459884 0.263063
SEG 28.010838 33.620409 39.251194 29.908806 34.086682 39.648689 0.263063
SEG 28.023801 1.6401412 33.990089 29.748229 1.0260445 33.888002 0.322136
SEG 28.023801 1.6401412 33.990089 29.759637 0.99165008 34.937376 0.322136
SEG 28.023801 1.6401412 33.990089 29.731828 1.0535058 32.838489 0.322136
SEG 28.104557 35.151724 39.655017 30.252749 36.085137 39.283958 0.263063
SEG 28.125672 1.3353519 21.685881 29.393986 1.2199818 20.31794 0.314261
SEG 28.125672 1.3353519 21.685881 29.463324 1.1931433 23.010682 0.314261
SEG 28.145806 4.7797926 39.459884 29.911588 3.810183 39.444314 0.263063
SEG 28.187008 35.631782 0.88354376 30.516112 35.641259 0.38939839 0.389352
SEG 28.198857 1.6112645 4.002215 29.737886 1.8229994 4.9155513 0.314416
SEG 28.198857 1.6112645 4.002215 29.759134 1.2048287 4.9465408 0.314416
SEG 28.39443 30.168253 39.464857 30.182315 28.12498 39.245763 0.273854
SEG 28.522189 38.983461 2.7528539 31.233384 38.275708 2.6981056 0.263063
SEG 28.568847 13.817745 39.241517 29.737886 11.127918 39.033587 0.263063
SEG 28.639859 18.753068 39.688631 30.351381 19.49407 39.239219 0.278668
SEG 28.639859 18.753068 39.688631 30.51956 18.344761 39.239647 0.278668
SEG 28.639859 18.753068 39.688631 29.0645 17.187506 38.554382 0.280546
SEG 28.69252 26.34112 39.241748 30.750346 27.930772 39.68636 0.263063
SEG 28.716998 22.678477 38.444052 30.553256 21.801588 39.239738 0.286371
SEG 28.716998 22.678477 38.444052 30.901997 22.909548 39.240752 0.278668
SEG 28.808387 12.55038 0.9779439 29.737886 11.127918 1.8139116 0.314416
SEG 28.808387 12.55038 0.9779439 29.737886 11.127918 1.8139116 0.314416
SEG 28.808387 12.55038 0.9779439 29.737886 14.229558 1.8139116 0.314416
SEG 28.835307 39.020322 15.387054 29.406857 38.817688 17.632981 0.327939
SEG 28.837413 28.837413 39.1967 29.264342 30.843724 39.247029 0.263063
SEG 28.837413 28.837413 39.1967 30.951975 28.986374 39.248947 0.263063
SEG 28.837413 28.837413 39.1967 30.750346 27.930772 39.68636 0.285068
SEG 28.916926 3.8568519 39.279241 30.802417 4.3659287 39.435953 0.263063
SEG 28.961597 35.339275 0.8956225 31.218468 37.243415 1.0644604 0.320653
SEG 28.972073 3.341438 39.453852 29.580071 5.1452508 39.337035 0.263063
SEG 28.972073 3.341438 39.453852 28.982611 5.2832129 39.651974 0.263063
SEG 28.982611 5.2832129 39.651974 29.911588 3.810183 39.444314 0.263063
SEG 29.0625 17.1875 39.6875 30.848934 17.234349 39.240586 0.278668
SEG 29.0625 17.1875 39.6875 30.51956 18.344761 39.239647 0.278668
SEG 29.0645 17.187506 38.554382 30.848934 17.234349 39.240586 0.278668
SEG 29.0645 17.187506 38.554382 30.51956 18.344761 39.239647 0.278668
SEG 29.146443 29.469502 39.685592 30.182315 28.12498 39.245763 0.273854
SEG 29.146443 29.469502 39.685592 30.951975 28.986374 39.248947 0.263063
SEG 29.146443 29.469502 39.685592 29.427341 27.24482 39.243421 0.263063
SEG 29.220502 0.38293237 12.261544 29.381877 1.2965204 10.339514 0.322136
SEG 29.220502 0.38293237 12.261544 29.317879 1.2755313 14.214882 0.314416
SEG 29.220502 0.38293237 12.261544 29.737886 1.8229994 14.22047 0.314416
SEG 29.264342 30.843724 39.247029 29.942069 28.686762 39.685735 0.263063
SEG 29.297414 12.912629 39.243086 29.737886 11.127918 39.033587 0.263063
SEG 29.323727 1.2592648 16.151166 29.737886 1.8229994 14.22047 0.314416
SEG 29.340663 1.2463414 17.561404 31.775589 1.7507284 18.291629 0.322136
SEG 29.340663 1.2463414 17.561404 32.314092 1.5889458 16.944747 0.322136
SEG 29.341293 1.291592 11.826921 29.737886 1.8229994 14.22047 0.314416
SEG 29.381877 1.2965204 10.339514 29.737886 1.8229994 8.0171909 0.314416
SEG 29.381877 1.2965204 10.339514 30.806697 0.83787154 8.2685812 0.322136
SEG 29.406857 38.817688 17.632981 29.699205 39.233656 15.38074 0.314416
SEG 29.427061 1.2067222 21.664354 31.923076 0.79763187 21.590646 0.321381
SEG 29.466507 38.569812 29.229148 30.920521 39.660643 29.452882 0.288771
SEG 29.466507 38.569812 29.229148 30.892905 38.132455 31.076313 0.291906
SEG 29.466507 38.569812 29.229148 32.07559 39.615518 29.41366 0.288771
SEG 29.540512 1.2803875 7.3433707 29.737886 1.8229994 4.9155513 0.314416
SEG 29.578104 1.1503021 26.908453 30.217212 1.4923957 29.078978 0.290881
SEG 29.578104 1.1503021 26.908453 30.499534 0.32153264 29.302335 0.290881
SEG 29.580071 5.1452508 39.337035 30.659608 6.5425725 39.646459 0.263063
SEG 29.64995 1.1176499 29.367264 31.770629 0.36872546 29.424178 0.288771
SEG 29.657607 0.27217962 35.849647 29.748229 1.0260445 33.888002 0.263063
SEG 29.657607 0.27217962 35.849647 31.152392 1.6274841 36.836651 0.263063
SEG 29.665932 1.2463528 5.838758 29.737886 1.8229994 8.0171909 0.314416
SEG 29.665932 1.2463528 5.838758 30.806697 0.83787154 8.2685812 0.322136
SEG 29.6875 38.4375 34.0625 30.974369 38.308718 35.472179 0.263063
SEG 29.6875 38.4375 34.0625 30.874893 38.148837 32.237289 0.263063
SEG 29.6875 38.4375 34.0625 30.343287 39.715936 35.846711 0.263063
SEG 29.709577 1.0775225 31.727142 30.499534 0.32153264 29.302335 0.290881
SEG 29.709577 1.0775225 31.727142 30.217212 1.4923957 29.078978 0.290881
SEG 29.719983 16.968393 1.1176739 30.99901 18.25587 0.93564209 0.280546
SEG 29.719983 16.968393 1.1176739 29.907388 14.329276 0.96421244 0.280546
SEG 29.719983 16.968393 1.1176739 29.737886 14.229558 1.8139116 0.280546
SEG 29.737886 4.9246391 1.8139116 31.175119 5.808031 0.92805578 0.314416
SEG 29.737886 4.9246391 1.8139116 32.028935 6.4307095 0.93645873 0.314416
SEG 29.737886 11.127918 39.033587 31.577056 10.335383 39.252247 0.263063
SEG 29.737886 14.229558 1.8139116 30.601333 16.20494 0.94775049 0.314416
SEG 29.748229 1.0260445 33.888002 30.89986 0.29555125 35.844093 0.263063
SEG 29.766072 0.94659965 35.986389 31.152392 1.6274841 36.836651 0.312615
SEG 29.766072 0.94659965 35.986389 31.874937 0.8676132 36.781648 0.263063
SEG 29.766072 0.94659965 35.986389 31.996654 0.32158717 35.837664 0.263063
SEG 29.768215 0.88425964 37.034535 30.89986 0.29555125 35.844093 0.263063
SEG 29.768215 0.88425964 37.034535 31.874937 0.8676132 36.781648 0.263063
SEG 29.781757 38.907862 2.8864805 31.493218 38.525499 1.4896337 0.263063
SEG 29.803745 39.480537 34.029932 30.96346 38.252956 34.423718 0.263063
SEG 29.803745 39.480537 34.029932 30.946199 38.206872 33.352621 0.263063
SEG 29.803745 39.480537 34.029932 31.413487 39.66604 32.838546 0.263063
SEG 29.853534 5.8697144 39.648879 30.802417 4.3659287 39.435953 0.263063
SEG 29.853534 5.8697144 39.648879 31.756067 5.2087015 39.351852 0.263063
SEG 29.853534 5.8697144 39.648879 29.911588 3.810183 39.444314 0.263063
SEG 29.908806 34.086682 39.648689 31.169731 35.039685 38.893598 0.263063
SEG 29.908806 34.086682 39.648689 30.920578 32.41378 39.256891 0.263063
SEG 29.98107 34.875083 0.91139798 31.218468 37.243415 1.0644604 0.320653
SEG 30.096606 22.308562 38.445079 30.3631 20.655649 39.239248 0.278668
SEG 30.096606 22.308562 38.445079 31.379972 23.964555 39.242408 0.278668
SEG 30.100646 31.628599 39.251324 31.476659 32.690729 39.644942 0.263063
SEG 30.100646 31.628599 39.251324 30.711356 33.409623 39.646327 0.263063
SEG 30.100646 31.628599 39.251324 32.223369 31.952539 39.644607 0.263063
SEG 30.182315 28.12498 39.245763 32.361445 26.430048 39.689197 0.273854
SEG 30.217212 1.4923957 29.078978 31.770629 0.36872546 29.424178 0.288771
SEG 30.351381 19.49407 39.239219 32.503104 19.617538 39.244178 0.275905
SEG 30.3631 20.655649 39.239248 31.276531 22.090962 38.45067 0.278668
SEG 30.553256 21.801588 39.239738 32.464292 21.913132 38.45909 0.286371
SEG 30.57776 35.611672 0.38939517 31.671285 33.845379 0.93340304 0.389352
SEG 30.588612 35.603104 0.38940965 32.339283 33.311137 0.93838879 0.389352
SEG 30.659608 6.5425725 39.646459 31.756067 5.2087015 39.351852 0.263063
SEG 30.659608 6.5425725 39.646459 32.401562 5.7247703 39.424898 0.263063
SEG 30.711356 33.409623 39.646327 31.169731 35.039685 38.893598 0.263063
SEG 30.711356 33.409623 39.646327 32.513427 33.973112 39.27294 0.263063
SEG 30.728767 34.467798 0.92225158 31.218468 37.243415 1.0644604 0.320653
SEG 30.728767 34.467798 0.92225158 32.211965 32.211965 1.8212189 0.318017
SEG 30.802417 4.3659287 39.435953 32.632064 4.6463047 39.286252 0.263063
SEG 30.848934 17.234349 39.240586 32.836345 18.522335 39.245692 0.275905
SEG 30.874893 38.148837 32.237289 31.413487 39.66604 32.838546 0.267802
SEG 30.874893 38.148837 32.237289 32.462287 39.623928 32.811235 0.263063
SEG 30.892905 38.132455 31.076313 30.920521 39.660643 29.452882 0.288771
SEG 30.901997 22.909548 39.240752 32.464292 21.913132 38.45909 0.278668
SEG 30.920578 32.41378 39.256891 32.513289 30.656105 39.258665 0.263063
SEG 30.946199 38.206872 33.352621 32.462287 39.623928 32.811235 0.263063
SEG 30.951975 28.986374 39.248947 31.5625 27.1875 39.6875 0.263063
SEG 30.96346 38.252956 34.423718 31.346161 39.694552 35.841673 0.263063
SEG 30.974369 38.308718 35.472179 32.318781 38.171015 36.978571 0.263063
SEG 30.974369 38.308718 35.472179 32.442621 39.665037 35.834366 0.263063
SEG 30.979314 38.37921 36.519799 32.442621 39.665037 35.834366 0.263063
SEG 30.979314 38.37921 36.519799 33.24037 38.672482 36.93728 0.311268
SEG 31.152392 1.6274841 36.836651 31.996654 0.32158717 35.837664 0.263063
SEG 31.169731 35.039685 38.893598 32.513427 33.973112 39.27294 0.263063
SEG 31.175119 5.808031 0.92805578 33.834843 6.4186036 1.1392533 0.321052
SEG 31.233384 38.275708 2.6981056 33.4284 38.612225 3.3719817 0.263063
SEG 31.276531 22.090962 38.45067 33.0045 21.828523 39.246565 0.275905
SEG 31.276531 22.090962 38.45067 31.379972 23.964555 39.242408 0.278668
SEG 31.308919 16.176263 39.24214 33.367493 17.515626 39.248802 0.275905
SEG 31.346161 39.694552 35.841673 33.471904 39.691579 36.873372 0.263063
SEG 31.379972 23.964555 39.242408 33.101445 25.626116 39.691394 0.278668
SEG 31.426689 7.2595691 39.645004 33.160571 7.0897782 39.45577 0.263063
SEG 31.426689 7.2595691 39.645004 32.401562 5.7247703 39.424898 0.263063
SEG 31.426689 7.2595691 39.645004 33.151951 6.4592176 39.422974 0.263063
SEG 31.476659 32.690729 39.644942 33.290866 31.459383 39.265648 0.263063
SEG 31.476659 32.690729 39.644942 32.513289 30.656105 39.258665 0.263063
SEG 31.493218 38.525499 1.4896337 32.186172 38.726135 3.1918583 0.263063
SEG 31.493218 38.525499 1.4896337 33.4284 38.612225 3.3719817 0.263063
SEG 31.5625 27.1875 39.6875 32.616641 25.903943 39.248406 0.273854
SEG 31.5625 27.1875 39.6875 33.340121 26.786299 39.253339 0.273854
SEG 31.577056 10.335383 39.252247 33.617647 9.5218503 39.646939 0.263063
SEG 31.671285 33.845379 0.93340304 32.211965 32.211965 1.8212189 0.318017
SEG 31.671285 33.845379 0.93340304 31.873083 35.831482 0.69632101 0.389352
SEG 31.694779 31.694779 39.255278 31.729816 29.829225 39.253169 0.263063
SEG 31.729816 29.829225 39.253169 32.955846 31.200225 39.645331 0.263063
SEG 31.729816 29.829225 39.253169 33.663201 30.424244 39.647087 0.263063
SEG 31.770629 0.36872546 29.424178 33.758271 0.4732908 29.838103 0.263063
SEG 31.775589 1.7507284 18.291629 33.395656 0.52291322 18.662346 0.323232
SEG 31.873718 15.17083 39.244477 33.980173 16.679252 39.429246 0.263063
SEG 31.873718 15.17083 39.244477 33.367493 17.515626 39.248802 0.275905
SEG 31.874937 0.8676132 36.781648 33.99269 0.40187478 35.932827 0.263063
SEG 31.923076 0.79763187 21.590646 33.508172 0.50713274 22.711425 0.263063
SEG 31.923076 0.79763187 21.590646 33.430472 0.51761227 20.042116 0.263063
SEG 31.958256 24.962912 39.244876 33.716811 24.736893 39.693804 0.273854
SEG 31.996654 0.32158717 35.837664 33.937022 0.41943203 35.08471 0.263063
SEG 32.028935 6.4307095 0.93645873 33.834843 6.4186036 1.1392533 0.321052
SEG 32.174378 7.9967679 39.644597 33.886023 7.9357211 39.272236 0.263063
SEG 32.174378 7.9967679 39.644597 33.151951 6.4592176 39.422974 0.263063
SEG 32.174378 7.9967679 39.644597 33.892352 7.2037345 39.423569 0.263063
SEG 32.1875 2.8125 39.0625 32.632064 4.6463047 39.286252 0.263063
SEG 32.211965 32.211965 1.8212189 33.937769 31.47709 0.98104623 0.318017
SEG 32.223369 31.952539 39.644607 34.065391 32.246541 39.274479 0.263063
SEG 32.314092 1.5889458 16.944747 33.395656 0.52291322 18.662346 0.335056
SEG 32.318781 38.171015 36.978571 32.442621 39.665037 35.834366 0.263063
SEG 32.318781 38.171015 36.978571 33.471904 39.691579 36.873372 0.263063
SEG 32.351991 9.5136063 39.257419 34.275021 10.340601 39.649549 0.263063
SEG 32.361445 26.430048 39.689197 34.12025 27.608081 39.26017 0.273854
SEG 32.401562 5.7247703 39.424898 33.169637 7.0815651 38.263744 0.263063
SEG 32.513289 30.656105 39.258665 34.315853 29.601725 39.649749 0.263063
SEG 32.513427 33.973112 39.27294 34.427024 34.040137 39.653099 0.263063
SEG 32.632064 4.6463047 39.286252 33.151951 6.4592176 39.422974 0.263063
SEG 32.836345 18.522335 39.245692 33.869931 16.764516 38.641963 0.263063
SEG 32.839525 1.8229994 39.033587 33.370643 3.9001243 39.300955 0.271779
SEG 32.890622 0.4233106 29.384144 33.798087 0.46627836 30.887324 0.263063
SEG 32.890622 0.4233106 29.384144 33.675741 0.48557 27.628393 0.263063
SEG 32.890622 0.4233106 29.384144 33.905702 0.50198194 31.989591 0.263063
SEG 32.998935 0.35518229 35.829603 33.909177 0.43568897 34.035205 0.263063
SEG 32.998935 0.35518229 35.829603 33.757021 0.44373863 32.880324 0.263063
SEG 33.0045 21.828523 39.246565 34.438522 22.7525 39.697512 0.263063
SEG 33.0045 21.828523 39.246565 34.619128 21.735985 38.485099 0.275905
SEG 33.015936 8.7304382 39.454625 33.892352 7.2037345 39.423569 0.263063
SEG 33.015936 8.7304382 39.454625 34.61786 7.9627656 39.426683 0.263063
SEG 33.078344 1.2830062 18.258432 33.430472 0.51761227 20.042116 0.263063
SEG 33.144875 32.525233 0.93913081 35.37672 32.412169 1.7286535 0.263063
SEG 33.169637 7.0815651 38.263744 34.64011 7.175318 39.282502 0.263063
SEG 33.24037 38.672482 36.93728 34.596298 39.612514 35.83147 0.263063
SEG 33.280773 34.733269 39.284001 35.133651 33.263493 39.654722 0.267534
SEG 33.290866 31.459383 39.265648 35.039685 31.169731 38.893598 0.263063
SEG 33.340121 26.786299 39.253339 33.716811 24.736893 39.693804 0.273854
SEG 33.340121 26.786299 39.253339 35.291032 27.74769 39.656163 0.263063
SEG 33.471904 39.691579 36.873372 35.631568 39.459404 35.784934 0.263063
SEG 33.549328 0.50190123 23.996728 33.565848 1.7583574 25.340654 0.263063
SEG 33.549328 0.50190123 23.996728 36.080073 1.1924153 24.113592 0.263063
SEG 33.565848 1.7583574 25.340654 33.675741 0.48557 27.628393 0.263063
SEG 33.565848 1.7583574 25.340654 36.080073 1.1924153 24.113592 0.307777
SEG 33.601218 22.805475 39.250401 33.716811 24.736893 39.693804 0.273854
SEG 33.601218 22.805475 39.250401 35.236685 24.36449 39.267255 0.275905
SEG 33.617647 9.5218503 39.646939 35.303422 8.7580483 39.432218 0.263063
SEG 33.617647 9.5218503 39.646939 34.61786 7.9627656 39.426683 0.263063
SEG 33.625107 0.50248669 25.277798 36.080073 1.1924153 24.113592 0.263063
SEG 33.657411 21.76708 38.471316 34.438522 22.7525 39.697512 0.263063
SEG 33.657411 21.76708 38.471316 35.224318 21.19865 39.032147 0.277051
SEG 33.657411 21.76708 38.471316 34.732837 20.187793 39.023925 0.277051
SEG 33.663201 30.424244 39.647087 35.039685 31.169731 38.893598 0.263063
SEG 33.674311 34.772205 39.653631 34.832398 33.018914 39.285528 0.263063
SEG 33.674311 34.772205 39.653631 35.586059 33.779685 39.299199 0.263063
SEG 33.675741 0.48557 27.628393 35.053835 0.6019175 29.304554 0.263063
SEG 33.757021 0.44373863 32.880324 34.6875 0.3125 35.3125 0.263063
SEG 33.758271 0.4732908 29.838103 36.094614 0.75404246 29.269572 0.263063
SEG 33.758271 0.4732908 29.838103 33.815941 1.5945222 32.086567 0.263063
SEG 33.798087 0.46627836 30.887324 35.053835 0.6019175 29.304554 0.263063
SEG 33.798087 0.46627836 30.887324 34.684951 0.52367033 32.737836 0.263063
SEG 33.815941 1.5945222 32.086567 35.726654 0.64931094 32.698219 0.263063
SEG 33.834843 6.4186036 1.1392533 34.007314 8.5526398 0.93113442 0.321052
SEG 33.905702 0.50198194 31.989591 35.726654 0.64931094 32.698219 0.263063
SEG 33.905702 0.50198194 31.989591 35.053835 0.6019175 29.304554 0.263063
SEG 33.909177 0.43568897 34.035205 35.047545 0.48082447 35.799274 0.263063
SEG 33.909177 0.43568897 34.035205 35.726654 0.64931094 32.698219 0.263063
SEG 33.937022 0.41943203 35.08471 36.136438 0.61056376 35.770075 0.263063
SEG 33.937022 0.41943203 35.08471 34.684951 0.52367033 32.737836 0.263063
SEG 33.989663 12.519845 39.258885 35.57918 13.188328 39.658858 0.263063
SEG 34.052486 36.230194 0.45769116 34.437116 37.869346 1.8414786 0.341831
SEG 34.065391 32.246541 39.274479 35.759832 32.420649 39.65812 0.263063
SEG 34.065391 32.246541 39.274479 34.427024 34.040137 39.653099 0.263063
SEG 34.12025 27.608081 39.26017 35.596744 26.743184 39.659037 0.263063
SEG 34.12025 27.608081 39.26017 34.315853 29.601725 39.649749 0.263063
SEG 34.254415 23.711899 39.476383 36.089499 23.634749 39.665124 0.263063
SEG 34.275021 10.340601 39.649549 35.910551 9.6146912 39.439778 0.263063
SEG 34.275021 10.340601 39.649549 35.303422 8.7580483 39.432218 0.263063
SEG 34.301405 11.733331 0.60456053 36.031032 13.103228 0.86462744 0.264539
SEG 34.301405 11.733331 0.60456053 34.570904 9.4509337 0.91979793 0.264539
SEG 34.301405 11.733331 0.60456053 36.3914 10.490737 0.2631129 0.263063
SEG 34.367746 21.833303 39.531711 34.732837 20.187793 39.023925 0.263063
SEG 34.367746 21.833303 39.531711 36.173471 21.787456 39.051979 0.263063
SEG 34.367746 21.833303 39.531711 36.225002 21.539321 39.667255 0.263063
SEG 34.437116 37.869346 1.8414786 36.47114 36.796235 1.5548641 0.263063
SEG 34.438522 22.7525 39.697512 36.171466 22.587954 39.66638 0.263063
SEG 34.56459 39.569307 32.759103 35.9375 39.0625 34.0625 0.263063
SEG 34.570904 9.4509337 0.91979793 36.3914 10.490737 0.2631129 0.263063
SEG 34.596298 39.612514 35.83147 35.9375 39.0625 34.0625 0.263063
SEG 34.61786 7.9627656 39.426683 35.3817 6.4285742 39.295173 0.263063
SEG 34.619128 21.735985 38.485099 36.225002 21.539321 39.667255 0.276365
SEG 34.64011 7.175318 39.282502 35.303422 8.7580483 39.432218 0.263063
SEG 34.684951 0.52367033 32.737836 36.921598 1.3279595 32.837756 0.263063
SEG 34.6875 0.3125 35.3125 37.162367 0.8292074 35.733832 0.263063
SEG 34.732837 20.187793 39.023925 36.250682 19.439658 39.667693 0.263063
SEG 34.764019 30.196829 0.91464869 36.3914 29.509263 0.2631129 0.263063
SEG 34.764019 30.196829 0.91464869 35.37672 32.412169 1.7286535 0.263063
SEG 34.764019 30.196829 0.91464869 37.459318 29.886227 0.74904775 0.263063
SEG 34.811358 11.75291 39.267836 36.861881 11.484939 39.4588 0.263063
SEG 34.832398 33.018914 39.285528 36.248175 31.491131 39.662253 0.263063
SEG 34.8353 11.22862 39.652734 36.490285 10.466587 39.372806 0.263063
SEG 34.8353 11.22862 39.652734 35.910551 9.6146912 39.439778 0.263063
SEG 34.8353 11.22862 39.652734 36.861881 11.484939 39.4588 0.263063
SEG 34.888759 37.505206 1.1441838 36.47114 36.796235 1.5548641 0.263063
SEG 34.888759 37.505206 1.1441838 35.018717 35.018717 1.4167674 0.274961
SEG 34.890411 15.867031 39.262816 35.804326 14.213903 39.661328 0.263063
SEG 34.890411 15.867031 39.262816 36.166894 17.341505 39.666308 0.263063
SEG 34.894837 16.488898 0.34337338 36.593752 15.861728 0.83248629 0.263063
SEG 34.894837 16.488898 0.34337338 36.7232 16.920642 0.82400441 0.263063
SEG 34.894837 16.488898 0.34337338 36.237185 15.088562 0.26311139 0.263063
SEG 34.997829 10.266096 0.90766523 37.577364 9.9860356 0.80768793 0.263063
SEG 35.018717 35.018717 1.4167674 36.47114 36.796235 1.5548641 0.263063
SEG 35.018717 35.018717 1.4167674 37.288705 35.584077 1.6200806 0.263063
SEG 35.039685 31.169731 38.893598 35.622661 32.605282 39.657376 0.270847
SEG 35.133651 33.263493 39.654722 36.317084 34.533227 39.315865 0.263063
SEG 35.224318 21.19865 39.032147 36.171466 22.587954 39.66638 0.263063
SEG 35.224318 21.19865 39.032147 35.488295 19.364951 39.037678 0.277051
SEG 35.26664 12.185926 39.655956 36.861881 11.484939 39.4588 0.263063
SEG 35.26664 12.185926 39.655956 37.272237 12.451366 39.470071 0.263063
SEG 35.26664 12.185926 39.655956 36.490285 10.466587 39.372806 0.263063
SEG 35.291032 27.74769 39.656163 36.765529 29.572279 39.511029 0.263063
SEG 35.332024 29.20501 0.77193662 37.459318 29.886227 0.74904775 0.263063
SEG 35.3817 6.4285742 39.295173 37.033274 5.8661272 39.426338 0.263063
SEG 35.432145 21.98801 0.26309496 37.135801 21.543744 0.76651483 0.263063
SEG 35.432145 21.98801 0.26309496 36.869882 20.784359 0.81396284 0.263063
SEG 35.432145 21.98801 0.26309496 36.673395 23.533638 0.82736657 0.263063
SEG 35.487663 11.145033 0.74904649 37.577364 9.9860356 0.80768793 0.263063
SEG 35.488295 19.364951 39.037678 36.166894 17.341505 39.666308 0.263063
SEG 35.557629 28.394672 0.88676978 37.459318 29.886227 0.74904775 0.263063
SEG 35.57918 13.188328 39.658858 37.272237 12.451366 39.470071 0.263063
SEG 35.57918 13.188328 39.658858 36.815485 14.76381 39.296397 0.263063
SEG 35.586059 33.779685 39.299199 35.941165 35.941036 39.033587 0.263063
SEG 35.586059 33.779685 39.299199 37.8125 34.0625 39.6875 0.263063
SEG 35.596744 26.743184 39.659037 35.819972 29.054569 39.282601 0.263063
SEG 35.598828 39.365416 32.703381 35.631568 39.459404 35.784934 0.263063
SEG 35.674927 11.053316 39.280163 37.272237 12.451366 39.470071 0.263063
SEG 35.723153 12.076241 0.87957539 36.3914 10.490737 0.2631129 0.263063
SEG 35.759832 32.420649 39.65812 37.8125 34.0625 39.6875 0.263063
SEG 35.804326 14.213903 39.661328 37.346633 14.891585 38.961481 0.263063
SEG 35.804326 14.213903 39.661328 37.688443 13.415277 39.482238 0.263063
SEG 35.896348 15.260882 39.469895 37.688443 13.415277 39.482238 0.263063
SEG 35.907882 27.335138 0.87085703 37.367006 25.699046 0.73649945 0.263063
SEG 35.907882 27.335138 0.87085703 36.3914 29.509263 0.2631129 0.263063
SEG 35.9375 39.0625 34.0625 37.63136 38.85922 32.633655 0.263063
SEG 35.941165 1.8229994 14.22047 37.640034 1.8722715 13.269667 0.314416
SEG 35.941165 32.839396 39.033587 36.317084 34.533227 39.315865 0.263063
SEG 35.941165 39.042675 8.0171909 38.307443 38.44528 9.6300398 0.314416
SEG 36.031032 13.103228 0.86462744 37.359487 14.900121 0.73573035 0.263063
SEG 36.082888 16.294871 39.665026 36.815485 14.76381 39.296397 0.263063
SEG 36.082888 16.294871 39.665026 37.936243 16.053152 39.101958 0.263063
SEG 36.082888 16.294871 39.665026 37.728639 17.211525 39.096141 0.263063
SEG 36.089499 23.634749 39.665124 37.127112 22.360657 39.077879 0.263063
SEG 36.09139 24.795481 39.473441 37.572148 23.381405 38.908189 0.275905
SEG 36.128072 26.524921 0.85953809 38.675177 25.882124 1.2893049 0.263063
SEG 36.128072 26.524921 0.85953809 36.3914 29.509263 0.2631129 0.263063
SEG 36.166894 17.341505 39.666308 36.5625 19.0625 39.0625 0.263063
SEG 36.171466 22.587954 39.66638 37.572148 23.381405 38.908189 0.263063
SEG 36.191528 21.445739 0.2631086 36.879167 19.673908 0.81338984 0.263063
SEG 36.191522 21.445857 0.26310902 36.673395 23.533638 0.82736657 0.263063
SEG 36.191528 21.445714 0.26310864 36.858332 18.849366 0.81477373 0.263063
SEG 36.222277 18.390043 39.667209 37.728639 17.211525 39.096141 0.263063
SEG 36.237185 15.088562 0.26311139 38.0621 14.546538 0.45413494 0.263063
SEG 36.237185 15.088562 0.26311139 36.7232 16.920642 0.82400441 0.263063
SEG 36.245323 13.962039 0.85321142 38.0621 14.546538 0.45413494 0.341306
SEG 36.251617 20.489658 39.667709 37.127112 22.360657 39.077879 0.263063
SEG 36.317084 34.533227 39.315865 37.834435 34.069066 38.63775 0.263063
SEG 36.496058 39.161701 29.2577 39.476738 39.476738 28.555036 0.263063
SEG 36.516569 24.634379 0.83722567 38.131742 23.61376 0.59351026 0.341306
SEG 36.516569 24.634379 0.83722567 38.675177 25.882124 1.2893049 0.263063
SEG 36.631033 39.176832 32.66479 37.847735 38.194302 31.592651 0.263063
SEG 36.673395 23.533638 0.82736657 37.367006 25.699046 0.73649945 0.263063
SEG 36.758499 22.716164 0.82163803 38.673491 21.548469 1.2903082 0.263063
SEG 36.800558 17.784764 0.81885851 37.359487 14.900121 0.73573035 0.263063
SEG 36.815485 14.76381 39.296397 37.936243 16.053152 39.101958 0.275905
SEG 36.869882 20.784359 0.81396284 38.673491 21.548469 1.2903082 0.263063
SEG 36.921598 1.3279595 32.837756 37.162367 0.8292074 35.733832 0.263063
SEG 37.033274 5.8661272 39.426338 37.521643 4.1190997 39.353254 0.263063
SEG 37.117724 0.98840642 29.240936 38.954584 1.0454162 30.237637 0.263063
SEG 37.29264 0.95965162 25.211121 38.4375 0.3125 24.0625 0.297639
SEG 37.346633 14.891585 38.961481 37.728639 17.211525 39.096141 0.277051
SEG 37.367006 25.699046 0.73649945 38.131742 23.61376 0.59351026 0.263063
SEG 37.506474 38.877211 29.232706 39.482909 39.482909 29.605 0.263063
SEG 37.506474 38.877211 29.232706 39.476738 39.476738 28.555036 0.263063
SEG 37.521643 4.1190997 39.353254 39.588387 2.9684115 39.727014 0.263063
SEG 37.521643 4.1190997 39.353254 39.042805 1.8229994 39.033587 0.263063
SEG 37.577364 9.9860356 0.80768793 38.601652 7.770221 1.35175 0.263063
SEG 37.63136 38.85922 32.633655 39.506125 39.506125 32.754827 0.263063
SEG 37.63136 38.85922 32.633655 39.497337 39.497337 31.7049 0.263063
SEG 37.674177 38.284401 25.331975 39.459558 39.459558 25.193283 0.293936
SEG 37.674177 38.284401 25.331975 39.453682 39.453682 23.919579 0.263063
SEG 37.705901 39.56143 25.181562 39.459558 39.459558 25.193283 0.293936
SEG 37.705901 39.56143 25.181562 39.453682 39.453682 23.919579 0.263063
SEG 37.749881 1.1885791 32.630617 38.123203 1.2461412 35.702968 0.263063
SEG 37.847735 38.194302 31.592651 39.497337 39.497337 31.7049 0.263063
SEG 37.847735 38.194302 31.592651 39.489702 39.489702 30.654956 0.263063
SEG 37.912671 14.231771 39.406106 37.936243 16.053152 39.101958 0.275905
SEG 38.131742 23.61376 0.59351026 38.673491 21.548469 1.2903082 0.263063
SEG 38.132455 30.892905 31.076313 39.661288 30.932587 29.452424 0.288771
SEG 38.132455 30.892905 31.076313 38.834648 30.425083 29.0034 0.285252
SEG 38.132455 30.892905 31.076313 39.568945 30.965295 32.940996 0.320653
SEG 38.169618 3.0493981 20.910873 39.662603 4.6566294 22.135963 0.27244
SEG 38.169618 3.0493981 20.910873 39.655809 4.7251068 19.4241 0.27244
SEG 38.169705 19.365198 30.593161 39.681313 20.935232 30.496672 0.281671
SEG 38.169705 19.365198 30.593161 39.6875 20.9375 31.5625 0.266447
SEG 38.170002 4.319439 17.12095 39.652364 4.7563459 18.016084 0.27244
SEG 38.170002 4.319439 17.12095 39.645462 4.8065013 15.087506 0.27244
SEG 38.170974 20.547063 30.593243 39.693699 19.665021 30.871841 0.274625
SEG 38.170974 20.547063 30.593243 39.6875 20.9375 31.5625 0.266447
SEG 38.170974 20.547063 30.593243 39.68337 20.901868 29.373586 0.266447
SEG 38.173311 3.2826131 39.379527 39.042805 1.8229994 39.033587 0.263063
SEG 38.212313 1.7876866 30.2615 39.537675 1.0491112 31.163845 0.263063
SEG 38.212313 1.7876866 30.2615 39.525502 1.0765556 29.064061 0.263063
SEG 38.212313 1.7876866 30.2615 39.092268 3.1945358 29.249023 0.263063
SEG 38.252956 30.96346 34.423718 39.568945 30.965295 32.940996 0.320653
SEG 38.252956 30.96346 34.423718 39.638925 32.13479 32.820138 0.263063
SEG 38.252956 30.96346 34.423718 39.58706 33.183064 32.789629 0.263063
SEG 38.255072 39.70389 24.82622 39.465348 39.465348 26.392361 0.263063
SEG 38.255072 39.70389 24.82622 39.447727 39.447727 22.580344 0.263063
SEG 38.263237 39.706008 24.820937 39.465348 39.465348 26.392361 0.263063
SEG 38.263237 39.706008 24.820937 39.447727 39.447727 22.580344 0.263063
SEG 38.263305 39.706025 24.820893 39.465348 39.465348 26.392361 0.263063
SEG 38.263305 39.706025 24.820893 39.447727 39.447727 22.580344 0.263063
SEG 38.271538 30.805154 33.225422 39.638925 32.13479 32.820138 0.263063
SEG 38.271538 30.805154 33.225422 39.58706 33.183064 32.789629 0.263063
SEG 38.274436 8.6294304 34.008272 39.681151 9.0399361 32.848874 0.263063
SEG 38.274436 8.6294304 34.008272 38.597604 9.949188 32.588386 0.263063
SEG 38.274436 8.6294304 34.008272 39.638262 8.0408191 32.613118 0.263063
SEG 38.275708 31.233384 2.6981056 38.852121 30.430762 1.2562517 0.263063
SEG 38.275708 31.233384 2.6981056 39.166837 29.400223 1.1658088 0.263063
SEG 38.306266 37.740464 28.775529 39.476738 39.476738 28.555036 0.263063
SEG 38.306266 37.740464 28.775529 39.482909 39.482909 29.605 0.263063
SEG 38.306266 37.740464 28.775529 39.471025 39.471025 27.505067 0.263063
SEG 38.307443 38.44528 9.6300398 39.409056 39.409056 11.646026 0.263063
SEG 38.308718 30.974369 35.472179 39.568945 30.965295 32.940996 0.320653
SEG 38.338079 2.5495723 13.269854 39.642221 4.8202559 13.590105 0.27244
SEG 38.338079 2.5495723 13.269854 39.63934 4.8216126 12.070549 0.27244
SEG 38.363397 3.1845373 20.917999 39.662603 4.6566294 22.135963 0.27244
SEG 38.363397 3.1845373 20.917999 39.655809 4.7251068 19.4241 0.27244
SEG 38.363832 34.946472 28.884546 39.183677 36.403696 29.260287 0.288771
SEG 38.363832 34.946472 28.884546 39.557064 33.192932 29.373105 0.288771
SEG 38.363832 34.946472 28.884546 38.91205 37.417624 29.234404 0.288771
SEG 38.365184 35.177174 32.350056 38.978919 37.325215 32.641917 0.263063
SEG 38.365184 35.177174 32.350056 39.58706 33.183064 32.789629 0.263063
SEG 38.365184 35.177174 32.350056 38.489196 38.253824 32.623038 0.263063
SEG 38.407662 38.338463 29.22223 39.489702 39.489702 30.654956 0.263063
SEG 38.407662 38.338463 29.22223 39.471025 39.471025 27.505067 0.263063
SEG 38.447668 20.528248 19.970651 39.645058 20.908916 21.741092 0.266447
SEG 38.447668 20.528248 19.970651 39.042805 20.432837 17.32211 0.314416
SEG 38.447668 20.528248 19.970651 39.630166 20.899332 17.541694 0.266447
SEG 38.478172 10.154784 25.459304 39.596359 8.3238202 25.561183 0.263063
SEG 38.478172 10.154784 25.459304 39.591607 8.3673351 24.293474 0.263063
SEG 38.478172 10.154784 25.459304 39.601285 8.2802299 26.798377 0.263063
SEG 38.489196 38.253824 32.623038 39.497337 39.497337 31.7049 0.263063
SEG 38.515006 9.651485 34.013782 39.681151 9.0399361 32.848874 0.263063
SEG 38.515006 9.651485 34.013782 39.703102 9.9901316 32.739987 0.263063
SEG 38.515006 9.651485 34.013782 39.641811 8.0636973 33.452364 0.263063
SEG 38.542606 38.004322 16.577198 39.429269 39.429269 18.164557 0.263063
SEG 38.542606 38.004322 16.577198 39.417456 39.417456 14.966284 0.263063
SEG 38.568493 1.8460968 32.623835 39.537675 1.0491112 31.163845 0.263063
SEG 38.568493 1.8460968 32.623835 38.817895 3.8263366 32.019356 0.263063
SEG 38.568493 1.8460968 32.623835 39.563857 0.99075062 34.313183 0.263063
SEG 38.571071 12.659727 12.594068 39.042805 14.229558 11.118831 0.314416
SEG 38.571071 12.659727 12.594068 39.491521 12.838206 10.562725 0.263063
SEG 38.571071 12.659727 12.594068 39.506782 12.893611 15.265352 0.263063
SEG 38.583009 19.690284 30.953715 39.681313 20.935232 30.496672 0.281671
SEG 38.583009 19.690284 30.953715 39.6875 20.9375 31.5625 0.266447
SEG 38.583009 19.690284 30.953715 39.68337 20.901868 29.373586 0.266447
SEG 38.597604 9.949188 32.588386 39.638262 8.0408191 32.613118 0.263063
SEG 38.606923 25.517548 17.424948 39.042805 23.534477 17.32211 0.314416
SEG 38.606923 25.517548 17.424948 39.597214 23.839344 16.686585 0.315453
SEG 38.606923 25.517548 17.424948 39.59125 23.521915 16.687715 0.314416
SEG 38.647638 16.736449 25.510431 39.6875 17.1875 27.1875 0.30493
SEG 38.647638 16.736449 25.510431 39.673618 17.225091 23.332928 0.30493
SEG 38.69652 11.878824 21.685679 39.525044 12.84476 19.630889 0.263063
SEG 38.728085 4.6026545 8.5456101 39.637178 4.804916 10.543551 0.27244
SEG 38.740302 2.939842 13.269962 39.63934 4.8216126 12.070549 0.27244
SEG 38.759451 2.1989134 29.227379 39.520212 1.0885062 28.014142 0.286202
SEG 38.759451 2.1989134 29.227379 39.346382 1.1484989 27.046791 0.286202
SEG 38.764902 16.702029 29.225001 39.6875 17.1875 27.1875 0.293229
SEG 38.812563 1.967957 35.704899 39.563857 0.99075062 34.313183 0.263063
SEG 38.812563 1.967957 35.704899 38.866289 3.7087388 35.01666 0.263063
SEG 38.812563 1.967957 35.704899 39.622531 0.87051586 37.460142 0.263063
SEG 38.817895 3.8263366 32.019356 39.705133 4.2725169 33.438127 0.263063
SEG 38.817895 3.8263366 32.019356 39.687494 4.3985977 30.290705 0.263063
SEG 38.834648 30.425083 29.0034 39.617076 32.067439 29.413877 0.285252
SEG 38.834648 30.425083 29.0034 39.557064 33.192932 29.373105 0.285252
SEG 38.866289 3.7087388 35.01666 39.270442 3.8129892 32.680881 0.263063
SEG 38.895198 9.0512284 1.2602138 39.641074 7.7416856 2.5007703 0.263063
SEG 38.895198 9.0512284 1.2602138 39.515821 8.038211 4.1117026 0.263063
SEG 38.902441 23.861415 3.8363846 39.628629 25.342721 5.5942467 0.276495
SEG 38.902441 23.861415 3.8363846 39.718382 25.570721 2.2575798 0.276495
SEG 38.902441 23.861415 3.8363846 39.67652 20.974652 3.0564765 0.266447
SEG 38.911425 9.9580113 1.234597 39.73689 7.5770015 1.4121847 0.263063
SEG 38.911425 9.9580113 1.234597 39.641074 7.7416856 2.5007703 0.263063
SEG 38.91205 37.417624 29.234404 39.482909 39.482909 29.605 0.263063
SEG 38.954584 1.0454162 30.237637 39.54496 1.0327543 32.213693 0.263063
SEG 38.954584 1.0454162 30.237637 39.520212 1.0885062 28.014142 0.263063
SEG 38.963877 8.1130023 12.643933 39.558696 8.5914839 14.665949 0.263063
SEG 38.963877 8.1130023 12.643933 39.547324 8.5293628 10.164398 0.263063
SEG 38.978919 37.325215 32.641917 39.506125 39.506125 32.754827 0.263063
SEG 38.979771 8.1112859 16.947171 39.57299 8.5252484 18.946819 0.263063
SEG 38.979771 8.1112859 16.947171 39.558696 8.5914839 14.665949 0.263063
SEG 38.98849 9.1936842 8.2680858 39.547324 8.5293628 10.164398 0.263063
SEG 38.98849 9.1936842 8.2680858 39.561442 8.1781643 5.5004201 0.263063
SEG 39.019599 2.7940082 32.645452 39.705133 4.2725169 33.438127 0.263063
SEG 39.019599 2.7940082 32.645452 39.54496 1.0327543 32.213693 0.263063
SEG 39.019599 2.7940082 32.645452 39.553484 1.0137138 33.263485 0.263063
SEG 39.042805 1.8229994 14.22047 39.629242 4.1643052 13.273502 0.314416
SEG 39.042805 1.8229994 20.423749 39.048085 4.381372 20.891815 0.314416
SEG 39.042805 1.8229994 20.423749 39.659224 4.6915771 20.798532 0.27244
SEG 39.042805 1.8229994 39.033587 39.622531 0.87051586 37.460142 0.286202
SEG 39.042805 8.0262787 17.32211 39.57299 8.5252484 18.946819 0.263063
SEG 39.042805 8.0262787 17.32211 39.06989 5.4464655 17.133247 0.314416
SEG 39.042805 14.229558 11.118831 39.524837 12.960602 12.174115 0.263063
SEG 39.042805 14.229558 11.118831 39.490387 12.777479 8.9255099 0.263063
SEG 39.042805 14.229558 17.32211 39.506782 12.893611 15.265352 0.263063
SEG 39.042805 14.229558 17.32211 39.525044 12.84476 19.630889 0.263063
SEG 39.042805 20.432837 11.118831 39.615266 20.89927 13.057725 0.266447
SEG 39.042805 20.432837 11.118831 39.609188 20.920673 8.1767846 0.266447
SEG 39.042805 20.432837 17.32211 39.635194 20.901859 18.966775 0.266447
SEG 39.042805 20.432837 17.32211 39.569399 22.358942 16.691853 0.314416
SEG 39.042805 23.534477 4.9155513 39.628629 25.342721 5.5942467 0.276495
SEG 39.042805 23.534477 4.9155513 39.647528 25.437558 3.9065975 0.314416
SEG 39.042805 23.534477 4.9155513 39.634567 20.953824 4.7508097 0.266447
SEG 39.042805 23.534477 11.118831 39.615826 25.137192 10.577491 0.276495
SEG 39.042805 23.534477 11.118831 39.624222 25.036727 12.158401 0.276495
SEG 39.042805 23.534477 11.118831 39.610601 20.904732 11.119946 0.314416
SEG 39.042805 23.534477 17.32211 39.637787 25.108443 18.11297 0.276495
SEG 39.042805 23.534477 17.32211 39.640281 25.257715 16.675794 0.276495
SEG 39.042805 23.534477 23.525389 39.649934 20.913019 23.0923 0.266447
SEG 39.042805 23.534477 23.525389 39.65478 20.917223 24.406558 0.314416
SEG 39.042805 23.534477 23.525389 39.105432 25.639569 21.601522 0.314416
SEG 39.048085 4.381372 20.891815 39.665956 4.6208472 23.432856 0.27244
SEG 39.048085 4.381372 20.891815 39.652364 4.7563459 18.016084 0.27244
SEG 39.0625 5.9375 25.3125 39.676066 4.5116858 27.04102 0.27244
SEG 39.0625 5.9375 25.3125 39.665956 4.6208472 23.432856 0.27244
SEG 39.0625 5.9375 25.3125 39.596359 8.3238202 25.561183 0.263063
SEG 39.06989 5.4464655 17.133247 39.645462 4.8065013 15.087506 0.27244
SEG 39.06989 5.4464655 17.133247 39.655809 4.7251068 19.4241 0.27244
SEG 39.092268 3.1945358 29.249023 39.679544 4.4754357 28.134601 0.27244
SEG 39.092268 3.1945358 29.249023 39.525502 1.0765556 29.064061 0.286202
SEG 39.105432 25.639569 21.601522 39.642525 25.124571 19.515507 0.276495
SEG 39.179461 22.016265 34.068204 39.705276 20.911135 32.6543 0.263063
SEG 39.183677 36.403696 29.260287 39.251662 38.196879 28.755238 0.263063
SEG 39.189544 8.269786 16.94784 39.558696 8.5914839 14.665949 0.263063
SEG 39.211843 2.9864155 35.739423 39.714687 4.2286382 34.487166 0.263063
SEG 39.211843 2.9864155 35.739423 39.577048 0.96195657 35.362705 0.263063
SEG 39.211843 2.9864155 35.739423 39.594941 0.92391058 36.411863 0.263063
SEG 39.251662 38.196879 28.755238 39.471025 39.471025 27.505067 0.263063
SEG 39.251662 38.196879 28.755238 39.489702 39.489702 30.654956 0.263063
SEG 39.270442 3.8129892 32.680881 39.714687 4.2286382 34.487166 0.263063
SEG 39.270442 3.8129892 32.680881 39.687494 4.3985977 30.290705 0.263063
SEG 39.325783 28.194708 1.1029037 39.718382 25.570721 2.2575798 0.263063
SEG 39.346382 1.1484989 27.046791 39.693248 0.49392632 24.050947 0.286202
SEG 39.403721 16.074084 20.812492 39.673618 17.225091 23.332928 0.30493
SEG 39.424266 4.8509073 32.720432 39.714687 4.2286382 34.487166 0.263063
SEG 39.424266 4.8509073 32.720432 39.687494 4.3985977 30.290705 0.263063
SEG 39.434409 27.151382 1.056296 39.718382 25.570721 2.2575798 0.263063
SEG 39.4346 13.332345 8.0825072 39.491521 12.838206 10.562725 0.263063
SEG 39.510042 1.1114938 25.781534 39.693248 0.49392632 24.050947 0.286202
SEG 39.524698 5.8953847 32.758909 39.705133 4.2725169 33.438127 0.263063
SEG 39.524698 5.8953847 32.758909 39.692229 4.3583222 31.339922 0.263063
SEG 39.524698 5.8953847 32.758909 39.641811 8.0636973 33.452364 0.263063
SEG 39.563461 8.5782593 16.123017 39.668721 6.7765075 17.150965 0.263063
SEG 39.568241 8.5553154 17.546665 39.668721 6.7765075 17.150965 0.263063
SEG 39.569399 22.358942 16.691853 39.620043 20.897649 14.590073 0.266447
SEG 39.569399 22.358942 16.691853 39.635194 20.901859 18.966775 0.266447
SEG 39.58695 8.4100755 22.996949 39.692471 9.3718837 25.493728 0.263063
SEG 39.58695 8.4100755 22.996949 39.692457 9.3728691 25.493666 0.263063
SEG 39.58695 8.4100755 22.996949 39.68164 10.10237 25.447678 0.263063
SEG 39.59125 23.521915 16.687715 39.637787 25.108443 18.11297 0.276495
SEG 39.59125 23.521915 16.687715 39.628111 25.091605 15.203619 0.276495
SEG 39.591607 8.3673351 24.293474 39.68164 10.10237 25.447678 0.263063
SEG 39.591607 8.3673351 24.293474 39.68159 10.105774 25.447464 0.263063
SEG 39.59411 6.9425155 32.793533 39.624704 8.1221801 31.353254 0.263063
SEG 39.59411 6.9425155 32.793533 39.65363 8.042649 34.502087 0.263063
SEG 39.594941 0.92391058 36.411863 39.626062 1.6784995 38.938611 0.286202
SEG 39.594941 0.92391058 36.411863 39.673352 1.8664853 38.943015 0.263063
SEG 39.597214 23.839344 16.686585 39.637787 25.108443 18.11297 0.276495
SEG 39.597214 23.839344 16.686585 39.628111 25.091605 15.203619 0.276495
SEG 39.601285 8.2802299 26.798377 39.68164 10.10237 25.447678 0.263063
SEG 39.601285 8.2802299 26.798377 39.68159 10.105774 25.447464 0.263063
SEG 39.60648 8.2372949 28.002654 39.692471 9.3718837 25.493728 0.263063
SEG 39.60648 8.2372949 28.002654 39.692457 9.3728691 25.493666 0.263063
SEG 39.622531 0.87051586 37.460142 39.673352 1.8664853 38.943015 0.263063
SEG 39.624704 8.1221801 31.353254 39.681151 9.0399361 32.848874 0.263063
SEG 39.624704 8.1221801 31.353254 39.703102 9.9901316 32.739987 0.263063
SEG 39.629242 4.1643052 13.273502 39.645462 4.8065013 15.087506 0.27244
SEG 39.629242 4.1643052 13.273502 39.637178 4.804916 10.543551 0.27244
SEG 39.641811 8.0636973 33.452364 39.703102 9.9901316 32.739987 0.263063
SEG 39.648882 4.7842534 16.564176 39.668721 6.7765075 17.150965 0.27244
SEG 39.673618 17.225091 23.332928 39.686511 16.727851 25.502009 0.30493
SEG 39.675332 0.7945804 38.50606 39.736882 2.6746538 38.919726 0.263063
SEG 39.675332 0.7945804 38.50606 39.736905 2.6749498 38.919718 0.263063
SEG 39.68337 20.901868 29.373586 39.693699 19.665021 30.871841 0.266447
SEG 39.686511 16.727851 25.502009 39.6875 17.1875 27.1875 0.30493
SEG 39.693699 19.665021 30.871841 39.705276 20.911135 32.6543 0.266447
SEG 0.32366661 9.4218054 25.802846 1.1273185 5.8244383 25.433956 0.297384
SEG 0.33381468 38.513306 21.197465 1.8622223 35.809549 20.758131 0.323411
SEG 0.35651691 38.479871 16.7838 1.6236036 37.123602 13.269676 0.324532
SEG 0.40025699 32.90895 32.798288 0.46627836 33.798087 30.887324 0.263063
SEG 0.43036114 18.018586 2.0847591 0.93454792 20.675354 3.6931406 0.263063
SEG 0.45681635 33.644912 25.47014 1.3256612 30.517681 25.553153 0.297384
SEG 0.46020863 15.638053 2.1715645 0.3125 11.5625 1.5625 0.263063
SEG 0.51102636 4.507931 25.635617 1.6704167 1.6704167 25.033647 0.295344
SEG 0.52107168 38.565597 25.56754 1.4536251 38.155411 29.223386 0.288771
SEG 0.52291322 33.395656 18.662346 1.8622223 35.809549 20.758131 0.263063
SEG 0.528296 33.365017 17.242609 0.99406806 30.106471 16.323729 0.263063
SEG 0.53364979 33.340917 15.799019 0.99406806 30.106471 16.323729 0.263063
SEG 0.60051662 20.553376 2.1442666 0.36959307 23.515863 3.8595012 0.263063
SEG 0.63165704 37.35882 25.588155 1.8119843 34.302479 25.449631 0.297384
SEG 0.6957428 31.266076 2.8245979 1.174711 29.826735 4.2994092 0.263063
SEG 0.71216515 8.4288863 2.8678505 0.3125 11.5625 1.5625 0.263063
SEG 0.72901802 37.044679 32.589081 0.85494723 37.248255 35.730474 0.263063
SEG 0.73150806 38.819252 3.933474 1.823129 35.941036 1.8139116 0.263063
SEG 0.84523079 20.693508 34.666598 1.8259839 20.148009 30.593497 0.305738
SEG 0.85677745 20.549854 19.276697 0.33204699 23.498577 20.101695 0.331995
SEG 0.91685777 17.601477 34.634792 0.85613795 20.657512 33.005157 0.305738
SEG 0.91728406 39.595741 25.698521 4.5481453 39.672661 25.88966 0.27244
SEG 0.92647398 22.851096 34.634006 0.85613795 20.657512 33.005157 0.305738
SEG 0.94203735 16.551781 34.632784 1.7681135 16.561352 30.481918 0.310921
SEG 0.98097897 15.502506 34.630321 1.7681135 16.561352 30.481918 0.310921
SEG 1.010079 39.560053 38.785462 2.0186881 38.840774 35.706132 0.263063
SEG 1.0137138 39.553484 33.263485 3.1087441 39.111469 32.655743 0.263063
SEG 1.0223046 20.662504 5.3298296 1.823129 23.534477 4.9155513 0.305738
SEG 1.0235577 37.197662 29.239459 1.4789059 34.311413 29.098931 0.288771
SEG 1.0458872 20.629231 16.364135 0.67966476 21.879423 19.337182 0.305738
SEG 1.063547 39.531266 30.113964 3.28715 39.112083 29.251651 0.286202
SEG 1.0647069 20.651318 6.9937337 1.823129 23.534477 4.9155513 0.305738
SEG 1.0815182 20.642553 8.6471168 1.2541037 19.716436 12.575655 0.305738
SEG 1.0987282 29.681961 30.566204 0.28785894 29.761959 32.873198 0.263063
SEG 1.0998865 39.515177 26.942186 2.2864996 38.794778 29.228939 0.286202
SEG 1.1225371 39.505155 24.620876 4.5460442 39.675832 24.683791 0.27244
SEG 1.1338336 39.500151 23.383974 4.6208472 39.665956 23.432856 0.27244
SEG 1.145328 39.495052 22.080416 4.6566294 39.662603 22.135963 0.27244
SEG 1.1471838 25.852595 34.658849 0.3125 28.4375 34.6875 0.263063
SEG 1.1569649 39.489878 20.717859 4.4351465 38.924668 20.755264 0.286202
SEG 1.1686547 39.484664 19.30265 4.7251068 39.655809 19.4241 0.27244
SEG 1.1804028 39.479396 17.818578 4.7563459 39.652364 18.016084 0.27244
SEG 1.191703 39.474286 16.294676 2.6323019 38.251461 13.269134 0.286202
SEG 1.2062868 39.465273 8.2209352 1.823129 39.042675 4.9155513 0.286202
SEG 1.2155314 39.462212 9.8634772 4.7633259 39.636272 9.0199897 0.286202
SEG 1.2463528 29.665932 5.838758 1.613289 28.196183 4.0022587 0.322136
SEG 1.2803875 29.540512 7.3433707 0.94792843 32.135143 8.4066896 0.322136
SEG 1.291592 29.341293 11.826921 1.5452993 25.534902 11.627733 0.322136
SEG 1.3467547 25.690635 28.268453 0.28823994 23.563495 29.720461 0.287856
SEG 1.3854521 25.644524 25.718387 0.3109873 22.297281 26.267755 0.310942
SEG 1.403486 25.62025 24.411732 1.3987317 28.346105 21.845285 0.322136
SEG 1.421104 25.596061 23.07809 1.3987317 28.346105 21.845285 0.322136
SEG 1.5056576 25.510182 16.117909 0.51618984 26.110035 19.295438 0.331995
SEG 1.5095827 37.487182 16.81962 1.6236036 37.123602 13.269676 0.324532
SEG 1.5148769 25.690101 6.9096009 1.823129 23.534477 4.9155513 0.314416
SEG 1.5392537 1.5392537 32.711145 1.0522125 2.2323619 35.712489 0.263063
SEG 1.541652 25.620057 8.4900851 1.2944331 29.44675 8.8463266 0.322136
SEG 1.5491766 25.568688 10.072598 1.101984 27.507338 12.414306 0.329054
SEG 1.6619846 10.306813 34.626193 1.6317346 6.2644781 34.68069 0.271546
SEG 1.6814605 1.6814605 5.0998063 1.0678357 3.1168219 3.7080572 0.263063
SEG 1.7131883 6.3256024 32.577023 0.37299603 5.8820103 35.760145 0.263063
SEG 1.7642391 1.7642391 7.4748064 0.71903891 4.3889427 5.2426598 0.263063
SEG 1.7859995 1.7859995 8.8803076 0.71903891 4.3889427 5.2426598 0.263063
SEG 1.7900874 1.7900874 13.502922 2.3132187 1.3521401 17.551922 0.27931
SEG 1.7947855 6.4413218 29.277158 0.392298 6.9313156 25.716042 0.271546
SEG 1.8154545 6.2951796 31.542041 0.37299603 5.8820103 35.760145 0.263063
SEG 1.823129 1.8229994 8.0171909 0.71903891 4.3889427 5.2426598 0.263063
SEG 1.823129 1.8229994 14.22047 2.3132187 1.3521401 17.551922 0.314416
SEG 2.7151075 2.7933495 39.36534 6.3086864 5.432506 39.398087 0.263063
SEG 3.1192048 19.705417 0.8133931 2.67104 15.971705 1.6690022 0.357554
SEG 3.1432599 18.840762 0.81477589 2.67104 15.971705 1.6690022 0.357554
SEG 3.2420127 22.707587 0.82156412 4.9659379 26.111185 0.99788583 0.385125
SEG 3.4375 20.3125 39.0625 3.8076489 22.233087 39.66672 0.263063
SEG 3.8712406 26.516546 0.85939935 2.5830003 23.604766 1.7936131 0.385125
SEG 4.1370728 7.7128184 39.407625 1.823129 8.0262787 39.033587 0.263063
SEG 4.2260923 39.511716 32.541126 6.7728857 38.387998 32.836578 0.263063
SEG 4.3102614 39.682726 28.255761 6.4444058 39.531465 29.359777 0.267808
SEG 4.3776776 39.496443 29.255626 1.9251425 38.702275 30.955459 0.263063
SEG 4.5185994 36.848823 39.332625 5.4846078 34.297829 39.653234 0.263063
SEG 4.7842534 39.648882 16.564176 3.7262288 39.29686 13.270681 0.324532
SEG 4.8202559 39.642221 13.590105 6.5825646 39.486695 11.190353 0.27244
SEG 5.0774033 0.33918295 17.629416 1.7515481 1.7515481 18.098269 0.339136
SEG 5.2336132 30.189092 0.914497 4.9247686 32.839396 1.8139116 0.314416
SEG 5.680123 30.975346 0.92557901 4.9247686 32.839396 1.8139116 0.314416
SEG 5.7436008 5.9799169 39.336445 8.2262968 5.5128569 39.272885 0.263063
SEG 6.2924682 1.6766699 33.632026 6.1275319 0.48875342 29.34775 0.271546
SEG 6.3229745 1.7630944 32.354225 6.1275319 0.48875342 29.34775 0.271546
SEG 6.4834245 9.609583 39.320899 7.2201573 7.3221875 39.265162 0.271009
SEG 6.5625 7.8125 0.9375 3.6192049 7.9205318 1.4947305 0.268531
SEG 7.1330648 8.9437817 39.393985 8.1090052 11.193053 39.233031 0.263063
SEG 7.6561918 33.305099 0.93835946 8.0264083 35.941036 1.8139116 0.314416
SEG 7.6596747 33.247868 0.93605207 8.0264083 35.941036 1.8139116 0.314416
SEG 7.7647382 24.530649 39.22463 8.4375 26.5625 39.6875 0.27375
SEG 7.9435547 15.772504 39.223726 5.4462947 17.211339 39.236556 0.27375
SEG 7.9793422 6.4252571 0.93638143 5.1229975 5.1229975 0.41207335 0.26534
SEG 8.1781643 39.561442 5.5004201 9.5507935 38.862376 2.9647875 0.263063
SEG 8.1958567 39.612051 29.170236 10.529597 38.619924 29.228229 0.263063
SEG 8.3178136 33.155142 39.263571 6.8009187 30.941328 39.645813 0.263063
SEG 8.4375 4.0625 39.0625 9.0152361 6.2942319 39.263518 0.268531
SEG 8.4512883 39.582325 21.672936 10.109047 39.475876 19.521116 0.263063
SEG 8.9055769 20.469054 0.93249719 10.256459 23.188367 1.7071469 0.369556
SEG 8.9399631 36.600827 39.665238 10.655755 34.492025 39.650667 0.263063
SEG 9.1012456 19.014796 39.219176 7.0203831 20.159925 39.224708 0.277011
SEG 9.3604327 6.7163884 39.395396 7.2201573 7.3221875 39.265162 0.263063
SEG 9.7928358 38.679887 1.2866008 8.0264083 35.941036 1.8139116 0.263063
SEG 9.9209779 26.607811 39.225068 10.899066 28.807439 39.685197 0.271009
SEG 11.542104 15.855453 39.221527 12.49104 18.220733 38.438758 0.271009
SEG 11.787745 23.670783 39.221198 10.9375 26.5625 39.0625 0.280474
SEG 11.793123 4.7593819 39.337592 14.251815 5.5036785 39.366748 0.263063
SEG 12.460034 29.292586 39.241379 13.172597 31.262351 39.686987 0.263063
SEG 12.543972 39.641622 33.262689 9.7206839 38.411907 32.895675 0.263063
SEG 12.566 39.593211 32.32541 9.7206839 38.411907 32.895675 0.263063
SEG 12.687198 39.494811 7.2574905 12.528985 38.619127 11.042273 0.263063
SEG 12.691065 39.555055 26.360205 10.689369 39.709591 29.361032 0.263063
SEG 12.755573 39.542872 23.750657 9.177557 39.10771 21.792924 0.263063
SEG 12.762431 39.576644 25.056463 8.3673351 39.591607 24.293474 0.263063
SEG 12.84476 39.525044 19.630889 10.109047 39.475876 19.521116 0.263063
SEG 13.214088 0.48889513 12.222529 11.128048 1.8229994 11.118831 0.314416
SEG 13.293807 10.081821 39.240317 14.229688 8.0262787 39.033587 0.263063
SEG 13.448064 0.67306931 16.775178 13.402846 0.44889095 12.965992 0.328402
SEG 14.229688 1.8229994 23.525389 14.229688 1.8229994 26.627029 0.314416
SEG 14.734255 0.49454588 16.718955 13.402846 0.44889095 12.965992 0.328402
SEG 14.771126 0.48669427 12.204124 11.128048 1.8229994 11.118831 0.314416
SEG 14.794154 36.415893 0.84326535 16.489887 34.894268 0.34362422 0.341306
SEG 15.147551 7.819576 39.236673 14.251815 5.5036785 39.366748 0.273054
SEG 16.137067 3.3672261 0.83004954 13.795514 4.3126417 0.34135269 0.341306
SEG 16.676432 5.3610256 39.248629 14.251815 5.5036785 39.366748 0.276896
SEG 17.000739 39.182331 2.3945847 20.985193 39.733507 2.1723021 0.263063
SEG 17.035107 39.182827 2.3936619 20.985193 39.733507 2.1723021 0.266447
SEG 17.172514 39.638395 6.8487853 20.935245 39.615913 6.4753812 0.266447
SEG 17.228073 0.37209 20.950797 19.777114 1.4915318 20.367629 0.318935
SEG 17.331327 1.8229994 4.9155513 19.949722 0.3796081 7.2770314 0.314416
SEG 17.469757 0.63255394 16.735199 20.630342 1.0331174 17.800615 0.305738
SEG 17.54219 36.781783 0.82013202 16.489887 34.894268 0.34362422 0.341306
SEG 17.583285 22.220204 39.149242 18.32846 19.110333 39.236014 0.287919
SEG 17.723482 36.189865 39.666681 16.635018 33.921907 39.693551 0.263063
SEG 18.449748 6.7360475 39.236997 17.194971 8.8655423 39.23225 0.273054
SEG 18.772495 36.23536 39.667435 19.948635 34.494989 39.170861 0.263063
SEG 19.271991 25.300308 39.162228 16.580061 23.129367 39.235993 0.287924
SEG 19.430635 36.875625 0.81363007 20.929096 38.673417 1.2903525 0.263063
SEG 19.951854 3.1181992 0.81325607 23.604766 2.5830003 1.7936131 0.385125
SEG 20.088752 38.38797 15.404951 20.899332 39.630166 17.541694 0.266447
SEG 20.209668 15.753887 39.687544 22.292735 16.394966 39.66921 0.282761
SEG 20.395813 3.1315163 0.81418706 23.604766 2.5830003 1.7936131 0.314416
SEG 20.609506 0.86684863 16.548119 19.777114 1.4915318 20.367629 0.305738
SEG 20.642504 0.96861939 24.602876 19.755167 1.3544817 27.948882 0.299116
SEG 20.648034 0.94161256 27.149652 19.757837 1.4518151 24.15631 0.305738
SEG 20.897649 39.620043 14.590073 23.029301 38.443621 15.403879 0.266447
SEG 20.900507 37.332387 0.73325478 21.987977 35.432203 0.26310931 0.263063
SEG 20.913019 39.649934 23.0923 20.530655 38.789886 19.966346 0.266447
SEG 20.919073 39.662037 24.427637 19.055979 39.692931 27.173633 0.266447
SEG 20.980542 39.205066 2.3521543 23.839383 38.918332 3.8360863 0.266447
SEG 22.182261 30.011124 39.2331 22.91704 27.778948 38.439389 0.28635
SEG 22.927451 3.2622574 0.82299587 25.699046 2.6329938 0.73649945 0.389352
SEG 22.969734 36.144648 39.665964 21.735985 34.619128 38.485099 0.263063
SEG 23.719633 9.3788785 0.9471628 27.161591 10.126288 0.36326128 0.341306
SEG 24.829172 39.139264 2.4738969 25.392156 39.640451 4.8430842 0.263063
SEG 24.9115 7.7819512 39.236868 22.1875 7.1875 39.0625 0.273054
SEG 25.139966 30.142647 0.95932186 23.534607 32.839396 1.8139116 0.314416
SEG 25.178544 39.6579 22.2321 25.215943 38.552389 19.611907 0.276495
SEG 25.199795 39.668936 24.897629 25.620708 39.683945 21.59915 0.276495
SEG 25.234165 39.6826 28.670693 21.76997 39.725257 30.756907 0.274686
SEG 25.236171 39.665914 26.177948 24.22682 39.704264 29.114918 0.276495
SEG 25.248477 39.685808 29.079274 21.76997 39.725257 30.756907 0.274686
SEG 25.251391 39.61758 7.2864726 26.636246 39.042675 4.9155513 0.276495
SEG 25.273754 39.691474 29.80084 21.76997 39.725257 30.756907 0.274686
SEG 25.342721 39.628629 5.5942467 23.839383 38.918332 3.8360863 0.276389
SEG 25.5993 35.961907 39.271012 25.274132 33.370802 39.692374 0.273854
SEG 25.62025 1.403486 24.411732 25.588011 0.33313712 20.898685 0.32564
SEG 25.690635 1.3467547 28.268453 29.615115 1.1346083 28.152172 0.301734
SEG 25.707522 3.6815442 0.84912427 23.604766 2.5830003 1.7936131 0.385125
SEG 25.710994 1.3253864 29.506747 29.64995 1.1176499 29.367264 0.294017
SEG 25.754453 1.2474793 32.999112 28.023801 1.6401412 33.990089 0.324388
SEG 25.842355 1.2601307 34.025149 29.748229 1.0260445 33.888002 0.322136
SEG 25.84625 7.114681 39.240779 26.023789 4.2412781 39.660796 0.263063
SEG 25.868581 1.3330593 25.641118 26.722968 1.3210587 28.590139 0.301734
SEG 25.972246 1.0958958 1.2742211 23.515682 1.6513035 3.7766038 0.263063
SEG 25.979479 10.62482 39.238911 23.242025 10.774589 39.430411 0.280474
SEG 26.092423 35.74441 39.660637 24.303247 34.043915 39.470899 0.263063
SEG 26.657196 28.541564 39.23967 28.837413 28.837413 39.1967 0.263063
SEG 26.730507 3.9255233 0.86233592 29.737886 4.9246391 1.8139116 0.314416
SEG 27.101381 35.975477 0.86749535 25.882124 38.675177 1.2893049 0.263063
SEG 27.221456 15.721138 39.239751 29.0625 17.1875 39.6875 0.263063
SEG 28.099517 38.349558 33.990423 29.803745 39.480537 34.029932 0.263063
SEG 28.927237 34.548697 39.455448 31.169731 35.039685 38.893598 0.270847
SEG 29.28673 39.247083 19.535843 29.699205 39.233656 15.38074 0.314416
SEG 29.300018 0.99893665 18.976474 31.775589 1.7507284 18.291629 0.314862
SEG 29.316216 1.2715644 14.728545 29.220502 0.38293237 12.261544 0.322136
SEG 29.432013 4.8612473 0.90300827 26.111185 4.9659379 0.99788583 0.389352
SEG 29.44675 1.2944331 8.8463266 26.755828 0.47984293 7.7250978 0.349168
SEG 29.499093 1.2865922 8.0073067 26.755828 0.47984293 7.7250978 0.314416
SEG 29.501264 1.1793209 24.335882 28.125672 1.3353519 21.685881 0.314261
SEG 29.6808 1.2553178 25.565906 30.217212 1.4923957 29.078978 0.290881
SEG 29.681961 1.0987282 30.566204 31.770629 0.36872546 29.424178 0.288771
SEG 29.704856 5.0094444 0.90692888 26.111185 4.9659379 0.99788583 0.314416
SEG 29.826735 1.174711 4.2994092 29.737886 1.8229994 8.0171909 0.314416
SEG 30.045587 12.032505 39.245286 32.516908 14.228335 39.247807 0.263063
SEG 30.246379 39.368778 15.376741 29.406857 38.817688 17.632981 0.327939
SEG 30.368011 11.671513 39.204782 32.516908 14.228335 39.247807 0.278668
SEG 30.38381 5.3375971 0.91740821 33.834843 6.4186036 1.1392533 0.321052
SEG 30.758353 11.234478 39.155747 33.306545 13.376102 39.177554 0.263063
SEG 30.917398 22.333465 0.93828085 35.432077 21.988015 0.26310526 0.263063
SEG 31.100101 20.204847 0.93228796 29.719983 16.968393 1.1176739 0.280546
SEG 31.726692 33.198159 39.264006 31.169731 35.039685 38.893598 0.270847
SEG 32.187675 2.8121606 39.022383 32.632064 4.6463047 39.286252 0.263063
SEG 32.596948 20.75863 39.24456 31.276531 22.090962 38.45067 0.275905
SEG 32.727678 7.043751 0.939632 29.737886 4.9246391 1.8139116 0.314416
SEG 32.839525 35.941036 39.033587 31.169731 35.039685 38.893598 0.270847
SEG 33.209582 39.554651 29.372564 30.892905 38.132455 31.076313 0.288771
SEG 33.444884 7.8188642 0.93751136 34.301405 11.733331 0.60456053 0.264539
SEG 33.444914 39.625585 35.824932 32.318781 38.171015 36.978571 0.263063
SEG 33.468314 0.51235758 21.392512 33.078344 1.2830062 18.258432 0.322871
SEG 33.510227 39.566506 32.779248 35.9375 39.0625 34.0625 0.263063
SEG 33.633525 0.49119381 26.457636 32.890622 0.4233106 29.384144 0.263063
SEG 33.848799 0.51311868 28.973358 33.815941 1.5945222 32.086567 0.263063
SEG 34.363082 39.557682 29.403782 34.56459 39.569307 32.759103 0.263063
SEG 34.586756 38.494392 3.5482321 31.233384 38.275708 2.6981056 0.263063
SEG 34.908803 28.53641 39.461274 36.584255 30.496377 39.666068 0.263063
SEG 35.434716 39.345204 29.291527 35.598828 39.365416 32.703381 0.263063
SEG 35.625317 38.381249 3.7051026 35.941165 39.042675 8.0171909 0.263063
SEG 35.816944 25.716536 39.661478 33.716811 24.736893 39.693804 0.263063
SEG 35.941165 1.8229994 4.9155513 35.941165 1.8229994 8.0171909 0.314416
SEG 35.941165 39.042675 14.22047 39.417456 39.417456 14.966284 0.263063
SEG 36.115816 5.6780233 39.310907 33.892352 7.2037345 39.423569 0.263063
SEG 36.372343 25.438528 0.84594382 38.131742 23.61376 0.59351026 0.341306
SEG 36.455591 15.009183 0.84093831 34.894837 16.488898 0.34337338 0.263063
SEG 36.658964 38.267583 3.8505498 35.941165 39.042675 8.0171909 0.263063
SEG 36.756837 0.84873816 32.660118 33.905702 0.50198194 31.989591 0.263063
SEG 36.833606 4.9119257 39.330199 39.588387 2.9684115 39.727014 0.263063
SEG 36.842206 35.103504 39.330893 35.941165 32.839396 39.033587 0.314416
SEG 37.028202 35.305494 39.336216 35.941165 32.839396 39.033587 0.263063
SEG 37.314118 0.90434335 24.083527 33.549328 0.50190123 23.996728 0.263063
SEG 37.363912 18.285825 39.08536 36.082888 16.294871 39.665026 0.263063
SEG 37.918051 34.320551 1.6458148 35.018717 35.018717 1.4167674 0.263063
SEG 38.08653 1.3928965 29.22355 37.749881 1.1885791 32.630617 0.263063
SEG 38.347474 30.837267 36.322605 39.568945 30.965295 32.940996 0.320653
SEG 38.375765 33.027433 1.4140801 35.37672 32.412169 1.7286535 0.263063
SEG 38.66046 35.197078 14.028538 38.542606 38.004322 16.577198 0.331486
SEG 39.246944 36.310579 32.676237 39.506125 39.506125 32.754827 0.263063
SEG 39.397614 35.288289 29.121861 38.306266 37.740464 28.775529 0.263063
SEG 39.399962 35.334285 32.54638 39.560909 34.334908 29.404269 0.288771
SEG 39.402169 8.2912976 21.639885 38.69652 11.878824 21.685679 0.263063
SEG 39.408146 39.408146 9.9679395 35.941165 39.042675 8.0171909 0.263063
SEG 39.412523 39.412523 13.318799 35.941165 39.042675 14.22047 0.263063
SEG 39.435417 39.435417 19.682506 38.542606 38.004322 16.577198 0.263063
SEG 39.441588 39.441588 21.156118 38.263305 39.706025 24.820893 0.263063
SEG 39.449184 0.97537998 38.922139 38.812563 1.967957 35.704899 0.263063
SEG 39.490454 4.3318465 29.254051 38.817895 3.8263366 32.019356 0.263063
SEG 39.498367 4.0631436 35.704286 39.270442 3.8129892 32.680881 0.263063
SEG 39.500831 12.891455 13.734086 39.042805 14.229558 11.118831 0.263063
SEG 39.504929 12.887463 11.211218 39.4346 13.332345 8.0825072 0.314416
SEG 39.505155 1.1225371 24.620876 39.6693 4.5846009 24.685448 0.286202
SEG 39.519023 12.867653 18.210781 38.69652 11.878824 21.685679 0.263063
SEG 39.529227 5.0592098 35.801645 39.705133 4.2725169 33.438127 0.263063
SEG 39.531001 12.817571 21.026948 39.403721 16.074084 20.812492 0.263063
SEG 39.531266 1.063547 30.113964 39.092268 3.1945358 29.249023 0.286202
SEG 39.54669 8.4545055 8.6233773 39.636272 4.7633259 9.0199897 0.349735
SEG 39.550168 8.3396034 7.0638809 39.636272 4.7633259 9.0199897 0.263063
SEG 39.554162 8.5911144 13.187814 39.189544 8.269786 16.94784 0.263063
SEG 39.561381 13.048292 16.730412 38.571071 12.659727 12.594068 0.263063
SEG 39.574552 8.5865657 11.72625 38.98849 9.1936842 8.2680858 0.263063
SEG 39.577683 8.4900638 20.322557 39.042805 8.0262787 17.32211 0.263063
SEG 39.588704 34.29932 32.767783 39.560909 34.334908 29.404269 0.263063
SEG 39.590433 20.886971 16.391709 39.042805 23.534477 17.32211 0.314416
SEG 39.60255 6.1064704 35.819415 39.714687 4.2286382 34.487166 0.263063
SEG 39.608608 20.910132 9.8499306 39.042805 23.534477 11.118831 0.266447
SEG 39.611153 20.903236 11.471943 39.042805 23.534477 11.118831 0.266447
SEG 39.612051 8.1958567 29.170236 39.681151 9.0399361 32.848874 0.263063
SEG 39.614616 25.183662 8.9468826 39.042805 23.534477 11.118831 0.276495
SEG 39.615913 20.935245 6.4753812 39.042805 23.534477 4.9155513 0.266447
SEG 39.61758 25.251391 7.2864726 39.042805 23.534477 4.9155513 0.276495
SEG 39.618113 8.1569372 30.29463 39.681151 9.0399361 32.848874 0.263063
SEG 39.619212 25.096676 11.215046 39.610601 20.904732 11.119946 0.314416
SEG 39.621716 20.896703 17.297122 39.59125 23.521915 16.687715 0.314416
SEG 39.623417 25.094716 13.705064 39.042805 23.534477 11.118831 0.276495
SEG 39.645656 25.914265 1.2817692 38.902441 23.861415 3.8363846 0.276495
SEG 39.648653 25.960846 1.2979449 38.902441 23.861415 3.8363846 0.263063
SEG 39.650818 7.1552863 35.83108 39.641811 8.0636973 33.452364 0.263063
SEG 39.653781 20.834612 20.291368 39.042805 20.432837 17.32211 0.266447
SEG 39.657203 25.325019 20.895976 39.042805 23.534477 23.525389 0.314416
SEG 39.659689 20.921401 25.693314 39.042805 23.534477 23.525389 0.266447
SEG 39.660178 17.381287 20.767148 38.447668 20.528248 19.970651 0.320975
SEG 39.664715 20.925401 26.948209 39.6875 17.1875 27.1875 0.266447
SEG 39.669108 17.237564 21.995156 39.686511 16.727851 25.502009 0.30493
SEG 39.669913 20.929087 28.164535 38.170974 20.547063 30.593243 0.266447
SEG 39.672661 4.5481453 25.88966 39.510042 1.1114938 25.781534 0.27244
SEG 39.67715 8.1121583 35.719282 38.274436 8.6294304 34.008272 0.263063
SEG 39.678151 17.212276 24.646178 39.65478 20.917223 24.406558 0.30493
SEG 39.682828 17.200923 25.508258 39.659689 20.921401 25.693314 0.266447
SEG 39.685108 17.195388 25.928611 38.764902 16.702029 29.225001 0.293229
SEG 39.695045 16.998325 28.225141 39.686511 16.727851 25.502009 0.30493
SEG 39.697946 4.3161655 32.389059 39.59411 6.9425155 32.793533 0.263063
SEG 39.703481 20.940829 33.678285 39.693699 19.665021 30.871841 0.263063
SEG 39.703965 21.449055 1.5702439 39.634567 20.953824 4.7508097 0.263063
SEG 39.733503 20.98525 2.1722286 38.902441 23.861415 3.8363846 0.266447
SEG 39.733507 20.985193 2.1723021 38.902441 23.861415 3.8363846 0.266447
SEG 0.32366661 9.4218054 25.802846 1.8166732 6.4820849 28.122026 0.29188
SEG 0.33381468 38.513306 21.197465 0.52107168 38.565597 25.56754 0.297384
SEG 0.35332652 8.1694317 25.759731 1.1273185 5.8244383 25.433956 0.297384
SEG 0.35646874 33.00755 35.829449 0.43568897 33.909177 34.035205 0.263063
SEG 0.35651691 38.479871 16.7838 0.33381468 38.513306 21.197465 0.332766
SEG 0.39279281 16.892218 2.1618875 0.3125 14.6875 1.5625 0.263063
SEG 0.40025699 32.90895 32.798288 0.41943203 33.937022 35.08471 0.263063
SEG 0.40474557 34.041152 35.948821 1.3821252 32.708676 36.808374 0.263063
SEG 0.4238724 19.217315 2.0660009 0.93454792 20.675354 3.6931406 0.263063
SEG 0.42782011 21.621792 2.0774104 0.93454792 20.675354 3.6931406 0.263063
SEG 0.42786414 14.426216 2.2582048 0.3125 11.5625 1.5625 0.263063
SEG 0.43036114 18.018586 2.0847591 0.3125 14.6875 1.5625 0.263063
SEG 0.44376456 5.7102109 25.673903 1.8166732 6.4820849 28.122026 0.29188
SEG 0.44915911 34.195292 29.244403 0.45806271 33.837414 31.936555 0.263063
SEG 0.45681635 33.644912 25.47014 0.44915911 34.195292 29.244403 0.270179
SEG 0.45843624 33.920185 32.862771 1.45512 36.730474 32.535012 0.263063
SEG 0.47629381 25.204741 2.2187453 1.3425224 25.88214 3.7838324 0.263063
SEG 0.48144215 30.798938 32.782146 1.8315716 30.114984 34.630776 0.263063
SEG 0.50410955 26.380489 2.2991535 1.3425224 25.88214 3.7838324 0.27171
SEG 0.50713274 33.508172 22.711425 0.5187009 34.717637 25.5588 0.263063
SEG 0.51102636 4.507931 25.635617 1.6542037 1.6542037 26.239612 0.27931
SEG 0.51235758 33.468314 21.392512 1.8622223 35.809549 20.758131 0.322871
SEG 0.51282003 13.300306 2.3239615 0.3125 11.5625 1.5625 0.263063
SEG 0.51761227 33.430472 20.042116 1.8622223 35.809549 20.758131 0.263063
SEG 0.52291322 33.395656 18.662346 0.99406806 30.106471 16.323729 0.263063
SEG 0.528296 33.365017 17.242609 1.2463414 29.340663 17.561404 0.263063
SEG 0.53364979 33.340917 15.799019 1.8398825 35.659148 13.278054 0.263063
SEG 0.53884372 33.326169 14.33405 1.8398825 35.659148 13.278054 0.263063
SEG 0.54258248 9.6405945 2.6807428 0.3125 11.5625 1.5625 0.263063
SEG 0.5476506 33.34105 11.336774 0.70278283 30.707883 12.471405 0.263063
SEG 0.54797431 12.159819 2.4232255 0.3125 14.6875 1.5625 0.28306
SEG 0.54965804 33.456018 8.3002334 1.4682275 35.281968 8.6045031 0.263063
SEG 0.54968595 33.45088 8.4062661 1.4682275 35.281968 8.6045031 0.317442
SEG 0.59921347 10.789881 2.5648826 0.3125 8.4375 1.5625 0.263063
SEG 0.60051662 20.553376 2.1442666 0.36963097 23.515707 3.8600258 0.263063
SEG 0.62491142 36.224901 35.767072 0.41943203 33.937022 35.08471 0.263063
SEG 0.63165704 37.35882 25.588155 1.5367724 37.255492 28.984086 0.263063
SEG 0.6957428 31.266076 2.8245979 1.823129 32.839396 4.9155513 0.263063
SEG 0.72901802 37.044679 32.589081 0.62491142 36.224901 35.767072 0.263063
SEG 0.73150806 38.819252 3.933474 0.91718935 34.702677 3.3615728 0.263063
SEG 0.77559934 7.3486646 3.0291054 0.3125 8.4375 1.5625 0.263063
SEG 0.84523079 20.693508 34.666598 1.8458737 21.284041 30.592192 0.305738
SEG 0.84946937 6.2338101 3.2067352 0.71903891 4.3889427 5.2426598 0.263063
SEG 0.85677745 20.549854 19.276697 1.3849657 23.649912 20.504647 0.327064
SEG 0.8943796 19.701337 34.636695 0.85613795 20.657512 33.005157 0.305738
SEG 0.89445508 20.654784 30.816961 1.8393608 18.943223 30.59262 0.279755
SEG 0.9011789 18.651359 34.636109 0.85613795 20.657512 33.005157 0.305738
SEG 0.90682639 21.801282 34.635629 0.85613795 20.657512 33.005157 0.305738
SEG 0.91685777 17.601477 34.634792 0.87615102 20.656333 31.946096 0.305738
SEG 0.91728406 39.595741 25.698521 4.5460442 39.675832 24.683791 0.27244
SEG 0.92540397 5.1860707 3.3799951 0.71903891 4.3889427 5.2426598 0.263063
SEG 0.92647398 22.851096 34.634006 1.1232443 25.771504 36.146518 0.321653
SEG 0.94203735 16.551781 34.632784 0.85613795 20.657512 33.005157 0.305738
SEG 0.96195657 39.577048 35.362705 3.073587 39.234165 35.742506 0.263063
SEG 0.96718888 9.469542 25.548516 0.392298 6.9313156 25.716042 0.297384
SEG 0.96861939 20.642504 24.602876 0.3109873 22.297281 26.267755 0.310942
SEG 0.98163484 20.639658 23.290769 0.3112208 20.91417 25.980423 0.305738
SEG 0.99314626 35.719701 3.5295274 0.49926361 33.946643 3.8299348 0.263063
SEG 0.99543075 35.750289 3.5345788 0.49926361 33.946643 3.8299348 0.263063
SEG 1.0137138 39.553484 33.263485 1.5625 39.6875 30.9375 0.263063
SEG 1.0223046 20.662504 5.3298296 0.36963097 23.515707 3.8600258 0.305738
SEG 1.0235577 37.197662 29.239459 1.45512 36.730474 32.535012 0.263063
SEG 1.0458872 20.629231 16.364135 1.2541037 19.716436 12.575655 0.305738
SEG 1.0491112 39.537675 31.163845 2.1268669 38.740425 32.628468 0.263063
SEG 1.0522219 25.773247 37.194112 1.003533 24.949608 34.629203 0.321653
SEG 1.0582294 20.628981 14.900582 1.2541037 19.716436 12.575655 0.305738
SEG 1.0591104 37.826995 3.8304987 1.823129 35.941036 1.8139116 0.263063
SEG 1.0629952 36.785902 3.6940801 1.823129 35.941036 1.8139116 0.263063
SEG 1.063547 39.531266 30.113964 2.1268669 38.740425 32.628468 0.263063
SEG 1.0647069 20.651318 6.9937337 0.36963097 23.515707 3.8600258 0.305738
SEG 1.0775225 29.709577 31.727142 0.35211757 31.860462 32.827554 0.263063
SEG 1.0841572 20.636272 10.264997 1.2541037 19.716436 12.575655 0.305738
SEG 1.0885062 39.520212 28.014142 2.2864996 38.794778 29.228939 0.286202
SEG 1.0987282 29.681961 30.566204 1.787679 30.625156 32.720009 0.273191
SEG 1.0998865 39.515177 26.942186 3.28715 39.112083 29.251651 0.286202
SEG 1.1176499 29.64995 29.367264 0.37249547 31.757295 29.424859 0.288771
SEG 1.1225371 39.505155 24.620876 4.5481453 39.672661 25.88966 0.27244
SEG 1.1338336 39.500151 23.383974 4.5460442 39.675832 24.683791 0.27244
SEG 1.1392516 25.988195 2.3127152 0.45446777 24.017456 2.1547905 0.263063
SEG 1.145328 39.495052 22.080416 4.4351465 38.924668 20.755264 0.286202
SEG 1.1471838 25.852595 34.658849 0.99165008 29.759637 34.937376 0.321653
SEG 1.1569649 39.489878 20.717859 4.6915771 39.659224 20.798532 0.27244
SEG 1.1650724 29.539948 25.639403 0.3253999 31.054034 25.729221 0.297384
SEG 1.1686547 39.484664 19.30265 4.4351465 38.924668 20.755264 0.286202
SEG 1.1804028 39.479396 17.818578 4.7842534 39.648882 16.564176 0.286202
SEG 1.1830735 39.473964 6.600423 1.823129 39.042675 4.9155513 0.286202
SEG 1.191703 39.474286 16.294676 4.7842534 39.648882 16.564176 0.286202
SEG 1.2062868 39.465273 8.2209352 4.7633259 39.636272 9.0199897 0.286202
SEG 1.2133238 1.2133238 1.8954547 1.0432653 2.0756567 3.8417403 0.263063
SEG 1.2155314 39.462212 9.8634772 4.804916 39.637178 10.543551 0.286202
SEG 1.215839 39.462739 11.508359 2.6323019 38.251461 13.269134 0.286202
SEG 1.2463528 29.665932 5.838758 0.36191434 28.218311 4.072103 0.322136
SEG 1.2592648 29.323727 16.151166 1.1777927 26.994026 16.387355 0.335503
SEG 1.2715644 29.316216 14.728545 0.99406806 30.106471 16.323729 0.320446
SEG 1.2763317 25.743224 31.881124 1.5696289 26.277516 29.304751 0.305946
SEG 1.2803875 29.540512 7.3433707 1.613289 28.196183 4.0022587 0.322136
SEG 1.291592 29.341293 11.826921 1.5349865 25.515691 13.158825 0.322136
SEG 1.2965204 29.381877 10.339514 0.70278283 30.707883 12.471405 0.322136
SEG 1.2984459 1.2984459 37.948614 1.0522125 2.2323619 35.712489 0.263063
SEG 1.3177789 8.560384 1.2853468 3.6192049 7.9205318 1.4947305 0.263063
SEG 1.3226506 11.644744 1.288034 2.8659717 11.199414 1.8864611 0.263063
SEG 1.3467547 25.690635 28.268453 0.72598084 23.555659 30.315128 0.288183
SEG 1.3556922 38.027836 32.625947 1.341942 38.264128 35.700144 0.263063
SEG 1.3666511 25.668234 27.00437 1.5696289 26.277516 29.304751 0.305946
SEG 1.3703277 6.1990017 35.636061 0.55497501 4.2642848 35.78202 0.263063
SEG 1.3757412 1.3757412 36.90432 0.72955056 3.2296739 35.748174 0.263063
SEG 1.3809154 37.596739 21.229301 1.8622223 35.809549 20.758131 0.323411
SEG 1.3854521 25.644524 25.718387 1.5696289 26.277516 29.304751 0.305946
SEG 1.403486 25.62025 24.411732 1.1793209 29.501264 24.335882 0.322136
SEG 1.421104 25.596061 23.07809 1.3849657 23.649912 20.504647 0.327064
SEG 1.4536251 38.155411 29.223386 1.3556922 38.027836 32.625947 0.263063
SEG 1.4556264 25.779039 5.3309517 1.823129 23.534477 4.9155513 0.314416
SEG 1.4724115 25.53343 18.969132 0.37336342 27.649284 19.269207 0.331995
SEG 1.5056576 25.510182 16.117909 0.59624029 24.695383 19.314324 0.331995
SEG 1.5095827 37.487182 16.81962 1.8398825 35.659148 13.278054 0.324532
SEG 1.5148769 25.690101 6.9096009 1.6543649 23.505069 3.7765963 0.314416
SEG 1.5212457 25.508334 14.651134 1.1777927 26.994026 16.387355 0.338861
SEG 1.5392537 1.5392537 32.711145 0.72955056 3.2296739 35.748174 0.263063
SEG 1.541652 25.620057 8.4900851 1.2803875 29.540512 7.3433707 0.322136
SEG 1.5491766 25.568688 10.072598 1.2965204 29.381877 10.339514 0.322136
SEG 1.5633946 1.5633946 31.6617 2.9218828 0.97712503 29.24188 0.263063
SEG 1.6082956 1.6082956 3.9774327 1.0025599 4.1528244 3.5501398 0.263063
SEG 1.6207494 1.6207494 28.512752 3.9483401 0.74662877 29.270932 0.27931
SEG 1.6619846 10.306813 34.626193 1.6766699 6.2924682 33.632026 0.271546
SEG 1.6814605 1.6814605 5.0998063 0.71903891 4.3889427 5.2426598 0.263063
SEG 1.7042209 1.6875492 6.1656968 1.0432653 2.0756567 3.8417403 0.263063
SEG 1.7131883 6.3256024 32.577023 0.55497501 4.2642848 35.78202 0.263063
SEG 1.7642391 1.7642391 7.4748064 1.0432653 2.0756567 3.8417403 0.263063
SEG 1.7663613 1.7663613 16.589599 3.7095489 0.4628756 17.568565 0.27931
SEG 1.7761249 35.535448 39.350775 3.7231156 37.533755 39.356567 0.263063
SEG 1.7795538 1.7795538 15.057799 2.3132187 1.3521401 17.551922 0.27931
SEG 1.7883557 1.7883557 1.5631511 3.5416863 3.5416863 1.764245 0.334448
SEG 1.7947855 6.4413218 29.277158 0.44376456 5.7102109 25.673903 0.271546
SEG 1.823129 1.8229994 8.0171909 1.0432653 2.0756567 3.8417403 0.263063
SEG 1.823129 1.8229994 39.033587 3.5745908 3.6144321 39.203658 0.287945
SEG 1.823129 1.8229994 14.22047 3.7095489 0.4628756 17.568565 0.314416
SEG 2.4570914 10.322344 39.371625 1.823129 8.0262787 39.033587 0.27375
SEG 2.4659142 34.691357 39.324937 1.7446876 36.569264 39.40901 0.264433
SEG 2.7151075 2.7933495 39.36534 4.8338201 6.9273255 39.400975 0.263063
SEG 2.8125 2.8125 0.9375 4.4913405 4.4913405 0.34135675 0.341306
SEG 2.9358997 16.102601 39.285519 5.4462947 17.211339 39.236556 0.276718
SEG 2.9981549 29.233506 39.286146 4.9741705 28.390013 39.654062 0.275162
SEG 3.0885656 29.737969 39.669583 5.339017 29.424451 39.516329 0.263063
SEG 3.0934873 39.588719 39.726646 3.7231156 37.533755 39.356567 0.263063
SEG 3.1192048 19.705417 0.8133931 2.5830003 23.604766 1.7936131 0.385125
SEG 3.1288955 20.769829 0.82518667 2.5830003 23.604766 1.7936131 0.385125
SEG 3.1432599 18.840762 0.81477589 2.2226491 15.717 0.3575862 0.357554
SEG 3.1616278 21.639637 0.81636565 2.5830003 23.604766 1.7936131 0.385125
SEG 3.1666722 33.909708 39.303397 3.6513363 31.757997 39.662395 0.263063
SEG 3.1958299 17.816191 0.81872838 2.2234586 15.698932 0.3576049 0.357554
SEG 3.2704274 15.078013 39.440046 4.5584211 16.535231 39.248204 0.263063
SEG 3.2855346 8.922553 39.422209 3.3027401 10.999062 39.278895 0.27375
SEG 3.329034 23.564924 0.82764112 4.9659379 26.111185 0.99788583 0.389352
SEG 3.4039256 24.206558 39.270194 3.8076489 22.233087 39.66672 0.263063
SEG 3.4375 20.3125 39.0625 5.5068103 21.05285 39.698003 0.274337
SEG 3.5114729 8.5560454 39.417263 1.823129 8.0262787 39.033587 0.263063
SEG 3.5579295 16.041008 39.266586 3.6058777 14.083075 39.431604 0.263063
SEG 3.6323897 25.469447 0.84633404 2.5830003 23.604766 1.7936131 0.385125
SEG 3.6812786 3.6812786 0.3600267 5.1229975 5.1229975 0.41207335 0.26534
SEG 3.8712406 26.516546 0.85939935 4.9247686 29.737756 1.8139116 0.314416
SEG 3.8982767 33.156763 39.285295 5.4846078 34.297829 39.653234 0.263063
SEG 4.1329761 39.525788 35.690299 6.042591 38.206706 36.248801 0.263063
SEG 4.1370728 7.7128184 39.407625 6.4444074 6.5454579 39.274507 0.263063
SEG 4.1425085 32.686023 39.658147 5.4304083 31.635353 39.258258 0.263063
SEG 4.1909146 4.2865701 39.317867 6.3086864 5.432506 39.398087 0.263063
SEG 4.2260923 39.511716 32.541126 1.9251425 38.702275 30.955459 0.263063
SEG 4.2825014 30.241939 0.596114 6.2946924 31.855041 0.93503898 0.341306
SEG 4.3102614 39.682726 28.255761 2.2864996 38.794778 29.228939 0.267808
SEG 4.3776776 39.496443 29.255626 1.5625 39.6875 30.9375 0.263063
SEG 4.4563599 20.342337 39.144941 2.6555716 21.108907 39.0843 0.277065
SEG 4.4652836 12.168831 39.415154 6.634239 13.912923 39.231904 0.27375
SEG 4.5185994 36.848823 39.332625 1.7446876 36.569264 39.40901 0.263063
SEG 4.5217148 28.751156 0.80821979 4.9659379 26.111185 0.99788583 0.389352
SEG 4.6587652 32.401407 39.270307 5.4846078 34.297829 39.653234 0.263063
SEG 4.6936 11.004081 0.89605519 2.8659717 11.199414 1.8864611 0.314416
SEG 4.8202559 39.642221 13.590105 5.1653481 39.011849 17.000976 0.27244
SEG 4.8216126 39.63934 12.070549 6.5825646 39.486695 11.190353 0.27244
SEG 4.9247686 29.737756 1.8139116 6.2946924 31.855041 0.93503898 0.314416
SEG 4.9365348 39.102742 8.5976155 4.804916 39.637178 10.543551 0.349735
SEG 4.9740113 10.321725 0.90685464 3.5476928 9.3464896 0.26310852 0.263063
SEG 5.0774033 0.33918295 17.629416 1.7663613 1.7663613 16.589599 0.27931
SEG 5.1847284 0.32947774 17.634191 2.3132187 1.3521401 17.551922 0.32939
SEG 5.2267 39.543974 35.804924 4.2725169 39.705133 33.438127 0.263063
SEG 5.2336132 30.189092 0.914497 6.5391701 33.710945 1.6412993 0.314416
SEG 5.6071337 27.177962 39.241408 5.7245741 25.719532 38.231566 0.27375
SEG 5.6393325 22.094453 39.697217 3.8076489 22.233087 39.66672 0.263063
SEG 5.680123 30.975346 0.92557901 6.5391701 33.710945 1.6412993 0.314416
SEG 5.7436008 5.9799169 39.336445 4.0625 8.4375 39.0625 0.268531
SEG 6.08017 22.225002 39.230718 6.2898845 24.104191 39.693911 0.274337
SEG 6.1078646 30.152549 39.647899 7.7197669 29.241643 39.235511 0.263063
SEG 6.1672477 18.07276 39.229824 7.738676 18.84661 38.457096 0.277011
SEG 6.1945693 30.861798 39.248815 7.0897782 33.160571 39.45577 0.263063
SEG 6.1963004 39.607547 35.820529 8.042649 39.65363 34.502087 0.263063
SEG 6.2924682 1.6766699 33.632026 7.2464239 0.41570619 29.389119 0.271546
SEG 6.292676 1.8180863 31.544037 6.1275319 0.48875342 29.34775 0.271546
SEG 6.3229745 1.7630944 32.354225 7.2464239 0.41570619 29.389119 0.271546
SEG 6.4834245 9.609583 39.320899 8.8082496 8.914028 39.251783 0.271009
SEG 6.5243717 1.864711 26.624631 6.1275319 0.48875342 29.34775 0.288771
SEG 6.5625 7.8125 0.9375 4.3813652 9.8414727 0.39043331 0.390293
SEG 6.7124151 19.063817 39.22617 6.6656404 21.248526 39.226546 0.277011
SEG 6.8805744 32.555316 0.93928094 4.9247686 32.839396 1.8139116 0.314416
SEG 7.1330648 8.9437817 39.393985 6.4444074 6.5454579 39.274507 0.263063
SEG 7.3089967 14.785416 39.227236 8.4461478 16.270049 38.132425 0.314416
SEG 7.3282698 14.810338 39.227103 8.4461478 16.270049 38.132425 0.27375
SEG 7.5694846 39.598498 29.401044 8.1221801 39.624704 31.353254 0.263063
SEG 7.616797 7.616797 1.3071131 5.435042 9.4435773 0.91986199 0.389352
SEG 7.6270776 25.813943 39.689291 5.7395534 25.719464 39.441407 0.274337
SEG 7.6561918 33.305099 0.93835946 4.9247686 32.839396 1.8139116 0.314416
SEG 7.6596747 33.247868 0.93605207 4.9247686 32.839396 1.8139116 0.314416
SEG 7.7647382 24.530649 39.22463 5.7395534 25.719464 39.441407 0.27375
SEG 7.8601079 4.0183508 39.409161 6.4444074 6.5454579 39.274507 0.268531
SEG 7.9435547 15.772504 39.223726 6.1672477 18.07276 39.229824 0.27375
SEG 7.9793422 6.4252571 0.93638143 11.128048 4.9246391 1.8139116 0.314416
SEG 8.0264083 1.8229994 14.22047 9.7464704 0.34468863 13.458961 0.314416
SEG 8.1135497 39.544245 4.892115 9.5507935 38.862376 2.9647875 0.297489
SEG 8.1781643 39.561442 5.5004201 10.757364 38.941668 2.8268802 0.263063
SEG 8.1958567 39.612051 29.170236 7.269857 39.610941 32.803524 0.263063
SEG 8.3178136 33.155142 39.263571 10.655755 34.492025 39.650667 0.263063
SEG 8.3238202 39.596359 25.561183 6.9926634 38.488996 25.449035 0.305243
SEG 8.3396034 39.550168 7.0638809 8.0264083 39.042675 4.9155513 0.263063
SEG 8.4100755 39.58695 22.996949 7.1412628 39.49775 21.32936 0.263063
SEG 8.4375 4.0625 39.0625 6.3086864 5.432506 39.398087 0.263063
SEG 8.4512883 39.582325 21.672936 11.423137 39.05296 19.552062 0.263063
SEG 8.5293628 39.547324 10.164398 6.5825646 39.486695 11.190353 0.263063
SEG 8.5782593 39.563461 16.123017 9.5365698 38.141107 16.328302 0.263063
SEG 8.5927604 39.590863 14.730274 10.065265 39.448377 16.323311 0.263063
SEG 8.6262899 39.61423 19.141055 7.1412628 39.49775 21.32936 0.322872
SEG 8.8573617 17.882344 39.219961 8.4461478 16.270049 38.132425 0.27375
SEG 8.8608054 12.06532 39.229088 10.427459 10.54124 39.243697 0.271009
SEG 8.9055769 20.469054 0.93249719 7.9222546 16.053327 1.9183859 0.381405
SEG 8.9399631 36.600827 39.665238 9.813778 33.864676 39.647793 0.263063
SEG 8.9738325 18.503562 0.93476137 7.9222546 16.053327 1.9183859 0.381405
SEG 9.1012456 19.014796 39.219176 6.7124151 19.063817 39.22617 0.277011
SEG 9.1094955 32.385222 39.256663 7.5273243 31.699506 39.644741 0.263063
SEG 9.1326088 22.62492 0.93985131 9.5184966 19.824947 0.8793233 0.38043
SEG 9.1438265 34.375069 0.92350433 8.0264083 32.839396 1.8139116 0.314416
SEG 9.2371573 27.402711 39.456917 10.9375 26.5625 39.0625 0.274337
SEG 9.2659071 34.462875 0.92228527 8.0264083 32.839396 1.8139116 0.314416
SEG 9.3234324 16.49054 0.94560963 11.128048 14.229558 1.8139116 0.314416
SEG 9.3604327 6.7163884 39.395396 8.8082496 8.914028 39.251783 0.263063
SEG 9.554178 0.32227149 29.467821 6.4013262 1.7709199 30.39923 0.271546
SEG 9.7928358 38.679887 1.2866008 10.999114 35.384339 0.81145571 0.263063
SEG 9.9209779 26.607811 39.225068 7.6270776 25.813943 39.689291 0.271009
SEG 9.9274147 39.317473 15.378193 8.5911144 39.554162 13.187814 0.263063
SEG 9.9588228 36.854625 39.668691 11.570527 35.007468 39.653928 0.263063
SEG 9.9874477 14.556643 0.96213227 7.9222546 16.053327 1.9183859 0.381405
SEG 10.256459 23.188367 1.7071469 10.504573 26.445855 0.9710984 0.369556
SEG 10.289283 13.890878 39.224025 8.0264083 14.229558 39.033587 0.271009
SEG 10.598699 25.668856 39.223263 8.4375 26.5625 39.6875 0.271009
SEG 10.945368 14.852885 39.222531 12.969863 16.098476 39.463078 0.271009
SEG 11.011296 4.6998261 0.89595871 11.199414 2.8659717 1.8864611 0.314416
SEG 11.011467 12.786273 0.97670359 11.128048 11.127918 1.8139116 0.314416
SEG 11.071724 34.540087 39.260563 12.547502 35.392189 39.657061 0.263063
SEG 11.542104 15.855453 39.221527 11.312369 18.434784 38.440698 0.271009
SEG 11.596591 30.056998 39.243753 13.172597 31.262351 39.686987 0.274337
SEG 11.680076 29.605875 39.685334 13.344277 28.540944 39.239668 0.263063
SEG 11.787745 23.670783 39.221198 12.271261 20.64207 39.06425 0.280474
SEG 11.793123 4.7593819 39.337592 14.25177 5.4885963 38.247254 0.263063
SEG 11.8489 35.645875 0.88302567 9.9860356 37.577364 0.80768793 0.263063
SEG 12.124594 39.263947 2.660678 9.6875 39.6875 1.5625 0.263063
SEG 12.237816 12.30213 39.385614 13.293807 10.081821 39.240317 0.263063
SEG 12.460034 29.292586 39.241379 10.089293 28.034752 39.685499 0.263063
SEG 12.543972 39.641622 33.262689 9.467252 39.610901 32.861161 0.263063
SEG 12.566 39.593211 32.32541 9.467252 39.610901 32.861161 0.263063
SEG 12.566473 39.509521 5.5945451 11.65153 39.304704 8.2068158 0.263063
SEG 12.583847 39.584001 31.207439 12.8125 39.0625 33.4375 0.263063
SEG 12.660117 39.561535 27.6264 10.689369 39.709591 29.361032 0.263063
SEG 12.687198 39.494811 7.2574905 14.063881 38.543129 11.00619 0.263063
SEG 12.691065 39.555055 26.360205 10.529597 38.619924 29.228229 0.263063
SEG 12.691097 4.1919817 39.419641 14.251815 5.5036785 39.366748 0.263063
SEG 12.755573 39.542872 23.750657 12.782438 38.790939 19.579725 0.263063
SEG 12.762431 39.576644 25.056463 8.3238202 39.596359 25.561183 0.263063
SEG 12.787463 39.536924 22.400008 12.782438 38.790939 19.579725 0.263063
SEG 12.84476 39.525044 19.630889 15.526989 38.492389 19.621198 0.263063
SEG 12.893611 39.506782 15.265352 9.9274147 39.317473 15.378193 0.263063
SEG 13.08194 37.252553 39.675971 12.547502 35.392189 39.657061 0.263063
SEG 13.214088 0.48889513 12.222529 9.7464704 0.34468863 13.458961 0.344617
SEG 13.279205 39.07148 2.5963219 12.42383 39.541906 3.9992547 0.263063
SEG 13.306269 3.9160536 0.86183912 11.906858 2.5904383 0.74155654 0.263063
SEG 13.448064 0.67306931 16.775178 13.214088 0.48889513 12.222529 0.342127
SEG 13.700216 13.855151 39.23702 12.411935 12.411935 38.332674 0.287945
SEG 13.726293 36.190664 0.85622774 14.546538 38.0621 0.45413494 0.341306
SEG 13.909813 32.083104 39.688579 15.474313 31.009512 39.235947 0.271196
SEG 14.082449 36.569089 39.28312 12.547502 35.392189 39.657061 0.263063
SEG 14.173982 10.166644 0.96567044 16.053327 7.9222546 1.9183859 0.381405
SEG 14.229688 1.8229994 17.32211 16.21007 0.63061703 16.724023 0.314416
SEG 14.229688 1.8229994 23.525389 16.946943 1.2247024 20.439616 0.314416
SEG 14.252086 27.811206 39.238485 14.161429 25.671639 39.236679 0.263063
SEG 14.516265 14.692911 39.236476 12.969863 16.098476 39.463078 0.281884
SEG 14.613471 31.523106 39.420991 15.549539 33.508708 39.693047 0.271196
SEG 14.639991 3.4130473 39.436315 16.029031 4.4526951 39.260813 0.263063
SEG 14.734255 0.49454588 16.718955 16.946943 1.2247024 20.439616 0.31671
SEG 14.771126 0.48669427 12.204124 14.734255 0.49454588 16.718955 0.342127
SEG 14.784533 17.547077 38.437245 16.242568 16.393429 39.31704 0.293419
SEG 14.794154 36.415893 0.84326535 17.331327 35.941036 1.8139116 0.314416
SEG 15.09018 30.234512 0.95723585 16.968393 29.719983 1.1176739 0.280546
SEG 15.147551 7.819576 39.236673 14.25177 5.4885963 38.247254 0.273054
SEG 15.218281 3.5088783 0.83874881 13.756236 4.3191438 0.34133419 0.341306
SEG 15.7391 21.151227 39.062574 16.580061 23.129367 39.235993 0.287919
SEG 15.892999 39.158807 2.4380707 17.118841 39.65234 5.1311656 0.263063
SEG 16.137067 3.3672261 0.83004954 12.210548 3.6810883 0.26310982 0.263063
SEG 16.215461 11.998158 39.236608 18.127955 12.908317 38.438297 0.281884
SEG 16.270049 8.4461478 38.132425 14.632774 7.4562893 39.23877 0.314416
SEG 16.363029 0.55498546 12.181899 13.402846 0.44889095 12.965992 0.328402
SEG 16.676432 5.3610256 39.248629 14.25177 5.4885963 38.247254 0.276896
SEG 16.845063 21.53097 39.062508 18.545331 20.258854 39.236023 0.287919
SEG 16.905336 38.411143 19.634626 17.267662 39.655307 17.826859 0.30493
SEG 16.920881 17.248051 39.235983 17.369154 15.173849 38.437164 0.287945
SEG 16.967333 33.21286 39.239424 14.686896 32.853977 39.690679 0.274337
SEG 17.000739 39.182331 2.3945847 20.981073 39.67051 3.0476132 0.263063
SEG 17.035107 39.182827 2.3936619 20.981073 39.67051 3.0476132 0.266447
SEG 17.05373 39.688297 3.3585183 19.235753 39.20708 2.3483783 0.263063
SEG 17.098025 30.814606 0.94150679 17.331327 32.839396 1.8139116 0.314416
SEG 17.131822 3.2565313 0.82261245 15.68682 2.2243167 0.35758547 0.357554
SEG 17.153057 38.436908 15.40402 17.271182 39.64126 13.371019 0.30493
SEG 17.172514 39.638395 6.8487853 20.940868 39.612904 8.1774226 0.266447
SEG 17.213688 39.633921 8.5431308 17.174532 38.458897 10.953668 0.30493
SEG 17.228073 0.37209 20.950797 20.634345 1.0073088 20.600497 0.328935
SEG 17.259411 39.659997 19.249084 15.526989 38.492389 19.621198 0.328889
SEG 17.26383 36.743027 0.82258252 16.489887 34.894268 0.34362422 0.314416
SEG 17.331327 1.8229994 4.9155513 19.622932 0.52712095 8.1123799 0.314416
SEG 17.469757 0.63255394 16.735199 14.229688 1.8229994 17.32211 0.314416
SEG 17.54219 36.781783 0.82013202 15.088562 36.237185 0.26311139 0.263063
SEG 17.583285 22.220204 39.149242 18.270384 25.466438 39.23685 0.263063
SEG 17.5936 30.077879 39.233255 19.447967 28.893385 39.065924 0.271196
SEG 17.723482 36.189865 39.666681 16.764516 33.869931 38.641963 0.263063
SEG 18.116717 39.19841 2.3646217 20.985193 39.733507 2.1723021 0.263063
SEG 18.392827 12.834752 39.235877 16.098476 12.969863 39.463078 0.281884
SEG 18.449748 6.7360475 39.236997 18.302677 9.2039054 39.231179 0.273054
SEG 18.772495 36.23536 39.667435 20.974665 34.963123 39.245589 0.263063
SEG 19.06147 3.1352418 0.81428549 20.432967 1.8229994 1.8139116 0.314416
SEG 19.271991 25.300308 39.162228 17.583285 22.220204 39.149242 0.287919
SEG 19.409287 0.70000204 16.665806 20.628981 1.0582294 14.900582 0.305738
SEG 19.430635 36.875625 0.81363007 17.331327 35.941036 1.8139116 0.314416
SEG 19.558045 0.57711351 12.163832 20.636272 1.0841572 10.264997 0.305738
SEG 19.644725 32.373847 39.079178 21.913132 32.464292 38.45909 0.287919
SEG 19.701552 29.877911 39.150545 20.204301 32.215334 39.234116 0.271196
SEG 19.951854 3.1181992 0.81325607 15.971705 2.67104 1.6690022 0.357554
SEG 20.088752 38.38797 15.404951 20.930734 39.621165 13.058007 0.266447
SEG 20.132471 13.468242 39.687852 21.864358 12.768551 39.23592 0.263063
SEG 20.209668 15.753887 39.687544 22.293656 16.394197 39.669248 0.282761
SEG 20.358232 39.208409 2.3458827 20.953824 39.634567 4.7508097 0.263063
SEG 20.395813 3.1315163 0.81418706 15.971705 2.67104 1.6690022 0.314416
SEG 20.450618 18.027409 39.687499 22.322986 18.139798 39.235991 0.282761
SEG 20.609506 0.86684863 16.548119 19.707424 1.7698306 12.579188 0.305738
SEG 20.642504 0.96861939 24.602876 19.978814 0.40543939 20.945678 0.315753
SEG 20.648034 0.94161256 27.149652 20.243854 1.826433 30.593456 0.279755
SEG 20.654784 0.89445508 30.816961 19.061929 1.836469 30.592803 0.305738
SEG 20.802283 3.7535948 39.667619 23.457838 5.2649752 39.249797 0.276407
SEG 20.839541 3.3297936 0.86566796 20.432967 1.8229994 1.8139116 0.314416
SEG 20.841178 39.46212 15.947877 22.480189 39.582755 17.418981 0.266447
SEG 20.872292 36.244633 39.667593 19.948635 34.494989 39.170861 0.263063
SEG 20.897649 39.620043 14.590073 18.618953 38.399186 15.404752 0.266447
SEG 20.900507 37.332387 0.73325478 23.61376 38.131742 0.59351026 0.263063
SEG 20.913019 39.649934 23.0923 21.065052 38.350342 19.645456 0.266447
SEG 20.919073 39.662037 24.427637 19.031553 39.692984 27.173813 0.266447
SEG 20.935245 39.615913 6.4753812 23.839383 38.918332 3.8360863 0.266447
SEG 20.963946 39.692339 30.731078 19.198563 38.316227 30.653523 0.274686
SEG 20.971051 39.69364 30.507693 19.198563 38.316227 30.653523 0.266447
SEG 20.980542 39.205066 2.3521543 17.05373 39.688297 3.3585183 0.266447
SEG 21.162684 0.57523181 12.165479 20.636272 1.0841572 10.264997 0.305738
SEG 21.36516 36.850542 0.8153903 20.929096 38.673417 1.2903525 0.263063
SEG 21.400002 1.8498242 30.591951 20.650592 0.92690432 28.408865 0.305738
SEG 21.445931 35.971248 39.261532 19.796899 36.32836 39.685038 0.263063
SEG 21.481292 39.202376 2.3572008 20.953824 39.634567 4.7508097 0.263063
SEG 21.493452 12.512842 39.688024 19.449863 13.21686 39.333135 0.28784
SEG 21.56004 38.402301 15.404696 22.522722 38.154618 17.432188 0.336548
SEG 21.669855 19.109157 39.236014 20.273042 20.273042 39.130842 0.287945
SEG 21.703317 6.6883215 39.237319 21.75596 9.1904277 39.231219 0.273054
SEG 21.761117 38.839732 30.766528 20.889628 39.686013 29.378903 0.266447
SEG 21.921661 36.208223 39.66698 21.735985 34.619128 38.485099 0.263063
SEG 22.182261 30.011124 39.2331 21.336934 32.416622 39.234995 0.276554
SEG 22.308562 30.096606 38.445079 24.324734 30.898855 39.235569 0.273288
SEG 22.678477 28.716998 38.444052 23.277736 30.396989 39.234055 0.271196
SEG 22.710728 15.715816 39.694861 24.671375 15.534814 39.23617 0.282608
SEG 22.752571 0.38973043 20.934237 20.634345 1.0073088 20.600497 0.32564
SEG 22.927451 3.2622574 0.82299587 20.432967 1.8229994 1.8139116 0.314416
SEG 22.969734 36.144648 39.665964 24.993502 35.026207 39.256595 0.263063
SEG 23.104848 19.712312 39.687506 22.322986 18.139798 39.235991 0.282761
SEG 23.235518 30.742613 0.94366578 23.534607 32.839396 1.8139116 0.314416
SEG 23.43938 16.588632 39.687392 22.322986 18.139798 39.235991 0.287945
SEG 23.507715 1.6523431 3.7765795 25.779039 1.4556264 5.3309517 0.360611
SEG 23.719633 9.3788785 0.9471628 20.432967 11.127918 1.8139116 0.314416
SEG 23.807836 3.3600048 0.82958622 25.699046 2.6329938 0.73649945 0.385125
SEG 23.866688 16.383779 39.236027 25.349086 17.828959 39.687504 0.282608
SEG 23.916064 8.3652478 39.234143 22.1875 7.1875 39.0625 0.273054
SEG 24.01558 36.051356 39.664571 24.303247 34.043915 39.470899 0.263063
SEG 24.017053 11.874549 39.236754 21.493452 12.512842 39.688024 0.263063
SEG 24.416588 36.550975 0.83506085 23.61376 38.131742 0.59351026 0.341306
SEG 24.829172 39.139264 2.4738969 26.636246 39.042675 4.9155513 0.263063
SEG 24.9115 7.7819512 39.236868 22.650438 6.0566822 39.241911 0.273054
SEG 25.057651 35.922577 39.662805 24.303247 34.043915 39.470899 0.263063
SEG 25.072479 0.3742817 7.394158 25.779039 1.4556264 5.3309517 0.360611
SEG 25.162543 39.652933 21.611205 25.215943 38.552389 19.611907 0.315935
SEG 25.178544 39.6579 22.2321 26.586695 38.701104 19.590987 0.276495
SEG 25.183662 39.614616 8.9468826 25.006462 38.509705 10.987203 0.276495
SEG 25.19962 36.418415 0.84321974 23.61376 38.131742 0.59351026 0.341306
SEG 25.199795 39.668936 24.897629 25.669801 38.517584 21.607233 0.276495
SEG 25.234165 39.6826 28.670693 21.761117 38.839732 30.766528 0.274686
SEG 25.236171 39.665914 26.177948 24.197118 38.605836 29.127475 0.276495
SEG 25.248477 39.685808 29.079274 21.761117 38.839732 30.766528 0.274686
SEG 25.251391 39.61758 7.2864726 23.839383 38.918332 3.8360863 0.276389
SEG 25.273754 39.691474 29.80084 21.761117 38.839732 30.766528 0.274686
SEG 25.317087 39.702914 33.188159 27.066332 38.536713 33.991833 0.263063
SEG 25.325369 39.694336 32.050978 25.265792 38.63879 33.460446 0.263063
SEG 25.342721 39.628629 5.5942467 25.535226 39.11589 2.5163263 0.276495
SEG 25.510182 1.5056576 16.117909 23.709769 0.67864046 16.662564 0.342127
SEG 25.515691 1.5349865 13.158825 24.364293 0.54439507 12.189608 0.353586
SEG 25.519146 1.4891732 17.560318 23.709769 0.67864046 16.662564 0.342127
SEG 25.534902 1.5452993 11.627733 27.422497 0.45798359 12.385928 0.353085
SEG 25.551743 1.4554639 20.35752 24.072628 0.50978862 20.841418 0.32564
SEG 25.596061 1.421104 23.07809 25.588011 0.33313712 20.898685 0.32564
SEG 25.5993 35.961907 39.271012 22.969734 36.144648 39.665964 0.263063
SEG 25.599719 10.058676 0.96355296 23.18936 10.255573 1.7071431 0.369556
SEG 25.62025 1.403486 24.411732 28.125672 1.3353519 21.685881 0.314261
SEG 25.668234 1.3666511 27.00437 26.722968 1.3210587 28.590139 0.301734
SEG 25.690101 1.5148769 6.9096009 23.378984 0.37752743 7.3296888 0.358655
SEG 25.690635 1.3467547 28.268453 29.64995 1.1176499 29.367264 0.294017
SEG 25.707522 3.6815442 0.84912427 29.737886 4.9246391 1.8139116 0.314416
SEG 25.710994 1.3253864 29.506747 29.681961 1.0987282 30.566204 0.322136
SEG 25.728676 1.3020924 30.713587 26.722968 1.3210587 28.590139 0.301734
SEG 25.743224 1.2763317 31.881124 26.990042 1.4561858 33.99155 0.324388
SEG 25.754453 1.2474793 32.999112 29.731828 1.0535058 32.838489 0.322136
SEG 25.762746 20.09913 39.238988 26.423701 18.218777 39.687692 0.263063
SEG 25.842355 1.2601307 34.025149 29.759637 0.99165008 34.937376 0.322136
SEG 25.84625 7.114681 39.240779 27.045312 4.4841437 39.658225 0.263063
SEG 25.868581 1.3330593 25.641118 29.6808 1.2553178 25.565906 0.322136
SEG 25.972246 1.0958958 1.2742211 23.507715 1.6523431 3.7765795 0.263063
SEG 25.979479 10.62482 39.238911 23.242005 10.771939 38.231224 0.286664
SEG 26.092423 35.74441 39.660637 25.274132 33.370802 39.692374 0.263063
SEG 26.105152 32.678849 39.690056 28.010838 33.620409 39.251194 0.271196
SEG 26.265208 32.149475 39.24095 27.622304 31.086998 39.686768 0.273854
SEG 26.310734 36.180406 0.85668469 25.882124 38.675177 1.2893049 0.263063
SEG 26.5625 10.9375 39.0625 24.017053 11.874549 39.236754 0.263063
SEG 26.657196 28.541564 39.23967 25.955043 25.955043 39.186565 0.263063
SEG 26.717931 6.3783781 39.246276 27.045312 4.4841437 39.658225 0.263063
SEG 26.730507 3.9255233 0.86233592 23.604766 2.5830003 1.7936131 0.385125
SEG 26.733125 23.439718 39.23939 28.716998 22.678477 38.444052 0.263063
SEG 27.101381 35.975477 0.86749535 30.494381 35.64771 0.3893811 0.389352
SEG 27.161591 10.126288 0.36326128 28.808387 12.55038 0.9779439 0.341306
SEG 27.161731 32.862553 39.245293 27.622304 31.086998 39.686768 0.271196
SEG 27.221456 15.721138 39.239751 29.0645 17.187506 38.554382 0.263063
SEG 27.523544 5.5815695 39.253929 26.023789 4.2412781 39.660796 0.263063
SEG 27.595435 4.170056 0.87467247 25.699046 2.6329938 0.73649945 0.389352
SEG 27.871719 14.751764 39.240444 25.483283 14.692689 39.236476 0.263063
SEG 27.944412 38.916972 19.565502 29.406857 38.817688 17.632981 0.327939
SEG 28.099517 38.349558 33.990423 25.265792 38.63879 33.460446 0.263063
SEG 28.39443 30.168253 39.464857 30.182315 28.12498 39.245763 0.273854
SEG 28.593554 4.5174804 0.88987717 26.111185 4.9659379 0.99788583 0.389352
SEG 28.69252 26.34112 39.241748 28.837413 28.837413 39.1967 0.263063
SEG 28.835307 39.020322 15.387054 29.406857 38.817688 17.632981 0.327939
SEG 28.916926 3.8568519 39.279241 30.802417 4.3659287 39.435953 0.263063
SEG 28.927237 34.548697 39.455448 30.920578 32.41378 39.256891 0.271196
SEG 28.961597 35.339275 0.8956225 31.218468 37.243415 1.0644604 0.320653
SEG 29.28673 39.247083 19.535843 28.835307 39.020322 15.387054 0.327939
SEG 29.297414 12.912629 39.243086 29.737886 11.127918 39.033587 0.263063
SEG 29.300018 0.99893665 18.976474 28.125672 1.3353519 21.685881 0.314261
SEG 29.316216 1.2715644 14.728545 27.422497 0.45798359 12.385928 0.322136
SEG 29.317879 1.2755313 14.214882 29.220502 0.38293237 12.261544 0.314416
SEG 29.320883 1.2826963 13.28711 27.422497 0.45798359 12.385928 0.322136
SEG 29.323727 1.2592648 16.151166 29.737886 1.8229994 14.22047 0.314416
SEG 29.393986 1.2199818 20.31794 28.125672 1.3353519 21.685881 0.314261
SEG 29.427061 1.2067222 21.664354 31.923076 0.79763187 21.590646 0.321381
SEG 29.427341 27.24482 39.243421 31.5625 27.1875 39.6875 0.263063
SEG 29.432013 4.8612473 0.90300827 25.699046 2.6329938 0.73649945 0.389352
SEG 29.44675 1.2944331 8.8463266 29.220502 0.38293237 12.261544 0.349168
SEG 29.463324 1.1931433 23.010682 28.125672 1.3353519 21.685881 0.314261
SEG 29.499093 1.2865922 8.0073067 29.737886 1.8229994 4.9155513 0.314416
SEG 29.501264 1.1793209 24.335882 31.923076 0.79763187 21.590646 0.321381
SEG 29.540512 1.2803875 7.3433707 29.737886 1.8229994 4.9155513 0.314416
SEG 29.55433 35.23914 39.269754 30.711356 33.409623 39.646327 0.263063
SEG 29.63052 39.702845 29.442858 30.874893 38.148837 32.237289 0.288771
SEG 29.704856 5.0094444 0.90692888 33.834843 6.4186036 1.1392533 0.314416
SEG 29.737886 39.042675 14.22047 27.389824 38.784348 15.394438 0.314416
SEG 29.759134 1.2048287 4.9465408 28.198857 1.6112645 4.002215 0.314416
SEG 29.781757 38.907862 2.8864805 31.493218 38.525499 1.4896337 0.263063
SEG 29.826735 1.174711 4.2994092 25.88214 1.3425224 3.7838324 0.322136
SEG 29.907388 14.329276 0.96421244 29.719983 16.968393 1.1176739 0.280546
SEG 30.045587 12.032505 39.245286 33.306545 13.376102 39.177554 0.263063
SEG 30.246379 39.368778 15.376741 29.28673 39.247083 19.535843 0.327939
SEG 30.368011 11.671513 39.204782 33.306545 13.376102 39.177554 0.278668
SEG 30.38381 5.3375971 0.91740821 26.111185 4.9659379 0.99788583 0.389352
SEG 30.601333 16.20494 0.94775049 29.737886 14.229558 1.8139116 0.314416
SEG 30.758353 11.234478 39.155747 33.617647 9.5218503 39.646939 0.263063
SEG 30.99901 18.25587 0.93564209 29.719983 16.968393 1.1176739 0.280546
SEG 31.308919 16.176263 39.24214 33.367493 17.515626 39.248802 0.275905
SEG 31.694779 31.694779 39.255278 31.729816 29.829225 39.253169 0.263063
SEG 31.726692 33.198159 39.264006 29.908806 34.086682 39.648689 0.263063
SEG 31.958256 24.962912 39.244876 33.716811 24.736893 39.693804 0.273854
SEG 32.07559 39.615518 29.41366 30.892905 38.132455 31.076313 0.288771
SEG 32.186172 38.726135 3.1918583 31.493218 38.525499 1.4896337 0.263063
SEG 32.1875 2.8125 39.0625 32.632064 4.6463047 39.286252 0.263063
SEG 32.187675 2.8121606 39.022383 30.802417 4.3659287 39.435953 0.263063
SEG 32.339283 33.311137 0.93838879 31.873083 35.831482 0.69632101 0.389352
SEG 32.351991 9.5136063 39.257419 34.275021 10.340601 39.649549 0.263063
SEG 32.503104 19.617538 39.244178 30.351381 19.49407 39.239219 0.275905
SEG 32.596948 20.75863 39.24456 34.367746 21.833303 39.531711 0.263063
SEG 32.616641 25.903943 39.248406 31.5625 27.1875 39.6875 0.273854
SEG 32.839525 1.8229994 39.033587 33.370643 3.9001243 39.300955 0.271779
SEG 32.839525 35.941036 39.033587 32.513427 33.973112 39.27294 0.263063
SEG 32.955846 31.200225 39.645331 31.729816 29.829225 39.253169 0.263063
SEG 33.101445 25.626116 39.691394 34.12025 27.608081 39.26017 0.278668
SEG 33.144875 32.525233 0.93913081 35.37672 32.412169 1.7286535 0.263063
SEG 33.160571 7.0897782 39.45577 31.426689 7.2595691 39.645004 0.263063
SEG 33.209582 39.554651 29.372564 33.510227 39.566506 32.779248 0.263063
SEG 33.280773 34.733269 39.284001 31.169731 35.039685 38.893598 0.270847
SEG 33.444884 7.8188642 0.93751136 36.3914 10.490737 0.2631129 0.263063
SEG 33.444914 39.625585 35.824932 30.974369 38.308718 35.472179 0.263063
SEG 33.468314 0.51235758 21.392512 31.775589 1.7507284 18.291629 0.322871
SEG 33.508172 0.50713274 22.711425 31.923076 0.79763187 21.590646 0.263063
SEG 33.625107 0.50248669 25.277798 36.080073 1.1924153 24.113592 0.263063
SEG 33.633525 0.49119381 26.457636 35.053835 0.6019175 29.304554 0.263063
SEG 33.848799 0.51311868 28.973358 30.499534 0.32153264 29.302335 0.270179
SEG 33.869931 16.764516 38.641963 32.836345 18.522335 39.245692 0.263063
SEG 33.886023 7.9357211 39.272236 32.174378 7.9967679 39.644597 0.263063
SEG 33.937769 31.47709 0.98104623 32.211965 32.211965 1.8212189 0.318017
SEG 33.980173 16.679252 39.429246 36.082888 16.294871 39.665026 0.263063
SEG 33.989663 12.519845 39.258885 35.57918 13.188328 39.658858 0.263063
SEG 33.99269 0.40187478 35.932827 31.874937 0.8676132 36.781648 0.263063
SEG 34.007314 8.5526398 0.93113442 33.834843 6.4186036 1.1392533 0.321052
SEG 34.052486 36.230194 0.45769116 34.437116 37.869346 1.8414786 0.341831
SEG 34.254415 23.711899 39.476383 36.089499 23.634749 39.665124 0.263063
SEG 34.363082 39.557682 29.403782 33.510227 39.566506 32.779248 0.263063
SEG 34.586756 38.494392 3.5482321 31.493218 38.525499 1.4896337 0.263063
SEG 34.811358 11.75291 39.267836 36.861881 11.484939 39.4588 0.263063
SEG 34.908803 28.53641 39.461274 35.039685 31.169731 38.893598 0.270847
SEG 34.997829 10.266096 0.90766523 37.577364 9.9860356 0.80768793 0.263063
SEG 35.047545 0.48082447 35.799274 33.909177 0.43568897 34.035205 0.263063
SEG 35.236685 24.36449 39.267255 34.438522 22.7525 39.697512 0.263063
SEG 35.332024 29.20501 0.77193662 37.459318 29.886227 0.74904775 0.263063
SEG 35.434716 39.345204 29.291527 37.847735 38.194302 31.592651 0.263063
SEG 35.487663 11.145033 0.74904649 37.577364 9.9860356 0.80768793 0.263063
SEG 35.557629 28.394672 0.88676978 37.459318 29.886227 0.74904775 0.263063
SEG 35.622661 32.605282 39.657376 35.039685 31.169731 38.893598 0.270847
SEG 35.625317 38.381249 3.7051026 31.233384 38.275708 2.6981056 0.263063
SEG 35.674927 11.053316 39.280163 37.272237 12.451366 39.470071 0.263063
SEG 35.723153 12.076241 0.87957539 36.3914 10.490737 0.2631129 0.263063
SEG 35.816944 25.716536 39.661478 34.254415 23.711899 39.476383 0.263063
SEG 35.819972 29.054569 39.282601 35.039685 31.169731 38.893598 0.270847
SEG 35.896348 15.260882 39.469895 37.936243 16.053152 39.101958 0.263063
SEG 35.941165 1.8229994 14.22047 37.640034 1.8722715 13.269667 0.314416
SEG 35.941165 35.941036 39.033587 35.586059 33.779685 39.299199 0.263063
SEG 36.09139 24.795481 39.473441 37.572148 23.381405 38.908189 0.275905
SEG 36.094614 0.75404246 29.269572 33.758271 0.4732908 29.838103 0.263063
SEG 36.115816 5.6780233 39.310907 34.61786 7.9627656 39.426683 0.263063
SEG 36.136438 0.61056376 35.770075 33.937022 0.41943203 35.08471 0.263063
SEG 36.173471 21.787456 39.051979 34.367746 21.833303 39.531711 0.263063
SEG 36.222277 18.390043 39.667209 37.728639 17.211525 39.096141 0.263063
SEG 36.245323 13.962039 0.85321142 38.0621 14.546538 0.45413494 0.341306
SEG 36.248175 31.491131 39.662253 34.832398 33.018914 39.285528 0.263063
SEG 36.250682 19.439658 39.667693 34.732837 20.187793 39.023925 0.263063
SEG 36.251617 20.489658 39.667709 37.127112 22.360657 39.077879 0.263063
SEG 36.372343 25.438528 0.84594382 35.432145 21.98801 0.26309496 0.263063
SEG 36.455591 15.009183 0.84093831 34.301405 11.733331 0.60456053 0.264539
SEG 36.496058 39.161701 29.2577 37.847735 38.194302 31.592651 0.263063
SEG 36.5625 19.0625 39.0625 36.166894 17.341505 39.666308 0.263063
SEG 36.584255 30.496377 39.666068 35.039685 31.169731 38.893598 0.263063
SEG 36.593752 15.861728 0.83248629 34.894837 16.488898 0.34337338 0.263063
SEG 36.631033 39.176832 32.66479 37.847735 38.194302 31.592651 0.263063
SEG 36.756837 0.84873816 32.660118 38.212313 1.7876866 30.2615 0.263063
SEG 36.758499 22.716164 0.82163803 38.673491 21.548469 1.2903082 0.263063
SEG 36.765529 29.572279 39.511029 35.291032 27.74769 39.656163 0.263063
SEG 36.800558 17.784764 0.81885851 34.894837 16.488898 0.34337338 0.263063
SEG 36.833606 4.9119257 39.330199 33.370643 3.9001243 39.300955 0.263063
SEG 36.842206 35.103504 39.330893 35.133651 33.263493 39.654722 0.267534
SEG 36.858332 18.849366 0.81477373 36.191528 21.445714 0.26310864 0.263063
SEG 36.879167 19.673908 0.81338984 36.191528 21.445739 0.2631086 0.263063
SEG 37.028202 35.305494 39.336216 35.133651 33.263493 39.654722 0.263063
SEG 37.117724 0.98840642 29.240936 38.954584 1.0454162 30.237637 0.263063
SEG 37.135801 21.543744 0.76651483 35.432145 21.98801 0.26309496 0.263063
SEG 37.288705 35.584077 1.6200806 35.018717 35.018717 1.4167674 0.263063
SEG 37.29264 0.95965162 25.211121 38.4375 0.3125 24.0625 0.297639
SEG 37.314118 0.90434335 24.083527 33.625107 0.50248669 25.277798 0.263063
SEG 37.363912 18.285825 39.08536 36.251617 20.489658 39.667709 0.263063
SEG 37.834435 34.069066 38.63775 36.317084 34.533227 39.315865 0.263063
SEG 37.912671 14.231771 39.406106 37.936243 16.053152 39.101958 0.275905
SEG 37.918051 34.320551 1.6458148 35.37672 32.412169 1.7286535 0.263063
SEG 38.08653 1.3928965 29.22355 36.756837 0.84873816 32.660118 0.263063
SEG 38.123203 1.2461412 35.702968 37.749881 1.1885791 32.630617 0.263063
SEG 38.173311 3.2826131 39.379527 39.042805 1.8229994 39.033587 0.263063
SEG 38.308718 30.974369 35.472179 39.568945 30.965295 32.940996 0.320653
SEG 38.347474 30.837267 36.322605 39.638925 32.13479 32.820138 0.263063
SEG 38.375765 33.027433 1.4140801 37.459318 29.886227 0.74904775 0.263063
SEG 38.601652 7.770221 1.35175 37.577364 9.9860356 0.80768793 0.263063
SEG 38.66046 35.197078 14.028538 39.412523 39.412523 13.318799 0.263063
SEG 38.728085 4.6026545 8.5456101 39.637178 4.804916 10.543551 0.27244
SEG 38.740302 2.939842 13.269962 39.63934 4.8216126 12.070549 0.27244
SEG 38.852121 30.430762 1.2562517 38.275708 31.233384 2.6981056 0.263063
SEG 39.042805 1.8229994 14.22047 39.629242 4.1643052 13.273502 0.314416
SEG 39.166837 29.400223 1.1658088 38.275708 31.233384 2.6981056 0.263063
SEG 39.179461 22.016265 34.068204 39.705276 20.911135 32.6543 0.263063
SEG 39.246944 36.310579 32.676237 39.497337 39.497337 31.7049 0.263063
SEG 39.325783 28.194708 1.1029037 39.718382 25.570721 2.2575798 0.263063
SEG 39.397614 35.288289 29.121861 39.251662 38.196879 28.755238 0.263063
SEG 39.399962 35.334285 32.54638 39.397614 35.288289 29.121861 0.295298
SEG 39.402169 8.2912976 21.639885 39.662603 4.6566294 22.135963 0.263063
SEG 39.409056 39.409056 11.646026 38.307443 38.44528 9.6300398 0.263063
SEG 39.429269 39.429269 18.164557 38.542606 38.004322 16.577198 0.263063
SEG 39.434409 27.151382 1.056296 39.718382 25.570721 2.2575798 0.263063
SEG 39.441588 39.441588 21.156118 38.263237 39.706008 24.820937 0.263063
SEG 39.490387 12.777479 8.9255099 39.042805 14.229558 11.118831 0.263063
SEG 39.490454 4.3318465 29.254051 38.212313 1.7876866 30.2615 0.263063
SEG 39.498367 4.0631436 35.704286 39.424266 4.8509073 32.720432 0.263063
SEG 39.500831 12.891455 13.734086 39.042805 14.229558 17.32211 0.263063
SEG 39.504929 12.887463 11.211218 39.574552 8.5865657 11.72625 0.263063
SEG 39.505155 1.1225371 24.620876 39.672661 4.5481453 25.88966 0.27244
SEG 39.515821 8.038211 4.1117026 38.895198 9.0512284 1.2602138 0.263063
SEG 39.519023 12.867653 18.210781 39.403721 16.074084 20.812492 0.263063
SEG 39.524837 12.960602 12.174115 39.042805 14.229558 11.118831 0.263063
SEG 39.529227 5.0592098 35.801645 39.424266 4.8509073 32.720432 0.263063
SEG 39.531001 12.817571 21.026948 39.042805 14.229558 17.32211 0.263063
SEG 39.531266 1.063547 30.113964 38.568493 1.8460968 32.623835 0.263063
SEG 39.54669 8.4545055 8.6233773 38.728085 4.6026545 8.5456101 0.349735
SEG 39.550168 8.3396034 7.0638809 38.728085 4.6026545 8.5456101 0.263063
SEG 39.553484 1.0137138 33.263485 39.019599 2.7940082 32.645452 0.263063
SEG 39.554162 8.5911144 13.187814 39.642221 4.8202559 13.590105 0.263063
SEG 39.561381 13.048292 16.730412 39.563461 8.5782593 16.123017 0.263063
SEG 39.561442 8.1781643 5.5004201 38.98849 9.1936842 8.2680858 0.263063
SEG 39.568241 8.5553154 17.546665 39.668721 6.7765075 17.150965 0.263063
SEG 39.577048 0.96195657 35.362705 39.211843 2.9864155 35.739423 0.263063
SEG 39.577683 8.4900638 20.322557 39.189544 8.269786 16.94784 0.263063
SEG 39.588704 34.29932 32.767783 39.557064 33.192932 29.373105 0.263063
SEG 39.590433 20.886971 16.391709 38.447668 20.528248 19.970651 0.320975
SEG 39.60255 6.1064704 35.819415 39.65363 8.042649 34.502087 0.263063
SEG 39.608608 20.910132 9.8499306 39.615826 25.137192 10.577491 0.266447
SEG 39.609188 20.920673 8.1767846 39.042805 20.432837 11.118831 0.266447
SEG 39.611153 20.903236 11.471943 39.624222 25.036727 12.158401 0.266447
SEG 39.612051 8.1958567 29.170236 39.59411 6.9425155 32.793533 0.263063
SEG 39.614616 25.183662 8.9468826 39.609188 20.920673 8.1767846 0.266447
SEG 39.615266 20.89927 13.057725 39.042805 20.432837 11.118831 0.266447
SEG 39.615913 20.935245 6.4753812 38.902441 23.861415 3.8363846 0.266447
SEG 39.617076 32.067439 29.413877 38.834648 30.425083 29.0034 0.285252
SEG 39.61758 25.251391 7.2864726 38.902441 23.861415 3.8363846 0.276495
SEG 39.618113 8.1569372 30.29463 39.59411 6.9425155 32.793533 0.263063
SEG 39.619212 25.096676 11.215046 39.611153 20.903236 11.471943 0.266447
SEG 39.620043 20.897649 14.590073 39.569399 22.358942 16.691853 0.266447
SEG 39.621716 20.896703 17.297122 39.042805 23.534477 17.32211 0.314416
SEG 39.623417 25.094716 13.705064 39.597214 23.839344 16.686585 0.276495
SEG 39.626062 1.6784995 38.938611 39.594941 0.92391058 36.411863 0.286202
SEG 39.630166 20.899332 17.541694 39.042805 23.534477 17.32211 0.266447
SEG 39.640281 25.257715 16.675794 39.042805 23.534477 17.32211 0.276495
SEG 39.642525 25.124571 19.515507 39.105432 25.639569 21.601522 0.276495
SEG 39.645058 20.908916 21.741092 38.447668 20.528248 19.970651 0.266447
SEG 39.645656 25.914265 1.2817692 39.042805 23.534477 4.9155513 0.276495
SEG 39.647528 25.437558 3.9065975 39.042805 23.534477 4.9155513 0.314416
SEG 39.648653 25.960846 1.2979449 39.042805 23.534477 4.9155513 0.263063
SEG 39.648882 4.7842534 16.564176 39.668721 6.7765075 17.150965 0.27244
SEG 39.649934 20.913019 23.0923 39.042805 23.534477 23.525389 0.266447
SEG 39.650818 7.1552863 35.83108 38.274436 8.6294304 34.008272 0.263063
SEG 39.653781 20.834612 20.291368 39.660178 17.381287 20.767148 0.266447
SEG 39.657203 25.325019 20.895976 38.606923 25.517548 17.424948 0.315453
SEG 39.659224 4.6915771 20.798532 39.042805 1.8229994 20.423749 0.27244
SEG 39.661288 30.932587 29.452424 38.132455 30.892905 31.076313 0.288771
SEG 39.664715 20.925401 26.948209 39.685108 17.195388 25.928611 0.266447
SEG 39.669108 17.237564 21.995156 39.645058 20.908916 21.741092 0.266447
SEG 39.6693 4.5846009 24.685448 39.510042 1.1114938 25.781534 0.286202
SEG 39.669913 20.929087 28.164535 39.693699 19.665021 30.871841 0.266447
SEG 39.676066 4.5116858 27.04102 39.0625 5.9375 25.3125 0.27244
SEG 39.67652 20.974652 3.0564765 38.902441 23.861415 3.8363846 0.266447
SEG 39.67715 8.1121583 35.719282 38.515006 9.651485 34.013782 0.263063
SEG 39.678151 17.212276 24.646178 39.659689 20.921401 25.693314 0.266447
SEG 39.679544 4.4754357 28.134601 39.092268 3.1945358 29.249023 0.27244
SEG 39.682828 17.200923 25.508258 38.764902 16.702029 29.225001 0.293229
SEG 39.692229 4.3583222 31.339922 39.524698 5.8953847 32.758909 0.263063
SEG 39.695022 17.054855 28.770054 38.169705 19.365198 30.593161 0.30493
SEG 39.697946 4.3161655 32.389059 38.568493 1.8460968 32.623835 0.263063
SEG 39.703481 20.940829 33.678285 38.583009 19.690284 30.953715 0.263063
SEG 39.703965 21.449055 1.5702439 38.902441 23.861415 3.8363846 0.263063
SEG 39.733503 20.98525 2.1722286 39.042805 23.534477 4.9155513 0.266447
SEG 39.733507 20.985193 2.1723021 39.042805 23.534477 4.9155513 0.266447
SEG 39.736882 2.6746538 38.919726 39.675332 0.7945804 38.50606 0.263063
SEG 39.73689 7.5770015 1.4121847 38.911425 9.9580113 1.234597 0.263063
SEG 39.736905 2.6749498 38.919718 39.675332 0.7945804 38.50606 0.263063
