rung,iter,wall_ms,compliance,achieved_vf,plateau,cg_iters,cg_multigrid,beta,hier_built,mg_cycles_attempted,infeasible,recycle_dim,active_fraction,total_ms,tail_prev_ms,filter_ms,project_ms,solve_ms,fea_ms,sens_ms,update_ms,analysis_ms,observe_ms,residual_ms,solver_build_ms,mg_build_ms,mg_ms,cg_ms,geneo_setup_ms,geneo_apply_ms,recycle_ms,fea_solves,matvecs,geneo_dim,geneo_action,geneo_burn,geneo_threshold,rss_mb,peak_rss_mb,compressed_mb,available_mb,major_faults,swapins
0,1,1785734679918,456.9024949,0.074077,0,113,1,0,1,113,0,0,1.000000,2491.424,0.000,1.890,0.033,2475.163,2466.256,8.906,13.877,0.247,0.091,0.123,6.486,605.174,1853.194,0.000,0.000,0.000,0.000,1,452,0,0,0,0,258.39,272.27,0.00,4650.72,593,0
0,2,1785734681926,528.9555581,0.068622,0,85,1,0,1,85,0,0,1.000000,2007.912,0.003,1.564,0.042,1994.079,1985.443,8.635,11.906,0.217,0.040,0.063,5.058,585.073,1394.444,0.000,0.000,0.000,0.000,1,340,0,0,0,0,276.80,290.67,0.00,4771.06,593,0
0,3,1785734684030,240.8393606,0.066394,0,96,1,0,1,96,0,0,1.000000,2104.086,0.002,1.532,0.041,2089.030,2079.118,9.910,13.125,0.226,0.050,0.082,4.053,544.774,1529.337,0.000,0.000,0.000,0.000,1,384,0,0,0,0,276.13,290.70,0.00,4755.11,593,0
0,4,1785734685668,152.3994622,0.074388,0,62,1,0,1,62,0,0,1.000000,1637.498,0.005,1.861,0.032,1622.378,1613.373,9.002,12.875,0.224,0.045,0.085,4.257,575.220,1033.008,0.000,0.000,0.000,0.000,1,248,0,0,0,0,280.00,293.86,0.00,4784.12,593,0
0,5,1785734687298,53.9341064,0.084634,0,62,1,0,1,62,0,0,1.000000,1629.842,0.004,1.708,0.034,1615.195,1605.156,10.038,12.548,0.231,0.051,0.075,5.298,583.369,1015.605,0.000,0.000,0.000,0.000,1,248,0,0,0,0,284.14,298.00,0.00,4743.61,593,0
0,6,1785734688838,31.16085628,0.087792,0,64,1,0,1,64,0,0,1.000000,1539.870,0.003,1.618,0.032,1525.675,1516.912,8.761,12.224,0.220,0.034,0.068,4.203,575.210,936.623,0.000,0.000,0.000,0.000,1,256,0,0,0,0,284.16,298.02,0.00,4792.50,593,0
0,7,1785734690514,23.81080527,0.088577,0,61,1,0,1,61,0,0,1.000000,1675.887,0.003,1.640,0.032,1660.435,1651.495,8.939,13.331,0.229,0.037,0.182,3.880,583.425,1063.287,0.000,0.000,0.000,0.000,1,244,0,0,0,0,237.22,298.06,0.00,4733.55,593,0
0,8,1785734692199,19.93403242,0.088808,0,54,1,0,1,54,0,0,1.000000,1685.820,0.006,1.643,0.036,1670.680,1661.490,9.187,12.979,0.365,0.032,0.085,4.194,597.217,1059.215,0.000,0.000,0.000,0.000,1,216,0,0,0,0,254.45,298.06,0.00,4343.84,593,0
0,9,1785734694026,17.12286582,0.088807,0,73,1,0,1,73,0,0,1.000000,1826.060,0.004,1.622,0.032,1811.536,1802.590,8.944,12.509,0.237,0.045,0.080,4.721,592.355,1204.650,0.000,0.000,0.000,0.000,1,292,0,0,0,0,278.45,298.06,13.09,4372.72,593,0
0,10,1785734695623,14.81639737,0.088791,0,67,1,0,1,67,0,0,1.000000,1597.136,0.017,1.827,0.038,1579.532,1568.470,11.059,15.306,0.302,0.046,0.086,3.952,564.419,999.212,0.000,0.000,0.000,0.000,1,268,0,0,0,0,280.09,298.06,13.06,4503.62,593,0
0,11,1785734697460,12.87074465,0.088830,0,64,1,0,1,64,0,0,1.000000,1837.497,0.004,1.549,0.032,1823.013,1814.111,8.900,12.566,0.225,0.044,0.068,4.189,763.166,1044.731,0.000,0.000,0.000,0.000,1,256,0,0,0,0,286.95,298.06,9.67,4715.91,593,0
0,12,1785734699068,11.2710799,0.088902,0,60,1,0,1,60,0,0,1.000000,1607.484,0.003,1.559,0.032,1592.624,1583.775,8.848,12.596,0.228,0.375,0.070,4.282,568.596,1010.040,0.000,0.000,0.000,0.000,1,240,0,0,0,0,286.95,298.06,9.67,4721.08,593,0
0,13,1785734700708,9.967969177,0.089027,0,62,1,0,1,62,0,0,1.000000,1640.311,0.004,1.844,0.031,1621.322,1610.843,10.474,16.751,0.247,0.052,0.064,4.170,579.346,1026.465,0.000,0.000,0.000,0.000,1,248,0,0,0,0,286.97,298.06,9.66,4253.75,593,0
0,14,1785734702631,8.926855542,0.089229,0,90,1,0,1,90,0,0,1.000000,1922.399,0.003,1.599,0.031,1905.908,1895.452,10.451,14.503,0.244,0.043,0.071,5.311,582.668,1306.615,0.000,0.000,0.000,0.000,1,360,0,0,0,0,286.97,298.06,9.66,4624.16,593,0
0,15,1785734704446,8.144732137,0.089489,0,74,1,0,1,74,0,0,1.000000,1814.595,0.002,2.517,0.031,1797.278,1786.750,10.525,14.414,0.233,0.047,0.075,4.248,571.588,1209.932,0.000,0.000,0.000,0.000,1,296,0,0,0,0,286.97,298.06,9.66,4568.11,593,0
0,16,1785734706357,7.593275157,0.089712,0,79,1,0,1,79,0,0,1.000000,1911.112,0.006,1.803,0.038,1895.922,1886.167,9.752,12.994,0.232,0.052,0.071,4.814,572.676,1307.800,0.000,0.000,0.000,0.000,1,316,0,0,0,0,286.99,298.06,9.66,4509.45,593,0
0,17,1785734708242,7.203372743,0.089891,0,81,1,0,1,81,0,0,1.000000,1884.580,0.008,1.601,0.033,1870.209,1861.546,8.661,12.399,0.231,0.043,0.064,4.298,576.921,1279.321,0.000,0.000,0.000,0.000,1,324,0,0,0,0,287.00,298.06,14.41,4389.69,593,0
0,18,1785734710369,6.927590416,0.090037,0,87,1,0,1,87,0,0,1.000000,2126.950,0.003,1.575,0.032,2111.727,2102.908,8.816,13.279,0.224,0.045,0.069,4.113,565.301,1532.653,0.000,0.000,0.000,0.000,1,348,0,0,0,0,287.00,298.06,14.44,4514.36,593,0
0,19,1785734712326,6.728504289,0.090139,0,83,1,0,1,83,0,0,1.000000,1957.442,0.003,1.654,0.032,1941.996,1932.932,9.062,13.404,0.235,0.053,0.069,4.463,572.727,1354.889,0.000,0.000,0.000,0.000,1,332,0,0,0,0,287.02,298.06,14.39,4658.69,593,0
0,20,1785734714288,6.590811234,0.090204,0,88,1,0,1,88,0,0,1.000000,1961.346,0.003,1.596,0.032,1947.484,1938.835,8.648,11.921,0.214,0.036,0.063,4.441,556.240,1377.282,0.000,0.000,0.000,0.000,1,352,0,0,0,0,287.02,298.06,14.34,4512.14,593,0
0,21,1785734716381,6.487237587,0.090250,0,77,1,0,1,77,0,0,1.000000,2093.860,0.011,1.576,0.031,2079.213,2069.600,9.611,12.681,0.243,0.045,0.072,4.007,594.425,1470.309,0.000,0.000,0.000,0.000,1,308,0,0,0,0,287.03,298.06,14.31,4462.97,593,0
0,22,1785734718260,6.400383672,0.090322,0,72,1,0,1,72,0,0,1.000000,1878.412,0.031,1.671,0.037,1863.716,1854.533,9.181,12.645,0.228,0.055,0.060,4.320,580.016,1269.341,0.000,0.000,0.000,0.000,1,288,0,0,0,0,287.03,298.06,14.31,4655.95,593,0
0,23,1785734720407,6.335995017,0.090357,0,86,1,0,1,86,0,0,1.000000,2146.670,0.006,1.748,0.033,2128.775,2119.302,9.413,15.544,0.269,0.046,0.255,3.938,589.514,1524.769,0.000,0.000,0.000,0.000,1,344,0,0,0,0,287.05,298.06,14.31,4619.75,593,0
0,24,1785734722214,6.292904623,0.090372,0,79,1,0,1,79,0,0,1.000000,1807.567,0.003,1.745,0.031,1792.456,1783.579,8.875,12.995,0.223,0.043,0.073,4.989,600.140,1177.596,0.000,0.000,0.000,0.000,1,316,0,0,0,0,287.05,298.06,14.31,4613.72,593,0
0,25,1785734724211,6.258455028,0.090384,0,71,1,0,1,71,0,0,1.000000,1996.681,0.010,1.611,0.031,1981.841,1972.318,9.520,12.861,0.225,0.045,0.067,4.416,664.547,1302.501,0.000,0.000,0.000,0.000,1,284,0,0,0,0,287.06,298.06,30.17,4643.25,593,0
0,26,1785734726257,6.229389241,0.090390,0,71,1,0,1,71,0,0,1.000000,2045.803,0.003,1.685,0.037,2030.960,2021.812,9.146,12.765,0.252,0.044,0.060,3.990,580.048,1436.869,0.000,0.000,0.000,0.000,1,284,0,0,0,0,287.08,298.06,30.12,4714.20,593,0
0,27,1785734728096,6.203200483,0.090397,0,71,1,0,1,71,0,0,1.000000,1838.833,0.004,1.615,0.032,1823.788,1814.816,8.969,13.041,0.225,0.058,0.075,4.188,567.384,1242.388,0.000,0.000,0.000,0.000,1,284,0,0,0,0,287.08,298.06,30.12,4633.52,593,0
0,28,1785734729965,6.179673793,0.090403,0,72,1,0,1,72,0,0,1.000000,1869.003,0.012,1.622,0.031,1853.262,1844.117,9.142,13.726,0.234,0.044,0.083,4.326,587.786,1251.127,0.000,0.000,0.000,0.000,1,288,0,0,0,0,295.09,298.06,17.48,4713.28,593,0
0,29,1785734731928,6.15790069,0.090411,0,81,1,0,1,81,0,0,1.000000,1963.827,0.007,1.635,0.032,1949.158,1939.707,9.448,12.639,0.247,0.046,0.071,4.956,577.156,1356.732,0.000,0.000,0.000,0.000,1,324,0,0,0,0,295.09,298.06,15.44,4706.52,593,0
0,30,1785734733911,6.139458747,0.090414,0,83,1,0,1,83,0,0,1.000000,1982.157,0.008,1.614,0.034,1967.591,1958.590,8.997,12.558,0.230,0.059,0.072,4.032,570.546,1383.128,0.000,0.000,0.000,0.000,1,332,0,0,0,0,295.11,298.06,15.44,4668.67,593,0
0,31,1785734735787,6.123165142,0.090415,0,83,1,0,1,83,0,0,1.000000,1876.718,0.003,1.660,0.032,1860.238,1851.235,8.998,14.436,0.234,0.045,0.074,3.893,575.731,1270.690,0.000,0.000,0.000,0.000,1,332,0,0,0,0,295.11,298.06,15.44,4641.89,593,0
0,32,1785734737778,6.107471705,0.090420,0,83,1,0,1,83,0,0,1.000000,1990.608,0.006,1.625,0.032,1975.311,1965.027,10.281,13.299,0.219,0.040,0.081,4.830,568.647,1390.624,0.000,0.000,0.000,0.000,1,332,0,0,0,0,295.11,298.06,15.16,4631.98,593,0
0,33,1785734739670,6.093132154,0.090423,0,72,1,0,1,72,0,0,1.000000,1892.027,0.004,1.662,0.034,1877.264,1868.351,8.911,12.699,0.244,0.047,0.079,4.278,577.931,1285.267,0.000,0.000,0.000,0.000,1,288,0,0,0,0,295.11,298.06,17.25,4602.06,593,0
0,34,1785734743562,6.080555298,0.090426,0,72,1,0,1,72,0,0,1.000000,3891.580,0.003,1.659,0.033,3876.485,3867.320,9.163,13.055,0.230,0.053,0.067,4.310,570.598,3291.517,0.000,0.000,0.000,0.000,1,288,0,0,0,0,295.11,298.06,18.98,4370.47,593,0
0,35,1785734745513,6.069117723,0.090428,0,72,1,0,1,72,0,0,1.000000,1950.834,0.003,1.662,0.033,1935.051,1925.133,9.916,13.751,0.224,0.046,0.068,4.407,624.342,1295.520,0.000,0.000,0.000,0.000,1,288,0,0,0,0,295.11,298.06,18.97,4277.22,593,0
0,36,1785734751649,6.058582495,0.090429,0,73,1,0,1,73,0,0,1.000000,6136.329,0.004,1.660,0.033,6110.607,6099.938,10.667,23.067,0.313,0.042,0.608,4.222,679.337,5415.216,0.000,0.000,0.000,0.000,1,292,0,0,0,0,295.11,298.06,150.70,3838.25,593,0
0,37,1785734757168,6.048632306,0.090431,0,73,1,0,1,73,0,0,1.000000,5519.215,0.003,2.035,0.034,5502.638,5490.592,12.044,14.174,0.227,0.036,0.071,12.599,812.108,4664.893,0.000,0.000,0.000,0.000,1,292,0,0,0,0,295.13,298.06,42.25,3851.09,593,0
0,38,1785734762975,6.039446168,0.090432,0,73,1,0,1,73,0,0,1.000000,5806.928,0.004,1.656,0.033,5792.131,5782.741,9.388,12.763,0.226,0.047,0.072,5.510,826.103,4949.054,0.000,0.000,0.000,0.000,1,292,0,0,0,0,295.13,298.06,51.20,3843.58,593,0
0,39,1785734765022,6.030620489,0.090433,0,72,1,0,1,72,0,0,1.000000,2046.288,0.009,1.615,0.033,2031.323,2021.918,9.401,12.975,0.224,0.045,0.073,4.697,700.971,1315.041,0.000,0.000,0.000,0.000,1,288,0,0,0,0,295.13,298.06,37.72,4061.62,593,0
0,40,1785734766883,6.022216185,0.090434,0,72,1,0,1,72,0,0,1.000000,1861.303,0.004,1.716,0.059,1845.724,1836.119,9.602,13.444,0.227,0.059,0.073,4.321,551.086,1279.384,0.000,0.000,0.000,0.000,1,288,0,0,0,0,295.13,298.06,21.72,4023.58,593,0
0,41,1785734768739,6.014023512,0.090435,0,72,1,0,1,72,0,0,1.000000,1855.770,0.004,1.661,0.034,1838.695,1829.583,9.109,14.820,0.225,0.055,0.281,4.157,584.853,1239.651,0.000,0.000,0.000,0.000,1,288,0,0,0,0,295.13,298.06,21.64,4024.05,593,0
0,42,1785734770630,6.006458953,0.090434,0,71,1,0,1,71,0,0,1.000000,1891.536,0.004,1.717,0.033,1875.925,1866.493,9.428,13.500,0.238,0.037,0.085,5.294,591.893,1268.212,0.000,0.000,0.000,0.000,1,284,0,0,0,0,295.14,298.06,21.58,4005.86,593,0
0,43,1785734772413,5.998849104,0.090434,0,71,1,0,1,71,0,0,1.000000,1782.609,0.004,4.263,0.034,1765.418,1756.609,8.808,12.566,0.221,0.036,0.071,4.330,596.985,1154.361,0.000,0.000,0.000,0.000,1,284,0,0,0,0,295.14,298.06,21.58,3960.53,593,0
0,44,1785734774280,5.991302621,0.090436,0,72,1,0,1,72,0,0,1.000000,1867.242,0.010,1.582,0.033,1852.198,1842.939,9.255,13.084,0.226,0.044,0.075,3.808,563.757,1274.515,0.000,0.000,0.000,0.000,1,288,0,0,0,0,295.17,298.06,21.58,4100.36,593,0
0,45,1785734776301,5.984205165,0.090437,0,80,1,0,1,80,0,0,1.000000,2021.247,0.005,1.616,0.033,2006.137,1995.665,10.470,13.105,0.223,0.062,0.071,4.505,590.904,1399.386,0.000,0.000,0.000,0.000,1,320,0,0,0,0,295.17,298.06,21.58,4061.92,593,0
0,46,1785734778338,5.977766272,0.090438,0,80,1,0,1,80,0,0,1.000000,2036.578,0.004,1.652,0.033,2021.324,2012.047,9.274,13.214,0.232,0.052,0.070,4.972,600.202,1406.000,0.000,0.000,0.000,0.000,1,320,0,0,0,0,295.17,298.06,21.56,4050.89,593,0
0,47,1785734780337,5.971610958,0.090438,0,84,1,0,1,84,0,0,1.000000,1998.633,0.003,1.644,0.032,1983.824,1974.798,9.023,12.783,0.244,0.042,0.065,4.745,580.693,1388.489,0.000,0.000,0.000,0.000,1,336,0,0,0,0,295.19,298.06,17.25,4110.56,593,0
0,48,1785734782312,5.965832518,0.090438,0,79,1,0,1,79,0,0,1.000000,1975.206,0.004,1.809,0.031,1959.947,1950.790,9.155,13.063,0.243,0.047,0.065,3.953,589.969,1355.952,0.000,0.000,0.000,0.000,1,316,0,0,0,0,295.19,298.06,17.25,4094.80,593,0
0,49,1785734784262,5.960159968,0.090437,0,78,1,0,1,78,0,0,1.000000,1950.547,0.003,1.699,0.037,1934.942,1925.539,9.400,13.508,0.242,0.039,0.080,4.073,584.508,1336.078,0.000,0.000,0.000,0.000,1,312,0,0,0,0,295.19,298.06,17.23,4092.23,593,0
0,50,1785734786112,5.954359406,0.090437,0,77,1,0,1,77,0,0,1.000000,1849.320,0.004,1.660,0.034,1834.437,1825.057,9.375,12.858,0.221,0.047,0.063,4.016,610.927,1209.185,0.000,0.000,0.000,0.000,1,308,0,0,0,0,295.19,298.06,17.22,4062.81,593,0
0,51,1785734787882,5.948657378,0.090436,0,67,1,0,1,67,0,0,1.000000,1770.173,0.003,1.601,0.031,1754.837,1745.886,8.949,13.363,0.228,0.049,0.065,4.076,581.088,1159.883,0.000,0.000,0.000,0.000,1,268,0,0,0,0,295.19,298.06,17.22,4067.06,593,0
0,52,1785734789701,5.942625316,0.090437,0,67,1,0,1,67,0,0,1.000000,1819.290,0.003,1.657,0.033,1802.537,1793.263,9.271,14.543,0.231,0.053,0.237,4.228,605.375,1182.507,0.000,0.000,0.000,0.000,1,268,0,0,0,0,295.19,298.06,17.22,4014.05,593,0
0,53,1785734791467,5.936584091,0.090436,0,67,1,0,1,67,0,0,1.000000,1765.550,0.004,1.725,0.037,1749.401,1740.237,9.161,13.814,0.444,0.049,0.079,4.852,590.505,1144.002,0.000,0.000,0.000,0.000,1,268,0,0,0,0,295.19,298.06,17.20,3995.17,593,0
0,54,1785734793124,5.930323287,0.090438,0,67,1,0,1,67,0,0,1.000000,1656.969,0.010,1.729,0.034,1641.996,1632.963,9.030,12.853,0.232,0.057,0.067,4.821,595.581,1031.619,0.000,0.000,0.000,0.000,1,268,0,0,0,0,295.20,298.06,17.20,4019.70,593,0
0,55,1785734794831,5.924127126,0.090439,0,66,1,0,1,66,0,0,1.000000,1707.409,0.004,1.623,0.033,1692.328,1683.543,8.783,13.066,0.234,0.054,0.071,4.248,581.796,1096.627,0.000,0.000,0.000,0.000,1,264,0,0,0,0,295.20,298.06,17.19,3975.72,593,0
0,56,1785734796532,5.918526723,0.090438,0,66,1,0,1,66,0,0,1.000000,1700.711,0.004,1.584,0.031,1685.952,1675.973,9.973,12.777,0.228,0.044,0.095,4.360,567.524,1103.225,0.000,0.000,0.000,0.000,1,264,0,0,0,0,295.20,298.06,17.17,4019.00,593,0
0,57,1785734798263,5.91299597,0.090438,0,67,1,0,1,67,0,0,1.000000,1730.961,0.004,1.599,0.033,1716.363,1707.446,8.916,12.600,0.238,0.053,0.075,4.000,595.537,1107.041,0.000,0.000,0.000,0.000,1,268,0,0,0,0,295.20,298.06,17.16,4056.83,593,0
0,58,1785734799913,5.907275664,0.090438,0,68,1,0,1,68,0,0,1.000000,1649.905,0.006,1.611,0.034,1635.001,1626.096,8.904,12.908,0.223,0.057,0.071,4.034,572.473,1048.416,0.000,0.000,0.000,0.000,1,272,0,0,0,0,295.20,298.06,15.16,3972.41,593,0
0,59,1785734801675,5.901705032,0.090439,0,69,1,0,1,69,0,0,1.000000,1762.348,0.006,1.680,0.031,1747.727,1738.768,8.956,12.562,0.221,0.048,0.079,4.444,585.627,1147.740,0.000,0.000,0.000,0.000,1,276,0,0,0,0,295.20,298.06,15.16,3960.72,593,0
0,60,1785734803556,5.896465022,0.090440,0,77,1,0,1,77,0,0,1.000000,1880.743,0.012,1.634,0.033,1866.185,1857.236,8.947,12.535,0.224,0.055,0.077,4.248,571.805,1280.282,0.000,0.000,0.000,0.000,1,308,0,0,0,0,295.22,298.06,15.16,3953.25,593,0
0,61,1785734805464,5.891498309,0.090441,0,73,1,0,1,73,0,0,1.000000,1907.422,0.006,1.665,0.031,1893.383,1884.789,8.593,12.014,0.216,0.050,0.063,4.244,591.502,1288.181,0.000,0.000,0.000,0.000,1,292,0,0,0,0,295.22,298.06,15.16,3906.53,593,0
0,62,1785734807366,5.887099365,0.090441,0,78,1,0,1,78,0,0,1.000000,1902.316,0.007,1.572,0.031,1887.168,1877.158,10.008,13.191,0.228,0.052,0.074,4.048,538.790,1333.499,0.000,0.000,0.000,0.000,1,312,0,0,0,0,295.24,298.06,15.16,3933.70,593,0
0,63,1785734809262,5.882869596,0.090441,0,78,1,0,1,78,0,0,1.000000,1896.067,0.003,1.622,0.032,1881.420,1872.428,8.990,12.647,0.225,0.052,0.069,4.056,565.050,1302.429,0.000,0.000,0.000,0.000,1,312,0,0,0,0,295.24,298.06,15.16,3931.94,593,0
0,64,1785734811195,5.87863327,0.090441,0,77,1,0,1,77,0,0,1.000000,1932.825,0.004,1.602,0.042,1918.074,1908.249,9.822,12.755,0.234,0.049,0.070,4.234,601.093,1302.037,0.000,0.000,0.000,0.000,1,308,0,0,0,0,295.24,298.06,17.19,3998.31,593,0
0,65,1785734812939,5.874318965,0.090441,0,77,1,0,1,77,0,0,1.000000,1744.113,0.004,1.566,0.031,1729.570,1720.639,8.930,12.596,0.224,0.048,0.079,4.340,572.460,1142.984,0.000,0.000,0.000,0.000,1,308,0,0,0,0,295.24,298.06,17.19,4011.61,593,0
0,66,1785734814862,5.869942403,0.090441,0,77,1,0,1,77,0,0,1.000000,1922.861,0.003,1.818,0.032,1907.807,1898.787,9.017,12.856,0.233,0.041,0.073,3.968,585.027,1308.924,0.000,0.000,0.000,0.000,1,308,0,0,0,0,295.24,298.06,17.19,3961.16,593,0
0,67,1785734816777,5.865443357,0.090440,0,78,1,0,1,78,0,0,1.000000,1915.134,0.004,1.591,0.031,1900.607,1890.392,10.211,12.556,0.233,0.045,0.072,4.380,574.882,1310.271,0.000,0.000,0.000,0.000,1,312,0,0,0,0,295.24,298.06,17.19,3951.22,593,0
0,68,1785734818618,5.860752327,0.090439,0,78,1,0,1,78,0,0,1.000000,1840.926,0.005,1.589,0.035,1826.304,1817.464,8.839,12.674,0.218,0.045,0.060,4.252,578.824,1233.537,0.000,0.000,0.000,0.000,1,312,0,0,0,0,295.24,298.06,17.19,3948.95,593,0
0,69,1785734820668,5.855804582,0.090438,0,82,1,0,1,82,0,0,1.000000,2049.658,0.004,1.604,0.032,2034.449,2025.298,9.146,13.217,0.229,0.048,0.078,4.057,552.367,1468.016,0.000,0.000,0.000,0.000,1,328,0,0,0,0,295.24,298.06,49.48,3369.00,593,0
0,70,1785734822622,5.850398279,0.090438,0,80,1,0,1,80,0,0,1.000000,1953.924,0.005,1.664,0.034,1936.720,1927.495,9.223,14.108,1.074,0.049,0.275,4.823,580.893,1340.904,0.000,0.000,0.000,0.000,1,320,0,0,0,0,295.25,298.06,24.45,3677.55,593,0
0,71,1785734824574,5.844859407,0.090440,0,82,1,0,1,82,0,0,1.000000,1951.667,0.006,2.574,0.033,1936.019,1927.071,8.946,12.704,0.230,0.044,0.064,4.573,578.349,1343.129,0.000,0.000,0.000,0.000,1,328,0,0,0,0,295.25,298.06,23.31,3639.28,593,0
0,72,1785734826412,5.839623383,0.090441,0,77,1,0,1,77,0,0,1.000000,1838.225,0.003,1.692,0.032,1823.432,1814.490,8.939,12.722,0.227,0.051,0.071,4.064,556.842,1252.755,0.000,0.000,0.000,0.000,1,308,0,0,0,0,295.25,298.06,23.34,3556.52,593,0
0,73,1785734828601,5.834856879,0.090441,0,81,1,0,1,81,0,0,1.000000,2188.424,0.008,1.673,0.033,2173.552,2164.333,9.216,12.798,0.232,0.058,0.077,3.909,573.367,1586.174,0.000,0.000,0.000,0.000,1,324,0,0,0,0,295.27,298.06,23.33,3808.98,593,0
0,74,1785734830464,5.830473743,0.090441,0,76,1,0,1,76,0,0,1.000000,1862.815,0.006,1.703,0.032,1846.281,1835.677,10.600,14.431,0.230,0.052,0.085,4.623,566.549,1263.652,0.000,0.000,0.000,0.000,1,304,0,0,0,0,295.28,298.06,19.34,3834.84,593,0
0,75,1785734832260,5.826419858,0.090441,0,77,1,0,1,77,0,0,1.000000,1795.994,0.004,1.643,0.034,1780.959,1771.649,9.305,13.015,0.226,0.046,0.071,3.938,560.810,1205.950,0.000,0.000,0.000,0.000,1,308,0,0,0,0,295.30,298.06,19.34,3778.97,593,0
0,76,1785734834162,5.822294043,0.090442,0,77,1,0,1,77,0,0,1.000000,1901.861,0.004,1.668,0.033,1883.305,1872.243,11.059,16.341,0.231,0.051,0.232,4.044,577.082,1290.062,0.000,0.000,0.000,0.000,1,308,0,0,0,0,295.30,298.06,19.28,3875.91,593,0
0,77,1785734836044,5.818180013,0.090442,0,76,1,0,1,76,0,0,1.000000,1881.761,0.005,1.638,0.033,1866.998,1857.301,9.695,12.738,0.221,0.049,0.084,4.717,584.000,1267.711,0.000,0.000,0.000,0.000,1,304,0,0,0,0,295.30,298.06,19.28,3836.69,593,0
0,78,1785734838025,5.814101332,0.090441,0,77,1,0,1,77,0,0,1.000000,1981.540,0.004,1.596,0.032,1963.363,1952.795,10.562,16.170,0.233,0.042,0.104,5.037,677.959,1268.930,0.000,0.000,0.000,0.000,1,308,0,0,0,0,295.30,298.06,19.25,4488.02,593,0
0,79,1785734839953,5.809928129,0.090441,0,78,1,0,1,78,0,0,1.000000,1927.382,0.004,1.712,0.036,1912.585,1903.652,8.932,12.689,0.222,0.063,0.076,3.912,582.446,1316.400,0.000,0.000,0.000,0.000,1,312,0,0,0,0,295.30,298.06,19.19,4469.33,593,0
0,80,1785734841890,5.805642398,0.090440,0,78,1,0,1,78,0,0,1.000000,1936.939,0.005,1.648,0.033,1922.098,1911.458,10.636,12.810,0.227,0.046,0.077,3.981,572.537,1334.079,0.000,0.000,0.000,0.000,1,312,0,0,0,0,295.30,298.06,19.19,4450.72,593,0
0,81,1785734843696,5.800944154,0.090438,0,78,1,0,1,78,0,0,1.000000,1805.882,0.004,1.589,0.034,1791.453,1782.408,9.042,12.466,0.223,0.048,0.069,4.034,570.608,1206.870,0.000,0.000,0.000,0.000,1,312,0,0,0,0,258.70,298.06,18.36,4446.41,593,0
0,82,1785734845609,5.795504972,0.090438,0,77,1,0,1,77,0,0,1.000000,1913.145,0.003,1.635,0.032,1898.412,1887.228,11.182,12.720,0.228,0.045,0.071,4.508,587.830,1294.003,0.000,0.000,0.000,0.000,1,308,0,0,0,0,270.25,298.06,13.62,4387.36,593,0
0,83,1785734847503,5.789212847,0.090438,0,77,1,0,1,77,0,0,1.000000,1893.978,0.004,1.895,0.033,1878.761,1867.376,11.381,12.944,0.221,0.053,0.071,4.031,576.131,1286.366,0.000,0.000,0.000,0.000,1,308,0,0,0,0,280.55,298.06,13.61,4389.28,593,0
0,84,1785734849438,5.782765321,0.090438,0,77,1,0,1,77,0,0,1.000000,1935.504,0.005,1.627,0.033,1920.967,1911.992,8.973,12.531,0.223,0.040,0.084,4.043,586.538,1320.527,0.000,0.000,0.000,0.000,1,308,0,0,0,0,284.56,298.72,13.67,4334.70,593,0
0,85,1785734851311,5.776366274,0.090438,0,78,1,0,1,78,0,0,1.000000,1872.295,0.010,1.591,0.031,1855.677,1846.018,9.656,14.583,0.265,0.062,0.085,4.000,546.234,1294.865,0.000,0.000,0.000,0.000,1,312,0,0,0,0,284.59,298.72,13.67,4450.88,593,0
0,86,1785734853229,5.770170582,0.090438,0,78,1,0,1,78,0,0,1.000000,1917.905,0.007,1.671,0.038,1903.010,1894.058,8.950,12.837,0.228,0.047,0.073,4.292,588.573,1300.287,0.000,0.000,0.000,0.000,1,312,0,0,0,0,284.61,298.72,13.67,4428.39,593,0
0,87,1785734855281,5.764329467,0.090439,0,78,1,0,1,78,0,0,1.000000,2052.144,0.004,1.610,0.031,2037.217,2026.340,10.874,12.930,0.230,0.053,0.074,4.169,569.150,1452.165,0.000,0.000,0.000,0.000,1,312,0,0,0,0,284.63,298.72,13.67,4437.73,593,0
0,88,1785734857134,5.758846577,0.090440,0,78,1,0,1,78,0,0,1.000000,1852.668,0.004,1.642,0.034,1837.445,1827.257,10.184,13.155,0.236,0.052,0.105,4.212,561.588,1260.506,0.000,0.000,0.000,0.000,1,312,0,0,0,0,284.64,298.72,13.67,4381.91,593,0
0,89,1785734859135,5.753880166,0.090441,0,77,1,0,1,77,0,0,1.000000,2001.726,0.003,1.649,0.032,1986.406,1977.384,9.020,13.283,0.227,0.062,0.066,4.097,577.656,1394.756,0.000,0.000,0.000,0.000,1,308,0,0,0,0,284.64,298.72,13.67,4352.83,593,0
0,90,1785734861046,5.7492286,0.090442,0,77,1,0,1,77,0,0,1.000000,1910.307,0.004,1.732,0.034,1895.303,1885.956,9.344,12.875,0.238,0.050,0.077,4.257,603.138,1277.666,0.000,0.000,0.000,0.000,1,308,0,0,0,0,289.78,298.72,13.69,4436.39,593,0
0,91,1785734862813,5.745257845,0.090443,0,77,1,0,1,77,0,0,1.000000,1767.227,0.007,2.574,0.034,1749.917,1741.054,8.861,14.354,0.223,0.050,0.074,4.813,586.875,1148.339,0.000,0.000,0.000,0.000,1,308,0,0,0,0,289.78,298.72,13.69,4456.75,593,0
0,92,1785734864750,5.741476028,0.090443,0,77,1,0,1,77,0,0,1.000000,1936.182,0.003,1.569,0.237,1921.215,1910.682,10.530,12.831,0.222,0.045,0.064,4.728,578.443,1326.459,0.000,0.000,0.000,0.000,1,308,0,0,0,0,295.08,298.72,14.64,4402.17,593,0
0,93,1785734866639,5.737698599,0.090443,0,77,1,0,1,77,0,0,1.000000,1888.848,0.004,1.595,0.034,1874.260,1865.266,8.990,12.620,0.220,0.049,0.071,4.365,572.976,1287.064,0.000,0.000,0.000,0.000,1,308,0,0,0,0,295.08,298.72,14.64,4364.22,593,0
0,94,1785734868581,5.733930965,0.090443,0,76,1,0,1,76,0,0,1.000000,1942.482,0.004,1.737,0.033,1927.966,1919.240,8.724,12.410,0.224,0.047,0.064,4.166,572.487,1341.735,0.000,0.000,0.000,0.000,1,304,0,0,0,0,295.08,298.72,14.62,4437.91,593,0
0,95,1785734870490,5.730316765,0.090443,0,76,1,0,1,76,0,0,1.000000,1909.192,0.003,1.557,0.032,1894.598,1884.140,10.456,12.636,0.226,0.050,0.093,4.008,574.222,1305.006,0.000,0.000,0.000,0.000,1,304,0,0,0,0,296.94,298.72,14.64,4471.66,593,0
0,96,1785734872416,5.726716367,0.090442,0,77,1,0,1,77,0,0,1.000000,1924.918,0.006,1.630,0.034,1910.135,1901.271,8.860,12.772,0.223,0.047,0.076,4.322,579.946,1316.056,0.000,0.000,0.000,0.000,1,308,0,0,0,0,296.94,298.72,14.64,4436.45,593,0
0,97,1785734874274,5.722947216,0.090442,0,75,1,0,1,75,0,0,1.000000,1858.318,0.004,1.932,0.031,1843.462,1832.475,10.984,12.544,0.224,0.060,0.065,4.379,578.881,1248.347,0.000,0.000,0.000,0.000,1,300,0,0,0,0,296.94,298.72,14.64,4429.67,593,0
0,98,1785734876181,5.719026545,0.090442,0,76,1,0,1,76,0,0,1.000000,1906.924,0.004,1.744,0.032,1892.258,1883.350,8.906,12.546,0.221,0.049,0.075,3.897,544.016,1334.544,0.000,0.000,0.000,0.000,1,304,0,0,0,0,296.94,298.72,14.64,4426.38,593,0
0,99,1785734878182,5.714965961,0.090442,0,82,1,0,1,82,0,0,1.000000,2000.789,0.004,1.826,0.032,1985.784,1976.785,8.996,12.783,0.235,0.051,0.078,4.002,581.081,1390.817,0.000,0.000,0.000,0.000,1,328,0,0,0,0,296.95,298.72,14.42,4345.39,593,0
0,100,1785734880453,5.710854686,0.090441,0,75,1,0,1,75,0,0,1.000000,2271.092,0.003,1.718,0.031,2254.104,2243.123,10.978,14.864,0.236,0.058,0.082,4.346,599.462,1638.457,0.000,0.000,0.000,0.000,1,300,0,0,0,0,298.52,298.72,24.33,3767.59,593,0
0,101,1785734882331,5.706653397,0.090441,0,71,1,0,1,71,0,0,1.000000,1877.973,0.004,1.638,0.033,1860.172,1850.948,9.221,15.610,0.226,0.047,0.247,4.983,734.515,1110.361,0.000,0.000,0.000,0.000,1,284,0,0,0,0,298.53,298.72,23.61,4328.75,593,0
0,102,1785734884138,5.702339243,0.090442,0,71,1,0,1,71,0,0,1.000000,1807.050,0.007,1.576,0.032,1792.489,1782.697,9.788,12.576,0.229,0.056,0.092,4.325,566.958,1210.556,0.000,0.000,0.000,0.000,1,284,0,0,0,0,298.55,298.72,23.55,4279.25,593,0
0,103,1785734886002,5.698051313,0.090442,0,71,1,0,1,71,0,0,1.000000,1863.615,0.005,1.737,0.033,1846.611,1836.219,10.389,14.160,0.228,0.783,0.063,4.418,584.338,1246.602,0.000,0.000,0.000,0.000,1,284,0,0,0,0,298.55,298.72,32.02,4340.83,593,0
0,104,1785734887788,5.693915751,0.090442,0,70,1,0,1,70,0,0,1.000000,1786.127,0.005,1.637,0.034,1771.329,1762.245,9.081,12.770,0.227,0.055,0.077,5.865,582.628,1172.889,0.000,0.000,0.000,0.000,1,280,0,0,0,0,298.55,298.72,31.98,4317.83,593,0
0,105,1785734889589,5.689839955,0.090442,0,70,1,0,1,70,0,0,1.000000,1800.644,0.004,1.624,0.034,1785.767,1776.817,8.947,12.876,0.224,0.051,0.070,4.330,573.907,1197.706,0.000,0.000,0.000,0.000,1,280,0,0,0,0,298.55,298.72,31.98,4350.30,593,0
0,106,1785734891390,5.685932188,0.090441,0,70,1,0,1,70,0,0,1.000000,1800.815,0.004,1.614,0.031,1786.158,1777.300,8.856,12.663,0.225,0.051,0.073,4.496,580.109,1191.862,0.000,0.000,0.000,0.000,1,280,0,0,0,0,298.55,298.72,31.92,4383.92,593,0
0,107,1785734893181,5.68144637,0.090441,0,70,1,0,1,70,0,0,1.000000,1790.746,0.005,1.624,0.033,1775.317,1765.899,9.415,13.397,0.225,0.047,0.103,4.284,567.303,1193.465,0.000,0.000,0.000,0.000,1,280,0,0,0,0,298.55,298.72,31.92,4413.36,593,0
0,108,1785734895024,5.676720287,0.090441,0,70,1,0,1,70,0,0,1.000000,1842.364,0.004,2.457,0.034,1826.908,1816.821,10.084,12.609,0.224,0.063,0.070,4.181,632.700,1179.031,0.000,0.000,0.000,0.000,1,280,0,0,0,0,298.55,298.72,30.64,4456.91,593,0
0,109,1785734896822,5.672340092,0.090442,0,70,1,0,1,70,0,0,1.000000,1797.953,0.005,1.649,0.033,1782.084,1773.252,8.830,13.496,0.228,0.384,0.079,4.430,589.848,1178.108,0.000,0.000,0.000,0.000,1,280,0,0,0,0,298.55,298.72,30.62,4487.53,593,0
0,110,1785734898671,5.667841695,0.090442,0,70,1,0,1,70,0,0,1.000000,1849.718,0.004,1.651,0.048,1835.120,1825.232,9.885,12.549,0.229,0.048,0.073,5.274,572.705,1246.300,0.000,0.000,0.000,0.000,1,280,0,0,0,0,298.59,298.72,29.98,4496.42,593,0
0,111,1785734900488,5.663495955,0.090442,0,70,1,0,1,70,0,0,1.000000,1816.371,0.004,1.577,0.032,1801.616,1792.628,8.984,12.680,0.218,0.049,0.198,4.420,579.380,1207.934,0.000,0.000,0.000,0.000,1,280,0,0,0,0,298.59,298.72,29.97,4537.70,593,0
0,112,1785734902317,5.659501105,0.090444,0,74,1,0,1,74,0,0,1.000000,1828.844,0.006,1.640,0.031,1813.917,1803.738,10.177,12.906,0.227,0.052,0.071,4.279,572.091,1226.545,0.000,0.000,0.000,0.000,1,296,0,0,0,0,298.61,298.72,29.95,4528.84,593,0
0,113,1785734904055,5.656050239,0.090444,0,74,1,0,1,74,0,0,1.000000,1738.530,0.003,1.680,0.033,1723.222,1713.946,9.273,13.196,0.239,0.050,0.110,4.213,551.343,1157.502,0.000,0.000,0.000,0.000,1,296,0,0,0,0,298.61,298.72,29.94,4477.25,593,0
0,114,1785734905974,5.652865799,0.090443,0,70,1,0,1,70,0,0,1.000000,1918.964,0.020,1.659,0.033,1903.172,1891.420,11.748,13.305,0.284,0.435,0.078,4.294,586.066,1300.119,0.000,0.000,0.000,0.000,1,280,0,0,0,0,298.61,298.72,33.59,4506.12,593,0
0,115,1785734907747,5.649651368,0.090443,0,70,1,0,1,70,0,0,1.000000,1772.020,0.005,1.694,0.033,1757.256,1748.362,8.893,12.689,0.223,0.049,0.076,4.178,581.227,1162.089,0.000,0.000,0.000,0.000,1,280,0,0,0,0,298.61,298.72,33.59,4492.89,593,0
0,116,1785734909619,5.646337822,0.090444,0,70,1,0,1,70,0,0,1.000000,1872.734,0.018,1.708,0.031,1857.506,1848.620,8.884,13.143,0.227,0.053,0.066,4.278,576.137,1267.337,0.000,0.000,0.000,0.000,1,280,0,0,0,0,298.63,298.72,33.59,4419.70,593,0
0,117,1785734911446,5.643237754,0.090444,0,70,1,0,1,70,0,0,1.000000,1826.625,0.008,1.629,0.032,1811.422,1801.438,9.982,13.209,0.223,0.046,0.065,4.174,573.879,1222.498,0.000,0.000,0.000,0.000,1,280,0,0,0,0,298.63,298.72,27.84,4393.53,593,0
0,118,1785734913232,5.64025691,0.090444,0,70,1,0,1,70,0,0,1.000000,1784.904,0.004,1.765,0.033,1769.074,1759.890,9.181,13.672,0.232,0.050,0.078,4.267,571.876,1182.821,0.000,0.000,0.000,0.000,1,280,0,0,0,0,298.63,298.72,27.84,4298.12,593,0
0,119,1785734915007,5.637287226,0.090444,0,70,1,0,1,70,0,0,1.000000,1775.255,0.004,1.653,0.034,1759.151,1749.997,9.152,14.049,0.230,0.052,0.085,5.293,582.743,1161.051,0.000,0.000,0.000,0.000,1,280,0,0,0,0,298.63,298.72,27.84,4348.66,593,0
0,120,1785734916775,5.634210284,0.090445,0,75,1,0,1,75,0,0,1.000000,1767.607,0.004,1.672,0.033,1753.341,1744.525,8.814,12.217,0.232,0.050,0.062,4.372,618.726,1120.402,0.000,0.000,0.000,0.000,1,300,0,0,0,0,298.63,298.72,28.08,4462.73,593,0
0,121,1785734918562,5.631491743,0.090446,0,72,1,0,1,72,0,0,1.000000,1787.377,0.004,1.583,0.033,1772.690,1763.322,9.365,12.734,0.223,0.045,0.069,4.107,568.133,1190.226,0.000,0.000,0.000,0.000,1,288,0,0,0,0,298.63,298.72,28.06,4446.67,593,0
0,122,1785734920405,5.629000633,0.090447,0,72,1,0,1,72,0,0,1.000000,1842.849,0.003,1.560,0.032,1827.993,1818.383,9.606,12.742,0.227,0.060,0.235,4.023,567.587,1245.913,0.000,0.000,0.000,0.000,1,288,0,0,0,0,298.63,298.72,28.06,4464.22,593,0
0,123,1785734922230,5.626928444,0.090448,0,67,1,0,1,67,0,0,1.000000,1825.463,0.004,1.597,0.031,1810.752,1801.848,8.901,12.737,0.224,0.040,0.082,4.090,581.534,1215.365,0.000,0.000,0.000,0.000,1,268,0,0,0,0,298.63,298.72,28.06,4465.84,593,0
0,124,1785734923970,5.625122744,0.090447,0,67,1,0,1,67,0,0,1.000000,1739.550,0.004,1.674,0.031,1724.918,1715.921,8.996,12.575,0.224,0.051,0.077,4.028,571.491,1139.511,0.000,0.000,0.000,0.000,1,268,0,0,0,0,298.63,298.72,28.06,4466.75,593,0
0,125,1785734925744,5.623346474,0.090447,0,67,1,0,1,67,0,0,1.000000,1773.741,0.004,1.659,0.031,1758.891,1749.374,9.514,12.820,0.227,0.044,0.067,4.140,570.426,1173.933,0.000,0.000,0.000,0.000,1,268,0,0,0,0,298.63,298.72,28.05,4431.94,593,0
0,126,1785734927465,5.621387634,0.090447,0,67,1,0,1,67,0,0,1.000000,1721.097,0.004,1.586,0.033,1705.579,1696.676,8.901,13.543,0.223,0.052,0.080,4.852,580.362,1110.590,0.000,0.000,0.000,0.000,1,268,0,0,0,0,298.63,298.72,28.05,4488.09,593,0
0,127,1785734929088,5.619380032,0.090447,0,67,1,0,1,67,0,0,1.000000,1622.879,0.005,1.559,0.041,1608.882,1600.246,8.635,12.074,0.214,0.046,0.064,4.301,573.174,1021.937,0.000,0.000,0.000,0.000,1,268,0,0,0,0,298.63,298.72,28.05,4461.69,593,0
0,128,1785734930894,5.617323316,0.090447,0,67,1,0,1,67,0,0,1.000000,1805.678,0.004,1.586,0.032,1787.574,1777.314,10.257,16.130,0.231,0.046,0.077,4.032,579.977,1192.453,0.000,0.000,0.000,0.000,1,268,0,0,0,0,298.63,298.72,28.06,4429.95,593,0
0,129,1785734932807,5.61529149,0.090447,0,73,1,0,1,73,0,0,1.000000,1913.444,0.004,1.596,0.032,1898.756,1889.601,9.152,12.698,0.241,0.049,0.072,4.249,574.535,1309.923,0.000,0.000,0.000,0.000,1,292,0,0,0,0,298.63,298.72,28.05,4428.27,593,0
0,130,1785734934686,5.613315268,0.090447,0,74,1,0,1,74,0,0,1.000000,1878.434,0.003,1.737,0.033,1861.953,1851.207,10.742,14.201,0.230,0.061,0.218,4.209,574.829,1271.272,0.000,0.000,0.000,0.000,1,296,0,0,0,0,298.63,298.72,28.05,4494.50,593,0
0,131,1785734936538,5.611465589,0.090447,0,73,1,0,1,73,0,0,1.000000,1851.834,0.005,1.637,0.034,1837.028,1826.618,10.407,12.781,0.225,0.047,0.081,4.843,577.963,1242.913,0.000,0.000,0.000,0.000,1,292,0,0,0,0,298.63,298.72,28.06,4439.36,593,0
0,132,1785734938246,5.609561335,0.090447,0,67,1,0,1,67,0,0,1.000000,1707.876,0.012,1.608,0.032,1693.248,1684.360,8.885,12.621,0.228,0.061,0.079,4.412,566.654,1112.424,0.000,0.000,0.000,0.000,1,268,0,0,0,0,298.66,298.72,28.05,4414.88,593,0
0,133,1785734940143,5.607620788,0.090447,0,67,1,0,1,67,0,0,1.000000,1897.138,0.006,1.669,0.032,1880.227,1871.418,8.807,14.605,0.241,0.112,0.253,4.285,573.663,1292.209,0.000,0.000,0.000,0.000,1,268,0,0,0,0,298.66,298.72,28.05,3923.12,593,0
0,134,1785734941997,5.605555182,0.090447,0,67,1,0,1,67,0,0,1.000000,1853.200,0.003,1.550,0.032,1838.356,1828.631,9.723,12.906,0.222,0.062,0.073,4.516,649.822,1173.423,0.000,0.000,0.000,0.000,1,268,0,0,0,0,298.66,298.72,28.53,4128.08,593,0
0,135,1785734943825,5.603555559,0.090447,0,67,1,0,1,67,0,0,1.000000,1828.300,0.005,1.831,0.034,1813.440,1802.583,10.855,12.553,0.317,0.055,0.071,4.654,602.188,1194.761,0.000,0.000,0.000,0.000,1,268,0,0,0,0,298.66,298.72,28.14,4164.72,593,0
0,136,1785734945660,5.601670943,0.090447,0,67,1,0,1,67,0,0,1.000000,1834.770,0.006,1.785,0.032,1819.617,1810.673,8.941,12.981,0.231,0.060,0.066,4.333,663.707,1141.774,0.000,0.000,0.000,0.000,1,268,0,0,0,0,298.66,298.72,28.06,4180.22,593,0
0,137,1785734947481,5.599732128,0.090448,0,68,1,0,1,68,0,0,1.000000,1821.601,0.005,1.664,0.038,1805.373,1795.990,9.381,13.429,0.229,0.804,0.064,4.202,618.659,1172.245,0.000,0.000,0.000,0.000,1,272,0,0,0,0,298.67,298.72,28.22,4186.97,593,0
0,138,1785734949359,5.598098811,0.090448,0,68,1,0,1,68,0,0,1.000000,1877.537,0.004,1.702,0.032,1862.722,1852.786,9.933,12.723,0.227,0.055,0.075,4.477,592.047,1255.409,0.000,0.000,0.000,0.000,1,272,0,0,0,0,298.67,298.72,28.20,4186.69,593,0
0,139,1785734951120,5.596477425,0.090447,0,68,1,0,1,68,0,0,1.000000,1760.517,0.006,1.629,0.031,1745.841,1736.955,8.884,12.667,0.228,0.051,0.070,4.302,607.973,1123.835,0.000,0.000,0.000,0.000,1,272,0,0,0,0,298.67,298.72,30.20,4155.72,593,0
0,140,1785734953036,5.594744401,0.090447,0,69,1,0,1,69,0,0,1.000000,1916.461,0.004,1.735,0.037,1900.647,1891.728,8.918,13.674,0.232,0.052,0.083,3.961,586.149,1300.766,0.000,0.000,0.000,0.000,1,276,0,0,0,0,298.67,298.72,30.20,4202.20,593,0
0,141,1785734954835,5.592881291,0.090447,0,69,1,0,1,69,0,0,1.000000,1798.594,0.004,1.681,0.034,1783.080,1773.826,9.252,13.466,0.217,0.047,0.069,4.101,587.917,1180.909,0.000,0.000,0.000,0.000,1,276,0,0,0,0,298.67,298.72,30.19,4199.83,593,0
0,142,1785734956779,5.590944152,0.090448,0,69,1,0,1,69,0,0,1.000000,1943.517,0.004,1.553,0.041,1928.136,1918.359,9.772,12.712,0.218,0.787,0.071,4.235,610.116,1303.128,0.000,0.000,0.000,0.000,1,276,0,0,0,0,298.67,298.72,30.17,4361.48,593,0
0,143,1785734958582,5.589058936,0.090448,0,75,1,0,1,75,0,0,1.000000,1802.988,0.006,1.624,0.032,1788.952,1780.357,8.593,12.038,0.226,0.053,0.062,4.182,605.735,1169.591,0.000,0.000,0.000,0.000,1,300,0,0,0,0,298.67,298.72,20.19,4346.03,593,0
0,144,1785734960457,5.587396275,0.090447,0,73,1,0,1,73,0,0,1.000000,1875.112,0.004,1.558,0.031,1860.047,1849.181,10.864,13.123,0.222,0.049,0.082,4.068,552.092,1292.173,0.000,0.000,0.000,0.000,1,292,0,0,0,0,298.67,298.72,20.17,4363.39,593,0
0,145,1785734962263,5.585588239,0.090447,0,73,1,0,1,73,0,0,1.000000,1806.017,0.004,1.672,0.035,1791.534,1782.483,9.048,12.436,0.218,0.045,0.076,4.024,578.918,1198.671,0.000,0.000,0.000,0.000,1,292,0,0,0,0,298.67,298.72,20.17,4386.77,593,0
0,146,1785734964154,5.583699676,0.090447,0,74,1,0,1,74,0,0,1.000000,1891.101,0.004,1.637,0.031,1876.460,1867.291,9.166,12.619,0.226,0.049,0.078,3.976,602.173,1260.269,0.000,0.000,0.000,0.000,1,296,0,0,0,0,298.67,298.72,20.17,4383.52,593,0
0,147,1785734965833,5.581750056,0.090447,0,73,1,0,1,73,0,0,1.000000,1678.658,0.004,1.786,0.033,1663.431,1654.071,9.358,13.067,0.230,0.047,0.064,3.963,568.541,1080.658,0.000,0.000,0.000,0.000,1,292,0,0,0,0,298.67,298.72,20.17,4398.97,593,0
0,148,1785734967774,5.579787898,0.090447,0,73,1,0,1,73,0,0,1.000000,1940.999,0.004,1.789,0.053,1923.222,1912.323,10.896,15.220,0.267,0.183,0.265,4.048,675.754,1231.639,0.000,0.000,0.000,0.000,1,292,0,0,0,0,298.67,298.72,20.17,4378.28,593,0
0,149,1785734969536,5.577839095,0.090448,0,70,1,0,1,70,0,0,1.000000,1762.106,0.005,2.660,0.034,1746.471,1737.421,9.048,12.596,0.228,0.054,0.065,4.078,573.234,1159.219,0.000,0.000,0.000,0.000,1,280,0,0,0,0,298.67,298.72,20.17,4362.33,593,0
0,150,1785734971633,5.576109391,0.090448,0,73,1,0,1,73,0,0,1.000000,2097.434,0.004,2.079,0.035,2081.375,2072.028,9.344,13.574,0.229,0.077,0.067,3.900,684.303,1382.768,0.000,0.000,0.000,0.000,1,292,0,0,0,0,298.67,298.72,22.14,4387.39,593,0
0,151,1785734973357,5.574488005,0.090448,0,67,1,0,1,67,0,0,1.000000,1723.553,0.004,1.672,0.033,1707.654,1696.694,10.957,13.783,0.247,0.050,0.112,4.169,577.423,1114.120,0.000,0.000,0.000,0.000,1,268,0,0,0,0,298.67,298.72,22.09,4315.66,593,0
0,152,1785734975052,5.572859222,0.090448,0,67,1,0,1,67,0,0,1.000000,1694.775,0.004,1.705,0.033,1680.705,1672.166,8.539,12.009,0.214,0.047,0.062,4.282,564.809,1102.207,0.000,0.000,0.000,0.000,1,268,0,0,0,0,298.67,298.72,20.42,4357.59,593,0
0,153,1785734976709,5.571334943,0.090448,0,67,1,0,1,67,0,0,1.000000,1657.028,0.004,1.606,0.032,1642.015,1631.646,10.366,12.705,0.220,0.372,0.079,3.739,541.268,1085.797,0.000,0.000,0.000,0.000,1,268,0,0,0,0,298.67,298.72,20.42,4315.78,593,0
0,154,1785734978529,5.569820398,0.090448,0,72,1,0,1,72,0,0,1.000000,1820.504,0.006,1.683,0.033,1804.929,1795.935,8.991,13.491,0.240,0.051,0.076,4.437,582.868,1207.442,0.000,0.000,0.000,0.000,1,288,0,0,0,0,298.67,298.72,20.31,4261.77,593,0
0,155,1785734980240,5.568292954,0.090448,0,67,1,0,1,67,0,0,1.000000,1710.100,0.006,1.604,0.031,1694.297,1683.506,10.782,13.812,0.241,0.051,0.064,4.039,565.053,1113.547,0.000,0.000,0.000,0.000,1,268,0,0,0,0,298.67,298.72,20.30,4236.05,593,0
0,156,1785734981953,5.566843575,0.090448,0,67,1,0,1,67,0,0,1.000000,1713.011,0.003,2.528,0.034,1697.319,1688.442,8.877,12.780,0.226,0.048,0.075,4.326,579.105,1104.172,0.000,0.000,0.000,0.000,1,268,0,0,0,0,298.67,298.72,20.30,4200.45,593,0
0,157,1785734983582,5.565185667,0.090448,0,67,1,0,1,67,0,0,1.000000,1628.838,0.004,1.588,0.032,1611.794,1602.715,9.077,14.569,0.227,0.373,0.254,4.035,557.161,1040.412,0.000,0.000,0.000,0.000,1,268,0,0,0,0,298.67,298.72,20.27,4146.12,593,0
0,158,1785734985329,5.563536185,0.090448,0,67,1,0,1,67,0,0,1.000000,1747.035,0.005,1.577,0.031,1732.480,1723.412,9.064,12.598,0.227,0.049,0.073,4.360,577.716,1140.467,0.000,0.000,0.000,0.000,1,268,0,0,0,0,298.67,298.72,20.28,4105.64,593,0
0,159,1785734987023,5.561910602,0.090448,0,67,1,0,1,67,0,0,1.000000,1694.004,0.005,1.623,0.031,1679.490,1668.761,10.726,12.494,0.228,0.054,0.085,4.188,576.229,1087.506,0.000,0.000,0.000,0.000,1,268,0,0,0,0,298.67,298.72,20.28,4149.53,593,0
0,160,1785734988748,5.560367507,0.090448,0,67,1,0,1,67,0,0,1.000000,1725.002,0.004,1.688,0.031,1708.462,1699.472,8.988,14.416,0.283,0.051,0.070,4.211,609.143,1085.270,0.000,0.000,0.000,0.000,1,268,0,0,0,0,298.67,298.72,24.75,4071.78,593,0
0,161,1785734990405,5.558901844,0.090448,0,67,1,0,1,67,0,0,1.000000,1657.167,0.004,1.594,0.032,1642.174,1633.198,8.974,12.841,0.245,0.208,0.072,4.609,541.469,1086.288,0.000,0.000,0.000,0.000,1,268,0,0,0,0,298.67,298.72,20.58,4114.80,593,0
0,162,1785734992125,5.55749522,0.090448,0,67,1,0,1,67,0,0,1.000000,1719.680,0.005,1.597,0.034,1705.108,1695.153,9.953,12.581,0.237,0.052,0.070,4.013,581.598,1108.540,0.000,0.000,0.000,0.000,1,268,0,0,0,0,298.67,298.72,20.56,3947.64,593,0
0,163,1785734993828,5.556079413,0.090448,0,67,1,0,1,67,0,0,1.000000,1703.466,0.012,1.616,0.389,1688.471,1679.444,9.024,12.656,0.222,0.051,0.060,4.028,585.956,1088.591,0.000,0.000,0.000,0.000,1,268,0,0,0,0,298.70,298.72,34.69,3971.47,593,0
0,164,1785734995479,5.554649384,0.090449,0,67,1,0,1,67,0,0,1.000000,1650.315,0.006,1.600,0.032,1635.732,1626.551,9.180,12.615,0.228,0.046,0.062,3.955,574.097,1047.657,0.000,0.000,0.000,0.000,1,268,0,0,0,0,298.70,298.72,34.31,3958.30,593,0
0,165,1785734997169,5.55326687,0.090449,0,67,1,0,1,67,0,0,1.000000,1690.129,0.003,1.580,0.031,1674.023,1663.682,10.337,14.147,0.230,0.052,0.066,4.123,555.399,1103.134,0.000,0.000,0.000,0.000,1,268,0,0,0,0,298.72,298.72,34.31,3933.48,593,0
0,166,1785734998922,5.552068102,0.090449,0,67,1,0,1,67,0,0,1.000000,1753.030,0.004,1.772,0.032,1737.190,1728.331,8.858,12.968,0.256,0.752,0.060,4.004,609.251,1114.238,0.000,0.000,0.000,0.000,1,268,0,0,0,0,298.72,298.72,30.03,3909.16,593,0
0,167,1785735000674,5.550906844,0.090449,0,67,1,0,1,67,0,0,1.000000,1752.493,0.004,1.590,0.036,1737.571,1728.349,9.220,12.941,0.225,0.050,0.081,4.477,567.552,1154.619,0.000,0.000,0.000,0.000,1,268,0,0,0,0,298.72,298.72,30.03,3415.55,593,0
0,168,1785735002420,5.549600633,0.090448,0,67,1,0,1,67,0,0,1.000000,1745.537,0.005,1.785,0.033,1727.946,1718.804,9.139,15.427,0.246,0.025,0.075,4.285,581.027,1132.572,0.000,0.000,0.000,0.000,1,268,0,0,0,0,298.72,298.72,30.03,3730.66,593,0
0,169,1785735004146,5.548165303,0.090449,0,67,1,0,1,67,0,0,1.000000,1725.765,0.004,1.641,0.033,1711.122,1701.918,9.200,12.617,0.227,0.041,0.084,4.654,588.434,1107.870,0.000,0.000,0.000,0.000,1,268,0,0,0,0,298.72,298.72,30.11,3652.72,593,0
0,170,1785735005856,5.546809162,0.090449,0,67,1,0,1,67,0,0,1.000000,1710.085,0.004,1.692,0.037,1692.007,1681.842,10.163,15.994,0.239,0.045,0.071,4.254,581.460,1095.256,0.000,0.000,0.000,0.000,1,268,0,0,0,0,298.72,298.72,30.09,3663.33,593,0
0,171,1785735007494,5.545511439,0.090448,0,67,1,0,1,67,0,0,1.000000,1638.433,0.012,1.605,0.031,1623.759,1614.677,9.081,12.704,0.230,0.046,0.057,4.934,583.565,1025.293,0.000,0.000,0.000,0.000,1,268,0,0,0,0,298.72,298.72,23.56,3662.34,593,0
0,172,1785735009189,5.544125355,0.090448,0,67,1,0,1,67,0,0,1.000000,1694.755,0.003,1.598,0.031,1680.057,1670.152,9.902,12.574,0.230,0.159,0.107,3.848,558.146,1107.327,0.000,0.000,0.000,0.000,1,268,0,0,0,0,298.72,298.72,23.56,3644.73,593,0
0,173,1785735010977,5.542527924,0.090447,0,67,1,0,1,67,0,0,1.000000,1787.496,0.005,1.716,0.033,1771.118,1761.566,9.549,14.060,0.259,0.049,0.260,4.452,584.490,1171.326,0.000,0.000,0.000,0.000,1,268,0,0,0,0,298.72,298.72,23.52,3894.28,593,0
0,174,1785735012735,5.540695624,0.090447,0,67,1,0,1,67,0,0,1.000000,1757.758,0.004,1.689,0.034,1740.402,1731.005,9.394,15.285,0.225,0.047,0.076,4.275,591.015,1134.788,0.000,0.000,0.000,0.000,1,268,0,0,0,0,298.72,298.72,23.50,3619.48,593,0
0,175,1785735014451,5.538825901,0.090448,0,67,1,0,1,67,0,0,1.000000,1716.484,0.004,1.681,0.033,1701.844,1692.919,8.923,12.570,0.227,0.049,0.081,4.448,576.054,1111.540,0.000,0.000,0.000,0.000,1,268,0,0,0,0,298.72,298.72,23.50,3584.52,593,0
0,176,1785735016188,5.53720871,0.090448,0,67,1,0,1,67,0,0,1.000000,1737.130,0.005,1.651,0.032,1721.446,1712.214,9.230,12.918,0.234,0.781,0.067,3.842,573.207,1134.271,0.000,0.000,0.000,0.000,1,268,0,0,0,0,298.72,298.72,32.33,3751.36,593,0
0,177,1785735017898,5.535657288,0.090448,0,67,1,0,1,67,0,0,1.000000,1709.599,0.004,1.661,0.033,1694.897,1685.989,8.905,12.652,0.221,0.050,0.086,4.870,569.923,1110.345,0.000,0.000,0.000,0.000,1,268,0,0,0,0,298.72,298.72,30.02,3714.39,593,0
0,178,1785735019545,5.534101365,0.090449,0,67,1,0,1,67,0,0,1.000000,1647.002,0.003,1.686,0.035,1632.304,1623.332,8.970,12.622,0.230,0.045,0.080,3.970,567.318,1051.191,0.000,0.000,0.000,0.000,1,268,0,0,0,0,298.72,298.72,30.02,3660.34,593,0
0,179,1785735021285,5.532764357,0.090449,0,67,1,0,1,67,0,0,1.000000,1739.815,0.003,1.638,0.036,1724.715,1715.719,8.995,13.072,0.230,0.055,0.069,4.709,550.956,1159.220,0.000,0.000,0.000,0.000,1,268,0,0,0,0,298.72,298.72,27.14,3763.03,593,0
0,180,1785735022998,5.53160639,0.090450,0,67,1,0,1,67,0,0,1.000000,1712.926,0.006,1.589,0.033,1698.325,1689.352,8.970,12.619,0.229,0.052,0.080,3.994,577.698,1106.761,0.000,0.000,0.000,0.000,1,268,0,0,0,0,298.72,298.72,26.89,3814.45,593,0
0,181,1785735024713,5.530621731,0.090450,0,67,1,0,1,67,0,0,1.000000,1715.341,0.004,1.626,0.033,1700.698,1691.698,8.996,12.633,0.223,0.051,0.077,4.024,573.999,1112.711,0.000,0.000,0.000,0.000,1,268,0,0,0,0,298.72,298.72,26.88,3826.64,593,0
0,182,1785735026612,5.529654624,0.090449,0,67,1,0,1,67,0,0,1.000000,1898.365,0.006,1.697,0.031,1882.912,1873.959,8.951,12.996,0.261,0.392,0.075,4.073,627.070,1241.947,0.000,0.000,0.000,0.000,1,268,0,0,0,0,298.72,298.72,27.17,3901.56,593,0
0,183,1785735028347,5.528616293,0.090449,0,67,1,0,1,67,0,0,1.000000,1735.556,0.004,1.599,0.032,1720.775,1711.716,9.052,12.805,0.220,0.046,0.079,4.525,580.756,1124.648,0.000,0.000,0.000,0.000,1,268,0,0,0,0,298.72,298.72,27.06,3811.56,593,0
0,184,1785735030062,5.527395415,0.090448,0,67,1,0,1,67,0,0,1.000000,1714.849,0.007,1.593,0.031,1700.257,1691.343,8.911,12.621,0.227,0.048,0.072,3.972,586.382,1100.115,0.000,0.000,0.000,0.000,1,268,0,0,0,0,298.72,298.72,27.05,3811.09,593,0
0,185,1785735031904,5.525951958,0.090448,0,67,1,0,1,67,0,0,1.000000,1842.020,0.004,2.736,0.031,1823.176,1813.557,9.617,15.716,0.224,0.047,0.088,4.251,591.702,1216.767,0.000,0.000,0.000,0.000,1,268,0,0,0,0,298.72,298.72,27.36,3714.61,593,0
0,186,1785735033556,5.524446864,0.090448,0,67,1,0,1,67,0,0,1.000000,1652.296,0.004,1.742,0.033,1637.251,1628.315,8.933,12.608,0.230,0.359,0.072,4.692,558.061,1064.685,0.000,0.000,0.000,0.000,1,268,0,0,0,0,300.74,298.72,16.06,3680.77,593,0
0,187,1785735035297,5.522820769,0.090447,0,67,1,0,1,67,0,0,1.000000,1740.310,0.004,1.627,0.032,1725.510,1714.943,10.565,12.773,0.227,0.049,0.092,4.217,578.765,1131.100,0.000,0.000,0.000,0.000,1,268,0,0,0,0,300.74,298.72,16.06,3784.69,593,0
0,188,1785735037025,5.520977683,0.090447,0,67,1,0,1,67,0,0,1.000000,1728.201,0.005,1.622,0.033,1712.908,1701.496,11.409,12.956,0.226,0.146,0.311,4.257,580.951,1115.426,0.000,0.000,0.000,0.000,1,268,0,0,0,0,300.74,298.72,16.05,3819.48,593,0
0,189,1785735038754,5.518878375,0.090448,0,67,1,0,1,67,0,0,1.000000,1728.666,0.004,1.582,0.032,1714.016,1705.150,8.865,12.695,0.228,0.044,0.068,4.296,582.862,1117.141,0.000,0.000,0.000,0.000,1,268,0,0,0,0,300.74,298.72,16.05,3828.91,593,0
0,190,1785735040458,5.516889077,0.090448,0,67,1,0,1,67,0,0,1.000000,1704.208,0.004,1.567,0.034,1687.673,1678.663,9.007,14.474,0.252,0.129,0.079,4.519,571.367,1101.892,0.000,0.000,0.000,0.000,1,268,0,0,0,0,300.74,298.72,16.03,3816.08,593,0
0,191,1785735042242,5.51515178,0.090448,0,67,1,0,1,67,0,0,1.000000,1783.601,0.004,1.806,0.033,1769.034,1760.064,8.969,12.161,0.454,0.048,0.064,3.970,594.877,1160.185,0.000,0.000,0.000,0.000,1,268,0,0,0,0,300.74,298.72,16.03,3747.38,593,0
0,192,1785735043882,5.513704504,0.090448,0,67,1,0,1,67,0,0,1.000000,1640.286,0.004,1.620,0.032,1624.132,1613.810,10.319,14.149,0.241,0.044,0.068,4.026,549.258,1059.532,0.000,0.000,0.000,0.000,1,268,0,0,0,0,300.74,298.72,16.02,3750.33,593,0
0,193,1785735045613,5.512212228,0.090448,0,67,1,0,1,67,0,0,1.000000,1731.199,0.003,2.504,0.032,1715.264,1705.334,9.926,13.018,0.246,0.053,0.082,4.296,583.402,1116.789,0.000,0.000,0.000,0.000,1,268,0,0,0,0,300.74,298.72,15.98,3683.48,593,0
0,194,1785735047345,5.51058535,0.090448,0,67,1,0,1,67,0,0,1.000000,1731.753,0.005,1.678,0.033,1716.892,1707.580,9.307,12.478,0.238,0.371,0.064,4.476,600.708,1101.534,0.000,0.000,0.000,0.000,1,268,0,0,0,0,300.74,298.72,16.03,3710.20,593,0
0,195,1785735049049,5.508789152,0.090447,0,67,1,0,1,67,0,0,1.000000,1703.984,0.005,1.680,0.034,1688.071,1678.347,9.721,12.957,1.117,0.044,0.081,5.493,572.868,1099.119,0.000,0.000,0.000,0.000,1,268,0,0,0,0,300.74,298.72,16.03,3743.45,593,0
0,196,1785735050750,5.506852269,0.090447,0,67,1,0,1,67,0,0,1.000000,1701.034,0.013,1.803,0.034,1685.109,1675.952,9.153,13.717,0.230,0.053,0.089,5.083,573.314,1096.384,0.000,0.000,0.000,0.000,1,268,0,0,0,0,300.75,298.72,16.03,3722.52,593,0
0,197,1785735052444,5.504682121,0.090447,0,67,1,0,1,67,0,0,1.000000,1693.519,0.007,1.645,0.032,1678.972,1669.869,9.102,12.527,0.235,0.042,0.066,5.782,584.859,1078.393,0.000,0.000,0.000,0.000,1,268,0,0,0,0,300.78,298.72,22.88,3672.19,593,0
0,198,1785735054156,5.50229829,0.090447,0,67,1,0,1,67,0,0,1.000000,1711.738,0.003,1.630,0.036,1697.121,1688.175,8.942,12.590,0.223,0.046,0.092,4.253,578.119,1104.970,0.000,0.000,0.000,0.000,1,268,0,0,0,0,300.78,298.72,22.88,3613.80,593,0
0,199,1785735055871,5.499967168,0.090447,0,67,1,0,1,67,0,0,1.000000,1715.670,0.004,1.636,0.033,1701.095,1692.041,9.051,12.560,0.232,0.038,0.075,4.320,563.310,1123.555,0.000,0.000,0.000,0.000,1,268,0,0,0,0,300.78,298.72,22.86,3716.52,593,0
0,200,1785735057700,5.497821395,0.090448,0,67,1,0,1,67,0,0,1.000000,1829.001,0.004,1.662,0.031,1812.075,1803.131,8.943,14.697,0.227,0.047,0.262,4.287,562.240,1234.632,0.000,0.000,0.000,0.000,1,268,0,0,0,0,300.78,298.72,22.58,4525.77,593,0
0,201,1785735062343,7.251557853,0.088798,0,87,1,1,1,87,0,0,1.000000,2150.838,0.000,2.591,0.421,2133.981,2124.790,9.189,12.748,0.242,0.779,0.077,4.129,573.318,1546.493,0.000,0.000,0.000,0.000,1,348,0,0,0,0,271.11,298.72,15.72,4306.05,594,0
0,202,1785735064212,6.335942136,0.089625,0,76,1,1,1,76,0,0,1.000000,1868.825,0.011,2.585,0.423,1852.519,1843.172,9.343,12.956,0.223,0.033,0.087,4.310,575.507,1262.458,0.000,0.000,0.000,0.000,1,304,0,0,0,0,283.44,298.72,10.98,4396.56,594,0
0,203,1785735066938,5.883540748,0.090141,0,131,1,1,1,131,0,0,1.000000,2726.153,0.003,2.455,0.411,2710.748,2702.046,8.701,12.215,0.221,0.044,0.059,3.886,563.330,2133.964,0.000,0.000,0.000,0.000,1,524,0,0,0,0,292.49,299.69,10.97,4428.33,594,0
0,204,1785735069449,5.637931598,0.090458,0,118,1,1,1,118,0,0,1.000000,2510.940,0.003,2.441,0.402,2495.418,2486.537,8.880,12.336,0.225,0.044,0.073,4.099,557.295,1924.289,0.000,0.000,0.000,0.000,1,472,0,0,0,0,292.49,299.69,10.97,4378.75,594,0
0,205,1785735071972,5.518933035,0.090580,0,116,1,1,1,116,0,0,1.000000,2522.951,0.003,2.530,0.390,2507.432,2498.468,8.961,12.256,0.226,0.051,0.066,3.999,583.929,1909.677,0.000,0.000,0.000,0.000,1,464,0,0,0,0,292.50,299.70,10.97,4377.08,594,0
0,206,1785735074349,5.459704313,0.090637,0,115,1,1,1,115,0,0,1.000000,2377.073,0.012,2.478,0.407,2361.490,2352.623,8.866,12.356,0.241,0.036,0.066,4.785,571.411,1775.538,0.000,0.000,0.000,0.000,1,460,0,0,0,0,292.50,299.70,10.97,4394.42,594,0
0,207,1785735076728,5.425531003,0.090663,0,104,1,1,1,104,0,0,1.000000,2378.029,0.004,2.476,0.386,2358.949,2347.579,11.367,15.505,0.223,0.370,0.120,4.112,569.121,1773.489,0.000,0.000,0.000,0.000,1,416,0,0,0,0,294.53,301.72,10.98,4444.73,594,0
0,208,1785735078586,5.402633579,0.090677,0,79,1,1,1,79,0,0,1.000000,1858.325,0.003,2.406,0.402,1842.975,1834.190,8.783,12.218,0.218,0.045,0.060,4.245,561.745,1267.382,0.000,0.000,0.000,0.000,1,316,0,0,0,0,294.53,301.72,10.98,4430.53,594,0
0,209,1785735080404,5.385745124,0.090684,0,77,1,1,1,77,0,0,1.000000,1818.530,0.003,2.451,0.385,1803.044,1794.202,8.841,12.312,0.220,0.049,0.069,4.017,546.961,1242.388,0.000,0.000,0.000,0.000,1,308,0,0,0,0,294.53,301.72,10.98,4391.94,594,0
0,210,1785735082556,5.372244856,0.090686,0,90,1,1,1,90,0,0,1.000000,2151.423,0.018,2.489,0.415,2134.346,2125.217,9.127,13.846,0.227,0.034,0.065,4.318,568.375,1551.641,0.000,0.000,0.000,0.000,1,360,0,0,0,0,294.58,301.73,10.95,4365.64,594,0
0,211,1785735084809,5.360169167,0.090685,0,103,1,1,1,103,0,0,1.000000,2252.591,0.004,2.382,0.405,2237.801,2229.074,8.724,11.651,0.227,0.049,0.077,4.196,576.508,1647.513,0.000,0.000,0.000,0.000,1,412,0,0,0,0,294.58,301.73,10.95,4385.98,594,0
0,212,1785735086714,5.348086418,0.090690,0,78,1,1,1,78,0,0,1.000000,1905.564,0.003,2.421,0.386,1888.514,1878.451,10.060,12.696,0.233,0.354,0.960,3.822,538.083,1335.710,0.000,0.000,0.000,0.000,1,312,0,0,0,0,294.58,301.73,10.95,4477.33,594,0
0,213,1785735088562,5.337129665,0.090695,0,74,1,1,1,74,0,0,1.000000,1847.300,0.005,2.424,0.533,1831.643,1821.375,10.265,12.343,0.247,0.044,0.065,4.457,591.726,1224.318,0.000,0.000,0.000,0.000,1,296,0,0,0,0,294.58,301.75,10.94,4445.22,594,0
0,214,1785735090418,5.327758128,0.090698,0,76,1,1,1,76,0,0,1.000000,1856.059,0.003,3.959,0.403,1837.986,1827.025,10.960,13.345,0.224,0.076,0.066,4.251,570.303,1251.630,0.000,0.000,0.000,0.000,1,304,0,0,0,0,294.58,301.75,10.94,4417.27,594,0
0,215,1785735092224,5.319430429,0.090701,0,74,1,1,1,74,0,0,1.000000,1806.015,0.004,2.465,0.409,1790.762,1781.849,8.910,12.019,0.218,0.049,0.094,5.544,586.430,1188.986,0.000,0.000,0.000,0.000,1,296,0,0,0,0,294.58,301.77,10.92,4396.22,594,0
0,216,1785735094142,5.311774288,0.090703,0,82,1,1,1,82,0,0,1.000000,1918.480,0.006,3.532,0.380,1900.544,1890.063,10.478,13.679,0.223,0.050,0.071,4.298,567.718,1317.101,0.000,0.000,0.000,0.000,1,328,0,0,0,0,297.34,308.53,6.92,4390.06,594,0
0,217,1785735095954,5.304885666,0.090705,0,74,1,1,1,74,0,0,1.000000,1812.039,0.006,2.483,0.401,1794.882,1785.389,9.490,13.892,0.256,0.049,0.074,3.997,562.986,1217.530,0.000,0.000,0.000,0.000,1,296,0,0,0,0,297.34,308.55,6.91,4383.83,594,0
0,218,1785735097935,5.298460571,0.090707,0,82,1,1,1,82,0,0,1.000000,1980.605,0.011,2.463,0.425,1965.044,1955.861,9.179,12.323,0.222,0.049,0.079,4.159,565.439,1385.380,0.000,0.000,0.000,0.000,1,328,0,0,0,0,297.34,308.56,6.89,4371.69,594,0
0,219,1785735099767,5.29241583,0.090710,0,75,1,1,1,75,0,0,1.000000,1831.735,0.004,2.509,0.403,1816.108,1807.317,8.789,12.339,0.226,0.057,0.094,4.159,561.714,1240.541,0.000,0.000,0.000,0.000,1,300,0,0,0,0,297.34,308.56,6.89,4368.95,594,0
0,220,1785735101467,5.287497192,0.090710,0,73,1,1,1,73,0,0,1.000000,1699.931,0.004,2.421,0.397,1681.953,1672.294,9.656,12.360,1.134,1.593,0.073,4.071,557.252,1110.135,0.000,0.000,0.000,0.000,1,292,0,0,0,0,297.36,308.56,7.06,4431.30,594,0
0,221,1785735103374,5.283069891,0.090712,0,75,1,1,1,75,0,0,1.000000,1906.855,0.005,2.593,0.413,1889.990,1880.452,9.537,13.492,0.252,0.044,0.070,4.245,569.979,1305.339,0.000,0.000,0.000,0.000,1,300,0,0,0,0,297.36,308.56,7.05,4441.08,594,0
0,222,1785735105197,5.279247876,0.090713,0,75,1,1,1,75,0,0,1.000000,1822.917,0.013,2.490,0.440,1807.261,1797.221,10.036,12.280,0.222,0.050,0.173,4.329,569.002,1222.913,0.000,0.000,0.000,0.000,1,300,0,0,0,0,297.36,308.56,7.03,4434.06,594,0
0,223,1785735107075,5.275894896,0.090713,0,76,1,1,1,76,0,0,1.000000,1878.090,0.014,2.594,0.397,1861.351,1850.833,10.516,13.406,0.218,0.051,0.072,4.314,562.923,1282.749,0.000,0.000,0.000,0.000,1,304,0,0,0,0,297.38,308.56,7.03,4408.17,594,0
0,224,1785735108856,5.272730648,0.090714,0,75,1,1,1,75,0,0,1.000000,1781.332,0.003,2.898,0.424,1766.058,1757.458,8.599,11.636,0.214,0.039,0.063,4.070,562.536,1189.995,0.000,0.000,0.000,0.000,1,300,0,0,0,0,297.38,308.56,7.03,4443.08,594,0
0,225,1785735110668,5.269911256,0.090714,0,76,1,1,1,76,0,0,1.000000,1811.983,0.004,2.420,0.384,1796.448,1787.610,8.837,12.376,0.227,0.054,0.074,4.128,543.937,1238.730,0.000,0.000,0.000,0.000,1,304,0,0,0,0,297.38,308.56,6.98,4437.61,594,0
0,226,1785735112606,5.267040958,0.090714,0,81,1,1,1,81,0,0,1.000000,1938.325,0.022,2.667,0.399,1922.404,1913.147,9.254,12.197,0.222,0.353,0.083,4.294,566.132,1341.870,0.000,0.000,0.000,0.000,1,324,0,0,0,0,297.38,308.56,7.28,4378.80,594,0
0,227,1785735114564,5.264074965,0.090714,0,81,1,1,1,81,0,0,1.000000,1957.636,0.006,2.649,0.445,1941.823,1932.285,9.535,12.372,0.220,0.052,0.075,4.614,590.921,1335.828,0.000,0.000,0.000,0.000,1,324,0,0,0,0,297.38,308.56,7.28,4383.55,594,0
0,228,1785735116569,5.261420453,0.090714,0,84,1,1,1,84,0,0,1.000000,2004.793,0.013,2.378,0.380,1989.460,1980.606,8.854,12.255,0.218,0.041,0.060,4.242,573.622,1401.880,0.000,0.000,0.000,0.000,1,336,0,0,0,0,299.19,308.56,7.88,4374.20,594,0
0,229,1785735118616,5.258779389,0.090714,0,89,1,1,1,89,0,0,1.000000,2046.911,0.003,2.498,0.388,2031.228,2021.746,9.479,12.448,0.225,0.051,0.073,3.833,561.827,1455.223,0.000,0.000,0.000,0.000,1,356,0,0,0,0,299.19,308.56,7.88,4300.22,594,0
0,230,1785735120548,5.255926922,0.090715,0,78,1,1,1,78,0,0,1.000000,1931.985,0.004,2.496,0.394,1915.142,1906.187,8.953,13.394,0.227,0.265,0.066,4.142,569.736,1331.471,0.000,0.000,0.000,0.000,1,312,0,0,0,0,300.41,308.56,21.27,3706.22,594,0
0,231,1785735122497,5.253181802,0.090715,0,79,1,1,1,79,0,0,1.000000,1948.465,0.004,2.552,0.421,1932.753,1923.339,9.412,12.371,0.238,0.050,0.080,4.382,575.937,1342.108,0.000,0.000,0.000,0.000,1,316,0,0,0,0,301.63,308.56,21.55,3973.69,594,0
0,232,1785735124343,5.250610572,0.090715,0,79,1,1,1,79,0,0,1.000000,1845.807,0.011,2.394,0.404,1830.725,1821.801,8.922,11.947,0.221,0.051,0.063,3.903,578.445,1238.602,0.000,0.000,0.000,0.000,1,316,0,0,0,0,301.63,308.56,21.25,3995.94,594,0
0,233,1785735126253,5.248277406,0.090715,0,79,1,1,1,79,0,0,1.000000,1910.056,0.004,3.503,0.380,1892.433,1881.717,10.713,13.366,0.257,0.046,0.072,4.047,573.727,1303.081,0.000,0.000,0.000,0.000,1,316,0,0,0,0,301.63,308.56,21.22,3969.52,594,0
0,234,1785735128196,5.245974136,0.090715,0,79,1,1,1,79,0,0,1.000000,1943.248,0.003,2.766,0.398,1925.343,1914.888,10.451,14.030,0.243,0.390,0.078,4.238,582.664,1327.113,0.000,0.000,0.000,0.000,1,316,0,0,0,0,301.64,308.56,21.19,3964.03,594,0
0,235,1785735130133,5.243810547,0.090715,0,82,1,1,1,82,0,0,1.000000,1936.732,0.010,2.375,0.401,1921.901,1913.351,8.549,11.735,0.215,0.041,0.063,3.945,575.380,1333.209,0.000,0.000,0.000,0.000,1,328,0,0,0,0,301.66,308.56,19.22,3952.27,594,0
0,236,1785735131980,5.241776073,0.090715,0,79,1,1,1,79,0,0,1.000000,1847.114,0.003,2.459,0.380,1829.761,1819.203,10.555,14.164,0.228,0.049,0.073,4.071,539.505,1274.814,0.000,0.000,0.000,0.000,1,316,0,0,0,0,301.66,308.56,19.50,4012.55,594,0
0,237,1785735134024,5.239690765,0.090715,0,83,1,1,1,83,0,0,1.000000,2043.605,0.003,2.494,0.416,2027.898,2016.308,11.587,12.447,0.228,0.044,0.078,5.197,583.090,1427.154,0.000,0.000,0.000,0.000,1,332,0,0,0,0,301.66,308.56,19.48,4013.98,594,0
0,238,1785735135934,5.237557956,0.090715,0,79,1,1,1,79,0,0,1.000000,1910.910,0.004,2.453,0.379,1895.404,1886.533,8.869,12.335,0.222,0.047,0.070,4.127,578.023,1303.516,0.000,0.000,0.000,0.000,1,316,0,0,0,0,301.66,308.56,19.48,4003.16,594,0
0,239,1785735137823,5.235399786,0.090716,0,84,1,1,1,84,0,0,1.000000,1888.655,0.003,2.537,0.396,1872.437,1863.252,9.183,12.203,0.218,0.790,0.074,3.922,577.051,1281.421,0.000,0.000,0.000,0.000,1,336,0,0,0,0,301.66,308.56,19.48,3965.56,594,0
0,240,1785735139816,5.233467303,0.090716,0,85,1,1,1,85,0,0,1.000000,1992.575,0.006,2.487,0.415,1976.137,1967.189,8.945,13.195,0.223,0.049,0.068,4.133,568.312,1393.844,0.000,0.000,0.000,0.000,1,340,0,0,0,0,301.66,308.56,19.47,3942.84,594,0
0,241,1785735141735,5.23162201,0.090716,0,83,1,1,1,83,0,0,1.000000,1919.259,0.007,2.358,0.393,1904.028,1895.307,8.719,12.144,0.232,0.044,0.060,4.053,563.201,1327.205,0.000,0.000,0.000,0.000,1,332,0,0,0,0,301.66,308.56,19.44,4008.20,594,0
0,242,1785735143724,5.229904579,0.090716,0,84,1,1,1,84,0,0,1.000000,1988.872,0.007,2.676,0.380,1973.213,1963.745,9.465,12.267,0.227,0.035,0.074,3.788,556.250,1402.876,0.000,0.000,0.000,0.000,1,336,0,0,0,0,301.66,308.56,19.42,4004.53,594,0
0,243,1785735145822,5.228191249,0.090716,0,84,1,1,1,84,0,0,1.000000,2097.437,0.003,2.541,0.681,2081.098,2070.938,10.157,12.625,0.229,0.039,0.223,4.282,674.018,1390.596,0.000,0.000,0.000,0.000,1,336,0,0,0,0,301.66,308.56,19.42,4595.02,594,0
0,244,1785735147852,5.226624756,0.090716,0,84,1,1,1,84,0,0,1.000000,2029.750,0.003,2.502,0.409,2012.033,2002.930,9.101,13.153,0.251,1.333,0.069,4.112,580.526,1417.445,0.000,0.000,0.000,0.000,1,336,0,0,0,0,301.66,308.56,19.42,4543.89,594,0
0,245,1785735149729,5.22509611,0.090716,0,84,1,1,1,84,0,0,1.000000,1877.111,0.004,3.591,0.414,1858.084,1847.082,10.998,14.670,0.227,0.055,0.070,5.259,587.145,1253.661,0.000,0.000,0.000,0.000,1,336,0,0,0,0,301.66,308.56,19.42,4477.88,594,0
0,246,1785735151720,5.223616509,0.090716,0,84,1,1,1,84,0,0,1.000000,1991.193,0.004,2.744,0.405,1973.861,1964.622,9.236,12.961,1.077,0.049,0.095,4.127,571.622,1388.007,0.000,0.000,0.000,0.000,1,336,0,0,0,0,301.66,308.56,19.42,4290.42,594,0
0,247,1785735153706,5.22214988,0.090715,0,84,1,1,1,84,0,0,1.000000,1986.195,0.005,2.590,0.415,1969.249,1958.510,10.735,13.582,0.242,0.051,0.066,4.423,566.545,1386.644,0.000,0.000,0.000,0.000,1,336,0,0,0,0,263.52,308.56,17.91,4399.53,594,0
0,248,1785735155629,5.220598904,0.090715,0,84,1,1,1,84,0,0,1.000000,1922.731,0.003,2.408,0.398,1907.307,1898.390,8.915,12.286,0.222,0.047,0.063,5.549,579.089,1312.891,0.000,0.000,0.000,0.000,1,336,0,0,0,0,275.06,308.56,17.91,4433.83,594,0
0,249,1785735157525,5.21904961,0.090715,0,80,1,1,1,80,0,0,1.000000,1896.542,0.002,2.479,0.382,1879.723,1870.775,8.945,13.596,0.238,0.044,0.081,4.173,559.463,1306.303,0.000,0.000,0.000,0.000,1,320,0,0,0,0,285.36,308.56,17.89,4432.17,594,0
0,250,1785735159504,5.217552924,0.090715,0,84,1,1,1,84,0,0,1.000000,1978.719,0.015,2.561,0.409,1962.947,1954.091,8.854,12.445,0.223,0.053,0.079,3.861,566.092,1382.969,0.000,0.000,0.000,0.000,1,336,0,0,0,0,289.39,308.56,17.88,4430.22,594,0
0,251,1785735161489,5.21595002,0.090715,0,85,1,1,1,85,0,0,1.000000,1985.270,0.004,2.391,0.380,1968.669,1959.792,8.877,13.491,0.230,0.046,0.061,4.291,565.009,1389.641,0.000,0.000,0.000,0.000,1,340,0,0,0,0,289.39,308.56,17.88,4431.23,594,0
0,252,1785735163363,5.214442207,0.090716,0,84,1,1,1,84,0,0,1.000000,1873.835,0.003,3.507,0.381,1857.109,1847.844,9.263,12.483,0.222,0.049,0.084,4.332,584.524,1257.952,0.000,0.000,0.000,0.000,1,336,0,0,0,0,236.47,308.56,6.89,4531.58,594,0
0,253,1785735165414,5.213039244,0.090716,0,85,1,1,1,85,0,0,1.000000,2050.927,0.003,2.458,0.394,2034.543,2025.603,8.937,13.182,0.227,0.047,0.076,3.908,566.689,1454.162,0.000,0.000,0.000,0.000,1,340,0,0,0,0,257.95,308.56,6.89,4512.92,594,0
0,254,1785735167448,5.211697617,0.090716,0,86,1,1,1,86,0,0,1.000000,2033.796,0.004,2.513,0.386,2017.729,2008.770,8.957,12.793,0.251,0.051,0.072,3.926,569.961,1434.043,0.000,0.000,0.000,0.000,1,344,0,0,0,0,265.17,308.56,6.89,4499.66,594,0
0,255,1785735169386,5.210372518,0.090716,0,85,1,1,1,85,0,0,1.000000,1938.266,0.003,2.389,0.744,1921.881,1912.836,9.043,12.924,0.230,0.038,0.060,4.549,573.323,1334.101,0.000,0.000,0.000,0.000,1,340,0,0,0,0,266.86,308.56,6.89,4482.08,594,0
0,256,1785735171378,5.209050562,0.090716,0,85,1,1,1,85,0,0,1.000000,1991.669,0.003,2.411,0.379,1976.271,1967.248,9.020,12.266,0.224,0.051,0.068,3.989,566.158,1396.277,0.000,0.000,0.000,0.000,1,340,0,0,0,0,266.86,308.56,6.89,4454.27,594,0
0,257,1785735173392,5.20770707,0.090716,0,84,1,1,1,84,0,0,1.000000,2013.520,0.004,3.249,0.406,1996.931,1987.350,9.578,12.286,0.225,0.344,0.079,4.046,577.878,1404.613,0.000,0.000,0.000,0.000,1,336,0,0,0,0,266.86,308.56,6.89,4479.55,594,0
0,258,1785735175466,5.206160039,0.090715,0,85,1,1,1,85,0,0,1.000000,2074.530,0.010,2.870,0.423,2053.742,2042.804,10.934,17.132,0.225,0.060,0.077,5.178,565.492,1471.141,0.000,0.000,0.000,0.000,1,340,0,0,0,0,266.86,308.56,6.89,4477.00,594,0
0,259,1785735177519,5.204434376,0.090715,0,84,1,1,1,84,0,0,1.000000,2052.242,0.004,3.731,0.417,2035.366,2026.449,8.916,12.343,0.225,0.043,0.116,5.451,579.875,1439.956,0.000,0.000,0.000,0.000,1,336,0,0,0,0,266.91,308.56,9.11,4454.52,594,0
0,260,1785735179552,5.202544562,0.090714,0,84,1,1,1,84,0,0,1.000000,2033.142,0.004,2.414,0.395,2017.472,2008.656,8.815,12.508,0.232,0.045,0.075,4.072,576.644,1427.103,0.000,0.000,0.000,0.000,1,336,0,0,0,0,266.91,308.56,9.11,4414.33,594,0
0,261,1785735181474,5.200454436,0.090714,0,84,1,1,1,84,0,0,1.000000,1921.807,0.003,3.331,0.400,1904.544,1893.000,11.541,12.362,0.282,0.813,0.073,4.166,613.823,1274.137,0.000,0.000,0.000,0.000,1,336,0,0,0,0,269.33,308.56,13.11,3933.66,594,0
0,262,1785735183550,5.198127152,0.090713,0,85,1,1,1,85,0,0,1.000000,2076.386,0.005,2.551,0.415,2060.643,2049.931,10.709,12.430,0.225,0.044,0.078,5.405,599.753,1443.871,0.000,0.000,0.000,0.000,1,340,0,0,0,0,272.64,308.56,23.70,4158.23,594,0
0,263,1785735185620,5.195633918,0.090714,0,85,1,1,1,85,0,0,1.000000,2069.580,0.004,2.504,0.380,2051.217,2042.127,9.088,15.129,0.219,0.053,0.079,4.114,575.644,1461.538,0.000,0.000,0.000,0.000,1,340,0,0,0,0,272.64,308.56,15.92,4141.80,594,0
0,264,1785735187618,5.19330945,0.090714,0,84,1,1,1,84,0,0,1.000000,1997.442,0.004,3.752,0.552,1980.114,1970.508,9.604,12.685,0.223,0.047,0.068,4.566,571.763,1393.307,0.000,0.000,0.000,0.000,1,336,0,0,0,0,272.64,308.56,15.92,4145.39,594,0
0,265,1785735189634,5.191266789,0.090715,0,84,1,1,1,84,0,0,1.000000,2016.041,0.003,2.415,0.402,2000.393,1991.551,8.840,12.466,0.236,0.049,0.079,4.034,571.705,1414.977,0.000,0.000,0.000,0.000,1,336,0,0,0,0,272.64,308.56,15.88,4131.83,594,0
0,266,1785735191570,5.18951747,0.090714,0,84,1,1,1,84,0,0,1.000000,1936.073,0.003,2.456,0.399,1920.610,1911.890,8.719,12.282,0.222,0.044,0.060,4.131,589.623,1317.278,0.000,0.000,0.000,0.000,1,336,0,0,0,0,272.66,308.56,15.86,4134.23,594,0
0,267,1785735193578,5.187973497,0.090714,0,85,1,1,1,85,0,0,1.000000,2007.646,0.003,2.798,0.379,1989.462,1979.230,10.229,14.309,0.237,0.387,0.073,4.045,579.029,1395.271,0.000,0.000,0.000,0.000,1,340,0,0,0,0,282.34,308.56,16.48,4154.94,594,0
0,268,1785735195625,5.186462346,0.090714,0,84,1,1,1,84,0,0,1.000000,2046.956,0.004,3.605,0.404,2027.678,2018.094,9.581,14.885,0.261,0.054,0.069,5.065,568.473,1443.486,0.000,0.000,0.000,0.000,1,336,0,0,0,0,282.34,308.56,16.45,4153.55,594,0
0,269,1785735197672,5.184947146,0.090715,0,85,1,1,1,85,0,0,1.000000,2047.224,0.004,2.466,0.656,2031.484,2022.594,8.889,12.275,0.225,0.046,0.072,4.937,578.004,1438.634,0.000,0.000,0.000,0.000,1,340,0,0,0,0,282.34,308.56,16.45,4187.91,594,0
0,270,1785735199700,5.183478878,0.090714,0,84,1,1,1,84,0,0,1.000000,2027.430,0.004,2.461,0.404,2011.760,2002.883,8.876,12.460,0.224,0.045,0.076,4.438,584.788,1412.799,0.000,0.000,0.000,0.000,1,336,0,0,0,0,282.34,308.56,16.45,4155.45,594,0
0,271,1785735201719,5.181973084,0.090714,0,85,1,1,1,85,0,0,1.000000,2019.581,0.003,3.466,0.389,2001.301,1990.414,10.885,13.807,0.500,0.048,0.070,4.046,590.141,1395.342,0.000,0.000,0.000,0.000,1,340,0,0,0,0,282.34,308.56,16.44,4157.00,594,0
0,272,1785735203583,5.180342785,0.090714,0,84,1,1,1,84,0,0,1.000000,1863.702,0.004,2.639,0.403,1847.349,1838.274,9.072,12.221,0.228,0.782,0.079,5.566,585.846,1245.979,0.000,0.000,0.000,0.000,1,336,0,0,0,0,282.34,308.56,16.44,4213.98,594,0
0,273,1785735205654,5.178617372,0.090713,0,86,1,1,1,86,0,0,1.000000,2070.662,0.005,2.459,0.419,2055.028,2046.199,8.828,12.402,0.235,0.046,0.073,4.759,564.593,1475.948,0.000,0.000,0.000,0.000,1,344,0,0,0,0,282.34,308.56,16.44,4221.55,594,0
0,274,1785735207683,5.176835913,0.090713,0,86,1,1,1,86,0,0,1.000000,2029.434,0.004,2.487,0.397,2010.214,2000.034,10.177,15.992,0.235,0.043,0.067,3.996,565.587,1429.604,0.000,0.000,0.000,0.000,1,344,0,0,0,0,282.36,308.56,16.42,4233.55,594,0
0,275,1785735209756,5.174933818,0.090713,0,86,1,1,1,86,0,0,1.000000,2072.532,0.003,2.479,0.396,2056.917,2048.044,8.871,12.389,0.222,0.053,0.074,4.487,589.950,1452.476,0.000,0.000,0.000,0.000,1,344,0,0,0,0,286.34,308.56,14.38,4170.95,594,0
0,276,1785735211699,5.172985815,0.090713,0,81,1,1,1,81,0,0,1.000000,1942.543,0.005,2.704,0.403,1925.698,1916.510,9.185,12.498,0.229,0.057,0.954,3.964,570.705,1340.982,0.000,0.000,0.000,0.000,1,324,0,0,0,0,286.34,308.56,12.36,4161.94,594,0
0,277,1785735213607,5.171181513,0.090714,0,81,1,1,1,81,0,0,1.000000,1908.134,0.004,2.356,0.387,1892.333,1883.598,8.733,12.371,0.221,0.407,0.059,4.041,583.631,1295.001,0.000,0.000,0.000,0.000,1,324,0,0,0,0,288.44,308.56,12.36,4233.39,594,0
0,278,1785735215572,5.169663094,0.090714,0,81,1,1,1,81,0,0,1.000000,1965.036,0.004,3.441,0.396,1948.323,1938.848,9.473,12.547,0.224,0.039,0.066,4.010,556.389,1377.607,0.000,0.000,0.000,0.000,1,324,0,0,0,0,294.45,308.56,12.36,4206.64,594,0
0,279,1785735217591,5.168264042,0.090714,0,86,1,1,1,86,0,0,1.000000,2019.495,0.004,2.448,0.381,2003.969,1994.970,8.996,12.362,0.225,0.044,0.067,4.183,570.597,1419.262,0.000,0.000,0.000,0.000,1,344,0,0,0,0,294.45,308.56,12.36,4192.52,594,0
0,280,1785735219633,5.166828203,0.090714,0,86,1,1,1,86,0,0,1.000000,2041.506,0.004,2.382,0.388,2025.973,2017.035,8.935,12.423,0.229,0.045,0.065,4.076,568.755,1443.323,0.000,0.000,0.000,0.000,1,344,0,0,0,0,294.45,308.56,12.36,4187.03,594,0
0,281,1785735221574,5.165439677,0.090714,0,81,1,1,1,81,0,0,1.000000,1941.201,0.004,2.418,0.397,1925.592,1915.241,10.349,12.417,0.242,0.051,0.083,3.987,568.500,1341.895,0.000,0.000,0.000,0.000,1,324,0,0,0,0,294.45,308.56,12.33,4189.81,594,0
0,282,1785735223620,5.164191906,0.090715,0,86,1,1,1,86,0,0,1.000000,2045.510,0.018,2.492,0.381,2029.731,2020.714,9.013,12.234,0.227,0.382,0.064,4.021,570.241,1445.580,0.000,0.000,0.000,0.000,1,344,0,0,0,0,298.45,308.56,12.34,4120.28,594,0
0,283,1785735225492,5.163017451,0.090714,0,81,1,1,1,81,0,0,1.000000,1872.454,0.006,2.526,0.400,1856.954,1847.859,9.094,12.233,0.222,0.038,0.082,4.207,570.035,1272.773,0.000,0.000,0.000,0.000,1,324,0,0,0,0,298.45,308.56,12.34,4115.22,594,0
0,284,1785735227478,5.161689781,0.090714,0,81,1,1,1,81,0,0,1.000000,1985.689,0.004,2.610,0.384,1970.175,1961.031,9.141,12.160,0.238,0.042,0.079,4.146,565.797,1390.237,0.000,0.000,0.000,0.000,1,324,0,0,0,0,300.95,308.56,15.91,4156.77,594,0
0,285,1785735229545,5.160202966,0.090714,0,85,1,1,1,85,0,0,1.000000,2067.197,0.003,2.560,0.399,2051.474,2041.968,9.503,12.373,0.282,0.041,0.069,4.176,589.763,1446.995,0.000,0.000,0.000,0.000,1,340,0,0,0,0,300.95,308.56,15.91,4130.89,594,0
0,286,1785735231482,5.15864194,0.090714,0,78,1,1,1,78,0,0,1.000000,1936.680,0.003,2.729,0.386,1916.389,1907.382,9.004,16.068,0.227,0.807,0.075,4.038,582.719,1319.778,0.000,0.000,0.000,0.000,1,312,0,0,0,0,303.22,308.56,16.42,4018.73,594,0
0,287,1785735233456,5.157075237,0.090714,0,78,1,1,1,78,0,0,1.000000,1974.263,0.004,2.613,0.408,1956.438,1946.859,9.576,14.285,0.239,0.044,0.236,5.449,575.789,1364.737,0.000,0.000,0.000,0.000,1,312,0,0,0,0,303.24,308.56,16.11,3831.19,594,0
0,288,1785735235123,5.155612744,0.090714,0,65,1,1,1,65,0,0,1.000000,1666.707,0.003,2.455,0.393,1651.114,1640.921,10.190,12.403,0.227,0.044,0.072,4.718,572.904,1061.828,0.000,0.000,0.000,0.000,1,260,0,0,0,0,303.24,308.56,16.11,3894.92,594,0
0,289,1785735237012,5.154243174,0.090714,0,86,1,1,1,86,0,0,1.000000,1888.970,0.004,2.638,0.383,1870.357,1860.937,9.417,15.193,0.280,0.048,0.071,4.047,571.923,1284.098,0.000,0.000,0.000,0.000,1,344,0,0,0,0,303.24,308.56,16.09,3915.58,594,0
0,290,1785735238983,5.152869272,0.090714,0,81,1,1,1,81,0,0,1.000000,1970.740,0.004,2.487,0.393,1955.115,1946.260,8.854,12.298,0.228,0.146,0.073,4.206,563.870,1377.258,0.000,0.000,0.000,0.000,1,324,0,0,0,0,303.24,308.56,20.83,3812.02,594,0
0,291,1785735241026,5.151470367,0.090714,0,81,1,1,1,81,0,0,1.000000,2043.286,0.004,4.786,0.380,2025.186,2015.960,9.223,12.509,0.255,0.054,0.117,4.238,580.381,1430.141,0.000,0.000,0.000,0.000,1,324,0,0,0,0,303.24,308.56,68.31,3397.64,594,0
0,292,1785735242995,5.150118864,0.090714,0,81,1,1,1,81,0,0,1.000000,1968.564,0.005,2.492,0.423,1953.028,1943.479,9.546,12.285,0.226,0.047,0.062,5.282,602.365,1334.789,0.000,0.000,0.000,0.000,1,324,0,0,0,0,303.24,308.56,29.30,3666.73,594,0
0,293,1785735244970,5.14876305,0.090713,0,82,1,1,1,82,0,0,1.000000,1975.542,0.004,2.368,0.381,1958.231,1948.840,9.389,14.199,0.229,0.053,0.080,4.075,580.838,1363.047,0.000,0.000,0.000,0.000,1,328,0,0,0,0,303.24,308.56,33.19,3704.44,594,0
0,294,1785735246977,5.147331822,0.090713,0,81,1,1,1,81,0,0,1.000000,2006.175,0.004,2.485,0.397,1990.775,1980.358,10.415,12.186,0.221,0.041,0.068,4.026,566.229,1409.274,0.000,0.000,0.000,0.000,1,324,0,0,0,0,303.24,308.56,33.14,3659.83,594,0
0,295,1785735248807,5.145862709,0.090713,0,81,1,1,1,81,0,0,1.000000,1830.775,0.008,2.591,0.398,1813.991,1804.571,9.418,13.119,0.242,0.366,0.068,3.841,547.636,1252.215,0.000,0.000,0.000,0.000,1,324,0,0,0,0,303.24,308.56,33.16,3654.77,594,0
0,296,1785735250969,5.144305524,0.090713,0,81,1,1,1,81,0,0,1.000000,2161.765,0.005,2.414,0.401,2145.947,2136.968,8.976,12.639,0.234,0.052,0.077,4.109,576.815,1555.172,0.000,0.000,0.000,0.000,1,324,0,0,0,0,303.24,308.56,33.16,3813.14,594,0
0,297,1785735252906,5.142804752,0.090713,0,81,1,1,1,81,0,0,1.000000,1936.564,0.004,2.605,0.398,1920.552,1909.457,11.092,12.652,0.237,0.046,0.073,4.043,562.537,1341.990,0.000,0.000,0.000,0.000,1,324,0,0,0,0,303.24,308.56,33.14,3958.31,594,0
0,298,1785735254823,5.14133818,0.090713,0,81,1,1,1,81,0,0,1.000000,1916.673,0.013,2.429,0.395,1901.128,1892.338,8.788,12.360,0.229,0.053,0.079,5.014,566.714,1319.749,0.000,0.000,0.000,0.000,1,324,0,0,0,0,303.24,308.56,32.70,3961.02,594,0
0,299,1785735256826,5.13976289,0.090713,0,81,1,1,1,81,0,0,1.000000,2003.822,0.003,2.386,0.383,1988.436,1978.138,10.296,12.276,0.222,0.040,0.079,4.136,564.425,1408.668,0.000,0.000,0.000,0.000,1,324,0,0,0,0,303.24,308.56,32.70,3962.73,594,0
0,300,1785735258844,5.138305901,0.090714,0,81,1,1,1,81,0,0,1.000000,2017.436,0.004,2.374,0.386,2001.931,1992.965,8.964,12.232,0.224,0.216,0.071,3.976,564.441,1423.706,0.000,0.000,0.000,0.000,1,324,0,0,0,0,303.64,308.56,32.67,4721.12,594,0
0,301,1785735260684,5.137151382,0.090713,0,76,1,1,1,76,0,0,1.000000,1839.923,0.004,2.769,0.398,1823.965,1814.973,8.989,12.430,0.227,0.047,0.086,4.670,545.513,1263.928,0.000,0.000,0.000,0.000,1,304,0,0,0,0,303.64,308.56,21.53,4703.06,594,0
0,302,1785735262390,5.136119017,0.090713,0,66,1,1,1,66,0,0,1.000000,1705.609,0.005,2.452,0.402,1689.470,1679.405,10.063,12.942,0.234,0.042,0.066,4.119,562.421,1111.936,0.000,0.000,0.000,0.000,1,264,0,0,0,0,303.64,308.56,21.53,4682.09,594,0
0,303,1785735264082,5.135010474,0.090713,0,66,1,1,1,66,0,0,1.000000,1692.707,0.004,3.350,0.380,1675.576,1665.816,9.758,13.063,0.227,0.048,0.064,4.273,577.866,1082.810,0.000,0.000,0.000,0.000,1,264,0,0,0,0,303.64,308.56,21.53,4601.19,594,0
0,304,1785735265857,5.133847616,0.090714,0,71,1,1,1,71,0,0,1.000000,1774.277,0.003,2.475,0.405,1757.496,1747.749,9.745,13.551,0.226,0.057,0.067,4.071,562.337,1180.525,0.000,0.000,0.000,0.000,1,284,0,0,0,0,303.64,308.56,21.53,4621.09,594,0
0,305,1785735267645,5.132780839,0.090714,0,72,1,1,1,72,0,0,1.000000,1788.057,0.004,2.494,0.392,1772.163,1763.146,9.014,12.662,0.226,0.042,0.078,4.456,574.920,1182.884,0.000,0.000,0.000,0.000,1,288,0,0,0,0,303.64,308.56,21.53,4592.48,594,0
0,306,1785735269461,5.131805002,0.090714,0,72,1,1,1,72,0,0,1.000000,1815.958,0.004,2.357,0.379,1800.447,1790.144,10.301,12.428,0.221,0.049,0.076,3.923,594.654,1190.659,0.000,0.000,0.000,0.000,1,288,0,0,0,0,272.06,308.56,16.77,4466.23,594,0
0,307,1785735271272,5.130794009,0.090714,0,67,1,1,1,67,0,0,1.000000,1811.129,0.004,2.428,0.401,1795.038,1786.208,8.829,12.441,0.219,0.534,0.068,4.296,610.270,1170.764,0.000,0.000,0.000,0.000,1,268,0,0,0,0,285.89,308.56,16.83,4282.03,594,0
0,308,1785735273016,5.129799153,0.090714,0,67,1,1,1,67,0,0,1.000000,1743.692,0.004,2.465,0.390,1728.020,1718.717,9.299,12.481,0.223,0.041,0.072,4.060,567.889,1145.751,0.000,0.000,0.000,0.000,1,268,0,0,0,0,288.11,308.56,26.47,4256.44,594,0
0,309,1785735274746,5.128770267,0.090714,0,67,1,1,1,67,0,0,1.000000,1730.325,0.008,2.604,0.398,1714.532,1703.045,11.485,12.451,0.224,0.048,0.068,4.174,586.859,1111.057,0.000,0.000,0.000,0.000,1,268,0,0,0,0,288.24,308.56,21.70,4283.77,594,0
0,310,1785735276511,5.127700295,0.090714,0,67,1,1,1,67,0,0,1.000000,1764.644,0.007,2.449,0.404,1749.184,1738.571,10.609,12.270,0.230,0.038,0.070,4.117,568.187,1165.376,0.000,0.000,0.000,0.000,1,268,0,0,0,0,288.24,308.56,21.69,4318.53,594,0
0,311,1785735278213,5.12661697,0.090714,0,67,1,1,1,67,0,0,1.000000,1701.994,0.004,2.818,0.501,1683.170,1671.614,11.553,15.128,0.228,0.060,0.089,5.661,565.991,1099.069,0.000,0.000,0.000,0.000,1,268,0,0,0,0,289.03,308.56,19.67,4257.73,594,0
0,312,1785735279936,5.125523117,0.090714,0,67,1,1,1,67,0,0,1.000000,1723.632,0.003,2.678,1.260,1705.622,1695.426,10.194,13.700,0.240,0.055,0.076,4.706,583.439,1106.209,0.000,0.000,0.000,0.000,1,268,0,0,0,0,289.03,308.56,19.62,4263.31,594,0
0,313,1785735281566,5.124478882,0.090714,0,67,1,1,1,67,0,0,1.000000,1629.871,0.004,2.582,0.421,1614.800,1606.219,8.580,11.745,0.218,0.044,0.060,5.027,576.053,1024.232,0.000,0.000,0.000,0.000,1,268,0,0,0,0,289.05,308.56,19.61,4264.03,594,0
0,314,1785735283289,5.123510565,0.090714,0,67,1,1,1,67,0,0,1.000000,1722.193,0.013,5.038,0.381,1700.695,1690.796,9.895,14.810,0.230,0.786,0.253,3.757,559.982,1126.016,0.000,0.000,0.000,0.000,1,268,0,0,0,0,289.06,308.56,19.59,4263.14,594,0
0,315,1785735285010,5.122563233,0.090715,0,67,1,1,1,67,0,0,1.000000,1721.195,0.003,2.542,0.386,1705.552,1696.184,9.365,12.349,0.236,0.048,0.082,4.758,589.046,1101.372,0.000,0.000,0.000,0.000,1,268,0,0,0,0,289.06,308.56,19.58,4299.94,594,0
0,316,1785735286771,5.121597946,0.090715,0,67,1,1,1,67,0,0,1.000000,1760.597,0.004,2.489,0.400,1743.485,1734.251,9.231,13.852,0.234,0.050,0.087,3.941,582.968,1146.375,0.000,0.000,0.000,0.000,1,268,0,0,0,0,289.06,308.56,19.58,4309.20,594,0
0,317,1785735288512,5.1207134,0.090715,0,67,1,1,1,67,0,0,1.000000,1741.744,0.004,2.441,0.406,1726.049,1717.054,8.993,12.498,0.240,0.049,0.062,4.837,589.692,1121.634,0.000,0.000,0.000,0.000,1,268,0,0,0,0,289.13,308.56,19.58,4286.05,594,0
0,318,1785735290518,5.119894881,0.090715,0,83,1,1,1,83,0,0,1.000000,2005.244,0.003,2.408,0.390,1989.116,1980.205,8.910,12.666,0.233,0.363,0.068,4.180,582.466,1392.707,0.000,0.000,0.000,0.000,1,332,0,0,0,0,289.24,308.56,19.58,4269.55,594,0
0,319,1785735292197,5.119110597,0.090715,0,65,1,1,1,65,0,0,1.000000,1679.444,0.005,2.408,0.385,1663.923,1654.978,8.943,12.402,0.221,0.043,0.062,5.550,599.830,1048.757,0.000,0.000,0.000,0.000,1,260,0,0,0,0,289.25,308.56,15.59,4136.52,594,0
0,320,1785735293829,5.118341461,0.090715,0,65,1,1,1,65,0,0,1.000000,1631.923,0.003,2.539,0.380,1613.902,1603.448,10.451,14.576,0.404,0.048,0.075,3.913,556.804,1041.752,0.000,0.000,0.000,0.000,1,260,0,0,0,0,289.25,308.56,13.53,4188.20,594,0
0,321,1785735295823,5.117625365,0.090715,0,81,1,1,1,81,0,0,1.000000,1993.810,0.004,2.475,0.408,1977.982,1966.623,11.355,12.574,0.226,0.053,0.091,5.395,625.206,1335.091,0.000,0.000,0.000,0.000,1,324,0,0,0,0,298.39,308.56,16.72,4140.78,594,0
0,322,1785735297821,5.116971714,0.090714,0,81,1,1,1,81,0,0,1.000000,1997.696,0.005,2.728,0.403,1980.476,1970.623,9.850,13.743,0.222,0.052,0.072,4.083,561.595,1403.965,0.000,0.000,0.000,0.000,1,324,0,0,0,0,298.39,308.56,14.33,4153.34,594,0
0,323,1785735299811,5.11617884,0.090714,0,81,1,1,1,81,0,0,1.000000,1990.708,0.004,2.455,0.405,1972.782,1963.868,8.912,13.958,0.219,0.821,0.067,4.022,568.571,1390.408,0.000,0.000,0.000,0.000,1,324,0,0,0,0,301.74,308.56,14.31,4142.56,594,0
0,324,1785735301921,5.115149573,0.090714,0,86,1,1,1,86,0,0,1.000000,2109.406,0.006,2.573,0.383,2093.483,2083.454,10.026,12.620,0.229,0.052,0.066,4.306,632.786,1445.500,0.000,0.000,0.000,0.000,1,344,0,0,0,0,302.14,308.56,14.39,3754.03,594,0
0,325,1785735303955,5.114074997,0.090714,0,86,1,1,1,86,0,0,1.000000,2033.442,0.005,3.310,0.380,2015.372,2006.386,8.984,14.028,0.225,0.054,0.073,3.984,582.414,1419.152,0.000,0.000,0.000,0.000,1,344,0,0,0,0,302.33,308.56,17.59,3765.08,594,0
0,326,1785735305876,5.11299683,0.090715,0,81,1,1,1,81,0,0,1.000000,1921.507,0.004,2.524,0.403,1906.222,1897.464,8.756,12.025,0.219,0.046,0.068,3.971,580.224,1312.344,0.000,0.000,0.000,0.000,1,324,0,0,0,0,302.33,308.56,19.97,3798.84,594,0
0,327,1785735307877,5.112017635,0.090715,0,84,1,1,1,84,0,0,1.000000,2000.385,0.003,2.625,0.379,1984.733,1973.190,11.539,12.300,0.219,0.050,0.079,4.161,546.735,1421.181,0.000,0.000,0.000,0.000,1,336,0,0,0,0,302.33,308.56,19.91,3796.83,594,0
0,328,1785735309807,5.111213002,0.090715,0,81,1,1,1,81,0,0,1.000000,1930.907,0.004,2.384,0.400,1915.441,1906.642,8.798,12.329,0.222,0.051,0.081,4.328,564.952,1336.496,0.000,0.000,0.000,0.000,1,324,0,0,0,0,302.33,308.56,19.89,3733.23,594,0
0,329,1785735311858,5.110579423,0.090715,0,86,1,1,1,86,0,0,1.000000,2050.447,0.004,2.459,0.393,2034.015,2025.128,8.886,12.882,0.244,0.246,0.207,4.031,559.007,1461.231,0.000,0.000,0.000,0.000,1,344,0,0,0,0,302.33,308.56,19.86,3752.11,594,0
0,330,1785735313807,5.109985229,0.090715,0,81,1,1,1,81,0,0,1.000000,1948.596,0.009,2.419,0.391,1933.119,1924.215,8.901,12.336,0.226,0.043,0.062,4.444,561.154,1357.738,0.000,0.000,0.000,0.000,1,324,0,0,0,0,302.33,308.56,19.83,3904.67,594,0
0,331,1785735315743,5.10938311,0.090715,0,82,1,1,1,82,0,0,1.000000,1936.266,0.004,2.389,0.398,1920.806,1912.027,8.777,12.338,0.225,0.047,0.063,4.382,566.492,1340.295,0.000,0.000,0.000,0.000,1,328,0,0,0,0,302.33,308.56,19.83,3882.66,594,0
0,332,1785735317850,5.108766102,0.090715,0,87,1,1,1,87,0,0,1.000000,2106.866,0.004,3.288,0.386,2089.423,2079.563,9.853,13.435,0.218,0.031,0.085,4.366,566.869,1506.952,0.000,0.000,0.000,0.000,1,348,0,0,0,0,302.33,308.56,19.83,3853.89,594,0
0,333,1785735319805,5.108184047,0.090715,0,86,1,1,1,86,0,0,1.000000,1954.543,0.004,2.427,0.384,1938.347,1929.568,8.777,12.299,0.226,0.803,0.057,4.409,576.386,1347.929,0.000,0.000,0.000,0.000,1,344,0,0,0,0,302.33,308.56,19.83,3889.28,594,0
0,334,1785735321840,5.107598266,0.090715,0,87,1,1,1,87,0,0,1.000000,2035.093,0.004,2.425,0.383,2019.600,2010.689,8.909,12.348,0.222,0.045,0.070,4.235,559.819,1445.818,0.000,0.000,0.000,0.000,1,348,0,0,0,0,302.33,308.56,19.83,3891.33,594,0
0,335,1785735323869,5.107053545,0.090715,0,87,1,1,1,87,0,0,1.000000,2029.372,0.004,2.483,0.389,2013.777,2004.935,8.840,12.381,0.218,0.051,0.072,4.399,567.287,1432.379,0.000,0.000,0.000,0.000,1,348,0,0,0,0,302.33,308.56,19.80,3937.95,594,0
0,336,1785735326029,5.106471464,0.090715,0,87,1,1,1,87,0,0,1.000000,2160.054,0.004,2.551,0.395,2142.934,2133.567,9.364,13.781,0.273,0.045,0.073,4.233,565.935,1562.539,0.000,0.000,0.000,0.000,1,348,0,0,0,0,302.33,308.56,19.80,3915.16,594,0
0,337,1785735328137,5.105905398,0.090715,0,82,1,1,1,82,0,0,1.000000,2107.646,0.004,2.714,0.421,2090.970,2082.009,8.959,12.450,0.224,0.801,0.065,4.339,576.563,1500.095,0.000,0.000,0.000,0.000,1,328,0,0,0,0,302.33,308.56,23.89,3838.50,594,0
0,338,1785735330271,5.105329765,0.090714,0,82,1,1,1,82,0,0,1.000000,2133.641,0.006,2.616,0.380,2114.694,2104.224,10.467,15.595,0.229,0.051,0.075,3.929,581.660,1517.759,0.000,0.000,0.000,0.000,1,328,0,0,0,0,302.33,308.56,23.89,3895.95,594,0
0,339,1785735332344,5.104758805,0.090714,0,86,1,1,1,86,0,0,1.000000,2073.461,0.005,3.562,0.391,2053.528,2044.491,9.034,15.631,0.234,0.054,0.061,3.943,575.257,1464.442,0.000,0.000,0.000,0.000,1,344,0,0,0,0,302.33,308.56,23.88,3874.86,594,0
0,340,1785735334354,5.104110154,0.090714,0,86,1,1,1,86,0,0,1.000000,2009.429,0.004,4.055,0.439,1991.910,1982.866,9.042,12.505,0.226,0.053,0.241,4.386,603.021,1374.294,0.000,0.000,0.000,0.000,1,344,0,0,0,0,302.33,308.56,23.16,3621.48,594,0
0,341,1785735336376,5.103409491,0.090714,0,86,1,1,1,86,0,0,1.000000,2022.366,0.005,2.511,0.397,2006.575,1996.146,10.426,12.316,0.223,0.261,0.083,4.332,571.070,1419.910,0.000,0.000,0.000,0.000,1,344,0,0,0,0,302.33,308.56,23.16,3850.16,594,0
0,342,1785735338432,5.102684136,0.090714,0,85,1,1,1,85,0,0,1.000000,2055.813,0.005,2.481,0.406,2038.231,2028.460,9.768,14.343,0.226,0.057,0.068,4.558,563.524,1459.452,0.000,0.000,0.000,0.000,1,340,0,0,0,0,302.33,308.56,23.16,3795.50,594,0
0,343,1785735340438,5.101957927,0.090714,0,85,1,1,1,85,0,0,1.000000,2005.897,0.004,3.524,0.379,1987.963,1977.273,10.687,13.697,0.221,0.040,0.072,4.087,569.244,1403.103,0.000,0.000,0.000,0.000,1,340,0,0,0,0,302.33,308.56,23.14,3810.23,594,0
0,344,1785735342418,5.101222347,0.090714,0,82,1,1,1,82,0,0,1.000000,1979.500,0.005,2.544,0.397,1963.402,1954.436,8.963,12.466,0.226,0.385,0.078,5.115,563.443,1384.851,0.000,0.000,0.000,0.000,1,328,0,0,0,0,302.33,308.56,27.06,3768.38,594,0
0,345,1785735344472,5.100533285,0.090714,0,87,1,1,1,87,0,0,1.000000,2053.882,0.005,2.483,0.407,2038.278,2029.424,8.852,12.353,0.233,0.047,0.082,3.944,568.640,1455.877,0.000,0.000,0.000,0.000,1,348,0,0,0,0,302.42,308.56,73.86,3879.47,594,0
0,346,1785735346441,5.099901532,0.090714,0,82,1,1,1,82,0,0,1.000000,1968.962,0.004,2.413,0.379,1953.407,1944.570,8.835,12.421,0.224,0.047,0.073,4.978,572.448,1366.263,0.000,0.000,0.000,0.000,1,328,0,0,0,0,302.42,308.56,29.17,3886.41,594,0
0,347,1785735348463,5.099311434,0.090715,0,88,1,1,1,88,0,0,1.000000,2022.190,0.004,2.519,0.379,2006.269,1995.897,10.369,12.356,0.228,0.373,0.066,4.157,547.677,1443.230,0.000,0.000,0.000,0.000,1,352,0,0,0,0,302.42,308.56,29.16,3878.44,594,0
0,348,1785735350527,5.098802393,0.090714,0,88,1,1,1,88,0,0,1.000000,2064.205,0.005,2.621,0.433,2047.800,2037.504,10.292,12.988,0.239,0.041,0.083,5.635,590.771,1440.244,0.000,0.000,0.000,0.000,1,352,0,0,0,0,302.42,308.56,29.16,3886.80,594,0
0,349,1785735352526,5.098295087,0.090714,0,82,1,1,1,82,0,0,1.000000,1999.228,0.004,2.574,0.450,1983.584,1972.968,10.614,12.265,0.231,0.046,0.079,4.284,586.405,1381.444,0.000,0.000,0.000,0.000,1,328,0,0,0,0,302.42,308.56,29.16,3799.08,594,0
0,350,1785735354581,5.097726028,0.090715,0,88,1,1,1,88,0,0,1.000000,2054.909,0.005,2.422,0.380,2038.928,2029.941,8.985,12.829,0.235,0.048,0.067,4.172,577.969,1446.948,0.000,0.000,0.000,0.000,1,352,0,0,0,0,302.42,308.56,25.97,3841.34,594,0
0,351,1785735356569,5.097123228,0.090715,0,82,1,1,1,82,0,0,1.000000,1987.704,0.004,2.454,0.397,1972.027,1962.989,9.033,12.320,0.226,0.204,0.075,3.961,599.663,1358.487,0.000,0.000,0.000,0.000,1,328,0,0,0,0,302.42,308.56,28.34,3994.28,594,0
0,352,1785735358708,5.096541586,0.090715,0,88,1,1,1,88,0,0,1.000000,2138.902,0.006,2.534,0.445,2123.294,2114.413,8.879,12.287,0.226,0.041,0.076,5.286,574.833,1533.426,0.000,0.000,0.000,0.000,1,352,0,0,0,0,302.42,308.56,28.28,3921.69,594,0
0,353,1785735360718,5.095991062,0.090715,0,82,1,1,1,82,0,0,1.000000,2009.984,0.004,2.399,0.388,1994.476,1985.447,9.027,12.394,0.220,0.044,0.063,4.397,562.024,1418.154,0.000,0.000,0.000,0.000,1,328,0,0,0,0,302.42,308.56,28.48,3440.34,594,0
0,354,1785735362758,5.095405103,0.090715,0,87,1,1,1,87,0,0,1.000000,2039.856,0.004,2.434,0.409,2022.882,2013.562,9.317,13.442,0.229,0.374,0.087,3.985,561.885,1446.683,0.000,0.000,0.000,0.000,1,348,0,0,0,0,302.42,308.56,28.41,3679.67,594,0
0,355,1785735364821,5.094848175,0.090715,0,88,1,1,1,88,0,0,1.000000,2062.792,0.005,2.518,0.389,2046.419,2037.431,8.986,13.100,0.230,0.046,0.089,4.418,565.048,1467.118,0.000,0.000,0.000,0.000,1,352,0,0,0,0,302.42,308.56,28.42,3639.19,594,0
0,356,1785735366907,5.094316753,0.090715,0,90,1,1,1,90,0,0,1.000000,2085.677,0.008,2.487,0.416,2069.881,2060.713,9.164,12.551,0.223,0.055,0.064,3.966,570.829,1484.996,0.000,0.000,0.000,0.000,1,360,0,0,0,0,302.42,308.56,28.41,3741.98,594,0
0,357,1785735368992,5.093702389,0.090715,0,87,1,1,1,87,0,0,1.000000,2085.297,0.004,2.434,0.400,2069.765,2060.901,8.863,12.360,0.236,0.038,0.064,4.140,565.444,1490.455,0.000,0.000,0.000,0.000,1,348,0,0,0,0,302.42,308.56,28.39,3728.34,594,0
0,358,1785735371010,5.093047903,0.090714,0,86,1,1,1,86,0,0,1.000000,2017.569,0.004,2.910,0.379,2000.994,1989.918,11.074,12.941,0.230,0.033,0.081,4.239,567.251,1417.590,0.000,0.000,0.000,0.000,1,344,0,0,0,0,302.42,308.56,28.39,3725.95,594,0
0,359,1785735373075,5.092319015,0.090715,0,87,1,1,1,87,0,0,1.000000,2065.208,0.005,2.683,0.396,2049.194,2040.003,9.189,12.358,0.235,0.276,0.065,4.270,562.284,1472.501,0.000,0.000,0.000,0.000,1,348,0,0,0,0,302.42,308.56,28.39,3646.78,594,0
0,360,1785735374982,5.09161555,0.090714,0,87,1,1,1,87,0,0,1.000000,1907.205,0.006,2.495,0.427,1891.579,1881.804,9.772,12.370,0.235,0.039,0.061,4.055,582.998,1293.843,0.000,0.000,0.000,0.000,1,348,0,0,0,0,302.42,308.56,28.39,3805.83,594,0
0,361,1785735377038,5.090900456,0.090714,0,88,1,1,1,88,0,0,1.000000,2055.182,0.004,2.495,0.379,2039.681,2030.369,9.309,12.259,0.238,0.053,0.078,3.975,568.836,1456.702,0.000,0.000,0.000,0.000,1,352,0,0,0,0,302.42,308.56,28.36,3736.16,594,0
0,362,1785735379135,5.090199189,0.090714,0,86,1,1,1,86,0,0,1.000000,2097.025,0.015,2.569,0.403,2077.851,2067.620,10.228,15.717,0.254,0.160,0.071,4.205,560.820,1501.706,0.000,0.000,0.000,0.000,1,344,0,0,0,0,302.42,308.56,28.34,3752.88,594,0
0,363,1785735381184,5.089517343,0.090714,0,86,1,1,1,86,0,0,1.000000,2048.984,0.004,2.438,0.390,2033.235,2024.350,8.881,12.575,0.219,0.052,0.075,4.271,588.584,1430.493,0.000,0.000,0.000,0.000,1,344,0,0,0,0,302.42,308.56,28.34,3746.39,594,0
0,364,1785735383301,5.088851444,0.090714,0,85,1,1,1,85,0,0,1.000000,2116.855,0.004,2.579,0.386,2099.202,2090.264,8.935,14.207,0.244,0.027,0.209,3.981,662.633,1422.793,0.000,0.000,0.000,0.000,1,340,0,0,0,0,302.42,308.56,28.33,4576.11,594,0
0,365,1785735385342,5.088230771,0.090714,0,87,1,1,1,87,0,0,1.000000,2041.313,0.004,2.436,0.397,2025.905,2016.816,9.086,12.215,0.228,0.060,0.073,3.950,568.090,1443.924,0.000,0.000,0.000,0.000,1,348,0,0,0,0,302.42,308.56,28.33,4564.05,594,0
0,366,1785735387346,5.087599495,0.090714,0,85,1,1,1,85,0,0,1.000000,2004.080,0.004,2.469,0.398,1988.622,1978.903,9.713,12.225,0.240,0.053,0.073,4.687,576.787,1396.527,0.000,0.000,0.000,0.000,1,340,0,0,0,0,302.42,308.56,28.31,4559.16,594,0
0,367,1785735389364,5.086882182,0.090713,0,88,1,1,1,88,0,0,1.000000,2018.207,0.004,2.574,0.405,2002.270,1991.586,10.681,12.597,0.226,0.047,0.088,4.139,540.889,1445.713,0.000,0.000,0.000,0.000,1,352,0,0,0,0,302.42,308.56,28.31,4451.91,594,0
0,368,1785735391415,5.086058618,0.090713,0,86,1,1,1,86,0,0,1.000000,2051.067,0.004,2.482,0.387,2035.306,2025.535,9.766,12.555,0.226,0.043,0.068,3.911,585.532,1435.245,0.000,0.000,0.000,0.000,1,344,0,0,0,0,302.42,308.56,28.31,4446.20,594,0
0,369,1785735393505,5.085130904,0.090713,0,87,1,1,1,87,0,0,1.000000,2089.917,0.004,2.849,0.390,2072.654,2062.767,9.885,13.644,0.234,0.049,0.097,3.919,586.707,1470.533,0.000,0.000,0.000,0.000,1,348,0,0,0,0,302.42,308.56,28.31,4278.23,594,0
0,370,1785735395564,5.084202261,0.090713,0,88,1,1,1,88,0,0,1.000000,2058.598,0.004,2.789,0.406,2039.351,2029.592,9.756,15.662,0.274,0.045,0.072,4.027,563.943,1460.601,0.000,0.000,0.000,0.000,1,352,0,0,0,0,302.42,308.56,28.31,4407.94,594,0
0,371,1785735397615,5.083375828,0.090713,0,87,1,1,1,87,0,0,1.000000,2051.520,0.004,2.477,0.399,2035.968,2027.130,8.835,12.328,0.229,0.048,0.071,4.107,567.573,1454.577,0.000,0.000,0.000,0.000,1,348,0,0,0,0,302.42,308.56,28.31,4418.38,594,0
0,372,1785735399730,5.082614343,0.090713,0,88,1,1,1,88,0,0,1.000000,2114.829,0.004,2.906,0.397,2095.598,2084.499,11.097,15.562,0.233,0.049,0.083,4.055,568.574,1510.986,0.000,0.000,0.000,0.000,1,352,0,0,0,0,254.14,308.56,24.33,4442.53,594,0
0,373,1785735401705,5.081810307,0.090713,0,89,1,1,1,89,0,0,1.000000,1974.454,0.004,2.423,0.399,1959.567,1950.810,8.754,11.750,0.215,0.038,0.063,4.124,571.346,1374.462,0.000,0.000,0.000,0.000,1,356,0,0,0,0,292.64,308.56,23.55,4423.45,594,0
0,374,1785735403839,5.080888311,0.090713,0,89,1,1,1,89,0,0,1.000000,2133.695,0.003,2.708,0.380,2116.669,2106.239,10.427,13.211,0.227,0.391,0.109,3.737,555.829,1545.757,0.000,0.000,0.000,0.000,1,356,0,0,0,0,292.64,308.56,23.55,4455.66,594,0
0,375,1785735405847,5.080041495,0.090713,0,83,1,1,1,83,0,0,1.000000,2008.673,0.004,2.826,0.410,1989.517,1977.927,11.586,15.575,0.228,0.043,0.075,5.177,590.523,1381.357,0.000,0.000,0.000,0.000,1,332,0,0,0,0,292.64,308.56,23.53,4440.73,594,0
0,376,1785735407821,5.07918825,0.090713,0,82,1,1,1,82,0,0,1.000000,1974.092,0.003,3.553,0.380,1956.268,1945.799,10.466,13.494,0.241,0.070,0.087,5.565,587.723,1351.486,0.000,0.000,0.000,0.000,1,328,0,0,0,0,292.64,308.56,23.53,4462.05,594,0
0,377,1785735409857,5.07819958,0.090713,0,82,1,1,1,82,0,0,1.000000,2035.313,0.006,2.460,0.401,2019.831,2010.889,8.939,12.289,0.226,0.043,0.062,4.234,598.859,1406.938,0.000,0.000,0.000,0.000,1,328,0,0,0,0,292.64,308.56,23.27,4436.55,594,0
0,378,1785735411909,5.077139495,0.090713,0,87,1,1,1,87,0,0,1.000000,2052.383,0.004,2.443,0.388,2036.879,2028.060,8.818,12.324,0.219,0.052,0.079,4.171,567.890,1455.143,0.000,0.000,0.000,0.000,1,348,0,0,0,0,292.64,308.56,23.27,4425.48,594,0
0,379,1785735413953,5.076055483,0.090712,0,86,1,1,1,86,0,0,1.000000,2043.909,0.004,2.772,0.402,2026.472,2016.710,9.760,13.895,0.238,0.046,0.084,4.251,561.271,1450.335,0.000,0.000,0.000,0.000,1,344,0,0,0,0,292.64,308.56,23.27,4437.66,594,0
0,380,1785735415892,5.074950409,0.090712,0,89,1,1,1,89,0,0,1.000000,1939.001,0.004,2.529,0.407,1923.384,1914.507,8.875,12.244,0.220,0.144,0.073,4.270,559.525,1349.851,0.000,0.000,0.000,0.000,1,356,0,0,0,0,292.64,308.56,23.27,4403.81,594,0
0,381,1785735417931,5.073828996,0.090713,0,87,1,1,1,87,0,0,1.000000,2038.992,0.006,2.579,0.426,2020.343,2009.738,10.602,15.299,0.228,0.044,0.072,4.366,566.425,1437.870,0.000,0.000,0.000,0.000,1,348,0,0,0,0,292.64,308.56,23.27,4418.44,594,0
0,382,1785735420017,5.072815494,0.090713,0,87,1,1,1,87,0,0,1.000000,2085.904,0.003,5.421,0.410,2063.613,2054.443,9.165,15.966,0.306,0.066,0.123,4.563,578.328,1470.210,0.000,0.000,0.000,0.000,1,348,0,0,0,0,292.66,308.56,23.27,4123.23,594,0
0,383,1785735422117,5.071882171,0.090713,0,88,1,1,1,88,0,0,1.000000,2100.140,0.019,2.682,0.409,2084.137,2075.310,8.824,12.549,0.234,0.054,0.075,7.654,599.329,1467.067,0.000,0.000,0.000,0.000,1,352,0,0,0,0,292.80,308.56,32.44,4105.33,594,0
0,384,1785735424193,5.070924205,0.090713,0,89,1,1,1,89,0,0,1.000000,2075.577,0.003,2.562,0.383,2059.947,2050.834,9.111,12.324,0.240,0.050,0.071,4.284,560.592,1485.104,0.000,0.000,0.000,0.000,1,356,0,0,0,0,292.80,308.56,23.34,4220.94,594,0
0,385,1785735426169,5.07002231,0.090713,0,82,1,1,1,82,0,0,1.000000,1975.868,0.004,2.534,0.396,1959.881,1950.711,9.168,12.318,0.236,0.424,0.079,5.071,570.056,1374.697,0.000,0.000,0.000,0.000,1,328,0,0,0,0,295.08,308.56,23.36,4198.69,594,0
0,386,1785735428126,5.069102723,0.090712,0,83,1,1,1,83,0,0,1.000000,1956.634,0.005,2.699,0.454,1941.024,1932.257,8.766,12.119,0.219,0.044,0.075,4.997,568.841,1357.490,0.000,0.000,0.000,0.000,1,332,0,0,0,0,295.08,308.56,23.36,4199.94,594,0
0,387,1785735430120,5.068169238,0.090712,0,83,1,1,1,83,0,0,1.000000,1994.452,0.003,2.397,0.393,1978.970,1970.128,8.839,12.331,0.242,0.045,0.074,4.070,556.613,1408.607,0.000,0.000,0.000,0.000,1,332,0,0,0,0,299.06,308.56,13.56,4200.86,594,0
0,388,1785735432087,5.067137551,0.090712,0,83,1,1,1,83,0,0,1.000000,1966.497,0.005,3.694,0.404,1948.446,1937.671,10.772,13.621,0.220,0.043,0.069,4.153,579.242,1353.402,0.000,0.000,0.000,0.000,1,332,0,0,0,0,299.08,308.56,13.56,4192.16,594,0
0,389,1785735434228,5.066035656,0.090712,0,89,1,1,1,89,0,0,1.000000,2141.748,0.004,2.452,0.390,2122.747,2112.179,10.562,15.465,0.234,0.387,0.074,4.286,566.931,1540.137,0.000,0.000,0.000,0.000,1,356,0,0,0,0,299.08,308.56,13.59,4205.70,594,0
0,390,1785735436310,5.064840928,0.090712,0,88,1,1,1,88,0,0,1.000000,2081.193,0.004,2.795,0.437,2064.827,2055.952,8.872,12.779,0.220,0.055,0.078,3.910,595.095,1456.058,0.000,0.000,0.000,0.000,1,352,0,0,0,0,299.08,308.56,13.56,4207.69,594,0
0,391,1785735438350,5.063624427,0.090712,0,84,1,1,1,84,0,0,1.000000,2040.031,0.004,2.725,0.402,2023.058,2013.242,9.814,13.500,0.228,0.052,0.067,5.232,602.557,1404.601,0.000,0.000,0.000,0.000,1,336,0,0,0,0,299.08,308.56,13.56,4172.89,594,0
0,392,1785735440512,5.062416366,0.090713,0,88,1,1,1,88,0,0,1.000000,2161.743,0.003,2.724,0.421,2144.708,2135.890,8.816,13.522,0.246,0.049,0.073,4.737,597.761,1532.512,0.000,0.000,0.000,0.000,1,352,0,0,0,0,299.08,308.56,13.55,4201.42,594,0
0,393,1785735442614,5.061287207,0.090713,0,89,1,1,1,89,0,0,1.000000,2102.053,0.003,2.804,0.398,2086.303,2077.387,8.914,12.172,0.249,0.057,0.069,4.079,594.703,1477.605,0.000,0.000,0.000,0.000,1,356,0,0,0,0,299.08,308.56,13.52,4225.73,594,0
0,394,1785735444526,5.060291446,0.090713,0,84,1,1,1,84,0,0,1.000000,1912.178,0.011,2.423,0.407,1896.348,1887.625,8.722,12.604,0.219,0.118,0.059,4.158,579.342,1303.257,0.000,0.000,0.000,0.000,1,336,0,0,0,0,299.08,308.56,13.50,4255.05,594,0
0,395,1785735446587,5.059334218,0.090713,0,89,1,1,1,89,0,0,1.000000,2061.554,0.005,2.392,0.382,2045.971,2037.082,8.888,12.452,0.233,0.051,0.072,4.343,570.109,1461.730,0.000,0.000,0.000,0.000,1,356,0,0,0,0,299.08,308.56,13.50,4239.27,594,0
0,396,1785735448647,5.058345467,0.090713,0,88,1,1,1,88,0,0,1.000000,2059.049,0.005,2.716,0.393,2040.588,2030.302,10.282,14.983,0.253,0.042,0.074,4.192,567.011,1458.220,0.000,0.000,0.000,0.000,1,352,0,0,0,0,299.08,308.56,13.48,4214.47,594,0
0,397,1785735450791,5.057261618,0.090713,0,88,1,1,1,88,0,0,1.000000,2144.197,0.004,2.519,0.407,2128.568,2119.595,8.970,12.366,0.230,0.047,0.061,3.859,588.020,1526.872,0.000,0.000,0.000,0.000,1,352,0,0,0,0,299.08,308.56,13.48,4280.66,594,0
0,398,1785735452797,5.056117204,0.090712,0,84,1,1,1,84,0,0,1.000000,2005.925,0.005,2.431,0.399,1990.438,1979.947,10.487,12.304,0.233,0.053,0.068,4.468,582.505,1392.130,0.000,0.000,0.000,0.000,1,336,0,0,0,0,299.08,308.56,13.48,4270.64,594,0
0,399,1785735454928,5.054840706,0.090712,0,89,1,1,1,89,0,0,1.000000,2131.201,0.004,3.954,0.395,2112.763,2103.642,9.119,13.009,0.224,0.791,0.065,4.209,585.206,1513.370,0.000,0.000,0.000,0.000,1,356,0,0,0,0,299.08,308.56,13.48,4292.00,594,0
0,400,1785735457020,5.053588545,0.090712,0,89,1,1,1,89,0,0,1.000000,2091.594,0.007,2.880,0.401,2074.437,2065.450,8.984,13.526,0.224,0.053,0.073,4.061,578.564,1481.906,0.000,0.000,0.000,0.000,1,356,0,0,0,0,299.08,308.56,13.48,4284.86,594,0
1,1,1785735465034,14.94446511,0.065793,0,94,1,0,1,94,0,0,1.000000,2261.894,0.000,1.689,0.035,2244.752,2235.722,9.028,14.272,0.226,0.811,0.108,6.122,598.452,1629.505,0.000,0.000,0.000,0.000,1,376,0,0,0,0,218.45,324.67,3.36,4162.00,597,0
1,2,1785735467423,11.69783092,0.066782,0,108,1,0,1,108,0,0,1.000000,2388.765,0.007,1.675,0.033,2374.196,2365.341,8.853,12.492,0.233,0.046,0.090,4.814,568.672,1790.681,0.000,0.000,0.000,0.000,1,432,0,0,0,0,227.61,324.67,2.75,4074.53,597,0
1,3,1785735469248,9.538421763,0.067366,0,72,1,0,1,72,0,0,1.000000,1825.366,0.003,1.586,0.033,1810.607,1801.539,9.066,12.802,0.221,0.043,0.075,3.973,564.880,1231.816,0.000,0.000,0.000,0.000,1,288,0,0,0,0,233.02,324.67,12.27,4100.39,597,0
1,4,1785735471288,8.463416082,0.067669,0,83,1,0,1,83,0,0,1.000000,2039.863,0.003,1.634,0.039,2025.283,2016.158,9.122,12.568,0.231,0.043,0.065,3.977,572.097,1439.183,0.000,0.000,0.000,0.000,1,332,0,0,0,0,237.03,324.67,12.25,4072.19,597,0
1,5,1785735473441,7.933463687,0.067866,0,96,1,0,1,96,0,0,1.000000,2153.260,0.004,1.549,0.033,2139.405,2130.867,8.537,11.953,0.214,0.043,0.064,3.994,569.210,1556.795,0.000,0.000,0.000,0.000,1,384,0,0,0,0,237.05,324.67,12.25,4061.95,597,0
1,6,1785735475414,7.64163449,0.068001,0,84,1,0,1,84,0,0,1.000000,1972.897,0.015,1.615,0.031,1958.391,1948.652,9.737,12.505,0.223,0.047,0.084,3.804,537.561,1406.459,0.000,0.000,0.000,0.000,1,336,0,0,0,0,239.02,324.67,12.23,4064.69,597,0
1,7,1785735477768,7.473073161,0.068076,0,102,1,0,1,102,0,0,1.000000,2354.127,0.004,1.635,0.033,2336.870,2327.483,9.383,14.568,0.226,0.565,0.231,4.146,579.480,1742.980,0.000,0.000,0.000,0.000,1,408,0,0,0,0,239.02,324.67,12.23,4014.11,597,0
1,8,1785735479757,7.375122134,0.068112,0,82,1,0,1,82,0,0,1.000000,1987.872,0.004,1.634,0.033,1973.102,1964.139,8.960,12.754,0.229,0.047,0.073,4.455,574.454,1384.121,0.000,0.000,0.000,0.000,1,328,0,0,0,0,239.02,324.67,12.23,3950.73,597,0
1,9,1785735482449,7.311070403,0.068137,0,115,1,0,1,115,0,0,1.000000,2692.338,0.004,1.521,0.033,2675.846,2666.389,9.454,14.112,0.243,0.064,0.519,3.962,617.933,2043.578,0.000,0.000,0.000,0.000,1,460,0,0,0,0,271.86,324.67,38.19,3752.02,597,0
1,10,1785735484933,7.266158106,0.068155,0,111,1,0,1,111,0,0,1.000000,2483.669,0.008,1.714,0.037,2468.930,2459.731,9.196,12.615,0.229,0.037,0.106,4.231,588.134,1866.446,0.000,0.000,0.000,0.000,1,444,0,0,0,0,274.11,324.67,21.30,3714.73,597,0
1,11,1785735487316,7.233728153,0.068162,0,112,1,0,1,112,0,0,1.000000,2382.824,0.005,1.595,0.033,2367.144,2358.190,8.954,12.924,0.233,0.832,0.064,3.876,570.511,1782.956,0.000,0.000,0.000,0.000,1,448,0,0,0,0,276.34,324.67,23.41,3774.38,597,0
1,12,1785735489768,7.208247875,0.068167,0,112,1,0,1,112,0,0,1.000000,2451.634,0.003,1.545,0.031,2434.411,2424.815,9.591,15.296,0.223,0.050,0.077,4.116,570.358,1849.507,0.000,0.000,0.000,0.000,1,448,0,0,0,0,276.34,324.67,23.36,3732.72,597,0
1,13,1785735492277,7.185760131,0.068174,0,112,1,0,1,112,0,0,1.000000,2509.542,0.003,2.638,0.032,2493.995,2485.030,8.963,12.506,0.243,0.046,0.083,4.312,583.361,1896.483,0.000,0.000,0.000,0.000,1,448,0,0,0,0,276.41,324.67,23.30,3737.30,597,0
1,14,1785735494603,7.166786654,0.068177,0,101,1,0,1,101,0,0,1.000000,2325.543,0.004,1.669,0.033,2310.540,2301.671,8.867,12.582,0.222,0.397,0.100,4.207,583.975,1712.612,0.000,0.000,0.000,0.000,1,404,0,0,0,0,276.41,324.67,23.30,3854.73,597,0
1,15,1785735496782,7.15039002,0.068182,0,99,1,0,1,99,0,0,1.000000,2179.040,0.006,1.848,0.033,2159.768,2148.768,10.998,17.050,0.227,0.042,0.072,5.236,565.923,1576.554,0.000,0.000,0.000,0.000,1,396,0,0,0,0,286.44,324.67,23.30,3807.56,597,0
1,16,1785735499061,7.136238049,0.068188,0,99,1,0,1,99,0,0,1.000000,2278.987,0.007,1.619,0.033,2264.214,2254.947,9.263,12.770,0.226,0.047,0.079,4.139,581.429,1668.470,0.000,0.000,0.000,0.000,1,396,0,0,0,0,286.44,324.67,23.30,3738.61,597,0
1,17,1785735501245,7.125088832,0.068191,0,91,1,0,1,91,0,0,1.000000,2184.267,0.006,1.595,0.033,2169.735,2159.831,9.901,12.532,0.240,0.047,0.085,4.196,596.798,1557.951,0.000,0.000,0.000,0.000,1,364,0,0,0,0,309.39,324.67,25.59,3747.38,597,0
1,18,1785735503306,7.115917128,0.068194,0,95,1,0,1,95,0,0,1.000000,2060.608,0.018,1.597,0.032,2045.850,2037.094,8.752,12.806,0.217,0.046,0.059,4.146,563.492,1468.599,0.000,0.000,0.000,0.000,1,380,0,0,0,0,309.39,324.67,25.58,3725.56,597,0
1,19,1785735505487,7.108668741,0.068195,0,94,1,0,1,94,0,0,1.000000,2180.912,0.003,1.562,0.035,2165.414,2155.117,10.293,13.202,0.225,0.399,0.076,3.867,561.573,1588.847,0.000,0.000,0.000,0.000,1,376,0,0,0,0,315.08,324.67,31.36,3735.98,597,0
1,20,1785735507669,7.102693299,0.068197,0,95,1,0,1,95,0,0,1.000000,2182.343,0.005,1.724,0.033,2164.255,2153.743,10.509,15.848,0.222,0.048,0.213,4.104,587.137,1561.641,0.000,0.000,0.000,0.000,1,380,0,0,0,0,315.08,324.67,31.36,3728.78,597,0
1,21,1785735509894,7.097693689,0.068198,0,94,1,0,1,94,0,0,1.000000,2224.484,0.004,1.825,0.032,2206.970,2198.127,8.842,15.269,0.249,0.053,0.086,4.453,589.215,1603.521,0.000,0.000,0.000,0.000,1,376,0,0,0,0,316.80,324.67,32.19,3651.33,597,0
1,22,1785735512037,7.093368743,0.068199,0,96,1,0,1,96,0,0,1.000000,2143.292,0.012,1.673,0.032,2128.010,2119.169,8.839,13.223,0.226,0.046,0.081,4.801,582.586,1530.926,0.000,0.000,0.000,0.000,1,384,0,0,0,0,316.80,324.67,32.17,3547.09,597,0
1,23,1785735514247,7.089687157,0.068200,0,96,1,0,1,96,0,0,1.000000,2209.978,0.003,1.754,0.035,2192.184,2180.979,11.202,15.175,0.365,0.382,0.082,4.063,586.341,1589.684,0.000,0.000,0.000,0.000,1,384,0,0,0,0,316.81,324.67,32.16,3642.83,597,0
1,24,1785735516662,7.08670463,0.068201,0,95,1,0,1,95,0,0,1.000000,2414.335,0.004,1.717,0.032,2397.208,2388.351,8.855,14.991,0.230,0.050,0.106,5.148,607.658,1774.472,0.000,0.000,0.000,0.000,1,380,0,0,0,0,316.81,324.67,34.92,3683.77,597,0
1,25,1785735518961,7.084246443,0.068202,0,93,1,0,1,93,0,0,1.000000,2299.839,0.005,1.644,0.032,2285.345,2274.917,10.426,12.441,0.241,0.063,0.072,4.624,574.304,1695.112,0.000,0.000,0.000,0.000,1,372,0,0,0,0,316.81,324.67,32.12,4749.23,597,0
1,26,1785735520994,7.082310861,0.068202,0,94,1,0,1,94,0,0,1.000000,2033.024,0.009,1.588,0.036,2018.458,2008.675,9.780,12.590,0.223,0.046,0.084,3.935,557.221,1446.618,0.000,0.000,0.000,0.000,1,376,0,0,0,0,316.81,324.67,32.11,4731.05,597,0
1,27,1785735523160,7.08052518,0.068202,0,94,1,0,1,94,0,0,1.000000,2165.454,0.004,1.576,0.033,2150.860,2139.734,11.124,12.629,0.224,0.044,0.087,4.035,575.925,1558.921,0.000,0.000,0.000,0.000,1,376,0,0,0,0,316.81,324.67,32.11,4697.97,597,0
1,28,1785735525310,7.078668513,0.068202,0,94,1,0,1,94,0,0,1.000000,2149.657,0.003,1.636,0.031,2134.365,2123.783,10.579,13.288,0.223,0.048,0.067,4.096,564.372,1554.473,0.000,0.000,0.000,0.000,1,376,0,0,0,0,316.81,324.67,32.11,4681.77,597,0
1,29,1785735527495,7.07672539,0.068203,0,94,1,0,1,94,0,0,1.000000,2185.782,0.004,1.639,0.033,2171.073,2162.173,8.898,12.679,0.237,0.048,0.074,4.308,584.853,1572.144,0.000,0.000,0.000,0.000,1,376,0,0,0,0,316.81,324.67,32.09,4672.69,597,0
1,30,1785735529620,7.075135101,0.068203,0,96,1,0,1,96,0,0,1.000000,2124.131,0.010,1.854,0.032,2107.991,2098.729,9.259,13.884,0.255,0.044,0.071,4.442,573.959,1519.085,0.000,0.000,0.000,0.000,1,384,0,0,0,0,271.45,324.67,21.42,4634.53,597,0
1,31,1785735531862,7.073792073,0.068203,0,94,1,0,1,94,0,0,1.000000,2242.824,0.003,1.680,0.033,2228.252,2219.058,9.191,12.520,0.224,0.048,0.068,4.866,588.586,1624.600,0.000,0.000,0.000,0.000,1,376,0,0,0,0,309.95,324.67,21.42,4546.20,597,0
1,32,1785735534027,7.072505874,0.068203,0,94,1,0,1,94,0,0,1.000000,2164.825,0.004,1.627,0.034,2150.175,2141.325,8.848,12.646,0.227,0.045,0.071,4.286,574.417,1561.750,0.000,0.000,0.000,0.000,1,376,0,0,0,0,309.97,324.67,21.42,4530.44,597,0
1,33,1785735536106,7.071078393,0.068202,0,93,1,0,1,93,0,0,1.000000,2078.422,0.004,1.555,0.031,2064.559,2055.976,8.579,11.930,0.236,0.047,0.063,4.131,589.606,1461.418,0.000,0.000,0.000,0.000,1,372,0,0,0,0,309.97,324.67,21.39,4538.69,597,0
1,34,1785735538261,7.069314218,0.068202,0,94,1,0,1,94,0,0,1.000000,2155.497,0.003,1.565,0.042,2141.015,2130.909,10.104,12.520,0.229,0.048,0.078,3.756,561.911,1564.379,0.000,0.000,0.000,0.000,1,376,0,0,0,0,309.97,324.67,21.39,4514.70,597,0
1,35,1785735540454,7.067064004,0.068202,0,94,1,0,1,94,0,0,1.000000,2192.649,0.008,1.649,0.031,2176.393,2167.319,9.072,13.313,0.231,0.808,0.224,4.184,567.033,1595.220,0.000,0.000,0.000,0.000,1,376,0,0,0,0,269.72,324.67,30.97,3999.75,597,0
1,36,1785735542702,7.064678207,0.068203,0,94,1,0,1,94,0,0,1.000000,2248.125,0.004,1.656,0.033,2233.469,2224.516,8.951,12.601,0.237,0.051,0.078,4.504,568.377,1650.526,0.000,0.000,0.000,0.000,1,376,0,0,0,0,283.66,324.67,23.91,4315.80,597,0
1,37,1785735544710,7.062959515,0.068203,0,91,1,0,1,91,0,0,1.000000,2007.885,0.004,1.672,0.031,1990.739,1981.349,9.387,15.072,0.233,0.058,0.081,3.915,557.744,1418.824,0.000,0.000,0.000,0.000,1,364,0,0,0,0,288.33,324.67,23.94,4233.97,597,0
1,38,1785735547096,7.061358069,0.068203,0,93,1,0,1,93,0,0,1.000000,2385.500,0.004,1.618,0.032,2370.448,2360.815,9.630,12.686,0.228,0.415,0.074,4.071,587.818,1767.934,0.000,0.000,0.000,0.000,1,372,0,0,0,0,288.52,324.67,21.92,4189.77,597,0
1,39,1785735549600,7.059865393,0.068203,0,94,1,0,1,94,0,0,1.000000,2503.713,0.004,1.928,0.034,2488.703,2479.832,8.870,12.702,0.223,0.050,0.074,4.239,591.257,1883.475,0.000,0.000,0.000,0.000,1,376,0,0,0,0,295.86,324.67,27.86,4587.41,597,0
1,40,1785735551601,7.058305611,0.068203,0,94,1,0,1,94,0,0,1.000000,2001.134,0.007,1.541,0.038,1986.800,1977.970,8.828,12.411,0.221,0.044,0.079,4.176,561.403,1411.547,0.000,0.000,0.000,0.000,1,376,0,0,0,0,295.86,324.67,27.86,4661.36,597,0
1,41,1785735553741,7.0569261,0.068203,0,94,1,0,1,94,0,0,1.000000,2140.124,0.006,1.618,0.032,2125.529,2114.467,11.060,12.596,0.243,0.041,0.066,4.171,561.406,1548.053,0.000,0.000,0.000,0.000,1,376,0,0,0,0,295.86,324.67,27.83,4623.94,597,0
1,42,1785735555862,7.055623774,0.068203,0,93,1,0,1,93,0,0,1.000000,2120.784,0.007,1.632,0.039,2105.894,2095.380,10.512,12.878,0.227,0.043,0.071,4.177,564.634,1525.727,0.000,0.000,0.000,0.000,1,372,0,0,0,0,295.92,324.67,27.80,4649.84,597,0
1,43,1785735558086,7.054382664,0.068203,0,94,1,0,1,94,0,0,1.000000,2224.461,0.004,1.650,0.032,2210.186,2201.576,8.610,12.060,0.219,0.252,0.062,4.043,652.199,1544.522,0.000,0.000,0.000,0.000,1,376,0,0,0,0,296.06,324.67,29.86,4559.03,597,0
1,44,1785735560179,7.052961894,0.068202,0,94,1,0,1,94,0,0,1.000000,2092.457,0.003,1.611,0.031,2076.552,2066.147,10.404,13.886,0.241,0.045,0.090,4.029,536.131,1525.161,0.000,0.000,0.000,0.000,1,376,0,0,0,0,296.06,324.67,29.86,4615.66,597,0
1,45,1785735562304,7.051307894,0.068203,0,90,1,0,1,90,0,0,1.000000,2124.790,0.035,1.874,0.032,2108.409,2097.690,10.717,14.114,0.248,0.035,0.079,5.796,566.133,1524.892,0.000,0.000,0.000,0.000,1,360,0,0,0,0,296.13,324.67,29.62,4595.09,597,0
1,46,1785735564480,7.049662604,0.068203,0,95,1,0,1,95,0,0,1.000000,2176.691,0.004,1.595,0.032,2162.160,2151.885,10.273,12.571,0.225,0.038,0.071,4.207,592.217,1554.591,0.000,0.000,0.000,0.000,1,380,0,0,0,0,296.13,324.67,29.72,4649.33,597,0
1,47,1785735566525,7.048375578,0.068203,0,96,1,0,1,96,0,0,1.000000,2044.305,0.004,1.580,0.033,2029.159,2019.693,9.464,13.188,0.226,0.039,0.079,4.002,551.836,1462.984,0.000,0.000,0.000,0.000,1,384,0,0,0,0,296.13,324.67,27.75,4629.81,597,0
1,48,1785735568769,7.047340774,0.068203,0,96,1,0,1,96,0,0,1.000000,2243.853,0.004,1.616,0.033,2225.823,2216.646,9.174,15.538,0.227,0.296,0.320,4.089,561.655,1649.891,0.000,0.000,0.000,0.000,1,384,0,0,0,0,299.81,324.67,27.75,4587.52,597,0
1,49,1785735571086,7.046405012,0.068204,0,95,1,0,1,95,0,0,1.000000,2317.450,0.005,1.568,0.040,2302.813,2294.149,8.664,12.662,0.240,0.053,0.072,4.450,565.208,1723.552,0.000,0.000,0.000,0.000,1,380,0,0,0,0,299.88,324.67,29.89,4324.27,597,0
1,50,1785735573303,7.045576874,0.068204,0,95,1,0,1,95,0,0,1.000000,2216.708,0.006,1.644,0.032,2200.488,2189.515,10.970,13.966,0.240,0.048,0.289,4.005,569.001,1615.627,0.000,0.000,0.000,0.000,1,380,0,0,0,0,299.88,324.67,33.58,4308.56,597,0
1,51,1785735575518,7.044921715,0.068204,0,98,1,0,1,98,0,0,1.000000,2214.638,0.004,1.599,0.033,2200.142,2191.218,8.921,12.514,0.227,0.047,0.076,4.316,580.116,1605.930,0.000,0.000,0.000,0.000,1,392,0,0,0,0,299.88,324.67,33.58,4300.05,597,0
1,52,1785735577616,7.044188498,0.068203,0,96,1,0,1,96,0,0,1.000000,2097.980,0.004,1.800,0.033,2081.260,2071.222,10.036,13.732,0.258,0.811,0.086,3.934,559.139,1507.181,0.000,0.000,0.000,0.000,1,384,0,0,0,0,299.88,324.67,77.89,4229.69,597,0
1,53,1785735579845,7.043364653,0.068203,0,98,1,0,1,98,0,0,1.000000,2228.736,0.004,1.639,0.031,2211.292,2200.736,10.553,14.522,1.122,0.059,0.071,4.721,586.801,1608.301,0.000,0.000,0.000,0.000,1,392,0,0,0,0,299.88,324.67,33.64,4242.91,597,0
1,54,1785735582018,7.042452096,0.068204,0,95,1,0,1,95,0,0,1.000000,2173.770,0.004,1.588,0.038,2159.872,2151.303,8.568,11.937,0.218,0.044,0.073,4.100,581.229,1565.010,0.000,0.000,0.000,0.000,1,380,0,0,0,0,299.89,324.67,33.52,4215.95,597,0
1,55,1785735584131,7.041614139,0.068204,0,95,1,0,1,95,0,0,1.000000,2112.858,0.004,1.536,0.031,2098.305,2089.251,9.051,12.635,0.224,0.043,0.084,3.994,557.948,1526.499,0.000,0.000,0.000,0.000,1,380,0,0,0,0,299.91,324.67,33.52,4210.56,597,0
1,56,1785735586319,7.040896942,0.068204,0,96,1,0,1,96,0,0,1.000000,2187.391,0.004,1.633,0.034,2171.513,2160.874,10.637,13.869,0.224,0.045,0.073,4.140,576.290,1579.567,0.000,0.000,0.000,0.000,1,384,0,0,0,0,299.92,324.67,33.50,4289.00,597,0
1,57,1785735588358,7.04020328,0.068204,0,95,1,0,1,95,0,0,1.000000,2039.250,0.004,1.579,0.032,2024.146,2015.246,8.899,12.382,0.252,0.793,0.066,4.134,583.491,1426.780,0.000,0.000,0.000,0.000,1,380,0,0,0,0,299.92,324.67,33.48,4253.48,597,0
1,58,1785735590556,7.039662285,0.068204,0,96,1,0,1,96,0,0,1.000000,2198.225,0.017,1.805,0.040,2183.289,2173.682,9.604,12.732,0.222,0.050,0.087,5.634,568.247,1598.632,0.000,0.000,0.000,0.000,1,384,0,0,0,0,299.92,324.67,33.47,4265.27,597,0
1,59,1785735593242,7.039185748,0.068204,0,119,1,0,1,119,0,0,1.000000,2685.482,0.006,1.552,0.033,2671.263,2662.668,8.593,12.325,0.214,0.033,0.062,4.926,580.160,2076.711,0.000,0.000,0.000,0.000,1,476,0,0,0,0,299.92,324.67,42.47,3933.89,597,0
1,60,1785735595453,7.038684737,0.068204,1,95,1,0,1,95,0,0,1.000000,2210.517,0.003,2.122,0.032,2193.128,2183.598,9.527,14.788,0.238,0.118,0.092,3.776,551.090,1627.879,0.000,0.000,0.000,0.000,1,380,0,0,0,0,299.92,324.67,40.42,3845.05,597,0
2,1,1785735604418,16.8974124,0.055005,0,118,1,0,1,118,0,0,1.000000,2652.916,0.000,1.571,0.033,2639.042,2630.220,8.820,11.941,0.215,0.045,0.068,6.382,607.659,2015.265,0.000,0.000,0.000,0.000,1,472,0,0,0,0,336.13,324.67,30.09,3697.17,597,0
2,2,1785735606807,13.11963081,0.055915,0,110,1,0,1,110,0,0,1.000000,2388.457,0.003,1.641,0.031,2372.191,2362.793,9.395,14.115,0.234,0.156,0.089,3.866,551.198,1806.905,0.000,0.000,0.000,0.000,1,440,0,0,0,0,335.34,324.67,30.14,3725.92,597,0
2,3,1785735609417,10.87356246,0.056492,0,120,1,0,1,120,0,0,1.000000,2610.455,0.010,1.702,0.044,2595.285,2584.991,10.290,13.073,0.237,0.048,0.067,4.287,570.738,2009.053,0.000,0.000,0.000,0.000,1,480,0,0,0,0,339.53,324.69,28.72,3717.53,597,0
2,4,1785735611872,9.944569863,0.056754,0,118,1,0,1,118,0,0,1.000000,2454.826,0.008,1.612,0.031,2440.212,2431.174,9.036,12.597,0.229,0.034,0.112,3.942,578.580,1847.571,0.000,0.000,0.000,0.000,1,472,0,0,0,0,339.53,324.69,33.02,3762.95,597,0
2,5,1785735614784,9.496329254,0.056883,0,135,1,0,1,135,0,0,1.000000,2911.543,0.003,1.627,0.033,2896.925,2887.273,9.649,12.608,0.228,0.049,0.073,4.438,582.948,2299.021,0.000,0.000,0.000,0.000,1,540,0,0,0,0,339.53,324.69,33.02,3766.88,597,0
2,6,1785735617519,9.246534727,0.056948,0,134,1,0,1,134,0,0,1.000000,2735.029,0.007,1.577,0.031,2719.581,2710.454,9.125,13.367,0.225,0.163,0.085,3.972,566.772,2138.873,0.000,0.000,0.000,0.000,1,536,0,0,0,0,341.50,324.69,34.98,3694.58,597,0
2,7,1785735620239,9.093340792,0.056988,0,126,1,0,1,126,0,0,1.000000,2719.715,0.004,1.713,0.039,2703.915,2693.385,10.527,13.665,0.264,0.052,0.067,3.976,595.866,2092.194,0.000,0.000,0.000,0.000,1,504,0,0,0,0,341.50,324.69,34.98,3722.98,597,0
2,8,1785735622861,8.992517389,0.057018,0,126,1,0,1,126,0,0,1.000000,2621.678,0.004,1.649,0.033,2605.891,2596.264,9.624,13.757,0.227,0.047,0.074,4.446,569.666,2020.365,0.000,0.000,0.000,0.000,1,504,0,0,0,0,341.50,324.69,35.58,3714.28,597,0
2,9,1785735625731,8.926133921,0.057036,0,129,1,0,1,129,0,0,1.000000,2869.845,0.005,2.048,0.033,2854.763,2845.149,9.610,12.661,0.230,0.042,0.070,4.240,573.711,2266.310,0.000,0.000,0.000,0.000,1,516,0,0,0,0,341.52,324.69,35.47,3754.33,597,0
2,10,1785735628563,8.882168986,0.057045,0,135,1,0,1,135,0,0,1.000000,2832.571,0.014,1.611,0.033,2815.263,2805.320,9.939,13.411,1.117,1.064,0.073,4.135,643.267,2157.055,0.000,0.000,0.000,0.000,1,540,0,0,0,0,341.52,324.69,35.41,3779.17,597,0
2,11,1785735631352,8.849330945,0.057054,0,131,1,0,1,131,0,0,1.000000,2789.064,0.005,1.630,0.032,2773.438,2764.463,8.972,13.613,0.223,0.056,0.072,4.225,572.837,2186.542,0.000,0.000,0.000,0.000,1,524,0,0,0,0,341.52,324.69,35.22,3706.64,597,0
2,12,1785735634272,8.823763501,0.057058,0,132,1,0,1,132,0,0,1.000000,2918.560,0.006,1.678,0.034,2903.702,2894.757,8.944,12.740,0.223,0.043,0.140,4.664,618.400,2270.718,0.000,0.000,0.000,0.000,1,528,0,0,0,0,341.52,324.69,35.81,4228.69,597,0
2,13,1785735637002,8.803332126,0.057061,0,128,1,0,1,128,0,0,1.000000,2730.349,0.004,1.665,0.036,2715.263,2706.127,9.132,13.022,0.243,0.043,0.078,4.092,584.494,2116.612,0.000,0.000,0.000,0.000,1,512,0,0,0,0,341.52,324.69,35.80,4251.03,597,0
2,14,1785735639693,8.785319242,0.057062,0,131,1,0,1,131,0,0,1.000000,2690.761,0.004,1.564,0.033,2676.843,2668.118,8.723,11.987,0.214,0.049,0.072,3.997,567.637,2095.615,0.000,0.000,0.000,0.000,1,524,0,0,0,0,341.52,324.69,35.80,4208.98,597,0
2,15,1785735642436,8.767878412,0.057063,0,128,1,0,1,128,0,0,1.000000,2743.274,0.010,1.562,0.031,2727.985,2717.450,10.528,13.352,0.223,0.050,0.071,4.050,564.444,2148.122,0.000,0.000,0.000,0.000,1,512,0,0,0,0,341.55,324.69,35.78,4199.89,597,0
2,16,1785735645423,8.751153709,0.057068,0,139,1,0,1,139,0,0,1.000000,2986.784,0.007,1.537,0.031,2972.919,2964.361,8.558,11.947,0.217,0.068,0.064,4.038,582.793,2376.690,0.000,0.000,0.000,0.000,1,556,0,0,0,0,302.02,324.69,35.19,4186.03,597,0
2,17,1785735648391,8.737654045,0.057070,0,142,1,0,1,142,0,0,1.000000,2967.599,0.006,1.587,0.032,2952.403,2943.156,9.246,12.895,0.239,0.354,0.089,4.076,551.996,2386.249,0.000,0.000,0.000,0.000,1,568,0,0,0,0,321.25,324.69,41.45,4267.67,597,0
2,18,1785735651574,8.72690028,0.057073,0,148,1,0,1,148,0,0,1.000000,3183.336,0.011,1.667,0.032,3166.692,3157.818,8.871,14.599,0.229,0.048,0.070,4.272,585.555,2567.158,0.000,0.000,0.000,0.000,1,592,0,0,0,0,321.27,324.69,42.62,4153.53,597,0
2,19,1785735654445,8.718707348,0.057076,0,131,1,0,1,131,0,0,1.000000,2870.498,0.004,1.721,0.032,2851.330,2841.039,10.289,16.186,0.224,0.762,0.244,4.218,617.203,2218.745,0.000,0.000,0.000,0.000,1,524,0,0,0,0,321.30,324.69,47.41,4058.69,597,0
2,20,1785735657369,8.71312935,0.057076,0,133,1,0,1,133,0,0,1.000000,2924.130,0.004,2.728,0.037,2908.169,2899.262,8.904,12.817,0.228,0.048,0.103,4.262,665.227,2228.739,0.000,0.000,0.000,0.000,1,532,0,0,0,0,321.34,324.69,62.16,4523.91,597,0
2,21,1785735660222,8.708534391,0.057077,0,138,1,0,1,138,0,0,1.000000,2853.096,0.004,1.689,0.032,2838.028,2829.156,8.870,12.986,0.239,0.049,0.073,4.244,573.086,2251.002,0.000,0.000,0.000,0.000,1,552,0,0,0,0,321.34,324.69,62.12,3942.84,597,0
2,22,1785735663201,8.704200272,0.057077,0,140,1,0,1,140,0,0,1.000000,2978.438,0.008,1.651,0.034,2963.374,2954.048,9.323,13.025,0.243,0.046,0.065,4.453,574.249,2374.192,0.000,0.000,0.000,0.000,1,560,0,0,0,0,321.34,324.69,54.72,4212.11,597,0
2,23,1785735666139,8.700277033,0.057077,0,140,1,0,1,140,0,0,1.000000,2938.740,0.003,1.609,0.031,2923.070,2914.034,9.033,12.937,0.230,0.775,0.088,3.940,578.796,2330.447,0.000,0.000,0.000,0.000,1,560,0,0,0,0,321.34,324.69,56.52,4254.08,597,0
2,24,1785735669209,8.696505052,0.057077,0,142,1,0,1,142,0,0,1.000000,3069.242,0.005,1.704,0.035,3054.468,3045.632,8.833,12.688,0.237,0.049,0.062,4.460,630.760,2409.547,0.000,0.000,0.000,0.000,1,568,0,0,0,0,321.34,324.69,56.48,4280.91,597,0
2,25,1785735671868,8.692888628,0.057078,0,126,1,0,1,126,0,0,1.000000,2659.219,0.004,1.592,0.032,2645.182,2636.377,8.802,12.078,0.219,0.053,0.064,4.373,586.397,2044.774,0.000,0.000,0.000,0.000,1,504,0,0,0,0,321.34,324.69,57.89,4295.64,597,0
2,26,1785735674695,8.689640552,0.057078,0,129,1,0,1,129,0,0,1.000000,2827.077,0.010,1.612,0.031,2811.453,2801.578,9.873,13.641,0.226,0.039,0.075,3.759,572.602,2224.380,0.000,0.000,0.000,0.000,1,516,0,0,0,0,321.34,324.69,57.88,4338.92,597,0
2,27,1785735677560,8.686664083,0.057079,0,129,1,0,1,129,0,0,1.000000,2865.209,0.004,1.722,0.033,2849.794,2839.277,10.514,12.982,0.227,0.363,0.087,4.368,625.559,2208.399,0.000,0.000,0.000,0.000,1,516,0,0,0,0,322.06,324.69,58.84,4257.75,597,0
2,28,1785735680348,8.684117076,0.057079,0,129,1,0,1,129,0,0,1.000000,2787.272,0.005,1.766,0.032,2772.395,2761.758,10.634,12.719,0.242,0.049,0.068,5.518,544.252,2211.165,0.000,0.000,0.000,0.000,1,516,0,0,0,0,322.06,324.69,56.77,4376.50,597,0
2,29,1785735683119,8.681720993,0.057079,0,129,1,0,1,129,0,0,1.000000,2771.222,0.004,1.647,0.050,2756.488,2746.677,9.809,12.673,0.240,0.047,0.077,4.142,579.195,2162.449,0.000,0.000,0.000,0.000,1,516,0,0,0,0,322.08,324.69,56.75,4348.89,597,0
2,30,1785735685916,8.679832364,0.057079,0,130,1,0,1,130,0,0,1.000000,2796.521,0.008,1.578,0.032,2781.520,2772.024,9.493,12.822,0.219,0.275,0.076,4.026,584.344,2182.779,0.000,0.000,0.000,0.000,1,520,0,0,0,0,322.08,324.69,56.73,4356.03,597,0
2,31,1785735688782,8.678216481,0.057080,0,132,1,0,1,132,0,0,1.000000,2866.005,0.005,1.698,0.034,2847.780,2838.811,8.967,16.143,0.222,0.054,0.074,4.390,595.148,2238.092,0.000,0.000,0.000,0.000,1,528,0,0,0,0,322.08,324.69,56.73,4349.86,597,0
2,32,1785735691486,8.676838101,0.057080,0,130,1,0,1,130,0,0,1.000000,2703.755,0.004,1.774,0.033,2688.335,2678.598,9.735,13.257,0.233,0.057,0.065,4.340,575.874,2097.501,0.000,0.000,0.000,0.000,1,520,0,0,0,0,322.08,324.69,56.73,4379.92,597,0
2,33,1785735694347,8.675563823,0.057080,0,131,1,0,1,131,0,0,1.000000,2861.279,0.004,1.640,0.032,2846.455,2837.391,9.062,12.786,0.237,0.053,0.076,3.909,628.800,2203.837,0.000,0.000,0.000,0.000,1,524,0,0,0,0,322.08,324.69,56.69,4451.16,597,0
2,34,1785735697146,8.674333288,0.057080,0,129,1,0,1,129,0,0,1.000000,2799.490,0.003,1.605,0.032,2785.367,2776.634,8.731,12.156,0.218,0.049,0.062,4.587,595.166,2176.057,0.000,0.000,0.000,0.000,1,516,0,0,0,0,322.08,324.69,56.64,4425.44,597,0
2,35,1785735699924,8.673109544,0.057080,0,131,1,0,1,131,0,0,1.000000,2777.069,0.004,1.926,0.033,2762.042,2753.187,8.854,12.720,0.225,0.052,0.072,3.783,557.472,2191.097,0.000,0.000,0.000,0.000,1,524,0,0,0,0,322.08,324.69,56.64,4427.42,597,0
2,36,1785735702728,8.672134686,0.057080,0,131,1,0,1,131,0,0,1.000000,2804.773,0.003,1.590,0.032,2789.537,2780.174,9.360,12.487,0.241,0.797,0.090,4.021,588.984,2186.313,0.000,0.000,0.000,0.000,1,524,0,0,0,0,322.08,324.69,56.64,4485.34,597,0
2,37,1785735705507,8.671472955,0.057080,0,131,1,0,1,131,0,0,1.000000,2778.308,0.006,1.723,0.032,2763.225,2753.670,9.552,12.986,0.228,0.042,0.071,4.533,574.782,2172.845,0.000,0.000,0.000,0.000,1,524,0,0,0,0,322.08,324.69,58.61,4417.77,597,0
2,38,1785735708286,8.670896893,0.057080,0,129,1,0,1,129,0,0,1.000000,2779.066,0.003,2.462,0.053,2763.548,2754.400,9.145,12.656,0.226,0.054,0.066,4.858,571.892,2176.795,0.000,0.000,0.000,0.000,1,516,0,0,0,0,322.08,324.69,58.61,4409.98,597,0
2,39,1785735710933,8.670320117,0.057080,0,129,1,0,1,129,0,0,1.000000,2647.050,0.003,2.521,0.033,2631.146,2621.436,9.707,12.651,0.232,0.403,0.065,4.066,574.235,2042.281,0.000,0.000,0.000,0.000,1,516,0,0,0,0,322.08,324.69,58.72,4500.61,597,0
2,40,1785735713663,8.669816558,0.057080,0,129,1,0,1,129,0,0,1.000000,2729.376,0.005,1.766,0.034,2713.481,2704.381,9.097,13.733,0.230,0.056,0.075,4.585,571.117,2127.824,0.000,0.000,0.000,0.000,1,516,0,0,0,0,322.08,324.69,58.72,4459.73,597,0
2,41,1785735716448,8.669370048,0.057080,0,129,1,0,1,129,0,0,1.000000,2785.104,0.004,1.676,0.031,2768.567,2759.119,9.446,14.426,0.260,0.059,0.085,4.424,571.925,2181.940,0.000,0.000,0.000,0.000,1,516,0,0,0,0,322.08,324.69,58.69,4489.33,597,0
2,42,1785735719122,8.668897597,0.057080,1,129,1,0,1,129,0,0,1.000000,2674.191,0.019,1.648,0.034,2658.833,2649.987,8.845,13.333,0.230,0.046,0.067,4.250,548.015,2096.878,0.000,0.000,0.000,0.000,1,516,0,0,0,0,322.08,324.69,56.70,4362.86,597,0
