ISO-10303-21;
HEADER;

/* File generated by Shapr3D Version 26.143.0.11521 */

FILE_DESCRIPTION(('HOOPS Exchange Step'),'2;1');

FILE_NAME('/private/var/mobile/Containers/Data/Application/F774EA9C-B535-4942-AD9E-532FBD181A1A/tmp/export/temp_export',
'2026-08-20T19:32:54-04:00',
('mobile'),
('Shapr3D Limited'),
'HOOPS Exchange 2026.3',
'Shapr3D',
'Authorized');

FILE_SCHEMA( ('AP242_MANAGED_MODEL_BASED_3D_ENGINEERING_MIM_LF {1 0 10303 442 1 1 4}') );

ENDSEC;

DATA;
#3=(NAMED_UNIT(*)PLANE_ANGLE_UNIT()SI_UNIT($,.RADIAN.));
#4=PLANE_ANGLE_MEASURE_WITH_UNIT(PLANE_ANGLE_MEASURE(0.0174532925),#3);
#5=(CONVERSION_BASED_UNIT('DEGREE',#4)NAMED_UNIT(#6)PLANE_ANGLE_UNIT());
#6=DIMENSIONAL_EXPONENTS(0.,0.,0.,0.,0.,0.,0.);
#7=(NAMED_UNIT(*)SI_UNIT($,.STERADIAN.)SOLID_ANGLE_UNIT());
#8=(LENGTH_UNIT()NAMED_UNIT(*)SI_UNIT(.MILLI.,.METRE.));
#9=UNCERTAINTY_MEASURE_WITH_UNIT(LENGTH_MEASURE(1.000000E-05),#8,'DISTANCE_ACCURACY_VALUE','Maximum Tolerance applied to model');
#10=(GEOMETRIC_REPRESENTATION_CONTEXT(3)GLOBAL_UNCERTAINTY_ASSIGNED_CONTEXT((#9))GLOBAL_UNIT_ASSIGNED_CONTEXT((#8,#5,#7))REPRESENTATION_CONTEXT('','root'));
#12=CARTESIAN_POINT('',(0.,0.,0.));
#13=DIRECTION('',(0.,0.,1.));
#14=DIRECTION('',(1.,0.,0.));
#15=AXIS2_PLACEMENT_3D('',#12,#13,#14);
#27=CARTESIAN_POINT('',(210.,-57.909974716,50.));
#28=DIRECTION('',(-0.707106781,0.707106781,0.));
#29=DIRECTION('',(0.,0.,-1.));
#30=AXIS2_PLACEMENT_3D('',#27,#28,#29);
#31=PLANE('',#30);
#32=CARTESIAN_POINT('',(208.7,-59.209974716,99.3));
#33=VERTEX_POINT('',#32);
#34=CARTESIAN_POINT('',(213.,-54.909974716,95.));
#35=VERTEX_POINT('',#34);
#36=CARTESIAN_POINT('',(208.7,-59.209974716,99.3));
#37=DIRECTION('',(0.577350269,0.577350269,-0.577350269));
#38=VECTOR('',#37,7.447818473);
#39=LINE('',#36,#38);
#40=EDGE_CURVE('',#33,#35,#39,.T.);
#41=ORIENTED_EDGE('',*,*,#40,.F.);
#42=CARTESIAN_POINT('',(208.,-59.909974716,99.3));
#43=VERTEX_POINT('',#42);
#44=CARTESIAN_POINT('',(208.7,-59.209974716,99.3));
#45=DIRECTION('',(-0.707106781,-0.707106781,-0.));
#46=VECTOR('',#45,0.989949494);
#47=LINE('',#44,#46);
#48=EDGE_CURVE('',#33,#43,#47,.T.);
#49=ORIENTED_EDGE('',*,*,#48,.T.);
#50=CARTESIAN_POINT('',(208.,-59.909974716,3.));
#51=VERTEX_POINT('',#50);
#52=CARTESIAN_POINT('',(208.,-59.909974716,3.));
#53=DIRECTION('',(0.,0.,1.));
#54=VECTOR('',#53,96.3);
#55=LINE('',#52,#54);
#56=EDGE_CURVE('',#51,#43,#55,.T.);
#57=ORIENTED_EDGE('',*,*,#56,.F.);
#58=CARTESIAN_POINT('',(213.,-54.909974716,3.));
#59=VERTEX_POINT('',#58);
#60=CARTESIAN_POINT('',(208.,-59.909974716,3.));
#61=DIRECTION('',(0.707106781,0.707106781,-0.));
#62=VECTOR('',#61,7.071067812);
#63=LINE('',#60,#62);
#64=EDGE_CURVE('',#51,#59,#63,.T.);
#65=ORIENTED_EDGE('',*,*,#64,.T.);
#66=CARTESIAN_POINT('',(213.,-54.909974716,95.));
#67=DIRECTION('',(-0.,-0.,-1.));
#68=VECTOR('',#67,92.);
#69=LINE('',#66,#68);
#70=EDGE_CURVE('',#35,#59,#69,.T.);
#71=ORIENTED_EDGE('',*,*,#70,.F.);
#72=EDGE_LOOP('',(#41,#49,#57,#65,#71));
#73=FACE_BOUND('',#72,.T.);
#74=ADVANCED_FACE('',(#73),#31,.F.);
#75=CARTESIAN_POINT('',(197.151545244,-170.,99.3));
#76=DIRECTION('',(0.,0.,-1.));
#77=DIRECTION('',(-1.,0.,0.));
#78=AXIS2_PLACEMENT_3D('',#75,#76,#77);
#79=PLANE('',#78);
#80=ORIENTED_EDGE('',*,*,#48,.F.);
#81=CARTESIAN_POINT('',(208.69985927,-39.801692299,99.300179571));
#82=VERTEX_POINT('',#81);
#83=CARTESIAN_POINT('',(208.7,-59.209974716,99.3));
#84=DIRECTION('',(0.,1.,0.));
#85=VECTOR('',#84,19.408282416);
#86=LINE('',#83,#85);
#87=EDGE_CURVE('',#33,#82,#86,.T.);
#88=ORIENTED_EDGE('',*,*,#87,.T.);
#89=CARTESIAN_POINT('',(207.547976107,-38.835576621,99.3));
#90=VERTEX_POINT('',#89);
#91=CARTESIAN_POINT('',(208.699611468,-39.801987606,99.3));
#92=CARTESIAN_POINT('',(208.315717976,-39.479868533,99.3));
#93=CARTESIAN_POINT('',(207.931839517,-39.157731545,99.3));
#94=CARTESIAN_POINT('',(207.547976107,-38.835576621,99.3));
#95=B_SPLINE_CURVE_WITH_KNOTS('',3,(#91,#92,#93,#94),.UNSPECIFIED.,.F.,.F.,(4,4),(0.000616272,0.002119673),.UNSPECIFIED.);
#96=EDGE_CURVE('',#82,#90,#95,.T.);
#97=ORIENTED_EDGE('',*,*,#96,.T.);
#98=CARTESIAN_POINT('',(195.411433856,-41.013170293,99.3));
#99=VERTEX_POINT('',#98);
#100=CARTESIAN_POINT('',(207.547976107,-38.835576621,99.3));
#101=CARTESIAN_POINT('',(205.526102747,-39.203483988,99.3));
#102=CARTESIAN_POINT('',(203.504229063,-39.571389577,99.3));
#103=CARTESIAN_POINT('',(201.482355056,-39.939293386,99.3));
#104=CARTESIAN_POINT('',(200.471418052,-40.12324529,99.3));
#105=CARTESIAN_POINT('',(199.460459923,-40.307105256,99.3));
#106=CARTESIAN_POINT('',(198.448690377,-40.486395536,99.3));
#107=CARTESIAN_POINT('',(197.436920831,-40.665685816,99.3));
#108=CARTESIAN_POINT('',(196.42453064,-40.841439351,99.3));
#109=CARTESIAN_POINT('',(195.411433856,-41.013170293,99.3));
#110=B_SPLINE_CURVE_WITH_KNOTS('',3,(#100,#101,#102,#103,#104,#105,#106,#107,#108,#109),.UNSPECIFIED.,.F.,.F.,(4,3,3,4),(0.00668332,0.012848541,0.015931151,0.019013762),.UNSPECIFIED.);
#111=EDGE_CURVE('',#90,#99,#110,.T.);
#112=ORIENTED_EDGE('',*,*,#111,.T.);
#113=CARTESIAN_POINT('',(195.411437158,-49.255357397,99.3));
#114=VERTEX_POINT('',#113);
#115=CARTESIAN_POINT('',(195.411437158,-41.013170293,99.3));
#116=DIRECTION('',(-0.,-1.,-0.));
#117=VECTOR('',#116,8.242187104);
#118=LINE('',#115,#117);
#119=EDGE_CURVE('',#99,#114,#118,.T.);
#120=ORIENTED_EDGE('',*,*,#119,.T.);
#121=CARTESIAN_POINT('',(206.361227559,-59.909974716,99.3));
#122=VERTEX_POINT('',#121);
#123=CARTESIAN_POINT('',(206.361227559,-59.909974716,99.3));
#124=CARTESIAN_POINT('',(202.71681376,-56.352794536,99.3));
#125=CARTESIAN_POINT('',(199.067573073,-52.800518545,99.3));
#126=CARTESIAN_POINT('',(195.411437158,-49.255357397,99.3));
#127=B_SPLINE_CURVE_WITH_KNOTS('',3,(#123,#124,#125,#126),.UNSPECIFIED.,.F.,.F.,(4,4),(-0.004172743,0.011105315),.UNSPECIFIED.);
#128=EDGE_CURVE('',#122,#114,#127,.T.);
#129=ORIENTED_EDGE('',*,*,#128,.F.);
#130=CARTESIAN_POINT('',(208.,-59.909974716,99.3));
#131=DIRECTION('',(-1.,0.,0.));
#132=VECTOR('',#131,1.638772441);
#133=LINE('',#130,#132);
#134=EDGE_CURVE('',#43,#122,#133,.T.);
#135=ORIENTED_EDGE('',*,*,#134,.F.);
#136=EDGE_LOOP('',(#80,#88,#97,#112,#120,#129,#135));
#137=FACE_BOUND('',#136,.T.);
#138=ADVANCED_FACE('',(#137),#79,.F.);
#139=CARTESIAN_POINT('',(40.999358413,-36.398004203,17.724340961));
#140=CARTESIAN_POINT('',(43.569613389,-36.784740984,21.426036927));
#141=CARTESIAN_POINT('',(43.769098302,-36.814756609,21.713344212));
#142=CARTESIAN_POINT('',(43.769175686,-36.814768252,21.713455664));
#143=CARTESIAN_POINT('',(63.714678076,-39.815645659,50.446167845));
#144=CARTESIAN_POINT('',(63.9160955,-39.845945661,50.736393203));
#145=CARTESIAN_POINT('',(64.255354012,-39.896981356,51.225239444));
#146=CARTESIAN_POINT('',(64.347365855,-39.910822901,51.357822678));
#147=CARTESIAN_POINT('',(47.148486071,-36.397496408,18.054532907));
#148=CARTESIAN_POINT('',(49.415153525,-36.784246041,21.44562536));
#149=CARTESIAN_POINT('',(49.59107555,-36.814262678,21.708825373));
#150=CARTESIAN_POINT('',(49.591143794,-36.814274322,21.708927474));
#151=CARTESIAN_POINT('',(67.18024096,-39.815258101,48.030939331));
#152=CARTESIAN_POINT('',(67.357857071,-39.845559159,48.296816813));
#153=CARTESIAN_POINT('',(67.657025433,-39.896596628,48.744652397));
#154=CARTESIAN_POINT('',(67.738164166,-39.910438652,48.866112893));
#155=CARTESIAN_POINT('',(53.219228522,-36.396896585,18.350758827));
#156=CARTESIAN_POINT('',(55.214362004,-36.783656249,21.462366135));
#157=CARTESIAN_POINT('',(55.369208912,-36.813673704,21.703874114));
#158=CARTESIAN_POINT('',(55.36926898,-36.813685348,21.7039678));
#159=CARTESIAN_POINT('',(70.850688397,-39.814773605,45.856816238));
#160=CARTESIAN_POINT('',(71.007014661,-39.84507587,46.100785626));
#161=CARTESIAN_POINT('',(71.270323055,-39.896115371,46.511720051));
#162=CARTESIAN_POINT('',(71.341735958,-39.909957946,46.623172374));
#163=CARTESIAN_POINT('',(59.230629716,-36.396195456,18.607760012));
#164=CARTESIAN_POINT('',(60.979542768,-36.782960443,21.475894052));
#165=CARTESIAN_POINT('',(61.115279226,-36.812978378,21.69850502));
#166=CARTESIAN_POINT('',(61.115331881,-36.812990022,21.698591376));
#167=CARTESIAN_POINT('',(74.685503142,-39.81417051,43.961774064));
#168=CARTESIAN_POINT('',(74.822522922,-39.84447409,44.186658349));
#169=CARTESIAN_POINT('',(75.053312015,-39.89551582,44.565446567));
#170=CARTESIAN_POINT('',(75.115905118,-39.909359003,44.66818034));
#171=CARTESIAN_POINT('',(65.241983966,-36.395388506,18.864433869));
#172=CARTESIAN_POINT('',(66.744720192,-36.782151976,21.489057369));
#173=CARTESIAN_POINT('',(66.861349586,-36.812169885,21.692768391));
#174=CARTESIAN_POINT('',(66.861394829,-36.812181529,21.692847415));
#175=CARTESIAN_POINT('',(78.520640558,-39.813427015,42.066044453));
#176=CARTESIAN_POINT('',(78.638356731,-39.843731918,42.27184019));
#177=CARTESIAN_POINT('',(78.836631335,-39.894775903,42.618476392));
#178=CARTESIAN_POINT('',(78.890405935,-39.908619705,42.712490037));
#179=CARTESIAN_POINT('',(71.193978059,-36.394479619,19.082032028));
#180=CARTESIAN_POINT('',(72.475868473,-36.781232557,21.499151218));
#181=CARTESIAN_POINT('',(72.575356898,-36.81124976,21.68675682));
#182=CARTESIAN_POINT('',(72.575395491,-36.811261404,21.686829596));
#183=CARTESIAN_POINT('',(82.520343073,-39.812525454,40.44943675));
#184=CARTESIAN_POINT('',(82.620741587,-39.842831516,40.638965263));
#185=CARTESIAN_POINT('',(82.78984675,-39.893877496,40.958201557));
#186=CARTESIAN_POINT('',(82.835710074,-39.907721852,41.044783915));
#187=CARTESIAN_POINT('',(77.106879744,-36.393486542,19.256607949));
#188=CARTESIAN_POINT('',(78.185379696,-36.780218102,21.506033755));
#189=CARTESIAN_POINT('',(78.269082044,-36.810233764,21.680623727));
#190=CARTESIAN_POINT('',(78.269114514,-36.810245408,21.680691454));
#191=CARTESIAN_POINT('',(86.635328812,-39.811460296,39.141596739));
#192=CARTESIAN_POINT('',(86.719779589,-39.841767117,39.317976752));
#193=CARTESIAN_POINT('',(86.862022783,-39.89281444,39.615066151));
#194=CARTESIAN_POINT('',(86.900600661,-39.906659178,39.695641906));
#195=CARTESIAN_POINT('',(83.019706353,-36.392445692,19.431317274));
#196=CARTESIAN_POINT('',(83.894885342,-36.779144734,21.513021166));
#197=CARTESIAN_POINT('',(83.962807189,-36.809157982,21.674593169));
#198=CARTESIAN_POINT('',(83.962833537,-36.809169625,21.674655847));
#199=CARTESIAN_POINT('',(90.751018963,-39.810251289,37.833511127));
#200=CARTESIAN_POINT('',(90.819530792,-39.840558195,37.996737666));
#201=CARTESIAN_POINT('',(90.934926902,-39.891605744,38.271671706));
#202=CARTESIAN_POINT('',(90.966223394,-39.905450566,38.346238541));
#203=CARTESIAN_POINT('',(88.89343001,-36.391414424,19.563485418));
#204=CARTESIAN_POINT('',(89.58275304,-36.778071865,21.517303555));
#205=CARTESIAN_POINT('',(89.636250168,-36.808081967,21.668949334));
#206=CARTESIAN_POINT('',(89.636270921,-36.808093609,21.66900816));
#207=CARTESIAN_POINT('',(94.982227638,-39.808956794,36.834872509));
#208=CARTESIAN_POINT('',(95.036174902,-39.839262917,36.988065497));
#209=CARTESIAN_POINT('',(95.127039046,-39.890309237,37.246099171));
#210=CARTESIAN_POINT('',(95.151682093,-39.904153751,37.316082294));
#211=CARTESIAN_POINT('',(94.747325368,-36.390470835,19.650817589));
#212=CARTESIAN_POINT('',(95.259781656,-36.777082414,21.519028262));
#213=CARTESIAN_POINT('',(95.299552057,-36.807089004,21.664029155));
#214=CARTESIAN_POINT('',(95.299567484,-36.807100644,21.664085404));
#215=CARTESIAN_POINT('',(99.273384148,-39.807684127,36.165014304));
#216=CARTESIAN_POINT('',(99.313478646,-39.837988646,36.311485901));
#217=CARTESIAN_POINT('',(99.381009985,-39.889032349,36.558198005));
#218=CARTESIAN_POINT('',(99.399324885,-39.902876179,36.625110452));
#219=CARTESIAN_POINT('',(100.601151879,-36.389705362,19.739186211));
#220=CARTESIAN_POINT('',(100.93680503,-36.776274562,21.521829142));
#221=CARTESIAN_POINT('',(100.962853943,-36.806277878,21.660188259));
#222=CARTESIAN_POINT('',(100.962864048,-36.806289517,21.660241932));
#223=CARTESIAN_POINT('',(103.565375855,-39.806587377,35.496552255));
#224=CARTESIAN_POINT('',(103.591630438,-39.836889877,35.6363055));
#225=CARTESIAN_POINT('',(103.635850894,-39.887930248,35.871701132));
#226=CARTESIAN_POINT('',(103.647843672,-39.901773193,35.935544279));
#227=CARTESIAN_POINT('',(106.435178273,-36.389203497,19.7833219));
#228=CARTESIAN_POINT('',(106.6029914,-36.775742542,21.522732509));
#229=CARTESIAN_POINT('',(106.61601474,-36.805743514,21.657735824));
#230=CARTESIAN_POINT('',(106.616019792,-36.805755152,21.657788195));
#231=CARTESIAN_POINT('',(107.917084024,-39.805836406,35.158189833));
#232=CARTESIAN_POINT('',(107.930208177,-39.836137196,35.294546053));
#233=CARTESIAN_POINT('',(107.952313038,-39.88717473,35.524219602));
#234=CARTESIAN_POINT('',(107.958307948,-39.901016918,35.586510756));
#235=CARTESIAN_POINT('',(112.269175536,-36.389028233,19.782528617));
#236=CARTESIAN_POINT('',(112.269175536,-36.775556308,21.521891028));
#237=CARTESIAN_POINT('',(112.269175536,-36.805556424,21.656890471));
#238=CARTESIAN_POINT('',(112.269175536,-36.805568062,21.65694284));
#239=CARTESIAN_POINT('',(112.269175536,-39.805568062,35.156834779));
#240=CARTESIAN_POINT('',(112.269175536,-39.835868179,35.293184217));
#241=CARTESIAN_POINT('',(112.269175536,-39.886904594,35.522846246));
#242=CARTESIAN_POINT('',(112.269175536,-39.900746483,35.585134248));
#243=CARTESIAN_POINT('',(118.1031728,-36.389203497,19.783321899));
#244=CARTESIAN_POINT('',(117.935359672,-36.775742542,21.522732509));
#245=CARTESIAN_POINT('',(117.922336332,-36.805743514,21.657735824));
#246=CARTESIAN_POINT('',(117.92233128,-36.805755152,21.657788195));
#247=CARTESIAN_POINT('',(116.621267048,-39.805836406,35.158189833));
#248=CARTESIAN_POINT('',(116.608142896,-39.836137196,35.294546053));
#249=CARTESIAN_POINT('',(116.586038034,-39.88717473,35.524219602));
#250=CARTESIAN_POINT('',(116.580043124,-39.901016918,35.586510756));
#251=CARTESIAN_POINT('',(123.937199193,-36.389705362,19.739186208));
#252=CARTESIAN_POINT('',(123.601546042,-36.776274562,21.521829142));
#253=CARTESIAN_POINT('',(123.575497129,-36.806277878,21.660188259));
#254=CARTESIAN_POINT('',(123.575487024,-36.806289517,21.660241932));
#255=CARTESIAN_POINT('',(120.972975217,-39.806587377,35.496552255));
#256=CARTESIAN_POINT('',(120.946720635,-39.836889877,35.6363055));
#257=CARTESIAN_POINT('',(120.902500178,-39.887930248,35.871701132));
#258=CARTESIAN_POINT('',(120.8905074,-39.901773193,35.935544279));
#259=CARTESIAN_POINT('',(129.791025705,-36.390470835,19.650817587));
#260=CARTESIAN_POINT('',(129.278569416,-36.777082414,21.519028262));
#261=CARTESIAN_POINT('',(129.238799016,-36.807089004,21.664029155));
#262=CARTESIAN_POINT('',(129.238783588,-36.807100644,21.664085404));
#263=CARTESIAN_POINT('',(125.264966924,-39.807684127,36.165014304));
#264=CARTESIAN_POINT('',(125.224872426,-39.837988646,36.311485901));
#265=CARTESIAN_POINT('',(125.157341087,-39.889032349,36.558198005));
#266=CARTESIAN_POINT('',(125.139026188,-39.902876179,36.625110452));
#267=CARTESIAN_POINT('',(135.644921064,-36.391414424,19.563485416));
#268=CARTESIAN_POINT('',(134.955598032,-36.778071865,21.517303555));
#269=CARTESIAN_POINT('',(134.902100904,-36.808081967,21.668949334));
#270=CARTESIAN_POINT('',(134.902080152,-36.808093609,21.66900816));
#271=CARTESIAN_POINT('',(129.556123434,-39.808956794,36.834872509));
#272=CARTESIAN_POINT('',(129.50217617,-39.839262917,36.988065497));
#273=CARTESIAN_POINT('',(129.411312026,-39.890309237,37.246099171));
#274=CARTESIAN_POINT('',(129.386668979,-39.904153751,37.316082294));
#275=CARTESIAN_POINT('',(141.518644721,-36.392445692,19.431317273));
#276=CARTESIAN_POINT('',(140.643465731,-36.779144734,21.513021166));
#277=CARTESIAN_POINT('',(140.575543883,-36.809157982,21.674593169));
#278=CARTESIAN_POINT('',(140.575517535,-36.809169625,21.674655847));
#279=CARTESIAN_POINT('',(133.787332109,-39.810251289,37.833511127));
#280=CARTESIAN_POINT('',(133.718820281,-39.840558195,37.996737666));
#281=CARTESIAN_POINT('',(133.60342417,-39.891605744,38.271671706));
#282=CARTESIAN_POINT('',(133.572127678,-39.905450566,38.346238541));
#283=CARTESIAN_POINT('',(147.43147133,-36.393486542,19.256607948));
#284=CARTESIAN_POINT('',(146.352971377,-36.780218102,21.506033755));
#285=CARTESIAN_POINT('',(146.269269028,-36.810233764,21.680623727));
#286=CARTESIAN_POINT('',(146.269236558,-36.810245408,21.680691454));
#287=CARTESIAN_POINT('',(137.90302226,-39.811460296,39.141596739));
#288=CARTESIAN_POINT('',(137.818571483,-39.841767117,39.317976752));
#289=CARTESIAN_POINT('',(137.676328289,-39.89281444,39.615066151));
#290=CARTESIAN_POINT('',(137.637750411,-39.906659178,39.695641906));
#291=CARTESIAN_POINT('',(153.344373015,-36.394479619,19.082032028));
#292=CARTESIAN_POINT('',(152.062482599,-36.781232557,21.499151218));
#293=CARTESIAN_POINT('',(151.962994174,-36.81124976,21.68675682));
#294=CARTESIAN_POINT('',(151.962955581,-36.811261404,21.686829596));
#295=CARTESIAN_POINT('',(142.018007999,-39.812525454,40.44943675));
#296=CARTESIAN_POINT('',(141.917609485,-39.842831516,40.638965263));
#297=CARTESIAN_POINT('',(141.748504322,-39.893877496,40.958201557));
#298=CARTESIAN_POINT('',(141.702640998,-39.907721852,41.044783915));
#299=CARTESIAN_POINT('',(159.296367108,-36.395388506,18.864433869));
#300=CARTESIAN_POINT('',(157.79363088,-36.782151976,21.489057369));
#301=CARTESIAN_POINT('',(157.677001486,-36.812169885,21.692768391));
#302=CARTESIAN_POINT('',(157.676956243,-36.812181529,21.692847415));
#303=CARTESIAN_POINT('',(146.017710514,-39.813427015,42.066044453));
#304=CARTESIAN_POINT('',(145.899994342,-39.843731918,42.27184019));
#305=CARTESIAN_POINT('',(145.701719737,-39.894775903,42.618476392));
#306=CARTESIAN_POINT('',(145.647945137,-39.908619705,42.712490037));
#307=CARTESIAN_POINT('',(165.307721358,-36.396195456,18.607760012));
#308=CARTESIAN_POINT('',(163.558808304,-36.782960443,21.475894052));
#309=CARTESIAN_POINT('',(163.423071846,-36.812978378,21.69850502));
#310=CARTESIAN_POINT('',(163.423019191,-36.812990022,21.698591376));
#311=CARTESIAN_POINT('',(149.85284793,-39.81417051,43.961774064));
#312=CARTESIAN_POINT('',(149.71582815,-39.84447409,44.186658349));
#313=CARTESIAN_POINT('',(149.485039057,-39.89551582,44.565446567));
#314=CARTESIAN_POINT('',(149.422445954,-39.909359003,44.66818034));
#315=CARTESIAN_POINT('',(171.3191226,-36.396896585,18.350758825));
#316=CARTESIAN_POINT('',(169.323989115,-36.783656249,21.462366135));
#317=CARTESIAN_POINT('',(169.169142207,-36.813673704,21.703874114));
#318=CARTESIAN_POINT('',(169.169082139,-36.813685348,21.7039678));
#319=CARTESIAN_POINT('',(153.687662706,-39.814773605,45.856816253));
#320=CARTESIAN_POINT('',(153.531336442,-39.84507587,46.100785641));
#321=CARTESIAN_POINT('',(153.268028047,-39.896115371,46.511720066));
#322=CARTESIAN_POINT('',(153.196615145,-39.909957946,46.62317239));
#323=CARTESIAN_POINT('',(177.3898651,-36.397496408,18.054532902));
#324=CARTESIAN_POINT('',(175.123197641,-36.784246041,21.44562536));
#325=CARTESIAN_POINT('',(174.947275615,-36.814262678,21.708825373));
#326=CARTESIAN_POINT('',(174.947207372,-36.814274322,21.708927474));
#327=CARTESIAN_POINT('',(157.358110171,-39.815258101,48.030939366));
#328=CARTESIAN_POINT('',(157.180494061,-39.845559159,48.296816849));
#329=CARTESIAN_POINT('',(156.881325697,-39.896596628,48.744652434));
#330=CARTESIAN_POINT('',(156.800186964,-39.910438652,48.866112929));
#331=CARTESIAN_POINT('',(183.53899281,-36.398004203,17.72434095));
#332=CARTESIAN_POINT('',(180.968737825,-36.784740984,21.426036926));
#333=CARTESIAN_POINT('',(180.769252911,-36.814756609,21.713344212));
#334=CARTESIAN_POINT('',(180.769175527,-36.814768252,21.713455665));
#335=CARTESIAN_POINT('',(160.82367308,-39.815645659,50.446167903));
#336=CARTESIAN_POINT('',(160.622255655,-39.845945661,50.736393262));
#337=CARTESIAN_POINT('',(160.282997143,-39.896981356,51.225239504));
#338=CARTESIAN_POINT('',(160.190985299,-39.910822901,51.357822738));
#339=CARTESIAN_POINT('',(185.496374566,-36.398401761,17.621714161));
#340=CARTESIAN_POINT('',(182.829149555,-36.785075095,21.421751936));
#341=CARTESIAN_POINT('',(182.622139039,-36.815086127,21.71669242));
#342=CARTESIAN_POINT('',(182.622058735,-36.815097769,21.716806834));
#343=CARTESIAN_POINT('',(161.924808301,-39.81574776,51.213408948));
#344=CARTESIAN_POINT('',(161.715810578,-39.846047539,51.511358437));
#345=CARTESIAN_POINT('',(161.363784893,-39.897082921,52.013215498));
#346=CARTESIAN_POINT('',(161.268310619,-39.910924398,52.149327637));
#347=CARTESIAN_POINT('',(187.503599846,-36.398705318,17.713412074));
#348=CARTESIAN_POINT('',(184.728678372,-36.785335313,21.590534142));
#349=CARTESIAN_POINT('',(184.513309179,-36.815343159,21.891457591));
#350=CARTESIAN_POINT('',(184.513225633,-36.8153548,21.891574326));
#351=CARTESIAN_POINT('',(162.980472018,-39.815835732,51.986763741));
#352=CARTESIAN_POINT('',(162.763043264,-39.846135391,52.290764861));
#353=CARTESIAN_POINT('',(162.396817259,-39.897170635,52.802815529));
#354=CARTESIAN_POINT('',(162.297491806,-39.911012091,52.94169247));
#355=CARTESIAN_POINT('',(189.512987234,-36.398941498,18.01789852));
#356=CARTESIAN_POINT('',(186.626043458,-36.785541052,21.949080974));
#357=CARTESIAN_POINT('',(186.401979533,-36.815546632,22.254200204));
#358=CARTESIAN_POINT('',(186.401892614,-36.815558271,22.254318566));
#359=CARTESIAN_POINT('',(163.999723752,-39.815911324,52.769182444));
#360=CARTESIAN_POINT('',(163.773517559,-39.846210943,53.077425754));
#361=CARTESIAN_POINT('',(163.392507555,-39.897246179,53.596622151));
#362=CARTESIAN_POINT('',(163.289172561,-39.91108765,53.737437225));
#363=CARTESIAN_POINT('',(191.522114064,-36.399126389,18.322107685));
#364=CARTESIAN_POINT('',(188.52320849,-36.785704323,22.307387589));
#365=CARTESIAN_POINT('',(188.290454356,-36.815708275,22.616705357));
#366=CARTESIAN_POINT('',(188.290364066,-36.815719915,22.616825348));
#367=CARTESIAN_POINT('',(165.019014868,-39.815975946,53.551493729));
#368=CARTESIAN_POINT('',(164.784030304,-39.846275581,53.86397839));
#369=CARTESIAN_POINT('',(164.388234527,-39.897310905,54.390318972));
#370=CARTESIAN_POINT('',(164.280889455,-39.911152417,54.533071725));
#371=CARTESIAN_POINT('',(193.533510463,-36.399271684,18.839228046));
#372=CARTESIAN_POINT('',(190.418284679,-36.785834109,22.85555844));
#373=CARTESIAN_POINT('',(190.176501968,-36.815836882,23.167285898));
#374=CARTESIAN_POINT('',(190.176408176,-36.815848521,23.167406824));
#375=CARTESIAN_POINT('',(166.001889078,-39.816030761,54.342883321));
#376=CARTESIAN_POINT('',(165.757780075,-39.846330453,54.657799506));
#377=CARTESIAN_POINT('',(165.34661542,-39.897365929,55.188235732));
#378=CARTESIAN_POINT('',(165.235102063,-39.911207498,55.332099311));
#379=CARTESIAN_POINT('',(195.490387815,-36.399386418,19.572487887));
#380=CARTESIAN_POINT('',(192.261927667,-36.785937518,23.596787036));
#381=CARTESIAN_POINT('',(192.011355841,-36.815939423,23.909132663));
#382=CARTESIAN_POINT('',(192.011258639,-36.815951061,23.909253829));
#383=CARTESIAN_POINT('',(166.957408153,-39.816076674,55.14629664));
#384=CARTESIAN_POINT('',(166.704413224,-39.846376447,55.461832233));
#385=CARTESIAN_POINT('',(166.278281245,-39.897412113,55.9933117));
#386=CARTESIAN_POINT('',(166.162708459,-39.911253749,56.137458204));
#387=CARTESIAN_POINT('',(197.447138643,-36.399475862,20.305612945));
#388=CARTESIAN_POINT('',(194.105471147,-36.786018748,24.33789464));
#389=CARTESIAN_POINT('',(193.84611229,-36.816020019,24.650859477));
#390=CARTESIAN_POINT('',(193.846011679,-36.816031657,24.650980883));
#391=CARTESIAN_POINT('',(167.912970637,-39.81611437,55.949624495));
#392=CARTESIAN_POINT('',(167.65108949,-39.846414231,56.265778311));
#393=CARTESIAN_POINT('',(167.209989536,-39.897450094,56.798298888));
#394=CARTESIAN_POINT('',(167.090357097,-39.911291798,56.942727702));
#395=CARTESIAN_POINT('',(199.349411868,-36.399544174,21.254927078));
#396=CARTESIAN_POINT('',(195.897611329,-36.786081185,25.272101919));
#397=CARTESIAN_POINT('',(195.629704058,-36.816082,25.583893879));
#398=CARTESIAN_POINT('',(195.629600131,-36.816093638,25.58401483));
#399=CARTESIAN_POINT('',(168.841192648,-39.816144471,56.764997679));
#400=CARTESIAN_POINT('',(168.570664689,-39.846444414,57.079957865));
#401=CARTESIAN_POINT('',(168.114999878,-39.897480458,57.610467612));
#402=CARTESIAN_POINT('',(167.99141708,-39.911322223,57.754350965));
#403=CARTESIAN_POINT('',(201.139096772,-36.399594821,22.404188484));
#404=CARTESIAN_POINT('',(197.587315123,-36.786127687,26.385363596));
#405=CARTESIAN_POINT('',(197.311647383,-36.816128179,26.694361075));
#406=CARTESIAN_POINT('',(197.311540446,-36.816139816,26.694480942));
#407=CARTESIAN_POINT('',(169.746536008,-39.816167442,57.59559346));
#408=CARTESIAN_POINT('',(169.468155888,-39.846467457,57.907720487));
#409=CARTESIAN_POINT('',(168.999264599,-39.897503655,58.433457722));
#410=CARTESIAN_POINT('',(168.872094401,-39.911345472,58.576046567));
#411=CARTESIAN_POINT('',(202.928729005,-36.399629583,23.553392725));
#412=CARTESIAN_POINT('',(199.276978622,-36.786159714,27.498571592));
#413=CARTESIAN_POINT('',(198.99355139,-36.816159992,27.804774845));
#414=CARTESIAN_POINT('',(198.993441443,-36.81617163,27.804893627));
#415=CARTESIAN_POINT('',(170.65193011,-39.816183597,58.426121302));
#416=CARTESIAN_POINT('',(170.365698199,-39.846483668,58.735414023));
#417=CARTESIAN_POINT('',(169.883580983,-39.897519983,59.256376717));
#418=CARTESIAN_POINT('',(169.752823514,-39.911361839,59.397670474));
#419=CARTESIAN_POINT('',(204.605792515,-36.399649865,24.902567631));
#420=CARTESIAN_POINT('',(200.864219612,-36.786178448,28.790853218));
#421=CARTESIAN_POINT('',(200.5738204,-36.816178605,29.092640322));
#422=CARTESIAN_POINT('',(200.573707748,-36.816190242,29.092757392));
#423=CARTESIAN_POINT('',(171.534446269,-39.816193214,59.271877267));
#424=CARTESIAN_POINT('',(171.241157827,-39.84649332,59.576696454));
#425=CARTESIAN_POINT('',(170.747154155,-39.897529709,60.090123472));
#426=CARTESIAN_POINT('',(170.61317269,-39.911371589,60.229373256));
#427=CARTESIAN_POINT('',(206.118903721,-36.399656593,26.415680711));
#428=CARTESIAN_POINT('',(202.303972553,-36.786184668,30.230611879));
#429=CARTESIAN_POINT('',(202.007879238,-36.816184784,30.526705195));
#430=CARTESIAN_POINT('',(202.007764377,-36.816196422,30.526820055));
#431=CARTESIAN_POINT('',(172.398547676,-39.816196422,60.136036757));
#432=CARTESIAN_POINT('',(172.099493427,-39.846496539,60.435091006));
#433=CARTESIAN_POINT('',(171.595777337,-39.897532954,60.938807095));
#434=CARTESIAN_POINT('',(171.459161507,-39.911374843,61.075422926));
#435=CARTESIAN_POINT('',(207.632016801,-36.399649865,27.928791917));
#436=CARTESIAN_POINT('',(203.743731214,-36.786178448,31.67036482));
#437=CARTESIAN_POINT('',(203.44194411,-36.816178605,31.960764032));
#438=CARTESIAN_POINT('',(203.441827041,-36.816190242,31.960876684));
#439=CARTESIAN_POINT('',(173.262707165,-39.816193214,61.000138163));
#440=CARTESIAN_POINT('',(172.957887978,-39.84649332,61.293426606));
#441=CARTESIAN_POINT('',(172.44446096,-39.897529709,61.787430277));
#442=CARTESIAN_POINT('',(172.305211176,-39.911371589,61.921411742));
#443=CARTESIAN_POINT('',(208.981191707,-36.399629583,29.605855427));
#444=CARTESIAN_POINT('',(205.03601284,-36.786159714,33.25760581));
#445=CARTESIAN_POINT('',(204.729809588,-36.816159992,33.541033042));
#446=CARTESIAN_POINT('',(204.729690805,-36.81617163,33.54114299));
#447=CARTESIAN_POINT('',(174.10846313,-39.816183597,61.882654322));
#448=CARTESIAN_POINT('',(173.799170409,-39.846483668,62.168886233));
#449=CARTESIAN_POINT('',(173.278207715,-39.897519983,62.651003449));
#450=CARTESIAN_POINT('',(173.136913958,-39.911361839,62.781760918));
#451=CARTESIAN_POINT('',(210.130395948,-36.399594821,31.39548766));
#452=CARTESIAN_POINT('',(206.149220836,-36.786127687,34.947269309));
#453=CARTESIAN_POINT('',(205.840223357,-36.816128179,35.222937049));
#454=CARTESIAN_POINT('',(205.840103491,-36.816139816,35.223043987));
#455=CARTESIAN_POINT('',(174.938990972,-39.816167442,62.788048425));
#456=CARTESIAN_POINT('',(174.626863946,-39.846467457,63.066428544));
#457=CARTESIAN_POINT('',(174.10112671,-39.897503655,63.535319833));
#458=CARTESIAN_POINT('',(173.958537865,-39.911345472,63.662490031));
#459=CARTESIAN_POINT('',(211.279657355,-36.399544174,33.185172565));
#460=CARTESIAN_POINT('',(207.262482513,-36.786081185,36.636973103));
#461=CARTESIAN_POINT('',(206.950690553,-36.816082,36.904880374));
#462=CARTESIAN_POINT('',(206.950569602,-36.816093638,36.904984301));
#463=CARTESIAN_POINT('',(175.769586754,-39.816144471,63.693391785));
#464=CARTESIAN_POINT('',(175.454626567,-39.846444414,63.963919744));
#465=CARTESIAN_POINT('',(174.92411682,-39.897480458,64.419584555));
#466=CARTESIAN_POINT('',(174.780233467,-39.911322223,64.543167353));
#467=CARTESIAN_POINT('',(212.228971487,-36.399475862,35.087445789));
#468=CARTESIAN_POINT('',(208.196689792,-36.786018748,38.429113285));
#469=CARTESIAN_POINT('',(207.883724955,-36.816020019,38.688472142));
#470=CARTESIAN_POINT('',(207.883603549,-36.816031657,38.688572753));
#471=CARTESIAN_POINT('',(176.584959938,-39.81611437,64.621613795));
#472=CARTESIAN_POINT('',(176.268806122,-39.846414231,64.883494942));
#473=CARTESIAN_POINT('',(175.736285544,-39.897450094,65.324594896));
#474=CARTESIAN_POINT('',(175.59185673,-39.911291798,65.444227336));
#475=CARTESIAN_POINT('',(212.962096545,-36.399386418,37.044196617));
#476=CARTESIAN_POINT('',(208.937797396,-36.785937518,40.272656765));
#477=CARTESIAN_POINT('',(208.625451769,-36.815939423,40.523228591));
#478=CARTESIAN_POINT('',(208.625330603,-36.815951061,40.523325793));
#479=CARTESIAN_POINT('',(177.388287792,-39.816076674,65.577176279));
#480=CARTESIAN_POINT('',(177.072752199,-39.846376447,65.830171208));
#481=CARTESIAN_POINT('',(176.541272733,-39.897412113,66.256303187));
#482=CARTESIAN_POINT('',(176.397126228,-39.911253749,66.371875973));
#483=CARTESIAN_POINT('',(213.695356386,-36.399271684,39.001073969));
#484=CARTESIAN_POINT('',(209.679025992,-36.785834109,42.116299754));
#485=CARTESIAN_POINT('',(209.367298534,-36.815836882,42.358082464));
#486=CARTESIAN_POINT('',(209.367177608,-36.815848521,42.358176256));
#487=CARTESIAN_POINT('',(178.191701111,-39.816030761,66.532695355));
#488=CARTESIAN_POINT('',(177.876784926,-39.846330453,66.776804357));
#489=CARTESIAN_POINT('',(177.3463487,-39.897365929,67.187969013));
#490=CARTESIAN_POINT('',(177.202485121,-39.911207498,67.299482369));
#491=CARTESIAN_POINT('',(214.212476747,-36.399126389,41.012470369));
#492=CARTESIAN_POINT('',(210.227196843,-36.785704323,44.011375942));
#493=CARTESIAN_POINT('',(209.917879075,-36.815708275,44.244130077));
#494=CARTESIAN_POINT('',(209.917759084,-36.815719915,44.244220367));
#495=CARTESIAN_POINT('',(178.983090703,-39.815975946,67.515569564));
#496=CARTESIAN_POINT('',(178.670606043,-39.846275581,67.750554129));
#497=CARTESIAN_POINT('',(178.14426546,-39.897310905,68.146349905));
#498=CARTESIAN_POINT('',(178.001512707,-39.911152417,68.253694977));
#499=CARTESIAN_POINT('',(214.516685911,-36.398941498,43.021597199));
#500=CARTESIAN_POINT('',(210.585503458,-36.785541052,45.908540974));
#501=CARTESIAN_POINT('',(210.280384228,-36.815546632,46.132604899));
#502=CARTESIAN_POINT('',(210.280265866,-36.815558271,46.132691818));
#503=CARTESIAN_POINT('',(179.765401989,-39.815911324,68.53486068));
#504=CARTESIAN_POINT('',(179.457158678,-39.846210943,68.761066874));
#505=CARTESIAN_POINT('',(178.937962281,-39.897246179,69.142076878));
#506=CARTESIAN_POINT('',(178.797147207,-39.91108765,69.245411871));
#507=CARTESIAN_POINT('',(214.821172357,-36.398705318,45.030984587));
#508=CARTESIAN_POINT('',(210.944050291,-36.785335313,47.805906061));
#509=CARTESIAN_POINT('',(210.643126841,-36.815343159,48.021275253));
#510=CARTESIAN_POINT('',(210.643010106,-36.8153548,48.021358799));
#511=CARTESIAN_POINT('',(180.547820692,-39.815835732,69.554112415));
#512=CARTESIAN_POINT('',(180.243819571,-39.846135391,69.771541168));
#513=CARTESIAN_POINT('',(179.731768903,-39.897170635,70.137767173));
#514=CARTESIAN_POINT('',(179.592891963,-39.911012091,70.237092627));
#515=CARTESIAN_POINT('',(214.912870268,-36.398401761,47.038209866));
#516=CARTESIAN_POINT('',(211.112832496,-36.785075095,49.705434878));
#517=CARTESIAN_POINT('',(210.817892012,-36.815086127,49.912445393));
#518=CARTESIAN_POINT('',(210.817777598,-36.815097769,49.912525697));
#519=CARTESIAN_POINT('',(181.321175484,-39.81574776,70.609776131));
#520=CARTESIAN_POINT('',(181.023225996,-39.846047539,70.818773854));
#521=CARTESIAN_POINT('',(180.521368935,-39.897082921,71.170799539));
#522=CARTESIAN_POINT('',(180.385256795,-39.910924398,71.266273813));
#523=CARTESIAN_POINT('',(214.810243479,-36.398004203,48.995591623));
#524=CARTESIAN_POINT('',(211.108547506,-36.784740984,51.565846607));
#525=CARTESIAN_POINT('',(210.82124022,-36.814756609,51.765331521));
#526=CARTESIAN_POINT('',(210.821128768,-36.814768252,51.765408905));
#527=CARTESIAN_POINT('',(182.088416529,-39.815645659,71.710911352));
#528=CARTESIAN_POINT('',(181.79819117,-39.845945661,71.912328777));
#529=CARTESIAN_POINT('',(181.309344928,-39.896981356,72.251587289));
#530=CARTESIAN_POINT('',(181.176761694,-39.910822901,72.343599133));
#531=CARTESIAN_POINT('',(214.48005153,-36.397496408,55.144719332));
#532=CARTESIAN_POINT('',(211.088959073,-36.784246041,57.411386791));
#533=CARTESIAN_POINT('',(210.825759059,-36.814262678,57.587308817));
#534=CARTESIAN_POINT('',(210.825656958,-36.814274322,57.587377061));
#535=CARTESIAN_POINT('',(184.503645066,-39.815258101,75.176474261));
#536=CARTESIAN_POINT('',(184.237767583,-39.845559159,75.354090372));
#537=CARTESIAN_POINT('',(183.789931999,-39.896596628,75.653258735));
#538=CARTESIAN_POINT('',(183.668471503,-39.910438652,75.734397468));
#539=CARTESIAN_POINT('',(214.183825607,-36.396896585,61.215461832));
#540=CARTESIAN_POINT('',(211.072218298,-36.783656249,63.210595317));
#541=CARTESIAN_POINT('',(210.830710318,-36.813673704,63.365442225));
#542=CARTESIAN_POINT('',(210.830616632,-36.813685348,63.365502294));
#543=CARTESIAN_POINT('',(186.677768179,-39.814773605,78.846921726));
#544=CARTESIAN_POINT('',(186.433798791,-39.84507587,79.00324799));
#545=CARTESIAN_POINT('',(186.022864366,-39.896115371,79.266556385));
#546=CARTESIAN_POINT('',(185.911412042,-39.909957946,79.337969287));
#547=CARTESIAN_POINT('',(213.926824421,-36.396195456,67.226863075));
#548=CARTESIAN_POINT('',(211.058690381,-36.782960443,68.975776128));
#549=CARTESIAN_POINT('',(210.836079412,-36.812978378,69.111512587));
#550=CARTESIAN_POINT('',(210.835993057,-36.812990022,69.111565241));
#551=CARTESIAN_POINT('',(188.572810368,-39.81417051,82.681736502));
#552=CARTESIAN_POINT('',(188.347926083,-39.84447409,82.818756283));
#553=CARTESIAN_POINT('',(187.969137865,-39.89551582,83.049545375));
#554=CARTESIAN_POINT('',(187.866404092,-39.909359003,83.112138478));
#555=CARTESIAN_POINT('',(213.670150564,-36.395388506,73.238217325));
#556=CARTESIAN_POINT('',(211.045527064,-36.782151976,74.740953552));
#557=CARTESIAN_POINT('',(210.841816041,-36.812169885,74.857582946));
#558=CARTESIAN_POINT('',(210.841737017,-36.812181529,74.857628189));
#559=CARTESIAN_POINT('',(190.468539979,-39.813427015,86.516873918));
#560=CARTESIAN_POINT('',(190.262744242,-39.843731918,86.634590091));
#561=CARTESIAN_POINT('',(189.916108041,-39.894775903,86.832864695));
#562=CARTESIAN_POINT('',(189.822094396,-39.908619705,86.886639295));
#563=CARTESIAN_POINT('',(213.452552404,-36.394479619,79.190211418));
#564=CARTESIAN_POINT('',(211.035433215,-36.781232557,80.472101833));
#565=CARTESIAN_POINT('',(210.847827613,-36.81124976,80.571590258));
#566=CARTESIAN_POINT('',(210.847754836,-36.811261404,80.571628851));
#567=CARTESIAN_POINT('',(192.085147683,-39.812525454,90.516576433));
#568=CARTESIAN_POINT('',(191.89561917,-39.842831516,90.616974947));
#569=CARTESIAN_POINT('',(191.576382875,-39.893877496,90.78608011));
#570=CARTESIAN_POINT('',(191.489800517,-39.907721852,90.831943434));
#571=CARTESIAN_POINT('',(213.277976484,-36.393486542,85.103113103));
#572=CARTESIAN_POINT('',(211.028550678,-36.780218102,86.181613056));
#573=CARTESIAN_POINT('',(210.853960705,-36.810233764,86.265315404));
#574=CARTESIAN_POINT('',(210.853892978,-36.810245408,86.265347874));
#575=CARTESIAN_POINT('',(193.392987694,-39.811460296,94.631562172));
#576=CARTESIAN_POINT('',(193.21660768,-39.841767117,94.716012949));
#577=CARTESIAN_POINT('',(192.919518281,-39.89281444,94.858256144));
#578=CARTESIAN_POINT('',(192.838942526,-39.906659178,94.896834021));
#579=CARTESIAN_POINT('',(213.175029971,-36.392873227,88.587213778));
#580=CARTESIAN_POINT('',(211.024433384,-36.779585626,89.545907967));
#581=CARTESIAN_POINT('',(210.857514178,-36.809599866,89.620311742));
#582=CARTESIAN_POINT('',(210.857449427,-36.809611509,89.620340605));
#583=CARTESIAN_POINT('',(194.163769971,-39.810747895,97.056710038));
#584=CARTESIAN_POINT('',(193.995140571,-39.841054767,97.131768877));
#585=CARTESIAN_POINT('',(193.711106095,-39.892102223,97.258192574));
#586=CARTESIAN_POINT('',(193.634071064,-39.90594701,97.292479935));
#587=CARTESIAN_POINT('',(213.086854144,-36.392263238,92.057737552));
#588=CARTESIAN_POINT('',(211.021255299,-36.778953323,92.902689986));
#589=CARTESIAN_POINT('',(210.860933378,-36.808965886,92.968265927));
#590=CARTESIAN_POINT('',(210.860871186,-36.808977528,92.968291365));
#591=CARTESIAN_POINT('',(194.827109436,-39.810005812,99.521966987));
#592=CARTESIAN_POINT('',(194.665147382,-39.840312432,99.588111087));
#593=CARTESIAN_POINT('',(194.392343249,-39.891359516,99.699519117));
#594=CARTESIAN_POINT('',(194.318354096,-39.905204217,99.729733988));
#595=CARTESIAN_POINT('',(213.013918496,-36.391672555,95.518627846));
#596=CARTESIAN_POINT('',(211.018986277,-36.778338158,96.254168464));
#597=CARTESIAN_POINT('',(210.86414937,-36.808348865,96.311252733));
#598=CARTESIAN_POINT('',(210.864089306,-36.808360507,96.311274877));
#599=CARTESIAN_POINT('',(195.379050642,-39.809256003,102.015963753));
#600=CARTESIAN_POINT('',(195.22263334,-39.83956208,102.073534753));
#601=CARTESIAN_POINT('',(194.959168721,-39.8906083,102.170502631));
#602=CARTESIAN_POINT('',(194.887712631,-39.904452782,102.196801121));
#603=B_SPLINE_SURFACE_WITH_KNOTS('',3,1,((#139,#140,#141,#142,#143,#144,#145,#146),(#147,#148,#149,#150,#151,#152,#153,#154),(#155,#156,#157,#158,#159,#160,#161,#162),(#163,#164,#165,#166,#167,#168,#169,#170),(#171,#172,#173,#174,#175,#176,#177,#178),(#179,#180,#181,#182,#183,#184,#185,#186),(#187,#188,#189,#190,#191,#192,#193,#194),(#195,#196,#197,#198,#199,#200,#201,#202),(#203,#204,#205,#206,#207,#208,#209,#210),(#211,#212,#213,#214,#215,#216,#217,#218),(#219,#220,#221,#222,#223,#224,#225,#226),(#227,#228,#229,#230,#231,#232,#233,#234),(#235,#236,#237,#238,#239,#240,#241,#242),(#243,#244,#245,#246,#247,#248,#249,#250),(#251,#252,#253,#254,#255,#256,#257,#258),(#259,#260,#261,#262,#263,#264,#265,#266),(#267,#268,#269,#270,#271,#272,#273,#274),(#275,#276,#277,#278,#279,#280,#281,#282),(#283,#284,#285,#286,#287,#288,#289,#290),(#291,#292,#293,#294,#295,#296,#297,#298),(#299,#300,#301,#302,#303,#304,#305,#306),(#307,#308,#309,#310,#311,#312,#313,#314),(#315,#316,#317,#318,#319,#320,#321,#322),(#323,#324,#325,#326,#327,#328,#329,#330),(#331,#332,#333,#334,#335,#336,#337,#338),(#339,#340,#341,#342,#343,#344,#345,#346),
(#347,#348,#349,#350,#351,#352,#353,#354),(#355,#356,#357,#358,#359,#360,#361,#362),(#363,#364,#365,#366,#367,#368,#369,#370),(#371,#372,#373,#374,#375,#376,#377,#378),(#379,#380,#381,#382,#383,#384,#385,#386),(#387,#388,#389,#390,#391,#392,#393,#394),(#395,#396,#397,#398,#399,#400,#401,#402),(#403,#404,#405,#406,#407,#408,#409,#410),(#411,#412,#413,#414,#415,#416,#417,#418),(#419,#420,#421,#422,#423,#424,#425,#426),(#427,#428,#429,#430,#431,#432,#433,#434),(#435,#436,#437,#438,#439,#440,#441,#442),(#443,#444,#445,#446,#447,#448,#449,#450),(#451,#452,#453,#454,#455,#456,#457,#458),(#459,#460,#461,#462,#463,#464,#465,#466),(#467,#468,#469,#470,#471,#472,#473,#474),(#475,#476,#477,#478,#479,#480,#481,#482),(#483,#484,#485,#486,#487,#488,#489,#490),(#491,#492,#493,#494,#495,#496,#497,#498),(#499,#500,#501,#502,#503,#504,#505,#506),(#507,#508,#509,#510,#511,#512,#513,#514),(#515,#516,#517,#518,#519,#520,#521,#522),(#523,#524,#525,#526,#527,#528,#529,#530),(#531,#532,#533,#534,#535,#536,#537,#538),(#539,#540,#541,#542,#543,#544,#545,#546),
(#547,#548,#549,#550,#551,#552,#553,#554),(#555,#556,#557,#558,#559,#560,#561,#562),(#563,#564,#565,#566,#567,#568,#569,#570),(#571,#572,#573,#574,#575,#576,#577,#578),(#579,#580,#581,#582,#583,#584,#585,#586),(#587,#588,#589,#590,#591,#592,#593,#594),(#595,#596,#597,#598,#599,#600,#601,#602)),.UNSPECIFIED.,.F.,.F.,.U.,(4,3,3,3,3,3,3,3,3,3,3,3,3,3,3,3,3,3,3,4),(2,1,1,1,1,1,1,2),(0.060280953,0.083995833,0.107710714,0.131425595,0.155140476,0.178855357,0.202570238,0.226285119,0.25,0.257535119,0.265070238,0.272605357,0.280140476,0.287675595,0.295210714,0.302745833,0.310280953,0.333995833,0.357710714,0.371684578),(-0.138846609,-0.010003918,-0.000003879,0.,1.,1.010100039,1.027112177,1.03172614),.UNSPECIFIED.);
#604=CARTESIAN_POINT('',(206.278004285,-37.713497596,97.997489431));
#605=VERTEX_POINT('',#604);
#606=CARTESIAN_POINT('',(206.27485425,-37.689168689,97.13932464));
#607=VERTEX_POINT('',#606);
#608=CARTESIAN_POINT('',(206.253164742,-37.701940249,97.999318094));
#609=CARTESIAN_POINT('',(206.260388642,-37.697691355,97.712653337));
#610=CARTESIAN_POINT('',(206.267620543,-37.693432847,97.425988924));
#611=CARTESIAN_POINT('',(206.27485425,-37.689168689,97.13932464));
#612=B_SPLINE_CURVE_WITH_KNOTS('',3,(#608,#609,#610,#611),.UNSPECIFIED.,.F.,.F.,(4,4),(0.,0.000860362),.UNSPECIFIED.);
#613=EDGE_CURVE('',#605,#607,#612,.T.);
#614=ORIENTED_EDGE('',*,*,#613,.T.);
#615=CARTESIAN_POINT('',(207.520720291,-36.399650281,27.917834235));
#616=VERTEX_POINT('',#615);
#617=CARTESIAN_POINT('',(206.27485425,-37.689168689,97.13932464));
#618=CARTESIAN_POINT('',(206.420505713,-37.603346969,91.371014535));
#619=CARTESIAN_POINT('',(206.547474427,-37.520294584,85.602213896));
#620=CARTESIAN_POINT('',(206.666615409,-37.448586151,79.83312274));
#621=CARTESIAN_POINT('',(206.785756392,-37.376877717,74.064031585));
#622=CARTESIAN_POINT('',(206.896041135,-37.316042137,68.294657736));
#623=CARTESIAN_POINT('',(206.9903946,-37.266154064,62.524867354));
#624=CARTESIAN_POINT('',(207.013982966,-37.253682046,61.082419758));
#625=CARTESIAN_POINT('',(207.035380589,-37.24198617,59.639924701));
#626=CARTESIAN_POINT('',(207.061552501,-37.230299641,58.197508057));
#627=CARTESIAN_POINT('',(207.074638457,-37.224456376,57.476299735));
#628=CARTESIAN_POINT('',(207.088620348,-37.218650869,56.755105618));
#629=CARTESIAN_POINT('',(207.103507106,-37.212886312,56.033925794));
#630=CARTESIAN_POINT('',(207.118393865,-37.207121754,55.31274597));
#631=CARTESIAN_POINT('',(207.134790592,-37.201959829,54.591579816));
#632=CARTESIAN_POINT('',(207.150613476,-37.195460496,53.870429586));
#633=CARTESIAN_POINT('',(207.213905009,-37.169463162,50.985828666));
#634=CARTESIAN_POINT('',(207.260149616,-37.114625656,48.101493296));
#635=CARTESIAN_POINT('',(207.301877578,-37.041444343,45.217432208));
#636=CARTESIAN_POINT('',(207.343605539,-36.96826303,42.333371121));
#637=CARTESIAN_POINT('',(207.380082724,-36.876100572,39.449494977));
#638=CARTESIAN_POINT('',(207.415667308,-36.76845273,36.56610585));
#639=CARTESIAN_POINT('',(207.451251893,-36.660804888,33.682716723));
#640=CARTESIAN_POINT('',(207.485701017,-36.537480026,30.800282138));
#641=CARTESIAN_POINT('',(207.520720291,-36.399650281,27.917834235));
#642=B_SPLINE_CURVE_WITH_KNOTS('',3,(#617,#618,#619,#620,#621,#622,#623,#624,#625,#626,#627,#628,#629,#630,#631,#632,#633,#634,#635,#636,#637,#638,#639,#640,#641),.UNSPECIFIED.,.F.,.F.,(4,3,3,3,3,3,3,3,4),(0.,0.017312314,0.034624627,0.038952706,0.041116745,0.043280784,0.051936941,0.060593098,0.069249255),.UNSPECIFIED.);
#643=EDGE_CURVE('',#607,#616,#642,.T.);
#644=ORIENTED_EDGE('',*,*,#643,.T.);
#645=CARTESIAN_POINT('',(202.10815969,-36.818768233,30.67873644));
#646=VERTEX_POINT('',#645);
#647=CARTESIAN_POINT('',(202.10815969,-36.818768233,30.67873644));
#648=CARTESIAN_POINT('',(203.912433139,-36.680471308,29.758391541));
#649=CARTESIAN_POINT('',(205.716620219,-36.540768796,28.838090697));
#650=CARTESIAN_POINT('',(207.520720291,-36.399650281,27.917834235));
#651=B_SPLINE_CURVE_WITH_KNOTS('',3,(#647,#648,#649,#650),.UNSPECIFIED.,.F.,.F.,(4,4),(0.,0.006090489),.UNSPECIFIED.);
#652=EDGE_CURVE('',#646,#616,#651,.T.);
#653=ORIENTED_EDGE('',*,*,#652,.F.);
#654=CARTESIAN_POINT('',(180.769175536,-36.820190827,21.765408896));
#655=VERTEX_POINT('',#654);
#656=CARTESIAN_POINT('',(202.10815969,-36.818768233,30.67873644));
#657=CARTESIAN_POINT('',(201.415073,-36.818770717,29.977356647));
#658=CARTESIAN_POINT('',(200.685321567,-36.818752512,29.307857462));
#659=CARTESIAN_POINT('',(199.917643209,-36.818758079,28.671336372));
#660=CARTESIAN_POINT('',(199.533804031,-36.818760863,28.353075827));
#661=CARTESIAN_POINT('',(199.142300648,-36.818768633,28.044654928));
#662=CARTESIAN_POINT('',(198.745302552,-36.818779896,27.747522697));
#663=CARTESIAN_POINT('',(198.348304456,-36.818791159,27.450390465));
#664=CARTESIAN_POINT('',(197.945179994,-36.818805931,27.164020096));
#665=CARTESIAN_POINT('',(197.53601994,-36.81881777,26.888252131));
#666=CARTESIAN_POINT('',(195.899379725,-36.818865126,25.785180268));
#667=CARTESIAN_POINT('',(194.16704669,-36.818893296,24.850206899));
#668=CARTESIAN_POINT('',(192.337702616,-36.818994715,24.085647676));
#669=CARTESIAN_POINT('',(191.423030579,-36.819045425,23.703368064));
#670=CARTESIAN_POINT('',(190.480134385,-36.819079648,23.363315421));
#671=CARTESIAN_POINT('',(189.532573221,-36.819137916,23.073896893));
#672=CARTESIAN_POINT('',(188.585012056,-36.819196184,22.784478365));
#673=CARTESIAN_POINT('',(187.628620539,-36.81928261,22.543555281));
#674=CARTESIAN_POINT('',(186.663572439,-36.819378979,22.3501733));
#675=CARTESIAN_POINT('',(185.698524339,-36.819475347,22.15679132));
#676=CARTESIAN_POINT('',(184.72481921,-36.819564874,22.010952888));
#677=CARTESIAN_POINT('',(183.742375763,-36.819692062,21.913104456));
#678=CARTESIAN_POINT('',(183.25115404,-36.819755656,21.86418024));
#679=CARTESIAN_POINT('',(182.757743819,-36.81982811,21.827275046));
#680=CARTESIAN_POINT('',(182.262110389,-36.819911549,21.802579498));
#681=CARTESIAN_POINT('',(181.766476959,-36.819994989,21.777883951));
#682=CARTESIAN_POINT('',(181.267336611,-36.820089489,21.765408898));
#683=CARTESIAN_POINT('',(180.769175536,-36.820190827,21.765408896));
#684=B_SPLINE_CURVE_WITH_KNOTS('',3,(#656,#657,#658,#659,#660,#661,#662,#663,#664,#665,#666,#667,#668,#669,#670,#671,#672,#673,#674,#675,#676,#677,#678,#679,#680,#681,
#682,#683),.UNSPECIFIED.,.F.,.F.,(4,3,3,3,3,3,3,3,3,4),(0.027082044,0.030034236,0.031510332,0.032986428,0.038890813,0.041843005,0.044795197,0.04774739,0.049223486,0.050699582),.UNSPECIFIED.);
#685=EDGE_CURVE('',#646,#655,#684,.T.);
#686=ORIENTED_EDGE('',*,*,#685,.T.);
#687=CARTESIAN_POINT('',(43.805247941,-36.820195906,21.765408896));
#688=VERTEX_POINT('',#687);
#689=CARTESIAN_POINT('',(180.769175536,-36.820190827,21.765408896));
#690=CARTESIAN_POINT('',(175.06234528,-36.82135092,21.765408896));
#691=CARTESIAN_POINT('',(169.355514878,-36.821210638,21.765408896));
#692=CARTESIAN_POINT('',(163.648684576,-36.821964662,21.765408896));
#693=CARTESIAN_POINT('',(157.941854274,-36.822718687,21.765408896));
#694=CARTESIAN_POINT('',(152.235023996,-36.823669072,21.765408896));
#695=CARTESIAN_POINT('',(146.52819374,-36.82475307,21.765408896));
#696=CARTESIAN_POINT('',(135.114533228,-36.826921068,21.765408896));
#697=CARTESIAN_POINT('',(123.700872803,-36.829669261,21.765408896));
#698=CARTESIAN_POINT('',(112.287211964,-36.829671821,21.765408896));
#699=CARTESIAN_POINT('',(100.873551125,-36.829674381,21.765408896));
#700=CARTESIAN_POINT('',(89.459890601,-36.826928525,21.765408896));
#701=CARTESIAN_POINT('',(78.046230009,-36.824759923,21.765408896));
#702=CARTESIAN_POINT('',(66.632569417,-36.822591322,21.765408896));
#703=CARTESIAN_POINT('',(55.218908725,-36.82108881,21.765408896));
#704=CARTESIAN_POINT('',(43.805247941,-36.820195906,21.765408896));
#705=B_SPLINE_CURVE_WITH_KNOTS('',3,(#689,#690,#691,#692,#693,#694,#695,#696,#697,#698,#699,#700,#701,#702,#703,#704),.UNSPECIFIED.,.F.,.F.,(4,3,3,3,3,4),(0.117196937,0.13427575,0.151354563,0.185512188,0.219669814,0.25382744),.UNSPECIFIED.);
#706=EDGE_CURVE('',#655,#688,#705,.T.);
#707=ORIENTED_EDGE('',*,*,#706,.T.);
#708=CARTESIAN_POINT('',(63.846830121,-39.835525828,50.636587688));
#709=VERTEX_POINT('',#708);
#710=CARTESIAN_POINT('',(63.846831589,-39.835526049,50.636589813));
#711=CARTESIAN_POINT('',(57.167391098,-38.830712605,41.012076547));
#712=CARTESIAN_POINT('',(50.486749002,-37.825531732,31.388437303));
#713=CARTESIAN_POINT('',(43.805249192,-36.820196095,21.765410708));
#714=B_SPLINE_CURVE_WITH_KNOTS('',3,(#710,#711,#712,#713),.UNSPECIFIED.,.F.,.F.,(4,4),(0.00180835,1.006626813),.UNSPECIFIED.);
#715=EDGE_CURVE('',#709,#688,#714,.T.);
#716=ORIENTED_EDGE('',*,*,#715,.F.);
#717=CARTESIAN_POINT('',(194.087299794,-39.853281846,97.866682462));
#718=VERTEX_POINT('',#717);
#719=CARTESIAN_POINT('',(63.846830121,-39.835525828,50.636587688));
#720=CARTESIAN_POINT('',(66.644116167,-39.836931069,48.689544372));
#721=CARTESIAN_POINT('',(69.529625786,-39.838528215,46.930204633));
#722=CARTESIAN_POINT('',(72.49991774,-39.840414366,45.351247087));
#723=CARTESIAN_POINT('',(75.470209694,-39.842300517,43.77228954));
#724=CARTESIAN_POINT('',(78.525338615,-39.844398958,42.373830305));
#725=CARTESIAN_POINT('',(81.665580213,-39.846786493,41.156456093));
#726=CARTESIAN_POINT('',(83.235701012,-39.84798026,40.547768986));
#727=CARTESIAN_POINT('',(84.827155192,-39.849246585,39.984470601));
#728=CARTESIAN_POINT('',(86.44034779,-39.850538186,39.467422625));
#729=CARTESIAN_POINT('',(87.246944089,-39.851183986,39.208898637));
#730=CARTESIAN_POINT('',(88.058979755,-39.851833727,38.96194738));
#731=CARTESIAN_POINT('',(88.876526389,-39.852487441,38.72672119));
#732=CARTESIAN_POINT('',(89.694073023,-39.853141155,38.491495001));
#733=CARTESIAN_POINT('',(90.51699544,-39.853798958,38.268091768));
#734=CARTESIAN_POINT('',(91.33982717,-39.854453673,38.057929976));
#735=CARTESIAN_POINT('',(94.631154089,-39.857072532,37.217282809));
#736=CARTESIAN_POINT('',(97.943285658,-39.859712405,36.581095787));
#737=CARTESIAN_POINT('',(101.275640645,-39.861645638,36.143654025));
#738=CARTESIAN_POINT('',(104.607995632,-39.863578871,35.706212262));
#739=CARTESIAN_POINT('',(107.960568201,-39.864887502,35.467458727));
#740=CARTESIAN_POINT('',(111.333628715,-39.865100105,35.430048639));
#741=CARTESIAN_POINT('',(113.020158973,-39.865206407,35.411343595));
#742=CARTESIAN_POINT('',(114.711827028,-39.865014863,35.443129716));
#743=CARTESIAN_POINT('',(116.408740315,-39.864577641,35.526463014));
#744=CARTESIAN_POINT('',(117.257196958,-39.864359031,35.568129663));
#745=CARTESIAN_POINT('',(118.108410923,-39.864079354,35.622824138));
#746=CARTESIAN_POINT('',(118.956284094,-39.863748347,35.690194968));
#747=CARTESIAN_POINT('',(119.804157265,-39.86341734,35.757565798));
#748=CARTESIAN_POINT('',(120.648982821,-39.863035201,35.837574219));
#749=CARTESIAN_POINT('',(121.490801469,-39.862608944,35.930051446));
#750=CARTESIAN_POINT('',(124.858076063,-39.860903916,36.299960351));
#751=CARTESIAN_POINT('',(128.177384348,-39.858412303,36.868771895));
#752=CARTESIAN_POINT('',(131.450036829,-39.855838035,37.631053778));
#753=CARTESIAN_POINT('',(134.72268931,-39.853263766,38.393335661));
#754=CARTESIAN_POINT('',(137.948685846,-39.850618995,39.3490885));
#755=CARTESIAN_POINT('',(141.127209032,-39.848133339,40.501702551));
#756=CARTESIAN_POINT('',(141.921839828,-39.847511925,40.789856064));
#757=CARTESIAN_POINT('',(142.713494261,-39.846903331,41.090351886));
#758=CARTESIAN_POINT('',(143.502138987,-39.846310797,41.403328302));
#759=CARTESIAN_POINT('',(144.290783712,-39.845718263,41.716304719));
#760=CARTESIAN_POINT('',(145.077108453,-39.845141306,42.042061047));
#761=CARTESIAN_POINT('',(145.858876578,-39.844581722,42.379823438));
#762=CARTESIAN_POINT('',(147.422412827,-39.843462554,43.055348219));
#763=CARTESIAN_POINT('',(148.95781557,-39.842420361,43.774471345));
#764=CARTESIAN_POINT('',(150.46575219,-39.841430202,44.536158562));
#765=CARTESIAN_POINT('',(153.48162543,-39.839449884,46.059532995));
#766=CARTESIAN_POINT('',(156.38795858,-39.837749919,47.752661113));
#767=CARTESIAN_POINT('',(159.186515748,-39.836294575,49.612809066));
#768=CARTESIAN_POINT('',(161.985072915,-39.834839231,51.47295702));
#769=CARTESIAN_POINT('',(164.675888533,-39.833679628,53.500071488));
#770=CARTESIAN_POINT('',(167.256250551,-39.833088143,55.698355526));
#771=CARTESIAN_POINT('',(167.901341056,-39.832940272,56.247926536));
#772=CARTESIAN_POINT('',(168.539507,-39.832831972,56.808228516));
#773=CARTESIAN_POINT('',(169.170645736,-39.832746457,57.379420528));
#774=CARTESIAN_POINT('',(169.801784471,-39.832660942,57.95061254));
#775=CARTESIAN_POINT('',(170.424736342,-39.832598738,58.531698853));
#776=CARTESIAN_POINT('',(171.03666585,-39.832560032,59.119883259));
#777=CARTESIAN_POINT('',(172.260524867,-39.83248262,60.29625207));
#778=CARTESIAN_POINT('',(173.443864057,-39.832531234,61.504127312));
#779=CARTESIAN_POINT('',(174.587482485,-39.832669723,62.742887676));
#780=CARTESIAN_POINT('',(176.874719342,-39.8329467,65.220408403));
#781=CARTESIAN_POINT('',(179.003612691,-39.83374558,67.821050046));
#782=CARTESIAN_POINT('',(180.975471383,-39.834922747,70.543794944));
#783=CARTESIAN_POINT('',(182.947330076,-39.836099914,73.266539843));
#784=CARTESIAN_POINT('',(184.7622284,-39.837712751,76.111330216));
#785=CARTESIAN_POINT('',(186.414597623,-39.839532532,79.082496146));
#786=CARTESIAN_POINT('',(186.827689929,-39.839987477,79.825287629));
#787=CARTESIAN_POINT('',(187.231022327,-39.840461655,80.576890272));
#788=CARTESIAN_POINT('',(187.621888701,-39.840950272,81.332324883));
#789=CARTESIAN_POINT('',(188.012755076,-39.841438888,82.087759494));
#790=CARTESIAN_POINT('',(188.391623298,-39.841941572,82.847808296));
#791=CARTESIAN_POINT('',(188.758594631,-39.84245652,83.612432345));
#792=CARTESIAN_POINT('',(189.492537297,-39.843486417,85.141680443));
#793=CARTESIAN_POINT('',(190.178931243,-39.844572717,86.689214592));
#794=CARTESIAN_POINT('',(190.818220286,-39.845731037,88.254864099));
#795=CARTESIAN_POINT('',(192.096798374,-39.848047677,91.386163112));
#796=CARTESIAN_POINT('',(193.187477599,-39.850664197,94.589723279));
#797=CARTESIAN_POINT('',(194.087299794,-39.853281846,97.866682462));
#798=B_SPLINE_CURVE_WITH_KNOTS('',3,(#719,#720,#721,#722,#723,#724,#725,#726,#727,#728,#729,#730,#731,#732,#733,#734,#735,#736,#737,#738,#739,#740,#741,#742,#743,#744,
#745,#746,#747,#748,#749,#750,#751,#752,#753,#754,#755,#756,#757,#758,#759,#760,#761,#762,#763,#764,#765,#766,#767,#768,#769,
#770,#771,#772,#773,#774,#775,#776,#777,#778,#779,#780,#781,#782,#783,#784,#785,#786,#787,#788,#789,#790,#791,#792,#793,#794,
#795,#796,#797),.UNSPECIFIED.,.F.,.F.,(4,3,3,3,3,3,3,3,3,3,3,3,3,3,3,3,3,3,3,3,3,3,3,3,3,3,
4),(0.,0.010079444,0.020158887,0.025198609,0.02771847,0.030238331,0.040317774,0.050397218,0.055436939,0.0579568,0.060476661,0.070556105,0.080635548,0.083155409,0.08567527,0.090714992,0.100794435,0.110873879,0.11339374,0.115913601,0.120953322,0.131032766,0.141112209,0.14363207,0.146151931,0.151191653,
0.161271096),.UNSPECIFIED.);
#799=EDGE_CURVE('',#709,#718,#798,.T.);
#800=ORIENTED_EDGE('',*,*,#799,.T.);
#801=CARTESIAN_POINT('',(194.094414999,-39.855041413,97.931086962));
#802=VERTEX_POINT('',#801);
#803=CARTESIAN_POINT('',(194.087299794,-39.853281846,97.866682462));
#804=CARTESIAN_POINT('',(194.093059133,-39.853298601,97.887656742));
#805=CARTESIAN_POINT('',(194.094832445,-39.853993259,97.909389709));
#806=CARTESIAN_POINT('',(194.094414999,-39.855041413,97.931086962));
#807=B_SPLINE_CURVE_WITH_KNOTS('',3,(#803,#804,#805,#806),.UNSPECIFIED.,.F.,.F.,(4,4),(0.,0.000064894),.UNSPECIFIED.);
#808=EDGE_CURVE('',#718,#802,#807,.T.);
#809=ORIENTED_EDGE('',*,*,#808,.T.);
#810=CARTESIAN_POINT('',(193.781385779,-39.905603595,97.930879816));
#811=VERTEX_POINT('',#810);
#812=CARTESIAN_POINT('',(194.094415501,-39.855041293,97.931086113));
#813=CARTESIAN_POINT('',(193.99008044,-39.871941376,97.931017245));
#814=CARTESIAN_POINT('',(193.885736553,-39.888795773,97.930948962));
#815=CARTESIAN_POINT('',(193.781385757,-39.905603595,97.930879736));
#816=B_SPLINE_CURVE_WITH_KNOTS('',3,(#812,#813,#814,#815),.UNSPECIFIED.,.F.,.F.,(4,4),(0.010947216,0.01126412),.UNSPECIFIED.);
#817=EDGE_CURVE('',#802,#811,#816,.T.);
#818=ORIENTED_EDGE('',*,*,#817,.T.);
#819=CARTESIAN_POINT('',(193.800854449,-39.905753436,98.002074029));
#820=VERTEX_POINT('',#819);
#821=CARTESIAN_POINT('',(193.781385779,-39.905603595,97.930879816));
#822=CARTESIAN_POINT('',(193.787886189,-39.905653591,97.954610145));
#823=CARTESIAN_POINT('',(193.794375758,-39.90570359,97.97834154));
#824=CARTESIAN_POINT('',(193.800854481,-39.905753594,98.002074014));
#825=B_SPLINE_CURVE_WITH_KNOTS('',3,(#821,#822,#823,#824),.UNSPECIFIED.,.F.,.F.,(4,4),(0.,0.000072769),.UNSPECIFIED.);
#826=EDGE_CURVE('',#811,#820,#825,.T.);
#827=ORIENTED_EDGE('',*,*,#826,.T.);
#828=CARTESIAN_POINT('',(193.800819107,-39.905727373,98.00231002));
#829=CARTESIAN_POINT('',(194.528023062,-39.788347731,98.002095538));
#830=CARTESIAN_POINT('',(195.581779529,-39.614972457,97.974861469));
#831=CARTESIAN_POINT('',(196.929009357,-39.385634729,97.962933654));
#832=CARTESIAN_POINT('',(198.276239185,-39.156297001,97.951005839));
#833=CARTESIAN_POINT('',(199.373663666,-38.963511299,97.967947078));
#834=CARTESIAN_POINT('',(200.112039103,-38.832346608,97.969840433));
#835=CARTESIAN_POINT('',(200.296632963,-38.799555435,97.970313772));
#836=CARTESIAN_POINT('',(200.444031603,-38.773263257,97.969678291));
#837=CARTESIAN_POINT('',(200.643825874,-38.737470056,97.967688239));
#838=CARTESIAN_POINT('',(200.843620144,-38.701676855,97.965698186));
#839=CARTESIAN_POINT('',(201.074904206,-38.660094703,97.962599333));
#840=CARTESIAN_POINT('',(201.337058529,-38.612723719,97.959245997));
#841=CARTESIAN_POINT('',(201.861367176,-38.517981753,97.952539327));
#842=CARTESIAN_POINT('',(202.509277621,-38.40008442,97.944605249));
#843=CARTESIAN_POINT('',(203.274224552,-38.259033149,97.944843471));
#844=CARTESIAN_POINT('',(203.656698018,-38.188507514,97.944962582));
#845=CARTESIAN_POINT('',(204.096239376,-38.106985988,97.947415967));
#846=CARTESIAN_POINT('',(204.495674238,-38.032455998,97.952897502));
#847=CARTESIAN_POINT('',(204.8951091,-37.957926008,97.958379038));
#848=CARTESIAN_POINT('',(205.225925574,-37.895792334,97.966099877));
#849=CARTESIAN_POINT('',(205.490013513,-37.846054564,97.97335129));
#850=CARTESIAN_POINT('',(206.018189391,-37.746579023,97.987854115));
#851=CARTESIAN_POINT('',(206.28017139,-37.696686922,97.999409195));
#852=CARTESIAN_POINT('',(206.281801189,-37.696376873,97.999390006));
#853=B_SPLINE_CURVE_WITH_KNOTS('',3,(#828,#829,#830,#831,#832,#833,#834,#835,#836,#837,#838,#839,#840,#841,#842,#843,#844,#845,#846,#847,#848,#849,#850,#851,#852),.UNSPECIFIED.,.F.,.F.,(4,3,3,3,3,3,3,3,4),(0.,0.25,0.5,0.5625,0.625,0.75,0.8125,0.875,1.),.UNSPECIFIED.);
#854=EDGE_CURVE('',#820,#605,#853,.T.);
#855=ORIENTED_EDGE('',*,*,#854,.T.);
#856=EDGE_LOOP('',(#614,#644,#653,#686,#707,#716,#800,#809,#818,#827,#855));
#857=FACE_BOUND('',#856,.T.);
#858=ADVANCED_FACE('',(#857),#603,.F.);
#859=COLOUR_RGB('',0.666666687,0.694117665,0.764705896);
#860=FILL_AREA_STYLE_COLOUR('',#859);
#861=FILL_AREA_STYLE('',(#860));
#862=SURFACE_STYLE_FILL_AREA(#861);
#863=SURFACE_SIDE_STYLE('',(#862));
#864=SURFACE_STYLE_USAGE(.BOTH.,#863);
#865=PRESENTATION_STYLE_ASSIGNMENT((#864));
#866=OVER_RIDING_STYLED_ITEM('',(#865),#858,#26);
#867=CARTESIAN_POINT('',(0.,-59.909974716,0.));
#868=DIRECTION('',(0.,-1.,0.));
#869=DIRECTION('',(0.,0.,-1.));
#870=AXIS2_PLACEMENT_3D('',#867,#868,#869);
#871=PLANE('',#870);
#872=ORIENTED_EDGE('',*,*,#56,.T.);
#873=ORIENTED_EDGE('',*,*,#134,.T.);
#874=CARTESIAN_POINT('',(112.269175536,-59.909974716,23.86591396));
#875=VERTEX_POINT('',#874);
#876=CARTESIAN_POINT('',(112.269175536,-59.909974716,120.265408896));
#877=DIRECTION('',(-0.,1.,-0.));
#878=DIRECTION('',(0.,0.,-1.));
#879=AXIS2_PLACEMENT_3D('',#876,#877,#878);
#880=CIRCLE('',#879,96.399494937);
#881=EDGE_CURVE('',#122,#875,#880,.T.);
#882=ORIENTED_EDGE('',*,*,#881,.T.);
#883=CARTESIAN_POINT('',(15.869680599,-59.909974716,120.265408896));
#884=VERTEX_POINT('',#883);
#885=CARTESIAN_POINT('',(112.269175536,-59.909974716,120.265408896));
#886=DIRECTION('',(-0.,1.,-0.));
#887=DIRECTION('',(0.,0.,-1.));
#888=AXIS2_PLACEMENT_3D('',#885,#886,#887);
#889=CIRCLE('',#888,96.399494937);
#890=EDGE_CURVE('',#875,#884,#889,.T.);
#891=ORIENTED_EDGE('',*,*,#890,.T.);
#892=CARTESIAN_POINT('',(15.869680599,-59.909974716,197.));
#893=VERTEX_POINT('',#892);
#894=CARTESIAN_POINT('',(15.869680599,-59.909974716,120.265408896));
#895=DIRECTION('',(-0.,-0.,1.));
#896=VECTOR('',#895,76.734591104);
#897=LINE('',#894,#896);
#898=EDGE_CURVE('',#884,#893,#897,.T.);
#899=ORIENTED_EDGE('',*,*,#898,.T.);
#900=CARTESIAN_POINT('',(2.98735189,-59.909974716,197.));
#901=VERTEX_POINT('',#900);
#902=CARTESIAN_POINT('',(15.869680599,-59.909974716,197.));
#903=DIRECTION('',(-1.,0.,0.));
#904=VECTOR('',#903,12.882328709);
#905=LINE('',#902,#904);
#906=EDGE_CURVE('',#893,#901,#905,.T.);
#907=ORIENTED_EDGE('',*,*,#906,.T.);
#908=CARTESIAN_POINT('',(-15.970017925,-59.909974716,3.888565514));
#909=VERTEX_POINT('',#908);
#910=CARTESIAN_POINT('',(2.987351892,-59.909974716,197.000000009));
#911=CARTESIAN_POINT('',(17.391975303,-59.909974716,147.923860788));
#912=CARTESIAN_POINT('',(11.225425118,-59.909974716,96.591518706));
#913=CARTESIAN_POINT('',(8.282909254,-59.909974716,72.097072638));
#914=CARTESIAN_POINT('',(0.631050381,-59.909974716,47.104717651));
#915=CARTESIAN_POINT('',(-5.846655537,-59.909974716,25.947358571));
#916=CARTESIAN_POINT('',(-15.972127617,-59.909974716,3.889533952));
#917=B_SPLINE_CURVE_WITH_KNOTS('',2,(#910,#911,#912,#913,#914,#915,#916),.UNSPECIFIED.,.F.,.F.,(3,2,2,3),(0.,0.5,0.75,0.979777582),.UNSPECIFIED.);
#918=EDGE_CURVE('',#901,#909,#917,.T.);
#919=ORIENTED_EDGE('',*,*,#918,.T.);
#920=CARTESIAN_POINT('',(-16.167680208,-59.909974716,3.));
#921=VERTEX_POINT('',#920);
#922=CARTESIAN_POINT('',(-15.967909542,-59.909974716,3.887594221));
#923=CARTESIAN_POINT('',(-16.032278869,-59.909974716,3.747868138));
#924=CARTESIAN_POINT('',(-16.081962316,-59.909974716,3.604086956));
#925=CARTESIAN_POINT('',(-16.115844859,-59.909974716,3.455942794));
#926=CARTESIAN_POINT('',(-16.149727403,-59.909974716,3.307798632));
#927=CARTESIAN_POINT('',(-16.167680208,-59.909974716,3.153289663));
#928=CARTESIAN_POINT('',(-16.167680208,-59.909974716,3.));
#929=B_SPLINE_CURVE_WITH_KNOTS('',3,(#922,#923,#924,#925,#926,#927,#928),.UNSPECIFIED.,.F.,.F.,(4,3,4),(0.000000009,0.000455465,0.000910921),.UNSPECIFIED.);
#930=EDGE_CURVE('',#909,#921,#929,.T.);
#931=ORIENTED_EDGE('',*,*,#930,.T.);
#932=CARTESIAN_POINT('',(-16.167680208,-59.909974716,3.));
#933=DIRECTION('',(1.,0.,-0.));
#934=VECTOR('',#933,224.167680208);
#935=LINE('',#932,#934);
#936=EDGE_CURVE('',#921,#51,#935,.T.);
#937=ORIENTED_EDGE('',*,*,#936,.T.);
#938=EDGE_LOOP('',(#872,#873,#882,#891,#899,#907,#919,#931,#937));
#939=FACE_BOUND('',#938,.T.);
#940=ADVANCED_FACE('',(#939),#871,.T.);
#941=CARTESIAN_POINT('',(213.,-170.,50.));
#942=DIRECTION('',(1.,0.,0.));
#943=DIRECTION('',(0.,0.,-1.));
#944=AXIS2_PLACEMENT_3D('',#941,#942,#943);
#945=PLANE('',#944);
#946=CARTESIAN_POINT('',(213.,-43.326913939,95.));
#947=VERTEX_POINT('',#946);
#948=CARTESIAN_POINT('',(213.,-43.326913939,95.));
#949=DIRECTION('',(0.,-1.,0.));
#950=VECTOR('',#949,11.583060777);
#951=LINE('',#948,#950);
#952=EDGE_CURVE('',#947,#35,#951,.T.);
#953=ORIENTED_EDGE('',*,*,#952,.T.);
#954=ORIENTED_EDGE('',*,*,#70,.T.);
#955=CARTESIAN_POINT('',(213.,9.682525284,3.));
#956=VERTEX_POINT('',#955);
#957=CARTESIAN_POINT('',(213.,-54.909974716,3.));
#958=DIRECTION('',(0.,1.,0.));
#959=VECTOR('',#958,64.5925);
#960=LINE('',#957,#959);
#961=EDGE_CURVE('',#59,#956,#960,.T.);
#962=ORIENTED_EDGE('',*,*,#961,.T.);
#963=CARTESIAN_POINT('',(213.,9.682525284,96.));
#964=VERTEX_POINT('',#963);
#965=CARTESIAN_POINT('',(213.,9.682525284,3.));
#966=DIRECTION('',(0.,0.,1.));
#967=VECTOR('',#966,93.);
#968=LINE('',#965,#967);
#969=EDGE_CURVE('',#956,#964,#968,.T.);
#970=ORIENTED_EDGE('',*,*,#969,.T.);
#971=CARTESIAN_POINT('',(213.,-1.317474716,96.));
#972=VERTEX_POINT('',#971);
#973=CARTESIAN_POINT('',(213.,9.682525284,96.));
#974=DIRECTION('',(0.,-1.,0.));
#975=VECTOR('',#974,11.);
#976=LINE('',#973,#975);
#977=EDGE_CURVE('',#964,#972,#976,.T.);
#978=ORIENTED_EDGE('',*,*,#977,.T.);
#979=CARTESIAN_POINT('',(213.,-1.317474716,25.122899166));
#980=VERTEX_POINT('',#979);
#981=CARTESIAN_POINT('',(213.,-1.317474716,96.));
#982=DIRECTION('',(0.,-0.,-1.));
#983=VECTOR('',#982,70.877100834);
#984=LINE('',#981,#983);
#985=EDGE_CURVE('',#972,#980,#984,.T.);
#986=ORIENTED_EDGE('',*,*,#985,.T.);
#987=CARTESIAN_POINT('',(213.,-41.506365989,25.122899166));
#988=VERTEX_POINT('',#987);
#989=CARTESIAN_POINT('',(213.,-1.317474716,25.122899166));
#990=DIRECTION('',(0.,-1.,-0.));
#991=VECTOR('',#990,40.188891273);
#992=LINE('',#989,#991);
#993=EDGE_CURVE('',#980,#988,#992,.T.);
#994=ORIENTED_EDGE('',*,*,#993,.T.);
#995=CARTESIAN_POINT('',(213.,-41.693867577,28.590055947));
#996=VERTEX_POINT('',#995);
#997=CARTESIAN_POINT('',(213.,-41.506365989,25.122899166));
#998=CARTESIAN_POINT('',(213.,-41.570952092,26.278501458));
#999=CARTESIAN_POINT('',(213.,-41.633493558,27.434227331));
#1000=CARTESIAN_POINT('',(213.,-41.693867577,28.590055947));
#1001=B_SPLINE_CURVE_WITH_KNOTS('',3,(#997,#998,#999,#1000),.UNSPECIFIED.,.F.,.F.,(4,4),(0.009402099,0.012874314),.UNSPECIFIED.);
#1002=EDGE_CURVE('',#988,#996,#1001,.T.);
#1003=ORIENTED_EDGE('',*,*,#1002,.T.);
#1004=CARTESIAN_POINT('',(213.,-41.693867577,28.590055947));
#1005=CARTESIAN_POINT('',(213.,-41.982668783,34.11900213));
#1006=CARTESIAN_POINT('',(213.,-42.221917963,39.650493413));
#1007=CARTESIAN_POINT('',(213.,-42.398031832,45.183943577));
#1008=CARTESIAN_POINT('',(213.,-42.486088766,47.950668659));
#1009=CARTESIAN_POINT('',(213.,-42.558351175,50.717727226));
#1010=CARTESIAN_POINT('',(213.,-42.613075089,53.4851561));
#1011=CARTESIAN_POINT('',(213.,-42.640437046,54.868870537));
#1012=CARTESIAN_POINT('',(213.,-42.663413625,56.252677566));
#1013=CARTESIAN_POINT('',(213.,-42.681781469,57.636581904));
#1014=CARTESIAN_POINT('',(213.,-42.690965391,58.328534073));
#1015=CARTESIAN_POINT('',(213.,-42.698997066,59.020510571));
#1016=CARTESIAN_POINT('',(213.,-42.705848169,59.712511995));
#1017=CARTESIAN_POINT('',(213.,-42.712699272,60.404513419));
#1018=CARTESIAN_POINT('',(213.,-42.718575005,61.096535437));
#1019=CARTESIAN_POINT('',(213.,-42.725646391,61.78853221));
#1020=CARTESIAN_POINT('',(213.,-42.838788565,72.860480579));
#1021=CARTESIAN_POINT('',(213.,-43.108416366,83.929791136));
#1022=CARTESIAN_POINT('',(213.,-43.326913939,95.));
#1023=B_SPLINE_CURVE_WITH_KNOTS('',3,(#1004,#1005,#1006,#1007,#1008,#1009,#1010,#1011,#1012,#1013,#1014,#1015,#1016,#1017,#1018,#1019,#1020,#1021,#1022),.UNSPECIFIED.,.F.,.F.,(4,3,3,3,3,3,4),(0.300503114,0.317112186,0.325416723,0.329568991,0.331645125,0.333721259,0.366939403),.UNSPECIFIED.);
#1024=EDGE_CURVE('',#996,#947,#1023,.T.);
#1025=ORIENTED_EDGE('',*,*,#1024,.T.);
#1026=EDGE_LOOP('',(#953,#954,#962,#970,#978,#986,#994,#1003,#1025));
#1027=FACE_BOUND('',#1026,.T.);
#1028=ADVANCED_FACE('',(#1027),#945,.T.);
#1029=CARTESIAN_POINT('',(112.269175536,-170.,120.265408896));
#1030=DIRECTION('',(0.,1.,0.));
#1031=DIRECTION('',(0.,-0.,1.));
#1032=AXIS2_PLACEMENT_3D('',#1029,#1030,#1031);
#1033=CYLINDRICAL_SURFACE('',#1032,84.5);
#1034=CARTESIAN_POINT('',(27.769175536,-48.010479779,120.265408896));
#1035=VERTEX_POINT('',#1034);
#1036=CARTESIAN_POINT('',(27.769175536,-39.524581497,120.265408896));
#1037=VERTEX_POINT('',#1036);
#1038=CARTESIAN_POINT('',(27.769175536,-48.010479779,120.265408896));
#1039=DIRECTION('',(0.,1.,0.));
#1040=VECTOR('',#1039,8.485898282);
#1041=LINE('',#1038,#1040);
#1042=EDGE_CURVE('',#1035,#1037,#1041,.T.);
#1043=ORIENTED_EDGE('',*,*,#1042,.F.);
#1044=CARTESIAN_POINT('',(112.269175536,-48.010479779,35.765408896));
#1045=VERTEX_POINT('',#1044);
#1046=CARTESIAN_POINT('',(112.269175536,-48.010479779,120.265408896));
#1047=DIRECTION('',(0.,-1.,0.));
#1048=DIRECTION('',(0.,0.,-1.));
#1049=AXIS2_PLACEMENT_3D('',#1046,#1047,#1048);
#1050=CIRCLE('',#1049,84.5);
#1051=EDGE_CURVE('',#1035,#1045,#1050,.T.);
#1052=ORIENTED_EDGE('',*,*,#1051,.T.);
#1053=CARTESIAN_POINT('',(193.802137248,-48.010479779,98.070225758));
#1054=VERTEX_POINT('',#1053);
#1055=CARTESIAN_POINT('',(112.269175536,-48.010479779,120.265408896));
#1056=DIRECTION('',(0.,-1.,0.));
#1057=DIRECTION('',(0.,0.,-1.));
#1058=AXIS2_PLACEMENT_3D('',#1055,#1056,#1057);
#1059=CIRCLE('',#1058,84.5);
#1060=EDGE_CURVE('',#1045,#1054,#1059,.T.);
#1061=ORIENTED_EDGE('',*,*,#1060,.T.);
#1062=CARTESIAN_POINT('',(193.802137248,-39.977797083,98.070225758));
#1063=VERTEX_POINT('',#1062);
#1064=CARTESIAN_POINT('',(193.802137248,-48.010479779,98.070225758));
#1065=DIRECTION('',(0.,1.,0.));
#1066=VECTOR('',#1065,8.032682696);
#1067=LINE('',#1064,#1066);
#1068=EDGE_CURVE('',#1054,#1063,#1067,.T.);
#1069=ORIENTED_EDGE('',*,*,#1068,.T.);
#1070=CARTESIAN_POINT('',(193.802137248,-39.977797083,98.070225758));
#1071=CARTESIAN_POINT('',(193.797467283,-39.960365874,98.053070862));
#1072=CARTESIAN_POINT('',(193.792791904,-39.942934666,98.035917439));
#1073=CARTESIAN_POINT('',(193.788111111,-39.925503457,98.018765494));
#1074=B_SPLINE_CURVE_WITH_KNOTS('',3,(#1070,#1071,#1072,#1073),.UNSPECIFIED.,.F.,.F.,(4,4),(0.,0.755120852),.UNSPECIFIED.);
#1075=EDGE_CURVE('',#1063,#820,#1074,.T.);
#1076=ORIENTED_EDGE('',*,*,#1075,.T.);
#1077=CARTESIAN_POINT('',(193.765274458,-39.925328464,97.935253042));
#1078=VERTEX_POINT('',#1077);
#1079=CARTESIAN_POINT('',(193.784749423,-39.925477652,98.006450837));
#1080=CARTESIAN_POINT('',(193.778268615,-39.925427918,97.982717164));
#1081=CARTESIAN_POINT('',(193.771776961,-39.92537819,97.958984565));
#1082=CARTESIAN_POINT('',(193.765274458,-39.925328464,97.935253042));
#1083=B_SPLINE_CURVE_WITH_KNOTS('',3,(#1079,#1080,#1081,#1082),.UNSPECIFIED.,.F.,.F.,(4,4),(0.,0.000072788),.UNSPECIFIED.);
#1084=EDGE_CURVE('',#820,#1078,#1083,.T.);
#1085=ORIENTED_EDGE('',*,*,#1084,.T.);
#1086=CARTESIAN_POINT('',(193.709297461,-39.766002853,97.731955079));
#1087=VERTEX_POINT('',#1086);
#1088=CARTESIAN_POINT('',(193.765274458,-39.925328464,97.935253042));
#1089=CARTESIAN_POINT('',(193.752637358,-39.925231849,97.889132702));
#1090=CARTESIAN_POINT('',(193.740250426,-39.910297431,97.844091968));
#1091=CARTESIAN_POINT('',(193.730058603,-39.881689305,97.8071241));
#1092=CARTESIAN_POINT('',(193.71986678,-39.853081179,97.770156233));
#1093=CARTESIAN_POINT('',(193.712509552,-39.812333505,97.74356418));
#1094=CARTESIAN_POINT('',(193.709297461,-39.766002853,97.731955079));
#1095=B_SPLINE_CURVE_WITH_KNOTS('',3,(#1088,#1089,#1090,#1091,#1092,#1093,#1094),.UNSPECIFIED.,.F.,.F.,(4,3,4),(0.,0.000141583,0.000283165),.UNSPECIFIED.);
#1096=EDGE_CURVE('',#1078,#1087,#1095,.T.);
#1097=ORIENTED_EDGE('',*,*,#1096,.T.);
#1098=CARTESIAN_POINT('',(112.269175536,-39.766002853,35.765408896));
#1099=VERTEX_POINT('',#1098);
#1100=CARTESIAN_POINT('',(112.269175536,-39.766002853,120.265408896));
#1101=DIRECTION('',(0.,1.,0.));
#1102=DIRECTION('',(0.,0.,-1.));
#1103=AXIS2_PLACEMENT_3D('',#1100,#1101,#1102);
#1104=CIRCLE('',#1103,84.5);
#1105=EDGE_CURVE('',#1087,#1099,#1104,.T.);
#1106=ORIENTED_EDGE('',*,*,#1105,.T.);
#1107=CARTESIAN_POINT('',(31.006552943,-39.766002853,97.1));
#1108=VERTEX_POINT('',#1107);
#1109=CARTESIAN_POINT('',(112.269175536,-39.766002853,120.265408896));
#1110=DIRECTION('',(0.,1.,0.));
#1111=DIRECTION('',(0.,0.,-1.));
#1112=AXIS2_PLACEMENT_3D('',#1109,#1110,#1111);
#1113=CIRCLE('',#1112,84.5);
#1114=EDGE_CURVE('',#1099,#1108,#1113,.T.);
#1115=ORIENTED_EDGE('',*,*,#1114,.T.);
#1116=CARTESIAN_POINT('',(31.006552943,-39.524581497,97.1));
#1117=VERTEX_POINT('',#1116);
#1118=CARTESIAN_POINT('',(31.006552943,-39.524581497,97.1));
#1119=DIRECTION('',(-0.,-1.,-0.));
#1120=VECTOR('',#1119,0.241421356);
#1121=LINE('',#1118,#1120);
#1122=EDGE_CURVE('',#1117,#1108,#1121,.T.);
#1123=ORIENTED_EDGE('',*,*,#1122,.F.);
#1124=CARTESIAN_POINT('',(112.269175536,-39.524581497,120.265408896));
#1125=DIRECTION('',(-0.,-1.,-0.));
#1126=DIRECTION('',(0.,0.,-1.));
#1127=AXIS2_PLACEMENT_3D('',#1124,#1125,#1126);
#1128=CIRCLE('',#1127,84.5);
#1129=EDGE_CURVE('',#1037,#1117,#1128,.T.);
#1130=ORIENTED_EDGE('',*,*,#1129,.F.);
#1131=EDGE_LOOP('',(#1043,#1052,#1061,#1069,#1076,#1085,#1097,#1106,#1115,#1123,#1130));
#1132=FACE_BOUND('',#1131,.T.);
#1133=ADVANCED_FACE('',(#1132),#1033,.F.);
#1134=CARTESIAN_POINT('',(193.802137248,-170.,98.070225758));
#1135=DIRECTION('',(0.607180002,0.,-0.794564311));
#1136=DIRECTION('',(0.,1.,0.));
#1137=AXIS2_PLACEMENT_3D('',#1134,#1135,#1136);
#1138=PLANE('',#1137);
#1139=ORIENTED_EDGE('',*,*,#1068,.F.);
#1140=CARTESIAN_POINT('',(193.802137248,-48.010479779,98.070225758));
#1141=CARTESIAN_POINT('',(194.340085453,-48.421562167,98.481308144));
#1142=CARTESIAN_POINT('',(194.876488439,-48.836598958,98.891209724));
#1143=CARTESIAN_POINT('',(195.411437158,-49.255357397,99.3));
#1144=B_SPLINE_CURVE_WITH_KNOTS('',3,(#1140,#1141,#1142,#1143),.UNSPECIFIED.,.F.,.F.,(4,4),(0.111581814,0.113950808),.UNSPECIFIED.);
#1145=EDGE_CURVE('',#1054,#114,#1144,.T.);
#1146=ORIENTED_EDGE('',*,*,#1145,.T.);
#1147=ORIENTED_EDGE('',*,*,#119,.F.);
#1148=CARTESIAN_POINT('',(193.802137248,-39.977797083,98.070225758));
#1149=CARTESIAN_POINT('',(194.59920162,-40.494973604,98.679316225));
#1150=CARTESIAN_POINT('',(195.411436126,-41.01316768,99.299999211));
#1151=B_SPLINE_CURVE_WITH_KNOTS('',2,(#1148,#1149,#1150),.UNSPECIFIED.,.F.,.F.,(3,3),(0.359367365,1.),.UNSPECIFIED.);
#1152=EDGE_CURVE('',#1063,#99,#1151,.T.);
#1153=ORIENTED_EDGE('',*,*,#1152,.F.);
#1154=EDGE_LOOP('',(#1139,#1146,#1147,#1153));
#1155=FACE_BOUND('',#1154,.T.);
#1156=ADVANCED_FACE('',(#1155),#1138,.F.);
#1157=CARTESIAN_POINT('',(207.547976108,-38.835576621,99.3));
#1158=CARTESIAN_POINT('',(205.213745238,-39.260442212,99.300117965));
#1159=CARTESIAN_POINT('',(202.879514369,-39.685307804,99.300235931));
#1160=CARTESIAN_POINT('',(200.5452835,-40.110173395,99.300353896));
#1161=CARTESIAN_POINT('',(198.370238631,-40.506064708,99.300463817));
#1162=CARTESIAN_POINT('',(196.186988013,-40.888161814,99.300626274));
#1163=CARTESIAN_POINT('',(194.001862468,-41.250293794,99.300857168));
#1164=CARTESIAN_POINT('',(207.298462955,-37.552386946,97.999629236));
#1165=CARTESIAN_POINT('',(204.969430162,-37.967533115,97.999966342));
#1166=CARTESIAN_POINT('',(202.640397369,-38.382679283,98.000303448));
#1167=CARTESIAN_POINT('',(200.311364576,-38.797825452,98.000640555));
#1168=CARTESIAN_POINT('',(198.141163293,-39.184660172,98.000954672));
#1169=CARTESIAN_POINT('',(195.963660289,-39.556748335,98.001418922));
#1170=CARTESIAN_POINT('',(193.785323272,-39.908259842,98.00207874));
#1171=CARTESIAN_POINT('',(207.294610647,-37.532575394,97.97955242));
#1172=CARTESIAN_POINT('',(204.965658108,-37.947571502,97.979892909));
#1173=CARTESIAN_POINT('',(202.63670557,-38.362567609,97.980233399));
#1174=CARTESIAN_POINT('',(200.307753031,-38.777563717,97.980573889));
#1175=CARTESIAN_POINT('',(198.13762653,-39.164258609,97.980891158));
#1176=CARTESIAN_POINT('',(195.960212265,-39.536192241,97.981360068));
#1177=CARTESIAN_POINT('',(193.781980058,-39.887539776,97.982026508));
#1178=B_SPLINE_SURFACE_WITH_KNOTS('',1,3,((#1157,#1158,#1159,#1160,#1161,#1162,#1163),(#1164,#1165,#1166,#1167,#1168,#1169,#1170),(#1171,#1172,#1173,#1174,#1175,#1176,#1177)),.UNSPECIFIED.,.F.,.F.,.U.,(2,1,2),(4,3,4),(0.349935128,1.,1.010036547),(-1.077731202,-0.04580135,0.915754665),.UNSPECIFIED.);
#1179=ORIENTED_EDGE('',*,*,#111,.F.);
#1180=CARTESIAN_POINT('',(207.547976107,-38.835576621,99.3));
#1181=CARTESIAN_POINT('',(207.127877456,-38.468821863,98.866216734));
#1182=CARTESIAN_POINT('',(206.7082642,-38.101066866,98.432812829));
#1183=CARTESIAN_POINT('',(206.289161625,-37.732293206,97.999775323));
#1184=B_SPLINE_CURVE_WITH_KNOTS('',3,(#1180,#1181,#1182,#1183),.UNSPECIFIED.,.F.,.F.,(4,4),(0.000952763,0.0030723),.UNSPECIFIED.);
#1185=EDGE_CURVE('',#90,#605,#1184,.T.);
#1186=ORIENTED_EDGE('',*,*,#1185,.T.);
#1187=ORIENTED_EDGE('',*,*,#854,.F.);
#1188=ORIENTED_EDGE('',*,*,#1075,.F.);
#1189=ORIENTED_EDGE('',*,*,#1152,.T.);
#1190=EDGE_LOOP('',(#1179,#1186,#1187,#1188,#1189));
#1191=FACE_BOUND('',#1190,.T.);
#1192=ADVANCED_FACE('',(#1191),#1178,.T.);
#1193=CARTESIAN_POINT('',(208.,-170.,100.));
#1194=DIRECTION('',(0.707106781,0.,0.707106781));
#1195=DIRECTION('',(0.,-1.,0.));
#1196=AXIS2_PLACEMENT_3D('',#1193,#1194,#1195);
#1197=PLANE('',#1196);
#1198=ORIENTED_EDGE('',*,*,#87,.F.);
#1199=ORIENTED_EDGE('',*,*,#40,.T.);
#1200=ORIENTED_EDGE('',*,*,#952,.F.);
#1201=CARTESIAN_POINT('',(210.988508496,-41.667282318,97.009079932));
#1202=VERTEX_POINT('',#1201);
#1203=CARTESIAN_POINT('',(213.,-43.326913939,95.));
#1204=CARTESIAN_POINT('',(212.330720541,-42.771727331,95.669279459));
#1205=CARTESIAN_POINT('',(211.660551605,-42.218696904,96.339448395));
#1206=CARTESIAN_POINT('',(210.989392749,-41.668066144,97.010607251));
#1207=B_SPLINE_CURVE_WITH_KNOTS('',3,(#1203,#1204,#1205,#1206),.UNSPECIFIED.,.F.,.F.,(4,4),(0.,0.003291938),.UNSPECIFIED.);
#1208=EDGE_CURVE('',#947,#1202,#1207,.T.);
#1209=ORIENTED_EDGE('',*,*,#1208,.T.);
#1210=CARTESIAN_POINT('',(210.990833431,-41.664530346,97.009166569));
#1211=CARTESIAN_POINT('',(208.70000062,-39.801296966,99.29999938));
#1212=B_SPLINE_CURVE_WITH_KNOTS('',1,(#1210,#1211),.UNSPECIFIED.,.F.,.F.,(2,2),(-1.005202179,1.318854871),.UNSPECIFIED.);
#1213=EDGE_CURVE('',#1202,#82,#1212,.T.);
#1214=ORIENTED_EDGE('',*,*,#1213,.T.);
#1215=EDGE_LOOP('',(#1198,#1199,#1200,#1209,#1214));
#1216=FACE_BOUND('',#1215,.T.);
#1217=ADVANCED_FACE('',(#1216),#1197,.T.);
#1218=CARTESIAN_POINT('',(197.198520817,-44.153097218,97.74));
#1219=DIRECTION('',(0.,0.,1.));
#1220=DIRECTION('',(1.,0.,0.));
#1221=AXIS2_PLACEMENT_3D('',#1218,#1219,#1220);
#1222=PLANE('',#1221);
#1223=CARTESIAN_POINT('',(193.752744419,-39.707849739,97.74));
#1224=VERTEX_POINT('',#1223);
#1225=CARTESIAN_POINT('',(193.844002967,-39.693134926,97.74));
#1226=VERTEX_POINT('',#1225);
#1227=CARTESIAN_POINT('',(193.752744419,-39.707849739,97.74));
#1228=CARTESIAN_POINT('',(193.783164538,-39.702948747,97.74));
#1229=CARTESIAN_POINT('',(193.813584054,-39.698043806,97.74));
#1230=CARTESIAN_POINT('',(193.844002967,-39.693134926,97.74));
#1231=B_SPLINE_CURVE_WITH_KNOTS('',3,(#1227,#1228,#1229,#1230),.UNSPECIFIED.,.F.,.F.,(4,4),(0.011168509,0.011260944),.UNSPECIFIED.);
#1232=EDGE_CURVE('',#1224,#1226,#1231,.T.);
#1233=ORIENTED_EDGE('',*,*,#1232,.T.);
#1234=CARTESIAN_POINT('',(193.844002967,-39.693134926,97.74));
#1235=CARTESIAN_POINT('',(193.81389828,-39.679986308,97.74));
#1236=CARTESIAN_POINT('',(193.777040007,-39.685728403,97.74));
#1237=CARTESIAN_POINT('',(193.752744419,-39.707849739,97.74));
#1238=B_SPLINE_CURVE_WITH_KNOTS('',3,(#1234,#1235,#1236,#1237),.UNSPECIFIED.,.F.,.F.,(4,4),(0.,0.000097139),.UNSPECIFIED.);
#1239=EDGE_CURVE('',#1226,#1224,#1238,.T.);
#1240=ORIENTED_EDGE('',*,*,#1239,.T.);
#1241=EDGE_LOOP('',(#1233,#1240));
#1242=FACE_BOUND('',#1241,.T.);
#1243=ADVANCED_FACE('',(#1242),#1222,.T.);
#1244=CARTESIAN_POINT('',(197.151545244,-170.,100.));
#1245=DIRECTION('',(0.,0.,-1.));
#1246=DIRECTION('',(-1.,0.,0.));
#1247=AXIS2_PLACEMENT_3D('',#1244,#1245,#1246);
#1248=PLANE('',#1247);
#1249=CARTESIAN_POINT('',(195.309185301,12.682303318,100.));
#1250=VERTEX_POINT('',#1249);
#1251=CARTESIAN_POINT('',(195.309185301,-4.31725275,100.));
#1252=VERTEX_POINT('',#1251);
#1253=CARTESIAN_POINT('',(195.309185301,12.682303318,100.));
#1254=DIRECTION('',(0.,-1.,0.));
#1255=VECTOR('',#1254,16.999556068);
#1256=LINE('',#1253,#1255);
#1257=EDGE_CURVE('',#1250,#1252,#1256,.T.);
#1258=ORIENTED_EDGE('',*,*,#1257,.T.);
#1259=CARTESIAN_POINT('',(196.945620905,-5.317474716,100.));
#1260=VERTEX_POINT('',#1259);
#1261=CARTESIAN_POINT('',(195.309185301,-4.31725275,100.));
#1262=CARTESIAN_POINT('',(195.854601639,-4.65076183,100.));
#1263=CARTESIAN_POINT('',(196.400080129,-4.984169226,100.));
#1264=CARTESIAN_POINT('',(196.945620905,-5.317474716,100.));
#1265=B_SPLINE_CURVE_WITH_KNOTS('',3,(#1261,#1262,#1263,#1264),.UNSPECIFIED.,.F.,.F.,(4,4),(0.,0.001917907),.UNSPECIFIED.);
#1266=EDGE_CURVE('',#1252,#1260,#1265,.T.);
#1267=ORIENTED_EDGE('',*,*,#1266,.T.);
#1268=CARTESIAN_POINT('',(209.,-5.317474716,100.));
#1269=VERTEX_POINT('',#1268);
#1270=CARTESIAN_POINT('',(196.945620905,-5.317474716,100.));
#1271=DIRECTION('',(1.,-0.,0.));
#1272=VECTOR('',#1271,12.054379095);
#1273=LINE('',#1270,#1272);
#1274=EDGE_CURVE('',#1260,#1269,#1273,.T.);
#1275=ORIENTED_EDGE('',*,*,#1274,.T.);
#1276=CARTESIAN_POINT('',(209.,13.682525284,100.));
#1277=VERTEX_POINT('',#1276);
#1278=CARTESIAN_POINT('',(209.,-5.317474716,100.));
#1279=DIRECTION('',(0.,1.,0.));
#1280=VECTOR('',#1279,19.);
#1281=LINE('',#1278,#1280);
#1282=EDGE_CURVE('',#1269,#1277,#1281,.T.);
#1283=ORIENTED_EDGE('',*,*,#1282,.T.);
#1284=CARTESIAN_POINT('',(196.945620905,13.682525284,100.));
#1285=VERTEX_POINT('',#1284);
#1286=CARTESIAN_POINT('',(209.,13.682525284,100.));
#1287=DIRECTION('',(-1.,0.,0.));
#1288=VECTOR('',#1287,12.054379095);
#1289=LINE('',#1286,#1288);
#1290=EDGE_CURVE('',#1277,#1285,#1289,.T.);
#1291=ORIENTED_EDGE('',*,*,#1290,.T.);
#1292=CARTESIAN_POINT('',(196.945620905,13.682525284,100.));
#1293=CARTESIAN_POINT('',(196.400080129,13.349219795,100.));
#1294=CARTESIAN_POINT('',(195.854601639,13.015812398,100.));
#1295=CARTESIAN_POINT('',(195.309185301,12.682303318,100.));
#1296=B_SPLINE_CURVE_WITH_KNOTS('',3,(#1292,#1293,#1294,#1295),.UNSPECIFIED.,.F.,.F.,(4,4),(0.,0.001917907),.UNSPECIFIED.);
#1297=EDGE_CURVE('',#1285,#1250,#1296,.T.);
#1298=ORIENTED_EDGE('',*,*,#1297,.T.);
#1299=EDGE_LOOP('',(#1258,#1267,#1275,#1283,#1291,#1298));
#1300=FACE_BOUND('',#1299,.T.);
#1301=ADVANCED_FACE('',(#1300),#1248,.F.);
#1302=CARTESIAN_POINT('',(209.,-170.,100.));
#1303=DIRECTION('',(0.707106781,0.,0.707106781));
#1304=DIRECTION('',(0.,-1.,0.));
#1305=AXIS2_PLACEMENT_3D('',#1302,#1303,#1304);
#1306=PLANE('',#1305);
#1307=ORIENTED_EDGE('',*,*,#1282,.F.);
#1308=CARTESIAN_POINT('',(209.,-5.317474716,100.));
#1309=DIRECTION('',(0.577350269,0.577350269,-0.577350269));
#1310=VECTOR('',#1309,6.92820323);
#1311=LINE('',#1308,#1310);
#1312=EDGE_CURVE('',#1269,#972,#1311,.T.);
#1313=ORIENTED_EDGE('',*,*,#1312,.T.);
#1314=ORIENTED_EDGE('',*,*,#977,.F.);
#1315=CARTESIAN_POINT('',(213.,9.682525284,96.));
#1316=DIRECTION('',(-0.577350269,0.577350269,0.577350269));
#1317=VECTOR('',#1316,6.92820323);
#1318=LINE('',#1315,#1317);
#1319=EDGE_CURVE('',#964,#1277,#1318,.T.);
#1320=ORIENTED_EDGE('',*,*,#1319,.T.);
#1321=EDGE_LOOP('',(#1307,#1313,#1314,#1320));
#1322=FACE_BOUND('',#1321,.T.);
#1323=ADVANCED_FACE('',(#1322),#1306,.T.);
#1324=CARTESIAN_POINT('',(194.057903374,-170.,99.032086061));
#1325=DIRECTION('',(0.611848867,0.,-0.790974692));
#1326=DIRECTION('',(0.,1.,0.));
#1327=AXIS2_PLACEMENT_3D('',#1324,#1325,#1326);
#1328=PLANE('',#1327);
#1329=CARTESIAN_POINT('',(194.563877085,12.682525284,99.42347588));
#1330=VERTEX_POINT('',#1329);
#1331=CARTESIAN_POINT('',(194.563877085,-4.317474716,99.42347588));
#1332=VERTEX_POINT('',#1331);
#1333=CARTESIAN_POINT('',(194.563877085,12.682525284,99.42347588));
#1334=DIRECTION('',(0.,-1.,0.));
#1335=VECTOR('',#1334,17.);
#1336=LINE('',#1333,#1335);
#1337=EDGE_CURVE('',#1330,#1332,#1336,.T.);
#1338=ORIENTED_EDGE('',*,*,#1337,.T.);
#1339=CARTESIAN_POINT('',(194.563877085,-4.317474716,99.42347588));
#1340=CARTESIAN_POINT('',(194.812313171,-4.317474716,99.615650597));
#1341=CARTESIAN_POINT('',(195.060749243,-4.317400727,99.807825304));
#1342=CARTESIAN_POINT('',(195.309185301,-4.31725275,100.));
#1343=B_SPLINE_CURVE_WITH_KNOTS('',3,(#1339,#1340,#1341,#1342),.UNSPECIFIED.,.F.,.F.,(4,4),(0.,0.000942266),.UNSPECIFIED.);
#1344=EDGE_CURVE('',#1332,#1252,#1343,.T.);
#1345=ORIENTED_EDGE('',*,*,#1344,.T.);
#1346=ORIENTED_EDGE('',*,*,#1257,.F.);
#1347=CARTESIAN_POINT('',(195.309185301,12.682303318,100.));
#1348=CARTESIAN_POINT('',(195.060749243,12.682451296,99.807825304));
#1349=CARTESIAN_POINT('',(194.812313171,12.682525284,99.615650597));
#1350=CARTESIAN_POINT('',(194.563877085,12.682525284,99.42347588));
#1351=B_SPLINE_CURVE_WITH_KNOTS('',3,(#1347,#1348,#1349,#1350),.UNSPECIFIED.,.F.,.F.,(4,4),(0.,0.000942266),.UNSPECIFIED.);
#1352=EDGE_CURVE('',#1250,#1330,#1351,.T.);
#1353=ORIENTED_EDGE('',*,*,#1352,.T.);
#1354=EDGE_LOOP('',(#1338,#1345,#1346,#1353));
#1355=FACE_BOUND('',#1354,.T.);
#1356=ADVANCED_FACE('',(#1355),#1328,.F.);
#1357=CARTESIAN_POINT('',(197.151545244,13.682525284,100.));
#1358=DIRECTION('',(0.,-0.707106781,-0.707106781));
#1359=DIRECTION('',(-1.,0.,0.));
#1360=AXIS2_PLACEMENT_3D('',#1357,#1358,#1359);
#1361=PLANE('',#1360);
#1362=CARTESIAN_POINT('',(197.286672896,14.682525284,99.));
#1363=VERTEX_POINT('',#1362);
#1364=CARTESIAN_POINT('',(208.,14.682525284,99.));
#1365=VERTEX_POINT('',#1364);
#1366=CARTESIAN_POINT('',(197.286672896,14.682525284,99.));
#1367=DIRECTION('',(1.,0.,-0.));
#1368=VECTOR('',#1367,10.713327104);
#1369=LINE('',#1366,#1368);
#1370=EDGE_CURVE('',#1363,#1365,#1369,.T.);
#1371=ORIENTED_EDGE('',*,*,#1370,.F.);
#1372=CARTESIAN_POINT('',(197.286672896,14.682525284,99.));
#1373=CARTESIAN_POINT('',(197.172973894,14.34919451,99.333330775));
#1374=CARTESIAN_POINT('',(197.059289902,14.015861176,99.666664109));
#1375=CARTESIAN_POINT('',(196.945620905,13.682525284,100.));
#1376=B_SPLINE_CURVE_WITH_KNOTS('',3,(#1372,#1373,#1374,#1375),.UNSPECIFIED.,.F.,.F.,(4,4),(0.,0.001454756),.UNSPECIFIED.);
#1377=EDGE_CURVE('',#1363,#1285,#1376,.T.);
#1378=ORIENTED_EDGE('',*,*,#1377,.T.);
#1379=ORIENTED_EDGE('',*,*,#1290,.F.);
#1380=CARTESIAN_POINT('',(209.,13.682525284,100.));
#1381=DIRECTION('',(-0.577350269,0.577350269,-0.577350269));
#1382=VECTOR('',#1381,1.732050808);
#1383=LINE('',#1380,#1382);
#1384=EDGE_CURVE('',#1277,#1365,#1383,.T.);
#1385=ORIENTED_EDGE('',*,*,#1384,.T.);
#1386=EDGE_LOOP('',(#1371,#1378,#1379,#1385));
#1387=FACE_BOUND('',#1386,.T.);
#1388=ADVANCED_FACE('',(#1387),#1361,.F.);
#1389=CARTESIAN_POINT('',(197.151545244,-5.317474716,100.));
#1390=DIRECTION('',(0.,0.707106781,-0.707106781));
#1391=DIRECTION('',(1.,-0.,0.));
#1392=AXIS2_PLACEMENT_3D('',#1389,#1390,#1391);
#1393=PLANE('',#1392);
#1394=ORIENTED_EDGE('',*,*,#1274,.F.);
#1395=CARTESIAN_POINT('',(197.286672895,-6.317474716,98.999999999));
#1396=VERTEX_POINT('',#1395);
#1397=CARTESIAN_POINT('',(196.945620905,-5.317474716,100.));
#1398=CARTESIAN_POINT('',(197.059289901,-5.650810607,99.666664108));
#1399=CARTESIAN_POINT('',(197.172973894,-5.984143941,99.333330774));
#1400=CARTESIAN_POINT('',(197.286672895,-6.317474716,98.999999999));
#1401=B_SPLINE_CURVE_WITH_KNOTS('',3,(#1397,#1398,#1399,#1400),.UNSPECIFIED.,.F.,.F.,(4,4),(0.,0.001454756),.UNSPECIFIED.);
#1402=EDGE_CURVE('',#1260,#1396,#1401,.T.);
#1403=ORIENTED_EDGE('',*,*,#1402,.T.);
#1404=CARTESIAN_POINT('',(208.,-6.317474716,98.999999999));
#1405=VERTEX_POINT('',#1404);
#1406=CARTESIAN_POINT('',(208.,-6.317474716,98.999999999));
#1407=DIRECTION('',(-1.,0.,0.));
#1408=VECTOR('',#1407,10.713327105);
#1409=LINE('',#1406,#1408);
#1410=EDGE_CURVE('',#1405,#1396,#1409,.T.);
#1411=ORIENTED_EDGE('',*,*,#1410,.F.);
#1412=CARTESIAN_POINT('',(208.,-6.317474716,98.999999999));
#1413=DIRECTION('',(0.577350269,0.577350269,0.577350269));
#1414=VECTOR('',#1413,1.732050808);
#1415=LINE('',#1412,#1414);
#1416=EDGE_CURVE('',#1405,#1269,#1415,.T.);
#1417=ORIENTED_EDGE('',*,*,#1416,.T.);
#1418=EDGE_LOOP('',(#1394,#1403,#1411,#1417));
#1419=FACE_BOUND('',#1418,.T.);
#1420=ADVANCED_FACE('',(#1419),#1393,.F.);
#1421=CARTESIAN_POINT('',(0.,14.682525284,0.));
#1422=DIRECTION('',(0.,-1.,0.));
#1423=DIRECTION('',(0.,0.,-1.));
#1424=AXIS2_PLACEMENT_3D('',#1421,#1422,#1423);
#1425=PLANE('',#1424);
#1426=CARTESIAN_POINT('',(42.769175536,14.682525284,120.265408896));
#1427=VERTEX_POINT('',#1426);
#1428=CARTESIAN_POINT('',(156.170738739,14.682525284,66.386816224));
#1429=VERTEX_POINT('',#1428);
#1430=CARTESIAN_POINT('',(112.269175536,14.682525284,120.265408896));
#1431=DIRECTION('',(0.,-1.,0.));
#1432=DIRECTION('',(0.,0.,-1.));
#1433=AXIS2_PLACEMENT_3D('',#1430,#1431,#1432);
#1434=CIRCLE('',#1433,69.5);
#1435=EDGE_CURVE('',#1427,#1429,#1434,.T.);
#1436=ORIENTED_EDGE('',*,*,#1435,.T.);
#1437=CARTESIAN_POINT('',(1418.261611787,14.682525284,-1482.525908293));
#1438=DIRECTION('',(-0.,1.,-0.));
#1439=DIRECTION('',(0.,0.,-1.));
#1440=AXIS2_PLACEMENT_3D('',#1437,#1438,#1439);
#1441=CIRCLE('',#1440,1998.);
#1442=EDGE_CURVE('',#1429,#1363,#1441,.T.);
#1443=ORIENTED_EDGE('',*,*,#1442,.T.);
#1444=ORIENTED_EDGE('',*,*,#1370,.T.);
#1445=CARTESIAN_POINT('',(208.,14.682525284,3.));
#1446=VERTEX_POINT('',#1445);
#1447=CARTESIAN_POINT('',(208.,14.682525284,99.));
#1448=DIRECTION('',(0.,0.,-1.));
#1449=VECTOR('',#1448,96.);
#1450=LINE('',#1447,#1449);
#1451=EDGE_CURVE('',#1365,#1446,#1450,.T.);
#1452=ORIENTED_EDGE('',*,*,#1451,.T.);
#1453=CARTESIAN_POINT('',(-16.167671507,14.682525284,3.));
#1454=VERTEX_POINT('',#1453);
#1455=CARTESIAN_POINT('',(208.,14.682525284,3.));
#1456=DIRECTION('',(-1.,-0.,0.));
#1457=VECTOR('',#1456,224.167671507);
#1458=LINE('',#1455,#1457);
#1459=EDGE_CURVE('',#1446,#1454,#1458,.T.);
#1460=ORIENTED_EDGE('',*,*,#1459,.T.);
#1461=CARTESIAN_POINT('',(-15.970005786,14.682525284,3.888591791));
#1462=VERTEX_POINT('',#1461);
#1463=CARTESIAN_POINT('',(-16.167671507,14.682525284,3.));
#1464=CARTESIAN_POINT('',(-16.167671507,14.682525284,3.154132357));
#1465=CARTESIAN_POINT('',(-16.150121683,14.682525284,3.305166849));
#1466=CARTESIAN_POINT('',(-16.116426968,14.682525284,3.453351472));
#1467=CARTESIAN_POINT('',(-16.082732253,14.682525284,3.601536096));
#1468=CARTESIAN_POINT('',(-16.032318275,14.682525284,3.747766903));
#1469=CARTESIAN_POINT('',(-15.967889836,14.682525284,3.887616982));
#1470=B_SPLINE_CURVE_WITH_KNOTS('',3,(#1463,#1464,#1465,#1466,#1467,#1468,#1469),.UNSPECIFIED.,.F.,.F.,(4,3,4),(0.,0.000455357,0.000910715),.UNSPECIFIED.);
#1471=EDGE_CURVE('',#1454,#1462,#1470,.T.);
#1472=ORIENTED_EDGE('',*,*,#1471,.T.);
#1473=CARTESIAN_POINT('',(2.9873403,14.682525284,197.));
#1474=VERTEX_POINT('',#1473);
#1475=CARTESIAN_POINT('',(-15.972123067,14.682525284,3.8895637));
#1476=CARTESIAN_POINT('',(-5.846728351,14.682525284,25.94749092));
#1477=CARTESIAN_POINT('',(0.631388123,14.682525284,47.105793038));
#1478=CARTESIAN_POINT('',(8.282229254,14.682525284,72.094353951));
#1479=CARTESIAN_POINT('',(11.22522038,14.682525284,96.589814556));
#1480=CARTESIAN_POINT('',(17.392560807,14.682525284,147.92257025));
#1481=CARTESIAN_POINT('',(2.9873403,14.682525284,197.000000003));
#1482=B_SPLINE_CURVE_WITH_KNOTS('',2,(#1475,#1476,#1477,#1478,#1479,#1480,#1481),.UNSPECIFIED.,.F.,.F.,(3,2,2,3),(0.020222505,0.25,0.5,1.),.UNSPECIFIED.);
#1483=EDGE_CURVE('',#1462,#1474,#1482,.T.);
#1484=ORIENTED_EDGE('',*,*,#1483,.T.);
#1485=CARTESIAN_POINT('',(24.940748411,14.682525284,197.));
#1486=VERTEX_POINT('',#1485);
#1487=CARTESIAN_POINT('',(2.9873403,14.682525284,197.));
#1488=DIRECTION('',(1.,0.,-0.));
#1489=VECTOR('',#1488,21.953408112);
#1490=LINE('',#1487,#1489);
#1491=EDGE_CURVE('',#1474,#1486,#1490,.T.);
#1492=ORIENTED_EDGE('',*,*,#1491,.T.);
#1493=CARTESIAN_POINT('',(42.769175536,14.682525284,179.171572875));
#1494=VERTEX_POINT('',#1493);
#1495=CARTESIAN_POINT('',(24.940748411,14.682525284,197.));
#1496=DIRECTION('',(0.707106781,0.,-0.707106781));
#1497=VECTOR('',#1496,25.213203436);
#1498=LINE('',#1495,#1497);
#1499=EDGE_CURVE('',#1486,#1494,#1498,.T.);
#1500=ORIENTED_EDGE('',*,*,#1499,.T.);
#1501=CARTESIAN_POINT('',(42.769175536,14.682525284,179.171572875));
#1502=DIRECTION('',(0.,0.,-1.));
#1503=VECTOR('',#1502,58.906163979);
#1504=LINE('',#1501,#1503);
#1505=EDGE_CURVE('',#1494,#1427,#1504,.T.);
#1506=ORIENTED_EDGE('',*,*,#1505,.T.);
#1507=EDGE_LOOP('',(#1436,#1443,#1444,#1452,#1460,#1472,#1484,#1492,#1500,#1506));
#1508=FACE_BOUND('',#1507,.T.);
#1509=ADVANCED_FACE('',(#1508),#1425,.F.);
#1510=CARTESIAN_POINT('',(43.769175536,-6.317474716,51.765408896));
#1511=DIRECTION('',(0.,1.,-0.));
#1512=DIRECTION('',(-1.,0.,0.));
#1513=AXIS2_PLACEMENT_3D('',#1510,#1511,#1512);
#1514=PLANE('',#1513);
#1515=CARTESIAN_POINT('',(42.769175536,-6.317474716,120.265408896));
#1516=VERTEX_POINT('',#1515);
#1517=CARTESIAN_POINT('',(42.769175536,-6.317474716,179.171572875));
#1518=VERTEX_POINT('',#1517);
#1519=CARTESIAN_POINT('',(42.769175536,-6.317474716,120.265408896));
#1520=DIRECTION('',(-0.,0.,1.));
#1521=VECTOR('',#1520,58.906163979);
#1522=LINE('',#1519,#1521);
#1523=EDGE_CURVE('',#1516,#1518,#1522,.T.);
#1524=ORIENTED_EDGE('',*,*,#1523,.T.);
#1525=CARTESIAN_POINT('',(24.940748411,-6.317474716,197.000000001));
#1526=VERTEX_POINT('',#1525);
#1527=CARTESIAN_POINT('',(42.769175536,-6.317474716,179.171572875));
#1528=DIRECTION('',(-0.707106781,0.,0.707106781));
#1529=VECTOR('',#1528,25.213203437);
#1530=LINE('',#1527,#1529);
#1531=EDGE_CURVE('',#1518,#1526,#1530,.T.);
#1532=ORIENTED_EDGE('',*,*,#1531,.T.);
#1533=CARTESIAN_POINT('',(14.921445828,-6.317474716,197.000000001));
#1534=VERTEX_POINT('',#1533);
#1535=CARTESIAN_POINT('',(24.940748411,-6.317474716,197.000000001));
#1536=DIRECTION('',(-1.,0.,0.));
#1537=VECTOR('',#1536,10.019302583);
#1538=LINE('',#1535,#1537);
#1539=EDGE_CURVE('',#1526,#1534,#1538,.T.);
#1540=ORIENTED_EDGE('',*,*,#1539,.T.);
#1541=CARTESIAN_POINT('',(13.769175536,-6.317474716,188.765408896));
#1542=VERTEX_POINT('',#1541);
#1543=CARTESIAN_POINT('',(43.769175536,-6.317474716,188.765408896));
#1544=DIRECTION('',(0.,1.,-0.));
#1545=DIRECTION('',(1.,-0.,-0.));
#1546=AXIS2_PLACEMENT_3D('',#1543,#1544,#1545);
#1547=CIRCLE('',#1546,30.);
#1548=EDGE_CURVE('',#1542,#1534,#1547,.T.);
#1549=ORIENTED_EDGE('',*,*,#1548,.F.);
#1550=CARTESIAN_POINT('',(13.769175536,-6.317474716,51.765408896));
#1551=VERTEX_POINT('',#1550);
#1552=CARTESIAN_POINT('',(13.769175536,-6.317474716,51.765408896));
#1553=DIRECTION('',(0.,0.,1.));
#1554=VECTOR('',#1553,137.);
#1555=LINE('',#1552,#1554);
#1556=EDGE_CURVE('',#1551,#1542,#1555,.T.);
#1557=ORIENTED_EDGE('',*,*,#1556,.F.);
#1558=CARTESIAN_POINT('',(43.769175536,-6.317474716,21.765408896));
#1559=VERTEX_POINT('',#1558);
#1560=CARTESIAN_POINT('',(43.769175536,-6.317474716,51.765408896));
#1561=DIRECTION('',(0.,1.,-0.));
#1562=DIRECTION('',(1.,-0.,-0.));
#1563=AXIS2_PLACEMENT_3D('',#1560,#1561,#1562);
#1564=CIRCLE('',#1563,30.);
#1565=EDGE_CURVE('',#1559,#1551,#1564,.T.);
#1566=ORIENTED_EDGE('',*,*,#1565,.F.);
#1567=CARTESIAN_POINT('',(180.769175536,-6.317474716,21.765408896));
#1568=VERTEX_POINT('',#1567);
#1569=CARTESIAN_POINT('',(180.769175536,-6.317474716,21.765408896));
#1570=DIRECTION('',(-1.,0.,0.));
#1571=VECTOR('',#1570,137.);
#1572=LINE('',#1569,#1571);
#1573=EDGE_CURVE('',#1568,#1559,#1572,.T.);
#1574=ORIENTED_EDGE('',*,*,#1573,.F.);
#1575=CARTESIAN_POINT('',(202.10815969,-6.317474716,30.67873644));
#1576=VERTEX_POINT('',#1575);
#1577=CARTESIAN_POINT('',(180.769175536,-6.317474716,51.765408896));
#1578=DIRECTION('',(0.,1.,-0.));
#1579=DIRECTION('',(1.,-0.,-0.));
#1580=AXIS2_PLACEMENT_3D('',#1577,#1578,#1579);
#1581=CIRCLE('',#1580,30.);
#1582=EDGE_CURVE('',#1576,#1568,#1581,.T.);
#1583=ORIENTED_EDGE('',*,*,#1582,.F.);
#1584=CARTESIAN_POINT('',(208.,-6.317474716,27.673357636));
#1585=VERTEX_POINT('',#1584);
#1586=CARTESIAN_POINT('',(202.10815969,-6.317474716,30.67873644));
#1587=DIRECTION('',(0.890802395,-0.,-0.454390903));
#1588=VECTOR('',#1587,6.614082249);
#1589=LINE('',#1586,#1588);
#1590=EDGE_CURVE('',#1576,#1585,#1589,.T.);
#1591=ORIENTED_EDGE('',*,*,#1590,.T.);
#1592=CARTESIAN_POINT('',(208.,-6.317474716,27.673357636));
#1593=DIRECTION('',(0.,0.,1.));
#1594=VECTOR('',#1593,71.326642364);
#1595=LINE('',#1592,#1594);
#1596=EDGE_CURVE('',#1585,#1405,#1595,.T.);
#1597=ORIENTED_EDGE('',*,*,#1596,.T.);
#1598=ORIENTED_EDGE('',*,*,#1410,.T.);
#1599=CARTESIAN_POINT('',(156.170738852,-6.317474716,66.386816316));
#1600=VERTEX_POINT('',#1599);
#1601=CARTESIAN_POINT('',(1418.261611787,-6.317474716,-1482.525908293));
#1602=DIRECTION('',(-0.,-1.,0.));
#1603=DIRECTION('',(-1.,0.,0.));
#1604=AXIS2_PLACEMENT_3D('',#1601,#1602,#1603);
#1605=CIRCLE('',#1604,1998.);
#1606=EDGE_CURVE('',#1396,#1600,#1605,.T.);
#1607=ORIENTED_EDGE('',*,*,#1606,.T.);
#1608=CARTESIAN_POINT('',(112.269175536,-6.317474716,50.765408896));
#1609=VERTEX_POINT('',#1608);
#1610=CARTESIAN_POINT('',(112.269175536,-6.317474716,120.265408896));
#1611=DIRECTION('',(0.,1.,-0.));
#1612=DIRECTION('',(-1.,0.,0.));
#1613=AXIS2_PLACEMENT_3D('',#1610,#1611,#1612);
#1614=CIRCLE('',#1613,69.5);
#1615=EDGE_CURVE('',#1600,#1609,#1614,.T.);
#1616=ORIENTED_EDGE('',*,*,#1615,.T.);
#1617=CARTESIAN_POINT('',(112.269175536,-6.317474716,120.265408896));
#1618=DIRECTION('',(0.,1.,-0.));
#1619=DIRECTION('',(-1.,0.,0.));
#1620=AXIS2_PLACEMENT_3D('',#1617,#1618,#1619);
#1621=CIRCLE('',#1620,69.5);
#1622=EDGE_CURVE('',#1609,#1516,#1621,.T.);
#1623=ORIENTED_EDGE('',*,*,#1622,.T.);
#1624=EDGE_LOOP('',(#1524,#1532,#1540,#1549,#1557,#1566,#1574,#1583,#1591,#1597,#1598,#1607,#1616,#1623));
#1625=FACE_BOUND('',#1624,.T.);
#1626=ADVANCED_FACE('',(#1625),#1514,.F.);
#1627=CARTESIAN_POINT('',(112.269175536,-170.,120.265408896));
#1628=DIRECTION('',(0.,1.,0.));
#1629=DIRECTION('',(0.,-0.,1.));
#1630=AXIS2_PLACEMENT_3D('',#1627,#1628,#1629);
#1631=CYLINDRICAL_SURFACE('',#1630,67.5);
#1632=CARTESIAN_POINT('',(44.769175536,-4.317474716,120.265408896));
#1633=VERTEX_POINT('',#1632);
#1634=CARTESIAN_POINT('',(44.769175536,12.682525284,120.265408896));
#1635=VERTEX_POINT('',#1634);
#1636=CARTESIAN_POINT('',(44.769175536,-4.317474716,120.265408896));
#1637=DIRECTION('',(-0.,1.,-0.));
#1638=VECTOR('',#1637,17.);
#1639=LINE('',#1636,#1638);
#1640=EDGE_CURVE('',#1633,#1635,#1639,.T.);
#1641=ORIENTED_EDGE('',*,*,#1640,.F.);
#1642=CARTESIAN_POINT('',(112.269175536,-4.317474716,52.765408896));
#1643=VERTEX_POINT('',#1642);
#1644=CARTESIAN_POINT('',(112.269175536,-4.317474716,120.265408896));
#1645=DIRECTION('',(-0.,-1.,-0.));
#1646=DIRECTION('',(0.,-0.,1.));
#1647=AXIS2_PLACEMENT_3D('',#1644,#1645,#1646);
#1648=CIRCLE('',#1647,67.5);
#1649=EDGE_CURVE('',#1633,#1643,#1648,.T.);
#1650=ORIENTED_EDGE('',*,*,#1649,.T.);
#1651=CARTESIAN_POINT('',(154.907382671,-4.317474716,67.937277912));
#1652=VERTEX_POINT('',#1651);
#1653=CARTESIAN_POINT('',(112.269175536,-4.317474716,120.265408896));
#1654=DIRECTION('',(-0.,-1.,-0.));
#1655=DIRECTION('',(0.,-0.,1.));
#1656=AXIS2_PLACEMENT_3D('',#1653,#1654,#1655);
#1657=CIRCLE('',#1656,67.5);
#1658=EDGE_CURVE('',#1643,#1652,#1657,.T.);
#1659=ORIENTED_EDGE('',*,*,#1658,.T.);
#1660=CARTESIAN_POINT('',(154.907382671,12.682525284,67.937277912));
#1661=VERTEX_POINT('',#1660);
#1662=CARTESIAN_POINT('',(154.907380831,-4.317474716,67.937276412));
#1663=DIRECTION('',(0.,1.,0.));
#1664=VECTOR('',#1663,17.);
#1665=LINE('',#1662,#1664);
#1666=EDGE_CURVE('',#1652,#1661,#1665,.T.);
#1667=ORIENTED_EDGE('',*,*,#1666,.T.);
#1668=CARTESIAN_POINT('',(112.269175536,12.682525284,120.265408896));
#1669=DIRECTION('',(0.,1.,0.));
#1670=DIRECTION('',(0.,-0.,1.));
#1671=AXIS2_PLACEMENT_3D('',#1668,#1669,#1670);
#1672=CIRCLE('',#1671,67.5);
#1673=EDGE_CURVE('',#1661,#1635,#1672,.T.);
#1674=ORIENTED_EDGE('',*,*,#1673,.T.);
#1675=EDGE_LOOP('',(#1641,#1650,#1659,#1667,#1674));
#1676=FACE_BOUND('',#1675,.T.);
#1677=ADVANCED_FACE('',(#1676),#1631,.F.);
#1678=CARTESIAN_POINT('',(-10.,-170.,0.));
#1679=DIRECTION('',(0.,0.,1.));
#1680=DIRECTION('',(1.,0.,0.));
#1681=AXIS2_PLACEMENT_3D('',#1678,#1679,#1680);
#1682=PLANE('',#1681);
#1683=CARTESIAN_POINT('',(206.757359313,11.682525284,0.));
#1684=VERTEX_POINT('',#1683);
#1685=CARTESIAN_POINT('',(210.,8.439884597,0.));
#1686=VERTEX_POINT('',#1685);
#1687=CARTESIAN_POINT('',(206.757359313,11.682525284,0.));
#1688=DIRECTION('',(0.707106781,-0.707106781,0.));
#1689=VECTOR('',#1688,4.585786438);
#1690=LINE('',#1687,#1689);
#1691=EDGE_CURVE('',#1684,#1686,#1690,.T.);
#1692=ORIENTED_EDGE('',*,*,#1691,.T.);
#1693=CARTESIAN_POINT('',(210.,-53.667334028,0.));
#1694=VERTEX_POINT('',#1693);
#1695=CARTESIAN_POINT('',(210.,8.439884597,0.));
#1696=DIRECTION('',(-0.,-1.,-0.));
#1697=VECTOR('',#1696,62.107218626);
#1698=LINE('',#1695,#1697);
#1699=EDGE_CURVE('',#1686,#1694,#1698,.T.);
#1700=ORIENTED_EDGE('',*,*,#1699,.T.);
#1701=CARTESIAN_POINT('',(206.757359313,-56.909974716,0.));
#1702=VERTEX_POINT('',#1701);
#1703=CARTESIAN_POINT('',(210.,-53.667334028,0.));
#1704=DIRECTION('',(-0.707106781,-0.707106781,-0.));
#1705=VECTOR('',#1704,4.585786438);
#1706=LINE('',#1703,#1705);
#1707=EDGE_CURVE('',#1694,#1702,#1706,.T.);
#1708=ORIENTED_EDGE('',*,*,#1707,.T.);
#1709=CARTESIAN_POINT('',(-15.008882426,-56.909974716,0.));
#1710=VERTEX_POINT('',#1709);
#1711=CARTESIAN_POINT('',(206.757359313,-56.909974716,0.));
#1712=DIRECTION('',(-1.,-0.,0.));
#1713=VECTOR('',#1712,221.766241739);
#1714=LINE('',#1711,#1713);
#1715=EDGE_CURVE('',#1702,#1710,#1714,.T.);
#1716=ORIENTED_EDGE('',*,*,#1715,.T.);
#1717=CARTESIAN_POINT('',(-17.480811068,-54.667333987,0.));
#1718=VERTEX_POINT('',#1717);
#1719=CARTESIAN_POINT('',(-15.008891295,-56.909984483,0.));
#1720=CARTESIAN_POINT('',(-15.832634512,-56.162180799,0.));
#1721=CARTESIAN_POINT('',(-16.656601668,-55.414623782,0.));
#1722=CARTESIAN_POINT('',(-17.480811067,-54.667333987,0.));
#1723=B_SPLINE_CURVE_WITH_KNOTS('',3,(#1719,#1720,#1721,#1722),.UNSPECIFIED.,.F.,.F.,(4,4),(0.010249423,0.013587067),.UNSPECIFIED.);
#1724=EDGE_CURVE('',#1710,#1718,#1723,.T.);
#1725=ORIENTED_EDGE('',*,*,#1724,.T.);
#1726=CARTESIAN_POINT('',(-17.480811068,9.43988453,0.));
#1727=VERTEX_POINT('',#1726);
#1728=CARTESIAN_POINT('',(-17.480811068,-54.667333987,0.));
#1729=DIRECTION('',(0.,1.,0.));
#1730=VECTOR('',#1729,64.107218518);
#1731=LINE('',#1728,#1730);
#1732=EDGE_CURVE('',#1718,#1727,#1731,.T.);
#1733=ORIENTED_EDGE('',*,*,#1732,.T.);
#1734=CARTESIAN_POINT('',(-15.008877394,11.682525284,0.));
#1735=VERTEX_POINT('',#1734);
#1736=CARTESIAN_POINT('',(-17.480811064,9.439884526,0.));
#1737=CARTESIAN_POINT('',(-16.656601038,10.187175431,0.));
#1738=CARTESIAN_POINT('',(-15.832631804,10.93473206,0.));
#1739=CARTESIAN_POINT('',(-15.008886241,11.682535028,0.));
#1740=B_SPLINE_CURVE_WITH_KNOTS('',3,(#1736,#1737,#1738,#1739),.UNSPECIFIED.,.F.,.F.,(4,4),(0.010249412,0.013587059),.UNSPECIFIED.);
#1741=EDGE_CURVE('',#1727,#1735,#1740,.T.);
#1742=ORIENTED_EDGE('',*,*,#1741,.T.);
#1743=CARTESIAN_POINT('',(-15.008877394,11.682525284,0.));
#1744=DIRECTION('',(1.,0.,-0.));
#1745=VECTOR('',#1744,221.766236707);
#1746=LINE('',#1743,#1745);
#1747=EDGE_CURVE('',#1735,#1684,#1746,.T.);
#1748=ORIENTED_EDGE('',*,*,#1747,.T.);
#1749=EDGE_LOOP('',(#1692,#1700,#1708,#1716,#1725,#1733,#1742,#1748));
#1750=FACE_BOUND('',#1749,.T.);
#1751=ADVANCED_FACE('',(#1750),#1682,.F.);
#1752=CARTESIAN_POINT('',(180.769175536,-6.317474716,51.765408896));
#1753=DIRECTION('',(-0.,-1.,0.));
#1754=DIRECTION('',(1.,-0.,-0.));
#1755=AXIS2_PLACEMENT_3D('',#1752,#1753,#1754);
#1756=CYLINDRICAL_SURFACE('',#1755,30.);
#1757=ORIENTED_EDGE('',*,*,#685,.F.);
#1758=CARTESIAN_POINT('',(202.10815969,-36.818768233,30.67873644));
#1759=DIRECTION('',(0.,1.,-0.));
#1760=VECTOR('',#1759,30.501293517);
#1761=LINE('',#1758,#1760);
#1762=EDGE_CURVE('',#646,#1576,#1761,.T.);
#1763=ORIENTED_EDGE('',*,*,#1762,.T.);
#1764=ORIENTED_EDGE('',*,*,#1582,.T.);
#1765=CARTESIAN_POINT('',(180.769175536,-6.317474716,21.765408896));
#1766=DIRECTION('',(-0.,-1.,0.));
#1767=VECTOR('',#1766,30.502716112);
#1768=LINE('',#1765,#1767);
#1769=EDGE_CURVE('',#1568,#655,#1768,.T.);
#1770=ORIENTED_EDGE('',*,*,#1769,.T.);
#1771=EDGE_LOOP('',(#1757,#1763,#1764,#1770));
#1772=FACE_BOUND('',#1771,.T.);
#1773=ADVANCED_FACE('',(#1772),#1756,.F.);
#1774=OVER_RIDING_STYLED_ITEM('',(#865),#1773,#26);
#1775=CARTESIAN_POINT('',(180.769175536,-6.317474716,21.765408896));
#1776=DIRECTION('',(0.,-0.,1.));
#1777=DIRECTION('',(1.,-0.,-0.));
#1778=AXIS2_PLACEMENT_3D('',#1775,#1776,#1777);
#1779=PLANE('',#1778);
#1780=ORIENTED_EDGE('',*,*,#706,.F.);
#1781=ORIENTED_EDGE('',*,*,#1769,.F.);
#1782=ORIENTED_EDGE('',*,*,#1573,.T.);
#1783=CARTESIAN_POINT('',(43.769175536,-36.820190827,21.765408896));
#1784=VERTEX_POINT('',#1783);
#1785=CARTESIAN_POINT('',(43.769175536,-6.317474716,21.765408896));
#1786=DIRECTION('',(-0.,-1.,0.));
#1787=VECTOR('',#1786,30.502716112);
#1788=LINE('',#1785,#1787);
#1789=EDGE_CURVE('',#1559,#1784,#1788,.T.);
#1790=ORIENTED_EDGE('',*,*,#1789,.T.);
#1791=CARTESIAN_POINT('',(43.769175536,-36.820190827,21.765408896));
#1792=CARTESIAN_POINT('',(43.781199671,-36.820193272,21.765408896));
#1793=CARTESIAN_POINT('',(43.793223806,-36.820194966,21.765408896));
#1794=CARTESIAN_POINT('',(43.805247941,-36.820195906,21.765408896));
#1795=B_SPLINE_CURVE_WITH_KNOTS('',3,(#1791,#1792,#1793,#1794),.UNSPECIFIED.,.F.,.F.,(4,4),(0.,0.000036072),.UNSPECIFIED.);
#1796=EDGE_CURVE('',#1784,#688,#1795,.T.);
#1797=ORIENTED_EDGE('',*,*,#1796,.T.);
#1798=EDGE_LOOP('',(#1780,#1781,#1782,#1790,#1797));
#1799=FACE_BOUND('',#1798,.T.);
#1800=ADVANCED_FACE('',(#1799),#1779,.T.);
#1801=OVER_RIDING_STYLED_ITEM('',(#865),#1800,#26);
#1802=CARTESIAN_POINT('',(43.769175536,-6.317474716,51.765408896));
#1803=DIRECTION('',(-0.,-1.,0.));
#1804=DIRECTION('',(1.,-0.,-0.));
#1805=AXIS2_PLACEMENT_3D('',#1802,#1803,#1804);
#1806=CYLINDRICAL_SURFACE('',#1805,30.);
#1807=CARTESIAN_POINT('',(13.769175536,-36.820190827,51.765408896));
#1808=VERTEX_POINT('',#1807);
#1809=CARTESIAN_POINT('',(43.769175536,-36.820190827,21.765408896));
#1810=CARTESIAN_POINT('',(41.78707335,-36.819787915,21.765408896));
#1811=CARTESIAN_POINT('',(39.837496204,-36.819574967,21.959917179));
#1812=CARTESIAN_POINT('',(37.919169763,-36.819383403,22.341312777));
#1813=CARTESIAN_POINT('',(36.960006543,-36.819287621,22.532010576));
#1814=CARTESIAN_POINT('',(36.00871391,-36.8192005,22.769776527));
#1815=CARTESIAN_POINT('',(35.065479025,-36.819141614,23.055729918));
#1816=CARTESIAN_POINT('',(34.593861583,-36.819112172,23.198706613));
#1817=CARTESIAN_POINT('',(34.123112694,-36.819088468,23.354173681));
#1818=CARTESIAN_POINT('',(33.657279026,-36.819066551,23.520948396));
#1819=CARTESIAN_POINT('',(33.191445358,-36.819044633,23.687723111));
#1820=CARTESIAN_POINT('',(32.731594968,-36.81902389,23.865348665));
#1821=CARTESIAN_POINT('',(32.277608405,-36.818998961,24.053608434));
#1822=CARTESIAN_POINT('',(30.461662154,-36.818899243,24.806647508));
#1823=CARTESIAN_POINT('',(28.738702566,-36.818865237,25.728320483));
#1824=CARTESIAN_POINT('',(27.108021822,-36.818820743,26.817343702));
#1825=CARTESIAN_POINT('',(26.700351636,-36.81880962,27.089599507));
#1826=CARTESIAN_POINT('',(26.298500782,-36.818794804,27.372408832));
#1827=CARTESIAN_POINT('',(25.90256433,-36.818783073,27.665944089));
#1828=CARTESIAN_POINT('',(25.506627878,-36.818771342,27.959479345));
#1829=CARTESIAN_POINT('',(25.115587726,-36.818762679,28.26459328));
#1830=CARTESIAN_POINT('',(24.733278138,-36.818759025,28.57845976));
#1831=CARTESIAN_POINT('',(23.968658961,-36.818751718,29.20619272));
#1832=CARTESIAN_POINT('',(23.24094512,-36.818768616,29.866778761));
#1833=CARTESIAN_POINT('',(22.548986136,-36.818768465,30.559193727));
#1834=CARTESIAN_POINT('',(21.165068167,-36.818768163,31.944023658));
#1835=CARTESIAN_POINT('',(19.923153154,-36.81877552,33.455264429));
#1836=CARTESIAN_POINT('',(18.826655262,-36.818820516,35.095955325));
#1837=CARTESIAN_POINT('',(18.552530789,-36.818831765,35.506128049));
#1838=CARTESIAN_POINT('',(18.286902558,-36.81883748,35.925650102));
#1839=CARTESIAN_POINT('',(18.03297265,-36.818844309,36.34957739));
#1840=CARTESIAN_POINT('',(17.779042743,-36.818851138,36.773504679));
#1841=CARTESIAN_POINT('',(17.536525924,-36.818859385,37.202123433));
#1842=CARTESIAN_POINT('',(17.305212126,-36.818872596,37.635347303));
#1843=CARTESIAN_POINT('',(16.84258453,-36.818899019,38.501795042));
#1844=CARTESIAN_POINT('',(16.424689564,-36.818950319,39.386630582));
#1845=CARTESIAN_POINT('',(16.050854959,-36.818999823,40.289577581));
#1846=CARTESIAN_POINT('',(15.677020353,-36.819049327,41.19252458));
#1847=CARTESIAN_POINT('',(15.347246424,-36.819082504,42.113583169));
#1848=CARTESIAN_POINT('',(15.062138598,-36.819141071,43.053002212));
#1849=CARTESIAN_POINT('',(14.919584685,-36.819170355,43.522711733));
#1850=CARTESIAN_POINT('',(14.788217104,-36.819205503,43.99701951));
#1851=CARTESIAN_POINT('',(14.668236779,-36.819246867,44.476008134));
#1852=CARTESIAN_POINT('',(14.548256455,-36.819288231,44.954996757));
#1853=CARTESIAN_POINT('',(14.439522654,-36.819335987,45.439652023));
#1854=CARTESIAN_POINT('',(14.343391209,-36.81938425,45.923900809));
#1855=CARTESIAN_POINT('',(13.95886543,-36.819577301,47.860895954));
#1856=CARTESIAN_POINT('',(13.769175536,-36.819792966,49.808155811));
#1857=CARTESIAN_POINT('',(13.769175536,-36.820190827,51.765408896));
#1858=B_SPLINE_CURVE_WITH_KNOTS('',3,(#1809,#1810,#1811,#1812,#1813,#1814,#1815,#1816,#1817,#1818,#1819,#1820,#1821,#1822,#1823,#1824,#1825,#1826,#1827,#1828,#1829,#1830,#1831,#1832,#1833,#1834,
#1835,#1836,#1837,#1838,#1839,#1840,#1841,#1842,#1843,#1844,#1845,#1846,#1847,#1848,#1849,#1850,#1851,#1852,#1853,#1854,#1855,#1856,#1857),.UNSPECIFIED.,.F.,.F.,(4,3,3,3,3,3,3,3,3,3,3,3,3,3,3,3,4),(0.020077205,0.025940924,0.028872783,0.030338713,0.031804642,0.037668361,0.039134291,0.040600221,0.04353208,0.049395799,0.050861729,0.052327658,0.055259518,0.058191377,0.059657307,0.061123236,0.066986955),.UNSPECIFIED.);
#1859=EDGE_CURVE('',#1784,#1808,#1858,.T.);
#1860=ORIENTED_EDGE('',*,*,#1859,.F.);
#1861=ORIENTED_EDGE('',*,*,#1789,.F.);
#1862=ORIENTED_EDGE('',*,*,#1565,.T.);
#1863=CARTESIAN_POINT('',(13.769175536,-6.317474716,51.765408896));
#1864=DIRECTION('',(-0.,-1.,0.));
#1865=VECTOR('',#1864,30.502716112);
#1866=LINE('',#1863,#1865);
#1867=EDGE_CURVE('',#1551,#1808,#1866,.T.);
#1868=ORIENTED_EDGE('',*,*,#1867,.T.);
#1869=EDGE_LOOP('',(#1860,#1861,#1862,#1868));
#1870=FACE_BOUND('',#1869,.T.);
#1871=ADVANCED_FACE('',(#1870),#1806,.F.);
#1872=OVER_RIDING_STYLED_ITEM('',(#865),#1871,#26);
#1873=CARTESIAN_POINT('',(13.741503223,-36.817304179,51.782264088));
#1874=CARTESIAN_POINT('',(42.449934543,-39.815645659,71.710911352));
#1875=CARTESIAN_POINT('',(42.640356511,-39.835526024,71.843064874));
#1876=CARTESIAN_POINT('',(13.745499926,-36.817633504,49.930016153));
#1877=CARTESIAN_POINT('',(43.217175588,-39.81574776,70.609776131));
#1878=CARTESIAN_POINT('',(43.412665493,-39.835627979,70.746903221));
#1879=CARTESIAN_POINT('',(13.920773261,-36.817890392,48.039555307));
#1880=CARTESIAN_POINT('',(43.990530381,-39.815835732,69.554112415));
#1881=CARTESIAN_POINT('',(44.189990867,-39.835715873,69.696771254));
#1882=CARTESIAN_POINT('',(14.283872153,-36.818093755,46.151623035));
#1883=CARTESIAN_POINT('',(44.772949083,-39.815911324,68.53486068));
#1884=CARTESIAN_POINT('',(44.975192945,-39.835791438,68.683278553));
#1885=CARTESIAN_POINT('',(14.646733695,-36.818255316,44.263886095));
#1886=CARTESIAN_POINT('',(45.555260369,-39.815975946,67.515569564));
#1887=CARTESIAN_POINT('',(45.760287054,-39.835856071,67.669747081));
#1888=CARTESIAN_POINT('',(15.197518669,-36.81838386,42.378605219));
#1889=CARTESIAN_POINT('',(46.346649961,-39.816030761,66.532695355));
#1890=CARTESIAN_POINT('',(46.553272013,-39.835910923,66.692859576));
#1891=CARTESIAN_POINT('',(15.939417701,-36.818486353,40.544497845));
#1892=CARTESIAN_POINT('',(47.15006328,-39.816076674,65.577176279));
#1893=CARTESIAN_POINT('',(47.357091736,-39.835956889,65.743170713));
#1894=CARTESIAN_POINT('',(16.681196811,-36.818566913,38.710487776));
#1895=CARTESIAN_POINT('',(47.953391135,-39.81611437,64.621613795));
#1896=CARTESIAN_POINT('',(48.160825218,-39.835994643,64.793438633));
#1897=CARTESIAN_POINT('',(17.614131328,-36.818628867,36.927622162));
#1898=CARTESIAN_POINT('',(48.768764318,-39.816144471,63.693391785));
#1899=CARTESIAN_POINT('',(48.975415241,-39.836024797,63.870889947));
#1900=CARTESIAN_POINT('',(18.724360932,-36.818675025,35.246338119));
#1901=CARTESIAN_POINT('',(49.5993601,-39.816167442,62.788048425));
#1902=CARTESIAN_POINT('',(49.804152137,-39.836047816,62.970698527));
#1903=CARTESIAN_POINT('',(19.834537098,-36.818706826,33.565093319));
#1904=CARTESIAN_POINT('',(50.429887942,-39.816183597,61.882654322));
#1905=CARTESIAN_POINT('',(50.632820342,-39.836064007,62.070456122));
#1906=CARTESIAN_POINT('',(21.122027253,-36.81872543,31.985416655));
#1907=CARTESIAN_POINT('',(51.275643907,-39.816193214,61.000138163));
#1908=CARTESIAN_POINT('',(51.475641143,-39.836073647,61.192569877));
#1909=CARTESIAN_POINT('',(22.555608314,-36.818731607,30.551841674));
#1910=CARTESIAN_POINT('',(52.139803397,-39.816196422,60.136036757));
#1911=CARTESIAN_POINT('',(52.336018156,-39.836076862,60.332251517));
#1912=CARTESIAN_POINT('',(23.989183295,-36.81872543,29.118260613));
#1913=CARTESIAN_POINT('',(53.003904803,-39.816193214,59.271877267));
#1914=CARTESIAN_POINT('',(53.196336517,-39.836073647,59.471874503));
#1915=CARTESIAN_POINT('',(25.568859959,-36.818706826,27.830770458));
#1916=CARTESIAN_POINT('',(53.886420962,-39.816183597,58.426121302));
#1917=CARTESIAN_POINT('',(54.074222762,-39.836064007,58.629053702));
#1918=CARTESIAN_POINT('',(27.250104759,-36.818675025,26.720594292));
#1919=CARTESIAN_POINT('',(54.791815065,-39.816167442,57.59559346));
#1920=CARTESIAN_POINT('',(54.974465167,-39.836047816,57.800385497));
#1921=CARTESIAN_POINT('',(28.931388801,-36.818628867,25.610364688));
#1922=CARTESIAN_POINT('',(55.697158424,-39.816144471,56.764997679));
#1923=CARTESIAN_POINT('',(55.874656587,-39.836024797,56.971648601));
#1924=CARTESIAN_POINT('',(30.714254416,-36.818566913,24.677430172));
#1925=CARTESIAN_POINT('',(56.625380435,-39.81611437,55.949624495));
#1926=CARTESIAN_POINT('',(56.797205272,-39.835994643,56.157058578));
#1927=CARTESIAN_POINT('',(32.548264485,-36.818486353,23.935651061));
#1928=CARTESIAN_POINT('',(57.580942919,-39.816076674,55.14629664));
#1929=CARTESIAN_POINT('',(57.746937353,-39.835956889,55.353325096));
#1930=CARTESIAN_POINT('',(34.382371859,-36.81838386,23.193752029));
#1931=CARTESIAN_POINT('',(58.536461994,-39.816030761,54.342883321));
#1932=CARTESIAN_POINT('',(58.696626216,-39.835910923,54.549505373));
#1933=CARTESIAN_POINT('',(36.267652735,-36.818255316,22.642967055));
#1934=CARTESIAN_POINT('',(59.519336204,-39.815975946,53.551493729));
#1935=CARTESIAN_POINT('',(59.673513721,-39.835856071,53.756520415));
#1936=CARTESIAN_POINT('',(38.155389675,-36.818093755,22.280105513));
#1937=CARTESIAN_POINT('',(60.53862732,-39.815911324,52.769182444));
#1938=CARTESIAN_POINT('',(60.687045193,-39.835791438,52.971426305));
#1939=CARTESIAN_POINT('',(40.043321947,-36.817890392,21.917006621));
#1940=CARTESIAN_POINT('',(61.557879055,-39.815835732,51.986763741));
#1941=CARTESIAN_POINT('',(61.700537894,-39.835715873,52.186224227));
#1942=CARTESIAN_POINT('',(41.933782793,-36.817633504,21.741733286));
#1943=CARTESIAN_POINT('',(62.613542771,-39.81574776,51.213408948));
#1944=CARTESIAN_POINT('',(62.750669861,-39.835627979,51.408898853));
#1945=CARTESIAN_POINT('',(43.786030728,-36.817304179,21.737736583));
#1946=CARTESIAN_POINT('',(63.714677992,-39.815645659,50.446167903));
#1947=CARTESIAN_POINT('',(63.846831514,-39.835526024,50.636589871));
#1948=B_SPLINE_SURFACE_WITH_KNOTS('',3,1,((#1873,#1874,#1875),(#1876,#1877,#1878),(#1879,#1880,#1881),(#1882,#1883,#1884),(#1885,#1886,#1887),(#1888,#1889,#1890),(#1891,#1892,#1893),(#1894,#1895,#1896),(#1897,#1898,#1899),(#1900,#1901,#1902),(#1903,#1904,#1905),(#1906,#1907,#1908),(#1909,#1910,#1911),(#1912,#1913,#1914),(#1915,#1916,#1917),(#1918,#1919,#1920),(#1921,#1922,#1923),(#1924,#1925,#1926),(#1927,#1928,#1929),(#1930,#1931,#1932),(#1933,#1934,#1935),(#1936,#1937,#1938),(#1939,#1940,#1941),(#1942,#1943,#1944),(#1945,#1946,#1947)),.UNSPECIFIED.,.F.,.F.,.U.,(4,3,3,3,3,3,3,3,4),(2,1,2),(0.,0.007535119,0.015070238,0.022605357,0.030140476,0.037675595,0.045210714,0.052745833,0.060280953),(0.000845062,1.,1.006626814),.UNSPECIFIED.);
#1949=CARTESIAN_POINT('',(42.640354328,-39.835525828,71.843063481));
#1950=VERTEX_POINT('',#1949);
#1951=CARTESIAN_POINT('',(13.769175536,-36.820195906,51.801481302));
#1952=VERTEX_POINT('',#1951);
#1953=CARTESIAN_POINT('',(42.640356445,-39.835526049,71.843064953));
#1954=CARTESIAN_POINT('',(33.01584318,-38.830712604,65.163624462));
#1955=CARTESIAN_POINT('',(23.392203935,-37.825531732,58.482982366));
#1956=CARTESIAN_POINT('',(13.769177339,-36.820196095,51.801482556));
#1957=B_SPLINE_CURVE_WITH_KNOTS('',3,(#1953,#1954,#1955,#1956),.UNSPECIFIED.,.F.,.F.,(4,4),(0.001808349,1.006626813),.UNSPECIFIED.);
#1958=EDGE_CURVE('',#1950,#1952,#1957,.T.);
#1959=ORIENTED_EDGE('',*,*,#1958,.F.);
#1960=CARTESIAN_POINT('',(42.640354328,-39.835525828,71.843063481));
#1961=CARTESIAN_POINT('',(44.077309094,-39.834488738,69.778613505));
#1962=CARTESIAN_POINT('',(45.60162605,-39.833750327,67.783620652));
#1963=CARTESIAN_POINT('',(47.21291706,-39.833232263,65.857776362));
#1964=CARTESIAN_POINT('',(48.018562566,-39.832973232,64.894854217));
#1965=CARTESIAN_POINT('',(48.846417514,-39.832815714,63.948705416));
#1966=CARTESIAN_POINT('',(49.695142568,-39.832702284,63.021127525));
#1967=CARTESIAN_POINT('',(50.543867623,-39.832588854,62.093549635));
#1968=CARTESIAN_POINT('',(51.412219085,-39.832519505,61.185853011));
#1969=CARTESIAN_POINT('',(52.30010444,-39.832519458,60.297943941));
#1970=CARTESIAN_POINT('',(53.187989795,-39.832519412,59.410034871));
#1971=CARTESIAN_POINT('',(54.095409053,-39.832588708,58.541913362));
#1972=CARTESIAN_POINT('',(55.022420987,-39.832701982,57.693638953));
#1973=CARTESIAN_POINT('',(55.949432921,-39.832815256,56.845364544));
#1974=CARTESIAN_POINT('',(56.896433882,-39.832972764,56.016667255));
#1975=CARTESIAN_POINT('',(57.859887548,-39.833231818,55.21053552));
#1976=CARTESIAN_POINT('',(59.786794881,-39.833749926,53.59827205));
#1977=CARTESIAN_POINT('',(61.782379661,-39.834488737,52.07354279));
#1978=CARTESIAN_POINT('',(63.846830121,-39.835525828,50.636587688));
#1979=B_SPLINE_CURVE_WITH_KNOTS('',3,(#1960,#1961,#1962,#1963,#1964,#1965,#1966,#1967,#1968,#1969,#1970,#1971,#1972,#1973,#1974,#1975,#1976,#1977,#1978),.UNSPECIFIED.,.F.,.F.,(4,3,3,3,3,3,4),(0.,0.007530657,0.011295985,0.015061314,0.018826642,0.02259197,0.030122627),.UNSPECIFIED.);
#1980=EDGE_CURVE('',#1950,#709,#1979,.T.);
#1981=ORIENTED_EDGE('',*,*,#1980,.T.);
#1982=ORIENTED_EDGE('',*,*,#715,.T.);
#1983=ORIENTED_EDGE('',*,*,#1796,.F.);
#1984=ORIENTED_EDGE('',*,*,#1859,.T.);
#1985=CARTESIAN_POINT('',(13.769175536,-36.820190827,51.765408896));
#1986=CARTESIAN_POINT('',(13.769175536,-36.820193272,51.777433031));
#1987=CARTESIAN_POINT('',(13.769175536,-36.820194966,51.789457166));
#1988=CARTESIAN_POINT('',(13.769175536,-36.820195906,51.801481302));
#1989=B_SPLINE_CURVE_WITH_KNOTS('',3,(#1985,#1986,#1987,#1988),.UNSPECIFIED.,.F.,.F.,(4,4),(0.,0.000036072),.UNSPECIFIED.);
#1990=EDGE_CURVE('',#1808,#1952,#1989,.T.);
#1991=ORIENTED_EDGE('',*,*,#1990,.T.);
#1992=EDGE_LOOP('',(#1959,#1981,#1982,#1983,#1984,#1991));
#1993=FACE_BOUND('',#1992,.T.);
#1994=ADVANCED_FACE('',(#1993),#1948,.F.);
#1995=OVER_RIDING_STYLED_ITEM('',(#865),#1994,#26);
#1996=CARTESIAN_POINT('',(-0.628496765,-55.916548226,195.118769467));
#1997=CARTESIAN_POINT('',(-0.628496765,0.,195.118769467));
#1998=CARTESIAN_POINT('',(-0.628496765,3.682525284,195.118769467));
#1999=CARTESIAN_POINT('',(-0.628496765,10.688933526,195.118769467));
#2000=CARTESIAN_POINT('',(0.476148936,-55.916548226,191.300275943));
#2001=CARTESIAN_POINT('',(0.476148936,0.,191.300275943));
#2002=CARTESIAN_POINT('',(0.476148936,3.682525284,191.300275943));
#2003=CARTESIAN_POINT('',(0.476148936,10.688933526,191.300275943));
#2004=CARTESIAN_POINT('',(1.45445709,-55.916548226,187.469400066));
#2005=CARTESIAN_POINT('',(1.45445709,0.,187.469400066));
#2006=CARTESIAN_POINT('',(1.45445709,3.682525284,187.469400066));
#2007=CARTESIAN_POINT('',(1.45445709,10.688933526,187.469400066));
#2008=CARTESIAN_POINT('',(2.984154477,-55.916548226,181.484310678));
#2009=CARTESIAN_POINT('',(2.984154477,0.,181.484310678));
#2010=CARTESIAN_POINT('',(2.984154477,3.682525284,181.484310678));
#2011=CARTESIAN_POINT('',(2.984154477,10.688933526,181.484310678));
#2012=CARTESIAN_POINT('',(4.205505435,-55.916548226,175.46883771));
#2013=CARTESIAN_POINT('',(4.205505435,0.,175.46883771));
#2014=CARTESIAN_POINT('',(4.205505435,3.682525284,175.46883771));
#2015=CARTESIAN_POINT('',(4.205505435,10.688933526,175.46883771));
#2016=CARTESIAN_POINT('',(5.428030943,-55.916548226,169.453860929));
#2017=CARTESIAN_POINT('',(5.428030943,0.,169.453860929));
#2018=CARTESIAN_POINT('',(5.428030943,3.682525284,169.453860929));
#2019=CARTESIAN_POINT('',(5.428030943,10.688933526,169.453860929));
#2020=CARTESIAN_POINT('',(6.342283499,-55.916548226,163.408328397));
#2021=CARTESIAN_POINT('',(6.342283499,0.,163.408328397));
#2022=CARTESIAN_POINT('',(6.342283499,3.682525284,163.408328397));
#2023=CARTESIAN_POINT('',(6.342283499,10.688933526,163.408328397));
#2024=CARTESIAN_POINT('',(7.257771547,-55.916548226,157.363112445));
#2025=CARTESIAN_POINT('',(7.257771547,0.,157.363112445));
#2026=CARTESIAN_POINT('',(7.257771547,3.682525284,157.363112445));
#2027=CARTESIAN_POINT('',(7.257771547,10.688933526,157.363112445));
#2028=CARTESIAN_POINT('',(7.865034229,-55.916548226,151.287155283));
#2029=CARTESIAN_POINT('',(7.865034229,0.,151.287155283));
#2030=CARTESIAN_POINT('',(7.865034229,3.682525284,151.287155283));
#2031=CARTESIAN_POINT('',(7.865034229,10.688933526,151.287155283));
#2032=CARTESIAN_POINT('',(8.473566003,-55.916548226,145.211325095));
#2033=CARTESIAN_POINT('',(8.473566003,0.,145.211325095));
#2034=CARTESIAN_POINT('',(8.473566003,3.682525284,145.211325095));
#2035=CARTESIAN_POINT('',(8.473566003,10.688933526,145.211325095));
#2036=CARTESIAN_POINT('',(8.773891617,-55.916548226,139.10456173));
#2037=CARTESIAN_POINT('',(8.773891617,0.,139.10456173));
#2038=CARTESIAN_POINT('',(8.773891617,3.682525284,139.10456173));
#2039=CARTESIAN_POINT('',(8.773891617,10.688933526,139.10456173));
#2040=CARTESIAN_POINT('',(9.075490953,-55.916548226,132.997732833));
#2041=CARTESIAN_POINT('',(9.075490953,0.,132.997732833));
#2042=CARTESIAN_POINT('',(9.075490953,3.682525284,132.997732833));
#2043=CARTESIAN_POINT('',(9.075490953,10.688933526,132.997732833));
#2044=CARTESIAN_POINT('',(9.06887423,-55.916548226,126.859779549));
#2045=CARTESIAN_POINT('',(9.06887423,0.,126.859779549));
#2046=CARTESIAN_POINT('',(9.06887423,3.682525284,126.859779549));
#2047=CARTESIAN_POINT('',(9.06887423,10.688933526,126.859779549));
#2048=CARTESIAN_POINT('',(9.063507079,-55.916548226,120.721572614));
#2049=CARTESIAN_POINT('',(9.063507079,0.,120.721572614));
#2050=CARTESIAN_POINT('',(9.063507079,3.682525284,120.721572614));
#2051=CARTESIAN_POINT('',(9.063507079,10.688933526,120.721572614));
#2052=CARTESIAN_POINT('',(8.749885959,-55.916548226,114.552057976));
#2053=CARTESIAN_POINT('',(8.749885959,0.,114.552057976));
#2054=CARTESIAN_POINT('',(8.749885959,3.682525284,114.552057976));
#2055=CARTESIAN_POINT('',(8.749885959,10.688933526,114.552057976));
#2056=CARTESIAN_POINT('',(8.437463436,-55.916548226,108.38211278));
#2057=CARTESIAN_POINT('',(8.437463436,0.,108.38211278));
#2058=CARTESIAN_POINT('',(8.437463436,3.682525284,108.38211278));
#2059=CARTESIAN_POINT('',(8.437463436,10.688933526,108.38211278));
#2060=CARTESIAN_POINT('',(7.816723783,-55.916548226,102.180690848));
#2061=CARTESIAN_POINT('',(7.816723783,0.,102.180690848));
#2062=CARTESIAN_POINT('',(7.816723783,3.682525284,102.180690848));
#2063=CARTESIAN_POINT('',(7.816723783,10.688933526,102.180690848));
#2064=CARTESIAN_POINT('',(7.197108407,-55.916548226,95.97867849));
#2065=CARTESIAN_POINT('',(7.197108407,0.,95.97867849));
#2066=CARTESIAN_POINT('',(7.197108407,3.682525284,95.97867849));
#2067=CARTESIAN_POINT('',(7.197108407,10.688933526,95.97867849));
#2068=CARTESIAN_POINT('',(6.26909157,-55.916548226,89.745039797));
#2069=CARTESIAN_POINT('',(6.26909157,0.,89.745039797));
#2070=CARTESIAN_POINT('',(6.26909157,3.682525284,89.745039797));
#2071=CARTESIAN_POINT('',(6.26909157,10.688933526,89.745039797));
#2072=CARTESIAN_POINT('',(5.342105914,-55.916548226,83.510672256));
#2073=CARTESIAN_POINT('',(5.342105914,0.,83.510672256));
#2074=CARTESIAN_POINT('',(5.342105914,3.682525284,83.510672256));
#2075=CARTESIAN_POINT('',(5.342105914,10.688933526,83.510672256));
#2076=CARTESIAN_POINT('',(4.106618241,-55.916548226,77.244551829));
#2077=CARTESIAN_POINT('',(4.106618241,0.,77.244551829));
#2078=CARTESIAN_POINT('',(4.106618241,3.682525284,77.244551829));
#2079=CARTESIAN_POINT('',(4.106618241,10.688933526,77.244551829));
#2080=CARTESIAN_POINT('',(2.872055064,-55.916548226,70.977588365));
#2081=CARTESIAN_POINT('',(2.872055064,0.,70.977588365));
#2082=CARTESIAN_POINT('',(2.872055064,3.682525284,70.977588365));
#2083=CARTESIAN_POINT('',(2.872055064,10.688933526,70.977588365));
#2084=CARTESIAN_POINT('',(1.328878387,-55.916548226,64.678770477));
#2085=CARTESIAN_POINT('',(1.328878387,0.,64.678770477));
#2086=CARTESIAN_POINT('',(1.328878387,3.682525284,64.678770477));
#2087=CARTESIAN_POINT('',(1.328878387,10.688933526,64.678770477));
#2088=CARTESIAN_POINT('',(-0.213488773,-55.916548226,58.379020758));
#2089=CARTESIAN_POINT('',(-0.213488773,0.,58.379020758));
#2090=CARTESIAN_POINT('',(-0.213488773,3.682525284,58.379020758));
#2091=CARTESIAN_POINT('',(-0.213488773,10.688933526,58.379020758));
#2092=CARTESIAN_POINT('',(-2.064586653,-55.916548226,52.047340485));
#2093=CARTESIAN_POINT('',(-2.064586653,0.,52.047340485));
#2094=CARTESIAN_POINT('',(-2.064586653,3.682525284,52.047340485));
#2095=CARTESIAN_POINT('',(-2.064586653,10.688933526,52.047340485));
#2096=CARTESIAN_POINT('',(-3.914993299,-55.916548226,45.714664677));
#2097=CARTESIAN_POINT('',(-3.914993299,0.,45.714664677));
#2098=CARTESIAN_POINT('',(-3.914993299,3.682525284,45.714664677));
#2099=CARTESIAN_POINT('',(-3.914993299,10.688933526,45.714664677));
#2100=CARTESIAN_POINT('',(-6.074248919,-55.916548226,39.350006655));
#2101=CARTESIAN_POINT('',(-6.074248919,0.,39.350006655));
#2102=CARTESIAN_POINT('',(-6.074248919,3.682525284,39.350006655));
#2103=CARTESIAN_POINT('',(-6.074248919,10.688933526,39.350006655));
#2104=CARTESIAN_POINT('',(-8.232930532,-55.916548226,32.984312987));
#2105=CARTESIAN_POINT('',(-8.232930532,0.,32.984312987));
#2106=CARTESIAN_POINT('',(-8.232930532,3.682525284,32.984312987));
#2107=CARTESIAN_POINT('',(-8.232930532,10.688933526,32.984312987));
#2108=CARTESIAN_POINT('',(-10.700576434,-55.916548226,26.58660795));
#2109=CARTESIAN_POINT('',(-10.700576434,0.,26.58660795));
#2110=CARTESIAN_POINT('',(-10.700576434,3.682525284,26.58660795));
#2111=CARTESIAN_POINT('',(-10.700576434,10.688933526,26.58660795));
#2112=CARTESIAN_POINT('',(-13.167760955,-55.916548226,20.187848393));
#2113=CARTESIAN_POINT('',(-13.167760955,0.,20.187848393));
#2114=CARTESIAN_POINT('',(-13.167760955,3.682525284,20.187848393));
#2115=CARTESIAN_POINT('',(-13.167760955,10.688933526,20.187848393));
#2116=CARTESIAN_POINT('',(-15.944019037,-55.916548226,13.757068157));
#2117=CARTESIAN_POINT('',(-15.944019037,0.,13.757068157));
#2118=CARTESIAN_POINT('',(-15.944019037,3.682525284,13.757068157));
#2119=CARTESIAN_POINT('',(-15.944019037,10.688933526,13.757068157));
#2120=CARTESIAN_POINT('',(-17.988505037,-55.916548226,9.019942406));
#2121=CARTESIAN_POINT('',(-17.988505037,0.,9.019942406));
#2122=CARTESIAN_POINT('',(-17.988505037,3.682525284,9.019942406));
#2123=CARTESIAN_POINT('',(-17.988505037,10.688933526,9.019942406));
#2124=CARTESIAN_POINT('',(-20.200702891,-55.916548226,4.265451101));
#2125=CARTESIAN_POINT('',(-20.200702891,0.,4.265451101));
#2126=CARTESIAN_POINT('',(-20.200702891,3.682525284,4.265451101));
#2127=CARTESIAN_POINT('',(-20.200702891,10.688933526,4.265451101));
#2128=B_SPLINE_SURFACE_WITH_KNOTS('',2,1,((#1996,#1997,#1998,#1999),(#2000,#2001,#2002,#2003),(#2004,#2005,#2006,#2007),(#2008,#2009,#2010,#2011),(#2012,#2013,#2014,#2015),(#2016,#2017,#2018,#2019),(#2020,#2021,#2022,#2023),(#2024,#2025,#2026,#2027),(#2028,#2029,#2030,#2031),(#2032,#2033,#2034,#2035),(#2036,#2037,#2038,#2039),(#2040,#2041,#2042,#2043),(#2044,#2045,#2046,#2047),(#2048,#2049,#2050,#2051),(#2052,#2053,#2054,#2055),(#2056,#2057,#2058,#2059),(#2060,#2061,#2062,#2063),(#2064,#2065,#2066,#2067),(#2068,#2069,#2070,#2071),(#2072,#2073,#2074,#2075),(#2076,#2077,#2078,#2079),(#2080,#2081,#2082,#2083),(#2084,#2085,#2086,#2087),(#2088,#2089,#2090,#2091),(#2092,#2093,#2094,#2095),(#2096,#2097,#2098,#2099),
(#2100,#2101,#2102,#2103),(#2104,#2105,#2106,#2107),(#2108,#2109,#2110,#2111),(#2112,#2113,#2114,#2115),(#2116,#2117,#2118,#2119),(#2120,#2121,#2122,#2123),(#2124,#2125,#2126,#2127)),.UNSPECIFIED.,.F.,.F.,.U.,(3,2,2,2,2,2,2,2,2,2,2,2,2,2,2,2,3),(2,1,1,2),(0.022500036,0.0625,0.125,0.1875,0.25,0.3125,0.375,0.4375,0.5,0.5625,0.625,0.6875,0.75,0.8125,0.875,0.9375,0.983532018),(0.671079128,1.,1.021661913,1.06287608),.UNSPECIFIED.);
#2129=CARTESIAN_POINT('',(-0.628761573,10.684072814,195.118692861));
#2130=VERTEX_POINT('',#2129);
#2131=CARTESIAN_POINT('',(-20.200827104,10.682525218,4.265508896));
#2132=VERTEX_POINT('',#2131);
#2133=CARTESIAN_POINT('',(-0.628761573,10.684072814,195.118692861));
#2134=CARTESIAN_POINT('',(-0.057288771,10.682020819,193.143046897));
#2135=CARTESIAN_POINT('',(0.490339525,10.682530138,191.159807064));
#2136=CARTESIAN_POINT('',(1.01211188,10.682538967,189.175774883));
#2137=CARTESIAN_POINT('',(1.533884234,10.682547795,187.191742702));
#2138=CARTESIAN_POINT('',(2.030230623,10.682547621,185.205509829));
#2139=CARTESIAN_POINT('',(2.501174543,10.682538719,183.217078297));
#2140=CARTESIAN_POINT('',(3.443062381,10.682520915,179.240215234));
#2141=CARTESIAN_POINT('',(4.283340011,10.682654297,175.25455751));
#2142=CARTESIAN_POINT('',(5.022199175,10.682809908,171.260121719));
#2143=CARTESIAN_POINT('',(6.499917503,10.68312113,163.271250139));
#2144=CARTESIAN_POINT('',(7.571956293,10.681271785,155.247265782));
#2145=CARTESIAN_POINT('',(8.239914971,10.683186931,147.18830714));
#2146=CARTESIAN_POINT('',(8.907873649,10.685102077,139.129348497));
#2147=CARTESIAN_POINT('',(9.171752536,10.688933526,131.035415579));
#2148=CARTESIAN_POINT('',(9.033239645,10.688478997,122.90665443));
#2149=CARTESIAN_POINT('',(8.9639832,10.688251733,118.842273856));
#2150=CARTESIAN_POINT('',(8.794130176,10.687179614,114.769186344));
#2151=CARTESIAN_POINT('',(8.523899074,10.685849865,110.687410812));
#2152=CARTESIAN_POINT('',(8.388783523,10.685184991,108.646523047));
#2153=CARTESIAN_POINT('',(8.228573525,10.684469957,106.603463282));
#2154=CARTESIAN_POINT('',(8.043296798,10.683863806,104.55823392));
#2155=CARTESIAN_POINT('',(7.858020071,10.683257655,102.513004557));
#2156=CARTESIAN_POINT('',(7.64766055,10.682761207,100.465994386));
#2157=CARTESIAN_POINT('',(7.413160484,10.682589145,98.423581839));
#2158=CARTESIAN_POINT('',(6.944160352,10.682245021,94.338756747));
#2159=CARTESIAN_POINT('',(6.377483,10.682953326,90.262682971));
#2160=CARTESIAN_POINT('',(5.718740091,10.683511122,86.209274444));
#2161=CARTESIAN_POINT('',(5.059997182,10.684068918,82.155865917));
#2162=CARTESIAN_POINT('',(4.309128997,10.684615263,78.123295895));
#2163=CARTESIAN_POINT('',(3.470176203,10.684827727,74.11065039));
#2164=CARTESIAN_POINT('',(1.792270616,10.685252654,66.08535938));
#2165=CARTESIAN_POINT('',(-0.237720451,10.684005416,58.139709221));
#2166=CARTESIAN_POINT('',(-2.590790302,10.683050031,50.267138668));
#2167=CARTESIAN_POINT('',(-3.179057765,10.682811185,48.29899603));
#2168=CARTESIAN_POINT('',(-3.787676475,10.682617406,46.335027175));
#2169=CARTESIAN_POINT('',(-4.415314038,10.682550249,44.377893754));
#2170=CARTESIAN_POINT('',(-5.042951601,10.682483092,42.420760332));
#2171=CARTESIAN_POINT('',(-5.689756305,10.682528979,40.469935837));
#2172=CARTESIAN_POINT('',(-6.355236279,10.682537389,38.52525837));
#2173=CARTESIAN_POINT('',(-7.686196229,10.682554209,34.635903437));
#2174=CARTESIAN_POINT('',(-9.091110385,10.682568941,30.773400189));
#2175=CARTESIAN_POINT('',(-10.564444549,10.682558764,26.940197321));
#2176=CARTESIAN_POINT('',(-13.511112876,10.682538411,19.273791584));
#2177=CARTESIAN_POINT('',(-16.732822016,10.682583005,11.719466679));
#2178=CARTESIAN_POINT('',(-20.200827104,10.682525218,4.265508896));
#2179=B_SPLINE_CURVE_WITH_KNOTS('',3,(#2133,#2134,#2135,#2136,#2137,#2138,#2139,#2140,#2141,#2142,#2143,#2144,#2145,#2146,#2147,#2148,#2149,#2150,#2151,#2152,#2153,#2154,#2155,#2156,#2157,#2158,
#2159,#2160,#2161,#2162,#2163,#2164,#2165,#2166,#2167,#2168,#2169,#2170,#2171,#2172,#2173,#2174,#2175,#2176,#2177,#2178),.UNSPECIFIED.,.F.,.F.,(4,3,3,3,3,3,3,3,3,3,3,3,3,3,3,4),(0.411900728,0.41806842,0.424236113,0.436571497,0.461242267,0.485913037,0.498248422,0.504416114,0.510583807,0.522919192,0.535254576,0.559925346,0.566093039,0.572260731,0.584596116,0.609266886),.UNSPECIFIED.);
#2180=EDGE_CURVE('',#2130,#2132,#2179,.T.);
#2181=ORIENTED_EDGE('',*,*,#2180,.T.);
#2182=CARTESIAN_POINT('',(-20.200827103,-55.909974675,4.265508897));
#2183=VERTEX_POINT('',#2182);
#2184=CARTESIAN_POINT('',(-20.200828144,10.682525218,4.26550666));
#2185=DIRECTION('',(-0.,-1.,-0.));
#2186=VECTOR('',#2185,66.592499893);
#2187=LINE('',#2184,#2186);
#2188=EDGE_CURVE('',#2132,#2183,#2187,.T.);
#2189=ORIENTED_EDGE('',*,*,#2188,.T.);
#2190=CARTESIAN_POINT('',(-0.628761573,-55.911514753,195.118692861));
#2191=VERTEX_POINT('',#2190);
#2192=CARTESIAN_POINT('',(-20.200827103,-55.909974675,4.265508897));
#2193=CARTESIAN_POINT('',(-18.468158447,-55.909997202,7.989620798));
#2194=CARTESIAN_POINT('',(-16.795770563,-55.90999289,11.741634295));
#2195=CARTESIAN_POINT('',(-15.188315463,-55.909978009,15.520636042));
#2196=CARTESIAN_POINT('',(-13.580860363,-55.909963128,19.299637788));
#2197=CARTESIAN_POINT('',(-12.039848913,-55.909997644,23.10201163));
#2198=CARTESIAN_POINT('',(-10.568756282,-55.9100072,26.928979988));
#2199=CARTESIAN_POINT('',(-7.626571019,-55.910026313,34.582916704));
#2200=CARTESIAN_POINT('',(-4.963700153,-55.909529787,42.335104558));
#2201=CARTESIAN_POINT('',(-2.611853915,-55.910504428,50.196697816));
#2202=CARTESIAN_POINT('',(-2.023892356,-55.910748088,52.162096131));
#2203=CARTESIAN_POINT('',(-1.455398473,-55.911038508,54.134342358));
#2204=CARTESIAN_POINT('',(-0.906926593,-55.911312247,56.113631488));
#2205=CARTESIAN_POINT('',(-0.358454714,-55.911585986,58.092920619));
#2206=CARTESIAN_POINT('',(0.169394701,-55.911842184,60.077204971));
#2207=CARTESIAN_POINT('',(0.675168316,-55.91203776,62.062341192));
#2208=CARTESIAN_POINT('',(1.686715546,-55.912428912,66.032613633));
#2209=CARTESIAN_POINT('',(2.611363496,-55.912553045,70.011294048));
#2210=CARTESIAN_POINT('',(3.446727787,-55.912342214,73.998613136));
#2211=CARTESIAN_POINT('',(5.117456368,-55.911920551,81.973251312));
#2212=CARTESIAN_POINT('',(6.431165981,-55.909499146,89.982432984));
#2213=CARTESIAN_POINT('',(7.367449332,-55.910009608,98.028132722));
#2214=CARTESIAN_POINT('',(8.303732684,-55.91052007,106.07383246));
#2215=CARTESIAN_POINT('',(8.862604868,-55.915315308,114.156048818));
#2216=CARTESIAN_POINT('',(9.021705968,-55.915931767,122.276945146));
#2217=CARTESIAN_POINT('',(9.180807069,-55.916548226,130.397841475));
#2218=CARTESIAN_POINT('',(8.940155097,-55.912820167,138.557416029));
#2219=CARTESIAN_POINT('',(8.275190191,-55.910747257,146.758045174));
#2220=CARTESIAN_POINT('',(8.192069578,-55.910488144,147.783123817));
#2221=CARTESIAN_POINT('',(8.102281328,-55.910275489,148.809128279));
#2222=CARTESIAN_POINT('',(8.00605423,-55.910139173,149.833345713));
#2223=CARTESIAN_POINT('',(7.909827133,-55.910002858,150.857563146));
#2224=CARTESIAN_POINT('',(7.807118734,-55.90996732,151.88056936));
#2225=CARTESIAN_POINT('',(7.697950143,-55.909978818,152.902368301));
#2226=CARTESIAN_POINT('',(7.479612959,-55.910001815,154.945966183));
#2227=CARTESIAN_POINT('',(7.235435112,-55.910110622,156.984734994));
#2228=CARTESIAN_POINT('',(6.9655844,-55.910200915,159.018706096));
#2229=CARTESIAN_POINT('',(6.425882977,-55.910381502,163.086648299));
#2230=CARTESIAN_POINT('',(5.783491626,-55.910425008,167.13539995));
#2231=CARTESIAN_POINT('',(5.039736027,-55.910267403,171.165208791));
#2232=CARTESIAN_POINT('',(4.295980428,-55.910109798,175.195017633));
#2233=CARTESIAN_POINT('',(3.450860735,-55.909971678,179.205883688));
#2234=CARTESIAN_POINT('',(2.505680324,-55.90998366,183.198050528));
#2235=CARTESIAN_POINT('',(2.033090119,-55.90998965,185.194133948));
#2236=CARTESIAN_POINT('',(1.535484424,-55.909989812,187.185542507));
#2237=CARTESIAN_POINT('',(1.013024053,-55.909983889,189.172306258));
#2238=CARTESIAN_POINT('',(0.490563681,-55.909977966,191.159070009));
#2239=CARTESIAN_POINT('',(-0.056751348,-55.909470233,193.141188966));
#2240=CARTESIAN_POINT('',(-0.628761573,-55.911514753,195.118692861));
#2241=B_SPLINE_CURVE_WITH_KNOTS('',3,(#2192,#2193,#2194,#2195,#2196,#2197,#2198,#2199,#2200,#2201,#2202,#2203,#2204,#2205,#2206,#2207,#2208,#2209,#2210,#2211,#2212,#2213,#2214,#2215,#2216,#2217,
#2218,#2219,#2220,#2221,#2222,#2223,#2224,#2225,#2226,#2227,#2228,#2229,#2230,#2231,#2232,#2233,#2234,#2235,#2236,#2237,#2238,#2239,#2240),.UNSPECIFIED.,.F.,.F.,(4,3,3,3,3,3,3,3,3,3,3,3,3,3,3,3,4),(0.,0.012320959,0.024641917,0.049283834,0.055444314,0.061604793,0.073925752,0.098567669,0.123209586,0.147851503,0.150931743,0.154011983,0.160172462,0.17249342,0.184814379,0.190974858,0.197135338),.UNSPECIFIED.);
#2242=EDGE_CURVE('',#2183,#2191,#2241,.T.);
#2243=ORIENTED_EDGE('',*,*,#2242,.T.);
#2244=CARTESIAN_POINT('',(-0.628761573,-55.911514753,195.118692861));
#2245=CARTESIAN_POINT('',(-0.628761573,-33.712985564,195.118692862));
#2246=CARTESIAN_POINT('',(-0.628761573,-11.514456375,195.118692861));
#2247=CARTESIAN_POINT('',(-0.628761573,10.684072814,195.118692861));
#2248=B_SPLINE_CURVE_WITH_KNOTS('',3,(#2244,#2245,#2246,#2247),.UNSPECIFIED.,.F.,.F.,(4,4),(0.337110765,0.403706353),.UNSPECIFIED.);
#2249=EDGE_CURVE('',#2191,#2130,#2248,.T.);
#2250=ORIENTED_EDGE('',*,*,#2249,.T.);
#2251=EDGE_LOOP('',(#2181,#2189,#2243,#2250));
#2252=FACE_BOUND('',#2251,.T.);
#2253=ADVANCED_FACE('',(#2252),#2128,.F.);
#2254=CARTESIAN_POINT('',(13.769175536,-6.317474716,51.765408896));
#2255=DIRECTION('',(1.,-0.,-0.));
#2256=DIRECTION('',(-0.,0.,-1.));
#2257=AXIS2_PLACEMENT_3D('',#2254,#2255,#2256);
#2258=PLANE('',#2257);
#2259=ORIENTED_EDGE('',*,*,#1556,.T.);
#2260=CARTESIAN_POINT('',(13.769175536,-36.820190827,188.765408896));
#2261=VERTEX_POINT('',#2260);
#2262=CARTESIAN_POINT('',(13.769175536,-6.317474716,188.765408896));
#2263=DIRECTION('',(-0.,-1.,0.));
#2264=VECTOR('',#2263,30.502716112);
#2265=LINE('',#2262,#2264);
#2266=EDGE_CURVE('',#1542,#2261,#2265,.T.);
#2267=ORIENTED_EDGE('',*,*,#2266,.T.);
#2268=CARTESIAN_POINT('',(13.769175536,-36.820195906,51.801481302));
#2269=CARTESIAN_POINT('',(13.769175536,-36.82108881,63.215142005));
#2270=CARTESIAN_POINT('',(13.769175536,-36.82259121,74.628802623));
#2271=CARTESIAN_POINT('',(13.769175536,-36.824759923,86.04246315));
#2272=CARTESIAN_POINT('',(13.769175536,-36.826928636,97.456123677));
#2273=CARTESIAN_POINT('',(13.769175536,-36.829674391,108.869784124));
#2274=CARTESIAN_POINT('',(13.769175536,-36.829671821,120.28344495));
#2275=CARTESIAN_POINT('',(13.769175536,-36.829669251,131.697105777));
#2276=CARTESIAN_POINT('',(13.769175536,-36.826920739,143.110766287));
#2277=CARTESIAN_POINT('',(13.769175536,-36.82475307,154.524426867));
#2278=CARTESIAN_POINT('',(13.769175536,-36.823669236,160.231257157));
#2279=CARTESIAN_POINT('',(13.769175536,-36.822718397,165.938087466));
#2280=CARTESIAN_POINT('',(13.769175536,-36.821964662,171.644917805));
#2281=CARTESIAN_POINT('',(13.769175536,-36.821210927,177.351748145));
#2282=CARTESIAN_POINT('',(13.769175536,-36.82135092,183.058578618));
#2283=CARTESIAN_POINT('',(13.769175536,-36.820190827,188.765408896));
#2284=B_SPLINE_CURVE_WITH_KNOTS('',3,(#2268,#2269,#2270,#2271,#2272,#2273,#2274,#2275,#2276,#2277,#2278,#2279,#2280,#2281,#2282,#2283),.UNSPECIFIED.,.F.,.F.,(4,3,3,3,3,4),(0.117232922,0.151390547,0.185548173,0.219705799,0.236784612,0.253863424),.UNSPECIFIED.);
#2285=EDGE_CURVE('',#1952,#2261,#2284,.T.);
#2286=ORIENTED_EDGE('',*,*,#2285,.F.);
#2287=ORIENTED_EDGE('',*,*,#1990,.F.);
#2288=ORIENTED_EDGE('',*,*,#1867,.F.);
#2289=EDGE_LOOP('',(#2259,#2267,#2286,#2287,#2288));
#2290=FACE_BOUND('',#2289,.T.);
#2291=ADVANCED_FACE('',(#2290),#2258,.T.);
#2292=OVER_RIDING_STYLED_ITEM('',(#865),#2291,#26);
#2293=CARTESIAN_POINT('',(18.633915461,-36.81953378,205.125136459));
#2294=CARTESIAN_POINT('',(49.524723262,-39.816165358,177.661309375));
#2295=CARTESIAN_POINT('',(49.837100592,-39.846465366,177.383637359));
#2296=CARTESIAN_POINT('',(50.139707538,-39.875817534,177.114652398));
#2297=CARTESIAN_POINT('',(17.567354826,-36.819488091,203.488595463));
#2298=CARTESIAN_POINT('',(48.719902387,-39.81614266,176.781764641));
#2299=CARTESIAN_POINT('',(49.034932491,-39.846442598,176.511755179));
#2300=CARTESIAN_POINT('',(49.340109472,-39.875794679,176.250193404));
#2301=CARTESIAN_POINT('',(16.667968431,-36.819427462,201.757913575));
#2302=CARTESIAN_POINT('',(47.929315752,-39.81611324,175.88056621));
#2303=CARTESIAN_POINT('',(48.245451041,-39.846413099,175.618951379));
#2304=CARTESIAN_POINT('',(48.551698813,-39.875765079,175.365521909));
#2305=CARTESIAN_POINT('',(15.948402925,-36.819349328,199.979113296));
#2306=CARTESIAN_POINT('',(47.15006328,-39.816076674,174.953641513));
#2307=CARTESIAN_POINT('',(47.465598873,-39.846376447,174.700646585));
#2308=CARTESIAN_POINT('',(47.771265822,-39.875728317,174.455567574));
#2309=CARTESIAN_POINT('',(15.206486184,-36.819246852,198.145258859));
#2310=CARTESIAN_POINT('',(46.346649961,-39.816030761,173.998122438));
#2311=CARTESIAN_POINT('',(46.661566146,-39.846330453,173.754013435));
#2312=CARTESIAN_POINT('',(46.966633101,-39.875682214,173.517542502));
#2313=CARTESIAN_POINT('',(14.655631942,-36.819118329,196.260237776));
#2314=CARTESIAN_POINT('',(45.555260369,-39.815975946,173.015248228));
#2315=CARTESIAN_POINT('',(45.867745029,-39.846275581,172.780263664));
#2316=CARTESIAN_POINT('',(46.170456479,-39.875627255,172.552631752));
#2317=CARTESIAN_POINT('',(14.292649645,-36.818956796,194.372750853));
#2318=CARTESIAN_POINT('',(44.772949083,-39.815911324,171.995957112));
#2319=CARTESIAN_POINT('',(45.081192394,-39.846210943,171.769750919));
#2320=CARTESIAN_POINT('',(45.379795046,-39.875562566,171.550622669));
#2321=CARTESIAN_POINT('',(13.929430035,-36.81875347,192.485068665));
#2322=CARTESIAN_POINT('',(43.990530381,-39.815835732,170.976705378));
#2323=CARTESIAN_POINT('',(44.294531501,-39.846135391,170.759276624));
#2324=CARTESIAN_POINT('',(44.589024469,-39.875487018,170.548651017));
#2325=CARTESIAN_POINT('',(13.753984519,-36.81849663,190.594848149));
#2326=CARTESIAN_POINT('',(43.217175588,-39.81574776,169.921041662));
#2327=CARTESIAN_POINT('',(43.515125076,-39.846047539,169.712043938));
#2328=CARTESIAN_POINT('',(43.803755449,-39.875399246,169.509585285));
#2329=CARTESIAN_POINT('',(13.749768085,-36.818167371,188.742816452));
#2330=CARTESIAN_POINT('',(42.449934543,-39.815645659,168.81990644));
#2331=CARTESIAN_POINT('',(42.740159902,-39.845945661,168.618489015));
#2332=CARTESIAN_POINT('',(43.021307432,-39.875297548,168.423373078));
#2333=CARTESIAN_POINT('',(13.742509274,-36.817673561,182.923517416));
#2334=CARTESIAN_POINT('',(40.034706006,-39.815258101,165.354343531));
#2335=CARTESIAN_POINT('',(40.300583489,-39.845559159,165.176727421));
#2336=CARTESIAN_POINT('',(40.558144778,-39.874912066,165.004668317));
#2337=CARTESIAN_POINT('',(13.735092571,-36.817084705,177.147779567));
#2338=CARTESIAN_POINT('',(37.860582893,-39.814773605,161.683896066));
#2339=CARTESIAN_POINT('',(38.104552281,-39.84507587,161.527569802));
#2340=CARTESIAN_POINT('',(38.340890803,-39.874429945,161.376134651));
#2341=CARTESIAN_POINT('',(13.727575707,-36.816389484,171.403881506));
#2342=CARTESIAN_POINT('',(35.965540704,-39.81417051,157.84908129));
#2343=CARTESIAN_POINT('',(36.190424989,-39.84447409,157.71206151));
#2344=CARTESIAN_POINT('',(36.408275435,-39.873829448,157.579329011));
#2345=CARTESIAN_POINT('',(13.719690944,-36.815581065,165.659983079));
#2346=CARTESIAN_POINT('',(34.069811093,-39.813427015,154.013943875));
#2347=CARTESIAN_POINT('',(34.27560683,-39.843731918,153.896227702));
#2348=CARTESIAN_POINT('',(34.474965858,-39.873088573,153.782195087));
#2349=CARTESIAN_POINT('',(13.711848796,-36.814660961,159.947924217));
#2350=CARTESIAN_POINT('',(32.453203389,-39.812525454,150.014241359));
#2351=CARTESIAN_POINT('',(32.642731902,-39.842831516,149.913842845));
#2352=CARTESIAN_POINT('',(32.826332569,-39.872189318,149.816586295));
#2353=CARTESIAN_POINT('',(13.704236206,-36.813644909,154.255993438));
#2354=CARTESIAN_POINT('',(31.145363379,-39.811460296,145.899255621));
#2355=CARTESIAN_POINT('',(31.321743392,-39.841767117,145.814804843));
#2356=CARTESIAN_POINT('',(31.492606832,-39.871125692,145.732997274));
#2357=CARTESIAN_POINT('',(13.696725755,-36.812568975,148.564061862));
#2358=CARTESIAN_POINT('',(29.837277767,-39.810251289,141.783565469));
#2359=CARTESIAN_POINT('',(30.000504305,-39.840558195,141.715053641));
#2360=CARTESIAN_POINT('',(30.158625653,-39.869916899,141.648686491));
#2361=CARTESIAN_POINT('',(13.6899533,-36.811492711,142.892258102));
#2362=CARTESIAN_POINT('',(28.838639149,-39.808956794,137.552356794));
#2363=CARTESIAN_POINT('',(28.991832137,-39.839262917,137.49840953));
#2364=CARTESIAN_POINT('',(29.140233667,-39.868620915,137.44615132));
#2365=CARTESIAN_POINT('',(13.684277366,-36.81049943,137.230515773));
#2366=CARTESIAN_POINT('',(28.168780944,-39.807684127,133.261200284));
#2367=CARTESIAN_POINT('',(28.315252541,-39.837988646,133.221105786));
#2368=CARTESIAN_POINT('',(28.457142756,-39.867345138,133.182266848));
#2369=CARTESIAN_POINT('',(13.679681075,-36.809687979,131.568772498));
#2370=CARTESIAN_POINT('',(27.500318895,-39.806587377,128.969208577));
#2371=CARTESIAN_POINT('',(27.64007214,-39.836889877,128.942953995));
#2372=CARTESIAN_POINT('',(27.775453973,-39.866244453,128.91752172));
#2373=CARTESIAN_POINT('',(13.676846851,-36.809153369,125.917090914));
#2374=CARTESIAN_POINT('',(27.161956473,-39.805836406,124.617500408));
#2375=CARTESIAN_POINT('',(27.298312693,-39.836137196,124.604376256));
#2376=CARTESIAN_POINT('',(27.430403615,-39.865490141,124.591663205));
#2377=CARTESIAN_POINT('',(13.676000919,-36.808966187,120.265408896));
#2378=CARTESIAN_POINT('',(27.160601419,-39.805568062,120.265408896));
#2379=CARTESIAN_POINT('',(27.296950857,-39.835868179,120.265408896));
#2380=CARTESIAN_POINT('',(27.429035154,-39.86522048,120.265408896));
#2381=CARTESIAN_POINT('',(13.676846851,-36.809153369,114.613726878));
#2382=CARTESIAN_POINT('',(27.161956473,-39.805836406,115.913317384));
#2383=CARTESIAN_POINT('',(27.298312693,-39.836137196,115.926441537));
#2384=CARTESIAN_POINT('',(27.430403615,-39.865490141,115.939154588));
#2385=CARTESIAN_POINT('',(13.679681075,-36.809687979,108.962045295));
#2386=CARTESIAN_POINT('',(27.500318895,-39.806587377,111.561609215));
#2387=CARTESIAN_POINT('',(27.64007214,-39.836889877,111.587863798));
#2388=CARTESIAN_POINT('',(27.775453973,-39.866244453,111.613296073));
#2389=CARTESIAN_POINT('',(13.684277366,-36.81049943,103.300302019));
#2390=CARTESIAN_POINT('',(28.168780944,-39.807684127,107.269617508));
#2391=CARTESIAN_POINT('',(28.315252541,-39.837988646,107.309712006));
#2392=CARTESIAN_POINT('',(28.457142756,-39.867345138,107.348550944));
#2393=CARTESIAN_POINT('',(13.6899533,-36.811492711,97.63855969));
#2394=CARTESIAN_POINT('',(28.838639149,-39.808956794,102.978460999));
#2395=CARTESIAN_POINT('',(28.991832137,-39.839262917,103.032408262));
#2396=CARTESIAN_POINT('',(29.140233667,-39.868620915,103.084666472));
#2397=CARTESIAN_POINT('',(13.696725755,-36.812568975,91.966755931));
#2398=CARTESIAN_POINT('',(29.837277767,-39.810251289,98.747252323));
#2399=CARTESIAN_POINT('',(30.000504305,-39.840558195,98.815764152));
#2400=CARTESIAN_POINT('',(30.158625653,-39.869916899,98.882131301));
#2401=CARTESIAN_POINT('',(13.704236206,-36.813644909,86.274824354));
#2402=CARTESIAN_POINT('',(31.145363379,-39.811460296,94.631562172));
#2403=CARTESIAN_POINT('',(31.321743392,-39.841767117,94.716012949));
#2404=CARTESIAN_POINT('',(31.492606832,-39.871125692,94.797820518));
#2405=CARTESIAN_POINT('',(13.711848796,-36.814660961,80.582893576));
#2406=CARTESIAN_POINT('',(32.453203389,-39.812525454,90.516576433));
#2407=CARTESIAN_POINT('',(32.642731902,-39.842831516,90.616974947));
#2408=CARTESIAN_POINT('',(32.826332569,-39.872189318,90.714231497));
#2409=CARTESIAN_POINT('',(13.719690944,-36.815581065,74.870834713));
#2410=CARTESIAN_POINT('',(34.069811093,-39.813427015,86.516873918));
#2411=CARTESIAN_POINT('',(34.27560683,-39.843731918,86.634590091));
#2412=CARTESIAN_POINT('',(34.474965858,-39.873088573,86.748622706));
#2413=CARTESIAN_POINT('',(13.727575707,-36.816389484,69.126936286));
#2414=CARTESIAN_POINT('',(35.965540704,-39.81417051,82.681736502));
#2415=CARTESIAN_POINT('',(36.190424989,-39.84447409,82.818756283));
#2416=CARTESIAN_POINT('',(36.408275435,-39.873829448,82.951488781));
#2417=CARTESIAN_POINT('',(13.735092571,-36.817084705,63.383038225));
#2418=CARTESIAN_POINT('',(37.860582893,-39.814773605,78.846921726));
#2419=CARTESIAN_POINT('',(38.104552281,-39.84507587,79.00324799));
#2420=CARTESIAN_POINT('',(38.340890803,-39.874429945,79.154683141));
#2421=CARTESIAN_POINT('',(13.742509274,-36.817673561,57.607300376));
#2422=CARTESIAN_POINT('',(40.034706006,-39.815258101,75.176474261));
#2423=CARTESIAN_POINT('',(40.300583489,-39.845559159,75.354090372));
#2424=CARTESIAN_POINT('',(40.558144778,-39.874912066,75.526149476));
#2425=CARTESIAN_POINT('',(13.749768085,-36.818167371,51.788001341));
#2426=CARTESIAN_POINT('',(42.449934543,-39.815645659,71.710911352));
#2427=CARTESIAN_POINT('',(42.740159902,-39.845945661,71.912328777));
#2428=CARTESIAN_POINT('',(43.021307432,-39.875297548,72.107444714));
#2429=B_SPLINE_SURFACE_WITH_KNOTS('',3,1,((#2293,#2294,#2295,#2296),(#2297,#2298,#2299,#2300),(#2301,#2302,#2303,#2304),(#2305,#2306,#2307,#2308),(#2309,#2310,#2311,#2312),(#2313,#2314,#2315,#2316),(#2317,#2318,#2319,#2320),(#2321,#2322,#2323,#2324),(#2325,#2326,#2327,#2328),(#2329,#2330,#2331,#2332),(#2333,#2334,#2335,#2336),(#2337,#2338,#2339,#2340),(#2341,#2342,#2343,#2344),(#2345,#2346,#2347,#2348),(#2349,#2350,#2351,#2352),(#2353,#2354,#2355,#2356),(#2357,#2358,#2359,#2360),(#2361,#2362,#2363,#2364),(#2365,#2366,#2367,#2368),(#2369,#2370,#2371,#2372),(#2373,#2374,#2375,#2376),(#2377,#2378,#2379,#2380),(#2381,#2382,#2383,#2384),(#2385,#2386,#2387,#2388),(#2389,#2390,#2391,#2392),(#2393,#2394,#2395,#2396),
(#2397,#2398,#2399,#2400),(#2401,#2402,#2403,#2404),(#2405,#2406,#2407,#2408),(#2409,#2410,#2411,#2412),(#2413,#2414,#2415,#2416),(#2417,#2418,#2419,#2420),(#2421,#2422,#2423,#2424),(#2425,#2426,#2427,#2428)),.UNSPECIFIED.,.F.,.F.,.U.,(4,3,3,3,3,3,3,3,3,3,3,4),(2,1,1,2),(0.78790142,0.795210714,0.802745833,0.810280953,0.833995833,0.857710714,0.881425595,0.905140476,0.928855357,0.952570238,0.976285119,1.),(0.001132708,1.,1.010100039,1.019884139),.UNSPECIFIED.);
#2430=ORIENTED_EDGE('',*,*,#2285,.T.);
#2431=CARTESIAN_POINT('',(14.921662856,-36.819172662,197.000760267));
#2432=VERTEX_POINT('',#2431);
#2433=CARTESIAN_POINT('',(13.769175536,-36.820190827,188.765408896));
#2434=CARTESIAN_POINT('',(13.769175536,-36.81990963,190.148739035));
#2435=CARTESIAN_POINT('',(13.864392385,-36.819702368,191.529830597));
#2436=CARTESIAN_POINT('',(14.056659109,-36.819555089,192.908640435));
#2437=CARTESIAN_POINT('',(14.10472579,-36.81951827,193.253342894));
#2438=CARTESIAN_POINT('',(14.158885583,-36.819483975,193.597902094));
#2439=CARTESIAN_POINT('',(14.219224053,-36.81945002,193.942316017));
#2440=CARTESIAN_POINT('',(14.279562523,-36.819416065,194.286729939));
#2441=CARTESIAN_POINT('',(14.346212866,-36.819381568,194.631547488));
#2442=CARTESIAN_POINT('',(14.418588121,-36.819347822,194.973711272));
#2443=CARTESIAN_POINT('',(14.563338631,-36.81928033,195.65803884));
#2444=CARTESIAN_POINT('',(14.731217428,-36.819219606,196.333651291));
#2445=CARTESIAN_POINT('',(14.921662856,-36.819172662,197.000760267));
#2446=B_SPLINE_CURVE_WITH_KNOTS('',3,(#2433,#2434,#2435,#2436,#2437,#2438,#2439,#2440,#2441,#2442,#2443,#2444,#2445),.UNSPECIFIED.,.F.,.F.,(4,3,3,3,4),(0.027648476,0.031796958,0.032834078,0.033871199,0.03594544),.UNSPECIFIED.);
#2447=EDGE_CURVE('',#2261,#2432,#2446,.T.);
#2448=ORIENTED_EDGE('',*,*,#2447,.T.);
#2449=CARTESIAN_POINT('',(27.768311488,-37.705290563,197.00217083));
#2450=VERTEX_POINT('',#2449);
#2451=CARTESIAN_POINT('',(14.921604888,-36.819161522,197.000713607));
#2452=CARTESIAN_POINT('',(19.193138756,-37.158610232,197.001690153));
#2453=CARTESIAN_POINT('',(23.561337463,-37.454114291,197.002481717));
#2454=CARTESIAN_POINT('',(27.769529624,-37.705754369,197.003013874));
#2455=B_SPLINE_CURVE_WITH_KNOTS('',3,(#2451,#2452,#2453,#2454),.UNSPECIFIED.,.F.,.F.,(4,4),(0.,1.),.UNSPECIFIED.);
#2456=EDGE_CURVE('',#2432,#2450,#2455,.T.);
#2457=ORIENTED_EDGE('',*,*,#2456,.T.);
#2458=CARTESIAN_POINT('',(27.769175536,-39.863383056,127.839856076));
#2459=VERTEX_POINT('',#2458);
#2460=CARTESIAN_POINT('',(27.769175536,-37.705775915,197.002187121));
#2461=CARTESIAN_POINT('',(27.769175536,-37.946882691,191.240920324));
#2462=CARTESIAN_POINT('',(27.769175536,-38.132988897,185.477807425));
#2463=CARTESIAN_POINT('',(27.769175536,-38.266582597,179.712931935));
#2464=CARTESIAN_POINT('',(27.769175536,-38.299981022,178.271713063));
#2465=CARTESIAN_POINT('',(27.769175536,-38.33211191,176.830449606));
#2466=CARTESIAN_POINT('',(27.769175536,-38.366902583,175.389264618));
#2467=CARTESIAN_POINT('',(27.769175536,-38.401693256,173.948079629));
#2468=CARTESIAN_POINT('',(27.769175536,-38.437992241,172.506936805));
#2469=CARTESIAN_POINT('',(27.769175536,-38.475877644,171.065838327));
#2470=CARTESIAN_POINT('',(27.769175536,-38.551648452,168.183641372));
#2471=CARTESIAN_POINT('',(27.769175536,-38.633833731,165.301623728));
#2472=CARTESIAN_POINT('',(27.769175536,-38.722508285,162.419787488));
#2473=CARTESIAN_POINT('',(27.769175536,-38.811182839,159.537951247));
#2474=CARTESIAN_POINT('',(27.769175536,-38.906439674,156.656290146));
#2475=CARTESIAN_POINT('',(27.769175536,-39.006837443,153.77480267));
#2476=CARTESIAN_POINT('',(27.769175536,-39.107235213,150.893315194));
#2477=CARTESIAN_POINT('',(27.769175536,-39.212942426,148.012003741));
#2478=CARTESIAN_POINT('',(27.769175536,-39.318888165,145.130700195));
#2479=CARTESIAN_POINT('',(27.769175536,-39.424833905,142.249396649));
#2480=CARTESIAN_POINT('',(27.769175536,-39.531220975,139.368107734));
#2481=CARTESIAN_POINT('',(27.769175536,-39.626817344,136.486461079));
#2482=CARTESIAN_POINT('',(27.769175536,-39.674615528,135.045637752));
#2483=CARTESIAN_POINT('',(27.769175536,-39.719583309,133.604720589));
#2484=CARTESIAN_POINT('',(27.769175536,-39.759695539,132.163642452));
#2485=CARTESIAN_POINT('',(27.769175536,-39.779751655,131.443103383));
#2486=CARTESIAN_POINT('',(27.769175536,-39.7985914,130.722523988));
#2487=CARTESIAN_POINT('',(27.769175536,-39.815957077,130.001895725));
#2488=CARTESIAN_POINT('',(27.769175536,-39.833322755,129.281267461));
#2489=CARTESIAN_POINT('',(27.769175536,-39.849198021,128.561358893));
#2490=CARTESIAN_POINT('',(27.769175536,-39.863383056,127.839856076));
#2491=B_SPLINE_CURVE_WITH_KNOTS('',3,(#2460,#2461,#2462,#2463,#2464,#2465,#2466,#2467,#2468,#2469,#2470,#2471,#2472,#2473,#2474,#2475,#2476,#2477,#2478,#2479,#2480,#2481,#2482,#2483,#2484,#2485,
#2486,#2487,#2488,#2489,#2490),.UNSPECIFIED.,.F.,.F.,(4,3,3,3,3,3,3,3,3,3,4),(0.101876618,0.119163395,0.123485089,0.127806783,0.136450172,0.145093561,0.153736949,0.162380338,0.166702032,0.168862879,0.171023726),.UNSPECIFIED.);
#2492=EDGE_CURVE('',#2450,#2459,#2491,.T.);
#2493=ORIENTED_EDGE('',*,*,#2492,.T.);
#2494=CARTESIAN_POINT('',(27.769175536,-39.863383056,127.839856076));
#2495=CARTESIAN_POINT('',(27.545866722,-39.864455625,125.36065213));
#2496=CARTESIAN_POINT('',(27.433538484,-39.865101304,122.890218688));
#2497=CARTESIAN_POINT('',(27.428784467,-39.865128913,120.428286617));
#2498=CARTESIAN_POINT('',(27.42403045,-39.865156522,117.966354546));
#2499=CARTESIAN_POINT('',(27.526876145,-39.864557316,115.512925863));
#2500=CARTESIAN_POINT('',(27.736074038,-39.863542804,113.067901917));
#2501=CARTESIAN_POINT('',(27.94527193,-39.862528291,110.622877971));
#2502=CARTESIAN_POINT('',(28.26082981,-39.861090139,108.18625938));
#2503=CARTESIAN_POINT('',(28.684005757,-39.859369748,105.758145522));
#2504=CARTESIAN_POINT('',(28.89559373,-39.858509553,104.544088592));
#2505=CARTESIAN_POINT('',(29.134113071,-39.857589958,103.332159964));
#2506=CARTESIAN_POINT('',(29.3999373,-39.856649794,102.122389144));
#2507=CARTESIAN_POINT('',(29.532849414,-39.856179712,101.517503734));
#2508=CARTESIAN_POINT('',(29.672590625,-39.855704185,100.913158003));
#2509=CARTESIAN_POINT('',(29.819225357,-39.855226256,100.309357041));
#2510=CARTESIAN_POINT('',(29.965860088,-39.854748327,99.705556079));
#2511=CARTESIAN_POINT('',(30.119491621,-39.854267734,99.101983448));
#2512=CARTESIAN_POINT('',(30.279241253,-39.853789069,98.502019141));
#2513=CARTESIAN_POINT('',(30.918239782,-39.85187441,96.102161914));
#2514=CARTESIAN_POINT('',(31.657684198,-39.849964581,93.748092313));
#2515=CARTESIAN_POINT('',(32.494261838,-39.848157527,91.438300215));
#2516=CARTESIAN_POINT('',(33.330839477,-39.846350472,89.128508116));
#2517=CARTESIAN_POINT('',(34.264534507,-39.844681481,86.862986278));
#2518=CARTESIAN_POINT('',(35.29441294,-39.843155961,84.641308944));
#2519=CARTESIAN_POINT('',(36.324291372,-39.841630442,82.41963161));
#2520=CARTESIAN_POINT('',(37.450381517,-39.840215938,80.241811707));
#2521=CARTESIAN_POINT('',(38.673908548,-39.838943917,78.108407702));
#2522=CARTESIAN_POINT('',(39.897435578,-39.837671897,75.975003696));
#2523=CARTESIAN_POINT('',(41.218371866,-39.836552113,73.886002987));
#2524=CARTESIAN_POINT('',(42.640354328,-39.835525828,71.843063481));
#2525=B_SPLINE_CURVE_WITH_KNOTS('',3,(#2494,#2495,#2496,#2497,#2498,#2499,#2500,#2501,#2502,#2503,#2504,#2505,#2506,#2507,#2508,#2509,#2510,#2511,#2512,#2513,#2514,#2515,#2516,#2517,#2518,#2519,
#2520,#2521,#2522,#2523,#2524),.UNSPECIFIED.,.F.,.F.,(4,3,3,3,3,3,3,3,3,3,4),(0.,0.007361717,0.014723434,0.022085151,0.02576601,0.027606439,0.029446868,0.036808585,0.044170302,0.051532019,0.058893737),.UNSPECIFIED.);
#2526=EDGE_CURVE('',#2459,#1950,#2525,.T.);
#2527=ORIENTED_EDGE('',*,*,#2526,.T.);
#2528=ORIENTED_EDGE('',*,*,#1958,.T.);
#2529=EDGE_LOOP('',(#2430,#2448,#2457,#2493,#2527,#2528));
#2530=FACE_BOUND('',#2529,.T.);
#2531=ADVANCED_FACE('',(#2530),#2429,.F.);
#2532=OVER_RIDING_STYLED_ITEM('',(#865),#2531,#26);
#2533=CARTESIAN_POINT('',(112.269175536,-39.671028106,120.265408896));
#2534=DIRECTION('',(-0.,-1.,-0.));
#2535=DIRECTION('',(0.,-0.,1.));
#2536=AXIS2_PLACEMENT_3D('',#2533,#2534,#2535);
#2537=CONICAL_SURFACE('',#2536,84.646446609,45.);
#2538=CARTESIAN_POINT('',(30.829055955,-39.695292175,97.1));
#2539=VERTEX_POINT('',#2538);
#2540=CARTESIAN_POINT('',(112.269175536,-39.695292175,35.594698218));
#2541=VERTEX_POINT('',#2540);
#2542=CARTESIAN_POINT('',(112.269175536,-39.695292175,120.265408896));
#2543=DIRECTION('',(-0.,-1.,-0.));
#2544=DIRECTION('',(0.,-0.,1.));
#2545=AXIS2_PLACEMENT_3D('',#2542,#2543,#2544);
#2546=CIRCLE('',#2545,84.670710678);
#2547=EDGE_CURVE('',#2539,#2541,#2546,.T.);
#2548=ORIENTED_EDGE('',*,*,#2547,.T.);
#2549=CARTESIAN_POINT('',(193.882318693,-39.695292175,97.717147083));
#2550=VERTEX_POINT('',#2549);
#2551=CARTESIAN_POINT('',(112.269175536,-39.695292175,120.265408896));
#2552=DIRECTION('',(-0.,-1.,-0.));
#2553=DIRECTION('',(0.,-0.,1.));
#2554=AXIS2_PLACEMENT_3D('',#2551,#2552,#2553);
#2555=CIRCLE('',#2554,84.670710678);
#2556=EDGE_CURVE('',#2541,#2550,#2555,.T.);
#2557=ORIENTED_EDGE('',*,*,#2556,.T.);
#2558=CARTESIAN_POINT('',(193.882318693,-39.695292175,97.717147083));
#2559=CARTESIAN_POINT('',(193.920357154,-39.730951999,97.720921022));
#2560=CARTESIAN_POINT('',(193.958886261,-39.764069442,97.736025735));
#2561=CARTESIAN_POINT('',(193.994429276,-39.791692472,97.761053669));
#2562=CARTESIAN_POINT('',(194.029972292,-39.819315502,97.786081604));
#2563=CARTESIAN_POINT('',(194.063209385,-39.841954138,97.821585373));
#2564=CARTESIAN_POINT('',(194.087299826,-39.853281887,97.866682422));
#2565=B_SPLINE_CURVE_WITH_KNOTS('',3,(#2558,#2559,#2560,#2561,#2562,#2563,#2564),.UNSPECIFIED.,.F.,.F.,(4,3,4),(0.00083765,0.000992596,0.001147542),.UNSPECIFIED.);
#2566=EDGE_CURVE('',#2550,#718,#2565,.T.);
#2567=ORIENTED_EDGE('',*,*,#2566,.T.);
#2568=ORIENTED_EDGE('',*,*,#799,.F.);
#2569=ORIENTED_EDGE('',*,*,#1980,.F.);
#2570=ORIENTED_EDGE('',*,*,#2526,.F.);
#2571=CARTESIAN_POINT('',(27.769175536,-39.524581497,120.265408896));
#2572=CARTESIAN_POINT('',(27.769175536,-39.524581497,122.795276102));
#2573=CARTESIAN_POINT('',(27.769175536,-39.638413759,125.320051643));
#2574=CARTESIAN_POINT('',(27.769175536,-39.863383056,127.839856076));
#2575=B_SPLINE_CURVE_WITH_KNOTS('',3,(#2571,#2572,#2573,#2574),.UNSPECIFIED.,.F.,.F.,(4,4),(0.,0.007582021),.UNSPECIFIED.);
#2576=EDGE_CURVE('',#1037,#2459,#2575,.T.);
#2577=ORIENTED_EDGE('',*,*,#2576,.F.);
#2578=ORIENTED_EDGE('',*,*,#1129,.T.);
#2579=CARTESIAN_POINT('',(30.829055955,-39.695292175,97.1));
#2580=CARTESIAN_POINT('',(30.888219331,-39.638386164,97.1));
#2581=CARTESIAN_POINT('',(30.947384989,-39.581482599,97.1));
#2582=CARTESIAN_POINT('',(31.006552943,-39.524581497,97.1));
#2583=B_SPLINE_CURVE_WITH_KNOTS('',3,(#2579,#2580,#2581,#2582),.UNSPECIFIED.,.F.,.F.,(4,4),(0.008117779,0.008364017),.UNSPECIFIED.);
#2584=EDGE_CURVE('',#2539,#1117,#2583,.T.);
#2585=ORIENTED_EDGE('',*,*,#2584,.F.);
#2586=EDGE_LOOP('',(#2548,#2557,#2567,#2568,#2569,#2570,#2577,#2578,#2585));
#2587=FACE_BOUND('',#2586,.T.);
#2588=ADVANCED_FACE('',(#2587),#2537,.T.);
#2589=OVER_RIDING_STYLED_ITEM('',(#865),#2588,#26);
#2590=CARTESIAN_POINT('',(112.269175536,-39.766002853,120.265408896));
#2591=DIRECTION('',(-0.,-1.,-0.));
#2592=DIRECTION('',(0.,0.,-1.));
#2593=AXIS2_PLACEMENT_3D('',#2590,#2591,#2592);
#2594=TOROIDAL_SURFACE('',#2593,84.6,0.1);
#2595=CARTESIAN_POINT('',(112.269175536,-39.766002853,35.665408896));
#2596=DIRECTION('',(1.,-0.,-0.));
#2597=DIRECTION('',(0.,0.,-1.));
#2598=AXIS2_PLACEMENT_3D('',#2595,#2596,#2597);
#2599=CIRCLE('',#2598,0.1);
#2600=EDGE_CURVE('',#2541,#1099,#2599,.T.);
#2601=ORIENTED_EDGE('',*,*,#2600,.T.);
#2602=ORIENTED_EDGE('',*,*,#1105,.F.);
#2603=CARTESIAN_POINT('',(193.739507195,-39.69331146,97.723662562));
#2604=VERTEX_POINT('',#2603);
#2605=CARTESIAN_POINT('',(193.709297461,-39.766002853,97.731955079));
#2606=CARTESIAN_POINT('',(193.707814581,-39.739266852,97.726595674));
#2607=CARTESIAN_POINT('',(193.719402199,-39.711881507,97.724711602));
#2608=CARTESIAN_POINT('',(193.739507195,-39.69331146,97.723662562));
#2609=B_SPLINE_CURVE_WITH_KNOTS('',3,(#2605,#2606,#2607,#2608),.UNSPECIFIED.,.F.,.F.,(4,4),(-0.,0.000065359),.UNSPECIFIED.);
#2610=EDGE_CURVE('',#1087,#2604,#2609,.T.);
#2611=ORIENTED_EDGE('',*,*,#2610,.T.);
#2612=CARTESIAN_POINT('',(193.851959474,-39.674917944,97.717801004));
#2613=VERTEX_POINT('',#2612);
#2614=CARTESIAN_POINT('',(193.739507195,-39.69331146,97.723662562));
#2615=CARTESIAN_POINT('',(193.769444476,-39.665659791,97.722100489));
#2616=CARTESIAN_POINT('',(193.814862491,-39.658482171,97.719732703));
#2617=CARTESIAN_POINT('',(193.851959474,-39.674917944,97.717801004));
#2618=B_SPLINE_CURVE_WITH_KNOTS('',3,(#2614,#2615,#2616,#2617),.UNSPECIFIED.,.F.,.F.,(4,4),(0.,0.000097139),.UNSPECIFIED.);
#2619=EDGE_CURVE('',#2604,#2613,#2618,.T.);
#2620=ORIENTED_EDGE('',*,*,#2619,.T.);
#2621=CARTESIAN_POINT('',(193.851959474,-39.674917944,97.717801004));
#2622=CARTESIAN_POINT('',(193.863271108,-39.67992955,97.71721199));
#2623=CARTESIAN_POINT('',(193.873383651,-39.686751218,97.716878861));
#2624=CARTESIAN_POINT('',(193.882318693,-39.695292175,97.717147083));
#2625=B_SPLINE_CURVE_WITH_KNOTS('',3,(#2621,#2622,#2623,#2624),.UNSPECIFIED.,.F.,.F.,(4,4),(0.,0.000029594),.UNSPECIFIED.);
#2626=EDGE_CURVE('',#2613,#2550,#2625,.T.);
#2627=ORIENTED_EDGE('',*,*,#2626,.T.);
#2628=ORIENTED_EDGE('',*,*,#2556,.F.);
#2629=EDGE_LOOP('',(#2601,#2602,#2611,#2620,#2627,#2628));
#2630=FACE_BOUND('',#2629,.T.);
#2631=ADVANCED_FACE('',(#2630),#2594,.T.);
#2632=CARTESIAN_POINT('',(197.198520817,-44.153097218,97.1));
#2633=DIRECTION('',(0.,0.,1.));
#2634=DIRECTION('',(1.,0.,0.));
#2635=AXIS2_PLACEMENT_3D('',#2632,#2633,#2634);
#2636=PLANE('',#2635);
#2637=ORIENTED_EDGE('',*,*,#1122,.T.);
#2638=CARTESIAN_POINT('',(31.006552943,-39.766002853,97.1));
#2639=CARTESIAN_POINT('',(31.006552943,-39.74569061,97.1));
#2640=CARTESIAN_POINT('',(31.000051943,-39.725911541,97.1));
#2641=CARTESIAN_POINT('',(30.988358573,-39.7094933,97.1));
#2642=CARTESIAN_POINT('',(30.976665203,-39.69307506,97.1));
#2643=CARTESIAN_POINT('',(30.959927635,-39.680370515,97.1));
#2644=CARTESIAN_POINT('',(30.941221493,-39.67316742,97.1));
#2645=CARTESIAN_POINT('',(30.90380921,-39.658761229,97.1));
#2646=CARTESIAN_POINT('',(30.858320262,-39.66714444,97.1));
#2647=CARTESIAN_POINT('',(30.829055955,-39.695292175,97.1));
#2648=B_SPLINE_CURVE_WITH_KNOTS('',3,(#2638,#2639,#2640,#2641,#2642,#2643,#2644,#2645,#2646,#2647),.UNSPECIFIED.,.F.,.F.,(4,3,3,4),(0.,0.000060058,0.000120115,0.00024023),.UNSPECIFIED.);
#2649=EDGE_CURVE('',#1108,#2539,#2648,.T.);
#2650=ORIENTED_EDGE('',*,*,#2649,.T.);
#2651=ORIENTED_EDGE('',*,*,#2584,.T.);
#2652=EDGE_LOOP('',(#2637,#2650,#2651));
#2653=FACE_BOUND('',#2652,.T.);
#2654=ADVANCED_FACE('',(#2653),#2636,.F.);
#2655=CARTESIAN_POINT('',(44.769175536,-170.,160.132704448));
#2656=DIRECTION('',(1.,0.,0.));
#2657=DIRECTION('',(0.,0.,-1.));
#2658=AXIS2_PLACEMENT_3D('',#2655,#2656,#2657);
#2659=PLANE('',#2658);
#2660=CARTESIAN_POINT('',(44.769175536,12.682525284,180.));
#2661=VERTEX_POINT('',#2660);
#2662=CARTESIAN_POINT('',(44.769175536,-4.317474716,180.));
#2663=VERTEX_POINT('',#2662);
#2664=CARTESIAN_POINT('',(44.769175536,12.682525284,180.));
#2665=DIRECTION('',(-0.,-1.,-0.));
#2666=VECTOR('',#2665,17.);
#2667=LINE('',#2664,#2666);
#2668=EDGE_CURVE('',#2661,#2663,#2667,.T.);
#2669=ORIENTED_EDGE('',*,*,#2668,.T.);
#2670=CARTESIAN_POINT('',(44.769175536,-4.317474716,180.));
#2671=DIRECTION('',(0.,-0.,-1.));
#2672=VECTOR('',#2671,59.734591104);
#2673=LINE('',#2670,#2672);
#2674=EDGE_CURVE('',#2663,#1633,#2673,.T.);
#2675=ORIENTED_EDGE('',*,*,#2674,.T.);
#2676=ORIENTED_EDGE('',*,*,#1640,.T.);
#2677=CARTESIAN_POINT('',(44.769175536,12.682525284,120.265408896));
#2678=DIRECTION('',(-0.,0.,1.));
#2679=VECTOR('',#2678,59.734591104);
#2680=LINE('',#2677,#2679);
#2681=EDGE_CURVE('',#1635,#2661,#2680,.T.);
#2682=ORIENTED_EDGE('',*,*,#2681,.T.);
#2683=EDGE_LOOP('',(#2669,#2675,#2676,#2682));
#2684=FACE_BOUND('',#2683,.T.);
#2685=ADVANCED_FACE('',(#2684),#2659,.T.);
#2686=CARTESIAN_POINT('',(13.884587768,-170.,200.));
#2687=DIRECTION('',(0.,0.,1.));
#2688=DIRECTION('',(1.,0.,0.));
#2689=AXIS2_PLACEMENT_3D('',#2686,#2687,#2688);
#2690=PLANE('',#2689);
#2691=CARTESIAN_POINT('',(24.769175536,-51.010479779,200.));
#2692=VERTEX_POINT('',#2691);
#2693=CARTESIAN_POINT('',(18.869680599,-56.909974716,200.));
#2694=VERTEX_POINT('',#2693);
#2695=CARTESIAN_POINT('',(24.769175536,-51.010479779,200.));
#2696=DIRECTION('',(-0.707106781,-0.707106781,-0.));
#2697=VECTOR('',#2696,8.343145751);
#2698=LINE('',#2695,#2697);
#2699=EDGE_CURVE('',#2692,#2694,#2698,.T.);
#2700=ORIENTED_EDGE('',*,*,#2699,.F.);
#2701=CARTESIAN_POINT('',(24.769175536,-40.411885809,200.));
#2702=VERTEX_POINT('',#2701);
#2703=CARTESIAN_POINT('',(24.769175536,-51.010479779,200.));
#2704=DIRECTION('',(0.,1.,0.));
#2705=VECTOR('',#2704,10.59859397);
#2706=LINE('',#2703,#2705);
#2707=EDGE_CURVE('',#2692,#2702,#2706,.T.);
#2708=ORIENTED_EDGE('',*,*,#2707,.T.);
#2709=CARTESIAN_POINT('',(12.790898914,-39.598833827,200.));
#2710=VERTEX_POINT('',#2709);
#2711=CARTESIAN_POINT('',(24.769175536,-40.411885809,200.));
#2712=CARTESIAN_POINT('',(18.51453563,-40.039373592,200.));
#2713=CARTESIAN_POINT('',(12.790898914,-39.598833827,200.));
#2714=B_SPLINE_CURVE_WITH_KNOTS('',2,(#2711,#2712,#2713),.UNSPECIFIED.,.F.,.F.,(3,3),(0.,1.),.UNSPECIFIED.);
#2715=EDGE_CURVE('',#2702,#2710,#2714,.T.);
#2716=ORIENTED_EDGE('',*,*,#2715,.T.);
#2717=CARTESIAN_POINT('',(12.790898914,-3.317474716,200.));
#2718=VERTEX_POINT('',#2717);
#2719=CARTESIAN_POINT('',(12.790898914,-39.598833827,200.));
#2720=DIRECTION('',(0.,1.,0.));
#2721=VECTOR('',#2720,36.281359111);
#2722=LINE('',#2719,#2721);
#2723=EDGE_CURVE('',#2710,#2718,#2722,.T.);
#2724=ORIENTED_EDGE('',*,*,#2723,.T.);
#2725=CARTESIAN_POINT('',(24.769175536,-3.317474716,200.));
#2726=VERTEX_POINT('',#2725);
#2727=CARTESIAN_POINT('',(12.790898914,-3.317474716,200.));
#2728=DIRECTION('',(1.,-0.,0.));
#2729=VECTOR('',#2728,11.978276622);
#2730=LINE('',#2727,#2729);
#2731=EDGE_CURVE('',#2718,#2726,#2730,.T.);
#2732=ORIENTED_EDGE('',*,*,#2731,.T.);
#2733=CARTESIAN_POINT('',(24.769175536,11.682525284,200.));
#2734=VERTEX_POINT('',#2733);
#2735=CARTESIAN_POINT('',(24.769175536,-3.317474716,200.));
#2736=DIRECTION('',(0.,1.,0.));
#2737=VECTOR('',#2736,15.);
#2738=LINE('',#2735,#2737);
#2739=EDGE_CURVE('',#2726,#2734,#2738,.T.);
#2740=ORIENTED_EDGE('',*,*,#2739,.T.);
#2741=CARTESIAN_POINT('',(3.018277427,11.682525284,200.));
#2742=VERTEX_POINT('',#2741);
#2743=CARTESIAN_POINT('',(24.769175536,11.682525284,200.));
#2744=DIRECTION('',(-1.,0.,0.));
#2745=VECTOR('',#2744,21.750898109);
#2746=LINE('',#2743,#2745);
#2747=EDGE_CURVE('',#2734,#2742,#2746,.T.);
#2748=ORIENTED_EDGE('',*,*,#2747,.T.);
#2749=CARTESIAN_POINT('',(3.018277427,-56.909974716,200.));
#2750=VERTEX_POINT('',#2749);
#2751=CARTESIAN_POINT('',(3.018277427,11.682525284,200.));
#2752=DIRECTION('',(-0.,-1.,-0.));
#2753=VECTOR('',#2752,68.5925);
#2754=LINE('',#2751,#2753);
#2755=EDGE_CURVE('',#2742,#2750,#2754,.T.);
#2756=ORIENTED_EDGE('',*,*,#2755,.T.);
#2757=CARTESIAN_POINT('',(3.018277427,-56.909974716,200.));
#2758=DIRECTION('',(1.,0.,-0.));
#2759=VECTOR('',#2758,15.851403173);
#2760=LINE('',#2757,#2759);
#2761=EDGE_CURVE('',#2750,#2694,#2760,.T.);
#2762=ORIENTED_EDGE('',*,*,#2761,.T.);
#2763=EDGE_LOOP('',(#2700,#2708,#2716,#2724,#2732,#2740,#2748,#2756,#2762));
#2764=FACE_BOUND('',#2763,.T.);
#2765=ADVANCED_FACE('',(#2764),#2690,.T.);
#2766=CARTESIAN_POINT('',(27.769175536,-170.,160.132704448));
#2767=DIRECTION('',(1.,0.,0.));
#2768=DIRECTION('',(0.,0.,-1.));
#2769=AXIS2_PLACEMENT_3D('',#2766,#2767,#2768);
#2770=PLANE('',#2769);
#2771=CARTESIAN_POINT('',(27.769175536,-48.010479779,197.));
#2772=VERTEX_POINT('',#2771);
#2773=CARTESIAN_POINT('',(27.769175536,-37.705867443,197.));
#2774=DIRECTION('',(0.,-1.,0.));
#2775=VECTOR('',#2774,10.304612336);
#2776=LINE('',#2773,#2775);
#2777=EDGE_CURVE('',#2450,#2772,#2776,.T.);
#2778=ORIENTED_EDGE('',*,*,#2777,.T.);
#2779=CARTESIAN_POINT('',(27.769175536,-48.010479779,197.));
#2780=DIRECTION('',(0.,-0.,-1.));
#2781=VECTOR('',#2780,76.734591104);
#2782=LINE('',#2779,#2781);
#2783=EDGE_CURVE('',#2772,#1035,#2782,.T.);
#2784=ORIENTED_EDGE('',*,*,#2783,.T.);
#2785=ORIENTED_EDGE('',*,*,#1042,.T.);
#2786=ORIENTED_EDGE('',*,*,#2576,.T.);
#2787=ORIENTED_EDGE('',*,*,#2492,.F.);
#2788=EDGE_LOOP('',(#2778,#2784,#2785,#2786,#2787));
#2789=FACE_BOUND('',#2788,.T.);
#2790=ADVANCED_FACE('',(#2789),#2770,.T.);
#2791=CARTESIAN_POINT('',(43.769175536,-6.317474716,188.765408896));
#2792=DIRECTION('',(-0.,-1.,0.));
#2793=DIRECTION('',(1.,-0.,-0.));
#2794=AXIS2_PLACEMENT_3D('',#2791,#2792,#2793);
#2795=CYLINDRICAL_SURFACE('',#2794,30.);
#2796=CARTESIAN_POINT('',(14.955575801,-6.19883469,197.118640027));
#2797=VERTEX_POINT('',#2796);
#2798=CARTESIAN_POINT('',(43.769175536,-14.552065822,188.765408896));
#2799=DIRECTION('',(0.,0.707106781,-0.707106781));
#2800=DIRECTION('',(-0.,-0.707106781,-0.707106781));
#2801=AXIS2_PLACEMENT_3D('',#2798,#2799,#2800);
#2802=ELLIPSE('',#2801,42.426406877,30.);
#2803=EDGE_CURVE('',#1534,#2797,#2802,.T.);
#2804=ORIENTED_EDGE('',*,*,#2803,.T.);
#2805=CARTESIAN_POINT('',(14.955575801,-36.937689836,197.118640027));
#2806=VERTEX_POINT('',#2805);
#2807=CARTESIAN_POINT('',(14.955575801,-6.19883469,197.118640027));
#2808=DIRECTION('',(-0.,-1.,0.));
#2809=VECTOR('',#2808,30.738855146);
#2810=LINE('',#2807,#2809);
#2811=EDGE_CURVE('',#2797,#2806,#2810,.T.);
#2812=ORIENTED_EDGE('',*,*,#2811,.T.);
#2813=CARTESIAN_POINT('',(14.955575801,-36.937689836,197.118640027));
#2814=CARTESIAN_POINT('',(14.944191478,-36.898264693,197.079370991));
#2815=CARTESIAN_POINT('',(14.932887432,-36.858839551,197.040078682));
#2816=CARTESIAN_POINT('',(14.921663759,-36.819414408,197.000763429));
#2817=B_SPLINE_CURVE_WITH_KNOTS('',3,(#2813,#2814,#2815,#2816),.UNSPECIFIED.,.F.,.F.,(4,4),(0.,1.),.UNSPECIFIED.);
#2818=EDGE_CURVE('',#2806,#2432,#2817,.T.);
#2819=ORIENTED_EDGE('',*,*,#2818,.T.);
#2820=ORIENTED_EDGE('',*,*,#2447,.F.);
#2821=ORIENTED_EDGE('',*,*,#2266,.F.);
#2822=ORIENTED_EDGE('',*,*,#1548,.T.);
#2823=EDGE_LOOP('',(#2804,#2812,#2819,#2820,#2821,#2822));
#2824=FACE_BOUND('',#2823,.T.);
#2825=ADVANCED_FACE('',(#2824),#2795,.F.);
#2826=OVER_RIDING_STYLED_ITEM('',(#865),#2825,#26);
#2827=CARTESIAN_POINT('',(13.884587768,-56.909974716,200.));
#2828=DIRECTION('',(0.,0.707106781,-0.707106781));
#2829=DIRECTION('',(1.,0.,0.));
#2830=AXIS2_PLACEMENT_3D('',#2827,#2828,#2829);
#2831=PLANE('',#2830);
#2832=CARTESIAN_POINT('',(1.568538687,-58.850348828,198.059625887));
#2833=VERTEX_POINT('',#2832);
#2834=CARTESIAN_POINT('',(1.568538687,-58.850348828,198.059625887));
#2835=CARTESIAN_POINT('',(2.051784933,-58.203557457,198.706417258));
#2836=CARTESIAN_POINT('',(2.53503118,-57.556766086,199.353208629));
#2837=CARTESIAN_POINT('',(3.018277427,-56.909974716,200.));
#2838=B_SPLINE_CURVE_WITH_KNOTS('',3,(#2834,#2835,#2836,#2837),.UNSPECIFIED.,.F.,.F.,(4,4),(0.,0.003103522),.UNSPECIFIED.);
#2839=EDGE_CURVE('',#2833,#2750,#2838,.T.);
#2840=ORIENTED_EDGE('',*,*,#2839,.F.);
#2841=CARTESIAN_POINT('',(1.568538686,-58.850348828,198.059625888));
#2842=CARTESIAN_POINT('',(2.98735189,-59.909974712,197.000000003));
#2843=B_SPLINE_CURVE_WITH_KNOTS('',1,(#2841,#2842),.UNSPECIFIED.,.F.,.F.,(2,2),(0.,1.),.UNSPECIFIED.);
#2844=EDGE_CURVE('',#2833,#901,#2843,.T.);
#2845=ORIENTED_EDGE('',*,*,#2844,.T.);
#2846=ORIENTED_EDGE('',*,*,#906,.F.);
#2847=CARTESIAN_POINT('',(15.869680599,-59.909974716,197.));
#2848=DIRECTION('',(0.577350269,0.577350269,0.577350269));
#2849=VECTOR('',#2848,5.196152423);
#2850=LINE('',#2847,#2849);
#2851=EDGE_CURVE('',#893,#2694,#2850,.T.);
#2852=ORIENTED_EDGE('',*,*,#2851,.T.);
#2853=ORIENTED_EDGE('',*,*,#2761,.F.);
#2854=EDGE_LOOP('',(#2840,#2845,#2846,#2852,#2853));
#2855=FACE_BOUND('',#2854,.T.);
#2856=ADVANCED_FACE('',(#2855),#2831,.F.);
#2857=CARTESIAN_POINT('',(-0.628761573,-58.850348828,195.11869286));
#2858=CARTESIAN_POINT('',(-0.628761573,-58.537809392,195.11869286));
#2859=CARTESIAN_POINT('',(-0.628761573,-58.225269957,195.118692861));
#2860=CARTESIAN_POINT('',(-0.628761573,-57.912730521,195.118692861));
#2861=CARTESIAN_POINT('',(-0.628761573,-55.788353586,195.118692861));
#2862=CARTESIAN_POINT('',(-0.628761573,-53.663976651,195.118692861));
#2863=CARTESIAN_POINT('',(-0.628761573,-51.539599716,195.118692861));
#2864=CARTESIAN_POINT('',(-0.628761573,-32.255683049,195.118692862));
#2865=CARTESIAN_POINT('',(-0.628761573,-12.971766382,195.118692861));
#2866=CARTESIAN_POINT('',(-0.628761573,6.312150284,195.118692861));
#2867=CARTESIAN_POINT('',(-0.628761573,8.102275284,195.118692861));
#2868=CARTESIAN_POINT('',(-0.628761573,9.892400284,195.118692861));
#2869=CARTESIAN_POINT('',(-0.628761573,11.682525284,195.118692861));
#2870=CARTESIAN_POINT('',(-0.628761573,12.329319245,195.118692861));
#2871=CARTESIAN_POINT('',(-0.628761573,12.976113205,195.118692861));
#2872=CARTESIAN_POINT('',(-0.628761573,13.622907165,195.118692861));
#2873=CARTESIAN_POINT('',(0.868814833,-58.850348828,197.123094349));
#2874=CARTESIAN_POINT('',(0.868814833,-58.537809392,197.123094349));
#2875=CARTESIAN_POINT('',(0.868814833,-58.225269957,197.123094349));
#2876=CARTESIAN_POINT('',(0.868814833,-57.912730521,197.123094349));
#2877=CARTESIAN_POINT('',(0.868814833,-55.788353586,197.12309435));
#2878=CARTESIAN_POINT('',(0.868814833,-53.663976651,197.12309435));
#2879=CARTESIAN_POINT('',(0.868814833,-51.539599716,197.12309435));
#2880=CARTESIAN_POINT('',(0.868814832,-32.255683049,197.12309435));
#2881=CARTESIAN_POINT('',(0.868814833,-12.971766382,197.12309435));
#2882=CARTESIAN_POINT('',(0.868814833,6.312150284,197.12309435));
#2883=CARTESIAN_POINT('',(0.868814833,8.102275284,197.12309435));
#2884=CARTESIAN_POINT('',(0.868814833,9.892400284,197.12309435));
#2885=CARTESIAN_POINT('',(0.868814833,11.682525284,197.12309435));
#2886=CARTESIAN_POINT('',(0.868814833,12.329319245,197.12309435));
#2887=CARTESIAN_POINT('',(0.868814833,12.976113205,197.12309435));
#2888=CARTESIAN_POINT('',(0.868814833,13.622907165,197.12309435));
#2889=CARTESIAN_POINT('',(3.018277427,-58.850348828,200.));
#2890=CARTESIAN_POINT('',(3.018277427,-58.537809392,200.));
#2891=CARTESIAN_POINT('',(3.018277427,-58.225269957,200.));
#2892=CARTESIAN_POINT('',(3.018277427,-57.912730521,200.));
#2893=CARTESIAN_POINT('',(3.018277427,-55.788353586,200.));
#2894=CARTESIAN_POINT('',(3.018277427,-53.663976651,200.));
#2895=CARTESIAN_POINT('',(3.018277427,-51.539599716,200.));
#2896=CARTESIAN_POINT('',(3.018277427,-32.255683049,200.));
#2897=CARTESIAN_POINT('',(3.018277427,-12.971766382,200.));
#2898=CARTESIAN_POINT('',(3.018277427,6.312150284,200.));
#2899=CARTESIAN_POINT('',(3.018277427,8.102275284,200.));
#2900=CARTESIAN_POINT('',(3.018277427,9.892400284,200.));
#2901=CARTESIAN_POINT('',(3.018277427,11.682525284,200.));
#2902=CARTESIAN_POINT('',(3.018277427,12.329319245,200.));
#2903=CARTESIAN_POINT('',(3.018277427,12.976113205,200.));
#2904=CARTESIAN_POINT('',(3.018277427,13.622907165,200.));
#2905=B_SPLINE_SURFACE_WITH_KNOTS('',1,3,((#2857,#2858,#2859,#2860,#2861,#2862,#2863,#2864,#2865,#2866,#2867,#2868,#2869,#2870,#2871,#2872),(#2873,#2874,#2875,#2876,#2877,#2878,#2879,#2880,#2881,#2882,#2883,#2884,#2885,#2886,#2887,#2888),(#2889,#2890,#2891,#2892,#2893,#2894,#2895,#2896,#2897,#2898,#2899,#2900,#2901,#2902,#2903,#2904)),.UNSPECIFIED.,.F.,.F.,.U.,(2,1,2),(4,3,3,3,3,4),(-0.696721315,0.,1.),(-0.074172872,-0.059316218,0.041666667,0.958333333,1.043427453,1.074172995),.UNSPECIFIED.);
#2906=CARTESIAN_POINT('',(1.568532883,13.622907165,198.05961812));
#2907=VERTEX_POINT('',#2906);
#2908=CARTESIAN_POINT('',(1.568532883,13.622907165,198.05961812));
#2909=CARTESIAN_POINT('',(2.051781064,12.976113205,198.70641208));
#2910=CARTESIAN_POINT('',(2.535029245,12.329319245,199.35320604));
#2911=CARTESIAN_POINT('',(3.018277427,11.682525284,200.));
#2912=B_SPLINE_CURVE_WITH_KNOTS('',3,(#2908,#2909,#2910,#2911),.UNSPECIFIED.,.F.,.F.,(4,4),(0.,0.003103534),.UNSPECIFIED.);
#2913=EDGE_CURVE('',#2907,#2742,#2912,.T.);
#2914=ORIENTED_EDGE('',*,*,#2913,.F.);
#2915=CARTESIAN_POINT('',(1.568532883,13.622907165,198.05961812));
#2916=CARTESIAN_POINT('',(0.836862087,12.641709286,197.08032783));
#2917=CARTESIAN_POINT('',(0.104513855,11.661921299,196.10013084));
#2918=CARTESIAN_POINT('',(-0.628761572,10.684072816,195.118692862));
#2919=B_SPLINE_CURVE_WITH_KNOTS('',3,(#2915,#2916,#2917,#2918),.UNSPECIFIED.,.F.,.F.,(4,4),(0.,0.004702542),.UNSPECIFIED.);
#2920=EDGE_CURVE('',#2907,#2130,#2919,.T.);
#2921=ORIENTED_EDGE('',*,*,#2920,.T.);
#2922=ORIENTED_EDGE('',*,*,#2249,.F.);
#2923=CARTESIAN_POINT('',(-0.628761575,-55.91151475,195.118692858));
#2924=CARTESIAN_POINT('',(0.104516078,-56.889362797,196.100133814));
#2925=CARTESIAN_POINT('',(0.836866225,-57.869150277,197.080333368));
#2926=CARTESIAN_POINT('',(1.568538687,-58.850348828,198.059625887));
#2927=B_SPLINE_CURVE_WITH_KNOTS('',3,(#2923,#2924,#2925,#2926),.UNSPECIFIED.,.F.,.F.,(4,4),(-0.00320394,0.00149861),.UNSPECIFIED.);
#2928=EDGE_CURVE('',#2191,#2833,#2927,.T.);
#2929=ORIENTED_EDGE('',*,*,#2928,.T.);
#2930=ORIENTED_EDGE('',*,*,#2839,.T.);
#2931=ORIENTED_EDGE('',*,*,#2755,.F.);
#2932=EDGE_LOOP('',(#2914,#2921,#2922,#2929,#2930,#2931));
#2933=FACE_BOUND('',#2932,.T.);
#2934=ADVANCED_FACE('',(#2933),#2905,.T.);
#2935=CARTESIAN_POINT('',(24.769175536,-170.,200.));
#2936=DIRECTION('',(-0.707106781,0.,-0.707106781));
#2937=DIRECTION('',(0.,1.,0.));
#2938=AXIS2_PLACEMENT_3D('',#2935,#2936,#2937);
#2939=PLANE('',#2938);
#2940=ORIENTED_EDGE('',*,*,#2707,.F.);
#2941=CARTESIAN_POINT('',(24.769175536,-51.010479779,200.));
#2942=DIRECTION('',(0.577350269,0.577350269,-0.577350269));
#2943=VECTOR('',#2942,5.196152423);
#2944=LINE('',#2941,#2943);
#2945=EDGE_CURVE('',#2692,#2772,#2944,.T.);
#2946=ORIENTED_EDGE('',*,*,#2945,.T.);
#2947=ORIENTED_EDGE('',*,*,#2777,.F.);
#2948=CARTESIAN_POINT('',(24.769175536,-40.411885809,200.));
#2949=CARTESIAN_POINT('',(27.767447439,-37.704823057,197.001728097));
#2950=B_SPLINE_CURVE_WITH_KNOTS('',1,(#2948,#2949),.UNSPECIFIED.,.F.,.F.,(2,2),(0.,1.),.UNSPECIFIED.);
#2951=EDGE_CURVE('',#2702,#2450,#2950,.T.);
#2952=ORIENTED_EDGE('',*,*,#2951,.F.);
#2953=EDGE_LOOP('',(#2940,#2946,#2947,#2952));
#2954=FACE_BOUND('',#2953,.T.);
#2955=ADVANCED_FACE('',(#2954),#2939,.F.);
#2956=CARTESIAN_POINT('',(0.,14.682525284,197.));
#2957=DIRECTION('',(0.,0.707106781,0.707106781));
#2958=DIRECTION('',(-1.,0.,0.));
#2959=AXIS2_PLACEMENT_3D('',#2956,#2957,#2958);
#2960=PLANE('',#2959);
#2961=CARTESIAN_POINT('',(25.769175536,12.682525284,199.));
#2962=VERTEX_POINT('',#2961);
#2963=CARTESIAN_POINT('',(25.769175536,12.682525284,199.));
#2964=DIRECTION('',(-0.577350269,-0.577350269,0.577350269));
#2965=VECTOR('',#2964,1.732050808);
#2966=LINE('',#2963,#2965);
#2967=EDGE_CURVE('',#2962,#2734,#2966,.T.);
#2968=ORIENTED_EDGE('',*,*,#2967,.F.);
#2969=CARTESIAN_POINT('',(25.769175536,12.682525284,199.));
#2970=DIRECTION('',(-0.281084638,0.678598345,-0.678598345));
#2971=VECTOR('',#2970,2.947251516);
#2972=LINE('',#2969,#2971);
#2973=EDGE_CURVE('',#2962,#1486,#2972,.T.);
#2974=ORIENTED_EDGE('',*,*,#2973,.T.);
#2975=ORIENTED_EDGE('',*,*,#1491,.F.);
#2976=CARTESIAN_POINT('',(2.9873403,14.682525283,197.000000001));
#2977=CARTESIAN_POINT('',(1.568532883,13.622907165,198.05961812));
#2978=B_SPLINE_CURVE_WITH_KNOTS('',1,(#2976,#2977),.UNSPECIFIED.,.F.,.F.,(2,2),(0.,1.),.UNSPECIFIED.);
#2979=EDGE_CURVE('',#1474,#2907,#2978,.T.);
#2980=ORIENTED_EDGE('',*,*,#2979,.T.);
#2981=ORIENTED_EDGE('',*,*,#2913,.T.);
#2982=ORIENTED_EDGE('',*,*,#2747,.F.);
#2983=EDGE_LOOP('',(#2968,#2974,#2975,#2980,#2981,#2982));
#2984=FACE_BOUND('',#2983,.T.);
#2985=ADVANCED_FACE('',(#2984),#2960,.T.);
#2986=CARTESIAN_POINT('',(13.034887108,-36.665808818,197.000537755));
#2987=CARTESIAN_POINT('',(17.939130132,-37.07403249,197.001111641));
#2988=CARTESIAN_POINT('',(22.851812374,-37.411986449,197.001860461));
#2989=CARTESIAN_POINT('',(27.767396714,-37.705671147,197.002613938));
#2990=CARTESIAN_POINT('',(12.790898914,-39.598833827,200.));
#2991=CARTESIAN_POINT('',(17.726703545,-39.978735333,200.));
#2992=CARTESIAN_POINT('',(22.66092419,-40.298346821,200.));
#2993=CARTESIAN_POINT('',(27.595759068,-40.575319727,200.));
#2994=B_SPLINE_SURFACE_WITH_KNOTS('',1,3,((#2986,#2987,#2988,#2989),(#2990,#2991,#2992,#2993)),.UNSPECIFIED.,.F.,.F.,.U.,(2,2),(4,4),(0.,1.),(0.069058322,0.930669865),.UNSPECIFIED.);
#2995=ORIENTED_EDGE('',*,*,#2456,.F.);
#2996=ORIENTED_EDGE('',*,*,#2818,.F.);
#2997=CARTESIAN_POINT('',(12.790898914,-39.598833827,200.));
#2998=CARTESIAN_POINT('',(14.955575801,-36.937689836,197.118640027));
#2999=B_SPLINE_CURVE_WITH_KNOTS('',1,(#2997,#2998),.UNSPECIFIED.,.F.,.F.,(2,2),(0.,1.),.UNSPECIFIED.);
#3000=EDGE_CURVE('',#2710,#2806,#2999,.T.);
#3001=ORIENTED_EDGE('',*,*,#3000,.F.);
#3002=ORIENTED_EDGE('',*,*,#2715,.F.);
#3003=ORIENTED_EDGE('',*,*,#2951,.T.);
#3004=EDGE_LOOP('',(#2995,#2996,#3001,#3002,#3003));
#3005=FACE_BOUND('',#3004,.T.);
#3006=ADVANCED_FACE('',(#3005),#2994,.T.);
#3007=CARTESIAN_POINT('',(24.769175536,-170.,200.));
#3008=DIRECTION('',(-0.707106781,0.,-0.707106781));
#3009=DIRECTION('',(0.,1.,0.));
#3010=AXIS2_PLACEMENT_3D('',#3007,#3008,#3009);
#3011=PLANE('',#3010);
#3012=CARTESIAN_POINT('',(25.769175536,-4.317474716,199.));
#3013=VERTEX_POINT('',#3012);
#3014=CARTESIAN_POINT('',(25.769175536,-4.317474716,199.));
#3015=DIRECTION('',(-0.577350269,0.577350269,0.577350269));
#3016=VECTOR('',#3015,1.732050807);
#3017=LINE('',#3014,#3016);
#3018=EDGE_CURVE('',#3013,#2726,#3017,.T.);
#3019=ORIENTED_EDGE('',*,*,#3018,.F.);
#3020=CARTESIAN_POINT('',(25.769175536,-4.317474716,199.));
#3021=DIRECTION('',(0.707106781,-0.,-0.707106781));
#3022=VECTOR('',#3021,26.870057685);
#3023=LINE('',#3020,#3022);
#3024=EDGE_CURVE('',#3013,#2663,#3023,.T.);
#3025=ORIENTED_EDGE('',*,*,#3024,.T.);
#3026=ORIENTED_EDGE('',*,*,#2668,.F.);
#3027=CARTESIAN_POINT('',(44.769175536,12.682525284,180.));
#3028=DIRECTION('',(-0.707106781,-0.,0.707106781));
#3029=VECTOR('',#3028,26.870057685);
#3030=LINE('',#3027,#3029);
#3031=EDGE_CURVE('',#2661,#2962,#3030,.T.);
#3032=ORIENTED_EDGE('',*,*,#3031,.T.);
#3033=ORIENTED_EDGE('',*,*,#2967,.T.);
#3034=ORIENTED_EDGE('',*,*,#2739,.F.);
#3035=EDGE_LOOP('',(#3019,#3025,#3026,#3032,#3033,#3034));
#3036=FACE_BOUND('',#3035,.T.);
#3037=ADVANCED_FACE('',(#3036),#3011,.F.);
#3038=CARTESIAN_POINT('',(14.955575801,-6.317474716,197.118640027));
#3039=DIRECTION('',(-0.799512676,0.,-0.600649216));
#3040=DIRECTION('',(-0.,-1.,0.));
#3041=AXIS2_PLACEMENT_3D('',#3038,#3039,#3040);
#3042=PLANE('',#3041);
#3043=ORIENTED_EDGE('',*,*,#2811,.F.);
#3044=CARTESIAN_POINT('',(12.790898914,-3.317474716,200.));
#3045=DIRECTION('',(0.469139741,-0.624462931,-0.62446293));
#3046=VECTOR('',#3045,4.614140941);
#3047=LINE('',#3044,#3046);
#3048=EDGE_CURVE('',#2718,#2797,#3047,.T.);
#3049=ORIENTED_EDGE('',*,*,#3048,.F.);
#3050=ORIENTED_EDGE('',*,*,#2723,.F.);
#3051=ORIENTED_EDGE('',*,*,#3000,.T.);
#3052=EDGE_LOOP('',(#3043,#3049,#3050,#3051));
#3053=FACE_BOUND('',#3052,.T.);
#3054=ADVANCED_FACE('',(#3053),#3042,.F.);
#3055=CARTESIAN_POINT('',(43.769175536,-6.317474716,197.000000001));
#3056=DIRECTION('',(-0.,-0.707106781,0.707106781));
#3057=DIRECTION('',(1.,-0.,0.));
#3058=AXIS2_PLACEMENT_3D('',#3055,#3056,#3057);
#3059=PLANE('',#3058);
#3060=ORIENTED_EDGE('',*,*,#1539,.F.);
#3061=CARTESIAN_POINT('',(24.940748411,-6.317474716,197.000000001));
#3062=DIRECTION('',(0.281084638,0.678598345,0.678598344));
#3063=VECTOR('',#3062,2.947251516);
#3064=LINE('',#3061,#3063);
#3065=EDGE_CURVE('',#1526,#3013,#3064,.T.);
#3066=ORIENTED_EDGE('',*,*,#3065,.T.);
#3067=ORIENTED_EDGE('',*,*,#3018,.T.);
#3068=ORIENTED_EDGE('',*,*,#2731,.F.);
#3069=ORIENTED_EDGE('',*,*,#3048,.T.);
#3070=ORIENTED_EDGE('',*,*,#2803,.F.);
#3071=EDGE_LOOP('',(#3060,#3066,#3067,#3068,#3069,#3070));
#3072=FACE_BOUND('',#3071,.T.);
#3073=ADVANCED_FACE('',(#3072),#3059,.T.);
#3074=CARTESIAN_POINT('',(194.094405543,-39.854983045,97.931081739));
#3075=CARTESIAN_POINT('',(194.094042994,-39.852743895,97.880259495));
#3076=CARTESIAN_POINT('',(194.090439843,-39.830499697,97.830621571));
#3077=CARTESIAN_POINT('',(194.078682044,-39.757914141,97.760298545));
#3078=CARTESIAN_POINT('',(194.070592029,-39.707971767,97.74));
#3079=CARTESIAN_POINT('',(194.062457297,-39.657753353,97.74));
#3080=CARTESIAN_POINT('',(193.979304153,-39.873626321,97.931005753));
#3081=CARTESIAN_POINT('',(193.97893933,-39.871368533,97.880197037));
#3082=CARTESIAN_POINT('',(193.975342131,-39.849115464,97.830579533));
#3083=CARTESIAN_POINT('',(193.963608615,-39.77653099,97.760288013));
#3084=CARTESIAN_POINT('',(193.955536736,-39.726598172,97.74));
#3085=CARTESIAN_POINT('',(193.947420283,-39.676389639,97.74));
#3086=CARTESIAN_POINT('',(193.864193438,-39.892213875,97.930929559));
#3087=CARTESIAN_POINT('',(193.863826356,-39.889937409,97.880134417));
#3088=CARTESIAN_POINT('',(193.860235157,-39.867675457,97.83053739));
#3089=CARTESIAN_POINT('',(193.848526063,-39.795092083,97.760277456));
#3090=CARTESIAN_POINT('',(193.840472407,-39.745168849,97.74));
#3091=CARTESIAN_POINT('',(193.832374323,-39.694970227,97.74));
#3092=CARTESIAN_POINT('',(193.749073336,-39.910745047,97.930853166));
#3093=CARTESIAN_POINT('',(193.748704012,-39.908449865,97.880071645));
#3094=CARTESIAN_POINT('',(193.745118861,-39.886179018,97.830495146));
#3095=CARTESIAN_POINT('',(193.733434324,-39.813596761,97.760266876));
#3096=CARTESIAN_POINT('',(193.725398981,-39.76368314,97.74));
#3097=CARTESIAN_POINT('',(193.717319353,-39.713494455,97.74));
#3098=B_SPLINE_SURFACE_WITH_KNOTS('',3,3,((#3074,#3075,#3076,#3077,#3078,#3079),(#3080,#3081,#3082,#3083,#3084,#3085),(#3086,#3087,#3088,#3089,#3090,#3091),(#3092,#3093,#3094,#3095,#3096,#3097)),.UNSPECIFIED.,.F.,.F.,.U.,(4,4),(4,2,4),(0.010947195,0.011296809),(0.,0.5,1.),.UNSPECIFIED.);
#3099=ORIENTED_EDGE('',*,*,#817,.F.);
#3100=CARTESIAN_POINT('',(193.868397121,-39.707637175,97.74083019));
#3101=VERTEX_POINT('',#3100);
#3102=CARTESIAN_POINT('',(194.094415119,-39.855041395,97.931086985));
#3103=CARTESIAN_POINT('',(194.077765727,-39.855234596,97.875674807));
#3104=CARTESIAN_POINT('',(194.041051228,-39.835718423,97.828258551));
#3105=CARTESIAN_POINT('',(194.000354428,-39.808618059,97.796143044));
#3106=CARTESIAN_POINT('',(193.959657627,-39.781517695,97.764027536));
#3107=CARTESIAN_POINT('',(193.913638889,-39.746252776,97.744973554));
#3108=CARTESIAN_POINT('',(193.868397122,-39.707637173,97.74083019));
#3109=B_SPLINE_CURVE_WITH_KNOTS('',3,(#3102,#3103,#3104,#3105,#3106,#3107,#3108),.UNSPECIFIED.,.F.,.F.,(4,3,4),(0.00083765,0.001024884,0.001212119),.UNSPECIFIED.);
#3110=EDGE_CURVE('',#802,#3101,#3109,.T.);
#3111=ORIENTED_EDGE('',*,*,#3110,.T.);
#3112=CARTESIAN_POINT('',(193.868397122,-39.707637173,97.74083019));
#3113=CARTESIAN_POINT('',(193.861223297,-39.701514035,97.740173192));
#3114=CARTESIAN_POINT('',(193.853104001,-39.69665773,97.74));
#3115=CARTESIAN_POINT('',(193.844002967,-39.693134925,97.74));
#3116=B_SPLINE_CURVE_WITH_KNOTS('',3,(#3112,#3113,#3114,#3115),.UNSPECIFIED.,.F.,.F.,(4,4),(0.,0.000029594),.UNSPECIFIED.);
#3117=EDGE_CURVE('',#3101,#1226,#3116,.T.);
#3118=ORIENTED_EDGE('',*,*,#3117,.T.);
#3119=ORIENTED_EDGE('',*,*,#1232,.F.);
#3120=CARTESIAN_POINT('',(193.727799063,-39.761194811,97.746019743));
#3121=VERTEX_POINT('',#3120);
#3122=CARTESIAN_POINT('',(193.752744394,-39.707849703,97.74));
#3123=CARTESIAN_POINT('',(193.736253637,-39.721622287,97.739999996));
#3124=CARTESIAN_POINT('',(193.726624356,-39.741722454,97.7411464));
#3125=CARTESIAN_POINT('',(193.727799034,-39.761194789,97.746019737));
#3126=B_SPLINE_CURVE_WITH_KNOTS('',3,(#3122,#3123,#3124,#3125),.UNSPECIFIED.,.F.,.F.,(4,4),(-0.,0.000065359),.UNSPECIFIED.);
#3127=EDGE_CURVE('',#1224,#3121,#3126,.T.);
#3128=ORIENTED_EDGE('',*,*,#3127,.T.);
#3129=CARTESIAN_POINT('',(193.727799034,-39.761194789,97.746019737));
#3130=CARTESIAN_POINT('',(193.730343524,-39.803374151,97.756575956));
#3131=CARTESIAN_POINT('',(193.737113353,-39.840461156,97.780720445));
#3132=CARTESIAN_POINT('',(193.746875485,-39.86639016,97.814334614));
#3133=CARTESIAN_POINT('',(193.756637617,-39.892319165,97.847948783));
#3134=CARTESIAN_POINT('',(193.768776828,-39.905695892,97.8889424));
#3135=CARTESIAN_POINT('',(193.781385782,-39.905603599,97.930879905));
#3136=B_SPLINE_CURVE_WITH_KNOTS('',3,(#3129,#3130,#3131,#3132,#3133,#3134,#3135),.UNSPECIFIED.,.F.,.F.,(4,3,4),(0.,0.000141583,0.000283165),.UNSPECIFIED.);
#3137=EDGE_CURVE('',#3121,#811,#3136,.T.);
#3138=ORIENTED_EDGE('',*,*,#3137,.T.);
#3139=EDGE_LOOP('',(#3099,#3111,#3118,#3119,#3128,#3138));
#3140=FACE_BOUND('',#3139,.T.);
#3141=ADVANCED_FACE('',(#3140),#3098,.F.);
#3142=CARTESIAN_POINT('',(193.765274458,-39.925328464,97.935253042));
#3143=CARTESIAN_POINT('',(193.765279458,-39.915963503,97.93527129));
#3144=CARTESIAN_POINT('',(193.77247712,-39.907151504,97.933317571));
#3145=CARTESIAN_POINT('',(193.781385779,-39.905603595,97.930879816));
#3146=CARTESIAN_POINT('',(193.771776961,-39.92537819,97.958984565));
#3147=CARTESIAN_POINT('',(193.771781956,-39.9160138,97.959002816));
#3148=CARTESIAN_POINT('',(193.778979228,-39.90720221,97.957051456));
#3149=CARTESIAN_POINT('',(193.787887925,-39.905653604,97.954616482));
#3150=CARTESIAN_POINT('',(193.778268615,-39.925427918,97.982717164));
#3151=CARTESIAN_POINT('',(193.778273604,-39.916064098,97.982735414));
#3152=CARTESIAN_POINT('',(193.785470488,-39.907252917,97.98078641));
#3153=CARTESIAN_POINT('',(193.794379224,-39.905703616,97.978354214));
#3154=CARTESIAN_POINT('',(193.784749423,-39.925477652,98.006450837));
#3155=CARTESIAN_POINT('',(193.784754408,-39.916114403,98.006469089));
#3156=CARTESIAN_POINT('',(193.791950899,-39.907303631,98.004522443));
#3157=CARTESIAN_POINT('',(193.800859671,-39.905753634,98.002093026));
#3158=B_SPLINE_SURFACE_WITH_KNOTS('',3,3,((#3142,#3143,#3144,#3145),(#3146,#3147,#3148,#3149),(#3150,#3151,#3152,#3153),(#3154,#3155,#3156,#3157)),.UNSPECIFIED.,.F.,.F.,.U.,(4,4),(4,4),(0.,0.000072788),(0.,1.),.UNSPECIFIED.);
#3159=ORIENTED_EDGE('',*,*,#1084,.F.);
#3160=ORIENTED_EDGE('',*,*,#826,.F.);
#3161=CARTESIAN_POINT('',(193.784563476,-39.925328464,97.929967798));
#3162=DIRECTION('',(-0.26426166,0.002020373,-0.964448906));
#3163=DIRECTION('',(-0.964450875,0.,0.264262199));
#3164=AXIS2_PLACEMENT_3D('',#3161,#3162,#3163);
#3165=CIRCLE('',#3164,0.02);
#3166=EDGE_CURVE('',#1078,#811,#3165,.T.);
#3167=ORIENTED_EDGE('',*,*,#3166,.F.);
#3168=EDGE_LOOP('',(#3159,#3160,#3167));
#3169=FACE_BOUND('',#3168,.T.);
#3170=ADVANCED_FACE('',(#3169),#3158,.T.);
#3171=CARTESIAN_POINT('',(193.709297461,-39.766002853,97.731955079));
#3172=CARTESIAN_POINT('',(193.711483172,-39.763871402,97.739854648));
#3173=CARTESIAN_POINT('',(193.719355512,-39.761825591,97.7458391));
#3174=CARTESIAN_POINT('',(193.727799034,-39.761194789,97.746019737));
#3175=CARTESIAN_POINT('',(193.712509552,-39.812333505,97.74356418));
#3176=CARTESIAN_POINT('',(193.714533231,-39.80838093,97.750882516));
#3177=CARTESIAN_POINT('',(193.722069488,-39.804582283,97.756379425));
#3178=CARTESIAN_POINT('',(193.730343524,-39.803374151,97.756575956));
#3179=CARTESIAN_POINT('',(193.719856803,-39.853152339,97.770120684));
#3180=CARTESIAN_POINT('',(193.721595992,-39.847586203,97.776420359));
#3181=CARTESIAN_POINT('',(193.728892674,-39.842229261,97.780920698));
#3182=CARTESIAN_POINT('',(193.737093371,-39.840471099,97.780723951));
#3183=CARTESIAN_POINT('',(193.740240885,-39.910365659,97.844057878));
#3184=CARTESIAN_POINT('',(193.741214593,-39.902245386,97.847598429));
#3185=CARTESIAN_POINT('',(193.748271903,-39.894482949,97.849290261));
#3186=CARTESIAN_POINT('',(193.756618621,-39.892323823,97.847955491));
#3187=CARTESIAN_POINT('',(193.752637358,-39.925231849,97.889132702));
#3188=CARTESIAN_POINT('',(193.753150497,-39.916235215,97.891005412));
#3189=CARTESIAN_POINT('',(193.760213544,-39.907687815,97.890960346));
#3190=CARTESIAN_POINT('',(193.768776828,-39.905695892,97.8889424));
#3191=CARTESIAN_POINT('',(193.765274458,-39.925328464,97.935253042));
#3192=CARTESIAN_POINT('',(193.765279469,-39.91596351,97.93527133));
#3193=CARTESIAN_POINT('',(193.77247713,-39.907151516,97.933317651));
#3194=CARTESIAN_POINT('',(193.781385782,-39.905603599,97.930879905));
#3195=B_SPLINE_SURFACE_WITH_KNOTS('',3,3,((#3171,#3172,#3173,#3174),(#3175,#3176,#3177,#3178),(#3179,#3180,#3181,#3182),(#3183,#3184,#3185,#3186),(#3187,#3188,#3189,#3190),(#3191,#3192,#3193,#3194)),.UNSPECIFIED.,.F.,.F.,.U.,(4,2,4),(4,4),(0.,0.000141583,0.000283165),(0.,1.),.UNSPECIFIED.);
#3196=ORIENTED_EDGE('',*,*,#3166,.T.);
#3197=ORIENTED_EDGE('',*,*,#3137,.F.);
#3198=CARTESIAN_POINT('',(193.728573229,-39.766002853,97.726621718));
#3199=DIRECTION('',(-0.067114011,0.967811496,-0.242562605));
#3200=DIRECTION('',(-0.,0.243110743,0.969998539));
#3201=AXIS2_PLACEMENT_3D('',#3198,#3199,#3200);
#3202=CIRCLE('',#3201,0.02);
#3203=EDGE_CURVE('',#1087,#3121,#3202,.T.);
#3204=ORIENTED_EDGE('',*,*,#3203,.F.);
#3205=ORIENTED_EDGE('',*,*,#1096,.F.);
#3206=EDGE_LOOP('',(#3196,#3197,#3204,#3205));
#3207=FACE_BOUND('',#3206,.T.);
#3208=ADVANCED_FACE('',(#3207),#3195,.T.);
#3209=CARTESIAN_POINT('',(193.739507195,-39.69331146,97.723662562));
#3210=CARTESIAN_POINT('',(193.740646915,-39.694563196,97.732750413));
#3211=CARTESIAN_POINT('',(193.746520784,-39.70101439,97.73999998));
#3212=CARTESIAN_POINT('',(193.752744394,-39.707849703,97.74));
#3213=CARTESIAN_POINT('',(193.719402199,-39.711881507,97.724711602));
#3214=CARTESIAN_POINT('',(193.72133301,-39.712904769,97.733058414));
#3215=CARTESIAN_POINT('',(193.72859424,-39.716989448,97.739575373));
#3216=CARTESIAN_POINT('',(193.736253637,-39.721622287,97.739999996));
#3217=CARTESIAN_POINT('',(193.707814581,-39.739266852,97.726595674));
#3218=CARTESIAN_POINT('',(193.710554117,-39.738746132,97.734357867));
#3219=CARTESIAN_POINT('',(193.718395862,-39.73983301,97.740426191));
#3220=CARTESIAN_POINT('',(193.726624356,-39.741722454,97.7411464));
#3221=CARTESIAN_POINT('',(193.709297461,-39.766002853,97.731955079));
#3222=CARTESIAN_POINT('',(193.711483172,-39.763871402,97.739854648));
#3223=CARTESIAN_POINT('',(193.719355512,-39.761825591,97.7458391));
#3224=CARTESIAN_POINT('',(193.727799034,-39.761194789,97.746019737));
#3225=B_SPLINE_SURFACE_WITH_KNOTS('',3,3,((#3209,#3210,#3211,#3212),(#3213,#3214,#3215,#3216),(#3217,#3218,#3219,#3220),(#3221,#3222,#3223,#3224)),.UNSPECIFIED.,.F.,.F.,.U.,(4,4),(4,4),(-0.,0.000065359),(0.,1.),.UNSPECIFIED.);
#3226=ORIENTED_EDGE('',*,*,#3203,.T.);
#3227=ORIENTED_EDGE('',*,*,#3127,.F.);
#3228=CARTESIAN_POINT('',(193.752744419,-39.707849739,97.72));
#3229=DIRECTION('',(0.739418185,0.673246425,0.));
#3230=DIRECTION('',(-0.673246425,0.739418185,-0.));
#3231=AXIS2_PLACEMENT_3D('',#3228,#3229,#3230);
#3232=CIRCLE('',#3231,0.02);
#3233=EDGE_CURVE('',#2604,#1224,#3232,.T.);
#3234=ORIENTED_EDGE('',*,*,#3233,.F.);
#3235=ORIENTED_EDGE('',*,*,#2610,.F.);
#3236=EDGE_LOOP('',(#3226,#3227,#3234,#3235));
#3237=FACE_BOUND('',#3236,.T.);
#3238=ADVANCED_FACE('',(#3237),#3225,.T.);
#3239=CARTESIAN_POINT('',(193.851959474,-39.674917944,97.717801004));
#3240=CARTESIAN_POINT('',(193.852206058,-39.674353371,97.723370262));
#3241=CARTESIAN_POINT('',(193.851462565,-39.676055651,97.729167823));
#3242=CARTESIAN_POINT('',(193.848470341,-39.68290656,97.737516258));
#3243=CARTESIAN_POINT('',(193.846245671,-39.688000097,97.74));
#3244=CARTESIAN_POINT('',(193.844002967,-39.693134926,97.74));
#3245=CARTESIAN_POINT('',(193.833410982,-39.666700058,97.718766854));
#3246=CARTESIAN_POINT('',(193.833432458,-39.666351874,97.72420507));
#3247=CARTESIAN_POINT('',(193.832959938,-39.668335319,97.72974124));
#3248=CARTESIAN_POINT('',(193.831303913,-39.675755349,97.737666755));
#3249=CARTESIAN_POINT('',(193.830130989,-39.681138529,97.74));
#3250=CARTESIAN_POINT('',(193.828950624,-39.686560617,97.74));
#3251=CARTESIAN_POINT('',(193.812874029,-39.664152835,97.719836783));
#3252=CARTESIAN_POINT('',(193.812827544,-39.664125668,97.725106509));
#3253=CARTESIAN_POINT('',(193.812743704,-39.666310432,97.730353851));
#3254=CARTESIAN_POINT('',(193.812534549,-39.673857981,97.737823778));
#3255=CARTESIAN_POINT('',(193.812409543,-39.679173812,97.739999999));
#3256=CARTESIAN_POINT('',(193.812284431,-39.684522833,97.74));
#3257=CARTESIAN_POINT('',(193.77338432,-39.670509866,97.721895275));
#3258=CARTESIAN_POINT('',(193.773499915,-39.670972531,97.726799205));
#3259=CARTESIAN_POINT('',(193.774289286,-39.673233685,97.73149331));
#3260=CARTESIAN_POINT('',(193.776803905,-39.680214065,97.738109367));
#3261=CARTESIAN_POINT('',(193.77851613,-39.684900122,97.739999999));
#3262=CARTESIAN_POINT('',(193.780237262,-39.689608458,97.74));
#3263=CARTESIAN_POINT('',(193.754475835,-39.679485625,97.722881526));
#3264=CARTESIAN_POINT('',(193.754814845,-39.680110368,97.727589254));
#3265=CARTESIAN_POINT('',(193.756083963,-39.682243342,97.732019604));
#3266=CARTESIAN_POINT('',(193.759873396,-39.688525478,97.738237938));
#3267=CARTESIAN_POINT('',(193.762377409,-39.692648754,97.74));
#3268=CARTESIAN_POINT('',(193.764892213,-39.696789071,97.74));
#3269=CARTESIAN_POINT('',(193.739507195,-39.69331146,97.723662562));
#3270=CARTESIAN_POINT('',(193.740077055,-39.69393733,97.728206494));
#3271=CARTESIAN_POINT('',(193.741745726,-39.695770011,97.732428705));
#3272=CARTESIAN_POINT('',(193.746532511,-39.701027278,97.738336575));
#3273=CARTESIAN_POINT('',(193.749632609,-39.704432077,97.74));
#3274=CARTESIAN_POINT('',(193.752744419,-39.707849739,97.74));
#3275=B_SPLINE_SURFACE_WITH_KNOTS('',3,3,((#3239,#3240,#3241,#3242,#3243,#3244),(#3245,#3246,#3247,#3248,#3249,#3250),(#3251,#3252,#3253,#3254,#3255,#3256),(#3257,#3258,#3259,#3260,#3261,#3262),(#3263,#3264,#3265,#3266,#3267,#3268),(#3269,#3270,#3271,#3272,#3273,#3274)),.UNSPECIFIED.,.F.,.F.,.U.,(4,2,4),(4,2,4),(0.,0.00004857,0.000097139),(0.,0.5,1.),.UNSPECIFIED.);
#3276=ORIENTED_EDGE('',*,*,#3233,.T.);
#3277=ORIENTED_EDGE('',*,*,#1239,.F.);
#3278=CARTESIAN_POINT('',(193.844002967,-39.693134926,97.72));
#3279=DIRECTION('',(0.916405124,-0.400251981,-0.));
#3280=DIRECTION('',(0.400251981,0.916405124,0.));
#3281=AXIS2_PLACEMENT_3D('',#3278,#3279,#3280);
#3282=CIRCLE('',#3281,0.02);
#3283=EDGE_CURVE('',#2613,#1226,#3282,.T.);
#3284=ORIENTED_EDGE('',*,*,#3283,.F.);
#3285=ORIENTED_EDGE('',*,*,#2619,.F.);
#3286=EDGE_LOOP('',(#3276,#3277,#3284,#3285));
#3287=FACE_BOUND('',#3286,.T.);
#3288=ADVANCED_FACE('',(#3287),#3275,.T.);
#3289=CARTESIAN_POINT('',(193.882318693,-39.695292175,97.717147083));
#3290=CARTESIAN_POINT('',(193.882758801,-39.694233918,97.722713899));
#3291=CARTESIAN_POINT('',(193.881451002,-39.694994168,97.728715254));
#3292=CARTESIAN_POINT('',(193.876196729,-39.699653412,97.737653722));
#3293=CARTESIAN_POINT('',(193.872294939,-39.703512782,97.740514819));
#3294=CARTESIAN_POINT('',(193.868397122,-39.707637173,97.74083019));
#3295=CARTESIAN_POINT('',(193.873383651,-39.686751218,97.716878861));
#3296=CARTESIAN_POINT('',(193.873752399,-39.685877669,97.722453134));
#3297=CARTESIAN_POINT('',(193.872605622,-39.687017629,97.728398997));
#3298=CARTESIAN_POINT('',(193.868023751,-39.692582591,97.73717766));
#3299=CARTESIAN_POINT('',(193.864626615,-39.696961159,97.739937518));
#3300=CARTESIAN_POINT('',(193.861223297,-39.701514035,97.740173192));
#3301=CARTESIAN_POINT('',(193.863271108,-39.67992955,97.71721199));
#3302=CARTESIAN_POINT('',(193.863583055,-39.679209888,97.722792516));
#3303=CARTESIAN_POINT('',(193.862628597,-39.680659087,97.728676503));
#3304=CARTESIAN_POINT('',(193.858801102,-39.686959082,97.737257398));
#3305=CARTESIAN_POINT('',(193.855959345,-39.691758068,97.739883904));
#3306=CARTESIAN_POINT('',(193.853104001,-39.69665773,97.74));
#3307=CARTESIAN_POINT('',(193.851959474,-39.674917944,97.717801004));
#3308=CARTESIAN_POINT('',(193.852206058,-39.674353371,97.723370262));
#3309=CARTESIAN_POINT('',(193.851462565,-39.676055651,97.729167823));
#3310=CARTESIAN_POINT('',(193.84847034,-39.68290656,97.737516258));
#3311=CARTESIAN_POINT('',(193.846245671,-39.688000097,97.74));
#3312=CARTESIAN_POINT('',(193.844002967,-39.693134925,97.74));
#3313=B_SPLINE_SURFACE_WITH_KNOTS('',3,3,((#3289,#3290,#3291,#3292,#3293,#3294),(#3295,#3296,#3297,#3298,#3299,#3300),(#3301,#3302,#3303,#3304,#3305,#3306),(#3307,#3308,#3309,#3310,#3311,#3312)),.UNSPECIFIED.,.F.,.F.,.U.,(4,4),(4,2,4),(0.,0.000029594),(0.,0.5,1.),.UNSPECIFIED.);
#3314=ORIENTED_EDGE('',*,*,#3283,.T.);
#3315=ORIENTED_EDGE('',*,*,#3117,.F.);
#3316=CARTESIAN_POINT('',(193.868687248,-39.709434311,97.720913209));
#3317=DIRECTION('',(0.727642128,-0.682151877,0.072150881));
#3318=DIRECTION('',(0.683934396,0.729543517,0.));
#3319=AXIS2_PLACEMENT_3D('',#3316,#3317,#3318);
#3320=CIRCLE('',#3319,0.02);
#3321=EDGE_CURVE('',#2550,#3101,#3320,.T.);
#3322=ORIENTED_EDGE('',*,*,#3321,.F.);
#3323=ORIENTED_EDGE('',*,*,#2626,.F.);
#3324=EDGE_LOOP('',(#3314,#3315,#3322,#3323));
#3325=FACE_BOUND('',#3324,.T.);
#3326=ADVANCED_FACE('',(#3325),#3313,.T.);
#3327=CARTESIAN_POINT('',(193.868397122,-39.707637173,97.74083019));
#3328=CARTESIAN_POINT('',(193.872294939,-39.703512782,97.740514819));
#3329=CARTESIAN_POINT('',(193.876196729,-39.699653412,97.737653722));
#3330=CARTESIAN_POINT('',(193.881451002,-39.694994168,97.728715254));
#3331=CARTESIAN_POINT('',(193.882758801,-39.694233918,97.722713899));
#3332=CARTESIAN_POINT('',(193.882318693,-39.695292175,97.717147083));
#3333=CARTESIAN_POINT('',(193.895555538,-39.730817934,97.743317432));
#3334=CARTESIAN_POINT('',(193.899209219,-39.7268811,97.742540075));
#3335=CARTESIAN_POINT('',(193.90292702,-39.723521096,97.739513718));
#3336=CARTESIAN_POINT('',(193.90827971,-39.71993385,97.730781129));
#3337=CARTESIAN_POINT('',(193.909877666,-39.7197295,97.725134552));
#3338=CARTESIAN_POINT('',(193.909911373,-39.721159418,97.719884657));
#3339=CARTESIAN_POINT('',(193.922531782,-39.752416075,97.751066332));
#3340=CARTESIAN_POINT('',(193.926023686,-39.748815598,97.749907751));
#3341=CARTESIAN_POINT('',(193.929617035,-39.74598297,97.746824535));
#3342=CARTESIAN_POINT('',(193.935060116,-39.743364761,97.738480222));
#3343=CARTESIAN_POINT('',(193.936879297,-39.743592924,97.733265257));
#3344=CARTESIAN_POINT('',(193.937297323,-39.745287079,97.728410947));
#3345=CARTESIAN_POINT('',(193.975965438,-39.792361904,97.776961638));
#3346=CARTESIAN_POINT('',(193.979218845,-39.789578635,97.775298726));
#3347=CARTESIAN_POINT('',(193.982619071,-39.787783026,97.772334441));
#3348=CARTESIAN_POINT('',(193.98822627,-39.786927949,97.765100671));
#3349=CARTESIAN_POINT('',(193.990413364,-39.787870588,97.760856149));
#3350=CARTESIAN_POINT('',(193.991499335,-39.789967285,97.756902524));
#3351=CARTESIAN_POINT('',(194.001060701,-39.809703194,97.794403072));
#3352=CARTESIAN_POINT('',(194.004244121,-39.80738109,97.792627214));
#3353=CARTESIAN_POINT('',(194.007581207,-39.806069829,97.789833558));
#3354=CARTESIAN_POINT('',(194.013258018,-39.805964341,97.783292458));
#3355=CARTESIAN_POINT('',(194.015581885,-39.807170056,97.779562761));
#3356=CARTESIAN_POINT('',(194.01693386,-39.809394035,97.776092103));
#3357=CARTESIAN_POINT('',(194.04737956,-39.838131539,97.839988074));
#3358=CARTESIAN_POINT('',(194.050464523,-39.836702515,97.83829114));
#3359=CARTESIAN_POINT('',(194.053700396,-39.836239034,97.836068757));
#3360=CARTESIAN_POINT('',(194.059486252,-39.837366772,97.831240701));
#3361=CARTESIAN_POINT('',(194.062026671,-39.838955782,97.828642494));
#3362=CARTESIAN_POINT('',(194.063823693,-39.841322782,97.826245392));
#3363=CARTESIAN_POINT('',(194.067806013,-39.848621114,97.867752498));
#3364=CARTESIAN_POINT('',(194.070865359,-39.847609621,97.866256109));
#3365=CARTESIAN_POINT('',(194.07406566,-39.847493934,97.864432387));
#3366=CARTESIAN_POINT('',(194.079888546,-39.849079919,97.860607966));
#3367=CARTESIAN_POINT('',(194.082503695,-39.850779514,97.858611888));
#3368=CARTESIAN_POINT('',(194.084470427,-39.853157018,97.856791895));
#3369=CARTESIAN_POINT('',(194.087011459,-39.854342611,97.909386967));
#3370=CARTESIAN_POINT('',(194.090042755,-39.853690479,97.908316282));
#3371=CARTESIAN_POINT('',(194.093201168,-39.853841745,97.907122619));
#3372=CARTESIAN_POINT('',(194.099035675,-39.855715201,97.904766344));
#3373=CARTESIAN_POINT('',(194.101706163,-39.857435584,97.903605967));
#3374=CARTESIAN_POINT('',(194.1038184,-39.859738975,97.902597745));
#3375=CARTESIAN_POINT('',(194.091100643,-39.855056563,97.92014273));
#3376=CARTESIAN_POINT('',(194.094125308,-39.85447646,97.919191261));
#3377=CARTESIAN_POINT('',(194.097273673,-39.854677263,97.918162747));
#3378=CARTESIAN_POINT('',(194.103107805,-39.856594642,97.916183027));
#3379=CARTESIAN_POINT('',(194.105788339,-39.85830949,97.915233577));
#3380=CARTESIAN_POINT('',(194.107929987,-39.86058697,97.91443112));
#3381=CARTESIAN_POINT('',(194.094379154,-39.855007188,97.931096732));
#3382=CARTESIAN_POINT('',(194.097397369,-39.854479153,97.930271658));
#3383=CARTESIAN_POINT('',(194.100536042,-39.854710925,97.929412365));
#3384=CARTESIAN_POINT('',(194.106366337,-39.856642411,97.927814416));
#3385=CARTESIAN_POINT('',(194.109053026,-39.858340477,97.927077111));
#3386=CARTESIAN_POINT('',(194.111216714,-39.860584459,97.926482563));
#3387=B_SPLINE_SURFACE_WITH_KNOTS('',3,3,((#3327,#3328,#3329,#3330,#3331,#3332),(#3333,#3334,#3335,#3336,#3337,#3338),(#3339,#3340,#3341,#3342,#3343,#3344),(#3345,#3346,#3347,#3348,#3349,#3350),(#3351,#3352,#3353,#3354,#3355,#3356),(#3357,#3358,#3359,#3360,#3361,#3362),(#3363,#3364,#3365,#3366,#3367,#3368),(#3369,#3370,#3371,#3372,#3373,#3374),(#3375,#3376,#3377,#3378,#3379,#3380),(#3381,#3382,#3383,#3384,#3385,#3386)),.UNSPECIFIED.,.F.,.F.,.U.,(4,2,2,2,4),(4,2,4),(0.00083765,0.000950046,0.001062442,0.001174838,0.001212165),(0.,0.5,1.),.UNSPECIFIED.);
#3388=ORIENTED_EDGE('',*,*,#3321,.T.);
#3389=ORIENTED_EDGE('',*,*,#3110,.F.);
#3390=ORIENTED_EDGE('',*,*,#808,.F.);
#3391=ORIENTED_EDGE('',*,*,#2566,.F.);
#3392=EDGE_LOOP('',(#3388,#3389,#3390,#3391));
#3393=FACE_BOUND('',#3392,.T.);
#3394=ADVANCED_FACE('',(#3393),#3387,.T.);
#3395=CARTESIAN_POINT('',(22.819428068,-52.960227247,160.132704448));
#3396=DIRECTION('',(-0.707106781,0.707106781,-0.));
#3397=DIRECTION('',(0.,0.,-1.));
#3398=AXIS2_PLACEMENT_3D('',#3395,#3396,#3397);
#3399=PLANE('',#3398);
#3400=ORIENTED_EDGE('',*,*,#2945,.F.);
#3401=ORIENTED_EDGE('',*,*,#2699,.T.);
#3402=ORIENTED_EDGE('',*,*,#2851,.F.);
#3403=ORIENTED_EDGE('',*,*,#898,.F.);
#3404=CARTESIAN_POINT('',(27.769175536,-48.010479779,120.265408896));
#3405=DIRECTION('',(-0.707106781,-0.707106781,0.));
#3406=VECTOR('',#3405,16.828427125);
#3407=LINE('',#3404,#3406);
#3408=EDGE_CURVE('',#1035,#884,#3407,.T.);
#3409=ORIENTED_EDGE('',*,*,#3408,.F.);
#3410=ORIENTED_EDGE('',*,*,#2783,.F.);
#3411=EDGE_LOOP('',(#3400,#3401,#3402,#3403,#3409,#3410));
#3412=FACE_BOUND('',#3411,.T.);
#3413=ADVANCED_FACE('',(#3412),#3399,.F.);
#3414=CARTESIAN_POINT('',(112.269175536,-52.960227247,120.265408896));
#3415=DIRECTION('',(0.,-1.,0.));
#3416=DIRECTION('',(0.,0.,-1.));
#3417=AXIS2_PLACEMENT_3D('',#3414,#3415,#3416);
#3418=CONICAL_SURFACE('',#3417,89.449747468,45.);
#3419=CARTESIAN_POINT('',(112.269175536,-59.909974716,23.86591396));
#3420=DIRECTION('',(-0.,0.707106781,0.707106781));
#3421=VECTOR('',#3420,16.828427125);
#3422=LINE('',#3419,#3421);
#3423=EDGE_CURVE('',#875,#1045,#3422,.T.);
#3424=ORIENTED_EDGE('',*,*,#3423,.F.);
#3425=ORIENTED_EDGE('',*,*,#881,.F.);
#3426=ORIENTED_EDGE('',*,*,#128,.T.);
#3427=ORIENTED_EDGE('',*,*,#1145,.F.);
#3428=ORIENTED_EDGE('',*,*,#1060,.F.);
#3429=EDGE_LOOP('',(#3424,#3425,#3426,#3427,#3428));
#3430=FACE_BOUND('',#3429,.T.);
#3431=ADVANCED_FACE('',(#3430),#3418,.F.);
#3432=CARTESIAN_POINT('',(208.,-6.317474716,51.765408896));
#3433=DIRECTION('',(0.707106781,-0.707106781,0.));
#3434=DIRECTION('',(-0.,-0.,-1.));
#3435=AXIS2_PLACEMENT_3D('',#3432,#3433,#3434);
#3436=PLANE('',#3435);
#3437=ORIENTED_EDGE('',*,*,#1596,.F.);
#3438=CARTESIAN_POINT('',(208.,-6.317474716,27.673357636));
#3439=DIRECTION('',(0.665161625,0.665161625,-0.33929342));
#3440=VECTOR('',#3439,7.516970028);
#3441=LINE('',#3438,#3440);
#3442=EDGE_CURVE('',#1585,#980,#3441,.T.);
#3443=ORIENTED_EDGE('',*,*,#3442,.T.);
#3444=ORIENTED_EDGE('',*,*,#985,.F.);
#3445=ORIENTED_EDGE('',*,*,#1312,.F.);
#3446=ORIENTED_EDGE('',*,*,#1416,.F.);
#3447=EDGE_LOOP('',(#3437,#3443,#3444,#3445,#3446));
#3448=FACE_BOUND('',#3447,.T.);
#3449=ADVANCED_FACE('',(#3448),#3436,.T.);
#3450=CARTESIAN_POINT('',(208.,14.682525284,0.));
#3451=DIRECTION('',(0.707106781,0.707106781,0.));
#3452=DIRECTION('',(0.,0.,1.));
#3453=AXIS2_PLACEMENT_3D('',#3450,#3451,#3452);
#3454=PLANE('',#3453);
#3455=ORIENTED_EDGE('',*,*,#969,.F.);
#3456=CARTESIAN_POINT('',(213.,9.682525284,3.));
#3457=DIRECTION('',(-0.707106781,0.707106781,-0.));
#3458=VECTOR('',#3457,7.071067812);
#3459=LINE('',#3456,#3458);
#3460=EDGE_CURVE('',#956,#1446,#3459,.T.);
#3461=ORIENTED_EDGE('',*,*,#3460,.T.);
#3462=ORIENTED_EDGE('',*,*,#1451,.F.);
#3463=ORIENTED_EDGE('',*,*,#1384,.F.);
#3464=ORIENTED_EDGE('',*,*,#1319,.F.);
#3465=EDGE_LOOP('',(#3455,#3461,#3462,#3463,#3464));
#3466=FACE_BOUND('',#3465,.T.);
#3467=ADVANCED_FACE('',(#3466),#3454,.T.);
#3468=CARTESIAN_POINT('',(206.263590933,-37.759929314,99.366073433));
#3469=CARTESIAN_POINT('',(206.26339337,-37.756092416,99.264109425));
#3470=CARTESIAN_POINT('',(206.263195806,-37.752255517,99.162145417));
#3471=CARTESIAN_POINT('',(206.262998242,-37.748418618,99.060181409));
#3472=CARTESIAN_POINT('',(206.262410679,-37.737007535,98.75693656));
#3473=CARTESIAN_POINT('',(206.261823117,-37.725596451,98.453691711));
#3474=CARTESIAN_POINT('',(206.261235554,-37.714185368,98.150446862));
#3475=CARTESIAN_POINT('',(206.260582823,-37.70150865,97.81356829));
#3476=CARTESIAN_POINT('',(206.259937784,-37.688789102,97.476669969));
#3477=CARTESIAN_POINT('',(206.25930104,-37.676042476,97.139754435));
#3478=CARTESIAN_POINT('',(206.279126307,-37.772952319,99.365654368));
#3479=CARTESIAN_POINT('',(206.278929565,-37.769120153,99.263689846));
#3480=CARTESIAN_POINT('',(206.278732822,-37.765287987,99.161725324));
#3481=CARTESIAN_POINT('',(206.27853608,-37.761455822,99.059760802));
#3482=CARTESIAN_POINT('',(206.27795096,-37.750058815,98.756514424));
#3483=CARTESIAN_POINT('',(206.27736584,-37.738661808,98.453268047));
#3484=CARTESIAN_POINT('',(206.276780721,-37.727264801,98.150021669));
#3485=CARTESIAN_POINT('',(206.276130704,-37.71460372,97.813141398));
#3486=CARTESIAN_POINT('',(206.275488346,-37.701899773,97.47624156));
#3487=CARTESIAN_POINT('',(206.27485425,-37.689168691,97.139324679));
#3488=CARTESIAN_POINT('',(208.010831127,-39.224607096,99.318941809));
#3489=CARTESIAN_POINT('',(208.010725949,-39.221302521,99.216919989));
#3490=CARTESIAN_POINT('',(208.010620771,-39.217997947,99.114898169));
#3491=CARTESIAN_POINT('',(208.010515593,-39.214693373,99.012876349));
#3492=CARTESIAN_POINT('',(208.01020279,-39.204865442,98.709459566));
#3493=CARTESIAN_POINT('',(208.009889986,-39.195037512,98.406042782));
#3494=CARTESIAN_POINT('',(208.009577183,-39.185209582,98.102625999));
#3495=CARTESIAN_POINT('',(208.009229686,-39.174291609,97.765556422));
#3496=CARTESIAN_POINT('',(208.008886283,-39.163326566,97.428487469));
#3497=CARTESIAN_POINT('',(208.008547297,-39.152328179,97.091420356));
#3498=CARTESIAN_POINT('',(208.030525868,-39.241116818,99.318410545));
#3499=CARTESIAN_POINT('',(208.030421732,-39.237818244,99.216388074));
#3500=CARTESIAN_POINT('',(208.030317595,-39.23451967,99.114365602));
#3501=CARTESIAN_POINT('',(208.030213458,-39.231221096,99.012343131));
#3502=CARTESIAN_POINT('',(208.029903752,-39.221411011,98.708924409));
#3503=CARTESIAN_POINT('',(208.029594046,-39.211600926,98.405505688));
#3504=CARTESIAN_POINT('',(208.02928434,-39.201790841,98.102086966));
#3505=CARTESIAN_POINT('',(208.028940283,-39.190892692,97.765015236));
#3506=CARTESIAN_POINT('',(208.02860028,-39.179947425,97.42794436));
#3507=CARTESIAN_POINT('',(208.028264651,-39.168968745,97.090875539));
#3508=CARTESIAN_POINT('',(210.,-40.892089026,99.265284183));
#3509=CARTESIAN_POINT('',(210.,-40.889390484,99.163196547));
#3510=CARTESIAN_POINT('',(210.,-40.886691941,99.06110891));
#3511=CARTESIAN_POINT('',(210.,-40.883993399,98.959021274));
#3512=CARTESIAN_POINT('',(210.,-40.875967831,98.655408749));
#3513=CARTESIAN_POINT('',(210.,-40.867942262,98.351796224));
#3514=CARTESIAN_POINT('',(210.,-40.859916694,98.048183699));
#3515=CARTESIAN_POINT('',(210.,-40.851000988,97.710896671));
#3516=CARTESIAN_POINT('',(210.,-40.842033384,97.37363346));
#3517=CARTESIAN_POINT('',(210.,-40.833025303,97.036393781));
#3518=CARTESIAN_POINT('',(210.988428176,-41.720669318,99.238621435));
#3519=CARTESIAN_POINT('',(210.98848044,-41.718271915,99.136501094));
#3520=CARTESIAN_POINT('',(210.988532703,-41.715874513,99.034380753));
#3521=CARTESIAN_POINT('',(210.988584967,-41.713477111,98.932260412));
#3522=CARTESIAN_POINT('',(210.9887404,-41.706347146,98.628550622));
#3523=CARTESIAN_POINT('',(210.988895834,-41.69921718,98.324840832));
#3524=CARTESIAN_POINT('',(210.989051268,-41.692087215,98.021131042));
#3525=CARTESIAN_POINT('',(210.989223941,-41.684166445,97.683735961));
#3526=CARTESIAN_POINT('',(210.989394579,-41.676191378,97.346376223));
#3527=CARTESIAN_POINT('',(210.989563023,-41.668172292,97.009050794));
#3528=B_SPLINE_SURFACE_WITH_KNOTS('',1,3,((#3468,#3469,#3470,#3471,#3472,#3473,#3474,#3475,#3476,#3477),(#3478,#3479,#3480,#3481,#3482,#3483,#3484,#3485,#3486,#3487),(#3488,#3489,#3490,#3491,#3492,#3493,#3494,#3495,#3496,#3497),(#3498,#3499,#3500,#3501,#3502,#3503,#3504,#3505,#3506,#3507),(#3508,#3509,#3510,#3511,#3512,#3513,#3514,#3515,#3516,#3517),(#3518,#3519,#3520,#3521,#3522,#3523,#3524,#3525,#3526,#3527)),.UNSPECIFIED.,.F.,.F.,.U.,(2,1,1,1,1,2),(4,3,3,4),(-0.897160773,-0.889272691,-0.01,0.,1.,1.50187416),(-1.027384447,-0.759642309,0.036633024,0.921225451),.UNSPECIFIED.);
#3529=ORIENTED_EDGE('',*,*,#96,.F.);
#3530=ORIENTED_EDGE('',*,*,#1213,.F.);
#3531=CARTESIAN_POINT('',(206.27485425,-37.689168691,97.139324679));
#3532=CARTESIAN_POINT('',(207.846072332,-39.015206566,97.095909763));
#3533=CARTESIAN_POINT('',(209.417290414,-40.341244442,97.052494848));
#3534=CARTESIAN_POINT('',(210.988508496,-41.667282318,97.009079932));
#3535=B_SPLINE_CURVE_WITH_KNOTS('',3,(#3531,#3532,#3533,#3534),.UNSPECIFIED.,.F.,.F.,(4,4),(-0.501339338,1.889272691),.UNSPECIFIED.);
#3536=EDGE_CURVE('',#607,#1202,#3535,.T.);
#3537=ORIENTED_EDGE('',*,*,#3536,.F.);
#3538=ORIENTED_EDGE('',*,*,#613,.F.);
#3539=ORIENTED_EDGE('',*,*,#1185,.F.);
#3540=EDGE_LOOP('',(#3529,#3530,#3537,#3538,#3539));
#3541=FACE_BOUND('',#3540,.T.);
#3542=ADVANCED_FACE('',(#3541),#3528,.T.);
#3543=CARTESIAN_POINT('',(206.27485425,-37.689168691,97.139324679));
#3544=CARTESIAN_POINT('',(206.25187768,-37.228431066,84.952619934));
#3545=CARTESIAN_POINT('',(206.246764131,-36.833673563,72.615850945));
#3546=CARTESIAN_POINT('',(206.226788152,-36.237041833,48.800810679));
#3547=CARTESIAN_POINT('',(206.226385731,-35.75191596,37.138835926));
#3548=CARTESIAN_POINT('',(206.224375342,-35.005145403,25.525515335));
#3549=CARTESIAN_POINT('',(208.028264651,-39.168968745,97.090875539));
#3550=CARTESIAN_POINT('',(208.016103055,-38.771154521,84.877133709));
#3551=CARTESIAN_POINT('',(208.013396432,-38.399930887,72.608196861));
#3552=CARTESIAN_POINT('',(208.002823062,-37.907191019,48.742664995));
#3553=CARTESIAN_POINT('',(208.002610059,-37.432601796,37.060417311));
#3554=CARTESIAN_POINT('',(208.001545951,-36.710342892,25.419913614));
#3555=CARTESIAN_POINT('',(210.,-40.833025303,97.036393781));
#3556=CARTESIAN_POINT('',(210.,-40.505969353,84.792248356));
#3557=CARTESIAN_POINT('',(210.,-40.161209897,72.599589732));
#3558=CARTESIAN_POINT('',(210.,-39.785297928,48.677279333));
#3559=CARTESIAN_POINT('',(210.,-39.322557322,36.972234443));
#3560=CARTESIAN_POINT('',(210.,-38.627862125,25.301162952));
#3561=CARTESIAN_POINT('',(212.99717742,-43.362509164,96.953577648));
#3562=CARTESIAN_POINT('',(213.015663907,-43.143010802,84.663216607));
#3563=CARTESIAN_POINT('',(213.019778166,-42.83847877,72.586506286));
#3564=CARTESIAN_POINT('',(213.035850438,-42.640153488,48.577888493));
#3565=CARTESIAN_POINT('',(213.036174217,-42.195423618,36.838190238));
#3566=CARTESIAN_POINT('',(213.037791736,-41.542627208,25.120653533));
#3567=B_SPLINE_SURFACE_WITH_KNOTS('',1,3,((#3543,#3544,#3545,#3546,#3547,#3548),(#3549,#3550,#3551,#3552,#3553,#3554),(#3555,#3556,#3557,#3558,#3559,#3560),(#3561,#3562,#3563,#3564,#3565,#3566)),.UNSPECIFIED.,.F.,.F.,.U.,(2,1,1,2),(4,2,4),(-0.889272691,0.,1.,2.520070846),(0.081931739,0.520986042,0.939649679),.UNSPECIFIED.);
#3568=ORIENTED_EDGE('',*,*,#3536,.T.);
#3569=ORIENTED_EDGE('',*,*,#1208,.F.);
#3570=ORIENTED_EDGE('',*,*,#1024,.F.);
#3571=ORIENTED_EDGE('',*,*,#1002,.F.);
#3572=CARTESIAN_POINT('',(213.,-41.506365989,25.122899166));
#3573=CARTESIAN_POINT('',(211.175418369,-39.801634707,26.053603101));
#3574=CARTESIAN_POINT('',(209.348920076,-38.099489549,26.985284709));
#3575=CARTESIAN_POINT('',(207.520720291,-36.399650281,27.917834235));
#3576=B_SPLINE_CURVE_WITH_KNOTS('',3,(#3572,#3573,#3574,#3575),.UNSPECIFIED.,.F.,.F.,(4,4),(-0.004379107,0.003615438),.UNSPECIFIED.);
#3577=EDGE_CURVE('',#988,#616,#3576,.T.);
#3578=ORIENTED_EDGE('',*,*,#3577,.T.);
#3579=ORIENTED_EDGE('',*,*,#643,.F.);
#3580=EDGE_LOOP('',(#3568,#3569,#3570,#3571,#3578,#3579));
#3581=FACE_BOUND('',#3580,.T.);
#3582=ADVANCED_FACE('',(#3581),#3567,.T.);
#3583=CARTESIAN_POINT('',(208.380909981,-6.317474716,27.479058618));
#3584=DIRECTION('',(0.454390903,-0.,0.890802395));
#3585=DIRECTION('',(-0.,-1.,-0.));
#3586=AXIS2_PLACEMENT_3D('',#3583,#3584,#3585);
#3587=PLANE('',#3586);
#3588=ORIENTED_EDGE('',*,*,#3577,.F.);
#3589=ORIENTED_EDGE('',*,*,#993,.F.);
#3590=ORIENTED_EDGE('',*,*,#3442,.F.);
#3591=ORIENTED_EDGE('',*,*,#1590,.F.);
#3592=ORIENTED_EDGE('',*,*,#1762,.F.);
#3593=ORIENTED_EDGE('',*,*,#652,.T.);
#3594=EDGE_LOOP('',(#3588,#3589,#3590,#3591,#3592,#3593));
#3595=FACE_BOUND('',#3594,.T.);
#3596=ADVANCED_FACE('',(#3595),#3587,.T.);
#3597=CARTESIAN_POINT('',(-1.251047841,10.681271784,197.221060032));
#3598=CARTESIAN_POINT('',(-0.824423718,10.681271784,195.791854666));
#3599=CARTESIAN_POINT('',(-0.407817606,10.681271784,194.36171161));
#3600=CARTESIAN_POINT('',(1.235475348,10.681271784,188.483344318));
#3601=CARTESIAN_POINT('',(2.355982937,10.681271784,184.005726915));
#3602=CARTESIAN_POINT('',(5.338269559,10.681271784,170.488868767));
#3603=CARTESIAN_POINT('',(6.818515437,10.681271784,161.368328544));
#3604=CARTESIAN_POINT('',(9.677362032,10.681271784,133.841070725));
#3605=CARTESIAN_POINT('',(9.449089852,10.681271784,115.278375645));
#3606=CARTESIAN_POINT('',(5.027453056,10.681271784,78.618841113));
#3607=CARTESIAN_POINT('',(0.853892648,10.681271784,60.538197057));
#3608=CARTESIAN_POINT('',(-7.738501955,10.681271784,34.174009143));
#3609=CARTESIAN_POINT('',(-10.990095397,10.681271784,25.506660196));
#3610=CARTESIAN_POINT('',(-16.365792917,10.681271784,12.71245618));
#3611=CARTESIAN_POINT('',(-18.238721216,10.681271784,8.486277103));
#3612=CARTESIAN_POINT('',(-20.252184656,10.681271784,4.158080022));
#3613=CARTESIAN_POINT('',(-20.310397372,10.681271784,4.033096671));
#3614=CARTESIAN_POINT('',(-20.368664321,10.681271784,3.908142868));
#3615=CARTESIAN_POINT('',(-1.224669594,10.708791899,197.228905061));
#3616=CARTESIAN_POINT('',(-0.79800776,10.708791899,195.799572455));
#3617=CARTESIAN_POINT('',(-0.381357247,10.708791899,194.36927682));
#3618=CARTESIAN_POINT('',(1.262114474,10.708791899,188.490270043));
#3619=CARTESIAN_POINT('',(2.382745894,10.708791899,184.012158513));
#3620=CARTESIAN_POINT('',(5.365364998,10.708791899,170.49379343));
#3621=CARTESIAN_POINT('',(6.845779846,10.708791899,161.372215911));
#3622=CARTESIAN_POINT('',(9.704951887,10.708791899,133.841824436));
#3623=CARTESIAN_POINT('',(9.476645769,10.708791899,115.27701882));
#3624=CARTESIAN_POINT('',(5.054541332,10.708791899,78.613607107));
#3625=CARTESIAN_POINT('',(0.880557125,10.708791899,60.531200279));
#3626=CARTESIAN_POINT('',(-7.712585874,10.708791899,34.164716049));
#3627=CARTESIAN_POINT('',(-10.96444771,10.708791899,25.496657142));
#3628=CARTESIAN_POINT('',(-16.340559444,10.708791899,12.701467293));
#3629=CARTESIAN_POINT('',(-18.21362766,10.708791899,8.474973017));
#3630=CARTESIAN_POINT('',(-20.227236556,10.708791899,4.14646326));
#3631=CARTESIAN_POINT('',(-20.285453337,10.708791899,4.021471175));
#3632=CARTESIAN_POINT('',(-20.343724217,10.708791899,3.896508927));
#3633=CARTESIAN_POINT('',(0.647999272,12.662525284,197.785846598));
#3634=CARTESIAN_POINT('',(1.077338287,12.662525284,196.347480831));
#3635=CARTESIAN_POINT('',(1.497140943,12.662525284,194.906353166));
#3636=CARTESIAN_POINT('',(3.153303887,12.662525284,188.981947501));
#3637=CARTESIAN_POINT('',(4.282726423,12.662525284,184.468756488));
#3638=CARTESIAN_POINT('',(7.288949402,12.662525284,170.843409658));
#3639=CARTESIAN_POINT('',(8.781359874,12.662525284,161.648191433));
#3640=CARTESIAN_POINT('',(11.663636291,12.662525284,133.895332572));
#3641=CARTESIAN_POINT('',(11.432920842,12.662525284,115.180693871));
#3642=CARTESIAN_POINT('',(6.977617233,12.662525284,78.242029743));
#3643=CARTESIAN_POINT('',(2.773546289,12.662525284,60.034478586));
#3644=CARTESIAN_POINT('',(-5.872727533,12.662525284,33.504972163));
#3645=CARTESIAN_POINT('',(-9.143643477,12.662525284,24.78651111));
#3646=CARTESIAN_POINT('',(-14.549161485,12.662525284,11.921334089));
#3647=CARTESIAN_POINT('',(-16.432162813,12.662525284,7.672462961));
#3648=CARTESIAN_POINT('',(-18.456098063,12.662525284,3.321755387));
#3649=CARTESIAN_POINT('',(-18.514603395,12.662525284,3.196143266));
#3650=CARTESIAN_POINT('',(-18.573153403,12.662525284,3.070581461));
#3651=CARTESIAN_POINT('',(0.66716943,12.682525284,197.791547904));
#3652=CARTESIAN_POINT('',(1.09653585,12.682525284,196.353089666));
#3653=CARTESIAN_POINT('',(1.516370774,12.682525284,194.911851115));
#3654=CARTESIAN_POINT('',(3.172663637,12.682525284,188.98698071));
#3655=CARTESIAN_POINT('',(4.302176165,12.682525284,184.473430595));
#3656=CARTESIAN_POINT('',(7.308640773,12.682525284,170.846988613));
#3657=CARTESIAN_POINT('',(8.801174041,12.682525284,161.651016543));
#3658=CARTESIAN_POINT('',(11.683686974,12.682525284,133.895880325));
#3659=CARTESIAN_POINT('',(11.452946861,12.682525284,115.179707811));
#3660=CARTESIAN_POINT('',(6.997303398,12.682525284,78.238225976));
#3661=CARTESIAN_POINT('',(2.792924462,12.682525284,60.02939374));
#3662=CARTESIAN_POINT('',(-5.853893251,12.682525284,33.498218489));
#3663=CARTESIAN_POINT('',(-9.125004248,12.682525284,24.779241479));
#3664=CARTESIAN_POINT('',(-14.530823282,12.682525284,11.913348013));
#3665=CARTESIAN_POINT('',(-16.413926294,12.682525284,7.664247817));
#3666=CARTESIAN_POINT('',(-18.437967252,12.682525284,3.313313008));
#3667=CARTESIAN_POINT('',(-18.496475538,12.682525284,3.18769454));
#3668=CARTESIAN_POINT('',(-18.555028404,12.682525284,3.062126597));
#3669=CARTESIAN_POINT('',(2.584185211,14.682525284,198.361678447));
#3670=CARTESIAN_POINT('',(3.016292211,14.682525284,196.913973133));
#3671=CARTESIAN_POINT('',(3.439353925,14.682525284,195.461646035));
#3672=CARTESIAN_POINT('',(5.108638553,14.682525284,189.490301646));
#3673=CARTESIAN_POINT('',(6.247150381,14.682525284,184.940841326));
#3674=CARTESIAN_POINT('',(9.27777783,14.682525284,171.204884149));
#3675=CARTESIAN_POINT('',(10.782590792,14.682525284,161.933527478));
#3676=CARTESIAN_POINT('',(13.688755239,14.682525284,133.950655595));
#3677=CARTESIAN_POINT('',(13.455548739,14.682525284,115.081101778));
#3678=CARTESIAN_POINT('',(8.96591991,14.682525284,77.857849239));
#3679=CARTESIAN_POINT('',(4.730741749,14.682525284,59.520909115));
#3680=CARTESIAN_POINT('',(-3.970464985,14.682525284,32.822851122));
#3681=CARTESIAN_POINT('',(-7.261081311,14.682525284,24.052278387));
#3682=CARTESIAN_POINT('',(-12.697002993,14.682525284,11.114740373));
#3683=CARTESIAN_POINT('',(-14.590274345,14.682525284,6.842733415));
#3684=CARTESIAN_POINT('',(-16.624886197,14.682525284,2.469075121));
#3685=CARTESIAN_POINT('',(-16.683689867,14.682525284,2.342821932));
#3686=CARTESIAN_POINT('',(-16.742528471,14.682525284,2.216640235));
#3687=B_SPLINE_SURFACE_WITH_KNOTS('',1,3,((#3597,#3598,#3599,#3600,#3601,#3602,#3603,#3604,#3605,#3606,#3607,#3608,#3609,#3610,#3611,#3612,#3613,#3614),(#3615,#3616,#3617,#3618,#3619,#3620,#3621,#3622,#3623,#3624,#3625,#3626,#3627,#3628,#3629,#3630,#3631,#3632),(#3633,#3634,#3635,#3636,#3637,#3638,#3639,#3640,#3641,#3642,#3643,#3644,#3645,#3646,#3647,#3648,#3649,#3650),(#3651,#3652,#3653,#3654,#3655,#3656,#3657,#3658,#3659,#3660,#3661,#3662,#3663,#3664,#3665,#3666,#3667,#3668),(#3669,#3670,#3671,#3672,#3673,#3674,#3675,#3676,#3677,#3678,#3679,#3680,#3681,#3682,#3683,#3684,#3685,#3686)),.UNSPECIFIED.,.F.,.F.,.U.,(2,1,1,1,2),(4,2,2,2,2,2,2,2,4),(-1.00062675,-0.986866692,-0.01,0.,1.),(0.011089969,0.032739633,0.099813219,0.233960393,0.502254739,0.770549086,0.904696259,0.971769846,0.97376481),.UNSPECIFIED.);
#3688=ORIENTED_EDGE('',*,*,#1483,.F.);
#3689=CARTESIAN_POINT('',(-20.343724239,10.708791899,3.896508881));
#3690=VERTEX_POINT('',#3689);
#3691=CARTESIAN_POINT('',(-15.969049495,14.681473402,3.887613691));
#3692=CARTESIAN_POINT('',(-17.42651837,13.356450996,3.890668248));
#3693=CARTESIAN_POINT('',(-18.88463173,12.032258838,3.893951822));
#3694=CARTESIAN_POINT('',(-20.343724216,10.70879192,3.896508881));
#3695=B_SPLINE_CURVE_WITH_KNOTS('',3,(#3691,#3692,#3693,#3694),.UNSPECIFIED.,.F.,.F.,(4,4),(0.008980217,0.014892579),.UNSPECIFIED.);
#3696=EDGE_CURVE('',#1462,#3690,#3695,.T.);
#3697=ORIENTED_EDGE('',*,*,#3696,.T.);
#3698=CARTESIAN_POINT('',(-20.343724239,10.708791899,3.896508881));
#3699=CARTESIAN_POINT('',(-20.304394,10.691357489,4.022106141));
#3700=CARTESIAN_POINT('',(-20.256834818,10.682524174,4.145128957));
#3701=CARTESIAN_POINT('',(-20.200827104,10.682525218,4.265508896));
#3702=B_SPLINE_CURVE_WITH_KNOTS('',3,(#3698,#3699,#3700,#3701),.UNSPECIFIED.,.F.,.F.,(4,4),(0.,0.000396574),.UNSPECIFIED.);
#3703=EDGE_CURVE('',#3690,#2132,#3702,.T.);
#3704=ORIENTED_EDGE('',*,*,#3703,.T.);
#3705=ORIENTED_EDGE('',*,*,#2180,.F.);
#3706=ORIENTED_EDGE('',*,*,#2920,.F.);
#3707=ORIENTED_EDGE('',*,*,#2979,.F.);
#3708=EDGE_LOOP('',(#3688,#3697,#3704,#3705,#3706,#3707));
#3709=FACE_BOUND('',#3708,.T.);
#3710=ADVANCED_FACE('',(#3709),#3687,.T.);
#3711=CARTESIAN_POINT('',(2.584198465,-59.909974716,198.361688634));
#3712=CARTESIAN_POINT('',(3.016206755,-59.909974716,196.914303154));
#3713=CARTESIAN_POINT('',(3.439209448,-59.909974716,195.462158276));
#3714=CARTESIAN_POINT('',(5.108979238,-59.909974716,189.489097138));
#3715=CARTESIAN_POINT('',(6.247345477,-59.909974716,184.940013686));
#3716=CARTESIAN_POINT('',(9.277809448,-59.909974716,171.204627611));
#3717=CARTESIAN_POINT('',(10.782642649,-59.909974716,161.933117482));
#3718=CARTESIAN_POINT('',(13.68872646,-59.909974716,133.95075405));
#3719=CARTESIAN_POINT('',(13.455392177,-59.909974716,115.080604163));
#3720=CARTESIAN_POINT('',(8.966400009,-59.909974716,77.861029329));
#3721=CARTESIAN_POINT('',(4.731006288,-59.909974716,59.521163564));
#3722=CARTESIAN_POINT('',(-3.971968923,-59.909974716,32.818515249));
#3723=CARTESIAN_POINT('',(-7.262647901,-59.909974716,24.048456442));
#3724=CARTESIAN_POINT('',(-12.697031963,-59.909974716,11.114718159));
#3725=CARTESIAN_POINT('',(-14.594457813,-59.909974716,6.8336235));
#3726=CARTESIAN_POINT('',(-16.626026242,-59.909974716,2.466627951));
#3727=CARTESIAN_POINT('',(-16.684258513,-59.909974716,2.341603717));
#3728=CARTESIAN_POINT('',(-16.742527913,-59.909974716,2.216643631));
#3729=CARTESIAN_POINT('',(0.667182675,-57.909974716,197.791557704));
#3730=CARTESIAN_POINT('',(1.096451058,-57.909974716,196.353417123));
#3731=CARTESIAN_POINT('',(1.516227421,-57.909974716,194.912359374));
#3732=CARTESIAN_POINT('',(3.173001674,-57.909974716,188.985785562));
#3733=CARTESIAN_POINT('',(4.302369713,-57.909974716,184.472609521));
#3734=CARTESIAN_POINT('',(7.308672124,-57.909974716,170.846734188));
#3735=CARTESIAN_POINT('',(8.801225476,-57.909974716,161.650609884));
#3736=CARTESIAN_POINT('',(11.683658429,-57.909974716,133.89597798));
#3737=CARTESIAN_POINT('',(11.452791426,-57.909974716,115.179213483));
#3738=CARTESIAN_POINT('',(6.99777992,-57.909974716,78.241382472));
#3739=CARTESIAN_POINT('',(2.793187786,-57.909974716,60.029647945));
#3740=CARTESIAN_POINT('',(-5.855388008,-57.909974716,33.493909044));
#3741=CARTESIAN_POINT('',(-9.126562036,-57.909974716,24.775440998));
#3742=CARTESIAN_POINT('',(-14.530852154,-57.909974716,11.913325772));
#3743=CARTESIAN_POINT('',(-16.418087834,-57.909974716,7.655185644));
#3744=CARTESIAN_POINT('',(-18.43910138,-57.909974716,3.310878541));
#3745=CARTESIAN_POINT('',(-18.497041068,-57.909974716,3.186482991));
#3746=CARTESIAN_POINT('',(-18.555027356,-57.909974716,3.062131007));
#3747=CARTESIAN_POINT('',(-1.224656213,-55.93624148,197.228914523));
#3748=CARTESIAN_POINT('',(-0.798091753,-55.93624148,195.799897423));
#3749=CARTESIAN_POINT('',(-0.381499348,-55.93624148,194.36978119));
#3750=CARTESIAN_POINT('',(1.262450044,-55.936241481,188.48908417));
#3751=CARTESIAN_POINT('',(2.38293806,-55.936241481,184.011343953));
#3752=CARTESIAN_POINT('',(5.365396233,-55.936241481,170.493541117));
#3753=CARTESIAN_POINT('',(6.845831012,-55.936241481,161.371812565));
#3754=CARTESIAN_POINT('',(9.704923723,-55.936241481,133.841921305));
#3755=CARTESIAN_POINT('',(9.476491596,-55.936241481,115.27652773));
#3756=CARTESIAN_POINT('',(5.055014472,-55.936241481,78.616740291));
#3757=CARTESIAN_POINT('',(0.880819396,-55.936241481,60.531454206));
#3758=CARTESIAN_POINT('',(-7.71407143,-55.936241481,34.160432635));
#3759=CARTESIAN_POINT('',(-10.965996674,-55.936241481,25.492877788));
#3760=CARTESIAN_POINT('',(-16.340588083,-55.936241481,12.701444966));
#3761=CARTESIAN_POINT('',(-18.217767425,-55.936241481,8.465957898));
#3762=CARTESIAN_POINT('',(-20.228364709,-55.936241481,4.144041264));
#3763=CARTESIAN_POINT('',(-20.286015657,-55.936241481,4.020266142));
#3764=CARTESIAN_POINT('',(-20.34372255,-55.93624148,3.896514274));
#3765=CARTESIAN_POINT('',(-1.25031669,-55.909470207,197.221282957));
#3766=CARTESIAN_POINT('',(-0.823788904,-55.909470207,195.792389606));
#3767=CARTESIAN_POINT('',(-0.407239687,-55.909470207,194.362421782));
#3768=CARTESIAN_POINT('',(1.236535752,-55.909470208,188.482347024));
#3769=CARTESIAN_POINT('',(2.356903321,-55.909470207,184.00508745));
#3770=CARTESIAN_POINT('',(5.339038077,-55.909470207,170.488750485));
#3771=CARTESIAN_POINT('',(6.819308482,-55.909470207,161.368031021));
#3772=CARTESIAN_POINT('',(9.678084611,-55.909470207,133.841188092));
#3773=CARTESIAN_POINT('',(9.44968551,-55.909470207,115.277847678));
#3774=CARTESIAN_POINT('',(5.028663239,-55.909470207,78.62183156));
#3775=CARTESIAN_POINT('',(0.854880462,-55.909470207,60.538260593));
#3776=CARTESIAN_POINT('',(-7.739282193,-55.909470207,34.169473211));
#3777=CARTESIAN_POINT('',(-10.990946351,-55.909470207,25.502608939));
#3778=CARTESIAN_POINT('',(-16.365134934,-55.909470207,12.712134837));
#3779=CARTESIAN_POINT('',(-18.242177874,-55.909470208,8.47695503));
#3780=CARTESIAN_POINT('',(-20.252633873,-55.909470207,4.155342096));
#3781=CARTESIAN_POINT('',(-20.310280906,-55.909470207,4.031575389));
#3782=CARTESIAN_POINT('',(-20.367984009,-55.909470207,3.90783166));
#3783=B_SPLINE_SURFACE_WITH_KNOTS('',1,3,((#3711,#3712,#3713,#3714,#3715,#3716,#3717,#3718,#3719,#3720,#3721,#3722,#3723,#3724,#3725,#3726,#3727,#3728),(#3729,#3730,#3731,#3732,#3733,#3734,#3735,#3736,#3737,#3738,#3739,#3740,#3741,#3742,#3743,#3744,#3745,#3746),(#3747,#3748,#3749,#3750,#3751,#3752,#3753,#3754,#3755,#3756,#3757,#3758,#3759,#3760,#3761,#3762,#3763,#3764),(#3765,#3766,#3767,#3768,#3769,#3770,#3771,#3772,#3773,#3774,#3775,#3776,#3777,#3778,#3779,#3780,#3781,#3782)),.UNSPECIFIED.,.F.,.F.,.U.,(2,1,1,2),(4,2,2,2,2,2,2,2,4),(0.,1.,1.986866618,2.000252254),(0.084062218,0.103269036,0.162780203,0.281802538,0.519847207,0.757891876,0.876914211,0.936425378,0.938180329),.UNSPECIFIED.);
#3784=ORIENTED_EDGE('',*,*,#2242,.F.);
#3785=CARTESIAN_POINT('',(-20.34372255,-55.93624148,3.896514274));
#3786=VERTEX_POINT('',#3785);
#3787=CARTESIAN_POINT('',(-20.200827103,-55.909974675,4.265508897));
#3788=CARTESIAN_POINT('',(-20.25683402,-55.909973837,4.145130673));
#3789=CARTESIAN_POINT('',(-20.30439264,-55.918807201,4.022109656));
#3790=CARTESIAN_POINT('',(-20.34372255,-55.93624148,3.896514274));
#3791=B_SPLINE_CURVE_WITH_KNOTS('',3,(#3787,#3788,#3789,#3790),.UNSPECIFIED.,.F.,.F.,(4,4),(0.,0.000396568),.UNSPECIFIED.);
#3792=EDGE_CURVE('',#2183,#3786,#3791,.T.);
#3793=ORIENTED_EDGE('',*,*,#3792,.T.);
#3794=CARTESIAN_POINT('',(-20.343722527,-55.936241501,3.896514274));
#3795=CARTESIAN_POINT('',(-18.884631109,-57.259707118,3.893953951));
#3796=CARTESIAN_POINT('',(-17.426527368,-58.583900516,3.890653381));
#3797=CARTESIAN_POINT('',(-15.969064553,-59.908926025,3.887593381));
#3798=B_SPLINE_CURVE_WITH_KNOTS('',3,(#3794,#3795,#3796,#3797),.UNSPECIFIED.,.F.,.F.,(4,4),(0.008980227,0.014892588),.UNSPECIFIED.);
#3799=EDGE_CURVE('',#3786,#909,#3798,.T.);
#3800=ORIENTED_EDGE('',*,*,#3799,.T.);
#3801=ORIENTED_EDGE('',*,*,#918,.F.);
#3802=ORIENTED_EDGE('',*,*,#2844,.F.);
#3803=ORIENTED_EDGE('',*,*,#2928,.F.);
#3804=EDGE_LOOP('',(#3784,#3793,#3800,#3801,#3802,#3803));
#3805=FACE_BOUND('',#3804,.T.);
#3806=ADVANCED_FACE('',(#3805),#3783,.T.);
#3807=CARTESIAN_POINT('',(-17.480811068,-22.616694256,3.));
#3808=DIRECTION('',(0.,1.,0.));
#3809=DIRECTION('',(0.,-0.,1.));
#3810=AXIS2_PLACEMENT_3D('',#3807,#3808,#3809);
#3811=CYLINDRICAL_SURFACE('',#3810,3.);
#3812=CARTESIAN_POINT('',(-17.480811068,9.43988453,-0.));
#3813=CARTESIAN_POINT('',(-17.705235271,9.539340059,-0.));
#3814=CARTESIAN_POINT('',(-17.926861754,9.637560367,0.024892633));
#3815=CARTESIAN_POINT('',(-18.145402895,9.734415635,0.074539745));
#3816=CARTESIAN_POINT('',(-18.254673465,9.782843269,0.099363301));
#3817=CARTESIAN_POINT('',(-18.363638159,9.831136115,0.130634372));
#3818=CARTESIAN_POINT('',(-18.469792831,9.878184275,0.167701451));
#3819=CARTESIAN_POINT('',(-18.575947503,9.925232435,0.20476853));
#3820=CARTESIAN_POINT('',(-18.679684946,9.971209987,0.247666152));
#3821=CARTESIAN_POINT('',(-18.781005934,10.016117175,0.296392538));
#3822=CARTESIAN_POINT('',(-18.882326922,10.061024363,0.345118923));
#3823=CARTESIAN_POINT('',(-18.981232034,10.104861444,0.399672674));
#3824=CARTESIAN_POINT('',(-19.077627502,10.147586764,0.460280079));
#3825=CARTESIAN_POINT('',(-19.174022969,10.190312084,0.520887484));
#3826=CARTESIAN_POINT('',(-19.268455337,10.232167897,0.588015186));
#3827=CARTESIAN_POINT('',(-19.358541755,10.272097924,0.660314665));
#3828=CARTESIAN_POINT('',(-19.53871459,10.35195798,0.804913623));
#3829=CARTESIAN_POINT('',(-19.701830812,10.424259873,0.969562808));
#3830=CARTESIAN_POINT('',(-19.846808876,10.488523119,1.155534123));
#3831=CARTESIAN_POINT('',(-19.919297908,10.520654741,1.24851978));
#3832=CARTESIAN_POINT('',(-19.987167511,10.550739081,1.3470445));
#3833=CARTESIAN_POINT('',(-20.048539067,10.577943267,1.44862225));
#3834=CARTESIAN_POINT('',(-20.109910622,10.605147454,1.5502));
#3835=CARTESIAN_POINT('',(-20.16527898,10.629690835,1.655410762));
#3836=CARTESIAN_POINT('',(-20.214513446,10.651515352,1.764333659));
#3837=CARTESIAN_POINT('',(-20.312982379,10.695164386,1.982179453));
#3838=CARTESIAN_POINT('',(-20.386936676,10.727947219,2.217113009));
#3839=CARTESIAN_POINT('',(-20.430874988,10.747424467,2.454910223));
#3840=CARTESIAN_POINT('',(-20.452844145,10.757163091,2.573808831));
#3841=CARTESIAN_POINT('',(-20.467664573,10.76373281,2.694097225));
#3842=CARTESIAN_POINT('',(-20.475151485,10.767051669,2.815811332));
#3843=CARTESIAN_POINT('',(-20.482638397,10.770370528,2.93752544));
#3844=CARTESIAN_POINT('',(-20.482657639,10.770379057,3.061217219));
#3845=CARTESIAN_POINT('',(-20.475238351,10.767090175,3.182771024));
#3846=CARTESIAN_POINT('',(-20.460399775,10.760512412,3.425878634));
#3847=CARTESIAN_POINT('',(-20.416596795,10.741095033,3.663797523));
#3848=CARTESIAN_POINT('',(-20.343724239,10.708791899,3.896508881));
#3849=B_SPLINE_CURVE_WITH_KNOTS('',3,(#3812,#3813,#3814,#3815,#3816,#3817,#3818,#3819,#3820,#3821,#3822,#3823,#3824,#3825,#3826,#3827,#3828,#3829,#3830,#3831,#3832,#3833,#3834,#3835,#3836,#3837,
#3838,#3839,#3840,#3841,#3842,#3843,#3844,#3845,#3846,#3847,#3848),.UNSPECIFIED.,.F.,.F.,(4,3,3,3,3,3,3,3,3,3,3,3,4),(0.,0.000727604,0.001091407,0.001455209,0.001819011,0.002182813,0.002910418,0.00327422,0.003638022,0.004365626,0.004729429,0.005093231,0.005820835),.UNSPECIFIED.);
#3850=EDGE_CURVE('',#1727,#3690,#3849,.T.);
#3851=ORIENTED_EDGE('',*,*,#3850,.F.);
#3852=ORIENTED_EDGE('',*,*,#1732,.F.);
#3853=CARTESIAN_POINT('',(-20.34372255,-55.93624148,3.896514274));
#3854=CARTESIAN_POINT('',(-20.416595611,-55.968544868,3.66380284));
#3855=CARTESIAN_POINT('',(-20.460399057,-55.987962469,3.4258838));
#3856=CARTESIAN_POINT('',(-20.475238049,-55.994540423,3.182775961));
#3857=CARTESIAN_POINT('',(-20.482657545,-55.9978294,3.061222041));
#3858=CARTESIAN_POINT('',(-20.4826385,-55.997820957,2.93753013));
#3859=CARTESIAN_POINT('',(-20.475151765,-55.994502174,2.815815889));
#3860=CARTESIAN_POINT('',(-20.467665031,-55.991183391,2.694101648));
#3861=CARTESIAN_POINT('',(-20.452844763,-55.984613738,2.573813108));
#3862=CARTESIAN_POINT('',(-20.430875749,-55.974875168,2.45491434));
#3863=CARTESIAN_POINT('',(-20.386937721,-55.955398029,2.217116806));
#3864=CARTESIAN_POINT('',(-20.312983635,-55.92261526,1.98218289));
#3865=CARTESIAN_POINT('',(-20.214514846,-55.878966253,1.764336756));
#3866=CARTESIAN_POINT('',(-20.165280451,-55.857141749,1.655413689));
#3867=CARTESIAN_POINT('',(-20.109912146,-55.83259837,1.550202752));
#3868=CARTESIAN_POINT('',(-20.048540621,-55.805394174,1.448624823));
#3869=CARTESIAN_POINT('',(-19.987169097,-55.778189978,1.347046894));
#3870=CARTESIAN_POINT('',(-19.919299502,-55.748105618,1.248521992));
#3871=CARTESIAN_POINT('',(-19.846810484,-55.715973975,1.155536186));
#3872=CARTESIAN_POINT('',(-19.701832448,-55.65171069,0.969564573));
#3873=CARTESIAN_POINT('',(-19.538716184,-55.579408721,0.804915089));
#3874=CARTESIAN_POINT('',(-19.358543227,-55.499548552,0.660315846));
#3875=CARTESIAN_POINT('',(-19.268456749,-55.459618467,0.588016225));
#3876=CARTESIAN_POINT('',(-19.174024345,-55.417762608,0.520888419));
#3877=CARTESIAN_POINT('',(-19.077628828,-55.375037235,0.460280913));
#3878=CARTESIAN_POINT('',(-18.98123331,-55.332311863,0.399673407));
#3879=CARTESIAN_POINT('',(-18.882328134,-55.288474722,0.345119558));
#3880=CARTESIAN_POINT('',(-18.781007066,-55.243567469,0.296393082));
#3881=CARTESIAN_POINT('',(-18.679685998,-55.198660215,0.247666606));
#3882=CARTESIAN_POINT('',(-18.57594846,-55.152682592,0.2047689));
#3883=CARTESIAN_POINT('',(-18.469793676,-55.105634352,0.167701746));
#3884=CARTESIAN_POINT('',(-18.363638892,-55.058586112,0.130634592));
#3885=CARTESIAN_POINT('',(-18.254674099,-55.010293193,0.099363467));
#3886=CARTESIAN_POINT('',(-18.145403451,-54.961865496,0.074539871));
#3887=CARTESIAN_POINT('',(-17.926862154,-54.865010102,0.02489268));
#3888=CARTESIAN_POINT('',(-17.70523493,-54.766790909,0.));
#3889=CARTESIAN_POINT('',(-17.480811068,-54.667333987,0.));
#3890=B_SPLINE_CURVE_WITH_KNOTS('',3,(#3853,#3854,#3855,#3856,#3857,#3858,#3859,#3860,#3861,#3862,#3863,#3864,#3865,#3866,#3867,#3868,#3869,#3870,#3871,#3872,#3873,#3874,#3875,#3876,#3877,#3878,
#3879,#3880,#3881,#3882,#3883,#3884,#3885,#3886,#3887,#3888,#3889),.UNSPECIFIED.,.F.,.F.,(4,3,3,3,3,3,3,3,3,3,3,3,4),(0.,0.000727605,0.001091408,0.00145521,0.002182816,0.002546618,0.002910421,0.003638026,0.004001828,0.004365631,0.004729434,0.005093236,0.005820841),.UNSPECIFIED.);
#3891=EDGE_CURVE('',#3786,#1718,#3890,.T.);
#3892=ORIENTED_EDGE('',*,*,#3891,.F.);
#3893=ORIENTED_EDGE('',*,*,#3792,.F.);
#3894=ORIENTED_EDGE('',*,*,#2188,.F.);
#3895=ORIENTED_EDGE('',*,*,#3703,.F.);
#3896=EDGE_LOOP('',(#3851,#3852,#3892,#3893,#3894,#3895));
#3897=FACE_BOUND('',#3896,.T.);
#3898=ADVANCED_FACE('',(#3897),#3811,.T.);
#3899=CARTESIAN_POINT('',(-18.466723157,-53.773591582,-0.));
#3900=CARTESIAN_POINT('',(-18.624052784,-53.947177841,-0.));
#3901=CARTESIAN_POINT('',(-18.781374534,-54.120755409,0.027567227));
#3902=CARTESIAN_POINT('',(-19.087438206,-54.458444177,0.136335467));
#3903=CARTESIAN_POINT('',(-19.236164802,-54.622538467,0.217531034));
#3904=CARTESIAN_POINT('',(-19.516911339,-54.932294117,0.429125046));
#3905=CARTESIAN_POINT('',(-19.64891722,-55.077939966,0.559512895));
#3906=CARTESIAN_POINT('',(-19.889008249,-55.342839237,0.862372402));
#3907=CARTESIAN_POINT('',(-19.997081374,-55.462079394,1.034828895));
#3908=CARTESIAN_POINT('',(-20.183399708,-55.667649717,1.412407401));
#3909=CARTESIAN_POINT('',(-20.261635586,-55.753969589,1.617510509));
#3910=CARTESIAN_POINT('',(-20.384001866,-55.888979788,2.049179305));
#3911=CARTESIAN_POINT('',(-20.428126139,-55.937663355,2.275723377));
#3912=CARTESIAN_POINT('',(-20.479854977,-55.994737252,2.73789857));
#3913=CARTESIAN_POINT('',(-20.48745695,-56.003124724,2.973506546));
#3914=CARTESIAN_POINT('',(-20.465722179,-55.979144129,3.440937549));
#3915=CARTESIAN_POINT('',(-20.436386524,-55.946777263,3.67273717));
#3916=CARTESIAN_POINT('',(-20.389381066,-55.8949148,3.89631171));
#3917=CARTESIAN_POINT('',(-17.08298117,-55.027685891,-0.));
#3918=CARTESIAN_POINT('',(-17.240289932,-55.201143196,-0.));
#3919=CARTESIAN_POINT('',(-17.397590831,-55.374591832,0.027541327));
#3920=CARTESIAN_POINT('',(-17.703621915,-55.712038566,0.136208768));
#3921=CARTESIAN_POINT('',(-17.852336803,-55.876019799,0.217329452));
#3922=CARTESIAN_POINT('',(-18.133077242,-56.18557969,0.428732905));
#3923=CARTESIAN_POINT('',(-18.265088761,-56.331142877,0.559005109));
#3924=CARTESIAN_POINT('',(-18.505214798,-56.595919115,0.861605473));
#3925=CARTESIAN_POINT('',(-18.613317314,-56.715118932,1.033918508));
#3926=CARTESIAN_POINT('',(-18.79972206,-56.920659146,1.411198849));
#3927=CARTESIAN_POINT('',(-18.878014973,-57.006989268,1.616147298));
#3928=CARTESIAN_POINT('',(-19.000523826,-57.142074381,2.047514401));
#3929=CARTESIAN_POINT('',(-19.044733643,-57.19082262,2.273911495));
#3930=CARTESIAN_POINT('',(-19.09665965,-57.24807923,2.735819908));
#3931=CARTESIAN_POINT('',(-19.104373245,-57.256584738,2.971308141));
#3932=CARTESIAN_POINT('',(-19.082882099,-57.232887576,3.438545362));
#3933=CARTESIAN_POINT('',(-19.053678433,-57.20068609,3.670270999));
#3934=CARTESIAN_POINT('',(-19.006810807,-57.149007351,3.893802329));
#3935=CARTESIAN_POINT('',(-15.699812462,-56.282412721,0.));
#3936=CARTESIAN_POINT('',(-15.857098172,-56.455730754,-0.));
#3937=CARTESIAN_POINT('',(-16.014376037,-56.629040142,0.027513298));
#3938=CARTESIAN_POINT('',(-16.320370934,-56.966225476,0.136071654));
#3939=CARTESIAN_POINT('',(-16.469072703,-57.130084604,0.217111297));
#3940=CARTESIAN_POINT('',(-16.749805691,-57.439433073,0.428308511));
#3941=CARTESIAN_POINT('',(-16.881822908,-57.584906985,0.558455548));
#3942=CARTESIAN_POINT('',(-17.121986092,-57.849550352,0.860775404));
#3943=CARTESIAN_POINT('',(-17.230120079,-57.968706606,1.032933144));
#3944=CARTESIAN_POINT('',(-17.416617761,-58.17421432,1.409890668));
#3945=CARTESIAN_POINT('',(-17.494972152,-58.260555529,1.614671649));
#3946=CARTESIAN_POINT('',(-17.617634922,-58.395721603,2.045711999));
#3947=CARTESIAN_POINT('',(-17.661937181,-58.444539726,2.271949869));
#3948=CARTESIAN_POINT('',(-17.714076434,-58.501993776,2.733569163));
#3949=CARTESIAN_POINT('',(-17.721910827,-58.510626838,2.968927561));
#3950=CARTESIAN_POINT('',(-17.700683484,-58.487235979,3.435954493));
#3951=CARTESIAN_POINT('',(-17.671622807,-58.455213226,3.66759973));
#3952=CARTESIAN_POINT('',(-17.624904576,-58.403733065,3.891083925));
#3953=CARTESIAN_POINT('',(-14.225668543,-57.621123794,0.));
#3954=CARTESIAN_POINT('',(-14.382927334,-57.794283948,-0.));
#3955=CARTESIAN_POINT('',(-14.540178299,-57.967435486,0.02748144));
#3956=CARTESIAN_POINT('',(-14.846130663,-58.304324498,0.135915797));
#3957=CARTESIAN_POINT('',(-14.994816837,-58.468045208,0.216863318));
#3958=CARTESIAN_POINT('',(-15.275540061,-58.777154012,0.427826075));
#3959=CARTESIAN_POINT('',(-15.40756314,-58.922526724,0.557830811));
#3960=CARTESIAN_POINT('',(-15.647767423,-59.187019479,0.859831723));
#3961=CARTESIAN_POINT('',(-15.755936673,-59.30612636,1.031812869));
#3962=CARTESIAN_POINT('',(-15.94253911,-59.51159727,1.408403232));
#3963=CARTESIAN_POINT('',(-16.020963011,-59.597951075,1.612993707));
#3964=CARTESIAN_POINT('',(-16.143800162,-59.733209015,2.043662245));
#3965=CARTESIAN_POINT('',(-16.188207298,-59.782106419,2.269718876));
#3966=CARTESIAN_POINT('',(-16.240588745,-59.839784464,2.731008908));
#3967=CARTESIAN_POINT('',(-16.248560449,-59.848562234,2.966219352));
#3968=CARTESIAN_POINT('',(-16.227633198,-59.825518906,3.433006372));
#3969=CARTESIAN_POINT('',(-16.198735284,-59.793698954,3.664559717));
#3970=CARTESIAN_POINT('',(-16.152187218,-59.74244414,3.887989769));
#3971=CARTESIAN_POINT('',(-14.134016196,-57.704361584,0.));
#3972=CARTESIAN_POINT('',(-14.291273311,-57.877511928,-0.));
#3973=CARTESIAN_POINT('',(-14.448522602,-58.050653657,0.02747946));
#3974=CARTESIAN_POINT('',(-14.754472319,-58.387524256,0.135906111));
#3975=CARTESIAN_POINT('',(-14.903157521,-58.551236365,0.216847907));
#3976=CARTESIAN_POINT('',(-15.183880133,-58.860330276,0.427796093));
#3977=CARTESIAN_POINT('',(-15.315903575,-59.0056967,0.557791985));
#3978=CARTESIAN_POINT('',(-15.556110409,-59.270180096,0.859773075));
#3979=CARTESIAN_POINT('',(-15.664281848,-59.389283908,1.031743247));
#3980=CARTESIAN_POINT('',(-15.850890793,-59.594752532,1.408310791));
#3981=CARTESIAN_POINT('',(-15.929319013,-59.681107119,1.612889426));
#3982=CARTESIAN_POINT('',(-16.052166999,-59.816370767,2.043534856));
#3983=CARTESIAN_POINT('',(-16.096580652,-59.865273098,2.269580223));
#3984=CARTESIAN_POINT('',(-16.14897715,-59.922965061,2.730849789));
#3985=CARTESIAN_POINT('',(-16.156957387,-59.931751824,2.966051037));
#3986=CARTESIAN_POINT('',(-16.136048786,-59.908730091,3.432823144));
#3987=CARTESIAN_POINT('',(-16.107160989,-59.876922741,3.664370776));
#3988=CARTESIAN_POINT('',(-16.060623499,-59.82568193,3.887797462));
#3989=CARTESIAN_POINT('',(-14.042366705,-57.787602516,0.));
#3990=CARTESIAN_POINT('',(-14.199622143,-57.960743056,-0.));
#3991=CARTESIAN_POINT('',(-14.356869758,-58.133874981,0.027477481));
#3992=CARTESIAN_POINT('',(-14.662816824,-58.470727178,0.135896429));
#3993=CARTESIAN_POINT('',(-14.811501053,-58.634430691,0.216832503));
#3994=CARTESIAN_POINT('',(-15.09222305,-58.943509719,0.427766124));
#3995=CARTESIAN_POINT('',(-15.224246852,-59.088869857,0.557753177));
#3996=CARTESIAN_POINT('',(-15.464456232,-59.353343899,0.859714454));
#3997=CARTESIAN_POINT('',(-15.572629858,-59.472444646,1.031673655));
#3998=CARTESIAN_POINT('',(-15.759245304,-59.677910983,1.40821839));
#3999=CARTESIAN_POINT('',(-15.83767784,-59.764266352,1.612785191));
#4000=CARTESIAN_POINT('',(-15.960536654,-59.899535705,2.043407521));
#4001=CARTESIAN_POINT('',(-16.004956821,-59.948442959,2.269441628));
#4002=CARTESIAN_POINT('',(-16.057368362,-60.006148833,2.730690737));
#4003=CARTESIAN_POINT('',(-16.065357129,-60.014944582,2.965882791));
#4004=CARTESIAN_POINT('',(-16.044467171,-59.991944432,3.432639988));
#4005=CARTESIAN_POINT('',(-16.015589485,-59.960149678,3.664181908));
#4006=CARTESIAN_POINT('',(-15.969062569,-59.908922862,3.887605226));
#4007=B_SPLINE_SURFACE_WITH_KNOTS('',3,3,((#3899,#3900,#3901,#3902,#3903,#3904,#3905,#3906,#3907,#3908,#3909,#3910,#3911,#3912,#3913,#3914,#3915,#3916),(#3917,#3918,#3919,#3920,#3921,#3922,#3923,#3924,#3925,#3926,#3927,#3928,#3929,#3930,#3931,#3932,#3933,#3934),(#3935,#3936,#3937,#3938,#3939,#3940,#3941,#3942,#3943,#3944,#3945,#3946,#3947,#3948,#3949,#3950,#3951,#3952),(#3953,#3954,#3955,#3956,#3957,#3958,#3959,#3960,#3961,#3962,#3963,#3964,#3965,#3966,#3967,#3968,#3969,#3970),(#3971,#3972,#3973,#3974,#3975,#3976,#3977,#3978,#3979,#3980,#3981,#3982,#3983,#3984,#3985,#3986,#3987,#3988),(#3989,#3990,#3991,#3992,#3993,#3994,#3995,#3996,#3997,#3998,#3999,#4000,#4001,#4002,#4003,#4004,#4005,#4006)),.UNSPECIFIED.,.F.,.F.,.U.,(4,2,4),(4,2,2,2,2,2,2,2,4),(0.008918709,0.01452116,0.014892587),(0.,0.125,0.25,0.375,0.5,0.625,0.75,0.875,1.),.UNSPECIFIED.);
#4008=ORIENTED_EDGE('',*,*,#3891,.T.);
#4009=ORIENTED_EDGE('',*,*,#1724,.F.);
#4010=CARTESIAN_POINT('',(-16.167680208,-59.909974716,3.));
#4011=CARTESIAN_POINT('',(-16.167680208,-59.909974716,2.794627039));
#4012=CARTESIAN_POINT('',(-16.159619298,-59.889109305,2.593122684));
#4013=CARTESIAN_POINT('',(-16.143891751,-59.848398651,2.395297778));
#4014=CARTESIAN_POINT('',(-16.128164204,-59.807687997,2.197472872));
#4015=CARTESIAN_POINT('',(-16.104325836,-59.74598231,2.001312097));
#4016=CARTESIAN_POINT('',(-16.073732722,-59.666790703,1.816798574));
#4017=CARTESIAN_POINT('',(-16.043139608,-59.587599095,1.632285052));
#4018=CARTESIAN_POINT('',(-16.005862815,-59.491105535,1.458060407));
#4019=CARTESIAN_POINT('',(-15.962027507,-59.377632443,1.293932785));
#4020=CARTESIAN_POINT('',(-15.940109853,-59.320895896,1.211868974));
#4021=CARTESIAN_POINT('',(-15.916544183,-59.259892736,1.132482524));
#4022=CARTESIAN_POINT('',(-15.891860879,-59.19599573,1.05729366));
#4023=CARTESIAN_POINT('',(-15.867177576,-59.132098723,0.982104797));
#4024=CARTESIAN_POINT('',(-15.841259542,-59.065004755,0.910652337));
#4025=CARTESIAN_POINT('',(-15.814146227,-58.994815739,0.842817136));
#4026=CARTESIAN_POINT('',(-15.787032911,-58.924626723,0.774981935));
#4027=CARTESIAN_POINT('',(-15.758724109,-58.851342131,0.710764611));
#4028=CARTESIAN_POINT('',(-15.729224036,-58.77497266,0.650152629));
#4029=CARTESIAN_POINT('',(-15.699723963,-58.698603189,0.589540646));
#4030=CARTESIAN_POINT('',(-15.668890142,-58.61877998,0.532331941));
#4031=CARTESIAN_POINT('',(-15.637426755,-58.537325843,0.47973646));
#4032=CARTESIAN_POINT('',(-15.574499982,-58.374417568,0.374545498));
#4033=CARTESIAN_POINT('',(-15.508728018,-58.204139268,0.286765344));
#4034=CARTESIAN_POINT('',(-15.440235275,-58.026811859,0.215637453));
#4035=CARTESIAN_POINT('',(-15.371742532,-57.849484451,0.144509561));
#4036=CARTESIAN_POINT('',(-15.300033497,-57.663824912,0.090038375));
#4037=CARTESIAN_POINT('',(-15.227906719,-57.477078053,0.054088629));
#4038=CARTESIAN_POINT('',(-15.155779941,-57.290331194,0.018138883));
#4039=CARTESIAN_POINT('',(-15.08273889,-57.10121309,0.));
#4040=CARTESIAN_POINT('',(-15.008882426,-56.909974716,0.));
#4041=B_SPLINE_CURVE_WITH_KNOTS('',3,(#4010,#4011,#4012,#4013,#4014,#4015,#4016,#4017,#4018,#4019,#4020,#4021,#4022,#4023,#4024,#4025,#4026,#4027,#4028,#4029,#4030,#4031,#4032,#4033,#4034,#4035,
#4036,#4037,#4038,#4039,#4040),.UNSPECIFIED.,.F.,.F.,(4,3,3,3,3,3,3,3,3,3,4),(0.,0.000607106,0.001214212,0.001821318,0.002124871,0.002428424,0.002731977,0.00303553,0.003642636,0.004249742,0.004856848),.UNSPECIFIED.);
#4042=EDGE_CURVE('',#921,#1710,#4041,.T.);
#4043=ORIENTED_EDGE('',*,*,#4042,.F.);
#4044=ORIENTED_EDGE('',*,*,#930,.F.);
#4045=ORIENTED_EDGE('',*,*,#3799,.F.);
#4046=EDGE_LOOP('',(#4008,#4009,#4043,#4044,#4045));
#4047=FACE_BOUND('',#4046,.T.);
#4048=ADVANCED_FACE('',(#4047),#4007,.T.);
#4049=CARTESIAN_POINT('',(-20.389349982,10.667427075,3.896437766));
#4050=CARTESIAN_POINT('',(-20.436362396,10.719298725,3.672861043));
#4051=CARTESIAN_POINT('',(-20.465704701,10.751673868,3.441057698));
#4052=CARTESIAN_POINT('',(-20.487451722,10.775668662,2.973616947));
#4053=CARTESIAN_POINT('',(-20.479855349,10.767287111,2.738002951));
#4054=CARTESIAN_POINT('',(-20.428136378,10.7102224,2.275814354));
#4055=CARTESIAN_POINT('',(-20.38401637,10.661542098,2.049262898));
#4056=CARTESIAN_POINT('',(-20.261657167,10.526535716,1.617578949));
#4057=CARTESIAN_POINT('',(-20.183424099,10.440216398,1.412468075));
#4058=CARTESIAN_POINT('',(-19.997109978,10.234644661,1.034874597));
#4059=CARTESIAN_POINT('',(-19.889038255,10.115402537,0.862410902));
#4060=CARTESIAN_POINT('',(-19.648948821,9.850497222,0.559538385));
#4061=CARTESIAN_POINT('',(-19.516943133,9.704847298,0.42914473));
#4062=CARTESIAN_POINT('',(-19.236196101,9.395081981,0.217541153));
#4063=CARTESIAN_POINT('',(-19.087468816,9.2309821,0.136341827));
#4064=CARTESIAN_POINT('',(-18.781403301,8.893281358,0.027568527));
#4065=CARTESIAN_POINT('',(-18.624080399,8.719697409,-0.));
#4066=CARTESIAN_POINT('',(-18.466749618,8.546104767,-0.));
#4067=CARTESIAN_POINT('',(-19.289795823,11.664801235,3.894439987));
#4068=CARTESIAN_POINT('',(-19.336698501,11.716526617,3.67089766));
#4069=CARTESIAN_POINT('',(-19.365935723,11.748770093,3.439153211));
#4070=CARTESIAN_POINT('',(-19.387488783,11.77253923,2.971866729));
#4071=CARTESIAN_POINT('',(-19.379803544,11.764063702,2.736348062));
#4072=CARTESIAN_POINT('',(-19.327927601,11.706853517,2.274371852));
#4073=CARTESIAN_POINT('',(-19.28373949,11.658121721,2.047937409));
#4074=CARTESIAN_POINT('',(-19.161266784,11.523055685,1.616493646));
#4075=CARTESIAN_POINT('',(-19.082988313,11.436728199,1.411505901));
#4076=CARTESIAN_POINT('',(-18.896605404,11.231180418,1.034149802));
#4077=CARTESIAN_POINT('',(-18.788510288,11.111970402,0.861800319));
#4078=CARTESIAN_POINT('',(-18.548392995,10.847163021,0.559134116));
#4079=CARTESIAN_POINT('',(-18.416382827,10.701578898,0.428832531));
#4080=CARTESIAN_POINT('',(-18.135640664,10.391969413,0.217380664));
#4081=CARTESIAN_POINT('',(-17.986922709,10.227959533,0.136240957));
#4082=CARTESIAN_POINT('',(-17.680883156,9.890451465,0.027547907));
#4083=CARTESIAN_POINT('',(-17.523576862,9.716970154,-0.));
#4084=CARTESIAN_POINT('',(-17.366262701,9.543480168,-0.));
#4085=CARTESIAN_POINT('',(-18.190672613,12.662577389,3.89228885));
#4086=CARTESIAN_POINT('',(-18.237457076,12.714145566,3.668783769));
#4087=CARTESIAN_POINT('',(-18.266581142,12.746247543,3.4371029));
#4088=CARTESIAN_POINT('',(-18.287925425,12.769774178,2.969982766));
#4089=CARTESIAN_POINT('',(-18.280144576,12.761197662,2.734566821));
#4090=CARTESIAN_POINT('',(-18.228099837,12.70383115,2.272819379));
#4091=CARTESIAN_POINT('',(-18.183838545,12.655044018,2.046510933));
#4092=CARTESIAN_POINT('',(-18.061243974,12.519913866,1.615325749));
#4093=CARTESIAN_POINT('',(-17.982916816,12.433577592,1.410470537));
#4094=CARTESIAN_POINT('',(-17.796460287,12.228055519,1.033369921));
#4095=CARTESIAN_POINT('',(-17.688340225,12.108879982,0.861143345));
#4096=CARTESIAN_POINT('',(-17.448193451,11.844177776,0.55869915));
#4097=CARTESIAN_POINT('',(-17.316178729,11.698664323,0.428496631));
#4098=CARTESIAN_POINT('',(-17.035442372,11.389222203,0.217207998));
#4099=CARTESIAN_POINT('',(-16.886734753,11.225308985,0.136132432));
#4100=CARTESIAN_POINT('',(-16.580723743,10.888007852,0.027525722));
#4101=CARTESIAN_POINT('',(-16.423435631,10.714636776,-0.));
#4102=CARTESIAN_POINT('',(-16.266139665,10.541257044,-0.));
#4103=CARTESIAN_POINT('',(-16.717659896,14.000982452,3.889195015));
#4104=CARTESIAN_POINT('',(-16.764274243,14.052325054,3.66574388));
#4105=CARTESIAN_POINT('',(-16.793235557,14.084224011,3.434154746));
#4106=CARTESIAN_POINT('',(-16.814279704,14.107402726,2.967274283));
#4107=CARTESIAN_POINT('',(-16.806361488,14.09868133,2.73200621));
#4108=CARTESIAN_POINT('',(-16.754074389,14.041090547,2.270587925));
#4109=CARTESIAN_POINT('',(-16.70970811,13.992224029,2.044460698));
#4110=CARTESIAN_POINT('',(-16.586938896,13.857001877,1.613647328));
#4111=CARTESIAN_POINT('',(-16.508542077,13.770652979,1.408982645));
#4112=CARTESIAN_POINT('',(-16.321980458,13.56516773,1.032249261));
#4113=CARTESIAN_POINT('',(-16.213824952,13.446041614,0.860199325));
#4114=CARTESIAN_POINT('',(-15.973636694,13.181490184,0.558074172));
#4115=CARTESIAN_POINT('',(-15.841615907,13.036078047,0.428014004));
#4116=CARTESIAN_POINT('',(-15.560888898,12.726875874,0.216959916));
#4117=CARTESIAN_POINT('',(-15.412196658,12.563101239,0.13597651));
#4118=CARTESIAN_POINT('',(-15.106227745,12.226096786,0.02749385));
#4119=CARTESIAN_POINT('',(-14.948966311,12.052883753,-0.));
#4120=CARTESIAN_POINT('',(-14.791697044,11.879662093,-0.));
#4121=CARTESIAN_POINT('',(-16.343330418,14.341200167,3.888409638));
#4122=CARTESIAN_POINT('',(-16.389901576,14.392485548,3.664972229));
#4123=CARTESIAN_POINT('',(-16.418821576,14.424333007,3.433406407));
#4124=CARTESIAN_POINT('',(-16.439789545,14.447423473,2.966586821));
#4125=CARTESIAN_POINT('',(-16.43183647,14.43866533,2.731356296));
#4126=CARTESIAN_POINT('',(-16.379487879,14.381017665,2.270021581));
#4127=CARTESIAN_POINT('',(-16.335094969,14.332131013,2.043940356));
#4128=CARTESIAN_POINT('',(-16.212281468,14.196885531,1.613221366));
#4129=CARTESIAN_POINT('',(-16.133866992,14.110533433,1.408605042));
#4130=CARTESIAN_POINT('',(-15.947278755,13.905057528,1.031964862));
#4131=CARTESIAN_POINT('',(-15.839114282,13.785943949,0.859959756));
#4132=CARTESIAN_POINT('',(-15.598915558,13.521430763,0.557915571));
#4133=CARTESIAN_POINT('',(-15.466893266,13.376044324,0.427891528));
#4134=CARTESIAN_POINT('',(-15.186168699,13.06690301,0.216896962));
#4135=CARTESIAN_POINT('',(-15.0374804,12.903163525,0.135936942));
#4136=CARTESIAN_POINT('',(-14.731522245,12.56623432,0.027485762));
#4137=CARTESIAN_POINT('',(-14.574267621,12.393061372,-0.));
#4138=CARTESIAN_POINT('',(-14.417005168,12.219879802,-0.));
#4139=CARTESIAN_POINT('',(-15.969047572,14.681470333,3.887625221));
#4140=CARTESIAN_POINT('',(-16.015575587,14.732698605,3.664201553));
#4141=CARTESIAN_POINT('',(-16.044454324,14.76449467,3.432659038));
#4142=CARTESIAN_POINT('',(-16.065346221,14.787497065,2.965900291));
#4143=CARTESIAN_POINT('',(-16.057358342,14.778702251,2.73070728));
#4144=CARTESIAN_POINT('',(-16.004948366,14.720997823,2.269456044));
#4145=CARTESIAN_POINT('',(-15.960528877,14.672091081,2.043420766));
#4146=CARTESIAN_POINT('',(-15.837671191,14.53682232,1.612796033));
#4147=CARTESIAN_POINT('',(-15.759239106,14.450467031,1.408228001));
#4148=CARTESIAN_POINT('',(-15.572624338,14.245000454,1.031680894));
#4149=CARTESIAN_POINT('',(-15.464450941,14.125899387,0.859720552));
#4150=CARTESIAN_POINT('',(-15.22424183,13.861424369,0.557757214));
#4151=CARTESIAN_POINT('',(-15.092218067,13.716063575,0.427769241));
#4152=CARTESIAN_POINT('',(-14.811496009,13.406982996,0.216834105));
#4153=CARTESIAN_POINT('',(-14.662811681,13.243278588,0.135897436));
#4154=CARTESIAN_POINT('',(-14.356864344,12.906424473,0.027477686));
#4155=CARTESIAN_POINT('',(-14.199616557,12.733291525,-0.));
#4156=CARTESIAN_POINT('',(-14.042360946,12.560149964,-0.));
#4157=B_SPLINE_SURFACE_WITH_KNOTS('',3,3,((#4049,#4050,#4051,#4052,#4053,#4054,#4055,#4056,#4057,#4058,#4059,#4060,#4061,#4062,#4063,#4064,#4065,#4066),(#4067,#4068,#4069,#4070,#4071,#4072,#4073,#4074,#4075,#4076,#4077,#4078,#4079,#4080,#4081,#4082,#4083,#4084),(#4085,#4086,#4087,#4088,#4089,#4090,#4091,#4092,#4093,#4094,#4095,#4096,#4097,#4098,#4099,#4100,#4101,#4102),(#4103,#4104,#4105,#4106,#4107,#4108,#4109,#4110,#4111,#4112,#4113,#4114,#4115,#4116,#4117,#4118,#4119,#4120),(#4121,#4122,#4123,#4124,#4125,#4126,#4127,#4128,#4129,#4130,#4131,#4132,#4133,#4134,#4135,#4136,#4137,#4138),(#4139,#4140,#4141,#4142,#4143,#4144,#4145,#4146,#4147,#4148,#4149,#4150,#4151,#4152,#4153,#4154,#4155,#4156)),.UNSPECIFIED.,.F.,.F.,.U.,(4,2,4),(4,2,2,2,2,2,2,2,4),(0.008918653,0.013374264,0.014892578),(0.,0.125,0.25,0.375,0.5,0.625,0.75,0.875,1.),.UNSPECIFIED.);
#4158=ORIENTED_EDGE('',*,*,#3696,.F.);
#4159=ORIENTED_EDGE('',*,*,#1471,.F.);
#4160=CARTESIAN_POINT('',(-15.008877394,11.682525284,0.));
#4161=CARTESIAN_POINT('',(-15.082734769,11.873763259,0.000000839));
#4162=CARTESIAN_POINT('',(-15.155774514,12.062881826,0.018138889));
#4163=CARTESIAN_POINT('',(-15.227901092,12.249628719,0.054088648));
#4164=CARTESIAN_POINT('',(-15.30002767,12.436375613,0.090038407));
#4165=CARTESIAN_POINT('',(-15.371736498,12.622035179,0.144509612));
#4166=CARTESIAN_POINT('',(-15.440229035,12.799362602,0.215637523));
#4167=CARTESIAN_POINT('',(-15.508721572,12.976690026,0.286765433));
#4168=CARTESIAN_POINT('',(-15.574493336,13.146968341,0.37454561));
#4169=CARTESIAN_POINT('',(-15.637419913,13.309876631,0.479736602));
#4170=CARTESIAN_POINT('',(-15.668883202,13.391330776,0.532332098));
#4171=CARTESIAN_POINT('',(-15.699716923,13.471153985,0.589540815));
#4172=CARTESIAN_POINT('',(-15.729216899,13.547523451,0.650152806));
#4173=CARTESIAN_POINT('',(-15.758716874,13.623892918,0.710764796));
#4174=CARTESIAN_POINT('',(-15.787025582,13.697177506,0.774982128));
#4175=CARTESIAN_POINT('',(-15.814138806,13.767366516,0.842817338));
#4176=CARTESIAN_POINT('',(-15.84125203,13.837555526,0.910652547));
#4177=CARTESIAN_POINT('',(-15.867169975,13.90464949,0.982105014));
#4178=CARTESIAN_POINT('',(-15.891853194,13.96854649,1.057293885));
#4179=CARTESIAN_POINT('',(-15.916536413,14.03244349,1.132482756));
#4180=CARTESIAN_POINT('',(-15.940102001,14.093446644,1.211869215));
#4181=CARTESIAN_POINT('',(-15.962019576,14.150183176,1.293933024));
#4182=CARTESIAN_POINT('',(-16.005854725,14.263656242,1.45806064));
#4183=CARTESIAN_POINT('',(-16.043131381,14.360149776,1.632285275));
#4184=CARTESIAN_POINT('',(-16.073724381,14.439341361,1.816798782));
#4185=CARTESIAN_POINT('',(-16.104317381,14.518532945,2.001312289));
#4186=CARTESIAN_POINT('',(-16.128155657,14.580238607,2.197473032));
#4187=CARTESIAN_POINT('',(-16.143883143,14.620949245,2.395297901));
#4188=CARTESIAN_POINT('',(-16.159610629,14.661659882,2.59312277));
#4189=CARTESIAN_POINT('',(-16.167671507,14.682525284,2.794627084));
#4190=CARTESIAN_POINT('',(-16.167671507,14.682525284,3.));
#4191=B_SPLINE_CURVE_WITH_KNOTS('',3,(#4160,#4161,#4162,#4163,#4164,#4165,#4166,#4167,#4168,#4169,#4170,#4171,#4172,#4173,#4174,#4175,#4176,#4177,#4178,#4179,#4180,#4181,#4182,#4183,#4184,#4185,
#4186,#4187,#4188,#4189,#4190),.UNSPECIFIED.,.F.,.F.,(4,3,3,3,3,3,3,3,3,3,4),(0.,0.000607106,0.001214212,0.001821318,0.002124871,0.002428424,0.002731976,0.003035529,0.003642635,0.004249741,0.004856847),.UNSPECIFIED.);
#4192=EDGE_CURVE('',#1735,#1454,#4191,.T.);
#4193=ORIENTED_EDGE('',*,*,#4192,.F.);
#4194=ORIENTED_EDGE('',*,*,#1741,.F.);
#4195=ORIENTED_EDGE('',*,*,#3850,.T.);
#4196=EDGE_LOOP('',(#4158,#4159,#4193,#4194,#4195));
#4197=FACE_BOUND('',#4196,.T.);
#4198=ADVANCED_FACE('',(#4197),#4157,.T.);
#4199=CARTESIAN_POINT('',(0.,-56.909974716,3.));
#4200=DIRECTION('',(-1.,0.,0.));
#4201=DIRECTION('',(0.,0.,1.));
#4202=AXIS2_PLACEMENT_3D('',#4199,#4200,#4201);
#4203=CYLINDRICAL_SURFACE('',#4202,3.);
#4204=ORIENTED_EDGE('',*,*,#4042,.T.);
#4205=ORIENTED_EDGE('',*,*,#1715,.F.);
#4206=CARTESIAN_POINT('',(206.757359313,-56.909974716,3.));
#4207=DIRECTION('',(0.923879533,0.382683432,-0.));
#4208=DIRECTION('',(0.382683432,-0.923879533,0.));
#4209=AXIS2_PLACEMENT_3D('',#4206,#4207,#4208);
#4210=ELLIPSE('',#4209,3.247176601,3.);
#4211=EDGE_CURVE('',#51,#1702,#4210,.T.);
#4212=ORIENTED_EDGE('',*,*,#4211,.F.);
#4213=ORIENTED_EDGE('',*,*,#936,.F.);
#4214=EDGE_LOOP('',(#4204,#4205,#4212,#4213));
#4215=FACE_BOUND('',#4214,.T.);
#4216=ADVANCED_FACE('',(#4215),#4203,.T.);
#4217=CARTESIAN_POINT('',(-10.,11.682525284,3.));
#4218=DIRECTION('',(1.,0.,0.));
#4219=DIRECTION('',(0.,0.,-1.));
#4220=AXIS2_PLACEMENT_3D('',#4217,#4218,#4219);
#4221=CYLINDRICAL_SURFACE('',#4220,3.);
#4222=ORIENTED_EDGE('',*,*,#4192,.T.);
#4223=ORIENTED_EDGE('',*,*,#1459,.F.);
#4224=CARTESIAN_POINT('',(206.757359313,11.682525284,3.));
#4225=DIRECTION('',(0.923879533,-0.382683432,0.));
#4226=DIRECTION('',(0.382683432,0.923879533,0.));
#4227=AXIS2_PLACEMENT_3D('',#4224,#4225,#4226);
#4228=ELLIPSE('',#4227,3.247176601,3.);
#4229=EDGE_CURVE('',#1684,#1446,#4228,.T.);
#4230=ORIENTED_EDGE('',*,*,#4229,.F.);
#4231=ORIENTED_EDGE('',*,*,#1747,.F.);
#4232=EDGE_LOOP('',(#4222,#4223,#4230,#4231));
#4233=FACE_BOUND('',#4232,.T.);
#4234=ADVANCED_FACE('',(#4233),#4221,.T.);
#4235=CARTESIAN_POINT('',(41.333667014,-222.333667014,3.));
#4236=DIRECTION('',(-0.707106781,-0.707106781,0.));
#4237=DIRECTION('',(0.707106781,-0.707106781,0.));
#4238=AXIS2_PLACEMENT_3D('',#4235,#4236,#4237);
#4239=CYLINDRICAL_SURFACE('',#4238,3.);
#4240=ORIENTED_EDGE('',*,*,#4211,.T.);
#4241=ORIENTED_EDGE('',*,*,#1707,.F.);
#4242=CARTESIAN_POINT('',(210.,-53.667334028,3.));
#4243=DIRECTION('',(0.382683432,0.923879533,-0.));
#4244=DIRECTION('',(0.923879533,-0.382683432,0.));
#4245=AXIS2_PLACEMENT_3D('',#4242,#4243,#4244);
#4246=ELLIPSE('',#4245,3.247176601,3.);
#4247=EDGE_CURVE('',#59,#1694,#4246,.T.);
#4248=ORIENTED_EDGE('',*,*,#4247,.F.);
#4249=ORIENTED_EDGE('',*,*,#64,.F.);
#4250=EDGE_LOOP('',(#4240,#4241,#4248,#4249));
#4251=FACE_BOUND('',#4250,.T.);
#4252=ADVANCED_FACE('',(#4251),#4239,.T.);
#4253=CARTESIAN_POINT('',(188.719942299,29.719942299,3.));
#4254=DIRECTION('',(-0.707106781,0.707106781,0.));
#4255=DIRECTION('',(-0.707106781,-0.707106781,0.));
#4256=AXIS2_PLACEMENT_3D('',#4253,#4254,#4255);
#4257=CYLINDRICAL_SURFACE('',#4256,3.);
#4258=ORIENTED_EDGE('',*,*,#4229,.T.);
#4259=ORIENTED_EDGE('',*,*,#3460,.F.);
#4260=CARTESIAN_POINT('',(210.,8.439884597,3.));
#4261=DIRECTION('',(0.382683432,-0.923879533,0.));
#4262=DIRECTION('',(-0.923879533,-0.382683432,0.));
#4263=AXIS2_PLACEMENT_3D('',#4260,#4261,#4262);
#4264=ELLIPSE('',#4263,3.247176601,3.);
#4265=EDGE_CURVE('',#1686,#956,#4264,.T.);
#4266=ORIENTED_EDGE('',*,*,#4265,.F.);
#4267=ORIENTED_EDGE('',*,*,#1691,.F.);
#4268=EDGE_LOOP('',(#4258,#4259,#4266,#4267));
#4269=FACE_BOUND('',#4268,.T.);
#4270=ADVANCED_FACE('',(#4269),#4257,.T.);
#4271=CARTESIAN_POINT('',(210.,-170.,3.));
#4272=DIRECTION('',(0.,-1.,0.));
#4273=DIRECTION('',(0.,0.,-1.));
#4274=AXIS2_PLACEMENT_3D('',#4271,#4272,#4273);
#4275=CYLINDRICAL_SURFACE('',#4274,3.);
#4276=ORIENTED_EDGE('',*,*,#4247,.T.);
#4277=ORIENTED_EDGE('',*,*,#1699,.F.);
#4278=ORIENTED_EDGE('',*,*,#4265,.T.);
#4279=ORIENTED_EDGE('',*,*,#961,.F.);
#4280=EDGE_LOOP('',(#4276,#4277,#4278,#4279));
#4281=FACE_BOUND('',#4280,.T.);
#4282=ADVANCED_FACE('',(#4281),#4275,.T.);
#4283=CARTESIAN_POINT('',(1418.261611787,-170.,-1482.525908293));
#4284=DIRECTION('',(0.,1.,0.));
#4285=DIRECTION('',(0.,-0.,1.));
#4286=AXIS2_PLACEMENT_3D('',#4283,#4284,#4285);
#4287=CYLINDRICAL_SURFACE('',#4286,2000.);
#4288=ORIENTED_EDGE('',*,*,#1666,.F.);
#4289=CARTESIAN_POINT('',(1418.261611787,-4.317474716,-1482.525908293));
#4290=DIRECTION('',(0.,1.,0.));
#4291=DIRECTION('',(0.,-0.,1.));
#4292=AXIS2_PLACEMENT_3D('',#4289,#4290,#4291);
#4293=CIRCLE('',#4292,2000.);
#4294=EDGE_CURVE('',#1652,#1332,#4293,.T.);
#4295=ORIENTED_EDGE('',*,*,#4294,.T.);
#4296=ORIENTED_EDGE('',*,*,#1337,.F.);
#4297=CARTESIAN_POINT('',(1418.261611787,12.682525284,-1482.525908293));
#4298=DIRECTION('',(0.,-1.,0.));
#4299=DIRECTION('',(0.,0.,-1.));
#4300=AXIS2_PLACEMENT_3D('',#4297,#4298,#4299);
#4301=CIRCLE('',#4300,2000.);
#4302=EDGE_CURVE('',#1330,#1661,#4301,.T.);
#4303=ORIENTED_EDGE('',*,*,#4302,.T.);
#4304=EDGE_LOOP('',(#4288,#4295,#4296,#4303));
#4305=FACE_BOUND('',#4304,.T.);
#4306=ADVANCED_FACE('',(#4305),#4287,.T.);
#4307=CARTESIAN_POINT('',(24.769175536,12.682525284,200.));
#4308=DIRECTION('',(-0.5,-0.707106781,-0.5));
#4309=DIRECTION('',(-0.707106781,0.,0.707106781));
#4310=AXIS2_PLACEMENT_3D('',#4307,#4308,#4309);
#4311=PLANE('',#4310);
#4312=ORIENTED_EDGE('',*,*,#2973,.F.);
#4313=ORIENTED_EDGE('',*,*,#3031,.F.);
#4314=CARTESIAN_POINT('',(42.769175536,14.682525284,179.171572875));
#4315=DIRECTION('',(0.678598345,-0.678598345,0.281084638));
#4316=VECTOR('',#4315,2.947251516);
#4317=LINE('',#4314,#4316);
#4318=EDGE_CURVE('',#1494,#2661,#4317,.T.);
#4319=ORIENTED_EDGE('',*,*,#4318,.F.);
#4320=ORIENTED_EDGE('',*,*,#1499,.F.);
#4321=EDGE_LOOP('',(#4312,#4313,#4319,#4320));
#4322=FACE_BOUND('',#4321,.T.);
#4323=ADVANCED_FACE('',(#4322),#4311,.F.);
#4324=CARTESIAN_POINT('',(44.769175536,12.682525284,160.132704448));
#4325=DIRECTION('',(0.707106781,0.707106781,0.));
#4326=DIRECTION('',(0.,0.,-1.));
#4327=AXIS2_PLACEMENT_3D('',#4324,#4325,#4326);
#4328=PLANE('',#4327);
#4329=ORIENTED_EDGE('',*,*,#4318,.T.);
#4330=ORIENTED_EDGE('',*,*,#2681,.F.);
#4331=CARTESIAN_POINT('',(42.769175536,14.682525284,120.265408896));
#4332=DIRECTION('',(0.707106781,-0.707106781,0.));
#4333=VECTOR('',#4332,2.828427125);
#4334=LINE('',#4331,#4333);
#4335=EDGE_CURVE('',#1427,#1635,#4334,.T.);
#4336=ORIENTED_EDGE('',*,*,#4335,.F.);
#4337=ORIENTED_EDGE('',*,*,#1505,.F.);
#4338=EDGE_LOOP('',(#4329,#4330,#4336,#4337));
#4339=FACE_BOUND('',#4338,.T.);
#4340=ADVANCED_FACE('',(#4339),#4328,.T.);
#4341=CARTESIAN_POINT('',(112.269175536,12.682525284,120.265408896));
#4342=DIRECTION('',(0.,1.,0.));
#4343=DIRECTION('',(0.,-0.,1.));
#4344=AXIS2_PLACEMENT_3D('',#4341,#4342,#4343);
#4345=CONICAL_SURFACE('',#4344,67.5,45.);
#4346=ORIENTED_EDGE('',*,*,#4335,.T.);
#4347=ORIENTED_EDGE('',*,*,#1673,.F.);
#4348=CARTESIAN_POINT('',(156.170738739,14.682525284,66.386816224));
#4349=DIRECTION('',(-0.446663171,-0.707106781,0.548171517));
#4350=VECTOR('',#4349,2.828427125);
#4351=LINE('',#4348,#4350);
#4352=EDGE_CURVE('',#1429,#1661,#4351,.T.);
#4353=ORIENTED_EDGE('',*,*,#4352,.F.);
#4354=ORIENTED_EDGE('',*,*,#1435,.F.);
#4355=EDGE_LOOP('',(#4346,#4347,#4353,#4354));
#4356=FACE_BOUND('',#4355,.T.);
#4357=ADVANCED_FACE('',(#4356),#4345,.F.);
#4358=CARTESIAN_POINT('',(1418.261611787,14.682525284,-1482.525908293));
#4359=DIRECTION('',(0.,-1.,0.));
#4360=DIRECTION('',(0.,0.,-1.));
#4361=AXIS2_PLACEMENT_3D('',#4358,#4359,#4360);
#4362=CONICAL_SURFACE('',#4361,1998.,45.);
#4363=ORIENTED_EDGE('',*,*,#4352,.T.);
#4364=ORIENTED_EDGE('',*,*,#4302,.F.);
#4365=ORIENTED_EDGE('',*,*,#1352,.F.);
#4366=ORIENTED_EDGE('',*,*,#1297,.F.);
#4367=ORIENTED_EDGE('',*,*,#1377,.F.);
#4368=ORIENTED_EDGE('',*,*,#1442,.F.);
#4369=EDGE_LOOP('',(#4363,#4364,#4365,#4366,#4367,#4368));
#4370=FACE_BOUND('',#4369,.T.);
#4371=ADVANCED_FACE('',(#4370),#4362,.T.);
#4372=CARTESIAN_POINT('',(1418.261611787,-6.317474716,-1482.525908293));
#4373=DIRECTION('',(0.,1.,0.));
#4374=DIRECTION('',(0.,-0.,1.));
#4375=AXIS2_PLACEMENT_3D('',#4372,#4373,#4374);
#4376=CONICAL_SURFACE('',#4375,1998.,45.);
#4377=ORIENTED_EDGE('',*,*,#1344,.F.);
#4378=ORIENTED_EDGE('',*,*,#4294,.F.);
#4379=CARTESIAN_POINT('',(156.170738852,-6.317474716,66.386816316));
#4380=DIRECTION('',(-0.44666321,0.707106781,0.548171485));
#4381=VECTOR('',#4380,2.828427125);
#4382=LINE('',#4379,#4381);
#4383=EDGE_CURVE('',#1600,#1652,#4382,.T.);
#4384=ORIENTED_EDGE('',*,*,#4383,.F.);
#4385=ORIENTED_EDGE('',*,*,#1606,.F.);
#4386=ORIENTED_EDGE('',*,*,#1402,.F.);
#4387=ORIENTED_EDGE('',*,*,#1266,.F.);
#4388=EDGE_LOOP('',(#4377,#4378,#4384,#4385,#4386,#4387));
#4389=FACE_BOUND('',#4388,.T.);
#4390=ADVANCED_FACE('',(#4389),#4376,.T.);
#4391=CARTESIAN_POINT('',(112.269175536,-4.317474716,120.265408896));
#4392=DIRECTION('',(0.,-1.,0.));
#4393=DIRECTION('',(0.,0.,-1.));
#4394=AXIS2_PLACEMENT_3D('',#4391,#4392,#4393);
#4395=CONICAL_SURFACE('',#4394,67.5,45.);
#4396=CARTESIAN_POINT('',(112.269175536,-6.317474716,50.765408896));
#4397=DIRECTION('',(-0.,0.707106781,0.707106781));
#4398=VECTOR('',#4397,2.828427125);
#4399=LINE('',#4396,#4398);
#4400=EDGE_CURVE('',#1609,#1643,#4399,.T.);
#4401=ORIENTED_EDGE('',*,*,#4400,.F.);
#4402=ORIENTED_EDGE('',*,*,#1615,.F.);
#4403=ORIENTED_EDGE('',*,*,#4383,.T.);
#4404=ORIENTED_EDGE('',*,*,#1658,.F.);
#4405=EDGE_LOOP('',(#4401,#4402,#4403,#4404));
#4406=FACE_BOUND('',#4405,.T.);
#4407=ADVANCED_FACE('',(#4406),#4395,.F.);
#4408=CARTESIAN_POINT('',(42.769175536,-6.317474716,51.765408896));
#4409=DIRECTION('',(0.707106781,-0.707106781,0.));
#4410=DIRECTION('',(0.,-0.,-1.));
#4411=AXIS2_PLACEMENT_3D('',#4408,#4409,#4410);
#4412=PLANE('',#4411);
#4413=CARTESIAN_POINT('',(42.769175536,-6.317474716,120.265408896));
#4414=DIRECTION('',(0.707106781,0.707106781,0.));
#4415=VECTOR('',#4414,2.828427125);
#4416=LINE('',#4413,#4415);
#4417=EDGE_CURVE('',#1516,#1633,#4416,.T.);
#4418=ORIENTED_EDGE('',*,*,#4417,.T.);
#4419=ORIENTED_EDGE('',*,*,#2674,.F.);
#4420=CARTESIAN_POINT('',(42.769175536,-6.317474716,179.171572875));
#4421=DIRECTION('',(0.678598345,0.678598345,0.281084638));
#4422=VECTOR('',#4421,2.947251516);
#4423=LINE('',#4420,#4422);
#4424=EDGE_CURVE('',#1518,#2663,#4423,.T.);
#4425=ORIENTED_EDGE('',*,*,#4424,.F.);
#4426=ORIENTED_EDGE('',*,*,#1523,.F.);
#4427=EDGE_LOOP('',(#4418,#4419,#4425,#4426));
#4428=FACE_BOUND('',#4427,.T.);
#4429=ADVANCED_FACE('',(#4428),#4412,.T.);
#4430=CARTESIAN_POINT('',(106.972257526,-6.317474716,114.968490886));
#4431=DIRECTION('',(-0.5,0.707106781,-0.5));
#4432=DIRECTION('',(-0.707106781,0.,0.707106781));
#4433=AXIS2_PLACEMENT_3D('',#4430,#4431,#4432);
#4434=PLANE('',#4433);
#4435=ORIENTED_EDGE('',*,*,#4424,.T.);
#4436=ORIENTED_EDGE('',*,*,#3024,.F.);
#4437=ORIENTED_EDGE('',*,*,#3065,.F.);
#4438=ORIENTED_EDGE('',*,*,#1531,.F.);
#4439=EDGE_LOOP('',(#4435,#4436,#4437,#4438));
#4440=FACE_BOUND('',#4439,.T.);
#4441=ADVANCED_FACE('',(#4440),#4434,.F.);
#4442=CARTESIAN_POINT('',(112.269175536,-39.766002853,120.265408896));
#4443=DIRECTION('',(-0.,-1.,-0.));
#4444=DIRECTION('',(0.,0.,-1.));
#4445=AXIS2_PLACEMENT_3D('',#4442,#4443,#4444);
#4446=TOROIDAL_SURFACE('',#4445,84.6,0.1);
#4447=ORIENTED_EDGE('',*,*,#2600,.F.);
#4448=ORIENTED_EDGE('',*,*,#2547,.F.);
#4449=ORIENTED_EDGE('',*,*,#2649,.F.);
#4450=ORIENTED_EDGE('',*,*,#1114,.F.);
#4451=EDGE_LOOP('',(#4447,#4448,#4449,#4450));
#4452=FACE_BOUND('',#4451,.T.);
#4453=ADVANCED_FACE('',(#4452),#4446,.T.);
#4454=CARTESIAN_POINT('',(112.269175536,-52.960227247,120.265408896));
#4455=DIRECTION('',(0.,-1.,0.));
#4456=DIRECTION('',(0.,0.,-1.));
#4457=AXIS2_PLACEMENT_3D('',#4454,#4455,#4456);
#4458=CONICAL_SURFACE('',#4457,89.449747468,45.);
#4459=ORIENTED_EDGE('',*,*,#3423,.T.);
#4460=ORIENTED_EDGE('',*,*,#1051,.F.);
#4461=ORIENTED_EDGE('',*,*,#3408,.T.);
#4462=ORIENTED_EDGE('',*,*,#890,.F.);
#4463=EDGE_LOOP('',(#4459,#4460,#4461,#4462));
#4464=FACE_BOUND('',#4463,.T.);
#4465=ADVANCED_FACE('',(#4464),#4458,.F.);
#4466=CARTESIAN_POINT('',(112.269175536,-4.317474716,120.265408896));
#4467=DIRECTION('',(0.,-1.,0.));
#4468=DIRECTION('',(0.,0.,-1.));
#4469=AXIS2_PLACEMENT_3D('',#4466,#4467,#4468);
#4470=CONICAL_SURFACE('',#4469,67.5,45.);
#4471=ORIENTED_EDGE('',*,*,#4400,.T.);
#4472=ORIENTED_EDGE('',*,*,#1649,.F.);
#4473=ORIENTED_EDGE('',*,*,#4417,.F.);
#4474=ORIENTED_EDGE('',*,*,#1622,.F.);
#4475=EDGE_LOOP('',(#4471,#4472,#4473,#4474));
#4476=FACE_BOUND('',#4475,.T.);
#4477=ADVANCED_FACE('',(#4476),#4470,.F.);
#4478=CLOSED_SHELL('',(#74,#138,#858,#940,#1028,#1133,#1156,#1192,#1217,#1243,#1301,#1323,#1356,#1388,#1420,#1509,#1626,#1677,#1751,#1773,#1800,#1871,#1994,#2253,#2291,#2531,
#2588,#2631,#2654,#2685,#2765,#2790,#2825,#2856,#2934,#2955,#2985,#3006,#3037,#3054,#3073,#3141,#3170,#3208,#3238,#3288,#3326,#3394,#3413,#3431,#3449,
#3467,#3542,#3582,#3596,#3710,#3806,#3898,#4048,#4198,#4216,#4234,#4252,#4270,#4282,#4306,#4323,#4340,#4357,#4371,#4390,#4407,#4429,#4441,#4453,#4465,
#4477));
#4479=MANIFOLD_SOLID_BREP('Body 94',#4478);
#4480=COLOUR_RGB('',0.494117647,0.494117647,0.525490224);
#4481=FILL_AREA_STYLE_COLOUR('',#4480);
#4482=FILL_AREA_STYLE('',(#4481));
#4483=SURFACE_STYLE_FILL_AREA(#4482);
#4484=SURFACE_SIDE_STYLE('',(#4483));
#4485=SURFACE_STYLE_USAGE(.BOTH.,#4484);
#4486=PRESENTATION_STYLE_ASSIGNMENT((#4485));
#26=STYLED_ITEM('',(#4486),#4479);
#16=SHAPE_REPRESENTATION('root',(#15),#10);
#17=ADVANCED_BREP_SHAPE_REPRESENTATION('root',(#4479),#10);
#4494=SHAPE_REPRESENTATION_RELATIONSHIP('','',#16,#17);
#4495=CARTESIAN_POINT('',(0.,0.,0.));
#4496=DIRECTION('',(0.,0.,1.));
#4497=DIRECTION('',(1.,0.,0.));
#4498=AXIS2_PLACEMENT_3D('',#4495,#4496,#4497);
#4500=MAPPED_ITEM('',#4499,#4498);
#4499=REPRESENTATION_MAP(#4498,#16);
#4501=APPLICATION_CONTEXT('Managed model based 3d engineering');
#4502=APPLICATION_PROTOCOL_DEFINITION('international standard','ap242_managed_model_based_3d_engineering',2014,#4501);
#4503=PRODUCT_CONTEXT('',#4501,'mechanical');
#4504=PRODUCT_DEFINITION_CONTEXT('part definition',#4501,'design');
#24=PRODUCT('root','root','',(#4503));
#4505=PRODUCT_RELATED_PRODUCT_CATEGORY('part','',(#24));
#4506=PRODUCT_DEFINITION_FORMATION_WITH_SPECIFIED_SOURCE('','',#24,.NOT_KNOWN.);
#25=PRODUCT_DEFINITION('design','',#4506,#4504);
#23=PRODUCT_DEFINITION_SHAPE('','',#25);
#4507=SHAPE_DEFINITION_REPRESENTATION(#23,#16);
#11=DRAUGHTING_MODEL('',(#4500),#10);
#4508=DESCRIPTIVE_REPRESENTATION_ITEM('KEY','/private/var/mobile/Containers/Data/Application/F774EA9C-B535-4942-AD9E-532FBD181A1A/tmp/5506B9F3-6789-4FAF-82C6-88D1FF411C3E.tmp');
#4509=PROPERTY_DEFINITION('KEY','',#25);
#4510=REPRESENTATION('',(#4508),#10);
#4511=PROPERTY_DEFINITION_REPRESENTATION(#4509,#4510);
#4512=GENERAL_PROPERTY('','KEY','');
#4513=GENERAL_PROPERTY_ASSOCIATION('','',#4512,#4509);
#1=MECHANICAL_DESIGN_GEOMETRIC_PRESENTATION_REPRESENTATION('',(#866,#1774,#1801,#1872,#1995,#2292,#2532,#2589,#2826,#26),#10);
ENDSEC;
END-ISO-10303-21;
